File Name,Net Site EUI (kWh/m2),Net Site Energy (kWh),Net Source EUI (kWh/m2),Net Source Energy (kWh)
CZ01/Asm&0&cDXGF&Ex&HV_AirDist/NE-HV_AirDist-SupFanMtr-cDXGF-2SpClgHtg-Cnst/instance-out.sql,142.38,899579.72,333.04,2104183.33
CZ01/Asm&0&cDXGF&Ex&HV_AirDist/NE-HV_AirDist-SupFanMtr-cDXGF-2SpClgHtg-VFDStdMtr/instance-out.sql,114.44,723042.33,253.99,1604704.76
CZ01/Asm&0&cDXGF&Ex&HV_AirDist/NE-HV_AirDist-SupFanMtr-cDXGF-2SpClgHtg-SRM/instance-out.sql,114.23,721683.34,251.31,1587810.09
CZ01/ECC&0&cDXGF&Ex&HV_AirDist/NE-HV_AirDist-SupFanMtr-cDXGF-2SpClgHtg-Cnst/instance-out.sql,97.61,2577025.54,262.36,6927027.94
CZ01/ECC&0&cDXGF&Ex&HV_AirDist/NE-HV_AirDist-SupFanMtr-cDXGF-2SpClgHtg-VFDStdMtr/instance-out.sql,89.19,2354955.17,226.88,5990179.76
CZ01/ECC&0&cDXGF&Ex&HV_AirDist/NE-HV_AirDist-SupFanMtr-cDXGF-2SpClgHtg-SRM/instance-out.sql,88.87,2346414.18,225.27,5947704.20
CZ01/EPr&0&cDXGF&Ex&HV_AirDist/NE-HV_AirDist-SupFanMtr-cDXGF-2SpClgHtg-Cnst/instance-out.sql,113.74,430541.58,258.68,979209.95
CZ01/EPr&0&cDXGF&Ex&HV_AirDist/NE-HV_AirDist-SupFanMtr-cDXGF-2SpClgHtg-VFDStdMtr/instance-out.sql,106.24,402164.74,224.72,850643.97
CZ01/EPr&0&cDXGF&Ex&HV_AirDist/NE-HV_AirDist-SupFanMtr-cDXGF-2SpClgHtg-SRM/instance-out.sql,106.06,401477.19,223.26,845140.41
CZ01/ERC&0&cDXGF&Ex&HV_AirDist/NE-HV_AirDist-SupFanMtr-cDXGF-2SpClgHtg-Cnst/instance-out.sql,83.05,22247.63,153.72,41181.86
CZ01/ERC&0&cDXGF&Ex&HV_AirDist/NE-HV_AirDist-SupFanMtr-cDXGF-2SpClgHtg-VFDStdMtr/instance-out.sql,80.53,21572.56,133.06,35646.92
CZ01/ERC&0&cDXGF&Ex&HV_AirDist/NE-HV_AirDist-SupFanMtr-cDXGF-2SpClgHtg-SRM/instance-out.sql,80.49,21561.98,132.09,35386.38
CZ01/ESe&0&cDXGF&Ex&HV_AirDist/NE-HV_AirDist-SupFanMtr-cDXGF-2SpClgHtg-Cnst/instance-out.sql,185.68,1283439.45,424.14,2931766.02
CZ01/ESe&0&cDXGF&Ex&HV_AirDist/NE-HV_AirDist-SupFanMtr-cDXGF-2SpClgHtg-VFDStdMtr/instance-out.sql,180.72,1249195.83,402.92,2785066.11
CZ01/ESe&0&cDXGF&Ex&HV_AirDist/NE-HV_AirDist-SupFanMtr-cDXGF-2SpClgHtg-SRM/instance-out.sql,180.53,1247842.49,401.93,2778231.90
CZ01/EUn&0&cDXGF&Ex&HV_AirDist/NE-HV_AirDist-SupFanMtr-cDXGF-2SpClgHtg-Cnst/instance-out.sql,102.56,8172912.26,302.10,24074890.31
CZ01/EUn&0&cDXGF&Ex&HV_AirDist/NE-HV_AirDist-SupFanMtr-cDXGF-2SpClgHtg-VFDStdMtr/instance-out.sql,92.41,7363923.56,260.92,20793329.33
CZ01/EUn&0&cDXGF&Ex&HV_AirDist/NE-HV_AirDist-SupFanMtr-cDXGF-2SpClgHtg-SRM/instance-out.sql,91.97,7329178.77,258.96,20637161.47
CZ01/Gro&0&cDXGF&Ex&HV_AirDist/NE-HV_AirDist-SupFanMtr-cDXGF-2SpClgHtg-Cnst/instance-out.sql,411.38,1910812.98,1207.46,5608480.41
CZ01/Gro&0&cDXGF&Ex&HV_AirDist/NE-HV_AirDist-SupFanMtr-cDXGF-2SpClgHtg-VFDStdMtr/instance-out.sql,406.11,1886325.39,1147.01,5327707.74
CZ01/Gro&0&cDXGF&Ex&HV_AirDist/NE-HV_AirDist-SupFanMtr-cDXGF-2SpClgHtg-SRM/instance-out.sql,406.58,1888487.92,1145.91,5322620.03
CZ01/Hsp&0&cDXGF&Ex&HV_AirDist/NE-HV_AirDist-SupFanMtr-cDXGF-2SpClgHtg-Cnst/instance-out.sql,72.76,3339635.82,206.38,9472659.87
CZ01/Hsp&0&cDXGF&Ex&HV_AirDist/NE-HV_AirDist-SupFanMtr-cDXGF-2SpClgHtg-VFDStdMtr/instance-out.sql,69.31,3181135.70,192.95,8856153.99
CZ01/Hsp&0&cDXGF&Ex&HV_AirDist/NE-HV_AirDist-SupFanMtr-cDXGF-2SpClgHtg-SRM/instance-out.sql,69.16,3174483.70,192.35,8828689.42
CZ01/MBT&0&cDXGF&Ex&HV_AirDist/NE-HV_AirDist-SupFanMtr-cDXGF-2SpClgHtg-Cnst/instance-out.sql,221.77,8240121.77,423.28,15727480.94
CZ01/MBT&0&cDXGF&Ex&HV_AirDist/NE-HV_AirDist-SupFanMtr-cDXGF-2SpClgHtg-VFDStdMtr/instance-out.sql,218.51,8119051.59,407.63,15146030.17
CZ01/MBT&0&cDXGF&Ex&HV_AirDist/NE-HV_AirDist-SupFanMtr-cDXGF-2SpClgHtg-SRM/instance-out.sql,218.43,8115894.50,407.00,15122622.10
CZ01/MLI&0&cDXGF&Ex&HV_AirDist/NE-HV_AirDist-SupFanMtr-cDXGF-2SpClgHtg-Cnst/instance-out.sql,127.59,1185561.67,349.61,3248423.80
CZ01/MLI&0&cDXGF&Ex&HV_AirDist/NE-HV_AirDist-SupFanMtr-cDXGF-2SpClgHtg-VFDStdMtr/instance-out.sql,117.27,1089581.18,279.27,2594866.96
CZ01/MLI&0&cDXGF&Ex&HV_AirDist/NE-HV_AirDist-SupFanMtr-cDXGF-2SpClgHtg-SRM/instance-out.sql,117.05,1087624.52,276.40,2568182.89
CZ01/Mtl&0&cDXGF&Ex&HV_AirDist/NE-HV_AirDist-SupFanMtr-cDXGF-2SpClgHtg-Cnst/instance-out.sql,64.14,178694.82,171.71,478338.26
CZ01/Mtl&0&cDXGF&Ex&HV_AirDist/NE-HV_AirDist-SupFanMtr-cDXGF-2SpClgHtg-VFDStdMtr/instance-out.sql,58.25,162286.57,137.23,382296.16
CZ01/Mtl&0&cDXGF&Ex&HV_AirDist/NE-HV_AirDist-SupFanMtr-cDXGF-2SpClgHtg-SRM/instance-out.sql,58.06,161741.99,135.67,377949.97
CZ01/Nrs&0&cDXGF&Ex&HV_AirDist/NE-HV_AirDist-SupFanMtr-cDXGF-2SpClgHtg-Cnst/instance-out.sql,94.85,978079.72,242.07,2496250.40
CZ01/Nrs&0&cDXGF&Ex&HV_AirDist/NE-HV_AirDist-SupFanMtr-cDXGF-2SpClgHtg-VFDStdMtr/instance-out.sql,89.75,925517.32,221.16,2280647.13
CZ01/Nrs&0&cDXGF&Ex&HV_AirDist/NE-HV_AirDist-SupFanMtr-cDXGF-2SpClgHtg-SRM/instance-out.sql,89.57,923680.00,220.26,2271364.34
CZ01/OfL&0&cDXGF&Ex&HV_AirDist/NE-HV_AirDist-SupFanMtr-cDXGF-2SpClgHtg-Cnst/instance-out.sql,74.12,2409681.85,227.57,7397878.14
CZ01/OfL&0&cDXGF&Ex&HV_AirDist/NE-HV_AirDist-SupFanMtr-cDXGF-2SpClgHtg-VFDStdMtr/instance-out.sql,60.51,1967131.68,175.80,5714930.74
CZ01/OfL&0&cDXGF&Ex&HV_AirDist/NE-HV_AirDist-SupFanMtr-cDXGF-2SpClgHtg-SRM/instance-out.sql,59.94,1948633.47,173.40,5636896.43
CZ01/OfS&0&cDXGF&Ex&HV_AirDist/NE-HV_AirDist-SupFanMtr-cDXGF-2SpClgHtg-Cnst/instance-out.sql,77.46,143963.27,208.05,386659.61
CZ01/OfS&0&cDXGF&Ex&HV_AirDist/NE-HV_AirDist-SupFanMtr-cDXGF-2SpClgHtg-VFDStdMtr/instance-out.sql,65.44,121610.87,154.43,287014.11
CZ01/OfS&0&cDXGF&Ex&HV_AirDist/NE-HV_AirDist-SupFanMtr-cDXGF-2SpClgHtg-SRM/instance-out.sql,65.03,120848.61,152.12,282715.06
CZ01/RFF&0&cDXGF&Ex&HV_AirDist/NE-HV_AirDist-SupFanMtr-cDXGF-2SpClgHtg-Cnst/instance-out.sql,290.94,108012.25,621.01,230554.43
CZ01/RFF&0&cDXGF&Ex&HV_AirDist/NE-HV_AirDist-SupFanMtr-cDXGF-2SpClgHtg-VFDStdMtr/instance-out.sql,279.73,103852.02,559.33,207656.33
CZ01/RFF&0&cDXGF&Ex&HV_AirDist/NE-HV_AirDist-SupFanMtr-cDXGF-2SpClgHtg-SRM/instance-out.sql,279.38,103724.00,556.54,206618.89
CZ01/RSD&0&cDXGF&Ex&HV_AirDist/NE-HV_AirDist-SupFanMtr-cDXGF-2SpClgHtg-Cnst/instance-out.sql,244.02,254020.77,496.22,516559.23
CZ01/RSD&0&cDXGF&Ex&HV_AirDist/NE-HV_AirDist-SupFanMtr-cDXGF-2SpClgHtg-VFDStdMtr/instance-out.sql,241.44,251334.17,483.30,503109.82
CZ01/RSD&0&cDXGF&Ex&HV_AirDist/NE-HV_AirDist-SupFanMtr-cDXGF-2SpClgHtg-SRM/instance-out.sql,241.37,251265.31,482.78,502562.35
CZ01/Rt3&0&cDXGF&Ex&HV_AirDist/NE-HV_AirDist-SupFanMtr-cDXGF-2SpClgHtg-Cnst/instance-out.sql,90.67,2021600.23,271.94,6063410.58
CZ01/Rt3&0&cDXGF&Ex&HV_AirDist/NE-HV_AirDist-SupFanMtr-cDXGF-2SpClgHtg-VFDStdMtr/instance-out.sql,78.33,1746391.40,221.62,4941438.48
CZ01/Rt3&0&cDXGF&Ex&HV_AirDist/NE-HV_AirDist-SupFanMtr-cDXGF-2SpClgHtg-SRM/instance-out.sql,77.88,1736544.81,219.56,4895529.78
CZ01/RtL&0&cDXGF&Ex&HV_AirDist/NE-HV_AirDist-SupFanMtr-cDXGF-2SpClgHtg-Cnst/instance-out.sql,168.81,2046613.73,508.77,6168286.21
CZ01/RtL&0&cDXGF&Ex&HV_AirDist/NE-HV_AirDist-SupFanMtr-cDXGF-2SpClgHtg-VFDStdMtr/instance-out.sql,147.38,1786830.43,417.72,5064387.93
CZ01/RtL&0&cDXGF&Ex&HV_AirDist/NE-HV_AirDist-SupFanMtr-cDXGF-2SpClgHtg-SRM/instance-out.sql,146.61,1777472.62,413.92,5018404.88
CZ01/RtS&0&cDXGF&Ex&HV_AirDist/NE-HV_AirDist-SupFanMtr-cDXGF-2SpClgHtg-Cnst/instance-out.sql,92.85,138046.64,249.12,370367.14
CZ01/RtS&0&cDXGF&Ex&HV_AirDist/NE-HV_AirDist-SupFanMtr-cDXGF-2SpClgHtg-VFDStdMtr/instance-out.sql,85.68,127379.60,210.80,313392.43
CZ01/RtS&0&cDXGF&Ex&HV_AirDist/NE-HV_AirDist-SupFanMtr-cDXGF-2SpClgHtg-SRM/instance-out.sql,85.47,127064.71,209.17,310967.79
CZ01/SCn&0&cDXGF&Ex&HV_AirDist/NE-HV_AirDist-SupFanMtr-cDXGF-2SpClgHtg-Cnst/instance-out.sql,97.25,4517131.50,243.39,11305695.01
CZ01/SCn&0&cDXGF&Ex&HV_AirDist/NE-HV_AirDist-SupFanMtr-cDXGF-2SpClgHtg-VFDStdMtr/instance-out.sql,94.24,4377540.63,192.10,8923349.69
CZ01/SCn&0&cDXGF&Ex&HV_AirDist/NE-HV_AirDist-SupFanMtr-cDXGF-2SpClgHtg-SRM/instance-out.sql,94.34,4382317.16,189.91,8821274.22
CZ01/Asm&0&cDXHP&Ex&HV_AirDist/NE-HV_AirDist-SupFanMtr-cDXHP-2SpClgHtg-Cnst/instance-out.sql,92.50,584393.84,300.14,1896298.91
CZ01/Asm&0&cDXHP&Ex&HV_AirDist/NE-HV_AirDist-SupFanMtr-cDXHP-2SpClgHtg-VFDStdMtr/instance-out.sql,68.72,434178.64,220.73,1394580.62
CZ01/Asm&0&cDXHP&Ex&HV_AirDist/NE-HV_AirDist-SupFanMtr-cDXHP-2SpClgHtg-SRM/instance-out.sql,67.78,428254.53,217.60,1374794.23
CZ01/ECC&0&cDXHP&Ex&HV_AirDist/NE-HV_AirDist-SupFanMtr-cDXHP-2SpClgHtg-Cnst/instance-out.sql,92.22,2434695.95,259.22,6844099.71
CZ01/ECC&0&cDXHP&Ex&HV_AirDist/NE-HV_AirDist-SupFanMtr-cDXHP-2SpClgHtg-VFDStdMtr/instance-out.sql,80.80,2133348.66,221.10,5837481.66
CZ01/ECC&0&cDXHP&Ex&HV_AirDist/NE-HV_AirDist-SupFanMtr-cDXHP-2SpClgHtg-SRM/instance-out.sql,80.29,2119722.10,219.37,5792006.87
CZ01/EPr&0&cDXHP&Ex&HV_AirDist/NE-HV_AirDist-SupFanMtr-cDXHP-2SpClgHtg-Cnst/instance-out.sql,99.57,376915.14,250.00,946353.81
CZ01/EPr&0&cDXHP&Ex&HV_AirDist/NE-HV_AirDist-SupFanMtr-cDXHP-2SpClgHtg-VFDStdMtr/instance-out.sql,88.14,333634.02,211.81,801793.66
CZ01/EPr&0&cDXHP&Ex&HV_AirDist/NE-HV_AirDist-SupFanMtr-cDXHP-2SpClgHtg-SRM/instance-out.sql,87.64,331743.24,210.14,795478.50
CZ01/ERC&0&cDXHP&Ex&HV_AirDist/NE-HV_AirDist-SupFanMtr-cDXHP-2SpClgHtg-Cnst/instance-out.sql,67.90,18190.59,144.83,38800.11
CZ01/ERC&0&cDXHP&Ex&HV_AirDist/NE-HV_AirDist-SupFanMtr-cDXHP-2SpClgHtg-VFDStdMtr/instance-out.sql,60.24,16138.61,119.25,31946.60
CZ01/ERC&0&cDXHP&Ex&HV_AirDist/NE-HV_AirDist-SupFanMtr-cDXHP-2SpClgHtg-SRM/instance-out.sql,59.89,16044.98,118.08,31633.85
CZ01/ESe&0&cDXHP&Ex&HV_AirDist/NE-HV_AirDist-SupFanMtr-cDXHP-2SpClgHtg-Cnst/instance-out.sql,181.65,1255586.25,421.79,2915473.74
CZ01/ESe&0&cDXHP&Ex&HV_AirDist/NE-HV_AirDist-SupFanMtr-cDXHP-2SpClgHtg-VFDStdMtr/instance-out.sql,174.82,1208415.06,398.82,2756742.42
CZ01/ESe&0&cDXHP&Ex&HV_AirDist/NE-HV_AirDist-SupFanMtr-cDXHP-2SpClgHtg-SRM/instance-out.sql,174.50,1206207.10,397.75,2749343.88
CZ01/EUn&0&cDXHP&Ex&HV_AirDist/NE-HV_AirDist-SupFanMtr-cDXHP-2SpClgHtg-Cnst/instance-out.sql,98.38,7840272.62,299.76,23887952.63
CZ01/EUn&0&cDXHP&Ex&HV_AirDist/NE-HV_AirDist-SupFanMtr-cDXHP-2SpClgHtg-VFDStdMtr/instance-out.sql,85.32,6798872.27,256.08,20407600.85
CZ01/EUn&0&cDXHP&Ex&HV_AirDist/NE-HV_AirDist-SupFanMtr-cDXHP-2SpClgHtg-SRM/instance-out.sql,84.69,6749347.54,254.01,20242144.54
CZ01/Gro&0&cDXHP&Ex&HV_AirDist/NE-HV_AirDist-SupFanMtr-cDXHP-2SpClgHtg-Cnst/instance-out.sql,363.08,1686454.87,1179.98,5480850.20
CZ01/Gro&0&cDXHP&Ex&HV_AirDist/NE-HV_AirDist-SupFanMtr-cDXHP-2SpClgHtg-VFDStdMtr/instance-out.sql,340.29,1580581.02,1103.85,5127231.07
CZ01/Gro&0&cDXHP&Ex&HV_AirDist/NE-HV_AirDist-SupFanMtr-cDXHP-2SpClgHtg-SRM/instance-out.sql,339.66,1577681.27,1101.76,5117546.35
CZ01/Hsp&0&cDXHP&Ex&HV_AirDist/NE-HV_AirDist-SupFanMtr-cDXHP-2SpClgHtg-Cnst/instance-out.sql,71.87,3298996.30,205.90,9450490.69
CZ01/Hsp&0&cDXHP&Ex&HV_AirDist/NE-HV_AirDist-SupFanMtr-cDXHP-2SpClgHtg-VFDStdMtr/instance-out.sql,67.85,3114207.01,191.95,8810431.65
CZ01/Hsp&0&cDXHP&Ex&HV_AirDist/NE-HV_AirDist-SupFanMtr-cDXHP-2SpClgHtg-SRM/instance-out.sql,67.67,3106007.92,191.34,8782449.20
CZ01/MBT&0&cDXHP&Ex&HV_AirDist/NE-HV_AirDist-SupFanMtr-cDXHP-2SpClgHtg-Cnst/instance-out.sql,216.90,8059119.06,420.44,15621945.92
CZ01/MBT&0&cDXHP&Ex&HV_AirDist/NE-HV_AirDist-SupFanMtr-cDXHP-2SpClgHtg-VFDStdMtr/instance-out.sql,211.81,7870264.72,403.05,14975990.68
CZ01/MBT&0&cDXHP&Ex&HV_AirDist/NE-HV_AirDist-SupFanMtr-cDXHP-2SpClgHtg-SRM/instance-out.sql,211.61,7862532.83,402.34,14949630.24
CZ01/MLI&0&cDXHP&Ex&HV_AirDist/NE-HV_AirDist-SupFanMtr-cDXHP-2SpClgHtg-Cnst/instance-out.sql,105.11,976667.60,337.99,3140457.70
CZ01/MLI&0&cDXHP&Ex&HV_AirDist/NE-HV_AirDist-SupFanMtr-cDXHP-2SpClgHtg-VFDStdMtr/instance-out.sql,80.57,748623.47,256.01,2378790.32
CZ01/MLI&0&cDXHP&Ex&HV_AirDist/NE-HV_AirDist-SupFanMtr-cDXHP-2SpClgHtg-SRM/instance-out.sql,79.55,739187.39,252.62,2347273.79
CZ01/Mtl&0&cDXHP&Ex&HV_AirDist/NE-HV_AirDist-SupFanMtr-cDXHP-2SpClgHtg-Cnst/instance-out.sql,51.60,143742.95,164.77,459005.79
CZ01/Mtl&0&cDXHP&Ex&HV_AirDist/NE-HV_AirDist-SupFanMtr-cDXHP-2SpClgHtg-VFDStdMtr/instance-out.sql,39.69,110560.57,124.93,348017.70
CZ01/Mtl&0&cDXHP&Ex&HV_AirDist/NE-HV_AirDist-SupFanMtr-cDXHP-2SpClgHtg-SRM/instance-out.sql,39.15,109077.98,123.15,343063.41
CZ01/Nrs&0&cDXHP&Ex&HV_AirDist/NE-HV_AirDist-SupFanMtr-cDXHP-2SpClgHtg-Cnst/instance-out.sql,91.22,940712.38,239.91,2473954.40
CZ01/Nrs&0&cDXHP&Ex&HV_AirDist/NE-HV_AirDist-SupFanMtr-cDXHP-2SpClgHtg-VFDStdMtr/instance-out.sql,84.80,874504.08,217.73,2245226.69
CZ01/Nrs&0&cDXHP&Ex&HV_AirDist/NE-HV_AirDist-SupFanMtr-cDXHP-2SpClgHtg-SRM/instance-out.sql,84.52,871529.59,216.76,2235246.26
CZ01/OfL&0&cDXHP&Ex&HV_AirDist/NE-HV_AirDist-SupFanMtr-cDXHP-2SpClgHtg-Cnst/instance-out.sql,71.55,2326062.56,226.25,7355066.50
CZ01/OfL&0&cDXHP&Ex&HV_AirDist/NE-HV_AirDist-SupFanMtr-cDXHP-2SpClgHtg-VFDStdMtr/instance-out.sql,55.55,1805977.88,172.85,5619072.64
CZ01/OfL&0&cDXHP&Ex&HV_AirDist/NE-HV_AirDist-SupFanMtr-cDXHP-2SpClgHtg-SRM/instance-out.sql,54.79,1781085.25,170.29,5536044.84
CZ01/OfS&0&cDXHP&Ex&HV_AirDist/NE-HV_AirDist-SupFanMtr-cDXHP-2SpClgHtg-Cnst/instance-out.sql,69.96,130013.23,204.04,379203.12
CZ01/OfS&0&cDXHP&Ex&HV_AirDist/NE-HV_AirDist-SupFanMtr-cDXHP-2SpClgHtg-VFDStdMtr/instance-out.sql,52.68,97903.45,146.33,271956.44
CZ01/OfS&0&cDXHP&Ex&HV_AirDist/NE-HV_AirDist-SupFanMtr-cDXHP-2SpClgHtg-SRM/instance-out.sql,51.92,96498.98,143.81,267265.45
CZ01/RFF&0&cDXHP&Ex&HV_AirDist/NE-HV_AirDist-SupFanMtr-cDXHP-2SpClgHtg-Cnst/instance-out.sql,269.98,100232.34,609.47,226270.96
CZ01/RFF&0&cDXHP&Ex&HV_AirDist/NE-HV_AirDist-SupFanMtr-cDXHP-2SpClgHtg-VFDStdMtr/instance-out.sql,248.82,92377.42,538.79,200029.51
CZ01/RFF&0&cDXHP&Ex&HV_AirDist/NE-HV_AirDist-SupFanMtr-cDXHP-2SpClgHtg-SRM/instance-out.sql,247.86,92021.94,535.59,198842.05
CZ01/RSD&0&cDXHP&Ex&HV_AirDist/NE-HV_AirDist-SupFanMtr-cDXHP-2SpClgHtg-Cnst/instance-out.sql,240.26,250108.19,494.02,514271.58
CZ01/RSD&0&cDXHP&Ex&HV_AirDist/NE-HV_AirDist-SupFanMtr-cDXHP-2SpClgHtg-VFDStdMtr/instance-out.sql,236.07,245746.16,479.55,499202.62
CZ01/RSD&0&cDXHP&Ex&HV_AirDist/NE-HV_AirDist-SupFanMtr-cDXHP-2SpClgHtg-SRM/instance-out.sql,235.90,245566.32,478.95,498581.20
CZ01/Rt3&0&cDXHP&Ex&HV_AirDist/NE-HV_AirDist-SupFanMtr-cDXHP-2SpClgHtg-Cnst/instance-out.sql,86.86,1936740.57,270.00,6020122.83
CZ01/Rt3&0&cDXHP&Ex&HV_AirDist/NE-HV_AirDist-SupFanMtr-cDXHP-2SpClgHtg-VFDStdMtr/instance-out.sql,71.00,1583096.11,216.95,4837263.00
CZ01/Rt3&0&cDXHP&Ex&HV_AirDist/NE-HV_AirDist-SupFanMtr-cDXHP-2SpClgHtg-SRM/instance-out.sql,70.34,1568436.05,214.75,4788247.09
CZ01/RtL&0&cDXHP&Ex&HV_AirDist/NE-HV_AirDist-SupFanMtr-cDXHP-2SpClgHtg-Cnst/instance-out.sql,161.38,1956582.13,504.96,6122191.03
CZ01/RtL&0&cDXHP&Ex&HV_AirDist/NE-HV_AirDist-SupFanMtr-cDXHP-2SpClgHtg-VFDStdMtr/instance-out.sql,132.39,1605103.66,408.14,4948238.40
CZ01/RtL&0&cDXHP&Ex&HV_AirDist/NE-HV_AirDist-SupFanMtr-cDXHP-2SpClgHtg-SRM/instance-out.sql,131.17,1590297.43,404.06,4898785.24
CZ01/RtS&0&cDXHP&Ex&HV_AirDist/NE-HV_AirDist-SupFanMtr-cDXHP-2SpClgHtg-Cnst/instance-out.sql,80.24,119295.90,242.28,360199.70
CZ01/RtS&0&cDXHP&Ex&HV_AirDist/NE-HV_AirDist-SupFanMtr-cDXHP-2SpClgHtg-VFDStdMtr/instance-out.sql,67.20,99908.21,198.73,295444.75
CZ01/RtS&0&cDXHP&Ex&HV_AirDist/NE-HV_AirDist-SupFanMtr-cDXHP-2SpClgHtg-SRM/instance-out.sql,66.65,99084.73,196.88,292694.34
CZ01/SCn&0&cDXHP&Ex&HV_AirDist/NE-HV_AirDist-SupFanMtr-cDXHP-2SpClgHtg-Cnst/instance-out.sql,69.92,3247724.28,228.92,10633605.16
CZ01/SCn&0&cDXHP&Ex&HV_AirDist/NE-HV_AirDist-SupFanMtr-cDXHP-2SpClgHtg-VFDStdMtr/instance-out.sql,50.50,2345663.93,164.06,7620723.59
CZ01/SCn&0&cDXHP&Ex&HV_AirDist/NE-HV_AirDist-SupFanMtr-cDXHP-2SpClgHtg-SRM/instance-out.sql,49.66,2306675.90,161.26,7490503.57
CZ01/Asm&0&cDXOH&Ex&HV_AirDist/NE-HV_AirDist-SupFanMtr-cDXOH-2SpClgHtg-Cnst/instance-out.sql,84.00,530735.68,271.77,1717080.62
CZ01/Asm&0&cDXOH&Ex&HV_AirDist/NE-HV_AirDist-SupFanMtr-cDXOH-2SpClgHtg-VFDStdMtr/instance-out.sql,58.10,367094.85,185.27,1170520.08
CZ01/Asm&0&cDXOH&Ex&HV_AirDist/NE-HV_AirDist-SupFanMtr-cDXOH-2SpClgHtg-SRM/instance-out.sql,57.07,360567.35,181.82,1148718.22
CZ01/ECC&0&cDXOH&Ex&HV_AirDist/NE-HV_AirDist-SupFanMtr-cDXOH-2SpClgHtg-Cnst/instance-out.sql,90.75,2396031.57,254.32,6714682.02
CZ01/ECC&0&cDXOH&Ex&HV_AirDist/NE-HV_AirDist-SupFanMtr-cDXOH-2SpClgHtg-VFDStdMtr/instance-out.sql,77.81,2054492.07,211.10,5573639.60
CZ01/ECC&0&cDXOH&Ex&HV_AirDist/NE-HV_AirDist-SupFanMtr-cDXOH-2SpClgHtg-SRM/instance-out.sql,77.28,2040495.31,209.33,5526872.63
CZ01/EPr&0&cDXOH&Ex&HV_AirDist/NE-HV_AirDist-SupFanMtr-cDXOH-2SpClgHtg-Cnst/instance-out.sql,96.02,363484.33,238.15,901491.23
CZ01/EPr&0&cDXOH&Ex&HV_AirDist/NE-HV_AirDist-SupFanMtr-cDXOH-2SpClgHtg-VFDStdMtr/instance-out.sql,82.92,313887.45,194.39,735837.21
CZ01/EPr&0&cDXOH&Ex&HV_AirDist/NE-HV_AirDist-SupFanMtr-cDXOH-2SpClgHtg-SRM/instance-out.sql,82.41,311937.10,192.67,729323.02
CZ01/ERC&0&cDXOH&Ex&HV_AirDist/NE-HV_AirDist-SupFanMtr-cDXOH-2SpClgHtg-Cnst/instance-out.sql,62.79,16820.71,127.76,34224.94
CZ01/ERC&0&cDXOH&Ex&HV_AirDist/NE-HV_AirDist-SupFanMtr-cDXOH-2SpClgHtg-VFDStdMtr/instance-out.sql,53.87,14431.66,97.97,26245.42
CZ01/ERC&0&cDXOH&Ex&HV_AirDist/NE-HV_AirDist-SupFanMtr-cDXOH-2SpClgHtg-SRM/instance-out.sql,53.56,14347.69,96.92,25964.95
CZ01/ESe&0&cDXOH&Ex&HV_AirDist/NE-HV_AirDist-SupFanMtr-cDXOH-2SpClgHtg-Cnst/instance-out.sql,180.97,1250919.30,419.00,2896241.54
CZ01/ESe&0&cDXOH&Ex&HV_AirDist/NE-HV_AirDist-SupFanMtr-cDXOH-2SpClgHtg-VFDStdMtr/instance-out.sql,173.17,1197015.47,392.53,2713231.31
CZ01/ESe&0&cDXOH&Ex&HV_AirDist/NE-HV_AirDist-SupFanMtr-cDXOH-2SpClgHtg-SRM/instance-out.sql,172.84,1194719.61,391.40,2705415.16
CZ01/EUn&0&cDXOH&Ex&HV_AirDist/NE-HV_AirDist-SupFanMtr-cDXOH-2SpClgHtg-Cnst/instance-out.sql,97.51,7770542.02,296.62,23638245.54
CZ01/EUn&0&cDXOH&Ex&HV_AirDist/NE-HV_AirDist-SupFanMtr-cDXOH-2SpClgHtg-VFDStdMtr/instance-out.sql,82.68,6589017.44,246.97,19681563.91
CZ01/EUn&0&cDXOH&Ex&HV_AirDist/NE-HV_AirDist-SupFanMtr-cDXOH-2SpClgHtg-SRM/instance-out.sql,82.03,6536811.31,244.78,19506856.48
CZ01/Gro&0&cDXOH&Ex&HV_AirDist/NE-HV_AirDist-SupFanMtr-cDXOH-2SpClgHtg-Cnst/instance-out.sql
CZ01/Gro&0&cDXOH&Ex&HV_AirDist/NE-HV_AirDist-SupFanMtr-cDXOH-2SpClgHtg-VFDStdMtr/instance-out.sql
CZ01/Gro&0&cDXOH&Ex&HV_AirDist/NE-HV_AirDist-SupFanMtr-cDXOH-2SpClgHtg-SRM/instance-out.sql
CZ01/Hsp&0&cDXOH&Ex&HV_AirDist/NE-HV_AirDist-SupFanMtr-cDXOH-2SpClgHtg-Cnst/instance-out.sql,71.89,3299888.57,205.44,9429589.44
CZ01/Hsp&0&cDXOH&Ex&HV_AirDist/NE-HV_AirDist-SupFanMtr-cDXOH-2SpClgHtg-VFDStdMtr/instance-out.sql,67.73,3108944.45,190.61,8748698.51
CZ01/Hsp&0&cDXOH&Ex&HV_AirDist/NE-HV_AirDist-SupFanMtr-cDXOH-2SpClgHtg-SRM/instance-out.sql,67.56,3100843.48,189.98,8719736.35
CZ01/MBT&0&cDXOH&Ex&HV_AirDist/NE-HV_AirDist-SupFanMtr-cDXOH-2SpClgHtg-Cnst/instance-out.sql,216.30,8036972.57,417.19,15501204.27
CZ01/MBT&0&cDXOH&Ex&HV_AirDist/NE-HV_AirDist-SupFanMtr-cDXOH-2SpClgHtg-VFDStdMtr/instance-out.sql,210.56,7823486.27,397.01,14751536.40
CZ01/MBT&0&cDXOH&Ex&HV_AirDist/NE-HV_AirDist-SupFanMtr-cDXOH-2SpClgHtg-SRM/instance-out.sql,210.34,7815565.76,396.26,14723421.07
CZ01/MLI&0&cDXOH&Ex&HV_AirDist/NE-HV_AirDist-SupFanMtr-cDXOH-2SpClgHtg-Cnst/instance-out.sql,95.01,882826.84,304.26,2827029.60
CZ01/MLI&0&cDXOH&Ex&HV_AirDist/NE-HV_AirDist-SupFanMtr-cDXOH-2SpClgHtg-VFDStdMtr/instance-out.sql,66.16,614701.27,207.87,1931490.17
CZ01/MLI&0&cDXOH&Ex&HV_AirDist/NE-HV_AirDist-SupFanMtr-cDXOH-2SpClgHtg-SRM/instance-out.sql,65.18,605637.50,204.62,1901217.16
CZ01/Mtl&0&cDXOH&Ex&HV_AirDist/NE-HV_AirDist-SupFanMtr-cDXOH-2SpClgHtg-Cnst/instance-out.sql,49.95,139139.86,154.48,430361.03
CZ01/Mtl&0&cDXOH&Ex&HV_AirDist/NE-HV_AirDist-SupFanMtr-cDXOH-2SpClgHtg-VFDStdMtr/instance-out.sql,36.69,102201.63,107.33,298995.89
CZ01/Mtl&0&cDXOH&Ex&HV_AirDist/NE-HV_AirDist-SupFanMtr-cDXOH-2SpClgHtg-SRM/instance-out.sql,36.19,100822.28,105.57,294100.64
CZ01/Nrs&0&cDXOH&Ex&HV_AirDist/NE-HV_AirDist-SupFanMtr-cDXOH-2SpClgHtg-Cnst/instance-out.sql,91.54,943931.29,238.56,2460029.57
CZ01/Nrs&0&cDXOH&Ex&HV_AirDist/NE-HV_AirDist-SupFanMtr-cDXOH-2SpClgHtg-VFDStdMtr/instance-out.sql,84.67,873097.55,214.11,2207928.97
CZ01/Nrs&0&cDXOH&Ex&HV_AirDist/NE-HV_AirDist-SupFanMtr-cDXOH-2SpClgHtg-SRM/instance-out.sql,84.40,870326.95,213.13,2197845.89
CZ01/OfL&0&cDXOH&Ex&HV_AirDist/NE-HV_AirDist-SupFanMtr-cDXOH-2SpClgHtg-Cnst/instance-out.sql,70.69,2298092.82,223.37,7261388.21
CZ01/OfL&0&cDXOH&Ex&HV_AirDist/NE-HV_AirDist-SupFanMtr-cDXOH-2SpClgHtg-VFDStdMtr/instance-out.sql,52.69,1712735.90,163.23,5306311.77
CZ01/OfL&0&cDXOH&Ex&HV_AirDist/NE-HV_AirDist-SupFanMtr-cDXOH-2SpClgHtg-SRM/instance-out.sql,51.87,1686216.21,160.50,5217732.69
CZ01/OfS&0&cDXOH&Ex&HV_AirDist/NE-HV_AirDist-SupFanMtr-cDXOH-2SpClgHtg-Cnst/instance-out.sql,67.57,125569.21,196.05,364360.20
CZ01/OfS&0&cDXOH&Ex&HV_AirDist/NE-HV_AirDist-SupFanMtr-cDXOH-2SpClgHtg-VFDStdMtr/instance-out.sql,46.94,87229.18,127.15,236304.47
CZ01/OfS&0&cDXOH&Ex&HV_AirDist/NE-HV_AirDist-SupFanMtr-cDXOH-2SpClgHtg-SRM/instance-out.sql,46.12,85710.92,124.42,231233.46
CZ01/RFF&0&cDXOH&Ex&HV_AirDist/NE-HV_AirDist-SupFanMtr-cDXOH-2SpClgHtg-Cnst/instance-out.sql,264.20,98085.36,589.68,218925.10
CZ01/RFF&0&cDXOH&Ex&HV_AirDist/NE-HV_AirDist-SupFanMtr-cDXOH-2SpClgHtg-VFDStdMtr/instance-out.sql,238.06,88380.08,502.05,186392.09
CZ01/RFF&0&cDXOH&Ex&HV_AirDist/NE-HV_AirDist-SupFanMtr-cDXOH-2SpClgHtg-SRM/instance-out.sql,237.05,88006.59,498.68,185140.57
CZ01/RSD&0&cDXOH&Ex&HV_AirDist/NE-HV_AirDist-SupFanMtr-cDXOH-2SpClgHtg-Cnst/instance-out.sql,239.65,249470.68,490.99,511113.43
CZ01/RSD&0&cDXOH&Ex&HV_AirDist/NE-HV_AirDist-SupFanMtr-cDXOH-2SpClgHtg-VFDStdMtr/instance-out.sql,234.85,244473.39,474.21,493642.36
CZ01/RSD&0&cDXOH&Ex&HV_AirDist/NE-HV_AirDist-SupFanMtr-cDXOH-2SpClgHtg-SRM/instance-out.sql,234.67,244285.54,473.58,492985.83
CZ01/Rt3&0&cDXOH&Ex&HV_AirDist/NE-HV_AirDist-SupFanMtr-cDXOH-2SpClgHtg-Cnst/instance-out.sql,85.47,1905595.57,265.39,5917245.90
CZ01/Rt3&0&cDXOH&Ex&HV_AirDist/NE-HV_AirDist-SupFanMtr-cDXOH-2SpClgHtg-VFDStdMtr/instance-out.sql,68.20,1520703.64,207.55,4627792.30
CZ01/Rt3&0&cDXOH&Ex&HV_AirDist/NE-HV_AirDist-SupFanMtr-cDXOH-2SpClgHtg-SRM/instance-out.sql,67.51,1505209.94,205.23,4575873.23
CZ01/RtL&0&cDXOH&Ex&HV_AirDist/NE-HV_AirDist-SupFanMtr-cDXOH-2SpClgHtg-Cnst/instance-out.sql,157.61,1910825.42,492.35,5969287.55
CZ01/RtL&0&cDXOH&Ex&HV_AirDist/NE-HV_AirDist-SupFanMtr-cDXOH-2SpClgHtg-VFDStdMtr/instance-out.sql,126.16,1529564.86,387.30,4695655.76
CZ01/RtL&0&cDXOH&Ex&HV_AirDist/NE-HV_AirDist-SupFanMtr-cDXOH-2SpClgHtg-SRM/instance-out.sql,124.88,1513989.29,383.01,4643622.51
CZ01/RtS&0&cDXOH&Ex&HV_AirDist/NE-HV_AirDist-SupFanMtr-cDXOH-2SpClgHtg-Cnst/instance-out.sql,75.43,112147.10,226.22,336322.66
CZ01/RtS&0&cDXOH&Ex&HV_AirDist/NE-HV_AirDist-SupFanMtr-cDXOH-2SpClgHtg-VFDStdMtr/instance-out.sql,60.84,90455.06,177.49,263871.23
CZ01/RtS&0&cDXOH&Ex&HV_AirDist/NE-HV_AirDist-SupFanMtr-cDXOH-2SpClgHtg-SRM/instance-out.sql,60.30,89654.81,175.69,261198.43
CZ01/SCn&0&cDXOH&Ex&HV_AirDist/NE-HV_AirDist-SupFanMtr-cDXOH-2SpClgHtg-Cnst/instance-out.sql,44.49,2066611.06,144.00,6688687.05
CZ01/SCn&0&cDXOH&Ex&HV_AirDist/NE-HV_AirDist-SupFanMtr-cDXOH-2SpClgHtg-VFDStdMtr/instance-out.sql,31.45,1460897.94,100.44,4665605.21
CZ01/SCn&0&cDXOH&Ex&HV_AirDist/NE-HV_AirDist-SupFanMtr-cDXOH-2SpClgHtg-SRM/instance-out.sql,31.04,1441915.10,99.08,4602202.53
CZ02/Asm&0&cDXGF&Ex&HV_AirDist/NE-HV_AirDist-SupFanMtr-cDXGF-2SpClgHtg-Cnst/instance-out.sql,139.70,882627.75,363.91,2299204.31
CZ02/Asm&0&cDXGF&Ex&HV_AirDist/NE-HV_AirDist-SupFanMtr-cDXGF-2SpClgHtg-VFDStdMtr/instance-out.sql,118.20,746766.27,289.82,1831084.00
CZ02/Asm&0&cDXGF&Ex&HV_AirDist/NE-HV_AirDist-SupFanMtr-cDXGF-2SpClgHtg-SRM/instance-out.sql,117.66,743369.78,286.43,1809685.22
CZ02/ECC&0&cDXGF&Ex&HV_AirDist/NE-HV_AirDist-SupFanMtr-cDXGF-2SpClgHtg-Cnst/instance-out.sql,103.42,2730540.14,289.46,7642384.45
CZ02/ECC&0&cDXGF&Ex&HV_AirDist/NE-HV_AirDist-SupFanMtr-cDXGF-2SpClgHtg-VFDStdMtr/instance-out.sql,93.11,2458245.80,249.18,6578901.46
CZ02/ECC&0&cDXGF&Ex&HV_AirDist/NE-HV_AirDist-SupFanMtr-cDXGF-2SpClgHtg-SRM/instance-out.sql,92.60,2444748.23,247.05,6522640.53
CZ02/EPr&0&cDXGF&Ex&HV_AirDist/NE-HV_AirDist-SupFanMtr-cDXGF-2SpClgHtg-Cnst/instance-out.sql,114.82,434639.10,281.77,1066613.33
CZ02/EPr&0&cDXGF&Ex&HV_AirDist/NE-HV_AirDist-SupFanMtr-cDXGF-2SpClgHtg-VFDStdMtr/instance-out.sql,105.38,398910.13,243.20,920586.38
CZ02/EPr&0&cDXGF&Ex&HV_AirDist/NE-HV_AirDist-SupFanMtr-cDXGF-2SpClgHtg-SRM/instance-out.sql,104.95,397294.19,241.16,912878.88
CZ02/ERC&0&cDXGF&Ex&HV_AirDist/NE-HV_AirDist-SupFanMtr-cDXGF-2SpClgHtg-Cnst/instance-out.sql,80.20,21486.29,164.95,44188.34
CZ02/ERC&0&cDXGF&Ex&HV_AirDist/NE-HV_AirDist-SupFanMtr-cDXGF-2SpClgHtg-VFDStdMtr/instance-out.sql,74.67,20004.83,137.08,36722.91
CZ02/ERC&0&cDXGF&Ex&HV_AirDist/NE-HV_AirDist-SupFanMtr-cDXGF-2SpClgHtg-SRM/instance-out.sql,74.42,19936.51,135.59,36323.14
CZ02/ESe&0&cDXGF&Ex&HV_AirDist/NE-HV_AirDist-SupFanMtr-cDXGF-2SpClgHtg-Cnst/instance-out.sql,188.96,1306154.42,464.68,3211948.36
CZ02/ESe&0&cDXGF&Ex&HV_AirDist/NE-HV_AirDist-SupFanMtr-cDXGF-2SpClgHtg-VFDStdMtr/instance-out.sql,182.49,1261392.48,439.16,3035550.13
CZ02/ESe&0&cDXGF&Ex&HV_AirDist/NE-HV_AirDist-SupFanMtr-cDXGF-2SpClgHtg-SRM/instance-out.sql,182.17,1259184.14,437.81,3026248.01
CZ02/EUn&0&cDXGF&Ex&HV_AirDist/NE-HV_AirDist-SupFanMtr-cDXGF-2SpClgHtg-Cnst/instance-out.sql,108.90,8678600.21,328.76,26199360.36
CZ02/EUn&0&cDXGF&Ex&HV_AirDist/NE-HV_AirDist-SupFanMtr-cDXGF-2SpClgHtg-VFDStdMtr/instance-out.sql,97.40,7761841.46,284.52,22673903.47
CZ02/EUn&0&cDXGF&Ex&HV_AirDist/NE-HV_AirDist-SupFanMtr-cDXGF-2SpClgHtg-SRM/instance-out.sql,96.81,7715210.56,282.17,22486669.63
CZ02/Gro&0&cDXGF&Ex&HV_AirDist/NE-HV_AirDist-SupFanMtr-cDXGF-2SpClgHtg-Cnst/instance-out.sql,428.18,1988827.92,1309.38,6081885.07
CZ02/Gro&0&cDXGF&Ex&HV_AirDist/NE-HV_AirDist-SupFanMtr-cDXGF-2SpClgHtg-VFDStdMtr/instance-out.sql,413.63,1921271.64,1230.94,5717552.66
CZ02/Gro&0&cDXGF&Ex&HV_AirDist/NE-HV_AirDist-SupFanMtr-cDXGF-2SpClgHtg-SRM/instance-out.sql,413.03,1918483.10,1227.10,5699706.82
CZ02/Hsp&0&cDXGF&Ex&HV_AirDist/NE-HV_AirDist-SupFanMtr-cDXGF-2SpClgHtg-Cnst/instance-out.sql,84.07,3858950.03,245.77,11280878.72
CZ02/Hsp&0&cDXGF&Ex&HV_AirDist/NE-HV_AirDist-SupFanMtr-cDXGF-2SpClgHtg-VFDStdMtr/instance-out.sql,80.28,3684838.90,231.40,10620897.52
CZ02/Hsp&0&cDXGF&Ex&HV_AirDist/NE-HV_AirDist-SupFanMtr-cDXGF-2SpClgHtg-SRM/instance-out.sql,80.10,3676521.69,230.68,10588108.97
CZ02/MBT&0&cDXGF&Ex&HV_AirDist/NE-HV_AirDist-SupFanMtr-cDXGF-2SpClgHtg-Cnst/instance-out.sql,201.83,7499188.80,418.43,15547269.33
CZ02/MBT&0&cDXGF&Ex&HV_AirDist/NE-HV_AirDist-SupFanMtr-cDXGF-2SpClgHtg-VFDStdMtr/instance-out.sql,197.34,7332494.35,399.91,14859265.45
CZ02/MBT&0&cDXGF&Ex&HV_AirDist/NE-HV_AirDist-SupFanMtr-cDXGF-2SpClgHtg-SRM/instance-out.sql,197.14,7325032.68,399.00,14825458.60
CZ02/MLI&0&cDXGF&Ex&HV_AirDist/NE-HV_AirDist-SupFanMtr-cDXGF-2SpClgHtg-Cnst/instance-out.sql,127.95,1188829.30,372.56,3461674.23
CZ02/MLI&0&cDXGF&Ex&HV_AirDist/NE-HV_AirDist-SupFanMtr-cDXGF-2SpClgHtg-VFDStdMtr/instance-out.sql,110.49,1026626.12,291.01,2703920.38
CZ02/MLI&0&cDXGF&Ex&HV_AirDist/NE-HV_AirDist-SupFanMtr-cDXGF-2SpClgHtg-SRM/instance-out.sql,109.76,1019837.75,287.15,2668059.41
CZ02/Mtl&0&cDXGF&Ex&HV_AirDist/NE-HV_AirDist-SupFanMtr-cDXGF-2SpClgHtg-Cnst/instance-out.sql,68.45,190687.13,198.06,551770.87
CZ02/Mtl&0&cDXGF&Ex&HV_AirDist/NE-HV_AirDist-SupFanMtr-cDXGF-2SpClgHtg-VFDStdMtr/instance-out.sql,59.09,164602.94,155.87,434216.30
CZ02/Mtl&0&cDXGF&Ex&HV_AirDist/NE-HV_AirDist-SupFanMtr-cDXGF-2SpClgHtg-SRM/instance-out.sql,58.64,163361.63,153.73,428249.66
CZ02/Nrs&0&cDXGF&Ex&HV_AirDist/NE-HV_AirDist-SupFanMtr-cDXGF-2SpClgHtg-Cnst/instance-out.sql,97.54,1005879.66,262.95,2711624.37
CZ02/Nrs&0&cDXGF&Ex&HV_AirDist/NE-HV_AirDist-SupFanMtr-cDXGF-2SpClgHtg-VFDStdMtr/instance-out.sql,91.53,943825.18,239.83,2473159.07
CZ02/Nrs&0&cDXGF&Ex&HV_AirDist/NE-HV_AirDist-SupFanMtr-cDXGF-2SpClgHtg-SRM/instance-out.sql,91.23,940727.04,238.63,2460812.67
CZ02/OfL&0&cDXGF&Ex&HV_AirDist/NE-HV_AirDist-SupFanMtr-cDXGF-2SpClgHtg-Cnst/instance-out.sql,83.45,2712801.53,262.79,8542858.11
CZ02/OfL&0&cDXGF&Ex&HV_AirDist/NE-HV_AirDist-SupFanMtr-cDXGF-2SpClgHtg-VFDStdMtr/instance-out.sql,67.69,2200465.59,205.30,6674114.38
CZ02/OfL&0&cDXGF&Ex&HV_AirDist/NE-HV_AirDist-SupFanMtr-cDXGF-2SpClgHtg-SRM/instance-out.sql,66.92,2175341.07,202.32,6577213.40
CZ02/OfS&0&cDXGF&Ex&HV_AirDist/NE-HV_AirDist-SupFanMtr-cDXGF-2SpClgHtg-Cnst/instance-out.sql,85.74,159346.39,245.74,456696.24
CZ02/OfS&0&cDXGF&Ex&HV_AirDist/NE-HV_AirDist-SupFanMtr-cDXGF-2SpClgHtg-VFDStdMtr/instance-out.sql,69.08,128386.92,180.41,335298.75
CZ02/OfS&0&cDXGF&Ex&HV_AirDist/NE-HV_AirDist-SupFanMtr-cDXGF-2SpClgHtg-SRM/instance-out.sql,68.27,126871.27,176.98,328915.53
CZ02/RFF&0&cDXGF&Ex&HV_AirDist/NE-HV_AirDist-SupFanMtr-cDXGF-2SpClgHtg-Cnst/instance-out.sql,308.20,114422.73,704.95,261718.88
CZ02/RFF&0&cDXGF&Ex&HV_AirDist/NE-HV_AirDist-SupFanMtr-cDXGF-2SpClgHtg-VFDStdMtr/instance-out.sql,289.52,107486.92,622.54,231123.14
CZ02/RFF&0&cDXGF&Ex&HV_AirDist/NE-HV_AirDist-SupFanMtr-cDXGF-2SpClgHtg-SRM/instance-out.sql,288.68,107174.89,618.33,229561.37
CZ02/RSD&0&cDXGF&Ex&HV_AirDist/NE-HV_AirDist-SupFanMtr-cDXGF-2SpClgHtg-Cnst/instance-out.sql,254.48,264905.60,539.75,561871.39
CZ02/RSD&0&cDXGF&Ex&HV_AirDist/NE-HV_AirDist-SupFanMtr-cDXGF-2SpClgHtg-VFDStdMtr/instance-out.sql,250.93,261213.33,524.68,546187.02
CZ02/RSD&0&cDXGF&Ex&HV_AirDist/NE-HV_AirDist-SupFanMtr-cDXGF-2SpClgHtg-SRM/instance-out.sql,250.77,261046.80,523.94,545410.16
CZ02/Rt3&0&cDXGF&Ex&HV_AirDist/NE-HV_AirDist-SupFanMtr-cDXGF-2SpClgHtg-Cnst/instance-out.sql,99.69,2222836.57,304.32,6785276.76
CZ02/Rt3&0&cDXGF&Ex&HV_AirDist/NE-HV_AirDist-SupFanMtr-cDXGF-2SpClgHtg-VFDStdMtr/instance-out.sql,85.73,1911397.44,250.17,5578075.18
CZ02/Rt3&0&cDXGF&Ex&HV_AirDist/NE-HV_AirDist-SupFanMtr-cDXGF-2SpClgHtg-SRM/instance-out.sql,85.06,1896635.85,247.46,5517571.77
CZ02/RtL&0&cDXGF&Ex&HV_AirDist/NE-HV_AirDist-SupFanMtr-cDXGF-2SpClgHtg-Cnst/instance-out.sql,181.72,2203178.09,558.41,6770117.36
CZ02/RtL&0&cDXGF&Ex&HV_AirDist/NE-HV_AirDist-SupFanMtr-cDXGF-2SpClgHtg-VFDStdMtr/instance-out.sql,157.45,1908966.46,463.89,5624243.06
CZ02/RtL&0&cDXGF&Ex&HV_AirDist/NE-HV_AirDist-SupFanMtr-cDXGF-2SpClgHtg-SRM/instance-out.sql,156.27,1894647.39,459.10,5566159.63
CZ02/RtS&0&cDXGF&Ex&HV_AirDist/NE-HV_AirDist-SupFanMtr-cDXGF-2SpClgHtg-Cnst/instance-out.sql,100.86,149940.76,286.46,425878.11
CZ02/RtS&0&cDXGF&Ex&HV_AirDist/NE-HV_AirDist-SupFanMtr-cDXGF-2SpClgHtg-VFDStdMtr/instance-out.sql,88.92,132189.51,235.50,350116.85
CZ02/RtS&0&cDXGF&Ex&HV_AirDist/NE-HV_AirDist-SupFanMtr-cDXGF-2SpClgHtg-SRM/instance-out.sql,88.37,131377.03,232.94,346308.28
CZ02/SCn&0&cDXGF&Ex&HV_AirDist/NE-HV_AirDist-SupFanMtr-cDXGF-2SpClgHtg-Cnst/instance-out.sql,90.74,4214993.71,250.52,11636956.68
CZ02/SCn&0&cDXGF&Ex&HV_AirDist/NE-HV_AirDist-SupFanMtr-cDXGF-2SpClgHtg-VFDStdMtr/instance-out.sql,77.38,3594431.55,181.00,8407691.80
CZ02/SCn&0&cDXGF&Ex&HV_AirDist/NE-HV_AirDist-SupFanMtr-cDXGF-2SpClgHtg-SRM/instance-out.sql,76.92,3573053.04,177.85,8261313.76
CZ02/Asm&0&cDXHP&Ex&HV_AirDist/NE-HV_AirDist-SupFanMtr-cDXHP-2SpClgHtg-Cnst/instance-out.sql,104.56,660615.22,340.87,2153636.34
CZ02/Asm&0&cDXHP&Ex&HV_AirDist/NE-HV_AirDist-SupFanMtr-cDXHP-2SpClgHtg-VFDStdMtr/instance-out.sql,81.62,515660.50,264.24,1669487.05
CZ02/Asm&0&cDXHP&Ex&HV_AirDist/NE-HV_AirDist-SupFanMtr-cDXHP-2SpClgHtg-SRM/instance-out.sql,80.45,508264.46,260.33,1644784.26
CZ02/ECC&0&cDXHP&Ex&HV_AirDist/NE-HV_AirDist-SupFanMtr-cDXHP-2SpClgHtg-Cnst/instance-out.sql,99.86,2636602.57,287.59,7593126.47
CZ02/ECC&0&cDXHP&Ex&HV_AirDist/NE-HV_AirDist-SupFanMtr-cDXHP-2SpClgHtg-VFDStdMtr/instance-out.sql,87.29,2304721.46,245.61,6484594.14
CZ02/ECC&0&cDXHP&Ex&HV_AirDist/NE-HV_AirDist-SupFanMtr-cDXHP-2SpClgHtg-SRM/instance-out.sql,86.62,2287077.44,243.37,6425596.15
CZ02/EPr&0&cDXHP&Ex&HV_AirDist/NE-HV_AirDist-SupFanMtr-cDXHP-2SpClgHtg-Cnst/instance-out.sql,106.52,403208.21,276.83,1047914.35
CZ02/EPr&0&cDXHP&Ex&HV_AirDist/NE-HV_AirDist-SupFanMtr-cDXHP-2SpClgHtg-VFDStdMtr/instance-out.sql,94.16,356442.15,235.57,891716.42
CZ02/EPr&0&cDXHP&Ex&HV_AirDist/NE-HV_AirDist-SupFanMtr-cDXHP-2SpClgHtg-SRM/instance-out.sql,93.50,353929.21,233.35,883320.53
CZ02/ERC&0&cDXHP&Ex&HV_AirDist/NE-HV_AirDist-SupFanMtr-cDXHP-2SpClgHtg-Cnst/instance-out.sql,72.08,19310.60,160.66,43039.64
CZ02/ERC&0&cDXHP&Ex&HV_AirDist/NE-HV_AirDist-SupFanMtr-cDXHP-2SpClgHtg-VFDStdMtr/instance-out.sql,62.73,16804.91,129.42,34670.55
CZ02/ERC&0&cDXHP&Ex&HV_AirDist/NE-HV_AirDist-SupFanMtr-cDXHP-2SpClgHtg-SRM/instance-out.sql,62.24,16672.74,127.77,34229.10
CZ02/ESe&0&cDXHP&Ex&HV_AirDist/NE-HV_AirDist-SupFanMtr-cDXHP-2SpClgHtg-Cnst/instance-out.sql,186.13,1286562.85,463.12,3201159.00
CZ02/ESe&0&cDXHP&Ex&HV_AirDist/NE-HV_AirDist-SupFanMtr-cDXHP-2SpClgHtg-VFDStdMtr/instance-out.sql,178.22,1231904.71,436.59,3017772.38
CZ02/ESe&0&cDXHP&Ex&HV_AirDist/NE-HV_AirDist-SupFanMtr-cDXHP-2SpClgHtg-SRM/instance-out.sql,177.80,1228975.14,435.17,3007961.46
CZ02/EUn&0&cDXHP&Ex&HV_AirDist/NE-HV_AirDist-SupFanMtr-cDXHP-2SpClgHtg-Cnst/instance-out.sql,105.97,8445030.73,327.11,26067888.22
CZ02/EUn&0&cDXHP&Ex&HV_AirDist/NE-HV_AirDist-SupFanMtr-cDXHP-2SpClgHtg-VFDStdMtr/instance-out.sql,92.34,7358392.19,281.55,22437024.47
CZ02/EUn&0&cDXHP&Ex&HV_AirDist/NE-HV_AirDist-SupFanMtr-cDXHP-2SpClgHtg-SRM/instance-out.sql,91.60,7299878.37,279.10,22241557.97
CZ02/Gro&0&cDXHP&Ex&HV_AirDist/NE-HV_AirDist-SupFanMtr-cDXHP-2SpClgHtg-Cnst/instance-out.sql,396.15,1840064.21,1292.44,6003226.39
CZ02/Gro&0&cDXHP&Ex&HV_AirDist/NE-HV_AirDist-SupFanMtr-cDXHP-2SpClgHtg-VFDStdMtr/instance-out.sql,369.18,1714777.02,1202.35,5584767.16
CZ02/Gro&0&cDXHP&Ex&HV_AirDist/NE-HV_AirDist-SupFanMtr-cDXHP-2SpClgHtg-SRM/instance-out.sql,367.95,1709082.59,1198.26,5565747.79
CZ02/Hsp&0&cDXHP&Ex&HV_AirDist/NE-HV_AirDist-SupFanMtr-cDXHP-2SpClgHtg-Cnst/instance-out.sql,83.38,3827086.98,245.45,11265811.97
CZ02/Hsp&0&cDXHP&Ex&HV_AirDist/NE-HV_AirDist-SupFanMtr-cDXHP-2SpClgHtg-VFDStdMtr/instance-out.sql,79.08,3629732.87,230.70,10588950.83
CZ02/Hsp&0&cDXHP&Ex&HV_AirDist/NE-HV_AirDist-SupFanMtr-cDXHP-2SpClgHtg-SRM/instance-out.sql,78.86,3619706.16,229.96,10554817.97
CZ02/MBT&0&cDXHP&Ex&HV_AirDist/NE-HV_AirDist-SupFanMtr-cDXHP-2SpClgHtg-Cnst/instance-out.sql,198.87,7389450.35,416.77,15485670.97
CZ02/MBT&0&cDXHP&Ex&HV_AirDist/NE-HV_AirDist-SupFanMtr-cDXHP-2SpClgHtg-VFDStdMtr/instance-out.sql,193.07,7173819.85,397.09,14754422.54
CZ02/MBT&0&cDXHP&Ex&HV_AirDist/NE-HV_AirDist-SupFanMtr-cDXHP-2SpClgHtg-SRM/instance-out.sql,192.78,7163083.05,396.11,14718166.65
CZ02/MLI&0&cDXHP&Ex&HV_AirDist/NE-HV_AirDist-SupFanMtr-cDXHP-2SpClgHtg-Cnst/instance-out.sql,113.00,1049949.03,365.12,3392515.99
CZ02/MLI&0&cDXHP&Ex&HV_AirDist/NE-HV_AirDist-SupFanMtr-cDXHP-2SpClgHtg-VFDStdMtr/instance-out.sql,86.34,802252.64,276.08,2565210.01
CZ02/MLI&0&cDXHP&Ex&HV_AirDist/NE-HV_AirDist-SupFanMtr-cDXHP-2SpClgHtg-SRM/instance-out.sql,85.09,790580.34,271.88,2526224.54
CZ02/Mtl&0&cDXHP&Ex&HV_AirDist/NE-HV_AirDist-SupFanMtr-cDXHP-2SpClgHtg-Cnst/instance-out.sql,60.13,167498.31,193.59,539293.75
CZ02/Mtl&0&cDXHP&Ex&HV_AirDist/NE-HV_AirDist-SupFanMtr-cDXHP-2SpClgHtg-VFDStdMtr/instance-out.sql,46.57,129740.11,148.26,413026.28
CZ02/Mtl&0&cDXHP&Ex&HV_AirDist/NE-HV_AirDist-SupFanMtr-cDXHP-2SpClgHtg-SRM/instance-out.sql,45.88,127813.04,145.96,406618.72
CZ02/Nrs&0&cDXHP&Ex&HV_AirDist/NE-HV_AirDist-SupFanMtr-cDXHP-2SpClgHtg-Cnst/instance-out.sql,95.20,981732.30,261.66,2698303.77
CZ02/Nrs&0&cDXHP&Ex&HV_AirDist/NE-HV_AirDist-SupFanMtr-cDXHP-2SpClgHtg-VFDStdMtr/instance-out.sql,88.16,909139.25,237.74,2451628.08
CZ02/Nrs&0&cDXHP&Ex&HV_AirDist/NE-HV_AirDist-SupFanMtr-cDXHP-2SpClgHtg-SRM/instance-out.sql,87.79,905315.56,236.50,2438776.81
CZ02/OfL&0&cDXHP&Ex&HV_AirDist/NE-HV_AirDist-SupFanMtr-cDXHP-2SpClgHtg-Cnst/instance-out.sql,81.86,2661236.04,262.04,8518491.02
CZ02/OfL&0&cDXHP&Ex&HV_AirDist/NE-HV_AirDist-SupFanMtr-cDXHP-2SpClgHtg-VFDStdMtr/instance-out.sql,64.53,2097836.00,204.18,6637656.77
CZ02/OfL&0&cDXHP&Ex&HV_AirDist/NE-HV_AirDist-SupFanMtr-cDXHP-2SpClgHtg-SRM/instance-out.sql,63.61,2067930.63,201.11,6537772.51
CZ02/OfS&0&cDXHP&Ex&HV_AirDist/NE-HV_AirDist-SupFanMtr-cDXHP-2SpClgHtg-Cnst/instance-out.sql,81.24,150987.36,243.37,452306.60
CZ02/OfS&0&cDXHP&Ex&HV_AirDist/NE-HV_AirDist-SupFanMtr-cDXHP-2SpClgHtg-VFDStdMtr/instance-out.sql,61.16,113665.98,176.30,327653.12
CZ02/OfS&0&cDXHP&Ex&HV_AirDist/NE-HV_AirDist-SupFanMtr-cDXHP-2SpClgHtg-SRM/instance-out.sql,60.09,111671.02,172.72,320989.92
CZ02/RFF&0&cDXHP&Ex&HV_AirDist/NE-HV_AirDist-SupFanMtr-cDXHP-2SpClgHtg-Cnst/instance-out.sql,293.62,109009.30,697.19,258836.79
CZ02/RFF&0&cDXHP&Ex&HV_AirDist/NE-HV_AirDist-SupFanMtr-cDXHP-2SpClgHtg-VFDStdMtr/instance-out.sql,267.21,99205.62,608.97,226084.07
CZ02/RFF&0&cDXHP&Ex&HV_AirDist/NE-HV_AirDist-SupFanMtr-cDXHP-2SpClgHtg-SRM/instance-out.sql,265.85,98698.26,604.40,224389.47
CZ02/RSD&0&cDXHP&Ex&HV_AirDist/NE-HV_AirDist-SupFanMtr-cDXHP-2SpClgHtg-Cnst/instance-out.sql,252.07,262402.06,538.45,560519.74
CZ02/RSD&0&cDXHP&Ex&HV_AirDist/NE-HV_AirDist-SupFanMtr-cDXHP-2SpClgHtg-VFDStdMtr/instance-out.sql,247.33,257470.36,522.34,543753.51
CZ02/RSD&0&cDXHP&Ex&HV_AirDist/NE-HV_AirDist-SupFanMtr-cDXHP-2SpClgHtg-SRM/instance-out.sql,247.10,257226.15,521.55,542923.93
CZ02/Rt3&0&cDXHP&Ex&HV_AirDist/NE-HV_AirDist-SupFanMtr-cDXHP-2SpClgHtg-Cnst/instance-out.sql,96.27,2146536.88,302.76,6750551.81
CZ02/Rt3&0&cDXHP&Ex&HV_AirDist/NE-HV_AirDist-SupFanMtr-cDXHP-2SpClgHtg-VFDStdMtr/instance-out.sql,79.50,1772621.04,246.71,5500792.24
CZ02/Rt3&0&cDXHP&Ex&HV_AirDist/NE-HV_AirDist-SupFanMtr-cDXHP-2SpClgHtg-SRM/instance-out.sql,78.65,1753744.12,243.88,5437715.54
CZ02/RtL&0&cDXHP&Ex&HV_AirDist/NE-HV_AirDist-SupFanMtr-cDXHP-2SpClgHtg-Cnst/instance-out.sql,175.91,2132766.00,555.20,6731217.98
CZ02/RtL&0&cDXHP&Ex&HV_AirDist/NE-HV_AirDist-SupFanMtr-cDXHP-2SpClgHtg-VFDStdMtr/instance-out.sql,146.58,1777173.76,457.24,5543534.24
CZ02/RtL&0&cDXHP&Ex&HV_AirDist/NE-HV_AirDist-SupFanMtr-cDXHP-2SpClgHtg-SRM/instance-out.sql,145.08,1758995.81,452.23,5482819.73
CZ02/RtS&0&cDXHP&Ex&HV_AirDist/NE-HV_AirDist-SupFanMtr-cDXHP-2SpClgHtg-Cnst/instance-out.sql,91.78,136452.09,281.92,419133.77
CZ02/RtS&0&cDXHP&Ex&HV_AirDist/NE-HV_AirDist-SupFanMtr-cDXHP-2SpClgHtg-VFDStdMtr/instance-out.sql,75.51,112263.23,227.58,338342.94
CZ02/RtS&0&cDXHP&Ex&HV_AirDist/NE-HV_AirDist-SupFanMtr-cDXHP-2SpClgHtg-SRM/instance-out.sql,74.69,111038.22,224.83,334251.41
CZ02/SCn&0&cDXHP&Ex&HV_AirDist/NE-HV_AirDist-SupFanMtr-cDXHP-2SpClgHtg-Cnst/instance-out.sql,73.89,3432256.50,242.48,11263393.29
CZ02/SCn&0&cDXHP&Ex&HV_AirDist/NE-HV_AirDist-SupFanMtr-cDXHP-2SpClgHtg-VFDStdMtr/instance-out.sql,50.52,2346871.26,164.44,7638206.57
CZ02/SCn&0&cDXHP&Ex&HV_AirDist/NE-HV_AirDist-SupFanMtr-cDXHP-2SpClgHtg-SRM/instance-out.sql,49.46,2297547.31,160.89,7473464.58
CZ02/Asm&0&cDXOH&Ex&HV_AirDist/NE-HV_AirDist-SupFanMtr-cDXOH-2SpClgHtg-Cnst/instance-out.sql,97.97,618950.01,318.85,2014474.51
CZ02/Asm&0&cDXOH&Ex&HV_AirDist/NE-HV_AirDist-SupFanMtr-cDXOH-2SpClgHtg-VFDStdMtr/instance-out.sql,72.64,458911.65,234.24,1479945.90
CZ02/Asm&0&cDXOH&Ex&HV_AirDist/NE-HV_AirDist-SupFanMtr-cDXOH-2SpClgHtg-SRM/instance-out.sql,71.40,451109.78,230.12,1453887.71
CZ02/ECC&0&cDXOH&Ex&HV_AirDist/NE-HV_AirDist-SupFanMtr-cDXOH-2SpClgHtg-Cnst/instance-out.sql,98.31,2595502.41,282.36,7455064.86
CZ02/ECC&0&cDXOH&Ex&HV_AirDist/NE-HV_AirDist-SupFanMtr-cDXOH-2SpClgHtg-VFDStdMtr/instance-out.sql,84.71,2236609.54,236.95,6256009.86
CZ02/ECC&0&cDXOH&Ex&HV_AirDist/NE-HV_AirDist-SupFanMtr-cDXOH-2SpClgHtg-SRM/instance-out.sql,84.03,2218594.48,234.67,6195823.22
CZ02/EPr&0&cDXOH&Ex&HV_AirDist/NE-HV_AirDist-SupFanMtr-cDXOH-2SpClgHtg-Cnst/instance-out.sql,103.71,392594.68,267.47,1012457.69
CZ02/EPr&0&cDXOH&Ex&HV_AirDist/NE-HV_AirDist-SupFanMtr-cDXOH-2SpClgHtg-VFDStdMtr/instance-out.sql,90.27,341704.54,222.56,842484.26
CZ02/EPr&0&cDXOH&Ex&HV_AirDist/NE-HV_AirDist-SupFanMtr-cDXOH-2SpClgHtg-SRM/instance-out.sql,89.61,339213.74,220.36,834165.00
CZ02/ERC&0&cDXOH&Ex&HV_AirDist/NE-HV_AirDist-SupFanMtr-cDXOH-2SpClgHtg-Cnst/instance-out.sql,68.36,18313.44,148.23,39709.13
CZ02/ERC&0&cDXOH&Ex&HV_AirDist/NE-HV_AirDist-SupFanMtr-cDXOH-2SpClgHtg-VFDStdMtr/instance-out.sql,58.03,15544.93,113.71,30462.27
CZ02/ERC&0&cDXOH&Ex&HV_AirDist/NE-HV_AirDist-SupFanMtr-cDXOH-2SpClgHtg-SRM/instance-out.sql,57.57,15422.78,112.19,30054.32
CZ02/ESe&0&cDXOH&Ex&HV_AirDist/NE-HV_AirDist-SupFanMtr-cDXOH-2SpClgHtg-Cnst/instance-out.sql,185.37,1281289.07,460.17,3180805.41
CZ02/ESe&0&cDXOH&Ex&HV_AirDist/NE-HV_AirDist-SupFanMtr-cDXOH-2SpClgHtg-VFDStdMtr/instance-out.sql,176.65,1221054.91,430.78,2977635.61
CZ02/ESe&0&cDXOH&Ex&HV_AirDist/NE-HV_AirDist-SupFanMtr-cDXOH-2SpClgHtg-SRM/instance-out.sql,176.22,1218062.69,429.32,2967562.65
CZ02/EUn&0&cDXOH&Ex&HV_AirDist/NE-HV_AirDist-SupFanMtr-cDXOH-2SpClgHtg-Cnst/instance-out.sql,105.15,8379420.67,324.24,25839113.15
CZ02/EUn&0&cDXOH&Ex&HV_AirDist/NE-HV_AirDist-SupFanMtr-cDXOH-2SpClgHtg-VFDStdMtr/instance-out.sql,90.02,7173674.45,273.62,21804979.82
CZ02/EUn&0&cDXOH&Ex&HV_AirDist/NE-HV_AirDist-SupFanMtr-cDXOH-2SpClgHtg-SRM/instance-out.sql,89.25,7112771.24,271.06,21601333.02
CZ02/Gro&0&cDXOH&Ex&HV_AirDist/NE-HV_AirDist-SupFanMtr-cDXOH-2SpClgHtg-Cnst/instance-out.sql
CZ02/Gro&0&cDXOH&Ex&HV_AirDist/NE-HV_AirDist-SupFanMtr-cDXOH-2SpClgHtg-VFDStdMtr/instance-out.sql
CZ02/Gro&0&cDXOH&Ex&HV_AirDist/NE-HV_AirDist-SupFanMtr-cDXOH-2SpClgHtg-SRM/instance-out.sql
CZ02/Hsp&0&cDXOH&Ex&HV_AirDist/NE-HV_AirDist-SupFanMtr-cDXOH-2SpClgHtg-Cnst/instance-out.sql,83.31,3823980.00,244.88,11239990.71
CZ02/Hsp&0&cDXOH&Ex&HV_AirDist/NE-HV_AirDist-SupFanMtr-cDXOH-2SpClgHtg-VFDStdMtr/instance-out.sql,78.84,3618846.60,229.22,10520889.49
CZ02/Hsp&0&cDXOH&Ex&HV_AirDist/NE-HV_AirDist-SupFanMtr-cDXOH-2SpClgHtg-SRM/instance-out.sql,78.62,3608786.09,228.45,10485867.21
CZ02/MBT&0&cDXOH&Ex&HV_AirDist/NE-HV_AirDist-SupFanMtr-cDXOH-2SpClgHtg-Cnst/instance-out.sql,198.46,7373989.24,414.68,15408081.55
CZ02/MBT&0&cDXOH&Ex&HV_AirDist/NE-HV_AirDist-SupFanMtr-cDXOH-2SpClgHtg-VFDStdMtr/instance-out.sql,192.10,7137819.96,392.69,14590968.96
CZ02/MBT&0&cDXOH&Ex&HV_AirDist/NE-HV_AirDist-SupFanMtr-cDXOH-2SpClgHtg-SRM/instance-out.sql,191.81,7127006.41,391.69,14553686.37
CZ02/MLI&0&cDXOH&Ex&HV_AirDist/NE-HV_AirDist-SupFanMtr-cDXOH-2SpClgHtg-Cnst/instance-out.sql,105.74,982523.46,340.88,3167314.60
CZ02/MLI&0&cDXOH&Ex&HV_AirDist/NE-HV_AirDist-SupFanMtr-cDXOH-2SpClgHtg-VFDStdMtr/instance-out.sql,75.85,704752.94,241.03,2239561.04
CZ02/MLI&0&cDXOH&Ex&HV_AirDist/NE-HV_AirDist-SupFanMtr-cDXOH-2SpClgHtg-SRM/instance-out.sql,74.60,693153.11,236.86,2200817.61
CZ02/Mtl&0&cDXOH&Ex&HV_AirDist/NE-HV_AirDist-SupFanMtr-cDXOH-2SpClgHtg-Cnst/instance-out.sql,58.95,164226.40,187.30,521792.23
CZ02/Mtl&0&cDXOH&Ex&HV_AirDist/NE-HV_AirDist-SupFanMtr-cDXOH-2SpClgHtg-VFDStdMtr/instance-out.sql,43.43,120998.44,133.46,371805.55
CZ02/Mtl&0&cDXOH&Ex&HV_AirDist/NE-HV_AirDist-SupFanMtr-cDXOH-2SpClgHtg-SRM/instance-out.sql,42.74,119079.25,131.09,365188.23
CZ02/Nrs&0&cDXOH&Ex&HV_AirDist/NE-HV_AirDist-SupFanMtr-cDXOH-2SpClgHtg-Cnst/instance-out.sql,95.19,981608.71,260.28,2684006.77
CZ02/Nrs&0&cDXOH&Ex&HV_AirDist/NE-HV_AirDist-SupFanMtr-cDXOH-2SpClgHtg-VFDStdMtr/instance-out.sql,87.86,905998.00,234.58,2419002.81
CZ02/Nrs&0&cDXOH&Ex&HV_AirDist/NE-HV_AirDist-SupFanMtr-cDXOH-2SpClgHtg-SRM/instance-out.sql,87.50,902338.21,233.33,2406174.81
CZ02/OfL&0&cDXOH&Ex&HV_AirDist/NE-HV_AirDist-SupFanMtr-cDXOH-2SpClgHtg-Cnst/instance-out.sql,81.13,2637398.53,259.58,8438584.74
CZ02/OfL&0&cDXOH&Ex&HV_AirDist/NE-HV_AirDist-SupFanMtr-cDXOH-2SpClgHtg-VFDStdMtr/instance-out.sql,61.97,2014697.47,195.60,6358778.31
CZ02/OfL&0&cDXOH&Ex&HV_AirDist/NE-HV_AirDist-SupFanMtr-cDXOH-2SpClgHtg-SRM/instance-out.sql,61.01,1983347.15,192.38,6254067.95
CZ02/OfS&0&cDXOH&Ex&HV_AirDist/NE-HV_AirDist-SupFanMtr-cDXOH-2SpClgHtg-Cnst/instance-out.sql,79.78,148274.04,238.50,443244.13
CZ02/OfS&0&cDXOH&Ex&HV_AirDist/NE-HV_AirDist-SupFanMtr-cDXOH-2SpClgHtg-VFDStdMtr/instance-out.sql,56.65,105286.06,161.24,299664.23
CZ02/OfS&0&cDXOH&Ex&HV_AirDist/NE-HV_AirDist-SupFanMtr-cDXOH-2SpClgHtg-SRM/instance-out.sql,55.52,103187.76,157.47,292655.90
CZ02/RFF&0&cDXOH&Ex&HV_AirDist/NE-HV_AirDist-SupFanMtr-cDXOH-2SpClgHtg-Cnst/instance-out.sql,289.14,107345.13,681.71,253091.14
CZ02/RFF&0&cDXOH&Ex&HV_AirDist/NE-HV_AirDist-SupFanMtr-cDXOH-2SpClgHtg-VFDStdMtr/instance-out.sql,258.06,95808.75,577.57,214429.32
CZ02/RFF&0&cDXOH&Ex&HV_AirDist/NE-HV_AirDist-SupFanMtr-cDXOH-2SpClgHtg-SRM/instance-out.sql,256.65,95282.27,572.83,212666.43
CZ02/RSD&0&cDXOH&Ex&HV_AirDist/NE-HV_AirDist-SupFanMtr-cDXOH-2SpClgHtg-Cnst/instance-out.sql,251.69,262008.69,536.46,558450.60
CZ02/RSD&0&cDXOH&Ex&HV_AirDist/NE-HV_AirDist-SupFanMtr-cDXOH-2SpClgHtg-VFDStdMtr/instance-out.sql,246.42,256516.22,518.28,539519.41
CZ02/RSD&0&cDXOH&Ex&HV_AirDist/NE-HV_AirDist-SupFanMtr-cDXOH-2SpClgHtg-SRM/instance-out.sql,246.17,256261.30,517.44,538649.04
CZ02/Rt3&0&cDXOH&Ex&HV_AirDist/NE-HV_AirDist-SupFanMtr-cDXOH-2SpClgHtg-Cnst/instance-out.sql,94.83,2114509.60,297.92,6642641.00
CZ02/Rt3&0&cDXOH&Ex&HV_AirDist/NE-HV_AirDist-SupFanMtr-cDXOH-2SpClgHtg-VFDStdMtr/instance-out.sql,76.49,1705377.21,236.52,5273542.50
CZ02/Rt3&0&cDXOH&Ex&HV_AirDist/NE-HV_AirDist-SupFanMtr-cDXOH-2SpClgHtg-SRM/instance-out.sql,75.61,1685919.38,233.60,5208445.85
CZ02/RtL&0&cDXOH&Ex&HV_AirDist/NE-HV_AirDist-SupFanMtr-cDXOH-2SpClgHtg-Cnst/instance-out.sql,172.88,2096006.61,545.07,6608369.82
CZ02/RtL&0&cDXOH&Ex&HV_AirDist/NE-HV_AirDist-SupFanMtr-cDXOH-2SpClgHtg-VFDStdMtr/instance-out.sql,141.57,1716346.59,440.46,5340122.40
CZ02/RtL&0&cDXOH&Ex&HV_AirDist/NE-HV_AirDist-SupFanMtr-cDXOH-2SpClgHtg-SRM/instance-out.sql,140.05,1698004.04,435.41,5278850.73
CZ02/RtS&0&cDXOH&Ex&HV_AirDist/NE-HV_AirDist-SupFanMtr-cDXOH-2SpClgHtg-Cnst/instance-out.sql,87.80,130534.92,268.63,399370.44
CZ02/RtS&0&cDXOH&Ex&HV_AirDist/NE-HV_AirDist-SupFanMtr-cDXOH-2SpClgHtg-VFDStdMtr/instance-out.sql,69.84,103827.43,208.63,310167.36
CZ02/RtS&0&cDXOH&Ex&HV_AirDist/NE-HV_AirDist-SupFanMtr-cDXOH-2SpClgHtg-SRM/instance-out.sql,69.01,102600.35,205.87,306068.90
CZ02/SCn&0&cDXOH&Ex&HV_AirDist/NE-HV_AirDist-SupFanMtr-cDXOH-2SpClgHtg-Cnst/instance-out.sql,53.03,2463239.20,172.80,8026875.50
CZ02/SCn&0&cDXOH&Ex&HV_AirDist/NE-HV_AirDist-SupFanMtr-cDXOH-2SpClgHtg-VFDStdMtr/instance-out.sql,36.51,1696044.88,117.64,5464446.48
CZ02/SCn&0&cDXOH&Ex&HV_AirDist/NE-HV_AirDist-SupFanMtr-cDXOH-2SpClgHtg-SRM/instance-out.sql,35.89,1667211.28,115.57,5368142.25
CZ03/Asm&0&cDXGF&Ex&HV_AirDist/NE-HV_AirDist-SupFanMtr-cDXGF-2SpClgHtg-Cnst/instance-out.sql,116.02,733041.18,319.77,2020332.49
CZ03/Asm&0&cDXGF&Ex&HV_AirDist/NE-HV_AirDist-SupFanMtr-cDXGF-2SpClgHtg-VFDStdMtr/instance-out.sql,92.54,584682.55,246.35,1556449.71
CZ03/Asm&0&cDXGF&Ex&HV_AirDist/NE-HV_AirDist-SupFanMtr-cDXGF-2SpClgHtg-SRM/instance-out.sql,91.83,580169.00,242.85,1534332.86
CZ03/ECC&0&cDXGF&Ex&HV_AirDist/NE-HV_AirDist-SupFanMtr-cDXGF-2SpClgHtg-Cnst/instance-out.sql,96.56,2549459.00,271.77,7175243.81
CZ03/ECC&0&cDXGF&Ex&HV_AirDist/NE-HV_AirDist-SupFanMtr-cDXGF-2SpClgHtg-VFDStdMtr/instance-out.sql,86.07,2272403.18,233.16,6155933.96
CZ03/ECC&0&cDXGF&Ex&HV_AirDist/NE-HV_AirDist-SupFanMtr-cDXGF-2SpClgHtg-SRM/instance-out.sql,85.52,2257832.17,231.04,6100040.07
CZ03/EPr&0&cDXGF&Ex&HV_AirDist/NE-HV_AirDist-SupFanMtr-cDXGF-2SpClgHtg-Cnst/instance-out.sql,105.19,398167.10,259.40,981945.43
CZ03/EPr&0&cDXGF&Ex&HV_AirDist/NE-HV_AirDist-SupFanMtr-cDXGF-2SpClgHtg-VFDStdMtr/instance-out.sql,95.76,362502.55,223.53,846137.94
CZ03/EPr&0&cDXGF&Ex&HV_AirDist/NE-HV_AirDist-SupFanMtr-cDXGF-2SpClgHtg-SRM/instance-out.sql,95.30,360736.29,221.55,838652.58
CZ03/ERC&0&cDXGF&Ex&HV_AirDist/NE-HV_AirDist-SupFanMtr-cDXGF-2SpClgHtg-Cnst/instance-out.sql,72.19,19338.15,146.02,39117.96
CZ03/ERC&0&cDXGF&Ex&HV_AirDist/NE-HV_AirDist-SupFanMtr-cDXGF-2SpClgHtg-VFDStdMtr/instance-out.sql,67.01,17951.43,121.67,32594.01
CZ03/ERC&0&cDXGF&Ex&HV_AirDist/NE-HV_AirDist-SupFanMtr-cDXGF-2SpClgHtg-SRM/instance-out.sql,66.78,17891.03,120.41,32257.11
CZ03/ESe&0&cDXGF&Ex&HV_AirDist/NE-HV_AirDist-SupFanMtr-cDXGF-2SpClgHtg-Cnst/instance-out.sql,169.31,1170319.85,423.64,2928310.67
CZ03/ESe&0&cDXGF&Ex&HV_AirDist/NE-HV_AirDist-SupFanMtr-cDXGF-2SpClgHtg-VFDStdMtr/instance-out.sql,162.77,1125124.09,399.47,2761206.70
CZ03/ESe&0&cDXGF&Ex&HV_AirDist/NE-HV_AirDist-SupFanMtr-cDXGF-2SpClgHtg-SRM/instance-out.sql,162.43,1122731.31,398.13,2751947.18
CZ03/EUn&0&cDXGF&Ex&HV_AirDist/NE-HV_AirDist-SupFanMtr-cDXGF-2SpClgHtg-Cnst/instance-out.sql,102.53,8170489.62,311.89,24854832.71
CZ03/EUn&0&cDXGF&Ex&HV_AirDist/NE-HV_AirDist-SupFanMtr-cDXGF-2SpClgHtg-VFDStdMtr/instance-out.sql,90.84,7239297.06,269.19,21451930.50
CZ03/EUn&0&cDXGF&Ex&HV_AirDist/NE-HV_AirDist-SupFanMtr-cDXGF-2SpClgHtg-SRM/instance-out.sql,90.21,7188596.72,266.79,21261046.11
CZ03/Gro&0&cDXGF&Ex&HV_AirDist/NE-HV_AirDist-SupFanMtr-cDXGF-2SpClgHtg-Cnst/instance-out.sql,424.49,1971690.52,1321.57,6138538.38
CZ03/Gro&0&cDXGF&Ex&HV_AirDist/NE-HV_AirDist-SupFanMtr-cDXGF-2SpClgHtg-VFDStdMtr/instance-out.sql,410.68,1907535.54,1247.36,5793836.49
CZ03/Gro&0&cDXGF&Ex&HV_AirDist/NE-HV_AirDist-SupFanMtr-cDXGF-2SpClgHtg-SRM/instance-out.sql,410.21,1905365.49,1244.08,5778596.79
CZ03/Hsp&0&cDXGF&Ex&HV_AirDist/NE-HV_AirDist-SupFanMtr-cDXGF-2SpClgHtg-Cnst/instance-out.sql,74.09,3400796.14,220.05,10100019.90
CZ03/Hsp&0&cDXGF&Ex&HV_AirDist/NE-HV_AirDist-SupFanMtr-cDXGF-2SpClgHtg-VFDStdMtr/instance-out.sql,70.38,3230418.57,206.60,9482906.61
CZ03/Hsp&0&cDXGF&Ex&HV_AirDist/NE-HV_AirDist-SupFanMtr-cDXGF-2SpClgHtg-SRM/instance-out.sql,70.19,3221471.50,205.88,9449956.52
CZ03/MBT&0&cDXGF&Ex&HV_AirDist/NE-HV_AirDist-SupFanMtr-cDXGF-2SpClgHtg-Cnst/instance-out.sql,176.71,6565935.37,382.13,14198502.61
CZ03/MBT&0&cDXGF&Ex&HV_AirDist/NE-HV_AirDist-SupFanMtr-cDXGF-2SpClgHtg-VFDStdMtr/instance-out.sql,172.18,6397649.90,364.52,13544231.48
CZ03/MBT&0&cDXGF&Ex&HV_AirDist/NE-HV_AirDist-SupFanMtr-cDXGF-2SpClgHtg-SRM/instance-out.sql,171.97,6389610.12,363.62,13510774.31
CZ03/MLI&0&cDXGF&Ex&HV_AirDist/NE-HV_AirDist-SupFanMtr-cDXGF-2SpClgHtg-Cnst/instance-out.sql,114.29,1061938.60,342.19,3179510.94
CZ03/MLI&0&cDXGF&Ex&HV_AirDist/NE-HV_AirDist-SupFanMtr-cDXGF-2SpClgHtg-VFDStdMtr/instance-out.sql,95.80,890125.85,261.37,2428571.86
CZ03/MLI&0&cDXGF&Ex&HV_AirDist/NE-HV_AirDist-SupFanMtr-cDXGF-2SpClgHtg-SRM/instance-out.sql,95.07,883363.80,257.73,2394727.05
CZ03/Mtl&0&cDXGF&Ex&HV_AirDist/NE-HV_AirDist-SupFanMtr-cDXGF-2SpClgHtg-Cnst/instance-out.sql,59.73,166401.34,179.59,500315.63
CZ03/Mtl&0&cDXGF&Ex&HV_AirDist/NE-HV_AirDist-SupFanMtr-cDXGF-2SpClgHtg-VFDStdMtr/instance-out.sql,49.12,136836.95,136.46,380144.04
CZ03/Mtl&0&cDXGF&Ex&HV_AirDist/NE-HV_AirDist-SupFanMtr-cDXGF-2SpClgHtg-SRM/instance-out.sql,48.62,135444.28,134.30,374120.31
CZ03/Nrs&0&cDXGF&Ex&HV_AirDist/NE-HV_AirDist-SupFanMtr-cDXGF-2SpClgHtg-Cnst/instance-out.sql,90.38,931994.18,248.18,2559312.35
CZ03/Nrs&0&cDXGF&Ex&HV_AirDist/NE-HV_AirDist-SupFanMtr-cDXGF-2SpClgHtg-VFDStdMtr/instance-out.sql,84.22,868501.49,225.58,2326196.63
CZ03/Nrs&0&cDXGF&Ex&HV_AirDist/NE-HV_AirDist-SupFanMtr-cDXGF-2SpClgHtg-SRM/instance-out.sql,83.90,865226.28,224.37,2313734.96
CZ03/OfL&0&cDXGF&Ex&HV_AirDist/NE-HV_AirDist-SupFanMtr-cDXGF-2SpClgHtg-Cnst/instance-out.sql,77.34,2514300.87,245.10,7967895.77
CZ03/OfL&0&cDXGF&Ex&HV_AirDist/NE-HV_AirDist-SupFanMtr-cDXGF-2SpClgHtg-VFDStdMtr/instance-out.sql,61.69,2005297.15,189.82,6170902.37
CZ03/OfL&0&cDXGF&Ex&HV_AirDist/NE-HV_AirDist-SupFanMtr-cDXGF-2SpClgHtg-SRM/instance-out.sql,60.84,1977976.96,186.76,6071160.67
CZ03/OfS&0&cDXGF&Ex&HV_AirDist/NE-HV_AirDist-SupFanMtr-cDXGF-2SpClgHtg-Cnst/instance-out.sql,77.64,144298.95,224.07,416433.66
CZ03/OfS&0&cDXGF&Ex&HV_AirDist/NE-HV_AirDist-SupFanMtr-cDXGF-2SpClgHtg-VFDStdMtr/instance-out.sql,60.70,112818.19,160.96,299149.38
CZ03/OfS&0&cDXGF&Ex&HV_AirDist/NE-HV_AirDist-SupFanMtr-cDXGF-2SpClgHtg-SRM/instance-out.sql,59.86,111240.07,157.64,292966.03
CZ03/RFF&0&cDXGF&Ex&HV_AirDist/NE-HV_AirDist-SupFanMtr-cDXGF-2SpClgHtg-Cnst/instance-out.sql,287.83,106858.06,658.72,244556.13
CZ03/RFF&0&cDXGF&Ex&HV_AirDist/NE-HV_AirDist-SupFanMtr-cDXGF-2SpClgHtg-VFDStdMtr/instance-out.sql,267.61,99353.28,577.17,214278.59
CZ03/RFF&0&cDXGF&Ex&HV_AirDist/NE-HV_AirDist-SupFanMtr-cDXGF-2SpClgHtg-SRM/instance-out.sql,266.66,98999.13,572.96,212715.04
CZ03/RSD&0&cDXGF&Ex&HV_AirDist/NE-HV_AirDist-SupFanMtr-cDXGF-2SpClgHtg-Cnst/instance-out.sql,226.01,235273.83,485.76,505673.05
CZ03/RSD&0&cDXGF&Ex&HV_AirDist/NE-HV_AirDist-SupFanMtr-cDXGF-2SpClgHtg-VFDStdMtr/instance-out.sql,222.18,231291.36,470.65,489935.43
CZ03/RSD&0&cDXGF&Ex&HV_AirDist/NE-HV_AirDist-SupFanMtr-cDXGF-2SpClgHtg-SRM/instance-out.sql,222.01,231106.31,469.88,489140.79
CZ03/Rt3&0&cDXGF&Ex&HV_AirDist/NE-HV_AirDist-SupFanMtr-cDXGF-2SpClgHtg-Cnst/instance-out.sql,91.72,2045149.80,282.60,6300986.77
CZ03/Rt3&0&cDXGF&Ex&HV_AirDist/NE-HV_AirDist-SupFanMtr-cDXGF-2SpClgHtg-VFDStdMtr/instance-out.sql,77.91,1737170.46,231.66,5165241.25
CZ03/Rt3&0&cDXGF&Ex&HV_AirDist/NE-HV_AirDist-SupFanMtr-cDXGF-2SpClgHtg-SRM/instance-out.sql,77.23,1722048.14,229.07,5107464.23
CZ03/RtL&0&cDXGF&Ex&HV_AirDist/NE-HV_AirDist-SupFanMtr-cDXGF-2SpClgHtg-Cnst/instance-out.sql,168.40,2041621.05,522.75,6337834.81
CZ03/RtL&0&cDXGF&Ex&HV_AirDist/NE-HV_AirDist-SupFanMtr-cDXGF-2SpClgHtg-VFDStdMtr/instance-out.sql,144.08,1746811.82,432.70,5246110.46
CZ03/RtL&0&cDXGF&Ex&HV_AirDist/NE-HV_AirDist-SupFanMtr-cDXGF-2SpClgHtg-SRM/instance-out.sql,142.85,1731937.68,428.03,5189424.18
CZ03/RtS&0&cDXGF&Ex&HV_AirDist/NE-HV_AirDist-SupFanMtr-cDXGF-2SpClgHtg-Cnst/instance-out.sql,89.62,133232.72,260.12,386724.72
CZ03/RtS&0&cDXGF&Ex&HV_AirDist/NE-HV_AirDist-SupFanMtr-cDXGF-2SpClgHtg-VFDStdMtr/instance-out.sql,77.63,115412.35,212.20,315480.78
CZ03/RtS&0&cDXGF&Ex&HV_AirDist/NE-HV_AirDist-SupFanMtr-cDXGF-2SpClgHtg-SRM/instance-out.sql,77.06,114557.21,209.75,311838.62
CZ03/SCn&0&cDXGF&Ex&HV_AirDist/NE-HV_AirDist-SupFanMtr-cDXGF-2SpClgHtg-Cnst/instance-out.sql,77.26,3588829.15,217.13,10085866.71
CZ03/SCn&0&cDXGF&Ex&HV_AirDist/NE-HV_AirDist-SupFanMtr-cDXGF-2SpClgHtg-VFDStdMtr/instance-out.sql,65.13,3025172.76,155.32,7214507.34
CZ03/SCn&0&cDXGF&Ex&HV_AirDist/NE-HV_AirDist-SupFanMtr-cDXGF-2SpClgHtg-SRM/instance-out.sql,64.74,3007428.40,152.70,7093083.02
CZ03/Asm&0&cDXHP&Ex&HV_AirDist/NE-HV_AirDist-SupFanMtr-cDXHP-2SpClgHtg-Cnst/instance-out.sql,94.00,593892.39,305.67,1931240.39
CZ03/Asm&0&cDXHP&Ex&HV_AirDist/NE-HV_AirDist-SupFanMtr-cDXHP-2SpClgHtg-VFDStdMtr/instance-out.sql,71.66,452771.62,231.07,1459896.62
CZ03/Asm&0&cDXHP&Ex&HV_AirDist/NE-HV_AirDist-SupFanMtr-cDXHP-2SpClgHtg-SRM/instance-out.sql,70.53,445616.57,227.29,1435998.85
CZ03/ECC&0&cDXHP&Ex&HV_AirDist/NE-HV_AirDist-SupFanMtr-cDXHP-2SpClgHtg-Cnst/instance-out.sql,94.66,2499304.78,270.72,7147710.07
CZ03/ECC&0&cDXHP&Ex&HV_AirDist/NE-HV_AirDist-SupFanMtr-cDXHP-2SpClgHtg-VFDStdMtr/instance-out.sql,82.76,2185051.27,230.97,6098057.92
CZ03/ECC&0&cDXHP&Ex&HV_AirDist/NE-HV_AirDist-SupFanMtr-cDXHP-2SpClgHtg-SRM/instance-out.sql,82.11,2167795.83,228.78,6040420.54
CZ03/EPr&0&cDXHP&Ex&HV_AirDist/NE-HV_AirDist-SupFanMtr-cDXHP-2SpClgHtg-Cnst/instance-out.sql,100.26,379504.20,256.47,970828.94
CZ03/EPr&0&cDXHP&Ex&HV_AirDist/NE-HV_AirDist-SupFanMtr-cDXHP-2SpClgHtg-VFDStdMtr/instance-out.sql,88.97,336768.75,218.76,828091.97
CZ03/EPr&0&cDXHP&Ex&HV_AirDist/NE-HV_AirDist-SupFanMtr-cDXHP-2SpClgHtg-SRM/instance-out.sql,88.34,334402.80,216.67,820189.70
CZ03/ERC&0&cDXHP&Ex&HV_AirDist/NE-HV_AirDist-SupFanMtr-cDXHP-2SpClgHtg-Cnst/instance-out.sql,66.70,17867.38,142.95,38294.55
CZ03/ERC&0&cDXHP&Ex&HV_AirDist/NE-HV_AirDist-SupFanMtr-cDXHP-2SpClgHtg-VFDStdMtr/instance-out.sql,58.66,15714.71,116.11,31104.61
CZ03/ERC&0&cDXHP&Ex&HV_AirDist/NE-HV_AirDist-SupFanMtr-cDXHP-2SpClgHtg-SRM/instance-out.sql,58.25,15603.54,114.72,30733.31
CZ03/ESe&0&cDXHP&Ex&HV_AirDist/NE-HV_AirDist-SupFanMtr-cDXHP-2SpClgHtg-Cnst/instance-out.sql,167.82,1160018.71,422.81,2922523.68
CZ03/ESe&0&cDXHP&Ex&HV_AirDist/NE-HV_AirDist-SupFanMtr-cDXHP-2SpClgHtg-VFDStdMtr/instance-out.sql,160.39,1108652.74,397.91,2750405.44
CZ03/ESe&0&cDXHP&Ex&HV_AirDist/NE-HV_AirDist-SupFanMtr-cDXHP-2SpClgHtg-SRM/instance-out.sql,159.98,1105782.44,396.52,2740796.76
CZ03/EUn&0&cDXHP&Ex&HV_AirDist/NE-HV_AirDist-SupFanMtr-cDXHP-2SpClgHtg-Cnst/instance-out.sql,100.92,8042043.10,310.93,24777958.27
CZ03/EUn&0&cDXHP&Ex&HV_AirDist/NE-HV_AirDist-SupFanMtr-cDXHP-2SpClgHtg-VFDStdMtr/instance-out.sql,87.82,6998192.87,267.16,21290211.96
CZ03/EUn&0&cDXHP&Ex&HV_AirDist/NE-HV_AirDist-SupFanMtr-cDXHP-2SpClgHtg-SRM/instance-out.sql,87.08,6939624.25,264.70,21094551.67
CZ03/Gro&0&cDXHP&Ex&HV_AirDist/NE-HV_AirDist-SupFanMtr-cDXHP-2SpClgHtg-Cnst/instance-out.sql,400.79,1861624.97,1308.28,6076784.92
CZ03/Gro&0&cDXHP&Ex&HV_AirDist/NE-HV_AirDist-SupFanMtr-cDXHP-2SpClgHtg-VFDStdMtr/instance-out.sql,375.37,1743558.57,1223.38,5682443.16
CZ03/Gro&0&cDXHP&Ex&HV_AirDist/NE-HV_AirDist-SupFanMtr-cDXHP-2SpClgHtg-SRM/instance-out.sql,374.26,1738396.66,1219.67,5665202.35
CZ03/Hsp&0&cDXHP&Ex&HV_AirDist/NE-HV_AirDist-SupFanMtr-cDXHP-2SpClgHtg-Cnst/instance-out.sql,73.70,3382602.12,219.83,10090036.13
CZ03/Hsp&0&cDXHP&Ex&HV_AirDist/NE-HV_AirDist-SupFanMtr-cDXHP-2SpClgHtg-VFDStdMtr/instance-out.sql,69.68,3198162.09,206.14,9461568.76
CZ03/Hsp&0&cDXHP&Ex&HV_AirDist/NE-HV_AirDist-SupFanMtr-cDXHP-2SpClgHtg-SRM/instance-out.sql,69.46,3188255.07,205.41,9427946.40
CZ03/MBT&0&cDXHP&Ex&HV_AirDist/NE-HV_AirDist-SupFanMtr-cDXHP-2SpClgHtg-Cnst/instance-out.sql,174.78,6494151.81,380.98,14155816.22
CZ03/MBT&0&cDXHP&Ex&HV_AirDist/NE-HV_AirDist-SupFanMtr-cDXHP-2SpClgHtg-VFDStdMtr/instance-out.sql,169.36,6292669.21,362.56,13471561.05
CZ03/MBT&0&cDXHP&Ex&HV_AirDist/NE-HV_AirDist-SupFanMtr-cDXHP-2SpClgHtg-SRM/instance-out.sql,169.08,6282351.20,361.62,13436629.31
CZ03/MLI&0&cDXHP&Ex&HV_AirDist/NE-HV_AirDist-SupFanMtr-cDXHP-2SpClgHtg-Cnst/instance-out.sql,104.55,971477.55,337.04,3131625.72
CZ03/MLI&0&cDXHP&Ex&HV_AirDist/NE-HV_AirDist-SupFanMtr-cDXHP-2SpClgHtg-VFDStdMtr/instance-out.sql,78.61,730423.86,250.39,2326506.40
CZ03/MLI&0&cDXHP&Ex&HV_AirDist/NE-HV_AirDist-SupFanMtr-cDXHP-2SpClgHtg-SRM/instance-out.sql,77.44,719496.08,246.46,2290007.61
CZ03/Mtl&0&cDXHP&Ex&HV_AirDist/NE-HV_AirDist-SupFanMtr-cDXHP-2SpClgHtg-Cnst/instance-out.sql,55.01,153257.16,176.91,492829.93
CZ03/Mtl&0&cDXHP&Ex&HV_AirDist/NE-HV_AirDist-SupFanMtr-cDXHP-2SpClgHtg-VFDStdMtr/instance-out.sql,41.38,115287.33,131.36,365951.68
CZ03/Mtl&0&cDXHP&Ex&HV_AirDist/NE-HV_AirDist-SupFanMtr-cDXHP-2SpClgHtg-SRM/instance-out.sql,40.70,113369.63,129.07,359558.64
CZ03/Nrs&0&cDXHP&Ex&HV_AirDist/NE-HV_AirDist-SupFanMtr-cDXHP-2SpClgHtg-Cnst/instance-out.sql,89.10,918787.01,247.44,2551616.81
CZ03/Nrs&0&cDXHP&Ex&HV_AirDist/NE-HV_AirDist-SupFanMtr-cDXHP-2SpClgHtg-VFDStdMtr/instance-out.sql,82.26,848296.22,224.24,2312378.40
CZ03/Nrs&0&cDXHP&Ex&HV_AirDist/NE-HV_AirDist-SupFanMtr-cDXHP-2SpClgHtg-SRM/instance-out.sql,81.90,844560.62,223.01,2299684.56
CZ03/OfL&0&cDXHP&Ex&HV_AirDist/NE-HV_AirDist-SupFanMtr-cDXHP-2SpClgHtg-Cnst/instance-out.sql,76.24,2478350.50,244.40,7945061.50
CZ03/OfL&0&cDXHP&Ex&HV_AirDist/NE-HV_AirDist-SupFanMtr-cDXHP-2SpClgHtg-VFDStdMtr/instance-out.sql,59.54,1935499.00,188.65,6132603.96
CZ03/OfL&0&cDXHP&Ex&HV_AirDist/NE-HV_AirDist-SupFanMtr-cDXHP-2SpClgHtg-SRM/instance-out.sql,58.59,1904748.40,185.49,6029890.01
CZ03/OfS&0&cDXHP&Ex&HV_AirDist/NE-HV_AirDist-SupFanMtr-cDXHP-2SpClgHtg-Cnst/instance-out.sql,74.86,139128.24,222.33,413203.07
CZ03/OfS&0&cDXHP&Ex&HV_AirDist/NE-HV_AirDist-SupFanMtr-cDXHP-2SpClgHtg-VFDStdMtr/instance-out.sql,55.51,103170.58,157.71,293104.41
CZ03/OfS&0&cDXHP&Ex&HV_AirDist/NE-HV_AirDist-SupFanMtr-cDXHP-2SpClgHtg-SRM/instance-out.sql,54.49,101262.24,154.28,286730.55
CZ03/RFF&0&cDXHP&Ex&HV_AirDist/NE-HV_AirDist-SupFanMtr-cDXHP-2SpClgHtg-Cnst/instance-out.sql,280.14,104002.71,654.33,242925.18
CZ03/RFF&0&cDXHP&Ex&HV_AirDist/NE-HV_AirDist-SupFanMtr-cDXHP-2SpClgHtg-VFDStdMtr/instance-out.sql,254.46,94469.42,568.55,211080.97
CZ03/RFF&0&cDXHP&Ex&HV_AirDist/NE-HV_AirDist-SupFanMtr-cDXHP-2SpClgHtg-SRM/instance-out.sql,253.12,93973.00,564.09,209422.86
CZ03/RSD&0&cDXHP&Ex&HV_AirDist/NE-HV_AirDist-SupFanMtr-cDXHP-2SpClgHtg-Cnst/instance-out.sql,224.88,234095.79,485.17,505051.15
CZ03/RSD&0&cDXHP&Ex&HV_AirDist/NE-HV_AirDist-SupFanMtr-cDXHP-2SpClgHtg-VFDStdMtr/instance-out.sql,220.22,229249.41,469.35,488590.99
CZ03/RSD&0&cDXHP&Ex&HV_AirDist/NE-HV_AirDist-SupFanMtr-cDXHP-2SpClgHtg-SRM/instance-out.sql,219.98,229000.17,468.54,487745.61
CZ03/Rt3&0&cDXHP&Ex&HV_AirDist/NE-HV_AirDist-SupFanMtr-cDXHP-2SpClgHtg-Cnst/instance-out.sql,89.81,2002507.30,281.63,6279331.61
CZ03/Rt3&0&cDXHP&Ex&HV_AirDist/NE-HV_AirDist-SupFanMtr-cDXHP-2SpClgHtg-VFDStdMtr/instance-out.sql,74.15,1653394.43,229.30,5112603.08
CZ03/Rt3&0&cDXHP&Ex&HV_AirDist/NE-HV_AirDist-SupFanMtr-cDXHP-2SpClgHtg-SRM/instance-out.sql,73.36,1635624.48,226.64,5053234.31
CZ03/RtL&0&cDXHP&Ex&HV_AirDist/NE-HV_AirDist-SupFanMtr-cDXHP-2SpClgHtg-Cnst/instance-out.sql,165.65,2008333.77,521.20,6319031.79
CZ03/RtL&0&cDXHP&Ex&HV_AirDist/NE-HV_AirDist-SupFanMtr-cDXHP-2SpClgHtg-VFDStdMtr/instance-out.sql,137.95,1672493.21,428.68,5197323.90
CZ03/RtL&0&cDXHP&Ex&HV_AirDist/NE-HV_AirDist-SupFanMtr-cDXHP-2SpClgHtg-SRM/instance-out.sql,136.52,1655113.13,423.89,5139274.48
CZ03/RtS&0&cDXHP&Ex&HV_AirDist/NE-HV_AirDist-SupFanMtr-cDXHP-2SpClgHtg-Cnst/instance-out.sql,84.34,125387.58,257.25,382449.18
CZ03/RtS&0&cDXHP&Ex&HV_AirDist/NE-HV_AirDist-SupFanMtr-cDXHP-2SpClgHtg-VFDStdMtr/instance-out.sql,69.23,102926.46,206.79,307428.98
CZ03/RtS&0&cDXHP&Ex&HV_AirDist/NE-HV_AirDist-SupFanMtr-cDXHP-2SpClgHtg-SRM/instance-out.sql,68.46,101782.96,204.22,303609.68
CZ03/SCn&0&cDXHP&Ex&HV_AirDist/NE-HV_AirDist-SupFanMtr-cDXHP-2SpClgHtg-Cnst/instance-out.sql,64.17,2980881.15,210.07,9758014.63
CZ03/SCn&0&cDXHP&Ex&HV_AirDist/NE-HV_AirDist-SupFanMtr-cDXHP-2SpClgHtg-VFDStdMtr/instance-out.sql,43.59,2024771.85,141.32,6564609.58
CZ03/SCn&0&cDXHP&Ex&HV_AirDist/NE-HV_AirDist-SupFanMtr-cDXHP-2SpClgHtg-SRM/instance-out.sql,42.71,1983795.90,138.38,6427749.91
CZ03/Asm&0&cDXOH&Ex&HV_AirDist/NE-HV_AirDist-SupFanMtr-cDXOH-2SpClgHtg-Cnst/instance-out.sql,89.92,568121.76,292.05,1845166.38
CZ03/Asm&0&cDXOH&Ex&HV_AirDist/NE-HV_AirDist-SupFanMtr-cDXOH-2SpClgHtg-VFDStdMtr/instance-out.sql,66.60,420798.71,214.17,1353107.28
CZ03/Asm&0&cDXOH&Ex&HV_AirDist/NE-HV_AirDist-SupFanMtr-cDXOH-2SpClgHtg-SRM/instance-out.sql,65.40,413174.83,210.14,1327643.54
CZ03/ECC&0&cDXOH&Ex&HV_AirDist/NE-HV_AirDist-SupFanMtr-cDXOH-2SpClgHtg-Cnst/instance-out.sql,93.88,2478760.19,268.12,7078878.19
CZ03/ECC&0&cDXOH&Ex&HV_AirDist/NE-HV_AirDist-SupFanMtr-cDXOH-2SpClgHtg-VFDStdMtr/instance-out.sql,81.29,2146313.68,226.06,5968469.44
CZ03/ECC&0&cDXOH&Ex&HV_AirDist/NE-HV_AirDist-SupFanMtr-cDXOH-2SpClgHtg-SRM/instance-out.sql,80.62,2128555.29,223.81,5909154.48
CZ03/EPr&0&cDXOH&Ex&HV_AirDist/NE-HV_AirDist-SupFanMtr-cDXOH-2SpClgHtg-Cnst/instance-out.sql,98.73,373722.25,251.37,951517.24
CZ03/EPr&0&cDXOH&Ex&HV_AirDist/NE-HV_AirDist-SupFanMtr-cDXOH-2SpClgHtg-VFDStdMtr/instance-out.sql,86.62,327892.42,210.93,798445.23
CZ03/EPr&0&cDXOH&Ex&HV_AirDist/NE-HV_AirDist-SupFanMtr-cDXOH-2SpClgHtg-SRM/instance-out.sql,85.99,325488.68,208.81,790416.76
CZ03/ERC&0&cDXOH&Ex&HV_AirDist/NE-HV_AirDist-SupFanMtr-cDXOH-2SpClgHtg-Cnst/instance-out.sql,64.37,17244.87,135.19,36215.40
CZ03/ERC&0&cDXOH&Ex&HV_AirDist/NE-HV_AirDist-SupFanMtr-cDXOH-2SpClgHtg-VFDStdMtr/instance-out.sql,55.42,14846.99,105.29,28206.46
CZ03/ERC&0&cDXOH&Ex&HV_AirDist/NE-HV_AirDist-SupFanMtr-cDXOH-2SpClgHtg-SRM/instance-out.sql,55.02,14739.62,103.95,27847.83
CZ03/ESe&0&cDXOH&Ex&HV_AirDist/NE-HV_AirDist-SupFanMtr-cDXOH-2SpClgHtg-Cnst/instance-out.sql,167.48,1157644.52,421.52,2913638.81
CZ03/ESe&0&cDXOH&Ex&HV_AirDist/NE-HV_AirDist-SupFanMtr-cDXOH-2SpClgHtg-VFDStdMtr/instance-out.sql,159.51,1102544.96,394.74,2728516.01
CZ03/ESe&0&cDXOH&Ex&HV_AirDist/NE-HV_AirDist-SupFanMtr-cDXOH-2SpClgHtg-SRM/instance-out.sql,159.08,1099608.45,393.31,2718658.20
CZ03/EUn&0&cDXOH&Ex&HV_AirDist/NE-HV_AirDist-SupFanMtr-cDXOH-2SpClgHtg-Cnst/instance-out.sql,100.54,8012281.09,309.64,24675273.84
CZ03/EUn&0&cDXOH&Ex&HV_AirDist/NE-HV_AirDist-SupFanMtr-cDXOH-2SpClgHtg-VFDStdMtr/instance-out.sql,86.45,6889601.15,262.53,20921492.19
CZ03/EUn&0&cDXOH&Ex&HV_AirDist/NE-HV_AirDist-SupFanMtr-cDXOH-2SpClgHtg-SRM/instance-out.sql,85.69,6828329.41,259.96,20716708.43
CZ03/Gro&0&cDXOH&Ex&HV_AirDist/NE-HV_AirDist-SupFanMtr-cDXOH-2SpClgHtg-Cnst/instance-out.sql
CZ03/Gro&0&cDXOH&Ex&HV_AirDist/NE-HV_AirDist-SupFanMtr-cDXOH-2SpClgHtg-VFDStdMtr/instance-out.sql
CZ03/Gro&0&cDXOH&Ex&HV_AirDist/NE-HV_AirDist-SupFanMtr-cDXOH-2SpClgHtg-SRM/instance-out.sql
CZ03/Hsp&0&cDXOH&Ex&HV_AirDist/NE-HV_AirDist-SupFanMtr-cDXOH-2SpClgHtg-Cnst/instance-out.sql,73.67,3381539.64,219.56,10077763.14
CZ03/Hsp&0&cDXOH&Ex&HV_AirDist/NE-HV_AirDist-SupFanMtr-cDXOH-2SpClgHtg-VFDStdMtr/instance-out.sql,69.54,3191846.63,205.30,9422932.75
CZ03/Hsp&0&cDXOH&Ex&HV_AirDist/NE-HV_AirDist-SupFanMtr-cDXOH-2SpClgHtg-SRM/instance-out.sql,69.32,3181718.44,204.54,9388283.11
CZ03/MBT&0&cDXOH&Ex&HV_AirDist/NE-HV_AirDist-SupFanMtr-cDXOH-2SpClgHtg-Cnst/instance-out.sql,174.57,6486558.69,379.83,14113137.11
CZ03/MBT&0&cDXOH&Ex&HV_AirDist/NE-HV_AirDist-SupFanMtr-cDXOH-2SpClgHtg-VFDStdMtr/instance-out.sql,168.75,6270243.92,359.78,13368214.19
CZ03/MBT&0&cDXOH&Ex&HV_AirDist/NE-HV_AirDist-SupFanMtr-cDXOH-2SpClgHtg-SRM/instance-out.sql,168.47,6259612.98,358.80,13331641.07
CZ03/MLI&0&cDXOH&Ex&HV_AirDist/NE-HV_AirDist-SupFanMtr-cDXOH-2SpClgHtg-Cnst/instance-out.sql,98.91,919007.93,318.18,2956377.22
CZ03/MLI&0&cDXOH&Ex&HV_AirDist/NE-HV_AirDist-SupFanMtr-cDXOH-2SpClgHtg-VFDStdMtr/instance-out.sql,70.98,659521.93,224.90,2089693.95
CZ03/MLI&0&cDXOH&Ex&HV_AirDist/NE-HV_AirDist-SupFanMtr-cDXOH-2SpClgHtg-SRM/instance-out.sql,69.83,648796.46,221.05,2053870.89
CZ03/Mtl&0&cDXOH&Ex&HV_AirDist/NE-HV_AirDist-SupFanMtr-cDXOH-2SpClgHtg-Cnst/instance-out.sql,54.17,150895.00,173.38,482999.43
CZ03/Mtl&0&cDXOH&Ex&HV_AirDist/NE-HV_AirDist-SupFanMtr-cDXOH-2SpClgHtg-VFDStdMtr/instance-out.sql,39.01,108674.69,121.84,339431.49
CZ03/Mtl&0&cDXOH&Ex&HV_AirDist/NE-HV_AirDist-SupFanMtr-cDXOH-2SpClgHtg-SRM/instance-out.sql,38.31,106731.53,119.47,332832.97
CZ03/Nrs&0&cDXOH&Ex&HV_AirDist/NE-HV_AirDist-SupFanMtr-cDXOH-2SpClgHtg-Cnst/instance-out.sql,89.13,919121.83,246.82,2545238.10
CZ03/Nrs&0&cDXOH&Ex&HV_AirDist/NE-HV_AirDist-SupFanMtr-cDXOH-2SpClgHtg-VFDStdMtr/instance-out.sql,82.05,846078.08,222.40,2293415.53
CZ03/Nrs&0&cDXOH&Ex&HV_AirDist/NE-HV_AirDist-SupFanMtr-cDXOH-2SpClgHtg-SRM/instance-out.sql,81.68,842300.62,221.14,2280379.32
CZ03/OfL&0&cDXOH&Ex&HV_AirDist/NE-HV_AirDist-SupFanMtr-cDXOH-2SpClgHtg-Cnst/instance-out.sql,75.92,2467991.62,243.34,7910510.39
CZ03/OfL&0&cDXOH&Ex&HV_AirDist/NE-HV_AirDist-SupFanMtr-cDXOH-2SpClgHtg-VFDStdMtr/instance-out.sql,58.01,1885758.66,183.52,5965882.21
CZ03/OfL&0&cDXOH&Ex&HV_AirDist/NE-HV_AirDist-SupFanMtr-cDXOH-2SpClgHtg-SRM/instance-out.sql,57.03,1853953.58,180.25,5859649.22
CZ03/OfS&0&cDXOH&Ex&HV_AirDist/NE-HV_AirDist-SupFanMtr-cDXOH-2SpClgHtg-Cnst/instance-out.sql,74.18,137862.51,220.06,408975.55
CZ03/OfS&0&cDXOH&Ex&HV_AirDist/NE-HV_AirDist-SupFanMtr-cDXOH-2SpClgHtg-VFDStdMtr/instance-out.sql,52.78,98090.13,148.58,276135.72
CZ03/OfS&0&cDXOH&Ex&HV_AirDist/NE-HV_AirDist-SupFanMtr-cDXOH-2SpClgHtg-SRM/instance-out.sql,51.69,96071.42,144.95,269393.21
CZ03/RFF&0&cDXOH&Ex&HV_AirDist/NE-HV_AirDist-SupFanMtr-cDXOH-2SpClgHtg-Cnst/instance-out.sql,277.60,103063.15,645.77,239749.06
CZ03/RFF&0&cDXOH&Ex&HV_AirDist/NE-HV_AirDist-SupFanMtr-cDXOH-2SpClgHtg-VFDStdMtr/instance-out.sql,248.62,92302.34,548.86,203769.64
CZ03/RFF&0&cDXOH&Ex&HV_AirDist/NE-HV_AirDist-SupFanMtr-cDXOH-2SpClgHtg-SRM/instance-out.sql,247.23,91785.81,544.21,202042.92
CZ03/RSD&0&cDXOH&Ex&HV_AirDist/NE-HV_AirDist-SupFanMtr-cDXOH-2SpClgHtg-Cnst/instance-out.sql,224.67,233878.56,484.13,503967.71
CZ03/RSD&0&cDXOH&Ex&HV_AirDist/NE-HV_AirDist-SupFanMtr-cDXOH-2SpClgHtg-VFDStdMtr/instance-out.sql,219.64,228637.96,466.89,486020.54
CZ03/RSD&0&cDXOH&Ex&HV_AirDist/NE-HV_AirDist-SupFanMtr-cDXOH-2SpClgHtg-SRM/instance-out.sql,219.39,228377.32,466.05,485150.29
CZ03/Rt3&0&cDXOH&Ex&HV_AirDist/NE-HV_AirDist-SupFanMtr-cDXOH-2SpClgHtg-Cnst/instance-out.sql,88.94,1983108.93,278.70,6214102.97
CZ03/Rt3&0&cDXOH&Ex&HV_AirDist/NE-HV_AirDist-SupFanMtr-cDXOH-2SpClgHtg-VFDStdMtr/instance-out.sql,72.39,1614011.47,223.34,4979760.67
CZ03/Rt3&0&cDXOH&Ex&HV_AirDist/NE-HV_AirDist-SupFanMtr-cDXOH-2SpClgHtg-SRM/instance-out.sql,71.56,1595629.86,220.58,4918298.67
CZ03/RtL&0&cDXOH&Ex&HV_AirDist/NE-HV_AirDist-SupFanMtr-cDXOH-2SpClgHtg-Cnst/instance-out.sql,163.54,1982763.19,514.16,6233626.03
CZ03/RtL&0&cDXOH&Ex&HV_AirDist/NE-HV_AirDist-SupFanMtr-cDXOH-2SpClgHtg-VFDStdMtr/instance-out.sql,135.01,1636804.08,418.85,5078113.49
CZ03/RtL&0&cDXOH&Ex&HV_AirDist/NE-HV_AirDist-SupFanMtr-cDXOH-2SpClgHtg-SRM/instance-out.sql,133.54,1619082.83,413.97,5018923.47
CZ03/RtS&0&cDXOH&Ex&HV_AirDist/NE-HV_AirDist-SupFanMtr-cDXOH-2SpClgHtg-Cnst/instance-out.sql,81.55,121240.07,247.93,368596.45
CZ03/RtS&0&cDXOH&Ex&HV_AirDist/NE-HV_AirDist-SupFanMtr-cDXOH-2SpClgHtg-VFDStdMtr/instance-out.sql,65.76,97758.87,195.18,290169.23
CZ03/RtS&0&cDXOH&Ex&HV_AirDist/NE-HV_AirDist-SupFanMtr-cDXOH-2SpClgHtg-SRM/instance-out.sql,65.00,96641.78,192.67,286438.13
CZ03/SCn&0&cDXOH&Ex&HV_AirDist/NE-HV_AirDist-SupFanMtr-cDXOH-2SpClgHtg-Cnst/instance-out.sql,47.19,2192054.75,153.35,7123334.46
CZ03/SCn&0&cDXOH&Ex&HV_AirDist/NE-HV_AirDist-SupFanMtr-cDXOH-2SpClgHtg-VFDStdMtr/instance-out.sql,33.24,1543975.68,106.75,4958750.37
CZ03/SCn&0&cDXOH&Ex&HV_AirDist/NE-HV_AirDist-SupFanMtr-cDXOH-2SpClgHtg-SRM/instance-out.sql,32.72,1520058.49,105.03,4878866.98
CZ04/Asm&0&cDXGF&Ex&HV_AirDist/NE-HV_AirDist-SupFanMtr-cDXGF-2SpClgHtg-Cnst/instance-out.sql,143.06,903850.65,394.04,2489558.56
CZ04/Asm&0&cDXGF&Ex&HV_AirDist/NE-HV_AirDist-SupFanMtr-cDXGF-2SpClgHtg-VFDStdMtr/instance-out.sql,120.95,764192.09,316.90,2002214.11
CZ04/Asm&0&cDXGF&Ex&HV_AirDist/NE-HV_AirDist-SupFanMtr-cDXGF-2SpClgHtg-SRM/instance-out.sql,120.18,759295.25,313.08,1978033.58
CZ04/ECC&0&cDXGF&Ex&HV_AirDist/NE-HV_AirDist-SupFanMtr-cDXGF-2SpClgHtg-Cnst/instance-out.sql,107.92,2849215.98,308.13,8135427.42
CZ04/ECC&0&cDXGF&Ex&HV_AirDist/NE-HV_AirDist-SupFanMtr-cDXGF-2SpClgHtg-VFDStdMtr/instance-out.sql,96.49,2547438.53,265.14,7000390.09
CZ04/ECC&0&cDXGF&Ex&HV_AirDist/NE-HV_AirDist-SupFanMtr-cDXGF-2SpClgHtg-SRM/instance-out.sql,95.87,2531150.31,262.76,6937470.56
CZ04/EPr&0&cDXGF&Ex&HV_AirDist/NE-HV_AirDist-SupFanMtr-cDXGF-2SpClgHtg-Cnst/instance-out.sql,118.55,448738.46,301.43,1141022.74
CZ04/EPr&0&cDXGF&Ex&HV_AirDist/NE-HV_AirDist-SupFanMtr-cDXGF-2SpClgHtg-VFDStdMtr/instance-out.sql,107.89,408392.05,259.46,982161.98
CZ04/EPr&0&cDXGF&Ex&HV_AirDist/NE-HV_AirDist-SupFanMtr-cDXGF-2SpClgHtg-SRM/instance-out.sql,107.35,406363.22,257.17,973500.98
CZ04/ERC&0&cDXGF&Ex&HV_AirDist/NE-HV_AirDist-SupFanMtr-cDXGF-2SpClgHtg-Cnst/instance-out.sql,82.47,22091.94,179.23,48014.48
CZ04/ERC&0&cDXGF&Ex&HV_AirDist/NE-HV_AirDist-SupFanMtr-cDXGF-2SpClgHtg-VFDStdMtr/instance-out.sql,74.98,20087.52,146.08,39134.46
CZ04/ERC&0&cDXGF&Ex&HV_AirDist/NE-HV_AirDist-SupFanMtr-cDXGF-2SpClgHtg-SRM/instance-out.sql,74.62,19990.46,144.30,38657.68
CZ04/ESe&0&cDXGF&Ex&HV_AirDist/NE-HV_AirDist-SupFanMtr-cDXGF-2SpClgHtg-Cnst/instance-out.sql,192.54,1330883.48,492.56,3404699.30
CZ04/ESe&0&cDXGF&Ex&HV_AirDist/NE-HV_AirDist-SupFanMtr-cDXGF-2SpClgHtg-VFDStdMtr/instance-out.sql,185.35,1281145.60,465.24,3215804.48
CZ04/ESe&0&cDXGF&Ex&HV_AirDist/NE-HV_AirDist-SupFanMtr-cDXGF-2SpClgHtg-SRM/instance-out.sql,184.96,1278468.29,463.72,3205314.96
CZ04/EUn&0&cDXGF&Ex&HV_AirDist/NE-HV_AirDist-SupFanMtr-cDXGF-2SpClgHtg-Cnst/instance-out.sql,113.36,9033586.65,345.71,27550142.83
CZ04/EUn&0&cDXGF&Ex&HV_AirDist/NE-HV_AirDist-SupFanMtr-cDXGF-2SpClgHtg-VFDStdMtr/instance-out.sql,101.23,8067018.76,300.23,23925313.85
CZ04/EUn&0&cDXGF&Ex&HV_AirDist/NE-HV_AirDist-SupFanMtr-cDXGF-2SpClgHtg-SRM/instance-out.sql,100.57,8014437.34,297.69,23723277.22
CZ04/Gro&0&cDXGF&Ex&HV_AirDist/NE-HV_AirDist-SupFanMtr-cDXGF-2SpClgHtg-Cnst/instance-out.sql,450.91,2094403.68,1404.94,6525781.32
CZ04/Gro&0&cDXGF&Ex&HV_AirDist/NE-HV_AirDist-SupFanMtr-cDXGF-2SpClgHtg-VFDStdMtr/instance-out.sql,431.75,2005399.97,1313.66,6101794.66
CZ04/Gro&0&cDXGF&Ex&HV_AirDist/NE-HV_AirDist-SupFanMtr-cDXGF-2SpClgHtg-SRM/instance-out.sql,430.93,2001600.98,1309.25,6081308.17
CZ04/Hsp&0&cDXGF&Ex&HV_AirDist/NE-HV_AirDist-SupFanMtr-cDXGF-2SpClgHtg-Cnst/instance-out.sql,90.28,4143706.60,268.36,12317420.70
CZ04/Hsp&0&cDXGF&Ex&HV_AirDist/NE-HV_AirDist-SupFanMtr-cDXGF-2SpClgHtg-VFDStdMtr/instance-out.sql,86.27,3959670.21,253.42,11631799.91
CZ04/Hsp&0&cDXGF&Ex&HV_AirDist/NE-HV_AirDist-SupFanMtr-cDXGF-2SpClgHtg-SRM/instance-out.sql,86.06,3950269.68,252.65,11596250.08
CZ04/MBT&0&cDXGF&Ex&HV_AirDist/NE-HV_AirDist-SupFanMtr-cDXGF-2SpClgHtg-Cnst/instance-out.sql,193.00,7171127.15,421.70,15668914.07
CZ04/MBT&0&cDXGF&Ex&HV_AirDist/NE-HV_AirDist-SupFanMtr-cDXGF-2SpClgHtg-VFDStdMtr/instance-out.sql,188.20,6992749.88,402.34,14949503.98
CZ04/MBT&0&cDXGF&Ex&HV_AirDist/NE-HV_AirDist-SupFanMtr-cDXGF-2SpClgHtg-SRM/instance-out.sql,187.96,6983795.87,401.32,14911624.18
CZ04/MLI&0&cDXGF&Ex&HV_AirDist/NE-HV_AirDist-SupFanMtr-cDXGF-2SpClgHtg-Cnst/instance-out.sql,132.54,1231494.86,395.98,3679302.90
CZ04/MLI&0&cDXGF&Ex&HV_AirDist/NE-HV_AirDist-SupFanMtr-cDXGF-2SpClgHtg-VFDStdMtr/instance-out.sql,112.63,1046480.99,309.16,2872600.50
CZ04/MLI&0&cDXGF&Ex&HV_AirDist/NE-HV_AirDist-SupFanMtr-cDXGF-2SpClgHtg-SRM/instance-out.sql,111.71,1037981.45,304.86,2832642.21
CZ04/Mtl&0&cDXGF&Ex&HV_AirDist/NE-HV_AirDist-SupFanMtr-cDXGF-2SpClgHtg-Cnst/instance-out.sql,71.06,197960.39,211.30,588650.73
CZ04/Mtl&0&cDXGF&Ex&HV_AirDist/NE-HV_AirDist-SupFanMtr-cDXGF-2SpClgHtg-VFDStdMtr/instance-out.sql,60.86,169534.77,168.47,469324.38
CZ04/Mtl&0&cDXGF&Ex&HV_AirDist/NE-HV_AirDist-SupFanMtr-cDXGF-2SpClgHtg-SRM/instance-out.sql,60.36,168138.76,166.24,463116.41
CZ04/Nrs&0&cDXGF&Ex&HV_AirDist/NE-HV_AirDist-SupFanMtr-cDXGF-2SpClgHtg-Cnst/instance-out.sql,101.13,1042875.01,279.05,2877640.16
CZ04/Nrs&0&cDXGF&Ex&HV_AirDist/NE-HV_AirDist-SupFanMtr-cDXGF-2SpClgHtg-VFDStdMtr/instance-out.sql,94.87,978330.26,255.48,2634570.73
CZ04/Nrs&0&cDXGF&Ex&HV_AirDist/NE-HV_AirDist-SupFanMtr-cDXGF-2SpClgHtg-SRM/instance-out.sql,94.57,975173.83,254.26,2621919.25
CZ04/OfL&0&cDXGF&Ex&HV_AirDist/NE-HV_AirDist-SupFanMtr-cDXGF-2SpClgHtg-Cnst/instance-out.sql,88.18,2866671.44,280.00,9102557.51
CZ04/OfL&0&cDXGF&Ex&HV_AirDist/NE-HV_AirDist-SupFanMtr-cDXGF-2SpClgHtg-VFDStdMtr/instance-out.sql,71.93,2338287.57,221.43,7198286.73
CZ04/OfL&0&cDXGF&Ex&HV_AirDist/NE-HV_AirDist-SupFanMtr-cDXGF-2SpClgHtg-SRM/instance-out.sql,71.08,2310752.16,218.25,7095161.54
CZ04/OfS&0&cDXGF&Ex&HV_AirDist/NE-HV_AirDist-SupFanMtr-cDXGF-2SpClgHtg-Cnst/instance-out.sql,90.39,167988.00,265.62,493656.13
CZ04/OfS&0&cDXGF&Ex&HV_AirDist/NE-HV_AirDist-SupFanMtr-cDXGF-2SpClgHtg-VFDStdMtr/instance-out.sql,72.50,134747.18,197.44,366935.56
CZ04/OfS&0&cDXGF&Ex&HV_AirDist/NE-HV_AirDist-SupFanMtr-cDXGF-2SpClgHtg-SRM/instance-out.sql,71.59,133056.37,193.77,360113.79
CZ04/RFF&0&cDXGF&Ex&HV_AirDist/NE-HV_AirDist-SupFanMtr-cDXGF-2SpClgHtg-Cnst/instance-out.sql,315.79,117241.24,745.11,276628.30
CZ04/RFF&0&cDXGF&Ex&HV_AirDist/NE-HV_AirDist-SupFanMtr-cDXGF-2SpClgHtg-VFDStdMtr/instance-out.sql,295.62,109752.48,661.37,245539.60
CZ04/RFF&0&cDXGF&Ex&HV_AirDist/NE-HV_AirDist-SupFanMtr-cDXGF-2SpClgHtg-SRM/instance-out.sql,294.61,109376.66,656.85,243861.36
CZ04/RSD&0&cDXGF&Ex&HV_AirDist/NE-HV_AirDist-SupFanMtr-cDXGF-2SpClgHtg-Cnst/instance-out.sql,263.53,274332.11,573.20,596693.01
CZ04/RSD&0&cDXGF&Ex&HV_AirDist/NE-HV_AirDist-SupFanMtr-cDXGF-2SpClgHtg-VFDStdMtr/instance-out.sql,259.69,270333.70,557.64,580495.14
CZ04/RSD&0&cDXGF&Ex&HV_AirDist/NE-HV_AirDist-SupFanMtr-cDXGF-2SpClgHtg-SRM/instance-out.sql,259.50,270140.07,556.83,579655.33
CZ04/Rt3&0&cDXGF&Ex&HV_AirDist/NE-HV_AirDist-SupFanMtr-cDXGF-2SpClgHtg-Cnst/instance-out.sql,104.61,2332400.58,323.15,7205196.56
CZ04/Rt3&0&cDXGF&Ex&HV_AirDist/NE-HV_AirDist-SupFanMtr-cDXGF-2SpClgHtg-VFDStdMtr/instance-out.sql,89.48,1995118.76,266.13,5933803.87
CZ04/Rt3&0&cDXGF&Ex&HV_AirDist/NE-HV_AirDist-SupFanMtr-cDXGF-2SpClgHtg-SRM/instance-out.sql,88.73,1978422.89,263.19,5868334.93
CZ04/RtL&0&cDXGF&Ex&HV_AirDist/NE-HV_AirDist-SupFanMtr-cDXGF-2SpClgHtg-Cnst/instance-out.sql,190.38,2308115.13,591.40,7170128.54
CZ04/RtL&0&cDXGF&Ex&HV_AirDist/NE-HV_AirDist-SupFanMtr-cDXGF-2SpClgHtg-VFDStdMtr/instance-out.sql,164.40,1993190.27,493.15,5978913.54
CZ04/RtL&0&cDXGF&Ex&HV_AirDist/NE-HV_AirDist-SupFanMtr-cDXGF-2SpClgHtg-SRM/instance-out.sql,163.09,1977351.80,488.06,5917198.34
CZ04/RtS&0&cDXGF&Ex&HV_AirDist/NE-HV_AirDist-SupFanMtr-cDXGF-2SpClgHtg-Cnst/instance-out.sql,104.87,155909.72,306.40,455524.17
CZ04/RtS&0&cDXGF&Ex&HV_AirDist/NE-HV_AirDist-SupFanMtr-cDXGF-2SpClgHtg-VFDStdMtr/instance-out.sql,90.99,135277.90,250.87,372971.62
CZ04/RtS&0&cDXGF&Ex&HV_AirDist/NE-HV_AirDist-SupFanMtr-cDXGF-2SpClgHtg-SRM/instance-out.sql,90.31,134263.31,247.98,368674.24
CZ04/SCn&0&cDXGF&Ex&HV_AirDist/NE-HV_AirDist-SupFanMtr-cDXGF-2SpClgHtg-Cnst/instance-out.sql,92.67,4304463.64,266.64,12385695.67
CZ04/SCn&0&cDXGF&Ex&HV_AirDist/NE-HV_AirDist-SupFanMtr-cDXGF-2SpClgHtg-VFDStdMtr/instance-out.sql,76.80,3567592.47,192.14,8924926.58
CZ04/SCn&0&cDXGF&Ex&HV_AirDist/NE-HV_AirDist-SupFanMtr-cDXGF-2SpClgHtg-SRM/instance-out.sql,76.12,3535604.56,188.52,8756748.31
CZ04/Asm&0&cDXHP&Ex&HV_AirDist/NE-HV_AirDist-SupFanMtr-cDXHP-2SpClgHtg-Cnst/instance-out.sql,114.92,726059.63,375.72,2373828.22
CZ04/Asm&0&cDXHP&Ex&HV_AirDist/NE-HV_AirDist-SupFanMtr-cDXHP-2SpClgHtg-VFDStdMtr/instance-out.sql,91.67,579142.91,298.06,1883126.16
CZ04/Asm&0&cDXHP&Ex&HV_AirDist/NE-HV_AirDist-SupFanMtr-cDXHP-2SpClgHtg-SRM/instance-out.sql,90.43,571314.16,293.92,1856978.19
CZ04/ECC&0&cDXHP&Ex&HV_AirDist/NE-HV_AirDist-SupFanMtr-cDXHP-2SpClgHtg-Cnst/instance-out.sql,105.04,2773431.67,306.64,8095894.12
CZ04/ECC&0&cDXHP&Ex&HV_AirDist/NE-HV_AirDist-SupFanMtr-cDXHP-2SpClgHtg-VFDStdMtr/instance-out.sql,91.82,2424322.19,262.47,6929734.99
CZ04/ECC&0&cDXHP&Ex&HV_AirDist/NE-HV_AirDist-SupFanMtr-cDXHP-2SpClgHtg-SRM/instance-out.sql,91.08,2404715.32,259.99,6864260.18
CZ04/EPr&0&cDXHP&Ex&HV_AirDist/NE-HV_AirDist-SupFanMtr-cDXHP-2SpClgHtg-Cnst/instance-out.sql,112.18,424630.69,297.90,1127681.83
CZ04/EPr&0&cDXHP&Ex&HV_AirDist/NE-HV_AirDist-SupFanMtr-cDXHP-2SpClgHtg-VFDStdMtr/instance-out.sql,98.90,374388.50,253.57,959871.97
CZ04/EPr&0&cDXHP&Ex&HV_AirDist/NE-HV_AirDist-SupFanMtr-cDXHP-2SpClgHtg-SRM/instance-out.sql,98.18,371630.80,251.14,950661.24
CZ04/ERC&0&cDXHP&Ex&HV_AirDist/NE-HV_AirDist-SupFanMtr-cDXHP-2SpClgHtg-Cnst/instance-out.sql,76.35,20452.75,176.01,47152.34
CZ04/ERC&0&cDXHP&Ex&HV_AirDist/NE-HV_AirDist-SupFanMtr-cDXHP-2SpClgHtg-VFDStdMtr/instance-out.sql,65.62,17578.44,140.17,37552.12
CZ04/ERC&0&cDXHP&Ex&HV_AirDist/NE-HV_AirDist-SupFanMtr-cDXHP-2SpClgHtg-SRM/instance-out.sql,65.03,17422.52,138.23,37031.48
CZ04/ESe&0&cDXHP&Ex&HV_AirDist/NE-HV_AirDist-SupFanMtr-cDXHP-2SpClgHtg-Cnst/instance-out.sql,190.26,1315109.10,491.42,3396826.92
CZ04/ESe&0&cDXHP&Ex&HV_AirDist/NE-HV_AirDist-SupFanMtr-cDXHP-2SpClgHtg-VFDStdMtr/instance-out.sql,181.89,1257263.89,463.36,3202857.36
CZ04/ESe&0&cDXHP&Ex&HV_AirDist/NE-HV_AirDist-SupFanMtr-cDXHP-2SpClgHtg-SRM/instance-out.sql,181.42,1253982.99,461.78,3191896.82
CZ04/EUn&0&cDXHP&Ex&HV_AirDist/NE-HV_AirDist-SupFanMtr-cDXHP-2SpClgHtg-Cnst/instance-out.sql,110.83,8832283.57,344.48,27452147.94
CZ04/EUn&0&cDXHP&Ex&HV_AirDist/NE-HV_AirDist-SupFanMtr-cDXHP-2SpClgHtg-VFDStdMtr/instance-out.sql,96.83,7716662.69,297.70,23724317.66
CZ04/EUn&0&cDXHP&Ex&HV_AirDist/NE-HV_AirDist-SupFanMtr-cDXHP-2SpClgHtg-SRM/instance-out.sql,96.04,7653806.43,295.07,23514336.44
CZ04/Gro&0&cDXHP&Ex&HV_AirDist/NE-HV_AirDist-SupFanMtr-cDXHP-2SpClgHtg-Cnst/instance-out.sql,425.66,1977127.72,1392.17,6466447.01
CZ04/Gro&0&cDXHP&Ex&HV_AirDist/NE-HV_AirDist-SupFanMtr-cDXHP-2SpClgHtg-VFDStdMtr/instance-out.sql,395.21,1835688.69,1290.46,5994040.59
CZ04/Gro&0&cDXHP&Ex&HV_AirDist/NE-HV_AirDist-SupFanMtr-cDXHP-2SpClgHtg-SRM/instance-out.sql,393.76,1828983.35,1285.64,5971644.77
CZ04/Hsp&0&cDXHP&Ex&HV_AirDist/NE-HV_AirDist-SupFanMtr-cDXHP-2SpClgHtg-Cnst/instance-out.sql,89.70,4117164.35,268.12,12306393.44
CZ04/Hsp&0&cDXHP&Ex&HV_AirDist/NE-HV_AirDist-SupFanMtr-cDXHP-2SpClgHtg-VFDStdMtr/instance-out.sql,85.21,3910903.26,252.76,11601649.86
CZ04/Hsp&0&cDXHP&Ex&HV_AirDist/NE-HV_AirDist-SupFanMtr-cDXHP-2SpClgHtg-SRM/instance-out.sql,84.97,3899976.71,251.96,11564827.88
CZ04/MBT&0&cDXHP&Ex&HV_AirDist/NE-HV_AirDist-SupFanMtr-cDXHP-2SpClgHtg-Cnst/instance-out.sql,190.69,7085331.16,420.54,15625676.73
CZ04/MBT&0&cDXHP&Ex&HV_AirDist/NE-HV_AirDist-SupFanMtr-cDXHP-2SpClgHtg-VFDStdMtr/instance-out.sql,184.62,6859740.08,400.00,14862665.74
CZ04/MBT&0&cDXHP&Ex&HV_AirDist/NE-HV_AirDist-SupFanMtr-cDXHP-2SpClgHtg-SRM/instance-out.sql,184.30,6847793.18,398.92,14822432.27
CZ04/MLI&0&cDXHP&Ex&HV_AirDist/NE-HV_AirDist-SupFanMtr-cDXHP-2SpClgHtg-Cnst/instance-out.sql,120.50,1119633.36,390.62,3629520.18
CZ04/MLI&0&cDXHP&Ex&HV_AirDist/NE-HV_AirDist-SupFanMtr-cDXHP-2SpClgHtg-VFDStdMtr/instance-out.sql,92.42,858735.55,296.84,2758121.51
CZ04/MLI&0&cDXHP&Ex&HV_AirDist/NE-HV_AirDist-SupFanMtr-cDXHP-2SpClgHtg-SRM/instance-out.sql,91.01,845656.47,292.14,2714437.38
CZ04/Mtl&0&cDXHP&Ex&HV_AirDist/NE-HV_AirDist-SupFanMtr-cDXHP-2SpClgHtg-Cnst/instance-out.sql,64.36,179288.55,207.96,579328.10
CZ04/Mtl&0&cDXHP&Ex&HV_AirDist/NE-HV_AirDist-SupFanMtr-cDXHP-2SpClgHtg-VFDStdMtr/instance-out.sql,51.06,142243.56,163.52,455532.56
CZ04/Mtl&0&cDXHP&Ex&HV_AirDist/NE-HV_AirDist-SupFanMtr-cDXHP-2SpClgHtg-SRM/instance-out.sql,50.36,140280.39,161.16,448974.36
CZ04/Nrs&0&cDXHP&Ex&HV_AirDist/NE-HV_AirDist-SupFanMtr-cDXHP-2SpClgHtg-Cnst/instance-out.sql,99.13,1022255.82,277.94,2866162.65
CZ04/Nrs&0&cDXHP&Ex&HV_AirDist/NE-HV_AirDist-SupFanMtr-cDXHP-2SpClgHtg-VFDStdMtr/instance-out.sql,91.99,948631.08,253.89,2618183.72
CZ04/Nrs&0&cDXHP&Ex&HV_AirDist/NE-HV_AirDist-SupFanMtr-cDXHP-2SpClgHtg-SRM/instance-out.sql,91.63,944902.76,252.63,2605196.42
CZ04/OfL&0&cDXHP&Ex&HV_AirDist/NE-HV_AirDist-SupFanMtr-cDXHP-2SpClgHtg-Cnst/instance-out.sql,86.88,2824363.56,279.52,9086755.33
CZ04/OfL&0&cDXHP&Ex&HV_AirDist/NE-HV_AirDist-SupFanMtr-cDXHP-2SpClgHtg-VFDStdMtr/instance-out.sql,69.52,2260114.97,221.58,7203297.58
CZ04/OfL&0&cDXHP&Ex&HV_AirDist/NE-HV_AirDist-SupFanMtr-cDXHP-2SpClgHtg-SRM/instance-out.sql,68.56,2228867.41,218.37,7098936.47
CZ04/OfS&0&cDXHP&Ex&HV_AirDist/NE-HV_AirDist-SupFanMtr-cDXHP-2SpClgHtg-Cnst/instance-out.sql,87.19,162040.74,264.19,491001.45
CZ04/OfS&0&cDXHP&Ex&HV_AirDist/NE-HV_AirDist-SupFanMtr-cDXHP-2SpClgHtg-VFDStdMtr/instance-out.sql,66.77,124087.35,195.99,364237.03
CZ04/OfS&0&cDXHP&Ex&HV_AirDist/NE-HV_AirDist-SupFanMtr-cDXHP-2SpClgHtg-SRM/instance-out.sql,65.64,121985.34,192.21,357216.31
CZ04/RFF&0&cDXHP&Ex&HV_AirDist/NE-HV_AirDist-SupFanMtr-cDXHP-2SpClgHtg-Cnst/instance-out.sql,304.70,113120.98,739.79,274655.22
CZ04/RFF&0&cDXHP&Ex&HV_AirDist/NE-HV_AirDist-SupFanMtr-cDXHP-2SpClgHtg-VFDStdMtr/instance-out.sql,278.52,103403.95,652.35,242191.91
CZ04/RFF&0&cDXHP&Ex&HV_AirDist/NE-HV_AirDist-SupFanMtr-cDXHP-2SpClgHtg-SRM/instance-out.sql,277.08,102869.42,647.54,240406.46
CZ04/RSD&0&cDXHP&Ex&HV_AirDist/NE-HV_AirDist-SupFanMtr-cDXHP-2SpClgHtg-Cnst/instance-out.sql,261.66,272388.40,572.22,595672.70
CZ04/RSD&0&cDXHP&Ex&HV_AirDist/NE-HV_AirDist-SupFanMtr-cDXHP-2SpClgHtg-VFDStdMtr/instance-out.sql,256.82,267345.77,555.89,578671.99
CZ04/RSD&0&cDXHP&Ex&HV_AirDist/NE-HV_AirDist-SupFanMtr-cDXHP-2SpClgHtg-SRM/instance-out.sql,256.57,267083.72,555.03,577776.03
CZ04/Rt3&0&cDXHP&Ex&HV_AirDist/NE-HV_AirDist-SupFanMtr-cDXHP-2SpClgHtg-Cnst/instance-out.sql,101.80,2269768.89,322.08,7181311.76
CZ04/Rt3&0&cDXHP&Ex&HV_AirDist/NE-HV_AirDist-SupFanMtr-cDXHP-2SpClgHtg-VFDStdMtr/instance-out.sql,84.22,1877904.75,263.35,5871845.59
CZ04/Rt3&0&cDXHP&Ex&HV_AirDist/NE-HV_AirDist-SupFanMtr-cDXHP-2SpClgHtg-SRM/instance-out.sql,83.31,1857456.96,260.29,5803527.90
CZ04/RtL&0&cDXHP&Ex&HV_AirDist/NE-HV_AirDist-SupFanMtr-cDXHP-2SpClgHtg-Cnst/instance-out.sql,185.98,2254820.75,589.81,7150860.78
CZ04/RtL&0&cDXHP&Ex&HV_AirDist/NE-HV_AirDist-SupFanMtr-cDXHP-2SpClgHtg-VFDStdMtr/instance-out.sql,155.06,1879885.93,486.52,5898575.08
CZ04/RtL&0&cDXHP&Ex&HV_AirDist/NE-HV_AirDist-SupFanMtr-cDXHP-2SpClgHtg-SRM/instance-out.sql,153.45,1860475.61,481.17,5833744.59
CZ04/RtS&0&cDXHP&Ex&HV_AirDist/NE-HV_AirDist-SupFanMtr-cDXHP-2SpClgHtg-Cnst/instance-out.sql,97.92,145574.17,303.06,450552.83
CZ04/RtS&0&cDXHP&Ex&HV_AirDist/NE-HV_AirDist-SupFanMtr-cDXHP-2SpClgHtg-VFDStdMtr/instance-out.sql,80.86,120209.23,246.07,365833.88
CZ04/RtS&0&cDXHP&Ex&HV_AirDist/NE-HV_AirDist-SupFanMtr-cDXHP-2SpClgHtg-SRM/instance-out.sql,79.96,118872.69,243.07,361369.86
CZ04/SCn&0&cDXHP&Ex&HV_AirDist/NE-HV_AirDist-SupFanMtr-cDXHP-2SpClgHtg-Cnst/instance-out.sql,79.21,3679537.37,260.43,12097160.60
CZ04/SCn&0&cDXHP&Ex&HV_AirDist/NE-HV_AirDist-SupFanMtr-cDXHP-2SpClgHtg-VFDStdMtr/instance-out.sql,54.85,2547827.13,179.06,8317248.39
CZ04/SCn&0&cDXHP&Ex&HV_AirDist/NE-HV_AirDist-SupFanMtr-cDXHP-2SpClgHtg-SRM/instance-out.sql,53.67,2493035.27,175.12,8134243.59
CZ04/Asm&0&cDXOH&Ex&HV_AirDist/NE-HV_AirDist-SupFanMtr-cDXOH-2SpClgHtg-Cnst/instance-out.sql,109.21,690006.11,356.66,2253409.36
CZ04/Asm&0&cDXOH&Ex&HV_AirDist/NE-HV_AirDist-SupFanMtr-cDXOH-2SpClgHtg-VFDStdMtr/instance-out.sql,83.52,527705.08,270.86,1711323.90
CZ04/Asm&0&cDXOH&Ex&HV_AirDist/NE-HV_AirDist-SupFanMtr-cDXOH-2SpClgHtg-SRM/instance-out.sql,82.22,519440.53,266.49,1683720.26
CZ04/ECC&0&cDXOH&Ex&HV_AirDist/NE-HV_AirDist-SupFanMtr-cDXOH-2SpClgHtg-Cnst/instance-out.sql,103.49,2732312.73,301.41,7957915.14
CZ04/ECC&0&cDXOH&Ex&HV_AirDist/NE-HV_AirDist-SupFanMtr-cDXOH-2SpClgHtg-VFDStdMtr/instance-out.sql,89.48,2362613.68,254.63,6722926.54
CZ04/ECC&0&cDXOH&Ex&HV_AirDist/NE-HV_AirDist-SupFanMtr-cDXOH-2SpClgHtg-SRM/instance-out.sql,88.75,2343171.11,252.17,6657978.56
CZ04/EPr&0&cDXOH&Ex&HV_AirDist/NE-HV_AirDist-SupFanMtr-cDXOH-2SpClgHtg-Cnst/instance-out.sql,109.64,415036.88,289.44,1095638.07
CZ04/EPr&0&cDXOH&Ex&HV_AirDist/NE-HV_AirDist-SupFanMtr-cDXOH-2SpClgHtg-VFDStdMtr/instance-out.sql,95.49,361459.32,242.17,916688.76
CZ04/EPr&0&cDXOH&Ex&HV_AirDist/NE-HV_AirDist-SupFanMtr-cDXOH-2SpClgHtg-SRM/instance-out.sql,94.77,358727.06,239.75,907563.00
CZ04/ERC&0&cDXOH&Ex&HV_AirDist/NE-HV_AirDist-SupFanMtr-cDXOH-2SpClgHtg-Cnst/instance-out.sql,73.07,19574.69,165.06,44219.63
CZ04/ERC&0&cDXOH&Ex&HV_AirDist/NE-HV_AirDist-SupFanMtr-cDXOH-2SpClgHtg-VFDStdMtr/instance-out.sql,61.58,16497.59,126.70,33942.24
CZ04/ERC&0&cDXOH&Ex&HV_AirDist/NE-HV_AirDist-SupFanMtr-cDXOH-2SpClgHtg-SRM/instance-out.sql,61.04,16352.19,124.89,33456.61
CZ04/ESe&0&cDXOH&Ex&HV_AirDist/NE-HV_AirDist-SupFanMtr-cDXOH-2SpClgHtg-Cnst/instance-out.sql,189.47,1309645.28,488.51,3376651.61
CZ04/ESe&0&cDXOH&Ex&HV_AirDist/NE-HV_AirDist-SupFanMtr-cDXOH-2SpClgHtg-VFDStdMtr/instance-out.sql,180.44,1247217.93,458.11,3166575.02
CZ04/ESe&0&cDXOH&Ex&HV_AirDist/NE-HV_AirDist-SupFanMtr-cDXOH-2SpClgHtg-SRM/instance-out.sql,179.96,1243930.92,456.52,3155538.10
CZ04/EUn&0&cDXOH&Ex&HV_AirDist/NE-HV_AirDist-SupFanMtr-cDXOH-2SpClgHtg-Cnst/instance-out.sql,109.88,8756580.52,341.24,27193647.95
CZ04/EUn&0&cDXOH&Ex&HV_AirDist/NE-HV_AirDist-SupFanMtr-cDXOH-2SpClgHtg-VFDStdMtr/instance-out.sql,94.74,7549597.71,290.58,23156832.03
CZ04/EUn&0&cDXOH&Ex&HV_AirDist/NE-HV_AirDist-SupFanMtr-cDXOH-2SpClgHtg-SRM/instance-out.sql,93.93,7485256.40,287.88,22941746.72
CZ04/Gro&0&cDXOH&Ex&HV_AirDist/NE-HV_AirDist-SupFanMtr-cDXOH-2SpClgHtg-Cnst/instance-out.sql
CZ04/Gro&0&cDXOH&Ex&HV_AirDist/NE-HV_AirDist-SupFanMtr-cDXOH-2SpClgHtg-VFDStdMtr/instance-out.sql
CZ04/Gro&0&cDXOH&Ex&HV_AirDist/NE-HV_AirDist-SupFanMtr-cDXOH-2SpClgHtg-SRM/instance-out.sql
CZ04/Hsp&0&cDXOH&Ex&HV_AirDist/NE-HV_AirDist-SupFanMtr-cDXOH-2SpClgHtg-Cnst/instance-out.sql,89.58,4111505.59,267.43,12274790.45
CZ04/Hsp&0&cDXOH&Ex&HV_AirDist/NE-HV_AirDist-SupFanMtr-cDXOH-2SpClgHtg-VFDStdMtr/instance-out.sql,84.98,3900651.30,251.46,11541647.00
CZ04/Hsp&0&cDXOH&Ex&HV_AirDist/NE-HV_AirDist-SupFanMtr-cDXOH-2SpClgHtg-SRM/instance-out.sql,84.75,3889848.38,250.64,11504263.84
CZ04/MBT&0&cDXOH&Ex&HV_AirDist/NE-HV_AirDist-SupFanMtr-cDXOH-2SpClgHtg-Cnst/instance-out.sql,190.24,7068442.54,418.47,15548975.43
CZ04/MBT&0&cDXOH&Ex&HV_AirDist/NE-HV_AirDist-SupFanMtr-cDXOH-2SpClgHtg-VFDStdMtr/instance-out.sql,183.72,6826393.23,396.02,14714510.42
CZ04/MBT&0&cDXOH&Ex&HV_AirDist/NE-HV_AirDist-SupFanMtr-cDXOH-2SpClgHtg-SRM/instance-out.sql,183.40,6814369.39,394.91,14673324.98
CZ04/MLI&0&cDXOH&Ex&HV_AirDist/NE-HV_AirDist-SupFanMtr-cDXOH-2SpClgHtg-Cnst/instance-out.sql,113.84,1057755.83,368.38,3422849.25
CZ04/MLI&0&cDXOH&Ex&HV_AirDist/NE-HV_AirDist-SupFanMtr-cDXOH-2SpClgHtg-VFDStdMtr/instance-out.sql,83.17,772768.85,265.94,2470992.73
CZ04/MLI&0&cDXOH&Ex&HV_AirDist/NE-HV_AirDist-SupFanMtr-cDXOH-2SpClgHtg-SRM/instance-out.sql,81.81,760173.09,261.41,2428922.91
CZ04/Mtl&0&cDXOH&Ex&HV_AirDist/NE-HV_AirDist-SupFanMtr-cDXOH-2SpClgHtg-Cnst/instance-out.sql,62.77,174877.73,201.35,560928.93
CZ04/Mtl&0&cDXOH&Ex&HV_AirDist/NE-HV_AirDist-SupFanMtr-cDXOH-2SpClgHtg-VFDStdMtr/instance-out.sql,47.69,132865.53,149.56,416638.68
CZ04/Mtl&0&cDXOH&Ex&HV_AirDist/NE-HV_AirDist-SupFanMtr-cDXOH-2SpClgHtg-SRM/instance-out.sql,46.98,130875.55,147.11,409833.37
CZ04/Nrs&0&cDXOH&Ex&HV_AirDist/NE-HV_AirDist-SupFanMtr-cDXOH-2SpClgHtg-Cnst/instance-out.sql,99.02,1021128.79,276.47,2850973.25
CZ04/Nrs&0&cDXOH&Ex&HV_AirDist/NE-HV_AirDist-SupFanMtr-cDXOH-2SpClgHtg-VFDStdMtr/instance-out.sql,91.65,945064.44,250.85,2586812.64
CZ04/Nrs&0&cDXOH&Ex&HV_AirDist/NE-HV_AirDist-SupFanMtr-cDXOH-2SpClgHtg-SRM/instance-out.sql,91.29,941355.32,249.56,2573506.20
CZ04/OfL&0&cDXOH&Ex&HV_AirDist/NE-HV_AirDist-SupFanMtr-cDXOH-2SpClgHtg-Cnst/instance-out.sql,86.07,2798084.59,276.82,8998879.91
CZ04/OfL&0&cDXOH&Ex&HV_AirDist/NE-HV_AirDist-SupFanMtr-cDXOH-2SpClgHtg-VFDStdMtr/instance-out.sql,66.93,2175718.44,212.87,6920173.15
CZ04/OfL&0&cDXOH&Ex&HV_AirDist/NE-HV_AirDist-SupFanMtr-cDXOH-2SpClgHtg-SRM/instance-out.sql,65.90,2142291.44,209.44,6808531.02
CZ04/OfS&0&cDXOH&Ex&HV_AirDist/NE-HV_AirDist-SupFanMtr-cDXOH-2SpClgHtg-Cnst/instance-out.sql,85.81,159480.30,259.59,482449.60
CZ04/OfS&0&cDXOH&Ex&HV_AirDist/NE-HV_AirDist-SupFanMtr-cDXOH-2SpClgHtg-VFDStdMtr/instance-out.sql,62.42,116009.39,181.47,337256.69
CZ04/OfS&0&cDXOH&Ex&HV_AirDist/NE-HV_AirDist-SupFanMtr-cDXOH-2SpClgHtg-SRM/instance-out.sql,61.23,113792.54,177.48,329852.41
CZ04/RFF&0&cDXOH&Ex&HV_AirDist/NE-HV_AirDist-SupFanMtr-cDXOH-2SpClgHtg-Cnst/instance-out.sql,300.74,111653.64,726.32,269651.23
CZ04/RFF&0&cDXOH&Ex&HV_AirDist/NE-HV_AirDist-SupFanMtr-cDXOH-2SpClgHtg-VFDStdMtr/instance-out.sql,270.55,100445.82,625.26,232134.39
CZ04/RFF&0&cDXOH&Ex&HV_AirDist/NE-HV_AirDist-SupFanMtr-cDXOH-2SpClgHtg-SRM/instance-out.sql,269.07,99896.31,620.31,230295.89
CZ04/RSD&0&cDXOH&Ex&HV_AirDist/NE-HV_AirDist-SupFanMtr-cDXOH-2SpClgHtg-Cnst/instance-out.sql,261.40,272113.58,570.62,594012.34
CZ04/RSD&0&cDXOH&Ex&HV_AirDist/NE-HV_AirDist-SupFanMtr-cDXOH-2SpClgHtg-VFDStdMtr/instance-out.sql,256.12,266615.22,552.50,575145.53
CZ04/RSD&0&cDXOH&Ex&HV_AirDist/NE-HV_AirDist-SupFanMtr-cDXOH-2SpClgHtg-SRM/instance-out.sql,255.86,266345.94,551.62,574224.81
CZ04/Rt3&0&cDXOH&Ex&HV_AirDist/NE-HV_AirDist-SupFanMtr-cDXOH-2SpClgHtg-Cnst/instance-out.sql,100.45,2239700.28,317.54,7080126.02
CZ04/Rt3&0&cDXOH&Ex&HV_AirDist/NE-HV_AirDist-SupFanMtr-cDXOH-2SpClgHtg-VFDStdMtr/instance-out.sql,81.52,1817548.91,254.22,5668287.74
CZ04/Rt3&0&cDXOH&Ex&HV_AirDist/NE-HV_AirDist-SupFanMtr-cDXOH-2SpClgHtg-SRM/instance-out.sql,80.57,1796504.87,251.06,5597915.00
CZ04/RtL&0&cDXOH&Ex&HV_AirDist/NE-HV_AirDist-SupFanMtr-cDXOH-2SpClgHtg-Cnst/instance-out.sql,183.00,2218649.50,579.84,7030035.55
CZ04/RtL&0&cDXOH&Ex&HV_AirDist/NE-HV_AirDist-SupFanMtr-cDXOH-2SpClgHtg-VFDStdMtr/instance-out.sql,151.02,1830973.73,473.04,5735124.85
CZ04/RtL&0&cDXOH&Ex&HV_AirDist/NE-HV_AirDist-SupFanMtr-cDXOH-2SpClgHtg-SRM/instance-out.sql,149.41,1811486.68,467.67,5670034.14
CZ04/RtS&0&cDXOH&Ex&HV_AirDist/NE-HV_AirDist-SupFanMtr-cDXOH-2SpClgHtg-Cnst/instance-out.sql,94.61,140650.54,292.00,434107.93
CZ04/RtS&0&cDXOH&Ex&HV_AirDist/NE-HV_AirDist-SupFanMtr-cDXOH-2SpClgHtg-VFDStdMtr/instance-out.sql,75.81,112711.23,229.23,340790.61
CZ04/RtS&0&cDXOH&Ex&HV_AirDist/NE-HV_AirDist-SupFanMtr-cDXOH-2SpClgHtg-SRM/instance-out.sql,74.91,111364.61,226.20,336292.88
CZ04/SCn&0&cDXOH&Ex&HV_AirDist/NE-HV_AirDist-SupFanMtr-cDXOH-2SpClgHtg-Cnst/instance-out.sql,61.53,2858324.62,201.38,9354310.02
CZ04/SCn&0&cDXOH&Ex&HV_AirDist/NE-HV_AirDist-SupFanMtr-cDXOH-2SpClgHtg-VFDStdMtr/instance-out.sql,42.80,1987939.28,138.80,6447223.00
CZ04/SCn&0&cDXOH&Ex&HV_AirDist/NE-HV_AirDist-SupFanMtr-cDXOH-2SpClgHtg-SRM/instance-out.sql,42.03,1952529.99,136.25,6328955.97
CZ05/Asm&0&cDXGF&Ex&HV_AirDist/NE-HV_AirDist-SupFanMtr-cDXGF-2SpClgHtg-Cnst/instance-out.sql,117.45,742077.08,326.05,2060020.67
CZ05/Asm&0&cDXGF&Ex&HV_AirDist/NE-HV_AirDist-SupFanMtr-cDXGF-2SpClgHtg-VFDStdMtr/instance-out.sql,94.80,598942.33,252.82,1597318.55
CZ05/Asm&0&cDXGF&Ex&HV_AirDist/NE-HV_AirDist-SupFanMtr-cDXGF-2SpClgHtg-SRM/instance-out.sql,94.06,594283.91,249.22,1574610.47
CZ05/ECC&0&cDXGF&Ex&HV_AirDist/NE-HV_AirDist-SupFanMtr-cDXGF-2SpClgHtg-Cnst/instance-out.sql,98.37,2597251.62,277.58,7328686.23
CZ05/ECC&0&cDXGF&Ex&HV_AirDist/NE-HV_AirDist-SupFanMtr-cDXGF-2SpClgHtg-VFDStdMtr/instance-out.sql,87.62,2313268.19,237.95,6282310.91
CZ05/ECC&0&cDXGF&Ex&HV_AirDist/NE-HV_AirDist-SupFanMtr-cDXGF-2SpClgHtg-SRM/instance-out.sql,87.06,2298563.08,235.79,6225508.60
CZ05/EPr&0&cDXGF&Ex&HV_AirDist/NE-HV_AirDist-SupFanMtr-cDXGF-2SpClgHtg-Cnst/instance-out.sql,106.40,402757.59,263.41,997107.17
CZ05/EPr&0&cDXGF&Ex&HV_AirDist/NE-HV_AirDist-SupFanMtr-cDXGF-2SpClgHtg-VFDStdMtr/instance-out.sql,96.66,365891.79,226.48,857320.10
CZ05/EPr&0&cDXGF&Ex&HV_AirDist/NE-HV_AirDist-SupFanMtr-cDXGF-2SpClgHtg-SRM/instance-out.sql,96.19,364111.66,224.48,849761.29
CZ05/ERC&0&cDXGF&Ex&HV_AirDist/NE-HV_AirDist-SupFanMtr-cDXGF-2SpClgHtg-Cnst/instance-out.sql,72.50,19421.61,147.63,39550.07
CZ05/ERC&0&cDXGF&Ex&HV_AirDist/NE-HV_AirDist-SupFanMtr-cDXGF-2SpClgHtg-VFDStdMtr/instance-out.sql,67.07,17968.35,122.78,32891.21
CZ05/ERC&0&cDXGF&Ex&HV_AirDist/NE-HV_AirDist-SupFanMtr-cDXGF-2SpClgHtg-SRM/instance-out.sql,66.82,17900.50,121.46,32537.94
CZ05/ESe&0&cDXGF&Ex&HV_AirDist/NE-HV_AirDist-SupFanMtr-cDXGF-2SpClgHtg-Cnst/instance-out.sql,171.37,1184551.61,430.87,2978282.15
CZ05/ESe&0&cDXGF&Ex&HV_AirDist/NE-HV_AirDist-SupFanMtr-cDXGF-2SpClgHtg-VFDStdMtr/instance-out.sql,164.68,1138314.97,406.05,2806722.72
CZ05/ESe&0&cDXGF&Ex&HV_AirDist/NE-HV_AirDist-SupFanMtr-cDXGF-2SpClgHtg-SRM/instance-out.sql,164.33,1135872.64,404.68,2797231.91
CZ05/EUn&0&cDXGF&Ex&HV_AirDist/NE-HV_AirDist-SupFanMtr-cDXGF-2SpClgHtg-Cnst/instance-out.sql,104.52,8329223.85,318.31,25366337.87
CZ05/EUn&0&cDXGF&Ex&HV_AirDist/NE-HV_AirDist-SupFanMtr-cDXGF-2SpClgHtg-VFDStdMtr/instance-out.sql,92.80,7395425.72,275.04,21918264.87
CZ05/EUn&0&cDXGF&Ex&HV_AirDist/NE-HV_AirDist-SupFanMtr-cDXGF-2SpClgHtg-SRM/instance-out.sql,92.15,7343579.70,272.58,21721954.86
CZ05/Gro&0&cDXGF&Ex&HV_AirDist/NE-HV_AirDist-SupFanMtr-cDXGF-2SpClgHtg-Cnst/instance-out.sql,428.23,1989085.49,1338.92,6219096.28
CZ05/Gro&0&cDXGF&Ex&HV_AirDist/NE-HV_AirDist-SupFanMtr-cDXGF-2SpClgHtg-VFDStdMtr/instance-out.sql,413.02,1918411.96,1260.51,5854905.26
CZ05/Gro&0&cDXGF&Ex&HV_AirDist/NE-HV_AirDist-SupFanMtr-cDXGF-2SpClgHtg-SRM/instance-out.sql,412.51,1916062.28,1257.10,5839062.24
CZ05/Hsp&0&cDXGF&Ex&HV_AirDist/NE-HV_AirDist-SupFanMtr-cDXGF-2SpClgHtg-Cnst/instance-out.sql,75.83,3480375.15,225.46,10348411.82
CZ05/Hsp&0&cDXGF&Ex&HV_AirDist/NE-HV_AirDist-SupFanMtr-cDXGF-2SpClgHtg-VFDStdMtr/instance-out.sql,72.02,3305480.77,211.68,9715818.71
CZ05/Hsp&0&cDXGF&Ex&HV_AirDist/NE-HV_AirDist-SupFanMtr-cDXGF-2SpClgHtg-SRM/instance-out.sql,71.81,3296248.63,210.94,9681874.24
CZ05/MBT&0&cDXGF&Ex&HV_AirDist/NE-HV_AirDist-SupFanMtr-cDXGF-2SpClgHtg-Cnst/instance-out.sql,181.61,6747854.52,388.63,14440122.90
CZ05/MBT&0&cDXGF&Ex&HV_AirDist/NE-HV_AirDist-SupFanMtr-cDXGF-2SpClgHtg-VFDStdMtr/instance-out.sql,176.83,6570509.10,370.26,13757689.46
CZ05/MBT&0&cDXGF&Ex&HV_AirDist/NE-HV_AirDist-SupFanMtr-cDXGF-2SpClgHtg-SRM/instance-out.sql,176.61,6562269.39,369.34,13723382.71
CZ05/MLI&0&cDXGF&Ex&HV_AirDist/NE-HV_AirDist-SupFanMtr-cDXGF-2SpClgHtg-Cnst/instance-out.sql,114.73,1066067.07,346.99,3224073.52
CZ05/MLI&0&cDXGF&Ex&HV_AirDist/NE-HV_AirDist-SupFanMtr-cDXGF-2SpClgHtg-VFDStdMtr/instance-out.sql,96.00,891984.38,264.71,2459596.83
CZ05/MLI&0&cDXGF&Ex&HV_AirDist/NE-HV_AirDist-SupFanMtr-cDXGF-2SpClgHtg-SRM/instance-out.sql,95.23,884880.95,260.91,2424242.83
CZ05/Mtl&0&cDXGF&Ex&HV_AirDist/NE-HV_AirDist-SupFanMtr-cDXGF-2SpClgHtg-Cnst/instance-out.sql,60.90,169664.31,183.71,511779.25
CZ05/Mtl&0&cDXGF&Ex&HV_AirDist/NE-HV_AirDist-SupFanMtr-cDXGF-2SpClgHtg-VFDStdMtr/instance-out.sql,50.50,140689.08,140.57,391607.24
CZ05/Mtl&0&cDXGF&Ex&HV_AirDist/NE-HV_AirDist-SupFanMtr-cDXGF-2SpClgHtg-SRM/instance-out.sql,50.02,139346.71,138.40,385566.53
CZ05/Nrs&0&cDXGF&Ex&HV_AirDist/NE-HV_AirDist-SupFanMtr-cDXGF-2SpClgHtg-Cnst/instance-out.sql,91.23,940774.51,252.39,2602647.92
CZ05/Nrs&0&cDXGF&Ex&HV_AirDist/NE-HV_AirDist-SupFanMtr-cDXGF-2SpClgHtg-VFDStdMtr/instance-out.sql,84.90,875464.21,229.30,2364612.46
CZ05/Nrs&0&cDXGF&Ex&HV_AirDist/NE-HV_AirDist-SupFanMtr-cDXGF-2SpClgHtg-SRM/instance-out.sql,84.57,872087.25,228.06,2351752.57
CZ05/OfL&0&cDXGF&Ex&HV_AirDist/NE-HV_AirDist-SupFanMtr-cDXGF-2SpClgHtg-Cnst/instance-out.sql,79.07,2570354.91,251.25,8167728.03
CZ05/OfL&0&cDXGF&Ex&HV_AirDist/NE-HV_AirDist-SupFanMtr-cDXGF-2SpClgHtg-VFDStdMtr/instance-out.sql,62.99,2047770.10,194.76,6331287.35
CZ05/OfL&0&cDXGF&Ex&HV_AirDist/NE-HV_AirDist-SupFanMtr-cDXGF-2SpClgHtg-SRM/instance-out.sql,62.14,2020223.69,191.67,6230916.39
CZ05/OfS&0&cDXGF&Ex&HV_AirDist/NE-HV_AirDist-SupFanMtr-cDXGF-2SpClgHtg-Cnst/instance-out.sql,79.06,146940.60,230.44,428264.31
CZ05/OfS&0&cDXGF&Ex&HV_AirDist/NE-HV_AirDist-SupFanMtr-cDXGF-2SpClgHtg-VFDStdMtr/instance-out.sql,61.05,113464.91,164.62,305938.06
CZ05/OfS&0&cDXGF&Ex&HV_AirDist/NE-HV_AirDist-SupFanMtr-cDXGF-2SpClgHtg-SRM/instance-out.sql,60.17,111816.21,161.18,299548.25
CZ05/RFF&0&cDXGF&Ex&HV_AirDist/NE-HV_AirDist-SupFanMtr-cDXGF-2SpClgHtg-Cnst/instance-out.sql,290.96,108020.04,670.80,249039.75
CZ05/RFF&0&cDXGF&Ex&HV_AirDist/NE-HV_AirDist-SupFanMtr-cDXGF-2SpClgHtg-VFDStdMtr/instance-out.sql,270.10,100277.57,586.91,217895.37
CZ05/RFF&0&cDXGF&Ex&HV_AirDist/NE-HV_AirDist-SupFanMtr-cDXGF-2SpClgHtg-SRM/instance-out.sql,269.14,99919.80,582.61,216299.27
CZ05/RSD&0&cDXGF&Ex&HV_AirDist/NE-HV_AirDist-SupFanMtr-cDXGF-2SpClgHtg-Cnst/instance-out.sql,229.06,238450.40,493.61,513837.99
CZ05/RSD&0&cDXGF&Ex&HV_AirDist/NE-HV_AirDist-SupFanMtr-cDXGF-2SpClgHtg-VFDStdMtr/instance-out.sql,225.08,234301.39,478.11,497705.28
CZ05/RSD&0&cDXGF&Ex&HV_AirDist/NE-HV_AirDist-SupFanMtr-cDXGF-2SpClgHtg-SRM/instance-out.sql,224.89,234111.06,477.34,496902.64
CZ05/Rt3&0&cDXGF&Ex&HV_AirDist/NE-HV_AirDist-SupFanMtr-cDXGF-2SpClgHtg-Cnst/instance-out.sql,93.42,2082980.46,288.59,6434591.38
CZ05/Rt3&0&cDXGF&Ex&HV_AirDist/NE-HV_AirDist-SupFanMtr-cDXGF-2SpClgHtg-VFDStdMtr/instance-out.sql,79.19,1765608.20,236.64,5276255.98
CZ05/Rt3&0&cDXGF&Ex&HV_AirDist/NE-HV_AirDist-SupFanMtr-cDXGF-2SpClgHtg-SRM/instance-out.sql,78.45,1749255.59,233.87,5214524.14
CZ05/RtL&0&cDXGF&Ex&HV_AirDist/NE-HV_AirDist-SupFanMtr-cDXGF-2SpClgHtg-Cnst/instance-out.sql,170.70,2069585.98,531.13,6439451.05
CZ05/RtL&0&cDXGF&Ex&HV_AirDist/NE-HV_AirDist-SupFanMtr-cDXGF-2SpClgHtg-VFDStdMtr/instance-out.sql,145.66,1766003.88,439.78,5331904.14
CZ05/RtL&0&cDXGF&Ex&HV_AirDist/NE-HV_AirDist-SupFanMtr-cDXGF-2SpClgHtg-SRM/instance-out.sql,144.36,1750199.30,434.87,5272394.88
CZ05/RtS&0&cDXGF&Ex&HV_AirDist/NE-HV_AirDist-SupFanMtr-cDXGF-2SpClgHtg-Cnst/instance-out.sql,90.43,134448.78,265.18,394234.39
CZ05/RtS&0&cDXGF&Ex&HV_AirDist/NE-HV_AirDist-SupFanMtr-cDXGF-2SpClgHtg-VFDStdMtr/instance-out.sql,77.85,115732.15,215.67,320632.71
CZ05/RtS&0&cDXGF&Ex&HV_AirDist/NE-HV_AirDist-SupFanMtr-cDXGF-2SpClgHtg-SRM/instance-out.sql,77.24,114827.72,213.11,316825.92
CZ05/SCn&0&cDXGF&Ex&HV_AirDist/NE-HV_AirDist-SupFanMtr-cDXGF-2SpClgHtg-Cnst/instance-out.sql,76.13,3536084.41,221.13,10271747.49
CZ05/SCn&0&cDXGF&Ex&HV_AirDist/NE-HV_AirDist-SupFanMtr-cDXGF-2SpClgHtg-VFDStdMtr/instance-out.sql,62.74,2914342.22,153.80,7144162.26
CZ05/SCn&0&cDXGF&Ex&HV_AirDist/NE-HV_AirDist-SupFanMtr-cDXGF-2SpClgHtg-SRM/instance-out.sql,62.32,2894878.58,150.96,7012237.15
CZ05/Asm&0&cDXHP&Ex&HV_AirDist/NE-HV_AirDist-SupFanMtr-cDXHP-2SpClgHtg-Cnst/instance-out.sql,96.06,606922.86,312.53,1974573.30
CZ05/Asm&0&cDXHP&Ex&HV_AirDist/NE-HV_AirDist-SupFanMtr-cDXHP-2SpClgHtg-VFDStdMtr/instance-out.sql,73.61,465086.84,237.55,1500840.92
CZ05/Asm&0&cDXHP&Ex&HV_AirDist/NE-HV_AirDist-SupFanMtr-cDXHP-2SpClgHtg-SRM/instance-out.sql,72.45,457713.40,233.65,1476213.85
CZ05/ECC&0&cDXHP&Ex&HV_AirDist/NE-HV_AirDist-SupFanMtr-cDXHP-2SpClgHtg-Cnst/instance-out.sql,96.48,2547295.33,276.59,7302606.61
CZ05/ECC&0&cDXHP&Ex&HV_AirDist/NE-HV_AirDist-SupFanMtr-cDXHP-2SpClgHtg-VFDStdMtr/instance-out.sql,84.25,2224305.11,235.73,6223770.40
CZ05/ECC&0&cDXHP&Ex&HV_AirDist/NE-HV_AirDist-SupFanMtr-cDXHP-2SpClgHtg-SRM/instance-out.sql,83.58,2206710.41,233.50,6164998.32
CZ05/EPr&0&cDXHP&Ex&HV_AirDist/NE-HV_AirDist-SupFanMtr-cDXHP-2SpClgHtg-Cnst/instance-out.sql,101.58,384513.50,260.62,986528.51
CZ05/EPr&0&cDXHP&Ex&HV_AirDist/NE-HV_AirDist-SupFanMtr-cDXHP-2SpClgHtg-VFDStdMtr/instance-out.sql,89.95,340509.29,221.79,839553.84
CZ05/EPr&0&cDXHP&Ex&HV_AirDist/NE-HV_AirDist-SupFanMtr-cDXHP-2SpClgHtg-SRM/instance-out.sql,89.32,338120.67,219.68,831575.86
CZ05/ERC&0&cDXHP&Ex&HV_AirDist/NE-HV_AirDist-SupFanMtr-cDXHP-2SpClgHtg-Cnst/instance-out.sql,67.29,18026.69,144.79,38789.13
CZ05/ERC&0&cDXHP&Ex&HV_AirDist/NE-HV_AirDist-SupFanMtr-cDXHP-2SpClgHtg-VFDStdMtr/instance-out.sql,59.11,15836.32,117.48,31473.27
CZ05/ERC&0&cDXHP&Ex&HV_AirDist/NE-HV_AirDist-SupFanMtr-cDXHP-2SpClgHtg-SRM/instance-out.sql,58.68,15721.28,116.05,31089.03
CZ05/ESe&0&cDXHP&Ex&HV_AirDist/NE-HV_AirDist-SupFanMtr-cDXHP-2SpClgHtg-Cnst/instance-out.sql,169.93,1174599.81,430.09,2972861.39
CZ05/ESe&0&cDXHP&Ex&HV_AirDist/NE-HV_AirDist-SupFanMtr-cDXHP-2SpClgHtg-VFDStdMtr/instance-out.sql,162.29,1121752.77,404.47,2795777.30
CZ05/ESe&0&cDXHP&Ex&HV_AirDist/NE-HV_AirDist-SupFanMtr-cDXHP-2SpClgHtg-SRM/instance-out.sql,161.86,1118807.67,403.05,2785931.36
CZ05/EUn&0&cDXHP&Ex&HV_AirDist/NE-HV_AirDist-SupFanMtr-cDXHP-2SpClgHtg-Cnst/instance-out.sql,102.83,8194974.84,317.35,25289634.94
CZ05/EUn&0&cDXHP&Ex&HV_AirDist/NE-HV_AirDist-SupFanMtr-cDXHP-2SpClgHtg-VFDStdMtr/instance-out.sql,89.52,7134046.64,272.87,21745055.64
CZ05/EUn&0&cDXHP&Ex&HV_AirDist/NE-HV_AirDist-SupFanMtr-cDXHP-2SpClgHtg-SRM/instance-out.sql,88.76,7073554.97,270.33,21542989.71
CZ05/Gro&0&cDXHP&Ex&HV_AirDist/NE-HV_AirDist-SupFanMtr-cDXHP-2SpClgHtg-Cnst/instance-out.sql,406.38,1887577.85,1326.80,6162832.59
CZ05/Gro&0&cDXHP&Ex&HV_AirDist/NE-HV_AirDist-SupFanMtr-cDXHP-2SpClgHtg-VFDStdMtr/instance-out.sql,380.08,1765404.81,1238.95,5754774.62
CZ05/Gro&0&cDXHP&Ex&HV_AirDist/NE-HV_AirDist-SupFanMtr-cDXHP-2SpClgHtg-SRM/instance-out.sql,378.88,1759827.64,1234.94,5736146.87
CZ05/Hsp&0&cDXHP&Ex&HV_AirDist/NE-HV_AirDist-SupFanMtr-cDXHP-2SpClgHtg-Cnst/instance-out.sql,75.43,3462063.56,225.26,10339380.52
CZ05/Hsp&0&cDXHP&Ex&HV_AirDist/NE-HV_AirDist-SupFanMtr-cDXHP-2SpClgHtg-VFDStdMtr/instance-out.sql,71.29,3272186.07,211.20,9694023.91
CZ05/Hsp&0&cDXHP&Ex&HV_AirDist/NE-HV_AirDist-SupFanMtr-cDXHP-2SpClgHtg-SRM/instance-out.sql,71.07,3261984.43,210.45,9659540.89
CZ05/MBT&0&cDXHP&Ex&HV_AirDist/NE-HV_AirDist-SupFanMtr-cDXHP-2SpClgHtg-Cnst/instance-out.sql,179.92,6685198.30,387.65,14403635.53
CZ05/MBT&0&cDXHP&Ex&HV_AirDist/NE-HV_AirDist-SupFanMtr-cDXHP-2SpClgHtg-VFDStdMtr/instance-out.sql,174.29,6476006.65,368.52,13692891.19
CZ05/MBT&0&cDXHP&Ex&HV_AirDist/NE-HV_AirDist-SupFanMtr-cDXHP-2SpClgHtg-SRM/instance-out.sql,174.01,6465417.64,367.55,13656989.86
CZ05/MLI&0&cDXHP&Ex&HV_AirDist/NE-HV_AirDist-SupFanMtr-cDXHP-2SpClgHtg-Cnst/instance-out.sql,106.30,987678.56,342.81,3185238.33
CZ05/MLI&0&cDXHP&Ex&HV_AirDist/NE-HV_AirDist-SupFanMtr-cDXHP-2SpClgHtg-VFDStdMtr/instance-out.sql,79.89,742309.71,254.61,2365705.85
CZ05/MLI&0&cDXHP&Ex&HV_AirDist/NE-HV_AirDist-SupFanMtr-cDXHP-2SpClgHtg-SRM/instance-out.sql,78.66,730915.21,250.51,2327648.21
CZ05/Mtl&0&cDXHP&Ex&HV_AirDist/NE-HV_AirDist-SupFanMtr-cDXHP-2SpClgHtg-Cnst/instance-out.sql,56.27,156769.78,181.14,504632.38
CZ05/Mtl&0&cDXHP&Ex&HV_AirDist/NE-HV_AirDist-SupFanMtr-cDXHP-2SpClgHtg-VFDStdMtr/instance-out.sql,42.60,118678.19,135.46,377369.84
CZ05/Mtl&0&cDXHP&Ex&HV_AirDist/NE-HV_AirDist-SupFanMtr-cDXHP-2SpClgHtg-SRM/instance-out.sql,41.90,116738.27,133.14,370891.69
CZ05/Nrs&0&cDXHP&Ex&HV_AirDist/NE-HV_AirDist-SupFanMtr-cDXHP-2SpClgHtg-Cnst/instance-out.sql,89.94,927430.96,251.67,2595298.18
CZ05/Nrs&0&cDXHP&Ex&HV_AirDist/NE-HV_AirDist-SupFanMtr-cDXHP-2SpClgHtg-VFDStdMtr/instance-out.sql,82.95,855347.82,228.03,2351471.75
CZ05/Nrs&0&cDXHP&Ex&HV_AirDist/NE-HV_AirDist-SupFanMtr-cDXHP-2SpClgHtg-SRM/instance-out.sql,82.56,851366.15,226.73,2338103.99
CZ05/OfL&0&cDXHP&Ex&HV_AirDist/NE-HV_AirDist-SupFanMtr-cDXHP-2SpClgHtg-Cnst/instance-out.sql,78.11,2539184.55,250.71,8150244.45
CZ05/OfL&0&cDXHP&Ex&HV_AirDist/NE-HV_AirDist-SupFanMtr-cDXHP-2SpClgHtg-VFDStdMtr/instance-out.sql,61.08,1985655.03,193.85,6301898.10
CZ05/OfL&0&cDXHP&Ex&HV_AirDist/NE-HV_AirDist-SupFanMtr-cDXHP-2SpClgHtg-SRM/instance-out.sql,60.16,1955666.00,190.77,6201669.47
CZ05/OfS&0&cDXHP&Ex&HV_AirDist/NE-HV_AirDist-SupFanMtr-cDXHP-2SpClgHtg-Cnst/instance-out.sql,76.93,142975.90,229.14,425846.68
CZ05/OfS&0&cDXHP&Ex&HV_AirDist/NE-HV_AirDist-SupFanMtr-cDXHP-2SpClgHtg-VFDStdMtr/instance-out.sql,56.91,105773.68,162.28,301591.22
CZ05/OfS&0&cDXHP&Ex&HV_AirDist/NE-HV_AirDist-SupFanMtr-cDXHP-2SpClgHtg-SRM/instance-out.sql,55.86,103806.14,158.74,295019.61
CZ05/RFF&0&cDXHP&Ex&HV_AirDist/NE-HV_AirDist-SupFanMtr-cDXHP-2SpClgHtg-Cnst/instance-out.sql,284.09,105472.44,666.94,247606.01
CZ05/RFF&0&cDXHP&Ex&HV_AirDist/NE-HV_AirDist-SupFanMtr-cDXHP-2SpClgHtg-VFDStdMtr/instance-out.sql,257.74,95687.07,578.89,214919.62
CZ05/RFF&0&cDXHP&Ex&HV_AirDist/NE-HV_AirDist-SupFanMtr-cDXHP-2SpClgHtg-SRM/instance-out.sql,256.37,95179.96,574.33,213225.83
CZ05/RSD&0&cDXHP&Ex&HV_AirDist/NE-HV_AirDist-SupFanMtr-cDXHP-2SpClgHtg-Cnst/instance-out.sql,228.04,237382.69,493.07,513279.15
CZ05/RSD&0&cDXHP&Ex&HV_AirDist/NE-HV_AirDist-SupFanMtr-cDXHP-2SpClgHtg-VFDStdMtr/instance-out.sql,223.25,232404.81,476.87,496419.10
CZ05/RSD&0&cDXHP&Ex&HV_AirDist/NE-HV_AirDist-SupFanMtr-cDXHP-2SpClgHtg-SRM/instance-out.sql,223.01,232154.02,476.06,495575.25
CZ05/Rt3&0&cDXHP&Ex&HV_AirDist/NE-HV_AirDist-SupFanMtr-cDXHP-2SpClgHtg-Cnst/instance-out.sql,91.69,2044388.49,287.86,6418229.59
CZ05/Rt3&0&cDXHP&Ex&HV_AirDist/NE-HV_AirDist-SupFanMtr-cDXHP-2SpClgHtg-VFDStdMtr/instance-out.sql,75.73,1688636.42,234.54,5229570.58
CZ05/Rt3&0&cDXHP&Ex&HV_AirDist/NE-HV_AirDist-SupFanMtr-cDXHP-2SpClgHtg-SRM/instance-out.sql,74.89,1669731.57,231.71,5166410.21
CZ05/RtL&0&cDXHP&Ex&HV_AirDist/NE-HV_AirDist-SupFanMtr-cDXHP-2SpClgHtg-Cnst/instance-out.sql,168.32,2040760.27,530.02,6425941.34
CZ05/RtL&0&cDXHP&Ex&HV_AirDist/NE-HV_AirDist-SupFanMtr-cDXHP-2SpClgHtg-VFDStdMtr/instance-out.sql,140.26,1700500.68,436.28,5289473.86
CZ05/RtL&0&cDXHP&Ex&HV_AirDist/NE-HV_AirDist-SupFanMtr-cDXHP-2SpClgHtg-SRM/instance-out.sql,138.75,1682253.02,431.25,5228526.68
CZ05/RtS&0&cDXHP&Ex&HV_AirDist/NE-HV_AirDist-SupFanMtr-cDXHP-2SpClgHtg-Cnst/instance-out.sql,86.07,127963.05,262.96,390939.69
CZ05/RtS&0&cDXHP&Ex&HV_AirDist/NE-HV_AirDist-SupFanMtr-cDXHP-2SpClgHtg-VFDStdMtr/instance-out.sql,70.54,104868.91,211.08,313805.44
CZ05/RtS&0&cDXHP&Ex&HV_AirDist/NE-HV_AirDist-SupFanMtr-cDXHP-2SpClgHtg-SRM/instance-out.sql,69.73,103667.55,208.38,309792.94
CZ05/SCn&0&cDXHP&Ex&HV_AirDist/NE-HV_AirDist-SupFanMtr-cDXHP-2SpClgHtg-Cnst/instance-out.sql,65.89,3060763.94,215.80,10023904.11
CZ05/SCn&0&cDXHP&Ex&HV_AirDist/NE-HV_AirDist-SupFanMtr-cDXHP-2SpClgHtg-VFDStdMtr/instance-out.sql,43.67,2028507.50,141.57,6576167.62
CZ05/SCn&0&cDXHP&Ex&HV_AirDist/NE-HV_AirDist-SupFanMtr-cDXHP-2SpClgHtg-SRM/instance-out.sql,42.71,1984094.65,138.38,6427828.68
CZ05/Asm&0&cDXOH&Ex&HV_AirDist/NE-HV_AirDist-SupFanMtr-cDXOH-2SpClgHtg-Cnst/instance-out.sql,91.84,580258.55,298.43,1885514.40
CZ05/Asm&0&cDXOH&Ex&HV_AirDist/NE-HV_AirDist-SupFanMtr-cDXOH-2SpClgHtg-VFDStdMtr/instance-out.sql,68.26,431279.39,219.68,1387924.13
CZ05/Asm&0&cDXOH&Ex&HV_AirDist/NE-HV_AirDist-SupFanMtr-cDXOH-2SpClgHtg-SRM/instance-out.sql,67.03,423482.54,215.55,1361882.52
CZ05/ECC&0&cDXOH&Ex&HV_AirDist/NE-HV_AirDist-SupFanMtr-cDXOH-2SpClgHtg-Cnst/instance-out.sql,95.70,2526621.55,273.97,7233415.50
CZ05/ECC&0&cDXOH&Ex&HV_AirDist/NE-HV_AirDist-SupFanMtr-cDXOH-2SpClgHtg-VFDStdMtr/instance-out.sql,82.69,2183188.27,230.52,6086312.71

File Name,Total (kWh),Heating (kWh),Cooling (kWh),Interior Lighting (kWh),Exterior Lighting (kWh),Interior Equipment (kWh),Exterior Equipment (kWh),Fans (kWh),Pumps (kWh),Heat Rejection (kWh),Humidification (kWh),Heat Recovery (kWh),Water Systems (kWh),Refrigeration (kWh),Generators (kWh),Heating Elec (kWh),Cooling Elec (kWh),Heating NG (kWh),Cooling NG (kWh),Interior Equipment Elec (kWh),Interior Equipment NG (kWh)
CZ01/Asm&0&cDXGF&Ex&HV_AirDist/NE-HV_AirDist-SupFanMtr-cDXGF-2SpClgHtg-Cnst/instance-out.sql,899579.72,368441.53,3659.47,153727.01,0.0,145823.51,0.0,203687.37,3.36,0.0,0.0,0.0,24237.47,0.0,0.0,0.00,3659.47,368441.53,0.00,145823.51,0.00
CZ01/Asm&0&cDXGF&Ex&HV_AirDist/NE-HV_AirDist-SupFanMtr-cDXGF-2SpClgHtg-VFDStdMtr/instance-out.sql,723042.3300000001,329123.65,5818.77,153727.01,0.0,145823.51,0.0,64308.75,3.36,0.0,0.0,0.0,24237.28,0.0,0.0,0.00,5818.77,329123.65,0.00,145823.51,0.00
CZ01/Asm&0&cDXGF&Ex&HV_AirDist/NE-HV_AirDist-SupFanMtr-cDXGF-2SpClgHtg-SRM/instance-out.sql,721683.35,334512.15,5620.58,153727.01,0.0,145823.51,0.0,57759.53,3.36,0.0,0.0,0.0,24237.21,0.0,0.0,0.00,5620.58,334512.15,0.00,145823.51,0.00
CZ01/ECC&0&cDXGF&Ex&HV_AirDist/NE-HV_AirDist-SupFanMtr-cDXGF-2SpClgHtg-Cnst/instance-out.sql,2577025.53,171707.42,30168.32,358430.2,0.0,1013813.91,0.0,509792.75,676.19,0.0,0.0,0.0,492436.74,0.0,0.0,0.00,30168.32,171707.42,0.00,945189.93,68623.98
CZ01/ECC&0&cDXGF&Ex&HV_AirDist/NE-HV_AirDist-SupFanMtr-cDXGF-2SpClgHtg-VFDStdMtr/instance-out.sql,2354955.17,256803.53,32139.15,358430.2,0.0,1013813.91,0.0,200661.97,666.27,0.0,0.0,0.0,492440.12,0.0,0.0,0.00,32139.15,256803.53,0.00,945189.93,68623.98
CZ01/ECC&0&cDXGF&Ex&HV_AirDist/NE-HV_AirDist-SupFanMtr-cDXGF-2SpClgHtg-SRM/instance-out.sql,2346414.1799999997,262886.7,31811.22,358430.2,0.0,1013813.91,0.0,186365.84,666.2,0.0,0.0,0.0,492440.11,0.0,0.0,0.00,31811.22,262886.70,0.00,945189.93,68623.98
CZ01/EPr&0&cDXGF&Ex&HV_AirDist/NE-HV_AirDist-SupFanMtr-cDXGF-2SpClgHtg-Cnst/instance-out.sql,430541.57999999996,63783.83,8547.39,64700.97,0.0,125897.03,0.0,73976.35,3.37,0.0,0.0,0.0,93632.63,0.0,0.0,0.00,8547.39,63783.83,0.00,83226.75,42670.28
CZ01/EPr&0&cDXGF&Ex&HV_AirDist/NE-HV_AirDist-SupFanMtr-cDXGF-2SpClgHtg-VFDStdMtr/instance-out.sql,402164.74,78518.33,8943.08,64700.97,0.0,125897.03,0.0,30468.83,3.37,0.0,0.0,0.0,93633.14,0.0,0.0,0.00,8943.08,78518.33,0.00,83226.75,42670.28
CZ01/EPr&0&cDXGF&Ex&HV_AirDist/NE-HV_AirDist-SupFanMtr-cDXGF-2SpClgHtg-SRM/instance-out.sql,401477.19,79916.99,8887.19,64700.97,0.0,125897.03,0.0,28438.5,3.37,0.0,0.0,0.0,93633.13,0.0,0.0,0.00,8887.19,79916.99,0.00,83226.75,42670.28
CZ01/ERC&0&cDXGF&Ex&HV_AirDist/NE-HV_AirDist-SupFanMtr-cDXGF-2SpClgHtg-Cnst/instance-out.sql,22247.63,4870.82,44.69,2224.35,0.0,2196.82,0.0,3332.17,3.36,0.0,0.0,0.0,9575.42,0.0,0.0,0.00,44.69,4870.82,0.00,2196.82,0.00
CZ01/ERC&0&cDXGF&Ex&HV_AirDist/NE-HV_AirDist-SupFanMtr-cDXGF-2SpClgHtg-VFDStdMtr/instance-out.sql,21572.56,6301.38,47.21,2224.35,0.0,2196.82,0.0,1224.06,3.36,0.0,0.0,0.0,9575.38,0.0,0.0,0.00,47.21,6301.38,0.00,2196.82,0.00
CZ01/ERC&0&cDXGF&Ex&HV_AirDist/NE-HV_AirDist-SupFanMtr-cDXGF-2SpClgHtg-SRM/instance-out.sql,21561.989999999998,6399.6,46.31,2224.35,0.0,2196.82,0.0,1116.15,3.36,0.0,0.0,0.0,9575.39,0.0,0.0,0.00,46.31,6399.60,0.00,2196.82,0.00
CZ01/ESe&0&cDXGF&Ex&HV_AirDist/NE-HV_AirDist-SupFanMtr-cDXGF-2SpClgHtg-Cnst/instance-out.sql,1283439.44,270179.13,15805.4,197959.32,0.0,323176.74,0.0,219690.73,3.39,0.0,0.0,0.0,256624.74,0.0,0.0,0.00,15805.40,270179.13,0.00,259085.82,64090.92
CZ01/ESe&0&cDXGF&Ex&HV_AirDist/NE-HV_AirDist-SupFanMtr-cDXGF-2SpClgHtg-VFDStdMtr/instance-out.sql,1249195.83,284275.22,16319.19,197959.32,0.0,323176.74,0.0,170835.54,3.39,0.0,0.0,0.0,256626.43,0.0,0.0,0.00,16319.19,284275.22,0.00,259085.82,64090.92
CZ01/ESe&0&cDXGF&Ex&HV_AirDist/NE-HV_AirDist-SupFanMtr-cDXGF-2SpClgHtg-SRM/instance-out.sql,1247842.49,285284.45,16238.42,197959.32,0.0,323176.74,0.0,168553.79,3.39,0.0,0.0,0.0,256626.38,0.0,0.0,0.00,16238.42,285284.45,0.00,259085.82,64090.92
CZ01/EUn&0&cDXGF&Ex&HV_AirDist/NE-HV_AirDist-SupFanMtr-cDXGF-2SpClgHtg-Cnst/instance-out.sql,8172912.27,446348.28,113874.19,1277404.75,0.0,3682881.23,0.0,1820747.06,3.37,0.0,0.0,0.0,831653.38,0.0,0.0,0.00,113874.19,446348.28,0.00,3555459.15,127422.08
CZ01/EUn&0&cDXGF&Ex&HV_AirDist/NE-HV_AirDist-SupFanMtr-cDXGF-2SpClgHtg-VFDStdMtr/instance-out.sql,7363923.5600000005,699079.77,122373.34,1277404.75,0.0,3682881.23,0.0,750516.64,3.37,0.0,0.0,0.0,831664.45,0.0,0.0,0.00,122373.34,699079.77,0.00,3555459.15,127422.08
CZ01/EUn&0&cDXGF&Ex&HV_AirDist/NE-HV_AirDist-SupFanMtr-cDXGF-2SpClgHtg-SRM/instance-out.sql,7329178.7700000005,716576.52,121061.41,1277404.75,0.0,3682881.23,0.0,699586.92,3.37,0.0,0.0,0.0,831664.56,0.0,0.0,0.00,121061.41,716576.52,0.00,3555459.15,127422.08
CZ01/Gro&0&cDXGF&Ex&HV_AirDist/NE-HV_AirDist-SupFanMtr-cDXGF-2SpClgHtg-Cnst/instance-out.sql,1910812.98,271140.81,521.78,249218.65,0.0,177584.03,0.0,171690.82,3.38,0.0,0.0,0.0,66249.05,974404.45,0.0,0.00,521.78,271140.81,0.00,177584.03,0.00
CZ01/Gro&0&cDXGF&Ex&HV_AirDist/NE-HV_AirDist-SupFanMtr-cDXGF-2SpClgHtg-VFDStdMtr/instance-out.sql,1886325.3900000001,357919.44,475.09,249218.65,0.0,177584.03,0.0,61310.03,3.38,0.0,0.0,0.0,66249.36,973565.4,0.0,0.00,475.09,357919.44,0.00,177584.03,0.00
CZ01/Gro&0&cDXGF&Ex&HV_AirDist/NE-HV_AirDist-SupFanMtr-cDXGF-2SpClgHtg-SRM/instance-out.sql,1888487.9200000002,363288.5,463.9,249218.65,0.0,177584.03,0.0,56047.22,3.38,0.0,0.0,0.0,66249.05,975633.17,0.0,0.00,463.90,363288.50,0.00,177584.03,0.00
CZ01/Hsp&0&cDXGF&Ex&HV_AirDist/NE-HV_AirDist-SupFanMtr-cDXGF-2SpClgHtg-Cnst/instance-out.sql,3339635.8200000003,400606.64,163272.95,856282.21,0.0,1182847.3,0.0,420203.69,27348.48,0.0,0.0,0.0,289074.55,0.0,0.0,0.00,163272.95,400606.64,0.00,1139112.10,43735.20
CZ01/Hsp&0&cDXGF&Ex&HV_AirDist/NE-HV_AirDist-SupFanMtr-cDXGF-2SpClgHtg-VFDStdMtr/instance-out.sql,3181135.6900000004,438561.43,162892.09,856282.21,0.0,1182847.3,0.0,224182.59,27258.4,0.0,0.0,0.0,289111.67,0.0,0.0,0.00,162892.09,438561.43,0.00,1139112.10,43735.20
CZ01/Hsp&0&cDXGF&Ex&HV_AirDist/NE-HV_AirDist-SupFanMtr-cDXGF-2SpClgHtg-SRM/instance-out.sql,3174483.7,440875.87,162719.49,856282.21,0.0,1182847.3,0.0,215416.71,27256.66,0.0,0.0,0.0,289085.45,0.0,0.0,0.00,162719.49,440875.87,0.00,1139112.10,43735.20
CZ01/MBT&0&cDXGF&Ex&HV_AirDist/NE-HV_AirDist-SupFanMtr-cDXGF-2SpClgHtg-Cnst/instance-out.sql,8240121.77,4178448.33,29488.56,709539.71,0.0,2167645.51,0.0,962776.66,549.47,0.0,0.0,0.0,191673.52,0.0,0.0,0.00,29488.56,4178448.33,0.00,1394057.91,773587.60
CZ01/MBT&0&cDXGF&Ex&HV_AirDist/NE-HV_AirDist-SupFanMtr-cDXGF-2SpClgHtg-VFDStdMtr/instance-out.sql,8119051.6,4255671.62,29894.98,709539.71,0.0,2167645.51,0.0,764075.87,548.9,0.0,0.0,0.0,191675.0,0.0,0.0,0.00,29894.98,4255671.62,0.00,1394057.91,773587.60
CZ01/MBT&0&cDXGF&Ex&HV_AirDist/NE-HV_AirDist-SupFanMtr-cDXGF-2SpClgHtg-SRM/instance-out.sql,8115894.5,4261281.46,29752.46,709539.71,0.0,2167645.51,0.0,755451.45,548.9,0.0,0.0,0.0,191675.01,0.0,0.0,0.00,29752.46,4261281.46,0.00,1394057.91,773587.60
CZ01/MLI&0&cDXGF&Ex&HV_AirDist/NE-HV_AirDist-SupFanMtr-cDXGF-2SpClgHtg-Cnst/instance-out.sql,1185561.66,257191.49,1542.09,283149.19,0.0,239893.0,0.0,350746.29,3.37,0.0,0.0,0.0,53036.23,0.0,0.0,0.00,1542.09,257191.49,0.00,239893.00,0.00
CZ01/MLI&0&cDXGF&Ex&HV_AirDist/NE-HV_AirDist-SupFanMtr-cDXGF-2SpClgHtg-VFDStdMtr/instance-out.sql,1089581.18,402408.24,1422.61,283149.19,0.0,239893.0,0.0,109668.53,3.37,0.0,0.0,0.0,53036.23,0.0,0.0,0.00,1422.61,402408.24,0.00,239893.00,0.00
CZ01/MLI&0&cDXGF&Ex&HV_AirDist/NE-HV_AirDist-SupFanMtr-cDXGF-2SpClgHtg-SRM/instance-out.sql,1087624.52,411195.34,1356.36,283149.19,0.0,239893.0,0.0,98991.02,3.37,0.0,0.0,0.0,53036.23,0.0,0.0,0.00,1356.36,411195.34,0.00,239893.00,0.00
CZ01/Mtl&0&cDXGF&Ex&HV_AirDist/NE-HV_AirDist-SupFanMtr-cDXGF-2SpClgHtg-Cnst/instance-out.sql,178694.81,43547.86,2257.88,51285.47,0.0,22443.33,0.0,51276.66,3.36,0.0,0.0,0.0,7880.24,0.0,0.0,0.00,2257.88,43547.86,0.00,22191.36,251.97
CZ01/Mtl&0&cDXGF&Ex&HV_AirDist/NE-HV_AirDist-SupFanMtr-cDXGF-2SpClgHtg-VFDStdMtr/instance-out.sql,162286.57,61532.41,2396.63,51285.47,0.0,22443.33,0.0,16745.12,3.36,0.0,0.0,0.0,7880.24,0.0,0.0,0.00,2396.63,61532.41,0.00,22191.36,251.97
CZ01/Mtl&0&cDXGF&Ex&HV_AirDist/NE-HV_AirDist-SupFanMtr-cDXGF-2SpClgHtg-SRM/instance-out.sql,161741.99,62634.58,2358.13,51285.47,0.0,22443.33,0.0,15136.86,3.36,0.0,0.0,0.0,7880.24,0.0,0.0,0.00,2358.13,62634.58,0.00,22191.36,251.97
CZ01/Nrs&0&cDXGF&Ex&HV_AirDist/NE-HV_AirDist-SupFanMtr-cDXGF-2SpClgHtg-Cnst/instance-out.sql,978079.72,140229.44,24414.7,200868.06,0.0,347425.87,0.0,135142.63,41.42,0.0,0.0,0.0,129957.6,0.0,0.0,0.00,24414.70,140229.44,0.00,281574.59,65851.28
CZ01/Nrs&0&cDXGF&Ex&HV_AirDist/NE-HV_AirDist-SupFanMtr-cDXGF-2SpClgHtg-VFDStdMtr/instance-out.sql,925517.3300000001,157698.77,24716.08,200868.06,0.0,347425.87,0.0,64814.09,42.23,0.0,0.0,0.0,129952.23,0.0,0.0,0.00,24716.08,157698.77,0.00,281574.59,65851.28
CZ01/Nrs&0&cDXGF&Ex&HV_AirDist/NE-HV_AirDist-SupFanMtr-cDXGF-2SpClgHtg-SRM/instance-out.sql,923680.01,159058.14,24618.5,200868.06,0.0,347425.87,0.0,61702.18,42.33,0.0,0.0,0.0,129964.92,0.0,0.0,0.00,24618.50,159058.14,0.00,281574.59,65851.28
CZ01/OfL&0&cDXGF&Ex&HV_AirDist/NE-HV_AirDist-SupFanMtr-cDXGF-2SpClgHtg-Cnst/instance-out.sql,2409681.84,151967.65,27907.01,462712.61,0.0,829334.66,0.0,805248.12,807.74,0.0,0.0,0.0,131704.06,0.0,0.0,0.00,27907.01,151967.65,0.00,829334.66,0.00
CZ01/OfL&0&cDXGF&Ex&HV_AirDist/NE-HV_AirDist-SupFanMtr-cDXGF-2SpClgHtg-VFDStdMtr/instance-out.sql,1967131.69,241862.33,33086.05,462712.61,0.0,829334.66,0.0,268191.14,807.19,0.0,0.0,0.0,131137.71,0.0,0.0,0.00,33086.05,241862.33,0.00,829334.66,0.00
CZ01/OfL&0&cDXGF&Ex&HV_AirDist/NE-HV_AirDist-SupFanMtr-cDXGF-2SpClgHtg-SRM/instance-out.sql,1948633.47,248989.54,32565.57,462712.61,0.0,829334.66,0.0,243126.76,806.92,0.0,0.0,0.0,131097.4,0.0,0.0,0.00,32565.57,248989.54,0.00,829334.66,0.00
CZ01/OfS&0&cDXGF&Ex&HV_AirDist/NE-HV_AirDist-SupFanMtr-cDXGF-2SpClgHtg-Cnst/instance-out.sql,143963.27000000002,17067.88,995.33,23737.13,0.0,29387.4,0.0,48770.44,1.13,0.0,0.0,0.0,24003.95,0.0,0.0,0.00,995.33,17067.88,0.00,29387.40,0.00
CZ01/OfS&0&cDXGF&Ex&HV_AirDist/NE-HV_AirDist-SupFanMtr-cDXGF-2SpClgHtg-VFDStdMtr/instance-out.sql,121610.87,27965.59,1269.6,23737.13,0.0,29387.4,0.0,15246.04,1.13,0.0,0.0,0.0,24003.98,0.0,0.0,0.00,1269.60,27965.59,0.00,29387.40,0.00
CZ01/OfS&0&cDXGF&Ex&HV_AirDist/NE-HV_AirDist-SupFanMtr-cDXGF-2SpClgHtg-SRM/instance-out.sql,120848.62,28730.13,1240.57,23737.13,0.0,29387.4,0.0,13748.27,1.13,0.0,0.0,0.0,24003.98,0.0,0.0,0.00,1240.57,28730.13,0.00,29387.40,0.00
CZ01/RFF&0&cDXGF&Ex&HV_AirDist/NE-HV_AirDist-SupFanMtr-cDXGF-2SpClgHtg-Cnst/instance-out.sql,108012.25,9532.91,2860.86,13247.63,0.0,37903.17,0.0,16692.59,3.37,0.0,0.0,0.0,27771.71,0.0,0.0,0.00,2860.86,9532.91,0.00,18423.46,19479.71
CZ01/RFF&0&cDXGF&Ex&HV_AirDist/NE-HV_AirDist-SupFanMtr-cDXGF-2SpClgHtg-VFDStdMtr/instance-out.sql,103852.02,13459.1,2874.52,13247.63,0.0,37903.17,0.0,8592.43,3.37,0.0,0.0,0.0,27771.8,0.0,0.0,0.00,2874.52,13459.10,0.00,18423.46,19479.71
CZ01/RFF&0&cDXGF&Ex&HV_AirDist/NE-HV_AirDist-SupFanMtr-cDXGF-2SpClgHtg-SRM/instance-out.sql,103724.01000000001,13725.06,2866.26,13247.63,0.0,37903.17,0.0,8206.7,3.37,0.0,0.0,0.0,27771.8,0.0,0.0,0.00,2866.26,13725.06,0.00,18423.46,19479.71
CZ01/RSD&0&cDXGF&Ex&HV_AirDist/NE-HV_AirDist-SupFanMtr-cDXGF-2SpClgHtg-Cnst/instance-out.sql,254020.77,33673.76,8564.85,36047.32,0.0,76546.73,0.0,27187.66,13.49,0.0,0.0,0.0,71986.97,0.0,0.0,0.00,8564.85,33673.76,0.00,37475.60,39071.13
CZ01/RSD&0&cDXGF&Ex&HV_AirDist/NE-HV_AirDist-SupFanMtr-cDXGF-2SpClgHtg-VFDStdMtr/instance-out.sql,251334.17,35625.65,8525.43,36047.32,0.0,76546.73,0.0,22588.35,13.51,0.0,0.0,0.0,71987.17,0.0,0.0,0.00,8525.43,35625.65,0.00,37475.60,39071.13
CZ01/RSD&0&cDXGF&Ex&HV_AirDist/NE-HV_AirDist-SupFanMtr-cDXGF-2SpClgHtg-SRM/instance-out.sql,251265.31,35764.12,8520.86,36047.32,0.0,76546.73,0.0,22385.61,13.51,0.0,0.0,0.0,71987.16,0.0,0.0,0.00,8520.86,35764.12,0.00,37475.60,39071.13
CZ01/Rt3&0&cDXGF&Ex&HV_AirDist/NE-HV_AirDist-SupFanMtr-cDXGF-2SpClgHtg-Cnst/instance-out.sql,2021600.23,110455.21,5781.29,774348.97,0.0,436362.0,0.0,504740.79,3.38,0.0,0.0,0.0,189908.59,0.0,0.0,0.00,5781.29,110455.21,0.00,436362.00,0.00
CZ01/Rt3&0&cDXGF&Ex&HV_AirDist/NE-HV_AirDist-SupFanMtr-cDXGF-2SpClgHtg-VFDStdMtr/instance-out.sql,1746391.4000000001,198886.62,6639.03,774348.97,0.0,436362.0,0.0,140242.21,3.38,0.0,0.0,0.0,189909.2,0.0,0.0,0.00,6639.03,198886.62,0.00,436362.00,0.00
CZ01/Rt3&0&cDXGF&Ex&HV_AirDist/NE-HV_AirDist-SupFanMtr-cDXGF-2SpClgHtg-SRM/instance-out.sql,1736544.81,204565.27,6398.25,774348.97,0.0,436362.0,0.0,124957.77,3.38,0.0,0.0,0.0,189909.18,0.0,0.0,0.00,6398.25,204565.27,0.00,436362.00,0.00
CZ01/RtL&0&cDXGF&Ex&HV_AirDist/NE-HV_AirDist-SupFanMtr-cDXGF-2SpClgHtg-Cnst/instance-out.sql,2046613.73,111046.84,13435.56,767420.15,0.0,509200.67,0.0,505845.58,3.39,0.0,0.0,0.0,139661.56,0.0,0.0,0.00,13435.56,111046.84,0.00,468847.72,40352.95
CZ01/RtL&0&cDXGF&Ex&HV_AirDist/NE-HV_AirDist-SupFanMtr-cDXGF-2SpClgHtg-VFDStdMtr/instance-out.sql,1786830.4300000002,214065.45,14546.58,767420.15,0.0,509200.67,0.0,141932.48,3.39,0.0,0.0,0.0,139661.72,0.0,0.0,0.00,14546.58,214065.45,0.00,468847.72,40352.95
CZ01/RtL&0&cDXGF&Ex&HV_AirDist/NE-HV_AirDist-SupFanMtr-cDXGF-2SpClgHtg-SRM/instance-out.sql,1777472.62,220488.45,14246.32,767420.15,0.0,509200.67,0.0,126451.92,3.39,0.0,0.0,0.0,139661.73,0.0,0.0,0.00,14246.32,220488.45,0.00,468847.72,40352.95
CZ01/RtS&0&cDXGF&Ex&HV_AirDist/NE-HV_AirDist-SupFanMtr-cDXGF-2SpClgHtg-Cnst/instance-out.sql,138046.63,22878.34,370.99,44599.63,0.0,24440.79,0.0,29072.93,3.36,0.0,0.0,0.0,16680.6,0.0,0.0,0.00,370.99,22878.34,0.00,24440.79,0.00
CZ01/RtS&0&cDXGF&Ex&HV_AirDist/NE-HV_AirDist-SupFanMtr-cDXGF-2SpClgHtg-VFDStdMtr/instance-out.sql,127379.6,32187.87,443.54,44599.63,0.0,24440.79,0.0,9023.8,3.36,0.0,0.0,0.0,16680.61,0.0,0.0,0.00,443.54,32187.87,0.00,24440.79,0.00
CZ01/RtS&0&cDXGF&Ex&HV_AirDist/NE-HV_AirDist-SupFanMtr-cDXGF-2SpClgHtg-SRM/instance-out.sql,127064.70000000001,32786.6,429.3,44599.63,0.0,24440.79,0.0,8124.4,3.36,0.0,0.0,0.0,16680.62,0.0,0.0,0.00,429.30,32786.60,0.00,24440.79,0.00
CZ01/SCn&0&cDXGF&Ex&HV_AirDist/NE-HV_AirDist-SupFanMtr-cDXGF-2SpClgHtg-Cnst/instance-out.sql,4517131.5,1555922.49,1720.7,850055.03,0.0,449066.39,0.0,1567125.88,3.36,0.0,0.0,0.0,93237.65,0.0,0.0,0.00,1720.70,1555922.49,0.00,449066.39,0.00
CZ01/SCn&0&cDXGF&Ex&HV_AirDist/NE-HV_AirDist-SupFanMtr-cDXGF-2SpClgHtg-VFDStdMtr/instance-out.sql,4377540.63,2391557.82,817.15,850055.03,0.0,449066.39,0.0,592803.24,3.36,0.0,0.0,0.0,93237.65,0.0,0.0,0.00,817.15,2391557.82,0.00,449066.39,0.00
CZ01/SCn&0&cDXGF&Ex&HV_AirDist/NE-HV_AirDist-SupFanMtr-cDXGF-2SpClgHtg-SRM/instance-out.sql,4382317.16,2443031.47,782.75,850055.03,0.0,449066.39,0.0,546140.51,3.36,0.0,0.0,0.0,93237.65,0.0,0.0,0.00,782.75,2443031.47,0.00,449066.39,0.00
CZ01/Asm&0&cDXHP&Ex&HV_AirDist/NE-HV_AirDist-SupFanMtr-cDXHP-2SpClgHtg-Cnst/instance-out.sql,584393.84,53485.69,3429.43,153727.01,0.0,145823.51,0.0,203687.37,3.36,0.0,0.0,0.0,24237.47,0.0,0.0,53485.69,3429.43,0.00,0.00,145823.51,0.00
CZ01/Asm&0&cDXHP&Ex&HV_AirDist/NE-HV_AirDist-SupFanMtr-cDXHP-2SpClgHtg-VFDStdMtr/instance-out.sql,434178.64,38725.96,5353.01,153727.01,0.0,145823.51,0.0,66308.54,3.36,0.0,0.0,0.0,24237.26,0.0,0.0,38725.96,5353.01,0.00,0.00,145823.51,0.00
CZ01/Asm&0&cDXHP&Ex&HV_AirDist/NE-HV_AirDist-SupFanMtr-cDXHP-2SpClgHtg-SRM/instance-out.sql,428254.53,39369.87,5171.29,153727.01,0.0,145823.51,0.0,59922.29,3.36,0.0,0.0,0.0,24237.2,0.0,0.0,39369.87,5171.29,0.00,0.00,145823.51,0.00
CZ01/ECC&0&cDXHP&Ex&HV_AirDist/NE-HV_AirDist-SupFanMtr-cDXHP-2SpClgHtg-Cnst/instance-out.sql,2434695.95,29974.83,29571.35,358430.2,0.0,1013813.91,0.0,509792.73,676.19,0.0,0.0,0.0,492436.74,0.0,0.0,29419.86,29571.35,554.97,0.00,945189.93,68623.98
CZ01/ECC&0&cDXHP&Ex&HV_AirDist/NE-HV_AirDist-SupFanMtr-cDXHP-2SpClgHtg-VFDStdMtr/instance-out.sql,2133348.67,35973.39,31313.57,358430.2,0.0,1013813.91,0.0,200714.09,666.36,0.0,0.0,0.0,492437.14,0.0,0.0,35367.31,31313.57,606.08,0.00,945189.93,68623.98
CZ01/ECC&0&cDXHP&Ex&HV_AirDist/NE-HV_AirDist-SupFanMtr-cDXHP-2SpClgHtg-SRM/instance-out.sql,2119722.11,36804.66,31007.91,358430.2,0.0,1013813.91,0.0,186561.6,666.08,0.0,0.0,0.0,492437.74,0.0,0.0,36215.72,31007.91,588.94,0.00,945189.93,68623.98
CZ01/EPr&0&cDXHP&Ex&HV_AirDist/NE-HV_AirDist-SupFanMtr-cDXHP-2SpClgHtg-Cnst/instance-out.sql,376915.14,10359.58,8345.22,64700.97,0.0,125897.03,0.0,73976.35,3.37,0.0,0.0,0.0,93632.63,0.0,0.0,10359.50,8345.22,0.08,0.00,83226.75,42670.28
CZ01/EPr&0&cDXHP&Ex&HV_AirDist/NE-HV_AirDist-SupFanMtr-cDXHP-2SpClgHtg-VFDStdMtr/instance-out.sql,333634.01,10116.65,8700.07,64700.97,0.0,125897.03,0.0,30582.78,3.37,0.0,0.0,0.0,93633.14,0.0,0.0,10116.56,8700.07,0.09,0.00,83226.75,42670.28
CZ01/EPr&0&cDXHP&Ex&HV_AirDist/NE-HV_AirDist-SupFanMtr-cDXHP-2SpClgHtg-SRM/instance-out.sql,331743.24,10298.09,8647.68,64700.97,0.0,125897.03,0.0,28562.97,3.37,0.0,0.0,0.0,93633.13,0.0,0.0,10298.00,8647.68,0.09,0.00,83226.75,42670.28
CZ01/ERC&0&cDXHP&Ex&HV_AirDist/NE-HV_AirDist-SupFanMtr-cDXHP-2SpClgHtg-Cnst/instance-out.sql,18190.58,839.98,18.48,2224.35,0.0,2196.82,0.0,3332.17,3.36,0.0,0.0,0.0,9575.42,0.0,0.0,839.98,18.48,0.00,0.00,2196.82,0.00
CZ01/ERC&0&cDXHP&Ex&HV_AirDist/NE-HV_AirDist-SupFanMtr-cDXHP-2SpClgHtg-VFDStdMtr/instance-out.sql,16138.61,874.63,20.7,2224.35,0.0,2196.82,0.0,1243.37,3.36,0.0,0.0,0.0,9575.39,0.0,0.0,874.63,20.70,0.00,0.00,2196.82,0.00
CZ01/ERC&0&cDXHP&Ex&HV_AirDist/NE-HV_AirDist-SupFanMtr-cDXHP-2SpClgHtg-SRM/instance-out.sql,16044.97,887.89,19.9,2224.35,0.0,2196.82,0.0,1137.27,3.36,0.0,0.0,0.0,9575.39,0.0,0.0,887.89,19.90,0.00,0.00,2196.82,0.00
CZ01/ESe&0&cDXHP&Ex&HV_AirDist/NE-HV_AirDist-SupFanMtr-cDXHP-2SpClgHtg-Cnst/instance-out.sql,1255586.25,242606.22,15525.11,197959.32,0.0,323176.74,0.0,219690.73,3.39,0.0,0.0,0.0,256624.74,0.0,0.0,5893.03,15525.11,236713.19,0.00,259085.82,64090.92
CZ01/ESe&0&cDXHP&Ex&HV_AirDist/NE-HV_AirDist-SupFanMtr-cDXHP-2SpClgHtg-VFDStdMtr/instance-out.sql,1208415.06,243813.68000000002,15973.59,197959.32,0.0,323176.74,0.0,170861.9,3.39,0.0,0.0,0.0,256626.44,0.0,0.0,6587.79,15973.59,237225.89,0.00,259085.82,64090.92
CZ01/ESe&0&cDXHP&Ex&HV_AirDist/NE-HV_AirDist-SupFanMtr-cDXHP-2SpClgHtg-SRM/instance-out.sql,1206207.1,243961.57,15898.27,197959.32,0.0,323176.74,0.0,168581.42,3.39,0.0,0.0,0.0,256626.39,0.0,0.0,6725.18,15898.27,237236.39,0.00,259085.82,64090.92
CZ01/EUn&0&cDXHP&Ex&HV_AirDist/NE-HV_AirDist-SupFanMtr-cDXHP-2SpClgHtg-Cnst/instance-out.sql,7840272.62,115215.54999999999,112367.77,1277404.75,0.0,3682881.23,0.0,1820746.56,3.37,0.0,0.0,0.0,831653.38,0.0,0.0,71867.15,112367.77,43348.40,0.00,3555459.15,127422.08
CZ01/EUn&0&cDXHP&Ex&HV_AirDist/NE-HV_AirDist-SupFanMtr-cDXHP-2SpClgHtg-VFDStdMtr/instance-out.sql,6798872.2700000005,137371.41999999998,120103.9,1277404.75,0.0,3682881.23,0.0,749443.14,3.37,0.0,0.0,0.0,831664.45,0.0,0.0,93129.33,120103.90,44242.09,0.00,3555459.15,127422.08
CZ01/EUn&0&cDXHP&Ex&HV_AirDist/NE-HV_AirDist-SupFanMtr-cDXHP-2SpClgHtg-SRM/instance-out.sql,6749347.539999999,139923.77000000002,118868.7,1277404.75,0.0,3682881.23,0.0,698601.17,3.37,0.0,0.0,0.0,831664.56,0.0,0.0,95662.72,118868.70,44261.05,0.00,3555459.15,127422.08
CZ01/Gro&0&cDXHP&Ex&HV_AirDist/NE-HV_AirDist-SupFanMtr-cDXHP-2SpClgHtg-Cnst/instance-out.sql,1686454.87,47384.98,371.69,249218.65,0.0,177584.03,0.0,171691.47,3.38,0.0,0.0,0.0,66249.05,973951.61,0.0,47384.98,371.69,0.00,0.00,177584.03,0.00
CZ01/Gro&0&cDXHP&Ex&HV_AirDist/NE-HV_AirDist-SupFanMtr-cDXHP-2SpClgHtg-VFDStdMtr/instance-out.sql,1580581.02,50774.37,318.84,249218.65,0.0,177584.03,0.0,61967.66,3.38,0.0,0.0,0.0,66249.25,974464.83,0.0,50774.37,318.84,0.00,0.00,177584.03,0.00
CZ01/Gro&0&cDXHP&Ex&HV_AirDist/NE-HV_AirDist-SupFanMtr-cDXHP-2SpClgHtg-SRM/instance-out.sql,1577681.26,51520.08,308.0,249218.65,0.0,177584.03,0.0,56771.28,3.38,0.0,0.0,0.0,66249.05,976026.79,0.0,51520.08,308.00,0.00,0.00,177584.03,0.00
CZ01/Hsp&0&cDXHP&Ex&HV_AirDist/NE-HV_AirDist-SupFanMtr-cDXHP-2SpClgHtg-Cnst/instance-out.sql,3298996.3,360231.22000000003,162987.36,856282.21,0.0,1182847.3,0.0,420203.59,27349.19,0.0,0.0,0.0,289095.43,0.0,0.0,9173.08,162987.36,351058.14,0.00,1139112.10,43735.20
CZ01/Hsp&0&cDXHP&Ex&HV_AirDist/NE-HV_AirDist-SupFanMtr-cDXHP-2SpClgHtg-VFDStdMtr/instance-out.sql,3114207.01,372500.79,162211.79,856282.21,0.0,1182847.3,0.0,224026.79,27259.17,0.0,0.0,0.0,289078.96,0.0,0.0,11455.49,162211.79,361045.30,0.00,1139112.10,43735.20
CZ01/Hsp&0&cDXHP&Ex&HV_AirDist/NE-HV_AirDist-SupFanMtr-cDXHP-2SpClgHtg-SRM/instance-out.sql,3106007.92,373044.9,162052.77,856282.21,0.0,1182847.3,0.0,215421.96,27257.64,0.0,0.0,0.0,289101.14,0.0,0.0,11761.21,162052.77,361283.69,0.00,1139112.10,43735.20
CZ01/MBT&0&cDXHP&Ex&HV_AirDist/NE-HV_AirDist-SupFanMtr-cDXHP-2SpClgHtg-Cnst/instance-out.sql,8059119.0600000005,3997712.32,29221.86,709539.71,0.0,2167645.51,0.0,962776.66,549.47,0.0,0.0,0.0,191673.52,0.0,0.0,36888.94,29221.86,3960823.38,0.00,1394057.91,773587.60
CZ01/MBT&0&cDXHP&Ex&HV_AirDist/NE-HV_AirDist-SupFanMtr-cDXHP-2SpClgHtg-VFDStdMtr/instance-out.sql,7870264.720000001,4006721.1399999997,29556.12,709539.71,0.0,2167645.51,0.0,764578.31,548.9,0.0,0.0,0.0,191675.02,0.0,0.0,39278.36,29556.12,3967442.78,0.00,1394057.91,773587.60
CZ01/MBT&0&cDXHP&Ex&HV_AirDist/NE-HV_AirDist-SupFanMtr-cDXHP-2SpClgHtg-SRM/instance-out.sql,7862532.83,4007698.14,29421.76,709539.71,0.0,2167645.51,0.0,756003.78,548.9,0.0,0.0,0.0,191675.03,0.0,0.0,40021.64,29421.76,3967676.50,0.00,1394057.91,773587.60
CZ01/MLI&0&cDXHP&Ex&HV_AirDist/NE-HV_AirDist-SupFanMtr-cDXHP-2SpClgHtg-Cnst/instance-out.sql,976667.6,48401.11,1438.4,283149.19,0.0,239893.0,0.0,350746.29,3.37,0.0,0.0,0.0,53036.23,0.0,0.0,48401.11,1438.40,0.00,0.00,239893.00,0.00
CZ01/MLI&0&cDXHP&Ex&HV_AirDist/NE-HV_AirDist-SupFanMtr-cDXHP-2SpClgHtg-VFDStdMtr/instance-out.sql,748623.48,61325.69,1322.72,283149.19,0.0,239893.0,0.0,109893.27,3.37,0.0,0.0,0.0,53036.24,0.0,0.0,61325.69,1322.72,0.00,0.00,239893.00,0.00
CZ01/MLI&0&cDXHP&Ex&HV_AirDist/NE-HV_AirDist-SupFanMtr-cDXHP-2SpClgHtg-SRM/instance-out.sql,739187.39,62613.23,1258.79,283149.19,0.0,239893.0,0.0,99233.56,3.37,0.0,0.0,0.0,53036.24,0.0,0.0,62613.23,1258.79,0.00,0.00,239893.00,0.00
CZ01/Mtl&0&cDXHP&Ex&HV_AirDist/NE-HV_AirDist-SupFanMtr-cDXHP-2SpClgHtg-Cnst/instance-out.sql,143742.95,8924.83,1929.02,51285.47,0.0,22443.33,0.0,51276.68,3.36,0.0,0.0,0.0,7880.24,0.0,0.0,7857.02,1929.02,1067.81,0.00,22191.36,251.97
CZ01/Mtl&0&cDXHP&Ex&HV_AirDist/NE-HV_AirDist-SupFanMtr-cDXHP-2SpClgHtg-VFDStdMtr/instance-out.sql,110560.56999999999,10059.3,2061.39,51285.47,0.0,22443.33,0.0,16827.46,3.36,0.0,0.0,0.0,7880.24,0.0,0.0,8922.18,2061.39,1137.12,0.00,22191.36,251.97
CZ01/Mtl&0&cDXHP&Ex&HV_AirDist/NE-HV_AirDist-SupFanMtr-cDXHP-2SpClgHtg-SRM/instance-out.sql,109077.97,10214.59,2024.58,51285.47,0.0,22443.33,0.0,15226.39,3.36,0.0,0.0,0.0,7880.24,0.0,0.0,9076.40,2024.58,1138.19,0.00,22191.36,251.97
CZ01/Nrs&0&cDXHP&Ex&HV_AirDist/NE-HV_AirDist-SupFanMtr-cDXHP-2SpClgHtg-Cnst/instance-out.sql,940712.3899999999,103105.97,24173.02,200868.06,0.0,347425.87,0.0,135128.57,41.39,0.0,0.0,0.0,129969.5,0.0,0.0,7594.45,24173.02,95511.52,0.00,281574.59,65851.28
CZ01/Nrs&0&cDXHP&Ex&HV_AirDist/NE-HV_AirDist-SupFanMtr-cDXHP-2SpClgHtg-VFDStdMtr/instance-out.sql,874504.08,106888.61,24432.81,200868.06,0.0,347425.87,0.0,64894.35,42.34,0.0,0.0,0.0,129952.04,0.0,0.0,8048.69,24432.81,98839.92,0.00,281574.59,65851.28
CZ01/Nrs&0&cDXHP&Ex&HV_AirDist/NE-HV_AirDist-SupFanMtr-cDXHP-2SpClgHtg-SRM/instance-out.sql,871529.59,107101.76999999999,24346.65,200868.06,0.0,347425.87,0.0,61811.95,42.41,0.0,0.0,0.0,129932.88,0.0,0.0,8222.79,24346.65,98878.98,0.00,281574.59,65851.28
CZ01/OfL&0&cDXHP&Ex&HV_AirDist/NE-HV_AirDist-SupFanMtr-cDXHP-2SpClgHtg-Cnst/instance-out.sql,2326062.55,69116.9,27135.97,462712.61,0.0,829334.66,0.0,805248.5,807.6,0.0,0.0,0.0,131706.32,0.0,0.0,20281.37,27135.97,48835.53,0.00,829334.66,0.00
CZ01/OfL&0&cDXHP&Ex&HV_AirDist/NE-HV_AirDist-SupFanMtr-cDXHP-2SpClgHtg-VFDStdMtr/instance-out.sql,1805977.89,80142.65,32234.39,462712.61,0.0,829334.66,0.0,269588.18,807.36,0.0,0.0,0.0,131158.03,0.0,0.0,31233.75,32234.39,48908.90,0.00,829334.66,0.00
CZ01/OfL&0&cDXHP&Ex&HV_AirDist/NE-HV_AirDist-SupFanMtr-cDXHP-2SpClgHtg-SRM/instance-out.sql,1781085.2400000002,81285.29,31738.81,462712.61,0.0,829334.66,0.0,244126.77,807.56,0.0,0.0,0.0,131079.54,0.0,0.0,32347.44,31738.81,48937.85,0.00,829334.66,0.00
CZ01/OfS&0&cDXHP&Ex&HV_AirDist/NE-HV_AirDist-SupFanMtr-cDXHP-2SpClgHtg-Cnst/instance-out.sql,130013.23,3412.96,700.22,23737.13,0.0,29387.4,0.0,48770.44,1.13,0.0,0.0,0.0,24003.95,0.0,0.0,3412.96,700.22,0.00,0.00,29387.40,0.00
CZ01/OfS&0&cDXHP&Ex&HV_AirDist/NE-HV_AirDist-SupFanMtr-cDXHP-2SpClgHtg-VFDStdMtr/instance-out.sql,97903.45000000001,4493.3,976.63,23737.13,0.0,29387.4,0.0,15303.89,1.13,0.0,0.0,0.0,24003.96,0.0,0.0,4493.30,976.63,0.00,0.00,29387.40,0.00
CZ01/OfS&0&cDXHP&Ex&HV_AirDist/NE-HV_AirDist-SupFanMtr-cDXHP-2SpClgHtg-SRM/instance-out.sql,96498.97,4610.18,948.84,23737.13,0.0,29387.4,0.0,13810.31,1.13,0.0,0.0,0.0,24003.98,0.0,0.0,4610.18,948.84,0.00,0.00,29387.40,0.00
CZ01/RFF&0&cDXHP&Ex&HV_AirDist/NE-HV_AirDist-SupFanMtr-cDXHP-2SpClgHtg-Cnst/instance-out.sql,100232.34,1838.8600000000001,2775.01,13247.63,0.0,37903.17,0.0,16692.59,3.37,0.0,0.0,0.0,27771.71,0.0,0.0,1770.15,2775.01,68.71,0.00,18423.46,19479.71
CZ01/RFF&0&cDXHP&Ex&HV_AirDist/NE-HV_AirDist-SupFanMtr-cDXHP-2SpClgHtg-VFDStdMtr/instance-out.sql,92377.41,2069.95,2786.07,13247.63,0.0,37903.17,0.0,8595.42,3.37,0.0,0.0,0.0,27771.8,0.0,0.0,1998.71,2786.07,71.24,0.00,18423.46,19479.71
CZ01/RFF&0&cDXHP&Ex&HV_AirDist/NE-HV_AirDist-SupFanMtr-cDXHP-2SpClgHtg-SRM/instance-out.sql,92021.94,2107.71,2778.25,13247.63,0.0,37903.17,0.0,8210.0,3.37,0.0,0.0,0.0,27771.8,0.0,0.0,2036.40,2778.25,71.31,0.00,18423.46,19479.71
CZ01/RSD&0&cDXHP&Ex&HV_AirDist/NE-HV_AirDist-SupFanMtr-cDXHP-2SpClgHtg-Cnst/instance-out.sql,250108.19,29814.620000000003,8511.41,36047.32,0.0,76546.73,0.0,27187.66,13.49,0.0,0.0,0.0,71986.97,0.0,0.0,842.29,8511.41,28972.33,0.00,37475.60,39071.13
CZ01/RSD&0&cDXHP&Ex&HV_AirDist/NE-HV_AirDist-SupFanMtr-cDXHP-2SpClgHtg-VFDStdMtr/instance-out.sql,245746.16000000003,30093.04,8470.44,36047.32,0.0,76546.73,0.0,22587.94,13.51,0.0,0.0,0.0,71987.18,0.0,0.0,902.95,8470.44,29190.09,0.00,37475.60,39071.13
CZ01/RSD&0&cDXHP&Ex&HV_AirDist/NE-HV_AirDist-SupFanMtr-cDXHP-2SpClgHtg-SRM/instance-out.sql,245566.33000000002,30119.91,8466.15,36047.32,0.0,76546.73,0.0,22385.54,13.52,0.0,0.0,0.0,71987.17,0.0,0.0,920.75,8466.15,29199.16,0.00,37475.60,39071.13
CZ01/Rt3&0&cDXHP&Ex&HV_AirDist/NE-HV_AirDist-SupFanMtr-cDXHP-2SpClgHtg-Cnst/instance-out.sql,1936740.57,25817.07,5559.9,774348.97,0.0,436362.0,0.0,504740.65,3.38,0.0,0.0,0.0,189908.59,0.0,0.0,20090.82,5559.90,5726.25,0.00,436362.00,0.00
CZ01/Rt3&0&cDXHP&Ex&HV_AirDist/NE-HV_AirDist-SupFanMtr-cDXHP-2SpClgHtg-VFDStdMtr/instance-out.sql,1583096.1099999999,35806.69,6251.61,774348.97,0.0,436362.0,0.0,140414.25,3.38,0.0,0.0,0.0,189909.21,0.0,0.0,29345.20,6251.61,6461.49,0.00,436362.00,0.00
CZ01/Rt3&0&cDXHP&Ex&HV_AirDist/NE-HV_AirDist-SupFanMtr-cDXHP-2SpClgHtg-SRM/instance-out.sql,1568436.05,36651.6,6021.29,774348.97,0.0,436362.0,0.0,125139.62,3.38,0.0,0.0,0.0,189909.19,0.0,0.0,30167.71,6021.29,6483.89,0.00,436362.00,0.00
CZ01/RtL&0&cDXHP&Ex&HV_AirDist/NE-HV_AirDist-SupFanMtr-cDXHP-2SpClgHtg-Cnst/instance-out.sql,1956582.1199999999,21247.97,13201.78,767420.15,0.0,509200.67,0.0,505846.63,3.39,0.0,0.0,0.0,139661.56,0.0,0.0,21239.24,13201.78,8.73,0.00,468847.72,40352.95
CZ01/RtL&0&cDXHP&Ex&HV_AirDist/NE-HV_AirDist-SupFanMtr-cDXHP-2SpClgHtg-VFDStdMtr/instance-out.sql,1605103.6600000001,32529.3,14184.2,767420.15,0.0,509200.67,0.0,142104.22,3.39,0.0,0.0,0.0,139661.73,0.0,0.0,32514.41,14184.20,14.89,0.00,468847.72,40352.95
CZ01/RtL&0&cDXHP&Ex&HV_AirDist/NE-HV_AirDist-SupFanMtr-cDXHP-2SpClgHtg-SRM/instance-out.sql,1590297.43,33474.4,13895.2,767420.15,0.0,509200.67,0.0,126641.9,3.39,0.0,0.0,0.0,139661.74,0.0,0.0,33459.35,13895.20,15.05,0.00,468847.72,40352.95
CZ01/RtS&0&cDXHP&Ex&HV_AirDist/NE-HV_AirDist-SupFanMtr-cDXHP-2SpClgHtg-Cnst/instance-out.sql,119295.91,4187.81,310.78,44599.63,0.0,24440.79,0.0,29072.93,3.36,0.0,0.0,0.0,16680.6,0.0,0.0,4187.81,310.78,0.00,0.00,24440.79,0.00
CZ01/RtS&0&cDXHP&Ex&HV_AirDist/NE-HV_AirDist-SupFanMtr-cDXHP-2SpClgHtg-VFDStdMtr/instance-out.sql,99908.20999999999,4737.69,375.14,44599.63,0.0,24440.79,0.0,9070.98,3.36,0.0,0.0,0.0,16680.62,0.0,0.0,4737.69,375.14,0.00,0.00,24440.79,0.00
CZ01/RtS&0&cDXHP&Ex&HV_AirDist/NE-HV_AirDist-SupFanMtr-cDXHP-2SpClgHtg-SRM/instance-out.sql,99084.73,4822.66,361.83,44599.63,0.0,24440.79,0.0,8175.84,3.36,0.0,0.0,0.0,16680.62,0.0,0.0,4822.66,361.83,0.00,0.00,24440.79,0.00
CZ01/SCn&0&cDXHP&Ex&HV_AirDist/NE-HV_AirDist-SupFanMtr-cDXHP-2SpClgHtg-Cnst/instance-out.sql,3247724.28,286516.51,1719.46,850055.03,0.0,449066.39,0.0,1567125.88,3.36,0.0,0.0,0.0,93237.65,0.0,0.0,286516.51,1719.46,0.00,0.00,449066.39,0.00
CZ01/SCn&0&cDXHP&Ex&HV_AirDist/NE-HV_AirDist-SupFanMtr-cDXHP-2SpClgHtg-VFDStdMtr/instance-out.sql,2345663.9299999997,358973.06,783.11,850055.03,0.0,449066.39,0.0,593545.32,3.36,0.0,0.0,0.0,93237.65,0.0,0.0,358973.06,783.11,0.00,0.00,449066.39,0.00
CZ01/SCn&0&cDXHP&Ex&HV_AirDist/NE-HV_AirDist-SupFanMtr-cDXHP-2SpClgHtg-SRM/instance-out.sql,2306675.9,366524.42,747.58,850055.03,0.0,449066.39,0.0,547041.47,3.36,0.0,0.0,0.0,93237.65,0.0,0.0,366524.42,747.58,0.00,0.00,449066.39,0.00
CZ01/Asm&0&cDXOH&Ex&HV_AirDist/NE-HV_AirDist-SupFanMtr-cDXOH-2SpClgHtg-Cnst/instance-out.sql,530735.68,0.0,3256.95,153727.01,0.0,145823.51,0.0,203687.37,3.36,0.0,0.0,0.0,24237.48,0.0,0.0,0.00,3256.95,0.00,0.00,145823.51,0.00
CZ01/Asm&0&cDXOH&Ex&HV_AirDist/NE-HV_AirDist-SupFanMtr-cDXOH-2SpClgHtg-VFDStdMtr/instance-out.sql,367094.85,0.0,5548.29,153727.01,0.0,145823.51,0.0,37755.13,3.36,0.0,0.0,0.0,24237.55,0.0,0.0,0.00,5548.29,0.00,0.00,145823.51,0.00
CZ01/Asm&0&cDXOH&Ex&HV_AirDist/NE-HV_AirDist-SupFanMtr-cDXOH-2SpClgHtg-SRM/instance-out.sql,360567.35,0.0,5347.45,153727.01,0.0,145823.51,0.0,31428.45,3.36,0.0,0.0,0.0,24237.56,0.0,0.0,0.00,5347.45,0.00,0.00,145823.51,0.00
CZ01/ECC&0&cDXOH&Ex&HV_AirDist/NE-HV_AirDist-SupFanMtr-cDXOH-2SpClgHtg-Cnst/instance-out.sql,2396031.5700000003,680.1,31662.42,358430.2,0.0,1013813.91,0.0,498353.96,657.85,0.0,0.0,0.0,492433.13,0.0,0.0,0.00,31662.42,680.10,0.00,945189.93,68623.98
CZ01/ECC&0&cDXOH&Ex&HV_AirDist/NE-HV_AirDist-SupFanMtr-cDXOH-2SpClgHtg-VFDStdMtr/instance-out.sql,2054492.07,809.36,32542.47,358430.2,0.0,1013813.91,0.0,155821.03,640.17,0.0,0.0,0.0,492434.92,0.0,0.0,0.00,32542.47,809.36,0.00,945189.93,68623.98
CZ01/ECC&0&cDXOH&Ex&HV_AirDist/NE-HV_AirDist-SupFanMtr-cDXOH-2SpClgHtg-SRM/instance-out.sql,2040495.3,817.14,32181.86,358430.2,0.0,1013813.91,0.0,142178.39,638.91,0.0,0.0,0.0,492434.88,0.0,0.0,0.00,32181.86,817.14,0.00,945189.93,68623.98
CZ01/EPr&0&cDXOH&Ex&HV_AirDist/NE-HV_AirDist-SupFanMtr-cDXOH-2SpClgHtg-Cnst/instance-out.sql,363484.31999999995,2.49,8140.22,64700.97,0.0,125897.03,0.0,71108.43,3.37,0.0,0.0,0.0,93631.81,0.0,0.0,0.00,8140.22,2.49,0.00,83226.75,42670.28
CZ01/EPr&0&cDXOH&Ex&HV_AirDist/NE-HV_AirDist-SupFanMtr-cDXOH-2SpClgHtg-VFDStdMtr/instance-out.sql,313887.45,2.49,8476.97,64700.97,0.0,125897.03,0.0,21174.61,3.37,0.0,0.0,0.0,93632.01,0.0,0.0,0.00,8476.97,2.49,0.00,83226.75,42670.28
CZ01/EPr&0&cDXOH&Ex&HV_AirDist/NE-HV_AirDist-SupFanMtr-cDXOH-2SpClgHtg-SRM/instance-out.sql,311937.08999999997,2.49,8416.06,64700.97,0.0,125897.03,0.0,19285.16,3.37,0.0,0.0,0.0,93632.02,0.0,0.0,0.00,8416.06,2.49,0.00,83226.75,42670.28
CZ01/ERC&0&cDXOH&Ex&HV_AirDist/NE-HV_AirDist-SupFanMtr-cDXOH-2SpClgHtg-Cnst/instance-out.sql,16820.72,0.0,42.93,2224.35,0.0,2196.82,0.0,2777.92,3.36,0.0,0.0,0.0,9575.34,0.0,0.0,0.00,42.93,0.00,0.00,2196.82,0.00
CZ01/ERC&0&cDXOH&Ex&HV_AirDist/NE-HV_AirDist-SupFanMtr-cDXOH-2SpClgHtg-VFDStdMtr/instance-out.sql,14431.66,0.0,43.9,2224.35,0.0,2196.82,0.0,387.86,3.36,0.0,0.0,0.0,9575.37,0.0,0.0,0.00,43.90,0.00,0.00,2196.82,0.00
CZ01/ERC&0&cDXOH&Ex&HV_AirDist/NE-HV_AirDist-SupFanMtr-cDXOH-2SpClgHtg-SRM/instance-out.sql,14347.69,0.0,43.05,2224.35,0.0,2196.82,0.0,304.74,3.36,0.0,0.0,0.0,9575.37,0.0,0.0,0.00,43.05,0.00,0.00,2196.82,0.00
CZ01/ESe&0&cDXOH&Ex&HV_AirDist/NE-HV_AirDist-SupFanMtr-cDXOH-2SpClgHtg-Cnst/instance-out.sql,1250919.3,238302.52,15496.39,197959.32,0.0,323176.74,0.0,219356.1,3.39,0.0,0.0,0.0,256624.84,0.0,0.0,0.00,15496.39,238302.52,0.00,259085.82,64090.92
CZ01/ESe&0&cDXOH&Ex&HV_AirDist/NE-HV_AirDist-SupFanMtr-cDXOH-2SpClgHtg-VFDStdMtr/instance-out.sql,1197015.4700000002,239597.56,15796.73,197959.32,0.0,323176.74,0.0,163856.05,3.39,0.0,0.0,0.0,256625.68,0.0,0.0,0.00,15796.73,239597.56,0.00,259085.82,64090.92
CZ01/ESe&0&cDXOH&Ex&HV_AirDist/NE-HV_AirDist-SupFanMtr-cDXOH-2SpClgHtg-SRM/instance-out.sql,1194719.6099999999,239662.08,15707.32,197959.32,0.0,323176.74,0.0,161585.07,3.39,0.0,0.0,0.0,256625.69,0.0,0.0,0.00,15707.32,239662.08,0.00,259085.82,64090.92
CZ01/EUn&0&cDXOH&Ex&HV_AirDist/NE-HV_AirDist-SupFanMtr-cDXOH-2SpClgHtg-Cnst/instance-out.sql,7770542.02,50677.4,111222.78,1277404.75,0.0,3682881.23,0.0,1816698.45,3.37,0.0,0.0,0.0,831654.04,0.0,0.0,0.00,111222.78,50677.40,0.00,3555459.15,127422.08
CZ01/EUn&0&cDXOH&Ex&HV_AirDist/NE-HV_AirDist-SupFanMtr-cDXOH-2SpClgHtg-VFDStdMtr/instance-out.sql,6589017.44,55202.58,116406.84,1277404.75,0.0,3682881.23,0.0,625458.83,3.37,0.0,0.0,0.0,831659.83,0.0,0.0,0.00,116406.84,55202.58,0.00,3555459.15,127422.08
CZ01/EUn&0&cDXOH&Ex&HV_AirDist/NE-HV_AirDist-SupFanMtr-cDXOH-2SpClgHtg-SRM/instance-out.sql,6536811.3100000005,55350.37,114968.13,1277404.75,0.0,3682881.23,0.0,574543.6,3.37,0.0,0.0,0.0,831659.86,0.0,0.0,0.00,114968.13,55350.37,0.00,3555459.15,127422.08
CZ01/Gro&0&cDXOH&Ex&HV_AirDist/NE-HV_AirDist-SupFanMtr-cDXOH-2SpClgHtg-Cnst/instance-out.sql
CZ01/Gro&0&cDXOH&Ex&HV_AirDist/NE-HV_AirDist-SupFanMtr-cDXOH-2SpClgHtg-VFDStdMtr/instance-out.sql
CZ01/Gro&0&cDXOH&Ex&HV_AirDist/NE-HV_AirDist-SupFanMtr-cDXOH-2SpClgHtg-SRM/instance-out.sql
CZ01/Hsp&0&cDXOH&Ex&HV_AirDist/NE-HV_AirDist-SupFanMtr-cDXOH-2SpClgHtg-Cnst/instance-out.sql,3299888.56,361478.13,162578.47,856282.21,0.0,1182847.3,0.0,420474.86,27137.24,0.0,0.0,0.0,289090.36,0.0,0.0,0.00,162578.47,361478.13,0.00,1139112.10,43735.20
CZ01/Hsp&0&cDXOH&Ex&HV_AirDist/NE-HV_AirDist-SupFanMtr-cDXOH-2SpClgHtg-VFDStdMtr/instance-out.sql,3108944.44,380283.01,161424.94,856282.21,0.0,1182847.3,0.0,212075.85,26932.94,0.0,0.0,0.0,289098.2,0.0,0.0,0.00,161424.94,380283.01,0.00,1139112.10,43735.20
CZ01/Hsp&0&cDXOH&Ex&HV_AirDist/NE-HV_AirDist-SupFanMtr-cDXOH-2SpClgHtg-SRM/instance-out.sql,3100843.48,381131.92,161245.19,856282.21,0.0,1182847.3,0.0,203328.89,26927.91,0.0,0.0,0.0,289080.06,0.0,0.0,0.00,161245.19,381131.92,0.00,1139112.10,43735.20
CZ01/MBT&0&cDXOH&Ex&HV_AirDist/NE-HV_AirDist-SupFanMtr-cDXOH-2SpClgHtg-Cnst/instance-out.sql,8036972.57,3981221.21,28866.71,709539.71,0.0,2167645.51,0.0,957477.93,547.92,0.0,0.0,0.0,191673.58,0.0,0.0,0.00,28866.71,3981221.21,0.00,1394057.91,773587.60
CZ01/MBT&0&cDXOH&Ex&HV_AirDist/NE-HV_AirDist-SupFanMtr-cDXOH-2SpClgHtg-VFDStdMtr/instance-out.sql,7823486.2700000005,3997192.26,28971.83,709539.71,0.0,2167645.51,0.0,727916.79,545.71,0.0,0.0,0.0,191674.45,0.0,0.0,0.00,28971.83,3997192.26,0.00,1394057.91,773587.60
CZ01/MBT&0&cDXOH&Ex&HV_AirDist/NE-HV_AirDist-SupFanMtr-cDXOH-2SpClgHtg-SRM/instance-out.sql,7815565.76,3997916.56,28805.88,709539.71,0.0,2167645.51,0.0,719438.04,545.6,0.0,0.0,0.0,191674.46,0.0,0.0,0.00,28805.88,3997916.56,0.00,1394057.91,773587.60
CZ01/MLI&0&cDXOH&Ex&HV_AirDist/NE-HV_AirDist-SupFanMtr-cDXOH-2SpClgHtg-Cnst/instance-out.sql,882826.84,0.0,1394.14,283149.19,0.0,239893.0,0.0,305350.92,3.37,0.0,0.0,0.0,53036.22,0.0,0.0,0.00,1394.14,0.00,0.00,239893.00,0.00
CZ01/MLI&0&cDXOH&Ex&HV_AirDist/NE-HV_AirDist-SupFanMtr-cDXOH-2SpClgHtg-VFDStdMtr/instance-out.sql,614701.27,0.0,1134.22,283149.19,0.0,239893.0,0.0,37485.26,3.37,0.0,0.0,0.0,53036.23,0.0,0.0,0.00,1134.22,0.00,0.00,239893.00,0.00
CZ01/MLI&0&cDXOH&Ex&HV_AirDist/NE-HV_AirDist-SupFanMtr-cDXOH-2SpClgHtg-SRM/instance-out.sql,605637.5,0.0,1069.23,283149.19,0.0,239893.0,0.0,28486.47,3.37,0.0,0.0,0.0,53036.23,0.0,0.0,0.00,1069.23,0.00,0.00,239893.00,0.00
CZ01/Mtl&0&cDXOH&Ex&HV_AirDist/NE-HV_AirDist-SupFanMtr-cDXOH-2SpClgHtg-Cnst/instance-out.sql,139139.86000000002,6855.18,2279.91,51285.47,0.0,22443.33,0.0,48392.36,3.36,0.0,0.0,0.0,7880.25,0.0,0.0,0.00,2279.91,6855.18,0.00,22191.36,251.97
CZ01/Mtl&0&cDXOH&Ex&HV_AirDist/NE-HV_AirDist-SupFanMtr-cDXOH-2SpClgHtg-VFDStdMtr/instance-out.sql,102201.63,10340.33,2201.04,51285.47,0.0,22443.33,0.0,8047.84,3.36,0.0,0.0,0.0,7880.25,0.0,0.0,0.00,2201.04,10340.33,0.00,22191.36,251.97
CZ01/Mtl&0&cDXOH&Ex&HV_AirDist/NE-HV_AirDist-SupFanMtr-cDXOH-2SpClgHtg-SRM/instance-out.sql,100822.28,10466.02,2157.11,51285.47,0.0,22443.33,0.0,6586.73,3.36,0.0,0.0,0.0,7880.25,0.0,0.0,0.00,2157.11,10466.02,0.00,22191.36,251.97
CZ01/Nrs&0&cDXOH&Ex&HV_AirDist/NE-HV_AirDist-SupFanMtr-cDXOH-2SpClgHtg-Cnst/instance-out.sql,943931.29,106263.41,24154.93,200868.06,0.0,347425.87,0.0,135197.01,42.96,0.0,0.0,0.0,129979.05,0.0,0.0,0.00,24154.93,106263.41,0.00,281574.59,65851.28
CZ01/Nrs&0&cDXOH&Ex&HV_AirDist/NE-HV_AirDist-SupFanMtr-cDXOH-2SpClgHtg-VFDStdMtr/instance-out.sql,873097.55,113016.37,24393.66,200868.06,0.0,347425.87,0.0,57356.44,44.43,0.0,0.0,0.0,129992.72,0.0,0.0,0.00,24393.66,113016.37,0.00,281574.59,65851.28
CZ01/Nrs&0&cDXOH&Ex&HV_AirDist/NE-HV_AirDist-SupFanMtr-cDXOH-2SpClgHtg-SRM/instance-out.sql,870326.9500000001,113395.03,24318.58,200868.06,0.0,347425.87,0.0,54299.15,44.53,0.0,0.0,0.0,129975.72,0.0,0.0,0.00,24318.58,113395.03,0.00,281574.59,65851.28
CZ01/OfL&0&cDXOH&Ex&HV_AirDist/NE-HV_AirDist-SupFanMtr-cDXOH-2SpClgHtg-Cnst/instance-out.sql,2298092.8200000003,48948.48,27550.04,462712.61,0.0,829334.66,0.0,797032.14,808.42,0.0,0.0,0.0,131706.47,0.0,0.0,0.00,27550.04,48948.48,0.00,829334.66,0.00
CZ01/OfL&0&cDXOH&Ex&HV_AirDist/NE-HV_AirDist-SupFanMtr-cDXOH-2SpClgHtg-VFDStdMtr/instance-out.sql,1712735.9,48942.53,32309.47,462712.61,0.0,829334.66,0.0,206922.77,808.28,0.0,0.0,0.0,131705.58,0.0,0.0,0.00,32309.47,48942.53,0.00,829334.66,0.00
CZ01/OfL&0&cDXOH&Ex&HV_AirDist/NE-HV_AirDist-SupFanMtr-cDXOH-2SpClgHtg-SRM/instance-out.sql,1686216.22,48943.21,31766.07,462712.61,0.0,829334.66,0.0,180945.02,808.28,0.0,0.0,0.0,131706.36,0.0,0.0,0.00,31766.07,48943.21,0.00,829334.66,0.00
CZ01/OfS&0&cDXOH&Ex&HV_AirDist/NE-HV_AirDist-SupFanMtr-cDXOH-2SpClgHtg-Cnst/instance-out.sql,125569.21,0.0,991.12,23737.13,0.0,29387.4,0.0,47448.51,1.13,0.0,0.0,0.0,24003.91,0.0,0.0,0.00,991.12,0.00,0.00,29387.40,0.00
CZ01/OfS&0&cDXOH&Ex&HV_AirDist/NE-HV_AirDist-SupFanMtr-cDXOH-2SpClgHtg-VFDStdMtr/instance-out.sql,87229.19,0.0,1227.53,23737.13,0.0,29387.4,0.0,8872.06,1.13,0.0,0.0,0.0,24003.93,0.0,0.0,0.00,1227.53,0.00,0.00,29387.40,0.00
CZ01/OfS&0&cDXOH&Ex&HV_AirDist/NE-HV_AirDist-SupFanMtr-cDXOH-2SpClgHtg-SRM/instance-out.sql,85710.92,0.0,1197.4,23737.13,0.0,29387.4,0.0,7383.92,1.13,0.0,0.0,0.0,24003.93,0.0,0.0,0.00,1197.40,0.00,0.00,29387.40,0.00
CZ01/RFF&0&cDXOH&Ex&HV_AirDist/NE-HV_AirDist-SupFanMtr-cDXOH-2SpClgHtg-Cnst/instance-out.sql,98085.36,144.87,2774.26,13247.63,0.0,37903.17,0.0,16240.22,3.37,0.0,0.0,0.0,27771.84,0.0,0.0,0.00,2774.26,144.87,0.00,18423.46,19479.71
CZ01/RFF&0&cDXOH&Ex&HV_AirDist/NE-HV_AirDist-SupFanMtr-cDXOH-2SpClgHtg-VFDStdMtr/instance-out.sql,88380.09,196.01,2719.75,13247.63,0.0,37903.17,0.0,6538.25,3.37,0.0,0.0,0.0,27771.9,0.0,0.0,0.00,2719.75,196.01,0.00,18423.46,19479.71
CZ01/RFF&0&cDXOH&Ex&HV_AirDist/NE-HV_AirDist-SupFanMtr-cDXOH-2SpClgHtg-SRM/instance-out.sql,88006.59,197.77,2709.26,13247.63,0.0,37903.17,0.0,6173.49,3.37,0.0,0.0,0.0,27771.9,0.0,0.0,0.00,2709.26,197.77,0.00,18423.46,19479.71
CZ01/RSD&0&cDXOH&Ex&HV_AirDist/NE-HV_AirDist-SupFanMtr-cDXOH-2SpClgHtg-Cnst/instance-out.sql,249470.68,29421.04,8467.46,36047.32,0.0,76546.73,0.0,26987.26,13.91,0.0,0.0,0.0,71986.97,0.0,0.0,0.00,8467.46,29421.04,0.00,37475.60,39071.13
CZ01/RSD&0&cDXOH&Ex&HV_AirDist/NE-HV_AirDist-SupFanMtr-cDXOH-2SpClgHtg-VFDStdMtr/instance-out.sql,244473.39,29761.21,8377.81,36047.32,0.0,76546.73,0.0,21739.35,13.96,0.0,0.0,0.0,71987.01,0.0,0.0,0.00,8377.81,29761.21,0.00,37475.60,39071.13
CZ01/RSD&0&cDXOH&Ex&HV_AirDist/NE-HV_AirDist-SupFanMtr-cDXOH-2SpClgHtg-SRM/instance-out.sql,244285.54,29773.91,8370.52,36047.32,0.0,76546.73,0.0,21546.09,13.97,0.0,0.0,0.0,71987.01,0.0,0.0,0.00,8370.52,29773.91,0.00,37475.60,39071.13
CZ01/Rt3&0&cDXOH&Ex&HV_AirDist/NE-HV_AirDist-SupFanMtr-cDXOH-2SpClgHtg-Cnst/instance-out.sql,1905595.57,5225.85,5620.12,774348.97,0.0,436362.0,0.0,494126.65,3.38,0.0,0.0,0.0,189908.6,0.0,0.0,0.00,5620.12,5225.85,0.00,436362.00,0.00
CZ01/Rt3&0&cDXOH&Ex&HV_AirDist/NE-HV_AirDist-SupFanMtr-cDXOH-2SpClgHtg-VFDStdMtr/instance-out.sql,1520703.6400000001,6932.81,6367.5,774348.97,0.0,436362.0,0.0,106780.16,3.38,0.0,0.0,0.0,189908.82,0.0,0.0,0.00,6367.50,6932.81,0.00,436362.00,0.00
CZ01/Rt3&0&cDXOH&Ex&HV_AirDist/NE-HV_AirDist-SupFanMtr-cDXOH-2SpClgHtg-SRM/instance-out.sql,1505209.9500000002,7007.0,6121.26,774348.97,0.0,436362.0,0.0,91458.51,3.38,0.0,0.0,0.0,189908.82,0.0,0.0,0.00,6121.26,7007.00,0.00,436362.00,0.00
CZ01/RtL&0&cDXOH&Ex&HV_AirDist/NE-HV_AirDist-SupFanMtr-cDXOH-2SpClgHtg-Cnst/instance-out.sql,1910825.42,41.9,13142.04,767420.15,0.0,509200.67,0.0,481355.71,3.39,0.0,0.0,0.0,139661.56,0.0,0.0,0.00,13142.04,41.90,0.00,468847.72,40352.95
CZ01/RtL&0&cDXOH&Ex&HV_AirDist/NE-HV_AirDist-SupFanMtr-cDXOH-2SpClgHtg-VFDStdMtr/instance-out.sql,1529564.86,138.41,13868.14,767420.15,0.0,509200.67,0.0,99272.44,3.39,0.0,0.0,0.0,139661.66,0.0,0.0,0.00,13868.14,138.41,0.00,468847.72,40352.95
CZ01/RtL&0&cDXOH&Ex&HV_AirDist/NE-HV_AirDist-SupFanMtr-cDXOH-2SpClgHtg-SRM/instance-out.sql,1513989.29,143.13,13557.83,767420.15,0.0,509200.67,0.0,84002.45,3.39,0.0,0.0,0.0,139661.67,0.0,0.0,0.00,13557.83,143.13,0.00,468847.72,40352.95
CZ01/RtS&0&cDXOH&Ex&HV_AirDist/NE-HV_AirDist-SupFanMtr-cDXOH-2SpClgHtg-Cnst/instance-out.sql,112147.09999999999,0.0,348.86,44599.63,0.0,24440.79,0.0,26073.84,3.36,0.0,0.0,0.0,16680.62,0.0,0.0,0.00,348.86,0.00,0.00,24440.79,0.00
CZ01/RtS&0&cDXOH&Ex&HV_AirDist/NE-HV_AirDist-SupFanMtr-cDXOH-2SpClgHtg-VFDStdMtr/instance-out.sql,90455.06,0.0,409.45,44599.63,0.0,24440.79,0.0,4321.21,3.36,0.0,0.0,0.0,16680.62,0.0,0.0,0.00,409.45,0.00,0.00,24440.79,0.00
CZ01/RtS&0&cDXOH&Ex&HV_AirDist/NE-HV_AirDist-SupFanMtr-cDXOH-2SpClgHtg-SRM/instance-out.sql,89654.81999999999,0.0,395.46,44599.63,0.0,24440.79,0.0,3534.95,3.36,0.0,0.0,0.0,16680.62,0.0,0.0,0.00,395.46,0.00,0.00,24440.79,0.00
CZ01/SCn&0&cDXOH&Ex&HV_AirDist/NE-HV_AirDist-SupFanMtr-cDXOH-2SpClgHtg-Cnst/instance-out.sql,2066611.0599999998,0.0,421.43,850055.03,0.0,449066.39,0.0,673827.21,3.36,0.0,0.0,0.0,93237.64,0.0,0.0,0.00,421.43,0.00,0.00,449066.39,0.00
CZ01/SCn&0&cDXOH&Ex&HV_AirDist/NE-HV_AirDist-SupFanMtr-cDXOH-2SpClgHtg-VFDStdMtr/instance-out.sql,1460897.94,0.0,175.98,850055.03,0.0,449066.39,0.0,68359.54,3.36,0.0,0.0,0.0,93237.64,0.0,0.0,0.00,175.98,0.00,0.00,449066.39,0.00
CZ01/SCn&0&cDXOH&Ex&HV_AirDist/NE-HV_AirDist-SupFanMtr-cDXOH-2SpClgHtg-SRM/instance-out.sql,1441915.0999999999,0.0,163.87,850055.03,0.0,449066.39,0.0,49388.82,3.36,0.0,0.0,0.0,93237.64,0.0,0.0,0.00,163.87,0.00,0.00,449066.39,0.00
CZ02/Asm&0&cDXGF&Ex&HV_AirDist/NE-HV_AirDist-SupFanMtr-cDXGF-2SpClgHtg-Cnst/instance-out.sql,882627.75,259901.39,79826.3,153727.01,0.0,145823.51,0.0,220311.52,3.36,0.0,0.0,0.0,23034.67,0.0,0.0,0.00,79826.30,259901.39,0.00,145823.51,0.00
CZ02/Asm&0&cDXGF&Ex&HV_AirDist/NE-HV_AirDist-SupFanMtr-cDXGF-2SpClgHtg-VFDStdMtr/instance-out.sql,746766.28,266156.28,75429.24,153727.01,0.0,145823.51,0.0,82591.99,3.36,0.0,0.0,0.0,23034.88,0.0,0.0,0.00,75429.24,266156.28,0.00,145823.51,0.00
CZ02/Asm&0&cDXGF&Ex&HV_AirDist/NE-HV_AirDist-SupFanMtr-cDXGF-2SpClgHtg-SRM/instance-out.sql,743369.78,270541.14,74747.3,153727.01,0.0,145823.51,0.0,75492.57,3.36,0.0,0.0,0.0,23034.88,0.0,0.0,0.00,74747.30,270541.14,0.00,145823.51,0.00
CZ02/ECC&0&cDXGF&Ex&HV_AirDist/NE-HV_AirDist-SupFanMtr-cDXGF-2SpClgHtg-Cnst/instance-out.sql,2730540.14,116409.52,204587.79,358430.2,0.0,1013813.91,0.0,577086.86,840.81,0.0,0.0,0.0,459371.05,0.0,0.0,0.00,204587.79,116409.52,0.00,945189.93,68623.98
CZ02/ECC&0&cDXGF&Ex&HV_AirDist/NE-HV_AirDist-SupFanMtr-cDXGF-2SpClgHtg-VFDStdMtr/instance-out.sql,2458245.8,183571.06,190327.73,358430.2,0.0,1013813.91,0.0,251891.42,832.38,0.0,0.0,0.0,459379.1,0.0,0.0,0.00,190327.73,183571.06,0.00,945189.93,68623.98
CZ02/ECC&0&cDXGF&Ex&HV_AirDist/NE-HV_AirDist-SupFanMtr-cDXGF-2SpClgHtg-SRM/instance-out.sql,2444748.23,188446.4,188702.58,358430.2,0.0,1013813.91,0.0,235143.91,832.17,0.0,0.0,0.0,459379.04,0.0,0.0,0.00,188702.58,188446.40,0.00,945189.93,68623.98
CZ02/EPr&0&cDXGF&Ex&HV_AirDist/NE-HV_AirDist-SupFanMtr-cDXGF-2SpClgHtg-Cnst/instance-out.sql,434639.11,37627.95,35010.02,64700.97,0.0,125897.03,0.0,83760.24,3.37,0.0,0.0,0.0,87639.52,0.0,0.0,0.00,35010.02,37627.95,0.00,83226.75,42670.28
CZ02/EPr&0&cDXGF&Ex&HV_AirDist/NE-HV_AirDist-SupFanMtr-cDXGF-2SpClgHtg-VFDStdMtr/instance-out.sql,398910.13,49269.05,32955.39,64700.97,0.0,125897.03,0.0,38445.17,3.37,0.0,0.0,0.0,87639.15,0.0,0.0,0.00,32955.39,49269.05,0.00,83226.75,42670.28
CZ02/EPr&0&cDXGF&Ex&HV_AirDist/NE-HV_AirDist-SupFanMtr-cDXGF-2SpClgHtg-SRM/instance-out.sql,397294.19,50275.41,32714.36,64700.97,0.0,125897.03,0.0,36062.74,3.37,0.0,0.0,0.0,87640.32,0.0,0.0,0.00,32714.36,50275.41,0.00,83226.75,42670.28
CZ02/ERC&0&cDXGF&Ex&HV_AirDist/NE-HV_AirDist-SupFanMtr-cDXGF-2SpClgHtg-Cnst/instance-out.sql,21486.29,2668.17,1010.11,2224.35,0.0,2196.82,0.0,4025.55,3.36,0.0,0.0,0.0,9357.94,0.0,0.0,0.00,1010.11,2668.17,0.00,2196.82,0.00
CZ02/ERC&0&cDXGF&Ex&HV_AirDist/NE-HV_AirDist-SupFanMtr-cDXGF-2SpClgHtg-VFDStdMtr/instance-out.sql,20004.83,3765.97,903.43,2224.35,0.0,2196.82,0.0,1552.92,3.36,0.0,0.0,0.0,9357.97,0.0,0.0,0.00,903.43,3765.97,0.00,2196.82,0.00
CZ02/ERC&0&cDXGF&Ex&HV_AirDist/NE-HV_AirDist-SupFanMtr-cDXGF-2SpClgHtg-SRM/instance-out.sql,19936.510000000002,3840.81,893.72,2224.35,0.0,2196.82,0.0,1419.48,3.36,0.0,0.0,0.0,9357.97,0.0,0.0,0.00,893.72,3840.81,0.00,2196.82,0.00
CZ02/ESe&0&cDXGF&Ex&HV_AirDist/NE-HV_AirDist-SupFanMtr-cDXGF-2SpClgHtg-Cnst/instance-out.sql,1306154.42,197874.76,95415.25,197959.32,0.0,323176.74,0.0,251899.36,3.39,0.0,0.0,0.0,239825.59,0.0,0.0,0.00,95415.25,197874.76,0.00,259085.82,64090.92
CZ02/ESe&0&cDXGF&Ex&HV_AirDist/NE-HV_AirDist-SupFanMtr-cDXGF-2SpClgHtg-VFDStdMtr/instance-out.sql,1261392.48,209602.05,92815.43,197959.32,0.0,323176.74,0.0,198008.79,3.39,0.0,0.0,0.0,239826.76,0.0,0.0,0.00,92815.43,209602.05,0.00,259085.82,64090.92
CZ02/ESe&0&cDXGF&Ex&HV_AirDist/NE-HV_AirDist-SupFanMtr-cDXGF-2SpClgHtg-SRM/instance-out.sql,1259184.13,210442.15,92525.86,197959.32,0.0,323176.74,0.0,195249.95,3.39,0.0,0.0,0.0,239826.73,0.0,0.0,0.00,92525.86,210442.15,0.00,259085.82,64090.92
CZ02/EUn&0&cDXGF&Ex&HV_AirDist/NE-HV_AirDist-SupFanMtr-cDXGF-2SpClgHtg-Cnst/instance-out.sql,8678600.21,311876.98,669541.19,1277404.75,0.0,3682881.23,0.0,1960681.79,3.37,0.0,0.0,0.0,776210.89,0.0,0.0,0.00,669541.19,311876.98,0.00,3555459.15,127422.08
CZ02/EUn&0&cDXGF&Ex&HV_AirDist/NE-HV_AirDist-SupFanMtr-cDXGF-2SpClgHtg-VFDStdMtr/instance-out.sql,7761841.46,513997.67,623533.04,1277404.75,0.0,3682881.23,0.0,887801.81,3.37,0.0,0.0,0.0,776219.59,0.0,0.0,0.00,623533.04,513997.67,0.00,3555459.15,127422.08
CZ02/EUn&0&cDXGF&Ex&HV_AirDist/NE-HV_AirDist-SupFanMtr-cDXGF-2SpClgHtg-SRM/instance-out.sql,7715210.57,527729.22,618583.21,1277404.75,0.0,3682881.23,0.0,832389.11,3.37,0.0,0.0,0.0,776219.68,0.0,0.0,0.00,618583.21,527729.22,0.00,3555459.15,127422.08
CZ02/Gro&0&cDXGF&Ex&HV_AirDist/NE-HV_AirDist-SupFanMtr-cDXGF-2SpClgHtg-Cnst/instance-out.sql,1988827.92,182386.44,35053.27,249218.65,0.0,177584.03,0.0,182344.22,3.38,0.0,0.0,0.0,62184.07,1100053.85,0.0,0.00,35053.27,182386.44,0.00,177584.03,0.00
CZ02/Gro&0&cDXGF&Ex&HV_AirDist/NE-HV_AirDist-SupFanMtr-cDXGF-2SpClgHtg-VFDStdMtr/instance-out.sql,1921271.6400000001,242872.47,28482.06,249218.65,0.0,177584.03,0.0,65823.55,3.38,0.0,0.0,0.0,62184.07,1095103.43,0.0,0.00,28482.06,242872.47,0.00,177584.03,0.00
CZ02/Gro&0&cDXGF&Ex&HV_AirDist/NE-HV_AirDist-SupFanMtr-cDXGF-2SpClgHtg-SRM/instance-out.sql,1918483.0999999999,246593.4,28086.36,249218.65,0.0,177584.03,0.0,59956.82,3.38,0.0,0.0,0.0,62184.07,1094856.39,0.0,0.00,28086.36,246593.40,0.00,177584.03,0.00
CZ02/Hsp&0&cDXGF&Ex&HV_AirDist/NE-HV_AirDist-SupFanMtr-cDXGF-2SpClgHtg-Cnst/instance-out.sql,3858950.02,387232.82,602301.01,856282.21,0.0,1182847.3,0.0,522180.8,37802.93,0.0,0.0,0.0,270302.97,0.0,0.0,0.00,602301.01,387232.82,0.00,1139112.10,43735.20
CZ02/Hsp&0&cDXGF&Ex&HV_AirDist/NE-HV_AirDist-SupFanMtr-cDXGF-2SpClgHtg-VFDStdMtr/instance-out.sql,3684838.91,421464.73,592898.73,856282.21,0.0,1182847.3,0.0,323324.67,37737.38,0.0,0.0,0.0,270283.89,0.0,0.0,0.00,592898.73,421464.73,0.00,1139112.10,43735.20
CZ02/Hsp&0&cDXGF&Ex&HV_AirDist/NE-HV_AirDist-SupFanMtr-cDXGF-2SpClgHtg-SRM/instance-out.sql,3676521.69,423652.55,592086.37,856282.21,0.0,1182847.3,0.0,313641.82,37730.86,0.0,0.0,0.0,270280.57,0.0,0.0,0.00,592086.37,423652.55,0.00,1139112.10,43735.20
CZ02/MBT&0&cDXGF&Ex&HV_AirDist/NE-HV_AirDist-SupFanMtr-cDXGF-2SpClgHtg-Cnst/instance-out.sql,7499188.8100000005,3190231.15,238152.93,709539.71,0.0,2167645.51,0.0,1013809.56,575.36,0.0,0.0,0.0,179234.58,0.0,0.0,0.00,238152.93,3190231.15,0.00,1394057.91,773587.60
CZ02/MBT&0&cDXGF&Ex&HV_AirDist/NE-HV_AirDist-SupFanMtr-cDXGF-2SpClgHtg-VFDStdMtr/instance-out.sql,7332494.34,3247467.14,228876.18,709539.71,0.0,2167645.51,0.0,799155.75,574.48,0.0,0.0,0.0,179235.56,0.0,0.0,0.00,228876.18,3247467.14,0.00,1394057.91,773587.60
CZ02/MBT&0&cDXGF&Ex&HV_AirDist/NE-HV_AirDist-SupFanMtr-cDXGF-2SpClgHtg-SRM/instance-out.sql,7325032.67,3251341.91,228042.39,709539.71,0.0,2167645.51,0.0,788653.14,574.44,0.0,0.0,0.0,179235.57,0.0,0.0,0.00,228042.39,3251341.91,0.00,1394057.91,773587.60
CZ02/MLI&0&cDXGF&Ex&HV_AirDist/NE-HV_AirDist-SupFanMtr-cDXGF-2SpClgHtg-Cnst/instance-out.sql,1188829.3,172133.39,76578.91,283149.19,0.0,239893.0,0.0,367218.07,3.37,0.0,0.0,0.0,49853.37,0.0,0.0,0.00,76578.91,172133.39,0.00,239893.00,0.00
CZ02/MLI&0&cDXGF&Ex&HV_AirDist/NE-HV_AirDist-SupFanMtr-cDXGF-2SpClgHtg-VFDStdMtr/instance-out.sql,1026626.1199999999,266331.03,63504.42,283149.19,0.0,239893.0,0.0,123891.73,3.37,0.0,0.0,0.0,49853.38,0.0,0.0,0.00,63504.42,266331.03,0.00,239893.00,0.00
CZ02/MLI&0&cDXGF&Ex&HV_AirDist/NE-HV_AirDist-SupFanMtr-cDXGF-2SpClgHtg-SRM/instance-out.sql,1019837.76,272082.38,62622.01,283149.19,0.0,239893.0,0.0,112234.43,3.37,0.0,0.0,0.0,49853.38,0.0,0.0,0.00,62622.01,272082.38,0.00,239893.00,0.00
CZ02/Mtl&0&cDXGF&Ex&HV_AirDist/NE-HV_AirDist-SupFanMtr-cDXGF-2SpClgHtg-Cnst/instance-out.sql,190687.13,29084.88,21384.59,51285.47,0.0,22443.33,0.0,58698.87,3.36,0.0,0.0,0.0,7786.63,0.0,0.0,0.00,21384.59,29084.88,0.00,22191.36,251.97
CZ02/Mtl&0&cDXGF&Ex&HV_AirDist/NE-HV_AirDist-SupFanMtr-cDXGF-2SpClgHtg-VFDStdMtr/instance-out.sql,164602.94,42357.17,19268.91,51285.47,0.0,22443.33,0.0,21458.06,3.36,0.0,0.0,0.0,7786.63,0.0,0.0,0.00,19268.91,42357.17,0.00,22191.36,251.97
CZ02/Mtl&0&cDXGF&Ex&HV_AirDist/NE-HV_AirDist-SupFanMtr-cDXGF-2SpClgHtg-SRM/instance-out.sql,163361.63,43151.19,19107.81,51285.47,0.0,22443.33,0.0,19583.83,3.36,0.0,0.0,0.0,7786.63,0.0,0.0,0.00,19107.81,43151.19,0.00,22191.36,251.97
CZ02/Nrs&0&cDXGF&Ex&HV_AirDist/NE-HV_AirDist-SupFanMtr-cDXGF-2SpClgHtg-Cnst/instance-out.sql,1005879.6599999999,95315.85,81596.55,200868.06,0.0,347425.87,0.0,159205.8,29.47,0.0,0.0,0.0,121438.07,0.0,0.0,0.00,81596.55,95315.85,0.00,281574.59,65851.28
CZ02/Nrs&0&cDXGF&Ex&HV_AirDist/NE-HV_AirDist-SupFanMtr-cDXGF-2SpClgHtg-VFDStdMtr/instance-out.sql,943825.18,109021.91,78747.66,200868.06,0.0,347425.87,0.0,86391.52,30.08,0.0,0.0,0.0,121340.07,0.0,0.0,0.00,78747.66,109021.91,0.00,281574.59,65851.28
CZ02/Nrs&0&cDXGF&Ex&HV_AirDist/NE-HV_AirDist-SupFanMtr-cDXGF-2SpClgHtg-SRM/instance-out.sql,940727.04,109882.05,78441.6,200868.06,0.0,347425.87,0.0,82727.93,29.97,0.0,0.0,0.0,121351.56,0.0,0.0,0.00,78441.60,109882.05,0.00,281574.59,65851.28
CZ02/OfL&0&cDXGF&Ex&HV_AirDist/NE-HV_AirDist-SupFanMtr-cDXGF-2SpClgHtg-Cnst/instance-out.sql,2712801.54,102599.11,285754.07,462712.61,0.0,829334.66,0.0,906756.39,2382.91,0.0,0.0,0.0,123261.78,0.0,0.0,0.00,285754.07,102599.11,0.00,829334.66,0.00
CZ02/OfL&0&cDXGF&Ex&HV_AirDist/NE-HV_AirDist-SupFanMtr-cDXGF-2SpClgHtg-VFDStdMtr/instance-out.sql,2200465.59,171795.93,264438.31,462712.61,0.0,829334.66,0.0,347030.44,2383.2,0.0,0.0,0.0,122770.43,0.0,0.0,0.00,264438.31,171795.93,0.00,829334.66,0.00
CZ02/OfL&0&cDXGF&Ex&HV_AirDist/NE-HV_AirDist-SupFanMtr-cDXGF-2SpClgHtg-SRM/instance-out.sql,2175341.07,177440.41,262107.1,462712.61,0.0,829334.66,0.0,318574.79,2382.61,0.0,0.0,0.0,122788.88,0.0,0.0,0.00,262107.10,177440.41,0.00,829334.66,0.00
CZ02/OfS&0&cDXGF&Ex&HV_AirDist/NE-HV_AirDist-SupFanMtr-cDXGF-2SpClgHtg-Cnst/instance-out.sql,159346.39,10261.46,14774.97,23737.13,0.0,29387.4,0.0,58510.43,1.13,0.0,0.0,0.0,22673.87,0.0,0.0,0.00,14774.97,10261.46,0.00,29387.40,0.00
CZ02/OfS&0&cDXGF&Ex&HV_AirDist/NE-HV_AirDist-SupFanMtr-cDXGF-2SpClgHtg-VFDStdMtr/instance-out.sql,128386.93,18108.3,13255.6,23737.13,0.0,29387.4,0.0,21223.47,1.13,0.0,0.0,0.0,22673.9,0.0,0.0,0.00,13255.60,18108.30,0.00,29387.40,0.00
CZ02/OfS&0&cDXGF&Ex&HV_AirDist/NE-HV_AirDist-SupFanMtr-cDXGF-2SpClgHtg-SRM/instance-out.sql,126871.26999999999,18684.37,13106.13,23737.13,0.0,29387.4,0.0,19281.21,1.13,0.0,0.0,0.0,22673.9,0.0,0.0,0.00,13106.13,18684.37,0.00,29387.40,0.00
CZ02/RFF&0&cDXGF&Ex&HV_AirDist/NE-HV_AirDist-SupFanMtr-cDXGF-2SpClgHtg-Cnst/instance-out.sql,114422.73000000001,6752.61,8709.43,13247.63,0.0,37903.17,0.0,21508.08,3.37,0.0,0.0,0.0,26298.44,0.0,0.0,0.00,8709.43,6752.61,0.00,18423.46,19479.71
CZ02/RFF&0&cDXGF&Ex&HV_AirDist/NE-HV_AirDist-SupFanMtr-cDXGF-2SpClgHtg-VFDStdMtr/instance-out.sql,107486.91,9992.9,8307.39,13247.63,0.0,37903.17,0.0,11733.95,3.37,0.0,0.0,0.0,26298.51,0.0,0.0,0.00,8307.39,9992.90,0.00,18423.46,19479.71
CZ02/RFF&0&cDXGF&Ex&HV_AirDist/NE-HV_AirDist-SupFanMtr-cDXGF-2SpClgHtg-SRM/instance-out.sql,107174.89,10219.5,8270.27,13247.63,0.0,37903.17,0.0,11232.44,3.37,0.0,0.0,0.0,26298.51,0.0,0.0,0.00,8270.27,10219.50,0.00,18423.46,19479.71
CZ02/RSD&0&cDXGF&Ex&HV_AirDist/NE-HV_AirDist-SupFanMtr-cDXGF-2SpClgHtg-Cnst/instance-out.sql,264905.61,34210.82,21057.91,36047.32,0.0,76546.73,0.0,29483.48,15.59,0.0,0.0,0.0,67543.75,0.0,0.0,0.00,21057.91,34210.82,0.00,37475.60,39071.13
CZ02/RSD&0&cDXGF&Ex&HV_AirDist/NE-HV_AirDist-SupFanMtr-cDXGF-2SpClgHtg-VFDStdMtr/instance-out.sql,261213.33000000002,35672.52,20828.78,36047.32,0.0,76546.73,0.0,24558.41,15.59,0.0,0.0,0.0,67543.97,0.0,0.0,0.00,20828.78,35672.52,0.00,37475.60,39071.13
CZ02/RSD&0&cDXGF&Ex&HV_AirDist/NE-HV_AirDist-SupFanMtr-cDXGF-2SpClgHtg-SRM/instance-out.sql,261046.8,35768.8,20809.16,36047.32,0.0,76546.73,0.0,24315.28,15.6,0.0,0.0,0.0,67543.91,0.0,0.0,0.00,20809.16,35768.80,0.00,37475.60,39071.13
CZ02/Rt3&0&cDXGF&Ex&HV_AirDist/NE-HV_AirDist-SupFanMtr-cDXGF-2SpClgHtg-Cnst/instance-out.sql,2222836.56,101071.6,162683.69,774348.97,0.0,436362.0,0.0,570765.44,3.38,0.0,0.0,0.0,177601.48,0.0,0.0,0.00,162683.69,101071.60,0.00,436362.00,0.00
CZ02/Rt3&0&cDXGF&Ex&HV_AirDist/NE-HV_AirDist-SupFanMtr-cDXGF-2SpClgHtg-VFDStdMtr/instance-out.sql,1911397.44,173899.32,143694.54,774348.97,0.0,436362.0,0.0,205487.35,3.38,0.0,0.0,0.0,177601.89,0.0,0.0,0.00,143694.54,173899.32,0.00,436362.00,0.00
CZ02/Rt3&0&cDXGF&Ex&HV_AirDist/NE-HV_AirDist-SupFanMtr-cDXGF-2SpClgHtg-SRM/instance-out.sql,1896635.85,178783.6,142023.87,774348.97,0.0,436362.0,0.0,187512.12,3.38,0.0,0.0,0.0,177601.9,0.0,0.0,0.00,142023.87,178783.60,0.00,436362.00,0.00
CZ02/RtL&0&cDXGF&Ex&HV_AirDist/NE-HV_AirDist-SupFanMtr-cDXGF-2SpClgHtg-Cnst/instance-out.sql,2203178.09,85601.07,175174.36,767420.15,0.0,509200.67,0.0,535082.9,3.39,0.0,0.0,0.0,130695.55,0.0,0.0,0.00,175174.36,85601.07,0.00,468847.72,40352.95
CZ02/RtL&0&cDXGF&Ex&HV_AirDist/NE-HV_AirDist-SupFanMtr-cDXGF-2SpClgHtg-VFDStdMtr/instance-out.sql,1908966.46,156777.45,155394.98,767420.15,0.0,509200.67,0.0,189474.27,3.39,0.0,0.0,0.0,130695.56,0.0,0.0,0.00,155394.98,156777.45,0.00,468847.72,40352.95
CZ02/RtL&0&cDXGF&Ex&HV_AirDist/NE-HV_AirDist-SupFanMtr-cDXGF-2SpClgHtg-SRM/instance-out.sql,1894647.38,161250.95,153728.35,767420.15,0.0,509200.67,0.0,172348.33,3.39,0.0,0.0,0.0,130695.56,0.0,0.0,0.00,153728.35,161250.95,0.00,468847.72,40352.95
CZ02/RtS&0&cDXGF&Ex&HV_AirDist/NE-HV_AirDist-SupFanMtr-cDXGF-2SpClgHtg-Cnst/instance-out.sql,149940.76,16706.42,11057.13,44599.63,0.0,24440.79,0.0,37164.74,3.36,0.0,0.0,0.0,15968.69,0.0,0.0,0.00,11057.13,16706.42,0.00,24440.79,0.00
CZ02/RtS&0&cDXGF&Ex&HV_AirDist/NE-HV_AirDist-SupFanMtr-cDXGF-2SpClgHtg-VFDStdMtr/instance-out.sql,132189.51,23890.04,9830.33,44599.63,0.0,24440.79,0.0,13456.64,3.36,0.0,0.0,0.0,15968.71,0.0,0.0,0.00,9830.33,23890.04,0.00,24440.79,0.00
CZ02/RtS&0&cDXGF&Ex&HV_AirDist/NE-HV_AirDist-SupFanMtr-cDXGF-2SpClgHtg-SRM/instance-out.sql,131377.03,24367.53,9728.59,44599.63,0.0,24440.79,0.0,12268.41,3.36,0.0,0.0,0.0,15968.71,0.0,0.0,0.00,9728.59,24367.53,0.00,24440.79,0.00
CZ02/SCn&0&cDXGF&Ex&HV_AirDist/NE-HV_AirDist-SupFanMtr-cDXGF-2SpClgHtg-Cnst/instance-out.sql,4214993.71,977225.86,243113.47,850055.03,0.0,449066.39,0.0,1608157.86,3.36,0.0,0.0,0.0,87371.75,0.0,0.0,0.00,243113.47,977225.86,0.00,449066.39,0.00
CZ02/SCn&0&cDXGF&Ex&HV_AirDist/NE-HV_AirDist-SupFanMtr-cDXGF-2SpClgHtg-VFDStdMtr/instance-out.sql,3594431.55,1481625.01,179855.73,850055.03,0.0,449066.39,0.0,546454.28,3.36,0.0,0.0,0.0,87371.75,0.0,0.0,0.00,179855.73,1481625.01,0.00,449066.39,0.00
CZ02/SCn&0&cDXGF&Ex&HV_AirDist/NE-HV_AirDist-SupFanMtr-cDXGF-2SpClgHtg-SRM/instance-out.sql,3573053.04,1514321.84,176155.05,850055.03,0.0,449066.39,0.0,496079.63,3.36,0.0,0.0,0.0,87371.75,0.0,0.0,0.00,176155.05,1514321.84,0.00,449066.39,0.00
CZ02/Asm&0&cDXHP&Ex&HV_AirDist/NE-HV_AirDist-SupFanMtr-cDXHP-2SpClgHtg-Cnst/instance-out.sql,660615.2200000001,37951.99,79763.17,153727.01,0.0,145823.51,0.0,220311.52,3.36,0.0,0.0,0.0,23034.67,0.0,0.0,37951.99,79763.17,0.00,0.00,145823.51,0.00
CZ02/Asm&0&cDXHP&Ex&HV_AirDist/NE-HV_AirDist-SupFanMtr-cDXHP-2SpClgHtg-VFDStdMtr/instance-out.sql,515660.49,31345.18,75849.66,153727.01,0.0,145823.51,0.0,85876.89,3.36,0.0,0.0,0.0,23034.89,0.0,0.0,31345.18,75849.66,0.00,0.00,145823.51,0.00
CZ02/Asm&0&cDXHP&Ex&HV_AirDist/NE-HV_AirDist-SupFanMtr-cDXHP-2SpClgHtg-SRM/instance-out.sql,508264.46,31840.98,75019.78,153727.01,0.0,145823.51,0.0,78814.93,3.36,0.0,0.0,0.0,23034.9,0.0,0.0,31840.98,75019.78,0.00,0.00,145823.51,0.00
CZ02/ECC&0&cDXHP&Ex&HV_AirDist/NE-HV_AirDist-SupFanMtr-cDXHP-2SpClgHtg-Cnst/instance-out.sql,2636602.57,21942.53,205113.51,358430.2,0.0,1013813.91,0.0,577086.7,840.81,0.0,0.0,0.0,459374.9,0.0,0.0,20885.11,205113.51,1057.42,0.00,945189.93,68623.98
CZ02/ECC&0&cDXHP&Ex&HV_AirDist/NE-HV_AirDist-SupFanMtr-cDXHP-2SpClgHtg-VFDStdMtr/instance-out.sql,2304721.47,27462.21,192759.1,358430.2,0.0,1013813.91,0.0,252090.62,832.42,0.0,0.0,0.0,459332.99,0.0,0.0,26341.32,192759.10,1120.89,0.00,945189.93,68623.98
CZ02/ECC&0&cDXHP&Ex&HV_AirDist/NE-HV_AirDist-SupFanMtr-cDXHP-2SpClgHtg-SRM/instance-out.sql,2287077.44,28167.78,191102.54,358430.2,0.0,1013813.91,0.0,235374.9,832.19,0.0,0.0,0.0,459355.9,0.0,0.0,27040.60,191102.54,1127.18,0.00,945189.93,68623.98
CZ02/EPr&0&cDXHP&Ex&HV_AirDist/NE-HV_AirDist-SupFanMtr-cDXHP-2SpClgHtg-Cnst/instance-out.sql,403208.20999999996,6381.02,34826.29,64700.97,0.0,125897.03,0.0,83760.01,3.37,0.0,0.0,0.0,87639.52,0.0,0.0,6380.72,34826.29,0.30,0.00,83226.75,42670.28
CZ02/EPr&0&cDXHP&Ex&HV_AirDist/NE-HV_AirDist-SupFanMtr-cDXHP-2SpClgHtg-VFDStdMtr/instance-out.sql,356442.15,6609.12,33149.87,64700.97,0.0,125897.03,0.0,38442.6,3.37,0.0,0.0,0.0,87639.19,0.0,0.0,6608.79,33149.87,0.33,0.00,83226.75,42670.28
CZ02/EPr&0&cDXHP&Ex&HV_AirDist/NE-HV_AirDist-SupFanMtr-cDXHP-2SpClgHtg-SRM/instance-out.sql,353929.21,6744.37,32894.01,64700.97,0.0,125897.03,0.0,36049.11,3.37,0.0,0.0,0.0,87640.35,0.0,0.0,6744.04,32894.01,0.33,0.00,83226.75,42670.28
CZ02/ERC&0&cDXHP&Ex&HV_AirDist/NE-HV_AirDist-SupFanMtr-cDXHP-2SpClgHtg-Cnst/instance-out.sql,19310.6,499.0,1003.58,2224.35,0.0,2196.82,0.0,4025.55,3.36,0.0,0.0,0.0,9357.94,0.0,0.0,499.00,1003.58,0.00,0.00,2196.82,0.00
CZ02/ERC&0&cDXHP&Ex&HV_AirDist/NE-HV_AirDist-SupFanMtr-cDXHP-2SpClgHtg-VFDStdMtr/instance-out.sql,16804.91,562.36,901.7,2224.35,0.0,2196.82,0.0,1558.33,3.36,0.0,0.0,0.0,9357.98,0.0,0.0,562.36,901.70,0.00,0.00,2196.82,0.00
CZ02/ERC&0&cDXHP&Ex&HV_AirDist/NE-HV_AirDist-SupFanMtr-cDXHP-2SpClgHtg-SRM/instance-out.sql,16672.73,572.97,891.57,2224.35,0.0,2196.82,0.0,1425.69,3.36,0.0,0.0,0.0,9357.97,0.0,0.0,572.97,891.57,0.00,0.00,2196.82,0.00
CZ02/ESe&0&cDXHP&Ex&HV_AirDist/NE-HV_AirDist-SupFanMtr-cDXHP-2SpClgHtg-Cnst/instance-out.sql,1286562.8499999999,178498.46000000002,95199.99,197959.32,0.0,323176.74,0.0,251899.35,3.39,0.0,0.0,0.0,239825.59,0.0,0.0,4455.57,95199.99,174042.89,0.00,259085.82,64090.92
CZ02/ESe&0&cDXHP&Ex&HV_AirDist/NE-HV_AirDist-SupFanMtr-cDXHP-2SpClgHtg-VFDStdMtr/instance-out.sql,1231904.71,179589.88,93204.66,197959.32,0.0,323176.74,0.0,198143.85,3.39,0.0,0.0,0.0,239826.87,0.0,0.0,5186.97,93204.66,174402.91,0.00,259085.82,64090.92
CZ02/ESe&0&cDXHP&Ex&HV_AirDist/NE-HV_AirDist-SupFanMtr-cDXHP-2SpClgHtg-SRM/instance-out.sql,1228975.1400000001,179720.34,92909.03,197959.32,0.0,323176.74,0.0,195379.49,3.39,0.0,0.0,0.0,239826.84,0.0,0.0,5306.00,92909.03,174414.34,0.00,259085.82,64090.92
CZ02/EUn&0&cDXHP&Ex&HV_AirDist/NE-HV_AirDist-SupFanMtr-cDXHP-2SpClgHtg-Cnst/instance-out.sql,8445030.73,82023.93,665825.17,1277404.75,0.0,3682881.23,0.0,1960681.39,3.37,0.0,0.0,0.0,776210.89,0.0,0.0,53029.59,665825.17,28994.34,0.00,3555459.15,127422.08
CZ02/EUn&0&cDXHP&Ex&HV_AirDist/NE-HV_AirDist-SupFanMtr-cDXHP-2SpClgHtg-VFDStdMtr/instance-out.sql,7358392.18,101777.8,632770.49,1277404.75,0.0,3682881.23,0.0,887334.28,3.37,0.0,0.0,0.0,776220.27,0.0,0.0,72142.60,632770.49,29635.20,0.00,3555459.15,127422.08
CZ02/EUn&0&cDXHP&Ex&HV_AirDist/NE-HV_AirDist-SupFanMtr-cDXHP-2SpClgHtg-SRM/instance-out.sql,7299878.38,103841.5,627705.03,1277404.75,0.0,3682881.23,0.0,831822.14,3.37,0.0,0.0,0.0,776220.35,0.0,0.0,74193.13,627705.03,29648.37,0.00,3555459.15,127422.08
CZ02/Gro&0&cDXHP&Ex&HV_AirDist/NE-HV_AirDist-SupFanMtr-cDXHP-2SpClgHtg-Cnst/instance-out.sql,1840064.21,32619.08,35734.19,249218.65,0.0,177584.03,0.0,182345.08,3.38,0.0,0.0,0.0,62184.07,1100375.72,0.0,32619.08,35734.19,0.00,0.00,177584.03,0.00
CZ02/Gro&0&cDXHP&Ex&HV_AirDist/NE-HV_AirDist-SupFanMtr-cDXHP-2SpClgHtg-VFDStdMtr/instance-out.sql,1714777.02,35021.16,29439.03,249218.65,0.0,177584.03,0.0,66216.46,3.38,0.0,0.0,0.0,62184.07,1095110.22,0.0,35021.16,29439.03,0.00,0.00,177584.03,0.00
CZ02/Gro&0&cDXHP&Ex&HV_AirDist/NE-HV_AirDist-SupFanMtr-cDXHP-2SpClgHtg-SRM/instance-out.sql,1709082.59,35556.19,29023.35,249218.65,0.0,177584.03,0.0,60418.78,3.38,0.0,0.0,0.0,62184.07,1095094.13,0.0,35556.19,29023.35,0.00,0.00,177584.03,0.00
CZ02/Hsp&0&cDXHP&Ex&HV_AirDist/NE-HV_AirDist-SupFanMtr-cDXHP-2SpClgHtg-Cnst/instance-out.sql,3827086.98,355305.23,602366.26,856282.21,0.0,1182847.3,0.0,522180.67,37802.93,0.0,0.0,0.0,270302.39,0.0,0.0,7913.01,602366.26,347392.22,0.00,1139112.10,43735.20
CZ02/Hsp&0&cDXHP&Ex&HV_AirDist/NE-HV_AirDist-SupFanMtr-cDXHP-2SpClgHtg-VFDStdMtr/instance-out.sql,3629732.87,365673.04,593787.32,856282.21,0.0,1182847.3,0.0,323142.97,37749.34,0.0,0.0,0.0,270250.7,0.0,0.0,10510.68,593787.32,355162.36,0.00,1139112.10,43735.20
CZ02/Hsp&0&cDXHP&Ex&HV_AirDist/NE-HV_AirDist-SupFanMtr-cDXHP-2SpClgHtg-SRM/instance-out.sql,3619706.16,366241.45,592884.64,856282.21,0.0,1182847.3,0.0,313463.98,37741.14,0.0,0.0,0.0,270245.44,0.0,0.0,10793.13,592884.64,355448.32,0.00,1139112.10,43735.20
CZ02/MBT&0&cDXHP&Ex&HV_AirDist/NE-HV_AirDist-SupFanMtr-cDXHP-2SpClgHtg-Cnst/instance-out.sql,7389450.36,3080841.44,237804.57,709539.71,0.0,2167645.51,0.0,1013809.19,575.35,0.0,0.0,0.0,179234.58,0.0,0.0,23592.44,237804.57,3057249.00,0.00,1394057.91,773587.60
CZ02/MBT&0&cDXHP&Ex&HV_AirDist/NE-HV_AirDist-SupFanMtr-cDXHP-2SpClgHtg-VFDStdMtr/instance-out.sql,7173819.86,3088398.5,229767.82,709539.71,0.0,2167645.51,0.0,798658.22,574.46,0.0,0.0,0.0,179235.63,0.0,0.0,26334.79,229767.82,3062063.71,0.00,1394057.91,773587.60
CZ02/MBT&0&cDXHP&Ex&HV_AirDist/NE-HV_AirDist-SupFanMtr-cDXHP-2SpClgHtg-SRM/instance-out.sql,7163083.050000001,3089101.07,228887.57,709539.71,0.0,2167645.51,0.0,788099.16,574.4,0.0,0.0,0.0,179235.63,0.0,0.0,26865.11,228887.57,3062235.96,0.00,1394057.91,773587.60
CZ02/MLI&0&cDXHP&Ex&HV_AirDist/NE-HV_AirDist-SupFanMtr-cDXHP-2SpClgHtg-Cnst/instance-out.sql,1049949.03,33394.71,76437.32,283149.19,0.0,239893.0,0.0,367218.07,3.37,0.0,0.0,0.0,49853.37,0.0,0.0,33394.71,76437.32,0.00,0.00,239893.00,0.00
CZ02/MLI&0&cDXHP&Ex&HV_AirDist/NE-HV_AirDist-SupFanMtr-cDXHP-2SpClgHtg-VFDStdMtr/instance-out.sql,802252.64,41549.8,64603.84,283149.19,0.0,239893.0,0.0,123200.06,3.37,0.0,0.0,0.0,49853.38,0.0,0.0,41549.80,64603.84,0.00,0.00,239893.00,0.00
CZ02/MLI&0&cDXHP&Ex&HV_AirDist/NE-HV_AirDist-SupFanMtr-cDXHP-2SpClgHtg-SRM/instance-out.sql,790580.34,42413.77,63706.66,283149.19,0.0,239893.0,0.0,111560.97,3.37,0.0,0.0,0.0,49853.38,0.0,0.0,42413.77,63706.66,0.00,0.00,239893.00,0.00
CZ02/Mtl&0&cDXHP&Ex&HV_AirDist/NE-HV_AirDist-SupFanMtr-cDXHP-2SpClgHtg-Cnst/instance-out.sql,167498.3,6282.93,20997.7,51285.47,0.0,22443.33,0.0,58698.88,3.36,0.0,0.0,0.0,7786.63,0.0,0.0,5533.66,20997.70,749.27,0.00,22191.36,251.97
CZ02/Mtl&0&cDXHP&Ex&HV_AirDist/NE-HV_AirDist-SupFanMtr-cDXHP-2SpClgHtg-VFDStdMtr/instance-out.sql,129740.11,7247.37,19357.35,51285.47,0.0,22443.33,0.0,21616.59,3.36,0.0,0.0,0.0,7786.63,0.0,0.0,6430.46,19357.35,816.91,0.00,22191.36,251.97
CZ02/Mtl&0&cDXHP&Ex&HV_AirDist/NE-HV_AirDist-SupFanMtr-cDXHP-2SpClgHtg-SRM/instance-out.sql,127813.04000000001,7351.55,19193.58,51285.47,0.0,22443.33,0.0,19749.12,3.36,0.0,0.0,0.0,7786.63,0.0,0.0,6547.22,19193.58,804.33,0.00,22191.36,251.97
CZ02/Nrs&0&cDXHP&Ex&HV_AirDist/NE-HV_AirDist-SupFanMtr-cDXHP-2SpClgHtg-Cnst/instance-out.sql,981732.2899999999,71246.15,81540.48,200868.06,0.0,347425.87,0.0,159191.2,29.45,0.0,0.0,0.0,121431.07,0.0,0.0,5287.29,81540.48,65958.86,0.00,281574.59,65851.28
CZ02/Nrs&0&cDXHP&Ex&HV_AirDist/NE-HV_AirDist-SupFanMtr-cDXHP-2SpClgHtg-VFDStdMtr/instance-out.sql,909139.24,73789.70000000001,79090.12,200868.06,0.0,347425.87,0.0,86632.13,30.12,0.0,0.0,0.0,121303.24,0.0,0.0,5864.85,79090.12,67924.85,0.00,281574.59,65851.28
CZ02/Nrs&0&cDXHP&Ex&HV_AirDist/NE-HV_AirDist-SupFanMtr-cDXHP-2SpClgHtg-SRM/instance-out.sql,905315.5599999999,73923.16,78744.44,200868.06,0.0,347425.87,0.0,82986.49,30.04,0.0,0.0,0.0,121337.5,0.0,0.0,5997.61,78744.44,67925.55,0.00,281574.59,65851.28
CZ02/OfL&0&cDXHP&Ex&HV_AirDist/NE-HV_AirDist-SupFanMtr-cDXHP-2SpClgHtg-Cnst/instance-out.sql,2661236.04,51650.47,285136.27,462712.61,0.0,829334.66,0.0,906757.24,2382.81,0.0,0.0,0.0,123261.98,0.0,0.0,13535.49,285136.27,38114.98,0.00,829334.66,0.00
CZ02/OfL&0&cDXHP&Ex&HV_AirDist/NE-HV_AirDist-SupFanMtr-cDXHP-2SpClgHtg-VFDStdMtr/instance-out.sql,2097836.0100000002,60970.62,268260.8,462712.61,0.0,829334.66,0.0,351384.5,2382.72,0.0,0.0,0.0,122790.09,0.0,0.0,22785.79,268260.80,38184.83,0.00,829334.66,0.00
CZ02/OfL&0&cDXHP&Ex&HV_AirDist/NE-HV_AirDist-SupFanMtr-cDXHP-2SpClgHtg-SRM/instance-out.sql,2067930.6400000001,61947.14,265922.22,462712.61,0.0,829334.66,0.0,322861.4,2382.44,0.0,0.0,0.0,122770.17,0.0,0.0,23742.25,265922.22,38204.89,0.00,829334.66,0.00
CZ02/OfS&0&cDXHP&Ex&HV_AirDist/NE-HV_AirDist-SupFanMtr-cDXHP-2SpClgHtg-Cnst/instance-out.sql,150987.36000000002,2257.48,14419.91,23737.13,0.0,29387.4,0.0,58510.43,1.13,0.0,0.0,0.0,22673.87,0.0,0.0,2257.48,14419.91,0.00,0.00,29387.40,0.00
CZ02/OfS&0&cDXHP&Ex&HV_AirDist/NE-HV_AirDist-SupFanMtr-cDXHP-2SpClgHtg-VFDStdMtr/instance-out.sql,113665.99,3128.53,13213.9,23737.13,0.0,29387.4,0.0,21523.99,1.13,0.0,0.0,0.0,22673.91,0.0,0.0,3128.53,13213.90,0.00,0.00,29387.40,0.00
CZ02/OfS&0&cDXHP&Ex&HV_AirDist/NE-HV_AirDist-SupFanMtr-cDXHP-2SpClgHtg-SRM/instance-out.sql,111671.02,3219.82,13061.68,23737.13,0.0,29387.4,0.0,19589.94,1.13,0.0,0.0,0.0,22673.91,0.0,0.0,3219.82,13061.68,0.00,0.00,29387.40,0.00
CZ02/RFF&0&cDXHP&Ex&HV_AirDist/NE-HV_AirDist-SupFanMtr-cDXHP-2SpClgHtg-Cnst/instance-out.sql,109009.3,1457.6399999999999,8590.97,13247.63,0.0,37903.17,0.0,21508.08,3.37,0.0,0.0,0.0,26298.44,0.0,0.0,1333.36,8590.97,124.28,0.00,18423.46,19479.71
CZ02/RFF&0&cDXHP&Ex&HV_AirDist/NE-HV_AirDist-SupFanMtr-cDXHP-2SpClgHtg-VFDStdMtr/instance-out.sql,99205.62,1705.7600000000002,8310.64,13247.63,0.0,37903.17,0.0,11736.54,3.37,0.0,0.0,0.0,26298.51,0.0,0.0,1577.88,8310.64,127.88,0.00,18423.46,19479.71
CZ02/RFF&0&cDXHP&Ex&HV_AirDist/NE-HV_AirDist-SupFanMtr-cDXHP-2SpClgHtg-SRM/instance-out.sql,98698.26000000001,1739.3000000000002,8272.28,13247.63,0.0,37903.17,0.0,11233.99,3.37,0.0,0.0,0.0,26298.51,0.0,0.0,1611.41,8272.28,127.89,0.00,18423.46,19479.71
CZ02/RSD&0&cDXHP&Ex&HV_AirDist/NE-HV_AirDist-SupFanMtr-cDXHP-2SpClgHtg-Cnst/instance-out.sql,262402.06,31748.84,21016.33,36047.32,0.0,76546.73,0.0,29483.49,15.59,0.0,0.0,0.0,67543.75,0.0,0.0,595.24,21016.33,31153.60,0.00,37475.60,39071.13
CZ02/RSD&0&cDXHP&Ex&HV_AirDist/NE-HV_AirDist-SupFanMtr-cDXHP-2SpClgHtg-VFDStdMtr/instance-out.sql,257470.35,31943.85,20815.64,36047.32,0.0,76546.73,0.0,24557.46,15.59,0.0,0.0,0.0,67543.76,0.0,0.0,661.89,20815.64,31281.96,0.00,37475.60,39071.13
CZ02/RSD&0&cDXHP&Ex&HV_AirDist/NE-HV_AirDist-SupFanMtr-cDXHP-2SpClgHtg-SRM/instance-out.sql,257226.14,31962.469999999998,20795.78,36047.32,0.0,76546.73,0.0,24314.47,15.59,0.0,0.0,0.0,67543.79,0.0,0.0,674.46,20795.78,31288.01,0.00,37475.60,39071.13
CZ02/Rt3&0&cDXHP&Ex&HV_AirDist/NE-HV_AirDist-SupFanMtr-cDXHP-2SpClgHtg-Cnst/instance-out.sql,2146536.88,24363.11,163092.69,774348.97,0.0,436362.0,0.0,570765.24,3.38,0.0,0.0,0.0,177601.48,0.0,0.0,19286.29,163092.69,5076.82,0.00,436362.00,0.00
CZ02/Rt3&0&cDXHP&Ex&HV_AirDist/NE-HV_AirDist-SupFanMtr-cDXHP-2SpClgHtg-VFDStdMtr/instance-out.sql,1772621.04,32238.77,147312.04,774348.97,0.0,436362.0,0.0,204753.92,3.38,0.0,0.0,0.0,177601.98,0.0,0.0,26778.36,147312.04,5460.41,0.00,436362.00,0.00
CZ02/Rt3&0&cDXHP&Ex&HV_AirDist/NE-HV_AirDist-SupFanMtr-cDXHP-2SpClgHtg-SRM/instance-out.sql,1753744.12,33002.880000000005,145627.05,774348.97,0.0,436362.0,0.0,186797.86,3.38,0.0,0.0,0.0,177601.98,0.0,0.0,27530.36,145627.05,5472.52,0.00,436362.00,0.00
CZ02/RtL&0&cDXHP&Ex&HV_AirDist/NE-HV_AirDist-SupFanMtr-cDXHP-2SpClgHtg-Cnst/instance-out.sql,2132766.0,16914.0,173449.34,767420.15,0.0,509200.67,0.0,535082.9,3.39,0.0,0.0,0.0,130695.55,0.0,0.0,16911.28,173449.34,2.72,0.00,468847.72,40352.95
CZ02/RtL&0&cDXHP&Ex&HV_AirDist/NE-HV_AirDist-SupFanMtr-cDXHP-2SpClgHtg-VFDStdMtr/instance-out.sql,1777173.76,24410.14,158379.62,767420.15,0.0,509200.67,0.0,187064.19,3.39,0.0,0.0,0.0,130695.6,0.0,0.0,24405.00,158379.62,5.14,0.00,468847.72,40352.95
CZ02/RtL&0&cDXHP&Ex&HV_AirDist/NE-HV_AirDist-SupFanMtr-cDXHP-2SpClgHtg-SRM/instance-out.sql,1758995.81,25076.38,156715.47,767420.15,0.0,509200.67,0.0,169884.16,3.39,0.0,0.0,0.0,130695.59,0.0,0.0,25071.16,156715.47,5.22,0.00,468847.72,40352.95
CZ02/RtS&0&cDXHP&Ex&HV_AirDist/NE-HV_AirDist-SupFanMtr-cDXHP-2SpClgHtg-Cnst/instance-out.sql,136452.09,3226.96,11047.92,44599.63,0.0,24440.79,0.0,37164.74,3.36,0.0,0.0,0.0,15968.69,0.0,0.0,3226.96,11047.92,0.00,0.00,24440.79,0.00
CZ02/RtS&0&cDXHP&Ex&HV_AirDist/NE-HV_AirDist-SupFanMtr-cDXHP-2SpClgHtg-VFDStdMtr/instance-out.sql,112263.23000000001,3703.51,10035.37,44599.63,0.0,24440.79,0.0,13511.86,3.36,0.0,0.0,0.0,15968.71,0.0,0.0,3703.51,10035.37,0.00,0.00,24440.79,0.00
CZ02/RtS&0&cDXHP&Ex&HV_AirDist/NE-HV_AirDist-SupFanMtr-cDXHP-2SpClgHtg-SRM/instance-out.sql,111038.22,3773.96,9927.78,44599.63,0.0,24440.79,0.0,12323.98,3.36,0.0,0.0,0.0,15968.71,0.0,0.0,3773.96,9927.78,0.00,0.00,24440.79,0.00
CZ02/SCn&0&cDXHP&Ex&HV_AirDist/NE-HV_AirDist-SupFanMtr-cDXHP-2SpClgHtg-Cnst/instance-out.sql,3432256.5,184243.23,253358.89,850055.03,0.0,449066.39,0.0,1608157.86,3.36,0.0,0.0,0.0,87371.75,0.0,0.0,184243.23,253358.89,0.00,0.00,449066.39,0.00
CZ02/SCn&0&cDXHP&Ex&HV_AirDist/NE-HV_AirDist-SupFanMtr-cDXHP-2SpClgHtg-VFDStdMtr/instance-out.sql,2346871.26,225793.14,187074.45,850055.03,0.0,449066.39,0.0,547507.15,3.36,0.0,0.0,0.0,87371.75,0.0,0.0,225793.14,187074.45,0.00,0.00,449066.39,0.00
CZ02/SCn&0&cDXHP&Ex&HV_AirDist/NE-HV_AirDist-SupFanMtr-cDXHP-2SpClgHtg-SRM/instance-out.sql,2297547.31,230617.82,183177.27,850055.03,0.0,449066.39,0.0,497255.69,3.36,0.0,0.0,0.0,87371.75,0.0,0.0,230617.82,183177.27,0.00,0.00,449066.39,0.00
CZ02/Asm&0&cDXOH&Ex&HV_AirDist/NE-HV_AirDist-SupFanMtr-cDXOH-2SpClgHtg-Cnst/instance-out.sql,618950.01,0.0,76049.94,153727.01,0.0,145823.51,0.0,220311.52,3.36,0.0,0.0,0.0,23034.68,0.0,0.0,0.00,76049.94,0.00,0.00,145823.51,0.00
CZ02/Asm&0&cDXOH&Ex&HV_AirDist/NE-HV_AirDist-SupFanMtr-cDXOH-2SpClgHtg-VFDStdMtr/instance-out.sql,458911.65,0.0,74269.19,153727.01,0.0,145823.51,0.0,62053.68,3.36,0.0,0.0,0.0,23034.89,0.0,0.0,0.00,74269.19,0.00,0.00,145823.51,0.00
CZ02/Asm&0&cDXOH&Ex&HV_AirDist/NE-HV_AirDist-SupFanMtr-cDXOH-2SpClgHtg-SRM/instance-out.sql,451109.77999999997,0.0,73575.45,153727.01,0.0,145823.51,0.0,54945.59,3.36,0.0,0.0,0.0,23034.87,0.0,0.0,0.00,73575.45,0.00,0.00,145823.51,0.00
CZ02/ECC&0&cDXOH&Ex&HV_AirDist/NE-HV_AirDist-SupFanMtr-cDXOH-2SpClgHtg-Cnst/instance-out.sql,2595502.41,1405.54,200732.62,358430.2,0.0,1013813.91,0.0,560920.1,830.0,0.0,0.0,0.0,459370.04,0.0,0.0,0.00,200732.62,1405.54,0.00,945189.93,68623.98
CZ02/ECC&0&cDXOH&Ex&HV_AirDist/NE-HV_AirDist-SupFanMtr-cDXOH-2SpClgHtg-VFDStdMtr/instance-out.sql,2236609.54,1557.68,187479.68,358430.2,0.0,1013813.91,0.0,215141.19,815.12,0.0,0.0,0.0,459371.76,0.0,0.0,0.00,187479.68,1557.68,0.00,945189.93,68623.98
CZ02/ECC&0&cDXOH&Ex&HV_AirDist/NE-HV_AirDist-SupFanMtr-cDXOH-2SpClgHtg-SRM/instance-out.sql,2218594.49,1564.8,185812.54,358430.2,0.0,1013813.91,0.0,198786.63,814.63,0.0,0.0,0.0,459371.78,0.0,0.0,0.00,185812.54,1564.80,0.00,945189.93,68623.98
CZ02/EPr&0&cDXOH&Ex&HV_AirDist/NE-HV_AirDist-SupFanMtr-cDXOH-2SpClgHtg-Cnst/instance-out.sql,392594.68,3.06,33910.09,64700.97,0.0,125897.03,0.0,80440.14,3.37,0.0,0.0,0.0,87640.02,0.0,0.0,0.00,33910.09,3.06,0.00,83226.75,42670.28
CZ02/EPr&0&cDXOH&Ex&HV_AirDist/NE-HV_AirDist-SupFanMtr-cDXOH-2SpClgHtg-VFDStdMtr/instance-out.sql,341704.54,3.06,32262.21,64700.97,0.0,125897.03,0.0,31197.73,3.37,0.0,0.0,0.0,87640.18,0.0,0.0,0.00,32262.21,3.06,0.00,83226.75,42670.28
CZ02/EPr&0&cDXOH&Ex&HV_AirDist/NE-HV_AirDist-SupFanMtr-cDXOH-2SpClgHtg-SRM/instance-out.sql,339213.74,3.06,32013.26,64700.97,0.0,125897.03,0.0,28955.88,3.37,0.0,0.0,0.0,87640.18,0.0,0.0,0.00,32013.26,3.06,0.00,83226.75,42670.28
CZ02/ERC&0&cDXOH&Ex&HV_AirDist/NE-HV_AirDist-SupFanMtr-cDXOH-2SpClgHtg-Cnst/instance-out.sql,18313.440000000002,0.0,985.49,2224.35,0.0,2196.82,0.0,3545.48,3.36,0.0,0.0,0.0,9357.94,0.0,0.0,0.00,985.49,0.00,0.00,2196.82,0.00
CZ02/ERC&0&cDXOH&Ex&HV_AirDist/NE-HV_AirDist-SupFanMtr-cDXOH-2SpClgHtg-VFDStdMtr/instance-out.sql,15544.920000000002,0.0,880.46,2224.35,0.0,2196.82,0.0,881.98,3.36,0.0,0.0,0.0,9357.95,0.0,0.0,0.00,880.46,0.00,0.00,2196.82,0.00
CZ02/ERC&0&cDXOH&Ex&HV_AirDist/NE-HV_AirDist-SupFanMtr-cDXOH-2SpClgHtg-SRM/instance-out.sql,15422.78,0.0,870.5,2224.35,0.0,2196.82,0.0,769.81,3.36,0.0,0.0,0.0,9357.95,0.0,0.0,0.00,870.50,0.00,0.00,2196.82,0.00
CZ02/ESe&0&cDXOH&Ex&HV_AirDist/NE-HV_AirDist-SupFanMtr-cDXOH-2SpClgHtg-Cnst/instance-out.sql,1281289.0699999998,175237.47,94364.6,197959.32,0.0,323176.74,0.0,250721.96,3.39,0.0,0.0,0.0,239825.59,0.0,0.0,0.00,94364.60,175237.47,0.00,259085.82,64090.92
CZ02/ESe&0&cDXOH&Ex&HV_AirDist/NE-HV_AirDist-SupFanMtr-cDXOH-2SpClgHtg-VFDStdMtr/instance-out.sql,1221054.9100000001,176103.85,92108.22,197959.32,0.0,323176.74,0.0,191877.31,3.39,0.0,0.0,0.0,239826.08,0.0,0.0,0.00,92108.22,176103.85,0.00,259085.82,64090.92
CZ02/ESe&0&cDXOH&Ex&HV_AirDist/NE-HV_AirDist-SupFanMtr-cDXOH-2SpClgHtg-SRM/instance-out.sql,1218062.69,176138.27,91805.1,197959.32,0.0,323176.74,0.0,189153.79,3.39,0.0,0.0,0.0,239826.08,0.0,0.0,0.00,91805.10,176138.27,0.00,259085.82,64090.92
CZ02/EUn&0&cDXOH&Ex&HV_AirDist/NE-HV_AirDist-SupFanMtr-cDXOH-2SpClgHtg-Cnst/instance-out.sql,8379420.67,33197.0,651778.0,1277404.75,0.0,3682881.23,0.0,1957945.09,3.37,0.0,0.0,0.0,776211.23,0.0,0.0,0.00,651778.00,33197.00,0.00,3555459.15,127422.08
CZ02/EUn&0&cDXOH&Ex&HV_AirDist/NE-HV_AirDist-SupFanMtr-cDXOH-2SpClgHtg-VFDStdMtr/instance-out.sql,7173674.46,36218.85,613356.6,1277404.75,0.0,3682881.23,0.0,787593.26,3.37,0.0,0.0,0.0,776216.39,0.0,0.0,0.00,613356.60,36218.85,0.00,3555459.15,127422.08
CZ02/EUn&0&cDXOH&Ex&HV_AirDist/NE-HV_AirDist-SupFanMtr-cDXOH-2SpClgHtg-SRM/instance-out.sql,7112771.25,36319.22,608176.92,1277404.75,0.0,3682881.23,0.0,731769.39,3.37,0.0,0.0,0.0,776216.37,0.0,0.0,0.00,608176.92,36319.22,0.00,3555459.15,127422.08
CZ02/Gro&0&cDXOH&Ex&HV_AirDist/NE-HV_AirDist-SupFanMtr-cDXOH-2SpClgHtg-Cnst/instance-out.sql
CZ02/Gro&0&cDXOH&Ex&HV_AirDist/NE-HV_AirDist-SupFanMtr-cDXOH-2SpClgHtg-VFDStdMtr/instance-out.sql
CZ02/Gro&0&cDXOH&Ex&HV_AirDist/NE-HV_AirDist-SupFanMtr-cDXOH-2SpClgHtg-SRM/instance-out.sql
CZ02/Hsp&0&cDXOH&Ex&HV_AirDist/NE-HV_AirDist-SupFanMtr-cDXOH-2SpClgHtg-Cnst/instance-out.sql,3823980.01,354127.39,600643.62,856282.21,0.0,1182847.3,0.0,522102.76,37674.24,0.0,0.0,0.0,270302.47,0.0,0.0,0.00,600643.62,354127.39,0.00,1139112.10,43735.20
CZ02/Hsp&0&cDXOH&Ex&HV_AirDist/NE-HV_AirDist-SupFanMtr-cDXOH-2SpClgHtg-VFDStdMtr/instance-out.sql,3618846.5999999996,368934.17,592080.5,856282.21,0.0,1182847.3,0.0,310887.73,37510.6,0.0,0.0,0.0,270304.09,0.0,0.0,0.00,592080.50,368934.17,0.00,1139112.10,43735.20
CZ02/Hsp&0&cDXOH&Ex&HV_AirDist/NE-HV_AirDist-SupFanMtr-cDXOH-2SpClgHtg-SRM/instance-out.sql,3608786.08,369556.57,591235.25,856282.21,0.0,1182847.3,0.0,301057.1,37506.62,0.0,0.0,0.0,270301.04,0.0,0.0,0.00,591235.25,369556.57,0.00,1139112.10,43735.20
CZ02/MBT&0&cDXOH&Ex&HV_AirDist/NE-HV_AirDist-SupFanMtr-cDXOH-2SpClgHtg-Cnst/instance-out.sql,7373989.24,3068565.66,235334.0,709539.71,0.0,2167645.51,0.0,1013096.71,572.98,0.0,0.0,0.0,179234.66,0.0,0.0,0.00,235334.00,3068565.66,0.00,1394057.91,773587.60
CZ02/MBT&0&cDXOH&Ex&HV_AirDist/NE-HV_AirDist-SupFanMtr-cDXOH-2SpClgHtg-VFDStdMtr/instance-out.sql,7137819.970000001,3080910.26,227154.74,709539.71,0.0,2167645.51,0.0,772764.63,570.0,0.0,0.0,0.0,179235.11,0.0,0.0,0.00,227154.74,3080910.26,0.00,1394057.91,773587.60
CZ02/MBT&0&cDXOH&Ex&HV_AirDist/NE-HV_AirDist-SupFanMtr-cDXOH-2SpClgHtg-SRM/instance-out.sql,7127006.41,3081418.48,226288.42,709539.71,0.0,2167645.51,0.0,762309.33,569.85,0.0,0.0,0.0,179235.1,0.0,0.0,0.00,226288.42,3081418.48,0.00,1394057.91,773587.60
CZ02/MLI&0&cDXOH&Ex&HV_AirDist/NE-HV_AirDist-SupFanMtr-cDXOH-2SpClgHtg-Cnst/instance-out.sql,982523.47,0.0,71695.18,283149.19,0.0,239893.0,0.0,337929.36,3.37,0.0,0.0,0.0,49853.37,0.0,0.0,0.00,71695.18,0.00,0.00,239893.00,0.00
CZ02/MLI&0&cDXOH&Ex&HV_AirDist/NE-HV_AirDist-SupFanMtr-cDXOH-2SpClgHtg-VFDStdMtr/instance-out.sql,704752.94,0.0,59744.57,283149.19,0.0,239893.0,0.0,72109.44,3.37,0.0,0.0,0.0,49853.37,0.0,0.0,0.00,59744.57,0.00,0.00,239893.00,0.00
CZ02/MLI&0&cDXOH&Ex&HV_AirDist/NE-HV_AirDist-SupFanMtr-cDXOH-2SpClgHtg-SRM/instance-out.sql,693153.11,0.0,58869.12,283149.19,0.0,239893.0,0.0,61385.05,3.37,0.0,0.0,0.0,49853.37,0.0,0.0,0.00,58869.12,0.00,0.00,239893.00,0.00
CZ02/Mtl&0&cDXOH&Ex&HV_AirDist/NE-HV_AirDist-SupFanMtr-cDXOH-2SpClgHtg-Cnst/instance-out.sql,164226.4,3615.97,20687.42,51285.47,0.0,22443.33,0.0,58404.21,3.36,0.0,0.0,0.0,7786.63,0.0,0.0,0.00,20687.42,3615.97,0.00,22191.36,251.97
CZ02/Mtl&0&cDXOH&Ex&HV_AirDist/NE-HV_AirDist-SupFanMtr-cDXOH-2SpClgHtg-VFDStdMtr/instance-out.sql,120998.45,6060.5,18529.71,51285.47,0.0,22443.33,0.0,14889.43,3.36,0.0,0.0,0.0,7786.63,0.0,0.0,0.00,18529.71,6060.50,0.00,22191.36,251.97
CZ02/Mtl&0&cDXOH&Ex&HV_AirDist/NE-HV_AirDist-SupFanMtr-cDXOH-2SpClgHtg-SRM/instance-out.sql,119079.25,6150.88,18352.73,51285.47,0.0,22443.33,0.0,13056.85,3.36,0.0,0.0,0.0,7786.63,0.0,0.0,0.00,18352.73,6150.88,0.00,22191.36,251.97
CZ02/Nrs&0&cDXOH&Ex&HV_AirDist/NE-HV_AirDist-SupFanMtr-cDXOH-2SpClgHtg-Cnst/instance-out.sql,981608.7,72001.41,80698.56,200868.06,0.0,347425.87,0.0,159141.12,30.12,0.0,0.0,0.0,121443.56,0.0,0.0,0.00,80698.56,72001.41,0.00,281574.59,65851.28
CZ02/Nrs&0&cDXOH&Ex&HV_AirDist/NE-HV_AirDist-SupFanMtr-cDXOH-2SpClgHtg-VFDStdMtr/instance-out.sql,905998.0,77463.49,78289.21,200868.06,0.0,347425.87,0.0,80502.43,31.68,0.0,0.0,0.0,121417.25,0.0,0.0,0.00,78289.21,77463.49,0.00,281574.59,65851.28
CZ02/Nrs&0&cDXOH&Ex&HV_AirDist/NE-HV_AirDist-SupFanMtr-cDXOH-2SpClgHtg-SRM/instance-out.sql,902338.21,77757.91,77996.69,200868.06,0.0,347425.87,0.0,76871.57,31.74,0.0,0.0,0.0,121386.36,0.0,0.0,0.00,77996.69,77757.91,0.00,281574.59,65851.28
CZ02/OfL&0&cDXOH&Ex&HV_AirDist/NE-HV_AirDist-SupFanMtr-cDXOH-2SpClgHtg-Cnst/instance-out.sql,2637398.5300000003,38244.42,279992.5,462712.61,0.0,829334.66,0.0,901472.53,2383.24,0.0,0.0,0.0,123258.57,0.0,0.0,0.00,279992.50,38244.42,0.00,829334.66,0.00
CZ02/OfL&0&cDXOH&Ex&HV_AirDist/NE-HV_AirDist-SupFanMtr-cDXOH-2SpClgHtg-VFDStdMtr/instance-out.sql,2014697.48,38239.62,262472.27,462712.61,0.0,829334.66,0.0,296298.13,2383.4,0.0,0.0,0.0,123256.79,0.0,0.0,0.00,262472.27,38239.62,0.00,829334.66,0.00
CZ02/OfL&0&cDXOH&Ex&HV_AirDist/NE-HV_AirDist-SupFanMtr-cDXOH-2SpClgHtg-SRM/instance-out.sql,1983347.1500000001,38240.08,260103.99,462712.61,0.0,829334.66,0.0,267315.95,2383.41,0.0,0.0,0.0,123256.45,0.0,0.0,0.00,260103.99,38240.08,0.00,829334.66,0.00
CZ02/OfS&0&cDXOH&Ex&HV_AirDist/NE-HV_AirDist-SupFanMtr-cDXOH-2SpClgHtg-Cnst/instance-out.sql,148274.03999999998,0.0,14358.0,23737.13,0.0,29387.4,0.0,58116.52,1.13,0.0,0.0,0.0,22673.86,0.0,0.0,0.00,14358.00,0.00,0.00,29387.40,0.00
CZ02/OfS&0&cDXOH&Ex&HV_AirDist/NE-HV_AirDist-SupFanMtr-cDXOH-2SpClgHtg-VFDStdMtr/instance-out.sql,105286.06,0.0,13091.76,23737.13,0.0,29387.4,0.0,16394.75,1.13,0.0,0.0,0.0,22673.88,0.0,0.0,0.00,13091.76,0.00,0.00,29387.40,0.00
CZ02/OfS&0&cDXOH&Ex&HV_AirDist/NE-HV_AirDist-SupFanMtr-cDXOH-2SpClgHtg-SRM/instance-out.sql,103187.76000000001,0.0,12938.82,23737.13,0.0,29387.4,0.0,14449.39,1.13,0.0,0.0,0.0,22673.88,0.0,0.0,0.00,12938.82,0.00,0.00,29387.40,0.00
CZ02/RFF&0&cDXOH&Ex&HV_AirDist/NE-HV_AirDist-SupFanMtr-cDXOH-2SpClgHtg-Cnst/instance-out.sql,107345.14,205.97,8506.42,13247.63,0.0,37903.17,0.0,21180.12,3.37,0.0,0.0,0.0,26298.44,0.0,0.0,0.00,8506.42,205.97,0.00,18423.46,19479.71
CZ02/RFF&0&cDXOH&Ex&HV_AirDist/NE-HV_AirDist-SupFanMtr-cDXOH-2SpClgHtg-VFDStdMtr/instance-out.sql,95808.75,262.75,8157.46,13247.63,0.0,37903.17,0.0,9935.88,3.37,0.0,0.0,0.0,26298.48,0.0,0.0,0.00,8157.46,262.75,0.00,18423.46,19479.71
CZ02/RFF&0&cDXOH&Ex&HV_AirDist/NE-HV_AirDist-SupFanMtr-cDXOH-2SpClgHtg-SRM/instance-out.sql,95282.26999999999,264.69,8117.68,13247.63,0.0,37903.17,0.0,9447.24,3.37,0.0,0.0,0.0,26298.48,0.0,0.0,0.00,8117.68,264.69,0.00,18423.46,19479.71
CZ02/RSD&0&cDXOH&Ex&HV_AirDist/NE-HV_AirDist-SupFanMtr-cDXOH-2SpClgHtg-Cnst/instance-out.sql,262008.7,31482.99,20946.15,36047.32,0.0,76546.73,0.0,29426.15,15.59,0.0,0.0,0.0,67543.76,0.0,0.0,0.00,20946.15,31482.99,0.00,37475.60,39071.13
CZ02/RSD&0&cDXOH&Ex&HV_AirDist/NE-HV_AirDist-SupFanMtr-cDXOH-2SpClgHtg-VFDStdMtr/instance-out.sql,256516.21999999997,31738.62,20697.13,36047.32,0.0,76546.73,0.0,23926.94,15.64,0.0,0.0,0.0,67543.83,0.0,0.0,0.00,20697.13,31738.62,0.00,37475.60,39071.13
CZ02/RSD&0&cDXOH&Ex&HV_AirDist/NE-HV_AirDist-SupFanMtr-cDXOH-2SpClgHtg-SRM/instance-out.sql,256261.3,31746.88,20675.1,36047.32,0.0,76546.73,0.0,23685.79,15.64,0.0,0.0,0.0,67543.83,0.0,0.0,0.00,20675.10,31746.88,0.00,37475.60,39071.13
CZ02/Rt3&0&cDXOH&Ex&HV_AirDist/NE-HV_AirDist-SupFanMtr-cDXOH-2SpClgHtg-Cnst/instance-out.sql,2114509.6,5486.64,157224.17,774348.97,0.0,436362.0,0.0,563482.95,3.38,0.0,0.0,0.0,177601.48,0.0,0.0,0.00,157224.17,5486.64,0.00,436362.00,0.00
CZ02/Rt3&0&cDXOH&Ex&HV_AirDist/NE-HV_AirDist-SupFanMtr-cDXOH-2SpClgHtg-VFDStdMtr/instance-out.sql,1705377.21,6618.72,141601.11,774348.97,0.0,436362.0,0.0,168841.35,3.38,0.0,0.0,0.0,177601.67,0.0,0.0,0.00,141601.11,6618.72,0.00,436362.00,0.00
CZ02/Rt3&0&cDXOH&Ex&HV_AirDist/NE-HV_AirDist-SupFanMtr-cDXOH-2SpClgHtg-SRM/instance-out.sql,1685919.3800000001,6665.62,139907.74,774348.97,0.0,436362.0,0.0,151030.01,3.38,0.0,0.0,0.0,177601.67,0.0,0.0,0.00,139907.74,6665.62,0.00,436362.00,0.00
CZ02/RtL&0&cDXOH&Ex&HV_AirDist/NE-HV_AirDist-SupFanMtr-cDXOH-2SpClgHtg-Cnst/instance-out.sql,2096006.61,34.01,167808.49,767420.15,0.0,509200.67,0.0,520844.33,3.39,0.0,0.0,0.0,130695.57,0.0,0.0,0.00,167808.49,34.01,0.00,468847.72,40352.95
CZ02/RtL&0&cDXOH&Ex&HV_AirDist/NE-HV_AirDist-SupFanMtr-cDXOH-2SpClgHtg-VFDStdMtr/instance-out.sql,1716346.59,113.7,152704.07,767420.15,0.0,509200.67,0.0,156208.95,3.39,0.0,0.0,0.0,130695.67,0.0,0.0,0.00,152704.07,113.70,0.00,468847.72,40352.95
CZ02/RtL&0&cDXOH&Ex&HV_AirDist/NE-HV_AirDist-SupFanMtr-cDXOH-2SpClgHtg-SRM/instance-out.sql,1698004.04,116.99,151032.04,767420.15,0.0,509200.67,0.0,139535.12,3.39,0.0,0.0,0.0,130695.67,0.0,0.0,0.00,151032.04,116.99,0.00,468847.72,40352.95
CZ02/RtS&0&cDXOH&Ex&HV_AirDist/NE-HV_AirDist-SupFanMtr-cDXOH-2SpClgHtg-Cnst/instance-out.sql,130534.92,0.0,10585.57,44599.63,0.0,24440.79,0.0,34936.88,3.36,0.0,0.0,0.0,15968.69,0.0,0.0,0.00,10585.57,0.00,0.00,24440.79,0.00
CZ02/RtS&0&cDXOH&Ex&HV_AirDist/NE-HV_AirDist-SupFanMtr-cDXOH-2SpClgHtg-VFDStdMtr/instance-out.sql,103827.43,0.0,9586.76,44599.63,0.0,24440.79,0.0,9228.17,3.36,0.0,0.0,0.0,15968.71,0.0,0.0,0.00,9586.76,0.00,0.00,24440.79,0.00
CZ02/RtS&0&cDXOH&Ex&HV_AirDist/NE-HV_AirDist-SupFanMtr-cDXOH-2SpClgHtg-SRM/instance-out.sql,102600.35,0.0,9487.36,44599.63,0.0,24440.79,0.0,8100.5,3.36,0.0,0.0,0.0,15968.71,0.0,0.0,0.00,9487.36,0.00,0.00,24440.79,0.00
CZ02/SCn&0&cDXOH&Ex&HV_AirDist/NE-HV_AirDist-SupFanMtr-cDXOH-2SpClgHtg-Cnst/instance-out.sql,2463239.2,0.0,187103.35,850055.03,0.0,449066.39,0.0,889639.32,3.36,0.0,0.0,0.0,87371.75,0.0,0.0,0.00,187103.35,0.00,0.00,449066.39,0.00
CZ02/SCn&0&cDXOH&Ex&HV_AirDist/NE-HV_AirDist-SupFanMtr-cDXOH-2SpClgHtg-VFDStdMtr/instance-out.sql,1696044.88,0.0,146235.58,850055.03,0.0,449066.39,0.0,163312.77,3.36,0.0,0.0,0.0,87371.75,0.0,0.0,0.00,146235.58,0.00,0.00,449066.39,0.00
CZ02/SCn&0&cDXOH&Ex&HV_AirDist/NE-HV_AirDist-SupFanMtr-cDXOH-2SpClgHtg-SRM/instance-out.sql,1667211.28,0.0,144120.42,850055.03,0.0,449066.39,0.0,136594.33,3.36,0.0,0.0,0.0,87371.75,0.0,0.0,0.00,144120.42,0.00,0.00,449066.39,0.00
CZ03/Asm&0&cDXGF&Ex&HV_AirDist/NE-HV_AirDist-SupFanMtr-cDXGF-2SpClgHtg-Cnst/instance-out.sql,733041.1799999999,163831.16,35819.07,153727.01,0.0,145823.51,0.0,211002.27,3.36,0.0,0.0,0.0,22834.79,0.0,0.0,0.00,35819.07,163831.16,0.00,145823.51,0.00
CZ03/Asm&0&cDXGF&Ex&HV_AirDist/NE-HV_AirDist-SupFanMtr-cDXGF-2SpClgHtg-VFDStdMtr/instance-out.sql,584682.55,150034.64,39448.47,153727.01,0.0,145823.51,0.0,72810.59,3.36,0.0,0.0,0.0,22834.97,0.0,0.0,0.00,39448.47,150034.64,0.00,145823.51,0.00
CZ03/Asm&0&cDXGF&Ex&HV_AirDist/NE-HV_AirDist-SupFanMtr-cDXGF-2SpClgHtg-SRM/instance-out.sql,580169.0,153105.63,38786.51,153727.01,0.0,145823.51,0.0,65888.1,3.36,0.0,0.0,0.0,22834.89,0.0,0.0,0.00,38786.51,153105.63,0.00,145823.51,0.00
CZ03/ECC&0&cDXGF&Ex&HV_AirDist/NE-HV_AirDist-SupFanMtr-cDXGF-2SpClgHtg-Cnst/instance-out.sql,2549459.0,61361.31,98095.58,358430.2,0.0,1013813.91,0.0,562557.57,820.59,0.0,0.0,0.0,454379.84,0.0,0.0,0.00,98095.58,61361.31,0.00,945189.93,68623.98
CZ03/ECC&0&cDXGF&Ex&HV_AirDist/NE-HV_AirDist-SupFanMtr-cDXGF-2SpClgHtg-VFDStdMtr/instance-out.sql,2272403.1799999997,102328.82,98919.36,358430.2,0.0,1013813.91,0.0,243714.95,813.95,0.0,0.0,0.0,454381.98,0.0,0.0,0.00,98919.36,102328.82,0.00,945189.93,68623.98
CZ03/ECC&0&cDXGF&Ex&HV_AirDist/NE-HV_AirDist-SupFanMtr-cDXGF-2SpClgHtg-SRM/instance-out.sql,2257832.17,105480.48,97642.48,358430.2,0.0,1013813.91,0.0,227269.15,813.98,0.0,0.0,0.0,454381.96,0.0,0.0,0.00,97642.48,105480.48,0.00,945189.93,68623.98
CZ03/EPr&0&cDXGF&Ex&HV_AirDist/NE-HV_AirDist-SupFanMtr-cDXGF-2SpClgHtg-Cnst/instance-out.sql,398167.08999999997,22336.49,20746.87,64700.97,0.0,125897.03,0.0,77752.26,3.37,0.0,0.0,0.0,86730.1,0.0,0.0,0.00,20746.87,22336.49,0.00,83226.75,42670.28
CZ03/EPr&0&cDXGF&Ex&HV_AirDist/NE-HV_AirDist-SupFanMtr-cDXGF-2SpClgHtg-VFDStdMtr/instance-out.sql,362502.56,29614.0,21285.41,64700.97,0.0,125897.03,0.0,34271.41,3.37,0.0,0.0,0.0,86730.36,0.0,0.0,0.00,21285.41,29614.00,0.00,83226.75,42670.28
CZ03/EPr&0&cDXGF&Ex&HV_AirDist/NE-HV_AirDist-SupFanMtr-cDXGF-2SpClgHtg-SRM/instance-out.sql,360736.29000000004,30305.7,21070.22,64700.97,0.0,125897.03,0.0,32028.64,3.37,0.0,0.0,0.0,86730.36,0.0,0.0,0.00,21070.22,30305.70,0.00,83226.75,42670.28
CZ03/ERC&0&cDXGF&Ex&HV_AirDist/NE-HV_AirDist-SupFanMtr-cDXGF-2SpClgHtg-Cnst/instance-out.sql,19338.14,1783.24,356.41,2224.35,0.0,2196.82,0.0,3448.85,3.36,0.0,0.0,0.0,9325.12,0.0,0.0,0.00,356.41,1783.24,0.00,2196.82,0.00
CZ03/ERC&0&cDXGF&Ex&HV_AirDist/NE-HV_AirDist-SupFanMtr-cDXGF-2SpClgHtg-VFDStdMtr/instance-out.sql,17951.43,2608.49,345.23,2224.35,0.0,2196.82,0.0,1248.06,3.36,0.0,0.0,0.0,9325.12,0.0,0.0,0.00,345.23,2608.49,0.00,2196.82,0.00
CZ03/ERC&0&cDXGF&Ex&HV_AirDist/NE-HV_AirDist-SupFanMtr-cDXGF-2SpClgHtg-SRM/instance-out.sql,17891.03,2667.43,338.79,2224.35,0.0,2196.82,0.0,1135.15,3.36,0.0,0.0,0.0,9325.12,0.0,0.0,0.00,338.79,2667.43,0.00,2196.82,0.00
CZ03/ESe&0&cDXGF&Ex&HV_AirDist/NE-HV_AirDist-SupFanMtr-cDXGF-2SpClgHtg-Cnst/instance-out.sql,1170319.8399999999,126458.25,49330.68,197959.32,0.0,323176.74,0.0,236309.75,3.39,0.0,0.0,0.0,237081.72,0.0,0.0,0.00,49330.68,126458.25,0.00,259085.82,64090.92
CZ03/ESe&0&cDXGF&Ex&HV_AirDist/NE-HV_AirDist-SupFanMtr-cDXGF-2SpClgHtg-VFDStdMtr/instance-out.sql,1125124.08,133500.67,49737.09,197959.32,0.0,323176.74,0.0,183664.36,3.39,0.0,0.0,0.0,237082.52,0.0,0.0,0.00,49737.09,133500.67,0.00,259085.82,64090.92
CZ03/ESe&0&cDXGF&Ex&HV_AirDist/NE-HV_AirDist-SupFanMtr-cDXGF-2SpClgHtg-SRM/instance-out.sql,1122731.3,134053.48,49494.87,197959.32,0.0,323176.74,0.0,180960.96,3.39,0.0,0.0,0.0,237082.55,0.0,0.0,0.00,49494.87,134053.48,0.00,259085.82,64090.92
CZ03/EUn&0&cDXGF&Ex&HV_AirDist/NE-HV_AirDist-SupFanMtr-cDXGF-2SpClgHtg-Cnst/instance-out.sql,8170489.619999999,166942.94,345039.72,1277404.75,0.0,3682881.23,0.0,1930828.32,3.37,0.0,0.0,0.0,767389.28,0.0,0.0,0.00,345039.72,166942.94,0.00,3555459.15,127422.08
CZ03/EUn&0&cDXGF&Ex&HV_AirDist/NE-HV_AirDist-SupFanMtr-cDXGF-2SpClgHtg-VFDStdMtr/instance-out.sql,7239297.0600000005,294593.55,352604.7,1277404.75,0.0,3682881.23,0.0,864413.1,3.37,0.0,0.0,0.0,767396.36,0.0,0.0,0.00,352604.70,294593.55,0.00,3555459.15,127422.08
CZ03/EUn&0&cDXGF&Ex&HV_AirDist/NE-HV_AirDist-SupFanMtr-cDXGF-2SpClgHtg-SRM/instance-out.sql,7188596.72,303989.59,348290.73,1277404.75,0.0,3682881.23,0.0,808630.63,3.37,0.0,0.0,0.0,767396.41,0.0,0.0,0.00,348290.73,303989.59,0.00,3555459.15,127422.08
CZ03/Gro&0&cDXGF&Ex&HV_AirDist/NE-HV_AirDist-SupFanMtr-cDXGF-2SpClgHtg-Cnst/instance-out.sql,1971690.52,133390.97,10657.64,249218.65,0.0,177584.03,0.0,171610.1,3.38,0.0,0.0,0.0,61510.01,1167715.73,0.0,0.00,10657.64,133390.97,0.00,177584.03,0.00
CZ03/Gro&0&cDXGF&Ex&HV_AirDist/NE-HV_AirDist-SupFanMtr-cDXGF-2SpClgHtg-VFDStdMtr/instance-out.sql,1907535.54,190270.24,8533.19,249218.65,0.0,177584.03,0.0,55684.01,3.38,0.0,0.0,0.0,61510.04,1164731.98,0.0,0.00,8533.19,190270.24,0.00,177584.03,0.00
CZ03/Gro&0&cDXGF&Ex&HV_AirDist/NE-HV_AirDist-SupFanMtr-cDXGF-2SpClgHtg-SRM/instance-out.sql,1905365.49,193755.53,8333.77,249218.65,0.0,177584.03,0.0,50278.44,3.38,0.0,0.0,0.0,61510.03,1164681.65,0.0,0.00,8333.77,193755.53,0.00,177584.03,0.00
CZ03/Hsp&0&cDXGF&Ex&HV_AirDist/NE-HV_AirDist-SupFanMtr-cDXGF-2SpClgHtg-Cnst/instance-out.sql,3400796.14,237994.5,374164.17,856282.21,0.0,1182847.3,0.0,448335.44,33997.2,0.0,0.0,0.0,267175.32,0.0,0.0,0.00,374164.17,237994.50,0.00,1139112.10,43735.20
CZ03/Hsp&0&cDXGF&Ex&HV_AirDist/NE-HV_AirDist-SupFanMtr-cDXGF-2SpClgHtg-VFDStdMtr/instance-out.sql,3230418.5799999996,258951.04,373609.03,856282.21,0.0,1182847.3,0.0,257612.9,33941.27,0.0,0.0,0.0,267174.82,0.0,0.0,0.00,373609.03,258951.04,0.00,1139112.10,43735.20
CZ03/Hsp&0&cDXGF&Ex&HV_AirDist/NE-HV_AirDist-SupFanMtr-cDXGF-2SpClgHtg-SRM/instance-out.sql,3221471.5,260295.69,372943.69,856282.21,0.0,1182847.3,0.0,247995.13,33939.82,0.0,0.0,0.0,267167.67,0.0,0.0,0.00,372943.69,260295.69,0.00,1139112.10,43735.20
CZ03/MBT&0&cDXGF&Ex&HV_AirDist/NE-HV_AirDist-SupFanMtr-cDXGF-2SpClgHtg-Cnst/instance-out.sql,6565935.359999999,2421114.39,92351.13,709539.71,0.0,2167645.51,0.0,997533.8,572.52,0.0,0.0,0.0,177178.3,0.0,0.0,0.00,92351.13,2421114.39,0.00,1394057.91,773587.60
CZ03/MBT&0&cDXGF&Ex&HV_AirDist/NE-HV_AirDist-SupFanMtr-cDXGF-2SpClgHtg-VFDStdMtr/instance-out.sql,6397649.91,2461321.84,91990.24,709539.71,0.0,2167645.51,0.0,789401.33,572.09,0.0,0.0,0.0,177179.18,0.0,0.0,0.00,91990.24,2461321.84,0.00,1394057.91,773587.60
CZ03/MBT&0&cDXGF&Ex&HV_AirDist/NE-HV_AirDist-SupFanMtr-cDXGF-2SpClgHtg-SRM/instance-out.sql,6389610.119999999,2464202.03,91320.47,709539.71,0.0,2167645.51,0.0,779151.16,572.05,0.0,0.0,0.0,177179.19,0.0,0.0,0.00,91320.47,2464202.03,0.00,1394057.91,773587.60
CZ03/MLI&0&cDXGF&Ex&HV_AirDist/NE-HV_AirDist-SupFanMtr-cDXGF-2SpClgHtg-Cnst/instance-out.sql,1061938.6,110882.99,27640.76,283149.19,0.0,239893.0,0.0,351041.21,3.37,0.0,0.0,0.0,49328.08,0.0,0.0,0.00,27640.76,110882.99,0.00,239893.00,0.00
CZ03/MLI&0&cDXGF&Ex&HV_AirDist/NE-HV_AirDist-SupFanMtr-cDXGF-2SpClgHtg-VFDStdMtr/instance-out.sql,890125.85,188111.28,23674.03,283149.19,0.0,239893.0,0.0,105966.89,3.37,0.0,0.0,0.0,49328.09,0.0,0.0,0.00,23674.03,188111.28,0.00,239893.00,0.00
CZ03/MLI&0&cDXGF&Ex&HV_AirDist/NE-HV_AirDist-SupFanMtr-cDXGF-2SpClgHtg-SRM/instance-out.sql,883363.8,193021.7,23098.0,283149.19,0.0,239893.0,0.0,94870.46,3.37,0.0,0.0,0.0,49328.09,0.0,0.0,0.00,23098.00,193021.70,0.00,239893.00,0.00
CZ03/Mtl&0&cDXGF&Ex&HV_AirDist/NE-HV_AirDist-SupFanMtr-cDXGF-2SpClgHtg-Cnst/instance-out.sql,166401.34,16166.01,10851.81,51285.47,0.0,22443.33,0.0,57880.56,3.36,0.0,0.0,0.0,7770.79,0.0,0.0,0.00,10851.81,16166.01,0.00,22191.36,251.97
CZ03/Mtl&0&cDXGF&Ex&HV_AirDist/NE-HV_AirDist-SupFanMtr-cDXGF-2SpClgHtg-VFDStdMtr/instance-out.sql,136836.95,25510.33,10517.6,51285.47,0.0,22443.33,0.0,19306.07,3.36,0.0,0.0,0.0,7770.79,0.0,0.0,0.00,10517.60,25510.33,0.00,22191.36,251.97
CZ03/Mtl&0&cDXGF&Ex&HV_AirDist/NE-HV_AirDist-SupFanMtr-cDXGF-2SpClgHtg-SRM/instance-out.sql,135444.28,26108.76,10377.69,51285.47,0.0,22443.33,0.0,17454.87,3.36,0.0,0.0,0.0,7770.79,0.0,0.0,0.00,10377.69,26108.76,0.00,22191.36,251.97
CZ03/Nrs&0&cDXGF&Ex&HV_AirDist/NE-HV_AirDist-SupFanMtr-cDXGF-2SpClgHtg-Cnst/instance-out.sql,931994.19,55161.33,54807.98,200868.06,0.0,347425.87,0.0,153307.67,28.02,0.0,0.0,0.0,120395.25,0.0,0.0,0.00,54807.98,55161.33,0.00,281574.59,65851.28
CZ03/Nrs&0&cDXGF&Ex&HV_AirDist/NE-HV_AirDist-SupFanMtr-cDXGF-2SpClgHtg-VFDStdMtr/instance-out.sql,868501.49,64341.76,55045.33,200868.06,0.0,347425.87,0.0,80396.96,28.52,0.0,0.0,0.0,120394.99,0.0,0.0,0.00,55045.33,64341.76,0.00,281574.59,65851.28
CZ03/Nrs&0&cDXGF&Ex&HV_AirDist/NE-HV_AirDist-SupFanMtr-cDXGF-2SpClgHtg-SRM/instance-out.sql,865226.28,65022.81,54790.9,200868.06,0.0,347425.87,0.0,76712.22,28.52,0.0,0.0,0.0,120377.9,0.0,0.0,0.00,54790.90,65022.81,0.00,281574.59,65851.28
CZ03/OfL&0&cDXGF&Ex&HV_AirDist/NE-HV_AirDist-SupFanMtr-cDXGF-2SpClgHtg-Cnst/instance-out.sql,2514300.87,65595.75,149995.91,462712.61,0.0,829334.66,0.0,882400.77,2386.73,0.0,0.0,0.0,121874.43,0.0,0.0,0.00,149995.91,65595.75,0.00,829334.66,0.00
CZ03/OfL&0&cDXGF&Ex&HV_AirDist/NE-HV_AirDist-SupFanMtr-cDXGF-2SpClgHtg-VFDStdMtr/instance-out.sql,2005297.1400000001,108163.25,153454.79,462712.61,0.0,829334.66,0.0,327669.99,2386.73,0.0,0.0,0.0,121575.12,0.0,0.0,0.00,153454.79,108163.25,0.00,829334.66,0.00
CZ03/OfL&0&cDXGF&Ex&HV_AirDist/NE-HV_AirDist-SupFanMtr-cDXGF-2SpClgHtg-SRM/instance-out.sql,1977976.96,111889.84,151580.22,462712.61,0.0,829334.66,0.0,298521.15,2386.38,0.0,0.0,0.0,121552.1,0.0,0.0,0.00,151580.22,111889.84,0.00,829334.66,0.00
CZ03/OfS&0&cDXGF&Ex&HV_AirDist/NE-HV_AirDist-SupFanMtr-cDXGF-2SpClgHtg-Cnst/instance-out.sql,144298.95,6122.8,6577.84,23737.13,0.0,29387.4,0.0,56019.41,1.13,0.0,0.0,0.0,22453.23,0.0,0.0,0.00,6577.84,6122.80,0.00,29387.40,0.00
CZ03/OfS&0&cDXGF&Ex&HV_AirDist/NE-HV_AirDist-SupFanMtr-cDXGF-2SpClgHtg-VFDStdMtr/instance-out.sql,112818.19,11416.5,6696.01,23737.13,0.0,29387.4,0.0,19126.75,1.13,0.0,0.0,0.0,22453.26,0.0,0.0,0.00,6696.01,11416.50,0.00,29387.40,0.00
CZ03/OfS&0&cDXGF&Ex&HV_AirDist/NE-HV_AirDist-SupFanMtr-cDXGF-2SpClgHtg-SRM/instance-out.sql,111240.07,11814.43,6576.36,23737.13,0.0,29387.4,0.0,17270.36,1.13,0.0,0.0,0.0,22453.26,0.0,0.0,0.00,6576.36,11814.43,0.00,29387.40,0.00
CZ03/RFF&0&cDXGF&Ex&HV_AirDist/NE-HV_AirDist-SupFanMtr-cDXGF-2SpClgHtg-Cnst/instance-out.sql,106858.06,3462.9,6026.68,13247.63,0.0,37903.17,0.0,20160.06,3.37,0.0,0.0,0.0,26054.25,0.0,0.0,0.00,6026.68,3462.90,0.00,18423.46,19479.71
CZ03/RFF&0&cDXGF&Ex&HV_AirDist/NE-HV_AirDist-SupFanMtr-cDXGF-2SpClgHtg-VFDStdMtr/instance-out.sql,99353.28,5735.58,5998.31,13247.63,0.0,37903.17,0.0,10410.83,3.37,0.0,0.0,0.0,26054.39,0.0,0.0,0.00,5998.31,5735.58,0.00,18423.46,19479.71
CZ03/RFF&0&cDXGF&Ex&HV_AirDist/NE-HV_AirDist-SupFanMtr-cDXGF-2SpClgHtg-SRM/instance-out.sql,98999.12,5901.59,5965.96,13247.63,0.0,37903.17,0.0,9923.01,3.37,0.0,0.0,0.0,26054.39,0.0,0.0,0.00,5965.96,5901.59,0.00,18423.46,19479.71
CZ03/RSD&0&cDXGF&Ex&HV_AirDist/NE-HV_AirDist-SupFanMtr-cDXGF-2SpClgHtg-Cnst/instance-out.sql,235273.83000000002,16294.08,14878.79,36047.32,0.0,76546.73,0.0,24689.31,10.31,0.0,0.0,0.0,66807.3,0.0,0.0,0.00,14878.79,16294.08,0.00,37475.60,39071.13
CZ03/RSD&0&cDXGF&Ex&HV_AirDist/NE-HV_AirDist-SupFanMtr-cDXGF-2SpClgHtg-VFDStdMtr/instance-out.sql,231291.36,17356.39,14827.18,36047.32,0.0,76546.73,0.0,19695.99,10.32,0.0,0.0,0.0,66807.43,0.0,0.0,0.00,14827.18,17356.39,0.00,37475.60,39071.13
CZ03/RSD&0&cDXGF&Ex&HV_AirDist/NE-HV_AirDist-SupFanMtr-cDXGF-2SpClgHtg-SRM/instance-out.sql,231106.31,17433.39,14810.74,36047.32,0.0,76546.73,0.0,19450.38,10.33,0.0,0.0,0.0,66807.43,0.0,0.0,0.00,14810.74,17433.39,0.00,37475.60,39071.13
CZ03/Rt3&0&cDXGF&Ex&HV_AirDist/NE-HV_AirDist-SupFanMtr-cDXGF-2SpClgHtg-Cnst/instance-out.sql,2045149.79,55494.76,65904.58,774348.97,0.0,436362.0,0.0,537473.94,3.38,0.0,0.0,0.0,175562.18,0.0,0.0,0.00,65904.58,55494.76,0.00,436362.00,0.00
CZ03/Rt3&0&cDXGF&Ex&HV_AirDist/NE-HV_AirDist-SupFanMtr-cDXGF-2SpClgHtg-VFDStdMtr/instance-out.sql,1737170.46,102199.32,64765.15,774348.97,0.0,436362.0,0.0,183929.03,3.38,0.0,0.0,0.0,175562.6,0.0,0.0,0.00,64765.15,102199.32,0.00,436362.00,0.00
CZ03/Rt3&0&cDXGF&Ex&HV_AirDist/NE-HV_AirDist-SupFanMtr-cDXGF-2SpClgHtg-SRM/instance-out.sql,1722048.1400000001,105369.18,63475.04,774348.97,0.0,436362.0,0.0,166926.98,3.38,0.0,0.0,0.0,175562.59,0.0,0.0,0.00,63475.04,105369.18,0.00,436362.00,0.00
CZ03/RtL&0&cDXGF&Ex&HV_AirDist/NE-HV_AirDist-SupFanMtr-cDXGF-2SpClgHtg-Cnst/instance-out.sql,2041621.0599999998,40286.3,82219.1,767420.15,0.0,509200.67,0.0,513283.56,3.39,0.0,0.0,0.0,129207.89,0.0,0.0,0.00,82219.10,40286.30,0.00,468847.72,40352.95
CZ03/RtL&0&cDXGF&Ex&HV_AirDist/NE-HV_AirDist-SupFanMtr-cDXGF-2SpClgHtg-VFDStdMtr/instance-out.sql,1746811.82,86976.72,81321.17,767420.15,0.0,509200.67,0.0,172681.67,3.39,0.0,0.0,0.0,129208.06,0.0,0.0,0.00,81321.17,86976.72,0.00,468847.72,40352.95
CZ03/RtL&0&cDXGF&Ex&HV_AirDist/NE-HV_AirDist-SupFanMtr-cDXGF-2SpClgHtg-SRM/instance-out.sql,1731937.68,90032.41,79915.22,767420.15,0.0,509200.67,0.0,156157.8,3.39,0.0,0.0,0.0,129208.04,0.0,0.0,0.00,79915.22,90032.41,0.00,468847.72,40352.95
CZ03/RtS&0&cDXGF&Ex&HV_AirDist/NE-HV_AirDist-SupFanMtr-cDXGF-2SpClgHtg-Cnst/instance-out.sql,133232.72,9562.67,4506.65,44599.63,0.0,24440.79,0.0,34269.04,3.36,0.0,0.0,0.0,15850.57,0.0,0.0,0.00,4506.65,9562.67,0.00,24440.79,0.00
CZ03/RtS&0&cDXGF&Ex&HV_AirDist/NE-HV_AirDist-SupFanMtr-cDXGF-2SpClgHtg-VFDStdMtr/instance-out.sql,115412.36,14675.57,4379.12,44599.63,0.0,24440.79,0.0,11463.29,3.36,0.0,0.0,0.0,15850.59,0.0,0.0,0.00,4379.12,14675.57,0.00,24440.79,0.00
CZ03/RtS&0&cDXGF&Ex&HV_AirDist/NE-HV_AirDist-SupFanMtr-cDXGF-2SpClgHtg-SRM/instance-out.sql,114557.20999999999,15018.34,4300.18,44599.63,0.0,24440.79,0.0,10344.32,3.36,0.0,0.0,0.0,15850.59,0.0,0.0,0.00,4300.18,15018.34,0.00,24440.79,0.00
CZ03/SCn&0&cDXGF&Ex&HV_AirDist/NE-HV_AirDist-SupFanMtr-cDXGF-2SpClgHtg-Cnst/instance-out.sql,3588829.15,742561.82,62755.37,850055.03,0.0,449066.39,0.0,1397981.42,3.36,0.0,0.0,0.0,86405.76,0.0,0.0,0.00,62755.37,742561.82,0.00,449066.39,0.00
CZ03/SCn&0&cDXGF&Ex&HV_AirDist/NE-HV_AirDist-SupFanMtr-cDXGF-2SpClgHtg-VFDStdMtr/instance-out.sql,3025172.76,1173764.18,41741.29,850055.03,0.0,449066.39,0.0,424136.75,3.36,0.0,0.0,0.0,86405.76,0.0,0.0,0.00,41741.29,1173764.18,0.00,449066.39,0.00
CZ03/SCn&0&cDXGF&Ex&HV_AirDist/NE-HV_AirDist-SupFanMtr-cDXGF-2SpClgHtg-SRM/instance-out.sql,3007428.3899999997,1200871.97,40280.94,850055.03,0.0,449066.39,0.0,380744.95,3.36,0.0,0.0,0.0,86405.76,0.0,0.0,0.00,40280.94,1200871.97,0.00,449066.39,0.00
CZ03/Asm&0&cDXHP&Ex&HV_AirDist/NE-HV_AirDist-SupFanMtr-cDXHP-2SpClgHtg-Cnst/instance-out.sql,593892.38,24416.86,36084.58,153727.01,0.0,145823.51,0.0,211002.27,3.36,0.0,0.0,0.0,22834.79,0.0,0.0,24416.86,36084.58,0.00,0.00,145823.51,0.00
CZ03/Asm&0&cDXHP&Ex&HV_AirDist/NE-HV_AirDist-SupFanMtr-cDXHP-2SpClgHtg-VFDStdMtr/instance-out.sql,452771.62,17910.4,39492.21,153727.01,0.0,145823.51,0.0,72980.17,3.36,0.0,0.0,0.0,22834.97,0.0,0.0,17910.40,39492.21,0.00,0.00,145823.51,0.00
CZ03/Asm&0&cDXHP&Ex&HV_AirDist/NE-HV_AirDist-SupFanMtr-cDXHP-2SpClgHtg-SRM/instance-out.sql,445616.57,18299.91,38826.87,153727.01,0.0,145823.51,0.0,66100.99,3.36,0.0,0.0,0.0,22834.93,0.0,0.0,18299.91,38826.87,0.00,0.00,145823.51,0.00
CZ03/ECC&0&cDXHP&Ex&HV_AirDist/NE-HV_AirDist-SupFanMtr-cDXHP-2SpClgHtg-Cnst/instance-out.sql,2499304.77,10821.6,98483.43,358430.2,0.0,1013813.91,0.0,562558.19,820.6,0.0,0.0,0.0,454376.85,0.0,0.0,10504.56,98483.43,317.04,0.00,945189.93,68623.98
CZ03/ECC&0&cDXHP&Ex&HV_AirDist/NE-HV_AirDist-SupFanMtr-cDXHP-2SpClgHtg-VFDStdMtr/instance-out.sql,2185051.27,14615.37,99303.45,358430.2,0.0,1013813.91,0.0,243695.01,813.95,0.0,0.0,0.0,454379.38,0.0,0.0,14281.04,99303.45,334.33,0.00,945189.93,68623.98
CZ03/ECC&0&cDXHP&Ex&HV_AirDist/NE-HV_AirDist-SupFanMtr-cDXHP-2SpClgHtg-SRM/instance-out.sql,2167795.83,15065.029999999999,98029.75,358430.2,0.0,1013813.91,0.0,227261.63,813.99,0.0,0.0,0.0,454381.32,0.0,0.0,14730.81,98029.75,334.22,0.00,945189.93,68623.98
CZ03/EPr&0&cDXHP&Ex&HV_AirDist/NE-HV_AirDist-SupFanMtr-cDXHP-2SpClgHtg-Cnst/instance-out.sql,379504.2,3654.85,20765.62,64700.97,0.0,125897.03,0.0,77752.26,3.37,0.0,0.0,0.0,86730.1,0.0,0.0,3654.85,20765.62,0.00,0.00,83226.75,42670.28
CZ03/EPr&0&cDXHP&Ex&HV_AirDist/NE-HV_AirDist-SupFanMtr-cDXHP-2SpClgHtg-VFDStdMtr/instance-out.sql,336768.76,3901.03,21295.02,64700.97,0.0,125897.03,0.0,34240.98,3.37,0.0,0.0,0.0,86730.35,0.0,0.0,3901.03,21295.02,0.00,0.00,83226.75,42670.28
CZ03/EPr&0&cDXHP&Ex&HV_AirDist/NE-HV_AirDist-SupFanMtr-cDXHP-2SpClgHtg-SRM/instance-out.sql,334402.80000000005,3993.84,21080.67,64700.97,0.0,125897.03,0.0,31996.57,3.37,0.0,0.0,0.0,86730.35,0.0,0.0,3993.84,21080.67,0.00,0.00,83226.75,42670.28
CZ03/ERC&0&cDXHP&Ex&HV_AirDist/NE-HV_AirDist-SupFanMtr-cDXHP-2SpClgHtg-Cnst/instance-out.sql,17867.38,309.53,359.35,2224.35,0.0,2196.82,0.0,3448.85,3.36,0.0,0.0,0.0,9325.12,0.0,0.0,309.53,359.35,0.00,0.00,2196.82,0.00
CZ03/ERC&0&cDXHP&Ex&HV_AirDist/NE-HV_AirDist-SupFanMtr-cDXHP-2SpClgHtg-VFDStdMtr/instance-out.sql,15714.7,368.19,348.45,2224.35,0.0,2196.82,0.0,1248.41,3.36,0.0,0.0,0.0,9325.12,0.0,0.0,368.19,348.45,0.00,0.00,2196.82,0.00
CZ03/ERC&0&cDXHP&Ex&HV_AirDist/NE-HV_AirDist-SupFanMtr-cDXHP-2SpClgHtg-SRM/instance-out.sql,15603.54,376.43,341.89,2224.35,0.0,2196.82,0.0,1135.56,3.36,0.0,0.0,0.0,9325.12,0.0,0.0,376.43,341.89,0.00,0.00,2196.82,0.00
CZ03/ESe&0&cDXHP&Ex&HV_AirDist/NE-HV_AirDist-SupFanMtr-cDXHP-2SpClgHtg-Cnst/instance-out.sql,1160018.71,116155.17,49332.62,197959.32,0.0,323176.74,0.0,236309.75,3.39,0.0,0.0,0.0,237081.72,0.0,0.0,2177.87,49332.62,113977.30,0.00,259085.82,64090.92
CZ03/ESe&0&cDXHP&Ex&HV_AirDist/NE-HV_AirDist-SupFanMtr-cDXHP-2SpClgHtg-VFDStdMtr/instance-out.sql,1108652.74,116935.62999999999,49822.96,197959.32,0.0,323176.74,0.0,183672.15,3.39,0.0,0.0,0.0,237082.55,0.0,0.0,2716.73,49822.96,114218.90,0.00,259085.82,64090.92
CZ03/ESe&0&cDXHP&Ex&HV_AirDist/NE-HV_AirDist-SupFanMtr-cDXHP-2SpClgHtg-SRM/instance-out.sql,1105782.44,117022.04,49576.24,197959.32,0.0,323176.74,0.0,180962.15,3.39,0.0,0.0,0.0,237082.57,0.0,0.0,2793.61,49576.24,114228.43,0.00,259085.82,64090.92
CZ03/EUn&0&cDXHP&Ex&HV_AirDist/NE-HV_AirDist-SupFanMtr-cDXHP-2SpClgHtg-Cnst/instance-out.sql,8042043.09,40557.56,342978.56,1277404.75,0.0,3682881.23,0.0,1930828.34,3.37,0.0,0.0,0.0,767389.28,0.0,0.0,27185.03,342978.56,13372.53,0.00,3555459.15,127422.08
CZ03/EUn&0&cDXHP&Ex&HV_AirDist/NE-HV_AirDist-SupFanMtr-cDXHP-2SpClgHtg-VFDStdMtr/instance-out.sql,6998192.87,54466.81,351673.58,1277404.75,0.0,3682881.23,0.0,864366.64,3.37,0.0,0.0,0.0,767396.48,0.0,0.0,40540.40,351673.58,13926.41,0.00,3555459.15,127422.08
CZ03/EUn&0&cDXHP&Ex&HV_AirDist/NE-HV_AirDist-SupFanMtr-cDXHP-2SpClgHtg-SRM/instance-out.sql,6939624.239999999,55859.3,347468.9,1277404.75,0.0,3682881.23,0.0,808610.15,3.37,0.0,0.0,0.0,767396.54,0.0,0.0,41915.03,347468.90,13944.27,0.00,3555459.15,127422.08
CZ03/Gro&0&cDXHP&Ex&HV_AirDist/NE-HV_AirDist-SupFanMtr-cDXHP-2SpClgHtg-Cnst/instance-out.sql,1861624.96,23141.34,10858.94,249218.65,0.0,177584.03,0.0,171609.92,3.38,0.0,0.0,0.0,61510.01,1167698.69,0.0,23141.34,10858.94,0.00,0.00,177584.03,0.00
CZ03/Gro&0&cDXHP&Ex&HV_AirDist/NE-HV_AirDist-SupFanMtr-cDXHP-2SpClgHtg-VFDStdMtr/instance-out.sql,1743558.57,27066.37,8716.81,249218.65,0.0,177584.03,0.0,55733.03,3.38,0.0,0.0,0.0,61510.02,1163726.27,0.0,27066.37,8716.81,0.00,0.00,177584.03,0.00
CZ03/Gro&0&cDXHP&Ex&HV_AirDist/NE-HV_AirDist-SupFanMtr-cDXHP-2SpClgHtg-SRM/instance-out.sql,1738396.65,27560.07,8513.99,249218.65,0.0,177584.03,0.0,50340.27,3.38,0.0,0.0,0.0,61510.02,1163666.24,0.0,27560.07,8513.99,0.00,0.00,177584.03,0.00
CZ03/Hsp&0&cDXHP&Ex&HV_AirDist/NE-HV_AirDist-SupFanMtr-cDXHP-2SpClgHtg-Cnst/instance-out.sql,3382602.13,219913.68,374051.94,856282.21,0.0,1182847.3,0.0,448335.3,33997.2,0.0,0.0,0.0,267174.49,0.0,0.0,4065.87,374051.94,215847.81,0.00,1139112.10,43735.20
CZ03/Hsp&0&cDXHP&Ex&HV_AirDist/NE-HV_AirDist-SupFanMtr-cDXHP-2SpClgHtg-VFDStdMtr/instance-out.sql,3198162.09,226902.27000000002,373430.06,856282.21,0.0,1182847.3,0.0,257574.67,33941.35,0.0,0.0,0.0,267184.23,0.0,0.0,5640.01,373430.06,221262.26,0.00,1139112.10,43735.20
CZ03/Hsp&0&cDXHP&Ex&HV_AirDist/NE-HV_AirDist-SupFanMtr-cDXHP-2SpClgHtg-SRM/instance-out.sql,3188255.0700000003,227305.2,372742.73,856282.21,0.0,1182847.3,0.0,247959.84,33939.9,0.0,0.0,0.0,267177.9,0.0,0.0,5804.20,372742.73,221501.00,0.00,1139112.10,43735.20
CZ03/MBT&0&cDXHP&Ex&HV_AirDist/NE-HV_AirDist-SupFanMtr-cDXHP-2SpClgHtg-Cnst/instance-out.sql,6494151.8100000005,2349683.72,91998.25,709539.71,0.0,2167645.51,0.0,997533.8,572.52,0.0,0.0,0.0,177178.3,0.0,0.0,14513.81,91998.25,2335169.91,0.00,1394057.91,773587.60
CZ03/MBT&0&cDXHP&Ex&HV_AirDist/NE-HV_AirDist-SupFanMtr-cDXHP-2SpClgHtg-VFDStdMtr/instance-out.sql,6292669.21,2356747.11,91678.38,709539.71,0.0,2167645.51,0.0,789307.2,572.09,0.0,0.0,0.0,177179.19,0.0,0.0,16648.61,91678.38,2340098.50,0.00,1394057.91,773587.60
CZ03/MBT&0&cDXHP&Ex&HV_AirDist/NE-HV_AirDist-SupFanMtr-cDXHP-2SpClgHtg-SRM/instance-out.sql,6282351.199999999,2357326.52,91020.97,709539.71,0.0,2167645.51,0.0,779067.24,572.05,0.0,0.0,0.0,177179.21,0.0,0.0,17023.24,91020.97,2340303.28,0.00,1394057.91,773587.60
CZ03/MLI&0&cDXHP&Ex&HV_AirDist/NE-HV_AirDist-SupFanMtr-cDXHP-2SpClgHtg-Cnst/instance-out.sql,971477.5499999999,20450.6,27612.1,283149.19,0.0,239893.0,0.0,351041.21,3.37,0.0,0.0,0.0,49328.08,0.0,0.0,20450.60,27612.10,0.00,0.00,239893.00,0.00
CZ03/MLI&0&cDXHP&Ex&HV_AirDist/NE-HV_AirDist-SupFanMtr-cDXHP-2SpClgHtg-VFDStdMtr/instance-out.sql,730423.87,28344.59,23798.46,283149.19,0.0,239893.0,0.0,105907.16,3.37,0.0,0.0,0.0,49328.09,0.0,0.0,28344.59,23798.46,0.00,0.00,239893.00,0.00
CZ03/MLI&0&cDXHP&Ex&HV_AirDist/NE-HV_AirDist-SupFanMtr-cDXHP-2SpClgHtg-SRM/instance-out.sql,719496.08,29068.18,23238.65,283149.19,0.0,239893.0,0.0,94815.6,3.37,0.0,0.0,0.0,49328.09,0.0,0.0,29068.18,23238.65,0.00,0.00,239893.00,0.00
CZ03/Mtl&0&cDXHP&Ex&HV_AirDist/NE-HV_AirDist-SupFanMtr-cDXHP-2SpClgHtg-Cnst/instance-out.sql,153257.16999999998,3149.2999999999997,10724.34,51285.47,0.0,22443.33,0.0,57880.57,3.36,0.0,0.0,0.0,7770.79,0.0,0.0,2864.60,10724.34,284.70,0.00,22191.36,251.97
CZ03/Mtl&0&cDXHP&Ex&HV_AirDist/NE-HV_AirDist-SupFanMtr-cDXHP-2SpClgHtg-VFDStdMtr/instance-out.sql,115287.33,3997.45,10474.49,51285.47,0.0,22443.33,0.0,19312.44,3.36,0.0,0.0,0.0,7770.79,0.0,0.0,3687.02,10474.49,310.43,0.00,22191.36,251.97
CZ03/Mtl&0&cDXHP&Ex&HV_AirDist/NE-HV_AirDist-SupFanMtr-cDXHP-2SpClgHtg-SRM/instance-out.sql,113369.64000000001,4079.17,10331.37,51285.47,0.0,22443.33,0.0,17456.14,3.36,0.0,0.0,0.0,7770.79,0.0,0.0,3774.00,10331.37,305.17,0.00,22191.36,251.97
CZ03/Nrs&0&cDXHP&Ex&HV_AirDist/NE-HV_AirDist-SupFanMtr-cDXHP-2SpClgHtg-Cnst/instance-out.sql,918787.01,42003.58,54739.47,200868.06,0.0,347425.87,0.0,153321.98,28.06,0.0,0.0,0.0,120399.98,0.0,0.0,2728.54,54739.47,39275.04,0.00,281574.59,65851.28
CZ03/Nrs&0&cDXHP&Ex&HV_AirDist/NE-HV_AirDist-SupFanMtr-cDXHP-2SpClgHtg-VFDStdMtr/instance-out.sql,848296.22,44192.380000000005,54978.59,200868.06,0.0,347425.87,0.0,80422.86,28.49,0.0,0.0,0.0,120379.96,0.0,0.0,3240.47,54978.59,40951.91,0.00,281574.59,65851.28
CZ03/Nrs&0&cDXHP&Ex&HV_AirDist/NE-HV_AirDist-SupFanMtr-cDXHP-2SpClgHtg-SRM/instance-out.sql,844560.62,44368.32,54753.8,200868.06,0.0,347425.87,0.0,76730.17,28.52,0.0,0.0,0.0,120385.88,0.0,0.0,3327.72,54753.80,41040.60,0.00,281574.59,65851.28
CZ03/OfL&0&cDXHP&Ex&HV_AirDist/NE-HV_AirDist-SupFanMtr-cDXHP-2SpClgHtg-Cnst/instance-out.sql,2478350.5,31193.06,148449.28,462712.61,0.0,829334.66,0.0,882401.48,2386.73,0.0,0.0,0.0,121872.68,0.0,0.0,8002.86,148449.28,23190.20,0.00,829334.66,0.00
CZ03/OfL&0&cDXHP&Ex&HV_AirDist/NE-HV_AirDist-SupFanMtr-cDXHP-2SpClgHtg-VFDStdMtr/instance-out.sql,1935499.0,36624.6,152948.6,462712.61,0.0,829334.66,0.0,329954.66,2386.87,0.0,0.0,0.0,121537.0,0.0,0.0,13389.38,152948.60,23235.22,0.00,829334.66,0.00
CZ03/OfL&0&cDXHP&Ex&HV_AirDist/NE-HV_AirDist-SupFanMtr-cDXHP-2SpClgHtg-SRM/instance-out.sql,1904748.4,37208.42,151155.5,462712.61,0.0,829334.66,0.0,300402.49,2386.43,0.0,0.0,0.0,121548.29,0.0,0.0,13981.46,151155.50,23226.96,0.00,829334.66,0.00
CZ03/OfS&0&cDXHP&Ex&HV_AirDist/NE-HV_AirDist-SupFanMtr-cDXHP-2SpClgHtg-Cnst/instance-out.sql,139128.24,1165.8,6364.11,23737.13,0.0,29387.4,0.0,56019.43,1.13,0.0,0.0,0.0,22453.23,0.0,0.0,1165.80,6364.11,0.00,0.00,29387.40,0.00
CZ03/OfS&0&cDXHP&Ex&HV_AirDist/NE-HV_AirDist-SupFanMtr-cDXHP-2SpClgHtg-VFDStdMtr/instance-out.sql,103170.58,1767.43,6593.49,23737.13,0.0,29387.4,0.0,19230.72,1.13,0.0,0.0,0.0,22453.26,0.0,0.0,1767.43,6593.49,0.00,0.00,29387.40,0.00
CZ03/OfS&0&cDXHP&Ex&HV_AirDist/NE-HV_AirDist-SupFanMtr-cDXHP-2SpClgHtg-SRM/instance-out.sql,101262.23999999999,1828.6,6478.09,23737.13,0.0,29387.4,0.0,17376.62,1.13,0.0,0.0,0.0,22453.26,0.0,0.0,1828.60,6478.09,0.00,0.00,29387.40,0.00
CZ03/RFF&0&cDXHP&Ex&HV_AirDist/NE-HV_AirDist-SupFanMtr-cDXHP-2SpClgHtg-Cnst/instance-out.sql,104002.7,659.42,5974.8,13247.63,0.0,37903.17,0.0,20160.06,3.37,0.0,0.0,0.0,26054.25,0.0,0.0,644.38,5974.80,15.04,0.00,18423.46,19479.71
CZ03/RFF&0&cDXHP&Ex&HV_AirDist/NE-HV_AirDist-SupFanMtr-cDXHP-2SpClgHtg-VFDStdMtr/instance-out.sql,94469.42,882.89,5973.45,13247.63,0.0,37903.17,0.0,10404.51,3.37,0.0,0.0,0.0,26054.39,0.0,0.0,866.68,5973.45,16.21,0.00,18423.46,19479.71
CZ03/RFF&0&cDXHP&Ex&HV_AirDist/NE-HV_AirDist-SupFanMtr-cDXHP-2SpClgHtg-SRM/instance-out.sql,93973.0,907.43,5941.67,13247.63,0.0,37903.17,0.0,9915.34,3.37,0.0,0.0,0.0,26054.4,0.0,0.0,891.18,5941.67,16.25,0.00,18423.46,19479.71
CZ03/RSD&0&cDXHP&Ex&HV_AirDist/NE-HV_AirDist-SupFanMtr-cDXHP-2SpClgHtg-Cnst/instance-out.sql,234095.79,15112.87,14882.08,36047.32,0.0,76546.73,0.0,24689.17,10.31,0.0,0.0,0.0,66807.3,0.0,0.0,263.53,14882.08,14849.34,0.00,37475.60,39071.13
CZ03/RSD&0&cDXHP&Ex&HV_AirDist/NE-HV_AirDist-SupFanMtr-cDXHP-2SpClgHtg-VFDStdMtr/instance-out.sql,229249.41,15313.29,14831.53,36047.32,0.0,76546.73,0.0,19692.84,10.32,0.0,0.0,0.0,66807.38,0.0,0.0,344.86,14831.53,14968.43,0.00,37475.60,39071.13
CZ03/RSD&0&cDXHP&Ex&HV_AirDist/NE-HV_AirDist-SupFanMtr-cDXHP-2SpClgHtg-SRM/instance-out.sql,229000.16999999998,15328.32,14813.55,36047.32,0.0,76546.73,0.0,19446.53,10.32,0.0,0.0,0.0,66807.41,0.0,0.0,354.27,14813.55,14974.05,0.00,37475.60,39071.13
CZ03/Rt3&0&cDXHP&Ex&HV_AirDist/NE-HV_AirDist-SupFanMtr-cDXHP-2SpClgHtg-Cnst/instance-out.sql,2002507.3,12631.84,66124.95,774348.97,0.0,436362.0,0.0,537473.99,3.38,0.0,0.0,0.0,175562.18,0.0,0.0,9806.41,66124.95,2825.43,0.00,436362.00,0.00
CZ03/Rt3&0&cDXHP&Ex&HV_AirDist/NE-HV_AirDist-SupFanMtr-cDXHP-2SpClgHtg-VFDStdMtr/instance-out.sql,1653394.44,18095.87,65137.69,774348.97,0.0,436362.0,0.0,183883.9,3.38,0.0,0.0,0.0,175562.63,0.0,0.0,14969.30,65137.69,3126.57,0.00,436362.00,0.00
CZ03/Rt3&0&cDXHP&Ex&HV_AirDist/NE-HV_AirDist-SupFanMtr-cDXHP-2SpClgHtg-SRM/instance-out.sql,1635624.49,18575.04,63882.92,774348.97,0.0,436362.0,0.0,166889.55,3.38,0.0,0.0,0.0,175562.63,0.0,0.0,15441.00,63882.92,3134.04,0.00,436362.00,0.00
CZ03/RtL&0&cDXHP&Ex&HV_AirDist/NE-HV_AirDist-SupFanMtr-cDXHP-2SpClgHtg-Cnst/instance-out.sql,2008333.77,7507.94,81710.18,767420.15,0.0,509200.67,0.0,513283.56,3.39,0.0,0.0,0.0,129207.89,0.0,0.0,7507.94,81710.18,0.00,0.00,468847.72,40352.95
CZ03/RtL&0&cDXHP&Ex&HV_AirDist/NE-HV_AirDist-SupFanMtr-cDXHP-2SpClgHtg-VFDStdMtr/instance-out.sql,1672493.21,13066.78,81197.63,767420.15,0.0,509200.67,0.0,172396.52,3.39,0.0,0.0,0.0,129208.07,0.0,0.0,13066.78,81197.63,0.00,0.00,468847.72,40352.95
CZ03/RtL&0&cDXHP&Ex&HV_AirDist/NE-HV_AirDist-SupFanMtr-cDXHP-2SpClgHtg-SRM/instance-out.sql,1655113.14,13517.3,79870.53,767420.15,0.0,509200.67,0.0,155893.04,3.39,0.0,0.0,0.0,129208.06,0.0,0.0,13517.30,79870.53,0.00,0.00,468847.72,40352.95
CZ03/RtS&0&cDXHP&Ex&HV_AirDist/NE-HV_AirDist-SupFanMtr-cDXHP-2SpClgHtg-Cnst/instance-out.sql,125387.57999999999,1742.3,4481.89,44599.63,0.0,24440.79,0.0,34269.04,3.36,0.0,0.0,0.0,15850.57,0.0,0.0,1742.30,4481.89,0.00,0.00,24440.79,0.00
CZ03/RtS&0&cDXHP&Ex&HV_AirDist/NE-HV_AirDist-SupFanMtr-cDXHP-2SpClgHtg-VFDStdMtr/instance-out.sql,102926.45999999999,2182.15,4389.68,44599.63,0.0,24440.79,0.0,11460.26,3.36,0.0,0.0,0.0,15850.59,0.0,0.0,2182.15,4389.68,0.00,0.00,24440.79,0.00
CZ03/RtS&0&cDXHP&Ex&HV_AirDist/NE-HV_AirDist-SupFanMtr-cDXHP-2SpClgHtg-SRM/instance-out.sql,101782.95999999999,2232.03,4313.4,44599.63,0.0,24440.79,0.0,10343.15,3.36,0.0,0.0,0.0,15850.59,0.0,0.0,2232.03,4313.40,0.00,0.00,24440.79,0.00
CZ03/SCn&0&cDXHP&Ex&HV_AirDist/NE-HV_AirDist-SupFanMtr-cDXHP-2SpClgHtg-Cnst/instance-out.sql,2980881.15,132482.13,64887.06,850055.03,0.0,449066.39,0.0,1397981.42,3.36,0.0,0.0,0.0,86405.76,0.0,0.0,132482.13,64887.06,0.00,0.00,449066.39,0.00
CZ03/SCn&0&cDXHP&Ex&HV_AirDist/NE-HV_AirDist-SupFanMtr-cDXHP-2SpClgHtg-VFDStdMtr/instance-out.sql,2024771.85,171991.97,43037.36,850055.03,0.0,449066.39,0.0,424211.99,3.36,0.0,0.0,0.0,86405.76,0.0,0.0,171991.97,43037.36,0.00,0.00,449066.39,0.00
CZ03/SCn&0&cDXHP&Ex&HV_AirDist/NE-HV_AirDist-SupFanMtr-cDXHP-2SpClgHtg-SRM/instance-out.sql,1983795.9,175920.44,41527.65,850055.03,0.0,449066.39,0.0,380817.27,3.36,0.0,0.0,0.0,86405.76,0.0,0.0,175920.44,41527.65,0.00,0.00,449066.39,0.00
CZ03/Asm&0&cDXOH&Ex&HV_AirDist/NE-HV_AirDist-SupFanMtr-cDXOH-2SpClgHtg-Cnst/instance-out.sql,568121.76,0.0,34730.76,153727.01,0.0,145823.51,0.0,211002.27,3.36,0.0,0.0,0.0,22834.84,0.0,0.0,0.00,34730.76,0.00,0.00,145823.51,0.00
CZ03/Asm&0&cDXOH&Ex&HV_AirDist/NE-HV_AirDist-SupFanMtr-cDXOH-2SpClgHtg-VFDStdMtr/instance-out.sql,420798.71,0.0,39142.4,153727.01,0.0,145823.51,0.0,59267.54,3.36,0.0,0.0,0.0,22834.89,0.0,0.0,0.00,39142.40,0.00,0.00,145823.51,0.00
CZ03/Asm&0&cDXOH&Ex&HV_AirDist/NE-HV_AirDist-SupFanMtr-cDXOH-2SpClgHtg-SRM/instance-out.sql,413174.83,0.0,38482.43,153727.01,0.0,145823.51,0.0,52303.63,3.36,0.0,0.0,0.0,22834.89,0.0,0.0,0.00,38482.43,0.00,0.00,145823.51,0.00
CZ03/ECC&0&cDXOH&Ex&HV_AirDist/NE-HV_AirDist-SupFanMtr-cDXOH-2SpClgHtg-Cnst/instance-out.sql,2478760.19,411.6,98518.21,358430.2,0.0,1013813.91,0.0,552396.3,814.8,0.0,0.0,0.0,454375.16,0.0,0.0,0.00,98518.21,411.60,0.00,945189.93,68623.98
CZ03/ECC&0&cDXOH&Ex&HV_AirDist/NE-HV_AirDist-SupFanMtr-cDXOH-2SpClgHtg-VFDStdMtr/instance-out.sql,2146313.68,426.19,99222.37,358430.2,0.0,1013813.91,0.0,219239.69,804.43,0.0,0.0,0.0,454376.88,0.0,0.0,0.00,99222.37,426.19,0.00,945189.93,68623.98
CZ03/ECC&0&cDXOH&Ex&HV_AirDist/NE-HV_AirDist-SupFanMtr-cDXOH-2SpClgHtg-SRM/instance-out.sql,2128555.28,427.04,97912.16,358430.2,0.0,1013813.91,0.0,202791.07,804.02,0.0,0.0,0.0,454376.88,0.0,0.0,0.00,97912.16,427.04,0.00,945189.93,68623.98
CZ03/EPr&0&cDXOH&Ex&HV_AirDist/NE-HV_AirDist-SupFanMtr-cDXOH-2SpClgHtg-Cnst/instance-out.sql,373722.25,0.0,20380.74,64700.97,0.0,125897.03,0.0,76010.04,3.37,0.0,0.0,0.0,86730.1,0.0,0.0,0.00,20380.74,0.00,0.00,83226.75,42670.28
CZ03/EPr&0&cDXOH&Ex&HV_AirDist/NE-HV_AirDist-SupFanMtr-cDXOH-2SpClgHtg-VFDStdMtr/instance-out.sql,327892.42,0.0,21006.26,64700.97,0.0,125897.03,0.0,29554.53,3.37,0.0,0.0,0.0,86730.26,0.0,0.0,0.00,21006.26,0.00,0.00,83226.75,42670.28
CZ03/EPr&0&cDXOH&Ex&HV_AirDist/NE-HV_AirDist-SupFanMtr-cDXOH-2SpClgHtg-SRM/instance-out.sql,325488.68,0.0,20788.15,64700.97,0.0,125897.03,0.0,27368.91,3.37,0.0,0.0,0.0,86730.26,0.0,0.0,0.00,20788.15,0.00,0.00,83226.75,42670.28
CZ03/ERC&0&cDXOH&Ex&HV_AirDist/NE-HV_AirDist-SupFanMtr-cDXOH-2SpClgHtg-Cnst/instance-out.sql,17244.870000000003,0.0,350.12,2224.35,0.0,2196.82,0.0,3145.12,3.36,0.0,0.0,0.0,9325.11,0.0,0.0,0.00,350.12,0.00,0.00,2196.82,0.00
CZ03/ERC&0&cDXOH&Ex&HV_AirDist/NE-HV_AirDist-SupFanMtr-cDXOH-2SpClgHtg-VFDStdMtr/instance-out.sql,14846.990000000002,0.0,337.68,2224.35,0.0,2196.82,0.0,759.66,3.36,0.0,0.0,0.0,9325.12,0.0,0.0,0.00,337.68,0.00,0.00,2196.82,0.00
CZ03/ERC&0&cDXOH&Ex&HV_AirDist/NE-HV_AirDist-SupFanMtr-cDXOH-2SpClgHtg-SRM/instance-out.sql,14739.62,0.0,331.09,2224.35,0.0,2196.82,0.0,658.88,3.36,0.0,0.0,0.0,9325.12,0.0,0.0,0.00,331.09,0.00,0.00,2196.82,0.00
CZ03/ESe&0&cDXOH&Ex&HV_AirDist/NE-HV_AirDist-SupFanMtr-cDXOH-2SpClgHtg-Cnst/instance-out.sql,1157644.52,114393.86,48998.29,197959.32,0.0,323176.74,0.0,236031.24,3.39,0.0,0.0,0.0,237081.68,0.0,0.0,0.00,48998.29,114393.86,0.00,259085.82,64090.92
CZ03/ESe&0&cDXOH&Ex&HV_AirDist/NE-HV_AirDist-SupFanMtr-cDXOH-2SpClgHtg-VFDStdMtr/instance-out.sql,1102544.96,114868.72,49450.22,197959.32,0.0,323176.74,0.0,180004.27,3.39,0.0,0.0,0.0,237082.29,0.0,0.0,0.00,49450.22,114868.72,0.00,259085.82,64090.92
CZ03/ESe&0&cDXOH&Ex&HV_AirDist/NE-HV_AirDist-SupFanMtr-cDXOH-2SpClgHtg-SRM/instance-out.sql,1099608.45,114890.47,49200.69,197959.32,0.0,323176.74,0.0,177295.55,3.39,0.0,0.0,0.0,237082.29,0.0,0.0,0.00,49200.69,114890.47,0.00,259085.82,64090.92
CZ03/EUn&0&cDXOH&Ex&HV_AirDist/NE-HV_AirDist-SupFanMtr-cDXOH-2SpClgHtg-Cnst/instance-out.sql,8012281.09,14802.42,340664.36,1277404.75,0.0,3682881.23,0.0,1929135.42,3.37,0.0,0.0,0.0,767389.54,0.0,0.0,0.00,340664.36,14802.42,0.00,3555459.15,127422.08
CZ03/EUn&0&cDXOH&Ex&HV_AirDist/NE-HV_AirDist-SupFanMtr-cDXOH-2SpClgHtg-VFDStdMtr/instance-out.sql,6889601.149999999,16555.22,348813.81,1277404.75,0.0,3682881.23,0.0,796548.21,3.37,0.0,0.0,0.0,767394.55,0.0,0.0,0.00,348813.81,16555.22,0.00,3555459.15,127422.08
CZ03/EUn&0&cDXOH&Ex&HV_AirDist/NE-HV_AirDist-SupFanMtr-cDXOH-2SpClgHtg-SRM/instance-out.sql,6828329.41,16614.55,344380.08,1277404.75,0.0,3682881.23,0.0,739650.83,3.37,0.0,0.0,0.0,767394.6,0.0,0.0,0.00,344380.08,16614.55,0.00,3555459.15,127422.08
CZ03/Gro&0&cDXOH&Ex&HV_AirDist/NE-HV_AirDist-SupFanMtr-cDXOH-2SpClgHtg-Cnst/instance-out.sql
CZ03/Gro&0&cDXOH&Ex&HV_AirDist/NE-HV_AirDist-SupFanMtr-cDXOH-2SpClgHtg-VFDStdMtr/instance-out.sql
CZ03/Gro&0&cDXOH&Ex&HV_AirDist/NE-HV_AirDist-SupFanMtr-cDXOH-2SpClgHtg-SRM/instance-out.sql
CZ03/Hsp&0&cDXOH&Ex&HV_AirDist/NE-HV_AirDist-SupFanMtr-cDXOH-2SpClgHtg-Cnst/instance-out.sql,3381539.64,219653.3,373407.05,856282.21,0.0,1182847.3,0.0,448277.42,33898.61,0.0,0.0,0.0,267173.75,0.0,0.0,0.00,373407.05,219653.30,0.00,1139112.10,43735.20
CZ03/Hsp&0&cDXOH&Ex&HV_AirDist/NE-HV_AirDist-SupFanMtr-cDXOH-2SpClgHtg-VFDStdMtr/instance-out.sql,3191846.63,228919.59,372781.48,856282.21,0.0,1182847.3,0.0,250038.07,33800.69,0.0,0.0,0.0,267177.3,0.0,0.0,0.00,372781.48,228919.59,0.00,1139112.10,43735.20
CZ03/Hsp&0&cDXOH&Ex&HV_AirDist/NE-HV_AirDist-SupFanMtr-cDXOH-2SpClgHtg-SRM/instance-out.sql,3181718.44,229281.85,372092.42,856282.21,0.0,1182847.3,0.0,240249.09,33792.27,0.0,0.0,0.0,267173.3,0.0,0.0,0.00,372092.42,229281.85,0.00,1139112.10,43735.20
CZ03/MBT&0&cDXOH&Ex&HV_AirDist/NE-HV_AirDist-SupFanMtr-cDXOH-2SpClgHtg-Cnst/instance-out.sql,6486558.68,2342722.48,91623.84,709539.71,0.0,2167645.51,0.0,997276.34,572.48,0.0,0.0,0.0,177178.33,0.0,0.0,0.00,91623.84,2342722.48,0.00,1394057.91,773587.60
CZ03/MBT&0&cDXOH&Ex&HV_AirDist/NE-HV_AirDist-SupFanMtr-cDXOH-2SpClgHtg-VFDStdMtr/instance-out.sql,6270243.92,2352504.51,91489.93,709539.71,0.0,2167645.51,0.0,771313.42,571.9,0.0,0.0,0.0,177178.94,0.0,0.0,0.00,91489.93,2352504.51,0.00,1394057.91,773587.60
CZ03/MBT&0&cDXOH&Ex&HV_AirDist/NE-HV_AirDist-SupFanMtr-cDXOH-2SpClgHtg-SRM/instance-out.sql,6259612.970000001,2352969.27,90809.04,709539.71,0.0,2167645.51,0.0,760898.62,571.86,0.0,0.0,0.0,177178.96,0.0,0.0,0.00,90809.04,2352969.27,0.00,1394057.91,773587.60
CZ03/MLI&0&cDXOH&Ex&HV_AirDist/NE-HV_AirDist-SupFanMtr-cDXOH-2SpClgHtg-Cnst/instance-out.sql,919007.9299999999,0.0,26790.44,283149.19,0.0,239893.0,0.0,319843.85,3.37,0.0,0.0,0.0,49328.07,0.0,0.0,0.00,26790.44,0.00,0.00,239893.00,0.00
CZ03/MLI&0&cDXOH&Ex&HV_AirDist/NE-HV_AirDist-SupFanMtr-cDXOH-2SpClgHtg-VFDStdMtr/instance-out.sql,659521.9299999999,0.0,23171.78,283149.19,0.0,239893.0,0.0,63976.5,3.37,0.0,0.0,0.0,49328.08,0.0,0.0,0.00,23171.78,0.00,0.00,239893.00,0.00
CZ03/MLI&0&cDXOH&Ex&HV_AirDist/NE-HV_AirDist-SupFanMtr-cDXOH-2SpClgHtg-SRM/instance-out.sql,648796.46,0.0,22598.2,283149.19,0.0,239893.0,0.0,53824.61,3.37,0.0,0.0,0.0,49328.08,0.0,0.0,0.00,22598.20,0.00,0.00,239893.00,0.00
CZ03/Mtl&0&cDXOH&Ex&HV_AirDist/NE-HV_AirDist-SupFanMtr-cDXOH-2SpClgHtg-Cnst/instance-out.sql,150895.0,1131.13,10823.87,51285.47,0.0,22443.33,0.0,57437.04,3.36,0.0,0.0,0.0,7770.79,0.0,0.0,0.00,10823.87,1131.13,0.00,22191.36,251.97
CZ03/Mtl&0&cDXOH&Ex&HV_AirDist/NE-HV_AirDist-SupFanMtr-cDXOH-2SpClgHtg-VFDStdMtr/instance-out.sql,108674.69,2244.13,10375.36,51285.47,0.0,22443.33,0.0,14552.25,3.36,0.0,0.0,0.0,7770.79,0.0,0.0,0.00,10375.36,2244.13,0.00,22191.36,251.97
CZ03/Mtl&0&cDXOH&Ex&HV_AirDist/NE-HV_AirDist-SupFanMtr-cDXOH-2SpClgHtg-SRM/instance-out.sql,106731.53,2291.39,10225.59,51285.47,0.0,22443.33,0.0,12711.6,3.36,0.0,0.0,0.0,7770.79,0.0,0.0,0.00,10225.59,2291.39,0.00,22191.36,251.97
CZ03/Nrs&0&cDXOH&Ex&HV_AirDist/NE-HV_AirDist-SupFanMtr-cDXOH-2SpClgHtg-Cnst/instance-out.sql,919121.84,42540.42,54539.79,200868.06,0.0,347425.87,0.0,153317.31,26.26,0.0,0.0,0.0,120404.13,0.0,0.0,0.00,54539.79,42540.42,0.00,281574.59,65851.28
CZ03/Nrs&0&cDXOH&Ex&HV_AirDist/NE-HV_AirDist-SupFanMtr-cDXOH-2SpClgHtg-VFDStdMtr/instance-out.sql,846078.08,45972.07,54812.94,200868.06,0.0,347425.87,0.0,76573.33,27.07,0.0,0.0,0.0,120398.74,0.0,0.0,0.00,54812.94,45972.07,0.00,281574.59,65851.28
CZ03/Nrs&0&cDXOH&Ex&HV_AirDist/NE-HV_AirDist-SupFanMtr-cDXOH-2SpClgHtg-SRM/instance-out.sql,842300.61,46164.13,54567.27,200868.06,0.0,347425.87,0.0,72858.53,27.14,0.0,0.0,0.0,120389.62,0.0,0.0,0.00,54567.27,46164.13,0.00,281574.59,65851.28
CZ03/OfL&0&cDXOH&Ex&HV_AirDist/NE-HV_AirDist-SupFanMtr-cDXOH-2SpClgHtg-Cnst/instance-out.sql,2467991.62,23171.34,148331.42,462712.61,0.0,829334.66,0.0,880184.72,2386.07,0.0,0.0,0.0,121870.8,0.0,0.0,0.00,148331.42,23171.34,0.00,829334.66,0.00
CZ03/OfL&0&cDXOH&Ex&HV_AirDist/NE-HV_AirDist-SupFanMtr-cDXOH-2SpClgHtg-VFDStdMtr/instance-out.sql,1885758.6600000001,23159.64,152881.58,462712.61,0.0,829334.66,0.0,293414.78,2385.94,0.0,0.0,0.0,121869.45,0.0,0.0,0.00,152881.58,23159.64,0.00,829334.66,0.00
CZ03/OfL&0&cDXOH&Ex&HV_AirDist/NE-HV_AirDist-SupFanMtr-cDXOH-2SpClgHtg-SRM/instance-out.sql,1853953.58,23160.02,150990.69,462712.61,0.0,829334.66,0.0,263498.69,2386.08,0.0,0.0,0.0,121870.83,0.0,0.0,0.00,150990.69,23160.02,0.00,829334.66,0.00
CZ03/OfS&0&cDXOH&Ex&HV_AirDist/NE-HV_AirDist-SupFanMtr-cDXOH-2SpClgHtg-Cnst/instance-out.sql,137862.52,0.0,6447.06,23737.13,0.0,29387.4,0.0,55836.56,1.13,0.0,0.0,0.0,22453.23,0.0,0.0,0.00,6447.06,0.00,0.00,29387.40,0.00
CZ03/OfS&0&cDXOH&Ex&HV_AirDist/NE-HV_AirDist-SupFanMtr-cDXOH-2SpClgHtg-VFDStdMtr/instance-out.sql,98090.12999999999,0.0,6651.18,23737.13,0.0,29387.4,0.0,15860.03,1.13,0.0,0.0,0.0,22453.26,0.0,0.0,0.00,6651.18,0.00,0.00,29387.40,0.00
CZ03/OfS&0&cDXOH&Ex&HV_AirDist/NE-HV_AirDist-SupFanMtr-cDXOH-2SpClgHtg-SRM/instance-out.sql,96071.42,0.0,6530.02,23737.13,0.0,29387.4,0.0,13962.47,1.13,0.0,0.0,0.0,22453.26,0.0,0.0,0.00,6530.02,0.00,0.00,29387.40,0.00
CZ03/RFF&0&cDXOH&Ex&HV_AirDist/NE-HV_AirDist-SupFanMtr-cDXOH-2SpClgHtg-Cnst/instance-out.sql,103063.15,31.63,5960.4,13247.63,0.0,37903.17,0.0,19862.72,3.37,0.0,0.0,0.0,26054.22,0.0,0.0,0.00,5960.40,31.63,0.00,18423.46,19479.71
CZ03/RFF&0&cDXOH&Ex&HV_AirDist/NE-HV_AirDist-SupFanMtr-cDXOH-2SpClgHtg-VFDStdMtr/instance-out.sql,92302.34,48.38,5924.29,13247.63,0.0,37903.17,0.0,9121.3,3.37,0.0,0.0,0.0,26054.18,0.0,0.0,0.00,5924.29,48.38,0.00,18423.46,19479.71
CZ03/RFF&0&cDXOH&Ex&HV_AirDist/NE-HV_AirDist-SupFanMtr-cDXOH-2SpClgHtg-SRM/instance-out.sql,91785.81,49.05,5889.98,13247.63,0.0,37903.17,0.0,8638.43,3.37,0.0,0.0,0.0,26054.18,0.0,0.0,0.00,5889.98,49.05,0.00,18423.46,19479.71
CZ03/RSD&0&cDXOH&Ex&HV_AirDist/NE-HV_AirDist-SupFanMtr-cDXOH-2SpClgHtg-Cnst/instance-out.sql,233878.56,15005.44,14840.98,36047.32,0.0,76546.73,0.0,24620.39,10.4,0.0,0.0,0.0,66807.3,0.0,0.0,0.00,14840.98,15005.44,0.00,37475.60,39071.13
CZ03/RSD&0&cDXOH&Ex&HV_AirDist/NE-HV_AirDist-SupFanMtr-cDXOH-2SpClgHtg-VFDStdMtr/instance-out.sql,228637.95,15198.82,14767.7,36047.32,0.0,76546.73,0.0,19259.59,10.45,0.0,0.0,0.0,66807.34,0.0,0.0,0.00,14767.70,15198.82,0.00,37475.60,39071.13
CZ03/RSD&0&cDXOH&Ex&HV_AirDist/NE-HV_AirDist-SupFanMtr-cDXOH-2SpClgHtg-SRM/instance-out.sql,228377.32,15198.7,14745.19,36047.32,0.0,76546.73,0.0,19021.6,10.44,0.0,0.0,0.0,66807.34,0.0,0.0,0.00,14745.19,15198.70,0.00,37475.60,39071.13
CZ03/Rt3&0&cDXOH&Ex&HV_AirDist/NE-HV_AirDist-SupFanMtr-cDXOH-2SpClgHtg-Cnst/instance-out.sql,1983108.93,3016.45,64956.19,774348.97,0.0,436362.0,0.0,528859.73,3.38,0.0,0.0,0.0,175562.21,0.0,0.0,0.00,64956.19,3016.45,0.00,436362.00,0.00
CZ03/Rt3&0&cDXOH&Ex&HV_AirDist/NE-HV_AirDist-SupFanMtr-cDXOH-2SpClgHtg-VFDStdMtr/instance-out.sql,1614011.47,3695.12,64411.52,774348.97,0.0,436362.0,0.0,159628.02,3.38,0.0,0.0,0.0,175562.47,0.0,0.0,0.00,64411.52,3695.12,0.00,436362.00,0.00
CZ03/Rt3&0&cDXOH&Ex&HV_AirDist/NE-HV_AirDist-SupFanMtr-cDXOH-2SpClgHtg-SRM/instance-out.sql,1595629.86,3724.54,63115.34,774348.97,0.0,436362.0,0.0,142513.18,3.38,0.0,0.0,0.0,175562.45,0.0,0.0,0.00,63115.34,3724.54,0.00,436362.00,0.00
CZ03/RtL&0&cDXOH&Ex&HV_AirDist/NE-HV_AirDist-SupFanMtr-cDXOH-2SpClgHtg-Cnst/instance-out.sql,1982763.1900000002,0.0,80655.9,767420.15,0.0,509200.67,0.0,496275.18,3.39,0.0,0.0,0.0,129207.9,0.0,0.0,0.00,80655.90,0.00,0.00,468847.72,40352.95
CZ03/RtL&0&cDXOH&Ex&HV_AirDist/NE-HV_AirDist-SupFanMtr-cDXOH-2SpClgHtg-VFDStdMtr/instance-out.sql,1636804.09,3.87,80940.95,767420.15,0.0,509200.67,0.0,150027.05,3.39,0.0,0.0,0.0,129208.01,0.0,0.0,0.00,80940.95,3.87,0.00,468847.72,40352.95
CZ03/RtL&0&cDXOH&Ex&HV_AirDist/NE-HV_AirDist-SupFanMtr-cDXOH-2SpClgHtg-SRM/instance-out.sql,1619082.83,4.32,79536.4,767420.15,0.0,509200.67,0.0,133709.9,3.39,0.0,0.0,0.0,129208.01,0.0,0.0,0.00,79536.40,4.32,0.00,468847.72,40352.95
CZ03/RtS&0&cDXOH&Ex&HV_AirDist/NE-HV_AirDist-SupFanMtr-cDXOH-2SpClgHtg-Cnst/instance-out.sql,121240.06,0.0,4375.86,44599.63,0.0,24440.79,0.0,31969.85,3.36,0.0,0.0,0.0,15850.57,0.0,0.0,0.00,4375.86,0.00,0.00,24440.79,0.00
CZ03/RtS&0&cDXOH&Ex&HV_AirDist/NE-HV_AirDist-SupFanMtr-cDXOH-2SpClgHtg-VFDStdMtr/instance-out.sql,97758.87,0.0,4335.48,44599.63,0.0,24440.79,0.0,8529.02,3.36,0.0,0.0,0.0,15850.59,0.0,0.0,0.00,4335.48,0.00,0.00,24440.79,0.00
CZ03/RtS&0&cDXOH&Ex&HV_AirDist/NE-HV_AirDist-SupFanMtr-cDXOH-2SpClgHtg-SRM/instance-out.sql,96641.78,0.0,4257.89,44599.63,0.0,24440.79,0.0,7489.52,3.36,0.0,0.0,0.0,15850.59,0.0,0.0,0.00,4257.89,0.00,0.00,24440.79,0.00
CZ03/SCn&0&cDXOH&Ex&HV_AirDist/NE-HV_AirDist-SupFanMtr-cDXOH-2SpClgHtg-Cnst/instance-out.sql,2192054.74,0.0,54014.67,850055.03,0.0,449066.39,0.0,752509.55,3.36,0.0,0.0,0.0,86405.75,0.0,0.0,0.00,54014.67,0.00,0.00,449066.39,0.00
CZ03/SCn&0&cDXOH&Ex&HV_AirDist/NE-HV_AirDist-SupFanMtr-cDXOH-2SpClgHtg-VFDStdMtr/instance-out.sql,1543975.67,0.0,42106.62,850055.03,0.0,449066.39,0.0,116338.52,3.36,0.0,0.0,0.0,86405.75,0.0,0.0,0.00,42106.62,0.00,0.00,449066.39,0.00
CZ03/SCn&0&cDXOH&Ex&HV_AirDist/NE-HV_AirDist-SupFanMtr-cDXOH-2SpClgHtg-SRM/instance-out.sql,1520058.49,0.0,40979.4,850055.03,0.0,449066.39,0.0,93548.56,3.36,0.0,0.0,0.0,86405.75,0.0,0.0,0.00,40979.40,0.00,0.00,449066.39,0.00
CZ04/Asm&0&cDXGF&Ex&HV_AirDist/NE-HV_AirDist-SupFanMtr-cDXGF-2SpClgHtg-Cnst/instance-out.sql,903850.64,208500.51,140473.28,153727.01,0.0,145823.51,0.0,232989.38,3.36,0.0,0.0,0.0,22333.6,0.0,0.0,0.00,140473.28,208500.51,0.00,145823.51,0.00
CZ04/Asm&0&cDXGF&Ex&HV_AirDist/NE-HV_AirDist-SupFanMtr-cDXGF-2SpClgHtg-VFDStdMtr/instance-out.sql,764192.0900000001,217608.54,130844.95,153727.01,0.0,145823.51,0.0,93851.06,3.36,0.0,0.0,0.0,22333.67,0.0,0.0,0.00,130844.95,217608.54,0.00,145823.51,0.00
CZ04/Asm&0&cDXGF&Ex&HV_AirDist/NE-HV_AirDist-SupFanMtr-cDXGF-2SpClgHtg-SRM/instance-out.sql,759295.24,221021.16,129980.57,153727.01,0.0,145823.51,0.0,86406.0,3.36,0.0,0.0,0.0,22333.63,0.0,0.0,0.00,129980.57,221021.16,0.00,145823.51,0.00
CZ04/ECC&0&cDXGF&Ex&HV_AirDist/NE-HV_AirDist-SupFanMtr-cDXGF-2SpClgHtg-Cnst/instance-out.sql,2849215.98,94017.75,327810.08,358430.2,0.0,1013813.91,0.0,614619.34,918.74,0.0,0.0,0.0,439605.96,0.0,0.0,0.00,327810.08,94017.75,0.00,945189.93,68623.98
CZ04/ECC&0&cDXGF&Ex&HV_AirDist/NE-HV_AirDist-SupFanMtr-cDXGF-2SpClgHtg-VFDStdMtr/instance-out.sql,2547438.5300000003,149445.21,300158.25,358430.2,0.0,1013813.91,0.0,285070.3,912.31,0.0,0.0,0.0,439608.35,0.0,0.0,0.00,300158.25,149445.21,0.00,945189.93,68623.98
CZ04/ECC&0&cDXGF&Ex&HV_AirDist/NE-HV_AirDist-SupFanMtr-cDXGF-2SpClgHtg-SRM/instance-out.sql,2531150.31,153159.46,298015.93,358430.2,0.0,1013813.91,0.0,267210.0,912.42,0.0,0.0,0.0,439608.39,0.0,0.0,0.00,298015.93,153159.46,0.00,945189.93,68623.98
CZ04/EPr&0&cDXGF&Ex&HV_AirDist/NE-HV_AirDist-SupFanMtr-cDXGF-2SpClgHtg-Cnst/instance-out.sql,448738.45999999996,29297.45,54949.04,64700.97,0.0,125897.03,0.0,89834.04,3.37,0.0,0.0,0.0,84056.57,0.0,0.0,0.00,54949.04,29297.45,0.00,83226.75,42670.28
CZ04/EPr&0&cDXGF&Ex&HV_AirDist/NE-HV_AirDist-SupFanMtr-cDXGF-2SpClgHtg-VFDStdMtr/instance-out.sql,408392.05,39809.03,50876.37,64700.97,0.0,125897.03,0.0,43048.41,3.37,0.0,0.0,0.0,84056.87,0.0,0.0,0.00,50876.37,39809.03,0.00,83226.75,42670.28
CZ04/EPr&0&cDXGF&Ex&HV_AirDist/NE-HV_AirDist-SupFanMtr-cDXGF-2SpClgHtg-SRM/instance-out.sql,406363.22,40630.98,50564.89,64700.97,0.0,125897.03,0.0,40509.12,3.37,0.0,0.0,0.0,84056.87,0.0,0.0,0.00,50564.89,40630.98,0.00,83226.75,42670.28
CZ04/ERC&0&cDXGF&Ex&HV_AirDist/NE-HV_AirDist-SupFanMtr-cDXGF-2SpClgHtg-Cnst/instance-out.sql,22091.940000000002,2011.67,1925.38,2224.35,0.0,2196.82,0.0,4502.34,3.36,0.0,0.0,0.0,9228.02,0.0,0.0,0.00,1925.38,2011.67,0.00,2196.82,0.00
CZ04/ERC&0&cDXGF&Ex&HV_AirDist/NE-HV_AirDist-SupFanMtr-cDXGF-2SpClgHtg-VFDStdMtr/instance-out.sql,20087.52,2964.67,1684.7,2224.35,0.0,2196.82,0.0,1785.59,3.36,0.0,0.0,0.0,9228.02,0.0,0.0,0.00,1684.70,2964.67,0.00,2196.82,0.00
CZ04/ERC&0&cDXGF&Ex&HV_AirDist/NE-HV_AirDist-SupFanMtr-cDXGF-2SpClgHtg-SRM/instance-out.sql,19990.46,3031.28,1669.51,2224.35,0.0,2196.82,0.0,1637.17,3.36,0.0,0.0,0.0,9227.97,0.0,0.0,0.00,1669.51,3031.28,0.00,2196.82,0.00
CZ04/ESe&0&cDXGF&Ex&HV_AirDist/NE-HV_AirDist-SupFanMtr-cDXGF-2SpClgHtg-Cnst/instance-out.sql,1330883.48,159663.15,157219.66,197959.32,0.0,323176.74,0.0,262864.08,3.39,0.0,0.0,0.0,229997.14,0.0,0.0,0.00,157219.66,159663.15,0.00,259085.82,64090.92
CZ04/ESe&0&cDXGF&Ex&HV_AirDist/NE-HV_AirDist-SupFanMtr-cDXGF-2SpClgHtg-VFDStdMtr/instance-out.sql,1281145.61,169592.55,152376.1,197959.32,0.0,323176.74,0.0,208039.4,3.39,0.0,0.0,0.0,229998.1,0.0,0.0,0.00,152376.10,169592.55,0.00,259085.82,64090.92
CZ04/ESe&0&cDXGF&Ex&HV_AirDist/NE-HV_AirDist-SupFanMtr-cDXGF-2SpClgHtg-SRM/instance-out.sql,1278468.29,170267.34,152005.18,197959.32,0.0,323176.74,0.0,205058.22,3.39,0.0,0.0,0.0,229998.1,0.0,0.0,0.00,152005.18,170267.34,0.00,259085.82,64090.92
CZ04/EUn&0&cDXGF&Ex&HV_AirDist/NE-HV_AirDist-SupFanMtr-cDXGF-2SpClgHtg-Cnst/instance-out.sql,9033586.65,272550.8,1027071.41,1277404.75,0.0,3682881.23,0.0,2030151.86,3.37,0.0,0.0,0.0,743523.23,0.0,0.0,0.00,1027071.41,272550.80,0.00,3555459.15,127422.08
CZ04/EUn&0&cDXGF&Ex&HV_AirDist/NE-HV_AirDist-SupFanMtr-cDXGF-2SpClgHtg-VFDStdMtr/instance-out.sql,8067018.75,445458.12,949519.0,1277404.75,0.0,3682881.23,0.0,968222.2,3.37,0.0,0.0,0.0,743530.09,0.0,0.0,0.00,949519.00,445458.12,0.00,3555459.15,127422.08
CZ04/EUn&0&cDXGF&Ex&HV_AirDist/NE-HV_AirDist-SupFanMtr-cDXGF-2SpClgHtg-SRM/instance-out.sql,8014437.34,456977.59,943297.34,1277404.75,0.0,3682881.23,0.0,910342.72,3.37,0.0,0.0,0.0,743530.34,0.0,0.0,0.00,943297.34,456977.59,0.00,3555459.15,127422.08
CZ04/Gro&0&cDXGF&Ex&HV_AirDist/NE-HV_AirDist-SupFanMtr-cDXGF-2SpClgHtg-Cnst/instance-out.sql,2094403.6800000002,144948.71,65849.76,249218.65,0.0,177584.03,0.0,200047.94,3.38,0.0,0.0,0.0,59816.65,1196934.55,0.0,0.00,65849.76,144948.71,0.00,177584.03,0.00
CZ04/Gro&0&cDXGF&Ex&HV_AirDist/NE-HV_AirDist-SupFanMtr-cDXGF-2SpClgHtg-VFDStdMtr/instance-out.sql,2005399.97,200210.06,54672.63,249218.65,0.0,177584.03,0.0,74110.24,3.38,0.0,0.0,0.0,59816.66,1189784.33,0.0,0.00,54672.63,200210.06,0.00,177584.03,0.00
CZ04/Gro&0&cDXGF&Ex&HV_AirDist/NE-HV_AirDist-SupFanMtr-cDXGF-2SpClgHtg-SRM/instance-out.sql,2001600.98,203610.78,54077.83,249218.65,0.0,177584.03,0.0,67724.59,3.38,0.0,0.0,0.0,59816.65,1189565.05,0.0,0.00,54077.83,203610.78,0.00,177584.03,0.00
CZ04/Hsp&0&cDXGF&Ex&HV_AirDist/NE-HV_AirDist-SupFanMtr-cDXGF-2SpClgHtg-Cnst/instance-out.sql,4143706.5999999996,361012.75,856106.21,856282.21,0.0,1182847.3,0.0,586256.07,41946.81,0.0,0.0,0.0,259255.25,0.0,0.0,0.00,856106.21,361012.75,0.00,1139112.10,43735.20
CZ04/Hsp&0&cDXGF&Ex&HV_AirDist/NE-HV_AirDist-SupFanMtr-cDXGF-2SpClgHtg-VFDStdMtr/instance-out.sql,3959670.22,391953.13,840898.01,856282.21,0.0,1182847.3,0.0,386568.72,41868.66,0.0,0.0,0.0,259252.19,0.0,0.0,0.00,840898.01,391953.13,0.00,1139112.10,43735.20
CZ04/Hsp&0&cDXGF&Ex&HV_AirDist/NE-HV_AirDist-SupFanMtr-cDXGF-2SpClgHtg-SRM/instance-out.sql,3950269.68,393764.73,839822.65,856282.21,0.0,1182847.3,0.0,376442.16,41859.3,0.0,0.0,0.0,259251.34,0.0,0.0,0.00,839822.65,393764.73,0.00,1139112.10,43735.20
CZ04/MBT&0&cDXGF&Ex&HV_AirDist/NE-HV_AirDist-SupFanMtr-cDXGF-2SpClgHtg-Cnst/instance-out.sql,7171127.140000001,2666579.64,448548.26,709539.71,0.0,2167645.51,0.0,1006242.57,592.77,0.0,0.0,0.0,171978.69,0.0,0.0,0.00,448548.26,2666579.64,0.00,1394057.91,773587.60
CZ04/MBT&0&cDXGF&Ex&HV_AirDist/NE-HV_AirDist-SupFanMtr-cDXGF-2SpClgHtg-VFDStdMtr/instance-out.sql,6992749.87,2720494.99,433174.83,709539.71,0.0,2167645.51,0.0,789323.1,592.13,0.0,0.0,0.0,171979.6,0.0,0.0,0.00,433174.83,2720494.99,0.00,1394057.91,773587.60
CZ04/MBT&0&cDXGF&Ex&HV_AirDist/NE-HV_AirDist-SupFanMtr-cDXGF-2SpClgHtg-SRM/instance-out.sql,6983795.87,2723972.28,432067.58,709539.71,0.0,2167645.51,0.0,777999.12,592.06,0.0,0.0,0.0,171979.6,0.0,0.0,0.00,432067.58,2723972.28,0.00,1394057.91,773587.60
CZ04/MLI&0&cDXGF&Ex&HV_AirDist/NE-HV_AirDist-SupFanMtr-cDXGF-2SpClgHtg-Cnst/instance-out.sql,1231494.86,141227.52,132748.14,283149.19,0.0,239893.0,0.0,386477.47,3.37,0.0,0.0,0.0,47996.18,0.0,0.0,0.00,132748.14,141227.52,0.00,239893.00,0.00
CZ04/MLI&0&cDXGF&Ex&HV_AirDist/NE-HV_AirDist-SupFanMtr-cDXGF-2SpClgHtg-VFDStdMtr/instance-out.sql,1046481.0,223545.92,113372.33,283149.19,0.0,239893.0,0.0,138521.01,3.37,0.0,0.0,0.0,47996.17,0.0,0.0,0.00,113372.33,223545.92,0.00,239893.00,0.00
CZ04/MLI&0&cDXGF&Ex&HV_AirDist/NE-HV_AirDist-SupFanMtr-cDXGF-2SpClgHtg-SRM/instance-out.sql,1037981.46,228591.64,112184.62,283149.19,0.0,239893.0,0.0,126163.46,3.37,0.0,0.0,0.0,47996.17,0.0,0.0,0.00,112184.62,228591.64,0.00,239893.00,0.00
CZ04/Mtl&0&cDXGF&Ex&HV_AirDist/NE-HV_AirDist-SupFanMtr-cDXGF-2SpClgHtg-Cnst/instance-out.sql,197960.38,23649.53,34029.36,51285.47,0.0,22443.33,0.0,58816.74,3.36,0.0,0.0,0.0,7732.58,0.0,0.0,0.00,34029.36,23649.53,0.00,22191.36,251.97
CZ04/Mtl&0&cDXGF&Ex&HV_AirDist/NE-HV_AirDist-SupFanMtr-cDXGF-2SpClgHtg-VFDStdMtr/instance-out.sql,169534.77,34283.99,30982.89,51285.47,0.0,22443.33,0.0,22803.15,3.36,0.0,0.0,0.0,7732.58,0.0,0.0,0.00,30982.89,34283.99,0.00,22191.36,251.97
CZ04/Mtl&0&cDXGF&Ex&HV_AirDist/NE-HV_AirDist-SupFanMtr-cDXGF-2SpClgHtg-SRM/instance-out.sql,168138.76,34957.9,30779.29,51285.47,0.0,22443.33,0.0,20936.82,3.36,0.0,0.0,0.0,7732.58,0.0,0.0,0.00,30779.29,34957.90,0.00,22191.36,251.97
CZ04/Nrs&0&cDXGF&Ex&HV_AirDist/NE-HV_AirDist-SupFanMtr-cDXGF-2SpClgHtg-Cnst/instance-out.sql,1042875.01,82302.4,125884.29,200868.06,0.0,347425.87,0.0,170426.03,30.29,0.0,0.0,0.0,115938.06,0.0,0.0,0.00,125884.29,82302.40,0.00,281574.59,65851.28
CZ04/Nrs&0&cDXGF&Ex&HV_AirDist/NE-HV_AirDist-SupFanMtr-cDXGF-2SpClgHtg-VFDStdMtr/instance-out.sql,978330.26,94310.93,120790.92,200868.06,0.0,347425.87,0.0,98985.64,30.65,0.0,0.0,0.0,115918.19,0.0,0.0,0.00,120790.92,94310.93,0.00,281574.59,65851.28
CZ04/Nrs&0&cDXGF&Ex&HV_AirDist/NE-HV_AirDist-SupFanMtr-cDXGF-2SpClgHtg-SRM/instance-out.sql,975173.8300000001,95238.56,120415.13,200868.06,0.0,347425.87,0.0,95285.23,30.67,0.0,0.0,0.0,115910.31,0.0,0.0,0.00,120415.13,95238.56,0.00,281574.59,65851.28
CZ04/OfL&0&cDXGF&Ex&HV_AirDist/NE-HV_AirDist-SupFanMtr-cDXGF-2SpClgHtg-Cnst/instance-out.sql,2866671.44,87562.29,434529.31,462712.61,0.0,829334.66,0.0,931280.13,2916.3,0.0,0.0,0.0,118336.14,0.0,0.0,0.00,434529.31,87562.29,0.00,829334.66,0.00
CZ04/OfL&0&cDXGF&Ex&HV_AirDist/NE-HV_AirDist-SupFanMtr-cDXGF-2SpClgHtg-VFDStdMtr/instance-out.sql,2338287.57,148702.6,397394.47,462712.61,0.0,829334.66,0.0,379208.73,2915.01,0.0,0.0,0.0,118019.49,0.0,0.0,0.00,397394.47,148702.60,0.00,829334.66,0.00
CZ04/OfL&0&cDXGF&Ex&HV_AirDist/NE-HV_AirDist-SupFanMtr-cDXGF-2SpClgHtg-SRM/instance-out.sql,2310752.16,153579.06,394460.88,462712.61,0.0,829334.66,0.0,349741.05,2915.23,0.0,0.0,0.0,118008.68,0.0,0.0,0.00,394460.88,153579.06,0.00,829334.66,0.00
CZ04/OfS&0&cDXGF&Ex&HV_AirDist/NE-HV_AirDist-SupFanMtr-cDXGF-2SpClgHtg-Cnst/instance-out.sql,167988.01,7505.09,24092.45,23737.13,0.0,29387.4,0.0,61365.7,1.13,0.0,0.0,0.0,21899.09,0.0,0.0,0.00,24092.45,7505.09,0.00,29387.40,0.00
CZ04/OfS&0&cDXGF&Ex&HV_AirDist/NE-HV_AirDist-SupFanMtr-cDXGF-2SpClgHtg-VFDStdMtr/instance-out.sql,134747.18,14350.34,21539.63,23737.13,0.0,29387.4,0.0,23832.43,1.13,0.0,0.0,0.0,21899.12,0.0,0.0,0.00,21539.63,14350.34,0.00,29387.40,0.00
CZ04/OfS&0&cDXGF&Ex&HV_AirDist/NE-HV_AirDist-SupFanMtr-cDXGF-2SpClgHtg-SRM/instance-out.sql,133056.36000000002,14862.53,21342.38,23737.13,0.0,29387.4,0.0,21826.67,1.13,0.0,0.0,0.0,21899.12,0.0,0.0,0.00,21342.38,14862.53,0.00,29387.40,0.00
CZ04/RFF&0&cDXGF&Ex&HV_AirDist/NE-HV_AirDist-SupFanMtr-cDXGF-2SpClgHtg-Cnst/instance-out.sql,117241.23000000001,5213.9,12831.79,13247.63,0.0,37903.17,0.0,22600.91,3.37,0.0,0.0,0.0,25440.46,0.0,0.0,0.00,12831.79,5213.90,0.00,18423.46,19479.71
CZ04/RFF&0&cDXGF&Ex&HV_AirDist/NE-HV_AirDist-SupFanMtr-cDXGF-2SpClgHtg-VFDStdMtr/instance-out.sql,109752.48,7863.74,12213.32,13247.63,0.0,37903.17,0.0,13080.7,3.37,0.0,0.0,0.0,25440.54,0.0,0.0,0.00,12213.32,7863.74,0.00,18423.46,19479.71
CZ04/RFF&0&cDXGF&Ex&HV_AirDist/NE-HV_AirDist-SupFanMtr-cDXGF-2SpClgHtg-SRM/instance-out.sql,109376.66,8048.23,12166.07,13247.63,0.0,37903.17,0.0,12567.66,3.37,0.0,0.0,0.0,25440.53,0.0,0.0,0.00,12166.07,8048.23,0.00,18423.46,19479.71
CZ04/RSD&0&cDXGF&Ex&HV_AirDist/NE-HV_AirDist-SupFanMtr-cDXGF-2SpClgHtg-Cnst/instance-out.sql,274332.11,35342.89,29561.68,36047.32,0.0,76546.73,0.0,31857.35,19.8,0.0,0.0,0.0,64956.35,0.0,0.0,0.00,29561.68,35342.89,0.00,37475.60,39071.13
CZ04/RSD&0&cDXGF&Ex&HV_AirDist/NE-HV_AirDist-SupFanMtr-cDXGF-2SpClgHtg-VFDStdMtr/instance-out.sql,270333.70999999996,36582.69,29197.57,36047.32,0.0,76546.73,0.0,26983.1,19.81,0.0,0.0,0.0,64956.49,0.0,0.0,0.00,29197.57,36582.69,0.00,37475.60,39071.13
CZ04/RSD&0&cDXGF&Ex&HV_AirDist/NE-HV_AirDist-SupFanMtr-cDXGF-2SpClgHtg-SRM/instance-out.sql,270140.07,36666.9,29171.89,36047.32,0.0,76546.73,0.0,26730.95,19.81,0.0,0.0,0.0,64956.49,0.0,0.0,0.00,29171.89,36666.90,0.00,37475.60,39071.13
CZ04/Rt3&0&cDXGF&Ex&HV_AirDist/NE-HV_AirDist-SupFanMtr-cDXGF-2SpClgHtg-Cnst/instance-out.sql,2332400.59,84701.84,266862.96,774348.97,0.0,436362.0,0.0,599689.65,3.38,0.0,0.0,0.0,170431.78,0.0,0.0,0.00,266862.96,84701.84,0.00,436362.00,0.00
CZ04/Rt3&0&cDXGF&Ex&HV_AirDist/NE-HV_AirDist-SupFanMtr-cDXGF-2SpClgHtg-VFDStdMtr/instance-out.sql,1995118.76,147881.37,235580.98,774348.97,0.0,436362.0,0.0,230509.96,3.38,0.0,0.0,0.0,170432.1,0.0,0.0,0.00,235580.98,147881.37,0.00,436362.00,0.00
CZ04/Rt3&0&cDXGF&Ex&HV_AirDist/NE-HV_AirDist-SupFanMtr-cDXGF-2SpClgHtg-SRM/instance-out.sql,1978422.8900000001,152113.71,233466.35,774348.97,0.0,436362.0,0.0,211696.39,3.38,0.0,0.0,0.0,170432.09,0.0,0.0,0.00,233466.35,152113.71,0.00,436362.00,0.00
CZ04/RtL&0&cDXGF&Ex&HV_AirDist/NE-HV_AirDist-SupFanMtr-cDXGF-2SpClgHtg-Cnst/instance-out.sql,2308115.13,69226.86,274640.68,767420.15,0.0,509200.67,0.0,562150.42,3.39,0.0,0.0,0.0,125472.96,0.0,0.0,0.00,274640.68,69226.86,0.00,468847.72,40352.95
CZ04/RtL&0&cDXGF&Ex&HV_AirDist/NE-HV_AirDist-SupFanMtr-cDXGF-2SpClgHtg-VFDStdMtr/instance-out.sql,1993190.27,130005.56,245197.79,767420.15,0.0,509200.67,0.0,215889.58,3.39,0.0,0.0,0.0,125473.14,0.0,0.0,0.00,245197.79,130005.56,0.00,468847.72,40352.95
CZ04/RtL&0&cDXGF&Ex&HV_AirDist/NE-HV_AirDist-SupFanMtr-cDXGF-2SpClgHtg-SRM/instance-out.sql,1977351.8,133849.75,243157.65,767420.15,0.0,509200.67,0.0,198247.07,3.39,0.0,0.0,0.0,125473.13,0.0,0.0,0.00,243157.65,133849.75,0.00,468847.72,40352.95
CZ04/RtS&0&cDXGF&Ex&HV_AirDist/NE-HV_AirDist-SupFanMtr-cDXGF-2SpClgHtg-Cnst/instance-out.sql,155909.72999999998,12886.79,19106.09,44599.63,0.0,24440.79,0.0,39319.24,3.36,0.0,0.0,0.0,15553.81,0.0,0.0,0.00,19106.09,12886.79,0.00,24440.79,0.00
CZ04/RtS&0&cDXGF&Ex&HV_AirDist/NE-HV_AirDist-SupFanMtr-cDXGF-2SpClgHtg-VFDStdMtr/instance-out.sql,135277.89,18836.3,16966.83,44599.63,0.0,24440.79,0.0,14877.16,3.36,0.0,0.0,0.0,15553.83,0.0,0.0,0.00,16966.83,18836.30,0.00,24440.79,0.00
CZ04/RtS&0&cDXGF&Ex&HV_AirDist/NE-HV_AirDist-SupFanMtr-cDXGF-2SpClgHtg-SRM/instance-out.sql,134263.32,19232.59,16828.63,44599.63,0.0,24440.79,0.0,13604.5,3.36,0.0,0.0,0.0,15553.82,0.0,0.0,0.00,16828.63,19232.59,0.00,24440.79,0.00
CZ04/SCn&0&cDXGF&Ex&HV_AirDist/NE-HV_AirDist-SupFanMtr-cDXGF-2SpClgHtg-Cnst/instance-out.sql,4304463.640000001,784439.03,477423.36,850055.03,0.0,449066.39,0.0,1659527.85,3.36,0.0,0.0,0.0,83948.63,0.0,0.0,0.00,477423.36,784439.03,0.00,449066.39,0.00
CZ04/SCn&0&cDXGF&Ex&HV_AirDist/NE-HV_AirDist-SupFanMtr-cDXGF-2SpClgHtg-VFDStdMtr/instance-out.sql,3567592.47,1220382.93,380617.47,850055.03,0.0,449066.39,0.0,583518.67,3.36,0.0,0.0,0.0,83948.63,0.0,0.0,0.00,380617.47,1220382.93,0.00,449066.39,0.00
CZ04/SCn&0&cDXGF&Ex&HV_AirDist/NE-HV_AirDist-SupFanMtr-cDXGF-2SpClgHtg-SRM/instance-out.sql,3535604.5599999996,1247133.32,375272.22,850055.03,0.0,449066.39,0.0,530125.61,3.36,0.0,0.0,0.0,83948.63,0.0,0.0,0.00,375272.22,1247133.32,0.00,449066.39,0.00
CZ04/Asm&0&cDXHP&Ex&HV_AirDist/NE-HV_AirDist-SupFanMtr-cDXHP-2SpClgHtg-Cnst/instance-out.sql,726059.63,30755.43,140427.34,153727.01,0.0,145823.51,0.0,232989.38,3.36,0.0,0.0,0.0,22333.6,0.0,0.0,30755.43,140427.34,0.00,0.00,145823.51,0.00
CZ04/Asm&0&cDXHP&Ex&HV_AirDist/NE-HV_AirDist-SupFanMtr-cDXHP-2SpClgHtg-VFDStdMtr/instance-out.sql,579142.9199999999,25735.92,131845.76,153727.01,0.0,145823.51,0.0,99673.66,3.36,0.0,0.0,0.0,22333.7,0.0,0.0,25735.92,131845.76,0.00,0.00,145823.51,0.00
CZ04/Asm&0&cDXHP&Ex&HV_AirDist/NE-HV_AirDist-SupFanMtr-cDXHP-2SpClgHtg-SRM/instance-out.sql,571314.15,26162.96,130820.52,153727.01,0.0,145823.51,0.0,92443.14,3.36,0.0,0.0,0.0,22333.66,0.0,0.0,26162.96,130820.52,0.00,0.00,145823.51,0.00
CZ04/ECC&0&cDXHP&Ex&HV_AirDist/NE-HV_AirDist-SupFanMtr-cDXHP-2SpClgHtg-Cnst/instance-out.sql,2773431.68,18315.81,327729.06,358430.2,0.0,1013813.91,0.0,614617.97,918.76,0.0,0.0,0.0,439605.97,0.0,0.0,17445.16,327729.06,870.65,0.00,945189.93,68623.98
CZ04/ECC&0&cDXHP&Ex&HV_AirDist/NE-HV_AirDist-SupFanMtr-cDXHP-2SpClgHtg-VFDStdMtr/instance-out.sql,2424322.1799999997,22885.81,302908.93,358430.2,0.0,1013813.91,0.0,285765.06,912.41,0.0,0.0,0.0,439605.86,0.0,0.0,21956.86,302908.93,928.95,0.00,945189.93,68623.98
CZ04/ECC&0&cDXHP&Ex&HV_AirDist/NE-HV_AirDist-SupFanMtr-cDXHP-2SpClgHtg-SRM/instance-out.sql,2404715.3200000003,23428.07,300724.0,358430.2,0.0,1013813.91,0.0,267802.89,912.42,0.0,0.0,0.0,439603.82,0.0,0.0,22502.37,300724.00,925.70,0.00,945189.93,68623.98
CZ04/EPr&0&cDXHP&Ex&HV_AirDist/NE-HV_AirDist-SupFanMtr-cDXHP-2SpClgHtg-Cnst/instance-out.sql,424630.69000000006,5136.62,55002.47,64700.97,0.0,125897.03,0.0,89833.67,3.37,0.0,0.0,0.0,84056.57,0.0,0.0,5136.62,55002.47,0.00,0.00,83226.75,42670.28
CZ04/EPr&0&cDXHP&Ex&HV_AirDist/NE-HV_AirDist-SupFanMtr-cDXHP-2SpClgHtg-VFDStdMtr/instance-out.sql,374388.5,5466.02,51052.77,64700.97,0.0,125897.03,0.0,43211.36,3.37,0.0,0.0,0.0,84056.99,0.0,0.0,5466.02,51052.77,0.00,0.00,83226.75,42670.28
CZ04/EPr&0&cDXHP&Ex&HV_AirDist/NE-HV_AirDist-SupFanMtr-cDXHP-2SpClgHtg-SRM/instance-out.sql,371630.8,5577.36,50726.9,64700.97,0.0,125897.03,0.0,40668.18,3.37,0.0,0.0,0.0,84056.99,0.0,0.0,5577.36,50726.90,0.00,0.00,83226.75,42670.28
CZ04/ERC&0&cDXHP&Ex&HV_AirDist/NE-HV_AirDist-SupFanMtr-cDXHP-2SpClgHtg-Cnst/instance-out.sql,20452.75,396.92,1900.94,2224.35,0.0,2196.82,0.0,4502.34,3.36,0.0,0.0,0.0,9228.02,0.0,0.0,396.92,1900.94,0.00,0.00,2196.82,0.00
CZ04/ERC&0&cDXHP&Ex&HV_AirDist/NE-HV_AirDist-SupFanMtr-cDXHP-2SpClgHtg-VFDStdMtr/instance-out.sql,17578.440000000002,462.54,1680.06,2224.35,0.0,2196.82,0.0,1783.28,3.36,0.0,0.0,0.0,9228.03,0.0,0.0,462.54,1680.06,0.00,0.00,2196.82,0.00
CZ04/ERC&0&cDXHP&Ex&HV_AirDist/NE-HV_AirDist-SupFanMtr-cDXHP-2SpClgHtg-SRM/instance-out.sql,17422.519999999997,472.07,1663.81,2224.35,0.0,2196.82,0.0,1634.13,3.36,0.0,0.0,0.0,9227.97,0.0,0.0,472.07,1663.81,0.00,0.00,2196.82,0.00
CZ04/ESe&0&cDXHP&Ex&HV_AirDist/NE-HV_AirDist-SupFanMtr-cDXHP-2SpClgHtg-Cnst/instance-out.sql,1315109.0899999999,143948.49000000002,157160.21,197959.32,0.0,323176.74,0.0,262863.8,3.39,0.0,0.0,0.0,229997.14,0.0,0.0,3829.20,157160.21,140119.29,0.00,259085.82,64090.92
CZ04/ESe&0&cDXHP&Ex&HV_AirDist/NE-HV_AirDist-SupFanMtr-cDXHP-2SpClgHtg-VFDStdMtr/instance-out.sql,1257263.89,144896.3,152930.68,197959.32,0.0,323176.74,0.0,208298.9,3.39,0.0,0.0,0.0,229998.56,0.0,0.0,4444.12,152930.68,140452.18,0.00,259085.82,64090.92
CZ04/ESe&0&cDXHP&Ex&HV_AirDist/NE-HV_AirDist-SupFanMtr-cDXHP-2SpClgHtg-SRM/instance-out.sql,1253982.99,144993.5,152538.04,197959.32,0.0,323176.74,0.0,205313.43,3.39,0.0,0.0,0.0,229998.57,0.0,0.0,4540.30,152538.04,140453.20,0.00,259085.82,64090.92
CZ04/EUn&0&cDXHP&Ex&HV_AirDist/NE-HV_AirDist-SupFanMtr-cDXHP-2SpClgHtg-Cnst/instance-out.sql,8832283.58,70403.8,1027915.14,1277404.75,0.0,3682881.23,0.0,2030152.06,3.37,0.0,0.0,0.0,743523.23,0.0,0.0,48335.94,1027915.14,22067.86,0.00,3555459.15,127422.08
CZ04/EUn&0&cDXHP&Ex&HV_AirDist/NE-HV_AirDist-SupFanMtr-cDXHP-2SpClgHtg-VFDStdMtr/instance-out.sql,7716662.6899999995,86927.0,961189.86,1277404.75,0.0,3682881.23,0.0,964723.52,3.37,0.0,0.0,0.0,743532.96,0.0,0.0,64146.44,961189.86,22780.56,0.00,3555459.15,127422.08
CZ04/EUn&0&cDXHP&Ex&HV_AirDist/NE-HV_AirDist-SupFanMtr-cDXHP-2SpClgHtg-SRM/instance-out.sql,7653806.43,88655.07999999999,954773.84,1277404.75,0.0,3682881.23,0.0,906555.03,3.37,0.0,0.0,0.0,743533.14,0.0,0.0,65856.68,954773.84,22798.40,0.00,3555459.15,127422.08
CZ04/Gro&0&cDXHP&Ex&HV_AirDist/NE-HV_AirDist-SupFanMtr-cDXHP-2SpClgHtg-Cnst/instance-out.sql,1977127.72,26807.45,66661.47,249218.65,0.0,177584.03,0.0,200048.27,3.38,0.0,0.0,0.0,59816.65,1196987.81,0.0,26807.45,66661.47,0.00,0.00,177584.03,0.00
CZ04/Gro&0&cDXHP&Ex&HV_AirDist/NE-HV_AirDist-SupFanMtr-cDXHP-2SpClgHtg-VFDStdMtr/instance-out.sql,1835688.69,29750.32,56007.09,249218.65,0.0,177584.03,0.0,73565.56,3.38,0.0,0.0,0.0,59816.67,1189742.98,0.0,29750.32,56007.09,0.00,0.00,177584.03,0.00
CZ04/Gro&0&cDXHP&Ex&HV_AirDist/NE-HV_AirDist-SupFanMtr-cDXHP-2SpClgHtg-SRM/instance-out.sql,1828983.3499999999,30243.39,55376.02,249218.65,0.0,177584.03,0.0,67167.13,3.38,0.0,0.0,0.0,59816.67,1189574.07,0.0,30243.39,55376.02,0.00,0.00,177584.03,0.00
CZ04/Hsp&0&cDXHP&Ex&HV_AirDist/NE-HV_AirDist-SupFanMtr-cDXHP-2SpClgHtg-Cnst/instance-out.sql,4117164.35,334132.88,856443.43,856282.21,0.0,1182847.3,0.0,586256.65,41946.87,0.0,0.0,0.0,259255.01,0.0,0.0,6972.42,856443.43,327160.46,0.00,1139112.10,43735.20
CZ04/Hsp&0&cDXHP&Ex&HV_AirDist/NE-HV_AirDist-SupFanMtr-cDXHP-2SpClgHtg-VFDStdMtr/instance-out.sql,3910903.26,343774.68000000005,841338.75,856282.21,0.0,1182847.3,0.0,385928.68,41863.66,0.0,0.0,0.0,258867.98,0.0,0.0,9322.90,841338.75,334451.78,0.00,1139112.10,43735.20
CZ04/Hsp&0&cDXHP&Ex&HV_AirDist/NE-HV_AirDist-SupFanMtr-cDXHP-2SpClgHtg-SRM/instance-out.sql,3899976.7199999997,344168.56,840182.49,856282.21,0.0,1182847.3,0.0,375774.47,41859.39,0.0,0.0,0.0,258862.29,0.0,0.0,9568.34,840182.49,334600.22,0.00,1139112.10,43735.20
CZ04/MBT&0&cDXHP&Ex&HV_AirDist/NE-HV_AirDist-SupFanMtr-cDXHP-2SpClgHtg-Cnst/instance-out.sql,7085331.16,2579922.74,449421.42,709539.71,0.0,2167645.51,0.0,1006230.38,592.71,0.0,0.0,0.0,171978.69,0.0,0.0,19457.91,449421.42,2560464.83,0.00,1394057.91,773587.60
CZ04/MBT&0&cDXHP&Ex&HV_AirDist/NE-HV_AirDist-SupFanMtr-cDXHP-2SpClgHtg-VFDStdMtr/instance-out.sql,6859740.08,2587403.04,434709.89,709539.71,0.0,2167645.51,0.0,787870.02,591.94,0.0,0.0,0.0,171979.95,0.0,0.0,22780.40,434709.89,2564622.64,0.00,1394057.91,773587.60
CZ04/MBT&0&cDXHP&Ex&HV_AirDist/NE-HV_AirDist-SupFanMtr-cDXHP-2SpClgHtg-SRM/instance-out.sql,6847793.17,2588042.81,433542.35,709539.71,0.0,2167645.51,0.0,776450.95,591.88,0.0,0.0,0.0,171979.97,0.0,0.0,23275.90,433542.35,2564766.91,0.00,1394057.91,773587.60
CZ04/MLI&0&cDXHP&Ex&HV_AirDist/NE-HV_AirDist-SupFanMtr-cDXHP-2SpClgHtg-Cnst/instance-out.sql,1119633.3599999999,28262.72,133851.43,283149.19,0.0,239893.0,0.0,386477.47,3.37,0.0,0.0,0.0,47996.18,0.0,0.0,28262.72,133851.43,0.00,0.00,239893.00,0.00
CZ04/MLI&0&cDXHP&Ex&HV_AirDist/NE-HV_AirDist-SupFanMtr-cDXHP-2SpClgHtg-VFDStdMtr/instance-out.sql,858735.55,35750.03,115148.68,283149.19,0.0,239893.0,0.0,136795.1,3.37,0.0,0.0,0.0,47996.18,0.0,0.0,35750.03,115148.68,0.00,0.00,239893.00,0.00
CZ04/MLI&0&cDXHP&Ex&HV_AirDist/NE-HV_AirDist-SupFanMtr-cDXHP-2SpClgHtg-SRM/instance-out.sql,845656.4700000001,36511.23,113847.54,283149.19,0.0,239893.0,0.0,124255.96,3.37,0.0,0.0,0.0,47996.18,0.0,0.0,36511.23,113847.54,0.00,0.00,239893.00,0.00
CZ04/Mtl&0&cDXHP&Ex&HV_AirDist/NE-HV_AirDist-SupFanMtr-cDXHP-2SpClgHtg-Cnst/instance-out.sql,179288.55,5232.37,33774.73,51285.47,0.0,22443.33,0.0,58816.7,3.36,0.0,0.0,0.0,7732.58,0.0,0.0,4714.67,33774.73,517.70,0.00,22191.36,251.97
CZ04/Mtl&0&cDXHP&Ex&HV_AirDist/NE-HV_AirDist-SupFanMtr-cDXHP-2SpClgHtg-VFDStdMtr/instance-out.sql,142243.55,5933.849999999999,31228.16,51285.47,0.0,22443.33,0.0,23616.8,3.36,0.0,0.0,0.0,7732.58,0.0,0.0,5387.69,31228.16,546.16,0.00,22191.36,251.97
CZ04/Mtl&0&cDXHP&Ex&HV_AirDist/NE-HV_AirDist-SupFanMtr-cDXHP-2SpClgHtg-SRM/instance-out.sql,140280.39,6031.9,31010.21,51285.47,0.0,22443.33,0.0,21773.54,3.36,0.0,0.0,0.0,7732.58,0.0,0.0,5485.20,31010.21,546.70,0.00,22191.36,251.97
CZ04/Nrs&0&cDXHP&Ex&HV_AirDist/NE-HV_AirDist-SupFanMtr-cDXHP-2SpClgHtg-Cnst/instance-out.sql,1022255.8200000001,61857.54,125687.31,200868.06,0.0,347425.87,0.0,170435.04,30.29,0.0,0.0,0.0,115951.72,0.0,0.0,4597.39,125687.31,57260.15,0.00,281574.59,65851.28
CZ04/Nrs&0&cDXHP&Ex&HV_AirDist/NE-HV_AirDist-SupFanMtr-cDXHP-2SpClgHtg-VFDStdMtr/instance-out.sql,948631.09,63486.45,121024.16,200868.06,0.0,347425.87,0.0,100029.91,30.33,0.0,0.0,0.0,115766.29,0.0,0.0,5137.13,121024.16,58349.32,0.00,281574.59,65851.28
CZ04/Nrs&0&cDXHP&Ex&HV_AirDist/NE-HV_AirDist-SupFanMtr-cDXHP-2SpClgHtg-SRM/instance-out.sql,944902.75,63830.56,120684.57,200868.06,0.0,347425.87,0.0,96297.82,30.28,0.0,0.0,0.0,115765.6,0.0,0.0,5247.36,120684.57,58583.20,0.00,281574.59,65851.28
CZ04/OfL&0&cDXHP&Ex&HV_AirDist/NE-HV_AirDist-SupFanMtr-cDXHP-2SpClgHtg-Cnst/instance-out.sql,2824363.5700000003,44827.89,434955.86,462712.61,0.0,829334.66,0.0,931277.16,2916.16,0.0,0.0,0.0,118339.23,0.0,0.0,12003.15,434955.86,32824.74,0.00,829334.66,0.00
CZ04/OfL&0&cDXHP&Ex&HV_AirDist/NE-HV_AirDist-SupFanMtr-cDXHP-2SpClgHtg-VFDStdMtr/instance-out.sql,2260114.9699999997,53234.69,405711.6,462712.61,0.0,829334.66,0.0,388352.57,2914.6,0.0,0.0,0.0,117854.22,0.0,0.0,20418.87,405711.60,32815.82,0.00,829334.66,0.00
CZ04/OfL&0&cDXHP&Ex&HV_AirDist/NE-HV_AirDist-SupFanMtr-cDXHP-2SpClgHtg-SRM/instance-out.sql,2228867.4,54065.649999999994,402795.87,462712.61,0.0,829334.66,0.0,359193.78,2914.85,0.0,0.0,0.0,117849.98,0.0,0.0,21248.09,402795.87,32817.56,0.00,829334.66,0.00
CZ04/OfS&0&cDXHP&Ex&HV_AirDist/NE-HV_AirDist-SupFanMtr-cDXHP-2SpClgHtg-Cnst/instance-out.sql,162040.74,1810.89,23839.45,23737.13,0.0,29387.4,0.0,61365.64,1.13,0.0,0.0,0.0,21899.09,0.0,0.0,1810.89,23839.45,0.00,0.00,29387.40,0.00
CZ04/OfS&0&cDXHP&Ex&HV_AirDist/NE-HV_AirDist-SupFanMtr-cDXHP-2SpClgHtg-VFDStdMtr/instance-out.sql,124087.35,2636.3,21802.75,23737.13,0.0,29387.4,0.0,24623.5,1.13,0.0,0.0,0.0,21899.14,0.0,0.0,2636.30,21802.75,0.00,0.00,29387.40,0.00
CZ04/OfS&0&cDXHP&Ex&HV_AirDist/NE-HV_AirDist-SupFanMtr-cDXHP-2SpClgHtg-SRM/instance-out.sql,121985.34,2718.49,21600.7,23737.13,0.0,29387.4,0.0,22641.34,1.13,0.0,0.0,0.0,21899.14,0.0,0.0,2718.49,21600.70,0.00,0.00,29387.40,0.00
CZ04/RFF&0&cDXHP&Ex&HV_AirDist/NE-HV_AirDist-SupFanMtr-cDXHP-2SpClgHtg-Cnst/instance-out.sql,113120.97,1155.43,12770.0,13247.63,0.0,37903.17,0.0,22600.91,3.37,0.0,0.0,0.0,25440.46,0.0,0.0,1082.65,12770.00,72.78,0.00,18423.46,19479.71
CZ04/RFF&0&cDXHP&Ex&HV_AirDist/NE-HV_AirDist-SupFanMtr-cDXHP-2SpClgHtg-VFDStdMtr/instance-out.sql,103403.95,1364.6499999999999,12275.79,13247.63,0.0,37903.17,0.0,13168.77,3.37,0.0,0.0,0.0,25440.56,0.0,0.0,1288.29,12275.79,76.36,0.00,18423.46,19479.71
CZ04/RFF&0&cDXHP&Ex&HV_AirDist/NE-HV_AirDist-SupFanMtr-cDXHP-2SpClgHtg-SRM/instance-out.sql,102869.42,1392.47,12225.7,13247.63,0.0,37903.17,0.0,12656.51,3.37,0.0,0.0,0.0,25440.56,0.0,0.0,1316.06,12225.70,76.41,0.00,18423.46,19479.71
CZ04/RSD&0&cDXHP&Ex&HV_AirDist/NE-HV_AirDist-SupFanMtr-cDXHP-2SpClgHtg-Cnst/instance-out.sql,272388.4,33447.29,29513.57,36047.32,0.0,76546.73,0.0,31857.34,19.8,0.0,0.0,0.0,64956.35,0.0,0.0,490.65,29513.57,32956.64,0.00,37475.60,39071.13
CZ04/RSD&0&cDXHP&Ex&HV_AirDist/NE-HV_AirDist-SupFanMtr-cDXHP-2SpClgHtg-VFDStdMtr/instance-out.sql,267345.77,33578.62,29194.29,36047.32,0.0,76546.73,0.0,27003.06,19.74,0.0,0.0,0.0,64956.01,0.0,0.0,552.61,29194.29,33026.01,0.00,37475.60,39071.13
CZ04/RSD&0&cDXHP&Ex&HV_AirDist/NE-HV_AirDist-SupFanMtr-cDXHP-2SpClgHtg-SRM/instance-out.sql,267083.72,33598.57,29167.12,36047.32,0.0,76546.73,0.0,26748.06,19.74,0.0,0.0,0.0,64956.18,0.0,0.0,563.69,29167.12,33034.88,0.00,37475.60,39071.13
CZ04/Rt3&0&cDXHP&Ex&HV_AirDist/NE-HV_AirDist-SupFanMtr-cDXHP-2SpClgHtg-Cnst/instance-out.sql,2269768.88,20670.89,268261.42,774348.97,0.0,436362.0,0.0,599690.45,3.38,0.0,0.0,0.0,170431.78,0.0,0.0,16782.42,268261.42,3888.47,0.00,436362.00,0.00
CZ04/Rt3&0&cDXHP&Ex&HV_AirDist/NE-HV_AirDist-SupFanMtr-cDXHP-2SpClgHtg-VFDStdMtr/instance-out.sql,1877904.75,27564.17,241294.83,774348.97,0.0,436362.0,0.0,227898.95,3.38,0.0,0.0,0.0,170432.44,0.0,0.0,23397.28,241294.83,4166.89,0.00,436362.00,0.00
CZ04/Rt3&0&cDXHP&Ex&HV_AirDist/NE-HV_AirDist-SupFanMtr-cDXHP-2SpClgHtg-SRM/instance-out.sql,1857456.97,28229.55,239095.36,774348.97,0.0,436362.0,0.0,208985.26,3.38,0.0,0.0,0.0,170432.44,0.0,0.0,24053.02,239095.36,4176.53,0.00,436362.00,0.00
CZ04/RtL&0&cDXHP&Ex&HV_AirDist/NE-HV_AirDist-SupFanMtr-cDXHP-2SpClgHtg-Cnst/instance-out.sql,2254820.75,14137.78,276435.39,767420.15,0.0,509200.67,0.0,562150.42,3.39,0.0,0.0,0.0,125472.96,0.0,0.0,14137.03,276435.39,0.75,0.00,468847.72,40352.95
CZ04/RtL&0&cDXHP&Ex&HV_AirDist/NE-HV_AirDist-SupFanMtr-cDXHP-2SpClgHtg-VFDStdMtr/instance-out.sql,1879885.92,20753.39,247708.5,767420.15,0.0,509200.67,0.0,209326.57,3.39,0.0,0.0,0.0,125473.26,0.0,0.0,20751.46,247708.50,1.93,0.00,468847.72,40352.95
CZ04/RtL&0&cDXHP&Ex&HV_AirDist/NE-HV_AirDist-SupFanMtr-cDXHP-2SpClgHtg-SRM/instance-out.sql,1860475.6199999999,21335.4,245619.99,767420.15,0.0,509200.67,0.0,191422.78,3.39,0.0,0.0,0.0,125473.24,0.0,0.0,21333.43,245619.99,1.97,0.00,468847.72,40352.95
CZ04/RtS&0&cDXHP&Ex&HV_AirDist/NE-HV_AirDist-SupFanMtr-cDXHP-2SpClgHtg-Cnst/instance-out.sql,145574.16,2571.72,19085.61,44599.63,0.0,24440.79,0.0,39319.24,3.36,0.0,0.0,0.0,15553.81,0.0,0.0,2571.72,19085.61,0.00,0.00,24440.79,0.00
CZ04/RtS&0&cDXHP&Ex&HV_AirDist/NE-HV_AirDist-SupFanMtr-cDXHP-2SpClgHtg-VFDStdMtr/instance-out.sql,120209.23,2998.46,17316.29,44599.63,0.0,24440.79,0.0,15296.86,3.36,0.0,0.0,0.0,15553.83,0.0,0.0,2998.46,17316.29,0.00,0.00,24440.79,0.00
CZ04/RtS&0&cDXHP&Ex&HV_AirDist/NE-HV_AirDist-SupFanMtr-cDXHP-2SpClgHtg-SRM/instance-out.sql,118872.69,3058.65,17173.77,44599.63,0.0,24440.79,0.0,14042.66,3.36,0.0,0.0,0.0,15553.83,0.0,0.0,3058.65,17173.77,0.00,0.00,24440.79,0.00
CZ04/SCn&0&cDXHP&Ex&HV_AirDist/NE-HV_AirDist-SupFanMtr-cDXHP-2SpClgHtg-Cnst/instance-out.sql,3679537.37,151009.3,485926.81,850055.03,0.0,449066.39,0.0,1659527.85,3.36,0.0,0.0,0.0,83948.63,0.0,0.0,151009.30,485926.81,0.00,0.00,449066.39,0.00
CZ04/SCn&0&cDXHP&Ex&HV_AirDist/NE-HV_AirDist-SupFanMtr-cDXHP-2SpClgHtg-VFDStdMtr/instance-out.sql,2547827.13,188796.62,395243.5,850055.03,0.0,449066.39,0.0,580713.6,3.36,0.0,0.0,0.0,83948.63,0.0,0.0,188796.62,395243.50,0.00,0.00,449066.39,0.00
CZ04/SCn&0&cDXHP&Ex&HV_AirDist/NE-HV_AirDist-SupFanMtr-cDXHP-2SpClgHtg-SRM/instance-out.sql,2493035.27,192751.44,389755.32,850055.03,0.0,449066.39,0.0,527455.1,3.36,0.0,0.0,0.0,83948.63,0.0,0.0,192751.44,389755.32,0.00,0.00,449066.39,0.00
CZ04/Asm&0&cDXOH&Ex&HV_AirDist/NE-HV_AirDist-SupFanMtr-cDXOH-2SpClgHtg-Cnst/instance-out.sql,690006.11,0.0,135129.2,153727.01,0.0,145823.51,0.0,232989.38,3.36,0.0,0.0,0.0,22333.65,0.0,0.0,0.00,135129.20,0.00,0.00,145823.51,0.00
CZ04/Asm&0&cDXOH&Ex&HV_AirDist/NE-HV_AirDist-SupFanMtr-cDXOH-2SpClgHtg-VFDStdMtr/instance-out.sql,527705.08,0.0,129517.67,153727.01,0.0,145823.51,0.0,76299.88,3.36,0.0,0.0,0.0,22333.65,0.0,0.0,0.00,129517.67,0.00,0.00,145823.51,0.00
CZ04/Asm&0&cDXOH&Ex&HV_AirDist/NE-HV_AirDist-SupFanMtr-cDXOH-2SpClgHtg-SRM/instance-out.sql,519440.52999999997,0.0,128634.19,153727.01,0.0,145823.51,0.0,68918.79,3.36,0.0,0.0,0.0,22333.67,0.0,0.0,0.00,128634.19,0.00,0.00,145823.51,0.00
CZ04/ECC&0&cDXOH&Ex&HV_AirDist/NE-HV_AirDist-SupFanMtr-cDXOH-2SpClgHtg-Cnst/instance-out.sql,2732312.73,1154.52,320540.25,358430.2,0.0,1013813.91,0.0,597852.69,919.2,0.0,0.0,0.0,439601.95,0.0,0.0,0.00,320540.25,1154.52,0.00,945189.93,68623.98
CZ04/ECC&0&cDXOH&Ex&HV_AirDist/NE-HV_AirDist-SupFanMtr-cDXOH-2SpClgHtg-VFDStdMtr/instance-out.sql,2362613.68,1237.54,297643.37,358430.2,0.0,1013813.91,0.0,250977.75,907.47,0.0,0.0,0.0,439603.44,0.0,0.0,0.00,297643.37,1237.54,0.00,945189.93,68623.98
CZ04/ECC&0&cDXOH&Ex&HV_AirDist/NE-HV_AirDist-SupFanMtr-cDXOH-2SpClgHtg-SRM/instance-out.sql,2343171.11,1241.82,295457.52,358430.2,0.0,1013813.91,0.0,233717.28,906.95,0.0,0.0,0.0,439603.43,0.0,0.0,0.00,295457.52,1241.82,0.00,945189.93,68623.98
CZ04/EPr&0&cDXOH&Ex&HV_AirDist/NE-HV_AirDist-SupFanMtr-cDXOH-2SpClgHtg-Cnst/instance-out.sql,415036.89,0.15,53295.52,64700.97,0.0,125897.03,0.0,87083.23,3.37,0.0,0.0,0.0,84056.61,0.0,0.0,0.00,53295.52,0.15,0.00,83226.75,42670.28
CZ04/EPr&0&cDXOH&Ex&HV_AirDist/NE-HV_AirDist-SupFanMtr-cDXOH-2SpClgHtg-VFDStdMtr/instance-out.sql,361459.32,0.15,50098.44,64700.97,0.0,125897.03,0.0,36702.64,3.37,0.0,0.0,0.0,84056.73,0.0,0.0,0.00,50098.44,0.15,0.00,83226.75,42670.28
CZ04/EPr&0&cDXOH&Ex&HV_AirDist/NE-HV_AirDist-SupFanMtr-cDXOH-2SpClgHtg-SRM/instance-out.sql,358727.06,0.15,49778.6,64700.97,0.0,125897.03,0.0,34290.21,3.37,0.0,0.0,0.0,84056.73,0.0,0.0,0.00,49778.60,0.15,0.00,83226.75,42670.28
CZ04/ERC&0&cDXOH&Ex&HV_AirDist/NE-HV_AirDist-SupFanMtr-cDXOH-2SpClgHtg-Cnst/instance-out.sql,19574.690000000002,0.0,1861.35,2224.35,0.0,2196.82,0.0,4060.8,3.36,0.0,0.0,0.0,9228.01,0.0,0.0,0.00,1861.35,0.00,0.00,2196.82,0.00
CZ04/ERC&0&cDXOH&Ex&HV_AirDist/NE-HV_AirDist-SupFanMtr-cDXOH-2SpClgHtg-VFDStdMtr/instance-out.sql,16497.59,0.0,1663.22,2224.35,0.0,2196.82,0.0,1181.88,3.36,0.0,0.0,0.0,9227.96,0.0,0.0,0.00,1663.22,0.00,0.00,2196.82,0.00
CZ04/ERC&0&cDXOH&Ex&HV_AirDist/NE-HV_AirDist-SupFanMtr-cDXOH-2SpClgHtg-SRM/instance-out.sql,16352.189999999999,0.0,1647.91,2224.35,0.0,2196.82,0.0,1051.8,3.36,0.0,0.0,0.0,9227.96,0.0,0.0,0.00,1647.91,0.00,0.00,2196.82,0.00
CZ04/ESe&0&cDXOH&Ex&HV_AirDist/NE-HV_AirDist-SupFanMtr-cDXOH-2SpClgHtg-Cnst/instance-out.sql,1309645.28,140959.31,155595.13,197959.32,0.0,323176.74,0.0,261954.24,3.39,0.0,0.0,0.0,229997.14,0.0,0.0,0.00,155595.13,140959.31,0.00,259085.82,64090.92
CZ04/ESe&0&cDXOH&Ex&HV_AirDist/NE-HV_AirDist-SupFanMtr-cDXOH-2SpClgHtg-VFDStdMtr/instance-out.sql,1247217.93,141643.21,151629.89,197959.32,0.0,323176.74,0.0,202807.77,3.39,0.0,0.0,0.0,229997.61,0.0,0.0,0.00,151629.89,141643.21,0.00,259085.82,64090.92
CZ04/ESe&0&cDXOH&Ex&HV_AirDist/NE-HV_AirDist-SupFanMtr-cDXOH-2SpClgHtg-SRM/instance-out.sql,1243930.92,141668.63,151247.44,197959.32,0.0,323176.74,0.0,199877.79,3.39,0.0,0.0,0.0,229997.61,0.0,0.0,0.00,151247.44,141668.63,0.00,259085.82,64090.92
CZ04/EUn&0&cDXOH&Ex&HV_AirDist/NE-HV_AirDist-SupFanMtr-cDXOH-2SpClgHtg-Cnst/instance-out.sql,8756580.52,24532.39,1001221.33,1277404.75,0.0,3682881.23,0.0,2027013.95,3.37,0.0,0.0,0.0,743523.5,0.0,0.0,0.00,1001221.33,24532.39,0.00,3555459.15,127422.08
CZ04/EUn&0&cDXOH&Ex&HV_AirDist/NE-HV_AirDist-SupFanMtr-cDXOH-2SpClgHtg-VFDStdMtr/instance-out.sql,7549597.72,26923.76,938618.49,1277404.75,0.0,3682881.23,0.0,880238.28,3.37,0.0,0.0,0.0,743527.83,0.0,0.0,0.00,938618.49,26923.76,0.00,3555459.15,127422.08
CZ04/EUn&0&cDXOH&Ex&HV_AirDist/NE-HV_AirDist-SupFanMtr-cDXOH-2SpClgHtg-SRM/instance-out.sql,7485256.4,27004.62,932164.15,1277404.75,0.0,3682881.23,0.0,822270.48,3.37,0.0,0.0,0.0,743527.8,0.0,0.0,0.00,932164.15,27004.62,0.00,3555459.15,127422.08
CZ04/Gro&0&cDXOH&Ex&HV_AirDist/NE-HV_AirDist-SupFanMtr-cDXOH-2SpClgHtg-Cnst/instance-out.sql
CZ04/Gro&0&cDXOH&Ex&HV_AirDist/NE-HV_AirDist-SupFanMtr-cDXOH-2SpClgHtg-VFDStdMtr/instance-out.sql
CZ04/Gro&0&cDXOH&Ex&HV_AirDist/NE-HV_AirDist-SupFanMtr-cDXOH-2SpClgHtg-SRM/instance-out.sql
CZ04/Hsp&0&cDXOH&Ex&HV_AirDist/NE-HV_AirDist-SupFanMtr-cDXOH-2SpClgHtg-Cnst/instance-out.sql,4111505.58,332702.82,852477.16,856282.21,0.0,1182847.3,0.0,586094.21,41849.45,0.0,0.0,0.0,259252.43,0.0,0.0,0.00,852477.16,332702.82,0.00,1139112.10,43735.20
CZ04/Hsp&0&cDXOH&Ex&HV_AirDist/NE-HV_AirDist-SupFanMtr-cDXOH-2SpClgHtg-VFDStdMtr/instance-out.sql,3900651.3,345297.3,839812.43,856282.21,0.0,1182847.3,0.0,375488.36,41666.48,0.0,0.0,0.0,259257.23,0.0,0.0,0.00,839812.43,345297.30,0.00,1139112.10,43735.20
CZ04/Hsp&0&cDXOH&Ex&HV_AirDist/NE-HV_AirDist-SupFanMtr-cDXOH-2SpClgHtg-SRM/instance-out.sql,3889848.38,345864.08,838669.29,856282.21,0.0,1182847.3,0.0,365275.94,41651.57,0.0,0.0,0.0,259258.0,0.0,0.0,0.00,838669.29,345864.08,0.00,1139112.10,43735.20
CZ04/MBT&0&cDXOH&Ex&HV_AirDist/NE-HV_AirDist-SupFanMtr-cDXOH-2SpClgHtg-Cnst/instance-out.sql,7068442.54,2569314.9,443905.09,709539.71,0.0,2167645.51,0.0,1005466.52,592.08,0.0,0.0,0.0,171978.73,0.0,0.0,0.00,443905.09,2569314.90,0.00,1394057.91,773587.60
CZ04/MBT&0&cDXOH&Ex&HV_AirDist/NE-HV_AirDist-SupFanMtr-cDXOH-2SpClgHtg-VFDStdMtr/instance-out.sql,6826393.23,2580662.19,431342.8,709539.71,0.0,2167645.51,0.0,764633.48,590.38,0.0,0.0,0.0,171979.16,0.0,0.0,0.00,431342.80,2580662.19,0.00,1394057.91,773587.60
CZ04/MBT&0&cDXOH&Ex&HV_AirDist/NE-HV_AirDist-SupFanMtr-cDXOH-2SpClgHtg-SRM/instance-out.sql,6814369.390000001,2581109.55,430194.62,709539.71,0.0,2167645.51,0.0,753310.66,590.18,0.0,0.0,0.0,171979.16,0.0,0.0,0.00,430194.62,2581109.55,0.00,1394057.91,773587.60
CZ04/MLI&0&cDXOH&Ex&HV_AirDist/NE-HV_AirDist-SupFanMtr-cDXOH-2SpClgHtg-Cnst/instance-out.sql,1057755.83,0.0,125664.24,283149.19,0.0,239893.0,0.0,361049.86,3.37,0.0,0.0,0.0,47996.17,0.0,0.0,0.00,125664.24,0.00,0.00,239893.00,0.00
CZ04/MLI&0&cDXOH&Ex&HV_AirDist/NE-HV_AirDist-SupFanMtr-cDXOH-2SpClgHtg-VFDStdMtr/instance-out.sql,772768.8500000001,0.0,109168.6,283149.19,0.0,239893.0,0.0,92558.52,3.37,0.0,0.0,0.0,47996.17,0.0,0.0,0.00,109168.60,0.00,0.00,239893.00,0.00
CZ04/MLI&0&cDXOH&Ex&HV_AirDist/NE-HV_AirDist-SupFanMtr-cDXOH-2SpClgHtg-SRM/instance-out.sql,760173.0900000001,0.0,108025.52,283149.19,0.0,239893.0,0.0,81105.84,3.37,0.0,0.0,0.0,47996.17,0.0,0.0,0.00,108025.52,0.00,0.00,239893.00,0.00
CZ04/Mtl&0&cDXOH&Ex&HV_AirDist/NE-HV_AirDist-SupFanMtr-cDXOH-2SpClgHtg-Cnst/instance-out.sql,174877.73,2116.93,32845.19,51285.47,0.0,22443.33,0.0,58450.86,3.36,0.0,0.0,0.0,7732.58,0.0,0.0,0.00,32845.19,2116.93,0.00,22191.36,251.97
CZ04/Mtl&0&cDXOH&Ex&HV_AirDist/NE-HV_AirDist-SupFanMtr-cDXOH-2SpClgHtg-VFDStdMtr/instance-out.sql,132865.53,3848.06,30045.16,51285.47,0.0,22443.33,0.0,17507.56,3.36,0.0,0.0,0.0,7732.58,0.0,0.0,0.00,30045.16,3848.06,0.00,22191.36,251.97
CZ04/Mtl&0&cDXOH&Ex&HV_AirDist/NE-HV_AirDist-SupFanMtr-cDXOH-2SpClgHtg-SRM/instance-out.sql,130875.56,3917.31,29827.04,51285.47,0.0,22443.33,0.0,15666.45,3.36,0.0,0.0,0.0,7732.58,0.0,0.0,0.00,29827.04,3917.31,0.00,22191.36,251.97
CZ04/Nrs&0&cDXOH&Ex&HV_AirDist/NE-HV_AirDist-SupFanMtr-cDXOH-2SpClgHtg-Cnst/instance-out.sql,1021128.79,62194.55,124307.42,200868.06,0.0,347425.87,0.0,170303.17,29.81,0.0,0.0,0.0,115999.92,0.0,0.0,0.00,124307.42,62194.55,0.00,281574.59,65851.28
CZ04/Nrs&0&cDXOH&Ex&HV_AirDist/NE-HV_AirDist-SupFanMtr-cDXOH-2SpClgHtg-VFDStdMtr/instance-out.sql,945064.44,66699.28,120290.25,200868.06,0.0,347425.87,0.0,93847.6,31.0,0.0,0.0,0.0,115902.39,0.0,0.0,0.00,120290.25,66699.28,0.00,281574.59,65851.28
CZ04/Nrs&0&cDXOH&Ex&HV_AirDist/NE-HV_AirDist-SupFanMtr-cDXOH-2SpClgHtg-SRM/instance-out.sql,941355.3200000001,67046.48,119915.35,200868.06,0.0,347425.87,0.0,90113.05,30.99,0.0,0.0,0.0,115955.52,0.0,0.0,0.00,119915.35,67046.48,0.00,281574.59,65851.28
CZ04/OfL&0&cDXOH&Ex&HV_AirDist/NE-HV_AirDist-SupFanMtr-cDXOH-2SpClgHtg-Cnst/instance-out.sql,2798084.58,32872.51,424697.17,462712.61,0.0,829334.66,0.0,927214.23,2916.76,0.0,0.0,0.0,118336.65,0.0,0.0,0.00,424697.17,32872.51,0.00,829334.66,0.00
CZ04/OfL&0&cDXOH&Ex&HV_AirDist/NE-HV_AirDist-SupFanMtr-cDXOH-2SpClgHtg-VFDStdMtr/instance-out.sql,2175718.44,32871.0,395131.88,462712.61,0.0,829334.66,0.0,334411.58,2916.87,0.0,0.0,0.0,118339.83,0.0,0.0,0.00,395131.88,32871.00,0.00,829334.66,0.00
CZ04/OfL&0&cDXOH&Ex&HV_AirDist/NE-HV_AirDist-SupFanMtr-cDXOH-2SpClgHtg-SRM/instance-out.sql,2142291.44,32871.9,392122.22,462712.61,0.0,829334.66,0.0,303995.9,2916.98,0.0,0.0,0.0,118337.17,0.0,0.0,0.00,392122.22,32871.90,0.00,829334.66,0.00
CZ04/OfS&0&cDXOH&Ex&HV_AirDist/NE-HV_AirDist-SupFanMtr-cDXOH-2SpClgHtg-Cnst/instance-out.sql,159480.31,0.0,23396.49,23737.13,0.0,29387.4,0.0,61059.05,1.13,0.0,0.0,0.0,21899.09,0.0,0.0,0.00,23396.49,0.00,0.00,29387.40,0.00
CZ04/OfS&0&cDXOH&Ex&HV_AirDist/NE-HV_AirDist-SupFanMtr-cDXOH-2SpClgHtg-VFDStdMtr/instance-out.sql,116009.38,0.0,21331.83,23737.13,0.0,29387.4,0.0,19652.78,1.13,0.0,0.0,0.0,21899.11,0.0,0.0,0.00,21331.83,0.00,0.00,29387.40,0.00
CZ04/OfS&0&cDXOH&Ex&HV_AirDist/NE-HV_AirDist-SupFanMtr-cDXOH-2SpClgHtg-SRM/instance-out.sql,113792.54,0.0,21129.72,23737.13,0.0,29387.4,0.0,17638.04,1.13,0.0,0.0,0.0,21899.11,0.0,0.0,0.00,21129.72,0.00,0.00,29387.40,0.00
CZ04/RFF&0&cDXOH&Ex&HV_AirDist/NE-HV_AirDist-SupFanMtr-cDXOH-2SpClgHtg-Cnst/instance-out.sql,111653.65,117.73,12562.51,13247.63,0.0,37903.17,0.0,22378.75,3.37,0.0,0.0,0.0,25440.48,0.0,0.0,0.00,12562.51,117.73,0.00,18423.46,19479.71
CZ04/RFF&0&cDXOH&Ex&HV_AirDist/NE-HV_AirDist-SupFanMtr-cDXOH-2SpClgHtg-VFDStdMtr/instance-out.sql,100445.82,153.76,12066.32,13247.63,0.0,37903.17,0.0,11631.05,3.37,0.0,0.0,0.0,25440.52,0.0,0.0,0.00,12066.32,153.76,0.00,18423.46,19479.71
CZ04/RFF&0&cDXOH&Ex&HV_AirDist/NE-HV_AirDist-SupFanMtr-cDXOH-2SpClgHtg-SRM/instance-out.sql,99896.32,155.13,12016.62,13247.63,0.0,37903.17,0.0,11129.87,3.37,0.0,0.0,0.0,25440.52,0.0,0.0,0.00,12016.62,155.13,0.00,18423.46,19479.71
CZ04/RSD&0&cDXOH&Ex&HV_AirDist/NE-HV_AirDist-SupFanMtr-cDXOH-2SpClgHtg-Cnst/instance-out.sql,272113.57999999996,33280.43,29403.47,36047.32,0.0,76546.73,0.0,31859.83,19.45,0.0,0.0,0.0,64956.35,0.0,0.0,0.00,29403.47,33280.43,0.00,37475.60,39071.13
CZ04/RSD&0&cDXOH&Ex&HV_AirDist/NE-HV_AirDist-SupFanMtr-cDXOH-2SpClgHtg-VFDStdMtr/instance-out.sql,266615.22,33499.43,29076.25,36047.32,0.0,76546.73,0.0,26469.6,19.49,0.0,0.0,0.0,64956.4,0.0,0.0,0.00,29076.25,33499.43,0.00,37475.60,39071.13
CZ04/RSD&0&cDXOH&Ex&HV_AirDist/NE-HV_AirDist-SupFanMtr-cDXOH-2SpClgHtg-SRM/instance-out.sql,266345.94,33508.73,29048.5,36047.32,0.0,76546.73,0.0,26218.78,19.49,0.0,0.0,0.0,64956.4,0.0,0.0,0.00,29048.50,33508.73,0.00,37475.60,39071.13
CZ04/Rt3&0&cDXOH&Ex&HV_AirDist/NE-HV_AirDist-SupFanMtr-cDXOH-2SpClgHtg-Cnst/instance-out.sql,2239700.2800000003,4218.43,257538.78,774348.97,0.0,436362.0,0.0,596796.94,3.38,0.0,0.0,0.0,170431.78,0.0,0.0,0.00,257538.78,4218.43,0.00,436362.00,0.00
CZ04/Rt3&0&cDXOH&Ex&HV_AirDist/NE-HV_AirDist-SupFanMtr-cDXOH-2SpClgHtg-VFDStdMtr/instance-out.sql,1817548.91,5026.24,233280.02,774348.97,0.0,436362.0,0.0,198096.35,3.38,0.0,0.0,0.0,170431.95,0.0,0.0,0.00,233280.02,5026.24,0.00,436362.00,0.00
CZ04/Rt3&0&cDXOH&Ex&HV_AirDist/NE-HV_AirDist-SupFanMtr-cDXOH-2SpClgHtg-SRM/instance-out.sql,1796504.87,5063.59,231124.62,774348.97,0.0,436362.0,0.0,179170.36,3.38,0.0,0.0,0.0,170431.95,0.0,0.0,0.00,231124.62,5063.59,0.00,436362.00,0.00
CZ04/RtL&0&cDXOH&Ex&HV_AirDist/NE-HV_AirDist-SupFanMtr-cDXOH-2SpClgHtg-Cnst/instance-out.sql,2218649.5,6.51,264622.9,767420.15,0.0,509200.67,0.0,551922.9,3.39,0.0,0.0,0.0,125472.98,0.0,0.0,0.00,264622.90,6.51,0.00,468847.72,40352.95
CZ04/RtL&0&cDXOH&Ex&HV_AirDist/NE-HV_AirDist-SupFanMtr-cDXOH-2SpClgHtg-VFDStdMtr/instance-out.sql,1830973.73,38.5,242005.34,767420.15,0.0,509200.67,0.0,186832.59,3.39,0.0,0.0,0.0,125473.1,0.0,0.0,0.00,242005.34,38.50,0.00,468847.72,40352.95
CZ04/RtL&0&cDXOH&Ex&HV_AirDist/NE-HV_AirDist-SupFanMtr-cDXOH-2SpClgHtg-SRM/instance-out.sql,1811486.68,40.23,239956.43,767420.15,0.0,509200.67,0.0,169392.72,3.39,0.0,0.0,0.0,125473.1,0.0,0.0,0.00,239956.43,40.23,0.00,468847.72,40352.95
CZ04/RtS&0&cDXOH&Ex&HV_AirDist/NE-HV_AirDist-SupFanMtr-cDXOH-2SpClgHtg-Cnst/instance-out.sql,140650.54,0.0,18288.26,44599.63,0.0,24440.79,0.0,37764.69,3.36,0.0,0.0,0.0,15553.8,0.0,0.0,0.00,18288.26,0.00,0.00,24440.79,0.00
CZ04/RtS&0&cDXOH&Ex&HV_AirDist/NE-HV_AirDist-SupFanMtr-cDXOH-2SpClgHtg-VFDStdMtr/instance-out.sql,112711.23000000001,0.0,16715.05,44599.63,0.0,24440.79,0.0,11398.58,3.36,0.0,0.0,0.0,15553.82,0.0,0.0,0.00,16715.05,0.00,0.00,24440.79,0.00
CZ04/RtS&0&cDXOH&Ex&HV_AirDist/NE-HV_AirDist-SupFanMtr-cDXOH-2SpClgHtg-SRM/instance-out.sql,111364.60999999999,0.0,16580.02,44599.63,0.0,24440.79,0.0,10186.98,3.36,0.0,0.0,0.0,15553.82,0.0,0.0,0.00,16580.02,0.00,0.00,24440.79,0.00
CZ04/SCn&0&cDXOH&Ex&HV_AirDist/NE-HV_AirDist-SupFanMtr-cDXOH-2SpClgHtg-Cnst/instance-out.sql,2858324.62,0.0,403176.71,850055.03,0.0,449066.39,0.0,1072074.51,3.36,0.0,0.0,0.0,83948.63,0.0,0.0,0.00,403176.71,0.00,0.00,449066.39,0.00
CZ04/SCn&0&cDXOH&Ex&HV_AirDist/NE-HV_AirDist-SupFanMtr-cDXOH-2SpClgHtg-VFDStdMtr/instance-out.sql,1987939.2799999998,0.0,346943.8,850055.03,0.0,449066.39,0.0,257922.07,3.36,0.0,0.0,0.0,83948.63,0.0,0.0,0.00,346943.80,0.00,0.00,449066.39,0.00
CZ04/SCn&0&cDXOH&Ex&HV_AirDist/NE-HV_AirDist-SupFanMtr-cDXOH-2SpClgHtg-SRM/instance-out.sql,1952529.9900000002,0.0,343671.08,850055.03,0.0,449066.39,0.0,225785.51,3.36,0.0,0.0,0.0,83948.63,0.0,0.0,0.00,343671.08,0.00,0.00,449066.39,0.00
CZ05/Asm&0&cDXGF&Ex&HV_AirDist/NE-HV_AirDist-SupFanMtr-cDXGF-2SpClgHtg-Cnst/instance-out.sql,742077.0800000001,159602.15,45053.98,153727.01,0.0,145823.51,0.0,214949.92,3.36,0.0,0.0,0.0,22917.16,0.0,0.0,0.00,45053.98,159602.15,0.00,145823.51,0.00
CZ05/Asm&0&cDXGF&Ex&HV_AirDist/NE-HV_AirDist-SupFanMtr-cDXGF-2SpClgHtg-VFDStdMtr/instance-out.sql,598942.3300000001,152900.12,47217.97,153727.01,0.0,145823.51,0.0,76353.28,3.36,0.0,0.0,0.0,22917.09,0.0,0.0,0.00,47217.97,152900.12,0.00,145823.51,0.00
CZ05/Asm&0&cDXGF&Ex&HV_AirDist/NE-HV_AirDist-SupFanMtr-cDXGF-2SpClgHtg-SRM/instance-out.sql,594283.9099999999,156017.83,46492.3,153727.01,0.0,145823.51,0.0,69302.8,3.36,0.0,0.0,0.0,22917.09,0.0,0.0,0.00,46492.30,156017.83,0.00,145823.51,0.00
CZ05/ECC&0&cDXGF&Ex&HV_AirDist/NE-HV_AirDist-SupFanMtr-cDXGF-2SpClgHtg-Cnst/instance-out.sql,2597251.62,61580.24,132673.4,358430.2,0.0,1013813.91,0.0,573070.44,825.2,0.0,0.0,0.0,456858.22,0.0,0.0,0.00,132673.40,61580.24,0.00,945189.93,68623.98
CZ05/ECC&0&cDXGF&Ex&HV_AirDist/NE-HV_AirDist-SupFanMtr-cDXGF-2SpClgHtg-VFDStdMtr/instance-out.sql,2313268.19,104260.45,128364.94,358430.2,0.0,1013813.91,0.0,250719.46,818.84,0.0,0.0,0.0,456860.37,0.0,0.0,0.00,128364.94,104260.45,0.00,945189.93,68623.98
CZ05/ECC&0&cDXGF&Ex&HV_AirDist/NE-HV_AirDist-SupFanMtr-cDXGF-2SpClgHtg-SRM/instance-out.sql,2298563.08,107612.98,126913.8,358430.2,0.0,1013813.91,0.0,234113.18,818.68,0.0,0.0,0.0,456860.32,0.0,0.0,0.00,126913.80,107612.98,0.00,945189.93,68623.98
CZ05/EPr&0&cDXGF&Ex&HV_AirDist/NE-HV_AirDist-SupFanMtr-cDXGF-2SpClgHtg-Cnst/instance-out.sql,402757.6,21961.01,24400.39,64700.97,0.0,125897.03,0.0,78614.87,3.37,0.0,0.0,0.0,87179.95,0.0,0.0,0.00,24400.39,21961.01,0.00,83226.75,42670.28
CZ05/EPr&0&cDXGF&Ex&HV_AirDist/NE-HV_AirDist-SupFanMtr-cDXGF-2SpClgHtg-VFDStdMtr/instance-out.sql,365891.80000000005,29224.3,24085.05,64700.97,0.0,125897.03,0.0,34800.87,3.37,0.0,0.0,0.0,87180.2,0.0,0.0,0.00,24085.05,29224.30,0.00,83226.75,42670.28
CZ05/EPr&0&cDXGF&Ex&HV_AirDist/NE-HV_AirDist-SupFanMtr-cDXGF-2SpClgHtg-SRM/instance-out.sql,364111.65,29927.81,23859.32,64700.97,0.0,125897.03,0.0,32542.95,3.37,0.0,0.0,0.0,87180.21,0.0,0.0,0.00,23859.32,29927.81,0.00,83226.75,42670.28
CZ05/ERC&0&cDXGF&Ex&HV_AirDist/NE-HV_AirDist-SupFanMtr-cDXGF-2SpClgHtg-Cnst/instance-out.sql,19421.61,1700.0,486.41,2224.35,0.0,2196.82,0.0,3469.19,3.36,0.0,0.0,0.0,9341.48,0.0,0.0,0.00,486.41,1700.00,0.00,2196.82,0.00
CZ05/ERC&0&cDXGF&Ex&HV_AirDist/NE-HV_AirDist-SupFanMtr-cDXGF-2SpClgHtg-VFDStdMtr/instance-out.sql,17968.35,2487.15,449.45,2224.35,0.0,2196.82,0.0,1265.73,3.36,0.0,0.0,0.0,9341.49,0.0,0.0,0.00,449.45,2487.15,0.00,2196.82,0.00
CZ05/ERC&0&cDXGF&Ex&HV_AirDist/NE-HV_AirDist-SupFanMtr-cDXGF-2SpClgHtg-SRM/instance-out.sql,17900.49,2542.38,441.62,2224.35,0.0,2196.82,0.0,1150.48,3.36,0.0,0.0,0.0,9341.49,0.0,0.0,0.00,441.62,2542.38,0.00,2196.82,0.00
CZ05/ESe&0&cDXGF&Ex&HV_AirDist/NE-HV_AirDist-SupFanMtr-cDXGF-2SpClgHtg-Cnst/instance-out.sql,1184551.6099999999,124234.17,61363.72,197959.32,0.0,323176.74,0.0,239571.44,3.39,0.0,0.0,0.0,238242.82,0.0,0.0,0.00,61363.72,124234.17,0.00,259085.82,64090.92
CZ05/ESe&0&cDXGF&Ex&HV_AirDist/NE-HV_AirDist-SupFanMtr-cDXGF-2SpClgHtg-VFDStdMtr/instance-out.sql,1138314.97,131703.55,60919.04,197959.32,0.0,323176.74,0.0,186309.34,3.39,0.0,0.0,0.0,238243.59,0.0,0.0,0.00,60919.04,131703.55,0.00,259085.82,64090.92
CZ05/ESe&0&cDXGF&Ex&HV_AirDist/NE-HV_AirDist-SupFanMtr-cDXGF-2SpClgHtg-SRM/instance-out.sql,1135872.6400000001,132285.08,60646.61,197959.32,0.0,323176.74,0.0,183557.92,3.39,0.0,0.0,0.0,238243.58,0.0,0.0,0.00,60646.61,132285.08,0.00,259085.82,64090.92
CZ05/EUn&0&cDXGF&Ex&HV_AirDist/NE-HV_AirDist-SupFanMtr-cDXGF-2SpClgHtg-Cnst/instance-out.sql,8329223.86,171146.13,461921.94,1277404.75,0.0,3682881.23,0.0,1964539.4,3.37,0.0,0.0,0.0,771327.03,0.0,0.0,0.00,461921.94,171146.13,0.00,3555459.15,127422.08
CZ05/EUn&0&cDXGF&Ex&HV_AirDist/NE-HV_AirDist-SupFanMtr-cDXGF-2SpClgHtg-VFDStdMtr/instance-out.sql,7395425.720000001,314701.22,455077.59,1277404.75,0.0,3682881.23,0.0,894023.8,3.37,0.0,0.0,0.0,771333.76,0.0,0.0,0.00,455077.59,314701.22,0.00,3555459.15,127422.08
CZ05/EUn&0&cDXGF&Ex&HV_AirDist/NE-HV_AirDist-SupFanMtr-cDXGF-2SpClgHtg-SRM/instance-out.sql,7343579.699999999,324794.65,450107.71,1277404.75,0.0,3682881.23,0.0,837054.21,3.37,0.0,0.0,0.0,771333.79,0.0,0.0,0.00,450107.71,324794.65,0.00,3555459.15,127422.08
CZ05/Gro&0&cDXGF&Ex&HV_AirDist/NE-HV_AirDist-SupFanMtr-cDXGF-2SpClgHtg-Cnst/instance-out.sql,1989085.5,123319.59,13578.78,249218.65,0.0,177584.03,0.0,176429.71,3.38,0.0,0.0,0.0,61786.93,1187164.41,0.0,0.00,13578.78,123319.59,0.00,177584.03,0.00
CZ05/Gro&0&cDXGF&Ex&HV_AirDist/NE-HV_AirDist-SupFanMtr-cDXGF-2SpClgHtg-VFDStdMtr/instance-out.sql,1918411.96,179203.33,10382.35,249218.65,0.0,177584.03,0.0,57952.81,3.38,0.0,0.0,0.0,61786.93,1182280.48,0.0,0.00,10382.35,179203.33,0.00,177584.03,0.00
CZ05/Gro&0&cDXGF&Ex&HV_AirDist/NE-HV_AirDist-SupFanMtr-cDXGF-2SpClgHtg-SRM/instance-out.sql,1916062.28,182690.07,10118.71,249218.65,0.0,177584.03,0.0,52357.05,3.38,0.0,0.0,0.0,61786.93,1182303.44,0.0,0.00,10118.71,182690.07,0.00,177584.03,0.00
CZ05/Hsp&0&cDXGF&Ex&HV_AirDist/NE-HV_AirDist-SupFanMtr-cDXGF-2SpClgHtg-Cnst/instance-out.sql,3480375.16,244281.53,429219.31,856282.21,0.0,1182847.3,0.0,465421.25,33846.09,0.0,0.0,0.0,268477.47,0.0,0.0,0.00,429219.31,244281.53,0.00,1139112.10,43735.20
CZ05/Hsp&0&cDXGF&Ex&HV_AirDist/NE-HV_AirDist-SupFanMtr-cDXGF-2SpClgHtg-VFDStdMtr/instance-out.sql,3305480.77,265411.99,426169.81,856282.21,0.0,1182847.3,0.0,272472.58,33822.15,0.0,0.0,0.0,268474.73,0.0,0.0,0.00,426169.81,265411.99,0.00,1139112.10,43735.20
CZ05/Hsp&0&cDXGF&Ex&HV_AirDist/NE-HV_AirDist-SupFanMtr-cDXGF-2SpClgHtg-SRM/instance-out.sql,3296248.63,266770.19,425386.89,856282.21,0.0,1182847.3,0.0,262667.66,33821.93,0.0,0.0,0.0,268472.45,0.0,0.0,0.00,425386.89,266770.19,0.00,1139112.10,43735.20
CZ05/MBT&0&cDXGF&Ex&HV_AirDist/NE-HV_AirDist-SupFanMtr-cDXGF-2SpClgHtg-Cnst/instance-out.sql,6747854.52,2579874.83,119916.49,709539.71,0.0,2167645.51,0.0,992292.32,556.07,0.0,0.0,0.0,178029.59,0.0,0.0,0.00,119916.49,2579874.83,0.00,1394057.91,773587.60
CZ05/MBT&0&cDXGF&Ex&HV_AirDist/NE-HV_AirDist-SupFanMtr-cDXGF-2SpClgHtg-VFDStdMtr/instance-out.sql,6570509.1,2619167.42,116645.68,709539.71,0.0,2167645.51,0.0,778924.73,555.67,0.0,0.0,0.0,178030.39,0.0,0.0,0.00,116645.68,2619167.42,0.00,1394057.91,773587.60
CZ05/MBT&0&cDXGF&Ex&HV_AirDist/NE-HV_AirDist-SupFanMtr-cDXGF-2SpClgHtg-SRM/instance-out.sql,6562269.380000001,2622126.87,115872.28,709539.71,0.0,2167645.51,0.0,768498.95,555.64,0.0,0.0,0.0,178030.42,0.0,0.0,0.00,115872.28,2622126.87,0.00,1394057.91,773587.60
CZ05/MLI&0&cDXGF&Ex&HV_AirDist/NE-HV_AirDist-SupFanMtr-cDXGF-2SpClgHtg-Cnst/instance-out.sql,1066067.06,97244.85,36665.04,283149.19,0.0,239893.0,0.0,359566.02,3.37,0.0,0.0,0.0,49545.59,0.0,0.0,0.00,36665.04,97244.85,0.00,239893.00,0.00
CZ05/MLI&0&cDXGF&Ex&HV_AirDist/NE-HV_AirDist-SupFanMtr-cDXGF-2SpClgHtg-VFDStdMtr/instance-out.sql,891984.38,177070.39,29985.22,283149.19,0.0,239893.0,0.0,112337.38,3.37,0.0,0.0,0.0,49545.83,0.0,0.0,0.00,29985.22,177070.39,0.00,239893.00,0.00
CZ05/MLI&0&cDXGF&Ex&HV_AirDist/NE-HV_AirDist-SupFanMtr-cDXGF-2SpClgHtg-SRM/instance-out.sql,884880.95,182141.72,29268.4,283149.19,0.0,239893.0,0.0,100879.44,3.37,0.0,0.0,0.0,49545.83,0.0,0.0,0.00,29268.40,182141.72,0.00,239893.00,0.00
CZ05/Mtl&0&cDXGF&Ex&HV_AirDist/NE-HV_AirDist-SupFanMtr-cDXGF-2SpClgHtg-Cnst/instance-out.sql,169664.31999999998,15912.86,13533.04,51285.47,0.0,22443.33,0.0,58708.84,3.36,0.0,0.0,0.0,7777.4,0.0,0.0,0.00,13533.04,15912.86,0.00,22191.36,251.97
CZ05/Mtl&0&cDXGF&Ex&HV_AirDist/NE-HV_AirDist-SupFanMtr-cDXGF-2SpClgHtg-VFDStdMtr/instance-out.sql,140689.08000000002,26115.54,12700.36,51285.47,0.0,22443.33,0.0,20363.61,3.36,0.0,0.0,0.0,7777.4,0.0,0.0,0.00,12700.36,26115.54,0.00,22191.36,251.97
CZ05/Mtl&0&cDXGF&Ex&HV_AirDist/NE-HV_AirDist-SupFanMtr-cDXGF-2SpClgHtg-SRM/instance-out.sql,139346.72,26794.65,12544.47,51285.47,0.0,22443.33,0.0,18498.02,3.36,0.0,0.0,0.0,7777.4,0.0,0.0,0.00,12544.47,26794.65,0.00,22191.36,251.97
CZ05/Nrs&0&cDXGF&Ex&HV_AirDist/NE-HV_AirDist-SupFanMtr-cDXGF-2SpClgHtg-Cnst/instance-out.sql,940774.51,48748.43,66618.79,200868.06,0.0,347425.87,0.0,156381.06,33.73,0.0,0.0,0.0,120698.56,0.0,0.0,0.00,66618.79,48748.43,0.00,281574.59,65851.28
CZ05/Nrs&0&cDXGF&Ex&HV_AirDist/NE-HV_AirDist-SupFanMtr-cDXGF-2SpClgHtg-VFDStdMtr/instance-out.sql,875464.21,57425.64,65817.99,200868.06,0.0,347425.87,0.0,83192.84,34.28,0.0,0.0,0.0,120699.54,0.0,0.0,0.00,65817.99,57425.64,0.00,281574.59,65851.28
CZ05/Nrs&0&cDXGF&Ex&HV_AirDist/NE-HV_AirDist-SupFanMtr-cDXGF-2SpClgHtg-SRM/instance-out.sql,872087.25,58093.03,65532.59,200868.06,0.0,347425.87,0.0,79411.85,34.29,0.0,0.0,0.0,120721.56,0.0,0.0,0.00,65532.59,58093.03,0.00,281574.59,65851.28
CZ05/OfL&0&cDXGF&Ex&HV_AirDist/NE-HV_AirDist-SupFanMtr-cDXGF-2SpClgHtg-Cnst/instance-out.sql,2570354.9,59521.51,193176.46,462712.61,0.0,829334.66,0.0,900861.71,2299.4,0.0,0.0,0.0,122448.55,0.0,0.0,0.00,193176.46,59521.51,0.00,829334.66,0.00
CZ05/OfL&0&cDXGF&Ex&HV_AirDist/NE-HV_AirDist-SupFanMtr-cDXGF-2SpClgHtg-VFDStdMtr/instance-out.sql,2047770.1,99362.73,190155.44,462712.61,0.0,829334.66,0.0,341608.21,2299.87,0.0,0.0,0.0,122296.58,0.0,0.0,0.00,190155.44,99362.73,0.00,829334.66,0.00
CZ05/OfL&0&cDXGF&Ex&HV_AirDist/NE-HV_AirDist-SupFanMtr-cDXGF-2SpClgHtg-SRM/instance-out.sql,2020223.68,103016.68,187882.57,462712.61,0.0,829334.66,0.0,312686.31,2299.77,0.0,0.0,0.0,122291.09,0.0,0.0,0.00,187882.57,103016.68,0.00,829334.66,0.00
CZ05/OfS&0&cDXGF&Ex&HV_AirDist/NE-HV_AirDist-SupFanMtr-cDXGF-2SpClgHtg-Cnst/instance-out.sql,146940.61,4720.67,8938.27,23737.13,0.0,29387.4,0.0,57612.25,1.13,0.0,0.0,0.0,22543.75,0.0,0.0,0.00,8938.27,4720.67,0.00,29387.40,0.00
CZ05/OfS&0&cDXGF&Ex&HV_AirDist/NE-HV_AirDist-SupFanMtr-cDXGF-2SpClgHtg-VFDStdMtr/instance-out.sql,113464.91,9307.4,8585.62,23737.13,0.0,29387.4,0.0,19902.44,1.13,0.0,0.0,0.0,22543.78,0.0,0.0,0.00,8585.62,9307.40,0.00,29387.40,0.00
CZ05/OfS&0&cDXGF&Ex&HV_AirDist/NE-HV_AirDist-SupFanMtr-cDXGF-2SpClgHtg-SRM/instance-out.sql,111816.20999999999,9692.54,8444.19,23737.13,0.0,29387.4,0.0,18010.03,1.13,0.0,0.0,0.0,22543.78,0.0,0.0,0.00,8444.19,9692.54,0.00,29387.40,0.00
CZ05/RFF&0&cDXGF&Ex&HV_AirDist/NE-HV_AirDist-SupFanMtr-cDXGF-2SpClgHtg-Cnst/instance-out.sql,108020.04000000001,3099.78,6747.69,13247.63,0.0,37903.17,0.0,20863.84,3.37,0.0,0.0,0.0,26154.56,0.0,0.0,0.00,6747.69,3099.78,0.00,18423.46,19479.71
CZ05/RFF&0&cDXGF&Ex&HV_AirDist/NE-HV_AirDist-SupFanMtr-cDXGF-2SpClgHtg-VFDStdMtr/instance-out.sql,100277.56,5404.34,6602.32,13247.63,0.0,37903.17,0.0,10962.1,3.37,0.0,0.0,0.0,26154.63,0.0,0.0,0.00,6602.32,5404.34,0.00,18423.46,19479.71
CZ05/RFF&0&cDXGF&Ex&HV_AirDist/NE-HV_AirDist-SupFanMtr-cDXGF-2SpClgHtg-SRM/instance-out.sql,99919.8,5579.3,6566.95,13247.63,0.0,37903.17,0.0,10464.75,3.37,0.0,0.0,0.0,26154.63,0.0,0.0,0.00,6566.95,5579.30,0.00,18423.46,19479.71
CZ05/RSD&0&cDXGF&Ex&HV_AirDist/NE-HV_AirDist-SupFanMtr-cDXGF-2SpClgHtg-Cnst/instance-out.sql,238450.4,17058.34,15876.89,36047.32,0.0,76546.73,0.0,25802.11,9.77,0.0,0.0,0.0,67109.23,0.0,0.0,0.00,15876.89,17058.34,0.00,37475.60,39071.13
CZ05/RSD&0&cDXGF&Ex&HV_AirDist/NE-HV_AirDist-SupFanMtr-cDXGF-2SpClgHtg-VFDStdMtr/instance-out.sql,234301.39,18050.4,15767.51,36047.32,0.0,76546.73,0.0,20770.31,9.79,0.0,0.0,0.0,67109.34,0.0,0.0,0.00,15767.51,18050.40,0.00,37475.60,39071.13
CZ05/RSD&0&cDXGF&Ex&HV_AirDist/NE-HV_AirDist-SupFanMtr-cDXGF-2SpClgHtg-SRM/instance-out.sql,234111.06,18123.2,15748.1,36047.32,0.0,76546.73,0.0,20526.58,9.79,0.0,0.0,0.0,67109.34,0.0,0.0,0.00,15748.10,18123.20,0.00,37475.60,39071.13
CZ05/Rt3&0&cDXGF&Ex&HV_AirDist/NE-HV_AirDist-SupFanMtr-cDXGF-2SpClgHtg-Cnst/instance-out.sql,2082980.46,51495.35,90199.51,774348.97,0.0,436362.0,0.0,554171.55,3.38,0.0,0.0,0.0,176399.7,0.0,0.0,0.00,90199.51,51495.35,0.00,436362.00,0.00
CZ05/Rt3&0&cDXGF&Ex&HV_AirDist/NE-HV_AirDist-SupFanMtr-cDXGF-2SpClgHtg-VFDStdMtr/instance-out.sql,1765608.19,94369.87,84440.28,774348.97,0.0,436362.0,0.0,199683.66,3.38,0.0,0.0,0.0,176400.04,0.0,0.0,0.00,84440.28,94369.87,0.00,436362.00,0.00
CZ05/Rt3&0&cDXGF&Ex&HV_AirDist/NE-HV_AirDist-SupFanMtr-cDXGF-2SpClgHtg-SRM/instance-out.sql,1749255.5999999999,97472.44,82829.91,774348.97,0.0,436362.0,0.0,181838.88,3.38,0.0,0.0,0.0,176400.02,0.0,0.0,0.00,82829.91,97472.44,0.00,436362.00,0.00
CZ05/RtL&0&cDXGF&Ex&HV_AirDist/NE-HV_AirDist-SupFanMtr-cDXGF-2SpClgHtg-Cnst/instance-out.sql,2069585.98,36096.01,104553.76,767420.15,0.0,509200.67,0.0,522495.75,3.39,0.0,0.0,0.0,129816.25,0.0,0.0,0.00,104553.76,36096.01,0.00,468847.72,40352.95
CZ05/RtL&0&cDXGF&Ex&HV_AirDist/NE-HV_AirDist-SupFanMtr-cDXGF-2SpClgHtg-VFDStdMtr/instance-out.sql,1766003.8800000001,76908.18,98928.43,767420.15,0.0,509200.67,0.0,183726.65,3.39,0.0,0.0,0.0,129816.42,0.0,0.0,0.00,98928.43,76908.18,0.00,468847.72,40352.95
CZ05/RtL&0&cDXGF&Ex&HV_AirDist/NE-HV_AirDist-SupFanMtr-cDXGF-2SpClgHtg-SRM/instance-out.sql,1750199.3,79839.7,97252.35,767420.15,0.0,509200.67,0.0,166666.64,3.39,0.0,0.0,0.0,129816.42,0.0,0.0,0.00,97252.35,79839.70,0.00,468847.72,40352.95
CZ05/RtS&0&cDXGF&Ex&HV_AirDist/NE-HV_AirDist-SupFanMtr-cDXGF-2SpClgHtg-Cnst/instance-out.sql,134448.78,8010.31,5970.52,44599.63,0.0,24440.79,0.0,35524.95,3.36,0.0,0.0,0.0,15899.21,0.0,0.0,0.00,5970.52,8010.31,0.00,24440.79,0.00
CZ05/RtS&0&cDXGF&Ex&HV_AirDist/NE-HV_AirDist-SupFanMtr-cDXGF-2SpClgHtg-VFDStdMtr/instance-out.sql,115732.14,12846.04,5577.1,44599.63,0.0,24440.79,0.0,12366.1,3.36,0.0,0.0,0.0,15899.12,0.0,0.0,0.00,5577.10,12846.04,0.00,24440.79,0.00
CZ05/RtS&0&cDXGF&Ex&HV_AirDist/NE-HV_AirDist-SupFanMtr-cDXGF-2SpClgHtg-SRM/instance-out.sql,114827.72,13188.83,5485.36,44599.63,0.0,24440.79,0.0,11210.63,3.36,0.0,0.0,0.0,15899.12,0.0,0.0,0.00,5485.36,13188.83,0.00,24440.79,0.00
CZ05/SCn&0&cDXGF&Ex&HV_AirDist/NE-HV_AirDist-SupFanMtr-cDXGF-2SpClgHtg-Cnst/instance-out.sql,3536084.4000000004,584268.21,79673.66,850055.03,0.0,449066.39,0.0,1486211.21,3.36,0.0,0.0,0.0,86806.56,0.0,0.0,0.00,79673.66,584268.21,0.00,449066.39,0.00
CZ05/SCn&0&cDXGF&Ex&HV_AirDist/NE-HV_AirDist-SupFanMtr-cDXGF-2SpClgHtg-VFDStdMtr/instance-out.sql,2914342.2199999997,1042605.03,45302.56,850055.03,0.0,449066.39,0.0,440503.31,3.36,0.0,0.0,0.0,86806.56,0.0,0.0,0.00,45302.56,1042605.03,0.00,449066.39,0.00
CZ05/SCn&0&cDXGF&Ex&HV_AirDist/NE-HV_AirDist-SupFanMtr-cDXGF-2SpClgHtg-SRM/instance-out.sql,2894878.59,1071788.0,43462.69,850055.03,0.0,449066.39,0.0,393696.56,3.36,0.0,0.0,0.0,86806.56,0.0,0.0,0.00,43462.69,1071788.00,0.00,449066.39,0.00
CZ05/Asm&0&cDXHP&Ex&HV_AirDist/NE-HV_AirDist-SupFanMtr-cDXHP-2SpClgHtg-Cnst/instance-out.sql,606922.86,23842.35,45659.55,153727.01,0.0,145823.51,0.0,214949.92,3.36,0.0,0.0,0.0,22917.16,0.0,0.0,23842.35,45659.55,0.00,0.00,145823.51,0.00
CZ05/Asm&0&cDXHP&Ex&HV_AirDist/NE-HV_AirDist-SupFanMtr-cDXHP-2SpClgHtg-VFDStdMtr/instance-out.sql,465086.84,18212.72,47573.39,153727.01,0.0,145823.51,0.0,76829.66,3.36,0.0,0.0,0.0,22917.19,0.0,0.0,18212.72,47573.39,0.00,0.00,145823.51,0.00
CZ05/Asm&0&cDXHP&Ex&HV_AirDist/NE-HV_AirDist-SupFanMtr-cDXHP-2SpClgHtg-SRM/instance-out.sql,457713.39999999997,18593.33,46838.59,153727.01,0.0,145823.51,0.0,69810.51,3.36,0.0,0.0,0.0,22917.1,0.0,0.0,18593.33,46838.59,0.00,0.00,145823.51,0.00
CZ05/ECC&0&cDXHP&Ex&HV_AirDist/NE-HV_AirDist-SupFanMtr-cDXHP-2SpClgHtg-Cnst/instance-out.sql,2547295.33,10962.98,133337.86,358430.2,0.0,1013813.91,0.0,573066.96,825.19,0.0,0.0,0.0,456858.21,0.0,0.0,10775.84,133337.86,187.14,0.00,945189.93,68623.98
CZ05/ECC&0&cDXHP&Ex&HV_AirDist/NE-HV_AirDist-SupFanMtr-cDXHP-2SpClgHtg-VFDStdMtr/instance-out.sql,2224305.11,14892.53,129148.26,358430.2,0.0,1013813.91,0.0,250341.4,818.88,0.0,0.0,0.0,456859.93,0.0,0.0,14685.79,129148.26,206.74,0.00,945189.93,68623.98
CZ05/ECC&0&cDXHP&Ex&HV_AirDist/NE-HV_AirDist-SupFanMtr-cDXHP-2SpClgHtg-SRM/instance-out.sql,2206710.41,15372.75,127701.39,358430.2,0.0,1013813.91,0.0,233713.11,818.63,0.0,0.0,0.0,456860.42,0.0,0.0,15163.98,127701.39,208.77,0.00,945189.93,68623.98
CZ05/EPr&0&cDXHP&Ex&HV_AirDist/NE-HV_AirDist-SupFanMtr-cDXHP-2SpClgHtg-Cnst/instance-out.sql,384513.5,3637.43,24479.88,64700.97,0.0,125897.03,0.0,78614.87,3.37,0.0,0.0,0.0,87179.95,0.0,0.0,3637.43,24479.88,0.00,0.00,83226.75,42670.28
CZ05/EPr&0&cDXHP&Ex&HV_AirDist/NE-HV_AirDist-SupFanMtr-cDXHP-2SpClgHtg-VFDStdMtr/instance-out.sql,340509.29,3859.82,24146.51,64700.97,0.0,125897.03,0.0,34721.37,3.37,0.0,0.0,0.0,87180.21,0.0,0.0,3859.82,24146.51,0.00,0.00,83226.75,42670.28
CZ05/EPr&0&cDXHP&Ex&HV_AirDist/NE-HV_AirDist-SupFanMtr-cDXHP-2SpClgHtg-SRM/instance-out.sql,338120.68,3953.03,23922.37,64700.97,0.0,125897.03,0.0,32463.7,3.37,0.0,0.0,0.0,87180.21,0.0,0.0,3953.03,23922.37,0.00,0.00,83226.75,42670.28
CZ05/ERC&0&cDXHP&Ex&HV_AirDist/NE-HV_AirDist-SupFanMtr-cDXHP-2SpClgHtg-Cnst/instance-out.sql,18026.69,303.83,487.66,2224.35,0.0,2196.82,0.0,3469.19,3.36,0.0,0.0,0.0,9341.48,0.0,0.0,303.83,487.66,0.00,0.00,2196.82,0.00
CZ05/ERC&0&cDXHP&Ex&HV_AirDist/NE-HV_AirDist-SupFanMtr-cDXHP-2SpClgHtg-VFDStdMtr/instance-out.sql,15836.32,357.84,447.66,2224.35,0.0,2196.82,0.0,1264.8,3.36,0.0,0.0,0.0,9341.49,0.0,0.0,357.84,447.66,0.00,0.00,2196.82,0.00
CZ05/ERC&0&cDXHP&Ex&HV_AirDist/NE-HV_AirDist-SupFanMtr-cDXHP-2SpClgHtg-SRM/instance-out.sql,15721.279999999999,365.59,439.76,2224.35,0.0,2196.82,0.0,1149.91,3.36,0.0,0.0,0.0,9341.49,0.0,0.0,365.59,439.76,0.00,0.00,2196.82,0.00
CZ05/ESe&0&cDXHP&Ex&HV_AirDist/NE-HV_AirDist-SupFanMtr-cDXHP-2SpClgHtg-Cnst/instance-out.sql,1174599.81,114296.38,61349.78,197959.32,0.0,323176.74,0.0,239571.38,3.39,0.0,0.0,0.0,238242.82,0.0,0.0,2194.02,61349.78,112102.36,0.00,259085.82,64090.92
CZ05/ESe&0&cDXHP&Ex&HV_AirDist/NE-HV_AirDist-SupFanMtr-cDXHP-2SpClgHtg-VFDStdMtr/instance-out.sql,1121752.77,115144.06999999999,61003.85,197959.32,0.0,323176.74,0.0,186221.76,3.39,0.0,0.0,0.0,238243.65,0.0,0.0,2791.78,61003.85,112352.29,0.00,259085.82,64090.92
CZ05/ESe&0&cDXHP&Ex&HV_AirDist/NE-HV_AirDist-SupFanMtr-cDXHP-2SpClgHtg-SRM/instance-out.sql,1118807.6600000001,115230.14,60730.13,197959.32,0.0,323176.74,0.0,183464.32,3.39,0.0,0.0,0.0,238243.63,0.0,0.0,2873.79,60730.13,112356.35,0.00,259085.82,64090.92
CZ05/EUn&0&cDXHP&Ex&HV_AirDist/NE-HV_AirDist-SupFanMtr-cDXHP-2SpClgHtg-Cnst/instance-out.sql,8194974.85,38344.729999999996,460472.26,1277404.75,0.0,3682881.23,0.0,1964541.46,3.37,0.0,0.0,0.0,771327.03,0.0,0.0,29295.75,460472.26,9048.98,0.00,3555459.15,127422.08
CZ05/EUn&0&cDXHP&Ex&HV_AirDist/NE-HV_AirDist-SupFanMtr-cDXHP-2SpClgHtg-VFDStdMtr/instance-out.sql,7134046.640000001,54084.7,455170.17,1277404.75,0.0,3682881.23,0.0,893168.41,3.37,0.0,0.0,0.0,771334.01,0.0,0.0,44572.09,455170.17,9512.61,0.00,3555459.15,127422.08
CZ05/EUn&0&cDXHP&Ex&HV_AirDist/NE-HV_AirDist-SupFanMtr-cDXHP-2SpClgHtg-SRM/instance-out.sql,7073554.970000001,55566.47,450277.57,1277404.75,0.0,3682881.23,0.0,836087.53,3.37,0.0,0.0,0.0,771334.05,0.0,0.0,46043.53,450277.57,9522.94,0.00,3555459.15,127422.08
CZ05/Gro&0&cDXHP&Ex&HV_AirDist/NE-HV_AirDist-SupFanMtr-cDXHP-2SpClgHtg-Cnst/instance-out.sql,1887577.8499999999,21658.53,13809.09,249218.65,0.0,177584.03,0.0,176429.71,3.38,0.0,0.0,0.0,61786.93,1187087.53,0.0,21658.53,13809.09,0.00,0.00,177584.03,0.00
CZ05/Gro&0&cDXHP&Ex&HV_AirDist/NE-HV_AirDist-SupFanMtr-cDXHP-2SpClgHtg-VFDStdMtr/instance-out.sql,1765404.8099999998,25728.89,10564.86,249218.65,0.0,177584.03,0.0,58065.37,3.38,0.0,0.0,0.0,61786.93,1182452.69,0.0,25728.89,10564.86,0.00,0.00,177584.03,0.00
CZ05/Gro&0&cDXHP&Ex&HV_AirDist/NE-HV_AirDist-SupFanMtr-cDXHP-2SpClgHtg-SRM/instance-out.sql,1759827.63,26226.97,10296.08,249218.65,0.0,177584.03,0.0,52491.68,3.38,0.0,0.0,0.0,61786.93,1182219.91,0.0,26226.97,10296.08,0.00,0.00,177584.03,0.00
CZ05/Hsp&0&cDXHP&Ex&HV_AirDist/NE-HV_AirDist-SupFanMtr-cDXHP-2SpClgHtg-Cnst/instance-out.sql,3462063.56,225843.9,429347.3,856282.21,0.0,1182847.3,0.0,465420.87,33845.9,0.0,0.0,0.0,268476.09,0.0,0.0,4295.15,429347.30,221548.75,0.00,1139112.10,43735.20
CZ05/Hsp&0&cDXHP&Ex&HV_AirDist/NE-HV_AirDist-SupFanMtr-cDXHP-2SpClgHtg-VFDStdMtr/instance-out.sql,3272186.08,232376.56000000003,426030.12,856282.21,0.0,1182847.3,0.0,272365.77,33822.14,0.0,0.0,0.0,268461.96,0.0,0.0,5944.17,426030.12,226432.39,0.00,1139112.10,43735.20
CZ05/Hsp&0&cDXHP&Ex&HV_AirDist/NE-HV_AirDist-SupFanMtr-cDXHP-2SpClgHtg-SRM/instance-out.sql,3261984.43,232729.67,425276.42,856282.21,0.0,1182847.3,0.0,262562.54,33821.98,0.0,0.0,0.0,268464.31,0.0,0.0,6121.03,425276.42,226608.64,0.00,1139112.10,43735.20
CZ05/MBT&0&cDXHP&Ex&HV_AirDist/NE-HV_AirDist-SupFanMtr-cDXHP-2SpClgHtg-Cnst/instance-out.sql,6685198.3,2517441.83,119693.27,709539.71,0.0,2167645.51,0.0,992292.32,556.07,0.0,0.0,0.0,178029.59,0.0,0.0,12919.99,119693.27,2504521.84,0.00,1394057.91,773587.60
CZ05/MBT&0&cDXHP&Ex&HV_AirDist/NE-HV_AirDist-SupFanMtr-cDXHP-2SpClgHtg-VFDStdMtr/instance-out.sql,6476006.64,2524891.5300000003,116561.57,709539.71,0.0,2167645.51,0.0,778782.25,555.66,0.0,0.0,0.0,178030.42,0.0,0.0,15117.91,116561.57,2509773.62,0.00,1394057.91,773587.60
CZ05/MBT&0&cDXHP&Ex&HV_AirDist/NE-HV_AirDist-SupFanMtr-cDXHP-2SpClgHtg-SRM/instance-out.sql,6465417.64,2525511.12,115787.18,709539.71,0.0,2167645.51,0.0,768348.03,555.64,0.0,0.0,0.0,178030.46,0.0,0.0,15504.64,115787.18,2510006.48,0.00,1394057.91,773587.60
CZ05/MLI&0&cDXHP&Ex&HV_AirDist/NE-HV_AirDist-SupFanMtr-cDXHP-2SpClgHtg-Cnst/instance-out.sql,987678.5499999999,18378.22,37143.16,283149.19,0.0,239893.0,0.0,359566.02,3.37,0.0,0.0,0.0,49545.59,0.0,0.0,18378.22,37143.16,0.00,0.00,239893.00,0.00
CZ05/MLI&0&cDXHP&Ex&HV_AirDist/NE-HV_AirDist-SupFanMtr-cDXHP-2SpClgHtg-VFDStdMtr/instance-out.sql,742309.71,27106.67,30298.64,283149.19,0.0,239893.0,0.0,112313.01,3.37,0.0,0.0,0.0,49545.83,0.0,0.0,27106.67,30298.64,0.00,0.00,239893.00,0.00
CZ05/MLI&0&cDXHP&Ex&HV_AirDist/NE-HV_AirDist-SupFanMtr-cDXHP-2SpClgHtg-SRM/instance-out.sql,730915.21,27866.23,29599.04,283149.19,0.0,239893.0,0.0,100858.55,3.37,0.0,0.0,0.0,49545.83,0.0,0.0,27866.23,29599.04,0.00,0.00,239893.00,0.00
CZ05/Mtl&0&cDXHP&Ex&HV_AirDist/NE-HV_AirDist-SupFanMtr-cDXHP-2SpClgHtg-Cnst/instance-out.sql,156769.78,3186.4199999999996,13364.94,51285.47,0.0,22443.33,0.0,58708.85,3.36,0.0,0.0,0.0,7777.4,0.0,0.0,2938.99,13364.94,247.43,0.00,22191.36,251.97
CZ05/Mtl&0&cDXHP&Ex&HV_AirDist/NE-HV_AirDist-SupFanMtr-cDXHP-2SpClgHtg-VFDStdMtr/instance-out.sql,118678.19,4151.41,12639.89,51285.47,0.0,22443.33,0.0,20377.32,3.36,0.0,0.0,0.0,7777.4,0.0,0.0,3888.02,12639.89,263.39,0.00,22191.36,251.97
CZ05/Mtl&0&cDXHP&Ex&HV_AirDist/NE-HV_AirDist-SupFanMtr-cDXHP-2SpClgHtg-SRM/instance-out.sql,116738.27,4249.07,12477.27,51285.47,0.0,22443.33,0.0,18502.35,3.36,0.0,0.0,0.0,7777.4,0.0,0.0,3986.20,12477.27,262.87,0.00,22191.36,251.97
CZ05/Nrs&0&cDXHP&Ex&HV_AirDist/NE-HV_AirDist-SupFanMtr-cDXHP-2SpClgHtg-Cnst/instance-out.sql,927430.96,35338.16,66626.26,200868.06,0.0,347425.87,0.0,156416.09,33.79,0.0,0.0,0.0,120722.73,0.0,0.0,2844.91,66626.26,32493.25,0.00,281574.59,65851.28
CZ05/Nrs&0&cDXHP&Ex&HV_AirDist/NE-HV_AirDist-SupFanMtr-cDXHP-2SpClgHtg-VFDStdMtr/instance-out.sql,855347.8200000001,37146.02,65905.55,200868.06,0.0,347425.87,0.0,83272.39,34.34,0.0,0.0,0.0,120695.58,0.0,0.0,3287.31,65905.55,33858.71,0.00,281574.59,65851.28
CZ05/Nrs&0&cDXHP&Ex&HV_AirDist/NE-HV_AirDist-SupFanMtr-cDXHP-2SpClgHtg-SRM/instance-out.sql,851366.15,37278.369999999995,65581.6,200868.06,0.0,347425.87,0.0,79498.16,34.23,0.0,0.0,0.0,120679.85,0.0,0.0,3373.85,65581.60,33904.52,0.00,281574.59,65851.28
CZ05/OfL&0&cDXHP&Ex&HV_AirDist/NE-HV_AirDist-SupFanMtr-cDXHP-2SpClgHtg-Cnst/instance-out.sql,2539184.55,29148.010000000002,192375.16,462712.61,0.0,829334.66,0.0,900861.71,2299.4,0.0,0.0,0.0,122453.0,0.0,0.0,7409.15,192375.16,21738.86,0.00,829334.66,0.00
CZ05/OfL&0&cDXHP&Ex&HV_AirDist/NE-HV_AirDist-SupFanMtr-cDXHP-2SpClgHtg-VFDStdMtr/instance-out.sql,1985655.03,34327.729999999996,190368.54,462712.61,0.0,829334.66,0.0,344338.65,2299.78,0.0,0.0,0.0,122273.06,0.0,0.0,12601.79,190368.54,21725.94,0.00,829334.66,0.00
CZ05/OfL&0&cDXHP&Ex&HV_AirDist/NE-HV_AirDist-SupFanMtr-cDXHP-2SpClgHtg-SRM/instance-out.sql,1955666.0,34924.23,188195.18,462712.61,0.0,829334.66,0.0,315910.15,2300.03,0.0,0.0,0.0,122289.15,0.0,0.0,13185.92,188195.18,21738.31,0.00,829334.66,0.00
CZ05/OfS&0&cDXHP&Ex&HV_AirDist/NE-HV_AirDist-SupFanMtr-cDXHP-2SpClgHtg-Cnst/instance-out.sql,142975.9,984.28,8709.95,23737.13,0.0,29387.4,0.0,57612.25,1.13,0.0,0.0,0.0,22543.75,0.0,0.0,984.28,8709.95,0.00,0.00,29387.40,0.00
CZ05/OfS&0&cDXHP&Ex&HV_AirDist/NE-HV_AirDist-SupFanMtr-cDXHP-2SpClgHtg-VFDStdMtr/instance-out.sql,105773.68,1524.64,8494.87,23737.13,0.0,29387.4,0.0,20084.72,1.13,0.0,0.0,0.0,22543.78,0.0,0.0,1524.64,8494.87,0.00,0.00,29387.40,0.00
CZ05/OfS&0&cDXHP&Ex&HV_AirDist/NE-HV_AirDist-SupFanMtr-cDXHP-2SpClgHtg-SRM/instance-out.sql,103806.14,1584.02,8356.39,23737.13,0.0,29387.4,0.0,18196.28,1.13,0.0,0.0,0.0,22543.78,0.0,0.0,1584.02,8356.39,0.00,0.00,29387.40,0.00
CZ05/RFF&0&cDXHP&Ex&HV_AirDist/NE-HV_AirDist-SupFanMtr-cDXHP-2SpClgHtg-Cnst/instance-out.sql,105472.44,617.9300000000001,6681.94,13247.63,0.0,37903.17,0.0,20863.84,3.37,0.0,0.0,0.0,26154.56,0.0,0.0,603.73,6681.94,14.20,0.00,18423.46,19479.71
CZ05/RFF&0&cDXHP&Ex&HV_AirDist/NE-HV_AirDist-SupFanMtr-cDXHP-2SpClgHtg-VFDStdMtr/instance-out.sql,95687.07,856.8399999999999,6576.54,13247.63,0.0,37903.17,0.0,10944.87,3.37,0.0,0.0,0.0,26154.63,0.0,0.0,841.30,6576.54,15.54,0.00,18423.46,19479.71
CZ05/RFF&0&cDXHP&Ex&HV_AirDist/NE-HV_AirDist-SupFanMtr-cDXHP-2SpClgHtg-SRM/instance-out.sql,95179.96,883.01,6541.65,13247.63,0.0,37903.17,0.0,10446.49,3.37,0.0,0.0,0.0,26154.63,0.0,0.0,867.45,6541.65,15.56,0.00,18423.46,19479.71
CZ05/RSD&0&cDXHP&Ex&HV_AirDist/NE-HV_AirDist-SupFanMtr-cDXHP-2SpClgHtg-Cnst/instance-out.sql,237382.69,15999.699999999999,15868.2,36047.32,0.0,76546.73,0.0,25801.74,9.77,0.0,0.0,0.0,67109.23,0.0,0.0,252.88,15868.20,15746.82,0.00,37475.60,39071.13
CZ05/RSD&0&cDXHP&Ex&HV_AirDist/NE-HV_AirDist-SupFanMtr-cDXHP-2SpClgHtg-VFDStdMtr/instance-out.sql,232404.81,16177.69,15754.42,36047.32,0.0,76546.73,0.0,20759.65,9.79,0.0,0.0,0.0,67109.2,0.0,0.0,328.82,15754.42,15848.87,0.00,37475.60,39071.13
CZ05/RSD&0&cDXHP&Ex&HV_AirDist/NE-HV_AirDist-SupFanMtr-cDXHP-2SpClgHtg-SRM/instance-out.sql,232154.02000000002,16190.09,15735.04,36047.32,0.0,76546.73,0.0,20515.87,9.79,0.0,0.0,0.0,67109.18,0.0,0.0,338.49,15735.04,15851.60,0.00,37475.60,39071.13
CZ05/Rt3&0&cDXHP&Ex&HV_AirDist/NE-HV_AirDist-SupFanMtr-cDXHP-2SpClgHtg-Cnst/instance-out.sql,2044388.49,11858.199999999999,91244.59,774348.97,0.0,436362.0,0.0,554171.66,3.38,0.0,0.0,0.0,176399.7,0.0,0.0,9440.63,91244.59,2417.57,0.00,436362.00,0.00
CZ05/Rt3&0&cDXHP&Ex&HV_AirDist/NE-HV_AirDist-SupFanMtr-cDXHP-2SpClgHtg-VFDStdMtr/instance-out.sql,1688636.42,16777.21,85236.55,774348.97,0.0,436362.0,0.0,199508.22,3.38,0.0,0.0,0.0,176400.08,0.0,0.0,14165.05,85236.55,2612.16,0.00,436362.00,0.00
CZ05/Rt3&0&cDXHP&Ex&HV_AirDist/NE-HV_AirDist-SupFanMtr-cDXHP-2SpClgHtg-SRM/instance-out.sql,1669731.5699999998,17247.73,83672.86,774348.97,0.0,436362.0,0.0,181696.58,3.38,0.0,0.0,0.0,176400.04,0.0,0.0,14627.61,83672.86,2620.12,0.00,436362.00,0.00
CZ05/RtL&0&cDXHP&Ex&HV_AirDist/NE-HV_AirDist-SupFanMtr-cDXHP-2SpClgHtg-Cnst/instance-out.sql,2040760.27,6936.04,104888.03,767420.15,0.0,509200.67,0.0,522495.75,3.39,0.0,0.0,0.0,129816.25,0.0,0.0,6936.04,104888.03,0.00,0.00,468847.72,40352.95
CZ05/RtL&0&cDXHP&Ex&HV_AirDist/NE-HV_AirDist-SupFanMtr-cDXHP-2SpClgHtg-VFDStdMtr/instance-out.sql,1700500.67,11758.03,98932.46,767420.15,0.0,509200.67,0.0,183369.55,3.39,0.0,0.0,0.0,129816.43,0.0,0.0,11758.03,98932.46,0.00,0.00,468847.72,40352.95
CZ05/RtL&0&cDXHP&Ex&HV_AirDist/NE-HV_AirDist-SupFanMtr-cDXHP-2SpClgHtg-SRM/instance-out.sql,1682253.02,12164.48,97344.76,767420.15,0.0,509200.67,0.0,166303.14,3.39,0.0,0.0,0.0,129816.44,0.0,0.0,12164.48,97344.76,0.00,0.00,468847.72,40352.95
CZ05/RtS&0&cDXHP&Ex&HV_AirDist/NE-HV_AirDist-SupFanMtr-cDXHP-2SpClgHtg-Cnst/instance-out.sql,127963.04999999999,1501.66,5993.45,44599.63,0.0,24440.79,0.0,35524.95,3.36,0.0,0.0,0.0,15899.21,0.0,0.0,1501.66,5993.45,0.00,0.00,24440.79,0.00
CZ05/RtS&0&cDXHP&Ex&HV_AirDist/NE-HV_AirDist-SupFanMtr-cDXHP-2SpClgHtg-VFDStdMtr/instance-out.sql,104868.91,1950.42,5611.47,44599.63,0.0,24440.79,0.0,12364.1,3.36,0.0,0.0,0.0,15899.13,0.0,0.0,1950.42,5611.47,0.00,0.00,24440.79,0.00
CZ05/RtS&0&cDXHP&Ex&HV_AirDist/NE-HV_AirDist-SupFanMtr-cDXHP-2SpClgHtg-SRM/instance-out.sql,103667.54999999999,2000.92,5517.38,44599.63,0.0,24440.79,0.0,11206.36,3.36,0.0,0.0,0.0,15899.12,0.0,0.0,2000.92,5517.38,0.00,0.00,24440.79,0.00
CZ05/SCn&0&cDXHP&Ex&HV_AirDist/NE-HV_AirDist-SupFanMtr-cDXHP-2SpClgHtg-Cnst/instance-out.sql,3060763.94,106495.77,82125.62,850055.03,0.0,449066.39,0.0,1486211.21,3.36,0.0,0.0,0.0,86806.56,0.0,0.0,106495.77,82125.62,0.00,0.00,449066.39,0.00
CZ05/SCn&0&cDXHP&Ex&HV_AirDist/NE-HV_AirDist-SupFanMtr-cDXHP-2SpClgHtg-VFDStdMtr/instance-out.sql,2028507.5,155137.55,46613.63,850055.03,0.0,449066.39,0.0,440824.98,3.36,0.0,0.0,0.0,86806.56,0.0,0.0,155137.55,46613.63,0.00,0.00,449066.39,0.00
CZ05/SCn&0&cDXHP&Ex&HV_AirDist/NE-HV_AirDist-SupFanMtr-cDXHP-2SpClgHtg-SRM/instance-out.sql,1984094.6500000001,159417.92,44717.77,850055.03,0.0,449066.39,0.0,394027.62,3.36,0.0,0.0,0.0,86806.56,0.0,0.0,159417.92,44717.77,0.00,0.00,449066.39,0.00
CZ05/Asm&0&cDXOH&Ex&HV_AirDist/NE-HV_AirDist-SupFanMtr-cDXOH-2SpClgHtg-Cnst/instance-out.sql,580258.5499999999,0.0,42837.55,153727.01,0.0,145823.51,0.0,214949.92,3.36,0.0,0.0,0.0,22917.21,0.0,0.0,0.00,42837.55,0.00,0.00,145823.51,0.00
CZ05/Asm&0&cDXOH&Ex&HV_AirDist/NE-HV_AirDist-SupFanMtr-cDXOH-2SpClgHtg-VFDStdMtr/instance-out.sql,431279.39,0.0,46340.66,153727.01,0.0,145823.51,0.0,62467.7,3.36,0.0,0.0,0.0,22917.15,0.0,0.0,0.00,46340.66,0.00,0.00,145823.51,0.00
CZ05/Asm&0&cDXOH&Ex&HV_AirDist/NE-HV_AirDist-SupFanMtr-cDXOH-2SpClgHtg-SRM/instance-out.sql,423482.54000000004,0.0,45597.62,153727.01,0.0,145823.51,0.0,55413.83,3.36,0.0,0.0,0.0,22917.21,0.0,0.0,0.00,45597.62,0.00,0.00,145823.51,0.00
CZ05/ECC&0&cDXOH&Ex&HV_AirDist/NE-HV_AirDist-SupFanMtr-cDXOH-2SpClgHtg-Cnst/instance-out.sql,2526621.56,254.24,131682.0,358430.2,0.0,1013813.91,0.0,564765.22,823.5,0.0,0.0,0.0,456852.47,0.0,0.0,0.00,131682.00,254.24,0.00,945189.93,68623.98
CZ05/ECC&0&cDXOH&Ex&HV_AirDist/NE-HV_AirDist-SupFanMtr-cDXOH-2SpClgHtg-VFDStdMtr/instance-out.sql,2183188.27,268.2,127120.08,358430.2,0.0,1013813.91,0.0,225886.57,815.25,0.0,0.0,0.0,456854.05,0.0,0.0,0.00,127120.08,268.20,0.00,945189.93,68623.98

File Name,Electricity (kWh),Natural Gas (kWh)
CZ01/Asm&0&cDXGF&Ex&HV_AirDist/NE-HV_AirDist-SupFanMtr-cDXGF-2SpClgHtg-Cnst/instance-out.sql,506900.72,392679.00
CZ01/Asm&0&cDXGF&Ex&HV_AirDist/NE-HV_AirDist-SupFanMtr-cDXGF-2SpClgHtg-VFDStdMtr/instance-out.sql,369681.40,353360.93
CZ01/Asm&0&cDXGF&Ex&HV_AirDist/NE-HV_AirDist-SupFanMtr-cDXGF-2SpClgHtg-SRM/instance-out.sql,362933.99,358749.36
CZ01/ECC&0&cDXGF&Ex&HV_AirDist/NE-HV_AirDist-SupFanMtr-cDXGF-2SpClgHtg-Cnst/instance-out.sql,1844257.39,732768.14
CZ01/ECC&0&cDXGF&Ex&HV_AirDist/NE-HV_AirDist-SupFanMtr-cDXGF-2SpClgHtg-VFDStdMtr/instance-out.sql,1537087.53,817867.64
CZ01/ECC&0&cDXGF&Ex&HV_AirDist/NE-HV_AirDist-SupFanMtr-cDXGF-2SpClgHtg-SRM/instance-out.sql,1522463.39,823950.79
CZ01/EPr&0&cDXGF&Ex&HV_AirDist/NE-HV_AirDist-SupFanMtr-cDXGF-2SpClgHtg-Cnst/instance-out.sql,230454.83,200086.75
CZ01/EPr&0&cDXGF&Ex&HV_AirDist/NE-HV_AirDist-SupFanMtr-cDXGF-2SpClgHtg-VFDStdMtr/instance-out.sql,187342.99,214821.75
CZ01/EPr&0&cDXGF&Ex&HV_AirDist/NE-HV_AirDist-SupFanMtr-cDXGF-2SpClgHtg-SRM/instance-out.sql,185256.78,216220.41
CZ01/ERC&0&cDXGF&Ex&HV_AirDist/NE-HV_AirDist-SupFanMtr-cDXGF-2SpClgHtg-Cnst/instance-out.sql,7801.39,14446.24
CZ01/ERC&0&cDXGF&Ex&HV_AirDist/NE-HV_AirDist-SupFanMtr-cDXGF-2SpClgHtg-VFDStdMtr/instance-out.sql,5695.79,15876.77
CZ01/ERC&0&cDXGF&Ex&HV_AirDist/NE-HV_AirDist-SupFanMtr-cDXGF-2SpClgHtg-SRM/instance-out.sql,5587.00,15974.99
CZ01/ESe&0&cDXGF&Ex&HV_AirDist/NE-HV_AirDist-SupFanMtr-cDXGF-2SpClgHtg-Cnst/instance-out.sql,692544.66,590894.78
CZ01/ESe&0&cDXGF&Ex&HV_AirDist/NE-HV_AirDist-SupFanMtr-cDXGF-2SpClgHtg-VFDStdMtr/instance-out.sql,644203.26,604992.57
CZ01/ESe&0&cDXGF&Ex&HV_AirDist/NE-HV_AirDist-SupFanMtr-cDXGF-2SpClgHtg-SRM/instance-out.sql,641840.74,606001.75
CZ01/EUn&0&cDXGF&Ex&HV_AirDist/NE-HV_AirDist-SupFanMtr-cDXGF-2SpClgHtg-Cnst/instance-out.sql,6767488.52,1405423.75
CZ01/EUn&0&cDXGF&Ex&HV_AirDist/NE-HV_AirDist-SupFanMtr-cDXGF-2SpClgHtg-VFDStdMtr/instance-out.sql,5705757.25,1658166.31
CZ01/EUn&0&cDXGF&Ex&HV_AirDist/NE-HV_AirDist-SupFanMtr-cDXGF-2SpClgHtg-SRM/instance-out.sql,5653515.61,1675663.16
CZ01/Gro&0&cDXGF&Ex&HV_AirDist/NE-HV_AirDist-SupFanMtr-cDXGF-2SpClgHtg-Cnst/instance-out.sql,1573423.12,337389.86
CZ01/Gro&0&cDXGF&Ex&HV_AirDist/NE-HV_AirDist-SupFanMtr-cDXGF-2SpClgHtg-VFDStdMtr/instance-out.sql,1462156.59,424168.80
CZ01/Gro&0&cDXGF&Ex&HV_AirDist/NE-HV_AirDist-SupFanMtr-cDXGF-2SpClgHtg-SRM/instance-out.sql,1458950.36,429537.56
CZ01/Hsp&0&cDXGF&Ex&HV_AirDist/NE-HV_AirDist-SupFanMtr-cDXGF-2SpClgHtg-Cnst/instance-out.sql,2606219.43,733416.39
CZ01/Hsp&0&cDXGF&Ex&HV_AirDist/NE-HV_AirDist-SupFanMtr-cDXGF-2SpClgHtg-VFDStdMtr/instance-out.sql,2409727.39,771408.30
CZ01/Hsp&0&cDXGF&Ex&HV_AirDist/NE-HV_AirDist-SupFanMtr-cDXGF-2SpClgHtg-SRM/instance-out.sql,2400787.17,773696.53
CZ01/MBT&0&cDXGF&Ex&HV_AirDist/NE-HV_AirDist-SupFanMtr-cDXGF-2SpClgHtg-Cnst/instance-out.sql,3096412.32,5143709.45
CZ01/MBT&0&cDXGF&Ex&HV_AirDist/NE-HV_AirDist-SupFanMtr-cDXGF-2SpClgHtg-VFDStdMtr/instance-out.sql,2898117.38,5220934.22
CZ01/MBT&0&cDXGF&Ex&HV_AirDist/NE-HV_AirDist-SupFanMtr-cDXGF-2SpClgHtg-SRM/instance-out.sql,2889350.44,5226544.06
CZ01/MLI&0&cDXGF&Ex&HV_AirDist/NE-HV_AirDist-SupFanMtr-cDXGF-2SpClgHtg-Cnst/instance-out.sql,875333.94,310227.72
CZ01/MLI&0&cDXGF&Ex&HV_AirDist/NE-HV_AirDist-SupFanMtr-cDXGF-2SpClgHtg-VFDStdMtr/instance-out.sql,634136.71,455444.47
CZ01/MLI&0&cDXGF&Ex&HV_AirDist/NE-HV_AirDist-SupFanMtr-cDXGF-2SpClgHtg-SRM/instance-out.sql,623392.94,464231.58
CZ01/Mtl&0&cDXGF&Ex&HV_AirDist/NE-HV_AirDist-SupFanMtr-cDXGF-2SpClgHtg-Cnst/instance-out.sql,127014.73,51680.08
CZ01/Mtl&0&cDXGF&Ex&HV_AirDist/NE-HV_AirDist-SupFanMtr-cDXGF-2SpClgHtg-VFDStdMtr/instance-out.sql,92621.94,69664.63
CZ01/Mtl&0&cDXGF&Ex&HV_AirDist/NE-HV_AirDist-SupFanMtr-cDXGF-2SpClgHtg-SRM/instance-out.sql,90975.19,70766.80
CZ01/Nrs&0&cDXGF&Ex&HV_AirDist/NE-HV_AirDist-SupFanMtr-cDXGF-2SpClgHtg-Cnst/instance-out.sql,642041.40,336038.32
CZ01/Nrs&0&cDXGF&Ex&HV_AirDist/NE-HV_AirDist-SupFanMtr-cDXGF-2SpClgHtg-VFDStdMtr/instance-out.sql,572015.05,353502.28
CZ01/Nrs&0&cDXGF&Ex&HV_AirDist/NE-HV_AirDist-SupFanMtr-cDXGF-2SpClgHtg-SRM/instance-out.sql,568805.66,354874.35
CZ01/OfL&0&cDXGF&Ex&HV_AirDist/NE-HV_AirDist-SupFanMtr-cDXGF-2SpClgHtg-Cnst/instance-out.sql,2126010.13,283671.71
CZ01/OfL&0&cDXGF&Ex&HV_AirDist/NE-HV_AirDist-SupFanMtr-cDXGF-2SpClgHtg-VFDStdMtr/instance-out.sql,1594131.65,373000.04
CZ01/OfL&0&cDXGF&Ex&HV_AirDist/NE-HV_AirDist-SupFanMtr-cDXGF-2SpClgHtg-SRM/instance-out.sql,1568546.53,380086.94
CZ01/OfS&0&cDXGF&Ex&HV_AirDist/NE-HV_AirDist-SupFanMtr-cDXGF-2SpClgHtg-Cnst/instance-out.sql,102891.44,41071.83
CZ01/OfS&0&cDXGF&Ex&HV_AirDist/NE-HV_AirDist-SupFanMtr-cDXGF-2SpClgHtg-VFDStdMtr/instance-out.sql,69641.31,51969.56
CZ01/OfS&0&cDXGF&Ex&HV_AirDist/NE-HV_AirDist-SupFanMtr-cDXGF-2SpClgHtg-SRM/instance-out.sql,68114.51,52734.11
CZ01/RFF&0&cDXGF&Ex&HV_AirDist/NE-HV_AirDist-SupFanMtr-cDXGF-2SpClgHtg-Cnst/instance-out.sql,51227.91,56784.34
CZ01/RFF&0&cDXGF&Ex&HV_AirDist/NE-HV_AirDist-SupFanMtr-cDXGF-2SpClgHtg-VFDStdMtr/instance-out.sql,43141.41,60710.61
CZ01/RFF&0&cDXGF&Ex&HV_AirDist/NE-HV_AirDist-SupFanMtr-cDXGF-2SpClgHtg-SRM/instance-out.sql,42747.43,60976.58
CZ01/RSD&0&cDXGF&Ex&HV_AirDist/NE-HV_AirDist-SupFanMtr-cDXGF-2SpClgHtg-Cnst/instance-out.sql,109288.91,144731.86
CZ01/RSD&0&cDXGF&Ex&HV_AirDist/NE-HV_AirDist-SupFanMtr-cDXGF-2SpClgHtg-VFDStdMtr/instance-out.sql,104650.22,146683.95
CZ01/RSD&0&cDXGF&Ex&HV_AirDist/NE-HV_AirDist-SupFanMtr-cDXGF-2SpClgHtg-SRM/instance-out.sql,104442.90,146822.41
CZ01/Rt3&0&cDXGF&Ex&HV_AirDist/NE-HV_AirDist-SupFanMtr-cDXGF-2SpClgHtg-Cnst/instance-out.sql,1721236.43,300363.80
CZ01/Rt3&0&cDXGF&Ex&HV_AirDist/NE-HV_AirDist-SupFanMtr-cDXGF-2SpClgHtg-VFDStdMtr/instance-out.sql,1357595.59,388795.81
CZ01/Rt3&0&cDXGF&Ex&HV_AirDist/NE-HV_AirDist-SupFanMtr-cDXGF-2SpClgHtg-SRM/instance-out.sql,1342070.37,394474.44
CZ01/RtL&0&cDXGF&Ex&HV_AirDist/NE-HV_AirDist-SupFanMtr-cDXGF-2SpClgHtg-Cnst/instance-out.sql,1755552.39,291061.34
CZ01/RtL&0&cDXGF&Ex&HV_AirDist/NE-HV_AirDist-SupFanMtr-cDXGF-2SpClgHtg-VFDStdMtr/instance-out.sql,1392750.31,394080.12
CZ01/RtL&0&cDXGF&Ex&HV_AirDist/NE-HV_AirDist-SupFanMtr-cDXGF-2SpClgHtg-SRM/instance-out.sql,1376969.50,400503.12
CZ01/RtS&0&cDXGF&Ex&HV_AirDist/NE-HV_AirDist-SupFanMtr-cDXGF-2SpClgHtg-Cnst/instance-out.sql,98487.70,39558.93
CZ01/RtS&0&cDXGF&Ex&HV_AirDist/NE-HV_AirDist-SupFanMtr-cDXGF-2SpClgHtg-VFDStdMtr/instance-out.sql,78511.12,48868.48
CZ01/RtS&0&cDXGF&Ex&HV_AirDist/NE-HV_AirDist-SupFanMtr-cDXGF-2SpClgHtg-SRM/instance-out.sql,77597.49,49467.21
CZ01/SCn&0&cDXGF&Ex&HV_AirDist/NE-HV_AirDist-SupFanMtr-cDXGF-2SpClgHtg-Cnst/instance-out.sql,2867971.36,1649160.14
CZ01/SCn&0&cDXGF&Ex&HV_AirDist/NE-HV_AirDist-SupFanMtr-cDXGF-2SpClgHtg-VFDStdMtr/instance-out.sql,1892745.16,2484795.47
CZ01/SCn&0&cDXGF&Ex&HV_AirDist/NE-HV_AirDist-SupFanMtr-cDXGF-2SpClgHtg-SRM/instance-out.sql,1846048.04,2536269.12
CZ01/Asm&0&cDXHP&Ex&HV_AirDist/NE-HV_AirDist-SupFanMtr-cDXHP-2SpClgHtg-Cnst/instance-out.sql,560156.37,24237.47
CZ01/Asm&0&cDXHP&Ex&HV_AirDist/NE-HV_AirDist-SupFanMtr-cDXHP-2SpClgHtg-VFDStdMtr/instance-out.sql,409941.38,24237.26
CZ01/Asm&0&cDXHP&Ex&HV_AirDist/NE-HV_AirDist-SupFanMtr-cDXHP-2SpClgHtg-SRM/instance-out.sql,404017.33,24237.20
CZ01/ECC&0&cDXHP&Ex&HV_AirDist/NE-HV_AirDist-SupFanMtr-cDXHP-2SpClgHtg-Cnst/instance-out.sql,1873080.26,561615.69
CZ01/ECC&0&cDXHP&Ex&HV_AirDist/NE-HV_AirDist-SupFanMtr-cDXHP-2SpClgHtg-VFDStdMtr/instance-out.sql,1571681.47,561667.20
CZ01/ECC&0&cDXHP&Ex&HV_AirDist/NE-HV_AirDist-SupFanMtr-cDXHP-2SpClgHtg-SRM/instance-out.sql,1558071.45,561650.66
CZ01/EPr&0&cDXHP&Ex&HV_AirDist/NE-HV_AirDist-SupFanMtr-cDXHP-2SpClgHtg-Cnst/instance-out.sql,240612.15,136302.99
CZ01/EPr&0&cDXHP&Ex&HV_AirDist/NE-HV_AirDist-SupFanMtr-cDXHP-2SpClgHtg-VFDStdMtr/instance-out.sql,197330.50,136303.51
CZ01/EPr&0&cDXHP&Ex&HV_AirDist/NE-HV_AirDist-SupFanMtr-cDXHP-2SpClgHtg-SRM/instance-out.sql,195439.74,136303.50
CZ01/ERC&0&cDXHP&Ex&HV_AirDist/NE-HV_AirDist-SupFanMtr-cDXHP-2SpClgHtg-Cnst/instance-out.sql,8615.16,9575.42
CZ01/ERC&0&cDXHP&Ex&HV_AirDist/NE-HV_AirDist-SupFanMtr-cDXHP-2SpClgHtg-VFDStdMtr/instance-out.sql,6563.22,9575.39
CZ01/ERC&0&cDXHP&Ex&HV_AirDist/NE-HV_AirDist-SupFanMtr-cDXHP-2SpClgHtg-SRM/instance-out.sql,6469.58,9575.39
CZ01/ESe&0&cDXHP&Ex&HV_AirDist/NE-HV_AirDist-SupFanMtr-cDXHP-2SpClgHtg-Cnst/instance-out.sql,698157.41,557428.84
CZ01/ESe&0&cDXHP&Ex&HV_AirDist/NE-HV_AirDist-SupFanMtr-cDXHP-2SpClgHtg-VFDStdMtr/instance-out.sql,650471.81,557943.25
CZ01/ESe&0&cDXHP&Ex&HV_AirDist/NE-HV_AirDist-SupFanMtr-cDXHP-2SpClgHtg-SRM/instance-out.sql,648253.40,557953.70
CZ01/EUn&0&cDXHP&Ex&HV_AirDist/NE-HV_AirDist-SupFanMtr-cDXHP-2SpClgHtg-Cnst/instance-out.sql,6837848.76,1002423.86
CZ01/EUn&0&cDXHP&Ex&HV_AirDist/NE-HV_AirDist-SupFanMtr-cDXHP-2SpClgHtg-VFDStdMtr/instance-out.sql,5795543.65,1003328.62
CZ01/EUn&0&cDXHP&Ex&HV_AirDist/NE-HV_AirDist-SupFanMtr-cDXHP-2SpClgHtg-SRM/instance-out.sql,5745999.85,1003347.69
CZ01/Gro&0&cDXHP&Ex&HV_AirDist/NE-HV_AirDist-SupFanMtr-cDXHP-2SpClgHtg-Cnst/instance-out.sql,1620205.82,66249.05
CZ01/Gro&0&cDXHP&Ex&HV_AirDist/NE-HV_AirDist-SupFanMtr-cDXHP-2SpClgHtg-VFDStdMtr/instance-out.sql,1514331.77,66249.25
CZ01/Gro&0&cDXHP&Ex&HV_AirDist/NE-HV_AirDist-SupFanMtr-cDXHP-2SpClgHtg-SRM/instance-out.sql,1511432.21,66249.05
CZ01/Hsp&0&cDXHP&Ex&HV_AirDist/NE-HV_AirDist-SupFanMtr-cDXHP-2SpClgHtg-Cnst/instance-out.sql,2615107.53,683888.77
CZ01/Hsp&0&cDXHP&Ex&HV_AirDist/NE-HV_AirDist-SupFanMtr-cDXHP-2SpClgHtg-VFDStdMtr/instance-out.sql,2420347.54,693859.47
CZ01/Hsp&0&cDXHP&Ex&HV_AirDist/NE-HV_AirDist-SupFanMtr-cDXHP-2SpClgHtg-SRM/instance-out.sql,2411887.88,694120.04
CZ01/MBT&0&cDXHP&Ex&HV_AirDist/NE-HV_AirDist-SupFanMtr-cDXHP-2SpClgHtg-Cnst/instance-out.sql,3133034.56,4926084.50
CZ01/MBT&0&cDXHP&Ex&HV_AirDist/NE-HV_AirDist-SupFanMtr-cDXHP-2SpClgHtg-VFDStdMtr/instance-out.sql,2937559.32,4932705.40
CZ01/MBT&0&cDXHP&Ex&HV_AirDist/NE-HV_AirDist-SupFanMtr-cDXHP-2SpClgHtg-SRM/instance-out.sql,2929593.70,4932939.13
CZ01/MLI&0&cDXHP&Ex&HV_AirDist/NE-HV_AirDist-SupFanMtr-cDXHP-2SpClgHtg-Cnst/instance-out.sql,923631.37,53036.23
CZ01/MLI&0&cDXHP&Ex&HV_AirDist/NE-HV_AirDist-SupFanMtr-cDXHP-2SpClgHtg-VFDStdMtr/instance-out.sql,695587.24,53036.24
CZ01/MLI&0&cDXHP&Ex&HV_AirDist/NE-HV_AirDist-SupFanMtr-cDXHP-2SpClgHtg-SRM/instance-out.sql,686151.15,53036.24
CZ01/Mtl&0&cDXHP&Ex&HV_AirDist/NE-HV_AirDist-SupFanMtr-cDXHP-2SpClgHtg-Cnst/instance-out.sql,134542.92,9200.03
CZ01/Mtl&0&cDXHP&Ex&HV_AirDist/NE-HV_AirDist-SupFanMtr-cDXHP-2SpClgHtg-VFDStdMtr/instance-out.sql,101291.23,9269.34
CZ01/Mtl&0&cDXHP&Ex&HV_AirDist/NE-HV_AirDist-SupFanMtr-cDXHP-2SpClgHtg-SRM/instance-out.sql,99807.57,9270.40
CZ01/Nrs&0&cDXHP&Ex&HV_AirDist/NE-HV_AirDist-SupFanMtr-cDXHP-2SpClgHtg-Cnst/instance-out.sql,649380.09,291332.30
CZ01/Nrs&0&cDXHP&Ex&HV_AirDist/NE-HV_AirDist-SupFanMtr-cDXHP-2SpClgHtg-VFDStdMtr/instance-out.sql,579860.84,294643.24
CZ01/Nrs&0&cDXHP&Ex&HV_AirDist/NE-HV_AirDist-SupFanMtr-cDXHP-2SpClgHtg-SRM/instance-out.sql,576866.45,294663.14
CZ01/OfL&0&cDXHP&Ex&HV_AirDist/NE-HV_AirDist-SupFanMtr-cDXHP-2SpClgHtg-Cnst/instance-out.sql,2145520.71,180541.84
CZ01/OfL&0&cDXHP&Ex&HV_AirDist/NE-HV_AirDist-SupFanMtr-cDXHP-2SpClgHtg-VFDStdMtr/instance-out.sql,1625910.95,180066.94
CZ01/OfL&0&cDXHP&Ex&HV_AirDist/NE-HV_AirDist-SupFanMtr-cDXHP-2SpClgHtg-SRM/instance-out.sql,1601067.85,180017.39
CZ01/OfS&0&cDXHP&Ex&HV_AirDist/NE-HV_AirDist-SupFanMtr-cDXHP-2SpClgHtg-Cnst/instance-out.sql,106009.28,24003.95
CZ01/OfS&0&cDXHP&Ex&HV_AirDist/NE-HV_AirDist-SupFanMtr-cDXHP-2SpClgHtg-VFDStdMtr/instance-out.sql,73899.49,24003.96
CZ01/OfS&0&cDXHP&Ex&HV_AirDist/NE-HV_AirDist-SupFanMtr-cDXHP-2SpClgHtg-SRM/instance-out.sql,72494.99,24003.98
CZ01/RFF&0&cDXHP&Ex&HV_AirDist/NE-HV_AirDist-SupFanMtr-cDXHP-2SpClgHtg-Cnst/instance-out.sql,52912.21,47320.13
CZ01/RFF&0&cDXHP&Ex&HV_AirDist/NE-HV_AirDist-SupFanMtr-cDXHP-2SpClgHtg-VFDStdMtr/instance-out.sql,45054.66,47322.75
CZ01/RFF&0&cDXHP&Ex&HV_AirDist/NE-HV_AirDist-SupFanMtr-cDXHP-2SpClgHtg-SRM/instance-out.sql,44699.12,47322.82
CZ01/RSD&0&cDXHP&Ex&HV_AirDist/NE-HV_AirDist-SupFanMtr-cDXHP-2SpClgHtg-Cnst/instance-out.sql,110077.76,140030.43
CZ01/RSD&0&cDXHP&Ex&HV_AirDist/NE-HV_AirDist-SupFanMtr-cDXHP-2SpClgHtg-VFDStdMtr/instance-out.sql,105497.77,140248.39
CZ01/RSD&0&cDXHP&Ex&HV_AirDist/NE-HV_AirDist-SupFanMtr-cDXHP-2SpClgHtg-SRM/instance-out.sql,105308.88,140257.45
CZ01/Rt3&0&cDXHP&Ex&HV_AirDist/NE-HV_AirDist-SupFanMtr-cDXHP-2SpClgHtg-Cnst/instance-out.sql,1741105.73,195634.84
CZ01/Rt3&0&cDXHP&Ex&HV_AirDist/NE-HV_AirDist-SupFanMtr-cDXHP-2SpClgHtg-VFDStdMtr/instance-out.sql,1386725.41,196370.70
CZ01/Rt3&0&cDXHP&Ex&HV_AirDist/NE-HV_AirDist-SupFanMtr-cDXHP-2SpClgHtg-SRM/instance-out.sql,1372042.97,196393.08
CZ01/RtL&0&cDXHP&Ex&HV_AirDist/NE-HV_AirDist-SupFanMtr-cDXHP-2SpClgHtg-Cnst/instance-out.sql,1776558.89,180023.23
CZ01/RtL&0&cDXHP&Ex&HV_AirDist/NE-HV_AirDist-SupFanMtr-cDXHP-2SpClgHtg-VFDStdMtr/instance-out.sql,1425074.08,180029.58
CZ01/RtL&0&cDXHP&Ex&HV_AirDist/NE-HV_AirDist-SupFanMtr-cDXHP-2SpClgHtg-SRM/instance-out.sql,1410267.70,180029.73
CZ01/RtS&0&cDXHP&Ex&HV_AirDist/NE-HV_AirDist-SupFanMtr-cDXHP-2SpClgHtg-Cnst/instance-out.sql,102615.31,16680.60
CZ01/RtS&0&cDXHP&Ex&HV_AirDist/NE-HV_AirDist-SupFanMtr-cDXHP-2SpClgHtg-VFDStdMtr/instance-out.sql,83227.59,16680.62
CZ01/RtS&0&cDXHP&Ex&HV_AirDist/NE-HV_AirDist-SupFanMtr-cDXHP-2SpClgHtg-SRM/instance-out.sql,82404.11,16680.62
CZ01/SCn&0&cDXHP&Ex&HV_AirDist/NE-HV_AirDist-SupFanMtr-cDXHP-2SpClgHtg-Cnst/instance-out.sql,3154486.63,93237.65
CZ01/SCn&0&cDXHP&Ex&HV_AirDist/NE-HV_AirDist-SupFanMtr-cDXHP-2SpClgHtg-VFDStdMtr/instance-out.sql,2252426.28,93237.65
CZ01/SCn&0&cDXHP&Ex&HV_AirDist/NE-HV_AirDist-SupFanMtr-cDXHP-2SpClgHtg-SRM/instance-out.sql,2213438.25,93237.65
CZ01/Asm&0&cDXOH&Ex&HV_AirDist/NE-HV_AirDist-SupFanMtr-cDXOH-2SpClgHtg-Cnst/instance-out.sql,506498.20,24237.48
CZ01/Asm&0&cDXOH&Ex&HV_AirDist/NE-HV_AirDist-SupFanMtr-cDXOH-2SpClgHtg-VFDStdMtr/instance-out.sql,342857.30,24237.55
CZ01/Asm&0&cDXOH&Ex&HV_AirDist/NE-HV_AirDist-SupFanMtr-cDXOH-2SpClgHtg-SRM/instance-out.sql,336329.79,24237.56
CZ01/ECC&0&cDXOH&Ex&HV_AirDist/NE-HV_AirDist-SupFanMtr-cDXOH-2SpClgHtg-Cnst/instance-out.sql,1834294.36,561737.21
CZ01/ECC&0&cDXOH&Ex&HV_AirDist/NE-HV_AirDist-SupFanMtr-cDXOH-2SpClgHtg-VFDStdMtr/instance-out.sql,1492623.81,561868.26
CZ01/ECC&0&cDXOH&Ex&HV_AirDist/NE-HV_AirDist-SupFanMtr-cDXOH-2SpClgHtg-SRM/instance-out.sql,1478619.29,561876.01
CZ01/EPr&0&cDXOH&Ex&HV_AirDist/NE-HV_AirDist-SupFanMtr-cDXOH-2SpClgHtg-Cnst/instance-out.sql,227179.74,136304.58
CZ01/EPr&0&cDXOH&Ex&HV_AirDist/NE-HV_AirDist-SupFanMtr-cDXOH-2SpClgHtg-VFDStdMtr/instance-out.sql,177582.66,136304.79
CZ01/EPr&0&cDXOH&Ex&HV_AirDist/NE-HV_AirDist-SupFanMtr-cDXOH-2SpClgHtg-SRM/instance-out.sql,175632.30,136304.79
CZ01/ERC&0&cDXOH&Ex&HV_AirDist/NE-HV_AirDist-SupFanMtr-cDXOH-2SpClgHtg-Cnst/instance-out.sql,7245.38,9575.34
CZ01/ERC&0&cDXOH&Ex&HV_AirDist/NE-HV_AirDist-SupFanMtr-cDXOH-2SpClgHtg-VFDStdMtr/instance-out.sql,4856.29,9575.37
CZ01/ERC&0&cDXOH&Ex&HV_AirDist/NE-HV_AirDist-SupFanMtr-cDXOH-2SpClgHtg-SRM/instance-out.sql,4772.32,9575.37
CZ01/ESe&0&cDXOH&Ex&HV_AirDist/NE-HV_AirDist-SupFanMtr-cDXOH-2SpClgHtg-Cnst/instance-out.sql,691901.02,559018.28
CZ01/ESe&0&cDXOH&Ex&HV_AirDist/NE-HV_AirDist-SupFanMtr-cDXOH-2SpClgHtg-VFDStdMtr/instance-out.sql,636701.31,560314.16
CZ01/ESe&0&cDXOH&Ex&HV_AirDist/NE-HV_AirDist-SupFanMtr-cDXOH-2SpClgHtg-SRM/instance-out.sql,634340.92,560378.69
CZ01/EUn&0&cDXOH&Ex&HV_AirDist/NE-HV_AirDist-SupFanMtr-cDXOH-2SpClgHtg-Cnst/instance-out.sql,6760788.50,1009753.52
CZ01/EUn&0&cDXOH&Ex&HV_AirDist/NE-HV_AirDist-SupFanMtr-cDXOH-2SpClgHtg-VFDStdMtr/instance-out.sql,5574732.94,1014284.50
CZ01/EUn&0&cDXOH&Ex&HV_AirDist/NE-HV_AirDist-SupFanMtr-cDXOH-2SpClgHtg-SRM/instance-out.sql,5522379.00,1014432.31
CZ01/Gro&0&cDXOH&Ex&HV_AirDist/NE-HV_AirDist-SupFanMtr-cDXOH-2SpClgHtg-Cnst/instance-out.sql
CZ01/Gro&0&cDXOH&Ex&HV_AirDist/NE-HV_AirDist-SupFanMtr-cDXOH-2SpClgHtg-VFDStdMtr/instance-out.sql
CZ01/Gro&0&cDXOH&Ex&HV_AirDist/NE-HV_AirDist-SupFanMtr-cDXOH-2SpClgHtg-SRM/instance-out.sql
CZ01/Hsp&0&cDXOH&Ex&HV_AirDist/NE-HV_AirDist-SupFanMtr-cDXOH-2SpClgHtg-Cnst/instance-out.sql,2605584.87,694303.69
CZ01/Hsp&0&cDXOH&Ex&HV_AirDist/NE-HV_AirDist-SupFanMtr-cDXOH-2SpClgHtg-VFDStdMtr/instance-out.sql,2395828.03,713116.41
CZ01/Hsp&0&cDXOH&Ex&HV_AirDist/NE-HV_AirDist-SupFanMtr-cDXOH-2SpClgHtg-SRM/instance-out.sql,2386896.30,713947.18
CZ01/MBT&0&cDXOH&Ex&HV_AirDist/NE-HV_AirDist-SupFanMtr-cDXOH-2SpClgHtg-Cnst/instance-out.sql,3090490.18,4946482.39
CZ01/MBT&0&cDXOH&Ex&HV_AirDist/NE-HV_AirDist-SupFanMtr-cDXOH-2SpClgHtg-VFDStdMtr/instance-out.sql,2861031.95,4962454.32
CZ01/MBT&0&cDXOH&Ex&HV_AirDist/NE-HV_AirDist-SupFanMtr-cDXOH-2SpClgHtg-SRM/instance-out.sql,2852387.14,4963178.62
CZ01/MLI&0&cDXOH&Ex&HV_AirDist/NE-HV_AirDist-SupFanMtr-cDXOH-2SpClgHtg-Cnst/instance-out.sql,829790.62,53036.22
CZ01/MLI&0&cDXOH&Ex&HV_AirDist/NE-HV_AirDist-SupFanMtr-cDXOH-2SpClgHtg-VFDStdMtr/instance-out.sql,561665.04,53036.23
CZ01/MLI&0&cDXOH&Ex&HV_AirDist/NE-HV_AirDist-SupFanMtr-cDXOH-2SpClgHtg-SRM/instance-out.sql,552601.27,53036.23
CZ01/Mtl&0&cDXOH&Ex&HV_AirDist/NE-HV_AirDist-SupFanMtr-cDXOH-2SpClgHtg-Cnst/instance-out.sql,124152.46,14987.40
CZ01/Mtl&0&cDXOH&Ex&HV_AirDist/NE-HV_AirDist-SupFanMtr-cDXOH-2SpClgHtg-VFDStdMtr/instance-out.sql,83729.08,18472.55
CZ01/Mtl&0&cDXOH&Ex&HV_AirDist/NE-HV_AirDist-SupFanMtr-cDXOH-2SpClgHtg-SRM/instance-out.sql,82224.04,18598.24
CZ01/Nrs&0&cDXOH&Ex&HV_AirDist/NE-HV_AirDist-SupFanMtr-cDXOH-2SpClgHtg-Cnst/instance-out.sql,641837.55,302093.74
CZ01/Nrs&0&cDXOH&Ex&HV_AirDist/NE-HV_AirDist-SupFanMtr-cDXOH-2SpClgHtg-VFDStdMtr/instance-out.sql,564237.17,308860.38
CZ01/Nrs&0&cDXOH&Ex&HV_AirDist/NE-HV_AirDist-SupFanMtr-cDXOH-2SpClgHtg-SRM/instance-out.sql,561104.92,309222.03
CZ01/OfL&0&cDXOH&Ex&HV_AirDist/NE-HV_AirDist-SupFanMtr-cDXOH-2SpClgHtg-Cnst/instance-out.sql,2117437.87,180654.95
CZ01/OfL&0&cDXOH&Ex&HV_AirDist/NE-HV_AirDist-SupFanMtr-cDXOH-2SpClgHtg-VFDStdMtr/instance-out.sql,1532087.78,180648.12
CZ01/OfL&0&cDXOH&Ex&HV_AirDist/NE-HV_AirDist-SupFanMtr-cDXOH-2SpClgHtg-SRM/instance-out.sql,1505566.65,180649.57
CZ01/OfS&0&cDXOH&Ex&HV_AirDist/NE-HV_AirDist-SupFanMtr-cDXOH-2SpClgHtg-Cnst/instance-out.sql,101565.30,24003.91
CZ01/OfS&0&cDXOH&Ex&HV_AirDist/NE-HV_AirDist-SupFanMtr-cDXOH-2SpClgHtg-VFDStdMtr/instance-out.sql,63225.26,24003.93
CZ01/OfS&0&cDXOH&Ex&HV_AirDist/NE-HV_AirDist-SupFanMtr-cDXOH-2SpClgHtg-SRM/instance-out.sql,61706.99,24003.93
CZ01/RFF&0&cDXOH&Ex&HV_AirDist/NE-HV_AirDist-SupFanMtr-cDXOH-2SpClgHtg-Cnst/instance-out.sql,50688.94,47396.42
CZ01/RFF&0&cDXOH&Ex&HV_AirDist/NE-HV_AirDist-SupFanMtr-cDXOH-2SpClgHtg-VFDStdMtr/instance-out.sql,40932.47,47447.62
CZ01/RFF&0&cDXOH&Ex&HV_AirDist/NE-HV_AirDist-SupFanMtr-cDXOH-2SpClgHtg-SRM/instance-out.sql,40557.21,47449.38
CZ01/RSD&0&cDXOH&Ex&HV_AirDist/NE-HV_AirDist-SupFanMtr-cDXOH-2SpClgHtg-Cnst/instance-out.sql,108991.55,140479.13
CZ01/RSD&0&cDXOH&Ex&HV_AirDist/NE-HV_AirDist-SupFanMtr-cDXOH-2SpClgHtg-VFDStdMtr/instance-out.sql,103654.04,140819.35
CZ01/RSD&0&cDXOH&Ex&HV_AirDist/NE-HV_AirDist-SupFanMtr-cDXOH-2SpClgHtg-SRM/instance-out.sql,103453.50,140832.04
CZ01/Rt3&0&cDXOH&Ex&HV_AirDist/NE-HV_AirDist-SupFanMtr-cDXOH-2SpClgHtg-Cnst/instance-out.sql,1710461.12,195134.45
CZ01/Rt3&0&cDXOH&Ex&HV_AirDist/NE-HV_AirDist-SupFanMtr-cDXOH-2SpClgHtg-VFDStdMtr/instance-out.sql,1323862.01,196841.63
CZ01/Rt3&0&cDXOH&Ex&HV_AirDist/NE-HV_AirDist-SupFanMtr-cDXOH-2SpClgHtg-SRM/instance-out.sql,1308294.12,196915.83
CZ01/RtL&0&cDXOH&Ex&HV_AirDist/NE-HV_AirDist-SupFanMtr-cDXOH-2SpClgHtg-Cnst/instance-out.sql,1730769.01,180056.41
CZ01/RtL&0&cDXOH&Ex&HV_AirDist/NE-HV_AirDist-SupFanMtr-cDXOH-2SpClgHtg-VFDStdMtr/instance-out.sql,1349411.84,180153.02
CZ01/RtL&0&cDXOH&Ex&HV_AirDist/NE-HV_AirDist-SupFanMtr-cDXOH-2SpClgHtg-SRM/instance-out.sql,1333831.54,180157.75
CZ01/RtS&0&cDXOH&Ex&HV_AirDist/NE-HV_AirDist-SupFanMtr-cDXOH-2SpClgHtg-Cnst/instance-out.sql,95466.48,16680.62
CZ01/RtS&0&cDXOH&Ex&HV_AirDist/NE-HV_AirDist-SupFanMtr-cDXOH-2SpClgHtg-VFDStdMtr/instance-out.sql,73774.44,16680.62
CZ01/RtS&0&cDXOH&Ex&HV_AirDist/NE-HV_AirDist-SupFanMtr-cDXOH-2SpClgHtg-SRM/instance-out.sql,72974.20,16680.62
CZ01/SCn&0&cDXOH&Ex&HV_AirDist/NE-HV_AirDist-SupFanMtr-cDXOH-2SpClgHtg-Cnst/instance-out.sql,1973373.42,93237.64
CZ01/SCn&0&cDXOH&Ex&HV_AirDist/NE-HV_AirDist-SupFanMtr-cDXOH-2SpClgHtg-VFDStdMtr/instance-out.sql,1367660.30,93237.64
CZ01/SCn&0&cDXOH&Ex&HV_AirDist/NE-HV_AirDist-SupFanMtr-cDXOH-2SpClgHtg-SRM/instance-out.sql,1348677.46,93237.64
CZ02/Asm&0&cDXGF&Ex&HV_AirDist/NE-HV_AirDist-SupFanMtr-cDXGF-2SpClgHtg-Cnst/instance-out.sql,599691.69,282936.06
CZ02/Asm&0&cDXGF&Ex&HV_AirDist/NE-HV_AirDist-SupFanMtr-cDXGF-2SpClgHtg-VFDStdMtr/instance-out.sql,457575.11,289191.17
CZ02/Asm&0&cDXGF&Ex&HV_AirDist/NE-HV_AirDist-SupFanMtr-cDXGF-2SpClgHtg-SRM/instance-out.sql,449793.75,293576.03
CZ02/ECC&0&cDXGF&Ex&HV_AirDist/NE-HV_AirDist-SupFanMtr-cDXGF-2SpClgHtg-Cnst/instance-out.sql,2086135.59,644404.55
CZ02/ECC&0&cDXGF&Ex&HV_AirDist/NE-HV_AirDist-SupFanMtr-cDXGF-2SpClgHtg-VFDStdMtr/instance-out.sql,1746671.66,711574.14
CZ02/ECC&0&cDXGF&Ex&HV_AirDist/NE-HV_AirDist-SupFanMtr-cDXGF-2SpClgHtg-SRM/instance-out.sql,1728298.80,716449.43
CZ02/EPr&0&cDXGF&Ex&HV_AirDist/NE-HV_AirDist-SupFanMtr-cDXGF-2SpClgHtg-Cnst/instance-out.sql,266701.35,167937.76
CZ02/EPr&0&cDXGF&Ex&HV_AirDist/NE-HV_AirDist-SupFanMtr-cDXGF-2SpClgHtg-VFDStdMtr/instance-out.sql,219331.65,179578.48
CZ02/EPr&0&cDXGF&Ex&HV_AirDist/NE-HV_AirDist-SupFanMtr-cDXGF-2SpClgHtg-SRM/instance-out.sql,216708.18,180586.01
CZ02/ERC&0&cDXGF&Ex&HV_AirDist/NE-HV_AirDist-SupFanMtr-cDXGF-2SpClgHtg-Cnst/instance-out.sql,9460.18,12026.11
CZ02/ERC&0&cDXGF&Ex&HV_AirDist/NE-HV_AirDist-SupFanMtr-cDXGF-2SpClgHtg-VFDStdMtr/instance-out.sql,6880.88,13123.95
CZ02/ERC&0&cDXGF&Ex&HV_AirDist/NE-HV_AirDist-SupFanMtr-cDXGF-2SpClgHtg-SRM/instance-out.sql,6737.73,13198.78
CZ02/ESe&0&cDXGF&Ex&HV_AirDist/NE-HV_AirDist-SupFanMtr-cDXGF-2SpClgHtg-Cnst/instance-out.sql,804363.14,501791.28
CZ02/ESe&0&cDXGF&Ex&HV_AirDist/NE-HV_AirDist-SupFanMtr-cDXGF-2SpClgHtg-VFDStdMtr/instance-out.sql,747872.75,513519.73
CZ02/ESe&0&cDXGF&Ex&HV_AirDist/NE-HV_AirDist-SupFanMtr-cDXGF-2SpClgHtg-SRM/instance-out.sql,744824.34,514359.79
CZ02/EUn&0&cDXGF&Ex&HV_AirDist/NE-HV_AirDist-SupFanMtr-cDXGF-2SpClgHtg-Cnst/instance-out.sql,7463090.25,1215509.96
CZ02/EUn&0&cDXGF&Ex&HV_AirDist/NE-HV_AirDist-SupFanMtr-cDXGF-2SpClgHtg-VFDStdMtr/instance-out.sql,6344202.12,1417639.34
CZ02/EUn&0&cDXGF&Ex&HV_AirDist/NE-HV_AirDist-SupFanMtr-cDXGF-2SpClgHtg-SRM/instance-out.sql,6283839.59,1431370.98
CZ02/Gro&0&cDXGF&Ex&HV_AirDist/NE-HV_AirDist-SupFanMtr-cDXGF-2SpClgHtg-Cnst/instance-out.sql,1744257.41,244570.51
CZ02/Gro&0&cDXGF&Ex&HV_AirDist/NE-HV_AirDist-SupFanMtr-cDXGF-2SpClgHtg-VFDStdMtr/instance-out.sql,1616215.11,305056.53
CZ02/Gro&0&cDXGF&Ex&HV_AirDist/NE-HV_AirDist-SupFanMtr-cDXGF-2SpClgHtg-SRM/instance-out.sql,1609705.63,308777.47
CZ02/Hsp&0&cDXGF&Ex&HV_AirDist/NE-HV_AirDist-SupFanMtr-cDXGF-2SpClgHtg-Cnst/instance-out.sql,3157679.04,701270.98
CZ02/Hsp&0&cDXGF&Ex&HV_AirDist/NE-HV_AirDist-SupFanMtr-cDXGF-2SpClgHtg-VFDStdMtr/instance-out.sql,2949355.08,735483.83
CZ02/Hsp&0&cDXGF&Ex&HV_AirDist/NE-HV_AirDist-SupFanMtr-cDXGF-2SpClgHtg-SRM/instance-out.sql,2938853.36,737668.33
CZ02/MBT&0&cDXGF&Ex&HV_AirDist/NE-HV_AirDist-SupFanMtr-cDXGF-2SpClgHtg-Cnst/instance-out.sql,3356135.48,4143053.33
CZ02/MBT&0&cDXGF&Ex&HV_AirDist/NE-HV_AirDist-SupFanMtr-cDXGF-2SpClgHtg-VFDStdMtr/instance-out.sql,3132204.04,4200290.30
CZ02/MBT&0&cDXGF&Ex&HV_AirDist/NE-HV_AirDist-SupFanMtr-cDXGF-2SpClgHtg-SRM/instance-out.sql,3120867.59,4204165.08
CZ02/MLI&0&cDXGF&Ex&HV_AirDist/NE-HV_AirDist-SupFanMtr-cDXGF-2SpClgHtg-Cnst/instance-out.sql,966842.54,221986.76
CZ02/MLI&0&cDXGF&Ex&HV_AirDist/NE-HV_AirDist-SupFanMtr-cDXGF-2SpClgHtg-VFDStdMtr/instance-out.sql,710441.71,316184.41
CZ02/MLI&0&cDXGF&Ex&HV_AirDist/NE-HV_AirDist-SupFanMtr-cDXGF-2SpClgHtg-SRM/instance-out.sql,697902.00,321935.76
CZ02/Mtl&0&cDXGF&Ex&HV_AirDist/NE-HV_AirDist-SupFanMtr-cDXGF-2SpClgHtg-Cnst/instance-out.sql,153563.65,37123.48
CZ02/Mtl&0&cDXGF&Ex&HV_AirDist/NE-HV_AirDist-SupFanMtr-cDXGF-2SpClgHtg-VFDStdMtr/instance-out.sql,114207.16,50395.78
CZ02/Mtl&0&cDXGF&Ex&HV_AirDist/NE-HV_AirDist-SupFanMtr-cDXGF-2SpClgHtg-SRM/instance-out.sql,112171.84,51189.79
CZ02/Nrs&0&cDXGF&Ex&HV_AirDist/NE-HV_AirDist-SupFanMtr-cDXGF-2SpClgHtg-Cnst/instance-out.sql,723274.47,282605.19
CZ02/Nrs&0&cDXGF&Ex&HV_AirDist/NE-HV_AirDist-SupFanMtr-cDXGF-2SpClgHtg-VFDStdMtr/instance-out.sql,647611.91,296213.27
CZ02/Nrs&0&cDXGF&Ex&HV_AirDist/NE-HV_AirDist-SupFanMtr-cDXGF-2SpClgHtg-SRM/instance-out.sql,643642.15,297084.89
CZ02/OfL&0&cDXGF&Ex&HV_AirDist/NE-HV_AirDist-SupFanMtr-cDXGF-2SpClgHtg-Cnst/instance-out.sql,2486940.65,225860.89
CZ02/OfL&0&cDXGF&Ex&HV_AirDist/NE-HV_AirDist-SupFanMtr-cDXGF-2SpClgHtg-VFDStdMtr/instance-out.sql,1905899.22,294566.37
CZ02/OfL&0&cDXGF&Ex&HV_AirDist/NE-HV_AirDist-SupFanMtr-cDXGF-2SpClgHtg-SRM/instance-out.sql,1875111.78,300229.29
CZ02/OfS&0&cDXGF&Ex&HV_AirDist/NE-HV_AirDist-SupFanMtr-cDXGF-2SpClgHtg-Cnst/instance-out.sql,126411.06,32935.33
CZ02/OfS&0&cDXGF&Ex&HV_AirDist/NE-HV_AirDist-SupFanMtr-cDXGF-2SpClgHtg-VFDStdMtr/instance-out.sql,87604.73,40782.20
CZ02/OfS&0&cDXGF&Ex&HV_AirDist/NE-HV_AirDist-SupFanMtr-cDXGF-2SpClgHtg-SRM/instance-out.sql,85513.00,41358.27
CZ02/RFF&0&cDXGF&Ex&HV_AirDist/NE-HV_AirDist-SupFanMtr-cDXGF-2SpClgHtg-Cnst/instance-out.sql,61891.97,52530.76
CZ02/RFF&0&cDXGF&Ex&HV_AirDist/NE-HV_AirDist-SupFanMtr-cDXGF-2SpClgHtg-VFDStdMtr/instance-out.sql,51715.80,55771.11
CZ02/RFF&0&cDXGF&Ex&HV_AirDist/NE-HV_AirDist-SupFanMtr-cDXGF-2SpClgHtg-SRM/instance-out.sql,51177.17,55997.72
CZ02/RSD&0&cDXGF&Ex&HV_AirDist/NE-HV_AirDist-SupFanMtr-cDXGF-2SpClgHtg-Cnst/instance-out.sql,124079.91,140825.70
CZ02/RSD&0&cDXGF&Ex&HV_AirDist/NE-HV_AirDist-SupFanMtr-cDXGF-2SpClgHtg-VFDStdMtr/instance-out.sql,118925.71,142287.62
CZ02/RSD&0&cDXGF&Ex&HV_AirDist/NE-HV_AirDist-SupFanMtr-cDXGF-2SpClgHtg-SRM/instance-out.sql,118662.96,142383.84
CZ02/Rt3&0&cDXGF&Ex&HV_AirDist/NE-HV_AirDist-SupFanMtr-cDXGF-2SpClgHtg-Cnst/instance-out.sql,1944163.48,278673.08
CZ02/Rt3&0&cDXGF&Ex&HV_AirDist/NE-HV_AirDist-SupFanMtr-cDXGF-2SpClgHtg-VFDStdMtr/instance-out.sql,1559896.23,351501.21
CZ02/Rt3&0&cDXGF&Ex&HV_AirDist/NE-HV_AirDist-SupFanMtr-cDXGF-2SpClgHtg-SRM/instance-out.sql,1540250.34,356385.51
CZ02/RtL&0&cDXGF&Ex&HV_AirDist/NE-HV_AirDist-SupFanMtr-cDXGF-2SpClgHtg-Cnst/instance-out.sql,1946528.52,256649.57
CZ02/RtL&0&cDXGF&Ex&HV_AirDist/NE-HV_AirDist-SupFanMtr-cDXGF-2SpClgHtg-VFDStdMtr/instance-out.sql,1581140.50,327825.96
CZ02/RtL&0&cDXGF&Ex&HV_AirDist/NE-HV_AirDist-SupFanMtr-cDXGF-2SpClgHtg-SRM/instance-out.sql,1562347.93,332299.45
CZ02/RtS&0&cDXGF&Ex&HV_AirDist/NE-HV_AirDist-SupFanMtr-cDXGF-2SpClgHtg-Cnst/instance-out.sql,117265.65,32675.11
CZ02/RtS&0&cDXGF&Ex&HV_AirDist/NE-HV_AirDist-SupFanMtr-cDXGF-2SpClgHtg-VFDStdMtr/instance-out.sql,92330.76,39858.75
CZ02/RtS&0&cDXGF&Ex&HV_AirDist/NE-HV_AirDist-SupFanMtr-cDXGF-2SpClgHtg-SRM/instance-out.sql,91040.79,40336.24
CZ02/SCn&0&cDXGF&Ex&HV_AirDist/NE-HV_AirDist-SupFanMtr-cDXGF-2SpClgHtg-Cnst/instance-out.sql,3150396.11,1064597.60
CZ02/SCn&0&cDXGF&Ex&HV_AirDist/NE-HV_AirDist-SupFanMtr-cDXGF-2SpClgHtg-VFDStdMtr/instance-out.sql,2025434.79,1568996.76
CZ02/SCn&0&cDXGF&Ex&HV_AirDist/NE-HV_AirDist-SupFanMtr-cDXGF-2SpClgHtg-SRM/instance-out.sql,1971359.45,1601693.59
CZ02/Asm&0&cDXHP&Ex&HV_AirDist/NE-HV_AirDist-SupFanMtr-cDXHP-2SpClgHtg-Cnst/instance-out.sql,637580.55,23034.67
CZ02/Asm&0&cDXHP&Ex&HV_AirDist/NE-HV_AirDist-SupFanMtr-cDXHP-2SpClgHtg-VFDStdMtr/instance-out.sql,492625.60,23034.89
CZ02/Asm&0&cDXHP&Ex&HV_AirDist/NE-HV_AirDist-SupFanMtr-cDXHP-2SpClgHtg-SRM/instance-out.sql,485229.56,23034.90
CZ02/ECC&0&cDXHP&Ex&HV_AirDist/NE-HV_AirDist-SupFanMtr-cDXHP-2SpClgHtg-Cnst/instance-out.sql,2107546.26,529056.31
CZ02/ECC&0&cDXHP&Ex&HV_AirDist/NE-HV_AirDist-SupFanMtr-cDXHP-2SpClgHtg-VFDStdMtr/instance-out.sql,1775643.60,529077.87
CZ02/ECC&0&cDXHP&Ex&HV_AirDist/NE-HV_AirDist-SupFanMtr-cDXHP-2SpClgHtg-SRM/instance-out.sql,1757970.38,529107.06
CZ02/EPr&0&cDXHP&Ex&HV_AirDist/NE-HV_AirDist-SupFanMtr-cDXHP-2SpClgHtg-Cnst/instance-out.sql,272898.11,130310.10
CZ02/EPr&0&cDXHP&Ex&HV_AirDist/NE-HV_AirDist-SupFanMtr-cDXHP-2SpClgHtg-VFDStdMtr/instance-out.sql,226132.35,130309.80
CZ02/EPr&0&cDXHP&Ex&HV_AirDist/NE-HV_AirDist-SupFanMtr-cDXHP-2SpClgHtg-SRM/instance-out.sql,223618.25,130310.96
CZ02/ERC&0&cDXHP&Ex&HV_AirDist/NE-HV_AirDist-SupFanMtr-cDXHP-2SpClgHtg-Cnst/instance-out.sql,9952.66,9357.94
CZ02/ERC&0&cDXHP&Ex&HV_AirDist/NE-HV_AirDist-SupFanMtr-cDXHP-2SpClgHtg-VFDStdMtr/instance-out.sql,7446.93,9357.98
CZ02/ERC&0&cDXHP&Ex&HV_AirDist/NE-HV_AirDist-SupFanMtr-cDXHP-2SpClgHtg-SRM/instance-out.sql,7314.76,9357.97
CZ02/ESe&0&cDXHP&Ex&HV_AirDist/NE-HV_AirDist-SupFanMtr-cDXHP-2SpClgHtg-Cnst/instance-out.sql,808603.44,477959.41
CZ02/ESe&0&cDXHP&Ex&HV_AirDist/NE-HV_AirDist-SupFanMtr-cDXHP-2SpClgHtg-VFDStdMtr/instance-out.sql,753584.01,478320.70
CZ02/ESe&0&cDXHP&Ex&HV_AirDist/NE-HV_AirDist-SupFanMtr-cDXHP-2SpClgHtg-SRM/instance-out.sql,750643.04,478332.10
CZ02/EUn&0&cDXHP&Ex&HV_AirDist/NE-HV_AirDist-SupFanMtr-cDXHP-2SpClgHtg-Cnst/instance-out.sql,7512403.42,932627.31
CZ02/EUn&0&cDXHP&Ex&HV_AirDist/NE-HV_AirDist-SupFanMtr-cDXHP-2SpClgHtg-VFDStdMtr/instance-out.sql,6425114.63,933277.55
CZ02/EUn&0&cDXHP&Ex&HV_AirDist/NE-HV_AirDist-SupFanMtr-cDXHP-2SpClgHtg-SRM/instance-out.sql,6366587.58,933290.80
CZ02/Gro&0&cDXHP&Ex&HV_AirDist/NE-HV_AirDist-SupFanMtr-cDXHP-2SpClgHtg-Cnst/instance-out.sql,1777880.14,62184.07
CZ02/Gro&0&cDXHP&Ex&HV_AirDist/NE-HV_AirDist-SupFanMtr-cDXHP-2SpClgHtg-VFDStdMtr/instance-out.sql,1652592.95,62184.07
CZ02/Gro&0&cDXHP&Ex&HV_AirDist/NE-HV_AirDist-SupFanMtr-cDXHP-2SpClgHtg-SRM/instance-out.sql,1646898.52,62184.07
CZ02/Hsp&0&cDXHP&Ex&HV_AirDist/NE-HV_AirDist-SupFanMtr-cDXHP-2SpClgHtg-Cnst/instance-out.sql,3165657.17,661429.81
CZ02/Hsp&0&cDXHP&Ex&HV_AirDist/NE-HV_AirDist-SupFanMtr-cDXHP-2SpClgHtg-VFDStdMtr/instance-out.sql,2960584.61,669148.26
CZ02/Hsp&0&cDXHP&Ex&HV_AirDist/NE-HV_AirDist-SupFanMtr-cDXHP-2SpClgHtg-SRM/instance-out.sql,2950277.20,669428.96
CZ02/MBT&0&cDXHP&Ex&HV_AirDist/NE-HV_AirDist-SupFanMtr-cDXHP-2SpClgHtg-Cnst/instance-out.sql,3379379.18,4010071.18
CZ02/MBT&0&cDXHP&Ex&HV_AirDist/NE-HV_AirDist-SupFanMtr-cDXHP-2SpClgHtg-VFDStdMtr/instance-out.sql,3158932.91,4014886.95
CZ02/MBT&0&cDXHP&Ex&HV_AirDist/NE-HV_AirDist-SupFanMtr-cDXHP-2SpClgHtg-SRM/instance-out.sql,3148023.85,4015059.20
CZ02/MLI&0&cDXHP&Ex&HV_AirDist/NE-HV_AirDist-SupFanMtr-cDXHP-2SpClgHtg-Cnst/instance-out.sql,1000095.66,49853.37
CZ02/MLI&0&cDXHP&Ex&HV_AirDist/NE-HV_AirDist-SupFanMtr-cDXHP-2SpClgHtg-VFDStdMtr/instance-out.sql,752399.26,49853.38
CZ02/MLI&0&cDXHP&Ex&HV_AirDist/NE-HV_AirDist-SupFanMtr-cDXHP-2SpClgHtg-SRM/instance-out.sql,740726.96,49853.38
CZ02/Mtl&0&cDXHP&Ex&HV_AirDist/NE-HV_AirDist-SupFanMtr-cDXHP-2SpClgHtg-Cnst/instance-out.sql,158710.43,8787.87
CZ02/Mtl&0&cDXHP&Ex&HV_AirDist/NE-HV_AirDist-SupFanMtr-cDXHP-2SpClgHtg-VFDStdMtr/instance-out.sql,120884.60,8855.51
CZ02/Mtl&0&cDXHP&Ex&HV_AirDist/NE-HV_AirDist-SupFanMtr-cDXHP-2SpClgHtg-SRM/instance-out.sql,118970.11,8842.93
CZ02/Nrs&0&cDXHP&Ex&HV_AirDist/NE-HV_AirDist-SupFanMtr-cDXHP-2SpClgHtg-Cnst/instance-out.sql,728491.08,253241.21
CZ02/Nrs&0&cDXHP&Ex&HV_AirDist/NE-HV_AirDist-SupFanMtr-cDXHP-2SpClgHtg-VFDStdMtr/instance-out.sql,654059.87,255079.37
CZ02/Nrs&0&cDXHP&Ex&HV_AirDist/NE-HV_AirDist-SupFanMtr-cDXHP-2SpClgHtg-SRM/instance-out.sql,650201.23,255114.33
CZ02/OfL&0&cDXHP&Ex&HV_AirDist/NE-HV_AirDist-SupFanMtr-cDXHP-2SpClgHtg-Cnst/instance-out.sql,2499859.08,161376.96
CZ02/OfL&0&cDXHP&Ex&HV_AirDist/NE-HV_AirDist-SupFanMtr-cDXHP-2SpClgHtg-VFDStdMtr/instance-out.sql,1936861.09,160974.92
CZ02/OfL&0&cDXHP&Ex&HV_AirDist/NE-HV_AirDist-SupFanMtr-cDXHP-2SpClgHtg-SRM/instance-out.sql,1906955.58,160975.06
CZ02/OfS&0&cDXHP&Ex&HV_AirDist/NE-HV_AirDist-SupFanMtr-cDXHP-2SpClgHtg-Cnst/instance-out.sql,128313.49,22673.87
CZ02/OfS&0&cDXHP&Ex&HV_AirDist/NE-HV_AirDist-SupFanMtr-cDXHP-2SpClgHtg-VFDStdMtr/instance-out.sql,90992.08,22673.91
CZ02/OfS&0&cDXHP&Ex&HV_AirDist/NE-HV_AirDist-SupFanMtr-cDXHP-2SpClgHtg-SRM/instance-out.sql,88997.11,22673.91
CZ02/RFF&0&cDXHP&Ex&HV_AirDist/NE-HV_AirDist-SupFanMtr-cDXHP-2SpClgHtg-Cnst/instance-out.sql,63106.87,45902.43
CZ02/RFF&0&cDXHP&Ex&HV_AirDist/NE-HV_AirDist-SupFanMtr-cDXHP-2SpClgHtg-VFDStdMtr/instance-out.sql,53299.52,45906.10
CZ02/RFF&0&cDXHP&Ex&HV_AirDist/NE-HV_AirDist-SupFanMtr-cDXHP-2SpClgHtg-SRM/instance-out.sql,52792.15,45906.11
CZ02/RSD&0&cDXHP&Ex&HV_AirDist/NE-HV_AirDist-SupFanMtr-cDXHP-2SpClgHtg-Cnst/instance-out.sql,124633.58,137768.48
CZ02/RSD&0&cDXHP&Ex&HV_AirDist/NE-HV_AirDist-SupFanMtr-cDXHP-2SpClgHtg-VFDStdMtr/instance-out.sql,119573.50,137896.85
CZ02/RSD&0&cDXHP&Ex&HV_AirDist/NE-HV_AirDist-SupFanMtr-cDXHP-2SpClgHtg-SRM/instance-out.sql,119323.22,137902.92
CZ02/Rt3&0&cDXHP&Ex&HV_AirDist/NE-HV_AirDist-SupFanMtr-cDXHP-2SpClgHtg-Cnst/instance-out.sql,1963858.57,182678.31
CZ02/Rt3&0&cDXHP&Ex&HV_AirDist/NE-HV_AirDist-SupFanMtr-cDXHP-2SpClgHtg-VFDStdMtr/instance-out.sql,1589558.66,183062.38
CZ02/Rt3&0&cDXHP&Ex&HV_AirDist/NE-HV_AirDist-SupFanMtr-cDXHP-2SpClgHtg-SRM/instance-out.sql,1570669.62,183074.50
CZ02/RtL&0&cDXHP&Ex&HV_AirDist/NE-HV_AirDist-SupFanMtr-cDXHP-2SpClgHtg-Cnst/instance-out.sql,1961714.78,171051.22
CZ02/RtL&0&cDXHP&Ex&HV_AirDist/NE-HV_AirDist-SupFanMtr-cDXHP-2SpClgHtg-VFDStdMtr/instance-out.sql,1606120.07,171053.69
CZ02/RtL&0&cDXHP&Ex&HV_AirDist/NE-HV_AirDist-SupFanMtr-cDXHP-2SpClgHtg-SRM/instance-out.sql,1587942.05,171053.76
CZ02/RtS&0&cDXHP&Ex&HV_AirDist/NE-HV_AirDist-SupFanMtr-cDXHP-2SpClgHtg-Cnst/instance-out.sql,120483.40,15968.69
CZ02/RtS&0&cDXHP&Ex&HV_AirDist/NE-HV_AirDist-SupFanMtr-cDXHP-2SpClgHtg-VFDStdMtr/instance-out.sql,96294.52,15968.71
CZ02/RtS&0&cDXHP&Ex&HV_AirDist/NE-HV_AirDist-SupFanMtr-cDXHP-2SpClgHtg-SRM/instance-out.sql,95069.51,15968.71
CZ02/SCn&0&cDXHP&Ex&HV_AirDist/NE-HV_AirDist-SupFanMtr-cDXHP-2SpClgHtg-Cnst/instance-out.sql,3344884.75,87371.75
CZ02/SCn&0&cDXHP&Ex&HV_AirDist/NE-HV_AirDist-SupFanMtr-cDXHP-2SpClgHtg-VFDStdMtr/instance-out.sql,2259499.51,87371.75
CZ02/SCn&0&cDXHP&Ex&HV_AirDist/NE-HV_AirDist-SupFanMtr-cDXHP-2SpClgHtg-SRM/instance-out.sql,2210175.56,87371.75
CZ02/Asm&0&cDXOH&Ex&HV_AirDist/NE-HV_AirDist-SupFanMtr-cDXOH-2SpClgHtg-Cnst/instance-out.sql,595915.33,23034.68
CZ02/Asm&0&cDXOH&Ex&HV_AirDist/NE-HV_AirDist-SupFanMtr-cDXOH-2SpClgHtg-VFDStdMtr/instance-out.sql,435876.76,23034.89
CZ02/Asm&0&cDXOH&Ex&HV_AirDist/NE-HV_AirDist-SupFanMtr-cDXOH-2SpClgHtg-SRM/instance-out.sql,428074.91,23034.87
CZ02/ECC&0&cDXOH&Ex&HV_AirDist/NE-HV_AirDist-SupFanMtr-cDXOH-2SpClgHtg-Cnst/instance-out.sql,2066102.85,529399.56
CZ02/ECC&0&cDXOH&Ex&HV_AirDist/NE-HV_AirDist-SupFanMtr-cDXOH-2SpClgHtg-VFDStdMtr/instance-out.sql,1707056.11,529553.43
CZ02/ECC&0&cDXOH&Ex&HV_AirDist/NE-HV_AirDist-SupFanMtr-cDXOH-2SpClgHtg-SRM/instance-out.sql,1689033.93,529560.56
CZ02/EPr&0&cDXOH&Ex&HV_AirDist/NE-HV_AirDist-SupFanMtr-cDXOH-2SpClgHtg-Cnst/instance-out.sql,262281.32,130313.36
CZ02/EPr&0&cDXOH&Ex&HV_AirDist/NE-HV_AirDist-SupFanMtr-cDXOH-2SpClgHtg-VFDStdMtr/instance-out.sql,211391.02,130313.52
CZ02/EPr&0&cDXOH&Ex&HV_AirDist/NE-HV_AirDist-SupFanMtr-cDXOH-2SpClgHtg-SRM/instance-out.sql,208900.22,130313.52
CZ02/ERC&0&cDXOH&Ex&HV_AirDist/NE-HV_AirDist-SupFanMtr-cDXOH-2SpClgHtg-Cnst/instance-out.sql,8955.50,9357.94
CZ02/ERC&0&cDXOH&Ex&HV_AirDist/NE-HV_AirDist-SupFanMtr-cDXOH-2SpClgHtg-VFDStdMtr/instance-out.sql,6186.97,9357.95
CZ02/ERC&0&cDXOH&Ex&HV_AirDist/NE-HV_AirDist-SupFanMtr-cDXOH-2SpClgHtg-SRM/instance-out.sql,6064.83,9357.95
CZ02/ESe&0&cDXOH&Ex&HV_AirDist/NE-HV_AirDist-SupFanMtr-cDXOH-2SpClgHtg-Cnst/instance-out.sql,802135.09,479153.98
CZ02/ESe&0&cDXOH&Ex&HV_AirDist/NE-HV_AirDist-SupFanMtr-cDXOH-2SpClgHtg-VFDStdMtr/instance-out.sql,741034.06,480020.85
CZ02/ESe&0&cDXOH&Ex&HV_AirDist/NE-HV_AirDist-SupFanMtr-cDXOH-2SpClgHtg-SRM/instance-out.sql,738007.42,480055.27
CZ02/EUn&0&cDXOH&Ex&HV_AirDist/NE-HV_AirDist-SupFanMtr-cDXOH-2SpClgHtg-Cnst/instance-out.sql,7442590.36,936830.31
CZ02/EUn&0&cDXOH&Ex&HV_AirDist/NE-HV_AirDist-SupFanMtr-cDXOH-2SpClgHtg-VFDStdMtr/instance-out.sql,6233817.13,939857.33
CZ02/EUn&0&cDXOH&Ex&HV_AirDist/NE-HV_AirDist-SupFanMtr-cDXOH-2SpClgHtg-SRM/instance-out.sql,6172813.58,939957.67
CZ02/Gro&0&cDXOH&Ex&HV_AirDist/NE-HV_AirDist-SupFanMtr-cDXOH-2SpClgHtg-Cnst/instance-out.sql
CZ02/Gro&0&cDXOH&Ex&HV_AirDist/NE-HV_AirDist-SupFanMtr-cDXOH-2SpClgHtg-VFDStdMtr/instance-out.sql
CZ02/Gro&0&cDXOH&Ex&HV_AirDist/NE-HV_AirDist-SupFanMtr-cDXOH-2SpClgHtg-SRM/instance-out.sql
CZ02/Hsp&0&cDXOH&Ex&HV_AirDist/NE-HV_AirDist-SupFanMtr-cDXOH-2SpClgHtg-Cnst/instance-out.sql,3155814.94,668165.07
CZ02/Hsp&0&cDXOH&Ex&HV_AirDist/NE-HV_AirDist-SupFanMtr-cDXOH-2SpClgHtg-VFDStdMtr/instance-out.sql,2935873.13,682973.47
CZ02/Hsp&0&cDXOH&Ex&HV_AirDist/NE-HV_AirDist-SupFanMtr-cDXOH-2SpClgHtg-SRM/instance-out.sql,2925193.27,683592.81
CZ02/MBT&0&cDXOH&Ex&HV_AirDist/NE-HV_AirDist-SupFanMtr-cDXOH-2SpClgHtg-Cnst/instance-out.sql,3352601.32,4021387.92
CZ02/MBT&0&cDXOH&Ex&HV_AirDist/NE-HV_AirDist-SupFanMtr-cDXOH-2SpClgHtg-VFDStdMtr/instance-out.sql,3104086.99,4033732.98
CZ02/MBT&0&cDXOH&Ex&HV_AirDist/NE-HV_AirDist-SupFanMtr-cDXOH-2SpClgHtg-SRM/instance-out.sql,3092765.23,4034241.18
CZ02/MLI&0&cDXOH&Ex&HV_AirDist/NE-HV_AirDist-SupFanMtr-cDXOH-2SpClgHtg-Cnst/instance-out.sql,932670.10,49853.37
CZ02/MLI&0&cDXOH&Ex&HV_AirDist/NE-HV_AirDist-SupFanMtr-cDXOH-2SpClgHtg-VFDStdMtr/instance-out.sql,654899.57,49853.37
CZ02/MLI&0&cDXOH&Ex&HV_AirDist/NE-HV_AirDist-SupFanMtr-cDXOH-2SpClgHtg-SRM/instance-out.sql,643299.74,49853.37
CZ02/Mtl&0&cDXOH&Ex&HV_AirDist/NE-HV_AirDist-SupFanMtr-cDXOH-2SpClgHtg-Cnst/instance-out.sql,152571.83,11654.57
CZ02/Mtl&0&cDXOH&Ex&HV_AirDist/NE-HV_AirDist-SupFanMtr-cDXOH-2SpClgHtg-VFDStdMtr/instance-out.sql,106899.34,14099.11
CZ02/Mtl&0&cDXOH&Ex&HV_AirDist/NE-HV_AirDist-SupFanMtr-cDXOH-2SpClgHtg-SRM/instance-out.sql,104889.77,14189.48
CZ02/Nrs&0&cDXOH&Ex&HV_AirDist/NE-HV_AirDist-SupFanMtr-cDXOH-2SpClgHtg-Cnst/instance-out.sql,722312.45,259296.25
CZ02/Nrs&0&cDXOH&Ex&HV_AirDist/NE-HV_AirDist-SupFanMtr-cDXOH-2SpClgHtg-VFDStdMtr/instance-out.sql,641265.98,264732.02
CZ02/Nrs&0&cDXOH&Ex&HV_AirDist/NE-HV_AirDist-SupFanMtr-cDXOH-2SpClgHtg-SRM/instance-out.sql,637342.65,264995.56
CZ02/OfL&0&cDXOH&Ex&HV_AirDist/NE-HV_AirDist-SupFanMtr-cDXOH-2SpClgHtg-Cnst/instance-out.sql,2475895.54,161502.99
CZ02/OfL&0&cDXOH&Ex&HV_AirDist/NE-HV_AirDist-SupFanMtr-cDXOH-2SpClgHtg-VFDStdMtr/instance-out.sql,1853201.07,161496.41
CZ02/OfL&0&cDXOH&Ex&HV_AirDist/NE-HV_AirDist-SupFanMtr-cDXOH-2SpClgHtg-SRM/instance-out.sql,1821850.62,161496.53
CZ02/OfS&0&cDXOH&Ex&HV_AirDist/NE-HV_AirDist-SupFanMtr-cDXOH-2SpClgHtg-Cnst/instance-out.sql,125600.18,22673.86
CZ02/OfS&0&cDXOH&Ex&HV_AirDist/NE-HV_AirDist-SupFanMtr-cDXOH-2SpClgHtg-VFDStdMtr/instance-out.sql,82612.18,22673.88
CZ02/OfS&0&cDXOH&Ex&HV_AirDist/NE-HV_AirDist-SupFanMtr-cDXOH-2SpClgHtg-SRM/instance-out.sql,80513.88,22673.88
CZ02/RFF&0&cDXOH&Ex&HV_AirDist/NE-HV_AirDist-SupFanMtr-cDXOH-2SpClgHtg-Cnst/instance-out.sql,61361.01,45984.13
CZ02/RFF&0&cDXOH&Ex&HV_AirDist/NE-HV_AirDist-SupFanMtr-cDXOH-2SpClgHtg-VFDStdMtr/instance-out.sql,49767.80,46040.95
CZ02/RFF&0&cDXOH&Ex&HV_AirDist/NE-HV_AirDist-SupFanMtr-cDXOH-2SpClgHtg-SRM/instance-out.sql,49239.38,46042.89
CZ02/RSD&0&cDXOH&Ex&HV_AirDist/NE-HV_AirDist-SupFanMtr-cDXOH-2SpClgHtg-Cnst/instance-out.sql,123910.82,138097.88
CZ02/RSD&0&cDXOH&Ex&HV_AirDist/NE-HV_AirDist-SupFanMtr-cDXOH-2SpClgHtg-VFDStdMtr/instance-out.sql,118162.64,138353.58
CZ02/RSD&0&cDXOH&Ex&HV_AirDist/NE-HV_AirDist-SupFanMtr-cDXOH-2SpClgHtg-SRM/instance-out.sql,117899.46,138361.84
CZ02/Rt3&0&cDXOH&Ex&HV_AirDist/NE-HV_AirDist-SupFanMtr-cDXOH-2SpClgHtg-Cnst/instance-out.sql,1931421.48,183088.12
CZ02/Rt3&0&cDXOH&Ex&HV_AirDist/NE-HV_AirDist-SupFanMtr-cDXOH-2SpClgHtg-VFDStdMtr/instance-out.sql,1521156.81,184220.40
CZ02/Rt3&0&cDXOH&Ex&HV_AirDist/NE-HV_AirDist-SupFanMtr-cDXOH-2SpClgHtg-SRM/instance-out.sql,1501652.10,184267.28
CZ02/RtL&0&cDXOH&Ex&HV_AirDist/NE-HV_AirDist-SupFanMtr-cDXOH-2SpClgHtg-Cnst/instance-out.sql,1924924.08,171082.53
CZ02/RtL&0&cDXOH&Ex&HV_AirDist/NE-HV_AirDist-SupFanMtr-cDXOH-2SpClgHtg-VFDStdMtr/instance-out.sql,1545184.27,171162.32
CZ02/RtL&0&cDXOH&Ex&HV_AirDist/NE-HV_AirDist-SupFanMtr-cDXOH-2SpClgHtg-SRM/instance-out.sql,1526838.42,171165.62
CZ02/RtS&0&cDXOH&Ex&HV_AirDist/NE-HV_AirDist-SupFanMtr-cDXOH-2SpClgHtg-Cnst/instance-out.sql,114566.23,15968.69
CZ02/RtS&0&cDXOH&Ex&HV_AirDist/NE-HV_AirDist-SupFanMtr-cDXOH-2SpClgHtg-VFDStdMtr/instance-out.sql,87858.72,15968.71
CZ02/RtS&0&cDXOH&Ex&HV_AirDist/NE-HV_AirDist-SupFanMtr-cDXOH-2SpClgHtg-SRM/instance-out.sql,86631.64,15968.71
CZ02/SCn&0&cDXOH&Ex&HV_AirDist/NE-HV_AirDist-SupFanMtr-cDXOH-2SpClgHtg-Cnst/instance-out.sql,2375867.45,87371.75
CZ02/SCn&0&cDXOH&Ex&HV_AirDist/NE-HV_AirDist-SupFanMtr-cDXOH-2SpClgHtg-VFDStdMtr/instance-out.sql,1608673.13,87371.75
CZ02/SCn&0&cDXOH&Ex&HV_AirDist/NE-HV_AirDist-SupFanMtr-cDXOH-2SpClgHtg-SRM/instance-out.sql,1579839.53,87371.75
CZ03/Asm&0&cDXGF&Ex&HV_AirDist/NE-HV_AirDist-SupFanMtr-cDXGF-2SpClgHtg-Cnst/instance-out.sql,546375.22,186665.96
CZ03/Asm&0&cDXGF&Ex&HV_AirDist/NE-HV_AirDist-SupFanMtr-cDXGF-2SpClgHtg-VFDStdMtr/instance-out.sql,411812.94,172869.61
CZ03/Asm&0&cDXGF&Ex&HV_AirDist/NE-HV_AirDist-SupFanMtr-cDXGF-2SpClgHtg-SRM/instance-out.sql,404228.48,175940.52
CZ03/ECC&0&cDXGF&Ex&HV_AirDist/NE-HV_AirDist-SupFanMtr-cDXGF-2SpClgHtg-Cnst/instance-out.sql,1965093.87,584365.13
CZ03/ECC&0&cDXGF&Ex&HV_AirDist/NE-HV_AirDist-SupFanMtr-cDXGF-2SpClgHtg-VFDStdMtr/instance-out.sql,1647068.40,625334.78
CZ03/ECC&0&cDXGF&Ex&HV_AirDist/NE-HV_AirDist-SupFanMtr-cDXGF-2SpClgHtg-SRM/instance-out.sql,1629345.74,628486.43
CZ03/EPr&0&cDXGF&Ex&HV_AirDist/NE-HV_AirDist-SupFanMtr-cDXGF-2SpClgHtg-Cnst/instance-out.sql,246430.21,151736.88
CZ03/EPr&0&cDXGF&Ex&HV_AirDist/NE-HV_AirDist-SupFanMtr-cDXGF-2SpClgHtg-VFDStdMtr/instance-out.sql,203487.91,159014.65
CZ03/EPr&0&cDXGF&Ex&HV_AirDist/NE-HV_AirDist-SupFanMtr-cDXGF-2SpClgHtg-SRM/instance-out.sql,201029.95,159706.34
CZ03/ERC&0&cDXGF&Ex&HV_AirDist/NE-HV_AirDist-SupFanMtr-cDXGF-2SpClgHtg-Cnst/instance-out.sql,8229.79,11108.35
CZ03/ERC&0&cDXGF&Ex&HV_AirDist/NE-HV_AirDist-SupFanMtr-cDXGF-2SpClgHtg-VFDStdMtr/instance-out.sql,6017.82,11933.61
CZ03/ERC&0&cDXGF&Ex&HV_AirDist/NE-HV_AirDist-SupFanMtr-cDXGF-2SpClgHtg-SRM/instance-out.sql,5898.48,11992.55
CZ03/ESe&0&cDXGF&Ex&HV_AirDist/NE-HV_AirDist-SupFanMtr-cDXGF-2SpClgHtg-Cnst/instance-out.sql,742688.96,427630.88
CZ03/ESe&0&cDXGF&Ex&HV_AirDist/NE-HV_AirDist-SupFanMtr-cDXGF-2SpClgHtg-VFDStdMtr/instance-out.sql,690449.97,434674.11
CZ03/ESe&0&cDXGF&Ex&HV_AirDist/NE-HV_AirDist-SupFanMtr-cDXGF-2SpClgHtg-SRM/instance-out.sql,687504.36,435226.94
CZ03/EUn&0&cDXGF&Ex&HV_AirDist/NE-HV_AirDist-SupFanMtr-cDXGF-2SpClgHtg-Cnst/instance-out.sql,7108735.31,1061754.31
CZ03/EUn&0&cDXGF&Ex&HV_AirDist/NE-HV_AirDist-SupFanMtr-cDXGF-2SpClgHtg-VFDStdMtr/instance-out.sql,6049885.07,1189411.99
CZ03/EUn&0&cDXGF&Ex&HV_AirDist/NE-HV_AirDist-SupFanMtr-cDXGF-2SpClgHtg-SRM/instance-out.sql,5989788.64,1198808.08
CZ03/Gro&0&cDXGF&Ex&HV_AirDist/NE-HV_AirDist-SupFanMtr-cDXGF-2SpClgHtg-Cnst/instance-out.sql,1776789.54,194900.98
CZ03/Gro&0&cDXGF&Ex&HV_AirDist/NE-HV_AirDist-SupFanMtr-cDXGF-2SpClgHtg-VFDStdMtr/instance-out.sql,1655755.25,251780.29
CZ03/Gro&0&cDXGF&Ex&HV_AirDist/NE-HV_AirDist-SupFanMtr-cDXGF-2SpClgHtg-SRM/instance-out.sql,1650099.92,255265.57
CZ03/Hsp&0&cDXGF&Ex&HV_AirDist/NE-HV_AirDist-SupFanMtr-cDXGF-2SpClgHtg-Cnst/instance-out.sql,2851891.12,548905.02
CZ03/Hsp&0&cDXGF&Ex&HV_AirDist/NE-HV_AirDist-SupFanMtr-cDXGF-2SpClgHtg-VFDStdMtr/instance-out.sql,2660557.51,569861.07
CZ03/Hsp&0&cDXGF&Ex&HV_AirDist/NE-HV_AirDist-SupFanMtr-cDXGF-2SpClgHtg-SRM/instance-out.sql,2650272.94,571198.56
CZ03/MBT&0&cDXGF&Ex&HV_AirDist/NE-HV_AirDist-SupFanMtr-cDXGF-2SpClgHtg-Cnst/instance-out.sql,3194055.07,3371880.29
CZ03/MBT&0&cDXGF&Ex&HV_AirDist/NE-HV_AirDist-SupFanMtr-cDXGF-2SpClgHtg-VFDStdMtr/instance-out.sql,2985561.29,3412088.62
CZ03/MBT&0&cDXGF&Ex&HV_AirDist/NE-HV_AirDist-SupFanMtr-cDXGF-2SpClgHtg-SRM/instance-out.sql,2974641.30,3414968.82
CZ03/MLI&0&cDXGF&Ex&HV_AirDist/NE-HV_AirDist-SupFanMtr-cDXGF-2SpClgHtg-Cnst/instance-out.sql,901727.53,160211.07
CZ03/MLI&0&cDXGF&Ex&HV_AirDist/NE-HV_AirDist-SupFanMtr-cDXGF-2SpClgHtg-VFDStdMtr/instance-out.sql,652686.48,237439.37
CZ03/MLI&0&cDXGF&Ex&HV_AirDist/NE-HV_AirDist-SupFanMtr-cDXGF-2SpClgHtg-SRM/instance-out.sql,641014.02,242349.78
CZ03/Mtl&0&cDXGF&Ex&HV_AirDist/NE-HV_AirDist-SupFanMtr-cDXGF-2SpClgHtg-Cnst/instance-out.sql,142212.57,24188.77
CZ03/Mtl&0&cDXGF&Ex&HV_AirDist/NE-HV_AirDist-SupFanMtr-cDXGF-2SpClgHtg-VFDStdMtr/instance-out.sql,103303.86,33533.09
CZ03/Mtl&0&cDXGF&Ex&HV_AirDist/NE-HV_AirDist-SupFanMtr-cDXGF-2SpClgHtg-SRM/instance-out.sql,101312.76,34131.52
CZ03/Nrs&0&cDXGF&Ex&HV_AirDist/NE-HV_AirDist-SupFanMtr-cDXGF-2SpClgHtg-Cnst/instance-out.sql,690586.33,241407.86
CZ03/Nrs&0&cDXGF&Ex&HV_AirDist/NE-HV_AirDist-SupFanMtr-cDXGF-2SpClgHtg-VFDStdMtr/instance-out.sql,617913.46,250588.03
CZ03/Nrs&0&cDXGF&Ex&HV_AirDist/NE-HV_AirDist-SupFanMtr-cDXGF-2SpClgHtg-SRM/instance-out.sql,613974.29,251251.99
CZ03/OfL&0&cDXGF&Ex&HV_AirDist/NE-HV_AirDist-SupFanMtr-cDXGF-2SpClgHtg-Cnst/instance-out.sql,2326830.69,187470.18
CZ03/OfL&0&cDXGF&Ex&HV_AirDist/NE-HV_AirDist-SupFanMtr-cDXGF-2SpClgHtg-VFDStdMtr/instance-out.sql,1775558.77,229738.37
CZ03/OfL&0&cDXGF&Ex&HV_AirDist/NE-HV_AirDist-SupFanMtr-cDXGF-2SpClgHtg-SRM/instance-out.sql,1744535.02,233441.94
CZ03/OfS&0&cDXGF&Ex&HV_AirDist/NE-HV_AirDist-SupFanMtr-cDXGF-2SpClgHtg-Cnst/instance-out.sql,115722.92,28576.03
CZ03/OfS&0&cDXGF&Ex&HV_AirDist/NE-HV_AirDist-SupFanMtr-cDXGF-2SpClgHtg-VFDStdMtr/instance-out.sql,78948.43,33869.76
CZ03/OfS&0&cDXGF&Ex&HV_AirDist/NE-HV_AirDist-SupFanMtr-cDXGF-2SpClgHtg-SRM/instance-out.sql,76972.38,34267.69
CZ03/RFF&0&cDXGF&Ex&HV_AirDist/NE-HV_AirDist-SupFanMtr-cDXGF-2SpClgHtg-Cnst/instance-out.sql,57861.20,48996.86
CZ03/RFF&0&cDXGF&Ex&HV_AirDist/NE-HV_AirDist-SupFanMtr-cDXGF-2SpClgHtg-VFDStdMtr/instance-out.sql,48083.60,51269.68
CZ03/RFF&0&cDXGF&Ex&HV_AirDist/NE-HV_AirDist-SupFanMtr-cDXGF-2SpClgHtg-SRM/instance-out.sql,47563.43,51435.69
CZ03/RSD&0&cDXGF&Ex&HV_AirDist/NE-HV_AirDist-SupFanMtr-cDXGF-2SpClgHtg-Cnst/instance-out.sql,113101.33,122172.50
CZ03/RSD&0&cDXGF&Ex&HV_AirDist/NE-HV_AirDist-SupFanMtr-cDXGF-2SpClgHtg-VFDStdMtr/instance-out.sql,108056.42,123234.94
CZ03/RSD&0&cDXGF&Ex&HV_AirDist/NE-HV_AirDist-SupFanMtr-cDXGF-2SpClgHtg-SRM/instance-out.sql,107794.37,123311.94
CZ03/Rt3&0&cDXGF&Ex&HV_AirDist/NE-HV_AirDist-SupFanMtr-cDXGF-2SpClgHtg-Cnst/instance-out.sql,1814092.86,231056.93
CZ03/Rt3&0&cDXGF&Ex&HV_AirDist/NE-HV_AirDist-SupFanMtr-cDXGF-2SpClgHtg-VFDStdMtr/instance-out.sql,1459408.54,277761.92
CZ03/Rt3&0&cDXGF&Ex&HV_AirDist/NE-HV_AirDist-SupFanMtr-cDXGF-2SpClgHtg-SRM/instance-out.sql,1441116.37,280931.77
CZ03/RtL&0&cDXGF&Ex&HV_AirDist/NE-HV_AirDist-SupFanMtr-cDXGF-2SpClgHtg-Cnst/instance-out.sql,1831773.91,209847.15
CZ03/RtL&0&cDXGF&Ex&HV_AirDist/NE-HV_AirDist-SupFanMtr-cDXGF-2SpClgHtg-VFDStdMtr/instance-out.sql,1490274.09,256537.73
CZ03/RtL&0&cDXGF&Ex&HV_AirDist/NE-HV_AirDist-SupFanMtr-cDXGF-2SpClgHtg-SRM/instance-out.sql,1472344.28,259593.40
CZ03/RtS&0&cDXGF&Ex&HV_AirDist/NE-HV_AirDist-SupFanMtr-cDXGF-2SpClgHtg-Cnst/instance-out.sql,107819.48,25413.24
CZ03/RtS&0&cDXGF&Ex&HV_AirDist/NE-HV_AirDist-SupFanMtr-cDXGF-2SpClgHtg-VFDStdMtr/instance-out.sql,84886.20,30526.16
CZ03/RtS&0&cDXGF&Ex&HV_AirDist/NE-HV_AirDist-SupFanMtr-cDXGF-2SpClgHtg-SRM/instance-out.sql,83688.28,30868.93
CZ03/SCn&0&cDXGF&Ex&HV_AirDist/NE-HV_AirDist-SupFanMtr-cDXGF-2SpClgHtg-Cnst/instance-out.sql,2759861.57,828967.58
CZ03/SCn&0&cDXGF&Ex&HV_AirDist/NE-HV_AirDist-SupFanMtr-cDXGF-2SpClgHtg-VFDStdMtr/instance-out.sql,1765002.82,1260169.94
CZ03/SCn&0&cDXGF&Ex&HV_AirDist/NE-HV_AirDist-SupFanMtr-cDXGF-2SpClgHtg-SRM/instance-out.sql,1720150.67,1287277.72
CZ03/Asm&0&cDXHP&Ex&HV_AirDist/NE-HV_AirDist-SupFanMtr-cDXHP-2SpClgHtg-Cnst/instance-out.sql,571057.59,22834.79
CZ03/Asm&0&cDXHP&Ex&HV_AirDist/NE-HV_AirDist-SupFanMtr-cDXHP-2SpClgHtg-VFDStdMtr/instance-out.sql,429936.65,22834.97
CZ03/Asm&0&cDXHP&Ex&HV_AirDist/NE-HV_AirDist-SupFanMtr-cDXHP-2SpClgHtg-SRM/instance-out.sql,422781.64,22834.93
CZ03/ECC&0&cDXHP&Ex&HV_AirDist/NE-HV_AirDist-SupFanMtr-cDXHP-2SpClgHtg-Cnst/instance-out.sql,1975986.90,523317.87
CZ03/ECC&0&cDXHP&Ex&HV_AirDist/NE-HV_AirDist-SupFanMtr-cDXHP-2SpClgHtg-VFDStdMtr/instance-out.sql,1661713.58,523337.69
CZ03/ECC&0&cDXHP&Ex&HV_AirDist/NE-HV_AirDist-SupFanMtr-cDXHP-2SpClgHtg-SRM/instance-out.sql,1644456.30,523339.53
CZ03/EPr&0&cDXHP&Ex&HV_AirDist/NE-HV_AirDist-SupFanMtr-cDXHP-2SpClgHtg-Cnst/instance-out.sql,250103.81,129400.39
CZ03/EPr&0&cDXHP&Ex&HV_AirDist/NE-HV_AirDist-SupFanMtr-cDXHP-2SpClgHtg-VFDStdMtr/instance-out.sql,207368.12,129400.64
CZ03/EPr&0&cDXHP&Ex&HV_AirDist/NE-HV_AirDist-SupFanMtr-cDXHP-2SpClgHtg-SRM/instance-out.sql,205002.17,129400.63
CZ03/ERC&0&cDXHP&Ex&HV_AirDist/NE-HV_AirDist-SupFanMtr-cDXHP-2SpClgHtg-Cnst/instance-out.sql,8542.26,9325.12
CZ03/ERC&0&cDXHP&Ex&HV_AirDist/NE-HV_AirDist-SupFanMtr-cDXHP-2SpClgHtg-VFDStdMtr/instance-out.sql,6389.58,9325.12
CZ03/ERC&0&cDXHP&Ex&HV_AirDist/NE-HV_AirDist-SupFanMtr-cDXHP-2SpClgHtg-SRM/instance-out.sql,6278.42,9325.12
CZ03/ESe&0&cDXHP&Ex&HV_AirDist/NE-HV_AirDist-SupFanMtr-cDXHP-2SpClgHtg-Cnst/instance-out.sql,744868.77,415149.94
CZ03/ESe&0&cDXHP&Ex&HV_AirDist/NE-HV_AirDist-SupFanMtr-cDXHP-2SpClgHtg-VFDStdMtr/instance-out.sql,693260.37,415392.37
CZ03/ESe&0&cDXHP&Ex&HV_AirDist/NE-HV_AirDist-SupFanMtr-cDXHP-2SpClgHtg-SRM/instance-out.sql,690380.52,415401.92
CZ03/EUn&0&cDXHP&Ex&HV_AirDist/NE-HV_AirDist-SupFanMtr-cDXHP-2SpClgHtg-Cnst/instance-out.sql,7133859.20,908183.89
CZ03/EUn&0&cDXHP&Ex&HV_AirDist/NE-HV_AirDist-SupFanMtr-cDXHP-2SpClgHtg-VFDStdMtr/instance-out.sql,6089447.90,908744.97
CZ03/EUn&0&cDXHP&Ex&HV_AirDist/NE-HV_AirDist-SupFanMtr-cDXHP-2SpClgHtg-SRM/instance-out.sql,6030861.35,908762.89
CZ03/Gro&0&cDXHP&Ex&HV_AirDist/NE-HV_AirDist-SupFanMtr-cDXHP-2SpClgHtg-Cnst/instance-out.sql,1800114.95,61510.01
CZ03/Gro&0&cDXHP&Ex&HV_AirDist/NE-HV_AirDist-SupFanMtr-cDXHP-2SpClgHtg-VFDStdMtr/instance-out.sql,1682048.55,61510.02
CZ03/Gro&0&cDXHP&Ex&HV_AirDist/NE-HV_AirDist-SupFanMtr-cDXHP-2SpClgHtg-SRM/instance-out.sql,1676886.63,61510.02
CZ03/Hsp&0&cDXHP&Ex&HV_AirDist/NE-HV_AirDist-SupFanMtr-cDXHP-2SpClgHtg-Cnst/instance-out.sql,2855844.62,526757.51
CZ03/Hsp&0&cDXHP&Ex&HV_AirDist/NE-HV_AirDist-SupFanMtr-cDXHP-2SpClgHtg-VFDStdMtr/instance-out.sql,2665980.40,532181.69
CZ03/Hsp&0&cDXHP&Ex&HV_AirDist/NE-HV_AirDist-SupFanMtr-cDXHP-2SpClgHtg-SRM/instance-out.sql,2655840.97,532414.10
CZ03/MBT&0&cDXHP&Ex&HV_AirDist/NE-HV_AirDist-SupFanMtr-cDXHP-2SpClgHtg-Cnst/instance-out.sql,3208216.00,3285935.81
CZ03/MBT&0&cDXHP&Ex&HV_AirDist/NE-HV_AirDist-SupFanMtr-cDXHP-2SpClgHtg-VFDStdMtr/instance-out.sql,3001803.92,3290865.29
CZ03/MBT&0&cDXHP&Ex&HV_AirDist/NE-HV_AirDist-SupFanMtr-cDXHP-2SpClgHtg-SRM/instance-out.sql,2991281.11,3291070.09
CZ03/MLI&0&cDXHP&Ex&HV_AirDist/NE-HV_AirDist-SupFanMtr-cDXHP-2SpClgHtg-Cnst/instance-out.sql,922149.47,49328.08
CZ03/MLI&0&cDXHP&Ex&HV_AirDist/NE-HV_AirDist-SupFanMtr-cDXHP-2SpClgHtg-VFDStdMtr/instance-out.sql,681095.78,49328.09
CZ03/MLI&0&cDXHP&Ex&HV_AirDist/NE-HV_AirDist-SupFanMtr-cDXHP-2SpClgHtg-SRM/instance-out.sql,670167.99,49328.09
CZ03/Mtl&0&cDXHP&Ex&HV_AirDist/NE-HV_AirDist-SupFanMtr-cDXHP-2SpClgHtg-Cnst/instance-out.sql,144949.71,8307.46
CZ03/Mtl&0&cDXHP&Ex&HV_AirDist/NE-HV_AirDist-SupFanMtr-cDXHP-2SpClgHtg-VFDStdMtr/instance-out.sql,106954.14,8333.19
CZ03/Mtl&0&cDXHP&Ex&HV_AirDist/NE-HV_AirDist-SupFanMtr-cDXHP-2SpClgHtg-SRM/instance-out.sql,105041.71,8327.93
CZ03/Nrs&0&cDXHP&Ex&HV_AirDist/NE-HV_AirDist-SupFanMtr-cDXHP-2SpClgHtg-Cnst/instance-out.sql,693260.71,225526.30
CZ03/Nrs&0&cDXHP&Ex&HV_AirDist/NE-HV_AirDist-SupFanMtr-cDXHP-2SpClgHtg-VFDStdMtr/instance-out.sql,621113.07,227183.15
CZ03/Nrs&0&cDXHP&Ex&HV_AirDist/NE-HV_AirDist-SupFanMtr-cDXHP-2SpClgHtg-SRM/instance-out.sql,617282.86,227277.76
CZ03/OfL&0&cDXHP&Ex&HV_AirDist/NE-HV_AirDist-SupFanMtr-cDXHP-2SpClgHtg-Cnst/instance-out.sql,2333287.62,145062.88
CZ03/OfL&0&cDXHP&Ex&HV_AirDist/NE-HV_AirDist-SupFanMtr-cDXHP-2SpClgHtg-VFDStdMtr/instance-out.sql,1790726.78,144772.22
CZ03/OfL&0&cDXHP&Ex&HV_AirDist/NE-HV_AirDist-SupFanMtr-cDXHP-2SpClgHtg-SRM/instance-out.sql,1759973.15,144775.25
CZ03/OfS&0&cDXHP&Ex&HV_AirDist/NE-HV_AirDist-SupFanMtr-cDXHP-2SpClgHtg-Cnst/instance-out.sql,116675.01,22453.23
CZ03/OfS&0&cDXHP&Ex&HV_AirDist/NE-HV_AirDist-SupFanMtr-cDXHP-2SpClgHtg-VFDStdMtr/instance-out.sql,80717.32,22453.26
CZ03/OfS&0&cDXHP&Ex&HV_AirDist/NE-HV_AirDist-SupFanMtr-cDXHP-2SpClgHtg-SRM/instance-out.sql,78808.98,22453.26
CZ03/RFF&0&cDXHP&Ex&HV_AirDist/NE-HV_AirDist-SupFanMtr-cDXHP-2SpClgHtg-Cnst/instance-out.sql,58453.70,45549.00
CZ03/RFF&0&cDXHP&Ex&HV_AirDist/NE-HV_AirDist-SupFanMtr-cDXHP-2SpClgHtg-VFDStdMtr/instance-out.sql,48919.10,45550.32
CZ03/RFF&0&cDXHP&Ex&HV_AirDist/NE-HV_AirDist-SupFanMtr-cDXHP-2SpClgHtg-SRM/instance-out.sql,48422.65,45550.35
CZ03/RSD&0&cDXHP&Ex&HV_AirDist/NE-HV_AirDist-SupFanMtr-cDXHP-2SpClgHtg-Cnst/instance-out.sql,113368.02,120727.77
CZ03/RSD&0&cDXHP&Ex&HV_AirDist/NE-HV_AirDist-SupFanMtr-cDXHP-2SpClgHtg-VFDStdMtr/instance-out.sql,108402.47,120846.94
CZ03/RSD&0&cDXHP&Ex&HV_AirDist/NE-HV_AirDist-SupFanMtr-cDXHP-2SpClgHtg-SRM/instance-out.sql,108147.59,120852.58
CZ03/Rt3&0&cDXHP&Ex&HV_AirDist/NE-HV_AirDist-SupFanMtr-cDXHP-2SpClgHtg-Cnst/instance-out.sql,1824119.70,178387.60
CZ03/Rt3&0&cDXHP&Ex&HV_AirDist/NE-HV_AirDist-SupFanMtr-cDXHP-2SpClgHtg-VFDStdMtr/instance-out.sql,1474705.24,178689.20
CZ03/Rt3&0&cDXHP&Ex&HV_AirDist/NE-HV_AirDist-SupFanMtr-cDXHP-2SpClgHtg-SRM/instance-out.sql,1456927.82,178696.67
CZ03/RtL&0&cDXHP&Ex&HV_AirDist/NE-HV_AirDist-SupFanMtr-cDXHP-2SpClgHtg-Cnst/instance-out.sql,1838772.93,169560.84
CZ03/RtL&0&cDXHP&Ex&HV_AirDist/NE-HV_AirDist-SupFanMtr-cDXHP-2SpClgHtg-VFDStdMtr/instance-out.sql,1502932.19,169561.02
CZ03/RtL&0&cDXHP&Ex&HV_AirDist/NE-HV_AirDist-SupFanMtr-cDXHP-2SpClgHtg-SRM/instance-out.sql,1485552.13,169561.01
CZ03/RtS&0&cDXHP&Ex&HV_AirDist/NE-HV_AirDist-SupFanMtr-cDXHP-2SpClgHtg-Cnst/instance-out.sql,109537.01,15850.57
CZ03/RtS&0&cDXHP&Ex&HV_AirDist/NE-HV_AirDist-SupFanMtr-cDXHP-2SpClgHtg-VFDStdMtr/instance-out.sql,87075.87,15850.59
CZ03/RtS&0&cDXHP&Ex&HV_AirDist/NE-HV_AirDist-SupFanMtr-cDXHP-2SpClgHtg-SRM/instance-out.sql,85932.37,15850.59
CZ03/SCn&0&cDXHP&Ex&HV_AirDist/NE-HV_AirDist-SupFanMtr-cDXHP-2SpClgHtg-Cnst/instance-out.sql,2894475.39,86405.76
CZ03/SCn&0&cDXHP&Ex&HV_AirDist/NE-HV_AirDist-SupFanMtr-cDXHP-2SpClgHtg-VFDStdMtr/instance-out.sql,1938366.09,86405.76
CZ03/SCn&0&cDXHP&Ex&HV_AirDist/NE-HV_AirDist-SupFanMtr-cDXHP-2SpClgHtg-SRM/instance-out.sql,1897390.14,86405.76
CZ03/Asm&0&cDXOH&Ex&HV_AirDist/NE-HV_AirDist-SupFanMtr-cDXOH-2SpClgHtg-Cnst/instance-out.sql,545286.92,22834.84
CZ03/Asm&0&cDXOH&Ex&HV_AirDist/NE-HV_AirDist-SupFanMtr-cDXOH-2SpClgHtg-VFDStdMtr/instance-out.sql,397963.82,22834.89
CZ03/Asm&0&cDXOH&Ex&HV_AirDist/NE-HV_AirDist-SupFanMtr-cDXOH-2SpClgHtg-SRM/instance-out.sql,390339.94,22834.89
CZ03/ECC&0&cDXOH&Ex&HV_AirDist/NE-HV_AirDist-SupFanMtr-cDXOH-2SpClgHtg-Cnst/instance-out.sql,1955349.44,523410.75
CZ03/ECC&0&cDXOH&Ex&HV_AirDist/NE-HV_AirDist-SupFanMtr-cDXOH-2SpClgHtg-VFDStdMtr/instance-out.sql,1622886.62,523427.06
CZ03/ECC&0&cDXOH&Ex&HV_AirDist/NE-HV_AirDist-SupFanMtr-cDXOH-2SpClgHtg-SRM/instance-out.sql,1605127.38,523427.90
CZ03/EPr&0&cDXOH&Ex&HV_AirDist/NE-HV_AirDist-SupFanMtr-cDXOH-2SpClgHtg-Cnst/instance-out.sql,244321.87,129400.38
CZ03/EPr&0&cDXOH&Ex&HV_AirDist/NE-HV_AirDist-SupFanMtr-cDXOH-2SpClgHtg-VFDStdMtr/instance-out.sql,198491.88,129400.54
CZ03/EPr&0&cDXOH&Ex&HV_AirDist/NE-HV_AirDist-SupFanMtr-cDXOH-2SpClgHtg-SRM/instance-out.sql,196088.14,129400.54
CZ03/ERC&0&cDXOH&Ex&HV_AirDist/NE-HV_AirDist-SupFanMtr-cDXOH-2SpClgHtg-Cnst/instance-out.sql,7919.76,9325.11
CZ03/ERC&0&cDXOH&Ex&HV_AirDist/NE-HV_AirDist-SupFanMtr-cDXOH-2SpClgHtg-VFDStdMtr/instance-out.sql,5521.87,9325.12
CZ03/ERC&0&cDXOH&Ex&HV_AirDist/NE-HV_AirDist-SupFanMtr-cDXOH-2SpClgHtg-SRM/instance-out.sql,5414.50,9325.12
CZ03/ESe&0&cDXOH&Ex&HV_AirDist/NE-HV_AirDist-SupFanMtr-cDXOH-2SpClgHtg-Cnst/instance-out.sql,742078.06,415566.46
CZ03/ESe&0&cDXOH&Ex&HV_AirDist/NE-HV_AirDist-SupFanMtr-cDXOH-2SpClgHtg-VFDStdMtr/instance-out.sql,686503.02,416041.94
CZ03/ESe&0&cDXOH&Ex&HV_AirDist/NE-HV_AirDist-SupFanMtr-cDXOH-2SpClgHtg-SRM/instance-out.sql,683544.77,416063.68
CZ03/EUn&0&cDXOH&Ex&HV_AirDist/NE-HV_AirDist-SupFanMtr-cDXOH-2SpClgHtg-Cnst/instance-out.sql,7102667.05,909614.04
CZ03/EUn&0&cDXOH&Ex&HV_AirDist/NE-HV_AirDist-SupFanMtr-cDXOH-2SpClgHtg-VFDStdMtr/instance-out.sql,5978229.30,911371.85
CZ03/EUn&0&cDXOH&Ex&HV_AirDist/NE-HV_AirDist-SupFanMtr-cDXOH-2SpClgHtg-SRM/instance-out.sql,5916898.18,911431.23
CZ03/Gro&0&cDXOH&Ex&HV_AirDist/NE-HV_AirDist-SupFanMtr-cDXOH-2SpClgHtg-Cnst/instance-out.sql
CZ03/Gro&0&cDXOH&Ex&HV_AirDist/NE-HV_AirDist-SupFanMtr-cDXOH-2SpClgHtg-VFDStdMtr/instance-out.sql
CZ03/Gro&0&cDXOH&Ex&HV_AirDist/NE-HV_AirDist-SupFanMtr-cDXOH-2SpClgHtg-SRM/instance-out.sql
CZ03/Hsp&0&cDXOH&Ex&HV_AirDist/NE-HV_AirDist-SupFanMtr-cDXOH-2SpClgHtg-Cnst/instance-out.sql,2850977.39,530562.25
CZ03/Hsp&0&cDXOH&Ex&HV_AirDist/NE-HV_AirDist-SupFanMtr-cDXOH-2SpClgHtg-VFDStdMtr/instance-out.sql,2652014.54,539832.09
CZ03/Hsp&0&cDXOH&Ex&HV_AirDist/NE-HV_AirDist-SupFanMtr-cDXOH-2SpClgHtg-SRM/instance-out.sql,2641528.09,540190.35
CZ03/MBT&0&cDXOH&Ex&HV_AirDist/NE-HV_AirDist-SupFanMtr-cDXOH-2SpClgHtg-Cnst/instance-out.sql,3193070.28,3293488.40
CZ03/MBT&0&cDXOH&Ex&HV_AirDist/NE-HV_AirDist-SupFanMtr-cDXOH-2SpClgHtg-VFDStdMtr/instance-out.sql,2966972.87,3303271.05
CZ03/MBT&0&cDXOH&Ex&HV_AirDist/NE-HV_AirDist-SupFanMtr-cDXOH-2SpClgHtg-SRM/instance-out.sql,2955877.14,3303735.83
CZ03/MLI&0&cDXOH&Ex&HV_AirDist/NE-HV_AirDist-SupFanMtr-cDXOH-2SpClgHtg-Cnst/instance-out.sql,869679.86,49328.07
CZ03/MLI&0&cDXOH&Ex&HV_AirDist/NE-HV_AirDist-SupFanMtr-cDXOH-2SpClgHtg-VFDStdMtr/instance-out.sql,610193.85,49328.08
CZ03/MLI&0&cDXOH&Ex&HV_AirDist/NE-HV_AirDist-SupFanMtr-cDXOH-2SpClgHtg-SRM/instance-out.sql,599468.38,49328.08
CZ03/Mtl&0&cDXOH&Ex&HV_AirDist/NE-HV_AirDist-SupFanMtr-cDXOH-2SpClgHtg-Cnst/instance-out.sql,141741.11,9153.89
CZ03/Mtl&0&cDXOH&Ex&HV_AirDist/NE-HV_AirDist-SupFanMtr-cDXOH-2SpClgHtg-VFDStdMtr/instance-out.sql,98407.80,10266.89
CZ03/Mtl&0&cDXOH&Ex&HV_AirDist/NE-HV_AirDist-SupFanMtr-cDXOH-2SpClgHtg-SRM/instance-out.sql,96417.38,10314.15
CZ03/Nrs&0&cDXOH&Ex&HV_AirDist/NE-HV_AirDist-SupFanMtr-cDXOH-2SpClgHtg-Cnst/instance-out.sql,690326.01,228795.83
CZ03/Nrs&0&cDXOH&Ex&HV_AirDist/NE-HV_AirDist-SupFanMtr-cDXOH-2SpClgHtg-VFDStdMtr/instance-out.sql,613855.99,232222.09
CZ03/Nrs&0&cDXOH&Ex&HV_AirDist/NE-HV_AirDist-SupFanMtr-cDXOH-2SpClgHtg-SRM/instance-out.sql,609895.58,232405.03
CZ03/OfL&0&cDXOH&Ex&HV_AirDist/NE-HV_AirDist-SupFanMtr-cDXOH-2SpClgHtg-Cnst/instance-out.sql,2322949.48,145042.14
CZ03/OfL&0&cDXOH&Ex&HV_AirDist/NE-HV_AirDist-SupFanMtr-cDXOH-2SpClgHtg-VFDStdMtr/instance-out.sql,1740729.57,145029.09
CZ03/OfL&0&cDXOH&Ex&HV_AirDist/NE-HV_AirDist-SupFanMtr-cDXOH-2SpClgHtg-SRM/instance-out.sql,1708922.73,145030.85
CZ03/OfS&0&cDXOH&Ex&HV_AirDist/NE-HV_AirDist-SupFanMtr-cDXOH-2SpClgHtg-Cnst/instance-out.sql,115409.29,22453.23
CZ03/OfS&0&cDXOH&Ex&HV_AirDist/NE-HV_AirDist-SupFanMtr-cDXOH-2SpClgHtg-VFDStdMtr/instance-out.sql,75636.87,22453.26
CZ03/OfS&0&cDXOH&Ex&HV_AirDist/NE-HV_AirDist-SupFanMtr-cDXOH-2SpClgHtg-SRM/instance-out.sql,73618.16,22453.26
CZ03/RFF&0&cDXOH&Ex&HV_AirDist/NE-HV_AirDist-SupFanMtr-cDXOH-2SpClgHtg-Cnst/instance-out.sql,57497.58,45565.57
CZ03/RFF&0&cDXOH&Ex&HV_AirDist/NE-HV_AirDist-SupFanMtr-cDXOH-2SpClgHtg-VFDStdMtr/instance-out.sql,46720.06,45582.28
CZ03/RFF&0&cDXOH&Ex&HV_AirDist/NE-HV_AirDist-SupFanMtr-cDXOH-2SpClgHtg-SRM/instance-out.sql,46202.87,45582.94
CZ03/RSD&0&cDXOH&Ex&HV_AirDist/NE-HV_AirDist-SupFanMtr-cDXOH-2SpClgHtg-Cnst/instance-out.sql,112994.70,120883.86
CZ03/RSD&0&cDXOH&Ex&HV_AirDist/NE-HV_AirDist-SupFanMtr-cDXOH-2SpClgHtg-VFDStdMtr/instance-out.sql,107560.66,121077.29
CZ03/RSD&0&cDXOH&Ex&HV_AirDist/NE-HV_AirDist-SupFanMtr-cDXOH-2SpClgHtg-SRM/instance-out.sql,107300.15,121077.17
CZ03/Rt3&0&cDXOH&Ex&HV_AirDist/NE-HV_AirDist-SupFanMtr-cDXOH-2SpClgHtg-Cnst/instance-out.sql,1804530.27,178578.66
CZ03/Rt3&0&cDXOH&Ex&HV_AirDist/NE-HV_AirDist-SupFanMtr-cDXOH-2SpClgHtg-VFDStdMtr/instance-out.sql,1434753.89,179257.58
CZ03/Rt3&0&cDXOH&Ex&HV_AirDist/NE-HV_AirDist-SupFanMtr-cDXOH-2SpClgHtg-SRM/instance-out.sql,1416342.87,179286.99
CZ03/RtL&0&cDXOH&Ex&HV_AirDist/NE-HV_AirDist-SupFanMtr-cDXOH-2SpClgHtg-Cnst/instance-out.sql,1813202.34,169560.85
CZ03/RtL&0&cDXOH&Ex&HV_AirDist/NE-HV_AirDist-SupFanMtr-cDXOH-2SpClgHtg-VFDStdMtr/instance-out.sql,1467239.26,169564.83
CZ03/RtL&0&cDXOH&Ex&HV_AirDist/NE-HV_AirDist-SupFanMtr-cDXOH-2SpClgHtg-SRM/instance-out.sql,1449517.55,169565.28
CZ03/RtS&0&cDXOH&Ex&HV_AirDist/NE-HV_AirDist-SupFanMtr-cDXOH-2SpClgHtg-Cnst/instance-out.sql,105389.49,15850.57
CZ03/RtS&0&cDXOH&Ex&HV_AirDist/NE-HV_AirDist-SupFanMtr-cDXOH-2SpClgHtg-VFDStdMtr/instance-out.sql,81908.28,15850.59
CZ03/RtS&0&cDXOH&Ex&HV_AirDist/NE-HV_AirDist-SupFanMtr-cDXOH-2SpClgHtg-SRM/instance-out.sql,80791.19,15850.59
CZ03/SCn&0&cDXOH&Ex&HV_AirDist/NE-HV_AirDist-SupFanMtr-cDXOH-2SpClgHtg-Cnst/instance-out.sql,2105648.99,86405.75
CZ03/SCn&0&cDXOH&Ex&HV_AirDist/NE-HV_AirDist-SupFanMtr-cDXOH-2SpClgHtg-VFDStdMtr/instance-out.sql,1457569.92,86405.75
CZ03/SCn&0&cDXOH&Ex&HV_AirDist/NE-HV_AirDist-SupFanMtr-cDXOH-2SpClgHtg-SRM/instance-out.sql,1433652.74,86405.75
CZ04/Asm&0&cDXGF&Ex&HV_AirDist/NE-HV_AirDist-SupFanMtr-cDXGF-2SpClgHtg-Cnst/instance-out.sql,673016.54,230834.10
CZ04/Asm&0&cDXGF&Ex&HV_AirDist/NE-HV_AirDist-SupFanMtr-cDXGF-2SpClgHtg-VFDStdMtr/instance-out.sql,524249.89,239942.20
CZ04/Asm&0&cDXGF&Ex&HV_AirDist/NE-HV_AirDist-SupFanMtr-cDXGF-2SpClgHtg-SRM/instance-out.sql,515940.45,243354.79
CZ04/ECC&0&cDXGF&Ex&HV_AirDist/NE-HV_AirDist-SupFanMtr-cDXGF-2SpClgHtg-Cnst/instance-out.sql,2246968.29,602247.69
CZ04/ECC&0&cDXGF&Ex&HV_AirDist/NE-HV_AirDist-SupFanMtr-cDXGF-2SpClgHtg-VFDStdMtr/instance-out.sql,1889760.99,657677.54
CZ04/ECC&0&cDXGF&Ex&HV_AirDist/NE-HV_AirDist-SupFanMtr-cDXGF-2SpClgHtg-SRM/instance-out.sql,1869758.48,661391.83
CZ04/EPr&0&cDXGF&Ex&HV_AirDist/NE-HV_AirDist-SupFanMtr-cDXGF-2SpClgHtg-Cnst/instance-out.sql,292714.16,156024.30
CZ04/EPr&0&cDXGF&Ex&HV_AirDist/NE-HV_AirDist-SupFanMtr-cDXGF-2SpClgHtg-VFDStdMtr/instance-out.sql,241855.87,166536.18
CZ04/EPr&0&cDXGF&Ex&HV_AirDist/NE-HV_AirDist-SupFanMtr-cDXGF-2SpClgHtg-SRM/instance-out.sql,239005.09,167358.13
CZ04/ERC&0&cDXGF&Ex&HV_AirDist/NE-HV_AirDist-SupFanMtr-cDXGF-2SpClgHtg-Cnst/instance-out.sql,10852.25,11239.69
CZ04/ERC&0&cDXGF&Ex&HV_AirDist/NE-HV_AirDist-SupFanMtr-cDXGF-2SpClgHtg-VFDStdMtr/instance-out.sql,7894.82,12192.70
CZ04/ERC&0&cDXGF&Ex&HV_AirDist/NE-HV_AirDist-SupFanMtr-cDXGF-2SpClgHtg-SRM/instance-out.sql,7731.21,12259.25
CZ04/ESe&0&cDXGF&Ex&HV_AirDist/NE-HV_AirDist-SupFanMtr-cDXGF-2SpClgHtg-Cnst/instance-out.sql,877132.27,453751.21
CZ04/ESe&0&cDXGF&Ex&HV_AirDist/NE-HV_AirDist-SupFanMtr-cDXGF-2SpClgHtg-VFDStdMtr/instance-out.sql,817464.04,463681.57
CZ04/ESe&0&cDXGF&Ex&HV_AirDist/NE-HV_AirDist-SupFanMtr-cDXGF-2SpClgHtg-SRM/instance-out.sql,814111.93,464356.36
CZ04/EUn&0&cDXGF&Ex&HV_AirDist/NE-HV_AirDist-SupFanMtr-cDXGF-2SpClgHtg-Cnst/instance-out.sql,7890090.54,1143496.11
CZ04/EUn&0&cDXGF&Ex&HV_AirDist/NE-HV_AirDist-SupFanMtr-cDXGF-2SpClgHtg-VFDStdMtr/instance-out.sql,6750608.46,1316410.29
CZ04/EUn&0&cDXGF&Ex&HV_AirDist/NE-HV_AirDist-SupFanMtr-cDXGF-2SpClgHtg-SRM/instance-out.sql,6686507.33,1327930.01
CZ04/Gro&0&cDXGF&Ex&HV_AirDist/NE-HV_AirDist-SupFanMtr-cDXGF-2SpClgHtg-Cnst/instance-out.sql,1889638.32,204765.36
CZ04/Gro&0&cDXGF&Ex&HV_AirDist/NE-HV_AirDist-SupFanMtr-cDXGF-2SpClgHtg-VFDStdMtr/instance-out.sql,1745373.26,260026.71
CZ04/Gro&0&cDXGF&Ex&HV_AirDist/NE-HV_AirDist-SupFanMtr-cDXGF-2SpClgHtg-SRM/instance-out.sql,1738173.55,263427.43
CZ04/Hsp&0&cDXGF&Ex&HV_AirDist/NE-HV_AirDist-SupFanMtr-cDXGF-2SpClgHtg-Cnst/instance-out.sql,3479703.40,664003.20
CZ04/Hsp&0&cDXGF&Ex&HV_AirDist/NE-HV_AirDist-SupFanMtr-cDXGF-2SpClgHtg-VFDStdMtr/instance-out.sql,3264729.70,694940.52
CZ04/Hsp&0&cDXGF&Ex&HV_AirDist/NE-HV_AirDist-SupFanMtr-cDXGF-2SpClgHtg-SRM/instance-out.sql,3253518.41,696751.27
CZ04/MBT&0&cDXGF&Ex&HV_AirDist/NE-HV_AirDist-SupFanMtr-cDXGF-2SpClgHtg-Cnst/instance-out.sql,3558981.22,3612145.92
CZ04/MBT&0&cDXGF&Ex&HV_AirDist/NE-HV_AirDist-SupFanMtr-cDXGF-2SpClgHtg-VFDStdMtr/instance-out.sql,3326687.68,3666062.19
CZ04/MBT&0&cDXGF&Ex&HV_AirDist/NE-HV_AirDist-SupFanMtr-cDXGF-2SpClgHtg-SRM/instance-out.sql,3314256.39,3669539.48
CZ04/MLI&0&cDXGF&Ex&HV_AirDist/NE-HV_AirDist-SupFanMtr-cDXGF-2SpClgHtg-Cnst/instance-out.sql,1042271.17,189223.69
CZ04/MLI&0&cDXGF&Ex&HV_AirDist/NE-HV_AirDist-SupFanMtr-cDXGF-2SpClgHtg-VFDStdMtr/instance-out.sql,774938.90,271542.10
CZ04/MLI&0&cDXGF&Ex&HV_AirDist/NE-HV_AirDist-SupFanMtr-cDXGF-2SpClgHtg-SRM/instance-out.sql,761393.65,276587.81
CZ04/Mtl&0&cDXGF&Ex&HV_AirDist/NE-HV_AirDist-SupFanMtr-cDXGF-2SpClgHtg-Cnst/instance-out.sql,166326.30,31634.08
CZ04/Mtl&0&cDXGF&Ex&HV_AirDist/NE-HV_AirDist-SupFanMtr-cDXGF-2SpClgHtg-VFDStdMtr/instance-out.sql,127266.23,42268.54
CZ04/Mtl&0&cDXGF&Ex&HV_AirDist/NE-HV_AirDist-SupFanMtr-cDXGF-2SpClgHtg-SRM/instance-out.sql,125196.31,42942.45
CZ04/Nrs&0&cDXGF&Ex&HV_AirDist/NE-HV_AirDist-SupFanMtr-cDXGF-2SpClgHtg-Cnst/instance-out.sql,778783.27,264091.74
CZ04/Nrs&0&cDXGF&Ex&HV_AirDist/NE-HV_AirDist-SupFanMtr-cDXGF-2SpClgHtg-VFDStdMtr/instance-out.sql,702249.87,276080.39
CZ04/Nrs&0&cDXGF&Ex&HV_AirDist/NE-HV_AirDist-SupFanMtr-cDXGF-2SpClgHtg-SRM/instance-out.sql,698173.68,277000.15
CZ04/OfL&0&cDXGF&Ex&HV_AirDist/NE-HV_AirDist-SupFanMtr-cDXGF-2SpClgHtg-Cnst/instance-out.sql,2660773.01,205898.43
CZ04/OfL&0&cDXGF&Ex&HV_AirDist/NE-HV_AirDist-SupFanMtr-cDXGF-2SpClgHtg-VFDStdMtr/instance-out.sql,2071565.48,266722.09
CZ04/OfL&0&cDXGF&Ex&HV_AirDist/NE-HV_AirDist-SupFanMtr-cDXGF-2SpClgHtg-SRM/instance-out.sql,2039164.42,271587.74
CZ04/OfS&0&cDXGF&Ex&HV_AirDist/NE-HV_AirDist-SupFanMtr-cDXGF-2SpClgHtg-Cnst/instance-out.sql,138583.82,29404.19
CZ04/OfS&0&cDXGF&Ex&HV_AirDist/NE-HV_AirDist-SupFanMtr-cDXGF-2SpClgHtg-VFDStdMtr/instance-out.sql,98497.72,36249.46
CZ04/OfS&0&cDXGF&Ex&HV_AirDist/NE-HV_AirDist-SupFanMtr-cDXGF-2SpClgHtg-SRM/instance-out.sql,96294.71,36761.65
CZ04/RFF&0&cDXGF&Ex&HV_AirDist/NE-HV_AirDist-SupFanMtr-cDXGF-2SpClgHtg-Cnst/instance-out.sql,67107.16,50134.07
CZ04/RFF&0&cDXGF&Ex&HV_AirDist/NE-HV_AirDist-SupFanMtr-cDXGF-2SpClgHtg-VFDStdMtr/instance-out.sql,56968.49,52783.99
CZ04/RFF&0&cDXGF&Ex&HV_AirDist/NE-HV_AirDist-SupFanMtr-cDXGF-2SpClgHtg-SRM/instance-out.sql,56408.20,52968.46
CZ04/RSD&0&cDXGF&Ex&HV_AirDist/NE-HV_AirDist-SupFanMtr-cDXGF-2SpClgHtg-Cnst/instance-out.sql,134961.75,139370.36
CZ04/RSD&0&cDXGF&Ex&HV_AirDist/NE-HV_AirDist-SupFanMtr-cDXGF-2SpClgHtg-VFDStdMtr/instance-out.sql,129723.40,140610.31
CZ04/RSD&0&cDXGF&Ex&HV_AirDist/NE-HV_AirDist-SupFanMtr-cDXGF-2SpClgHtg-SRM/instance-out.sql,129445.56,140694.51
CZ04/Rt3&0&cDXGF&Ex&HV_AirDist/NE-HV_AirDist-SupFanMtr-cDXGF-2SpClgHtg-Cnst/instance-out.sql,2077266.97,255133.62
CZ04/Rt3&0&cDXGF&Ex&HV_AirDist/NE-HV_AirDist-SupFanMtr-cDXGF-2SpClgHtg-VFDStdMtr/instance-out.sql,1676805.29,318313.47
CZ04/Rt3&0&cDXGF&Ex&HV_AirDist/NE-HV_AirDist-SupFanMtr-cDXGF-2SpClgHtg-SRM/instance-out.sql,1655877.09,322545.80
CZ04/RtL&0&cDXGF&Ex&HV_AirDist/NE-HV_AirDist-SupFanMtr-cDXGF-2SpClgHtg-Cnst/instance-out.sql,2073062.36,235052.77
CZ04/RtL&0&cDXGF&Ex&HV_AirDist/NE-HV_AirDist-SupFanMtr-cDXGF-2SpClgHtg-VFDStdMtr/instance-out.sql,1697358.62,295831.65
CZ04/RtL&0&cDXGF&Ex&HV_AirDist/NE-HV_AirDist-SupFanMtr-cDXGF-2SpClgHtg-SRM/instance-out.sql,1677675.97,299675.83
CZ04/RtS&0&cDXGF&Ex&HV_AirDist/NE-HV_AirDist-SupFanMtr-cDXGF-2SpClgHtg-Cnst/instance-out.sql,127469.12,28440.61
CZ04/RtS&0&cDXGF&Ex&HV_AirDist/NE-HV_AirDist-SupFanMtr-cDXGF-2SpClgHtg-VFDStdMtr/instance-out.sql,100887.77,34390.12
CZ04/RtS&0&cDXGF&Ex&HV_AirDist/NE-HV_AirDist-SupFanMtr-cDXGF-2SpClgHtg-SRM/instance-out.sql,99476.91,34786.41
CZ04/SCn&0&cDXGF&Ex&HV_AirDist/NE-HV_AirDist-SupFanMtr-cDXGF-2SpClgHtg-Cnst/instance-out.sql,3436075.99,868387.65
CZ04/SCn&0&cDXGF&Ex&HV_AirDist/NE-HV_AirDist-SupFanMtr-cDXGF-2SpClgHtg-VFDStdMtr/instance-out.sql,2263260.91,1304331.56
CZ04/SCn&0&cDXGF&Ex&HV_AirDist/NE-HV_AirDist-SupFanMtr-cDXGF-2SpClgHtg-SRM/instance-out.sql,2204522.61,1331081.95
CZ04/Asm&0&cDXHP&Ex&HV_AirDist/NE-HV_AirDist-SupFanMtr-cDXHP-2SpClgHtg-Cnst/instance-out.sql,703726.03,22333.60
CZ04/Asm&0&cDXHP&Ex&HV_AirDist/NE-HV_AirDist-SupFanMtr-cDXHP-2SpClgHtg-VFDStdMtr/instance-out.sql,556809.22,22333.70
CZ04/Asm&0&cDXHP&Ex&HV_AirDist/NE-HV_AirDist-SupFanMtr-cDXHP-2SpClgHtg-SRM/instance-out.sql,548980.49,22333.66
CZ04/ECC&0&cDXHP&Ex&HV_AirDist/NE-HV_AirDist-SupFanMtr-cDXHP-2SpClgHtg-Cnst/instance-out.sql,2264331.08,509100.60
CZ04/ECC&0&cDXHP&Ex&HV_AirDist/NE-HV_AirDist-SupFanMtr-cDXHP-2SpClgHtg-VFDStdMtr/instance-out.sql,1915163.39,509158.79
CZ04/ECC&0&cDXHP&Ex&HV_AirDist/NE-HV_AirDist-SupFanMtr-cDXHP-2SpClgHtg-SRM/instance-out.sql,1895561.81,509153.51
CZ04/EPr&0&cDXHP&Ex&HV_AirDist/NE-HV_AirDist-SupFanMtr-cDXHP-2SpClgHtg-Cnst/instance-out.sql,297903.84,126726.85
CZ04/EPr&0&cDXHP&Ex&HV_AirDist/NE-HV_AirDist-SupFanMtr-cDXHP-2SpClgHtg-VFDStdMtr/instance-out.sql,247661.23,126727.27
CZ04/EPr&0&cDXHP&Ex&HV_AirDist/NE-HV_AirDist-SupFanMtr-cDXHP-2SpClgHtg-SRM/instance-out.sql,244903.53,126727.27
CZ04/ERC&0&cDXHP&Ex&HV_AirDist/NE-HV_AirDist-SupFanMtr-cDXHP-2SpClgHtg-Cnst/instance-out.sql,11224.73,9228.02
CZ04/ERC&0&cDXHP&Ex&HV_AirDist/NE-HV_AirDist-SupFanMtr-cDXHP-2SpClgHtg-VFDStdMtr/instance-out.sql,8350.41,9228.03
CZ04/ERC&0&cDXHP&Ex&HV_AirDist/NE-HV_AirDist-SupFanMtr-cDXHP-2SpClgHtg-SRM/instance-out.sql,8194.55,9227.97
CZ04/ESe&0&cDXHP&Ex&HV_AirDist/NE-HV_AirDist-SupFanMtr-cDXHP-2SpClgHtg-Cnst/instance-out.sql,880901.74,434207.35
CZ04/ESe&0&cDXHP&Ex&HV_AirDist/NE-HV_AirDist-SupFanMtr-cDXHP-2SpClgHtg-VFDStdMtr/instance-out.sql,822722.23,434541.66
CZ04/ESe&0&cDXHP&Ex&HV_AirDist/NE-HV_AirDist-SupFanMtr-cDXHP-2SpClgHtg-SRM/instance-out.sql,819440.31,434542.68
CZ04/EUn&0&cDXHP&Ex&HV_AirDist/NE-HV_AirDist-SupFanMtr-cDXHP-2SpClgHtg-Cnst/instance-out.sql,7939270.41,893013.17
CZ04/EUn&0&cDXHP&Ex&HV_AirDist/NE-HV_AirDist-SupFanMtr-cDXHP-2SpClgHtg-VFDStdMtr/instance-out.sql,6822927.09,893735.60
CZ04/EUn&0&cDXHP&Ex&HV_AirDist/NE-HV_AirDist-SupFanMtr-cDXHP-2SpClgHtg-SRM/instance-out.sql,6760052.81,893753.62
CZ04/Gro&0&cDXHP&Ex&HV_AirDist/NE-HV_AirDist-SupFanMtr-cDXHP-2SpClgHtg-Cnst/instance-out.sql,1917311.07,59816.65
CZ04/Gro&0&cDXHP&Ex&HV_AirDist/NE-HV_AirDist-SupFanMtr-cDXHP-2SpClgHtg-VFDStdMtr/instance-out.sql,1775872.02,59816.67
CZ04/Gro&0&cDXHP&Ex&HV_AirDist/NE-HV_AirDist-SupFanMtr-cDXHP-2SpClgHtg-SRM/instance-out.sql,1769166.68,59816.67
CZ04/Hsp&0&cDXHP&Ex&HV_AirDist/NE-HV_AirDist-SupFanMtr-cDXHP-2SpClgHtg-Cnst/instance-out.sql,3487013.68,630150.67
CZ04/Hsp&0&cDXHP&Ex&HV_AirDist/NE-HV_AirDist-SupFanMtr-cDXHP-2SpClgHtg-VFDStdMtr/instance-out.sql,3273848.30,637054.96
CZ04/Hsp&0&cDXHP&Ex&HV_AirDist/NE-HV_AirDist-SupFanMtr-cDXHP-2SpClgHtg-SRM/instance-out.sql,3262779.01,637197.71
CZ04/MBT&0&cDXHP&Ex&HV_AirDist/NE-HV_AirDist-SupFanMtr-cDXHP-2SpClgHtg-Cnst/instance-out.sql,3579300.04,3506031.12
CZ04/MBT&0&cDXHP&Ex&HV_AirDist/NE-HV_AirDist-SupFanMtr-cDXHP-2SpClgHtg-VFDStdMtr/instance-out.sql,3349549.88,3510190.20
CZ04/MBT&0&cDXHP&Ex&HV_AirDist/NE-HV_AirDist-SupFanMtr-cDXHP-2SpClgHtg-SRM/instance-out.sql,3337458.70,3510334.47
CZ04/MLI&0&cDXHP&Ex&HV_AirDist/NE-HV_AirDist-SupFanMtr-cDXHP-2SpClgHtg-Cnst/instance-out.sql,1071637.18,47996.18
CZ04/MLI&0&cDXHP&Ex&HV_AirDist/NE-HV_AirDist-SupFanMtr-cDXHP-2SpClgHtg-VFDStdMtr/instance-out.sql,810739.37,47996.18
CZ04/MLI&0&cDXHP&Ex&HV_AirDist/NE-HV_AirDist-SupFanMtr-cDXHP-2SpClgHtg-SRM/instance-out.sql,797660.29,47996.18
CZ04/Mtl&0&cDXHP&Ex&HV_AirDist/NE-HV_AirDist-SupFanMtr-cDXHP-2SpClgHtg-Cnst/instance-out.sql,170786.30,8502.25
CZ04/Mtl&0&cDXHP&Ex&HV_AirDist/NE-HV_AirDist-SupFanMtr-cDXHP-2SpClgHtg-VFDStdMtr/instance-out.sql,133712.84,8530.71
CZ04/Mtl&0&cDXHP&Ex&HV_AirDist/NE-HV_AirDist-SupFanMtr-cDXHP-2SpClgHtg-SRM/instance-out.sql,131749.14,8531.25
CZ04/Nrs&0&cDXHP&Ex&HV_AirDist/NE-HV_AirDist-SupFanMtr-cDXHP-2SpClgHtg-Cnst/instance-out.sql,783192.68,239063.14
CZ04/Nrs&0&cDXHP&Ex&HV_AirDist/NE-HV_AirDist-SupFanMtr-cDXHP-2SpClgHtg-VFDStdMtr/instance-out.sql,708664.19,239966.90
CZ04/Nrs&0&cDXHP&Ex&HV_AirDist/NE-HV_AirDist-SupFanMtr-cDXHP-2SpClgHtg-SRM/instance-out.sql,704702.67,240200.08
CZ04/OfL&0&cDXHP&Ex&HV_AirDist/NE-HV_AirDist-SupFanMtr-cDXHP-2SpClgHtg-Cnst/instance-out.sql,2673199.60,151163.97
CZ04/OfL&0&cDXHP&Ex&HV_AirDist/NE-HV_AirDist-SupFanMtr-cDXHP-2SpClgHtg-VFDStdMtr/instance-out.sql,2109444.92,150670.05
CZ04/OfL&0&cDXHP&Ex&HV_AirDist/NE-HV_AirDist-SupFanMtr-cDXHP-2SpClgHtg-SRM/instance-out.sql,2078199.86,150667.54
CZ04/OfS&0&cDXHP&Ex&HV_AirDist/NE-HV_AirDist-SupFanMtr-cDXHP-2SpClgHtg-Cnst/instance-out.sql,140141.65,21899.09
CZ04/OfS&0&cDXHP&Ex&HV_AirDist/NE-HV_AirDist-SupFanMtr-cDXHP-2SpClgHtg-VFDStdMtr/instance-out.sql,102188.21,21899.14
CZ04/OfS&0&cDXHP&Ex&HV_AirDist/NE-HV_AirDist-SupFanMtr-cDXHP-2SpClgHtg-SRM/instance-out.sql,100086.20,21899.14
CZ04/RFF&0&cDXHP&Ex&HV_AirDist/NE-HV_AirDist-SupFanMtr-cDXHP-2SpClgHtg-Cnst/instance-out.sql,68128.02,44992.95
CZ04/RFF&0&cDXHP&Ex&HV_AirDist/NE-HV_AirDist-SupFanMtr-cDXHP-2SpClgHtg-VFDStdMtr/instance-out.sql,58407.32,44996.63
CZ04/RFF&0&cDXHP&Ex&HV_AirDist/NE-HV_AirDist-SupFanMtr-cDXHP-2SpClgHtg-SRM/instance-out.sql,57872.74,44996.68
CZ04/RSD&0&cDXHP&Ex&HV_AirDist/NE-HV_AirDist-SupFanMtr-cDXHP-2SpClgHtg-Cnst/instance-out.sql,135404.29,136984.11
CZ04/RSD&0&cDXHP&Ex&HV_AirDist/NE-HV_AirDist-SupFanMtr-cDXHP-2SpClgHtg-VFDStdMtr/instance-out.sql,130292.62,137053.15
CZ04/RSD&0&cDXHP&Ex&HV_AirDist/NE-HV_AirDist-SupFanMtr-cDXHP-2SpClgHtg-SRM/instance-out.sql,130021.53,137062.19
CZ04/Rt3&0&cDXHP&Ex&HV_AirDist/NE-HV_AirDist-SupFanMtr-cDXHP-2SpClgHtg-Cnst/instance-out.sql,2095448.64,174320.24
CZ04/Rt3&0&cDXHP&Ex&HV_AirDist/NE-HV_AirDist-SupFanMtr-cDXHP-2SpClgHtg-VFDStdMtr/instance-out.sql,1703305.42,174599.33
CZ04/Rt3&0&cDXHP&Ex&HV_AirDist/NE-HV_AirDist-SupFanMtr-cDXHP-2SpClgHtg-SRM/instance-out.sql,1682848.00,174608.97
CZ04/RtL&0&cDXHP&Ex&HV_AirDist/NE-HV_AirDist-SupFanMtr-cDXHP-2SpClgHtg-Cnst/instance-out.sql,2088994.09,165826.66
CZ04/RtL&0&cDXHP&Ex&HV_AirDist/NE-HV_AirDist-SupFanMtr-cDXHP-2SpClgHtg-VFDStdMtr/instance-out.sql,1714057.79,165828.13
CZ04/RtL&0&cDXHP&Ex&HV_AirDist/NE-HV_AirDist-SupFanMtr-cDXHP-2SpClgHtg-SRM/instance-out.sql,1694647.46,165828.16
CZ04/RtS&0&cDXHP&Ex&HV_AirDist/NE-HV_AirDist-SupFanMtr-cDXHP-2SpClgHtg-Cnst/instance-out.sql,130020.35,15553.81
CZ04/RtS&0&cDXHP&Ex&HV_AirDist/NE-HV_AirDist-SupFanMtr-cDXHP-2SpClgHtg-VFDStdMtr/instance-out.sql,104655.40,15553.83
CZ04/RtS&0&cDXHP&Ex&HV_AirDist/NE-HV_AirDist-SupFanMtr-cDXHP-2SpClgHtg-SRM/instance-out.sql,103318.86,15553.83
CZ04/SCn&0&cDXHP&Ex&HV_AirDist/NE-HV_AirDist-SupFanMtr-cDXHP-2SpClgHtg-Cnst/instance-out.sql,3595588.74,83948.63
CZ04/SCn&0&cDXHP&Ex&HV_AirDist/NE-HV_AirDist-SupFanMtr-cDXHP-2SpClgHtg-VFDStdMtr/instance-out.sql,2463878.50,83948.63
CZ04/SCn&0&cDXHP&Ex&HV_AirDist/NE-HV_AirDist-SupFanMtr-cDXHP-2SpClgHtg-SRM/instance-out.sql,2409086.64,83948.63
CZ04/Asm&0&cDXOH&Ex&HV_AirDist/NE-HV_AirDist-SupFanMtr-cDXOH-2SpClgHtg-Cnst/instance-out.sql,667672.46,22333.65
CZ04/Asm&0&cDXOH&Ex&HV_AirDist/NE-HV_AirDist-SupFanMtr-cDXOH-2SpClgHtg-VFDStdMtr/instance-out.sql,505371.43,22333.65
CZ04/Asm&0&cDXOH&Ex&HV_AirDist/NE-HV_AirDist-SupFanMtr-cDXOH-2SpClgHtg-SRM/instance-out.sql,497106.86,22333.67
CZ04/ECC&0&cDXOH&Ex&HV_AirDist/NE-HV_AirDist-SupFanMtr-cDXOH-2SpClgHtg-Cnst/instance-out.sql,2222932.28,509380.45
CZ04/ECC&0&cDXOH&Ex&HV_AirDist/NE-HV_AirDist-SupFanMtr-cDXOH-2SpClgHtg-VFDStdMtr/instance-out.sql,1853148.72,509464.96
CZ04/ECC&0&cDXOH&Ex&HV_AirDist/NE-HV_AirDist-SupFanMtr-cDXOH-2SpClgHtg-SRM/instance-out.sql,1833701.88,509469.23
CZ04/EPr&0&cDXOH&Ex&HV_AirDist/NE-HV_AirDist-SupFanMtr-cDXOH-2SpClgHtg-Cnst/instance-out.sql,288309.84,126727.05
CZ04/EPr&0&cDXOH&Ex&HV_AirDist/NE-HV_AirDist-SupFanMtr-cDXOH-2SpClgHtg-VFDStdMtr/instance-out.sql,234732.16,126727.16
CZ04/EPr&0&cDXOH&Ex&HV_AirDist/NE-HV_AirDist-SupFanMtr-cDXOH-2SpClgHtg-SRM/instance-out.sql,231999.90,126727.16
CZ04/ERC&0&cDXOH&Ex&HV_AirDist/NE-HV_AirDist-SupFanMtr-cDXOH-2SpClgHtg-Cnst/instance-out.sql,10346.68,9228.01
CZ04/ERC&0&cDXOH&Ex&HV_AirDist/NE-HV_AirDist-SupFanMtr-cDXOH-2SpClgHtg-VFDStdMtr/instance-out.sql,7269.63,9227.96
CZ04/ERC&0&cDXOH&Ex&HV_AirDist/NE-HV_AirDist-SupFanMtr-cDXOH-2SpClgHtg-SRM/instance-out.sql,7124.23,9227.96
CZ04/ESe&0&cDXOH&Ex&HV_AirDist/NE-HV_AirDist-SupFanMtr-cDXOH-2SpClgHtg-Cnst/instance-out.sql,874597.91,435047.37
CZ04/ESe&0&cDXOH&Ex&HV_AirDist/NE-HV_AirDist-SupFanMtr-cDXOH-2SpClgHtg-VFDStdMtr/instance-out.sql,811486.19,435731.74
CZ04/ESe&0&cDXOH&Ex&HV_AirDist/NE-HV_AirDist-SupFanMtr-cDXOH-2SpClgHtg-SRM/instance-out.sql,808173.76,435757.16
CZ04/EUn&0&cDXOH&Ex&HV_AirDist/NE-HV_AirDist-SupFanMtr-cDXOH-2SpClgHtg-Cnst/instance-out.sql,7861102.55,895477.97
CZ04/EUn&0&cDXOH&Ex&HV_AirDist/NE-HV_AirDist-SupFanMtr-cDXOH-2SpClgHtg-VFDStdMtr/instance-out.sql,6651724.04,897873.68
CZ04/EUn&0&cDXOH&Ex&HV_AirDist/NE-HV_AirDist-SupFanMtr-cDXOH-2SpClgHtg-SRM/instance-out.sql,6587301.90,897954.50
CZ04/Gro&0&cDXOH&Ex&HV_AirDist/NE-HV_AirDist-SupFanMtr-cDXOH-2SpClgHtg-Cnst/instance-out.sql
CZ04/Gro&0&cDXOH&Ex&HV_AirDist/NE-HV_AirDist-SupFanMtr-cDXOH-2SpClgHtg-VFDStdMtr/instance-out.sql
CZ04/Gro&0&cDXOH&Ex&HV_AirDist/NE-HV_AirDist-SupFanMtr-cDXOH-2SpClgHtg-SRM/instance-out.sql
CZ04/Hsp&0&cDXOH&Ex&HV_AirDist/NE-HV_AirDist-SupFanMtr-cDXOH-2SpClgHtg-Cnst/instance-out.sql,3475815.13,635690.45
CZ04/Hsp&0&cDXOH&Ex&HV_AirDist/NE-HV_AirDist-SupFanMtr-cDXOH-2SpClgHtg-VFDStdMtr/instance-out.sql,3252361.57,648289.73
CZ04/Hsp&0&cDXOH&Ex&HV_AirDist/NE-HV_AirDist-SupFanMtr-cDXOH-2SpClgHtg-SRM/instance-out.sql,3240991.10,648857.28
CZ04/MBT&0&cDXOH&Ex&HV_AirDist/NE-HV_AirDist-SupFanMtr-cDXOH-2SpClgHtg-Cnst/instance-out.sql,3553561.31,3514881.23
CZ04/MBT&0&cDXOH&Ex&HV_AirDist/NE-HV_AirDist-SupFanMtr-cDXOH-2SpClgHtg-VFDStdMtr/instance-out.sql,3300164.29,3526228.94
CZ04/MBT&0&cDXOH&Ex&HV_AirDist/NE-HV_AirDist-SupFanMtr-cDXOH-2SpClgHtg-SRM/instance-out.sql,3287693.08,3526676.31
CZ04/MLI&0&cDXOH&Ex&HV_AirDist/NE-HV_AirDist-SupFanMtr-cDXOH-2SpClgHtg-Cnst/instance-out.sql,1009759.66,47996.17
CZ04/MLI&0&cDXOH&Ex&HV_AirDist/NE-HV_AirDist-SupFanMtr-cDXOH-2SpClgHtg-VFDStdMtr/instance-out.sql,724772.68,47996.17
CZ04/MLI&0&cDXOH&Ex&HV_AirDist/NE-HV_AirDist-SupFanMtr-cDXOH-2SpClgHtg-SRM/instance-out.sql,712176.92,47996.17
CZ04/Mtl&0&cDXOH&Ex&HV_AirDist/NE-HV_AirDist-SupFanMtr-cDXOH-2SpClgHtg-Cnst/instance-out.sql,164776.25,10101.48
CZ04/Mtl&0&cDXOH&Ex&HV_AirDist/NE-HV_AirDist-SupFanMtr-cDXOH-2SpClgHtg-VFDStdMtr/instance-out.sql,121032.91,11832.62
CZ04/Mtl&0&cDXOH&Ex&HV_AirDist/NE-HV_AirDist-SupFanMtr-cDXOH-2SpClgHtg-SRM/instance-out.sql,118973.69,11901.87
CZ04/Nrs&0&cDXOH&Ex&HV_AirDist/NE-HV_AirDist-SupFanMtr-cDXOH-2SpClgHtg-Cnst/instance-out.sql,777083.04,244045.75
CZ04/Nrs&0&cDXOH&Ex&HV_AirDist/NE-HV_AirDist-SupFanMtr-cDXOH-2SpClgHtg-VFDStdMtr/instance-out.sql,696611.50,248452.94
CZ04/Nrs&0&cDXOH&Ex&HV_AirDist/NE-HV_AirDist-SupFanMtr-cDXOH-2SpClgHtg-SRM/instance-out.sql,692502.04,248853.28
CZ04/OfL&0&cDXOH&Ex&HV_AirDist/NE-HV_AirDist-SupFanMtr-cDXOH-2SpClgHtg-Cnst/instance-out.sql,2646875.42,151209.16
CZ04/OfL&0&cDXOH&Ex&HV_AirDist/NE-HV_AirDist-SupFanMtr-cDXOH-2SpClgHtg-VFDStdMtr/instance-out.sql,2024507.61,151210.83
CZ04/OfL&0&cDXOH&Ex&HV_AirDist/NE-HV_AirDist-SupFanMtr-cDXOH-2SpClgHtg-SRM/instance-out.sql,1991082.38,151209.06
CZ04/OfS&0&cDXOH&Ex&HV_AirDist/NE-HV_AirDist-SupFanMtr-cDXOH-2SpClgHtg-Cnst/instance-out.sql,137581.22,21899.09
CZ04/OfS&0&cDXOH&Ex&HV_AirDist/NE-HV_AirDist-SupFanMtr-cDXOH-2SpClgHtg-VFDStdMtr/instance-out.sql,94110.27,21899.11
CZ04/OfS&0&cDXOH&Ex&HV_AirDist/NE-HV_AirDist-SupFanMtr-cDXOH-2SpClgHtg-SRM/instance-out.sql,91893.43,21899.11
CZ04/RFF&0&cDXOH&Ex&HV_AirDist/NE-HV_AirDist-SupFanMtr-cDXOH-2SpClgHtg-Cnst/instance-out.sql,66615.73,45037.92
CZ04/RFF&0&cDXOH&Ex&HV_AirDist/NE-HV_AirDist-SupFanMtr-cDXOH-2SpClgHtg-VFDStdMtr/instance-out.sql,55371.83,45073.99
CZ04/RFF&0&cDXOH&Ex&HV_AirDist/NE-HV_AirDist-SupFanMtr-cDXOH-2SpClgHtg-SRM/instance-out.sql,54820.96,45075.36
CZ04/RSD&0&cDXOH&Ex&HV_AirDist/NE-HV_AirDist-SupFanMtr-cDXOH-2SpClgHtg-Cnst/instance-out.sql,134805.68,137307.90
CZ04/RSD&0&cDXOH&Ex&HV_AirDist/NE-HV_AirDist-SupFanMtr-cDXOH-2SpClgHtg-VFDStdMtr/instance-out.sql,129088.26,137526.96
CZ04/RSD&0&cDXOH&Ex&HV_AirDist/NE-HV_AirDist-SupFanMtr-cDXOH-2SpClgHtg-SRM/instance-out.sql,128809.69,137536.25
CZ04/Rt3&0&cDXOH&Ex&HV_AirDist/NE-HV_AirDist-SupFanMtr-cDXOH-2SpClgHtg-Cnst/instance-out.sql,2065050.08,174650.20
CZ04/Rt3&0&cDXOH&Ex&HV_AirDist/NE-HV_AirDist-SupFanMtr-cDXOH-2SpClgHtg-VFDStdMtr/instance-out.sql,1642090.72,175458.19
CZ04/Rt3&0&cDXOH&Ex&HV_AirDist/NE-HV_AirDist-SupFanMtr-cDXOH-2SpClgHtg-SRM/instance-out.sql,1621009.33,175495.54
CZ04/RtL&0&cDXOH&Ex&HV_AirDist/NE-HV_AirDist-SupFanMtr-cDXOH-2SpClgHtg-Cnst/instance-out.sql,2052817.06,165832.44
CZ04/RtL&0&cDXOH&Ex&HV_AirDist/NE-HV_AirDist-SupFanMtr-cDXOH-2SpClgHtg-VFDStdMtr/instance-out.sql,1665109.18,165864.55
CZ04/RtL&0&cDXOH&Ex&HV_AirDist/NE-HV_AirDist-SupFanMtr-cDXOH-2SpClgHtg-SRM/instance-out.sql,1645620.40,165866.28
CZ04/RtS&0&cDXOH&Ex&HV_AirDist/NE-HV_AirDist-SupFanMtr-cDXOH-2SpClgHtg-Cnst/instance-out.sql,125096.74,15553.80
CZ04/RtS&0&cDXOH&Ex&HV_AirDist/NE-HV_AirDist-SupFanMtr-cDXOH-2SpClgHtg-VFDStdMtr/instance-out.sql,97157.41,15553.82
CZ04/RtS&0&cDXOH&Ex&HV_AirDist/NE-HV_AirDist-SupFanMtr-cDXOH-2SpClgHtg-SRM/instance-out.sql,95810.79,15553.82
CZ04/SCn&0&cDXOH&Ex&HV_AirDist/NE-HV_AirDist-SupFanMtr-cDXOH-2SpClgHtg-Cnst/instance-out.sql,2774375.99,83948.63
CZ04/SCn&0&cDXOH&Ex&HV_AirDist/NE-HV_AirDist-SupFanMtr-cDXOH-2SpClgHtg-VFDStdMtr/instance-out.sql,1903990.65,83948.63
CZ04/SCn&0&cDXOH&Ex&HV_AirDist/NE-HV_AirDist-SupFanMtr-cDXOH-2SpClgHtg-SRM/instance-out.sql,1868581.36,83948.63
CZ05/Asm&0&cDXGF&Ex&HV_AirDist/NE-HV_AirDist-SupFanMtr-cDXGF-2SpClgHtg-Cnst/instance-out.sql,559557.77,182519.31
CZ05/Asm&0&cDXGF&Ex&HV_AirDist/NE-HV_AirDist-SupFanMtr-cDXGF-2SpClgHtg-VFDStdMtr/instance-out.sql,423125.13,175817.20
CZ05/Asm&0&cDXGF&Ex&HV_AirDist/NE-HV_AirDist-SupFanMtr-cDXGF-2SpClgHtg-SRM/instance-out.sql,415348.98,178934.93
CZ05/ECC&0&cDXGF&Ex&HV_AirDist/NE-HV_AirDist-SupFanMtr-cDXGF-2SpClgHtg-Cnst/instance-out.sql,2010189.18,587062.44
CZ05/ECC&0&cDXGF&Ex&HV_AirDist/NE-HV_AirDist-SupFanMtr-cDXGF-2SpClgHtg-VFDStdMtr/instance-out.sql,1683523.38,629744.81
CZ05/ECC&0&cDXGF&Ex&HV_AirDist/NE-HV_AirDist-SupFanMtr-cDXGF-2SpClgHtg-SRM/instance-out.sql,1665465.79,633097.29
CZ05/EPr&0&cDXGF&Ex&HV_AirDist/NE-HV_AirDist-SupFanMtr-cDXGF-2SpClgHtg-Cnst/instance-out.sql,250946.35,151811.25
CZ05/EPr&0&cDXGF&Ex&HV_AirDist/NE-HV_AirDist-SupFanMtr-cDXGF-2SpClgHtg-VFDStdMtr/instance-out.sql,206817.01,159074.79
CZ05/EPr&0&cDXGF&Ex&HV_AirDist/NE-HV_AirDist-SupFanMtr-cDXGF-2SpClgHtg-SRM/instance-out.sql,204333.35,159778.30
CZ05/ERC&0&cDXGF&Ex&HV_AirDist/NE-HV_AirDist-SupFanMtr-cDXGF-2SpClgHtg-Cnst/instance-out.sql,8380.13,11041.48
CZ05/ERC&0&cDXGF&Ex&HV_AirDist/NE-HV_AirDist-SupFanMtr-cDXGF-2SpClgHtg-VFDStdMtr/instance-out.sql,6139.71,11828.64
CZ05/ERC&0&cDXGF&Ex&HV_AirDist/NE-HV_AirDist-SupFanMtr-cDXGF-2SpClgHtg-SRM/instance-out.sql,6016.62,11883.87
CZ05/ESe&0&cDXGF&Ex&HV_AirDist/NE-HV_AirDist-SupFanMtr-cDXGF-2SpClgHtg-Cnst/instance-out.sql,757983.70,426567.91
CZ05/ESe&0&cDXGF&Ex&HV_AirDist/NE-HV_AirDist-SupFanMtr-cDXGF-2SpClgHtg-VFDStdMtr/instance-out.sql,704276.91,434038.06
CZ05/ESe&0&cDXGF&Ex&HV_AirDist/NE-HV_AirDist-SupFanMtr-cDXGF-2SpClgHtg-SRM/instance-out.sql,701253.06,434619.58
CZ05/EUn&0&cDXGF&Ex&HV_AirDist/NE-HV_AirDist-SupFanMtr-cDXGF-2SpClgHtg-Cnst/instance-out.sql,7259328.61,1069895.25
CZ05/EUn&0&cDXGF&Ex&HV_AirDist/NE-HV_AirDist-SupFanMtr-cDXGF-2SpClgHtg-VFDStdMtr/instance-out.sql,6181968.66,1213457.06
CZ05/EUn&0&cDXGF&Ex&HV_AirDist/NE-HV_AirDist-SupFanMtr-cDXGF-2SpClgHtg-SRM/instance-out.sql,6120029.18,1223550.52
CZ05/Gro&0&cDXGF&Ex&HV_AirDist/NE-HV_AirDist-SupFanMtr-cDXGF-2SpClgHtg-Cnst/instance-out.sql,1803978.97,185106.53
CZ05/Gro&0&cDXGF&Ex&HV_AirDist/NE-HV_AirDist-SupFanMtr-cDXGF-2SpClgHtg-VFDStdMtr/instance-out.sql,1677421.70,240990.26
CZ05/Gro&0&cDXGF&Ex&HV_AirDist/NE-HV_AirDist-SupFanMtr-cDXGF-2SpClgHtg-SRM/instance-out.sql,1671585.27,244477.01
CZ05/Hsp&0&cDXGF&Ex&HV_AirDist/NE-HV_AirDist-SupFanMtr-cDXGF-2SpClgHtg-Cnst/instance-out.sql,2923880.96,556494.20
CZ05/Hsp&0&cDXGF&Ex&HV_AirDist/NE-HV_AirDist-SupFanMtr-cDXGF-2SpClgHtg-VFDStdMtr/instance-out.sql,2727858.85,577621.92
CZ05/Hsp&0&cDXGF&Ex&HV_AirDist/NE-HV_AirDist-SupFanMtr-cDXGF-2SpClgHtg-SRM/instance-out.sql,2717270.79,578977.84
CZ05/MBT&0&cDXGF&Ex&HV_AirDist/NE-HV_AirDist-SupFanMtr-cDXGF-2SpClgHtg-Cnst/instance-out.sql,3216362.50,3531492.02
CZ05/MBT&0&cDXGF&Ex&HV_AirDist/NE-HV_AirDist-SupFanMtr-cDXGF-2SpClgHtg-VFDStdMtr/instance-out.sql,2999723.70,3570785.40
CZ05/MBT&0&cDXGF&Ex&HV_AirDist/NE-HV_AirDist-SupFanMtr-cDXGF-2SpClgHtg-SRM/instance-out.sql,2988524.49,3573744.89
CZ05/MLI&0&cDXGF&Ex&HV_AirDist/NE-HV_AirDist-SupFanMtr-cDXGF-2SpClgHtg-Cnst/instance-out.sql,919276.62,146790.44
CZ05/MLI&0&cDXGF&Ex&HV_AirDist/NE-HV_AirDist-SupFanMtr-cDXGF-2SpClgHtg-VFDStdMtr/instance-out.sql,665368.16,226616.22
CZ05/MLI&0&cDXGF&Ex&HV_AirDist/NE-HV_AirDist-SupFanMtr-cDXGF-2SpClgHtg-SRM/instance-out.sql,653193.40,231687.55
CZ05/Mtl&0&cDXGF&Ex&HV_AirDist/NE-HV_AirDist-SupFanMtr-cDXGF-2SpClgHtg-Cnst/instance-out.sql,145722.08,23942.24
CZ05/Mtl&0&cDXGF&Ex&HV_AirDist/NE-HV_AirDist-SupFanMtr-cDXGF-2SpClgHtg-VFDStdMtr/instance-out.sql,106544.17,34144.91
CZ05/Mtl&0&cDXGF&Ex&HV_AirDist/NE-HV_AirDist-SupFanMtr-cDXGF-2SpClgHtg-SRM/instance-out.sql,104522.69,34824.03
CZ05/Nrs&0&cDXGF&Ex&HV_AirDist/NE-HV_AirDist-SupFanMtr-cDXGF-2SpClgHtg-Cnst/instance-out.sql,705476.24,235298.27
CZ05/Nrs&0&cDXGF&Ex&HV_AirDist/NE-HV_AirDist-SupFanMtr-cDXGF-2SpClgHtg-VFDStdMtr/instance-out.sql,631487.76,243976.45
CZ05/Nrs&0&cDXGF&Ex&HV_AirDist/NE-HV_AirDist-SupFanMtr-cDXGF-2SpClgHtg-SRM/instance-out.sql,627421.38,244665.87
CZ05/OfL&0&cDXGF&Ex&HV_AirDist/NE-HV_AirDist-SupFanMtr-cDXGF-2SpClgHtg-Cnst/instance-out.sql,2388384.84,181970.06
CZ05/OfL&0&cDXGF&Ex&HV_AirDist/NE-HV_AirDist-SupFanMtr-cDXGF-2SpClgHtg-VFDStdMtr/instance-out.sql,1826110.79,221659.31
CZ05/OfL&0&cDXGF&Ex&HV_AirDist/NE-HV_AirDist-SupFanMtr-cDXGF-2SpClgHtg-SRM/instance-out.sql,1794915.91,225307.77
CZ05/OfS&0&cDXGF&Ex&HV_AirDist/NE-HV_AirDist-SupFanMtr-cDXGF-2SpClgHtg-Cnst/instance-out.sql,119676.19,27264.42
CZ05/OfS&0&cDXGF&Ex&HV_AirDist/NE-HV_AirDist-SupFanMtr-cDXGF-2SpClgHtg-VFDStdMtr/instance-out.sql,81613.73,31851.18
CZ05/OfS&0&cDXGF&Ex&HV_AirDist/NE-HV_AirDist-SupFanMtr-cDXGF-2SpClgHtg-SRM/instance-out.sql,79579.89,32236.32
CZ05/RFF&0&cDXGF&Ex&HV_AirDist/NE-HV_AirDist-SupFanMtr-cDXGF-2SpClgHtg-Cnst/instance-out.sql,59285.99,48734.05
CZ05/RFF&0&cDXGF&Ex&HV_AirDist/NE-HV_AirDist-SupFanMtr-cDXGF-2SpClgHtg-VFDStdMtr/instance-out.sql,49238.88,51038.68
CZ05/RFF&0&cDXGF&Ex&HV_AirDist/NE-HV_AirDist-SupFanMtr-cDXGF-2SpClgHtg-SRM/instance-out.sql,48706.16,51213.64
CZ05/RSD&0&cDXGF&Ex&HV_AirDist/NE-HV_AirDist-SupFanMtr-cDXGF-2SpClgHtg-Cnst/instance-out.sql,115211.70,123238.70
CZ05/RSD&0&cDXGF&Ex&HV_AirDist/NE-HV_AirDist-SupFanMtr-cDXGF-2SpClgHtg-VFDStdMtr/instance-out.sql,110070.53,124230.86
CZ05/RSD&0&cDXGF&Ex&HV_AirDist/NE-HV_AirDist-SupFanMtr-cDXGF-2SpClgHtg-SRM/instance-out.sql,109807.39,124303.67
CZ05/Rt3&0&cDXGF&Ex&HV_AirDist/NE-HV_AirDist-SupFanMtr-cDXGF-2SpClgHtg-Cnst/instance-out.sql,1855085.41,227895.05
CZ05/Rt3&0&cDXGF&Ex&HV_AirDist/NE-HV_AirDist-SupFanMtr-cDXGF-2SpClgHtg-VFDStdMtr/instance-out.sql,1494838.29,270769.90
CZ05/Rt3&0&cDXGF&Ex&HV_AirDist/NE-HV_AirDist-SupFanMtr-cDXGF-2SpClgHtg-SRM/instance-out.sql,1475383.14,273872.46
CZ05/RtL&0&cDXGF&Ex&HV_AirDist/NE-HV_AirDist-SupFanMtr-cDXGF-2SpClgHtg-Cnst/instance-out.sql,1863320.77,206265.21
CZ05/RtL&0&cDXGF&Ex&HV_AirDist/NE-HV_AirDist-SupFanMtr-cDXGF-2SpClgHtg-VFDStdMtr/instance-out.sql,1518926.33,247077.55
CZ05/RtL&0&cDXGF&Ex&HV_AirDist/NE-HV_AirDist-SupFanMtr-cDXGF-2SpClgHtg-SRM/instance-out.sql,1500190.24,250009.06
CZ05/RtS&0&cDXGF&Ex&HV_AirDist/NE-HV_AirDist-SupFanMtr-cDXGF-2SpClgHtg-Cnst/instance-out.sql,110539.26,23909.52
CZ05/RtS&0&cDXGF&Ex&HV_AirDist/NE-HV_AirDist-SupFanMtr-cDXGF-2SpClgHtg-VFDStdMtr/instance-out.sql,86986.98,28745.16
CZ05/RtS&0&cDXGF&Ex&HV_AirDist/NE-HV_AirDist-SupFanMtr-cDXGF-2SpClgHtg-SRM/instance-out.sql,85739.77,29087.95
CZ05/SCn&0&cDXGF&Ex&HV_AirDist/NE-HV_AirDist-SupFanMtr-cDXGF-2SpClgHtg-Cnst/instance-out.sql,2865009.64,671074.76
CZ05/SCn&0&cDXGF&Ex&HV_AirDist/NE-HV_AirDist-SupFanMtr-cDXGF-2SpClgHtg-VFDStdMtr/instance-out.sql,1784930.64,1129411.58
CZ05/SCn&0&cDXGF&Ex&HV_AirDist/NE-HV_AirDist-SupFanMtr-cDXGF-2SpClgHtg-SRM/instance-out.sql,1736284.03,1158594.56
CZ05/Asm&0&cDXHP&Ex&HV_AirDist/NE-HV_AirDist-SupFanMtr-cDXHP-2SpClgHtg-Cnst/instance-out.sql,584005.70,22917.16
CZ05/Asm&0&cDXHP&Ex&HV_AirDist/NE-HV_AirDist-SupFanMtr-cDXHP-2SpClgHtg-VFDStdMtr/instance-out.sql,442169.65,22917.19
CZ05/Asm&0&cDXHP&Ex&HV_AirDist/NE-HV_AirDist-SupFanMtr-cDXHP-2SpClgHtg-SRM/instance-out.sql,434796.30,22917.10
CZ05/ECC&0&cDXHP&Ex&HV_AirDist/NE-HV_AirDist-SupFanMtr-cDXHP-2SpClgHtg-Cnst/instance-out.sql,2021625.99,525669.34
CZ05/ECC&0&cDXHP&Ex&HV_AirDist/NE-HV_AirDist-SupFanMtr-cDXHP-2SpClgHtg-VFDStdMtr/instance-out.sql,1698614.46,525690.65
CZ05/ECC&0&cDXHP&Ex&HV_AirDist/NE-HV_AirDist-SupFanMtr-cDXHP-2SpClgHtg-SRM/instance-out.sql,1681017.24,525693.17
CZ05/EPr&0&cDXHP&Ex&HV_AirDist/NE-HV_AirDist-SupFanMtr-cDXHP-2SpClgHtg-Cnst/instance-out.sql,254663.27,129850.23
CZ05/EPr&0&cDXHP&Ex&HV_AirDist/NE-HV_AirDist-SupFanMtr-cDXHP-2SpClgHtg-VFDStdMtr/instance-out.sql,210658.80,129850.49
CZ05/EPr&0&cDXHP&Ex&HV_AirDist/NE-HV_AirDist-SupFanMtr-cDXHP-2SpClgHtg-SRM/instance-out.sql,208270.18,129850.50
CZ05/ERC&0&cDXHP&Ex&HV_AirDist/NE-HV_AirDist-SupFanMtr-cDXHP-2SpClgHtg-Cnst/instance-out.sql,8685.21,9341.48
CZ05/ERC&0&cDXHP&Ex&HV_AirDist/NE-HV_AirDist-SupFanMtr-cDXHP-2SpClgHtg-VFDStdMtr/instance-out.sql,6494.83,9341.49
CZ05/ERC&0&cDXHP&Ex&HV_AirDist/NE-HV_AirDist-SupFanMtr-cDXHP-2SpClgHtg-SRM/instance-out.sql,6379.79,9341.49
CZ05/ESe&0&cDXHP&Ex&HV_AirDist/NE-HV_AirDist-SupFanMtr-cDXHP-2SpClgHtg-Cnst/instance-out.sql,760163.71,414436.10
CZ05/ESe&0&cDXHP&Ex&HV_AirDist/NE-HV_AirDist-SupFanMtr-cDXHP-2SpClgHtg-VFDStdMtr/instance-out.sql,707065.92,414686.85
CZ05/ESe&0&cDXHP&Ex&HV_AirDist/NE-HV_AirDist-SupFanMtr-cDXHP-2SpClgHtg-SRM/instance-out.sql,704116.76,414690.90
CZ05/EUn&0&cDXHP&Ex&HV_AirDist/NE-HV_AirDist-SupFanMtr-cDXHP-2SpClgHtg-Cnst/instance-out.sql,7287176.75,907798.10
CZ05/EUn&0&cDXHP&Ex&HV_AirDist/NE-HV_AirDist-SupFanMtr-cDXHP-2SpClgHtg-VFDStdMtr/instance-out.sql,6225777.94,908268.70
CZ05/EUn&0&cDXHP&Ex&HV_AirDist/NE-HV_AirDist-SupFanMtr-cDXHP-2SpClgHtg-SRM/instance-out.sql,6165275.90,908279.07
CZ05/Gro&0&cDXHP&Ex&HV_AirDist/NE-HV_AirDist-SupFanMtr-cDXHP-2SpClgHtg-Cnst/instance-out.sql,1825790.92,61786.93
CZ05/Gro&0&cDXHP&Ex&HV_AirDist/NE-HV_AirDist-SupFanMtr-cDXHP-2SpClgHtg-VFDStdMtr/instance-out.sql,1703617.88,61786.93
CZ05/Gro&0&cDXHP&Ex&HV_AirDist/NE-HV_AirDist-SupFanMtr-cDXHP-2SpClgHtg-SRM/instance-out.sql,1698040.70,61786.93
CZ05/Hsp&0&cDXHP&Ex&HV_AirDist/NE-HV_AirDist-SupFanMtr-cDXHP-2SpClgHtg-Cnst/instance-out.sql,2928303.52,533760.04
CZ05/Hsp&0&cDXHP&Ex&HV_AirDist/NE-HV_AirDist-SupFanMtr-cDXHP-2SpClgHtg-VFDStdMtr/instance-out.sql,2733556.52,538629.56
CZ05/Hsp&0&cDXHP&Ex&HV_AirDist/NE-HV_AirDist-SupFanMtr-cDXHP-2SpClgHtg-SRM/instance-out.sql,2723176.27,538808.16
CZ05/MBT&0&cDXHP&Ex&HV_AirDist/NE-HV_AirDist-SupFanMtr-cDXHP-2SpClgHtg-Cnst/instance-out.sql,3229059.27,3456139.03
CZ05/MBT&0&cDXHP&Ex&HV_AirDist/NE-HV_AirDist-SupFanMtr-cDXHP-2SpClgHtg-VFDStdMtr/instance-out.sql,3014615.01,3461391.63
CZ05/MBT&0&cDXHP&Ex&HV_AirDist/NE-HV_AirDist-SupFanMtr-cDXHP-2SpClgHtg-SRM/instance-out.sql,3003793.11,3461624.53
CZ05/MLI&0&cDXHP&Ex&HV_AirDist/NE-HV_AirDist-SupFanMtr-cDXHP-2SpClgHtg-Cnst/instance-out.sql,938132.96,49545.59
CZ05/MLI&0&cDXHP&Ex&HV_AirDist/NE-HV_AirDist-SupFanMtr-cDXHP-2SpClgHtg-VFDStdMtr/instance-out.sql,692763.88,49545.83
CZ05/MLI&0&cDXHP&Ex&HV_AirDist/NE-HV_AirDist-SupFanMtr-cDXHP-2SpClgHtg-SRM/instance-out.sql,681369.38,49545.83
CZ05/Mtl&0&cDXHP&Ex&HV_AirDist/NE-HV_AirDist-SupFanMtr-cDXHP-2SpClgHtg-Cnst/instance-out.sql,148492.98,8276.80
CZ05/Mtl&0&cDXHP&Ex&HV_AirDist/NE-HV_AirDist-SupFanMtr-cDXHP-2SpClgHtg-VFDStdMtr/instance-out.sql,110385.42,8292.77
CZ05/Mtl&0&cDXHP&Ex&HV_AirDist/NE-HV_AirDist-SupFanMtr-cDXHP-2SpClgHtg-SRM/instance-out.sql,108446.02,8292.25
CZ05/Nrs&0&cDXHP&Ex&HV_AirDist/NE-HV_AirDist-SupFanMtr-cDXHP-2SpClgHtg-Cnst/instance-out.sql,708363.70,219067.26
CZ05/Nrs&0&cDXHP&Ex&HV_AirDist/NE-HV_AirDist-SupFanMtr-cDXHP-2SpClgHtg-VFDStdMtr/instance-out.sql,634942.25,220405.57
CZ05/Nrs&0&cDXHP&Ex&HV_AirDist/NE-HV_AirDist-SupFanMtr-cDXHP-2SpClgHtg-SRM/instance-out.sql,630930.50,220435.65
CZ05/OfL&0&cDXHP&Ex&HV_AirDist/NE-HV_AirDist-SupFanMtr-cDXHP-2SpClgHtg-Cnst/instance-out.sql,2394992.69,144191.86
CZ05/OfL&0&cDXHP&Ex&HV_AirDist/NE-HV_AirDist-SupFanMtr-cDXHP-2SpClgHtg-VFDStdMtr/instance-out.sql,1841656.03,143999.00
CZ05/OfL&0&cDXHP&Ex&HV_AirDist/NE-HV_AirDist-SupFanMtr-cDXHP-2SpClgHtg-SRM/instance-out.sql,1811638.54,144027.46
CZ05/OfS&0&cDXHP&Ex&HV_AirDist/NE-HV_AirDist-SupFanMtr-cDXHP-2SpClgHtg-Cnst/instance-out.sql,120432.15,22543.75
CZ05/OfS&0&cDXHP&Ex&HV_AirDist/NE-HV_AirDist-SupFanMtr-cDXHP-2SpClgHtg-VFDStdMtr/instance-out.sql,83229.90,22543.78
CZ05/OfS&0&cDXHP&Ex&HV_AirDist/NE-HV_AirDist-SupFanMtr-cDXHP-2SpClgHtg-SRM/instance-out.sql,81262.36,22543.78
CZ05/RFF&0&cDXHP&Ex&HV_AirDist/NE-HV_AirDist-SupFanMtr-cDXHP-2SpClgHtg-Cnst/instance-out.sql,59823.97,45648.47
CZ05/RFF&0&cDXHP&Ex&HV_AirDist/NE-HV_AirDist-SupFanMtr-cDXHP-2SpClgHtg-VFDStdMtr/instance-out.sql,50037.18,45649.89
CZ05/RFF&0&cDXHP&Ex&HV_AirDist/NE-HV_AirDist-SupFanMtr-cDXHP-2SpClgHtg-SRM/instance-out.sql,49530.05,45649.91
CZ05/RSD&0&cDXHP&Ex&HV_AirDist/NE-HV_AirDist-SupFanMtr-cDXHP-2SpClgHtg-Cnst/instance-out.sql,115455.51,121927.18
CZ05/RSD&0&cDXHP&Ex&HV_AirDist/NE-HV_AirDist-SupFanMtr-cDXHP-2SpClgHtg-VFDStdMtr/instance-out.sql,110375.61,122029.20
CZ05/RSD&0&cDXHP&Ex&HV_AirDist/NE-HV_AirDist-SupFanMtr-cDXHP-2SpClgHtg-SRM/instance-out.sql,110122.11,122031.91
CZ05/Rt3&0&cDXHP&Ex&HV_AirDist/NE-HV_AirDist-SupFanMtr-cDXHP-2SpClgHtg-Cnst/instance-out.sql,1865571.23,178817.26
CZ05/Rt3&0&cDXHP&Ex&HV_AirDist/NE-HV_AirDist-SupFanMtr-cDXHP-2SpClgHtg-VFDStdMtr/instance-out.sql,1509624.18,179012.24
CZ05/Rt3&0&cDXHP&Ex&HV_AirDist/NE-HV_AirDist-SupFanMtr-cDXHP-2SpClgHtg-SRM/instance-out.sql,1490711.41,179020.16
CZ05/RtL&0&cDXHP&Ex&HV_AirDist/NE-HV_AirDist-SupFanMtr-cDXHP-2SpClgHtg-Cnst/instance-out.sql,1870591.07,170169.20
CZ05/RtL&0&cDXHP&Ex&HV_AirDist/NE-HV_AirDist-SupFanMtr-cDXHP-2SpClgHtg-VFDStdMtr/instance-out.sql,1530331.29,170169.38
CZ05/RtL&0&cDXHP&Ex&HV_AirDist/NE-HV_AirDist-SupFanMtr-cDXHP-2SpClgHtg-SRM/instance-out.sql,1512083.63,170169.39
CZ05/RtS&0&cDXHP&Ex&HV_AirDist/NE-HV_AirDist-SupFanMtr-cDXHP-2SpClgHtg-Cnst/instance-out.sql,112063.84,15899.21
CZ05/RtS&0&cDXHP&Ex&HV_AirDist/NE-HV_AirDist-SupFanMtr-cDXHP-2SpClgHtg-VFDStdMtr/instance-out.sql,88969.78,15899.13
CZ05/RtS&0&cDXHP&Ex&HV_AirDist/NE-HV_AirDist-SupFanMtr-cDXHP-2SpClgHtg-SRM/instance-out.sql,87768.43,15899.12
CZ05/SCn&0&cDXHP&Ex&HV_AirDist/NE-HV_AirDist-SupFanMtr-cDXHP-2SpClgHtg-Cnst/instance-out.sql,2973957.38,86806.56
CZ05/SCn&0&cDXHP&Ex&HV_AirDist/NE-HV_AirDist-SupFanMtr-cDXHP-2SpClgHtg-VFDStdMtr/instance-out.sql,1941700.94,86806.56
CZ05/SCn&0&cDXHP&Ex&HV_AirDist/NE-HV_AirDist-SupFanMtr-cDXHP-2SpClgHtg-SRM/instance-out.sql,1897288.09,86806.56
CZ05/Asm&0&cDXOH&Ex&HV_AirDist/NE-HV_AirDist-SupFanMtr-cDXOH-2SpClgHtg-Cnst/instance-out.sql,557341.34,22917.21
CZ05/Asm&0&cDXOH&Ex&HV_AirDist/NE-HV_AirDist-SupFanMtr-cDXOH-2SpClgHtg-VFDStdMtr/instance-out.sql,408362.24,22917.15
CZ05/Asm&0&cDXOH&Ex&HV_AirDist/NE-HV_AirDist-SupFanMtr-cDXOH-2SpClgHtg-SRM/instance-out.sql,400565.33,22917.21
CZ05/ECC&0&cDXOH&Ex&HV_AirDist/NE-HV_AirDist-SupFanMtr-cDXOH-2SpClgHtg-Cnst/instance-out.sql,2000890.86,525730.70
CZ05/ECC&0&cDXOH&Ex&HV_AirDist/NE-HV_AirDist-SupFanMtr-cDXOH-2SpClgHtg-VFDStdMtr/instance-out.sql,1657442.03,525746.24

File Name,Unmet Heating (Hours),Unmet Cooling (Hours)
CZ01/Asm&0&cDXGF&Ex&HV_AirDist/NE-HV_AirDist-SupFanMtr-cDXGF-2SpClgHtg-Cnst/instance-out.sql,0.00,0.00
CZ01/Asm&0&cDXGF&Ex&HV_AirDist/NE-HV_AirDist-SupFanMtr-cDXGF-2SpClgHtg-VFDStdMtr/instance-out.sql,0.00,0.00
CZ01/Asm&0&cDXGF&Ex&HV_AirDist/NE-HV_AirDist-SupFanMtr-cDXGF-2SpClgHtg-SRM/instance-out.sql,0.00,0.00
CZ01/ECC&0&cDXGF&Ex&HV_AirDist/NE-HV_AirDist-SupFanMtr-cDXGF-2SpClgHtg-Cnst/instance-out.sql,0.00,842.83
CZ01/ECC&0&cDXGF&Ex&HV_AirDist/NE-HV_AirDist-SupFanMtr-cDXGF-2SpClgHtg-VFDStdMtr/instance-out.sql,0.00,566.33
CZ01/ECC&0&cDXGF&Ex&HV_AirDist/NE-HV_AirDist-SupFanMtr-cDXGF-2SpClgHtg-SRM/instance-out.sql,0.00,563.33
CZ01/EPr&0&cDXGF&Ex&HV_AirDist/NE-HV_AirDist-SupFanMtr-cDXGF-2SpClgHtg-Cnst/instance-out.sql,0.00,0.00
CZ01/EPr&0&cDXGF&Ex&HV_AirDist/NE-HV_AirDist-SupFanMtr-cDXGF-2SpClgHtg-VFDStdMtr/instance-out.sql,0.00,0.00
CZ01/EPr&0&cDXGF&Ex&HV_AirDist/NE-HV_AirDist-SupFanMtr-cDXGF-2SpClgHtg-SRM/instance-out.sql,0.00,0.00
CZ01/ERC&0&cDXGF&Ex&HV_AirDist/NE-HV_AirDist-SupFanMtr-cDXGF-2SpClgHtg-Cnst/instance-out.sql,0.00,0.00
CZ01/ERC&0&cDXGF&Ex&HV_AirDist/NE-HV_AirDist-SupFanMtr-cDXGF-2SpClgHtg-VFDStdMtr/instance-out.sql,0.00,0.00
CZ01/ERC&0&cDXGF&Ex&HV_AirDist/NE-HV_AirDist-SupFanMtr-cDXGF-2SpClgHtg-SRM/instance-out.sql,0.00,0.00
CZ01/ESe&0&cDXGF&Ex&HV_AirDist/NE-HV_AirDist-SupFanMtr-cDXGF-2SpClgHtg-Cnst/instance-out.sql,0.00,0.00
CZ01/ESe&0&cDXGF&Ex&HV_AirDist/NE-HV_AirDist-SupFanMtr-cDXGF-2SpClgHtg-VFDStdMtr/instance-out.sql,0.00,0.00
CZ01/ESe&0&cDXGF&Ex&HV_AirDist/NE-HV_AirDist-SupFanMtr-cDXGF-2SpClgHtg-SRM/instance-out.sql,0.17,0.00
CZ01/EUn&0&cDXGF&Ex&HV_AirDist/NE-HV_AirDist-SupFanMtr-cDXGF-2SpClgHtg-Cnst/instance-out.sql,1.67,114.33
CZ01/EUn&0&cDXGF&Ex&HV_AirDist/NE-HV_AirDist-SupFanMtr-cDXGF-2SpClgHtg-VFDStdMtr/instance-out.sql,1.67,106.17
CZ01/EUn&0&cDXGF&Ex&HV_AirDist/NE-HV_AirDist-SupFanMtr-cDXGF-2SpClgHtg-SRM/instance-out.sql,1.50,107.50
CZ01/Gro&0&cDXGF&Ex&HV_AirDist/NE-HV_AirDist-SupFanMtr-cDXGF-2SpClgHtg-Cnst/instance-out.sql,0.00,0.00
CZ01/Gro&0&cDXGF&Ex&HV_AirDist/NE-HV_AirDist-SupFanMtr-cDXGF-2SpClgHtg-VFDStdMtr/instance-out.sql,0.00,0.00
CZ01/Gro&0&cDXGF&Ex&HV_AirDist/NE-HV_AirDist-SupFanMtr-cDXGF-2SpClgHtg-SRM/instance-out.sql,0.00,0.00
CZ01/Hsp&0&cDXGF&Ex&HV_AirDist/NE-HV_AirDist-SupFanMtr-cDXGF-2SpClgHtg-Cnst/instance-out.sql,0.00,233.00
CZ01/Hsp&0&cDXGF&Ex&HV_AirDist/NE-HV_AirDist-SupFanMtr-cDXGF-2SpClgHtg-VFDStdMtr/instance-out.sql,0.00,224.33
CZ01/Hsp&0&cDXGF&Ex&HV_AirDist/NE-HV_AirDist-SupFanMtr-cDXGF-2SpClgHtg-SRM/instance-out.sql,0.00,224.00
CZ01/MBT&0&cDXGF&Ex&HV_AirDist/NE-HV_AirDist-SupFanMtr-cDXGF-2SpClgHtg-Cnst/instance-out.sql,0.00,147.33
CZ01/MBT&0&cDXGF&Ex&HV_AirDist/NE-HV_AirDist-SupFanMtr-cDXGF-2SpClgHtg-VFDStdMtr/instance-out.sql,0.00,97.50
CZ01/MBT&0&cDXGF&Ex&HV_AirDist/NE-HV_AirDist-SupFanMtr-cDXGF-2SpClgHtg-SRM/instance-out.sql,0.00,95.67
CZ01/MLI&0&cDXGF&Ex&HV_AirDist/NE-HV_AirDist-SupFanMtr-cDXGF-2SpClgHtg-Cnst/instance-out.sql,0.00,0.00
CZ01/MLI&0&cDXGF&Ex&HV_AirDist/NE-HV_AirDist-SupFanMtr-cDXGF-2SpClgHtg-VFDStdMtr/instance-out.sql,0.00,0.00
CZ01/MLI&0&cDXGF&Ex&HV_AirDist/NE-HV_AirDist-SupFanMtr-cDXGF-2SpClgHtg-SRM/instance-out.sql,0.00,0.00
CZ01/Mtl&0&cDXGF&Ex&HV_AirDist/NE-HV_AirDist-SupFanMtr-cDXGF-2SpClgHtg-Cnst/instance-out.sql,0.00,8.00
CZ01/Mtl&0&cDXGF&Ex&HV_AirDist/NE-HV_AirDist-SupFanMtr-cDXGF-2SpClgHtg-VFDStdMtr/instance-out.sql,0.00,7.33
CZ01/Mtl&0&cDXGF&Ex&HV_AirDist/NE-HV_AirDist-SupFanMtr-cDXGF-2SpClgHtg-SRM/instance-out.sql,0.00,7.00
CZ01/Nrs&0&cDXGF&Ex&HV_AirDist/NE-HV_AirDist-SupFanMtr-cDXGF-2SpClgHtg-Cnst/instance-out.sql,0.00,0.17
CZ01/Nrs&0&cDXGF&Ex&HV_AirDist/NE-HV_AirDist-SupFanMtr-cDXGF-2SpClgHtg-VFDStdMtr/instance-out.sql,0.00,0.00
CZ01/Nrs&0&cDXGF&Ex&HV_AirDist/NE-HV_AirDist-SupFanMtr-cDXGF-2SpClgHtg-SRM/instance-out.sql,0.00,0.00
CZ01/OfL&0&cDXGF&Ex&HV_AirDist/NE-HV_AirDist-SupFanMtr-cDXGF-2SpClgHtg-Cnst/instance-out.sql,2.00,111.33
CZ01/OfL&0&cDXGF&Ex&HV_AirDist/NE-HV_AirDist-SupFanMtr-cDXGF-2SpClgHtg-VFDStdMtr/instance-out.sql,2.33,105.50
CZ01/OfL&0&cDXGF&Ex&HV_AirDist/NE-HV_AirDist-SupFanMtr-cDXGF-2SpClgHtg-SRM/instance-out.sql,2.00,104.67
CZ01/OfS&0&cDXGF&Ex&HV_AirDist/NE-HV_AirDist-SupFanMtr-cDXGF-2SpClgHtg-Cnst/instance-out.sql,0.33,51.67
CZ01/OfS&0&cDXGF&Ex&HV_AirDist/NE-HV_AirDist-SupFanMtr-cDXGF-2SpClgHtg-VFDStdMtr/instance-out.sql,0.33,47.83
CZ01/OfS&0&cDXGF&Ex&HV_AirDist/NE-HV_AirDist-SupFanMtr-cDXGF-2SpClgHtg-SRM/instance-out.sql,0.33,46.83
CZ01/RFF&0&cDXGF&Ex&HV_AirDist/NE-HV_AirDist-SupFanMtr-cDXGF-2SpClgHtg-Cnst/instance-out.sql,0.00,0.00
CZ01/RFF&0&cDXGF&Ex&HV_AirDist/NE-HV_AirDist-SupFanMtr-cDXGF-2SpClgHtg-VFDStdMtr/instance-out.sql,0.33,0.00
CZ01/RFF&0&cDXGF&Ex&HV_AirDist/NE-HV_AirDist-SupFanMtr-cDXGF-2SpClgHtg-SRM/instance-out.sql,0.00,0.00
CZ01/RSD&0&cDXGF&Ex&HV_AirDist/NE-HV_AirDist-SupFanMtr-cDXGF-2SpClgHtg-Cnst/instance-out.sql,0.00,0.00
CZ01/RSD&0&cDXGF&Ex&HV_AirDist/NE-HV_AirDist-SupFanMtr-cDXGF-2SpClgHtg-VFDStdMtr/instance-out.sql,0.00,0.00
CZ01/RSD&0&cDXGF&Ex&HV_AirDist/NE-HV_AirDist-SupFanMtr-cDXGF-2SpClgHtg-SRM/instance-out.sql,0.00,0.00
CZ01/Rt3&0&cDXGF&Ex&HV_AirDist/NE-HV_AirDist-SupFanMtr-cDXGF-2SpClgHtg-Cnst/instance-out.sql,0.00,0.00
CZ01/Rt3&0&cDXGF&Ex&HV_AirDist/NE-HV_AirDist-SupFanMtr-cDXGF-2SpClgHtg-VFDStdMtr/instance-out.sql,0.00,0.00
CZ01/Rt3&0&cDXGF&Ex&HV_AirDist/NE-HV_AirDist-SupFanMtr-cDXGF-2SpClgHtg-SRM/instance-out.sql,0.00,0.00
CZ01/RtL&0&cDXGF&Ex&HV_AirDist/NE-HV_AirDist-SupFanMtr-cDXGF-2SpClgHtg-Cnst/instance-out.sql,0.00,0.00
CZ01/RtL&0&cDXGF&Ex&HV_AirDist/NE-HV_AirDist-SupFanMtr-cDXGF-2SpClgHtg-VFDStdMtr/instance-out.sql,0.00,0.00
CZ01/RtL&0&cDXGF&Ex&HV_AirDist/NE-HV_AirDist-SupFanMtr-cDXGF-2SpClgHtg-SRM/instance-out.sql,0.00,0.00
CZ01/RtS&0&cDXGF&Ex&HV_AirDist/NE-HV_AirDist-SupFanMtr-cDXGF-2SpClgHtg-Cnst/instance-out.sql,0.00,0.00
CZ01/RtS&0&cDXGF&Ex&HV_AirDist/NE-HV_AirDist-SupFanMtr-cDXGF-2SpClgHtg-VFDStdMtr/instance-out.sql,0.00,0.00
CZ01/RtS&0&cDXGF&Ex&HV_AirDist/NE-HV_AirDist-SupFanMtr-cDXGF-2SpClgHtg-SRM/instance-out.sql,0.00,0.00
CZ01/SCn&0&cDXGF&Ex&HV_AirDist/NE-HV_AirDist-SupFanMtr-cDXGF-2SpClgHtg-Cnst/instance-out.sql,0.00,0.00
CZ01/SCn&0&cDXGF&Ex&HV_AirDist/NE-HV_AirDist-SupFanMtr-cDXGF-2SpClgHtg-VFDStdMtr/instance-out.sql,0.00,0.00
CZ01/SCn&0&cDXGF&Ex&HV_AirDist/NE-HV_AirDist-SupFanMtr-cDXGF-2SpClgHtg-SRM/instance-out.sql,0.00,0.00
CZ01/Asm&0&cDXHP&Ex&HV_AirDist/NE-HV_AirDist-SupFanMtr-cDXHP-2SpClgHtg-Cnst/instance-out.sql,0.00,0.00
CZ01/Asm&0&cDXHP&Ex&HV_AirDist/NE-HV_AirDist-SupFanMtr-cDXHP-2SpClgHtg-VFDStdMtr/instance-out.sql,0.00,0.00
CZ01/Asm&0&cDXHP&Ex&HV_AirDist/NE-HV_AirDist-SupFanMtr-cDXHP-2SpClgHtg-SRM/instance-out.sql,0.00,0.00
CZ01/ECC&0&cDXHP&Ex&HV_AirDist/NE-HV_AirDist-SupFanMtr-cDXHP-2SpClgHtg-Cnst/instance-out.sql,0.00,842.83
CZ01/ECC&0&cDXHP&Ex&HV_AirDist/NE-HV_AirDist-SupFanMtr-cDXHP-2SpClgHtg-VFDStdMtr/instance-out.sql,0.00,566.17
CZ01/ECC&0&cDXHP&Ex&HV_AirDist/NE-HV_AirDist-SupFanMtr-cDXHP-2SpClgHtg-SRM/instance-out.sql,0.00,561.67
CZ01/EPr&0&cDXHP&Ex&HV_AirDist/NE-HV_AirDist-SupFanMtr-cDXHP-2SpClgHtg-Cnst/instance-out.sql,0.00,0.00
CZ01/EPr&0&cDXHP&Ex&HV_AirDist/NE-HV_AirDist-SupFanMtr-cDXHP-2SpClgHtg-VFDStdMtr/instance-out.sql,0.00,0.00
CZ01/EPr&0&cDXHP&Ex&HV_AirDist/NE-HV_AirDist-SupFanMtr-cDXHP-2SpClgHtg-SRM/instance-out.sql,0.00,0.00
CZ01/ERC&0&cDXHP&Ex&HV_AirDist/NE-HV_AirDist-SupFanMtr-cDXHP-2SpClgHtg-Cnst/instance-out.sql,0.00,0.00
CZ01/ERC&0&cDXHP&Ex&HV_AirDist/NE-HV_AirDist-SupFanMtr-cDXHP-2SpClgHtg-VFDStdMtr/instance-out.sql,0.00,0.00
CZ01/ERC&0&cDXHP&Ex&HV_AirDist/NE-HV_AirDist-SupFanMtr-cDXHP-2SpClgHtg-SRM/instance-out.sql,0.00,0.00
CZ01/ESe&0&cDXHP&Ex&HV_AirDist/NE-HV_AirDist-SupFanMtr-cDXHP-2SpClgHtg-Cnst/instance-out.sql,0.00,0.00
CZ01/ESe&0&cDXHP&Ex&HV_AirDist/NE-HV_AirDist-SupFanMtr-cDXHP-2SpClgHtg-VFDStdMtr/instance-out.sql,0.00,0.00
CZ01/ESe&0&cDXHP&Ex&HV_AirDist/NE-HV_AirDist-SupFanMtr-cDXHP-2SpClgHtg-SRM/instance-out.sql,0.00,0.00
CZ01/EUn&0&cDXHP&Ex&HV_AirDist/NE-HV_AirDist-SupFanMtr-cDXHP-2SpClgHtg-Cnst/instance-out.sql,1.67,114.33
CZ01/EUn&0&cDXHP&Ex&HV_AirDist/NE-HV_AirDist-SupFanMtr-cDXHP-2SpClgHtg-VFDStdMtr/instance-out.sql,1.67,105.83
CZ01/EUn&0&cDXHP&Ex&HV_AirDist/NE-HV_AirDist-SupFanMtr-cDXHP-2SpClgHtg-SRM/instance-out.sql,1.67,107.33
CZ01/Gro&0&cDXHP&Ex&HV_AirDist/NE-HV_AirDist-SupFanMtr-cDXHP-2SpClgHtg-Cnst/instance-out.sql,0.00,0.00
CZ01/Gro&0&cDXHP&Ex&HV_AirDist/NE-HV_AirDist-SupFanMtr-cDXHP-2SpClgHtg-VFDStdMtr/instance-out.sql,0.00,0.00
CZ01/Gro&0&cDXHP&Ex&HV_AirDist/NE-HV_AirDist-SupFanMtr-cDXHP-2SpClgHtg-SRM/instance-out.sql,0.00,0.00
CZ01/Hsp&0&cDXHP&Ex&HV_AirDist/NE-HV_AirDist-SupFanMtr-cDXHP-2SpClgHtg-Cnst/instance-out.sql,0.00,233.00
CZ01/Hsp&0&cDXHP&Ex&HV_AirDist/NE-HV_AirDist-SupFanMtr-cDXHP-2SpClgHtg-VFDStdMtr/instance-out.sql,0.00,224.33
CZ01/Hsp&0&cDXHP&Ex&HV_AirDist/NE-HV_AirDist-SupFanMtr-cDXHP-2SpClgHtg-SRM/instance-out.sql,0.00,224.00
CZ01/MBT&0&cDXHP&Ex&HV_AirDist/NE-HV_AirDist-SupFanMtr-cDXHP-2SpClgHtg-Cnst/instance-out.sql,0.00,147.33
CZ01/MBT&0&cDXHP&Ex&HV_AirDist/NE-HV_AirDist-SupFanMtr-cDXHP-2SpClgHtg-VFDStdMtr/instance-out.sql,0.00,97.67
CZ01/MBT&0&cDXHP&Ex&HV_AirDist/NE-HV_AirDist-SupFanMtr-cDXHP-2SpClgHtg-SRM/instance-out.sql,0.00,95.67
CZ01/MLI&0&cDXHP&Ex&HV_AirDist/NE-HV_AirDist-SupFanMtr-cDXHP-2SpClgHtg-Cnst/instance-out.sql,0.00,0.00
CZ01/MLI&0&cDXHP&Ex&HV_AirDist/NE-HV_AirDist-SupFanMtr-cDXHP-2SpClgHtg-VFDStdMtr/instance-out.sql,0.00,0.00
CZ01/MLI&0&cDXHP&Ex&HV_AirDist/NE-HV_AirDist-SupFanMtr-cDXHP-2SpClgHtg-SRM/instance-out.sql,0.00,0.00
CZ01/Mtl&0&cDXHP&Ex&HV_AirDist/NE-HV_AirDist-SupFanMtr-cDXHP-2SpClgHtg-Cnst/instance-out.sql,0.00,8.00
CZ01/Mtl&0&cDXHP&Ex&HV_AirDist/NE-HV_AirDist-SupFanMtr-cDXHP-2SpClgHtg-VFDStdMtr/instance-out.sql,0.00,7.33
CZ01/Mtl&0&cDXHP&Ex&HV_AirDist/NE-HV_AirDist-SupFanMtr-cDXHP-2SpClgHtg-SRM/instance-out.sql,0.00,7.00
CZ01/Nrs&0&cDXHP&Ex&HV_AirDist/NE-HV_AirDist-SupFanMtr-cDXHP-2SpClgHtg-Cnst/instance-out.sql,0.00,0.00
CZ01/Nrs&0&cDXHP&Ex&HV_AirDist/NE-HV_AirDist-SupFanMtr-cDXHP-2SpClgHtg-VFDStdMtr/instance-out.sql,0.17,0.00
CZ01/Nrs&0&cDXHP&Ex&HV_AirDist/NE-HV_AirDist-SupFanMtr-cDXHP-2SpClgHtg-SRM/instance-out.sql,0.00,0.00
CZ01/OfL&0&cDXHP&Ex&HV_AirDist/NE-HV_AirDist-SupFanMtr-cDXHP-2SpClgHtg-Cnst/instance-out.sql,2.00,111.33
CZ01/OfL&0&cDXHP&Ex&HV_AirDist/NE-HV_AirDist-SupFanMtr-cDXHP-2SpClgHtg-VFDStdMtr/instance-out.sql,2.33,105.17
CZ01/OfL&0&cDXHP&Ex&HV_AirDist/NE-HV_AirDist-SupFanMtr-cDXHP-2SpClgHtg-SRM/instance-out.sql,2.00,105.17
CZ01/OfS&0&cDXHP&Ex&HV_AirDist/NE-HV_AirDist-SupFanMtr-cDXHP-2SpClgHtg-Cnst/instance-out.sql,0.33,51.67
CZ01/OfS&0&cDXHP&Ex&HV_AirDist/NE-HV_AirDist-SupFanMtr-cDXHP-2SpClgHtg-VFDStdMtr/instance-out.sql,0.33,47.83
CZ01/OfS&0&cDXHP&Ex&HV_AirDist/NE-HV_AirDist-SupFanMtr-cDXHP-2SpClgHtg-SRM/instance-out.sql,0.33,46.83
CZ01/RFF&0&cDXHP&Ex&HV_AirDist/NE-HV_AirDist-SupFanMtr-cDXHP-2SpClgHtg-Cnst/instance-out.sql,0.00,0.00
CZ01/RFF&0&cDXHP&Ex&HV_AirDist/NE-HV_AirDist-SupFanMtr-cDXHP-2SpClgHtg-VFDStdMtr/instance-out.sql,0.33,0.00
CZ01/RFF&0&cDXHP&Ex&HV_AirDist/NE-HV_AirDist-SupFanMtr-cDXHP-2SpClgHtg-SRM/instance-out.sql,0.00,0.00
CZ01/RSD&0&cDXHP&Ex&HV_AirDist/NE-HV_AirDist-SupFanMtr-cDXHP-2SpClgHtg-Cnst/instance-out.sql,0.00,0.00
CZ01/RSD&0&cDXHP&Ex&HV_AirDist/NE-HV_AirDist-SupFanMtr-cDXHP-2SpClgHtg-VFDStdMtr/instance-out.sql,0.00,0.00
CZ01/RSD&0&cDXHP&Ex&HV_AirDist/NE-HV_AirDist-SupFanMtr-cDXHP-2SpClgHtg-SRM/instance-out.sql,0.00,0.00
CZ01/Rt3&0&cDXHP&Ex&HV_AirDist/NE-HV_AirDist-SupFanMtr-cDXHP-2SpClgHtg-Cnst/instance-out.sql,0.00,0.00
CZ01/Rt3&0&cDXHP&Ex&HV_AirDist/NE-HV_AirDist-SupFanMtr-cDXHP-2SpClgHtg-VFDStdMtr/instance-out.sql,0.00,0.00
CZ01/Rt3&0&cDXHP&Ex&HV_AirDist/NE-HV_AirDist-SupFanMtr-cDXHP-2SpClgHtg-SRM/instance-out.sql,0.00,0.00
CZ01/RtL&0&cDXHP&Ex&HV_AirDist/NE-HV_AirDist-SupFanMtr-cDXHP-2SpClgHtg-Cnst/instance-out.sql,0.00,0.00
CZ01/RtL&0&cDXHP&Ex&HV_AirDist/NE-HV_AirDist-SupFanMtr-cDXHP-2SpClgHtg-VFDStdMtr/instance-out.sql,0.00,0.00
CZ01/RtL&0&cDXHP&Ex&HV_AirDist/NE-HV_AirDist-SupFanMtr-cDXHP-2SpClgHtg-SRM/instance-out.sql,0.00,0.00
CZ01/RtS&0&cDXHP&Ex&HV_AirDist/NE-HV_AirDist-SupFanMtr-cDXHP-2SpClgHtg-Cnst/instance-out.sql,0.00,0.00
CZ01/RtS&0&cDXHP&Ex&HV_AirDist/NE-HV_AirDist-SupFanMtr-cDXHP-2SpClgHtg-VFDStdMtr/instance-out.sql,0.00,0.00
CZ01/RtS&0&cDXHP&Ex&HV_AirDist/NE-HV_AirDist-SupFanMtr-cDXHP-2SpClgHtg-SRM/instance-out.sql,0.00,0.00
CZ01/SCn&0&cDXHP&Ex&HV_AirDist/NE-HV_AirDist-SupFanMtr-cDXHP-2SpClgHtg-Cnst/instance-out.sql,0.00,0.00
CZ01/SCn&0&cDXHP&Ex&HV_AirDist/NE-HV_AirDist-SupFanMtr-cDXHP-2SpClgHtg-VFDStdMtr/instance-out.sql,0.00,0.00
CZ01/SCn&0&cDXHP&Ex&HV_AirDist/NE-HV_AirDist-SupFanMtr-cDXHP-2SpClgHtg-SRM/instance-out.sql,0.00,0.00
CZ01/Asm&0&cDXOH&Ex&HV_AirDist/NE-HV_AirDist-SupFanMtr-cDXOH-2SpClgHtg-Cnst/instance-out.sql,0.00,0.00
CZ01/Asm&0&cDXOH&Ex&HV_AirDist/NE-HV_AirDist-SupFanMtr-cDXOH-2SpClgHtg-VFDStdMtr/instance-out.sql,0.00,0.00
CZ01/Asm&0&cDXOH&Ex&HV_AirDist/NE-HV_AirDist-SupFanMtr-cDXOH-2SpClgHtg-SRM/instance-out.sql,0.00,0.00
CZ01/ECC&0&cDXOH&Ex&HV_AirDist/NE-HV_AirDist-SupFanMtr-cDXOH-2SpClgHtg-Cnst/instance-out.sql,0.00,154.50
CZ01/ECC&0&cDXOH&Ex&HV_AirDist/NE-HV_AirDist-SupFanMtr-cDXOH-2SpClgHtg-VFDStdMtr/instance-out.sql,0.00,135.00
CZ01/ECC&0&cDXOH&Ex&HV_AirDist/NE-HV_AirDist-SupFanMtr-cDXOH-2SpClgHtg-SRM/instance-out.sql,0.00,133.17
CZ01/EPr&0&cDXOH&Ex&HV_AirDist/NE-HV_AirDist-SupFanMtr-cDXOH-2SpClgHtg-Cnst/instance-out.sql,0.00,0.00
CZ01/EPr&0&cDXOH&Ex&HV_AirDist/NE-HV_AirDist-SupFanMtr-cDXOH-2SpClgHtg-VFDStdMtr/instance-out.sql,0.00,0.00
CZ01/EPr&0&cDXOH&Ex&HV_AirDist/NE-HV_AirDist-SupFanMtr-cDXOH-2SpClgHtg-SRM/instance-out.sql,0.00,0.00
CZ01/ERC&0&cDXOH&Ex&HV_AirDist/NE-HV_AirDist-SupFanMtr-cDXOH-2SpClgHtg-Cnst/instance-out.sql,0.00,0.00
CZ01/ERC&0&cDXOH&Ex&HV_AirDist/NE-HV_AirDist-SupFanMtr-cDXOH-2SpClgHtg-VFDStdMtr/instance-out.sql,0.00,0.00
CZ01/ERC&0&cDXOH&Ex&HV_AirDist/NE-HV_AirDist-SupFanMtr-cDXOH-2SpClgHtg-SRM/instance-out.sql,0.00,0.00
CZ01/ESe&0&cDXOH&Ex&HV_AirDist/NE-HV_AirDist-SupFanMtr-cDXOH-2SpClgHtg-Cnst/instance-out.sql,0.00,0.00
CZ01/ESe&0&cDXOH&Ex&HV_AirDist/NE-HV_AirDist-SupFanMtr-cDXOH-2SpClgHtg-VFDStdMtr/instance-out.sql,0.00,0.00
CZ01/ESe&0&cDXOH&Ex&HV_AirDist/NE-HV_AirDist-SupFanMtr-cDXOH-2SpClgHtg-SRM/instance-out.sql,0.00,0.00
CZ01/EUn&0&cDXOH&Ex&HV_AirDist/NE-HV_AirDist-SupFanMtr-cDXOH-2SpClgHtg-Cnst/instance-out.sql,0.67,112.67
CZ01/EUn&0&cDXOH&Ex&HV_AirDist/NE-HV_AirDist-SupFanMtr-cDXOH-2SpClgHtg-VFDStdMtr/instance-out.sql,0.67,93.50
CZ01/EUn&0&cDXOH&Ex&HV_AirDist/NE-HV_AirDist-SupFanMtr-cDXOH-2SpClgHtg-SRM/instance-out.sql,0.67,93.17
CZ01/Gro&0&cDXOH&Ex&HV_AirDist/NE-HV_AirDist-SupFanMtr-cDXOH-2SpClgHtg-Cnst/instance-out.sql
CZ01/Gro&0&cDXOH&Ex&HV_AirDist/NE-HV_AirDist-SupFanMtr-cDXOH-2SpClgHtg-VFDStdMtr/instance-out.sql
CZ01/Gro&0&cDXOH&Ex&HV_AirDist/NE-HV_AirDist-SupFanMtr-cDXOH-2SpClgHtg-SRM/instance-out.sql
CZ01/Hsp&0&cDXOH&Ex&HV_AirDist/NE-HV_AirDist-SupFanMtr-cDXOH-2SpClgHtg-Cnst/instance-out.sql,0.00,228.83
CZ01/Hsp&0&cDXOH&Ex&HV_AirDist/NE-HV_AirDist-SupFanMtr-cDXOH-2SpClgHtg-VFDStdMtr/instance-out.sql,0.00,216.83
CZ01/Hsp&0&cDXOH&Ex&HV_AirDist/NE-HV_AirDist-SupFanMtr-cDXOH-2SpClgHtg-SRM/instance-out.sql,0.00,216.00
CZ01/MBT&0&cDXOH&Ex&HV_AirDist/NE-HV_AirDist-SupFanMtr-cDXOH-2SpClgHtg-Cnst/instance-out.sql,0.00,130.50
CZ01/MBT&0&cDXOH&Ex&HV_AirDist/NE-HV_AirDist-SupFanMtr-cDXOH-2SpClgHtg-VFDStdMtr/instance-out.sql,0.00,77.50
CZ01/MBT&0&cDXOH&Ex&HV_AirDist/NE-HV_AirDist-SupFanMtr-cDXOH-2SpClgHtg-SRM/instance-out.sql,0.00,74.33
CZ01/MLI&0&cDXOH&Ex&HV_AirDist/NE-HV_AirDist-SupFanMtr-cDXOH-2SpClgHtg-Cnst/instance-out.sql,0.00,0.00
CZ01/MLI&0&cDXOH&Ex&HV_AirDist/NE-HV_AirDist-SupFanMtr-cDXOH-2SpClgHtg-VFDStdMtr/instance-out.sql,0.00,0.00
CZ01/MLI&0&cDXOH&Ex&HV_AirDist/NE-HV_AirDist-SupFanMtr-cDXOH-2SpClgHtg-SRM/instance-out.sql,0.00,0.00
CZ01/Mtl&0&cDXOH&Ex&HV_AirDist/NE-HV_AirDist-SupFanMtr-cDXOH-2SpClgHtg-Cnst/instance-out.sql,0.00,7.67
CZ01/Mtl&0&cDXOH&Ex&HV_AirDist/NE-HV_AirDist-SupFanMtr-cDXOH-2SpClgHtg-VFDStdMtr/instance-out.sql,0.00,5.83
CZ01/Mtl&0&cDXOH&Ex&HV_AirDist/NE-HV_AirDist-SupFanMtr-cDXOH-2SpClgHtg-SRM/instance-out.sql,0.00,5.83
CZ01/Nrs&0&cDXOH&Ex&HV_AirDist/NE-HV_AirDist-SupFanMtr-cDXOH-2SpClgHtg-Cnst/instance-out.sql,0.00,0.00
CZ01/Nrs&0&cDXOH&Ex&HV_AirDist/NE-HV_AirDist-SupFanMtr-cDXOH-2SpClgHtg-VFDStdMtr/instance-out.sql,0.00,0.00
CZ01/Nrs&0&cDXOH&Ex&HV_AirDist/NE-HV_AirDist-SupFanMtr-cDXOH-2SpClgHtg-SRM/instance-out.sql,0.00,0.00
CZ01/OfL&0&cDXOH&Ex&HV_AirDist/NE-HV_AirDist-SupFanMtr-cDXOH-2SpClgHtg-Cnst/instance-out.sql,1.00,110.83
CZ01/OfL&0&cDXOH&Ex&HV_AirDist/NE-HV_AirDist-SupFanMtr-cDXOH-2SpClgHtg-VFDStdMtr/instance-out.sql,1.00,103.67
CZ01/OfL&0&cDXOH&Ex&HV_AirDist/NE-HV_AirDist-SupFanMtr-cDXOH-2SpClgHtg-SRM/instance-out.sql,1.00,103.17
CZ01/OfS&0&cDXOH&Ex&HV_AirDist/NE-HV_AirDist-SupFanMtr-cDXOH-2SpClgHtg-Cnst/instance-out.sql,0.00,49.50
CZ01/OfS&0&cDXOH&Ex&HV_AirDist/NE-HV_AirDist-SupFanMtr-cDXOH-2SpClgHtg-VFDStdMtr/instance-out.sql,0.00,42.00
CZ01/OfS&0&cDXOH&Ex&HV_AirDist/NE-HV_AirDist-SupFanMtr-cDXOH-2SpClgHtg-SRM/instance-out.sql,0.00,42.50
CZ01/RFF&0&cDXOH&Ex&HV_AirDist/NE-HV_AirDist-SupFanMtr-cDXOH-2SpClgHtg-Cnst/instance-out.sql,0.00,0.00
CZ01/RFF&0&cDXOH&Ex&HV_AirDist/NE-HV_AirDist-SupFanMtr-cDXOH-2SpClgHtg-VFDStdMtr/instance-out.sql,0.00,0.00
CZ01/RFF&0&cDXOH&Ex&HV_AirDist/NE-HV_AirDist-SupFanMtr-cDXOH-2SpClgHtg-SRM/instance-out.sql,0.00,0.00
CZ01/RSD&0&cDXOH&Ex&HV_AirDist/NE-HV_AirDist-SupFanMtr-cDXOH-2SpClgHtg-Cnst/instance-out.sql,0.00,0.00
CZ01/RSD&0&cDXOH&Ex&HV_AirDist/NE-HV_AirDist-SupFanMtr-cDXOH-2SpClgHtg-VFDStdMtr/instance-out.sql,0.00,0.00
CZ01/RSD&0&cDXOH&Ex&HV_AirDist/NE-HV_AirDist-SupFanMtr-cDXOH-2SpClgHtg-SRM/instance-out.sql,0.00,0.00
CZ01/Rt3&0&cDXOH&Ex&HV_AirDist/NE-HV_AirDist-SupFanMtr-cDXOH-2SpClgHtg-Cnst/instance-out.sql,0.00,0.00
CZ01/Rt3&0&cDXOH&Ex&HV_AirDist/NE-HV_AirDist-SupFanMtr-cDXOH-2SpClgHtg-VFDStdMtr/instance-out.sql,0.00,0.00
CZ01/Rt3&0&cDXOH&Ex&HV_AirDist/NE-HV_AirDist-SupFanMtr-cDXOH-2SpClgHtg-SRM/instance-out.sql,0.00,0.00
CZ01/RtL&0&cDXOH&Ex&HV_AirDist/NE-HV_AirDist-SupFanMtr-cDXOH-2SpClgHtg-Cnst/instance-out.sql,0.00,0.00
CZ01/RtL&0&cDXOH&Ex&HV_AirDist/NE-HV_AirDist-SupFanMtr-cDXOH-2SpClgHtg-VFDStdMtr/instance-out.sql,0.00,0.00
CZ01/RtL&0&cDXOH&Ex&HV_AirDist/NE-HV_AirDist-SupFanMtr-cDXOH-2SpClgHtg-SRM/instance-out.sql,0.00,0.00
CZ01/RtS&0&cDXOH&Ex&HV_AirDist/NE-HV_AirDist-SupFanMtr-cDXOH-2SpClgHtg-Cnst/instance-out.sql,0.00,0.00
CZ01/RtS&0&cDXOH&Ex&HV_AirDist/NE-HV_AirDist-SupFanMtr-cDXOH-2SpClgHtg-VFDStdMtr/instance-out.sql,0.00,0.00
CZ01/RtS&0&cDXOH&Ex&HV_AirDist/NE-HV_AirDist-SupFanMtr-cDXOH-2SpClgHtg-SRM/instance-out.sql,0.00,0.00
CZ01/SCn&0&cDXOH&Ex&HV_AirDist/NE-HV_AirDist-SupFanMtr-cDXOH-2SpClgHtg-Cnst/instance-out.sql,0.00,0.00
CZ01/SCn&0&cDXOH&Ex&HV_AirDist/NE-HV_AirDist-SupFanMtr-cDXOH-2SpClgHtg-VFDStdMtr/instance-out.sql,0.00,0.00
CZ01/SCn&0&cDXOH&Ex&HV_AirDist/NE-HV_AirDist-SupFanMtr-cDXOH-2SpClgHtg-SRM/instance-out.sql,0.00,0.00
CZ02/Asm&0&cDXGF&Ex&HV_AirDist/NE-HV_AirDist-SupFanMtr-cDXGF-2SpClgHtg-Cnst/instance-out.sql,0.00,0.00
CZ02/Asm&0&cDXGF&Ex&HV_AirDist/NE-HV_AirDist-SupFanMtr-cDXGF-2SpClgHtg-VFDStdMtr/instance-out.sql,0.00,0.00
CZ02/Asm&0&cDXGF&Ex&HV_AirDist/NE-HV_AirDist-SupFanMtr-cDXGF-2SpClgHtg-SRM/instance-out.sql,0.00,0.00
CZ02/ECC&0&cDXGF&Ex&HV_AirDist/NE-HV_AirDist-SupFanMtr-cDXGF-2SpClgHtg-Cnst/instance-out.sql,0.00,1358.67
CZ02/ECC&0&cDXGF&Ex&HV_AirDist/NE-HV_AirDist-SupFanMtr-cDXGF-2SpClgHtg-VFDStdMtr/instance-out.sql,0.00,1043.83
CZ02/ECC&0&cDXGF&Ex&HV_AirDist/NE-HV_AirDist-SupFanMtr-cDXGF-2SpClgHtg-SRM/instance-out.sql,0.00,1051.83
CZ02/EPr&0&cDXGF&Ex&HV_AirDist/NE-HV_AirDist-SupFanMtr-cDXGF-2SpClgHtg-Cnst/instance-out.sql,0.00,0.00
CZ02/EPr&0&cDXGF&Ex&HV_AirDist/NE-HV_AirDist-SupFanMtr-cDXGF-2SpClgHtg-VFDStdMtr/instance-out.sql,0.00,0.00
CZ02/EPr&0&cDXGF&Ex&HV_AirDist/NE-HV_AirDist-SupFanMtr-cDXGF-2SpClgHtg-SRM/instance-out.sql,0.00,0.00
CZ02/ERC&0&cDXGF&Ex&HV_AirDist/NE-HV_AirDist-SupFanMtr-cDXGF-2SpClgHtg-Cnst/instance-out.sql,0.00,0.00
CZ02/ERC&0&cDXGF&Ex&HV_AirDist/NE-HV_AirDist-SupFanMtr-cDXGF-2SpClgHtg-VFDStdMtr/instance-out.sql,0.00,0.00
CZ02/ERC&0&cDXGF&Ex&HV_AirDist/NE-HV_AirDist-SupFanMtr-cDXGF-2SpClgHtg-SRM/instance-out.sql,0.00,0.00
CZ02/ESe&0&cDXGF&Ex&HV_AirDist/NE-HV_AirDist-SupFanMtr-cDXGF-2SpClgHtg-Cnst/instance-out.sql,0.00,0.00
CZ02/ESe&0&cDXGF&Ex&HV_AirDist/NE-HV_AirDist-SupFanMtr-cDXGF-2SpClgHtg-VFDStdMtr/instance-out.sql,0.00,0.00
CZ02/ESe&0&cDXGF&Ex&HV_AirDist/NE-HV_AirDist-SupFanMtr-cDXGF-2SpClgHtg-SRM/instance-out.sql,0.00,0.00
CZ02/EUn&0&cDXGF&Ex&HV_AirDist/NE-HV_AirDist-SupFanMtr-cDXGF-2SpClgHtg-Cnst/instance-out.sql,1.00,206.83
CZ02/EUn&0&cDXGF&Ex&HV_AirDist/NE-HV_AirDist-SupFanMtr-cDXGF-2SpClgHtg-VFDStdMtr/instance-out.sql,1.00,203.50
CZ02/EUn&0&cDXGF&Ex&HV_AirDist/NE-HV_AirDist-SupFanMtr-cDXGF-2SpClgHtg-SRM/instance-out.sql,1.00,202.50
CZ02/Gro&0&cDXGF&Ex&HV_AirDist/NE-HV_AirDist-SupFanMtr-cDXGF-2SpClgHtg-Cnst/instance-out.sql,0.00,0.00
CZ02/Gro&0&cDXGF&Ex&HV_AirDist/NE-HV_AirDist-SupFanMtr-cDXGF-2SpClgHtg-VFDStdMtr/instance-out.sql,0.00,0.00
CZ02/Gro&0&cDXGF&Ex&HV_AirDist/NE-HV_AirDist-SupFanMtr-cDXGF-2SpClgHtg-SRM/instance-out.sql,0.00,0.00
CZ02/Hsp&0&cDXGF&Ex&HV_AirDist/NE-HV_AirDist-SupFanMtr-cDXGF-2SpClgHtg-Cnst/instance-out.sql,0.00,48.17
CZ02/Hsp&0&cDXGF&Ex&HV_AirDist/NE-HV_AirDist-SupFanMtr-cDXGF-2SpClgHtg-VFDStdMtr/instance-out.sql,0.00,45.17
CZ02/Hsp&0&cDXGF&Ex&HV_AirDist/NE-HV_AirDist-SupFanMtr-cDXGF-2SpClgHtg-SRM/instance-out.sql,0.00,45.17
CZ02/MBT&0&cDXGF&Ex&HV_AirDist/NE-HV_AirDist-SupFanMtr-cDXGF-2SpClgHtg-Cnst/instance-out.sql,0.00,5.83
CZ02/MBT&0&cDXGF&Ex&HV_AirDist/NE-HV_AirDist-SupFanMtr-cDXGF-2SpClgHtg-VFDStdMtr/instance-out.sql,0.00,7.17
CZ02/MBT&0&cDXGF&Ex&HV_AirDist/NE-HV_AirDist-SupFanMtr-cDXGF-2SpClgHtg-SRM/instance-out.sql,0.00,7.17
CZ02/MLI&0&cDXGF&Ex&HV_AirDist/NE-HV_AirDist-SupFanMtr-cDXGF-2SpClgHtg-Cnst/instance-out.sql,0.00,0.00
CZ02/MLI&0&cDXGF&Ex&HV_AirDist/NE-HV_AirDist-SupFanMtr-cDXGF-2SpClgHtg-VFDStdMtr/instance-out.sql,0.00,0.00
CZ02/MLI&0&cDXGF&Ex&HV_AirDist/NE-HV_AirDist-SupFanMtr-cDXGF-2SpClgHtg-SRM/instance-out.sql,0.00,0.00
CZ02/Mtl&0&cDXGF&Ex&HV_AirDist/NE-HV_AirDist-SupFanMtr-cDXGF-2SpClgHtg-Cnst/instance-out.sql,0.00,57.50
CZ02/Mtl&0&cDXGF&Ex&HV_AirDist/NE-HV_AirDist-SupFanMtr-cDXGF-2SpClgHtg-VFDStdMtr/instance-out.sql,0.00,56.67
CZ02/Mtl&0&cDXGF&Ex&HV_AirDist/NE-HV_AirDist-SupFanMtr-cDXGF-2SpClgHtg-SRM/instance-out.sql,0.00,55.50
CZ02/Nrs&0&cDXGF&Ex&HV_AirDist/NE-HV_AirDist-SupFanMtr-cDXGF-2SpClgHtg-Cnst/instance-out.sql,0.00,0.67
CZ02/Nrs&0&cDXGF&Ex&HV_AirDist/NE-HV_AirDist-SupFanMtr-cDXGF-2SpClgHtg-VFDStdMtr/instance-out.sql,0.00,0.67
CZ02/Nrs&0&cDXGF&Ex&HV_AirDist/NE-HV_AirDist-SupFanMtr-cDXGF-2SpClgHtg-SRM/instance-out.sql,0.00,0.67
CZ02/OfL&0&cDXGF&Ex&HV_AirDist/NE-HV_AirDist-SupFanMtr-cDXGF-2SpClgHtg-Cnst/instance-out.sql,2.00,316.33
CZ02/OfL&0&cDXGF&Ex&HV_AirDist/NE-HV_AirDist-SupFanMtr-cDXGF-2SpClgHtg-VFDStdMtr/instance-out.sql,2.17,312.50
CZ02/OfL&0&cDXGF&Ex&HV_AirDist/NE-HV_AirDist-SupFanMtr-cDXGF-2SpClgHtg-SRM/instance-out.sql,2.17,311.83
CZ02/OfS&0&cDXGF&Ex&HV_AirDist/NE-HV_AirDist-SupFanMtr-cDXGF-2SpClgHtg-Cnst/instance-out.sql,0.67,139.00
CZ02/OfS&0&cDXGF&Ex&HV_AirDist/NE-HV_AirDist-SupFanMtr-cDXGF-2SpClgHtg-VFDStdMtr/instance-out.sql,0.50,139.17
CZ02/OfS&0&cDXGF&Ex&HV_AirDist/NE-HV_AirDist-SupFanMtr-cDXGF-2SpClgHtg-SRM/instance-out.sql,0.50,137.50
CZ02/RFF&0&cDXGF&Ex&HV_AirDist/NE-HV_AirDist-SupFanMtr-cDXGF-2SpClgHtg-Cnst/instance-out.sql,0.00,0.00
CZ02/RFF&0&cDXGF&Ex&HV_AirDist/NE-HV_AirDist-SupFanMtr-cDXGF-2SpClgHtg-VFDStdMtr/instance-out.sql,0.00,0.67
CZ02/RFF&0&cDXGF&Ex&HV_AirDist/NE-HV_AirDist-SupFanMtr-cDXGF-2SpClgHtg-SRM/instance-out.sql,0.00,0.67
CZ02/RSD&0&cDXGF&Ex&HV_AirDist/NE-HV_AirDist-SupFanMtr-cDXGF-2SpClgHtg-Cnst/instance-out.sql,0.00,0.00
CZ02/RSD&0&cDXGF&Ex&HV_AirDist/NE-HV_AirDist-SupFanMtr-cDXGF-2SpClgHtg-VFDStdMtr/instance-out.sql,0.00,0.00
CZ02/RSD&0&cDXGF&Ex&HV_AirDist/NE-HV_AirDist-SupFanMtr-cDXGF-2SpClgHtg-SRM/instance-out.sql,0.00,0.00
CZ02/Rt3&0&cDXGF&Ex&HV_AirDist/NE-HV_AirDist-SupFanMtr-cDXGF-2SpClgHtg-Cnst/instance-out.sql,0.00,0.00
CZ02/Rt3&0&cDXGF&Ex&HV_AirDist/NE-HV_AirDist-SupFanMtr-cDXGF-2SpClgHtg-VFDStdMtr/instance-out.sql,0.00,0.00
CZ02/Rt3&0&cDXGF&Ex&HV_AirDist/NE-HV_AirDist-SupFanMtr-cDXGF-2SpClgHtg-SRM/instance-out.sql,0.00,0.00
CZ02/RtL&0&cDXGF&Ex&HV_AirDist/NE-HV_AirDist-SupFanMtr-cDXGF-2SpClgHtg-Cnst/instance-out.sql,0.00,0.00
CZ02/RtL&0&cDXGF&Ex&HV_AirDist/NE-HV_AirDist-SupFanMtr-cDXGF-2SpClgHtg-VFDStdMtr/instance-out.sql,0.00,0.00
CZ02/RtL&0&cDXGF&Ex&HV_AirDist/NE-HV_AirDist-SupFanMtr-cDXGF-2SpClgHtg-SRM/instance-out.sql,0.00,0.00
CZ02/RtS&0&cDXGF&Ex&HV_AirDist/NE-HV_AirDist-SupFanMtr-cDXGF-2SpClgHtg-Cnst/instance-out.sql,0.00,0.00
CZ02/RtS&0&cDXGF&Ex&HV_AirDist/NE-HV_AirDist-SupFanMtr-cDXGF-2SpClgHtg-VFDStdMtr/instance-out.sql,0.00,0.00
CZ02/RtS&0&cDXGF&Ex&HV_AirDist/NE-HV_AirDist-SupFanMtr-cDXGF-2SpClgHtg-SRM/instance-out.sql,0.00,0.00
CZ02/SCn&0&cDXGF&Ex&HV_AirDist/NE-HV_AirDist-SupFanMtr-cDXGF-2SpClgHtg-Cnst/instance-out.sql,0.00,0.00
CZ02/SCn&0&cDXGF&Ex&HV_AirDist/NE-HV_AirDist-SupFanMtr-cDXGF-2SpClgHtg-VFDStdMtr/instance-out.sql,0.00,0.00
CZ02/SCn&0&cDXGF&Ex&HV_AirDist/NE-HV_AirDist-SupFanMtr-cDXGF-2SpClgHtg-SRM/instance-out.sql,0.00,0.00
CZ02/Asm&0&cDXHP&Ex&HV_AirDist/NE-HV_AirDist-SupFanMtr-cDXHP-2SpClgHtg-Cnst/instance-out.sql,0.00,0.00
CZ02/Asm&0&cDXHP&Ex&HV_AirDist/NE-HV_AirDist-SupFanMtr-cDXHP-2SpClgHtg-VFDStdMtr/instance-out.sql,0.00,0.00
CZ02/Asm&0&cDXHP&Ex&HV_AirDist/NE-HV_AirDist-SupFanMtr-cDXHP-2SpClgHtg-SRM/instance-out.sql,0.00,0.00
CZ02/ECC&0&cDXHP&Ex&HV_AirDist/NE-HV_AirDist-SupFanMtr-cDXHP-2SpClgHtg-Cnst/instance-out.sql,0.00,1358.67
CZ02/ECC&0&cDXHP&Ex&HV_AirDist/NE-HV_AirDist-SupFanMtr-cDXHP-2SpClgHtg-VFDStdMtr/instance-out.sql,0.00,1040.33
CZ02/ECC&0&cDXHP&Ex&HV_AirDist/NE-HV_AirDist-SupFanMtr-cDXHP-2SpClgHtg-SRM/instance-out.sql,0.00,1050.33
CZ02/EPr&0&cDXHP&Ex&HV_AirDist/NE-HV_AirDist-SupFanMtr-cDXHP-2SpClgHtg-Cnst/instance-out.sql,0.00,0.00
CZ02/EPr&0&cDXHP&Ex&HV_AirDist/NE-HV_AirDist-SupFanMtr-cDXHP-2SpClgHtg-VFDStdMtr/instance-out.sql,0.00,0.00
CZ02/EPr&0&cDXHP&Ex&HV_AirDist/NE-HV_AirDist-SupFanMtr-cDXHP-2SpClgHtg-SRM/instance-out.sql,0.00,0.00
CZ02/ERC&0&cDXHP&Ex&HV_AirDist/NE-HV_AirDist-SupFanMtr-cDXHP-2SpClgHtg-Cnst/instance-out.sql,0.00,0.00
CZ02/ERC&0&cDXHP&Ex&HV_AirDist/NE-HV_AirDist-SupFanMtr-cDXHP-2SpClgHtg-VFDStdMtr/instance-out.sql,0.00,0.00
CZ02/ERC&0&cDXHP&Ex&HV_AirDist/NE-HV_AirDist-SupFanMtr-cDXHP-2SpClgHtg-SRM/instance-out.sql,0.00,0.00
CZ02/ESe&0&cDXHP&Ex&HV_AirDist/NE-HV_AirDist-SupFanMtr-cDXHP-2SpClgHtg-Cnst/instance-out.sql,0.00,0.00
CZ02/ESe&0&cDXHP&Ex&HV_AirDist/NE-HV_AirDist-SupFanMtr-cDXHP-2SpClgHtg-VFDStdMtr/instance-out.sql,0.00,0.00
CZ02/ESe&0&cDXHP&Ex&HV_AirDist/NE-HV_AirDist-SupFanMtr-cDXHP-2SpClgHtg-SRM/instance-out.sql,0.00,0.00
CZ02/EUn&0&cDXHP&Ex&HV_AirDist/NE-HV_AirDist-SupFanMtr-cDXHP-2SpClgHtg-Cnst/instance-out.sql,1.00,206.83
CZ02/EUn&0&cDXHP&Ex&HV_AirDist/NE-HV_AirDist-SupFanMtr-cDXHP-2SpClgHtg-VFDStdMtr/instance-out.sql,1.00,202.50
CZ02/EUn&0&cDXHP&Ex&HV_AirDist/NE-HV_AirDist-SupFanMtr-cDXHP-2SpClgHtg-SRM/instance-out.sql,1.00,201.67
CZ02/Gro&0&cDXHP&Ex&HV_AirDist/NE-HV_AirDist-SupFanMtr-cDXHP-2SpClgHtg-Cnst/instance-out.sql,0.00,0.00
CZ02/Gro&0&cDXHP&Ex&HV_AirDist/NE-HV_AirDist-SupFanMtr-cDXHP-2SpClgHtg-VFDStdMtr/instance-out.sql,0.00,0.00
CZ02/Gro&0&cDXHP&Ex&HV_AirDist/NE-HV_AirDist-SupFanMtr-cDXHP-2SpClgHtg-SRM/instance-out.sql,0.00,0.00
CZ02/Hsp&0&cDXHP&Ex&HV_AirDist/NE-HV_AirDist-SupFanMtr-cDXHP-2SpClgHtg-Cnst/instance-out.sql,0.00,48.17
CZ02/Hsp&0&cDXHP&Ex&HV_AirDist/NE-HV_AirDist-SupFanMtr-cDXHP-2SpClgHtg-VFDStdMtr/instance-out.sql,0.00,45.83
CZ02/Hsp&0&cDXHP&Ex&HV_AirDist/NE-HV_AirDist-SupFanMtr-cDXHP-2SpClgHtg-SRM/instance-out.sql,0.00,46.00
CZ02/MBT&0&cDXHP&Ex&HV_AirDist/NE-HV_AirDist-SupFanMtr-cDXHP-2SpClgHtg-Cnst/instance-out.sql,0.00,5.83
CZ02/MBT&0&cDXHP&Ex&HV_AirDist/NE-HV_AirDist-SupFanMtr-cDXHP-2SpClgHtg-VFDStdMtr/instance-out.sql,0.00,5.17
CZ02/MBT&0&cDXHP&Ex&HV_AirDist/NE-HV_AirDist-SupFanMtr-cDXHP-2SpClgHtg-SRM/instance-out.sql,0.00,5.17
CZ02/MLI&0&cDXHP&Ex&HV_AirDist/NE-HV_AirDist-SupFanMtr-cDXHP-2SpClgHtg-Cnst/instance-out.sql,0.00,0.00
CZ02/MLI&0&cDXHP&Ex&HV_AirDist/NE-HV_AirDist-SupFanMtr-cDXHP-2SpClgHtg-VFDStdMtr/instance-out.sql,0.00,0.00
CZ02/MLI&0&cDXHP&Ex&HV_AirDist/NE-HV_AirDist-SupFanMtr-cDXHP-2SpClgHtg-SRM/instance-out.sql,0.00,0.00
CZ02/Mtl&0&cDXHP&Ex&HV_AirDist/NE-HV_AirDist-SupFanMtr-cDXHP-2SpClgHtg-Cnst/instance-out.sql,0.00,57.50
CZ02/Mtl&0&cDXHP&Ex&HV_AirDist/NE-HV_AirDist-SupFanMtr-cDXHP-2SpClgHtg-VFDStdMtr/instance-out.sql,0.00,55.67
CZ02/Mtl&0&cDXHP&Ex&HV_AirDist/NE-HV_AirDist-SupFanMtr-cDXHP-2SpClgHtg-SRM/instance-out.sql,0.00,55.50
CZ02/Nrs&0&cDXHP&Ex&HV_AirDist/NE-HV_AirDist-SupFanMtr-cDXHP-2SpClgHtg-Cnst/instance-out.sql,0.00,0.83
CZ02/Nrs&0&cDXHP&Ex&HV_AirDist/NE-HV_AirDist-SupFanMtr-cDXHP-2SpClgHtg-VFDStdMtr/instance-out.sql,0.00,0.67
CZ02/Nrs&0&cDXHP&Ex&HV_AirDist/NE-HV_AirDist-SupFanMtr-cDXHP-2SpClgHtg-SRM/instance-out.sql,0.00,0.67
CZ02/OfL&0&cDXHP&Ex&HV_AirDist/NE-HV_AirDist-SupFanMtr-cDXHP-2SpClgHtg-Cnst/instance-out.sql,2.00,316.33
CZ02/OfL&0&cDXHP&Ex&HV_AirDist/NE-HV_AirDist-SupFanMtr-cDXHP-2SpClgHtg-VFDStdMtr/instance-out.sql,2.17,313.33
CZ02/OfL&0&cDXHP&Ex&HV_AirDist/NE-HV_AirDist-SupFanMtr-cDXHP-2SpClgHtg-SRM/instance-out.sql,2.17,312.17
CZ02/OfS&0&cDXHP&Ex&HV_AirDist/NE-HV_AirDist-SupFanMtr-cDXHP-2SpClgHtg-Cnst/instance-out.sql,0.67,139.00
CZ02/OfS&0&cDXHP&Ex&HV_AirDist/NE-HV_AirDist-SupFanMtr-cDXHP-2SpClgHtg-VFDStdMtr/instance-out.sql,0.50,135.50
CZ02/OfS&0&cDXHP&Ex&HV_AirDist/NE-HV_AirDist-SupFanMtr-cDXHP-2SpClgHtg-SRM/instance-out.sql,0.50,134.00
CZ02/RFF&0&cDXHP&Ex&HV_AirDist/NE-HV_AirDist-SupFanMtr-cDXHP-2SpClgHtg-Cnst/instance-out.sql,0.00,0.00
CZ02/RFF&0&cDXHP&Ex&HV_AirDist/NE-HV_AirDist-SupFanMtr-cDXHP-2SpClgHtg-VFDStdMtr/instance-out.sql,0.00,0.00
CZ02/RFF&0&cDXHP&Ex&HV_AirDist/NE-HV_AirDist-SupFanMtr-cDXHP-2SpClgHtg-SRM/instance-out.sql,0.00,0.00
CZ02/RSD&0&cDXHP&Ex&HV_AirDist/NE-HV_AirDist-SupFanMtr-cDXHP-2SpClgHtg-Cnst/instance-out.sql,0.00,0.00
CZ02/RSD&0&cDXHP&Ex&HV_AirDist/NE-HV_AirDist-SupFanMtr-cDXHP-2SpClgHtg-VFDStdMtr/instance-out.sql,0.00,0.00
CZ02/RSD&0&cDXHP&Ex&HV_AirDist/NE-HV_AirDist-SupFanMtr-cDXHP-2SpClgHtg-SRM/instance-out.sql,0.00,0.00
CZ02/Rt3&0&cDXHP&Ex&HV_AirDist/NE-HV_AirDist-SupFanMtr-cDXHP-2SpClgHtg-Cnst/instance-out.sql,0.00,0.00
CZ02/Rt3&0&cDXHP&Ex&HV_AirDist/NE-HV_AirDist-SupFanMtr-cDXHP-2SpClgHtg-VFDStdMtr/instance-out.sql,0.00,0.00
CZ02/Rt3&0&cDXHP&Ex&HV_AirDist/NE-HV_AirDist-SupFanMtr-cDXHP-2SpClgHtg-SRM/instance-out.sql,0.00,0.00
CZ02/RtL&0&cDXHP&Ex&HV_AirDist/NE-HV_AirDist-SupFanMtr-cDXHP-2SpClgHtg-Cnst/instance-out.sql,0.00,0.00
CZ02/RtL&0&cDXHP&Ex&HV_AirDist/NE-HV_AirDist-SupFanMtr-cDXHP-2SpClgHtg-VFDStdMtr/instance-out.sql,0.00,0.00
CZ02/RtL&0&cDXHP&Ex&HV_AirDist/NE-HV_AirDist-SupFanMtr-cDXHP-2SpClgHtg-SRM/instance-out.sql,0.00,0.00
CZ02/RtS&0&cDXHP&Ex&HV_AirDist/NE-HV_AirDist-SupFanMtr-cDXHP-2SpClgHtg-Cnst/instance-out.sql,0.00,0.00
CZ02/RtS&0&cDXHP&Ex&HV_AirDist/NE-HV_AirDist-SupFanMtr-cDXHP-2SpClgHtg-VFDStdMtr/instance-out.sql,0.00,0.00
CZ02/RtS&0&cDXHP&Ex&HV_AirDist/NE-HV_AirDist-SupFanMtr-cDXHP-2SpClgHtg-SRM/instance-out.sql,0.00,0.00
CZ02/SCn&0&cDXHP&Ex&HV_AirDist/NE-HV_AirDist-SupFanMtr-cDXHP-2SpClgHtg-Cnst/instance-out.sql,0.00,0.00
CZ02/SCn&0&cDXHP&Ex&HV_AirDist/NE-HV_AirDist-SupFanMtr-cDXHP-2SpClgHtg-VFDStdMtr/instance-out.sql,0.00,0.00
CZ02/SCn&0&cDXHP&Ex&HV_AirDist/NE-HV_AirDist-SupFanMtr-cDXHP-2SpClgHtg-SRM/instance-out.sql,0.00,0.00
CZ02/Asm&0&cDXOH&Ex&HV_AirDist/NE-HV_AirDist-SupFanMtr-cDXOH-2SpClgHtg-Cnst/instance-out.sql,0.00,0.00
CZ02/Asm&0&cDXOH&Ex&HV_AirDist/NE-HV_AirDist-SupFanMtr-cDXOH-2SpClgHtg-VFDStdMtr/instance-out.sql,0.00,0.00
CZ02/Asm&0&cDXOH&Ex&HV_AirDist/NE-HV_AirDist-SupFanMtr-cDXOH-2SpClgHtg-SRM/instance-out.sql,0.00,0.00
CZ02/ECC&0&cDXOH&Ex&HV_AirDist/NE-HV_AirDist-SupFanMtr-cDXOH-2SpClgHtg-Cnst/instance-out.sql,0.00,0.00
CZ02/ECC&0&cDXOH&Ex&HV_AirDist/NE-HV_AirDist-SupFanMtr-cDXOH-2SpClgHtg-VFDStdMtr/instance-out.sql,0.00,0.00
CZ02/ECC&0&cDXOH&Ex&HV_AirDist/NE-HV_AirDist-SupFanMtr-cDXOH-2SpClgHtg-SRM/instance-out.sql,0.00,0.00
CZ02/EPr&0&cDXOH&Ex&HV_AirDist/NE-HV_AirDist-SupFanMtr-cDXOH-2SpClgHtg-Cnst/instance-out.sql,0.00,0.00
CZ02/EPr&0&cDXOH&Ex&HV_AirDist/NE-HV_AirDist-SupFanMtr-cDXOH-2SpClgHtg-VFDStdMtr/instance-out.sql,0.00,0.00
CZ02/EPr&0&cDXOH&Ex&HV_AirDist/NE-HV_AirDist-SupFanMtr-cDXOH-2SpClgHtg-SRM/instance-out.sql,0.00,0.00
CZ02/ERC&0&cDXOH&Ex&HV_AirDist/NE-HV_AirDist-SupFanMtr-cDXOH-2SpClgHtg-Cnst/instance-out.sql,0.00,0.00
CZ02/ERC&0&cDXOH&Ex&HV_AirDist/NE-HV_AirDist-SupFanMtr-cDXOH-2SpClgHtg-VFDStdMtr/instance-out.sql,0.00,0.00
CZ02/ERC&0&cDXOH&Ex&HV_AirDist/NE-HV_AirDist-SupFanMtr-cDXOH-2SpClgHtg-SRM/instance-out.sql,0.00,0.00
CZ02/ESe&0&cDXOH&Ex&HV_AirDist/NE-HV_AirDist-SupFanMtr-cDXOH-2SpClgHtg-Cnst/instance-out.sql,0.00,0.00
CZ02/ESe&0&cDXOH&Ex&HV_AirDist/NE-HV_AirDist-SupFanMtr-cDXOH-2SpClgHtg-VFDStdMtr/instance-out.sql,0.00,0.00
CZ02/ESe&0&cDXOH&Ex&HV_AirDist/NE-HV_AirDist-SupFanMtr-cDXOH-2SpClgHtg-SRM/instance-out.sql,0.00,0.00
CZ02/EUn&0&cDXOH&Ex&HV_AirDist/NE-HV_AirDist-SupFanMtr-cDXOH-2SpClgHtg-Cnst/instance-out.sql,0.17,206.83
CZ02/EUn&0&cDXOH&Ex&HV_AirDist/NE-HV_AirDist-SupFanMtr-cDXOH-2SpClgHtg-VFDStdMtr/instance-out.sql,0.17,195.00
CZ02/EUn&0&cDXOH&Ex&HV_AirDist/NE-HV_AirDist-SupFanMtr-cDXOH-2SpClgHtg-SRM/instance-out.sql,0.17,196.67
CZ02/Gro&0&cDXOH&Ex&HV_AirDist/NE-HV_AirDist-SupFanMtr-cDXOH-2SpClgHtg-Cnst/instance-out.sql
CZ02/Gro&0&cDXOH&Ex&HV_AirDist/NE-HV_AirDist-SupFanMtr-cDXOH-2SpClgHtg-VFDStdMtr/instance-out.sql
CZ02/Gro&0&cDXOH&Ex&HV_AirDist/NE-HV_AirDist-SupFanMtr-cDXOH-2SpClgHtg-SRM/instance-out.sql
CZ02/Hsp&0&cDXOH&Ex&HV_AirDist/NE-HV_AirDist-SupFanMtr-cDXOH-2SpClgHtg-Cnst/instance-out.sql,0.00,46.83
CZ02/Hsp&0&cDXOH&Ex&HV_AirDist/NE-HV_AirDist-SupFanMtr-cDXOH-2SpClgHtg-VFDStdMtr/instance-out.sql,0.00,43.17
CZ02/Hsp&0&cDXOH&Ex&HV_AirDist/NE-HV_AirDist-SupFanMtr-cDXOH-2SpClgHtg-SRM/instance-out.sql,0.00,42.83
CZ02/MBT&0&cDXOH&Ex&HV_AirDist/NE-HV_AirDist-SupFanMtr-cDXOH-2SpClgHtg-Cnst/instance-out.sql,0.00,8.17
CZ02/MBT&0&cDXOH&Ex&HV_AirDist/NE-HV_AirDist-SupFanMtr-cDXOH-2SpClgHtg-VFDStdMtr/instance-out.sql,0.00,7.17
CZ02/MBT&0&cDXOH&Ex&HV_AirDist/NE-HV_AirDist-SupFanMtr-cDXOH-2SpClgHtg-SRM/instance-out.sql,0.00,7.17
CZ02/MLI&0&cDXOH&Ex&HV_AirDist/NE-HV_AirDist-SupFanMtr-cDXOH-2SpClgHtg-Cnst/instance-out.sql,0.00,0.00
CZ02/MLI&0&cDXOH&Ex&HV_AirDist/NE-HV_AirDist-SupFanMtr-cDXOH-2SpClgHtg-VFDStdMtr/instance-out.sql,0.00,0.00
CZ02/MLI&0&cDXOH&Ex&HV_AirDist/NE-HV_AirDist-SupFanMtr-cDXOH-2SpClgHtg-SRM/instance-out.sql,0.00,0.00
CZ02/Mtl&0&cDXOH&Ex&HV_AirDist/NE-HV_AirDist-SupFanMtr-cDXOH-2SpClgHtg-Cnst/instance-out.sql,0.00,58.33
CZ02/Mtl&0&cDXOH&Ex&HV_AirDist/NE-HV_AirDist-SupFanMtr-cDXOH-2SpClgHtg-VFDStdMtr/instance-out.sql,0.00,49.83
CZ02/Mtl&0&cDXOH&Ex&HV_AirDist/NE-HV_AirDist-SupFanMtr-cDXOH-2SpClgHtg-SRM/instance-out.sql,0.00,49.50
CZ02/Nrs&0&cDXOH&Ex&HV_AirDist/NE-HV_AirDist-SupFanMtr-cDXOH-2SpClgHtg-Cnst/instance-out.sql,0.00,0.83
CZ02/Nrs&0&cDXOH&Ex&HV_AirDist/NE-HV_AirDist-SupFanMtr-cDXOH-2SpClgHtg-VFDStdMtr/instance-out.sql,0.00,0.67
CZ02/Nrs&0&cDXOH&Ex&HV_AirDist/NE-HV_AirDist-SupFanMtr-cDXOH-2SpClgHtg-SRM/instance-out.sql,0.00,0.67
CZ02/OfL&0&cDXOH&Ex&HV_AirDist/NE-HV_AirDist-SupFanMtr-cDXOH-2SpClgHtg-Cnst/instance-out.sql,1.17,315.50
CZ02/OfL&0&cDXOH&Ex&HV_AirDist/NE-HV_AirDist-SupFanMtr-cDXOH-2SpClgHtg-VFDStdMtr/instance-out.sql,1.17,310.67
CZ02/OfL&0&cDXOH&Ex&HV_AirDist/NE-HV_AirDist-SupFanMtr-cDXOH-2SpClgHtg-SRM/instance-out.sql,1.17,310.00
CZ02/OfS&0&cDXOH&Ex&HV_AirDist/NE-HV_AirDist-SupFanMtr-cDXOH-2SpClgHtg-Cnst/instance-out.sql,0.00,142.00
CZ02/OfS&0&cDXOH&Ex&HV_AirDist/NE-HV_AirDist-SupFanMtr-cDXOH-2SpClgHtg-VFDStdMtr/instance-out.sql,0.00,135.67
CZ02/OfS&0&cDXOH&Ex&HV_AirDist/NE-HV_AirDist-SupFanMtr-cDXOH-2SpClgHtg-SRM/instance-out.sql,0.00,137.17
CZ02/RFF&0&cDXOH&Ex&HV_AirDist/NE-HV_AirDist-SupFanMtr-cDXOH-2SpClgHtg-Cnst/instance-out.sql,0.00,0.83
CZ02/RFF&0&cDXOH&Ex&HV_AirDist/NE-HV_AirDist-SupFanMtr-cDXOH-2SpClgHtg-VFDStdMtr/instance-out.sql,0.00,0.67
CZ02/RFF&0&cDXOH&Ex&HV_AirDist/NE-HV_AirDist-SupFanMtr-cDXOH-2SpClgHtg-SRM/instance-out.sql,0.00,0.67
CZ02/RSD&0&cDXOH&Ex&HV_AirDist/NE-HV_AirDist-SupFanMtr-cDXOH-2SpClgHtg-Cnst/instance-out.sql,0.00,0.00
CZ02/RSD&0&cDXOH&Ex&HV_AirDist/NE-HV_AirDist-SupFanMtr-cDXOH-2SpClgHtg-VFDStdMtr/instance-out.sql,0.00,0.00
CZ02/RSD&0&cDXOH&Ex&HV_AirDist/NE-HV_AirDist-SupFanMtr-cDXOH-2SpClgHtg-SRM/instance-out.sql,0.00,0.00
CZ02/Rt3&0&cDXOH&Ex&HV_AirDist/NE-HV_AirDist-SupFanMtr-cDXOH-2SpClgHtg-Cnst/instance-out.sql,0.00,0.00
CZ02/Rt3&0&cDXOH&Ex&HV_AirDist/NE-HV_AirDist-SupFanMtr-cDXOH-2SpClgHtg-VFDStdMtr/instance-out.sql,0.00,0.00
CZ02/Rt3&0&cDXOH&Ex&HV_AirDist/NE-HV_AirDist-SupFanMtr-cDXOH-2SpClgHtg-SRM/instance-out.sql,0.00,0.00
CZ02/RtL&0&cDXOH&Ex&HV_AirDist/NE-HV_AirDist-SupFanMtr-cDXOH-2SpClgHtg-Cnst/instance-out.sql,0.00,0.00
CZ02/RtL&0&cDXOH&Ex&HV_AirDist/NE-HV_AirDist-SupFanMtr-cDXOH-2SpClgHtg-VFDStdMtr/instance-out.sql,0.00,0.00
CZ02/RtL&0&cDXOH&Ex&HV_AirDist/NE-HV_AirDist-SupFanMtr-cDXOH-2SpClgHtg-SRM/instance-out.sql,0.00,0.00
CZ02/RtS&0&cDXOH&Ex&HV_AirDist/NE-HV_AirDist-SupFanMtr-cDXOH-2SpClgHtg-Cnst/instance-out.sql,0.00,0.00
CZ02/RtS&0&cDXOH&Ex&HV_AirDist/NE-HV_AirDist-SupFanMtr-cDXOH-2SpClgHtg-VFDStdMtr/instance-out.sql,0.00,0.00
CZ02/RtS&0&cDXOH&Ex&HV_AirDist/NE-HV_AirDist-SupFanMtr-cDXOH-2SpClgHtg-SRM/instance-out.sql,0.00,0.00
CZ02/SCn&0&cDXOH&Ex&HV_AirDist/NE-HV_AirDist-SupFanMtr-cDXOH-2SpClgHtg-Cnst/instance-out.sql,0.00,0.00
CZ02/SCn&0&cDXOH&Ex&HV_AirDist/NE-HV_AirDist-SupFanMtr-cDXOH-2SpClgHtg-VFDStdMtr/instance-out.sql,0.00,0.00
CZ02/SCn&0&cDXOH&Ex&HV_AirDist/NE-HV_AirDist-SupFanMtr-cDXOH-2SpClgHtg-SRM/instance-out.sql,0.00,0.00
CZ03/Asm&0&cDXGF&Ex&HV_AirDist/NE-HV_AirDist-SupFanMtr-cDXGF-2SpClgHtg-Cnst/instance-out.sql,0.00,0.00
CZ03/Asm&0&cDXGF&Ex&HV_AirDist/NE-HV_AirDist-SupFanMtr-cDXGF-2SpClgHtg-VFDStdMtr/instance-out.sql,0.00,0.00
CZ03/Asm&0&cDXGF&Ex&HV_AirDist/NE-HV_AirDist-SupFanMtr-cDXGF-2SpClgHtg-SRM/instance-out.sql,0.00,0.00
CZ03/ECC&0&cDXGF&Ex&HV_AirDist/NE-HV_AirDist-SupFanMtr-cDXGF-2SpClgHtg-Cnst/instance-out.sql,0.00,748.00
CZ03/ECC&0&cDXGF&Ex&HV_AirDist/NE-HV_AirDist-SupFanMtr-cDXGF-2SpClgHtg-VFDStdMtr/instance-out.sql,0.00,566.00
CZ03/ECC&0&cDXGF&Ex&HV_AirDist/NE-HV_AirDist-SupFanMtr-cDXGF-2SpClgHtg-SRM/instance-out.sql,0.00,579.83
CZ03/EPr&0&cDXGF&Ex&HV_AirDist/NE-HV_AirDist-SupFanMtr-cDXGF-2SpClgHtg-Cnst/instance-out.sql,0.00,0.00
CZ03/EPr&0&cDXGF&Ex&HV_AirDist/NE-HV_AirDist-SupFanMtr-cDXGF-2SpClgHtg-VFDStdMtr/instance-out.sql,0.00,0.00
CZ03/EPr&0&cDXGF&Ex&HV_AirDist/NE-HV_AirDist-SupFanMtr-cDXGF-2SpClgHtg-SRM/instance-out.sql,0.00,0.00
CZ03/ERC&0&cDXGF&Ex&HV_AirDist/NE-HV_AirDist-SupFanMtr-cDXGF-2SpClgHtg-Cnst/instance-out.sql,0.00,0.00
CZ03/ERC&0&cDXGF&Ex&HV_AirDist/NE-HV_AirDist-SupFanMtr-cDXGF-2SpClgHtg-VFDStdMtr/instance-out.sql,0.00,0.00
CZ03/ERC&0&cDXGF&Ex&HV_AirDist/NE-HV_AirDist-SupFanMtr-cDXGF-2SpClgHtg-SRM/instance-out.sql,0.00,0.00
CZ03/ESe&0&cDXGF&Ex&HV_AirDist/NE-HV_AirDist-SupFanMtr-cDXGF-2SpClgHtg-Cnst/instance-out.sql,0.00,0.00
CZ03/ESe&0&cDXGF&Ex&HV_AirDist/NE-HV_AirDist-SupFanMtr-cDXGF-2SpClgHtg-VFDStdMtr/instance-out.sql,0.00,0.00
CZ03/ESe&0&cDXGF&Ex&HV_AirDist/NE-HV_AirDist-SupFanMtr-cDXGF-2SpClgHtg-SRM/instance-out.sql,0.00,0.00
CZ03/EUn&0&cDXGF&Ex&HV_AirDist/NE-HV_AirDist-SupFanMtr-cDXGF-2SpClgHtg-Cnst/instance-out.sql,1.33,209.17
CZ03/EUn&0&cDXGF&Ex&HV_AirDist/NE-HV_AirDist-SupFanMtr-cDXGF-2SpClgHtg-VFDStdMtr/instance-out.sql,1.67,202.67
CZ03/EUn&0&cDXGF&Ex&HV_AirDist/NE-HV_AirDist-SupFanMtr-cDXGF-2SpClgHtg-SRM/instance-out.sql,1.50,203.17
CZ03/Gro&0&cDXGF&Ex&HV_AirDist/NE-HV_AirDist-SupFanMtr-cDXGF-2SpClgHtg-Cnst/instance-out.sql,0.00,0.00
CZ03/Gro&0&cDXGF&Ex&HV_AirDist/NE-HV_AirDist-SupFanMtr-cDXGF-2SpClgHtg-VFDStdMtr/instance-out.sql,0.00,0.00
CZ03/Gro&0&cDXGF&Ex&HV_AirDist/NE-HV_AirDist-SupFanMtr-cDXGF-2SpClgHtg-SRM/instance-out.sql,0.00,0.00
CZ03/Hsp&0&cDXGF&Ex&HV_AirDist/NE-HV_AirDist-SupFanMtr-cDXGF-2SpClgHtg-Cnst/instance-out.sql,0.00,125.83
CZ03/Hsp&0&cDXGF&Ex&HV_AirDist/NE-HV_AirDist-SupFanMtr-cDXGF-2SpClgHtg-VFDStdMtr/instance-out.sql,0.00,120.00
CZ03/Hsp&0&cDXGF&Ex&HV_AirDist/NE-HV_AirDist-SupFanMtr-cDXGF-2SpClgHtg-SRM/instance-out.sql,0.00,120.33
CZ03/MBT&0&cDXGF&Ex&HV_AirDist/NE-HV_AirDist-SupFanMtr-cDXGF-2SpClgHtg-Cnst/instance-out.sql,0.00,16.67
CZ03/MBT&0&cDXGF&Ex&HV_AirDist/NE-HV_AirDist-SupFanMtr-cDXGF-2SpClgHtg-VFDStdMtr/instance-out.sql,0.00,13.00
CZ03/MBT&0&cDXGF&Ex&HV_AirDist/NE-HV_AirDist-SupFanMtr-cDXGF-2SpClgHtg-SRM/instance-out.sql,0.00,12.67
CZ03/MLI&0&cDXGF&Ex&HV_AirDist/NE-HV_AirDist-SupFanMtr-cDXGF-2SpClgHtg-Cnst/instance-out.sql,0.00,0.00
CZ03/MLI&0&cDXGF&Ex&HV_AirDist/NE-HV_AirDist-SupFanMtr-cDXGF-2SpClgHtg-VFDStdMtr/instance-out.sql,0.00,0.00
CZ03/MLI&0&cDXGF&Ex&HV_AirDist/NE-HV_AirDist-SupFanMtr-cDXGF-2SpClgHtg-SRM/instance-out.sql,0.00,0.00
CZ03/Mtl&0&cDXGF&Ex&HV_AirDist/NE-HV_AirDist-SupFanMtr-cDXGF-2SpClgHtg-Cnst/instance-out.sql,0.00,45.00
CZ03/Mtl&0&cDXGF&Ex&HV_AirDist/NE-HV_AirDist-SupFanMtr-cDXGF-2SpClgHtg-VFDStdMtr/instance-out.sql,0.00,44.00
CZ03/Mtl&0&cDXGF&Ex&HV_AirDist/NE-HV_AirDist-SupFanMtr-cDXGF-2SpClgHtg-SRM/instance-out.sql,0.00,43.83
CZ03/Nrs&0&cDXGF&Ex&HV_AirDist/NE-HV_AirDist-SupFanMtr-cDXGF-2SpClgHtg-Cnst/instance-out.sql,0.00,0.67
CZ03/Nrs&0&cDXGF&Ex&HV_AirDist/NE-HV_AirDist-SupFanMtr-cDXGF-2SpClgHtg-VFDStdMtr/instance-out.sql,0.00,0.83
CZ03/Nrs&0&cDXGF&Ex&HV_AirDist/NE-HV_AirDist-SupFanMtr-cDXGF-2SpClgHtg-SRM/instance-out.sql,0.00,0.67
CZ03/OfL&0&cDXGF&Ex&HV_AirDist/NE-HV_AirDist-SupFanMtr-cDXGF-2SpClgHtg-Cnst/instance-out.sql,2.33,220.33
CZ03/OfL&0&cDXGF&Ex&HV_AirDist/NE-HV_AirDist-SupFanMtr-cDXGF-2SpClgHtg-VFDStdMtr/instance-out.sql,2.50,218.67
CZ03/OfL&0&cDXGF&Ex&HV_AirDist/NE-HV_AirDist-SupFanMtr-cDXGF-2SpClgHtg-SRM/instance-out.sql,2.50,218.17
CZ03/OfS&0&cDXGF&Ex&HV_AirDist/NE-HV_AirDist-SupFanMtr-cDXGF-2SpClgHtg-Cnst/instance-out.sql,0.00,137.67
CZ03/OfS&0&cDXGF&Ex&HV_AirDist/NE-HV_AirDist-SupFanMtr-cDXGF-2SpClgHtg-VFDStdMtr/instance-out.sql,0.17,134.00
CZ03/OfS&0&cDXGF&Ex&HV_AirDist/NE-HV_AirDist-SupFanMtr-cDXGF-2SpClgHtg-SRM/instance-out.sql,0.17,134.83
CZ03/RFF&0&cDXGF&Ex&HV_AirDist/NE-HV_AirDist-SupFanMtr-cDXGF-2SpClgHtg-Cnst/instance-out.sql,0.00,0.00
CZ03/RFF&0&cDXGF&Ex&HV_AirDist/NE-HV_AirDist-SupFanMtr-cDXGF-2SpClgHtg-VFDStdMtr/instance-out.sql,0.00,0.00
CZ03/RFF&0&cDXGF&Ex&HV_AirDist/NE-HV_AirDist-SupFanMtr-cDXGF-2SpClgHtg-SRM/instance-out.sql,0.00,0.00
CZ03/RSD&0&cDXGF&Ex&HV_AirDist/NE-HV_AirDist-SupFanMtr-cDXGF-2SpClgHtg-Cnst/instance-out.sql,0.00,0.00
CZ03/RSD&0&cDXGF&Ex&HV_AirDist/NE-HV_AirDist-SupFanMtr-cDXGF-2SpClgHtg-VFDStdMtr/instance-out.sql,0.00,0.00
CZ03/RSD&0&cDXGF&Ex&HV_AirDist/NE-HV_AirDist-SupFanMtr-cDXGF-2SpClgHtg-SRM/instance-out.sql,0.00,0.00
CZ03/Rt3&0&cDXGF&Ex&HV_AirDist/NE-HV_AirDist-SupFanMtr-cDXGF-2SpClgHtg-Cnst/instance-out.sql,0.00,0.00
CZ03/Rt3&0&cDXGF&Ex&HV_AirDist/NE-HV_AirDist-SupFanMtr-cDXGF-2SpClgHtg-VFDStdMtr/instance-out.sql,0.00,0.00
CZ03/Rt3&0&cDXGF&Ex&HV_AirDist/NE-HV_AirDist-SupFanMtr-cDXGF-2SpClgHtg-SRM/instance-out.sql,0.00,0.00
CZ03/RtL&0&cDXGF&Ex&HV_AirDist/NE-HV_AirDist-SupFanMtr-cDXGF-2SpClgHtg-Cnst/instance-out.sql,0.00,0.00
CZ03/RtL&0&cDXGF&Ex&HV_AirDist/NE-HV_AirDist-SupFanMtr-cDXGF-2SpClgHtg-VFDStdMtr/instance-out.sql,0.00,0.00
CZ03/RtL&0&cDXGF&Ex&HV_AirDist/NE-HV_AirDist-SupFanMtr-cDXGF-2SpClgHtg-SRM/instance-out.sql,0.00,0.00
CZ03/RtS&0&cDXGF&Ex&HV_AirDist/NE-HV_AirDist-SupFanMtr-cDXGF-2SpClgHtg-Cnst/instance-out.sql,0.00,0.00
CZ03/RtS&0&cDXGF&Ex&HV_AirDist/NE-HV_AirDist-SupFanMtr-cDXGF-2SpClgHtg-VFDStdMtr/instance-out.sql,0.00,0.00
CZ03/RtS&0&cDXGF&Ex&HV_AirDist/NE-HV_AirDist-SupFanMtr-cDXGF-2SpClgHtg-SRM/instance-out.sql,0.00,0.00
CZ03/SCn&0&cDXGF&Ex&HV_AirDist/NE-HV_AirDist-SupFanMtr-cDXGF-2SpClgHtg-Cnst/instance-out.sql,0.00,0.00
CZ03/SCn&0&cDXGF&Ex&HV_AirDist/NE-HV_AirDist-SupFanMtr-cDXGF-2SpClgHtg-VFDStdMtr/instance-out.sql,0.00,0.00
CZ03/SCn&0&cDXGF&Ex&HV_AirDist/NE-HV_AirDist-SupFanMtr-cDXGF-2SpClgHtg-SRM/instance-out.sql,0.00,0.00
CZ03/Asm&0&cDXHP&Ex&HV_AirDist/NE-HV_AirDist-SupFanMtr-cDXHP-2SpClgHtg-Cnst/instance-out.sql,0.00,0.00
CZ03/Asm&0&cDXHP&Ex&HV_AirDist/NE-HV_AirDist-SupFanMtr-cDXHP-2SpClgHtg-VFDStdMtr/instance-out.sql,0.00,0.00
CZ03/Asm&0&cDXHP&Ex&HV_AirDist/NE-HV_AirDist-SupFanMtr-cDXHP-2SpClgHtg-SRM/instance-out.sql,0.00,0.00
CZ03/ECC&0&cDXHP&Ex&HV_AirDist/NE-HV_AirDist-SupFanMtr-cDXHP-2SpClgHtg-Cnst/instance-out.sql,0.00,747.50
CZ03/ECC&0&cDXHP&Ex&HV_AirDist/NE-HV_AirDist-SupFanMtr-cDXHP-2SpClgHtg-VFDStdMtr/instance-out.sql,0.00,565.17
CZ03/ECC&0&cDXHP&Ex&HV_AirDist/NE-HV_AirDist-SupFanMtr-cDXHP-2SpClgHtg-SRM/instance-out.sql,0.00,580.33
CZ03/EPr&0&cDXHP&Ex&HV_AirDist/NE-HV_AirDist-SupFanMtr-cDXHP-2SpClgHtg-Cnst/instance-out.sql,0.00,0.00
CZ03/EPr&0&cDXHP&Ex&HV_AirDist/NE-HV_AirDist-SupFanMtr-cDXHP-2SpClgHtg-VFDStdMtr/instance-out.sql,0.00,0.00
CZ03/EPr&0&cDXHP&Ex&HV_AirDist/NE-HV_AirDist-SupFanMtr-cDXHP-2SpClgHtg-SRM/instance-out.sql,0.00,0.00
CZ03/ERC&0&cDXHP&Ex&HV_AirDist/NE-HV_AirDist-SupFanMtr-cDXHP-2SpClgHtg-Cnst/instance-out.sql,0.00,0.00
CZ03/ERC&0&cDXHP&Ex&HV_AirDist/NE-HV_AirDist-SupFanMtr-cDXHP-2SpClgHtg-VFDStdMtr/instance-out.sql,0.00,0.00
CZ03/ERC&0&cDXHP&Ex&HV_AirDist/NE-HV_AirDist-SupFanMtr-cDXHP-2SpClgHtg-SRM/instance-out.sql,0.00,0.00
CZ03/ESe&0&cDXHP&Ex&HV_AirDist/NE-HV_AirDist-SupFanMtr-cDXHP-2SpClgHtg-Cnst/instance-out.sql,0.00,0.00
CZ03/ESe&0&cDXHP&Ex&HV_AirDist/NE-HV_AirDist-SupFanMtr-cDXHP-2SpClgHtg-VFDStdMtr/instance-out.sql,0.00,0.00
CZ03/ESe&0&cDXHP&Ex&HV_AirDist/NE-HV_AirDist-SupFanMtr-cDXHP-2SpClgHtg-SRM/instance-out.sql,0.00,0.00
CZ03/EUn&0&cDXHP&Ex&HV_AirDist/NE-HV_AirDist-SupFanMtr-cDXHP-2SpClgHtg-Cnst/instance-out.sql,1.33,209.17
CZ03/EUn&0&cDXHP&Ex&HV_AirDist/NE-HV_AirDist-SupFanMtr-cDXHP-2SpClgHtg-VFDStdMtr/instance-out.sql,1.50,202.67
CZ03/EUn&0&cDXHP&Ex&HV_AirDist/NE-HV_AirDist-SupFanMtr-cDXHP-2SpClgHtg-SRM/instance-out.sql,1.50,202.17
CZ03/Gro&0&cDXHP&Ex&HV_AirDist/NE-HV_AirDist-SupFanMtr-cDXHP-2SpClgHtg-Cnst/instance-out.sql,0.00,0.00
CZ03/Gro&0&cDXHP&Ex&HV_AirDist/NE-HV_AirDist-SupFanMtr-cDXHP-2SpClgHtg-VFDStdMtr/instance-out.sql,0.00,0.00
CZ03/Gro&0&cDXHP&Ex&HV_AirDist/NE-HV_AirDist-SupFanMtr-cDXHP-2SpClgHtg-SRM/instance-out.sql,0.00,0.00
CZ03/Hsp&0&cDXHP&Ex&HV_AirDist/NE-HV_AirDist-SupFanMtr-cDXHP-2SpClgHtg-Cnst/instance-out.sql,0.00,125.83
CZ03/Hsp&0&cDXHP&Ex&HV_AirDist/NE-HV_AirDist-SupFanMtr-cDXHP-2SpClgHtg-VFDStdMtr/instance-out.sql,0.00,120.17
CZ03/Hsp&0&cDXHP&Ex&HV_AirDist/NE-HV_AirDist-SupFanMtr-cDXHP-2SpClgHtg-SRM/instance-out.sql,0.00,120.33
CZ03/MBT&0&cDXHP&Ex&HV_AirDist/NE-HV_AirDist-SupFanMtr-cDXHP-2SpClgHtg-Cnst/instance-out.sql,0.00,16.67
CZ03/MBT&0&cDXHP&Ex&HV_AirDist/NE-HV_AirDist-SupFanMtr-cDXHP-2SpClgHtg-VFDStdMtr/instance-out.sql,0.00,13.00
CZ03/MBT&0&cDXHP&Ex&HV_AirDist/NE-HV_AirDist-SupFanMtr-cDXHP-2SpClgHtg-SRM/instance-out.sql,0.00,12.67
CZ03/MLI&0&cDXHP&Ex&HV_AirDist/NE-HV_AirDist-SupFanMtr-cDXHP-2SpClgHtg-Cnst/instance-out.sql,0.00,0.00
CZ03/MLI&0&cDXHP&Ex&HV_AirDist/NE-HV_AirDist-SupFanMtr-cDXHP-2SpClgHtg-VFDStdMtr/instance-out.sql,0.00,0.00
CZ03/MLI&0&cDXHP&Ex&HV_AirDist/NE-HV_AirDist-SupFanMtr-cDXHP-2SpClgHtg-SRM/instance-out.sql,0.00,0.00
CZ03/Mtl&0&cDXHP&Ex&HV_AirDist/NE-HV_AirDist-SupFanMtr-cDXHP-2SpClgHtg-Cnst/instance-out.sql,0.00,45.00
CZ03/Mtl&0&cDXHP&Ex&HV_AirDist/NE-HV_AirDist-SupFanMtr-cDXHP-2SpClgHtg-VFDStdMtr/instance-out.sql,0.00,44.00
CZ03/Mtl&0&cDXHP&Ex&HV_AirDist/NE-HV_AirDist-SupFanMtr-cDXHP-2SpClgHtg-SRM/instance-out.sql,0.00,43.83
CZ03/Nrs&0&cDXHP&Ex&HV_AirDist/NE-HV_AirDist-SupFanMtr-cDXHP-2SpClgHtg-Cnst/instance-out.sql,0.00,0.50
CZ03/Nrs&0&cDXHP&Ex&HV_AirDist/NE-HV_AirDist-SupFanMtr-cDXHP-2SpClgHtg-VFDStdMtr/instance-out.sql,0.00,1.33
CZ03/Nrs&0&cDXHP&Ex&HV_AirDist/NE-HV_AirDist-SupFanMtr-cDXHP-2SpClgHtg-SRM/instance-out.sql,0.00,0.83
CZ03/OfL&0&cDXHP&Ex&HV_AirDist/NE-HV_AirDist-SupFanMtr-cDXHP-2SpClgHtg-Cnst/instance-out.sql,2.33,219.33
CZ03/OfL&0&cDXHP&Ex&HV_AirDist/NE-HV_AirDist-SupFanMtr-cDXHP-2SpClgHtg-VFDStdMtr/instance-out.sql,2.50,218.17
CZ03/OfL&0&cDXHP&Ex&HV_AirDist/NE-HV_AirDist-SupFanMtr-cDXHP-2SpClgHtg-SRM/instance-out.sql,2.50,217.67
CZ03/OfS&0&cDXHP&Ex&HV_AirDist/NE-HV_AirDist-SupFanMtr-cDXHP-2SpClgHtg-Cnst/instance-out.sql,0.00,137.67
CZ03/OfS&0&cDXHP&Ex&HV_AirDist/NE-HV_AirDist-SupFanMtr-cDXHP-2SpClgHtg-VFDStdMtr/instance-out.sql,0.17,134.00
CZ03/OfS&0&cDXHP&Ex&HV_AirDist/NE-HV_AirDist-SupFanMtr-cDXHP-2SpClgHtg-SRM/instance-out.sql,0.17,134.83
CZ03/RFF&0&cDXHP&Ex&HV_AirDist/NE-HV_AirDist-SupFanMtr-cDXHP-2SpClgHtg-Cnst/instance-out.sql,0.00,0.00
CZ03/RFF&0&cDXHP&Ex&HV_AirDist/NE-HV_AirDist-SupFanMtr-cDXHP-2SpClgHtg-VFDStdMtr/instance-out.sql,0.00,0.00
CZ03/RFF&0&cDXHP&Ex&HV_AirDist/NE-HV_AirDist-SupFanMtr-cDXHP-2SpClgHtg-SRM/instance-out.sql,0.00,0.00
CZ03/RSD&0&cDXHP&Ex&HV_AirDist/NE-HV_AirDist-SupFanMtr-cDXHP-2SpClgHtg-Cnst/instance-out.sql,0.00,0.00
CZ03/RSD&0&cDXHP&Ex&HV_AirDist/NE-HV_AirDist-SupFanMtr-cDXHP-2SpClgHtg-VFDStdMtr/instance-out.sql,0.00,0.00
CZ03/RSD&0&cDXHP&Ex&HV_AirDist/NE-HV_AirDist-SupFanMtr-cDXHP-2SpClgHtg-SRM/instance-out.sql,0.00,0.00
CZ03/Rt3&0&cDXHP&Ex&HV_AirDist/NE-HV_AirDist-SupFanMtr-cDXHP-2SpClgHtg-Cnst/instance-out.sql,0.00,0.00
CZ03/Rt3&0&cDXHP&Ex&HV_AirDist/NE-HV_AirDist-SupFanMtr-cDXHP-2SpClgHtg-VFDStdMtr/instance-out.sql,0.00,0.00
CZ03/Rt3&0&cDXHP&Ex&HV_AirDist/NE-HV_AirDist-SupFanMtr-cDXHP-2SpClgHtg-SRM/instance-out.sql,0.00,0.00
CZ03/RtL&0&cDXHP&Ex&HV_AirDist/NE-HV_AirDist-SupFanMtr-cDXHP-2SpClgHtg-Cnst/instance-out.sql,0.00,0.00
CZ03/RtL&0&cDXHP&Ex&HV_AirDist/NE-HV_AirDist-SupFanMtr-cDXHP-2SpClgHtg-VFDStdMtr/instance-out.sql,0.00,0.00
CZ03/RtL&0&cDXHP&Ex&HV_AirDist/NE-HV_AirDist-SupFanMtr-cDXHP-2SpClgHtg-SRM/instance-out.sql,0.00,0.00
CZ03/RtS&0&cDXHP&Ex&HV_AirDist/NE-HV_AirDist-SupFanMtr-cDXHP-2SpClgHtg-Cnst/instance-out.sql,0.00,0.00
CZ03/RtS&0&cDXHP&Ex&HV_AirDist/NE-HV_AirDist-SupFanMtr-cDXHP-2SpClgHtg-VFDStdMtr/instance-out.sql,0.00,0.00
CZ03/RtS&0&cDXHP&Ex&HV_AirDist/NE-HV_AirDist-SupFanMtr-cDXHP-2SpClgHtg-SRM/instance-out.sql,0.00,0.00
CZ03/SCn&0&cDXHP&Ex&HV_AirDist/NE-HV_AirDist-SupFanMtr-cDXHP-2SpClgHtg-Cnst/instance-out.sql,0.00,0.00
CZ03/SCn&0&cDXHP&Ex&HV_AirDist/NE-HV_AirDist-SupFanMtr-cDXHP-2SpClgHtg-VFDStdMtr/instance-out.sql,0.00,0.00
CZ03/SCn&0&cDXHP&Ex&HV_AirDist/NE-HV_AirDist-SupFanMtr-cDXHP-2SpClgHtg-SRM/instance-out.sql,0.00,0.00
CZ03/Asm&0&cDXOH&Ex&HV_AirDist/NE-HV_AirDist-SupFanMtr-cDXOH-2SpClgHtg-Cnst/instance-out.sql,0.00,0.00
CZ03/Asm&0&cDXOH&Ex&HV_AirDist/NE-HV_AirDist-SupFanMtr-cDXOH-2SpClgHtg-VFDStdMtr/instance-out.sql,0.00,0.00
CZ03/Asm&0&cDXOH&Ex&HV_AirDist/NE-HV_AirDist-SupFanMtr-cDXOH-2SpClgHtg-SRM/instance-out.sql,0.00,0.00
CZ03/ECC&0&cDXOH&Ex&HV_AirDist/NE-HV_AirDist-SupFanMtr-cDXOH-2SpClgHtg-Cnst/instance-out.sql,0.00,191.00
CZ03/ECC&0&cDXOH&Ex&HV_AirDist/NE-HV_AirDist-SupFanMtr-cDXOH-2SpClgHtg-VFDStdMtr/instance-out.sql,0.00,167.00
CZ03/ECC&0&cDXOH&Ex&HV_AirDist/NE-HV_AirDist-SupFanMtr-cDXOH-2SpClgHtg-SRM/instance-out.sql,0.00,166.17
CZ03/EPr&0&cDXOH&Ex&HV_AirDist/NE-HV_AirDist-SupFanMtr-cDXOH-2SpClgHtg-Cnst/instance-out.sql,0.00,0.00
CZ03/EPr&0&cDXOH&Ex&HV_AirDist/NE-HV_AirDist-SupFanMtr-cDXOH-2SpClgHtg-VFDStdMtr/instance-out.sql,0.00,0.00
CZ03/EPr&0&cDXOH&Ex&HV_AirDist/NE-HV_AirDist-SupFanMtr-cDXOH-2SpClgHtg-SRM/instance-out.sql,0.00,0.00
CZ03/ERC&0&cDXOH&Ex&HV_AirDist/NE-HV_AirDist-SupFanMtr-cDXOH-2SpClgHtg-Cnst/instance-out.sql,0.00,0.00
CZ03/ERC&0&cDXOH&Ex&HV_AirDist/NE-HV_AirDist-SupFanMtr-cDXOH-2SpClgHtg-VFDStdMtr/instance-out.sql,0.00,0.00
CZ03/ERC&0&cDXOH&Ex&HV_AirDist/NE-HV_AirDist-SupFanMtr-cDXOH-2SpClgHtg-SRM/instance-out.sql,0.00,0.00
CZ03/ESe&0&cDXOH&Ex&HV_AirDist/NE-HV_AirDist-SupFanMtr-cDXOH-2SpClgHtg-Cnst/instance-out.sql,0.00,0.00
CZ03/ESe&0&cDXOH&Ex&HV_AirDist/NE-HV_AirDist-SupFanMtr-cDXOH-2SpClgHtg-VFDStdMtr/instance-out.sql,0.00,0.00
CZ03/ESe&0&cDXOH&Ex&HV_AirDist/NE-HV_AirDist-SupFanMtr-cDXOH-2SpClgHtg-SRM/instance-out.sql,0.00,0.00
CZ03/EUn&0&cDXOH&Ex&HV_AirDist/NE-HV_AirDist-SupFanMtr-cDXOH-2SpClgHtg-Cnst/instance-out.sql,1.00,205.83
CZ03/EUn&0&cDXOH&Ex&HV_AirDist/NE-HV_AirDist-SupFanMtr-cDXOH-2SpClgHtg-VFDStdMtr/instance-out.sql,1.00,195.33
CZ03/EUn&0&cDXOH&Ex&HV_AirDist/NE-HV_AirDist-SupFanMtr-cDXOH-2SpClgHtg-SRM/instance-out.sql,1.00,196.00
CZ03/Gro&0&cDXOH&Ex&HV_AirDist/NE-HV_AirDist-SupFanMtr-cDXOH-2SpClgHtg-Cnst/instance-out.sql
CZ03/Gro&0&cDXOH&Ex&HV_AirDist/NE-HV_AirDist-SupFanMtr-cDXOH-2SpClgHtg-VFDStdMtr/instance-out.sql
CZ03/Gro&0&cDXOH&Ex&HV_AirDist/NE-HV_AirDist-SupFanMtr-cDXOH-2SpClgHtg-SRM/instance-out.sql
CZ03/Hsp&0&cDXOH&Ex&HV_AirDist/NE-HV_AirDist-SupFanMtr-cDXOH-2SpClgHtg-Cnst/instance-out.sql,0.00,123.67
CZ03/Hsp&0&cDXOH&Ex&HV_AirDist/NE-HV_AirDist-SupFanMtr-cDXOH-2SpClgHtg-VFDStdMtr/instance-out.sql,0.00,116.83
CZ03/Hsp&0&cDXOH&Ex&HV_AirDist/NE-HV_AirDist-SupFanMtr-cDXOH-2SpClgHtg-SRM/instance-out.sql,0.00,116.83
CZ03/MBT&0&cDXOH&Ex&HV_AirDist/NE-HV_AirDist-SupFanMtr-cDXOH-2SpClgHtg-Cnst/instance-out.sql,0.00,16.50
CZ03/MBT&0&cDXOH&Ex&HV_AirDist/NE-HV_AirDist-SupFanMtr-cDXOH-2SpClgHtg-VFDStdMtr/instance-out.sql,0.00,12.67
CZ03/MBT&0&cDXOH&Ex&HV_AirDist/NE-HV_AirDist-SupFanMtr-cDXOH-2SpClgHtg-SRM/instance-out.sql,0.00,12.33
CZ03/MLI&0&cDXOH&Ex&HV_AirDist/NE-HV_AirDist-SupFanMtr-cDXOH-2SpClgHtg-Cnst/instance-out.sql,0.00,0.00
CZ03/MLI&0&cDXOH&Ex&HV_AirDist/NE-HV_AirDist-SupFanMtr-cDXOH-2SpClgHtg-VFDStdMtr/instance-out.sql,0.00,0.00
CZ03/MLI&0&cDXOH&Ex&HV_AirDist/NE-HV_AirDist-SupFanMtr-cDXOH-2SpClgHtg-SRM/instance-out.sql,0.00,0.00
CZ03/Mtl&0&cDXOH&Ex&HV_AirDist/NE-HV_AirDist-SupFanMtr-cDXOH-2SpClgHtg-Cnst/instance-out.sql,0.00,44.33
CZ03/Mtl&0&cDXOH&Ex&HV_AirDist/NE-HV_AirDist-SupFanMtr-cDXOH-2SpClgHtg-VFDStdMtr/instance-out.sql,0.00,39.83
CZ03/Mtl&0&cDXOH&Ex&HV_AirDist/NE-HV_AirDist-SupFanMtr-cDXOH-2SpClgHtg-SRM/instance-out.sql,0.00,40.17
CZ03/Nrs&0&cDXOH&Ex&HV_AirDist/NE-HV_AirDist-SupFanMtr-cDXOH-2SpClgHtg-Cnst/instance-out.sql,0.00,0.50
CZ03/Nrs&0&cDXOH&Ex&HV_AirDist/NE-HV_AirDist-SupFanMtr-cDXOH-2SpClgHtg-VFDStdMtr/instance-out.sql,0.00,0.67
CZ03/Nrs&0&cDXOH&Ex&HV_AirDist/NE-HV_AirDist-SupFanMtr-cDXOH-2SpClgHtg-SRM/instance-out.sql,0.00,0.50
CZ03/OfL&0&cDXOH&Ex&HV_AirDist/NE-HV_AirDist-SupFanMtr-cDXOH-2SpClgHtg-Cnst/instance-out.sql,1.33,220.83
CZ03/OfL&0&cDXOH&Ex&HV_AirDist/NE-HV_AirDist-SupFanMtr-cDXOH-2SpClgHtg-VFDStdMtr/instance-out.sql,1.33,214.67
CZ03/OfL&0&cDXOH&Ex&HV_AirDist/NE-HV_AirDist-SupFanMtr-cDXOH-2SpClgHtg-SRM/instance-out.sql,1.33,215.33
CZ03/OfS&0&cDXOH&Ex&HV_AirDist/NE-HV_AirDist-SupFanMtr-cDXOH-2SpClgHtg-Cnst/instance-out.sql,0.00,137.83
CZ03/OfS&0&cDXOH&Ex&HV_AirDist/NE-HV_AirDist-SupFanMtr-cDXOH-2SpClgHtg-VFDStdMtr/instance-out.sql,0.00,130.00
CZ03/OfS&0&cDXOH&Ex&HV_AirDist/NE-HV_AirDist-SupFanMtr-cDXOH-2SpClgHtg-SRM/instance-out.sql,0.00,130.17
CZ03/RFF&0&cDXOH&Ex&HV_AirDist/NE-HV_AirDist-SupFanMtr-cDXOH-2SpClgHtg-Cnst/instance-out.sql,0.00,0.00
CZ03/RFF&0&cDXOH&Ex&HV_AirDist/NE-HV_AirDist-SupFanMtr-cDXOH-2SpClgHtg-VFDStdMtr/instance-out.sql,0.00,0.00
CZ03/RFF&0&cDXOH&Ex&HV_AirDist/NE-HV_AirDist-SupFanMtr-cDXOH-2SpClgHtg-SRM/instance-out.sql,0.00,0.00
CZ03/RSD&0&cDXOH&Ex&HV_AirDist/NE-HV_AirDist-SupFanMtr-cDXOH-2SpClgHtg-Cnst/instance-out.sql,0.00,0.00
CZ03/RSD&0&cDXOH&Ex&HV_AirDist/NE-HV_AirDist-SupFanMtr-cDXOH-2SpClgHtg-VFDStdMtr/instance-out.sql,0.00,0.00
CZ03/RSD&0&cDXOH&Ex&HV_AirDist/NE-HV_AirDist-SupFanMtr-cDXOH-2SpClgHtg-SRM/instance-out.sql,0.00,0.00
CZ03/Rt3&0&cDXOH&Ex&HV_AirDist/NE-HV_AirDist-SupFanMtr-cDXOH-2SpClgHtg-Cnst/instance-out.sql,0.00,0.00
CZ03/Rt3&0&cDXOH&Ex&HV_AirDist/NE-HV_AirDist-SupFanMtr-cDXOH-2SpClgHtg-VFDStdMtr/instance-out.sql,0.00,0.00
CZ03/Rt3&0&cDXOH&Ex&HV_AirDist/NE-HV_AirDist-SupFanMtr-cDXOH-2SpClgHtg-SRM/instance-out.sql,0.00,0.00
CZ03/RtL&0&cDXOH&Ex&HV_AirDist/NE-HV_AirDist-SupFanMtr-cDXOH-2SpClgHtg-Cnst/instance-out.sql,0.00,0.00
CZ03/RtL&0&cDXOH&Ex&HV_AirDist/NE-HV_AirDist-SupFanMtr-cDXOH-2SpClgHtg-VFDStdMtr/instance-out.sql,0.00,0.00
CZ03/RtL&0&cDXOH&Ex&HV_AirDist/NE-HV_AirDist-SupFanMtr-cDXOH-2SpClgHtg-SRM/instance-out.sql,0.00,0.00
CZ03/RtS&0&cDXOH&Ex&HV_AirDist/NE-HV_AirDist-SupFanMtr-cDXOH-2SpClgHtg-Cnst/instance-out.sql,0.00,0.00
CZ03/RtS&0&cDXOH&Ex&HV_AirDist/NE-HV_AirDist-SupFanMtr-cDXOH-2SpClgHtg-VFDStdMtr/instance-out.sql,0.00,0.00
CZ03/RtS&0&cDXOH&Ex&HV_AirDist/NE-HV_AirDist-SupFanMtr-cDXOH-2SpClgHtg-SRM/instance-out.sql,0.00,0.00
CZ03/SCn&0&cDXOH&Ex&HV_AirDist/NE-HV_AirDist-SupFanMtr-cDXOH-2SpClgHtg-Cnst/instance-out.sql,0.00,0.00
CZ03/SCn&0&cDXOH&Ex&HV_AirDist/NE-HV_AirDist-SupFanMtr-cDXOH-2SpClgHtg-VFDStdMtr/instance-out.sql,0.00,0.00
CZ03/SCn&0&cDXOH&Ex&HV_AirDist/NE-HV_AirDist-SupFanMtr-cDXOH-2SpClgHtg-SRM/instance-out.sql,0.00,0.00
CZ04/Asm&0&cDXGF&Ex&HV_AirDist/NE-HV_AirDist-SupFanMtr-cDXGF-2SpClgHtg-Cnst/instance-out.sql,0.00,0.00
CZ04/Asm&0&cDXGF&Ex&HV_AirDist/NE-HV_AirDist-SupFanMtr-cDXGF-2SpClgHtg-VFDStdMtr/instance-out.sql,0.00,0.00
CZ04/Asm&0&cDXGF&Ex&HV_AirDist/NE-HV_AirDist-SupFanMtr-cDXGF-2SpClgHtg-SRM/instance-out.sql,0.00,0.00
CZ04/ECC&0&cDXGF&Ex&HV_AirDist/NE-HV_AirDist-SupFanMtr-cDXGF-2SpClgHtg-Cnst/instance-out.sql,0.00,938.83
CZ04/ECC&0&cDXGF&Ex&HV_AirDist/NE-HV_AirDist-SupFanMtr-cDXGF-2SpClgHtg-VFDStdMtr/instance-out.sql,0.00,769.00
CZ04/ECC&0&cDXGF&Ex&HV_AirDist/NE-HV_AirDist-SupFanMtr-cDXGF-2SpClgHtg-SRM/instance-out.sql,0.00,776.33
CZ04/EPr&0&cDXGF&Ex&HV_AirDist/NE-HV_AirDist-SupFanMtr-cDXGF-2SpClgHtg-Cnst/instance-out.sql,0.00,0.00
CZ04/EPr&0&cDXGF&Ex&HV_AirDist/NE-HV_AirDist-SupFanMtr-cDXGF-2SpClgHtg-VFDStdMtr/instance-out.sql,0.00,4.50
CZ04/EPr&0&cDXGF&Ex&HV_AirDist/NE-HV_AirDist-SupFanMtr-cDXGF-2SpClgHtg-SRM/instance-out.sql,0.00,4.50
CZ04/ERC&0&cDXGF&Ex&HV_AirDist/NE-HV_AirDist-SupFanMtr-cDXGF-2SpClgHtg-Cnst/instance-out.sql,0.00,0.00
CZ04/ERC&0&cDXGF&Ex&HV_AirDist/NE-HV_AirDist-SupFanMtr-cDXGF-2SpClgHtg-VFDStdMtr/instance-out.sql,0.00,0.00
CZ04/ERC&0&cDXGF&Ex&HV_AirDist/NE-HV_AirDist-SupFanMtr-cDXGF-2SpClgHtg-SRM/instance-out.sql,0.00,0.00
CZ04/ESe&0&cDXGF&Ex&HV_AirDist/NE-HV_AirDist-SupFanMtr-cDXGF-2SpClgHtg-Cnst/instance-out.sql,0.00,0.50
CZ04/ESe&0&cDXGF&Ex&HV_AirDist/NE-HV_AirDist-SupFanMtr-cDXGF-2SpClgHtg-VFDStdMtr/instance-out.sql,0.17,8.00
CZ04/ESe&0&cDXGF&Ex&HV_AirDist/NE-HV_AirDist-SupFanMtr-cDXGF-2SpClgHtg-SRM/instance-out.sql,0.00,8.00
CZ04/EUn&0&cDXGF&Ex&HV_AirDist/NE-HV_AirDist-SupFanMtr-cDXGF-2SpClgHtg-Cnst/instance-out.sql,0.00,270.83
CZ04/EUn&0&cDXGF&Ex&HV_AirDist/NE-HV_AirDist-SupFanMtr-cDXGF-2SpClgHtg-VFDStdMtr/instance-out.sql,0.00,251.33
CZ04/EUn&0&cDXGF&Ex&HV_AirDist/NE-HV_AirDist-SupFanMtr-cDXGF-2SpClgHtg-SRM/instance-out.sql,0.00,253.17
CZ04/Gro&0&cDXGF&Ex&HV_AirDist/NE-HV_AirDist-SupFanMtr-cDXGF-2SpClgHtg-Cnst/instance-out.sql,0.00,0.00
CZ04/Gro&0&cDXGF&Ex&HV_AirDist/NE-HV_AirDist-SupFanMtr-cDXGF-2SpClgHtg-VFDStdMtr/instance-out.sql,0.00,0.00
CZ04/Gro&0&cDXGF&Ex&HV_AirDist/NE-HV_AirDist-SupFanMtr-cDXGF-2SpClgHtg-SRM/instance-out.sql,0.00,0.00
CZ04/Hsp&0&cDXGF&Ex&HV_AirDist/NE-HV_AirDist-SupFanMtr-cDXGF-2SpClgHtg-Cnst/instance-out.sql,0.00,176.50
CZ04/Hsp&0&cDXGF&Ex&HV_AirDist/NE-HV_AirDist-SupFanMtr-cDXGF-2SpClgHtg-VFDStdMtr/instance-out.sql,0.00,173.00
CZ04/Hsp&0&cDXGF&Ex&HV_AirDist/NE-HV_AirDist-SupFanMtr-cDXGF-2SpClgHtg-SRM/instance-out.sql,0.00,173.00
CZ04/MBT&0&cDXGF&Ex&HV_AirDist/NE-HV_AirDist-SupFanMtr-cDXGF-2SpClgHtg-Cnst/instance-out.sql,0.00,317.50
CZ04/MBT&0&cDXGF&Ex&HV_AirDist/NE-HV_AirDist-SupFanMtr-cDXGF-2SpClgHtg-VFDStdMtr/instance-out.sql,0.00,320.67
CZ04/MBT&0&cDXGF&Ex&HV_AirDist/NE-HV_AirDist-SupFanMtr-cDXGF-2SpClgHtg-SRM/instance-out.sql,0.00,319.50
CZ04/MLI&0&cDXGF&Ex&HV_AirDist/NE-HV_AirDist-SupFanMtr-cDXGF-2SpClgHtg-Cnst/instance-out.sql,0.00,0.00
CZ04/MLI&0&cDXGF&Ex&HV_AirDist/NE-HV_AirDist-SupFanMtr-cDXGF-2SpClgHtg-VFDStdMtr/instance-out.sql,0.00,0.00
CZ04/MLI&0&cDXGF&Ex&HV_AirDist/NE-HV_AirDist-SupFanMtr-cDXGF-2SpClgHtg-SRM/instance-out.sql,0.00,0.00
CZ04/Mtl&0&cDXGF&Ex&HV_AirDist/NE-HV_AirDist-SupFanMtr-cDXGF-2SpClgHtg-Cnst/instance-out.sql,0.00,88.00
CZ04/Mtl&0&cDXGF&Ex&HV_AirDist/NE-HV_AirDist-SupFanMtr-cDXGF-2SpClgHtg-VFDStdMtr/instance-out.sql,0.00,86.83
CZ04/Mtl&0&cDXGF&Ex&HV_AirDist/NE-HV_AirDist-SupFanMtr-cDXGF-2SpClgHtg-SRM/instance-out.sql,0.00,86.00
CZ04/Nrs&0&cDXGF&Ex&HV_AirDist/NE-HV_AirDist-SupFanMtr-cDXGF-2SpClgHtg-Cnst/instance-out.sql,0.00,1.83
CZ04/Nrs&0&cDXGF&Ex&HV_AirDist/NE-HV_AirDist-SupFanMtr-cDXGF-2SpClgHtg-VFDStdMtr/instance-out.sql,0.00,1.83
CZ04/Nrs&0&cDXGF&Ex&HV_AirDist/NE-HV_AirDist-SupFanMtr-cDXGF-2SpClgHtg-SRM/instance-out.sql,0.00,1.83
CZ04/OfL&0&cDXGF&Ex&HV_AirDist/NE-HV_AirDist-SupFanMtr-cDXGF-2SpClgHtg-Cnst/instance-out.sql,2.67,398.67
CZ04/OfL&0&cDXGF&Ex&HV_AirDist/NE-HV_AirDist-SupFanMtr-cDXGF-2SpClgHtg-VFDStdMtr/instance-out.sql,2.67,419.50
CZ04/OfL&0&cDXGF&Ex&HV_AirDist/NE-HV_AirDist-SupFanMtr-cDXGF-2SpClgHtg-SRM/instance-out.sql,2.67,419.00
CZ04/OfS&0&cDXGF&Ex&HV_AirDist/NE-HV_AirDist-SupFanMtr-cDXGF-2SpClgHtg-Cnst/instance-out.sql,0.50,198.83
CZ04/OfS&0&cDXGF&Ex&HV_AirDist/NE-HV_AirDist-SupFanMtr-cDXGF-2SpClgHtg-VFDStdMtr/instance-out.sql,0.67,214.33
CZ04/OfS&0&cDXGF&Ex&HV_AirDist/NE-HV_AirDist-SupFanMtr-cDXGF-2SpClgHtg-SRM/instance-out.sql,0.67,215.17
CZ04/RFF&0&cDXGF&Ex&HV_AirDist/NE-HV_AirDist-SupFanMtr-cDXGF-2SpClgHtg-Cnst/instance-out.sql,0.00,0.33
CZ04/RFF&0&cDXGF&Ex&HV_AirDist/NE-HV_AirDist-SupFanMtr-cDXGF-2SpClgHtg-VFDStdMtr/instance-out.sql,0.00,11.00
CZ04/RFF&0&cDXGF&Ex&HV_AirDist/NE-HV_AirDist-SupFanMtr-cDXGF-2SpClgHtg-SRM/instance-out.sql,0.00,11.00
CZ04/RSD&0&cDXGF&Ex&HV_AirDist/NE-HV_AirDist-SupFanMtr-cDXGF-2SpClgHtg-Cnst/instance-out.sql,0.00,0.00
CZ04/RSD&0&cDXGF&Ex&HV_AirDist/NE-HV_AirDist-SupFanMtr-cDXGF-2SpClgHtg-VFDStdMtr/instance-out.sql,0.00,0.00
CZ04/RSD&0&cDXGF&Ex&HV_AirDist/NE-HV_AirDist-SupFanMtr-cDXGF-2SpClgHtg-SRM/instance-out.sql,0.00,0.00
CZ04/Rt3&0&cDXGF&Ex&HV_AirDist/NE-HV_AirDist-SupFanMtr-cDXGF-2SpClgHtg-Cnst/instance-out.sql,0.00,0.00
CZ04/Rt3&0&cDXGF&Ex&HV_AirDist/NE-HV_AirDist-SupFanMtr-cDXGF-2SpClgHtg-VFDStdMtr/instance-out.sql,0.00,3.33
CZ04/Rt3&0&cDXGF&Ex&HV_AirDist/NE-HV_AirDist-SupFanMtr-cDXGF-2SpClgHtg-SRM/instance-out.sql,0.00,3.33
CZ04/RtL&0&cDXGF&Ex&HV_AirDist/NE-HV_AirDist-SupFanMtr-cDXGF-2SpClgHtg-Cnst/instance-out.sql,0.00,0.00
CZ04/RtL&0&cDXGF&Ex&HV_AirDist/NE-HV_AirDist-SupFanMtr-cDXGF-2SpClgHtg-VFDStdMtr/instance-out.sql,0.00,0.00
CZ04/RtL&0&cDXGF&Ex&HV_AirDist/NE-HV_AirDist-SupFanMtr-cDXGF-2SpClgHtg-SRM/instance-out.sql,0.00,0.00
CZ04/RtS&0&cDXGF&Ex&HV_AirDist/NE-HV_AirDist-SupFanMtr-cDXGF-2SpClgHtg-Cnst/instance-out.sql,0.00,0.00
CZ04/RtS&0&cDXGF&Ex&HV_AirDist/NE-HV_AirDist-SupFanMtr-cDXGF-2SpClgHtg-VFDStdMtr/instance-out.sql,0.00,0.00
CZ04/RtS&0&cDXGF&Ex&HV_AirDist/NE-HV_AirDist-SupFanMtr-cDXGF-2SpClgHtg-SRM/instance-out.sql,0.00,0.00
CZ04/SCn&0&cDXGF&Ex&HV_AirDist/NE-HV_AirDist-SupFanMtr-cDXGF-2SpClgHtg-Cnst/instance-out.sql,0.00,0.00
CZ04/SCn&0&cDXGF&Ex&HV_AirDist/NE-HV_AirDist-SupFanMtr-cDXGF-2SpClgHtg-VFDStdMtr/instance-out.sql,0.00,0.00
CZ04/SCn&0&cDXGF&Ex&HV_AirDist/NE-HV_AirDist-SupFanMtr-cDXGF-2SpClgHtg-SRM/instance-out.sql,0.00,0.00
CZ04/Asm&0&cDXHP&Ex&HV_AirDist/NE-HV_AirDist-SupFanMtr-cDXHP-2SpClgHtg-Cnst/instance-out.sql,0.00,0.00
CZ04/Asm&0&cDXHP&Ex&HV_AirDist/NE-HV_AirDist-SupFanMtr-cDXHP-2SpClgHtg-VFDStdMtr/instance-out.sql,0.00,0.00
CZ04/Asm&0&cDXHP&Ex&HV_AirDist/NE-HV_AirDist-SupFanMtr-cDXHP-2SpClgHtg-SRM/instance-out.sql,0.00,0.00
CZ04/ECC&0&cDXHP&Ex&HV_AirDist/NE-HV_AirDist-SupFanMtr-cDXHP-2SpClgHtg-Cnst/instance-out.sql,0.00,939.17
CZ04/ECC&0&cDXHP&Ex&HV_AirDist/NE-HV_AirDist-SupFanMtr-cDXHP-2SpClgHtg-VFDStdMtr/instance-out.sql,0.00,767.67
CZ04/ECC&0&cDXHP&Ex&HV_AirDist/NE-HV_AirDist-SupFanMtr-cDXHP-2SpClgHtg-SRM/instance-out.sql,0.00,781.50
CZ04/EPr&0&cDXHP&Ex&HV_AirDist/NE-HV_AirDist-SupFanMtr-cDXHP-2SpClgHtg-Cnst/instance-out.sql,0.00,0.00
CZ04/EPr&0&cDXHP&Ex&HV_AirDist/NE-HV_AirDist-SupFanMtr-cDXHP-2SpClgHtg-VFDStdMtr/instance-out.sql,0.00,0.00
CZ04/EPr&0&cDXHP&Ex&HV_AirDist/NE-HV_AirDist-SupFanMtr-cDXHP-2SpClgHtg-SRM/instance-out.sql,0.00,0.00
CZ04/ERC&0&cDXHP&Ex&HV_AirDist/NE-HV_AirDist-SupFanMtr-cDXHP-2SpClgHtg-Cnst/instance-out.sql,0.00,0.00
CZ04/ERC&0&cDXHP&Ex&HV_AirDist/NE-HV_AirDist-SupFanMtr-cDXHP-2SpClgHtg-VFDStdMtr/instance-out.sql,0.00,0.00
CZ04/ERC&0&cDXHP&Ex&HV_AirDist/NE-HV_AirDist-SupFanMtr-cDXHP-2SpClgHtg-SRM/instance-out.sql,0.00,0.00
CZ04/ESe&0&cDXHP&Ex&HV_AirDist/NE-HV_AirDist-SupFanMtr-cDXHP-2SpClgHtg-Cnst/instance-out.sql,0.00,0.00
CZ04/ESe&0&cDXHP&Ex&HV_AirDist/NE-HV_AirDist-SupFanMtr-cDXHP-2SpClgHtg-VFDStdMtr/instance-out.sql,0.00,0.00
CZ04/ESe&0&cDXHP&Ex&HV_AirDist/NE-HV_AirDist-SupFanMtr-cDXHP-2SpClgHtg-SRM/instance-out.sql,0.00,0.00
CZ04/EUn&0&cDXHP&Ex&HV_AirDist/NE-HV_AirDist-SupFanMtr-cDXHP-2SpClgHtg-Cnst/instance-out.sql,0.00,270.83
CZ04/EUn&0&cDXHP&Ex&HV_AirDist/NE-HV_AirDist-SupFanMtr-cDXHP-2SpClgHtg-VFDStdMtr/instance-out.sql,0.00,252.67
CZ04/EUn&0&cDXHP&Ex&HV_AirDist/NE-HV_AirDist-SupFanMtr-cDXHP-2SpClgHtg-SRM/instance-out.sql,0.00,252.83
CZ04/Gro&0&cDXHP&Ex&HV_AirDist/NE-HV_AirDist-SupFanMtr-cDXHP-2SpClgHtg-Cnst/instance-out.sql,0.00,0.00
CZ04/Gro&0&cDXHP&Ex&HV_AirDist/NE-HV_AirDist-SupFanMtr-cDXHP-2SpClgHtg-VFDStdMtr/instance-out.sql,0.00,0.00
CZ04/Gro&0&cDXHP&Ex&HV_AirDist/NE-HV_AirDist-SupFanMtr-cDXHP-2SpClgHtg-SRM/instance-out.sql,0.00,0.00
CZ04/Hsp&0&cDXHP&Ex&HV_AirDist/NE-HV_AirDist-SupFanMtr-cDXHP-2SpClgHtg-Cnst/instance-out.sql,0.00,176.50
CZ04/Hsp&0&cDXHP&Ex&HV_AirDist/NE-HV_AirDist-SupFanMtr-cDXHP-2SpClgHtg-VFDStdMtr/instance-out.sql,0.17,171.33
CZ04/Hsp&0&cDXHP&Ex&HV_AirDist/NE-HV_AirDist-SupFanMtr-cDXHP-2SpClgHtg-SRM/instance-out.sql,0.00,171.00
CZ04/MBT&0&cDXHP&Ex&HV_AirDist/NE-HV_AirDist-SupFanMtr-cDXHP-2SpClgHtg-Cnst/instance-out.sql,0.00,302.33
CZ04/MBT&0&cDXHP&Ex&HV_AirDist/NE-HV_AirDist-SupFanMtr-cDXHP-2SpClgHtg-VFDStdMtr/instance-out.sql,0.00,276.17
CZ04/MBT&0&cDXHP&Ex&HV_AirDist/NE-HV_AirDist-SupFanMtr-cDXHP-2SpClgHtg-SRM/instance-out.sql,0.00,274.17
CZ04/MLI&0&cDXHP&Ex&HV_AirDist/NE-HV_AirDist-SupFanMtr-cDXHP-2SpClgHtg-Cnst/instance-out.sql,0.00,0.00
CZ04/MLI&0&cDXHP&Ex&HV_AirDist/NE-HV_AirDist-SupFanMtr-cDXHP-2SpClgHtg-VFDStdMtr/instance-out.sql,0.00,0.00
CZ04/MLI&0&cDXHP&Ex&HV_AirDist/NE-HV_AirDist-SupFanMtr-cDXHP-2SpClgHtg-SRM/instance-out.sql,0.00,0.00
CZ04/Mtl&0&cDXHP&Ex&HV_AirDist/NE-HV_AirDist-SupFanMtr-cDXHP-2SpClgHtg-Cnst/instance-out.sql,0.00,88.00
CZ04/Mtl&0&cDXHP&Ex&HV_AirDist/NE-HV_AirDist-SupFanMtr-cDXHP-2SpClgHtg-VFDStdMtr/instance-out.sql,0.00,84.33
CZ04/Mtl&0&cDXHP&Ex&HV_AirDist/NE-HV_AirDist-SupFanMtr-cDXHP-2SpClgHtg-SRM/instance-out.sql,0.00,83.50
CZ04/Nrs&0&cDXHP&Ex&HV_AirDist/NE-HV_AirDist-SupFanMtr-cDXHP-2SpClgHtg-Cnst/instance-out.sql,0.00,2.00
CZ04/Nrs&0&cDXHP&Ex&HV_AirDist/NE-HV_AirDist-SupFanMtr-cDXHP-2SpClgHtg-VFDStdMtr/instance-out.sql,0.00,1.83
CZ04/Nrs&0&cDXHP&Ex&HV_AirDist/NE-HV_AirDist-SupFanMtr-cDXHP-2SpClgHtg-SRM/instance-out.sql,0.00,2.00
CZ04/OfL&0&cDXHP&Ex&HV_AirDist/NE-HV_AirDist-SupFanMtr-cDXHP-2SpClgHtg-Cnst/instance-out.sql,2.67,395.33
CZ04/OfL&0&cDXHP&Ex&HV_AirDist/NE-HV_AirDist-SupFanMtr-cDXHP-2SpClgHtg-VFDStdMtr/instance-out.sql,2.67,385.83
CZ04/OfL&0&cDXHP&Ex&HV_AirDist/NE-HV_AirDist-SupFanMtr-cDXHP-2SpClgHtg-SRM/instance-out.sql,2.67,387.00
CZ04/OfS&0&cDXHP&Ex&HV_AirDist/NE-HV_AirDist-SupFanMtr-cDXHP-2SpClgHtg-Cnst/instance-out.sql,0.50,198.00
CZ04/OfS&0&cDXHP&Ex&HV_AirDist/NE-HV_AirDist-SupFanMtr-cDXHP-2SpClgHtg-VFDStdMtr/instance-out.sql,0.67,198.83
CZ04/OfS&0&cDXHP&Ex&HV_AirDist/NE-HV_AirDist-SupFanMtr-cDXHP-2SpClgHtg-SRM/instance-out.sql,0.67,199.33
CZ04/RFF&0&cDXHP&Ex&HV_AirDist/NE-HV_AirDist-SupFanMtr-cDXHP-2SpClgHtg-Cnst/instance-out.sql,0.00,0.00
CZ04/RFF&0&cDXHP&Ex&HV_AirDist/NE-HV_AirDist-SupFanMtr-cDXHP-2SpClgHtg-VFDStdMtr/instance-out.sql,0.00,0.00
CZ04/RFF&0&cDXHP&Ex&HV_AirDist/NE-HV_AirDist-SupFanMtr-cDXHP-2SpClgHtg-SRM/instance-out.sql,0.00,0.00
CZ04/RSD&0&cDXHP&Ex&HV_AirDist/NE-HV_AirDist-SupFanMtr-cDXHP-2SpClgHtg-Cnst/instance-out.sql,0.00,0.00
CZ04/RSD&0&cDXHP&Ex&HV_AirDist/NE-HV_AirDist-SupFanMtr-cDXHP-2SpClgHtg-VFDStdMtr/instance-out.sql,0.00,0.00
CZ04/RSD&0&cDXHP&Ex&HV_AirDist/NE-HV_AirDist-SupFanMtr-cDXHP-2SpClgHtg-SRM/instance-out.sql,0.00,0.00
CZ04/Rt3&0&cDXHP&Ex&HV_AirDist/NE-HV_AirDist-SupFanMtr-cDXHP-2SpClgHtg-Cnst/instance-out.sql,0.00,0.00
CZ04/Rt3&0&cDXHP&Ex&HV_AirDist/NE-HV_AirDist-SupFanMtr-cDXHP-2SpClgHtg-VFDStdMtr/instance-out.sql,0.00,0.00
CZ04/Rt3&0&cDXHP&Ex&HV_AirDist/NE-HV_AirDist-SupFanMtr-cDXHP-2SpClgHtg-SRM/instance-out.sql,0.00,0.00
CZ04/RtL&0&cDXHP&Ex&HV_AirDist/NE-HV_AirDist-SupFanMtr-cDXHP-2SpClgHtg-Cnst/instance-out.sql,0.00,0.00
CZ04/RtL&0&cDXHP&Ex&HV_AirDist/NE-HV_AirDist-SupFanMtr-cDXHP-2SpClgHtg-VFDStdMtr/instance-out.sql,0.00,0.00
CZ04/RtL&0&cDXHP&Ex&HV_AirDist/NE-HV_AirDist-SupFanMtr-cDXHP-2SpClgHtg-SRM/instance-out.sql,0.00,0.00
CZ04/RtS&0&cDXHP&Ex&HV_AirDist/NE-HV_AirDist-SupFanMtr-cDXHP-2SpClgHtg-Cnst/instance-out.sql,0.00,0.00
CZ04/RtS&0&cDXHP&Ex&HV_AirDist/NE-HV_AirDist-SupFanMtr-cDXHP-2SpClgHtg-VFDStdMtr/instance-out.sql,0.00,0.00
CZ04/RtS&0&cDXHP&Ex&HV_AirDist/NE-HV_AirDist-SupFanMtr-cDXHP-2SpClgHtg-SRM/instance-out.sql,0.00,0.00
CZ04/SCn&0&cDXHP&Ex&HV_AirDist/NE-HV_AirDist-SupFanMtr-cDXHP-2SpClgHtg-Cnst/instance-out.sql,0.00,0.00
CZ04/SCn&0&cDXHP&Ex&HV_AirDist/NE-HV_AirDist-SupFanMtr-cDXHP-2SpClgHtg-VFDStdMtr/instance-out.sql,0.00,0.00
CZ04/SCn&0&cDXHP&Ex&HV_AirDist/NE-HV_AirDist-SupFanMtr-cDXHP-2SpClgHtg-SRM/instance-out.sql,0.00,0.00
CZ04/Asm&0&cDXOH&Ex&HV_AirDist/NE-HV_AirDist-SupFanMtr-cDXOH-2SpClgHtg-Cnst/instance-out.sql,0.00,0.00
CZ04/Asm&0&cDXOH&Ex&HV_AirDist/NE-HV_AirDist-SupFanMtr-cDXOH-2SpClgHtg-VFDStdMtr/instance-out.sql,0.00,0.00
CZ04/Asm&0&cDXOH&Ex&HV_AirDist/NE-HV_AirDist-SupFanMtr-cDXOH-2SpClgHtg-SRM/instance-out.sql,0.00,0.00
CZ04/ECC&0&cDXOH&Ex&HV_AirDist/NE-HV_AirDist-SupFanMtr-cDXOH-2SpClgHtg-Cnst/instance-out.sql,0.00,322.17
CZ04/ECC&0&cDXOH&Ex&HV_AirDist/NE-HV_AirDist-SupFanMtr-cDXOH-2SpClgHtg-VFDStdMtr/instance-out.sql,0.00,312.00
CZ04/ECC&0&cDXOH&Ex&HV_AirDist/NE-HV_AirDist-SupFanMtr-cDXOH-2SpClgHtg-SRM/instance-out.sql,0.00,311.67
CZ04/EPr&0&cDXOH&Ex&HV_AirDist/NE-HV_AirDist-SupFanMtr-cDXOH-2SpClgHtg-Cnst/instance-out.sql,0.00,4.83
CZ04/EPr&0&cDXOH&Ex&HV_AirDist/NE-HV_AirDist-SupFanMtr-cDXOH-2SpClgHtg-VFDStdMtr/instance-out.sql,0.00,4.50
CZ04/EPr&0&cDXOH&Ex&HV_AirDist/NE-HV_AirDist-SupFanMtr-cDXOH-2SpClgHtg-SRM/instance-out.sql,0.00,4.50
CZ04/ERC&0&cDXOH&Ex&HV_AirDist/NE-HV_AirDist-SupFanMtr-cDXOH-2SpClgHtg-Cnst/instance-out.sql,0.00,0.00
CZ04/ERC&0&cDXOH&Ex&HV_AirDist/NE-HV_AirDist-SupFanMtr-cDXOH-2SpClgHtg-VFDStdMtr/instance-out.sql,0.00,0.00
CZ04/ERC&0&cDXOH&Ex&HV_AirDist/NE-HV_AirDist-SupFanMtr-cDXOH-2SpClgHtg-SRM/instance-out.sql,0.00,0.00
CZ04/ESe&0&cDXOH&Ex&HV_AirDist/NE-HV_AirDist-SupFanMtr-cDXOH-2SpClgHtg-Cnst/instance-out.sql,0.00,8.17
CZ04/ESe&0&cDXOH&Ex&HV_AirDist/NE-HV_AirDist-SupFanMtr-cDXOH-2SpClgHtg-VFDStdMtr/instance-out.sql,0.00,8.00
CZ04/ESe&0&cDXOH&Ex&HV_AirDist/NE-HV_AirDist-SupFanMtr-cDXOH-2SpClgHtg-SRM/instance-out.sql,0.00,8.00
CZ04/EUn&0&cDXOH&Ex&HV_AirDist/NE-HV_AirDist-SupFanMtr-cDXOH-2SpClgHtg-Cnst/instance-out.sql,0.00,270.83
CZ04/EUn&0&cDXOH&Ex&HV_AirDist/NE-HV_AirDist-SupFanMtr-cDXOH-2SpClgHtg-VFDStdMtr/instance-out.sql,0.17,253.17
CZ04/EUn&0&cDXOH&Ex&HV_AirDist/NE-HV_AirDist-SupFanMtr-cDXOH-2SpClgHtg-SRM/instance-out.sql,0.17,257.83
CZ04/Gro&0&cDXOH&Ex&HV_AirDist/NE-HV_AirDist-SupFanMtr-cDXOH-2SpClgHtg-Cnst/instance-out.sql
CZ04/Gro&0&cDXOH&Ex&HV_AirDist/NE-HV_AirDist-SupFanMtr-cDXOH-2SpClgHtg-VFDStdMtr/instance-out.sql
CZ04/Gro&0&cDXOH&Ex&HV_AirDist/NE-HV_AirDist-SupFanMtr-cDXOH-2SpClgHtg-SRM/instance-out.sql
CZ04/Hsp&0&cDXOH&Ex&HV_AirDist/NE-HV_AirDist-SupFanMtr-cDXOH-2SpClgHtg-Cnst/instance-out.sql,0.00,176.17
CZ04/Hsp&0&cDXOH&Ex&HV_AirDist/NE-HV_AirDist-SupFanMtr-cDXOH-2SpClgHtg-VFDStdMtr/instance-out.sql,0.00,171.83
CZ04/Hsp&0&cDXOH&Ex&HV_AirDist/NE-HV_AirDist-SupFanMtr-cDXOH-2SpClgHtg-SRM/instance-out.sql,0.00,171.67
CZ04/MBT&0&cDXOH&Ex&HV_AirDist/NE-HV_AirDist-SupFanMtr-cDXOH-2SpClgHtg-Cnst/instance-out.sql,0.00,344.00
CZ04/MBT&0&cDXOH&Ex&HV_AirDist/NE-HV_AirDist-SupFanMtr-cDXOH-2SpClgHtg-VFDStdMtr/instance-out.sql,0.00,312.00
CZ04/MBT&0&cDXOH&Ex&HV_AirDist/NE-HV_AirDist-SupFanMtr-cDXOH-2SpClgHtg-SRM/instance-out.sql,0.00,311.00
CZ04/MLI&0&cDXOH&Ex&HV_AirDist/NE-HV_AirDist-SupFanMtr-cDXOH-2SpClgHtg-Cnst/instance-out.sql,0.00,0.00
CZ04/MLI&0&cDXOH&Ex&HV_AirDist/NE-HV_AirDist-SupFanMtr-cDXOH-2SpClgHtg-VFDStdMtr/instance-out.sql,0.00,0.00
CZ04/MLI&0&cDXOH&Ex&HV_AirDist/NE-HV_AirDist-SupFanMtr-cDXOH-2SpClgHtg-SRM/instance-out.sql,0.00,0.00
CZ04/Mtl&0&cDXOH&Ex&HV_AirDist/NE-HV_AirDist-SupFanMtr-cDXOH-2SpClgHtg-Cnst/instance-out.sql,0.00,87.67
CZ04/Mtl&0&cDXOH&Ex&HV_AirDist/NE-HV_AirDist-SupFanMtr-cDXOH-2SpClgHtg-VFDStdMtr/instance-out.sql,0.00,80.83
CZ04/Mtl&0&cDXOH&Ex&HV_AirDist/NE-HV_AirDist-SupFanMtr-cDXOH-2SpClgHtg-SRM/instance-out.sql,0.00,81.17
CZ04/Nrs&0&cDXOH&Ex&HV_AirDist/NE-HV_AirDist-SupFanMtr-cDXOH-2SpClgHtg-Cnst/instance-out.sql,0.00,1.83
CZ04/Nrs&0&cDXOH&Ex&HV_AirDist/NE-HV_AirDist-SupFanMtr-cDXOH-2SpClgHtg-VFDStdMtr/instance-out.sql,0.00,1.83
CZ04/Nrs&0&cDXOH&Ex&HV_AirDist/NE-HV_AirDist-SupFanMtr-cDXOH-2SpClgHtg-SRM/instance-out.sql,0.00,2.00
CZ04/OfL&0&cDXOH&Ex&HV_AirDist/NE-HV_AirDist-SupFanMtr-cDXOH-2SpClgHtg-Cnst/instance-out.sql,1.17,425.00
CZ04/OfL&0&cDXOH&Ex&HV_AirDist/NE-HV_AirDist-SupFanMtr-cDXOH-2SpClgHtg-VFDStdMtr/instance-out.sql,1.17,411.67
CZ04/OfL&0&cDXOH&Ex&HV_AirDist/NE-HV_AirDist-SupFanMtr-cDXOH-2SpClgHtg-SRM/instance-out.sql,1.17,411.17
CZ04/OfS&0&cDXOH&Ex&HV_AirDist/NE-HV_AirDist-SupFanMtr-cDXOH-2SpClgHtg-Cnst/instance-out.sql,0.00,219.00
CZ04/OfS&0&cDXOH&Ex&HV_AirDist/NE-HV_AirDist-SupFanMtr-cDXOH-2SpClgHtg-VFDStdMtr/instance-out.sql,0.00,208.67
CZ04/OfS&0&cDXOH&Ex&HV_AirDist/NE-HV_AirDist-SupFanMtr-cDXOH-2SpClgHtg-SRM/instance-out.sql,0.00,208.67
CZ04/RFF&0&cDXOH&Ex&HV_AirDist/NE-HV_AirDist-SupFanMtr-cDXOH-2SpClgHtg-Cnst/instance-out.sql,0.00,11.33
CZ04/RFF&0&cDXOH&Ex&HV_AirDist/NE-HV_AirDist-SupFanMtr-cDXOH-2SpClgHtg-VFDStdMtr/instance-out.sql,0.00,11.00
CZ04/RFF&0&cDXOH&Ex&HV_AirDist/NE-HV_AirDist-SupFanMtr-cDXOH-2SpClgHtg-SRM/instance-out.sql,0.00,11.00
CZ04/RSD&0&cDXOH&Ex&HV_AirDist/NE-HV_AirDist-SupFanMtr-cDXOH-2SpClgHtg-Cnst/instance-out.sql,0.00,0.00
CZ04/RSD&0&cDXOH&Ex&HV_AirDist/NE-HV_AirDist-SupFanMtr-cDXOH-2SpClgHtg-VFDStdMtr/instance-out.sql,0.00,0.00
CZ04/RSD&0&cDXOH&Ex&HV_AirDist/NE-HV_AirDist-SupFanMtr-cDXOH-2SpClgHtg-SRM/instance-out.sql,0.00,0.00
CZ04/Rt3&0&cDXOH&Ex&HV_AirDist/NE-HV_AirDist-SupFanMtr-cDXOH-2SpClgHtg-Cnst/instance-out.sql,0.00,4.17
CZ04/Rt3&0&cDXOH&Ex&HV_AirDist/NE-HV_AirDist-SupFanMtr-cDXOH-2SpClgHtg-VFDStdMtr/instance-out.sql,0.00,4.00
CZ04/Rt3&0&cDXOH&Ex&HV_AirDist/NE-HV_AirDist-SupFanMtr-cDXOH-2SpClgHtg-SRM/instance-out.sql,0.00,4.00
CZ04/RtL&0&cDXOH&Ex&HV_AirDist/NE-HV_AirDist-SupFanMtr-cDXOH-2SpClgHtg-Cnst/instance-out.sql,0.00,0.00
CZ04/RtL&0&cDXOH&Ex&HV_AirDist/NE-HV_AirDist-SupFanMtr-cDXOH-2SpClgHtg-VFDStdMtr/instance-out.sql,0.00,0.00
CZ04/RtL&0&cDXOH&Ex&HV_AirDist/NE-HV_AirDist-SupFanMtr-cDXOH-2SpClgHtg-SRM/instance-out.sql,0.00,0.00
CZ04/RtS&0&cDXOH&Ex&HV_AirDist/NE-HV_AirDist-SupFanMtr-cDXOH-2SpClgHtg-Cnst/instance-out.sql,0.00,0.00
CZ04/RtS&0&cDXOH&Ex&HV_AirDist/NE-HV_AirDist-SupFanMtr-cDXOH-2SpClgHtg-VFDStdMtr/instance-out.sql,0.00,0.00
CZ04/RtS&0&cDXOH&Ex&HV_AirDist/NE-HV_AirDist-SupFanMtr-cDXOH-2SpClgHtg-SRM/instance-out.sql,0.00,0.00
CZ04/SCn&0&cDXOH&Ex&HV_AirDist/NE-HV_AirDist-SupFanMtr-cDXOH-2SpClgHtg-Cnst/instance-out.sql,0.00,2.00
CZ04/SCn&0&cDXOH&Ex&HV_AirDist/NE-HV_AirDist-SupFanMtr-cDXOH-2SpClgHtg-VFDStdMtr/instance-out.sql,0.00,1.83
CZ04/SCn&0&cDXOH&Ex&HV_AirDist/NE-HV_AirDist-SupFanMtr-cDXOH-2SpClgHtg-SRM/instance-out.sql,0.00,1.83
CZ05/Asm&0&cDXGF&Ex&HV_AirDist/NE-HV_AirDist-SupFanMtr-cDXGF-2SpClgHtg-Cnst/instance-out.sql,0.00,0.00
CZ05/Asm&0&cDXGF&Ex&HV_AirDist/NE-HV_AirDist-SupFanMtr-cDXGF-2SpClgHtg-VFDStdMtr/instance-out.sql,0.00,0.00
CZ05/Asm&0&cDXGF&Ex&HV_AirDist/NE-HV_AirDist-SupFanMtr-cDXGF-2SpClgHtg-SRM/instance-out.sql,0.00,0.00
CZ05/ECC&0&cDXGF&Ex&HV_AirDist/NE-HV_AirDist-SupFanMtr-cDXGF-2SpClgHtg-Cnst/instance-out.sql,0.00,639.33
CZ05/ECC&0&cDXGF&Ex&HV_AirDist/NE-HV_AirDist-SupFanMtr-cDXGF-2SpClgHtg-VFDStdMtr/instance-out.sql,0.00,484.50
CZ05/ECC&0&cDXGF&Ex&HV_AirDist/NE-HV_AirDist-SupFanMtr-cDXGF-2SpClgHtg-SRM/instance-out.sql,0.00,484.83
CZ05/EPr&0&cDXGF&Ex&HV_AirDist/NE-HV_AirDist-SupFanMtr-cDXGF-2SpClgHtg-Cnst/instance-out.sql,0.00,0.00
CZ05/EPr&0&cDXGF&Ex&HV_AirDist/NE-HV_AirDist-SupFanMtr-cDXGF-2SpClgHtg-VFDStdMtr/instance-out.sql,0.00,0.00
CZ05/EPr&0&cDXGF&Ex&HV_AirDist/NE-HV_AirDist-SupFanMtr-cDXGF-2SpClgHtg-SRM/instance-out.sql,0.00,0.00
CZ05/ERC&0&cDXGF&Ex&HV_AirDist/NE-HV_AirDist-SupFanMtr-cDXGF-2SpClgHtg-Cnst/instance-out.sql,0.00,0.00
CZ05/ERC&0&cDXGF&Ex&HV_AirDist/NE-HV_AirDist-SupFanMtr-cDXGF-2SpClgHtg-VFDStdMtr/instance-out.sql,0.00,0.00
CZ05/ERC&0&cDXGF&Ex&HV_AirDist/NE-HV_AirDist-SupFanMtr-cDXGF-2SpClgHtg-SRM/instance-out.sql,0.00,0.00
CZ05/ESe&0&cDXGF&Ex&HV_AirDist/NE-HV_AirDist-SupFanMtr-cDXGF-2SpClgHtg-Cnst/instance-out.sql,0.00,0.00
CZ05/ESe&0&cDXGF&Ex&HV_AirDist/NE-HV_AirDist-SupFanMtr-cDXGF-2SpClgHtg-VFDStdMtr/instance-out.sql,0.00,0.00
CZ05/ESe&0&cDXGF&Ex&HV_AirDist/NE-HV_AirDist-SupFanMtr-cDXGF-2SpClgHtg-SRM/instance-out.sql,0.00,0.00
CZ05/EUn&0&cDXGF&Ex&HV_AirDist/NE-HV_AirDist-SupFanMtr-cDXGF-2SpClgHtg-Cnst/instance-out.sql,1.17,236.33
CZ05/EUn&0&cDXGF&Ex&HV_AirDist/NE-HV_AirDist-SupFanMtr-cDXGF-2SpClgHtg-VFDStdMtr/instance-out.sql,1.33,234.83
CZ05/EUn&0&cDXGF&Ex&HV_AirDist/NE-HV_AirDist-SupFanMtr-cDXGF-2SpClgHtg-SRM/instance-out.sql,1.33,234.83
CZ05/Gro&0&cDXGF&Ex&HV_AirDist/NE-HV_AirDist-SupFanMtr-cDXGF-2SpClgHtg-Cnst/instance-out.sql,0.00,0.00
CZ05/Gro&0&cDXGF&Ex&HV_AirDist/NE-HV_AirDist-SupFanMtr-cDXGF-2SpClgHtg-VFDStdMtr/instance-out.sql,0.00,0.00
CZ05/Gro&0&cDXGF&Ex&HV_AirDist/NE-HV_AirDist-SupFanMtr-cDXGF-2SpClgHtg-SRM/instance-out.sql,0.00,0.00
CZ05/Hsp&0&cDXGF&Ex&HV_AirDist/NE-HV_AirDist-SupFanMtr-cDXGF-2SpClgHtg-Cnst/instance-out.sql,0.00,183.67
CZ05/Hsp&0&cDXGF&Ex&HV_AirDist/NE-HV_AirDist-SupFanMtr-cDXGF-2SpClgHtg-VFDStdMtr/instance-out.sql,0.00,176.33
CZ05/Hsp&0&cDXGF&Ex&HV_AirDist/NE-HV_AirDist-SupFanMtr-cDXGF-2SpClgHtg-SRM/instance-out.sql,0.00,175.50
CZ05/MBT&0&cDXGF&Ex&HV_AirDist/NE-HV_AirDist-SupFanMtr-cDXGF-2SpClgHtg-Cnst/instance-out.sql,0.00,1.00
CZ05/MBT&0&cDXGF&Ex&HV_AirDist/NE-HV_AirDist-SupFanMtr-cDXGF-2SpClgHtg-VFDStdMtr/instance-out.sql,0.00,0.83
CZ05/MBT&0&cDXGF&Ex&HV_AirDist/NE-HV_AirDist-SupFanMtr-cDXGF-2SpClgHtg-SRM/instance-out.sql,0.00,0.83
CZ05/MLI&0&cDXGF&Ex&HV_AirDist/NE-HV_AirDist-SupFanMtr-cDXGF-2SpClgHtg-Cnst/instance-out.sql,0.00,0.00
CZ05/MLI&0&cDXGF&Ex&HV_AirDist/NE-HV_AirDist-SupFanMtr-cDXGF-2SpClgHtg-VFDStdMtr/instance-out.sql,0.00,0.00
CZ05/MLI&0&cDXGF&Ex&HV_AirDist/NE-HV_AirDist-SupFanMtr-cDXGF-2SpClgHtg-SRM/instance-out.sql,0.00,0.00
CZ05/Mtl&0&cDXGF&Ex&HV_AirDist/NE-HV_AirDist-SupFanMtr-cDXGF-2SpClgHtg-Cnst/instance-out.sql,0.00,55.00
CZ05/Mtl&0&cDXGF&Ex&HV_AirDist/NE-HV_AirDist-SupFanMtr-cDXGF-2SpClgHtg-VFDStdMtr/instance-out.sql,0.00,50.83
CZ05/Mtl&0&cDXGF&Ex&HV_AirDist/NE-HV_AirDist-SupFanMtr-cDXGF-2SpClgHtg-SRM/instance-out.sql,0.00,50.67
CZ05/Nrs&0&cDXGF&Ex&HV_AirDist/NE-HV_AirDist-SupFanMtr-cDXGF-2SpClgHtg-Cnst/instance-out.sql,0.00,1.50
CZ05/Nrs&0&cDXGF&Ex&HV_AirDist/NE-HV_AirDist-SupFanMtr-cDXGF-2SpClgHtg-VFDStdMtr/instance-out.sql,0.00,1.17
CZ05/Nrs&0&cDXGF&Ex&HV_AirDist/NE-HV_AirDist-SupFanMtr-cDXGF-2SpClgHtg-SRM/instance-out.sql,0.00,1.17
CZ05/OfL&0&cDXGF&Ex&HV_AirDist/NE-HV_AirDist-SupFanMtr-cDXGF-2SpClgHtg-Cnst/instance-out.sql,1.33,244.17
CZ05/OfL&0&cDXGF&Ex&HV_AirDist/NE-HV_AirDist-SupFanMtr-cDXGF-2SpClgHtg-VFDStdMtr/instance-out.sql,1.33,242.50
CZ05/OfL&0&cDXGF&Ex&HV_AirDist/NE-HV_AirDist-SupFanMtr-cDXGF-2SpClgHtg-SRM/instance-out.sql,1.33,242.33
CZ05/OfS&0&cDXGF&Ex&HV_AirDist/NE-HV_AirDist-SupFanMtr-cDXGF-2SpClgHtg-Cnst/instance-out.sql,0.00,156.83
CZ05/OfS&0&cDXGF&Ex&HV_AirDist/NE-HV_AirDist-SupFanMtr-cDXGF-2SpClgHtg-VFDStdMtr/instance-out.sql,0.00,146.50
CZ05/OfS&0&cDXGF&Ex&HV_AirDist/NE-HV_AirDist-SupFanMtr-cDXGF-2SpClgHtg-SRM/instance-out.sql,0.00,145.00
CZ05/RFF&0&cDXGF&Ex&HV_AirDist/NE-HV_AirDist-SupFanMtr-cDXGF-2SpClgHtg-Cnst/instance-out.sql,0.00,0.00
CZ05/RFF&0&cDXGF&Ex&HV_AirDist/NE-HV_AirDist-SupFanMtr-cDXGF-2SpClgHtg-VFDStdMtr/instance-out.sql,0.00,3.50
CZ05/RFF&0&cDXGF&Ex&HV_AirDist/NE-HV_AirDist-SupFanMtr-cDXGF-2SpClgHtg-SRM/instance-out.sql,0.00,3.50
CZ05/RSD&0&cDXGF&Ex&HV_AirDist/NE-HV_AirDist-SupFanMtr-cDXGF-2SpClgHtg-Cnst/instance-out.sql,0.00,0.00
CZ05/RSD&0&cDXGF&Ex&HV_AirDist/NE-HV_AirDist-SupFanMtr-cDXGF-2SpClgHtg-VFDStdMtr/instance-out.sql,0.00,0.00
CZ05/RSD&0&cDXGF&Ex&HV_AirDist/NE-HV_AirDist-SupFanMtr-cDXGF-2SpClgHtg-SRM/instance-out.sql,0.00,0.00
CZ05/Rt3&0&cDXGF&Ex&HV_AirDist/NE-HV_AirDist-SupFanMtr-cDXGF-2SpClgHtg-Cnst/instance-out.sql,0.00,0.00
CZ05/Rt3&0&cDXGF&Ex&HV_AirDist/NE-HV_AirDist-SupFanMtr-cDXGF-2SpClgHtg-VFDStdMtr/instance-out.sql,0.00,0.00
CZ05/Rt3&0&cDXGF&Ex&HV_AirDist/NE-HV_AirDist-SupFanMtr-cDXGF-2SpClgHtg-SRM/instance-out.sql,0.00,0.00
CZ05/RtL&0&cDXGF&Ex&HV_AirDist/NE-HV_AirDist-SupFanMtr-cDXGF-2SpClgHtg-Cnst/instance-out.sql,0.00,0.00
CZ05/RtL&0&cDXGF&Ex&HV_AirDist/NE-HV_AirDist-SupFanMtr-cDXGF-2SpClgHtg-VFDStdMtr/instance-out.sql,0.00,0.00
CZ05/RtL&0&cDXGF&Ex&HV_AirDist/NE-HV_AirDist-SupFanMtr-cDXGF-2SpClgHtg-SRM/instance-out.sql,0.00,0.00
CZ05/RtS&0&cDXGF&Ex&HV_AirDist/NE-HV_AirDist-SupFanMtr-cDXGF-2SpClgHtg-Cnst/instance-out.sql,0.00,0.00
CZ05/RtS&0&cDXGF&Ex&HV_AirDist/NE-HV_AirDist-SupFanMtr-cDXGF-2SpClgHtg-VFDStdMtr/instance-out.sql,0.00,0.00
CZ05/RtS&0&cDXGF&Ex&HV_AirDist/NE-HV_AirDist-SupFanMtr-cDXGF-2SpClgHtg-SRM/instance-out.sql,0.00,0.00
CZ05/SCn&0&cDXGF&Ex&HV_AirDist/NE-HV_AirDist-SupFanMtr-cDXGF-2SpClgHtg-Cnst/instance-out.sql,0.00,0.00
CZ05/SCn&0&cDXGF&Ex&HV_AirDist/NE-HV_AirDist-SupFanMtr-cDXGF-2SpClgHtg-VFDStdMtr/instance-out.sql,0.00,0.00
CZ05/SCn&0&cDXGF&Ex&HV_AirDist/NE-HV_AirDist-SupFanMtr-cDXGF-2SpClgHtg-SRM/instance-out.sql,0.00,0.00
CZ05/Asm&0&cDXHP&Ex&HV_AirDist/NE-HV_AirDist-SupFanMtr-cDXHP-2SpClgHtg-Cnst/instance-out.sql,0.00,0.00
CZ05/Asm&0&cDXHP&Ex&HV_AirDist/NE-HV_AirDist-SupFanMtr-cDXHP-2SpClgHtg-VFDStdMtr/instance-out.sql,0.00,0.00
CZ05/Asm&0&cDXHP&Ex&HV_AirDist/NE-HV_AirDist-SupFanMtr-cDXHP-2SpClgHtg-SRM/instance-out.sql,0.00,0.00
CZ05/ECC&0&cDXHP&Ex&HV_AirDist/NE-HV_AirDist-SupFanMtr-cDXHP-2SpClgHtg-Cnst/instance-out.sql,0.00,639.33
CZ05/ECC&0&cDXHP&Ex&HV_AirDist/NE-HV_AirDist-SupFanMtr-cDXHP-2SpClgHtg-VFDStdMtr/instance-out.sql,0.00,485.33
CZ05/ECC&0&cDXHP&Ex&HV_AirDist/NE-HV_AirDist-SupFanMtr-cDXHP-2SpClgHtg-SRM/instance-out.sql,0.00,482.67
CZ05/EPr&0&cDXHP&Ex&HV_AirDist/NE-HV_AirDist-SupFanMtr-cDXHP-2SpClgHtg-Cnst/instance-out.sql,0.00,0.00
CZ05/EPr&0&cDXHP&Ex&HV_AirDist/NE-HV_AirDist-SupFanMtr-cDXHP-2SpClgHtg-VFDStdMtr/instance-out.sql,0.00,0.00
CZ05/EPr&0&cDXHP&Ex&HV_AirDist/NE-HV_AirDist-SupFanMtr-cDXHP-2SpClgHtg-SRM/instance-out.sql,0.00,0.00
CZ05/ERC&0&cDXHP&Ex&HV_AirDist/NE-HV_AirDist-SupFanMtr-cDXHP-2SpClgHtg-Cnst/instance-out.sql,0.00,0.00
CZ05/ERC&0&cDXHP&Ex&HV_AirDist/NE-HV_AirDist-SupFanMtr-cDXHP-2SpClgHtg-VFDStdMtr/instance-out.sql,0.00,0.00
CZ05/ERC&0&cDXHP&Ex&HV_AirDist/NE-HV_AirDist-SupFanMtr-cDXHP-2SpClgHtg-SRM/instance-out.sql,0.00,0.00
CZ05/ESe&0&cDXHP&Ex&HV_AirDist/NE-HV_AirDist-SupFanMtr-cDXHP-2SpClgHtg-Cnst/instance-out.sql,0.00,0.00
CZ05/ESe&0&cDXHP&Ex&HV_AirDist/NE-HV_AirDist-SupFanMtr-cDXHP-2SpClgHtg-VFDStdMtr/instance-out.sql,0.17,0.00
CZ05/ESe&0&cDXHP&Ex&HV_AirDist/NE-HV_AirDist-SupFanMtr-cDXHP-2SpClgHtg-SRM/instance-out.sql,0.00,0.00
CZ05/EUn&0&cDXHP&Ex&HV_AirDist/NE-HV_AirDist-SupFanMtr-cDXHP-2SpClgHtg-Cnst/instance-out.sql,1.17,236.33
CZ05/EUn&0&cDXHP&Ex&HV_AirDist/NE-HV_AirDist-SupFanMtr-cDXHP-2SpClgHtg-VFDStdMtr/instance-out.sql,1.33,234.83
CZ05/EUn&0&cDXHP&Ex&HV_AirDist/NE-HV_AirDist-SupFanMtr-cDXHP-2SpClgHtg-SRM/instance-out.sql,1.33,234.83
CZ05/Gro&0&cDXHP&Ex&HV_AirDist/NE-HV_AirDist-SupFanMtr-cDXHP-2SpClgHtg-Cnst/instance-out.sql,0.00,0.00
CZ05/Gro&0&cDXHP&Ex&HV_AirDist/NE-HV_AirDist-SupFanMtr-cDXHP-2SpClgHtg-VFDStdMtr/instance-out.sql,0.00,0.00
CZ05/Gro&0&cDXHP&Ex&HV_AirDist/NE-HV_AirDist-SupFanMtr-cDXHP-2SpClgHtg-SRM/instance-out.sql,0.00,0.00
CZ05/Hsp&0&cDXHP&Ex&HV_AirDist/NE-HV_AirDist-SupFanMtr-cDXHP-2SpClgHtg-Cnst/instance-out.sql,0.00,183.67
CZ05/Hsp&0&cDXHP&Ex&HV_AirDist/NE-HV_AirDist-SupFanMtr-cDXHP-2SpClgHtg-VFDStdMtr/instance-out.sql,0.00,176.33
CZ05/Hsp&0&cDXHP&Ex&HV_AirDist/NE-HV_AirDist-SupFanMtr-cDXHP-2SpClgHtg-SRM/instance-out.sql,0.00,175.50
CZ05/MBT&0&cDXHP&Ex&HV_AirDist/NE-HV_AirDist-SupFanMtr-cDXHP-2SpClgHtg-Cnst/instance-out.sql,0.00,1.00
CZ05/MBT&0&cDXHP&Ex&HV_AirDist/NE-HV_AirDist-SupFanMtr-cDXHP-2SpClgHtg-VFDStdMtr/instance-out.sql,0.00,0.83
CZ05/MBT&0&cDXHP&Ex&HV_AirDist/NE-HV_AirDist-SupFanMtr-cDXHP-2SpClgHtg-SRM/instance-out.sql,0.00,0.83
CZ05/MLI&0&cDXHP&Ex&HV_AirDist/NE-HV_AirDist-SupFanMtr-cDXHP-2SpClgHtg-Cnst/instance-out.sql,0.00,0.00
CZ05/MLI&0&cDXHP&Ex&HV_AirDist/NE-HV_AirDist-SupFanMtr-cDXHP-2SpClgHtg-VFDStdMtr/instance-out.sql,0.00,0.00
CZ05/MLI&0&cDXHP&Ex&HV_AirDist/NE-HV_AirDist-SupFanMtr-cDXHP-2SpClgHtg-SRM/instance-out.sql,0.00,0.00
CZ05/Mtl&0&cDXHP&Ex&HV_AirDist/NE-HV_AirDist-SupFanMtr-cDXHP-2SpClgHtg-Cnst/instance-out.sql,0.00,55.00
CZ05/Mtl&0&cDXHP&Ex&HV_AirDist/NE-HV_AirDist-SupFanMtr-cDXHP-2SpClgHtg-VFDStdMtr/instance-out.sql,0.00,50.83
CZ05/Mtl&0&cDXHP&Ex&HV_AirDist/NE-HV_AirDist-SupFanMtr-cDXHP-2SpClgHtg-SRM/instance-out.sql,0.00,50.67
CZ05/Nrs&0&cDXHP&Ex&HV_AirDist/NE-HV_AirDist-SupFanMtr-cDXHP-2SpClgHtg-Cnst/instance-out.sql,0.00,1.33
CZ05/Nrs&0&cDXHP&Ex&HV_AirDist/NE-HV_AirDist-SupFanMtr-cDXHP-2SpClgHtg-VFDStdMtr/instance-out.sql,0.00,1.33
CZ05/Nrs&0&cDXHP&Ex&HV_AirDist/NE-HV_AirDist-SupFanMtr-cDXHP-2SpClgHtg-SRM/instance-out.sql,0.00,1.17
CZ05/OfL&0&cDXHP&Ex&HV_AirDist/NE-HV_AirDist-SupFanMtr-cDXHP-2SpClgHtg-Cnst/instance-out.sql,1.33,243.17
CZ05/OfL&0&cDXHP&Ex&HV_AirDist/NE-HV_AirDist-SupFanMtr-cDXHP-2SpClgHtg-VFDStdMtr/instance-out.sql,1.33,237.50
CZ05/OfL&0&cDXHP&Ex&HV_AirDist/NE-HV_AirDist-SupFanMtr-cDXHP-2SpClgHtg-SRM/instance-out.sql,1.33,237.33
CZ05/OfS&0&cDXHP&Ex&HV_AirDist/NE-HV_AirDist-SupFanMtr-cDXHP-2SpClgHtg-Cnst/instance-out.sql,0.00,156.83
CZ05/OfS&0&cDXHP&Ex&HV_AirDist/NE-HV_AirDist-SupFanMtr-cDXHP-2SpClgHtg-VFDStdMtr/instance-out.sql,0.00,145.00
CZ05/OfS&0&cDXHP&Ex&HV_AirDist/NE-HV_AirDist-SupFanMtr-cDXHP-2SpClgHtg-SRM/instance-out.sql,0.00,143.50
CZ05/RFF&0&cDXHP&Ex&HV_AirDist/NE-HV_AirDist-SupFanMtr-cDXHP-2SpClgHtg-Cnst/instance-out.sql,0.00,0.00
CZ05/RFF&0&cDXHP&Ex&HV_AirDist/NE-HV_AirDist-SupFanMtr-cDXHP-2SpClgHtg-VFDStdMtr/instance-out.sql,0.00,0.00
CZ05/RFF&0&cDXHP&Ex&HV_AirDist/NE-HV_AirDist-SupFanMtr-cDXHP-2SpClgHtg-SRM/instance-out.sql,0.00,0.00
CZ05/RSD&0&cDXHP&Ex&HV_AirDist/NE-HV_AirDist-SupFanMtr-cDXHP-2SpClgHtg-Cnst/instance-out.sql,0.00,0.00
CZ05/RSD&0&cDXHP&Ex&HV_AirDist/NE-HV_AirDist-SupFanMtr-cDXHP-2SpClgHtg-VFDStdMtr/instance-out.sql,0.00,0.00
CZ05/RSD&0&cDXHP&Ex&HV_AirDist/NE-HV_AirDist-SupFanMtr-cDXHP-2SpClgHtg-SRM/instance-out.sql,0.00,0.00
CZ05/Rt3&0&cDXHP&Ex&HV_AirDist/NE-HV_AirDist-SupFanMtr-cDXHP-2SpClgHtg-Cnst/instance-out.sql,0.00,0.00
CZ05/Rt3&0&cDXHP&Ex&HV_AirDist/NE-HV_AirDist-SupFanMtr-cDXHP-2SpClgHtg-VFDStdMtr/instance-out.sql,0.00,0.00
CZ05/Rt3&0&cDXHP&Ex&HV_AirDist/NE-HV_AirDist-SupFanMtr-cDXHP-2SpClgHtg-SRM/instance-out.sql,0.00,0.00
CZ05/RtL&0&cDXHP&Ex&HV_AirDist/NE-HV_AirDist-SupFanMtr-cDXHP-2SpClgHtg-Cnst/instance-out.sql,0.00,0.00
CZ05/RtL&0&cDXHP&Ex&HV_AirDist/NE-HV_AirDist-SupFanMtr-cDXHP-2SpClgHtg-VFDStdMtr/instance-out.sql,0.00,0.00
CZ05/RtL&0&cDXHP&Ex&HV_AirDist/NE-HV_AirDist-SupFanMtr-cDXHP-2SpClgHtg-SRM/instance-out.sql,0.00,0.00
CZ05/RtS&0&cDXHP&Ex&HV_AirDist/NE-HV_AirDist-SupFanMtr-cDXHP-2SpClgHtg-Cnst/instance-out.sql,0.00,0.00
CZ05/RtS&0&cDXHP&Ex&HV_AirDist/NE-HV_AirDist-SupFanMtr-cDXHP-2SpClgHtg-VFDStdMtr/instance-out.sql,0.00,0.00
CZ05/RtS&0&cDXHP&Ex&HV_AirDist/NE-HV_AirDist-SupFanMtr-cDXHP-2SpClgHtg-SRM/instance-out.sql,0.00,0.00
CZ05/SCn&0&cDXHP&Ex&HV_AirDist/NE-HV_AirDist-SupFanMtr-cDXHP-2SpClgHtg-Cnst/instance-out.sql,0.00,0.00
CZ05/SCn&0&cDXHP&Ex&HV_AirDist/NE-HV_AirDist-SupFanMtr-cDXHP-2SpClgHtg-VFDStdMtr/instance-out.sql,0.00,0.00
CZ05/SCn&0&cDXHP&Ex&HV_AirDist/NE-HV_AirDist-SupFanMtr-cDXHP-2SpClgHtg-SRM/instance-out.sql,0.00,0.00
CZ05/Asm&0&cDXOH&Ex&HV_AirDist/NE-HV_AirDist-SupFanMtr-cDXOH-2SpClgHtg-Cnst/instance-out.sql,0.00,0.00
CZ05/Asm&0&cDXOH&Ex&HV_AirDist/NE-HV_AirDist-SupFanMtr-cDXOH-2SpClgHtg-VFDStdMtr/instance-out.sql,0.00,0.00
CZ05/Asm&0&cDXOH&Ex&HV_AirDist/NE-HV_AirDist-SupFanMtr-cDXOH-2SpClgHtg-SRM/instance-out.sql,0.00,0.00
CZ05/ECC&0&cDXOH&Ex&HV_AirDist/NE-HV_AirDist-SupFanMtr-cDXOH-2SpClgHtg-Cnst/instance-out.sql,0.00,138.17
CZ05/ECC&0&cDXOH&Ex&HV_AirDist/NE-HV_AirDist-SupFanMtr-cDXOH-2SpClgHtg-VFDStdMtr/instance-out.sql,0.00,118.17

