EnergyImpactID,Version,VersionSource,LastMod,PA,BldgType,BldgVint,BldgLoc,BldgHVAC,NormUnit,NumUnit,MeasArea,ScaleBasis,APreWBkWh,APreWBkW,APreWBtherm,APreWBkWh,APreWBkW,APreWBtherm,APreEUkWh,APreEUkW,APreEUtherm,AStdEUkWh,AStdEUkW,AStdEUtherm,ElecImpactProfileID,GasImpactProfileID,Flag,SourceDesc,APreUseWBkWh,APreUseWBtherm,AStdUseWBkWh,AStdUseWBtherm,AMsrUseWBkWh,AMsrUseWBtherm,APreUseEUkWh,APreUseEUtherm,AStdUseEUkWh,AStdUseEUtherm,AMsrUseEUkWh,AMsrUseEUtherm
NE-HVAC-AirEcono-Adjust-ExSP55F,DEER2024,D24_E+_Com_v1,6/15/2026 10:46,Any,Asm,Ex,CZ01,cDXGF,Each,1,68000,None,5690,1.94,-0.00478,5690,1.94,-0.00478,,,,,,,,,20,,518510,10498,,,512820,10498,,,,,,
NE-HVAC-AirEcono-Adjust-ExSP55F,DEER2024,D24_E+_Com_v1,6/15/2026 10:46,Any,Asm,Ex,CZ02,cDXGF,Each,1,68000,None,6820,0.524,-0.00478,6820,0.524,-0.00478,,,,,,,,,20,,617680,8622.9,,,610860,8622.9,,,,,,
NE-HVAC-AirEcono-Adjust-ExSP55F,DEER2024,D24_E+_Com_v1,6/15/2026 10:46,Any,Asm,Ex,CZ03,cDXGF,Each,1,68000,None,10200,0.898,-0.00341,10200,0.898,-0.00341,,,,,,,,,20,,572250,5155,,,562100,5155,,,,,,
NE-HVAC-AirEcono-Adjust-ExSP55F,DEER2024,D24_E+_Com_v1,6/15/2026 10:46,Any,Asm,Ex,CZ04,cDXGF,Each,1,68000,None,6570,0.001,-0.00478,6570,0.001,-0.00478,,,,,,,,,20,,691950,7795.7,,,685380,7795.7,,,,,,
NE-HVAC-AirEcono-Adjust-ExSP55F,DEER2024,D24_E+_Com_v1,6/15/2026 10:46,Any,Asm,Ex,CZ05,cDXGF,Each,1,68000,None,9540,1.84,-0.00171,9540,1.84,-0.00171,,,,,,,,,20,,584420,5218,,,574880,5218,,,,,,
NE-HVAC-AirEcono-Adjust-ExSP55F,DEER2024,D24_E+_Com_v1,6/15/2026 10:46,Any,Asm,Ex,CZ06,cDXGF,Each,1,68000,None,11100,0.303,-0.00205,11100,0.303,-0.00205,,,,,,,,,20,,637020,1889.9,,,625960,1889.9,,,,,,
NE-HVAC-AirEcono-Adjust-ExSP55F,DEER2024,D24_E+_Com_v1,6/15/2026 10:46,Any,Asm,Ex,CZ07,cDXGF,Each,1,68000,None,10100,0,-0.00205,10100,0,-0.00205,,,,,,,,,20,,639640,1746.6,,,629520,1746.6,,,,,,
NE-HVAC-AirEcono-Adjust-ExSP55F,DEER2024,D24_E+_Com_v1,6/15/2026 10:46,Any,Asm,Ex,CZ08,cDXGF,Each,1,68000,None,8110,0,-0.00205,8110,0,-0.00205,,,,,,,,,20,,699940,2369.5,,,691830,2369.5,,,,,,
NE-HVAC-AirEcono-Adjust-ExSP55F,DEER2024,D24_E+_Com_v1,6/15/2026 10:46,Any,Asm,Ex,CZ09,cDXGF,Each,1,68000,None,8080,0,-0.000683,8080,0,-0.000683,,,,,,,,,20,,711880,3121.5,,,703810,3121.5,,,,,,
NE-HVAC-AirEcono-Adjust-ExSP55F,DEER2024,D24_E+_Com_v1,6/15/2026 10:46,Any,Asm,Ex,CZ10,cDXGF,Each,1,68000,None,6680,0,-0.00239,6680,0,-0.00239,,,,,,,,,20,,729620,3232.4,,,722940,3232.4,,,,,,
NE-HVAC-AirEcono-Adjust-ExSP55F,DEER2024,D24_E+_Com_v1,6/15/2026 10:46,Any,Asm,Ex,CZ11,cDXGF,Each,1,68000,None,5110,0,-0.00376,5110,0,-0.00376,,,,,,,,,20,,750340,8055.4,,,745240,8055.4,,,,,,
NE-HVAC-AirEcono-Adjust-ExSP55F,DEER2024,D24_E+_Com_v1,6/15/2026 10:46,Any,Asm,Ex,CZ12,cDXGF,Each,1,68000,None,6440,0,-0.00307,6440,0,-0.00307,,,,,,,,,20,,679320,7713.2,,,672880,7713.2,,,,,,
NE-HVAC-AirEcono-Adjust-ExSP55F,DEER2024,D24_E+_Com_v1,6/15/2026 10:46,Any,Asm,Ex,CZ13,cDXGF,Each,1,68000,None,5400,0,-0.00273,5400,0,-0.00273,,,,,,,,,20,,761800,6943.3,,,756400,6943.3,,,,,,
NE-HVAC-AirEcono-Adjust-ExSP55F,DEER2024,D24_E+_Com_v1,6/15/2026 10:46,Any,Asm,Ex,CZ14,cDXGF,Each,1,68000,None,6650,0,-0.0447,6650,0,-0.0447,,,,,,,,,20,,768230,6905.7,,,761590,6905.8,,,,,,
NE-HVAC-AirEcono-Adjust-ExSP55F,DEER2024,D24_E+_Com_v1,6/15/2026 10:46,Any,Asm,Ex,CZ15,cDXGF,Each,1,68000,None,5110,0,-0.0123,5110,0,-0.0123,,,,,,,,,20,,934640,1909.3,,,929530,1909.3,,,,,,
NE-HVAC-AirEcono-Adjust-ExSP55F,DEER2024,D24_E+_Com_v1,6/15/2026 10:46,Any,Asm,Ex,CZ16,cDXGF,Each,1,68000,None,9560,0.3,-0.179,9560,0.3,-0.179,,,,,,,,,20,,647960,12514,,,638400,12514,,,,,,
NE-HVAC-AirEcono-Adjust-ExSP55F,DEER2024,D24_E+_Com_v1,6/15/2026 10:46,Any,Asm,Ex,CZ01,cDXHP,Each,1,68000,None,5730,1.96,0,5730,1.96,0,,,,,,,,,20,,588500,827.22,,,582770,827.22,,,,,,
NE-HVAC-AirEcono-Adjust-ExSP55F,DEER2024,D24_E+_Com_v1,6/15/2026 10:46,Any,Asm,Ex,CZ02,cDXHP,Each,1,68000,None,6860,0.55,0,6860,0.55,0,,,,,,,,,20,,676410,786.17,,,669550,786.17,,,,,,
NE-HVAC-AirEcono-Adjust-ExSP55F,DEER2024,D24_E+_Com_v1,6/15/2026 10:46,Any,Asm,Ex,CZ03,cDXHP,Each,1,68000,None,10200,0.98,0,10200,0.98,0,,,,,,,,,20,,603080,779.34,,,592840,779.34,,,,,,
NE-HVAC-AirEcono-Adjust-ExSP55F,DEER2024,D24_E+_Com_v1,6/15/2026 10:46,Any,Asm,Ex,CZ04,cDXHP,Each,1,68000,None,6590,0,0,6590,0,0,,,,,,,,,20,,745060,762.24,,,738470,762.24,,,,,,
NE-HVAC-AirEcono-Adjust-ExSP55F,DEER2024,D24_E+_Com_v1,6/15/2026 10:46,Any,Asm,Ex,CZ05,cDXHP,Each,1,68000,None,9610,1.87,0,9610,1.87,0,,,,,,,,,20,,616300,782.16,,,606680,782.16,,,,,,
NE-HVAC-AirEcono-Adjust-ExSP55F,DEER2024,D24_E+_Com_v1,6/15/2026 10:46,Any,Asm,Ex,CZ06,cDXHP,Each,1,68000,None,11200,0.308,0,11200,0.308,0,,,,,,,,,20,,640800,734.11,,,629580,734.11,,,,,,
NE-HVAC-AirEcono-Adjust-ExSP55F,DEER2024,D24_E+_Com_v1,6/15/2026 10:46,Any,Asm,Ex,CZ07,cDXHP,Each,1,68000,None,10200,0,0,10200,0,0,,,,,,,,,20,,642970,728.37,,,632790,728.37,,,,,,
NE-HVAC-AirEcono-Adjust-ExSP55F,DEER2024,D24_E+_Com_v1,6/15/2026 10:46,Any,Asm,Ex,CZ08,cDXHP,Each,1,68000,None,8160,0,0,8160,0,0,,,,,,,,,20,,711110,716.94,,,702960,716.94,,,,,,
NE-HVAC-AirEcono-Adjust-ExSP55F,DEER2024,D24_E+_Com_v1,6/15/2026 10:46,Any,Asm,Ex,CZ09,cDXHP,Each,1,68000,None,8100,0,0,8100,0,0,,,,,,,,,20,,728760,720.86,,,720660,720.86,,,,,,
NE-HVAC-AirEcono-Adjust-ExSP55F,DEER2024,D24_E+_Com_v1,6/15/2026 10:46,Any,Asm,Ex,CZ10,cDXHP,Each,1,68000,None,6680,0,0,6680,0,0,,,,,,,,,20,,747320,713.91,,,740640,713.91,,,,,,
NE-HVAC-AirEcono-Adjust-ExSP55F,DEER2024,D24_E+_Com_v1,6/15/2026 10:46,Any,Asm,Ex,CZ11,cDXHP,Each,1,68000,None,5110,0,0,5110,0,0,,,,,,,,,20,,804730,727.81,,,799620,727.81,,,,,,
NE-HVAC-AirEcono-Adjust-ExSP55F,DEER2024,D24_E+_Com_v1,6/15/2026 10:46,Any,Asm,Ex,CZ12,cDXHP,Each,1,68000,None,6470,0,0,6470,0,0,,,,,,,,,20,,730480,753.51,,,724020,753.51,,,,,,
NE-HVAC-AirEcono-Adjust-ExSP55F,DEER2024,D24_E+_Com_v1,6/15/2026 10:46,Any,Asm,Ex,CZ13,cDXHP,Each,1,68000,None,5410,0,0,5410,0,0,,,,,,,,,20,,807500,716.64,,,802090,716.64,,,,,,
NE-HVAC-AirEcono-Adjust-ExSP55F,DEER2024,D24_E+_Com_v1,6/15/2026 10:46,Any,Asm,Ex,CZ14,cDXHP,Each,1,68000,None,6660,0,0,6660,0,0,,,,,,,,,20,,816870,732.15,,,810210,732.15,,,,,,
NE-HVAC-AirEcono-Adjust-ExSP55F,DEER2024,D24_E+_Com_v1,6/15/2026 10:46,Any,Asm,Ex,CZ15,cDXHP,Each,1,68000,None,5110,0,0,5110,0,0,,,,,,,,,20,,943580,631.85,,,938470,631.85,,,,,,
NE-HVAC-AirEcono-Adjust-ExSP55F,DEER2024,D24_E+_Com_v1,6/15/2026 10:46,Any,Asm,Ex,CZ16,cDXHP,Each,1,68000,None,9630,0.305,0,9630,0.305,0,,,,,,,,,20,,764360,813.51,,,754730,813.51,,,,,,
NE-HVAC-AirEcono-Adjust-ExSP55F,DEER2024,D24_E+_Com_v1,6/15/2026 10:46,Any,Asm,Ex,CZ01,cDXOH,Each,1,68000,None,5430,1.92,0,5430,1.92,0,,,,,,,,,20,,518620,827.22,,,513190,827.22,,,,,,
NE-HVAC-AirEcono-Adjust-ExSP55F,DEER2024,D24_E+_Com_v1,6/15/2026 10:46,Any,Asm,Ex,CZ02,cDXOH,Each,1,68000,None,6530,0.524,0,6530,0.524,0,,,,,,,,,20,,615780,786.17,,,609250,786.17,,,,,,
NE-HVAC-AirEcono-Adjust-ExSP55F,DEER2024,D24_E+_Com_v1,6/15/2026 10:46,Any,Asm,Ex,CZ03,cDXOH,Each,1,68000,None,9970,0.898,0,9970,0.898,0,,,,,,,,,20,,571380,779.35,,,561410,779.35,,,,,,
NE-HVAC-AirEcono-Adjust-ExSP55F,DEER2024,D24_E+_Com_v1,6/15/2026 10:46,Any,Asm,Ex,CZ04,cDXOH,Each,1,68000,None,6310,0,0,6310,0,0,,,,,,,,,20,,689890,762.24,,,683570,762.24,,,,,,
NE-HVAC-AirEcono-Adjust-ExSP55F,DEER2024,D24_E+_Com_v1,6/15/2026 10:46,Any,Asm,Ex,CZ05,cDXOH,Each,1,68000,None,9320,1.84,0,9320,1.84,0,,,,,,,,,20,,582200,782.16,,,572890,782.16,,,,,,
NE-HVAC-AirEcono-Adjust-ExSP55F,DEER2024,D24_E+_Com_v1,6/15/2026 10:46,Any,Asm,Ex,CZ06,cDXOH,Each,1,68000,None,11000,0.303,0,11000,0.303,0,,,,,,,,,20,,636400,734.11,,,625430,734.11,,,,,,
NE-HVAC-AirEcono-Adjust-ExSP55F,DEER2024,D24_E+_Com_v1,6/15/2026 10:46,Any,Asm,Ex,CZ07,cDXOH,Each,1,68000,None,10000,0,0,10000,0,0,,,,,,,,,20,,639000,728.37,,,628970,728.37,,,,,,
NE-HVAC-AirEcono-Adjust-ExSP55F,DEER2024,D24_E+_Com_v1,6/15/2026 10:46,Any,Asm,Ex,CZ08,cDXOH,Each,1,68000,None,8000,0,0,8000,0,0,,,,,,,,,20,,698800,716.94,,,690810,716.94,,,,,,
NE-HVAC-AirEcono-Adjust-ExSP55F,DEER2024,D24_E+_Com_v1,6/15/2026 10:46,Any,Asm,Ex,CZ09,cDXOH,Each,1,68000,None,7960,0,0,7960,0,0,,,,,,,,,20,,710670,720.86,,,702710,720.86,,,,,,
NE-HVAC-AirEcono-Adjust-ExSP55F,DEER2024,D24_E+_Com_v1,6/15/2026 10:46,Any,Asm,Ex,CZ10,cDXOH,Each,1,68000,None,6540,0,0,6540,0,0,,,,,,,,,20,,728280,713.91,,,721730,713.91,,,,,,
NE-HVAC-AirEcono-Adjust-ExSP55F,DEER2024,D24_E+_Com_v1,6/15/2026 10:46,Any,Asm,Ex,CZ11,cDXOH,Each,1,68000,None,4880,0,0,4880,0,0,,,,,,,,,20,,750280,727.81,,,745400,727.81,,,,,,
NE-HVAC-AirEcono-Adjust-ExSP55F,DEER2024,D24_E+_Com_v1,6/15/2026 10:46,Any,Asm,Ex,CZ12,cDXOH,Each,1,68000,None,6250,0,0,6250,0,0,,,,,,,,,20,,678880,753.51,,,672630,753.51,,,,,,
NE-HVAC-AirEcono-Adjust-ExSP55F,DEER2024,D24_E+_Com_v1,6/15/2026 10:46,Any,Asm,Ex,CZ13,cDXOH,Each,1,68000,None,5250,0,0,5250,0,0,,,,,,,,,20,,761520,716.64,,,756270,716.64,,,,,,
NE-HVAC-AirEcono-Adjust-ExSP55F,DEER2024,D24_E+_Com_v1,6/15/2026 10:46,Any,Asm,Ex,CZ14,cDXOH,Each,1,68000,None,6330,0,0,6330,0,0,,,,,,,,,20,,768000,732.16,,,761670,732.16,,,,,,
NE-HVAC-AirEcono-Adjust-ExSP55F,DEER2024,D24_E+_Com_v1,6/15/2026 10:46,Any,Asm,Ex,CZ15,cDXOH,Each,1,68000,None,5010,0,0,5010,0,0,,,,,,,,,20,,933860,631.85,,,928850,631.85,,,,,,
NE-HVAC-AirEcono-Adjust-ExSP55F,DEER2024,D24_E+_Com_v1,6/15/2026 10:46,Any,Asm,Ex,CZ16,cDXOH,Each,1,68000,None,9130,0.3,0,9130,0.3,0,,,,,,,,,20,,654270,813.51,,,645140,813.51,,,,,,
NE-HVAC-AirEcono-Adjust-ExSP55F,DEER2024,D24_E+_Com_v1,6/15/2026 10:46,Any,Asm,Ex,CZ01,cPVVG,Each,1,68000,None,4700,1.7,-0.00614,4700,1.7,-0.00614,,,,,,,,,20,,415290,7525.5,,,410590,7525.5,,,,,,
NE-HVAC-AirEcono-Adjust-ExSP55F,DEER2024,D24_E+_Com_v1,6/15/2026 10:46,Any,Asm,Ex,CZ02,cPVVG,Each,1,68000,None,5620,0.478,-0.00478,5620,0.478,-0.00478,,,,,,,,,20,,500460,5856.8,,,494840,5856.8,,,,,,
NE-HVAC-AirEcono-Adjust-ExSP55F,DEER2024,D24_E+_Com_v1,6/15/2026 10:46,Any,Asm,Ex,CZ03,cPVVG,Each,1,68000,None,8600,0.813,-0.0041,8600,0.813,-0.0041,,,,,,,,,20,,468010,3652,,,459400,3652,,,,,,
NE-HVAC-AirEcono-Adjust-ExSP55F,DEER2024,D24_E+_Com_v1,6/15/2026 10:46,Any,Asm,Ex,CZ04,cPVVG,Each,1,68000,None,5410,0,-0.00375,5410,0,-0.00375,,,,,,,,,20,,559090,4839.3,,,553670,4839.3,,,,,,
NE-HVAC-AirEcono-Adjust-ExSP55F,DEER2024,D24_E+_Com_v1,6/15/2026 10:46,Any,Asm,Ex,CZ05,cPVVG,Each,1,68000,None,8170,1.72,-0.00273,8170,1.72,-0.00273,,,,,,,,,20,,473880,3490.3,,,465710,3490.3,,,,,,
NE-HVAC-AirEcono-Adjust-ExSP55F,DEER2024,D24_E+_Com_v1,6/15/2026 10:46,Any,Asm,Ex,CZ06,cPVVG,Each,1,68000,None,9330,0.295,-0.00205,9330,0.295,-0.00205,,,,,,,,,20,,528580,1358.3,,,519260,1358.3,,,,,,
NE-HVAC-AirEcono-Adjust-ExSP55F,DEER2024,D24_E+_Com_v1,6/15/2026 10:46,Any,Asm,Ex,CZ07,cPVVG,Each,1,68000,None,8460,0,-0.00239,8460,0,-0.00239,,,,,,,,,20,,529440,1270.8,,,520980,1270.8,,,,,,
NE-HVAC-AirEcono-Adjust-ExSP55F,DEER2024,D24_E+_Com_v1,6/15/2026 10:46,Any,Asm,Ex,CZ08,cPVVG,Each,1,68000,None,6660,0,-0.00239,6660,0,-0.00239,,,,,,,,,20,,582400,1624.9,,,575730,1624.9,,,,,,
NE-HVAC-AirEcono-Adjust-ExSP55F,DEER2024,D24_E+_Com_v1,6/15/2026 10:46,Any,Asm,Ex,CZ09,cPVVG,Each,1,68000,None,6780,0,-0.00205,6780,0,-0.00205,,,,,,,,,20,,580560,1979.5,,,573770,1979.5,,,,,,
NE-HVAC-AirEcono-Adjust-ExSP55F,DEER2024,D24_E+_Com_v1,6/15/2026 10:46,Any,Asm,Ex,CZ10,cPVVG,Each,1,68000,None,5400,0,-0.00205,5400,0,-0.00205,,,,,,,,,20,,601800,2058.2,,,596390,2058.2,,,,,,
NE-HVAC-AirEcono-Adjust-ExSP55F,DEER2024,D24_E+_Com_v1,6/15/2026 10:46,Any,Asm,Ex,CZ11,cPVVG,Each,1,68000,None,3970,0,-0.00273,3970,0,-0.00273,,,,,,,,,20,,620390,5204.9,,,616420,5204.9,,,,,,
NE-HVAC-AirEcono-Adjust-ExSP55F,DEER2024,D24_E+_Com_v1,6/15/2026 10:46,Any,Asm,Ex,CZ12,cPVVG,Each,1,68000,None,5270,0.001,-0.00239,5270,0.001,-0.00239,,,,,,,,,20,,557900,5199.4,,,552630,5199.4,,,,,,
NE-HVAC-AirEcono-Adjust-ExSP55F,DEER2024,D24_E+_Com_v1,6/15/2026 10:46,Any,Asm,Ex,CZ13,cPVVG,Each,1,68000,None,4370,0,-0.00239,4370,0,-0.00239,,,,,,,,,20,,632910,4442.5,,,628540,4442.5,,,,,,
NE-HVAC-AirEcono-Adjust-ExSP55F,DEER2024,D24_E+_Com_v1,6/15/2026 10:46,Any,Asm,Ex,CZ14,cPVVG,Each,1,68000,None,4550,0,-0.00273,4550,0,-0.00273,,,,,,,,,20,,629190,4798.4,,,624630,4798.4,,,,,,
NE-HVAC-AirEcono-Adjust-ExSP55F,DEER2024,D24_E+_Com_v1,6/15/2026 10:46,Any,Asm,Ex,CZ15,cPVVG,Each,1,68000,None,3820,0,-0.00171,3820,0,-0.00171,,,,,,,,,20,,811860,1303.3,,,808050,1303.3,,,,,,
NE-HVAC-AirEcono-Adjust-ExSP55F,DEER2024,D24_E+_Com_v1,6/15/2026 10:46,Any,Asm,Ex,CZ16,cPVVG,Each,1,68000,None,5480,0.172,-0.00239,5480,0.172,-0.00239,,,,,,,,,20,,486370,10236,,,480890,10236,,,,,,
NE-HVAC-AirEcono-Adjust-ExSP55F,DEER2024,D24_E+_Com_v1,6/15/2026 10:46,Any,ECC,Ex,CZ01,cDXGF,Each,1,284000,None,55000,19.4,-0.254,55000,19.4,-0.254,,,,,,,,,20,,1908800,25009,,,1853800,25009,,,,,,
NE-HVAC-AirEcono-Adjust-ExSP55F,DEER2024,D24_E+_Com_v1,6/15/2026 10:46,Any,ECC,Ex,CZ02,cDXGF,Each,1,284000,None,62700,7.72,-0.344,62700,7.72,-0.344,,,,,,,,,20,,2173700,21993,,,2110900,21993,,,,,,
NE-HVAC-AirEcono-Adjust-ExSP55F,DEER2024,D24_E+_Com_v1,6/15/2026 10:46,Any,ECC,Ex,CZ03,cDXGF,Each,1,284000,None,102000,15.3,-0.238,102000,15.3,-0.238,,,,,,,,,20,,2096600,19944,,,1994400,19944,,,,,,
NE-HVAC-AirEcono-Adjust-ExSP55F,DEER2024,D24_E+_Com_v1,6/15/2026 10:46,Any,ECC,Ex,CZ04,cDXGF,Each,1,284000,None,57000,0,-0.0836,57000,0,-0.0836,,,,,,,,,20,,2331000,20554,,,2274000,20554,,,,,,
NE-HVAC-AirEcono-Adjust-ExSP55F,DEER2024,D24_E+_Com_v1,6/15/2026 10:46,Any,ECC,Ex,CZ05,cDXGF,Each,1,284000,None,92300,20.7,-0.115,92300,20.7,-0.115,,,,,,,,,20,,2130800,20036,,,2038500,20036,,,,,,
NE-HVAC-AirEcono-Adjust-ExSP55F,DEER2024,D24_E+_Com_v1,6/15/2026 10:46,Any,ECC,Ex,CZ06,cDXGF,Each,1,284000,None,102000,4.59,-0.0573,102000,4.59,-0.0573,,,,,,,,,20,,2270400,17058,,,2167900,17058,,,,,,
NE-HVAC-AirEcono-Adjust-ExSP55F,DEER2024,D24_E+_Com_v1,6/15/2026 10:46,Any,ECC,Ex,CZ07,cDXGF,Each,1,284000,None,90200,0,-0.0744,90200,0,-0.0744,,,,,,,,,20,,2263900,16855,,,2173700,16855,,,,,,
NE-HVAC-AirEcono-Adjust-ExSP55F,DEER2024,D24_E+_Com_v1,6/15/2026 10:46,Any,ECC,Ex,CZ08,cDXGF,Each,1,284000,None,72700,0,-0.0717,72700,0,-0.0717,,,,,,,,,20,,2418700,16738,,,2346000,16738,,,,,,
NE-HVAC-AirEcono-Adjust-ExSP55F,DEER2024,D24_E+_Com_v1,6/15/2026 10:46,Any,ECC,Ex,CZ09,cDXGF,Each,1,284000,None,73300,-0.018,-0.0775,73300,-0.018,-0.0775,,,,,,,,,20,,2452100,17056,,,2378800,17056,,,,,,
NE-HVAC-AirEcono-Adjust-ExSP55F,DEER2024,D24_E+_Com_v1,6/15/2026 10:46,Any,ECC,Ex,CZ10,cDXGF,Each,1,284000,None,62700,0.001,-0.0273,62700,0.001,-0.0273,,,,,,,,,20,,2473600,17118,,,2410900,17118,,,,,,
NE-HVAC-AirEcono-Adjust-ExSP55F,DEER2024,D24_E+_Com_v1,6/15/2026 10:46,Any,ECC,Ex,CZ11,cDXGF,Each,1,284000,None,52700,0.026,-0.186,52700,0.026,-0.186,,,,,,,,,20,,2502900,19716,,,2450200,19716,,,,,,
NE-HVAC-AirEcono-Adjust-ExSP55F,DEER2024,D24_E+_Com_v1,6/15/2026 10:46,Any,ECC,Ex,CZ12,cDXGF,Each,1,284000,None,61900,0.001,-0.12,61900,0.001,-0.12,,,,,,,,,20,,2320500,20356,,,2258600,20357,,,,,,
NE-HVAC-AirEcono-Adjust-ExSP55F,DEER2024,D24_E+_Com_v1,6/15/2026 10:46,Any,ECC,Ex,CZ13,cDXGF,Each,1,284000,None,54800,0,0.0372,54800,0,0.0372,,,,,,,,,20,,2528200,18409,,,2473400,18409,,,,,,
NE-HVAC-AirEcono-Adjust-ExSP55F,DEER2024,D24_E+_Com_v1,6/15/2026 10:46,Any,ECC,Ex,CZ14,cDXGF,Each,1,284000,None,53600,-0.001,-0.0597,53600,-0.001,-0.0597,,,,,,,,,20,,2525300,19030,,,2471600,19030,,,,,,
NE-HVAC-AirEcono-Adjust-ExSP55F,DEER2024,D24_E+_Com_v1,6/15/2026 10:46,Any,ECC,Ex,CZ15,cDXGF,Each,1,284000,None,44700,0,-0.0242,44700,0,-0.0242,,,,,,,,,20,,2955000,13977,,,2910300,13977,,,,,,
NE-HVAC-AirEcono-Adjust-ExSP55F,DEER2024,D24_E+_Com_v1,6/15/2026 10:46,Any,ECC,Ex,CZ16,cDXGF,Each,1,284000,None,66200,3.51,0.0512,66200,3.51,0.0512,,,,,,,,,20,,2281600,25301,,,2215500,25301,,,,,,
NE-HVAC-AirEcono-Adjust-ExSP55F,DEER2024,D24_E+_Com_v1,6/15/2026 10:46,Any,ECC,Ex,CZ01,cDXHP,Each,1,284000,None,53400,19.6,-0.00068,53400,19.6,-0.00068,,,,,,,,,20,,1950700,19168,,,1897300,19168,,,,,,
NE-HVAC-AirEcono-Adjust-ExSP55F,DEER2024,D24_E+_Com_v1,6/15/2026 10:46,Any,ECC,Ex,CZ02,cDXHP,Each,1,284000,None,62400,7.77,0.0338,62400,7.77,0.0338,,,,,,,,,20,,2204800,18057,,,2142400,18057,,,,,,
NE-HVAC-AirEcono-Adjust-ExSP55F,DEER2024,D24_E+_Com_v1,6/15/2026 10:46,Any,ECC,Ex,CZ03,cDXHP,Each,1,284000,None,100000,15.4,0.101,100000,15.4,0.101,,,,,,,,,20,,2109600,17861,,,2009300,17861,,,,,,
NE-HVAC-AirEcono-Adjust-ExSP55F,DEER2024,D24_E+_Com_v1,6/15/2026 10:46,Any,ECC,Ex,CZ04,cDXHP,Each,1,284000,None,57100,0,-0.00136,57100,0,-0.00136,,,,,,,,,20,,2360200,17375,,,2303100,17375,,,,,,
NE-HVAC-AirEcono-Adjust-ExSP55F,DEER2024,D24_E+_Com_v1,6/15/2026 10:46,Any,ECC,Ex,CZ05,cDXHP,Each,1,284000,None,89700,20.9,0.00068,89700,20.9,0.00068,,,,,,,,,20,,2144100,17941,,,2054400,17941,,,,,,
NE-HVAC-AirEcono-Adjust-ExSP55F,DEER2024,D24_E+_Com_v1,6/15/2026 10:46,Any,ECC,Ex,CZ06,cDXHP,Each,1,284000,None,101000,4.64,-0.00068,101000,4.64,-0.00068,,,,,,,,,20,,2264500,16626,,,2163500,16626,,,,,,
NE-HVAC-AirEcono-Adjust-ExSP55F,DEER2024,D24_E+_Com_v1,6/15/2026 10:46,Any,ECC,Ex,CZ07,cDXHP,Each,1,284000,None,89000,0,0,89000,0,0,,,,,,,,,20,,2259400,16462,,,2170400,16462,,,,,,
NE-HVAC-AirEcono-Adjust-ExSP55F,DEER2024,D24_E+_Com_v1,6/15/2026 10:46,Any,ECC,Ex,CZ08,cDXHP,Each,1,284000,None,72600,0.001,0,72600,0.001,0,,,,,,,,,20,,2420500,16140,,,2347900,16140,,,,,,
NE-HVAC-AirEcono-Adjust-ExSP55F,DEER2024,D24_E+_Com_v1,6/15/2026 10:46,Any,ECC,Ex,CZ09,cDXHP,Each,1,284000,None,73300,-0.018,-0.00068,73300,-0.018,-0.00068,,,,,,,,,20,,2457200,16246,,,2383900,16246,,,,,,
NE-HVAC-AirEcono-Adjust-ExSP55F,DEER2024,D24_E+_Com_v1,6/15/2026 10:46,Any,ECC,Ex,CZ10,cDXHP,Each,1,284000,None,62800,0.001,-0.00102,62800,0.001,-0.00102,,,,,,,,,20,,2481500,16044,,,2418700,16044,,,,,,
NE-HVAC-AirEcono-Adjust-ExSP55F,DEER2024,D24_E+_Com_v1,6/15/2026 10:46,Any,ECC,Ex,CZ11,cDXHP,Each,1,284000,None,52800,0.034,0.0826,52800,0.034,0.0826,,,,,,,,,20,,2531000,16413,,,2478200,16413,,,,,,
NE-HVAC-AirEcono-Adjust-ExSP55F,DEER2024,D24_E+_Com_v1,6/15/2026 10:46,Any,ECC,Ex,CZ12,cDXHP,Each,1,284000,None,61800,0.001,-0.0437,61800,0.001,-0.0437,,,,,,,,,20,,2346000,17140,,,2284300,17140,,,,,,
NE-HVAC-AirEcono-Adjust-ExSP55F,DEER2024,D24_E+_Com_v1,6/15/2026 10:46,Any,ECC,Ex,CZ13,cDXHP,Each,1,284000,None,54700,0,-0.353,54700,0,-0.353,,,,,,,,,20,,2550200,16089,,,2495500,16089,,,,,,
NE-HVAC-AirEcono-Adjust-ExSP55F,DEER2024,D24_E+_Com_v1,6/15/2026 10:46,Any,ECC,Ex,CZ14,cDXHP,Each,1,284000,None,54000,-0.001,-0.00103,54000,-0.001,-0.00103,,,,,,,,,20,,2554900,16492,,,2500900,16492,,,,,,
NE-HVAC-AirEcono-Adjust-ExSP55F,DEER2024,D24_E+_Com_v1,6/15/2026 10:46,Any,ECC,Ex,CZ15,cDXHP,Each,1,284000,None,44800,0,0.00034,44800,0,0.00034,,,,,,,,,20,,2963400,13740,,,2918600,13740,,,,,,
NE-HVAC-AirEcono-Adjust-ExSP55F,DEER2024,D24_E+_Com_v1,6/15/2026 10:46,Any,ECC,Ex,CZ16,cDXHP,Each,1,284000,None,66500,3.56,0.139,66500,3.56,0.139,,,,,,,,,20,,2354200,18791,,,2287700,18791,,,,,,
NE-HVAC-AirEcono-Adjust-ExSP55F,DEER2024,D24_E+_Com_v1,6/15/2026 10:46,Any,ECC,Ex,CZ01,cDXOH,Each,1,284000,None,53700,19.2,0.862,53700,19.2,0.862,,,,,,,,,20,,1907000,19173,,,1853300,19172,,,,,,
NE-HVAC-AirEcono-Adjust-ExSP55F,DEER2024,D24_E+_Com_v1,6/15/2026 10:46,Any,ECC,Ex,CZ02,cDXOH,Each,1,284000,None,61300,7.72,0.328,61300,7.72,0.328,,,,,,,,,20,,2171200,18059,,,2110000,18058,,,,,,
NE-HVAC-AirEcono-Adjust-ExSP55F,DEER2024,D24_E+_Com_v1,6/15/2026 10:46,Any,ECC,Ex,CZ03,cDXOH,Each,1,284000,None,101000,15.3,0.345,101000,15.3,0.345,,,,,,,,,20,,2095200,17860,,,1993800,17860,,,,,,
NE-HVAC-AirEcono-Adjust-ExSP55F,DEER2024,D24_E+_Com_v1,6/15/2026 10:46,Any,ECC,Ex,CZ04,cDXOH,Each,1,284000,None,55800,0,0.293,55800,0,0.293,,,,,,,,,20,,2328300,17376,,,2272500,17375,,,,,,
NE-HVAC-AirEcono-Adjust-ExSP55F,DEER2024,D24_E+_Com_v1,6/15/2026 10:46,Any,ECC,Ex,CZ05,cDXOH,Each,1,284000,None,91400,20.6,-0.127,91400,20.6,-0.127,,,,,,,,,20,,2128400,17941,,,2037000,17941,,,,,,
NE-HVAC-AirEcono-Adjust-ExSP55F,DEER2024,D24_E+_Com_v1,6/15/2026 10:46,Any,ECC,Ex,CZ06,cDXOH,Each,1,284000,None,102000,4.59,0.133,102000,4.59,0.133,,,,,,,,,20,,2269800,16626,,,2167700,16626,,,,,,
NE-HVAC-AirEcono-Adjust-ExSP55F,DEER2024,D24_E+_Com_v1,6/15/2026 10:46,Any,ECC,Ex,CZ07,cDXOH,Each,1,284000,None,89900,0,0.117,89900,0,0.117,,,,,,,,,20,,2263400,16461,,,2173400,16461,,,,,,
NE-HVAC-AirEcono-Adjust-ExSP55F,DEER2024,D24_E+_Com_v1,6/15/2026 10:46,Any,ECC,Ex,CZ08,cDXOH,Each,1,284000,None,72300,0,-0.211,72300,0,-0.211,,,,,,,,,20,,2417700,16139,,,2345400,16140,,,,,,
NE-HVAC-AirEcono-Adjust-ExSP55F,DEER2024,D24_E+_Com_v1,6/15/2026 10:46,Any,ECC,Ex,CZ09,cDXOH,Each,1,284000,None,73000,-0.019,-0.225,73000,-0.019,-0.225,,,,,,,,,20,,2451100,16245,,,2378200,16245,,,,,,
NE-HVAC-AirEcono-Adjust-ExSP55F,DEER2024,D24_E+_Com_v1,6/15/2026 10:46,Any,ECC,Ex,CZ10,cDXOH,Each,1,284000,None,62200,0.001,-0.197,62200,0.001,-0.197,,,,,,,,,20,,2472200,16044,,,2410000,16044,,,,,,
NE-HVAC-AirEcono-Adjust-ExSP55F,DEER2024,D24_E+_Com_v1,6/15/2026 10:46,Any,ECC,Ex,CZ11,cDXOH,Each,1,284000,None,51600,0.027,-0.398,51600,0.027,-0.398,,,,,,,,,20,,2502700,16414,,,2451000,16414,,,,,,
NE-HVAC-AirEcono-Adjust-ExSP55F,DEER2024,D24_E+_Com_v1,6/15/2026 10:46,Any,ECC,Ex,CZ12,cDXOH,Each,1,284000,None,61000,0.001,0.0659,61000,0.001,0.0659,,,,,,,,,20,,2319600,17141,,,2258600,17141,,,,,,
NE-HVAC-AirEcono-Adjust-ExSP55F,DEER2024,D24_E+_Com_v1,6/15/2026 10:46,Any,ECC,Ex,CZ13,cDXOH,Each,1,284000,None,54200,0,0.269,54200,0,0.269,,,,,,,,,20,,2527500,16088,,,2473300,16088,,,,,,
NE-HVAC-AirEcono-Adjust-ExSP55F,DEER2024,D24_E+_Com_v1,6/15/2026 10:46,Any,ECC,Ex,CZ14,cDXOH,Each,1,284000,None,52500,-0.001,-0.0324,52500,-0.001,-0.0324,,,,,,,,,20,,2523100,16494,,,2470500,16494,,,,,,
NE-HVAC-AirEcono-Adjust-ExSP55F,DEER2024,D24_E+_Com_v1,6/15/2026 10:46,Any,ECC,Ex,CZ15,cDXOH,Each,1,284000,None,44600,0,0.00068,44600,0,0.00068,,,,,,,,,20,,2954600,13740,,,2910000,13740,,,,,,
NE-HVAC-AirEcono-Adjust-ExSP55F,DEER2024,D24_E+_Com_v1,6/15/2026 10:46,Any,ECC,Ex,CZ16,cDXOH,Each,1,284000,None,65000,3.51,0.455,65000,3.51,0.455,,,,,,,,,20,,2288300,18812,,,2223400,18812,,,,,,
NE-HVAC-AirEcono-Adjust-ExSP55F,DEER2024,D24_E+_Com_v1,6/15/2026 10:46,Any,ECC,Ex,CZ01,cPVVG,Each,1,284000,None,35500,11.5,-0.245,35500,11.5,-0.245,,,,,,,,,20,,1616600,28128,,,1581100,28129,,,,,,
NE-HVAC-AirEcono-Adjust-ExSP55F,DEER2024,D24_E+_Com_v1,6/15/2026 10:46,Any,ECC,Ex,CZ02,cPVVG,Each,1,284000,None,41400,5.05,-0.138,41400,5.05,-0.138,,,,,,,,,20,,1848200,24666,,,1806800,24666,,,,,,
NE-HVAC-AirEcono-Adjust-ExSP55F,DEER2024,D24_E+_Com_v1,6/15/2026 10:46,Any,ECC,Ex,CZ03,cPVVG,Each,1,284000,None,68200,10,-0.14,68200,10,-0.14,,,,,,,,,20,,1771400,21644,,,1703300,21644,,,,,,
NE-HVAC-AirEcono-Adjust-ExSP55F,DEER2024,D24_E+_Com_v1,6/15/2026 10:46,Any,ECC,Ex,CZ04,cPVVG,Each,1,284000,None,37700,0.001,-0.0519,37700,0.001,-0.0519,,,,,,,,,20,,2003000,22751,,,1965300,22751,,,,,,
NE-HVAC-AirEcono-Adjust-ExSP55F,DEER2024,D24_E+_Com_v1,6/15/2026 10:46,Any,ECC,Ex,CZ05,cPVVG,Each,1,284000,None,63200,13.3,-0.152,63200,13.3,-0.152,,,,,,,,,20,,1805200,21770,,,1742000,21770,,,,,,
NE-HVAC-AirEcono-Adjust-ExSP55F,DEER2024,D24_E+_Com_v1,6/15/2026 10:46,Any,ECC,Ex,CZ06,cPVVG,Each,1,284000,None,69900,3.14,-0.0642,69900,3.14,-0.0642,,,,,,,,,20,,1967300,17553,,,1897400,17554,,,,,,
NE-HVAC-AirEcono-Adjust-ExSP55F,DEER2024,D24_E+_Com_v1,6/15/2026 10:46,Any,ECC,Ex,CZ07,cPVVG,Each,1,284000,None,60000,0.001,-0.0812,60000,0.001,-0.0812,,,,,,,,,20,,1955400,17338,,,1895400,17338,,,,,,
NE-HVAC-AirEcono-Adjust-ExSP55F,DEER2024,D24_E+_Com_v1,6/15/2026 10:46,Any,ECC,Ex,CZ08,cPVVG,Each,1,284000,None,48800,0.003,-0.0676,48800,0.003,-0.0676,,,,,,,,,20,,2100600,17321,,,2051800,17321,,,,,,
NE-HVAC-AirEcono-Adjust-ExSP55F,DEER2024,D24_E+_Com_v1,6/15/2026 10:46,Any,ECC,Ex,CZ09,cPVVG,Each,1,284000,None,50000,0.002,-0.0614,50000,0.002,-0.0614,,,,,,,,,20,,2114600,17826,,,2064600,17826,,,,,,
NE-HVAC-AirEcono-Adjust-ExSP55F,DEER2024,D24_E+_Com_v1,6/15/2026 10:46,Any,ECC,Ex,CZ10,cPVVG,Each,1,284000,None,41800,0.109,-0.0884,41800,0.109,-0.0884,,,,,,,,,20,,2143200,18050,,,2101400,18050,,,,,,
NE-HVAC-AirEcono-Adjust-ExSP55F,DEER2024,D24_E+_Com_v1,6/15/2026 10:46,Any,ECC,Ex,CZ11,cPVVG,Each,1,284000,None,34900,0.02,-0.149,34900,0.02,-0.149,,,,,,,,,20,,2151300,22213,,,2116400,22214,,,,,,
NE-HVAC-AirEcono-Adjust-ExSP55F,DEER2024,D24_E+_Com_v1,6/15/2026 10:46,Any,ECC,Ex,CZ12,cPVVG,Each,1,284000,None,41200,0.003,-0.114,41200,0.003,-0.114,,,,,,,,,20,,1993800,22745,,,1952600,22745,,,,,,
NE-HVAC-AirEcono-Adjust-ExSP55F,DEER2024,D24_E+_Com_v1,6/15/2026 10:46,Any,ECC,Ex,CZ13,cPVVG,Each,1,284000,None,36900,0,-0.108,36900,0,-0.108,,,,,,,,,20,,2191000,20419,,,2154100,20419,,,,,,
NE-HVAC-AirEcono-Adjust-ExSP55F,DEER2024,D24_E+_Com_v1,6/15/2026 10:46,Any,ECC,Ex,CZ14,cPVVG,Each,1,284000,None,37000,0,-0.0795,37000,0,-0.0795,,,,,,,,,20,,2191500,20881,,,2154500,20881,,,,,,
NE-HVAC-AirEcono-Adjust-ExSP55F,DEER2024,D24_E+_Com_v1,6/15/2026 10:46,Any,ECC,Ex,CZ15,cPVVG,Each,1,284000,None,29900,0,-0.0195,29900,0,-0.0195,,,,,,,,,20,,2612000,14275,,,2582100,14275,,,,,,
NE-HVAC-AirEcono-Adjust-ExSP55F,DEER2024,D24_E+_Com_v1,6/15/2026 10:46,Any,ECC,Ex,CZ16,cPVVG,Each,1,284000,None,48800,2.92,-0.134,48800,2.92,-0.134,,,,,,,,,20,,1897600,29500,,,1848800,29500,,,,,,
NE-HVAC-AirEcono-Adjust-ExSP55F,DEER2024,D24_E+_Com_v1,6/15/2026 10:46,Any,EPr,Ex,CZ01,cDXGF,Each,1,40700,None,3340,1.25,-0.1,3340,1.25,-0.1,,,,,,,,,20,,235370,6828.7,,,232020,6828.8,,,,,,
NE-HVAC-AirEcono-Adjust-ExSP55F,DEER2024,D24_E+_Com_v1,6/15/2026 10:46,Any,EPr,Ex,CZ02,cDXGF,Each,1,40700,None,4850,0.728,-0.124,4850,0.728,-0.124,,,,,,,,,20,,275250,5731.5,,,270400,5731.6,,,,,,
NE-HVAC-AirEcono-Adjust-ExSP55F,DEER2024,D24_E+_Com_v1,6/15/2026 10:46,Any,EPr,Ex,CZ03,cDXGF,Each,1,40700,None,7540,1.28,-0.0594,7540,1.28,-0.0594,,,,,,,,,20,,258930,5178.6,,,251390,5178.7,,,,,,
NE-HVAC-AirEcono-Adjust-ExSP55F,DEER2024,D24_E+_Com_v1,6/15/2026 10:46,Any,EPr,Ex,CZ04,cDXGF,Each,1,40700,None,4890,0,-0.0488,4890,0,-0.0488,,,,,,,,,20,,301630,5324.9,,,296730,5325,,,,,,
NE-HVAC-AirEcono-Adjust-ExSP55F,DEER2024,D24_E+_Com_v1,6/15/2026 10:46,Any,EPr,Ex,CZ05,cDXGF,Each,1,40700,None,6810,1.68,-0.0567,6810,1.68,-0.0567,,,,,,,,,20,,262320,5181.1,,,255510,5181.2,,,,,,
NE-HVAC-AirEcono-Adjust-ExSP55F,DEER2024,D24_E+_Com_v1,6/15/2026 10:46,Any,EPr,Ex,CZ06,cDXGF,Each,1,40700,None,8400,0.422,-0.0283,8400,0.422,-0.0283,,,,,,,,,20,,287590,4364.6,,,279190,4364.6,,,,,,
NE-HVAC-AirEcono-Adjust-ExSP55F,DEER2024,D24_E+_Com_v1,6/15/2026 10:46,Any,EPr,Ex,CZ07,cDXGF,Each,1,40700,None,7210,0,-0.0331,7210,0,-0.0331,,,,,,,,,20,,287430,4322.6,,,280220,4322.7,,,,,,
NE-HVAC-AirEcono-Adjust-ExSP55F,DEER2024,D24_E+_Com_v1,6/15/2026 10:46,Any,EPr,Ex,CZ08,cDXGF,Each,1,40700,None,6030,0,-0.0287,6030,0,-0.0287,,,,,,,,,20,,312990,4342.6,,,306950,4342.6,,,,,,
NE-HVAC-AirEcono-Adjust-ExSP55F,DEER2024,D24_E+_Com_v1,6/15/2026 10:46,Any,EPr,Ex,CZ09,cDXGF,Each,1,40700,None,6370,0.001,-0.0307,6370,0.001,-0.0307,,,,,,,,,20,,316490,4417.3,,,310110,4417.3,,,,,,
NE-HVAC-AirEcono-Adjust-ExSP55F,DEER2024,D24_E+_Com_v1,6/15/2026 10:46,Any,EPr,Ex,CZ10,cDXGF,Each,1,40700,None,5100,0,-0.0379,5100,0,-0.0379,,,,,,,,,20,,316310,4413.8,,,311210,4413.9,,,,,,
NE-HVAC-AirEcono-Adjust-ExSP55F,DEER2024,D24_E+_Com_v1,6/15/2026 10:46,Any,EPr,Ex,CZ11,cDXGF,Each,1,40700,None,4710,0,-0.0509,4710,0,-0.0509,,,,,,,,,20,,330320,5221.8,,,325610,5221.9,,,,,,
NE-HVAC-AirEcono-Adjust-ExSP55F,DEER2024,D24_E+_Com_v1,6/15/2026 10:46,Any,EPr,Ex,CZ12,cDXGF,Each,1,40700,None,5270,0,-0.043,5270,0,-0.043,,,,,,,,,20,,302150,5356.5,,,296880,5356.5,,,,,,
NE-HVAC-AirEcono-Adjust-ExSP55F,DEER2024,D24_E+_Com_v1,6/15/2026 10:46,Any,EPr,Ex,CZ13,cDXGF,Each,1,40700,None,4910,0,-0.0502,4910,0,-0.0502,,,,,,,,,20,,335790,4904.9,,,330880,4905,,,,,,
NE-HVAC-AirEcono-Adjust-ExSP55F,DEER2024,D24_E+_Com_v1,6/15/2026 10:46,Any,EPr,Ex,CZ14,cDXGF,Each,1,40700,None,4950,0,-0.0454,4950,0,-0.0454,,,,,,,,,20,,333000,5058.2,,,328040,5058.3,,,,,,
NE-HVAC-AirEcono-Adjust-ExSP55F,DEER2024,D24_E+_Com_v1,6/15/2026 10:46,Any,EPr,Ex,CZ15,cDXGF,Each,1,40700,None,3870,0,-0.0164,3870,0,-0.0164,,,,,,,,,20,,400290,3776.9,,,396420,3776.9,,,,,,
NE-HVAC-AirEcono-Adjust-ExSP55F,DEER2024,D24_E+_Com_v1,6/15/2026 10:46,Any,EPr,Ex,CZ16,cDXGF,Each,1,40700,None,6370,0.466,-0.0454,6370,0.466,-0.0454,,,,,,,,,20,,291160,6684.7,,,284800,6684.7,,,,,,
NE-HVAC-AirEcono-Adjust-ExSP55F,DEER2024,D24_E+_Com_v1,6/15/2026 10:46,Any,EPr,Ex,CZ01,cDXHP,Each,1,40700,None,3200,1.26,0,3200,1.26,0,,,,,,,,,20,,251000,4652,,,247800,4652,,,,,,
NE-HVAC-AirEcono-Adjust-ExSP55F,DEER2024,D24_E+_Com_v1,6/15/2026 10:46,Any,EPr,Ex,CZ02,cDXHP,Each,1,40700,None,4790,0.726,0,4790,0.726,0,,,,,,,,,20,,285140,4447.4,,,280350,4447.4,,,,,,
NE-HVAC-AirEcono-Adjust-ExSP55F,DEER2024,D24_E+_Com_v1,6/15/2026 10:46,Any,EPr,Ex,CZ03,cDXHP,Each,1,40700,None,7250,1.3,0,7250,1.3,0,,,,,,,,,20,,263940,4416.4,,,256680,4416.4,,,,,,
NE-HVAC-AirEcono-Adjust-ExSP55F,DEER2024,D24_E+_Com_v1,6/15/2026 10:46,Any,EPr,Ex,CZ04,cDXHP,Each,1,40700,None,4880,0,0,4880,0,0,,,,,,,,,20,,310180,4325.1,,,305300,4325.1,,,,,,
NE-HVAC-AirEcono-Adjust-ExSP55F,DEER2024,D24_E+_Com_v1,6/15/2026 10:46,Any,EPr,Ex,CZ05,cDXHP,Each,1,40700,None,6420,1.7,0,6420,1.7,0,,,,,,,,,20,,267360,4431.7,,,260940,4431.7,,,,,,
NE-HVAC-AirEcono-Adjust-ExSP55F,DEER2024,D24_E+_Com_v1,6/15/2026 10:46,Any,EPr,Ex,CZ06,cDXHP,Each,1,40700,None,8180,0.429,0,8180,0.429,0,,,,,,,,,20,,286780,4194.4,,,278600,4194.4,,,,,,
NE-HVAC-AirEcono-Adjust-ExSP55F,DEER2024,D24_E+_Com_v1,6/15/2026 10:46,Any,EPr,Ex,CZ07,cDXHP,Each,1,40700,None,7050,0,0,7050,0,0,,,,,,,,,20,,287000,4164.7,,,279940,4164.7,,,,,,
NE-HVAC-AirEcono-Adjust-ExSP55F,DEER2024,D24_E+_Com_v1,6/15/2026 10:46,Any,EPr,Ex,CZ08,cDXHP,Each,1,40700,None,6020,0,0,6020,0,0,,,,,,,,,20,,314190,4106.4,,,308170,4106.4,,,,,,
NE-HVAC-AirEcono-Adjust-ExSP55F,DEER2024,D24_E+_Com_v1,6/15/2026 10:46,Any,EPr,Ex,CZ09,cDXHP,Each,1,40700,None,6360,0,0,6360,0,0,,,,,,,,,20,,318410,4125.4,,,312060,4125.4,,,,,,
NE-HVAC-AirEcono-Adjust-ExSP55F,DEER2024,D24_E+_Com_v1,6/15/2026 10:46,Any,EPr,Ex,CZ10,cDXHP,Each,1,40700,None,5090,0.001,0,5090,0.001,0,,,,,,,,,20,,318660,4088.8,,,313570,4088.8,,,,,,
NE-HVAC-AirEcono-Adjust-ExSP55F,DEER2024,D24_E+_Com_v1,6/15/2026 10:46,Any,EPr,Ex,CZ11,cDXHP,Each,1,40700,None,4720,-0.001,0,4720,-0.001,0,,,,,,,,,20,,338850,4149.2,,,334140,4149.2,,,,,,
NE-HVAC-AirEcono-Adjust-ExSP55F,DEER2024,D24_E+_Com_v1,6/15/2026 10:46,Any,EPr,Ex,CZ12,cDXHP,Each,1,40700,None,5220,0,0,5220,0,0,,,,,,,,,20,,310370,4281.1,,,305140,4281.1,,,,,,
NE-HVAC-AirEcono-Adjust-ExSP55F,DEER2024,D24_E+_Com_v1,6/15/2026 10:46,Any,EPr,Ex,CZ13,cDXHP,Each,1,40700,None,4920,0,0,4920,0,0,,,,,,,,,20,,342190,4092.3,,,337270,4092.3,,,,,,
NE-HVAC-AirEcono-Adjust-ExSP55F,DEER2024,D24_E+_Com_v1,6/15/2026 10:46,Any,EPr,Ex,CZ14,cDXHP,Each,1,40700,None,4980,0,0,4980,0,0,,,,,,,,,20,,341220,4167.6,,,336240,4167.6,,,,,,
NE-HVAC-AirEcono-Adjust-ExSP55F,DEER2024,D24_E+_Com_v1,6/15/2026 10:46,Any,EPr,Ex,CZ15,cDXHP,Each,1,40700,None,3870,0,0,3870,0,0,,,,,,,,,20,,401070,3671.6,,,397200,3671.6,,,,,,
NE-HVAC-AirEcono-Adjust-ExSP55F,DEER2024,D24_E+_Com_v1,6/15/2026 10:46,Any,EPr,Ex,CZ16,cDXHP,Each,1,40700,None,6450,0.476,0,6450,0.476,0,,,,,,,,,20,,313290,4576.6,,,306850,4576.6,,,,,,
NE-HVAC-AirEcono-Adjust-ExSP55F,DEER2024,D24_E+_Com_v1,6/15/2026 10:46,Any,EPr,Ex,CZ01,cDXOH,Each,1,40700,None,3130,1.18,0,3130,1.18,0,,,,,,,,,20,,235870,4652,,,232750,4652,,,,,,
NE-HVAC-AirEcono-Adjust-ExSP55F,DEER2024,D24_E+_Com_v1,6/15/2026 10:46,Any,EPr,Ex,CZ02,cDXOH,Each,1,40700,None,4580,0.727,0,4580,0.727,0,,,,,,,,,20,,274800,4447.5,,,270220,4447.5,,,,,,
NE-HVAC-AirEcono-Adjust-ExSP55F,DEER2024,D24_E+_Com_v1,6/15/2026 10:46,Any,EPr,Ex,CZ03,cDXOH,Each,1,40700,None,7380,1.28,0,7380,1.28,0,,,,,,,,,20,,258620,4416.4,,,251240,4416.4,,,,,,
NE-HVAC-AirEcono-Adjust-ExSP55F,DEER2024,D24_E+_Com_v1,6/15/2026 10:46,Any,EPr,Ex,CZ04,cDXOH,Each,1,40700,None,4670,0,0,4670,0,0,,,,,,,,,20,,300980,4325.1,,,296320,4325.1,,,,,,
NE-HVAC-AirEcono-Adjust-ExSP55F,DEER2024,D24_E+_Com_v1,6/15/2026 10:46,Any,EPr,Ex,CZ05,cDXOH,Each,1,40700,None,6610,1.66,0,6610,1.66,0,,,,,,,,,20,,261620,4431.7,,,255010,4431.7,,,,,,
NE-HVAC-AirEcono-Adjust-ExSP55F,DEER2024,D24_E+_Com_v1,6/15/2026 10:46,Any,EPr,Ex,CZ06,cDXOH,Each,1,40700,None,8330,0.422,0,8330,0.422,0,,,,,,,,,20,,287390,4194.4,,,279060,4194.4,,,,,,
NE-HVAC-AirEcono-Adjust-ExSP55F,DEER2024,D24_E+_Com_v1,6/15/2026 10:46,Any,EPr,Ex,CZ07,cDXOH,Each,1,40700,None,7150,0,0,7150,0,0,,,,,,,,,20,,287250,4164.7,,,280100,4164.7,,,,,,
NE-HVAC-AirEcono-Adjust-ExSP55F,DEER2024,D24_E+_Com_v1,6/15/2026 10:46,Any,EPr,Ex,CZ08,cDXOH,Each,1,40700,None,5950,0,0,5950,0,0,,,,,,,,,20,,312650,4106.4,,,306700,4106.4,,,,,,
NE-HVAC-AirEcono-Adjust-ExSP55F,DEER2024,D24_E+_Com_v1,6/15/2026 10:46,Any,EPr,Ex,CZ09,cDXOH,Each,1,40700,None,6280,0.001,0,6280,0.001,0,,,,,,,,,20,,316100,4125.4,,,309820,4125.4,,,,,,
NE-HVAC-AirEcono-Adjust-ExSP55F,DEER2024,D24_E+_Com_v1,6/15/2026 10:46,Any,EPr,Ex,CZ10,cDXOH,Each,1,40700,None,5000,0,0,5000,0,0,,,,,,,,,20,,315900,4088.8,,,310900,4088.8,,,,,,
NE-HVAC-AirEcono-Adjust-ExSP55F,DEER2024,D24_E+_Com_v1,6/15/2026 10:46,Any,EPr,Ex,CZ11,cDXOH,Each,1,40700,None,4500,0,0,4500,0,0,,,,,,,,,20,,330350,4149.2,,,325850,4149.2,,,,,,
NE-HVAC-AirEcono-Adjust-ExSP55F,DEER2024,D24_E+_Com_v1,6/15/2026 10:46,Any,EPr,Ex,CZ12,cDXOH,Each,1,40700,None,5080,0,0,5080,0,0,,,,,,,,,20,,302090,4281.1,,,297010,4281.1,,,,,,
NE-HVAC-AirEcono-Adjust-ExSP55F,DEER2024,D24_E+_Com_v1,6/15/2026 10:46,Any,EPr,Ex,CZ13,cDXOH,Each,1,40700,None,4780,0,0,4780,0,0,,,,,,,,,20,,335790,4092.3,,,331020,4092.3,,,,,,
NE-HVAC-AirEcono-Adjust-ExSP55F,DEER2024,D24_E+_Com_v1,6/15/2026 10:46,Any,EPr,Ex,CZ14,cDXOH,Each,1,40700,None,4690,0,0,4690,0,0,,,,,,,,,20,,332590,4167.6,,,327910,4167.6,,,,,,
NE-HVAC-AirEcono-Adjust-ExSP55F,DEER2024,D24_E+_Com_v1,6/15/2026 10:46,Any,EPr,Ex,CZ15,cDXOH,Each,1,40700,None,3820,0,0,3820,0,0,,,,,,,,,20,,400110,3671.6,,,396300,3671.6,,,,,,
NE-HVAC-AirEcono-Adjust-ExSP55F,DEER2024,D24_E+_Com_v1,6/15/2026 10:46,Any,EPr,Ex,CZ16,cDXOH,Each,1,40700,None,6100,0.466,0,6100,0.466,0,,,,,,,,,20,,294190,4576.7,,,288090,4576.7,,,,,,
NE-HVAC-AirEcono-Adjust-ExSP55F,DEER2024,D24_E+_Com_v1,6/15/2026 10:46,Any,EPr,Ex,CZ01,cPVVG,Each,1,40700,None,801,0.284,-0.0208,801,0.284,-0.0208,,,,,,,,,20,,193620,7125.9,,,192820,7125.9,,,,,,
NE-HVAC-AirEcono-Adjust-ExSP55F,DEER2024,D24_E+_Com_v1,6/15/2026 10:46,Any,EPr,Ex,CZ02,cPVVG,Each,1,40700,None,1640,0.247,-0.015,1640,0.247,-0.015,,,,,,,,,20,,229610,6177.9,,,227970,6177.9,,,,,,
NE-HVAC-AirEcono-Adjust-ExSP55F,DEER2024,D24_E+_Com_v1,6/15/2026 10:46,Any,EPr,Ex,CZ03,cPVVG,Each,1,40700,None,2640,0.424,-0.0177,2640,0.424,-0.0177,,,,,,,,,20,,215110,5388,,,212470,5388.1,,,,,,
NE-HVAC-AirEcono-Adjust-ExSP55F,DEER2024,D24_E+_Com_v1,6/15/2026 10:46,Any,EPr,Ex,CZ04,cPVVG,Each,1,40700,None,1850,0.001,-0.0157,1850,0.001,-0.0157,,,,,,,,,20,,254940,5773.4,,,253090,5773.4,,,,,,
NE-HVAC-AirEcono-Adjust-ExSP55F,DEER2024,D24_E+_Com_v1,6/15/2026 10:46,Any,EPr,Ex,CZ05,cPVVG,Each,1,40700,None,2540,0.577,-0.0154,2540,0.577,-0.0154,,,,,,,,,20,,218540,5409.5,,,216000,5409.6,,,,,,
NE-HVAC-AirEcono-Adjust-ExSP55F,DEER2024,D24_E+_Com_v1,6/15/2026 10:46,Any,EPr,Ex,CZ06,cPVVG,Each,1,40700,None,3210,0.164,-0.00819,3210,0.164,-0.00819,,,,,,,,,20,,245060,4471.4,,,241850,4471.4,,,,,,
NE-HVAC-AirEcono-Adjust-ExSP55F,DEER2024,D24_E+_Com_v1,6/15/2026 10:46,Any,EPr,Ex,CZ07,cPVVG,Each,1,40700,None,2490,0,-0.0106,2490,0,-0.0106,,,,,,,,,20,,243720,4429,,,241230,4429,,,,,,
NE-HVAC-AirEcono-Adjust-ExSP55F,DEER2024,D24_E+_Com_v1,6/15/2026 10:46,Any,EPr,Ex,CZ08,cPVVG,Each,1,40700,None,2330,0,-0.00819,2330,0,-0.00819,,,,,,,,,20,,268170,4482.6,,,265840,4482.6,,,,,,
NE-HVAC-AirEcono-Adjust-ExSP55F,DEER2024,D24_E+_Com_v1,6/15/2026 10:46,Any,EPr,Ex,CZ09,cPVVG,Each,1,40700,None,2620,0.001,-0.014,2620,0.001,-0.014,,,,,,,,,20,,269150,4596.9,,,266530,4596.9,,,,,,
NE-HVAC-AirEcono-Adjust-ExSP55F,DEER2024,D24_E+_Com_v1,6/15/2026 10:46,Any,EPr,Ex,CZ10,cPVVG,Each,1,40700,None,1870,0.001,-0.0116,1870,0.001,-0.0116,,,,,,,,,20,,272040,4593.4,,,270170,4593.4,,,,,,
NE-HVAC-AirEcono-Adjust-ExSP55F,DEER2024,D24_E+_Com_v1,6/15/2026 10:46,Any,EPr,Ex,CZ11,cPVVG,Each,1,40700,None,1990,0,-0.0212,1990,0,-0.0212,,,,,,,,,20,,280200,5731.9,,,278200,5731.9,,,,,,
NE-HVAC-AirEcono-Adjust-ExSP55F,DEER2024,D24_E+_Com_v1,6/15/2026 10:46,Any,EPr,Ex,CZ12,cPVVG,Each,1,40700,None,2000,0.001,-0.0147,2000,0.001,-0.0147,,,,,,,,,20,,254740,5828.7,,,252740,5828.7,,,,,,
NE-HVAC-AirEcono-Adjust-ExSP55F,DEER2024,D24_E+_Com_v1,6/15/2026 10:46,Any,EPr,Ex,CZ13,cPVVG,Each,1,40700,None,2050,0,-0.0133,2050,0,-0.0133,,,,,,,,,20,,285520,5345.1,,,283470,5345.1,,,,,,
NE-HVAC-AirEcono-Adjust-ExSP55F,DEER2024,D24_E+_Com_v1,6/15/2026 10:46,Any,EPr,Ex,CZ14,cPVVG,Each,1,40700,None,2170,0,-0.0256,2170,0,-0.0256,,,,,,,,,20,,283500,5491.2,,,281330,5491.2,,,,,,
NE-HVAC-AirEcono-Adjust-ExSP55F,DEER2024,D24_E+_Com_v1,6/15/2026 10:46,Any,EPr,Ex,CZ15,cPVVG,Each,1,40700,None,1580,0,-0.00751,1580,0,-0.00751,,,,,,,,,20,,351500,3862,,,349920,3862.1,,,,,,
NE-HVAC-AirEcono-Adjust-ExSP55F,DEER2024,D24_E+_Com_v1,6/15/2026 10:46,Any,EPr,Ex,CZ16,cPVVG,Each,1,40700,None,3530,0.347,-0.0362,3530,0.347,-0.0362,,,,,,,,,20,,235380,7595.3,,,231850,7595.3,,,,,,
NE-HVAC-AirEcono-Adjust-ExSP55F,DEER2024,D24_E+_Com_v1,6/15/2026 10:46,Any,ERC,Ex,CZ01,cDXGF,Each,1,2880,None,107,0.033,-0.00205,107,0.033,-0.00205,,,,,,,,,20,,7933.8,493.04,,,7827,493.05,,,,,,
NE-HVAC-AirEcono-Adjust-ExSP55F,DEER2024,D24_E+_Com_v1,6/15/2026 10:46,Any,ERC,Ex,CZ02,cDXGF,Each,1,2880,None,234,0.052,-0.00205,234,0.052,-0.00205,,,,,,,,,20,,9831.8,410.44,,,9597.3,410.45,,,,,,
NE-HVAC-AirEcono-Adjust-ExSP55F,DEER2024,D24_E+_Com_v1,6/15/2026 10:46,Any,ERC,Ex,CZ03,cDXGF,Each,1,2880,None,335,0.077,-0.00205,335,0.077,-0.00205,,,,,,,,,20,,8709.4,379.12,,,8374.8,379.12,,,,,,
NE-HVAC-AirEcono-Adjust-ExSP55F,DEER2024,D24_E+_Com_v1,6/15/2026 10:46,Any,ERC,Ex,CZ04,cDXGF,Each,1,2880,None,267,0,-0.00137,267,0,-0.00137,,,,,,,,,20,,11272,383.61,,,11006,383.61,,,,,,
NE-HVAC-AirEcono-Adjust-ExSP55F,DEER2024,D24_E+_Com_v1,6/15/2026 10:46,Any,ERC,Ex,CZ05,cDXGF,Each,1,2880,None,305,0.088,-0.00273,305,0.088,-0.00273,,,,,,,,,20,,8822.6,376.84,,,8518.1,376.84,,,,,,
NE-HVAC-AirEcono-Adjust-ExSP55F,DEER2024,D24_E+_Com_v1,6/15/2026 10:46,Any,ERC,Ex,CZ06,cDXGF,Each,1,2880,None,442,0.033,-0.00375,442,0.033,-0.00375,,,,,,,,,20,,9826.4,324.74,,,9384,324.74,,,,,,
NE-HVAC-AirEcono-Adjust-ExSP55F,DEER2024,D24_E+_Com_v1,6/15/2026 10:46,Any,ERC,Ex,CZ07,cDXGF,Each,1,2880,None,370,0,-0.00137,370,0,-0.00137,,,,,,,,,20,,9809.6,322.35,,,9439.8,322.35,,,,,,
NE-HVAC-AirEcono-Adjust-ExSP55F,DEER2024,D24_E+_Com_v1,6/15/2026 10:46,Any,ERC,Ex,CZ08,cDXGF,Each,1,2880,None,327,0,-0.00102,327,0,-0.00102,,,,,,,,,20,,11339,323.87,,,11012,323.87,,,,,,
NE-HVAC-AirEcono-Adjust-ExSP55F,DEER2024,D24_E+_Com_v1,6/15/2026 10:46,Any,ERC,Ex,CZ09,cDXGF,Each,1,2880,None,346,0,-0.00137,346,0,-0.00137,,,,,,,,,20,,11645,328.42,,,11299,328.42,,,,,,
NE-HVAC-AirEcono-Adjust-ExSP55F,DEER2024,D24_E+_Com_v1,6/15/2026 10:46,Any,ERC,Ex,CZ10,cDXGF,Each,1,2880,None,285,0,-0.00102,285,0,-0.00102,,,,,,,,,20,,11648,328.82,,,11363,328.82,,,,,,
NE-HVAC-AirEcono-Adjust-ExSP55F,DEER2024,D24_E+_Com_v1,6/15/2026 10:46,Any,ERC,Ex,CZ11,cDXGF,Each,1,2880,None,251,0,-0.00137,251,0,-0.00137,,,,,,,,,20,,12971,383.17,,,12720,383.17,,,,,,
NE-HVAC-AirEcono-Adjust-ExSP55F,DEER2024,D24_E+_Com_v1,6/15/2026 10:46,Any,ERC,Ex,CZ12,cDXGF,Each,1,2880,None,287,0,-0.00137,287,0,-0.00137,,,,,,,,,20,,11295,389.53,,,11008,389.53,,,,,,
NE-HVAC-AirEcono-Adjust-ExSP55F,DEER2024,D24_E+_Com_v1,6/15/2026 10:46,Any,ERC,Ex,CZ13,cDXGF,Each,1,2880,None,283,0,-0.00102,283,0,-0.00102,,,,,,,,,20,,13324,361.7,,,13041,361.7,,,,,,
NE-HVAC-AirEcono-Adjust-ExSP55F,DEER2024,D24_E+_Com_v1,6/15/2026 10:46,Any,ERC,Ex,CZ14,cDXGF,Each,1,2880,None,262,0,-0.00171,262,0,-0.00171,,,,,,,,,20,,13096,368.93,,,12834,368.93,,,,,,
NE-HVAC-AirEcono-Adjust-ExSP55F,DEER2024,D24_E+_Com_v1,6/15/2026 10:46,Any,ERC,Ex,CZ15,cDXGF,Each,1,2880,None,223,0,-0.000683,223,0,-0.000683,,,,,,,,,20,,16595,297.94,,,16373,297.94,,,,,,
NE-HVAC-AirEcono-Adjust-ExSP55F,DEER2024,D24_E+_Com_v1,6/15/2026 10:46,Any,ERC,Ex,CZ16,cDXGF,Each,1,2880,None,307,0.028,-0.00171,307,0.028,-0.00171,,,,,,,,,20,,10999,470.4,,,10692,470.4,,,,,,
NE-HVAC-AirEcono-Adjust-ExSP55F,DEER2024,D24_E+_Com_v1,6/15/2026 10:46,Any,ERC,Ex,CZ01,cDXHP,Each,1,2880,None,104,0.032,0,104,0.032,0,,,,,,,,,20,,9130.8,326.8,,,9026.5,326.8,,,,,,
NE-HVAC-AirEcono-Adjust-ExSP55F,DEER2024,D24_E+_Com_v1,6/15/2026 10:46,Any,ERC,Ex,CZ02,cDXHP,Each,1,2880,None,235,0.053,0,235,0.053,0,,,,,,,,,20,,10536,319.38,,,10302,319.38,,,,,,
NE-HVAC-AirEcono-Adjust-ExSP55F,DEER2024,D24_E+_Com_v1,6/15/2026 10:46,Any,ERC,Ex,CZ03,cDXHP,Each,1,2880,None,329,0.078,0,329,0.078,0,,,,,,,,,20,,9135.5,318.26,,,8806.4,318.26,,,,,,
NE-HVAC-AirEcono-Adjust-ExSP55F,DEER2024,D24_E+_Com_v1,6/15/2026 10:46,Any,ERC,Ex,CZ04,cDXHP,Each,1,2880,None,268,0,0,268,0,0,,,,,,,,,20,,11847,314.95,,,11579,314.95,,,,,,
NE-HVAC-AirEcono-Adjust-ExSP55F,DEER2024,D24_E+_Com_v1,6/15/2026 10:46,Any,ERC,Ex,CZ05,cDXHP,Each,1,2880,None,298,0.089,0,298,0.089,0,,,,,,,,,20,,9239.3,318.82,,,8941.1,318.82,,,,,,
NE-HVAC-AirEcono-Adjust-ExSP55F,DEER2024,D24_E+_Com_v1,6/15/2026 10:46,Any,ERC,Ex,CZ06,cDXHP,Each,1,2880,None,431,0.033,0,431,0.033,0,,,,,,,,,20,,9857,310.22,,,9425.6,310.22,,,,,,
NE-HVAC-AirEcono-Adjust-ExSP55F,DEER2024,D24_E+_Com_v1,6/15/2026 10:46,Any,ERC,Ex,CZ07,cDXHP,Each,1,2880,None,363,0,0,363,0,0,,,,,,,,,20,,9848.3,309.14,,,9485,309.14,,,,,,
NE-HVAC-AirEcono-Adjust-ExSP55F,DEER2024,D24_E+_Com_v1,6/15/2026 10:46,Any,ERC,Ex,CZ08,cDXHP,Each,1,2880,None,326,0,0,326,0,0,,,,,,,,,20,,11436,307.02,,,11110,307.02,,,,,,
NE-HVAC-AirEcono-Adjust-ExSP55F,DEER2024,D24_E+_Com_v1,6/15/2026 10:46,Any,ERC,Ex,CZ09,cDXHP,Each,1,2880,None,345,0,0,345,0,0,,,,,,,,,20,,11785,307.71,,,11441,307.71,,,,,,
NE-HVAC-AirEcono-Adjust-ExSP55F,DEER2024,D24_E+_Com_v1,6/15/2026 10:46,Any,ERC,Ex,CZ10,cDXHP,Each,1,2880,None,285,0,0,285,0,0,,,,,,,,,20,,11809,306.38,,,11524,306.38,,,,,,
NE-HVAC-AirEcono-Adjust-ExSP55F,DEER2024,D24_E+_Com_v1,6/15/2026 10:46,Any,ERC,Ex,CZ11,cDXHP,Each,1,2880,None,252,0,0,252,0,0,,,,,,,,,20,,13553,308.56,,,13302,308.56,,,,,,
NE-HVAC-AirEcono-Adjust-ExSP55F,DEER2024,D24_E+_Com_v1,6/15/2026 10:46,Any,ERC,Ex,CZ12,cDXHP,Each,1,2880,None,285,0,0,285,0,0,,,,,,,,,20,,11874,313.35,,,11589,313.35,,,,,,
NE-HVAC-AirEcono-Adjust-ExSP55F,DEER2024,D24_E+_Com_v1,6/15/2026 10:46,Any,ERC,Ex,CZ13,cDXHP,Each,1,2880,None,283,0,0,283,0,0,,,,,,,,,20,,13747,306.49,,,13463,306.49,,,,,,
NE-HVAC-AirEcono-Adjust-ExSP55F,DEER2024,D24_E+_Com_v1,6/15/2026 10:46,Any,ERC,Ex,CZ14,cDXHP,Each,1,2880,None,263,0,0,263,0,0,,,,,,,,,20,,13621,309.22,,,13358,309.22,,,,,,
NE-HVAC-AirEcono-Adjust-ExSP55F,DEER2024,D24_E+_Com_v1,6/15/2026 10:46,Any,ERC,Ex,CZ15,cDXHP,Each,1,2880,None,223,0,0,223,0,0,,,,,,,,,20,,16644,291.23,,,16421,291.23,,,,,,
NE-HVAC-AirEcono-Adjust-ExSP55F,DEER2024,D24_E+_Com_v1,6/15/2026 10:46,Any,ERC,Ex,CZ16,cDXHP,Each,1,2880,None,310,0.028,0,310,0.028,0,,,,,,,,,20,,12481,324.06,,,12171,324.06,,,,,,
NE-HVAC-AirEcono-Adjust-ExSP55F,DEER2024,D24_E+_Com_v1,6/15/2026 10:46,Any,ERC,Ex,CZ01,cDXOH,Each,1,2880,None,96.4,0.026,0,96.4,0.026,0,,,,,,,,,20,,8233.1,326.8,,,8136.8,326.8,,,,,,
NE-HVAC-AirEcono-Adjust-ExSP55F,DEER2024,D24_E+_Com_v1,6/15/2026 10:46,Any,ERC,Ex,CZ02,cDXOH,Each,1,2880,None,218,0.052,0,218,0.052,0,,,,,,,,,20,,9965.9,319.38,,,9747.8,319.38,,,,,,
NE-HVAC-AirEcono-Adjust-ExSP55F,DEER2024,D24_E+_Com_v1,6/15/2026 10:46,Any,ERC,Ex,CZ03,cDXOH,Each,1,2880,None,323,0.077,0,323,0.077,0,,,,,,,,,20,,8772.1,318.26,,,8449,318.26,,,,,,
NE-HVAC-AirEcono-Adjust-ExSP55F,DEER2024,D24_E+_Com_v1,6/15/2026 10:46,Any,ERC,Ex,CZ04,cDXOH,Each,1,2880,None,250,0,0,250,0,0,,,,,,,,,20,,11350,314.94,,,11100,314.94,,,,,,
NE-HVAC-AirEcono-Adjust-ExSP55F,DEER2024,D24_E+_Com_v1,6/15/2026 10:46,Any,ERC,Ex,CZ05,cDXOH,Each,1,2880,None,288,0.086,0,288,0.086,0,,,,,,,,,20,,8825.4,318.82,,,8537.7,318.82,,,,,,
NE-HVAC-AirEcono-Adjust-ExSP55F,DEER2024,D24_E+_Com_v1,6/15/2026 10:46,Any,ERC,Ex,CZ06,cDXOH,Each,1,2880,None,436,0.033,0,436,0.033,0,,,,,,,,,20,,9817,310.22,,,9381.3,310.22,,,,,,
NE-HVAC-AirEcono-Adjust-ExSP55F,DEER2024,D24_E+_Com_v1,6/15/2026 10:46,Any,ERC,Ex,CZ07,cDXOH,Each,1,2880,None,364,0,0,364,0,0,,,,,,,,,20,,9800,309.14,,,9436.3,309.14,,,,,,
NE-HVAC-AirEcono-Adjust-ExSP55F,DEER2024,D24_E+_Com_v1,6/15/2026 10:46,Any,ERC,Ex,CZ08,cDXOH,Each,1,2880,None,320,0,0,320,0,0,,,,,,,,,20,,11328,307.02,,,11008,307.02,,,,,,
NE-HVAC-AirEcono-Adjust-ExSP55F,DEER2024,D24_E+_Com_v1,6/15/2026 10:46,Any,ERC,Ex,CZ09,cDXOH,Each,1,2880,None,338,0,0,338,0,0,,,,,,,,,20,,11643,307.71,,,11304,307.71,,,,,,
NE-HVAC-AirEcono-Adjust-ExSP55F,DEER2024,D24_E+_Com_v1,6/15/2026 10:46,Any,ERC,Ex,CZ10,cDXOH,Each,1,2880,None,278,0,0,278,0,0,,,,,,,,,20,,11637,306.38,,,11359,306.38,,,,,,
NE-HVAC-AirEcono-Adjust-ExSP55F,DEER2024,D24_E+_Com_v1,6/15/2026 10:46,Any,ERC,Ex,CZ11,cDXOH,Each,1,2880,None,239,0,0,239,0,0,,,,,,,,,20,,13128,308.56,,,12889,308.56,,,,,,
NE-HVAC-AirEcono-Adjust-ExSP55F,DEER2024,D24_E+_Com_v1,6/15/2026 10:46,Any,ERC,Ex,CZ12,cDXOH,Each,1,2880,None,276,0,0,276,0,0,,,,,,,,,20,,11464,313.35,,,11188,313.35,,,,,,
NE-HVAC-AirEcono-Adjust-ExSP55F,DEER2024,D24_E+_Com_v1,6/15/2026 10:46,Any,ERC,Ex,CZ13,cDXOH,Each,1,2880,None,274,0,0,274,0,0,,,,,,,,,20,,13444,306.49,,,13170,306.49,,,,,,
NE-HVAC-AirEcono-Adjust-ExSP55F,DEER2024,D24_E+_Com_v1,6/15/2026 10:46,Any,ERC,Ex,CZ14,cDXOH,Each,1,2880,None,244,0,0,244,0,0,,,,,,,,,20,,13211,309.22,,,12967,309.22,,,,,,
NE-HVAC-AirEcono-Adjust-ExSP55F,DEER2024,D24_E+_Com_v1,6/15/2026 10:46,Any,ERC,Ex,CZ15,cDXOH,Each,1,2880,None,218,0,0,218,0,0,,,,,,,,,20,,16588,291.23,,,16370,291.23,,,,,,
NE-HVAC-AirEcono-Adjust-ExSP55F,DEER2024,D24_E+_Com_v1,6/15/2026 10:46,Any,ERC,Ex,CZ16,cDXOH,Each,1,2880,None,297,0.028,0,297,0.028,0,,,,,,,,,20,,11308,324.06,,,11011,324.06,,,,,,
NE-HVAC-AirEcono-Adjust-ExSP55F,DEER2024,D24_E+_Com_v1,6/15/2026 10:46,Any,ERC,Ex,CZ01,cPVVG,Each,1,2880,None,33.2,0.005,-0.00137,33.2,0.005,-0.00137,,,,,,,,,20,,5884.1,546.54,,,5850.9,546.55,,,,,,
NE-HVAC-AirEcono-Adjust-ExSP55F,DEER2024,D24_E+_Com_v1,6/15/2026 10:46,Any,ERC,Ex,CZ02,cPVVG,Each,1,2880,None,114,0.032,-0.00205,114,0.032,-0.00205,,,,,,,,,20,,7247.2,454.84,,,7132.8,454.84,,,,,,
NE-HVAC-AirEcono-Adjust-ExSP55F,DEER2024,D24_E+_Com_v1,6/15/2026 10:46,Any,ERC,Ex,CZ03,cPVVG,Each,1,2880,None,153,0.035,-0.00205,153,0.035,-0.00205,,,,,,,,,20,,6418.9,412.5,,,6266.2,412.51,,,,,,
NE-HVAC-AirEcono-Adjust-ExSP55F,DEER2024,D24_E+_Com_v1,6/15/2026 10:46,Any,ERC,Ex,CZ04,cPVVG,Each,1,2880,None,142,0,-0.00205,142,0,-0.00205,,,,,,,,,20,,8456.1,422.61,,,8313.6,422.61,,,,,,
NE-HVAC-AirEcono-Adjust-ExSP55F,DEER2024,D24_E+_Com_v1,6/15/2026 10:46,Any,ERC,Ex,CZ05,cPVVG,Each,1,2880,None,146,0.039,-0.00102,146,0.039,-0.00102,,,,,,,,,20,,6541.4,408.42,,,6395.4,408.42,,,,,,
NE-HVAC-AirEcono-Adjust-ExSP55F,DEER2024,D24_E+_Com_v1,6/15/2026 10:46,Any,ERC,Ex,CZ06,cPVVG,Each,1,2880,None,239,0.02,-0.00137,239,0.02,-0.00137,,,,,,,,,20,,7523,337.28,,,7284.4,337.29,,,,,,
NE-HVAC-AirEcono-Adjust-ExSP55F,DEER2024,D24_E+_Com_v1,6/15/2026 10:46,Any,ERC,Ex,CZ07,cPVVG,Each,1,2880,None,187,0,-0.00137,187,0,-0.00137,,,,,,,,,20,,7470,333.76,,,7283,333.76,,,,,,
NE-HVAC-AirEcono-Adjust-ExSP55F,DEER2024,D24_E+_Com_v1,6/15/2026 10:46,Any,ERC,Ex,CZ08,cPVVG,Each,1,2880,None,175,0,-0.00102,175,0,-0.00102,,,,,,,,,20,,8752.5,336.92,,,8577.2,336.92,,,,,,
NE-HVAC-AirEcono-Adjust-ExSP55F,DEER2024,D24_E+_Com_v1,6/15/2026 10:46,Any,ERC,Ex,CZ09,cPVVG,Each,1,2880,None,189,0,-0.00137,189,0,-0.00137,,,,,,,,,20,,8890.3,344.78,,,8701.3,344.78,,,,,,
NE-HVAC-AirEcono-Adjust-ExSP55F,DEER2024,D24_E+_Com_v1,6/15/2026 10:46,Any,ERC,Ex,CZ10,cPVVG,Each,1,2880,None,151,0,-0.00102,151,0,-0.00102,,,,,,,,,20,,9051.6,344.62,,,8900.6,344.62,,,,,,
NE-HVAC-AirEcono-Adjust-ExSP55F,DEER2024,D24_E+_Com_v1,6/15/2026 10:46,Any,ERC,Ex,CZ11,cPVVG,Each,1,2880,None,138,0,-0.00137,138,0,-0.00137,,,,,,,,,20,,9825.4,425.13,,,9686.9,425.13,,,,,,
NE-HVAC-AirEcono-Adjust-ExSP55F,DEER2024,D24_E+_Com_v1,6/15/2026 10:46,Any,ERC,Ex,CZ12,cPVVG,Each,1,2880,None,153,0,-0.00137,153,0,-0.00137,,,,,,,,,20,,8453.2,430.85,,,8300.1,430.85,,,,,,
NE-HVAC-AirEcono-Adjust-ExSP55F,DEER2024,D24_E+_Com_v1,6/15/2026 10:46,Any,ERC,Ex,CZ13,cPVVG,Each,1,2880,None,161,0,-0.00137,161,0,-0.00137,,,,,,,,,20,,10111,399.88,,,9950.1,399.88,,,,,,
NE-HVAC-AirEcono-Adjust-ExSP55F,DEER2024,D24_E+_Com_v1,6/15/2026 10:46,Any,ERC,Ex,CZ14,cPVVG,Each,1,2880,None,147,0,-0.00205,147,0,-0.00205,,,,,,,,,20,,9974.4,404.94,,,9827.9,404.95,,,,,,
NE-HVAC-AirEcono-Adjust-ExSP55F,DEER2024,D24_E+_Com_v1,6/15/2026 10:46,Any,ERC,Ex,CZ15,cPVVG,Each,1,2880,None,117,0,-0.00137,117,0,-0.00137,,,,,,,,,20,,13224,305.05,,,13107,305.06,,,,,,
NE-HVAC-AirEcono-Adjust-ExSP55F,DEER2024,D24_E+_Com_v1,6/15/2026 10:46,Any,ERC,Ex,CZ16,cPVVG,Each,1,2880,None,195,0.023,-0.00205,195,0.023,-0.00205,,,,,,,,,20,,7786.2,534.58,,,7591.5,534.58,,,,,,
NE-HVAC-AirEcono-Adjust-ExSP55F,DEER2024,D24_E+_Com_v1,6/15/2026 10:46,Any,ESe,Ex,CZ01,cDXGF,Each,1,74400,None,8440,2.86,-0.0686,8440,2.86,-0.0686,,,,,,,,,20,,703260,20167,,,694820,20167,,,,,,
NE-HVAC-AirEcono-Adjust-ExSP55F,DEER2024,D24_E+_Com_v1,6/15/2026 10:46,Any,ESe,Ex,CZ02,cDXGF,Each,1,74400,None,9720,1.17,0.0505,9720,1.17,0.0505,,,,,,,,,20,,818580,17126,,,808860,17126,,,,,,
NE-HVAC-AirEcono-Adjust-ExSP55F,DEER2024,D24_E+_Com_v1,6/15/2026 10:46,Any,ESe,Ex,CZ03,cDXGF,Each,1,74400,None,15500,2.24,-0.0437,15500,2.24,-0.0437,,,,,,,,,20,,763850,14595,,,748390,14595,,,,,,
NE-HVAC-AirEcono-Adjust-ExSP55F,DEER2024,D24_E+_Com_v1,6/15/2026 10:46,Any,ESe,Ex,CZ04,cDXGF,Each,1,74400,None,8990,0,-0.0495,8990,0,-0.0495,,,,,,,,,20,,890790,15486,,,881790,15486,,,,,,
NE-HVAC-AirEcono-Adjust-ExSP55F,DEER2024,D24_E+_Com_v1,6/15/2026 10:46,Any,ESe,Ex,CZ05,cDXGF,Each,1,74400,None,14500,3.1,-0.0246,14500,3.1,-0.0246,,,,,,,,,20,,778000,14558,,,763520,14558,,,,,,
NE-HVAC-AirEcono-Adjust-ExSP55F,DEER2024,D24_E+_Com_v1,6/15/2026 10:46,Any,ESe,Ex,CZ06,cDXGF,Each,1,74400,None,15600,0.698,-0.0174,15600,0.698,-0.0174,,,,,,,,,20,,820080,10974,,,804490,10974,,,,,,
NE-HVAC-AirEcono-Adjust-ExSP55F,DEER2024,D24_E+_Com_v1,6/15/2026 10:46,Any,ESe,Ex,CZ07,cDXGF,Each,1,74400,None,13600,0,-0.0143,13600,0,-0.0143,,,,,,,,,20,,821170,10747,,,807590,10747,,,,,,
NE-HVAC-AirEcono-Adjust-ExSP55F,DEER2024,D24_E+_Com_v1,6/15/2026 10:46,Any,ESe,Ex,CZ08,cDXGF,Each,1,74400,None,11200,-0.001,-0.0212,11200,-0.001,-0.0212,,,,,,,,,20,,895030,10932,,,883820,10932,,,,,,
NE-HVAC-AirEcono-Adjust-ExSP55F,DEER2024,D24_E+_Com_v1,6/15/2026 10:46,Any,ESe,Ex,CZ09,cDXGF,Each,1,74400,None,11300,0,-0.0184,11300,0,-0.0184,,,,,,,,,20,,909790,11390,,,898470,11390,,,,,,
NE-HVAC-AirEcono-Adjust-ExSP55F,DEER2024,D24_E+_Com_v1,6/15/2026 10:46,Any,ESe,Ex,CZ10,cDXGF,Each,1,74400,None,9500,0,-0.0212,9500,0,-0.0212,,,,,,,,,20,,936440,11531,,,926940,11531,,,,,,
NE-HVAC-AirEcono-Adjust-ExSP55F,DEER2024,D24_E+_Com_v1,6/15/2026 10:46,Any,ESe,Ex,CZ11,cDXGF,Each,1,74400,None,8150,-0.003,-0.0304,8150,-0.003,-0.0304,,,,,,,,,20,,954850,15033,,,946700,15033,,,,,,
NE-HVAC-AirEcono-Adjust-ExSP55F,DEER2024,D24_E+_Com_v1,6/15/2026 10:46,Any,ESe,Ex,CZ12,cDXGF,Each,1,74400,None,9470,0,-0.0379,9470,0,-0.0379,,,,,,,,,20,,876860,15473,,,867390,15473,,,,,,
NE-HVAC-AirEcono-Adjust-ExSP55F,DEER2024,D24_E+_Com_v1,6/15/2026 10:46,Any,ESe,Ex,CZ13,cDXGF,Each,1,74400,None,8430,0,-0.0276,8430,0,-0.0276,,,,,,,,,20,,961000,13957,,,952570,13957,,,,,,
NE-HVAC-AirEcono-Adjust-ExSP55F,DEER2024,D24_E+_Com_v1,6/15/2026 10:46,Any,ESe,Ex,CZ14,cDXGF,Each,1,74400,None,8390,0,-0.028,8390,0,-0.028,,,,,,,,,20,,946380,13909,,,937990,13910,,,,,,
NE-HVAC-AirEcono-Adjust-ExSP55F,DEER2024,D24_E+_Com_v1,6/15/2026 10:46,Any,ESe,Ex,CZ15,cDXGF,Each,1,74400,None,6720,0,-0.0099,6720,0,-0.0099,,,,,,,,,20,,1130000,9020.8,,,1123300,9020.8,,,,,,
NE-HVAC-AirEcono-Adjust-ExSP55F,DEER2024,D24_E+_Com_v1,6/15/2026 10:46,Any,ESe,Ex,CZ16,cDXGF,Each,1,74400,None,10800,0.566,-0.0225,10800,0.566,-0.0225,,,,,,,,,20,,841180,19467,,,830410,19468,,,,,,
NE-HVAC-AirEcono-Adjust-ExSP55F,DEER2024,D24_E+_Com_v1,6/15/2026 10:46,Any,ESe,Ex,CZ01,cDXHP,Each,1,74400,None,8150,2.85,-0.0184,8150,2.85,-0.0184,,,,,,,,,20,,711500,19025,,,703350,19025,,,,,,
NE-HVAC-AirEcono-Adjust-ExSP55F,DEER2024,D24_E+_Com_v1,6/15/2026 10:46,Any,ESe,Ex,CZ02,cDXHP,Each,1,74400,None,9670,1.17,-0.0126,9670,1.17,-0.0126,,,,,,,,,20,,825120,16313,,,815450,16313,,,,,,
NE-HVAC-AirEcono-Adjust-ExSP55F,DEER2024,D24_E+_Com_v1,6/15/2026 10:46,Any,ESe,Ex,CZ03,cDXHP,Each,1,74400,None,15100,2.22,-0.0109,15100,2.22,-0.0109,,,,,,,,,20,,766520,14169,,,751380,14169,,,,,,
NE-HVAC-AirEcono-Adjust-ExSP55F,DEER2024,D24_E+_Com_v1,6/15/2026 10:46,Any,ESe,Ex,CZ04,cDXHP,Each,1,74400,None,9000,0,-0.00922,9000,0,-0.00922,,,,,,,,,20,,897070,14819,,,888080,14819,,,,,,
NE-HVAC-AirEcono-Adjust-ExSP55F,DEER2024,D24_E+_Com_v1,6/15/2026 10:46,Any,ESe,Ex,CZ05,cDXHP,Each,1,74400,None,14100,3.13,-0.0099,14100,3.13,-0.0099,,,,,,,,,20,,780650,14145,,,766590,14145,,,,,,
NE-HVAC-AirEcono-Adjust-ExSP55F,DEER2024,D24_E+_Com_v1,6/15/2026 10:46,Any,ESe,Ex,CZ06,cDXHP,Each,1,74400,None,15400,0.692,-0.00683,15400,0.692,-0.00683,,,,,,,,,20,,819100,10889,,,803710,10889,,,,,,
NE-HVAC-AirEcono-Adjust-ExSP55F,DEER2024,D24_E+_Com_v1,6/15/2026 10:46,Any,ESe,Ex,CZ07,cDXHP,Each,1,74400,None,13400,0,-0.00614,13400,0,-0.00614,,,,,,,,,20,,820450,10672,,,807050,10672,,,,,,
NE-HVAC-AirEcono-Adjust-ExSP55F,DEER2024,D24_E+_Com_v1,6/15/2026 10:46,Any,ESe,Ex,CZ08,cDXHP,Each,1,74400,None,11200,0,-0.0106,11200,0,-0.0106,,,,,,,,,20,,895440,10810,,,884270,10810,,,,,,
NE-HVAC-AirEcono-Adjust-ExSP55F,DEER2024,D24_E+_Com_v1,6/15/2026 10:46,Any,ESe,Ex,CZ09,cDXHP,Each,1,74400,None,11300,0,0,11300,0,0,,,,,,,,,20,,910880,11221,,,899570,11221,,,,,,
NE-HVAC-AirEcono-Adjust-ExSP55F,DEER2024,D24_E+_Com_v1,6/15/2026 10:46,Any,ESe,Ex,CZ10,cDXHP,Each,1,74400,None,9500,0.001,-0.00478,9500,0.001,-0.00478,,,,,,,,,20,,938010,11315,,,928510,11315,,,,,,
NE-HVAC-AirEcono-Adjust-ExSP55F,DEER2024,D24_E+_Com_v1,6/15/2026 10:46,Any,ESe,Ex,CZ11,cDXHP,Each,1,74400,None,8160,-0.001,-0.00682,8160,-0.001,-0.00682,,,,,,,,,20,,960860,14346,,,952700,14346,,,,,,
NE-HVAC-AirEcono-Adjust-ExSP55F,DEER2024,D24_E+_Com_v1,6/15/2026 10:46,Any,ESe,Ex,CZ12,cDXHP,Each,1,74400,None,9430,0,-0.0157,9430,0,-0.0157,,,,,,,,,20,,882270,14800,,,872840,14800,,,,,,
NE-HVAC-AirEcono-Adjust-ExSP55F,DEER2024,D24_E+_Com_v1,6/15/2026 10:46,Any,ESe,Ex,CZ13,cDXHP,Each,1,74400,None,8440,0,-0.00853,8440,0,-0.00853,,,,,,,,,20,,965320,13452,,,956890,13452,,,,,,
NE-HVAC-AirEcono-Adjust-ExSP55F,DEER2024,D24_E+_Com_v1,6/15/2026 10:46,Any,ESe,Ex,CZ14,cDXHP,Each,1,74400,None,8440,0,-0.00683,8440,0,-0.00683,,,,,,,,,20,,951940,13394,,,943490,13394,,,,,,
NE-HVAC-AirEcono-Adjust-ExSP55F,DEER2024,D24_E+_Com_v1,6/15/2026 10:46,Any,ESe,Ex,CZ15,cDXHP,Each,1,74400,None,6720,0,-0.00307,6720,0,-0.00307,,,,,,,,,20,,1130600,8967.4,,,1123900,8967.4,,,,,,
NE-HVAC-AirEcono-Adjust-ExSP55F,DEER2024,D24_E+_Com_v1,6/15/2026 10:46,Any,ESe,Ex,CZ16,cDXHP,Each,1,74400,None,10900,0.574,-0.00648,10900,0.574,-0.00648,,,,,,,,,20,,855700,18188,,,844830,18188,,,,,,
NE-HVAC-AirEcono-Adjust-ExSP55F,DEER2024,D24_E+_Com_v1,6/15/2026 10:46,Any,ESe,Ex,CZ01,cDXOH,Each,1,74400,None,8270,2.82,-0.0195,8270,2.82,-0.0195,,,,,,,,,20,,702860,19077,,,694590,19077,,,,,,
NE-HVAC-AirEcono-Adjust-ExSP55F,DEER2024,D24_E+_Com_v1,6/15/2026 10:46,Any,ESe,Ex,CZ02,cDXOH,Each,1,74400,None,9510,1.17,-0.00751,9510,1.17,-0.00751,,,,,,,,,20,,818220,16343,,,808700,16343,,,,,,
NE-HVAC-AirEcono-Adjust-ExSP55F,DEER2024,D24_E+_Com_v1,6/15/2026 10:46,Any,ESe,Ex,CZ03,cDXOH,Each,1,74400,None,15400,2.24,-0.0133,15400,2.24,-0.0133,,,,,,,,,20,,763660,14181,,,748310,14181,,,,,,
NE-HVAC-AirEcono-Adjust-ExSP55F,DEER2024,D24_E+_Com_v1,6/15/2026 10:46,Any,ESe,Ex,CZ04,cDXOH,Each,1,74400,None,8810,0,-0.00853,8810,0,-0.00853,,,,,,,,,20,,890320,14841,,,881510,14841,,,,,,
NE-HVAC-AirEcono-Adjust-ExSP55F,DEER2024,D24_E+_Com_v1,6/15/2026 10:46,Any,ESe,Ex,CZ05,cDXOH,Each,1,74400,None,14300,3.09,-0.00512,14300,3.09,-0.00512,,,,,,,,,20,,777580,14154,,,763240,14154,,,,,,
NE-HVAC-AirEcono-Adjust-ExSP55F,DEER2024,D24_E+_Com_v1,6/15/2026 10:46,Any,ESe,Ex,CZ06,cDXOH,Each,1,74400,None,15500,0.698,-0.00444,15500,0.698,-0.00444,,,,,,,,,20,,819980,10891,,,804430,10891,,,,,,
NE-HVAC-AirEcono-Adjust-ExSP55F,DEER2024,D24_E+_Com_v1,6/15/2026 10:46,Any,ESe,Ex,CZ07,cDXOH,Each,1,74400,None,13500,0,-0.00035,13500,0,-0.00035,,,,,,,,,20,,821070,10673,,,807540,10673,,,,,,
NE-HVAC-AirEcono-Adjust-ExSP55F,DEER2024,D24_E+_Com_v1,6/15/2026 10:46,Any,ESe,Ex,CZ08,cDXOH,Each,1,74400,None,11100,-0.001,-0.00717,11100,-0.001,-0.00717,,,,,,,,,20,,894870,10812,,,883720,10812,,,,,,
NE-HVAC-AirEcono-Adjust-ExSP55F,DEER2024,D24_E+_Com_v1,6/15/2026 10:46,Any,ESe,Ex,CZ09,cDXOH,Each,1,74400,None,11300,0,-0.00477,11300,0,-0.00477,,,,,,,,,20,,909610,11225,,,898350,11225,,,,,,
NE-HVAC-AirEcono-Adjust-ExSP55F,DEER2024,D24_E+_Com_v1,6/15/2026 10:46,Any,ESe,Ex,CZ10,cDXOH,Each,1,74400,None,9420,0,-0.00375,9420,0,-0.00375,,,,,,,,,20,,936210,11319,,,926790,11320,,,,,,
NE-HVAC-AirEcono-Adjust-ExSP55F,DEER2024,D24_E+_Com_v1,6/15/2026 10:46,Any,ESe,Ex,CZ11,cDXOH,Each,1,74400,None,7990,-0.003,-0.00376,7990,-0.003,-0.00376,,,,,,,,,20,,954810,14376,,,946810,14376,,,,,,
NE-HVAC-AirEcono-Adjust-ExSP55F,DEER2024,D24_E+_Com_v1,6/15/2026 10:46,Any,ESe,Ex,CZ12,cDXOH,Each,1,74400,None,9350,0,-0.0147,9350,0,-0.0147,,,,,,,,,20,,876750,14828,,,867400,14828,,,,,,
NE-HVAC-AirEcono-Adjust-ExSP55F,DEER2024,D24_E+_Com_v1,6/15/2026 10:46,Any,ESe,Ex,CZ13,cDXOH,Each,1,74400,None,8330,0,-0.0058,8330,0,-0.0058,,,,,,,,,20,,960980,13474,,,952640,13474,,,,,,
NE-HVAC-AirEcono-Adjust-ExSP55F,DEER2024,D24_E+_Com_v1,6/15/2026 10:46,Any,ESe,Ex,CZ14,cDXOH,Each,1,74400,None,8250,0,-0.00716,8250,0,-0.00716,,,,,,,,,20,,946110,13412,,,937860,13412,,,,,,
NE-HVAC-AirEcono-Adjust-ExSP55F,DEER2024,D24_E+_Com_v1,6/15/2026 10:46,Any,ESe,Ex,CZ15,cDXOH,Each,1,74400,None,6690,0,-0.00273,6690,0,-0.00273,,,,,,,,,20,,1129900,8968.6,,,1123200,8968.6,,,,,,
NE-HVAC-AirEcono-Adjust-ExSP55F,DEER2024,D24_E+_Com_v1,6/15/2026 10:46,Any,ESe,Ex,CZ16,cDXOH,Each,1,74400,None,10700,0.566,-0.00649,10700,0.566,-0.00649,,,,,,,,,20,,842740,18261,,,832080,18261,,,,,,
NE-HVAC-AirEcono-Adjust-ExSP55F,DEER2024,D24_E+_Com_v1,6/15/2026 10:46,Any,ESe,Ex,CZ01,cPVVG,Each,1,74400,None,4700,1.44,-0.0334,4700,1.44,-0.0334,,,,,,,,,20,,656330,20716,,,651630,20716,,,,,,
NE-HVAC-AirEcono-Adjust-ExSP55F,DEER2024,D24_E+_Com_v1,6/15/2026 10:46,Any,ESe,Ex,CZ02,cPVVG,Each,1,74400,None,5860,0.755,-0.0256,5860,0.755,-0.0256,,,,,,,,,20,,764730,17613,,,758870,17613,,,,,,
NE-HVAC-AirEcono-Adjust-ExSP55F,DEER2024,D24_E+_Com_v1,6/15/2026 10:46,Any,ESe,Ex,CZ03,cPVVG,Each,1,74400,None,9540,1.43,-0.0178,9540,1.43,-0.0178,,,,,,,,,20,,710590,14879,,,701050,14879,,,,,,
NE-HVAC-AirEcono-Adjust-ExSP55F,DEER2024,D24_E+_Com_v1,6/15/2026 10:46,Any,ESe,Ex,CZ04,cPVVG,Each,1,74400,None,5510,0,-0.0225,5510,0,-0.0225,,,,,,,,,20,,836570,15885,,,831050,15885,,,,,,
NE-HVAC-AirEcono-Adjust-ExSP55F,DEER2024,D24_E+_Com_v1,6/15/2026 10:46,Any,ESe,Ex,CZ05,cPVVG,Each,1,74400,None,9270,1.86,-0.0143,9270,1.86,-0.0143,,,,,,,,,20,,724380,14863,,,715120,14863,,,,,,
NE-HVAC-AirEcono-Adjust-ExSP55F,DEER2024,D24_E+_Com_v1,6/15/2026 10:46,Any,ESe,Ex,CZ06,cPVVG,Each,1,74400,None,9710,0.464,-0.00888,9710,0.464,-0.00888,,,,,,,,,20,,769550,11075,,,759850,11075,,,,,,
NE-HVAC-AirEcono-Adjust-ExSP55F,DEER2024,D24_E+_Com_v1,6/15/2026 10:46,Any,ESe,Ex,CZ07,cPVVG,Each,1,74400,None,8080,0,-0.0099,8080,0,-0.0099,,,,,,,,,20,,769200,10842,,,761110,10842,,,,,,
NE-HVAC-AirEcono-Adjust-ExSP55F,DEER2024,D24_E+_Com_v1,6/15/2026 10:46,Any,ESe,Ex,CZ08,cPVVG,Each,1,74400,None,6830,0,-0.0116,6830,0,-0.0116,,,,,,,,,20,,841070,11050,,,834240,11050,,,,,,
NE-HVAC-AirEcono-Adjust-ExSP55F,DEER2024,D24_E+_Com_v1,6/15/2026 10:46,Any,ESe,Ex,CZ09,cPVVG,Each,1,74400,None,7090,0,-0.0235,7090,0,-0.0235,,,,,,,,,20,,852720,11547,,,845630,11547,,,,,,
NE-HVAC-AirEcono-Adjust-ExSP55F,DEER2024,D24_E+_Com_v1,6/15/2026 10:46,Any,ESe,Ex,CZ10,cPVVG,Each,1,74400,None,5710,0,-0.0198,5710,0,-0.0198,,,,,,,,,20,,881100,11715,,,875390,11715,,,,,,
NE-HVAC-AirEcono-Adjust-ExSP55F,DEER2024,D24_E+_Com_v1,6/15/2026 10:46,Any,ESe,Ex,CZ11,cPVVG,Each,1,74400,None,4990,-0.002,-0.027,4990,-0.002,-0.027,,,,,,,,,20,,897050,15488,,,892060,15488,,,,,,
NE-HVAC-AirEcono-Adjust-ExSP55F,DEER2024,D24_E+_Com_v1,6/15/2026 10:46,Any,ESe,Ex,CZ12,cPVVG,Each,1,74400,None,5770,0.001,-0.0229,5770,0.001,-0.0229,,,,,,,,,20,,823040,15896,,,817280,15896,,,,,,
NE-HVAC-AirEcono-Adjust-ExSP55F,DEER2024,D24_E+_Com_v1,6/15/2026 10:46,Any,ESe,Ex,CZ13,cPVVG,Each,1,74400,None,5190,0,-0.0242,5190,0,-0.0242,,,,,,,,,20,,903590,14316,,,898400,14316,,,,,,
NE-HVAC-AirEcono-Adjust-ExSP55F,DEER2024,D24_E+_Com_v1,6/15/2026 10:46,Any,ESe,Ex,CZ14,cPVVG,Each,1,74400,None,5390,0,-0.0276,5390,0,-0.0276,,,,,,,,,20,,890310,14248,,,884920,14248,,,,,,
NE-HVAC-AirEcono-Adjust-ExSP55F,DEER2024,D24_E+_Com_v1,6/15/2026 10:46,Any,ESe,Ex,CZ15,cPVVG,Each,1,74400,None,4030,0,-0.0147,4030,0,-0.0147,,,,,,,,,20,,1070900,9083.6,,,1066800,9083.6,,,,,,
NE-HVAC-AirEcono-Adjust-ExSP55F,DEER2024,D24_E+_Com_v1,6/15/2026 10:46,Any,ESe,Ex,CZ16,cPVVG,Each,1,74400,None,7840,0.469,-0.0331,7840,0.469,-0.0331,,,,,,,,,20,,777760,20213,,,769920,20213,,,,,,
NE-HVAC-AirEcono-Adjust-ExSP55F,DEER2024,D24_E+_Com_v1,6/15/2026 10:46,Any,EUn,Ex,CZ01,cDXGF,Each,1,858000,None,237000,65.6,-0.54,237000,65.6,-0.54,,,,,,,,,20,,7044200,47965,,,6807200,47965,,,,,,
NE-HVAC-AirEcono-Adjust-ExSP55F,DEER2024,D24_E+_Com_v1,6/15/2026 10:46,Any,EUn,Ex,CZ02,cDXGF,Each,1,858000,None,230000,19.5,-0.384,230000,19.5,-0.384,,,,,,,,,20,,7768400,41484,,,7538800,41484,,,,,,
NE-HVAC-AirEcono-Adjust-ExSP55F,DEER2024,D24_E+_Com_v1,6/15/2026 10:46,Any,EUn,Ex,CZ03,cDXGF,Each,1,858000,None,373000,40.8,-0.339,373000,40.8,-0.339,,,,,,,,,20,,7580000,36236,,,7207100,36237,,,,,,
NE-HVAC-AirEcono-Adjust-ExSP55F,DEER2024,D24_E+_Com_v1,6/15/2026 10:46,Any,EUn,Ex,CZ04,cDXGF,Each,1,858000,None,210000,0,-0.292,210000,0,-0.292,,,,,,,,,20,,8181700,39026,,,7971900,39026,,,,,,
NE-HVAC-AirEcono-Adjust-ExSP55F,DEER2024,D24_E+_Com_v1,6/15/2026 10:46,Any,EUn,Ex,CZ05,cDXGF,Each,1,858000,None,337000,58.6,-0.333,337000,58.6,-0.333,,,,,,,,,20,,7695900,36514,,,7358500,36514,,,,,,
NE-HVAC-AirEcono-Adjust-ExSP55F,DEER2024,D24_E+_Com_v1,6/15/2026 10:46,Any,EUn,Ex,CZ06,cDXGF,Each,1,858000,None,379000,12.8,-0.21,379000,12.8,-0.21,,,,,,,,,20,,8089200,29707,,,7710400,29707,,,,,,
NE-HVAC-AirEcono-Adjust-ExSP55F,DEER2024,D24_E+_Com_v1,6/15/2026 10:46,Any,EUn,Ex,CZ07,cDXGF,Each,1,858000,None,341000,0,-0.173,341000,0,-0.173,,,,,,,,,20,,8091300,29113,,,7750400,29113,,,,,,
NE-HVAC-AirEcono-Adjust-ExSP55F,DEER2024,D24_E+_Com_v1,6/15/2026 10:46,Any,EUn,Ex,CZ08,cDXGF,Each,1,858000,None,270000,0.001,-0.194,270000,0.001,-0.194,,,,,,,,,20,,8465600,29517,,,8195200,29518,,,,,,
NE-HVAC-AirEcono-Adjust-ExSP55F,DEER2024,D24_E+_Com_v1,6/15/2026 10:46,Any,EUn,Ex,CZ09,cDXGF,Each,1,858000,None,263000,-0.003,-0.165,263000,-0.003,-0.165,,,,,,,,,20,,8522600,30285,,,8259900,30286,,,,,,
NE-HVAC-AirEcono-Adjust-ExSP55F,DEER2024,D24_E+_Com_v1,6/15/2026 10:46,Any,EUn,Ex,CZ10,cDXGF,Each,1,858000,None,225000,0,-0.233,225000,0,-0.233,,,,,,,,,20,,8506600,30084,,,8281400,30084,,,,,,
NE-HVAC-AirEcono-Adjust-ExSP55F,DEER2024,D24_E+_Com_v1,6/15/2026 10:46,Any,EUn,Ex,CZ11,cDXGF,Each,1,858000,None,186000,0.001,-0.281,186000,0.001,-0.281,,,,,,,,,20,,8556100,37781,,,8370000,37781,,,,,,
NE-HVAC-AirEcono-Adjust-ExSP55F,DEER2024,D24_E+_Com_v1,6/15/2026 10:46,Any,EUn,Ex,CZ12,cDXGF,Each,1,858000,None,221000,0,-0.25,221000,0,-0.25,,,,,,,,,20,,8103600,38598,,,7882700,38598,,,,,,
NE-HVAC-AirEcono-Adjust-ExSP55F,DEER2024,D24_E+_Com_v1,6/15/2026 10:46,Any,EUn,Ex,CZ13,cDXGF,Each,1,858000,None,184000,0.001,-0.214,184000,0.001,-0.214,,,,,,,,,20,,8613400,34896,,,8429300,34897,,,,,,
NE-HVAC-AirEcono-Adjust-ExSP55F,DEER2024,D24_E+_Com_v1,6/15/2026 10:46,Any,EUn,Ex,CZ14,cDXGF,Each,1,858000,None,186000,0,-0.259,186000,0,-0.259,,,,,,,,,20,,8712700,36701,,,8526800,36701,,,,,,
NE-HVAC-AirEcono-Adjust-ExSP55F,DEER2024,D24_E+_Com_v1,6/15/2026 10:46,Any,EUn,Ex,CZ15,cDXGF,Each,1,858000,None,151000,0,-0.0969,151000,0,-0.0969,,,,,,,,,20,,9698700,24785,,,9548200,24785,,,,,,
NE-HVAC-AirEcono-Adjust-ExSP55F,DEER2024,D24_E+_Com_v1,6/15/2026 10:46,Any,EUn,Ex,CZ16,cDXGF,Each,1,858000,None,235000,8.49,-0.214,235000,8.49,-0.214,,,,,,,,,20,,8127500,48293,,,7892600,48293,,,,,,
NE-HVAC-AirEcono-Adjust-ExSP55F,DEER2024,D24_E+_Com_v1,6/15/2026 10:46,Any,EUn,Ex,CZ01,cDXHP,Each,1,858000,None,234000,65.7,-0.00102,234000,65.7,-0.00102,,,,,,,,,20,,7147100,34212,,,6913300,34212,,,,,,
NE-HVAC-AirEcono-Adjust-ExSP55F,DEER2024,D24_E+_Com_v1,6/15/2026 10:46,Any,EUn,Ex,CZ02,cDXHP,Each,1,858000,None,229000,19.7,-0.00103,229000,19.7,-0.00103,,,,,,,,,20,,7850300,31830,,,7620900,31830,,,,,,
NE-HVAC-AirEcono-Adjust-ExSP55F,DEER2024,D24_E+_Com_v1,6/15/2026 10:46,Any,EUn,Ex,CZ03,cDXHP,Each,1,858000,None,369000,41.1,-0.00136,369000,41.1,-0.00136,,,,,,,,,20,,7613800,30996,,,7244500,30996,,,,,,
NE-HVAC-AirEcono-Adjust-ExSP55F,DEER2024,D24_E+_Com_v1,6/15/2026 10:46,Any,EUn,Ex,CZ04,cDXHP,Each,1,858000,None,211000,0,-0.00103,211000,0,-0.00103,,,,,,,,,20,,8269200,30478,,,8058200,30478,,,,,,
NE-HVAC-AirEcono-Adjust-ExSP55F,DEER2024,D24_E+_Com_v1,6/15/2026 10:46,Any,EUn,Ex,CZ05,cDXHP,Each,1,858000,None,332000,59,-0.00102,332000,59,-0.00102,,,,,,,,,20,,7733300,30983,,,7401100,30983,,,,,,
NE-HVAC-AirEcono-Adjust-ExSP55F,DEER2024,D24_E+_Com_v1,6/15/2026 10:46,Any,EUn,Ex,CZ06,cDXHP,Each,1,858000,None,378000,12.9,-0.00034,378000,12.9,-0.00034,,,,,,,,,20,,8079100,28511,,,7701300,28511,,,,,,
NE-HVAC-AirEcono-Adjust-ExSP55F,DEER2024,D24_E+_Com_v1,6/15/2026 10:46,Any,EUn,Ex,CZ07,cDXHP,Each,1,858000,None,340000,0,-0.00034,340000,0,-0.00034,,,,,,,,,20,,8081800,28218,,,7742300,28218,,,,,,
NE-HVAC-AirEcono-Adjust-ExSP55F,DEER2024,D24_E+_Com_v1,6/15/2026 10:46,Any,EUn,Ex,CZ08,cDXHP,Each,1,858000,None,271000,0.001,-0.00034,271000,0.001,-0.00034,,,,,,,,,20,,8470900,27732,,,8200000,27732,,,,,,
NE-HVAC-AirEcono-Adjust-ExSP55F,DEER2024,D24_E+_Com_v1,6/15/2026 10:46,Any,EUn,Ex,CZ09,cDXHP,Each,1,858000,None,263000,0.002,-0.00068,263000,0.002,-0.00068,,,,,,,,,20,,8538200,27989,,,8275100,27989,,,,,,
NE-HVAC-AirEcono-Adjust-ExSP55F,DEER2024,D24_E+_Com_v1,6/15/2026 10:46,Any,EUn,Ex,CZ10,cDXHP,Each,1,858000,None,226000,0.001,-0.00035,226000,0.001,-0.00035,,,,,,,,,20,,8526300,27603,,,8300400,27603,,,,,,
NE-HVAC-AirEcono-Adjust-ExSP55F,DEER2024,D24_E+_Com_v1,6/15/2026 10:46,Any,EUn,Ex,CZ11,cDXHP,Each,1,858000,None,187000,-0.001,-0.00068,187000,-0.001,-0.00068,,,,,,,,,20,,8641400,29253,,,8454100,29253,,,,,,
NE-HVAC-AirEcono-Adjust-ExSP55F,DEER2024,D24_E+_Com_v1,6/15/2026 10:46,Any,EUn,Ex,CZ12,cDXHP,Each,1,858000,None,221000,-0.004,-0.00069,221000,-0.004,-0.00069,,,,,,,,,20,,8176000,30241,,,7955000,30241,,,,,,
NE-HVAC-AirEcono-Adjust-ExSP55F,DEER2024,D24_E+_Com_v1,6/15/2026 10:46,Any,EUn,Ex,CZ13,cDXHP,Each,1,858000,None,185000,0.002,-0.00035,185000,0.002,-0.00035,,,,,,,,,20,,8678900,28330,,,8493800,28330,,,,,,
NE-HVAC-AirEcono-Adjust-ExSP55F,DEER2024,D24_E+_Com_v1,6/15/2026 10:46,Any,EUn,Ex,CZ14,cDXHP,Each,1,858000,None,187000,0,-0.00102,187000,0,-0.00102,,,,,,,,,20,,8801900,29003,,,8614500,29003,,,,,,
NE-HVAC-AirEcono-Adjust-ExSP55F,DEER2024,D24_E+_Com_v1,6/15/2026 10:46,Any,EUn,Ex,CZ15,cDXHP,Each,1,858000,None,151000,0,-0.00034,151000,0,-0.00034,,,,,,,,,20,,9721500,23722,,,9570200,23722,,,,,,
NE-HVAC-AirEcono-Adjust-ExSP55F,DEER2024,D24_E+_Com_v1,6/15/2026 10:46,Any,EUn,Ex,CZ16,cDXHP,Each,1,858000,None,236000,8.56,-0.00137,236000,8.56,-0.00137,,,,,,,,,20,,8282300,34779,,,8045900,34779,,,,,,
NE-HVAC-AirEcono-Adjust-ExSP55F,DEER2024,D24_E+_Com_v1,6/15/2026 10:46,Any,EUn,Ex,CZ01,cDXOH,Each,1,858000,None,234000,65.2,-0.00068,234000,65.2,-0.00068,,,,,,,,,20,,7039600,34462,,,6805800,34462,,,,,,
NE-HVAC-AirEcono-Adjust-ExSP55F,DEER2024,D24_E+_Com_v1,6/15/2026 10:46,Any,EUn,Ex,CZ02,cDXOH,Each,1,858000,None,227000,19.5,0.00342,227000,19.5,0.00342,,,,,,,,,20,,7762200,31984,,,7535700,31984,,,,,,
NE-HVAC-AirEcono-Adjust-ExSP55F,DEER2024,D24_E+_Com_v1,6/15/2026 10:46,Any,EUn,Ex,CZ03,cDXOH,Each,1,858000,None,371000,40.8,-0.00103,371000,40.8,-0.00103,,,,,,,,,20,,7576700,31049,,,7205500,31049,,,,,,
NE-HVAC-AirEcono-Adjust-ExSP55F,DEER2024,D24_E+_Com_v1,6/15/2026 10:46,Any,EUn,Ex,CZ04,cDXOH,Each,1,858000,None,207000,0,-0.00068,207000,0,-0.00068,,,,,,,,,20,,8174800,30566,,,7967600,30566,,,,,,
NE-HVAC-AirEcono-Adjust-ExSP55F,DEER2024,D24_E+_Com_v1,6/15/2026 10:46,Any,EUn,Ex,CZ05,cDXOH,Each,1,858000,None,335000,58.4,-0.00102,335000,58.4,-0.00102,,,,,,,,,20,,7690000,31014,,,7354700,31014,,,,,,
NE-HVAC-AirEcono-Adjust-ExSP55F,DEER2024,D24_E+_Com_v1,6/15/2026 10:46,Any,EUn,Ex,CZ06,cDXOH,Each,1,858000,None,378000,12.8,-0.00034,378000,12.8,-0.00034,,,,,,,,,20,,8087800,28514,,,7709700,28514,,,,,,
NE-HVAC-AirEcono-Adjust-ExSP55F,DEER2024,D24_E+_Com_v1,6/15/2026 10:46,Any,EUn,Ex,CZ07,cDXOH,Each,1,858000,None,340000,0,-0.00068,340000,0,-0.00068,,,,,,,,,20,,8090100,28220,,,7749800,28220,,,,,,
NE-HVAC-AirEcono-Adjust-ExSP55F,DEER2024,D24_E+_Com_v1,6/15/2026 10:46,Any,EUn,Ex,CZ08,cDXOH,Each,1,858000,None,269000,0.001,-0.00034,269000,0.001,-0.00034,,,,,,,,,20,,8463100,27738,,,8193700,27738,,,,,,
NE-HVAC-AirEcono-Adjust-ExSP55F,DEER2024,D24_E+_Com_v1,6/15/2026 10:46,Any,EUn,Ex,CZ09,cDXOH,Each,1,858000,None,262000,-0.003,-0.00068,262000,-0.003,-0.00068,,,,,,,,,20,,8520300,28005,,,8258400,28005,,,,,,
NE-HVAC-AirEcono-Adjust-ExSP55F,DEER2024,D24_E+_Com_v1,6/15/2026 10:46,Any,EUn,Ex,CZ10,cDXOH,Each,1,858000,None,224000,0,-0.00069,224000,0,-0.00069,,,,,,,,,20,,8503600,27614,,,8279600,27614,,,,,,
NE-HVAC-AirEcono-Adjust-ExSP55F,DEER2024,D24_E+_Com_v1,6/15/2026 10:46,Any,EUn,Ex,CZ11,cDXOH,Each,1,858000,None,184000,0.001,-0.00273,184000,0.001,-0.00273,,,,,,,,,20,,8554200,29437,,,8370000,29437,,,,,,
NE-HVAC-AirEcono-Adjust-ExSP55F,DEER2024,D24_E+_Com_v1,6/15/2026 10:46,Any,EUn,Ex,CZ12,cDXOH,Each,1,858000,None,219000,0,-0.00068,219000,0,-0.00068,,,,,,,,,20,,8100500,30422,,,7881500,30422,,,,,,
NE-HVAC-AirEcono-Adjust-ExSP55F,DEER2024,D24_E+_Com_v1,6/15/2026 10:46,Any,EUn,Ex,CZ13,cDXOH,Each,1,858000,None,183000,0.001,-0.00034,183000,0.001,-0.00034,,,,,,,,,20,,8611100,28488,,,8428300,28488,,,,,,
NE-HVAC-AirEcono-Adjust-ExSP55F,DEER2024,D24_E+_Com_v1,6/15/2026 10:46,Any,EUn,Ex,CZ14,cDXOH,Each,1,858000,None,184000,0,-0.00136,184000,0,-0.00136,,,,,,,,,20,,8707900,29086,,,8524000,29086,,,,,,
NE-HVAC-AirEcono-Adjust-ExSP55F,DEER2024,D24_E+_Com_v1,6/15/2026 10:46,Any,EUn,Ex,CZ15,cDXOH,Each,1,858000,None,150000,0,-0.00034,150000,0,-0.00034,,,,,,,,,20,,9697300,23724,,,9547400,23724,,,,,,
NE-HVAC-AirEcono-Adjust-ExSP55F,DEER2024,D24_E+_Com_v1,6/15/2026 10:46,Any,EUn,Ex,CZ16,cDXOH,Each,1,858000,None,233000,8.49,-0.00273,233000,8.49,-0.00273,,,,,,,,,20,,8132300,35172,,,7898800,35172,,,,,,
NE-HVAC-AirEcono-Adjust-ExSP55F,DEER2024,D24_E+_Com_v1,6/15/2026 10:46,Any,EUn,Ex,CZ01,cPVVG,Each,1,858000,None,173000,45.2,-0.465,173000,45.2,-0.465,,,,,,,,,20,,6032500,57589,,,5859300,57590,,,,,,
NE-HVAC-AirEcono-Adjust-ExSP55F,DEER2024,D24_E+_Com_v1,6/15/2026 10:46,Any,EUn,Ex,CZ02,cPVVG,Each,1,858000,None,167000,13.9,-0.312,167000,13.9,-0.312,,,,,,,,,20,,6724500,48991,,,6557100,48991,,,,,,
NE-HVAC-AirEcono-Adjust-ExSP55F,DEER2024,D24_E+_Com_v1,6/15/2026 10:46,Any,EUn,Ex,CZ03,cPVVG,Each,1,858000,None,272000,29.5,-0.303,272000,29.5,-0.303,,,,,,,,,20,,6512200,41065,,,6240100,41065,,,,,,
NE-HVAC-AirEcono-Adjust-ExSP55F,DEER2024,D24_E+_Com_v1,6/15/2026 10:46,Any,EUn,Ex,CZ04,cPVVG,Each,1,858000,None,154000,0.001,-0.275,154000,0.001,-0.275,,,,,,,,,20,,7148800,45344,,,6994600,45344,,,,,,
NE-HVAC-AirEcono-Adjust-ExSP55F,DEER2024,D24_E+_Com_v1,6/15/2026 10:46,Any,EUn,Ex,CZ05,cPVVG,Each,1,858000,None,253000,41.4,-0.225,253000,41.4,-0.225,,,,,,,,,20,,6629500,41862,,,6376900,41862,,,,,,
NE-HVAC-AirEcono-Adjust-ExSP55F,DEER2024,D24_E+_Com_v1,6/15/2026 10:46,Any,EUn,Ex,CZ06,cPVVG,Each,1,858000,None,275000,9.42,-0.262,275000,9.42,-0.262,,,,,,,,,20,,7077100,31393,,,6801900,31393,,,,,,
NE-HVAC-AirEcono-Adjust-ExSP55F,DEER2024,D24_E+_Com_v1,6/15/2026 10:46,Any,EUn,Ex,CZ07,cPVVG,Each,1,858000,None,244000,0,-0.232,244000,0,-0.232,,,,,,,,,20,,7074600,30549,,,6830300,30549,,,,,,
NE-HVAC-AirEcono-Adjust-ExSP55F,DEER2024,D24_E+_Com_v1,6/15/2026 10:46,Any,EUn,Ex,CZ08,cPVVG,Each,1,858000,None,194000,0.002,-0.193,194000,0.002,-0.193,,,,,,,,,20,,7451100,31640,,,7256800,31641,,,,,,
NE-HVAC-AirEcono-Adjust-ExSP55F,DEER2024,D24_E+_Com_v1,6/15/2026 10:46,Any,EUn,Ex,CZ09,cPVVG,Each,1,858000,None,191000,0.004,-0.182,191000,0.004,-0.182,,,,,,,,,20,,7469800,32842,,,7278400,32842,,,,,,
NE-HVAC-AirEcono-Adjust-ExSP55F,DEER2024,D24_E+_Com_v1,6/15/2026 10:46,Any,EUn,Ex,CZ10,cPVVG,Each,1,858000,None,162000,0.004,-0.222,162000,0.004,-0.222,,,,,,,,,20,,7509800,32798,,,7348000,32798,,,,,,
NE-HVAC-AirEcono-Adjust-ExSP55F,DEER2024,D24_E+_Com_v1,6/15/2026 10:46,Any,EUn,Ex,CZ11,cPVVG,Each,1,858000,None,135000,0.002,-0.279,135000,0.002,-0.279,,,,,,,,,20,,7531100,44178,,,7395900,44178,,,,,,
NE-HVAC-AirEcono-Adjust-ExSP55F,DEER2024,D24_E+_Com_v1,6/15/2026 10:46,Any,EUn,Ex,CZ12,cPVVG,Each,1,858000,None,160000,0.004,-0.195,160000,0.004,-0.195,,,,,,,,,20,,7094600,44903,,,6934400,44903,,,,,,
NE-HVAC-AirEcono-Adjust-ExSP55F,DEER2024,D24_E+_Com_v1,6/15/2026 10:46,Any,EUn,Ex,CZ13,cPVVG,Each,1,858000,None,135000,0.002,-0.206,135000,0.002,-0.206,,,,,,,,,20,,7606400,40289,,,7471900,40289,,,,,,
NE-HVAC-AirEcono-Adjust-ExSP55F,DEER2024,D24_E+_Com_v1,6/15/2026 10:46,Any,EUn,Ex,CZ14,cPVVG,Each,1,858000,None,141000,0,-0.227,141000,0,-0.227,,,,,,,,,20,,7665400,42386,,,7524600,42386,,,,,,
NE-HVAC-AirEcono-Adjust-ExSP55F,DEER2024,D24_E+_Com_v1,6/15/2026 10:46,Any,EUn,Ex,CZ15,cPVVG,Each,1,858000,None,107000,0,-0.104,107000,0,-0.104,,,,,,,,,20,,8748700,26150,,,8642000,26150,,,,,,
NE-HVAC-AirEcono-Adjust-ExSP55F,DEER2024,D24_E+_Com_v1,6/15/2026 10:46,Any,EUn,Ex,CZ16,cPVVG,Each,1,858000,None,185000,7.14,-0.322,185000,7.14,-0.322,,,,,,,,,20,,6874100,58493,,,6689200,58493,,,,,,
NE-HVAC-AirEcono-Adjust-ExSP55F,DEER2024,D24_E+_Com_v1,6/15/2026 10:46,Any,Gro,Ex,CZ01,cDXGF,Each,1,50000,None,4440,1.53,0.249,4440,1.53,0.249,,,,,,,,,20,,1578200,11515,,,1573800,11515,,,,,,
NE-HVAC-AirEcono-Adjust-ExSP55F,DEER2024,D24_E+_Com_v1,6/15/2026 10:46,Any,Gro,Ex,CZ02,cDXGF,Each,1,50000,None,3450,1.43,1.26,3450,1.43,1.26,,,,,,,,,20,,1750400,8348.7,,,1746900,8347.4,,,,,,
NE-HVAC-AirEcono-Adjust-ExSP55F,DEER2024,D24_E+_Com_v1,6/15/2026 10:46,Any,Gro,Ex,CZ03,cDXGF,Each,1,50000,None,6780,1.91,0.922,6780,1.91,0.922,,,,,,,,,20,,1785700,6653,,,1778900,6652.1,,,,,,
NE-HVAC-AirEcono-Adjust-ExSP55F,DEER2024,D24_E+_Com_v1,6/15/2026 10:46,Any,Gro,Ex,CZ04,cDXGF,Each,1,50000,None,4650,-0.003,0.692,4650,-0.003,0.692,,,,,,,,,20,,1897500,6989.4,,,1892800,6988.7,,,,,,
NE-HVAC-AirEcono-Adjust-ExSP55F,DEER2024,D24_E+_Com_v1,6/15/2026 10:46,Any,Gro,Ex,CZ05,cDXGF,Each,1,50000,None,6770,2.67,1.39,6770,2.67,1.39,,,,,,,,,20,,1813200,6319.2,,,1806400,6317.8,,,,,,
NE-HVAC-AirEcono-Adjust-ExSP55F,DEER2024,D24_E+_Com_v1,6/15/2026 10:46,Any,Gro,Ex,CZ06,cDXGF,Each,1,50000,None,9120,1.03,0.485,9120,1.03,0.485,,,,,,,,,20,,2159000,3388.2,,,2149900,3387.7,,,,,,
NE-HVAC-AirEcono-Adjust-ExSP55F,DEER2024,D24_E+_Com_v1,6/15/2026 10:46,Any,Gro,Ex,CZ07,cDXGF,Each,1,50000,None,6750,0.001,0.412,6750,0.001,0.412,,,,,,,,,20,,2170100,3222.8,,,2163400,3222.4,,,,,,
NE-HVAC-AirEcono-Adjust-ExSP55F,DEER2024,D24_E+_Com_v1,6/15/2026 10:46,Any,Gro,Ex,CZ08,cDXGF,Each,1,50000,None,4640,0.006,0.523,4640,0.006,0.523,,,,,,,,,20,,2180800,3521.5,,,2176200,3521,,,,,,
NE-HVAC-AirEcono-Adjust-ExSP55F,DEER2024,D24_E+_Com_v1,6/15/2026 10:46,Any,Gro,Ex,CZ09,cDXGF,Each,1,50000,None,4220,-0.003,0.499,4220,-0.003,0.499,,,,,,,,,20,,2151100,3930.5,,,2146900,3930,,,,,,
NE-HVAC-AirEcono-Adjust-ExSP55F,DEER2024,D24_E+_Com_v1,6/15/2026 10:46,Any,Gro,Ex,CZ10,cDXGF,Each,1,50000,None,3330,-0.003,0.521,3330,-0.003,0.521,,,,,,,,,20,,2165900,3899.4,,,2162600,3898.8,,,,,,
NE-HVAC-AirEcono-Adjust-ExSP55F,DEER2024,D24_E+_Com_v1,6/15/2026 10:46,Any,Gro,Ex,CZ11,cDXGF,Each,1,50000,None,3400,0.016,0.472,3400,0.016,0.472,,,,,,,,,20,,2032800,6895.6,,,2029400,6895.1,,,,,,
NE-HVAC-AirEcono-Adjust-ExSP55F,DEER2024,D24_E+_Com_v1,6/15/2026 10:46,Any,Gro,Ex,CZ12,cDXGF,Each,1,50000,None,2220,0.01,0.843,2220,0.01,0.843,,,,,,,,,20,,1907600,7176.5,,,1905400,7175.7,,,,,,
NE-HVAC-AirEcono-Adjust-ExSP55F,DEER2024,D24_E+_Com_v1,6/15/2026 10:46,Any,Gro,Ex,CZ13,cDXGF,Each,1,50000,None,3940,0.033,0.347,3940,0.033,0.347,,,,,,,,,20,,2081400,6157.4,,,2077400,6157.1,,,,,,
NE-HVAC-AirEcono-Adjust-ExSP55F,DEER2024,D24_E+_Com_v1,6/15/2026 10:46,Any,Gro,Ex,CZ14,cDXGF,Each,1,50000,None,5350,0.001,0.0539,5350,0.001,0.0539,,,,,,,,,20,,2113700,5994.3,,,2108400,5994.2,,,,,,
NE-HVAC-AirEcono-Adjust-ExSP55F,DEER2024,D24_E+_Com_v1,6/15/2026 10:46,Any,Gro,Ex,CZ15,cDXGF,Each,1,50000,None,3870,0.018,0.0239,3870,0.018,0.0239,,,,,,,,,20,,2444200,2500.8,,,2440300,2500.8,,,,,,
NE-HVAC-AirEcono-Adjust-ExSP55F,DEER2024,D24_E+_Com_v1,6/15/2026 10:46,Any,Gro,Ex,CZ16,cDXGF,Each,1,50000,None,7230,0.805,0.029,7230,0.805,0.029,,,,,,,,,20,,1901300,9885.1,,,1894100,9885,,,,,,
NE-HVAC-AirEcono-Adjust-ExSP55F,DEER2024,D24_E+_Com_v1,6/15/2026 10:46,Any,Gro,Ex,CZ01,cDXHP,Each,1,50000,None,4450,1.54,0,4450,1.54,0,,,,,,,,,20,,1644700,2261.1,,,1640300,2261.1,,,,,,
NE-HVAC-AirEcono-Adjust-ExSP55F,DEER2024,D24_E+_Com_v1,6/15/2026 10:46,Any,Gro,Ex,CZ02,cDXHP,Each,1,50000,None,3660,1.43,0,3660,1.43,0,,,,,,,,,20,,1798000,2122.3,,,1794300,2122.3,,,,,,
NE-HVAC-AirEcono-Adjust-ExSP55F,DEER2024,D24_E+_Com_v1,6/15/2026 10:46,Any,Gro,Ex,CZ03,cDXHP,Each,1,50000,None,6850,1.95,0,6850,1.95,0,,,,,,,,,20,,1817700,2099.3,,,1810900,2099.3,,,,,,
NE-HVAC-AirEcono-Adjust-ExSP55F,DEER2024,D24_E+_Com_v1,6/15/2026 10:46,Any,Gro,Ex,CZ04,cDXHP,Each,1,50000,None,4590,-0.002,0,4590,-0.002,0,,,,,,,,,20,,1937700,2041.5,,,1933100,2041.5,,,,,,
NE-HVAC-AirEcono-Adjust-ExSP55F,DEER2024,D24_E+_Com_v1,6/15/2026 10:46,Any,Gro,Ex,CZ05,cDXHP,Each,1,50000,None,6840,2.69,0,6840,2.69,0,,,,,,,,,20,,1842700,2108.8,,,1835900,2108.8,,,,,,
NE-HVAC-AirEcono-Adjust-ExSP55F,DEER2024,D24_E+_Com_v1,6/15/2026 10:46,Any,Gro,Ex,CZ06,cDXHP,Each,1,50000,None,9240,1.03,-0.000342,9240,1.03,-0.000342,,,,,,,,,20,,2168300,1946.6,,,2159000,1946.6,,,,,,
NE-HVAC-AirEcono-Adjust-ExSP55F,DEER2024,D24_E+_Com_v1,6/15/2026 10:46,Any,Gro,Ex,CZ07,cDXHP,Each,1,50000,None,6720,0.001,0,6720,0.001,0,,,,,,,,,20,,2178800,1927.1,,,2172100,1927.1,,,,,,
NE-HVAC-AirEcono-Adjust-ExSP55F,DEER2024,D24_E+_Com_v1,6/15/2026 10:46,Any,Gro,Ex,CZ08,cDXHP,Each,1,50000,None,4550,0.006,0,4550,0.006,0,,,,,,,,,20,,2192400,1888.4,,,2187900,1888.4,,,,,,
NE-HVAC-AirEcono-Adjust-ExSP55F,DEER2024,D24_E+_Com_v1,6/15/2026 10:46,Any,Gro,Ex,CZ09,cDXHP,Each,1,50000,None,4270,-0.003,0,4270,-0.003,0,,,,,,,,,20,,2166200,1901.7,,,2161900,1901.7,,,,,,
NE-HVAC-AirEcono-Adjust-ExSP55F,DEER2024,D24_E+_Com_v1,6/15/2026 10:46,Any,Gro,Ex,CZ10,cDXHP,Each,1,50000,None,3440,-0.003,0,3440,-0.003,0,,,,,,,,,20,,2181600,1878.2,,,2178200,1878.2,,,,,,
NE-HVAC-AirEcono-Adjust-ExSP55F,DEER2024,D24_E+_Com_v1,6/15/2026 10:46,Any,Gro,Ex,CZ11,cDXHP,Each,1,50000,None,3410,0.018,0,3410,0.018,0,,,,,,,,,20,,2072600,1925,,,2069200,1925,,,,,,
NE-HVAC-AirEcono-Adjust-ExSP55F,DEER2024,D24_E+_Com_v1,6/15/2026 10:46,Any,Gro,Ex,CZ12,cDXHP,Each,1,50000,None,1480,0.011,0,1480,0.011,0,,,,,,,,,20,,1947500,2012,,,1946000,2012,,,,,,
NE-HVAC-AirEcono-Adjust-ExSP55F,DEER2024,D24_E+_Com_v1,6/15/2026 10:46,Any,Gro,Ex,CZ13,cDXHP,Each,1,50000,None,3970,0.033,0,3970,0.033,0,,,,,,,,,20,,2115500,1887.2,,,2111500,1887.2,,,,,,
NE-HVAC-AirEcono-Adjust-ExSP55F,DEER2024,D24_E+_Com_v1,6/15/2026 10:46,Any,Gro,Ex,CZ14,cDXHP,Each,1,50000,None,5360,0,0,5360,0,0,,,,,,,,,20,,2148400,1939.6,,,2143000,1939.6,,,,,,
NE-HVAC-AirEcono-Adjust-ExSP55F,DEER2024,D24_E+_Com_v1,6/15/2026 10:46,Any,Gro,Ex,CZ15,cDXHP,Each,1,50000,None,3860,0.019,0,3860,0.019,0,,,,,,,,,20,,2453100,1600.6,,,2449300,1600.6,,,,,,
NE-HVAC-AirEcono-Adjust-ExSP55F,DEER2024,D24_E+_Com_v1,6/15/2026 10:46,Any,Gro,Ex,CZ16,cDXHP,Each,1,50000,None,7280,0.811,0,7280,0.811,0,,,,,,,,,20,,1976400,2214.7,,,1969100,2214.7,,,,,,
NE-HVAC-AirEcono-Adjust-ExSP55F,DEER2024,D24_E+_Com_v1,6/15/2026 10:46,Any,Gro,Ex,CZ01,cDXOH,Each,1,50000,None,3740,1.25,0,3740,1.25,0,,,,,,,,,20,,1558200,2261.1,,,1554500,2261.1,,,,,,
NE-HVAC-AirEcono-Adjust-ExSP55F,DEER2024,D24_E+_Com_v1,6/15/2026 10:46,Any,Gro,Ex,CZ02,cDXOH,Each,1,50000,None,2860,1.42,0,2860,1.42,0,,,,,,,,,20,,1733300,2122.3,,,1730500,2122.3,,,,,,
NE-HVAC-AirEcono-Adjust-ExSP55F,DEER2024,D24_E+_Com_v1,6/15/2026 10:46,Any,Gro,Ex,CZ03,cDXOH,Each,1,50000,None,5820,1.88,0,5820,1.88,0,,,,,,,,,20,,1764500,2099.3,,,1758600,2099.3,,,,,,
NE-HVAC-AirEcono-Adjust-ExSP55F,DEER2024,D24_E+_Com_v1,6/15/2026 10:46,Any,Gro,Ex,CZ04,cDXOH,Each,1,50000,None,3440,-0.003,0,3440,-0.003,0,,,,,,,,,20,,1864100,2041.5,,,1860600,2041.5,,,,,,
NE-HVAC-AirEcono-Adjust-ExSP55F,DEER2024,D24_E+_Com_v1,6/15/2026 10:46,Any,Gro,Ex,CZ05,cDXOH,Each,1,50000,None,5920,2.49,0,5920,2.49,0,,,,,,,,,20,,1790900,2108.8,,,1785000,2108.8,,,,,,
NE-HVAC-AirEcono-Adjust-ExSP55F,DEER2024,D24_E+_Com_v1,6/15/2026 10:46,Any,Gro,Ex,CZ06,cDXOH,Each,1,50000,None,8140,1.02,0,8140,1.02,0,,,,,,,,,20,,2150800,1946.6,,,2142700,1946.6,,,,,,
NE-HVAC-AirEcono-Adjust-ExSP55F,DEER2024,D24_E+_Com_v1,6/15/2026 10:46,Any,Gro,Ex,CZ07,cDXOH,Each,1,50000,None,5530,0.001,0,5530,0.001,0,,,,,,,,,20,,2159300,1927.1,,,2153800,1927.1,,,,,,
NE-HVAC-AirEcono-Adjust-ExSP55F,DEER2024,D24_E+_Com_v1,6/15/2026 10:46,Any,Gro,Ex,CZ08,cDXOH,Each,1,50000,None,3750,0.009,0,3750,0.009,0,,,,,,,,,20,,2170300,1888.4,,,2166500,1888.4,,,,,,
NE-HVAC-AirEcono-Adjust-ExSP55F,DEER2024,D24_E+_Com_v1,6/15/2026 10:46,Any,Gro,Ex,CZ09,cDXOH,Each,1,50000,None,3980,-0.002,0.000341,3980,-0.002,0.000341,,,,,,,,,20,,2132600,1901.7,,,2128600,1901.7,,,,,,
NE-HVAC-AirEcono-Adjust-ExSP55F,DEER2024,D24_E+_Com_v1,6/15/2026 10:46,Any,Gro,Ex,CZ10,cDXOH,Each,1,50000,None,2730,-0.001,0,2730,-0.001,0,,,,,,,,,20,,2150700,1878.2,,,2148000,1878.2,,,,,,
NE-HVAC-AirEcono-Adjust-ExSP55F,DEER2024,D24_E+_Com_v1,6/15/2026 10:46,Any,Gro,Ex,CZ11,cDXOH,Each,1,50000,None,2790,0.016,0.000342,2790,0.016,0.000342,,,,,,,,,20,,2011900,1925,,,2009100,1925,,,,,,
NE-HVAC-AirEcono-Adjust-ExSP55F,DEER2024,D24_E+_Com_v1,6/15/2026 10:46,Any,Gro,Ex,CZ12,cDXOH,Each,1,50000,None,1200,0.011,0,1200,0.011,0,,,,,,,,,20,,1890000,2012,,,1888800,2012,,,,,,
NE-HVAC-AirEcono-Adjust-ExSP55F,DEER2024,D24_E+_Com_v1,6/15/2026 10:46,Any,Gro,Ex,CZ13,cDXOH,Each,1,50000,None,3260,0.033,0,3260,0.033,0,,,,,,,,,20,,2058000,1887.2,,,2054800,1887.2,,,,,,
NE-HVAC-AirEcono-Adjust-ExSP55F,DEER2024,D24_E+_Com_v1,6/15/2026 10:46,Any,Gro,Ex,CZ14,cDXOH,Each,1,50000,None,4480,0.001,0,4480,0.001,0,,,,,,,,,20,,2078400,1939.6,,,2073900,1939.6,,,,,,
NE-HVAC-AirEcono-Adjust-ExSP55F,DEER2024,D24_E+_Com_v1,6/15/2026 10:46,Any,Gro,Ex,CZ15,cDXOH,Each,1,50000,None,3300,0.02,0,3300,0.02,0,,,,,,,,,20,,2433600,1600.6,,,2430300,1600.6,,,,,,
NE-HVAC-AirEcono-Adjust-ExSP55F,DEER2024,D24_E+_Com_v1,6/15/2026 10:46,Any,Gro,Ex,CZ16,cDXOH,Each,1,50000,None,6500,0.805,0,6500,0.805,0,,,,,,,,,20,,1855600,2214.7,,,1849100,2214.7,,,,,,
NE-HVAC-AirEcono-Adjust-ExSP55F,DEER2024,D24_E+_Com_v1,6/15/2026 10:46,Any,Gro,Ex,CZ01,cPVVG,Each,1,50000,None,2100,0.708,0.042,2100,0.708,0.042,,,,,,,,,20,,1464700,14721,,,1462600,14721,,,,,,
NE-HVAC-AirEcono-Adjust-ExSP55F,DEER2024,D24_E+_Com_v1,6/15/2026 10:46,Any,Gro,Ex,CZ02,cPVVG,Each,1,50000,None,2740,0.796,0.453,2740,0.796,0.453,,,,,,,,,20,,1628200,10587,,,1625500,10586,,,,,,
NE-HVAC-AirEcono-Adjust-ExSP55F,DEER2024,D24_E+_Com_v1,6/15/2026 10:46,Any,Gro,Ex,CZ03,cPVVG,Each,1,50000,None,3990,0.981,0.44,3990,0.981,0.44,,,,,,,,,20,,1667500,8760.1,,,1663500,8759.6,,,,,,
NE-HVAC-AirEcono-Adjust-ExSP55F,DEER2024,D24_E+_Com_v1,6/15/2026 10:46,Any,Gro,Ex,CZ04,cPVVG,Each,1,50000,None,2570,0.009,0.255,2570,0.009,0.255,,,,,,,,,20,,1762200,9060,,,1759700,9059.8,,,,,,
NE-HVAC-AirEcono-Adjust-ExSP55F,DEER2024,D24_E+_Com_v1,6/15/2026 10:46,Any,Gro,Ex,CZ05,cPVVG,Each,1,50000,None,4100,1.19,0.623,4100,1.19,0.623,,,,,,,,,20,,1687700,8378.6,,,1683600,8378,,,,,,
NE-HVAC-AirEcono-Adjust-ExSP55F,DEER2024,D24_E+_Com_v1,6/15/2026 10:46,Any,Gro,Ex,CZ06,cPVVG,Each,1,50000,None,5720,0.492,0.341,5720,0.492,0.341,,,,,,,,,20,,2019000,4678.7,,,2013300,4678.3,,,,,,
NE-HVAC-AirEcono-Adjust-ExSP55F,DEER2024,D24_E+_Com_v1,6/15/2026 10:46,Any,Gro,Ex,CZ07,cPVVG,Each,1,50000,None,4470,0.013,0.164,4470,0.013,0.164,,,,,,,,,20,,2031400,4454.3,,,2027000,4454.1,,,,,,
NE-HVAC-AirEcono-Adjust-ExSP55F,DEER2024,D24_E+_Com_v1,6/15/2026 10:46,Any,Gro,Ex,CZ08,cPVVG,Each,1,50000,None,3330,0.027,0.289,3330,0.027,0.289,,,,,,,,,20,,2044900,4713.6,,,2041600,4713.3,,,,,,
NE-HVAC-AirEcono-Adjust-ExSP55F,DEER2024,D24_E+_Com_v1,6/15/2026 10:46,Any,Gro,Ex,CZ09,cPVVG,Each,1,50000,None,3180,0.01,0.275,3180,0.01,0.275,,,,,,,,,20,,2010000,5286.3,,,2006800,5286,,,,,,
NE-HVAC-AirEcono-Adjust-ExSP55F,DEER2024,D24_E+_Com_v1,6/15/2026 10:46,Any,Gro,Ex,CZ10,cPVVG,Each,1,50000,None,2220,0.015,0.349,2220,0.015,0.349,,,,,,,,,20,,2028300,5243.8,,,2026000,5243.4,,,,,,
NE-HVAC-AirEcono-Adjust-ExSP55F,DEER2024,D24_E+_Com_v1,6/15/2026 10:46,Any,Gro,Ex,CZ11,cPVVG,Each,1,50000,None,2030,0.037,0.265,2030,0.037,0.265,,,,,,,,,20,,1894100,8977.6,,,1892000,8977.4,,,,,,
NE-HVAC-AirEcono-Adjust-ExSP55F,DEER2024,D24_E+_Com_v1,6/15/2026 10:46,Any,Gro,Ex,CZ12,cPVVG,Each,1,50000,None,1470,0.033,0.743,1470,0.033,0.743,,,,,,,,,20,,1775500,9258.1,,,1774000,9257.3,,,,,,
NE-HVAC-AirEcono-Adjust-ExSP55F,DEER2024,D24_E+_Com_v1,6/15/2026 10:46,Any,Gro,Ex,CZ13,cPVVG,Each,1,50000,None,1990,0.047,0.255,1990,0.047,0.255,,,,,,,,,20,,1943700,8071.1,,,1941700,8070.8,,,,,,
NE-HVAC-AirEcono-Adjust-ExSP55F,DEER2024,D24_E+_Com_v1,6/15/2026 10:46,Any,Gro,Ex,CZ14,cPVVG,Each,1,50000,None,3100,0.001,0.0478,3100,0.001,0.0478,,,,,,,,,20,,1958600,7972.1,,,1955500,7972.1,,,,,,
NE-HVAC-AirEcono-Adjust-ExSP55F,DEER2024,D24_E+_Com_v1,6/15/2026 10:46,Any,Gro,Ex,CZ15,cPVVG,Each,1,50000,None,2420,0.061,0.0304,2420,0.061,0.0304,,,,,,,,,20,,2306100,3299.8,,,2303700,3299.7,,,,,,
NE-HVAC-AirEcono-Adjust-ExSP55F,DEER2024,D24_E+_Com_v1,6/15/2026 10:46,Any,Gro,Ex,CZ16,cPVVG,Each,1,50000,None,4140,0.587,0.0222,4140,0.587,0.0222,,,,,,,,,20,,1718300,13235,,,1714200,13235,,,,,,
NE-HVAC-AirEcono-Adjust-ExSP55F,DEER2024,D24_E+_Com_v1,6/15/2026 10:46,Any,Hsp,Ex,CZ01,cDXGF,Each,1,494000,None,39400,12.1,1.48,39400,12.1,1.48,,,,,,,,,20,,2649900,25033,,,2610500,25031,,,,,,
NE-HVAC-AirEcono-Adjust-ExSP55F,DEER2024,D24_E+_Com_v1,6/15/2026 10:46,Any,Hsp,Ex,CZ02,cDXGF,Each,1,494000,None,38500,3.57,0.208,38500,3.57,0.208,,,,,,,,,20,,3207000,23934,,,3168500,23934,,,,,,
NE-HVAC-AirEcono-Adjust-ExSP55F,DEER2024,D24_E+_Com_v1,6/15/2026 10:46,Any,Hsp,Ex,CZ03,cDXGF,Each,1,494000,None,62800,7.26,0.176,62800,7.26,0.176,,,,,,,,,20,,2928200,18734,,,2865400,18734,,,,,,
NE-HVAC-AirEcono-Adjust-ExSP55F,DEER2024,D24_E+_Com_v1,6/15/2026 10:46,Any,Hsp,Ex,CZ04,cDXGF,Each,1,494000,None,36600,0,-0.237,36600,0,-0.237,,,,,,,,,20,,3528400,22662,,,3491800,22662,,,,,,
NE-HVAC-AirEcono-Adjust-ExSP55F,DEER2024,D24_E+_Com_v1,6/15/2026 10:46,Any,Hsp,Ex,CZ05,cDXGF,Each,1,494000,None,55300,10.5,-0.201,55300,10.5,-0.201,,,,,,,,,20,,2993100,18993,,,2937800,18993,,,,,,
NE-HVAC-AirEcono-Adjust-ExSP55F,DEER2024,D24_E+_Com_v1,6/15/2026 10:46,Any,Hsp,Ex,CZ06,cDXGF,Each,1,494000,None,69400,2.33,0.444,69400,2.33,0.444,,,,,,,,,20,,3326600,12868,,,3257200,12867,,,,,,
NE-HVAC-AirEcono-Adjust-ExSP55F,DEER2024,D24_E+_Com_v1,6/15/2026 10:46,Any,Hsp,Ex,CZ07,cDXGF,Each,1,494000,None,63000,0,0.0372,63000,0,0.0372,,,,,,,,,20,,3383500,12408,,,3320500,12408,,,,,,
NE-HVAC-AirEcono-Adjust-ExSP55F,DEER2024,D24_E+_Com_v1,6/15/2026 10:46,Any,Hsp,Ex,CZ08,cDXGF,Each,1,494000,None,49400,0,-0.201,49400,0,-0.201,,,,,,,,,20,,3723900,13949,,,3674500,13949,,,,,,
NE-HVAC-AirEcono-Adjust-ExSP55F,DEER2024,D24_E+_Com_v1,6/15/2026 10:46,Any,Hsp,Ex,CZ09,cDXGF,Each,1,494000,None,47500,0,-0.135,47500,0,-0.135,,,,,,,,,20,,3718100,15055,,,3670500,15055,,,,,,
NE-HVAC-AirEcono-Adjust-ExSP55F,DEER2024,D24_E+_Com_v1,6/15/2026 10:46,Any,Hsp,Ex,CZ10,cDXGF,Each,1,494000,None,43100,0,0.165,43100,0,0.165,,,,,,,,,20,,3853900,16464,,,3810800,16464,,,,,,
NE-HVAC-AirEcono-Adjust-ExSP55F,DEER2024,D24_E+_Com_v1,6/15/2026 10:46,Any,Hsp,Ex,CZ11,cDXGF,Each,1,494000,None,33200,-0.001,-0.147,33200,-0.001,-0.147,,,,,,,,,20,,3819100,22818,,,3785900,22818,,,,,,
NE-HVAC-AirEcono-Adjust-ExSP55F,DEER2024,D24_E+_Com_v1,6/15/2026 10:46,Any,Hsp,Ex,CZ12,cDXGF,Each,1,494000,None,39200,0.001,-0.375,39200,0.001,-0.375,,,,,,,,,20,,3508600,22194,,,3469500,22195,,,,,,
NE-HVAC-AirEcono-Adjust-ExSP55F,DEER2024,D24_E+_Com_v1,6/15/2026 10:46,Any,Hsp,Ex,CZ13,cDXGF,Each,1,494000,None,33300,0,-0.00716,33300,0,-0.00716,,,,,,,,,20,,3863700,20637,,,3830500,20637,,,,,,
NE-HVAC-AirEcono-Adjust-ExSP55F,DEER2024,D24_E+_Com_v1,6/15/2026 10:46,Any,Hsp,Ex,CZ14,cDXGF,Each,1,494000,None,33300,0,-0.13,33300,0,-0.13,,,,,,,,,20,,3912300,20116,,,3879000,20116,,,,,,
NE-HVAC-AirEcono-Adjust-ExSP55F,DEER2024,D24_E+_Com_v1,6/15/2026 10:46,Any,Hsp,Ex,CZ15,cDXGF,Each,1,494000,None,28400,0,0.265,28400,0,0.265,,,,,,,,,20,,4593000,13600,,,4564600,13600,,,,,,
NE-HVAC-AirEcono-Adjust-ExSP55F,DEER2024,D24_E+_Com_v1,6/15/2026 10:46,Any,Hsp,Ex,CZ16,cDXGF,Each,1,494000,None,40400,1.2,0.00307,40400,1.2,0.00307,,,,,,,,,20,,3420100,29091,,,3379800,29091,,,,,,
NE-HVAC-AirEcono-Adjust-ExSP55F,DEER2024,D24_E+_Com_v1,6/15/2026 10:46,Any,Hsp,Ex,CZ01,cDXHP,Each,1,494000,None,39400,12.1,-0.77,39400,12.1,-0.77,,,,,,,,,20,,2663100,23341,,,2623700,23342,,,,,,
NE-HVAC-AirEcono-Adjust-ExSP55F,DEER2024,D24_E+_Com_v1,6/15/2026 10:46,Any,Hsp,Ex,CZ02,cDXHP,Each,1,494000,None,38700,3.61,0.0474,38700,3.61,0.0474,,,,,,,,,20,,3219100,22575,,,3180300,22575,,,,,,
NE-HVAC-AirEcono-Adjust-ExSP55F,DEER2024,D24_E+_Com_v1,6/15/2026 10:46,Any,Hsp,Ex,CZ03,cDXHP,Each,1,494000,None,62800,7.32,0.226,62800,7.32,0.226,,,,,,,,,20,,2933800,17978,,,2871000,17978,,,,,,
NE-HVAC-AirEcono-Adjust-ExSP55F,DEER2024,D24_E+_Com_v1,6/15/2026 10:46,Any,Hsp,Ex,CZ04,cDXHP,Each,1,494000,None,36900,-0.001,0.406,36900,-0.001,0.406,,,,,,,,,20,,3540500,21507,,,3503700,21507,,,,,,
NE-HVAC-AirEcono-Adjust-ExSP55F,DEER2024,D24_E+_Com_v1,6/15/2026 10:46,Any,Hsp,Ex,CZ05,cDXHP,Each,1,494000,None,55100,10.6,-0.0857,55100,10.6,-0.0857,,,,,,,,,20,,2999200,18217,,,2944100,18217,,,,,,
NE-HVAC-AirEcono-Adjust-ExSP55F,DEER2024,D24_E+_Com_v1,6/15/2026 10:46,Any,Hsp,Ex,CZ06,cDXHP,Each,1,494000,None,69400,2.35,-0.0751,69400,2.35,-0.0751,,,,,,,,,20,,3325300,12711,,,3255900,12711,,,,,,
NE-HVAC-AirEcono-Adjust-ExSP55F,DEER2024,D24_E+_Com_v1,6/15/2026 10:46,Any,Hsp,Ex,CZ07,cDXHP,Each,1,494000,None,62900,0,-0.0365,62900,0,-0.0365,,,,,,,,,20,,3382400,12279,,,3319500,12279,,,,,,
NE-HVAC-AirEcono-Adjust-ExSP55F,DEER2024,D24_E+_Com_v1,6/15/2026 10:46,Any,Hsp,Ex,CZ08,cDXHP,Each,1,494000,None,49600,-0.012,0.142,49600,-0.012,0.142,,,,,,,,,20,,3724400,13729,,,3674800,13729,,,,,,
NE-HVAC-AirEcono-Adjust-ExSP55F,DEER2024,D24_E+_Com_v1,6/15/2026 10:46,Any,Hsp,Ex,CZ09,cDXHP,Each,1,494000,None,47600,0,-0.0717,47600,0,-0.0717,,,,,,,,,20,,3720200,14753,,,3672600,14753,,,,,,
NE-HVAC-AirEcono-Adjust-ExSP55F,DEER2024,D24_E+_Com_v1,6/15/2026 10:46,Any,Hsp,Ex,CZ10,cDXHP,Each,1,494000,None,43200,0,-0.108,43200,0,-0.108,,,,,,,,,20,,3857000,16078,,,3813800,16078,,,,,,
NE-HVAC-AirEcono-Adjust-ExSP55F,DEER2024,D24_E+_Com_v1,6/15/2026 10:46,Any,Hsp,Ex,CZ11,cDXHP,Each,1,494000,None,33500,0,-0.0249,33500,0,-0.0249,,,,,,,,,20,,3830800,21691,,,3797400,21691,,,,,,
NE-HVAC-AirEcono-Adjust-ExSP55F,DEER2024,D24_E+_Com_v1,6/15/2026 10:46,Any,Hsp,Ex,CZ12,cDXHP,Each,1,494000,None,39400,-0.002,-0.0229,39400,-0.002,-0.0229,,,,,,,,,20,,3519200,21053,,,3479800,21053,,,,,,
NE-HVAC-AirEcono-Adjust-ExSP55F,DEER2024,D24_E+_Com_v1,6/15/2026 10:46,Any,Hsp,Ex,CZ13,cDXHP,Each,1,494000,None,33500,0,-0.0601,33500,0,-0.0601,,,,,,,,,20,,3872800,19768,,,3839300,19768,,,,,,
NE-HVAC-AirEcono-Adjust-ExSP55F,DEER2024,D24_E+_Com_v1,6/15/2026 10:46,Any,Hsp,Ex,CZ14,cDXHP,Each,1,494000,None,33600,0,-0.278,33600,0,-0.278,,,,,,,,,20,,3923100,19210,,,3889500,19210,,,,,,
NE-HVAC-AirEcono-Adjust-ExSP55F,DEER2024,D24_E+_Com_v1,6/15/2026 10:46,Any,Hsp,Ex,CZ15,cDXHP,Each,1,494000,None,28600,0,-0.0662,28600,0,-0.0662,,,,,,,,,20,,4595800,13493,,,4567200,13493,,,,,,
NE-HVAC-AirEcono-Adjust-ExSP55F,DEER2024,D24_E+_Com_v1,6/15/2026 10:46,Any,Hsp,Ex,CZ16,cDXHP,Each,1,494000,None,40600,1.21,-0.17,40600,1.21,-0.17,,,,,,,,,20,,3439800,27348,,,3399200,27348,,,,,,
NE-HVAC-AirEcono-Adjust-ExSP55F,DEER2024,D24_E+_Com_v1,6/15/2026 10:46,Any,Hsp,Ex,CZ01,cDXOH,Each,1,494000,None,39100,12,0.0205,39100,12,0.0205,,,,,,,,,20,,2648800,23639,,,2609700,23639,,,,,,
NE-HVAC-AirEcono-Adjust-ExSP55F,DEER2024,D24_E+_Com_v1,6/15/2026 10:46,Any,Hsp,Ex,CZ02,cDXOH,Each,1,494000,None,38000,3.57,-0.0717,38000,3.57,-0.0717,,,,,,,,,20,,3205800,22731,,,3167800,22731,,,,,,
NE-HVAC-AirEcono-Adjust-ExSP55F,DEER2024,D24_E+_Com_v1,6/15/2026 10:46,Any,Hsp,Ex,CZ03,cDXOH,Each,1,494000,None,62600,7.26,0.424,62600,7.26,0.424,,,,,,,,,20,,2927500,18081,,,2864900,18081,,,,,,
NE-HVAC-AirEcono-Adjust-ExSP55F,DEER2024,D24_E+_Com_v1,6/15/2026 10:46,Any,Hsp,Ex,CZ04,cDXOH,Each,1,494000,None,36200,0,0.14,36200,0,0.14,,,,,,,,,20,,3527300,21646,,,3491100,21646,,,,,,
NE-HVAC-AirEcono-Adjust-ExSP55F,DEER2024,D24_E+_Com_v1,6/15/2026 10:46,Any,Hsp,Ex,CZ05,cDXOH,Each,1,494000,None,55000,10.5,-0.108,55000,10.5,-0.108,,,,,,,,,20,,2992300,18310,,,2937300,18310,,,,,,
NE-HVAC-AirEcono-Adjust-ExSP55F,DEER2024,D24_E+_Com_v1,6/15/2026 10:46,Any,Hsp,Ex,CZ06,cDXOH,Each,1,494000,None,69300,2.33,-0.0611,69300,2.33,-0.0611,,,,,,,,,20,,3326400,12726,,,3257000,12727,,,,,,
NE-HVAC-AirEcono-Adjust-ExSP55F,DEER2024,D24_E+_Com_v1,6/15/2026 10:46,Any,Hsp,Ex,CZ07,cDXOH,Each,1,494000,None,62900,0,-0.0242,62900,0,-0.0242,,,,,,,,,20,,3383300,12290,,,3320400,12290,,,,,,
NE-HVAC-AirEcono-Adjust-ExSP55F,DEER2024,D24_E+_Com_v1,6/15/2026 10:46,Any,Hsp,Ex,CZ08,cDXOH,Each,1,494000,None,49300,-0.003,0.315,49300,-0.003,0.315,,,,,,,,,20,,3723600,13753,,,3674200,13753,,,,,,
NE-HVAC-AirEcono-Adjust-ExSP55F,DEER2024,D24_E+_Com_v1,6/15/2026 10:46,Any,Hsp,Ex,CZ09,cDXOH,Each,1,494000,None,47400,0,-0.189,47400,0,-0.189,,,,,,,,,20,,3717700,14787,,,3670300,14788,,,,,,
NE-HVAC-AirEcono-Adjust-ExSP55F,DEER2024,D24_E+_Com_v1,6/15/2026 10:46,Any,Hsp,Ex,CZ10,cDXOH,Each,1,494000,None,42900,0,-0.17,42900,0,-0.17,,,,,,,,,20,,3853400,16116,,,3810500,16116,,,,,,
NE-HVAC-AirEcono-Adjust-ExSP55F,DEER2024,D24_E+_Com_v1,6/15/2026 10:46,Any,Hsp,Ex,CZ11,cDXOH,Each,1,494000,None,33000,-0.001,-0.211,33000,-0.001,-0.211,,,,,,,,,20,,3818300,21813,,,3785400,21813,,,,,,
NE-HVAC-AirEcono-Adjust-ExSP55F,DEER2024,D24_E+_Com_v1,6/15/2026 10:46,Any,Hsp,Ex,CZ12,cDXOH,Each,1,494000,None,38900,-0.002,0.232,38900,-0.002,0.232,,,,,,,,,20,,3507800,21228,,,3468900,21228,,,,,,
NE-HVAC-AirEcono-Adjust-ExSP55F,DEER2024,D24_E+_Com_v1,6/15/2026 10:46,Any,Hsp,Ex,CZ13,cDXOH,Each,1,494000,None,33100,0,-0.0908,33100,0,-0.0908,,,,,,,,,20,,3863400,19895,,,3830300,19896,,,,,,
NE-HVAC-AirEcono-Adjust-ExSP55F,DEER2024,D24_E+_Com_v1,6/15/2026 10:46,Any,Hsp,Ex,CZ14,cDXOH,Each,1,494000,None,33000,0,0.0625,33000,0,0.0625,,,,,,,,,20,,3911600,19351,,,3878600,19351,,,,,,
NE-HVAC-AirEcono-Adjust-ExSP55F,DEER2024,D24_E+_Com_v1,6/15/2026 10:46,Any,Hsp,Ex,CZ15,cDXOH,Each,1,494000,None,28400,0,-0.223,28400,0,-0.223,,,,,,,,,20,,4592900,13506,,,4564500,13506,,,,,,
NE-HVAC-AirEcono-Adjust-ExSP55F,DEER2024,D24_E+_Com_v1,6/15/2026 10:46,Any,Hsp,Ex,CZ16,cDXOH,Each,1,494000,None,40200,1.2,-0.511,40200,1.2,-0.511,,,,,,,,,20,,3420300,27633,,,3380100,27634,,,,,,
NE-HVAC-AirEcono-Adjust-ExSP55F,DEER2024,D24_E+_Com_v1,6/15/2026 10:46,Any,Hsp,Ex,CZ01,cPVVG,Each,1,494000,None,28900,8.98,0.341,28900,8.98,0.341,,,,,,,,,20,,2473000,26261,,,2444100,26261,,,,,,
NE-HVAC-AirEcono-Adjust-ExSP55F,DEER2024,D24_E+_Com_v1,6/15/2026 10:46,Any,Hsp,Ex,CZ02,cPVVG,Each,1,494000,None,27700,2.81,-0.285,27700,2.81,-0.285,,,,,,,,,20,,3018700,25090,,,2990900,25090,,,,,,
NE-HVAC-AirEcono-Adjust-ExSP55F,DEER2024,D24_E+_Com_v1,6/15/2026 10:46,Any,Hsp,Ex,CZ03,cPVVG,Each,1,494000,None,45800,5.65,-0.111,45800,5.65,-0.111,,,,,,,,,20,,2741400,19435,,,2695700,19435,,,,,,
NE-HVAC-AirEcono-Adjust-ExSP55F,DEER2024,D24_E+_Com_v1,6/15/2026 10:46,Any,Hsp,Ex,CZ04,cPVVG,Each,1,494000,None,26500,0,-0.0939,26500,0,-0.0939,,,,,,,,,20,,3339200,23703,,,3312600,23703,,,,,,
NE-HVAC-AirEcono-Adjust-ExSP55F,DEER2024,D24_E+_Com_v1,6/15/2026 10:46,Any,Hsp,Ex,CZ05,cPVVG,Each,1,494000,None,40400,7.78,0.411,40400,7.78,0.411,,,,,,,,,20,,2804400,19742,,,2764000,19742,,,,,,
NE-HVAC-AirEcono-Adjust-ExSP55F,DEER2024,D24_E+_Com_v1,6/15/2026 10:46,Any,Hsp,Ex,CZ06,cPVVG,Each,1,494000,None,51100,1.86,-0.246,51100,1.86,-0.246,,,,,,,,,20,,3141000,13112,,,3089900,13113,,,,,,
NE-HVAC-AirEcono-Adjust-ExSP55F,DEER2024,D24_E+_Com_v1,6/15/2026 10:46,Any,Hsp,Ex,CZ07,cPVVG,Each,1,494000,None,46000,0,-0.171,46000,0,-0.171,,,,,,,,,20,,3195800,12634,,,3149800,12634,,,,,,
NE-HVAC-AirEcono-Adjust-ExSP55F,DEER2024,D24_E+_Com_v1,6/15/2026 10:46,Any,Hsp,Ex,CZ08,cPVVG,Each,1,494000,None,35900,0.013,-0.0485,35900,0.013,-0.0485,,,,,,,,,20,,3537700,14251,,,3501800,14251,,,,,,
NE-HVAC-AirEcono-Adjust-ExSP55F,DEER2024,D24_E+_Com_v1,6/15/2026 10:46,Any,Hsp,Ex,CZ09,cPVVG,Each,1,494000,None,34900,0,0.183,34900,0,0.183,,,,,,,,,20,,3525700,15448,,,3490800,15448,,,,,,
NE-HVAC-AirEcono-Adjust-ExSP55F,DEER2024,D24_E+_Com_v1,6/15/2026 10:46,Any,Hsp,Ex,CZ10,cPVVG,Each,1,494000,None,31200,0.001,-0.233,31200,0.001,-0.233,,,,,,,,,20,,3658900,16945,,,3627600,16946,,,,,,
NE-HVAC-AirEcono-Adjust-ExSP55F,DEER2024,D24_E+_Com_v1,6/15/2026 10:46,Any,Hsp,Ex,CZ11,cPVVG,Each,1,494000,None,24100,0,-0.0236,24100,0,-0.0236,,,,,,,,,20,,3631700,23855,,,3607600,23855,,,,,,
NE-HVAC-AirEcono-Adjust-ExSP55F,DEER2024,D24_E+_Com_v1,6/15/2026 10:46,Any,Hsp,Ex,CZ12,cPVVG,Each,1,494000,None,28200,0,0.0205,28200,0,0.0205,,,,,,,,,20,,3323200,23236,,,3295000,23236,,,,,,
NE-HVAC-AirEcono-Adjust-ExSP55F,DEER2024,D24_E+_Com_v1,6/15/2026 10:46,Any,Hsp,Ex,CZ13,cPVVG,Each,1,494000,None,24600,0,-0.23,24600,0,-0.23,,,,,,,,,20,,3678900,21542,,,3654300,21542,,,,,,
NE-HVAC-AirEcono-Adjust-ExSP55F,DEER2024,D24_E+_Com_v1,6/15/2026 10:46,Any,Hsp,Ex,CZ14,cPVVG,Each,1,494000,None,25300,0,-0.213,25300,0,-0.213,,,,,,,,,20,,3721400,20945,,,3696100,20945,,,,,,
NE-HVAC-AirEcono-Adjust-ExSP55F,DEER2024,D24_E+_Com_v1,6/15/2026 10:46,Any,Hsp,Ex,CZ15,cPVVG,Each,1,494000,None,20400,0,0.247,20400,0,0.247,,,,,,,,,20,,4420300,13774,,,4399900,13774,,,,,,
NE-HVAC-AirEcono-Adjust-ExSP55F,DEER2024,D24_E+_Com_v1,6/15/2026 10:46,Any,Hsp,Ex,CZ16,cPVVG,Each,1,494000,None,32000,1.05,-0.119,32000,1.05,-0.119,,,,,,,,,20,,3199800,30654,,,3167900,30654,,,,,,
NE-HVAC-AirEcono-Adjust-ExSP55F,DEER2024,D24_E+_Com_v1,6/15/2026 10:46,Any,Htl,Ex,CZ01,cDXGF,Each,1,137000,None,7930,2.5,-0.0352,7930,2.5,-0.0352,,,,,,,,,20,,421020,3868.1,,,413080,3868.1,,,,,,
NE-HVAC-AirEcono-Adjust-ExSP55F,DEER2024,D24_E+_Com_v1,6/15/2026 10:46,Any,Htl,Ex,CZ02,cDXGF,Each,1,137000,None,9360,0.805,-0.0338,9360,0.805,-0.0338,,,,,,,,,20,,491040,3177.1,,,481690,3177.2,,,,,,
NE-HVAC-AirEcono-Adjust-ExSP55F,DEER2024,D24_E+_Com_v1,6/15/2026 10:46,Any,Htl,Ex,CZ03,cDXGF,Each,1,137000,None,15300,1.56,-0.0294,15300,1.56,-0.0294,,,,,,,,,20,,474180,2367,,,458860,2367,,,,,,
NE-HVAC-AirEcono-Adjust-ExSP55F,DEER2024,D24_E+_Com_v1,6/15/2026 10:46,Any,Htl,Ex,CZ04,cDXGF,Each,1,137000,None,8940,0,-0.0259,8940,0,-0.0259,,,,,,,,,20,,533020,2744.9,,,524080,2744.9,,,,,,
NE-HVAC-AirEcono-Adjust-ExSP55F,DEER2024,D24_E+_Com_v1,6/15/2026 10:46,Any,Htl,Ex,CZ05,cDXGF,Each,1,137000,None,13700,2.6,-0.0358,13700,2.6,-0.0358,,,,,,,,,20,,477430,2203,,,463770,2203.1,,,,,,
NE-HVAC-AirEcono-Adjust-ExSP55F,DEER2024,D24_E+_Com_v1,6/15/2026 10:46,Any,Htl,Ex,CZ06,cDXGF,Each,1,137000,None,16000,0.437,-0.0143,16000,0.437,-0.0143,,,,,,,,,20,,517750,1577.6,,,501710,1577.6,,,,,,
NE-HVAC-AirEcono-Adjust-ExSP55F,DEER2024,D24_E+_Com_v1,6/15/2026 10:46,Any,Htl,Ex,CZ07,cDXGF,Each,1,137000,None,14500,0,-0.014,14500,0,-0.014,,,,,,,,,20,,516170,1541.7,,,501720,1541.7,,,,,,
NE-HVAC-AirEcono-Adjust-ExSP55F,DEER2024,D24_E+_Com_v1,6/15/2026 10:46,Any,Htl,Ex,CZ08,cDXGF,Each,1,137000,None,12100,0,-0.015,12100,0,-0.015,,,,,,,,,20,,561890,1608.1,,,549840,1608.1,,,,,,
NE-HVAC-AirEcono-Adjust-ExSP55F,DEER2024,D24_E+_Com_v1,6/15/2026 10:46,Any,Htl,Ex,CZ09,cDXGF,Each,1,137000,None,11800,0,-0.0167,11800,0,-0.0167,,,,,,,,,20,,564640,1725.8,,,552800,1725.9,,,,,,
NE-HVAC-AirEcono-Adjust-ExSP55F,DEER2024,D24_E+_Com_v1,6/15/2026 10:46,Any,Htl,Ex,CZ10,cDXGF,Each,1,137000,None,10200,0,-0.0164,10200,0,-0.0164,,,,,,,,,20,,571570,1736.2,,,561360,1736.2,,,,,,
NE-HVAC-AirEcono-Adjust-ExSP55F,DEER2024,D24_E+_Com_v1,6/15/2026 10:46,Any,Htl,Ex,CZ11,cDXGF,Each,1,137000,None,7430,0,-0.0232,7430,0,-0.0232,,,,,,,,,20,,580510,3247.3,,,573090,3247.3,,,,,,
NE-HVAC-AirEcono-Adjust-ExSP55F,DEER2024,D24_E+_Com_v1,6/15/2026 10:46,Any,Htl,Ex,CZ12,cDXGF,Each,1,137000,None,8930,0,-0.0208,8930,0,-0.0208,,,,,,,,,20,,529050,3124.3,,,520120,3124.3,,,,,,
NE-HVAC-AirEcono-Adjust-ExSP55F,DEER2024,D24_E+_Com_v1,6/15/2026 10:46,Any,Htl,Ex,CZ13,cDXGF,Each,1,137000,None,7540,0,-0.015,7540,0,-0.015,,,,,,,,,20,,588510,2850.7,,,580970,2850.7,,,,,,
NE-HVAC-AirEcono-Adjust-ExSP55F,DEER2024,D24_E+_Com_v1,6/15/2026 10:46,Any,Htl,Ex,CZ14,cDXGF,Each,1,137000,None,8090,0,-0.03,8090,0,-0.03,,,,,,,,,20,,579310,2468.6,,,571220,2468.7,,,,,,
NE-HVAC-AirEcono-Adjust-ExSP55F,DEER2024,D24_E+_Com_v1,6/15/2026 10:46,Any,Htl,Ex,CZ15,cDXGF,Each,1,137000,None,7420,0,-0.0099,7420,0,-0.0099,,,,,,,,,20,,701530,1495.2,,,694120,1495.2,,,,,,
NE-HVAC-AirEcono-Adjust-ExSP55F,DEER2024,D24_E+_Com_v1,6/15/2026 10:46,Any,Htl,Ex,CZ16,cDXGF,Each,1,137000,None,9610,0.272,-0.0355,9610,0.272,-0.0355,,,,,,,,,20,,504630,4535.9,,,495030,4535.9,,,,,,
NE-HVAC-AirEcono-Adjust-ExSP55F,DEER2024,D24_E+_Com_v1,6/15/2026 10:46,Any,Htl,Ex,CZ01,cDXHP,Each,1,137000,None,7970,2.53,-0.000683,7970,2.53,-0.000683,,,,,,,,,20,,436220,1803.4,,,428250,1803.4,,,,,,
NE-HVAC-AirEcono-Adjust-ExSP55F,DEER2024,D24_E+_Com_v1,6/15/2026 10:46,Any,Htl,Ex,CZ02,cDXHP,Each,1,137000,None,9410,0.815,-0.00171,9410,0.815,-0.00171,,,,,,,,,20,,502160,1767.8,,,492750,1767.8,,,,,,
NE-HVAC-AirEcono-Adjust-ExSP55F,DEER2024,D24_E+_Com_v1,6/15/2026 10:46,Any,Htl,Ex,CZ03,cDXHP,Each,1,137000,None,15400,1.62,-0.000342,15400,1.62,-0.000342,,,,,,,,,20,,479660,1616.6,,,464270,1616.6,,,,,,
NE-HVAC-AirEcono-Adjust-ExSP55F,DEER2024,D24_E+_Com_v1,6/15/2026 10:46,Any,Htl,Ex,CZ04,cDXHP,Each,1,137000,None,8970,0,-0.000683,8970,0,-0.000683,,,,,,,,,20,,541880,1676.7,,,532910,1676.7,,,,,,
NE-HVAC-AirEcono-Adjust-ExSP55F,DEER2024,D24_E+_Com_v1,6/15/2026 10:46,Any,Htl,Ex,CZ05,cDXHP,Each,1,137000,None,13700,2.63,-0.000341,13700,2.63,-0.000341,,,,,,,,,20,,482300,1562.2,,,468570,1562.2,,,,,,
NE-HVAC-AirEcono-Adjust-ExSP55F,DEER2024,D24_E+_Com_v1,6/15/2026 10:46,Any,Htl,Ex,CZ06,cDXHP,Each,1,137000,None,16100,0.445,0,16100,0.445,0,,,,,,,,,20,,516970,1468.3,,,500830,1468.3,,,,,,
NE-HVAC-AirEcono-Adjust-ExSP55F,DEER2024,D24_E+_Com_v1,6/15/2026 10:46,Any,Htl,Ex,CZ07,cDXHP,Each,1,137000,None,14500,0,0,14500,0,0,,,,,,,,,20,,515640,1462.4,,,501150,1462.4,,,,,,
NE-HVAC-AirEcono-Adjust-ExSP55F,DEER2024,D24_E+_Com_v1,6/15/2026 10:46,Any,Htl,Ex,CZ08,cDXHP,Each,1,137000,None,12100,0,0,12100,0,0,,,,,,,,,20,,562590,1458.1,,,550470,1458.1,,,,,,
NE-HVAC-AirEcono-Adjust-ExSP55F,DEER2024,D24_E+_Com_v1,6/15/2026 10:46,Any,Htl,Ex,CZ09,cDXHP,Each,1,137000,None,11900,0,-0.000342,11900,0,-0.000342,,,,,,,,,20,,566420,1474.7,,,554550,1474.7,,,,,,
NE-HVAC-AirEcono-Adjust-ExSP55F,DEER2024,D24_E+_Com_v1,6/15/2026 10:46,Any,Htl,Ex,CZ10,cDXHP,Each,1,137000,None,10200,0,-0.000341,10200,0,-0.000341,,,,,,,,,20,,573580,1463,,,563330,1463,,,,,,
NE-HVAC-AirEcono-Adjust-ExSP55F,DEER2024,D24_E+_Com_v1,6/15/2026 10:46,Any,Htl,Ex,CZ11,cDXHP,Each,1,137000,None,7450,0,-0.00102,7450,0,-0.00102,,,,,,,,,20,,591330,1901.9,,,583880,1901.9,,,,,,
NE-HVAC-AirEcono-Adjust-ExSP55F,DEER2024,D24_E+_Com_v1,6/15/2026 10:46,Any,Htl,Ex,CZ12,cDXHP,Each,1,137000,None,8970,0.001,-0.000682,8970,0.001,-0.000682,,,,,,,,,20,,539430,1789.5,,,530460,1789.5,,,,,,
NE-HVAC-AirEcono-Adjust-ExSP55F,DEER2024,D24_E+_Com_v1,6/15/2026 10:46,Any,Htl,Ex,CZ13,cDXHP,Each,1,137000,None,7630,0,-0.000682,7630,0,-0.000682,,,,,,,,,20,,597870,1738.5,,,590240,1738.5,,,,,,
NE-HVAC-AirEcono-Adjust-ExSP55F,DEER2024,D24_E+_Com_v1,6/15/2026 10:46,Any,Htl,Ex,CZ14,cDXHP,Each,1,137000,None,8150,0,-0.000683,8150,0,-0.000683,,,,,,,,,20,,587400,1589.8,,,579260,1589.8,,,,,,
NE-HVAC-AirEcono-Adjust-ExSP55F,DEER2024,D24_E+_Com_v1,6/15/2026 10:46,Any,Htl,Ex,CZ15,cDXHP,Each,1,137000,None,7460,0,0,7460,0,0,,,,,,,,,20,,704190,1396.5,,,696730,1396.5,,,,,,
NE-HVAC-AirEcono-Adjust-ExSP55F,DEER2024,D24_E+_Com_v1,6/15/2026 10:46,Any,Htl,Ex,CZ16,cDXHP,Each,1,137000,None,9690,0.277,-0.00239,9690,0.277,-0.00239,,,,,,,,,20,,527750,2369.5,,,518060,2369.5,,,,,,
NE-HVAC-AirEcono-Adjust-ExSP55F,DEER2024,D24_E+_Com_v1,6/15/2026 10:46,Any,Htl,Ex,CZ01,cDXOH,Each,1,137000,None,7770,2.49,-0.000683,7770,2.49,-0.000683,,,,,,,,,20,,420530,1878.3,,,412750,1878.3,,,,,,
NE-HVAC-AirEcono-Adjust-ExSP55F,DEER2024,D24_E+_Com_v1,6/15/2026 10:46,Any,Htl,Ex,CZ02,cDXOH,Each,1,137000,None,9150,0.805,-0.00137,9150,0.805,-0.00137,,,,,,,,,20,,490320,1834.7,,,481160,1834.7,,,,,,
NE-HVAC-AirEcono-Adjust-ExSP55F,DEER2024,D24_E+_Com_v1,6/15/2026 10:46,Any,Htl,Ex,CZ03,cDXOH,Each,1,137000,None,15200,1.57,-0.000682,15200,1.57,-0.000682,,,,,,,,,20,,473800,1634.3,,,458600,1634.3,,,,,,
NE-HVAC-AirEcono-Adjust-ExSP55F,DEER2024,D24_E+_Com_v1,6/15/2026 10:46,Any,Htl,Ex,CZ04,cDXOH,Each,1,137000,None,8760,0,-0.000682,8760,0,-0.000682,,,,,,,,,20,,532280,1706.9,,,523510,1706.9,,,,,,
NE-HVAC-AirEcono-Adjust-ExSP55F,DEER2024,D24_E+_Com_v1,6/15/2026 10:46,Any,Htl,Ex,CZ05,cDXOH,Each,1,137000,None,13500,2.59,-0.000341,13500,2.59,-0.000341,,,,,,,,,20,,476810,1570.6,,,463300,1570.6,,,,,,
NE-HVAC-AirEcono-Adjust-ExSP55F,DEER2024,D24_E+_Com_v1,6/15/2026 10:46,Any,Htl,Ex,CZ06,cDXOH,Each,1,137000,None,16000,0.437,0,16000,0.437,0,,,,,,,,,20,,517630,1468.4,,,501630,1468.4,,,,,,
NE-HVAC-AirEcono-Adjust-ExSP55F,DEER2024,D24_E+_Com_v1,6/15/2026 10:46,Any,Htl,Ex,CZ07,cDXOH,Each,1,137000,None,14400,0,0,14400,0,0,,,,,,,,,20,,516070,1462.4,,,501660,1462.4,,,,,,
NE-HVAC-AirEcono-Adjust-ExSP55F,DEER2024,D24_E+_Com_v1,6/15/2026 10:46,Any,Htl,Ex,CZ08,cDXOH,Each,1,137000,None,12000,0,0,12000,0,0,,,,,,,,,20,,561690,1458.3,,,549690,1458.3,,,,,,
NE-HVAC-AirEcono-Adjust-ExSP55F,DEER2024,D24_E+_Com_v1,6/15/2026 10:46,Any,Htl,Ex,CZ09,cDXOH,Each,1,137000,None,11800,0,0,11800,0,0,,,,,,,,,20,,564370,1476.3,,,552600,1476.3,,,,,,
NE-HVAC-AirEcono-Adjust-ExSP55F,DEER2024,D24_E+_Com_v1,6/15/2026 10:46,Any,Htl,Ex,CZ10,cDXOH,Each,1,137000,None,10100,0,-0.000342,10100,0,-0.000342,,,,,,,,,20,,571260,1463.7,,,561120,1463.7,,,,,,
NE-HVAC-AirEcono-Adjust-ExSP55F,DEER2024,D24_E+_Com_v1,6/15/2026 10:46,Any,Htl,Ex,CZ11,cDXOH,Each,1,137000,None,7260,0,-0.00171,7260,0,-0.00171,,,,,,,,,20,,580220,2009.7,,,572960,2009.7,,,,,,
NE-HVAC-AirEcono-Adjust-ExSP55F,DEER2024,D24_E+_Com_v1,6/15/2026 10:46,Any,Htl,Ex,CZ12,cDXOH,Each,1,137000,None,8800,0,-0.00137,8800,0,-0.00137,,,,,,,,,20,,528750,1880.9,,,519950,1880.9,,,,,,
NE-HVAC-AirEcono-Adjust-ExSP55F,DEER2024,D24_E+_Com_v1,6/15/2026 10:46,Any,Htl,Ex,CZ13,cDXOH,Each,1,137000,None,7450,0,-0.000341,7450,0,-0.000341,,,,,,,,,20,,588320,1820.1,,,580870,1820.1,,,,,,
NE-HVAC-AirEcono-Adjust-ExSP55F,DEER2024,D24_E+_Com_v1,6/15/2026 10:46,Any,Htl,Ex,CZ14,cDXOH,Each,1,137000,None,7930,0,-0.000682,7930,0,-0.000682,,,,,,,,,20,,578760,1613.2,,,570830,1613.2,,,,,,
NE-HVAC-AirEcono-Adjust-ExSP55F,DEER2024,D24_E+_Com_v1,6/15/2026 10:46,Any,Htl,Ex,CZ15,cDXOH,Each,1,137000,None,7380,0,0,7380,0,0,,,,,,,,,20,,701390,1397,,,694020,1397,,,,,,
NE-HVAC-AirEcono-Adjust-ExSP55F,DEER2024,D24_E+_Com_v1,6/15/2026 10:46,Any,Htl,Ex,CZ16,cDXOH,Each,1,137000,None,9420,0.272,-0.00273,9420,0.272,-0.00273,,,,,,,,,20,,504960,2571,,,495540,2571,,,,,,
NE-HVAC-AirEcono-Adjust-ExSP55F,DEER2024,D24_E+_Com_v1,6/15/2026 10:46,Any,Htl,Ex,CZ01,cPVVG,Each,1,137000,None,5790,1.74,-0.00444,5790,1.74,-0.00444,,,,,,,,,20,,367930,3691.5,,,362140,3691.5,,,,,,
NE-HVAC-AirEcono-Adjust-ExSP55F,DEER2024,D24_E+_Com_v1,6/15/2026 10:46,Any,Htl,Ex,CZ02,cPVVG,Each,1,137000,None,6370,0.51,-0.00478,6370,0.51,-0.00478,,,,,,,,,20,,433000,3351,,,426620,3351,,,,,,
NE-HVAC-AirEcono-Adjust-ExSP55F,DEER2024,D24_E+_Com_v1,6/15/2026 10:46,Any,Htl,Ex,CZ03,cPVVG,Each,1,137000,None,10600,1,-0.00307,10600,1,-0.00307,,,,,,,,,20,,415160,2497.7,,,404530,2497.7,,,,,,
NE-HVAC-AirEcono-Adjust-ExSP55F,DEER2024,D24_E+_Com_v1,6/15/2026 10:46,Any,Htl,Ex,CZ04,cPVVG,Each,1,137000,None,6000,0,-0.00887,6000,0,-0.00887,,,,,,,,,20,,475690,2906.2,,,469680,2906.2,,,,,,
NE-HVAC-AirEcono-Adjust-ExSP55F,DEER2024,D24_E+_Com_v1,6/15/2026 10:46,Any,Htl,Ex,CZ05,cPVVG,Each,1,137000,None,9510,1.88,-0.00478,9510,1.88,-0.00478,,,,,,,,,20,,418600,2315,,,409080,2315,,,,,,
NE-HVAC-AirEcono-Adjust-ExSP55F,DEER2024,D24_E+_Com_v1,6/15/2026 10:46,Any,Htl,Ex,CZ06,cPVVG,Each,1,137000,None,11100,0.314,-0.00341,11100,0.314,-0.00341,,,,,,,,,20,,464810,1611.3,,,453670,1611.3,,,,,,
NE-HVAC-AirEcono-Adjust-ExSP55F,DEER2024,D24_E+_Com_v1,6/15/2026 10:46,Any,Htl,Ex,CZ07,cPVVG,Each,1,137000,None,10200,0,-0.00307,10200,0,-0.00307,,,,,,,,,20,,462530,1569.5,,,452320,1569.5,,,,,,
NE-HVAC-AirEcono-Adjust-ExSP55F,DEER2024,D24_E+_Com_v1,6/15/2026 10:46,Any,Htl,Ex,CZ08,cPVVG,Each,1,137000,None,8240,0,-0.00307,8240,0,-0.00307,,,,,,,,,20,,506180,1667.8,,,497940,1667.8,,,,,,
NE-HVAC-AirEcono-Adjust-ExSP55F,DEER2024,D24_E+_Com_v1,6/15/2026 10:46,Any,Htl,Ex,CZ09,cPVVG,Each,1,137000,None,8050,0,-0.0041,8050,0,-0.0041,,,,,,,,,20,,506230,1831.8,,,498180,1831.8,,,,,,
NE-HVAC-AirEcono-Adjust-ExSP55F,DEER2024,D24_E+_Com_v1,6/15/2026 10:46,Any,Htl,Ex,CZ10,cPVVG,Each,1,137000,None,6880,0,-0.0041,6880,0,-0.0041,,,,,,,,,20,,514420,1841.2,,,507540,1841.2,,,,,,
NE-HVAC-AirEcono-Adjust-ExSP55F,DEER2024,D24_E+_Com_v1,6/15/2026 10:46,Any,Htl,Ex,CZ11,cPVVG,Each,1,137000,None,4870,0,-0.00478,4870,0,-0.00478,,,,,,,,,20,,522760,3596,,,517890,3596,,,,,,
NE-HVAC-AirEcono-Adjust-ExSP55F,DEER2024,D24_E+_Com_v1,6/15/2026 10:46,Any,Htl,Ex,CZ12,cPVVG,Each,1,137000,None,6080,0,-0.0041,6080,0,-0.0041,,,,,,,,,20,,473410,3307.5,,,467330,3307.5,,,,,,
NE-HVAC-AirEcono-Adjust-ExSP55F,DEER2024,D24_E+_Com_v1,6/15/2026 10:46,Any,Htl,Ex,CZ13,cPVVG,Each,1,137000,None,5350,0,-0.00137,5350,0,-0.00137,,,,,,,,,20,,534720,3137.7,,,529370,3137.7,,,,,,
NE-HVAC-AirEcono-Adjust-ExSP55F,DEER2024,D24_E+_Com_v1,6/15/2026 10:46,Any,Htl,Ex,CZ14,cPVVG,Each,1,137000,None,5600,0,-0.00649,5600,0,-0.00649,,,,,,,,,20,,521360,2743.9,,,515750,2743.9,,,,,,
NE-HVAC-AirEcono-Adjust-ExSP55F,DEER2024,D24_E+_Com_v1,6/15/2026 10:46,Any,Htl,Ex,CZ15,cPVVG,Each,1,137000,None,5230,0,-0.00375,5230,0,-0.00375,,,,,,,,,20,,654340,1548.1,,,649110,1548.1,,,,,,
NE-HVAC-AirEcono-Adjust-ExSP55F,DEER2024,D24_E+_Com_v1,6/15/2026 10:46,Any,Htl,Ex,CZ16,cPVVG,Each,1,137000,None,6820,0.219,-0.00751,6820,0.219,-0.00751,,,,,,,,,20,,436110,5316.4,,,429300,5316.4,,,,,,
NE-HVAC-AirEcono-Adjust-ExSP55F,DEER2024,D24_E+_Com_v1,6/15/2026 10:46,Any,MBT,Ex,CZ01,cDXGF,Each,1,400000,None,24500,8.29,-0.202,24500,8.29,-0.202,,,,,,,,,20,,3124500,175550,,,3100100,175550,,,,,,
NE-HVAC-AirEcono-Adjust-ExSP55F,DEER2024,D24_E+_Com_v1,6/15/2026 10:46,Any,MBT,Ex,CZ02,cDXGF,Each,1,400000,None,31800,3.81,-0.149,31800,3.81,-0.149,,,,,,,,,20,,3398500,141400,,,3366700,141400,,,,,,
NE-HVAC-AirEcono-Adjust-ExSP55F,DEER2024,D24_E+_Com_v1,6/15/2026 10:46,Any,MBT,Ex,CZ03,cDXGF,Each,1,400000,None,50300,6.68,-0.11,50300,6.68,-0.11,,,,,,,,,20,,3257500,115080,,,3207200,115080,,,,,,
NE-HVAC-AirEcono-Adjust-ExSP55F,DEER2024,D24_E+_Com_v1,6/15/2026 10:46,Any,MBT,Ex,CZ04,cDXGF,Each,1,400000,None,33300,0,-0.178,33300,0,-0.178,,,,,,,,,20,,3604800,123280,,,3571500,123280,,,,,,
NE-HVAC-AirEcono-Adjust-ExSP55F,DEER2024,D24_E+_Com_v1,6/15/2026 10:46,Any,MBT,Ex,CZ05,cDXGF,Each,1,400000,None,44200,9.13,-0.105,44200,9.13,-0.105,,,,,,,,,20,,3273300,120530,,,3229000,120530,,,,,,
NE-HVAC-AirEcono-Adjust-ExSP55F,DEER2024,D24_E+_Com_v1,6/15/2026 10:46,Any,MBT,Ex,CZ06,cDXGF,Each,1,400000,None,60200,2.3,-0.0659,60200,2.3,-0.0659,,,,,,,,,20,,3422000,68096,,,3361800,68096,,,,,,
NE-HVAC-AirEcono-Adjust-ExSP55F,DEER2024,D24_E+_Com_v1,6/15/2026 10:46,Any,MBT,Ex,CZ07,cDXGF,Each,1,400000,None,53500,0,-0.0676,53500,0,-0.0676,,,,,,,,,20,,3437600,64276,,,3384100,64276,,,,,,
NE-HVAC-AirEcono-Adjust-ExSP55F,DEER2024,D24_E+_Com_v1,6/15/2026 10:46,Any,MBT,Ex,CZ08,cDXGF,Each,1,400000,None,45500,0.001,-0.0577,45500,0.001,-0.0577,,,,,,,,,20,,3664700,71066,,,3619200,71067,,,,,,
NE-HVAC-AirEcono-Adjust-ExSP55F,DEER2024,D24_E+_Com_v1,6/15/2026 10:46,Any,MBT,Ex,CZ09,cDXGF,Each,1,400000,None,45200,0.001,-0.0703,45200,0.001,-0.0703,,,,,,,,,20,,3674100,75302,,,3629000,75302,,,,,,
NE-HVAC-AirEcono-Adjust-ExSP55F,DEER2024,D24_E+_Com_v1,6/15/2026 10:46,Any,MBT,Ex,CZ10,cDXGF,Each,1,400000,None,39700,0,-0.0597,39700,0,-0.0597,,,,,,,,,20,,3763900,77491,,,3724200,77491,,,,,,
NE-HVAC-AirEcono-Adjust-ExSP55F,DEER2024,D24_E+_Com_v1,6/15/2026 10:46,Any,MBT,Ex,CZ11,cDXGF,Each,1,400000,None,31300,0.003,-0.0829,31300,0.003,-0.0829,,,,,,,,,20,,3908900,110850,,,3877600,110850,,,,,,
NE-HVAC-AirEcono-Adjust-ExSP55F,DEER2024,D24_E+_Com_v1,6/15/2026 10:46,Any,MBT,Ex,CZ12,cDXGF,Each,1,400000,None,37400,0,-0.0765,37400,0,-0.0765,,,,,,,,,20,,3628700,118550,,,3591300,118550,,,,,,
NE-HVAC-AirEcono-Adjust-ExSP55F,DEER2024,D24_E+_Com_v1,6/15/2026 10:46,Any,MBT,Ex,CZ13,cDXGF,Each,1,400000,None,32400,0,-0.0672,32400,0,-0.0672,,,,,,,,,20,,3972400,101640,,,3940100,101640,,,,,,
NE-HVAC-AirEcono-Adjust-ExSP55F,DEER2024,D24_E+_Com_v1,6/15/2026 10:46,Any,MBT,Ex,CZ14,cDXGF,Each,1,400000,None,31200,0,-0.0628,31200,0,-0.0628,,,,,,,,,20,,3847900,103970,,,3816700,103970,,,,,,
NE-HVAC-AirEcono-Adjust-ExSP55F,DEER2024,D24_E+_Com_v1,6/15/2026 10:46,Any,MBT,Ex,CZ15,cDXGF,Each,1,400000,None,28600,0,-0.0659,28600,0,-0.0659,,,,,,,,,20,,4720000,55777,,,4691400,55777,,,,,,
NE-HVAC-AirEcono-Adjust-ExSP55F,DEER2024,D24_E+_Com_v1,6/15/2026 10:46,Any,MBT,Ex,CZ16,cDXGF,Each,1,400000,None,37200,1.39,-0.086,37200,1.39,-0.086,,,,,,,,,20,,3211000,131050,,,3173800,131050,,,,,,
NE-HVAC-AirEcono-Adjust-ExSP55F,DEER2024,D24_E+_Com_v1,6/15/2026 10:46,Any,MBT,Ex,CZ01,cDXHP,Each,1,400000,None,24300,8.33,-0.0631,24300,8.33,-0.0631,,,,,,,,,20,,3179900,168130,,,3155600,168130,,,,,,
NE-HVAC-AirEcono-Adjust-ExSP55F,DEER2024,D24_E+_Com_v1,6/15/2026 10:46,Any,MBT,Ex,CZ02,cDXHP,Each,1,400000,None,31800,3.84,-0.0607,31800,3.84,-0.0607,,,,,,,,,20,,3435100,136860,,,3403300,136860,,,,,,
NE-HVAC-AirEcono-Adjust-ExSP55F,DEER2024,D24_E+_Com_v1,6/15/2026 10:46,Any,MBT,Ex,CZ03,cDXHP,Each,1,400000,None,50000,6.75,-0.0475,50000,6.75,-0.0475,,,,,,,,,20,,3277900,112150,,,3227900,112150,,,,,,
NE-HVAC-AirEcono-Adjust-ExSP55F,DEER2024,D24_E+_Com_v1,6/15/2026 10:46,Any,MBT,Ex,CZ04,cDXHP,Each,1,400000,None,33400,-0.001,-0.087,33400,-0.001,-0.087,,,,,,,,,20,,3637900,119660,,,3604500,119660,,,,,,
NE-HVAC-AirEcono-Adjust-ExSP55F,DEER2024,D24_E+_Com_v1,6/15/2026 10:46,Any,MBT,Ex,CZ05,cDXHP,Each,1,400000,None,43900,9.23,-0.0389,43900,9.23,-0.0389,,,,,,,,,20,,3291900,117960,,,3248000,117960,,,,,,
NE-HVAC-AirEcono-Adjust-ExSP55F,DEER2024,D24_E+_Com_v1,6/15/2026 10:46,Any,MBT,Ex,CZ06,cDXHP,Each,1,400000,None,60000,2.32,-0.0365,60000,2.32,-0.0365,,,,,,,,,20,,3421600,67626,,,3361500,67626,,,,,,
NE-HVAC-AirEcono-Adjust-ExSP55F,DEER2024,D24_E+_Com_v1,6/15/2026 10:46,Any,MBT,Ex,CZ07,cDXHP,Each,1,400000,None,53300,0,-0.0334,53300,0,-0.0334,,,,,,,,,20,,3437100,63889,,,3383800,63889,,,,,,
NE-HVAC-AirEcono-Adjust-ExSP55F,DEER2024,D24_E+_Com_v1,6/15/2026 10:46,Any,MBT,Ex,CZ08,cDXHP,Each,1,400000,None,45500,0,-0.0157,45500,0,-0.0157,,,,,,,,,20,,3667400,70384,,,3621900,70384,,,,,,
NE-HVAC-AirEcono-Adjust-ExSP55F,DEER2024,D24_E+_Com_v1,6/15/2026 10:46,Any,MBT,Ex,CZ09,cDXHP,Each,1,400000,None,45100,0.001,-0.0294,45100,0.001,-0.0294,,,,,,,,,20,,3680900,74329,,,3635800,74329,,,,,,
NE-HVAC-AirEcono-Adjust-ExSP55F,DEER2024,D24_E+_Com_v1,6/15/2026 10:46,Any,MBT,Ex,CZ10,cDXHP,Each,1,400000,None,39700,0,-0.0229,39700,0,-0.0229,,,,,,,,,20,,3771500,76528,,,3731800,76528,,,,,,
NE-HVAC-AirEcono-Adjust-ExSP55F,DEER2024,D24_E+_Com_v1,6/15/2026 10:46,Any,MBT,Ex,CZ11,cDXHP,Each,1,400000,None,31300,0,-0.0191,31300,0,-0.0191,,,,,,,,,20,,3943600,106930,,,3912300,106930,,,,,,
NE-HVAC-AirEcono-Adjust-ExSP55F,DEER2024,D24_E+_Com_v1,6/15/2026 10:46,Any,MBT,Ex,CZ12,cDXHP,Each,1,400000,None,37400,-0.001,-0.0215,37400,-0.001,-0.0215,,,,,,,,,20,,3662500,114390,,,3625100,114390,,,,,,
NE-HVAC-AirEcono-Adjust-ExSP55F,DEER2024,D24_E+_Com_v1,6/15/2026 10:46,Any,MBT,Ex,CZ13,cDXHP,Each,1,400000,None,32400,-0.001,-0.0208,32400,-0.001,-0.0208,,,,,,,,,20,,4002000,98257,,,3969600,98257,,,,,,
NE-HVAC-AirEcono-Adjust-ExSP55F,DEER2024,D24_E+_Com_v1,6/15/2026 10:46,Any,MBT,Ex,CZ14,cDXHP,Each,1,400000,None,31400,0,0.0004,31400,0,0.0004,,,,,,,,,20,,3881700,100610,,,3850400,100610,,,,,,
NE-HVAC-AirEcono-Adjust-ExSP55F,DEER2024,D24_E+_Com_v1,6/15/2026 10:46,Any,MBT,Ex,CZ15,cDXHP,Each,1,400000,None,28700,0,-0.0324,28700,0,-0.0324,,,,,,,,,20,,4727700,55404,,,4699000,55404,,,,,,
NE-HVAC-AirEcono-Adjust-ExSP55F,DEER2024,D24_E+_Com_v1,6/15/2026 10:46,Any,MBT,Ex,CZ16,cDXHP,Each,1,400000,None,37400,1.41,-0.0297,37400,1.41,-0.0297,,,,,,,,,20,,3284100,124090,,,3246700,124090,,,,,,
NE-HVAC-AirEcono-Adjust-ExSP55F,DEER2024,D24_E+_Com_v1,6/15/2026 10:46,Any,MBT,Ex,CZ01,cDXOH,Each,1,400000,None,23700,8.19,-0.0567,23700,8.19,-0.0567,,,,,,,,,20,,3125200,168780,,,3101500,168780,,,,,,
NE-HVAC-AirEcono-Adjust-ExSP55F,DEER2024,D24_E+_Com_v1,6/15/2026 10:46,Any,MBT,Ex,CZ02,cDXOH,Each,1,400000,None,31100,3.81,-0.0324,31100,3.81,-0.0324,,,,,,,,,20,,3398100,137220,,,3367100,137220,,,,,,
NE-HVAC-AirEcono-Adjust-ExSP55F,DEER2024,D24_E+_Com_v1,6/15/2026 10:46,Any,MBT,Ex,CZ03,cDXOH,Each,1,400000,None,49900,6.68,-0.0276,49900,6.68,-0.0276,,,,,,,,,20,,3256900,112390,,,3207000,112390,,,,,,
NE-HVAC-AirEcono-Adjust-ExSP55F,DEER2024,D24_E+_Com_v1,6/15/2026 10:46,Any,MBT,Ex,CZ04,cDXOH,Each,1,400000,None,32700,0,-0.0232,32700,0,-0.0232,,,,,,,,,20,,3603700,119940,,,3571000,119940,,,,,,
NE-HVAC-AirEcono-Adjust-ExSP55F,DEER2024,D24_E+_Com_v1,6/15/2026 10:46,Any,MBT,Ex,CZ05,cDXOH,Each,1,400000,None,43700,9.13,-0.0321,43700,9.13,-0.0321,,,,,,,,,20,,3271800,118150,,,3228100,118150,,,,,,
NE-HVAC-AirEcono-Adjust-ExSP55F,DEER2024,D24_E+_Com_v1,6/15/2026 10:46,Any,MBT,Ex,CZ06,cDXOH,Each,1,400000,None,60000,2.3,-0.0341,60000,2.3,-0.0341,,,,,,,,,20,,3421600,67658,,,3361600,67658,,,,,,
NE-HVAC-AirEcono-Adjust-ExSP55F,DEER2024,D24_E+_Com_v1,6/15/2026 10:46,Any,MBT,Ex,CZ07,cDXOH,Each,1,400000,None,53400,0,-0.0324,53400,0,-0.0324,,,,,,,,,20,,3437300,63916,,,3383900,63916,,,,,,
NE-HVAC-AirEcono-Adjust-ExSP55F,DEER2024,D24_E+_Com_v1,6/15/2026 10:46,Any,MBT,Ex,CZ08,cDXOH,Each,1,400000,None,45300,0.001,-0.015,45300,0.001,-0.015,,,,,,,,,20,,3663900,70425,,,3618700,70425,,,,,,
NE-HVAC-AirEcono-Adjust-ExSP55F,DEER2024,D24_E+_Com_v1,6/15/2026 10:46,Any,MBT,Ex,CZ09,cDXOH,Each,1,400000,None,44900,0.001,-0.0256,44900,0.001,-0.0256,,,,,,,,,20,,3673200,74391,,,3628300,74391,,,,,,
NE-HVAC-AirEcono-Adjust-ExSP55F,DEER2024,D24_E+_Com_v1,6/15/2026 10:46,Any,MBT,Ex,CZ10,cDXOH,Each,1,400000,None,39400,0,-0.0263,39400,0,-0.0263,,,,,,,,,20,,3763000,76588,,,3723600,76588,,,,,,
NE-HVAC-AirEcono-Adjust-ExSP55F,DEER2024,D24_E+_Com_v1,6/15/2026 10:46,Any,MBT,Ex,CZ11,cDXOH,Each,1,400000,None,30700,0.003,-0.03,30700,0.003,-0.03,,,,,,,,,20,,3909800,107240,,,3879200,107240,,,,,,
NE-HVAC-AirEcono-Adjust-ExSP55F,DEER2024,D24_E+_Com_v1,6/15/2026 10:46,Any,MBT,Ex,CZ12,cDXOH,Each,1,400000,None,36900,0,-0.0099,36900,0,-0.0099,,,,,,,,,20,,3629600,114730,,,3592700,114730,,,,,,
NE-HVAC-AirEcono-Adjust-ExSP55F,DEER2024,D24_E+_Com_v1,6/15/2026 10:46,Any,MBT,Ex,CZ13,cDXOH,Each,1,400000,None,32000,0,-0.0222,32000,0,-0.0222,,,,,,,,,20,,3973200,98536,,,3941200,98536,,,,,,
NE-HVAC-AirEcono-Adjust-ExSP55F,DEER2024,D24_E+_Com_v1,6/15/2026 10:46,Any,MBT,Ex,CZ14,cDXOH,Each,1,400000,None,30600,0,-0.0294,30600,0,-0.0294,,,,,,,,,20,,3847500,100890,,,3816900,100890,,,,,,
NE-HVAC-AirEcono-Adjust-ExSP55F,DEER2024,D24_E+_Com_v1,6/15/2026 10:46,Any,MBT,Ex,CZ15,cDXOH,Each,1,400000,None,28500,0,-0.0498,28500,0,-0.0498,,,,,,,,,20,,4719600,55424,,,4691200,55424,,,,,,
NE-HVAC-AirEcono-Adjust-ExSP55F,DEER2024,D24_E+_Com_v1,6/15/2026 10:46,Any,MBT,Ex,CZ16,cDXOH,Each,1,400000,None,36500,1.39,-0.0382,36500,1.39,-0.0382,,,,,,,,,20,,3218000,124750,,,3181500,124750,,,,,,
NE-HVAC-AirEcono-Adjust-ExSP55F,DEER2024,D24_E+_Com_v1,6/15/2026 10:46,Any,MBT,Ex,CZ01,cPVVG,Each,1,400000,None,15300,5.59,-0.104,15300,5.59,-0.104,,,,,,,,,20,,2938300,177670,,,2923000,177670,,,,,,
NE-HVAC-AirEcono-Adjust-ExSP55F,DEER2024,D24_E+_Com_v1,6/15/2026 10:46,Any,MBT,Ex,CZ02,cPVVG,Each,1,400000,None,21500,2.75,-0.0542,21500,2.75,-0.0542,,,,,,,,,20,,3191400,143630,,,3170000,143630,,,,,,
NE-HVAC-AirEcono-Adjust-ExSP55F,DEER2024,D24_E+_Com_v1,6/15/2026 10:46,Any,MBT,Ex,CZ03,cPVVG,Each,1,400000,None,34200,4.8,-0.0764,34200,4.8,-0.0764,,,,,,,,,20,,3055800,116330,,,3021600,116330,,,,,,
NE-HVAC-AirEcono-Adjust-ExSP55F,DEER2024,D24_E+_Com_v1,6/15/2026 10:46,Any,MBT,Ex,CZ04,cPVVG,Each,1,400000,None,22900,0.002,-0.0764,22900,0.002,-0.0764,,,,,,,,,20,,3394500,125370,,,3371600,125370,,,,,,
NE-HVAC-AirEcono-Adjust-ExSP55F,DEER2024,D24_E+_Com_v1,6/15/2026 10:46,Any,MBT,Ex,CZ05,cPVVG,Each,1,400000,None,30300,6.75,-0.0608,30300,6.75,-0.0608,,,,,,,,,20,,3068500,121870,,,3038200,121870,,,,,,
NE-HVAC-AirEcono-Adjust-ExSP55F,DEER2024,D24_E+_Com_v1,6/15/2026 10:46,Any,MBT,Ex,CZ06,cPVVG,Each,1,400000,None,40800,1.71,-0.0478,40800,1.71,-0.0478,,,,,,,,,20,,3214800,68785,,,3174000,68785,,,,,,
NE-HVAC-AirEcono-Adjust-ExSP55F,DEER2024,D24_E+_Com_v1,6/15/2026 10:46,Any,MBT,Ex,CZ07,cPVVG,Each,1,400000,None,35800,0,-0.059,35800,0,-0.059,,,,,,,,,20,,3230900,64916,,,3195100,64916,,,,,,
NE-HVAC-AirEcono-Adjust-ExSP55F,DEER2024,D24_E+_Com_v1,6/15/2026 10:46,Any,MBT,Ex,CZ08,cPVVG,Each,1,400000,None,30800,0.001,-0.137,30800,0.001,-0.137,,,,,,,,,20,,3454900,71849,,,3424100,71849,,,,,,
NE-HVAC-AirEcono-Adjust-ExSP55F,DEER2024,D24_E+_Com_v1,6/15/2026 10:46,Any,MBT,Ex,CZ09,cPVVG,Each,1,400000,None,31100,0.001,-0.029,31100,0.001,-0.029,,,,,,,,,20,,3456200,76231,,,3425000,76231,,,,,,
NE-HVAC-AirEcono-Adjust-ExSP55F,DEER2024,D24_E+_Com_v1,6/15/2026 10:46,Any,MBT,Ex,CZ10,cPVVG,Each,1,400000,None,26900,0.002,-0.0515,26900,0.002,-0.0515,,,,,,,,,20,,3553800,78454,,,3526900,78454,,,,,,
NE-HVAC-AirEcono-Adjust-ExSP55F,DEER2024,D24_E+_Com_v1,6/15/2026 10:46,Any,MBT,Ex,CZ11,cPVVG,Each,1,400000,None,21500,0.004,-0.0642,21500,0.004,-0.0642,,,,,,,,,20,,3693500,113110,,,3672000,113110,,,,,,
NE-HVAC-AirEcono-Adjust-ExSP55F,DEER2024,D24_E+_Com_v1,6/15/2026 10:46,Any,MBT,Ex,CZ12,cPVVG,Each,1,400000,None,25700,0.001,-0.0324,25700,0.001,-0.0324,,,,,,,,,20,,3419300,120730,,,3393600,120730,,,,,,
NE-HVAC-AirEcono-Adjust-ExSP55F,DEER2024,D24_E+_Com_v1,6/15/2026 10:46,Any,MBT,Ex,CZ13,cPVVG,Each,1,400000,None,22600,0.001,-0.0474,22600,0.001,-0.0474,,,,,,,,,20,,3759900,103640,,,3737400,103640,,,,,,
NE-HVAC-AirEcono-Adjust-ExSP55F,DEER2024,D24_E+_Com_v1,6/15/2026 10:46,Any,MBT,Ex,CZ14,cPVVG,Each,1,400000,None,22300,0,-0.0601,22300,0,-0.0601,,,,,,,,,20,,3629400,105990,,,3607200,105990,,,,,,
NE-HVAC-AirEcono-Adjust-ExSP55F,DEER2024,D24_E+_Com_v1,6/15/2026 10:46,Any,MBT,Ex,CZ15,cPVVG,Each,1,400000,None,19100,0,-0.0406,19100,0,-0.0406,,,,,,,,,20,,4510300,56274,,,4491200,56274,,,,,,
NE-HVAC-AirEcono-Adjust-ExSP55F,DEER2024,D24_E+_Com_v1,6/15/2026 10:46,Any,MBT,Ex,CZ16,cPVVG,Each,1,400000,None,27700,1.26,-0.072,27700,1.26,-0.072,,,,,,,,,20,,2959400,134640,,,2931700,134640,,,,,,
NE-HVAC-AirEcono-Adjust-ExSP55F,DEER2024,D24_E+_Com_v1,6/15/2026 10:46,Any,MLI,Ex,CZ01,cDXGF,Each,1,100000,None,22900,8.27,-0.0242,22900,8.27,-0.0242,,,,,,,,,20,,900130,10588,,,877220,10588,,,,,,
NE-HVAC-AirEcono-Adjust-ExSP55F,DEER2024,D24_E+_Com_v1,6/15/2026 10:46,Any,MLI,Ex,CZ02,cDXGF,Each,1,100000,None,27400,4.06,-0.028,27400,4.06,-0.028,,,,,,,,,20,,1002600,7576.3,,,975180,7576.3,,,,,,
NE-HVAC-AirEcono-Adjust-ExSP55F,DEER2024,D24_E+_Com_v1,6/15/2026 10:46,Any,MLI,Ex,CZ03,cDXGF,Each,1,100000,None,43500,7.09,-0.0232,43500,7.09,-0.0232,,,,,,,,,20,,954500,5467.9,,,911010,5467.9,,,,,,
NE-HVAC-AirEcono-Adjust-ExSP55F,DEER2024,D24_E+_Com_v1,6/15/2026 10:46,Any,MLI,Ex,CZ04,cDXGF,Each,1,100000,None,28200,0.009,-0.0205,28200,0.009,-0.0205,,,,,,,,,20,,1080900,6458.1,,,1052800,6458.1,,,,,,
NE-HVAC-AirEcono-Adjust-ExSP55F,DEER2024,D24_E+_Com_v1,6/15/2026 10:46,Any,MLI,Ex,CZ05,cDXGF,Each,1,100000,None,39400,8.25,-0.0188,39400,8.25,-0.0188,,,,,,,,,20,,968700,5009.9,,,929340,5009.9,,,,,,
NE-HVAC-AirEcono-Adjust-ExSP55F,DEER2024,D24_E+_Com_v1,6/15/2026 10:46,Any,MLI,Ex,CZ06,cDXGF,Each,1,100000,None,53300,2.76,-0.0106,53300,2.76,-0.0106,,,,,,,,,20,,1037500,2462.1,,,984190,2462.1,,,,,,
NE-HVAC-AirEcono-Adjust-ExSP55F,DEER2024,D24_E+_Com_v1,6/15/2026 10:46,Any,MLI,Ex,CZ07,cDXGF,Each,1,100000,None,46800,0,-0.0116,46800,0,-0.0116,,,,,,,,,20,,1044300,2281.3,,,997480,2281.4,,,,,,
NE-HVAC-AirEcono-Adjust-ExSP55F,DEER2024,D24_E+_Com_v1,6/15/2026 10:46,Any,MLI,Ex,CZ08,cDXGF,Each,1,100000,None,37800,0.001,-0.014,37800,0.001,-0.014,,,,,,,,,20,,1111800,2728.7,,,1074000,2728.7,,,,,,
NE-HVAC-AirEcono-Adjust-ExSP55F,DEER2024,D24_E+_Com_v1,6/15/2026 10:46,Any,MLI,Ex,CZ09,cDXGF,Each,1,100000,None,36400,-0.015,-0.0109,36400,-0.015,-0.0109,,,,,,,,,20,,1121000,3141.2,,,1084600,3141.2,,,,,,
NE-HVAC-AirEcono-Adjust-ExSP55F,DEER2024,D24_E+_Com_v1,6/15/2026 10:46,Any,MLI,Ex,CZ10,cDXGF,Each,1,100000,None,33100,-0.002,-0.0123,33100,-0.002,-0.0123,,,,,,,,,20,,1135500,3053.5,,,1102400,3053.5,,,,,,
NE-HVAC-AirEcono-Adjust-ExSP55F,DEER2024,D24_E+_Com_v1,6/15/2026 10:46,Any,MLI,Ex,CZ11,cDXGF,Each,1,100000,None,26100,-0.002,-0.0232,26100,-0.002,-0.0232,,,,,,,,,20,,1150900,6825.7,,,1124800,6825.7,,,,,,
NE-HVAC-AirEcono-Adjust-ExSP55F,DEER2024,D24_E+_Com_v1,6/15/2026 10:46,Any,MLI,Ex,CZ12,cDXGF,Each,1,100000,None,31500,0.005,-0.016,31500,0.005,-0.016,,,,,,,,,20,,1081900,6896.1,,,1050400,6896.1,,,,,,
NE-HVAC-AirEcono-Adjust-ExSP55F,DEER2024,D24_E+_Com_v1,6/15/2026 10:46,Any,MLI,Ex,CZ13,cDXGF,Each,1,100000,None,29900,0.011,-0.0143,29900,0.011,-0.0143,,,,,,,,,20,,1177200,5803.3,,,1147300,5803.3,,,,,,
NE-HVAC-AirEcono-Adjust-ExSP55F,DEER2024,D24_E+_Com_v1,6/15/2026 10:46,Any,MLI,Ex,CZ14,cDXGF,Each,1,100000,None,28800,0,-0.028,28800,0,-0.028,,,,,,,,,20,,1189200,5950.4,,,1160400,5950.5,,,,,,
NE-HVAC-AirEcono-Adjust-ExSP55F,DEER2024,D24_E+_Com_v1,6/15/2026 10:46,Any,MLI,Ex,CZ15,cDXGF,Each,1,100000,None,26000,0,-0.0099,26000,0,-0.0099,,,,,,,,,20,,1381300,1938.2,,,1355200,1938.2,,,,,,
NE-HVAC-AirEcono-Adjust-ExSP55F,DEER2024,D24_E+_Com_v1,6/15/2026 10:46,Any,MLI,Ex,CZ16,cDXGF,Each,1,100000,None,36700,1.43,-0.0191,36700,1.43,-0.0191,,,,,,,,,20,,1087100,10194,,,1050400,10194,,,,,,
NE-HVAC-AirEcono-Adjust-ExSP55F,DEER2024,D24_E+_Com_v1,6/15/2026 10:46,Any,MLI,Ex,CZ01,cDXHP,Each,1,100000,None,23000,8.33,0,23000,8.33,0,,,,,,,,,20,,967160,1810.1,,,944190,1810.1,,,,,,
NE-HVAC-AirEcono-Adjust-ExSP55F,DEER2024,D24_E+_Com_v1,6/15/2026 10:46,Any,MLI,Ex,CZ02,cDXHP,Each,1,100000,None,27600,4.11,0,27600,4.11,0,,,,,,,,,20,,1051600,1701.5,,,1024000,1701.5,,,,,,
NE-HVAC-AirEcono-Adjust-ExSP55F,DEER2024,D24_E+_Com_v1,6/15/2026 10:46,Any,MLI,Ex,CZ03,cDXHP,Each,1,100000,None,43700,7.2,0,43700,7.2,0,,,,,,,,,20,,982080,1683.6,,,938430,1683.6,,,,,,
NE-HVAC-AirEcono-Adjust-ExSP55F,DEER2024,D24_E+_Com_v1,6/15/2026 10:46,Any,MLI,Ex,CZ04,cDXHP,Each,1,100000,None,28400,0.012,0,28400,0.012,0,,,,,,,,,20,,1125200,1638.1,,,1096800,1638.1,,,,,,
NE-HVAC-AirEcono-Adjust-ExSP55F,DEER2024,D24_E+_Com_v1,6/15/2026 10:46,Any,MLI,Ex,CZ05,cDXHP,Each,1,100000,None,39400,8.32,0,39400,8.32,0,,,,,,,,,20,,994110,1691,,,954660,1691,,,,,,
NE-HVAC-AirEcono-Adjust-ExSP55F,DEER2024,D24_E+_Com_v1,6/15/2026 10:46,Any,MLI,Ex,CZ06,cDXHP,Each,1,100000,None,53400,2.78,0,53400,2.78,0,,,,,,,,,20,,1041600,1564,,,988250,1564,,,,,,
NE-HVAC-AirEcono-Adjust-ExSP55F,DEER2024,D24_E+_Com_v1,6/15/2026 10:46,Any,MLI,Ex,CZ07,cDXHP,Each,1,100000,None,46800,0,0,46800,0,0,,,,,,,,,20,,1047800,1548.7,,,1001000,1548.7,,,,,,
NE-HVAC-AirEcono-Adjust-ExSP55F,DEER2024,D24_E+_Com_v1,6/15/2026 10:46,Any,MLI,Ex,CZ08,cDXHP,Each,1,100000,None,38000,0,0,38000,0,0,,,,,,,,,20,,1119200,1518.4,,,1081100,1518.4,,,,,,
NE-HVAC-AirEcono-Adjust-ExSP55F,DEER2024,D24_E+_Com_v1,6/15/2026 10:46,Any,MLI,Ex,CZ09,cDXHP,Each,1,100000,None,36500,-0.016,0,36500,-0.016,0,,,,,,,,,20,,1132700,1528.8,,,1096200,1528.8,,,,,,
NE-HVAC-AirEcono-Adjust-ExSP55F,DEER2024,D24_E+_Com_v1,6/15/2026 10:46,Any,MLI,Ex,CZ10,cDXHP,Each,1,100000,None,33200,-0.002,0,33200,-0.002,0,,,,,,,,,20,,1147200,1510.3,,,1114100,1510.3,,,,,,
NE-HVAC-AirEcono-Adjust-ExSP55F,DEER2024,D24_E+_Com_v1,6/15/2026 10:46,Any,MLI,Ex,CZ11,cDXHP,Each,1,100000,None,26300,0.003,0,26300,0.003,0,,,,,,,,,20,,1196600,1546.7,,,1170300,1546.7,,,,,,
NE-HVAC-AirEcono-Adjust-ExSP55F,DEER2024,D24_E+_Com_v1,6/15/2026 10:46,Any,MLI,Ex,CZ12,cDXHP,Each,1,100000,None,31600,0.002,0,31600,0.002,0,,,,,,,,,20,,1125000,1615,,,1093300,1615,,,,,,
NE-HVAC-AirEcono-Adjust-ExSP55F,DEER2024,D24_E+_Com_v1,6/15/2026 10:46,Any,MLI,Ex,CZ13,cDXHP,Each,1,100000,None,30100,0.017,0,30100,0.017,0,,,,,,,,,20,,1213900,1517,,,1183800,1517,,,,,,
NE-HVAC-AirEcono-Adjust-ExSP55F,DEER2024,D24_E+_Com_v1,6/15/2026 10:46,Any,MLI,Ex,CZ14,cDXHP,Each,1,100000,None,29000,0,0,29000,0,0,,,,,,,,,20,,1231600,1558,,,1202600,1558,,,,,,
NE-HVAC-AirEcono-Adjust-ExSP55F,DEER2024,D24_E+_Com_v1,6/15/2026 10:46,Any,MLI,Ex,CZ15,cDXHP,Each,1,100000,None,26100,0,0,26100,0,0,,,,,,,,,20,,1389600,1292.5,,,1363500,1292.5,,,,,,
NE-HVAC-AirEcono-Adjust-ExSP55F,DEER2024,D24_E+_Com_v1,6/15/2026 10:46,Any,MLI,Ex,CZ16,cDXHP,Each,1,100000,None,36900,1.44,0,36900,1.44,0,,,,,,,,,20,,1175400,1773.7,,,1138500,1773.7,,,,,,
NE-HVAC-AirEcono-Adjust-ExSP55F,DEER2024,D24_E+_Com_v1,6/15/2026 10:46,Any,MLI,Ex,CZ01,cDXOH,Each,1,100000,None,20600,7.87,0,20600,7.87,0,,,,,,,,,20,,907640,1810.1,,,887080,1810.1,,,,,,
NE-HVAC-AirEcono-Adjust-ExSP55F,DEER2024,D24_E+_Com_v1,6/15/2026 10:46,Any,MLI,Ex,CZ02,cDXOH,Each,1,100000,None,24500,4.06,0,24500,4.06,0,,,,,,,,,20,,1005000,1701.5,,,980510,1701.5,,,,,,
NE-HVAC-AirEcono-Adjust-ExSP55F,DEER2024,D24_E+_Com_v1,6/15/2026 10:46,Any,MLI,Ex,CZ03,cDXOH,Each,1,100000,None,41600,7.09,0,41600,7.09,0,,,,,,,,,20,,954540,1683.6,,,912970,1683.6,,,,,,
NE-HVAC-AirEcono-Adjust-ExSP55F,DEER2024,D24_E+_Com_v1,6/15/2026 10:46,Any,MLI,Ex,CZ04,cDXOH,Each,1,100000,None,25500,0.009,0,25500,0.009,0,,,,,,,,,20,,1080800,1638.1,,,1055300,1638.1,,,,,,
NE-HVAC-AirEcono-Adjust-ExSP55F,DEER2024,D24_E+_Com_v1,6/15/2026 10:46,Any,MLI,Ex,CZ05,cDXOH,Each,1,100000,None,36900,8.2,0,36900,8.2,0,,,,,,,,,20,,966190,1691,,,929340,1691,,,,,,
NE-HVAC-AirEcono-Adjust-ExSP55F,DEER2024,D24_E+_Com_v1,6/15/2026 10:46,Any,MLI,Ex,CZ06,cDXOH,Each,1,100000,None,52500,2.76,0,52500,2.76,0,,,,,,,,,20,,1036400,1564,,,983950,1564,,,,,,
NE-HVAC-AirEcono-Adjust-ExSP55F,DEER2024,D24_E+_Com_v1,6/15/2026 10:46,Any,MLI,Ex,CZ07,cDXOH,Each,1,100000,None,46000,0,0,46000,0,0,,,,,,,,,20,,1043200,1548.7,,,997200,1548.7,,,,,,
NE-HVAC-AirEcono-Adjust-ExSP55F,DEER2024,D24_E+_Com_v1,6/15/2026 10:46,Any,MLI,Ex,CZ08,cDXOH,Each,1,100000,None,36600,0.001,0,36600,0.001,0,,,,,,,,,20,,1110000,1518.4,,,1073400,1518.4,,,,,,
NE-HVAC-AirEcono-Adjust-ExSP55F,DEER2024,D24_E+_Com_v1,6/15/2026 10:46,Any,MLI,Ex,CZ09,cDXOH,Each,1,100000,None,35100,-0.015,0,35100,-0.015,0,,,,,,,,,20,,1119800,1528.8,,,1084700,1528.8,,,,,,
NE-HVAC-AirEcono-Adjust-ExSP55F,DEER2024,D24_E+_Com_v1,6/15/2026 10:46,Any,MLI,Ex,CZ10,cDXOH,Each,1,100000,None,31800,-0.002,0,31800,-0.002,0,,,,,,,,,20,,1134000,1510.3,,,1102200,1510.3,,,,,,
NE-HVAC-AirEcono-Adjust-ExSP55F,DEER2024,D24_E+_Com_v1,6/15/2026 10:46,Any,MLI,Ex,CZ11,cDXOH,Each,1,100000,None,24000,-0.002,0,24000,-0.002,0,,,,,,,,,20,,1155800,1546.7,,,1131900,1546.7,,,,,,
NE-HVAC-AirEcono-Adjust-ExSP55F,DEER2024,D24_E+_Com_v1,6/15/2026 10:46,Any,MLI,Ex,CZ12,cDXOH,Each,1,100000,None,29600,0.005,0,29600,0.005,0,,,,,,,,,20,,1087500,1615,,,1057900,1615,,,,,,
NE-HVAC-AirEcono-Adjust-ExSP55F,DEER2024,D24_E+_Com_v1,6/15/2026 10:46,Any,MLI,Ex,CZ13,cDXOH,Each,1,100000,None,28500,0.011,0,28500,0.011,0,,,,,,,,,20,,1182000,1517,,,1153500,1517,,,,,,
NE-HVAC-AirEcono-Adjust-ExSP55F,DEER2024,D24_E+_Com_v1,6/15/2026 10:46,Any,MLI,Ex,CZ14,cDXOH,Each,1,100000,None,26200,0,0,26200,0,0,,,,,,,,,20,,1191000,1558,,,1164800,1558,,,,,,
NE-HVAC-AirEcono-Adjust-ExSP55F,DEER2024,D24_E+_Com_v1,6/15/2026 10:46,Any,MLI,Ex,CZ15,cDXOH,Each,1,100000,None,25300,0,0,25300,0,0,,,,,,,,,20,,1380900,1292.5,,,1355600,1292.5,,,,,,
NE-HVAC-AirEcono-Adjust-ExSP55F,DEER2024,D24_E+_Com_v1,6/15/2026 10:46,Any,MLI,Ex,CZ16,cDXOH,Each,1,100000,None,34600,1.43,0,34600,1.43,0,,,,,,,,,20,,1105200,1773.7,,,1070600,1773.7,,,,,,
NE-HVAC-AirEcono-Adjust-ExSP55F,DEER2024,D24_E+_Com_v1,6/15/2026 10:46,Any,MLI,Ex,CZ01,cPVVG,Each,1,100000,None,12400,4.08,0.00205,12400,4.08,0.00205,,,,,,,,,20,,658150,15924,,,645750,15924,,,,,,
NE-HVAC-AirEcono-Adjust-ExSP55F,DEER2024,D24_E+_Com_v1,6/15/2026 10:46,Any,MLI,Ex,CZ02,cPVVG,Each,1,100000,None,15000,2.84,0.0379,15000,2.84,0.0379,,,,,,,,,20,,749400,11010,,,734440,11010,,,,,,
NE-HVAC-AirEcono-Adjust-ExSP55F,DEER2024,D24_E+_Com_v1,6/15/2026 10:46,Any,MLI,Ex,CZ03,cPVVG,Each,1,100000,None,24800,4.38,0.0123,24800,4.38,0.0123,,,,,,,,,20,,701460,8357.5,,,676710,8357.5,,,,,,
NE-HVAC-AirEcono-Adjust-ExSP55F,DEER2024,D24_E+_Com_v1,6/15/2026 10:46,Any,MLI,Ex,CZ04,cPVVG,Each,1,100000,None,15700,0.005,0.0253,15700,0.005,0.0253,,,,,,,,,20,,822970,9431.7,,,807290,9431.7,,,,,,
NE-HVAC-AirEcono-Adjust-ExSP55F,DEER2024,D24_E+_Com_v1,6/15/2026 10:46,Any,MLI,Ex,CZ05,cPVVG,Each,1,100000,None,22300,4.49,0.0447,22300,4.49,0.0447,,,,,,,,,20,,709460,7977.9,,,687180,7977.8,,,,,,
NE-HVAC-AirEcono-Adjust-ExSP55F,DEER2024,D24_E+_Com_v1,6/15/2026 10:46,Any,MLI,Ex,CZ06,cPVVG,Each,1,100000,None,32100,2.04,-0.00751,32100,2.04,-0.00751,,,,,,,,,20,,784510,3626.9,,,752440,3626.9,,,,,,
NE-HVAC-AirEcono-Adjust-ExSP55F,DEER2024,D24_E+_Com_v1,6/15/2026 10:46,Any,MLI,Ex,CZ07,cPVVG,Each,1,100000,None,26900,0,-0.00887,26900,0,-0.00887,,,,,,,,,20,,787730,3386.6,,,760840,3386.6,,,,,,
NE-HVAC-AirEcono-Adjust-ExSP55F,DEER2024,D24_E+_Com_v1,6/15/2026 10:46,Any,MLI,Ex,CZ08,cPVVG,Each,1,100000,None,21900,-0.001,0.00853,21900,-0.001,0.00853,,,,,,,,,20,,860910,4060.6,,,839030,4060.6,,,,,,
NE-HVAC-AirEcono-Adjust-ExSP55F,DEER2024,D24_E+_Com_v1,6/15/2026 10:46,Any,MLI,Ex,CZ09,cPVVG,Each,1,100000,None,21000,-0.018,0.00307,21000,-0.018,0.00307,,,,,,,,,20,,864320,4672.9,,,843300,4672.9,,,,,,
NE-HVAC-AirEcono-Adjust-ExSP55F,DEER2024,D24_E+_Com_v1,6/15/2026 10:46,Any,MLI,Ex,CZ10,cPVVG,Each,1,100000,None,19100,-0.004,0.0123,19100,-0.004,0.0123,,,,,,,,,20,,882810,4620.3,,,863740,4620.2,,,,,,
NE-HVAC-AirEcono-Adjust-ExSP55F,DEER2024,D24_E+_Com_v1,6/15/2026 10:46,Any,MLI,Ex,CZ11,cPVVG,Each,1,100000,None,15300,0.005,0.00717,15300,0.005,0.00717,,,,,,,,,20,,901000,9813,,,885680,9812.9,,,,,,
NE-HVAC-AirEcono-Adjust-ExSP55F,DEER2024,D24_E+_Com_v1,6/15/2026 10:46,Any,MLI,Ex,CZ12,cPVVG,Each,1,100000,None,18200,0.001,0.0195,18200,0.001,0.0195,,,,,,,,,20,,827780,9891.6,,,809530,9891.6,,,,,,
NE-HVAC-AirEcono-Adjust-ExSP55F,DEER2024,D24_E+_Com_v1,6/15/2026 10:46,Any,MLI,Ex,CZ13,cPVVG,Each,1,100000,None,18500,0.018,0.0102,18500,0.018,0.0102,,,,,,,,,20,,926530,8475.5,,,908030,8475.5,,,,,,
NE-HVAC-AirEcono-Adjust-ExSP55F,DEER2024,D24_E+_Com_v1,6/15/2026 10:46,Any,MLI,Ex,CZ14,cPVVG,Each,1,100000,None,16800,0.001,0.0106,16800,0.001,0.0106,,,,,,,,,20,,914170,8765.9,,,897380,8765.9,,,,,,
NE-HVAC-AirEcono-Adjust-ExSP55F,DEER2024,D24_E+_Com_v1,6/15/2026 10:46,Any,MLI,Ex,CZ15,cPVVG,Each,1,100000,None,15500,0,0.00785,15500,0,0.00785,,,,,,,,,20,,1143300,2743.7,,,1127900,2743.7,,,,,,
NE-HVAC-AirEcono-Adjust-ExSP55F,DEER2024,D24_E+_Com_v1,6/15/2026 10:46,Any,MLI,Ex,CZ16,cPVVG,Each,1,100000,None,22800,1.11,-0.0126,22800,1.11,-0.0126,,,,,,,,,20,,777030,15064,,,754250,15064,,,,,,
NE-HVAC-AirEcono-Adjust-ExSP55F,DEER2024,D24_E+_Com_v1,6/15/2026 10:46,Any,Mtl,Ex,CZ01,cDXGF,Each,1,30000,None,5020,1.65,-0.0109,5020,1.65,-0.0109,,,,,,,,,20,,133130,1763.8,,,128110,1763.8,,,,,,
NE-HVAC-AirEcono-Adjust-ExSP55F,DEER2024,D24_E+_Com_v1,6/15/2026 10:46,Any,Mtl,Ex,CZ02,cDXGF,Each,1,30000,None,5530,0.603,-0.00853,5530,0.603,-0.00853,,,,,,,,,20,,161380,1267,,,155850,1267,,,,,,
NE-HVAC-AirEcono-Adjust-ExSP55F,DEER2024,D24_E+_Com_v1,6/15/2026 10:46,Any,Mtl,Ex,CZ03,cDXGF,Each,1,30000,None,9200,1.22,-0.0058,9200,1.22,-0.0058,,,,,,,,,20,,154280,825.55,,,145090,825.55,,,,,,
NE-HVAC-AirEcono-Adjust-ExSP55F,DEER2024,D24_E+_Com_v1,6/15/2026 10:46,Any,Mtl,Ex,CZ04,cDXGF,Each,1,30000,None,4990,0,-0.00614,4990,0,-0.00614,,,,,,,,,20,,173840,1079.6,,,168850,1079.7,,,,,,
NE-HVAC-AirEcono-Adjust-ExSP55F,DEER2024,D24_E+_Com_v1,6/15/2026 10:46,Any,Mtl,Ex,CZ05,cDXGF,Each,1,30000,None,8300,1.67,-0.00546,8300,1.67,-0.00546,,,,,,,,,20,,156820,817.13,,,148520,817.13,,,,,,
NE-HVAC-AirEcono-Adjust-ExSP55F,DEER2024,D24_E+_Com_v1,6/15/2026 10:46,Any,Mtl,Ex,CZ06,cDXGF,Each,1,30000,None,8730,0.384,-0.0041,8730,0.384,-0.0041,,,,,,,,,20,,166170,383.54,,,157430,383.54,,,,,,
NE-HVAC-AirEcono-Adjust-ExSP55F,DEER2024,D24_E+_Com_v1,6/15/2026 10:46,Any,Mtl,Ex,CZ07,cDXGF,Each,1,30000,None,7610,0,-0.00375,7610,0,-0.00375,,,,,,,,,20,,165450,365.47,,,157840,365.48,,,,,,
NE-HVAC-AirEcono-Adjust-ExSP55F,DEER2024,D24_E+_Com_v1,6/15/2026 10:46,Any,Mtl,Ex,CZ08,cDXGF,Each,1,30000,None,6470,0,-0.0041,6470,0,-0.0041,,,,,,,,,20,,183340,445.73,,,176870,445.74,,,,,,
NE-HVAC-AirEcono-Adjust-ExSP55F,DEER2024,D24_E+_Com_v1,6/15/2026 10:46,Any,Mtl,Ex,CZ09,cDXGF,Each,1,30000,None,6540,0,-0.00375,6540,0,-0.00375,,,,,,,,,20,,186630,494.5,,,180100,494.5,,,,,,
NE-HVAC-AirEcono-Adjust-ExSP55F,DEER2024,D24_E+_Com_v1,6/15/2026 10:46,Any,Mtl,Ex,CZ10,cDXGF,Each,1,30000,None,5960,0,-0.0041,5960,0,-0.0041,,,,,,,,,20,,191440,503.78,,,185480,503.78,,,,,,
NE-HVAC-AirEcono-Adjust-ExSP55F,DEER2024,D24_E+_Com_v1,6/15/2026 10:46,Any,Mtl,Ex,CZ11,cDXGF,Each,1,30000,None,4720,0,-0.00751,4720,0,-0.00751,,,,,,,,,20,,193690,1185.2,,,188970,1185.2,,,,,,
NE-HVAC-AirEcono-Adjust-ExSP55F,DEER2024,D24_E+_Com_v1,6/15/2026 10:46,Any,Mtl,Ex,CZ12,cDXGF,Each,1,30000,None,5410,0,-0.00614,5410,0,-0.00614,,,,,,,,,20,,174400,1207.4,,,169000,1207.4,,,,,,
NE-HVAC-AirEcono-Adjust-ExSP55F,DEER2024,D24_E+_Com_v1,6/15/2026 10:46,Any,Mtl,Ex,CZ13,cDXGF,Each,1,30000,None,4820,0,-0.00239,4820,0,-0.00239,,,,,,,,,20,,194390,1052.3,,,189570,1052.3,,,,,,
NE-HVAC-AirEcono-Adjust-ExSP55F,DEER2024,D24_E+_Com_v1,6/15/2026 10:46,Any,Mtl,Ex,CZ14,cDXGF,Each,1,30000,None,5050,0,-0.00375,5050,0,-0.00375,,,,,,,,,20,,195000,974.78,,,189950,974.78,,,,,,
NE-HVAC-AirEcono-Adjust-ExSP55F,DEER2024,D24_E+_Com_v1,6/15/2026 10:46,Any,Mtl,Ex,CZ15,cDXGF,Each,1,30000,None,4430,0,-0.00239,4430,0,-0.00239,,,,,,,,,20,,241470,354.95,,,237050,354.95,,,,,,
NE-HVAC-AirEcono-Adjust-ExSP55F,DEER2024,D24_E+_Com_v1,6/15/2026 10:46,Any,Mtl,Ex,CZ16,cDXGF,Each,1,30000,None,6280,0.256,-0.00444,6280,0.256,-0.00444,,,,,,,,,20,,168920,1875.9,,,162640,1875.9,,,,,,
NE-HVAC-AirEcono-Adjust-ExSP55F,DEER2024,D24_E+_Com_v1,6/15/2026 10:46,Any,Mtl,Ex,CZ01,cDXHP,Each,1,30000,None,5050,1.66,0,5050,1.66,0,,,,,,,,,20,,144090,314.43,,,139040,314.43,,,,,,
NE-HVAC-AirEcono-Adjust-ExSP55F,DEER2024,D24_E+_Com_v1,6/15/2026 10:46,Any,Mtl,Ex,CZ02,cDXHP,Each,1,30000,None,5560,0.608,0,5560,0.608,0,,,,,,,,,20,,169280,300.16,,,163720,300.16,,,,,,
NE-HVAC-AirEcono-Adjust-ExSP55F,DEER2024,D24_E+_Com_v1,6/15/2026 10:46,Any,Mtl,Ex,CZ03,cDXHP,Each,1,30000,None,9270,1.24,0,9270,1.24,0,,,,,,,,,20,,158230,283.54,,,148960,283.54,,,,,,
NE-HVAC-AirEcono-Adjust-ExSP55F,DEER2024,D24_E+_Com_v1,6/15/2026 10:46,Any,Mtl,Ex,CZ04,cDXHP,Each,1,30000,None,5010,0,0,5010,0,0,,,,,,,,,20,,180680,290.22,,,175670,290.22,,,,,,
NE-HVAC-AirEcono-Adjust-ExSP55F,DEER2024,D24_E+_Com_v1,6/15/2026 10:46,Any,Mtl,Ex,CZ05,cDXHP,Each,1,30000,None,8370,1.68,0,8370,1.68,0,,,,,,,,,20,,160910,282.49,,,152540,282.49,,,,,,
NE-HVAC-AirEcono-Adjust-ExSP55F,DEER2024,D24_E+_Com_v1,6/15/2026 10:46,Any,Mtl,Ex,CZ06,cDXHP,Each,1,30000,None,8840,0.388,0,8840,0.388,0,,,,,,,,,20,,166590,270.31,,,157750,270.31,,,,,,
NE-HVAC-AirEcono-Adjust-ExSP55F,DEER2024,D24_E+_Com_v1,6/15/2026 10:46,Any,Mtl,Ex,CZ07,cDXHP,Each,1,30000,None,7660,0,0,7660,0,0,,,,,,,,,20,,165830,269.86,,,158170,269.86,,,,,,
NE-HVAC-AirEcono-Adjust-ExSP55F,DEER2024,D24_E+_Com_v1,6/15/2026 10:46,Any,Mtl,Ex,CZ08,cDXHP,Each,1,30000,None,6500,0,0,6500,0,0,,,,,,,,,20,,184560,268.96,,,178060,268.96,,,,,,
NE-HVAC-AirEcono-Adjust-ExSP55F,DEER2024,D24_E+_Com_v1,6/15/2026 10:46,Any,Mtl,Ex,CZ09,cDXHP,Each,1,30000,None,6550,0,0,6550,0,0,,,,,,,,,20,,188330,269.29,,,181770,269.29,,,,,,
NE-HVAC-AirEcono-Adjust-ExSP55F,DEER2024,D24_E+_Com_v1,6/15/2026 10:46,Any,Mtl,Ex,CZ10,cDXHP,Each,1,30000,None,5970,0,0,5970,0,0,,,,,,,,,20,,193200,268.73,,,187240,268.73,,,,,,
NE-HVAC-AirEcono-Adjust-ExSP55F,DEER2024,D24_E+_Com_v1,6/15/2026 10:46,Any,Mtl,Ex,CZ11,cDXHP,Each,1,30000,None,4730,0,-0.000341,4730,0,-0.000341,,,,,,,,,20,,200680,311.13,,,195960,311.13,,,,,,
NE-HVAC-AirEcono-Adjust-ExSP55F,DEER2024,D24_E+_Com_v1,6/15/2026 10:46,Any,Mtl,Ex,CZ12,cDXHP,Each,1,30000,None,5430,0,0,5430,0,0,,,,,,,,,20,,181590,301.76,,,176160,301.76,,,,,,
NE-HVAC-AirEcono-Adjust-ExSP55F,DEER2024,D24_E+_Com_v1,6/15/2026 10:46,Any,Mtl,Ex,CZ13,cDXHP,Each,1,30000,None,4830,0,0,4830,0,0,,,,,,,,,20,,200470,292.81,,,195640,292.81,,,,,,
NE-HVAC-AirEcono-Adjust-ExSP55F,DEER2024,D24_E+_Com_v1,6/15/2026 10:46,Any,Mtl,Ex,CZ14,cDXHP,Each,1,30000,None,5070,0,0,5070,0,0,,,,,,,,,20,,201370,285.2,,,196300,285.2,,,,,,
NE-HVAC-AirEcono-Adjust-ExSP55F,DEER2024,D24_E+_Com_v1,6/15/2026 10:46,Any,Mtl,Ex,CZ15,cDXHP,Each,1,30000,None,4440,0,0,4440,0,0,,,,,,,,,20,,242370,262.35,,,237930,262.35,,,,,,
NE-HVAC-AirEcono-Adjust-ExSP55F,DEER2024,D24_E+_Com_v1,6/15/2026 10:46,Any,Mtl,Ex,CZ16,cDXHP,Each,1,30000,None,6350,0.26,-0.000341,6350,0.26,-0.000341,,,,,,,,,20,,184310,417,,,177960,417,,,,,,
NE-HVAC-AirEcono-Adjust-ExSP55F,DEER2024,D24_E+_Com_v1,6/15/2026 10:46,Any,Mtl,Ex,CZ01,cDXOH,Each,1,30000,None,4750,1.61,-0.000683,4750,1.61,-0.000683,,,,,,,,,20,,133090,521.5,,,128340,521.5,,,,,,
NE-HVAC-AirEcono-Adjust-ExSP55F,DEER2024,D24_E+_Com_v1,6/15/2026 10:46,Any,Mtl,Ex,CZ02,cDXOH,Each,1,30000,None,5250,0.603,-0.00102,5250,0.603,-0.00102,,,,,,,,,20,,160960,407.66,,,155710,407.66,,,,,,
NE-HVAC-AirEcono-Adjust-ExSP55F,DEER2024,D24_E+_Com_v1,6/15/2026 10:46,Any,Mtl,Ex,CZ03,cDXOH,Each,1,30000,None,9030,1.22,-0.000341,9030,1.22,-0.000341,,,,,,,,,20,,153980,317.95,,,144950,317.95,,,,,,
NE-HVAC-AirEcono-Adjust-ExSP55F,DEER2024,D24_E+_Com_v1,6/15/2026 10:46,Any,Mtl,Ex,CZ04,cDXOH,Each,1,30000,None,4760,0,-0.000683,4760,0,-0.000683,,,,,,,,,20,,173300,345.03,,,168540,345.03,,,,,,
NE-HVAC-AirEcono-Adjust-ExSP55F,DEER2024,D24_E+_Com_v1,6/15/2026 10:46,Any,Mtl,Ex,CZ05,cDXOH,Each,1,30000,None,8060,1.66,-0.000341,8060,1.66,-0.000341,,,,,,,,,20,,156190,292.94,,,148130,292.94,,,,,,
NE-HVAC-AirEcono-Adjust-ExSP55F,DEER2024,D24_E+_Com_v1,6/15/2026 10:46,Any,Mtl,Ex,CZ06,cDXOH,Each,1,30000,None,8660,0.384,0,8660,0.384,0,,,,,,,,,20,,166010,270.31,,,157340,270.31,,,,,,
NE-HVAC-AirEcono-Adjust-ExSP55F,DEER2024,D24_E+_Com_v1,6/15/2026 10:46,Any,Mtl,Ex,CZ07,cDXOH,Each,1,30000,None,7540,0,0,7540,0,0,,,,,,,,,20,,165300,269.86,,,157760,269.86,,,,,,
NE-HVAC-AirEcono-Adjust-ExSP55F,DEER2024,D24_E+_Com_v1,6/15/2026 10:46,Any,Mtl,Ex,CZ08,cDXOH,Each,1,30000,None,6370,0,0,6370,0,0,,,,,,,,,20,,183040,268.96,,,176670,268.96,,,,,,
NE-HVAC-AirEcono-Adjust-ExSP55F,DEER2024,D24_E+_Com_v1,6/15/2026 10:46,Any,Mtl,Ex,CZ09,cDXOH,Each,1,30000,None,6430,0,0,6430,0,0,,,,,,,,,20,,186340,270.12,,,179900,270.12,,,,,,
NE-HVAC-AirEcono-Adjust-ExSP55F,DEER2024,D24_E+_Com_v1,6/15/2026 10:46,Any,Mtl,Ex,CZ10,cDXOH,Each,1,30000,None,5850,0,0,5850,0,0,,,,,,,,,20,,191100,269.04,,,185250,269.04,,,,,,
NE-HVAC-AirEcono-Adjust-ExSP55F,DEER2024,D24_E+_Com_v1,6/15/2026 10:46,Any,Mtl,Ex,CZ11,cDXOH,Each,1,30000,None,4530,0,-0.00205,4530,0,-0.00205,,,,,,,,,20,,193690,426.38,,,189160,426.38,,,,,,
NE-HVAC-AirEcono-Adjust-ExSP55F,DEER2024,D24_E+_Com_v1,6/15/2026 10:46,Any,Mtl,Ex,CZ12,cDXOH,Each,1,30000,None,5240,0,-0.000341,5240,0,-0.000341,,,,,,,,,20,,174460,428.31,,,169220,428.31,,,,,,
NE-HVAC-AirEcono-Adjust-ExSP55F,DEER2024,D24_E+_Com_v1,6/15/2026 10:46,Any,Mtl,Ex,CZ13,cDXOH,Each,1,30000,None,4690,0,-0.000341,4690,0,-0.000341,,,,,,,,,20,,194510,401.87,,,189810,401.87,,,,,,
NE-HVAC-AirEcono-Adjust-ExSP55F,DEER2024,D24_E+_Com_v1,6/15/2026 10:46,Any,Mtl,Ex,CZ14,cDXOH,Each,1,30000,None,4860,0,-0.000683,4860,0,-0.000683,,,,,,,,,20,,194700,343.45,,,189830,343.46,,,,,,
NE-HVAC-AirEcono-Adjust-ExSP55F,DEER2024,D24_E+_Com_v1,6/15/2026 10:46,Any,Mtl,Ex,CZ15,cDXOH,Each,1,30000,None,4360,0,0,4360,0,0,,,,,,,,,20,,241320,262.37,,,236960,262.37,,,,,,
NE-HVAC-AirEcono-Adjust-ExSP55F,DEER2024,D24_E+_Com_v1,6/15/2026 10:46,Any,Mtl,Ex,CZ16,cDXOH,Each,1,30000,None,6130,0.256,-0.00102,6130,0.256,-0.00102,,,,,,,,,20,,170290,711.75,,,164160,711.75,,,,,,
NE-HVAC-AirEcono-Adjust-ExSP55F,DEER2024,D24_E+_Com_v1,6/15/2026 10:46,Any,Mtl,Ex,CZ01,cPVVG,Each,1,30000,None,3200,0.949,-0.00922,3200,0.949,-0.00922,,,,,,,,,20,,98724,2428.6,,,95526,2428.6,,,,,,
NE-HVAC-AirEcono-Adjust-ExSP55F,DEER2024,D24_E+_Com_v1,6/15/2026 10:46,Any,Mtl,Ex,CZ02,cPVVG,Each,1,30000,None,3770,0.4,-0.00444,3770,0.4,-0.00444,,,,,,,,,20,,125100,1742.3,,,121330,1742.3,,,,,,
NE-HVAC-AirEcono-Adjust-ExSP55F,DEER2024,D24_E+_Com_v1,6/15/2026 10:46,Any,Mtl,Ex,CZ03,cPVVG,Each,1,30000,None,6420,0.853,0.00341,6420,0.853,0.00341,,,,,,,,,20,,116920,1152.7,,,110500,1152.7,,,,,,
NE-HVAC-AirEcono-Adjust-ExSP55F,DEER2024,D24_E+_Com_v1,6/15/2026 10:46,Any,Mtl,Ex,CZ04,cPVVG,Each,1,30000,None,3250,0,-0.00478,3250,0,-0.00478,,,,,,,,,20,,138660,1461.7,,,135410,1461.7,,,,,,
NE-HVAC-AirEcono-Adjust-ExSP55F,DEER2024,D24_E+_Com_v1,6/15/2026 10:46,Any,Mtl,Ex,CZ05,cPVVG,Each,1,30000,None,5920,1.12,0.00307,5920,1.12,0.00307,,,,,,,,,20,,119370,1178.8,,,113450,1178.8,,,,,,
NE-HVAC-AirEcono-Adjust-ExSP55F,DEER2024,D24_E+_Com_v1,6/15/2026 10:46,Any,Mtl,Ex,CZ06,cPVVG,Each,1,30000,None,5930,0.275,-0.00375,5930,0.275,-0.00375,,,,,,,,,20,,133350,513.01,,,127410,513.01,,,,,,
NE-HVAC-AirEcono-Adjust-ExSP55F,DEER2024,D24_E+_Com_v1,6/15/2026 10:46,Any,Mtl,Ex,CZ07,cPVVG,Each,1,30000,None,4990,0,-0.0058,4990,0,-0.0058,,,,,,,,,20,,132270,483.96,,,127280,483.97,,,,,,
NE-HVAC-AirEcono-Adjust-ExSP55F,DEER2024,D24_E+_Com_v1,6/15/2026 10:46,Any,Mtl,Ex,CZ08,cPVVG,Each,1,30000,None,4170,0,-0.00546,4170,0,-0.00546,,,,,,,,,20,,147880,606.11,,,143710,606.12,,,,,,
NE-HVAC-AirEcono-Adjust-ExSP55F,DEER2024,D24_E+_Com_v1,6/15/2026 10:46,Any,Mtl,Ex,CZ09,cPVVG,Each,1,30000,None,4300,0,-0.00614,4300,0,-0.00614,,,,,,,,,20,,149760,685.37,,,145460,685.38,,,,,,
NE-HVAC-AirEcono-Adjust-ExSP55F,DEER2024,D24_E+_Com_v1,6/15/2026 10:46,Any,Mtl,Ex,CZ10,cPVVG,Each,1,30000,None,3860,0,-0.00546,3860,0,-0.00546,,,,,,,,,20,,154790,700.82,,,150920,700.82,,,,,,
NE-HVAC-AirEcono-Adjust-ExSP55F,DEER2024,D24_E+_Com_v1,6/15/2026 10:46,Any,Mtl,Ex,CZ11,cPVVG,Each,1,30000,None,3090,0,-0.00717,3090,0,-0.00717,,,,,,,,,20,,156480,1605.3,,,153390,1605.3,,,,,,
NE-HVAC-AirEcono-Adjust-ExSP55F,DEER2024,D24_E+_Com_v1,6/15/2026 10:46,Any,Mtl,Ex,CZ12,cPVVG,Each,1,30000,None,3540,0,-0.00614,3540,0,-0.00614,,,,,,,,,20,,139280,1610.7,,,135740,1610.7,,,,,,
NE-HVAC-AirEcono-Adjust-ExSP55F,DEER2024,D24_E+_Com_v1,6/15/2026 10:46,Any,Mtl,Ex,CZ13,cPVVG,Each,1,30000,None,3210,-0.001,-0.00546,3210,-0.001,-0.00546,,,,,,,,,20,,159030,1413.9,,,155820,1413.9,,,,,,
NE-HVAC-AirEcono-Adjust-ExSP55F,DEER2024,D24_E+_Com_v1,6/15/2026 10:46,Any,Mtl,Ex,CZ14,cPVVG,Each,1,30000,None,3560,0,-0.00478,3560,0,-0.00478,,,,,,,,,20,,159250,1293.9,,,155690,1293.9,,,,,,
NE-HVAC-AirEcono-Adjust-ExSP55F,DEER2024,D24_E+_Com_v1,6/15/2026 10:46,Any,Mtl,Ex,CZ15,cPVVG,Each,1,30000,None,2920,0,-0.00239,2920,0,-0.00239,,,,,,,,,20,,206470,453.67,,,203550,453.67,,,,,,
NE-HVAC-AirEcono-Adjust-ExSP55F,DEER2024,D24_E+_Com_v1,6/15/2026 10:46,Any,Mtl,Ex,CZ16,cPVVG,Each,1,30000,None,4670,0.214,0.00171,4670,0.214,0.00171,,,,,,,,,20,,127690,2458.5,,,123030,2458.5,,,,,,
NE-HVAC-AirEcono-Adjust-ExSP55F,DEER2024,D24_E+_Com_v1,6/15/2026 10:46,Any,Nrs,Ex,CZ01,cDXGF,Each,1,111000,None,11400,3.57,-1.67,11400,3.57,-1.67,,,,,,,,,20,,655320,11469,,,643960,11471,,,,,,
NE-HVAC-AirEcono-Adjust-ExSP55F,DEER2024,D24_E+_Com_v1,6/15/2026 10:46,Any,Nrs,Ex,CZ02,cDXGF,Each,1,111000,None,13100,1.3,0.284,13100,1.3,0.284,,,,,,,,,20,,741100,9647.1,,,728000,9646.8,,,,,,
NE-HVAC-AirEcono-Adjust-ExSP55F,DEER2024,D24_E+_Com_v1,6/15/2026 10:46,Any,Nrs,Ex,CZ03,cDXGF,Each,1,111000,None,21900,3.19,0.85,21900,3.19,0.85,,,,,,,,,20,,718300,8239.7,,,696380,8238.9,,,,,,
NE-HVAC-AirEcono-Adjust-ExSP55F,DEER2024,D24_E+_Com_v1,6/15/2026 10:46,Any,Nrs,Ex,CZ04,cDXGF,Each,1,111000,None,12600,0.168,3.61,12600,0.168,3.61,,,,,,,,,20,,796710,9012.3,,,784100,9008.7,,,,,,
NE-HVAC-AirEcono-Adjust-ExSP55F,DEER2024,D24_E+_Com_v1,6/15/2026 10:46,Any,Nrs,Ex,CZ05,cDXGF,Each,1,111000,None,19400,3.75,2.52,19400,3.75,2.52,,,,,,,,,20,,730820,8033,,,711390,8030.5,,,,,,
NE-HVAC-AirEcono-Adjust-ExSP55F,DEER2024,D24_E+_Com_v1,6/15/2026 10:46,Any,Nrs,Ex,CZ06,cDXGF,Each,1,111000,None,23000,0.663,-6.58,23000,0.663,-6.58,,,,,,,,,20,,787880,6672.5,,,764860,6679.1,,,,,,
NE-HVAC-AirEcono-Adjust-ExSP55F,DEER2024,D24_E+_Com_v1,6/15/2026 10:46,Any,Nrs,Ex,CZ07,cDXGF,Each,1,111000,None,21100,-0.28,7.37,21100,-0.28,7.37,,,,,,,,,20,,784020,6403.3,,,762960,6396,,,,,,
NE-HVAC-AirEcono-Adjust-ExSP55F,DEER2024,D24_E+_Com_v1,6/15/2026 10:46,Any,Nrs,Ex,CZ08,cDXGF,Each,1,111000,None,17300,0.066,3.59,17300,0.066,3.59,,,,,,,,,20,,838160,6743,,,820850,6739.4,,,,,,
NE-HVAC-AirEcono-Adjust-ExSP55F,DEER2024,D24_E+_Com_v1,6/15/2026 10:46,Any,Nrs,Ex,CZ09,cDXGF,Each,1,111000,None,16900,0.008,-5.41,16900,0.008,-5.41,,,,,,,,,20,,841980,6990,,,825070,6995.4,,,,,,
NE-HVAC-AirEcono-Adjust-ExSP55F,DEER2024,D24_E+_Com_v1,6/15/2026 10:46,Any,Nrs,Ex,CZ10,cDXGF,Each,1,111000,None,14700,-0.013,2.86,14700,-0.013,2.86,,,,,,,,,20,,846510,6721.2,,,831850,6718.3,,,,,,
NE-HVAC-AirEcono-Adjust-ExSP55F,DEER2024,D24_E+_Com_v1,6/15/2026 10:46,Any,Nrs,Ex,CZ11,cDXGF,Each,1,111000,None,11700,-0.016,2.81,11700,-0.016,2.81,,,,,,,,,20,,857750,9378.5,,,846040,9375.7,,,,,,
NE-HVAC-AirEcono-Adjust-ExSP55F,DEER2024,D24_E+_Com_v1,6/15/2026 10:46,Any,Nrs,Ex,CZ12,cDXGF,Each,1,111000,None,13400,0.007,-1.03,13400,0.007,-1.03,,,,,,,,,20,,792710,9285.2,,,779360,9286.2,,,,,,
NE-HVAC-AirEcono-Adjust-ExSP55F,DEER2024,D24_E+_Com_v1,6/15/2026 10:46,Any,Nrs,Ex,CZ13,cDXGF,Each,1,111000,None,11500,-0.045,-0.7,11500,-0.045,-0.7,,,,,,,,,20,,864710,8728.9,,,853220,8729.6,,,,,,
NE-HVAC-AirEcono-Adjust-ExSP55F,DEER2024,D24_E+_Com_v1,6/15/2026 10:46,Any,Nrs,Ex,CZ14,cDXGF,Each,1,111000,None,11600,0.004,3.61,11600,0.004,3.61,,,,,,,,,20,,863870,8586.1,,,852260,8582.5,,,,,,
NE-HVAC-AirEcono-Adjust-ExSP55F,DEER2024,D24_E+_Com_v1,6/15/2026 10:46,Any,Nrs,Ex,CZ15,cDXGF,Each,1,111000,None,10400,-0.322,-4.71,10400,-0.322,-4.71,,,,,,,,,20,,1023900,6153.5,,,1013500,6158.2,,,,,,
NE-HVAC-AirEcono-Adjust-ExSP55F,DEER2024,D24_E+_Com_v1,6/15/2026 10:46,Any,Nrs,Ex,CZ16,cDXGF,Each,1,111000,None,13500,0.404,-0.944,13500,0.404,-0.944,,,,,,,,,20,,768510,12243,,,755050,12244,,,,,,
NE-HVAC-AirEcono-Adjust-ExSP55F,DEER2024,D24_E+_Com_v1,6/15/2026 10:46,Any,Nrs,Ex,CZ01,cDXHP,Each,1,111000,None,11300,3.53,1.01,11300,3.53,1.01,,,,,,,,,20,,666910,9944.3,,,655590,9943.3,,,,,,
NE-HVAC-AirEcono-Adjust-ExSP55F,DEER2024,D24_E+_Com_v1,6/15/2026 10:46,Any,Nrs,Ex,CZ02,cDXHP,Each,1,111000,None,13100,1.26,0.141,13100,1.26,0.141,,,,,,,,,20,,749470,8646.2,,,736340,8646.1,,,,,,
NE-HVAC-AirEcono-Adjust-ExSP55F,DEER2024,D24_E+_Com_v1,6/15/2026 10:46,Any,Nrs,Ex,CZ03,cDXHP,Each,1,111000,None,21900,2.8,2.57,21900,2.8,2.57,,,,,,,,,20,,722210,7697.9,,,700310,7695.4,,,,,,
NE-HVAC-AirEcono-Adjust-ExSP55F,DEER2024,D24_E+_Com_v1,6/15/2026 10:46,Any,Nrs,Ex,CZ04,cDXHP,Each,1,111000,None,12600,-0.051,2.24,12600,-0.051,2.24,,,,,,,,,20,,804170,8160.4,,,791540,8158.1,,,,,,
NE-HVAC-AirEcono-Adjust-ExSP55F,DEER2024,D24_E+_Com_v1,6/15/2026 10:46,Any,Nrs,Ex,CZ05,cDXHP,Each,1,111000,None,19300,3.91,-0.704,19300,3.91,-0.704,,,,,,,,,20,,734950,7476.4,,,715670,7477.1,,,,,,
NE-HVAC-AirEcono-Adjust-ExSP55F,DEER2024,D24_E+_Com_v1,6/15/2026 10:46,Any,Nrs,Ex,CZ06,cDXHP,Each,1,111000,None,23300,0.774,10.5,23300,0.774,10.5,,,,,,,,,20,,787470,6581.6,,,764120,6571.2,,,,,,
NE-HVAC-AirEcono-Adjust-ExSP55F,DEER2024,D24_E+_Com_v1,6/15/2026 10:46,Any,Nrs,Ex,CZ07,cDXHP,Each,1,111000,None,21000,0.591,1.46,21000,0.591,1.46,,,,,,,,,20,,783570,6334.5,,,762540,6333.1,,,,,,
NE-HVAC-AirEcono-Adjust-ExSP55F,DEER2024,D24_E+_Com_v1,6/15/2026 10:46,Any,Nrs,Ex,CZ08,cDXHP,Each,1,111000,None,17300,-0.045,-2.67,17300,-0.045,-2.67,,,,,,,,,20,,839160,6584.3,,,821830,6587,,,,,,
NE-HVAC-AirEcono-Adjust-ExSP55F,DEER2024,D24_E+_Com_v1,6/15/2026 10:46,Any,Nrs,Ex,CZ09,cDXHP,Each,1,111000,None,17000,-0.001,-0.651,17000,-0.001,-0.651,,,,,,,,,20,,843590,6789.5,,,826590,6790.2,,,,,,
NE-HVAC-AirEcono-Adjust-ExSP55F,DEER2024,D24_E+_Com_v1,6/15/2026 10:46,Any,Nrs,Ex,CZ10,cDXHP,Each,1,111000,None,14500,0.017,-5.93,14500,0.017,-5.93,,,,,,,,,20,,848140,6491.8,,,833600,6497.7,,,,,,
NE-HVAC-AirEcono-Adjust-ExSP55F,DEER2024,D24_E+_Com_v1,6/15/2026 10:46,Any,Nrs,Ex,CZ11,cDXHP,Each,1,111000,None,11700,-0.238,-2.14,11700,-0.238,-2.14,,,,,,,,,20,,864900,8503.8,,,853240,8506,,,,,,
NE-HVAC-AirEcono-Adjust-ExSP55F,DEER2024,D24_E+_Com_v1,6/15/2026 10:46,Any,Nrs,Ex,CZ12,cDXHP,Each,1,111000,None,13400,-0.018,1.71,13400,-0.018,1.71,,,,,,,,,20,,799910,8397.1,,,786500,8395.4,,,,,,
NE-HVAC-AirEcono-Adjust-ExSP55F,DEER2024,D24_E+_Com_v1,6/15/2026 10:46,Any,Nrs,Ex,CZ13,cDXHP,Each,1,111000,None,11400,-0.006,-7.31,11400,-0.006,-7.31,,,,,,,,,20,,870660,8003.6,,,859250,8010.9,,,,,,
NE-HVAC-AirEcono-Adjust-ExSP55F,DEER2024,D24_E+_Com_v1,6/15/2026 10:46,Any,Nrs,Ex,CZ14,cDXHP,Each,1,111000,None,11600,-0.048,5.02,11600,-0.048,5.02,,,,,,,,,20,,871040,7830.1,,,859390,7825,,,,,,
NE-HVAC-AirEcono-Adjust-ExSP55F,DEER2024,D24_E+_Com_v1,6/15/2026 10:46,Any,Nrs,Ex,CZ15,cDXHP,Each,1,111000,None,10500,0.046,10.9,10500,0.046,10.9,,,,,,,,,20,,1025200,6070.4,,,1014700,6059.4,,,,,,
NE-HVAC-AirEcono-Adjust-ExSP55F,DEER2024,D24_E+_Com_v1,6/15/2026 10:46,Any,Nrs,Ex,CZ16,cDXHP,Each,1,111000,None,13500,0.334,-8.62,13500,0.334,-8.62,,,,,,,,,20,,785310,10724,,,771830,10733,,,,,,
NE-HVAC-AirEcono-Adjust-ExSP55F,DEER2024,D24_E+_Com_v1,6/15/2026 10:46,Any,Nrs,Ex,CZ01,cDXOH,Each,1,111000,None,11200,3.9,-1.62,11200,3.9,-1.62,,,,,,,,,20,,654950,10248,,,643760,10250,,,,,,
NE-HVAC-AirEcono-Adjust-ExSP55F,DEER2024,D24_E+_Com_v1,6/15/2026 10:46,Any,Nrs,Ex,CZ02,cDXOH,Each,1,111000,None,12900,1.22,-1.55,12900,1.22,-1.55,,,,,,,,,20,,740500,8809.7,,,727590,8811.3,,,,,,
NE-HVAC-AirEcono-Adjust-ExSP55F,DEER2024,D24_E+_Com_v1,6/15/2026 10:46,Any,Nrs,Ex,CZ03,cDXOH,Each,1,111000,None,21800,2.3,0.676,21800,2.3,0.676,,,,,,,,,20,,718040,7785,,,696200,7784.4,,,,,,
NE-HVAC-AirEcono-Adjust-ExSP55F,DEER2024,D24_E+_Com_v1,6/15/2026 10:46,Any,Nrs,Ex,CZ04,cDXOH,Each,1,111000,None,12400,-0.059,-1.66,12400,-0.059,-1.66,,,,,,,,,20,,796070,8295.1,,,783710,8296.8,,,,,,
NE-HVAC-AirEcono-Adjust-ExSP55F,DEER2024,D24_E+_Com_v1,6/15/2026 10:46,Any,Nrs,Ex,CZ05,cDXOH,Each,1,111000,None,19300,4.03,0.956,19300,4.03,0.956,,,,,,,,,20,,730290,7556.8,,,711000,7555.8,,,,,,
NE-HVAC-AirEcono-Adjust-ExSP55F,DEER2024,D24_E+_Com_v1,6/15/2026 10:46,Any,Nrs,Ex,CZ06,cDXOH,Each,1,111000,None,23100,0.859,4.09,23100,0.859,4.09,,,,,,,,,20,,787830,6591.3,,,764710,6587.2,,,,,,
NE-HVAC-AirEcono-Adjust-ExSP55F,DEER2024,D24_E+_Com_v1,6/15/2026 10:46,Any,Nrs,Ex,CZ07,cDXOH,Each,1,111000,None,21000,-0.415,0.834,21000,-0.415,0.834,,,,,,,,,20,,783900,6338.6,,,762930,6337.7,,,,,,
NE-HVAC-AirEcono-Adjust-ExSP55F,DEER2024,D24_E+_Com_v1,6/15/2026 10:46,Any,Nrs,Ex,CZ08,cDXOH,Each,1,111000,None,17200,-0.045,1.42,17200,-0.045,1.42,,,,,,,,,20,,837920,6598.8,,,820740,6597.4,,,,,,
NE-HVAC-AirEcono-Adjust-ExSP55F,DEER2024,D24_E+_Com_v1,6/15/2026 10:46,Any,Nrs,Ex,CZ09,cDXOH,Each,1,111000,None,16900,-0.016,5.88,16900,-0.016,5.88,,,,,,,,,20,,841800,6807.5,,,824860,6801.6,,,,,,
NE-HVAC-AirEcono-Adjust-ExSP55F,DEER2024,D24_E+_Com_v1,6/15/2026 10:46,Any,Nrs,Ex,CZ10,cDXOH,Each,1,111000,None,14600,0.003,4.76,14600,0.003,4.76,,,,,,,,,20,,846240,6520.2,,,831660,6515.4,,,,,,
NE-HVAC-AirEcono-Adjust-ExSP55F,DEER2024,D24_E+_Com_v1,6/15/2026 10:46,Any,Nrs,Ex,CZ11,cDXOH,Each,1,111000,None,11400,0.223,-5.35,11400,0.223,-5.35,,,,,,,,,20,,857320,8662.5,,,845880,8667.8,,,,,,
NE-HVAC-AirEcono-Adjust-ExSP55F,DEER2024,D24_E+_Com_v1,6/15/2026 10:46,Any,Nrs,Ex,CZ12,cDXOH,Each,1,111000,None,13200,0.036,0.0693,13200,0.036,0.0693,,,,,,,,,20,,792410,8569.4,,,779190,8569.4,,,,,,
NE-HVAC-AirEcono-Adjust-ExSP55F,DEER2024,D24_E+_Com_v1,6/15/2026 10:46,Any,Nrs,Ex,CZ13,cDXOH,Each,1,111000,None,11300,-0.046,-4.65,11300,-0.046,-4.65,,,,,,,,,20,,864500,8158,,,853150,8162.6,,,,,,
NE-HVAC-AirEcono-Adjust-ExSP55F,DEER2024,D24_E+_Com_v1,6/15/2026 10:46,Any,Nrs,Ex,CZ14,cDXOH,Each,1,111000,None,11400,-0.003,-1.9,11400,-0.003,-1.9,,,,,,,,,20,,863380,7949,,,852010,7950.9,,,,,,
NE-HVAC-AirEcono-Adjust-ExSP55F,DEER2024,D24_E+_Com_v1,6/15/2026 10:46,Any,Nrs,Ex,CZ15,cDXOH,Each,1,111000,None,10600,-0.381,12.2,10600,-0.381,12.2,,,,,,,,,20,,1024000,6082.3,,,1013400,6070.1,,,,,,
NE-HVAC-AirEcono-Adjust-ExSP55F,DEER2024,D24_E+_Com_v1,6/15/2026 10:46,Any,Nrs,Ex,CZ16,cDXOH,Each,1,111000,None,13300,0.396,1.39,13300,0.396,1.39,,,,,,,,,20,,768330,11004,,,755000,11002,,,,,,
NE-HVAC-AirEcono-Adjust-ExSP55F,DEER2024,D24_E+_Com_v1,6/15/2026 10:46,Any,Nrs,Ex,CZ01,cPVVG,Each,1,111000,None,8080,2.51,1.32,8080,2.51,1.32,,,,,,,,,20,,592100,11854,,,584020,11853,,,,,,
NE-HVAC-AirEcono-Adjust-ExSP55F,DEER2024,D24_E+_Com_v1,6/15/2026 10:46,Any,Nrs,Ex,CZ02,cPVVG,Each,1,111000,None,9230,0.878,3.46,9230,0.878,3.46,,,,,,,,,20,,671330,10174,,,662100,10170,,,,,,
NE-HVAC-AirEcono-Adjust-ExSP55F,DEER2024,D24_E+_Com_v1,6/15/2026 10:46,Any,Nrs,Ex,CZ03,cPVVG,Each,1,111000,None,15700,2.41,-0.304,15700,2.41,-0.304,,,,,,,,,20,,646780,8574.1,,,631050,8574.4,,,,,,
NE-HVAC-AirEcono-Adjust-ExSP55F,DEER2024,D24_E+_Com_v1,6/15/2026 10:46,Any,Nrs,Ex,CZ04,cPVVG,Each,1,111000,None,8790,-0.107,4.84,8790,-0.107,4.84,,,,,,,,,20,,727610,9505.4,,,718820,9500.6,,,,,,
NE-HVAC-AirEcono-Adjust-ExSP55F,DEER2024,D24_E+_Com_v1,6/15/2026 10:46,Any,Nrs,Ex,CZ05,cPVVG,Each,1,111000,None,14000,2.88,-1.41,14000,2.88,-1.41,,,,,,,,,20,,659450,8370.9,,,645480,8372.3,,,,,,
NE-HVAC-AirEcono-Adjust-ExSP55F,DEER2024,D24_E+_Com_v1,6/15/2026 10:46,Any,Nrs,Ex,CZ06,cPVVG,Each,1,111000,None,16700,0.723,1.85,16700,0.723,1.85,,,,,,,,,20,,722620,6767.4,,,705890,6765.5,,,,,,
NE-HVAC-AirEcono-Adjust-ExSP55F,DEER2024,D24_E+_Com_v1,6/15/2026 10:46,Any,Nrs,Ex,CZ07,cPVVG,Each,1,111000,None,15000,-0.02,2.75,15000,-0.02,2.75,,,,,,,,,20,,718590,6466.4,,,703600,6463.6,,,,,,
NE-HVAC-AirEcono-Adjust-ExSP55F,DEER2024,D24_E+_Com_v1,6/15/2026 10:46,Any,Nrs,Ex,CZ08,cPVVG,Each,1,111000,None,12100,0.007,-4.72,12100,0.007,-4.72,,,,,,,,,20,,770270,6895.3,,,758130,6900.1,,,,,,
NE-HVAC-AirEcono-Adjust-ExSP55F,DEER2024,D24_E+_Com_v1,6/15/2026 10:46,Any,Nrs,Ex,CZ09,cPVVG,Each,1,111000,None,12200,-0.016,1.56,12200,-0.016,1.56,,,,,,,,,20,,771190,7187.6,,,758940,7186,,,,,,
NE-HVAC-AirEcono-Adjust-ExSP55F,DEER2024,D24_E+_Com_v1,6/15/2026 10:46,Any,Nrs,Ex,CZ10,cPVVG,Each,1,111000,None,10100,0.073,5.88,10100,0.073,5.88,,,,,,,,,20,,777410,6930.5,,,767260,6924.6,,,,,,
NE-HVAC-AirEcono-Adjust-ExSP55F,DEER2024,D24_E+_Com_v1,6/15/2026 10:46,Any,Nrs,Ex,CZ11,cPVVG,Each,1,111000,None,8190,0.046,11.3,8190,0.046,11.3,,,,,,,,,20,,786890,9933.9,,,778700,9922.7,,,,,,
NE-HVAC-AirEcono-Adjust-ExSP55F,DEER2024,D24_E+_Com_v1,6/15/2026 10:46,Any,Nrs,Ex,CZ12,cPVVG,Each,1,111000,None,9300,-0.007,3.55,9300,-0.007,3.55,,,,,,,,,20,,724970,9764.5,,,715670,9761,,,,,,
NE-HVAC-AirEcono-Adjust-ExSP55F,DEER2024,D24_E+_Com_v1,6/15/2026 10:46,Any,Nrs,Ex,CZ13,cPVVG,Each,1,111000,None,8090,0.058,-5.57,8090,0.058,-5.57,,,,,,,,,20,,797460,9214.8,,,789370,9220.4,,,,,,
NE-HVAC-AirEcono-Adjust-ExSP55F,DEER2024,D24_E+_Com_v1,6/15/2026 10:46,Any,Nrs,Ex,CZ14,cPVVG,Each,1,111000,None,8380,-0.004,4.26,8380,-0.004,4.26,,,,,,,,,20,,792320,9042.8,,,783940,9038.5,,,,,,
NE-HVAC-AirEcono-Adjust-ExSP55F,DEER2024,D24_E+_Com_v1,6/15/2026 10:46,Any,Nrs,Ex,CZ15,cPVVG,Each,1,111000,None,7370,-0.273,4.48,7370,-0.273,4.48,,,,,,,,,20,,960640,6252.9,,,953270,6248.5,,,,,,
NE-HVAC-AirEcono-Adjust-ExSP55F,DEER2024,D24_E+_Com_v1,6/15/2026 10:46,Any,Nrs,Ex,CZ16,cPVVG,Each,1,111000,None,10300,0.351,-3.28,10300,0.351,-3.28,,,,,,,,,20,,689000,13136,,,678690,13140,,,,,,
NE-HVAC-AirEcono-Adjust-ExSP55F,DEER2024,D24_E+_Com_v1,6/15/2026 10:46,Any,OfL,Ex,CZ01,cDXGF,Each,1,350000,None,139000,40.5,-0.332,139000,40.5,-0.332,,,,,,,,,20,,2281800,9681.1,,,2142800,9681.4,,,,,,
NE-HVAC-AirEcono-Adjust-ExSP55F,DEER2024,D24_E+_Com_v1,6/15/2026 10:46,Any,OfL,Ex,CZ02,cDXGF,Each,1,350000,None,139000,11.7,0.0447,139000,11.7,0.0447,,,,,,,,,20,,2659200,7708.5,,,2520400,7708.4,,,,,,
NE-HVAC-AirEcono-Adjust-ExSP55F,DEER2024,D24_E+_Com_v1,6/15/2026 10:46,Any,OfL,Ex,CZ03,cDXGF,Each,1,350000,None,223000,24.3,-0.0355,223000,24.3,-0.0355,,,,,,,,,20,,2590700,6398.2,,,2367600,6398.2,,,,,,
NE-HVAC-AirEcono-Adjust-ExSP55F,DEER2024,D24_E+_Com_v1,6/15/2026 10:46,Any,OfL,Ex,CZ04,cDXGF,Each,1,350000,None,127000,0,-0.59,127000,0,-0.59,,,,,,,,,20,,2823900,7026.5,,,2697400,7027.1,,,,,,
NE-HVAC-AirEcono-Adjust-ExSP55F,DEER2024,D24_E+_Com_v1,6/15/2026 10:46,Any,OfL,Ex,CZ05,cDXGF,Each,1,350000,None,204000,37.7,-0.141,204000,37.7,-0.141,,,,,,,,,20,,2635500,6210.5,,,2431200,6210.6,,,,,,
NE-HVAC-AirEcono-Adjust-ExSP55F,DEER2024,D24_E+_Com_v1,6/15/2026 10:46,Any,OfL,Ex,CZ06,cDXGF,Each,1,350000,None,224000,7.7,-0.103,224000,7.7,-0.103,,,,,,,,,20,,2789700,4398.5,,,2566100,4398.6,,,,,,
NE-HVAC-AirEcono-Adjust-ExSP55F,DEER2024,D24_E+_Com_v1,6/15/2026 10:46,Any,OfL,Ex,CZ07,cDXGF,Each,1,350000,None,200000,0,-0.0655,200000,0,-0.0655,,,,,,,,,20,,2785800,4215.4,,,2585300,4215.5,,,,,,
NE-HVAC-AirEcono-Adjust-ExSP55F,DEER2024,D24_E+_Com_v1,6/15/2026 10:46,Any,OfL,Ex,CZ08,cDXGF,Each,1,350000,None,163000,-0.002,-0.0608,163000,-0.002,-0.0608,,,,,,,,,20,,2963000,4436.2,,,2799800,4436.3,,,,,,
NE-HVAC-AirEcono-Adjust-ExSP55F,DEER2024,D24_E+_Com_v1,6/15/2026 10:46,Any,OfL,Ex,CZ09,cDXGF,Each,1,350000,None,158000,-0.004,-0.00887,158000,-0.004,-0.00887,,,,,,,,,20,,3002500,4699.8,,,2844400,4699.8,,,,,,
NE-HVAC-AirEcono-Adjust-ExSP55F,DEER2024,D24_E+_Com_v1,6/15/2026 10:46,Any,OfL,Ex,CZ10,cDXGF,Each,1,350000,None,133000,-0.002,-0.0184,133000,-0.002,-0.0184,,,,,,,,,20,,2933100,4621.9,,,2800500,4621.9,,,,,,
NE-HVAC-AirEcono-Adjust-ExSP55F,DEER2024,D24_E+_Com_v1,6/15/2026 10:46,Any,OfL,Ex,CZ11,cDXGF,Each,1,350000,None,111000,0.027,0.136,111000,0.027,0.136,,,,,,,,,20,,2982000,7012.5,,,2871400,7012.4,,,,,,
NE-HVAC-AirEcono-Adjust-ExSP55F,DEER2024,D24_E+_Com_v1,6/15/2026 10:46,Any,OfL,Ex,CZ12,cDXGF,Each,1,350000,None,132000,0,-0.084,132000,0,-0.084,,,,,,,,,20,,2783500,6953.7,,,2651100,6953.7,,,,,,
NE-HVAC-AirEcono-Adjust-ExSP55F,DEER2024,D24_E+_Com_v1,6/15/2026 10:46,Any,OfL,Ex,CZ13,cDXGF,Each,1,350000,None,109000,-0.001,0.107,109000,-0.001,0.107,,,,,,,,,20,,2989600,6108.1,,,2880800,6108,,,,,,
NE-HVAC-AirEcono-Adjust-ExSP55F,DEER2024,D24_E+_Com_v1,6/15/2026 10:46,Any,OfL,Ex,CZ14,cDXGF,Each,1,350000,None,107000,-0.001,-0.229,107000,-0.001,-0.229,,,,,,,,,20,,3007300,6474.3,,,2900100,6474.5,,,,,,
NE-HVAC-AirEcono-Adjust-ExSP55F,DEER2024,D24_E+_Com_v1,6/15/2026 10:46,Any,OfL,Ex,CZ15,cDXGF,Each,1,350000,None,88800,0,-0.044,88800,0,-0.044,,,,,,,,,20,,3399900,3742.7,,,3311000,3742.7,,,,,,
NE-HVAC-AirEcono-Adjust-ExSP55F,DEER2024,D24_E+_Com_v1,6/15/2026 10:46,Any,OfL,Ex,CZ16,cDXGF,Each,1,350000,None,136000,5.03,-0.199,136000,5.03,-0.199,,,,,,,,,20,,2791000,10022,,,2655400,10022,,,,,,
NE-HVAC-AirEcono-Adjust-ExSP55F,DEER2024,D24_E+_Com_v1,6/15/2026 10:46,Any,OfL,Ex,CZ01,cDXHP,Each,1,350000,None,140000,40.8,-0.0099,140000,40.8,-0.0099,,,,,,,,,20,,2310100,6161.9,,,2170300,6161.9,,,,,,
NE-HVAC-AirEcono-Adjust-ExSP55F,DEER2024,D24_E+_Com_v1,6/15/2026 10:46,Any,OfL,Ex,CZ02,cDXHP,Each,1,350000,None,140000,11.8,0.0123,140000,11.8,0.0123,,,,,,,,,20,,2680400,5507.7,,,2540500,5507.7,,,,,,
NE-HVAC-AirEcono-Adjust-ExSP55F,DEER2024,D24_E+_Com_v1,6/15/2026 10:46,Any,OfL,Ex,CZ03,cDXHP,Each,1,350000,None,224000,24.5,0.0488,224000,24.5,0.0488,,,,,,,,,20,,2602600,4950.9,,,2378100,4950.9,,,,,,
NE-HVAC-AirEcono-Adjust-ExSP55F,DEER2024,D24_E+_Com_v1,6/15/2026 10:46,Any,OfL,Ex,CZ04,cDXHP,Each,1,350000,None,127000,-0.003,0.0181,127000,-0.003,0.0181,,,,,,,,,20,,2844500,5159.3,,,2717200,5159.3,,,,,,
NE-HVAC-AirEcono-Adjust-ExSP55F,DEER2024,D24_E+_Com_v1,6/15/2026 10:46,Any,OfL,Ex,CZ05,cDXHP,Each,1,350000,None,205000,37.9,0.0945,205000,37.9,0.0945,,,,,,,,,20,,2647000,4921.2,,,2441600,4921.1,,,,,,
NE-HVAC-AirEcono-Adjust-ExSP55F,DEER2024,D24_E+_Com_v1,6/15/2026 10:46,Any,OfL,Ex,CZ06,cDXHP,Each,1,350000,None,225000,7.75,-0.0379,225000,7.75,-0.0379,,,,,,,,,20,,2790700,4089,,,2565900,4089,,,,,,
NE-HVAC-AirEcono-Adjust-ExSP55F,DEER2024,D24_E+_Com_v1,6/15/2026 10:46,Any,OfL,Ex,CZ07,cDXHP,Each,1,350000,None,201000,0,-0.00887,201000,0,-0.00887,,,,,,,,,20,,2786200,4009.2,,,2585100,4009.2,,,,,,
NE-HVAC-AirEcono-Adjust-ExSP55F,DEER2024,D24_E+_Com_v1,6/15/2026 10:46,Any,OfL,Ex,CZ08,cDXHP,Each,1,350000,None,164000,-0.002,0.0737,164000,-0.002,0.0737,,,,,,,,,20,,2965500,4057.9,,,2801600,4057.8,,,,,,
NE-HVAC-AirEcono-Adjust-ExSP55F,DEER2024,D24_E+_Com_v1,6/15/2026 10:46,Any,OfL,Ex,CZ09,cDXHP,Each,1,350000,None,158000,-0.005,0.0041,158000,-0.005,0.0041,,,,,,,,,20,,3006900,4179,,,2848400,4179,,,,,,
NE-HVAC-AirEcono-Adjust-ExSP55F,DEER2024,D24_E+_Com_v1,6/15/2026 10:46,Any,OfL,Ex,CZ10,cDXHP,Each,1,350000,None,133000,-0.001,-0.0222,133000,-0.001,-0.0222,,,,,,,,,20,,2937500,4146.4,,,2804500,4146.4,,,,,,
NE-HVAC-AirEcono-Adjust-ExSP55F,DEER2024,D24_E+_Com_v1,6/15/2026 10:46,Any,OfL,Ex,CZ11,cDXHP,Each,1,350000,None,111000,0.027,0.00683,111000,0.027,0.00683,,,,,,,,,20,,3002700,5030,,,2891500,5030,,,,,,
NE-HVAC-AirEcono-Adjust-ExSP55F,DEER2024,D24_E+_Com_v1,6/15/2026 10:46,Any,OfL,Ex,CZ12,cDXHP,Each,1,350000,None,133000,-0.002,0.0263,133000,-0.002,0.0263,,,,,,,,,20,,2802000,5097.3,,,2668700,5097.3,,,,,,
NE-HVAC-AirEcono-Adjust-ExSP55F,DEER2024,D24_E+_Com_v1,6/15/2026 10:46,Any,OfL,Ex,CZ13,cDXHP,Each,1,350000,None,109000,0.003,0.00956,109000,0.003,0.00956,,,,,,,,,20,,3005200,4684.8,,,2895900,4684.8,,,,,,
NE-HVAC-AirEcono-Adjust-ExSP55F,DEER2024,D24_E+_Com_v1,6/15/2026 10:46,Any,OfL,Ex,CZ14,cDXHP,Each,1,350000,None,108000,0,-0.0143,108000,0,-0.0143,,,,,,,,,20,,3026600,4809.9,,,2918900,4809.9,,,,,,
NE-HVAC-AirEcono-Adjust-ExSP55F,DEER2024,D24_E+_Com_v1,6/15/2026 10:46,Any,OfL,Ex,CZ15,cDXHP,Each,1,350000,None,89100,0,0.00444,89100,0,0.00444,,,,,,,,,20,,3404600,3547.7,,,3315500,3547.7,,,,,,
NE-HVAC-AirEcono-Adjust-ExSP55F,DEER2024,D24_E+_Com_v1,6/15/2026 10:46,Any,OfL,Ex,CZ16,cDXHP,Each,1,350000,None,136000,5.04,0.324,136000,5.04,0.324,,,,,,,,,20,,2831600,6448.5,,,2695700,6448.2,,,,,,
NE-HVAC-AirEcono-Adjust-ExSP55F,DEER2024,D24_E+_Com_v1,6/15/2026 10:46,Any,OfL,Ex,CZ01,cDXOH,Each,1,350000,None,138000,40.4,-0.264,138000,40.4,-0.264,,,,,,,,,20,,2285400,6161,,,2147100,6161.2,,,,,,
NE-HVAC-AirEcono-Adjust-ExSP55F,DEER2024,D24_E+_Com_v1,6/15/2026 10:46,Any,OfL,Ex,CZ02,cDXOH,Each,1,350000,None,138000,11.6,-0.215,138000,11.6,-0.215,,,,,,,,,20,,2660800,5506.5,,,2522900,5506.7,,,,,,
NE-HVAC-AirEcono-Adjust-ExSP55F,DEER2024,D24_E+_Com_v1,6/15/2026 10:46,Any,OfL,Ex,CZ03,cDXOH,Each,1,350000,None,223000,24.3,0.057,223000,24.3,0.057,,,,,,,,,20,,2591400,4950,,,2368900,4950,,,,,,
NE-HVAC-AirEcono-Adjust-ExSP55F,DEER2024,D24_E+_Com_v1,6/15/2026 10:46,Any,OfL,Ex,CZ04,cDXOH,Each,1,350000,None,126000,0,-0.154,126000,0,-0.154,,,,,,,,,20,,2824900,5156.6,,,2699300,5156.8,,,,,,
NE-HVAC-AirEcono-Adjust-ExSP55F,DEER2024,D24_E+_Com_v1,6/15/2026 10:46,Any,OfL,Ex,CZ05,cDXOH,Each,1,350000,None,203000,37.7,0.0352,203000,37.7,0.0352,,,,,,,,,20,,2635100,4920.2,,,2431600,4920.1,,,,,,
NE-HVAC-AirEcono-Adjust-ExSP55F,DEER2024,D24_E+_Com_v1,6/15/2026 10:46,Any,OfL,Ex,CZ06,cDXOH,Each,1,350000,None,223000,7.7,0.071,223000,7.7,0.071,,,,,,,,,20,,2789400,4088.5,,,2566100,4088.5,,,,,,
NE-HVAC-AirEcono-Adjust-ExSP55F,DEER2024,D24_E+_Com_v1,6/15/2026 10:46,Any,OfL,Ex,CZ07,cDXOH,Each,1,350000,None,200000,0,0.0116,200000,0,0.0116,,,,,,,,,20,,2785400,4007.6,,,2585300,4007.6,,,,,,
NE-HVAC-AirEcono-Adjust-ExSP55F,DEER2024,D24_E+_Com_v1,6/15/2026 10:46,Any,OfL,Ex,CZ08,cDXOH,Each,1,350000,None,163000,-0.002,-0.027,163000,-0.002,-0.027,,,,,,,,,20,,2962600,4057.7,,,2799800,4057.7,,,,,,
NE-HVAC-AirEcono-Adjust-ExSP55F,DEER2024,D24_E+_Com_v1,6/15/2026 10:46,Any,OfL,Ex,CZ09,cDXOH,Each,1,350000,None,158000,-0.004,-0.098,158000,-0.004,-0.098,,,,,,,,,20,,3002200,4179,,,2844500,4179.1,,,,,,
NE-HVAC-AirEcono-Adjust-ExSP55F,DEER2024,D24_E+_Com_v1,6/15/2026 10:46,Any,OfL,Ex,CZ10,cDXOH,Each,1,350000,None,132000,-0.002,0.0874,132000,-0.002,0.0874,,,,,,,,,20,,2932700,4145.8,,,2800500,4145.7,,,,,,
NE-HVAC-AirEcono-Adjust-ExSP55F,DEER2024,D24_E+_Com_v1,6/15/2026 10:46,Any,OfL,Ex,CZ11,cDXOH,Each,1,350000,None,110000,0.027,0.265,110000,0.027,0.265,,,,,,,,,20,,2984900,5026.1,,,2875000,5025.9,,,,,,
NE-HVAC-AirEcono-Adjust-ExSP55F,DEER2024,D24_E+_Com_v1,6/15/2026 10:46,Any,OfL,Ex,CZ12,cDXOH,Each,1,350000,None,132000,-0.007,0.0614,132000,-0.007,0.0614,,,,,,,,,20,,2785800,5096.9,,,2653900,5096.9,,,,,,
NE-HVAC-AirEcono-Adjust-ExSP55F,DEER2024,D24_E+_Com_v1,6/15/2026 10:46,Any,OfL,Ex,CZ13,cDXOH,Each,1,350000,None,108000,0,-0.00512,108000,0,-0.00512,,,,,,,,,20,,2991400,4683,,,2883100,4683,,,,,,
NE-HVAC-AirEcono-Adjust-ExSP55F,DEER2024,D24_E+_Com_v1,6/15/2026 10:46,Any,OfL,Ex,CZ14,cDXOH,Each,1,350000,None,107000,-0.001,-0.195,107000,-0.001,-0.195,,,,,,,,,20,,3008700,4809,,,2902200,4809.2,,,,,,
NE-HVAC-AirEcono-Adjust-ExSP55F,DEER2024,D24_E+_Com_v1,6/15/2026 10:46,Any,OfL,Ex,CZ15,cDXOH,Each,1,350000,None,88600,0,-0.00648,88600,0,-0.00648,,,,,,,,,20,,3399700,3547.7,,,3311100,3547.7,,,,,,
NE-HVAC-AirEcono-Adjust-ExSP55F,DEER2024,D24_E+_Com_v1,6/15/2026 10:46,Any,OfL,Ex,CZ16,cDXOH,Each,1,350000,None,135000,5.03,-0.182,135000,5.03,-0.182,,,,,,,,,20,,2796700,6444.8,,,2661600,6445,,,,,,
NE-HVAC-AirEcono-Adjust-ExSP55F,DEER2024,D24_E+_Com_v1,6/15/2026 10:46,Any,OfL,Ex,CZ01,cPVVG,Each,1,350000,None,115000,34,-0.541,115000,34,-0.541,,,,,,,,,20,,1780700,12927,,,1665200,12927,,,,,,
NE-HVAC-AirEcono-Adjust-ExSP55F,DEER2024,D24_E+_Com_v1,6/15/2026 10:46,Any,OfL,Ex,CZ02,cPVVG,Each,1,350000,None,114000,10.2,0.0645,114000,10.2,0.0645,,,,,,,,,20,,2120500,10284,,,2006600,10284,,,,,,
NE-HVAC-AirEcono-Adjust-ExSP55F,DEER2024,D24_E+_Com_v1,6/15/2026 10:46,Any,OfL,Ex,CZ03,cPVVG,Each,1,350000,None,182000,21.2,-0.136,182000,21.2,-0.136,,,,,,,,,20,,2045100,7968.8,,,1862700,7968.9,,,,,,
NE-HVAC-AirEcono-Adjust-ExSP55F,DEER2024,D24_E+_Com_v1,6/15/2026 10:46,Any,OfL,Ex,CZ04,cPVVG,Each,1,350000,None,103000,-0.005,-1.23,103000,-0.005,-1.23,,,,,,,,,20,,2288500,9337.1,,,2185300,9338.4,,,,,,
NE-HVAC-AirEcono-Adjust-ExSP55F,DEER2024,D24_E+_Com_v1,6/15/2026 10:46,Any,OfL,Ex,CZ05,cPVVG,Each,1,350000,None,170000,32.2,-0.0823,170000,32.2,-0.0823,,,,,,,,,20,,2086100,7672.6,,,1916300,7672.7,,,,,,
NE-HVAC-AirEcono-Adjust-ExSP55F,DEER2024,D24_E+_Com_v1,6/15/2026 10:46,Any,OfL,Ex,CZ06,cPVVG,Each,1,350000,None,179000,6.73,-1.11,179000,6.73,-1.11,,,,,,,,,20,,2269000,4908.4,,,2090000,4909.5,,,,,,
NE-HVAC-AirEcono-Adjust-ExSP55F,DEER2024,D24_E+_Com_v1,6/15/2026 10:46,Any,OfL,Ex,CZ07,cPVVG,Each,1,350000,None,159000,0,-0.53,159000,0,-0.53,,,,,,,,,20,,2267500,4596.7,,,2108300,4597.3,,,,,,
NE-HVAC-AirEcono-Adjust-ExSP55F,DEER2024,D24_E+_Com_v1,6/15/2026 10:46,Any,OfL,Ex,CZ08,cPVVG,Each,1,350000,None,129000,-0.002,-0.193,129000,-0.002,-0.193,,,,,,,,,20,,2432500,5078.5,,,2303500,5078.7,,,,,,
NE-HVAC-AirEcono-Adjust-ExSP55F,DEER2024,D24_E+_Com_v1,6/15/2026 10:46,Any,OfL,Ex,CZ09,cPVVG,Each,1,350000,None,127000,-0.004,-0.126,127000,-0.004,-0.126,,,,,,,,,20,,2450800,5539.6,,,2324000,5539.8,,,,,,
NE-HVAC-AirEcono-Adjust-ExSP55F,DEER2024,D24_E+_Com_v1,6/15/2026 10:46,Any,OfL,Ex,CZ10,cPVVG,Each,1,350000,None,105000,-0.001,0.0942,105000,-0.001,0.0942,,,,,,,,,20,,2423300,5410.4,,,2318700,5410.3,,,,,,
NE-HVAC-AirEcono-Adjust-ExSP55F,DEER2024,D24_E+_Com_v1,6/15/2026 10:46,Any,OfL,Ex,CZ11,cPVVG,Each,1,350000,None,87600,0.022,-0.136,87600,0.022,-0.136,,,,,,,,,20,,2440500,9679,,,2352900,9679.2,,,,,,
NE-HVAC-AirEcono-Adjust-ExSP55F,DEER2024,D24_E+_Com_v1,6/15/2026 10:46,Any,OfL,Ex,CZ12,cPVVG,Each,1,350000,None,107000,-0.005,-0.0901,107000,-0.005,-0.0901,,,,,,,,,20,,2265100,9334.9,,,2158600,9335,,,,,,
NE-HVAC-AirEcono-Adjust-ExSP55F,DEER2024,D24_E+_Com_v1,6/15/2026 10:46,Any,OfL,Ex,CZ13,cPVVG,Each,1,350000,None,87800,0.003,0.00956,87800,0.003,0.00956,,,,,,,,,20,,2467200,8127.3,,,2379300,8127.3,,,,,,
NE-HVAC-AirEcono-Adjust-ExSP55F,DEER2024,D24_E+_Com_v1,6/15/2026 10:46,Any,OfL,Ex,CZ14,cPVVG,Each,1,350000,None,89300,0,-0.258,89300,0,-0.258,,,,,,,,,20,,2470900,8556.4,,,2381600,8556.7,,,,,,
NE-HVAC-AirEcono-Adjust-ExSP55F,DEER2024,D24_E+_Com_v1,6/15/2026 10:46,Any,OfL,Ex,CZ15,cPVVG,Each,1,350000,None,68600,0,-0.027,68600,0,-0.027,,,,,,,,,20,,2901000,4159,,,2832300,4159,,,,,,
NE-HVAC-AirEcono-Adjust-ExSP55F,DEER2024,D24_E+_Com_v1,6/15/2026 10:46,Any,OfL,Ex,CZ16,cPVVG,Each,1,350000,None,117000,4.63,-0.353,117000,4.63,-0.353,,,,,,,,,20,,2150700,13967,,,2034200,13967,,,,,,
NE-HVAC-AirEcono-Adjust-ExSP55F,DEER2024,D24_E+_Com_v1,6/15/2026 10:46,Any,OfS,Ex,CZ01,cDXGF,Each,1,20000,None,7260,2.38,-0.013,7260,2.38,-0.013,,,,,,,,,20,,111040,1401.8,,,103780,1401.8,,,,,,
NE-HVAC-AirEcono-Adjust-ExSP55F,DEER2024,D24_E+_Com_v1,6/15/2026 10:46,Any,OfS,Ex,CZ02,cDXGF,Each,1,20000,None,8560,0.835,-0.0106,8560,0.835,-0.0106,,,,,,,,,20,,137040,1124.1,,,128480,1124.1,,,,,,
NE-HVAC-AirEcono-Adjust-ExSP55F,DEER2024,D24_E+_Com_v1,6/15/2026 10:46,Any,OfS,Ex,CZ03,cDXGF,Each,1,20000,None,13700,1.61,-0.00649,13700,1.61,-0.00649,,,,,,,,,20,,131880,975.28,,,118200,975.29,,,,,,
NE-HVAC-AirEcono-Adjust-ExSP55F,DEER2024,D24_E+_Com_v1,6/15/2026 10:46,Any,OfS,Ex,CZ04,cDXGF,Each,1,20000,None,8320,0,-0.00683,8320,0,-0.00683,,,,,,,,,20,,149310,1003.5,,,140990,1003.5,,,,,,
NE-HVAC-AirEcono-Adjust-ExSP55F,DEER2024,D24_E+_Com_v1,6/15/2026 10:46,Any,OfS,Ex,CZ05,cDXGF,Each,1,20000,None,12700,2.53,-0.00649,12700,2.53,-0.00649,,,,,,,,,20,,134880,930.52,,,122210,930.52,,,,,,
NE-HVAC-AirEcono-Adjust-ExSP55F,DEER2024,D24_E+_Com_v1,6/15/2026 10:46,Any,OfS,Ex,CZ06,cDXGF,Each,1,20000,None,14300,0.523,-0.0222,14300,0.523,-0.0222,,,,,,,,,20,,144470,742.55,,,130170,742.58,,,,,,
NE-HVAC-AirEcono-Adjust-ExSP55F,DEER2024,D24_E+_Com_v1,6/15/2026 10:46,Any,OfS,Ex,CZ07,cDXGF,Each,1,20000,None,12700,0,-0.00922,12700,0,-0.00922,,,,,,,,,20,,143760,724.66,,,131080,724.67,,,,,,
NE-HVAC-AirEcono-Adjust-ExSP55F,DEER2024,D24_E+_Com_v1,6/15/2026 10:46,Any,OfS,Ex,CZ08,cDXGF,Each,1,20000,None,10800,0,-0.00273,10800,0,-0.00273,,,,,,,,,20,,157200,734.23,,,146390,734.23,,,,,,
NE-HVAC-AirEcono-Adjust-ExSP55F,DEER2024,D24_E+_Com_v1,6/15/2026 10:46,Any,OfS,Ex,CZ09,cDXGF,Each,1,20000,None,10800,0,-0.00307,10800,0,-0.00307,,,,,,,,,20,,161210,760.73,,,150420,760.73,,,,,,
NE-HVAC-AirEcono-Adjust-ExSP55F,DEER2024,D24_E+_Com_v1,6/15/2026 10:46,Any,OfS,Ex,CZ10,cDXGF,Each,1,20000,None,8600,0,-0.00512,8600,0,-0.00512,,,,,,,,,20,,153230,749.4,,,144630,749.4,,,,,,
NE-HVAC-AirEcono-Adjust-ExSP55F,DEER2024,D24_E+_Com_v1,6/15/2026 10:46,Any,OfS,Ex,CZ11,cDXGF,Each,1,20000,None,7290,0.003,-0.0123,7290,0.003,-0.0123,,,,,,,,,20,,162100,1036.2,,,154810,1036.2,,,,,,
NE-HVAC-AirEcono-Adjust-ExSP55F,DEER2024,D24_E+_Com_v1,6/15/2026 10:46,Any,OfS,Ex,CZ12,cDXGF,Each,1,20000,None,8840,0,-0.00444,8840,0,-0.00444,,,,,,,,,20,,146780,1059.1,,,137940,1059.1,,,,,,
NE-HVAC-AirEcono-Adjust-ExSP55F,DEER2024,D24_E+_Com_v1,6/15/2026 10:46,Any,OfS,Ex,CZ13,cDXGF,Each,1,20000,None,7360,0.001,-0.00751,7360,0.001,-0.00751,,,,,,,,,20,,162070,953.61,,,154700,953.61,,,,,,
NE-HVAC-AirEcono-Adjust-ExSP55F,DEER2024,D24_E+_Com_v1,6/15/2026 10:46,Any,OfS,Ex,CZ14,cDXGF,Each,1,20000,None,7100,0,-0.00887,7100,0,-0.00887,,,,,,,,,20,,161730,937.46,,,154630,937.47,,,,,,
NE-HVAC-AirEcono-Adjust-ExSP55F,DEER2024,D24_E+_Com_v1,6/15/2026 10:46,Any,OfS,Ex,CZ15,cDXGF,Each,1,20000,None,6150,0,-0.00137,6150,0,-0.00137,,,,,,,,,20,,188810,620.22,,,182650,620.22,,,,,,
NE-HVAC-AirEcono-Adjust-ExSP55F,DEER2024,D24_E+_Com_v1,6/15/2026 10:46,Any,OfS,Ex,CZ16,cDXGF,Each,1,20000,None,8860,0.384,-0.00819,8860,0.384,-0.00819,,,,,,,,,20,,147450,1384.6,,,138590,1384.6,,,,,,
NE-HVAC-AirEcono-Adjust-ExSP55F,DEER2024,D24_E+_Com_v1,6/15/2026 10:46,Any,OfS,Ex,CZ01,cDXHP,Each,1,20000,None,7310,2.39,0,7310,2.39,0,,,,,,,,,20,,115560,819.25,,,108250,819.25,,,,,,
NE-HVAC-AirEcono-Adjust-ExSP55F,DEER2024,D24_E+_Com_v1,6/15/2026 10:46,Any,OfS,Ex,CZ02,cDXHP,Each,1,20000,None,8610,0.846,0,8610,0.846,0,,,,,,,,,20,,140050,773.85,,,131430,773.85,,,,,,
NE-HVAC-AirEcono-Adjust-ExSP55F,DEER2024,D24_E+_Com_v1,6/15/2026 10:46,Any,OfS,Ex,CZ03,cDXHP,Each,1,20000,None,13800,1.63,0,13800,1.63,0,,,,,,,,,20,,133470,766.32,,,119690,766.32,,,,,,
NE-HVAC-AirEcono-Adjust-ExSP55F,DEER2024,D24_E+_Com_v1,6/15/2026 10:46,Any,OfS,Ex,CZ04,cDXHP,Each,1,20000,None,8350,0,0,8350,0,0,,,,,,,,,20,,151740,747.41,,,143400,747.41,,,,,,
NE-HVAC-AirEcono-Adjust-ExSP55F,DEER2024,D24_E+_Com_v1,6/15/2026 10:46,Any,OfS,Ex,CZ05,cDXHP,Each,1,20000,None,12800,2.54,0,12800,2.54,0,,,,,,,,,20,,136200,769.41,,,123440,769.41,,,,,,
NE-HVAC-AirEcono-Adjust-ExSP55F,DEER2024,D24_E+_Com_v1,6/15/2026 10:46,Any,OfS,Ex,CZ06,cDXHP,Each,1,20000,None,14400,0.527,0,14400,0.527,0,,,,,,,,,20,,144580,716.34,,,130180,716.34,,,,,,
NE-HVAC-AirEcono-Adjust-ExSP55F,DEER2024,D24_E+_Com_v1,6/15/2026 10:46,Any,OfS,Ex,CZ07,cDXHP,Each,1,20000,None,12700,0,0,12700,0,0,,,,,,,,,20,,143830,709.96,,,131090,709.96,,,,,,
NE-HVAC-AirEcono-Adjust-ExSP55F,DEER2024,D24_E+_Com_v1,6/15/2026 10:46,Any,OfS,Ex,CZ08,cDXHP,Each,1,20000,None,10800,0,0,10800,0,0,,,,,,,,,20,,157430,697.31,,,146590,697.31,,,,,,
NE-HVAC-AirEcono-Adjust-ExSP55F,DEER2024,D24_E+_Com_v1,6/15/2026 10:46,Any,OfS,Ex,CZ09,cDXHP,Each,1,20000,None,10800,-0.001,0,10800,-0.001,0,,,,,,,,,20,,161690,701.65,,,150870,701.65,,,,,,
NE-HVAC-AirEcono-Adjust-ExSP55F,DEER2024,D24_E+_Com_v1,6/15/2026 10:46,Any,OfS,Ex,CZ10,cDXHP,Each,1,20000,None,8620,0,0,8620,0,0,,,,,,,,,20,,153690,693.97,,,145070,693.97,,,,,,
NE-HVAC-AirEcono-Adjust-ExSP55F,DEER2024,D24_E+_Com_v1,6/15/2026 10:46,Any,OfS,Ex,CZ11,cDXHP,Each,1,20000,None,7310,0.002,0,7310,0.002,0,,,,,,,,,20,,164970,709.27,,,157660,709.27,,,,,,
NE-HVAC-AirEcono-Adjust-ExSP55F,DEER2024,D24_E+_Com_v1,6/15/2026 10:46,Any,OfS,Ex,CZ12,cDXHP,Each,1,20000,None,8890,0,0,8890,0,0,,,,,,,,,20,,149520,737.75,,,140630,737.75,,,,,,
NE-HVAC-AirEcono-Adjust-ExSP55F,DEER2024,D24_E+_Com_v1,6/15/2026 10:46,Any,OfS,Ex,CZ13,cDXHP,Each,1,20000,None,7380,0,0,7380,0,0,,,,,,,,,20,,164330,696.91,,,156940,696.91,,,,,,
NE-HVAC-AirEcono-Adjust-ExSP55F,DEER2024,D24_E+_Com_v1,6/15/2026 10:46,Any,OfS,Ex,CZ14,cDXHP,Each,1,20000,None,7120,0,0,7120,0,0,,,,,,,,,20,,164020,714.06,,,156910,714.06,,,,,,
NE-HVAC-AirEcono-Adjust-ExSP55F,DEER2024,D24_E+_Com_v1,6/15/2026 10:46,Any,OfS,Ex,CZ15,cDXHP,Each,1,20000,None,6160,0,0.000341,6160,0,0.000341,,,,,,,,,20,,189100,603.12,,,182940,603.12,,,,,,
NE-HVAC-AirEcono-Adjust-ExSP55F,DEER2024,D24_E+_Com_v1,6/15/2026 10:46,Any,OfS,Ex,CZ16,cDXHP,Each,1,20000,None,8870,0.386,0,8870,0.386,0,,,,,,,,,20,,153890,804.09,,,145020,804.09,,,,,,
NE-HVAC-AirEcono-Adjust-ExSP55F,DEER2024,D24_E+_Com_v1,6/15/2026 10:46,Any,OfS,Ex,CZ01,cDXOH,Each,1,20000,None,7170,2.37,0,7170,2.37,0,,,,,,,,,20,,111590,819.25,,,104420,819.25,,,,,,
NE-HVAC-AirEcono-Adjust-ExSP55F,DEER2024,D24_E+_Com_v1,6/15/2026 10:46,Any,OfS,Ex,CZ02,cDXOH,Each,1,20000,None,8450,0.835,0,8450,0.835,0,,,,,,,,,20,,137270,773.85,,,128830,773.85,,,,,,
NE-HVAC-AirEcono-Adjust-ExSP55F,DEER2024,D24_E+_Com_v1,6/15/2026 10:46,Any,OfS,Ex,CZ03,cDXOH,Each,1,20000,None,13600,1.61,0,13600,1.61,0,,,,,,,,,20,,131910,766.32,,,118300,766.32,,,,,,
NE-HVAC-AirEcono-Adjust-ExSP55F,DEER2024,D24_E+_Com_v1,6/15/2026 10:46,Any,OfS,Ex,CZ04,cDXOH,Each,1,20000,None,8220,0,0,8220,0,0,,,,,,,,,20,,149370,747.41,,,141150,747.41,,,,,,
NE-HVAC-AirEcono-Adjust-ExSP55F,DEER2024,D24_E+_Com_v1,6/15/2026 10:46,Any,OfS,Ex,CZ05,cDXOH,Each,1,20000,None,12600,2.52,0,12600,2.52,0,,,,,,,,,20,,134790,769.41,,,122210,769.41,,,,,,
NE-HVAC-AirEcono-Adjust-ExSP55F,DEER2024,D24_E+_Com_v1,6/15/2026 10:46,Any,OfS,Ex,CZ06,cDXOH,Each,1,20000,None,14300,0.523,0,14300,0.523,0,,,,,,,,,20,,144430,716.34,,,130160,716.34,,,,,,
NE-HVAC-AirEcono-Adjust-ExSP55F,DEER2024,D24_E+_Com_v1,6/15/2026 10:46,Any,OfS,Ex,CZ07,cDXOH,Each,1,20000,None,12700,0,0,12700,0,0,,,,,,,,,20,,143740,709.96,,,131080,709.96,,,,,,
NE-HVAC-AirEcono-Adjust-ExSP55F,DEER2024,D24_E+_Com_v1,6/15/2026 10:46,Any,OfS,Ex,CZ08,cDXOH,Each,1,20000,None,10800,0,0,10800,0,0,,,,,,,,,20,,157140,697.31,,,146370,697.31,,,,,,
NE-HVAC-AirEcono-Adjust-ExSP55F,DEER2024,D24_E+_Com_v1,6/15/2026 10:46,Any,OfS,Ex,CZ09,cDXOH,Each,1,20000,None,10800,0,0,10800,0,0,,,,,,,,,20,,161160,701.65,,,150410,701.65,,,,,,
NE-HVAC-AirEcono-Adjust-ExSP55F,DEER2024,D24_E+_Com_v1,6/15/2026 10:46,Any,OfS,Ex,CZ10,cDXOH,Each,1,20000,None,8560,0,0,8560,0,0,,,,,,,,,20,,153160,693.97,,,144600,693.97,,,,,,
NE-HVAC-AirEcono-Adjust-ExSP55F,DEER2024,D24_E+_Com_v1,6/15/2026 10:46,Any,OfS,Ex,CZ11,cDXOH,Each,1,20000,None,7190,0.003,0,7190,0.003,0,,,,,,,,,20,,162520,709.27,,,155330,709.27,,,,,,
NE-HVAC-AirEcono-Adjust-ExSP55F,DEER2024,D24_E+_Com_v1,6/15/2026 10:46,Any,OfS,Ex,CZ12,cDXOH,Each,1,20000,None,8770,0,0,8770,0,0,,,,,,,,,20,,147160,737.76,,,138390,737.76,,,,,,
NE-HVAC-AirEcono-Adjust-ExSP55F,DEER2024,D24_E+_Com_v1,6/15/2026 10:46,Any,OfS,Ex,CZ13,cDXOH,Each,1,20000,None,7310,0.001,0,7310,0.001,0,,,,,,,,,20,,162420,696.91,,,155110,696.91,,,,,,
NE-HVAC-AirEcono-Adjust-ExSP55F,DEER2024,D24_E+_Com_v1,6/15/2026 10:46,Any,OfS,Ex,CZ14,cDXOH,Each,1,20000,None,7010,0,0,7010,0,0,,,,,,,,,20,,161790,714.06,,,154780,714.06,,,,,,
NE-HVAC-AirEcono-Adjust-ExSP55F,DEER2024,D24_E+_Com_v1,6/15/2026 10:46,Any,OfS,Ex,CZ15,cDXOH,Each,1,20000,None,6140,0,0,6140,0,0,,,,,,,,,20,,188780,603.12,,,182640,603.12,,,,,,
NE-HVAC-AirEcono-Adjust-ExSP55F,DEER2024,D24_E+_Com_v1,6/15/2026 10:46,Any,OfS,Ex,CZ16,cDXOH,Each,1,20000,None,8780,0.384,0.000341,8780,0.384,0.000341,,,,,,,,,20,,148430,804.09,,,139650,804.09,,,,,,
NE-HVAC-AirEcono-Adjust-ExSP55F,DEER2024,D24_E+_Com_v1,6/15/2026 10:46,Any,OfS,Ex,CZ01,cPVVG,Each,1,20000,None,5890,1.93,-0.00887,5890,1.93,-0.00887,,,,,,,,,20,,78927,1806.3,,,73036,1806.3,,,,,,
NE-HVAC-AirEcono-Adjust-ExSP55F,DEER2024,D24_E+_Com_v1,6/15/2026 10:46,Any,OfS,Ex,CZ02,cPVVG,Each,1,20000,None,7050,0.751,-0.0119,7050,0.751,-0.0119,,,,,,,,,20,,100670,1412.2,,,93623,1412.2,,,,,,
NE-HVAC-AirEcono-Adjust-ExSP55F,DEER2024,D24_E+_Com_v1,6/15/2026 10:46,Any,OfS,Ex,CZ03,cPVVG,Each,1,20000,None,11300,1.42,-0.00819,11300,1.42,-0.00819,,,,,,,,,20,,95951,1163.1,,,84672,1163.1,,,,,,
NE-HVAC-AirEcono-Adjust-ExSP55F,DEER2024,D24_E+_Com_v1,6/15/2026 10:46,Any,OfS,Ex,CZ04,cPVVG,Each,1,20000,None,6800,0,-0.0058,6800,0,-0.0058,,,,,,,,,20,,112480,1254.9,,,105680,1254.9,,,,,,
NE-HVAC-AirEcono-Adjust-ExSP55F,DEER2024,D24_E+_Com_v1,6/15/2026 10:46,Any,OfS,Ex,CZ05,cPVVG,Each,1,20000,None,10600,2.19,-0.00717,10600,2.19,-0.00717,,,,,,,,,20,,98290,1088.4,,,87692,1088.4,,,,,,
NE-HVAC-AirEcono-Adjust-ExSP55F,DEER2024,D24_E+_Com_v1,6/15/2026 10:46,Any,OfS,Ex,CZ06,cPVVG,Each,1,20000,None,11500,0.469,-0.0587,11500,0.469,-0.0587,,,,,,,,,20,,109430,796.25,,,97911,796.31,,,,,,
NE-HVAC-AirEcono-Adjust-ExSP55F,DEER2024,D24_E+_Com_v1,6/15/2026 10:46,Any,OfS,Ex,CZ07,cPVVG,Each,1,20000,None,10000,0,-0.0352,10000,0,-0.0352,,,,,,,,,20,,108620,763.97,,,98577,764.01,,,,,,
NE-HVAC-AirEcono-Adjust-ExSP55F,DEER2024,D24_E+_Com_v1,6/15/2026 10:46,Any,OfS,Ex,CZ08,cPVVG,Each,1,20000,None,8560,-0.001,-0.00717,8560,-0.001,-0.00717,,,,,,,,,20,,120380,804.94,,,111810,804.95,,,,,,
NE-HVAC-AirEcono-Adjust-ExSP55F,DEER2024,D24_E+_Com_v1,6/15/2026 10:46,Any,OfS,Ex,CZ09,cPVVG,Each,1,20000,None,8710,0,-0.00478,8710,0,-0.00478,,,,,,,,,20,,122650,854.82,,,113940,854.82,,,,,,
NE-HVAC-AirEcono-Adjust-ExSP55F,DEER2024,D24_E+_Com_v1,6/15/2026 10:46,Any,OfS,Ex,CZ10,cPVVG,Each,1,20000,None,6730,0,-0.00614,6730,0,-0.00614,,,,,,,,,20,,117970,842.57,,,111240,842.57,,,,,,
NE-HVAC-AirEcono-Adjust-ExSP55F,DEER2024,D24_E+_Com_v1,6/15/2026 10:46,Any,OfS,Ex,CZ11,cPVVG,Each,1,20000,None,5760,0.004,-0.0058,5760,0.004,-0.0058,,,,,,,,,20,,123440,1350.3,,,117680,1350.3,,,,,,
NE-HVAC-AirEcono-Adjust-ExSP55F,DEER2024,D24_E+_Com_v1,6/15/2026 10:46,Any,OfS,Ex,CZ12,cPVVG,Each,1,20000,None,7180,0,-0.00785,7180,0,-0.00785,,,,,,,,,20,,111030,1343.8,,,103850,1343.8,,,,,,
NE-HVAC-AirEcono-Adjust-ExSP55F,DEER2024,D24_E+_Com_v1,6/15/2026 10:46,Any,OfS,Ex,CZ13,cPVVG,Each,1,20000,None,5920,0.001,-0.00683,5920,0.001,-0.00683,,,,,,,,,20,,124890,1207.7,,,118970,1207.8,,,,,,
NE-HVAC-AirEcono-Adjust-ExSP55F,DEER2024,D24_E+_Com_v1,6/15/2026 10:46,Any,OfS,Ex,CZ14,cPVVG,Each,1,20000,None,5870,0,-0.00785,5870,0,-0.00785,,,,,,,,,20,,124460,1169.2,,,118590,1169.2,,,,,,
NE-HVAC-AirEcono-Adjust-ExSP55F,DEER2024,D24_E+_Com_v1,6/15/2026 10:46,Any,OfS,Ex,CZ15,cPVVG,Each,1,20000,None,4670,0,-0.00205,4670,0,-0.00205,,,,,,,,,20,,151980,660.56,,,147320,660.57,,,,,,
NE-HVAC-AirEcono-Adjust-ExSP55F,DEER2024,D24_E+_Com_v1,6/15/2026 10:46,Any,OfS,Ex,CZ16,cPVVG,Each,1,20000,None,7640,0.364,-0.0099,7640,0.364,-0.0099,,,,,,,,,20,,104150,1843.5,,,96506,1843.5,,,,,,
NE-HVAC-AirEcono-Adjust-ExSP55F,DEER2024,D24_E+_Com_v1,6/15/2026 10:46,Any,RFF,Ex,CZ01,cDXGF,Each,1,4000,None,1200,0.455,-0.0099,1200,0.455,-0.0099,,,,,,,,,20,,52648,1938,,,51452,1938,,,,,,
NE-HVAC-AirEcono-Adjust-ExSP55F,DEER2024,D24_E+_Com_v1,6/15/2026 10:46,Any,RFF,Ex,CZ02,cDXGF,Each,1,4000,None,1740,0.174,-0.0041,1740,0.174,-0.0041,,,,,,,,,20,,64221,1792.9,,,62480,1792.9,,,,,,
NE-HVAC-AirEcono-Adjust-ExSP55F,DEER2024,D24_E+_Com_v1,6/15/2026 10:46,Any,RFF,Ex,CZ03,cDXGF,Each,1,4000,None,2650,0.319,-0.0119,2650,0.319,-0.0119,,,,,,,,,20,,61187,1672.2,,,58538,1672.2,,,,,,
NE-HVAC-AirEcono-Adjust-ExSP55F,DEER2024,D24_E+_Com_v1,6/15/2026 10:46,Any,RFF,Ex,CZ04,cDXGF,Each,1,4000,None,1810,0,-0.00717,1810,0,-0.00717,,,,,,,,,20,,69577,1711.1,,,67771,1711.1,,,,,,
NE-HVAC-AirEcono-Adjust-ExSP55F,DEER2024,D24_E+_Com_v1,6/15/2026 10:46,Any,RFF,Ex,CZ05,cDXGF,Each,1,4000,None,2480,0.509,-0.00648,2480,0.509,-0.00648,,,,,,,,,20,,62419,1663.3,,,59940,1663.3,,,,,,
NE-HVAC-AirEcono-Adjust-ExSP55F,DEER2024,D24_E+_Com_v1,6/15/2026 10:46,Any,RFF,Ex,CZ06,cDXGF,Each,1,4000,None,3110,0.108,-0.00239,3110,0.108,-0.00239,,,,,,,,,20,,67481,1520.2,,,64373,1520.2,,,,,,
NE-HVAC-AirEcono-Adjust-ExSP55F,DEER2024,D24_E+_Com_v1,6/15/2026 10:46,Any,RFF,Ex,CZ07,cDXGF,Each,1,4000,None,2700,0,-0.0041,2700,0,-0.0041,,,,,,,,,20,,67826,1508.1,,,65129,1508.2,,,,,,
NE-HVAC-AirEcono-Adjust-ExSP55F,DEER2024,D24_E+_Com_v1,6/15/2026 10:46,Any,RFF,Ex,CZ08,cDXGF,Each,1,4000,None,2430,0,-0.00375,2430,0,-0.00375,,,,,,,,,20,,73134,1510.5,,,70706,1510.5,,,,,,
NE-HVAC-AirEcono-Adjust-ExSP55F,DEER2024,D24_E+_Com_v1,6/15/2026 10:46,Any,RFF,Ex,CZ09,cDXGF,Each,1,4000,None,2510,0.002,-0.00341,2510,0.002,-0.00341,,,,,,,,,20,,74722,1526.6,,,72212,1526.6,,,,,,
NE-HVAC-AirEcono-Adjust-ExSP55F,DEER2024,D24_E+_Com_v1,6/15/2026 10:46,Any,RFF,Ex,CZ10,cDXGF,Each,1,4000,None,2060,0.001,-0.0041,2060,0.001,-0.0041,,,,,,,,,20,,75418,1529.5,,,73358,1529.5,,,,,,
NE-HVAC-AirEcono-Adjust-ExSP55F,DEER2024,D24_E+_Com_v1,6/15/2026 10:46,Any,RFF,Ex,CZ11,cDXGF,Each,1,4000,None,1580,0,-0.00376,1580,0,-0.00376,,,,,,,,,20,,75395,1693.5,,,73818,1693.5,,,,,,
NE-HVAC-AirEcono-Adjust-ExSP55F,DEER2024,D24_E+_Com_v1,6/15/2026 10:46,Any,RFF,Ex,CZ12,cDXGF,Each,1,4000,None,1920,0,-0.00307,1920,0,-0.00307,,,,,,,,,20,,69075,1721,,,67160,1721,,,,,,
NE-HVAC-AirEcono-Adjust-ExSP55F,DEER2024,D24_E+_Com_v1,6/15/2026 10:46,Any,RFF,Ex,CZ13,cDXGF,Each,1,4000,None,1600,0,-0.00341,1600,0,-0.00341,,,,,,,,,20,,76254,1629.6,,,74656,1629.6,,,,,,
NE-HVAC-AirEcono-Adjust-ExSP55F,DEER2024,D24_E+_Com_v1,6/15/2026 10:46,Any,RFF,Ex,CZ14,cDXGF,Each,1,4000,None,1670,-0.001,-0.0058,1670,-0.001,-0.0058,,,,,,,,,20,,75020,1629,,,73348,1629,,,,,,
NE-HVAC-AirEcono-Adjust-ExSP55F,DEER2024,D24_E+_Com_v1,6/15/2026 10:46,Any,RFF,Ex,CZ15,cDXGF,Each,1,4000,None,1510,0,-0.0116,1510,0,-0.0116,,,,,,,,,20,,89060,1388,,,87553,1388.1,,,,,,
NE-HVAC-AirEcono-Adjust-ExSP55F,DEER2024,D24_E+_Com_v1,6/15/2026 10:46,Any,RFF,Ex,CZ16,cDXGF,Each,1,4000,None,1970,0.047,-0.00341,1970,0.047,-0.00341,,,,,,,,,20,,67200,1914.7,,,65234,1914.7,,,,,,
NE-HVAC-AirEcono-Adjust-ExSP55F,DEER2024,D24_E+_Com_v1,6/15/2026 10:46,Any,RFF,Ex,CZ01,cDXHP,Each,1,4000,None,1180,0.457,0.000341,1180,0.457,0.000341,,,,,,,,,20,,55082,1615,,,53898,1615,,,,,,
NE-HVAC-AirEcono-Adjust-ExSP55F,DEER2024,D24_E+_Com_v1,6/15/2026 10:46,Any,RFF,Ex,CZ02,cDXHP,Each,1,4000,None,1740,0.16,0.000341,1740,0.16,0.000341,,,,,,,,,20,,66034,1566.6,,,64294,1566.6,,,,,,
NE-HVAC-AirEcono-Adjust-ExSP55F,DEER2024,D24_E+_Com_v1,6/15/2026 10:46,Any,RFF,Ex,CZ03,cDXHP,Each,1,4000,None,2630,0.318,0.000341,2630,0.318,0.000341,,,,,,,,,20,,62012,1554.6,,,59385,1554.6,,,,,,
NE-HVAC-AirEcono-Adjust-ExSP55F,DEER2024,D24_E+_Com_v1,6/15/2026 10:46,Any,RFF,Ex,CZ04,cDXHP,Each,1,4000,None,1810,0,0.000341,1810,0,0.000341,,,,,,,,,20,,71143,1535.6,,,69330,1535.6,,,,,,
NE-HVAC-AirEcono-Adjust-ExSP55F,DEER2024,D24_E+_Com_v1,6/15/2026 10:46,Any,RFF,Ex,CZ05,cDXHP,Each,1,4000,None,2460,0.517,0.000683,2460,0.517,0.000683,,,,,,,,,20,,63200,1558,,,60739,1558,,,,,,
NE-HVAC-AirEcono-Adjust-ExSP55F,DEER2024,D24_E+_Com_v1,6/15/2026 10:46,Any,RFF,Ex,CZ06,cDXHP,Each,1,4000,None,3090,0.084,0,3090,0.084,0,,,,,,,,,20,,67484,1498.7,,,64391,1498.7,,,,,,
NE-HVAC-AirEcono-Adjust-ExSP55F,DEER2024,D24_E+_Com_v1,6/15/2026 10:46,Any,RFF,Ex,CZ07,cDXHP,Each,1,4000,None,2680,0,0.000341,2680,0,0.000341,,,,,,,,,20,,67821,1491.6,,,65140,1491.6,,,,,,
NE-HVAC-AirEcono-Adjust-ExSP55F,DEER2024,D24_E+_Com_v1,6/15/2026 10:46,Any,RFF,Ex,CZ08,cDXHP,Each,1,4000,None,2420,0.001,0.000341,2420,0.001,0.000341,,,,,,,,,20,,73306,1477.6,,,70885,1477.6,,,,,,
NE-HVAC-AirEcono-Adjust-ExSP55F,DEER2024,D24_E+_Com_v1,6/15/2026 10:46,Any,RFF,Ex,CZ09,cDXHP,Each,1,4000,None,2510,0.001,0.000342,2510,0.001,0.000342,,,,,,,,,20,,75018,1482.4,,,72511,1482.4,,,,,,
NE-HVAC-AirEcono-Adjust-ExSP55F,DEER2024,D24_E+_Com_v1,6/15/2026 10:46,Any,RFF,Ex,CZ10,cDXHP,Each,1,4000,None,2060,0.001,0.000342,2060,0.001,0.000342,,,,,,,,,20,,75811,1474.2,,,73753,1474.2,,,,,,
NE-HVAC-AirEcono-Adjust-ExSP55F,DEER2024,D24_E+_Com_v1,6/15/2026 10:46,Any,RFF,Ex,CZ11,cDXHP,Each,1,4000,None,1580,0,0,1580,0,0,,,,,,,,,20,,77036,1494,,,75454,1494,,,,,,
NE-HVAC-AirEcono-Adjust-ExSP55F,DEER2024,D24_E+_Com_v1,6/15/2026 10:46,Any,RFF,Ex,CZ12,cDXHP,Each,1,4000,None,1910,0,0.000341,1910,0,0.000341,,,,,,,,,20,,70604,1524.9,,,68694,1524.9,,,,,,
NE-HVAC-AirEcono-Adjust-ExSP55F,DEER2024,D24_E+_Com_v1,6/15/2026 10:46,Any,RFF,Ex,CZ13,cDXHP,Each,1,4000,None,1600,0,0.000341,1600,0,0.000341,,,,,,,,,20,,77476,1478.2,,,75875,1478.2,,,,,,
NE-HVAC-AirEcono-Adjust-ExSP55F,DEER2024,D24_E+_Com_v1,6/15/2026 10:46,Any,RFF,Ex,CZ14,cDXHP,Each,1,4000,None,1680,-0.001,0.000341,1680,-0.001,0.000341,,,,,,,,,20,,76356,1497.3,,,74674,1497.3,,,,,,
NE-HVAC-AirEcono-Adjust-ExSP55F,DEER2024,D24_E+_Com_v1,6/15/2026 10:46,Any,RFF,Ex,CZ15,cDXHP,Each,1,4000,None,1510,0,-0.00922,1510,0,-0.00922,,,,,,,,,20,,89171,1373.3,,,87664,1373.3,,,,,,
NE-HVAC-AirEcono-Adjust-ExSP55F,DEER2024,D24_E+_Com_v1,6/15/2026 10:46,Any,RFF,Ex,CZ16,cDXHP,Each,1,4000,None,1980,0.047,0.000341,1980,0.047,0.000341,,,,,,,,,20,,70653,1605.4,,,68672,1605.4,,,,,,
NE-HVAC-AirEcono-Adjust-ExSP55F,DEER2024,D24_E+_Com_v1,6/15/2026 10:46,Any,RFF,Ex,CZ01,cDXOH,Each,1,4000,None,1160,0.452,0.000341,1160,0.452,0.000341,,,,,,,,,20,,52704,1617.3,,,51548,1617.3,,,,,,
NE-HVAC-AirEcono-Adjust-ExSP55F,DEER2024,D24_E+_Com_v1,6/15/2026 10:46,Any,RFF,Ex,CZ02,cDXOH,Each,1,4000,None,1700,0.174,0.000341,1700,0.174,0.000341,,,,,,,,,20,,64272,1569.1,,,62571,1569.1,,,,,,
NE-HVAC-AirEcono-Adjust-ExSP55F,DEER2024,D24_E+_Com_v1,6/15/2026 10:46,Any,RFF,Ex,CZ03,cDXOH,Each,1,4000,None,2630,0.32,0.000342,2630,0.32,0.000342,,,,,,,,,20,,61178,1555.1,,,58553,1555.1,,,,,,
NE-HVAC-AirEcono-Adjust-ExSP55F,DEER2024,D24_E+_Com_v1,6/15/2026 10:46,Any,RFF,Ex,CZ04,cDXOH,Each,1,4000,None,1770,0,0.000341,1770,0,0.000341,,,,,,,,,20,,69572,1536.9,,,67801,1536.9,,,,,,
NE-HVAC-AirEcono-Adjust-ExSP55F,DEER2024,D24_E+_Com_v1,6/15/2026 10:46,Any,RFF,Ex,CZ05,cDXOH,Each,1,4000,None,2450,0.507,0.000683,2450,0.507,0.000683,,,,,,,,,20,,62366,1558.2,,,59919,1558.2,,,,,,
NE-HVAC-AirEcono-Adjust-ExSP55F,DEER2024,D24_E+_Com_v1,6/15/2026 10:46,Any,RFF,Ex,CZ06,cDXOH,Each,1,4000,None,3100,0.108,0,3100,0.108,0,,,,,,,,,20,,67463,1498.7,,,64364,1498.7,,,,,,
NE-HVAC-AirEcono-Adjust-ExSP55F,DEER2024,D24_E+_Com_v1,6/15/2026 10:46,Any,RFF,Ex,CZ07,cDXOH,Each,1,4000,None,2690,0,0.000342,2690,0,0.000342,,,,,,,,,20,,67808,1491.6,,,65121,1491.6,,,,,,
NE-HVAC-AirEcono-Adjust-ExSP55F,DEER2024,D24_E+_Com_v1,6/15/2026 10:46,Any,RFF,Ex,CZ08,cDXOH,Each,1,4000,None,2410,0,0.000342,2410,0,0.000342,,,,,,,,,20,,73104,1477.6,,,70689,1477.6,,,,,,
NE-HVAC-AirEcono-Adjust-ExSP55F,DEER2024,D24_E+_Com_v1,6/15/2026 10:46,Any,RFF,Ex,CZ09,cDXOH,Each,1,4000,None,2500,0.002,0.000341,2500,0.002,0.000341,,,,,,,,,20,,74712,1482.5,,,72215,1482.5,,,,,,
NE-HVAC-AirEcono-Adjust-ExSP55F,DEER2024,D24_E+_Com_v1,6/15/2026 10:46,Any,RFF,Ex,CZ10,cDXOH,Each,1,4000,None,2040,0.001,0.000342,2040,0.001,0.000342,,,,,,,,,20,,75394,1474.3,,,73351,1474.3,,,,,,
NE-HVAC-AirEcono-Adjust-ExSP55F,DEER2024,D24_E+_Com_v1,6/15/2026 10:46,Any,RFF,Ex,CZ11,cDXOH,Each,1,4000,None,1550,0,0,1550,0,0,,,,,,,,,20,,75462,1496.5,,,73914,1496.5,,,,,,
NE-HVAC-AirEcono-Adjust-ExSP55F,DEER2024,D24_E+_Com_v1,6/15/2026 10:46,Any,RFF,Ex,CZ12,cDXOH,Each,1,4000,None,1890,0,0.000341,1890,0,0.000341,,,,,,,,,20,,69148,1527.1,,,67258,1527.1,,,,,,
NE-HVAC-AirEcono-Adjust-ExSP55F,DEER2024,D24_E+_Com_v1,6/15/2026 10:46,Any,RFF,Ex,CZ13,cDXOH,Each,1,4000,None,1580,0,-0.00205,1580,0,-0.00205,,,,,,,,,20,,76318,1479.5,,,74736,1479.5,,,,,,
NE-HVAC-AirEcono-Adjust-ExSP55F,DEER2024,D24_E+_Com_v1,6/15/2026 10:46,Any,RFF,Ex,CZ14,cDXOH,Each,1,4000,None,1650,-0.001,0.000342,1650,-0.001,0.000342,,,,,,,,,20,,75032,1498.1,,,73386,1498.1,,,,,,
NE-HVAC-AirEcono-Adjust-ExSP55F,DEER2024,D24_E+_Com_v1,6/15/2026 10:46,Any,RFF,Ex,CZ15,cDXOH,Each,1,4000,None,1500,0,-0.00922,1500,0,-0.00922,,,,,,,,,20,,89043,1373.3,,,87544,1373.3,,,,,,
NE-HVAC-AirEcono-Adjust-ExSP55F,DEER2024,D24_E+_Com_v1,6/15/2026 10:46,Any,RFF,Ex,CZ16,cDXOH,Each,1,4000,None,1950,0.047,0.000341,1950,0.047,0.000341,,,,,,,,,20,,67345,1614.1,,,65394,1614.1,,,,,,
NE-HVAC-AirEcono-Adjust-ExSP55F,DEER2024,D24_E+_Com_v1,6/15/2026 10:46,Any,RFF,Ex,CZ01,cPVVG,Each,1,4000,None,770,0.314,-0.0137,770,0.314,-0.0137,,,,,,,,,20,,44379,2101.2,,,43610,2101.2,,,,,,
NE-HVAC-AirEcono-Adjust-ExSP55F,DEER2024,D24_E+_Com_v1,6/15/2026 10:46,Any,RFF,Ex,CZ02,cPVVG,Each,1,4000,None,1210,0.132,-0.0126,1210,0.132,-0.0126,,,,,,,,,20,,54241,1927.2,,,53034,1927.2,,,,,,
NE-HVAC-AirEcono-Adjust-ExSP55F,DEER2024,D24_E+_Com_v1,6/15/2026 10:46,Any,RFF,Ex,CZ03,cPVVG,Each,1,4000,None,1840,0.262,-0.0157,1840,0.262,-0.0157,,,,,,,,,20,,51213,1766.3,,,49375,1766.4,,,,,,
NE-HVAC-AirEcono-Adjust-ExSP55F,DEER2024,D24_E+_Com_v1,6/15/2026 10:46,Any,RFF,Ex,CZ04,cPVVG,Each,1,4000,None,1250,0,-0.013,1250,0,-0.013,,,,,,,,,20,,59916,1819.8,,,58666,1819.8,,,,,,
NE-HVAC-AirEcono-Adjust-ExSP55F,DEER2024,D24_E+_Com_v1,6/15/2026 10:46,Any,RFF,Ex,CZ05,cPVVG,Each,1,4000,None,1780,0.398,-0.0157,1780,0.398,-0.0157,,,,,,,,,20,,52287,1759.7,,,50503,1759.8,,,,,,
NE-HVAC-AirEcono-Adjust-ExSP55F,DEER2024,D24_E+_Com_v1,6/15/2026 10:46,Any,RFF,Ex,CZ06,cPVVG,Each,1,4000,None,2180,0.086,-0.00887,2180,0.086,-0.00887,,,,,,,,,20,,58120,1551.9,,,55941,1551.9,,,,,,
NE-HVAC-AirEcono-Adjust-ExSP55F,DEER2024,D24_E+_Com_v1,6/15/2026 10:46,Any,RFF,Ex,CZ07,cPVVG,Each,1,4000,None,1810,0,-0.0106,1810,0,-0.0106,,,,,,,,,20,,58121,1537.7,,,56315,1537.7,,,,,,
NE-HVAC-AirEcono-Adjust-ExSP55F,DEER2024,D24_E+_Com_v1,6/15/2026 10:46,Any,RFF,Ex,CZ08,cPVVG,Each,1,4000,None,1670,0,-0.0113,1670,0,-0.0113,,,,,,,,,20,,63250,1551,,,61582,1551,,,,,,
NE-HVAC-AirEcono-Adjust-ExSP55F,DEER2024,D24_E+_Com_v1,6/15/2026 10:46,Any,RFF,Ex,CZ09,cPVVG,Each,1,4000,None,1760,0.002,-0.00853,1760,0.002,-0.00853,,,,,,,,,20,,64352,1575.7,,,62587,1575.7,,,,,,
NE-HVAC-AirEcono-Adjust-ExSP55F,DEER2024,D24_E+_Com_v1,6/15/2026 10:46,Any,RFF,Ex,CZ10,cPVVG,Each,1,4000,None,1390,0.001,-0.0099,1390,0.001,-0.0099,,,,,,,,,20,,65178,1588.8,,,63790,1588.8,,,,,,
NE-HVAC-AirEcono-Adjust-ExSP55F,DEER2024,D24_E+_Com_v1,6/15/2026 10:46,Any,RFF,Ex,CZ11,cPVVG,Each,1,4000,None,1090,0,-0.00922,1090,0,-0.00922,,,,,,,,,20,,65330,1811.9,,,64237,1811.9,,,,,,
NE-HVAC-AirEcono-Adjust-ExSP55F,DEER2024,D24_E+_Com_v1,6/15/2026 10:46,Any,RFF,Ex,CZ12,cPVVG,Each,1,4000,None,1310,0,-0.00922,1310,0,-0.00922,,,,,,,,,20,,59534,1833.7,,,58227,1833.7,,,,,,
NE-HVAC-AirEcono-Adjust-ExSP55F,DEER2024,D24_E+_Com_v1,6/15/2026 10:46,Any,RFF,Ex,CZ13,cPVVG,Each,1,4000,None,1120,0,-0.00444,1120,0,-0.00444,,,,,,,,,20,,66540,1730.4,,,65424,1730.4,,,,,,
NE-HVAC-AirEcono-Adjust-ExSP55F,DEER2024,D24_E+_Com_v1,6/15/2026 10:46,Any,RFF,Ex,CZ14,cPVVG,Each,1,4000,None,1230,-0.001,-0.013,1230,-0.001,-0.013,,,,,,,,,20,,65446,1718.1,,,64216,1718.1,,,,,,
NE-HVAC-AirEcono-Adjust-ExSP55F,DEER2024,D24_E+_Com_v1,6/15/2026 10:46,Any,RFF,Ex,CZ15,cPVVG,Each,1,4000,None,1020,0,-0.0102,1020,0,-0.0102,,,,,,,,,20,,79617,1411.9,,,78600,1411.9,,,,,,
NE-HVAC-AirEcono-Adjust-ExSP55F,DEER2024,D24_E+_Com_v1,6/15/2026 10:46,Any,RFF,Ex,CZ16,cPVVG,Each,1,4000,None,1530,0.038,-0.00887,1530,0.038,-0.00887,,,,,,,,,20,,55926,2075.7,,,54399,2075.7,,,,,,
NE-HVAC-AirEcono-Adjust-ExSP55F,DEER2024,D24_E+_Com_v1,6/15/2026 10:46,Any,RSD,Ex,CZ01,cDXGF,Each,1,11200,None,421,0.201,-0.0109,421,0.201,-0.0109,,,,,,,,,20,,109810,4939.6,,,109390,4939.6,,,,,,
NE-HVAC-AirEcono-Adjust-ExSP55F,DEER2024,D24_E+_Com_v1,6/15/2026 10:46,Any,RSD,Ex,CZ02,cDXGF,Each,1,11200,None,654,0.069,-0.0119,654,0.069,-0.0119,,,,,,,,,20,,125050,4806.3,,,124390,4806.3,,,,,,
NE-HVAC-AirEcono-Adjust-ExSP55F,DEER2024,D24_E+_Com_v1,6/15/2026 10:46,Any,RSD,Ex,CZ03,cDXGF,Each,1,11200,None,1080,-0.082,-0.256,1080,-0.082,-0.256,,,,,,,,,20,,114570,4169.6,,,113490,4169.8,,,,,,
NE-HVAC-AirEcono-Adjust-ExSP55F,DEER2024,D24_E+_Com_v1,6/15/2026 10:46,Any,RSD,Ex,CZ04,cDXGF,Each,1,11200,None,713,0.001,-0.0041,713,0.001,-0.0041,,,,,,,,,20,,136030,4756.7,,,135320,4756.7,,,,,,
NE-HVAC-AirEcono-Adjust-ExSP55F,DEER2024,D24_E+_Com_v1,6/15/2026 10:46,Any,RSD,Ex,CZ05,cDXGF,Each,1,11200,None,997,0.221,0.145,997,0.221,0.145,,,,,,,,,20,,116560,4206.1,,,115560,4206,,,,,,
NE-HVAC-AirEcono-Adjust-ExSP55F,DEER2024,D24_E+_Com_v1,6/15/2026 10:46,Any,RSD,Ex,CZ06,cDXGF,Each,1,11200,None,1350,0.05,0.0113,1350,0.05,0.0113,,,,,,,,,20,,124850,3728.9,,,123500,3728.9,,,,,,
NE-HVAC-AirEcono-Adjust-ExSP55F,DEER2024,D24_E+_Com_v1,6/15/2026 10:46,Any,RSD,Ex,CZ07,cDXGF,Each,1,11200,None,1170,0,-0.0205,1170,0,-0.0205,,,,,,,,,20,,125550,3706.1,,,124370,3706.2,,,,,,
NE-HVAC-AirEcono-Adjust-ExSP55F,DEER2024,D24_E+_Com_v1,6/15/2026 10:46,Any,RSD,Ex,CZ08,cDXGF,Each,1,11200,None,1020,0.001,-0.0113,1020,0.001,-0.0113,,,,,,,,,20,,140270,4093.5,,,139240,4093.5,,,,,,
NE-HVAC-AirEcono-Adjust-ExSP55F,DEER2024,D24_E+_Com_v1,6/15/2026 10:46,Any,RSD,Ex,CZ09,cDXGF,Each,1,11200,None,1020,0.003,0.014,1020,0.003,0.014,,,,,,,,,20,,141970,4186.8,,,140950,4186.8,,,,,,
NE-HVAC-AirEcono-Adjust-ExSP55F,DEER2024,D24_E+_Com_v1,6/15/2026 10:46,Any,RSD,Ex,CZ10,cDXGF,Each,1,11200,None,811,0.003,-0.0102,811,0.003,-0.0102,,,,,,,,,20,,145550,4279.9,,,144740,4279.9,,,,,,
NE-HVAC-AirEcono-Adjust-ExSP55F,DEER2024,D24_E+_Com_v1,6/15/2026 10:46,Any,RSD,Ex,CZ11,cDXGF,Each,1,11200,None,598,0,0.000682,598,0,0.000682,,,,,,,,,20,,150070,4907.3,,,149480,4907.3,,,,,,
NE-HVAC-AirEcono-Adjust-ExSP55F,DEER2024,D24_E+_Com_v1,6/15/2026 10:46,Any,RSD,Ex,CZ12,cDXGF,Each,1,11200,None,720,0,0.0099,720,0,0.0099,,,,,,,,,20,,135460,4760.5,,,134740,4760.4,,,,,,
NE-HVAC-AirEcono-Adjust-ExSP55F,DEER2024,D24_E+_Com_v1,6/15/2026 10:46,Any,RSD,Ex,CZ13,cDXGF,Each,1,11200,None,617,0,-0.00341,617,0,-0.00341,,,,,,,,,20,,153310,4805.7,,,152700,4805.7,,,,,,
NE-HVAC-AirEcono-Adjust-ExSP55F,DEER2024,D24_E+_Com_v1,6/15/2026 10:46,Any,RSD,Ex,CZ14,cDXGF,Each,1,11200,None,663,0,-0.00137,663,0,-0.00137,,,,,,,,,20,,151450,4841.3,,,150790,4841.3,,,,,,
NE-HVAC-AirEcono-Adjust-ExSP55F,DEER2024,D24_E+_Com_v1,6/15/2026 10:46,Any,RSD,Ex,CZ15,cDXGF,Each,1,11200,None,610,0,-0.00887,610,0,-0.00887,,,,,,,,,20,,179480,4041.3,,,178870,4041.3,,,,,,
NE-HVAC-AirEcono-Adjust-ExSP55F,DEER2024,D24_E+_Com_v1,6/15/2026 10:46,Any,RSD,Ex,CZ16,cDXGF,Each,1,11200,None,789,0.023,0.00102,789,0.023,0.00102,,,,,,,,,20,,128830,5122.3,,,128040,5122.3,,,,,,
NE-HVAC-AirEcono-Adjust-ExSP55F,DEER2024,D24_E+_Com_v1,6/15/2026 10:46,Any,RSD,Ex,CZ01,cDXHP,Each,1,11200,None,415,0.198,-0.0184,415,0.198,-0.0184,,,,,,,,,20,,111030,4779.2,,,110620,4779.2,,,,,,
NE-HVAC-AirEcono-Adjust-ExSP55F,DEER2024,D24_E+_Com_v1,6/15/2026 10:46,Any,RSD,Ex,CZ02,cDXHP,Each,1,11200,None,656,0.061,-0.00444,656,0.061,-0.00444,,,,,,,,,20,,125910,4702,,,125250,4702,,,,,,
NE-HVAC-AirEcono-Adjust-ExSP55F,DEER2024,D24_E+_Com_v1,6/15/2026 10:46,Any,RSD,Ex,CZ03,cDXHP,Each,1,11200,None,1070,0.026,-0.177,1070,0.026,-0.177,,,,,,,,,20,,114930,4120.4,,,113860,4120.5,,,,,,
NE-HVAC-AirEcono-Adjust-ExSP55F,DEER2024,D24_E+_Com_v1,6/15/2026 10:46,Any,RSD,Ex,CZ04,cDXHP,Each,1,11200,None,716,0.001,-0.00785,716,0.001,-0.00785,,,,,,,,,20,,136770,4675.2,,,136050,4675.2,,,,,,
NE-HVAC-AirEcono-Adjust-ExSP55F,DEER2024,D24_E+_Com_v1,6/15/2026 10:46,Any,RSD,Ex,CZ05,cDXHP,Each,1,11200,None,989,0.225,-0.00444,989,0.225,-0.00444,,,,,,,,,20,,116910,4161.5,,,115920,4161.5,,,,,,
NE-HVAC-AirEcono-Adjust-ExSP55F,DEER2024,D24_E+_Com_v1,6/15/2026 10:46,Any,RSD,Ex,CZ06,cDXHP,Each,1,11200,None,1340,0.035,-0.1,1340,0.035,-0.1,,,,,,,,,20,,124760,3721.7,,,123420,3721.8,,,,,,
NE-HVAC-AirEcono-Adjust-ExSP55F,DEER2024,D24_E+_Com_v1,6/15/2026 10:46,Any,RSD,Ex,CZ07,cDXHP,Each,1,11200,None,1160,0,0.165,1160,0,0.165,,,,,,,,,20,,125470,3701.7,,,124310,3701.6,,,,,,
NE-HVAC-AirEcono-Adjust-ExSP55F,DEER2024,D24_E+_Com_v1,6/15/2026 10:46,Any,RSD,Ex,CZ08,cDXHP,Each,1,11200,None,1020,0.002,-0.0556,1020,0.002,-0.0556,,,,,,,,,20,,140320,4080.4,,,139300,4080.5,,,,,,
NE-HVAC-AirEcono-Adjust-ExSP55F,DEER2024,D24_E+_Com_v1,6/15/2026 10:46,Any,RSD,Ex,CZ09,cDXHP,Each,1,11200,None,1020,0.004,-0.00614,1020,0.004,-0.00614,,,,,,,,,20,,142100,4168.1,,,141080,4168.1,,,,,,
NE-HVAC-AirEcono-Adjust-ExSP55F,DEER2024,D24_E+_Com_v1,6/15/2026 10:46,Any,RSD,Ex,CZ10,cDXHP,Each,1,11200,None,812,0.003,-0.00751,812,0.003,-0.00751,,,,,,,,,20,,145710,4258.2,,,144900,4258.2,,,,,,
NE-HVAC-AirEcono-Adjust-ExSP55F,DEER2024,D24_E+_Com_v1,6/15/2026 10:46,Any,RSD,Ex,CZ11,cDXHP,Each,1,11200,None,599,0,0.00171,599,0,0.00171,,,,,,,,,20,,150880,4811.2,,,150280,4811.2,,,,,,
NE-HVAC-AirEcono-Adjust-ExSP55F,DEER2024,D24_E+_Com_v1,6/15/2026 10:46,Any,RSD,Ex,CZ12,cDXHP,Each,1,11200,None,721,0,0.00478,721,0,0.00478,,,,,,,,,20,,136220,4665.8,,,135490,4665.8,,,,,,
NE-HVAC-AirEcono-Adjust-ExSP55F,DEER2024,D24_E+_Com_v1,6/15/2026 10:46,Any,RSD,Ex,CZ13,cDXHP,Each,1,11200,None,618,0,-0.0041,618,0,-0.0041,,,,,,,,,20,,153940,4730,,,153320,4730,,,,,,
NE-HVAC-AirEcono-Adjust-ExSP55F,DEER2024,D24_E+_Com_v1,6/15/2026 10:46,Any,RSD,Ex,CZ14,cDXHP,Each,1,11200,None,666,0,-0.00239,666,0,-0.00239,,,,,,,,,20,,152170,4769.1,,,151510,4769.1,,,,,,
NE-HVAC-AirEcono-Adjust-ExSP55F,DEER2024,D24_E+_Com_v1,6/15/2026 10:46,Any,RSD,Ex,CZ15,cDXHP,Each,1,11200,None,610,0,0.00546,610,0,0.00546,,,,,,,,,20,,179540,4033.7,,,178930,4033.7,,,,,,
NE-HVAC-AirEcono-Adjust-ExSP55F,DEER2024,D24_E+_Com_v1,6/15/2026 10:46,Any,RSD,Ex,CZ16,cDXHP,Each,1,11200,None,797,0.023,0.0041,797,0.023,0.0041,,,,,,,,,20,,130630,4962.2,,,129830,4962.2,,,,,,
NE-HVAC-AirEcono-Adjust-ExSP55F,DEER2024,D24_E+_Com_v1,6/15/2026 10:46,Any,RSD,Ex,CZ01,cDXOH,Each,1,11200,None,400,0.2,-0.00341,400,0.2,-0.00341,,,,,,,,,20,,109710,4789.4,,,109310,4789.4,,,,,,
NE-HVAC-AirEcono-Adjust-ExSP55F,DEER2024,D24_E+_Com_v1,6/15/2026 10:46,Any,RSD,Ex,CZ02,cDXOH,Each,1,11200,None,629,0.069,0.000342,629,0.069,0.000342,,,,,,,,,20,,124950,4708,,,124320,4708,,,,,,
NE-HVAC-AirEcono-Adjust-ExSP55F,DEER2024,D24_E+_Com_v1,6/15/2026 10:46,Any,RSD,Ex,CZ03,cDXOH,Each,1,11200,None,1070,0.042,-0.0843,1070,0.042,-0.0843,,,,,,,,,20,,114520,4123.1,,,113460,4123.2,,,,,,
NE-HVAC-AirEcono-Adjust-ExSP55F,DEER2024,D24_E+_Com_v1,6/15/2026 10:46,Any,RSD,Ex,CZ04,cDXOH,Each,1,11200,None,689,0.001,0.00341,689,0.001,0.00341,,,,,,,,,20,,135940,4680,,,135250,4680,,,,,,
NE-HVAC-AirEcono-Adjust-ExSP55F,DEER2024,D24_E+_Com_v1,6/15/2026 10:46,Any,RSD,Ex,CZ05,cDXOH,Each,1,11200,None,979,0.221,0.0352,979,0.221,0.0352,,,,,,,,,20,,116510,4163.4,,,115530,4163.4,,,,,,
NE-HVAC-AirEcono-Adjust-ExSP55F,DEER2024,D24_E+_Com_v1,6/15/2026 10:46,Any,RSD,Ex,CZ06,cDXOH,Each,1,11200,None,1350,0.05,-0.156,1350,0.05,-0.156,,,,,,,,,20,,124840,3721.9,,,123500,3722.1,,,,,,
NE-HVAC-AirEcono-Adjust-ExSP55F,DEER2024,D24_E+_Com_v1,6/15/2026 10:46,Any,RSD,Ex,CZ07,cDXOH,Each,1,11200,None,1180,0,-0.266,1180,0,-0.266,,,,,,,,,20,,125540,3701.7,,,124360,3702,,,,,,
NE-HVAC-AirEcono-Adjust-ExSP55F,DEER2024,D24_E+_Com_v1,6/15/2026 10:46,Any,RSD,Ex,CZ08,cDXOH,Each,1,11200,None,1020,0.001,0.000341,1020,0.001,0.000341,,,,,,,,,20,,140250,4080.9,,,139230,4080.9,,,,,,
NE-HVAC-AirEcono-Adjust-ExSP55F,DEER2024,D24_E+_Com_v1,6/15/2026 10:46,Any,RSD,Ex,CZ09,cDXOH,Each,1,11200,None,1010,0.003,0.00341,1010,0.003,0.00341,,,,,,,,,20,,141950,4168.8,,,140940,4168.8,,,,,,
NE-HVAC-AirEcono-Adjust-ExSP55F,DEER2024,D24_E+_Com_v1,6/15/2026 10:46,Any,RSD,Ex,CZ10,cDXOH,Each,1,11200,None,803,0.003,0.00137,803,0.003,0.00137,,,,,,,,,20,,145520,4259.3,,,144720,4259.3,,,,,,
NE-HVAC-AirEcono-Adjust-ExSP55F,DEER2024,D24_E+_Com_v1,6/15/2026 10:46,Any,RSD,Ex,CZ11,cDXOH,Each,1,11200,None,581,0,0.00307,581,0,0.00307,,,,,,,,,20,,150010,4817.1,,,149430,4817.1,,,,,,
NE-HVAC-AirEcono-Adjust-ExSP55F,DEER2024,D24_E+_Com_v1,6/15/2026 10:46,Any,RSD,Ex,CZ12,cDXOH,Each,1,11200,None,704,0,0.00307,704,0,0.00307,,,,,,,,,20,,135390,4671.9,,,134690,4671.9,,,,,,
NE-HVAC-AirEcono-Adjust-ExSP55F,DEER2024,D24_E+_Com_v1,6/15/2026 10:46,Any,RSD,Ex,CZ13,cDXOH,Each,1,11200,None,605,0,-0.00239,605,0,-0.00239,,,,,,,,,20,,153260,4734.7,,,152650,4734.7,,,,,,
NE-HVAC-AirEcono-Adjust-ExSP55F,DEER2024,D24_E+_Com_v1,6/15/2026 10:46,Any,RSD,Ex,CZ14,cDXOH,Each,1,11200,None,646,0,-0.0294,646,0,-0.0294,,,,,,,,,20,,151380,4773.5,,,150730,4773.5,,,,,,
NE-HVAC-AirEcono-Adjust-ExSP55F,DEER2024,D24_E+_Com_v1,6/15/2026 10:46,Any,RSD,Ex,CZ15,cDXOH,Each,1,11200,None,606,0,-0.00649,606,0,-0.00649,,,,,,,,,20,,179470,4034.1,,,178860,4034.1,,,,,,
NE-HVAC-AirEcono-Adjust-ExSP55F,DEER2024,D24_E+_Com_v1,6/15/2026 10:46,Any,RSD,Ex,CZ16,cDXOH,Each,1,11200,None,777,0.023,0.00205,777,0.023,0.00205,,,,,,,,,20,,128790,4973.8,,,128020,4973.8,,,,,,
NE-HVAC-AirEcono-Adjust-ExSP55F,DEER2024,D24_E+_Com_v1,6/15/2026 10:46,Any,RSD,Ex,CZ01,cPVVG,Each,1,11200,None,158,0.096,-0.0188,158,0.096,-0.0188,,,,,,,,,20,,105300,5026.5,,,105140,5026.5,,,,,,
NE-HVAC-AirEcono-Adjust-ExSP55F,DEER2024,D24_E+_Com_v1,6/15/2026 10:46,Any,RSD,Ex,CZ02,cPVVG,Each,1,11200,None,345,0.047,0.00887,345,0.047,0.00887,,,,,,,,,20,,120120,4866.8,,,119780,4866.8,,,,,,
NE-HVAC-AirEcono-Adjust-ExSP55F,DEER2024,D24_E+_Com_v1,6/15/2026 10:46,Any,RSD,Ex,CZ03,cPVVG,Each,1,11200,None,578,0.089,0,578,0.089,0,,,,,,,,,20,,109520,4212.6,,,108940,4212.6,,,,,,
NE-HVAC-AirEcono-Adjust-ExSP55F,DEER2024,D24_E+_Com_v1,6/15/2026 10:46,Any,RSD,Ex,CZ04,cPVVG,Each,1,11200,None,399,0.001,0.0058,399,0.001,0.0058,,,,,,,,,20,,131200,4807.2,,,130800,4807.2,,,,,,
NE-HVAC-AirEcono-Adjust-ExSP55F,DEER2024,D24_E+_Com_v1,6/15/2026 10:46,Any,RSD,Ex,CZ05,cPVVG,Each,1,11200,None,560,0.148,0.059,560,0.148,0.059,,,,,,,,,20,,111470,4248.1,,,110910,4248.1,,,,,,
NE-HVAC-AirEcono-Adjust-ExSP55F,DEER2024,D24_E+_Com_v1,6/15/2026 10:46,Any,RSD,Ex,CZ06,cPVVG,Each,1,11200,None,748,0.044,-0.51,748,0.044,-0.51,,,,,,,,,20,,120140,3740.8,,,119390,3741.3,,,,,,
NE-HVAC-AirEcono-Adjust-ExSP55F,DEER2024,D24_E+_Com_v1,6/15/2026 10:46,Any,RSD,Ex,CZ07,cPVVG,Each,1,11200,None,635,0,0.16,635,0,0.16,,,,,,,,,20,,120740,3717.1,,,120100,3716.9,,,,,,
NE-HVAC-AirEcono-Adjust-ExSP55F,DEER2024,D24_E+_Com_v1,6/15/2026 10:46,Any,RSD,Ex,CZ08,cPVVG,Each,1,11200,None,579,0.002,0.0106,579,0.002,0.0106,,,,,,,,,20,,135290,4110.9,,,134710,4110.9,,,,,,
NE-HVAC-AirEcono-Adjust-ExSP55F,DEER2024,D24_E+_Com_v1,6/15/2026 10:46,Any,RSD,Ex,CZ09,cPVVG,Each,1,11200,None,596,0.004,0.00683,596,0.004,0.00683,,,,,,,,,20,,136820,4208.2,,,136220,4208.2,,,,,,
NE-HVAC-AirEcono-Adjust-ExSP55F,DEER2024,D24_E+_Com_v1,6/15/2026 10:46,Any,RSD,Ex,CZ10,cPVVG,Each,1,11200,None,443,0.004,-0.000683,443,0.004,-0.000683,,,,,,,,,20,,140670,4303.7,,,140220,4303.7,,,,,,
NE-HVAC-AirEcono-Adjust-ExSP55F,DEER2024,D24_E+_Com_v1,6/15/2026 10:46,Any,RSD,Ex,CZ11,cPVVG,Each,1,11200,None,328,0,-0.00614,328,0,-0.00614,,,,,,,,,20,,145130,4962.1,,,144800,4962.1,,,,,,
NE-HVAC-AirEcono-Adjust-ExSP55F,DEER2024,D24_E+_Com_v1,6/15/2026 10:46,Any,RSD,Ex,CZ12,cPVVG,Each,1,11200,None,393,0,-0.00887,393,0,-0.00887,,,,,,,,,20,,130690,4813.3,,,130300,4813.3,,,,,,
NE-HVAC-AirEcono-Adjust-ExSP55F,DEER2024,D24_E+_Com_v1,6/15/2026 10:46,Any,RSD,Ex,CZ13,cPVVG,Each,1,11200,None,347,0,-0.0119,347,0,-0.0119,,,,,,,,,20,,148410,4853.3,,,148070,4853.3,,,,,,
NE-HVAC-AirEcono-Adjust-ExSP55F,DEER2024,D24_E+_Com_v1,6/15/2026 10:46,Any,RSD,Ex,CZ14,cPVVG,Each,1,11200,None,384,-0.001,-0.015,384,-0.001,-0.015,,,,,,,,,20,,146440,4886.9,,,146050,4886.9,,,,,,
NE-HVAC-AirEcono-Adjust-ExSP55F,DEER2024,D24_E+_Com_v1,6/15/2026 10:46,Any,RSD,Ex,CZ15,cPVVG,Each,1,11200,None,339,0,0.00205,339,0,0.00205,,,,,,,,,20,,174760,4052.6,,,174420,4052.6,,,,,,
NE-HVAC-AirEcono-Adjust-ExSP55F,DEER2024,D24_E+_Com_v1,6/15/2026 10:46,Any,RSD,Ex,CZ16,cPVVG,Each,1,11200,None,525,0.02,-0.000341,525,0.02,-0.000341,,,,,,,,,20,,123340,5203.2,,,122810,5203.2,,,,,,
NE-HVAC-AirEcono-Adjust-ExSP55F,DEER2024,D24_E+_Com_v1,6/15/2026 10:46,Any,Rt3,Ex,CZ01,cDXGF,Each,1,240000,None,71100,24.3,-0.0898,71100,24.3,-0.0898,,,,,,,,,20,,1800100,10251,,,1728900,10251,,,,,,
NE-HVAC-AirEcono-Adjust-ExSP55F,DEER2024,D24_E+_Com_v1,6/15/2026 10:46,Any,Rt3,Ex,CZ02,cDXGF,Each,1,240000,None,71200,7.43,-0.0775,71200,7.43,-0.0775,,,,,,,,,20,,2038100,9510.7,,,1966900,9510.8,,,,,,
NE-HVAC-AirEcono-Adjust-ExSP55F,DEER2024,D24_E+_Com_v1,6/15/2026 10:46,Any,Rt3,Ex,CZ03,cDXGF,Each,1,240000,None,109000,13.5,-0.073,109000,13.5,-0.073,,,,,,,,,20,,1950600,7885.7,,,1842000,7885.8,,,,,,
NE-HVAC-AirEcono-Adjust-ExSP55F,DEER2024,D24_E+_Com_v1,6/15/2026 10:46,Any,Rt3,Ex,CZ04,cDXGF,Each,1,240000,None,64800,0,-0.0642,64800,0,-0.0642,,,,,,,,,20,,2166600,8707.4,,,2101800,8707.4,,,,,,
NE-HVAC-AirEcono-Adjust-ExSP55F,DEER2024,D24_E+_Com_v1,6/15/2026 10:46,Any,Rt3,Ex,CZ05,cDXGF,Each,1,240000,None,103000,21.3,-0.0611,103000,21.3,-0.0611,,,,,,,,,20,,1987100,7777.8,,,1884100,7777.8,,,,,,
NE-HVAC-AirEcono-Adjust-ExSP55F,DEER2024,D24_E+_Com_v1,6/15/2026 10:46,Any,Rt3,Ex,CZ06,cDXGF,Each,1,240000,None,120000,4.33,-0.0365,120000,4.33,-0.0365,,,,,,,,,20,,2103300,5957.3,,,1983700,5957.3,,,,,,
NE-HVAC-AirEcono-Adjust-ExSP55F,DEER2024,D24_E+_Com_v1,6/15/2026 10:46,Any,Rt3,Ex,CZ07,cDXGF,Each,1,240000,None,107000,0,-0.0307,107000,0,-0.0307,,,,,,,,,20,,2123900,5830.2,,,2016800,5830.2,,,,,,
NE-HVAC-AirEcono-Adjust-ExSP55F,DEER2024,D24_E+_Com_v1,6/15/2026 10:46,Any,Rt3,Ex,CZ08,cDXGF,Each,1,240000,None,83900,0,-0.0304,83900,0,-0.0304,,,,,,,,,20,,2231000,5853.1,,,2147100,5853.2,,,,,,
NE-HVAC-AirEcono-Adjust-ExSP55F,DEER2024,D24_E+_Com_v1,6/15/2026 10:46,Any,Rt3,Ex,CZ09,cDXGF,Each,1,240000,None,80400,0,-0.603,80400,0,-0.603,,,,,,,,,20,,2246100,6128.7,,,2165800,6129.3,,,,,,
NE-HVAC-AirEcono-Adjust-ExSP55F,DEER2024,D24_E+_Com_v1,6/15/2026 10:46,Any,Rt3,Ex,CZ10,cDXGF,Each,1,240000,None,73900,0,-0.0362,73900,0,-0.0362,,,,,,,,,20,,2319200,6293.2,,,2245300,6293.3,,,,,,
NE-HVAC-AirEcono-Adjust-ExSP55F,DEER2024,D24_E+_Com_v1,6/15/2026 10:46,Any,Rt3,Ex,CZ11,cDXGF,Each,1,240000,None,55800,0,-0.057,55800,0,-0.057,,,,,,,,,20,,2259400,8392.2,,,2203600,8392.3,,,,,,
NE-HVAC-AirEcono-Adjust-ExSP55F,DEER2024,D24_E+_Com_v1,6/15/2026 10:46,Any,Rt3,Ex,CZ12,cDXGF,Each,1,240000,None,65700,0,-0.0502,65700,0,-0.0502,,,,,,,,,20,,2141600,8603.4,,,2076000,8603.4,,,,,,
NE-HVAC-AirEcono-Adjust-ExSP55F,DEER2024,D24_E+_Com_v1,6/15/2026 10:46,Any,Rt3,Ex,CZ13,cDXGF,Each,1,240000,None,57300,0,-0.0362,57300,0,-0.0362,,,,,,,,,20,,2281100,7489,,,2223800,7489,,,,,,
NE-HVAC-AirEcono-Adjust-ExSP55F,DEER2024,D24_E+_Com_v1,6/15/2026 10:46,Any,Rt3,Ex,CZ14,cDXGF,Each,1,240000,None,57700,0,-0.0447,57700,0,-0.0447,,,,,,,,,20,,2271200,7610.4,,,2213400,7610.5,,,,,,
NE-HVAC-AirEcono-Adjust-ExSP55F,DEER2024,D24_E+_Com_v1,6/15/2026 10:46,Any,Rt3,Ex,CZ15,cDXGF,Each,1,240000,None,48600,0,-0.00922,48600,0,-0.00922,,,,,,,,,20,,2570100,4698.9,,,2521500,4698.9,,,,,,
NE-HVAC-AirEcono-Adjust-ExSP55F,DEER2024,D24_E+_Com_v1,6/15/2026 10:46,Any,Rt3,Ex,CZ16,cDXGF,Each,1,240000,None,69400,2.35,-0.0362,69400,2.35,-0.0362,,,,,,,,,20,,2094200,10880,,,2024800,10880,,,,,,
NE-HVAC-AirEcono-Adjust-ExSP55F,DEER2024,D24_E+_Com_v1,6/15/2026 10:46,Any,Rt3,Ex,CZ01,cDXHP,Each,1,240000,None,71400,24.6,-0.00239,71400,24.6,-0.00239,,,,,,,,,20,,1828800,6677,,,1757300,6677,,,,,,
NE-HVAC-AirEcono-Adjust-ExSP55F,DEER2024,D24_E+_Com_v1,6/15/2026 10:46,Any,Rt3,Ex,CZ02,cDXHP,Each,1,240000,None,71900,7.49,0.00137,71900,7.49,0.00137,,,,,,,,,20,,2068900,6234.8,,,1997000,6234.8,,,,,,
NE-HVAC-AirEcono-Adjust-ExSP55F,DEER2024,D24_E+_Com_v1,6/15/2026 10:46,Any,Rt3,Ex,CZ03,cDXHP,Each,1,240000,None,109000,13.6,-0.00239,109000,13.6,-0.00239,,,,,,,,,20,,1964900,6088.3,,,1855600,6088.3,,,,,,
NE-HVAC-AirEcono-Adjust-ExSP55F,DEER2024,D24_E+_Com_v1,6/15/2026 10:46,Any,Rt3,Ex,CZ04,cDXHP,Each,1,240000,None,65400,0,-0.00171,65400,0,-0.00171,,,,,,,,,20,,2197500,5949.5,,,2132100,5949.5,,,,,,
NE-HVAC-AirEcono-Adjust-ExSP55F,DEER2024,D24_E+_Com_v1,6/15/2026 10:46,Any,Rt3,Ex,CZ05,cDXHP,Each,1,240000,None,104000,21.6,-0.00205,104000,21.6,-0.00205,,,,,,,,,20,,2001700,6103,,,1898000,6103,,,,,,
NE-HVAC-AirEcono-Adjust-ExSP55F,DEER2024,D24_E+_Com_v1,6/15/2026 10:46,Any,Rt3,Ex,CZ06,cDXHP,Each,1,240000,None,119000,4.39,-0.00102,119000,4.39,-0.00102,,,,,,,,,20,,2099400,5542.1,,,1980300,5542.1,,,,,,
NE-HVAC-AirEcono-Adjust-ExSP55F,DEER2024,D24_E+_Com_v1,6/15/2026 10:46,Any,Rt3,Ex,CZ07,cDXHP,Each,1,240000,None,107000,0,-0.00102,107000,0,-0.00102,,,,,,,,,20,,2120700,5479.7,,,2013700,5479.7,,,,,,
NE-HVAC-AirEcono-Adjust-ExSP55F,DEER2024,D24_E+_Com_v1,6/15/2026 10:46,Any,Rt3,Ex,CZ08,cDXHP,Each,1,240000,None,84300,0,-0.00102,84300,0,-0.00102,,,,,,,,,20,,2230300,5371.6,,,2146000,5371.6,,,,,,
NE-HVAC-AirEcono-Adjust-ExSP55F,DEER2024,D24_E+_Com_v1,6/15/2026 10:46,Any,Rt3,Ex,CZ09,cDXHP,Each,1,240000,None,80700,0,-0.0331,80700,0,-0.0331,,,,,,,,,20,,2251000,5420.2,,,2170300,5420.2,,,,,,
NE-HVAC-AirEcono-Adjust-ExSP55F,DEER2024,D24_E+_Com_v1,6/15/2026 10:46,Any,Rt3,Ex,CZ10,cDXHP,Each,1,240000,None,74200,0,-0.00102,74200,0,-0.00102,,,,,,,,,20,,2326900,5358.2,,,2252800,5358.2,,,,,,
NE-HVAC-AirEcono-Adjust-ExSP55F,DEER2024,D24_E+_Com_v1,6/15/2026 10:46,Any,Rt3,Ex,CZ11,cDXHP,Each,1,240000,None,56300,0,-0.00171,56300,0,-0.00171,,,,,,,,,20,,2290000,5604.4,,,2233700,5604.4,,,,,,
NE-HVAC-AirEcono-Adjust-ExSP55F,DEER2024,D24_E+_Com_v1,6/15/2026 10:46,Any,Rt3,Ex,CZ12,cDXHP,Each,1,240000,None,66300,0,-0.00137,66300,0,-0.00137,,,,,,,,,20,,2168700,5864.9,,,2102500,5864.9,,,,,,
NE-HVAC-AirEcono-Adjust-ExSP55F,DEER2024,D24_E+_Com_v1,6/15/2026 10:46,Any,Rt3,Ex,CZ13,cDXHP,Each,1,240000,None,57900,0,-0.00137,57900,0,-0.00137,,,,,,,,,20,,2305200,5446.4,,,2247300,5446.4,,,,,,
NE-HVAC-AirEcono-Adjust-ExSP55F,DEER2024,D24_E+_Com_v1,6/15/2026 10:46,Any,Rt3,Ex,CZ14,cDXHP,Each,1,240000,None,58200,0,-0.00205,58200,0,-0.00205,,,,,,,,,20,,2297400,5592.8,,,2239200,5592.9,,,,,,
NE-HVAC-AirEcono-Adjust-ExSP55F,DEER2024,D24_E+_Com_v1,6/15/2026 10:46,Any,Rt3,Ex,CZ15,cDXHP,Each,1,240000,None,48900,0,-0.000342,48900,0,-0.000342,,,,,,,,,20,,2578300,4487.7,,,2529400,4487.7,,,,,,
NE-HVAC-AirEcono-Adjust-ExSP55F,DEER2024,D24_E+_Com_v1,6/15/2026 10:46,Any,Rt3,Ex,CZ16,cDXHP,Each,1,240000,None,69900,2.38,-0.00137,69900,2.38,-0.00137,,,,,,,,,20,,2144100,6556.6,,,2074200,6556.6,,,,,,
NE-HVAC-AirEcono-Adjust-ExSP55F,DEER2024,D24_E+_Com_v1,6/15/2026 10:46,Any,Rt3,Ex,CZ01,cDXOH,Each,1,240000,None,69800,24.2,-0.00444,69800,24.2,-0.00444,,,,,,,,,20,,1800000,6696.1,,,1730200,6696.1,,,,,,
NE-HVAC-AirEcono-Adjust-ExSP55F,DEER2024,D24_E+_Com_v1,6/15/2026 10:46,Any,Rt3,Ex,CZ02,cDXOH,Each,1,240000,None,69500,7.43,-0.00307,69500,7.43,-0.00307,,,,,,,,,20,,2038400,6250.9,,,1968900,6250.9,,,,,,
NE-HVAC-AirEcono-Adjust-ExSP55F,DEER2024,D24_E+_Com_v1,6/15/2026 10:46,Any,Rt3,Ex,CZ03,cDXOH,Each,1,240000,None,108000,13.5,-0.00273,108000,13.5,-0.00273,,,,,,,,,20,,1950300,6095,,,1842600,6095,,,,,,
NE-HVAC-AirEcono-Adjust-ExSP55F,DEER2024,D24_E+_Com_v1,6/15/2026 10:46,Any,Rt3,Ex,CZ04,cDXOH,Each,1,240000,None,63300,0,-0.00171,63300,0,-0.00171,,,,,,,,,20,,2166000,5958.9,,,2102700,5958.9,,,,,,
NE-HVAC-AirEcono-Adjust-ExSP55F,DEER2024,D24_E+_Com_v1,6/15/2026 10:46,Any,Rt3,Ex,CZ05,cDXOH,Each,1,240000,None,102000,21.3,-0.00205,102000,21.3,-0.00205,,,,,,,,,20,,1985600,6106.6,,,1883800,6106.6,,,,,,
NE-HVAC-AirEcono-Adjust-ExSP55F,DEER2024,D24_E+_Com_v1,6/15/2026 10:46,Any,Rt3,Ex,CZ06,cDXOH,Each,1,240000,None,119000,4.33,-0.00102,119000,4.33,-0.00102,,,,,,,,,20,,2102700,5542.5,,,1983500,5542.5,,,,,,
NE-HVAC-AirEcono-Adjust-ExSP55F,DEER2024,D24_E+_Com_v1,6/15/2026 10:46,Any,Rt3,Ex,CZ07,cDXOH,Each,1,240000,None,107000,0,-0.00102,107000,0,-0.00102,,,,,,,,,20,,2123300,5479.9,,,2016700,5479.9,,,,,,
NE-HVAC-AirEcono-Adjust-ExSP55F,DEER2024,D24_E+_Com_v1,6/15/2026 10:46,Any,Rt3,Ex,CZ08,cDXOH,Each,1,240000,None,83400,0,-0.00102,83400,0,-0.00102,,,,,,,,,20,,2230300,5372.1,,,2146900,5372.1,,,,,,
NE-HVAC-AirEcono-Adjust-ExSP55F,DEER2024,D24_E+_Com_v1,6/15/2026 10:46,Any,Rt3,Ex,CZ09,cDXOH,Each,1,240000,None,79900,0,-0.000682,79900,0,-0.000682,,,,,,,,,20,,2245500,5421.3,,,2165600,5421.3,,,,,,
NE-HVAC-AirEcono-Adjust-ExSP55F,DEER2024,D24_E+_Com_v1,6/15/2026 10:46,Any,Rt3,Ex,CZ10,cDXOH,Each,1,240000,None,73200,0,-0.000682,73200,0,-0.000682,,,,,,,,,20,,2318500,5359.4,,,2245300,5359.4,,,,,,
NE-HVAC-AirEcono-Adjust-ExSP55F,DEER2024,D24_E+_Com_v1,6/15/2026 10:46,Any,Rt3,Ex,CZ11,cDXOH,Each,1,240000,None,54700,0,-0.00137,54700,0,-0.00137,,,,,,,,,20,,2261500,5623,,,2206900,5623,,,,,,
NE-HVAC-AirEcono-Adjust-ExSP55F,DEER2024,D24_E+_Com_v1,6/15/2026 10:46,Any,Rt3,Ex,CZ12,cDXOH,Each,1,240000,None,64600,0,-0.00171,64600,0,-0.00171,,,,,,,,,20,,2143200,5881.6,,,2078600,5881.6,,,,,,
NE-HVAC-AirEcono-Adjust-ExSP55F,DEER2024,D24_E+_Com_v1,6/15/2026 10:46,Any,Rt3,Ex,CZ13,cDXOH,Each,1,240000,None,56700,0,-0.00102,56700,0,-0.00102,,,,,,,,,20,,2282500,5457.8,,,2225800,5457.8,,,,,,
NE-HVAC-AirEcono-Adjust-ExSP55F,DEER2024,D24_E+_Com_v1,6/15/2026 10:46,Any,Rt3,Ex,CZ14,cDXOH,Each,1,240000,None,56700,0,-0.00137,56700,0,-0.00137,,,,,,,,,20,,2271100,5603.1,,,2214400,5603.1,,,,,,
NE-HVAC-AirEcono-Adjust-ExSP55F,DEER2024,D24_E+_Com_v1,6/15/2026 10:46,Any,Rt3,Ex,CZ15,cDXOH,Each,1,240000,None,48400,0,-0.000341,48400,0,-0.000341,,,,,,,,,20,,2569800,4488.2,,,2521500,4488.2,,,,,,
NE-HVAC-AirEcono-Adjust-ExSP55F,DEER2024,D24_E+_Com_v1,6/15/2026 10:46,Any,Rt3,Ex,CZ16,cDXOH,Each,1,240000,None,68500,2.35,-0.00205,68500,2.35,-0.00205,,,,,,,,,20,,2100200,6586.8,,,2031700,6586.8,,,,,,
NE-HVAC-AirEcono-Adjust-ExSP55F,DEER2024,D24_E+_Com_v1,6/15/2026 10:46,Any,Rt3,Ex,CZ01,cPVVG,Each,1,240000,None,46100,16.9,-0.239,46100,16.9,-0.239,,,,,,,,,20,,1462800,13246,,,1416700,13246,,,,,,
NE-HVAC-AirEcono-Adjust-ExSP55F,DEER2024,D24_E+_Com_v1,6/15/2026 10:46,Any,Rt3,Ex,CZ02,cPVVG,Each,1,240000,None,48000,5.7,-0.116,48000,5.7,-0.116,,,,,,,,,20,,1683500,12108,,,1635500,12108,,,,,,
NE-HVAC-AirEcono-Adjust-ExSP55F,DEER2024,D24_E+_Com_v1,6/15/2026 10:46,Any,Rt3,Ex,CZ03,cPVVG,Each,1,240000,None,73500,9.89,-0.204,73500,9.89,-0.204,,,,,,,,,20,,1599200,9547.6,,,1525700,9547.9,,,,,,
NE-HVAC-AirEcono-Adjust-ExSP55F,DEER2024,D24_E+_Com_v1,6/15/2026 10:46,Any,Rt3,Ex,CZ04,cPVVG,Each,1,240000,None,44200,0.001,-0.0966,44200,0.001,-0.0966,,,,,,,,,20,,1818100,10904,,,1773900,10904,,,,,,
NE-HVAC-AirEcono-Adjust-ExSP55F,DEER2024,D24_E+_Com_v1,6/15/2026 10:46,Any,Rt3,Ex,CZ05,cPVVG,Each,1,240000,None,70400,15.3,-0.192,70400,15.3,-0.192,,,,,,,,,20,,1625600,9364.1,,,1555200,9364.3,,,,,,
NE-HVAC-AirEcono-Adjust-ExSP55F,DEER2024,D24_E+_Com_v1,6/15/2026 10:46,Any,Rt3,Ex,CZ06,cPVVG,Each,1,240000,None,83800,3.5,-0.124,83800,3.5,-0.124,,,,,,,,,20,,1756400,6453.8,,,1672600,6453.9,,,,,,
NE-HVAC-AirEcono-Adjust-ExSP55F,DEER2024,D24_E+_Com_v1,6/15/2026 10:46,Any,Rt3,Ex,CZ07,cPVVG,Each,1,240000,None,73800,0,-0.098,73800,0,-0.098,,,,,,,,,20,,1770000,6272.3,,,1696300,6272.4,,,,,,
NE-HVAC-AirEcono-Adjust-ExSP55F,DEER2024,D24_E+_Com_v1,6/15/2026 10:46,Any,Rt3,Ex,CZ08,cPVVG,Each,1,240000,None,57800,0.003,-0.0618,57800,0.003,-0.0618,,,,,,,,,20,,1887100,6433.3,,,1829300,6433.3,,,,,,
NE-HVAC-AirEcono-Adjust-ExSP55F,DEER2024,D24_E+_Com_v1,6/15/2026 10:46,Any,Rt3,Ex,CZ09,cPVVG,Each,1,240000,None,56100,0.005,-0.0621,56100,0.005,-0.0621,,,,,,,,,20,,1892300,6961.1,,,1836200,6961.2,,,,,,
NE-HVAC-AirEcono-Adjust-ExSP55F,DEER2024,D24_E+_Com_v1,6/15/2026 10:46,Any,Rt3,Ex,CZ10,cPVVG,Each,1,240000,None,50800,0.004,-0.0601,50800,0.004,-0.0601,,,,,,,,,20,,1959500,7296.6,,,1908700,7296.7,,,,,,
NE-HVAC-AirEcono-Adjust-ExSP55F,DEER2024,D24_E+_Com_v1,6/15/2026 10:46,Any,Rt3,Ex,CZ11,cPVVG,Each,1,240000,None,37900,0,-0.0949,37900,0,-0.0949,,,,,,,,,20,,1922700,10743,,,1884800,10743,,,,,,
NE-HVAC-AirEcono-Adjust-ExSP55F,DEER2024,D24_E+_Com_v1,6/15/2026 10:46,Any,Rt3,Ex,CZ12,cPVVG,Each,1,240000,None,44700,0,-0.0812,44700,0,-0.0812,,,,,,,,,20,,1803200,10900,,,1758500,10900,,,,,,
NE-HVAC-AirEcono-Adjust-ExSP55F,DEER2024,D24_E+_Com_v1,6/15/2026 10:46,Any,Rt3,Ex,CZ13,cPVVG,Each,1,240000,None,40000,0,-0.0706,40000,0,-0.0706,,,,,,,,,20,,1948700,9574.6,,,1908600,9574.6,,,,,,
NE-HVAC-AirEcono-Adjust-ExSP55F,DEER2024,D24_E+_Com_v1,6/15/2026 10:46,Any,Rt3,Ex,CZ14,cPVVG,Each,1,240000,None,41400,0,-0.0539,41400,0,-0.0539,,,,,,,,,20,,1935900,9378.2,,,1894500,9378.3,,,,,,
NE-HVAC-AirEcono-Adjust-ExSP55F,DEER2024,D24_E+_Com_v1,6/15/2026 10:46,Any,Rt3,Ex,CZ15,cPVVG,Each,1,240000,None,33100,0,-0.0246,33100,0,-0.0246,,,,,,,,,20,,2262900,5038.4,,,2229800,5038.4,,,,,,
NE-HVAC-AirEcono-Adjust-ExSP55F,DEER2024,D24_E+_Com_v1,6/15/2026 10:46,Any,Rt3,Ex,CZ16,cPVVG,Each,1,240000,None,52800,2.04,-0.0829,52800,2.04,-0.0829,,,,,,,,,20,,1684000,14612,,,1631100,14612,,,,,,
NE-HVAC-AirEcono-Adjust-ExSP55F,DEER2024,D24_E+_Com_v1,6/15/2026 10:46,Any,RtL,Ex,CZ01,cDXGF,Each,1,131000,None,73400,23.5,-0.0788,73400,23.5,-0.0788,,,,,,,,,20,,1838200,9933.7,,,1764900,9933.8,,,,,,
NE-HVAC-AirEcono-Adjust-ExSP55F,DEER2024,D24_E+_Com_v1,6/15/2026 10:46,Any,RtL,Ex,CZ02,cDXGF,Each,1,131000,None,67600,6.93,-0.0587,67600,6.93,-0.0587,,,,,,,,,20,,2035700,8759.3,,,1968200,8759.3,,,,,,
NE-HVAC-AirEcono-Adjust-ExSP55F,DEER2024,D24_E+_Com_v1,6/15/2026 10:46,Any,RtL,Ex,CZ03,cDXGF,Each,1,131000,None,106000,12.9,-0.0512,106000,12.9,-0.0512,,,,,,,,,20,,1967200,7161.9,,,1861200,7162,,,,,,
NE-HVAC-AirEcono-Adjust-ExSP55F,DEER2024,D24_E+_Com_v1,6/15/2026 10:46,Any,RtL,Ex,CZ04,cDXGF,Each,1,131000,None,61800,0.005,-0.0386,61800,0.005,-0.0386,,,,,,,,,20,,2158800,8022.2,,,2097000,8022.2,,,,,,
NE-HVAC-AirEcono-Adjust-ExSP55F,DEER2024,D24_E+_Com_v1,6/15/2026 10:46,Any,RtL,Ex,CZ05,cDXGF,Each,1,131000,None,98500,20.1,-0.0488,98500,20.1,-0.0488,,,,,,,,,20,,1991300,7039.7,,,1892900,7039.7,,,,,,
NE-HVAC-AirEcono-Adjust-ExSP55F,DEER2024,D24_E+_Com_v1,6/15/2026 10:46,Any,RtL,Ex,CZ06,cDXGF,Each,1,131000,None,118000,4.19,-0.0171,118000,4.19,-0.0171,,,,,,,,,20,,2125600,5684.3,,,2007900,5684.3,,,,,,
NE-HVAC-AirEcono-Adjust-ExSP55F,DEER2024,D24_E+_Com_v1,6/15/2026 10:46,Any,RtL,Ex,CZ07,cDXGF,Each,1,131000,None,104000,0,-0.0137,104000,0,-0.0137,,,,,,,,,20,,2132900,5586.6,,,2028500,5586.6,,,,,,
NE-HVAC-AirEcono-Adjust-ExSP55F,DEER2024,D24_E+_Com_v1,6/15/2026 10:46,Any,RtL,Ex,CZ08,cDXGF,Each,1,131000,None,77100,0.001,-0.0215,77100,0.001,-0.0215,,,,,,,,,20,,2222100,5678.7,,,2145100,5678.7,,,,,,
NE-HVAC-AirEcono-Adjust-ExSP55F,DEER2024,D24_E+_Com_v1,6/15/2026 10:46,Any,RtL,Ex,CZ09,cDXGF,Each,1,131000,None,74800,0.027,-0.0171,74800,0.027,-0.0171,,,,,,,,,20,,2234400,5919.3,,,2159600,5919.3,,,,,,
NE-HVAC-AirEcono-Adjust-ExSP55F,DEER2024,D24_E+_Com_v1,6/15/2026 10:46,Any,RtL,Ex,CZ10,cDXGF,Each,1,131000,None,66500,0.014,-0.0249,66500,0.014,-0.0249,,,,,,,,,20,,2255300,5819.2,,,2188700,5819.2,,,,,,
NE-HVAC-AirEcono-Adjust-ExSP55F,DEER2024,D24_E+_Com_v1,6/15/2026 10:46,Any,RtL,Ex,CZ11,cDXGF,Each,1,131000,None,53500,0,-0.044,53500,0,-0.044,,,,,,,,,20,,2251900,7993.5,,,2198500,7993.5,,,,,,
NE-HVAC-AirEcono-Adjust-ExSP55F,DEER2024,D24_E+_Com_v1,6/15/2026 10:46,Any,RtL,Ex,CZ12,cDXGF,Each,1,131000,None,62500,0.001,-0.0386,62500,0.001,-0.0386,,,,,,,,,20,,2146000,8201.8,,,2083400,8201.8,,,,,,
NE-HVAC-AirEcono-Adjust-ExSP55F,DEER2024,D24_E+_Com_v1,6/15/2026 10:46,Any,RtL,Ex,CZ13,cDXGF,Each,1,131000,None,55500,0.001,-0.0355,55500,0.001,-0.0355,,,,,,,,,20,,2284900,7327.8,,,2229400,7327.9,,,,,,
NE-HVAC-AirEcono-Adjust-ExSP55F,DEER2024,D24_E+_Com_v1,6/15/2026 10:46,Any,RtL,Ex,CZ14,cDXGF,Each,1,131000,None,58300,0.035,-0.0386,58300,0.035,-0.0386,,,,,,,,,20,,2312900,7544.7,,,2254600,7544.8,,,,,,
NE-HVAC-AirEcono-Adjust-ExSP55F,DEER2024,D24_E+_Com_v1,6/15/2026 10:46,Any,RtL,Ex,CZ15,cDXGF,Each,1,131000,None,46300,0,-0.0106,46300,0,-0.0106,,,,,,,,,20,,2569700,4907,,,2523400,4907,,,,,,
NE-HVAC-AirEcono-Adjust-ExSP55F,DEER2024,D24_E+_Com_v1,6/15/2026 10:46,Any,RtL,Ex,CZ16,cDXGF,Each,1,131000,None,69500,2.23,-0.0382,69500,2.23,-0.0382,,,,,,,,,20,,2133000,10495,,,2063500,10495,,,,,,
NE-HVAC-AirEcono-Adjust-ExSP55F,DEER2024,D24_E+_Com_v1,6/15/2026 10:46,Any,RtL,Ex,CZ01,cDXHP,Each,1,131000,None,73600,23.9,0,73600,23.9,0,,,,,,,,,20,,1868800,6144.1,,,1795200,6144.1,,,,,,
NE-HVAC-AirEcono-Adjust-ExSP55F,DEER2024,D24_E+_Com_v1,6/15/2026 10:46,Any,RtL,Ex,CZ02,cDXHP,Each,1,131000,None,68200,6.99,0,68200,6.99,0,,,,,,,,,20,,2064000,5837.9,,,1995800,5837.9,,,,,,
NE-HVAC-AirEcono-Adjust-ExSP55F,DEER2024,D24_E+_Com_v1,6/15/2026 10:46,Any,RtL,Ex,CZ03,cDXHP,Each,1,131000,None,106000,13,0.000341,106000,13,0.000341,,,,,,,,,20,,1978000,5787.1,,,1871900,5787.1,,,,,,
NE-HVAC-AirEcono-Adjust-ExSP55F,DEER2024,D24_E+_Com_v1,6/15/2026 10:46,Any,RtL,Ex,CZ04,cDXHP,Each,1,131000,None,62400,0.005,0.000342,62400,0.005,0.000342,,,,,,,,,20,,2187900,5659.6,,,2125500,5659.6,,,,,,
NE-HVAC-AirEcono-Adjust-ExSP55F,DEER2024,D24_E+_Com_v1,6/15/2026 10:46,Any,RtL,Ex,CZ05,cDXHP,Each,1,131000,None,98400,20.4,0,98400,20.4,0,,,,,,,,,20,,2002100,5807.8,,,1903700,5807.8,,,,,,
NE-HVAC-AirEcono-Adjust-ExSP55F,DEER2024,D24_E+_Com_v1,6/15/2026 10:46,Any,RtL,Ex,CZ06,cDXHP,Each,1,131000,None,117000,4.26,0,117000,4.26,0,,,,,,,,,20,,2120200,5450.1,,,2002800,5450.1,,,,,,
NE-HVAC-AirEcono-Adjust-ExSP55F,DEER2024,D24_E+_Com_v1,6/15/2026 10:46,Any,RtL,Ex,CZ07,cDXHP,Each,1,131000,None,104000,0,0,104000,0,0,,,,,,,,,20,,2128300,5407.1,,,2024000,5407.1,,,,,,
NE-HVAC-AirEcono-Adjust-ExSP55F,DEER2024,D24_E+_Com_v1,6/15/2026 10:46,Any,RtL,Ex,CZ08,cDXHP,Each,1,131000,None,77500,0.002,0,77500,0.002,0,,,,,,,,,20,,2220300,5321.8,,,2142900,5321.8,,,,,,
NE-HVAC-AirEcono-Adjust-ExSP55F,DEER2024,D24_E+_Com_v1,6/15/2026 10:46,Any,RtL,Ex,CZ09,cDXHP,Each,1,131000,None,75100,0.027,0,75100,0.027,0,,,,,,,,,20,,2237800,5351.1,,,2162800,5351.1,,,,,,
NE-HVAC-AirEcono-Adjust-ExSP55F,DEER2024,D24_E+_Com_v1,6/15/2026 10:46,Any,RtL,Ex,CZ10,cDXHP,Each,1,131000,None,66800,0.015,0,66800,0.015,0,,,,,,,,,20,,2259900,5299.3,,,2193100,5299.3,,,,,,
NE-HVAC-AirEcono-Adjust-ExSP55F,DEER2024,D24_E+_Com_v1,6/15/2026 10:46,Any,RtL,Ex,CZ11,cDXHP,Each,1,131000,None,53900,0,0,53900,0,0,,,,,,,,,20,,2282300,5402.8,,,2228400,5402.8,,,,,,
NE-HVAC-AirEcono-Adjust-ExSP55F,DEER2024,D24_E+_Com_v1,6/15/2026 10:46,Any,RtL,Ex,CZ12,cDXHP,Each,1,131000,None,63100,-0.001,0,63100,-0.001,0,,,,,,,,,20,,2172400,5594.6,,,2109300,5594.6,,,,,,
NE-HVAC-AirEcono-Adjust-ExSP55F,DEER2024,D24_E+_Com_v1,6/15/2026 10:46,Any,RtL,Ex,CZ13,cDXHP,Each,1,131000,None,56100,0.001,0,56100,0.001,0,,,,,,,,,20,,2310100,5319.3,,,2254000,5319.3,,,,,,
NE-HVAC-AirEcono-Adjust-ExSP55F,DEER2024,D24_E+_Com_v1,6/15/2026 10:46,Any,RtL,Ex,CZ14,cDXHP,Each,1,131000,None,58800,0.034,0,58800,0.034,0,,,,,,,,,20,,2341200,5435.2,,,2282400,5435.2,,,,,,
NE-HVAC-AirEcono-Adjust-ExSP55F,DEER2024,D24_E+_Com_v1,6/15/2026 10:46,Any,RtL,Ex,CZ15,cDXHP,Each,1,131000,None,46600,0,0,46600,0,0,,,,,,,,,20,,2581200,4687.1,,,2534600,4687.1,,,,,,
NE-HVAC-AirEcono-Adjust-ExSP55F,DEER2024,D24_E+_Com_v1,6/15/2026 10:46,Any,RtL,Ex,CZ16,cDXHP,Each,1,131000,None,70000,2.26,0,70000,2.26,0,,,,,,,,,20,,2185000,6043.6,,,2114900,6043.6,,,,,,
NE-HVAC-AirEcono-Adjust-ExSP55F,DEER2024,D24_E+_Com_v1,6/15/2026 10:46,Any,RtL,Ex,CZ01,cDXOH,Each,1,131000,None,71900,23.4,0,71900,23.4,0,,,,,,,,,20,,1838300,6145.2,,,1766500,6145.2,,,,,,
NE-HVAC-AirEcono-Adjust-ExSP55F,DEER2024,D24_E+_Com_v1,6/15/2026 10:46,Any,RtL,Ex,CZ02,cDXOH,Each,1,131000,None,65700,6.93,0,65700,6.93,0,,,,,,,,,20,,2034100,5838.8,,,1968400,5838.8,,,,,,
NE-HVAC-AirEcono-Adjust-ExSP55F,DEER2024,D24_E+_Com_v1,6/15/2026 10:46,Any,RtL,Ex,CZ03,cDXOH,Each,1,131000,None,105000,12.9,0,105000,12.9,0,,,,,,,,,20,,1966400,5787.1,,,1861300,5787.1,,,,,,
NE-HVAC-AirEcono-Adjust-ExSP55F,DEER2024,D24_E+_Com_v1,6/15/2026 10:46,Any,RtL,Ex,CZ04,cDXOH,Each,1,131000,None,60200,0.005,0,60200,0.005,0,,,,,,,,,20,,2156900,5659.8,,,2096700,5659.8,,,,,,
NE-HVAC-AirEcono-Adjust-ExSP55F,DEER2024,D24_E+_Com_v1,6/15/2026 10:46,Any,RtL,Ex,CZ05,cDXOH,Each,1,131000,None,97300,20.1,0,97300,20.1,0,,,,,,,,,20,,1989500,5807.8,,,1892200,5807.8,,,,,,
NE-HVAC-AirEcono-Adjust-ExSP55F,DEER2024,D24_E+_Com_v1,6/15/2026 10:46,Any,RtL,Ex,CZ06,cDXOH,Each,1,131000,None,117000,4.19,0,117000,4.19,0,,,,,,,,,20,,2125200,5450.1,,,2007800,5450.1,,,,,,
NE-HVAC-AirEcono-Adjust-ExSP55F,DEER2024,D24_E+_Com_v1,6/15/2026 10:46,Any,RtL,Ex,CZ07,cDXOH,Each,1,131000,None,104000,0,0,104000,0,0,,,,,,,,,20,,2132600,5407.1,,,2028400,5407.1,,,,,,
NE-HVAC-AirEcono-Adjust-ExSP55F,DEER2024,D24_E+_Com_v1,6/15/2026 10:46,Any,RtL,Ex,CZ08,cDXOH,Each,1,131000,None,76700,0.001,-0.000341,76700,0.001,-0.000341,,,,,,,,,20,,2221400,5321.8,,,2144800,5321.8,,,,,,
NE-HVAC-AirEcono-Adjust-ExSP55F,DEER2024,D24_E+_Com_v1,6/15/2026 10:46,Any,RtL,Ex,CZ09,cDXOH,Each,1,131000,None,74300,0.027,0,74300,0.027,0,,,,,,,,,20,,2233600,5351.1,,,2159300,5351.1,,,,,,
NE-HVAC-AirEcono-Adjust-ExSP55F,DEER2024,D24_E+_Com_v1,6/15/2026 10:46,Any,RtL,Ex,CZ10,cDXOH,Each,1,131000,None,66000,0.014,-0.000342,66000,0.014,-0.000342,,,,,,,,,20,,2254400,5299.3,,,2188400,5299.3,,,,,,
NE-HVAC-AirEcono-Adjust-ExSP55F,DEER2024,D24_E+_Com_v1,6/15/2026 10:46,Any,RtL,Ex,CZ11,cDXOH,Each,1,131000,None,52300,0,0,52300,0,0,,,,,,,,,20,,2252500,5404.9,,,2200200,5404.9,,,,,,
NE-HVAC-AirEcono-Adjust-ExSP55F,DEER2024,D24_E+_Com_v1,6/15/2026 10:46,Any,RtL,Ex,CZ12,cDXOH,Each,1,131000,None,61400,0.001,0,61400,0.001,0,,,,,,,,,20,,2146000,5595.1,,,2084600,5595.1,,,,,,
NE-HVAC-AirEcono-Adjust-ExSP55F,DEER2024,D24_E+_Com_v1,6/15/2026 10:46,Any,RtL,Ex,CZ13,cDXOH,Each,1,131000,None,54700,0.001,0,54700,0.001,0,,,,,,,,,20,,2284900,5319.3,,,2230200,5319.3,,,,,,
NE-HVAC-AirEcono-Adjust-ExSP55F,DEER2024,D24_E+_Com_v1,6/15/2026 10:46,Any,RtL,Ex,CZ14,cDXOH,Each,1,131000,None,57100,0.035,0,57100,0.035,0,,,,,,,,,20,,2312400,5436.3,,,2255300,5436.3,,,,,,
NE-HVAC-AirEcono-Adjust-ExSP55F,DEER2024,D24_E+_Com_v1,6/15/2026 10:46,Any,RtL,Ex,CZ15,cDXOH,Each,1,131000,None,46000,0,0,46000,0,0,,,,,,,,,20,,2569400,4687.1,,,2523300,4687.1,,,,,,
NE-HVAC-AirEcono-Adjust-ExSP55F,DEER2024,D24_E+_Com_v1,6/15/2026 10:46,Any,RtL,Ex,CZ16,cDXOH,Each,1,131000,None,68500,2.23,0,68500,2.23,0,,,,,,,,,20,,2138800,6048.3,,,2070300,6048.3,,,,,,
NE-HVAC-AirEcono-Adjust-ExSP55F,DEER2024,D24_E+_Com_v1,6/15/2026 10:46,Any,RtL,Ex,CZ01,cPVVG,Each,1,131000,None,48600,16.7,-0.159,48600,16.7,-0.159,,,,,,,,,20,,1495600,13529,,,1447000,13529,,,,,,
NE-HVAC-AirEcono-Adjust-ExSP55F,DEER2024,D24_E+_Com_v1,6/15/2026 10:46,Any,RtL,Ex,CZ02,cPVVG,Each,1,131000,None,45000,5.09,-0.056,45000,5.09,-0.056,,,,,,,,,20,,1699700,11280,,,1654700,11280,,,,,,
NE-HVAC-AirEcono-Adjust-ExSP55F,DEER2024,D24_E+_Com_v1,6/15/2026 10:46,Any,RtL,Ex,CZ03,cPVVG,Each,1,131000,None,71800,9.34,-0.125,71800,9.34,-0.125,,,,,,,,,20,,1629000,8803.2,,,1557100,8803.3,,,,,,
NE-HVAC-AirEcono-Adjust-ExSP55F,DEER2024,D24_E+_Com_v1,6/15/2026 10:46,Any,RtL,Ex,CZ04,cPVVG,Each,1,131000,None,41600,0.007,-0.0225,41600,0.007,-0.0225,,,,,,,,,20,,1827200,10145,,,1785600,10145,,,,,,
NE-HVAC-AirEcono-Adjust-ExSP55F,DEER2024,D24_E+_Com_v1,6/15/2026 10:46,Any,RtL,Ex,CZ05,cPVVG,Each,1,131000,None,67100,14.2,-0.0662,67100,14.2,-0.0662,,,,,,,,,20,,1647800,8523,,,1580700,8523.1,,,,,,
NE-HVAC-AirEcono-Adjust-ExSP55F,DEER2024,D24_E+_Com_v1,6/15/2026 10:46,Any,RtL,Ex,CZ06,cPVVG,Each,1,131000,None,82300,3.29,-0.0645,82300,3.29,-0.0645,,,,,,,,,20,,1786100,6088.2,,,1703900,6088.3,,,,,,
NE-HVAC-AirEcono-Adjust-ExSP55F,DEER2024,D24_E+_Com_v1,6/15/2026 10:46,Any,RtL,Ex,CZ07,cPVVG,Each,1,131000,None,72000,0,-0.056,72000,0,-0.056,,,,,,,,,20,,1791300,5925.4,,,1719300,5925.5,,,,,,
NE-HVAC-AirEcono-Adjust-ExSP55F,DEER2024,D24_E+_Com_v1,6/15/2026 10:46,Any,RtL,Ex,CZ08,cPVVG,Each,1,131000,None,52400,0.003,-0.0427,52400,0.003,-0.0427,,,,,,,,,20,,1901600,6249.8,,,1849100,6249.8,,,,,,
NE-HVAC-AirEcono-Adjust-ExSP55F,DEER2024,D24_E+_Com_v1,6/15/2026 10:46,Any,RtL,Ex,CZ09,cPVVG,Each,1,131000,None,51800,0.03,-0.0413,51800,0.03,-0.0413,,,,,,,,,20,,1904900,6683.5,,,1853000,6683.5,,,,,,
NE-HVAC-AirEcono-Adjust-ExSP55F,DEER2024,D24_E+_Com_v1,6/15/2026 10:46,Any,RtL,Ex,CZ10,cPVVG,Each,1,131000,None,45400,0.015,-0.0345,45400,0.015,-0.0345,,,,,,,,,20,,1937400,6556.8,,,1892000,6556.8,,,,,,
NE-HVAC-AirEcono-Adjust-ExSP55F,DEER2024,D24_E+_Com_v1,6/15/2026 10:46,Any,RtL,Ex,CZ11,cPVVG,Each,1,131000,None,36200,0,-0.0727,36200,0,-0.0727,,,,,,,,,20,,1934600,10238,,,1898400,10238,,,,,,
NE-HVAC-AirEcono-Adjust-ExSP55F,DEER2024,D24_E+_Com_v1,6/15/2026 10:46,Any,RtL,Ex,CZ12,cPVVG,Each,1,131000,None,42400,0,-0.057,42400,0,-0.057,,,,,,,,,20,,1821600,10444,,,1779200,10444,,,,,,
NE-HVAC-AirEcono-Adjust-ExSP55F,DEER2024,D24_E+_Com_v1,6/15/2026 10:46,Any,RtL,Ex,CZ13,cPVVG,Each,1,131000,None,38900,0.001,-0.0553,38900,0.001,-0.0553,,,,,,,,,20,,1968800,9362.7,,,1929800,9362.7,,,,,,
NE-HVAC-AirEcono-Adjust-ExSP55F,DEER2024,D24_E+_Com_v1,6/15/2026 10:46,Any,RtL,Ex,CZ14,cPVVG,Each,1,131000,None,41600,0.038,-0.0328,41600,0.038,-0.0328,,,,,,,,,20,,1968200,9491.9,,,1926600,9491.9,,,,,,
NE-HVAC-AirEcono-Adjust-ExSP55F,DEER2024,D24_E+_Com_v1,6/15/2026 10:46,Any,RtL,Ex,CZ15,cPVVG,Each,1,131000,None,31700,0,-0.0208,31700,0,-0.0208,,,,,,,,,20,,2289300,5268.7,,,2257600,5268.7,,,,,,
NE-HVAC-AirEcono-Adjust-ExSP55F,DEER2024,D24_E+_Com_v1,6/15/2026 10:46,Any,RtL,Ex,CZ16,cPVVG,Each,1,131000,None,52100,1.91,-0.0901,52100,1.91,-0.0901,,,,,,,,,20,,1711900,14750,,,1659800,14750,,,,,,
NE-HVAC-AirEcono-Adjust-ExSP55F,DEER2024,D24_E+_Com_v1,6/15/2026 10:46,Any,RtS,Ex,CZ01,cDXGF,Each,1,16000,None,2890,1.13,-0.0137,2890,1.13,-0.0137,,,,,,,,,20,,101810,1350.1,,,98922,1350.1,,,,,,
NE-HVAC-AirEcono-Adjust-ExSP55F,DEER2024,D24_E+_Com_v1,6/15/2026 10:46,Any,RtS,Ex,CZ02,cDXGF,Each,1,16000,None,4100,0.522,-0.0116,4100,0.522,-0.0116,,,,,,,,,20,,122900,1115.2,,,118800,1115.2,,,,,,
NE-HVAC-AirEcono-Adjust-ExSP55F,DEER2024,D24_E+_Com_v1,6/15/2026 10:46,Any,RtS,Ex,CZ03,cDXGF,Each,1,16000,None,6190,0.898,-0.00853,6190,0.898,-0.00853,,,,,,,,,20,,115680,867.33,,,109490,867.34,,,,,,
NE-HVAC-AirEcono-Adjust-ExSP55F,DEER2024,D24_E+_Com_v1,6/15/2026 10:46,Any,RtS,Ex,CZ04,cDXGF,Each,1,16000,None,4050,0,-0.00751,4050,0,-0.00751,,,,,,,,,20,,133210,970.66,,,129160,970.67,,,,,,
NE-HVAC-AirEcono-Adjust-ExSP55F,DEER2024,D24_E+_Com_v1,6/15/2026 10:46,Any,RtS,Ex,CZ05,cDXGF,Each,1,16000,None,5940,1.33,-0.00956,5940,1.33,-0.00956,,,,,,,,,20,,118170,816.01,,,112230,816.02,,,,,,
NE-HVAC-AirEcono-Adjust-ExSP55F,DEER2024,D24_E+_Com_v1,6/15/2026 10:46,Any,RtS,Ex,CZ06,cDXGF,Each,1,16000,None,6780,0.272,-0.0041,6780,0.272,-0.0041,,,,,,,,,20,,125270,590.79,,,118490,590.8,,,,,,
NE-HVAC-AirEcono-Adjust-ExSP55F,DEER2024,D24_E+_Com_v1,6/15/2026 10:46,Any,RtS,Ex,CZ07,cDXGF,Each,1,16000,None,5960,0,-0.00546,5960,0,-0.00546,,,,,,,,,20,,125960,576.48,,,120000,576.49,,,,,,
NE-HVAC-AirEcono-Adjust-ExSP55F,DEER2024,D24_E+_Com_v1,6/15/2026 10:46,Any,RtS,Ex,CZ08,cDXGF,Each,1,16000,None,5040,0,-0.00444,5040,0,-0.00444,,,,,,,,,20,,136840,596.26,,,131800,596.26,,,,,,
NE-HVAC-AirEcono-Adjust-ExSP55F,DEER2024,D24_E+_Com_v1,6/15/2026 10:46,Any,RtS,Ex,CZ09,cDXGF,Each,1,16000,None,5200,0,-0.00444,5200,0,-0.00444,,,,,,,,,20,,139250,636.15,,,134050,636.15,,,,,,
NE-HVAC-AirEcono-Adjust-ExSP55F,DEER2024,D24_E+_Com_v1,6/15/2026 10:46,Any,RtS,Ex,CZ10,cDXGF,Each,1,16000,None,4560,0,-0.00444,4560,0,-0.00444,,,,,,,,,20,,143260,660.47,,,138700,660.48,,,,,,
NE-HVAC-AirEcono-Adjust-ExSP55F,DEER2024,D24_E+_Com_v1,6/15/2026 10:46,Any,RtS,Ex,CZ11,cDXGF,Each,1,16000,None,3390,0,-0.00614,3390,0,-0.00614,,,,,,,,,20,,142250,1021.2,,,138860,1021.2,,,,,,
NE-HVAC-AirEcono-Adjust-ExSP55F,DEER2024,D24_E+_Com_v1,6/15/2026 10:46,Any,RtS,Ex,CZ12,cDXGF,Each,1,16000,None,4040,0,-0.00478,4040,0,-0.00478,,,,,,,,,20,,131130,1038.4,,,127090,1038.4,,,,,,
NE-HVAC-AirEcono-Adjust-ExSP55F,DEER2024,D24_E+_Com_v1,6/15/2026 10:46,Any,RtS,Ex,CZ13,cDXGF,Each,1,16000,None,3590,0,-0.00717,3590,0,-0.00717,,,,,,,,,20,,143570,923.61,,,139980,923.61,,,,,,
NE-HVAC-AirEcono-Adjust-ExSP55F,DEER2024,D24_E+_Com_v1,6/15/2026 10:46,Any,RtS,Ex,CZ14,cDXGF,Each,1,16000,None,3700,0,-0.00683,3700,0,-0.00683,,,,,,,,,20,,141420,834.89,,,137730,834.89,,,,,,
NE-HVAC-AirEcono-Adjust-ExSP55F,DEER2024,D24_E+_Com_v1,6/15/2026 10:46,Any,RtS,Ex,CZ15,cDXGF,Each,1,16000,None,3230,0,-0.00614,3230,0,-0.00614,,,,,,,,,20,,169880,491.07,,,166650,491.08,,,,,,
NE-HVAC-AirEcono-Adjust-ExSP55F,DEER2024,D24_E+_Com_v1,6/15/2026 10:46,Any,RtS,Ex,CZ16,cDXGF,Each,1,16000,None,4090,0.204,-0.0113,4090,0.204,-0.0113,,,,,,,,,20,,125480,1367.5,,,121390,1367.5,,,,,,
NE-HVAC-AirEcono-Adjust-ExSP55F,DEER2024,D24_E+_Com_v1,6/15/2026 10:46,Any,RtS,Ex,CZ01,cDXHP,Each,1,16000,None,2900,1.14,0,2900,1.14,0,,,,,,,,,20,,107670,569.3,,,104770,569.3,,,,,,
NE-HVAC-AirEcono-Adjust-ExSP55F,DEER2024,D24_E+_Com_v1,6/15/2026 10:46,Any,RtS,Ex,CZ02,cDXHP,Each,1,16000,None,4130,0.526,0,4130,0.526,0,,,,,,,,,20,,127540,545.01,,,123410,545.01,,,,,,
NE-HVAC-AirEcono-Adjust-ExSP55F,DEER2024,D24_E+_Com_v1,6/15/2026 10:46,Any,RtS,Ex,CZ03,cDXHP,Each,1,16000,None,6210,0.913,0,6210,0.913,0,,,,,,,,,20,,118050,540.98,,,111840,540.98,,,,,,
NE-HVAC-AirEcono-Adjust-ExSP55F,DEER2024,D24_E+_Com_v1,6/15/2026 10:46,Any,RtS,Ex,CZ04,cDXHP,Each,1,16000,None,4060,0,0,4060,0,0,,,,,,,,,20,,137010,530.85,,,132950,530.85,,,,,,
NE-HVAC-AirEcono-Adjust-ExSP55F,DEER2024,D24_E+_Com_v1,6/15/2026 10:46,Any,RtS,Ex,CZ05,cDXHP,Each,1,16000,None,5970,1.34,0,5970,1.34,0,,,,,,,,,20,,120260,542.64,,,114290,542.64,,,,,,
NE-HVAC-AirEcono-Adjust-ExSP55F,DEER2024,D24_E+_Com_v1,6/15/2026 10:46,Any,RtS,Ex,CZ06,cDXHP,Each,1,16000,None,6810,0.276,0,6810,0.276,0,,,,,,,,,20,,125490,514.22,,,118680,514.22,,,,,,
NE-HVAC-AirEcono-Adjust-ExSP55F,DEER2024,D24_E+_Com_v1,6/15/2026 10:46,Any,RtS,Ex,CZ07,cDXHP,Each,1,16000,None,5960,0,0,5960,0,0,,,,,,,,,20,,126180,510.81,,,120220,510.81,,,,,,
NE-HVAC-AirEcono-Adjust-ExSP55F,DEER2024,D24_E+_Com_v1,6/15/2026 10:46,Any,RtS,Ex,CZ08,cDXHP,Each,1,16000,None,5050,0,0,5050,0,0,,,,,,,,,20,,137430,504.03,,,132370,504.03,,,,,,
NE-HVAC-AirEcono-Adjust-ExSP55F,DEER2024,D24_E+_Com_v1,6/15/2026 10:46,Any,RtS,Ex,CZ09,cDXHP,Each,1,16000,None,5210,0,0,5210,0,0,,,,,,,,,20,,140180,506.35,,,134980,506.35,,,,,,
NE-HVAC-AirEcono-Adjust-ExSP55F,DEER2024,D24_E+_Com_v1,6/15/2026 10:46,Any,RtS,Ex,CZ10,cDXHP,Each,1,16000,None,4560,0,0,4560,0,0,,,,,,,,,20,,144400,502.24,,,139840,502.24,,,,,,
NE-HVAC-AirEcono-Adjust-ExSP55F,DEER2024,D24_E+_Com_v1,6/15/2026 10:46,Any,RtS,Ex,CZ11,cDXHP,Each,1,16000,None,3390,0,0,3390,0,0,,,,,,,,,20,,146290,510.42,,,142900,510.42,,,,,,
NE-HVAC-AirEcono-Adjust-ExSP55F,DEER2024,D24_E+_Com_v1,6/15/2026 10:46,Any,RtS,Ex,CZ12,cDXHP,Each,1,16000,None,4050,0,0,4050,0,0,,,,,,,,,20,,135190,525.67,,,131140,525.67,,,,,,
NE-HVAC-AirEcono-Adjust-ExSP55F,DEER2024,D24_E+_Com_v1,6/15/2026 10:46,Any,RtS,Ex,CZ13,cDXHP,Each,1,16000,None,3600,0,0,3600,0,0,,,,,,,,,20,,146860,503.8,,,143270,503.8,,,,,,
NE-HVAC-AirEcono-Adjust-ExSP55F,DEER2024,D24_E+_Com_v1,6/15/2026 10:46,Any,RtS,Ex,CZ14,cDXHP,Each,1,16000,None,3700,0,0,3700,0,0,,,,,,,,,20,,144390,512.98,,,140680,512.98,,,,,,
NE-HVAC-AirEcono-Adjust-ExSP55F,DEER2024,D24_E+_Com_v1,6/15/2026 10:46,Any,RtS,Ex,CZ15,cDXHP,Each,1,16000,None,3230,0,0,3230,0,0,,,,,,,,,20,,170250,453.59,,,167020,453.59,,,,,,
NE-HVAC-AirEcono-Adjust-ExSP55F,DEER2024,D24_E+_Com_v1,6/15/2026 10:46,Any,RtS,Ex,CZ16,cDXHP,Each,1,16000,None,4120,0.206,0,4120,0.206,0,,,,,,,,,20,,134160,561.18,,,130030,561.18,,,,,,
NE-HVAC-AirEcono-Adjust-ExSP55F,DEER2024,D24_E+_Com_v1,6/15/2026 10:46,Any,RtS,Ex,CZ01,cDXOH,Each,1,16000,None,2740,1.11,0,2740,1.11,0,,,,,,,,,20,,102590,569.3,,,99846,569.3,,,,,,
NE-HVAC-AirEcono-Adjust-ExSP55F,DEER2024,D24_E+_Com_v1,6/15/2026 10:46,Any,RtS,Ex,CZ02,cDXOH,Each,1,16000,None,3930,0.522,0,3930,0.522,0,,,,,,,,,20,,123540,545.01,,,119610,545.01,,,,,,
NE-HVAC-AirEcono-Adjust-ExSP55F,DEER2024,D24_E+_Com_v1,6/15/2026 10:46,Any,RtS,Ex,CZ03,cDXOH,Each,1,16000,None,6080,0.898,0,6080,0.898,0,,,,,,,,,20,,115800,540.98,,,109710,540.98,,,,,,
NE-HVAC-AirEcono-Adjust-ExSP55F,DEER2024,D24_E+_Com_v1,6/15/2026 10:46,Any,RtS,Ex,CZ04,cDXOH,Each,1,16000,None,3910,0,0,3910,0,0,,,,,,,,,20,,133430,530.85,,,129520,530.85,,,,,,
NE-HVAC-AirEcono-Adjust-ExSP55F,DEER2024,D24_E+_Com_v1,6/15/2026 10:46,Any,RtS,Ex,CZ05,cDXOH,Each,1,16000,None,5820,1.32,0,5820,1.32,0,,,,,,,,,20,,118100,542.63,,,112280,542.63,,,,,,
NE-HVAC-AirEcono-Adjust-ExSP55F,DEER2024,D24_E+_Com_v1,6/15/2026 10:46,Any,RtS,Ex,CZ06,cDXOH,Each,1,16000,None,6730,0.272,0,6730,0.272,0,,,,,,,,,20,,125200,514.22,,,118470,514.22,,,,,,
NE-HVAC-AirEcono-Adjust-ExSP55F,DEER2024,D24_E+_Com_v1,6/15/2026 10:46,Any,RtS,Ex,CZ07,cDXOH,Each,1,16000,None,5910,0,0,5910,0,0,,,,,,,,,20,,125890,510.81,,,119980,510.81,,,,,,
NE-HVAC-AirEcono-Adjust-ExSP55F,DEER2024,D24_E+_Com_v1,6/15/2026 10:46,Any,RtS,Ex,CZ08,cDXOH,Each,1,16000,None,4990,0,0,4990,0,0,,,,,,,,,20,,136740,504.03,,,131750,504.03,,,,,,
NE-HVAC-AirEcono-Adjust-ExSP55F,DEER2024,D24_E+_Com_v1,6/15/2026 10:46,Any,RtS,Ex,CZ09,cDXOH,Each,1,16000,None,5140,0,0,5140,0,0,,,,,,,,,20,,139170,506.35,,,134030,506.35,,,,,,
NE-HVAC-AirEcono-Adjust-ExSP55F,DEER2024,D24_E+_Com_v1,6/15/2026 10:46,Any,RtS,Ex,CZ10,cDXOH,Each,1,16000,None,4490,0,0,4490,0,0,,,,,,,,,20,,143210,502.24,,,138720,502.24,,,,,,
NE-HVAC-AirEcono-Adjust-ExSP55F,DEER2024,D24_E+_Com_v1,6/15/2026 10:46,Any,RtS,Ex,CZ11,cDXOH,Each,1,16000,None,3260,0,0,3260,0,0,,,,,,,,,20,,143090,510.41,,,139830,510.41,,,,,,
NE-HVAC-AirEcono-Adjust-ExSP55F,DEER2024,D24_E+_Com_v1,6/15/2026 10:46,Any,RtS,Ex,CZ12,cDXOH,Each,1,16000,None,3930,0,0,3930,0,0,,,,,,,,,20,,131950,525.67,,,128030,525.67,,,,,,
NE-HVAC-AirEcono-Adjust-ExSP55F,DEER2024,D24_E+_Com_v1,6/15/2026 10:46,Any,RtS,Ex,CZ13,cDXOH,Each,1,16000,None,3510,0,0,3510,0,0,,,,,,,,,20,,144390,503.81,,,140880,503.81,,,,,,
NE-HVAC-AirEcono-Adjust-ExSP55F,DEER2024,D24_E+_Com_v1,6/15/2026 10:46,Any,RtS,Ex,CZ14,cDXOH,Each,1,16000,None,3600,0,0,3600,0,0,,,,,,,,,20,,141660,512.99,,,138060,512.99,,,,,,
NE-HVAC-AirEcono-Adjust-ExSP55F,DEER2024,D24_E+_Com_v1,6/15/2026 10:46,Any,RtS,Ex,CZ15,cDXOH,Each,1,16000,None,3200,0,0,3200,0,0,,,,,,,,,20,,169850,453.59,,,166650,453.59,,,,,,
NE-HVAC-AirEcono-Adjust-ExSP55F,DEER2024,D24_E+_Com_v1,6/15/2026 10:46,Any,RtS,Ex,CZ16,cDXOH,Each,1,16000,None,3990,0.204,-0.00102,3990,0.204,-0.00102,,,,,,,,,20,,127250,561.18,,,123270,561.18,,,,,,
NE-HVAC-AirEcono-Adjust-ExSP55F,DEER2024,D24_E+_Com_v1,6/15/2026 10:46,Any,RtS,Ex,CZ01,cPVVG,Each,1,16000,None,1780,0.747,-0.0188,1780,0.747,-0.0188,,,,,,,,,20,,81903,1708.5,,,80121,1708.5,,,,,,
NE-HVAC-AirEcono-Adjust-ExSP55F,DEER2024,D24_E+_Com_v1,6/15/2026 10:46,Any,RtS,Ex,CZ02,cPVVG,Each,1,16000,None,2720,0.368,-0.00819,2720,0.368,-0.00819,,,,,,,,,20,,98209,1407.3,,,95489,1407.3,,,,,,
NE-HVAC-AirEcono-Adjust-ExSP55F,DEER2024,D24_E+_Com_v1,6/15/2026 10:46,Any,RtS,Ex,CZ03,cPVVG,Each,1,16000,None,4200,0.644,-0.00819,4200,0.644,-0.00819,,,,,,,,,20,,92133,1075.8,,,87934,1075.8,,,,,,
NE-HVAC-AirEcono-Adjust-ExSP55F,DEER2024,D24_E+_Com_v1,6/15/2026 10:46,Any,RtS,Ex,CZ04,cPVVG,Each,1,16000,None,2700,0,-0.00444,2700,0,-0.00444,,,,,,,,,20,,108290,1206.7,,,105590,1206.8,,,,,,
NE-HVAC-AirEcono-Adjust-ExSP55F,DEER2024,D24_E+_Com_v1,6/15/2026 10:46,Any,RtS,Ex,CZ05,cPVVG,Each,1,16000,None,4100,0.943,-0.00785,4100,0.943,-0.00785,,,,,,,,,20,,93833,1017.4,,,89732,1017.4,,,,,,
NE-HVAC-AirEcono-Adjust-ExSP55F,DEER2024,D24_E+_Com_v1,6/15/2026 10:46,Any,RtS,Ex,CZ06,cPVVG,Each,1,16000,None,4730,0.212,-0.00205,4730,0.212,-0.00205,,,,,,,,,20,,103410,662.95,,,98677,662.95,,,,,,
NE-HVAC-AirEcono-Adjust-ExSP55F,DEER2024,D24_E+_Com_v1,6/15/2026 10:46,Any,RtS,Ex,CZ07,cPVVG,Each,1,16000,None,4040,0,-0.00546,4040,0,-0.00546,,,,,,,,,20,,103270,645.01,,,99234,645.01,,,,,,
NE-HVAC-AirEcono-Adjust-ExSP55F,DEER2024,D24_E+_Com_v1,6/15/2026 10:46,Any,RtS,Ex,CZ08,cPVVG,Each,1,16000,None,3390,0,0.000341,3390,0,0.000341,,,,,,,,,20,,113450,674.63,,,110060,674.63,,,,,,
NE-HVAC-AirEcono-Adjust-ExSP55F,DEER2024,D24_E+_Com_v1,6/15/2026 10:46,Any,RtS,Ex,CZ09,cPVVG,Each,1,16000,None,3620,0,-0.000341,3620,0,-0.000341,,,,,,,,,20,,114920,735.54,,,111300,735.54,,,,,,
NE-HVAC-AirEcono-Adjust-ExSP55F,DEER2024,D24_E+_Com_v1,6/15/2026 10:46,Any,RtS,Ex,CZ10,cPVVG,Each,1,16000,None,3050,0,-0.00102,3050,0,-0.00102,,,,,,,,,20,,117970,781.2,,,114920,781.21,,,,,,
NE-HVAC-AirEcono-Adjust-ExSP55F,DEER2024,D24_E+_Com_v1,6/15/2026 10:46,Any,RtS,Ex,CZ11,cPVVG,Each,1,16000,None,2230,0,-0.00307,2230,0,-0.00307,,,,,,,,,20,,118220,1269.3,,,115990,1269.3,,,,,,
NE-HVAC-AirEcono-Adjust-ExSP55F,DEER2024,D24_E+_Com_v1,6/15/2026 10:46,Any,RtS,Ex,CZ12,cPVVG,Each,1,16000,None,2680,0,-0.00307,2680,0,-0.00307,,,,,,,,,20,,107790,1283.7,,,105120,1283.7,,,,,,
NE-HVAC-AirEcono-Adjust-ExSP55F,DEER2024,D24_E+_Com_v1,6/15/2026 10:46,Any,RtS,Ex,CZ13,cPVVG,Each,1,16000,None,2460,0,-0.00205,2460,0,-0.00205,,,,,,,,,20,,120430,1138.8,,,117970,1138.8,,,,,,
NE-HVAC-AirEcono-Adjust-ExSP55F,DEER2024,D24_E+_Com_v1,6/15/2026 10:46,Any,RtS,Ex,CZ14,cPVVG,Each,1,16000,None,2590,0,-0.00376,2590,0,-0.00376,,,,,,,,,20,,117770,1020.6,,,115180,1020.6,,,,,,
NE-HVAC-AirEcono-Adjust-ExSP55F,DEER2024,D24_E+_Com_v1,6/15/2026 10:46,Any,RtS,Ex,CZ15,cPVVG,Each,1,16000,None,2160,0,-0.00375,2160,0,-0.00375,,,,,,,,,20,,146020,534.15,,,143860,534.16,,,,,,
NE-HVAC-AirEcono-Adjust-ExSP55F,DEER2024,D24_E+_Com_v1,6/15/2026 10:46,Any,RtS,Ex,CZ16,cPVVG,Each,1,16000,None,3100,0.155,-0.00307,3100,0.155,-0.00307,,,,,,,,,20,,98901,1752.3,,,95802,1752.3,,,,,,
NE-HVAC-AirEcono-Adjust-ExSP55F,DEER2024,D24_E+_Com_v1,6/15/2026 10:46,Any,SCn,Ex,CZ01,cDXGF,Each,1,500000,None,18100,6.72,-0.00444,18100,6.72,-0.00444,,,,,,,,,20,,2886300,56285,,,2868200,56285,,,,,,
NE-HVAC-AirEcono-Adjust-ExSP55F,DEER2024,D24_E+_Com_v1,6/15/2026 10:46,Any,SCn,Ex,CZ02,cDXGF,Each,1,500000,None,53200,16.9,-0.00716,53200,16.9,-0.00716,,,,,,,,,20,,3226500,36334,,,3173400,36334,,,,,,
NE-HVAC-AirEcono-Adjust-ExSP55F,DEER2024,D24_E+_Com_v1,6/15/2026 10:46,Any,SCn,Ex,CZ03,cDXGF,Each,1,500000,None,74900,24.5,-0.00478,74900,24.5,-0.00478,,,,,,,,,20,,2850300,28292,,,2775400,28292,,,,,,
NE-HVAC-AirEcono-Adjust-ExSP55F,DEER2024,D24_E+_Com_v1,6/15/2026 10:46,Any,SCn,Ex,CZ04,cDXGF,Each,1,500000,None,58000,0.076,-0.0287,58000,0.076,-0.0287,,,,,,,,,20,,3524900,29638,,,3466900,29638,,,,,,
NE-HVAC-AirEcono-Adjust-ExSP55F,DEER2024,D24_E+_Com_v1,6/15/2026 10:46,Any,SCn,Ex,CZ05,cDXGF,Each,1,500000,None,69800,20.3,-0.016,69800,20.3,-0.016,,,,,,,,,20,,2951400,22904,,,2881500,22904,,,,,,
NE-HVAC-AirEcono-Adjust-ExSP55F,DEER2024,D24_E+_Com_v1,6/15/2026 10:46,Any,SCn,Ex,CZ06,cDXGF,Each,1,500000,None,79800,8.08,-0.0164,79800,8.08,-0.0164,,,,,,,,,20,,2816000,10077,,,2736300,10077,,,,,,
NE-HVAC-AirEcono-Adjust-ExSP55F,DEER2024,D24_E+_Com_v1,6/15/2026 10:46,Any,SCn,Ex,CZ07,cDXGF,Each,1,500000,None,66800,0,-0.00546,66800,0,-0.00546,,,,,,,,,20,,2892500,8954.7,,,2825700,8954.7,,,,,,
NE-HVAC-AirEcono-Adjust-ExSP55F,DEER2024,D24_E+_Com_v1,6/15/2026 10:46,Any,SCn,Ex,CZ08,cDXGF,Each,1,500000,None,66600,0.017,-0.013,66600,0.017,-0.013,,,,,,,,,20,,3241900,10986,,,3175400,10986,,,,,,
NE-HVAC-AirEcono-Adjust-ExSP55F,DEER2024,D24_E+_Com_v1,6/15/2026 10:46,Any,SCn,Ex,CZ09,cDXGF,Each,1,500000,None,63900,-0.018,-0.00887,63900,-0.018,-0.00887,,,,,,,,,20,,3304800,13790,,,3240900,13790,,,,,,
NE-HVAC-AirEcono-Adjust-ExSP55F,DEER2024,D24_E+_Com_v1,6/15/2026 10:46,Any,SCn,Ex,CZ10,cDXGF,Each,1,500000,None,54300,0.016,-0.00547,54300,0.016,-0.00547,,,,,,,,,20,,3341000,13715,,,3286700,13715,,,,,,
NE-HVAC-AirEcono-Adjust-ExSP55F,DEER2024,D24_E+_Com_v1,6/15/2026 10:46,Any,SCn,Ex,CZ11,cDXGF,Each,1,500000,None,43600,-0.457,-0.0201,43600,-0.457,-0.0201,,,,,,,,,20,,3585800,35613,,,3542200,35613,,,,,,
NE-HVAC-AirEcono-Adjust-ExSP55F,DEER2024,D24_E+_Com_v1,6/15/2026 10:46,Any,SCn,Ex,CZ12,cDXGF,Each,1,500000,None,66000,0.119,-0.00375,66000,0.119,-0.00375,,,,,,,,,20,,3436600,35129,,,3370700,35129,,,,,,
NE-HVAC-AirEcono-Adjust-ExSP55F,DEER2024,D24_E+_Com_v1,6/15/2026 10:46,Any,SCn,Ex,CZ13,cDXGF,Each,1,500000,None,56500,0.152,0.00375,56500,0.152,0.00375,,,,,,,,,20,,3661300,31248,,,3604800,31248,,,,,,
NE-HVAC-AirEcono-Adjust-ExSP55F,DEER2024,D24_E+_Com_v1,6/15/2026 10:46,Any,SCn,Ex,CZ14,cDXGF,Each,1,500000,None,54700,0.033,-0.058,54700,0.033,-0.058,,,,,,,,,20,,3801300,28439,,,3746600,28439,,,,,,
NE-HVAC-AirEcono-Adjust-ExSP55F,DEER2024,D24_E+_Com_v1,6/15/2026 10:46,Any,SCn,Ex,CZ15,cDXGF,Each,1,500000,None,52600,0,-0.00102,52600,0,-0.00102,,,,,,,,,20,,4501700,6159.6,,,4449100,6159.6,,,,,,
NE-HVAC-AirEcono-Adjust-ExSP55F,DEER2024,D24_E+_Com_v1,6/15/2026 10:46,Any,SCn,Ex,CZ16,cDXGF,Each,1,500000,None,94000,5.79,-0.00751,94000,5.79,-0.00751,,,,,,,,,20,,3450500,54627,,,3356500,54627,,,,,,
NE-HVAC-AirEcono-Adjust-ExSP55F,DEER2024,D24_E+_Com_v1,6/15/2026 10:46,Any,SCn,Ex,CZ01,cDXHP,Each,1,500000,None,18200,6.75,0,18200,6.75,0,,,,,,,,,20,,3279900,3182.2,,,3261800,3182.2,,,,,,
NE-HVAC-AirEcono-Adjust-ExSP55F,DEER2024,D24_E+_Com_v1,6/15/2026 10:46,Any,SCn,Ex,CZ02,cDXHP,Each,1,500000,None,53500,17,0,53500,17,0,,,,,,,,,20,,3492500,2982,,,3439000,2982,,,,,,
NE-HVAC-AirEcono-Adjust-ExSP55F,DEER2024,D24_E+_Com_v1,6/15/2026 10:46,Any,SCn,Ex,CZ03,cDXHP,Each,1,500000,None,75400,24.7,0,75400,24.7,0,,,,,,,,,20,,3030400,2949,,,2955000,2949,,,,,,
NE-HVAC-AirEcono-Adjust-ExSP55F,DEER2024,D24_E+_Com_v1,6/15/2026 10:46,Any,SCn,Ex,CZ04,cDXHP,Each,1,500000,None,58400,0.129,0,58400,0.129,0,,,,,,,,,20,,3753500,2865.1,,,3695100,2865.1,,,,,,
NE-HVAC-AirEcono-Adjust-ExSP55F,DEER2024,D24_E+_Com_v1,6/15/2026 10:46,Any,SCn,Ex,CZ05,cDXHP,Each,1,500000,None,70300,20.4,0,70300,20.4,0,,,,,,,,,20,,3097600,2962.7,,,3027300,2962.7,,,,,,
NE-HVAC-AirEcono-Adjust-ExSP55F,DEER2024,D24_E+_Com_v1,6/15/2026 10:46,Any,SCn,Ex,CZ06,cDXHP,Each,1,500000,None,80100,8.16,0,80100,8.16,0,,,,,,,,,20,,2859900,2728.8,,,2779800,2728.8,,,,,,
NE-HVAC-AirEcono-Adjust-ExSP55F,DEER2024,D24_E+_Com_v1,6/15/2026 10:46,Any,SCn,Ex,CZ07,cDXHP,Each,1,500000,None,67200,0,0,67200,0,0,,,,,,,,,20,,2931700,2700.5,,,2864400,2700.5,,,,,,
NE-HVAC-AirEcono-Adjust-ExSP55F,DEER2024,D24_E+_Com_v1,6/15/2026 10:46,Any,SCn,Ex,CZ08,cDXHP,Each,1,500000,None,67600,0.017,0,67600,0.017,0,,,,,,,,,20,,3295600,2644.6,,,3228000,2644.6,,,,,,
NE-HVAC-AirEcono-Adjust-ExSP55F,DEER2024,D24_E+_Com_v1,6/15/2026 10:46,Any,SCn,Ex,CZ09,cDXHP,Each,1,500000,None,64500,-0.017,0,64500,-0.017,0,,,,,,,,,20,,3388400,2663.7,,,3324000,2663.7,,,,,,
NE-HVAC-AirEcono-Adjust-ExSP55F,DEER2024,D24_E+_Com_v1,6/15/2026 10:46,Any,SCn,Ex,CZ10,cDXHP,Each,1,500000,None,55200,0.014,0,55200,0.014,0,,,,,,,,,20,,3428400,2629.7,,,3373200,2629.7,,,,,,
NE-HVAC-AirEcono-Adjust-ExSP55F,DEER2024,D24_E+_Com_v1,6/15/2026 10:46,Any,SCn,Ex,CZ11,cDXHP,Each,1,500000,None,43700,0.253,0,43700,0.253,0,,,,,,,,,20,,3855300,2696.5,,,3811600,2696.5,,,,,,
NE-HVAC-AirEcono-Adjust-ExSP55F,DEER2024,D24_E+_Com_v1,6/15/2026 10:46,Any,SCn,Ex,CZ12,cDXHP,Each,1,500000,None,66500,0.188,0,66500,0.188,0,,,,,,,,,20,,3690700,2822.5,,,3624300,2822.5,,,,,,
NE-HVAC-AirEcono-Adjust-ExSP55F,DEER2024,D24_E+_Com_v1,6/15/2026 10:46,Any,SCn,Ex,CZ13,cDXHP,Each,1,500000,None,56900,0.194,0,56900,0.194,0,,,,,,,,,20,,3895800,2641.9,,,3838900,2641.9,,,,,,
NE-HVAC-AirEcono-Adjust-ExSP55F,DEER2024,D24_E+_Com_v1,6/15/2026 10:46,Any,SCn,Ex,CZ14,cDXHP,Each,1,500000,None,54900,0.012,0,54900,0.012,0,,,,,,,,,20,,4031500,2717.4,,,3976600,2717.4,,,,,,
NE-HVAC-AirEcono-Adjust-ExSP55F,DEER2024,D24_E+_Com_v1,6/15/2026 10:46,Any,SCn,Ex,CZ15,cDXHP,Each,1,500000,None,52800,0,0,52800,0,0,,,,,,,,,20,,4545400,2227.9,,,4492500,2227.9,,,,,,
NE-HVAC-AirEcono-Adjust-ExSP55F,DEER2024,D24_E+_Com_v1,6/15/2026 10:46,Any,SCn,Ex,CZ16,cDXHP,Each,1,500000,None,94400,5.84,0,94400,5.84,0,,,,,,,,,20,,3969300,3114.9,,,3874900,3114.9,,,,,,
NE-HVAC-AirEcono-Adjust-ExSP55F,DEER2024,D24_E+_Com_v1,6/15/2026 10:46,Any,SCn,Ex,CZ01,cDXOH,Each,1,500000,None,16500,4.15,0,16500,4.15,0,,,,,,,,,20,,2986300,3182.2,,,2969800,3182.2,,,,,,
NE-HVAC-AirEcono-Adjust-ExSP55F,DEER2024,D24_E+_Com_v1,6/15/2026 10:46,Any,SCn,Ex,CZ02,cDXOH,Each,1,500000,None,49100,16.9,0,49100,16.9,0,,,,,,,,,20,,3267900,2982,,,3218900,2982,,,,,,
NE-HVAC-AirEcono-Adjust-ExSP55F,DEER2024,D24_E+_Com_v1,6/15/2026 10:46,Any,SCn,Ex,CZ03,cDXOH,Each,1,500000,None,73200,24.5,0,73200,24.5,0,,,,,,,,,20,,2866100,2949,,,2792900,2949,,,,,,
NE-HVAC-AirEcono-Adjust-ExSP55F,DEER2024,D24_E+_Com_v1,6/15/2026 10:46,Any,SCn,Ex,CZ04,cDXOH,Each,1,500000,None,52700,0.076,0,52700,0.076,0,,,,,,,,,20,,3548900,2865.1,,,3496200,2865.1,,,,,,
NE-HVAC-AirEcono-Adjust-ExSP55F,DEER2024,D24_E+_Com_v1,6/15/2026 10:46,Any,SCn,Ex,CZ05,cDXOH,Each,1,500000,None,65500,20.1,0,65500,20.1,0,,,,,,,,,20,,2949200,2962.7,,,2883600,2962.7,,,,,,
NE-HVAC-AirEcono-Adjust-ExSP55F,DEER2024,D24_E+_Com_v1,6/15/2026 10:46,Any,SCn,Ex,CZ06,cDXOH,Each,1,500000,None,78400,8.08,0,78400,8.08,0,,,,,,,,,20,,2813900,2728.8,,,2735500,2728.8,,,,,,
NE-HVAC-AirEcono-Adjust-ExSP55F,DEER2024,D24_E+_Com_v1,6/15/2026 10:46,Any,SCn,Ex,CZ07,cDXOH,Each,1,500000,None,65800,0,0,65800,0,0,,,,,,,,,20,,2889400,2700.5,,,2823600,2700.5,,,,,,
NE-HVAC-AirEcono-Adjust-ExSP55F,DEER2024,D24_E+_Com_v1,6/15/2026 10:46,Any,SCn,Ex,CZ08,cDXOH,Each,1,500000,None,64700,0.017,0,64700,0.017,0,,,,,,,,,20,,3236100,2644.6,,,3171500,2644.6,,,,,,
NE-HVAC-AirEcono-Adjust-ExSP55F,DEER2024,D24_E+_Com_v1,6/15/2026 10:46,Any,SCn,Ex,CZ09,cDXOH,Each,1,500000,None,61900,-0.018,0,61900,-0.018,0,,,,,,,,,20,,3301300,2663.7,,,3239300,2663.7,,,,,,
NE-HVAC-AirEcono-Adjust-ExSP55F,DEER2024,D24_E+_Com_v1,6/15/2026 10:46,Any,SCn,Ex,CZ10,cDXOH,Each,1,500000,None,52100,0.016,0,52100,0.016,0,,,,,,,,,20,,3336300,2629.7,,,3284200,2629.7,,,,,,
NE-HVAC-AirEcono-Adjust-ExSP55F,DEER2024,D24_E+_Com_v1,6/15/2026 10:46,Any,SCn,Ex,CZ11,cDXOH,Each,1,500000,None,40600,-0.457,0,40600,-0.457,0,,,,,,,,,20,,3637700,2696.5,,,3597100,2696.5,,,,,,
NE-HVAC-AirEcono-Adjust-ExSP55F,DEER2024,D24_E+_Com_v1,6/15/2026 10:46,Any,SCn,Ex,CZ12,cDXOH,Each,1,500000,None,63100,0.119,0,63100,0.119,0,,,,,,,,,20,,3500400,2822.5,,,3437300,2822.5,,,,,,
NE-HVAC-AirEcono-Adjust-ExSP55F,DEER2024,D24_E+_Com_v1,6/15/2026 10:46,Any,SCn,Ex,CZ13,cDXOH,Each,1,500000,None,54300,0.152,0,54300,0.152,0,,,,,,,,,20,,3722100,2641.9,,,3667800,2641.9,,,,,,
NE-HVAC-AirEcono-Adjust-ExSP55F,DEER2024,D24_E+_Com_v1,6/15/2026 10:46,Any,SCn,Ex,CZ14,cDXOH,Each,1,500000,None,50300,0.033,0,50300,0.033,0,,,,,,,,,20,,3839500,2717.4,,,3789300,2717.4,,,,,,
NE-HVAC-AirEcono-Adjust-ExSP55F,DEER2024,D24_E+_Com_v1,6/15/2026 10:46,Any,SCn,Ex,CZ15,cDXOH,Each,1,500000,None,51000,0,0,51000,0,0,,,,,,,,,20,,4501800,2227.9,,,4450800,2227.9,,,,,,
NE-HVAC-AirEcono-Adjust-ExSP55F,DEER2024,D24_E+_Com_v1,6/15/2026 10:46,Any,SCn,Ex,CZ16,cDXOH,Each,1,500000,None,89600,5.79,0,89600,5.79,0,,,,,,,,,20,,3587700,3114.9,,,3498000,3114.9,,,,,,
NE-HVAC-AirEcono-Adjust-ExSP55F,DEER2024,D24_E+_Com_v1,6/15/2026 10:46,Any,SCn,Ex,CZ01,cPVVG,Each,1,500000,None,0,0,0,0,0,0,,,,,,,,,20,,1585900,96703,,,1585900,96703,,,,,,
NE-HVAC-AirEcono-Adjust-ExSP55F,DEER2024,D24_E+_Com_v1,6/15/2026 10:46,Any,SCn,Ex,CZ02,cPVVG,Each,1,500000,None,2390,2.42,0.0119,2390,2.42,0.0119,,,,,,,,,20,,1749900,59837,,,1747600,59837,,,,,,
NE-HVAC-AirEcono-Adjust-ExSP55F,DEER2024,D24_E+_Com_v1,6/15/2026 10:46,Any,SCn,Ex,CZ03,cPVVG,Each,1,500000,None,916,0.454,0.00102,916,0.454,0.00102,,,,,,,,,20,,1575200,48689,,,1574200,48689,,,,,,
NE-HVAC-AirEcono-Adjust-ExSP55F,DEER2024,D24_E+_Com_v1,6/15/2026 10:46,Any,SCn,Ex,CZ04,cPVVG,Each,1,500000,None,5150,0.007,0.0137,5150,0.007,0.0137,,,,,,,,,20,,2018800,49004,,,2013700,49004,,,,,,
NE-HVAC-AirEcono-Adjust-ExSP55F,DEER2024,D24_E+_Com_v1,6/15/2026 10:46,Any,SCn,Ex,CZ05,cPVVG,Each,1,500000,None,1960,0.52,-0.00751,1960,0.52,-0.00751,,,,,,,,,20,,1582100,44360,,,1580200,44360,,,,,,
NE-HVAC-AirEcono-Adjust-ExSP55F,DEER2024,D24_E+_Com_v1,6/15/2026 10:46,Any,SCn,Ex,CZ06,cPVVG,Each,1,500000,None,29800,5.24,-0.0304,29800,5.24,-0.0304,,,,,,,,,20,,1991800,16797,,,1962000,16797,,,,,,
NE-HVAC-AirEcono-Adjust-ExSP55F,DEER2024,D24_E+_Com_v1,6/15/2026 10:46,Any,SCn,Ex,CZ07,cPVVG,Each,1,500000,None,21800,0,-0.0126,21800,0,-0.0126,,,,,,,,,20,,2034100,15476,,,2012200,15476,,,,,,
NE-HVAC-AirEcono-Adjust-ExSP55F,DEER2024,D24_E+_Com_v1,6/15/2026 10:46,Any,SCn,Ex,CZ08,cPVVG,Each,1,500000,None,21500,0.003,-0.0321,21500,0.003,-0.0321,,,,,,,,,20,,2272100,17953,,,2250600,17953,,,,,,
NE-HVAC-AirEcono-Adjust-ExSP55F,DEER2024,D24_E+_Com_v1,6/15/2026 10:46,Any,SCn,Ex,CZ09,cPVVG,Each,1,500000,None,19700,-0.008,-0.0331,19700,-0.008,-0.0331,,,,,,,,,20,,2309200,21486,,,2289500,21486,,,,,,
NE-HVAC-AirEcono-Adjust-ExSP55F,DEER2024,D24_E+_Com_v1,6/15/2026 10:46,Any,SCn,Ex,CZ10,cPVVG,Each,1,500000,None,17300,0.007,-0.0266,17300,0.007,-0.0266,,,,,,,,,20,,2389800,21508,,,2372500,21508,,,,,,
NE-HVAC-AirEcono-Adjust-ExSP55F,DEER2024,D24_E+_Com_v1,6/15/2026 10:46,Any,SCn,Ex,CZ11,cPVVG,Each,1,500000,None,14900,-0.189,-0.0307,14900,-0.189,-0.0307,,,,,,,,,20,,2578800,49681,,,2563800,49681,,,,,,
NE-HVAC-AirEcono-Adjust-ExSP55F,DEER2024,D24_E+_Com_v1,6/15/2026 10:46,Any,SCn,Ex,CZ12,cPVVG,Each,1,500000,None,12500,0.091,0.0297,12500,0.091,0.0297,,,,,,,,,20,,2134700,52329,,,2122200,52329,,,,,,
NE-HVAC-AirEcono-Adjust-ExSP55F,DEER2024,D24_E+_Com_v1,6/15/2026 10:46,Any,SCn,Ex,CZ13,cPVVG,Each,1,500000,None,23700,0.178,0.0236,23700,0.178,0.0236,,,,,,,,,20,,2747100,42861,,,2723400,42861,,,,,,
NE-HVAC-AirEcono-Adjust-ExSP55F,DEER2024,D24_E+_Com_v1,6/15/2026 10:46,Any,SCn,Ex,CZ14,cPVVG,Each,1,500000,None,13000,0.032,0.00238,13000,0.032,0.00238,,,,,,,,,20,,2512700,43363,,,2499700,43363,,,,,,
NE-HVAC-AirEcono-Adjust-ExSP55F,DEER2024,D24_E+_Com_v1,6/15/2026 10:46,Any,SCn,Ex,CZ15,cPVVG,Each,1,500000,None,21600,0,0.0157,21600,0,0.0157,,,,,,,,,20,,3547400,11012,,,3525800,11012,,,,,,
NE-HVAC-AirEcono-Adjust-ExSP55F,DEER2024,D24_E+_Com_v1,6/15/2026 10:46,Any,SCn,Ex,CZ16,cPVVG,Each,1,500000,None,24800,2.95,-0.0106,24800,2.95,-0.0106,,,,,,,,,20,,2004100,81679,,,1979400,81679,,,,,,
NE-HVAC-AirEcono-Adjust-ExSP63F,DEER2024,D24_E+_Com_v1,6/15/2026 10:46,Any,Asm,Ex,CZ01,cDXGF,Each,1,68000,None,737,0.732,0.00034,737,0.732,0.00034,,,,,,,,,20,,513560,10498,,,512820,10498,,,,,,
NE-HVAC-AirEcono-Adjust-ExSP63F,DEER2024,D24_E+_Com_v1,6/15/2026 10:46,Any,Asm,Ex,CZ02,cDXGF,Each,1,68000,None,2700,0.33,-0.000683,2700,0.33,-0.000683,,,,,,,,,20,,613560,8622.9,,,610860,8622.9,,,,,,
NE-HVAC-AirEcono-Adjust-ExSP63F,DEER2024,D24_E+_Com_v1,6/15/2026 10:46,Any,Asm,Ex,CZ03,cDXGF,Each,1,68000,None,3710,0.898,0.000682,3710,0.898,0.000682,,,,,,,,,20,,565810,5155,,,562100,5155,,,,,,
NE-HVAC-AirEcono-Adjust-ExSP63F,DEER2024,D24_E+_Com_v1,6/15/2026 10:46,Any,Asm,Ex,CZ04,cDXGF,Each,1,68000,None,3020,0,-0.00102,3020,0,-0.00102,,,,,,,,,20,,688400,7795.7,,,685380,7795.7,,,,,,
NE-HVAC-AirEcono-Adjust-ExSP63F,DEER2024,D24_E+_Com_v1,6/15/2026 10:46,Any,Asm,Ex,CZ05,cDXGF,Each,1,68000,None,3770,0.83,0.00137,3770,0.83,0.00137,,,,,,,,,20,,578650,5218,,,574880,5218,,,,,,
NE-HVAC-AirEcono-Adjust-ExSP63F,DEER2024,D24_E+_Com_v1,6/15/2026 10:46,Any,Asm,Ex,CZ06,cDXGF,Each,1,68000,None,5230,0.303,0,5230,0.303,0,,,,,,,,,20,,631200,1889.9,,,625960,1889.9,,,,,,
NE-HVAC-AirEcono-Adjust-ExSP63F,DEER2024,D24_E+_Com_v1,6/15/2026 10:46,Any,Asm,Ex,CZ07,cDXGF,Each,1,68000,None,4960,0,0.000341,4960,0,0.000341,,,,,,,,,20,,634480,1746.6,,,629520,1746.6,,,,,,
NE-HVAC-AirEcono-Adjust-ExSP63F,DEER2024,D24_E+_Com_v1,6/15/2026 10:46,Any,Asm,Ex,CZ08,cDXGF,Each,1,68000,None,4400,0,0,4400,0,0,,,,,,,,,20,,696230,2369.5,,,691830,2369.5,,,,,,
NE-HVAC-AirEcono-Adjust-ExSP63F,DEER2024,D24_E+_Com_v1,6/15/2026 10:46,Any,Asm,Ex,CZ09,cDXGF,Each,1,68000,None,4080,0,0,4080,0,0,,,,,,,,,20,,707890,3121.5,,,703810,3121.5,,,,,,
NE-HVAC-AirEcono-Adjust-ExSP63F,DEER2024,D24_E+_Com_v1,6/15/2026 10:46,Any,Asm,Ex,CZ10,cDXGF,Each,1,68000,None,3530,0,-0.000341,3530,0,-0.000341,,,,,,,,,20,,726470,3232.4,,,722940,3232.4,,,,,,
NE-HVAC-AirEcono-Adjust-ExSP63F,DEER2024,D24_E+_Com_v1,6/15/2026 10:46,Any,Asm,Ex,CZ11,cDXGF,Each,1,68000,None,2800,0,-0.000342,2800,0,-0.000342,,,,,,,,,20,,748040,8055.4,,,745240,8055.4,,,,,,
NE-HVAC-AirEcono-Adjust-ExSP63F,DEER2024,D24_E+_Com_v1,6/15/2026 10:46,Any,Asm,Ex,CZ12,cDXGF,Each,1,68000,None,3190,0,-0.000341,3190,0,-0.000341,,,,,,,,,20,,676080,7713.2,,,672880,7713.2,,,,,,
NE-HVAC-AirEcono-Adjust-ExSP63F,DEER2024,D24_E+_Com_v1,6/15/2026 10:46,Any,Asm,Ex,CZ13,cDXGF,Each,1,68000,None,3030,0,-0.000342,3030,0,-0.000342,,,,,,,,,20,,759430,6943.3,,,756400,6943.3,,,,,,
NE-HVAC-AirEcono-Adjust-ExSP63F,DEER2024,D24_E+_Com_v1,6/15/2026 10:46,Any,Asm,Ex,CZ14,cDXGF,Each,1,68000,None,3580,0,-0.00102,3580,0,-0.00102,,,,,,,,,20,,765170,6905.8,,,761590,6905.8,,,,,,
NE-HVAC-AirEcono-Adjust-ExSP63F,DEER2024,D24_E+_Com_v1,6/15/2026 10:46,Any,Asm,Ex,CZ15,cDXGF,Each,1,68000,None,2910,0,-0.000683,2910,0,-0.000683,,,,,,,,,20,,932440,1909.3,,,929530,1909.3,,,,,,
NE-HVAC-AirEcono-Adjust-ExSP63F,DEER2024,D24_E+_Com_v1,6/15/2026 10:46,Any,Asm,Ex,CZ16,cDXGF,Each,1,68000,None,4800,0.3,-0.00136,4800,0.3,-0.00136,,,,,,,,,20,,643200,12514,,,638400,12514,,,,,,
NE-HVAC-AirEcono-Adjust-ExSP63F,DEER2024,D24_E+_Com_v1,6/15/2026 10:46,Any,Asm,Ex,CZ01,cDXHP,Each,1,68000,None,739,0.744,0,739,0.744,0,,,,,,,,,20,,583510,827.22,,,582770,827.22,,,,,,
NE-HVAC-AirEcono-Adjust-ExSP63F,DEER2024,D24_E+_Com_v1,6/15/2026 10:46,Any,Asm,Ex,CZ02,cDXHP,Each,1,68000,None,2720,0.355,0,2720,0.355,0,,,,,,,,,20,,672280,786.17,,,669550,786.17,,,,,,
NE-HVAC-AirEcono-Adjust-ExSP63F,DEER2024,D24_E+_Com_v1,6/15/2026 10:46,Any,Asm,Ex,CZ03,cDXHP,Each,1,68000,None,3760,0.98,0,3760,0.98,0,,,,,,,,,20,,596590,779.34,,,592840,779.34,,,,,,
NE-HVAC-AirEcono-Adjust-ExSP63F,DEER2024,D24_E+_Com_v1,6/15/2026 10:46,Any,Asm,Ex,CZ04,cDXHP,Each,1,68000,None,3030,0,0,3030,0,0,,,,,,,,,20,,741500,762.24,,,738470,762.24,,,,,,
NE-HVAC-AirEcono-Adjust-ExSP63F,DEER2024,D24_E+_Com_v1,6/15/2026 10:46,Any,Asm,Ex,CZ05,cDXHP,Each,1,68000,None,3800,0.848,0,3800,0.848,0,,,,,,,,,20,,610480,782.16,,,606680,782.16,,,,,,
NE-HVAC-AirEcono-Adjust-ExSP63F,DEER2024,D24_E+_Com_v1,6/15/2026 10:46,Any,Asm,Ex,CZ06,cDXHP,Each,1,68000,None,5380,0.308,0,5380,0.308,0,,,,,,,,,20,,634950,734.11,,,629580,734.11,,,,,,
NE-HVAC-AirEcono-Adjust-ExSP63F,DEER2024,D24_E+_Com_v1,6/15/2026 10:46,Any,Asm,Ex,CZ07,cDXHP,Each,1,68000,None,4990,0,0,4990,0,0,,,,,,,,,20,,637780,728.37,,,632790,728.37,,,,,,
NE-HVAC-AirEcono-Adjust-ExSP63F,DEER2024,D24_E+_Com_v1,6/15/2026 10:46,Any,Asm,Ex,CZ08,cDXHP,Each,1,68000,None,4450,0,0,4450,0,0,,,,,,,,,20,,707400,716.94,,,702960,716.94,,,,,,
NE-HVAC-AirEcono-Adjust-ExSP63F,DEER2024,D24_E+_Com_v1,6/15/2026 10:46,Any,Asm,Ex,CZ09,cDXHP,Each,1,68000,None,4100,0,0,4100,0,0,,,,,,,,,20,,724760,720.86,,,720660,720.86,,,,,,
NE-HVAC-AirEcono-Adjust-ExSP63F,DEER2024,D24_E+_Com_v1,6/15/2026 10:46,Any,Asm,Ex,CZ10,cDXHP,Each,1,68000,None,3530,0,0,3530,0,0,,,,,,,,,20,,744170,713.91,,,740640,713.91,,,,,,
NE-HVAC-AirEcono-Adjust-ExSP63F,DEER2024,D24_E+_Com_v1,6/15/2026 10:46,Any,Asm,Ex,CZ11,cDXHP,Each,1,68000,None,2810,0,0,2810,0,0,,,,,,,,,20,,802430,727.81,,,799620,727.81,,,,,,
NE-HVAC-AirEcono-Adjust-ExSP63F,DEER2024,D24_E+_Com_v1,6/15/2026 10:46,Any,Asm,Ex,CZ12,cDXHP,Each,1,68000,None,3210,0,0,3210,0,0,,,,,,,,,20,,727230,753.51,,,724020,753.51,,,,,,
NE-HVAC-AirEcono-Adjust-ExSP63F,DEER2024,D24_E+_Com_v1,6/15/2026 10:46,Any,Asm,Ex,CZ13,cDXHP,Each,1,68000,None,3030,0,0,3030,0,0,,,,,,,,,20,,805130,716.64,,,802090,716.64,,,,,,
NE-HVAC-AirEcono-Adjust-ExSP63F,DEER2024,D24_E+_Com_v1,6/15/2026 10:46,Any,Asm,Ex,CZ14,cDXHP,Each,1,68000,None,3590,0,0,3590,0,0,,,,,,,,,20,,813800,732.15,,,810210,732.15,,,,,,
NE-HVAC-AirEcono-Adjust-ExSP63F,DEER2024,D24_E+_Com_v1,6/15/2026 10:46,Any,Asm,Ex,CZ15,cDXHP,Each,1,68000,None,2910,0,0,2910,0,0,,,,,,,,,20,,941390,631.85,,,938470,631.85,,,,,,
NE-HVAC-AirEcono-Adjust-ExSP63F,DEER2024,D24_E+_Com_v1,6/15/2026 10:46,Any,Asm,Ex,CZ16,cDXHP,Each,1,68000,None,4850,0.305,0,4850,0.305,0,,,,,,,,,20,,759580,813.51,,,754730,813.51,,,,,,
NE-HVAC-AirEcono-Adjust-ExSP63F,DEER2024,D24_E+_Com_v1,6/15/2026 10:46,Any,Asm,Ex,CZ01,cDXOH,Each,1,68000,None,730,0.733,0,730,0.733,0,,,,,,,,,20,,513920,827.22,,,513190,827.22,,,,,,
NE-HVAC-AirEcono-Adjust-ExSP63F,DEER2024,D24_E+_Com_v1,6/15/2026 10:46,Any,Asm,Ex,CZ02,cDXOH,Each,1,68000,None,2660,0.331,0,2660,0.331,0,,,,,,,,,20,,611920,786.17,,,609250,786.17,,,,,,
NE-HVAC-AirEcono-Adjust-ExSP63F,DEER2024,D24_E+_Com_v1,6/15/2026 10:46,Any,Asm,Ex,CZ03,cDXOH,Each,1,68000,None,3700,0.898,0,3700,0.898,0,,,,,,,,,20,,565110,779.35,,,561410,779.35,,,,,,
NE-HVAC-AirEcono-Adjust-ExSP63F,DEER2024,D24_E+_Com_v1,6/15/2026 10:46,Any,Asm,Ex,CZ04,cDXOH,Each,1,68000,None,2980,0,0,2980,0,0,,,,,,,,,20,,686560,762.24,,,683570,762.24,,,,,,
NE-HVAC-AirEcono-Adjust-ExSP63F,DEER2024,D24_E+_Com_v1,6/15/2026 10:46,Any,Asm,Ex,CZ05,cDXOH,Each,1,68000,None,3750,0.831,0,3750,0.831,0,,,,,,,,,20,,576640,782.16,,,572890,782.16,,,,,,
NE-HVAC-AirEcono-Adjust-ExSP63F,DEER2024,D24_E+_Com_v1,6/15/2026 10:46,Any,Asm,Ex,CZ06,cDXOH,Each,1,68000,None,5230,0.303,0,5230,0.303,0,,,,,,,,,20,,630660,734.11,,,625430,734.11,,,,,,
NE-HVAC-AirEcono-Adjust-ExSP63F,DEER2024,D24_E+_Com_v1,6/15/2026 10:46,Any,Asm,Ex,CZ07,cDXOH,Each,1,68000,None,4960,0,0,4960,0,0,,,,,,,,,20,,633920,728.37,,,628970,728.37,,,,,,
NE-HVAC-AirEcono-Adjust-ExSP63F,DEER2024,D24_E+_Com_v1,6/15/2026 10:46,Any,Asm,Ex,CZ08,cDXOH,Each,1,68000,None,4390,0,0,4390,0,0,,,,,,,,,20,,695200,716.94,,,690810,716.94,,,,,,
NE-HVAC-AirEcono-Adjust-ExSP63F,DEER2024,D24_E+_Com_v1,6/15/2026 10:46,Any,Asm,Ex,CZ09,cDXOH,Each,1,68000,None,4070,0,0,4070,0,0,,,,,,,,,20,,706780,720.86,,,702710,720.86,,,,,,
NE-HVAC-AirEcono-Adjust-ExSP63F,DEER2024,D24_E+_Com_v1,6/15/2026 10:46,Any,Asm,Ex,CZ10,cDXOH,Each,1,68000,None,3520,0,0,3520,0,0,,,,,,,,,20,,725250,713.91,,,721730,713.91,,,,,,
NE-HVAC-AirEcono-Adjust-ExSP63F,DEER2024,D24_E+_Com_v1,6/15/2026 10:46,Any,Asm,Ex,CZ11,cDXOH,Each,1,68000,None,2760,0,0,2760,0,0,,,,,,,,,20,,748170,727.81,,,745400,727.81,,,,,,
NE-HVAC-AirEcono-Adjust-ExSP63F,DEER2024,D24_E+_Com_v1,6/15/2026 10:46,Any,Asm,Ex,CZ12,cDXOH,Each,1,68000,None,3180,0,0,3180,0,0,,,,,,,,,20,,675810,753.51,,,672630,753.51,,,,,,
NE-HVAC-AirEcono-Adjust-ExSP63F,DEER2024,D24_E+_Com_v1,6/15/2026 10:46,Any,Asm,Ex,CZ13,cDXOH,Each,1,68000,None,3020,0,0,3020,0,0,,,,,,,,,20,,759290,716.64,,,756270,716.64,,,,,,
NE-HVAC-AirEcono-Adjust-ExSP63F,DEER2024,D24_E+_Com_v1,6/15/2026 10:46,Any,Asm,Ex,CZ14,cDXOH,Each,1,68000,None,3530,0,0,3530,0,0,,,,,,,,,20,,765210,732.16,,,761670,732.16,,,,,,
NE-HVAC-AirEcono-Adjust-ExSP63F,DEER2024,D24_E+_Com_v1,6/15/2026 10:46,Any,Asm,Ex,CZ15,cDXOH,Each,1,68000,None,2900,0,0,2900,0,0,,,,,,,,,20,,931750,631.85,,,928850,631.85,,,,,,
NE-HVAC-AirEcono-Adjust-ExSP63F,DEER2024,D24_E+_Com_v1,6/15/2026 10:46,Any,Asm,Ex,CZ16,cDXOH,Each,1,68000,None,4780,0.3,0,4780,0.3,0,,,,,,,,,20,,649920,813.51,,,645140,813.51,,,,,,
NE-HVAC-AirEcono-Adjust-ExSP63F,DEER2024,D24_E+_Com_v1,6/15/2026 10:46,Any,Asm,Ex,CZ01,cPVVG,Each,1,68000,None,628,0.64,0.000341,628,0.64,0.000341,,,,,,,,,20,,411220,7525.5,,,410590,7525.5,,,,,,
NE-HVAC-AirEcono-Adjust-ExSP63F,DEER2024,D24_E+_Com_v1,6/15/2026 10:46,Any,Asm,Ex,CZ02,cPVVG,Each,1,68000,None,2330,0.311,-0.000683,2330,0.311,-0.000683,,,,,,,,,20,,497160,5856.8,,,494840,5856.8,,,,,,
NE-HVAC-AirEcono-Adjust-ExSP63F,DEER2024,D24_E+_Com_v1,6/15/2026 10:46,Any,Asm,Ex,CZ03,cPVVG,Each,1,68000,None,3300,0.812,0,3300,0.812,0,,,,,,,,,20,,462700,3652,,,459400,3652,,,,,,
NE-HVAC-AirEcono-Adjust-ExSP63F,DEER2024,D24_E+_Com_v1,6/15/2026 10:46,Any,Asm,Ex,CZ04,cPVVG,Each,1,68000,None,2580,0,-0.000341,2580,0,-0.000341,,,,,,,,,20,,556260,4839.3,,,553670,4839.3,,,,,,
NE-HVAC-AirEcono-Adjust-ExSP63F,DEER2024,D24_E+_Com_v1,6/15/2026 10:46,Any,Asm,Ex,CZ05,cPVVG,Each,1,68000,None,3360,0.783,0.000683,3360,0.783,0.000683,,,,,,,,,20,,469060,3490.3,,,465710,3490.3,,,,,,
NE-HVAC-AirEcono-Adjust-ExSP63F,DEER2024,D24_E+_Com_v1,6/15/2026 10:46,Any,Asm,Ex,CZ06,cPVVG,Each,1,68000,None,4520,0.295,0,4520,0.295,0,,,,,,,,,20,,523780,1358.3,,,519260,1358.3,,,,,,
NE-HVAC-AirEcono-Adjust-ExSP63F,DEER2024,D24_E+_Com_v1,6/15/2026 10:46,Any,Asm,Ex,CZ07,cPVVG,Each,1,68000,None,4290,0,0,4290,0,0,,,,,,,,,20,,525270,1270.8,,,520980,1270.8,,,,,,
NE-HVAC-AirEcono-Adjust-ExSP63F,DEER2024,D24_E+_Com_v1,6/15/2026 10:46,Any,Asm,Ex,CZ08,cPVVG,Each,1,68000,None,3780,0,-0.000341,3780,0,-0.000341,,,,,,,,,20,,579510,1624.9,,,575730,1624.9,,,,,,
NE-HVAC-AirEcono-Adjust-ExSP63F,DEER2024,D24_E+_Com_v1,6/15/2026 10:46,Any,Asm,Ex,CZ09,cPVVG,Each,1,68000,None,3540,0,0,3540,0,0,,,,,,,,,20,,577310,1979.5,,,573770,1979.5,,,,,,
NE-HVAC-AirEcono-Adjust-ExSP63F,DEER2024,D24_E+_Com_v1,6/15/2026 10:46,Any,Asm,Ex,CZ10,cPVVG,Each,1,68000,None,2980,0,0,2980,0,0,,,,,,,,,20,,599370,2058.2,,,596390,2058.2,,,,,,
NE-HVAC-AirEcono-Adjust-ExSP63F,DEER2024,D24_E+_Com_v1,6/15/2026 10:46,Any,Asm,Ex,CZ11,cPVVG,Each,1,68000,None,2320,0,0.000683,2320,0,0.000683,,,,,,,,,20,,618740,5204.9,,,616420,5204.9,,,,,,
NE-HVAC-AirEcono-Adjust-ExSP63F,DEER2024,D24_E+_Com_v1,6/15/2026 10:46,Any,Asm,Ex,CZ12,cPVVG,Each,1,68000,None,2740,0.001,0,2740,0.001,0,,,,,,,,,20,,555370,5199.4,,,552630,5199.4,,,,,,
NE-HVAC-AirEcono-Adjust-ExSP63F,DEER2024,D24_E+_Com_v1,6/15/2026 10:46,Any,Asm,Ex,CZ13,cPVVG,Each,1,68000,None,2560,0,-0.000342,2560,0,-0.000342,,,,,,,,,20,,631100,4442.5,,,628540,4442.5,,,,,,
NE-HVAC-AirEcono-Adjust-ExSP63F,DEER2024,D24_E+_Com_v1,6/15/2026 10:46,Any,Asm,Ex,CZ14,cPVVG,Each,1,68000,None,2390,0,-0.000341,2390,0,-0.000341,,,,,,,,,20,,627020,4798.4,,,624630,4798.4,,,,,,
NE-HVAC-AirEcono-Adjust-ExSP63F,DEER2024,D24_E+_Com_v1,6/15/2026 10:46,Any,Asm,Ex,CZ15,cPVVG,Each,1,68000,None,2220,0,0,2220,0,0,,,,,,,,,20,,810270,1303.3,,,808050,1303.3,,,,,,
NE-HVAC-AirEcono-Adjust-ExSP63F,DEER2024,D24_E+_Com_v1,6/15/2026 10:46,Any,Asm,Ex,CZ16,cPVVG,Each,1,68000,None,2590,0.172,0,2590,0.172,0,,,,,,,,,20,,483480,10236,,,480890,10236,,,,,,
NE-HVAC-AirEcono-Adjust-ExSP63F,DEER2024,D24_E+_Com_v1,6/15/2026 10:46,Any,ECC,Ex,CZ01,cDXGF,Each,1,284000,None,10100,9.92,0.00376,10100,9.92,0.00376,,,,,,,,,20,,1863800,25009,,,1853800,25009,,,,,,
NE-HVAC-AirEcono-Adjust-ExSP63F,DEER2024,D24_E+_Com_v1,6/15/2026 10:46,Any,ECC,Ex,CZ02,cDXGF,Each,1,284000,None,28800,5.45,-0.0437,28800,5.45,-0.0437,,,,,,,,,20,,2139700,21993,,,2110900,21993,,,,,,
NE-HVAC-AirEcono-Adjust-ExSP63F,DEER2024,D24_E+_Com_v1,6/15/2026 10:46,Any,ECC,Ex,CZ03,cDXGF,Each,1,284000,None,44300,15.3,-0.105,44300,15.3,-0.105,,,,,,,,,20,,2038700,19944,,,1994400,19944,,,,,,
NE-HVAC-AirEcono-Adjust-ExSP63F,DEER2024,D24_E+_Com_v1,6/15/2026 10:46,Any,ECC,Ex,CZ04,cDXGF,Each,1,284000,None,28900,0,-0.00478,28900,0,-0.00478,,,,,,,,,20,,2302900,20554,,,2274000,20554,,,,,,
NE-HVAC-AirEcono-Adjust-ExSP63F,DEER2024,D24_E+_Com_v1,6/15/2026 10:46,Any,ECC,Ex,CZ05,cDXGF,Each,1,284000,None,46500,12.8,0.00614,46500,12.8,0.00614,,,,,,,,,20,,2085000,20036,,,2038500,20036,,,,,,
NE-HVAC-AirEcono-Adjust-ExSP63F,DEER2024,D24_E+_Com_v1,6/15/2026 10:46,Any,ECC,Ex,CZ06,cDXGF,Each,1,284000,None,59900,4.59,-0.00034,59900,4.59,-0.00034,,,,,,,,,20,,2227800,17058,,,2167900,17058,,,,,,
NE-HVAC-AirEcono-Adjust-ExSP63F,DEER2024,D24_E+_Com_v1,6/15/2026 10:46,Any,ECC,Ex,CZ07,cDXGF,Each,1,284000,None,51100,0,-0.00069,51100,0,-0.00069,,,,,,,,,20,,2224800,16855,,,2173700,16855,,,,,,
NE-HVAC-AirEcono-Adjust-ExSP63F,DEER2024,D24_E+_Com_v1,6/15/2026 10:46,Any,ECC,Ex,CZ08,cDXGF,Each,1,284000,None,45200,0,-0.00136,45200,0,-0.00136,,,,,,,,,20,,2391200,16738,,,2346000,16738,,,,,,
NE-HVAC-AirEcono-Adjust-ExSP63F,DEER2024,D24_E+_Com_v1,6/15/2026 10:46,Any,ECC,Ex,CZ09,cDXGF,Each,1,284000,None,42000,0,-0.00205,42000,0,-0.00205,,,,,,,,,20,,2420700,17056,,,2378800,17056,,,,,,
NE-HVAC-AirEcono-Adjust-ExSP63F,DEER2024,D24_E+_Com_v1,6/15/2026 10:46,Any,ECC,Ex,CZ10,cDXGF,Each,1,284000,None,38400,0,0.0017,38400,0,0.0017,,,,,,,,,20,,2449300,17118,,,2410900,17118,,,,,,
NE-HVAC-AirEcono-Adjust-ExSP63F,DEER2024,D24_E+_Com_v1,6/15/2026 10:46,Any,ECC,Ex,CZ11,cDXGF,Each,1,284000,None,31000,0.026,-0.056,31000,0.026,-0.056,,,,,,,,,20,,2481200,19716,,,2450200,19716,,,,,,
NE-HVAC-AirEcono-Adjust-ExSP63F,DEER2024,D24_E+_Com_v1,6/15/2026 10:46,Any,ECC,Ex,CZ12,cDXGF,Each,1,284000,None,34100,0,-0.0181,34100,0,-0.0181,,,,,,,,,20,,2292700,20357,,,2258600,20357,,,,,,
NE-HVAC-AirEcono-Adjust-ExSP63F,DEER2024,D24_E+_Com_v1,6/15/2026 10:46,Any,ECC,Ex,CZ13,cDXGF,Each,1,284000,None,32800,0,-0.00614,32800,0,-0.00614,,,,,,,,,20,,2506100,18409,,,2473400,18409,,,,,,
NE-HVAC-AirEcono-Adjust-ExSP63F,DEER2024,D24_E+_Com_v1,6/15/2026 10:46,Any,ECC,Ex,CZ14,cDXGF,Each,1,284000,None,29500,-0.001,0.0017,29500,-0.001,0.0017,,,,,,,,,20,,2501200,19030,,,2471600,19030,,,,,,
NE-HVAC-AirEcono-Adjust-ExSP63F,DEER2024,D24_E+_Com_v1,6/15/2026 10:46,Any,ECC,Ex,CZ15,cDXGF,Each,1,284000,None,28600,0,-0.00171,28600,0,-0.00171,,,,,,,,,20,,2938900,13977,,,2910300,13977,,,,,,
NE-HVAC-AirEcono-Adjust-ExSP63F,DEER2024,D24_E+_Com_v1,6/15/2026 10:46,Any,ECC,Ex,CZ16,cDXGF,Each,1,284000,None,32000,3.51,-0.00546,32000,3.51,-0.00546,,,,,,,,,20,,2247500,25301,,,2215500,25301,,,,,,
NE-HVAC-AirEcono-Adjust-ExSP63F,DEER2024,D24_E+_Com_v1,6/15/2026 10:46,Any,ECC,Ex,CZ01,cDXHP,Each,1,284000,None,9420,10,0,9420,10,0,,,,,,,,,20,,1906800,19168,,,1897300,19168,,,,,,
NE-HVAC-AirEcono-Adjust-ExSP63F,DEER2024,D24_E+_Com_v1,6/15/2026 10:46,Any,ECC,Ex,CZ02,cDXHP,Each,1,284000,None,28400,5.48,0.0416,28400,5.48,0.0416,,,,,,,,,20,,2170900,18057,,,2142400,18057,,,,,,
NE-HVAC-AirEcono-Adjust-ExSP63F,DEER2024,D24_E+_Com_v1,6/15/2026 10:46,Any,ECC,Ex,CZ03,cDXHP,Each,1,284000,None,42900,15.4,0.102,42900,15.4,0.102,,,,,,,,,20,,2052200,17861,,,2009300,17861,,,,,,
NE-HVAC-AirEcono-Adjust-ExSP63F,DEER2024,D24_E+_Com_v1,6/15/2026 10:46,Any,ECC,Ex,CZ04,cDXHP,Each,1,284000,None,28900,-0.001,-0.00273,28900,-0.001,-0.00273,,,,,,,,,20,,2332000,17375,,,2303100,17375,,,,,,
NE-HVAC-AirEcono-Adjust-ExSP63F,DEER2024,D24_E+_Com_v1,6/15/2026 10:46,Any,ECC,Ex,CZ05,cDXHP,Each,1,284000,None,44200,13,0,44200,13,0,,,,,,,,,20,,2098700,17941,,,2054400,17941,,,,,,
NE-HVAC-AirEcono-Adjust-ExSP63F,DEER2024,D24_E+_Com_v1,6/15/2026 10:46,Any,ECC,Ex,CZ06,cDXHP,Each,1,284000,None,58800,4.64,-0.00034,58800,4.64,-0.00034,,,,,,,,,20,,2222300,16626,,,2163500,16626,,,,,,
NE-HVAC-AirEcono-Adjust-ExSP63F,DEER2024,D24_E+_Com_v1,6/15/2026 10:46,Any,ECC,Ex,CZ07,cDXHP,Each,1,284000,None,50000,0,-0.00034,50000,0,-0.00034,,,,,,,,,20,,2220400,16462,,,2170400,16462,,,,,,
NE-HVAC-AirEcono-Adjust-ExSP63F,DEER2024,D24_E+_Com_v1,6/15/2026 10:46,Any,ECC,Ex,CZ08,cDXHP,Each,1,284000,None,45000,0.001,0,45000,0.001,0,,,,,,,,,20,,2393000,16140,,,2347900,16140,,,,,,
NE-HVAC-AirEcono-Adjust-ExSP63F,DEER2024,D24_E+_Com_v1,6/15/2026 10:46,Any,ECC,Ex,CZ09,cDXHP,Each,1,284000,None,41900,0,0,41900,0,0,,,,,,,,,20,,2425800,16246,,,2383900,16246,,,,,,
NE-HVAC-AirEcono-Adjust-ExSP63F,DEER2024,D24_E+_Com_v1,6/15/2026 10:46,Any,ECC,Ex,CZ10,cDXHP,Each,1,284000,None,38500,0,-0.00034,38500,0,-0.00034,,,,,,,,,20,,2457200,16044,,,2418700,16044,,,,,,
NE-HVAC-AirEcono-Adjust-ExSP63F,DEER2024,D24_E+_Com_v1,6/15/2026 10:46,Any,ECC,Ex,CZ11,cDXHP,Each,1,284000,None,31100,0.034,-0.0171,31100,0.034,-0.0171,,,,,,,,,20,,2509300,16413,,,2478200,16413,,,,,,
NE-HVAC-AirEcono-Adjust-ExSP63F,DEER2024,D24_E+_Com_v1,6/15/2026 10:46,Any,ECC,Ex,CZ12,cDXHP,Each,1,284000,None,33900,0,0.0109,33900,0,0.0109,,,,,,,,,20,,2318100,17140,,,2284300,17140,,,,,,
NE-HVAC-AirEcono-Adjust-ExSP63F,DEER2024,D24_E+_Com_v1,6/15/2026 10:46,Any,ECC,Ex,CZ13,cDXHP,Each,1,284000,None,32600,0,-0.00341,32600,0,-0.00341,,,,,,,,,20,,2528100,16089,,,2495500,16089,,,,,,
NE-HVAC-AirEcono-Adjust-ExSP63F,DEER2024,D24_E+_Com_v1,6/15/2026 10:46,Any,ECC,Ex,CZ14,cDXHP,Each,1,284000,None,29800,-0.001,0.119,29800,-0.001,0.119,,,,,,,,,20,,2530600,16492,,,2500900,16492,,,,,,
NE-HVAC-AirEcono-Adjust-ExSP63F,DEER2024,D24_E+_Com_v1,6/15/2026 10:46,Any,ECC,Ex,CZ15,cDXHP,Each,1,284000,None,28700,0,0.00034,28700,0,0.00034,,,,,,,,,20,,2947300,13740,,,2918600,13740,,,,,,
NE-HVAC-AirEcono-Adjust-ExSP63F,DEER2024,D24_E+_Com_v1,6/15/2026 10:46,Any,ECC,Ex,CZ16,cDXHP,Each,1,284000,None,32200,3.56,-0.013,32200,3.56,-0.013,,,,,,,,,20,,2319800,18791,,,2287700,18791,,,,,,
NE-HVAC-AirEcono-Adjust-ExSP63F,DEER2024,D24_E+_Com_v1,6/15/2026 10:46,Any,ECC,Ex,CZ01,cDXOH,Each,1,284000,None,10000,9.82,0.76,10000,9.82,0.76,,,,,,,,,20,,1863300,19173,,,1853300,19172,,,,,,
NE-HVAC-AirEcono-Adjust-ExSP63F,DEER2024,D24_E+_Com_v1,6/15/2026 10:46,Any,ECC,Ex,CZ02,cDXOH,Each,1,284000,None,28500,5.45,0.208,28500,5.45,0.208,,,,,,,,,20,,2138400,18058,,,2110000,18058,,,,,,
NE-HVAC-AirEcono-Adjust-ExSP63F,DEER2024,D24_E+_Com_v1,6/15/2026 10:46,Any,ECC,Ex,CZ03,cDXOH,Each,1,284000,None,44300,15.3,-0.123,44300,15.3,-0.123,,,,,,,,,20,,2038100,17859,,,1993800,17860,,,,,,
NE-HVAC-AirEcono-Adjust-ExSP63F,DEER2024,D24_E+_Com_v1,6/15/2026 10:46,Any,ECC,Ex,CZ04,cDXOH,Each,1,284000,None,28600,0,-0.59,28600,0,-0.59,,,,,,,,,20,,2301100,17375,,,2272500,17375,,,,,,
NE-HVAC-AirEcono-Adjust-ExSP63F,DEER2024,D24_E+_Com_v1,6/15/2026 10:46,Any,ECC,Ex,CZ05,cDXOH,Each,1,284000,None,46400,12.8,0.173,46400,12.8,0.173,,,,,,,,,20,,2083400,17941,,,2037000,17941,,,,,,
NE-HVAC-AirEcono-Adjust-ExSP63F,DEER2024,D24_E+_Com_v1,6/15/2026 10:46,Any,ECC,Ex,CZ06,cDXOH,Each,1,284000,None,59800,4.59,0.0806,59800,4.59,0.0806,,,,,,,,,20,,2227500,16626,,,2167700,16626,,,,,,
NE-HVAC-AirEcono-Adjust-ExSP63F,DEER2024,D24_E+_Com_v1,6/15/2026 10:46,Any,ECC,Ex,CZ07,cDXOH,Each,1,284000,None,51100,0,0.228,51100,0,0.228,,,,,,,,,20,,2224500,16461,,,2173400,16461,,,,,,
NE-HVAC-AirEcono-Adjust-ExSP63F,DEER2024,D24_E+_Com_v1,6/15/2026 10:46,Any,ECC,Ex,CZ08,cDXOH,Each,1,284000,None,45100,0,-0.117,45100,0,-0.117,,,,,,,,,20,,2390500,16140,,,2345400,16140,,,,,,
NE-HVAC-AirEcono-Adjust-ExSP63F,DEER2024,D24_E+_Com_v1,6/15/2026 10:46,Any,ECC,Ex,CZ09,cDXOH,Each,1,284000,None,41900,-0.001,0.0113,41900,-0.001,0.0113,,,,,,,,,20,,2420000,16245,,,2378200,16245,,,,,,
NE-HVAC-AirEcono-Adjust-ExSP63F,DEER2024,D24_E+_Com_v1,6/15/2026 10:46,Any,ECC,Ex,CZ10,cDXOH,Each,1,284000,None,38300,0,-0.0433,38300,0,-0.0433,,,,,,,,,20,,2448400,16044,,,2410000,16044,,,,,,
NE-HVAC-AirEcono-Adjust-ExSP63F,DEER2024,D24_E+_Com_v1,6/15/2026 10:46,Any,ECC,Ex,CZ11,cDXOH,Each,1,284000,None,30800,0.027,0.0498,30800,0.027,0.0498,,,,,,,,,20,,2481800,16414,,,2451000,16414,,,,,,
NE-HVAC-AirEcono-Adjust-ExSP63F,DEER2024,D24_E+_Com_v1,6/15/2026 10:46,Any,ECC,Ex,CZ12,cDXOH,Each,1,284000,None,33900,0,0.134,33900,0,0.134,,,,,,,,,20,,2292500,17141,,,2258600,17141,,,,,,
NE-HVAC-AirEcono-Adjust-ExSP63F,DEER2024,D24_E+_Com_v1,6/15/2026 10:46,Any,ECC,Ex,CZ13,cDXOH,Each,1,284000,None,32600,0,0.34,32600,0,0.34,,,,,,,,,20,,2506000,16088,,,2473300,16088,,,,,,
NE-HVAC-AirEcono-Adjust-ExSP63F,DEER2024,D24_E+_Com_v1,6/15/2026 10:46,Any,ECC,Ex,CZ14,cDXOH,Each,1,284000,None,29200,-0.001,-0.788,29200,-0.001,-0.788,,,,,,,,,20,,2499700,16493,,,2470500,16494,,,,,,
NE-HVAC-AirEcono-Adjust-ExSP63F,DEER2024,D24_E+_Com_v1,6/15/2026 10:46,Any,ECC,Ex,CZ15,cDXOH,Each,1,284000,None,28600,0,0.00068,28600,0,0.00068,,,,,,,,,20,,2938600,13740,,,2910000,13740,,,,,,
NE-HVAC-AirEcono-Adjust-ExSP63F,DEER2024,D24_E+_Com_v1,6/15/2026 10:46,Any,ECC,Ex,CZ16,cDXOH,Each,1,284000,None,31900,3.51,-0.331,31900,3.51,-0.331,,,,,,,,,20,,2255300,18811,,,2223400,18812,,,,,,
NE-HVAC-AirEcono-Adjust-ExSP63F,DEER2024,D24_E+_Com_v1,6/15/2026 10:46,Any,ECC,Ex,CZ01,cPVVG,Each,1,284000,None,6740,6.04,0.00683,6740,6.04,0.00683,,,,,,,,,20,,1587900,28129,,,1581100,28129,,,,,,
NE-HVAC-AirEcono-Adjust-ExSP63F,DEER2024,D24_E+_Com_v1,6/15/2026 10:46,Any,ECC,Ex,CZ02,cPVVG,Each,1,284000,None,19700,3.57,0.00614,19700,3.57,0.00614,,,,,,,,,20,,1826500,24666,,,1806800,24666,,,,,,
NE-HVAC-AirEcono-Adjust-ExSP63F,DEER2024,D24_E+_Com_v1,6/15/2026 10:46,Any,ECC,Ex,CZ03,cPVVG,Each,1,284000,None,30800,10,0.00682,30800,10,0.00682,,,,,,,,,20,,1734100,21644,,,1703300,21644,,,,,,
NE-HVAC-AirEcono-Adjust-ExSP63F,DEER2024,D24_E+_Com_v1,6/15/2026 10:46,Any,ECC,Ex,CZ04,cPVVG,Each,1,284000,None,19700,0.01,0.0106,19700,0.01,0.0106,,,,,,,,,20,,1985100,22751,,,1965300,22751,,,,,,
NE-HVAC-AirEcono-Adjust-ExSP63F,DEER2024,D24_E+_Com_v1,6/15/2026 10:46,Any,ECC,Ex,CZ05,cPVVG,Each,1,284000,None,33400,8.62,0.0307,33400,8.62,0.0307,,,,,,,,,20,,1775400,21770,,,1742000,21770,,,,,,
NE-HVAC-AirEcono-Adjust-ExSP63F,DEER2024,D24_E+_Com_v1,6/15/2026 10:46,Any,ECC,Ex,CZ06,cPVVG,Each,1,284000,None,42000,3.14,0.00205,42000,3.14,0.00205,,,,,,,,,20,,1939300,17554,,,1897400,17554,,,,,,
NE-HVAC-AirEcono-Adjust-ExSP63F,DEER2024,D24_E+_Com_v1,6/15/2026 10:46,Any,ECC,Ex,CZ07,cPVVG,Each,1,284000,None,34600,0.001,0.00103,34600,0.001,0.00103,,,,,,,,,20,,1930000,17338,,,1895400,17338,,,,,,
NE-HVAC-AirEcono-Adjust-ExSP63F,DEER2024,D24_E+_Com_v1,6/15/2026 10:46,Any,ECC,Ex,CZ08,cPVVG,Each,1,284000,None,31300,0.001,0.00546,31300,0.001,0.00546,,,,,,,,,20,,2083100,17321,,,2051800,17321,,,,,,
NE-HVAC-AirEcono-Adjust-ExSP63F,DEER2024,D24_E+_Com_v1,6/15/2026 10:46,Any,ECC,Ex,CZ09,cPVVG,Each,1,284000,None,29400,0,0.00136,29400,0,0.00136,,,,,,,,,20,,2093900,17826,,,2064600,17826,,,,,,
NE-HVAC-AirEcono-Adjust-ExSP63F,DEER2024,D24_E+_Com_v1,6/15/2026 10:46,Any,ECC,Ex,CZ10,cPVVG,Each,1,284000,None,26600,0,-0.00444,26600,0,-0.00444,,,,,,,,,20,,2128000,18050,,,2101400,18050,,,,,,
NE-HVAC-AirEcono-Adjust-ExSP63F,DEER2024,D24_E+_Com_v1,6/15/2026 10:46,Any,ECC,Ex,CZ11,cPVVG,Each,1,284000,None,21400,0.02,-0.00273,21400,0.02,-0.00273,,,,,,,,,20,,2137800,22214,,,2116400,22214,,,,,,
NE-HVAC-AirEcono-Adjust-ExSP63F,DEER2024,D24_E+_Com_v1,6/15/2026 10:46,Any,ECC,Ex,CZ12,cPVVG,Each,1,284000,None,23600,0.001,0.00376,23600,0.001,0.00376,,,,,,,,,20,,1976200,22745,,,1952600,22745,,,,,,
NE-HVAC-AirEcono-Adjust-ExSP63F,DEER2024,D24_E+_Com_v1,6/15/2026 10:46,Any,ECC,Ex,CZ13,cPVVG,Each,1,284000,None,23000,0,-0.0113,23000,0,-0.0113,,,,,,,,,20,,2177100,20419,,,2154100,20419,,,,,,
NE-HVAC-AirEcono-Adjust-ExSP63F,DEER2024,D24_E+_Com_v1,6/15/2026 10:46,Any,ECC,Ex,CZ14,cPVVG,Each,1,284000,None,21200,0,-0.00239,21200,0,-0.00239,,,,,,,,,20,,2175700,20881,,,2154500,20881,,,,,,
NE-HVAC-AirEcono-Adjust-ExSP63F,DEER2024,D24_E+_Com_v1,6/15/2026 10:46,Any,ECC,Ex,CZ15,cPVVG,Each,1,284000,None,19700,0,0.00102,19700,0,0.00102,,,,,,,,,20,,2601800,14275,,,2582100,14275,,,,,,
NE-HVAC-AirEcono-Adjust-ExSP63F,DEER2024,D24_E+_Com_v1,6/15/2026 10:46,Any,ECC,Ex,CZ16,cPVVG,Each,1,284000,None,25100,2.92,-0.0157,25100,2.92,-0.0157,,,,,,,,,20,,1873800,29500,,,1848800,29500,,,,,,
NE-HVAC-AirEcono-Adjust-ExSP63F,DEER2024,D24_E+_Com_v1,6/15/2026 10:46,Any,EPr,Ex,CZ01,cDXGF,Each,1,40700,None,768,0.744,-0.000682,768,0.744,-0.000682,,,,,,,,,20,,232790,6828.8,,,232020,6828.8,,,,,,
NE-HVAC-AirEcono-Adjust-ExSP63F,DEER2024,D24_E+_Com_v1,6/15/2026 10:46,Any,EPr,Ex,CZ02,cDXGF,Each,1,40700,None,2410,0.496,-0.00171,2410,0.496,-0.00171,,,,,,,,,20,,272820,5731.6,,,270400,5731.6,,,,,,
NE-HVAC-AirEcono-Adjust-ExSP63F,DEER2024,D24_E+_Com_v1,6/15/2026 10:46,Any,EPr,Ex,CZ03,cDXGF,Each,1,40700,None,3580,1.28,-0.000683,3580,1.28,-0.000683,,,,,,,,,20,,254980,5178.7,,,251390,5178.7,,,,,,
NE-HVAC-AirEcono-Adjust-ExSP63F,DEER2024,D24_E+_Com_v1,6/15/2026 10:46,Any,EPr,Ex,CZ04,cDXGF,Each,1,40700,None,2700,0,-0.00376,2700,0,-0.00376,,,,,,,,,20,,299440,5325,,,296730,5325,,,,,,
NE-HVAC-AirEcono-Adjust-ExSP63F,DEER2024,D24_E+_Com_v1,6/15/2026 10:46,Any,EPr,Ex,CZ05,cDXGF,Each,1,40700,None,3700,1.08,0.00205,3700,1.08,0.00205,,,,,,,,,20,,259220,5181.2,,,255510,5181.2,,,,,,
NE-HVAC-AirEcono-Adjust-ExSP63F,DEER2024,D24_E+_Com_v1,6/15/2026 10:46,Any,EPr,Ex,CZ06,cDXGF,Each,1,40700,None,5430,0.421,0.000683,5430,0.421,0.000683,,,,,,,,,20,,284620,4364.6,,,279190,4364.6,,,,,,
NE-HVAC-AirEcono-Adjust-ExSP63F,DEER2024,D24_E+_Com_v1,6/15/2026 10:46,Any,EPr,Ex,CZ07,cDXGF,Each,1,40700,None,4550,0,-0.000341,4550,0,-0.000341,,,,,,,,,20,,284770,4322.7,,,280220,4322.7,,,,,,
NE-HVAC-AirEcono-Adjust-ExSP63F,DEER2024,D24_E+_Com_v1,6/15/2026 10:46,Any,EPr,Ex,CZ08,cDXGF,Each,1,40700,None,4180,0,-0.000341,4180,0,-0.000341,,,,,,,,,20,,311130,4342.6,,,306950,4342.6,,,,,,
NE-HVAC-AirEcono-Adjust-ExSP63F,DEER2024,D24_E+_Com_v1,6/15/2026 10:46,Any,EPr,Ex,CZ09,cDXGF,Each,1,40700,None,3980,0,-0.000683,3980,0,-0.000683,,,,,,,,,20,,314090,4417.3,,,310110,4417.3,,,,,,
NE-HVAC-AirEcono-Adjust-ExSP63F,DEER2024,D24_E+_Com_v1,6/15/2026 10:46,Any,EPr,Ex,CZ10,cDXGF,Each,1,40700,None,3360,0,-0.00171,3360,0,-0.00171,,,,,,,,,20,,314570,4413.9,,,311210,4413.9,,,,,,
NE-HVAC-AirEcono-Adjust-ExSP63F,DEER2024,D24_E+_Com_v1,6/15/2026 10:46,Any,EPr,Ex,CZ11,cDXGF,Each,1,40700,None,3130,0,-0.00683,3130,0,-0.00683,,,,,,,,,20,,328730,5221.9,,,325610,5221.9,,,,,,
NE-HVAC-AirEcono-Adjust-ExSP63F,DEER2024,D24_E+_Com_v1,6/15/2026 10:46,Any,EPr,Ex,CZ12,cDXGF,Each,1,40700,None,3180,0,-0.00341,3180,0,-0.00341,,,,,,,,,20,,300060,5356.5,,,296880,5356.5,,,,,,
NE-HVAC-AirEcono-Adjust-ExSP63F,DEER2024,D24_E+_Com_v1,6/15/2026 10:46,Any,EPr,Ex,CZ13,cDXGF,Each,1,40700,None,3280,0,-0.00239,3280,0,-0.00239,,,,,,,,,20,,334160,4905,,,330880,4905,,,,,,
NE-HVAC-AirEcono-Adjust-ExSP63F,DEER2024,D24_E+_Com_v1,6/15/2026 10:46,Any,EPr,Ex,CZ14,cDXGF,Each,1,40700,None,3040,0,-0.00478,3040,0,-0.00478,,,,,,,,,20,,331080,5058.3,,,328040,5058.3,,,,,,
NE-HVAC-AirEcono-Adjust-ExSP63F,DEER2024,D24_E+_Com_v1,6/15/2026 10:46,Any,EPr,Ex,CZ15,cDXGF,Each,1,40700,None,2730,0,-0.00102,2730,0,-0.00102,,,,,,,,,20,,399150,3776.9,,,396420,3776.9,,,,,,
NE-HVAC-AirEcono-Adjust-ExSP63F,DEER2024,D24_E+_Com_v1,6/15/2026 10:46,Any,EPr,Ex,CZ16,cDXGF,Each,1,40700,None,3430,0.466,-0.000682,3430,0.466,-0.000682,,,,,,,,,20,,288220,6684.7,,,284800,6684.7,,,,,,
NE-HVAC-AirEcono-Adjust-ExSP63F,DEER2024,D24_E+_Com_v1,6/15/2026 10:46,Any,EPr,Ex,CZ01,cDXHP,Each,1,40700,None,698,0.753,0,698,0.753,0,,,,,,,,,20,,248500,4652,,,247800,4652,,,,,,
NE-HVAC-AirEcono-Adjust-ExSP63F,DEER2024,D24_E+_Com_v1,6/15/2026 10:46,Any,EPr,Ex,CZ02,cDXHP,Each,1,40700,None,2360,0.494,0,2360,0.494,0,,,,,,,,,20,,282720,4447.4,,,280350,4447.4,,,,,,
NE-HVAC-AirEcono-Adjust-ExSP63F,DEER2024,D24_E+_Com_v1,6/15/2026 10:46,Any,EPr,Ex,CZ03,cDXHP,Each,1,40700,None,3340,1.3,0,3340,1.3,0,,,,,,,,,20,,260030,4416.4,,,256680,4416.4,,,,,,
NE-HVAC-AirEcono-Adjust-ExSP63F,DEER2024,D24_E+_Com_v1,6/15/2026 10:46,Any,EPr,Ex,CZ04,cDXHP,Each,1,40700,None,2700,0,0,2700,0,0,,,,,,,,,20,,307990,4325.1,,,305300,4325.1,,,,,,
NE-HVAC-AirEcono-Adjust-ExSP63F,DEER2024,D24_E+_Com_v1,6/15/2026 10:46,Any,EPr,Ex,CZ05,cDXHP,Each,1,40700,None,3350,1.1,0,3350,1.1,0,,,,,,,,,20,,264290,4431.7,,,260940,4431.7,,,,,,
NE-HVAC-AirEcono-Adjust-ExSP63F,DEER2024,D24_E+_Com_v1,6/15/2026 10:46,Any,EPr,Ex,CZ06,cDXHP,Each,1,40700,None,5260,0.429,0,5260,0.429,0,,,,,,,,,20,,283860,4194.4,,,278600,4194.4,,,,,,
NE-HVAC-AirEcono-Adjust-ExSP63F,DEER2024,D24_E+_Com_v1,6/15/2026 10:46,Any,EPr,Ex,CZ07,cDXHP,Each,1,40700,None,4400,0,0,4400,0,0,,,,,,,,,20,,284350,4164.7,,,279940,4164.7,,,,,,
NE-HVAC-AirEcono-Adjust-ExSP63F,DEER2024,D24_E+_Com_v1,6/15/2026 10:46,Any,EPr,Ex,CZ08,cDXHP,Each,1,40700,None,4160,0,0,4160,0,0,,,,,,,,,20,,312340,4106.4,,,308170,4106.4,,,,,,
NE-HVAC-AirEcono-Adjust-ExSP63F,DEER2024,D24_E+_Com_v1,6/15/2026 10:46,Any,EPr,Ex,CZ09,cDXHP,Each,1,40700,None,3960,0,0,3960,0,0,,,,,,,,,20,,316020,4125.4,,,312060,4125.4,,,,,,
NE-HVAC-AirEcono-Adjust-ExSP63F,DEER2024,D24_E+_Com_v1,6/15/2026 10:46,Any,EPr,Ex,CZ10,cDXHP,Each,1,40700,None,3350,0,0,3350,0,0,,,,,,,,,20,,316930,4088.8,,,313570,4088.8,,,,,,
NE-HVAC-AirEcono-Adjust-ExSP63F,DEER2024,D24_E+_Com_v1,6/15/2026 10:46,Any,EPr,Ex,CZ11,cDXHP,Each,1,40700,None,3130,-0.001,0,3130,-0.001,0,,,,,,,,,20,,337270,4149.2,,,334140,4149.2,,,,,,
NE-HVAC-AirEcono-Adjust-ExSP63F,DEER2024,D24_E+_Com_v1,6/15/2026 10:46,Any,EPr,Ex,CZ12,cDXHP,Each,1,40700,None,3140,0,0,3140,0,0,,,,,,,,,20,,308280,4281.1,,,305140,4281.1,,,,,,
NE-HVAC-AirEcono-Adjust-ExSP63F,DEER2024,D24_E+_Com_v1,6/15/2026 10:46,Any,EPr,Ex,CZ13,cDXHP,Each,1,40700,None,3280,0,0,3280,0,0,,,,,,,,,20,,340560,4092.3,,,337270,4092.3,,,,,,
NE-HVAC-AirEcono-Adjust-ExSP63F,DEER2024,D24_E+_Com_v1,6/15/2026 10:46,Any,EPr,Ex,CZ14,cDXHP,Each,1,40700,None,3060,0,0,3060,0,0,,,,,,,,,20,,339290,4167.6,,,336240,4167.6,,,,,,
NE-HVAC-AirEcono-Adjust-ExSP63F,DEER2024,D24_E+_Com_v1,6/15/2026 10:46,Any,EPr,Ex,CZ15,cDXHP,Each,1,40700,None,2730,0,0,2730,0,0,,,,,,,,,20,,399940,3671.6,,,397200,3671.6,,,,,,
NE-HVAC-AirEcono-Adjust-ExSP63F,DEER2024,D24_E+_Com_v1,6/15/2026 10:46,Any,EPr,Ex,CZ16,cDXHP,Each,1,40700,None,3470,0.476,0,3470,0.476,0,,,,,,,,,20,,310320,4576.6,,,306850,4576.6,,,,,,
NE-HVAC-AirEcono-Adjust-ExSP63F,DEER2024,D24_E+_Com_v1,6/15/2026 10:46,Any,EPr,Ex,CZ01,cDXOH,Each,1,40700,None,751,0.717,0,751,0.717,0,,,,,,,,,20,,233500,4652,,,232750,4652,,,,,,
NE-HVAC-AirEcono-Adjust-ExSP63F,DEER2024,D24_E+_Com_v1,6/15/2026 10:46,Any,EPr,Ex,CZ02,cDXOH,Each,1,40700,None,2340,0.496,0,2340,0.496,0,,,,,,,,,20,,272560,4447.5,,,270220,4447.5,,,,,,
NE-HVAC-AirEcono-Adjust-ExSP63F,DEER2024,D24_E+_Com_v1,6/15/2026 10:46,Any,EPr,Ex,CZ03,cDXOH,Each,1,40700,None,3570,1.28,0,3570,1.28,0,,,,,,,,,20,,254810,4416.4,,,251240,4416.4,,,,,,
NE-HVAC-AirEcono-Adjust-ExSP63F,DEER2024,D24_E+_Com_v1,6/15/2026 10:46,Any,EPr,Ex,CZ04,cDXOH,Each,1,40700,None,2630,0,0,2630,0,0,,,,,,,,,20,,298950,4325.1,,,296320,4325.1,,,,,,
NE-HVAC-AirEcono-Adjust-ExSP63F,DEER2024,D24_E+_Com_v1,6/15/2026 10:46,Any,EPr,Ex,CZ05,cDXOH,Each,1,40700,None,3660,1.07,0,3660,1.07,0,,,,,,,,,20,,258670,4431.7,,,255010,4431.7,,,,,,
NE-HVAC-AirEcono-Adjust-ExSP63F,DEER2024,D24_E+_Com_v1,6/15/2026 10:46,Any,EPr,Ex,CZ06,cDXOH,Each,1,40700,None,5410,0.421,0,5410,0.421,0,,,,,,,,,20,,284470,4194.4,,,279060,4194.4,,,,,,
NE-HVAC-AirEcono-Adjust-ExSP63F,DEER2024,D24_E+_Com_v1,6/15/2026 10:46,Any,EPr,Ex,CZ07,cDXOH,Each,1,40700,None,4540,0,0,4540,0,0,,,,,,,,,20,,284640,4164.7,,,280100,4164.7,,,,,,
NE-HVAC-AirEcono-Adjust-ExSP63F,DEER2024,D24_E+_Com_v1,6/15/2026 10:46,Any,EPr,Ex,CZ08,cDXOH,Each,1,40700,None,4160,0,0,4160,0,0,,,,,,,,,20,,310860,4106.4,,,306700,4106.4,,,,,,
NE-HVAC-AirEcono-Adjust-ExSP63F,DEER2024,D24_E+_Com_v1,6/15/2026 10:46,Any,EPr,Ex,CZ09,cDXOH,Each,1,40700,None,3950,0,0,3950,0,0,,,,,,,,,20,,313780,4125.4,,,309820,4125.4,,,,,,
NE-HVAC-AirEcono-Adjust-ExSP63F,DEER2024,D24_E+_Com_v1,6/15/2026 10:46,Any,EPr,Ex,CZ10,cDXOH,Each,1,40700,None,3340,0,0,3340,0,0,,,,,,,,,20,,314240,4088.8,,,310900,4088.8,,,,,,
NE-HVAC-AirEcono-Adjust-ExSP63F,DEER2024,D24_E+_Com_v1,6/15/2026 10:46,Any,EPr,Ex,CZ11,cDXOH,Each,1,40700,None,3070,0,0,3070,0,0,,,,,,,,,20,,328910,4149.2,,,325850,4149.2,,,,,,
NE-HVAC-AirEcono-Adjust-ExSP63F,DEER2024,D24_E+_Com_v1,6/15/2026 10:46,Any,EPr,Ex,CZ12,cDXOH,Each,1,40700,None,3140,0,0,3140,0,0,,,,,,,,,20,,300140,4281.1,,,297010,4281.1,,,,,,
NE-HVAC-AirEcono-Adjust-ExSP63F,DEER2024,D24_E+_Com_v1,6/15/2026 10:46,Any,EPr,Ex,CZ13,cDXOH,Each,1,40700,None,3250,0,0,3250,0,0,,,,,,,,,20,,334260,4092.3,,,331020,4092.3,,,,,,
NE-HVAC-AirEcono-Adjust-ExSP63F,DEER2024,D24_E+_Com_v1,6/15/2026 10:46,Any,EPr,Ex,CZ14,cDXOH,Each,1,40700,None,2960,0,0,2960,0,0,,,,,,,,,20,,330870,4167.6,,,327910,4167.6,,,,,,
NE-HVAC-AirEcono-Adjust-ExSP63F,DEER2024,D24_E+_Com_v1,6/15/2026 10:46,Any,EPr,Ex,CZ15,cDXOH,Each,1,40700,None,2720,0,0,2720,0,0,,,,,,,,,20,,399020,3671.6,,,396300,3671.6,,,,,,
NE-HVAC-AirEcono-Adjust-ExSP63F,DEER2024,D24_E+_Com_v1,6/15/2026 10:46,Any,EPr,Ex,CZ16,cDXOH,Each,1,40700,None,3400,0.466,0,3400,0.466,0,,,,,,,,,20,,291490,4576.7,,,288090,4576.7,,,,,,
NE-HVAC-AirEcono-Adjust-ExSP63F,DEER2024,D24_E+_Com_v1,6/15/2026 10:46,Any,EPr,Ex,CZ01,cPVVG,Each,1,40700,None,236,0.185,0.000342,236,0.185,0.000342,,,,,,,,,20,,193050,7125.9,,,192820,7125.9,,,,,,
NE-HVAC-AirEcono-Adjust-ExSP63F,DEER2024,D24_E+_Com_v1,6/15/2026 10:46,Any,EPr,Ex,CZ02,cPVVG,Each,1,40700,None,907,0.177,0.00102,907,0.177,0.00102,,,,,,,,,20,,228880,6177.9,,,227970,6177.9,,,,,,
NE-HVAC-AirEcono-Adjust-ExSP63F,DEER2024,D24_E+_Com_v1,6/15/2026 10:46,Any,EPr,Ex,CZ03,cPVVG,Each,1,40700,None,1410,0.423,0.000682,1410,0.423,0.000682,,,,,,,,,20,,213880,5388.1,,,212470,5388.1,,,,,,
NE-HVAC-AirEcono-Adjust-ExSP63F,DEER2024,D24_E+_Com_v1,6/15/2026 10:46,Any,EPr,Ex,CZ04,cPVVG,Each,1,40700,None,1120,0,-0.000683,1120,0,-0.000683,,,,,,,,,20,,254210,5773.4,,,253090,5773.4,,,,,,
NE-HVAC-AirEcono-Adjust-ExSP63F,DEER2024,D24_E+_Com_v1,6/15/2026 10:46,Any,EPr,Ex,CZ05,cPVVG,Each,1,40700,None,1540,0.382,0.0058,1540,0.382,0.0058,,,,,,,,,20,,217540,5409.6,,,216000,5409.6,,,,,,
NE-HVAC-AirEcono-Adjust-ExSP63F,DEER2024,D24_E+_Com_v1,6/15/2026 10:46,Any,EPr,Ex,CZ06,cPVVG,Each,1,40700,None,2260,0.163,0.00137,2260,0.163,0.00137,,,,,,,,,20,,244110,4471.4,,,241850,4471.4,,,,,,
NE-HVAC-AirEcono-Adjust-ExSP63F,DEER2024,D24_E+_Com_v1,6/15/2026 10:46,Any,EPr,Ex,CZ07,cPVVG,Each,1,40700,None,1700,0,0,1700,0,0,,,,,,,,,20,,242930,4429,,,241230,4429,,,,,,
NE-HVAC-AirEcono-Adjust-ExSP63F,DEER2024,D24_E+_Com_v1,6/15/2026 10:46,Any,EPr,Ex,CZ08,cPVVG,Each,1,40700,None,1740,0,0.00171,1740,0,0.00171,,,,,,,,,20,,267580,4482.6,,,265840,4482.6,,,,,,
NE-HVAC-AirEcono-Adjust-ExSP63F,DEER2024,D24_E+_Com_v1,6/15/2026 10:46,Any,EPr,Ex,CZ09,cPVVG,Each,1,40700,None,1750,0,-0.00137,1750,0,-0.00137,,,,,,,,,20,,268280,4596.9,,,266530,4596.9,,,,,,
NE-HVAC-AirEcono-Adjust-ExSP63F,DEER2024,D24_E+_Com_v1,6/15/2026 10:46,Any,EPr,Ex,CZ10,cPVVG,Each,1,40700,None,1350,0,-0.000341,1350,0,-0.000341,,,,,,,,,20,,271520,4593.4,,,270170,4593.4,,,,,,
NE-HVAC-AirEcono-Adjust-ExSP63F,DEER2024,D24_E+_Com_v1,6/15/2026 10:46,Any,EPr,Ex,CZ11,cPVVG,Each,1,40700,None,1470,0,-0.00273,1470,0,-0.00273,,,,,,,,,20,,279670,5731.9,,,278200,5731.9,,,,,,
NE-HVAC-AirEcono-Adjust-ExSP63F,DEER2024,D24_E+_Com_v1,6/15/2026 10:46,Any,EPr,Ex,CZ12,cPVVG,Each,1,40700,None,1350,0,-0.000683,1350,0,-0.000683,,,,,,,,,20,,254100,5828.7,,,252740,5828.7,,,,,,
NE-HVAC-AirEcono-Adjust-ExSP63F,DEER2024,D24_E+_Com_v1,6/15/2026 10:46,Any,EPr,Ex,CZ13,cPVVG,Each,1,40700,None,1510,0,-0.000682,1510,0,-0.000682,,,,,,,,,20,,284990,5345.1,,,283470,5345.1,,,,,,
NE-HVAC-AirEcono-Adjust-ExSP63F,DEER2024,D24_E+_Com_v1,6/15/2026 10:46,Any,EPr,Ex,CZ14,cPVVG,Each,1,40700,None,1480,0,-0.00273,1480,0,-0.00273,,,,,,,,,20,,282810,5491.2,,,281330,5491.2,,,,,,
NE-HVAC-AirEcono-Adjust-ExSP63F,DEER2024,D24_E+_Com_v1,6/15/2026 10:46,Any,EPr,Ex,CZ15,cPVVG,Each,1,40700,None,1210,0,-0.000342,1210,0,-0.000342,,,,,,,,,20,,351130,3862.1,,,349920,3862.1,,,,,,
NE-HVAC-AirEcono-Adjust-ExSP63F,DEER2024,D24_E+_Com_v1,6/15/2026 10:46,Any,EPr,Ex,CZ16,cPVVG,Each,1,40700,None,2140,0.347,-0.00102,2140,0.347,-0.00102,,,,,,,,,20,,233990,7595.3,,,231850,7595.3,,,,,,
NE-HVAC-AirEcono-Adjust-ExSP63F,DEER2024,D24_E+_Com_v1,6/15/2026 10:46,Any,ERC,Ex,CZ01,cDXGF,Each,1,2880,None,42.4,0.027,0,42.4,0.027,0,,,,,,,,,20,,7869.4,493.05,,,7827,493.05,,,,,,
NE-HVAC-AirEcono-Adjust-ExSP63F,DEER2024,D24_E+_Com_v1,6/15/2026 10:46,Any,ERC,Ex,CZ02,cDXGF,Each,1,2880,None,155,0.037,-0.000683,155,0.037,-0.000683,,,,,,,,,20,,9752.1,410.45,,,9597.3,410.45,,,,,,
NE-HVAC-AirEcono-Adjust-ExSP63F,DEER2024,D24_E+_Com_v1,6/15/2026 10:46,Any,ERC,Ex,CZ03,cDXGF,Each,1,2880,None,216,0.077,0,216,0.077,0,,,,,,,,,20,,8590.4,379.12,,,8374.8,379.12,,,,,,
NE-HVAC-AirEcono-Adjust-ExSP63F,DEER2024,D24_E+_Com_v1,6/15/2026 10:46,Any,ERC,Ex,CZ04,cDXGF,Each,1,2880,None,180,0,-0.000683,180,0,-0.000683,,,,,,,,,20,,11186,383.61,,,11006,383.61,,,,,,
NE-HVAC-AirEcono-Adjust-ExSP63F,DEER2024,D24_E+_Com_v1,6/15/2026 10:46,Any,ERC,Ex,CZ05,cDXGF,Each,1,2880,None,219,0.074,-0.000683,219,0.074,-0.000683,,,,,,,,,20,,8737.3,376.84,,,8518.1,376.84,,,,,,
NE-HVAC-AirEcono-Adjust-ExSP63F,DEER2024,D24_E+_Com_v1,6/15/2026 10:46,Any,ERC,Ex,CZ06,cDXGF,Each,1,2880,None,343,0.033,0,343,0.033,0,,,,,,,,,20,,9726.6,324.74,,,9384,324.74,,,,,,
NE-HVAC-AirEcono-Adjust-ExSP63F,DEER2024,D24_E+_Com_v1,6/15/2026 10:46,Any,ERC,Ex,CZ07,cDXGF,Each,1,2880,None,280,0,-0.000341,280,0,-0.000341,,,,,,,,,20,,9719.8,322.35,,,9439.8,322.35,,,,,,
NE-HVAC-AirEcono-Adjust-ExSP63F,DEER2024,D24_E+_Com_v1,6/15/2026 10:46,Any,ERC,Ex,CZ08,cDXGF,Each,1,2880,None,273,0,-0.000341,273,0,-0.000341,,,,,,,,,20,,11285,323.87,,,11012,323.87,,,,,,
NE-HVAC-AirEcono-Adjust-ExSP63F,DEER2024,D24_E+_Com_v1,6/15/2026 10:46,Any,ERC,Ex,CZ09,cDXGF,Each,1,2880,None,259,0,-0.000683,259,0,-0.000683,,,,,,,,,20,,11558,328.42,,,11299,328.42,,,,,,
NE-HVAC-AirEcono-Adjust-ExSP63F,DEER2024,D24_E+_Com_v1,6/15/2026 10:46,Any,ERC,Ex,CZ10,cDXGF,Each,1,2880,None,224,0,-0.000341,224,0,-0.000341,,,,,,,,,20,,11587,328.82,,,11363,328.82,,,,,,
NE-HVAC-AirEcono-Adjust-ExSP63F,DEER2024,D24_E+_Com_v1,6/15/2026 10:46,Any,ERC,Ex,CZ11,cDXGF,Each,1,2880,None,196,0,-0.000683,196,0,-0.000683,,,,,,,,,20,,12916,383.17,,,12720,383.17,,,,,,
NE-HVAC-AirEcono-Adjust-ExSP63F,DEER2024,D24_E+_Com_v1,6/15/2026 10:46,Any,ERC,Ex,CZ12,cDXGF,Each,1,2880,None,208,0,-0.000683,208,0,-0.000683,,,,,,,,,20,,11216,389.53,,,11008,389.53,,,,,,
NE-HVAC-AirEcono-Adjust-ExSP63F,DEER2024,D24_E+_Com_v1,6/15/2026 10:46,Any,ERC,Ex,CZ13,cDXGF,Each,1,2880,None,220,0,-0.000341,220,0,-0.000341,,,,,,,,,20,,13261,361.7,,,13041,361.7,,,,,,
NE-HVAC-AirEcono-Adjust-ExSP63F,DEER2024,D24_E+_Com_v1,6/15/2026 10:46,Any,ERC,Ex,CZ14,cDXGF,Each,1,2880,None,197,0,-0.000683,197,0,-0.000683,,,,,,,,,20,,13031,368.93,,,12834,368.93,,,,,,
NE-HVAC-AirEcono-Adjust-ExSP63F,DEER2024,D24_E+_Com_v1,6/15/2026 10:46,Any,ERC,Ex,CZ15,cDXGF,Each,1,2880,None,178,0,0,178,0,0,,,,,,,,,20,,16551,297.94,,,16373,297.94,,,,,,
NE-HVAC-AirEcono-Adjust-ExSP63F,DEER2024,D24_E+_Com_v1,6/15/2026 10:46,Any,ERC,Ex,CZ16,cDXGF,Each,1,2880,None,194,0.028,0,194,0.028,0,,,,,,,,,20,,10886,470.4,,,10692,470.4,,,,,,
NE-HVAC-AirEcono-Adjust-ExSP63F,DEER2024,D24_E+_Com_v1,6/15/2026 10:46,Any,ERC,Ex,CZ01,cDXHP,Each,1,2880,None,39.9,0.026,0,39.9,0.026,0,,,,,,,,,20,,9066.4,326.8,,,9026.5,326.8,,,,,,
NE-HVAC-AirEcono-Adjust-ExSP63F,DEER2024,D24_E+_Com_v1,6/15/2026 10:46,Any,ERC,Ex,CZ02,cDXHP,Each,1,2880,None,155,0.038,0,155,0.038,0,,,,,,,,,20,,10457,319.38,,,10302,319.38,,,,,,
NE-HVAC-AirEcono-Adjust-ExSP63F,DEER2024,D24_E+_Com_v1,6/15/2026 10:46,Any,ERC,Ex,CZ03,cDXHP,Each,1,2880,None,210,0.078,0,210,0.078,0,,,,,,,,,20,,9016.2,318.26,,,8806.4,318.26,,,,,,
NE-HVAC-AirEcono-Adjust-ExSP63F,DEER2024,D24_E+_Com_v1,6/15/2026 10:46,Any,ERC,Ex,CZ04,cDXHP,Each,1,2880,None,181,0,0,181,0,0,,,,,,,,,20,,11760,314.95,,,11579,314.95,,,,,,
NE-HVAC-AirEcono-Adjust-ExSP63F,DEER2024,D24_E+_Com_v1,6/15/2026 10:46,Any,ERC,Ex,CZ05,cDXHP,Each,1,2880,None,213,0.075,0,213,0.075,0,,,,,,,,,20,,9153.9,318.82,,,8941.1,318.82,,,,,,
NE-HVAC-AirEcono-Adjust-ExSP63F,DEER2024,D24_E+_Com_v1,6/15/2026 10:46,Any,ERC,Ex,CZ06,cDXHP,Each,1,2880,None,332,0.033,0,332,0.033,0,,,,,,,,,20,,9757.4,310.22,,,9425.6,310.22,,,,,,
NE-HVAC-AirEcono-Adjust-ExSP63F,DEER2024,D24_E+_Com_v1,6/15/2026 10:46,Any,ERC,Ex,CZ07,cDXHP,Each,1,2880,None,273,0,0,273,0,0,,,,,,,,,20,,9758.3,309.14,,,9485,309.14,,,,,,
NE-HVAC-AirEcono-Adjust-ExSP63F,DEER2024,D24_E+_Com_v1,6/15/2026 10:46,Any,ERC,Ex,CZ08,cDXHP,Each,1,2880,None,272,0,0,272,0,0,,,,,,,,,20,,11382,307.02,,,11110,307.02,,,,,,
NE-HVAC-AirEcono-Adjust-ExSP63F,DEER2024,D24_E+_Com_v1,6/15/2026 10:46,Any,ERC,Ex,CZ09,cDXHP,Each,1,2880,None,257,0,0,257,0,0,,,,,,,,,20,,11698,307.71,,,11441,307.71,,,,,,
NE-HVAC-AirEcono-Adjust-ExSP63F,DEER2024,D24_E+_Com_v1,6/15/2026 10:46,Any,ERC,Ex,CZ10,cDXHP,Each,1,2880,None,223,0,0,223,0,0,,,,,,,,,20,,11747,306.38,,,11524,306.38,,,,,,
NE-HVAC-AirEcono-Adjust-ExSP63F,DEER2024,D24_E+_Com_v1,6/15/2026 10:46,Any,ERC,Ex,CZ11,cDXHP,Each,1,2880,None,197,0,0,197,0,0,,,,,,,,,20,,13498,308.56,,,13302,308.56,,,,,,
NE-HVAC-AirEcono-Adjust-ExSP63F,DEER2024,D24_E+_Com_v1,6/15/2026 10:46,Any,ERC,Ex,CZ12,cDXHP,Each,1,2880,None,206,0,0,206,0,0,,,,,,,,,20,,11795,313.35,,,11589,313.35,,,,,,
NE-HVAC-AirEcono-Adjust-ExSP63F,DEER2024,D24_E+_Com_v1,6/15/2026 10:46,Any,ERC,Ex,CZ13,cDXHP,Each,1,2880,None,220,0,0,220,0,0,,,,,,,,,20,,13683,306.49,,,13463,306.49,,,,,,
NE-HVAC-AirEcono-Adjust-ExSP63F,DEER2024,D24_E+_Com_v1,6/15/2026 10:46,Any,ERC,Ex,CZ14,cDXHP,Each,1,2880,None,198,0,0,198,0,0,,,,,,,,,20,,13556,309.22,,,13358,309.22,,,,,,
NE-HVAC-AirEcono-Adjust-ExSP63F,DEER2024,D24_E+_Com_v1,6/15/2026 10:46,Any,ERC,Ex,CZ15,cDXHP,Each,1,2880,None,178,0,0,178,0,0,,,,,,,,,20,,16599,291.23,,,16421,291.23,,,,,,
NE-HVAC-AirEcono-Adjust-ExSP63F,DEER2024,D24_E+_Com_v1,6/15/2026 10:46,Any,ERC,Ex,CZ16,cDXHP,Each,1,2880,None,197,0.028,0,197,0.028,0,,,,,,,,,20,,12367,324.06,,,12171,324.06,,,,,,
NE-HVAC-AirEcono-Adjust-ExSP63F,DEER2024,D24_E+_Com_v1,6/15/2026 10:46,Any,ERC,Ex,CZ01,cDXOH,Each,1,2880,None,40,0.021,0,40,0.021,0,,,,,,,,,20,,8176.8,326.8,,,8136.8,326.8,,,,,,
NE-HVAC-AirEcono-Adjust-ExSP63F,DEER2024,D24_E+_Com_v1,6/15/2026 10:46,Any,ERC,Ex,CZ02,cDXOH,Each,1,2880,None,146,0.037,0,146,0.037,0,,,,,,,,,20,,9893.7,319.38,,,9747.8,319.38,,,,,,
NE-HVAC-AirEcono-Adjust-ExSP63F,DEER2024,D24_E+_Com_v1,6/15/2026 10:46,Any,ERC,Ex,CZ03,cDXOH,Each,1,2880,None,213,0.077,0,213,0.077,0,,,,,,,,,20,,8662.2,318.26,,,8449,318.26,,,,,,
NE-HVAC-AirEcono-Adjust-ExSP63F,DEER2024,D24_E+_Com_v1,6/15/2026 10:46,Any,ERC,Ex,CZ04,cDXOH,Each,1,2880,None,171,0,0,171,0,0,,,,,,,,,20,,11271,314.94,,,11100,314.94,,,,,,
NE-HVAC-AirEcono-Adjust-ExSP63F,DEER2024,D24_E+_Com_v1,6/15/2026 10:46,Any,ERC,Ex,CZ05,cDXOH,Each,1,2880,None,213,0.073,0,213,0.073,0,,,,,,,,,20,,8750.2,318.82,,,8537.7,318.82,,,,,,
NE-HVAC-AirEcono-Adjust-ExSP63F,DEER2024,D24_E+_Com_v1,6/15/2026 10:46,Any,ERC,Ex,CZ06,cDXOH,Each,1,2880,None,341,0.033,0,341,0.033,0,,,,,,,,,20,,9722.5,310.22,,,9381.3,310.22,,,,,,
NE-HVAC-AirEcono-Adjust-ExSP63F,DEER2024,D24_E+_Com_v1,6/15/2026 10:46,Any,ERC,Ex,CZ07,cDXOH,Each,1,2880,None,279,0,0,279,0,0,,,,,,,,,20,,9715,309.14,,,9436.3,309.14,,,,,,
NE-HVAC-AirEcono-Adjust-ExSP63F,DEER2024,D24_E+_Com_v1,6/15/2026 10:46,Any,ERC,Ex,CZ08,cDXOH,Each,1,2880,None,270,0,0,270,0,0,,,,,,,,,20,,11278,307.02,,,11008,307.02,,,,,,
NE-HVAC-AirEcono-Adjust-ExSP63F,DEER2024,D24_E+_Com_v1,6/15/2026 10:46,Any,ERC,Ex,CZ09,cDXOH,Each,1,2880,None,256,0,0,256,0,0,,,,,,,,,20,,11560,307.71,,,11304,307.71,,,,,,
NE-HVAC-AirEcono-Adjust-ExSP63F,DEER2024,D24_E+_Com_v1,6/15/2026 10:46,Any,ERC,Ex,CZ10,cDXOH,Each,1,2880,None,221,0,0,221,0,0,,,,,,,,,20,,11580,306.38,,,11359,306.38,,,,,,
NE-HVAC-AirEcono-Adjust-ExSP63F,DEER2024,D24_E+_Com_v1,6/15/2026 10:46,Any,ERC,Ex,CZ11,cDXOH,Each,1,2880,None,189,0,0,189,0,0,,,,,,,,,20,,13078,308.56,,,12889,308.56,,,,,,
NE-HVAC-AirEcono-Adjust-ExSP63F,DEER2024,D24_E+_Com_v1,6/15/2026 10:46,Any,ERC,Ex,CZ12,cDXOH,Each,1,2880,None,202,0,0,202,0,0,,,,,,,,,20,,11390,313.35,,,11188,313.35,,,,,,
NE-HVAC-AirEcono-Adjust-ExSP63F,DEER2024,D24_E+_Com_v1,6/15/2026 10:46,Any,ERC,Ex,CZ13,cDXOH,Each,1,2880,None,216,0,0,216,0,0,,,,,,,,,20,,13385,306.49,,,13170,306.49,,,,,,
NE-HVAC-AirEcono-Adjust-ExSP63F,DEER2024,D24_E+_Com_v1,6/15/2026 10:46,Any,ERC,Ex,CZ14,cDXOH,Each,1,2880,None,187,0,0,187,0,0,,,,,,,,,20,,13154,309.22,,,12967,309.22,,,,,,
NE-HVAC-AirEcono-Adjust-ExSP63F,DEER2024,D24_E+_Com_v1,6/15/2026 10:46,Any,ERC,Ex,CZ15,cDXOH,Each,1,2880,None,176,0,0,176,0,0,,,,,,,,,20,,16547,291.23,,,16370,291.23,,,,,,
NE-HVAC-AirEcono-Adjust-ExSP63F,DEER2024,D24_E+_Com_v1,6/15/2026 10:46,Any,ERC,Ex,CZ16,cDXOH,Each,1,2880,None,193,0.028,0,193,0.028,0,,,,,,,,,20,,11204,324.06,,,11011,324.06,,,,,,
NE-HVAC-AirEcono-Adjust-ExSP63F,DEER2024,D24_E+_Com_v1,6/15/2026 10:46,Any,ERC,Ex,CZ01,cPVVG,Each,1,2880,None,16.2,0.005,0,16.2,0.005,0,,,,,,,,,20,,5867.1,546.55,,,5850.9,546.55,,,,,,
NE-HVAC-AirEcono-Adjust-ExSP63F,DEER2024,D24_E+_Com_v1,6/15/2026 10:46,Any,ERC,Ex,CZ02,cPVVG,Each,1,2880,None,82.1,0.023,-0.00102,82.1,0.023,-0.00102,,,,,,,,,20,,7214.9,454.84,,,7132.8,454.84,,,,,,
NE-HVAC-AirEcono-Adjust-ExSP63F,DEER2024,D24_E+_Com_v1,6/15/2026 10:46,Any,ERC,Ex,CZ03,cPVVG,Each,1,2880,None,110,0.035,-0.000341,110,0.035,-0.000341,,,,,,,,,20,,6375.7,412.51,,,6266.2,412.51,,,,,,
NE-HVAC-AirEcono-Adjust-ExSP63F,DEER2024,D24_E+_Com_v1,6/15/2026 10:46,Any,ERC,Ex,CZ04,cPVVG,Each,1,2880,None,103,0,-0.00102,103,0,-0.00102,,,,,,,,,20,,8416.5,422.61,,,8313.6,422.61,,,,,,
NE-HVAC-AirEcono-Adjust-ExSP63F,DEER2024,D24_E+_Com_v1,6/15/2026 10:46,Any,ERC,Ex,CZ05,cPVVG,Each,1,2880,None,117,0.038,0.000683,117,0.038,0.000683,,,,,,,,,20,,6511.9,408.42,,,6395.4,408.42,,,,,,
NE-HVAC-AirEcono-Adjust-ExSP63F,DEER2024,D24_E+_Com_v1,6/15/2026 10:46,Any,ERC,Ex,CZ06,cPVVG,Each,1,2880,None,195,0.02,0,195,0.02,0,,,,,,,,,20,,7479.7,337.29,,,7284.4,337.29,,,,,,
NE-HVAC-AirEcono-Adjust-ExSP63F,DEER2024,D24_E+_Com_v1,6/15/2026 10:46,Any,ERC,Ex,CZ07,cPVVG,Each,1,2880,None,149,0,0,149,0,0,,,,,,,,,20,,7431.6,333.76,,,7283,333.76,,,,,,
NE-HVAC-AirEcono-Adjust-ExSP63F,DEER2024,D24_E+_Com_v1,6/15/2026 10:46,Any,ERC,Ex,CZ08,cPVVG,Each,1,2880,None,155,0,-0.000341,155,0,-0.000341,,,,,,,,,20,,8732.1,336.92,,,8577.2,336.92,,,,,,
NE-HVAC-AirEcono-Adjust-ExSP63F,DEER2024,D24_E+_Com_v1,6/15/2026 10:46,Any,ERC,Ex,CZ09,cPVVG,Each,1,2880,None,150,0,-0.000341,150,0,-0.000341,,,,,,,,,20,,8851.7,344.78,,,8701.3,344.78,,,,,,
NE-HVAC-AirEcono-Adjust-ExSP63F,DEER2024,D24_E+_Com_v1,6/15/2026 10:46,Any,ERC,Ex,CZ10,cPVVG,Each,1,2880,None,126,0,-0.000683,126,0,-0.000683,,,,,,,,,20,,9026.5,344.62,,,8900.6,344.62,,,,,,
NE-HVAC-AirEcono-Adjust-ExSP63F,DEER2024,D24_E+_Com_v1,6/15/2026 10:46,Any,ERC,Ex,CZ11,cPVVG,Each,1,2880,None,116,0,-0.000683,116,0,-0.000683,,,,,,,,,20,,9803.1,425.13,,,9686.9,425.13,,,,,,
NE-HVAC-AirEcono-Adjust-ExSP63F,DEER2024,D24_E+_Com_v1,6/15/2026 10:46,Any,ERC,Ex,CZ12,cPVVG,Each,1,2880,None,119,0,-0.000683,119,0,-0.000683,,,,,,,,,20,,8418.9,430.85,,,8300.1,430.85,,,,,,
NE-HVAC-AirEcono-Adjust-ExSP63F,DEER2024,D24_E+_Com_v1,6/15/2026 10:46,Any,ERC,Ex,CZ13,cPVVG,Each,1,2880,None,133,0,-0.000683,133,0,-0.000683,,,,,,,,,20,,10083,399.88,,,9950.1,399.88,,,,,,
NE-HVAC-AirEcono-Adjust-ExSP63F,DEER2024,D24_E+_Com_v1,6/15/2026 10:46,Any,ERC,Ex,CZ14,cPVVG,Each,1,2880,None,120,0,-0.00137,120,0,-0.00137,,,,,,,,,20,,9947.5,404.95,,,9827.9,404.95,,,,,,
NE-HVAC-AirEcono-Adjust-ExSP63F,DEER2024,D24_E+_Com_v1,6/15/2026 10:46,Any,ERC,Ex,CZ15,cPVVG,Each,1,2880,None,100,0,-0.000341,100,0,-0.000341,,,,,,,,,20,,13207,305.05,,,13107,305.06,,,,,,
NE-HVAC-AirEcono-Adjust-ExSP63F,DEER2024,D24_E+_Com_v1,6/15/2026 10:46,Any,ERC,Ex,CZ16,cPVVG,Each,1,2880,None,137,0.023,-0.000341,137,0.023,-0.000341,,,,,,,,,20,,7728.7,534.58,,,7591.5,534.58,,,,,,
NE-HVAC-AirEcono-Adjust-ExSP63F,DEER2024,D24_E+_Com_v1,6/15/2026 10:46,Any,ESe,Ex,CZ01,cDXGF,Each,1,74400,None,1490,1.44,0.00136,1490,1.44,0.00136,,,,,,,,,20,,696320,20167,,,694820,20167,,,,,,
NE-HVAC-AirEcono-Adjust-ExSP63F,DEER2024,D24_E+_Com_v1,6/15/2026 10:46,Any,ESe,Ex,CZ02,cDXGF,Each,1,74400,None,4660,0.81,-0.00102,4660,0.81,-0.00102,,,,,,,,,20,,813520,17126,,,808860,17126,,,,,,
NE-HVAC-AirEcono-Adjust-ExSP63F,DEER2024,D24_E+_Com_v1,6/15/2026 10:46,Any,ESe,Ex,CZ03,cDXGF,Each,1,74400,None,7100,2.24,0.00034,7100,2.24,0.00034,,,,,,,,,20,,755490,14595,,,748390,14595,,,,,,
NE-HVAC-AirEcono-Adjust-ExSP63F,DEER2024,D24_E+_Com_v1,6/15/2026 10:46,Any,ESe,Ex,CZ04,cDXGF,Each,1,74400,None,4770,0,-0.00444,4770,0,-0.00444,,,,,,,,,20,,886560,15486,,,881790,15486,,,,,,
NE-HVAC-AirEcono-Adjust-ExSP63F,DEER2024,D24_E+_Com_v1,6/15/2026 10:46,Any,ESe,Ex,CZ05,cDXGF,Each,1,74400,None,7540,1.92,0.00273,7540,1.92,0.00273,,,,,,,,,20,,771060,14558,,,763520,14558,,,,,,
NE-HVAC-AirEcono-Adjust-ExSP63F,DEER2024,D24_E+_Com_v1,6/15/2026 10:46,Any,ESe,Ex,CZ06,cDXGF,Each,1,74400,None,9220,0.698,0,9220,0.698,0,,,,,,,,,20,,813710,10974,,,804490,10974,,,,,,
NE-HVAC-AirEcono-Adjust-ExSP63F,DEER2024,D24_E+_Com_v1,6/15/2026 10:46,Any,ESe,Ex,CZ07,cDXGF,Each,1,74400,None,7800,0,0,7800,0,0,,,,,,,,,20,,815400,10747,,,807590,10747,,,,,,
NE-HVAC-AirEcono-Adjust-ExSP63F,DEER2024,D24_E+_Com_v1,6/15/2026 10:46,Any,ESe,Ex,CZ08,cDXGF,Each,1,74400,None,7260,0,-0.00034,7260,0,-0.00034,,,,,,,,,20,,891080,10932,,,883820,10932,,,,,,
NE-HVAC-AirEcono-Adjust-ExSP63F,DEER2024,D24_E+_Com_v1,6/15/2026 10:46,Any,ESe,Ex,CZ09,cDXGF,Each,1,74400,None,6720,0,-0.00069,6720,0,-0.00069,,,,,,,,,20,,905190,11390,,,898470,11390,,,,,,
NE-HVAC-AirEcono-Adjust-ExSP63F,DEER2024,D24_E+_Com_v1,6/15/2026 10:46,Any,ESe,Ex,CZ10,cDXGF,Each,1,74400,None,6060,0,-0.0017,6060,0,-0.0017,,,,,,,,,20,,933000,11531,,,926940,11531,,,,,,
NE-HVAC-AirEcono-Adjust-ExSP63F,DEER2024,D24_E+_Com_v1,6/15/2026 10:46,Any,ESe,Ex,CZ11,cDXGF,Each,1,74400,None,4960,-0.003,-0.00307,4960,-0.003,-0.00307,,,,,,,,,20,,951670,15033,,,946700,15033,,,,,,
NE-HVAC-AirEcono-Adjust-ExSP63F,DEER2024,D24_E+_Com_v1,6/15/2026 10:46,Any,ESe,Ex,CZ12,cDXGF,Each,1,74400,None,5430,0,-0.00171,5430,0,-0.00171,,,,,,,,,20,,872820,15473,,,867390,15473,,,,,,
NE-HVAC-AirEcono-Adjust-ExSP63F,DEER2024,D24_E+_Com_v1,6/15/2026 10:46,Any,ESe,Ex,CZ13,cDXGF,Each,1,74400,None,5180,0,-0.00239,5180,0,-0.00239,,,,,,,,,20,,957750,13957,,,952570,13957,,,,,,
NE-HVAC-AirEcono-Adjust-ExSP63F,DEER2024,D24_E+_Com_v1,6/15/2026 10:46,Any,ESe,Ex,CZ14,cDXGF,Each,1,74400,None,4750,0,-0.00204,4750,0,-0.00204,,,,,,,,,20,,942730,13910,,,937990,13910,,,,,,
NE-HVAC-AirEcono-Adjust-ExSP63F,DEER2024,D24_E+_Com_v1,6/15/2026 10:46,Any,ESe,Ex,CZ15,cDXGF,Each,1,74400,None,4380,0,-0.000341,4380,0,-0.000341,,,,,,,,,20,,1127700,9020.8,,,1123300,9020.8,,,,,,
NE-HVAC-AirEcono-Adjust-ExSP63F,DEER2024,D24_E+_Com_v1,6/15/2026 10:46,Any,ESe,Ex,CZ16,cDXGF,Each,1,74400,None,5330,0.566,0,5330,0.566,0,,,,,,,,,20,,835740,19468,,,830410,19468,,,,,,
NE-HVAC-AirEcono-Adjust-ExSP63F,DEER2024,D24_E+_Com_v1,6/15/2026 10:46,Any,ESe,Ex,CZ01,cDXHP,Each,1,74400,None,1390,1.44,0,1390,1.44,0,,,,,,,,,20,,704750,19025,,,703350,19025,,,,,,
NE-HVAC-AirEcono-Adjust-ExSP63F,DEER2024,D24_E+_Com_v1,6/15/2026 10:46,Any,ESe,Ex,CZ02,cDXHP,Each,1,74400,None,4620,0.814,-0.00103,4620,0.814,-0.00103,,,,,,,,,20,,820070,16313,,,815450,16313,,,,,,
NE-HVAC-AirEcono-Adjust-ExSP63F,DEER2024,D24_E+_Com_v1,6/15/2026 10:46,Any,ESe,Ex,CZ03,cDXHP,Each,1,74400,None,6830,2.22,0,6830,2.22,0,,,,,,,,,20,,758210,14169,,,751380,14169,,,,,,
NE-HVAC-AirEcono-Adjust-ExSP63F,DEER2024,D24_E+_Com_v1,6/15/2026 10:46,Any,ESe,Ex,CZ04,cDXHP,Each,1,74400,None,4770,0,-0.00069,4770,0,-0.00069,,,,,,,,,20,,892840,14819,,,888080,14819,,,,,,
NE-HVAC-AirEcono-Adjust-ExSP63F,DEER2024,D24_E+_Com_v1,6/15/2026 10:46,Any,ESe,Ex,CZ05,cDXHP,Each,1,74400,None,7140,1.94,0,7140,1.94,0,,,,,,,,,20,,773730,14145,,,766590,14145,,,,,,
NE-HVAC-AirEcono-Adjust-ExSP63F,DEER2024,D24_E+_Com_v1,6/15/2026 10:46,Any,ESe,Ex,CZ06,cDXHP,Each,1,74400,None,9070,0.692,0,9070,0.692,0,,,,,,,,,20,,812780,10889,,,803710,10889,,,,,,
NE-HVAC-AirEcono-Adjust-ExSP63F,DEER2024,D24_E+_Com_v1,6/15/2026 10:46,Any,ESe,Ex,CZ07,cDXHP,Each,1,74400,None,7650,0,0,7650,0,0,,,,,,,,,20,,814690,10672,,,807050,10672,,,,,,
NE-HVAC-AirEcono-Adjust-ExSP63F,DEER2024,D24_E+_Com_v1,6/15/2026 10:46,Any,ESe,Ex,CZ08,cDXHP,Each,1,74400,None,7220,0,0,7220,0,0,,,,,,,,,20,,891480,10810,,,884270,10810,,,,,,
NE-HVAC-AirEcono-Adjust-ExSP63F,DEER2024,D24_E+_Com_v1,6/15/2026 10:46,Any,ESe,Ex,CZ09,cDXHP,Each,1,74400,None,6710,0,0.00547,6710,0,0.00547,,,,,,,,,20,,906280,11221,,,899570,11221,,,,,,
NE-HVAC-AirEcono-Adjust-ExSP63F,DEER2024,D24_E+_Com_v1,6/15/2026 10:46,Any,ESe,Ex,CZ10,cDXHP,Each,1,74400,None,6060,0.001,-0.00034,6060,0.001,-0.00034,,,,,,,,,20,,934570,11315,,,928510,11315,,,,,,
NE-HVAC-AirEcono-Adjust-ExSP63F,DEER2024,D24_E+_Com_v1,6/15/2026 10:46,Any,ESe,Ex,CZ11,cDXHP,Each,1,74400,None,4970,-0.001,-0.00068,4970,-0.001,-0.00068,,,,,,,,,20,,957670,14346,,,952700,14346,,,,,,
NE-HVAC-AirEcono-Adjust-ExSP63F,DEER2024,D24_E+_Com_v1,6/15/2026 10:46,Any,ESe,Ex,CZ12,cDXHP,Each,1,74400,None,5380,0,-0.00034,5380,0,-0.00034,,,,,,,,,20,,878220,14800,,,872840,14800,,,,,,
NE-HVAC-AirEcono-Adjust-ExSP63F,DEER2024,D24_E+_Com_v1,6/15/2026 10:46,Any,ESe,Ex,CZ13,cDXHP,Each,1,74400,None,5190,0,-0.00204,5190,0,-0.00204,,,,,,,,,20,,962070,13452,,,956890,13452,,,,,,
NE-HVAC-AirEcono-Adjust-ExSP63F,DEER2024,D24_E+_Com_v1,6/15/2026 10:46,Any,ESe,Ex,CZ14,cDXHP,Each,1,74400,None,4780,0,-0.00068,4780,0,-0.00068,,,,,,,,,20,,948270,13394,,,943490,13394,,,,,,
NE-HVAC-AirEcono-Adjust-ExSP63F,DEER2024,D24_E+_Com_v1,6/15/2026 10:46,Any,ESe,Ex,CZ15,cDXHP,Each,1,74400,None,4390,0,-0.000342,4390,0,-0.000342,,,,,,,,,20,,1128300,8967.4,,,1123900,8967.4,,,,,,
NE-HVAC-AirEcono-Adjust-ExSP63F,DEER2024,D24_E+_Com_v1,6/15/2026 10:46,Any,ESe,Ex,CZ16,cDXHP,Each,1,74400,None,5380,0.574,0,5380,0.574,0,,,,,,,,,20,,850200,18188,,,844830,18188,,,,,,
NE-HVAC-AirEcono-Adjust-ExSP63F,DEER2024,D24_E+_Com_v1,6/15/2026 10:46,Any,ESe,Ex,CZ01,cDXOH,Each,1,74400,None,1490,1.43,0.00035,1490,1.43,0.00035,,,,,,,,,20,,696080,19077,,,694590,19077,,,,,,
NE-HVAC-AirEcono-Adjust-ExSP63F,DEER2024,D24_E+_Com_v1,6/15/2026 10:46,Any,ESe,Ex,CZ02,cDXOH,Each,1,74400,None,4620,0.81,0,4620,0.81,0,,,,,,,,,20,,813330,16343,,,808700,16343,,,,,,
NE-HVAC-AirEcono-Adjust-ExSP63F,DEER2024,D24_E+_Com_v1,6/15/2026 10:46,Any,ESe,Ex,CZ03,cDXOH,Each,1,74400,None,7100,2.24,0.00034,7100,2.24,0.00034,,,,,,,,,20,,755400,14181,,,748310,14181,,,,,,
NE-HVAC-AirEcono-Adjust-ExSP63F,DEER2024,D24_E+_Com_v1,6/15/2026 10:46,Any,ESe,Ex,CZ04,cDXOH,Each,1,74400,None,4730,0,-0.00239,4730,0,-0.00239,,,,,,,,,20,,886230,14841,,,881510,14841,,,,,,
NE-HVAC-AirEcono-Adjust-ExSP63F,DEER2024,D24_E+_Com_v1,6/15/2026 10:46,Any,ESe,Ex,CZ05,cDXOH,Each,1,74400,None,7520,1.92,0.00102,7520,1.92,0.00102,,,,,,,,,20,,770760,14154,,,763240,14154,,,,,,
NE-HVAC-AirEcono-Adjust-ExSP63F,DEER2024,D24_E+_Com_v1,6/15/2026 10:46,Any,ESe,Ex,CZ06,cDXOH,Each,1,74400,None,9220,0.698,0,9220,0.698,0,,,,,,,,,20,,813640,10891,,,804430,10891,,,,,,
NE-HVAC-AirEcono-Adjust-ExSP63F,DEER2024,D24_E+_Com_v1,6/15/2026 10:46,Any,ESe,Ex,CZ07,cDXOH,Each,1,74400,None,7800,0,0,7800,0,0,,,,,,,,,20,,815340,10673,,,807540,10673,,,,,,
NE-HVAC-AirEcono-Adjust-ExSP63F,DEER2024,D24_E+_Com_v1,6/15/2026 10:46,Any,ESe,Ex,CZ08,cDXOH,Each,1,74400,None,7250,0,-0.00034,7250,0,-0.00034,,,,,,,,,20,,890970,10812,,,883720,10812,,,,,,
NE-HVAC-AirEcono-Adjust-ExSP63F,DEER2024,D24_E+_Com_v1,6/15/2026 10:46,Any,ESe,Ex,CZ09,cDXOH,Each,1,74400,None,6710,0,-0.00034,6710,0,-0.00034,,,,,,,,,20,,905060,11225,,,898350,11225,,,,,,
NE-HVAC-AirEcono-Adjust-ExSP63F,DEER2024,D24_E+_Com_v1,6/15/2026 10:46,Any,ESe,Ex,CZ10,cDXOH,Each,1,74400,None,6050,0,-0.00034,6050,0,-0.00034,,,,,,,,,20,,932840,11320,,,926790,11320,,,,,,
NE-HVAC-AirEcono-Adjust-ExSP63F,DEER2024,D24_E+_Com_v1,6/15/2026 10:46,Any,ESe,Ex,CZ11,cDXOH,Each,1,74400,None,4930,-0.003,-0.00069,4930,-0.003,-0.00069,,,,,,,,,20,,951750,14376,,,946810,14376,,,,,,
NE-HVAC-AirEcono-Adjust-ExSP63F,DEER2024,D24_E+_Com_v1,6/15/2026 10:46,Any,ESe,Ex,CZ12,cDXOH,Each,1,74400,None,5420,0,0.00068,5420,0,0.00068,,,,,,,,,20,,872810,14828,,,867400,14828,,,,,,
NE-HVAC-AirEcono-Adjust-ExSP63F,DEER2024,D24_E+_Com_v1,6/15/2026 10:46,Any,ESe,Ex,CZ13,cDXOH,Each,1,74400,None,5170,0,0.00068,5170,0,0.00068,,,,,,,,,20,,957820,13474,,,952640,13474,,,,,,
NE-HVAC-AirEcono-Adjust-ExSP63F,DEER2024,D24_E+_Com_v1,6/15/2026 10:46,Any,ESe,Ex,CZ14,cDXOH,Each,1,74400,None,4710,0,-0.00102,4710,0,-0.00102,,,,,,,,,20,,942570,13412,,,937860,13412,,,,,,
NE-HVAC-AirEcono-Adjust-ExSP63F,DEER2024,D24_E+_Com_v1,6/15/2026 10:46,Any,ESe,Ex,CZ15,cDXOH,Each,1,74400,None,4380,0,0,4380,0,0,,,,,,,,,20,,1127600,8968.6,,,1123200,8968.6,,,,,,
NE-HVAC-AirEcono-Adjust-ExSP63F,DEER2024,D24_E+_Com_v1,6/15/2026 10:46,Any,ESe,Ex,CZ16,cDXOH,Each,1,74400,None,5330,0.566,0,5330,0.566,0,,,,,,,,,20,,837410,18261,,,832080,18261,,,,,,
NE-HVAC-AirEcono-Adjust-ExSP63F,DEER2024,D24_E+_Com_v1,6/15/2026 10:46,Any,ESe,Ex,CZ01,cPVVG,Each,1,74400,None,971,0.816,0.00137,971,0.816,0.00137,,,,,,,,,20,,652600,20716,,,651630,20716,,,,,,
NE-HVAC-AirEcono-Adjust-ExSP63F,DEER2024,D24_E+_Com_v1,6/15/2026 10:46,Any,ESe,Ex,CZ02,cPVVG,Each,1,74400,None,3100,0.535,0.00205,3100,0.535,0.00205,,,,,,,,,20,,761970,17613,,,758870,17613,,,,,,
NE-HVAC-AirEcono-Adjust-ExSP63F,DEER2024,D24_E+_Com_v1,6/15/2026 10:46,Any,ESe,Ex,CZ03,cPVVG,Each,1,74400,None,4800,1.43,0.00137,4800,1.43,0.00137,,,,,,,,,20,,705840,14879,,,701050,14879,,,,,,
NE-HVAC-AirEcono-Adjust-ExSP63F,DEER2024,D24_E+_Com_v1,6/15/2026 10:46,Any,ESe,Ex,CZ04,cPVVG,Each,1,74400,None,3210,0,-0.00034,3210,0,-0.00034,,,,,,,,,20,,834260,15885,,,831050,15885,,,,,,
NE-HVAC-AirEcono-Adjust-ExSP63F,DEER2024,D24_E+_Com_v1,6/15/2026 10:46,Any,ESe,Ex,CZ05,cPVVG,Each,1,74400,None,5330,1.28,0.00444,5330,1.28,0.00444,,,,,,,,,20,,720450,14863,,,715120,14863,,,,,,
NE-HVAC-AirEcono-Adjust-ExSP63F,DEER2024,D24_E+_Com_v1,6/15/2026 10:46,Any,ESe,Ex,CZ06,cPVVG,Each,1,74400,None,6140,0.463,0.00068,6140,0.463,0.00068,,,,,,,,,20,,765990,11075,,,759850,11075,,,,,,
NE-HVAC-AirEcono-Adjust-ExSP63F,DEER2024,D24_E+_Com_v1,6/15/2026 10:46,Any,ESe,Ex,CZ07,cPVVG,Each,1,74400,None,4910,0,0,4910,0,0,,,,,,,,,20,,766020,10842,,,761110,10842,,,,,,
NE-HVAC-AirEcono-Adjust-ExSP63F,DEER2024,D24_E+_Com_v1,6/15/2026 10:46,Any,ESe,Ex,CZ08,cPVVG,Each,1,74400,None,4770,0,0.00136,4770,0,0.00136,,,,,,,,,20,,839020,11050,,,834240,11050,,,,,,
NE-HVAC-AirEcono-Adjust-ExSP63F,DEER2024,D24_E+_Com_v1,6/15/2026 10:46,Any,ESe,Ex,CZ09,cPVVG,Each,1,74400,None,4500,0,0.00035,4500,0,0.00035,,,,,,,,,20,,850130,11547,,,845630,11547,,,,,,
NE-HVAC-AirEcono-Adjust-ExSP63F,DEER2024,D24_E+_Com_v1,6/15/2026 10:46,Any,ESe,Ex,CZ10,cPVVG,Each,1,74400,None,3940,0,0.00205,3940,0,0.00205,,,,,,,,,20,,879340,11715,,,875390,11715,,,,,,
NE-HVAC-AirEcono-Adjust-ExSP63F,DEER2024,D24_E+_Com_v1,6/15/2026 10:46,Any,ESe,Ex,CZ11,cPVVG,Each,1,74400,None,3310,-0.002,-0.00239,3310,-0.002,-0.00239,,,,,,,,,20,,895370,15488,,,892060,15488,,,,,,
NE-HVAC-AirEcono-Adjust-ExSP63F,DEER2024,D24_E+_Com_v1,6/15/2026 10:46,Any,ESe,Ex,CZ12,cPVVG,Each,1,74400,None,3640,0,0.00034,3640,0,0.00034,,,,,,,,,20,,820910,15896,,,817280,15896,,,,,,
NE-HVAC-AirEcono-Adjust-ExSP63F,DEER2024,D24_E+_Com_v1,6/15/2026 10:46,Any,ESe,Ex,CZ13,cPVVG,Each,1,74400,None,3450,0,0.00034,3450,0,0.00034,,,,,,,,,20,,901850,14316,,,898400,14316,,,,,,
NE-HVAC-AirEcono-Adjust-ExSP63F,DEER2024,D24_E+_Com_v1,6/15/2026 10:46,Any,ESe,Ex,CZ14,cPVVG,Each,1,74400,None,3310,0,-0.00238,3310,0,-0.00238,,,,,,,,,20,,888240,14248,,,884920,14248,,,,,,
NE-HVAC-AirEcono-Adjust-ExSP63F,DEER2024,D24_E+_Com_v1,6/15/2026 10:46,Any,ESe,Ex,CZ15,cPVVG,Each,1,74400,None,2830,0,0,2830,0,0,,,,,,,,,20,,1069700,9083.6,,,1066800,9083.6,,,,,,
NE-HVAC-AirEcono-Adjust-ExSP63F,DEER2024,D24_E+_Com_v1,6/15/2026 10:46,Any,ESe,Ex,CZ16,cPVVG,Each,1,74400,None,4210,0.469,-0.00034,4210,0.469,-0.00034,,,,,,,,,20,,774130,20213,,,769920,20213,,,,,,
NE-HVAC-AirEcono-Adjust-ExSP63F,DEER2024,D24_E+_Com_v1,6/15/2026 10:46,Any,EUn,Ex,CZ01,cDXGF,Each,1,858000,None,32000,32.7,0.0184,32000,32.7,0.0184,,,,,,,,,20,,6839200,47965,,,6807200,47965,,,,,,
NE-HVAC-AirEcono-Adjust-ExSP63F,DEER2024,D24_E+_Com_v1,6/15/2026 10:46,Any,EUn,Ex,CZ02,cDXGF,Each,1,858000,None,90900,14.4,0.0157,90900,14.4,0.0157,,,,,,,,,20,,7629700,41484,,,7538800,41484,,,,,,
NE-HVAC-AirEcono-Adjust-ExSP63F,DEER2024,D24_E+_Com_v1,6/15/2026 10:46,Any,EUn,Ex,CZ03,cDXGF,Each,1,858000,None,139000,40.8,0.0157,139000,40.8,0.0157,,,,,,,,,20,,7345900,36237,,,7207100,36237,,,,,,
NE-HVAC-AirEcono-Adjust-ExSP63F,DEER2024,D24_E+_Com_v1,6/15/2026 10:46,Any,EUn,Ex,CZ04,cDXGF,Each,1,858000,None,95200,-0.002,0.0143,95200,-0.002,0.0143,,,,,,,,,20,,8067100,39026,,,7971900,39026,,,,,,
NE-HVAC-AirEcono-Adjust-ExSP63F,DEER2024,D24_E+_Com_v1,6/15/2026 10:46,Any,EUn,Ex,CZ05,cDXGF,Each,1,858000,None,147000,36.2,0.0591,147000,36.2,0.0591,,,,,,,,,20,,7505200,36514,,,7358500,36514,,,,,,
NE-HVAC-AirEcono-Adjust-ExSP63F,DEER2024,D24_E+_Com_v1,6/15/2026 10:46,Any,EUn,Ex,CZ06,cDXGF,Each,1,858000,None,200000,12.8,-0.00887,200000,12.8,-0.00887,,,,,,,,,20,,7910500,29707,,,7710400,29707,,,,,,
NE-HVAC-AirEcono-Adjust-ExSP63F,DEER2024,D24_E+_Com_v1,6/15/2026 10:46,Any,EUn,Ex,CZ07,cDXGF,Each,1,858000,None,174000,0,0.00171,174000,0,0.00171,,,,,,,,,20,,7924500,29113,,,7750400,29113,,,,,,
NE-HVAC-AirEcono-Adjust-ExSP63F,DEER2024,D24_E+_Com_v1,6/15/2026 10:46,Any,EUn,Ex,CZ08,cDXGF,Each,1,858000,None,155000,0,0.00342,155000,0,0.00342,,,,,,,,,20,,8349700,29518,,,8195200,29518,,,,,,
NE-HVAC-AirEcono-Adjust-ExSP63F,DEER2024,D24_E+_Com_v1,6/15/2026 10:46,Any,EUn,Ex,CZ09,cDXGF,Each,1,858000,None,139000,-0.004,-0.00307,139000,-0.004,-0.00307,,,,,,,,,20,,8399200,30286,,,8259900,30286,,,,,,
NE-HVAC-AirEcono-Adjust-ExSP63F,DEER2024,D24_E+_Com_v1,6/15/2026 10:46,Any,EUn,Ex,CZ10,cDXGF,Each,1,858000,None,124000,-0.001,-0.0584,124000,-0.001,-0.0584,,,,,,,,,20,,8405900,30084,,,8281400,30084,,,,,,
NE-HVAC-AirEcono-Adjust-ExSP63F,DEER2024,D24_E+_Com_v1,6/15/2026 10:46,Any,EUn,Ex,CZ11,cDXGF,Each,1,858000,None,96100,0.001,-0.015,96100,0.001,-0.015,,,,,,,,,20,,8466100,37781,,,8370000,37781,,,,,,
NE-HVAC-AirEcono-Adjust-ExSP63F,DEER2024,D24_E+_Com_v1,6/15/2026 10:46,Any,EUn,Ex,CZ12,cDXGF,Each,1,858000,None,107000,-0.001,0.00785,107000,-0.001,0.00785,,,,,,,,,20,,7990100,38598,,,7882700,38598,,,,,,
NE-HVAC-AirEcono-Adjust-ExSP63F,DEER2024,D24_E+_Com_v1,6/15/2026 10:46,Any,EUn,Ex,CZ13,cDXGF,Each,1,858000,None,101000,0.001,0.00137,101000,0.001,0.00137,,,,,,,,,20,,8530600,34897,,,8429300,34897,,,,,,
NE-HVAC-AirEcono-Adjust-ExSP63F,DEER2024,D24_E+_Com_v1,6/15/2026 10:46,Any,EUn,Ex,CZ14,cDXGF,Each,1,858000,None,94200,0,-0.0157,94200,0,-0.0157,,,,,,,,,20,,8621000,36701,,,8526800,36701,,,,,,
NE-HVAC-AirEcono-Adjust-ExSP63F,DEER2024,D24_E+_Com_v1,6/15/2026 10:46,Any,EUn,Ex,CZ15,cDXGF,Each,1,858000,None,84600,0,-0.0058,84600,0,-0.0058,,,,,,,,,20,,9632800,24785,,,9548200,24785,,,,,,
NE-HVAC-AirEcono-Adjust-ExSP63F,DEER2024,D24_E+_Com_v1,6/15/2026 10:46,Any,EUn,Ex,CZ16,cDXGF,Each,1,858000,None,107000,8.49,-0.00102,107000,8.49,-0.00102,,,,,,,,,20,,7999900,48293,,,7892600,48293,,,,,,
NE-HVAC-AirEcono-Adjust-ExSP63F,DEER2024,D24_E+_Com_v1,6/15/2026 10:46,Any,EUn,Ex,CZ01,cDXHP,Each,1,858000,None,30700,32.9,0,30700,32.9,0,,,,,,,,,20,,6944000,34212,,,6913300,34212,,,,,,
NE-HVAC-AirEcono-Adjust-ExSP63F,DEER2024,D24_E+_Com_v1,6/15/2026 10:46,Any,EUn,Ex,CZ02,cDXHP,Each,1,858000,None,90400,14.5,-0.00035,90400,14.5,-0.00035,,,,,,,,,20,,7711300,31830,,,7620900,31830,,,,,,
NE-HVAC-AirEcono-Adjust-ExSP63F,DEER2024,D24_E+_Com_v1,6/15/2026 10:46,Any,EUn,Ex,CZ03,cDXHP,Each,1,858000,None,135000,41.1,0,135000,41.1,0,,,,,,,,,20,,7379800,30996,,,7244500,30996,,,,,,
NE-HVAC-AirEcono-Adjust-ExSP63F,DEER2024,D24_E+_Com_v1,6/15/2026 10:46,Any,EUn,Ex,CZ04,cDXHP,Each,1,858000,None,95700,-0.003,0,95700,-0.003,0,,,,,,,,,20,,8153900,30478,,,8058200,30478,,,,,,
NE-HVAC-AirEcono-Adjust-ExSP63F,DEER2024,D24_E+_Com_v1,6/15/2026 10:46,Any,EUn,Ex,CZ05,cDXHP,Each,1,858000,None,142000,36.4,0,142000,36.4,0,,,,,,,,,20,,7542600,30983,,,7401100,30983,,,,,,
NE-HVAC-AirEcono-Adjust-ExSP63F,DEER2024,D24_E+_Com_v1,6/15/2026 10:46,Any,EUn,Ex,CZ06,cDXHP,Each,1,858000,None,199000,12.9,0,199000,12.9,0,,,,,,,,,20,,7900800,28511,,,7701300,28511,,,,,,
NE-HVAC-AirEcono-Adjust-ExSP63F,DEER2024,D24_E+_Com_v1,6/15/2026 10:46,Any,EUn,Ex,CZ07,cDXHP,Each,1,858000,None,172000,0,0,172000,0,0,,,,,,,,,20,,7914700,28218,,,7742300,28218,,,,,,
NE-HVAC-AirEcono-Adjust-ExSP63F,DEER2024,D24_E+_Com_v1,6/15/2026 10:46,Any,EUn,Ex,CZ08,cDXHP,Each,1,858000,None,155000,0,0,155000,0,0,,,,,,,,,20,,8354600,27732,,,8200000,27732,,,,,,
NE-HVAC-AirEcono-Adjust-ExSP63F,DEER2024,D24_E+_Com_v1,6/15/2026 10:46,Any,EUn,Ex,CZ09,cDXHP,Each,1,858000,None,139000,0,0,139000,0,0,,,,,,,,,20,,8414500,27989,,,8275100,27989,,,,,,
NE-HVAC-AirEcono-Adjust-ExSP63F,DEER2024,D24_E+_Com_v1,6/15/2026 10:46,Any,EUn,Ex,CZ10,cDXHP,Each,1,858000,None,125000,0,0,125000,0,0,,,,,,,,,20,,8425200,27603,,,8300400,27603,,,,,,
NE-HVAC-AirEcono-Adjust-ExSP63F,DEER2024,D24_E+_Com_v1,6/15/2026 10:46,Any,EUn,Ex,CZ11,cDXHP,Each,1,858000,None,96600,-0.001,0,96600,-0.001,0,,,,,,,,,20,,8550700,29253,,,8454100,29253,,,,,,
NE-HVAC-AirEcono-Adjust-ExSP63F,DEER2024,D24_E+_Com_v1,6/15/2026 10:46,Any,EUn,Ex,CZ12,cDXHP,Each,1,858000,None,107000,-0.005,-0.00035,107000,-0.005,-0.00035,,,,,,,,,20,,8062100,30241,,,7955000,30241,,,,,,
NE-HVAC-AirEcono-Adjust-ExSP63F,DEER2024,D24_E+_Com_v1,6/15/2026 10:46,Any,EUn,Ex,CZ13,cDXHP,Each,1,858000,None,102000,0.002,0,102000,0.002,0,,,,,,,,,20,,8595600,28330,,,8493800,28330,,,,,,
NE-HVAC-AirEcono-Adjust-ExSP63F,DEER2024,D24_E+_Com_v1,6/15/2026 10:46,Any,EUn,Ex,CZ14,cDXHP,Each,1,858000,None,95100,0,0,95100,0,0,,,,,,,,,20,,8709500,29003,,,8614500,29003,,,,,,
NE-HVAC-AirEcono-Adjust-ExSP63F,DEER2024,D24_E+_Com_v1,6/15/2026 10:46,Any,EUn,Ex,CZ15,cDXHP,Each,1,858000,None,85100,0,0,85100,0,0,,,,,,,,,20,,9655300,23722,,,9570200,23722,,,,,,
NE-HVAC-AirEcono-Adjust-ExSP63F,DEER2024,D24_E+_Com_v1,6/15/2026 10:46,Any,EUn,Ex,CZ16,cDXHP,Each,1,858000,None,108000,8.56,0,108000,8.56,0,,,,,,,,,20,,8153800,34779,,,8045900,34779,,,,,,
NE-HVAC-AirEcono-Adjust-ExSP63F,DEER2024,D24_E+_Com_v1,6/15/2026 10:46,Any,EUn,Ex,CZ01,cDXOH,Each,1,858000,None,32000,32.6,0,32000,32.6,0,,,,,,,,,20,,6837700,34462,,,6805800,34462,,,,,,
NE-HVAC-AirEcono-Adjust-ExSP63F,DEER2024,D24_E+_Com_v1,6/15/2026 10:46,Any,EUn,Ex,CZ02,cDXOH,Each,1,858000,None,90600,14.4,-0.00034,90600,14.4,-0.00034,,,,,,,,,20,,7626200,31984,,,7535700,31984,,,,,,
NE-HVAC-AirEcono-Adjust-ExSP63F,DEER2024,D24_E+_Com_v1,6/15/2026 10:46,Any,EUn,Ex,CZ03,cDXOH,Each,1,858000,None,139000,40.8,0,139000,40.8,0,,,,,,,,,20,,7344200,31049,,,7205500,31049,,,,,,
NE-HVAC-AirEcono-Adjust-ExSP63F,DEER2024,D24_E+_Com_v1,6/15/2026 10:46,Any,EUn,Ex,CZ04,cDXOH,Each,1,858000,None,94900,-0.002,-0.00068,94900,-0.002,-0.00068,,,,,,,,,20,,8062400,30566,,,7967600,30566,,,,,,
NE-HVAC-AirEcono-Adjust-ExSP63F,DEER2024,D24_E+_Com_v1,6/15/2026 10:46,Any,EUn,Ex,CZ05,cDXOH,Each,1,858000,None,146000,36.1,0,146000,36.1,0,,,,,,,,,20,,7501200,31014,,,7354700,31014,,,,,,
NE-HVAC-AirEcono-Adjust-ExSP63F,DEER2024,D24_E+_Com_v1,6/15/2026 10:46,Any,EUn,Ex,CZ06,cDXOH,Each,1,858000,None,200000,12.8,0,200000,12.8,0,,,,,,,,,20,,7909700,28514,,,7709700,28514,,,,,,
NE-HVAC-AirEcono-Adjust-ExSP63F,DEER2024,D24_E+_Com_v1,6/15/2026 10:46,Any,EUn,Ex,CZ07,cDXOH,Each,1,858000,None,174000,0,-0.00034,174000,0,-0.00034,,,,,,,,,20,,7923900,28220,,,7749800,28220,,,,,,
NE-HVAC-AirEcono-Adjust-ExSP63F,DEER2024,D24_E+_Com_v1,6/15/2026 10:46,Any,EUn,Ex,CZ08,cDXOH,Each,1,858000,None,154000,0,0,154000,0,0,,,,,,,,,20,,8348100,27738,,,8193700,27738,,,,,,
NE-HVAC-AirEcono-Adjust-ExSP63F,DEER2024,D24_E+_Com_v1,6/15/2026 10:46,Any,EUn,Ex,CZ09,cDXOH,Each,1,858000,None,139000,-0.004,0,139000,-0.004,0,,,,,,,,,20,,8397600,28005,,,8258400,28005,,,,,,
NE-HVAC-AirEcono-Adjust-ExSP63F,DEER2024,D24_E+_Com_v1,6/15/2026 10:46,Any,EUn,Ex,CZ10,cDXOH,Each,1,858000,None,124000,-0.001,-0.00034,124000,-0.001,-0.00034,,,,,,,,,20,,8403900,27614,,,8279600,27614,,,,,,
NE-HVAC-AirEcono-Adjust-ExSP63F,DEER2024,D24_E+_Com_v1,6/15/2026 10:46,Any,EUn,Ex,CZ11,cDXOH,Each,1,858000,None,95900,0.001,-0.00171,95900,0.001,-0.00171,,,,,,,,,20,,8465900,29437,,,8370000,29437,,,,,,
NE-HVAC-AirEcono-Adjust-ExSP63F,DEER2024,D24_E+_Com_v1,6/15/2026 10:46,Any,EUn,Ex,CZ12,cDXOH,Each,1,858000,None,107000,-0.001,-0.00034,107000,-0.001,-0.00034,,,,,,,,,20,,7988700,30422,,,7881500,30422,,,,,,
NE-HVAC-AirEcono-Adjust-ExSP63F,DEER2024,D24_E+_Com_v1,6/15/2026 10:46,Any,EUn,Ex,CZ13,cDXOH,Each,1,858000,None,101000,0.001,0,101000,0.001,0,,,,,,,,,20,,8529500,28488,,,8428300,28488,,,,,,
NE-HVAC-AirEcono-Adjust-ExSP63F,DEER2024,D24_E+_Com_v1,6/15/2026 10:46,Any,EUn,Ex,CZ14,cDXOH,Each,1,858000,None,94000,0,-0.00068,94000,0,-0.00068,,,,,,,,,20,,8618000,29086,,,8524000,29086,,,,,,
NE-HVAC-AirEcono-Adjust-ExSP63F,DEER2024,D24_E+_Com_v1,6/15/2026 10:46,Any,EUn,Ex,CZ15,cDXOH,Each,1,858000,None,84500,0,0,84500,0,0,,,,,,,,,20,,9631900,23724,,,9547400,23724,,,,,,
NE-HVAC-AirEcono-Adjust-ExSP63F,DEER2024,D24_E+_Com_v1,6/15/2026 10:46,Any,EUn,Ex,CZ16,cDXOH,Each,1,858000,None,107000,8.49,-0.00102,107000,8.49,-0.00102,,,,,,,,,20,,8006000,35172,,,7898800,35172,,,,,,
NE-HVAC-AirEcono-Adjust-ExSP63F,DEER2024,D24_E+_Com_v1,6/15/2026 10:46,Any,EUn,Ex,CZ01,cPVVG,Each,1,858000,None,24600,23.6,0.0335,24600,23.6,0.0335,,,,,,,,,20,,5883900,57590,,,5859300,57590,,,,,,
NE-HVAC-AirEcono-Adjust-ExSP63F,DEER2024,D24_E+_Com_v1,6/15/2026 10:46,Any,EUn,Ex,CZ02,cPVVG,Each,1,858000,None,69500,10.4,0.0891,69500,10.4,0.0891,,,,,,,,,20,,6626600,48992,,,6557100,48991,,,,,,
NE-HVAC-AirEcono-Adjust-ExSP63F,DEER2024,D24_E+_Com_v1,6/15/2026 10:46,Any,EUn,Ex,CZ03,cPVVG,Each,1,858000,None,108000,29.5,0.057,108000,29.5,0.057,,,,,,,,,20,,6347800,41065,,,6240100,41065,,,,,,
NE-HVAC-AirEcono-Adjust-ExSP63F,DEER2024,D24_E+_Com_v1,6/15/2026 10:46,Any,EUn,Ex,CZ04,cPVVG,Each,1,858000,None,72400,-0.002,0.0648,72400,-0.002,0.0648,,,,,,,,,20,,7067100,45345,,,6994600,45344,,,,,,
NE-HVAC-AirEcono-Adjust-ExSP63F,DEER2024,D24_E+_Com_v1,6/15/2026 10:46,Any,EUn,Ex,CZ05,cPVVG,Each,1,858000,None,117000,27.3,0.169,117000,27.3,0.169,,,,,,,,,20,,6494000,41863,,,6376900,41862,,,,,,
NE-HVAC-AirEcono-Adjust-ExSP63F,DEER2024,D24_E+_Com_v1,6/15/2026 10:46,Any,EUn,Ex,CZ06,cPVVG,Each,1,858000,None,150000,9.42,-0.0106,150000,9.42,-0.0106,,,,,,,,,20,,6951700,31393,,,6801900,31393,,,,,,
NE-HVAC-AirEcono-Adjust-ExSP63F,DEER2024,D24_E+_Com_v1,6/15/2026 10:46,Any,EUn,Ex,CZ07,cPVVG,Each,1,858000,None,128000,0,0.0133,128000,0,0.0133,,,,,,,,,20,,6957800,30549,,,6830300,30549,,,,,,
NE-HVAC-AirEcono-Adjust-ExSP63F,DEER2024,D24_E+_Com_v1,6/15/2026 10:46,Any,EUn,Ex,CZ08,cPVVG,Each,1,858000,None,115000,0,0.0338,115000,0,0.0338,,,,,,,,,20,,7371900,31641,,,7256800,31641,,,,,,
NE-HVAC-AirEcono-Adjust-ExSP63F,DEER2024,D24_E+_Com_v1,6/15/2026 10:46,Any,EUn,Ex,CZ09,cPVVG,Each,1,858000,None,105000,0,0.0181,105000,0,0.0181,,,,,,,,,20,,7383300,32842,,,7278400,32842,,,,,,
NE-HVAC-AirEcono-Adjust-ExSP63F,DEER2024,D24_E+_Com_v1,6/15/2026 10:46,Any,EUn,Ex,CZ10,cPVVG,Each,1,858000,None,92500,0,0.0198,92500,0,0.0198,,,,,,,,,20,,7440500,32798,,,7348000,32798,,,,,,
NE-HVAC-AirEcono-Adjust-ExSP63F,DEER2024,D24_E+_Com_v1,6/15/2026 10:46,Any,EUn,Ex,CZ11,cPVVG,Each,1,858000,None,72700,0.002,0.00273,72700,0.002,0.00273,,,,,,,,,20,,7468600,44178,,,7395900,44178,,,,,,
NE-HVAC-AirEcono-Adjust-ExSP63F,DEER2024,D24_E+_Com_v1,6/15/2026 10:46,Any,EUn,Ex,CZ12,cPVVG,Each,1,858000,None,81400,-0.001,0.0437,81400,-0.001,0.0437,,,,,,,,,20,,7015800,44903,,,6934400,44903,,,,,,
NE-HVAC-AirEcono-Adjust-ExSP63F,DEER2024,D24_E+_Com_v1,6/15/2026 10:46,Any,EUn,Ex,CZ13,cPVVG,Each,1,858000,None,76500,0.002,0.0294,76500,0.002,0.0294,,,,,,,,,20,,7548400,40289,,,7471900,40289,,,,,,
NE-HVAC-AirEcono-Adjust-ExSP63F,DEER2024,D24_E+_Com_v1,6/15/2026 10:46,Any,EUn,Ex,CZ14,cPVVG,Each,1,858000,None,74200,0,0.0126,74200,0,0.0126,,,,,,,,,20,,7598800,42386,,,7524600,42386,,,,,,
NE-HVAC-AirEcono-Adjust-ExSP63F,DEER2024,D24_E+_Com_v1,6/15/2026 10:46,Any,EUn,Ex,CZ15,cPVVG,Each,1,858000,None,62100,0,0.00717,62100,0,0.00717,,,,,,,,,20,,8704100,26150,,,8642000,26150,,,,,,
NE-HVAC-AirEcono-Adjust-ExSP63F,DEER2024,D24_E+_Com_v1,6/15/2026 10:46,Any,EUn,Ex,CZ16,cPVVG,Each,1,858000,None,88300,7.14,0.00615,88300,7.14,0.00615,,,,,,,,,20,,6777500,58493,,,6689200,58493,,,,,,
NE-HVAC-AirEcono-Adjust-ExSP63F,DEER2024,D24_E+_Com_v1,6/15/2026 10:46,Any,Gro,Ex,CZ01,cDXGF,Each,1,50000,None,1220,0.811,0.206,1220,0.811,0.206,,,,,,,,,20,,1575000,11515,,,1573800,11515,,,,,,
NE-HVAC-AirEcono-Adjust-ExSP63F,DEER2024,D24_E+_Com_v1,6/15/2026 10:46,Any,Gro,Ex,CZ02,cDXGF,Each,1,50000,None,1730,1.2,1.26,1730,1.2,1.26,,,,,,,,,20,,1748700,8348.7,,,1746900,8347.4,,,,,,
NE-HVAC-AirEcono-Adjust-ExSP63F,DEER2024,D24_E+_Com_v1,6/15/2026 10:46,Any,Gro,Ex,CZ03,cDXGF,Each,1,50000,None,4070,1.91,0.922,4070,1.91,0.922,,,,,,,,,20,,1783000,6653,,,1778900,6652.1,,,,,,
NE-HVAC-AirEcono-Adjust-ExSP63F,DEER2024,D24_E+_Com_v1,6/15/2026 10:46,Any,Gro,Ex,CZ04,cDXGF,Each,1,50000,None,2980,-0.005,0.68,2980,-0.005,0.68,,,,,,,,,20,,1895800,6989.4,,,1892800,6988.7,,,,,,
NE-HVAC-AirEcono-Adjust-ExSP63F,DEER2024,D24_E+_Com_v1,6/15/2026 10:46,Any,Gro,Ex,CZ05,cDXGF,Each,1,50000,None,4240,2.16,1.35,4240,2.16,1.35,,,,,,,,,20,,1810600,6319.2,,,1806400,6317.8,,,,,,
NE-HVAC-AirEcono-Adjust-ExSP63F,DEER2024,D24_E+_Com_v1,6/15/2026 10:46,Any,Gro,Ex,CZ06,cDXGF,Each,1,50000,None,6380,1.02,0.406,6380,1.02,0.406,,,,,,,,,20,,2156300,3388.2,,,2149900,3387.7,,,,,,
NE-HVAC-AirEcono-Adjust-ExSP63F,DEER2024,D24_E+_Com_v1,6/15/2026 10:46,Any,Gro,Ex,CZ07,cDXGF,Each,1,50000,None,4460,-0.008,0.347,4460,-0.008,0.347,,,,,,,,,20,,2167800,3222.8,,,2163400,3222.4,,,,,,
NE-HVAC-AirEcono-Adjust-ExSP63F,DEER2024,D24_E+_Com_v1,6/15/2026 10:46,Any,Gro,Ex,CZ08,cDXGF,Each,1,50000,None,3330,0.004,0.493,3330,0.004,0.493,,,,,,,,,20,,2179500,3521.5,,,2176200,3521,,,,,,
NE-HVAC-AirEcono-Adjust-ExSP63F,DEER2024,D24_E+_Com_v1,6/15/2026 10:46,Any,Gro,Ex,CZ09,cDXGF,Each,1,50000,None,2750,-0.017,0.468,2750,-0.017,0.468,,,,,,,,,20,,2149700,3930.5,,,2146900,3930,,,,,,
NE-HVAC-AirEcono-Adjust-ExSP63F,DEER2024,D24_E+_Com_v1,6/15/2026 10:46,Any,Gro,Ex,CZ10,cDXGF,Each,1,50000,None,2190,-0.018,0.512,2190,-0.018,0.512,,,,,,,,,20,,2164800,3899.3,,,2162600,3898.8,,,,,,
NE-HVAC-AirEcono-Adjust-ExSP63F,DEER2024,D24_E+_Com_v1,6/15/2026 10:46,Any,Gro,Ex,CZ11,cDXGF,Each,1,50000,None,2420,0.012,0.472,2420,0.012,0.472,,,,,,,,,20,,2031800,6895.6,,,2029400,6895.1,,,,,,
NE-HVAC-AirEcono-Adjust-ExSP63F,DEER2024,D24_E+_Com_v1,6/15/2026 10:46,Any,Gro,Ex,CZ12,cDXGF,Each,1,50000,None,961,-0.006,0.842,961,-0.006,0.842,,,,,,,,,20,,1906300,7176.5,,,1905400,7175.7,,,,,,
NE-HVAC-AirEcono-Adjust-ExSP63F,DEER2024,D24_E+_Com_v1,6/15/2026 10:46,Any,Gro,Ex,CZ13,cDXGF,Each,1,50000,None,2960,0.031,0.353,2960,0.031,0.353,,,,,,,,,20,,2080400,6157.4,,,2077400,6157.1,,,,,,
NE-HVAC-AirEcono-Adjust-ExSP63F,DEER2024,D24_E+_Com_v1,6/15/2026 10:46,Any,Gro,Ex,CZ14,cDXGF,Each,1,50000,None,4260,0.003,0.0433,4260,0.003,0.0433,,,,,,,,,20,,2112600,5994.2,,,2108400,5994.2,,,,,,
NE-HVAC-AirEcono-Adjust-ExSP63F,DEER2024,D24_E+_Com_v1,6/15/2026 10:46,Any,Gro,Ex,CZ15,cDXGF,Each,1,50000,None,2930,0.018,0.0236,2930,0.018,0.0236,,,,,,,,,20,,2443300,2500.8,,,2440300,2500.8,,,,,,
NE-HVAC-AirEcono-Adjust-ExSP63F,DEER2024,D24_E+_Com_v1,6/15/2026 10:46,Any,Gro,Ex,CZ16,cDXGF,Each,1,50000,None,4940,0.805,0.0266,4940,0.805,0.0266,,,,,,,,,20,,1899000,9885.1,,,1894100,9885,,,,,,
NE-HVAC-AirEcono-Adjust-ExSP63F,DEER2024,D24_E+_Com_v1,6/15/2026 10:46,Any,Gro,Ex,CZ01,cDXHP,Each,1,50000,None,1210,0.819,0,1210,0.819,0,,,,,,,,,20,,1641500,2261.1,,,1640300,2261.1,,,,,,
NE-HVAC-AirEcono-Adjust-ExSP63F,DEER2024,D24_E+_Com_v1,6/15/2026 10:46,Any,Gro,Ex,CZ02,cDXHP,Each,1,50000,None,1910,1.2,0,1910,1.2,0,,,,,,,,,20,,1796200,2122.3,,,1794300,2122.3,,,,,,
NE-HVAC-AirEcono-Adjust-ExSP63F,DEER2024,D24_E+_Com_v1,6/15/2026 10:46,Any,Gro,Ex,CZ03,cDXHP,Each,1,50000,None,4140,1.95,0,4140,1.95,0,,,,,,,,,20,,1815000,2099.3,,,1810900,2099.3,,,,,,
NE-HVAC-AirEcono-Adjust-ExSP63F,DEER2024,D24_E+_Com_v1,6/15/2026 10:46,Any,Gro,Ex,CZ04,cDXHP,Each,1,50000,None,2910,-0.004,0,2910,-0.004,0,,,,,,,,,20,,1936000,2041.5,,,1933100,2041.5,,,,,,
NE-HVAC-AirEcono-Adjust-ExSP63F,DEER2024,D24_E+_Com_v1,6/15/2026 10:46,Any,Gro,Ex,CZ05,cDXHP,Each,1,50000,None,4310,2.18,0,4310,2.18,0,,,,,,,,,20,,1840200,2108.8,,,1835900,2108.8,,,,,,
NE-HVAC-AirEcono-Adjust-ExSP63F,DEER2024,D24_E+_Com_v1,6/15/2026 10:46,Any,Gro,Ex,CZ06,cDXHP,Each,1,50000,None,6510,1.03,-0.000342,6510,1.03,-0.000342,,,,,,,,,20,,2165600,1946.6,,,2159000,1946.6,,,,,,
NE-HVAC-AirEcono-Adjust-ExSP63F,DEER2024,D24_E+_Com_v1,6/15/2026 10:46,Any,Gro,Ex,CZ07,cDXHP,Each,1,50000,None,4430,-0.008,0,4430,-0.008,0,,,,,,,,,20,,2176500,1927.1,,,2172100,1927.1,,,,,,
NE-HVAC-AirEcono-Adjust-ExSP63F,DEER2024,D24_E+_Com_v1,6/15/2026 10:46,Any,Gro,Ex,CZ08,cDXHP,Each,1,50000,None,3240,0.004,0,3240,0.004,0,,,,,,,,,20,,2191100,1888.4,,,2187900,1888.4,,,,,,
NE-HVAC-AirEcono-Adjust-ExSP63F,DEER2024,D24_E+_Com_v1,6/15/2026 10:46,Any,Gro,Ex,CZ09,cDXHP,Each,1,50000,None,2800,-0.016,0,2800,-0.016,0,,,,,,,,,20,,2164700,1901.7,,,2161900,1901.7,,,,,,
NE-HVAC-AirEcono-Adjust-ExSP63F,DEER2024,D24_E+_Com_v1,6/15/2026 10:46,Any,Gro,Ex,CZ10,cDXHP,Each,1,50000,None,2250,-0.018,0,2250,-0.018,0,,,,,,,,,20,,2180400,1878.2,,,2178200,1878.2,,,,,,
NE-HVAC-AirEcono-Adjust-ExSP63F,DEER2024,D24_E+_Com_v1,6/15/2026 10:46,Any,Gro,Ex,CZ11,cDXHP,Each,1,50000,None,2440,0.014,0,2440,0.014,0,,,,,,,,,20,,2071600,1925,,,2069200,1925,,,,,,
NE-HVAC-AirEcono-Adjust-ExSP63F,DEER2024,D24_E+_Com_v1,6/15/2026 10:46,Any,Gro,Ex,CZ12,cDXHP,Each,1,50000,None,298,-0.005,0,298,-0.005,0,,,,,,,,,20,,1946300,2012,,,1946000,2012,,,,,,
NE-HVAC-AirEcono-Adjust-ExSP63F,DEER2024,D24_E+_Com_v1,6/15/2026 10:46,Any,Gro,Ex,CZ13,cDXHP,Each,1,50000,None,2990,0.032,0,2990,0.032,0,,,,,,,,,20,,2114500,1887.2,,,2111500,1887.2,,,,,,
NE-HVAC-AirEcono-Adjust-ExSP63F,DEER2024,D24_E+_Com_v1,6/15/2026 10:46,Any,Gro,Ex,CZ14,cDXHP,Each,1,50000,None,4270,0.002,0,4270,0.002,0,,,,,,,,,20,,2147300,1939.6,,,2143000,1939.6,,,,,,
NE-HVAC-AirEcono-Adjust-ExSP63F,DEER2024,D24_E+_Com_v1,6/15/2026 10:46,Any,Gro,Ex,CZ15,cDXHP,Each,1,50000,None,2910,0.019,0,2910,0.019,0,,,,,,,,,20,,2452200,1600.6,,,2449300,1600.6,,,,,,
NE-HVAC-AirEcono-Adjust-ExSP63F,DEER2024,D24_E+_Com_v1,6/15/2026 10:46,Any,Gro,Ex,CZ16,cDXHP,Each,1,50000,None,4990,0.811,0,4990,0.811,0,,,,,,,,,20,,1974100,2214.7,,,1969100,2214.7,,,,,,
NE-HVAC-AirEcono-Adjust-ExSP63F,DEER2024,D24_E+_Com_v1,6/15/2026 10:46,Any,Gro,Ex,CZ01,cDXOH,Each,1,50000,None,1310,0.641,0,1310,0.641,0,,,,,,,,,20,,1555800,2261.1,,,1554500,2261.1,,,,,,
NE-HVAC-AirEcono-Adjust-ExSP63F,DEER2024,D24_E+_Com_v1,6/15/2026 10:46,Any,Gro,Ex,CZ02,cDXOH,Each,1,50000,None,1500,1.19,0,1500,1.19,0,,,,,,,,,20,,1732000,2122.3,,,1730500,2122.3,,,,,,
NE-HVAC-AirEcono-Adjust-ExSP63F,DEER2024,D24_E+_Com_v1,6/15/2026 10:46,Any,Gro,Ex,CZ03,cDXOH,Each,1,50000,None,3480,1.87,0,3480,1.87,0,,,,,,,,,20,,1762100,2099.3,,,1758600,2099.3,,,,,,
NE-HVAC-AirEcono-Adjust-ExSP63F,DEER2024,D24_E+_Com_v1,6/15/2026 10:46,Any,Gro,Ex,CZ04,cDXOH,Each,1,50000,None,2300,-0.004,0,2300,-0.004,0,,,,,,,,,20,,1863000,2041.5,,,1860600,2041.5,,,,,,
NE-HVAC-AirEcono-Adjust-ExSP63F,DEER2024,D24_E+_Com_v1,6/15/2026 10:46,Any,Gro,Ex,CZ05,cDXOH,Each,1,50000,None,3750,2,0,3750,2,0,,,,,,,,,20,,1788800,2108.8,,,1785000,2108.8,,,,,,
NE-HVAC-AirEcono-Adjust-ExSP63F,DEER2024,D24_E+_Com_v1,6/15/2026 10:46,Any,Gro,Ex,CZ06,cDXOH,Each,1,50000,None,5920,1.02,0,5920,1.02,0,,,,,,,,,20,,2148600,1946.6,,,2142700,1946.6,,,,,,
NE-HVAC-AirEcono-Adjust-ExSP63F,DEER2024,D24_E+_Com_v1,6/15/2026 10:46,Any,Gro,Ex,CZ07,cDXOH,Each,1,50000,None,3580,-0.008,0,3580,-0.008,0,,,,,,,,,20,,2157400,1927.1,,,2153800,1927.1,,,,,,
NE-HVAC-AirEcono-Adjust-ExSP63F,DEER2024,D24_E+_Com_v1,6/15/2026 10:46,Any,Gro,Ex,CZ08,cDXOH,Each,1,50000,None,2560,0.004,0,2560,0.004,0,,,,,,,,,20,,2169100,1888.4,,,2166500,1888.4,,,,,,
NE-HVAC-AirEcono-Adjust-ExSP63F,DEER2024,D24_E+_Com_v1,6/15/2026 10:46,Any,Gro,Ex,CZ09,cDXOH,Each,1,50000,None,2580,-0.017,0,2580,-0.017,0,,,,,,,,,20,,2131200,1901.7,,,2128600,1901.7,,,,,,
NE-HVAC-AirEcono-Adjust-ExSP63F,DEER2024,D24_E+_Com_v1,6/15/2026 10:46,Any,Gro,Ex,CZ10,cDXOH,Each,1,50000,None,1690,-0.018,0,1690,-0.018,0,,,,,,,,,20,,2149700,1878.2,,,2148000,1878.2,,,,,,
NE-HVAC-AirEcono-Adjust-ExSP63F,DEER2024,D24_E+_Com_v1,6/15/2026 10:46,Any,Gro,Ex,CZ11,cDXOH,Each,1,50000,None,2020,0.012,0.000342,2020,0.012,0.000342,,,,,,,,,20,,2011100,1925,,,2009100,1925,,,,,,
NE-HVAC-AirEcono-Adjust-ExSP63F,DEER2024,D24_E+_Com_v1,6/15/2026 10:46,Any,Gro,Ex,CZ12,cDXOH,Each,1,50000,None,200,-0.006,0,200,-0.006,0,,,,,,,,,20,,1889000,2012,,,1888800,2012,,,,,,
NE-HVAC-AirEcono-Adjust-ExSP63F,DEER2024,D24_E+_Com_v1,6/15/2026 10:46,Any,Gro,Ex,CZ13,cDXOH,Each,1,50000,None,2390,0.031,0,2390,0.031,0,,,,,,,,,20,,2057200,1887.2,,,2054800,1887.2,,,,,,
NE-HVAC-AirEcono-Adjust-ExSP63F,DEER2024,D24_E+_Com_v1,6/15/2026 10:46,Any,Gro,Ex,CZ14,cDXOH,Each,1,50000,None,3540,0.003,0,3540,0.003,0,,,,,,,,,20,,2077400,1939.6,,,2073900,1939.6,,,,,,
NE-HVAC-AirEcono-Adjust-ExSP63F,DEER2024,D24_E+_Com_v1,6/15/2026 10:46,Any,Gro,Ex,CZ15,cDXOH,Each,1,50000,None,2740,0.018,0,2740,0.018,0,,,,,,,,,20,,2433000,1600.6,,,2430300,1600.6,,,,,,
NE-HVAC-AirEcono-Adjust-ExSP63F,DEER2024,D24_E+_Com_v1,6/15/2026 10:46,Any,Gro,Ex,CZ16,cDXOH,Each,1,50000,None,4760,0.805,0,4760,0.805,0,,,,,,,,,20,,1853900,2214.7,,,1849100,2214.7,,,,,,
NE-HVAC-AirEcono-Adjust-ExSP63F,DEER2024,D24_E+_Com_v1,6/15/2026 10:46,Any,Gro,Ex,CZ01,cPVVG,Each,1,50000,None,504,0.331,0.0539,504,0.331,0.0539,,,,,,,,,20,,1463100,14721,,,1462600,14721,,,,,,
NE-HVAC-AirEcono-Adjust-ExSP63F,DEER2024,D24_E+_Com_v1,6/15/2026 10:46,Any,Gro,Ex,CZ02,cPVVG,Each,1,50000,None,1770,0.653,0.462,1770,0.653,0.462,,,,,,,,,20,,1627200,10587,,,1625500,10586,,,,,,
NE-HVAC-AirEcono-Adjust-ExSP63F,DEER2024,D24_E+_Com_v1,6/15/2026 10:46,Any,Gro,Ex,CZ03,cPVVG,Each,1,50000,None,2400,0.976,0.449,2400,0.976,0.449,,,,,,,,,20,,1665900,8760.1,,,1663500,8759.6,,,,,,
NE-HVAC-AirEcono-Adjust-ExSP63F,DEER2024,D24_E+_Com_v1,6/15/2026 10:46,Any,Gro,Ex,CZ04,cPVVG,Each,1,50000,None,1800,-0.002,0.261,1800,-0.002,0.261,,,,,,,,,20,,1761500,9060,,,1759700,9059.8,,,,,,
NE-HVAC-AirEcono-Adjust-ExSP63F,DEER2024,D24_E+_Com_v1,6/15/2026 10:46,Any,Gro,Ex,CZ05,cPVVG,Each,1,50000,None,2640,0.9,0.627,2640,0.9,0.627,,,,,,,,,20,,1686300,8378.6,,,1683600,8378,,,,,,
NE-HVAC-AirEcono-Adjust-ExSP63F,DEER2024,D24_E+_Com_v1,6/15/2026 10:46,Any,Gro,Ex,CZ06,cPVVG,Each,1,50000,None,4090,0.473,0.349,4090,0.473,0.349,,,,,,,,,20,,2017300,4678.7,,,2013300,4678.3,,,,,,
NE-HVAC-AirEcono-Adjust-ExSP63F,DEER2024,D24_E+_Com_v1,6/15/2026 10:46,Any,Gro,Ex,CZ07,cPVVG,Each,1,50000,None,3200,-0.004,0.174,3200,-0.004,0.174,,,,,,,,,20,,2030200,4454.3,,,2027000,4454.1,,,,,,
NE-HVAC-AirEcono-Adjust-ExSP63F,DEER2024,D24_E+_Com_v1,6/15/2026 10:46,Any,Gro,Ex,CZ08,cPVVG,Each,1,50000,None,2440,-0.003,0.297,2440,-0.003,0.297,,,,,,,,,20,,2044000,4713.6,,,2041600,4713.3,,,,,,
NE-HVAC-AirEcono-Adjust-ExSP63F,DEER2024,D24_E+_Com_v1,6/15/2026 10:46,Any,Gro,Ex,CZ09,cPVVG,Each,1,50000,None,2330,-0.032,0.285,2330,-0.032,0.285,,,,,,,,,20,,2009200,5286.3,,,2006800,5286,,,,,,
NE-HVAC-AirEcono-Adjust-ExSP63F,DEER2024,D24_E+_Com_v1,6/15/2026 10:46,Any,Gro,Ex,CZ10,cPVVG,Each,1,50000,None,1570,-0.035,0.361,1570,-0.035,0.361,,,,,,,,,20,,2027600,5243.8,,,2026000,5243.4,,,,,,
NE-HVAC-AirEcono-Adjust-ExSP63F,DEER2024,D24_E+_Com_v1,6/15/2026 10:46,Any,Gro,Ex,CZ11,cPVVG,Each,1,50000,None,1500,0.018,0.271,1500,0.018,0.271,,,,,,,,,20,,1893500,8977.6,,,1892000,8977.4,,,,,,
NE-HVAC-AirEcono-Adjust-ExSP63F,DEER2024,D24_E+_Com_v1,6/15/2026 10:46,Any,Gro,Ex,CZ12,cPVVG,Each,1,50000,None,652,-0.001,0.742,652,-0.001,0.742,,,,,,,,,20,,1774600,9258.1,,,1774000,9257.3,,,,,,
NE-HVAC-AirEcono-Adjust-ExSP63F,DEER2024,D24_E+_Com_v1,6/15/2026 10:46,Any,Gro,Ex,CZ13,cPVVG,Each,1,50000,None,1440,0.041,0.263,1440,0.041,0.263,,,,,,,,,20,,1943200,8071.1,,,1941700,8070.8,,,,,,
NE-HVAC-AirEcono-Adjust-ExSP63F,DEER2024,D24_E+_Com_v1,6/15/2026 10:46,Any,Gro,Ex,CZ14,cPVVG,Each,1,50000,None,2410,-0.001,0.0546,2410,-0.001,0.0546,,,,,,,,,20,,1957900,7972.2,,,1955500,7972.1,,,,,,
NE-HVAC-AirEcono-Adjust-ExSP63F,DEER2024,D24_E+_Com_v1,6/15/2026 10:46,Any,Gro,Ex,CZ15,cPVVG,Each,1,50000,None,1900,0.036,0.0369,1900,0.036,0.0369,,,,,,,,,20,,2305600,3299.8,,,2303700,3299.7,,,,,,
NE-HVAC-AirEcono-Adjust-ExSP63F,DEER2024,D24_E+_Com_v1,6/15/2026 10:46,Any,Gro,Ex,CZ16,cPVVG,Each,1,50000,None,2930,0.587,0.027,2930,0.587,0.027,,,,,,,,,20,,1717100,13235,,,1714200,13235,,,,,,
NE-HVAC-AirEcono-Adjust-ExSP63F,DEER2024,D24_E+_Com_v1,6/15/2026 10:46,Any,Hsp,Ex,CZ01,cDXGF,Each,1,494000,None,5330,5.73,0.869,5330,5.73,0.869,,,,,,,,,20,,2615800,25032,,,2610500,25031,,,,,,
NE-HVAC-AirEcono-Adjust-ExSP63F,DEER2024,D24_E+_Com_v1,6/15/2026 10:46,Any,Hsp,Ex,CZ02,cDXGF,Each,1,494000,None,15600,2.62,0.355,15600,2.62,0.355,,,,,,,,,20,,3184100,23934,,,3168500,23934,,,,,,
NE-HVAC-AirEcono-Adjust-ExSP63F,DEER2024,D24_E+_Com_v1,6/15/2026 10:46,Any,Hsp,Ex,CZ03,cDXGF,Each,1,494000,None,23000,7.26,-0.0502,23000,7.26,-0.0502,,,,,,,,,20,,2888400,18734,,,2865400,18734,,,,,,
NE-HVAC-AirEcono-Adjust-ExSP63F,DEER2024,D24_E+_Com_v1,6/15/2026 10:46,Any,Hsp,Ex,CZ04,cDXGF,Each,1,494000,None,17200,0,-0.169,17200,0,-0.169,,,,,,,,,20,,3509000,22662,,,3491800,22662,,,,,,
NE-HVAC-AirEcono-Adjust-ExSP63F,DEER2024,D24_E+_Com_v1,6/15/2026 10:46,Any,Hsp,Ex,CZ05,cDXGF,Each,1,494000,None,24200,6.3,0.0041,24200,6.3,0.0041,,,,,,,,,20,,2962000,18993,,,2937800,18993,,,,,,
NE-HVAC-AirEcono-Adjust-ExSP63F,DEER2024,D24_E+_Com_v1,6/15/2026 10:46,Any,Hsp,Ex,CZ06,cDXGF,Each,1,494000,None,37300,2.33,-0.0174,37300,2.33,-0.0174,,,,,,,,,20,,3294500,12867,,,3257200,12867,,,,,,
NE-HVAC-AirEcono-Adjust-ExSP63F,DEER2024,D24_E+_Com_v1,6/15/2026 10:46,Any,Hsp,Ex,CZ07,cDXGF,Each,1,494000,None,32900,0,-0.00307,32900,0,-0.00307,,,,,,,,,20,,3353400,12408,,,3320500,12408,,,,,,
NE-HVAC-AirEcono-Adjust-ExSP63F,DEER2024,D24_E+_Com_v1,6/15/2026 10:46,Any,Hsp,Ex,CZ08,cDXGF,Each,1,494000,None,28600,0.014,-0.027,28600,0.014,-0.027,,,,,,,,,20,,3703100,13949,,,3674500,13949,,,,,,
NE-HVAC-AirEcono-Adjust-ExSP63F,DEER2024,D24_E+_Com_v1,6/15/2026 10:46,Any,Hsp,Ex,CZ09,cDXGF,Each,1,494000,None,25700,0,-0.2,25700,0,-0.2,,,,,,,,,20,,3696200,15055,,,3670500,15055,,,,,,
NE-HVAC-AirEcono-Adjust-ExSP63F,DEER2024,D24_E+_Com_v1,6/15/2026 10:46,Any,Hsp,Ex,CZ10,cDXGF,Each,1,494000,None,24800,0,-0.195,24800,0,-0.195,,,,,,,,,20,,3835500,16464,,,3810800,16464,,,,,,
NE-HVAC-AirEcono-Adjust-ExSP63F,DEER2024,D24_E+_Com_v1,6/15/2026 10:46,Any,Hsp,Ex,CZ11,cDXGF,Each,1,494000,None,17200,-0.001,-0.216,17200,-0.001,-0.216,,,,,,,,,20,,3803100,22818,,,3785900,22818,,,,,,
NE-HVAC-AirEcono-Adjust-ExSP63F,DEER2024,D24_E+_Com_v1,6/15/2026 10:46,Any,Hsp,Ex,CZ12,cDXGF,Each,1,494000,None,19200,0.001,-0.33,19200,0.001,-0.33,,,,,,,,,20,,3488700,22194,,,3469500,22195,,,,,,
NE-HVAC-AirEcono-Adjust-ExSP63F,DEER2024,D24_E+_Com_v1,6/15/2026 10:46,Any,Hsp,Ex,CZ13,cDXGF,Each,1,494000,None,18700,0,-0.0137,18700,0,-0.0137,,,,,,,,,20,,3849100,20637,,,3830500,20637,,,,,,
NE-HVAC-AirEcono-Adjust-ExSP63F,DEER2024,D24_E+_Com_v1,6/15/2026 10:46,Any,Hsp,Ex,CZ14,cDXGF,Each,1,494000,None,16900,0,0.055,16900,0,0.055,,,,,,,,,20,,3895900,20116,,,3879000,20116,,,,,,
NE-HVAC-AirEcono-Adjust-ExSP63F,DEER2024,D24_E+_Com_v1,6/15/2026 10:46,Any,Hsp,Ex,CZ15,cDXGF,Each,1,494000,None,15700,0,0.242,15700,0,0.242,,,,,,,,,20,,4580300,13600,,,4564600,13600,,,,,,
NE-HVAC-AirEcono-Adjust-ExSP63F,DEER2024,D24_E+_Com_v1,6/15/2026 10:46,Any,Hsp,Ex,CZ16,cDXGF,Each,1,494000,None,18300,1.2,0.176,18300,1.2,0.176,,,,,,,,,20,,3398100,29091,,,3379800,29091,,,,,,
NE-HVAC-AirEcono-Adjust-ExSP63F,DEER2024,D24_E+_Com_v1,6/15/2026 10:46,Any,Hsp,Ex,CZ01,cDXHP,Each,1,494000,None,5170,5.8,-0.143,5170,5.8,-0.143,,,,,,,,,20,,2628900,23341,,,2623700,23342,,,,,,
NE-HVAC-AirEcono-Adjust-ExSP63F,DEER2024,D24_E+_Com_v1,6/15/2026 10:46,Any,Hsp,Ex,CZ02,cDXHP,Each,1,494000,None,15700,2.65,-0.271,15700,2.65,-0.271,,,,,,,,,20,,3196000,22574,,,3180300,22575,,,,,,
NE-HVAC-AirEcono-Adjust-ExSP63F,DEER2024,D24_E+_Com_v1,6/15/2026 10:46,Any,Hsp,Ex,CZ03,cDXHP,Each,1,494000,None,22800,7.32,0.0184,22800,7.32,0.0184,,,,,,,,,20,,2893700,17978,,,2871000,17978,,,,,,
NE-HVAC-AirEcono-Adjust-ExSP63F,DEER2024,D24_E+_Com_v1,6/15/2026 10:46,Any,Hsp,Ex,CZ04,cDXHP,Each,1,494000,None,17400,-0.002,0.226,17400,-0.002,0.226,,,,,,,,,20,,3521000,21507,,,3503700,21507,,,,,,
NE-HVAC-AirEcono-Adjust-ExSP63F,DEER2024,D24_E+_Com_v1,6/15/2026 10:46,Any,Hsp,Ex,CZ05,cDXHP,Each,1,494000,None,23800,6.36,-0.0116,23800,6.36,-0.0116,,,,,,,,,20,,2967900,18217,,,2944100,18217,,,,,,
NE-HVAC-AirEcono-Adjust-ExSP63F,DEER2024,D24_E+_Com_v1,6/15/2026 10:46,Any,Hsp,Ex,CZ06,cDXHP,Each,1,494000,None,37200,2.35,-0.161,37200,2.35,-0.161,,,,,,,,,20,,3293200,12711,,,3255900,12711,,,,,,
NE-HVAC-AirEcono-Adjust-ExSP63F,DEER2024,D24_E+_Com_v1,6/15/2026 10:46,Any,Hsp,Ex,CZ07,cDXHP,Each,1,494000,None,32700,0,-0.0877,32700,0,-0.0877,,,,,,,,,20,,3352100,12279,,,3319500,12279,,,,,,
NE-HVAC-AirEcono-Adjust-ExSP63F,DEER2024,D24_E+_Com_v1,6/15/2026 10:46,Any,Hsp,Ex,CZ08,cDXHP,Each,1,494000,None,28700,-0.089,0.256,28700,-0.089,0.256,,,,,,,,,20,,3703500,13729,,,3674800,13729,,,,,,
NE-HVAC-AirEcono-Adjust-ExSP63F,DEER2024,D24_E+_Com_v1,6/15/2026 10:46,Any,Hsp,Ex,CZ09,cDXHP,Each,1,494000,None,25700,0,-0.446,25700,0,-0.446,,,,,,,,,20,,3698300,14752,,,3672600,14753,,,,,,
NE-HVAC-AirEcono-Adjust-ExSP63F,DEER2024,D24_E+_Com_v1,6/15/2026 10:46,Any,Hsp,Ex,CZ10,cDXHP,Each,1,494000,None,24800,0,-0.0338,24800,0,-0.0338,,,,,,,,,20,,3838600,16078,,,3813800,16078,,,,,,
NE-HVAC-AirEcono-Adjust-ExSP63F,DEER2024,D24_E+_Com_v1,6/15/2026 10:46,Any,Hsp,Ex,CZ11,cDXHP,Each,1,494000,None,17400,0,-0.181,17400,0,-0.181,,,,,,,,,20,,3814700,21691,,,3797400,21691,,,,,,
NE-HVAC-AirEcono-Adjust-ExSP63F,DEER2024,D24_E+_Com_v1,6/15/2026 10:46,Any,Hsp,Ex,CZ12,cDXHP,Each,1,494000,None,19400,-0.001,0.072,19400,-0.001,0.072,,,,,,,,,20,,3499100,21053,,,3479800,21053,,,,,,
NE-HVAC-AirEcono-Adjust-ExSP63F,DEER2024,D24_E+_Com_v1,6/15/2026 10:46,Any,Hsp,Ex,CZ13,cDXHP,Each,1,494000,None,18800,0,0.319,18800,0,0.319,,,,,,,,,20,,3858100,19768,,,3839300,19768,,,,,,
NE-HVAC-AirEcono-Adjust-ExSP63F,DEER2024,D24_E+_Com_v1,6/15/2026 10:46,Any,Hsp,Ex,CZ14,cDXHP,Each,1,494000,None,17000,0,-0.0372,17000,0,-0.0372,,,,,,,,,20,,3906500,19210,,,3889500,19210,,,,,,
NE-HVAC-AirEcono-Adjust-ExSP63F,DEER2024,D24_E+_Com_v1,6/15/2026 10:46,Any,Hsp,Ex,CZ15,cDXHP,Each,1,494000,None,15800,0,-0.102,15800,0,-0.102,,,,,,,,,20,,4583000,13493,,,4567200,13493,,,,,,
NE-HVAC-AirEcono-Adjust-ExSP63F,DEER2024,D24_E+_Com_v1,6/15/2026 10:46,Any,Hsp,Ex,CZ16,cDXHP,Each,1,494000,None,18400,1.21,0.101,18400,1.21,0.101,,,,,,,,,20,,3417600,27348,,,3399200,27348,,,,,,
NE-HVAC-AirEcono-Adjust-ExSP63F,DEER2024,D24_E+_Com_v1,6/15/2026 10:46,Any,Hsp,Ex,CZ01,cDXOH,Each,1,494000,None,5330,5.72,0.528,5330,5.72,0.528,,,,,,,,,20,,2615000,23639,,,2609700,23639,,,,,,
NE-HVAC-AirEcono-Adjust-ExSP63F,DEER2024,D24_E+_Com_v1,6/15/2026 10:46,Any,Hsp,Ex,CZ02,cDXOH,Each,1,494000,None,15500,2.62,0.537,15500,2.62,0.537,,,,,,,,,20,,3183300,22731,,,3167800,22731,,,,,,
NE-HVAC-AirEcono-Adjust-ExSP63F,DEER2024,D24_E+_Com_v1,6/15/2026 10:46,Any,Hsp,Ex,CZ03,cDXOH,Each,1,494000,None,23000,7.26,0.151,23000,7.26,0.151,,,,,,,,,20,,2887900,18081,,,2864900,18081,,,,,,
NE-HVAC-AirEcono-Adjust-ExSP63F,DEER2024,D24_E+_Com_v1,6/15/2026 10:46,Any,Hsp,Ex,CZ04,cDXOH,Each,1,494000,None,17100,0,0.101,17100,0,0.101,,,,,,,,,20,,3508200,21646,,,3491100,21646,,,,,,
NE-HVAC-AirEcono-Adjust-ExSP63F,DEER2024,D24_E+_Com_v1,6/15/2026 10:46,Any,Hsp,Ex,CZ05,cDXOH,Each,1,494000,None,24100,6.3,-0.0137,24100,6.3,-0.0137,,,,,,,,,20,,2961400,18310,,,2937300,18310,,,,,,
NE-HVAC-AirEcono-Adjust-ExSP63F,DEER2024,D24_E+_Com_v1,6/15/2026 10:46,Any,Hsp,Ex,CZ06,cDXOH,Each,1,494000,None,37300,2.33,-0.0468,37300,2.33,-0.0468,,,,,,,,,20,,3294300,12726,,,3257000,12727,,,,,,
NE-HVAC-AirEcono-Adjust-ExSP63F,DEER2024,D24_E+_Com_v1,6/15/2026 10:46,Any,Hsp,Ex,CZ07,cDXOH,Each,1,494000,None,32900,0,0.53,32900,0,0.53,,,,,,,,,20,,3353300,12290,,,3320400,12290,,,,,,
NE-HVAC-AirEcono-Adjust-ExSP63F,DEER2024,D24_E+_Com_v1,6/15/2026 10:46,Any,Hsp,Ex,CZ08,cDXOH,Each,1,494000,None,28600,-0.053,0.222,28600,-0.053,0.222,,,,,,,,,20,,3702900,13753,,,3674200,13753,,,,,,
NE-HVAC-AirEcono-Adjust-ExSP63F,DEER2024,D24_E+_Com_v1,6/15/2026 10:46,Any,Hsp,Ex,CZ09,cDXOH,Each,1,494000,None,25700,0,-0.134,25700,0,-0.134,,,,,,,,,20,,3696000,14787,,,3670300,14788,,,,,,
NE-HVAC-AirEcono-Adjust-ExSP63F,DEER2024,D24_E+_Com_v1,6/15/2026 10:46,Any,Hsp,Ex,CZ10,cDXOH,Each,1,494000,None,24700,0,-0.252,24700,0,-0.252,,,,,,,,,20,,3835200,16116,,,3810500,16116,,,,,,
NE-HVAC-AirEcono-Adjust-ExSP63F,DEER2024,D24_E+_Com_v1,6/15/2026 10:46,Any,Hsp,Ex,CZ11,cDXOH,Each,1,494000,None,17200,-0.001,-0.00443,17200,-0.001,-0.00443,,,,,,,,,20,,3802600,21813,,,3785400,21813,,,,,,
NE-HVAC-AirEcono-Adjust-ExSP63F,DEER2024,D24_E+_Com_v1,6/15/2026 10:46,Any,Hsp,Ex,CZ12,cDXOH,Each,1,494000,None,19200,-0.002,-0.255,19200,-0.002,-0.255,,,,,,,,,20,,3488100,21228,,,3468900,21228,,,,,,
NE-HVAC-AirEcono-Adjust-ExSP63F,DEER2024,D24_E+_Com_v1,6/15/2026 10:46,Any,Hsp,Ex,CZ13,cDXOH,Each,1,494000,None,18600,0,-0.399,18600,0,-0.399,,,,,,,,,20,,3849000,19895,,,3830300,19896,,,,,,
NE-HVAC-AirEcono-Adjust-ExSP63F,DEER2024,D24_E+_Com_v1,6/15/2026 10:46,Any,Hsp,Ex,CZ14,cDXOH,Each,1,494000,None,16800,0,-0.0147,16800,0,-0.0147,,,,,,,,,20,,3895400,19351,,,3878600,19351,,,,,,
NE-HVAC-AirEcono-Adjust-ExSP63F,DEER2024,D24_E+_Com_v1,6/15/2026 10:46,Any,Hsp,Ex,CZ15,cDXOH,Each,1,494000,None,15700,0,-0.183,15700,0,-0.183,,,,,,,,,20,,4580200,13506,,,4564500,13506,,,,,,
NE-HVAC-AirEcono-Adjust-ExSP63F,DEER2024,D24_E+_Com_v1,6/15/2026 10:46,Any,Hsp,Ex,CZ16,cDXOH,Each,1,494000,None,18300,1.2,-0.165,18300,1.2,-0.165,,,,,,,,,20,,3398500,27634,,,3380100,27634,,,,,,
NE-HVAC-AirEcono-Adjust-ExSP63F,DEER2024,D24_E+_Com_v1,6/15/2026 10:46,Any,Hsp,Ex,CZ01,cPVVG,Each,1,494000,None,4130,4.38,-0.00751,4130,4.38,-0.00751,,,,,,,,,20,,2448200,26261,,,2444100,26261,,,,,,
NE-HVAC-AirEcono-Adjust-ExSP63F,DEER2024,D24_E+_Com_v1,6/15/2026 10:46,Any,Hsp,Ex,CZ02,cPVVG,Each,1,494000,None,12100,2.05,0.0423,12100,2.05,0.0423,,,,,,,,,20,,3003000,25090,,,2990900,25090,,,,,,
NE-HVAC-AirEcono-Adjust-ExSP63F,DEER2024,D24_E+_Com_v1,6/15/2026 10:46,Any,Hsp,Ex,CZ03,cPVVG,Each,1,494000,None,18200,5.65,-0.307,18200,5.65,-0.307,,,,,,,,,20,,2713900,19435,,,2695700,19435,,,,,,
NE-HVAC-AirEcono-Adjust-ExSP63F,DEER2024,D24_E+_Com_v1,6/15/2026 10:46,Any,Hsp,Ex,CZ04,cPVVG,Each,1,494000,None,13300,-0.001,-0.00853,13300,-0.001,-0.00853,,,,,,,,,20,,3325900,23703,,,3312600,23703,,,,,,
NE-HVAC-AirEcono-Adjust-ExSP63F,DEER2024,D24_E+_Com_v1,6/15/2026 10:46,Any,Hsp,Ex,CZ05,cPVVG,Each,1,494000,None,19200,5,0.111,19200,5,0.111,,,,,,,,,20,,2783200,19742,,,2764000,19742,,,,,,
NE-HVAC-AirEcono-Adjust-ExSP63F,DEER2024,D24_E+_Com_v1,6/15/2026 10:46,Any,Hsp,Ex,CZ06,cPVVG,Each,1,494000,None,28800,1.86,-0.144,28800,1.86,-0.144,,,,,,,,,20,,3118700,13112,,,3089900,13113,,,,,,
NE-HVAC-AirEcono-Adjust-ExSP63F,DEER2024,D24_E+_Com_v1,6/15/2026 10:46,Any,Hsp,Ex,CZ07,cPVVG,Each,1,494000,None,25000,0,-0.243,25000,0,-0.243,,,,,,,,,20,,3174800,12634,,,3149800,12634,,,,,,
NE-HVAC-AirEcono-Adjust-ExSP63F,DEER2024,D24_E+_Com_v1,6/15/2026 10:46,Any,Hsp,Ex,CZ08,cPVVG,Each,1,494000,None,22000,-0.035,-0.101,22000,-0.035,-0.101,,,,,,,,,20,,3523800,14251,,,3501800,14251,,,,,,
NE-HVAC-AirEcono-Adjust-ExSP63F,DEER2024,D24_E+_Com_v1,6/15/2026 10:46,Any,Hsp,Ex,CZ09,cPVVG,Each,1,494000,None,19900,0,-0.203,19900,0,-0.203,,,,,,,,,20,,3510700,15448,,,3490800,15448,,,,,,
NE-HVAC-AirEcono-Adjust-ExSP63F,DEER2024,D24_E+_Com_v1,6/15/2026 10:46,Any,Hsp,Ex,CZ10,cPVVG,Each,1,494000,None,19100,0,-0.216,19100,0,-0.216,,,,,,,,,20,,3646700,16945,,,3627600,16946,,,,,,
NE-HVAC-AirEcono-Adjust-ExSP63F,DEER2024,D24_E+_Com_v1,6/15/2026 10:46,Any,Hsp,Ex,CZ11,cPVVG,Each,1,494000,None,13300,0,-0.013,13300,0,-0.013,,,,,,,,,20,,3620900,23855,,,3607600,23855,,,,,,
NE-HVAC-AirEcono-Adjust-ExSP63F,DEER2024,D24_E+_Com_v1,6/15/2026 10:46,Any,Hsp,Ex,CZ12,cPVVG,Each,1,494000,None,14900,0.001,0.396,14900,0.001,0.396,,,,,,,,,20,,3309900,23237,,,3295000,23236,,,,,,
NE-HVAC-AirEcono-Adjust-ExSP63F,DEER2024,D24_E+_Com_v1,6/15/2026 10:46,Any,Hsp,Ex,CZ13,cPVVG,Each,1,494000,None,14500,0,-0.0816,14500,0,-0.0816,,,,,,,,,20,,3668800,21542,,,3654300,21542,,,,,,
NE-HVAC-AirEcono-Adjust-ExSP63F,DEER2024,D24_E+_Com_v1,6/15/2026 10:46,Any,Hsp,Ex,CZ14,cPVVG,Each,1,494000,None,13600,0,-0.372,13600,0,-0.372,,,,,,,,,20,,3709600,20945,,,3696100,20945,,,,,,
NE-HVAC-AirEcono-Adjust-ExSP63F,DEER2024,D24_E+_Com_v1,6/15/2026 10:46,Any,Hsp,Ex,CZ15,cPVVG,Each,1,494000,None,12000,0,0.293,12000,0,0.293,,,,,,,,,20,,4411900,13774,,,4399900,13774,,,,,,
NE-HVAC-AirEcono-Adjust-ExSP63F,DEER2024,D24_E+_Com_v1,6/15/2026 10:46,Any,Hsp,Ex,CZ16,cPVVG,Each,1,494000,None,15400,1.05,0.058,15400,1.05,0.058,,,,,,,,,20,,3183200,30654,,,3167900,30654,,,,,,
NE-HVAC-AirEcono-Adjust-ExSP63F,DEER2024,D24_E+_Com_v1,6/15/2026 10:46,Any,Htl,Ex,CZ01,cDXGF,Each,1,137000,None,1040,1.01,0,1040,1.01,0,,,,,,,,,20,,414120,3868.1,,,413080,3868.1,,,,,,
NE-HVAC-AirEcono-Adjust-ExSP63F,DEER2024,D24_E+_Com_v1,6/15/2026 10:46,Any,Htl,Ex,CZ02,cDXGF,Each,1,137000,None,3810,0.539,-0.00307,3810,0.539,-0.00307,,,,,,,,,20,,485500,3177.2,,,481690,3177.2,,,,,,
NE-HVAC-AirEcono-Adjust-ExSP63F,DEER2024,D24_E+_Com_v1,6/15/2026 10:46,Any,Htl,Ex,CZ03,cDXGF,Each,1,137000,None,5780,1.56,-0.00102,5780,1.56,-0.00102,,,,,,,,,20,,464640,2367,,,458860,2367,,,,,,
NE-HVAC-AirEcono-Adjust-ExSP63F,DEER2024,D24_E+_Com_v1,6/15/2026 10:46,Any,Htl,Ex,CZ04,cDXGF,Each,1,137000,None,4170,0,-0.00205,4170,0,-0.00205,,,,,,,,,20,,528250,2744.9,,,524080,2744.9,,,,,,
NE-HVAC-AirEcono-Adjust-ExSP63F,DEER2024,D24_E+_Com_v1,6/15/2026 10:46,Any,Htl,Ex,CZ05,cDXGF,Each,1,137000,None,5700,1.31,-0.000682,5700,1.31,-0.000682,,,,,,,,,20,,469470,2203.1,,,463770,2203.1,,,,,,
NE-HVAC-AirEcono-Adjust-ExSP63F,DEER2024,D24_E+_Com_v1,6/15/2026 10:46,Any,Htl,Ex,CZ06,cDXGF,Each,1,137000,None,7740,0.437,-0.000683,7740,0.437,-0.000683,,,,,,,,,20,,509450,1577.6,,,501710,1577.6,,,,,,
NE-HVAC-AirEcono-Adjust-ExSP63F,DEER2024,D24_E+_Com_v1,6/15/2026 10:46,Any,Htl,Ex,CZ07,cDXGF,Each,1,137000,None,6950,0,-0.000683,6950,0,-0.000683,,,,,,,,,20,,508660,1541.7,,,501720,1541.7,,,,,,
NE-HVAC-AirEcono-Adjust-ExSP63F,DEER2024,D24_E+_Com_v1,6/15/2026 10:46,Any,Htl,Ex,CZ08,cDXGF,Each,1,137000,None,6490,0,-0.00137,6490,0,-0.00137,,,,,,,,,20,,556320,1608.1,,,549840,1608.1,,,,,,
NE-HVAC-AirEcono-Adjust-ExSP63F,DEER2024,D24_E+_Com_v1,6/15/2026 10:46,Any,Htl,Ex,CZ09,cDXGF,Each,1,137000,None,6050,0,-0.00102,6050,0,-0.00102,,,,,,,,,20,,558860,1725.8,,,552800,1725.9,,,,,,
NE-HVAC-AirEcono-Adjust-ExSP63F,DEER2024,D24_E+_Com_v1,6/15/2026 10:46,Any,Htl,Ex,CZ10,cDXGF,Each,1,137000,None,5470,0,-0.00137,5470,0,-0.00137,,,,,,,,,20,,566830,1736.2,,,561360,1736.2,,,,,,
NE-HVAC-AirEcono-Adjust-ExSP63F,DEER2024,D24_E+_Com_v1,6/15/2026 10:46,Any,Htl,Ex,CZ11,cDXGF,Each,1,137000,None,4040,0,-0.00273,4040,0,-0.00273,,,,,,,,,20,,577130,3247.3,,,573090,3247.3,,,,,,
NE-HVAC-AirEcono-Adjust-ExSP63F,DEER2024,D24_E+_Com_v1,6/15/2026 10:46,Any,Htl,Ex,CZ12,cDXGF,Each,1,137000,None,4460,0,-0.00171,4460,0,-0.00171,,,,,,,,,20,,524580,3124.3,,,520120,3124.3,,,,,,
NE-HVAC-AirEcono-Adjust-ExSP63F,DEER2024,D24_E+_Com_v1,6/15/2026 10:46,Any,Htl,Ex,CZ13,cDXGF,Each,1,137000,None,4200,0,-0.00137,4200,0,-0.00137,,,,,,,,,20,,585160,2850.7,,,580970,2850.7,,,,,,
NE-HVAC-AirEcono-Adjust-ExSP63F,DEER2024,D24_E+_Com_v1,6/15/2026 10:46,Any,Htl,Ex,CZ14,cDXGF,Each,1,137000,None,4050,0,-0.00239,4050,0,-0.00239,,,,,,,,,20,,575270,2468.7,,,571220,2468.7,,,,,,
NE-HVAC-AirEcono-Adjust-ExSP63F,DEER2024,D24_E+_Com_v1,6/15/2026 10:46,Any,Htl,Ex,CZ15,cDXGF,Each,1,137000,None,3970,0,-0.00102,3970,0,-0.00102,,,,,,,,,20,,698080,1495.2,,,694120,1495.2,,,,,,
NE-HVAC-AirEcono-Adjust-ExSP63F,DEER2024,D24_E+_Com_v1,6/15/2026 10:46,Any,Htl,Ex,CZ16,cDXGF,Each,1,137000,None,4390,0.272,-0.000682,4390,0.272,-0.000682,,,,,,,,,20,,499410,4535.9,,,495030,4535.9,,,,,,
NE-HVAC-AirEcono-Adjust-ExSP63F,DEER2024,D24_E+_Com_v1,6/15/2026 10:46,Any,Htl,Ex,CZ01,cDXHP,Each,1,137000,None,1020,1.04,0,1020,1.04,0,,,,,,,,,20,,429270,1803.4,,,428250,1803.4,,,,,,
NE-HVAC-AirEcono-Adjust-ExSP63F,DEER2024,D24_E+_Com_v1,6/15/2026 10:46,Any,Htl,Ex,CZ02,cDXHP,Each,1,137000,None,3840,0.546,-0.000683,3840,0.546,-0.000683,,,,,,,,,20,,496590,1767.8,,,492750,1767.8,,,,,,
NE-HVAC-AirEcono-Adjust-ExSP63F,DEER2024,D24_E+_Com_v1,6/15/2026 10:46,Any,Htl,Ex,CZ03,cDXHP,Each,1,137000,None,5790,1.62,0,5790,1.62,0,,,,,,,,,20,,470060,1616.6,,,464270,1616.6,,,,,,
NE-HVAC-AirEcono-Adjust-ExSP63F,DEER2024,D24_E+_Com_v1,6/15/2026 10:46,Any,Htl,Ex,CZ04,cDXHP,Each,1,137000,None,4190,0,0,4190,0,0,,,,,,,,,20,,537110,1676.7,,,532910,1676.7,,,,,,
NE-HVAC-AirEcono-Adjust-ExSP63F,DEER2024,D24_E+_Com_v1,6/15/2026 10:46,Any,Htl,Ex,CZ05,cDXHP,Each,1,137000,None,5710,1.34,0,5710,1.34,0,,,,,,,,,20,,474280,1562.2,,,468570,1562.2,,,,,,
NE-HVAC-AirEcono-Adjust-ExSP63F,DEER2024,D24_E+_Com_v1,6/15/2026 10:46,Any,Htl,Ex,CZ06,cDXHP,Each,1,137000,None,7820,0.445,0,7820,0.445,0,,,,,,,,,20,,508640,1468.3,,,500830,1468.3,,,,,,
NE-HVAC-AirEcono-Adjust-ExSP63F,DEER2024,D24_E+_Com_v1,6/15/2026 10:46,Any,Htl,Ex,CZ07,cDXHP,Each,1,137000,None,6930,0,0,6930,0,0,,,,,,,,,20,,508090,1462.4,,,501150,1462.4,,,,,,
NE-HVAC-AirEcono-Adjust-ExSP63F,DEER2024,D24_E+_Com_v1,6/15/2026 10:46,Any,Htl,Ex,CZ08,cDXHP,Each,1,137000,None,6540,0,0,6540,0,0,,,,,,,,,20,,557010,1458.1,,,550470,1458.1,,,,,,
NE-HVAC-AirEcono-Adjust-ExSP63F,DEER2024,D24_E+_Com_v1,6/15/2026 10:46,Any,Htl,Ex,CZ09,cDXHP,Each,1,137000,None,6070,0,0,6070,0,0,,,,,,,,,20,,560620,1474.7,,,554550,1474.7,,,,,,
NE-HVAC-AirEcono-Adjust-ExSP63F,DEER2024,D24_E+_Com_v1,6/15/2026 10:46,Any,Htl,Ex,CZ10,cDXHP,Each,1,137000,None,5490,0,0,5490,0,0,,,,,,,,,20,,568820,1463,,,563330,1463,,,,,,
NE-HVAC-AirEcono-Adjust-ExSP63F,DEER2024,D24_E+_Com_v1,6/15/2026 10:46,Any,Htl,Ex,CZ11,cDXHP,Each,1,137000,None,4060,0,0,4060,0,0,,,,,,,,,20,,587940,1901.9,,,583880,1901.9,,,,,,
NE-HVAC-AirEcono-Adjust-ExSP63F,DEER2024,D24_E+_Com_v1,6/15/2026 10:46,Any,Htl,Ex,CZ12,cDXHP,Each,1,137000,None,4480,0,0,4480,0,0,,,,,,,,,20,,534940,1789.5,,,530460,1789.5,,,,,,
NE-HVAC-AirEcono-Adjust-ExSP63F,DEER2024,D24_E+_Com_v1,6/15/2026 10:46,Any,Htl,Ex,CZ13,cDXHP,Each,1,137000,None,4260,0,0,4260,0,0,,,,,,,,,20,,594490,1738.5,,,590240,1738.5,,,,,,
NE-HVAC-AirEcono-Adjust-ExSP63F,DEER2024,D24_E+_Com_v1,6/15/2026 10:46,Any,Htl,Ex,CZ14,cDXHP,Each,1,137000,None,4080,0,0,4080,0,0,,,,,,,,,20,,583340,1589.8,,,579260,1589.8,,,,,,
NE-HVAC-AirEcono-Adjust-ExSP63F,DEER2024,D24_E+_Com_v1,6/15/2026 10:46,Any,Htl,Ex,CZ15,cDXHP,Each,1,137000,None,4000,0,0,4000,0,0,,,,,,,,,20,,700730,1396.5,,,696730,1396.5,,,,,,
NE-HVAC-AirEcono-Adjust-ExSP63F,DEER2024,D24_E+_Com_v1,6/15/2026 10:46,Any,Htl,Ex,CZ16,cDXHP,Each,1,137000,None,4440,0.277,-0.000341,4440,0.277,-0.000341,,,,,,,,,20,,522500,2369.5,,,518060,2369.5,,,,,,
NE-HVAC-AirEcono-Adjust-ExSP63F,DEER2024,D24_E+_Com_v1,6/15/2026 10:46,Any,Htl,Ex,CZ01,cDXOH,Each,1,137000,None,1030,1.01,0,1030,1.01,0,,,,,,,,,20,,413790,1878.3,,,412750,1878.3,,,,,,
NE-HVAC-AirEcono-Adjust-ExSP63F,DEER2024,D24_E+_Com_v1,6/15/2026 10:46,Any,Htl,Ex,CZ02,cDXOH,Each,1,137000,None,3770,0.539,-0.000341,3770,0.539,-0.000341,,,,,,,,,20,,484940,1834.7,,,481160,1834.7,,,,,,
NE-HVAC-AirEcono-Adjust-ExSP63F,DEER2024,D24_E+_Com_v1,6/15/2026 10:46,Any,Htl,Ex,CZ03,cDXOH,Each,1,137000,None,5780,1.56,0,5780,1.56,0,,,,,,,,,20,,464370,1634.3,,,458600,1634.3,,,,,,
NE-HVAC-AirEcono-Adjust-ExSP63F,DEER2024,D24_E+_Com_v1,6/15/2026 10:46,Any,Htl,Ex,CZ04,cDXOH,Each,1,137000,None,4130,0,0,4130,0,0,,,,,,,,,20,,527650,1706.9,,,523510,1706.9,,,,,,
NE-HVAC-AirEcono-Adjust-ExSP63F,DEER2024,D24_E+_Com_v1,6/15/2026 10:46,Any,Htl,Ex,CZ05,cDXOH,Each,1,137000,None,5680,1.31,0,5680,1.31,0,,,,,,,,,20,,468980,1570.6,,,463300,1570.6,,,,,,
NE-HVAC-AirEcono-Adjust-ExSP63F,DEER2024,D24_E+_Com_v1,6/15/2026 10:46,Any,Htl,Ex,CZ06,cDXOH,Each,1,137000,None,7740,0.437,0,7740,0.437,0,,,,,,,,,20,,509370,1468.4,,,501630,1468.4,,,,,,
NE-HVAC-AirEcono-Adjust-ExSP63F,DEER2024,D24_E+_Com_v1,6/15/2026 10:46,Any,Htl,Ex,CZ07,cDXOH,Each,1,137000,None,6940,0,0,6940,0,0,,,,,,,,,20,,508600,1462.4,,,501660,1462.4,,,,,,
NE-HVAC-AirEcono-Adjust-ExSP63F,DEER2024,D24_E+_Com_v1,6/15/2026 10:46,Any,Htl,Ex,CZ08,cDXOH,Each,1,137000,None,6480,0,0,6480,0,0,,,,,,,,,20,,556170,1458.3,,,549690,1458.3,,,,,,
NE-HVAC-AirEcono-Adjust-ExSP63F,DEER2024,D24_E+_Com_v1,6/15/2026 10:46,Any,Htl,Ex,CZ09,cDXOH,Each,1,137000,None,6040,0,0,6040,0,0,,,,,,,,,20,,558640,1476.3,,,552600,1476.3,,,,,,
NE-HVAC-AirEcono-Adjust-ExSP63F,DEER2024,D24_E+_Com_v1,6/15/2026 10:46,Any,Htl,Ex,CZ10,cDXOH,Each,1,137000,None,5450,0,0,5450,0,0,,,,,,,,,20,,566570,1463.7,,,561120,1463.7,,,,,,
NE-HVAC-AirEcono-Adjust-ExSP63F,DEER2024,D24_E+_Com_v1,6/15/2026 10:46,Any,Htl,Ex,CZ11,cDXOH,Each,1,137000,None,4000,0,-0.000341,4000,0,-0.000341,,,,,,,,,20,,576960,2009.7,,,572960,2009.7,,,,,,
NE-HVAC-AirEcono-Adjust-ExSP63F,DEER2024,D24_E+_Com_v1,6/15/2026 10:46,Any,Htl,Ex,CZ12,cDXOH,Each,1,137000,None,4440,0,-0.000683,4440,0,-0.000683,,,,,,,,,20,,524390,1880.9,,,519950,1880.9,,,,,,
NE-HVAC-AirEcono-Adjust-ExSP63F,DEER2024,D24_E+_Com_v1,6/15/2026 10:46,Any,Htl,Ex,CZ13,cDXOH,Each,1,137000,None,4180,0,0,4180,0,0,,,,,,,,,20,,585060,1820.1,,,580870,1820.1,,,,,,
NE-HVAC-AirEcono-Adjust-ExSP63F,DEER2024,D24_E+_Com_v1,6/15/2026 10:46,Any,Htl,Ex,CZ14,cDXOH,Each,1,137000,None,4010,0,0,4010,0,0,,,,,,,,,20,,574850,1613.2,,,570830,1613.2,,,,,,
NE-HVAC-AirEcono-Adjust-ExSP63F,DEER2024,D24_E+_Com_v1,6/15/2026 10:46,Any,Htl,Ex,CZ15,cDXOH,Each,1,137000,None,3960,0,0,3960,0,0,,,,,,,,,20,,697980,1397,,,694020,1397,,,,,,
NE-HVAC-AirEcono-Adjust-ExSP63F,DEER2024,D24_E+_Com_v1,6/15/2026 10:46,Any,Htl,Ex,CZ16,cDXOH,Each,1,137000,None,4380,0.272,0,4380,0.272,0,,,,,,,,,20,,499920,2571,,,495540,2571,,,,,,
NE-HVAC-AirEcono-Adjust-ExSP63F,DEER2024,D24_E+_Com_v1,6/15/2026 10:46,Any,Htl,Ex,CZ01,cPVVG,Each,1,137000,None,672,0.667,0,672,0.667,0,,,,,,,,,20,,362810,3691.5,,,362140,3691.5,,,,,,
NE-HVAC-AirEcono-Adjust-ExSP63F,DEER2024,D24_E+_Com_v1,6/15/2026 10:46,Any,Htl,Ex,CZ02,cPVVG,Each,1,137000,None,2360,0.341,-0.00102,2360,0.341,-0.00102,,,,,,,,,20,,428980,3351,,,426620,3351,,,,,,
NE-HVAC-AirEcono-Adjust-ExSP63F,DEER2024,D24_E+_Com_v1,6/15/2026 10:46,Any,Htl,Ex,CZ03,cPVVG,Each,1,137000,None,3680,0.999,0,3680,0.999,0,,,,,,,,,20,,408200,2497.7,,,404530,2497.7,,,,,,
NE-HVAC-AirEcono-Adjust-ExSP63F,DEER2024,D24_E+_Com_v1,6/15/2026 10:46,Any,Htl,Ex,CZ04,cPVVG,Each,1,137000,None,2560,0,-0.00171,2560,0,-0.00171,,,,,,,,,20,,472250,2906.2,,,469680,2906.2,,,,,,
NE-HVAC-AirEcono-Adjust-ExSP63F,DEER2024,D24_E+_Com_v1,6/15/2026 10:46,Any,Htl,Ex,CZ05,cPVVG,Each,1,137000,None,3650,0.862,0,3650,0.862,0,,,,,,,,,20,,412740,2315,,,409080,2315,,,,,,
NE-HVAC-AirEcono-Adjust-ExSP63F,DEER2024,D24_E+_Com_v1,6/15/2026 10:46,Any,Htl,Ex,CZ06,cPVVG,Each,1,137000,None,5020,0.314,-0.000342,5020,0.314,-0.000342,,,,,,,,,20,,458690,1611.3,,,453670,1611.3,,,,,,
NE-HVAC-AirEcono-Adjust-ExSP63F,DEER2024,D24_E+_Com_v1,6/15/2026 10:46,Any,Htl,Ex,CZ07,cPVVG,Each,1,137000,None,4600,0,-0.000341,4600,0,-0.000341,,,,,,,,,20,,456920,1569.5,,,452320,1569.5,,,,,,
NE-HVAC-AirEcono-Adjust-ExSP63F,DEER2024,D24_E+_Com_v1,6/15/2026 10:46,Any,Htl,Ex,CZ08,cPVVG,Each,1,137000,None,4140,0,-0.000683,4140,0,-0.000683,,,,,,,,,20,,502080,1667.8,,,497940,1667.8,,,,,,
NE-HVAC-AirEcono-Adjust-ExSP63F,DEER2024,D24_E+_Com_v1,6/15/2026 10:46,Any,Htl,Ex,CZ09,cPVVG,Each,1,137000,None,3830,0,-0.00102,3830,0,-0.00102,,,,,,,,,20,,502000,1831.8,,,498180,1831.8,,,,,,
NE-HVAC-AirEcono-Adjust-ExSP63F,DEER2024,D24_E+_Com_v1,6/15/2026 10:46,Any,Htl,Ex,CZ10,cPVVG,Each,1,137000,None,3430,0,0,3430,0,0,,,,,,,,,20,,510960,1841.2,,,507540,1841.2,,,,,,
NE-HVAC-AirEcono-Adjust-ExSP63F,DEER2024,D24_E+_Com_v1,6/15/2026 10:46,Any,Htl,Ex,CZ11,cPVVG,Each,1,137000,None,2510,0,-0.00205,2510,0,-0.00205,,,,,,,,,20,,520400,3596,,,517890,3596,,,,,,
NE-HVAC-AirEcono-Adjust-ExSP63F,DEER2024,D24_E+_Com_v1,6/15/2026 10:46,Any,Htl,Ex,CZ12,cPVVG,Each,1,137000,None,2820,0,-0.00102,2820,0,-0.00102,,,,,,,,,20,,470160,3307.5,,,467330,3307.5,,,,,,
NE-HVAC-AirEcono-Adjust-ExSP63F,DEER2024,D24_E+_Com_v1,6/15/2026 10:46,Any,Htl,Ex,CZ13,cPVVG,Each,1,137000,None,2800,0,0.00171,2800,0,0.00171,,,,,,,,,20,,532170,3137.7,,,529370,3137.7,,,,,,
NE-HVAC-AirEcono-Adjust-ExSP63F,DEER2024,D24_E+_Com_v1,6/15/2026 10:46,Any,Htl,Ex,CZ14,cPVVG,Each,1,137000,None,2650,0,-0.00205,2650,0,-0.00205,,,,,,,,,20,,518400,2743.9,,,515750,2743.9,,,,,,
NE-HVAC-AirEcono-Adjust-ExSP63F,DEER2024,D24_E+_Com_v1,6/15/2026 10:46,Any,Htl,Ex,CZ15,cPVVG,Each,1,137000,None,2630,0,-0.00102,2630,0,-0.00102,,,,,,,,,20,,651740,1548.1,,,649110,1548.1,,,,,,
NE-HVAC-AirEcono-Adjust-ExSP63F,DEER2024,D24_E+_Com_v1,6/15/2026 10:46,Any,Htl,Ex,CZ16,cPVVG,Each,1,137000,None,3120,0.219,0,3120,0.219,0,,,,,,,,,20,,432420,5316.4,,,429300,5316.4,,,,,,
NE-HVAC-AirEcono-Adjust-ExSP63F,DEER2024,D24_E+_Com_v1,6/15/2026 10:46,Any,MBT,Ex,CZ01,cDXGF,Each,1,400000,None,4170,4.32,0.0052,4170,4.32,0.0052,,,,,,,,,20,,3104200,175550,,,3100100,175550,,,,,,
NE-HVAC-AirEcono-Adjust-ExSP63F,DEER2024,D24_E+_Com_v1,6/15/2026 10:46,Any,MBT,Ex,CZ02,cDXGF,Each,1,400000,None,14200,2.61,-0.0327,14200,2.61,-0.0327,,,,,,,,,20,,3380800,141400,,,3366700,141400,,,,,,
NE-HVAC-AirEcono-Adjust-ExSP63F,DEER2024,D24_E+_Com_v1,6/15/2026 10:46,Any,MBT,Ex,CZ03,cDXGF,Each,1,400000,None,20800,6.68,0.0235,20800,6.68,0.0235,,,,,,,,,20,,3228000,115080,,,3207200,115080,,,,,,
NE-HVAC-AirEcono-Adjust-ExSP63F,DEER2024,D24_E+_Com_v1,6/15/2026 10:46,Any,MBT,Ex,CZ04,cDXGF,Each,1,400000,None,16400,-0.001,-0.0549,16400,-0.001,-0.0549,,,,,,,,,20,,3587900,123280,,,3571500,123280,,,,,,
NE-HVAC-AirEcono-Adjust-ExSP63F,DEER2024,D24_E+_Com_v1,6/15/2026 10:46,Any,MBT,Ex,CZ05,cDXGF,Each,1,400000,None,21100,5.61,0.0123,21100,5.61,0.0123,,,,,,,,,20,,3250100,120530,,,3229000,120530,,,,,,
NE-HVAC-AirEcono-Adjust-ExSP63F,DEER2024,D24_E+_Com_v1,6/15/2026 10:46,Any,MBT,Ex,CZ06,cDXGF,Each,1,400000,None,35900,2.3,0.0041,35900,2.3,0.0041,,,,,,,,,20,,3397800,68096,,,3361800,68096,,,,,,
NE-HVAC-AirEcono-Adjust-ExSP63F,DEER2024,D24_E+_Com_v1,6/15/2026 10:46,Any,MBT,Ex,CZ07,cDXGF,Each,1,400000,None,31200,0,0.00103,31200,0,0.00103,,,,,,,,,20,,3415300,64276,,,3384100,64276,,,,,,
NE-HVAC-AirEcono-Adjust-ExSP63F,DEER2024,D24_E+_Com_v1,6/15/2026 10:46,Any,MBT,Ex,CZ08,cDXGF,Each,1,400000,None,28900,0,0.00854,28900,0,0.00854,,,,,,,,,20,,3648100,71067,,,3619200,71067,,,,,,
NE-HVAC-AirEcono-Adjust-ExSP63F,DEER2024,D24_E+_Com_v1,6/15/2026 10:46,Any,MBT,Ex,CZ09,cDXGF,Each,1,400000,None,26400,0,-0.0082,26400,0,-0.0082,,,,,,,,,20,,3655300,75302,,,3629000,75302,,,,,,
NE-HVAC-AirEcono-Adjust-ExSP63F,DEER2024,D24_E+_Com_v1,6/15/2026 10:46,Any,MBT,Ex,CZ10,cDXGF,Each,1,400000,None,24200,0,-0.00614,24200,0,-0.00614,,,,,,,,,20,,3748400,77491,,,3724200,77491,,,,,,
NE-HVAC-AirEcono-Adjust-ExSP63F,DEER2024,D24_E+_Com_v1,6/15/2026 10:46,Any,MBT,Ex,CZ11,cDXGF,Each,1,400000,None,18200,0.003,-0.0048,18200,0.003,-0.0048,,,,,,,,,20,,3895800,110850,,,3877600,110850,,,,,,
NE-HVAC-AirEcono-Adjust-ExSP63F,DEER2024,D24_E+_Com_v1,6/15/2026 10:46,Any,MBT,Ex,CZ12,cDXGF,Each,1,400000,None,19600,0,0.016,19600,0,0.016,,,,,,,,,20,,3610900,118550,,,3591300,118550,,,,,,
NE-HVAC-AirEcono-Adjust-ExSP63F,DEER2024,D24_E+_Com_v1,6/15/2026 10:46,Any,MBT,Ex,CZ13,cDXGF,Each,1,400000,None,20000,0,-0.0054,20000,0,-0.0054,,,,,,,,,20,,3960100,101640,,,3940100,101640,,,,,,
NE-HVAC-AirEcono-Adjust-ExSP63F,DEER2024,D24_E+_Com_v1,6/15/2026 10:46,Any,MBT,Ex,CZ14,cDXGF,Each,1,400000,None,17300,0,0.0095,17300,0,0.0095,,,,,,,,,20,,3834000,103970,,,3816700,103970,,,,,,
NE-HVAC-AirEcono-Adjust-ExSP63F,DEER2024,D24_E+_Com_v1,6/15/2026 10:46,Any,MBT,Ex,CZ15,cDXGF,Each,1,400000,None,17300,0,-0.0113,17300,0,-0.0113,,,,,,,,,20,,4708700,55777,,,4691400,55777,,,,,,
NE-HVAC-AirEcono-Adjust-ExSP63F,DEER2024,D24_E+_Com_v1,6/15/2026 10:46,Any,MBT,Ex,CZ16,cDXGF,Each,1,400000,None,19400,1.39,-0.0038,19400,1.39,-0.0038,,,,,,,,,20,,3193100,131050,,,3173800,131050,,,,,,
NE-HVAC-AirEcono-Adjust-ExSP63F,DEER2024,D24_E+_Com_v1,6/15/2026 10:46,Any,MBT,Ex,CZ01,cDXHP,Each,1,400000,None,4060,4.37,0.0004,4060,4.37,0.0004,,,,,,,,,20,,3159600,168130,,,3155600,168130,,,,,,
NE-HVAC-AirEcono-Adjust-ExSP63F,DEER2024,D24_E+_Com_v1,6/15/2026 10:46,Any,MBT,Ex,CZ02,cDXHP,Each,1,400000,None,14100,2.63,-0.0321,14100,2.63,-0.0321,,,,,,,,,20,,3417500,136860,,,3403300,136860,,,,,,
NE-HVAC-AirEcono-Adjust-ExSP63F,DEER2024,D24_E+_Com_v1,6/15/2026 10:46,Any,MBT,Ex,CZ03,cDXHP,Each,1,400000,None,20500,6.75,0.0037,20500,6.75,0.0037,,,,,,,,,20,,3248400,112150,,,3227900,112150,,,,,,
NE-HVAC-AirEcono-Adjust-ExSP63F,DEER2024,D24_E+_Com_v1,6/15/2026 10:46,Any,MBT,Ex,CZ04,cDXHP,Each,1,400000,None,16500,-0.001,-0.0583,16500,-0.001,-0.0583,,,,,,,,,20,,3620900,119660,,,3604500,119660,,,,,,
NE-HVAC-AirEcono-Adjust-ExSP63F,DEER2024,D24_E+_Com_v1,6/15/2026 10:46,Any,MBT,Ex,CZ05,cDXHP,Each,1,400000,None,20800,5.68,0.0006,20800,5.68,0.0006,,,,,,,,,20,,3268800,117960,,,3248000,117960,,,,,,
NE-HVAC-AirEcono-Adjust-ExSP63F,DEER2024,D24_E+_Com_v1,6/15/2026 10:46,Any,MBT,Ex,CZ06,cDXHP,Each,1,400000,None,35800,2.32,0.00034,35800,2.32,0.00034,,,,,,,,,20,,3397400,67626,,,3361500,67626,,,,,,
NE-HVAC-AirEcono-Adjust-ExSP63F,DEER2024,D24_E+_Com_v1,6/15/2026 10:46,Any,MBT,Ex,CZ07,cDXHP,Each,1,400000,None,31000,0,0,31000,0,0,,,,,,,,,20,,3414800,63889,,,3383800,63889,,,,,,
NE-HVAC-AirEcono-Adjust-ExSP63F,DEER2024,D24_E+_Com_v1,6/15/2026 10:46,Any,MBT,Ex,CZ08,cDXHP,Each,1,400000,None,28800,0,0.00921,28800,0,0.00921,,,,,,,,,20,,3650800,70384,,,3621900,70384,,,,,,
NE-HVAC-AirEcono-Adjust-ExSP63F,DEER2024,D24_E+_Com_v1,6/15/2026 10:46,Any,MBT,Ex,CZ09,cDXHP,Each,1,400000,None,26400,0,-0.00477,26400,0,-0.00477,,,,,,,,,20,,3662100,74329,,,3635800,74329,,,,,,
NE-HVAC-AirEcono-Adjust-ExSP63F,DEER2024,D24_E+_Com_v1,6/15/2026 10:46,Any,MBT,Ex,CZ10,cDXHP,Each,1,400000,None,24200,0,-0.00409,24200,0,-0.00409,,,,,,,,,20,,3756000,76528,,,3731800,76528,,,,,,
NE-HVAC-AirEcono-Adjust-ExSP63F,DEER2024,D24_E+_Com_v1,6/15/2026 10:46,Any,MBT,Ex,CZ11,cDXHP,Each,1,400000,None,18200,0,-0.0027,18200,0,-0.0027,,,,,,,,,20,,3930500,106930,,,3912300,106930,,,,,,
NE-HVAC-AirEcono-Adjust-ExSP63F,DEER2024,D24_E+_Com_v1,6/15/2026 10:46,Any,MBT,Ex,CZ12,cDXHP,Each,1,400000,None,19600,-0.001,-0.0013,19600,-0.001,-0.0013,,,,,,,,,20,,3644700,114390,,,3625100,114390,,,,,,
NE-HVAC-AirEcono-Adjust-ExSP63F,DEER2024,D24_E+_Com_v1,6/15/2026 10:46,Any,MBT,Ex,CZ13,cDXHP,Each,1,400000,None,20000,-0.001,-0.0041,20000,-0.001,-0.0041,,,,,,,,,20,,3989600,98257,,,3969600,98257,,,,,,
NE-HVAC-AirEcono-Adjust-ExSP63F,DEER2024,D24_E+_Com_v1,6/15/2026 10:46,Any,MBT,Ex,CZ14,cDXHP,Each,1,400000,None,17400,0,0.0188,17400,0,0.0188,,,,,,,,,20,,3867800,100610,,,3850400,100610,,,,,,
NE-HVAC-AirEcono-Adjust-ExSP63F,DEER2024,D24_E+_Com_v1,6/15/2026 10:46,Any,MBT,Ex,CZ15,cDXHP,Each,1,400000,None,17300,0,0.00648,17300,0,0.00648,,,,,,,,,20,,4716400,55404,,,4699000,55404,,,,,,
NE-HVAC-AirEcono-Adjust-ExSP63F,DEER2024,D24_E+_Com_v1,6/15/2026 10:46,Any,MBT,Ex,CZ16,cDXHP,Each,1,400000,None,19500,1.41,-0.0024,19500,1.41,-0.0024,,,,,,,,,20,,3266200,124090,,,3246700,124090,,,,,,
NE-HVAC-AirEcono-Adjust-ExSP63F,DEER2024,D24_E+_Com_v1,6/15/2026 10:46,Any,MBT,Ex,CZ01,cDXOH,Each,1,400000,None,4120,4.27,0.0037,4120,4.27,0.0037,,,,,,,,,20,,3105600,168780,,,3101500,168780,,,,,,
NE-HVAC-AirEcono-Adjust-ExSP63F,DEER2024,D24_E+_Com_v1,6/15/2026 10:46,Any,MBT,Ex,CZ02,cDXOH,Each,1,400000,None,14000,2.61,0,14000,2.61,0,,,,,,,,,20,,3381000,137220,,,3367100,137220,,,,,,
NE-HVAC-AirEcono-Adjust-ExSP63F,DEER2024,D24_E+_Com_v1,6/15/2026 10:46,Any,MBT,Ex,CZ03,cDXOH,Each,1,400000,None,20700,6.68,0.0246,20700,6.68,0.0246,,,,,,,,,20,,3227800,112390,,,3207000,112390,,,,,,
NE-HVAC-AirEcono-Adjust-ExSP63F,DEER2024,D24_E+_Com_v1,6/15/2026 10:46,Any,MBT,Ex,CZ04,cDXOH,Each,1,400000,None,16200,-0.001,0.0028,16200,-0.001,0.0028,,,,,,,,,20,,3587200,119940,,,3571000,119940,,,,,,
NE-HVAC-AirEcono-Adjust-ExSP63F,DEER2024,D24_E+_Com_v1,6/15/2026 10:46,Any,MBT,Ex,CZ05,cDXOH,Each,1,400000,None,20900,5.61,0.0089,20900,5.61,0.0089,,,,,,,,,20,,3249100,118150,,,3228100,118150,,,,,,
NE-HVAC-AirEcono-Adjust-ExSP63F,DEER2024,D24_E+_Com_v1,6/15/2026 10:46,Any,MBT,Ex,CZ06,cDXOH,Each,1,400000,None,35900,2.3,0.00342,35900,2.3,0.00342,,,,,,,,,20,,3397500,67658,,,3361600,67658,,,,,,
NE-HVAC-AirEcono-Adjust-ExSP63F,DEER2024,D24_E+_Com_v1,6/15/2026 10:46,Any,MBT,Ex,CZ07,cDXOH,Each,1,400000,None,31200,0,0.00171,31200,0,0.00171,,,,,,,,,20,,3415100,63916,,,3383900,63916,,,,,,
NE-HVAC-AirEcono-Adjust-ExSP63F,DEER2024,D24_E+_Com_v1,6/15/2026 10:46,Any,MBT,Ex,CZ08,cDXOH,Each,1,400000,None,28800,0,0.0109,28800,0,0.0109,,,,,,,,,20,,3647500,70425,,,3618700,70425,,,,,,
NE-HVAC-AirEcono-Adjust-ExSP63F,DEER2024,D24_E+_Com_v1,6/15/2026 10:46,Any,MBT,Ex,CZ09,cDXOH,Each,1,400000,None,26300,0,-0.00273,26300,0,-0.00273,,,,,,,,,20,,3654500,74391,,,3628300,74391,,,,,,
NE-HVAC-AirEcono-Adjust-ExSP63F,DEER2024,D24_E+_Com_v1,6/15/2026 10:46,Any,MBT,Ex,CZ10,cDXOH,Each,1,400000,None,24100,0,-0.00512,24100,0,-0.00512,,,,,,,,,20,,3747600,76588,,,3723600,76588,,,,,,
NE-HVAC-AirEcono-Adjust-ExSP63F,DEER2024,D24_E+_Com_v1,6/15/2026 10:46,Any,MBT,Ex,CZ11,cDXOH,Each,1,400000,None,18000,0.003,-0.0027,18000,0.003,-0.0027,,,,,,,,,20,,3897200,107240,,,3879200,107240,,,,,,
NE-HVAC-AirEcono-Adjust-ExSP63F,DEER2024,D24_E+_Com_v1,6/15/2026 10:46,Any,MBT,Ex,CZ12,cDXOH,Each,1,400000,None,19500,0,0.0174,19500,0,0.0174,,,,,,,,,20,,3612200,114730,,,3592700,114730,,,,,,
NE-HVAC-AirEcono-Adjust-ExSP63F,DEER2024,D24_E+_Com_v1,6/15/2026 10:46,Any,MBT,Ex,CZ13,cDXOH,Each,1,400000,None,19900,0,-0.00239,19900,0,-0.00239,,,,,,,,,20,,3961100,98536,,,3941200,98536,,,,,,
NE-HVAC-AirEcono-Adjust-ExSP63F,DEER2024,D24_E+_Com_v1,6/15/2026 10:46,Any,MBT,Ex,CZ14,cDXOH,Each,1,400000,None,17100,0,0.0153,17100,0,0.0153,,,,,,,,,20,,3834000,100890,,,3816900,100890,,,,,,
NE-HVAC-AirEcono-Adjust-ExSP63F,DEER2024,D24_E+_Com_v1,6/15/2026 10:46,Any,MBT,Ex,CZ15,cDXOH,Each,1,400000,None,17200,0,-0.00853,17200,0,-0.00853,,,,,,,,,20,,4708400,55424,,,4691200,55424,,,,,,
NE-HVAC-AirEcono-Adjust-ExSP63F,DEER2024,D24_E+_Com_v1,6/15/2026 10:46,Any,MBT,Ex,CZ16,cDXOH,Each,1,400000,None,19300,1.39,-0.0027,19300,1.39,-0.0027,,,,,,,,,20,,3200700,124750,,,3181500,124750,,,,,,
NE-HVAC-AirEcono-Adjust-ExSP63F,DEER2024,D24_E+_Com_v1,6/15/2026 10:46,Any,MBT,Ex,CZ01,cPVVG,Each,1,400000,None,2870,2.92,0.0045,2870,2.92,0.0045,,,,,,,,,20,,2925900,177670,,,2923000,177670,,,,,,
NE-HVAC-AirEcono-Adjust-ExSP63F,DEER2024,D24_E+_Com_v1,6/15/2026 10:46,Any,MBT,Ex,CZ02,cPVVG,Each,1,400000,None,10100,1.9,0.0126,10100,1.9,0.0126,,,,,,,,,20,,3180100,143630,,,3170000,143630,,,,,,
NE-HVAC-AirEcono-Adjust-ExSP63F,DEER2024,D24_E+_Com_v1,6/15/2026 10:46,Any,MBT,Ex,CZ03,cPVVG,Each,1,400000,None,15200,4.8,0.0058,15200,4.8,0.0058,,,,,,,,,20,,3036800,116330,,,3021600,116330,,,,,,
NE-HVAC-AirEcono-Adjust-ExSP63F,DEER2024,D24_E+_Com_v1,6/15/2026 10:46,Any,MBT,Ex,CZ04,cPVVG,Each,1,400000,None,11800,-0.001,-0.015,11800,-0.001,-0.015,,,,,,,,,20,,3383400,125370,,,3371600,125370,,,,,,
NE-HVAC-AirEcono-Adjust-ExSP63F,DEER2024,D24_E+_Com_v1,6/15/2026 10:46,Any,MBT,Ex,CZ05,cPVVG,Each,1,400000,None,15600,4.16,0.0133,15600,4.16,0.0133,,,,,,,,,20,,3053700,121870,,,3038200,121870,,,,,,
NE-HVAC-AirEcono-Adjust-ExSP63F,DEER2024,D24_E+_Com_v1,6/15/2026 10:46,Any,MBT,Ex,CZ06,cPVVG,Each,1,400000,None,25200,1.71,0.00136,25200,1.71,0.00136,,,,,,,,,20,,3199200,68785,,,3174000,68785,,,,,,
NE-HVAC-AirEcono-Adjust-ExSP63F,DEER2024,D24_E+_Com_v1,6/15/2026 10:46,Any,MBT,Ex,CZ07,cPVVG,Each,1,400000,None,21600,0,0.00376,21600,0,0.00376,,,,,,,,,20,,3216600,64916,,,3195100,64916,,,,,,
NE-HVAC-AirEcono-Adjust-ExSP63F,DEER2024,D24_E+_Com_v1,6/15/2026 10:46,Any,MBT,Ex,CZ08,cPVVG,Each,1,400000,None,20600,0,-0.00137,20600,0,-0.00137,,,,,,,,,20,,3444700,71849,,,3424100,71849,,,,,,
NE-HVAC-AirEcono-Adjust-ExSP63F,DEER2024,D24_E+_Com_v1,6/15/2026 10:46,Any,MBT,Ex,CZ09,cPVVG,Each,1,400000,None,19000,0,-0.00614,19000,0,-0.00614,,,,,,,,,20,,3444100,76231,,,3425000,76231,,,,,,
NE-HVAC-AirEcono-Adjust-ExSP63F,DEER2024,D24_E+_Com_v1,6/15/2026 10:46,Any,MBT,Ex,CZ10,cPVVG,Each,1,400000,None,17300,0,-0.00511,17300,0,-0.00511,,,,,,,,,20,,3544200,78454,,,3526900,78454,,,,,,
NE-HVAC-AirEcono-Adjust-ExSP63F,DEER2024,D24_E+_Com_v1,6/15/2026 10:46,Any,MBT,Ex,CZ11,cPVVG,Each,1,400000,None,13300,0.004,-0.0061,13300,0.004,-0.0061,,,,,,,,,20,,3685300,113110,,,3672000,113110,,,,,,
NE-HVAC-AirEcono-Adjust-ExSP63F,DEER2024,D24_E+_Com_v1,6/15/2026 10:46,Any,MBT,Ex,CZ12,cPVVG,Each,1,400000,None,14300,0,0.0249,14300,0,0.0249,,,,,,,,,20,,3407800,120730,,,3393600,120730,,,,,,
NE-HVAC-AirEcono-Adjust-ExSP63F,DEER2024,D24_E+_Com_v1,6/15/2026 10:46,Any,MBT,Ex,CZ13,cPVVG,Each,1,400000,None,14600,0.001,-0.0055,14600,0.001,-0.0055,,,,,,,,,20,,3752000,103640,,,3737400,103640,,,,,,
NE-HVAC-AirEcono-Adjust-ExSP63F,DEER2024,D24_E+_Com_v1,6/15/2026 10:46,Any,MBT,Ex,CZ14,cPVVG,Each,1,400000,None,13000,0,-0.0051,13000,0,-0.0051,,,,,,,,,20,,3620100,105990,,,3607200,105990,,,,,,
NE-HVAC-AirEcono-Adjust-ExSP63F,DEER2024,D24_E+_Com_v1,6/15/2026 10:46,Any,MBT,Ex,CZ15,cPVVG,Each,1,400000,None,12200,0,-0.00648,12200,0,-0.00648,,,,,,,,,20,,4503400,56274,,,4491200,56274,,,,,,
NE-HVAC-AirEcono-Adjust-ExSP63F,DEER2024,D24_E+_Com_v1,6/15/2026 10:46,Any,MBT,Ex,CZ16,cPVVG,Each,1,400000,None,15400,1.26,-0.0031,15400,1.26,-0.0031,,,,,,,,,20,,2947100,134640,,,2931700,134640,,,,,,
NE-HVAC-AirEcono-Adjust-ExSP63F,DEER2024,D24_E+_Com_v1,6/15/2026 10:46,Any,MLI,Ex,CZ01,cDXGF,Each,1,100000,None,5520,5.37,0.00034,5520,5.37,0.00034,,,,,,,,,20,,882740,10588,,,877220,10588,,,,,,
NE-HVAC-AirEcono-Adjust-ExSP63F,DEER2024,D24_E+_Com_v1,6/15/2026 10:46,Any,MLI,Ex,CZ02,cDXGF,Each,1,100000,None,16500,3.05,-0.00785,16500,3.05,-0.00785,,,,,,,,,20,,991690,7576.3,,,975180,7576.3,,,,,,
NE-HVAC-AirEcono-Adjust-ExSP63F,DEER2024,D24_E+_Com_v1,6/15/2026 10:46,Any,MLI,Ex,CZ03,cDXGF,Each,1,100000,None,25000,7.09,-0.00239,25000,7.09,-0.00239,,,,,,,,,20,,935980,5467.9,,,911010,5467.9,,,,,,
NE-HVAC-AirEcono-Adjust-ExSP63F,DEER2024,D24_E+_Com_v1,6/15/2026 10:46,Any,MLI,Ex,CZ04,cDXGF,Each,1,100000,None,18000,0.005,-0.00341,18000,0.005,-0.00341,,,,,,,,,20,,1070800,6458.1,,,1052800,6458.1,,,,,,
NE-HVAC-AirEcono-Adjust-ExSP63F,DEER2024,D24_E+_Com_v1,6/15/2026 10:46,Any,MLI,Ex,CZ05,cDXGF,Each,1,100000,None,25600,6.55,-0.00273,25600,6.55,-0.00273,,,,,,,,,20,,954930,5009.9,,,929340,5009.9,,,,,,
NE-HVAC-AirEcono-Adjust-ExSP63F,DEER2024,D24_E+_Com_v1,6/15/2026 10:46,Any,MLI,Ex,CZ06,cDXGF,Each,1,100000,None,37500,2.76,-0.00102,37500,2.76,-0.00102,,,,,,,,,20,,1021700,2462.1,,,984190,2462.1,,,,,,
NE-HVAC-AirEcono-Adjust-ExSP63F,DEER2024,D24_E+_Com_v1,6/15/2026 10:46,Any,MLI,Ex,CZ07,cDXGF,Each,1,100000,None,32100,0,-0.00137,32100,0,-0.00137,,,,,,,,,20,,1029600,2281.4,,,997480,2281.4,,,,,,
NE-HVAC-AirEcono-Adjust-ExSP63F,DEER2024,D24_E+_Com_v1,6/15/2026 10:46,Any,MLI,Ex,CZ08,cDXGF,Each,1,100000,None,29100,0.001,-0.00341,29100,0.001,-0.00341,,,,,,,,,20,,1103100,2728.7,,,1074000,2728.7,,,,,,
NE-HVAC-AirEcono-Adjust-ExSP63F,DEER2024,D24_E+_Com_v1,6/15/2026 10:46,Any,MLI,Ex,CZ09,cDXGF,Each,1,100000,None,25700,-0.014,-0.000341,25700,-0.014,-0.000341,,,,,,,,,20,,1110300,3141.2,,,1084600,3141.2,,,,,,
NE-HVAC-AirEcono-Adjust-ExSP63F,DEER2024,D24_E+_Com_v1,6/15/2026 10:46,Any,MLI,Ex,CZ10,cDXGF,Each,1,100000,None,24300,-0.001,-0.00137,24300,-0.001,-0.00137,,,,,,,,,20,,1126700,3053.5,,,1102400,3053.5,,,,,,
NE-HVAC-AirEcono-Adjust-ExSP63F,DEER2024,D24_E+_Com_v1,6/15/2026 10:46,Any,MLI,Ex,CZ11,cDXGF,Each,1,100000,None,18500,-0.002,-0.00922,18500,-0.002,-0.00922,,,,,,,,,20,,1143300,6825.7,,,1124800,6825.7,,,,,,
NE-HVAC-AirEcono-Adjust-ExSP63F,DEER2024,D24_E+_Com_v1,6/15/2026 10:46,Any,MLI,Ex,CZ12,cDXGF,Each,1,100000,None,21200,0.005,-0.00273,21200,0.005,-0.00273,,,,,,,,,20,,1071600,6896.1,,,1050400,6896.1,,,,,,
NE-HVAC-AirEcono-Adjust-ExSP63F,DEER2024,D24_E+_Com_v1,6/15/2026 10:46,Any,MLI,Ex,CZ13,cDXGF,Each,1,100000,None,21700,0.011,-0.00273,21700,0.011,-0.00273,,,,,,,,,20,,1169000,5803.3,,,1147300,5803.3,,,,,,
NE-HVAC-AirEcono-Adjust-ExSP63F,DEER2024,D24_E+_Com_v1,6/15/2026 10:46,Any,MLI,Ex,CZ14,cDXGF,Each,1,100000,None,19500,0,-0.0109,19500,0,-0.0109,,,,,,,,,20,,1179900,5950.5,,,1160400,5950.5,,,,,,
NE-HVAC-AirEcono-Adjust-ExSP63F,DEER2024,D24_E+_Com_v1,6/15/2026 10:46,Any,MLI,Ex,CZ15,cDXGF,Each,1,100000,None,19100,0,-0.0041,19100,0,-0.0041,,,,,,,,,20,,1374300,1938.2,,,1355200,1938.2,,,,,,
NE-HVAC-AirEcono-Adjust-ExSP63F,DEER2024,D24_E+_Com_v1,6/15/2026 10:46,Any,MLI,Ex,CZ16,cDXGF,Each,1,100000,None,22100,1.43,-0.00103,22100,1.43,-0.00103,,,,,,,,,20,,1072600,10194,,,1050400,10194,,,,,,
NE-HVAC-AirEcono-Adjust-ExSP63F,DEER2024,D24_E+_Com_v1,6/15/2026 10:46,Any,MLI,Ex,CZ01,cDXHP,Each,1,100000,None,5470,5.43,0,5470,5.43,0,,,,,,,,,20,,949660,1810.1,,,944190,1810.1,,,,,,
NE-HVAC-AirEcono-Adjust-ExSP63F,DEER2024,D24_E+_Com_v1,6/15/2026 10:46,Any,MLI,Ex,CZ02,cDXHP,Each,1,100000,None,16700,3.09,0,16700,3.09,0,,,,,,,,,20,,1040600,1701.5,,,1024000,1701.5,,,,,,
NE-HVAC-AirEcono-Adjust-ExSP63F,DEER2024,D24_E+_Com_v1,6/15/2026 10:46,Any,MLI,Ex,CZ03,cDXHP,Each,1,100000,None,25100,7.2,0,25100,7.2,0,,,,,,,,,20,,963480,1683.6,,,938430,1683.6,,,,,,
NE-HVAC-AirEcono-Adjust-ExSP63F,DEER2024,D24_E+_Com_v1,6/15/2026 10:46,Any,MLI,Ex,CZ04,cDXHP,Each,1,100000,None,18200,0.007,0,18200,0.007,0,,,,,,,,,20,,1115000,1638.1,,,1096800,1638.1,,,,,,
NE-HVAC-AirEcono-Adjust-ExSP63F,DEER2024,D24_E+_Com_v1,6/15/2026 10:46,Any,MLI,Ex,CZ05,cDXHP,Each,1,100000,None,25600,6.63,0,25600,6.63,0,,,,,,,,,20,,980290,1691,,,954660,1691,,,,,,
NE-HVAC-AirEcono-Adjust-ExSP63F,DEER2024,D24_E+_Com_v1,6/15/2026 10:46,Any,MLI,Ex,CZ06,cDXHP,Each,1,100000,None,37500,2.78,0,37500,2.78,0,,,,,,,,,20,,1025700,1564,,,988250,1564,,,,,,
NE-HVAC-AirEcono-Adjust-ExSP63F,DEER2024,D24_E+_Com_v1,6/15/2026 10:46,Any,MLI,Ex,CZ07,cDXHP,Each,1,100000,None,32100,0,0,32100,0,0,,,,,,,,,20,,1033100,1548.7,,,1001000,1548.7,,,,,,
NE-HVAC-AirEcono-Adjust-ExSP63F,DEER2024,D24_E+_Com_v1,6/15/2026 10:46,Any,MLI,Ex,CZ08,cDXHP,Each,1,100000,None,29300,0,0,29300,0,0,,,,,,,,,20,,1110400,1518.4,,,1081100,1518.4,,,,,,
NE-HVAC-AirEcono-Adjust-ExSP63F,DEER2024,D24_E+_Com_v1,6/15/2026 10:46,Any,MLI,Ex,CZ09,cDXHP,Each,1,100000,None,25800,-0.015,0,25800,-0.015,0,,,,,,,,,20,,1122000,1528.8,,,1096200,1528.8,,,,,,
NE-HVAC-AirEcono-Adjust-ExSP63F,DEER2024,D24_E+_Com_v1,6/15/2026 10:46,Any,MLI,Ex,CZ10,cDXHP,Each,1,100000,None,24400,-0.002,0,24400,-0.002,0,,,,,,,,,20,,1138500,1510.3,,,1114100,1510.3,,,,,,
NE-HVAC-AirEcono-Adjust-ExSP63F,DEER2024,D24_E+_Com_v1,6/15/2026 10:46,Any,MLI,Ex,CZ11,cDXHP,Each,1,100000,None,18700,0.003,0,18700,0.003,0,,,,,,,,,20,,1189000,1546.7,,,1170300,1546.7,,,,,,
NE-HVAC-AirEcono-Adjust-ExSP63F,DEER2024,D24_E+_Com_v1,6/15/2026 10:46,Any,MLI,Ex,CZ12,cDXHP,Each,1,100000,None,21400,0.002,0,21400,0.002,0,,,,,,,,,20,,1114700,1615,,,1093300,1615,,,,,,
NE-HVAC-AirEcono-Adjust-ExSP63F,DEER2024,D24_E+_Com_v1,6/15/2026 10:46,Any,MLI,Ex,CZ13,cDXHP,Each,1,100000,None,21900,0.017,0,21900,0.017,0,,,,,,,,,20,,1205700,1517,,,1183800,1517,,,,,,
NE-HVAC-AirEcono-Adjust-ExSP63F,DEER2024,D24_E+_Com_v1,6/15/2026 10:46,Any,MLI,Ex,CZ14,cDXHP,Each,1,100000,None,19600,0,0,19600,0,0,,,,,,,,,20,,1222200,1558,,,1202600,1558,,,,,,
NE-HVAC-AirEcono-Adjust-ExSP63F,DEER2024,D24_E+_Com_v1,6/15/2026 10:46,Any,MLI,Ex,CZ15,cDXHP,Each,1,100000,None,19200,0,0,19200,0,0,,,,,,,,,20,,1382700,1292.5,,,1363500,1292.5,,,,,,
NE-HVAC-AirEcono-Adjust-ExSP63F,DEER2024,D24_E+_Com_v1,6/15/2026 10:46,Any,MLI,Ex,CZ16,cDXHP,Each,1,100000,None,22300,1.44,0,22300,1.44,0,,,,,,,,,20,,1160800,1773.7,,,1138500,1773.7,,,,,,
NE-HVAC-AirEcono-Adjust-ExSP63F,DEER2024,D24_E+_Com_v1,6/15/2026 10:46,Any,MLI,Ex,CZ01,cDXOH,Each,1,100000,None,5250,5.18,0,5250,5.18,0,,,,,,,,,20,,892330,1810.1,,,887080,1810.1,,,,,,
NE-HVAC-AirEcono-Adjust-ExSP63F,DEER2024,D24_E+_Com_v1,6/15/2026 10:46,Any,MLI,Ex,CZ02,cDXOH,Each,1,100000,None,15500,3.05,0,15500,3.05,0,,,,,,,,,20,,996020,1701.5,,,980510,1701.5,,,,,,
NE-HVAC-AirEcono-Adjust-ExSP63F,DEER2024,D24_E+_Com_v1,6/15/2026 10:46,Any,MLI,Ex,CZ03,cDXOH,Each,1,100000,None,24700,7.09,0,24700,7.09,0,,,,,,,,,20,,937640,1683.6,,,912970,1683.6,,,,,,
NE-HVAC-AirEcono-Adjust-ExSP63F,DEER2024,D24_E+_Com_v1,6/15/2026 10:46,Any,MLI,Ex,CZ04,cDXOH,Each,1,100000,None,17000,0.005,0,17000,0.005,0,,,,,,,,,20,,1072300,1638.1,,,1055300,1638.1,,,,,,
NE-HVAC-AirEcono-Adjust-ExSP63F,DEER2024,D24_E+_Com_v1,6/15/2026 10:46,Any,MLI,Ex,CZ05,cDXOH,Each,1,100000,None,24700,6.53,0,24700,6.53,0,,,,,,,,,20,,954040,1691,,,929340,1691,,,,,,
NE-HVAC-AirEcono-Adjust-ExSP63F,DEER2024,D24_E+_Com_v1,6/15/2026 10:46,Any,MLI,Ex,CZ06,cDXOH,Each,1,100000,None,37200,2.76,0,37200,2.76,0,,,,,,,,,20,,1021200,1564,,,983950,1564,,,,,,
NE-HVAC-AirEcono-Adjust-ExSP63F,DEER2024,D24_E+_Com_v1,6/15/2026 10:46,Any,MLI,Ex,CZ07,cDXOH,Each,1,100000,None,31900,0,0,31900,0,0,,,,,,,,,20,,1029100,1548.7,,,997200,1548.7,,,,,,
NE-HVAC-AirEcono-Adjust-ExSP63F,DEER2024,D24_E+_Com_v1,6/15/2026 10:46,Any,MLI,Ex,CZ08,cDXOH,Each,1,100000,None,28600,0.001,0,28600,0.001,0,,,,,,,,,20,,1102000,1518.4,,,1073400,1518.4,,,,,,
NE-HVAC-AirEcono-Adjust-ExSP63F,DEER2024,D24_E+_Com_v1,6/15/2026 10:46,Any,MLI,Ex,CZ09,cDXOH,Each,1,100000,None,25200,-0.014,0,25200,-0.014,0,,,,,,,,,20,,1109900,1528.8,,,1084700,1528.8,,,,,,
NE-HVAC-AirEcono-Adjust-ExSP63F,DEER2024,D24_E+_Com_v1,6/15/2026 10:46,Any,MLI,Ex,CZ10,cDXOH,Each,1,100000,None,23900,-0.001,0,23900,-0.001,0,,,,,,,,,20,,1126100,1510.3,,,1102200,1510.3,,,,,,
NE-HVAC-AirEcono-Adjust-ExSP63F,DEER2024,D24_E+_Com_v1,6/15/2026 10:46,Any,MLI,Ex,CZ11,cDXOH,Each,1,100000,None,17700,-0.002,0,17700,-0.002,0,,,,,,,,,20,,1149600,1546.7,,,1131900,1546.7,,,,,,
NE-HVAC-AirEcono-Adjust-ExSP63F,DEER2024,D24_E+_Com_v1,6/15/2026 10:46,Any,MLI,Ex,CZ12,cDXOH,Each,1,100000,None,20700,0.005,0,20700,0.005,0,,,,,,,,,20,,1078600,1615,,,1057900,1615,,,,,,
NE-HVAC-AirEcono-Adjust-ExSP63F,DEER2024,D24_E+_Com_v1,6/15/2026 10:46,Any,MLI,Ex,CZ13,cDXOH,Each,1,100000,None,21300,0.011,0,21300,0.011,0,,,,,,,,,20,,1174800,1517,,,1153500,1517,,,,,,
NE-HVAC-AirEcono-Adjust-ExSP63F,DEER2024,D24_E+_Com_v1,6/15/2026 10:46,Any,MLI,Ex,CZ14,cDXOH,Each,1,100000,None,18500,0,0,18500,0,0,,,,,,,,,20,,1183300,1558,,,1164800,1558,,,,,,
NE-HVAC-AirEcono-Adjust-ExSP63F,DEER2024,D24_E+_Com_v1,6/15/2026 10:46,Any,MLI,Ex,CZ15,cDXOH,Each,1,100000,None,18900,0,0,18900,0,0,,,,,,,,,20,,1374400,1292.5,,,1355600,1292.5,,,,,,
NE-HVAC-AirEcono-Adjust-ExSP63F,DEER2024,D24_E+_Com_v1,6/15/2026 10:46,Any,MLI,Ex,CZ16,cDXOH,Each,1,100000,None,21900,1.43,0,21900,1.43,0,,,,,,,,,20,,1092600,1773.7,,,1070600,1773.7,,,,,,
NE-HVAC-AirEcono-Adjust-ExSP63F,DEER2024,D24_E+_Com_v1,6/15/2026 10:46,Any,MLI,Ex,CZ01,cPVVG,Each,1,100000,None,3320,3.13,0.0123,3320,3.13,0.0123,,,,,,,,,20,,649070,15924,,,645750,15924,,,,,,
NE-HVAC-AirEcono-Adjust-ExSP63F,DEER2024,D24_E+_Com_v1,6/15/2026 10:46,Any,MLI,Ex,CZ02,cPVVG,Each,1,100000,None,10400,2.14,0.0488,10400,2.14,0.0488,,,,,,,,,20,,744810,11010,,,734440,11010,,,,,,
NE-HVAC-AirEcono-Adjust-ExSP63F,DEER2024,D24_E+_Com_v1,6/15/2026 10:46,Any,MLI,Ex,CZ03,cPVVG,Each,1,100000,None,15500,4.38,0.0195,15500,4.38,0.0195,,,,,,,,,20,,692230,8357.5,,,676710,8357.5,,,,,,
NE-HVAC-AirEcono-Adjust-ExSP63F,DEER2024,D24_E+_Com_v1,6/15/2026 10:46,Any,MLI,Ex,CZ04,cPVVG,Each,1,100000,None,11300,0.004,0.041,11300,0.004,0.041,,,,,,,,,20,,818640,9431.8,,,807290,9431.7,,,,,,
NE-HVAC-AirEcono-Adjust-ExSP63F,DEER2024,D24_E+_Com_v1,6/15/2026 10:46,Any,MLI,Ex,CZ05,cPVVG,Each,1,100000,None,16000,4.29,0.0495,16000,4.29,0.0495,,,,,,,,,20,,703190,7977.9,,,687180,7977.8,,,,,,
NE-HVAC-AirEcono-Adjust-ExSP63F,DEER2024,D24_E+_Com_v1,6/15/2026 10:46,Any,MLI,Ex,CZ06,cPVVG,Each,1,100000,None,24100,2.03,0.00273,24100,2.03,0.00273,,,,,,,,,20,,776550,3626.9,,,752440,3626.9,,,,,,
NE-HVAC-AirEcono-Adjust-ExSP63F,DEER2024,D24_E+_Com_v1,6/15/2026 10:46,Any,MLI,Ex,CZ07,cPVVG,Each,1,100000,None,19700,0,0.00273,19700,0,0.00273,,,,,,,,,20,,780530,3386.6,,,760840,3386.6,,,,,,
NE-HVAC-AirEcono-Adjust-ExSP63F,DEER2024,D24_E+_Com_v1,6/15/2026 10:46,Any,MLI,Ex,CZ08,cPVVG,Each,1,100000,None,18300,-0.001,0.015,18300,-0.001,0.015,,,,,,,,,20,,857320,4060.6,,,839030,4060.6,,,,,,
NE-HVAC-AirEcono-Adjust-ExSP63F,DEER2024,D24_E+_Com_v1,6/15/2026 10:46,Any,MLI,Ex,CZ09,cPVVG,Each,1,100000,None,16300,-0.018,0.0116,16300,-0.018,0.0116,,,,,,,,,20,,859580,4672.9,,,843300,4672.9,,,,,,
NE-HVAC-AirEcono-Adjust-ExSP63F,DEER2024,D24_E+_Com_v1,6/15/2026 10:46,Any,MLI,Ex,CZ10,cPVVG,Each,1,100000,None,15500,-0.004,0.0215,15500,-0.004,0.0215,,,,,,,,,20,,879250,4620.3,,,863740,4620.2,,,,,,
NE-HVAC-AirEcono-Adjust-ExSP63F,DEER2024,D24_E+_Com_v1,6/15/2026 10:46,Any,MLI,Ex,CZ11,cPVVG,Each,1,100000,None,12200,0.005,0.0215,12200,0.005,0.0215,,,,,,,,,20,,897920,9813,,,885680,9812.9,,,,,,
NE-HVAC-AirEcono-Adjust-ExSP63F,DEER2024,D24_E+_Com_v1,6/15/2026 10:46,Any,MLI,Ex,CZ12,cPVVG,Each,1,100000,None,13800,0.001,0.0311,13800,0.001,0.0311,,,,,,,,,20,,823380,9891.6,,,809530,9891.6,,,,,,
NE-HVAC-AirEcono-Adjust-ExSP63F,DEER2024,D24_E+_Com_v1,6/15/2026 10:46,Any,MLI,Ex,CZ13,cPVVG,Each,1,100000,None,14700,0.018,0.0225,14700,0.018,0.0225,,,,,,,,,20,,922730,8475.5,,,908030,8475.5,,,,,,
NE-HVAC-AirEcono-Adjust-ExSP63F,DEER2024,D24_E+_Com_v1,6/15/2026 10:46,Any,MLI,Ex,CZ14,cPVVG,Each,1,100000,None,12700,0.001,0.0297,12700,0.001,0.0297,,,,,,,,,20,,910100,8765.9,,,897380,8765.9,,,,,,
NE-HVAC-AirEcono-Adjust-ExSP63F,DEER2024,D24_E+_Com_v1,6/15/2026 10:46,Any,MLI,Ex,CZ15,cPVVG,Each,1,100000,None,12600,0,0.0116,12600,0,0.0116,,,,,,,,,20,,1140400,2743.7,,,1127900,2743.7,,,,,,
NE-HVAC-AirEcono-Adjust-ExSP63F,DEER2024,D24_E+_Com_v1,6/15/2026 10:46,Any,MLI,Ex,CZ16,cPVVG,Each,1,100000,None,14900,1.11,0.0017,14900,1.11,0.0017,,,,,,,,,20,,769120,15064,,,754250,15064,,,,,,
NE-HVAC-AirEcono-Adjust-ExSP63F,DEER2024,D24_E+_Com_v1,6/15/2026 10:46,Any,Mtl,Ex,CZ01,cDXGF,Each,1,30000,None,876,0.959,0.000341,876,0.959,0.000341,,,,,,,,,20,,128980,1763.8,,,128110,1763.8,,,,,,
NE-HVAC-AirEcono-Adjust-ExSP63F,DEER2024,D24_E+_Com_v1,6/15/2026 10:46,Any,Mtl,Ex,CZ02,cDXGF,Each,1,30000,None,2870,0.47,-0.00137,2870,0.47,-0.00137,,,,,,,,,20,,158720,1267,,,155850,1267,,,,,,
NE-HVAC-AirEcono-Adjust-ExSP63F,DEER2024,D24_E+_Com_v1,6/15/2026 10:46,Any,Mtl,Ex,CZ03,cDXGF,Each,1,30000,None,4300,1.22,-0.00137,4300,1.22,-0.00137,,,,,,,,,20,,149390,825.55,,,145090,825.55,,,,,,
NE-HVAC-AirEcono-Adjust-ExSP63F,DEER2024,D24_E+_Com_v1,6/15/2026 10:46,Any,Mtl,Ex,CZ04,cDXGF,Each,1,30000,None,2840,0,-0.00137,2840,0,-0.00137,,,,,,,,,20,,171690,1079.7,,,168850,1079.7,,,,,,
NE-HVAC-AirEcono-Adjust-ExSP63F,DEER2024,D24_E+_Com_v1,6/15/2026 10:46,Any,Mtl,Ex,CZ05,cDXGF,Each,1,30000,None,4510,1.16,0.00137,4510,1.16,0.00137,,,,,,,,,20,,153020,817.13,,,148520,817.13,,,,,,
NE-HVAC-AirEcono-Adjust-ExSP63F,DEER2024,D24_E+_Com_v1,6/15/2026 10:46,Any,Mtl,Ex,CZ06,cDXGF,Each,1,30000,None,5100,0.384,0,5100,0.384,0,,,,,,,,,20,,162540,383.54,,,157430,383.54,,,,,,
NE-HVAC-AirEcono-Adjust-ExSP63F,DEER2024,D24_E+_Com_v1,6/15/2026 10:46,Any,Mtl,Ex,CZ07,cDXGF,Each,1,30000,None,4380,0,0,4380,0,0,,,,,,,,,20,,162210,365.48,,,157840,365.48,,,,,,
NE-HVAC-AirEcono-Adjust-ExSP63F,DEER2024,D24_E+_Com_v1,6/15/2026 10:46,Any,Mtl,Ex,CZ08,cDXGF,Each,1,30000,None,4410,0,-0.000341,4410,0,-0.000341,,,,,,,,,20,,181280,445.74,,,176870,445.74,,,,,,
NE-HVAC-AirEcono-Adjust-ExSP63F,DEER2024,D24_E+_Com_v1,6/15/2026 10:46,Any,Mtl,Ex,CZ09,cDXGF,Each,1,30000,None,4070,0,-0.000683,4070,0,-0.000683,,,,,,,,,20,,184160,494.5,,,180100,494.5,,,,,,
NE-HVAC-AirEcono-Adjust-ExSP63F,DEER2024,D24_E+_Com_v1,6/15/2026 10:46,Any,Mtl,Ex,CZ10,cDXGF,Each,1,30000,None,3910,0,-0.000683,3910,0,-0.000683,,,,,,,,,20,,189400,503.78,,,185480,503.78,,,,,,
NE-HVAC-AirEcono-Adjust-ExSP63F,DEER2024,D24_E+_Com_v1,6/15/2026 10:46,Any,Mtl,Ex,CZ11,cDXGF,Each,1,30000,None,2970,0,-0.00273,2970,0,-0.00273,,,,,,,,,20,,191940,1185.2,,,188970,1185.2,,,,,,
NE-HVAC-AirEcono-Adjust-ExSP63F,DEER2024,D24_E+_Com_v1,6/15/2026 10:46,Any,Mtl,Ex,CZ12,cDXGF,Each,1,30000,None,3260,0,-0.00171,3260,0,-0.00171,,,,,,,,,20,,172250,1207.4,,,169000,1207.4,,,,,,
NE-HVAC-AirEcono-Adjust-ExSP63F,DEER2024,D24_E+_Com_v1,6/15/2026 10:46,Any,Mtl,Ex,CZ13,cDXGF,Each,1,30000,None,3150,0,-0.000683,3150,0,-0.000683,,,,,,,,,20,,192720,1052.3,,,189570,1052.3,,,,,,
NE-HVAC-AirEcono-Adjust-ExSP63F,DEER2024,D24_E+_Com_v1,6/15/2026 10:46,Any,Mtl,Ex,CZ14,cDXGF,Each,1,30000,None,2960,0,-0.00102,2960,0,-0.00102,,,,,,,,,20,,192920,974.78,,,189950,974.78,,,,,,
NE-HVAC-AirEcono-Adjust-ExSP63F,DEER2024,D24_E+_Com_v1,6/15/2026 10:46,Any,Mtl,Ex,CZ15,cDXGF,Each,1,30000,None,2800,0,-0.000683,2800,0,-0.000683,,,,,,,,,20,,239850,354.95,,,237050,354.95,,,,,,
NE-HVAC-AirEcono-Adjust-ExSP63F,DEER2024,D24_E+_Com_v1,6/15/2026 10:46,Any,Mtl,Ex,CZ16,cDXGF,Each,1,30000,None,3210,0.256,-0.000341,3210,0.256,-0.000341,,,,,,,,,20,,165850,1875.9,,,162640,1875.9,,,,,,
NE-HVAC-AirEcono-Adjust-ExSP63F,DEER2024,D24_E+_Com_v1,6/15/2026 10:46,Any,Mtl,Ex,CZ01,cDXHP,Each,1,30000,None,876,0.968,0,876,0.968,0,,,,,,,,,20,,139920,314.43,,,139040,314.43,,,,,,
NE-HVAC-AirEcono-Adjust-ExSP63F,DEER2024,D24_E+_Com_v1,6/15/2026 10:46,Any,Mtl,Ex,CZ02,cDXHP,Each,1,30000,None,2890,0.474,0,2890,0.474,0,,,,,,,,,20,,166610,300.16,,,163720,300.16,,,,,,
NE-HVAC-AirEcono-Adjust-ExSP63F,DEER2024,D24_E+_Com_v1,6/15/2026 10:46,Any,Mtl,Ex,CZ03,cDXHP,Each,1,30000,None,4340,1.24,0,4340,1.24,0,,,,,,,,,20,,153300,283.54,,,148960,283.54,,,,,,
NE-HVAC-AirEcono-Adjust-ExSP63F,DEER2024,D24_E+_Com_v1,6/15/2026 10:46,Any,Mtl,Ex,CZ04,cDXHP,Each,1,30000,None,2850,0,0,2850,0,0,,,,,,,,,20,,178520,290.22,,,175670,290.22,,,,,,
NE-HVAC-AirEcono-Adjust-ExSP63F,DEER2024,D24_E+_Com_v1,6/15/2026 10:46,Any,Mtl,Ex,CZ05,cDXHP,Each,1,30000,None,4540,1.18,0,4540,1.18,0,,,,,,,,,20,,157090,282.49,,,152540,282.49,,,,,,
NE-HVAC-AirEcono-Adjust-ExSP63F,DEER2024,D24_E+_Com_v1,6/15/2026 10:46,Any,Mtl,Ex,CZ06,cDXHP,Each,1,30000,None,5190,0.388,0,5190,0.388,0,,,,,,,,,20,,162940,270.31,,,157750,270.31,,,,,,
NE-HVAC-AirEcono-Adjust-ExSP63F,DEER2024,D24_E+_Com_v1,6/15/2026 10:46,Any,Mtl,Ex,CZ07,cDXHP,Each,1,30000,None,4400,0,0,4400,0,0,,,,,,,,,20,,162570,269.86,,,158170,269.86,,,,,,
NE-HVAC-AirEcono-Adjust-ExSP63F,DEER2024,D24_E+_Com_v1,6/15/2026 10:46,Any,Mtl,Ex,CZ08,cDXHP,Each,1,30000,None,4430,0,0,4430,0,0,,,,,,,,,20,,182500,268.96,,,178060,268.96,,,,,,
NE-HVAC-AirEcono-Adjust-ExSP63F,DEER2024,D24_E+_Com_v1,6/15/2026 10:46,Any,Mtl,Ex,CZ09,cDXHP,Each,1,30000,None,4080,0,0,4080,0,0,,,,,,,,,20,,185850,269.29,,,181770,269.29,,,,,,
NE-HVAC-AirEcono-Adjust-ExSP63F,DEER2024,D24_E+_Com_v1,6/15/2026 10:46,Any,Mtl,Ex,CZ10,cDXHP,Each,1,30000,None,3920,0,0,3920,0,0,,,,,,,,,20,,191160,268.73,,,187240,268.73,,,,,,
NE-HVAC-AirEcono-Adjust-ExSP63F,DEER2024,D24_E+_Com_v1,6/15/2026 10:46,Any,Mtl,Ex,CZ11,cDXHP,Each,1,30000,None,2970,0,-0.000341,2970,0,-0.000341,,,,,,,,,20,,198930,311.13,,,195960,311.13,,,,,,
NE-HVAC-AirEcono-Adjust-ExSP63F,DEER2024,D24_E+_Com_v1,6/15/2026 10:46,Any,Mtl,Ex,CZ12,cDXHP,Each,1,30000,None,3270,0,0,3270,0,0,,,,,,,,,20,,179430,301.76,,,176160,301.76,,,,,,
NE-HVAC-AirEcono-Adjust-ExSP63F,DEER2024,D24_E+_Com_v1,6/15/2026 10:46,Any,Mtl,Ex,CZ13,cDXHP,Each,1,30000,None,3160,0,0,3160,0,0,,,,,,,,,20,,198800,292.81,,,195640,292.81,,,,,,
NE-HVAC-AirEcono-Adjust-ExSP63F,DEER2024,D24_E+_Com_v1,6/15/2026 10:46,Any,Mtl,Ex,CZ14,cDXHP,Each,1,30000,None,2980,0,0,2980,0,0,,,,,,,,,20,,199280,285.2,,,196300,285.2,,,,,,
NE-HVAC-AirEcono-Adjust-ExSP63F,DEER2024,D24_E+_Com_v1,6/15/2026 10:46,Any,Mtl,Ex,CZ15,cDXHP,Each,1,30000,None,2810,0,0,2810,0,0,,,,,,,,,20,,240740,262.35,,,237930,262.35,,,,,,
NE-HVAC-AirEcono-Adjust-ExSP63F,DEER2024,D24_E+_Com_v1,6/15/2026 10:46,Any,Mtl,Ex,CZ16,cDXHP,Each,1,30000,None,3250,0.26,-0.000341,3250,0.26,-0.000341,,,,,,,,,20,,181210,417,,,177960,417,,,,,,
NE-HVAC-AirEcono-Adjust-ExSP63F,DEER2024,D24_E+_Com_v1,6/15/2026 10:46,Any,Mtl,Ex,CZ01,cDXOH,Each,1,30000,None,860,0.946,-0.000341,860,0.946,-0.000341,,,,,,,,,20,,129200,521.5,,,128340,521.5,,,,,,
NE-HVAC-AirEcono-Adjust-ExSP63F,DEER2024,D24_E+_Com_v1,6/15/2026 10:46,Any,Mtl,Ex,CZ02,cDXOH,Each,1,30000,None,2800,0.47,-0.000341,2800,0.47,-0.000341,,,,,,,,,20,,158510,407.66,,,155710,407.66,,,,,,
NE-HVAC-AirEcono-Adjust-ExSP63F,DEER2024,D24_E+_Com_v1,6/15/2026 10:46,Any,Mtl,Ex,CZ03,cDXOH,Each,1,30000,None,4290,1.22,0,4290,1.22,0,,,,,,,,,20,,149240,317.95,,,144950,317.95,,,,,,
NE-HVAC-AirEcono-Adjust-ExSP63F,DEER2024,D24_E+_Com_v1,6/15/2026 10:46,Any,Mtl,Ex,CZ04,cDXOH,Each,1,30000,None,2760,0,-0.000341,2760,0,-0.000341,,,,,,,,,20,,171300,345.03,,,168540,345.03,,,,,,
NE-HVAC-AirEcono-Adjust-ExSP63F,DEER2024,D24_E+_Com_v1,6/15/2026 10:46,Any,Mtl,Ex,CZ05,cDXOH,Each,1,30000,None,4440,1.16,0,4440,1.16,0,,,,,,,,,20,,152570,292.94,,,148130,292.94,,,,,,
NE-HVAC-AirEcono-Adjust-ExSP63F,DEER2024,D24_E+_Com_v1,6/15/2026 10:46,Any,Mtl,Ex,CZ06,cDXOH,Each,1,30000,None,5090,0.384,0,5090,0.384,0,,,,,,,,,20,,162440,270.31,,,157340,270.31,,,,,,
NE-HVAC-AirEcono-Adjust-ExSP63F,DEER2024,D24_E+_Com_v1,6/15/2026 10:46,Any,Mtl,Ex,CZ07,cDXOH,Each,1,30000,None,4360,0,0,4360,0,0,,,,,,,,,20,,162120,269.86,,,157760,269.86,,,,,,
NE-HVAC-AirEcono-Adjust-ExSP63F,DEER2024,D24_E+_Com_v1,6/15/2026 10:46,Any,Mtl,Ex,CZ08,cDXOH,Each,1,30000,None,4380,0,0,4380,0,0,,,,,,,,,20,,181060,268.96,,,176670,268.96,,,,,,
NE-HVAC-AirEcono-Adjust-ExSP63F,DEER2024,D24_E+_Com_v1,6/15/2026 10:46,Any,Mtl,Ex,CZ09,cDXOH,Each,1,30000,None,4040,0,0,4040,0,0,,,,,,,,,20,,183940,270.12,,,179900,270.12,,,,,,
NE-HVAC-AirEcono-Adjust-ExSP63F,DEER2024,D24_E+_Com_v1,6/15/2026 10:46,Any,Mtl,Ex,CZ10,cDXOH,Each,1,30000,None,3880,0,0,3880,0,0,,,,,,,,,20,,189130,269.04,,,185250,269.04,,,,,,
NE-HVAC-AirEcono-Adjust-ExSP63F,DEER2024,D24_E+_Com_v1,6/15/2026 10:46,Any,Mtl,Ex,CZ11,cDXOH,Each,1,30000,None,2910,0,-0.00137,2910,0,-0.00137,,,,,,,,,20,,192070,426.38,,,189160,426.38,,,,,,
NE-HVAC-AirEcono-Adjust-ExSP63F,DEER2024,D24_E+_Com_v1,6/15/2026 10:46,Any,Mtl,Ex,CZ12,cDXOH,Each,1,30000,None,3220,0,0,3220,0,0,,,,,,,,,20,,172440,428.31,,,169220,428.31,,,,,,
NE-HVAC-AirEcono-Adjust-ExSP63F,DEER2024,D24_E+_Com_v1,6/15/2026 10:46,Any,Mtl,Ex,CZ13,cDXOH,Each,1,30000,None,3130,0,0,3130,0,0,,,,,,,,,20,,192940,401.87,,,189810,401.87,,,,,,
NE-HVAC-AirEcono-Adjust-ExSP63F,DEER2024,D24_E+_Com_v1,6/15/2026 10:46,Any,Mtl,Ex,CZ14,cDXOH,Each,1,30000,None,2900,0,-0.000341,2900,0,-0.000341,,,,,,,,,20,,192730,343.45,,,189830,343.46,,,,,,
NE-HVAC-AirEcono-Adjust-ExSP63F,DEER2024,D24_E+_Com_v1,6/15/2026 10:46,Any,Mtl,Ex,CZ15,cDXOH,Each,1,30000,None,2780,0,0,2780,0,0,,,,,,,,,20,,239740,262.37,,,236960,262.37,,,,,,
NE-HVAC-AirEcono-Adjust-ExSP63F,DEER2024,D24_E+_Com_v1,6/15/2026 10:46,Any,Mtl,Ex,CZ16,cDXOH,Each,1,30000,None,3200,0.256,0,3200,0.256,0,,,,,,,,,20,,167360,711.75,,,164160,711.75,,,,,,
NE-HVAC-AirEcono-Adjust-ExSP63F,DEER2024,D24_E+_Com_v1,6/15/2026 10:46,Any,Mtl,Ex,CZ01,cPVVG,Each,1,30000,None,572,0.569,0.000683,572,0.569,0.000683,,,,,,,,,20,,96098,2428.6,,,95526,2428.6,,,,,,
NE-HVAC-AirEcono-Adjust-ExSP63F,DEER2024,D24_E+_Com_v1,6/15/2026 10:46,Any,Mtl,Ex,CZ02,cPVVG,Each,1,30000,None,2060,0.332,-0.00137,2060,0.332,-0.00137,,,,,,,,,20,,123390,1742.3,,,121330,1742.3,,,,,,
NE-HVAC-AirEcono-Adjust-ExSP63F,DEER2024,D24_E+_Com_v1,6/15/2026 10:46,Any,Mtl,Ex,CZ03,cPVVG,Each,1,30000,None,3210,0.852,0.000341,3210,0.852,0.000341,,,,,,,,,20,,113710,1152.7,,,110500,1152.7,,,,,,
NE-HVAC-AirEcono-Adjust-ExSP63F,DEER2024,D24_E+_Com_v1,6/15/2026 10:46,Any,Mtl,Ex,CZ04,cPVVG,Each,1,30000,None,1900,0,-0.00102,1900,0,-0.00102,,,,,,,,,20,,137310,1461.7,,,135410,1461.7,,,,,,
NE-HVAC-AirEcono-Adjust-ExSP63F,DEER2024,D24_E+_Com_v1,6/15/2026 10:46,Any,Mtl,Ex,CZ05,cPVVG,Each,1,30000,None,3420,0.862,0.00375,3420,0.862,0.00375,,,,,,,,,20,,116860,1178.8,,,113450,1178.8,,,,,,
NE-HVAC-AirEcono-Adjust-ExSP63F,DEER2024,D24_E+_Com_v1,6/15/2026 10:46,Any,Mtl,Ex,CZ06,cPVVG,Each,1,30000,None,3480,0.275,0.00205,3480,0.275,0.00205,,,,,,,,,20,,130890,513.01,,,127410,513.01,,,,,,
NE-HVAC-AirEcono-Adjust-ExSP63F,DEER2024,D24_E+_Com_v1,6/15/2026 10:46,Any,Mtl,Ex,CZ07,cPVVG,Each,1,30000,None,2860,0,0,2860,0,0,,,,,,,,,20,,130140,483.97,,,127280,483.97,,,,,,
NE-HVAC-AirEcono-Adjust-ExSP63F,DEER2024,D24_E+_Com_v1,6/15/2026 10:46,Any,Mtl,Ex,CZ08,cPVVG,Each,1,30000,None,2890,0,-0.000683,2890,0,-0.000683,,,,,,,,,20,,146600,606.12,,,143710,606.12,,,,,,
NE-HVAC-AirEcono-Adjust-ExSP63F,DEER2024,D24_E+_Com_v1,6/15/2026 10:46,Any,Mtl,Ex,CZ09,cPVVG,Each,1,30000,None,2720,0,-0.00205,2720,0,-0.00205,,,,,,,,,20,,148190,685.38,,,145460,685.38,,,,,,
NE-HVAC-AirEcono-Adjust-ExSP63F,DEER2024,D24_E+_Com_v1,6/15/2026 10:46,Any,Mtl,Ex,CZ10,cPVVG,Each,1,30000,None,2610,0,-0.00102,2610,0,-0.00102,,,,,,,,,20,,153530,700.82,,,150920,700.82,,,,,,
NE-HVAC-AirEcono-Adjust-ExSP63F,DEER2024,D24_E+_Com_v1,6/15/2026 10:46,Any,Mtl,Ex,CZ11,cPVVG,Each,1,30000,None,1980,0,-0.00239,1980,0,-0.00239,,,,,,,,,20,,155370,1605.3,,,153390,1605.3,,,,,,
NE-HVAC-AirEcono-Adjust-ExSP63F,DEER2024,D24_E+_Com_v1,6/15/2026 10:46,Any,Mtl,Ex,CZ12,cPVVG,Each,1,30000,None,2210,0,-0.00205,2210,0,-0.00205,,,,,,,,,20,,137940,1610.7,,,135740,1610.7,,,,,,
NE-HVAC-AirEcono-Adjust-ExSP63F,DEER2024,D24_E+_Com_v1,6/15/2026 10:46,Any,Mtl,Ex,CZ13,cPVVG,Each,1,30000,None,2150,-0.001,-0.00137,2150,-0.001,-0.00137,,,,,,,,,20,,157970,1413.9,,,155820,1413.9,,,,,,
NE-HVAC-AirEcono-Adjust-ExSP63F,DEER2024,D24_E+_Com_v1,6/15/2026 10:46,Any,Mtl,Ex,CZ14,cPVVG,Each,1,30000,None,2140,0,-0.00273,2140,0,-0.00273,,,,,,,,,20,,157830,1293.9,,,155690,1293.9,,,,,,
NE-HVAC-AirEcono-Adjust-ExSP63F,DEER2024,D24_E+_Com_v1,6/15/2026 10:46,Any,Mtl,Ex,CZ15,cPVVG,Each,1,30000,None,1880,0,0,1880,0,0,,,,,,,,,20,,205430,453.67,,,203550,453.67,,,,,,
NE-HVAC-AirEcono-Adjust-ExSP63F,DEER2024,D24_E+_Com_v1,6/15/2026 10:46,Any,Mtl,Ex,CZ16,cPVVG,Each,1,30000,None,2420,0.214,-0.000683,2420,0.214,-0.000683,,,,,,,,,20,,125450,2458.5,,,123030,2458.5,,,,,,
NE-HVAC-AirEcono-Adjust-ExSP63F,DEER2024,D24_E+_Com_v1,6/15/2026 10:46,Any,Nrs,Ex,CZ01,cDXGF,Each,1,111000,None,1690,1.77,-1.09,1690,1.77,-1.09,,,,,,,,,20,,645650,11470,,,643960,11471,,,,,,
NE-HVAC-AirEcono-Adjust-ExSP63F,DEER2024,D24_E+_Com_v1,6/15/2026 10:46,Any,Nrs,Ex,CZ02,cDXGF,Each,1,111000,None,5260,0.91,-2.01,5260,0.91,-2.01,,,,,,,,,20,,733260,9644.8,,,728000,9646.8,,,,,,
NE-HVAC-AirEcono-Adjust-ExSP63F,DEER2024,D24_E+_Com_v1,6/15/2026 10:46,Any,Nrs,Ex,CZ03,cDXGF,Each,1,111000,None,8220,3.22,0.614,8220,3.22,0.614,,,,,,,,,20,,704600,8239.5,,,696380,8238.9,,,,,,
NE-HVAC-AirEcono-Adjust-ExSP63F,DEER2024,D24_E+_Com_v1,6/15/2026 10:46,Any,Nrs,Ex,CZ04,cDXGF,Each,1,111000,None,5810,0.039,4.61,5810,0.039,4.61,,,,,,,,,20,,789910,9013.3,,,784100,9008.7,,,,,,
NE-HVAC-AirEcono-Adjust-ExSP63F,DEER2024,D24_E+_Com_v1,6/15/2026 10:46,Any,Nrs,Ex,CZ05,cDXGF,Each,1,111000,None,8610,2.34,4.34,8610,2.34,4.34,,,,,,,,,20,,720000,8034.8,,,711390,8030.5,,,,,,
NE-HVAC-AirEcono-Adjust-ExSP63F,DEER2024,D24_E+_Com_v1,6/15/2026 10:46,Any,Nrs,Ex,CZ06,cDXGF,Each,1,111000,None,12100,0.783,-9.14,12100,0.783,-9.14,,,,,,,,,20,,776950,6669.9,,,764860,6679.1,,,,,,
NE-HVAC-AirEcono-Adjust-ExSP63F,DEER2024,D24_E+_Com_v1,6/15/2026 10:46,Any,Nrs,Ex,CZ07,cDXGF,Each,1,111000,None,10800,-0.055,7.28,10800,-0.055,7.28,,,,,,,,,20,,773720,6403.2,,,762960,6396,,,,,,
NE-HVAC-AirEcono-Adjust-ExSP63F,DEER2024,D24_E+_Com_v1,6/15/2026 10:46,Any,Nrs,Ex,CZ08,cDXGF,Each,1,111000,None,9980,0.11,4.79,9980,0.11,4.79,,,,,,,,,20,,830830,6744.2,,,820850,6739.4,,,,,,
NE-HVAC-AirEcono-Adjust-ExSP63F,DEER2024,D24_E+_Com_v1,6/15/2026 10:46,Any,Nrs,Ex,CZ09,cDXGF,Each,1,111000,None,8990,-0.001,-4.7,8990,-0.001,-4.7,,,,,,,,,20,,834060,6990.7,,,825070,6995.4,,,,,,
NE-HVAC-AirEcono-Adjust-ExSP63F,DEER2024,D24_E+_Com_v1,6/15/2026 10:46,Any,Nrs,Ex,CZ10,cDXGF,Each,1,111000,None,8190,0.046,2.89,8190,0.046,2.89,,,,,,,,,20,,840040,6721.2,,,831850,6718.3,,,,,,
NE-HVAC-AirEcono-Adjust-ExSP63F,DEER2024,D24_E+_Com_v1,6/15/2026 10:46,Any,Nrs,Ex,CZ11,cDXGF,Each,1,111000,None,6140,-0.071,1.23,6140,-0.071,1.23,,,,,,,,,20,,852190,9376.9,,,846040,9375.7,,,,,,
NE-HVAC-AirEcono-Adjust-ExSP63F,DEER2024,D24_E+_Com_v1,6/15/2026 10:46,Any,Nrs,Ex,CZ12,cDXGF,Each,1,111000,None,6420,-0.007,-5.69,6420,-0.007,-5.69,,,,,,,,,20,,785780,9280.5,,,779360,9286.2,,,,,,
NE-HVAC-AirEcono-Adjust-ExSP63F,DEER2024,D24_E+_Com_v1,6/15/2026 10:46,Any,Nrs,Ex,CZ13,cDXGF,Each,1,111000,None,6430,0.011,-2.74,6430,0.011,-2.74,,,,,,,,,20,,859650,8726.8,,,853220,8729.6,,,,,,
NE-HVAC-AirEcono-Adjust-ExSP63F,DEER2024,D24_E+_Com_v1,6/15/2026 10:46,Any,Nrs,Ex,CZ14,cDXGF,Each,1,111000,None,5860,0,-0.431,5860,0,-0.431,,,,,,,,,20,,858120,8582.1,,,852260,8582.5,,,,,,
NE-HVAC-AirEcono-Adjust-ExSP63F,DEER2024,D24_E+_Com_v1,6/15/2026 10:46,Any,Nrs,Ex,CZ15,cDXGF,Each,1,111000,None,5660,-0.328,-7.63,5660,-0.328,-7.63,,,,,,,,,20,,1019200,6150.6,,,1013500,6158.2,,,,,,
NE-HVAC-AirEcono-Adjust-ExSP63F,DEER2024,D24_E+_Com_v1,6/15/2026 10:46,Any,Nrs,Ex,CZ16,cDXGF,Each,1,111000,None,6290,0.38,3.07,6290,0.38,3.07,,,,,,,,,20,,761340,12247,,,755050,12244,,,,,,
NE-HVAC-AirEcono-Adjust-ExSP63F,DEER2024,D24_E+_Com_v1,6/15/2026 10:46,Any,Nrs,Ex,CZ01,cDXHP,Each,1,111000,None,1630,1.76,0.92,1630,1.76,0.92,,,,,,,,,20,,657220,9944.2,,,655590,9943.3,,,,,,
NE-HVAC-AirEcono-Adjust-ExSP63F,DEER2024,D24_E+_Com_v1,6/15/2026 10:46,Any,Nrs,Ex,CZ02,cDXHP,Each,1,111000,None,5290,0.898,-4.56,5290,0.898,-4.56,,,,,,,,,20,,741630,8641.5,,,736340,8646.1,,,,,,
NE-HVAC-AirEcono-Adjust-ExSP63F,DEER2024,D24_E+_Com_v1,6/15/2026 10:46,Any,Nrs,Ex,CZ03,cDXHP,Each,1,111000,None,8080,3.52,2,8080,3.52,2,,,,,,,,,20,,708390,7697.4,,,700310,7695.4,,,,,,
NE-HVAC-AirEcono-Adjust-ExSP63F,DEER2024,D24_E+_Com_v1,6/15/2026 10:46,Any,Nrs,Ex,CZ04,cDXHP,Each,1,111000,None,5890,0.049,6.8,5890,0.049,6.8,,,,,,,,,20,,797430,8164.9,,,791540,8158.1,,,,,,
NE-HVAC-AirEcono-Adjust-ExSP63F,DEER2024,D24_E+_Com_v1,6/15/2026 10:46,Any,Nrs,Ex,CZ05,cDXHP,Each,1,111000,None,8320,2.24,-0.405,8320,2.24,-0.405,,,,,,,,,20,,724000,7476.7,,,715670,7477.1,,,,,,
NE-HVAC-AirEcono-Adjust-ExSP63F,DEER2024,D24_E+_Com_v1,6/15/2026 10:46,Any,Nrs,Ex,CZ06,cDXHP,Each,1,111000,None,12500,1.16,7.77,12500,1.16,7.77,,,,,,,,,20,,776610,6578.9,,,764120,6571.2,,,,,,
NE-HVAC-AirEcono-Adjust-ExSP63F,DEER2024,D24_E+_Com_v1,6/15/2026 10:46,Any,Nrs,Ex,CZ07,cDXHP,Each,1,111000,None,10700,0.125,-0.182,10700,0.125,-0.182,,,,,,,,,20,,773250,6332.9,,,762540,6333.1,,,,,,
NE-HVAC-AirEcono-Adjust-ExSP63F,DEER2024,D24_E+_Com_v1,6/15/2026 10:46,Any,Nrs,Ex,CZ08,cDXHP,Each,1,111000,None,9910,-0.081,-0.0608,9910,-0.081,-0.0608,,,,,,,,,20,,831740,6587,,,821830,6587,,,,,,
NE-HVAC-AirEcono-Adjust-ExSP63F,DEER2024,D24_E+_Com_v1,6/15/2026 10:46,Any,Nrs,Ex,CZ09,cDXHP,Each,1,111000,None,8950,0.016,-9.23,8950,0.016,-9.23,,,,,,,,,20,,835530,6781,,,826590,6790.2,,,,,,
NE-HVAC-AirEcono-Adjust-ExSP63F,DEER2024,D24_E+_Com_v1,6/15/2026 10:46,Any,Nrs,Ex,CZ10,cDXHP,Each,1,111000,None,8120,0.018,-3.47,8120,0.018,-3.47,,,,,,,,,20,,841730,6494.2,,,833600,6497.7,,,,,,
NE-HVAC-AirEcono-Adjust-ExSP63F,DEER2024,D24_E+_Com_v1,6/15/2026 10:46,Any,Nrs,Ex,CZ11,cDXHP,Each,1,111000,None,6210,0.056,3.33,6210,0.056,3.33,,,,,,,,,20,,859450,8509.3,,,853240,8506,,,,,,
NE-HVAC-AirEcono-Adjust-ExSP63F,DEER2024,D24_E+_Com_v1,6/15/2026 10:46,Any,Nrs,Ex,CZ12,cDXHP,Each,1,111000,None,6490,-0.018,-0.0389,6490,-0.018,-0.0389,,,,,,,,,20,,792980,8395.3,,,786500,8395.4,,,,,,
NE-HVAC-AirEcono-Adjust-ExSP63F,DEER2024,D24_E+_Com_v1,6/15/2026 10:46,Any,Nrs,Ex,CZ13,cDXHP,Each,1,111000,None,6470,-0.049,3.61,6470,-0.049,3.61,,,,,,,,,20,,865710,8014.5,,,859250,8010.9,,,,,,
NE-HVAC-AirEcono-Adjust-ExSP63F,DEER2024,D24_E+_Com_v1,6/15/2026 10:46,Any,Nrs,Ex,CZ14,cDXHP,Each,1,111000,None,5960,-0.048,2.41,5960,-0.048,2.41,,,,,,,,,20,,865350,7827.5,,,859390,7825,,,,,,
NE-HVAC-AirEcono-Adjust-ExSP63F,DEER2024,D24_E+_Com_v1,6/15/2026 10:46,Any,Nrs,Ex,CZ15,cDXHP,Each,1,111000,None,5710,0.009,4.7,5710,0.009,4.7,,,,,,,,,20,,1020400,6064.1,,,1014700,6059.4,,,,,,
NE-HVAC-AirEcono-Adjust-ExSP63F,DEER2024,D24_E+_Com_v1,6/15/2026 10:46,Any,Nrs,Ex,CZ16,cDXHP,Each,1,111000,None,6250,0.314,-3.28,6250,0.314,-3.28,,,,,,,,,20,,778080,10729,,,771830,10733,,,,,,
NE-HVAC-AirEcono-Adjust-ExSP63F,DEER2024,D24_E+_Com_v1,6/15/2026 10:46,Any,Nrs,Ex,CZ01,cDXOH,Each,1,111000,None,1660,1.94,0.741,1660,1.94,0.741,,,,,,,,,20,,645420,10251,,,643760,10250,,,,,,
NE-HVAC-AirEcono-Adjust-ExSP63F,DEER2024,D24_E+_Com_v1,6/15/2026 10:46,Any,Nrs,Ex,CZ02,cDXOH,Each,1,111000,None,5270,0.869,-2.78,5270,0.869,-2.78,,,,,,,,,20,,732860,8808.5,,,727590,8811.3,,,,,,
NE-HVAC-AirEcono-Adjust-ExSP63F,DEER2024,D24_E+_Com_v1,6/15/2026 10:46,Any,Nrs,Ex,CZ03,cDXOH,Each,1,111000,None,8230,3.17,0.317,8230,3.17,0.317,,,,,,,,,20,,704430,7784.7,,,696200,7784.4,,,,,,
NE-HVAC-AirEcono-Adjust-ExSP63F,DEER2024,D24_E+_Com_v1,6/15/2026 10:46,Any,Nrs,Ex,CZ04,cDXOH,Each,1,111000,None,5740,-0.008,1.22,5740,-0.008,1.22,,,,,,,,,20,,789440,8298,,,783710,8296.8,,,,,,
NE-HVAC-AirEcono-Adjust-ExSP63F,DEER2024,D24_E+_Com_v1,6/15/2026 10:46,Any,Nrs,Ex,CZ05,cDXOH,Each,1,111000,None,8460,2.57,-1.62,8460,2.57,-1.62,,,,,,,,,20,,719460,7554.2,,,711000,7555.8,,,,,,
NE-HVAC-AirEcono-Adjust-ExSP63F,DEER2024,D24_E+_Com_v1,6/15/2026 10:46,Any,Nrs,Ex,CZ06,cDXOH,Each,1,111000,None,12200,0.857,-0.221,12200,0.857,-0.221,,,,,,,,,20,,776930,6587,,,764710,6587.2,,,,,,
NE-HVAC-AirEcono-Adjust-ExSP63F,DEER2024,D24_E+_Com_v1,6/15/2026 10:46,Any,Nrs,Ex,CZ07,cDXOH,Each,1,111000,None,10700,-0.281,-1.61,10700,-0.281,-1.61,,,,,,,,,20,,773610,6336.1,,,762930,6337.7,,,,,,
NE-HVAC-AirEcono-Adjust-ExSP63F,DEER2024,D24_E+_Com_v1,6/15/2026 10:46,Any,Nrs,Ex,CZ08,cDXOH,Each,1,111000,None,9860,-0.045,3.43,9860,-0.045,3.43,,,,,,,,,20,,830600,6600.8,,,820740,6597.4,,,,,,
NE-HVAC-AirEcono-Adjust-ExSP63F,DEER2024,D24_E+_Com_v1,6/15/2026 10:46,Any,Nrs,Ex,CZ09,cDXOH,Each,1,111000,None,9070,-0.002,5.18,9070,-0.002,5.18,,,,,,,,,20,,833930,6806.8,,,824860,6801.6,,,,,,
NE-HVAC-AirEcono-Adjust-ExSP63F,DEER2024,D24_E+_Com_v1,6/15/2026 10:46,Any,Nrs,Ex,CZ10,cDXOH,Each,1,111000,None,8120,0.036,-3.45,8120,0.036,-3.45,,,,,,,,,20,,839780,6512,,,831660,6515.4,,,,,,
NE-HVAC-AirEcono-Adjust-ExSP63F,DEER2024,D24_E+_Com_v1,6/15/2026 10:46,Any,Nrs,Ex,CZ11,cDXOH,Each,1,111000,None,6080,-0.254,-0.172,6080,-0.254,-0.172,,,,,,,,,20,,851950,8667.6,,,845880,8667.8,,,,,,
NE-HVAC-AirEcono-Adjust-ExSP63F,DEER2024,D24_E+_Com_v1,6/15/2026 10:46,Any,Nrs,Ex,CZ12,cDXOH,Each,1,111000,None,6410,0.008,-0.595,6410,0.008,-0.595,,,,,,,,,20,,785600,8568.8,,,779190,8569.4,,,,,,
NE-HVAC-AirEcono-Adjust-ExSP63F,DEER2024,D24_E+_Com_v1,6/15/2026 10:46,Any,Nrs,Ex,CZ13,cDXOH,Each,1,111000,None,6360,-0.057,-4.04,6360,-0.057,-4.04,,,,,,,,,20,,859510,8158.6,,,853150,8162.6,,,,,,
NE-HVAC-AirEcono-Adjust-ExSP63F,DEER2024,D24_E+_Com_v1,6/15/2026 10:46,Any,Nrs,Ex,CZ14,cDXOH,Each,1,111000,None,5880,-0.083,-0.419,5880,-0.083,-0.419,,,,,,,,,20,,857890,7950.5,,,852010,7950.9,,,,,,
NE-HVAC-AirEcono-Adjust-ExSP63F,DEER2024,D24_E+_Com_v1,6/15/2026 10:46,Any,Nrs,Ex,CZ15,cDXOH,Each,1,111000,None,5780,-0.314,9.97,5780,-0.314,9.97,,,,,,,,,20,,1019200,6080.1,,,1013400,6070.1,,,,,,
NE-HVAC-AirEcono-Adjust-ExSP63F,DEER2024,D24_E+_Com_v1,6/15/2026 10:46,Any,Nrs,Ex,CZ16,cDXOH,Each,1,111000,None,6310,0.383,6.82,6310,0.383,6.82,,,,,,,,,20,,761310,11009,,,755000,11002,,,,,,
NE-HVAC-AirEcono-Adjust-ExSP63F,DEER2024,D24_E+_Com_v1,6/15/2026 10:46,Any,Nrs,Ex,CZ01,cPVVG,Each,1,111000,None,1250,1.34,1.39,1250,1.34,1.39,,,,,,,,,20,,585270,11854,,,584020,11853,,,,,,
NE-HVAC-AirEcono-Adjust-ExSP63F,DEER2024,D24_E+_Com_v1,6/15/2026 10:46,Any,Nrs,Ex,CZ02,cPVVG,Each,1,111000,None,3820,0.735,-0.793,3820,0.735,-0.793,,,,,,,,,20,,665920,10169,,,662100,10170,,,,,,
NE-HVAC-AirEcono-Adjust-ExSP63F,DEER2024,D24_E+_Com_v1,6/15/2026 10:46,Any,Nrs,Ex,CZ03,cPVVG,Each,1,111000,None,6060,1.66,-2.04,6060,1.66,-2.04,,,,,,,,,20,,637110,8572.4,,,631050,8574.4,,,,,,
NE-HVAC-AirEcono-Adjust-ExSP63F,DEER2024,D24_E+_Com_v1,6/15/2026 10:46,Any,Nrs,Ex,CZ04,cPVVG,Each,1,111000,None,4120,-0.056,4.77,4120,-0.056,4.77,,,,,,,,,20,,722940,9505.4,,,718820,9500.6,,,,,,
NE-HVAC-AirEcono-Adjust-ExSP63F,DEER2024,D24_E+_Com_v1,6/15/2026 10:46,Any,Nrs,Ex,CZ05,cPVVG,Each,1,111000,None,6480,1.47,0.389,6480,1.47,0.389,,,,,,,,,20,,651960,8372.7,,,645480,8372.3,,,,,,
NE-HVAC-AirEcono-Adjust-ExSP63F,DEER2024,D24_E+_Com_v1,6/15/2026 10:46,Any,Nrs,Ex,CZ06,cPVVG,Each,1,111000,None,8910,0.794,-6.78,8910,0.794,-6.78,,,,,,,,,20,,714800,6758.7,,,705890,6765.5,,,,,,
NE-HVAC-AirEcono-Adjust-ExSP63F,DEER2024,D24_E+_Com_v1,6/15/2026 10:46,Any,Nrs,Ex,CZ07,cPVVG,Each,1,111000,None,7600,-0.096,5.07,7600,-0.096,5.07,,,,,,,,,20,,711200,6468.7,,,703600,6463.6,,,,,,
NE-HVAC-AirEcono-Adjust-ExSP63F,DEER2024,D24_E+_Com_v1,6/15/2026 10:46,Any,Nrs,Ex,CZ08,cPVVG,Each,1,111000,None,7000,-0.003,1.33,7000,-0.003,1.33,,,,,,,,,20,,765130,6901.4,,,758130,6900.1,,,,,,
NE-HVAC-AirEcono-Adjust-ExSP63F,DEER2024,D24_E+_Com_v1,6/15/2026 10:46,Any,Nrs,Ex,CZ09,cPVVG,Each,1,111000,None,6550,-0.005,-1.85,6550,-0.005,-1.85,,,,,,,,,20,,765490,7184.2,,,758940,7186,,,,,,
NE-HVAC-AirEcono-Adjust-ExSP63F,DEER2024,D24_E+_Com_v1,6/15/2026 10:46,Any,Nrs,Ex,CZ10,cPVVG,Each,1,111000,None,5830,-0.028,-0.682,5830,-0.028,-0.682,,,,,,,,,20,,773090,6923.9,,,767260,6924.6,,,,,,
NE-HVAC-AirEcono-Adjust-ExSP63F,DEER2024,D24_E+_Com_v1,6/15/2026 10:46,Any,Nrs,Ex,CZ11,cPVVG,Each,1,111000,None,4440,-0.028,7.81,4440,-0.028,7.81,,,,,,,,,20,,783140,9930.5,,,778700,9922.7,,,,,,
NE-HVAC-AirEcono-Adjust-ExSP63F,DEER2024,D24_E+_Com_v1,6/15/2026 10:46,Any,Nrs,Ex,CZ12,cPVVG,Each,1,111000,None,4680,0.004,5.62,4680,0.004,5.62,,,,,,,,,20,,720350,9766.6,,,715670,9761,,,,,,
NE-HVAC-AirEcono-Adjust-ExSP63F,DEER2024,D24_E+_Com_v1,6/15/2026 10:46,Any,Nrs,Ex,CZ13,cPVVG,Each,1,111000,None,4590,0.052,-9.63,4590,0.052,-9.63,,,,,,,,,20,,793960,9210.7,,,789370,9220.4,,,,,,
NE-HVAC-AirEcono-Adjust-ExSP63F,DEER2024,D24_E+_Com_v1,6/15/2026 10:46,Any,Nrs,Ex,CZ14,cPVVG,Each,1,111000,None,4460,-0.051,5.99,4460,-0.051,5.99,,,,,,,,,20,,788400,9044.5,,,783940,9038.5,,,,,,
NE-HVAC-AirEcono-Adjust-ExSP63F,DEER2024,D24_E+_Com_v1,6/15/2026 10:46,Any,Nrs,Ex,CZ15,cPVVG,Each,1,111000,None,4110,-0.181,0.99,4110,-0.181,0.99,,,,,,,,,20,,957380,6249.5,,,953270,6248.5,,,,,,
NE-HVAC-AirEcono-Adjust-ExSP63F,DEER2024,D24_E+_Com_v1,6/15/2026 10:46,Any,Nrs,Ex,CZ16,cPVVG,Each,1,111000,None,5020,0.348,-1.62,5020,0.348,-1.62,,,,,,,,,20,,683710,13138,,,678690,13140,,,,,,
NE-HVAC-AirEcono-Adjust-ExSP63F,DEER2024,D24_E+_Com_v1,6/15/2026 10:46,Any,OfL,Ex,CZ01,cDXGF,Each,1,350000,None,17800,19.3,-0.154,17800,19.3,-0.154,,,,,,,,,20,,2160600,9681.3,,,2142800,9681.4,,,,,,
NE-HVAC-AirEcono-Adjust-ExSP63F,DEER2024,D24_E+_Com_v1,6/15/2026 10:46,Any,OfL,Ex,CZ02,cDXGF,Each,1,350000,None,55400,8.54,0.0785,55400,8.54,0.0785,,,,,,,,,20,,2575700,7708.5,,,2520400,7708.4,,,,,,
NE-HVAC-AirEcono-Adjust-ExSP63F,DEER2024,D24_E+_Com_v1,6/15/2026 10:46,Any,OfL,Ex,CZ03,cDXGF,Each,1,350000,None,81800,24.3,0.00546,81800,24.3,0.00546,,,,,,,,,20,,2449400,6398.3,,,2367600,6398.2,,,,,,
NE-HVAC-AirEcono-Adjust-ExSP63F,DEER2024,D24_E+_Com_v1,6/15/2026 10:46,Any,OfL,Ex,CZ04,cDXGF,Each,1,350000,None,58000,0.001,-0.492,58000,0.001,-0.492,,,,,,,,,20,,2755300,7026.6,,,2697400,7027.1,,,,,,
NE-HVAC-AirEcono-Adjust-ExSP63F,DEER2024,D24_E+_Com_v1,6/15/2026 10:46,Any,OfL,Ex,CZ05,cDXGF,Each,1,350000,None,86100,21.8,0.0782,86100,21.8,0.0782,,,,,,,,,20,,2517300,6210.7,,,2431200,6210.6,,,,,,
NE-HVAC-AirEcono-Adjust-ExSP63F,DEER2024,D24_E+_Com_v1,6/15/2026 10:46,Any,OfL,Ex,CZ06,cDXGF,Each,1,350000,None,115000,7.7,-0.0631,115000,7.7,-0.0631,,,,,,,,,20,,2681500,4398.5,,,2566100,4398.6,,,,,,
NE-HVAC-AirEcono-Adjust-ExSP63F,DEER2024,D24_E+_Com_v1,6/15/2026 10:46,Any,OfL,Ex,CZ07,cDXGF,Each,1,350000,None,101000,0,-0.00922,101000,0,-0.00922,,,,,,,,,20,,2686400,4215.5,,,2585300,4215.5,,,,,,
NE-HVAC-AirEcono-Adjust-ExSP63F,DEER2024,D24_E+_Com_v1,6/15/2026 10:46,Any,OfL,Ex,CZ08,cDXGF,Each,1,350000,None,92800,-0.002,0.0263,92800,-0.002,0.0263,,,,,,,,,20,,2892600,4436.3,,,2799800,4436.3,,,,,,
NE-HVAC-AirEcono-Adjust-ExSP63F,DEER2024,D24_E+_Com_v1,6/15/2026 10:46,Any,OfL,Ex,CZ09,cDXGF,Each,1,350000,None,83800,-0.004,-0.0481,83800,-0.004,-0.0481,,,,,,,,,20,,2928200,4699.8,,,2844400,4699.8,,,,,,
NE-HVAC-AirEcono-Adjust-ExSP63F,DEER2024,D24_E+_Com_v1,6/15/2026 10:46,Any,OfL,Ex,CZ10,cDXGF,Each,1,350000,None,73400,-0.001,0.118,73400,-0.001,0.118,,,,,,,,,20,,2873900,4622,,,2800500,4621.9,,,,,,
NE-HVAC-AirEcono-Adjust-ExSP63F,DEER2024,D24_E+_Com_v1,6/15/2026 10:46,Any,OfL,Ex,CZ11,cDXGF,Each,1,350000,None,58000,0.027,-0.0126,58000,0.027,-0.0126,,,,,,,,,20,,2929400,7012.4,,,2871400,7012.4,,,,,,
NE-HVAC-AirEcono-Adjust-ExSP63F,DEER2024,D24_E+_Com_v1,6/15/2026 10:46,Any,OfL,Ex,CZ12,cDXGF,Each,1,350000,None,64500,0.016,-0.0474,64500,0.016,-0.0474,,,,,,,,,20,,2715500,6953.7,,,2651100,6953.7,,,,,,
NE-HVAC-AirEcono-Adjust-ExSP63F,DEER2024,D24_E+_Com_v1,6/15/2026 10:46,Any,OfL,Ex,CZ13,cDXGF,Each,1,350000,None,60600,0.306,0.0338,60600,0.306,0.0338,,,,,,,,,20,,2941400,6108,,,2880800,6108,,,,,,
NE-HVAC-AirEcono-Adjust-ExSP63F,DEER2024,D24_E+_Com_v1,6/15/2026 10:46,Any,OfL,Ex,CZ14,cDXGF,Each,1,350000,None,55400,-0.001,-0.147,55400,-0.001,-0.147,,,,,,,,,20,,2955500,6474.3,,,2900100,6474.5,,,,,,
NE-HVAC-AirEcono-Adjust-ExSP63F,DEER2024,D24_E+_Com_v1,6/15/2026 10:46,Any,OfL,Ex,CZ15,cDXGF,Each,1,350000,None,49900,0,-0.0396,49900,0,-0.0396,,,,,,,,,20,,3360900,3742.7,,,3311000,3742.7,,,,,,
NE-HVAC-AirEcono-Adjust-ExSP63F,DEER2024,D24_E+_Com_v1,6/15/2026 10:46,Any,OfL,Ex,CZ16,cDXGF,Each,1,350000,None,63900,5.03,-0.217,63900,5.03,-0.217,,,,,,,,,20,,2719300,10022,,,2655400,10022,,,,,,
NE-HVAC-AirEcono-Adjust-ExSP63F,DEER2024,D24_E+_Com_v1,6/15/2026 10:46,Any,OfL,Ex,CZ01,cDXHP,Each,1,350000,None,17800,19.5,0.173,17800,19.5,0.173,,,,,,,,,20,,2188100,6162.1,,,2170300,6161.9,,,,,,
NE-HVAC-AirEcono-Adjust-ExSP63F,DEER2024,D24_E+_Com_v1,6/15/2026 10:46,Any,OfL,Ex,CZ02,cDXHP,Each,1,350000,None,55900,8.69,-0.00239,55900,8.69,-0.00239,,,,,,,,,20,,2596400,5507.7,,,2540500,5507.7,,,,,,
NE-HVAC-AirEcono-Adjust-ExSP63F,DEER2024,D24_E+_Com_v1,6/15/2026 10:46,Any,OfL,Ex,CZ03,cDXHP,Each,1,350000,None,82300,24.5,0.0819,82300,24.5,0.0819,,,,,,,,,20,,2460400,4951,,,2378100,4950.9,,,,,,
NE-HVAC-AirEcono-Adjust-ExSP63F,DEER2024,D24_E+_Com_v1,6/15/2026 10:46,Any,OfL,Ex,CZ04,cDXHP,Each,1,350000,None,58300,-0.002,0.138,58300,-0.002,0.138,,,,,,,,,20,,2775600,5159.5,,,2717200,5159.3,,,,,,
NE-HVAC-AirEcono-Adjust-ExSP63F,DEER2024,D24_E+_Com_v1,6/15/2026 10:46,Any,OfL,Ex,CZ05,cDXHP,Each,1,350000,None,86600,22,0.0621,86600,22,0.0621,,,,,,,,,20,,2528200,4921.1,,,2441600,4921.1,,,,,,
NE-HVAC-AirEcono-Adjust-ExSP63F,DEER2024,D24_E+_Com_v1,6/15/2026 10:46,Any,OfL,Ex,CZ06,cDXHP,Each,1,350000,None,116000,7.75,-0.0399,116000,7.75,-0.0399,,,,,,,,,20,,2682200,4089,,,2565900,4089,,,,,,
NE-HVAC-AirEcono-Adjust-ExSP63F,DEER2024,D24_E+_Com_v1,6/15/2026 10:46,Any,OfL,Ex,CZ07,cDXHP,Each,1,350000,None,101000,0,-0.0133,101000,0,-0.0133,,,,,,,,,20,,2686400,4009.2,,,2585100,4009.2,,,,,,
NE-HVAC-AirEcono-Adjust-ExSP63F,DEER2024,D24_E+_Com_v1,6/15/2026 10:46,Any,OfL,Ex,CZ08,cDXHP,Each,1,350000,None,93300,-0.001,-0.013,93300,-0.001,-0.013,,,,,,,,,20,,2894900,4057.8,,,2801600,4057.8,,,,,,
NE-HVAC-AirEcono-Adjust-ExSP63F,DEER2024,D24_E+_Com_v1,6/15/2026 10:46,Any,OfL,Ex,CZ09,cDXHP,Each,1,350000,None,84000,-0.004,0.000341,84000,-0.004,0.000341,,,,,,,,,20,,2932400,4179,,,2848400,4179,,,,,,
NE-HVAC-AirEcono-Adjust-ExSP63F,DEER2024,D24_E+_Com_v1,6/15/2026 10:46,Any,OfL,Ex,CZ10,cDXHP,Each,1,350000,None,73600,-0.001,-0.0901,73600,-0.001,-0.0901,,,,,,,,,20,,2878100,4146.3,,,2804500,4146.4,,,,,,
NE-HVAC-AirEcono-Adjust-ExSP63F,DEER2024,D24_E+_Com_v1,6/15/2026 10:46,Any,OfL,Ex,CZ11,cDXHP,Each,1,350000,None,58400,0.027,-0.0468,58400,0.027,-0.0468,,,,,,,,,20,,2949900,5029.9,,,2891500,5030,,,,,,
NE-HVAC-AirEcono-Adjust-ExSP63F,DEER2024,D24_E+_Com_v1,6/15/2026 10:46,Any,OfL,Ex,CZ12,cDXHP,Each,1,350000,None,65000,0.013,-0.0147,65000,0.013,-0.0147,,,,,,,,,20,,2733700,5097.3,,,2668700,5097.3,,,,,,
NE-HVAC-AirEcono-Adjust-ExSP63F,DEER2024,D24_E+_Com_v1,6/15/2026 10:46,Any,OfL,Ex,CZ13,cDXHP,Each,1,350000,None,60900,-0.001,0.0577,60900,-0.001,0.0577,,,,,,,,,20,,2956800,4684.9,,,2895900,4684.8,,,,,,
NE-HVAC-AirEcono-Adjust-ExSP63F,DEER2024,D24_E+_Com_v1,6/15/2026 10:46,Any,OfL,Ex,CZ14,cDXHP,Each,1,350000,None,55700,0,-0.0809,55700,0,-0.0809,,,,,,,,,20,,2974600,4809.8,,,2918900,4809.9,,,,,,
NE-HVAC-AirEcono-Adjust-ExSP63F,DEER2024,D24_E+_Com_v1,6/15/2026 10:46,Any,OfL,Ex,CZ15,cDXHP,Each,1,350000,None,50100,0,-0.00478,50100,0,-0.00478,,,,,,,,,20,,3365600,3547.7,,,3315500,3547.7,,,,,,
NE-HVAC-AirEcono-Adjust-ExSP63F,DEER2024,D24_E+_Com_v1,6/15/2026 10:46,Any,OfL,Ex,CZ16,cDXHP,Each,1,350000,None,64000,5.04,0.0205,64000,5.04,0.0205,,,,,,,,,20,,2759700,6448.2,,,2695700,6448.2,,,,,,
NE-HVAC-AirEcono-Adjust-ExSP63F,DEER2024,D24_E+_Com_v1,6/15/2026 10:46,Any,OfL,Ex,CZ01,cDXOH,Each,1,350000,None,17800,19.2,-0.172,17800,19.2,-0.172,,,,,,,,,20,,2164900,6161.1,,,2147100,6161.2,,,,,,
NE-HVAC-AirEcono-Adjust-ExSP63F,DEER2024,D24_E+_Com_v1,6/15/2026 10:46,Any,OfL,Ex,CZ02,cDXOH,Each,1,350000,None,55100,8.55,-0.113,55100,8.55,-0.113,,,,,,,,,20,,2578000,5506.6,,,2522900,5506.7,,,,,,
NE-HVAC-AirEcono-Adjust-ExSP63F,DEER2024,D24_E+_Com_v1,6/15/2026 10:46,Any,OfL,Ex,CZ03,cDXOH,Each,1,350000,None,81700,24.3,0.147,81700,24.3,0.147,,,,,,,,,20,,2450600,4950.1,,,2368900,4950,,,,,,
NE-HVAC-AirEcono-Adjust-ExSP63F,DEER2024,D24_E+_Com_v1,6/15/2026 10:46,Any,OfL,Ex,CZ04,cDXOH,Each,1,350000,None,57600,0.001,-0.0355,57600,0.001,-0.0355,,,,,,,,,20,,2756900,5156.8,,,2699300,5156.8,,,,,,
NE-HVAC-AirEcono-Adjust-ExSP63F,DEER2024,D24_E+_Com_v1,6/15/2026 10:46,Any,OfL,Ex,CZ05,cDXOH,Each,1,350000,None,85900,21.8,0.00171,85900,21.8,0.00171,,,,,,,,,20,,2517500,4920.2,,,2431600,4920.1,,,,,,
NE-HVAC-AirEcono-Adjust-ExSP63F,DEER2024,D24_E+_Com_v1,6/15/2026 10:46,Any,OfL,Ex,CZ06,cDXOH,Each,1,350000,None,115000,7.7,-0.0355,115000,7.7,-0.0355,,,,,,,,,20,,2681500,4088.4,,,2566100,4088.5,,,,,,
NE-HVAC-AirEcono-Adjust-ExSP63F,DEER2024,D24_E+_Com_v1,6/15/2026 10:46,Any,OfL,Ex,CZ07,cDXOH,Each,1,350000,None,101000,0,0.00956,101000,0,0.00956,,,,,,,,,20,,2686200,4007.6,,,2585300,4007.6,,,,,,
NE-HVAC-AirEcono-Adjust-ExSP63F,DEER2024,D24_E+_Com_v1,6/15/2026 10:46,Any,OfL,Ex,CZ08,cDXOH,Each,1,350000,None,92700,-0.002,0.0273,92700,-0.002,0.0273,,,,,,,,,20,,2892500,4057.7,,,2799800,4057.7,,,,,,
NE-HVAC-AirEcono-Adjust-ExSP63F,DEER2024,D24_E+_Com_v1,6/15/2026 10:46,Any,OfL,Ex,CZ09,cDXOH,Each,1,350000,None,83700,-0.004,-0.194,83700,-0.004,-0.194,,,,,,,,,20,,2928200,4178.9,,,2844500,4179.1,,,,,,
NE-HVAC-AirEcono-Adjust-ExSP63F,DEER2024,D24_E+_Com_v1,6/15/2026 10:46,Any,OfL,Ex,CZ10,cDXOH,Each,1,350000,None,73300,-0.001,-0.0515,73300,-0.001,-0.0515,,,,,,,,,20,,2873800,4145.7,,,2800500,4145.7,,,,,,
NE-HVAC-AirEcono-Adjust-ExSP63F,DEER2024,D24_E+_Com_v1,6/15/2026 10:46,Any,OfL,Ex,CZ11,cDXOH,Each,1,350000,None,57900,0.027,-0.0539,57900,0.027,-0.0539,,,,,,,,,20,,2932900,5025.8,,,2875000,5025.9,,,,,,
NE-HVAC-AirEcono-Adjust-ExSP63F,DEER2024,D24_E+_Com_v1,6/15/2026 10:46,Any,OfL,Ex,CZ12,cDXOH,Each,1,350000,None,64400,-0.006,0.182,64400,-0.006,0.182,,,,,,,,,20,,2718300,5097.1,,,2653900,5096.9,,,,,,
NE-HVAC-AirEcono-Adjust-ExSP63F,DEER2024,D24_E+_Com_v1,6/15/2026 10:46,Any,OfL,Ex,CZ13,cDXOH,Each,1,350000,None,60500,-0.004,0.149,60500,-0.004,0.149,,,,,,,,,20,,2943600,4683.2,,,2883100,4683,,,,,,
NE-HVAC-AirEcono-Adjust-ExSP63F,DEER2024,D24_E+_Com_v1,6/15/2026 10:46,Any,OfL,Ex,CZ14,cDXOH,Each,1,350000,None,55100,-0.001,-0.0597,55100,-0.001,-0.0597,,,,,,,,,20,,2957400,4809.1,,,2902200,4809.2,,,,,,
NE-HVAC-AirEcono-Adjust-ExSP63F,DEER2024,D24_E+_Com_v1,6/15/2026 10:46,Any,OfL,Ex,CZ15,cDXOH,Each,1,350000,None,49800,0,-0.00171,49800,0,-0.00171,,,,,,,,,20,,3360900,3547.7,,,3311100,3547.7,,,,,,
NE-HVAC-AirEcono-Adjust-ExSP63F,DEER2024,D24_E+_Com_v1,6/15/2026 10:46,Any,OfL,Ex,CZ16,cDXOH,Each,1,350000,None,63800,5.03,-0.39,63800,5.03,-0.39,,,,,,,,,20,,2725400,6444.6,,,2661600,6445,,,,,,
NE-HVAC-AirEcono-Adjust-ExSP63F,DEER2024,D24_E+_Com_v1,6/15/2026 10:46,Any,OfL,Ex,CZ01,cPVVG,Each,1,350000,None,15600,16.6,-0.381,15600,16.6,-0.381,,,,,,,,,20,,1680800,12927,,,1665200,12927,,,,,,
NE-HVAC-AirEcono-Adjust-ExSP63F,DEER2024,D24_E+_Com_v1,6/15/2026 10:46,Any,OfL,Ex,CZ02,cPVVG,Each,1,350000,None,49000,7.54,-0.0857,49000,7.54,-0.0857,,,,,,,,,20,,2055600,10284,,,2006600,10284,,,,,,
NE-HVAC-AirEcono-Adjust-ExSP63F,DEER2024,D24_E+_Com_v1,6/15/2026 10:46,Any,OfL,Ex,CZ03,cPVVG,Each,1,350000,None,73000,21.2,0.0621,73000,21.2,0.0621,,,,,,,,,20,,1935700,7969,,,1862700,7968.9,,,,,,
NE-HVAC-AirEcono-Adjust-ExSP63F,DEER2024,D24_E+_Com_v1,6/15/2026 10:46,Any,OfL,Ex,CZ04,cPVVG,Each,1,350000,None,50100,-0.006,-1.07,50100,-0.006,-1.07,,,,,,,,,20,,2235400,9337.3,,,2185300,9338.4,,,,,,
NE-HVAC-AirEcono-Adjust-ExSP63F,DEER2024,D24_E+_Com_v1,6/15/2026 10:46,Any,OfL,Ex,CZ05,cPVVG,Each,1,350000,None,77600,19.7,-0.00853,77600,19.7,-0.00853,,,,,,,,,20,,1993900,7672.7,,,1916300,7672.7,,,,,,
NE-HVAC-AirEcono-Adjust-ExSP63F,DEER2024,D24_E+_Com_v1,6/15/2026 10:46,Any,OfL,Ex,CZ06,cPVVG,Each,1,350000,None,96500,6.73,-0.673,96500,6.73,-0.673,,,,,,,,,20,,2186400,4908.8,,,2090000,4909.5,,,,,,
NE-HVAC-AirEcono-Adjust-ExSP63F,DEER2024,D24_E+_Com_v1,6/15/2026 10:46,Any,OfL,Ex,CZ07,cPVVG,Each,1,350000,None,83600,0,-0.154,83600,0,-0.154,,,,,,,,,20,,2191900,4597.1,,,2108300,4597.3,,,,,,
NE-HVAC-AirEcono-Adjust-ExSP63F,DEER2024,D24_E+_Com_v1,6/15/2026 10:46,Any,OfL,Ex,CZ08,cPVVG,Each,1,350000,None,77800,-0.001,-0.203,77800,-0.001,-0.203,,,,,,,,,20,,2381300,5078.5,,,2303500,5078.7,,,,,,
NE-HVAC-AirEcono-Adjust-ExSP63F,DEER2024,D24_E+_Com_v1,6/15/2026 10:46,Any,OfL,Ex,CZ09,cPVVG,Each,1,350000,None,70900,-0.004,-0.0765,70900,-0.004,-0.0765,,,,,,,,,20,,2394900,5539.7,,,2324000,5539.8,,,,,,
NE-HVAC-AirEcono-Adjust-ExSP63F,DEER2024,D24_E+_Com_v1,6/15/2026 10:46,Any,OfL,Ex,CZ10,cPVVG,Each,1,350000,None,61400,-0.001,0.0222,61400,-0.001,0.0222,,,,,,,,,20,,2380100,5410.3,,,2318700,5410.3,,,,,,
NE-HVAC-AirEcono-Adjust-ExSP63F,DEER2024,D24_E+_Com_v1,6/15/2026 10:46,Any,OfL,Ex,CZ11,cPVVG,Each,1,350000,None,49100,0.022,-0.168,49100,0.022,-0.168,,,,,,,,,20,,2402000,9679,,,2352900,9679.2,,,,,,
NE-HVAC-AirEcono-Adjust-ExSP63F,DEER2024,D24_E+_Com_v1,6/15/2026 10:46,Any,OfL,Ex,CZ12,cPVVG,Each,1,350000,None,55700,0.009,-0.103,55700,0.009,-0.103,,,,,,,,,20,,2214300,9334.9,,,2158600,9335,,,,,,
NE-HVAC-AirEcono-Adjust-ExSP63F,DEER2024,D24_E+_Com_v1,6/15/2026 10:46,Any,OfL,Ex,CZ13,cPVVG,Each,1,350000,None,51600,0,-0.014,51600,0,-0.014,,,,,,,,,20,,2430900,8127.3,,,2379300,8127.3,,,,,,
NE-HVAC-AirEcono-Adjust-ExSP63F,DEER2024,D24_E+_Com_v1,6/15/2026 10:46,Any,OfL,Ex,CZ14,cPVVG,Each,1,350000,None,48700,0,-0.149,48700,0,-0.149,,,,,,,,,20,,2430300,8556.5,,,2381600,8556.7,,,,,,
NE-HVAC-AirEcono-Adjust-ExSP63F,DEER2024,D24_E+_Com_v1,6/15/2026 10:46,Any,OfL,Ex,CZ15,cPVVG,Each,1,350000,None,41000,0,0.00307,41000,0,0.00307,,,,,,,,,20,,2873300,4159,,,2832300,4159,,,,,,
NE-HVAC-AirEcono-Adjust-ExSP63F,DEER2024,D24_E+_Com_v1,6/15/2026 10:46,Any,OfL,Ex,CZ16,cPVVG,Each,1,350000,None,57400,4.63,-0.195,57400,4.63,-0.195,,,,,,,,,20,,2091600,13967,,,2034200,13967,,,,,,
NE-HVAC-AirEcono-Adjust-ExSP63F,DEER2024,D24_E+_Com_v1,6/15/2026 10:46,Any,OfS,Ex,CZ01,cDXGF,Each,1,20000,None,1070,1.18,-0.00102,1070,1.18,-0.00102,,,,,,,,,20,,104860,1401.8,,,103780,1401.8,,,,,,
NE-HVAC-AirEcono-Adjust-ExSP63F,DEER2024,D24_E+_Com_v1,6/15/2026 10:46,Any,OfS,Ex,CZ02,cDXGF,Each,1,20000,None,3690,0.59,-0.00273,3690,0.59,-0.00273,,,,,,,,,20,,132170,1124.1,,,128480,1124.1,,,,,,
NE-HVAC-AirEcono-Adjust-ExSP63F,DEER2024,D24_E+_Com_v1,6/15/2026 10:46,Any,OfS,Ex,CZ03,cDXGF,Each,1,20000,None,5390,1.61,-0.000683,5390,1.61,-0.000683,,,,,,,,,20,,123590,975.29,,,118200,975.29,,,,,,
NE-HVAC-AirEcono-Adjust-ExSP63F,DEER2024,D24_E+_Com_v1,6/15/2026 10:46,Any,OfS,Ex,CZ04,cDXGF,Each,1,20000,None,4020,0,-0.00239,4020,0,-0.00239,,,,,,,,,20,,145010,1003.5,,,140990,1003.5,,,,,,
NE-HVAC-AirEcono-Adjust-ExSP63F,DEER2024,D24_E+_Com_v1,6/15/2026 10:46,Any,OfS,Ex,CZ05,cDXGF,Each,1,20000,None,5670,1.45,-0.00137,5670,1.45,-0.00137,,,,,,,,,20,,127880,930.52,,,122210,930.52,,,,,,
NE-HVAC-AirEcono-Adjust-ExSP63F,DEER2024,D24_E+_Com_v1,6/15/2026 10:46,Any,OfS,Ex,CZ06,cDXGF,Each,1,20000,None,7860,0.523,-0.015,7860,0.523,-0.015,,,,,,,,,20,,138030,742.56,,,130170,742.58,,,,,,
NE-HVAC-AirEcono-Adjust-ExSP63F,DEER2024,D24_E+_Com_v1,6/15/2026 10:46,Any,OfS,Ex,CZ07,cDXGF,Each,1,20000,None,6900,0,-0.00444,6900,0,-0.00444,,,,,,,,,20,,137980,724.66,,,131080,724.67,,,,,,
NE-HVAC-AirEcono-Adjust-ExSP63F,DEER2024,D24_E+_Com_v1,6/15/2026 10:46,Any,OfS,Ex,CZ08,cDXGF,Each,1,20000,None,6580,0,-0.00171,6580,0,-0.00171,,,,,,,,,20,,152970,734.23,,,146390,734.23,,,,,,
NE-HVAC-AirEcono-Adjust-ExSP63F,DEER2024,D24_E+_Com_v1,6/15/2026 10:46,Any,OfS,Ex,CZ09,cDXGF,Each,1,20000,None,6010,0,-0.00102,6010,0,-0.00102,,,,,,,,,20,,156440,760.73,,,150420,760.73,,,,,,
NE-HVAC-AirEcono-Adjust-ExSP63F,DEER2024,D24_E+_Com_v1,6/15/2026 10:46,Any,OfS,Ex,CZ10,cDXGF,Each,1,20000,None,5090,0,-0.00137,5090,0,-0.00137,,,,,,,,,20,,149720,749.4,,,144630,749.4,,,,,,
NE-HVAC-AirEcono-Adjust-ExSP63F,DEER2024,D24_E+_Com_v1,6/15/2026 10:46,Any,OfS,Ex,CZ11,cDXGF,Each,1,20000,None,4200,0.003,-0.00307,4200,0.003,-0.00307,,,,,,,,,20,,159010,1036.2,,,154810,1036.2,,,,,,
NE-HVAC-AirEcono-Adjust-ExSP63F,DEER2024,D24_E+_Com_v1,6/15/2026 10:46,Any,OfS,Ex,CZ12,cDXGF,Each,1,20000,None,4540,0,-0.00137,4540,0,-0.00137,,,,,,,,,20,,142480,1059.1,,,137940,1059.1,,,,,,
NE-HVAC-AirEcono-Adjust-ExSP63F,DEER2024,D24_E+_Com_v1,6/15/2026 10:46,Any,OfS,Ex,CZ13,cDXGF,Each,1,20000,None,4420,0.001,-0.000683,4420,0.001,-0.000683,,,,,,,,,20,,159120,953.61,,,154700,953.61,,,,,,
NE-HVAC-AirEcono-Adjust-ExSP63F,DEER2024,D24_E+_Com_v1,6/15/2026 10:46,Any,OfS,Ex,CZ14,cDXGF,Each,1,20000,None,3920,0,-0.00137,3920,0,-0.00137,,,,,,,,,20,,158540,937.47,,,154630,937.47,,,,,,
NE-HVAC-AirEcono-Adjust-ExSP63F,DEER2024,D24_E+_Com_v1,6/15/2026 10:46,Any,OfS,Ex,CZ15,cDXGF,Each,1,20000,None,3680,0,0,3680,0,0,,,,,,,,,20,,186330,620.22,,,182650,620.22,,,,,,
NE-HVAC-AirEcono-Adjust-ExSP63F,DEER2024,D24_E+_Com_v1,6/15/2026 10:46,Any,OfS,Ex,CZ16,cDXGF,Each,1,20000,None,4480,0.384,-0.00273,4480,0.384,-0.00273,,,,,,,,,20,,143070,1384.6,,,138590,1384.6,,,,,,
NE-HVAC-AirEcono-Adjust-ExSP63F,DEER2024,D24_E+_Com_v1,6/15/2026 10:46,Any,OfS,Ex,CZ01,cDXHP,Each,1,20000,None,1080,1.18,0,1080,1.18,0,,,,,,,,,20,,109330,819.25,,,108250,819.25,,,,,,
NE-HVAC-AirEcono-Adjust-ExSP63F,DEER2024,D24_E+_Com_v1,6/15/2026 10:46,Any,OfS,Ex,CZ02,cDXHP,Each,1,20000,None,3720,0.6,0,3720,0.6,0,,,,,,,,,20,,135160,773.85,,,131430,773.85,,,,,,
NE-HVAC-AirEcono-Adjust-ExSP63F,DEER2024,D24_E+_Com_v1,6/15/2026 10:46,Any,OfS,Ex,CZ03,cDXHP,Each,1,20000,None,5440,1.63,0,5440,1.63,0,,,,,,,,,20,,125130,766.32,,,119690,766.32,,,,,,
NE-HVAC-AirEcono-Adjust-ExSP63F,DEER2024,D24_E+_Com_v1,6/15/2026 10:46,Any,OfS,Ex,CZ04,cDXHP,Each,1,20000,None,4040,-0.001,0,4040,-0.001,0,,,,,,,,,20,,147430,747.41,,,143400,747.41,,,,,,
NE-HVAC-AirEcono-Adjust-ExSP63F,DEER2024,D24_E+_Com_v1,6/15/2026 10:46,Any,OfS,Ex,CZ05,cDXHP,Each,1,20000,None,5720,1.46,0,5720,1.46,0,,,,,,,,,20,,129160,769.41,,,123440,769.41,,,,,,
NE-HVAC-AirEcono-Adjust-ExSP63F,DEER2024,D24_E+_Com_v1,6/15/2026 10:46,Any,OfS,Ex,CZ06,cDXHP,Each,1,20000,None,7940,0.527,0,7940,0.527,0,,,,,,,,,20,,138120,716.34,,,130180,716.34,,,,,,
NE-HVAC-AirEcono-Adjust-ExSP63F,DEER2024,D24_E+_Com_v1,6/15/2026 10:46,Any,OfS,Ex,CZ07,cDXHP,Each,1,20000,None,6940,0,0,6940,0,0,,,,,,,,,20,,138030,709.96,,,131090,709.96,,,,,,
NE-HVAC-AirEcono-Adjust-ExSP63F,DEER2024,D24_E+_Com_v1,6/15/2026 10:46,Any,OfS,Ex,CZ08,cDXHP,Each,1,20000,None,6610,0,0,6610,0,0,,,,,,,,,20,,153200,697.31,,,146590,697.31,,,,,,
NE-HVAC-AirEcono-Adjust-ExSP63F,DEER2024,D24_E+_Com_v1,6/15/2026 10:46,Any,OfS,Ex,CZ09,cDXHP,Each,1,20000,None,6030,-0.001,0,6030,-0.001,0,,,,,,,,,20,,156910,701.65,,,150870,701.65,,,,,,
NE-HVAC-AirEcono-Adjust-ExSP63F,DEER2024,D24_E+_Com_v1,6/15/2026 10:46,Any,OfS,Ex,CZ10,cDXHP,Each,1,20000,None,5110,0,0,5110,0,0,,,,,,,,,20,,150180,693.97,,,145070,693.97,,,,,,
NE-HVAC-AirEcono-Adjust-ExSP63F,DEER2024,D24_E+_Com_v1,6/15/2026 10:46,Any,OfS,Ex,CZ11,cDXHP,Each,1,20000,None,4220,0.002,0,4220,0.002,0,,,,,,,,,20,,161880,709.27,,,157660,709.27,,,,,,
NE-HVAC-AirEcono-Adjust-ExSP63F,DEER2024,D24_E+_Com_v1,6/15/2026 10:46,Any,OfS,Ex,CZ12,cDXHP,Each,1,20000,None,4580,0,0,4580,0,0,,,,,,,,,20,,145210,737.75,,,140630,737.75,,,,,,
NE-HVAC-AirEcono-Adjust-ExSP63F,DEER2024,D24_E+_Com_v1,6/15/2026 10:46,Any,OfS,Ex,CZ13,cDXHP,Each,1,20000,None,4430,0,0,4430,0,0,,,,,,,,,20,,161380,696.91,,,156940,696.91,,,,,,
NE-HVAC-AirEcono-Adjust-ExSP63F,DEER2024,D24_E+_Com_v1,6/15/2026 10:46,Any,OfS,Ex,CZ14,cDXHP,Each,1,20000,None,3930,0,0,3930,0,0,,,,,,,,,20,,160830,714.06,,,156910,714.06,,,,,,
NE-HVAC-AirEcono-Adjust-ExSP63F,DEER2024,D24_E+_Com_v1,6/15/2026 10:46,Any,OfS,Ex,CZ15,cDXHP,Each,1,20000,None,3680,0,0,3680,0,0,,,,,,,,,20,,186620,603.12,,,182940,603.12,,,,,,
NE-HVAC-AirEcono-Adjust-ExSP63F,DEER2024,D24_E+_Com_v1,6/15/2026 10:46,Any,OfS,Ex,CZ16,cDXHP,Each,1,20000,None,4490,0.386,0,4490,0.386,0,,,,,,,,,20,,149510,804.09,,,145020,804.09,,,,,,
NE-HVAC-AirEcono-Adjust-ExSP63F,DEER2024,D24_E+_Com_v1,6/15/2026 10:46,Any,OfS,Ex,CZ01,cDXOH,Each,1,20000,None,1070,1.17,0,1070,1.17,0,,,,,,,,,20,,105480,819.25,,,104420,819.25,,,,,,
NE-HVAC-AirEcono-Adjust-ExSP63F,DEER2024,D24_E+_Com_v1,6/15/2026 10:46,Any,OfS,Ex,CZ02,cDXOH,Each,1,20000,None,3660,0.59,0,3660,0.59,0,,,,,,,,,20,,132480,773.85,,,128830,773.85,,,,,,
NE-HVAC-AirEcono-Adjust-ExSP63F,DEER2024,D24_E+_Com_v1,6/15/2026 10:46,Any,OfS,Ex,CZ03,cDXOH,Each,1,20000,None,5380,1.61,0,5380,1.61,0,,,,,,,,,20,,123670,766.32,,,118300,766.32,,,,,,
NE-HVAC-AirEcono-Adjust-ExSP63F,DEER2024,D24_E+_Com_v1,6/15/2026 10:46,Any,OfS,Ex,CZ04,cDXOH,Each,1,20000,None,3980,0,0,3980,0,0,,,,,,,,,20,,145130,747.41,,,141150,747.41,,,,,,
NE-HVAC-AirEcono-Adjust-ExSP63F,DEER2024,D24_E+_Com_v1,6/15/2026 10:46,Any,OfS,Ex,CZ05,cDXOH,Each,1,20000,None,5640,1.45,0,5640,1.45,0,,,,,,,,,20,,127850,769.41,,,122210,769.41,,,,,,
NE-HVAC-AirEcono-Adjust-ExSP63F,DEER2024,D24_E+_Com_v1,6/15/2026 10:46,Any,OfS,Ex,CZ06,cDXOH,Each,1,20000,None,7860,0.523,0,7860,0.523,0,,,,,,,,,20,,138010,716.34,,,130160,716.34,,,,,,
NE-HVAC-AirEcono-Adjust-ExSP63F,DEER2024,D24_E+_Com_v1,6/15/2026 10:46,Any,OfS,Ex,CZ07,cDXOH,Each,1,20000,None,6900,0,0,6900,0,0,,,,,,,,,20,,137970,709.96,,,131080,709.96,,,,,,
NE-HVAC-AirEcono-Adjust-ExSP63F,DEER2024,D24_E+_Com_v1,6/15/2026 10:46,Any,OfS,Ex,CZ08,cDXOH,Each,1,20000,None,6570,0,0,6570,0,0,,,,,,,,,20,,152940,697.31,,,146370,697.31,,,,,,
NE-HVAC-AirEcono-Adjust-ExSP63F,DEER2024,D24_E+_Com_v1,6/15/2026 10:46,Any,OfS,Ex,CZ09,cDXOH,Each,1,20000,None,6000,0,0,6000,0,0,,,,,,,,,20,,156410,701.65,,,150410,701.65,,,,,,
NE-HVAC-AirEcono-Adjust-ExSP63F,DEER2024,D24_E+_Com_v1,6/15/2026 10:46,Any,OfS,Ex,CZ10,cDXOH,Each,1,20000,None,5080,0,0,5080,0,0,,,,,,,,,20,,149680,693.97,,,144600,693.97,,,,,,
NE-HVAC-AirEcono-Adjust-ExSP63F,DEER2024,D24_E+_Com_v1,6/15/2026 10:46,Any,OfS,Ex,CZ11,cDXOH,Each,1,20000,None,4170,0.003,-0.000341,4170,0.003,-0.000341,,,,,,,,,20,,159500,709.27,,,155330,709.27,,,,,,
NE-HVAC-AirEcono-Adjust-ExSP63F,DEER2024,D24_E+_Com_v1,6/15/2026 10:46,Any,OfS,Ex,CZ12,cDXOH,Each,1,20000,None,4520,0,0,4520,0,0,,,,,,,,,20,,142920,737.76,,,138390,737.76,,,,,,
NE-HVAC-AirEcono-Adjust-ExSP63F,DEER2024,D24_E+_Com_v1,6/15/2026 10:46,Any,OfS,Ex,CZ13,cDXOH,Each,1,20000,None,4410,0.001,0,4410,0.001,0,,,,,,,,,20,,159520,696.91,,,155110,696.91,,,,,,
NE-HVAC-AirEcono-Adjust-ExSP63F,DEER2024,D24_E+_Com_v1,6/15/2026 10:46,Any,OfS,Ex,CZ14,cDXOH,Each,1,20000,None,3880,0,0,3880,0,0,,,,,,,,,20,,158660,714.06,,,154780,714.06,,,,,,
NE-HVAC-AirEcono-Adjust-ExSP63F,DEER2024,D24_E+_Com_v1,6/15/2026 10:46,Any,OfS,Ex,CZ15,cDXOH,Each,1,20000,None,3670,0,0,3670,0,0,,,,,,,,,20,,186320,603.12,,,182640,603.12,,,,,,
NE-HVAC-AirEcono-Adjust-ExSP63F,DEER2024,D24_E+_Com_v1,6/15/2026 10:46,Any,OfS,Ex,CZ16,cDXOH,Each,1,20000,None,4470,0.384,0,4470,0.384,0,,,,,,,,,20,,144120,804.09,,,139650,804.09,,,,,,
NE-HVAC-AirEcono-Adjust-ExSP63F,DEER2024,D24_E+_Com_v1,6/15/2026 10:46,Any,OfS,Ex,CZ01,cPVVG,Each,1,20000,None,905,0.972,-0.000341,905,0.972,-0.000341,,,,,,,,,20,,73941,1806.3,,,73036,1806.3,,,,,,
NE-HVAC-AirEcono-Adjust-ExSP63F,DEER2024,D24_E+_Com_v1,6/15/2026 10:46,Any,OfS,Ex,CZ02,cPVVG,Each,1,20000,None,3250,0.536,-0.0041,3250,0.536,-0.0041,,,,,,,,,20,,96873,1412.2,,,93623,1412.2,,,,,,
NE-HVAC-AirEcono-Adjust-ExSP63F,DEER2024,D24_E+_Com_v1,6/15/2026 10:46,Any,OfS,Ex,CZ03,cPVVG,Each,1,20000,None,4820,1.42,-0.00102,4820,1.42,-0.00102,,,,,,,,,20,,89496,1163.1,,,84672,1163.1,,,,,,
NE-HVAC-AirEcono-Adjust-ExSP63F,DEER2024,D24_E+_Com_v1,6/15/2026 10:46,Any,OfS,Ex,CZ04,cPVVG,Each,1,20000,None,3470,-0.001,0,3470,-0.001,0,,,,,,,,,20,,109150,1254.9,,,105680,1254.9,,,,,,
NE-HVAC-AirEcono-Adjust-ExSP63F,DEER2024,D24_E+_Com_v1,6/15/2026 10:46,Any,OfS,Ex,CZ05,cPVVG,Each,1,20000,None,5100,1.32,0.000683,5100,1.32,0.000683,,,,,,,,,20,,92794,1088.4,,,87692,1088.4,,,,,,
NE-HVAC-AirEcono-Adjust-ExSP63F,DEER2024,D24_E+_Com_v1,6/15/2026 10:46,Any,OfS,Ex,CZ06,cPVVG,Each,1,20000,None,6620,0.469,-0.0396,6620,0.469,-0.0396,,,,,,,,,20,,104540,796.27,,,97911,796.31,,,,,,
NE-HVAC-AirEcono-Adjust-ExSP63F,DEER2024,D24_E+_Com_v1,6/15/2026 10:46,Any,OfS,Ex,CZ07,cPVVG,Each,1,20000,None,5720,0,-0.0195,5720,0,-0.0195,,,,,,,,,20,,104300,763.99,,,98577,764.01,,,,,,
NE-HVAC-AirEcono-Adjust-ExSP63F,DEER2024,D24_E+_Com_v1,6/15/2026 10:46,Any,OfS,Ex,CZ08,cPVVG,Each,1,20000,None,5560,-0.001,-0.000341,5560,-0.001,-0.000341,,,,,,,,,20,,117380,804.95,,,111810,804.95,,,,,,
NE-HVAC-AirEcono-Adjust-ExSP63F,DEER2024,D24_E+_Com_v1,6/15/2026 10:46,Any,OfS,Ex,CZ09,cPVVG,Each,1,20000,None,5130,0,-0.000683,5130,0,-0.000683,,,,,,,,,20,,119070,854.82,,,113940,854.82,,,,,,
NE-HVAC-AirEcono-Adjust-ExSP63F,DEER2024,D24_E+_Com_v1,6/15/2026 10:46,Any,OfS,Ex,CZ10,cPVVG,Each,1,20000,None,4250,0,-0.00137,4250,0,-0.00137,,,,,,,,,20,,115490,842.57,,,111240,842.57,,,,,,
NE-HVAC-AirEcono-Adjust-ExSP63F,DEER2024,D24_E+_Com_v1,6/15/2026 10:46,Any,OfS,Ex,CZ11,cPVVG,Each,1,20000,None,3550,0.004,-0.00205,3550,0.004,-0.00205,,,,,,,,,20,,121230,1350.3,,,117680,1350.3,,,,,,
NE-HVAC-AirEcono-Adjust-ExSP63F,DEER2024,D24_E+_Com_v1,6/15/2026 10:46,Any,OfS,Ex,CZ12,cPVVG,Each,1,20000,None,3920,0,-0.00137,3920,0,-0.00137,,,,,,,,,20,,107770,1343.8,,,103850,1343.8,,,,,,
NE-HVAC-AirEcono-Adjust-ExSP63F,DEER2024,D24_E+_Com_v1,6/15/2026 10:46,Any,OfS,Ex,CZ13,cPVVG,Each,1,20000,None,3760,0.001,-0.000683,3760,0.001,-0.000683,,,,,,,,,20,,122730,1207.8,,,118970,1207.8,,,,,,
NE-HVAC-AirEcono-Adjust-ExSP63F,DEER2024,D24_E+_Com_v1,6/15/2026 10:46,Any,OfS,Ex,CZ14,cPVVG,Each,1,20000,None,3430,0,-0.000682,3430,0,-0.000682,,,,,,,,,20,,122020,1169.2,,,118590,1169.2,,,,,,
NE-HVAC-AirEcono-Adjust-ExSP63F,DEER2024,D24_E+_Com_v1,6/15/2026 10:46,Any,OfS,Ex,CZ15,cPVVG,Each,1,20000,None,2980,0,-0.000683,2980,0,-0.000683,,,,,,,,,20,,150290,660.56,,,147320,660.57,,,,,,
NE-HVAC-AirEcono-Adjust-ExSP63F,DEER2024,D24_E+_Com_v1,6/15/2026 10:46,Any,OfS,Ex,CZ16,cPVVG,Each,1,20000,None,4080,0.364,-0.00444,4080,0.364,-0.00444,,,,,,,,,20,,100580,1843.5,,,96506,1843.5,,,,,,
NE-HVAC-AirEcono-Adjust-ExSP63F,DEER2024,D24_E+_Com_v1,6/15/2026 10:46,Any,RFF,Ex,CZ01,cDXGF,Each,1,4000,None,186,0.182,0,186,0.182,0,,,,,,,,,20,,51638,1938,,,51452,1938,,,,,,
NE-HVAC-AirEcono-Adjust-ExSP63F,DEER2024,D24_E+_Com_v1,6/15/2026 10:46,Any,RFF,Ex,CZ02,cDXGF,Each,1,4000,None,782,0.119,-0.000341,782,0.119,-0.000341,,,,,,,,,20,,63262,1792.9,,,62480,1792.9,,,,,,
NE-HVAC-AirEcono-Adjust-ExSP63F,DEER2024,D24_E+_Com_v1,6/15/2026 10:46,Any,RFF,Ex,CZ03,cDXGF,Each,1,4000,None,1140,0.319,-0.000341,1140,0.319,-0.000341,,,,,,,,,20,,59681,1672.2,,,58538,1672.2,,,,,,
NE-HVAC-AirEcono-Adjust-ExSP63F,DEER2024,D24_E+_Com_v1,6/15/2026 10:46,Any,RFF,Ex,CZ04,cDXGF,Each,1,4000,None,902,0,-0.00102,902,0,-0.00102,,,,,,,,,20,,68672,1711.1,,,67771,1711.1,,,,,,
NE-HVAC-AirEcono-Adjust-ExSP63F,DEER2024,D24_E+_Com_v1,6/15/2026 10:46,Any,RFF,Ex,CZ05,cDXGF,Each,1,4000,None,1160,0.25,-0.000341,1160,0.25,-0.000341,,,,,,,,,20,,61096,1663.3,,,59940,1663.3,,,,,,
NE-HVAC-AirEcono-Adjust-ExSP63F,DEER2024,D24_E+_Com_v1,6/15/2026 10:46,Any,RFF,Ex,CZ06,cDXGF,Each,1,4000,None,1820,0.108,0,1820,0.108,0,,,,,,,,,20,,66195,1520.2,,,64373,1520.2,,,,,,
NE-HVAC-AirEcono-Adjust-ExSP63F,DEER2024,D24_E+_Com_v1,6/15/2026 10:46,Any,RFF,Ex,CZ07,cDXGF,Each,1,4000,None,1570,0,0.000341,1570,0,0.000341,,,,,,,,,20,,66703,1508.2,,,65129,1508.2,,,,,,
NE-HVAC-AirEcono-Adjust-ExSP63F,DEER2024,D24_E+_Com_v1,6/15/2026 10:46,Any,RFF,Ex,CZ08,cDXGF,Each,1,4000,None,1570,0,0.000683,1570,0,0.000683,,,,,,,,,20,,72277,1510.5,,,70706,1510.5,,,,,,
NE-HVAC-AirEcono-Adjust-ExSP63F,DEER2024,D24_E+_Com_v1,6/15/2026 10:46,Any,RFF,Ex,CZ09,cDXGF,Each,1,4000,None,1450,0.001,-0.000341,1450,0.001,-0.000341,,,,,,,,,20,,73665,1526.6,,,72212,1526.6,,,,,,
NE-HVAC-AirEcono-Adjust-ExSP63F,DEER2024,D24_E+_Com_v1,6/15/2026 10:46,Any,RFF,Ex,CZ10,cDXGF,Each,1,4000,None,1320,0.001,-0.000683,1320,0.001,-0.000683,,,,,,,,,20,,74673,1529.5,,,73358,1529.5,,,,,,
NE-HVAC-AirEcono-Adjust-ExSP63F,DEER2024,D24_E+_Com_v1,6/15/2026 10:46,Any,RFF,Ex,CZ11,cDXGF,Each,1,4000,None,986,0,-0.00102,986,0,-0.00102,,,,,,,,,20,,74804,1693.5,,,73818,1693.5,,,,,,
NE-HVAC-AirEcono-Adjust-ExSP63F,DEER2024,D24_E+_Com_v1,6/15/2026 10:46,Any,RFF,Ex,CZ12,cDXGF,Each,1,4000,None,1060,0,0.000342,1060,0,0.000342,,,,,,,,,20,,68215,1721,,,67160,1721,,,,,,
NE-HVAC-AirEcono-Adjust-ExSP63F,DEER2024,D24_E+_Com_v1,6/15/2026 10:46,Any,RFF,Ex,CZ13,cDXGF,Each,1,4000,None,988,0,-0.000683,988,0,-0.000683,,,,,,,,,20,,75643,1629.6,,,74656,1629.6,,,,,,
NE-HVAC-AirEcono-Adjust-ExSP63F,DEER2024,D24_E+_Com_v1,6/15/2026 10:46,Any,RFF,Ex,CZ14,cDXGF,Each,1,4000,None,903,-0.001,-0.00102,903,-0.001,-0.00102,,,,,,,,,20,,74252,1629,,,73348,1629,,,,,,
NE-HVAC-AirEcono-Adjust-ExSP63F,DEER2024,D24_E+_Com_v1,6/15/2026 10:46,Any,RFF,Ex,CZ15,cDXGF,Each,1,4000,None,931,0,0,931,0,0,,,,,,,,,20,,88484,1388.1,,,87553,1388.1,,,,,,
NE-HVAC-AirEcono-Adjust-ExSP63F,DEER2024,D24_E+_Com_v1,6/15/2026 10:46,Any,RFF,Ex,CZ16,cDXGF,Each,1,4000,None,947,0.047,-0.000341,947,0.047,-0.000341,,,,,,,,,20,,66181,1914.7,,,65234,1914.7,,,,,,
NE-HVAC-AirEcono-Adjust-ExSP63F,DEER2024,D24_E+_Com_v1,6/15/2026 10:46,Any,RFF,Ex,CZ01,cDXHP,Each,1,4000,None,179,0.182,0,179,0.182,0,,,,,,,,,20,,54078,1615,,,53898,1615,,,,,,
NE-HVAC-AirEcono-Adjust-ExSP63F,DEER2024,D24_E+_Com_v1,6/15/2026 10:46,Any,RFF,Ex,CZ02,cDXHP,Each,1,4000,None,776,0.104,0,776,0.104,0,,,,,,,,,20,,65071,1566.6,,,64294,1566.6,,,,,,
NE-HVAC-AirEcono-Adjust-ExSP63F,DEER2024,D24_E+_Com_v1,6/15/2026 10:46,Any,RFF,Ex,CZ03,cDXHP,Each,1,4000,None,1120,0.318,0,1120,0.318,0,,,,,,,,,20,,60501,1554.6,,,59385,1554.6,,,,,,
NE-HVAC-AirEcono-Adjust-ExSP63F,DEER2024,D24_E+_Com_v1,6/15/2026 10:46,Any,RFF,Ex,CZ04,cDXHP,Each,1,4000,None,905,0,0.000341,905,0,0.000341,,,,,,,,,20,,70235,1535.6,,,69330,1535.6,,,,,,
NE-HVAC-AirEcono-Adjust-ExSP63F,DEER2024,D24_E+_Com_v1,6/15/2026 10:46,Any,RFF,Ex,CZ05,cDXHP,Each,1,4000,None,1130,0.257,0.000342,1130,0.257,0.000342,,,,,,,,,20,,61872,1558,,,60739,1558,,,,,,
NE-HVAC-AirEcono-Adjust-ExSP63F,DEER2024,D24_E+_Com_v1,6/15/2026 10:46,Any,RFF,Ex,CZ06,cDXHP,Each,1,4000,None,1810,0.084,0,1810,0.084,0,,,,,,,,,20,,66197,1498.7,,,64391,1498.7,,,,,,
NE-HVAC-AirEcono-Adjust-ExSP63F,DEER2024,D24_E+_Com_v1,6/15/2026 10:46,Any,RFF,Ex,CZ07,cDXHP,Each,1,4000,None,1550,0,0.000341,1550,0,0.000341,,,,,,,,,20,,66694,1491.6,,,65140,1491.6,,,,,,
NE-HVAC-AirEcono-Adjust-ExSP63F,DEER2024,D24_E+_Com_v1,6/15/2026 10:46,Any,RFF,Ex,CZ08,cDXHP,Each,1,4000,None,1560,0.001,0.000341,1560,0.001,0.000341,,,,,,,,,20,,72447,1477.6,,,70885,1477.6,,,,,,
NE-HVAC-AirEcono-Adjust-ExSP63F,DEER2024,D24_E+_Com_v1,6/15/2026 10:46,Any,RFF,Ex,CZ09,cDXHP,Each,1,4000,None,1450,0.001,0,1450,0.001,0,,,,,,,,,20,,73959,1482.4,,,72511,1482.4,,,,,,
NE-HVAC-AirEcono-Adjust-ExSP63F,DEER2024,D24_E+_Com_v1,6/15/2026 10:46,Any,RFF,Ex,CZ10,cDXHP,Each,1,4000,None,1310,0.001,0,1310,0.001,0,,,,,,,,,20,,75066,1474.2,,,73753,1474.2,,,,,,
NE-HVAC-AirEcono-Adjust-ExSP63F,DEER2024,D24_E+_Com_v1,6/15/2026 10:46,Any,RFF,Ex,CZ11,cDXHP,Each,1,4000,None,989,0,0,989,0,0,,,,,,,,,20,,76443,1494,,,75454,1494,,,,,,
NE-HVAC-AirEcono-Adjust-ExSP63F,DEER2024,D24_E+_Com_v1,6/15/2026 10:46,Any,RFF,Ex,CZ12,cDXHP,Each,1,4000,None,1050,0,0,1050,0,0,,,,,,,,,20,,69742,1524.9,,,68694,1524.9,,,,,,
NE-HVAC-AirEcono-Adjust-ExSP63F,DEER2024,D24_E+_Com_v1,6/15/2026 10:46,Any,RFF,Ex,CZ13,cDXHP,Each,1,4000,None,989,0,0,989,0,0,,,,,,,,,20,,76864,1478.2,,,75875,1478.2,,,,,,
NE-HVAC-AirEcono-Adjust-ExSP63F,DEER2024,D24_E+_Com_v1,6/15/2026 10:46,Any,RFF,Ex,CZ14,cDXHP,Each,1,4000,None,910,-0.001,0,910,-0.001,0,,,,,,,,,20,,75584,1497.3,,,74674,1497.3,,,,,,
NE-HVAC-AirEcono-Adjust-ExSP63F,DEER2024,D24_E+_Com_v1,6/15/2026 10:46,Any,RFF,Ex,CZ15,cDXHP,Each,1,4000,None,931,0,0,931,0,0,,,,,,,,,20,,88595,1373.3,,,87664,1373.3,,,,,,
NE-HVAC-AirEcono-Adjust-ExSP63F,DEER2024,D24_E+_Com_v1,6/15/2026 10:46,Any,RFF,Ex,CZ16,cDXHP,Each,1,4000,None,955,0.047,0,955,0.047,0,,,,,,,,,20,,69628,1605.4,,,68672,1605.4,,,,,,
NE-HVAC-AirEcono-Adjust-ExSP63F,DEER2024,D24_E+_Com_v1,6/15/2026 10:46,Any,RFF,Ex,CZ01,cDXOH,Each,1,4000,None,185,0.182,0,185,0.182,0,,,,,,,,,20,,51734,1617.3,,,51548,1617.3,,,,,,
NE-HVAC-AirEcono-Adjust-ExSP63F,DEER2024,D24_E+_Com_v1,6/15/2026 10:46,Any,RFF,Ex,CZ02,cDXOH,Each,1,4000,None,777,0.119,0.000341,777,0.119,0.000341,,,,,,,,,20,,63348,1569.1,,,62571,1569.1,,,,,,
NE-HVAC-AirEcono-Adjust-ExSP63F,DEER2024,D24_E+_Com_v1,6/15/2026 10:46,Any,RFF,Ex,CZ03,cDXOH,Each,1,4000,None,1140,0.32,0,1140,0.32,0,,,,,,,,,20,,59696,1555.1,,,58553,1555.1,,,,,,
NE-HVAC-AirEcono-Adjust-ExSP63F,DEER2024,D24_E+_Com_v1,6/15/2026 10:46,Any,RFF,Ex,CZ04,cDXOH,Each,1,4000,None,898,0,0,898,0,0,,,,,,,,,20,,68698,1536.9,,,67801,1536.9,,,,,,
NE-HVAC-AirEcono-Adjust-ExSP63F,DEER2024,D24_E+_Com_v1,6/15/2026 10:46,Any,RFF,Ex,CZ05,cDXOH,Each,1,4000,None,1150,0.25,0.000342,1150,0.25,0.000342,,,,,,,,,20,,61074,1558.2,,,59919,1558.2,,,,,,
NE-HVAC-AirEcono-Adjust-ExSP63F,DEER2024,D24_E+_Com_v1,6/15/2026 10:46,Any,RFF,Ex,CZ06,cDXOH,Each,1,4000,None,1820,0.108,0,1820,0.108,0,,,,,,,,,20,,66186,1498.7,,,64364,1498.7,,,,,,
NE-HVAC-AirEcono-Adjust-ExSP63F,DEER2024,D24_E+_Com_v1,6/15/2026 10:46,Any,RFF,Ex,CZ07,cDXOH,Each,1,4000,None,1570,0,0,1570,0,0,,,,,,,,,20,,66694,1491.6,,,65121,1491.6,,,,,,
NE-HVAC-AirEcono-Adjust-ExSP63F,DEER2024,D24_E+_Com_v1,6/15/2026 10:46,Any,RFF,Ex,CZ08,cDXOH,Each,1,4000,None,1570,0,0,1570,0,0,,,,,,,,,20,,72260,1477.6,,,70689,1477.6,,,,,,
NE-HVAC-AirEcono-Adjust-ExSP63F,DEER2024,D24_E+_Com_v1,6/15/2026 10:46,Any,RFF,Ex,CZ09,cDXOH,Each,1,4000,None,1450,0.001,0.000341,1450,0.001,0.000341,,,,,,,,,20,,73667,1482.5,,,72215,1482.5,,,,,,
NE-HVAC-AirEcono-Adjust-ExSP63F,DEER2024,D24_E+_Com_v1,6/15/2026 10:46,Any,RFF,Ex,CZ10,cDXOH,Each,1,4000,None,1310,0.001,0,1310,0.001,0,,,,,,,,,20,,74665,1474.3,,,73351,1474.3,,,,,,
NE-HVAC-AirEcono-Adjust-ExSP63F,DEER2024,D24_E+_Com_v1,6/15/2026 10:46,Any,RFF,Ex,CZ11,cDXOH,Each,1,4000,None,982,0,0,982,0,0,,,,,,,,,20,,74896,1496.5,,,73914,1496.5,,,,,,
NE-HVAC-AirEcono-Adjust-ExSP63F,DEER2024,D24_E+_Com_v1,6/15/2026 10:46,Any,RFF,Ex,CZ12,cDXOH,Each,1,4000,None,1050,0,0,1050,0,0,,,,,,,,,20,,68311,1527.1,,,67258,1527.1,,,,,,
NE-HVAC-AirEcono-Adjust-ExSP63F,DEER2024,D24_E+_Com_v1,6/15/2026 10:46,Any,RFF,Ex,CZ13,cDXOH,Each,1,4000,None,987,0,0,987,0,0,,,,,,,,,20,,75723,1479.5,,,74736,1479.5,,,,,,
NE-HVAC-AirEcono-Adjust-ExSP63F,DEER2024,D24_E+_Com_v1,6/15/2026 10:46,Any,RFF,Ex,CZ14,cDXOH,Each,1,4000,None,901,-0.001,0.000342,901,-0.001,0.000342,,,,,,,,,20,,74287,1498.1,,,73386,1498.1,,,,,,
NE-HVAC-AirEcono-Adjust-ExSP63F,DEER2024,D24_E+_Com_v1,6/15/2026 10:46,Any,RFF,Ex,CZ15,cDXOH,Each,1,4000,None,931,0,0,931,0,0,,,,,,,,,20,,88475,1373.3,,,87544,1373.3,,,,,,
NE-HVAC-AirEcono-Adjust-ExSP63F,DEER2024,D24_E+_Com_v1,6/15/2026 10:46,Any,RFF,Ex,CZ16,cDXOH,Each,1,4000,None,947,0.047,0,947,0.047,0,,,,,,,,,20,,66341,1614.1,,,65394,1614.1,,,,,,
NE-HVAC-AirEcono-Adjust-ExSP63F,DEER2024,D24_E+_Com_v1,6/15/2026 10:46,Any,RFF,Ex,CZ01,cPVVG,Each,1,4000,None,131,0.124,0,131,0.124,0,,,,,,,,,20,,43741,2101.2,,,43610,2101.2,,,,,,
NE-HVAC-AirEcono-Adjust-ExSP63F,DEER2024,D24_E+_Com_v1,6/15/2026 10:46,Any,RFF,Ex,CZ02,cPVVG,Each,1,4000,None,586,0.092,-0.00239,586,0.092,-0.00239,,,,,,,,,20,,53621,1927.2,,,53034,1927.2,,,,,,
NE-HVAC-AirEcono-Adjust-ExSP63F,DEER2024,D24_E+_Com_v1,6/15/2026 10:46,Any,RFF,Ex,CZ03,cPVVG,Each,1,4000,None,869,0.262,-0.000341,869,0.262,-0.000341,,,,,,,,,20,,50243,1766.4,,,49375,1766.4,,,,,,
NE-HVAC-AirEcono-Adjust-ExSP63F,DEER2024,D24_E+_Com_v1,6/15/2026 10:46,Any,RFF,Ex,CZ04,cPVVG,Each,1,4000,None,680,0,-0.00205,680,0,-0.00205,,,,,,,,,20,,59347,1819.8,,,58666,1819.8,,,,,,
NE-HVAC-AirEcono-Adjust-ExSP63F,DEER2024,D24_E+_Com_v1,6/15/2026 10:46,Any,RFF,Ex,CZ05,cPVVG,Each,1,4000,None,899,0.205,-0.000682,899,0.205,-0.000682,,,,,,,,,20,,51403,1759.8,,,50503,1759.8,,,,,,
NE-HVAC-AirEcono-Adjust-ExSP63F,DEER2024,D24_E+_Com_v1,6/15/2026 10:46,Any,RFF,Ex,CZ06,cPVVG,Each,1,4000,None,1330,0.086,0,1330,0.086,0,,,,,,,,,20,,57273,1551.9,,,55941,1551.9,,,,,,
NE-HVAC-AirEcono-Adjust-ExSP63F,DEER2024,D24_E+_Com_v1,6/15/2026 10:46,Any,RFF,Ex,CZ07,cPVVG,Each,1,4000,None,1090,0,-0.00239,1090,0,-0.00239,,,,,,,,,20,,57409,1537.7,,,56315,1537.7,,,,,,
NE-HVAC-AirEcono-Adjust-ExSP63F,DEER2024,D24_E+_Com_v1,6/15/2026 10:46,Any,RFF,Ex,CZ08,cPVVG,Each,1,4000,None,1150,0,-0.00171,1150,0,-0.00171,,,,,,,,,20,,62735,1551,,,61582,1551,,,,,,
NE-HVAC-AirEcono-Adjust-ExSP63F,DEER2024,D24_E+_Com_v1,6/15/2026 10:46,Any,RFF,Ex,CZ09,cPVVG,Each,1,4000,None,1100,0.001,-0.00102,1100,0.001,-0.00102,,,,,,,,,20,,63690,1575.7,,,62587,1575.7,,,,,,
NE-HVAC-AirEcono-Adjust-ExSP63F,DEER2024,D24_E+_Com_v1,6/15/2026 10:46,Any,RFF,Ex,CZ10,cPVVG,Each,1,4000,None,959,0.001,-0.00171,959,0.001,-0.00171,,,,,,,,,20,,64749,1588.8,,,63790,1588.8,,,,,,
NE-HVAC-AirEcono-Adjust-ExSP63F,DEER2024,D24_E+_Com_v1,6/15/2026 10:46,Any,RFF,Ex,CZ11,cPVVG,Each,1,4000,None,742,0,-0.00205,742,0,-0.00205,,,,,,,,,20,,64979,1811.9,,,64237,1811.9,,,,,,
NE-HVAC-AirEcono-Adjust-ExSP63F,DEER2024,D24_E+_Com_v1,6/15/2026 10:46,Any,RFF,Ex,CZ12,cPVVG,Each,1,4000,None,785,0,-0.00171,785,0,-0.00171,,,,,,,,,20,,59011,1833.7,,,58227,1833.7,,,,,,
NE-HVAC-AirEcono-Adjust-ExSP63F,DEER2024,D24_E+_Com_v1,6/15/2026 10:46,Any,RFF,Ex,CZ13,cPVVG,Each,1,4000,None,743,0,0.00341,743,0,0.00341,,,,,,,,,20,,66167,1730.4,,,65424,1730.4,,,,,,
NE-HVAC-AirEcono-Adjust-ExSP63F,DEER2024,D24_E+_Com_v1,6/15/2026 10:46,Any,RFF,Ex,CZ14,cPVVG,Each,1,4000,None,712,-0.001,-0.00239,712,-0.001,-0.00239,,,,,,,,,20,,64928,1718.1,,,64216,1718.1,,,,,,
NE-HVAC-AirEcono-Adjust-ExSP63F,DEER2024,D24_E+_Com_v1,6/15/2026 10:46,Any,RFF,Ex,CZ15,cPVVG,Each,1,4000,None,682,0,-0.00102,682,0,-0.00102,,,,,,,,,20,,79282,1411.9,,,78600,1411.9,,,,,,
NE-HVAC-AirEcono-Adjust-ExSP63F,DEER2024,D24_E+_Com_v1,6/15/2026 10:46,Any,RFF,Ex,CZ16,cPVVG,Each,1,4000,None,783,0.038,-0.000341,783,0.038,-0.000341,,,,,,,,,20,,55183,2075.7,,,54399,2075.7,,,,,,
NE-HVAC-AirEcono-Adjust-ExSP63F,DEER2024,D24_E+_Com_v1,6/15/2026 10:46,Any,RSD,Ex,CZ01,cDXGF,Each,1,11200,None,73.8,0.076,0.00375,73.8,0.076,0.00375,,,,,,,,,20,,109460,4939.7,,,109390,4939.6,,,,,,
NE-HVAC-AirEcono-Adjust-ExSP63F,DEER2024,D24_E+_Com_v1,6/15/2026 10:46,Any,RSD,Ex,CZ02,cDXGF,Each,1,11200,None,291,0.048,0.0137,291,0.048,0.0137,,,,,,,,,20,,124680,4806.3,,,124390,4806.3,,,,,,
NE-HVAC-AirEcono-Adjust-ExSP63F,DEER2024,D24_E+_Com_v1,6/15/2026 10:46,Any,RSD,Ex,CZ03,cDXGF,Each,1,11200,None,444,-0.083,-0.253,444,-0.083,-0.253,,,,,,,,,20,,113940,4169.6,,,113490,4169.8,,,,,,
NE-HVAC-AirEcono-Adjust-ExSP63F,DEER2024,D24_E+_Com_v1,6/15/2026 10:46,Any,RSD,Ex,CZ04,cDXGF,Each,1,11200,None,356,0,0.00273,356,0,0.00273,,,,,,,,,20,,135670,4756.7,,,135320,4756.7,,,,,,
NE-HVAC-AirEcono-Adjust-ExSP63F,DEER2024,D24_E+_Com_v1,6/15/2026 10:46,Any,RSD,Ex,CZ05,cDXGF,Each,1,11200,None,438,0.096,-0.109,438,0.096,-0.109,,,,,,,,,20,,116000,4205.8,,,115560,4206,,,,,,
NE-HVAC-AirEcono-Adjust-ExSP63F,DEER2024,D24_E+_Com_v1,6/15/2026 10:46,Any,RSD,Ex,CZ06,cDXGF,Each,1,11200,None,750,0.05,0.00137,750,0.05,0.00137,,,,,,,,,20,,124250,3728.9,,,123500,3728.9,,,,,,
NE-HVAC-AirEcono-Adjust-ExSP63F,DEER2024,D24_E+_Com_v1,6/15/2026 10:46,Any,RSD,Ex,CZ07,cDXGF,Each,1,11200,None,666,0,-0.000342,666,0,-0.000342,,,,,,,,,20,,125040,3706.2,,,124370,3706.2,,,,,,
NE-HVAC-AirEcono-Adjust-ExSP63F,DEER2024,D24_E+_Com_v1,6/15/2026 10:46,Any,RSD,Ex,CZ08,cDXGF,Each,1,11200,None,637,0.001,0.00683,637,0.001,0.00683,,,,,,,,,20,,139880,4093.5,,,139240,4093.5,,,,,,
NE-HVAC-AirEcono-Adjust-ExSP63F,DEER2024,D24_E+_Com_v1,6/15/2026 10:46,Any,RSD,Ex,CZ09,cDXGF,Each,1,11200,None,578,0.001,0.0113,578,0.001,0.0113,,,,,,,,,20,,141530,4186.8,,,140950,4186.8,,,,,,
NE-HVAC-AirEcono-Adjust-ExSP63F,DEER2024,D24_E+_Com_v1,6/15/2026 10:46,Any,RSD,Ex,CZ10,cDXGF,Each,1,11200,None,499,0.002,-0.00171,499,0.002,-0.00171,,,,,,,,,20,,145240,4279.9,,,144740,4279.9,,,,,,
NE-HVAC-AirEcono-Adjust-ExSP63F,DEER2024,D24_E+_Com_v1,6/15/2026 10:46,Any,RSD,Ex,CZ11,cDXGF,Each,1,11200,None,381,0,-0.00683,381,0,-0.00683,,,,,,,,,20,,149860,4907.3,,,149480,4907.3,,,,,,
NE-HVAC-AirEcono-Adjust-ExSP63F,DEER2024,D24_E+_Com_v1,6/15/2026 10:46,Any,RSD,Ex,CZ12,cDXGF,Each,1,11200,None,409,0,-0.00717,409,0,-0.00717,,,,,,,,,20,,135150,4760.4,,,134740,4760.4,,,,,,
NE-HVAC-AirEcono-Adjust-ExSP63F,DEER2024,D24_E+_Com_v1,6/15/2026 10:46,Any,RSD,Ex,CZ13,cDXGF,Each,1,11200,None,392,0,-0.00307,392,0,-0.00307,,,,,,,,,20,,153090,4805.7,,,152700,4805.7,,,,,,
NE-HVAC-AirEcono-Adjust-ExSP63F,DEER2024,D24_E+_Com_v1,6/15/2026 10:46,Any,RSD,Ex,CZ14,cDXGF,Each,1,11200,None,368,0,0.00717,368,0,0.00717,,,,,,,,,20,,151160,4841.3,,,150790,4841.3,,,,,,
NE-HVAC-AirEcono-Adjust-ExSP63F,DEER2024,D24_E+_Com_v1,6/15/2026 10:46,Any,RSD,Ex,CZ15,cDXGF,Each,1,11200,None,373,0,0.00239,373,0,0.00239,,,,,,,,,20,,179240,4041.3,,,178870,4041.3,,,,,,
NE-HVAC-AirEcono-Adjust-ExSP63F,DEER2024,D24_E+_Com_v1,6/15/2026 10:46,Any,RSD,Ex,CZ16,cDXGF,Each,1,11200,None,386,0.023,-0.00444,386,0.023,-0.00444,,,,,,,,,20,,128430,5122.3,,,128040,5122.3,,,,,,
NE-HVAC-AirEcono-Adjust-ExSP63F,DEER2024,D24_E+_Com_v1,6/15/2026 10:46,Any,RSD,Ex,CZ01,cDXHP,Each,1,11200,None,70.8,0.073,-0.0198,70.8,0.073,-0.0198,,,,,,,,,20,,110690,4779.2,,,110620,4779.2,,,,,,
NE-HVAC-AirEcono-Adjust-ExSP63F,DEER2024,D24_E+_Com_v1,6/15/2026 10:46,Any,RSD,Ex,CZ02,cDXHP,Each,1,11200,None,292,0.04,0.015,292,0.04,0.015,,,,,,,,,20,,125550,4702,,,125250,4702,,,,,,
NE-HVAC-AirEcono-Adjust-ExSP63F,DEER2024,D24_E+_Com_v1,6/15/2026 10:46,Any,RSD,Ex,CZ03,cDXHP,Each,1,11200,None,438,0.029,-0.143,438,0.029,-0.143,,,,,,,,,20,,114290,4120.4,,,113860,4120.5,,,,,,
NE-HVAC-AirEcono-Adjust-ExSP63F,DEER2024,D24_E+_Com_v1,6/15/2026 10:46,Any,RSD,Ex,CZ04,cDXHP,Each,1,11200,None,358,0,-0.00751,358,0,-0.00751,,,,,,,,,20,,136410,4675.2,,,136050,4675.2,,,,,,
NE-HVAC-AirEcono-Adjust-ExSP63F,DEER2024,D24_E+_Com_v1,6/15/2026 10:46,Any,RSD,Ex,CZ05,cDXHP,Each,1,11200,None,433,0.098,-0.153,433,0.098,-0.153,,,,,,,,,20,,116350,4161.3,,,115920,4161.5,,,,,,
NE-HVAC-AirEcono-Adjust-ExSP63F,DEER2024,D24_E+_Com_v1,6/15/2026 10:46,Any,RSD,Ex,CZ06,cDXHP,Each,1,11200,None,745,0.035,-0.000341,745,0.035,-0.000341,,,,,,,,,20,,124160,3721.8,,,123420,3721.8,,,,,,
NE-HVAC-AirEcono-Adjust-ExSP63F,DEER2024,D24_E+_Com_v1,6/15/2026 10:46,Any,RSD,Ex,CZ07,cDXHP,Each,1,11200,None,659,0,0.03,659,0,0.03,,,,,,,,,20,,124970,3701.6,,,124310,3701.6,,,,,,
NE-HVAC-AirEcono-Adjust-ExSP63F,DEER2024,D24_E+_Com_v1,6/15/2026 10:46,Any,RSD,Ex,CZ08,cDXHP,Each,1,11200,None,635,0.001,0.00512,635,0.001,0.00512,,,,,,,,,20,,139930,4080.5,,,139300,4080.5,,,,,,
NE-HVAC-AirEcono-Adjust-ExSP63F,DEER2024,D24_E+_Com_v1,6/15/2026 10:46,Any,RSD,Ex,CZ09,cDXHP,Each,1,11200,None,577,0.002,-0.00341,577,0.002,-0.00341,,,,,,,,,20,,141660,4168.1,,,141080,4168.1,,,,,,
NE-HVAC-AirEcono-Adjust-ExSP63F,DEER2024,D24_E+_Com_v1,6/15/2026 10:46,Any,RSD,Ex,CZ10,cDXHP,Each,1,11200,None,499,0.002,0.00239,499,0.002,0.00239,,,,,,,,,20,,145400,4258.2,,,144900,4258.2,,,,,,
NE-HVAC-AirEcono-Adjust-ExSP63F,DEER2024,D24_E+_Com_v1,6/15/2026 10:46,Any,RSD,Ex,CZ11,cDXHP,Each,1,11200,None,382,0,0.00239,382,0,0.00239,,,,,,,,,20,,150660,4811.2,,,150280,4811.2,,,,,,
NE-HVAC-AirEcono-Adjust-ExSP63F,DEER2024,D24_E+_Com_v1,6/15/2026 10:46,Any,RSD,Ex,CZ12,cDXHP,Each,1,11200,None,410,0,-0.00956,410,0,-0.00956,,,,,,,,,20,,135900,4665.8,,,135490,4665.8,,,,,,
NE-HVAC-AirEcono-Adjust-ExSP63F,DEER2024,D24_E+_Com_v1,6/15/2026 10:46,Any,RSD,Ex,CZ13,cDXHP,Each,1,11200,None,393,0,-0.0058,393,0,-0.0058,,,,,,,,,20,,153710,4730,,,153320,4730,,,,,,
NE-HVAC-AirEcono-Adjust-ExSP63F,DEER2024,D24_E+_Com_v1,6/15/2026 10:46,Any,RSD,Ex,CZ14,cDXHP,Each,1,11200,None,370,0,-0.000342,370,0,-0.000342,,,,,,,,,20,,151880,4769.1,,,151510,4769.1,,,,,,
NE-HVAC-AirEcono-Adjust-ExSP63F,DEER2024,D24_E+_Com_v1,6/15/2026 10:46,Any,RSD,Ex,CZ15,cDXHP,Each,1,11200,None,373,0,0.00853,373,0,0.00853,,,,,,,,,20,,179300,4033.7,,,178930,4033.7,,,,,,
NE-HVAC-AirEcono-Adjust-ExSP63F,DEER2024,D24_E+_Com_v1,6/15/2026 10:46,Any,RSD,Ex,CZ16,cDXHP,Each,1,11200,None,391,0.023,0.000342,391,0.023,0.000342,,,,,,,,,20,,130220,4962.2,,,129830,4962.2,,,,,,
NE-HVAC-AirEcono-Adjust-ExSP63F,DEER2024,D24_E+_Com_v1,6/15/2026 10:46,Any,RSD,Ex,CZ01,cDXOH,Each,1,11200,None,73.4,0.076,-0.00683,73.4,0.076,-0.00683,,,,,,,,,20,,109380,4789.4,,,109310,4789.4,,,,,,
NE-HVAC-AirEcono-Adjust-ExSP63F,DEER2024,D24_E+_Com_v1,6/15/2026 10:46,Any,RSD,Ex,CZ02,cDXOH,Each,1,11200,None,290,0.048,-0.00171,290,0.048,-0.00171,,,,,,,,,20,,124610,4708,,,124320,4708,,,,,,
NE-HVAC-AirEcono-Adjust-ExSP63F,DEER2024,D24_E+_Com_v1,6/15/2026 10:46,Any,RSD,Ex,CZ03,cDXOH,Each,1,11200,None,448,0.183,0.0724,448,0.183,0.0724,,,,,,,,,20,,113910,4123.3,,,113460,4123.2,,,,,,
NE-HVAC-AirEcono-Adjust-ExSP63F,DEER2024,D24_E+_Com_v1,6/15/2026 10:46,Any,RSD,Ex,CZ04,cDXOH,Each,1,11200,None,356,0,-0.000341,356,0,-0.000341,,,,,,,,,20,,135600,4680,,,135250,4680,,,,,,
NE-HVAC-AirEcono-Adjust-ExSP63F,DEER2024,D24_E+_Com_v1,6/15/2026 10:46,Any,RSD,Ex,CZ05,cDXOH,Each,1,11200,None,435,0.096,-0.269,435,0.096,-0.269,,,,,,,,,20,,115960,4163.1,,,115530,4163.4,,,,,,
NE-HVAC-AirEcono-Adjust-ExSP63F,DEER2024,D24_E+_Com_v1,6/15/2026 10:46,Any,RSD,Ex,CZ06,cDXOH,Each,1,11200,None,751,0.05,-0.0816,751,0.05,-0.0816,,,,,,,,,20,,124250,3722,,,123500,3722.1,,,,,,
NE-HVAC-AirEcono-Adjust-ExSP63F,DEER2024,D24_E+_Com_v1,6/15/2026 10:46,Any,RSD,Ex,CZ07,cDXOH,Each,1,11200,None,672,0,-0.232,672,0,-0.232,,,,,,,,,20,,125040,3701.7,,,124360,3702,,,,,,
NE-HVAC-AirEcono-Adjust-ExSP63F,DEER2024,D24_E+_Com_v1,6/15/2026 10:46,Any,RSD,Ex,CZ08,cDXOH,Each,1,11200,None,636,0.001,0.00512,636,0.001,0.00512,,,,,,,,,20,,139870,4080.9,,,139230,4080.9,,,,,,
NE-HVAC-AirEcono-Adjust-ExSP63F,DEER2024,D24_E+_Com_v1,6/15/2026 10:46,Any,RSD,Ex,CZ09,cDXOH,Each,1,11200,None,578,0.001,0.00478,578,0.001,0.00478,,,,,,,,,20,,141510,4168.8,,,140940,4168.8,,,,,,
NE-HVAC-AirEcono-Adjust-ExSP63F,DEER2024,D24_E+_Com_v1,6/15/2026 10:46,Any,RSD,Ex,CZ10,cDXOH,Each,1,11200,None,499,0.002,-0.00751,499,0.002,-0.00751,,,,,,,,,20,,145220,4259.3,,,144720,4259.3,,,,,,
NE-HVAC-AirEcono-Adjust-ExSP63F,DEER2024,D24_E+_Com_v1,6/15/2026 10:46,Any,RSD,Ex,CZ11,cDXOH,Each,1,11200,None,379,0,0.00239,379,0,0.00239,,,,,,,,,20,,149810,4817.1,,,149430,4817.1,,,,,,
NE-HVAC-AirEcono-Adjust-ExSP63F,DEER2024,D24_E+_Com_v1,6/15/2026 10:46,Any,RSD,Ex,CZ12,cDXOH,Each,1,11200,None,408,0,0.00444,408,0,0.00444,,,,,,,,,20,,135090,4671.9,,,134690,4671.9,,,,,,
NE-HVAC-AirEcono-Adjust-ExSP63F,DEER2024,D24_E+_Com_v1,6/15/2026 10:46,Any,RSD,Ex,CZ13,cDXOH,Each,1,11200,None,392,0,0.00205,392,0,0.00205,,,,,,,,,20,,153040,4734.7,,,152650,4734.7,,,,,,
NE-HVAC-AirEcono-Adjust-ExSP63F,DEER2024,D24_E+_Com_v1,6/15/2026 10:46,Any,RSD,Ex,CZ14,cDXOH,Each,1,11200,None,368,0,-0.0317,368,0,-0.0317,,,,,,,,,20,,151100,4773.5,,,150730,4773.5,,,,,,
NE-HVAC-AirEcono-Adjust-ExSP63F,DEER2024,D24_E+_Com_v1,6/15/2026 10:46,Any,RSD,Ex,CZ15,cDXOH,Each,1,11200,None,373,0,-0.00137,373,0,-0.00137,,,,,,,,,20,,179240,4034.1,,,178860,4034.1,,,,,,
NE-HVAC-AirEcono-Adjust-ExSP63F,DEER2024,D24_E+_Com_v1,6/15/2026 10:46,Any,RSD,Ex,CZ16,cDXOH,Each,1,11200,None,386,0.023,0.00273,386,0.023,0.00273,,,,,,,,,20,,128400,4973.8,,,128020,4973.8,,,,,,
NE-HVAC-AirEcono-Adjust-ExSP63F,DEER2024,D24_E+_Com_v1,6/15/2026 10:46,Any,RSD,Ex,CZ01,cPVVG,Each,1,11200,None,32.5,0.04,-0.0154,32.5,0.04,-0.0154,,,,,,,,,20,,105170,5026.5,,,105140,5026.5,,,,,,
NE-HVAC-AirEcono-Adjust-ExSP63F,DEER2024,D24_E+_Com_v1,6/15/2026 10:46,Any,RSD,Ex,CZ02,cPVVG,Each,1,11200,None,164,0.035,-0.00546,164,0.035,-0.00546,,,,,,,,,20,,119940,4866.8,,,119780,4866.8,,,,,,
NE-HVAC-AirEcono-Adjust-ExSP63F,DEER2024,D24_E+_Com_v1,6/15/2026 10:46,Any,RSD,Ex,CZ03,cPVVG,Each,1,11200,None,259,-0.096,-0.234,259,-0.096,-0.234,,,,,,,,,20,,109200,4212.4,,,108940,4212.6,,,,,,
NE-HVAC-AirEcono-Adjust-ExSP63F,DEER2024,D24_E+_Com_v1,6/15/2026 10:46,Any,RSD,Ex,CZ04,cPVVG,Each,1,11200,None,215,0,0.00512,215,0,0.00512,,,,,,,,,20,,131020,4807.2,,,130800,4807.2,,,,,,
NE-HVAC-AirEcono-Adjust-ExSP63F,DEER2024,D24_E+_Com_v1,6/15/2026 10:46,Any,RSD,Ex,CZ05,cPVVG,Each,1,11200,None,258,0.067,-0.187,258,0.067,-0.187,,,,,,,,,20,,111170,4247.9,,,110910,4248.1,,,,,,
NE-HVAC-AirEcono-Adjust-ExSP63F,DEER2024,D24_E+_Com_v1,6/15/2026 10:46,Any,RSD,Ex,CZ06,cPVVG,Each,1,11200,None,456,0.043,0.0423,456,0.043,0.0423,,,,,,,,,20,,119850,3741.4,,,119390,3741.3,,,,,,
NE-HVAC-AirEcono-Adjust-ExSP63F,DEER2024,D24_E+_Com_v1,6/15/2026 10:46,Any,RSD,Ex,CZ07,cPVVG,Each,1,11200,None,382,0,0.203,382,0,0.203,,,,,,,,,20,,120480,3717.1,,,120100,3716.9,,,,,,
NE-HVAC-AirEcono-Adjust-ExSP63F,DEER2024,D24_E+_Com_v1,6/15/2026 10:46,Any,RSD,Ex,CZ08,cPVVG,Each,1,11200,None,381,0.002,0.0437,381,0.002,0.0437,,,,,,,,,20,,135090,4110.9,,,134710,4110.9,,,,,,
NE-HVAC-AirEcono-Adjust-ExSP63F,DEER2024,D24_E+_Com_v1,6/15/2026 10:46,Any,RSD,Ex,CZ09,cPVVG,Each,1,11200,None,361,0.002,0.00649,361,0.002,0.00649,,,,,,,,,20,,136580,4208.2,,,136220,4208.2,,,,,,
NE-HVAC-AirEcono-Adjust-ExSP63F,DEER2024,D24_E+_Com_v1,6/15/2026 10:46,Any,RSD,Ex,CZ10,cPVVG,Each,1,11200,None,291,0.003,-0.00649,291,0.003,-0.00649,,,,,,,,,20,,140510,4303.7,,,140220,4303.7,,,,,,
NE-HVAC-AirEcono-Adjust-ExSP63F,DEER2024,D24_E+_Com_v1,6/15/2026 10:46,Any,RSD,Ex,CZ11,cPVVG,Each,1,11200,None,227,0,-0.00614,227,0,-0.00614,,,,,,,,,20,,145020,4962.1,,,144800,4962.1,,,,,,
NE-HVAC-AirEcono-Adjust-ExSP63F,DEER2024,D24_E+_Com_v1,6/15/2026 10:46,Any,RSD,Ex,CZ12,cPVVG,Each,1,11200,None,239,0,0.00717,239,0,0.00717,,,,,,,,,20,,130540,4813.3,,,130300,4813.3,,,,,,
NE-HVAC-AirEcono-Adjust-ExSP63F,DEER2024,D24_E+_Com_v1,6/15/2026 10:46,Any,RSD,Ex,CZ13,cPVVG,Each,1,11200,None,237,0,0.00376,237,0,0.00376,,,,,,,,,20,,148300,4853.4,,,148070,4853.3,,,,,,
NE-HVAC-AirEcono-Adjust-ExSP63F,DEER2024,D24_E+_Com_v1,6/15/2026 10:46,Any,RSD,Ex,CZ14,cPVVG,Each,1,11200,None,232,-0.001,0.00649,232,-0.001,0.00649,,,,,,,,,20,,146280,4887,,,146050,4886.9,,,,,,
NE-HVAC-AirEcono-Adjust-ExSP63F,DEER2024,D24_E+_Com_v1,6/15/2026 10:46,Any,RSD,Ex,CZ15,cPVVG,Each,1,11200,None,223,0,0.000683,223,0,0.000683,,,,,,,,,20,,174640,4052.6,,,174420,4052.6,,,,,,
NE-HVAC-AirEcono-Adjust-ExSP63F,DEER2024,D24_E+_Com_v1,6/15/2026 10:46,Any,RSD,Ex,CZ16,cPVVG,Each,1,11200,None,287,0.02,0.00273,287,0.02,0.00273,,,,,,,,,20,,123100,5203.2,,,122810,5203.2,,,,,,
NE-HVAC-AirEcono-Adjust-ExSP63F,DEER2024,D24_E+_Com_v1,6/15/2026 10:46,Any,Rt3,Ex,CZ01,cDXGF,Each,1,240000,None,10800,10.6,-0.00034,10800,10.6,-0.00034,,,,,,,,,20,,1739700,10251,,,1728900,10251,,,,,,
NE-HVAC-AirEcono-Adjust-ExSP63F,DEER2024,D24_E+_Com_v1,6/15/2026 10:46,Any,Rt3,Ex,CZ02,cDXGF,Each,1,240000,None,32200,5.02,-0.000682,32200,5.02,-0.000682,,,,,,,,,20,,1999200,9510.8,,,1966900,9510.8,,,,,,
NE-HVAC-AirEcono-Adjust-ExSP63F,DEER2024,D24_E+_Com_v1,6/15/2026 10:46,Any,Rt3,Ex,CZ03,cDXGF,Each,1,240000,None,47900,13.5,-0.00649,47900,13.5,-0.00649,,,,,,,,,20,,1889900,7885.8,,,1842000,7885.8,,,,,,
NE-HVAC-AirEcono-Adjust-ExSP63F,DEER2024,D24_E+_Com_v1,6/15/2026 10:46,Any,Rt3,Ex,CZ04,cDXGF,Each,1,240000,None,32500,0,-0.00546,32500,0,-0.00546,,,,,,,,,20,,2134300,8707.4,,,2101800,8707.4,,,,,,
NE-HVAC-AirEcono-Adjust-ExSP63F,DEER2024,D24_E+_Com_v1,6/15/2026 10:46,Any,Rt3,Ex,CZ05,cDXGF,Each,1,240000,None,50100,11.8,-0.00102,50100,11.8,-0.00102,,,,,,,,,20,,1934200,7777.8,,,1884100,7777.8,,,,,,
NE-HVAC-AirEcono-Adjust-ExSP63F,DEER2024,D24_E+_Com_v1,6/15/2026 10:46,Any,Rt3,Ex,CZ06,cDXGF,Each,1,240000,None,65100,4.33,-0.00102,65100,4.33,-0.00102,,,,,,,,,20,,2048800,5957.3,,,1983700,5957.3,,,,,,
NE-HVAC-AirEcono-Adjust-ExSP63F,DEER2024,D24_E+_Com_v1,6/15/2026 10:46,Any,Rt3,Ex,CZ07,cDXGF,Each,1,240000,None,57100,0,-0.00102,57100,0,-0.00102,,,,,,,,,20,,2073900,5830.2,,,2016800,5830.2,,,,,,
NE-HVAC-AirEcono-Adjust-ExSP63F,DEER2024,D24_E+_Com_v1,6/15/2026 10:46,Any,Rt3,Ex,CZ08,cDXGF,Each,1,240000,None,50300,0,-0.00205,50300,0,-0.00205,,,,,,,,,20,,2197500,5853.2,,,2147100,5853.2,,,,,,
NE-HVAC-AirEcono-Adjust-ExSP63F,DEER2024,D24_E+_Com_v1,6/15/2026 10:46,Any,Rt3,Ex,CZ09,cDXGF,Each,1,240000,None,45500,-0.001,-0.00717,45500,-0.001,-0.00717,,,,,,,,,20,,2211200,6129.3,,,2165800,6129.3,,,,,,
NE-HVAC-AirEcono-Adjust-ExSP63F,DEER2024,D24_E+_Com_v1,6/15/2026 10:46,Any,Rt3,Ex,CZ10,cDXGF,Each,1,240000,None,44100,0,-0.0041,44100,0,-0.0041,,,,,,,,,20,,2289400,6293.3,,,2245300,6293.3,,,,,,
NE-HVAC-AirEcono-Adjust-ExSP63F,DEER2024,D24_E+_Com_v1,6/15/2026 10:46,Any,Rt3,Ex,CZ11,cDXGF,Each,1,240000,None,30800,0,-0.00375,30800,0,-0.00375,,,,,,,,,20,,2234400,8392.3,,,2203600,8392.3,,,,,,
NE-HVAC-AirEcono-Adjust-ExSP63F,DEER2024,D24_E+_Com_v1,6/15/2026 10:46,Any,Rt3,Ex,CZ12,cDXGF,Each,1,240000,None,34300,0,-0.0041,34300,0,-0.0041,,,,,,,,,20,,2110300,8603.4,,,2076000,8603.4,,,,,,
NE-HVAC-AirEcono-Adjust-ExSP63F,DEER2024,D24_E+_Com_v1,6/15/2026 10:46,Any,Rt3,Ex,CZ13,cDXGF,Each,1,240000,None,33200,0,-0.00171,33200,0,-0.00171,,,,,,,,,20,,2257000,7489,,,2223800,7489,,,,,,
NE-HVAC-AirEcono-Adjust-ExSP63F,DEER2024,D24_E+_Com_v1,6/15/2026 10:46,Any,Rt3,Ex,CZ14,cDXGF,Each,1,240000,None,30900,0,-0.00444,30900,0,-0.00444,,,,,,,,,20,,2244300,7610.5,,,2213400,7610.5,,,,,,
NE-HVAC-AirEcono-Adjust-ExSP63F,DEER2024,D24_E+_Com_v1,6/15/2026 10:46,Any,Rt3,Ex,CZ15,cDXGF,Each,1,240000,None,28500,0,-0.000682,28500,0,-0.000682,,,,,,,,,20,,2549900,4698.9,,,2521500,4698.9,,,,,,
NE-HVAC-AirEcono-Adjust-ExSP63F,DEER2024,D24_E+_Com_v1,6/15/2026 10:46,Any,Rt3,Ex,CZ16,cDXGF,Each,1,240000,None,32100,2.35,0,32100,2.35,0,,,,,,,,,20,,2056900,10880,,,2024800,10880,,,,,,
NE-HVAC-AirEcono-Adjust-ExSP63F,DEER2024,D24_E+_Com_v1,6/15/2026 10:46,Any,Rt3,Ex,CZ01,cDXHP,Each,1,240000,None,10600,10.8,0,10600,10.8,0,,,,,,,,,20,,1767900,6677,,,1757300,6677,,,,,,
NE-HVAC-AirEcono-Adjust-ExSP63F,DEER2024,D24_E+_Com_v1,6/15/2026 10:46,Any,Rt3,Ex,CZ02,cDXHP,Each,1,240000,None,32700,5.06,0,32700,5.06,0,,,,,,,,,20,,2029600,6234.8,,,1997000,6234.8,,,,,,
NE-HVAC-AirEcono-Adjust-ExSP63F,DEER2024,D24_E+_Com_v1,6/15/2026 10:46,Any,Rt3,Ex,CZ03,cDXHP,Each,1,240000,None,48000,13.6,0,48000,13.6,0,,,,,,,,,20,,1903700,6088.3,,,1855600,6088.3,,,,,,
NE-HVAC-AirEcono-Adjust-ExSP63F,DEER2024,D24_E+_Com_v1,6/15/2026 10:46,Any,Rt3,Ex,CZ04,cDXHP,Each,1,240000,None,32900,0,0,32900,0,0,,,,,,,,,20,,2165000,5949.5,,,2132100,5949.5,,,,,,
NE-HVAC-AirEcono-Adjust-ExSP63F,DEER2024,D24_E+_Com_v1,6/15/2026 10:46,Any,Rt3,Ex,CZ05,cDXHP,Each,1,240000,None,50300,12.1,0,50300,12.1,0,,,,,,,,,20,,1948400,6103,,,1898000,6103,,,,,,
NE-HVAC-AirEcono-Adjust-ExSP63F,DEER2024,D24_E+_Com_v1,6/15/2026 10:46,Any,Rt3,Ex,CZ06,cDXHP,Each,1,240000,None,64600,4.39,0,64600,4.39,0,,,,,,,,,20,,2044800,5542.1,,,1980300,5542.1,,,,,,
NE-HVAC-AirEcono-Adjust-ExSP63F,DEER2024,D24_E+_Com_v1,6/15/2026 10:46,Any,Rt3,Ex,CZ07,cDXHP,Each,1,240000,None,56800,0,0,56800,0,0,,,,,,,,,20,,2070500,5479.7,,,2013700,5479.7,,,,,,
NE-HVAC-AirEcono-Adjust-ExSP63F,DEER2024,D24_E+_Com_v1,6/15/2026 10:46,Any,Rt3,Ex,CZ08,cDXHP,Each,1,240000,None,50600,0,0,50600,0,0,,,,,,,,,20,,2196500,5371.6,,,2146000,5371.6,,,,,,
NE-HVAC-AirEcono-Adjust-ExSP63F,DEER2024,D24_E+_Com_v1,6/15/2026 10:46,Any,Rt3,Ex,CZ09,cDXHP,Each,1,240000,None,45700,0,0,45700,0,0,,,,,,,,,20,,2216000,5420.2,,,2170300,5420.2,,,,,,
NE-HVAC-AirEcono-Adjust-ExSP63F,DEER2024,D24_E+_Com_v1,6/15/2026 10:46,Any,Rt3,Ex,CZ10,cDXHP,Each,1,240000,None,44300,0,-0.000341,44300,0,-0.000341,,,,,,,,,20,,2297000,5358.2,,,2252800,5358.2,,,,,,
NE-HVAC-AirEcono-Adjust-ExSP63F,DEER2024,D24_E+_Com_v1,6/15/2026 10:46,Any,Rt3,Ex,CZ11,cDXHP,Each,1,240000,None,31100,0,0,31100,0,0,,,,,,,,,20,,2264800,5604.4,,,2233700,5604.4,,,,,,
NE-HVAC-AirEcono-Adjust-ExSP63F,DEER2024,D24_E+_Com_v1,6/15/2026 10:46,Any,Rt3,Ex,CZ12,cDXHP,Each,1,240000,None,34800,0,0,34800,0,0,,,,,,,,,20,,2137200,5864.9,,,2102500,5864.9,,,,,,
NE-HVAC-AirEcono-Adjust-ExSP63F,DEER2024,D24_E+_Com_v1,6/15/2026 10:46,Any,Rt3,Ex,CZ13,cDXHP,Each,1,240000,None,33600,0,0,33600,0,0,,,,,,,,,20,,2280900,5446.4,,,2247300,5446.4,,,,,,
NE-HVAC-AirEcono-Adjust-ExSP63F,DEER2024,D24_E+_Com_v1,6/15/2026 10:46,Any,Rt3,Ex,CZ14,cDXHP,Each,1,240000,None,31200,0,-0.00102,31200,0,-0.00102,,,,,,,,,20,,2270400,5592.8,,,2239200,5592.9,,,,,,
NE-HVAC-AirEcono-Adjust-ExSP63F,DEER2024,D24_E+_Com_v1,6/15/2026 10:46,Any,Rt3,Ex,CZ15,cDXHP,Each,1,240000,None,28700,0,0,28700,0,0,,,,,,,,,20,,2558100,4487.7,,,2529400,4487.7,,,,,,
NE-HVAC-AirEcono-Adjust-ExSP63F,DEER2024,D24_E+_Com_v1,6/15/2026 10:46,Any,Rt3,Ex,CZ16,cDXHP,Each,1,240000,None,32400,2.38,0,32400,2.38,0,,,,,,,,,20,,2106600,6556.6,,,2074200,6556.6,,,,,,
NE-HVAC-AirEcono-Adjust-ExSP63F,DEER2024,D24_E+_Com_v1,6/15/2026 10:46,Any,Rt3,Ex,CZ01,cDXOH,Each,1,240000,None,10700,10.6,0,10700,10.6,0,,,,,,,,,20,,1740900,6696.1,,,1730200,6696.1,,,,,,
NE-HVAC-AirEcono-Adjust-ExSP63F,DEER2024,D24_E+_Com_v1,6/15/2026 10:46,Any,Rt3,Ex,CZ02,cDXOH,Each,1,240000,None,32000,5.02,-0.000683,32000,5.02,-0.000683,,,,,,,,,20,,2000900,6250.9,,,1968900,6250.9,,,,,,
NE-HVAC-AirEcono-Adjust-ExSP63F,DEER2024,D24_E+_Com_v1,6/15/2026 10:46,Any,Rt3,Ex,CZ03,cDXOH,Each,1,240000,None,47800,13.5,0,47800,13.5,0,,,,,,,,,20,,1890400,6095,,,1842600,6095,,,,,,
NE-HVAC-AirEcono-Adjust-ExSP63F,DEER2024,D24_E+_Com_v1,6/15/2026 10:46,Any,Rt3,Ex,CZ04,cDXOH,Each,1,240000,None,32200,0,-0.000341,32200,0,-0.000341,,,,,,,,,20,,2134900,5958.9,,,2102700,5958.9,,,,,,
NE-HVAC-AirEcono-Adjust-ExSP63F,DEER2024,D24_E+_Com_v1,6/15/2026 10:46,Any,Rt3,Ex,CZ05,cDXOH,Each,1,240000,None,49900,11.8,0,49900,11.8,0,,,,,,,,,20,,1933700,6106.6,,,1883800,6106.6,,,,,,
NE-HVAC-AirEcono-Adjust-ExSP63F,DEER2024,D24_E+_Com_v1,6/15/2026 10:46,Any,Rt3,Ex,CZ06,cDXOH,Each,1,240000,None,65100,4.33,0,65100,4.33,0,,,,,,,,,20,,2048600,5542.5,,,1983500,5542.5,,,,,,
NE-HVAC-AirEcono-Adjust-ExSP63F,DEER2024,D24_E+_Com_v1,6/15/2026 10:46,Any,Rt3,Ex,CZ07,cDXOH,Each,1,240000,None,57000,0,0,57000,0,0,,,,,,,,,20,,2073700,5479.9,,,2016700,5479.9,,,,,,
NE-HVAC-AirEcono-Adjust-ExSP63F,DEER2024,D24_E+_Com_v1,6/15/2026 10:46,Any,Rt3,Ex,CZ08,cDXOH,Each,1,240000,None,50300,0,0,50300,0,0,,,,,,,,,20,,2197200,5372.1,,,2146900,5372.1,,,,,,
NE-HVAC-AirEcono-Adjust-ExSP63F,DEER2024,D24_E+_Com_v1,6/15/2026 10:46,Any,Rt3,Ex,CZ09,cDXOH,Each,1,240000,None,45400,-0.001,0,45400,-0.001,0,,,,,,,,,20,,2211000,5421.3,,,2165600,5421.3,,,,,,
NE-HVAC-AirEcono-Adjust-ExSP63F,DEER2024,D24_E+_Com_v1,6/15/2026 10:46,Any,Rt3,Ex,CZ10,cDXOH,Each,1,240000,None,44000,0,0,44000,0,0,,,,,,,,,20,,2289200,5359.4,,,2245300,5359.4,,,,,,
NE-HVAC-AirEcono-Adjust-ExSP63F,DEER2024,D24_E+_Com_v1,6/15/2026 10:46,Any,Rt3,Ex,CZ11,cDXOH,Each,1,240000,None,30600,0,0,30600,0,0,,,,,,,,,20,,2237400,5623,,,2206900,5623,,,,,,
NE-HVAC-AirEcono-Adjust-ExSP63F,DEER2024,D24_E+_Com_v1,6/15/2026 10:46,Any,Rt3,Ex,CZ12,cDXOH,Each,1,240000,None,34200,0,0,34200,0,0,,,,,,,,,20,,2112800,5881.6,,,2078600,5881.6,,,,,,
NE-HVAC-AirEcono-Adjust-ExSP63F,DEER2024,D24_E+_Com_v1,6/15/2026 10:46,Any,Rt3,Ex,CZ13,cDXOH,Each,1,240000,None,33100,0,0,33100,0,0,,,,,,,,,20,,2259000,5457.8,,,2225800,5457.8,,,,,,
NE-HVAC-AirEcono-Adjust-ExSP63F,DEER2024,D24_E+_Com_v1,6/15/2026 10:46,Any,Rt3,Ex,CZ14,cDXOH,Each,1,240000,None,30700,0,-0.000341,30700,0,-0.000341,,,,,,,,,20,,2245100,5603.1,,,2214400,5603.1,,,,,,
NE-HVAC-AirEcono-Adjust-ExSP63F,DEER2024,D24_E+_Com_v1,6/15/2026 10:46,Any,Rt3,Ex,CZ15,cDXOH,Each,1,240000,None,28500,0,0,28500,0,0,,,,,,,,,20,,2549900,4488.2,,,2521500,4488.2,,,,,,
NE-HVAC-AirEcono-Adjust-ExSP63F,DEER2024,D24_E+_Com_v1,6/15/2026 10:46,Any,Rt3,Ex,CZ16,cDXOH,Each,1,240000,None,32100,2.35,0,32100,2.35,0,,,,,,,,,20,,2063800,6586.8,,,2031700,6586.8,,,,,,
NE-HVAC-AirEcono-Adjust-ExSP63F,DEER2024,D24_E+_Com_v1,6/15/2026 10:46,Any,Rt3,Ex,CZ01,cPVVG,Each,1,240000,None,7450,7.48,0.00205,7450,7.48,0.00205,,,,,,,,,20,,1424100,13246,,,1416700,13246,,,,,,
NE-HVAC-AirEcono-Adjust-ExSP63F,DEER2024,D24_E+_Com_v1,6/15/2026 10:46,Any,Rt3,Ex,CZ02,cPVVG,Each,1,240000,None,23700,3.93,0.00615,23700,3.93,0.00615,,,,,,,,,20,,1659200,12108,,,1635500,12108,,,,,,
NE-HVAC-AirEcono-Adjust-ExSP63F,DEER2024,D24_E+_Com_v1,6/15/2026 10:46,Any,Rt3,Ex,CZ03,cPVVG,Each,1,240000,None,34900,9.88,0.000683,34900,9.88,0.000683,,,,,,,,,20,,1560600,9547.9,,,1525700,9547.9,,,,,,
NE-HVAC-AirEcono-Adjust-ExSP63F,DEER2024,D24_E+_Com_v1,6/15/2026 10:46,Any,Rt3,Ex,CZ04,cPVVG,Each,1,240000,None,24400,0,0.0041,24400,0,0.0041,,,,,,,,,20,,1798300,10904,,,1773900,10904,,,,,,
NE-HVAC-AirEcono-Adjust-ExSP63F,DEER2024,D24_E+_Com_v1,6/15/2026 10:46,Any,Rt3,Ex,CZ05,cPVVG,Each,1,240000,None,36800,9.11,0.00683,36800,9.11,0.00683,,,,,,,,,20,,1592000,9364.3,,,1555200,9364.3,,,,,,
NE-HVAC-AirEcono-Adjust-ExSP63F,DEER2024,D24_E+_Com_v1,6/15/2026 10:46,Any,Rt3,Ex,CZ06,cPVVG,Each,1,240000,None,48200,3.5,0,48200,3.5,0,,,,,,,,,20,,1720800,6453.9,,,1672600,6453.9,,,,,,
NE-HVAC-AirEcono-Adjust-ExSP63F,DEER2024,D24_E+_Com_v1,6/15/2026 10:46,Any,Rt3,Ex,CZ07,cPVVG,Each,1,240000,None,41500,0,-0.00102,41500,0,-0.00102,,,,,,,,,20,,1737700,6272.4,,,1696300,6272.4,,,,,,
NE-HVAC-AirEcono-Adjust-ExSP63F,DEER2024,D24_E+_Com_v1,6/15/2026 10:46,Any,Rt3,Ex,CZ08,cPVVG,Each,1,240000,None,37200,0.001,0,37200,0.001,0,,,,,,,,,20,,1866400,6433.3,,,1829300,6433.3,,,,,,
NE-HVAC-AirEcono-Adjust-ExSP63F,DEER2024,D24_E+_Com_v1,6/15/2026 10:46,Any,Rt3,Ex,CZ09,cPVVG,Each,1,240000,None,34100,0,-0.000342,34100,0,-0.000342,,,,,,,,,20,,1870300,6961.2,,,1836200,6961.2,,,,,,
NE-HVAC-AirEcono-Adjust-ExSP63F,DEER2024,D24_E+_Com_v1,6/15/2026 10:46,Any,Rt3,Ex,CZ10,cPVVG,Each,1,240000,None,32800,-0.001,0.000683,32800,-0.001,0.000683,,,,,,,,,20,,1941500,7296.7,,,1908700,7296.7,,,,,,
NE-HVAC-AirEcono-Adjust-ExSP63F,DEER2024,D24_E+_Com_v1,6/15/2026 10:46,Any,Rt3,Ex,CZ11,cPVVG,Each,1,240000,None,22800,0,0.00068,22800,0,0.00068,,,,,,,,,20,,1907600,10743,,,1884800,10743,,,,,,
NE-HVAC-AirEcono-Adjust-ExSP63F,DEER2024,D24_E+_Com_v1,6/15/2026 10:46,Any,Rt3,Ex,CZ12,cPVVG,Each,1,240000,None,25800,-0.001,0.00068,25800,-0.001,0.00068,,,,,,,,,20,,1784300,10900,,,1758500,10900,,,,,,
NE-HVAC-AirEcono-Adjust-ExSP63F,DEER2024,D24_E+_Com_v1,6/15/2026 10:46,Any,Rt3,Ex,CZ13,cPVVG,Each,1,240000,None,25300,0,0.000342,25300,0,0.000342,,,,,,,,,20,,1934000,9574.6,,,1908600,9574.6,,,,,,
NE-HVAC-AirEcono-Adjust-ExSP63F,DEER2024,D24_E+_Com_v1,6/15/2026 10:46,Any,Rt3,Ex,CZ14,cPVVG,Each,1,240000,None,23900,0,0.00239,23900,0,0.00239,,,,,,,,,20,,1918400,9378.3,,,1894500,9378.3,,,,,,
NE-HVAC-AirEcono-Adjust-ExSP63F,DEER2024,D24_E+_Com_v1,6/15/2026 10:46,Any,Rt3,Ex,CZ15,cPVVG,Each,1,240000,None,20900,0,-0.000342,20900,0,-0.000342,,,,,,,,,20,,2250700,5038.4,,,2229800,5038.4,,,,,,
NE-HVAC-AirEcono-Adjust-ExSP63F,DEER2024,D24_E+_Com_v1,6/15/2026 10:46,Any,Rt3,Ex,CZ16,cPVVG,Each,1,240000,None,26400,2.04,0,26400,2.04,0,,,,,,,,,20,,1657500,14612,,,1631100,14612,,,,,,
NE-HVAC-AirEcono-Adjust-ExSP63F,DEER2024,D24_E+_Com_v1,6/15/2026 10:46,Any,RtL,Ex,CZ01,cDXGF,Each,1,131000,None,10800,10.3,0.00137,10800,10.3,0.00137,,,,,,,,,20,,1775700,9933.8,,,1764900,9933.8,,,,,,
NE-HVAC-AirEcono-Adjust-ExSP63F,DEER2024,D24_E+_Com_v1,6/15/2026 10:46,Any,RtL,Ex,CZ02,cDXGF,Each,1,131000,None,30300,4.63,0.0041,30300,4.63,0.0041,,,,,,,,,20,,1998500,8759.3,,,1968200,8759.3,,,,,,
NE-HVAC-AirEcono-Adjust-ExSP63F,DEER2024,D24_E+_Com_v1,6/15/2026 10:46,Any,RtL,Ex,CZ03,cDXGF,Each,1,131000,None,46200,12.9,0.000342,46200,12.9,0.000342,,,,,,,,,20,,1907400,7162,,,1861200,7162,,,,,,
NE-HVAC-AirEcono-Adjust-ExSP63F,DEER2024,D24_E+_Com_v1,6/15/2026 10:46,Any,RtL,Ex,CZ04,cDXGF,Each,1,131000,None,30800,0.002,0.0113,30800,0.002,0.0113,,,,,,,,,20,,2127800,8022.3,,,2097000,8022.2,,,,,,
NE-HVAC-AirEcono-Adjust-ExSP63F,DEER2024,D24_E+_Com_v1,6/15/2026 10:46,Any,RtL,Ex,CZ05,cDXGF,Each,1,131000,None,47700,10.9,0.00205,47700,10.9,0.00205,,,,,,,,,20,,1940600,7039.7,,,1892900,7039.7,,,,,,
NE-HVAC-AirEcono-Adjust-ExSP63F,DEER2024,D24_E+_Com_v1,6/15/2026 10:46,Any,RtL,Ex,CZ06,cDXGF,Each,1,131000,None,63900,4.19,0,63900,4.19,0,,,,,,,,,20,,2071900,5684.3,,,2007900,5684.3,,,,,,
NE-HVAC-AirEcono-Adjust-ExSP63F,DEER2024,D24_E+_Com_v1,6/15/2026 10:46,Any,RtL,Ex,CZ07,cDXGF,Each,1,131000,None,55900,0,-0.000341,55900,0,-0.000341,,,,,,,,,20,,2084400,5586.6,,,2028500,5586.6,,,,,,
NE-HVAC-AirEcono-Adjust-ExSP63F,DEER2024,D24_E+_Com_v1,6/15/2026 10:46,Any,RtL,Ex,CZ08,cDXGF,Each,1,131000,None,47100,0.001,-0.000682,47100,0.001,-0.000682,,,,,,,,,20,,2192100,5678.7,,,2145100,5678.7,,,,,,
NE-HVAC-AirEcono-Adjust-ExSP63F,DEER2024,D24_E+_Com_v1,6/15/2026 10:46,Any,RtL,Ex,CZ09,cDXGF,Each,1,131000,None,42700,0.026,-0.00137,42700,0.026,-0.00137,,,,,,,,,20,,2202300,5919.3,,,2159600,5919.3,,,,,,
NE-HVAC-AirEcono-Adjust-ExSP63F,DEER2024,D24_E+_Com_v1,6/15/2026 10:46,Any,RtL,Ex,CZ10,cDXGF,Each,1,131000,None,39500,0.014,-0.000342,39500,0.014,-0.000342,,,,,,,,,20,,2228200,5819.2,,,2188700,5819.2,,,,,,
NE-HVAC-AirEcono-Adjust-ExSP63F,DEER2024,D24_E+_Com_v1,6/15/2026 10:46,Any,RtL,Ex,CZ11,cDXGF,Each,1,131000,None,29500,0,-0.000683,29500,0,-0.000683,,,,,,,,,20,,2228000,7993.5,,,2198500,7993.5,,,,,,
NE-HVAC-AirEcono-Adjust-ExSP63F,DEER2024,D24_E+_Com_v1,6/15/2026 10:46,Any,RtL,Ex,CZ12,cDXGF,Each,1,131000,None,32900,0,0.00375,32900,0,0.00375,,,,,,,,,20,,2116400,8201.8,,,2083400,8201.8,,,,,,
NE-HVAC-AirEcono-Adjust-ExSP63F,DEER2024,D24_E+_Com_v1,6/15/2026 10:46,Any,RtL,Ex,CZ13,cDXGF,Each,1,131000,None,32300,0.001,-0.00205,32300,0.001,-0.00205,,,,,,,,,20,,2261700,7327.9,,,2229400,7327.9,,,,,,
NE-HVAC-AirEcono-Adjust-ExSP63F,DEER2024,D24_E+_Com_v1,6/15/2026 10:46,Any,RtL,Ex,CZ14,cDXGF,Each,1,131000,None,31500,0.035,0.00171,31500,0.035,0.00171,,,,,,,,,20,,2286100,7544.8,,,2254600,7544.8,,,,,,
NE-HVAC-AirEcono-Adjust-ExSP63F,DEER2024,D24_E+_Com_v1,6/15/2026 10:46,Any,RtL,Ex,CZ15,cDXGF,Each,1,131000,None,27800,0,-0.00171,27800,0,-0.00171,,,,,,,,,20,,2551200,4907,,,2523400,4907,,,,,,
NE-HVAC-AirEcono-Adjust-ExSP63F,DEER2024,D24_E+_Com_v1,6/15/2026 10:46,Any,RtL,Ex,CZ16,cDXGF,Each,1,131000,None,32500,2.23,0,32500,2.23,0,,,,,,,,,20,,2095900,10495,,,2063500,10495,,,,,,
NE-HVAC-AirEcono-Adjust-ExSP63F,DEER2024,D24_E+_Com_v1,6/15/2026 10:46,Any,RtL,Ex,CZ01,cDXHP,Each,1,131000,None,10600,10.5,0,10600,10.5,0,,,,,,,,,20,,1805900,6144.1,,,1795200,6144.1,,,,,,
NE-HVAC-AirEcono-Adjust-ExSP63F,DEER2024,D24_E+_Com_v1,6/15/2026 10:46,Any,RtL,Ex,CZ02,cDXHP,Each,1,131000,None,30700,4.67,0,30700,4.67,0,,,,,,,,,20,,2026500,5837.9,,,1995800,5837.9,,,,,,
NE-HVAC-AirEcono-Adjust-ExSP63F,DEER2024,D24_E+_Com_v1,6/15/2026 10:46,Any,RtL,Ex,CZ03,cDXHP,Each,1,131000,None,45900,13,0,45900,13,0,,,,,,,,,20,,1917800,5787.1,,,1871900,5787.1,,,,,,
NE-HVAC-AirEcono-Adjust-ExSP63F,DEER2024,D24_E+_Com_v1,6/15/2026 10:46,Any,RtL,Ex,CZ04,cDXHP,Each,1,131000,None,31200,0.002,0,31200,0.002,0,,,,,,,,,20,,2156700,5659.6,,,2125500,5659.6,,,,,,
NE-HVAC-AirEcono-Adjust-ExSP63F,DEER2024,D24_E+_Com_v1,6/15/2026 10:46,Any,RtL,Ex,CZ05,cDXHP,Each,1,131000,None,47300,11.2,0,47300,11.2,0,,,,,,,,,20,,1951000,5807.8,,,1903700,5807.8,,,,,,
NE-HVAC-AirEcono-Adjust-ExSP63F,DEER2024,D24_E+_Com_v1,6/15/2026 10:46,Any,RtL,Ex,CZ06,cDXHP,Each,1,131000,None,63500,4.26,0,63500,4.26,0,,,,,,,,,20,,2066300,5450.1,,,2002800,5450.1,,,,,,
NE-HVAC-AirEcono-Adjust-ExSP63F,DEER2024,D24_E+_Com_v1,6/15/2026 10:46,Any,RtL,Ex,CZ07,cDXHP,Each,1,131000,None,55500,0,0,55500,0,0,,,,,,,,,20,,2079500,5407.1,,,2024000,5407.1,,,,,,
NE-HVAC-AirEcono-Adjust-ExSP63F,DEER2024,D24_E+_Com_v1,6/15/2026 10:46,Any,RtL,Ex,CZ08,cDXHP,Each,1,131000,None,47300,0.002,0,47300,0.002,0,,,,,,,,,20,,2190200,5321.8,,,2142900,5321.8,,,,,,
NE-HVAC-AirEcono-Adjust-ExSP63F,DEER2024,D24_E+_Com_v1,6/15/2026 10:46,Any,RtL,Ex,CZ09,cDXHP,Each,1,131000,None,42900,0.026,0,42900,0.026,0,,,,,,,,,20,,2205700,5351.1,,,2162800,5351.1,,,,,,
NE-HVAC-AirEcono-Adjust-ExSP63F,DEER2024,D24_E+_Com_v1,6/15/2026 10:46,Any,RtL,Ex,CZ10,cDXHP,Each,1,131000,None,39700,0.015,0,39700,0.015,0,,,,,,,,,20,,2232800,5299.3,,,2193100,5299.3,,,,,,
NE-HVAC-AirEcono-Adjust-ExSP63F,DEER2024,D24_E+_Com_v1,6/15/2026 10:46,Any,RtL,Ex,CZ11,cDXHP,Each,1,131000,None,29900,0,0,29900,0,0,,,,,,,,,20,,2258300,5402.8,,,2228400,5402.8,,,,,,
NE-HVAC-AirEcono-Adjust-ExSP63F,DEER2024,D24_E+_Com_v1,6/15/2026 10:46,Any,RtL,Ex,CZ12,cDXHP,Each,1,131000,None,33300,-0.001,0,33300,-0.001,0,,,,,,,,,20,,2142600,5594.6,,,2109300,5594.6,,,,,,
NE-HVAC-AirEcono-Adjust-ExSP63F,DEER2024,D24_E+_Com_v1,6/15/2026 10:46,Any,RtL,Ex,CZ13,cDXHP,Each,1,131000,None,32700,0.001,0,32700,0.001,0,,,,,,,,,20,,2286700,5319.3,,,2254000,5319.3,,,,,,
NE-HVAC-AirEcono-Adjust-ExSP63F,DEER2024,D24_E+_Com_v1,6/15/2026 10:46,Any,RtL,Ex,CZ14,cDXHP,Each,1,131000,None,31800,0.034,0,31800,0.034,0,,,,,,,,,20,,2314300,5435.2,,,2282400,5435.2,,,,,,
NE-HVAC-AirEcono-Adjust-ExSP63F,DEER2024,D24_E+_Com_v1,6/15/2026 10:46,Any,RtL,Ex,CZ15,cDXHP,Each,1,131000,None,28000,0,0,28000,0,0,,,,,,,,,20,,2562600,4687.1,,,2534600,4687.1,,,,,,
NE-HVAC-AirEcono-Adjust-ExSP63F,DEER2024,D24_E+_Com_v1,6/15/2026 10:46,Any,RtL,Ex,CZ16,cDXHP,Each,1,131000,None,32800,2.26,0,32800,2.26,0,,,,,,,,,20,,2147700,6043.6,,,2114900,6043.6,,,,,,
NE-HVAC-AirEcono-Adjust-ExSP63F,DEER2024,D24_E+_Com_v1,6/15/2026 10:46,Any,RtL,Ex,CZ01,cDXOH,Each,1,131000,None,10800,10.2,0,10800,10.2,0,,,,,,,,,20,,1777300,6145.2,,,1766500,6145.2,,,,,,
NE-HVAC-AirEcono-Adjust-ExSP63F,DEER2024,D24_E+_Com_v1,6/15/2026 10:46,Any,RtL,Ex,CZ02,cDXOH,Each,1,131000,None,30100,4.63,0,30100,4.63,0,,,,,,,,,20,,1998600,5838.8,,,1968400,5838.8,,,,,,
NE-HVAC-AirEcono-Adjust-ExSP63F,DEER2024,D24_E+_Com_v1,6/15/2026 10:46,Any,RtL,Ex,CZ03,cDXOH,Each,1,131000,None,46100,12.9,0,46100,12.9,0,,,,,,,,,20,,1907400,5787.1,,,1861300,5787.1,,,,,,
NE-HVAC-AirEcono-Adjust-ExSP63F,DEER2024,D24_E+_Com_v1,6/15/2026 10:46,Any,RtL,Ex,CZ04,cDXOH,Each,1,131000,None,30600,0.002,0,30600,0.002,0,,,,,,,,,20,,2127300,5659.8,,,2096700,5659.8,,,,,,
NE-HVAC-AirEcono-Adjust-ExSP63F,DEER2024,D24_E+_Com_v1,6/15/2026 10:46,Any,RtL,Ex,CZ05,cDXOH,Each,1,131000,None,47600,10.9,0,47600,10.9,0,,,,,,,,,20,,1939800,5807.8,,,1892200,5807.8,,,,,,
NE-HVAC-AirEcono-Adjust-ExSP63F,DEER2024,D24_E+_Com_v1,6/15/2026 10:46,Any,RtL,Ex,CZ06,cDXOH,Each,1,131000,None,63900,4.19,0,63900,4.19,0,,,,,,,,,20,,2071700,5450.1,,,2007800,5450.1,,,,,,
NE-HVAC-AirEcono-Adjust-ExSP63F,DEER2024,D24_E+_Com_v1,6/15/2026 10:46,Any,RtL,Ex,CZ07,cDXOH,Each,1,131000,None,55900,0,0,55900,0,0,,,,,,,,,20,,2084300,5407.1,,,2028400,5407.1,,,,,,
NE-HVAC-AirEcono-Adjust-ExSP63F,DEER2024,D24_E+_Com_v1,6/15/2026 10:46,Any,RtL,Ex,CZ08,cDXOH,Each,1,131000,None,47000,0.001,-0.000341,47000,0.001,-0.000341,,,,,,,,,20,,2191700,5321.8,,,2144800,5321.8,,,,,,
NE-HVAC-AirEcono-Adjust-ExSP63F,DEER2024,D24_E+_Com_v1,6/15/2026 10:46,Any,RtL,Ex,CZ09,cDXOH,Each,1,131000,None,42700,0.026,0,42700,0.026,0,,,,,,,,,20,,2202000,5351.1,,,2159300,5351.1,,,,,,
NE-HVAC-AirEcono-Adjust-ExSP63F,DEER2024,D24_E+_Com_v1,6/15/2026 10:46,Any,RtL,Ex,CZ10,cDXOH,Each,1,131000,None,39400,0.014,0,39400,0.014,0,,,,,,,,,20,,2227800,5299.3,,,2188400,5299.3,,,,,,
NE-HVAC-AirEcono-Adjust-ExSP63F,DEER2024,D24_E+_Com_v1,6/15/2026 10:46,Any,RtL,Ex,CZ11,cDXOH,Each,1,131000,None,29400,0,0,29400,0,0,,,,,,,,,20,,2229600,5404.9,,,2200200,5404.9,,,,,,
NE-HVAC-AirEcono-Adjust-ExSP63F,DEER2024,D24_E+_Com_v1,6/15/2026 10:46,Any,RtL,Ex,CZ12,cDXOH,Each,1,131000,None,32900,0,0,32900,0,0,,,,,,,,,20,,2117500,5595.1,,,2084600,5595.1,,,,,,
NE-HVAC-AirEcono-Adjust-ExSP63F,DEER2024,D24_E+_Com_v1,6/15/2026 10:46,Any,RtL,Ex,CZ13,cDXOH,Each,1,131000,None,32200,0.001,0,32200,0.001,0,,,,,,,,,20,,2262400,5319.3,,,2230200,5319.3,,,,,,
NE-HVAC-AirEcono-Adjust-ExSP63F,DEER2024,D24_E+_Com_v1,6/15/2026 10:46,Any,RtL,Ex,CZ14,cDXOH,Each,1,131000,None,31300,0.035,0,31300,0.035,0,,,,,,,,,20,,2286600,5436.3,,,2255300,5436.3,,,,,,
NE-HVAC-AirEcono-Adjust-ExSP63F,DEER2024,D24_E+_Com_v1,6/15/2026 10:46,Any,RtL,Ex,CZ15,cDXOH,Each,1,131000,None,27700,0,0,27700,0,0,,,,,,,,,20,,2551100,4687.1,,,2523300,4687.1,,,,,,
NE-HVAC-AirEcono-Adjust-ExSP63F,DEER2024,D24_E+_Com_v1,6/15/2026 10:46,Any,RtL,Ex,CZ16,cDXOH,Each,1,131000,None,32400,2.23,0,32400,2.23,0,,,,,,,,,20,,2102700,6048.3,,,2070300,6048.3,,,,,,
NE-HVAC-AirEcono-Adjust-ExSP63F,DEER2024,D24_E+_Com_v1,6/15/2026 10:46,Any,RtL,Ex,CZ01,cPVVG,Each,1,131000,None,7630,7.33,0.00546,7630,7.33,0.00546,,,,,,,,,20,,1454700,13529,,,1447000,13529,,,,,,
NE-HVAC-AirEcono-Adjust-ExSP63F,DEER2024,D24_E+_Com_v1,6/15/2026 10:46,Any,RtL,Ex,CZ02,cPVVG,Each,1,131000,None,22200,3.45,0.0375,22200,3.45,0.0375,,,,,,,,,20,,1676900,11280,,,1654700,11280,,,,,,
NE-HVAC-AirEcono-Adjust-ExSP63F,DEER2024,D24_E+_Com_v1,6/15/2026 10:46,Any,RtL,Ex,CZ03,cPVVG,Each,1,131000,None,33700,9.33,0.00785,33700,9.33,0.00785,,,,,,,,,20,,1590800,8803.3,,,1557100,8803.3,,,,,,
NE-HVAC-AirEcono-Adjust-ExSP63F,DEER2024,D24_E+_Com_v1,6/15/2026 10:46,Any,RtL,Ex,CZ04,cPVVG,Each,1,131000,None,23000,0.004,0.0464,23000,0.004,0.0464,,,,,,,,,20,,1808600,10145,,,1785600,10145,,,,,,
NE-HVAC-AirEcono-Adjust-ExSP63F,DEER2024,D24_E+_Com_v1,6/15/2026 10:46,Any,RtL,Ex,CZ05,cPVVG,Each,1,131000,None,35000,8.18,0.0208,35000,8.18,0.0208,,,,,,,,,20,,1615700,8523.1,,,1580700,8523.1,,,,,,
NE-HVAC-AirEcono-Adjust-ExSP63F,DEER2024,D24_E+_Com_v1,6/15/2026 10:46,Any,RtL,Ex,CZ06,cPVVG,Each,1,131000,None,47200,3.29,0.000683,47200,3.29,0.000683,,,,,,,,,20,,1751100,6088.3,,,1703900,6088.3,,,,,,
NE-HVAC-AirEcono-Adjust-ExSP63F,DEER2024,D24_E+_Com_v1,6/15/2026 10:46,Any,RtL,Ex,CZ07,cPVVG,Each,1,131000,None,40700,0,0.00137,40700,0,0.00137,,,,,,,,,20,,1759900,5925.5,,,1719300,5925.5,,,,,,
NE-HVAC-AirEcono-Adjust-ExSP63F,DEER2024,D24_E+_Com_v1,6/15/2026 10:46,Any,RtL,Ex,CZ08,cPVVG,Each,1,131000,None,34500,0.002,0.0113,34500,0.002,0.0113,,,,,,,,,20,,1883600,6249.8,,,1849100,6249.8,,,,,,
NE-HVAC-AirEcono-Adjust-ExSP63F,DEER2024,D24_E+_Com_v1,6/15/2026 10:46,Any,RtL,Ex,CZ09,cPVVG,Each,1,131000,None,31900,0.027,0.00751,31900,0.027,0.00751,,,,,,,,,20,,1884900,6683.6,,,1853000,6683.5,,,,,,
NE-HVAC-AirEcono-Adjust-ExSP63F,DEER2024,D24_E+_Com_v1,6/15/2026 10:46,Any,RtL,Ex,CZ10,cPVVG,Each,1,131000,None,29400,0.013,0.015,29400,0.013,0.015,,,,,,,,,20,,1921400,6556.9,,,1892000,6556.8,,,,,,
NE-HVAC-AirEcono-Adjust-ExSP63F,DEER2024,D24_E+_Com_v1,6/15/2026 10:46,Any,RtL,Ex,CZ11,cPVVG,Each,1,131000,None,22100,0,0.0164,22100,0,0.0164,,,,,,,,,20,,1920500,10238,,,1898400,10238,,,,,,
NE-HVAC-AirEcono-Adjust-ExSP63F,DEER2024,D24_E+_Com_v1,6/15/2026 10:46,Any,RtL,Ex,CZ12,cPVVG,Each,1,131000,None,24700,0,0.0157,24700,0,0.0157,,,,,,,,,20,,1803900,10444,,,1779200,10444,,,,,,
NE-HVAC-AirEcono-Adjust-ExSP63F,DEER2024,D24_E+_Com_v1,6/15/2026 10:46,Any,RtL,Ex,CZ13,cPVVG,Each,1,131000,None,24900,0.001,0.0099,24900,0.001,0.0099,,,,,,,,,20,,1954700,9362.7,,,1929800,9362.7,,,,,,
NE-HVAC-AirEcono-Adjust-ExSP63F,DEER2024,D24_E+_Com_v1,6/15/2026 10:46,Any,RtL,Ex,CZ14,cPVVG,Each,1,131000,None,24300,0.038,0.0201,24300,0.038,0.0201,,,,,,,,,20,,1950900,9491.9,,,1926600,9491.9,,,,,,
NE-HVAC-AirEcono-Adjust-ExSP63F,DEER2024,D24_E+_Com_v1,6/15/2026 10:46,Any,RtL,Ex,CZ15,cPVVG,Each,1,131000,None,20600,0,0.00341,20600,0,0.00341,,,,,,,,,20,,2278200,5268.7,,,2257600,5268.7,,,,,,
NE-HVAC-AirEcono-Adjust-ExSP63F,DEER2024,D24_E+_Com_v1,6/15/2026 10:46,Any,RtL,Ex,CZ16,cPVVG,Each,1,131000,None,25900,1.91,0.00103,25900,1.91,0.00103,,,,,,,,,20,,1685700,14750,,,1659800,14750,,,,,,
NE-HVAC-AirEcono-Adjust-ExSP63F,DEER2024,D24_E+_Com_v1,6/15/2026 10:46,Any,RtS,Ex,CZ01,cDXGF,Each,1,16000,None,536,0.516,0.000341,536,0.516,0.000341,,,,,,,,,20,,99458,1350.1,,,98922,1350.1,,,,,,
NE-HVAC-AirEcono-Adjust-ExSP63F,DEER2024,D24_E+_Com_v1,6/15/2026 10:46,Any,RtS,Ex,CZ02,cDXGF,Each,1,16000,None,2150,0.346,-0.000682,2150,0.346,-0.000682,,,,,,,,,20,,120950,1115.2,,,118800,1115.2,,,,,,
NE-HVAC-AirEcono-Adjust-ExSP63F,DEER2024,D24_E+_Com_v1,6/15/2026 10:46,Any,RtS,Ex,CZ03,cDXGF,Each,1,16000,None,3100,0.898,-0.000683,3100,0.898,-0.000683,,,,,,,,,20,,112600,867.34,,,109490,867.34,,,,,,
NE-HVAC-AirEcono-Adjust-ExSP63F,DEER2024,D24_E+_Com_v1,6/15/2026 10:46,Any,RtS,Ex,CZ04,cDXGF,Each,1,16000,None,2220,0,-0.00171,2220,0,-0.00171,,,,,,,,,20,,131380,970.66,,,129160,970.67,,,,,,
NE-HVAC-AirEcono-Adjust-ExSP63F,DEER2024,D24_E+_Com_v1,6/15/2026 10:46,Any,RtS,Ex,CZ05,cDXGF,Each,1,16000,None,3250,0.764,-0.00102,3250,0.764,-0.00102,,,,,,,,,20,,115470,816.02,,,112230,816.02,,,,,,
NE-HVAC-AirEcono-Adjust-ExSP63F,DEER2024,D24_E+_Com_v1,6/15/2026 10:46,Any,RtS,Ex,CZ06,cDXGF,Each,1,16000,None,3970,0.272,0,3970,0.272,0,,,,,,,,,20,,122460,590.8,,,118490,590.8,,,,,,
NE-HVAC-AirEcono-Adjust-ExSP63F,DEER2024,D24_E+_Com_v1,6/15/2026 10:46,Any,RtS,Ex,CZ07,cDXGF,Each,1,16000,None,3500,0,-0.000683,3500,0,-0.000683,,,,,,,,,20,,123500,576.49,,,120000,576.49,,,,,,
NE-HVAC-AirEcono-Adjust-ExSP63F,DEER2024,D24_E+_Com_v1,6/15/2026 10:46,Any,RtS,Ex,CZ08,cDXGF,Each,1,16000,None,3370,0,-0.00137,3370,0,-0.00137,,,,,,,,,20,,135170,596.26,,,131800,596.26,,,,,,
NE-HVAC-AirEcono-Adjust-ExSP63F,DEER2024,D24_E+_Com_v1,6/15/2026 10:46,Any,RtS,Ex,CZ09,cDXGF,Each,1,16000,None,3170,0,-0.00137,3170,0,-0.00137,,,,,,,,,20,,137220,636.15,,,134050,636.15,,,,,,
NE-HVAC-AirEcono-Adjust-ExSP63F,DEER2024,D24_E+_Com_v1,6/15/2026 10:46,Any,RtS,Ex,CZ10,cDXGF,Each,1,16000,None,3030,0,-0.00137,3030,0,-0.00137,,,,,,,,,20,,141730,660.48,,,138700,660.48,,,,,,
NE-HVAC-AirEcono-Adjust-ExSP63F,DEER2024,D24_E+_Com_v1,6/15/2026 10:46,Any,RtS,Ex,CZ11,cDXGF,Each,1,16000,None,2140,0,-0.00171,2140,0,-0.00171,,,,,,,,,20,,141000,1021.2,,,138860,1021.2,,,,,,
NE-HVAC-AirEcono-Adjust-ExSP63F,DEER2024,D24_E+_Com_v1,6/15/2026 10:46,Any,RtS,Ex,CZ12,cDXGF,Each,1,16000,None,2310,0,0.000341,2310,0,0.000341,,,,,,,,,20,,129400,1038.4,,,127090,1038.4,,,,,,
NE-HVAC-AirEcono-Adjust-ExSP63F,DEER2024,D24_E+_Com_v1,6/15/2026 10:46,Any,RtS,Ex,CZ13,cDXGF,Each,1,16000,None,2280,0,-0.00375,2280,0,-0.00375,,,,,,,,,20,,142260,923.61,,,139980,923.61,,,,,,
NE-HVAC-AirEcono-Adjust-ExSP63F,DEER2024,D24_E+_Com_v1,6/15/2026 10:46,Any,RtS,Ex,CZ14,cDXGF,Each,1,16000,None,2080,0,-0.00137,2080,0,-0.00137,,,,,,,,,20,,139810,834.89,,,137730,834.89,,,,,,
NE-HVAC-AirEcono-Adjust-ExSP63F,DEER2024,D24_E+_Com_v1,6/15/2026 10:46,Any,RtS,Ex,CZ15,cDXGF,Each,1,16000,None,2030,0,-0.0041,2030,0,-0.0041,,,,,,,,,20,,168680,491.08,,,166650,491.08,,,,,,
NE-HVAC-AirEcono-Adjust-ExSP63F,DEER2024,D24_E+_Com_v1,6/15/2026 10:46,Any,RtS,Ex,CZ16,cDXGF,Each,1,16000,None,1990,0.204,0.000342,1990,0.204,0.000342,,,,,,,,,20,,123370,1367.5,,,121390,1367.5,,,,,,
NE-HVAC-AirEcono-Adjust-ExSP63F,DEER2024,D24_E+_Com_v1,6/15/2026 10:46,Any,RtS,Ex,CZ01,cDXHP,Each,1,16000,None,524,0.527,0,524,0.527,0,,,,,,,,,20,,105290,569.3,,,104770,569.3,,,,,,
NE-HVAC-AirEcono-Adjust-ExSP63F,DEER2024,D24_E+_Com_v1,6/15/2026 10:46,Any,RtS,Ex,CZ02,cDXHP,Each,1,16000,None,2170,0.35,0,2170,0.35,0,,,,,,,,,20,,125580,545.01,,,123410,545.01,,,,,,
NE-HVAC-AirEcono-Adjust-ExSP63F,DEER2024,D24_E+_Com_v1,6/15/2026 10:46,Any,RtS,Ex,CZ03,cDXHP,Each,1,16000,None,3110,0.913,0,3110,0.913,0,,,,,,,,,20,,114950,540.98,,,111840,540.98,,,,,,
NE-HVAC-AirEcono-Adjust-ExSP63F,DEER2024,D24_E+_Com_v1,6/15/2026 10:46,Any,RtS,Ex,CZ04,cDXHP,Each,1,16000,None,2230,0,0,2230,0,0,,,,,,,,,20,,135180,530.85,,,132950,530.85,,,,,,
NE-HVAC-AirEcono-Adjust-ExSP63F,DEER2024,D24_E+_Com_v1,6/15/2026 10:46,Any,RtS,Ex,CZ05,cDXHP,Each,1,16000,None,3260,0.777,0,3260,0.777,0,,,,,,,,,20,,117550,542.64,,,114290,542.64,,,,,,
NE-HVAC-AirEcono-Adjust-ExSP63F,DEER2024,D24_E+_Com_v1,6/15/2026 10:46,Any,RtS,Ex,CZ06,cDXHP,Each,1,16000,None,3990,0.276,0,3990,0.276,0,,,,,,,,,20,,122670,514.22,,,118680,514.22,,,,,,
NE-HVAC-AirEcono-Adjust-ExSP63F,DEER2024,D24_E+_Com_v1,6/15/2026 10:46,Any,RtS,Ex,CZ07,cDXHP,Each,1,16000,None,3480,0,0,3480,0,0,,,,,,,,,20,,123710,510.81,,,120220,510.81,,,,,,
NE-HVAC-AirEcono-Adjust-ExSP63F,DEER2024,D24_E+_Com_v1,6/15/2026 10:46,Any,RtS,Ex,CZ08,cDXHP,Each,1,16000,None,3380,0,0,3380,0,0,,,,,,,,,20,,135750,504.03,,,132370,504.03,,,,,,
NE-HVAC-AirEcono-Adjust-ExSP63F,DEER2024,D24_E+_Com_v1,6/15/2026 10:46,Any,RtS,Ex,CZ09,cDXHP,Each,1,16000,None,3170,0,0,3170,0,0,,,,,,,,,20,,138150,506.35,,,134980,506.35,,,,,,
NE-HVAC-AirEcono-Adjust-ExSP63F,DEER2024,D24_E+_Com_v1,6/15/2026 10:46,Any,RtS,Ex,CZ10,cDXHP,Each,1,16000,None,3030,0,0,3030,0,0,,,,,,,,,20,,142880,502.24,,,139840,502.24,,,,,,
NE-HVAC-AirEcono-Adjust-ExSP63F,DEER2024,D24_E+_Com_v1,6/15/2026 10:46,Any,RtS,Ex,CZ11,cDXHP,Each,1,16000,None,2140,0,0,2140,0,0,,,,,,,,,20,,145050,510.42,,,142900,510.42,,,,,,
NE-HVAC-AirEcono-Adjust-ExSP63F,DEER2024,D24_E+_Com_v1,6/15/2026 10:46,Any,RtS,Ex,CZ12,cDXHP,Each,1,16000,None,2320,0,0,2320,0,0,,,,,,,,,20,,133460,525.67,,,131140,525.67,,,,,,
NE-HVAC-AirEcono-Adjust-ExSP63F,DEER2024,D24_E+_Com_v1,6/15/2026 10:46,Any,RtS,Ex,CZ13,cDXHP,Each,1,16000,None,2280,0,0,2280,0,0,,,,,,,,,20,,145550,503.8,,,143270,503.8,,,,,,
NE-HVAC-AirEcono-Adjust-ExSP63F,DEER2024,D24_E+_Com_v1,6/15/2026 10:46,Any,RtS,Ex,CZ14,cDXHP,Each,1,16000,None,2090,0,0,2090,0,0,,,,,,,,,20,,142770,512.98,,,140680,512.98,,,,,,
NE-HVAC-AirEcono-Adjust-ExSP63F,DEER2024,D24_E+_Com_v1,6/15/2026 10:46,Any,RtS,Ex,CZ15,cDXHP,Each,1,16000,None,2030,0,0,2030,0,0,,,,,,,,,20,,169050,453.59,,,167020,453.59,,,,,,
NE-HVAC-AirEcono-Adjust-ExSP63F,DEER2024,D24_E+_Com_v1,6/15/2026 10:46,Any,RtS,Ex,CZ16,cDXHP,Each,1,16000,None,2010,0.206,0,2010,0.206,0,,,,,,,,,20,,132050,561.18,,,130030,561.18,,,,,,
NE-HVAC-AirEcono-Adjust-ExSP63F,DEER2024,D24_E+_Com_v1,6/15/2026 10:46,Any,RtS,Ex,CZ01,cDXOH,Each,1,16000,None,531,0.514,0,531,0.514,0,,,,,,,,,20,,100380,569.3,,,99846,569.3,,,,,,
NE-HVAC-AirEcono-Adjust-ExSP63F,DEER2024,D24_E+_Com_v1,6/15/2026 10:46,Any,RtS,Ex,CZ02,cDXOH,Each,1,16000,None,2130,0.346,0,2130,0.346,0,,,,,,,,,20,,121740,545.01,,,119610,545.01,,,,,,
NE-HVAC-AirEcono-Adjust-ExSP63F,DEER2024,D24_E+_Com_v1,6/15/2026 10:46,Any,RtS,Ex,CZ03,cDXOH,Each,1,16000,None,3100,0.898,0,3100,0.898,0,,,,,,,,,20,,112810,540.98,,,109710,540.98,,,,,,
NE-HVAC-AirEcono-Adjust-ExSP63F,DEER2024,D24_E+_Com_v1,6/15/2026 10:46,Any,RtS,Ex,CZ04,cDXOH,Each,1,16000,None,2200,0,0,2200,0,0,,,,,,,,,20,,131720,530.85,,,129520,530.85,,,,,,
NE-HVAC-AirEcono-Adjust-ExSP63F,DEER2024,D24_E+_Com_v1,6/15/2026 10:46,Any,RtS,Ex,CZ05,cDXOH,Each,1,16000,None,3240,0.761,0,3240,0.761,0,,,,,,,,,20,,115520,542.63,,,112280,542.63,,,,,,
NE-HVAC-AirEcono-Adjust-ExSP63F,DEER2024,D24_E+_Com_v1,6/15/2026 10:46,Any,RtS,Ex,CZ06,cDXOH,Each,1,16000,None,3960,0.272,0,3960,0.272,0,,,,,,,,,20,,122430,514.22,,,118470,514.22,,,,,,
NE-HVAC-AirEcono-Adjust-ExSP63F,DEER2024,D24_E+_Com_v1,6/15/2026 10:46,Any,RtS,Ex,CZ07,cDXOH,Each,1,16000,None,3490,0,0,3490,0,0,,,,,,,,,20,,123470,510.81,,,119980,510.81,,,,,,
NE-HVAC-AirEcono-Adjust-ExSP63F,DEER2024,D24_E+_Com_v1,6/15/2026 10:46,Any,RtS,Ex,CZ08,cDXOH,Each,1,16000,None,3370,0,0,3370,0,0,,,,,,,,,20,,135120,504.03,,,131750,504.03,,,,,,
NE-HVAC-AirEcono-Adjust-ExSP63F,DEER2024,D24_E+_Com_v1,6/15/2026 10:46,Any,RtS,Ex,CZ09,cDXOH,Each,1,16000,None,3160,0,0,3160,0,0,,,,,,,,,20,,137190,506.35,,,134030,506.35,,,,,,
NE-HVAC-AirEcono-Adjust-ExSP63F,DEER2024,D24_E+_Com_v1,6/15/2026 10:46,Any,RtS,Ex,CZ10,cDXOH,Each,1,16000,None,3020,0,0,3020,0,0,,,,,,,,,20,,141740,502.24,,,138720,502.24,,,,,,
NE-HVAC-AirEcono-Adjust-ExSP63F,DEER2024,D24_E+_Com_v1,6/15/2026 10:46,Any,RtS,Ex,CZ11,cDXOH,Each,1,16000,None,2120,0,0,2120,0,0,,,,,,,,,20,,141950,510.41,,,139830,510.41,,,,,,
NE-HVAC-AirEcono-Adjust-ExSP63F,DEER2024,D24_E+_Com_v1,6/15/2026 10:46,Any,RtS,Ex,CZ12,cDXOH,Each,1,16000,None,2300,0,0,2300,0,0,,,,,,,,,20,,130330,525.67,,,128030,525.67,,,,,,
NE-HVAC-AirEcono-Adjust-ExSP63F,DEER2024,D24_E+_Com_v1,6/15/2026 10:46,Any,RtS,Ex,CZ13,cDXOH,Each,1,16000,None,2270,0,0,2270,0,0,,,,,,,,,20,,143150,503.81,,,140880,503.81,,,,,,
NE-HVAC-AirEcono-Adjust-ExSP63F,DEER2024,D24_E+_Com_v1,6/15/2026 10:46,Any,RtS,Ex,CZ14,cDXOH,Each,1,16000,None,2070,0,0,2070,0,0,,,,,,,,,20,,140130,512.99,,,138060,512.99,,,,,,
NE-HVAC-AirEcono-Adjust-ExSP63F,DEER2024,D24_E+_Com_v1,6/15/2026 10:46,Any,RtS,Ex,CZ15,cDXOH,Each,1,16000,None,2030,0,0,2030,0,0,,,,,,,,,20,,168670,453.59,,,166650,453.59,,,,,,
NE-HVAC-AirEcono-Adjust-ExSP63F,DEER2024,D24_E+_Com_v1,6/15/2026 10:46,Any,RtS,Ex,CZ16,cDXOH,Each,1,16000,None,1980,0.204,-0.00102,1980,0.204,-0.00102,,,,,,,,,20,,125250,561.18,,,123270,561.18,,,,,,
NE-HVAC-AirEcono-Adjust-ExSP63F,DEER2024,D24_E+_Com_v1,6/15/2026 10:46,Any,RtS,Ex,CZ01,cPVVG,Each,1,16000,None,364,0.362,0.000682,364,0.362,0.000682,,,,,,,,,20,,80485,1708.5,,,80121,1708.5,,,,,,
NE-HVAC-AirEcono-Adjust-ExSP63F,DEER2024,D24_E+_Com_v1,6/15/2026 10:46,Any,RtS,Ex,CZ02,cPVVG,Each,1,16000,None,1550,0.247,0.00102,1550,0.247,0.00102,,,,,,,,,20,,97035,1407.3,,,95489,1407.3,,,,,,
NE-HVAC-AirEcono-Adjust-ExSP63F,DEER2024,D24_E+_Com_v1,6/15/2026 10:46,Any,RtS,Ex,CZ03,cPVVG,Each,1,16000,None,2220,0.644,0.000342,2220,0.644,0.000342,,,,,,,,,20,,90159,1075.8,,,87934,1075.8,,,,,,
NE-HVAC-AirEcono-Adjust-ExSP63F,DEER2024,D24_E+_Com_v1,6/15/2026 10:46,Any,RtS,Ex,CZ04,cPVVG,Each,1,16000,None,1610,0,0.000342,1610,0,0.000342,,,,,,,,,20,,107200,1206.8,,,105590,1206.8,,,,,,
NE-HVAC-AirEcono-Adjust-ExSP63F,DEER2024,D24_E+_Com_v1,6/15/2026 10:46,Any,RtS,Ex,CZ05,cPVVG,Each,1,16000,None,2380,0.57,0.00137,2380,0.57,0.00137,,,,,,,,,20,,92115,1017.4,,,89732,1017.4,,,,,,
NE-HVAC-AirEcono-Adjust-ExSP63F,DEER2024,D24_E+_Com_v1,6/15/2026 10:46,Any,RtS,Ex,CZ06,cPVVG,Each,1,16000,None,2880,0.212,0.000683,2880,0.212,0.000683,,,,,,,,,20,,101560,662.95,,,98677,662.95,,,,,,
NE-HVAC-AirEcono-Adjust-ExSP63F,DEER2024,D24_E+_Com_v1,6/15/2026 10:46,Any,RtS,Ex,CZ07,cPVVG,Each,1,16000,None,2480,0,-0.00341,2480,0,-0.00341,,,,,,,,,20,,101710,645.01,,,99234,645.01,,,,,,
NE-HVAC-AirEcono-Adjust-ExSP63F,DEER2024,D24_E+_Com_v1,6/15/2026 10:46,Any,RtS,Ex,CZ08,cPVVG,Each,1,16000,None,2440,0,0,2440,0,0,,,,,,,,,20,,112500,674.63,,,110060,674.63,,,,,,
NE-HVAC-AirEcono-Adjust-ExSP63F,DEER2024,D24_E+_Com_v1,6/15/2026 10:46,Any,RtS,Ex,CZ09,cPVVG,Each,1,16000,None,2360,0,0,2360,0,0,,,,,,,,,20,,113660,735.54,,,111300,735.54,,,,,,
NE-HVAC-AirEcono-Adjust-ExSP63F,DEER2024,D24_E+_Com_v1,6/15/2026 10:46,Any,RtS,Ex,CZ10,cPVVG,Each,1,16000,None,2210,0,-0.000341,2210,0,-0.000341,,,,,,,,,20,,117130,781.21,,,114920,781.21,,,,,,
NE-HVAC-AirEcono-Adjust-ExSP63F,DEER2024,D24_E+_Com_v1,6/15/2026 10:46,Any,RtS,Ex,CZ11,cPVVG,Each,1,16000,None,1550,0,-0.00137,1550,0,-0.00137,,,,,,,,,20,,117540,1269.3,,,115990,1269.3,,,,,,
NE-HVAC-AirEcono-Adjust-ExSP63F,DEER2024,D24_E+_Com_v1,6/15/2026 10:46,Any,RtS,Ex,CZ12,cPVVG,Each,1,16000,None,1670,0,0,1670,0,0,,,,,,,,,20,,106790,1283.7,,,105120,1283.7,,,,,,
NE-HVAC-AirEcono-Adjust-ExSP63F,DEER2024,D24_E+_Com_v1,6/15/2026 10:46,Any,RtS,Ex,CZ13,cPVVG,Each,1,16000,None,1690,0,-0.000341,1690,0,-0.000341,,,,,,,,,20,,119660,1138.8,,,117970,1138.8,,,,,,
NE-HVAC-AirEcono-Adjust-ExSP63F,DEER2024,D24_E+_Com_v1,6/15/2026 10:46,Any,RtS,Ex,CZ14,cPVVG,Each,1,16000,None,1550,0,-0.000342,1550,0,-0.000342,,,,,,,,,20,,116730,1020.6,,,115180,1020.6,,,,,,
NE-HVAC-AirEcono-Adjust-ExSP63F,DEER2024,D24_E+_Com_v1,6/15/2026 10:46,Any,RtS,Ex,CZ15,cPVVG,Each,1,16000,None,1460,0,-0.000341,1460,0,-0.000341,,,,,,,,,20,,145310,534.16,,,143860,534.16,,,,,,
NE-HVAC-AirEcono-Adjust-ExSP63F,DEER2024,D24_E+_Com_v1,6/15/2026 10:46,Any,RtS,Ex,CZ16,cPVVG,Each,1,16000,None,1580,0.155,0,1580,0.155,0,,,,,,,,,20,,97378,1752.3,,,95802,1752.3,,,,,,
NE-HVAC-AirEcono-Adjust-ExSP63F,DEER2024,D24_E+_Com_v1,6/15/2026 10:46,Any,SCn,Ex,CZ01,cDXGF,Each,1,500000,None,11600,5.97,-0.00376,11600,5.97,-0.00376,,,,,,,,,20,,2879900,56285,,,2868200,56285,,,,,,
NE-HVAC-AirEcono-Adjust-ExSP63F,DEER2024,D24_E+_Com_v1,6/15/2026 10:46,Any,SCn,Ex,CZ02,cDXGF,Each,1,500000,None,47400,13.2,-0.00614,47400,13.2,-0.00614,,,,,,,,,20,,3220800,36334,,,3173400,36334,,,,,,
NE-HVAC-AirEcono-Adjust-ExSP63F,DEER2024,D24_E+_Com_v1,6/15/2026 10:46,Any,SCn,Ex,CZ03,cDXGF,Each,1,500000,None,68700,24.5,-0.00444,68700,24.5,-0.00444,,,,,,,,,20,,2844100,28292,,,2775400,28292,,,,,,
NE-HVAC-AirEcono-Adjust-ExSP63F,DEER2024,D24_E+_Com_v1,6/15/2026 10:46,Any,SCn,Ex,CZ04,cDXGF,Each,1,500000,None,52100,0.072,-0.028,52100,0.072,-0.028,,,,,,,,,20,,3519100,29638,,,3466900,29638,,,,,,
NE-HVAC-AirEcono-Adjust-ExSP63F,DEER2024,D24_E+_Com_v1,6/15/2026 10:46,Any,SCn,Ex,CZ05,cDXGF,Each,1,500000,None,63600,18.5,-0.0137,63600,18.5,-0.0137,,,,,,,,,20,,2945100,22904,,,2881500,22904,,,,,,
NE-HVAC-AirEcono-Adjust-ExSP63F,DEER2024,D24_E+_Com_v1,6/15/2026 10:46,Any,SCn,Ex,CZ06,cDXGF,Each,1,500000,None,75800,8.08,-0.013,75800,8.08,-0.013,,,,,,,,,20,,2812100,10077,,,2736300,10077,,,,,,
NE-HVAC-AirEcono-Adjust-ExSP63F,DEER2024,D24_E+_Com_v1,6/15/2026 10:46,Any,SCn,Ex,CZ07,cDXGF,Each,1,500000,None,63300,0,-0.00444,63300,0,-0.00444,,,,,,,,,20,,2889000,8954.7,,,2825700,8954.7,,,,,,
NE-HVAC-AirEcono-Adjust-ExSP63F,DEER2024,D24_E+_Com_v1,6/15/2026 10:46,Any,SCn,Ex,CZ08,cDXGF,Each,1,500000,None,63800,0.017,-0.0116,63800,0.017,-0.0116,,,,,,,,,20,,3239100,10986,,,3175400,10986,,,,,,
NE-HVAC-AirEcono-Adjust-ExSP63F,DEER2024,D24_E+_Com_v1,6/15/2026 10:46,Any,SCn,Ex,CZ09,cDXGF,Each,1,500000,None,59300,-0.018,-0.00785,59300,-0.018,-0.00785,,,,,,,,,20,,3300200,13790,,,3240900,13790,,,,,,
NE-HVAC-AirEcono-Adjust-ExSP63F,DEER2024,D24_E+_Com_v1,6/15/2026 10:46,Any,SCn,Ex,CZ10,cDXGF,Each,1,500000,None,51600,0.016,-0.00478,51600,0.016,-0.00478,,,,,,,,,20,,3338300,13715,,,3286700,13715,,,,,,
NE-HVAC-AirEcono-Adjust-ExSP63F,DEER2024,D24_E+_Com_v1,6/15/2026 10:46,Any,SCn,Ex,CZ11,cDXGF,Each,1,500000,None,40800,-0.457,-0.0191,40800,-0.457,-0.0191,,,,,,,,,20,,3583000,35613,,,3542200,35613,,,,,,
NE-HVAC-AirEcono-Adjust-ExSP63F,DEER2024,D24_E+_Com_v1,6/15/2026 10:46,Any,SCn,Ex,CZ12,cDXGF,Each,1,500000,None,59600,0.122,-0.00307,59600,0.122,-0.00307,,,,,,,,,20,,3430300,35129,,,3370700,35129,,,,,,
NE-HVAC-AirEcono-Adjust-ExSP63F,DEER2024,D24_E+_Com_v1,6/15/2026 10:46,Any,SCn,Ex,CZ13,cDXGF,Each,1,500000,None,52900,0.152,0.00307,52900,0.152,0.00307,,,,,,,,,20,,3657800,31248,,,3604800,31248,,,,,,
NE-HVAC-AirEcono-Adjust-ExSP63F,DEER2024,D24_E+_Com_v1,6/15/2026 10:46,Any,SCn,Ex,CZ14,cDXGF,Each,1,500000,None,49400,0.033,-0.0567,49400,0.033,-0.0567,,,,,,,,,20,,3796000,28439,,,3746600,28439,,,,,,
NE-HVAC-AirEcono-Adjust-ExSP63F,DEER2024,D24_E+_Com_v1,6/15/2026 10:46,Any,SCn,Ex,CZ15,cDXGF,Each,1,500000,None,49400,0,0,49400,0,0,,,,,,,,,20,,4498500,6159.6,,,4449100,6159.6,,,,,,
NE-HVAC-AirEcono-Adjust-ExSP63F,DEER2024,D24_E+_Com_v1,6/15/2026 10:46,Any,SCn,Ex,CZ16,cDXGF,Each,1,500000,None,77200,5.79,-0.00614,77200,5.79,-0.00614,,,,,,,,,20,,3433700,54627,,,3356500,54627,,,,,,
NE-HVAC-AirEcono-Adjust-ExSP63F,DEER2024,D24_E+_Com_v1,6/15/2026 10:46,Any,SCn,Ex,CZ01,cDXHP,Each,1,500000,None,11700,6,0,11700,6,0,,,,,,,,,20,,3273500,3182.2,,,3261800,3182.2,,,,,,
NE-HVAC-AirEcono-Adjust-ExSP63F,DEER2024,D24_E+_Com_v1,6/15/2026 10:46,Any,SCn,Ex,CZ02,cDXHP,Each,1,500000,None,47800,13.4,0,47800,13.4,0,,,,,,,,,20,,3486800,2982,,,3439000,2982,,,,,,
NE-HVAC-AirEcono-Adjust-ExSP63F,DEER2024,D24_E+_Com_v1,6/15/2026 10:46,Any,SCn,Ex,CZ03,cDXHP,Each,1,500000,None,69200,24.7,0,69200,24.7,0,,,,,,,,,20,,3024300,2949,,,2955000,2949,,,,,,
NE-HVAC-AirEcono-Adjust-ExSP63F,DEER2024,D24_E+_Com_v1,6/15/2026 10:46,Any,SCn,Ex,CZ04,cDXHP,Each,1,500000,None,52500,0.116,0,52500,0.116,0,,,,,,,,,20,,3747600,2865.1,,,3695100,2865.1,,,,,,
NE-HVAC-AirEcono-Adjust-ExSP63F,DEER2024,D24_E+_Com_v1,6/15/2026 10:46,Any,SCn,Ex,CZ05,cDXHP,Each,1,500000,None,64000,18.6,0,64000,18.6,0,,,,,,,,,20,,3091300,2962.7,,,3027300,2962.7,,,,,,
NE-HVAC-AirEcono-Adjust-ExSP63F,DEER2024,D24_E+_Com_v1,6/15/2026 10:46,Any,SCn,Ex,CZ06,cDXHP,Each,1,500000,None,76100,8.16,0,76100,8.16,0,,,,,,,,,20,,2855900,2728.8,,,2779800,2728.8,,,,,,
NE-HVAC-AirEcono-Adjust-ExSP63F,DEER2024,D24_E+_Com_v1,6/15/2026 10:46,Any,SCn,Ex,CZ07,cDXHP,Each,1,500000,None,63700,0,0,63700,0,0,,,,,,,,,20,,2928200,2700.5,,,2864400,2700.5,,,,,,
NE-HVAC-AirEcono-Adjust-ExSP63F,DEER2024,D24_E+_Com_v1,6/15/2026 10:46,Any,SCn,Ex,CZ08,cDXHP,Each,1,500000,None,64800,0.017,0,64800,0.017,0,,,,,,,,,20,,3292800,2644.6,,,3228000,2644.6,,,,,,
NE-HVAC-AirEcono-Adjust-ExSP63F,DEER2024,D24_E+_Com_v1,6/15/2026 10:46,Any,SCn,Ex,CZ09,cDXHP,Each,1,500000,None,59900,-0.017,0,59900,-0.017,0,,,,,,,,,20,,3383900,2663.7,,,3324000,2663.7,,,,,,
NE-HVAC-AirEcono-Adjust-ExSP63F,DEER2024,D24_E+_Com_v1,6/15/2026 10:46,Any,SCn,Ex,CZ10,cDXHP,Each,1,500000,None,52500,0.014,0,52500,0.014,0,,,,,,,,,20,,3425700,2629.7,,,3373200,2629.7,,,,,,
NE-HVAC-AirEcono-Adjust-ExSP63F,DEER2024,D24_E+_Com_v1,6/15/2026 10:46,Any,SCn,Ex,CZ11,cDXHP,Each,1,500000,None,41000,0.253,0,41000,0.253,0,,,,,,,,,20,,3852600,2696.5,,,3811600,2696.5,,,,,,
NE-HVAC-AirEcono-Adjust-ExSP63F,DEER2024,D24_E+_Com_v1,6/15/2026 10:46,Any,SCn,Ex,CZ12,cDXHP,Each,1,500000,None,60200,0.194,0,60200,0.194,0,,,,,,,,,20,,3684500,2822.5,,,3624300,2822.5,,,,,,
NE-HVAC-AirEcono-Adjust-ExSP63F,DEER2024,D24_E+_Com_v1,6/15/2026 10:46,Any,SCn,Ex,CZ13,cDXHP,Each,1,500000,None,53300,0.194,0,53300,0.194,0,,,,,,,,,20,,3892200,2641.9,,,3838900,2641.9,,,,,,
NE-HVAC-AirEcono-Adjust-ExSP63F,DEER2024,D24_E+_Com_v1,6/15/2026 10:46,Any,SCn,Ex,CZ14,cDXHP,Each,1,500000,None,49600,0.012,0,49600,0.012,0,,,,,,,,,20,,4026200,2717.4,,,3976600,2717.4,,,,,,
NE-HVAC-AirEcono-Adjust-ExSP63F,DEER2024,D24_E+_Com_v1,6/15/2026 10:46,Any,SCn,Ex,CZ15,cDXHP,Each,1,500000,None,49600,0,0,49600,0,0,,,,,,,,,20,,4542200,2227.9,,,4492500,2227.9,,,,,,
NE-HVAC-AirEcono-Adjust-ExSP63F,DEER2024,D24_E+_Com_v1,6/15/2026 10:46,Any,SCn,Ex,CZ16,cDXHP,Each,1,500000,None,77600,5.84,0,77600,5.84,0,,,,,,,,,20,,3952500,3114.9,,,3874900,3114.9,,,,,,
NE-HVAC-AirEcono-Adjust-ExSP63F,DEER2024,D24_E+_Com_v1,6/15/2026 10:46,Any,SCn,Ex,CZ01,cDXOH,Each,1,500000,None,10700,3.95,0,10700,3.95,0,,,,,,,,,20,,2980500,3182.2,,,2969800,3182.2,,,,,,
NE-HVAC-AirEcono-Adjust-ExSP63F,DEER2024,D24_E+_Com_v1,6/15/2026 10:46,Any,SCn,Ex,CZ02,cDXOH,Each,1,500000,None,43700,13.2,0,43700,13.2,0,,,,,,,,,20,,3262500,2982,,,3218900,2982,,,,,,
NE-HVAC-AirEcono-Adjust-ExSP63F,DEER2024,D24_E+_Com_v1,6/15/2026 10:46,Any,SCn,Ex,CZ03,cDXOH,Each,1,500000,None,67200,24.5,0,67200,24.5,0,,,,,,,,,20,,2860100,2949,,,2792900,2949,,,,,,
NE-HVAC-AirEcono-Adjust-ExSP63F,DEER2024,D24_E+_Com_v1,6/15/2026 10:46,Any,SCn,Ex,CZ04,cDXOH,Each,1,500000,None,47100,0.072,0,47100,0.072,0,,,,,,,,,20,,3543300,2865.1,,,3496200,2865.1,,,,,,
NE-HVAC-AirEcono-Adjust-ExSP63F,DEER2024,D24_E+_Com_v1,6/15/2026 10:46,Any,SCn,Ex,CZ05,cDXOH,Each,1,500000,None,59600,18.4,0,59600,18.4,0,,,,,,,,,20,,2943200,2962.7,,,2883600,2962.7,,,,,,
NE-HVAC-AirEcono-Adjust-ExSP63F,DEER2024,D24_E+_Com_v1,6/15/2026 10:46,Any,SCn,Ex,CZ06,cDXOH,Each,1,500000,None,74700,8.08,0,74700,8.08,0,,,,,,,,,20,,2810100,2728.8,,,2735500,2728.8,,,,,,
NE-HVAC-AirEcono-Adjust-ExSP63F,DEER2024,D24_E+_Com_v1,6/15/2026 10:46,Any,SCn,Ex,CZ07,cDXOH,Each,1,500000,None,62500,0,0,62500,0,0,,,,,,,,,20,,2886000,2700.5,,,2823600,2700.5,,,,,,
NE-HVAC-AirEcono-Adjust-ExSP63F,DEER2024,D24_E+_Com_v1,6/15/2026 10:46,Any,SCn,Ex,CZ08,cDXOH,Each,1,500000,None,62000,0.017,0,62000,0.017,0,,,,,,,,,20,,3233500,2644.6,,,3171500,2644.6,,,,,,
NE-HVAC-AirEcono-Adjust-ExSP63F,DEER2024,D24_E+_Com_v1,6/15/2026 10:46,Any,SCn,Ex,CZ09,cDXOH,Each,1,500000,None,57500,-0.018,0,57500,-0.018,0,,,,,,,,,20,,3296900,2663.7,,,3239300,2663.7,,,,,,
NE-HVAC-AirEcono-Adjust-ExSP63F,DEER2024,D24_E+_Com_v1,6/15/2026 10:46,Any,SCn,Ex,CZ10,cDXOH,Each,1,500000,None,49500,0.016,0,49500,0.016,0,,,,,,,,,20,,3333700,2629.7,,,3284200,2629.7,,,,,,
NE-HVAC-AirEcono-Adjust-ExSP63F,DEER2024,D24_E+_Com_v1,6/15/2026 10:46,Any,SCn,Ex,CZ11,cDXOH,Each,1,500000,None,37900,-0.457,0,37900,-0.457,0,,,,,,,,,20,,3635000,2696.5,,,3597100,2696.5,,,,,,
NE-HVAC-AirEcono-Adjust-ExSP63F,DEER2024,D24_E+_Com_v1,6/15/2026 10:46,Any,SCn,Ex,CZ12,cDXOH,Each,1,500000,None,56900,0.122,0,56900,0.122,0,,,,,,,,,20,,3494200,2822.5,,,3437300,2822.5,,,,,,
NE-HVAC-AirEcono-Adjust-ExSP63F,DEER2024,D24_E+_Com_v1,6/15/2026 10:46,Any,SCn,Ex,CZ13,cDXOH,Each,1,500000,None,50800,0.152,0,50800,0.152,0,,,,,,,,,20,,3718600,2641.9,,,3667800,2641.9,,,,,,
NE-HVAC-AirEcono-Adjust-ExSP63F,DEER2024,D24_E+_Com_v1,6/15/2026 10:46,Any,SCn,Ex,CZ14,cDXOH,Each,1,500000,None,45200,0.033,0,45200,0.033,0,,,,,,,,,20,,3834400,2717.4,,,3789300,2717.4,,,,,,
NE-HVAC-AirEcono-Adjust-ExSP63F,DEER2024,D24_E+_Com_v1,6/15/2026 10:46,Any,SCn,Ex,CZ15,cDXOH,Each,1,500000,None,48000,0,0,48000,0,0,,,,,,,,,20,,4498700,2227.9,,,4450800,2227.9,,,,,,
NE-HVAC-AirEcono-Adjust-ExSP63F,DEER2024,D24_E+_Com_v1,6/15/2026 10:46,Any,SCn,Ex,CZ16,cDXOH,Each,1,500000,None,74200,5.79,0,74200,5.79,0,,,,,,,,,20,,3572200,3114.9,,,3498000,3114.9,,,,,,
NE-HVAC-AirEcono-Adjust-ExSP63F,DEER2024,D24_E+_Com_v1,6/15/2026 10:46,Any,SCn,Ex,CZ01,cPVVG,Each,1,500000,None,0,0,0,0,0,0,,,,,,,,,20,,1585900,96703,,,1585900,96703,,,,,,
NE-HVAC-AirEcono-Adjust-ExSP63F,DEER2024,D24_E+_Com_v1,6/15/2026 10:46,Any,SCn,Ex,CZ02,cPVVG,Each,1,500000,None,2340,1.91,0.0164,2340,1.91,0.0164,,,,,,,,,20,,1749900,59837,,,1747600,59837,,,,,,
NE-HVAC-AirEcono-Adjust-ExSP63F,DEER2024,D24_E+_Com_v1,6/15/2026 10:46,Any,SCn,Ex,CZ03,cPVVG,Each,1,500000,None,916,0.454,0.00102,916,0.454,0.00102,,,,,,,,,20,,1575200,48689,,,1574200,48689,,,,,,
NE-HVAC-AirEcono-Adjust-ExSP63F,DEER2024,D24_E+_Com_v1,6/15/2026 10:46,Any,SCn,Ex,CZ04,cPVVG,Each,1,500000,None,4900,0.008,0.0137,4900,0.008,0.0137,,,,,,,,,20,,2018600,49004,,,2013700,49004,,,,,,
NE-HVAC-AirEcono-Adjust-ExSP63F,DEER2024,D24_E+_Com_v1,6/15/2026 10:46,Any,SCn,Ex,CZ05,cPVVG,Each,1,500000,None,1960,0.52,-0.00751,1960,0.52,-0.00751,,,,,,,,,20,,1582100,44360,,,1580200,44360,,,,,,
NE-HVAC-AirEcono-Adjust-ExSP63F,DEER2024,D24_E+_Com_v1,6/15/2026 10:46,Any,SCn,Ex,CZ06,cPVVG,Each,1,500000,None,29800,5.24,-0.0297,29800,5.24,-0.0297,,,,,,,,,20,,1991800,16797,,,1962000,16797,,,,,,
NE-HVAC-AirEcono-Adjust-ExSP63F,DEER2024,D24_E+_Com_v1,6/15/2026 10:46,Any,SCn,Ex,CZ07,cPVVG,Each,1,500000,None,21800,0,-0.0123,21800,0,-0.0123,,,,,,,,,20,,2034000,15476,,,2012200,15476,,,,,,
NE-HVAC-AirEcono-Adjust-ExSP63F,DEER2024,D24_E+_Com_v1,6/15/2026 10:46,Any,SCn,Ex,CZ08,cPVVG,Each,1,500000,None,21300,0.003,-0.0321,21300,0.003,-0.0321,,,,,,,,,20,,2271900,17953,,,2250600,17953,,,,,,
NE-HVAC-AirEcono-Adjust-ExSP63F,DEER2024,D24_E+_Com_v1,6/15/2026 10:46,Any,SCn,Ex,CZ09,cPVVG,Each,1,500000,None,19300,-0.008,-0.0331,19300,-0.008,-0.0331,,,,,,,,,20,,2308800,21486,,,2289500,21486,,,,,,
NE-HVAC-AirEcono-Adjust-ExSP63F,DEER2024,D24_E+_Com_v1,6/15/2026 10:46,Any,SCn,Ex,CZ10,cPVVG,Each,1,500000,None,16900,0.007,-0.0263,16900,0.007,-0.0263,,,,,,,,,20,,2389400,21508,,,2372500,21508,,,,,,
NE-HVAC-AirEcono-Adjust-ExSP63F,DEER2024,D24_E+_Com_v1,6/15/2026 10:46,Any,SCn,Ex,CZ11,cPVVG,Each,1,500000,None,14300,-0.19,-0.0287,14300,-0.19,-0.0287,,,,,,,,,20,,2578200,49681,,,2563800,49681,,,,,,
NE-HVAC-AirEcono-Adjust-ExSP63F,DEER2024,D24_E+_Com_v1,6/15/2026 10:46,Any,SCn,Ex,CZ12,cPVVG,Each,1,500000,None,11700,0.059,0.0307,11700,0.059,0.0307,,,,,,,,,20,,2133900,52329,,,2122200,52329,,,,,,
NE-HVAC-AirEcono-Adjust-ExSP63F,DEER2024,D24_E+_Com_v1,6/15/2026 10:46,Any,SCn,Ex,CZ13,cPVVG,Each,1,500000,None,23000,0.177,0.0297,23000,0.177,0.0297,,,,,,,,,20,,2746400,42861,,,2723400,42861,,,,,,
NE-HVAC-AirEcono-Adjust-ExSP63F,DEER2024,D24_E+_Com_v1,6/15/2026 10:46,Any,SCn,Ex,CZ14,cPVVG,Each,1,500000,None,12400,0.032,0.00443,12400,0.032,0.00443,,,,,,,,,20,,2512100,43363,,,2499700,43363,,,,,,
NE-HVAC-AirEcono-Adjust-ExSP63F,DEER2024,D24_E+_Com_v1,6/15/2026 10:46,Any,SCn,Ex,CZ15,cPVVG,Each,1,500000,None,21100,0,0.016,21100,0,0.016,,,,,,,,,20,,3546900,11012,,,3525800,11012,,,,,,
NE-HVAC-AirEcono-Adjust-ExSP63F,DEER2024,D24_E+_Com_v1,6/15/2026 10:46,Any,SCn,Ex,CZ16,cPVVG,Each,1,500000,None,23600,2.95,-0.00785,23600,2.95,-0.00785,,,,,,,,,20,,2003000,81679,,,1979400,81679,,,,,,
NE-HVAC-AirEcono-Adjust-ExSP68F,DEER2024,D24_E+_Com_v1,6/15/2026 10:46,Any,Asm,Ex,CZ01,cDXGF,Each,1,68000,None,38.4,0.037,0,38.4,0.037,0,,,,,,,,,20,,512860,10498,,,512820,10498,,,,,,
NE-HVAC-AirEcono-Adjust-ExSP68F,DEER2024,D24_E+_Com_v1,6/15/2026 10:46,Any,Asm,Ex,CZ02,cDXGF,Each,1,68000,None,714,0.125,0.000341,714,0.125,0.000341,,,,,,,,,20,,611570,8622.9,,,610860,8622.9,,,,,,
NE-HVAC-AirEcono-Adjust-ExSP68F,DEER2024,D24_E+_Com_v1,6/15/2026 10:46,Any,Asm,Ex,CZ03,cDXGF,Each,1,68000,None,680,0.295,0.000341,680,0.295,0.000341,,,,,,,,,20,,562780,5155,,,562100,5155,,,,,,
NE-HVAC-AirEcono-Adjust-ExSP68F,DEER2024,D24_E+_Com_v1,6/15/2026 10:46,Any,Asm,Ex,CZ04,cDXGF,Each,1,68000,None,838,0,0,838,0,0,,,,,,,,,20,,686220,7795.7,,,685380,7795.7,,,,,,
NE-HVAC-AirEcono-Adjust-ExSP68F,DEER2024,D24_E+_Com_v1,6/15/2026 10:46,Any,Asm,Ex,CZ05,cDXGF,Each,1,68000,None,1000,0.253,0.000682,1000,0.253,0.000682,,,,,,,,,20,,575880,5218,,,574880,5218,,,,,,
NE-HVAC-AirEcono-Adjust-ExSP68F,DEER2024,D24_E+_Com_v1,6/15/2026 10:46,Any,Asm,Ex,CZ06,cDXGF,Each,1,68000,None,912,0.303,0,912,0.303,0,,,,,,,,,20,,626880,1889.9,,,625960,1889.9,,,,,,
NE-HVAC-AirEcono-Adjust-ExSP68F,DEER2024,D24_E+_Com_v1,6/15/2026 10:46,Any,Asm,Ex,CZ07,cDXGF,Each,1,68000,None,396,0,0,396,0,0,,,,,,,,,20,,629920,1746.6,,,629520,1746.6,,,,,,
NE-HVAC-AirEcono-Adjust-ExSP68F,DEER2024,D24_E+_Com_v1,6/15/2026 10:46,Any,Asm,Ex,CZ08,cDXGF,Each,1,68000,None,1090,0,0,1090,0,0,,,,,,,,,20,,692910,2369.5,,,691830,2369.5,,,,,,
NE-HVAC-AirEcono-Adjust-ExSP68F,DEER2024,D24_E+_Com_v1,6/15/2026 10:46,Any,Asm,Ex,CZ09,cDXGF,Each,1,68000,None,886,0,0,886,0,0,,,,,,,,,20,,704690,3121.5,,,703810,3121.5,,,,,,
NE-HVAC-AirEcono-Adjust-ExSP68F,DEER2024,D24_E+_Com_v1,6/15/2026 10:46,Any,Asm,Ex,CZ10,cDXGF,Each,1,68000,None,1080,0,0,1080,0,0,,,,,,,,,20,,724020,3232.4,,,722940,3232.4,,,,,,
NE-HVAC-AirEcono-Adjust-ExSP68F,DEER2024,D24_E+_Com_v1,6/15/2026 10:46,Any,Asm,Ex,CZ11,cDXGF,Each,1,68000,None,935,0,0,935,0,0,,,,,,,,,20,,746170,8055.4,,,745240,8055.4,,,,,,
NE-HVAC-AirEcono-Adjust-ExSP68F,DEER2024,D24_E+_Com_v1,6/15/2026 10:46,Any,Asm,Ex,CZ12,cDXGF,Each,1,68000,None,959,0,0,959,0,0,,,,,,,,,20,,673840,7713.2,,,672880,7713.2,,,,,,
NE-HVAC-AirEcono-Adjust-ExSP68F,DEER2024,D24_E+_Com_v1,6/15/2026 10:46,Any,Asm,Ex,CZ13,cDXGF,Each,1,68000,None,1080,0,0,1080,0,0,,,,,,,,,20,,757480,6943.3,,,756400,6943.3,,,,,,
NE-HVAC-AirEcono-Adjust-ExSP68F,DEER2024,D24_E+_Com_v1,6/15/2026 10:46,Any,Asm,Ex,CZ14,cDXGF,Each,1,68000,None,1180,0,0,1180,0,0,,,,,,,,,20,,762770,6905.8,,,761590,6905.8,,,,,,
NE-HVAC-AirEcono-Adjust-ExSP68F,DEER2024,D24_E+_Com_v1,6/15/2026 10:46,Any,Asm,Ex,CZ15,cDXGF,Each,1,68000,None,1090,0,0,1090,0,0,,,,,,,,,20,,930610,1909.3,,,929530,1909.3,,,,,,
NE-HVAC-AirEcono-Adjust-ExSP68F,DEER2024,D24_E+_Com_v1,6/15/2026 10:46,Any,Asm,Ex,CZ16,cDXGF,Each,1,68000,None,1750,0.3,-0.00034,1750,0.3,-0.00034,,,,,,,,,20,,640150,12514,,,638400,12514,,,,,,
NE-HVAC-AirEcono-Adjust-ExSP68F,DEER2024,D24_E+_Com_v1,6/15/2026 10:46,Any,Asm,Ex,CZ01,cDXHP,Each,1,68000,None,38.4,0.038,0,38.4,0.038,0,,,,,,,,,20,,582810,827.22,,,582770,827.22,,,,,,
NE-HVAC-AirEcono-Adjust-ExSP68F,DEER2024,D24_E+_Com_v1,6/15/2026 10:46,Any,Asm,Ex,CZ02,cDXHP,Each,1,68000,None,722,0.147,0,722,0.147,0,,,,,,,,,20,,670270,786.17,,,669550,786.17,,,,,,
NE-HVAC-AirEcono-Adjust-ExSP68F,DEER2024,D24_E+_Com_v1,6/15/2026 10:46,Any,Asm,Ex,CZ03,cDXHP,Each,1,68000,None,703,0.368,0,703,0.368,0,,,,,,,,,20,,593540,779.34,,,592840,779.34,,,,,,
NE-HVAC-AirEcono-Adjust-ExSP68F,DEER2024,D24_E+_Com_v1,6/15/2026 10:46,Any,Asm,Ex,CZ04,cDXHP,Each,1,68000,None,843,0,0,843,0,0,,,,,,,,,20,,739310,762.24,,,738470,762.24,,,,,,
NE-HVAC-AirEcono-Adjust-ExSP68F,DEER2024,D24_E+_Com_v1,6/15/2026 10:46,Any,Asm,Ex,CZ05,cDXHP,Each,1,68000,None,1010,0.26,0,1010,0.26,0,,,,,,,,,20,,607700,782.16,,,606680,782.16,,,,,,
NE-HVAC-AirEcono-Adjust-ExSP68F,DEER2024,D24_E+_Com_v1,6/15/2026 10:46,Any,Asm,Ex,CZ06,cDXHP,Each,1,68000,None,1000,0.308,0,1000,0.308,0,,,,,,,,,20,,630580,734.11,,,629580,734.11,,,,,,
NE-HVAC-AirEcono-Adjust-ExSP68F,DEER2024,D24_E+_Com_v1,6/15/2026 10:46,Any,Asm,Ex,CZ07,cDXHP,Each,1,68000,None,404,0,0,404,0,0,,,,,,,,,20,,633190,728.37,,,632790,728.37,,,,,,
NE-HVAC-AirEcono-Adjust-ExSP68F,DEER2024,D24_E+_Com_v1,6/15/2026 10:46,Any,Asm,Ex,CZ08,cDXHP,Each,1,68000,None,1110,0,0,1110,0,0,,,,,,,,,20,,704070,716.94,,,702960,716.94,,,,,,
NE-HVAC-AirEcono-Adjust-ExSP68F,DEER2024,D24_E+_Com_v1,6/15/2026 10:46,Any,Asm,Ex,CZ09,cDXHP,Each,1,68000,None,894,0,0,894,0,0,,,,,,,,,20,,721550,720.86,,,720660,720.86,,,,,,
NE-HVAC-AirEcono-Adjust-ExSP68F,DEER2024,D24_E+_Com_v1,6/15/2026 10:46,Any,Asm,Ex,CZ10,cDXHP,Each,1,68000,None,1080,0,0,1080,0,0,,,,,,,,,20,,741720,713.91,,,740640,713.91,,,,,,
NE-HVAC-AirEcono-Adjust-ExSP68F,DEER2024,D24_E+_Com_v1,6/15/2026 10:46,Any,Asm,Ex,CZ11,cDXHP,Each,1,68000,None,937,0,0,937,0,0,,,,,,,,,20,,800560,727.81,,,799620,727.81,,,,,,
NE-HVAC-AirEcono-Adjust-ExSP68F,DEER2024,D24_E+_Com_v1,6/15/2026 10:46,Any,Asm,Ex,CZ12,cDXHP,Each,1,68000,None,966,0,0,966,0,0,,,,,,,,,20,,724980,753.51,,,724020,753.51,,,,,,
NE-HVAC-AirEcono-Adjust-ExSP68F,DEER2024,D24_E+_Com_v1,6/15/2026 10:46,Any,Asm,Ex,CZ13,cDXHP,Each,1,68000,None,1080,0,0,1080,0,0,,,,,,,,,20,,803180,716.64,,,802090,716.64,,,,,,
NE-HVAC-AirEcono-Adjust-ExSP68F,DEER2024,D24_E+_Com_v1,6/15/2026 10:46,Any,Asm,Ex,CZ14,cDXHP,Each,1,68000,None,1190,0,0,1190,0,0,,,,,,,,,20,,811390,732.15,,,810210,732.15,,,,,,
NE-HVAC-AirEcono-Adjust-ExSP68F,DEER2024,D24_E+_Com_v1,6/15/2026 10:46,Any,Asm,Ex,CZ15,cDXHP,Each,1,68000,None,1090,0,0,1090,0,0,,,,,,,,,20,,939560,631.85,,,938470,631.85,,,,,,
NE-HVAC-AirEcono-Adjust-ExSP68F,DEER2024,D24_E+_Com_v1,6/15/2026 10:46,Any,Asm,Ex,CZ16,cDXHP,Each,1,68000,None,1770,0.305,0,1770,0.305,0,,,,,,,,,20,,756500,813.51,,,754730,813.51,,,,,,
NE-HVAC-AirEcono-Adjust-ExSP68F,DEER2024,D24_E+_Com_v1,6/15/2026 10:46,Any,Asm,Ex,CZ01,cDXOH,Each,1,68000,None,38.2,0.037,0,38.2,0.037,0,,,,,,,,,20,,513230,827.22,,,513190,827.22,,,,,,
NE-HVAC-AirEcono-Adjust-ExSP68F,DEER2024,D24_E+_Com_v1,6/15/2026 10:46,Any,Asm,Ex,CZ02,cDXOH,Each,1,68000,None,714,0.125,0,714,0.125,0,,,,,,,,,20,,609970,786.17,,,609250,786.17,,,,,,
NE-HVAC-AirEcono-Adjust-ExSP68F,DEER2024,D24_E+_Com_v1,6/15/2026 10:46,Any,Asm,Ex,CZ03,cDXOH,Each,1,68000,None,680,0.296,0,680,0.296,0,,,,,,,,,20,,562090,779.35,,,561410,779.35,,,,,,
NE-HVAC-AirEcono-Adjust-ExSP68F,DEER2024,D24_E+_Com_v1,6/15/2026 10:46,Any,Asm,Ex,CZ04,cDXOH,Each,1,68000,None,838,-0.001,0,838,-0.001,0,,,,,,,,,20,,684410,762.24,,,683570,762.24,,,,,,
NE-HVAC-AirEcono-Adjust-ExSP68F,DEER2024,D24_E+_Com_v1,6/15/2026 10:46,Any,Asm,Ex,CZ05,cDXOH,Each,1,68000,None,1000,0.253,0,1000,0.253,0,,,,,,,,,20,,573890,782.16,,,572890,782.16,,,,,,
NE-HVAC-AirEcono-Adjust-ExSP68F,DEER2024,D24_E+_Com_v1,6/15/2026 10:46,Any,Asm,Ex,CZ06,cDXOH,Each,1,68000,None,912,0.303,0,912,0.303,0,,,,,,,,,20,,626350,734.11,,,625430,734.11,,,,,,
NE-HVAC-AirEcono-Adjust-ExSP68F,DEER2024,D24_E+_Com_v1,6/15/2026 10:46,Any,Asm,Ex,CZ07,cDXOH,Each,1,68000,None,397,0,0,397,0,0,,,,,,,,,20,,629370,728.37,,,628970,728.37,,,,,,
NE-HVAC-AirEcono-Adjust-ExSP68F,DEER2024,D24_E+_Com_v1,6/15/2026 10:46,Any,Asm,Ex,CZ08,cDXOH,Each,1,68000,None,1090,0,0,1090,0,0,,,,,,,,,20,,691890,716.94,,,690810,716.94,,,,,,
NE-HVAC-AirEcono-Adjust-ExSP68F,DEER2024,D24_E+_Com_v1,6/15/2026 10:46,Any,Asm,Ex,CZ09,cDXOH,Each,1,68000,None,886,0,0,886,0,0,,,,,,,,,20,,703600,720.86,,,702710,720.86,,,,,,
NE-HVAC-AirEcono-Adjust-ExSP68F,DEER2024,D24_E+_Com_v1,6/15/2026 10:46,Any,Asm,Ex,CZ10,cDXOH,Each,1,68000,None,1080,0,0,1080,0,0,,,,,,,,,20,,722810,713.91,,,721730,713.91,,,,,,
NE-HVAC-AirEcono-Adjust-ExSP68F,DEER2024,D24_E+_Com_v1,6/15/2026 10:46,Any,Asm,Ex,CZ11,cDXOH,Each,1,68000,None,935,0,0,935,0,0,,,,,,,,,20,,746340,727.81,,,745400,727.81,,,,,,
NE-HVAC-AirEcono-Adjust-ExSP68F,DEER2024,D24_E+_Com_v1,6/15/2026 10:46,Any,Asm,Ex,CZ12,cDXOH,Each,1,68000,None,960,0,0,960,0,0,,,,,,,,,20,,673590,753.51,,,672630,753.51,,,,,,
NE-HVAC-AirEcono-Adjust-ExSP68F,DEER2024,D24_E+_Com_v1,6/15/2026 10:46,Any,Asm,Ex,CZ13,cDXOH,Each,1,68000,None,1080,0,0,1080,0,0,,,,,,,,,20,,757360,716.64,,,756270,716.64,,,,,,
NE-HVAC-AirEcono-Adjust-ExSP68F,DEER2024,D24_E+_Com_v1,6/15/2026 10:46,Any,Asm,Ex,CZ14,cDXOH,Each,1,68000,None,1180,0,0,1180,0,0,,,,,,,,,20,,762860,732.16,,,761670,732.16,,,,,,
NE-HVAC-AirEcono-Adjust-ExSP68F,DEER2024,D24_E+_Com_v1,6/15/2026 10:46,Any,Asm,Ex,CZ15,cDXOH,Each,1,68000,None,1090,0,0,1090,0,0,,,,,,,,,20,,929940,631.85,,,928850,631.85,,,,,,
NE-HVAC-AirEcono-Adjust-ExSP68F,DEER2024,D24_E+_Com_v1,6/15/2026 10:46,Any,Asm,Ex,CZ16,cDXOH,Each,1,68000,None,1750,0.3,0,1750,0.3,0,,,,,,,,,20,,646890,813.51,,,645140,813.51,,,,,,
NE-HVAC-AirEcono-Adjust-ExSP68F,DEER2024,D24_E+_Com_v1,6/15/2026 10:46,Any,Asm,Ex,CZ01,cPVVG,Each,1,68000,None,35.5,0.038,0,35.5,0.038,0,,,,,,,,,20,,410630,7525.5,,,410590,7525.5,,,,,,
NE-HVAC-AirEcono-Adjust-ExSP68F,DEER2024,D24_E+_Com_v1,6/15/2026 10:46,Any,Asm,Ex,CZ02,cPVVG,Each,1,68000,None,652,0.122,0,652,0.122,0,,,,,,,,,20,,495490,5856.8,,,494840,5856.8,,,,,,
NE-HVAC-AirEcono-Adjust-ExSP68F,DEER2024,D24_E+_Com_v1,6/15/2026 10:46,Any,Asm,Ex,CZ03,cPVVG,Each,1,68000,None,651,0.285,0,651,0.285,0,,,,,,,,,20,,460060,3652,,,459400,3652,,,,,,
NE-HVAC-AirEcono-Adjust-ExSP68F,DEER2024,D24_E+_Com_v1,6/15/2026 10:46,Any,Asm,Ex,CZ04,cPVVG,Each,1,68000,None,756,0,0,756,0,0,,,,,,,,,20,,554430,4839.3,,,553670,4839.3,,,,,,
NE-HVAC-AirEcono-Adjust-ExSP68F,DEER2024,D24_E+_Com_v1,6/15/2026 10:46,Any,Asm,Ex,CZ05,cPVVG,Each,1,68000,None,950,0.252,0.000683,950,0.252,0.000683,,,,,,,,,20,,466660,3490.3,,,465710,3490.3,,,,,,
NE-HVAC-AirEcono-Adjust-ExSP68F,DEER2024,D24_E+_Com_v1,6/15/2026 10:46,Any,Asm,Ex,CZ06,cPVVG,Each,1,68000,None,816,0.295,0.000342,816,0.295,0.000342,,,,,,,,,20,,520070,1358.3,,,519260,1358.3,,,,,,
NE-HVAC-AirEcono-Adjust-ExSP68F,DEER2024,D24_E+_Com_v1,6/15/2026 10:46,Any,Asm,Ex,CZ07,cPVVG,Each,1,68000,None,356,0,0,356,0,0,,,,,,,,,20,,521340,1270.8,,,520980,1270.8,,,,,,
NE-HVAC-AirEcono-Adjust-ExSP68F,DEER2024,D24_E+_Com_v1,6/15/2026 10:46,Any,Asm,Ex,CZ08,cPVVG,Each,1,68000,None,974,0,0,974,0,0,,,,,,,,,20,,576710,1624.9,,,575730,1624.9,,,,,,
NE-HVAC-AirEcono-Adjust-ExSP68F,DEER2024,D24_E+_Com_v1,6/15/2026 10:46,Any,Asm,Ex,CZ09,cPVVG,Each,1,68000,None,806,0,0,806,0,0,,,,,,,,,20,,574580,1979.5,,,573770,1979.5,,,,,,
NE-HVAC-AirEcono-Adjust-ExSP68F,DEER2024,D24_E+_Com_v1,6/15/2026 10:46,Any,Asm,Ex,CZ10,cPVVG,Each,1,68000,None,957,0,0,957,0,0,,,,,,,,,20,,597350,2058.2,,,596390,2058.2,,,,,,
NE-HVAC-AirEcono-Adjust-ExSP68F,DEER2024,D24_E+_Com_v1,6/15/2026 10:46,Any,Asm,Ex,CZ11,cPVVG,Each,1,68000,None,805,0,0,805,0,0,,,,,,,,,20,,617220,5204.9,,,616420,5204.9,,,,,,
NE-HVAC-AirEcono-Adjust-ExSP68F,DEER2024,D24_E+_Com_v1,6/15/2026 10:46,Any,Asm,Ex,CZ12,cPVVG,Each,1,68000,None,868,0,0,868,0,0,,,,,,,,,20,,553500,5199.4,,,552630,5199.4,,,,,,
NE-HVAC-AirEcono-Adjust-ExSP68F,DEER2024,D24_E+_Com_v1,6/15/2026 10:46,Any,Asm,Ex,CZ13,cPVVG,Each,1,68000,None,936,0,0,936,0,0,,,,,,,,,20,,629470,4442.5,,,628540,4442.5,,,,,,
NE-HVAC-AirEcono-Adjust-ExSP68F,DEER2024,D24_E+_Com_v1,6/15/2026 10:46,Any,Asm,Ex,CZ14,cPVVG,Each,1,68000,None,830,0,0,830,0,0,,,,,,,,,20,,625460,4798.4,,,624630,4798.4,,,,,,
NE-HVAC-AirEcono-Adjust-ExSP68F,DEER2024,D24_E+_Com_v1,6/15/2026 10:46,Any,Asm,Ex,CZ15,cPVVG,Each,1,68000,None,844,0,0,844,0,0,,,,,,,,,20,,808890,1303.3,,,808050,1303.3,,,,,,
NE-HVAC-AirEcono-Adjust-ExSP68F,DEER2024,D24_E+_Com_v1,6/15/2026 10:46,Any,Asm,Ex,CZ16,cPVVG,Each,1,68000,None,976,0.172,0,976,0.172,0,,,,,,,,,20,,481860,10236,,,480890,10236,,,,,,
NE-HVAC-AirEcono-Adjust-ExSP68F,DEER2024,D24_E+_Com_v1,6/15/2026 10:46,Any,ECC,Ex,CZ01,cDXGF,Each,1,284000,None,612,0.604,0.00137,612,0.604,0.00137,,,,,,,,,20,,1854400,25009,,,1853800,25009,,,,,,
NE-HVAC-AirEcono-Adjust-ExSP68F,DEER2024,D24_E+_Com_v1,6/15/2026 10:46,Any,ECC,Ex,CZ02,cDXGF,Each,1,284000,None,8720,2.29,-0.0379,8720,2.29,-0.0379,,,,,,,,,20,,2119600,21993,,,2110900,21993,,,,,,
NE-HVAC-AirEcono-Adjust-ExSP68F,DEER2024,D24_E+_Com_v1,6/15/2026 10:46,Any,ECC,Ex,CZ03,cDXGF,Each,1,284000,None,10300,6.33,-0.103,10300,6.33,-0.103,,,,,,,,,20,,2004700,19944,,,1994400,19944,,,,,,
NE-HVAC-AirEcono-Adjust-ExSP68F,DEER2024,D24_E+_Com_v1,6/15/2026 10:46,Any,ECC,Ex,CZ04,cDXGF,Each,1,284000,None,9300,0,0.00068,9300,0,0.00068,,,,,,,,,20,,2283300,20554,,,2274000,20554,,,,,,
NE-HVAC-AirEcono-Adjust-ExSP68F,DEER2024,D24_E+_Com_v1,6/15/2026 10:46,Any,ECC,Ex,CZ05,cDXGF,Each,1,284000,None,15600,4.15,0.0041,15600,4.15,0.0041,,,,,,,,,20,,2054100,20036,,,2038500,20036,,,,,,
NE-HVAC-AirEcono-Adjust-ExSP68F,DEER2024,D24_E+_Com_v1,6/15/2026 10:46,Any,ECC,Ex,CZ06,cDXGF,Each,1,284000,None,15400,4.59,-0.00034,15400,4.59,-0.00034,,,,,,,,,20,,2183300,17058,,,2167900,17058,,,,,,
NE-HVAC-AirEcono-Adjust-ExSP68F,DEER2024,D24_E+_Com_v1,6/15/2026 10:46,Any,ECC,Ex,CZ07,cDXGF,Each,1,284000,None,4960,0,0,4960,0,0,,,,,,,,,20,,2178600,16855,,,2173700,16855,,,,,,
NE-HVAC-AirEcono-Adjust-ExSP68F,DEER2024,D24_E+_Com_v1,6/15/2026 10:46,Any,ECC,Ex,CZ08,cDXGF,Each,1,284000,None,13600,0,0.00034,13600,0,0.00034,,,,,,,,,20,,2359600,16738,,,2346000,16738,,,,,,
NE-HVAC-AirEcono-Adjust-ExSP68F,DEER2024,D24_E+_Com_v1,6/15/2026 10:46,Any,ECC,Ex,CZ09,cDXGF,Each,1,284000,None,10800,0.001,-0.00069,10800,0.001,-0.00069,,,,,,,,,20,,2389500,17056,,,2378800,17056,,,,,,
NE-HVAC-AirEcono-Adjust-ExSP68F,DEER2024,D24_E+_Com_v1,6/15/2026 10:46,Any,ECC,Ex,CZ10,cDXGF,Each,1,284000,None,13800,0,-0.00171,13800,0,-0.00171,,,,,,,,,20,,2424700,17118,,,2410900,17118,,,,,,
NE-HVAC-AirEcono-Adjust-ExSP68F,DEER2024,D24_E+_Com_v1,6/15/2026 10:46,Any,ECC,Ex,CZ11,cDXGF,Each,1,284000,None,12100,0.026,0.0188,12100,0.026,0.0188,,,,,,,,,20,,2462300,19716,,,2450200,19716,,,,,,
NE-HVAC-AirEcono-Adjust-ExSP68F,DEER2024,D24_E+_Com_v1,6/15/2026 10:46,Any,ECC,Ex,CZ12,cDXGF,Each,1,284000,None,12400,0,0.0645,12400,0,0.0645,,,,,,,,,20,,2271000,20357,,,2258600,20357,,,,,,
NE-HVAC-AirEcono-Adjust-ExSP68F,DEER2024,D24_E+_Com_v1,6/15/2026 10:46,Any,ECC,Ex,CZ13,cDXGF,Each,1,284000,None,13600,0,-0.0106,13600,0,-0.0106,,,,,,,,,20,,2487000,18409,,,2473400,18409,,,,,,
NE-HVAC-AirEcono-Adjust-ExSP68F,DEER2024,D24_E+_Com_v1,6/15/2026 10:46,Any,ECC,Ex,CZ14,cDXGF,Each,1,284000,None,10700,-0.001,-0.00171,10700,-0.001,-0.00171,,,,,,,,,20,,2482400,19030,,,2471600,19030,,,,,,
NE-HVAC-AirEcono-Adjust-ExSP68F,DEER2024,D24_E+_Com_v1,6/15/2026 10:46,Any,ECC,Ex,CZ15,cDXGF,Each,1,284000,None,12700,0,-0.00034,12700,0,-0.00034,,,,,,,,,20,,2923000,13977,,,2910300,13977,,,,,,
NE-HVAC-AirEcono-Adjust-ExSP68F,DEER2024,D24_E+_Com_v1,6/15/2026 10:46,Any,ECC,Ex,CZ16,cDXGF,Each,1,284000,None,13300,3.51,-0.0058,13300,3.51,-0.0058,,,,,,,,,20,,2228800,25301,,,2215500,25301,,,,,,
NE-HVAC-AirEcono-Adjust-ExSP68F,DEER2024,D24_E+_Com_v1,6/15/2026 10:46,Any,ECC,Ex,CZ01,cDXHP,Each,1,284000,None,548,0.619,0,548,0.619,0,,,,,,,,,20,,1897900,19168,,,1897300,19168,,,,,,
NE-HVAC-AirEcono-Adjust-ExSP68F,DEER2024,D24_E+_Com_v1,6/15/2026 10:46,Any,ECC,Ex,CZ02,cDXHP,Each,1,284000,None,8480,2.3,0.0437,8480,2.3,0.0437,,,,,,,,,20,,2150900,18057,,,2142400,18057,,,,,,
NE-HVAC-AirEcono-Adjust-ExSP68F,DEER2024,D24_E+_Com_v1,6/15/2026 10:46,Any,ECC,Ex,CZ03,cDXHP,Each,1,284000,None,9690,6.43,0,9690,6.43,0,,,,,,,,,20,,2018900,17861,,,2009300,17861,,,,,,
NE-HVAC-AirEcono-Adjust-ExSP68F,DEER2024,D24_E+_Com_v1,6/15/2026 10:46,Any,ECC,Ex,CZ04,cDXHP,Each,1,284000,None,9290,-0.001,0,9290,-0.001,0,,,,,,,,,20,,2312300,17375,,,2303100,17375,,,,,,
NE-HVAC-AirEcono-Adjust-ExSP68F,DEER2024,D24_E+_Com_v1,6/15/2026 10:46,Any,ECC,Ex,CZ05,cDXHP,Each,1,284000,None,14100,4.25,0,14100,4.25,0,,,,,,,,,20,,2068500,17941,,,2054400,17941,,,,,,
NE-HVAC-AirEcono-Adjust-ExSP68F,DEER2024,D24_E+_Com_v1,6/15/2026 10:46,Any,ECC,Ex,CZ06,cDXHP,Each,1,284000,None,15400,4.64,-0.00034,15400,4.64,-0.00034,,,,,,,,,20,,2178900,16626,,,2163500,16626,,,,,,
NE-HVAC-AirEcono-Adjust-ExSP68F,DEER2024,D24_E+_Com_v1,6/15/2026 10:46,Any,ECC,Ex,CZ07,cDXHP,Each,1,284000,None,4820,0,0,4820,0,0,,,,,,,,,20,,2175200,16462,,,2170400,16462,,,,,,
NE-HVAC-AirEcono-Adjust-ExSP68F,DEER2024,D24_E+_Com_v1,6/15/2026 10:46,Any,ECC,Ex,CZ08,cDXHP,Each,1,284000,None,13500,0,0,13500,0,0,,,,,,,,,20,,2361500,16140,,,2347900,16140,,,,,,
NE-HVAC-AirEcono-Adjust-ExSP68F,DEER2024,D24_E+_Com_v1,6/15/2026 10:46,Any,ECC,Ex,CZ09,cDXHP,Each,1,284000,None,10800,0,0.00069,10800,0,0.00069,,,,,,,,,20,,2394700,16246,,,2383900,16246,,,,,,
NE-HVAC-AirEcono-Adjust-ExSP68F,DEER2024,D24_E+_Com_v1,6/15/2026 10:46,Any,ECC,Ex,CZ10,cDXHP,Each,1,284000,None,13900,0,-0.00034,13900,0,-0.00034,,,,,,,,,20,,2432600,16044,,,2418700,16044,,,,,,
NE-HVAC-AirEcono-Adjust-ExSP68F,DEER2024,D24_E+_Com_v1,6/15/2026 10:46,Any,ECC,Ex,CZ11,cDXHP,Each,1,284000,None,12100,0.034,-0.0126,12100,0.034,-0.0126,,,,,,,,,20,,2490400,16413,,,2478200,16413,,,,,,
NE-HVAC-AirEcono-Adjust-ExSP68F,DEER2024,D24_E+_Com_v1,6/15/2026 10:46,Any,ECC,Ex,CZ12,cDXHP,Each,1,284000,None,12200,0,0,12200,0,0,,,,,,,,,20,,2296400,17140,,,2284300,17140,,,,,,
NE-HVAC-AirEcono-Adjust-ExSP68F,DEER2024,D24_E+_Com_v1,6/15/2026 10:46,Any,ECC,Ex,CZ13,cDXHP,Each,1,284000,None,13400,0,0.0099,13400,0,0.0099,,,,,,,,,20,,2508900,16089,,,2495500,16089,,,,,,
NE-HVAC-AirEcono-Adjust-ExSP68F,DEER2024,D24_E+_Com_v1,6/15/2026 10:46,Any,ECC,Ex,CZ14,cDXHP,Each,1,284000,None,10800,-0.001,0,10800,-0.001,0,,,,,,,,,20,,2511700,16492,,,2500900,16492,,,,,,
NE-HVAC-AirEcono-Adjust-ExSP68F,DEER2024,D24_E+_Com_v1,6/15/2026 10:46,Any,ECC,Ex,CZ15,cDXHP,Each,1,284000,None,12700,0,0,12700,0,0,,,,,,,,,20,,2931300,13740,,,2918600,13740,,,,,,
NE-HVAC-AirEcono-Adjust-ExSP68F,DEER2024,D24_E+_Com_v1,6/15/2026 10:46,Any,ECC,Ex,CZ16,cDXHP,Each,1,284000,None,13300,3.56,0.00035,13300,3.56,0.00035,,,,,,,,,20,,2301000,18791,,,2287700,18791,,,,,,
NE-HVAC-AirEcono-Adjust-ExSP68F,DEER2024,D24_E+_Com_v1,6/15/2026 10:46,Any,ECC,Ex,CZ01,cDXOH,Each,1,284000,None,604,0.605,0.0133,604,0.605,0.0133,,,,,,,,,20,,1853900,19172,,,1853300,19172,,,,,,
NE-HVAC-AirEcono-Adjust-ExSP68F,DEER2024,D24_E+_Com_v1,6/15/2026 10:46,Any,ECC,Ex,CZ02,cDXOH,Each,1,284000,None,8690,2.29,0.333,8690,2.29,0.333,,,,,,,,,20,,2118700,18059,,,2110000,18058,,,,,,
NE-HVAC-AirEcono-Adjust-ExSP68F,DEER2024,D24_E+_Com_v1,6/15/2026 10:46,Any,ECC,Ex,CZ03,cDXOH,Each,1,284000,None,10300,6.35,-0.176,10300,6.35,-0.176,,,,,,,,,20,,2004200,17859,,,1993800,17860,,,,,,
NE-HVAC-AirEcono-Adjust-ExSP68F,DEER2024,D24_E+_Com_v1,6/15/2026 10:46,Any,ECC,Ex,CZ04,cDXOH,Each,1,284000,None,9260,0,-0.0348,9260,0,-0.0348,,,,,,,,,20,,2281800,17375,,,2272500,17375,,,,,,
NE-HVAC-AirEcono-Adjust-ExSP68F,DEER2024,D24_E+_Com_v1,6/15/2026 10:46,Any,ECC,Ex,CZ05,cDXOH,Each,1,284000,None,15600,4.19,0.0604,15600,4.19,0.0604,,,,,,,,,20,,2052600,17941,,,2037000,17941,,,,,,
NE-HVAC-AirEcono-Adjust-ExSP68F,DEER2024,D24_E+_Com_v1,6/15/2026 10:46,Any,ECC,Ex,CZ06,cDXOH,Each,1,284000,None,15400,4.59,0.00615,15400,4.59,0.00615,,,,,,,,,20,,2183000,16626,,,2167700,16626,,,,,,
NE-HVAC-AirEcono-Adjust-ExSP68F,DEER2024,D24_E+_Com_v1,6/15/2026 10:46,Any,ECC,Ex,CZ07,cDXOH,Each,1,284000,None,4960,0,0.285,4960,0,0.285,,,,,,,,,20,,2178400,16461,,,2173400,16461,,,,,,
NE-HVAC-AirEcono-Adjust-ExSP68F,DEER2024,D24_E+_Com_v1,6/15/2026 10:46,Any,ECC,Ex,CZ08,cDXOH,Each,1,284000,None,13600,0,-0.256,13600,0,-0.256,,,,,,,,,20,,2359000,16139,,,2345400,16140,,,,,,
NE-HVAC-AirEcono-Adjust-ExSP68F,DEER2024,D24_E+_Com_v1,6/15/2026 10:46,Any,ECC,Ex,CZ09,cDXOH,Each,1,284000,None,10700,0,-0.224,10700,0,-0.224,,,,,,,,,20,,2388900,16245,,,2378200,16245,,,,,,
NE-HVAC-AirEcono-Adjust-ExSP68F,DEER2024,D24_E+_Com_v1,6/15/2026 10:46,Any,ECC,Ex,CZ10,cDXOH,Each,1,284000,None,13800,0,-0.652,13800,0,-0.652,,,,,,,,,20,,2423800,16043,,,2410000,16044,,,,,,
NE-HVAC-AirEcono-Adjust-ExSP68F,DEER2024,D24_E+_Com_v1,6/15/2026 10:46,Any,ECC,Ex,CZ11,cDXOH,Each,1,284000,None,12100,0.027,0.549,12100,0.027,0.549,,,,,,,,,20,,2463200,16415,,,2451000,16414,,,,,,
NE-HVAC-AirEcono-Adjust-ExSP68F,DEER2024,D24_E+_Com_v1,6/15/2026 10:46,Any,ECC,Ex,CZ12,cDXOH,Each,1,284000,None,12400,0,-0.336,12400,0,-0.336,,,,,,,,,20,,2271000,17140,,,2258600,17141,,,,,,
NE-HVAC-AirEcono-Adjust-ExSP68F,DEER2024,D24_E+_Com_v1,6/15/2026 10:46,Any,ECC,Ex,CZ13,cDXOH,Each,1,284000,None,13600,0,0.071,13600,0,0.071,,,,,,,,,20,,2486900,16088,,,2473300,16088,,,,,,
NE-HVAC-AirEcono-Adjust-ExSP68F,DEER2024,D24_E+_Com_v1,6/15/2026 10:46,Any,ECC,Ex,CZ14,cDXOH,Each,1,284000,None,10700,-0.001,-0.813,10700,-0.001,-0.813,,,,,,,,,20,,2481200,16493,,,2470500,16494,,,,,,
NE-HVAC-AirEcono-Adjust-ExSP68F,DEER2024,D24_E+_Com_v1,6/15/2026 10:46,Any,ECC,Ex,CZ15,cDXOH,Each,1,284000,None,12700,0,0,12700,0,0,,,,,,,,,20,,2922700,13740,,,2910000,13740,,,,,,
NE-HVAC-AirEcono-Adjust-ExSP68F,DEER2024,D24_E+_Com_v1,6/15/2026 10:46,Any,ECC,Ex,CZ16,cDXOH,Each,1,284000,None,13300,3.51,0.351,13300,3.51,0.351,,,,,,,,,20,,2236700,18812,,,2223400,18812,,,,,,
NE-HVAC-AirEcono-Adjust-ExSP68F,DEER2024,D24_E+_Com_v1,6/15/2026 10:46,Any,ECC,Ex,CZ01,cPVVG,Each,1,284000,None,470,0.412,0.00205,470,0.412,0.00205,,,,,,,,,20,,1581600,28129,,,1581100,28129,,,,,,
NE-HVAC-AirEcono-Adjust-ExSP68F,DEER2024,D24_E+_Com_v1,6/15/2026 10:46,Any,ECC,Ex,CZ02,cPVVG,Each,1,284000,None,6390,1.56,0.0201,6390,1.56,0.0201,,,,,,,,,20,,1813200,24666,,,1806800,24666,,,,,,
NE-HVAC-AirEcono-Adjust-ExSP68F,DEER2024,D24_E+_Com_v1,6/15/2026 10:46,Any,ECC,Ex,CZ03,cPVVG,Each,1,284000,None,7760,4.36,0.00239,7760,4.36,0.00239,,,,,,,,,20,,1711000,21644,,,1703300,21644,,,,,,
NE-HVAC-AirEcono-Adjust-ExSP68F,DEER2024,D24_E+_Com_v1,6/15/2026 10:46,Any,ECC,Ex,CZ04,cPVVG,Each,1,284000,None,6750,-0.001,0.00922,6750,-0.001,0.00922,,,,,,,,,20,,1972100,22751,,,1965300,22751,,,,,,
NE-HVAC-AirEcono-Adjust-ExSP68F,DEER2024,D24_E+_Com_v1,6/15/2026 10:46,Any,ECC,Ex,CZ05,cPVVG,Each,1,284000,None,12200,2.95,0.0147,12200,2.95,0.0147,,,,,,,,,20,,1754200,21770,,,1742000,21770,,,,,,
NE-HVAC-AirEcono-Adjust-ExSP68F,DEER2024,D24_E+_Com_v1,6/15/2026 10:46,Any,ECC,Ex,CZ06,cPVVG,Each,1,284000,None,11800,3.13,0,11800,3.13,0,,,,,,,,,20,,1909200,17554,,,1897400,17554,,,,,,
NE-HVAC-AirEcono-Adjust-ExSP68F,DEER2024,D24_E+_Com_v1,6/15/2026 10:46,Any,ECC,Ex,CZ07,cPVVG,Each,1,284000,None,3610,0,0.00034,3610,0,0.00034,,,,,,,,,20,,1899000,17338,,,1895400,17338,,,,,,
NE-HVAC-AirEcono-Adjust-ExSP68F,DEER2024,D24_E+_Com_v1,6/15/2026 10:46,Any,ECC,Ex,CZ08,cPVVG,Each,1,284000,None,9950,0,0.00068,9950,0,0.00068,,,,,,,,,20,,2061700,17321,,,2051800,17321,,,,,,
NE-HVAC-AirEcono-Adjust-ExSP68F,DEER2024,D24_E+_Com_v1,6/15/2026 10:46,Any,ECC,Ex,CZ09,cPVVG,Each,1,284000,None,8010,0,-0.00069,8010,0,-0.00069,,,,,,,,,20,,2072600,17826,,,2064600,17826,,,,,,
NE-HVAC-AirEcono-Adjust-ExSP68F,DEER2024,D24_E+_Com_v1,6/15/2026 10:46,Any,ECC,Ex,CZ10,cPVVG,Each,1,284000,None,10300,0,-0.00137,10300,0,-0.00137,,,,,,,,,20,,2111600,18050,,,2101400,18050,,,,,,
NE-HVAC-AirEcono-Adjust-ExSP68F,DEER2024,D24_E+_Com_v1,6/15/2026 10:46,Any,ECC,Ex,CZ11,cPVVG,Each,1,284000,None,8860,0.02,0.0113,8860,0.02,0.0113,,,,,,,,,20,,2125300,22214,,,2116400,22214,,,,,,
NE-HVAC-AirEcono-Adjust-ExSP68F,DEER2024,D24_E+_Com_v1,6/15/2026 10:46,Any,ECC,Ex,CZ12,cPVVG,Each,1,284000,None,9370,0,0.0041,9370,0,0.0041,,,,,,,,,20,,1962000,22745,,,1952600,22745,,,,,,
NE-HVAC-AirEcono-Adjust-ExSP68F,DEER2024,D24_E+_Com_v1,6/15/2026 10:46,Any,ECC,Ex,CZ13,cPVVG,Each,1,284000,None,10200,0,-0.00307,10200,0,-0.00307,,,,,,,,,20,,2164300,20419,,,2154100,20419,,,,,,
NE-HVAC-AirEcono-Adjust-ExSP68F,DEER2024,D24_E+_Com_v1,6/15/2026 10:46,Any,ECC,Ex,CZ14,cPVVG,Each,1,284000,None,8140,0,0.00068,8140,0,0.00068,,,,,,,,,20,,2162600,20881,,,2154500,20881,,,,,,
NE-HVAC-AirEcono-Adjust-ExSP68F,DEER2024,D24_E+_Com_v1,6/15/2026 10:46,Any,ECC,Ex,CZ15,cPVVG,Each,1,284000,None,9280,0,0.00034,9280,0,0.00034,,,,,,,,,20,,2591400,14275,,,2582100,14275,,,,,,
NE-HVAC-AirEcono-Adjust-ExSP68F,DEER2024,D24_E+_Com_v1,6/15/2026 10:46,Any,ECC,Ex,CZ16,cPVVG,Each,1,284000,None,11000,2.92,-0.0212,11000,2.92,-0.0212,,,,,,,,,20,,1859800,29500,,,1848800,29500,,,,,,
NE-HVAC-AirEcono-Adjust-ExSP68F,DEER2024,D24_E+_Com_v1,6/15/2026 10:46,Any,EPr,Ex,CZ01,cDXGF,Each,1,40700,None,44.1,0.048,0,44.1,0.048,0,,,,,,,,,20,,232070,6828.8,,,232020,6828.8,,,,,,
NE-HVAC-AirEcono-Adjust-ExSP68F,DEER2024,D24_E+_Com_v1,6/15/2026 10:46,Any,EPr,Ex,CZ02,cDXGF,Each,1,40700,None,727,0.21,0.00102,727,0.21,0.00102,,,,,,,,,20,,271130,5731.6,,,270400,5731.6,,,,,,
NE-HVAC-AirEcono-Adjust-ExSP68F,DEER2024,D24_E+_Com_v1,6/15/2026 10:46,Any,EPr,Ex,CZ03,cDXGF,Each,1,40700,None,827,0.515,0.000341,827,0.515,0.000341,,,,,,,,,20,,252220,5178.7,,,251390,5178.7,,,,,,
NE-HVAC-AirEcono-Adjust-ExSP68F,DEER2024,D24_E+_Com_v1,6/15/2026 10:46,Any,EPr,Ex,CZ04,cDXGF,Each,1,40700,None,869,0,-0.000342,869,0,-0.000342,,,,,,,,,20,,297600,5325,,,296730,5325,,,,,,
NE-HVAC-AirEcono-Adjust-ExSP68F,DEER2024,D24_E+_Com_v1,6/15/2026 10:46,Any,EPr,Ex,CZ05,cDXGF,Each,1,40700,None,1220,0.348,0.00273,1220,0.348,0.00273,,,,,,,,,20,,256730,5181.2,,,255510,5181.2,,,,,,
NE-HVAC-AirEcono-Adjust-ExSP68F,DEER2024,D24_E+_Com_v1,6/15/2026 10:46,Any,EPr,Ex,CZ06,cDXGF,Each,1,40700,None,1390,0.422,0,1390,0.422,0,,,,,,,,,20,,280580,4364.6,,,279190,4364.6,,,,,,
NE-HVAC-AirEcono-Adjust-ExSP68F,DEER2024,D24_E+_Com_v1,6/15/2026 10:46,Any,EPr,Ex,CZ07,cDXGF,Each,1,40700,None,453,0,0,453,0,0,,,,,,,,,20,,280670,4322.7,,,280220,4322.7,,,,,,
NE-HVAC-AirEcono-Adjust-ExSP68F,DEER2024,D24_E+_Com_v1,6/15/2026 10:46,Any,EPr,Ex,CZ08,cDXGF,Each,1,40700,None,1290,0,0,1290,0,0,,,,,,,,,20,,308250,4342.6,,,306950,4342.6,,,,,,
NE-HVAC-AirEcono-Adjust-ExSP68F,DEER2024,D24_E+_Com_v1,6/15/2026 10:46,Any,EPr,Ex,CZ09,cDXGF,Each,1,40700,None,1030,0,0.000341,1030,0,0.000341,,,,,,,,,20,,311140,4417.3,,,310110,4417.3,,,,,,
NE-HVAC-AirEcono-Adjust-ExSP68F,DEER2024,D24_E+_Com_v1,6/15/2026 10:46,Any,EPr,Ex,CZ10,cDXGF,Each,1,40700,None,1220,0,0,1220,0,0,,,,,,,,,20,,312430,4413.9,,,311210,4413.9,,,,,,
NE-HVAC-AirEcono-Adjust-ExSP68F,DEER2024,D24_E+_Com_v1,6/15/2026 10:46,Any,EPr,Ex,CZ11,cDXGF,Each,1,40700,None,1280,0,-0.00205,1280,0,-0.00205,,,,,,,,,20,,326890,5221.9,,,325610,5221.9,,,,,,
NE-HVAC-AirEcono-Adjust-ExSP68F,DEER2024,D24_E+_Com_v1,6/15/2026 10:46,Any,EPr,Ex,CZ12,cDXGF,Each,1,40700,None,1160,0,0.000341,1160,0,0.000341,,,,,,,,,20,,298040,5356.5,,,296880,5356.5,,,,,,
NE-HVAC-AirEcono-Adjust-ExSP68F,DEER2024,D24_E+_Com_v1,6/15/2026 10:46,Any,EPr,Ex,CZ13,cDXGF,Each,1,40700,None,1420,0,0.000341,1420,0,0.000341,,,,,,,,,20,,332300,4905,,,330880,4905,,,,,,
NE-HVAC-AirEcono-Adjust-ExSP68F,DEER2024,D24_E+_Com_v1,6/15/2026 10:46,Any,EPr,Ex,CZ14,cDXGF,Each,1,40700,None,1160,0,0.000682,1160,0,0.000682,,,,,,,,,20,,329200,5058.3,,,328040,5058.3,,,,,,
NE-HVAC-AirEcono-Adjust-ExSP68F,DEER2024,D24_E+_Com_v1,6/15/2026 10:46,Any,EPr,Ex,CZ15,cDXGF,Each,1,40700,None,1240,0,0,1240,0,0,,,,,,,,,20,,397660,3776.9,,,396420,3776.9,,,,,,
NE-HVAC-AirEcono-Adjust-ExSP68F,DEER2024,D24_E+_Com_v1,6/15/2026 10:46,Any,EPr,Ex,CZ16,cDXGF,Each,1,40700,None,1470,0.466,0,1470,0.466,0,,,,,,,,,20,,286260,6684.7,,,284800,6684.7,,,,,,
NE-HVAC-AirEcono-Adjust-ExSP68F,DEER2024,D24_E+_Com_v1,6/15/2026 10:46,Any,EPr,Ex,CZ01,cDXHP,Each,1,40700,None,36.3,0.049,0,36.3,0.049,0,,,,,,,,,20,,247840,4652,,,247800,4652,,,,,,
NE-HVAC-AirEcono-Adjust-ExSP68F,DEER2024,D24_E+_Com_v1,6/15/2026 10:46,Any,EPr,Ex,CZ02,cDXHP,Each,1,40700,None,694,0.205,0,694,0.205,0,,,,,,,,,20,,281050,4447.4,,,280350,4447.4,,,,,,
NE-HVAC-AirEcono-Adjust-ExSP68F,DEER2024,D24_E+_Com_v1,6/15/2026 10:46,Any,EPr,Ex,CZ03,cDXHP,Each,1,40700,None,728,0.523,0,728,0.523,0,,,,,,,,,20,,257410,4416.4,,,256680,4416.4,,,,,,
NE-HVAC-AirEcono-Adjust-ExSP68F,DEER2024,D24_E+_Com_v1,6/15/2026 10:46,Any,EPr,Ex,CZ04,cDXHP,Each,1,40700,None,861,0,0,861,0,0,,,,,,,,,20,,306160,4325.1,,,305300,4325.1,,,,,,
NE-HVAC-AirEcono-Adjust-ExSP68F,DEER2024,D24_E+_Com_v1,6/15/2026 10:46,Any,EPr,Ex,CZ05,cDXHP,Each,1,40700,None,985,0.356,0,985,0.356,0,,,,,,,,,20,,261930,4431.7,,,260940,4431.7,,,,,,
NE-HVAC-AirEcono-Adjust-ExSP68F,DEER2024,D24_E+_Com_v1,6/15/2026 10:46,Any,EPr,Ex,CZ06,cDXHP,Each,1,40700,None,1410,0.429,0,1410,0.429,0,,,,,,,,,20,,280010,4194.4,,,278600,4194.4,,,,,,
NE-HVAC-AirEcono-Adjust-ExSP68F,DEER2024,D24_E+_Com_v1,6/15/2026 10:46,Any,EPr,Ex,CZ07,cDXHP,Each,1,40700,None,438,0,0,438,0,0,,,,,,,,,20,,280380,4164.7,,,279940,4164.7,,,,,,
NE-HVAC-AirEcono-Adjust-ExSP68F,DEER2024,D24_E+_Com_v1,6/15/2026 10:46,Any,EPr,Ex,CZ08,cDXHP,Each,1,40700,None,1280,0,0,1280,0,0,,,,,,,,,20,,309460,4106.4,,,308170,4106.4,,,,,,
NE-HVAC-AirEcono-Adjust-ExSP68F,DEER2024,D24_E+_Com_v1,6/15/2026 10:46,Any,EPr,Ex,CZ09,cDXHP,Each,1,40700,None,1030,0,0,1030,0,0,,,,,,,,,20,,313080,4125.4,,,312060,4125.4,,,,,,
NE-HVAC-AirEcono-Adjust-ExSP68F,DEER2024,D24_E+_Com_v1,6/15/2026 10:46,Any,EPr,Ex,CZ10,cDXHP,Each,1,40700,None,1220,0,0,1220,0,0,,,,,,,,,20,,314790,4088.8,,,313570,4088.8,,,,,,
NE-HVAC-AirEcono-Adjust-ExSP68F,DEER2024,D24_E+_Com_v1,6/15/2026 10:46,Any,EPr,Ex,CZ11,cDXHP,Each,1,40700,None,1280,-0.001,0,1280,-0.001,0,,,,,,,,,20,,335420,4149.2,,,334140,4149.2,,,,,,
NE-HVAC-AirEcono-Adjust-ExSP68F,DEER2024,D24_E+_Com_v1,6/15/2026 10:46,Any,EPr,Ex,CZ12,cDXHP,Each,1,40700,None,1130,0,0,1130,0,0,,,,,,,,,20,,306270,4281.1,,,305140,4281.1,,,,,,
NE-HVAC-AirEcono-Adjust-ExSP68F,DEER2024,D24_E+_Com_v1,6/15/2026 10:46,Any,EPr,Ex,CZ13,cDXHP,Each,1,40700,None,1420,0,0,1420,0,0,,,,,,,,,20,,338690,4092.3,,,337270,4092.3,,,,,,
NE-HVAC-AirEcono-Adjust-ExSP68F,DEER2024,D24_E+_Com_v1,6/15/2026 10:46,Any,EPr,Ex,CZ14,cDXHP,Each,1,40700,None,1170,0,0,1170,0,0,,,,,,,,,20,,337400,4167.6,,,336240,4167.6,,,,,,
NE-HVAC-AirEcono-Adjust-ExSP68F,DEER2024,D24_E+_Com_v1,6/15/2026 10:46,Any,EPr,Ex,CZ15,cDXHP,Each,1,40700,None,1240,0,0,1240,0,0,,,,,,,,,20,,398440,3671.6,,,397200,3671.6,,,,,,
NE-HVAC-AirEcono-Adjust-ExSP68F,DEER2024,D24_E+_Com_v1,6/15/2026 10:46,Any,EPr,Ex,CZ16,cDXHP,Each,1,40700,None,1480,0.476,0,1480,0.476,0,,,,,,,,,20,,308330,4576.6,,,306850,4576.6,,,,,,
NE-HVAC-AirEcono-Adjust-ExSP68F,DEER2024,D24_E+_Com_v1,6/15/2026 10:46,Any,EPr,Ex,CZ01,cDXOH,Each,1,40700,None,43.2,0.047,0,43.2,0.047,0,,,,,,,,,20,,232790,4652,,,232750,4652,,,,,,
NE-HVAC-AirEcono-Adjust-ExSP68F,DEER2024,D24_E+_Com_v1,6/15/2026 10:46,Any,EPr,Ex,CZ02,cDXOH,Each,1,40700,None,724,0.21,0,724,0.21,0,,,,,,,,,20,,270940,4447.5,,,270220,4447.5,,,,,,
NE-HVAC-AirEcono-Adjust-ExSP68F,DEER2024,D24_E+_Com_v1,6/15/2026 10:46,Any,EPr,Ex,CZ03,cDXOH,Each,1,40700,None,826,0.515,0,826,0.515,0,,,,,,,,,20,,252060,4416.4,,,251240,4416.4,,,,,,
NE-HVAC-AirEcono-Adjust-ExSP68F,DEER2024,D24_E+_Com_v1,6/15/2026 10:46,Any,EPr,Ex,CZ04,cDXOH,Each,1,40700,None,863,0,0,863,0,0,,,,,,,,,20,,297180,4325.1,,,296320,4325.1,,,,,,
NE-HVAC-AirEcono-Adjust-ExSP68F,DEER2024,D24_E+_Com_v1,6/15/2026 10:46,Any,EPr,Ex,CZ05,cDXOH,Each,1,40700,None,1210,0.348,0,1210,0.348,0,,,,,,,,,20,,256220,4431.7,,,255010,4431.7,,,,,,
NE-HVAC-AirEcono-Adjust-ExSP68F,DEER2024,D24_E+_Com_v1,6/15/2026 10:46,Any,EPr,Ex,CZ06,cDXOH,Each,1,40700,None,1380,0.422,0,1380,0.422,0,,,,,,,,,20,,280440,4194.4,,,279060,4194.4,,,,,,
NE-HVAC-AirEcono-Adjust-ExSP68F,DEER2024,D24_E+_Com_v1,6/15/2026 10:46,Any,EPr,Ex,CZ07,cDXOH,Each,1,40700,None,452,0,0,452,0,0,,,,,,,,,20,,280550,4164.7,,,280100,4164.7,,,,,,
NE-HVAC-AirEcono-Adjust-ExSP68F,DEER2024,D24_E+_Com_v1,6/15/2026 10:46,Any,EPr,Ex,CZ08,cDXOH,Each,1,40700,None,1290,0,0,1290,0,0,,,,,,,,,20,,307990,4106.4,,,306700,4106.4,,,,,,
NE-HVAC-AirEcono-Adjust-ExSP68F,DEER2024,D24_E+_Com_v1,6/15/2026 10:46,Any,EPr,Ex,CZ09,cDXOH,Each,1,40700,None,1030,0,0,1030,0,0,,,,,,,,,20,,310850,4125.4,,,309820,4125.4,,,,,,
NE-HVAC-AirEcono-Adjust-ExSP68F,DEER2024,D24_E+_Com_v1,6/15/2026 10:46,Any,EPr,Ex,CZ10,cDXOH,Each,1,40700,None,1220,0,0,1220,0,0,,,,,,,,,20,,312120,4088.8,,,310900,4088.8,,,,,,
NE-HVAC-AirEcono-Adjust-ExSP68F,DEER2024,D24_E+_Com_v1,6/15/2026 10:46,Any,EPr,Ex,CZ11,cDXOH,Each,1,40700,None,1280,0,0,1280,0,0,,,,,,,,,20,,327130,4149.2,,,325850,4149.2,,,,,,
NE-HVAC-AirEcono-Adjust-ExSP68F,DEER2024,D24_E+_Com_v1,6/15/2026 10:46,Any,EPr,Ex,CZ12,cDXOH,Each,1,40700,None,1160,0,0,1160,0,0,,,,,,,,,20,,298170,4281.1,,,297010,4281.1,,,,,,
NE-HVAC-AirEcono-Adjust-ExSP68F,DEER2024,D24_E+_Com_v1,6/15/2026 10:46,Any,EPr,Ex,CZ13,cDXOH,Each,1,40700,None,1420,0,0,1420,0,0,,,,,,,,,20,,332440,4092.3,,,331020,4092.3,,,,,,
NE-HVAC-AirEcono-Adjust-ExSP68F,DEER2024,D24_E+_Com_v1,6/15/2026 10:46,Any,EPr,Ex,CZ14,cDXOH,Each,1,40700,None,1150,0,0,1150,0,0,,,,,,,,,20,,329060,4167.6,,,327910,4167.6,,,,,,
NE-HVAC-AirEcono-Adjust-ExSP68F,DEER2024,D24_E+_Com_v1,6/15/2026 10:46,Any,EPr,Ex,CZ15,cDXOH,Each,1,40700,None,1240,0,0,1240,0,0,,,,,,,,,20,,397530,3671.6,,,396300,3671.6,,,,,,
NE-HVAC-AirEcono-Adjust-ExSP68F,DEER2024,D24_E+_Com_v1,6/15/2026 10:46,Any,EPr,Ex,CZ16,cDXOH,Each,1,40700,None,1460,0.466,0,1460,0.466,0,,,,,,,,,20,,289550,4576.7,,,288090,4576.7,,,,,,
NE-HVAC-AirEcono-Adjust-ExSP68F,DEER2024,D24_E+_Com_v1,6/15/2026 10:46,Any,EPr,Ex,CZ01,cPVVG,Each,1,40700,None,18.4,0.015,0.000342,18.4,0.015,0.000342,,,,,,,,,20,,192840,7125.9,,,192820,7125.9,,,,,,
NE-HVAC-AirEcono-Adjust-ExSP68F,DEER2024,D24_E+_Com_v1,6/15/2026 10:46,Any,EPr,Ex,CZ02,cPVVG,Each,1,40700,None,324,0.083,0.00171,324,0.083,0.00171,,,,,,,,,20,,228300,6177.9,,,227970,6177.9,,,,,,
NE-HVAC-AirEcono-Adjust-ExSP68F,DEER2024,D24_E+_Com_v1,6/15/2026 10:46,Any,EPr,Ex,CZ03,cPVVG,Each,1,40700,None,398,0.194,0.000682,398,0.194,0.000682,,,,,,,,,20,,212870,5388.1,,,212470,5388.1,,,,,,
NE-HVAC-AirEcono-Adjust-ExSP68F,DEER2024,D24_E+_Com_v1,6/15/2026 10:46,Any,EPr,Ex,CZ04,cPVVG,Each,1,40700,None,414,0,0.000341,414,0,0.000341,,,,,,,,,20,,253500,5773.4,,,253090,5773.4,,,,,,
NE-HVAC-AirEcono-Adjust-ExSP68F,DEER2024,D24_E+_Com_v1,6/15/2026 10:46,Any,EPr,Ex,CZ05,cPVVG,Each,1,40700,None,617,0.139,0.00307,617,0.139,0.00307,,,,,,,,,20,,216620,5409.6,,,216000,5409.6,,,,,,
NE-HVAC-AirEcono-Adjust-ExSP68F,DEER2024,D24_E+_Com_v1,6/15/2026 10:46,Any,EPr,Ex,CZ06,cPVVG,Each,1,40700,None,707,0.163,0.00102,707,0.163,0.00102,,,,,,,,,20,,242560,4471.4,,,241850,4471.4,,,,,,
NE-HVAC-AirEcono-Adjust-ExSP68F,DEER2024,D24_E+_Com_v1,6/15/2026 10:46,Any,EPr,Ex,CZ07,cPVVG,Each,1,40700,None,203,0,0,203,0,0,,,,,,,,,20,,241430,4429,,,241230,4429,,,,,,
NE-HVAC-AirEcono-Adjust-ExSP68F,DEER2024,D24_E+_Com_v1,6/15/2026 10:46,Any,EPr,Ex,CZ08,cPVVG,Each,1,40700,None,618,0,0.000682,618,0,0.000682,,,,,,,,,20,,266450,4482.6,,,265840,4482.6,,,,,,
NE-HVAC-AirEcono-Adjust-ExSP68F,DEER2024,D24_E+_Com_v1,6/15/2026 10:46,Any,EPr,Ex,CZ09,cPVVG,Each,1,40700,None,520,0,0.000342,520,0,0.000342,,,,,,,,,20,,267050,4596.9,,,266530,4596.9,,,,,,
NE-HVAC-AirEcono-Adjust-ExSP68F,DEER2024,D24_E+_Com_v1,6/15/2026 10:46,Any,EPr,Ex,CZ10,cPVVG,Each,1,40700,None,571,0,0.000341,571,0,0.000341,,,,,,,,,20,,270740,4593.4,,,270170,4593.4,,,,,,
NE-HVAC-AirEcono-Adjust-ExSP68F,DEER2024,D24_E+_Com_v1,6/15/2026 10:46,Any,EPr,Ex,CZ11,cPVVG,Each,1,40700,None,711,0,-0.000341,711,0,-0.000341,,,,,,,,,20,,278910,5731.9,,,278200,5731.9,,,,,,
NE-HVAC-AirEcono-Adjust-ExSP68F,DEER2024,D24_E+_Com_v1,6/15/2026 10:46,Any,EPr,Ex,CZ12,cPVVG,Each,1,40700,None,604,0,0.000682,604,0,0.000682,,,,,,,,,20,,253350,5828.7,,,252740,5828.7,,,,,,
NE-HVAC-AirEcono-Adjust-ExSP68F,DEER2024,D24_E+_Com_v1,6/15/2026 10:46,Any,EPr,Ex,CZ13,cPVVG,Each,1,40700,None,787,0,0.000683,787,0,0.000683,,,,,,,,,20,,284260,5345.1,,,283470,5345.1,,,,,,
NE-HVAC-AirEcono-Adjust-ExSP68F,DEER2024,D24_E+_Com_v1,6/15/2026 10:46,Any,EPr,Ex,CZ14,cPVVG,Each,1,40700,None,651,0,0.000683,651,0,0.000683,,,,,,,,,20,,281980,5491.2,,,281330,5491.2,,,,,,
NE-HVAC-AirEcono-Adjust-ExSP68F,DEER2024,D24_E+_Com_v1,6/15/2026 10:46,Any,EPr,Ex,CZ15,cPVVG,Each,1,40700,None,645,0,0,645,0,0,,,,,,,,,20,,350560,3862.1,,,349920,3862.1,,,,,,
NE-HVAC-AirEcono-Adjust-ExSP68F,DEER2024,D24_E+_Com_v1,6/15/2026 10:46,Any,EPr,Ex,CZ16,cPVVG,Each,1,40700,None,1040,0.347,0,1040,0.347,0,,,,,,,,,20,,232890,7595.3,,,231850,7595.3,,,,,,
NE-HVAC-AirEcono-Adjust-ExSP68F,DEER2024,D24_E+_Com_v1,6/15/2026 10:46,Any,ERC,Ex,CZ01,cDXGF,Each,1,2880,None,2.52,0.004,0,2.52,0.004,0,,,,,,,,,20,,7829.5,493.05,,,7827,493.05,,,,,,
NE-HVAC-AirEcono-Adjust-ExSP68F,DEER2024,D24_E+_Com_v1,6/15/2026 10:46,Any,ERC,Ex,CZ02,cDXGF,Each,1,2880,None,49.4,0.015,0,49.4,0.015,0,,,,,,,,,20,,9646.7,410.45,,,9597.3,410.45,,,,,,
NE-HVAC-AirEcono-Adjust-ExSP68F,DEER2024,D24_E+_Com_v1,6/15/2026 10:46,Any,ERC,Ex,CZ03,cDXGF,Each,1,2880,None,48.8,0.036,0,48.8,0.036,0,,,,,,,,,20,,8423.6,379.12,,,8374.8,379.12,,,,,,
NE-HVAC-AirEcono-Adjust-ExSP68F,DEER2024,D24_E+_Com_v1,6/15/2026 10:46,Any,ERC,Ex,CZ04,cDXGF,Each,1,2880,None,61.5,0,0,61.5,0,0,,,,,,,,,20,,11067,383.61,,,11006,383.61,,,,,,
NE-HVAC-AirEcono-Adjust-ExSP68F,DEER2024,D24_E+_Com_v1,6/15/2026 10:46,Any,ERC,Ex,CZ05,cDXGF,Each,1,2880,None,70.6,0.025,0.000341,70.6,0.025,0.000341,,,,,,,,,20,,8588.7,376.84,,,8518.1,376.84,,,,,,
NE-HVAC-AirEcono-Adjust-ExSP68F,DEER2024,D24_E+_Com_v1,6/15/2026 10:46,Any,ERC,Ex,CZ06,cDXGF,Each,1,2880,None,98.7,0.033,0,98.7,0.033,0,,,,,,,,,20,,9482.7,324.74,,,9384,324.74,,,,,,
NE-HVAC-AirEcono-Adjust-ExSP68F,DEER2024,D24_E+_Com_v1,6/15/2026 10:46,Any,ERC,Ex,CZ07,cDXGF,Each,1,2880,None,31.7,0,0,31.7,0,0,,,,,,,,,20,,9471.6,322.35,,,9439.8,322.35,,,,,,
NE-HVAC-AirEcono-Adjust-ExSP68F,DEER2024,D24_E+_Com_v1,6/15/2026 10:46,Any,ERC,Ex,CZ08,cDXGF,Each,1,2880,None,88.6,0,0,88.6,0,0,,,,,,,,,20,,11100,323.87,,,11012,323.87,,,,,,
NE-HVAC-AirEcono-Adjust-ExSP68F,DEER2024,D24_E+_Com_v1,6/15/2026 10:46,Any,ERC,Ex,CZ09,cDXGF,Each,1,2880,None,70.8,0,0,70.8,0,0,,,,,,,,,20,,11370,328.42,,,11299,328.42,,,,,,
NE-HVAC-AirEcono-Adjust-ExSP68F,DEER2024,D24_E+_Com_v1,6/15/2026 10:46,Any,ERC,Ex,CZ10,cDXGF,Each,1,2880,None,83.6,0,0,83.6,0,0,,,,,,,,,20,,11447,328.82,,,11363,328.82,,,,,,
NE-HVAC-AirEcono-Adjust-ExSP68F,DEER2024,D24_E+_Com_v1,6/15/2026 10:46,Any,ERC,Ex,CZ11,cDXGF,Each,1,2880,None,82.4,0,0,82.4,0,0,,,,,,,,,20,,12802,383.17,,,12720,383.17,,,,,,
NE-HVAC-AirEcono-Adjust-ExSP68F,DEER2024,D24_E+_Com_v1,6/15/2026 10:46,Any,ERC,Ex,CZ12,cDXGF,Each,1,2880,None,76,0,0,76,0,0,,,,,,,,,20,,11084,389.53,,,11008,389.53,,,,,,
NE-HVAC-AirEcono-Adjust-ExSP68F,DEER2024,D24_E+_Com_v1,6/15/2026 10:46,Any,ERC,Ex,CZ13,cDXGF,Each,1,2880,None,94.7,0,0,94.7,0,0,,,,,,,,,20,,13136,361.7,,,13041,361.7,,,,,,
NE-HVAC-AirEcono-Adjust-ExSP68F,DEER2024,D24_E+_Com_v1,6/15/2026 10:46,Any,ERC,Ex,CZ14,cDXGF,Each,1,2880,None,78,0,0,78,0,0,,,,,,,,,20,,12912,368.93,,,12834,368.93,,,,,,
NE-HVAC-AirEcono-Adjust-ExSP68F,DEER2024,D24_E+_Com_v1,6/15/2026 10:46,Any,ERC,Ex,CZ15,cDXGF,Each,1,2880,None,80.3,0,0,80.3,0,0,,,,,,,,,20,,16453,297.94,,,16373,297.94,,,,,,
NE-HVAC-AirEcono-Adjust-ExSP68F,DEER2024,D24_E+_Com_v1,6/15/2026 10:46,Any,ERC,Ex,CZ16,cDXGF,Each,1,2880,None,79.6,0.028,0,79.6,0.028,0,,,,,,,,,20,,10771,470.4,,,10692,470.4,,,,,,
NE-HVAC-AirEcono-Adjust-ExSP68F,DEER2024,D24_E+_Com_v1,6/15/2026 10:46,Any,ERC,Ex,CZ01,cDXHP,Each,1,2880,None,2.36,0.003,0,2.36,0.003,0,,,,,,,,,20,,9028.9,326.8,,,9026.5,326.8,,,,,,
NE-HVAC-AirEcono-Adjust-ExSP68F,DEER2024,D24_E+_Com_v1,6/15/2026 10:46,Any,ERC,Ex,CZ02,cDXHP,Each,1,2880,None,49.2,0.016,0,49.2,0.016,0,,,,,,,,,20,,10351,319.38,,,10302,319.38,,,,,,
NE-HVAC-AirEcono-Adjust-ExSP68F,DEER2024,D24_E+_Com_v1,6/15/2026 10:46,Any,ERC,Ex,CZ03,cDXHP,Each,1,2880,None,45.1,0.037,0,45.1,0.037,0,,,,,,,,,20,,8851.4,318.26,,,8806.4,318.26,,,,,,
NE-HVAC-AirEcono-Adjust-ExSP68F,DEER2024,D24_E+_Com_v1,6/15/2026 10:46,Any,ERC,Ex,CZ04,cDXHP,Each,1,2880,None,61.7,0,0,61.7,0,0,,,,,,,,,20,,11640,314.95,,,11579,314.95,,,,,,
NE-HVAC-AirEcono-Adjust-ExSP68F,DEER2024,D24_E+_Com_v1,6/15/2026 10:46,Any,ERC,Ex,CZ05,cDXHP,Each,1,2880,None,64.4,0.025,0,64.4,0.025,0,,,,,,,,,20,,9005.5,318.82,,,8941.1,318.82,,,,,,
NE-HVAC-AirEcono-Adjust-ExSP68F,DEER2024,D24_E+_Com_v1,6/15/2026 10:46,Any,ERC,Ex,CZ06,cDXHP,Each,1,2880,None,95.6,0.033,0,95.6,0.033,0,,,,,,,,,20,,9521.2,310.22,,,9425.6,310.22,,,,,,
NE-HVAC-AirEcono-Adjust-ExSP68F,DEER2024,D24_E+_Com_v1,6/15/2026 10:46,Any,ERC,Ex,CZ07,cDXHP,Each,1,2880,None,30,0,0,30,0,0,,,,,,,,,20,,9515,309.14,,,9485,309.14,,,,,,
NE-HVAC-AirEcono-Adjust-ExSP68F,DEER2024,D24_E+_Com_v1,6/15/2026 10:46,Any,ERC,Ex,CZ08,cDXHP,Each,1,2880,None,87.8,0,0,87.8,0,0,,,,,,,,,20,,11197,307.02,,,11110,307.02,,,,,,
NE-HVAC-AirEcono-Adjust-ExSP68F,DEER2024,D24_E+_Com_v1,6/15/2026 10:46,Any,ERC,Ex,CZ09,cDXHP,Each,1,2880,None,70,0,0,70,0,0,,,,,,,,,20,,11511,307.71,,,11441,307.71,,,,,,
NE-HVAC-AirEcono-Adjust-ExSP68F,DEER2024,D24_E+_Com_v1,6/15/2026 10:46,Any,ERC,Ex,CZ10,cDXHP,Each,1,2880,None,83.2,0,0,83.2,0,0,,,,,,,,,20,,11608,306.38,,,11524,306.38,,,,,,
NE-HVAC-AirEcono-Adjust-ExSP68F,DEER2024,D24_E+_Com_v1,6/15/2026 10:46,Any,ERC,Ex,CZ11,cDXHP,Each,1,2880,None,82.4,0,0,82.4,0,0,,,,,,,,,20,,13384,308.56,,,13302,308.56,,,,,,
NE-HVAC-AirEcono-Adjust-ExSP68F,DEER2024,D24_E+_Com_v1,6/15/2026 10:46,Any,ERC,Ex,CZ12,cDXHP,Each,1,2880,None,74.1,0,0,74.1,0,0,,,,,,,,,20,,11663,313.35,,,11589,313.35,,,,,,
NE-HVAC-AirEcono-Adjust-ExSP68F,DEER2024,D24_E+_Com_v1,6/15/2026 10:46,Any,ERC,Ex,CZ13,cDXHP,Each,1,2880,None,94.7,0,0,94.7,0,0,,,,,,,,,20,,13558,306.49,,,13463,306.49,,,,,,
NE-HVAC-AirEcono-Adjust-ExSP68F,DEER2024,D24_E+_Com_v1,6/15/2026 10:46,Any,ERC,Ex,CZ14,cDXHP,Each,1,2880,None,78.3,0,0,78.3,0,0,,,,,,,,,20,,13436,309.22,,,13358,309.22,,,,,,
NE-HVAC-AirEcono-Adjust-ExSP68F,DEER2024,D24_E+_Com_v1,6/15/2026 10:46,Any,ERC,Ex,CZ15,cDXHP,Each,1,2880,None,80.3,0,0,80.3,0,0,,,,,,,,,20,,16501,291.23,,,16421,291.23,,,,,,
NE-HVAC-AirEcono-Adjust-ExSP68F,DEER2024,D24_E+_Com_v1,6/15/2026 10:46,Any,ERC,Ex,CZ16,cDXHP,Each,1,2880,None,80.7,0.028,0,80.7,0.028,0,,,,,,,,,20,,12251,324.06,,,12171,324.06,,,,,,
NE-HVAC-AirEcono-Adjust-ExSP68F,DEER2024,D24_E+_Com_v1,6/15/2026 10:46,Any,ERC,Ex,CZ01,cDXOH,Each,1,2880,None,2.36,0.003,0,2.36,0.003,0,,,,,,,,,20,,8139.1,326.8,,,8136.8,326.8,,,,,,
NE-HVAC-AirEcono-Adjust-ExSP68F,DEER2024,D24_E+_Com_v1,6/15/2026 10:46,Any,ERC,Ex,CZ02,cDXOH,Each,1,2880,None,49.1,0.015,0,49.1,0.015,0,,,,,,,,,20,,9796.9,319.38,,,9747.8,319.38,,,,,,
NE-HVAC-AirEcono-Adjust-ExSP68F,DEER2024,D24_E+_Com_v1,6/15/2026 10:46,Any,ERC,Ex,CZ03,cDXOH,Each,1,2880,None,48.9,0.036,0,48.9,0.036,0,,,,,,,,,20,,8497.9,318.26,,,8449,318.26,,,,,,
NE-HVAC-AirEcono-Adjust-ExSP68F,DEER2024,D24_E+_Com_v1,6/15/2026 10:46,Any,ERC,Ex,CZ04,cDXOH,Each,1,2880,None,60.8,0,0,60.8,0,0,,,,,,,,,20,,11161,314.94,,,11100,314.94,,,,,,
NE-HVAC-AirEcono-Adjust-ExSP68F,DEER2024,D24_E+_Com_v1,6/15/2026 10:46,Any,ERC,Ex,CZ05,cDXOH,Each,1,2880,None,70.2,0.024,0,70.2,0.024,0,,,,,,,,,20,,8607.9,318.82,,,8537.7,318.82,,,,,,
NE-HVAC-AirEcono-Adjust-ExSP68F,DEER2024,D24_E+_Com_v1,6/15/2026 10:46,Any,ERC,Ex,CZ06,cDXOH,Each,1,2880,None,98.6,0.033,0,98.6,0.033,0,,,,,,,,,20,,9479.9,310.22,,,9381.3,310.22,,,,,,
NE-HVAC-AirEcono-Adjust-ExSP68F,DEER2024,D24_E+_Com_v1,6/15/2026 10:46,Any,ERC,Ex,CZ07,cDXOH,Each,1,2880,None,31.7,0,0,31.7,0,0,,,,,,,,,20,,9468,309.14,,,9436.3,309.14,,,,,,
NE-HVAC-AirEcono-Adjust-ExSP68F,DEER2024,D24_E+_Com_v1,6/15/2026 10:46,Any,ERC,Ex,CZ08,cDXOH,Each,1,2880,None,88.4,0,0,88.4,0,0,,,,,,,,,20,,11096,307.02,,,11008,307.02,,,,,,
NE-HVAC-AirEcono-Adjust-ExSP68F,DEER2024,D24_E+_Com_v1,6/15/2026 10:46,Any,ERC,Ex,CZ09,cDXOH,Each,1,2880,None,70.6,0,0,70.6,0,0,,,,,,,,,20,,11375,307.71,,,11304,307.71,,,,,,
NE-HVAC-AirEcono-Adjust-ExSP68F,DEER2024,D24_E+_Com_v1,6/15/2026 10:46,Any,ERC,Ex,CZ10,cDXOH,Each,1,2880,None,83.4,0,0,83.4,0,0,,,,,,,,,20,,11443,306.38,,,11359,306.38,,,,,,
NE-HVAC-AirEcono-Adjust-ExSP68F,DEER2024,D24_E+_Com_v1,6/15/2026 10:46,Any,ERC,Ex,CZ11,cDXOH,Each,1,2880,None,81.9,0,0,81.9,0,0,,,,,,,,,20,,12971,308.56,,,12889,308.56,,,,,,
NE-HVAC-AirEcono-Adjust-ExSP68F,DEER2024,D24_E+_Com_v1,6/15/2026 10:46,Any,ERC,Ex,CZ12,cDXOH,Each,1,2880,None,76,0,0,76,0,0,,,,,,,,,20,,11264,313.35,,,11188,313.35,,,,,,
NE-HVAC-AirEcono-Adjust-ExSP68F,DEER2024,D24_E+_Com_v1,6/15/2026 10:46,Any,ERC,Ex,CZ13,cDXOH,Each,1,2880,None,94.6,0,0,94.6,0,0,,,,,,,,,20,,13264,306.49,,,13170,306.49,,,,,,
NE-HVAC-AirEcono-Adjust-ExSP68F,DEER2024,D24_E+_Com_v1,6/15/2026 10:46,Any,ERC,Ex,CZ14,cDXOH,Each,1,2880,None,77.9,0,0,77.9,0,0,,,,,,,,,20,,13044,309.22,,,12967,309.22,,,,,,
NE-HVAC-AirEcono-Adjust-ExSP68F,DEER2024,D24_E+_Com_v1,6/15/2026 10:46,Any,ERC,Ex,CZ15,cDXOH,Each,1,2880,None,80.3,0,0,80.3,0,0,,,,,,,,,20,,16451,291.23,,,16370,291.23,,,,,,
NE-HVAC-AirEcono-Adjust-ExSP68F,DEER2024,D24_E+_Com_v1,6/15/2026 10:46,Any,ERC,Ex,CZ16,cDXOH,Each,1,2880,None,79.6,0.028,0,79.6,0.028,0,,,,,,,,,20,,11091,324.06,,,11011,324.06,,,,,,
NE-HVAC-AirEcono-Adjust-ExSP68F,DEER2024,D24_E+_Com_v1,6/15/2026 10:46,Any,ERC,Ex,CZ01,cPVVG,Each,1,2880,None,1.09,0.001,0,1.09,0.001,0,,,,,,,,,20,,5852,546.55,,,5850.9,546.55,,,,,,
NE-HVAC-AirEcono-Adjust-ExSP68F,DEER2024,D24_E+_Com_v1,6/15/2026 10:46,Any,ERC,Ex,CZ02,cPVVG,Each,1,2880,None,29.6,0.01,0,29.6,0.01,0,,,,,,,,,20,,7162.3,454.84,,,7132.8,454.84,,,,,,
NE-HVAC-AirEcono-Adjust-ExSP68F,DEER2024,D24_E+_Com_v1,6/15/2026 10:46,Any,ERC,Ex,CZ03,cPVVG,Each,1,2880,None,28.5,0.021,0,28.5,0.021,0,,,,,,,,,20,,6294.7,412.51,,,6266.2,412.51,,,,,,
NE-HVAC-AirEcono-Adjust-ExSP68F,DEER2024,D24_E+_Com_v1,6/15/2026 10:46,Any,ERC,Ex,CZ04,cPVVG,Each,1,2880,None,39.2,0,0,39.2,0,0,,,,,,,,,20,,8352.8,422.61,,,8313.6,422.61,,,,,,
NE-HVAC-AirEcono-Adjust-ExSP68F,DEER2024,D24_E+_Com_v1,6/15/2026 10:46,Any,ERC,Ex,CZ05,cPVVG,Each,1,2880,None,41.5,0.014,0.000341,41.5,0.014,0.000341,,,,,,,,,20,,6436.9,408.42,,,6395.4,408.42,,,,,,
NE-HVAC-AirEcono-Adjust-ExSP68F,DEER2024,D24_E+_Com_v1,6/15/2026 10:46,Any,ERC,Ex,CZ06,cPVVG,Each,1,2880,None,65.3,0.02,0,65.3,0.02,0,,,,,,,,,20,,7349.7,337.29,,,7284.4,337.29,,,,,,
NE-HVAC-AirEcono-Adjust-ExSP68F,DEER2024,D24_E+_Com_v1,6/15/2026 10:46,Any,ERC,Ex,CZ07,cPVVG,Each,1,2880,None,19.3,0,0,19.3,0,0,,,,,,,,,20,,7302.3,333.76,,,7283,333.76,,,,,,
NE-HVAC-AirEcono-Adjust-ExSP68F,DEER2024,D24_E+_Com_v1,6/15/2026 10:46,Any,ERC,Ex,CZ08,cPVVG,Each,1,2880,None,56,0,0,56,0,0,,,,,,,,,20,,8633.2,336.92,,,8577.2,336.92,,,,,,
NE-HVAC-AirEcono-Adjust-ExSP68F,DEER2024,D24_E+_Com_v1,6/15/2026 10:46,Any,ERC,Ex,CZ09,cPVVG,Each,1,2880,None,46,0,0,46,0,0,,,,,,,,,20,,8747.4,344.78,,,8701.3,344.78,,,,,,
NE-HVAC-AirEcono-Adjust-ExSP68F,DEER2024,D24_E+_Com_v1,6/15/2026 10:46,Any,ERC,Ex,CZ10,cPVVG,Each,1,2880,None,53,0,0,53,0,0,,,,,,,,,20,,8953.6,344.62,,,8900.6,344.62,,,,,,
NE-HVAC-AirEcono-Adjust-ExSP68F,DEER2024,D24_E+_Com_v1,6/15/2026 10:46,Any,ERC,Ex,CZ11,cPVVG,Each,1,2880,None,55,0,0,55,0,0,,,,,,,,,20,,9741.9,425.13,,,9686.9,425.13,,,,,,
NE-HVAC-AirEcono-Adjust-ExSP68F,DEER2024,D24_E+_Com_v1,6/15/2026 10:46,Any,ERC,Ex,CZ12,cPVVG,Each,1,2880,None,49,0,0,49,0,0,,,,,,,,,20,,8349,430.85,,,8300.1,430.85,,,,,,
NE-HVAC-AirEcono-Adjust-ExSP68F,DEER2024,D24_E+_Com_v1,6/15/2026 10:46,Any,ERC,Ex,CZ13,cPVVG,Each,1,2880,None,64,0,0,64,0,0,,,,,,,,,20,,10014,399.88,,,9950.1,399.88,,,,,,
NE-HVAC-AirEcono-Adjust-ExSP68F,DEER2024,D24_E+_Com_v1,6/15/2026 10:46,Any,ERC,Ex,CZ14,cPVVG,Each,1,2880,None,54.6,0,0,54.6,0,0,,,,,,,,,20,,9882.5,404.95,,,9827.9,404.95,,,,,,
NE-HVAC-AirEcono-Adjust-ExSP68F,DEER2024,D24_E+_Com_v1,6/15/2026 10:46,Any,ERC,Ex,CZ15,cPVVG,Each,1,2880,None,51.9,0,0,51.9,0,0,,,,,,,,,20,,13159,305.06,,,13107,305.06,,,,,,
NE-HVAC-AirEcono-Adjust-ExSP68F,DEER2024,D24_E+_Com_v1,6/15/2026 10:46,Any,ERC,Ex,CZ16,cPVVG,Each,1,2880,None,62.7,0.023,0,62.7,0.023,0,,,,,,,,,20,,7654.2,534.58,,,7591.5,534.58,,,,,,
NE-HVAC-AirEcono-Adjust-ExSP68F,DEER2024,D24_E+_Com_v1,6/15/2026 10:46,Any,ESe,Ex,CZ01,cDXGF,Each,1,74400,None,90.1,0.09,0.00034,90.1,0.09,0.00034,,,,,,,,,20,,694910,20167,,,694820,20167,,,,,,
NE-HVAC-AirEcono-Adjust-ExSP68F,DEER2024,D24_E+_Com_v1,6/15/2026 10:46,Any,ESe,Ex,CZ02,cDXGF,Each,1,74400,None,1420,0.341,0.00069,1420,0.341,0.00069,,,,,,,,,20,,810280,17126,,,808860,17126,,,,,,
NE-HVAC-AirEcono-Adjust-ExSP68F,DEER2024,D24_E+_Com_v1,6/15/2026 10:46,Any,ESe,Ex,CZ03,cDXGF,Each,1,74400,None,1690,0.948,0.00034,1690,0.948,0.00034,,,,,,,,,20,,750080,14595,,,748390,14595,,,,,,
NE-HVAC-AirEcono-Adjust-ExSP68F,DEER2024,D24_E+_Com_v1,6/15/2026 10:46,Any,ESe,Ex,CZ04,cDXGF,Each,1,74400,None,1550,0,-0.00136,1550,0,-0.00136,,,,,,,,,20,,883340,15486,,,881790,15486,,,,,,
NE-HVAC-AirEcono-Adjust-ExSP68F,DEER2024,D24_E+_Com_v1,6/15/2026 10:46,Any,ESe,Ex,CZ05,cDXGF,Each,1,74400,None,2510,0.613,0.00171,2510,0.613,0.00171,,,,,,,,,20,,766020,14558,,,763520,14558,,,,,,
NE-HVAC-AirEcono-Adjust-ExSP68F,DEER2024,D24_E+_Com_v1,6/15/2026 10:46,Any,ESe,Ex,CZ06,cDXGF,Each,1,74400,None,2380,0.698,0,2380,0.698,0,,,,,,,,,20,,806870,10974,,,804490,10974,,,,,,
NE-HVAC-AirEcono-Adjust-ExSP68F,DEER2024,D24_E+_Com_v1,6/15/2026 10:46,Any,ESe,Ex,CZ07,cDXGF,Each,1,74400,None,781,0,0,781,0,0,,,,,,,,,20,,808380,10747,,,807590,10747,,,,,,
NE-HVAC-AirEcono-Adjust-ExSP68F,DEER2024,D24_E+_Com_v1,6/15/2026 10:46,Any,ESe,Ex,CZ08,cDXGF,Each,1,74400,None,2210,0,0.00034,2210,0,0.00034,,,,,,,,,20,,886040,10932,,,883820,10932,,,,,,
NE-HVAC-AirEcono-Adjust-ExSP68F,DEER2024,D24_E+_Com_v1,6/15/2026 10:46,Any,ESe,Ex,CZ09,cDXGF,Each,1,74400,None,1730,0,0,1730,0,0,,,,,,,,,20,,900200,11390,,,898470,11390,,,,,,
NE-HVAC-AirEcono-Adjust-ExSP68F,DEER2024,D24_E+_Com_v1,6/15/2026 10:46,Any,ESe,Ex,CZ10,cDXGF,Each,1,74400,None,2190,0,0,2190,0,0,,,,,,,,,20,,929130,11531,,,926940,11531,,,,,,
NE-HVAC-AirEcono-Adjust-ExSP68F,DEER2024,D24_E+_Com_v1,6/15/2026 10:46,Any,ESe,Ex,CZ11,cDXGF,Each,1,74400,None,1960,-0.003,-0.00034,1960,-0.003,-0.00034,,,,,,,,,20,,948660,15033,,,946700,15033,,,,,,
NE-HVAC-AirEcono-Adjust-ExSP68F,DEER2024,D24_E+_Com_v1,6/15/2026 10:46,Any,ESe,Ex,CZ12,cDXGF,Each,1,74400,None,2010,0,0.00034,2010,0,0.00034,,,,,,,,,20,,869400,15473,,,867390,15473,,,,,,
NE-HVAC-AirEcono-Adjust-ExSP68F,DEER2024,D24_E+_Com_v1,6/15/2026 10:46,Any,ESe,Ex,CZ13,cDXGF,Each,1,74400,None,2150,0,0.00034,2150,0,0.00034,,,,,,,,,20,,954720,13957,,,952570,13957,,,,,,
NE-HVAC-AirEcono-Adjust-ExSP68F,DEER2024,D24_E+_Com_v1,6/15/2026 10:46,Any,ESe,Ex,CZ14,cDXGF,Each,1,74400,None,1730,0,0,1730,0,0,,,,,,,,,20,,939720,13910,,,937990,13910,,,,,,
NE-HVAC-AirEcono-Adjust-ExSP68F,DEER2024,D24_E+_Com_v1,6/15/2026 10:46,Any,ESe,Ex,CZ15,cDXGF,Each,1,74400,None,1920,0,0,1920,0,0,,,,,,,,,20,,1125200,9020.8,,,1123300,9020.8,,,,,,
NE-HVAC-AirEcono-Adjust-ExSP68F,DEER2024,D24_E+_Com_v1,6/15/2026 10:46,Any,ESe,Ex,CZ16,cDXGF,Each,1,74400,None,2320,0.566,0,2320,0.566,0,,,,,,,,,20,,832720,19468,,,830410,19468,,,,,,
NE-HVAC-AirEcono-Adjust-ExSP68F,DEER2024,D24_E+_Com_v1,6/15/2026 10:46,Any,ESe,Ex,CZ01,cDXHP,Each,1,74400,None,83.6,0.084,0,83.6,0.084,0,,,,,,,,,20,,703440,19025,,,703350,19025,,,,,,
NE-HVAC-AirEcono-Adjust-ExSP68F,DEER2024,D24_E+_Com_v1,6/15/2026 10:46,Any,ESe,Ex,CZ02,cDXHP,Each,1,74400,None,1390,0.34,0,1390,0.34,0,,,,,,,,,20,,816840,16313,,,815450,16313,,,,,,
NE-HVAC-AirEcono-Adjust-ExSP68F,DEER2024,D24_E+_Com_v1,6/15/2026 10:46,Any,ESe,Ex,CZ03,cDXHP,Each,1,74400,None,1570,0.93,0,1570,0.93,0,,,,,,,,,20,,752950,14169,,,751380,14169,,,,,,
NE-HVAC-AirEcono-Adjust-ExSP68F,DEER2024,D24_E+_Com_v1,6/15/2026 10:46,Any,ESe,Ex,CZ04,cDXHP,Each,1,74400,None,1540,0,0,1540,0,0,,,,,,,,,20,,889620,14819,,,888080,14819,,,,,,
NE-HVAC-AirEcono-Adjust-ExSP68F,DEER2024,D24_E+_Com_v1,6/15/2026 10:46,Any,ESe,Ex,CZ05,cDXHP,Each,1,74400,None,2250,0.623,0.00034,2250,0.623,0.00034,,,,,,,,,20,,768850,14145,,,766590,14145,,,,,,
NE-HVAC-AirEcono-Adjust-ExSP68F,DEER2024,D24_E+_Com_v1,6/15/2026 10:46,Any,ESe,Ex,CZ06,cDXHP,Each,1,74400,None,2420,0.692,0,2420,0.692,0,,,,,,,,,20,,806130,10889,,,803710,10889,,,,,,
NE-HVAC-AirEcono-Adjust-ExSP68F,DEER2024,D24_E+_Com_v1,6/15/2026 10:46,Any,ESe,Ex,CZ07,cDXHP,Each,1,74400,None,753,0,0,753,0,0,,,,,,,,,20,,807800,10672,,,807050,10672,,,,,,
NE-HVAC-AirEcono-Adjust-ExSP68F,DEER2024,D24_E+_Com_v1,6/15/2026 10:46,Any,ESe,Ex,CZ08,cDXHP,Each,1,74400,None,2190,0,0,2190,0,0,,,,,,,,,20,,886460,10810,,,884270,10810,,,,,,
NE-HVAC-AirEcono-Adjust-ExSP68F,DEER2024,D24_E+_Com_v1,6/15/2026 10:46,Any,ESe,Ex,CZ09,cDXHP,Each,1,74400,None,1730,0,0,1730,0,0,,,,,,,,,20,,901300,11221,,,899570,11221,,,,,,
NE-HVAC-AirEcono-Adjust-ExSP68F,DEER2024,D24_E+_Com_v1,6/15/2026 10:46,Any,ESe,Ex,CZ10,cDXHP,Each,1,74400,None,2190,0,0,2190,0,0,,,,,,,,,20,,930700,11315,,,928510,11315,,,,,,
NE-HVAC-AirEcono-Adjust-ExSP68F,DEER2024,D24_E+_Com_v1,6/15/2026 10:46,Any,ESe,Ex,CZ11,cDXHP,Each,1,74400,None,1960,-0.001,0,1960,-0.001,0,,,,,,,,,20,,954660,14346,,,952700,14346,,,,,,
NE-HVAC-AirEcono-Adjust-ExSP68F,DEER2024,D24_E+_Com_v1,6/15/2026 10:46,Any,ESe,Ex,CZ12,cDXHP,Each,1,74400,None,1970,0,0,1970,0,0,,,,,,,,,20,,874810,14800,,,872840,14800,,,,,,
NE-HVAC-AirEcono-Adjust-ExSP68F,DEER2024,D24_E+_Com_v1,6/15/2026 10:46,Any,ESe,Ex,CZ13,cDXHP,Each,1,74400,None,2140,0,0,2140,0,0,,,,,,,,,20,,959030,13452,,,956890,13452,,,,,,
NE-HVAC-AirEcono-Adjust-ExSP68F,DEER2024,D24_E+_Com_v1,6/15/2026 10:46,Any,ESe,Ex,CZ14,cDXHP,Each,1,74400,None,1740,0,0,1740,0,0,,,,,,,,,20,,945240,13394,,,943490,13394,,,,,,
NE-HVAC-AirEcono-Adjust-ExSP68F,DEER2024,D24_E+_Com_v1,6/15/2026 10:46,Any,ESe,Ex,CZ15,cDXHP,Each,1,74400,None,1920,0,-0.000342,1920,0,-0.000342,,,,,,,,,20,,1125800,8967.4,,,1123900,8967.4,,,,,,
NE-HVAC-AirEcono-Adjust-ExSP68F,DEER2024,D24_E+_Com_v1,6/15/2026 10:46,Any,ESe,Ex,CZ16,cDXHP,Each,1,74400,None,2330,0.574,0,2330,0.574,0,,,,,,,,,20,,847160,18188,,,844830,18188,,,,,,
NE-HVAC-AirEcono-Adjust-ExSP68F,DEER2024,D24_E+_Com_v1,6/15/2026 10:46,Any,ESe,Ex,CZ01,cDXOH,Each,1,74400,None,89.8,0.09,0,89.8,0.09,0,,,,,,,,,20,,694680,19077,,,694590,19077,,,,,,
NE-HVAC-AirEcono-Adjust-ExSP68F,DEER2024,D24_E+_Com_v1,6/15/2026 10:46,Any,ESe,Ex,CZ02,cDXOH,Each,1,74400,None,1420,0.341,0.00034,1420,0.341,0.00034,,,,,,,,,20,,810120,16343,,,808700,16343,,,,,,
NE-HVAC-AirEcono-Adjust-ExSP68F,DEER2024,D24_E+_Com_v1,6/15/2026 10:46,Any,ESe,Ex,CZ03,cDXOH,Each,1,74400,None,1690,0.948,0,1690,0.948,0,,,,,,,,,20,,750000,14181,,,748310,14181,,,,,,
NE-HVAC-AirEcono-Adjust-ExSP68F,DEER2024,D24_E+_Com_v1,6/15/2026 10:46,Any,ESe,Ex,CZ04,cDXOH,Each,1,74400,None,1540,0,-0.00171,1540,0,-0.00171,,,,,,,,,20,,883050,14841,,,881510,14841,,,,,,
NE-HVAC-AirEcono-Adjust-ExSP68F,DEER2024,D24_E+_Com_v1,6/15/2026 10:46,Any,ESe,Ex,CZ05,cDXOH,Each,1,74400,None,2510,0.613,0.00068,2510,0.613,0.00068,,,,,,,,,20,,765750,14154,,,763240,14154,,,,,,
NE-HVAC-AirEcono-Adjust-ExSP68F,DEER2024,D24_E+_Com_v1,6/15/2026 10:46,Any,ESe,Ex,CZ06,cDXOH,Each,1,74400,None,2380,0.698,0,2380,0.698,0,,,,,,,,,20,,806810,10891,,,804430,10891,,,,,,
NE-HVAC-AirEcono-Adjust-ExSP68F,DEER2024,D24_E+_Com_v1,6/15/2026 10:46,Any,ESe,Ex,CZ07,cDXOH,Each,1,74400,None,782,0,0,782,0,0,,,,,,,,,20,,808320,10673,,,807540,10673,,,,,,
NE-HVAC-AirEcono-Adjust-ExSP68F,DEER2024,D24_E+_Com_v1,6/15/2026 10:46,Any,ESe,Ex,CZ08,cDXOH,Each,1,74400,None,2210,0,0,2210,0,0,,,,,,,,,20,,885940,10812,,,883720,10812,,,,,,
NE-HVAC-AirEcono-Adjust-ExSP68F,DEER2024,D24_E+_Com_v1,6/15/2026 10:46,Any,ESe,Ex,CZ09,cDXOH,Each,1,74400,None,1730,0,0,1730,0,0,,,,,,,,,20,,900090,11225,,,898350,11225,,,,,,
NE-HVAC-AirEcono-Adjust-ExSP68F,DEER2024,D24_E+_Com_v1,6/15/2026 10:46,Any,ESe,Ex,CZ10,cDXOH,Each,1,74400,None,2190,0,0,2190,0,0,,,,,,,,,20,,928980,11320,,,926790,11320,,,,,,
NE-HVAC-AirEcono-Adjust-ExSP68F,DEER2024,D24_E+_Com_v1,6/15/2026 10:46,Any,ESe,Ex,CZ11,cDXOH,Each,1,74400,None,1960,-0.003,0,1960,-0.003,0,,,,,,,,,20,,948770,14376,,,946810,14376,,,,,,
NE-HVAC-AirEcono-Adjust-ExSP68F,DEER2024,D24_E+_Com_v1,6/15/2026 10:46,Any,ESe,Ex,CZ12,cDXOH,Each,1,74400,None,2010,0,0.00136,2010,0,0.00136,,,,,,,,,20,,869410,14828,,,867400,14828,,,,,,
NE-HVAC-AirEcono-Adjust-ExSP68F,DEER2024,D24_E+_Com_v1,6/15/2026 10:46,Any,ESe,Ex,CZ13,cDXOH,Each,1,74400,None,2150,0,0,2150,0,0,,,,,,,,,20,,954790,13474,,,952640,13474,,,,,,
NE-HVAC-AirEcono-Adjust-ExSP68F,DEER2024,D24_E+_Com_v1,6/15/2026 10:46,Any,ESe,Ex,CZ14,cDXOH,Each,1,74400,None,1730,0,0,1730,0,0,,,,,,,,,20,,939590,13412,,,937860,13412,,,,,,
NE-HVAC-AirEcono-Adjust-ExSP68F,DEER2024,D24_E+_Com_v1,6/15/2026 10:46,Any,ESe,Ex,CZ15,cDXOH,Each,1,74400,None,1920,0,0,1920,0,0,,,,,,,,,20,,1125100,8968.6,,,1123200,8968.6,,,,,,
NE-HVAC-AirEcono-Adjust-ExSP68F,DEER2024,D24_E+_Com_v1,6/15/2026 10:46,Any,ESe,Ex,CZ16,cDXOH,Each,1,74400,None,2320,0.566,0,2320,0.566,0,,,,,,,,,20,,834390,18261,,,832080,18261,,,,,,
NE-HVAC-AirEcono-Adjust-ExSP68F,DEER2024,D24_E+_Com_v1,6/15/2026 10:46,Any,ESe,Ex,CZ01,cPVVG,Each,1,74400,None,70.1,0.064,0.00034,70.1,0.064,0.00034,,,,,,,,,20,,651700,20716,,,651630,20716,,,,,,
NE-HVAC-AirEcono-Adjust-ExSP68F,DEER2024,D24_E+_Com_v1,6/15/2026 10:46,Any,ESe,Ex,CZ02,cPVVG,Each,1,74400,None,1030,0.235,0.00205,1030,0.235,0.00205,,,,,,,,,20,,759900,17613,,,758870,17613,,,,,,
NE-HVAC-AirEcono-Adjust-ExSP68F,DEER2024,D24_E+_Com_v1,6/15/2026 10:46,Any,ESe,Ex,CZ03,cPVVG,Each,1,74400,None,1270,0.659,0.00068,1270,0.659,0.00068,,,,,,,,,20,,702320,14879,,,701050,14879,,,,,,
NE-HVAC-AirEcono-Adjust-ExSP68F,DEER2024,D24_E+_Com_v1,6/15/2026 10:46,Any,ESe,Ex,CZ04,cPVVG,Each,1,74400,None,1130,0,0.00136,1130,0,0.00136,,,,,,,,,20,,832190,15885,,,831050,15885,,,,,,
NE-HVAC-AirEcono-Adjust-ExSP68F,DEER2024,D24_E+_Com_v1,6/15/2026 10:46,Any,ESe,Ex,CZ05,cPVVG,Each,1,74400,None,1960,0.441,0.00307,1960,0.441,0.00307,,,,,,,,,20,,717070,14863,,,715120,14863,,,,,,
NE-HVAC-AirEcono-Adjust-ExSP68F,DEER2024,D24_E+_Com_v1,6/15/2026 10:46,Any,ESe,Ex,CZ06,cPVVG,Each,1,74400,None,1790,0.464,0,1790,0.464,0,,,,,,,,,20,,761640,11075,,,759850,11075,,,,,,
NE-HVAC-AirEcono-Adjust-ExSP68F,DEER2024,D24_E+_Com_v1,6/15/2026 10:46,Any,ESe,Ex,CZ07,cPVVG,Each,1,74400,None,542,0,0,542,0,0,,,,,,,,,20,,761660,10842,,,761110,10842,,,,,,
NE-HVAC-AirEcono-Adjust-ExSP68F,DEER2024,D24_E+_Com_v1,6/15/2026 10:46,Any,ESe,Ex,CZ08,cPVVG,Each,1,74400,None,1580,0,0.00068,1580,0,0.00068,,,,,,,,,20,,835820,11050,,,834240,11050,,,,,,
NE-HVAC-AirEcono-Adjust-ExSP68F,DEER2024,D24_E+_Com_v1,6/15/2026 10:46,Any,ESe,Ex,CZ09,cPVVG,Each,1,74400,None,1270,0,0.00035,1270,0,0.00035,,,,,,,,,20,,846900,11547,,,845630,11547,,,,,,
NE-HVAC-AirEcono-Adjust-ExSP68F,DEER2024,D24_E+_Com_v1,6/15/2026 10:46,Any,ESe,Ex,CZ10,cPVVG,Each,1,74400,None,1580,0,0.00035,1580,0,0.00035,,,,,,,,,20,,876970,11715,,,875390,11715,,,,,,
NE-HVAC-AirEcono-Adjust-ExSP68F,DEER2024,D24_E+_Com_v1,6/15/2026 10:46,Any,ESe,Ex,CZ11,cPVVG,Each,1,74400,None,1420,-0.002,0.00068,1420,-0.002,0.00068,,,,,,,,,20,,893480,15488,,,892060,15488,,,,,,
NE-HVAC-AirEcono-Adjust-ExSP68F,DEER2024,D24_E+_Com_v1,6/15/2026 10:46,Any,ESe,Ex,CZ12,cPVVG,Each,1,74400,None,1490,0,0.00102,1490,0,0.00102,,,,,,,,,20,,818770,15896,,,817280,15896,,,,,,
NE-HVAC-AirEcono-Adjust-ExSP68F,DEER2024,D24_E+_Com_v1,6/15/2026 10:46,Any,ESe,Ex,CZ13,cPVVG,Each,1,74400,None,1550,0,0.00068,1550,0,0.00068,,,,,,,,,20,,899950,14316,,,898400,14316,,,,,,
NE-HVAC-AirEcono-Adjust-ExSP68F,DEER2024,D24_E+_Com_v1,6/15/2026 10:46,Any,ESe,Ex,CZ14,cPVVG,Each,1,74400,None,1300,-0.001,0,1300,-0.001,0,,,,,,,,,20,,886220,14248,,,884920,14248,,,,,,
NE-HVAC-AirEcono-Adjust-ExSP68F,DEER2024,D24_E+_Com_v1,6/15/2026 10:46,Any,ESe,Ex,CZ15,cPVVG,Each,1,74400,None,1370,0,0.000341,1370,0,0.000341,,,,,,,,,20,,1068200,9083.6,,,1066800,9083.6,,,,,,
NE-HVAC-AirEcono-Adjust-ExSP68F,DEER2024,D24_E+_Com_v1,6/15/2026 10:46,Any,ESe,Ex,CZ16,cPVVG,Each,1,74400,None,1940,0.469,0,1940,0.469,0,,,,,,,,,20,,771870,20213,,,769920,20213,,,,,,
NE-HVAC-AirEcono-Adjust-ExSP68F,DEER2024,D24_E+_Com_v1,6/15/2026 10:46,Any,EUn,Ex,CZ01,cDXGF,Each,1,858000,None,1710,1.81,0.00376,1710,1.81,0.00376,,,,,,,,,20,,6808900,47965,,,6807200,47965,,,,,,
NE-HVAC-AirEcono-Adjust-ExSP68F,DEER2024,D24_E+_Com_v1,6/15/2026 10:46,Any,EUn,Ex,CZ02,cDXGF,Each,1,858000,None,26000,6.21,0.0191,26000,6.21,0.0191,,,,,,,,,20,,7564900,41484,,,7538800,41484,,,,,,
NE-HVAC-AirEcono-Adjust-ExSP68F,DEER2024,D24_E+_Com_v1,6/15/2026 10:46,Any,EUn,Ex,CZ03,cDXGF,Each,1,858000,None,30300,17.7,0.00751,30300,17.7,0.00751,,,,,,,,,20,,7237400,36237,,,7207100,36237,,,,,,
NE-HVAC-AirEcono-Adjust-ExSP68F,DEER2024,D24_E+_Com_v1,6/15/2026 10:46,Any,EUn,Ex,CZ04,cDXGF,Each,1,858000,None,28700,-0.002,0.012,28700,-0.002,0.012,,,,,,,,,20,,8000500,39026,,,7971900,39026,,,,,,
NE-HVAC-AirEcono-Adjust-ExSP68F,DEER2024,D24_E+_Com_v1,6/15/2026 10:46,Any,EUn,Ex,CZ05,cDXGF,Each,1,858000,None,44700,11.7,0.0263,44700,11.7,0.0263,,,,,,,,,20,,7403200,36514,,,7358500,36514,,,,,,
NE-HVAC-AirEcono-Adjust-ExSP68F,DEER2024,D24_E+_Com_v1,6/15/2026 10:46,Any,EUn,Ex,CZ06,cDXGF,Each,1,858000,None,44300,12.8,0,44300,12.8,0,,,,,,,,,20,,7754700,29707,,,7710400,29707,,,,,,
NE-HVAC-AirEcono-Adjust-ExSP68F,DEER2024,D24_E+_Com_v1,6/15/2026 10:46,Any,EUn,Ex,CZ07,cDXGF,Each,1,858000,None,15500,0,0,15500,0,0,,,,,,,,,20,,7765900,29113,,,7750400,29113,,,,,,
NE-HVAC-AirEcono-Adjust-ExSP68F,DEER2024,D24_E+_Com_v1,6/15/2026 10:46,Any,EUn,Ex,CZ08,cDXGF,Each,1,858000,None,44100,0,0.00137,44100,0,0.00137,,,,,,,,,20,,8239300,29518,,,8195200,29518,,,,,,
NE-HVAC-AirEcono-Adjust-ExSP68F,DEER2024,D24_E+_Com_v1,6/15/2026 10:46,Any,EUn,Ex,CZ09,cDXGF,Each,1,858000,None,33900,-0.003,0.00102,33900,-0.003,0.00102,,,,,,,,,20,,8293700,30286,,,8259900,30286,,,,,,
NE-HVAC-AirEcono-Adjust-ExSP68F,DEER2024,D24_E+_Com_v1,6/15/2026 10:46,Any,EUn,Ex,CZ10,cDXGF,Each,1,858000,None,41300,-0.001,0.00171,41300,-0.001,0.00171,,,,,,,,,20,,8322700,30084,,,8281400,30084,,,,,,
NE-HVAC-AirEcono-Adjust-ExSP68F,DEER2024,D24_E+_Com_v1,6/15/2026 10:46,Any,EUn,Ex,CZ11,cDXGF,Each,1,858000,None,32700,0.001,0.00068,32700,0.001,0.00068,,,,,,,,,20,,8402700,37781,,,8370000,37781,,,,,,
NE-HVAC-AirEcono-Adjust-ExSP68F,DEER2024,D24_E+_Com_v1,6/15/2026 10:46,Any,EUn,Ex,CZ12,cDXGF,Each,1,858000,None,34800,-0.001,0.00512,34800,-0.001,0.00512,,,,,,,,,20,,7917600,38598,,,7882700,38598,,,,,,
NE-HVAC-AirEcono-Adjust-ExSP68F,DEER2024,D24_E+_Com_v1,6/15/2026 10:46,Any,EUn,Ex,CZ13,cDXGF,Each,1,858000,None,37500,0.001,0.00478,37500,0.001,0.00478,,,,,,,,,20,,8466900,34897,,,8429300,34897,,,,,,
NE-HVAC-AirEcono-Adjust-ExSP68F,DEER2024,D24_E+_Com_v1,6/15/2026 10:46,Any,EUn,Ex,CZ14,cDXGF,Each,1,858000,None,32100,0,0.00102,32100,0,0.00102,,,,,,,,,20,,8559000,36701,,,8526800,36701,,,,,,
NE-HVAC-AirEcono-Adjust-ExSP68F,DEER2024,D24_E+_Com_v1,6/15/2026 10:46,Any,EUn,Ex,CZ15,cDXGF,Each,1,858000,None,32100,0,-0.00034,32100,0,-0.00034,,,,,,,,,20,,9580300,24785,,,9548200,24785,,,,,,
NE-HVAC-AirEcono-Adjust-ExSP68F,DEER2024,D24_E+_Com_v1,6/15/2026 10:46,Any,EUn,Ex,CZ16,cDXGF,Each,1,858000,None,40200,8.49,0.00035,40200,8.49,0.00035,,,,,,,,,20,,7932800,48293,,,7892600,48293,,,,,,
NE-HVAC-AirEcono-Adjust-ExSP68F,DEER2024,D24_E+_Com_v1,6/15/2026 10:46,Any,EUn,Ex,CZ01,cDXHP,Each,1,858000,None,1680,1.85,0,1680,1.85,0,,,,,,,,,20,,6915000,34212,,,6913300,34212,,,,,,
NE-HVAC-AirEcono-Adjust-ExSP68F,DEER2024,D24_E+_Com_v1,6/15/2026 10:46,Any,EUn,Ex,CZ02,cDXHP,Each,1,858000,None,25500,6.3,0,25500,6.3,0,,,,,,,,,20,,7646400,31830,,,7620900,31830,,,,,,
NE-HVAC-AirEcono-Adjust-ExSP68F,DEER2024,D24_E+_Com_v1,6/15/2026 10:46,Any,EUn,Ex,CZ03,cDXHP,Each,1,858000,None,28800,17.8,0,28800,17.8,0,,,,,,,,,20,,7273300,30996,,,7244500,30996,,,,,,
NE-HVAC-AirEcono-Adjust-ExSP68F,DEER2024,D24_E+_Com_v1,6/15/2026 10:46,Any,EUn,Ex,CZ04,cDXHP,Each,1,858000,None,28700,-0.002,0,28700,-0.002,0,,,,,,,,,20,,8086900,30478,,,8058200,30478,,,,,,
NE-HVAC-AirEcono-Adjust-ExSP68F,DEER2024,D24_E+_Com_v1,6/15/2026 10:46,Any,EUn,Ex,CZ05,cDXHP,Each,1,858000,None,41400,11.7,0,41400,11.7,0,,,,,,,,,20,,7442400,30983,,,7401100,30983,,,,,,
NE-HVAC-AirEcono-Adjust-ExSP68F,DEER2024,D24_E+_Com_v1,6/15/2026 10:46,Any,EUn,Ex,CZ06,cDXHP,Each,1,858000,None,45800,12.9,0,45800,12.9,0,,,,,,,,,20,,7747200,28511,,,7701300,28511,,,,,,
NE-HVAC-AirEcono-Adjust-ExSP68F,DEER2024,D24_E+_Com_v1,6/15/2026 10:46,Any,EUn,Ex,CZ07,cDXHP,Each,1,858000,None,15500,0,0,15500,0,0,,,,,,,,,20,,7757800,28218,,,7742300,28218,,,,,,
NE-HVAC-AirEcono-Adjust-ExSP68F,DEER2024,D24_E+_Com_v1,6/15/2026 10:46,Any,EUn,Ex,CZ08,cDXHP,Each,1,858000,None,44200,0,0,44200,0,0,,,,,,,,,20,,8244200,27732,,,8200000,27732,,,,,,
NE-HVAC-AirEcono-Adjust-ExSP68F,DEER2024,D24_E+_Com_v1,6/15/2026 10:46,Any,EUn,Ex,CZ09,cDXHP,Each,1,858000,None,34000,0,0,34000,0,0,,,,,,,,,20,,8309100,27989,,,8275100,27989,,,,,,
NE-HVAC-AirEcono-Adjust-ExSP68F,DEER2024,D24_E+_Com_v1,6/15/2026 10:46,Any,EUn,Ex,CZ10,cDXHP,Each,1,858000,None,41500,-0.001,0,41500,-0.001,0,,,,,,,,,20,,8342000,27603,,,8300400,27603,,,,,,
NE-HVAC-AirEcono-Adjust-ExSP68F,DEER2024,D24_E+_Com_v1,6/15/2026 10:46,Any,EUn,Ex,CZ11,cDXHP,Each,1,858000,None,32800,-0.001,0,32800,-0.001,0,,,,,,,,,20,,8486900,29253,,,8454100,29253,,,,,,
NE-HVAC-AirEcono-Adjust-ExSP68F,DEER2024,D24_E+_Com_v1,6/15/2026 10:46,Any,EUn,Ex,CZ12,cDXHP,Each,1,858000,None,34300,-0.005,0,34300,-0.005,0,,,,,,,,,20,,7989300,30241,,,7955000,30241,,,,,,
NE-HVAC-AirEcono-Adjust-ExSP68F,DEER2024,D24_E+_Com_v1,6/15/2026 10:46,Any,EUn,Ex,CZ13,cDXHP,Each,1,858000,None,37500,0.002,0,37500,0.002,0,,,,,,,,,20,,8531400,28330,,,8493800,28330,,,,,,
NE-HVAC-AirEcono-Adjust-ExSP68F,DEER2024,D24_E+_Com_v1,6/15/2026 10:46,Any,EUn,Ex,CZ14,cDXHP,Each,1,858000,None,32400,0,0.00069,32400,0,0.00069,,,,,,,,,20,,8646900,29003,,,8614500,29003,,,,,,
NE-HVAC-AirEcono-Adjust-ExSP68F,DEER2024,D24_E+_Com_v1,6/15/2026 10:46,Any,EUn,Ex,CZ15,cDXHP,Each,1,858000,None,32300,0,0,32300,0,0,,,,,,,,,20,,9602500,23722,,,9570200,23722,,,,,,
NE-HVAC-AirEcono-Adjust-ExSP68F,DEER2024,D24_E+_Com_v1,6/15/2026 10:46,Any,EUn,Ex,CZ16,cDXHP,Each,1,858000,None,40400,8.56,0,40400,8.56,0,,,,,,,,,20,,8086200,34779,,,8045900,34779,,,,,,
NE-HVAC-AirEcono-Adjust-ExSP68F,DEER2024,D24_E+_Com_v1,6/15/2026 10:46,Any,EUn,Ex,CZ01,cDXOH,Each,1,858000,None,1710,1.81,0,1710,1.81,0,,,,,,,,,20,,6807500,34462,,,6805800,34462,,,,,,
NE-HVAC-AirEcono-Adjust-ExSP68F,DEER2024,D24_E+_Com_v1,6/15/2026 10:46,Any,EUn,Ex,CZ02,cDXOH,Each,1,858000,None,26000,6.21,0,26000,6.21,0,,,,,,,,,20,,7561700,31984,,,7535700,31984,,,,,,
NE-HVAC-AirEcono-Adjust-ExSP68F,DEER2024,D24_E+_Com_v1,6/15/2026 10:46,Any,EUn,Ex,CZ03,cDXOH,Each,1,858000,None,30300,17.7,-0.00035,30300,17.7,-0.00035,,,,,,,,,20,,7235800,31049,,,7205500,31049,,,,,,
NE-HVAC-AirEcono-Adjust-ExSP68F,DEER2024,D24_E+_Com_v1,6/15/2026 10:46,Any,EUn,Ex,CZ04,cDXOH,Each,1,858000,None,28600,-0.002,-0.00034,28600,-0.002,-0.00034,,,,,,,,,20,,7996200,30566,,,7967600,30566,,,,,,
NE-HVAC-AirEcono-Adjust-ExSP68F,DEER2024,D24_E+_Com_v1,6/15/2026 10:46,Any,EUn,Ex,CZ05,cDXOH,Each,1,858000,None,44700,11.7,0,44700,11.7,0,,,,,,,,,20,,7399400,31014,,,7354700,31014,,,,,,
NE-HVAC-AirEcono-Adjust-ExSP68F,DEER2024,D24_E+_Com_v1,6/15/2026 10:46,Any,EUn,Ex,CZ06,cDXOH,Each,1,858000,None,44300,12.8,0,44300,12.8,0,,,,,,,,,20,,7754000,28514,,,7709700,28514,,,,,,
NE-HVAC-AirEcono-Adjust-ExSP68F,DEER2024,D24_E+_Com_v1,6/15/2026 10:46,Any,EUn,Ex,CZ07,cDXOH,Each,1,858000,None,15500,0,0,15500,0,0,,,,,,,,,20,,7765300,28220,,,7749800,28220,,,,,,
NE-HVAC-AirEcono-Adjust-ExSP68F,DEER2024,D24_E+_Com_v1,6/15/2026 10:46,Any,EUn,Ex,CZ08,cDXOH,Each,1,858000,None,44100,0,0,44100,0,0,,,,,,,,,20,,8237800,27738,,,8193700,27738,,,,,,
NE-HVAC-AirEcono-Adjust-ExSP68F,DEER2024,D24_E+_Com_v1,6/15/2026 10:46,Any,EUn,Ex,CZ09,cDXOH,Each,1,858000,None,33900,-0.003,0,33900,-0.003,0,,,,,,,,,20,,8292300,28005,,,8258400,28005,,,,,,
NE-HVAC-AirEcono-Adjust-ExSP68F,DEER2024,D24_E+_Com_v1,6/15/2026 10:46,Any,EUn,Ex,CZ10,cDXOH,Each,1,858000,None,41300,-0.001,0,41300,-0.001,0,,,,,,,,,20,,8320900,27614,,,8279600,27614,,,,,,
NE-HVAC-AirEcono-Adjust-ExSP68F,DEER2024,D24_E+_Com_v1,6/15/2026 10:46,Any,EUn,Ex,CZ11,cDXOH,Each,1,858000,None,32700,0.001,-0.00069,32700,0.001,-0.00069,,,,,,,,,20,,8402700,29437,,,8370000,29437,,,,,,
NE-HVAC-AirEcono-Adjust-ExSP68F,DEER2024,D24_E+_Com_v1,6/15/2026 10:46,Any,EUn,Ex,CZ12,cDXOH,Each,1,858000,None,34800,-0.001,0,34800,-0.001,0,,,,,,,,,20,,7916300,30422,,,7881500,30422,,,,,,
NE-HVAC-AirEcono-Adjust-ExSP68F,DEER2024,D24_E+_Com_v1,6/15/2026 10:46,Any,EUn,Ex,CZ13,cDXOH,Each,1,858000,None,37500,0.001,0,37500,0.001,0,,,,,,,,,20,,8465800,28488,,,8428300,28488,,,,,,
NE-HVAC-AirEcono-Adjust-ExSP68F,DEER2024,D24_E+_Com_v1,6/15/2026 10:46,Any,EUn,Ex,CZ14,cDXOH,Each,1,858000,None,32100,0,0,32100,0,0,,,,,,,,,20,,8556100,29086,,,8524000,29086,,,,,,
NE-HVAC-AirEcono-Adjust-ExSP68F,DEER2024,D24_E+_Com_v1,6/15/2026 10:46,Any,EUn,Ex,CZ15,cDXOH,Each,1,858000,None,32100,0,0,32100,0,0,,,,,,,,,20,,9579500,23724,,,9547400,23724,,,,,,
NE-HVAC-AirEcono-Adjust-ExSP68F,DEER2024,D24_E+_Com_v1,6/15/2026 10:46,Any,EUn,Ex,CZ16,cDXOH,Each,1,858000,None,40200,8.49,0.00034,40200,8.49,0.00034,,,,,,,,,20,,7939000,35172,,,7898800,35172,,,,,,
NE-HVAC-AirEcono-Adjust-ExSP68F,DEER2024,D24_E+_Com_v1,6/15/2026 10:46,Any,EUn,Ex,CZ01,cPVVG,Each,1,858000,None,1480,1.39,0.00512,1480,1.39,0.00512,,,,,,,,,20,,5860700,57590,,,5859300,57590,,,,,,
NE-HVAC-AirEcono-Adjust-ExSP68F,DEER2024,D24_E+_Com_v1,6/15/2026 10:46,Any,EUn,Ex,CZ02,cPVVG,Each,1,858000,None,21100,4.68,0.0539,21100,4.68,0.0539,,,,,,,,,20,,6578200,48992,,,6557100,48991,,,,,,
NE-HVAC-AirEcono-Adjust-ExSP68F,DEER2024,D24_E+_Com_v1,6/15/2026 10:46,Any,EUn,Ex,CZ03,cPVVG,Each,1,858000,None,25400,13.8,0.0218,25400,13.8,0.0218,,,,,,,,,20,,6265500,41065,,,6240100,41065,,,,,,
NE-HVAC-AirEcono-Adjust-ExSP68F,DEER2024,D24_E+_Com_v1,6/15/2026 10:46,Any,EUn,Ex,CZ04,cPVVG,Each,1,858000,None,23000,-0.002,0.0355,23000,-0.002,0.0355,,,,,,,,,20,,7017700,45345,,,6994600,45344,,,,,,
NE-HVAC-AirEcono-Adjust-ExSP68F,DEER2024,D24_E+_Com_v1,6/15/2026 10:46,Any,EUn,Ex,CZ05,cPVVG,Each,1,858000,None,38400,9.18,0.0809,38400,9.18,0.0809,,,,,,,,,20,,6415300,41863,,,6376900,41862,,,,,,
NE-HVAC-AirEcono-Adjust-ExSP68F,DEER2024,D24_E+_Com_v1,6/15/2026 10:46,Any,EUn,Ex,CZ06,cPVVG,Each,1,858000,None,35900,9.42,-0.00171,35900,9.42,-0.00171,,,,,,,,,20,,6837800,31393,,,6801900,31393,,,,,,
NE-HVAC-AirEcono-Adjust-ExSP68F,DEER2024,D24_E+_Com_v1,6/15/2026 10:46,Any,EUn,Ex,CZ07,cPVVG,Each,1,858000,None,12100,0,0.00102,12100,0,0.00102,,,,,,,,,20,,6842500,30549,,,6830300,30549,,,,,,
NE-HVAC-AirEcono-Adjust-ExSP68F,DEER2024,D24_E+_Com_v1,6/15/2026 10:46,Any,EUn,Ex,CZ08,cPVVG,Each,1,858000,None,34300,0,0.0109,34300,0,0.0109,,,,,,,,,20,,7291100,31641,,,7256800,31641,,,,,,
NE-HVAC-AirEcono-Adjust-ExSP68F,DEER2024,D24_E+_Com_v1,6/15/2026 10:46,Any,EUn,Ex,CZ09,cPVVG,Each,1,858000,None,27100,0,0.00853,27100,0,0.00853,,,,,,,,,20,,7305500,32842,,,7278400,32842,,,,,,
NE-HVAC-AirEcono-Adjust-ExSP68F,DEER2024,D24_E+_Com_v1,6/15/2026 10:46,Any,EUn,Ex,CZ10,cPVVG,Each,1,858000,None,32700,0,0.0133,32700,0,0.0133,,,,,,,,,20,,7380700,32798,,,7348000,32798,,,,,,
NE-HVAC-AirEcono-Adjust-ExSP68F,DEER2024,D24_E+_Com_v1,6/15/2026 10:46,Any,EUn,Ex,CZ11,cPVVG,Each,1,858000,None,26100,0.002,0.0109,26100,0.002,0.0109,,,,,,,,,20,,7422100,44178,,,7395900,44178,,,,,,
NE-HVAC-AirEcono-Adjust-ExSP68F,DEER2024,D24_E+_Com_v1,6/15/2026 10:46,Any,EUn,Ex,CZ12,cPVVG,Each,1,858000,None,28000,-0.001,0.0283,28000,-0.001,0.0283,,,,,,,,,20,,6962400,44903,,,6934400,44903,,,,,,
NE-HVAC-AirEcono-Adjust-ExSP68F,DEER2024,D24_E+_Com_v1,6/15/2026 10:46,Any,EUn,Ex,CZ13,cPVVG,Each,1,858000,None,29900,0.002,0.0188,29900,0.002,0.0188,,,,,,,,,20,,7501800,40289,,,7471900,40289,,,,,,
NE-HVAC-AirEcono-Adjust-ExSP68F,DEER2024,D24_E+_Com_v1,6/15/2026 10:46,Any,EUn,Ex,CZ14,cPVVG,Each,1,858000,None,26700,0,0.00649,26700,0,0.00649,,,,,,,,,20,,7551300,42386,,,7524600,42386,,,,,,
NE-HVAC-AirEcono-Adjust-ExSP68F,DEER2024,D24_E+_Com_v1,6/15/2026 10:46,Any,EUn,Ex,CZ15,cPVVG,Each,1,858000,None,25000,0,0.00375,25000,0,0.00375,,,,,,,,,20,,8667000,26150,,,8642000,26150,,,,,,
NE-HVAC-AirEcono-Adjust-ExSP68F,DEER2024,D24_E+_Com_v1,6/15/2026 10:46,Any,EUn,Ex,CZ16,cPVVG,Each,1,858000,None,35000,7.14,0.00034,35000,7.14,0.00034,,,,,,,,,20,,6724100,58493,,,6689200,58493,,,,,,
NE-HVAC-AirEcono-Adjust-ExSP68F,DEER2024,D24_E+_Com_v1,6/15/2026 10:46,Any,Gro,Ex,CZ01,cDXGF,Each,1,50000,None,230,0.023,0.0242,230,0.023,0.0242,,,,,,,,,20,,1574000,11515,,,1573800,11515,,,,,,
NE-HVAC-AirEcono-Adjust-ExSP68F,DEER2024,D24_E+_Com_v1,6/15/2026 10:46,Any,Gro,Ex,CZ02,cDXGF,Each,1,50000,None,-182,0.564,0.971,-182,0.564,0.971,,,,,,,,,20,,1746700,8348.4,,,1746900,8347.4,,,,,,
NE-HVAC-AirEcono-Adjust-ExSP68F,DEER2024,D24_E+_Com_v1,6/15/2026 10:46,Any,Gro,Ex,CZ03,cDXGF,Each,1,50000,None,438,1.22,0.54,438,1.22,0.54,,,,,,,,,20,,1779300,6652.6,,,1778900,6652.1,,,,,,
NE-HVAC-AirEcono-Adjust-ExSP68F,DEER2024,D24_E+_Com_v1,6/15/2026 10:46,Any,Gro,Ex,CZ04,cDXGF,Each,1,50000,None,1010,-0.006,0.557,1010,-0.006,0.557,,,,,,,,,20,,1893800,6989.3,,,1892800,6988.7,,,,,,
NE-HVAC-AirEcono-Adjust-ExSP68F,DEER2024,D24_E+_Com_v1,6/15/2026 10:46,Any,Gro,Ex,CZ05,cDXGF,Each,1,50000,None,1120,1.06,0.719,1120,1.06,0.719,,,,,,,,,20,,1807500,6318.5,,,1806400,6317.8,,,,,,
NE-HVAC-AirEcono-Adjust-ExSP68F,DEER2024,D24_E+_Com_v1,6/15/2026 10:46,Any,Gro,Ex,CZ06,cDXGF,Each,1,50000,None,2010,1.03,0.113,2010,1.03,0.113,,,,,,,,,20,,2151900,3387.9,,,2149900,3387.7,,,,,,
NE-HVAC-AirEcono-Adjust-ExSP68F,DEER2024,D24_E+_Com_v1,6/15/2026 10:46,Any,Gro,Ex,CZ07,cDXGF,Each,1,50000,None,470,-0.001,0.0444,470,-0.001,0.0444,,,,,,,,,20,,2163900,3222.5,,,2163400,3222.4,,,,,,
NE-HVAC-AirEcono-Adjust-ExSP68F,DEER2024,D24_E+_Com_v1,6/15/2026 10:46,Any,Gro,Ex,CZ08,cDXGF,Each,1,50000,None,942,-0.001,0.213,942,-0.001,0.213,,,,,,,,,20,,2177100,3521.2,,,2176200,3521,,,,,,
NE-HVAC-AirEcono-Adjust-ExSP68F,DEER2024,D24_E+_Com_v1,6/15/2026 10:46,Any,Gro,Ex,CZ09,cDXGF,Each,1,50000,None,295,-0.005,0.257,295,-0.005,0.257,,,,,,,,,20,,2147200,3930.3,,,2146900,3930,,,,,,
NE-HVAC-AirEcono-Adjust-ExSP68F,DEER2024,D24_E+_Com_v1,6/15/2026 10:46,Any,Gro,Ex,CZ10,cDXGF,Each,1,50000,None,174,-0.006,0.327,174,-0.006,0.327,,,,,,,,,20,,2162800,3899.2,,,2162600,3898.8,,,,,,
NE-HVAC-AirEcono-Adjust-ExSP68F,DEER2024,D24_E+_Com_v1,6/15/2026 10:46,Any,Gro,Ex,CZ11,cDXGF,Each,1,50000,None,857,0.014,0.402,857,0.014,0.402,,,,,,,,,20,,2030300,6895.5,,,2029400,6895.1,,,,,,
NE-HVAC-AirEcono-Adjust-ExSP68F,DEER2024,D24_E+_Com_v1,6/15/2026 10:46,Any,Gro,Ex,CZ12,cDXGF,Each,1,50000,None,-1410,-0.007,0.71,-1410,-0.007,0.71,,,,,,,,,20,,1904000,7176.4,,,1905400,7175.7,,,,,,
NE-HVAC-AirEcono-Adjust-ExSP68F,DEER2024,D24_E+_Com_v1,6/15/2026 10:46,Any,Gro,Ex,CZ13,cDXGF,Each,1,50000,None,920,0.024,0.374,920,0.024,0.374,,,,,,,,,20,,2078400,6157.5,,,2077400,6157.1,,,,,,
NE-HVAC-AirEcono-Adjust-ExSP68F,DEER2024,D24_E+_Com_v1,6/15/2026 10:46,Any,Gro,Ex,CZ14,cDXGF,Each,1,50000,None,1810,0.003,0.0331,1810,0.003,0.0331,,,,,,,,,20,,2110200,5994.2,,,2108400,5994.2,,,,,,
NE-HVAC-AirEcono-Adjust-ExSP68F,DEER2024,D24_E+_Com_v1,6/15/2026 10:46,Any,Gro,Ex,CZ15,cDXGF,Each,1,50000,None,1430,0.006,0.0195,1430,0.006,0.0195,,,,,,,,,20,,2441800,2500.8,,,2440300,2500.8,,,,,,
NE-HVAC-AirEcono-Adjust-ExSP68F,DEER2024,D24_E+_Com_v1,6/15/2026 10:46,Any,Gro,Ex,CZ16,cDXGF,Each,1,50000,None,2250,0.805,0.00717,2250,0.805,0.00717,,,,,,,,,20,,1896300,9885,,,1894100,9885,,,,,,
NE-HVAC-AirEcono-Adjust-ExSP68F,DEER2024,D24_E+_Com_v1,6/15/2026 10:46,Any,Gro,Ex,CZ01,cDXHP,Each,1,50000,None,189,0.025,0,189,0.025,0,,,,,,,,,20,,1640500,2261.1,,,1640300,2261.1,,,,,,
NE-HVAC-AirEcono-Adjust-ExSP68F,DEER2024,D24_E+_Com_v1,6/15/2026 10:46,Any,Gro,Ex,CZ02,cDXHP,Each,1,50000,None,-165,0.568,0,-165,0.568,0,,,,,,,,,20,,1794100,2122.3,,,1794300,2122.3,,,,,,
NE-HVAC-AirEcono-Adjust-ExSP68F,DEER2024,D24_E+_Com_v1,6/15/2026 10:46,Any,Gro,Ex,CZ03,cDXHP,Each,1,50000,None,470,1.26,0,470,1.26,0,,,,,,,,,20,,1811300,2099.3,,,1810900,2099.3,,,,,,
NE-HVAC-AirEcono-Adjust-ExSP68F,DEER2024,D24_E+_Com_v1,6/15/2026 10:46,Any,Gro,Ex,CZ04,cDXHP,Each,1,50000,None,1010,-0.005,0,1010,-0.005,0,,,,,,,,,20,,1934100,2041.5,,,1933100,2041.5,,,,,,
NE-HVAC-AirEcono-Adjust-ExSP68F,DEER2024,D24_E+_Com_v1,6/15/2026 10:46,Any,Gro,Ex,CZ05,cDXHP,Each,1,50000,None,1160,1.06,0,1160,1.06,0,,,,,,,,,20,,1837000,2108.8,,,1835900,2108.8,,,,,,
NE-HVAC-AirEcono-Adjust-ExSP68F,DEER2024,D24_E+_Com_v1,6/15/2026 10:46,Any,Gro,Ex,CZ06,cDXHP,Each,1,50000,None,2110,1.03,-0.000342,2110,1.03,-0.000342,,,,,,,,,20,,2161200,1946.6,,,2159000,1946.6,,,,,,
NE-HVAC-AirEcono-Adjust-ExSP68F,DEER2024,D24_E+_Com_v1,6/15/2026 10:46,Any,Gro,Ex,CZ07,cDXHP,Each,1,50000,None,484,-0.001,0,484,-0.001,0,,,,,,,,,20,,2172600,1927.1,,,2172100,1927.1,,,,,,
NE-HVAC-AirEcono-Adjust-ExSP68F,DEER2024,D24_E+_Com_v1,6/15/2026 10:46,Any,Gro,Ex,CZ08,cDXHP,Each,1,50000,None,986,-0.001,0,986,-0.001,0,,,,,,,,,20,,2188900,1888.4,,,2187900,1888.4,,,,,,
NE-HVAC-AirEcono-Adjust-ExSP68F,DEER2024,D24_E+_Com_v1,6/15/2026 10:46,Any,Gro,Ex,CZ09,cDXHP,Each,1,50000,None,323,-0.004,0,323,-0.004,0,,,,,,,,,20,,2162200,1901.7,,,2161900,1901.7,,,,,,
NE-HVAC-AirEcono-Adjust-ExSP68F,DEER2024,D24_E+_Com_v1,6/15/2026 10:46,Any,Gro,Ex,CZ10,cDXHP,Each,1,50000,None,217,-0.006,0,217,-0.006,0,,,,,,,,,20,,2178400,1878.2,,,2178200,1878.2,,,,,,
NE-HVAC-AirEcono-Adjust-ExSP68F,DEER2024,D24_E+_Com_v1,6/15/2026 10:46,Any,Gro,Ex,CZ11,cDXHP,Each,1,50000,None,871,0.016,0,871,0.016,0,,,,,,,,,20,,2070000,1925,,,2069200,1925,,,,,,
NE-HVAC-AirEcono-Adjust-ExSP68F,DEER2024,D24_E+_Com_v1,6/15/2026 10:46,Any,Gro,Ex,CZ12,cDXHP,Each,1,50000,None,-1320,-0.006,0,-1320,-0.006,0,,,,,,,,,20,,1944700,2012,,,1946000,2012,,,,,,
NE-HVAC-AirEcono-Adjust-ExSP68F,DEER2024,D24_E+_Com_v1,6/15/2026 10:46,Any,Gro,Ex,CZ13,cDXHP,Each,1,50000,None,915,0.024,0,915,0.024,0,,,,,,,,,20,,2112400,1887.2,,,2111500,1887.2,,,,,,
NE-HVAC-AirEcono-Adjust-ExSP68F,DEER2024,D24_E+_Com_v1,6/15/2026 10:46,Any,Gro,Ex,CZ14,cDXHP,Each,1,50000,None,1820,0.003,0,1820,0.003,0,,,,,,,,,20,,2144800,1939.6,,,2143000,1939.6,,,,,,
NE-HVAC-AirEcono-Adjust-ExSP68F,DEER2024,D24_E+_Com_v1,6/15/2026 10:46,Any,Gro,Ex,CZ15,cDXHP,Each,1,50000,None,1380,0.006,0,1380,0.006,0,,,,,,,,,20,,2450600,1600.6,,,2449300,1600.6,,,,,,
NE-HVAC-AirEcono-Adjust-ExSP68F,DEER2024,D24_E+_Com_v1,6/15/2026 10:46,Any,Gro,Ex,CZ16,cDXHP,Each,1,50000,None,2330,0.811,0,2330,0.811,0,,,,,,,,,20,,1971400,2214.7,,,1969100,2214.7,,,,,,
NE-HVAC-AirEcono-Adjust-ExSP68F,DEER2024,D24_E+_Com_v1,6/15/2026 10:46,Any,Gro,Ex,CZ01,cDXOH,Each,1,50000,None,318,0.01,0,318,0.01,0,,,,,,,,,20,,1554800,2261.1,,,1554500,2261.1,,,,,,
NE-HVAC-AirEcono-Adjust-ExSP68F,DEER2024,D24_E+_Com_v1,6/15/2026 10:46,Any,Gro,Ex,CZ02,cDXOH,Each,1,50000,None,-202,0.563,0,-202,0.563,0,,,,,,,,,20,,1730300,2122.3,,,1730500,2122.3,,,,,,
NE-HVAC-AirEcono-Adjust-ExSP68F,DEER2024,D24_E+_Com_v1,6/15/2026 10:46,Any,Gro,Ex,CZ03,cDXOH,Each,1,50000,None,-45.1,1.21,0,-45.1,1.21,0,,,,,,,,,20,,1758600,2099.3,,,1758600,2099.3,,,,,,
NE-HVAC-AirEcono-Adjust-ExSP68F,DEER2024,D24_E+_Com_v1,6/15/2026 10:46,Any,Gro,Ex,CZ04,cDXOH,Each,1,50000,None,722,-0.006,0,722,-0.006,0,,,,,,,,,20,,1861400,2041.5,,,1860600,2041.5,,,,,,
NE-HVAC-AirEcono-Adjust-ExSP68F,DEER2024,D24_E+_Com_v1,6/15/2026 10:46,Any,Gro,Ex,CZ05,cDXOH,Each,1,50000,None,753,1.03,0,753,1.03,0,,,,,,,,,20,,1785800,2108.8,,,1785000,2108.8,,,,,,
NE-HVAC-AirEcono-Adjust-ExSP68F,DEER2024,D24_E+_Com_v1,6/15/2026 10:46,Any,Gro,Ex,CZ06,cDXOH,Each,1,50000,None,1920,1.02,0,1920,1.02,0,,,,,,,,,20,,2144600,1946.6,,,2142700,1946.6,,,,,,
NE-HVAC-AirEcono-Adjust-ExSP68F,DEER2024,D24_E+_Com_v1,6/15/2026 10:46,Any,Gro,Ex,CZ07,cDXOH,Each,1,50000,None,429,0,0,429,0,0,,,,,,,,,20,,2154200,1927.1,,,2153800,1927.1,,,,,,
NE-HVAC-AirEcono-Adjust-ExSP68F,DEER2024,D24_E+_Com_v1,6/15/2026 10:46,Any,Gro,Ex,CZ08,cDXOH,Each,1,50000,None,344,-0.001,0,344,-0.001,0,,,,,,,,,20,,2166900,1888.4,,,2166500,1888.4,,,,,,
NE-HVAC-AirEcono-Adjust-ExSP68F,DEER2024,D24_E+_Com_v1,6/15/2026 10:46,Any,Gro,Ex,CZ09,cDXOH,Each,1,50000,None,268,-0.004,0,268,-0.004,0,,,,,,,,,20,,2128900,1901.7,,,2128600,1901.7,,,,,,
NE-HVAC-AirEcono-Adjust-ExSP68F,DEER2024,D24_E+_Com_v1,6/15/2026 10:46,Any,Gro,Ex,CZ10,cDXOH,Each,1,50000,None,105,-0.006,0,105,-0.006,0,,,,,,,,,20,,2148100,1878.2,,,2148000,1878.2,,,,,,
NE-HVAC-AirEcono-Adjust-ExSP68F,DEER2024,D24_E+_Com_v1,6/15/2026 10:46,Any,Gro,Ex,CZ11,cDXOH,Each,1,50000,None,662,0.014,0,662,0.014,0,,,,,,,,,20,,2009700,1925,,,2009100,1925,,,,,,
NE-HVAC-AirEcono-Adjust-ExSP68F,DEER2024,D24_E+_Com_v1,6/15/2026 10:46,Any,Gro,Ex,CZ12,cDXOH,Each,1,50000,None,-1200,-0.007,0,-1200,-0.007,0,,,,,,,,,20,,1887600,2012,,,1888800,2012,,,,,,
NE-HVAC-AirEcono-Adjust-ExSP68F,DEER2024,D24_E+_Com_v1,6/15/2026 10:46,Any,Gro,Ex,CZ13,cDXOH,Each,1,50000,None,832,0.023,0,832,0.023,0,,,,,,,,,20,,2055600,1887.2,,,2054800,1887.2,,,,,,
NE-HVAC-AirEcono-Adjust-ExSP68F,DEER2024,D24_E+_Com_v1,6/15/2026 10:46,Any,Gro,Ex,CZ14,cDXOH,Each,1,50000,None,1620,0.003,0,1620,0.003,0,,,,,,,,,20,,2075500,1939.6,,,2073900,1939.6,,,,,,
NE-HVAC-AirEcono-Adjust-ExSP68F,DEER2024,D24_E+_Com_v1,6/15/2026 10:46,Any,Gro,Ex,CZ15,cDXOH,Each,1,50000,None,1400,0.006,0,1400,0.006,0,,,,,,,,,20,,2431700,1600.6,,,2430300,1600.6,,,,,,
NE-HVAC-AirEcono-Adjust-ExSP68F,DEER2024,D24_E+_Com_v1,6/15/2026 10:46,Any,Gro,Ex,CZ16,cDXOH,Each,1,50000,None,2050,0.805,0,2050,0.805,0,,,,,,,,,20,,1851200,2214.7,,,1849100,2214.7,,,,,,
NE-HVAC-AirEcono-Adjust-ExSP68F,DEER2024,D24_E+_Com_v1,6/15/2026 10:46,Any,Gro,Ex,CZ01,cPVVG,Each,1,50000,None,42.7,0.004,0.014,42.7,0.004,0.014,,,,,,,,,20,,1462600,14721,,,1462600,14721,,,,,,
NE-HVAC-AirEcono-Adjust-ExSP68F,DEER2024,D24_E+_Com_v1,6/15/2026 10:46,Any,Gro,Ex,CZ02,cPVVG,Each,1,50000,None,776,0.335,0.417,776,0.335,0.417,,,,,,,,,20,,1626200,10587,,,1625500,10586,,,,,,
NE-HVAC-AirEcono-Adjust-ExSP68F,DEER2024,D24_E+_Com_v1,6/15/2026 10:46,Any,Gro,Ex,CZ03,cPVVG,Each,1,50000,None,500,0.643,0.321,500,0.643,0.321,,,,,,,,,20,,1664000,8759.9,,,1663500,8759.6,,,,,,
NE-HVAC-AirEcono-Adjust-ExSP68F,DEER2024,D24_E+_Com_v1,6/15/2026 10:46,Any,Gro,Ex,CZ04,cPVVG,Each,1,50000,None,742,-0.002,0.249,742,-0.002,0.249,,,,,,,,,20,,1760400,9060,,,1759700,9059.8,,,,,,
NE-HVAC-AirEcono-Adjust-ExSP68F,DEER2024,D24_E+_Com_v1,6/15/2026 10:46,Any,Gro,Ex,CZ05,cPVVG,Each,1,50000,None,810,0.429,0.42,810,0.429,0.42,,,,,,,,,20,,1684400,8378.4,,,1683600,8378,,,,,,
NE-HVAC-AirEcono-Adjust-ExSP68F,DEER2024,D24_E+_Com_v1,6/15/2026 10:46,Any,Gro,Ex,CZ06,cPVVG,Each,1,50000,None,1220,0.475,0.174,1220,0.475,0.174,,,,,,,,,20,,2014500,4678.5,,,2013300,4678.3,,,,,,
NE-HVAC-AirEcono-Adjust-ExSP68F,DEER2024,D24_E+_Com_v1,6/15/2026 10:46,Any,Gro,Ex,CZ07,cPVVG,Each,1,50000,None,436,-0.003,0.0386,436,-0.003,0.0386,,,,,,,,,20,,2027400,4454.2,,,2027000,4454.1,,,,,,
NE-HVAC-AirEcono-Adjust-ExSP68F,DEER2024,D24_E+_Com_v1,6/15/2026 10:46,Any,Gro,Ex,CZ08,cPVVG,Each,1,50000,None,820,0.007,0.212,820,0.007,0.212,,,,,,,,,20,,2042400,4713.5,,,2041600,4713.3,,,,,,
NE-HVAC-AirEcono-Adjust-ExSP68F,DEER2024,D24_E+_Com_v1,6/15/2026 10:46,Any,Gro,Ex,CZ09,cPVVG,Each,1,50000,None,808,-0.013,0.187,808,-0.013,0.187,,,,,,,,,20,,2007600,5286.2,,,2006800,5286,,,,,,
NE-HVAC-AirEcono-Adjust-ExSP68F,DEER2024,D24_E+_Com_v1,6/15/2026 10:46,Any,Gro,Ex,CZ10,cPVVG,Each,1,50000,None,629,-0.014,0.332,629,-0.014,0.332,,,,,,,,,20,,2026700,5243.8,,,2026000,5243.4,,,,,,
NE-HVAC-AirEcono-Adjust-ExSP68F,DEER2024,D24_E+_Com_v1,6/15/2026 10:46,Any,Gro,Ex,CZ11,cPVVG,Each,1,50000,None,551,0.025,0.263,551,0.025,0.263,,,,,,,,,20,,1892600,8977.6,,,1892000,8977.4,,,,,,
NE-HVAC-AirEcono-Adjust-ExSP68F,DEER2024,D24_E+_Com_v1,6/15/2026 10:46,Any,Gro,Ex,CZ12,cPVVG,Each,1,50000,None,-416,-0.006,0.72,-416,-0.006,0.72,,,,,,,,,20,,1773600,9258.1,,,1774000,9257.3,,,,,,
NE-HVAC-AirEcono-Adjust-ExSP68F,DEER2024,D24_E+_Com_v1,6/15/2026 10:46,Any,Gro,Ex,CZ13,cPVVG,Each,1,50000,None,366,0.031,0.265,366,0.031,0.265,,,,,,,,,20,,1942100,8071.1,,,1941700,8070.8,,,,,,
NE-HVAC-AirEcono-Adjust-ExSP68F,DEER2024,D24_E+_Com_v1,6/15/2026 10:46,Any,Gro,Ex,CZ14,cPVVG,Each,1,50000,None,1470,0.006,0.0549,1470,0.006,0.0549,,,,,,,,,20,,1957000,7972.2,,,1955500,7972.1,,,,,,
NE-HVAC-AirEcono-Adjust-ExSP68F,DEER2024,D24_E+_Com_v1,6/15/2026 10:46,Any,Gro,Ex,CZ15,cPVVG,Each,1,50000,None,1100,0.016,0.0444,1100,0.016,0.0444,,,,,,,,,20,,2304800,3299.8,,,2303700,3299.7,,,,,,
NE-HVAC-AirEcono-Adjust-ExSP68F,DEER2024,D24_E+_Com_v1,6/15/2026 10:46,Any,Gro,Ex,CZ16,cPVVG,Each,1,50000,None,1490,0.587,0.0205,1490,0.587,0.0205,,,,,,,,,20,,1715700,13235,,,1714200,13235,,,,,,
NE-HVAC-AirEcono-Adjust-ExSP68F,DEER2024,D24_E+_Com_v1,6/15/2026 10:46,Any,Hsp,Ex,CZ01,cDXGF,Each,1,494000,None,257,0.315,1.25,257,0.315,1.25,,,,,,,,,20,,2610800,25033,,,2610500,25031,,,,,,
NE-HVAC-AirEcono-Adjust-ExSP68F,DEER2024,D24_E+_Com_v1,6/15/2026 10:46,Any,Hsp,Ex,CZ02,cDXGF,Each,1,494000,None,4310,1.12,-0.00102,4310,1.12,-0.00102,,,,,,,,,20,,3172800,23934,,,3168500,23934,,,,,,
NE-HVAC-AirEcono-Adjust-ExSP68F,DEER2024,D24_E+_Com_v1,6/15/2026 10:46,Any,Hsp,Ex,CZ03,cDXGF,Each,1,494000,None,4640,3.06,0.102,4640,3.06,0.102,,,,,,,,,20,,2870000,18734,,,2865400,18734,,,,,,
NE-HVAC-AirEcono-Adjust-ExSP68F,DEER2024,D24_E+_Com_v1,6/15/2026 10:46,Any,Hsp,Ex,CZ04,cDXGF,Each,1,494000,None,5070,0,-0.0963,5070,0,-0.0963,,,,,,,,,20,,3496900,22662,,,3491800,22662,,,,,,
NE-HVAC-AirEcono-Adjust-ExSP68F,DEER2024,D24_E+_Com_v1,6/15/2026 10:46,Any,Hsp,Ex,CZ05,cDXGF,Each,1,494000,None,6810,2.01,-0.0396,6810,2.01,-0.0396,,,,,,,,,20,,2944600,18993,,,2937800,18993,,,,,,
NE-HVAC-AirEcono-Adjust-ExSP68F,DEER2024,D24_E+_Com_v1,6/15/2026 10:46,Any,Hsp,Ex,CZ06,cDXGF,Each,1,494000,None,8090,2.33,-0.0177,8090,2.33,-0.0177,,,,,,,,,20,,3265200,12867,,,3257200,12867,,,,,,
NE-HVAC-AirEcono-Adjust-ExSP68F,DEER2024,D24_E+_Com_v1,6/15/2026 10:46,Any,Hsp,Ex,CZ07,cDXGF,Each,1,494000,None,2880,0,0.014,2880,0,0.014,,,,,,,,,20,,3323400,12408,,,3320500,12408,,,,,,
NE-HVAC-AirEcono-Adjust-ExSP68F,DEER2024,D24_E+_Com_v1,6/15/2026 10:46,Any,Hsp,Ex,CZ08,cDXGF,Each,1,494000,None,8050,0,-0.0154,8050,0,-0.0154,,,,,,,,,20,,3682500,13949,,,3674500,13949,,,,,,
NE-HVAC-AirEcono-Adjust-ExSP68F,DEER2024,D24_E+_Com_v1,6/15/2026 10:46,Any,Hsp,Ex,CZ09,cDXGF,Each,1,494000,None,6150,0,0.412,6150,0,0.412,,,,,,,,,20,,3676700,15055,,,3670500,15055,,,,,,
NE-HVAC-AirEcono-Adjust-ExSP68F,DEER2024,D24_E+_Com_v1,6/15/2026 10:46,Any,Hsp,Ex,CZ10,cDXGF,Each,1,494000,None,8150,0,0.158,8150,0,0.158,,,,,,,,,20,,3818900,16464,,,3810800,16464,,,,,,
NE-HVAC-AirEcono-Adjust-ExSP68F,DEER2024,D24_E+_Com_v1,6/15/2026 10:46,Any,Hsp,Ex,CZ11,cDXGF,Each,1,494000,None,5400,-0.001,0.252,5400,-0.001,0.252,,,,,,,,,20,,3791300,22819,,,3785900,22818,,,,,,
NE-HVAC-AirEcono-Adjust-ExSP68F,DEER2024,D24_E+_Com_v1,6/15/2026 10:46,Any,Hsp,Ex,CZ12,cDXGF,Each,1,494000,None,5740,0.001,-0.284,5740,0.001,-0.284,,,,,,,,,20,,3475200,22194,,,3469500,22195,,,,,,
NE-HVAC-AirEcono-Adjust-ExSP68F,DEER2024,D24_E+_Com_v1,6/15/2026 10:46,Any,Hsp,Ex,CZ13,cDXGF,Each,1,494000,None,6480,0,0.00239,6480,0,0.00239,,,,,,,,,20,,3836900,20637,,,3830500,20637,,,,,,
NE-HVAC-AirEcono-Adjust-ExSP68F,DEER2024,D24_E+_Com_v1,6/15/2026 10:46,Any,Hsp,Ex,CZ14,cDXGF,Each,1,494000,None,5630,0,0.099,5630,0,0.099,,,,,,,,,20,,3884600,20116,,,3879000,20116,,,,,,
NE-HVAC-AirEcono-Adjust-ExSP68F,DEER2024,D24_E+_Com_v1,6/15/2026 10:46,Any,Hsp,Ex,CZ15,cDXGF,Each,1,494000,None,5490,0,0.0645,5490,0,0.0645,,,,,,,,,20,,4570100,13600,,,4564600,13600,,,,,,
NE-HVAC-AirEcono-Adjust-ExSP68F,DEER2024,D24_E+_Com_v1,6/15/2026 10:46,Any,Hsp,Ex,CZ16,cDXGF,Each,1,494000,None,6310,1.2,0.128,6310,1.2,0.128,,,,,,,,,20,,3386100,29091,,,3379800,29091,,,,,,
NE-HVAC-AirEcono-Adjust-ExSP68F,DEER2024,D24_E+_Com_v1,6/15/2026 10:46,Any,Hsp,Ex,CZ01,cDXHP,Each,1,494000,None,251,0.322,-0.347,251,0.322,-0.347,,,,,,,,,20,,2623900,23341,,,2623700,23342,,,,,,
NE-HVAC-AirEcono-Adjust-ExSP68F,DEER2024,D24_E+_Com_v1,6/15/2026 10:46,Any,Hsp,Ex,CZ02,cDXHP,Each,1,494000,None,4310,1.13,-0.246,4310,1.13,-0.246,,,,,,,,,20,,3184700,22574,,,3180300,22575,,,,,,
NE-HVAC-AirEcono-Adjust-ExSP68F,DEER2024,D24_E+_Com_v1,6/15/2026 10:46,Any,Hsp,Ex,CZ03,cDXHP,Each,1,494000,None,4490,3.08,0.573,4490,3.08,0.573,,,,,,,,,20,,2875500,17979,,,2871000,17978,,,,,,
NE-HVAC-AirEcono-Adjust-ExSP68F,DEER2024,D24_E+_Com_v1,6/15/2026 10:46,Any,Hsp,Ex,CZ04,cDXHP,Each,1,494000,None,5130,-0.002,0.52,5130,-0.002,0.52,,,,,,,,,20,,3508800,21507,,,3503700,21507,,,,,,
NE-HVAC-AirEcono-Adjust-ExSP68F,DEER2024,D24_E+_Com_v1,6/15/2026 10:46,Any,Hsp,Ex,CZ05,cDXHP,Each,1,494000,None,6470,2.03,-0.0253,6470,2.03,-0.0253,,,,,,,,,20,,2950600,18217,,,2944100,18217,,,,,,
NE-HVAC-AirEcono-Adjust-ExSP68F,DEER2024,D24_E+_Com_v1,6/15/2026 10:46,Any,Hsp,Ex,CZ06,cDXHP,Each,1,494000,None,8290,2.35,-0.105,8290,2.35,-0.105,,,,,,,,,20,,3264200,12711,,,3255900,12711,,,,,,
NE-HVAC-AirEcono-Adjust-ExSP68F,DEER2024,D24_E+_Com_v1,6/15/2026 10:46,Any,Hsp,Ex,CZ07,cDXHP,Each,1,494000,None,2850,0,-0.114,2850,0,-0.114,,,,,,,,,20,,3322300,12279,,,3319500,12279,,,,,,
NE-HVAC-AirEcono-Adjust-ExSP68F,DEER2024,D24_E+_Com_v1,6/15/2026 10:46,Any,Hsp,Ex,CZ08,cDXHP,Each,1,494000,None,8050,-0.012,0.21,8050,-0.012,0.21,,,,,,,,,20,,3682800,13729,,,3674800,13729,,,,,,
NE-HVAC-AirEcono-Adjust-ExSP68F,DEER2024,D24_E+_Com_v1,6/15/2026 10:46,Any,Hsp,Ex,CZ09,cDXHP,Each,1,494000,None,6130,0,-0.149,6130,0,-0.149,,,,,,,,,20,,3678700,14753,,,3672600,14753,,,,,,
NE-HVAC-AirEcono-Adjust-ExSP68F,DEER2024,D24_E+_Com_v1,6/15/2026 10:46,Any,Hsp,Ex,CZ10,cDXHP,Each,1,494000,None,8160,0,0.0642,8160,0,0.0642,,,,,,,,,20,,3821900,16078,,,3813800,16078,,,,,,
NE-HVAC-AirEcono-Adjust-ExSP68F,DEER2024,D24_E+_Com_v1,6/15/2026 10:46,Any,Hsp,Ex,CZ11,cDXHP,Each,1,494000,None,5440,0,0.106,5440,0,0.106,,,,,,,,,20,,3802800,21691,,,3797400,21691,,,,,,
NE-HVAC-AirEcono-Adjust-ExSP68F,DEER2024,D24_E+_Com_v1,6/15/2026 10:46,Any,Hsp,Ex,CZ12,cDXHP,Each,1,494000,None,5750,-0.003,0.176,5750,-0.003,0.176,,,,,,,,,20,,3485500,21054,,,3479800,21053,,,,,,
NE-HVAC-AirEcono-Adjust-ExSP68F,DEER2024,D24_E+_Com_v1,6/15/2026 10:46,Any,Hsp,Ex,CZ13,cDXHP,Each,1,494000,None,6530,0,0.0594,6530,0,0.0594,,,,,,,,,20,,3845800,19768,,,3839300,19768,,,,,,
NE-HVAC-AirEcono-Adjust-ExSP68F,DEER2024,D24_E+_Com_v1,6/15/2026 10:46,Any,Hsp,Ex,CZ14,cDXHP,Each,1,494000,None,5690,0,0.0857,5690,0,0.0857,,,,,,,,,20,,3895200,19210,,,3889500,19210,,,,,,
NE-HVAC-AirEcono-Adjust-ExSP68F,DEER2024,D24_E+_Com_v1,6/15/2026 10:46,Any,Hsp,Ex,CZ15,cDXHP,Each,1,494000,None,5530,0,-0.0928,5530,0,-0.0928,,,,,,,,,20,,4572800,13493,,,4567200,13493,,,,,,
NE-HVAC-AirEcono-Adjust-ExSP68F,DEER2024,D24_E+_Com_v1,6/15/2026 10:46,Any,Hsp,Ex,CZ16,cDXHP,Each,1,494000,None,6370,1.21,0.106,6370,1.21,0.106,,,,,,,,,20,,3405600,27348,,,3399200,27348,,,,,,
NE-HVAC-AirEcono-Adjust-ExSP68F,DEER2024,D24_E+_Com_v1,6/15/2026 10:46,Any,Hsp,Ex,CZ01,cDXOH,Each,1,494000,None,271,0.315,-0.0986,271,0.315,-0.0986,,,,,,,,,20,,2609900,23639,,,2609700,23639,,,,,,
NE-HVAC-AirEcono-Adjust-ExSP68F,DEER2024,D24_E+_Com_v1,6/15/2026 10:46,Any,Hsp,Ex,CZ02,cDXOH,Each,1,494000,None,4310,1.12,0.336,4310,1.12,0.336,,,,,,,,,20,,3172100,22731,,,3167800,22731,,,,,,
NE-HVAC-AirEcono-Adjust-ExSP68F,DEER2024,D24_E+_Com_v1,6/15/2026 10:46,Any,Hsp,Ex,CZ03,cDXOH,Each,1,494000,None,4640,3.06,0.325,4640,3.06,0.325,,,,,,,,,20,,2869600,18081,,,2864900,18081,,,,,,
NE-HVAC-AirEcono-Adjust-ExSP68F,DEER2024,D24_E+_Com_v1,6/15/2026 10:46,Any,Hsp,Ex,CZ04,cDXOH,Each,1,494000,None,5070,0,-0.00546,5070,0,-0.00546,,,,,,,,,20,,3496200,21646,,,3491100,21646,,,,,,
NE-HVAC-AirEcono-Adjust-ExSP68F,DEER2024,D24_E+_Com_v1,6/15/2026 10:46,Any,Hsp,Ex,CZ05,cDXOH,Each,1,494000,None,6810,2.01,-0.0744,6810,2.01,-0.0744,,,,,,,,,20,,2944100,18310,,,2937300,18310,,,,,,
NE-HVAC-AirEcono-Adjust-ExSP68F,DEER2024,D24_E+_Com_v1,6/15/2026 10:46,Any,Hsp,Ex,CZ06,cDXOH,Each,1,494000,None,8080,2.33,0.0887,8080,2.33,0.0887,,,,,,,,,20,,3265100,12727,,,3257000,12727,,,,,,
NE-HVAC-AirEcono-Adjust-ExSP68F,DEER2024,D24_E+_Com_v1,6/15/2026 10:46,Any,Hsp,Ex,CZ07,cDXOH,Each,1,494000,None,2880,0,0.45,2880,0,0.45,,,,,,,,,20,,3323300,12290,,,3320400,12290,,,,,,
NE-HVAC-AirEcono-Adjust-ExSP68F,DEER2024,D24_E+_Com_v1,6/15/2026 10:46,Any,Hsp,Ex,CZ08,cDXOH,Each,1,494000,None,8050,-0.078,0.479,8050,-0.078,0.479,,,,,,,,,20,,3682300,13753,,,3674200,13753,,,,,,
NE-HVAC-AirEcono-Adjust-ExSP68F,DEER2024,D24_E+_Com_v1,6/15/2026 10:46,Any,Hsp,Ex,CZ09,cDXOH,Each,1,494000,None,6150,0,0.175,6150,0,0.175,,,,,,,,,20,,3676500,14788,,,3670300,14788,,,,,,
NE-HVAC-AirEcono-Adjust-ExSP68F,DEER2024,D24_E+_Com_v1,6/15/2026 10:46,Any,Hsp,Ex,CZ10,cDXOH,Each,1,494000,None,8150,0,0.0782,8150,0,0.0782,,,,,,,,,20,,3818600,16116,,,3810500,16116,,,,,,
NE-HVAC-AirEcono-Adjust-ExSP68F,DEER2024,D24_E+_Com_v1,6/15/2026 10:46,Any,Hsp,Ex,CZ11,cDXOH,Each,1,494000,None,5390,-0.001,-0.109,5390,-0.001,-0.109,,,,,,,,,20,,3790800,21813,,,3785400,21813,,,,,,
NE-HVAC-AirEcono-Adjust-ExSP68F,DEER2024,D24_E+_Com_v1,6/15/2026 10:46,Any,Hsp,Ex,CZ12,cDXOH,Each,1,494000,None,5750,-0.003,-0.313,5750,-0.003,-0.313,,,,,,,,,20,,3474600,21228,,,3468900,21228,,,,,,
NE-HVAC-AirEcono-Adjust-ExSP68F,DEER2024,D24_E+_Com_v1,6/15/2026 10:46,Any,Hsp,Ex,CZ13,cDXOH,Each,1,494000,None,6480,0,0.236,6480,0,0.236,,,,,,,,,20,,3836800,19896,,,3830300,19896,,,,,,
NE-HVAC-AirEcono-Adjust-ExSP68F,DEER2024,D24_E+_Com_v1,6/15/2026 10:46,Any,Hsp,Ex,CZ14,cDXOH,Each,1,494000,None,5640,0,0.0662,5640,0,0.0662,,,,,,,,,20,,3884200,19351,,,3878600,19351,,,,,,
NE-HVAC-AirEcono-Adjust-ExSP68F,DEER2024,D24_E+_Com_v1,6/15/2026 10:46,Any,Hsp,Ex,CZ15,cDXOH,Each,1,494000,None,5490,0,-0.313,5490,0,-0.313,,,,,,,,,20,,4570000,13505,,,4564500,13506,,,,,,
NE-HVAC-AirEcono-Adjust-ExSP68F,DEER2024,D24_E+_Com_v1,6/15/2026 10:46,Any,Hsp,Ex,CZ16,cDXOH,Each,1,494000,None,6330,1.2,-0.143,6330,1.2,-0.143,,,,,,,,,20,,3386500,27634,,,3380100,27634,,,,,,
NE-HVAC-AirEcono-Adjust-ExSP68F,DEER2024,D24_E+_Com_v1,6/15/2026 10:46,Any,Hsp,Ex,CZ01,cPVVG,Each,1,494000,None,221,0.259,0.431,221,0.259,0.431,,,,,,,,,20,,2444300,26262,,,2444100,26261,,,,,,
NE-HVAC-AirEcono-Adjust-ExSP68F,DEER2024,D24_E+_Com_v1,6/15/2026 10:46,Any,Hsp,Ex,CZ02,cPVVG,Each,1,494000,None,3540,0.894,-0.0382,3540,0.894,-0.0382,,,,,,,,,20,,2994500,25090,,,2990900,25090,,,,,,
NE-HVAC-AirEcono-Adjust-ExSP68F,DEER2024,D24_E+_Com_v1,6/15/2026 10:46,Any,Hsp,Ex,CZ03,cPVVG,Each,1,494000,None,3950,2.54,0.119,3950,2.54,0.119,,,,,,,,,20,,2699600,19435,,,2695700,19435,,,,,,
NE-HVAC-AirEcono-Adjust-ExSP68F,DEER2024,D24_E+_Com_v1,6/15/2026 10:46,Any,Hsp,Ex,CZ04,cPVVG,Each,1,494000,None,4170,-0.001,0.0352,4170,-0.001,0.0352,,,,,,,,,20,,3316800,23703,,,3312600,23703,,,,,,
NE-HVAC-AirEcono-Adjust-ExSP68F,DEER2024,D24_E+_Com_v1,6/15/2026 10:46,Any,Hsp,Ex,CZ05,cPVVG,Each,1,494000,None,5790,1.67,0.177,5790,1.67,0.177,,,,,,,,,20,,2769800,19742,,,2764000,19742,,,,,,
NE-HVAC-AirEcono-Adjust-ExSP68F,DEER2024,D24_E+_Com_v1,6/15/2026 10:46,Any,Hsp,Ex,CZ06,cPVVG,Each,1,494000,None,6750,1.86,-0.248,6750,1.86,-0.248,,,,,,,,,20,,3096700,13112,,,3089900,13113,,,,,,
NE-HVAC-AirEcono-Adjust-ExSP68F,DEER2024,D24_E+_Com_v1,6/15/2026 10:46,Any,Hsp,Ex,CZ07,cPVVG,Each,1,494000,None,2330,0,-0.212,2330,0,-0.212,,,,,,,,,20,,3152100,12634,,,3149800,12634,,,,,,
NE-HVAC-AirEcono-Adjust-ExSP68F,DEER2024,D24_E+_Com_v1,6/15/2026 10:46,Any,Hsp,Ex,CZ08,cPVVG,Each,1,494000,None,6470,-0.001,-0.0563,6470,-0.001,-0.0563,,,,,,,,,20,,3508300,14251,,,3501800,14251,,,,,,
NE-HVAC-AirEcono-Adjust-ExSP68F,DEER2024,D24_E+_Com_v1,6/15/2026 10:46,Any,Hsp,Ex,CZ09,cPVVG,Each,1,494000,None,5040,0,0.0481,5040,0,0.0481,,,,,,,,,20,,3495900,15448,,,3490800,15448,,,,,,
NE-HVAC-AirEcono-Adjust-ExSP68F,DEER2024,D24_E+_Com_v1,6/15/2026 10:46,Any,Hsp,Ex,CZ10,cPVVG,Each,1,494000,None,6690,0,-0.191,6690,0,-0.191,,,,,,,,,20,,3634300,16945,,,3627600,16946,,,,,,
NE-HVAC-AirEcono-Adjust-ExSP68F,DEER2024,D24_E+_Com_v1,6/15/2026 10:46,Any,Hsp,Ex,CZ11,cPVVG,Each,1,494000,None,4420,0,-0.0478,4420,0,-0.0478,,,,,,,,,20,,3612000,23855,,,3607600,23855,,,,,,
NE-HVAC-AirEcono-Adjust-ExSP68F,DEER2024,D24_E+_Com_v1,6/15/2026 10:46,Any,Hsp,Ex,CZ12,cPVVG,Each,1,494000,None,4690,0,0.332,4690,0,0.332,,,,,,,,,20,,3299700,23236,,,3295000,23236,,,,,,
NE-HVAC-AirEcono-Adjust-ExSP68F,DEER2024,D24_E+_Com_v1,6/15/2026 10:46,Any,Hsp,Ex,CZ13,cPVVG,Each,1,494000,None,5310,0,-0.0491,5310,0,-0.0491,,,,,,,,,20,,3659600,21542,,,3654300,21542,,,,,,
NE-HVAC-AirEcono-Adjust-ExSP68F,DEER2024,D24_E+_Com_v1,6/15/2026 10:46,Any,Hsp,Ex,CZ14,cPVVG,Each,1,494000,None,4800,0,-0.512,4800,0,-0.512,,,,,,,,,20,,3700900,20945,,,3696100,20945,,,,,,
NE-HVAC-AirEcono-Adjust-ExSP68F,DEER2024,D24_E+_Com_v1,6/15/2026 10:46,Any,Hsp,Ex,CZ15,cPVVG,Each,1,494000,None,4440,0,0.168,4440,0,0.168,,,,,,,,,20,,4404400,13774,,,4399900,13774,,,,,,
NE-HVAC-AirEcono-Adjust-ExSP68F,DEER2024,D24_E+_Com_v1,6/15/2026 10:46,Any,Hsp,Ex,CZ16,cPVVG,Each,1,494000,None,5630,1.05,0.0461,5630,1.05,0.0461,,,,,,,,,20,,3173500,30654,,,3167900,30654,,,,,,
NE-HVAC-AirEcono-Adjust-ExSP68F,DEER2024,D24_E+_Com_v1,6/15/2026 10:46,Any,Htl,Ex,CZ01,cDXGF,Each,1,137000,None,53.8,0.054,0,53.8,0.054,0,,,,,,,,,20,,413140,3868.1,,,413080,3868.1,,,,,,
NE-HVAC-AirEcono-Adjust-ExSP68F,DEER2024,D24_E+_Com_v1,6/15/2026 10:46,Any,Htl,Ex,CZ02,cDXGF,Each,1,137000,None,1030,0.223,-0.000342,1030,0.223,-0.000342,,,,,,,,,20,,482720,3177.2,,,481690,3177.2,,,,,,
NE-HVAC-AirEcono-Adjust-ExSP68F,DEER2024,D24_E+_Com_v1,6/15/2026 10:46,Any,Htl,Ex,CZ03,cDXGF,Each,1,137000,None,1120,0.59,0,1120,0.59,0,,,,,,,,,20,,459980,2367,,,458860,2367,,,,,,
NE-HVAC-AirEcono-Adjust-ExSP68F,DEER2024,D24_E+_Com_v1,6/15/2026 10:46,Any,Htl,Ex,CZ04,cDXGF,Each,1,137000,None,1180,0,0,1180,0,0,,,,,,,,,20,,525260,2744.9,,,524080,2744.9,,,,,,
NE-HVAC-AirEcono-Adjust-ExSP68F,DEER2024,D24_E+_Com_v1,6/15/2026 10:46,Any,Htl,Ex,CZ05,cDXGF,Each,1,137000,None,1560,0.404,0.000342,1560,0.404,0.000342,,,,,,,,,20,,465330,2203.1,,,463770,2203.1,,,,,,
NE-HVAC-AirEcono-Adjust-ExSP68F,DEER2024,D24_E+_Com_v1,6/15/2026 10:46,Any,Htl,Ex,CZ06,cDXGF,Each,1,137000,None,1530,0.437,0,1530,0.437,0,,,,,,,,,20,,503240,1577.6,,,501710,1577.6,,,,,,
NE-HVAC-AirEcono-Adjust-ExSP68F,DEER2024,D24_E+_Com_v1,6/15/2026 10:46,Any,Htl,Ex,CZ07,cDXGF,Each,1,137000,None,580,0,0,580,0,0,,,,,,,,,20,,502300,1541.7,,,501720,1541.7,,,,,,
NE-HVAC-AirEcono-Adjust-ExSP68F,DEER2024,D24_E+_Com_v1,6/15/2026 10:46,Any,Htl,Ex,CZ08,cDXGF,Each,1,137000,None,1670,0,0,1670,0,0,,,,,,,,,20,,551500,1608.1,,,549840,1608.1,,,,,,
NE-HVAC-AirEcono-Adjust-ExSP68F,DEER2024,D24_E+_Com_v1,6/15/2026 10:46,Any,Htl,Ex,CZ09,cDXGF,Each,1,137000,None,1350,0,0,1350,0,0,,,,,,,,,20,,554150,1725.9,,,552800,1725.9,,,,,,
NE-HVAC-AirEcono-Adjust-ExSP68F,DEER2024,D24_E+_Com_v1,6/15/2026 10:46,Any,Htl,Ex,CZ10,cDXGF,Each,1,137000,None,1710,0,0,1710,0,0,,,,,,,,,20,,563060,1736.2,,,561360,1736.2,,,,,,
NE-HVAC-AirEcono-Adjust-ExSP68F,DEER2024,D24_E+_Com_v1,6/15/2026 10:46,Any,Htl,Ex,CZ11,cDXGF,Each,1,137000,None,1270,0,0,1270,0,0,,,,,,,,,20,,574360,3247.3,,,573090,3247.3,,,,,,
NE-HVAC-AirEcono-Adjust-ExSP68F,DEER2024,D24_E+_Com_v1,6/15/2026 10:46,Any,Htl,Ex,CZ12,cDXGF,Each,1,137000,None,1360,0,0,1360,0,0,,,,,,,,,20,,521470,3124.3,,,520120,3124.3,,,,,,
NE-HVAC-AirEcono-Adjust-ExSP68F,DEER2024,D24_E+_Com_v1,6/15/2026 10:46,Any,Htl,Ex,CZ13,cDXGF,Each,1,137000,None,1390,0,0,1390,0,0,,,,,,,,,20,,582350,2850.7,,,580970,2850.7,,,,,,
NE-HVAC-AirEcono-Adjust-ExSP68F,DEER2024,D24_E+_Com_v1,6/15/2026 10:46,Any,Htl,Ex,CZ14,cDXGF,Each,1,137000,None,1270,0,0,1270,0,0,,,,,,,,,20,,572500,2468.7,,,571220,2468.7,,,,,,
NE-HVAC-AirEcono-Adjust-ExSP68F,DEER2024,D24_E+_Com_v1,6/15/2026 10:46,Any,Htl,Ex,CZ15,cDXGF,Each,1,137000,None,1380,0,0,1380,0,0,,,,,,,,,20,,695500,1495.2,,,694120,1495.2,,,,,,
NE-HVAC-AirEcono-Adjust-ExSP68F,DEER2024,D24_E+_Com_v1,6/15/2026 10:46,Any,Htl,Ex,CZ16,cDXGF,Each,1,137000,None,1560,0.272,0,1560,0.272,0,,,,,,,,,20,,496590,4535.9,,,495030,4535.9,,,,,,
NE-HVAC-AirEcono-Adjust-ExSP68F,DEER2024,D24_E+_Com_v1,6/15/2026 10:46,Any,Htl,Ex,CZ01,cDXHP,Each,1,137000,None,52,0.056,0,52,0.056,0,,,,,,,,,20,,428310,1803.4,,,428250,1803.4,,,,,,
NE-HVAC-AirEcono-Adjust-ExSP68F,DEER2024,D24_E+_Com_v1,6/15/2026 10:46,Any,Htl,Ex,CZ02,cDXHP,Each,1,137000,None,1040,0.227,-0.000341,1040,0.227,-0.000341,,,,,,,,,20,,493790,1767.8,,,492750,1767.8,,,,,,
NE-HVAC-AirEcono-Adjust-ExSP68F,DEER2024,D24_E+_Com_v1,6/15/2026 10:46,Any,Htl,Ex,CZ03,cDXHP,Each,1,137000,None,1110,0.637,0,1110,0.637,0,,,,,,,,,20,,465380,1616.6,,,464270,1616.6,,,,,,
NE-HVAC-AirEcono-Adjust-ExSP68F,DEER2024,D24_E+_Com_v1,6/15/2026 10:46,Any,Htl,Ex,CZ04,cDXHP,Each,1,137000,None,1180,0,0,1180,0,0,,,,,,,,,20,,534100,1676.7,,,532910,1676.7,,,,,,
NE-HVAC-AirEcono-Adjust-ExSP68F,DEER2024,D24_E+_Com_v1,6/15/2026 10:46,Any,Htl,Ex,CZ05,cDXHP,Each,1,137000,None,1540,0.414,0,1540,0.414,0,,,,,,,,,20,,470110,1562.2,,,468570,1562.2,,,,,,
NE-HVAC-AirEcono-Adjust-ExSP68F,DEER2024,D24_E+_Com_v1,6/15/2026 10:46,Any,Htl,Ex,CZ06,cDXHP,Each,1,137000,None,1630,0.445,0,1630,0.445,0,,,,,,,,,20,,502460,1468.3,,,500830,1468.3,,,,,,
NE-HVAC-AirEcono-Adjust-ExSP68F,DEER2024,D24_E+_Com_v1,6/15/2026 10:46,Any,Htl,Ex,CZ07,cDXHP,Each,1,137000,None,575,0,0,575,0,0,,,,,,,,,20,,501730,1462.4,,,501150,1462.4,,,,,,
NE-HVAC-AirEcono-Adjust-ExSP68F,DEER2024,D24_E+_Com_v1,6/15/2026 10:46,Any,Htl,Ex,CZ08,cDXHP,Each,1,137000,None,1700,0,0,1700,0,0,,,,,,,,,20,,552170,1458.1,,,550470,1458.1,,,,,,
NE-HVAC-AirEcono-Adjust-ExSP68F,DEER2024,D24_E+_Com_v1,6/15/2026 10:46,Any,Htl,Ex,CZ09,cDXHP,Each,1,137000,None,1360,0,0,1360,0,0,,,,,,,,,20,,555910,1474.7,,,554550,1474.7,,,,,,
NE-HVAC-AirEcono-Adjust-ExSP68F,DEER2024,D24_E+_Com_v1,6/15/2026 10:46,Any,Htl,Ex,CZ10,cDXHP,Each,1,137000,None,1720,0,0,1720,0,0,,,,,,,,,20,,565050,1463,,,563330,1463,,,,,,
NE-HVAC-AirEcono-Adjust-ExSP68F,DEER2024,D24_E+_Com_v1,6/15/2026 10:46,Any,Htl,Ex,CZ11,cDXHP,Each,1,137000,None,1280,0,0,1280,0,0,,,,,,,,,20,,585160,1901.9,,,583880,1901.9,,,,,,
NE-HVAC-AirEcono-Adjust-ExSP68F,DEER2024,D24_E+_Com_v1,6/15/2026 10:46,Any,Htl,Ex,CZ12,cDXHP,Each,1,137000,None,1360,0,0,1360,0,0,,,,,,,,,20,,531820,1789.5,,,530460,1789.5,,,,,,
NE-HVAC-AirEcono-Adjust-ExSP68F,DEER2024,D24_E+_Com_v1,6/15/2026 10:46,Any,Htl,Ex,CZ13,cDXHP,Each,1,137000,None,1410,0,0,1410,0,0,,,,,,,,,20,,591650,1738.5,,,590240,1738.5,,,,,,
NE-HVAC-AirEcono-Adjust-ExSP68F,DEER2024,D24_E+_Com_v1,6/15/2026 10:46,Any,Htl,Ex,CZ14,cDXHP,Each,1,137000,None,1290,0,0,1290,0,0,,,,,,,,,20,,580540,1589.8,,,579260,1589.8,,,,,,
NE-HVAC-AirEcono-Adjust-ExSP68F,DEER2024,D24_E+_Com_v1,6/15/2026 10:46,Any,Htl,Ex,CZ15,cDXHP,Each,1,137000,None,1400,0,0,1400,0,0,,,,,,,,,20,,698130,1396.5,,,696730,1396.5,,,,,,
NE-HVAC-AirEcono-Adjust-ExSP68F,DEER2024,D24_E+_Com_v1,6/15/2026 10:46,Any,Htl,Ex,CZ16,cDXHP,Each,1,137000,None,1590,0.277,0,1590,0.277,0,,,,,,,,,20,,519650,2369.5,,,518060,2369.5,,,,,,
NE-HVAC-AirEcono-Adjust-ExSP68F,DEER2024,D24_E+_Com_v1,6/15/2026 10:46,Any,Htl,Ex,CZ01,cDXOH,Each,1,137000,None,53.5,0.054,0,53.5,0.054,0,,,,,,,,,20,,412810,1878.3,,,412750,1878.3,,,,,,
NE-HVAC-AirEcono-Adjust-ExSP68F,DEER2024,D24_E+_Com_v1,6/15/2026 10:46,Any,Htl,Ex,CZ02,cDXOH,Each,1,137000,None,1030,0.223,0,1030,0.223,0,,,,,,,,,20,,482190,1834.7,,,481160,1834.7,,,,,,
NE-HVAC-AirEcono-Adjust-ExSP68F,DEER2024,D24_E+_Com_v1,6/15/2026 10:46,Any,Htl,Ex,CZ03,cDXOH,Each,1,137000,None,1120,0.59,0,1120,0.59,0,,,,,,,,,20,,459720,1634.3,,,458600,1634.3,,,,,,
NE-HVAC-AirEcono-Adjust-ExSP68F,DEER2024,D24_E+_Com_v1,6/15/2026 10:46,Any,Htl,Ex,CZ04,cDXOH,Each,1,137000,None,1170,0,0,1170,0,0,,,,,,,,,20,,524690,1706.9,,,523510,1706.9,,,,,,
NE-HVAC-AirEcono-Adjust-ExSP68F,DEER2024,D24_E+_Com_v1,6/15/2026 10:46,Any,Htl,Ex,CZ05,cDXOH,Each,1,137000,None,1560,0.404,0,1560,0.404,0,,,,,,,,,20,,464860,1570.6,,,463300,1570.6,,,,,,
NE-HVAC-AirEcono-Adjust-ExSP68F,DEER2024,D24_E+_Com_v1,6/15/2026 10:46,Any,Htl,Ex,CZ06,cDXOH,Each,1,137000,None,1530,0.437,0,1530,0.437,0,,,,,,,,,20,,503160,1468.4,,,501630,1468.4,,,,,,
NE-HVAC-AirEcono-Adjust-ExSP68F,DEER2024,D24_E+_Com_v1,6/15/2026 10:46,Any,Htl,Ex,CZ07,cDXOH,Each,1,137000,None,580,0,0,580,0,0,,,,,,,,,20,,502240,1462.4,,,501660,1462.4,,,,,,
NE-HVAC-AirEcono-Adjust-ExSP68F,DEER2024,D24_E+_Com_v1,6/15/2026 10:46,Any,Htl,Ex,CZ08,cDXOH,Each,1,137000,None,1670,0,0,1670,0,0,,,,,,,,,20,,551360,1458.3,,,549690,1458.3,,,,,,
NE-HVAC-AirEcono-Adjust-ExSP68F,DEER2024,D24_E+_Com_v1,6/15/2026 10:46,Any,Htl,Ex,CZ09,cDXOH,Each,1,137000,None,1350,0,0,1350,0,0,,,,,,,,,20,,553950,1476.3,,,552600,1476.3,,,,,,
NE-HVAC-AirEcono-Adjust-ExSP68F,DEER2024,D24_E+_Com_v1,6/15/2026 10:46,Any,Htl,Ex,CZ10,cDXOH,Each,1,137000,None,1700,0,0,1700,0,0,,,,,,,,,20,,562820,1463.7,,,561120,1463.7,,,,,,
NE-HVAC-AirEcono-Adjust-ExSP68F,DEER2024,D24_E+_Com_v1,6/15/2026 10:46,Any,Htl,Ex,CZ11,cDXOH,Each,1,137000,None,1270,0,0,1270,0,0,,,,,,,,,20,,574230,2009.7,,,572960,2009.7,,,,,,
NE-HVAC-AirEcono-Adjust-ExSP68F,DEER2024,D24_E+_Com_v1,6/15/2026 10:46,Any,Htl,Ex,CZ12,cDXOH,Each,1,137000,None,1360,0,0,1360,0,0,,,,,,,,,20,,521310,1880.9,,,519950,1880.9,,,,,,
NE-HVAC-AirEcono-Adjust-ExSP68F,DEER2024,D24_E+_Com_v1,6/15/2026 10:46,Any,Htl,Ex,CZ13,cDXOH,Each,1,137000,None,1390,0,0,1390,0,0,,,,,,,,,20,,582260,1820.1,,,580870,1820.1,,,,,,
NE-HVAC-AirEcono-Adjust-ExSP68F,DEER2024,D24_E+_Com_v1,6/15/2026 10:46,Any,Htl,Ex,CZ14,cDXOH,Each,1,137000,None,1270,0,0,1270,0,0,,,,,,,,,20,,572110,1613.2,,,570830,1613.2,,,,,,
NE-HVAC-AirEcono-Adjust-ExSP68F,DEER2024,D24_E+_Com_v1,6/15/2026 10:46,Any,Htl,Ex,CZ15,cDXOH,Each,1,137000,None,1380,0,0,1380,0,0,,,,,,,,,20,,695400,1397,,,694020,1397,,,,,,
NE-HVAC-AirEcono-Adjust-ExSP68F,DEER2024,D24_E+_Com_v1,6/15/2026 10:46,Any,Htl,Ex,CZ16,cDXOH,Each,1,137000,None,1560,0.272,0,1560,0.272,0,,,,,,,,,20,,497110,2571,,,495540,2571,,,,,,
NE-HVAC-AirEcono-Adjust-ExSP68F,DEER2024,D24_E+_Com_v1,6/15/2026 10:46,Any,Htl,Ex,CZ01,cPVVG,Each,1,137000,None,37.1,0.041,0,37.1,0.041,0,,,,,,,,,20,,362170,3691.5,,,362140,3691.5,,,,,,
NE-HVAC-AirEcono-Adjust-ExSP68F,DEER2024,D24_E+_Com_v1,6/15/2026 10:46,Any,Htl,Ex,CZ02,cPVVG,Each,1,137000,None,661,0.147,0,661,0.147,0,,,,,,,,,20,,427280,3351,,,426620,3351,,,,,,
NE-HVAC-AirEcono-Adjust-ExSP68F,DEER2024,D24_E+_Com_v1,6/15/2026 10:46,Any,Htl,Ex,CZ03,cPVVG,Each,1,137000,None,745,0.405,0,745,0.405,0,,,,,,,,,20,,405270,2497.7,,,404530,2497.7,,,,,,
NE-HVAC-AirEcono-Adjust-ExSP68F,DEER2024,D24_E+_Com_v1,6/15/2026 10:46,Any,Htl,Ex,CZ04,cPVVG,Each,1,137000,None,754,0,-0.000342,754,0,-0.000342,,,,,,,,,20,,470440,2906.2,,,469680,2906.2,,,,,,
NE-HVAC-AirEcono-Adjust-ExSP68F,DEER2024,D24_E+_Com_v1,6/15/2026 10:46,Any,Htl,Ex,CZ05,cPVVG,Each,1,137000,None,1040,0.281,0,1040,0.281,0,,,,,,,,,20,,410120,2315,,,409080,2315,,,,,,
NE-HVAC-AirEcono-Adjust-ExSP68F,DEER2024,D24_E+_Com_v1,6/15/2026 10:46,Any,Htl,Ex,CZ06,cPVVG,Each,1,137000,None,994,0.313,0,994,0.313,0,,,,,,,,,20,,454660,1611.3,,,453670,1611.3,,,,,,
NE-HVAC-AirEcono-Adjust-ExSP68F,DEER2024,D24_E+_Com_v1,6/15/2026 10:46,Any,Htl,Ex,CZ07,cPVVG,Each,1,137000,None,389,0,0,389,0,0,,,,,,,,,20,,452710,1569.5,,,452320,1569.5,,,,,,
NE-HVAC-AirEcono-Adjust-ExSP68F,DEER2024,D24_E+_Com_v1,6/15/2026 10:46,Any,Htl,Ex,CZ08,cPVVG,Each,1,137000,None,1090,0,0,1090,0,0,,,,,,,,,20,,499030,1667.8,,,497940,1667.8,,,,,,
NE-HVAC-AirEcono-Adjust-ExSP68F,DEER2024,D24_E+_Com_v1,6/15/2026 10:46,Any,Htl,Ex,CZ09,cPVVG,Each,1,137000,None,885,0,0,885,0,0,,,,,,,,,20,,499060,1831.8,,,498180,1831.8,,,,,,
NE-HVAC-AirEcono-Adjust-ExSP68F,DEER2024,D24_E+_Com_v1,6/15/2026 10:46,Any,Htl,Ex,CZ10,cPVVG,Each,1,137000,None,1100,0,0,1100,0,0,,,,,,,,,20,,508640,1841.2,,,507540,1841.2,,,,,,
NE-HVAC-AirEcono-Adjust-ExSP68F,DEER2024,D24_E+_Com_v1,6/15/2026 10:46,Any,Htl,Ex,CZ11,cPVVG,Each,1,137000,None,821,0,0,821,0,0,,,,,,,,,20,,518710,3596,,,517890,3596,,,,,,
NE-HVAC-AirEcono-Adjust-ExSP68F,DEER2024,D24_E+_Com_v1,6/15/2026 10:46,Any,Htl,Ex,CZ12,cPVVG,Each,1,137000,None,896,0,0,896,0,0,,,,,,,,,20,,468230,3307.5,,,467330,3307.5,,,,,,
NE-HVAC-AirEcono-Adjust-ExSP68F,DEER2024,D24_E+_Com_v1,6/15/2026 10:46,Any,Htl,Ex,CZ13,cPVVG,Each,1,137000,None,977,0,0,977,0,0,,,,,,,,,20,,530350,3137.7,,,529370,3137.7,,,,,,
NE-HVAC-AirEcono-Adjust-ExSP68F,DEER2024,D24_E+_Com_v1,6/15/2026 10:46,Any,Htl,Ex,CZ14,cPVVG,Each,1,137000,None,891,0,0.000341,891,0,0.000341,,,,,,,,,20,,516640,2743.9,,,515750,2743.9,,,,,,
NE-HVAC-AirEcono-Adjust-ExSP68F,DEER2024,D24_E+_Com_v1,6/15/2026 10:46,Any,Htl,Ex,CZ15,cPVVG,Each,1,137000,None,946,0,0,946,0,0,,,,,,,,,20,,650060,1548.1,,,649110,1548.1,,,,,,
NE-HVAC-AirEcono-Adjust-ExSP68F,DEER2024,D24_E+_Com_v1,6/15/2026 10:46,Any,Htl,Ex,CZ16,cPVVG,Each,1,137000,None,1210,0.219,0.000341,1210,0.219,0.000341,,,,,,,,,20,,430500,5316.4,,,429300,5316.4,,,,,,
NE-HVAC-AirEcono-Adjust-ExSP68F,DEER2024,D24_E+_Com_v1,6/15/2026 10:46,Any,MBT,Ex,CZ01,cDXGF,Each,1,400000,None,216,0.265,0.0011,216,0.265,0.0011,,,,,,,,,20,,3100300,175550,,,3100100,175550,,,,,,
NE-HVAC-AirEcono-Adjust-ExSP68F,DEER2024,D24_E+_Com_v1,6/15/2026 10:46,Any,MBT,Ex,CZ02,cDXGF,Each,1,400000,None,4140,1.09,0.0021,4140,1.09,0.0021,,,,,,,,,20,,3370800,141400,,,3366700,141400,,,,,,
NE-HVAC-AirEcono-Adjust-ExSP68F,DEER2024,D24_E+_Com_v1,6/15/2026 10:46,Any,MBT,Ex,CZ03,cDXGF,Each,1,400000,None,4360,2.86,0.0188,4360,2.86,0.0188,,,,,,,,,20,,3211600,115080,,,3207200,115080,,,,,,
NE-HVAC-AirEcono-Adjust-ExSP68F,DEER2024,D24_E+_Com_v1,6/15/2026 10:46,Any,MBT,Ex,CZ04,cDXGF,Each,1,400000,None,5030,0,0.0055,5030,0,0.0055,,,,,,,,,20,,3576500,123280,,,3571500,123280,,,,,,
NE-HVAC-AirEcono-Adjust-ExSP68F,DEER2024,D24_E+_Com_v1,6/15/2026 10:46,Any,MBT,Ex,CZ05,cDXGF,Each,1,400000,None,6230,1.88,0.012,6230,1.88,0.012,,,,,,,,,20,,3235200,120530,,,3229000,120530,,,,,,
NE-HVAC-AirEcono-Adjust-ExSP68F,DEER2024,D24_E+_Com_v1,6/15/2026 10:46,Any,MBT,Ex,CZ06,cDXGF,Each,1,400000,None,7790,2.3,0.00137,7790,2.3,0.00137,,,,,,,,,20,,3369600,68096,,,3361800,68096,,,,,,
NE-HVAC-AirEcono-Adjust-ExSP68F,DEER2024,D24_E+_Com_v1,6/15/2026 10:46,Any,MBT,Ex,CZ07,cDXGF,Each,1,400000,None,2770,0,0,2770,0,0,,,,,,,,,20,,3386900,64276,,,3384100,64276,,,,,,
NE-HVAC-AirEcono-Adjust-ExSP68F,DEER2024,D24_E+_Com_v1,6/15/2026 10:46,Any,MBT,Ex,CZ08,cDXGF,Each,1,400000,None,8270,0,0.00171,8270,0,0.00171,,,,,,,,,20,,3627500,71067,,,3619200,71067,,,,,,
NE-HVAC-AirEcono-Adjust-ExSP68F,DEER2024,D24_E+_Com_v1,6/15/2026 10:46,Any,MBT,Ex,CZ09,cDXGF,Each,1,400000,None,6380,0,0.00068,6380,0,0.00068,,,,,,,,,20,,3635300,75302,,,3629000,75302,,,,,,
NE-HVAC-AirEcono-Adjust-ExSP68F,DEER2024,D24_E+_Com_v1,6/15/2026 10:46,Any,MBT,Ex,CZ10,cDXGF,Each,1,400000,None,7950,0,0.00034,7950,0,0.00034,,,,,,,,,20,,3732200,77491,,,3724200,77491,,,,,,
NE-HVAC-AirEcono-Adjust-ExSP68F,DEER2024,D24_E+_Com_v1,6/15/2026 10:46,Any,MBT,Ex,CZ11,cDXGF,Each,1,400000,None,6020,0.003,-0.0007,6020,0.003,-0.0007,,,,,,,,,20,,3883700,110850,,,3877600,110850,,,,,,
NE-HVAC-AirEcono-Adjust-ExSP68F,DEER2024,D24_E+_Com_v1,6/15/2026 10:46,Any,MBT,Ex,CZ12,cDXGF,Each,1,400000,None,6060,0,0.0205,6060,0,0.0205,,,,,,,,,20,,3597300,118550,,,3591300,118550,,,,,,
NE-HVAC-AirEcono-Adjust-ExSP68F,DEER2024,D24_E+_Com_v1,6/15/2026 10:46,Any,MBT,Ex,CZ13,cDXGF,Each,1,400000,None,7350,0,0.0004,7350,0,0.0004,,,,,,,,,20,,3947400,101640,,,3940100,101640,,,,,,
NE-HVAC-AirEcono-Adjust-ExSP68F,DEER2024,D24_E+_Com_v1,6/15/2026 10:46,Any,MBT,Ex,CZ14,cDXGF,Each,1,400000,None,6190,0,-0.0021,6190,0,-0.0021,,,,,,,,,20,,3822900,103970,,,3816700,103970,,,,,,
NE-HVAC-AirEcono-Adjust-ExSP68F,DEER2024,D24_E+_Com_v1,6/15/2026 10:46,Any,MBT,Ex,CZ15,cDXGF,Each,1,400000,None,6530,0,-0.00136,6530,0,-0.00136,,,,,,,,,20,,4698000,55777,,,4691400,55777,,,,,,
NE-HVAC-AirEcono-Adjust-ExSP68F,DEER2024,D24_E+_Com_v1,6/15/2026 10:46,Any,MBT,Ex,CZ16,cDXGF,Each,1,400000,None,6950,1.39,-0.0004,6950,1.39,-0.0004,,,,,,,,,20,,3180700,131050,,,3173800,131050,,,,,,
NE-HVAC-AirEcono-Adjust-ExSP68F,DEER2024,D24_E+_Com_v1,6/15/2026 10:46,Any,MBT,Ex,CZ01,cDXHP,Each,1,400000,None,207,0.271,0.0004,207,0.271,0.0004,,,,,,,,,20,,3155800,168130,,,3155600,168130,,,,,,
NE-HVAC-AirEcono-Adjust-ExSP68F,DEER2024,D24_E+_Com_v1,6/15/2026 10:46,Any,MBT,Ex,CZ02,cDXHP,Each,1,400000,None,4100,1.1,0.001,4100,1.1,0.001,,,,,,,,,20,,3407400,136860,,,3403300,136860,,,,,,
NE-HVAC-AirEcono-Adjust-ExSP68F,DEER2024,D24_E+_Com_v1,6/15/2026 10:46,Any,MBT,Ex,CZ03,cDXHP,Each,1,400000,None,4240,2.9,0.0037,4240,2.9,0.0037,,,,,,,,,20,,3232100,112150,,,3227900,112150,,,,,,
NE-HVAC-AirEcono-Adjust-ExSP68F,DEER2024,D24_E+_Com_v1,6/15/2026 10:46,Any,MBT,Ex,CZ04,cDXHP,Each,1,400000,None,5040,-0.001,0,5040,-0.001,0,,,,,,,,,20,,3609500,119660,,,3604500,119660,,,,,,
NE-HVAC-AirEcono-Adjust-ExSP68F,DEER2024,D24_E+_Com_v1,6/15/2026 10:46,Any,MBT,Ex,CZ05,cDXHP,Each,1,400000,None,6010,1.91,0.0041,6010,1.91,0.0041,,,,,,,,,20,,3254000,117960,,,3248000,117960,,,,,,
NE-HVAC-AirEcono-Adjust-ExSP68F,DEER2024,D24_E+_Com_v1,6/15/2026 10:46,Any,MBT,Ex,CZ06,cDXHP,Each,1,400000,None,7960,2.32,0.00137,7960,2.32,0.00137,,,,,,,,,20,,3369500,67626,,,3361500,67626,,,,,,
NE-HVAC-AirEcono-Adjust-ExSP68F,DEER2024,D24_E+_Com_v1,6/15/2026 10:46,Any,MBT,Ex,CZ07,cDXHP,Each,1,400000,None,2760,0,0.00034,2760,0,0.00034,,,,,,,,,20,,3386600,63889,,,3383800,63889,,,,,,
NE-HVAC-AirEcono-Adjust-ExSP68F,DEER2024,D24_E+_Com_v1,6/15/2026 10:46,Any,MBT,Ex,CZ08,cDXHP,Each,1,400000,None,8240,-0.001,0.00068,8240,-0.001,0.00068,,,,,,,,,20,,3630200,70384,,,3621900,70384,,,,,,
NE-HVAC-AirEcono-Adjust-ExSP68F,DEER2024,D24_E+_Com_v1,6/15/2026 10:46,Any,MBT,Ex,CZ09,cDXHP,Each,1,400000,None,6380,0,0.00035,6380,0,0.00035,,,,,,,,,20,,3642100,74329,,,3635800,74329,,,,,,
NE-HVAC-AirEcono-Adjust-ExSP68F,DEER2024,D24_E+_Com_v1,6/15/2026 10:46,Any,MBT,Ex,CZ10,cDXHP,Each,1,400000,None,7950,0,0,7950,0,0,,,,,,,,,20,,3739800,76528,,,3731800,76528,,,,,,
NE-HVAC-AirEcono-Adjust-ExSP68F,DEER2024,D24_E+_Com_v1,6/15/2026 10:46,Any,MBT,Ex,CZ11,cDXHP,Each,1,400000,None,5990,0,0,5990,0,0,,,,,,,,,20,,3918300,106930,,,3912300,106930,,,,,,
NE-HVAC-AirEcono-Adjust-ExSP68F,DEER2024,D24_E+_Com_v1,6/15/2026 10:46,Any,MBT,Ex,CZ12,cDXHP,Each,1,400000,None,6010,-0.001,0.0014,6010,-0.001,0.0014,,,,,,,,,20,,3631100,114390,,,3625100,114390,,,,,,
NE-HVAC-AirEcono-Adjust-ExSP68F,DEER2024,D24_E+_Com_v1,6/15/2026 10:46,Any,MBT,Ex,CZ13,cDXHP,Each,1,400000,None,7310,-0.001,0,7310,-0.001,0,,,,,,,,,20,,3976900,98257,,,3969600,98257,,,,,,
NE-HVAC-AirEcono-Adjust-ExSP68F,DEER2024,D24_E+_Com_v1,6/15/2026 10:46,Any,MBT,Ex,CZ14,cDXHP,Each,1,400000,None,6220,0,-0.001,6220,0,-0.001,,,,,,,,,20,,3856600,100610,,,3850400,100610,,,,,,
NE-HVAC-AirEcono-Adjust-ExSP68F,DEER2024,D24_E+_Com_v1,6/15/2026 10:46,Any,MBT,Ex,CZ15,cDXHP,Each,1,400000,None,6550,0,-0.00137,6550,0,-0.00137,,,,,,,,,20,,4705600,55404,,,4699000,55404,,,,,,
NE-HVAC-AirEcono-Adjust-ExSP68F,DEER2024,D24_E+_Com_v1,6/15/2026 10:46,Any,MBT,Ex,CZ16,cDXHP,Each,1,400000,None,7000,1.41,-0.0003,7000,1.41,-0.0003,,,,,,,,,20,,3253700,124090,,,3246700,124090,,,,,,
NE-HVAC-AirEcono-Adjust-ExSP68F,DEER2024,D24_E+_Com_v1,6/15/2026 10:46,Any,MBT,Ex,CZ01,cDXOH,Each,1,400000,None,211,0.262,0.0003,211,0.262,0.0003,,,,,,,,,20,,3101700,168780,,,3101500,168780,,,,,,
NE-HVAC-AirEcono-Adjust-ExSP68F,DEER2024,D24_E+_Com_v1,6/15/2026 10:46,Any,MBT,Ex,CZ02,cDXOH,Each,1,400000,None,4090,1.09,0.0021,4090,1.09,0.0021,,,,,,,,,20,,3371100,137220,,,3367100,137220,,,,,,
NE-HVAC-AirEcono-Adjust-ExSP68F,DEER2024,D24_E+_Com_v1,6/15/2026 10:46,Any,MBT,Ex,CZ03,cDXOH,Each,1,400000,None,4350,2.86,0.0184,4350,2.86,0.0184,,,,,,,,,20,,3211400,112390,,,3207000,112390,,,,,,
NE-HVAC-AirEcono-Adjust-ExSP68F,DEER2024,D24_E+_Com_v1,6/15/2026 10:46,Any,MBT,Ex,CZ04,cDXOH,Each,1,400000,None,4950,0,0.0052,4950,0,0.0052,,,,,,,,,20,,3576000,119940,,,3571000,119940,,,,,,
NE-HVAC-AirEcono-Adjust-ExSP68F,DEER2024,D24_E+_Com_v1,6/15/2026 10:46,Any,MBT,Ex,CZ05,cDXOH,Each,1,400000,None,6170,1.88,0.0116,6170,1.88,0.0116,,,,,,,,,20,,3234300,118150,,,3228100,118150,,,,,,
NE-HVAC-AirEcono-Adjust-ExSP68F,DEER2024,D24_E+_Com_v1,6/15/2026 10:46,Any,MBT,Ex,CZ06,cDXOH,Each,1,400000,None,7780,2.3,0.00137,7780,2.3,0.00137,,,,,,,,,20,,3369400,67658,,,3361600,67658,,,,,,
NE-HVAC-AirEcono-Adjust-ExSP68F,DEER2024,D24_E+_Com_v1,6/15/2026 10:46,Any,MBT,Ex,CZ07,cDXOH,Each,1,400000,None,2770,0,0,2770,0,0,,,,,,,,,20,,3386700,63916,,,3383900,63916,,,,,,
NE-HVAC-AirEcono-Adjust-ExSP68F,DEER2024,D24_E+_Com_v1,6/15/2026 10:46,Any,MBT,Ex,CZ08,cDXOH,Each,1,400000,None,8250,0,0.00171,8250,0,0.00171,,,,,,,,,20,,3626900,70425,,,3618700,70425,,,,,,
NE-HVAC-AirEcono-Adjust-ExSP68F,DEER2024,D24_E+_Com_v1,6/15/2026 10:46,Any,MBT,Ex,CZ09,cDXOH,Each,1,400000,None,6350,0,0,6350,0,0,,,,,,,,,20,,3634600,74391,,,3628300,74391,,,,,,
NE-HVAC-AirEcono-Adjust-ExSP68F,DEER2024,D24_E+_Com_v1,6/15/2026 10:46,Any,MBT,Ex,CZ10,cDXOH,Each,1,400000,None,7900,0,0,7900,0,0,,,,,,,,,20,,3731500,76588,,,3723600,76588,,,,,,
NE-HVAC-AirEcono-Adjust-ExSP68F,DEER2024,D24_E+_Com_v1,6/15/2026 10:46,Any,MBT,Ex,CZ11,cDXOH,Each,1,400000,None,5960,0.003,-0.0004,5960,0.003,-0.0004,,,,,,,,,20,,3885100,107240,,,3879200,107240,,,,,,
NE-HVAC-AirEcono-Adjust-ExSP68F,DEER2024,D24_E+_Com_v1,6/15/2026 10:46,Any,MBT,Ex,CZ12,cDXOH,Each,1,400000,None,6020,0,0.0201,6020,0,0.0201,,,,,,,,,20,,3598700,114730,,,3592700,114730,,,,,,
NE-HVAC-AirEcono-Adjust-ExSP68F,DEER2024,D24_E+_Com_v1,6/15/2026 10:46,Any,MBT,Ex,CZ13,cDXOH,Each,1,400000,None,7330,0,0,7330,0,0,,,,,,,,,20,,3948500,98536,,,3941200,98536,,,,,,
NE-HVAC-AirEcono-Adjust-ExSP68F,DEER2024,D24_E+_Com_v1,6/15/2026 10:46,Any,MBT,Ex,CZ14,cDXOH,Each,1,400000,None,6140,0,-0.0007,6140,0,-0.0007,,,,,,,,,20,,3823100,100890,,,3816900,100890,,,,,,
NE-HVAC-AirEcono-Adjust-ExSP68F,DEER2024,D24_E+_Com_v1,6/15/2026 10:46,Any,MBT,Ex,CZ15,cDXOH,Each,1,400000,None,6510,0,-0.00068,6510,0,-0.00068,,,,,,,,,20,,4697700,55424,,,4691200,55424,,,,,,
NE-HVAC-AirEcono-Adjust-ExSP68F,DEER2024,D24_E+_Com_v1,6/15/2026 10:46,Any,MBT,Ex,CZ16,cDXOH,Each,1,400000,None,6930,1.39,-0.0003,6930,1.39,-0.0003,,,,,,,,,20,,3188400,124750,,,3181500,124750,,,,,,
NE-HVAC-AirEcono-Adjust-ExSP68F,DEER2024,D24_E+_Com_v1,6/15/2026 10:46,Any,MBT,Ex,CZ01,cPVVG,Each,1,400000,None,163,0.195,0.001,163,0.195,0.001,,,,,,,,,20,,2923200,177670,,,2923000,177670,,,,,,
NE-HVAC-AirEcono-Adjust-ExSP68F,DEER2024,D24_E+_Com_v1,6/15/2026 10:46,Any,MBT,Ex,CZ02,cPVVG,Each,1,400000,None,3100,0.829,0.0034,3100,0.829,0.0034,,,,,,,,,20,,3173100,143630,,,3170000,143630,,,,,,
NE-HVAC-AirEcono-Adjust-ExSP68F,DEER2024,D24_E+_Com_v1,6/15/2026 10:46,Any,MBT,Ex,CZ03,cPVVG,Each,1,400000,None,3410,2.17,0.0072,3410,2.17,0.0072,,,,,,,,,20,,3025000,116330,,,3021600,116330,,,,,,
NE-HVAC-AirEcono-Adjust-ExSP68F,DEER2024,D24_E+_Com_v1,6/15/2026 10:46,Any,MBT,Ex,CZ04,cPVVG,Each,1,400000,None,3810,-0.001,0.0086,3810,-0.001,0.0086,,,,,,,,,20,,3375400,125370,,,3371600,125370,,,,,,
NE-HVAC-AirEcono-Adjust-ExSP68F,DEER2024,D24_E+_Com_v1,6/15/2026 10:46,Any,MBT,Ex,CZ05,cPVVG,Each,1,400000,None,4850,1.42,0.0112,4850,1.42,0.0112,,,,,,,,,20,,3043000,121870,,,3038200,121870,,,,,,
NE-HVAC-AirEcono-Adjust-ExSP68F,DEER2024,D24_E+_Com_v1,6/15/2026 10:46,Any,MBT,Ex,CZ06,cPVVG,Each,1,400000,None,5920,1.71,-0.0137,5920,1.71,-0.0137,,,,,,,,,20,,3179900,68785,,,3174000,68785,,,,,,
NE-HVAC-AirEcono-Adjust-ExSP68F,DEER2024,D24_E+_Com_v1,6/15/2026 10:46,Any,MBT,Ex,CZ07,cPVVG,Each,1,400000,None,2060,0,0.00034,2060,0,0.00034,,,,,,,,,20,,3197100,64916,,,3195100,64916,,,,,,
NE-HVAC-AirEcono-Adjust-ExSP68F,DEER2024,D24_E+_Com_v1,6/15/2026 10:46,Any,MBT,Ex,CZ08,cPVVG,Each,1,400000,None,6230,0,0.0017,6230,0,0.0017,,,,,,,,,20,,3430300,71849,,,3424100,71849,,,,,,
NE-HVAC-AirEcono-Adjust-ExSP68F,DEER2024,D24_E+_Com_v1,6/15/2026 10:46,Any,MBT,Ex,CZ09,cPVVG,Each,1,400000,None,4870,0,-0.00034,4870,0,-0.00034,,,,,,,,,20,,3429900,76231,,,3425000,76231,,,,,,
NE-HVAC-AirEcono-Adjust-ExSP68F,DEER2024,D24_E+_Com_v1,6/15/2026 10:46,Any,MBT,Ex,CZ10,cPVVG,Each,1,400000,None,6030,0,0.00069,6030,0,0.00069,,,,,,,,,20,,3532900,78454,,,3526900,78454,,,,,,
NE-HVAC-AirEcono-Adjust-ExSP68F,DEER2024,D24_E+_Com_v1,6/15/2026 10:46,Any,MBT,Ex,CZ11,cPVVG,Each,1,400000,None,4670,0.004,-0.0007,4670,0.004,-0.0007,,,,,,,,,20,,3676700,113110,,,3672000,113110,,,,,,
NE-HVAC-AirEcono-Adjust-ExSP68F,DEER2024,D24_E+_Com_v1,6/15/2026 10:46,Any,MBT,Ex,CZ12,cPVVG,Each,1,400000,None,4690,0,0.0014,4690,0,0.0014,,,,,,,,,20,,3398300,120730,,,3393600,120730,,,,,,
NE-HVAC-AirEcono-Adjust-ExSP68F,DEER2024,D24_E+_Com_v1,6/15/2026 10:46,Any,MBT,Ex,CZ13,cPVVG,Each,1,400000,None,5740,0.001,0.0017,5740,0.001,0.0017,,,,,,,,,20,,3743100,103640,,,3737400,103640,,,,,,
NE-HVAC-AirEcono-Adjust-ExSP68F,DEER2024,D24_E+_Com_v1,6/15/2026 10:46,Any,MBT,Ex,CZ14,cPVVG,Each,1,400000,None,4970,0,0.0031,4970,0,0.0031,,,,,,,,,20,,3612100,105990,,,3607200,105990,,,,,,
NE-HVAC-AirEcono-Adjust-ExSP68F,DEER2024,D24_E+_Com_v1,6/15/2026 10:46,Any,MBT,Ex,CZ15,cPVVG,Each,1,400000,None,4900,0,-0.00034,4900,0,-0.00034,,,,,,,,,20,,4496100,56274,,,4491200,56274,,,,,,
NE-HVAC-AirEcono-Adjust-ExSP68F,DEER2024,D24_E+_Com_v1,6/15/2026 10:46,Any,MBT,Ex,CZ16,cPVVG,Each,1,400000,None,5950,1.26,0,5950,1.26,0,,,,,,,,,20,,2937700,134640,,,2931700,134640,,,,,,
NE-HVAC-AirEcono-Adjust-ExSP68F,DEER2024,D24_E+_Com_v1,6/15/2026 10:46,Any,MLI,Ex,CZ01,cDXGF,Each,1,100000,None,346,0.403,0.00034,346,0.403,0.00034,,,,,,,,,20,,877560,10588,,,877220,10588,,,,,,
NE-HVAC-AirEcono-Adjust-ExSP68F,DEER2024,D24_E+_Com_v1,6/15/2026 10:46,Any,MLI,Ex,CZ02,cDXGF,Each,1,100000,None,5460,1.31,-0.000341,5460,1.31,-0.000341,,,,,,,,,20,,980640,7576.3,,,975180,7576.3,,,,,,
NE-HVAC-AirEcono-Adjust-ExSP68F,DEER2024,D24_E+_Com_v1,6/15/2026 10:46,Any,MLI,Ex,CZ03,cDXGF,Each,1,100000,None,6010,3.55,-0.000342,6010,3.55,-0.000342,,,,,,,,,20,,917020,5467.9,,,911010,5467.9,,,,,,
NE-HVAC-AirEcono-Adjust-ExSP68F,DEER2024,D24_E+_Com_v1,6/15/2026 10:46,Any,MLI,Ex,CZ04,cDXGF,Each,1,100000,None,6220,-0.002,-0.00171,6220,-0.002,-0.00171,,,,,,,,,20,,1059000,6458.1,,,1052800,6458.1,,,,,,
NE-HVAC-AirEcono-Adjust-ExSP68F,DEER2024,D24_E+_Com_v1,6/15/2026 10:46,Any,MLI,Ex,CZ05,cDXGF,Each,1,100000,None,8670,2.36,0.00137,8670,2.36,0.00137,,,,,,,,,20,,938010,5009.9,,,929340,5009.9,,,,,,
NE-HVAC-AirEcono-Adjust-ExSP68F,DEER2024,D24_E+_Com_v1,6/15/2026 10:46,Any,MLI,Ex,CZ06,cDXGF,Each,1,100000,None,10100,2.77,0,10100,2.77,0,,,,,,,,,20,,994340,2462.1,,,984190,2462.1,,,,,,
NE-HVAC-AirEcono-Adjust-ExSP68F,DEER2024,D24_E+_Com_v1,6/15/2026 10:46,Any,MLI,Ex,CZ07,cDXGF,Each,1,100000,None,3390,0,0,3390,0,0,,,,,,,,,20,,1000900,2281.4,,,997480,2281.4,,,,,,
NE-HVAC-AirEcono-Adjust-ExSP68F,DEER2024,D24_E+_Com_v1,6/15/2026 10:46,Any,MLI,Ex,CZ08,cDXGF,Each,1,100000,None,9600,-0.001,0.000341,9600,-0.001,0.000341,,,,,,,,,20,,1083600,2728.7,,,1074000,2728.7,,,,,,
NE-HVAC-AirEcono-Adjust-ExSP68F,DEER2024,D24_E+_Com_v1,6/15/2026 10:46,Any,MLI,Ex,CZ09,cDXGF,Each,1,100000,None,7320,-0.012,0.000341,7320,-0.012,0.000341,,,,,,,,,20,,1091900,3141.2,,,1084600,3141.2,,,,,,
NE-HVAC-AirEcono-Adjust-ExSP68F,DEER2024,D24_E+_Com_v1,6/15/2026 10:46,Any,MLI,Ex,CZ10,cDXGF,Each,1,100000,None,9290,-0.001,0.000683,9290,-0.001,0.000683,,,,,,,,,20,,1111700,3053.5,,,1102400,3053.5,,,,,,
NE-HVAC-AirEcono-Adjust-ExSP68F,DEER2024,D24_E+_Com_v1,6/15/2026 10:46,Any,MLI,Ex,CZ11,cDXGF,Each,1,100000,None,6870,-0.003,-0.00307,6870,-0.003,-0.00307,,,,,,,,,20,,1131600,6825.7,,,1124800,6825.7,,,,,,
NE-HVAC-AirEcono-Adjust-ExSP68F,DEER2024,D24_E+_Com_v1,6/15/2026 10:46,Any,MLI,Ex,CZ12,cDXGF,Each,1,100000,None,7550,0.001,-0.000342,7550,0.001,-0.000342,,,,,,,,,20,,1058000,6896.1,,,1050400,6896.1,,,,,,
NE-HVAC-AirEcono-Adjust-ExSP68F,DEER2024,D24_E+_Com_v1,6/15/2026 10:46,Any,MLI,Ex,CZ13,cDXGF,Each,1,100000,None,8750,0.007,-0.000341,8750,0.007,-0.000341,,,,,,,,,20,,1156100,5803.3,,,1147300,5803.3,,,,,,
NE-HVAC-AirEcono-Adjust-ExSP68F,DEER2024,D24_E+_Com_v1,6/15/2026 10:46,Any,MLI,Ex,CZ14,cDXGF,Each,1,100000,None,7570,-0.001,-0.00205,7570,-0.001,-0.00205,,,,,,,,,20,,1168000,5950.5,,,1160400,5950.5,,,,,,
NE-HVAC-AirEcono-Adjust-ExSP68F,DEER2024,D24_E+_Com_v1,6/15/2026 10:46,Any,MLI,Ex,CZ15,cDXGF,Each,1,100000,None,8670,0,-0.00239,8670,0,-0.00239,,,,,,,,,20,,1363900,1938.2,,,1355200,1938.2,,,,,,
NE-HVAC-AirEcono-Adjust-ExSP68F,DEER2024,D24_E+_Com_v1,6/15/2026 10:46,Any,MLI,Ex,CZ16,cDXGF,Each,1,100000,None,8670,1.43,-0.00034,8670,1.43,-0.00034,,,,,,,,,20,,1059100,10194,,,1050400,10194,,,,,,
NE-HVAC-AirEcono-Adjust-ExSP68F,DEER2024,D24_E+_Com_v1,6/15/2026 10:46,Any,MLI,Ex,CZ01,cDXHP,Each,1,100000,None,342,0.41,0,342,0.41,0,,,,,,,,,20,,944530,1810.1,,,944190,1810.1,,,,,,
NE-HVAC-AirEcono-Adjust-ExSP68F,DEER2024,D24_E+_Com_v1,6/15/2026 10:46,Any,MLI,Ex,CZ02,cDXHP,Each,1,100000,None,5520,1.33,0,5520,1.33,0,,,,,,,,,20,,1029500,1701.5,,,1024000,1701.5,,,,,,
NE-HVAC-AirEcono-Adjust-ExSP68F,DEER2024,D24_E+_Com_v1,6/15/2026 10:46,Any,MLI,Ex,CZ03,cDXHP,Each,1,100000,None,5980,3.63,0,5980,3.63,0,,,,,,,,,20,,944410,1683.6,,,938430,1683.6,,,,,,
NE-HVAC-AirEcono-Adjust-ExSP68F,DEER2024,D24_E+_Com_v1,6/15/2026 10:46,Any,MLI,Ex,CZ04,cDXHP,Each,1,100000,None,6280,-0.002,0,6280,-0.002,0,,,,,,,,,20,,1103100,1638.1,,,1096800,1638.1,,,,,,
NE-HVAC-AirEcono-Adjust-ExSP68F,DEER2024,D24_E+_Com_v1,6/15/2026 10:46,Any,MLI,Ex,CZ05,cDXHP,Each,1,100000,None,8600,2.39,0,8600,2.39,0,,,,,,,,,20,,963260,1691,,,954660,1691,,,,,,
NE-HVAC-AirEcono-Adjust-ExSP68F,DEER2024,D24_E+_Com_v1,6/15/2026 10:46,Any,MLI,Ex,CZ06,cDXHP,Each,1,100000,None,10200,2.79,0,10200,2.79,0,,,,,,,,,20,,998460,1564,,,988250,1564,,,,,,
NE-HVAC-AirEcono-Adjust-ExSP68F,DEER2024,D24_E+_Com_v1,6/15/2026 10:46,Any,MLI,Ex,CZ07,cDXHP,Each,1,100000,None,3350,0,0,3350,0,0,,,,,,,,,20,,1004400,1548.7,,,1001000,1548.7,,,,,,
NE-HVAC-AirEcono-Adjust-ExSP68F,DEER2024,D24_E+_Com_v1,6/15/2026 10:46,Any,MLI,Ex,CZ08,cDXHP,Each,1,100000,None,9660,-0.001,0,9660,-0.001,0,,,,,,,,,20,,1090800,1518.4,,,1081100,1518.4,,,,,,
NE-HVAC-AirEcono-Adjust-ExSP68F,DEER2024,D24_E+_Com_v1,6/15/2026 10:46,Any,MLI,Ex,CZ09,cDXHP,Each,1,100000,None,7370,-0.013,0,7370,-0.013,0,,,,,,,,,20,,1103500,1528.8,,,1096200,1528.8,,,,,,
NE-HVAC-AirEcono-Adjust-ExSP68F,DEER2024,D24_E+_Com_v1,6/15/2026 10:46,Any,MLI,Ex,CZ10,cDXHP,Each,1,100000,None,9310,-0.002,0,9310,-0.002,0,,,,,,,,,20,,1123400,1510.3,,,1114100,1510.3,,,,,,
NE-HVAC-AirEcono-Adjust-ExSP68F,DEER2024,D24_E+_Com_v1,6/15/2026 10:46,Any,MLI,Ex,CZ11,cDXHP,Each,1,100000,None,6960,0.005,0,6960,0.005,0,,,,,,,,,20,,1177300,1546.7,,,1170300,1546.7,,,,,,
NE-HVAC-AirEcono-Adjust-ExSP68F,DEER2024,D24_E+_Com_v1,6/15/2026 10:46,Any,MLI,Ex,CZ12,cDXHP,Each,1,100000,None,7600,-0.01,0,7600,-0.01,0,,,,,,,,,20,,1100900,1615,,,1093300,1615,,,,,,
NE-HVAC-AirEcono-Adjust-ExSP68F,DEER2024,D24_E+_Com_v1,6/15/2026 10:46,Any,MLI,Ex,CZ13,cDXHP,Each,1,100000,None,8870,0.017,0,8870,0.017,0,,,,,,,,,20,,1192700,1517,,,1183800,1517,,,,,,
NE-HVAC-AirEcono-Adjust-ExSP68F,DEER2024,D24_E+_Com_v1,6/15/2026 10:46,Any,MLI,Ex,CZ14,cDXHP,Each,1,100000,None,7630,-0.001,0,7630,-0.001,0,,,,,,,,,20,,1210300,1558,,,1202600,1558,,,,,,
NE-HVAC-AirEcono-Adjust-ExSP68F,DEER2024,D24_E+_Com_v1,6/15/2026 10:46,Any,MLI,Ex,CZ15,cDXHP,Each,1,100000,None,8740,0,0,8740,0,0,,,,,,,,,20,,1372200,1292.5,,,1363500,1292.5,,,,,,
NE-HVAC-AirEcono-Adjust-ExSP68F,DEER2024,D24_E+_Com_v1,6/15/2026 10:46,Any,MLI,Ex,CZ16,cDXHP,Each,1,100000,None,8740,1.44,0,8740,1.44,0,,,,,,,,,20,,1147300,1773.7,,,1138500,1773.7,,,,,,
NE-HVAC-AirEcono-Adjust-ExSP68F,DEER2024,D24_E+_Com_v1,6/15/2026 10:46,Any,MLI,Ex,CZ01,cDXOH,Each,1,100000,None,326,0.402,0,326,0.402,0,,,,,,,,,20,,887410,1810.1,,,887080,1810.1,,,,,,
NE-HVAC-AirEcono-Adjust-ExSP68F,DEER2024,D24_E+_Com_v1,6/15/2026 10:46,Any,MLI,Ex,CZ02,cDXOH,Each,1,100000,None,5270,1.31,0,5270,1.31,0,,,,,,,,,20,,985770,1701.5,,,980510,1701.5,,,,,,
NE-HVAC-AirEcono-Adjust-ExSP68F,DEER2024,D24_E+_Com_v1,6/15/2026 10:46,Any,MLI,Ex,CZ03,cDXOH,Each,1,100000,None,5990,3.55,0,5990,3.55,0,,,,,,,,,20,,918950,1683.6,,,912970,1683.6,,,,,,
NE-HVAC-AirEcono-Adjust-ExSP68F,DEER2024,D24_E+_Com_v1,6/15/2026 10:46,Any,MLI,Ex,CZ04,cDXOH,Each,1,100000,None,6000,-0.002,0,6000,-0.002,0,,,,,,,,,20,,1061300,1638.1,,,1055300,1638.1,,,,,,
NE-HVAC-AirEcono-Adjust-ExSP68F,DEER2024,D24_E+_Com_v1,6/15/2026 10:46,Any,MLI,Ex,CZ05,cDXOH,Each,1,100000,None,8490,2.35,0,8490,2.35,0,,,,,,,,,20,,937830,1691,,,929340,1691,,,,,,
NE-HVAC-AirEcono-Adjust-ExSP68F,DEER2024,D24_E+_Com_v1,6/15/2026 10:46,Any,MLI,Ex,CZ06,cDXOH,Each,1,100000,None,10100,2.77,0,10100,2.77,0,,,,,,,,,20,,994080,1564,,,983950,1564,,,,,,
NE-HVAC-AirEcono-Adjust-ExSP68F,DEER2024,D24_E+_Com_v1,6/15/2026 10:46,Any,MLI,Ex,CZ07,cDXOH,Each,1,100000,None,3370,0,0,3370,0,0,,,,,,,,,20,,1000600,1548.7,,,997200,1548.7,,,,,,
NE-HVAC-AirEcono-Adjust-ExSP68F,DEER2024,D24_E+_Com_v1,6/15/2026 10:46,Any,MLI,Ex,CZ08,cDXOH,Each,1,100000,None,9560,-0.001,0,9560,-0.001,0,,,,,,,,,20,,1082900,1518.4,,,1073400,1518.4,,,,,,
NE-HVAC-AirEcono-Adjust-ExSP68F,DEER2024,D24_E+_Com_v1,6/15/2026 10:46,Any,MLI,Ex,CZ09,cDXOH,Each,1,100000,None,7270,-0.012,0,7270,-0.012,0,,,,,,,,,20,,1092000,1528.8,,,1084700,1528.8,,,,,,
NE-HVAC-AirEcono-Adjust-ExSP68F,DEER2024,D24_E+_Com_v1,6/15/2026 10:46,Any,MLI,Ex,CZ10,cDXOH,Each,1,100000,None,9210,-0.001,0,9210,-0.001,0,,,,,,,,,20,,1111400,1510.3,,,1102200,1510.3,,,,,,
NE-HVAC-AirEcono-Adjust-ExSP68F,DEER2024,D24_E+_Com_v1,6/15/2026 10:46,Any,MLI,Ex,CZ11,cDXOH,Each,1,100000,None,6710,-0.003,0,6710,-0.003,0,,,,,,,,,20,,1138600,1546.7,,,1131900,1546.7,,,,,,
NE-HVAC-AirEcono-Adjust-ExSP68F,DEER2024,D24_E+_Com_v1,6/15/2026 10:46,Any,MLI,Ex,CZ12,cDXOH,Each,1,100000,None,7450,0.001,0,7450,0.001,0,,,,,,,,,20,,1065300,1615,,,1057900,1615,,,,,,
NE-HVAC-AirEcono-Adjust-ExSP68F,DEER2024,D24_E+_Com_v1,6/15/2026 10:46,Any,MLI,Ex,CZ13,cDXOH,Each,1,100000,None,8720,0.007,0,8720,0.007,0,,,,,,,,,20,,1162200,1517,,,1153500,1517,,,,,,
NE-HVAC-AirEcono-Adjust-ExSP68F,DEER2024,D24_E+_Com_v1,6/15/2026 10:46,Any,MLI,Ex,CZ14,cDXOH,Each,1,100000,None,7420,-0.001,0,7420,-0.001,0,,,,,,,,,20,,1172300,1558,,,1164800,1558,,,,,,
NE-HVAC-AirEcono-Adjust-ExSP68F,DEER2024,D24_E+_Com_v1,6/15/2026 10:46,Any,MLI,Ex,CZ15,cDXOH,Each,1,100000,None,8640,0,0,8640,0,0,,,,,,,,,20,,1364200,1292.5,,,1355600,1292.5,,,,,,
NE-HVAC-AirEcono-Adjust-ExSP68F,DEER2024,D24_E+_Com_v1,6/15/2026 10:46,Any,MLI,Ex,CZ16,cDXOH,Each,1,100000,None,8670,1.43,0,8670,1.43,0,,,,,,,,,20,,1079300,1773.7,,,1070600,1773.7,,,,,,
NE-HVAC-AirEcono-Adjust-ExSP68F,DEER2024,D24_E+_Com_v1,6/15/2026 10:46,Any,MLI,Ex,CZ01,cPVVG,Each,1,100000,None,198,0.252,0.00307,198,0.252,0.00307,,,,,,,,,20,,645950,15924,,,645750,15924,,,,,,
NE-HVAC-AirEcono-Adjust-ExSP68F,DEER2024,D24_E+_Com_v1,6/15/2026 10:46,Any,MLI,Ex,CZ02,cPVVG,Each,1,100000,None,3510,0.928,0.0225,3510,0.928,0.0225,,,,,,,,,20,,737950,11010,,,734440,11010,,,,,,
NE-HVAC-AirEcono-Adjust-ExSP68F,DEER2024,D24_E+_Com_v1,6/15/2026 10:46,Any,MLI,Ex,CZ03,cPVVG,Each,1,100000,None,3970,2.44,0.0041,3970,2.44,0.0041,,,,,,,,,20,,680680,8357.5,,,676710,8357.5,,,,,,
NE-HVAC-AirEcono-Adjust-ExSP68F,DEER2024,D24_E+_Com_v1,6/15/2026 10:46,Any,MLI,Ex,CZ04,cPVVG,Each,1,100000,None,4110,-0.002,0.0198,4110,-0.002,0.0198,,,,,,,,,20,,811400,9431.7,,,807290,9431.7,,,,,,
NE-HVAC-AirEcono-Adjust-ExSP68F,DEER2024,D24_E+_Com_v1,6/15/2026 10:46,Any,MLI,Ex,CZ05,cPVVG,Each,1,100000,None,5580,1.59,0.0239,5580,1.59,0.0239,,,,,,,,,20,,692750,7977.8,,,687180,7977.8,,,,,,
NE-HVAC-AirEcono-Adjust-ExSP68F,DEER2024,D24_E+_Com_v1,6/15/2026 10:46,Any,MLI,Ex,CZ06,cPVVG,Each,1,100000,None,7620,2.04,0.00102,7620,2.04,0.00102,,,,,,,,,20,,760060,3626.9,,,752440,3626.9,,,,,,
NE-HVAC-AirEcono-Adjust-ExSP68F,DEER2024,D24_E+_Com_v1,6/15/2026 10:46,Any,MLI,Ex,CZ07,cPVVG,Each,1,100000,None,2360,0,0.000683,2360,0,0.000683,,,,,,,,,20,,763210,3386.6,,,760840,3386.6,,,,,,
NE-HVAC-AirEcono-Adjust-ExSP68F,DEER2024,D24_E+_Com_v1,6/15/2026 10:46,Any,MLI,Ex,CZ08,cPVVG,Each,1,100000,None,6780,-0.002,0.00512,6780,-0.002,0.00512,,,,,,,,,20,,845810,4060.6,,,839030,4060.6,,,,,,
NE-HVAC-AirEcono-Adjust-ExSP68F,DEER2024,D24_E+_Com_v1,6/15/2026 10:46,Any,MLI,Ex,CZ09,cPVVG,Each,1,100000,None,5230,-0.016,0.00649,5230,-0.016,0.00649,,,,,,,,,20,,848530,4672.9,,,843300,4672.9,,,,,,
NE-HVAC-AirEcono-Adjust-ExSP68F,DEER2024,D24_E+_Com_v1,6/15/2026 10:46,Any,MLI,Ex,CZ10,cPVVG,Each,1,100000,None,6670,-0.004,0.013,6670,-0.004,0.013,,,,,,,,,20,,870410,4620.3,,,863740,4620.2,,,,,,
NE-HVAC-AirEcono-Adjust-ExSP68F,DEER2024,D24_E+_Com_v1,6/15/2026 10:46,Any,MLI,Ex,CZ11,cPVVG,Each,1,100000,None,4890,0,0.0109,4890,0,0.0109,,,,,,,,,20,,890570,9813,,,885680,9812.9,,,,,,
NE-HVAC-AirEcono-Adjust-ExSP68F,DEER2024,D24_E+_Com_v1,6/15/2026 10:46,Any,MLI,Ex,CZ12,cPVVG,Each,1,100000,None,5310,0.001,0.0143,5310,0.001,0.0143,,,,,,,,,20,,814840,9891.6,,,809530,9891.6,,,,,,
NE-HVAC-AirEcono-Adjust-ExSP68F,DEER2024,D24_E+_Com_v1,6/15/2026 10:46,Any,MLI,Ex,CZ13,cPVVG,Each,1,100000,None,6450,0.013,0.00956,6450,0.013,0.00956,,,,,,,,,20,,914490,8475.5,,,908030,8475.5,,,,,,
NE-HVAC-AirEcono-Adjust-ExSP68F,DEER2024,D24_E+_Com_v1,6/15/2026 10:46,Any,MLI,Ex,CZ14,cPVVG,Each,1,100000,None,5420,0,0.0167,5420,0,0.0167,,,,,,,,,20,,902790,8765.9,,,897380,8765.9,,,,,,
NE-HVAC-AirEcono-Adjust-ExSP68F,DEER2024,D24_E+_Com_v1,6/15/2026 10:46,Any,MLI,Ex,CZ15,cPVVG,Each,1,100000,None,6640,0,0.00683,6640,0,0.00683,,,,,,,,,20,,1134500,2743.7,,,1127900,2743.7,,,,,,
NE-HVAC-AirEcono-Adjust-ExSP68F,DEER2024,D24_E+_Com_v1,6/15/2026 10:46,Any,MLI,Ex,CZ16,cPVVG,Each,1,100000,None,6490,1.11,0,6490,1.11,0,,,,,,,,,20,,760750,15064,,,754250,15064,,,,,,
NE-HVAC-AirEcono-Adjust-ExSP68F,DEER2024,D24_E+_Com_v1,6/15/2026 10:46,Any,Mtl,Ex,CZ01,cDXGF,Each,1,30000,None,50.9,0.054,0,50.9,0.054,0,,,,,,,,,20,,128160,1763.8,,,128110,1763.8,,,,,,
NE-HVAC-AirEcono-Adjust-ExSP68F,DEER2024,D24_E+_Com_v1,6/15/2026 10:46,Any,Mtl,Ex,CZ02,cDXGF,Each,1,30000,None,862,0.206,-0.000341,862,0.206,-0.000341,,,,,,,,,20,,156710,1267,,,155850,1267,,,,,,
NE-HVAC-AirEcono-Adjust-ExSP68F,DEER2024,D24_E+_Com_v1,6/15/2026 10:46,Any,Mtl,Ex,CZ03,cDXGF,Each,1,30000,None,941,0.575,0,941,0.575,0,,,,,,,,,20,,146030,825.55,,,145090,825.55,,,,,,
NE-HVAC-AirEcono-Adjust-ExSP68F,DEER2024,D24_E+_Com_v1,6/15/2026 10:46,Any,Mtl,Ex,CZ04,cDXGF,Each,1,30000,None,919,0,-0.000683,919,0,-0.000683,,,,,,,,,20,,169770,1079.7,,,168850,1079.7,,,,,,
NE-HVAC-AirEcono-Adjust-ExSP68F,DEER2024,D24_E+_Com_v1,6/15/2026 10:46,Any,Mtl,Ex,CZ05,cDXGF,Each,1,30000,None,1380,0.378,0.00137,1380,0.378,0.00137,,,,,,,,,20,,149900,817.13,,,148520,817.13,,,,,,
NE-HVAC-AirEcono-Adjust-ExSP68F,DEER2024,D24_E+_Com_v1,6/15/2026 10:46,Any,Mtl,Ex,CZ06,cDXGF,Each,1,30000,None,1250,0.384,0,1250,0.384,0,,,,,,,,,20,,158680,383.54,,,157430,383.54,,,,,,
NE-HVAC-AirEcono-Adjust-ExSP68F,DEER2024,D24_E+_Com_v1,6/15/2026 10:46,Any,Mtl,Ex,CZ07,cDXGF,Each,1,30000,None,438,0,0,438,0,0,,,,,,,,,20,,158280,365.48,,,157840,365.48,,,,,,
NE-HVAC-AirEcono-Adjust-ExSP68F,DEER2024,D24_E+_Com_v1,6/15/2026 10:46,Any,Mtl,Ex,CZ08,cDXGF,Each,1,30000,None,1400,0,0,1400,0,0,,,,,,,,,20,,178270,445.74,,,176870,445.74,,,,,,
NE-HVAC-AirEcono-Adjust-ExSP68F,DEER2024,D24_E+_Com_v1,6/15/2026 10:46,Any,Mtl,Ex,CZ09,cDXGF,Each,1,30000,None,1120,0,0,1120,0,0,,,,,,,,,20,,181210,494.5,,,180100,494.5,,,,,,
NE-HVAC-AirEcono-Adjust-ExSP68F,DEER2024,D24_E+_Com_v1,6/15/2026 10:46,Any,Mtl,Ex,CZ10,cDXGF,Each,1,30000,None,1460,0,0,1460,0,0,,,,,,,,,20,,186940,503.78,,,185480,503.78,,,,,,
NE-HVAC-AirEcono-Adjust-ExSP68F,DEER2024,D24_E+_Com_v1,6/15/2026 10:46,Any,Mtl,Ex,CZ11,cDXGF,Each,1,30000,None,1110,0,-0.00102,1110,0,-0.00102,,,,,,,,,20,,190080,1185.2,,,188970,1185.2,,,,,,
NE-HVAC-AirEcono-Adjust-ExSP68F,DEER2024,D24_E+_Com_v1,6/15/2026 10:46,Any,Mtl,Ex,CZ12,cDXGF,Each,1,30000,None,1140,0,-0.00137,1140,0,-0.00137,,,,,,,,,20,,170140,1207.4,,,169000,1207.4,,,,,,
NE-HVAC-AirEcono-Adjust-ExSP68F,DEER2024,D24_E+_Com_v1,6/15/2026 10:46,Any,Mtl,Ex,CZ13,cDXGF,Each,1,30000,None,1250,0,0,1250,0,0,,,,,,,,,20,,190820,1052.3,,,189570,1052.3,,,,,,
NE-HVAC-AirEcono-Adjust-ExSP68F,DEER2024,D24_E+_Com_v1,6/15/2026 10:46,Any,Mtl,Ex,CZ14,cDXGF,Each,1,30000,None,1080,0,0,1080,0,0,,,,,,,,,20,,191030,974.78,,,189950,974.78,,,,,,
NE-HVAC-AirEcono-Adjust-ExSP68F,DEER2024,D24_E+_Com_v1,6/15/2026 10:46,Any,Mtl,Ex,CZ15,cDXGF,Each,1,30000,None,1240,0,-0.000341,1240,0,-0.000341,,,,,,,,,20,,238280,354.95,,,237050,354.95,,,,,,
NE-HVAC-AirEcono-Adjust-ExSP68F,DEER2024,D24_E+_Com_v1,6/15/2026 10:46,Any,Mtl,Ex,CZ16,cDXGF,Each,1,30000,None,1330,0.256,0,1330,0.256,0,,,,,,,,,20,,163960,1875.9,,,162640,1875.9,,,,,,
NE-HVAC-AirEcono-Adjust-ExSP68F,DEER2024,D24_E+_Com_v1,6/15/2026 10:46,Any,Mtl,Ex,CZ01,cDXHP,Each,1,30000,None,53.9,0.056,0,53.9,0.056,0,,,,,,,,,20,,139100,314.43,,,139040,314.43,,,,,,
NE-HVAC-AirEcono-Adjust-ExSP68F,DEER2024,D24_E+_Com_v1,6/15/2026 10:46,Any,Mtl,Ex,CZ02,cDXHP,Each,1,30000,None,871,0.208,0,871,0.208,0,,,,,,,,,20,,164590,300.16,,,163720,300.16,,,,,,
NE-HVAC-AirEcono-Adjust-ExSP68F,DEER2024,D24_E+_Com_v1,6/15/2026 10:46,Any,Mtl,Ex,CZ03,cDXHP,Each,1,30000,None,956,0.585,0,956,0.585,0,,,,,,,,,20,,149920,283.54,,,148960,283.54,,,,,,
NE-HVAC-AirEcono-Adjust-ExSP68F,DEER2024,D24_E+_Com_v1,6/15/2026 10:46,Any,Mtl,Ex,CZ04,cDXHP,Each,1,30000,None,923,0,0,923,0,0,,,,,,,,,20,,176590,290.22,,,175670,290.22,,,,,,
NE-HVAC-AirEcono-Adjust-ExSP68F,DEER2024,D24_E+_Com_v1,6/15/2026 10:46,Any,Mtl,Ex,CZ05,cDXHP,Each,1,30000,None,1390,0.384,0,1390,0.384,0,,,,,,,,,20,,153940,282.49,,,152540,282.49,,,,,,
NE-HVAC-AirEcono-Adjust-ExSP68F,DEER2024,D24_E+_Com_v1,6/15/2026 10:46,Any,Mtl,Ex,CZ06,cDXHP,Each,1,30000,None,1320,0.388,0,1320,0.388,0,,,,,,,,,20,,159070,270.31,,,157750,270.31,,,,,,
NE-HVAC-AirEcono-Adjust-ExSP68F,DEER2024,D24_E+_Com_v1,6/15/2026 10:46,Any,Mtl,Ex,CZ07,cDXHP,Each,1,30000,None,436,0,0,436,0,0,,,,,,,,,20,,158610,269.86,,,158170,269.86,,,,,,
NE-HVAC-AirEcono-Adjust-ExSP68F,DEER2024,D24_E+_Com_v1,6/15/2026 10:46,Any,Mtl,Ex,CZ08,cDXHP,Each,1,30000,None,1410,0,0,1410,0,0,,,,,,,,,20,,179470,268.96,,,178060,268.96,,,,,,
NE-HVAC-AirEcono-Adjust-ExSP68F,DEER2024,D24_E+_Com_v1,6/15/2026 10:46,Any,Mtl,Ex,CZ09,cDXHP,Each,1,30000,None,1120,0,0,1120,0,0,,,,,,,,,20,,182890,269.29,,,181770,269.29,,,,,,
NE-HVAC-AirEcono-Adjust-ExSP68F,DEER2024,D24_E+_Com_v1,6/15/2026 10:46,Any,Mtl,Ex,CZ10,cDXHP,Each,1,30000,None,1460,0,0,1460,0,0,,,,,,,,,20,,188700,268.73,,,187240,268.73,,,,,,
NE-HVAC-AirEcono-Adjust-ExSP68F,DEER2024,D24_E+_Com_v1,6/15/2026 10:46,Any,Mtl,Ex,CZ11,cDXHP,Each,1,30000,None,1120,0,0,1120,0,0,,,,,,,,,20,,197070,311.13,,,195960,311.13,,,,,,
NE-HVAC-AirEcono-Adjust-ExSP68F,DEER2024,D24_E+_Com_v1,6/15/2026 10:46,Any,Mtl,Ex,CZ12,cDXHP,Each,1,30000,None,1150,0,0,1150,0,0,,,,,,,,,20,,177310,301.76,,,176160,301.76,,,,,,
NE-HVAC-AirEcono-Adjust-ExSP68F,DEER2024,D24_E+_Com_v1,6/15/2026 10:46,Any,Mtl,Ex,CZ13,cDXHP,Each,1,30000,None,1260,0,0,1260,0,0,,,,,,,,,20,,196900,292.81,,,195640,292.81,,,,,,
NE-HVAC-AirEcono-Adjust-ExSP68F,DEER2024,D24_E+_Com_v1,6/15/2026 10:46,Any,Mtl,Ex,CZ14,cDXHP,Each,1,30000,None,1080,0,0,1080,0,0,,,,,,,,,20,,197380,285.2,,,196300,285.2,,,,,,
NE-HVAC-AirEcono-Adjust-ExSP68F,DEER2024,D24_E+_Com_v1,6/15/2026 10:46,Any,Mtl,Ex,CZ15,cDXHP,Each,1,30000,None,1240,0,0,1240,0,0,,,,,,,,,20,,239170,262.35,,,237930,262.35,,,,,,
NE-HVAC-AirEcono-Adjust-ExSP68F,DEER2024,D24_E+_Com_v1,6/15/2026 10:46,Any,Mtl,Ex,CZ16,cDXHP,Each,1,30000,None,1340,0.26,0,1340,0.26,0,,,,,,,,,20,,179310,417,,,177960,417,,,,,,
NE-HVAC-AirEcono-Adjust-ExSP68F,DEER2024,D24_E+_Com_v1,6/15/2026 10:46,Any,Mtl,Ex,CZ01,cDXOH,Each,1,30000,None,50.1,0.054,0,50.1,0.054,0,,,,,,,,,20,,128390,521.5,,,128340,521.5,,,,,,
NE-HVAC-AirEcono-Adjust-ExSP68F,DEER2024,D24_E+_Com_v1,6/15/2026 10:46,Any,Mtl,Ex,CZ02,cDXOH,Each,1,30000,None,856,0.206,0,856,0.206,0,,,,,,,,,20,,156560,407.66,,,155710,407.66,,,,,,
NE-HVAC-AirEcono-Adjust-ExSP68F,DEER2024,D24_E+_Com_v1,6/15/2026 10:46,Any,Mtl,Ex,CZ03,cDXOH,Each,1,30000,None,940,0.575,0,940,0.575,0,,,,,,,,,20,,145890,317.95,,,144950,317.95,,,,,,
NE-HVAC-AirEcono-Adjust-ExSP68F,DEER2024,D24_E+_Com_v1,6/15/2026 10:46,Any,Mtl,Ex,CZ04,cDXOH,Each,1,30000,None,912,0,0,912,0,0,,,,,,,,,20,,169450,345.03,,,168540,345.03,,,,,,
NE-HVAC-AirEcono-Adjust-ExSP68F,DEER2024,D24_E+_Com_v1,6/15/2026 10:46,Any,Mtl,Ex,CZ05,cDXOH,Each,1,30000,None,1370,0.378,0,1370,0.378,0,,,,,,,,,20,,149500,292.94,,,148130,292.94,,,,,,
NE-HVAC-AirEcono-Adjust-ExSP68F,DEER2024,D24_E+_Com_v1,6/15/2026 10:46,Any,Mtl,Ex,CZ06,cDXOH,Each,1,30000,None,1250,0.384,0,1250,0.384,0,,,,,,,,,20,,158590,270.31,,,157340,270.31,,,,,,
NE-HVAC-AirEcono-Adjust-ExSP68F,DEER2024,D24_E+_Com_v1,6/15/2026 10:46,Any,Mtl,Ex,CZ07,cDXOH,Each,1,30000,None,438,0,0,438,0,0,,,,,,,,,20,,158190,269.86,,,157760,269.86,,,,,,
NE-HVAC-AirEcono-Adjust-ExSP68F,DEER2024,D24_E+_Com_v1,6/15/2026 10:46,Any,Mtl,Ex,CZ08,cDXOH,Each,1,30000,None,1400,0,0,1400,0,0,,,,,,,,,20,,178070,268.96,,,176670,268.96,,,,,,
NE-HVAC-AirEcono-Adjust-ExSP68F,DEER2024,D24_E+_Com_v1,6/15/2026 10:46,Any,Mtl,Ex,CZ09,cDXOH,Each,1,30000,None,1110,0,0,1110,0,0,,,,,,,,,20,,181020,270.12,,,179900,270.12,,,,,,
NE-HVAC-AirEcono-Adjust-ExSP68F,DEER2024,D24_E+_Com_v1,6/15/2026 10:46,Any,Mtl,Ex,CZ10,cDXOH,Each,1,30000,None,1460,0,0,1460,0,0,,,,,,,,,20,,186710,269.04,,,185250,269.04,,,,,,
NE-HVAC-AirEcono-Adjust-ExSP68F,DEER2024,D24_E+_Com_v1,6/15/2026 10:46,Any,Mtl,Ex,CZ11,cDXOH,Each,1,30000,None,1100,0,-0.00102,1100,0,-0.00102,,,,,,,,,20,,190260,426.38,,,189160,426.38,,,,,,
NE-HVAC-AirEcono-Adjust-ExSP68F,DEER2024,D24_E+_Com_v1,6/15/2026 10:46,Any,Mtl,Ex,CZ12,cDXOH,Each,1,30000,None,1140,0,0,1140,0,0,,,,,,,,,20,,170360,428.31,,,169220,428.31,,,,,,
NE-HVAC-AirEcono-Adjust-ExSP68F,DEER2024,D24_E+_Com_v1,6/15/2026 10:46,Any,Mtl,Ex,CZ13,cDXOH,Each,1,30000,None,1250,0,0,1250,0,0,,,,,,,,,20,,191060,401.87,,,189810,401.87,,,,,,
NE-HVAC-AirEcono-Adjust-ExSP68F,DEER2024,D24_E+_Com_v1,6/15/2026 10:46,Any,Mtl,Ex,CZ14,cDXOH,Each,1,30000,None,1070,0,0,1070,0,0,,,,,,,,,20,,190910,343.46,,,189830,343.46,,,,,,
NE-HVAC-AirEcono-Adjust-ExSP68F,DEER2024,D24_E+_Com_v1,6/15/2026 10:46,Any,Mtl,Ex,CZ15,cDXOH,Each,1,30000,None,1240,0,0,1240,0,0,,,,,,,,,20,,238190,262.37,,,236960,262.37,,,,,,
NE-HVAC-AirEcono-Adjust-ExSP68F,DEER2024,D24_E+_Com_v1,6/15/2026 10:46,Any,Mtl,Ex,CZ16,cDXOH,Each,1,30000,None,1320,0.256,0,1320,0.256,0,,,,,,,,,20,,165490,711.75,,,164160,711.75,,,,,,
NE-HVAC-AirEcono-Adjust-ExSP68F,DEER2024,D24_E+_Com_v1,6/15/2026 10:46,Any,Mtl,Ex,CZ01,cPVVG,Each,1,30000,None,40.5,0.04,0.000342,40.5,0.04,0.000342,,,,,,,,,20,,95567,2428.6,,,95526,2428.6,,,,,,
NE-HVAC-AirEcono-Adjust-ExSP68F,DEER2024,D24_E+_Com_v1,6/15/2026 10:46,Any,Mtl,Ex,CZ02,cPVVG,Each,1,30000,None,678,0.152,0,678,0.152,0,,,,,,,,,20,,122010,1742.3,,,121330,1742.3,,,,,,
NE-HVAC-AirEcono-Adjust-ExSP68F,DEER2024,D24_E+_Com_v1,6/15/2026 10:46,Any,Mtl,Ex,CZ03,cPVVG,Each,1,30000,None,785,0.458,0.000341,785,0.458,0.000341,,,,,,,,,20,,111290,1152.7,,,110500,1152.7,,,,,,
NE-HVAC-AirEcono-Adjust-ExSP68F,DEER2024,D24_E+_Com_v1,6/15/2026 10:46,Any,Mtl,Ex,CZ04,cPVVG,Each,1,30000,None,680,0,0.00137,680,0,0.00137,,,,,,,,,20,,136090,1461.7,,,135410,1461.7,,,,,,
NE-HVAC-AirEcono-Adjust-ExSP68F,DEER2024,D24_E+_Com_v1,6/15/2026 10:46,Any,Mtl,Ex,CZ05,cPVVG,Each,1,30000,None,1160,0.296,0.0041,1160,0.296,0.0041,,,,,,,,,20,,114600,1178.8,,,113450,1178.8,,,,,,
NE-HVAC-AirEcono-Adjust-ExSP68F,DEER2024,D24_E+_Com_v1,6/15/2026 10:46,Any,Mtl,Ex,CZ06,cPVVG,Each,1,30000,None,943,0.275,0.000683,943,0.275,0.000683,,,,,,,,,20,,128350,513.01,,,127410,513.01,,,,,,
NE-HVAC-AirEcono-Adjust-ExSP68F,DEER2024,D24_E+_Com_v1,6/15/2026 10:46,Any,Mtl,Ex,CZ07,cPVVG,Each,1,30000,None,308,0,0,308,0,0,,,,,,,,,20,,127590,483.97,,,127280,483.97,,,,,,
NE-HVAC-AirEcono-Adjust-ExSP68F,DEER2024,D24_E+_Com_v1,6/15/2026 10:46,Any,Mtl,Ex,CZ08,cPVVG,Each,1,30000,None,971,0,0.000341,971,0,0.000341,,,,,,,,,20,,144680,606.12,,,143710,606.12,,,,,,
NE-HVAC-AirEcono-Adjust-ExSP68F,DEER2024,D24_E+_Com_v1,6/15/2026 10:46,Any,Mtl,Ex,CZ09,cPVVG,Each,1,30000,None,820,0,0,820,0,0,,,,,,,,,20,,146280,685.38,,,145460,685.38,,,,,,
NE-HVAC-AirEcono-Adjust-ExSP68F,DEER2024,D24_E+_Com_v1,6/15/2026 10:46,Any,Mtl,Ex,CZ10,cPVVG,Each,1,30000,None,1080,0,0.000341,1080,0,0.000341,,,,,,,,,20,,152000,700.82,,,150920,700.82,,,,,,
NE-HVAC-AirEcono-Adjust-ExSP68F,DEER2024,D24_E+_Com_v1,6/15/2026 10:46,Any,Mtl,Ex,CZ11,cPVVG,Each,1,30000,None,823,0,-0.000682,823,0,-0.000682,,,,,,,,,20,,154210,1605.3,,,153390,1605.3,,,,,,
NE-HVAC-AirEcono-Adjust-ExSP68F,DEER2024,D24_E+_Com_v1,6/15/2026 10:46,Any,Mtl,Ex,CZ12,cPVVG,Each,1,30000,None,867,0,0,867,0,0,,,,,,,,,20,,136600,1610.7,,,135740,1610.7,,,,,,
NE-HVAC-AirEcono-Adjust-ExSP68F,DEER2024,D24_E+_Com_v1,6/15/2026 10:46,Any,Mtl,Ex,CZ13,cPVVG,Each,1,30000,None,937,-0.001,0,937,-0.001,0,,,,,,,,,20,,156760,1413.9,,,155820,1413.9,,,,,,
NE-HVAC-AirEcono-Adjust-ExSP68F,DEER2024,D24_E+_Com_v1,6/15/2026 10:46,Any,Mtl,Ex,CZ14,cPVVG,Each,1,30000,None,841,0,-0.000682,841,0,-0.000682,,,,,,,,,20,,156530,1293.9,,,155690,1293.9,,,,,,
NE-HVAC-AirEcono-Adjust-ExSP68F,DEER2024,D24_E+_Com_v1,6/15/2026 10:46,Any,Mtl,Ex,CZ15,cPVVG,Each,1,30000,None,919,0,-0.000341,919,0,-0.000341,,,,,,,,,20,,204470,453.67,,,203550,453.67,,,,,,
NE-HVAC-AirEcono-Adjust-ExSP68F,DEER2024,D24_E+_Com_v1,6/15/2026 10:46,Any,Mtl,Ex,CZ16,cPVVG,Each,1,30000,None,1110,0.214,-0.000342,1110,0.214,-0.000342,,,,,,,,,20,,124140,2458.5,,,123030,2458.5,,,,,,
NE-HVAC-AirEcono-Adjust-ExSP68F,DEER2024,D24_E+_Com_v1,6/15/2026 10:46,Any,Nrs,Ex,CZ01,cDXGF,Each,1,111000,None,77.8,0.149,-1.45,77.8,0.149,-1.45,,,,,,,,,20,,644030,11469,,,643960,11471,,,,,,
NE-HVAC-AirEcono-Adjust-ExSP68F,DEER2024,D24_E+_Com_v1,6/15/2026 10:46,Any,Nrs,Ex,CZ02,cDXGF,Each,1,111000,None,1400,0.36,-2.95,1400,0.36,-2.95,,,,,,,,,20,,729400,9643.8,,,728000,9646.8,,,,,,
NE-HVAC-AirEcono-Adjust-ExSP68F,DEER2024,D24_E+_Com_v1,6/15/2026 10:46,Any,Nrs,Ex,CZ03,cDXGF,Each,1,111000,None,1660,1.46,0.592,1660,1.46,0.592,,,,,,,,,20,,698030,8239.4,,,696380,8238.9,,,,,,
NE-HVAC-AirEcono-Adjust-ExSP68F,DEER2024,D24_E+_Com_v1,6/15/2026 10:46,Any,Nrs,Ex,CZ04,cDXGF,Each,1,111000,None,1730,0.108,5.37,1730,0.108,5.37,,,,,,,,,20,,785830,9014,,,784100,9008.7,,,,,,
NE-HVAC-AirEcono-Adjust-ExSP68F,DEER2024,D24_E+_Com_v1,6/15/2026 10:46,Any,Nrs,Ex,CZ05,cDXGF,Each,1,111000,None,2470,0.59,2.22,2470,0.59,2.22,,,,,,,,,20,,713860,8032.7,,,711390,8030.5,,,,,,
NE-HVAC-AirEcono-Adjust-ExSP68F,DEER2024,D24_E+_Com_v1,6/15/2026 10:46,Any,Nrs,Ex,CZ06,cDXGF,Each,1,111000,None,2510,1.05,-4.08,2510,1.05,-4.08,,,,,,,,,20,,767370,6675,,,764860,6679.1,,,,,,
NE-HVAC-AirEcono-Adjust-ExSP68F,DEER2024,D24_E+_Com_v1,6/15/2026 10:46,Any,Nrs,Ex,CZ07,cDXGF,Each,1,111000,None,940,-0.358,6.74,940,-0.358,6.74,,,,,,,,,20,,763900,6402.7,,,762960,6396,,,,,,
NE-HVAC-AirEcono-Adjust-ExSP68F,DEER2024,D24_E+_Com_v1,6/15/2026 10:46,Any,Nrs,Ex,CZ08,cDXGF,Each,1,111000,None,2790,0.11,4.34,2790,0.11,4.34,,,,,,,,,20,,823640,6743.7,,,820850,6739.4,,,,,,
NE-HVAC-AirEcono-Adjust-ExSP68F,DEER2024,D24_E+_Com_v1,6/15/2026 10:46,Any,Nrs,Ex,CZ09,cDXGF,Each,1,111000,None,2140,0.025,0.344,2140,0.025,0.344,,,,,,,,,20,,827210,6995.7,,,825070,6995.4,,,,,,
NE-HVAC-AirEcono-Adjust-ExSP68F,DEER2024,D24_E+_Com_v1,6/15/2026 10:46,Any,Nrs,Ex,CZ10,cDXGF,Each,1,111000,None,2610,0.046,5.87,2610,0.046,5.87,,,,,,,,,20,,834460,6724.2,,,831850,6718.3,,,,,,
NE-HVAC-AirEcono-Adjust-ExSP68F,DEER2024,D24_E+_Com_v1,6/15/2026 10:46,Any,Nrs,Ex,CZ11,cDXGF,Each,1,111000,None,1900,-0.11,-1.04,1900,-0.11,-1.04,,,,,,,,,20,,847940,9374.6,,,846040,9375.7,,,,,,
NE-HVAC-AirEcono-Adjust-ExSP68F,DEER2024,D24_E+_Com_v1,6/15/2026 10:46,Any,Nrs,Ex,CZ12,cDXGF,Each,1,111000,None,1860,-0.004,-2.49,1860,-0.004,-2.49,,,,,,,,,20,,781220,9283.7,,,779360,9286.2,,,,,,
NE-HVAC-AirEcono-Adjust-ExSP68F,DEER2024,D24_E+_Com_v1,6/15/2026 10:46,Any,Nrs,Ex,CZ13,cDXGF,Each,1,111000,None,2150,-0.069,-6.06,2150,-0.069,-6.06,,,,,,,,,20,,855360,8723.5,,,853220,8729.6,,,,,,
NE-HVAC-AirEcono-Adjust-ExSP68F,DEER2024,D24_E+_Com_v1,6/15/2026 10:46,Any,Nrs,Ex,CZ14,cDXGF,Each,1,111000,None,2020,0.001,7.73,2020,0.001,7.73,,,,,,,,,20,,854280,8590.2,,,852260,8582.5,,,,,,
NE-HVAC-AirEcono-Adjust-ExSP68F,DEER2024,D24_E+_Com_v1,6/15/2026 10:46,Any,Nrs,Ex,CZ15,cDXGF,Each,1,111000,None,2070,-0.33,2.28,2070,-0.33,2.28,,,,,,,,,20,,1015600,6160.5,,,1013500,6158.2,,,,,,
NE-HVAC-AirEcono-Adjust-ExSP68F,DEER2024,D24_E+_Com_v1,6/15/2026 10:46,Any,Nrs,Ex,CZ16,cDXGF,Each,1,111000,None,2180,0.362,1.31,2180,0.362,1.31,,,,,,,,,20,,757230,12245,,,755050,12244,,,,,,
NE-HVAC-AirEcono-Adjust-ExSP68F,DEER2024,D24_E+_Com_v1,6/15/2026 10:46,Any,Nrs,Ex,CZ01,cDXHP,Each,1,111000,None,93.7,-0.009,0.545,93.7,-0.009,0.545,,,,,,,,,20,,655690,9943.8,,,655590,9943.3,,,,,,
NE-HVAC-AirEcono-Adjust-ExSP68F,DEER2024,D24_E+_Com_v1,6/15/2026 10:46,Any,Nrs,Ex,CZ02,cDXHP,Each,1,111000,None,1380,0.37,-3.93,1380,0.37,-3.93,,,,,,,,,20,,737720,8642.1,,,736340,8646.1,,,,,,
NE-HVAC-AirEcono-Adjust-ExSP68F,DEER2024,D24_E+_Com_v1,6/15/2026 10:46,Any,Nrs,Ex,CZ03,cDXHP,Each,1,111000,None,1590,1.26,0.875,1590,1.26,0.875,,,,,,,,,20,,701890,7696.3,,,700310,7695.4,,,,,,
NE-HVAC-AirEcono-Adjust-ExSP68F,DEER2024,D24_E+_Com_v1,6/15/2026 10:46,Any,Nrs,Ex,CZ04,cDXHP,Each,1,111000,None,1760,0.005,1.32,1760,0.005,1.32,,,,,,,,,20,,793300,8159.5,,,791540,8158.1,,,,,,
NE-HVAC-AirEcono-Adjust-ExSP68F,DEER2024,D24_E+_Com_v1,6/15/2026 10:46,Any,Nrs,Ex,CZ05,cDXHP,Each,1,111000,None,2380,0.593,0.828,2380,0.593,0.828,,,,,,,,,20,,718050,7477.9,,,715670,7477.1,,,,,,
NE-HVAC-AirEcono-Adjust-ExSP68F,DEER2024,D24_E+_Com_v1,6/15/2026 10:46,Any,Nrs,Ex,CZ06,cDXHP,Each,1,111000,None,2700,0.967,0.74,2700,0.967,0.74,,,,,,,,,20,,766820,6571.9,,,764120,6571.2,,,,,,
NE-HVAC-AirEcono-Adjust-ExSP68F,DEER2024,D24_E+_Com_v1,6/15/2026 10:46,Any,Nrs,Ex,CZ07,cDXHP,Each,1,111000,None,942,0.26,-1.45,942,0.26,-1.45,,,,,,,,,20,,763480,6331.6,,,762540,6333.1,,,,,,
NE-HVAC-AirEcono-Adjust-ExSP68F,DEER2024,D24_E+_Com_v1,6/15/2026 10:46,Any,Nrs,Ex,CZ08,cDXHP,Each,1,111000,None,2780,-0.245,2.31,2780,-0.245,2.31,,,,,,,,,20,,824610,6589.3,,,821830,6587,,,,,,
NE-HVAC-AirEcono-Adjust-ExSP68F,DEER2024,D24_E+_Com_v1,6/15/2026 10:46,Any,Nrs,Ex,CZ09,cDXHP,Each,1,111000,None,2140,0.014,4.13,2140,0.014,4.13,,,,,,,,,20,,828730,6794.3,,,826590,6790.2,,,,,,
NE-HVAC-AirEcono-Adjust-ExSP68F,DEER2024,D24_E+_Com_v1,6/15/2026 10:46,Any,Nrs,Ex,CZ10,cDXHP,Each,1,111000,None,2610,0.017,-4.05,2610,0.017,-4.05,,,,,,,,,20,,836210,6493.7,,,833600,6497.7,,,,,,
NE-HVAC-AirEcono-Adjust-ExSP68F,DEER2024,D24_E+_Com_v1,6/15/2026 10:46,Any,Nrs,Ex,CZ11,cDXHP,Each,1,111000,None,1910,-0.118,-1.42,1910,-0.118,-1.42,,,,,,,,,20,,855160,8504.5,,,853240,8506,,,,,,
NE-HVAC-AirEcono-Adjust-ExSP68F,DEER2024,D24_E+_Com_v1,6/15/2026 10:46,Any,Nrs,Ex,CZ12,cDXHP,Each,1,111000,None,1910,-0.02,-1.55,1910,-0.02,-1.55,,,,,,,,,20,,788410,8393.8,,,786500,8395.4,,,,,,
NE-HVAC-AirEcono-Adjust-ExSP68F,DEER2024,D24_E+_Com_v1,6/15/2026 10:46,Any,Nrs,Ex,CZ13,cDXHP,Each,1,111000,None,2130,0.042,-4.18,2130,0.042,-4.18,,,,,,,,,20,,861380,8006.8,,,859250,8010.9,,,,,,
NE-HVAC-AirEcono-Adjust-ExSP68F,DEER2024,D24_E+_Com_v1,6/15/2026 10:46,Any,Nrs,Ex,CZ14,cDXHP,Each,1,111000,None,2070,-0.003,8.26,2070,-0.003,8.26,,,,,,,,,20,,861460,7833.3,,,859390,7825,,,,,,
NE-HVAC-AirEcono-Adjust-ExSP68F,DEER2024,D24_E+_Com_v1,6/15/2026 10:46,Any,Nrs,Ex,CZ15,cDXHP,Each,1,111000,None,2000,0.427,5.83,2000,0.427,5.83,,,,,,,,,20,,1016700,6065.2,,,1014700,6059.4,,,,,,
NE-HVAC-AirEcono-Adjust-ExSP68F,DEER2024,D24_E+_Com_v1,6/15/2026 10:46,Any,Nrs,Ex,CZ16,cDXHP,Each,1,111000,None,2120,0.37,-5.79,2120,0.37,-5.79,,,,,,,,,20,,773950,10727,,,771830,10733,,,,,,
NE-HVAC-AirEcono-Adjust-ExSP68F,DEER2024,D24_E+_Com_v1,6/15/2026 10:46,Any,Nrs,Ex,CZ01,cDXOH,Each,1,111000,None,134,0.352,2.58,134,0.352,2.58,,,,,,,,,20,,643900,10252,,,643760,10250,,,,,,
NE-HVAC-AirEcono-Adjust-ExSP68F,DEER2024,D24_E+_Com_v1,6/15/2026 10:46,Any,Nrs,Ex,CZ02,cDXOH,Each,1,111000,None,1420,0.38,-2.18,1420,0.38,-2.18,,,,,,,,,20,,729010,8809.1,,,727590,8811.3,,,,,,
NE-HVAC-AirEcono-Adjust-ExSP68F,DEER2024,D24_E+_Com_v1,6/15/2026 10:46,Any,Nrs,Ex,CZ03,cDXOH,Each,1,111000,None,1690,1.27,0.583,1690,1.27,0.583,,,,,,,,,20,,697890,7784.9,,,696200,7784.4,,,,,,
NE-HVAC-AirEcono-Adjust-ExSP68F,DEER2024,D24_E+_Com_v1,6/15/2026 10:46,Any,Nrs,Ex,CZ04,cDXOH,Each,1,111000,None,1680,0.136,-1.61,1680,0.136,-1.61,,,,,,,,,20,,785390,8295.1,,,783710,8296.8,,,,,,
NE-HVAC-AirEcono-Adjust-ExSP68F,DEER2024,D24_E+_Com_v1,6/15/2026 10:46,Any,Nrs,Ex,CZ05,cDXOH,Each,1,111000,None,2500,0.982,0.798,2500,0.982,0.798,,,,,,,,,20,,713500,7556.6,,,711000,7555.8,,,,,,
NE-HVAC-AirEcono-Adjust-ExSP68F,DEER2024,D24_E+_Com_v1,6/15/2026 10:46,Any,Nrs,Ex,CZ06,cDXOH,Each,1,111000,None,2480,0.728,-0.82,2480,0.728,-0.82,,,,,,,,,20,,767190,6586.4,,,764710,6587.2,,,,,,
NE-HVAC-AirEcono-Adjust-ExSP68F,DEER2024,D24_E+_Com_v1,6/15/2026 10:46,Any,Nrs,Ex,CZ07,cDXOH,Each,1,111000,None,928,-0.49,0.245,928,-0.49,0.245,,,,,,,,,20,,763860,6338,,,762930,6337.7,,,,,,
NE-HVAC-AirEcono-Adjust-ExSP68F,DEER2024,D24_E+_Com_v1,6/15/2026 10:46,Any,Nrs,Ex,CZ08,cDXOH,Each,1,111000,None,2770,-0.045,4.24,2770,-0.045,4.24,,,,,,,,,20,,823510,6601.6,,,820740,6597.4,,,,,,
NE-HVAC-AirEcono-Adjust-ExSP68F,DEER2024,D24_E+_Com_v1,6/15/2026 10:46,Any,Nrs,Ex,CZ09,cDXOH,Each,1,111000,None,2100,-0.016,3.68,2100,-0.016,3.68,,,,,,,,,20,,826950,6805.3,,,824860,6801.6,,,,,,
NE-HVAC-AirEcono-Adjust-ExSP68F,DEER2024,D24_E+_Com_v1,6/15/2026 10:46,Any,Nrs,Ex,CZ10,cDXOH,Each,1,111000,None,2630,-0.014,3.42,2630,-0.014,3.42,,,,,,,,,20,,834290,6518.9,,,831660,6515.4,,,,,,
NE-HVAC-AirEcono-Adjust-ExSP68F,DEER2024,D24_E+_Com_v1,6/15/2026 10:46,Any,Nrs,Ex,CZ11,cDXOH,Each,1,111000,None,1840,0.08,-4.85,1840,0.08,-4.85,,,,,,,,,20,,847720,8663,,,845880,8667.8,,,,,,
NE-HVAC-AirEcono-Adjust-ExSP68F,DEER2024,D24_E+_Com_v1,6/15/2026 10:46,Any,Nrs,Ex,CZ12,cDXOH,Each,1,111000,None,1900,-0.006,2.23,1900,-0.006,2.23,,,,,,,,,20,,781090,8571.6,,,779190,8569.4,,,,,,
NE-HVAC-AirEcono-Adjust-ExSP68F,DEER2024,D24_E+_Com_v1,6/15/2026 10:46,Any,Nrs,Ex,CZ13,cDXOH,Each,1,111000,None,2170,0.026,-3.77,2170,0.026,-3.77,,,,,,,,,20,,855320,8158.9,,,853150,8162.6,,,,,,
NE-HVAC-AirEcono-Adjust-ExSP68F,DEER2024,D24_E+_Com_v1,6/15/2026 10:46,Any,Nrs,Ex,CZ14,cDXOH,Each,1,111000,None,1970,-0.082,-0.633,1970,-0.082,-0.633,,,,,,,,,20,,853980,7950.3,,,852010,7950.9,,,,,,
NE-HVAC-AirEcono-Adjust-ExSP68F,DEER2024,D24_E+_Com_v1,6/15/2026 10:46,Any,Nrs,Ex,CZ15,cDXOH,Each,1,111000,None,2120,-0.38,7.28,2120,-0.38,7.28,,,,,,,,,20,,1015500,6077.4,,,1013400,6070.1,,,,,,
NE-HVAC-AirEcono-Adjust-ExSP68F,DEER2024,D24_E+_Com_v1,6/15/2026 10:46,Any,Nrs,Ex,CZ16,cDXOH,Each,1,111000,None,2190,0.386,5.19,2190,0.386,5.19,,,,,,,,,20,,757190,11008,,,755000,11002,,,,,,
NE-HVAC-AirEcono-Adjust-ExSP68F,DEER2024,D24_E+_Com_v1,6/15/2026 10:46,Any,Nrs,Ex,CZ01,cPVVG,Each,1,111000,None,93.7,-0.091,3.19,93.7,-0.091,3.19,,,,,,,,,20,,584120,11856,,,584020,11853,,,,,,
NE-HVAC-AirEcono-Adjust-ExSP68F,DEER2024,D24_E+_Com_v1,6/15/2026 10:46,Any,Nrs,Ex,CZ02,cPVVG,Each,1,111000,None,1140,0.267,1.04,1140,0.267,1.04,,,,,,,,,20,,663250,10171,,,662100,10170,,,,,,
NE-HVAC-AirEcono-Adjust-ExSP68F,DEER2024,D24_E+_Com_v1,6/15/2026 10:46,Any,Nrs,Ex,CZ03,cPVVG,Each,1,111000,None,1350,1.44,-1.39,1350,1.44,-1.39,,,,,,,,,20,,632400,8573,,,631050,8574.4,,,,,,
NE-HVAC-AirEcono-Adjust-ExSP68F,DEER2024,D24_E+_Com_v1,6/15/2026 10:46,Any,Nrs,Ex,CZ04,cPVVG,Each,1,111000,None,1280,-0.013,-0.241,1280,-0.013,-0.241,,,,,,,,,20,,720090,9500.3,,,718820,9500.6,,,,,,
NE-HVAC-AirEcono-Adjust-ExSP68F,DEER2024,D24_E+_Com_v1,6/15/2026 10:46,Any,Nrs,Ex,CZ05,cPVVG,Each,1,111000,None,2060,0.619,2.56,2060,0.619,2.56,,,,,,,,,20,,647540,8374.9,,,645480,8372.3,,,,,,
NE-HVAC-AirEcono-Adjust-ExSP68F,DEER2024,D24_E+_Com_v1,6/15/2026 10:46,Any,Nrs,Ex,CZ06,cPVVG,Each,1,111000,None,2070,0.606,1.6,2070,0.606,1.6,,,,,,,,,20,,707960,6767.1,,,705890,6765.5,,,,,,
NE-HVAC-AirEcono-Adjust-ExSP68F,DEER2024,D24_E+_Com_v1,6/15/2026 10:46,Any,Nrs,Ex,CZ07,cPVVG,Each,1,111000,None,737,-0.419,9.87,737,-0.419,9.87,,,,,,,,,20,,704330,6473.5,,,703600,6463.6,,,,,,
NE-HVAC-AirEcono-Adjust-ExSP68F,DEER2024,D24_E+_Com_v1,6/15/2026 10:46,Any,Nrs,Ex,CZ08,cPVVG,Each,1,111000,None,1950,-0.001,-0.498,1950,-0.001,-0.498,,,,,,,,,20,,760080,6899.6,,,758130,6900.1,,,,,,
NE-HVAC-AirEcono-Adjust-ExSP68F,DEER2024,D24_E+_Com_v1,6/15/2026 10:46,Any,Nrs,Ex,CZ09,cPVVG,Each,1,111000,None,1640,-0.016,2.8,1640,-0.016,2.8,,,,,,,,,20,,760580,7188.8,,,758940,7186,,,,,,
NE-HVAC-AirEcono-Adjust-ExSP68F,DEER2024,D24_E+_Com_v1,6/15/2026 10:46,Any,Nrs,Ex,CZ10,cPVVG,Each,1,111000,None,2000,0.027,5.77,2000,0.027,5.77,,,,,,,,,20,,769260,6930.3,,,767260,6924.6,,,,,,
NE-HVAC-AirEcono-Adjust-ExSP68F,DEER2024,D24_E+_Com_v1,6/15/2026 10:46,Any,Nrs,Ex,CZ11,cPVVG,Each,1,111000,None,1490,0.189,6.57,1490,0.189,6.57,,,,,,,,,20,,780190,9929.2,,,778700,9922.7,,,,,,
NE-HVAC-AirEcono-Adjust-ExSP68F,DEER2024,D24_E+_Com_v1,6/15/2026 10:46,Any,Nrs,Ex,CZ12,cPVVG,Each,1,111000,None,1510,0.002,4.5,1510,0.002,4.5,,,,,,,,,20,,717180,9765.5,,,715670,9761,,,,,,
NE-HVAC-AirEcono-Adjust-ExSP68F,DEER2024,D24_E+_Com_v1,6/15/2026 10:46,Any,Nrs,Ex,CZ13,cPVVG,Each,1,111000,None,1590,0.01,-10.2,1590,0.01,-10.2,,,,,,,,,20,,790970,9210.2,,,789370,9220.4,,,,,,
NE-HVAC-AirEcono-Adjust-ExSP68F,DEER2024,D24_E+_Com_v1,6/15/2026 10:46,Any,Nrs,Ex,CZ14,cPVVG,Each,1,111000,None,1530,0,-5.91,1530,0,-5.91,,,,,,,,,20,,785470,9032.6,,,783940,9038.5,,,,,,
NE-HVAC-AirEcono-Adjust-ExSP68F,DEER2024,D24_E+_Com_v1,6/15/2026 10:46,Any,Nrs,Ex,CZ15,cPVVG,Each,1,111000,None,1420,-0.184,-6.28,1420,-0.184,-6.28,,,,,,,,,20,,954700,6242.2,,,953270,6248.5,,,,,,
NE-HVAC-AirEcono-Adjust-ExSP68F,DEER2024,D24_E+_Com_v1,6/15/2026 10:46,Any,Nrs,Ex,CZ16,cPVVG,Each,1,111000,None,1860,0.283,-6.17,1860,0.283,-6.17,,,,,,,,,20,,680550,13133,,,678690,13140,,,,,,
NE-HVAC-AirEcono-Adjust-ExSP68F,DEER2024,D24_E+_Com_v1,6/15/2026 10:46,Any,OfL,Ex,CZ01,cDXGF,Each,1,350000,None,966,1.09,-0.000341,966,1.09,-0.000341,,,,,,,,,20,,2143800,9681.4,,,2142800,9681.4,,,,,,
NE-HVAC-AirEcono-Adjust-ExSP68F,DEER2024,D24_E+_Com_v1,6/15/2026 10:46,Any,OfL,Ex,CZ02,cDXGF,Each,1,350000,None,16100,3.68,0.171,16100,3.68,0.171,,,,,,,,,20,,2536400,7708.6,,,2520400,7708.4,,,,,,
NE-HVAC-AirEcono-Adjust-ExSP68F,DEER2024,D24_E+_Com_v1,6/15/2026 10:46,Any,OfL,Ex,CZ03,cDXGF,Each,1,350000,None,17300,10.4,0.00614,17300,10.4,0.00614,,,,,,,,,20,,2384900,6398.3,,,2367600,6398.2,,,,,,
NE-HVAC-AirEcono-Adjust-ExSP68F,DEER2024,D24_E+_Com_v1,6/15/2026 10:46,Any,OfL,Ex,CZ04,cDXGF,Each,1,350000,None,17900,-0.003,-0.254,17900,-0.003,-0.254,,,,,,,,,20,,2715300,7026.9,,,2697400,7027.1,,,,,,
NE-HVAC-AirEcono-Adjust-ExSP68F,DEER2024,D24_E+_Com_v1,6/15/2026 10:46,Any,OfL,Ex,CZ05,cDXGF,Each,1,350000,None,25300,7,0.0338,25300,7,0.0338,,,,,,,,,20,,2456500,6210.6,,,2431200,6210.6,,,,,,
NE-HVAC-AirEcono-Adjust-ExSP68F,DEER2024,D24_E+_Com_v1,6/15/2026 10:46,Any,OfL,Ex,CZ06,cDXGF,Each,1,350000,None,25200,7.7,-0.0212,25200,7.7,-0.0212,,,,,,,,,20,,2591300,4398.5,,,2566100,4398.6,,,,,,
NE-HVAC-AirEcono-Adjust-ExSP68F,DEER2024,D24_E+_Com_v1,6/15/2026 10:46,Any,OfL,Ex,CZ07,cDXGF,Each,1,350000,None,9100,0,0.00853,9100,0,0.00853,,,,,,,,,20,,2594400,4215.5,,,2585300,4215.5,,,,,,
NE-HVAC-AirEcono-Adjust-ExSP68F,DEER2024,D24_E+_Com_v1,6/15/2026 10:46,Any,OfL,Ex,CZ08,cDXGF,Each,1,350000,None,27200,-0.001,0.0474,27200,-0.001,0.0474,,,,,,,,,20,,2827000,4436.3,,,2799800,4436.3,,,,,,
NE-HVAC-AirEcono-Adjust-ExSP68F,DEER2024,D24_E+_Com_v1,6/15/2026 10:46,Any,OfL,Ex,CZ09,cDXGF,Each,1,350000,None,21000,-0.002,-0.0198,21000,-0.002,-0.0198,,,,,,,,,20,,2865400,4699.8,,,2844400,4699.8,,,,,,
NE-HVAC-AirEcono-Adjust-ExSP68F,DEER2024,D24_E+_Com_v1,6/15/2026 10:46,Any,OfL,Ex,CZ10,cDXGF,Each,1,350000,None,24900,-0.001,-0.0689,24900,-0.001,-0.0689,,,,,,,,,20,,2825500,4621.8,,,2800500,4621.9,,,,,,
NE-HVAC-AirEcono-Adjust-ExSP68F,DEER2024,D24_E+_Com_v1,6/15/2026 10:46,Any,OfL,Ex,CZ11,cDXGF,Each,1,350000,None,20400,0.027,-0.0116,20400,0.027,-0.0116,,,,,,,,,20,,2891800,7012.4,,,2871400,7012.4,,,,,,
NE-HVAC-AirEcono-Adjust-ExSP68F,DEER2024,D24_E+_Com_v1,6/15/2026 10:46,Any,OfL,Ex,CZ12,cDXGF,Each,1,350000,None,21200,0.013,-0.0232,21200,0.013,-0.0232,,,,,,,,,20,,2672200,6953.7,,,2651100,6953.7,,,,,,
NE-HVAC-AirEcono-Adjust-ExSP68F,DEER2024,D24_E+_Com_v1,6/15/2026 10:46,Any,OfL,Ex,CZ13,cDXGF,Each,1,350000,None,23000,0,0.0611,23000,0,0.0611,,,,,,,,,20,,2903800,6108,,,2880800,6108,,,,,,
NE-HVAC-AirEcono-Adjust-ExSP68F,DEER2024,D24_E+_Com_v1,6/15/2026 10:46,Any,OfL,Ex,CZ14,cDXGF,Each,1,350000,None,19700,-0.001,-0.0686,19700,-0.001,-0.0686,,,,,,,,,20,,2919700,6474.4,,,2900100,6474.5,,,,,,
NE-HVAC-AirEcono-Adjust-ExSP68F,DEER2024,D24_E+_Com_v1,6/15/2026 10:46,Any,OfL,Ex,CZ15,cDXGF,Each,1,350000,None,20000,0,-0.0392,20000,0,-0.0392,,,,,,,,,20,,3331000,3742.7,,,3311000,3742.7,,,,,,
NE-HVAC-AirEcono-Adjust-ExSP68F,DEER2024,D24_E+_Com_v1,6/15/2026 10:46,Any,OfL,Ex,CZ16,cDXGF,Each,1,350000,None,24500,5.03,0.0901,24500,5.03,0.0901,,,,,,,,,20,,2679900,10022,,,2655400,10022,,,,,,
NE-HVAC-AirEcono-Adjust-ExSP68F,DEER2024,D24_E+_Com_v1,6/15/2026 10:46,Any,OfL,Ex,CZ01,cDXHP,Each,1,350000,None,987,1.09,-0.0444,987,1.09,-0.0444,,,,,,,,,20,,2171300,6161.9,,,2170300,6161.9,,,,,,
NE-HVAC-AirEcono-Adjust-ExSP68F,DEER2024,D24_E+_Com_v1,6/15/2026 10:46,Any,OfL,Ex,CZ02,cDXHP,Each,1,350000,None,16200,3.79,-0.00614,16200,3.79,-0.00614,,,,,,,,,20,,2556800,5507.7,,,2540500,5507.7,,,,,,
NE-HVAC-AirEcono-Adjust-ExSP68F,DEER2024,D24_E+_Com_v1,6/15/2026 10:46,Any,OfL,Ex,CZ03,cDXHP,Each,1,350000,None,17500,10.6,0.0505,17500,10.6,0.0505,,,,,,,,,20,,2395600,4951,,,2378100,4950.9,,,,,,
NE-HVAC-AirEcono-Adjust-ExSP68F,DEER2024,D24_E+_Com_v1,6/15/2026 10:46,Any,OfL,Ex,CZ04,cDXHP,Each,1,350000,None,18100,-0.005,0.152,18100,-0.005,0.152,,,,,,,,,20,,2735300,5159.5,,,2717200,5159.3,,,,,,
NE-HVAC-AirEcono-Adjust-ExSP68F,DEER2024,D24_E+_Com_v1,6/15/2026 10:46,Any,OfL,Ex,CZ05,cDXHP,Each,1,350000,None,25400,7.05,0.00205,25400,7.05,0.00205,,,,,,,,,20,,2467000,4921.1,,,2441600,4921.1,,,,,,
NE-HVAC-AirEcono-Adjust-ExSP68F,DEER2024,D24_E+_Com_v1,6/15/2026 10:46,Any,OfL,Ex,CZ06,cDXHP,Each,1,350000,None,26000,7.75,-0.0437,26000,7.75,-0.0437,,,,,,,,,20,,2591900,4089,,,2565900,4089,,,,,,
NE-HVAC-AirEcono-Adjust-ExSP68F,DEER2024,D24_E+_Com_v1,6/15/2026 10:46,Any,OfL,Ex,CZ07,cDXHP,Each,1,350000,None,9140,0,0.00239,9140,0,0.00239,,,,,,,,,20,,2594200,4009.2,,,2585100,4009.2,,,,,,
NE-HVAC-AirEcono-Adjust-ExSP68F,DEER2024,D24_E+_Com_v1,6/15/2026 10:46,Any,OfL,Ex,CZ08,cDXHP,Each,1,350000,None,27400,-0.001,0.0454,27400,-0.001,0.0454,,,,,,,,,20,,2829000,4057.8,,,2801600,4057.8,,,,,,
NE-HVAC-AirEcono-Adjust-ExSP68F,DEER2024,D24_E+_Com_v1,6/15/2026 10:46,Any,OfL,Ex,CZ09,cDXHP,Each,1,350000,None,21000,-0.003,-0.00922,21000,-0.003,-0.00922,,,,,,,,,20,,2869500,4178.9,,,2848400,4179,,,,,,
NE-HVAC-AirEcono-Adjust-ExSP68F,DEER2024,D24_E+_Com_v1,6/15/2026 10:46,Any,OfL,Ex,CZ10,cDXHP,Each,1,350000,None,25100,0,-0.125,25100,0,-0.125,,,,,,,,,20,,2829600,4146.3,,,2804500,4146.4,,,,,,
NE-HVAC-AirEcono-Adjust-ExSP68F,DEER2024,D24_E+_Com_v1,6/15/2026 10:46,Any,OfL,Ex,CZ11,cDXHP,Each,1,350000,None,20600,0.027,-0.0648,20600,0.027,-0.0648,,,,,,,,,20,,2912100,5029.9,,,2891500,5030,,,,,,
NE-HVAC-AirEcono-Adjust-ExSP68F,DEER2024,D24_E+_Com_v1,6/15/2026 10:46,Any,OfL,Ex,CZ12,cDXHP,Each,1,350000,None,21300,-0.001,0.0345,21300,-0.001,0.0345,,,,,,,,,20,,2690000,5097.3,,,2668700,5097.3,,,,,,
NE-HVAC-AirEcono-Adjust-ExSP68F,DEER2024,D24_E+_Com_v1,6/15/2026 10:46,Any,OfL,Ex,CZ13,cDXHP,Each,1,350000,None,23100,0.003,0.0993,23100,0.003,0.0993,,,,,,,,,20,,2919000,4684.9,,,2895900,4684.8,,,,,,
NE-HVAC-AirEcono-Adjust-ExSP68F,DEER2024,D24_E+_Com_v1,6/15/2026 10:46,Any,OfL,Ex,CZ14,cDXHP,Each,1,350000,None,19800,0,-0.0143,19800,0,-0.0143,,,,,,,,,20,,2938700,4809.9,,,2918900,4809.9,,,,,,
NE-HVAC-AirEcono-Adjust-ExSP68F,DEER2024,D24_E+_Com_v1,6/15/2026 10:46,Any,OfL,Ex,CZ15,cDXHP,Each,1,350000,None,20100,0,0.00717,20100,0,0.00717,,,,,,,,,20,,3335600,3547.7,,,3315500,3547.7,,,,,,
NE-HVAC-AirEcono-Adjust-ExSP68F,DEER2024,D24_E+_Com_v1,6/15/2026 10:46,Any,OfL,Ex,CZ16,cDXHP,Each,1,350000,None,24500,5.04,-0.0451,24500,5.04,-0.0451,,,,,,,,,20,,2720200,6448.1,,,2695700,6448.2,,,,,,
NE-HVAC-AirEcono-Adjust-ExSP68F,DEER2024,D24_E+_Com_v1,6/15/2026 10:46,Any,OfL,Ex,CZ01,cDXOH,Each,1,350000,None,965,1.09,-0.0601,965,1.09,-0.0601,,,,,,,,,20,,2148100,6161.2,,,2147100,6161.2,,,,,,
NE-HVAC-AirEcono-Adjust-ExSP68F,DEER2024,D24_E+_Com_v1,6/15/2026 10:46,Any,OfL,Ex,CZ02,cDXOH,Each,1,350000,None,16000,3.71,-0.494,16000,3.71,-0.494,,,,,,,,,20,,2538900,5506.2,,,2522900,5506.7,,,,,,
NE-HVAC-AirEcono-Adjust-ExSP68F,DEER2024,D24_E+_Com_v1,6/15/2026 10:46,Any,OfL,Ex,CZ03,cDXOH,Each,1,350000,None,17300,10.4,0.0666,17300,10.4,0.0666,,,,,,,,,20,,2386200,4950,,,2368900,4950,,,,,,
NE-HVAC-AirEcono-Adjust-ExSP68F,DEER2024,D24_E+_Com_v1,6/15/2026 10:46,Any,OfL,Ex,CZ04,cDXOH,Each,1,350000,None,17900,-0.003,-0.0857,17900,-0.003,-0.0857,,,,,,,,,20,,2717200,5156.7,,,2699300,5156.8,,,,,,
NE-HVAC-AirEcono-Adjust-ExSP68F,DEER2024,D24_E+_Com_v1,6/15/2026 10:46,Any,OfL,Ex,CZ05,cDXOH,Each,1,350000,None,25300,7,0.162,25300,7,0.162,,,,,,,,,20,,2456900,4920.3,,,2431600,4920.1,,,,,,
NE-HVAC-AirEcono-Adjust-ExSP68F,DEER2024,D24_E+_Com_v1,6/15/2026 10:46,Any,OfL,Ex,CZ06,cDXOH,Each,1,350000,None,25200,7.7,-0.0474,25200,7.7,-0.0474,,,,,,,,,20,,2591300,4088.4,,,2566100,4088.5,,,,,,
NE-HVAC-AirEcono-Adjust-ExSP68F,DEER2024,D24_E+_Com_v1,6/15/2026 10:46,Any,OfL,Ex,CZ07,cDXOH,Each,1,350000,None,9100,0,0.00751,9100,0,0.00751,,,,,,,,,20,,2594400,4007.6,,,2585300,4007.6,,,,,,
NE-HVAC-AirEcono-Adjust-ExSP68F,DEER2024,D24_E+_Com_v1,6/15/2026 10:46,Any,OfL,Ex,CZ08,cDXOH,Each,1,350000,None,27200,-0.001,-0.0164,27200,-0.001,-0.0164,,,,,,,,,20,,2826900,4057.7,,,2799800,4057.7,,,,,,
NE-HVAC-AirEcono-Adjust-ExSP68F,DEER2024,D24_E+_Com_v1,6/15/2026 10:46,Any,OfL,Ex,CZ09,cDXOH,Each,1,350000,None,21000,-0.002,-0.101,21000,-0.002,-0.101,,,,,,,,,20,,2865500,4179,,,2844500,4179.1,,,,,,
NE-HVAC-AirEcono-Adjust-ExSP68F,DEER2024,D24_E+_Com_v1,6/15/2026 10:46,Any,OfL,Ex,CZ10,cDXOH,Each,1,350000,None,24900,-0.001,0.0532,24900,-0.001,0.0532,,,,,,,,,20,,2825400,4145.8,,,2800500,4145.7,,,,,,
NE-HVAC-AirEcono-Adjust-ExSP68F,DEER2024,D24_E+_Com_v1,6/15/2026 10:46,Any,OfL,Ex,CZ11,cDXOH,Each,1,350000,None,20400,0.027,0.163,20400,0.027,0.163,,,,,,,,,20,,2895400,5026,,,2875000,5025.9,,,,,,
NE-HVAC-AirEcono-Adjust-ExSP68F,DEER2024,D24_E+_Com_v1,6/15/2026 10:46,Any,OfL,Ex,CZ12,cDXOH,Each,1,350000,None,21100,-0.003,-0.0901,21100,-0.003,-0.0901,,,,,,,,,20,,2675000,5096.8,,,2653900,5096.9,,,,,,
NE-HVAC-AirEcono-Adjust-ExSP68F,DEER2024,D24_E+_Com_v1,6/15/2026 10:46,Any,OfL,Ex,CZ13,cDXOH,Each,1,350000,None,23000,-0.004,-0.00478,23000,-0.004,-0.00478,,,,,,,,,20,,2906100,4683,,,2883100,4683,,,,,,
NE-HVAC-AirEcono-Adjust-ExSP68F,DEER2024,D24_E+_Com_v1,6/15/2026 10:46,Any,OfL,Ex,CZ14,cDXOH,Each,1,350000,None,19700,-0.001,-0.154,19700,-0.001,-0.154,,,,,,,,,20,,2921900,4809.1,,,2902200,4809.2,,,,,,
NE-HVAC-AirEcono-Adjust-ExSP68F,DEER2024,D24_E+_Com_v1,6/15/2026 10:46,Any,OfL,Ex,CZ15,cDXOH,Each,1,350000,None,20000,0,0.00307,20000,0,0.00307,,,,,,,,,20,,3331100,3547.7,,,3311100,3547.7,,,,,,
NE-HVAC-AirEcono-Adjust-ExSP68F,DEER2024,D24_E+_Com_v1,6/15/2026 10:46,Any,OfL,Ex,CZ16,cDXOH,Each,1,350000,None,24500,5.03,-0.175,24500,5.03,-0.175,,,,,,,,,20,,2686100,6444.9,,,2661600,6445,,,,,,
NE-HVAC-AirEcono-Adjust-ExSP68F,DEER2024,D24_E+_Com_v1,6/15/2026 10:46,Any,OfL,Ex,CZ01,cPVVG,Each,1,350000,None,907,1.02,-0.0331,907,1.02,-0.0331,,,,,,,,,20,,1666100,12927,,,1665200,12927,,,,,,
NE-HVAC-AirEcono-Adjust-ExSP68F,DEER2024,D24_E+_Com_v1,6/15/2026 10:46,Any,OfL,Ex,CZ02,cPVVG,Each,1,350000,None,14800,3.31,0.0666,14800,3.31,0.0666,,,,,,,,,20,,2021400,10284,,,2006600,10284,,,,,,
NE-HVAC-AirEcono-Adjust-ExSP68F,DEER2024,D24_E+_Com_v1,6/15/2026 10:46,Any,OfL,Ex,CZ03,cPVVG,Each,1,350000,None,16300,9.63,0.00683,16300,9.63,0.00683,,,,,,,,,20,,1878900,7968.9,,,1862700,7968.9,,,,,,
NE-HVAC-AirEcono-Adjust-ExSP68F,DEER2024,D24_E+_Com_v1,6/15/2026 10:46,Any,OfL,Ex,CZ04,cPVVG,Each,1,350000,None,16200,-0.007,-0.427,16200,-0.007,-0.427,,,,,,,,,20,,2201500,9337.9,,,2185300,9338.4,,,,,,
NE-HVAC-AirEcono-Adjust-ExSP68F,DEER2024,D24_E+_Com_v1,6/15/2026 10:46,Any,OfL,Ex,CZ05,cPVVG,Each,1,350000,None,23800,6.43,-0.0618,23800,6.43,-0.0618,,,,,,,,,20,,1940200,7672.6,,,1916300,7672.7,,,,,,
NE-HVAC-AirEcono-Adjust-ExSP68F,DEER2024,D24_E+_Com_v1,6/15/2026 10:46,Any,OfL,Ex,CZ06,cPVVG,Each,1,350000,None,22200,6.73,-0.00512,22200,6.73,-0.00512,,,,,,,,,20,,2112200,4909.5,,,2090000,4909.5,,,,,,
NE-HVAC-AirEcono-Adjust-ExSP68F,DEER2024,D24_E+_Com_v1,6/15/2026 10:46,Any,OfL,Ex,CZ07,cPVVG,Each,1,350000,None,7940,0,0.00853,7940,0,0.00853,,,,,,,,,20,,2116300,4597.3,,,2108300,4597.3,,,,,,
NE-HVAC-AirEcono-Adjust-ExSP68F,DEER2024,D24_E+_Com_v1,6/15/2026 10:46,Any,OfL,Ex,CZ08,cPVVG,Each,1,350000,None,23600,-0.001,-0.0365,23600,-0.001,-0.0365,,,,,,,,,20,,2327100,5078.7,,,2303500,5078.7,,,,,,
NE-HVAC-AirEcono-Adjust-ExSP68F,DEER2024,D24_E+_Com_v1,6/15/2026 10:46,Any,OfL,Ex,CZ09,cPVVG,Each,1,350000,None,18700,-0.003,-0.0215,18700,-0.003,-0.0215,,,,,,,,,20,,2342600,5539.7,,,2324000,5539.8,,,,,,
NE-HVAC-AirEcono-Adjust-ExSP68F,DEER2024,D24_E+_Com_v1,6/15/2026 10:46,Any,OfL,Ex,CZ10,cPVVG,Each,1,350000,None,22100,-0.001,0.0908,22100,-0.001,0.0908,,,,,,,,,20,,2340800,5410.4,,,2318700,5410.3,,,,,,
NE-HVAC-AirEcono-Adjust-ExSP68F,DEER2024,D24_E+_Com_v1,6/15/2026 10:46,Any,OfL,Ex,CZ11,cPVVG,Each,1,350000,None,18200,0.022,-0.0829,18200,0.022,-0.0829,,,,,,,,,20,,2371000,9679.1,,,2352900,9679.2,,,,,,
NE-HVAC-AirEcono-Adjust-ExSP68F,DEER2024,D24_E+_Com_v1,6/15/2026 10:46,Any,OfL,Ex,CZ12,cPVVG,Each,1,350000,None,19100,0.011,-0.00717,19100,0.011,-0.00717,,,,,,,,,20,,2177700,9335,,,2158600,9335,,,,,,
NE-HVAC-AirEcono-Adjust-ExSP68F,DEER2024,D24_E+_Com_v1,6/15/2026 10:46,Any,OfL,Ex,CZ13,cPVVG,Each,1,350000,None,20400,0,0.0812,20400,0,0.0812,,,,,,,,,20,,2399800,8127.4,,,2379300,8127.3,,,,,,
NE-HVAC-AirEcono-Adjust-ExSP68F,DEER2024,D24_E+_Com_v1,6/15/2026 10:46,Any,OfL,Ex,CZ14,cPVVG,Each,1,350000,None,18100,0,-0.0355,18100,0,-0.0355,,,,,,,,,20,,2399800,8556.6,,,2381600,8556.7,,,,,,
NE-HVAC-AirEcono-Adjust-ExSP68F,DEER2024,D24_E+_Com_v1,6/15/2026 10:46,Any,OfL,Ex,CZ15,cPVVG,Each,1,350000,None,17400,0,0.000683,17400,0,0.000683,,,,,,,,,20,,2849800,4159,,,2832300,4159,,,,,,
NE-HVAC-AirEcono-Adjust-ExSP68F,DEER2024,D24_E+_Com_v1,6/15/2026 10:46,Any,OfL,Ex,CZ16,cPVVG,Each,1,350000,None,23200,4.63,-0.0222,23200,4.63,-0.0222,,,,,,,,,20,,2057400,13967,,,2034200,13967,,,,,,
NE-HVAC-AirEcono-Adjust-ExSP68F,DEER2024,D24_E+_Com_v1,6/15/2026 10:46,Any,OfS,Ex,CZ01,cDXGF,Each,1,20000,None,59.9,0.068,0,59.9,0.068,0,,,,,,,,,20,,103840,1401.8,,,103780,1401.8,,,,,,
NE-HVAC-AirEcono-Adjust-ExSP68F,DEER2024,D24_E+_Com_v1,6/15/2026 10:46,Any,OfS,Ex,CZ02,cDXGF,Each,1,20000,None,1090,0.249,0,1090,0.249,0,,,,,,,,,20,,129570,1124.1,,,128480,1124.1,,,,,,
NE-HVAC-AirEcono-Adjust-ExSP68F,DEER2024,D24_E+_Com_v1,6/15/2026 10:46,Any,OfS,Ex,CZ03,cDXGF,Each,1,20000,None,1140,0.674,0,1140,0.674,0,,,,,,,,,20,,119340,975.29,,,118200,975.29,,,,,,
NE-HVAC-AirEcono-Adjust-ExSP68F,DEER2024,D24_E+_Com_v1,6/15/2026 10:46,Any,OfS,Ex,CZ04,cDXGF,Each,1,20000,None,1260,0,-0.00102,1260,0,-0.00102,,,,,,,,,20,,142250,1003.5,,,140990,1003.5,,,,,,
NE-HVAC-AirEcono-Adjust-ExSP68F,DEER2024,D24_E+_Com_v1,6/15/2026 10:46,Any,OfS,Ex,CZ05,cDXGF,Each,1,20000,None,1680,0.464,0.000341,1680,0.464,0.000341,,,,,,,,,20,,123890,930.52,,,122210,930.52,,,,,,
NE-HVAC-AirEcono-Adjust-ExSP68F,DEER2024,D24_E+_Com_v1,6/15/2026 10:46,Any,OfS,Ex,CZ06,cDXGF,Each,1,20000,None,1670,0.523,-0.00171,1670,0.523,-0.00171,,,,,,,,,20,,131840,742.57,,,130170,742.58,,,,,,
NE-HVAC-AirEcono-Adjust-ExSP68F,DEER2024,D24_E+_Com_v1,6/15/2026 10:46,Any,OfS,Ex,CZ07,cDXGF,Each,1,20000,None,622,0,0,622,0,0,,,,,,,,,20,,131700,724.67,,,131080,724.67,,,,,,
NE-HVAC-AirEcono-Adjust-ExSP68F,DEER2024,D24_E+_Com_v1,6/15/2026 10:46,Any,OfS,Ex,CZ08,cDXGF,Each,1,20000,None,1930,0,0.000341,1930,0,0.000341,,,,,,,,,20,,148320,734.23,,,146390,734.23,,,,,,
NE-HVAC-AirEcono-Adjust-ExSP68F,DEER2024,D24_E+_Com_v1,6/15/2026 10:46,Any,OfS,Ex,CZ09,cDXGF,Each,1,20000,None,1490,0,0,1490,0,0,,,,,,,,,20,,151920,760.73,,,150420,760.73,,,,,,
NE-HVAC-AirEcono-Adjust-ExSP68F,DEER2024,D24_E+_Com_v1,6/15/2026 10:46,Any,OfS,Ex,CZ10,cDXGF,Each,1,20000,None,1730,0,-0.000341,1730,0,-0.000341,,,,,,,,,20,,146360,749.4,,,144630,749.4,,,,,,
NE-HVAC-AirEcono-Adjust-ExSP68F,DEER2024,D24_E+_Com_v1,6/15/2026 10:46,Any,OfS,Ex,CZ11,cDXGF,Each,1,20000,None,1520,0.003,-0.00102,1520,0.003,-0.00102,,,,,,,,,20,,156330,1036.2,,,154810,1036.2,,,,,,
NE-HVAC-AirEcono-Adjust-ExSP68F,DEER2024,D24_E+_Com_v1,6/15/2026 10:46,Any,OfS,Ex,CZ12,cDXGF,Each,1,20000,None,1510,0,-0.000341,1510,0,-0.000341,,,,,,,,,20,,139450,1059.1,,,137940,1059.1,,,,,,
NE-HVAC-AirEcono-Adjust-ExSP68F,DEER2024,D24_E+_Com_v1,6/15/2026 10:46,Any,OfS,Ex,CZ13,cDXGF,Each,1,20000,None,1710,0.001,-0.000341,1710,0.001,-0.000341,,,,,,,,,20,,156420,953.61,,,154700,953.61,,,,,,
NE-HVAC-AirEcono-Adjust-ExSP68F,DEER2024,D24_E+_Com_v1,6/15/2026 10:46,Any,OfS,Ex,CZ14,cDXGF,Each,1,20000,None,1430,0,0.000341,1430,0,0.000341,,,,,,,,,20,,156050,937.47,,,154630,937.47,,,,,,
NE-HVAC-AirEcono-Adjust-ExSP68F,DEER2024,D24_E+_Com_v1,6/15/2026 10:46,Any,OfS,Ex,CZ15,cDXGF,Each,1,20000,None,1510,0,0,1510,0,0,,,,,,,,,20,,184170,620.22,,,182650,620.22,,,,,,
NE-HVAC-AirEcono-Adjust-ExSP68F,DEER2024,D24_E+_Com_v1,6/15/2026 10:46,Any,OfS,Ex,CZ16,cDXGF,Each,1,20000,None,1740,0.384,-0.000341,1740,0.384,-0.000341,,,,,,,,,20,,140330,1384.6,,,138590,1384.6,,,,,,
NE-HVAC-AirEcono-Adjust-ExSP68F,DEER2024,D24_E+_Com_v1,6/15/2026 10:46,Any,OfS,Ex,CZ01,cDXHP,Each,1,20000,None,62.2,0.068,0,62.2,0.068,0,,,,,,,,,20,,108310,819.25,,,108250,819.25,,,,,,
NE-HVAC-AirEcono-Adjust-ExSP68F,DEER2024,D24_E+_Com_v1,6/15/2026 10:46,Any,OfS,Ex,CZ02,cDXHP,Each,1,20000,None,1100,0.256,0,1100,0.256,0,,,,,,,,,20,,132530,773.85,,,131430,773.85,,,,,,
NE-HVAC-AirEcono-Adjust-ExSP68F,DEER2024,D24_E+_Com_v1,6/15/2026 10:46,Any,OfS,Ex,CZ03,cDXHP,Each,1,20000,None,1160,0.691,0,1160,0.691,0,,,,,,,,,20,,120850,766.32,,,119690,766.32,,,,,,
NE-HVAC-AirEcono-Adjust-ExSP68F,DEER2024,D24_E+_Com_v1,6/15/2026 10:46,Any,OfS,Ex,CZ04,cDXHP,Each,1,20000,None,1270,-0.001,0,1270,-0.001,0,,,,,,,,,20,,144670,747.41,,,143400,747.41,,,,,,
NE-HVAC-AirEcono-Adjust-ExSP68F,DEER2024,D24_E+_Com_v1,6/15/2026 10:46,Any,OfS,Ex,CZ05,cDXHP,Each,1,20000,None,1700,0.468,0,1700,0.468,0,,,,,,,,,20,,125140,769.41,,,123440,769.41,,,,,,
NE-HVAC-AirEcono-Adjust-ExSP68F,DEER2024,D24_E+_Com_v1,6/15/2026 10:46,Any,OfS,Ex,CZ06,cDXHP,Each,1,20000,None,1730,0.527,0,1730,0.527,0,,,,,,,,,20,,131910,716.34,,,130180,716.34,,,,,,
NE-HVAC-AirEcono-Adjust-ExSP68F,DEER2024,D24_E+_Com_v1,6/15/2026 10:46,Any,OfS,Ex,CZ07,cDXHP,Each,1,20000,None,627,0,0,627,0,0,,,,,,,,,20,,131720,709.96,,,131090,709.96,,,,,,
NE-HVAC-AirEcono-Adjust-ExSP68F,DEER2024,D24_E+_Com_v1,6/15/2026 10:46,Any,OfS,Ex,CZ08,cDXHP,Each,1,20000,None,1940,0,0,1940,0,0,,,,,,,,,20,,148530,697.31,,,146590,697.31,,,,,,
NE-HVAC-AirEcono-Adjust-ExSP68F,DEER2024,D24_E+_Com_v1,6/15/2026 10:46,Any,OfS,Ex,CZ09,cDXHP,Each,1,20000,None,1500,0,0,1500,0,0,,,,,,,,,20,,152370,701.65,,,150870,701.65,,,,,,
NE-HVAC-AirEcono-Adjust-ExSP68F,DEER2024,D24_E+_Com_v1,6/15/2026 10:46,Any,OfS,Ex,CZ10,cDXHP,Each,1,20000,None,1740,0,0,1740,0,0,,,,,,,,,20,,146810,693.97,,,145070,693.97,,,,,,
NE-HVAC-AirEcono-Adjust-ExSP68F,DEER2024,D24_E+_Com_v1,6/15/2026 10:46,Any,OfS,Ex,CZ11,cDXHP,Each,1,20000,None,1520,0.002,0,1520,0.002,0,,,,,,,,,20,,159180,709.27,,,157660,709.27,,,,,,
NE-HVAC-AirEcono-Adjust-ExSP68F,DEER2024,D24_E+_Com_v1,6/15/2026 10:46,Any,OfS,Ex,CZ12,cDXHP,Each,1,20000,None,1520,0,0,1520,0,0,,,,,,,,,20,,142150,737.75,,,140630,737.75,,,,,,
NE-HVAC-AirEcono-Adjust-ExSP68F,DEER2024,D24_E+_Com_v1,6/15/2026 10:46,Any,OfS,Ex,CZ13,cDXHP,Each,1,20000,None,1720,0,0,1720,0,0,,,,,,,,,20,,158670,696.91,,,156940,696.91,,,,,,
NE-HVAC-AirEcono-Adjust-ExSP68F,DEER2024,D24_E+_Com_v1,6/15/2026 10:46,Any,OfS,Ex,CZ14,cDXHP,Each,1,20000,None,1430,0,0,1430,0,0,,,,,,,,,20,,158340,714.06,,,156910,714.06,,,,,,
NE-HVAC-AirEcono-Adjust-ExSP68F,DEER2024,D24_E+_Com_v1,6/15/2026 10:46,Any,OfS,Ex,CZ15,cDXHP,Each,1,20000,None,1520,0,0,1520,0,0,,,,,,,,,20,,184460,603.12,,,182940,603.12,,,,,,
NE-HVAC-AirEcono-Adjust-ExSP68F,DEER2024,D24_E+_Com_v1,6/15/2026 10:46,Any,OfS,Ex,CZ16,cDXHP,Each,1,20000,None,1740,0.386,0,1740,0.386,0,,,,,,,,,20,,146760,804.09,,,145020,804.09,,,,,,
NE-HVAC-AirEcono-Adjust-ExSP68F,DEER2024,D24_E+_Com_v1,6/15/2026 10:46,Any,OfS,Ex,CZ01,cDXOH,Each,1,20000,None,59.3,0.069,0,59.3,0.069,0,,,,,,,,,20,,104480,819.25,,,104420,819.25,,,,,,
NE-HVAC-AirEcono-Adjust-ExSP68F,DEER2024,D24_E+_Com_v1,6/15/2026 10:46,Any,OfS,Ex,CZ02,cDXOH,Each,1,20000,None,1080,0.249,0,1080,0.249,0,,,,,,,,,20,,129910,773.85,,,128830,773.85,,,,,,
NE-HVAC-AirEcono-Adjust-ExSP68F,DEER2024,D24_E+_Com_v1,6/15/2026 10:46,Any,OfS,Ex,CZ03,cDXOH,Each,1,20000,None,1140,0.674,0,1140,0.674,0,,,,,,,,,20,,119430,766.32,,,118300,766.32,,,,,,
NE-HVAC-AirEcono-Adjust-ExSP68F,DEER2024,D24_E+_Com_v1,6/15/2026 10:46,Any,OfS,Ex,CZ04,cDXOH,Each,1,20000,None,1260,0,0,1260,0,0,,,,,,,,,20,,142410,747.41,,,141150,747.41,,,,,,
NE-HVAC-AirEcono-Adjust-ExSP68F,DEER2024,D24_E+_Com_v1,6/15/2026 10:46,Any,OfS,Ex,CZ05,cDXOH,Each,1,20000,None,1670,0.464,0,1670,0.464,0,,,,,,,,,20,,123880,769.41,,,122210,769.41,,,,,,
NE-HVAC-AirEcono-Adjust-ExSP68F,DEER2024,D24_E+_Com_v1,6/15/2026 10:46,Any,OfS,Ex,CZ06,cDXOH,Each,1,20000,None,1670,0.523,0,1670,0.523,0,,,,,,,,,20,,131830,716.34,,,130160,716.34,,,,,,
NE-HVAC-AirEcono-Adjust-ExSP68F,DEER2024,D24_E+_Com_v1,6/15/2026 10:46,Any,OfS,Ex,CZ07,cDXOH,Each,1,20000,None,622,0,0,622,0,0,,,,,,,,,20,,131700,709.96,,,131080,709.96,,,,,,
NE-HVAC-AirEcono-Adjust-ExSP68F,DEER2024,D24_E+_Com_v1,6/15/2026 10:46,Any,OfS,Ex,CZ08,cDXOH,Each,1,20000,None,1920,0,0,1920,0,0,,,,,,,,,20,,148300,697.31,,,146370,697.31,,,,,,
NE-HVAC-AirEcono-Adjust-ExSP68F,DEER2024,D24_E+_Com_v1,6/15/2026 10:46,Any,OfS,Ex,CZ09,cDXOH,Each,1,20000,None,1490,0,0,1490,0,0,,,,,,,,,20,,151900,701.65,,,150410,701.65,,,,,,
NE-HVAC-AirEcono-Adjust-ExSP68F,DEER2024,D24_E+_Com_v1,6/15/2026 10:46,Any,OfS,Ex,CZ10,cDXOH,Each,1,20000,None,1730,0,0,1730,0,0,,,,,,,,,20,,146330,693.97,,,144600,693.97,,,,,,
NE-HVAC-AirEcono-Adjust-ExSP68F,DEER2024,D24_E+_Com_v1,6/15/2026 10:46,Any,OfS,Ex,CZ11,cDXOH,Each,1,20000,None,1510,0.003,0,1510,0.003,0,,,,,,,,,20,,156840,709.27,,,155330,709.27,,,,,,
NE-HVAC-AirEcono-Adjust-ExSP68F,DEER2024,D24_E+_Com_v1,6/15/2026 10:46,Any,OfS,Ex,CZ12,cDXOH,Each,1,20000,None,1500,0,0,1500,0,0,,,,,,,,,20,,139900,737.76,,,138390,737.76,,,,,,
NE-HVAC-AirEcono-Adjust-ExSP68F,DEER2024,D24_E+_Com_v1,6/15/2026 10:46,Any,OfS,Ex,CZ13,cDXOH,Each,1,20000,None,1710,0.001,0,1710,0.001,0,,,,,,,,,20,,156830,696.91,,,155110,696.91,,,,,,
NE-HVAC-AirEcono-Adjust-ExSP68F,DEER2024,D24_E+_Com_v1,6/15/2026 10:46,Any,OfS,Ex,CZ14,cDXOH,Each,1,20000,None,1420,0,0,1420,0,0,,,,,,,,,20,,156200,714.06,,,154780,714.06,,,,,,
NE-HVAC-AirEcono-Adjust-ExSP68F,DEER2024,D24_E+_Com_v1,6/15/2026 10:46,Any,OfS,Ex,CZ15,cDXOH,Each,1,20000,None,1510,0,0,1510,0,0,,,,,,,,,20,,184160,603.12,,,182640,603.12,,,,,,
NE-HVAC-AirEcono-Adjust-ExSP68F,DEER2024,D24_E+_Com_v1,6/15/2026 10:46,Any,OfS,Ex,CZ16,cDXOH,Each,1,20000,None,1740,0.384,0,1740,0.384,0,,,,,,,,,20,,141390,804.09,,,139650,804.09,,,,,,
NE-HVAC-AirEcono-Adjust-ExSP68F,DEER2024,D24_E+_Com_v1,6/15/2026 10:46,Any,OfS,Ex,CZ01,cPVVG,Each,1,20000,None,54.5,0.063,0,54.5,0.063,0,,,,,,,,,20,,73090,1806.3,,,73036,1806.3,,,,,,
NE-HVAC-AirEcono-Adjust-ExSP68F,DEER2024,D24_E+_Com_v1,6/15/2026 10:46,Any,OfS,Ex,CZ02,cPVVG,Each,1,20000,None,999,0.23,0,999,0.23,0,,,,,,,,,20,,94623,1412.2,,,93623,1412.2,,,,,,
NE-HVAC-AirEcono-Adjust-ExSP68F,DEER2024,D24_E+_Com_v1,6/15/2026 10:46,Any,OfS,Ex,CZ03,cPVVG,Each,1,20000,None,1070,0.639,-0.000341,1070,0.639,-0.000341,,,,,,,,,20,,85746,1163.1,,,84672,1163.1,,,,,,
NE-HVAC-AirEcono-Adjust-ExSP68F,DEER2024,D24_E+_Com_v1,6/15/2026 10:46,Any,OfS,Ex,CZ04,cPVVG,Each,1,20000,None,1140,-0.001,0.00102,1140,-0.001,0.00102,,,,,,,,,20,,106810,1254.9,,,105680,1254.9,,,,,,
NE-HVAC-AirEcono-Adjust-ExSP68F,DEER2024,D24_E+_Com_v1,6/15/2026 10:46,Any,OfS,Ex,CZ05,cPVVG,Each,1,20000,None,1580,0.434,0.00171,1580,0.434,0.00171,,,,,,,,,20,,89270,1088.4,,,87692,1088.4,,,,,,
NE-HVAC-AirEcono-Adjust-ExSP68F,DEER2024,D24_E+_Com_v1,6/15/2026 10:46,Any,OfS,Ex,CZ06,cPVVG,Each,1,20000,None,1490,0.469,-0.0058,1490,0.469,-0.0058,,,,,,,,,20,,99400,796.3,,,97911,796.31,,,,,,
NE-HVAC-AirEcono-Adjust-ExSP68F,DEER2024,D24_E+_Com_v1,6/15/2026 10:46,Any,OfS,Ex,CZ07,cPVVG,Each,1,20000,None,547,0,-0.000341,547,0,-0.000341,,,,,,,,,20,,99123,764.01,,,98577,764.01,,,,,,
NE-HVAC-AirEcono-Adjust-ExSP68F,DEER2024,D24_E+_Com_v1,6/15/2026 10:46,Any,OfS,Ex,CZ08,cPVVG,Each,1,20000,None,1700,-0.001,0.000683,1700,-0.001,0.000683,,,,,,,,,20,,113510,804.95,,,111810,804.95,,,,,,
NE-HVAC-AirEcono-Adjust-ExSP68F,DEER2024,D24_E+_Com_v1,6/15/2026 10:46,Any,OfS,Ex,CZ09,cPVVG,Each,1,20000,None,1340,0,0.000341,1340,0,0.000341,,,,,,,,,20,,115280,854.82,,,113940,854.82,,,,,,
NE-HVAC-AirEcono-Adjust-ExSP68F,DEER2024,D24_E+_Com_v1,6/15/2026 10:46,Any,OfS,Ex,CZ10,cPVVG,Each,1,20000,None,1520,0,0,1520,0,0,,,,,,,,,20,,112770,842.57,,,111240,842.57,,,,,,
NE-HVAC-AirEcono-Adjust-ExSP68F,DEER2024,D24_E+_Com_v1,6/15/2026 10:46,Any,OfS,Ex,CZ11,cPVVG,Each,1,20000,None,1340,0.004,-0.000683,1340,0.004,-0.000683,,,,,,,,,20,,119020,1350.3,,,117680,1350.3,,,,,,
NE-HVAC-AirEcono-Adjust-ExSP68F,DEER2024,D24_E+_Com_v1,6/15/2026 10:46,Any,OfS,Ex,CZ12,cPVVG,Each,1,20000,None,1360,0,0.000341,1360,0,0.000341,,,,,,,,,20,,105210,1343.8,,,103850,1343.8,,,,,,
NE-HVAC-AirEcono-Adjust-ExSP68F,DEER2024,D24_E+_Com_v1,6/15/2026 10:46,Any,OfS,Ex,CZ13,cPVVG,Each,1,20000,None,1530,0.001,0,1530,0.001,0,,,,,,,,,20,,120500,1207.8,,,118970,1207.8,,,,,,
NE-HVAC-AirEcono-Adjust-ExSP68F,DEER2024,D24_E+_Com_v1,6/15/2026 10:46,Any,OfS,Ex,CZ14,cPVVG,Each,1,20000,None,1310,0,-0.00137,1310,0,-0.00137,,,,,,,,,20,,119910,1169.2,,,118590,1169.2,,,,,,
NE-HVAC-AirEcono-Adjust-ExSP68F,DEER2024,D24_E+_Com_v1,6/15/2026 10:46,Any,OfS,Ex,CZ15,cPVVG,Each,1,20000,None,1310,0,0,1310,0,0,,,,,,,,,20,,148630,660.57,,,147320,660.57,,,,,,
NE-HVAC-AirEcono-Adjust-ExSP68F,DEER2024,D24_E+_Com_v1,6/15/2026 10:46,Any,OfS,Ex,CZ16,cPVVG,Each,1,20000,None,1660,0.364,-0.000682,1660,0.364,-0.000682,,,,,,,,,20,,98171,1843.5,,,96506,1843.5,,,,,,
NE-HVAC-AirEcono-Adjust-ExSP68F,DEER2024,D24_E+_Com_v1,6/15/2026 10:46,Any,RFF,Ex,CZ01,cDXGF,Each,1,4000,None,10.4,0.01,0,10.4,0.01,0,,,,,,,,,20,,51463,1938,,,51452,1938,,,,,,
NE-HVAC-AirEcono-Adjust-ExSP68F,DEER2024,D24_E+_Com_v1,6/15/2026 10:46,Any,RFF,Ex,CZ02,cDXGF,Each,1,4000,None,212,0.056,0.000342,212,0.056,0.000342,,,,,,,,,20,,62692,1792.9,,,62480,1792.9,,,,,,
NE-HVAC-AirEcono-Adjust-ExSP68F,DEER2024,D24_E+_Com_v1,6/15/2026 10:46,Any,RFF,Ex,CZ03,cDXGF,Each,1,4000,None,229,0.131,0,229,0.131,0,,,,,,,,,20,,58767,1672.2,,,58538,1672.2,,,,,,
NE-HVAC-AirEcono-Adjust-ExSP68F,DEER2024,D24_E+_Com_v1,6/15/2026 10:46,Any,RFF,Ex,CZ04,cDXGF,Each,1,4000,None,249,0,0,249,0,0,,,,,,,,,20,,68020,1711.1,,,67771,1711.1,,,,,,
NE-HVAC-AirEcono-Adjust-ExSP68F,DEER2024,D24_E+_Com_v1,6/15/2026 10:46,Any,RFF,Ex,CZ05,cDXGF,Each,1,4000,None,327,0.077,0.000342,327,0.077,0.000342,,,,,,,,,20,,60267,1663.3,,,59940,1663.3,,,,,,
NE-HVAC-AirEcono-Adjust-ExSP68F,DEER2024,D24_E+_Com_v1,6/15/2026 10:46,Any,RFF,Ex,CZ06,cDXGF,Each,1,4000,None,374,0.108,0,374,0.108,0,,,,,,,,,20,,64746,1520.2,,,64373,1520.2,,,,,,
NE-HVAC-AirEcono-Adjust-ExSP68F,DEER2024,D24_E+_Com_v1,6/15/2026 10:46,Any,RFF,Ex,CZ07,cDXGF,Each,1,4000,None,135,0,0,135,0,0,,,,,,,,,20,,65264,1508.2,,,65129,1508.2,,,,,,
NE-HVAC-AirEcono-Adjust-ExSP68F,DEER2024,D24_E+_Com_v1,6/15/2026 10:46,Any,RFF,Ex,CZ08,cDXGF,Each,1,4000,None,443,0,-0.000341,443,0,-0.000341,,,,,,,,,20,,71149,1510.5,,,70706,1510.5,,,,,,
NE-HVAC-AirEcono-Adjust-ExSP68F,DEER2024,D24_E+_Com_v1,6/15/2026 10:46,Any,RFF,Ex,CZ09,cDXGF,Each,1,4000,None,330,0.001,0,330,0.001,0,,,,,,,,,20,,72542,1526.6,,,72212,1526.6,,,,,,
NE-HVAC-AirEcono-Adjust-ExSP68F,DEER2024,D24_E+_Com_v1,6/15/2026 10:46,Any,RFF,Ex,CZ10,cDXGF,Each,1,4000,None,435,0,0,435,0,0,,,,,,,,,20,,73793,1529.5,,,73358,1529.5,,,,,,
NE-HVAC-AirEcono-Adjust-ExSP68F,DEER2024,D24_E+_Com_v1,6/15/2026 10:46,Any,RFF,Ex,CZ11,cDXGF,Each,1,4000,None,350,0,0,350,0,0,,,,,,,,,20,,74168,1693.5,,,73818,1693.5,,,,,,
NE-HVAC-AirEcono-Adjust-ExSP68F,DEER2024,D24_E+_Com_v1,6/15/2026 10:46,Any,RFF,Ex,CZ12,cDXGF,Each,1,4000,None,314,0,0,314,0,0,,,,,,,,,20,,67474,1721,,,67160,1721,,,,,,
NE-HVAC-AirEcono-Adjust-ExSP68F,DEER2024,D24_E+_Com_v1,6/15/2026 10:46,Any,RFF,Ex,CZ13,cDXGF,Each,1,4000,None,371,0,0,371,0,0,,,,,,,,,20,,75026,1629.6,,,74656,1629.6,,,,,,
NE-HVAC-AirEcono-Adjust-ExSP68F,DEER2024,D24_E+_Com_v1,6/15/2026 10:46,Any,RFF,Ex,CZ14,cDXGF,Each,1,4000,None,305,-0.001,-0.000341,305,-0.001,-0.000341,,,,,,,,,20,,73653,1629,,,73348,1629,,,,,,
NE-HVAC-AirEcono-Adjust-ExSP68F,DEER2024,D24_E+_Com_v1,6/15/2026 10:46,Any,RFF,Ex,CZ15,cDXGF,Each,1,4000,None,355,0,0,355,0,0,,,,,,,,,20,,87909,1388.1,,,87553,1388.1,,,,,,
NE-HVAC-AirEcono-Adjust-ExSP68F,DEER2024,D24_E+_Com_v1,6/15/2026 10:46,Any,RFF,Ex,CZ16,cDXGF,Each,1,4000,None,329,0.047,-0.000341,329,0.047,-0.000341,,,,,,,,,20,,65563,1914.7,,,65234,1914.7,,,,,,
NE-HVAC-AirEcono-Adjust-ExSP68F,DEER2024,D24_E+_Com_v1,6/15/2026 10:46,Any,RFF,Ex,CZ01,cDXHP,Each,1,4000,None,9.94,0.01,0,9.94,0.01,0,,,,,,,,,20,,53908,1615,,,53898,1615,,,,,,
NE-HVAC-AirEcono-Adjust-ExSP68F,DEER2024,D24_E+_Com_v1,6/15/2026 10:46,Any,RFF,Ex,CZ02,cDXHP,Each,1,4000,None,206,0.044,0,206,0.044,0,,,,,,,,,20,,64500,1566.6,,,64294,1566.6,,,,,,
NE-HVAC-AirEcono-Adjust-ExSP68F,DEER2024,D24_E+_Com_v1,6/15/2026 10:46,Any,RFF,Ex,CZ03,cDXHP,Each,1,4000,None,217,0.133,0,217,0.133,0,,,,,,,,,20,,59603,1554.6,,,59385,1554.6,,,,,,
NE-HVAC-AirEcono-Adjust-ExSP68F,DEER2024,D24_E+_Com_v1,6/15/2026 10:46,Any,RFF,Ex,CZ04,cDXHP,Each,1,4000,None,249,0,0.000341,249,0,0.000341,,,,,,,,,20,,69579,1535.6,,,69330,1535.6,,,,,,
NE-HVAC-AirEcono-Adjust-ExSP68F,DEER2024,D24_E+_Com_v1,6/15/2026 10:46,Any,RFF,Ex,CZ05,cDXHP,Each,1,4000,None,309,0.08,0.000342,309,0.08,0.000342,,,,,,,,,20,,61048,1558,,,60739,1558,,,,,,
NE-HVAC-AirEcono-Adjust-ExSP68F,DEER2024,D24_E+_Com_v1,6/15/2026 10:46,Any,RFF,Ex,CZ06,cDXHP,Each,1,4000,None,383,0.084,0,383,0.084,0,,,,,,,,,20,,64774,1498.7,,,64391,1498.7,,,,,,
NE-HVAC-AirEcono-Adjust-ExSP68F,DEER2024,D24_E+_Com_v1,6/15/2026 10:46,Any,RFF,Ex,CZ07,cDXHP,Each,1,4000,None,130,0,0,130,0,0,,,,,,,,,20,,65270,1491.6,,,65140,1491.6,,,,,,
NE-HVAC-AirEcono-Adjust-ExSP68F,DEER2024,D24_E+_Com_v1,6/15/2026 10:46,Any,RFF,Ex,CZ08,cDXHP,Each,1,4000,None,435,0,0,435,0,0,,,,,,,,,20,,71320,1477.6,,,70885,1477.6,,,,,,
NE-HVAC-AirEcono-Adjust-ExSP68F,DEER2024,D24_E+_Com_v1,6/15/2026 10:46,Any,RFF,Ex,CZ09,cDXHP,Each,1,4000,None,327,0,0,327,0,0,,,,,,,,,20,,72838,1482.4,,,72511,1482.4,,,,,,
NE-HVAC-AirEcono-Adjust-ExSP68F,DEER2024,D24_E+_Com_v1,6/15/2026 10:46,Any,RFF,Ex,CZ10,cDXHP,Each,1,4000,None,433,0.001,0,433,0.001,0,,,,,,,,,20,,74185,1474.2,,,73753,1474.2,,,,,,
NE-HVAC-AirEcono-Adjust-ExSP68F,DEER2024,D24_E+_Com_v1,6/15/2026 10:46,Any,RFF,Ex,CZ11,cDXHP,Each,1,4000,None,351,0,0,351,0,0,,,,,,,,,20,,75805,1494,,,75454,1494,,,,,,
NE-HVAC-AirEcono-Adjust-ExSP68F,DEER2024,D24_E+_Com_v1,6/15/2026 10:46,Any,RFF,Ex,CZ12,cDXHP,Each,1,4000,None,306,0,0,306,0,0,,,,,,,,,20,,69000,1524.9,,,68694,1524.9,,,,,,
NE-HVAC-AirEcono-Adjust-ExSP68F,DEER2024,D24_E+_Com_v1,6/15/2026 10:46,Any,RFF,Ex,CZ13,cDXHP,Each,1,4000,None,370,0,0,370,0,0,,,,,,,,,20,,76245,1478.2,,,75875,1478.2,,,,,,
NE-HVAC-AirEcono-Adjust-ExSP68F,DEER2024,D24_E+_Com_v1,6/15/2026 10:46,Any,RFF,Ex,CZ14,cDXHP,Each,1,4000,None,307,-0.001,0,307,-0.001,0,,,,,,,,,20,,74981,1497.3,,,74674,1497.3,,,,,,
NE-HVAC-AirEcono-Adjust-ExSP68F,DEER2024,D24_E+_Com_v1,6/15/2026 10:46,Any,RFF,Ex,CZ15,cDXHP,Each,1,4000,None,355,0,0,355,0,0,,,,,,,,,20,,88019,1373.3,,,87664,1373.3,,,,,,
NE-HVAC-AirEcono-Adjust-ExSP68F,DEER2024,D24_E+_Com_v1,6/15/2026 10:46,Any,RFF,Ex,CZ16,cDXHP,Each,1,4000,None,332,0.047,0,332,0.047,0,,,,,,,,,20,,69004,1605.4,,,68672,1605.4,,,,,,
NE-HVAC-AirEcono-Adjust-ExSP68F,DEER2024,D24_E+_Com_v1,6/15/2026 10:46,Any,RFF,Ex,CZ01,cDXOH,Each,1,4000,None,10.4,0.01,0,10.4,0.01,0,,,,,,,,,20,,51559,1617.3,,,51548,1617.3,,,,,,
NE-HVAC-AirEcono-Adjust-ExSP68F,DEER2024,D24_E+_Com_v1,6/15/2026 10:46,Any,RFF,Ex,CZ02,cDXOH,Each,1,4000,None,212,0.056,0,212,0.056,0,,,,,,,,,20,,62783,1569.1,,,62571,1569.1,,,,,,
NE-HVAC-AirEcono-Adjust-ExSP68F,DEER2024,D24_E+_Com_v1,6/15/2026 10:46,Any,RFF,Ex,CZ03,cDXOH,Each,1,4000,None,229,0.132,0,229,0.132,0,,,,,,,,,20,,58782,1555.1,,,58553,1555.1,,,,,,
NE-HVAC-AirEcono-Adjust-ExSP68F,DEER2024,D24_E+_Com_v1,6/15/2026 10:46,Any,RFF,Ex,CZ04,cDXOH,Each,1,4000,None,249,0,0,249,0,0,,,,,,,,,20,,68049,1536.9,,,67801,1536.9,,,,,,
NE-HVAC-AirEcono-Adjust-ExSP68F,DEER2024,D24_E+_Com_v1,6/15/2026 10:46,Any,RFF,Ex,CZ05,cDXOH,Each,1,4000,None,327,0.077,0,327,0.077,0,,,,,,,,,20,,60246,1558.2,,,59919,1558.2,,,,,,
NE-HVAC-AirEcono-Adjust-ExSP68F,DEER2024,D24_E+_Com_v1,6/15/2026 10:46,Any,RFF,Ex,CZ06,cDXOH,Each,1,4000,None,374,0.108,0,374,0.108,0,,,,,,,,,20,,64737,1498.7,,,64364,1498.7,,,,,,
NE-HVAC-AirEcono-Adjust-ExSP68F,DEER2024,D24_E+_Com_v1,6/15/2026 10:46,Any,RFF,Ex,CZ07,cDXOH,Each,1,4000,None,135,0,0,135,0,0,,,,,,,,,20,,65256,1491.6,,,65121,1491.6,,,,,,
NE-HVAC-AirEcono-Adjust-ExSP68F,DEER2024,D24_E+_Com_v1,6/15/2026 10:46,Any,RFF,Ex,CZ08,cDXOH,Each,1,4000,None,443,0,0,443,0,0,,,,,,,,,20,,71132,1477.6,,,70689,1477.6,,,,,,
NE-HVAC-AirEcono-Adjust-ExSP68F,DEER2024,D24_E+_Com_v1,6/15/2026 10:46,Any,RFF,Ex,CZ09,cDXOH,Each,1,4000,None,330,0.001,0,330,0.001,0,,,,,,,,,20,,72545,1482.5,,,72215,1482.5,,,,,,
NE-HVAC-AirEcono-Adjust-ExSP68F,DEER2024,D24_E+_Com_v1,6/15/2026 10:46,Any,RFF,Ex,CZ10,cDXOH,Each,1,4000,None,435,0,-0.000341,435,0,-0.000341,,,,,,,,,20,,73786,1474.3,,,73351,1474.3,,,,,,
NE-HVAC-AirEcono-Adjust-ExSP68F,DEER2024,D24_E+_Com_v1,6/15/2026 10:46,Any,RFF,Ex,CZ11,cDXOH,Each,1,4000,None,350,0,0,350,0,0,,,,,,,,,20,,74263,1496.5,,,73914,1496.5,,,,,,
NE-HVAC-AirEcono-Adjust-ExSP68F,DEER2024,D24_E+_Com_v1,6/15/2026 10:46,Any,RFF,Ex,CZ12,cDXOH,Each,1,4000,None,314,0,0,314,0,0,,,,,,,,,20,,67572,1527.1,,,67258,1527.1,,,,,,
NE-HVAC-AirEcono-Adjust-ExSP68F,DEER2024,D24_E+_Com_v1,6/15/2026 10:46,Any,RFF,Ex,CZ13,cDXOH,Each,1,4000,None,371,0,0,371,0,0,,,,,,,,,20,,75107,1479.5,,,74736,1479.5,,,,,,
NE-HVAC-AirEcono-Adjust-ExSP68F,DEER2024,D24_E+_Com_v1,6/15/2026 10:46,Any,RFF,Ex,CZ14,cDXOH,Each,1,4000,None,305,-0.001,0.000342,305,-0.001,0.000342,,,,,,,,,20,,73690,1498.1,,,73386,1498.1,,,,,,
NE-HVAC-AirEcono-Adjust-ExSP68F,DEER2024,D24_E+_Com_v1,6/15/2026 10:46,Any,RFF,Ex,CZ15,cDXOH,Each,1,4000,None,355,0,0,355,0,0,,,,,,,,,20,,87899,1373.3,,,87544,1373.3,,,,,,
NE-HVAC-AirEcono-Adjust-ExSP68F,DEER2024,D24_E+_Com_v1,6/15/2026 10:46,Any,RFF,Ex,CZ16,cDXOH,Each,1,4000,None,329,0.047,0,329,0.047,0,,,,,,,,,20,,65724,1614.1,,,65394,1614.1,,,,,,
NE-HVAC-AirEcono-Adjust-ExSP68F,DEER2024,D24_E+_Com_v1,6/15/2026 10:46,Any,RFF,Ex,CZ01,cPVVG,Each,1,4000,None,8.94,0.008,0,8.94,0.008,0,,,,,,,,,20,,43619,2101.2,,,43610,2101.2,,,,,,
NE-HVAC-AirEcono-Adjust-ExSP68F,DEER2024,D24_E+_Com_v1,6/15/2026 10:46,Any,RFF,Ex,CZ02,cPVVG,Each,1,4000,None,169,0.046,-0.000341,169,0.046,-0.000341,,,,,,,,,20,,53203,1927.2,,,53034,1927.2,,,,,,
NE-HVAC-AirEcono-Adjust-ExSP68F,DEER2024,D24_E+_Com_v1,6/15/2026 10:46,Any,RFF,Ex,CZ03,cPVVG,Each,1,4000,None,191,0.12,0,191,0.12,0,,,,,,,,,20,,49566,1766.4,,,49375,1766.4,,,,,,
NE-HVAC-AirEcono-Adjust-ExSP68F,DEER2024,D24_E+_Com_v1,6/15/2026 10:46,Any,RFF,Ex,CZ04,cPVVG,Each,1,4000,None,199,0,0,199,0,0,,,,,,,,,20,,58865,1819.8,,,58666,1819.8,,,,,,
NE-HVAC-AirEcono-Adjust-ExSP68F,DEER2024,D24_E+_Com_v1,6/15/2026 10:46,Any,RFF,Ex,CZ05,cPVVG,Each,1,4000,None,277,0.066,0.000342,277,0.066,0.000342,,,,,,,,,20,,50780,1759.8,,,50503,1759.8,,,,,,
NE-HVAC-AirEcono-Adjust-ExSP68F,DEER2024,D24_E+_Com_v1,6/15/2026 10:46,Any,RFF,Ex,CZ06,cPVVG,Each,1,4000,None,307,0.086,0,307,0.086,0,,,,,,,,,20,,56248,1551.9,,,55941,1551.9,,,,,,
NE-HVAC-AirEcono-Adjust-ExSP68F,DEER2024,D24_E+_Com_v1,6/15/2026 10:46,Any,RFF,Ex,CZ07,cPVVG,Each,1,4000,None,104,0,0,104,0,0,,,,,,,,,20,,56419,1537.7,,,56315,1537.7,,,,,,
NE-HVAC-AirEcono-Adjust-ExSP68F,DEER2024,D24_E+_Com_v1,6/15/2026 10:46,Any,RFF,Ex,CZ08,cPVVG,Each,1,4000,None,349,0,0,349,0,0,,,,,,,,,20,,61931,1551,,,61582,1551,,,,,,
NE-HVAC-AirEcono-Adjust-ExSP68F,DEER2024,D24_E+_Com_v1,6/15/2026 10:46,Any,RFF,Ex,CZ09,cPVVG,Each,1,4000,None,269,0.001,-0.000341,269,0.001,-0.000341,,,,,,,,,20,,62856,1575.7,,,62587,1575.7,,,,,,
NE-HVAC-AirEcono-Adjust-ExSP68F,DEER2024,D24_E+_Com_v1,6/15/2026 10:46,Any,RFF,Ex,CZ10,cPVVG,Each,1,4000,None,343,0,-0.000342,343,0,-0.000342,,,,,,,,,20,,64133,1588.8,,,63790,1588.8,,,,,,
NE-HVAC-AirEcono-Adjust-ExSP68F,DEER2024,D24_E+_Com_v1,6/15/2026 10:46,Any,RFF,Ex,CZ11,cPVVG,Each,1,4000,None,279,0,-0.000683,279,0,-0.000683,,,,,,,,,20,,64516,1811.9,,,64237,1811.9,,,,,,
NE-HVAC-AirEcono-Adjust-ExSP68F,DEER2024,D24_E+_Com_v1,6/15/2026 10:46,Any,RFF,Ex,CZ12,cPVVG,Each,1,4000,None,250,0,-0.000683,250,0,-0.000683,,,,,,,,,20,,58476,1833.7,,,58227,1833.7,,,,,,
NE-HVAC-AirEcono-Adjust-ExSP68F,DEER2024,D24_E+_Com_v1,6/15/2026 10:46,Any,RFF,Ex,CZ13,cPVVG,Each,1,4000,None,295,0,-0.000342,295,0,-0.000342,,,,,,,,,20,,65719,1730.4,,,65424,1730.4,,,,,,
NE-HVAC-AirEcono-Adjust-ExSP68F,DEER2024,D24_E+_Com_v1,6/15/2026 10:46,Any,RFF,Ex,CZ14,cPVVG,Each,1,4000,None,254,-0.001,-0.00512,254,-0.001,-0.00512,,,,,,,,,20,,64470,1718.1,,,64216,1718.1,,,,,,
NE-HVAC-AirEcono-Adjust-ExSP68F,DEER2024,D24_E+_Com_v1,6/15/2026 10:46,Any,RFF,Ex,CZ15,cPVVG,Each,1,4000,None,277,0,-0.000342,277,0,-0.000342,,,,,,,,,20,,78877,1411.9,,,78600,1411.9,,,,,,
NE-HVAC-AirEcono-Adjust-ExSP68F,DEER2024,D24_E+_Com_v1,6/15/2026 10:46,Any,RFF,Ex,CZ16,cPVVG,Each,1,4000,None,290,0.038,0,290,0.038,0,,,,,,,,,20,,54689,2075.7,,,54399,2075.7,,,,,,
NE-HVAC-AirEcono-Adjust-ExSP68F,DEER2024,D24_E+_Com_v1,6/15/2026 10:46,Any,RSD,Ex,CZ01,cDXGF,Each,1,11200,None,4.11,0.006,0.00171,4.11,0.006,0.00171,,,,,,,,,20,,109390,4939.7,,,109390,4939.6,,,,,,
NE-HVAC-AirEcono-Adjust-ExSP68F,DEER2024,D24_E+_Com_v1,6/15/2026 10:46,Any,RSD,Ex,CZ02,cDXGF,Each,1,11200,None,77.6,0.023,0.015,77.6,0.023,0.015,,,,,,,,,20,,124470,4806.3,,,124390,4806.3,,,,,,
NE-HVAC-AirEcono-Adjust-ExSP68F,DEER2024,D24_E+_Com_v1,6/15/2026 10:46,Any,RSD,Ex,CZ03,cDXGF,Each,1,11200,None,85.5,-0.006,-0.0812,85.5,-0.006,-0.0812,,,,,,,,,20,,113580,4169.7,,,113490,4169.8,,,,,,
NE-HVAC-AirEcono-Adjust-ExSP68F,DEER2024,D24_E+_Com_v1,6/15/2026 10:46,Any,RSD,Ex,CZ04,cDXGF,Each,1,11200,None,95.6,0,0.00512,95.6,0,0.00512,,,,,,,,,20,,135410,4756.7,,,135320,4756.7,,,,,,
NE-HVAC-AirEcono-Adjust-ExSP68F,DEER2024,D24_E+_Com_v1,6/15/2026 10:46,Any,RSD,Ex,CZ05,cDXGF,Each,1,11200,None,121,0.029,-0.00478,121,0.029,-0.00478,,,,,,,,,20,,115690,4206,,,115560,4206,,,,,,
NE-HVAC-AirEcono-Adjust-ExSP68F,DEER2024,D24_E+_Com_v1,6/15/2026 10:46,Any,RSD,Ex,CZ06,cDXGF,Each,1,11200,None,144,0.047,0.0795,144,0.047,0.0795,,,,,,,,,20,,123650,3729,,,123500,3728.9,,,,,,
NE-HVAC-AirEcono-Adjust-ExSP68F,DEER2024,D24_E+_Com_v1,6/15/2026 10:46,Any,RSD,Ex,CZ07,cDXGF,Each,1,11200,None,51.3,0,0.0273,51.3,0,0.0273,,,,,,,,,20,,124430,3706.2,,,124370,3706.2,,,,,,
NE-HVAC-AirEcono-Adjust-ExSP68F,DEER2024,D24_E+_Com_v1,6/15/2026 10:46,Any,RSD,Ex,CZ08,cDXGF,Each,1,11200,None,167,0,0.00341,167,0,0.00341,,,,,,,,,20,,139410,4093.5,,,139240,4093.5,,,,,,
NE-HVAC-AirEcono-Adjust-ExSP68F,DEER2024,D24_E+_Com_v1,6/15/2026 10:46,Any,RSD,Ex,CZ09,cDXGF,Each,1,11200,None,124,0,0.0137,124,0,0.0137,,,,,,,,,20,,141080,4186.8,,,140950,4186.8,,,,,,
NE-HVAC-AirEcono-Adjust-ExSP68F,DEER2024,D24_E+_Com_v1,6/15/2026 10:46,Any,RSD,Ex,CZ10,cDXGF,Each,1,11200,None,153,0.001,-0.00683,153,0.001,-0.00683,,,,,,,,,20,,144890,4279.9,,,144740,4279.9,,,,,,
NE-HVAC-AirEcono-Adjust-ExSP68F,DEER2024,D24_E+_Com_v1,6/15/2026 10:46,Any,RSD,Ex,CZ11,cDXGF,Each,1,11200,None,128,0,0.00171,128,0,0.00171,,,,,,,,,20,,149600,4907.3,,,149480,4907.3,,,,,,
NE-HVAC-AirEcono-Adjust-ExSP68F,DEER2024,D24_E+_Com_v1,6/15/2026 10:46,Any,RSD,Ex,CZ12,cDXGF,Each,1,11200,None,115,0,0.0123,115,0,0.0123,,,,,,,,,20,,134860,4760.5,,,134740,4760.4,,,,,,
NE-HVAC-AirEcono-Adjust-ExSP68F,DEER2024,D24_E+_Com_v1,6/15/2026 10:46,Any,RSD,Ex,CZ13,cDXGF,Each,1,11200,None,138,0,-0.00478,138,0,-0.00478,,,,,,,,,20,,152830,4805.7,,,152700,4805.7,,,,,,
NE-HVAC-AirEcono-Adjust-ExSP68F,DEER2024,D24_E+_Com_v1,6/15/2026 10:46,Any,RSD,Ex,CZ14,cDXGF,Each,1,11200,None,120,0,0.0147,120,0,0.0147,,,,,,,,,20,,150910,4841.3,,,150790,4841.3,,,,,,
NE-HVAC-AirEcono-Adjust-ExSP68F,DEER2024,D24_E+_Com_v1,6/15/2026 10:46,Any,RSD,Ex,CZ15,cDXGF,Each,1,11200,None,134,0,0.00102,134,0,0.00102,,,,,,,,,20,,179010,4041.3,,,178870,4041.3,,,,,,
NE-HVAC-AirEcono-Adjust-ExSP68F,DEER2024,D24_E+_Com_v1,6/15/2026 10:46,Any,RSD,Ex,CZ16,cDXGF,Each,1,11200,None,131,0.023,0,131,0.023,0,,,,,,,,,20,,128180,5122.3,,,128040,5122.3,,,,,,
NE-HVAC-AirEcono-Adjust-ExSP68F,DEER2024,D24_E+_Com_v1,6/15/2026 10:46,Any,RSD,Ex,CZ01,cDXHP,Each,1,11200,None,3.85,0.004,-0.0215,3.85,0.004,-0.0215,,,,,,,,,20,,110620,4779.2,,,110620,4779.2,,,,,,
NE-HVAC-AirEcono-Adjust-ExSP68F,DEER2024,D24_E+_Com_v1,6/15/2026 10:46,Any,RSD,Ex,CZ02,cDXHP,Each,1,11200,None,77.3,0.017,0.00614,77.3,0.017,0.00614,,,,,,,,,20,,125330,4702,,,125250,4702,,,,,,
NE-HVAC-AirEcono-Adjust-ExSP68F,DEER2024,D24_E+_Com_v1,6/15/2026 10:46,Any,RSD,Ex,CZ03,cDXHP,Each,1,11200,None,84.1,0.097,0.0358,84.1,0.097,0.0358,,,,,,,,,20,,113940,4120.6,,,113860,4120.5,,,,,,
NE-HVAC-AirEcono-Adjust-ExSP68F,DEER2024,D24_E+_Com_v1,6/15/2026 10:46,Any,RSD,Ex,CZ04,cDXHP,Each,1,11200,None,96.3,0,-0.0102,96.3,0,-0.0102,,,,,,,,,20,,136150,4675.2,,,136050,4675.2,,,,,,
NE-HVAC-AirEcono-Adjust-ExSP68F,DEER2024,D24_E+_Com_v1,6/15/2026 10:46,Any,RSD,Ex,CZ05,cDXHP,Each,1,11200,None,116,0.03,-0.161,116,0.03,-0.161,,,,,,,,,20,,116030,4161.3,,,115920,4161.5,,,,,,
NE-HVAC-AirEcono-Adjust-ExSP68F,DEER2024,D24_E+_Com_v1,6/15/2026 10:46,Any,RSD,Ex,CZ06,cDXHP,Each,1,11200,None,147,0.033,-0.159,147,0.033,-0.159,,,,,,,,,20,,123570,3721.6,,,123420,3721.8,,,,,,
NE-HVAC-AirEcono-Adjust-ExSP68F,DEER2024,D24_E+_Com_v1,6/15/2026 10:46,Any,RSD,Ex,CZ07,cDXHP,Each,1,11200,None,51.5,0,-0.1,51.5,0,-0.1,,,,,,,,,20,,124360,3701.5,,,124310,3701.6,,,,,,
NE-HVAC-AirEcono-Adjust-ExSP68F,DEER2024,D24_E+_Com_v1,6/15/2026 10:46,Any,RSD,Ex,CZ08,cDXHP,Each,1,11200,None,166,0.001,-0.00205,166,0.001,-0.00205,,,,,,,,,20,,139460,4080.5,,,139300,4080.5,,,,,,
NE-HVAC-AirEcono-Adjust-ExSP68F,DEER2024,D24_E+_Com_v1,6/15/2026 10:46,Any,RSD,Ex,CZ09,cDXHP,Each,1,11200,None,123,0.001,-0.00102,123,0.001,-0.00102,,,,,,,,,20,,141200,4168.1,,,141080,4168.1,,,,,,
NE-HVAC-AirEcono-Adjust-ExSP68F,DEER2024,D24_E+_Com_v1,6/15/2026 10:46,Any,RSD,Ex,CZ10,cDXHP,Each,1,11200,None,152,0.001,-0.00137,152,0.001,-0.00137,,,,,,,,,20,,145050,4258.2,,,144900,4258.2,,,,,,
NE-HVAC-AirEcono-Adjust-ExSP68F,DEER2024,D24_E+_Com_v1,6/15/2026 10:46,Any,RSD,Ex,CZ11,cDXHP,Each,1,11200,None,128,0,-0.00205,128,0,-0.00205,,,,,,,,,20,,150400,4811.2,,,150280,4811.2,,,,,,
NE-HVAC-AirEcono-Adjust-ExSP68F,DEER2024,D24_E+_Com_v1,6/15/2026 10:46,Any,RSD,Ex,CZ12,cDXHP,Each,1,11200,None,115,0,-0.00307,115,0,-0.00307,,,,,,,,,20,,135610,4665.8,,,135490,4665.8,,,,,,
NE-HVAC-AirEcono-Adjust-ExSP68F,DEER2024,D24_E+_Com_v1,6/15/2026 10:46,Any,RSD,Ex,CZ13,cDXHP,Each,1,11200,None,139,0,-0.00341,139,0,-0.00341,,,,,,,,,20,,153460,4730,,,153320,4730,,,,,,
NE-HVAC-AirEcono-Adjust-ExSP68F,DEER2024,D24_E+_Com_v1,6/15/2026 10:46,Any,RSD,Ex,CZ14,cDXHP,Each,1,11200,None,121,0,-0.00171,121,0,-0.00171,,,,,,,,,20,,151630,4769.1,,,151510,4769.1,,,,,,
NE-HVAC-AirEcono-Adjust-ExSP68F,DEER2024,D24_E+_Com_v1,6/15/2026 10:46,Any,RSD,Ex,CZ15,cDXHP,Each,1,11200,None,134,0,0.0058,134,0,0.0058,,,,,,,,,20,,179060,4033.7,,,178930,4033.7,,,,,,
NE-HVAC-AirEcono-Adjust-ExSP68F,DEER2024,D24_E+_Com_v1,6/15/2026 10:46,Any,RSD,Ex,CZ16,cDXHP,Each,1,11200,None,133,0.023,0.000683,133,0.023,0.000683,,,,,,,,,20,,129960,4962.2,,,129830,4962.2,,,,,,
NE-HVAC-AirEcono-Adjust-ExSP68F,DEER2024,D24_E+_Com_v1,6/15/2026 10:46,Any,RSD,Ex,CZ01,cDXOH,Each,1,11200,None,4.09,0.006,-0.00751,4.09,0.006,-0.00751,,,,,,,,,20,,109310,4789.4,,,109310,4789.4,,,,,,
NE-HVAC-AirEcono-Adjust-ExSP68F,DEER2024,D24_E+_Com_v1,6/15/2026 10:46,Any,RSD,Ex,CZ02,cDXOH,Each,1,11200,None,77.6,0.023,0.00512,77.6,0.023,0.00512,,,,,,,,,20,,124400,4708,,,124320,4708,,,,,,
NE-HVAC-AirEcono-Adjust-ExSP68F,DEER2024,D24_E+_Com_v1,6/15/2026 10:46,Any,RSD,Ex,CZ03,cDXOH,Each,1,11200,None,87.4,0.118,0.084,87.4,0.118,0.084,,,,,,,,,20,,113550,4123.3,,,113460,4123.2,,,,,,
NE-HVAC-AirEcono-Adjust-ExSP68F,DEER2024,D24_E+_Com_v1,6/15/2026 10:46,Any,RSD,Ex,CZ04,cDXOH,Each,1,11200,None,95.7,0,0.00478,95.7,0,0.00478,,,,,,,,,20,,135340,4680,,,135250,4680,,,,,,
NE-HVAC-AirEcono-Adjust-ExSP68F,DEER2024,D24_E+_Com_v1,6/15/2026 10:46,Any,RSD,Ex,CZ05,cDXOH,Each,1,11200,None,121,0.029,-0.0212,121,0.029,-0.0212,,,,,,,,,20,,115650,4163.4,,,115530,4163.4,,,,,,
NE-HVAC-AirEcono-Adjust-ExSP68F,DEER2024,D24_E+_Com_v1,6/15/2026 10:46,Any,RSD,Ex,CZ06,cDXOH,Each,1,11200,None,142,0.047,0.0266,142,0.047,0.0266,,,,,,,,,20,,123640,3722.1,,,123500,3722.1,,,,,,
NE-HVAC-AirEcono-Adjust-ExSP68F,DEER2024,D24_E+_Com_v1,6/15/2026 10:46,Any,RSD,Ex,CZ07,cDXOH,Each,1,11200,None,51.6,0,-0.328,51.6,0,-0.328,,,,,,,,,20,,124420,3701.6,,,124360,3702,,,,,,
NE-HVAC-AirEcono-Adjust-ExSP68F,DEER2024,D24_E+_Com_v1,6/15/2026 10:46,Any,RSD,Ex,CZ08,cDXOH,Each,1,11200,None,167,0,-0.000342,167,0,-0.000342,,,,,,,,,20,,139400,4080.9,,,139230,4080.9,,,,,,
NE-HVAC-AirEcono-Adjust-ExSP68F,DEER2024,D24_E+_Com_v1,6/15/2026 10:46,Any,RSD,Ex,CZ09,cDXOH,Each,1,11200,None,124,0,0.00785,124,0,0.00785,,,,,,,,,20,,141060,4168.8,,,140940,4168.8,,,,,,
NE-HVAC-AirEcono-Adjust-ExSP68F,DEER2024,D24_E+_Com_v1,6/15/2026 10:46,Any,RSD,Ex,CZ10,cDXOH,Each,1,11200,None,153,0.001,-0.000683,153,0.001,-0.000683,,,,,,,,,20,,144870,4259.3,,,144720,4259.3,,,,,,
NE-HVAC-AirEcono-Adjust-ExSP68F,DEER2024,D24_E+_Com_v1,6/15/2026 10:46,Any,RSD,Ex,CZ11,cDXOH,Each,1,11200,None,128,0,-0.00512,128,0,-0.00512,,,,,,,,,20,,149550,4817.1,,,149430,4817.1,,,,,,
NE-HVAC-AirEcono-Adjust-ExSP68F,DEER2024,D24_E+_Com_v1,6/15/2026 10:46,Any,RSD,Ex,CZ12,cDXOH,Each,1,11200,None,115,0,0.000682,115,0,0.000682,,,,,,,,,20,,134800,4671.9,,,134690,4671.9,,,,,,
NE-HVAC-AirEcono-Adjust-ExSP68F,DEER2024,D24_E+_Com_v1,6/15/2026 10:46,Any,RSD,Ex,CZ13,cDXOH,Each,1,11200,None,138,0,0.00512,138,0,0.00512,,,,,,,,,20,,152790,4734.7,,,152650,4734.7,,,,,,
NE-HVAC-AirEcono-Adjust-ExSP68F,DEER2024,D24_E+_Com_v1,6/15/2026 10:46,Any,RSD,Ex,CZ14,cDXOH,Each,1,11200,None,120,0,-0.0338,120,0,-0.0338,,,,,,,,,20,,150850,4773.5,,,150730,4773.5,,,,,,
NE-HVAC-AirEcono-Adjust-ExSP68F,DEER2024,D24_E+_Com_v1,6/15/2026 10:46,Any,RSD,Ex,CZ15,cDXOH,Each,1,11200,None,134,0,0.00137,134,0,0.00137,,,,,,,,,20,,179000,4034.1,,,178860,4034.1,,,,,,
NE-HVAC-AirEcono-Adjust-ExSP68F,DEER2024,D24_E+_Com_v1,6/15/2026 10:46,Any,RSD,Ex,CZ16,cDXOH,Each,1,11200,None,131,0.023,0.000683,131,0.023,0.000683,,,,,,,,,20,,128150,4973.8,,,128020,4973.8,,,,,,
NE-HVAC-AirEcono-Adjust-ExSP68F,DEER2024,D24_E+_Com_v1,6/15/2026 10:46,Any,RSD,Ex,CZ01,cPVVG,Each,1,11200,None,2.14,0.005,-0.0137,2.14,0.005,-0.0137,,,,,,,,,20,,105140,5026.5,,,105140,5026.5,,,,,,
NE-HVAC-AirEcono-Adjust-ExSP68F,DEER2024,D24_E+_Com_v1,6/15/2026 10:46,Any,RSD,Ex,CZ02,cPVVG,Each,1,11200,None,49,0.018,-0.0109,49,0.018,-0.0109,,,,,,,,,20,,119830,4866.8,,,119780,4866.8,,,,,,
NE-HVAC-AirEcono-Adjust-ExSP68F,DEER2024,D24_E+_Com_v1,6/15/2026 10:46,Any,RSD,Ex,CZ03,cPVVG,Each,1,11200,None,55.9,-0.103,-0.139,55.9,-0.103,-0.139,,,,,,,,,20,,108990,4212.5,,,108940,4212.6,,,,,,
NE-HVAC-AirEcono-Adjust-ExSP68F,DEER2024,D24_E+_Com_v1,6/15/2026 10:46,Any,RSD,Ex,CZ04,cPVVG,Each,1,11200,None,63.6,0,-0.00375,63.6,0,-0.00375,,,,,,,,,20,,130870,4807.2,,,130800,4807.2,,,,,,
NE-HVAC-AirEcono-Adjust-ExSP68F,DEER2024,D24_E+_Com_v1,6/15/2026 10:46,Any,RSD,Ex,CZ05,cPVVG,Each,1,11200,None,80.5,0.023,0.0563,80.5,0.023,0.0563,,,,,,,,,20,,110990,4248.1,,,110910,4248.1,,,,,,
NE-HVAC-AirEcono-Adjust-ExSP68F,DEER2024,D24_E+_Com_v1,6/15/2026 10:46,Any,RSD,Ex,CZ06,cPVVG,Each,1,11200,None,74.1,0.04,-0.442,74.1,0.04,-0.442,,,,,,,,,20,,119460,3740.9,,,119390,3741.3,,,,,,
NE-HVAC-AirEcono-Adjust-ExSP68F,DEER2024,D24_E+_Com_v1,6/15/2026 10:46,Any,RSD,Ex,CZ07,cPVVG,Each,1,11200,None,31.3,0,0.153,31.3,0,0.153,,,,,,,,,20,,120130,3717.1,,,120100,3716.9,,,,,,
NE-HVAC-AirEcono-Adjust-ExSP68F,DEER2024,D24_E+_Com_v1,6/15/2026 10:46,Any,RSD,Ex,CZ08,cPVVG,Each,1,11200,None,109,0,0.0457,109,0,0.0457,,,,,,,,,20,,134820,4110.9,,,134710,4110.9,,,,,,
NE-HVAC-AirEcono-Adjust-ExSP68F,DEER2024,D24_E+_Com_v1,6/15/2026 10:46,Any,RSD,Ex,CZ09,cPVVG,Each,1,11200,None,84.1,0,0.00205,84.1,0,0.00205,,,,,,,,,20,,136310,4208.2,,,136220,4208.2,,,,,,
NE-HVAC-AirEcono-Adjust-ExSP68F,DEER2024,D24_E+_Com_v1,6/15/2026 10:46,Any,RSD,Ex,CZ10,cPVVG,Each,1,11200,None,97.7,0.001,-0.000341,97.7,0.001,-0.000341,,,,,,,,,20,,140320,4303.7,,,140220,4303.7,,,,,,
NE-HVAC-AirEcono-Adjust-ExSP68F,DEER2024,D24_E+_Com_v1,6/15/2026 10:46,Any,RSD,Ex,CZ11,cPVVG,Each,1,11200,None,83,0,0.0116,83,0,0.0116,,,,,,,,,20,,144880,4962.1,,,144800,4962.1,,,,,,
NE-HVAC-AirEcono-Adjust-ExSP68F,DEER2024,D24_E+_Com_v1,6/15/2026 10:46,Any,RSD,Ex,CZ12,cPVVG,Each,1,11200,None,75.4,0,0.014,75.4,0,0.014,,,,,,,,,20,,130370,4813.3,,,130300,4813.3,,,,,,
NE-HVAC-AirEcono-Adjust-ExSP68F,DEER2024,D24_E+_Com_v1,6/15/2026 10:46,Any,RSD,Ex,CZ13,cPVVG,Each,1,11200,None,90.6,0,-0.00239,90.6,0,-0.00239,,,,,,,,,20,,148160,4853.3,,,148070,4853.3,,,,,,
NE-HVAC-AirEcono-Adjust-ExSP68F,DEER2024,D24_E+_Com_v1,6/15/2026 10:46,Any,RSD,Ex,CZ14,cPVVG,Each,1,11200,None,82.6,-0.001,0.0225,82.6,-0.001,0.0225,,,,,,,,,20,,146130,4887,,,146050,4886.9,,,,,,
NE-HVAC-AirEcono-Adjust-ExSP68F,DEER2024,D24_E+_Com_v1,6/15/2026 10:46,Any,RSD,Ex,CZ15,cPVVG,Each,1,11200,None,86,0,0.0099,86,0,0.0099,,,,,,,,,20,,174510,4052.6,,,174420,4052.6,,,,,,
NE-HVAC-AirEcono-Adjust-ExSP68F,DEER2024,D24_E+_Com_v1,6/15/2026 10:46,Any,RSD,Ex,CZ16,cPVVG,Each,1,11200,None,106,0.02,0.00478,106,0.02,0.00478,,,,,,,,,20,,122920,5203.3,,,122810,5203.2,,,,,,
NE-HVAC-AirEcono-Adjust-ExSP68F,DEER2024,D24_E+_Com_v1,6/15/2026 10:46,Any,Rt3,Ex,CZ01,cDXGF,Each,1,240000,None,563,0.564,-0.00068,563,0.564,-0.00068,,,,,,,,,20,,1729500,10251,,,1728900,10251,,,,,,
NE-HVAC-AirEcono-Adjust-ExSP68F,DEER2024,D24_E+_Com_v1,6/15/2026 10:46,Any,Rt3,Ex,CZ02,cDXGF,Each,1,240000,None,9380,2.13,-0.000682,9380,2.13,-0.000682,,,,,,,,,20,,1976300,9510.8,,,1966900,9510.8,,,,,,
NE-HVAC-AirEcono-Adjust-ExSP68F,DEER2024,D24_E+_Com_v1,6/15/2026 10:46,Any,Rt3,Ex,CZ03,cDXGF,Each,1,240000,None,9870,5.6,0.000341,9870,5.6,0.000341,,,,,,,,,20,,1851800,7885.8,,,1842000,7885.8,,,,,,
NE-HVAC-AirEcono-Adjust-ExSP68F,DEER2024,D24_E+_Com_v1,6/15/2026 10:46,Any,Rt3,Ex,CZ04,cDXGF,Each,1,240000,None,9700,0,-0.00102,9700,0,-0.00102,,,,,,,,,20,,2111500,8707.4,,,2101800,8707.4,,,,,,
NE-HVAC-AirEcono-Adjust-ExSP68F,DEER2024,D24_E+_Com_v1,6/15/2026 10:46,Any,Rt3,Ex,CZ05,cDXGF,Each,1,240000,None,14500,3.71,0.000682,14500,3.71,0.000682,,,,,,,,,20,,1898600,7777.8,,,1884100,7777.8,,,,,,
NE-HVAC-AirEcono-Adjust-ExSP68F,DEER2024,D24_E+_Com_v1,6/15/2026 10:46,Any,Rt3,Ex,CZ06,cDXGF,Each,1,240000,None,15500,4.33,0,15500,4.33,0,,,,,,,,,20,,1999200,5957.3,,,1983700,5957.3,,,,,,
NE-HVAC-AirEcono-Adjust-ExSP68F,DEER2024,D24_E+_Com_v1,6/15/2026 10:46,Any,Rt3,Ex,CZ07,cDXGF,Each,1,240000,None,5470,0,0,5470,0,0,,,,,,,,,20,,2022300,5830.2,,,2016800,5830.2,,,,,,
NE-HVAC-AirEcono-Adjust-ExSP68F,DEER2024,D24_E+_Com_v1,6/15/2026 10:46,Any,Rt3,Ex,CZ08,cDXGF,Each,1,240000,None,14000,0,-0.000341,14000,0,-0.000341,,,,,,,,,20,,2161100,5853.2,,,2147100,5853.2,,,,,,
NE-HVAC-AirEcono-Adjust-ExSP68F,DEER2024,D24_E+_Com_v1,6/15/2026 10:46,Any,Rt3,Ex,CZ09,cDXGF,Each,1,240000,None,10800,-0.001,0,10800,-0.001,0,,,,,,,,,20,,2176600,6129.3,,,2165800,6129.3,,,,,,
NE-HVAC-AirEcono-Adjust-ExSP68F,DEER2024,D24_E+_Com_v1,6/15/2026 10:46,Any,Rt3,Ex,CZ10,cDXGF,Each,1,240000,None,14300,0,-0.000683,14300,0,-0.000683,,,,,,,,,20,,2259600,6293.3,,,2245300,6293.3,,,,,,
NE-HVAC-AirEcono-Adjust-ExSP68F,DEER2024,D24_E+_Com_v1,6/15/2026 10:46,Any,Rt3,Ex,CZ11,cDXGF,Each,1,240000,None,10100,0,-0.000341,10100,0,-0.000341,,,,,,,,,20,,2213700,8392.3,,,2203600,8392.3,,,,,,
NE-HVAC-AirEcono-Adjust-ExSP68F,DEER2024,D24_E+_Com_v1,6/15/2026 10:46,Any,Rt3,Ex,CZ12,cDXGF,Each,1,240000,None,10900,0,0,10900,0,0,,,,,,,,,20,,2086900,8603.4,,,2076000,8603.4,,,,,,
NE-HVAC-AirEcono-Adjust-ExSP68F,DEER2024,D24_E+_Com_v1,6/15/2026 10:46,Any,Rt3,Ex,CZ13,cDXGF,Each,1,240000,None,11800,0,0,11800,0,0,,,,,,,,,20,,2235600,7489,,,2223800,7489,,,,,,
NE-HVAC-AirEcono-Adjust-ExSP68F,DEER2024,D24_E+_Com_v1,6/15/2026 10:46,Any,Rt3,Ex,CZ14,cDXGF,Each,1,240000,None,9720,0,-0.000683,9720,0,-0.000683,,,,,,,,,20,,2223200,7610.5,,,2213400,7610.5,,,,,,
NE-HVAC-AirEcono-Adjust-ExSP68F,DEER2024,D24_E+_Com_v1,6/15/2026 10:46,Any,Rt3,Ex,CZ15,cDXGF,Each,1,240000,None,10800,0,0,10800,0,0,,,,,,,,,20,,2532200,4698.9,,,2521500,4698.9,,,,,,
NE-HVAC-AirEcono-Adjust-ExSP68F,DEER2024,D24_E+_Com_v1,6/15/2026 10:46,Any,Rt3,Ex,CZ16,cDXGF,Each,1,240000,None,12000,2.35,0,12000,2.35,0,,,,,,,,,20,,2036800,10880,,,2024800,10880,,,,,,
NE-HVAC-AirEcono-Adjust-ExSP68F,DEER2024,D24_E+_Com_v1,6/15/2026 10:46,Any,Rt3,Ex,CZ01,cDXHP,Each,1,240000,None,558,0.581,0,558,0.581,0,,,,,,,,,20,,1757900,6677,,,1757300,6677,,,,,,
NE-HVAC-AirEcono-Adjust-ExSP68F,DEER2024,D24_E+_Com_v1,6/15/2026 10:46,Any,Rt3,Ex,CZ02,cDXHP,Each,1,240000,None,9510,2.12,0,9510,2.12,0,,,,,,,,,20,,2006500,6234.8,,,1997000,6234.8,,,,,,
NE-HVAC-AirEcono-Adjust-ExSP68F,DEER2024,D24_E+_Com_v1,6/15/2026 10:46,Any,Rt3,Ex,CZ03,cDXHP,Each,1,240000,None,9750,5.59,0,9750,5.59,0,,,,,,,,,20,,1865400,6088.3,,,1855600,6088.3,,,,,,
NE-HVAC-AirEcono-Adjust-ExSP68F,DEER2024,D24_E+_Com_v1,6/15/2026 10:46,Any,Rt3,Ex,CZ04,cDXHP,Each,1,240000,None,9840,0,0,9840,0,0,,,,,,,,,20,,2141900,5949.5,,,2132100,5949.5,,,,,,
NE-HVAC-AirEcono-Adjust-ExSP68F,DEER2024,D24_E+_Com_v1,6/15/2026 10:46,Any,Rt3,Ex,CZ05,cDXHP,Each,1,240000,None,14400,3.8,0,14400,3.8,0,,,,,,,,,20,,1912500,6103,,,1898000,6103,,,,,,
NE-HVAC-AirEcono-Adjust-ExSP68F,DEER2024,D24_E+_Com_v1,6/15/2026 10:46,Any,Rt3,Ex,CZ06,cDXHP,Each,1,240000,None,15600,4.39,0,15600,4.39,0,,,,,,,,,20,,1995800,5542.1,,,1980300,5542.1,,,,,,
NE-HVAC-AirEcono-Adjust-ExSP68F,DEER2024,D24_E+_Com_v1,6/15/2026 10:46,Any,Rt3,Ex,CZ07,cDXHP,Each,1,240000,None,5310,0,0,5310,0,0,,,,,,,,,20,,2019000,5479.7,,,2013700,5479.7,,,,,,
NE-HVAC-AirEcono-Adjust-ExSP68F,DEER2024,D24_E+_Com_v1,6/15/2026 10:46,Any,Rt3,Ex,CZ08,cDXHP,Each,1,240000,None,13900,0,0,13900,0,0,,,,,,,,,20,,2159900,5371.6,,,2146000,5371.6,,,,,,
NE-HVAC-AirEcono-Adjust-ExSP68F,DEER2024,D24_E+_Com_v1,6/15/2026 10:46,Any,Rt3,Ex,CZ09,cDXHP,Each,1,240000,None,10900,0,0,10900,0,0,,,,,,,,,20,,2181100,5420.2,,,2170300,5420.2,,,,,,
NE-HVAC-AirEcono-Adjust-ExSP68F,DEER2024,D24_E+_Com_v1,6/15/2026 10:46,Any,Rt3,Ex,CZ10,cDXHP,Each,1,240000,None,14300,0,0,14300,0,0,,,,,,,,,20,,2267100,5358.2,,,2252800,5358.2,,,,,,
NE-HVAC-AirEcono-Adjust-ExSP68F,DEER2024,D24_E+_Com_v1,6/15/2026 10:46,Any,Rt3,Ex,CZ11,cDXHP,Each,1,240000,None,10200,0,0,10200,0,0,,,,,,,,,20,,2243900,5604.4,,,2233700,5604.4,,,,,,
NE-HVAC-AirEcono-Adjust-ExSP68F,DEER2024,D24_E+_Com_v1,6/15/2026 10:46,Any,Rt3,Ex,CZ12,cDXHP,Each,1,240000,None,11100,0,0.000341,11100,0,0.000341,,,,,,,,,20,,2113500,5864.9,,,2102500,5864.9,,,,,,
NE-HVAC-AirEcono-Adjust-ExSP68F,DEER2024,D24_E+_Com_v1,6/15/2026 10:46,Any,Rt3,Ex,CZ13,cDXHP,Each,1,240000,None,12000,0,0,12000,0,0,,,,,,,,,20,,2259300,5446.4,,,2247300,5446.4,,,,,,
NE-HVAC-AirEcono-Adjust-ExSP68F,DEER2024,D24_E+_Com_v1,6/15/2026 10:46,Any,Rt3,Ex,CZ14,cDXHP,Each,1,240000,None,9850,0,-0.00102,9850,0,-0.00102,,,,,,,,,20,,2249000,5592.8,,,2239200,5592.9,,,,,,
NE-HVAC-AirEcono-Adjust-ExSP68F,DEER2024,D24_E+_Com_v1,6/15/2026 10:46,Any,Rt3,Ex,CZ15,cDXHP,Each,1,240000,None,10900,0,0,10900,0,0,,,,,,,,,20,,2540300,4487.7,,,2529400,4487.7,,,,,,
NE-HVAC-AirEcono-Adjust-ExSP68F,DEER2024,D24_E+_Com_v1,6/15/2026 10:46,Any,Rt3,Ex,CZ16,cDXHP,Each,1,240000,None,12100,2.38,0,12100,2.38,0,,,,,,,,,20,,2086300,6556.6,,,2074200,6556.6,,,,,,
NE-HVAC-AirEcono-Adjust-ExSP68F,DEER2024,D24_E+_Com_v1,6/15/2026 10:46,Any,Rt3,Ex,CZ01,cDXOH,Each,1,240000,None,560,0.564,0,560,0.564,0,,,,,,,,,20,,1730700,6696.1,,,1730200,6696.1,,,,,,
NE-HVAC-AirEcono-Adjust-ExSP68F,DEER2024,D24_E+_Com_v1,6/15/2026 10:46,Any,Rt3,Ex,CZ02,cDXOH,Each,1,240000,None,9350,2.13,0,9350,2.13,0,,,,,,,,,20,,1978200,6250.9,,,1968900,6250.9,,,,,,
NE-HVAC-AirEcono-Adjust-ExSP68F,DEER2024,D24_E+_Com_v1,6/15/2026 10:46,Any,Rt3,Ex,CZ03,cDXOH,Each,1,240000,None,9870,5.6,0,9870,5.6,0,,,,,,,,,20,,1852500,6095,,,1842600,6095,,,,,,
NE-HVAC-AirEcono-Adjust-ExSP68F,DEER2024,D24_E+_Com_v1,6/15/2026 10:46,Any,Rt3,Ex,CZ04,cDXOH,Each,1,240000,None,9670,0,0,9670,0,0,,,,,,,,,20,,2112400,5958.9,,,2102700,5958.9,,,,,,
NE-HVAC-AirEcono-Adjust-ExSP68F,DEER2024,D24_E+_Com_v1,6/15/2026 10:46,Any,Rt3,Ex,CZ05,cDXOH,Each,1,240000,None,14500,3.72,0,14500,3.72,0,,,,,,,,,20,,1898300,6106.6,,,1883800,6106.6,,,,,,
NE-HVAC-AirEcono-Adjust-ExSP68F,DEER2024,D24_E+_Com_v1,6/15/2026 10:46,Any,Rt3,Ex,CZ06,cDXOH,Each,1,240000,None,15500,4.33,0,15500,4.33,0,,,,,,,,,20,,1999000,5542.5,,,1983500,5542.5,,,,,,
NE-HVAC-AirEcono-Adjust-ExSP68F,DEER2024,D24_E+_Com_v1,6/15/2026 10:46,Any,Rt3,Ex,CZ07,cDXOH,Each,1,240000,None,5470,0,0,5470,0,0,,,,,,,,,20,,2022100,5479.9,,,2016700,5479.9,,,,,,
NE-HVAC-AirEcono-Adjust-ExSP68F,DEER2024,D24_E+_Com_v1,6/15/2026 10:46,Any,Rt3,Ex,CZ08,cDXOH,Each,1,240000,None,14000,0,0,14000,0,0,,,,,,,,,20,,2160900,5372.1,,,2146900,5372.1,,,,,,
NE-HVAC-AirEcono-Adjust-ExSP68F,DEER2024,D24_E+_Com_v1,6/15/2026 10:46,Any,Rt3,Ex,CZ09,cDXOH,Each,1,240000,None,10800,-0.001,0,10800,-0.001,0,,,,,,,,,20,,2176500,5421.3,,,2165600,5421.3,,,,,,
NE-HVAC-AirEcono-Adjust-ExSP68F,DEER2024,D24_E+_Com_v1,6/15/2026 10:46,Any,Rt3,Ex,CZ10,cDXOH,Each,1,240000,None,14300,0,0,14300,0,0,,,,,,,,,20,,2259500,5359.4,,,2245300,5359.4,,,,,,
NE-HVAC-AirEcono-Adjust-ExSP68F,DEER2024,D24_E+_Com_v1,6/15/2026 10:46,Any,Rt3,Ex,CZ11,cDXOH,Each,1,240000,None,10100,0,0.000341,10100,0,0.000341,,,,,,,,,20,,2216900,5623,,,2206900,5623,,,,,,
NE-HVAC-AirEcono-Adjust-ExSP68F,DEER2024,D24_E+_Com_v1,6/15/2026 10:46,Any,Rt3,Ex,CZ12,cDXOH,Each,1,240000,None,10900,0,0,10900,0,0,,,,,,,,,20,,2089500,5881.6,,,2078600,5881.6,,,,,,
NE-HVAC-AirEcono-Adjust-ExSP68F,DEER2024,D24_E+_Com_v1,6/15/2026 10:46,Any,Rt3,Ex,CZ13,cDXOH,Each,1,240000,None,11800,0,0,11800,0,0,,,,,,,,,20,,2237700,5457.8,,,2225800,5457.8,,,,,,
NE-HVAC-AirEcono-Adjust-ExSP68F,DEER2024,D24_E+_Com_v1,6/15/2026 10:46,Any,Rt3,Ex,CZ14,cDXOH,Each,1,240000,None,9710,0,0,9710,0,0,,,,,,,,,20,,2224100,5603.1,,,2214400,5603.1,,,,,,
NE-HVAC-AirEcono-Adjust-ExSP68F,DEER2024,D24_E+_Com_v1,6/15/2026 10:46,Any,Rt3,Ex,CZ15,cDXOH,Each,1,240000,None,10800,0,0,10800,0,0,,,,,,,,,20,,2532200,4488.2,,,2521500,4488.2,,,,,,
NE-HVAC-AirEcono-Adjust-ExSP68F,DEER2024,D24_E+_Com_v1,6/15/2026 10:46,Any,Rt3,Ex,CZ16,cDXOH,Each,1,240000,None,12000,2.35,0,12000,2.35,0,,,,,,,,,20,,2043700,6586.8,,,2031700,6586.8,,,,,,
NE-HVAC-AirEcono-Adjust-ExSP68F,DEER2024,D24_E+_Com_v1,6/15/2026 10:46,Any,Rt3,Ex,CZ01,cPVVG,Each,1,240000,None,424,0.447,0.00068,424,0.447,0.00068,,,,,,,,,20,,1417100,13246,,,1416700,13246,,,,,,
NE-HVAC-AirEcono-Adjust-ExSP68F,DEER2024,D24_E+_Com_v1,6/15/2026 10:46,Any,Rt3,Ex,CZ02,cPVVG,Each,1,240000,None,7410,1.72,0.00342,7410,1.72,0.00342,,,,,,,,,20,,1642900,12108,,,1635500,12108,,,,,,
NE-HVAC-AirEcono-Adjust-ExSP68F,DEER2024,D24_E+_Com_v1,6/15/2026 10:46,Any,Rt3,Ex,CZ03,cPVVG,Each,1,240000,None,7790,4.35,0.00137,7790,4.35,0.00137,,,,,,,,,20,,1533500,9547.9,,,1525700,9547.9,,,,,,
NE-HVAC-AirEcono-Adjust-ExSP68F,DEER2024,D24_E+_Com_v1,6/15/2026 10:46,Any,Rt3,Ex,CZ04,cPVVG,Each,1,240000,None,7870,0,0.00376,7870,0,0.00376,,,,,,,,,20,,1781800,10904,,,1773900,10904,,,,,,
NE-HVAC-AirEcono-Adjust-ExSP68F,DEER2024,D24_E+_Com_v1,6/15/2026 10:46,Any,Rt3,Ex,CZ05,cPVVG,Each,1,240000,None,11300,3,0.00444,11300,3,0.00444,,,,,,,,,20,,1566500,9364.3,,,1555200,9364.3,,,,,,
NE-HVAC-AirEcono-Adjust-ExSP68F,DEER2024,D24_E+_Com_v1,6/15/2026 10:46,Any,Rt3,Ex,CZ06,cPVVG,Each,1,240000,None,12500,3.5,0,12500,3.5,0,,,,,,,,,20,,1685100,6453.9,,,1672600,6453.9,,,,,,
NE-HVAC-AirEcono-Adjust-ExSP68F,DEER2024,D24_E+_Com_v1,6/15/2026 10:46,Any,Rt3,Ex,CZ07,cPVVG,Each,1,240000,None,4250,0,0,4250,0,0,,,,,,,,,20,,1700500,6272.4,,,1696300,6272.4,,,,,,
NE-HVAC-AirEcono-Adjust-ExSP68F,DEER2024,D24_E+_Com_v1,6/15/2026 10:46,Any,Rt3,Ex,CZ08,cPVVG,Each,1,240000,None,11100,0,0.000682,11100,0,0.000682,,,,,,,,,20,,1840400,6433.3,,,1829300,6433.3,,,,,,
NE-HVAC-AirEcono-Adjust-ExSP68F,DEER2024,D24_E+_Com_v1,6/15/2026 10:46,Any,Rt3,Ex,CZ09,cPVVG,Each,1,240000,None,8810,0,0.000682,8810,0,0.000682,,,,,,,,,20,,1845000,6961.2,,,1836200,6961.2,,,,,,
NE-HVAC-AirEcono-Adjust-ExSP68F,DEER2024,D24_E+_Com_v1,6/15/2026 10:46,Any,Rt3,Ex,CZ10,cPVVG,Each,1,240000,None,11600,-0.001,0.00102,11600,-0.001,0.00102,,,,,,,,,20,,1920300,7296.7,,,1908700,7296.7,,,,,,
NE-HVAC-AirEcono-Adjust-ExSP68F,DEER2024,D24_E+_Com_v1,6/15/2026 10:46,Any,Rt3,Ex,CZ11,cPVVG,Each,1,240000,None,8110,0,0.00273,8110,0,0.00273,,,,,,,,,20,,1892900,10743,,,1884800,10743,,,,,,
NE-HVAC-AirEcono-Adjust-ExSP68F,DEER2024,D24_E+_Com_v1,6/15/2026 10:46,Any,Rt3,Ex,CZ12,cPVVG,Each,1,240000,None,8910,-0.001,0.00171,8910,-0.001,0.00171,,,,,,,,,20,,1767400,10900,,,1758500,10900,,,,,,
NE-HVAC-AirEcono-Adjust-ExSP68F,DEER2024,D24_E+_Com_v1,6/15/2026 10:46,Any,Rt3,Ex,CZ13,cPVVG,Each,1,240000,None,9750,0,0.00102,9750,0,0.00102,,,,,,,,,20,,1918400,9574.6,,,1908600,9574.6,,,,,,
NE-HVAC-AirEcono-Adjust-ExSP68F,DEER2024,D24_E+_Com_v1,6/15/2026 10:46,Any,Rt3,Ex,CZ14,cPVVG,Each,1,240000,None,8210,0,0.00239,8210,0,0.00239,,,,,,,,,20,,1902700,9378.3,,,1894500,9378.3,,,,,,
NE-HVAC-AirEcono-Adjust-ExSP68F,DEER2024,D24_E+_Com_v1,6/15/2026 10:46,Any,Rt3,Ex,CZ15,cPVVG,Each,1,240000,None,8530,0,0.000341,8530,0,0.000341,,,,,,,,,20,,2238300,5038.4,,,2229800,5038.4,,,,,,
NE-HVAC-AirEcono-Adjust-ExSP68F,DEER2024,D24_E+_Com_v1,6/15/2026 10:46,Any,Rt3,Ex,CZ16,cPVVG,Each,1,240000,None,10600,2.04,0.00034,10600,2.04,0.00034,,,,,,,,,20,,1641700,14612,,,1631100,14612,,,,,,
NE-HVAC-AirEcono-Adjust-ExSP68F,DEER2024,D24_E+_Com_v1,6/15/2026 10:46,Any,RtL,Ex,CZ01,cDXGF,Each,1,131000,None,565,0.594,0.000342,565,0.594,0.000342,,,,,,,,,20,,1765400,9933.8,,,1764900,9933.8,,,,,,
NE-HVAC-AirEcono-Adjust-ExSP68F,DEER2024,D24_E+_Com_v1,6/15/2026 10:46,Any,RtL,Ex,CZ02,cDXGF,Each,1,131000,None,8630,1.96,-0.00102,8630,1.96,-0.00102,,,,,,,,,20,,1976800,8759.3,,,1968200,8759.3,,,,,,
NE-HVAC-AirEcono-Adjust-ExSP68F,DEER2024,D24_E+_Com_v1,6/15/2026 10:46,Any,RtL,Ex,CZ03,cDXGF,Each,1,131000,None,9480,5.28,0.000342,9480,5.28,0.000342,,,,,,,,,20,,1870700,7162,,,1861200,7162,,,,,,
NE-HVAC-AirEcono-Adjust-ExSP68F,DEER2024,D24_E+_Com_v1,6/15/2026 10:46,Any,RtL,Ex,CZ04,cDXGF,Each,1,131000,None,8860,0.001,0.00307,8860,0.001,0.00307,,,,,,,,,20,,2105900,8022.2,,,2097000,8022.2,,,,,,
NE-HVAC-AirEcono-Adjust-ExSP68F,DEER2024,D24_E+_Com_v1,6/15/2026 10:46,Any,RtL,Ex,CZ05,cDXGF,Each,1,131000,None,13900,3.5,-0.00137,13900,3.5,-0.00137,,,,,,,,,20,,1906700,7039.7,,,1892900,7039.7,,,,,,
NE-HVAC-AirEcono-Adjust-ExSP68F,DEER2024,D24_E+_Com_v1,6/15/2026 10:46,Any,RtL,Ex,CZ06,cDXGF,Each,1,131000,None,14700,4.18,0,14700,4.18,0,,,,,,,,,20,,2022700,5684.3,,,2007900,5684.3,,,,,,
NE-HVAC-AirEcono-Adjust-ExSP68F,DEER2024,D24_E+_Com_v1,6/15/2026 10:46,Any,RtL,Ex,CZ07,cDXGF,Each,1,131000,None,5230,0,0,5230,0,0,,,,,,,,,20,,2033800,5586.6,,,2028500,5586.6,,,,,,
NE-HVAC-AirEcono-Adjust-ExSP68F,DEER2024,D24_E+_Com_v1,6/15/2026 10:46,Any,RtL,Ex,CZ08,cDXGF,Each,1,131000,None,12800,0,0,12800,0,0,,,,,,,,,20,,2157800,5678.7,,,2145100,5678.7,,,,,,
NE-HVAC-AirEcono-Adjust-ExSP68F,DEER2024,D24_E+_Com_v1,6/15/2026 10:46,Any,RtL,Ex,CZ09,cDXGF,Each,1,131000,None,9930,0.015,0.000341,9930,0.015,0.000341,,,,,,,,,20,,2169500,5919.3,,,2159600,5919.3,,,,,,
NE-HVAC-AirEcono-Adjust-ExSP68F,DEER2024,D24_E+_Com_v1,6/15/2026 10:46,Any,RtL,Ex,CZ10,cDXGF,Each,1,131000,None,12200,0.01,0,12200,0.01,0,,,,,,,,,20,,2200900,5819.2,,,2188700,5819.2,,,,,,
NE-HVAC-AirEcono-Adjust-ExSP68F,DEER2024,D24_E+_Com_v1,6/15/2026 10:46,Any,RtL,Ex,CZ11,cDXGF,Each,1,131000,None,9390,0,0.000341,9390,0,0.000341,,,,,,,,,20,,2207900,7993.5,,,2198500,7993.5,,,,,,
NE-HVAC-AirEcono-Adjust-ExSP68F,DEER2024,D24_E+_Com_v1,6/15/2026 10:46,Any,RtL,Ex,CZ12,cDXGF,Each,1,131000,None,10300,0,0.00102,10300,0,0.00102,,,,,,,,,20,,2093700,8201.8,,,2083400,8201.8,,,,,,
NE-HVAC-AirEcono-Adjust-ExSP68F,DEER2024,D24_E+_Com_v1,6/15/2026 10:46,Any,RtL,Ex,CZ13,cDXGF,Each,1,131000,None,11200,0.001,0,11200,0.001,0,,,,,,,,,20,,2240600,7327.9,,,2229400,7327.9,,,,,,
NE-HVAC-AirEcono-Adjust-ExSP68F,DEER2024,D24_E+_Com_v1,6/15/2026 10:46,Any,RtL,Ex,CZ14,cDXGF,Each,1,131000,None,9800,0.035,0,9800,0.035,0,,,,,,,,,20,,2264400,7544.8,,,2254600,7544.8,,,,,,
NE-HVAC-AirEcono-Adjust-ExSP68F,DEER2024,D24_E+_Com_v1,6/15/2026 10:46,Any,RtL,Ex,CZ15,cDXGF,Each,1,131000,None,10500,0,-0.000342,10500,0,-0.000342,,,,,,,,,20,,2533900,4907,,,2523400,4907,,,,,,
NE-HVAC-AirEcono-Adjust-ExSP68F,DEER2024,D24_E+_Com_v1,6/15/2026 10:46,Any,RtL,Ex,CZ16,cDXGF,Each,1,131000,None,12200,2.23,0,12200,2.23,0,,,,,,,,,20,,2075700,10495,,,2063500,10495,,,,,,
NE-HVAC-AirEcono-Adjust-ExSP68F,DEER2024,D24_E+_Com_v1,6/15/2026 10:46,Any,RtL,Ex,CZ01,cDXHP,Each,1,131000,None,558,0.61,0,558,0.61,0,,,,,,,,,20,,1795800,6144.1,,,1795200,6144.1,,,,,,
NE-HVAC-AirEcono-Adjust-ExSP68F,DEER2024,D24_E+_Com_v1,6/15/2026 10:46,Any,RtL,Ex,CZ02,cDXHP,Each,1,131000,None,8700,1.95,0,8700,1.95,0,,,,,,,,,20,,2004500,5837.9,,,1995800,5837.9,,,,,,
NE-HVAC-AirEcono-Adjust-ExSP68F,DEER2024,D24_E+_Com_v1,6/15/2026 10:46,Any,RtL,Ex,CZ03,cDXHP,Each,1,131000,None,9190,5.29,0,9190,5.29,0,,,,,,,,,20,,1881000,5787.1,,,1871900,5787.1,,,,,,
NE-HVAC-AirEcono-Adjust-ExSP68F,DEER2024,D24_E+_Com_v1,6/15/2026 10:46,Any,RtL,Ex,CZ04,cDXHP,Each,1,131000,None,9000,0,0,9000,0,0,,,,,,,,,20,,2134500,5659.6,,,2125500,5659.6,,,,,,
NE-HVAC-AirEcono-Adjust-ExSP68F,DEER2024,D24_E+_Com_v1,6/15/2026 10:46,Any,RtL,Ex,CZ05,cDXHP,Each,1,131000,None,13300,3.58,0,13300,3.58,0,,,,,,,,,20,,1917000,5807.8,,,1903700,5807.8,,,,,,
NE-HVAC-AirEcono-Adjust-ExSP68F,DEER2024,D24_E+_Com_v1,6/15/2026 10:46,Any,RtL,Ex,CZ06,cDXHP,Each,1,131000,None,15100,4.25,0,15100,4.25,0,,,,,,,,,20,,2017900,5450.1,,,2002800,5450.1,,,,,,
NE-HVAC-AirEcono-Adjust-ExSP68F,DEER2024,D24_E+_Com_v1,6/15/2026 10:46,Any,RtL,Ex,CZ07,cDXHP,Each,1,131000,None,5070,0,0,5070,0,0,,,,,,,,,20,,2029100,5407.1,,,2024000,5407.1,,,,,,
NE-HVAC-AirEcono-Adjust-ExSP68F,DEER2024,D24_E+_Com_v1,6/15/2026 10:46,Any,RtL,Ex,CZ08,cDXHP,Each,1,131000,None,12700,0.001,0,12700,0.001,0,,,,,,,,,20,,2155600,5321.8,,,2142900,5321.8,,,,,,
NE-HVAC-AirEcono-Adjust-ExSP68F,DEER2024,D24_E+_Com_v1,6/15/2026 10:46,Any,RtL,Ex,CZ09,cDXHP,Each,1,131000,None,9920,0.015,0,9920,0.015,0,,,,,,,,,20,,2172700,5351.1,,,2162800,5351.1,,,,,,
NE-HVAC-AirEcono-Adjust-ExSP68F,DEER2024,D24_E+_Com_v1,6/15/2026 10:46,Any,RtL,Ex,CZ10,cDXHP,Each,1,131000,None,12300,0.011,0,12300,0.011,0,,,,,,,,,20,,2205300,5299.3,,,2193100,5299.3,,,,,,
NE-HVAC-AirEcono-Adjust-ExSP68F,DEER2024,D24_E+_Com_v1,6/15/2026 10:46,Any,RtL,Ex,CZ11,cDXHP,Each,1,131000,None,9550,0,0,9550,0,0,,,,,,,,,20,,2237900,5402.8,,,2228400,5402.8,,,,,,
NE-HVAC-AirEcono-Adjust-ExSP68F,DEER2024,D24_E+_Com_v1,6/15/2026 10:46,Any,RtL,Ex,CZ12,cDXHP,Each,1,131000,None,10300,-0.001,0,10300,-0.001,0,,,,,,,,,20,,2119700,5594.6,,,2109300,5594.6,,,,,,
NE-HVAC-AirEcono-Adjust-ExSP68F,DEER2024,D24_E+_Com_v1,6/15/2026 10:46,Any,RtL,Ex,CZ13,cDXHP,Each,1,131000,None,11400,0.001,0,11400,0.001,0,,,,,,,,,20,,2265400,5319.3,,,2254000,5319.3,,,,,,
NE-HVAC-AirEcono-Adjust-ExSP68F,DEER2024,D24_E+_Com_v1,6/15/2026 10:46,Any,RtL,Ex,CZ14,cDXHP,Each,1,131000,None,9940,0.034,0,9940,0.034,0,,,,,,,,,20,,2292400,5435.2,,,2282400,5435.2,,,,,,
NE-HVAC-AirEcono-Adjust-ExSP68F,DEER2024,D24_E+_Com_v1,6/15/2026 10:46,Any,RtL,Ex,CZ15,cDXHP,Each,1,131000,None,10600,0,0,10600,0,0,,,,,,,,,20,,2545200,4687.1,,,2534600,4687.1,,,,,,
NE-HVAC-AirEcono-Adjust-ExSP68F,DEER2024,D24_E+_Com_v1,6/15/2026 10:46,Any,RtL,Ex,CZ16,cDXHP,Each,1,131000,None,12300,2.26,0,12300,2.26,0,,,,,,,,,20,,2127300,6043.6,,,2114900,6043.6,,,,,,
NE-HVAC-AirEcono-Adjust-ExSP68F,DEER2024,D24_E+_Com_v1,6/15/2026 10:46,Any,RtL,Ex,CZ01,cDXOH,Each,1,131000,None,562,0.595,0,562,0.595,0,,,,,,,,,20,,1767000,6145.2,,,1766500,6145.2,,,,,,
NE-HVAC-AirEcono-Adjust-ExSP68F,DEER2024,D24_E+_Com_v1,6/15/2026 10:46,Any,RtL,Ex,CZ02,cDXOH,Each,1,131000,None,8600,1.96,0,8600,1.96,0,,,,,,,,,20,,1977000,5838.8,,,1968400,5838.8,,,,,,
NE-HVAC-AirEcono-Adjust-ExSP68F,DEER2024,D24_E+_Com_v1,6/15/2026 10:46,Any,RtL,Ex,CZ03,cDXOH,Each,1,131000,None,9470,5.28,0,9470,5.28,0,,,,,,,,,20,,1870800,5787.1,,,1861300,5787.1,,,,,,
NE-HVAC-AirEcono-Adjust-ExSP68F,DEER2024,D24_E+_Com_v1,6/15/2026 10:46,Any,RtL,Ex,CZ04,cDXOH,Each,1,131000,None,8810,0.001,0,8810,0.001,0,,,,,,,,,20,,2105500,5659.8,,,2096700,5659.8,,,,,,
NE-HVAC-AirEcono-Adjust-ExSP68F,DEER2024,D24_E+_Com_v1,6/15/2026 10:46,Any,RtL,Ex,CZ05,cDXOH,Each,1,131000,None,13800,3.5,0,13800,3.5,0,,,,,,,,,20,,1906100,5807.8,,,1892200,5807.8,,,,,,
NE-HVAC-AirEcono-Adjust-ExSP68F,DEER2024,D24_E+_Com_v1,6/15/2026 10:46,Any,RtL,Ex,CZ06,cDXOH,Each,1,131000,None,14700,4.18,0,14700,4.18,0,,,,,,,,,20,,2022500,5450.1,,,2007800,5450.1,,,,,,
NE-HVAC-AirEcono-Adjust-ExSP68F,DEER2024,D24_E+_Com_v1,6/15/2026 10:46,Any,RtL,Ex,CZ07,cDXOH,Each,1,131000,None,5230,0,0,5230,0,0,,,,,,,,,20,,2033700,5407.1,,,2028400,5407.1,,,,,,
NE-HVAC-AirEcono-Adjust-ExSP68F,DEER2024,D24_E+_Com_v1,6/15/2026 10:46,Any,RtL,Ex,CZ08,cDXOH,Each,1,131000,None,12800,0,0,12800,0,0,,,,,,,,,20,,2157500,5321.8,,,2144800,5321.8,,,,,,
NE-HVAC-AirEcono-Adjust-ExSP68F,DEER2024,D24_E+_Com_v1,6/15/2026 10:46,Any,RtL,Ex,CZ09,cDXOH,Each,1,131000,None,9920,0.015,0,9920,0.015,0,,,,,,,,,20,,2169200,5351.1,,,2159300,5351.1,,,,,,
NE-HVAC-AirEcono-Adjust-ExSP68F,DEER2024,D24_E+_Com_v1,6/15/2026 10:46,Any,RtL,Ex,CZ10,cDXOH,Each,1,131000,None,12200,0.01,0,12200,0.01,0,,,,,,,,,20,,2200600,5299.3,,,2188400,5299.3,,,,,,
NE-HVAC-AirEcono-Adjust-ExSP68F,DEER2024,D24_E+_Com_v1,6/15/2026 10:46,Any,RtL,Ex,CZ11,cDXOH,Each,1,131000,None,9360,0,0,9360,0,0,,,,,,,,,20,,2209600,5404.9,,,2200200,5404.9,,,,,,
NE-HVAC-AirEcono-Adjust-ExSP68F,DEER2024,D24_E+_Com_v1,6/15/2026 10:46,Any,RtL,Ex,CZ12,cDXOH,Each,1,131000,None,10200,0,0,10200,0,0,,,,,,,,,20,,2094800,5595.1,,,2084600,5595.1,,,,,,
NE-HVAC-AirEcono-Adjust-ExSP68F,DEER2024,D24_E+_Com_v1,6/15/2026 10:46,Any,RtL,Ex,CZ13,cDXOH,Each,1,131000,None,11200,0.001,0,11200,0.001,0,,,,,,,,,20,,2241400,5319.3,,,2230200,5319.3,,,,,,
NE-HVAC-AirEcono-Adjust-ExSP68F,DEER2024,D24_E+_Com_v1,6/15/2026 10:46,Any,RtL,Ex,CZ14,cDXOH,Each,1,131000,None,9770,0.035,0,9770,0.035,0,,,,,,,,,20,,2265100,5436.3,,,2255300,5436.3,,,,,,
NE-HVAC-AirEcono-Adjust-ExSP68F,DEER2024,D24_E+_Com_v1,6/15/2026 10:46,Any,RtL,Ex,CZ15,cDXOH,Each,1,131000,None,10500,0,0,10500,0,0,,,,,,,,,20,,2533800,4687.1,,,2523300,4687.1,,,,,,
NE-HVAC-AirEcono-Adjust-ExSP68F,DEER2024,D24_E+_Com_v1,6/15/2026 10:46,Any,RtL,Ex,CZ16,cDXOH,Each,1,131000,None,12200,2.23,0,12200,2.23,0,,,,,,,,,20,,2082400,6048.3,,,2070300,6048.3,,,,,,
NE-HVAC-AirEcono-Adjust-ExSP68F,DEER2024,D24_E+_Com_v1,6/15/2026 10:46,Any,RtL,Ex,CZ01,cPVVG,Each,1,131000,None,429,0.459,0.00205,429,0.459,0.00205,,,,,,,,,20,,1447500,13529,,,1447000,13529,,,,,,
NE-HVAC-AirEcono-Adjust-ExSP68F,DEER2024,D24_E+_Com_v1,6/15/2026 10:46,Any,RtL,Ex,CZ02,cPVVG,Each,1,131000,None,6700,1.51,0.0099,6700,1.51,0.0099,,,,,,,,,20,,1661400,11280,,,1654700,11280,,,,,,
NE-HVAC-AirEcono-Adjust-ExSP68F,DEER2024,D24_E+_Com_v1,6/15/2026 10:46,Any,RtL,Ex,CZ03,cPVVG,Each,1,131000,None,7490,4.03,0.00137,7490,4.03,0.00137,,,,,,,,,20,,1564600,8803.3,,,1557100,8803.3,,,,,,
NE-HVAC-AirEcono-Adjust-ExSP68F,DEER2024,D24_E+_Com_v1,6/15/2026 10:46,Any,RtL,Ex,CZ04,cPVVG,Each,1,131000,None,7000,0.002,0.0123,7000,0.002,0.0123,,,,,,,,,20,,1792600,10145,,,1785600,10145,,,,,,
NE-HVAC-AirEcono-Adjust-ExSP68F,DEER2024,D24_E+_Com_v1,6/15/2026 10:46,Any,RtL,Ex,CZ05,cPVVG,Each,1,131000,None,10800,2.73,0.00546,10800,2.73,0.00546,,,,,,,,,20,,1591500,8523.1,,,1580700,8523.1,,,,,,
NE-HVAC-AirEcono-Adjust-ExSP68F,DEER2024,D24_E+_Com_v1,6/15/2026 10:46,Any,RtL,Ex,CZ06,cPVVG,Each,1,131000,None,11800,3.29,0,11800,3.29,0,,,,,,,,,20,,1715700,6088.3,,,1703900,6088.3,,,,,,
NE-HVAC-AirEcono-Adjust-ExSP68F,DEER2024,D24_E+_Com_v1,6/15/2026 10:46,Any,RtL,Ex,CZ07,cPVVG,Each,1,131000,None,4050,0,0,4050,0,0,,,,,,,,,20,,1723300,5925.5,,,1719300,5925.5,,,,,,
NE-HVAC-AirEcono-Adjust-ExSP68F,DEER2024,D24_E+_Com_v1,6/15/2026 10:46,Any,RtL,Ex,CZ08,cPVVG,Each,1,131000,None,10100,0.002,0.00273,10100,0.002,0.00273,,,,,,,,,20,,1859200,6249.8,,,1849100,6249.8,,,,,,
NE-HVAC-AirEcono-Adjust-ExSP68F,DEER2024,D24_E+_Com_v1,6/15/2026 10:46,Any,RtL,Ex,CZ09,cPVVG,Each,1,131000,None,7970,0.023,0.00171,7970,0.023,0.00171,,,,,,,,,20,,1861000,6683.5,,,1853000,6683.5,,,,,,
NE-HVAC-AirEcono-Adjust-ExSP68F,DEER2024,D24_E+_Com_v1,6/15/2026 10:46,Any,RtL,Ex,CZ10,cPVVG,Each,1,131000,None,9820,0.01,0.00375,9820,0.01,0.00375,,,,,,,,,20,,1901800,6556.8,,,1892000,6556.8,,,,,,
NE-HVAC-AirEcono-Adjust-ExSP68F,DEER2024,D24_E+_Com_v1,6/15/2026 10:46,Any,RtL,Ex,CZ11,cPVVG,Each,1,131000,None,7490,0,0.00682,7490,0,0.00682,,,,,,,,,20,,1905900,10238,,,1898400,10238,,,,,,
NE-HVAC-AirEcono-Adjust-ExSP68F,DEER2024,D24_E+_Com_v1,6/15/2026 10:46,Any,RtL,Ex,CZ12,cPVVG,Each,1,131000,None,8220,-0.001,0.00512,8220,-0.001,0.00512,,,,,,,,,20,,1787400,10444,,,1779200,10444,,,,,,
NE-HVAC-AirEcono-Adjust-ExSP68F,DEER2024,D24_E+_Com_v1,6/15/2026 10:46,Any,RtL,Ex,CZ13,cPVVG,Each,1,131000,None,9210,0.001,0.00205,9210,0.001,0.00205,,,,,,,,,20,,1939000,9362.7,,,1929800,9362.7,,,,,,
NE-HVAC-AirEcono-Adjust-ExSP68F,DEER2024,D24_E+_Com_v1,6/15/2026 10:46,Any,RtL,Ex,CZ14,cPVVG,Each,1,131000,None,8060,0.038,0.0041,8060,0.038,0.0041,,,,,,,,,20,,1934600,9491.9,,,1926600,9491.9,,,,,,
NE-HVAC-AirEcono-Adjust-ExSP68F,DEER2024,D24_E+_Com_v1,6/15/2026 10:46,Any,RtL,Ex,CZ15,cPVVG,Each,1,131000,None,8360,0,0.00171,8360,0,0.00171,,,,,,,,,20,,2266000,5268.7,,,2257600,5268.7,,,,,,
NE-HVAC-AirEcono-Adjust-ExSP68F,DEER2024,D24_E+_Com_v1,6/15/2026 10:46,Any,RtL,Ex,CZ16,cPVVG,Each,1,131000,None,10400,1.91,0,10400,1.91,0,,,,,,,,,20,,1670100,14750,,,1659800,14750,,,,,,
NE-HVAC-AirEcono-Adjust-ExSP68F,DEER2024,D24_E+_Com_v1,6/15/2026 10:46,Any,RtS,Ex,CZ01,cDXGF,Each,1,16000,None,29.8,0.032,0,29.8,0.032,0,,,,,,,,,20,,98952,1350.1,,,98922,1350.1,,,,,,
NE-HVAC-AirEcono-Adjust-ExSP68F,DEER2024,D24_E+_Com_v1,6/15/2026 10:46,Any,RtS,Ex,CZ02,cDXGF,Each,1,16000,None,623,0.144,0.000341,623,0.144,0.000341,,,,,,,,,20,,119420,1115.2,,,118800,1115.2,,,,,,
NE-HVAC-AirEcono-Adjust-ExSP68F,DEER2024,D24_E+_Com_v1,6/15/2026 10:46,Any,RtS,Ex,CZ03,cDXGF,Each,1,16000,None,652,0.366,-0.000341,652,0.366,-0.000341,,,,,,,,,20,,110150,867.34,,,109490,867.34,,,,,,
NE-HVAC-AirEcono-Adjust-ExSP68F,DEER2024,D24_E+_Com_v1,6/15/2026 10:46,Any,RtS,Ex,CZ04,cDXGF,Each,1,16000,None,648,0,0,648,0,0,,,,,,,,,20,,129810,970.67,,,129160,970.67,,,,,,
NE-HVAC-AirEcono-Adjust-ExSP68F,DEER2024,D24_E+_Com_v1,6/15/2026 10:46,Any,RtS,Ex,CZ05,cDXGF,Each,1,16000,None,944,0.248,0,944,0.248,0,,,,,,,,,20,,113170,816.02,,,112230,816.02,,,,,,
NE-HVAC-AirEcono-Adjust-ExSP68F,DEER2024,D24_E+_Com_v1,6/15/2026 10:46,Any,RtS,Ex,CZ06,cDXGF,Each,1,16000,None,922,0.272,0,922,0.272,0,,,,,,,,,20,,119410,590.8,,,118490,590.8,,,,,,
NE-HVAC-AirEcono-Adjust-ExSP68F,DEER2024,D24_E+_Com_v1,6/15/2026 10:46,Any,RtS,Ex,CZ07,cDXGF,Each,1,16000,None,343,0,-0.000341,343,0,-0.000341,,,,,,,,,20,,120340,576.49,,,120000,576.49,,,,,,
NE-HVAC-AirEcono-Adjust-ExSP68F,DEER2024,D24_E+_Com_v1,6/15/2026 10:46,Any,RtS,Ex,CZ08,cDXGF,Each,1,16000,None,938,0,-0.000341,938,0,-0.000341,,,,,,,,,20,,132740,596.26,,,131800,596.26,,,,,,
NE-HVAC-AirEcono-Adjust-ExSP68F,DEER2024,D24_E+_Com_v1,6/15/2026 10:46,Any,RtS,Ex,CZ09,cDXGF,Each,1,16000,None,737,0,-0.000341,737,0,-0.000341,,,,,,,,,20,,134790,636.15,,,134050,636.15,,,,,,
NE-HVAC-AirEcono-Adjust-ExSP68F,DEER2024,D24_E+_Com_v1,6/15/2026 10:46,Any,RtS,Ex,CZ10,cDXGF,Each,1,16000,None,963,0,0,963,0,0,,,,,,,,,20,,139660,660.48,,,138700,660.48,,,,,,
NE-HVAC-AirEcono-Adjust-ExSP68F,DEER2024,D24_E+_Com_v1,6/15/2026 10:46,Any,RtS,Ex,CZ11,cDXGF,Each,1,16000,None,692,0,-0.000341,692,0,-0.000341,,,,,,,,,20,,139550,1021.2,,,138860,1021.2,,,,,,
NE-HVAC-AirEcono-Adjust-ExSP68F,DEER2024,D24_E+_Com_v1,6/15/2026 10:46,Any,RtS,Ex,CZ12,cDXGF,Each,1,16000,None,724,0,0,724,0,0,,,,,,,,,20,,127820,1038.4,,,127090,1038.4,,,,,,
NE-HVAC-AirEcono-Adjust-ExSP68F,DEER2024,D24_E+_Com_v1,6/15/2026 10:46,Any,RtS,Ex,CZ13,cDXGF,Each,1,16000,None,809,0,0,809,0,0,,,,,,,,,20,,140790,923.61,,,139980,923.61,,,,,,
NE-HVAC-AirEcono-Adjust-ExSP68F,DEER2024,D24_E+_Com_v1,6/15/2026 10:46,Any,RtS,Ex,CZ14,cDXGF,Each,1,16000,None,648,0,-0.000341,648,0,-0.000341,,,,,,,,,20,,138370,834.89,,,137730,834.89,,,,,,
NE-HVAC-AirEcono-Adjust-ExSP68F,DEER2024,D24_E+_Com_v1,6/15/2026 10:46,Any,RtS,Ex,CZ15,cDXGF,Each,1,16000,None,764,0,0,764,0,0,,,,,,,,,20,,167420,491.08,,,166650,491.08,,,,,,
NE-HVAC-AirEcono-Adjust-ExSP68F,DEER2024,D24_E+_Com_v1,6/15/2026 10:46,Any,RtS,Ex,CZ16,cDXGF,Each,1,16000,None,755,0.204,0,755,0.204,0,,,,,,,,,20,,122140,1367.5,,,121390,1367.5,,,,,,
NE-HVAC-AirEcono-Adjust-ExSP68F,DEER2024,D24_E+_Com_v1,6/15/2026 10:46,Any,RtS,Ex,CZ01,cDXHP,Each,1,16000,None,28,0.033,0,28,0.033,0,,,,,,,,,20,,104800,569.3,,,104770,569.3,,,,,,
NE-HVAC-AirEcono-Adjust-ExSP68F,DEER2024,D24_E+_Com_v1,6/15/2026 10:46,Any,RtS,Ex,CZ02,cDXHP,Each,1,16000,None,627,0.145,0,627,0.145,0,,,,,,,,,20,,124040,545.01,,,123410,545.01,,,,,,
NE-HVAC-AirEcono-Adjust-ExSP68F,DEER2024,D24_E+_Com_v1,6/15/2026 10:46,Any,RtS,Ex,CZ03,cDXHP,Each,1,16000,None,642,0.376,0,642,0.376,0,,,,,,,,,20,,112490,540.98,,,111840,540.98,,,,,,
NE-HVAC-AirEcono-Adjust-ExSP68F,DEER2024,D24_E+_Com_v1,6/15/2026 10:46,Any,RtS,Ex,CZ04,cDXHP,Each,1,16000,None,652,0,0,652,0,0,,,,,,,,,20,,133600,530.85,,,132950,530.85,,,,,,
NE-HVAC-AirEcono-Adjust-ExSP68F,DEER2024,D24_E+_Com_v1,6/15/2026 10:46,Any,RtS,Ex,CZ05,cDXHP,Each,1,16000,None,934,0.254,0,934,0.254,0,,,,,,,,,20,,115220,542.64,,,114290,542.64,,,,,,
NE-HVAC-AirEcono-Adjust-ExSP68F,DEER2024,D24_E+_Com_v1,6/15/2026 10:46,Any,RtS,Ex,CZ06,cDXHP,Each,1,16000,None,969,0.276,0,969,0.276,0,,,,,,,,,20,,119640,514.22,,,118680,514.22,,,,,,
NE-HVAC-AirEcono-Adjust-ExSP68F,DEER2024,D24_E+_Com_v1,6/15/2026 10:46,Any,RtS,Ex,CZ07,cDXHP,Each,1,16000,None,337,0,0,337,0,0,,,,,,,,,20,,120560,510.81,,,120220,510.81,,,,,,
NE-HVAC-AirEcono-Adjust-ExSP68F,DEER2024,D24_E+_Com_v1,6/15/2026 10:46,Any,RtS,Ex,CZ08,cDXHP,Each,1,16000,None,939,0,0,939,0,0,,,,,,,,,20,,133310,504.03,,,132370,504.03,,,,,,
NE-HVAC-AirEcono-Adjust-ExSP68F,DEER2024,D24_E+_Com_v1,6/15/2026 10:46,Any,RtS,Ex,CZ09,cDXHP,Each,1,16000,None,738,0,0,738,0,0,,,,,,,,,20,,135710,506.35,,,134980,506.35,,,,,,
NE-HVAC-AirEcono-Adjust-ExSP68F,DEER2024,D24_E+_Com_v1,6/15/2026 10:46,Any,RtS,Ex,CZ10,cDXHP,Each,1,16000,None,963,0,0,963,0,0,,,,,,,,,20,,140810,502.24,,,139840,502.24,,,,,,
NE-HVAC-AirEcono-Adjust-ExSP68F,DEER2024,D24_E+_Com_v1,6/15/2026 10:46,Any,RtS,Ex,CZ11,cDXHP,Each,1,16000,None,693,0,0,693,0,0,,,,,,,,,20,,143590,510.42,,,142900,510.42,,,,,,
NE-HVAC-AirEcono-Adjust-ExSP68F,DEER2024,D24_E+_Com_v1,6/15/2026 10:46,Any,RtS,Ex,CZ12,cDXHP,Each,1,16000,None,725,0,0,725,0,0,,,,,,,,,20,,131870,525.67,,,131140,525.67,,,,,,
NE-HVAC-AirEcono-Adjust-ExSP68F,DEER2024,D24_E+_Com_v1,6/15/2026 10:46,Any,RtS,Ex,CZ13,cDXHP,Each,1,16000,None,810,0,0,810,0,0,,,,,,,,,20,,144080,503.8,,,143270,503.8,,,,,,
NE-HVAC-AirEcono-Adjust-ExSP68F,DEER2024,D24_E+_Com_v1,6/15/2026 10:46,Any,RtS,Ex,CZ14,cDXHP,Each,1,16000,None,650,0,0,650,0,0,,,,,,,,,20,,141330,512.98,,,140680,512.98,,,,,,
NE-HVAC-AirEcono-Adjust-ExSP68F,DEER2024,D24_E+_Com_v1,6/15/2026 10:46,Any,RtS,Ex,CZ15,cDXHP,Each,1,16000,None,765,0,0,765,0,0,,,,,,,,,20,,167780,453.59,,,167020,453.59,,,,,,
NE-HVAC-AirEcono-Adjust-ExSP68F,DEER2024,D24_E+_Com_v1,6/15/2026 10:46,Any,RtS,Ex,CZ16,cDXHP,Each,1,16000,None,766,0.206,0,766,0.206,0,,,,,,,,,20,,130800,561.18,,,130030,561.18,,,,,,
NE-HVAC-AirEcono-Adjust-ExSP68F,DEER2024,D24_E+_Com_v1,6/15/2026 10:46,Any,RtS,Ex,CZ01,cDXOH,Each,1,16000,None,29.3,0.031,0,29.3,0.031,0,,,,,,,,,20,,99875,569.3,,,99846,569.3,,,,,,
NE-HVAC-AirEcono-Adjust-ExSP68F,DEER2024,D24_E+_Com_v1,6/15/2026 10:46,Any,RtS,Ex,CZ02,cDXOH,Each,1,16000,None,620,0.144,0,620,0.144,0,,,,,,,,,20,,120230,545.01,,,119610,545.01,,,,,,
NE-HVAC-AirEcono-Adjust-ExSP68F,DEER2024,D24_E+_Com_v1,6/15/2026 10:46,Any,RtS,Ex,CZ03,cDXOH,Each,1,16000,None,651,0.366,0,651,0.366,0,,,,,,,,,20,,110360,540.98,,,109710,540.98,,,,,,
NE-HVAC-AirEcono-Adjust-ExSP68F,DEER2024,D24_E+_Com_v1,6/15/2026 10:46,Any,RtS,Ex,CZ04,cDXOH,Each,1,16000,None,645,0,0,645,0,0,,,,,,,,,20,,130170,530.85,,,129520,530.85,,,,,,
NE-HVAC-AirEcono-Adjust-ExSP68F,DEER2024,D24_E+_Com_v1,6/15/2026 10:46,Any,RtS,Ex,CZ05,cDXOH,Each,1,16000,None,942,0.247,0,942,0.247,0,,,,,,,,,20,,113220,542.63,,,112280,542.63,,,,,,
NE-HVAC-AirEcono-Adjust-ExSP68F,DEER2024,D24_E+_Com_v1,6/15/2026 10:46,Any,RtS,Ex,CZ06,cDXOH,Each,1,16000,None,921,0.272,0,921,0.272,0,,,,,,,,,20,,119390,514.22,,,118470,514.22,,,,,,
NE-HVAC-AirEcono-Adjust-ExSP68F,DEER2024,D24_E+_Com_v1,6/15/2026 10:46,Any,RtS,Ex,CZ07,cDXOH,Each,1,16000,None,343,0,0,343,0,0,,,,,,,,,20,,120320,510.81,,,119980,510.81,,,,,,
NE-HVAC-AirEcono-Adjust-ExSP68F,DEER2024,D24_E+_Com_v1,6/15/2026 10:46,Any,RtS,Ex,CZ08,cDXOH,Each,1,16000,None,937,0,0,937,0,0,,,,,,,,,20,,132690,504.03,,,131750,504.03,,,,,,
NE-HVAC-AirEcono-Adjust-ExSP68F,DEER2024,D24_E+_Com_v1,6/15/2026 10:46,Any,RtS,Ex,CZ09,cDXOH,Each,1,16000,None,736,0,0,736,0,0,,,,,,,,,20,,134770,506.35,,,134030,506.35,,,,,,
NE-HVAC-AirEcono-Adjust-ExSP68F,DEER2024,D24_E+_Com_v1,6/15/2026 10:46,Any,RtS,Ex,CZ10,cDXOH,Each,1,16000,None,961,0,0,961,0,0,,,,,,,,,20,,139680,502.24,,,138720,502.24,,,,,,
NE-HVAC-AirEcono-Adjust-ExSP68F,DEER2024,D24_E+_Com_v1,6/15/2026 10:46,Any,RtS,Ex,CZ11,cDXOH,Each,1,16000,None,690,0,0,690,0,0,,,,,,,,,20,,140520,510.41,,,139830,510.41,,,,,,
NE-HVAC-AirEcono-Adjust-ExSP68F,DEER2024,D24_E+_Com_v1,6/15/2026 10:46,Any,RtS,Ex,CZ12,cDXOH,Each,1,16000,None,721,0,0,721,0,0,,,,,,,,,20,,128750,525.67,,,128030,525.67,,,,,,
NE-HVAC-AirEcono-Adjust-ExSP68F,DEER2024,D24_E+_Com_v1,6/15/2026 10:46,Any,RtS,Ex,CZ13,cDXOH,Each,1,16000,None,807,0,0,807,0,0,,,,,,,,,20,,141690,503.81,,,140880,503.81,,,,,,
NE-HVAC-AirEcono-Adjust-ExSP68F,DEER2024,D24_E+_Com_v1,6/15/2026 10:46,Any,RtS,Ex,CZ14,cDXOH,Each,1,16000,None,646,0,0,646,0,0,,,,,,,,,20,,138710,512.99,,,138060,512.99,,,,,,
NE-HVAC-AirEcono-Adjust-ExSP68F,DEER2024,D24_E+_Com_v1,6/15/2026 10:46,Any,RtS,Ex,CZ15,cDXOH,Each,1,16000,None,763,0,0,763,0,0,,,,,,,,,20,,167410,453.59,,,166650,453.59,,,,,,
NE-HVAC-AirEcono-Adjust-ExSP68F,DEER2024,D24_E+_Com_v1,6/15/2026 10:46,Any,RtS,Ex,CZ16,cDXOH,Each,1,16000,None,754,0.204,0,754,0.204,0,,,,,,,,,20,,124020,561.18,,,123270,561.18,,,,,,
NE-HVAC-AirEcono-Adjust-ExSP68F,DEER2024,D24_E+_Com_v1,6/15/2026 10:46,Any,RtS,Ex,CZ01,cPVVG,Each,1,16000,None,22.5,0.023,0,22.5,0.023,0,,,,,,,,,20,,80144,1708.5,,,80121,1708.5,,,,,,
NE-HVAC-AirEcono-Adjust-ExSP68F,DEER2024,D24_E+_Com_v1,6/15/2026 10:46,Any,RtS,Ex,CZ02,cPVVG,Each,1,16000,None,457,0.107,0,457,0.107,0,,,,,,,,,20,,95946,1407.3,,,95489,1407.3,,,,,,
NE-HVAC-AirEcono-Adjust-ExSP68F,DEER2024,D24_E+_Com_v1,6/15/2026 10:46,Any,RtS,Ex,CZ03,cPVVG,Each,1,16000,None,479,0.274,0.000342,479,0.274,0.000342,,,,,,,,,20,,88413,1075.8,,,87934,1075.8,,,,,,
NE-HVAC-AirEcono-Adjust-ExSP68F,DEER2024,D24_E+_Com_v1,6/15/2026 10:46,Any,RtS,Ex,CZ04,cPVVG,Each,1,16000,None,484,0,0,484,0,0,,,,,,,,,20,,106070,1206.8,,,105590,1206.8,,,,,,
NE-HVAC-AirEcono-Adjust-ExSP68F,DEER2024,D24_E+_Com_v1,6/15/2026 10:46,Any,RtS,Ex,CZ05,cPVVG,Each,1,16000,None,710,0.186,0.000683,710,0.186,0.000683,,,,,,,,,20,,90443,1017.4,,,89732,1017.4,,,,,,
NE-HVAC-AirEcono-Adjust-ExSP68F,DEER2024,D24_E+_Com_v1,6/15/2026 10:46,Any,RtS,Ex,CZ06,cPVVG,Each,1,16000,None,717,0.212,0,717,0.212,0,,,,,,,,,20,,99394,662.95,,,98677,662.95,,,,,,
NE-HVAC-AirEcono-Adjust-ExSP68F,DEER2024,D24_E+_Com_v1,6/15/2026 10:46,Any,RtS,Ex,CZ07,cPVVG,Each,1,16000,None,255,0,0,255,0,0,,,,,,,,,20,,99490,645.01,,,99234,645.01,,,,,,
NE-HVAC-AirEcono-Adjust-ExSP68F,DEER2024,D24_E+_Com_v1,6/15/2026 10:46,Any,RtS,Ex,CZ08,cPVVG,Each,1,16000,None,715,0,0,715,0,0,,,,,,,,,20,,110770,674.63,,,110060,674.63,,,,,,
NE-HVAC-AirEcono-Adjust-ExSP68F,DEER2024,D24_E+_Com_v1,6/15/2026 10:46,Any,RtS,Ex,CZ09,cPVVG,Each,1,16000,None,576,0,0,576,0,0,,,,,,,,,20,,111870,735.54,,,111300,735.54,,,,,,
NE-HVAC-AirEcono-Adjust-ExSP68F,DEER2024,D24_E+_Com_v1,6/15/2026 10:46,Any,RtS,Ex,CZ10,cPVVG,Each,1,16000,None,741,0,0,741,0,0,,,,,,,,,20,,115660,781.21,,,114920,781.21,,,,,,
NE-HVAC-AirEcono-Adjust-ExSP68F,DEER2024,D24_E+_Com_v1,6/15/2026 10:46,Any,RtS,Ex,CZ11,cPVVG,Each,1,16000,None,528,0,-0.000341,528,0,-0.000341,,,,,,,,,20,,116520,1269.3,,,115990,1269.3,,,,,,
NE-HVAC-AirEcono-Adjust-ExSP68F,DEER2024,D24_E+_Com_v1,6/15/2026 10:46,Any,RtS,Ex,CZ12,cPVVG,Each,1,16000,None,544,0,0,544,0,0,,,,,,,,,20,,105660,1283.7,,,105120,1283.7,,,,,,
NE-HVAC-AirEcono-Adjust-ExSP68F,DEER2024,D24_E+_Com_v1,6/15/2026 10:46,Any,RtS,Ex,CZ13,cPVVG,Each,1,16000,None,626,0,-0.000341,626,0,-0.000341,,,,,,,,,20,,118600,1138.8,,,117970,1138.8,,,,,,
NE-HVAC-AirEcono-Adjust-ExSP68F,DEER2024,D24_E+_Com_v1,6/15/2026 10:46,Any,RtS,Ex,CZ14,cPVVG,Each,1,16000,None,503,0,-0.000342,503,0,-0.000342,,,,,,,,,20,,115680,1020.6,,,115180,1020.6,,,,,,
NE-HVAC-AirEcono-Adjust-ExSP68F,DEER2024,D24_E+_Com_v1,6/15/2026 10:46,Any,RtS,Ex,CZ15,cPVVG,Each,1,16000,None,572,0,-0.000341,572,0,-0.000341,,,,,,,,,20,,144430,534.16,,,143860,534.16,,,,,,
NE-HVAC-AirEcono-Adjust-ExSP68F,DEER2024,D24_E+_Com_v1,6/15/2026 10:46,Any,RtS,Ex,CZ16,cPVVG,Each,1,16000,None,630,0.155,0,630,0.155,0,,,,,,,,,20,,96432,1752.3,,,95802,1752.3,,,,,,
NE-HVAC-AirEcono-Adjust-ExSP68F,DEER2024,D24_E+_Com_v1,6/15/2026 10:46,Any,SCn,Ex,CZ01,cDXGF,Each,1,500000,None,1220,1.94,-0.00307,1220,1.94,-0.00307,,,,,,,,,20,,2869400,56285,,,2868200,56285,,,,,,
NE-HVAC-AirEcono-Adjust-ExSP68F,DEER2024,D24_E+_Com_v1,6/15/2026 10:46,Any,SCn,Ex,CZ02,cDXGF,Each,1,500000,None,23600,5.98,-0.00512,23600,5.98,-0.00512,,,,,,,,,20,,3197000,36334,,,3173400,36334,,,,,,
NE-HVAC-AirEcono-Adjust-ExSP68F,DEER2024,D24_E+_Com_v1,6/15/2026 10:46,Any,SCn,Ex,CZ03,cDXGF,Each,1,500000,None,23800,14.4,-0.00239,23800,14.4,-0.00239,,,,,,,,,20,,2799200,28292,,,2775400,28292,,,,,,
NE-HVAC-AirEcono-Adjust-ExSP68F,DEER2024,D24_E+_Com_v1,6/15/2026 10:46,Any,SCn,Ex,CZ04,cDXGF,Each,1,500000,None,25100,0.032,-0.0307,25100,0.032,-0.0307,,,,,,,,,20,,3492000,29638,,,3466900,29638,,,,,,
NE-HVAC-AirEcono-Adjust-ExSP68F,DEER2024,D24_E+_Com_v1,6/15/2026 10:46,Any,SCn,Ex,CZ05,cDXGF,Each,1,500000,None,31000,9.76,-0.00614,31000,9.76,-0.00614,,,,,,,,,20,,2912600,22904,,,2881500,22904,,,,,,
NE-HVAC-AirEcono-Adjust-ExSP68F,DEER2024,D24_E+_Com_v1,6/15/2026 10:46,Any,SCn,Ex,CZ06,cDXGF,Each,1,500000,None,27700,8.08,-0.00103,27700,8.08,-0.00103,,,,,,,,,20,,2764000,10077,,,2736300,10077,,,,,,
NE-HVAC-AirEcono-Adjust-ExSP68F,DEER2024,D24_E+_Com_v1,6/15/2026 10:46,Any,SCn,Ex,CZ07,cDXGF,Each,1,500000,None,9720,0,-0.000342,9720,0,-0.000342,,,,,,,,,20,,2835400,8954.7,,,2825700,8954.7,,,,,,
NE-HVAC-AirEcono-Adjust-ExSP68F,DEER2024,D24_E+_Com_v1,6/15/2026 10:46,Any,SCn,Ex,CZ08,cDXGF,Each,1,500000,None,28000,0.009,-0.00478,28000,0.009,-0.00478,,,,,,,,,20,,3203400,10986,,,3175400,10986,,,,,,
NE-HVAC-AirEcono-Adjust-ExSP68F,DEER2024,D24_E+_Com_v1,6/15/2026 10:46,Any,SCn,Ex,CZ09,cDXGF,Each,1,500000,None,21700,-0.016,-0.00171,21700,-0.016,-0.00171,,,,,,,,,20,,3262600,13790,,,3240900,13790,,,,,,
NE-HVAC-AirEcono-Adjust-ExSP68F,DEER2024,D24_E+_Com_v1,6/15/2026 10:46,Any,SCn,Ex,CZ10,cDXGF,Each,1,500000,None,25900,0.012,-0.00103,25900,0.012,-0.00103,,,,,,,,,20,,3312600,13715,,,3286700,13715,,,,,,
NE-HVAC-AirEcono-Adjust-ExSP68F,DEER2024,D24_E+_Com_v1,6/15/2026 10:46,Any,SCn,Ex,CZ11,cDXGF,Each,1,500000,None,21500,-0.411,-0.0147,21500,-0.411,-0.0147,,,,,,,,,20,,3563700,35613,,,3542200,35613,,,,,,
NE-HVAC-AirEcono-Adjust-ExSP68F,DEER2024,D24_E+_Com_v1,6/15/2026 10:46,Any,SCn,Ex,CZ12,cDXGF,Each,1,500000,None,29700,0.062,-0.00375,29700,0.062,-0.00375,,,,,,,,,20,,3400300,35129,,,3370700,35129,,,,,,
NE-HVAC-AirEcono-Adjust-ExSP68F,DEER2024,D24_E+_Com_v1,6/15/2026 10:46,Any,SCn,Ex,CZ13,cDXGF,Each,1,500000,None,29000,0.125,0.00034,29000,0.125,0.00034,,,,,,,,,20,,3633800,31248,,,3604800,31248,,,,,,
NE-HVAC-AirEcono-Adjust-ExSP68F,DEER2024,D24_E+_Com_v1,6/15/2026 10:46,Any,SCn,Ex,CZ14,cDXGF,Each,1,500000,None,26500,0.033,-0.0488,26500,0.033,-0.0488,,,,,,,,,20,,3773100,28439,,,3746600,28439,,,,,,
NE-HVAC-AirEcono-Adjust-ExSP68F,DEER2024,D24_E+_Com_v1,6/15/2026 10:46,Any,SCn,Ex,CZ15,cDXGF,Each,1,500000,None,29700,0,0.000683,29700,0,0.000683,,,,,,,,,20,,4478800,6159.6,,,4449100,6159.6,,,,,,
NE-HVAC-AirEcono-Adjust-ExSP68F,DEER2024,D24_E+_Com_v1,6/15/2026 10:46,Any,SCn,Ex,CZ16,cDXGF,Each,1,500000,None,35400,5.79,-0.00478,35400,5.79,-0.00478,,,,,,,,,20,,3392000,54627,,,3356500,54627,,,,,,
NE-HVAC-AirEcono-Adjust-ExSP68F,DEER2024,D24_E+_Com_v1,6/15/2026 10:46,Any,SCn,Ex,CZ01,cDXHP,Each,1,500000,None,1220,1.96,0,1220,1.96,0,,,,,,,,,20,,3263000,3182.2,,,3261800,3182.2,,,,,,
NE-HVAC-AirEcono-Adjust-ExSP68F,DEER2024,D24_E+_Com_v1,6/15/2026 10:46,Any,SCn,Ex,CZ02,cDXHP,Each,1,500000,None,23800,6.07,0,23800,6.07,0,,,,,,,,,20,,3462800,2982,,,3439000,2982,,,,,,
NE-HVAC-AirEcono-Adjust-ExSP68F,DEER2024,D24_E+_Com_v1,6/15/2026 10:46,Any,SCn,Ex,CZ03,cDXHP,Each,1,500000,None,24100,14.6,0,24100,14.6,0,,,,,,,,,20,,2979100,2949,,,2955000,2949,,,,,,
NE-HVAC-AirEcono-Adjust-ExSP68F,DEER2024,D24_E+_Com_v1,6/15/2026 10:46,Any,SCn,Ex,CZ04,cDXHP,Each,1,500000,None,25300,0.054,0,25300,0.054,0,,,,,,,,,20,,3720400,2865.1,,,3695100,2865.1,,,,,,
NE-HVAC-AirEcono-Adjust-ExSP68F,DEER2024,D24_E+_Com_v1,6/15/2026 10:46,Any,SCn,Ex,CZ05,cDXHP,Each,1,500000,None,31300,9.84,0,31300,9.84,0,,,,,,,,,20,,3058600,2962.7,,,3027300,2962.7,,,,,,
NE-HVAC-AirEcono-Adjust-ExSP68F,DEER2024,D24_E+_Com_v1,6/15/2026 10:46,Any,SCn,Ex,CZ06,cDXHP,Each,1,500000,None,27700,8.17,0,27700,8.17,0,,,,,,,,,20,,2807500,2728.8,,,2779800,2728.8,,,,,,
NE-HVAC-AirEcono-Adjust-ExSP68F,DEER2024,D24_E+_Com_v1,6/15/2026 10:46,Any,SCn,Ex,CZ07,cDXHP,Each,1,500000,None,9830,0,0,9830,0,0,,,,,,,,,20,,2874300,2700.5,,,2864400,2700.5,,,,,,
NE-HVAC-AirEcono-Adjust-ExSP68F,DEER2024,D24_E+_Com_v1,6/15/2026 10:46,Any,SCn,Ex,CZ08,cDXHP,Each,1,500000,None,28800,0.009,0,28800,0.009,0,,,,,,,,,20,,3256700,2644.6,,,3228000,2644.6,,,,,,
NE-HVAC-AirEcono-Adjust-ExSP68F,DEER2024,D24_E+_Com_v1,6/15/2026 10:46,Any,SCn,Ex,CZ09,cDXHP,Each,1,500000,None,22000,-0.016,0,22000,-0.016,0,,,,,,,,,20,,3346000,2663.7,,,3324000,2663.7,,,,,,
NE-HVAC-AirEcono-Adjust-ExSP68F,DEER2024,D24_E+_Com_v1,6/15/2026 10:46,Any,SCn,Ex,CZ10,cDXHP,Each,1,500000,None,26500,0.01,0,26500,0.01,0,,,,,,,,,20,,3399800,2629.7,,,3373200,2629.7,,,,,,
NE-HVAC-AirEcono-Adjust-ExSP68F,DEER2024,D24_E+_Com_v1,6/15/2026 10:46,Any,SCn,Ex,CZ11,cDXHP,Each,1,500000,None,21700,0.226,0,21700,0.226,0,,,,,,,,,20,,3833400,2696.5,,,3811600,2696.5,,,,,,
NE-HVAC-AirEcono-Adjust-ExSP68F,DEER2024,D24_E+_Com_v1,6/15/2026 10:46,Any,SCn,Ex,CZ12,cDXHP,Each,1,500000,None,30100,0.094,0,30100,0.094,0,,,,,,,,,20,,3654300,2822.5,,,3624300,2822.5,,,,,,
NE-HVAC-AirEcono-Adjust-ExSP68F,DEER2024,D24_E+_Com_v1,6/15/2026 10:46,Any,SCn,Ex,CZ13,cDXHP,Each,1,500000,None,29400,0.156,0,29400,0.156,0,,,,,,,,,20,,3868300,2641.9,,,3838900,2641.9,,,,,,
NE-HVAC-AirEcono-Adjust-ExSP68F,DEER2024,D24_E+_Com_v1,6/15/2026 10:46,Any,SCn,Ex,CZ14,cDXHP,Each,1,500000,None,26700,0.012,0,26700,0.012,0,,,,,,,,,20,,4003300,2717.4,,,3976600,2717.4,,,,,,
NE-HVAC-AirEcono-Adjust-ExSP68F,DEER2024,D24_E+_Com_v1,6/15/2026 10:46,Any,SCn,Ex,CZ15,cDXHP,Each,1,500000,None,29900,0,0,29900,0,0,,,,,,,,,20,,4522500,2227.9,,,4492500,2227.9,,,,,,
NE-HVAC-AirEcono-Adjust-ExSP68F,DEER2024,D24_E+_Com_v1,6/15/2026 10:46,Any,SCn,Ex,CZ16,cDXHP,Each,1,500000,None,35700,5.84,0,35700,5.84,0,,,,,,,,,20,,3910600,3114.9,,,3874900,3114.9,,,,,,
NE-HVAC-AirEcono-Adjust-ExSP68F,DEER2024,D24_E+_Com_v1,6/15/2026 10:46,Any,SCn,Ex,CZ01,cDXOH,Each,1,500000,None,937,1.89,0,937,1.89,0,,,,,,,,,20,,2970800,3182.2,,,2969800,3182.2,,,,,,
NE-HVAC-AirEcono-Adjust-ExSP68F,DEER2024,D24_E+_Com_v1,6/15/2026 10:46,Any,SCn,Ex,CZ02,cDXOH,Each,1,500000,None,21500,5.98,0,21500,5.98,0,,,,,,,,,20,,3240400,2982,,,3218900,2982,,,,,,
NE-HVAC-AirEcono-Adjust-ExSP68F,DEER2024,D24_E+_Com_v1,6/15/2026 10:46,Any,SCn,Ex,CZ03,cDXOH,Each,1,500000,None,23400,14.4,0,23400,14.4,0,,,,,,,,,20,,2816300,2949,,,2792900,2949,,,,,,
NE-HVAC-AirEcono-Adjust-ExSP68F,DEER2024,D24_E+_Com_v1,6/15/2026 10:46,Any,SCn,Ex,CZ04,cDXOH,Each,1,500000,None,22400,0.032,0,22400,0.032,0,,,,,,,,,20,,3518600,2865.1,,,3496200,2865.1,,,,,,
NE-HVAC-AirEcono-Adjust-ExSP68F,DEER2024,D24_E+_Com_v1,6/15/2026 10:46,Any,SCn,Ex,CZ05,cDXOH,Each,1,500000,None,28900,9.74,0,28900,9.74,0,,,,,,,,,20,,2912500,2962.7,,,2883600,2962.7,,,,,,
NE-HVAC-AirEcono-Adjust-ExSP68F,DEER2024,D24_E+_Com_v1,6/15/2026 10:46,Any,SCn,Ex,CZ06,cDXOH,Each,1,500000,None,27400,8.08,0,27400,8.08,0,,,,,,,,,20,,2762800,2728.8,,,2735500,2728.8,,,,,,
NE-HVAC-AirEcono-Adjust-ExSP68F,DEER2024,D24_E+_Com_v1,6/15/2026 10:46,Any,SCn,Ex,CZ07,cDXOH,Each,1,500000,None,9600,0,0,9600,0,0,,,,,,,,,20,,2833200,2700.5,,,2823600,2700.5,,,,,,
NE-HVAC-AirEcono-Adjust-ExSP68F,DEER2024,D24_E+_Com_v1,6/15/2026 10:46,Any,SCn,Ex,CZ08,cDXOH,Each,1,500000,None,27400,0.009,0,27400,0.009,0,,,,,,,,,20,,3198800,2644.6,,,3171500,2644.6,,,,,,
NE-HVAC-AirEcono-Adjust-ExSP68F,DEER2024,D24_E+_Com_v1,6/15/2026 10:46,Any,SCn,Ex,CZ09,cDXOH,Each,1,500000,None,21000,-0.016,0,21000,-0.016,0,,,,,,,,,20,,3260400,2663.7,,,3239300,2663.7,,,,,,
NE-HVAC-AirEcono-Adjust-ExSP68F,DEER2024,D24_E+_Com_v1,6/15/2026 10:46,Any,SCn,Ex,CZ10,cDXOH,Each,1,500000,None,24700,0.012,0,24700,0.012,0,,,,,,,,,20,,3308900,2629.7,,,3284200,2629.7,,,,,,
NE-HVAC-AirEcono-Adjust-ExSP68F,DEER2024,D24_E+_Com_v1,6/15/2026 10:46,Any,SCn,Ex,CZ11,cDXOH,Each,1,500000,None,19600,-0.411,0,19600,-0.411,0,,,,,,,,,20,,3616700,2696.5,,,3597100,2696.5,,,,,,
NE-HVAC-AirEcono-Adjust-ExSP68F,DEER2024,D24_E+_Com_v1,6/15/2026 10:46,Any,SCn,Ex,CZ12,cDXOH,Each,1,500000,None,28100,0.062,0,28100,0.062,0,,,,,,,,,20,,3465400,2822.5,,,3437300,2822.5,,,,,,
NE-HVAC-AirEcono-Adjust-ExSP68F,DEER2024,D24_E+_Com_v1,6/15/2026 10:46,Any,SCn,Ex,CZ13,cDXOH,Each,1,500000,None,28300,0.125,0,28300,0.125,0,,,,,,,,,20,,3696100,2641.9,,,3667800,2641.9,,,,,,
NE-HVAC-AirEcono-Adjust-ExSP68F,DEER2024,D24_E+_Com_v1,6/15/2026 10:46,Any,SCn,Ex,CZ14,cDXOH,Each,1,500000,None,24200,0.033,0,24200,0.033,0,,,,,,,,,20,,3813400,2717.4,,,3789300,2717.4,,,,,,
NE-HVAC-AirEcono-Adjust-ExSP68F,DEER2024,D24_E+_Com_v1,6/15/2026 10:46,Any,SCn,Ex,CZ15,cDXOH,Each,1,500000,None,29100,0,0,29100,0,0,,,,,,,,,20,,4479900,2227.9,,,4450800,2227.9,,,,,,
NE-HVAC-AirEcono-Adjust-ExSP68F,DEER2024,D24_E+_Com_v1,6/15/2026 10:46,Any,SCn,Ex,CZ16,cDXOH,Each,1,500000,None,35100,5.79,0,35100,5.79,0,,,,,,,,,20,,3533100,3114.9,,,3498000,3114.9,,,,,,
NE-HVAC-AirEcono-Adjust-ExSP68F,DEER2024,D24_E+_Com_v1,6/15/2026 10:46,Any,SCn,Ex,CZ01,cPVVG,Each,1,500000,None,0,0,0,0,0,0,,,,,,,,,20,,1585900,96703,,,1585900,96703,,,,,,
NE-HVAC-AirEcono-Adjust-ExSP68F,DEER2024,D24_E+_Com_v1,6/15/2026 10:46,Any,SCn,Ex,CZ02,cPVVG,Each,1,500000,None,1480,0.899,0.0133,1480,0.899,0.0133,,,,,,,,,20,,1749000,59837,,,1747600,59837,,,,,,
NE-HVAC-AirEcono-Adjust-ExSP68F,DEER2024,D24_E+_Com_v1,6/15/2026 10:46,Any,SCn,Ex,CZ03,cPVVG,Each,1,500000,None,644,0.404,0.00102,644,0.404,0.00102,,,,,,,,,20,,1574900,48689,,,1574200,48689,,,,,,
NE-HVAC-AirEcono-Adjust-ExSP68F,DEER2024,D24_E+_Com_v1,6/15/2026 10:46,Any,SCn,Ex,CZ04,cPVVG,Each,1,500000,None,3330,0.008,0.0164,3330,0.008,0.0164,,,,,,,,,20,,2017000,49004,,,2013700,49004,,,,,,
NE-HVAC-AirEcono-Adjust-ExSP68F,DEER2024,D24_E+_Com_v1,6/15/2026 10:46,Any,SCn,Ex,CZ05,cPVVG,Each,1,500000,None,1310,0.52,-0.00649,1310,0.52,-0.00649,,,,,,,,,20,,1581500,44360,,,1580200,44360,,,,,,
NE-HVAC-AirEcono-Adjust-ExSP68F,DEER2024,D24_E+_Com_v1,6/15/2026 10:46,Any,SCn,Ex,CZ06,cPVVG,Each,1,500000,None,15000,5.24,-0.00751,15000,5.24,-0.00751,,,,,,,,,20,,1976900,16797,,,1962000,16797,,,,,,
NE-HVAC-AirEcono-Adjust-ExSP68F,DEER2024,D24_E+_Com_v1,6/15/2026 10:46,Any,SCn,Ex,CZ07,cPVVG,Each,1,500000,None,5050,0,-0.00717,5050,0,-0.00717,,,,,,,,,20,,2017300,15476,,,2012200,15476,,,,,,
NE-HVAC-AirEcono-Adjust-ExSP68F,DEER2024,D24_E+_Com_v1,6/15/2026 10:46,Any,SCn,Ex,CZ08,cPVVG,Each,1,500000,None,13100,0.001,-0.0178,13100,0.001,-0.0178,,,,,,,,,20,,2263700,17953,,,2250600,17953,,,,,,
NE-HVAC-AirEcono-Adjust-ExSP68F,DEER2024,D24_E+_Com_v1,6/15/2026 10:46,Any,SCn,Ex,CZ09,cPVVG,Each,1,500000,None,10100,-0.01,-0.0181,10100,-0.01,-0.0181,,,,,,,,,20,,2299500,21486,,,2289500,21486,,,,,,
NE-HVAC-AirEcono-Adjust-ExSP68F,DEER2024,D24_E+_Com_v1,6/15/2026 10:46,Any,SCn,Ex,CZ10,cPVVG,Each,1,500000,None,11700,0.007,-0.00136,11700,0.007,-0.00136,,,,,,,,,20,,2384200,21508,,,2372500,21508,,,,,,
NE-HVAC-AirEcono-Adjust-ExSP68F,DEER2024,D24_E+_Com_v1,6/15/2026 10:46,Any,SCn,Ex,CZ11,cPVVG,Each,1,500000,None,9150,-0.183,-0.0191,9150,-0.183,-0.0191,,,,,,,,,20,,2573000,49681,,,2563800,49681,,,,,,
NE-HVAC-AirEcono-Adjust-ExSP68F,DEER2024,D24_E+_Com_v1,6/15/2026 10:46,Any,SCn,Ex,CZ12,cPVVG,Each,1,500000,None,8240,0.035,0.029,8240,0.035,0.029,,,,,,,,,20,,2130400,52329,,,2122200,52329,,,,,,
NE-HVAC-AirEcono-Adjust-ExSP68F,DEER2024,D24_E+_Com_v1,6/15/2026 10:46,Any,SCn,Ex,CZ13,cPVVG,Each,1,500000,None,16400,0.151,0.041,16400,0.151,0.041,,,,,,,,,20,,2739800,42861,,,2723400,42861,,,,,,
NE-HVAC-AirEcono-Adjust-ExSP68F,DEER2024,D24_E+_Com_v1,6/15/2026 10:46,Any,SCn,Ex,CZ14,cPVVG,Each,1,500000,None,9140,0.032,0.0157,9140,0.032,0.0157,,,,,,,,,20,,2508800,43363,,,2499700,43363,,,,,,
NE-HVAC-AirEcono-Adjust-ExSP68F,DEER2024,D24_E+_Com_v1,6/15/2026 10:46,Any,SCn,Ex,CZ15,cPVVG,Each,1,500000,None,17000,0,0.0393,17000,0,0.0393,,,,,,,,,20,,3542800,11012,,,3525800,11012,,,,,,
NE-HVAC-AirEcono-Adjust-ExSP68F,DEER2024,D24_E+_Com_v1,6/15/2026 10:46,Any,SCn,Ex,CZ16,cPVVG,Each,1,500000,None,14200,2.95,-0.0041,14200,2.95,-0.0041,,,,,,,,,20,,1993600,81679,,,1979400,81679,,,,,,
NE-HVAC-AirEcono-Adjust-ExSP55F,DEER2024,D24_E+_Com_v1,6/15/2026 10:46,Any,Com,Ex,CZ04,cDXGF,Each,1,234000,None,60300,0.00897,-0.112,60300,0.00897,-0.112,,,,,,,,,20,,2016800,15749,,,1956700,15749,,,,,,
NE-HVAC-AirEcono-Adjust-ExSP55F,DEER2024,D24_E+_Com_v1,6/15/2026 10:46,Any,Com,Ex,CZ06,cDXGF,Each,1,207000,None,80700,3.29,-0.172,80700,3.29,-0.172,,,,,,,,,20,,1796300,9702.2,,,1715700,9702.4,,,,,,
NE-HVAC-AirEcono-Adjust-ExSP55F,DEER2024,D24_E+_Com_v1,6/15/2026 10:46,Any,Com,Ex,CZ10,cDXGF,Each,1,244000,None,43300,0.00449,0.0394,43300,0.00449,0.0394,,,,,,,,,20,,2108500,12404,,,2065200,12404,,,,,,
NE-HVAC-AirEcono-Adjust-ExSP55F,DEER2024,D24_E+_Com_v1,6/15/2026 10:46,Any,Com,Ex,CZ01,cDXGF,Each,1,216000,None,40100,12.4,-0.0876,40100,12.4,-0.0876,,,,,,,,,20,,1525600,23038,,,1485500,23038,,,,,,
NE-HVAC-AirEcono-Adjust-ExSP55F,DEER2024,D24_E+_Com_v1,6/15/2026 10:46,Any,Com,Ex,CZ03,cDXGF,Each,1,250000,None,110000,13.6,0.005,110000,13.6,0.005,,,,,,,,,20,,1936800,14477,,,1826300,14477,,,,,,
NE-HVAC-AirEcono-Adjust-ExSP55F,DEER2024,D24_E+_Com_v1,6/15/2026 10:46,Any,Com,Ex,CZ11,cDXGF,Each,1,234000,None,38200,-0.0567,0.0957,38200,-0.0567,0.0957,,,,,,,,,20,,2188300,18659,,,2150100,18659,,,,,,
NE-HVAC-AirEcono-Adjust-ExSP55F,DEER2024,D24_E+_Com_v1,6/15/2026 10:46,Any,Com,Ex,CZ02,cDXGF,Each,1,231000,None,53000,5.95,0.0477,53000,5.95,0.0477,,,,,,,,,20,,1891200,19340,,,1838300,19340,,,,,,
NE-HVAC-AirEcono-Adjust-ExSP55F,DEER2024,D24_E+_Com_v1,6/15/2026 10:46,Any,Com,Ex,CZ15,cDXGF,Each,1,176000,None,26200,-0.00279,-0.0662,26200,-0.00279,-0.0662,,,,,,,,,20,,2025200,10210,,,1999000,10210,,,,,,
NE-HVAC-AirEcono-Adjust-ExSP55F,DEER2024,D24_E+_Com_v1,6/15/2026 10:46,Any,Com,Ex,CZ08,cDXGF,Each,1,233000,None,59900,0.00399,0.0727,59900,0.00399,0.0727,,,,,,,,,20,,2087100,10920,,,2027200,10920,,,,,,
NE-HVAC-AirEcono-Adjust-ExSP55F,DEER2024,D24_E+_Com_v1,6/15/2026 10:46,Any,Com,Ex,CZ12,cDXGF,Each,1,227000,None,52100,0.0161,-0.0285,52100,0.0161,-0.0285,,,,,,,,,20,,1954200,16714,,,1902000,16714,,,,,,
NE-HVAC-AirEcono-Adjust-ExSP55F,DEER2024,D24_E+_Com_v1,6/15/2026 10:46,Any,Com,Ex,CZ13,cDXGF,Each,1,214000,None,37700,0.02,-0.011,37700,0.02,-0.011,,,,,,,,,20,,2042000,15738,,,2004300,15738,,,,,,
NE-HVAC-AirEcono-Adjust-ExSP55F,DEER2024,D24_E+_Com_v1,6/15/2026 10:46,Any,Com,Ex,CZ14,cDXGF,Each,1,177000,None,33800,0.00398,-0.002,33800,0.00398,-0.002,,,,,,,,,20,,1859100,16563,,,1825300,16563,,,,,,
NE-HVAC-AirEcono-Adjust-ExSP55F,DEER2024,D24_E+_Com_v1,6/15/2026 10:46,Any,Com,Ex,CZ16,cDXGF,Each,1,245000,None,55900,2.33,-0.0734,55900,2.33,-0.0734,,,,,,,,,20,,2174800,28897,,,2118900,28897,,,,,,
NE-HVAC-AirEcono-Adjust-ExSP55F,DEER2024,D24_E+_Com_v1,6/15/2026 10:46,Any,Com,Ex,CZ05,cDXGF,Each,1,233000,None,81900,15.8,0.108,81900,15.8,0.108,,,,,,,,,20,,1920800,14988,,,1838800,14988,,,,,,
NE-HVAC-AirEcono-Adjust-ExSP55F,DEER2024,D24_E+_Com_v1,6/15/2026 10:46,Any,Com,Ex,CZ09,cDXGF,Each,1,218000,None,59900,-0.00153,-0.179,59900,-0.00153,-0.179,,,,,,,,,20,,1991700,10398,,,1931800,10399,,,,,,
NE-HVAC-AirEcono-Adjust-ExSP55F,DEER2024,D24_E+_Com_v1,6/15/2026 10:46,Any,Com,Ex,CZ07,cDXGF,Each,1,210000,None,75600,-0.00573,0.147,75600,-0.00573,0.147,,,,,,,,,20,,1808500,8340.8,,,1732800,8340.6,,,,,,
NE-HVAC-AirEcono-Adjust-ExSP55F,DEER2024,D24_E+_Com_v1,6/15/2026 10:46,Any,Com,Ex,CZ01,cDXHP,Each,1,216000,None,40100,12.5,0.00489,40100,12.5,0.00489,,,,,,,,,20,,1594000,13867,,,1554000,13867,,,,,,
NE-HVAC-AirEcono-Adjust-ExSP55F,DEER2024,D24_E+_Com_v1,6/15/2026 10:46,Any,Com,Ex,CZ05,cDXHP,Each,1,233000,None,81600,15.9,-0.0244,81600,15.9,-0.0244,,,,,,,,,20,,1937500,12724,,,1855900,12724,,,,,,
NE-HVAC-AirEcono-Adjust-ExSP55F,DEER2024,D24_E+_Com_v1,6/15/2026 10:46,Any,Com,Ex,CZ02,cDXHP,Each,1,231000,None,53200,5.99,0.00765,53200,5.99,0.00765,,,,,,,,,20,,1935900,13884,,,1882700,13884,,,,,,
NE-HVAC-AirEcono-Adjust-ExSP55F,DEER2024,D24_E+_Com_v1,6/15/2026 10:46,Any,Com,Ex,CZ12,cDXHP,Each,1,227000,None,52400,0.0233,0.049,52400,0.0233,0.049,,,,,,,,,20,,2005000,10449,,,1952500,10449,,,,,,
NE-HVAC-AirEcono-Adjust-ExSP55F,DEER2024,D24_E+_Com_v1,6/15/2026 10:46,Any,Com,Ex,CZ13,cDXHP,Each,1,214000,None,37900,0.0269,-0.247,37900,0.0269,-0.247,,,,,,,,,20,,2088000,10342,,,2050100,10342,,,,,,
NE-HVAC-AirEcono-Adjust-ExSP55F,DEER2024,D24_E+_Com_v1,6/15/2026 10:46,Any,Com,Ex,CZ04,cDXHP,Each,1,234000,None,60500,0.00591,0.0624,60500,0.00591,0.0624,,,,,,,,,20,,2051700,11943,,,1991200,11943,,,,,,
NE-HVAC-AirEcono-Adjust-ExSP55F,DEER2024,D24_E+_Com_v1,6/15/2026 10:46,Any,Com,Ex,CZ14,cDXHP,Each,1,177000,None,34000,0.00246,0.0585,34000,0.00246,0.0585,,,,,,,,,20,,1891900,13176,,,1857900,13176,,,,,,
NE-HVAC-AirEcono-Adjust-ExSP55F,DEER2024,D24_E+_Com_v1,6/15/2026 10:46,Any,Com,Ex,CZ03,cDXHP,Each,1,250000,None,111000,13.7,0.0707,111000,13.7,0.0707,,,,,,,,,20,,1961000,11137,,,1850200,11136,,,,,,
NE-HVAC-AirEcono-Adjust-ExSP55F,DEER2024,D24_E+_Com_v1,6/15/2026 10:46,Any,Com,Ex,CZ06,cDXHP,Each,1,207000,None,80700,3.32,0.266,80700,3.32,0.266,,,,,,,,,20,,1799100,8804.3,,,1718400,8804,,,,,,
NE-HVAC-AirEcono-Adjust-ExSP55F,DEER2024,D24_E+_Com_v1,6/15/2026 10:46,Any,Com,Ex,CZ15,cDXHP,Each,1,176000,None,26300,0.00113,0.111,26300,0.00113,0.111,,,,,,,,,20,,2032100,9701.1,,,2005800,9701,,,,,,
NE-HVAC-AirEcono-Adjust-ExSP55F,DEER2024,D24_E+_Com_v1,6/15/2026 10:46,Any,Com,Ex,CZ08,cDXHP,Each,1,233000,None,60300,0.00135,-0.0474,60300,0.00135,-0.0474,,,,,,,,,20,,2097000,9257.2,,,2036700,9257.2,,,,,,
NE-HVAC-AirEcono-Adjust-ExSP55F,DEER2024,D24_E+_Com_v1,6/15/2026 10:46,Any,Com,Ex,CZ16,cDXHP,Each,1,245000,None,56100,2.35,-0.117,56100,2.35,-0.117,,,,,,,,,20,,2270500,19752,,,2214300,19752,,,,,,
NE-HVAC-AirEcono-Adjust-ExSP55F,DEER2024,D24_E+_Com_v1,6/15/2026 10:46,Any,Com,Ex,CZ07,cDXHP,Each,1,210000,None,75700,0.0123,0.0275,75700,0.0123,0.0275,,,,,,,,,20,,1810800,7645.8,,,1735000,7645.8,,,,,,
NE-HVAC-AirEcono-Adjust-ExSP55F,DEER2024,D24_E+_Com_v1,6/15/2026 10:46,Any,Com,Ex,CZ10,cDXHP,Each,1,244000,None,43600,0.00449,-0.0659,43600,0.00449,-0.0659,,,,,,,,,20,,2135500,8963.2,,,2091900,8963.2,,,,,,
NE-HVAC-AirEcono-Adjust-ExSP55F,DEER2024,D24_E+_Com_v1,6/15/2026 10:46,Any,Com,Ex,CZ09,cDXHP,Each,1,218000,None,60000,-0.00189,-0.0227,60000,-0.00189,-0.0227,,,,,,,,,20,,2004800,8635,,,1944700,8635,,,,,,
NE-HVAC-AirEcono-Adjust-ExSP55F,DEER2024,D24_E+_Com_v1,6/15/2026 10:46,Any,Com,Ex,CZ11,cDXHP,Each,1,234000,None,38400,0.03,-0.0745,38400,0.03,-0.0745,,,,,,,,,20,,2246700,11784,,,2208300,11784,,,,,,
NE-HVAC-AirEcono-Adjust-ExSP55F,DEER2024,D24_E+_Com_v1,6/15/2026 10:46,Any,Com,Ex,CZ08,cDXOH,Each,1,233000,None,59400,0.0017,0.0268,59400,0.0017,0.0268,,,,,,,,,20,,2085300,9261.3,,,2025800,9261.3,,,,,,
NE-HVAC-AirEcono-Adjust-ExSP55F,DEER2024,D24_E+_Com_v1,6/15/2026 10:46,Any,Com,Ex,CZ11,cDXOH,Each,1,234000,None,37200,-0.0481,-0.199,37200,-0.0481,-0.199,,,,,,,,,20,,2194400,11827,,,2157200,11827,,,,,,
NE-HVAC-AirEcono-Adjust-ExSP55F,DEER2024,D24_E+_Com_v1,6/15/2026 10:46,Any,Com,Ex,CZ06,cDXOH,Each,1,207000,None,80200,3.3,0.114,80200,3.3,0.114,,,,,,,,,20,,1795400,8807.4,,,1715100,8807.3,,,,,,
NE-HVAC-AirEcono-Adjust-ExSP55F,DEER2024,D24_E+_Com_v1,6/15/2026 10:46,Any,Com,Ex,CZ14,cDXOH,Each,1,177000,None,32900,0.0039,-0.0415,32900,0.0039,-0.0415,,,,,,,,,20,,1857700,13209,,,1824900,13209,,,,,,
NE-HVAC-AirEcono-Adjust-ExSP55F,DEER2024,D24_E+_Com_v1,6/15/2026 10:46,Any,Com,Ex,CZ16,cDXOH,Each,1,245000,None,54800,2.33,0.0417,54800,2.33,0.0417,,,,,,,,,20,,2186500,19883,,,2131700,19883,,,,,,
NE-HVAC-AirEcono-Adjust-ExSP55F,DEER2024,D24_E+_Com_v1,6/15/2026 10:46,Any,Com,Ex,CZ13,cDXOH,Each,1,214000,None,37000,0.02,-0.145,37000,0.02,-0.145,,,,,,,,,20,,2048500,10376,,,2011400,10376,,,,,,
NE-HVAC-AirEcono-Adjust-ExSP55F,DEER2024,D24_E+_Com_v1,6/15/2026 10:46,Any,Com,Ex,CZ02,cDXOH,Each,1,231000,None,51800,5.93,-0.0983,51800,5.93,-0.0983,,,,,,,,,20,,1893300,13932,,,1841500,13932,,,,,,
NE-HVAC-AirEcono-Adjust-ExSP55F,DEER2024,D24_E+_Com_v1,6/15/2026 10:46,Any,Com,Ex,CZ03,cDXOH,Each,1,250000,None,110000,13.6,0.0481,110000,13.6,0.0481,,,,,,,,,20,,1936900,11157,,,1827200,11157,,,,,,
NE-HVAC-AirEcono-Adjust-ExSP55F,DEER2024,D24_E+_Com_v1,6/15/2026 10:46,Any,Com,Ex,CZ09,cDXOH,Each,1,218000,None,59500,-0.00212,0.127,59500,-0.00212,0.127,,,,,,,,,20,,1990000,8640.9,,,1930600,8640.8,,,,,,
NE-HVAC-AirEcono-Adjust-ExSP55F,DEER2024,D24_E+_Com_v1,6/15/2026 10:46,Any,Com,Ex,CZ01,cDXOH,Each,1,216000,None,39300,12,-0.0613,39300,12,-0.0613,,,,,,,,,20,,1535800,13951,,,1496500,13951,,,,,,
NE-HVAC-AirEcono-Adjust-ExSP55F,DEER2024,D24_E+_Com_v1,6/15/2026 10:46,Any,Com,Ex,CZ12,cDXOH,Each,1,227000,None,51400,0.0156,0.0195,51400,0.0156,0.0195,,,,,,,,,20,,1962000,10485,,,1910700,10485,,,,,,
NE-HVAC-AirEcono-Adjust-ExSP55F,DEER2024,D24_E+_Com_v1,6/15/2026 10:46,Any,Com,Ex,CZ10,cDXOH,Each,1,244000,None,42400,0.00475,0.0481,42400,0.00475,0.0481,,,,,,,,,20,,2106000,8968.6,,,2063600,8968.6,,,,,,
NE-HVAC-AirEcono-Adjust-ExSP55F,DEER2024,D24_E+_Com_v1,6/15/2026 10:46,Any,Com,Ex,CZ04,cDXOH,Each,1,234000,None,59200,0.00356,-0.0804,59200,0.00356,-0.0804,,,,,,,,,20,,2016900,11971,,,1957700,11971,,,,,,
NE-HVAC-AirEcono-Adjust-ExSP55F,DEER2024,D24_E+_Com_v1,6/15/2026 10:46,Any,Com,Ex,CZ05,cDXOH,Each,1,233000,None,81100,15.8,0.0316,81100,15.8,0.0316,,,,,,,,,20,,1918300,12745,,,1837100,12745,,,,,,
NE-HVAC-AirEcono-Adjust-ExSP55F,DEER2024,D24_E+_Com_v1,6/15/2026 10:46,Any,Com,Ex,CZ15,cDXOH,Each,1,176000,None,25900,-0.00335,0.119,25900,-0.00335,0.119,,,,,,,,,20,,2024500,9704.2,,,1998600,9704.1,,,,,,
NE-HVAC-AirEcono-Adjust-ExSP55F,DEER2024,D24_E+_Com_v1,6/15/2026 10:46,Any,Com,Ex,CZ07,cDXOH,Each,1,210000,None,75400,-0.00853,0.0181,75400,-0.00853,0.0181,,,,,,,,,20,,1807400,7647.5,,,1732000,7647.4,,,,,,
NE-HVAC-AirEcono-Adjust-ExSP55F,DEER2024,D24_E+_Com_v1,6/15/2026 10:46,Any,Com,Ex,CZ06,cPVVG,Each,1,207000,None,57700,2.56,-0.136,57700,2.56,-0.136,,,,,,,,,20,,1522100,10527,,,1464400,10527,,,,,,
NE-HVAC-AirEcono-Adjust-ExSP55F,DEER2024,D24_E+_Com_v1,6/15/2026 10:46,Any,Com,Ex,CZ05,cPVVG,Each,1,233000,None,60600,11.5,-0.0663,60600,11.5,-0.0663,,,,,,,,,20,,1618100,16706,,,1557600,16706,,,,,,
NE-HVAC-AirEcono-Adjust-ExSP55F,DEER2024,D24_E+_Com_v1,6/15/2026 10:46,Any,Com,Ex,CZ13,cPVVG,Each,1,214000,None,25400,0.0281,-0.188,25400,0.0281,-0.188,,,,,,,,,20,,1742600,18193,,,1717300,18193,,,,,,
NE-HVAC-AirEcono-Adjust-ExSP55F,DEER2024,D24_E+_Com_v1,6/15/2026 10:46,Any,Com,Ex,CZ14,cPVVG,Each,1,177000,None,23800,0.00424,0.0132,23800,0.00424,0.0132,,,,,,,,,20,,1599600,18252,,,1575800,18252,,,,,,
NE-HVAC-AirEcono-Adjust-ExSP55F,DEER2024,D24_E+_Com_v1,6/15/2026 10:46,Any,Com,Ex,CZ04,cPVVG,Each,1,234000,None,44400,-0.00255,-0.279,44400,-0.00255,-0.279,,,,,,,,,20,,1654400,18198,,,1610000,18198,,,,,,
NE-HVAC-AirEcono-Adjust-ExSP55F,DEER2024,D24_E+_Com_v1,6/15/2026 10:46,Any,Com,Ex,CZ09,cPVVG,Each,1,218000,None,42200,0.0003,0.02,42200,0.0003,0.02,,,,,,,,,20,,1667000,11642,,,1624800,11642,,,,,,
NE-HVAC-AirEcono-Adjust-ExSP55F,DEER2024,D24_E+_Com_v1,6/15/2026 10:46,Any,Com,Ex,CZ02,cPVVG,Each,1,231000,None,36800,3.81,0.148,36800,3.81,0.148,,,,,,,,,20,,1540600,22670,,,1503800,22670,,,,,,
NE-HVAC-AirEcono-Adjust-ExSP55F,DEER2024,D24_E+_Com_v1,6/15/2026 10:46,Any,Com,Ex,CZ07,cPVVG,Each,1,210000,None,54400,0.00037,-0.0542,54400,0.00037,-0.0542,,,,,,,,,20,,1529900,9064.4,,,1475500,9064.5,,,,,,
NE-HVAC-AirEcono-Adjust-ExSP55F,DEER2024,D24_E+_Com_v1,6/15/2026 10:46,Any,Com,Ex,CZ16,cPVVG,Each,1,245000,None,39700,1.84,-0.132,39700,1.84,-0.132,,,,,,,,,20,,1774700,33437,,,1735000,33437,,,,,,
NE-HVAC-AirEcono-Adjust-ExSP55F,DEER2024,D24_E+_Com_v1,6/15/2026 10:46,Any,Com,Ex,CZ11,cPVVG,Each,1,234000,None,25200,-0.0176,0.368,25200,-0.0176,0.368,,,,,,,,,20,,1850600,21817,,,1825400,21817,,,,,,
NE-HVAC-AirEcono-Adjust-ExSP55F,DEER2024,D24_E+_Com_v1,6/15/2026 10:46,Any,Com,Ex,CZ03,cPVVG,Each,1,250000,None,82000,9.85,-0.0708,82000,9.85,-0.0708,,,,,,,,,20,,1558100,16925,,,1476000,16925,,,,,,
NE-HVAC-AirEcono-Adjust-ExSP55F,DEER2024,D24_E+_Com_v1,6/15/2026 10:46,Any,Com,Ex,CZ12,cPVVG,Each,1,227000,None,34600,0.0125,0.11,34600,0.0125,0.11,,,,,,,,,20,,1578900,20112,,,1544400,20112,,,,,,
NE-HVAC-AirEcono-Adjust-ExSP55F,DEER2024,D24_E+_Com_v1,6/15/2026 10:46,Any,Com,Ex,CZ08,cPVVG,Each,1,233000,None,40100,0.00254,-0.141,40100,0.00254,-0.141,,,,,,,,,20,,1746100,12276,,,1706000,12276,,,,,,
NE-HVAC-AirEcono-Adjust-ExSP55F,DEER2024,D24_E+_Com_v1,6/15/2026 10:46,Any,Com,Ex,CZ15,cPVVG,Each,1,176000,None,17900,-0.00083,0.0392,17900,-0.00083,0.0392,,,,,,,,,20,,1819000,10561,,,1801000,10561,,,,,,
NE-HVAC-AirEcono-Adjust-ExSP55F,DEER2024,D24_E+_Com_v1,6/15/2026 10:46,Any,Com,Ex,CZ01,cPVVG,Each,1,216000,None,28100,8.55,-0.0414,28100,8.55,-0.0414,,,,,,,,,20,,1206500,28933,,,1178300,28933,,,,,,
NE-HVAC-AirEcono-Adjust-ExSP55F,DEER2024,D24_E+_Com_v1,6/15/2026 10:46,Any,Com,Ex,CZ10,cPVVG,Each,1,244000,None,25400,0.00601,0.06,25400,0.00601,0.06,,,,,,,,,20,,1715600,14757,,,1690200,14756,,,,,,
NE-HVAC-AirEcono-Adjust-ExSP63F,DEER2024,D24_E+_Com_v1,6/15/2026 10:46,Any,Com,Ex,CZ08,cDXGF,Each,1,233000,None,39000,0.00505,0.13,39000,0.00505,0.13,,,,,,,,,20,,2066200,10920,,,2027200,10920,,,,,,
NE-HVAC-AirEcono-Adjust-ExSP63F,DEER2024,D24_E+_Com_v1,6/15/2026 10:46,Any,Com,Ex,CZ16,cDXGF,Each,1,245000,None,29100,2.33,0.041,29100,2.33,0.041,,,,,,,,,20,,2148000,28897,,,2118900,28897,,,,,,
NE-HVAC-AirEcono-Adjust-ExSP63F,DEER2024,D24_E+_Com_v1,6/15/2026 10:46,Any,Com,Ex,CZ10,cDXGF,Each,1,244000,None,30400,0.00443,0.0577,30400,0.00443,0.0577,,,,,,,,,20,,2095700,12404,,,2065200,12404,,,,,,
NE-HVAC-AirEcono-Adjust-ExSP63F,DEER2024,D24_E+_Com_v1,6/15/2026 10:46,Any,Com,Ex,CZ04,cDXGF,Each,1,234000,None,29800,0.00541,-0.0324,29800,0.00541,-0.0324,,,,,,,,,20,,1986400,15749,,,1956700,15749,,,,,,
NE-HVAC-AirEcono-Adjust-ExSP63F,DEER2024,D24_E+_Com_v1,6/15/2026 10:46,Any,Com,Ex,CZ13,cDXGF,Each,1,214000,None,24400,0.0461,-0.0637,24400,0.0461,-0.0637,,,,,,,,,20,,2028700,15738,,,2004300,15738,,,,,,
NE-HVAC-AirEcono-Adjust-ExSP63F,DEER2024,D24_E+_Com_v1,6/15/2026 10:46,Any,Com,Ex,CZ11,cDXGF,Each,1,234000,None,23200,-0.0589,0.0591,23200,-0.0589,0.0591,,,,,,,,,20,,2173300,18659,,,2150100,18659,,,,,,
NE-HVAC-AirEcono-Adjust-ExSP63F,DEER2024,D24_E+_Com_v1,6/15/2026 10:46,Any,Com,Ex,CZ09,cDXGF,Each,1,218000,None,35300,-0.00241,-0.115,35300,-0.00241,-0.115,,,,,,,,,20,,1967100,10399,,,1931800,10399,,,,,,
NE-HVAC-AirEcono-Adjust-ExSP63F,DEER2024,D24_E+_Com_v1,6/15/2026 10:46,Any,Com,Ex,CZ02,cDXGF,Each,1,231000,None,24200,4.36,0.00331,24200,4.36,0.00331,,,,,,,,,20,,1862500,19340,,,1838300,19340,,,,,,
NE-HVAC-AirEcono-Adjust-ExSP63F,DEER2024,D24_E+_Com_v1,6/15/2026 10:46,Any,Com,Ex,CZ15,cDXGF,Each,1,176000,None,16200,-0.00286,-0.083,16200,-0.00286,-0.083,,,,,,,,,20,,2015200,10210,,,1999000,10210,,,,,,
NE-HVAC-AirEcono-Adjust-ExSP63F,DEER2024,D24_E+_Com_v1,6/15/2026 10:46,Any,Com,Ex,CZ07,cDXGF,Each,1,210000,None,41400,-0.0016,0.168,41400,-0.0016,0.168,,,,,,,,,20,,1774200,8340.8,,,1732800,8340.6,,,,,,
NE-HVAC-AirEcono-Adjust-ExSP63F,DEER2024,D24_E+_Com_v1,6/15/2026 10:46,Any,Com,Ex,CZ06,cDXGF,Each,1,207000,None,45900,3.29,-0.232,45900,3.29,-0.232,,,,,,,,,20,,1761600,9702.2,,,1715700,9702.4,,,,,,
NE-HVAC-AirEcono-Adjust-ExSP63F,DEER2024,D24_E+_Com_v1,6/15/2026 10:46,Any,Com,Ex,CZ05,cDXGF,Each,1,233000,None,37900,9.59,0.276,37900,9.59,0.276,,,,,,,,,20,,1876600,14988,,,1838800,14988,,,,,,
NE-HVAC-AirEcono-Adjust-ExSP63F,DEER2024,D24_E+_Com_v1,6/15/2026 10:46,Any,Com,Ex,CZ01,cDXGF,Each,1,216000,None,6720,6.27,-0.0143,6720,6.27,-0.0143,,,,,,,,,20,,1492200,23038,,,1485500,23038,,,,,,
NE-HVAC-AirEcono-Adjust-ExSP63F,DEER2024,D24_E+_Com_v1,6/15/2026 10:46,Any,Com,Ex,CZ12,cDXGF,Each,1,227000,None,29700,0.018,-0.129,29700,0.018,-0.129,,,,,,,,,20,,1931700,16714,,,1902000,16714,,,,,,
NE-HVAC-AirEcono-Adjust-ExSP63F,DEER2024,D24_E+_Com_v1,6/15/2026 10:46,Any,Com,Ex,CZ03,cDXGF,Each,1,250000,None,45000,13.6,0.0413,45000,13.6,0.0413,,,,,,,,,20,,1871300,14477,,,1826300,14477,,,,,,
NE-HVAC-AirEcono-Adjust-ExSP63F,DEER2024,D24_E+_Com_v1,6/15/2026 10:46,Any,Com,Ex,CZ14,cDXGF,Each,1,177000,None,19100,0.00409,-0.0149,19100,0.00409,-0.0149,,,,,,,,,20,,1844500,16563,,,1825300,16563,,,,,,
NE-HVAC-AirEcono-Adjust-ExSP63F,DEER2024,D24_E+_Com_v1,6/15/2026 10:46,Any,Com,Ex,CZ01,cDXHP,Each,1,216000,None,6610,6.33,0.0477,6610,6.33,0.0477,,,,,,,,,20,,1560600,13867,,,1554000,13867,,,,,,
NE-HVAC-AirEcono-Adjust-ExSP63F,DEER2024,D24_E+_Com_v1,6/15/2026 10:46,Any,Com,Ex,CZ13,cDXHP,Each,1,214000,None,24500,0.0251,0.129,24500,0.0251,0.129,,,,,,,,,20,,2074600,10342,,,2050100,10342,,,,,,
NE-HVAC-AirEcono-Adjust-ExSP63F,DEER2024,D24_E+_Com_v1,6/15/2026 10:46,Any,Com,Ex,CZ08,cDXHP,Each,1,233000,None,39300,-0.0011,0.00333,39300,-0.0011,0.00333,,,,,,,,,20,,2075900,9257.2,,,2036700,9257.2,,,,,,
NE-HVAC-AirEcono-Adjust-ExSP63F,DEER2024,D24_E+_Com_v1,6/15/2026 10:46,Any,Com,Ex,CZ07,cDXHP,Each,1,210000,None,41300,0.00212,-0.00759,41300,0.00212,-0.00759,,,,,,,,,20,,1776400,7645.8,,,1735000,7645.8,,,,,,
NE-HVAC-AirEcono-Adjust-ExSP63F,DEER2024,D24_E+_Com_v1,6/15/2026 10:46,Any,Com,Ex,CZ12,cDXHP,Each,1,227000,None,29900,0.0259,-0.00171,29900,0.0259,-0.00171,,,,,,,,,20,,1982400,10449,,,1952500,10449,,,,,,
NE-HVAC-AirEcono-Adjust-ExSP63F,DEER2024,D24_E+_Com_v1,6/15/2026 10:46,Any,Com,Ex,CZ16,cDXHP,Each,1,245000,None,29300,2.35,-0.0523,29300,2.35,-0.0523,,,,,,,,,20,,2243600,19752,,,2214300,19752,,,,,,
NE-HVAC-AirEcono-Adjust-ExSP63F,DEER2024,D24_E+_Com_v1,6/15/2026 10:46,Any,Com,Ex,CZ03,cDXHP,Each,1,250000,None,45000,13.8,0.0691,45000,13.8,0.0691,,,,,,,,,20,,1895200,11137,,,1850200,11136,,,,,,
NE-HVAC-AirEcono-Adjust-ExSP63F,DEER2024,D24_E+_Com_v1,6/15/2026 10:46,Any,Com,Ex,CZ04,cDXHP,Each,1,234000,None,30000,0.00718,0.205,30000,0.00718,0.205,,,,,,,,,20,,2021200,11943,,,1991200,11943,,,,,,
NE-HVAC-AirEcono-Adjust-ExSP63F,DEER2024,D24_E+_Com_v1,6/15/2026 10:46,Any,Com,Ex,CZ10,cDXHP,Each,1,244000,None,30700,0.00368,-0.0422,30700,0.00368,-0.0422,,,,,,,,,20,,2122600,8963.2,,,2091900,8963.2,,,,,,
NE-HVAC-AirEcono-Adjust-ExSP63F,DEER2024,D24_E+_Com_v1,6/15/2026 10:46,Any,Com,Ex,CZ05,cDXHP,Each,1,233000,None,37400,9.7,-0.0115,37400,9.7,-0.0115,,,,,,,,,20,,1893200,12724,,,1855900,12724,,,,,,
NE-HVAC-AirEcono-Adjust-ExSP63F,DEER2024,D24_E+_Com_v1,6/15/2026 10:46,Any,Com,Ex,CZ15,cDXHP,Each,1,176000,None,16300,0.00074,0.0492,16300,0.00074,0.0492,,,,,,,,,20,,2022100,9701,,,2005800,9701,,,,,,
NE-HVAC-AirEcono-Adjust-ExSP63F,DEER2024,D24_E+_Com_v1,6/15/2026 10:46,Any,Com,Ex,CZ09,cDXHP,Each,1,218000,None,35400,-0.00177,-0.254,35400,-0.00177,-0.254,,,,,,,,,20,,1980100,8634.8,,,1944700,8635,,,,,,
NE-HVAC-AirEcono-Adjust-ExSP63F,DEER2024,D24_E+_Com_v1,6/15/2026 10:46,Any,Com,Ex,CZ02,cDXHP,Each,1,231000,None,24300,4.41,-0.214,24300,4.41,-0.214,,,,,,,,,20,,1907000,13884,,,1882700,13884,,,,,,
NE-HVAC-AirEcono-Adjust-ExSP63F,DEER2024,D24_E+_Com_v1,6/15/2026 10:46,Any,Com,Ex,CZ14,cDXHP,Each,1,177000,None,19300,0.00261,0.0294,19300,0.00261,0.0294,,,,,,,,,20,,1877200,13176,,,1857900,13176,,,,,,
NE-HVAC-AirEcono-Adjust-ExSP63F,DEER2024,D24_E+_Com_v1,6/15/2026 10:46,Any,Com,Ex,CZ06,cDXHP,Each,1,207000,None,45900,3.33,0.196,45900,3.33,0.196,,,,,,,,,20,,1764400,8804.2,,,1718400,8804,,,,,,
NE-HVAC-AirEcono-Adjust-ExSP63F,DEER2024,D24_E+_Com_v1,6/15/2026 10:46,Any,Com,Ex,CZ11,cDXHP,Each,1,234000,None,23300,0.0402,0.108,23300,0.0402,0.108,,,,,,,,,20,,2231600,11785,,,2208300,11784,,,,,,
NE-HVAC-AirEcono-Adjust-ExSP63F,DEER2024,D24_E+_Com_v1,6/15/2026 10:46,Any,Com,Ex,CZ13,cDXOH,Each,1,214000,None,24000,0.0192,-0.119,24000,0.0192,-0.119,,,,,,,,,20,,2035400,10376,,,2011400,10376,,,,,,
NE-HVAC-AirEcono-Adjust-ExSP63F,DEER2024,D24_E+_Com_v1,6/15/2026 10:46,Any,Com,Ex,CZ06,cDXOH,Each,1,207000,None,45800,3.3,-0.0115,45800,3.3,-0.0115,,,,,,,,,20,,1760900,8807.3,,,1715100,8807.3,,,,,,
NE-HVAC-AirEcono-Adjust-ExSP63F,DEER2024,D24_E+_Com_v1,6/15/2026 10:46,Any,Com,Ex,CZ08,cDXOH,Each,1,233000,None,38600,0.00028,0.0796,38600,0.00028,0.0796,,,,,,,,,20,,2064500,9261.3,,,2025800,9261.3,,,,,,
NE-HVAC-AirEcono-Adjust-ExSP63F,DEER2024,D24_E+_Com_v1,6/15/2026 10:46,Any,Com,Ex,CZ14,cDXOH,Each,1,177000,None,18700,0.00304,-0.0321,18700,0.00304,-0.0321,,,,,,,,,20,,1843600,13209,,,1824900,13209,,,,,,
NE-HVAC-AirEcono-Adjust-ExSP63F,DEER2024,D24_E+_Com_v1,6/15/2026 10:46,Any,Com,Ex,CZ04,cDXOH,Each,1,234000,None,29200,0.00433,0.00958,29200,0.00433,0.00958,,,,,,,,,20,,1987000,11971,,,1957700,11971,,,,,,
NE-HVAC-AirEcono-Adjust-ExSP63F,DEER2024,D24_E+_Com_v1,6/15/2026 10:46,Any,Com,Ex,CZ02,cDXOH,Each,1,231000,None,23700,4.35,-0.111,23700,4.35,-0.111,,,,,,,,,20,,1865200,13932,,,1841500,13932,,,,,,
NE-HVAC-AirEcono-Adjust-ExSP63F,DEER2024,D24_E+_Com_v1,6/15/2026 10:46,Any,Com,Ex,CZ16,cDXOH,Each,1,245000,None,28800,2.33,0.0574,28800,2.33,0.0574,,,,,,,,,20,,2160500,19883,,,2131700,19883,,,,,,
NE-HVAC-AirEcono-Adjust-ExSP63F,DEER2024,D24_E+_Com_v1,6/15/2026 10:46,Any,Com,Ex,CZ10,cDXOH,Each,1,244000,None,29800,0.00433,-0.0427,29800,0.00433,-0.0427,,,,,,,,,20,,2093500,8968.5,,,2063600,8968.6,,,,,,
NE-HVAC-AirEcono-Adjust-ExSP63F,DEER2024,D24_E+_Com_v1,6/15/2026 10:46,Any,Com,Ex,CZ05,cDXOH,Each,1,233000,None,37500,9.58,-0.0618,37500,9.58,-0.0618,,,,,,,,,20,,1874700,12745,,,1837100,12745,,,,,,
NE-HVAC-AirEcono-Adjust-ExSP63F,DEER2024,D24_E+_Com_v1,6/15/2026 10:46,Any,Com,Ex,CZ12,cDXOH,Each,1,227000,None,29300,0.0143,0.0128,29300,0.0143,0.0128,,,,,,,,,20,,1939900,10485,,,1910700,10485,,,,,,
NE-HVAC-AirEcono-Adjust-ExSP63F,DEER2024,D24_E+_Com_v1,6/15/2026 10:46,Any,Com,Ex,CZ01,cDXOH,Each,1,216000,None,6600,6.02,0.0612,6600,6.02,0.0612,,,,,,,,,20,,1503100,13951,,,1496500,13951,,,,,,
NE-HVAC-AirEcono-Adjust-ExSP63F,DEER2024,D24_E+_Com_v1,6/15/2026 10:46,Any,Com,Ex,CZ11,cDXOH,Each,1,234000,None,22700,-0.0654,-0.0083,22700,-0.0654,-0.0083,,,,,,,,,20,,2179800,11827,,,2157200,11827,,,,,,
NE-HVAC-AirEcono-Adjust-ExSP63F,DEER2024,D24_E+_Com_v1,6/15/2026 10:46,Any,Com,Ex,CZ09,cDXOH,Each,1,218000,None,35100,-0.00245,0.0985,35100,-0.00245,0.0985,,,,,,,,,20,,1965600,8640.9,,,1930600,8640.8,,,,,,
NE-HVAC-AirEcono-Adjust-ExSP63F,DEER2024,D24_E+_Com_v1,6/15/2026 10:46,Any,Com,Ex,CZ07,cDXOH,Each,1,210000,None,41300,-0.00628,-0.0154,41300,-0.00628,-0.0154,,,,,,,,,20,,1773300,7647.4,,,1732000,7647.4,,,,,,
NE-HVAC-AirEcono-Adjust-ExSP63F,DEER2024,D24_E+_Com_v1,6/15/2026 10:46,Any,Com,Ex,CZ03,cDXOH,Each,1,250000,None,44800,13.6,0.0545,44800,13.6,0.0545,,,,,,,,,20,,1872000,11157,,,1827200,11157,,,,,,
NE-HVAC-AirEcono-Adjust-ExSP63F,DEER2024,D24_E+_Com_v1,6/15/2026 10:46,Any,Com,Ex,CZ15,cDXOH,Each,1,176000,None,16100,-0.00271,0.102,16100,-0.00271,0.102,,,,,,,,,20,,2014700,9704.2,,,1998600,9704.1,,,,,,
NE-HVAC-AirEcono-Adjust-ExSP63F,DEER2024,D24_E+_Com_v1,6/15/2026 10:46,Any,Com,Ex,CZ08,cPVVG,Each,1,233000,None,26200,-0.00055,0.0155,26200,-0.00055,0.0155,,,,,,,,,20,,1732200,12276,,,1706000,12276,,,,,,
NE-HVAC-AirEcono-Adjust-ExSP63F,DEER2024,D24_E+_Com_v1,6/15/2026 10:46,Any,Com,Ex,CZ15,cPVVG,Each,1,176000,None,11600,-0.0007,0.0163,11600,-0.0007,0.0163,,,,,,,,,20,,1812600,10561,,,1801000,10561,,,,,,
NE-HVAC-AirEcono-Adjust-ExSP63F,DEER2024,D24_E+_Com_v1,6/15/2026 10:46,Any,Com,Ex,CZ13,cPVVG,Each,1,214000,None,16600,0.0272,-0.288,16600,0.0272,-0.288,,,,,,,,,20,,1733900,18192,,,1717300,18193,,,,,,
NE-HVAC-AirEcono-Adjust-ExSP63F,DEER2024,D24_E+_Com_v1,6/15/2026 10:46,Any,Com,Ex,CZ02,cPVVG,Each,1,231000,None,16600,2.79,-0.0125,16600,2.79,-0.0125,,,,,,,,,20,,1520400,22670,,,1503800,22670,,,,,,
NE-HVAC-AirEcono-Adjust-ExSP63F,DEER2024,D24_E+_Com_v1,6/15/2026 10:46,Any,Com,Ex,CZ04,cPVVG,Each,1,234000,None,22300,-0.0024,-0.208,22300,-0.0024,-0.208,,,,,,,,,20,,1632300,18198,,,1610000,18198,,,,,,
NE-HVAC-AirEcono-Adjust-ExSP63F,DEER2024,D24_E+_Com_v1,6/15/2026 10:46,Any,Com,Ex,CZ14,cPVVG,Each,1,177000,None,13800,0.00349,0.0691,13800,0.00349,0.0691,,,,,,,,,20,,1589600,18252,,,1575800,18252,,,,,,
NE-HVAC-AirEcono-Adjust-ExSP63F,DEER2024,D24_E+_Com_v1,6/15/2026 10:46,Any,Com,Ex,CZ07,cPVVG,Each,1,210000,None,30100,-0.00218,0.084,30100,-0.00218,0.084,,,,,,,,,20,,1505600,9064.5,,,1475500,9064.5,,,,,,
NE-HVAC-AirEcono-Adjust-ExSP63F,DEER2024,D24_E+_Com_v1,6/15/2026 10:46,Any,Com,Ex,CZ16,cPVVG,Each,1,245000,None,20700,1.84,-0.036,20700,1.84,-0.036,,,,,,,,,20,,1755800,33437,,,1735000,33437,,,,,,
NE-HVAC-AirEcono-Adjust-ExSP63F,DEER2024,D24_E+_Com_v1,6/15/2026 10:46,Any,Com,Ex,CZ01,cPVVG,Each,1,216000,None,4200,4.23,0.0221,4200,4.23,0.0221,,,,,,,,,20,,1182500,28933,,,1178300,28933,,,,,,
NE-HVAC-AirEcono-Adjust-ExSP63F,DEER2024,D24_E+_Com_v1,6/15/2026 10:46,Any,Com,Ex,CZ11,cPVVG,Each,1,234000,None,15400,-0.0216,0.281,15400,-0.0216,0.281,,,,,,,,,20,,1840800,21817,,,1825400,21817,,,,,,
NE-HVAC-AirEcono-Adjust-ExSP63F,DEER2024,D24_E+_Com_v1,6/15/2026 10:46,Any,Com,Ex,CZ09,cPVVG,Each,1,218000,None,25200,-0.00235,-0.0549,25200,-0.00235,-0.0549,,,,,,,,,20,,1650000,11642,,,1624800,11642,,,,,,
NE-HVAC-AirEcono-Adjust-ExSP63F,DEER2024,D24_E+_Com_v1,6/15/2026 10:46,Any,Com,Ex,CZ05,cPVVG,Each,1,233000,None,29200,7.21,0.0711,29200,7.21,0.0711,,,,,,,,,20,,1586700,16706,,,1557600,16706,,,,,,
NE-HVAC-AirEcono-Adjust-ExSP63F,DEER2024,D24_E+_Com_v1,6/15/2026 10:46,Any,Com,Ex,CZ06,cPVVG,Each,1,207000,None,33400,2.56,-0.261,33400,2.56,-0.261,,,,,,,,,20,,1497900,10526,,,1464400,10527,,,,,,
NE-HVAC-AirEcono-Adjust-ExSP63F,DEER2024,D24_E+_Com_v1,6/15/2026 10:46,Any,Com,Ex,CZ12,cPVVG,Each,1,227000,None,19300,0.00918,0.197,19300,0.00918,0.197,,,,,,,,,20,,1563700,20112,,,1544400,20112,,,,,,
NE-HVAC-AirEcono-Adjust-ExSP63F,DEER2024,D24_E+_Com_v1,6/15/2026 10:46,Any,Com,Ex,CZ03,cPVVG,Each,1,250000,None,33900,9.83,-0.00967,33900,9.83,-0.00967,,,,,,,,,20,,1509900,16925,,,1476000,16925,,,,,,
NE-HVAC-AirEcono-Adjust-ExSP63F,DEER2024,D24_E+_Com_v1,6/15/2026 10:46,Any,Com,Ex,CZ10,cPVVG,Each,1,244000,None,17500,0.00025,0.00599,17500,0.00025,0.00599,,,,,,,,,20,,1707700,14756,,,1690200,14756,,,,,,
NE-HVAC-AirEcono-Adjust-ExSP68F,DEER2024,D24_E+_Com_v1,6/15/2026 10:46,Any,Com,Ex,CZ03,cDXGF,Each,1,250000,None,10100,6.1,0.0323,10100,6.1,0.0323,,,,,,,,,20,,1836500,14477,,,1826300,14477,,,,,,
NE-HVAC-AirEcono-Adjust-ExSP68F,DEER2024,D24_E+_Com_v1,6/15/2026 10:46,Any,Com,Ex,CZ12,cDXGF,Each,1,227000,None,10900,0.00972,-0.0399,10900,0.00972,-0.0399,,,,,,,,,20,,1912800,16714,,,1902000,16714,,,,,,
NE-HVAC-AirEcono-Adjust-ExSP68F,DEER2024,D24_E+_Com_v1,6/15/2026 10:46,Any,Com,Ex,CZ14,cDXGF,Each,1,177000,None,6960,0.00401,0.0949,6960,0.00401,0.0949,,,,,,,,,20,,1832300,16564,,,1825300,16563,,,,,,
NE-HVAC-AirEcono-Adjust-ExSP68F,DEER2024,D24_E+_Com_v1,6/15/2026 10:46,Any,Com,Ex,CZ10,cDXGF,Each,1,244000,None,12300,0.00372,0.0742,12300,0.00372,0.0742,,,,,,,,,20,,2077500,12404,,,2065200,12404,,,,,,
NE-HVAC-AirEcono-Adjust-ExSP68F,DEER2024,D24_E+_Com_v1,6/15/2026 10:46,Any,Com,Ex,CZ04,cDXGF,Each,1,234000,None,9680,0.00309,0.0615,9680,0.00309,0.0615,,,,,,,,,20,,1966400,15749,,,1956700,15749,,,,,,
NE-HVAC-AirEcono-Adjust-ExSP68F,DEER2024,D24_E+_Com_v1,6/15/2026 10:46,Any,Com,Ex,CZ15,cDXGF,Each,1,176000,None,6730,-0.00328,0.0218,6730,-0.00328,0.0218,,,,,,,,,20,,2005700,10210,,,1999000,10210,,,,,,
NE-HVAC-AirEcono-Adjust-ExSP68F,DEER2024,D24_E+_Com_v1,6/15/2026 10:46,Any,Com,Ex,CZ16,cDXGF,Each,1,245000,None,11500,2.33,0.0277,11500,2.33,0.0277,,,,,,,,,20,,2130400,28897,,,2118900,28897,,,,,,
NE-HVAC-AirEcono-Adjust-ExSP68F,DEER2024,D24_E+_Com_v1,6/15/2026 10:46,Any,Com,Ex,CZ07,cDXGF,Each,1,210000,None,4030,-0.00746,0.144,4030,-0.00746,0.144,,,,,,,,,20,,1736800,8340.8,,,1732800,8340.6,,,,,,
NE-HVAC-AirEcono-Adjust-ExSP68F,DEER2024,D24_E+_Com_v1,6/15/2026 10:46,Any,Com,Ex,CZ02,cDXGF,Each,1,231000,None,7770,1.89,-0.051,7770,1.89,-0.051,,,,,,,,,20,,1846000,19340,,,1838300,19340,,,,,,
NE-HVAC-AirEcono-Adjust-ExSP68F,DEER2024,D24_E+_Com_v1,6/15/2026 10:46,Any,Com,Ex,CZ05,cDXGF,Each,1,233000,None,11700,3.2,0.141,11700,3.2,0.141,,,,,,,,,20,,1850500,14988,,,1838800,14988,,,,,,
NE-HVAC-AirEcono-Adjust-ExSP68F,DEER2024,D24_E+_Com_v1,6/15/2026 10:46,Any,Com,Ex,CZ13,cDXGF,Each,1,214000,None,10200,0.0152,-0.165,10200,0.0152,-0.165,,,,,,,,,20,,2014500,15738,,,2004300,15738,,,,,,
NE-HVAC-AirEcono-Adjust-ExSP68F,DEER2024,D24_E+_Com_v1,6/15/2026 10:46,Any,Com,Ex,CZ09,cDXGF,Each,1,218000,None,9390,-0.00124,0.0295,9390,-0.00124,0.0295,,,,,,,,,20,,1941200,10399,,,1931800,10399,,,,,,
NE-HVAC-AirEcono-Adjust-ExSP68F,DEER2024,D24_E+_Com_v1,6/15/2026 10:46,Any,Com,Ex,CZ06,cDXGF,Each,1,207000,None,11200,3.3,-0.104,11200,3.3,-0.104,,,,,,,,,20,,1726800,9702.3,,,1715700,9702.4,,,,,,
NE-HVAC-AirEcono-Adjust-ExSP68F,DEER2024,D24_E+_Com_v1,6/15/2026 10:46,Any,Com,Ex,CZ01,cDXGF,Each,1,216000,None,433,0.529,-0.00695,433,0.529,-0.00695,,,,,,,,,20,,1485900,23038,,,1485500,23038,,,,,,
NE-HVAC-AirEcono-Adjust-ExSP68F,DEER2024,D24_E+_Com_v1,6/15/2026 10:46,Any,Com,Ex,CZ11,cDXGF,Each,1,234000,None,8990,-0.0541,-0.00341,8990,-0.0541,-0.00341,,,,,,,,,20,,2159100,18659,,,2150100,18659,,,,,,
NE-HVAC-AirEcono-Adjust-ExSP68F,DEER2024,D24_E+_Com_v1,6/15/2026 10:46,Any,Com,Ex,CZ08,cDXGF,Each,1,233000,None,12600,0.00331,0.11,12600,0.00331,0.11,,,,,,,,,20,,2039700,10920,,,2027200,10920,,,,,,
NE-HVAC-AirEcono-Adjust-ExSP68F,DEER2024,D24_E+_Com_v1,6/15/2026 10:46,Any,Com,Ex,CZ11,cDXHP,Each,1,234000,None,9060,0.0307,-0.0523,9060,0.0307,-0.0523,,,,,,,,,20,,2217300,11784,,,2208300,11784,,,,,,
NE-HVAC-AirEcono-Adjust-ExSP68F,DEER2024,D24_E+_Com_v1,6/15/2026 10:46,Any,Com,Ex,CZ04,cDXHP,Each,1,234000,None,9770,0.00107,0.091,9770,0.00107,0.091,,,,,,,,,20,,2001000,11943,,,1991200,11943,,,,,,
NE-HVAC-AirEcono-Adjust-ExSP68F,DEER2024,D24_E+_Com_v1,6/15/2026 10:46,Any,Com,Ex,CZ10,cDXHP,Each,1,244000,None,12500,0.003,-0.0491,12500,0.003,-0.0491,,,,,,,,,20,,2104400,8963.2,,,2091900,8963.2,,,,,,
NE-HVAC-AirEcono-Adjust-ExSP68F,DEER2024,D24_E+_Com_v1,6/15/2026 10:46,Any,Com,Ex,CZ09,cDXHP,Each,1,218000,None,9430,-0.00161,0.103,9430,-0.00161,0.103,,,,,,,,,20,,1954100,8635.1,,,1944700,8635,,,,,,
NE-HVAC-AirEcono-Adjust-ExSP68F,DEER2024,D24_E+_Com_v1,6/15/2026 10:46,Any,Com,Ex,CZ12,cDXHP,Each,1,227000,None,11000,0.00997,-0.0315,11000,0.00997,-0.0315,,,,,,,,,20,,1963500,10448,,,1952500,10449,,,,,,
NE-HVAC-AirEcono-Adjust-ExSP68F,DEER2024,D24_E+_Com_v1,6/15/2026 10:46,Any,Com,Ex,CZ05,cDXHP,Each,1,233000,None,11300,3.23,0.0342,11300,3.23,0.0342,,,,,,,,,20,,1867200,12724,,,1855900,12724,,,,,,
NE-HVAC-AirEcono-Adjust-ExSP68F,DEER2024,D24_E+_Com_v1,6/15/2026 10:46,Any,Com,Ex,CZ06,cDXHP,Each,1,207000,None,11400,3.33,0.00747,11400,3.33,0.00747,,,,,,,,,20,,1729800,8804,,,1718400,8804,,,,,,
NE-HVAC-AirEcono-Adjust-ExSP68F,DEER2024,D24_E+_Com_v1,6/15/2026 10:46,Any,Com,Ex,CZ01,cDXHP,Each,1,216000,None,429,0.529,0.00328,429,0.529,0.00328,,,,,,,,,20,,1554400,13867,,,1554000,13867,,,,,,
NE-HVAC-AirEcono-Adjust-ExSP68F,DEER2024,D24_E+_Com_v1,6/15/2026 10:46,Any,Com,Ex,CZ07,cDXHP,Each,1,210000,None,4020,0.00532,-0.0329,4020,0.00532,-0.0329,,,,,,,,,20,,1739100,7645.8,,,1735000,7645.8,,,,,,
NE-HVAC-AirEcono-Adjust-ExSP68F,DEER2024,D24_E+_Com_v1,6/15/2026 10:46,Any,Com,Ex,CZ13,cDXHP,Each,1,214000,None,10300,0.0232,-0.123,10300,0.0232,-0.123,,,,,,,,,20,,2060400,10342,,,2050100,10342,,,,,,
NE-HVAC-AirEcono-Adjust-ExSP68F,DEER2024,D24_E+_Com_v1,6/15/2026 10:46,Any,Com,Ex,CZ02,cDXHP,Each,1,231000,None,7780,1.92,-0.184,7780,1.92,-0.184,,,,,,,,,20,,1890500,13884,,,1882700,13884,,,,,,
NE-HVAC-AirEcono-Adjust-ExSP68F,DEER2024,D24_E+_Com_v1,6/15/2026 10:46,Any,Com,Ex,CZ03,cDXHP,Each,1,250000,None,10100,6.2,0.0458,10100,6.2,0.0458,,,,,,,,,20,,1860300,11137,,,1850200,11136,,,,,,
NE-HVAC-AirEcono-Adjust-ExSP68F,DEER2024,D24_E+_Com_v1,6/15/2026 10:46,Any,Com,Ex,CZ08,cDXHP,Each,1,233000,None,12700,-0.00457,0.06,12700,-0.00457,0.06,,,,,,,,,20,,2049400,9257.3,,,2036700,9257.2,,,,,,
NE-HVAC-AirEcono-Adjust-ExSP68F,DEER2024,D24_E+_Com_v1,6/15/2026 10:46,Any,Com,Ex,CZ16,cDXHP,Each,1,245000,None,11600,2.35,-0.0952,11600,2.35,-0.0952,,,,,,,,,20,,2225900,19752,,,2214300,19752,,,,,,
NE-HVAC-AirEcono-Adjust-ExSP68F,DEER2024,D24_E+_Com_v1,6/15/2026 10:46,Any,Com,Ex,CZ15,cDXHP,Each,1,176000,None,6770,0.00471,0.0611,6770,0.00471,0.0611,,,,,,,,,20,,2012600,9701.1,,,2005800,9701,,,,,,
NE-HVAC-AirEcono-Adjust-ExSP68F,DEER2024,D24_E+_Com_v1,6/15/2026 10:46,Any,Com,Ex,CZ14,cDXHP,Each,1,177000,None,7020,0.00317,0.104,7020,0.00317,0.104,,,,,,,,,20,,1864900,13176,,,1857900,13176,,,,,,
NE-HVAC-AirEcono-Adjust-ExSP68F,DEER2024,D24_E+_Com_v1,6/15/2026 10:46,Any,Com,Ex,CZ04,cDXOH,Each,1,234000,None,9490,0.00369,-0.0652,9490,0.00369,-0.0652,,,,,,,,,20,,1967200,11971,,,1957700,11971,,,,,,
NE-HVAC-AirEcono-Adjust-ExSP68F,DEER2024,D24_E+_Com_v1,6/15/2026 10:46,Any,Com,Ex,CZ14,cDXOH,Each,1,177000,None,6840,0.00296,-0.0425,6840,0.00296,-0.0425,,,,,,,,,20,,1831700,13209,,,1824900,13209,,,,,,
NE-HVAC-AirEcono-Adjust-ExSP68F,DEER2024,D24_E+_Com_v1,6/15/2026 10:46,Any,Com,Ex,CZ09,cDXOH,Each,1,218000,None,9310,-0.00228,0.0798,9310,-0.00228,0.0798,,,,,,,,,20,,1939900,8640.9,,,1930600,8640.8,,,,,,
NE-HVAC-AirEcono-Adjust-ExSP68F,DEER2024,D24_E+_Com_v1,6/15/2026 10:46,Any,Com,Ex,CZ06,cDXOH,Each,1,207000,None,11100,3.29,-0.0251,11100,3.29,-0.0251,,,,,,,,,20,,1726200,8807.2,,,1715100,8807.3,,,,,,
NE-HVAC-AirEcono-Adjust-ExSP68F,DEER2024,D24_E+_Com_v1,6/15/2026 10:46,Any,Com,Ex,CZ11,cDXOH,Each,1,234000,None,8710,-0.0473,-0.139,8710,-0.0473,-0.139,,,,,,,,,20,,2165900,11827,,,2157200,11827,,,,,,
NE-HVAC-AirEcono-Adjust-ExSP68F,DEER2024,D24_E+_Com_v1,6/15/2026 10:46,Any,Com,Ex,CZ02,cDXOH,Each,1,231000,None,7570,1.9,-0.152,7570,1.9,-0.152,,,,,,,,,20,,1849100,13932,,,1841500,13932,,,,,,
NE-HVAC-AirEcono-Adjust-ExSP68F,DEER2024,D24_E+_Com_v1,6/15/2026 10:46,Any,Com,Ex,CZ10,cDXOH,Each,1,244000,None,12000,0.0031,0.0307,12000,0.0031,0.0307,,,,,,,,,20,,2075600,8968.6,,,2063600,8968.6,,,,,,
NE-HVAC-AirEcono-Adjust-ExSP68F,DEER2024,D24_E+_Com_v1,6/15/2026 10:46,Any,Com,Ex,CZ12,cDXOH,Each,1,227000,None,10700,0.00666,0.032,10700,0.00666,0.032,,,,,,,,,20,,1921400,10485,,,1910700,10485,,,,,,
NE-HVAC-AirEcono-Adjust-ExSP68F,DEER2024,D24_E+_Com_v1,6/15/2026 10:46,Any,Com,Ex,CZ15,cDXOH,Each,1,176000,None,6710,-0.00381,0.0738,6710,-0.00381,0.0738,,,,,,,,,20,,2005300,9704.2,,,1998600,9704.1,,,,,,
NE-HVAC-AirEcono-Adjust-ExSP68F,DEER2024,D24_E+_Com_v1,6/15/2026 10:46,Any,Com,Ex,CZ07,cDXOH,Each,1,210000,None,4020,-0.0101,0.0218,4020,-0.0101,0.0218,,,,,,,,,20,,1736000,7647.5,,,1732000,7647.4,,,,,,
NE-HVAC-AirEcono-Adjust-ExSP68F,DEER2024,D24_E+_Com_v1,6/15/2026 10:46,Any,Com,Ex,CZ01,cDXOH,Each,1,216000,None,408,0.531,0.0925,408,0.531,0.0925,,,,,,,,,20,,1496900,13951,,,1496500,13951,,,,,,
NE-HVAC-AirEcono-Adjust-ExSP68F,DEER2024,D24_E+_Com_v1,6/15/2026 10:46,Any,Com,Ex,CZ13,cDXOH,Each,1,214000,None,10100,0.0178,-0.111,10100,0.0178,-0.111,,,,,,,,,20,,2021500,10376,,,2011400,10376,,,,,,
NE-HVAC-AirEcono-Adjust-ExSP68F,DEER2024,D24_E+_Com_v1,6/15/2026 10:46,Any,Com,Ex,CZ03,cDXOH,Each,1,250000,None,10100,6.1,0.0359,10100,6.1,0.0359,,,,,,,,,20,,1837300,11157,,,1827200,11157,,,,,,
NE-HVAC-AirEcono-Adjust-ExSP68F,DEER2024,D24_E+_Com_v1,6/15/2026 10:46,Any,Com,Ex,CZ16,cDXOH,Each,1,245000,None,11500,2.33,0.105,11500,2.33,0.105,,,,,,,,,20,,2143100,19883,,,2131700,19883,,,,,,
NE-HVAC-AirEcono-Adjust-ExSP68F,DEER2024,D24_E+_Com_v1,6/15/2026 10:46,Any,Com,Ex,CZ08,cDXOH,Each,1,233000,None,12500,-0.0017,0.0924,12500,-0.0017,0.0924,,,,,,,,,20,,2038300,9261.3,,,2025800,9261.3,,,,,,
NE-HVAC-AirEcono-Adjust-ExSP68F,DEER2024,D24_E+_Com_v1,6/15/2026 10:46,Any,Com,Ex,CZ05,cDXOH,Each,1,233000,None,11600,3.22,0.0581,11600,3.22,0.0581,,,,,,,,,20,,1848700,12745,,,1837100,12745,,,,,,
NE-HVAC-AirEcono-Adjust-ExSP68F,DEER2024,D24_E+_Com_v1,6/15/2026 10:46,Any,Com,Ex,CZ09,cPVVG,Each,1,218000,None,7130,-0.00189,0.0794,7130,-0.00189,0.0794,,,,,,,,,20,,1631900,11642,,,1624800,11642,,,,,,
NE-HVAC-AirEcono-Adjust-ExSP68F,DEER2024,D24_E+_Com_v1,6/15/2026 10:46,Any,Com,Ex,CZ06,cPVVG,Each,1,207000,None,8670,2.56,0.0328,8670,2.56,0.0328,,,,,,,,,20,,1473100,10527,,,1464400,10527,,,,,,
NE-HVAC-AirEcono-Adjust-ExSP68F,DEER2024,D24_E+_Com_v1,6/15/2026 10:46,Any,Com,Ex,CZ16,cPVVG,Each,1,245000,None,8740,1.83,-0.102,8740,1.83,-0.102,,,,,,,,,20,,1743800,33437,,,1735000,33437,,,,,,
NE-HVAC-AirEcono-Adjust-ExSP68F,DEER2024,D24_E+_Com_v1,6/15/2026 10:46,Any,Com,Ex,CZ02,cPVVG,Each,1,231000,None,5140,1.23,0.0834,5140,1.23,0.0834,,,,,,,,,20,,1508900,22670,,,1503800,22670,,,,,,
NE-HVAC-AirEcono-Adjust-ExSP68F,DEER2024,D24_E+_Com_v1,6/15/2026 10:46,Any,Com,Ex,CZ08,cPVVG,Each,1,233000,None,8880,0.00028,-0.00582,8880,0.00028,-0.00582,,,,,,,,,20,,1714900,12276,,,1706000,12276,,,,,,
NE-HVAC-AirEcono-Adjust-ExSP68F,DEER2024,D24_E+_Com_v1,6/15/2026 10:46,Any,Com,Ex,CZ12,cPVVG,Each,1,227000,None,7140,0.00603,0.177,7140,0.00603,0.177,,,,,,,,,20,,1551500,20112,,,1544400,20112,,,,,,
NE-HVAC-AirEcono-Adjust-ExSP68F,DEER2024,D24_E+_Com_v1,6/15/2026 10:46,Any,Com,Ex,CZ01,cPVVG,Each,1,216000,None,250,0.255,0.141,250,0.255,0.141,,,,,,,,,20,,1178600,28933,,,1178300,28933,,,,,,
NE-HVAC-AirEcono-Adjust-ExSP68F,DEER2024,D24_E+_Com_v1,6/15/2026 10:46,Any,Com,Ex,CZ10,cPVVG,Each,1,244000,None,7680,0.00161,0.0812,7680,0.00161,0.0812,,,,,,,,,20,,1697900,14757,,,1690200,14756,,,,,,
NE-HVAC-AirEcono-Adjust-ExSP68F,DEER2024,D24_E+_Com_v1,6/15/2026 10:46,Any,Com,Ex,CZ15,cPVVG,Each,1,176000,None,5190,-0.0014,-0.0608,5190,-0.0014,-0.0608,,,,,,,,,20,,1806200,10561,,,1801000,10561,,,,,,
NE-HVAC-AirEcono-Adjust-ExSP68F,DEER2024,D24_E+_Com_v1,6/15/2026 10:46,Any,Com,Ex,CZ13,cPVVG,Each,1,214000,None,7430,0.0217,-0.297,7430,0.0217,-0.297,,,,,,,,,20,,1724700,18192,,,1717300,18193,,,,,,
NE-HVAC-AirEcono-Adjust-ExSP68F,DEER2024,D24_E+_Com_v1,6/15/2026 10:46,Any,Com,Ex,CZ07,cPVVG,Each,1,210000,None,3110,-0.00884,0.205,3110,-0.00884,0.205,,,,,,,,,20,,1478600,9064.7,,,1475500,9064.5,,,,,,
NE-HVAC-AirEcono-Adjust-ExSP68F,DEER2024,D24_E+_Com_v1,6/15/2026 10:46,Any,Com,Ex,CZ03,cPVVG,Each,1,250000,None,7690,4.51,-0.0118,7690,4.51,-0.0118,,,,,,,,,20,,1483700,16925,,,1476000,16925,,,,,,
NE-HVAC-AirEcono-Adjust-ExSP68F,DEER2024,D24_E+_Com_v1,6/15/2026 10:46,Any,Com,Ex,CZ04,cPVVG,Each,1,234000,None,7310,-0.00235,-0.126,7310,-0.00235,-0.126,,,,,,,,,20,,1617300,18198,,,1610000,18198,,,,,,
NE-HVAC-AirEcono-Adjust-ExSP68F,DEER2024,D24_E+_Com_v1,6/15/2026 10:46,Any,Com,Ex,CZ14,cPVVG,Each,1,177000,None,5280,0.00455,-0.0759,5280,0.00455,-0.0759,,,,,,,,,20,,1581100,18251,,,1575800,18252,,,,,,
NE-HVAC-AirEcono-Adjust-ExSP68F,DEER2024,D24_E+_Com_v1,6/15/2026 10:46,Any,Com,Ex,CZ05,cPVVG,Each,1,233000,None,9320,2.43,0.144,9320,2.43,0.144,,,,,,,,,20,,1566900,16706,,,1557600,16706,,,,,,
NE-HVAC-AirEcono-Adjust-ExSP68F,DEER2024,D24_E+_Com_v1,6/15/2026 10:46,Any,Com,Ex,CZ11,cPVVG,Each,1,234000,None,6160,-0.0128,0.244,6160,-0.0128,0.244,,,,,,,,,20,,1831500,21817,,,1825400,21817,,,,,,
