EnergyImpactID,Version,VersionSource,LastMod,PA,BldgType,BldgVint,BldgLoc,BldgHVAC,NormUnit,NumUnit,MeasArea,ScaleBasis,APreWBkWh,APreWBkW,APreWBtherm,AStdWBkWh,AStdWBkW,AStdWBtherm,APreEUkWh,APreEUkW,APreEUtherm,AStdEUkWh,AStdEUkW,AStdEUtherm,ElecImpactProfileID,GasImpactProfileID,Flag,SourceDesc,APreUseWBkWh,APreUseWBtherm,AStdUseWBkWh,AStdUseWBtherm,AMsrUseWBkWh,AMsrUseWBtherm,APreUseEUkWh,APreUseEUtherm,AStdUseEUkWh,AStdUseEUtherm,AMsrUseEUkWh,AMsrUseEUtherm
NE-HVAC-Unitary-addSRM,DEER2024,D24_E+_Com_v1,2026-07-16 22:55:44,Any,Asm,Ex,CZ01,cDXGF,Each,1,68000,None,144000,23.7,1160,6750,1.51,-184,,,,,,,,,20,"",506900,13402,369680,12060,362930,12244,,,,,,
NE-HVAC-Unitary-addSRM,DEER2024,D24_E+_Com_v1,2026-07-16 22:55:44,Any,Asm,Ex,CZ02,cDXGF,Each,1,68000,None,150000,21.9,-363,7780,1.41,-150,,,,,,,,,20,"",599690,9656.5,457580,9870.0,449790,10020,,,,,,
NE-HVAC-Unitary-addSRM,DEER2024,D24_E+_Com_v1,2026-07-16 22:55:44,Any,Asm,Ex,CZ03,cDXGF,Each,1,68000,None,142000,21.1,366,7580,1.48,-105,,,,,,,,,20,"",546380,6370.9,411810,5900.0,404230,6004.8,,,,,,
NE-HVAC-Unitary-addSRM,DEER2024,D24_E+_Com_v1,2026-07-16 22:55:44,Any,Asm,Ex,CZ04,cDXGF,Each,1,68000,None,157000,22.8,-427,8310,1.28,-116,,,,,,,,,20,"",673020,7878.3,524250,8189.2,515940,8305.6,,,,,,
NE-HVAC-Unitary-addSRM,DEER2024,D24_E+_Com_v1,2026-07-16 22:55:44,Any,Asm,Ex,CZ05,cDXGF,Each,1,68000,None,144000,23.9,122,7780,1.47,-106,,,,,,,,,20,"",559560,6229.3,423130,6000.6,415350,6107.0,,,,,,
NE-HVAC-Unitary-addSRM,DEER2024,D24_E+_Com_v1,2026-07-16 22:55:44,Any,Asm,Ex,CZ06,cDXGF,Each,1,68000,None,142000,25.7,66,8730,1.59,-50.4,,,,,,,,,20,"",604790,2140.1,471200,2023.7,462470,2074.1,,,,,,
NE-HVAC-Unitary-addSRM,DEER2024,D24_E+_Com_v1,2026-07-16 22:55:44,Any,Asm,Ex,CZ07,cDXGF,Each,1,68000,None,145000,23.5,12.6,8710,1.57,-49.6,,,,,,,,,20,"",610760,1970.5,474860,1908.3,466160,1957.9,,,,,,
NE-HVAC-Unitary-addSRM,DEER2024,D24_E+_Com_v1,2026-07-16 22:55:44,Any,Asm,Ex,CZ08,cDXGF,Each,1,68000,None,151000,22.7,-61.6,9090,1.28,-43.1,,,,,,,,,20,"",677470,2526.8,535140,2545.2,526050,2588.3,,,,,,
NE-HVAC-Unitary-addSRM,DEER2024,D24_E+_Com_v1,2026-07-16 22:55:44,Any,Asm,Ex,CZ09,cDXGF,Each,1,68000,None,159000,23.4,-188,9080,1.28,-58.9,,,,,,,,,20,"",688920,3125.3,539270,3254.1,530190,3313.0,,,,,,
NE-HVAC-Unitary-addSRM,DEER2024,D24_E+_Com_v1,2026-07-16 22:55:44,Any,Asm,Ex,CZ10,cDXGF,Each,1,68000,None,156000,21.4,-168,8770,1.18,-62.1,,,,,,,,,20,"",709130,3333.3,562340,3439.3,553570,3501.3,,,,,,
NE-HVAC-Unitary-addSRM,DEER2024,D24_E+_Com_v1,2026-07-16 22:55:44,Any,Asm,Ex,CZ11,cDXGF,Each,1,68000,None,155000,16.2,-626,8260,0.996,-119,,,,,,,,,20,"",733140,8079.4,585960,8585.9,577700,8705.4,,,,,,
NE-HVAC-Unitary-addSRM,DEER2024,D24_E+_Com_v1,2026-07-16 22:55:44,Any,Asm,Ex,CZ12,cDXGF,Each,1,68000,None,153000,18,-411,8180,1.05,-110,,,,,,,,,20,"",660700,8205.8,515880,8507.2,507700,8616.9,,,,,,
NE-HVAC-Unitary-addSRM,DEER2024,D24_E+_Com_v1,2026-07-16 22:55:44,Any,Asm,Ex,CZ13,cDXGF,Each,1,68000,None,157000,14.9,-401,8430,0.792,-103,,,,,,,,,20,"",742950,6965.0,594210,7262.8,585780,7366.0,,,,,,
NE-HVAC-Unitary-addSRM,DEER2024,D24_E+_Com_v1,2026-07-16 22:55:44,Any,Asm,Ex,CZ14,cDXGF,Each,1,68000,None,168000,24,-588,9010,1.34,-96.4,,,,,,,,,20,"",748200,6906.2,588720,7397.5,579710,7493.8,,,,,,
NE-HVAC-Unitary-addSRM,DEER2024,D24_E+_Com_v1,2026-07-16 22:55:44,Any,Asm,Ex,CZ15,cDXGF,Each,1,68000,None,152000,6.79,-80.5,8700,0.404,-35.6,,,,,,,,,20,"",915880,1909.6,772340,1954.5,763650,1990.1,,,,,,
NE-HVAC-Unitary-addSRM,DEER2024,D24_E+_Com_v1,2026-07-16 22:55:44,Any,Asm,Ex,CZ16,cDXGF,Each,1,68000,None,181000,32,-1630,9550,1.93,-189,,,,,,,,,20,"",626750,12514,455430,13951,445890,14140,,,,,,
NE-HVAC-Unitary-addSRM,DEER2024,D24_E+_Com_v1,2026-07-16 22:55:44,Any,Asm,Ex,CZ01,cDXHP,Each,1,68000,None,156000,24.6,0.00922,5920,1.5,0.00205,,,,,,,,,20,"",560160,827.22,409940,827.21,404020,827.21,,,,,,
NE-HVAC-Unitary-addSRM,DEER2024,D24_E+_Com_v1,2026-07-16 22:55:44,Any,Asm,Ex,CZ02,cDXHP,Each,1,68000,None,152000,19.4,-0.00785,7400,2.23,-0.000341,,,,,,,,,20,"",637580,786.17,492630,786.17,485230,786.17,,,,,,
NE-HVAC-Unitary-addSRM,DEER2024,D24_E+_Com_v1,2026-07-16 22:55:44,Any,Asm,Ex,CZ03,cDXHP,Each,1,68000,None,148000,18.9,-0.00478,7160,1.37,0.00137,,,,,,,,,20,"",571060,779.34,429940,779.35,422780,779.35,,,,,,
NE-HVAC-Unitary-addSRM,DEER2024,D24_E+_Com_v1,2026-07-16 22:55:44,Any,Asm,Ex,CZ04,cDXHP,Each,1,68000,None,155000,18.9,-0.00205,7830,1.32,0.00137,,,,,,,,,20,"",703730,762.24,556810,762.24,548980,762.24,,,,,,
NE-HVAC-Unitary-addSRM,DEER2024,D24_E+_Com_v1,2026-07-16 22:55:44,Any,Asm,Ex,CZ05,cDXHP,Each,1,68000,None,149000,24.7,0.00205,7370,1.49,0.00307,,,,,,,,,20,"",584010,782.16,442170,782.16,434800,782.15,,,,,,
NE-HVAC-Unitary-addSRM,DEER2024,D24_E+_Com_v1,2026-07-16 22:55:44,Any,Asm,Ex,CZ06,cDXHP,Each,1,68000,None,142000,24.7,-0.00171,8710,1.59,-0.000341,,,,,,,,,20,"",610430,734.11,476720,734.11,468010,734.11,,,,,,
NE-HVAC-Unitary-addSRM,DEER2024,D24_E+_Com_v1,2026-07-16 22:55:44,Any,Asm,Ex,CZ07,cDXHP,Each,1,68000,None,145000,19.1,-0.00102,8510,1.33,0,,,,,,,,,20,"",616730,728.37,480450,728.37,471940,728.37,,,,,,
NE-HVAC-Unitary-addSRM,DEER2024,D24_E+_Com_v1,2026-07-16 22:55:44,Any,Asm,Ex,CZ08,cDXHP,Each,1,68000,None,144000,16.3,-0.00239,8920,1.32,0.00444,,,,,,,,,20,"",685160,716.94,549590,716.94,540670,716.94,,,,,,
NE-HVAC-Unitary-addSRM,DEER2024,D24_E+_Com_v1,2026-07-16 22:55:44,Any,Asm,Ex,CZ09,cDXHP,Each,1,68000,None,153000,19.1,-0.00717,8820,0.861,0.00307,,,,,,,,,20,"",699430,720.86,555390,720.87,546570,720.86,,,,,,
NE-HVAC-Unitary-addSRM,DEER2024,D24_E+_Com_v1,2026-07-16 22:55:44,Any,Asm,Ex,CZ10,cDXHP,Each,1,68000,None,147000,13.4,-0.00478,8500,1.25,-0.00171,,,,,,,,,20,"",720780,713.91,581780,713.92,573280,713.92,,,,,,
NE-HVAC-Unitary-addSRM,DEER2024,D24_E+_Com_v1,2026-07-16 22:55:44,Any,Asm,Ex,CZ11,cDXHP,Each,1,68000,None,147000,7.9,-0.00512,7580,0.8,0.00171,,,,,,,,,20,"",764800,727.81,624990,727.81,617410,727.81,,,,,,
NE-HVAC-Unitary-addSRM,DEER2024,D24_E+_Com_v1,2026-07-16 22:55:44,Any,Asm,Ex,CZ12,cDXHP,Each,1,68000,None,150000,13.8,-0.00239,7460,0.64,0,,,,,,,,,20,"",692640,753.51,550130,753.51,542660,753.51,,,,,,
NE-HVAC-Unitary-addSRM,DEER2024,D24_E+_Com_v1,2026-07-16 22:55:44,Any,Asm,Ex,CZ13,cDXHP,Each,1,68000,None,149000,8.84,-0.0041,7390,0.926,0,,,,,,,,,20,"",769970,716.64,628490,716.64,621110,716.64,,,,,,
NE-HVAC-Unitary-addSRM,DEER2024,D24_E+_Com_v1,2026-07-16 22:55:44,Any,Asm,Ex,CZ14,cDXHP,Each,1,68000,None,159000,14.3,-0.00614,8060,0.741,-0.00171,,,,,,,,,20,"",775070,732.15,623810,732.16,615750,732.16,,,,,,
NE-HVAC-Unitary-addSRM,DEER2024,D24_E+_Com_v1,2026-07-16 22:55:44,Any,Asm,Ex,CZ15,cDXHP,Each,1,68000,None,140000,0.33,-0.00375,7780,0.031,-0.000341,,,,,,,,,20,"",921630,631.85,788940,631.85,781160,631.85,,,,,,
NE-HVAC-Unitary-addSRM,DEER2024,D24_E+_Com_v1,2026-07-16 22:55:44,Any,Asm,Ex,CZ16,cDXHP,Each,1,68000,None,181000,30.8,-0.00205,8510,2.04,-0.000341,,,,,,,,,20,"",680300,813.51,508040,813.52,499530,813.52,,,,,,
NE-HVAC-Unitary-addSRM,DEER2024,D24_E+_Com_v1,2026-07-16 22:55:44,Any,Asm,Ex,CZ01,cDXOH,Each,1,68000,None,170000,23.3,-0.00273,6530,1.56,-0.000341,,,,,,,,,20,"",506500,827.22,342860,827.22,336330,827.22,,,,,,
NE-HVAC-Unitary-addSRM,DEER2024,D24_E+_Com_v1,2026-07-16 22:55:44,Any,Asm,Ex,CZ02,cDXOH,Each,1,68000,None,168000,20.3,-0.00649,7800,1.41,0.000683,,,,,,,,,20,"",595920,786.17,435880,786.17,428070,786.17,,,,,,
NE-HVAC-Unitary-addSRM,DEER2024,D24_E+_Com_v1,2026-07-16 22:55:44,Any,Asm,Ex,CZ03,cDXOH,Each,1,68000,None,155000,20,-0.00171,7620,1.48,0,,,,,,,,,20,"",545290,779.35,397960,779.35,390340,779.35,,,,,,
NE-HVAC-Unitary-addSRM,DEER2024,D24_E+_Com_v1,2026-07-16 22:55:44,Any,Asm,Ex,CZ04,cDXOH,Each,1,68000,None,171000,20.2,-0.000683,8260,1.28,-0.000683,,,,,,,,,20,"",667670,762.24,505370,762.24,497110,762.24,,,,,,
NE-HVAC-Unitary-addSRM,DEER2024,D24_E+_Com_v1,2026-07-16 22:55:44,Any,Asm,Ex,CZ05,cDXOH,Each,1,68000,None,157000,22.9,0,7800,1.47,-0.00205,,,,,,,,,20,"",557340,782.16,408360,782.16,400570,782.16,,,,,,
NE-HVAC-Unitary-addSRM,DEER2024,D24_E+_Com_v1,2026-07-16 22:55:44,Any,Asm,Ex,CZ06,cDXOH,Each,1,68000,None,144000,24.5,-0.00137,8840,1.59,-0.000341,,,,,,,,,20,"",601450,734.11,466500,734.11,457660,734.11,,,,,,
NE-HVAC-Unitary-addSRM,DEER2024,D24_E+_Com_v1,2026-07-16 22:55:44,Any,Asm,Ex,CZ07,cDXOH,Each,1,68000,None,147000,20.5,-0.000683,8970,1.57,-0.000341,,,,,,,,,20,"",608120,728.37,470300,728.37,461320,728.37,,,,,,
NE-HVAC-Unitary-addSRM,DEER2024,D24_E+_Com_v1,2026-07-16 22:55:44,Any,Asm,Ex,CZ08,cDXOH,Each,1,68000,None,153000,20.2,-0.00649,9040,1.28,-0.000683,,,,,,,,,20,"",672830,716.94,528770,716.94,519740,716.95,,,,,,
NE-HVAC-Unitary-addSRM,DEER2024,D24_E+_Com_v1,2026-07-16 22:55:44,Any,Asm,Ex,CZ09,cDXOH,Each,1,68000,None,163000,19.8,-0.00512,9210,1.28,0,,,,,,,,,20,"",684480,720.86,531000,720.86,521790,720.86,,,,,,
NE-HVAC-Unitary-addSRM,DEER2024,D24_E+_Com_v1,2026-07-16 22:55:44,Any,Asm,Ex,CZ10,cDXOH,Each,1,68000,None,160000,18.7,-0.00341,8860,1.18,-0.00375,,,,,,,,,20,"",704900,713.91,553620,713.91,544760,713.92,,,,,,
NE-HVAC-Unitary-addSRM,DEER2024,D24_E+_Com_v1,2026-07-16 22:55:44,Any,Asm,Ex,CZ11,cDXOH,Each,1,68000,None,170000,15,-0.00171,8310,0.996,0,,,,,,,,,20,"",728130,727.81,566900,727.81,558590,727.81,,,,,,
NE-HVAC-Unitary-addSRM,DEER2024,D24_E+_Com_v1,2026-07-16 22:55:44,Any,Asm,Ex,CZ12,cDXOH,Each,1,68000,None,167000,17,-0.000683,8120,1.05,0,,,,,,,,,20,"",656730,753.51,497850,753.51,489730,753.51,,,,,,
NE-HVAC-Unitary-addSRM,DEER2024,D24_E+_Com_v1,2026-07-16 22:55:44,Any,Asm,Ex,CZ13,cDXOH,Each,1,68000,None,168000,12.7,-0.000683,8390,0.792,0,,,,,,,,,20,"",737700,716.64,578300,716.64,569910,716.64,,,,,,
NE-HVAC-Unitary-addSRM,DEER2024,D24_E+_Com_v1,2026-07-16 22:55:44,Any,Asm,Ex,CZ14,cDXOH,Each,1,68000,None,179000,20.9,-0.000341,8990,1.34,0,,,,,,,,,20,"",741430,732.16,571350,732.16,562360,732.16,,,,,,
NE-HVAC-Unitary-addSRM,DEER2024,D24_E+_Com_v1,2026-07-16 22:55:44,Any,Asm,Ex,CZ15,cDXOH,Each,1,68000,None,151000,6.33,-0.000683,8720,0.404,-0.000683,,,,,,,,,20,"",910110,631.85,767780,631.85,759060,631.85,,,,,,
NE-HVAC-Unitary-addSRM,DEER2024,D24_E+_Com_v1,2026-07-16 22:55:44,Any,Asm,Ex,CZ16,cDXOH,Each,1,68000,None,212000,29.3,-0.00102,9270,1.93,-0.000341,,,,,,,,,20,"",624450,813.51,421290,813.51,412020,813.51,,,,,,
NE-HVAC-Unitary-addSRM,DEER2024,D24_E+_Com_v1,2026-07-16 22:55:44,Any,ECC,Ex,CZ01,cDXGF,Each,1,284000,None,322000,77.7,-3110,14600,4.18,-208,,,,,,,,,20,"",1844300,25009,1537100,27914,1522500,28121,,,,,,
NE-HVAC-Unitary-addSRM,DEER2024,D24_E+_Com_v1,2026-07-16 22:55:44,Any,ECC,Ex,CZ02,cDXGF,Each,1,284000,None,358000,89.2,-2460,18400,5.45,-166,,,,,,,,,20,"",2086100,21993,1746700,24286,1728300,24452,,,,,,
NE-HVAC-Unitary-addSRM,DEER2024,D24_E+_Com_v1,2026-07-16 22:55:44,Any,ECC,Ex,CZ03,cDXGF,Each,1,284000,None,336000,82,-1510,17700,5.3,-108,,,,,,,,,20,"",1965100,19944,1647100,21342,1629300,21450,,,,,,
NE-HVAC-Unitary-addSRM,DEER2024,D24_E+_Com_v1,2026-07-16 22:55:44,Any,ECC,Ex,CZ04,cDXGF,Each,1,284000,None,377000,100,-2020,20000,5.63,-127,,,,,,,,,20,"",2247000,20555,1889800,22446,1869800,22573,,,,,,
NE-HVAC-Unitary-addSRM,DEER2024,D24_E+_Com_v1,2026-07-16 22:55:44,Any,ECC,Ex,CZ05,cDXGF,Each,1,284000,None,345000,83.7,-1570,18100,5.16,-114,,,,,,,,,20,"",2010200,20036,1683500,21493,1665500,21607,,,,,,
NE-HVAC-Unitary-addSRM,DEER2024,D24_E+_Com_v1,2026-07-16 22:55:44,Any,ECC,Ex,CZ06,cDXGF,Each,1,284000,None,320000,84.8,-466,19300,5.31,-33.5,,,,,,,,,20,"",2131200,17058,1830500,17491,1811200,17524,,,,,,
NE-HVAC-Unitary-addSRM,DEER2024,D24_E+_Com_v1,2026-07-16 22:55:44,Any,ECC,Ex,CZ07,cDXGF,Each,1,284000,None,326000,83.8,-447,19400,5.5,-31.7,,,,,,,,,20,"",2138900,16855,1832600,17270,1813300,17302,,,,,,
NE-HVAC-Unitary-addSRM,DEER2024,D24_E+_Com_v1,2026-07-16 22:55:44,Any,ECC,Ex,CZ08,cDXGF,Each,1,284000,None,355000,96.5,-542,21000,5.58,-37.6,,,,,,,,,20,"",2311800,16738,1977600,17243,1956600,17281,,,,,,
NE-HVAC-Unitary-addSRM,DEER2024,D24_E+_Com_v1,2026-07-16 22:55:44,Any,ECC,Ex,CZ09,cDXGF,Each,1,284000,None,380000,98.3,-727,22000,5.58,-51.5,,,,,,,,,20,"",2344700,17056,1986400,17731,1964400,17783,,,,,,
NE-HVAC-Unitary-addSRM,DEER2024,D24_E+_Com_v1,2026-07-16 22:55:44,Any,ECC,Ex,CZ10,cDXGF,Each,1,284000,None,380000,99.9,-882,21700,5.71,-59.4,,,,,,,,,20,"",2379300,17118,2021100,17940,1999500,18000,,,,,,
NE-HVAC-Unitary-addSRM,DEER2024,D24_E+_Com_v1,2026-07-16 22:55:44,Any,ECC,Ex,CZ11,cDXGF,Each,1,284000,None,411000,92.6,-2330,22400,5.38,-150,,,,,,,,,20,"",2422200,19716,2033500,21895,2011000,22046,,,,,,
NE-HVAC-Unitary-addSRM,DEER2024,D24_E+_Com_v1,2026-07-16 22:55:44,Any,ECC,Ex,CZ12,cDXGF,Each,1,284000,None,369000,100,-2210,19900,5.52,-146,,,,,,,,,20,"",2228500,20357,1879800,22419,1859900,22565,,,,,,
NE-HVAC-Unitary-addSRM,DEER2024,D24_E+_Com_v1,2026-07-16 22:55:44,Any,ECC,Ex,CZ13,cDXGF,Each,1,284000,None,397000,80.4,-1860,21900,4.55,-132,,,,,,,,,20,"",2444500,18409,2069500,20135,2047600,20267,,,,,,
NE-HVAC-Unitary-addSRM,DEER2024,D24_E+_Com_v1,2026-07-16 22:55:44,Any,ECC,Ex,CZ14,cDXGF,Each,1,284000,None,399000,85.5,-1740,21800,4.97,-127,,,,,,,,,20,"",2443600,19030,2066100,20648,2044300,20774,,,,,,
NE-HVAC-Unitary-addSRM,DEER2024,D24_E+_Com_v1,2026-07-16 22:55:44,Any,ECC,Ex,CZ15,cDXGF,Each,1,284000,None,430000,79.5,-284,25200,4.39,-17.5,,,,,,,,,20,"",2878900,13977,2474100,14244,2448900,14262,,,,,,
NE-HVAC-Unitary-addSRM,DEER2024,D24_E+_Com_v1,2026-07-16 22:55:44,Any,ECC,Ex,CZ16,cDXGF,Each,1,284000,None,420000,90.7,-4030,21800,5.63,-246,,,,,,,,,20,"",2190400,25301,1791900,29083,1770100,29329,,,,,,
NE-HVAC-Unitary-addSRM,DEER2024,D24_E+_Com_v1,2026-07-16 22:55:44,Any,ECC,Ex,CZ01,cDXHP,Each,1,284000,None,315000,77.5,-1.19,13600,4.16,0.565,,,,,,,,,20,"",1873100,19168,1571700,19170,1558100,19169,,,,,,
NE-HVAC-Unitary-addSRM,DEER2024,D24_E+_Com_v1,2026-07-16 22:55:44,Any,ECC,Ex,CZ02,cDXHP,Each,1,284000,None,350000,87.6,-1.73,17700,5.52,-0.997,,,,,,,,,20,"",2107500,18057,1775600,18057,1758000,18058,,,,,,
NE-HVAC-Unitary-addSRM,DEER2024,D24_E+_Com_v1,2026-07-16 22:55:44,Any,ECC,Ex,CZ03,cDXHP,Each,1,284000,None,332000,81.7,-0.739,17300,5.31,-0.0625,,,,,,,,,20,"",1976000,17861,1661700,17861,1644500,17861,,,,,,
NE-HVAC-Unitary-addSRM,DEER2024,D24_E+_Com_v1,2026-07-16 22:55:44,Any,ECC,Ex,CZ04,cDXHP,Each,1,284000,None,369000,99.6,-1.81,19600,5.61,0.181,,,,,,,,,20,"",2264300,17375,1915200,17377,1895600,17377,,,,,,
NE-HVAC-Unitary-addSRM,DEER2024,D24_E+_Com_v1,2026-07-16 22:55:44,Any,ECC,Ex,CZ05,cDXHP,Each,1,284000,None,341000,83.9,-0.814,17600,5.19,-0.086,,,,,,,,,20,"",2021600,17941,1698600,17942,1681000,17942,,,,,,
NE-HVAC-Unitary-addSRM,DEER2024,D24_E+_Com_v1,2026-07-16 22:55:44,Any,ECC,Ex,CZ06,cDXHP,Each,1,284000,None,311000,85,0.572,19300,5.52,-0.202,,,,,,,,,20,"",2126300,16626,1834400,16625,1815100,16625,,,,,,
NE-HVAC-Unitary-addSRM,DEER2024,D24_E+_Com_v1,2026-07-16 22:55:44,Any,ECC,Ex,CZ07,cDXHP,Each,1,284000,None,317000,82.8,0.0597,19400,5.53,-0.117,,,,,,,,,20,"",2137800,16462,1840000,16461,1820700,16462,,,,,,
NE-HVAC-Unitary-addSRM,DEER2024,D24_E+_Com_v1,2026-07-16 22:55:44,Any,ECC,Ex,CZ08,cDXHP,Each,1,284000,None,339000,93.6,1.56,20900,5.68,-0.0519,,,,,,,,,20,"",2312300,16140,1994700,16138,1973700,16138,,,,,,
NE-HVAC-Unitary-addSRM,DEER2024,D24_E+_Com_v1,2026-07-16 22:55:44,Any,ECC,Ex,CZ09,cDXHP,Each,1,284000,None,365000,95.3,1.99,21800,5.52,0.156,,,,,,,,,20,"",2346300,16246,2003000,16244,1981200,16244,,,,,,
NE-HVAC-Unitary-addSRM,DEER2024,D24_E+_Com_v1,2026-07-16 22:55:44,Any,ECC,Ex,CZ10,cDXHP,Each,1,284000,None,363000,96.4,1.98,21500,5.91,-0.468,,,,,,,,,20,"",2382100,16044,2040700,16042,2019200,16042,,,,,,
NE-HVAC-Unitary-addSRM,DEER2024,D24_E+_Com_v1,2026-07-16 22:55:44,Any,ECC,Ex,CZ11,cDXHP,Each,1,284000,None,395000,91.9,2.23,21800,5.16,-0.189,,,,,,,,,20,"",2439200,16413,2065600,16410,2043800,16411,,,,,,
NE-HVAC-Unitary-addSRM,DEER2024,D24_E+_Com_v1,2026-07-16 22:55:44,Any,ECC,Ex,CZ12,cDXHP,Each,1,284000,None,355000,100,0.369,19400,5.1,-0.544,,,,,,,,,20,"",2244300,17140,1908500,17139,1889100,17139,,,,,,
NE-HVAC-Unitary-addSRM,DEER2024,D24_E+_Com_v1,2026-07-16 22:55:44,Any,ECC,Ex,CZ13,cDXHP,Each,1,284000,None,388000,93.9,2.55,21900,5.62,-0.787,,,,,,,,,20,"",2456100,16089,2090400,16086,2068600,16086,,,,,,
NE-HVAC-Unitary-addSRM,DEER2024,D24_E+_Com_v1,2026-07-16 22:55:44,Any,ECC,Ex,CZ14,cDXHP,Each,1,284000,None,397000,90.4,-1.03,22000,5.64,-0.519,,,,,,,,,20,"",2460200,16492,2084800,16493,2062800,16493,,,,,,
NE-HVAC-Unitary-addSRM,DEER2024,D24_E+_Com_v1,2026-07-16 22:55:44,Any,ECC,Ex,CZ15,cDXHP,Each,1,284000,None,407000,68.6,6.58,25300,5.33,0.39,,,,,,,,,20,"",2883400,13740,2502200,13734,2476800,13734,,,,,,
NE-HVAC-Unitary-addSRM,DEER2024,D24_E+_Com_v1,2026-07-16 22:55:44,Any,ECC,Ex,CZ16,cDXHP,Each,1,284000,None,409000,91.3,-1.9,20700,5.68,1.07,,,,,,,,,20,"",2230000,18791,1841300,18794,1820600,18793,,,,,,
NE-HVAC-Unitary-addSRM,DEER2024,D24_E+_Com_v1,2026-07-16 22:55:44,Any,ECC,Ex,CZ01,cDXOH,Each,1,284000,None,356000,77.6,-4.74,14000,4.38,-0.264,,,,,,,,,20,"",1834300,19172,1492600,19176,1478600,19177,,,,,,
NE-HVAC-Unitary-addSRM,DEER2024,D24_E+_Com_v1,2026-07-16 22:55:44,Any,ECC,Ex,CZ02,cDXOH,Each,1,284000,None,377000,85.8,-5.49,18000,5.45,-0.244,,,,,,,,,20,"",2066100,18068,1707100,18073,1689000,18074,,,,,,
NE-HVAC-Unitary-addSRM,DEER2024,D24_E+_Com_v1,2026-07-16 22:55:44,Any,ECC,Ex,CZ03,cDXOH,Each,1,284000,None,350000,80.7,-0.586,17800,5.4,-0.029,,,,,,,,,20,"",1955300,17864,1622900,17864,1605100,17864,,,,,,
NE-HVAC-Unitary-addSRM,DEER2024,D24_E+_Com_v1,2026-07-16 22:55:44,Any,ECC,Ex,CZ04,cDXOH,Each,1,284000,None,389000,90.9,-3.03,19400,5.63,-0.146,,,,,,,,,20,"",2222900,17385,1853100,17388,1833700,17388,,,,,,
NE-HVAC-Unitary-addSRM,DEER2024,D24_E+_Com_v1,2026-07-16 22:55:44,Any,ECC,Ex,CZ05,cDXOH,Each,1,284000,None,362000,83.6,-0.559,18200,5.58,-0.0287,,,,,,,,,20,"",2000900,17943,1657400,17944,1639200,17944,,,,,,
NE-HVAC-Unitary-addSRM,DEER2024,D24_E+_Com_v1,2026-07-16 22:55:44,Any,ECC,Ex,CZ06,cDXOH,Each,1,284000,None,321000,84.1,-0.0314,19500,5.31,0.00171,,,,,,,,,20,"",2123300,16626,1821900,16626,1802400,16626,,,,,,
NE-HVAC-Unitary-addSRM,DEER2024,D24_E+_Com_v1,2026-07-16 22:55:44,Any,ECC,Ex,CZ07,cDXOH,Each,1,284000,None,326000,82,-0.0314,19600,5.5,-0.000341,,,,,,,,,20,"",2128000,16461,1821400,16461,1801800,16461,,,,,,
NE-HVAC-Unitary-addSRM,DEER2024,D24_E+_Com_v1,2026-07-16 22:55:44,Any,ECC,Ex,CZ08,cDXOH,Each,1,284000,None,354000,90.6,-0.0573,21200,5.58,-0.00102,,,,,,,,,20,"",2297400,16140,1964900,16140,1943700,16140,,,,,,
NE-HVAC-Unitary-addSRM,DEER2024,D24_E+_Com_v1,2026-07-16 22:55:44,Any,ECC,Ex,CZ09,cDXOH,Each,1,284000,None,382000,91.2,-0.155,22000,5.55,-0.00171,,,,,,,,,20,"",2331500,16245,1971700,16246,1949700,16246,,,,,,
NE-HVAC-Unitary-addSRM,DEER2024,D24_E+_Com_v1,2026-07-16 22:55:44,Any,ECC,Ex,CZ10,cDXOH,Each,1,284000,None,383000,92.2,-0.698,21800,5.69,-0.0317,,,,,,,,,20,"",2364100,16044,2003300,16045,1981500,16045,,,,,,
NE-HVAC-Unitary-addSRM,DEER2024,D24_E+_Com_v1,2026-07-16 22:55:44,Any,ECC,Ex,CZ11,cDXOH,Each,1,284000,None,420000,82.6,-5.87,21800,5.38,-0.248,,,,,,,,,20,"",2391700,16439,1993700,16444,1971800,16445,,,,,,
NE-HVAC-Unitary-addSRM,DEER2024,D24_E+_Com_v1,2026-07-16 22:55:44,Any,ECC,Ex,CZ12,cDXOH,Each,1,284000,None,378000,88.5,-5.57,19300,5.51,-0.246,,,,,,,,,20,"",2200500,17155,1841400,17161,1822100,17161,,,,,,
NE-HVAC-Unitary-addSRM,DEER2024,D24_E+_Com_v1,2026-07-16 22:55:44,Any,ECC,Ex,CZ13,cDXOH,Each,1,284000,None,399000,72.7,-4.75,21300,4.54,-0.21,,,,,,,,,20,"",2412500,16102,2035100,16106,2013800,16107,,,,,,
NE-HVAC-Unitary-addSRM,DEER2024,D24_E+_Com_v1,2026-07-16 22:55:44,Any,ECC,Ex,CZ14,cDXOH,Each,1,284000,None,407000,79,-2.44,21600,4.98,-0.118,,,,,,,,,20,"",2419600,16497,2034200,16499,2012600,16499,,,,,,
NE-HVAC-Unitary-addSRM,DEER2024,D24_E+_Com_v1,2026-07-16 22:55:44,Any,ECC,Ex,CZ15,cDXOH,Each,1,284000,None,416000,67.4,-0.0177,25300,4.38,0,,,,,,,,,20,"",2859300,13740,2468200,13740,2442900,13740,,,,,,
NE-HVAC-Unitary-addSRM,DEER2024,D24_E+_Com_v1,2026-07-16 22:55:44,Any,ECC,Ex,CZ16,cDXOH,Each,1,284000,None,456000,90.3,-28,20800,5.58,-1.12,,,,,,,,,20,"",2160800,18826,1725900,18853,1705200,18854,,,,,,
NE-HVAC-Unitary-addSRM,DEER2024,D24_E+_Com_v1,2026-07-16 22:55:44,Any,EPr,Ex,CZ01,cDXGF,Each,1,40700,None,45200,11.8,-551,2090,0.633,-47.7,,,,,,,,,20,"",230450,6828.9,187340,7331.8,185260,7379.5,,,,,,
NE-HVAC-Unitary-addSRM,DEER2024,D24_E+_Com_v1,2026-07-16 22:55:44,Any,EPr,Ex,CZ02,cDXGF,Each,1,40700,None,50000,12.2,-432,2620,0.76,-34.4,,,,,,,,,20,"",266700,5731.7,219330,6129.0,216710,6163.3,,,,,,
NE-HVAC-Unitary-addSRM,DEER2024,D24_E+_Com_v1,2026-07-16 22:55:44,Any,EPr,Ex,CZ03,cDXGF,Each,1,40700,None,45400,11.4,-272,2460,0.75,-23.6,,,,,,,,,20,"",246430,5178.7,203490,5427.1,201030,5450.7,,,,,,
NE-HVAC-Unitary-addSRM,DEER2024,D24_E+_Com_v1,2026-07-16 22:55:44,Any,EPr,Ex,CZ04,cDXGF,Each,1,40700,None,53700,13.5,-387,2850,0.751,-28.1,,,,,,,,,20,"",292710,5325.1,241860,5683.8,239010,5711.9,,,,,,
NE-HVAC-Unitary-addSRM,DEER2024,D24_E+_Com_v1,2026-07-16 22:55:44,Any,EPr,Ex,CZ05,cDXGF,Each,1,40700,None,46600,11.9,-272,2480,0.735,-24,,,,,,,,,20,"",250950,5181.3,206820,5429.2,204330,5453.2,,,,,,
NE-HVAC-Unitary-addSRM,DEER2024,D24_E+_Com_v1,2026-07-16 22:55:44,Any,EPr,Ex,CZ06,cDXGF,Each,1,40700,None,45400,12.3,-99.7,2750,0.768,-8.43,,,,,,,,,20,"",273230,4364.6,230580,4455.9,227830,4464.4,,,,,,
NE-HVAC-Unitary-addSRM,DEER2024,D24_E+_Com_v1,2026-07-16 22:55:44,Any,EPr,Ex,CZ07,cDXGF,Each,1,40700,None,46200,11.7,-98.2,2770,0.807,-8.28,,,,,,,,,20,"",274160,4322.7,230750,4412.7,227980,4420.9,,,,,,
NE-HVAC-Unitary-addSRM,DEER2024,D24_E+_Com_v1,2026-07-16 22:55:44,Any,EPr,Ex,CZ08,cDXGF,Each,1,40700,None,50700,14,-125,3000,0.775,-9.12,,,,,,,,,20,"",301720,4342.6,254040,4458.6,251040,4467.7,,,,,,
NE-HVAC-Unitary-addSRM,DEER2024,D24_E+_Com_v1,2026-07-16 22:55:44,Any,EPr,Ex,CZ09,cDXGF,Each,1,40700,None,53700,13.2,-157,3100,0.749,-11.3,,,,,,,,,20,"",304840,4417.4,254220,4562.6,251120,4573.9,,,,,,
NE-HVAC-Unitary-addSRM,DEER2024,D24_E+_Com_v1,2026-07-16 22:55:44,Any,EPr,Ex,CZ10,cDXGF,Each,1,40700,None,51700,13.7,-160,2960,0.753,-12,,,,,,,,,20,"",306500,4413.9,257790,4561.5,254840,4573.5,,,,,,
NE-HVAC-Unitary-addSRM,DEER2024,D24_E+_Com_v1,2026-07-16 22:55:44,Any,EPr,Ex,CZ11,cDXGF,Each,1,40700,None,58300,12.4,-452,3200,0.731,-31.2,,,,,,,,,20,"",321560,5221.9,266490,5642.7,263290,5673.9,,,,,,
NE-HVAC-Unitary-addSRM,DEER2024,D24_E+_Com_v1,2026-07-16 22:55:44,Any,EPr,Ex,CZ12,cDXGF,Each,1,40700,None,53400,13.4,-424,2940,0.722,-31.8,,,,,,,,,20,"",292400,5356.6,241940,5748.8,239010,5780.6,,,,,,
NE-HVAC-Unitary-addSRM,DEER2024,D24_E+_Com_v1,2026-07-16 22:55:44,Any,EPr,Ex,CZ13,cDXGF,Each,1,40700,None,58900,12.5,-382,3280,0.689,-27.4,,,,,,,,,20,"",326350,4905.0,270770,5259.5,267490,5286.9,,,,,,
NE-HVAC-Unitary-addSRM,DEER2024,D24_E+_Com_v1,2026-07-16 22:55:44,Any,EPr,Ex,CZ14,cDXGF,Each,1,40700,None,58700,13.1,-376,3220,0.744,-25.3,,,,,,,,,20,"",323810,5058.3,268370,5408.5,265150,5433.8,,,,,,
NE-HVAC-Unitary-addSRM,DEER2024,D24_E+_Com_v1,2026-07-16 22:55:44,Any,EPr,Ex,CZ15,cDXGF,Each,1,40700,None,61400,10.7,-70.6,3550,0.578,-5.33,,,,,,,,,20,"",391620,3776.9,333790,3842.2,330240,3847.5,,,,,,
NE-HVAC-Unitary-addSRM,DEER2024,D24_E+_Com_v1,2026-07-16 22:55:44,Any,EPr,Ex,CZ16,cDXGF,Each,1,40700,None,60400,13.5,-837,3190,0.844,-52,,,,,,,,,20,"",281080,6684.7,223820,7469.6,220630,7521.5,,,,,,
NE-HVAC-Unitary-addSRM,DEER2024,D24_E+_Com_v1,2026-07-16 22:55:44,Any,EPr,Ex,CZ01,cDXHP,Each,1,40700,None,45200,11.8,-0.0174,1890,0.634,0.000341,,,,,,,,,20,"",240610,4652.0,197330,4652.0,195440,4652.0,,,,,,
NE-HVAC-Unitary-addSRM,DEER2024,D24_E+_Com_v1,2026-07-16 22:55:44,Any,EPr,Ex,CZ02,cDXHP,Each,1,40700,None,49300,13.3,-0.0294,2510,0.999,-0.0396,,,,,,,,,20,"",272900,4447.4,226130,4447.4,223620,4447.5,,,,,,
NE-HVAC-Unitary-addSRM,DEER2024,D24_E+_Com_v1,2026-07-16 22:55:44,Any,EPr,Ex,CZ03,cDXHP,Each,1,40700,None,45100,11.2,-0.00853,2370,0.742,0,,,,,,,,,20,"",250100,4416.4,207370,4416.4,205000,4416.4,,,,,,
NE-HVAC-Unitary-addSRM,DEER2024,D24_E+_Com_v1,2026-07-16 22:55:44,Any,EPr,Ex,CZ04,cDXHP,Each,1,40700,None,53000,15.6,-0.0143,2760,0.859,0,,,,,,,,,20,"",297900,4325.1,247660,4325.2,244900,4325.2,,,,,,
NE-HVAC-Unitary-addSRM,DEER2024,D24_E+_Com_v1,2026-07-16 22:55:44,Any,EPr,Ex,CZ05,cDXHP,Each,1,40700,None,46400,11.8,-0.00887,2390,0.737,0,,,,,,,,,20,"",254660,4431.7,210660,4431.8,208270,4431.8,,,,,,
NE-HVAC-Unitary-addSRM,DEER2024,D24_E+_Com_v1,2026-07-16 22:55:44,Any,EPr,Ex,CZ06,cDXHP,Each,1,40700,None,44100,12.3,-0.0041,2800,0.775,-0.000341,,,,,,,,,20,"",272950,4194.4,231700,4194.4,228900,4194.4,,,,,,
NE-HVAC-Unitary-addSRM,DEER2024,D24_E+_Com_v1,2026-07-16 22:55:44,Any,EPr,Ex,CZ07,cDXHP,Each,1,40700,None,44900,11.7,-0.0526,2770,0.862,-0.00717,,,,,,,,,20,"",275120,4164.7,232940,4164.7,230170,4164.7,,,,,,
NE-HVAC-Unitary-addSRM,DEER2024,D24_E+_Com_v1,2026-07-16 22:55:44,Any,EPr,Ex,CZ08,cDXHP,Each,1,40700,None,47400,13.5,-0.00546,2950,0.724,0.000341,,,,,,,,,20,"",302910,4106.4,258500,4106.5,255560,4106.5,,,,,,
NE-HVAC-Unitary-addSRM,DEER2024,D24_E+_Com_v1,2026-07-16 22:55:44,Any,EPr,Ex,CZ09,cDXHP,Each,1,40700,None,50900,12.2,-0.00785,3070,0.632,0,,,,,,,,,20,"",306370,4125.4,258550,4125.4,255480,4125.4,,,,,,
NE-HVAC-Unitary-addSRM,DEER2024,D24_E+_Com_v1,2026-07-16 22:55:44,Any,EPr,Ex,CZ10,cDXHP,Each,1,40700,None,48100,12.7,-0.00922,2860,0.673,-0.000341,,,,,,,,,20,"",308070,4088.8,262790,4088.8,259930,4088.8,,,,,,
NE-HVAC-Unitary-addSRM,DEER2024,D24_E+_Com_v1,2026-07-16 22:55:44,Any,EPr,Ex,CZ11,cDXHP,Each,1,40700,None,55800,10.2,-0.0147,3140,1.54,0.000341,,,,,,,,,20,"",327120,4149.2,274440,4149.2,271300,4149.2,,,,,,
NE-HVAC-Unitary-addSRM,DEER2024,D24_E+_Com_v1,2026-07-16 22:55:44,Any,EPr,Ex,CZ12,cDXHP,Each,1,40700,None,51500,15.4,-0.0119,2830,0.957,0.000341,,,,,,,,,20,"",297610,4281.1,248990,4281.1,246160,4281.1,,,,,,
NE-HVAC-Unitary-addSRM,DEER2024,D24_E+_Com_v1,2026-07-16 22:55:44,Any,EPr,Ex,CZ13,cDXHP,Each,1,40700,None,55200,9.25,-0.0143,3120,0.799,-0.000341,,,,,,,,,20,"",330490,4092.3,278420,4092.3,275300,4092.3,,,,,,
NE-HVAC-Unitary-addSRM,DEER2024,D24_E+_Com_v1,2026-07-16 22:55:44,Any,EPr,Ex,CZ14,cDXHP,Each,1,40700,None,56600,13.3,0.00273,3130,0.749,0.000683,,,,,,,,,20,"",328670,4167.6,275160,4167.6,272030,4167.6,,,,,,
NE-HVAC-Unitary-addSRM,DEER2024,D24_E+_Com_v1,2026-07-16 22:55:44,Any,EPr,Ex,CZ15,cDXHP,Each,1,40700,None,55000,3.47,-0.0102,3310,0.214,-0.000341,,,,,,,,,20,"",392170,3671.6,340470,3671.6,337160,3671.6,,,,,,
NE-HVAC-Unitary-addSRM,DEER2024,D24_E+_Com_v1,2026-07-16 22:55:44,Any,EPr,Ex,CZ16,cDXHP,Each,1,40700,None,59300,13.3,-0.0314,2960,0.852,-0.00137,,,,,,,,,20,"",292610,4576.6,236240,4576.7,233280,4576.7,,,,,,
NE-HVAC-Unitary-addSRM,DEER2024,D24_E+_Com_v1,2026-07-16 22:55:44,Any,EPr,Ex,CZ01,cDXOH,Each,1,40700,None,51500,12.3,-0.00717,1950,0.693,-0.000341,,,,,,,,,20,"",227180,4652.0,177580,4652.0,175630,4652.0,,,,,,
NE-HVAC-Unitary-addSRM,DEER2024,D24_E+_Com_v1,2026-07-16 22:55:44,Any,EPr,Ex,CZ02,cDXOH,Each,1,40700,None,53400,11.5,-0.00546,2490,0.76,0,,,,,,,,,20,"",262280,4447.6,211390,4447.6,208900,4447.6,,,,,,
NE-HVAC-Unitary-addSRM,DEER2024,D24_E+_Com_v1,2026-07-16 22:55:44,Any,EPr,Ex,CZ03,cDXOH,Each,1,40700,None,48200,11,-0.00546,2400,0.739,0,,,,,,,,,20,"",244320,4416.4,198490,4416.4,196090,4416.4,,,,,,
NE-HVAC-Unitary-addSRM,DEER2024,D24_E+_Com_v1,2026-07-16 22:55:44,Any,EPr,Ex,CZ04,cDXOH,Each,1,40700,None,56300,11.9,-0.0041,2730,0.751,0,,,,,,,,,20,"",288310,4325.2,234730,4325.2,232000,4325.2,,,,,,
NE-HVAC-Unitary-addSRM,DEER2024,D24_E+_Com_v1,2026-07-16 22:55:44,Any,EPr,Ex,CZ05,cDXOH,Each,1,40700,None,49800,11.8,-0.00444,2450,0.732,0,,,,,,,,,20,"",249170,4431.7,201800,4431.8,199360,4431.8,,,,,,
NE-HVAC-Unitary-addSRM,DEER2024,D24_E+_Com_v1,2026-07-16 22:55:44,Any,EPr,Ex,CZ06,cDXOH,Each,1,40700,None,45500,12.2,-0.00273,2780,0.768,-0.000341,,,,,,,,,20,"",271840,4194.4,229070,4194.4,226290,4194.4,,,,,,
NE-HVAC-Unitary-addSRM,DEER2024,D24_E+_Com_v1,2026-07-16 22:55:44,Any,EPr,Ex,CZ07,cDXOH,Each,1,40700,None,46500,11.3,0.00614,2780,0.807,0.000341,,,,,,,,,20,"",273000,4164.7,229280,4164.7,226500,4164.7,,,,,,
NE-HVAC-Unitary-addSRM,DEER2024,D24_E+_Com_v1,2026-07-16 22:55:44,Any,EPr,Ex,CZ08,cDXOH,Each,1,40700,None,50700,12.5,-0.00239,3010,0.775,-0.000341,,,,,,,,,20,"",299670,4106.4,252010,4106.4,249000,4106.4,,,,,,
NE-HVAC-Unitary-addSRM,DEER2024,D24_E+_Com_v1,2026-07-16 22:55:44,Any,EPr,Ex,CZ09,cDXOH,Each,1,40700,None,54300,12.1,-0.00273,3100,0.749,0,,,,,,,,,20,"",302750,4125.4,251550,4125.4,248460,4125.4,,,,,,
NE-HVAC-Unitary-addSRM,DEER2024,D24_E+_Com_v1,2026-07-16 22:55:44,Any,EPr,Ex,CZ10,cDXOH,Each,1,40700,None,52400,12.2,-0.00273,2960,0.753,-0.000341,,,,,,,,,20,"",304540,4088.8,255070,4088.8,252110,4088.8,,,,,,
NE-HVAC-Unitary-addSRM,DEER2024,D24_E+_Com_v1,2026-07-16 22:55:44,Any,EPr,Ex,CZ11,cDXOH,Each,1,40700,None,60200,10.8,-0.000683,3040,0.731,0,,,,,,,,,20,"",315720,4150.3,258590,4150.3,255550,4150.3,,,,,,
NE-HVAC-Unitary-addSRM,DEER2024,D24_E+_Com_v1,2026-07-16 22:55:44,Any,EPr,Ex,CZ12,cDXOH,Each,1,40700,None,55200,11.5,-0.00307,2760,0.722,-0.000341,,,,,,,,,20,"",286670,4281.1,234250,4281.1,231480,4281.1,,,,,,
NE-HVAC-Unitary-addSRM,DEER2024,D24_E+_Com_v1,2026-07-16 22:55:44,Any,EPr,Ex,CZ13,cDXOH,Each,1,40700,None,59400,10.9,-0.00273,3110,0.689,0,,,,,,,,,20,"",319970,4092.3,263690,4092.3,260580,4092.3,,,,,,
NE-HVAC-Unitary-addSRM,DEER2024,D24_E+_Com_v1,2026-07-16 22:55:44,Any,EPr,Ex,CZ14,cDXOH,Each,1,40700,None,60600,11.8,-0.00375,3120,0.744,-0.000683,,,,,,,,,20,"",319070,4167.6,261620,4167.6,258500,4167.6,,,,,,
NE-HVAC-Unitary-addSRM,DEER2024,D24_E+_Com_v1,2026-07-16 22:55:44,Any,EPr,Ex,CZ15,cDXOH,Each,1,40700,None,59900,9.26,0.00102,3550,0.578,0,,,,,,,,,20,"",388960,3671.6,332570,3671.6,329020,3671.6,,,,,,
NE-HVAC-Unitary-addSRM,DEER2024,D24_E+_Com_v1,2026-07-16 22:55:44,Any,EPr,Ex,CZ16,cDXOH,Each,1,40700,None,67500,13.2,-0.401,2950,0.844,-0.0191,,,,,,,,,20,"",275300,4577.8,210770,4578.2,207820,4578.2,,,,,,
NE-HVAC-Unitary-addSRM,DEER2024,D24_E+_Com_v1,2026-07-16 22:55:44,Any,ERC,Ex,CZ01,cDXGF,Each,1,2880,None,2210,0.605,-52.2,109,0.024,-3.35,,,,,,,,,20,"",7801.4,493.05,5695.8,541.87,5587.0,545.22,,,,,,
NE-HVAC-Unitary-addSRM,DEER2024,D24_E+_Com_v1,2026-07-16 22:55:44,Any,ERC,Ex,CZ02,cDXGF,Each,1,2880,None,2720,0.635,-40,143,0.04,-2.55,,,,,,,,,20,"",9460.2,410.45,6880.9,447.92,6737.7,450.47,,,,,,
NE-HVAC-Unitary-addSRM,DEER2024,D24_E+_Com_v1,2026-07-16 22:55:44,Any,ERC,Ex,CZ03,cDXGF,Each,1,2880,None,2330,0.562,-30.2,119,0.034,-2.01,,,,,,,,,20,"",8229.8,379.12,6017.8,407.29,5898.5,409.30,,,,,,
NE-HVAC-Unitary-addSRM,DEER2024,D24_E+_Com_v1,2026-07-16 22:55:44,Any,ERC,Ex,CZ04,cDXGF,Each,1,2880,None,3120,0.808,-34.8,164,0.043,-2.27,,,,,,,,,20,"",10852,383.61,7894.8,416.13,7731.2,418.40,,,,,,
NE-HVAC-Unitary-addSRM,DEER2024,D24_E+_Com_v1,2026-07-16 22:55:44,Any,ERC,Ex,CZ05,cDXGF,Each,1,2880,None,2360,0.582,-28.8,123,0.033,-1.88,,,,,,,,,20,"",8380.1,376.84,6139.7,403.71,6016.6,405.59,,,,,,
NE-HVAC-Unitary-addSRM,DEER2024,D24_E+_Com_v1,2026-07-16 22:55:44,Any,ERC,Ex,CZ06,cDXGF,Each,1,2880,None,2470,0.63,-11.5,136,0.04,-0.788,,,,,,,,,20,"",9192.5,324.74,6863.8,335.42,6727.4,336.21,,,,,,
NE-HVAC-Unitary-addSRM,DEER2024,D24_E+_Com_v1,2026-07-16 22:55:44,Any,ERC,Ex,CZ07,cDXGF,Each,1,2880,None,2470,0.608,-10.6,138,0.041,-0.7,,,,,,,,,20,"",9230.5,322.35,6896.6,332.25,6758.9,332.95,,,,,,
NE-HVAC-Unitary-addSRM,DEER2024,D24_E+_Com_v1,2026-07-16 22:55:44,Any,ERC,Ex,CZ08,cDXGF,Each,1,2880,None,2820,0.755,-11.8,162,0.042,-0.803,,,,,,,,,20,"",10766,323.87,8103.3,334.90,7940.9,335.71,,,,,,
NE-HVAC-Unitary-addSRM,DEER2024,D24_E+_Com_v1,2026-07-16 22:55:44,Any,ERC,Ex,CZ09,cDXGF,Each,1,2880,None,3020,0.745,-14.7,169,0.041,-1,,,,,,,,,20,"",11078,328.42,8225.4,342.07,8056.2,343.07,,,,,,
NE-HVAC-Unitary-addSRM,DEER2024,D24_E+_Com_v1,2026-07-16 22:55:44,Any,ERC,Ex,CZ10,cDXGF,Each,1,2880,None,2920,0.742,-14.2,163,0.041,-1.01,,,,,,,,,20,"",11158,328.82,8396.4,342.04,8233.2,343.04,,,,,,
NE-HVAC-Unitary-addSRM,DEER2024,D24_E+_Com_v1,2026-07-16 22:55:44,Any,ERC,Ex,CZ11,cDXGF,Each,1,2880,None,3530,0.772,-37.4,195,0.045,-2.43,,,,,,,,,20,"",12549,383.17,9211.1,418.18,9015.9,420.61,,,,,,
NE-HVAC-Unitary-addSRM,DEER2024,D24_E+_Com_v1,2026-07-16 22:55:44,Any,ERC,Ex,CZ12,cDXGF,Each,1,2880,None,3060,0.768,-36.8,166,0.042,-2.35,,,,,,,,,20,"",10816,389.54,7926.9,423.98,7760.6,426.33,,,,,,
NE-HVAC-Unitary-addSRM,DEER2024,D24_E+_Com_v1,2026-07-16 22:55:44,Any,ERC,Ex,CZ13,cDXGF,Each,1,2880,None,3620,0.776,-34,200,0.043,-2.25,,,,,,,,,20,"",12836,361.70,9417.1,393.45,9216.8,395.70,,,,,,
NE-HVAC-Unitary-addSRM,DEER2024,D24_E+_Com_v1,2026-07-16 22:55:44,Any,ERC,Ex,CZ14,cDXGF,Each,1,2880,None,3600,0.757,-32.2,197,0.043,-2.16,,,,,,,,,20,"",12668,368.93,9268.9,398.94,9071.9,401.10,,,,,,
NE-HVAC-Unitary-addSRM,DEER2024,D24_E+_Com_v1,2026-07-16 22:55:44,Any,ERC,Ex,CZ15,cDXGF,Each,1,2880,None,4090,0.859,-6.46,232,0.044,-0.502,,,,,,,,,20,"",16132,297.94,12278,303.90,12046,304.40,,,,,,
NE-HVAC-Unitary-addSRM,DEER2024,D24_E+_Com_v1,2026-07-16 22:55:44,Any,ERC,Ex,CZ16,cDXGF,Each,1,2880,None,3380,0.694,-60.3,184,0.043,-3.92,,,,,,,,,20,"",10544,470.40,7347.5,526.75,7163.3,530.67,,,,,,
NE-HVAC-Unitary-addSRM,DEER2024,D24_E+_Com_v1,2026-07-16 22:55:44,Any,ERC,Ex,CZ01,cDXHP,Each,1,2880,None,2150,0.602,0.00102,93.6,0.024,0,,,,,,,,,20,"",8615.2,326.81,6563.2,326.81,6469.6,326.81,,,,,,
NE-HVAC-Unitary-addSRM,DEER2024,D24_E+_Com_v1,2026-07-16 22:55:44,Any,ERC,Ex,CZ02,cDXHP,Each,1,2880,None,2640,0.659,-0.00102,132,0.039,0.000341,,,,,,,,,20,"",9952.7,319.38,7446.9,319.38,7314.8,319.38,,,,,,
NE-HVAC-Unitary-addSRM,DEER2024,D24_E+_Com_v1,2026-07-16 22:55:44,Any,ERC,Ex,CZ03,cDXHP,Each,1,2880,None,2260,0.542,0,111,0.035,0,,,,,,,,,20,"",8542.3,318.26,6389.6,318.26,6278.4,318.26,,,,,,
NE-HVAC-Unitary-addSRM,DEER2024,D24_E+_Com_v1,2026-07-16 22:55:44,Any,ERC,Ex,CZ04,cDXHP,Each,1,2880,None,3030,0.862,0.00171,156,0.044,0.00205,,,,,,,,,20,"",11225,314.95,8350.4,314.95,8194.5,314.95,,,,,,
NE-HVAC-Unitary-addSRM,DEER2024,D24_E+_Com_v1,2026-07-16 22:55:44,Any,ERC,Ex,CZ05,cDXHP,Each,1,2880,None,2310,0.587,-0.000341,115,0.033,0,,,,,,,,,20,"",8685.2,318.82,6494.8,318.82,6379.8,318.82,,,,,,
NE-HVAC-Unitary-addSRM,DEER2024,D24_E+_Com_v1,2026-07-16 22:55:44,Any,ERC,Ex,CZ06,cDXHP,Each,1,2880,None,2400,0.636,-0.000683,135,0.04,0,,,,,,,,,20,"",9224.6,310.22,6963.1,310.22,6828.4,310.22,,,,,,
NE-HVAC-Unitary-addSRM,DEER2024,D24_E+_Com_v1,2026-07-16 22:55:44,Any,ERC,Ex,CZ07,cDXHP,Each,1,2880,None,2440,0.621,-0.000341,137,0.042,0,,,,,,,,,20,"",9324.6,309.14,7026.4,309.14,6889.1,309.14,,,,,,
NE-HVAC-Unitary-addSRM,DEER2024,D24_E+_Com_v1,2026-07-16 22:55:44,Any,ERC,Ex,CZ08,cDXHP,Each,1,2880,None,2740,0.628,0,163,0.036,0.000341,,,,,,,,,20,"",10877,307.02,8295.5,307.02,8132.7,307.02,,,,,,
NE-HVAC-Unitary-addSRM,DEER2024,D24_E+_Com_v1,2026-07-16 22:55:44,Any,ERC,Ex,CZ09,cDXHP,Each,1,2880,None,2940,0.614,-0.000341,168,0.035,0,,,,,,,,,20,"",11191,307.71,8421.2,307.71,8253.4,307.71,,,,,,
NE-HVAC-Unitary-addSRM,DEER2024,D24_E+_Com_v1,2026-07-16 22:55:44,Any,ERC,Ex,CZ10,cDXHP,Each,1,2880,None,2810,0.624,-0.000341,162,0.048,0,,,,,,,,,20,"",11274,306.38,8624.5,306.38,8462.4,306.38,,,,,,
NE-HVAC-Unitary-addSRM,DEER2024,D24_E+_Com_v1,2026-07-16 22:55:44,Any,ERC,Ex,CZ11,cDXHP,Each,1,2880,None,3380,0.889,0,192,0.161,0,,,,,,,,,20,"",12939,308.56,9753.3,308.56,9561.7,308.56,,,,,,
NE-HVAC-Unitary-addSRM,DEER2024,D24_E+_Com_v1,2026-07-16 22:55:44,Any,ERC,Ex,CZ12,cDXHP,Each,1,2880,None,2960,0.95,-0.000341,156,0.04,0,,,,,,,,,20,"",11215,313.35,8415.0,313.35,8258.7,313.35,,,,,,
NE-HVAC-Unitary-addSRM,DEER2024,D24_E+_Com_v1,2026-07-16 22:55:44,Any,ERC,Ex,CZ13,cDXHP,Each,1,2880,None,3420,0.702,-0.000341,196,0.103,0,,,,,,,,,20,"",13121,306.49,9896.3,306.49,9700.5,306.49,,,,,,
NE-HVAC-Unitary-addSRM,DEER2024,D24_E+_Com_v1,2026-07-16 22:55:44,Any,ERC,Ex,CZ14,cDXHP,Each,1,2880,None,3470,0.724,-0.000341,191,0.034,0,,,,,,,,,20,"",13003,309.22,9728.0,309.22,9537.3,309.22,,,,,,
NE-HVAC-Unitary-addSRM,DEER2024,D24_E+_Com_v1,2026-07-16 22:55:44,Any,ERC,Ex,CZ15,cDXHP,Each,1,2880,None,3700,0.459,-0.000341,218,0.034,0,,,,,,,,,20,"",16168,291.23,12685,291.23,12466,291.23,,,,,,
NE-HVAC-Unitary-addSRM,DEER2024,D24_E+_Com_v1,2026-07-16 22:55:44,Any,ERC,Ex,CZ16,cDXHP,Each,1,2880,None,3260,0.704,-0.000683,165,0.043,0,,,,,,,,,20,"",11392,324.06,8300.7,324.06,8135.4,324.06,,,,,,
NE-HVAC-Unitary-addSRM,DEER2024,D24_E+_Com_v1,2026-07-16 22:55:44,Any,ERC,Ex,CZ01,cDXOH,Each,1,2880,None,2470,0.624,-0.00102,84,0.027,0,,,,,,,,,20,"",7245.4,326.80,4856.3,326.80,4772.3,326.80,,,,,,
NE-HVAC-Unitary-addSRM,DEER2024,D24_E+_Com_v1,2026-07-16 22:55:44,Any,ERC,Ex,CZ02,cDXOH,Each,1,2880,None,2890,0.604,-0.000341,122,0.039,0,,,,,,,,,20,"",8955.5,319.38,6187.0,319.38,6064.8,319.38,,,,,,
NE-HVAC-Unitary-addSRM,DEER2024,D24_E+_Com_v1,2026-07-16 22:55:44,Any,ERC,Ex,CZ03,cDXOH,Each,1,2880,None,2510,0.544,-0.000341,107,0.035,0,,,,,,,,,20,"",7919.8,318.26,5521.9,318.26,5414.5,318.26,,,,,,
NE-HVAC-Unitary-addSRM,DEER2024,D24_E+_Com_v1,2026-07-16 22:55:44,Any,ERC,Ex,CZ04,cDXOH,Each,1,2880,None,3220,0.694,0.00171,145,0.043,0,,,,,,,,,20,"",10347,314.95,7269.6,314.95,7124.2,314.95,,,,,,
NE-HVAC-Unitary-addSRM,DEER2024,D24_E+_Com_v1,2026-07-16 22:55:44,Any,ERC,Ex,CZ05,cDXOH,Each,1,2880,None,2600,0.589,-0.000683,112,0.033,0,,,,,,,,,20,"",8136.4,318.82,5645.9,318.82,5533.7,318.82,,,,,,
NE-HVAC-Unitary-addSRM,DEER2024,D24_E+_Com_v1,2026-07-16 22:55:44,Any,ERC,Ex,CZ06,cDXOH,Each,1,2880,None,2570,0.63,-0.000683,137,0.04,0,,,,,,,,,20,"",9105.1,310.22,6668.0,310.22,6531.0,310.22,,,,,,
NE-HVAC-Unitary-addSRM,DEER2024,D24_E+_Com_v1,2026-07-16 22:55:44,Any,ERC,Ex,CZ07,cDXOH,Each,1,2880,None,2610,0.604,-0.000341,137,0.041,0,,,,,,,,,20,"",9202.9,309.14,6732.7,309.14,6595.7,309.14,,,,,,
NE-HVAC-Unitary-addSRM,DEER2024,D24_E+_Com_v1,2026-07-16 22:55:44,Any,ERC,Ex,CZ08,cDXOH,Each,1,2880,None,2920,0.685,-0.000341,159,0.042,0,,,,,,,,,20,"",10641,307.02,7880.3,307.02,7721.0,307.02,,,,,,
NE-HVAC-Unitary-addSRM,DEER2024,D24_E+_Com_v1,2026-07-16 22:55:44,Any,ERC,Ex,CZ09,cDXOH,Each,1,2880,None,3120,0.671,-0.000341,168,0.041,0,,,,,,,,,20,"",10883,307.71,7933.1,307.71,7764.7,307.71,,,,,,
NE-HVAC-Unitary-addSRM,DEER2024,D24_E+_Com_v1,2026-07-16 22:55:44,Any,ERC,Ex,CZ10,cDXOH,Each,1,2880,None,3010,0.675,-0.000341,158,0.041,0,,,,,,,,,20,"",10968,306.38,8114.2,306.38,7955.8,306.38,,,,,,
NE-HVAC-Unitary-addSRM,DEER2024,D24_E+_Com_v1,2026-07-16 22:55:44,Any,ERC,Ex,CZ11,cDXOH,Each,1,2880,None,3560,0.658,-0.000341,173,0.045,0,,,,,,,,,20,"",11912,308.56,8524.0,308.56,8351.5,308.56,,,,,,
NE-HVAC-Unitary-addSRM,DEER2024,D24_E+_Com_v1,2026-07-16 22:55:44,Any,ERC,Ex,CZ12,cDXOH,Each,1,2880,None,3110,0.659,-0.000341,147,0.042,0,,,,,,,,,20,"",10245,313.35,7284.5,313.35,7137.8,313.35,,,,,,
NE-HVAC-Unitary-addSRM,DEER2024,D24_E+_Com_v1,2026-07-16 22:55:44,Any,ERC,Ex,CZ13,cDXOH,Each,1,2880,None,3560,0.674,-0.00171,178,0.043,0,,,,,,,,,20,"",12177,306.49,8795.8,306.49,8617.8,306.49,,,,,,
NE-HVAC-Unitary-addSRM,DEER2024,D24_E+_Com_v1,2026-07-16 22:55:44,Any,ERC,Ex,CZ14,cDXOH,Each,1,2880,None,3610,0.68,-0.000341,179,0.043,-0.000341,,,,,,,,,20,"",12087,309.22,8656.0,309.22,8476.7,309.22,,,,,,
NE-HVAC-Unitary-addSRM,DEER2024,D24_E+_Com_v1,2026-07-16 22:55:44,Any,ERC,Ex,CZ15,cDXOH,Each,1,2880,None,4020,0.7,0,232,0.044,0,,,,,,,,,20,"",15929,291.23,12144,291.23,11912,291.23,,,,,,
NE-HVAC-Unitary-addSRM,DEER2024,D24_E+_Com_v1,2026-07-16 22:55:44,Any,ERC,Ex,CZ16,cDXOH,Each,1,2880,None,3490,0.694,-0.000683,146,0.043,0,,,,,,,,,20,"",9584.2,324.06,6241.3,324.06,6095.7,324.06,,,,,,
NE-HVAC-Unitary-addSRM,DEER2024,D24_E+_Com_v1,2026-07-16 22:55:44,Any,ESe,Ex,CZ01,cDXGF,Each,1,74400,None,50700,11,-516,2360,0.651,-34.4,,,,,,,,,20,"",692540,20167,644200,20648,641840,20683,,,,,,
NE-HVAC-Unitary-addSRM,DEER2024,D24_E+_Com_v1,2026-07-16 22:55:44,Any,ESe,Ex,CZ02,cDXGF,Each,1,74400,None,59500,13.3,-429,3050,0.835,-28.7,,,,,,,,,20,"",804360,17126,747870,17526,744820,17555,,,,,,
NE-HVAC-Unitary-addSRM,DEER2024,D24_E+_Com_v1,2026-07-16 22:55:44,Any,ESe,Ex,CZ03,cDXGF,Each,1,74400,None,55200,12.3,-259,2950,0.799,-18.9,,,,,,,,,20,"",742690,14595,690450,14835,687500,14854,,,,,,
NE-HVAC-Unitary-addSRM,DEER2024,D24_E+_Com_v1,2026-07-16 22:55:44,Any,ESe,Ex,CZ04,cDXGF,Each,1,74400,None,63000,14.2,-362,3350,0.806,-23,,,,,,,,,20,"",877130,15486,817460,15825,814110,15848,,,,,,
NE-HVAC-Unitary-addSRM,DEER2024,D24_E+_Com_v1,2026-07-16 22:55:44,Any,ESe,Ex,CZ05,cDXGF,Each,1,74400,None,56700,12.6,-275,3020,0.765,-19.8,,,,,,,,,20,"",757980,14559,704280,14814,701250,14833,,,,,,
NE-HVAC-Unitary-addSRM,DEER2024,D24_E+_Com_v1,2026-07-16 22:55:44,Any,ESe,Ex,CZ06,cDXGF,Each,1,74400,None,53400,13.1,-89.5,3270,0.819,-6.79,,,,,,,,,20,"",797690,10975,747560,11057,744280,11064,,,,,,
NE-HVAC-Unitary-addSRM,DEER2024,D24_E+_Com_v1,2026-07-16 22:55:44,Any,ESe,Ex,CZ07,cDXGF,Each,1,74400,None,54600,12.6,-85.8,3310,0.834,-6.05,,,,,,,,,20,"",801030,10747,749690,10826,746390,10833,,,,,,
NE-HVAC-Unitary-addSRM,DEER2024,D24_E+_Com_v1,2026-07-16 22:55:44,Any,ESe,Ex,CZ08,cDXGF,Each,1,74400,None,60400,14.7,-107,3590,0.83,-7.65,,,,,,,,,20,"",877850,10932,821040,11031,817450,11039,,,,,,
NE-HVAC-Unitary-addSRM,DEER2024,D24_E+_Com_v1,2026-07-16 22:55:44,Any,ESe,Ex,CZ09,cDXGF,Each,1,74400,None,64600,14.3,-145,3730,0.819,-10.2,,,,,,,,,20,"",892460,11390,831590,11524,827860,11535,,,,,,
NE-HVAC-Unitary-addSRM,DEER2024,D24_E+_Com_v1,2026-07-16 22:55:44,Any,ESe,Ex,CZ10,cDXGF,Each,1,74400,None,63900,14.7,-169,3630,0.831,-11.1,,,,,,,,,20,"",921480,11531,861250,11688,857610,11699,,,,,,
NE-HVAC-Unitary-addSRM,DEER2024,D24_E+_Com_v1,2026-07-16 22:55:44,Any,ESe,Ex,CZ11,cDXGF,Each,1,74400,None,67900,13,-414,3640,0.761,-26.5,,,,,,,,,20,"",942020,15033,877800,15421,874150,15447,,,,,,
NE-HVAC-Unitary-addSRM,DEER2024,D24_E+_Com_v1,2026-07-16 22:55:44,Any,ESe,Ex,CZ12,cDXGF,Each,1,74400,None,61500,13.5,-380,3310,0.763,-25.2,,,,,,,,,20,"",862360,15473,804210,15828,800900,15854,,,,,,
NE-HVAC-Unitary-addSRM,DEER2024,D24_E+_Com_v1,2026-07-16 22:55:44,Any,ESe,Ex,CZ13,cDXGF,Each,1,74400,None,67900,13.4,-330,3730,0.746,-21.2,,,,,,,,,20,"",947420,13957,883220,14266,879490,14287,,,,,,
NE-HVAC-Unitary-addSRM,DEER2024,D24_E+_Com_v1,2026-07-16 22:55:44,Any,ESe,Ex,CZ14,cDXGF,Each,1,74400,None,67400,13.6,-313,3660,0.777,-19.4,,,,,,,,,20,"",933020,13910,869230,14204,865580,14223,,,,,,
NE-HVAC-Unitary-addSRM,DEER2024,D24_E+_Com_v1,2026-07-16 22:55:44,Any,ESe,Ex,CZ15,cDXGF,Each,1,74400,None,73500,12.3,-58.4,4280,0.673,-3.98,,,,,,,,,20,"",1117500,9020.8,1048200,9075.2,1043900,9079.2,,,,,,
NE-HVAC-Unitary-addSRM,DEER2024,D24_E+_Com_v1,2026-07-16 22:55:44,Any,ESe,Ex,CZ16,cDXGF,Each,1,74400,None,69700,14.5,-697,3640,0.879,-42.5,,,,,,,,,20,"",825890,19468,759830,20122,756190,20164,,,,,,
NE-HVAC-Unitary-addSRM,DEER2024,D24_E+_Com_v1,2026-07-16 22:55:44,Any,ESe,Ex,CZ01,cDXHP,Each,1,74400,None,49900,11,-17.9,2220,0.65,-0.357,,,,,,,,,20,"",698160,19025,650470,19042,648250,19043,,,,,,
NE-HVAC-Unitary-addSRM,DEER2024,D24_E+_Com_v1,2026-07-16 22:55:44,Any,ESe,Ex,CZ02,cDXHP,Each,1,74400,None,58000,12.4,-12.7,2940,0.829,-0.389,,,,,,,,,20,"",808600,16313,753580,16325,750640,16325,,,,,,
NE-HVAC-Unitary-addSRM,DEER2024,D24_E+_Com_v1,2026-07-16 22:55:44,Any,ESe,Ex,CZ03,cDXHP,Each,1,74400,None,54500,12.1,-8.6,2880,0.789,-0.326,,,,,,,,,20,"",744870,14169,693260,14177,690380,14178,,,,,,
NE-HVAC-Unitary-addSRM,DEER2024,D24_E+_Com_v1,2026-07-16 22:55:44,Any,ESe,Ex,CZ04,cDXHP,Each,1,74400,None,61500,13.8,-11.4,3280,0.81,-0.0352,,,,,,,,,20,"",880900,14819,822720,14831,819440,14831,,,,,,
NE-HVAC-Unitary-addSRM,DEER2024,D24_E+_Com_v1,2026-07-16 22:55:44,Any,ESe,Ex,CZ05,cDXHP,Each,1,74400,None,56000,12.5,-8.7,2950,0.767,-0.138,,,,,,,,,20,"",760160,14145,707070,14153,704120,14153,,,,,,
NE-HVAC-Unitary-addSRM,DEER2024,D24_E+_Com_v1,2026-07-16 22:55:44,Any,ESe,Ex,CZ06,cDXHP,Each,1,74400,None,51400,12.7,-2.55,3260,0.809,-0.0785,,,,,,,,,20,"",797120,10889,749010,10892,745750,10892,,,,,,
NE-HVAC-Unitary-addSRM,DEER2024,D24_E+_Com_v1,2026-07-16 22:55:44,Any,ESe,Ex,CZ07,cDXHP,Each,1,74400,None,52800,11.4,-2.42,3300,0.843,-0.0754,,,,,,,,,20,"",801320,10672,751820,10674,748520,10674,,,,,,
NE-HVAC-Unitary-addSRM,DEER2024,D24_E+_Com_v1,2026-07-16 22:55:44,Any,ESe,Ex,CZ08,cDXHP,Each,1,74400,None,56700,13.4,-2.82,3540,0.778,-0.124,,,,,,,,,20,"",878160,10810,825000,10813,821460,10813,,,,,,
NE-HVAC-Unitary-addSRM,DEER2024,D24_E+_Com_v1,2026-07-16 22:55:44,Any,ESe,Ex,CZ09,cDXHP,Each,1,74400,None,61100,12.8,-3.89,3670,0.891,-0.108,,,,,,,,,20,"",893150,11221,835740,11225,832070,11225,,,,,,
NE-HVAC-Unitary-addSRM,DEER2024,D24_E+_Com_v1,2026-07-16 22:55:44,Any,ESe,Ex,CZ10,cDXHP,Each,1,74400,None,60000,13.5,-4.16,3560,0.899,-0.0355,,,,,,,,,20,"",922320,11315,865890,11319,862330,11319,,,,,,
NE-HVAC-Unitary-addSRM,DEER2024,D24_E+_Com_v1,2026-07-16 22:55:44,Any,ESe,Ex,CZ11,cDXHP,Each,1,74400,None,64900,11.5,-11.8,3540,0.942,-0.312,,,,,,,,,20,"",945790,14346,884460,14357,880920,14357,,,,,,
NE-HVAC-Unitary-addSRM,DEER2024,D24_E+_Com_v1,2026-07-16 22:55:44,Any,ESe,Ex,CZ12,cDXHP,Each,1,74400,None,58800,12.8,-11.9,3210,0.722,-0.507,,,,,,,,,20,"",865720,14800,810170,14811,806960,14812,,,,,,
NE-HVAC-Unitary-addSRM,DEER2024,D24_E+_Com_v1,2026-07-16 22:55:44,Any,ESe,Ex,CZ13,cDXHP,Each,1,74400,None,64100,12.4,-11.2,3610,0.77,-0.666,,,,,,,,,20,"",950010,13452,889560,13463,885950,13464,,,,,,
NE-HVAC-Unitary-addSRM,DEER2024,D24_E+_Com_v1,2026-07-16 22:55:44,Any,ESe,Ex,CZ14,cDXHP,Each,1,74400,None,65300,12.5,-9.08,3640,0.782,0.0382,,,,,,,,,20,"",936250,13394,874540,13403,870910,13403,,,,,,
NE-HVAC-Unitary-addSRM,DEER2024,D24_E+_Com_v1,2026-07-16 22:55:44,Any,ESe,Ex,CZ15,cDXHP,Each,1,74400,None,66300,6.5,-1.81,4080,0.357,-0.0317,,,,,,,,,20,"",1117900,8967.4,1055700,8969.2,1051600,8969.2,,,,,,
NE-HVAC-Unitary-addSRM,DEER2024,D24_E+_Com_v1,2026-07-16 22:55:44,Any,ESe,Ex,CZ16,cDXHP,Each,1,74400,None,68100,14.3,-21.3,3480,0.88,-0.175,,,,,,,,,20,"",833500,18188,768870,18209,765390,18209,,,,,,
NE-HVAC-Unitary-addSRM,DEER2024,D24_E+_Com_v1,2026-07-16 22:55:44,Any,ESe,Ex,CZ01,cDXOH,Each,1,74400,None,57600,11,-46.4,2360,0.629,-2.2,,,,,,,,,20,"",691900,19079,636700,19123,634340,19126,,,,,,
NE-HVAC-Unitary-addSRM,DEER2024,D24_E+_Com_v1,2026-07-16 22:55:44,Any,ESe,Ex,CZ02,cDXOH,Each,1,74400,None,64100,12.5,-30.8,3030,0.835,-1.17,,,,,,,,,20,"",802140,16353,741030,16383,738010,16384,,,,,,
NE-HVAC-Unitary-addSRM,DEER2024,D24_E+_Com_v1,2026-07-16 22:55:44,Any,ESe,Ex,CZ03,cDXOH,Each,1,74400,None,58500,11.8,-17,2960,0.801,-0.742,,,,,,,,,20,"",742080,14183,686500,14199,683540,14200,,,,,,
NE-HVAC-Unitary-addSRM,DEER2024,D24_E+_Com_v1,2026-07-16 22:55:44,Any,ESe,Ex,CZ04,cDXOH,Each,1,74400,None,66400,12.6,-24.2,3310,0.806,-0.868,,,,,,,,,20,"",874600,14848,811490,14871,808170,14872,,,,,,
NE-HVAC-Unitary-addSRM,DEER2024,D24_E+_Com_v1,2026-07-16 22:55:44,Any,ESe,Ex,CZ05,cDXOH,Each,1,74400,None,60300,12.4,-14.8,3060,0.805,-0.651,,,,,,,,,20,"",757190,14156,699900,14170,696850,14171,,,,,,
NE-HVAC-Unitary-addSRM,DEER2024,D24_E+_Com_v1,2026-07-16 22:55:44,Any,ESe,Ex,CZ06,cDXOH,Each,1,74400,None,53500,12.8,-4.06,3290,0.819,-0.173,,,,,,,,,20,"",796400,10891,746210,10894,742920,10895,,,,,,
NE-HVAC-Unitary-addSRM,DEER2024,D24_E+_Com_v1,2026-07-16 22:55:44,Any,ESe,Ex,CZ07,cDXOH,Each,1,74400,None,54900,11.9,-3.83,3340,0.834,-0.159,,,,,,,,,20,"",799950,10673,748400,10676,745060,10676,,,,,,
NE-HVAC-Unitary-addSRM,DEER2024,D24_E+_Com_v1,2026-07-16 22:55:44,Any,ESe,Ex,CZ08,cDXOH,Each,1,74400,None,60300,13.3,-5.06,3600,0.83,-0.237,,,,,,,,,20,"",876080,10812,819330,10817,815730,10817,,,,,,
NE-HVAC-Unitary-addSRM,DEER2024,D24_E+_Com_v1,2026-07-16 22:55:44,Any,ESe,Ex,CZ09,cDXOH,Each,1,74400,None,65200,13,-7.79,3760,0.819,-0.319,,,,,,,,,20,"",890750,11225,829340,11232,825580,11233,,,,,,
NE-HVAC-Unitary-addSRM,DEER2024,D24_E+_Com_v1,2026-07-16 22:55:44,Any,ESe,Ex,CZ10,cDXOH,Each,1,74400,None,64800,13.3,-9.31,3660,0.831,-0.368,,,,,,,,,20,"",919730,11319,858630,11328,854970,11328,,,,,,
NE-HVAC-Unitary-addSRM,DEER2024,D24_E+_Com_v1,2026-07-16 22:55:44,Any,ESe,Ex,CZ11,cDXOH,Each,1,74400,None,70700,11.5,-32.9,3610,0.761,-1.18,,,,,,,,,20,"",938210,14393,871070,14425,867460,14426,,,,,,
NE-HVAC-Unitary-addSRM,DEER2024,D24_E+_Com_v1,2026-07-16 22:55:44,Any,ESe,Ex,CZ12,cDXOH,Each,1,74400,None,64500,12,-30.3,3270,0.763,-1.13,,,,,,,,,20,"",859450,14841,798190,14870,794920,14872,,,,,,
NE-HVAC-Unitary-addSRM,DEER2024,D24_E+_Com_v1,2026-07-16 22:55:44,Any,ESe,Ex,CZ13,cDXOH,Each,1,74400,None,69800,11.9,-29.8,3710,0.746,-1.06,,,,,,,,,20,"",944180,13483,878080,13511,874370,13512,,,,,,
NE-HVAC-Unitary-addSRM,DEER2024,D24_E+_Com_v1,2026-07-16 22:55:44,Any,ESe,Ex,CZ14,cDXOH,Each,1,74400,None,69500,12.3,-24.5,3660,0.777,-0.913,,,,,,,,,20,"",930250,13417,864360,13441,860700,13442,,,,,,
NE-HVAC-Unitary-addSRM,DEER2024,D24_E+_Com_v1,2026-07-16 22:55:44,Any,ESe,Ex,CZ15,cDXOH,Each,1,74400,None,71500,10.6,-2.88,4290,0.673,-0.115,,,,,,,,,20,"",1114500,8968.6,1047300,8971.4,1043000,8971.5,,,,,,
NE-HVAC-Unitary-addSRM,DEER2024,D24_E+_Com_v1,2026-07-16 22:55:44,Any,ESe,Ex,CZ16,cDXOH,Each,1,74400,None,76700,14.1,-80.9,3580,0.879,-2.74,,,,,,,,,20,"",822040,18295,748950,18373,745380,18376,,,,,,
NE-HVAC-Unitary-addSRM,DEER2024,D24_E+_Com_v1,2026-07-16 22:55:44,Any,EUn,Ex,CZ01,cDXGF,Each,1,858000,None,1.11e+06,188,-9220,52200,11.8,-597,,,,,,,,,20,"",6767500,47967,5705800,56593,5653500,57190,,,,,,
NE-HVAC-Unitary-addSRM,DEER2024,D24_E+_Com_v1,2026-07-16 22:55:44,Any,EUn,Ex,CZ02,cDXGF,Each,1,858000,None,1.18e+06,211,-7370,60400,13.1,-469,,,,,,,,,20,"",7463100,41485,6344200,48384,6283800,48852,,,,,,
NE-HVAC-Unitary-addSRM,DEER2024,D24_E+_Com_v1,2026-07-16 22:55:44,Any,EUn,Ex,CZ03,cDXGF,Each,1,858000,None,1.12e+06,205,-4680,60100,13.2,-321,,,,,,,,,20,"",7108700,36237,6049900,40594,5989800,40915,,,,,,
NE-HVAC-Unitary-addSRM,DEER2024,D24_E+_Com_v1,2026-07-16 22:55:44,Any,EUn,Ex,CZ04,cDXGF,Each,1,858000,None,1.2e+06,227,-6290,64100,13.1,-393,,,,,,,,,20,"",7890100,39027,6750600,44929,6686500,45322,,,,,,
NE-HVAC-Unitary-addSRM,DEER2024,D24_E+_Com_v1,2026-07-16 22:55:44,Any,EUn,Ex,CZ05,cDXGF,Each,1,858000,None,1.14e+06,208,-5240,61900,13,-344,,,,,,,,,20,"",7259300,36515,6182000,41415,6120000,41759,,,,,,
NE-HVAC-Unitary-addSRM,DEER2024,D24_E+_Com_v1,2026-07-16 22:55:44,Any,EUn,Ex,CZ06,cDXGF,Each,1,858000,None,1.06e+06,211,-1660,65000,13.2,-122,,,,,,,,,20,"",7599700,29707,6605700,31244,6540600,31366,,,,,,
NE-HVAC-Unitary-addSRM,DEER2024,D24_E+_Com_v1,2026-07-16 22:55:44,Any,EUn,Ex,CZ07,cDXGF,Each,1,858000,None,1.07e+06,210,-1420,65100,13.4,-105,,,,,,,,,20,"",7645300,29113,6638700,30425,6573600,30530,,,,,,
NE-HVAC-Unitary-addSRM,DEER2024,D24_E+_Com_v1,2026-07-16 22:55:44,Any,EUn,Ex,CZ08,cDXGF,Each,1,858000,None,1.13e+06,226,-2070,66900,13.1,-143,,,,,,,,,20,"",8096200,29518,7028500,31448,6961600,31591,,,,,,
NE-HVAC-Unitary-addSRM,DEER2024,D24_E+_Com_v1,2026-07-16 22:55:44,Any,EUn,Ex,CZ09,cDXGF,Each,1,858000,None,1.2e+06,226,-2520,68900,13,-171,,,,,,,,,20,"",8162200,30286,7033800,32632,6965000,32803,,,,,,
NE-HVAC-Unitary-addSRM,DEER2024,D24_E+_Com_v1,2026-07-16 22:55:44,Any,EUn,Ex,CZ10,cDXGF,Each,1,858000,None,1.16e+06,220,-2680,66100,12.7,-178,,,,,,,,,20,"",8189900,30085,7098100,32583,7032000,32762,,,,,,
NE-HVAC-Unitary-addSRM,DEER2024,D24_E+_Com_v1,2026-07-16 22:55:44,Any,EUn,Ex,CZ11,cDXGF,Each,1,858000,None,1.22e+06,190,-6280,65200,11.3,-418,,,,,,,,,20,"",8289500,37782,7130400,43647,7065200,44065,,,,,,
NE-HVAC-Unitary-addSRM,DEER2024,D24_E+_Com_v1,2026-07-16 22:55:44,Any,EUn,Ex,CZ12,cDXGF,Each,1,858000,None,1.16e+06,212,-6240,62000,12.2,-377,,,,,,,,,20,"",7798300,38599,6696500,44466,6634500,44843,,,,,,
NE-HVAC-Unitary-addSRM,DEER2024,D24_E+_Com_v1,2026-07-16 22:55:44,Any,EUn,Ex,CZ13,cDXGF,Each,1,858000,None,1.21e+06,189,-5340,65300,10.9,-332,,,,,,,,,20,"",8342200,34897,7197700,39910,7132400,40242,,,,,,
NE-HVAC-Unitary-addSRM,DEER2024,D24_E+_Com_v1,2026-07-16 22:55:44,Any,EUn,Ex,CZ14,cDXGF,Each,1,858000,None,1.26e+06,201,-5660,69400,11.8,-352,,,,,,,,,20,"",8439600,36702,7247200,42012,7177800,42364,,,,,,
NE-HVAC-Unitary-addSRM,DEER2024,D24_E+_Com_v1,2026-07-16 22:55:44,Any,EUn,Ex,CZ15,cDXGF,Each,1,858000,None,1.21e+06,193,-1350,70500,10.9,-92,,,,,,,,,20,"",9452600,24785,8309700,26043,8239200,26135,,,,,,
NE-HVAC-Unitary-addSRM,DEER2024,D24_E+_Com_v1,2026-07-16 22:55:44,Any,EUn,Ex,CZ16,cDXGF,Each,1,858000,None,1.37e+06,213,-10300,71800,13.2,-659,,,,,,,,,20,"",7809500,48293,6509600,57888,6437700,58547,,,,,,
NE-HVAC-Unitary-addSRM,DEER2024,D24_E+_Com_v1,2026-07-16 22:55:44,Any,EUn,Ex,CZ01,cDXHP,Each,1,858000,None,1.09e+06,188,-31.5,49500,11.9,-0.651,,,,,,,,,20,"",6837800,34212,5795500,34243,5746000,34244,,,,,,
NE-HVAC-Unitary-addSRM,DEER2024,D24_E+_Com_v1,2026-07-16 22:55:44,Any,EUn,Ex,CZ02,cDXHP,Each,1,858000,None,1.15e+06,204,-22.6,58500,13.8,-0.452,,,,,,,,,20,"",7512400,31830,6425100,31852,6366600,31853,,,,,,
NE-HVAC-Unitary-addSRM,DEER2024,D24_E+_Com_v1,2026-07-16 22:55:44,Any,EUn,Ex,CZ03,cDXHP,Each,1,858000,None,1.1e+06,201,-19.8,58600,13.4,-0.612,,,,,,,,,20,"",7133900,30996,6089400,31015,6030900,31016,,,,,,
NE-HVAC-Unitary-addSRM,DEER2024,D24_E+_Com_v1,2026-07-16 22:55:44,Any,EUn,Ex,CZ04,cDXHP,Each,1,858000,None,1.18e+06,220,-25.3,62900,13.1,-0.615,,,,,,,,,20,"",7939300,30478,6822900,30503,6760100,30504,,,,,,
NE-HVAC-Unitary-addSRM,DEER2024,D24_E+_Com_v1,2026-07-16 22:55:44,Any,EUn,Ex,CZ05,cDXHP,Each,1,858000,None,1.12e+06,206,-16.4,60500,13.1,-0.354,,,,,,,,,20,"",7287200,30983,6225800,30999,6165300,30999,,,,,,
NE-HVAC-Unitary-addSRM,DEER2024,D24_E+_Com_v1,2026-07-16 22:55:44,Any,EUn,Ex,CZ06,cDXHP,Each,1,858000,None,1.03e+06,206,-3.61,64800,13.4,-0.118,,,,,,,,,20,"",7577200,28511,6616500,28514,6551700,28515,,,,,,
NE-HVAC-Unitary-addSRM,DEER2024,D24_E+_Com_v1,2026-07-16 22:55:44,Any,EUn,Ex,CZ07,cDXHP,Each,1,858000,None,1.04e+06,197,-2.38,64400,13.1,-0.0727,,,,,,,,,20,"",7628500,28218,6654800,28221,6590400,28221,,,,,,
NE-HVAC-Unitary-addSRM,DEER2024,D24_E+_Com_v1,2026-07-16 22:55:44,Any,EUn,Ex,CZ08,cDXHP,Each,1,858000,None,1.09e+06,216,-4.88,66300,12.6,-0.125,,,,,,,,,20,"",8080200,27732,7057400,27737,6991100,27737,,,,,,
NE-HVAC-Unitary-addSRM,DEER2024,D24_E+_Com_v1,2026-07-16 22:55:44,Any,EUn,Ex,CZ09,cDXHP,Each,1,858000,None,1.15e+06,220,-8.24,68100,12.4,-0.182,,,,,,,,,20,"",8155600,27989,7070900,27997,7002800,27997,,,,,,
NE-HVAC-Unitary-addSRM,DEER2024,D24_E+_Com_v1,2026-07-16 22:55:44,Any,EUn,Ex,CZ10,cDXHP,Each,1,858000,None,1.12e+06,215,-6.43,65500,13.4,-0.175,,,,,,,,,20,"",8185600,27603,7132900,27610,7067400,27610,,,,,,
NE-HVAC-Unitary-addSRM,DEER2024,D24_E+_Com_v1,2026-07-16 22:55:44,Any,EUn,Ex,CZ11,cDXHP,Each,1,858000,None,1.2e+06,193,-22.6,64200,12.8,-0.671,,,,,,,,,20,"",8337000,29253,7200500,29275,7136200,29276,,,,,,
NE-HVAC-Unitary-addSRM,DEER2024,D24_E+_Com_v1,2026-07-16 22:55:44,Any,EUn,Ex,CZ12,cDXHP,Each,1,858000,None,1.13e+06,215,-18.7,60300,11.9,-0.199,,,,,,,,,20,"",7836700,30241,6768600,30259,6708200,30260,,,,,,
NE-HVAC-Unitary-addSRM,DEER2024,D24_E+_Com_v1,2026-07-16 22:55:44,Any,EUn,Ex,CZ13,cDXHP,Each,1,858000,None,1.18e+06,193,-13.7,64500,13.7,-0.234,,,,,,,,,20,"",8374200,28330,7260200,28344,7195700,28344,,,,,,
NE-HVAC-Unitary-addSRM,DEER2024,D24_E+_Com_v1,2026-07-16 22:55:44,Any,EUn,Ex,CZ14,cDXHP,Each,1,858000,None,1.24e+06,194,-28.1,68700,12.1,-0.638,,,,,,,,,20,"",8488300,29002,7315700,29030,7247000,29031,,,,,,
NE-HVAC-Unitary-addSRM,DEER2024,D24_E+_Com_v1,2026-07-16 22:55:44,Any,EUn,Ex,CZ15,cDXHP,Each,1,858000,None,1.16e+06,198,-2.21,70500,11.8,-0.0645,,,,,,,,,20,"",9460500,23722,8375600,23724,8305100,23724,,,,,,
NE-HVAC-Unitary-addSRM,DEER2024,D24_E+_Com_v1,2026-07-16 22:55:44,Any,EUn,Ex,CZ16,cDXHP,Each,1,858000,None,1.34e+06,210,-44.9,69100,13.3,-0.975,,,,,,,,,20,"",7895400,34778,6624400,34822,6555300,34823,,,,,,
NE-HVAC-Unitary-addSRM,DEER2024,D24_E+_Com_v1,2026-07-16 22:55:44,Any,EUn,Ex,CZ01,cDXOH,Each,1,858000,None,1.24e+06,189,-160,52400,11.3,-5.05,,,,,,,,,20,"",6760800,34463,5574700,34617,5522400,34622,,,,,,
NE-HVAC-Unitary-addSRM,DEER2024,D24_E+_Com_v1,2026-07-16 22:55:44,Any,EUn,Ex,CZ02,cDXOH,Each,1,858000,None,1.27e+06,200,-107,61000,13.1,-3.42,,,,,,,,,20,"",7442600,31974,6233800,32077,6172800,32080,,,,,,
NE-HVAC-Unitary-addSRM,DEER2024,D24_E+_Com_v1,2026-07-16 22:55:44,Any,EUn,Ex,CZ03,cDXOH,Each,1,858000,None,1.19e+06,199,-62,61300,13.2,-2.03,,,,,,,,,20,"",7102700,31045,5978200,31105,5916900,31107,,,,,,
NE-HVAC-Unitary-addSRM,DEER2024,D24_E+_Com_v1,2026-07-16 22:55:44,Any,EUn,Ex,CZ04,cDXOH,Each,1,858000,None,1.27e+06,209,-84.5,64400,13.1,-2.76,,,,,,,,,20,"",7861100,30562,6651700,30644,6587300,30647,,,,,,
NE-HVAC-Unitary-addSRM,DEER2024,D24_E+_Com_v1,2026-07-16 22:55:44,Any,EUn,Ex,CZ05,cDXOH,Each,1,858000,None,1.22e+06,206,-40.2,63200,12.8,-1.36,,,,,,,,,20,"",7250300,31011,6098300,31049,6035100,31051,,,,,,
NE-HVAC-Unitary-addSRM,DEER2024,D24_E+_Com_v1,2026-07-16 22:55:44,Any,EUn,Ex,CZ06,cDXOH,Each,1,858000,None,1.07e+06,207,-7.59,65500,13.2,-0.268,,,,,,,,,20,"",7579900,28514,6578900,28522,6513400,28522,,,,,,
NE-HVAC-Unitary-addSRM,DEER2024,D24_E+_Com_v1,2026-07-16 22:55:44,Any,EUn,Ex,CZ07,cDXOH,Each,1,858000,None,1.08e+06,203,-4.22,66000,13.4,-0.158,,,,,,,,,20,"",7626000,28220,6615700,28224,6549700,28224,,,,,,
NE-HVAC-Unitary-addSRM,DEER2024,D24_E+_Com_v1,2026-07-16 22:55:44,Any,EUn,Ex,CZ08,cDXOH,Each,1,858000,None,1.14e+06,210,-11,67900,13.1,-0.388,,,,,,,,,20,"",8064600,27738,6994900,27748,6927000,27749,,,,,,
NE-HVAC-Unitary-addSRM,DEER2024,D24_E+_Com_v1,2026-07-16 22:55:44,Any,EUn,Ex,CZ09,cDXOH,Each,1,858000,None,1.21e+06,208,-23.9,69800,13,-0.819,,,,,,,,,20,"",8132600,28005,6992900,28028,6923200,28029,,,,,,
NE-HVAC-Unitary-addSRM,DEER2024,D24_E+_Com_v1,2026-07-16 22:55:44,Any,EUn,Ex,CZ10,cDXOH,Each,1,858000,None,1.17e+06,201,-16.9,66700,12.7,-0.578,,,,,,,,,20,"",8158200,27614,7056000,27630,6989300,27631,,,,,,
NE-HVAC-Unitary-addSRM,DEER2024,D24_E+_Com_v1,2026-07-16 22:55:44,Any,EUn,Ex,CZ11,cDXOH,Each,1,858000,None,1.28e+06,172,-127,65700,11.3,-4.1,,,,,,,,,20,"",8254400,29431,7036900,29554,6971200,29558,,,,,,
NE-HVAC-Unitary-addSRM,DEER2024,D24_E+_Com_v1,2026-07-16 22:55:44,Any,EUn,Ex,CZ12,cDXOH,Each,1,858000,None,1.23e+06,194,-118,62100,12.2,-3.75,,,,,,,,,20,"",7772900,30416,6608400,30530,6546300,30534,,,,,,
NE-HVAC-Unitary-addSRM,DEER2024,D24_E+_Com_v1,2026-07-16 22:55:44,Any,EUn,Ex,CZ13,cDXOH,Each,1,858000,None,1.25e+06,171,-108,65600,10.9,-3.46,,,,,,,,,20,"",8309400,28488,7122200,28593,7056500,28596,,,,,,
NE-HVAC-Unitary-addSRM,DEER2024,D24_E+_Com_v1,2026-07-16 22:55:44,Any,EUn,Ex,CZ14,cDXOH,Each,1,858000,None,1.31e+06,187,-89.2,69200,11.8,-2.93,,,,,,,,,20,"",8400900,29081,7156700,29168,7087500,29170,,,,,,
NE-HVAC-Unitary-addSRM,DEER2024,D24_E+_Com_v1,2026-07-16 22:55:44,Any,EUn,Ex,CZ15,cDXOH,Each,1,858000,None,1.19e+06,169,-5.14,70800,10.9,-0.188,,,,,,,,,20,"",9402400,23724,8288000,23729,8217100,23730,,,,,,
NE-HVAC-Unitary-addSRM,DEER2024,D24_E+_Com_v1,2026-07-16 22:55:44,Any,EUn,Ex,CZ16,cDXOH,Each,1,858000,None,1.52e+06,210,-243,72300,13.2,-7.85,,,,,,,,,20,"",7788800,35144,6345600,35379,6273300,35387,,,,,,
NE-HVAC-Unitary-addSRM,DEER2024,D24_E+_Com_v1,2026-07-16 22:55:44,Any,Gro,Ex,CZ01,cDXGF,Each,1,50000,None,114000,25,-3140,3210,0.993,-183,,,,,,,,,20,"",1573400,11515,1462200,14477,1459000,14660,,,,,,
NE-HVAC-Unitary-addSRM,DEER2024,D24_E+_Com_v1,2026-07-16 22:55:44,Any,Gro,Ex,CZ02,cDXGF,Each,1,50000,None,135000,24,-2190,6510,1.48,-127,,,,,,,,,20,"",1744300,8347.1,1616200,10411,1609700,10538,,,,,,
NE-HVAC-Unitary-addSRM,DEER2024,D24_E+_Com_v1,2026-07-16 22:55:44,Any,Gro,Ex,CZ03,cDXGF,Each,1,50000,None,127000,24.2,-2060,5660,1.36,-119,,,,,,,,,20,"",1776800,6651.9,1655800,8593.2,1650100,8712.1,,,,,,
NE-HVAC-Unitary-addSRM,DEER2024,D24_E+_Com_v1,2026-07-16 22:55:44,Any,Gro,Ex,CZ04,cDXGF,Each,1,50000,None,151000,26.8,-2000,7200,1.52,-116,,,,,,,,,20,"",1889600,6988.6,1745400,8874.6,1738200,8990.7,,,,,,
NE-HVAC-Unitary-addSRM,DEER2024,D24_E+_Com_v1,2026-07-16 22:55:44,Any,Gro,Ex,CZ05,cDXGF,Each,1,50000,None,132000,24.9,-2030,5840,1.19,-119,,,,,,,,,20,"",1804000,6317.6,1677400,8224.9,1671600,8343.9,,,,,,
NE-HVAC-Unitary-addSRM,DEER2024,D24_E+_Com_v1,2026-07-16 22:55:44,Any,Gro,Ex,CZ06,cDXGF,Each,1,50000,None,152000,26.7,-1250,6200,1.66,-76.7,,,,,,,,,20,"",2146900,3387.7,2000800,4557.0,1994600,4633.8,,,,,,
NE-HVAC-Unitary-addSRM,DEER2024,D24_E+_Com_v1,2026-07-16 22:55:44,Any,Gro,Ex,CZ07,cDXGF,Each,1,50000,None,156000,26.1,-1190,7720,1.6,-75.2,,,,,,,,,20,"",2161100,3222.4,2012300,4341.5,2004600,4416.7,,,,,,
NE-HVAC-Unitary-addSRM,DEER2024,D24_E+_Com_v1,2026-07-16 22:55:44,Any,Gro,Ex,CZ08,cDXGF,Each,1,50000,None,158000,27.6,-1140,8310,1.57,-69.4,,,,,,,,,20,"",2171600,3521.0,2022300,4592.1,2014000,4661.5,,,,,,
NE-HVAC-Unitary-addSRM,DEER2024,D24_E+_Com_v1,2026-07-16 22:55:44,Any,Gro,Ex,CZ09,cDXGF,Each,1,50000,None,164000,25.9,-1290,7990,1.52,-78.8,,,,,,,,,20,"",2142200,3930.0,1986100,5139.7,1978100,5218.5,,,,,,
NE-HVAC-Unitary-addSRM,DEER2024,D24_E+_Com_v1,2026-07-16 22:55:44,Any,Gro,Ex,CZ10,cDXGF,Each,1,50000,None,162000,26.6,-1270,7910,1.51,-76.4,,,,,,,,,20,"",2158200,3898.8,2004200,5095.6,1996300,5172.1,,,,,,
NE-HVAC-Unitary-addSRM,DEER2024,D24_E+_Com_v1,2026-07-16 22:55:44,Any,Gro,Ex,CZ11,cDXGF,Each,1,50000,None,161000,23.9,-1940,8120,1.38,-113,,,,,,,,,20,"",2025700,6895.0,1872900,8718.8,1864800,8832.1,,,,,,
NE-HVAC-Unitary-addSRM,DEER2024,D24_E+_Com_v1,2026-07-16 22:55:44,Any,Gro,Ex,CZ12,cDXGF,Each,1,50000,None,151000,25.1,-1960,7180,1.44,-116,,,,,,,,,20,"",1902300,7175.4,1758200,9017.0,1751000,9133.3,,,,,,
NE-HVAC-Unitary-addSRM,DEER2024,D24_E+_Com_v1,2026-07-16 22:55:44,Any,Gro,Ex,CZ13,cDXGF,Each,1,50000,None,162000,22.5,-1780,8870,1.27,-108,,,,,,,,,20,"",2073300,6157.0,1919700,7827.5,1910800,7935.8,,,,,,
NE-HVAC-Unitary-addSRM,DEER2024,D24_E+_Com_v1,2026-07-16 22:55:44,Any,Gro,Ex,CZ14,cDXGF,Each,1,50000,None,180000,27.9,-1860,8860,1.59,-109,,,,,,,,,20,"",2103600,5994.2,1932000,7748.9,1923100,7857.8,,,,,,
NE-HVAC-Unitary-addSRM,DEER2024,D24_E+_Com_v1,2026-07-16 22:55:44,Any,Gro,Ex,CZ15,cDXGF,Each,1,50000,None,180000,21.1,-772,9020,1.2,-49.8,,,,,,,,,20,"",2434800,2500.8,2263800,3223.3,2254800,3273.0,,,,,,
NE-HVAC-Unitary-addSRM,DEER2024,D24_E+_Com_v1,2026-07-16 22:55:44,Any,Gro,Ex,CZ16,cDXGF,Each,1,50000,None,190000,27.8,-3110,8800,1.68,-189,,,,,,,,,20,"",1890800,9885.0,1709600,12811,1700800,13000,,,,,,
NE-HVAC-Unitary-addSRM,DEER2024,D24_E+_Com_v1,2026-07-16 22:55:44,Any,Gro,Ex,CZ01,cDXHP,Each,1,50000,None,109000,24.4,0,2900,0.938,0.00683,,,,,,,,,20,"",1620200,2261.1,1514300,2261.1,1511400,2261.1,,,,,,
NE-HVAC-Unitary-addSRM,DEER2024,D24_E+_Com_v1,2026-07-16 22:55:44,Any,Gro,Ex,CZ02,cDXHP,Each,1,50000,None,131000,24.9,0,5690,1.49,0,,,,,,,,,20,"",1777900,2122.3,1652600,2122.3,1646900,2122.3,,,,,,
NE-HVAC-Unitary-addSRM,DEER2024,D24_E+_Com_v1,2026-07-16 22:55:44,Any,Gro,Ex,CZ03,cDXHP,Each,1,50000,None,123000,23.5,-0.000341,5160,1.36,0,,,,,,,,,20,"",1800100,2099.3,1682000,2099.3,1676900,2099.3,,,,,,
NE-HVAC-Unitary-addSRM,DEER2024,D24_E+_Com_v1,2026-07-16 22:55:44,Any,Gro,Ex,CZ04,cDXHP,Each,1,50000,None,148000,27.6,-0.000683,6710,1.58,0,,,,,,,,,20,"",1917300,2041.5,1775900,2041.5,1769200,2041.5,,,,,,
NE-HVAC-Unitary-addSRM,DEER2024,D24_E+_Com_v1,2026-07-16 22:55:44,Any,Gro,Ex,CZ05,cDXHP,Each,1,50000,None,128000,24.9,0,5580,1.18,0,,,,,,,,,20,"",1825800,2108.8,1703600,2108.8,1698000,2108.8,,,,,,
NE-HVAC-Unitary-addSRM,DEER2024,D24_E+_Com_v1,2026-07-16 22:55:44,Any,Gro,Ex,CZ06,cDXHP,Each,1,50000,None,147000,26.9,-0.000341,5730,1.66,-0.000341,,,,,,,,,20,"",2153200,1946.6,2011500,1946.6,2005800,1946.6,,,,,,
NE-HVAC-Unitary-addSRM,DEER2024,D24_E+_Com_v1,2026-07-16 22:55:44,Any,Gro,Ex,CZ07,cDXHP,Each,1,50000,None,152000,25.6,-0.000683,7150,1.55,0.00273,,,,,,,,,20,"",2167500,1927.1,2022600,1927.1,2015500,1927.1,,,,,,
NE-HVAC-Unitary-addSRM,DEER2024,D24_E+_Com_v1,2026-07-16 22:55:44,Any,Gro,Ex,CZ08,cDXHP,Each,1,50000,None,153000,28.1,-0.00102,7990,1.75,0,,,,,,,,,20,"",2180400,1888.4,2035100,1888.4,2027100,1888.4,,,,,,
NE-HVAC-Unitary-addSRM,DEER2024,D24_E+_Com_v1,2026-07-16 22:55:44,Any,Gro,Ex,CZ09,cDXHP,Each,1,50000,None,160000,25,-0.000683,7630,1.42,0,,,,,,,,,20,"",2153600,1901.7,2001600,1901.7,1994000,1901.7,,,,,,
NE-HVAC-Unitary-addSRM,DEER2024,D24_E+_Com_v1,2026-07-16 22:55:44,Any,Gro,Ex,CZ10,cDXHP,Each,1,50000,None,157000,26.2,-0.00102,7680,1.49,0,,,,,,,,,20,"",2169500,1878.2,2019900,1878.2,2012200,1878.2,,,,,,
NE-HVAC-Unitary-addSRM,DEER2024,D24_E+_Com_v1,2026-07-16 22:55:44,Any,Gro,Ex,CZ11,cDXHP,Each,1,50000,None,157000,24.3,-0.00102,7090,1.5,0,,,,,,,,,20,"",2053300,1925.0,1903200,1925.0,1896100,1925.0,,,,,,
NE-HVAC-Unitary-addSRM,DEER2024,D24_E+_Com_v1,2026-07-16 22:55:44,Any,Gro,Ex,CZ12,cDXHP,Each,1,50000,None,147000,28,-0.00102,7110,1.53,0,,,,,,,,,20,"",1930100,2012.0,1790100,2012.0,1783000,2012.0,,,,,,
NE-HVAC-Unitary-addSRM,DEER2024,D24_E+_Com_v1,2026-07-16 22:55:44,Any,Gro,Ex,CZ13,cDXHP,Each,1,50000,None,158000,26.6,-0.00307,8430,1.4,-0.00137,,,,,,,,,20,"",2096700,1887.2,1946700,1887.2,1938300,1887.2,,,,,,
NE-HVAC-Unitary-addSRM,DEER2024,D24_E+_Com_v1,2026-07-16 22:55:44,Any,Gro,Ex,CZ14,cDXHP,Each,1,50000,None,175000,25.5,-0.00137,8860,1.58,0,,,,,,,,,20,"",2126700,1939.6,1960700,1939.6,1951900,1939.6,,,,,,
NE-HVAC-Unitary-addSRM,DEER2024,D24_E+_Com_v1,2026-07-16 22:55:44,Any,Gro,Ex,CZ15,cDXHP,Each,1,50000,None,177000,20.7,-0.00341,8870,1.02,0,,,,,,,,,20,"",2440100,1600.6,2271800,1600.6,2263000,1600.6,,,,,,
NE-HVAC-Unitary-addSRM,DEER2024,D24_E+_Com_v1,2026-07-16 22:55:44,Any,Gro,Ex,CZ16,cDXHP,Each,1,50000,None,184000,28,-0.000683,8240,1.69,0,,,,,,,,,20,"",1936900,2214.7,1761300,2214.7,1753000,2214.7,,,,,,
NE-HVAC-Unitary-addSRM,DEER2024,D24_E+_Com_v1,2026-07-16 22:55:44,Any,Gro,Ex,CZ01,cDXOH,Each,1,50000,None,135000,23.3,0.000341,4330,0.832,0,,,,,,,,,20,"",1509900,2261.1,1379400,2261.1,1375000,2261.1,,,,,,
NE-HVAC-Unitary-addSRM,DEER2024,D24_E+_Com_v1,2026-07-16 22:55:44,Any,Gro,Ex,CZ02,cDXOH,Each,1,50000,None,161000,21.1,-0.000341,6800,1.28,0,,,,,,,,,20,"",1699800,2122.3,1545300,2122.3,1538500,2122.3,,,,,,
NE-HVAC-Unitary-addSRM,DEER2024,D24_E+_Com_v1,2026-07-16 22:55:44,Any,Gro,Ex,CZ03,cDXOH,Each,1,50000,None,145000,21.8,-0.00887,5670,1.17,0,,,,,,,,,20,"",1728500,2099.3,1588700,2099.3,1583000,2099.3,,,,,,
NE-HVAC-Unitary-addSRM,DEER2024,D24_E+_Com_v1,2026-07-16 22:55:44,Any,Gro,Ex,CZ04,cDXOH,Each,1,50000,None,177000,22.3,-0.000341,7950,1.41,0,,,,,,,,,20,"",1828300,2041.5,1658900,2041.5,1650900,2041.5,,,,,,
NE-HVAC-Unitary-addSRM,DEER2024,D24_E+_Com_v1,2026-07-16 22:55:44,Any,Gro,Ex,CZ05,cDXOH,Each,1,50000,None,144000,23.5,-0.000683,5380,1.05,0,,,,,,,,,20,"",1754300,2108.8,1615700,2108.8,1610300,2108.8,,,,,,
NE-HVAC-Unitary-addSRM,DEER2024,D24_E+_Com_v1,2026-07-16 22:55:44,Any,Gro,Ex,CZ06,cDXOH,Each,1,50000,None,167000,25.2,0.00137,6790,1.59,0,,,,,,,,,20,"",2124500,1946.6,1964600,1946.6,1957800,1946.6,,,,,,
NE-HVAC-Unitary-addSRM,DEER2024,D24_E+_Com_v1,2026-07-16 22:55:44,Any,Gro,Ex,CZ07,cDXOH,Each,1,50000,None,171000,24.7,-0.000341,7490,1.54,0,,,,,,,,,20,"",2138100,1927.1,1974800,1927.1,1967300,1927.1,,,,,,
NE-HVAC-Unitary-addSRM,DEER2024,D24_E+_Com_v1,2026-07-16 22:55:44,Any,Gro,Ex,CZ08,cDXOH,Each,1,50000,None,169000,24.3,-0.000341,7490,1.52,-0.000341,,,,,,,,,20,"",2147800,1888.4,1986400,1888.4,1978900,1888.4,,,,,,
NE-HVAC-Unitary-addSRM,DEER2024,D24_E+_Com_v1,2026-07-16 22:55:44,Any,Gro,Ex,CZ09,cDXOH,Each,1,50000,None,182000,23.2,-0.000341,7380,1.45,0,,,,,,,,,20,"",2106600,1901.7,1932000,1901.7,1924700,1901.7,,,,,,
NE-HVAC-Unitary-addSRM,DEER2024,D24_E+_Com_v1,2026-07-16 22:55:44,Any,Gro,Ex,CZ10,cDXOH,Each,1,50000,None,180000,23.3,-0.000341,7720,1.45,0,,,,,,,,,20,"",2127700,1878.2,1954900,1878.2,1947200,1878.2,,,,,,
NE-HVAC-Unitary-addSRM,DEER2024,D24_E+_Com_v1,2026-07-16 22:55:44,Any,Gro,Ex,CZ11,cDXOH,Each,1,50000,None,195000,19.4,0,8900,1.31,0,,,,,,,,,20,"",1979500,1925.0,1793200,1925.0,1784300,1925.0,,,,,,
NE-HVAC-Unitary-addSRM,DEER2024,D24_E+_Com_v1,2026-07-16 22:55:44,Any,Gro,Ex,CZ12,cDXOH,Each,1,50000,None,171000,20.9,-0.000341,6840,1.34,0,,,,,,,,,20,"",1858000,2012.0,1693900,2012.0,1687100,2012.0,,,,,,
NE-HVAC-Unitary-addSRM,DEER2024,D24_E+_Com_v1,2026-07-16 22:55:44,Any,Gro,Ex,CZ13,cDXOH,Each,1,50000,None,181000,18.5,0.000683,5940,1.22,0,,,,,,,,,20,"",2026100,1887.2,1850900,1887.2,1845000,1887.2,,,,,,
NE-HVAC-Unitary-addSRM,DEER2024,D24_E+_Com_v1,2026-07-16 22:55:44,Any,Gro,Ex,CZ14,cDXOH,Each,1,50000,None,221000,23.3,-0.00102,9450,1.5,0,,,,,,,,,20,"",2039300,1939.6,1827600,1939.6,1818200,1939.6,,,,,,
NE-HVAC-Unitary-addSRM,DEER2024,D24_E+_Com_v1,2026-07-16 22:55:44,Any,Gro,Ex,CZ15,cDXOH,Each,1,50000,None,191000,17.8,-0.000341,9370,1.16,0.000341,,,,,,,,,20,"",2410400,1600.6,2228800,1600.6,2219500,1600.6,,,,,,
NE-HVAC-Unitary-addSRM,DEER2024,D24_E+_Com_v1,2026-07-16 22:55:44,Any,Gro,Ex,CZ16,cDXOH,Each,1,50000,None,255000,25.3,-0.000341,9110,1.56,0,,,,,,,,,20,"",1793100,2214.7,1547000,2214.7,1537800,2214.7,,,,,,
NE-HVAC-Unitary-addSRM,DEER2024,D24_E+_Com_v1,2026-07-16 22:55:44,Any,Hsp,Ex,CZ01,cDXGF,Each,1,494000,None,205000,29.5,-1370,8940,1.91,-78.1,,,,,,,,,20,"",2606200,25031,2409700,26328,2400800,26406,,,,,,
NE-HVAC-Unitary-addSRM,DEER2024,D24_E+_Com_v1,2026-07-16 22:55:44,Any,Hsp,Ex,CZ02,cDXGF,Each,1,494000,None,219000,35.7,-1240,10500,2.23,-74.6,,,,,,,,,20,"",3157700,23934,2949400,25102,2938900,25176,,,,,,
NE-HVAC-Unitary-addSRM,DEER2024,D24_E+_Com_v1,2026-07-16 22:55:44,Any,Hsp,Ex,CZ03,cDXGF,Each,1,494000,None,202000,33.3,-761,10300,2.13,-45.6,,,,,,,,,20,"",2851900,18734,2660600,19449,2650300,19495,,,,,,
NE-HVAC-Unitary-addSRM,DEER2024,D24_E+_Com_v1,2026-07-16 22:55:44,Any,Hsp,Ex,CZ04,cDXGF,Each,1,494000,None,226000,38.7,-1120,11200,2.27,-61.8,,,,,,,,,20,"",3479700,22662,3264700,23718,3253500,23780,,,,,,
NE-HVAC-Unitary-addSRM,DEER2024,D24_E+_Com_v1,2026-07-16 22:55:44,Any,Hsp,Ex,CZ05,cDXGF,Each,1,494000,None,207000,30.5,-767,10600,2.11,-46.3,,,,,,,,,20,"",2923900,18993,2727900,19714,2717300,19760,,,,,,
NE-HVAC-Unitary-addSRM,DEER2024,D24_E+_Com_v1,2026-07-16 22:55:44,Any,Hsp,Ex,CZ06,cDXGF,Each,1,494000,None,193000,35.4,-254,11700,2.21,-18,,,,,,,,,20,"",3240000,12868,3058600,13104,3046900,13122,,,,,,
NE-HVAC-Unitary-addSRM,DEER2024,D24_E+_Com_v1,2026-07-16 22:55:44,Any,Hsp,Ex,CZ07,cDXGF,Each,1,494000,None,197000,36.4,-234,11700,2.3,-16.2,,,,,,,,,20,"",3304500,12408,3118700,12625,3107100,12642,,,,,,
NE-HVAC-Unitary-addSRM,DEER2024,D24_E+_Com_v1,2026-07-16 22:55:44,Any,Hsp,Ex,CZ08,cDXGF,Each,1,494000,None,208000,39,-319,12100,2.34,-19.1,,,,,,,,,20,"",3658300,13949,3462000,14250,3449900,14269,,,,,,
NE-HVAC-Unitary-addSRM,DEER2024,D24_E+_Com_v1,2026-07-16 22:55:44,Any,Hsp,Ex,CZ09,cDXGF,Each,1,494000,None,219000,39,-413,12200,2.27,-19.8,,,,,,,,,20,"",3654800,15055,3447700,15449,3435600,15468,,,,,,
NE-HVAC-Unitary-addSRM,DEER2024,D24_E+_Com_v1,2026-07-16 22:55:44,Any,Hsp,Ex,CZ10,cDXGF,Each,1,494000,None,227000,39.9,-507,12700,2.32,-32.5,,,,,,,,,20,"",3795400,16464,3580900,16939,3568200,16971,,,,,,
NE-HVAC-Unitary-addSRM,DEER2024,D24_E+_Com_v1,2026-07-16 22:55:44,Any,Hsp,Ex,CZ11,cDXGF,Each,1,494000,None,228000,31,-1090,11600,1.82,-58.6,,,,,,,,,20,"",3773000,22819,3557000,23855,3545400,23913,,,,,,
NE-HVAC-Unitary-addSRM,DEER2024,D24_E+_Com_v1,2026-07-16 22:55:44,Any,Hsp,Ex,CZ12,cDXGF,Each,1,494000,None,217000,37.9,-1120,11200,2.18,-57.8,,,,,,,,,20,"",3456300,22194,3250500,23260,3239400,23318,,,,,,
NE-HVAC-Unitary-addSRM,DEER2024,D24_E+_Com_v1,2026-07-16 22:55:44,Any,Hsp,Ex,CZ13,cDXGF,Each,1,494000,None,226000,31.6,-981,11600,1.78,-56.2,,,,,,,,,20,"",3816000,20637,3602000,21562,3590400,21618,,,,,,
NE-HVAC-Unitary-addSRM,DEER2024,D24_E+_Com_v1,2026-07-16 22:55:44,Any,Hsp,Ex,CZ14,cDXGF,Each,1,494000,None,235000,30.8,-902,12300,1.79,-57.9,,,,,,,,,20,"",3865300,20116,3642800,20960,3630600,21018,,,,,,
NE-HVAC-Unitary-addSRM,DEER2024,D24_E+_Com_v1,2026-07-16 22:55:44,Any,Hsp,Ex,CZ15,cDXGF,Each,1,494000,None,222000,38.5,-187,12800,2.11,-13,,,,,,,,,20,"",4547800,13599,4338700,13773,4326000,13786,,,,,,
NE-HVAC-Unitary-addSRM,DEER2024,D24_E+_Com_v1,2026-07-16 22:55:44,Any,Hsp,Ex,CZ16,cDXGF,Each,1,494000,None,250000,29.3,-1710,12500,1.8,-97.4,,,,,,,,,20,"",3367600,29091,3130000,30705,3117500,30802,,,,,,
NE-HVAC-Unitary-addSRM,DEER2024,D24_E+_Com_v1,2026-07-16 22:55:44,Any,Hsp,Ex,CZ01,cDXHP,Each,1,494000,None,203000,29.6,-349,8460,1.91,-8.89,,,,,,,,,20,"",2615100,23341,2420300,23681,2411900,23690,,,,,,
NE-HVAC-Unitary-addSRM,DEER2024,D24_E+_Com_v1,2026-07-16 22:55:44,Any,Hsp,Ex,CZ02,cDXHP,Each,1,494000,None,215000,35,-273,10300,2.1,-9.58,,,,,,,,,20,"",3165700,22574,2960600,22838,2950300,22847,,,,,,
NE-HVAC-Unitary-addSRM,DEER2024,D24_E+_Com_v1,2026-07-16 22:55:44,Any,Hsp,Ex,CZ03,cDXHP,Each,1,494000,None,200000,32.3,-193,10100,2.09,-7.93,,,,,,,,,20,"",2855800,17978,2666000,18163,2655800,18171,,,,,,
NE-HVAC-Unitary-addSRM,DEER2024,D24_E+_Com_v1,2026-07-16 22:55:44,Any,Hsp,Ex,CZ04,cDXHP,Each,1,494000,None,224000,41.4,-241,11100,-0.517,-4.87,,,,,,,,,20,"",3487000,21507,3273800,21742,3262800,21747,,,,,,
NE-HVAC-Unitary-addSRM,DEER2024,D24_E+_Com_v1,2026-07-16 22:55:44,Any,Hsp,Ex,CZ05,cDXHP,Each,1,494000,None,205000,30.2,-172,10400,2.12,-6.1,,,,,,,,,20,"",2928300,18217,2733600,18383,2723200,18389,,,,,,
NE-HVAC-Unitary-addSRM,DEER2024,D24_E+_Com_v1,2026-07-16 22:55:44,Any,Hsp,Ex,CZ06,cDXHP,Each,1,494000,None,189000,35.6,-48,11600,2.88,-3.55,,,,,,,,,20,"",3236700,12711,3059100,12755,3047400,12759,,,,,,
NE-HVAC-Unitary-addSRM,DEER2024,D24_E+_Com_v1,2026-07-16 22:55:44,Any,Hsp,Ex,CZ07,cDXHP,Each,1,494000,None,194000,33.9,-44.3,11600,2.36,-2.65,,,,,,,,,20,"",3302400,12279,3119800,12321,3108200,12323,,,,,,
NE-HVAC-Unitary-addSRM,DEER2024,D24_E+_Com_v1,2026-07-16 22:55:44,Any,Hsp,Ex,CZ08,cDXHP,Each,1,494000,None,203000,37.9,-72.3,11900,2.41,-3.74,,,,,,,,,20,"",3655900,13729,3465200,13797,3453300,13801,,,,,,
NE-HVAC-Unitary-addSRM,DEER2024,D24_E+_Com_v1,2026-07-16 22:55:44,Any,Hsp,Ex,CZ09,cDXHP,Each,1,494000,None,214000,39.2,-94.4,12200,1.53,1.37,,,,,,,,,20,"",3654100,14753,3451900,14848,3439800,14847,,,,,,
NE-HVAC-Unitary-addSRM,DEER2024,D24_E+_Com_v1,2026-07-16 22:55:44,Any,Hsp,Ex,CZ10,cDXHP,Each,1,494000,None,222000,44.1,-112,12400,1.28,-5.44,,,,,,,,,20,"",3794900,16078,3584900,16184,3572500,16190,,,,,,
NE-HVAC-Unitary-addSRM,DEER2024,D24_E+_Com_v1,2026-07-16 22:55:44,Any,Hsp,Ex,CZ11,cDXHP,Each,1,494000,None,228000,32,-221,11300,1.58,-4.44,,,,,,,,,20,"",3779500,21691,3562900,21907,3551600,21912,,,,,,
NE-HVAC-Unitary-addSRM,DEER2024,D24_E+_Com_v1,2026-07-16 22:55:44,Any,Hsp,Ex,CZ12,cDXHP,Each,1,494000,None,216000,44,-233,11300,3.97,-2.81,,,,,,,,,20,"",3462500,21053,3258200,21284,3246900,21286,,,,,,
NE-HVAC-Unitary-addSRM,DEER2024,D24_E+_Com_v1,2026-07-16 22:55:44,Any,Hsp,Ex,CZ13,cDXHP,Each,1,494000,None,222000,29.7,-201,11300,1.39,-6.14,,,,,,,,,20,"",3820800,19768,3609900,19963,3598700,19969,,,,,,
NE-HVAC-Unitary-addSRM,DEER2024,D24_E+_Com_v1,2026-07-16 22:55:44,Any,Hsp,Ex,CZ14,cDXHP,Each,1,494000,None,231000,29.3,-171,12100,0.896,-8.85,,,,,,,,,20,"",3870800,19210,3651900,19372,3639800,19381,,,,,,
NE-HVAC-Unitary-addSRM,DEER2024,D24_E+_Com_v1,2026-07-16 22:55:44,Any,Hsp,Ex,CZ15,cDXHP,Each,1,494000,None,223000,34.9,13.8,12000,0.546,-4.53,,,,,,,,,20,"",4547700,13492,4336600,13474,4324600,13478,,,,,,
NE-HVAC-Unitary-addSRM,DEER2024,D24_E+_Com_v1,2026-07-16 22:55:44,Any,Hsp,Ex,CZ16,cDXHP,Each,1,494000,None,247000,29.3,-363,11800,1.81,-8.02,,,,,,,,,20,"",3379200,27347,3144200,27702,3132400,27710,,,,,,
NE-HVAC-Unitary-addSRM,DEER2024,D24_E+_Com_v1,2026-07-16 22:55:44,Any,Hsp,Ex,CZ01,cDXOH,Each,1,494000,None,219000,29.6,-670,8930,1.91,-28.4,,,,,,,,,20,"",2605600,23696,2395800,24338,2386900,24367,,,,,,
NE-HVAC-Unitary-addSRM,DEER2024,D24_E+_Com_v1,2026-07-16 22:55:44,Any,Hsp,Ex,CZ02,cDXOH,Each,1,494000,None,231000,34,-527,10700,2.23,-21.1,,,,,,,,,20,"",3155800,22804,2935900,23310,2925200,23331,,,,,,
NE-HVAC-Unitary-addSRM,DEER2024,D24_E+_Com_v1,2026-07-16 22:55:44,Any,Hsp,Ex,CZ03,cDXOH,Each,1,494000,None,209000,32.3,-329,10500,2.13,-12.2,,,,,,,,,20,"",2851000,18108,2652000,18424,2641500,18437,,,,,,
NE-HVAC-Unitary-addSRM,DEER2024,D24_E+_Com_v1,2026-07-16 22:55:44,Any,Hsp,Ex,CZ04,cDXOH,Each,1,494000,None,235000,35.9,-449,11400,2.27,-19.4,,,,,,,,,20,"",3475800,21696,3252400,22126,3241000,22145,,,,,,
NE-HVAC-Unitary-addSRM,DEER2024,D24_E+_Com_v1,2026-07-16 22:55:44,Any,Hsp,Ex,CZ05,cDXOH,Each,1,494000,None,215000,29.9,-308,10700,2.06,-12.6,,,,,,,,,20,"",2923000,18346,2718600,18641,2707900,18654,,,,,,
NE-HVAC-Unitary-addSRM,DEER2024,D24_E+_Com_v1,2026-07-16 22:55:44,Any,Hsp,Ex,CZ06,cDXOH,Each,1,494000,None,194000,34.6,-83,11600,2.21,-3.98,,,,,,,,,20,"",3237700,12734,3054800,12813,3043200,12817,,,,,,
NE-HVAC-Unitary-addSRM,DEER2024,D24_E+_Com_v1,2026-07-16 22:55:44,Any,Hsp,Ex,CZ07,cDXOH,Each,1,494000,None,199000,34.8,-77.5,11700,2.3,-2.87,,,,,,,,,20,"",3302500,12294,3115400,12369,3103800,12372,,,,,,
NE-HVAC-Unitary-addSRM,DEER2024,D24_E+_Com_v1,2026-07-16 22:55:44,Any,Hsp,Ex,CZ08,cDXOH,Each,1,494000,None,208000,36.2,-123,12100,2.29,-6.82,,,,,,,,,20,"",3653700,13763,3457800,13880,3445700,13886,,,,,,
NE-HVAC-Unitary-addSRM,DEER2024,D24_E+_Com_v1,2026-07-16 22:55:44,Any,Hsp,Ex,CZ09,cDXOH,Each,1,494000,None,221000,36.1,-153,12400,2.27,-7.3,,,,,,,,,20,"",3650800,14804,3442500,14950,3430200,14957,,,,,,
NE-HVAC-Unitary-addSRM,DEER2024,D24_E+_Com_v1,2026-07-16 22:55:44,Any,Hsp,Ex,CZ10,cDXOH,Each,1,494000,None,229000,36.8,-189,12800,2.32,-7.94,,,,,,,,,20,"",3790400,16143,3574000,16324,3561200,16332,,,,,,
NE-HVAC-Unitary-addSRM,DEER2024,D24_E+_Com_v1,2026-07-16 22:55:44,Any,Hsp,Ex,CZ11,cDXOH,Each,1,494000,None,235000,27.9,-490,11600,1.82,-22,,,,,,,,,20,"",3768100,21917,3545100,22385,3533400,22407,,,,,,
NE-HVAC-Unitary-addSRM,DEER2024,D24_E+_Com_v1,2026-07-16 22:55:44,Any,Hsp,Ex,CZ12,cDXOH,Each,1,494000,None,225000,34.6,-503,11200,2.18,-20.3,,,,,,,,,20,"",3453400,21318,3239200,21801,3227900,21821,,,,,,
NE-HVAC-Unitary-addSRM,DEER2024,D24_E+_Com_v1,2026-07-16 22:55:44,Any,Hsp,Ex,CZ13,cDXOH,Each,1,494000,None,231000,28.2,-451,11700,1.78,-15.6,,,,,,,,,20,"",3811400,19981,3592000,20417,3580300,20432,,,,,,
NE-HVAC-Unitary-addSRM,DEER2024,D24_E+_Com_v1,2026-07-16 22:55:44,Any,Hsp,Ex,CZ14,cDXOH,Each,1,494000,None,239000,28.5,-385,12500,1.79,-14.1,,,,,,,,,20,"",3860900,19429,3634200,19800,3621700,19814,,,,,,
NE-HVAC-Unitary-addSRM,DEER2024,D24_E+_Com_v1,2026-07-16 22:55:44,Any,Hsp,Ex,CZ15,cDXOH,Each,1,494000,None,216000,32.7,-66.9,12700,2.11,-2.91,,,,,,,,,20,"",4539300,13526,4336300,13590,4323600,13593,,,,,,
NE-HVAC-Unitary-addSRM,DEER2024,D24_E+_Com_v1,2026-07-16 22:55:44,Any,Hsp,Ex,CZ16,cDXOH,Each,1,494000,None,267000,29,-748,12300,1.8,-32.2,,,,,,,,,20,"",3369100,27948,3114300,28664,3102000,28696,,,,,,
NE-HVAC-Unitary-addSRM,DEER2024,D24_E+_Com_v1,2026-07-16 22:55:44,Any,Htl,Ex,CZ01,cDXGF,Each,1,137000,None,60000,9.01,-357,2690,0.565,-50.3,,,,,,,,,20,"",411510,3868.2,354230,4174.5,351540,4224.8,,,,,,
NE-HVAC-Unitary-addSRM,DEER2024,D24_E+_Com_v1,2026-07-16 22:55:44,Any,Htl,Ex,CZ02,cDXGF,Each,1,137000,None,65400,9.21,-364,3270,0.518,-31.4,,,,,,,,,20,"",483090,3177.1,420970,3509.5,417700,3541.0,,,,,,
NE-HVAC-Unitary-addSRM,DEER2024,D24_E+_Com_v1,2026-07-16 22:55:44,Any,Htl,Ex,CZ03,cDXGF,Each,1,137000,None,63100,9.05,-220,3330,0.598,-18.9,,,,,,,,,20,"",454370,2367.0,394640,2568.0,391310,2586.9,,,,,,
NE-HVAC-Unitary-addSRM,DEER2024,D24_E+_Com_v1,2026-07-16 22:55:44,Any,Htl,Ex,CZ04,cDXGF,Each,1,137000,None,64700,5.89,-298,3250,0.264,-26.2,,,,,,,,,20,"",533520,2744.9,472110,3016.4,468860,3042.6,,,,,,
NE-HVAC-Unitary-addSRM,DEER2024,D24_E+_Com_v1,2026-07-16 22:55:44,Any,Htl,Ex,CZ05,cDXGF,Each,1,137000,None,63300,10,-176,3330,0.62,-25.6,,,,,,,,,20,"",459790,2203.1,399830,2353.1,396500,2378.7,,,,,,
NE-HVAC-Unitary-addSRM,DEER2024,D24_E+_Com_v1,2026-07-16 22:55:44,Any,Htl,Ex,CZ06,cDXGF,Each,1,137000,None,56300,10,-45,3540,0.639,-5.95,,,,,,,,,20,"",494970,1577.6,442240,1616.7,438710,1622.7,,,,,,
NE-HVAC-Unitary-addSRM,DEER2024,D24_E+_Com_v1,2026-07-16 22:55:44,Any,Htl,Ex,CZ07,cDXGF,Each,1,137000,None,56300,7.34,-31.2,3560,0.497,-4.09,,,,,,,,,20,"",493660,1541.7,440900,1568.9,437340,1572.9,,,,,,
NE-HVAC-Unitary-addSRM,DEER2024,D24_E+_Com_v1,2026-07-16 22:55:44,Any,Htl,Ex,CZ08,cDXGF,Each,1,137000,None,62700,8.17,-64.2,3670,0.375,-6.31,,,,,,,,,20,"",551990,1608.1,492910,1666.0,489250,1672.3,,,,,,
NE-HVAC-Unitary-addSRM,DEER2024,D24_E+_Com_v1,2026-07-16 22:55:44,Any,Htl,Ex,CZ09,cDXGF,Each,1,137000,None,66600,8.17,-111,3750,0.349,-10.8,,,,,,,,,20,"",557770,1725.9,494890,1825.7,491140,1836.5,,,,,,
NE-HVAC-Unitary-addSRM,DEER2024,D24_E+_Com_v1,2026-07-16 22:55:44,Any,Htl,Ex,CZ10,cDXGF,Each,1,137000,None,66000,7.24,-117,3600,0.316,-11.4,,,,,,,,,20,"",573100,1736.2,510680,1841.8,507080,1853.2,,,,,,
NE-HVAC-Unitary-addSRM,DEER2024,D24_E+_Com_v1,2026-07-16 22:55:44,Any,Htl,Ex,CZ11,cDXGF,Each,1,137000,None,65300,3.02,-434,3260,0.126,-29.5,,,,,,,,,20,"",593270,3247.3,531230,3652.2,527970,3681.7,,,,,,
NE-HVAC-Unitary-addSRM,DEER2024,D24_E+_Com_v1,2026-07-16 22:55:44,Any,Htl,Ex,CZ12,cDXGF,Each,1,137000,None,63300,5.08,-370,3250,0.219,-29.2,,,,,,,,,20,"",527660,3124.3,467590,3465.4,464350,3494.6,,,,,,
NE-HVAC-Unitary-addSRM,DEER2024,D24_E+_Com_v1,2026-07-16 22:55:44,Any,Htl,Ex,CZ13,cDXGF,Each,1,137000,None,61100,2.82,-373,3100,0.088,-27.2,,,,,,,,,20,"",599260,2850.7,541230,3196.2,538120,3223.4,,,,,,
NE-HVAC-Unitary-addSRM,DEER2024,D24_E+_Com_v1,2026-07-16 22:55:44,Any,Htl,Ex,CZ14,cDXGF,Each,1,137000,None,66800,4.19,-300,3350,0.185,-23.7,,,,,,,,,20,"",590690,2468.7,527270,2744.7,523920,2768.5,,,,,,
NE-HVAC-Unitary-addSRM,DEER2024,D24_E+_Com_v1,2026-07-16 22:55:44,Any,Htl,Ex,CZ15,cDXGF,Each,1,137000,None,51300,1.05,-47,2830,0,-5.29,,,,,,,,,20,"",738690,1495.2,690200,1536.9,687370,1542.2,,,,,,
NE-HVAC-Unitary-addSRM,DEER2024,D24_E+_Com_v1,2026-07-16 22:55:44,Any,Htl,Ex,CZ16,cDXGF,Each,1,137000,None,76800,12.9,-732,3870,0.719,-48.7,,,,,,,,,20,"",491970,4536.0,419050,5219.4,415180,5268.1,,,,,,
NE-HVAC-Unitary-addSRM,DEER2024,D24_E+_Com_v1,2026-07-16 22:55:44,Any,Htl,Ex,CZ01,cDXHP,Each,1,137000,None,60600,9.13,-12.1,2520,0.564,-1.4,,,,,,,,,20,"",420980,1803.4,362860,1814.1,360340,1815.5,,,,,,
NE-HVAC-Unitary-addSRM,DEER2024,D24_E+_Com_v1,2026-07-16 22:55:44,Any,Htl,Ex,CZ02,cDXHP,Each,1,137000,None,64200,8.2,-11.2,3140,0.572,-0.248,,,,,,,,,20,"",490160,1767.8,429100,1778.8,425960,1779.1,,,,,,
NE-HVAC-Unitary-addSRM,DEER2024,D24_E+_Com_v1,2026-07-16 22:55:44,Any,Htl,Ex,CZ03,cDXHP,Each,1,137000,None,63000,8.43,-6.14,3250,0.613,1.77,,,,,,,,,20,"",458020,1616.6,398310,1624.5,395060,1622.7,,,,,,
NE-HVAC-Unitary-addSRM,DEER2024,D24_E+_Com_v1,2026-07-16 22:55:44,Any,Htl,Ex,CZ04,cDXHP,Each,1,137000,None,61400,3.56,-6.71,3120,0.172,-0.183,,,,,,,,,20,"",539790,1676.7,481530,1683.3,478410,1683.5,,,,,,
NE-HVAC-Unitary-addSRM,DEER2024,D24_E+_Com_v1,2026-07-16 22:55:44,Any,Htl,Ex,CZ05,cDXHP,Each,1,137000,None,63400,10.2,-5.45,3250,0.639,-1.87,,,,,,,,,20,"",463120,1562.2,403000,1565.8,399760,1567.7,,,,,,
NE-HVAC-Unitary-addSRM,DEER2024,D24_E+_Com_v1,2026-07-16 22:55:44,Any,Htl,Ex,CZ06,cDXHP,Each,1,137000,None,55400,10,-0.151,3570,0.667,-0.0212,,,,,,,,,20,"",494110,1468.3,442300,1468.4,438730,1468.4,,,,,,
NE-HVAC-Unitary-addSRM,DEER2024,D24_E+_Com_v1,2026-07-16 22:55:44,Any,Htl,Ex,CZ07,cDXHP,Each,1,137000,None,55600,6.06,-0.00444,3570,0.525,-0.000341,,,,,,,,,20,"",492820,1462.4,440840,1462.4,437260,1462.4,,,,,,
NE-HVAC-Unitary-addSRM,DEER2024,D24_E+_Com_v1,2026-07-16 22:55:44,Any,Htl,Ex,CZ08,cDXHP,Each,1,137000,None,58900,5.49,-0.415,3690,0.325,-0.0522,,,,,,,,,20,"",552610,1458.1,497400,1458.5,493710,1458.5,,,,,,
NE-HVAC-Unitary-addSRM,DEER2024,D24_E+_Com_v1,2026-07-16 22:55:44,Any,Htl,Ex,CZ09,cDXHP,Each,1,137000,None,62300,5.38,-1.76,3690,0.375,0.205,,,,,,,,,20,"",559210,1474.7,500610,1476.6,496930,1476.4,,,,,,
NE-HVAC-Unitary-addSRM,DEER2024,D24_E+_Com_v1,2026-07-16 22:55:44,Any,Htl,Ex,CZ10,cDXHP,Each,1,137000,None,60400,4.02,-1,3460,0.242,-0.0304,,,,,,,,,20,"",574870,1463.0,517920,1464.0,514460,1464.0,,,,,,
NE-HVAC-Unitary-addSRM,DEER2024,D24_E+_Com_v1,2026-07-16 22:55:44,Any,Htl,Ex,CZ11,cDXHP,Each,1,137000,None,60400,0.985,-13.2,3050,0.054,0.209,,,,,,,,,20,"",601320,1901.9,543950,1915.3,540900,1915.1,,,,,,
NE-HVAC-Unitary-addSRM,DEER2024,D24_E+_Com_v1,2026-07-16 22:55:44,Any,Htl,Ex,CZ12,cDXHP,Each,1,137000,None,60000,3.28,-9.69,3090,0.215,-0.248,,,,,,,,,20,"",534880,1789.5,477970,1799.0,474880,1799.2,,,,,,
NE-HVAC-Unitary-addSRM,DEER2024,D24_E+_Com_v1,2026-07-16 22:55:44,Any,Htl,Ex,CZ13,cDXHP,Each,1,137000,None,58400,0.74,-10.3,3010,0.03,-0.196,,,,,,,,,20,"",608480,1738.5,553120,1748.7,550110,1748.9,,,,,,
NE-HVAC-Unitary-addSRM,DEER2024,D24_E+_Com_v1,2026-07-16 22:55:44,Any,Htl,Ex,CZ14,cDXHP,Each,1,137000,None,62400,2.62,-7.57,3200,0.115,-0.0191,,,,,,,,,20,"",597540,1589.8,538290,1597.4,535090,1597.4,,,,,,
NE-HVAC-Unitary-addSRM,DEER2024,D24_E+_Com_v1,2026-07-16 22:55:44,Any,Htl,Ex,CZ15,cDXHP,Each,1,137000,None,46900,0,-0.0846,2720,0,0.26,,,,,,,,,20,"",745200,1396.5,701020,1396.8,698300,1396.6,,,,,,
NE-HVAC-Unitary-addSRM,DEER2024,D24_E+_Com_v1,2026-07-16 22:55:44,Any,Htl,Ex,CZ16,cDXHP,Each,1,137000,None,76000,12.5,-25.8,3670,0.849,-0.583,,,,,,,,,20,"",503390,2369.4,431060,2394.6,427390,2395.2,,,,,,
NE-HVAC-Unitary-addSRM,DEER2024,D24_E+_Com_v1,2026-07-16 22:55:44,Any,Htl,Ex,CZ01,cDXOH,Each,1,137000,None,66100,8.78,-40.1,2660,0.575,-2.15,,,,,,,,,20,"",410180,1876.9,346760,1914.9,344100,1917.0,,,,,,
NE-HVAC-Unitary-addSRM,DEER2024,D24_E+_Com_v1,2026-07-16 22:55:44,Any,Htl,Ex,CZ02,cDXOH,Each,1,137000,None,69800,8.65,-39.5,3230,0.513,-1.82,,,,,,,,,20,"",481300,1829.1,414700,1866.8,411470,1868.7,,,,,,
NE-HVAC-Unitary-addSRM,DEER2024,D24_E+_Com_v1,2026-07-16 22:55:44,Any,Htl,Ex,CZ03,cDXOH,Each,1,137000,None,66200,8.59,-17.2,3340,0.595,-0.754,,,,,,,,,20,"",453770,1632.5,390870,1649.0,387540,1649.7,,,,,,
NE-HVAC-Unitary-addSRM,DEER2024,D24_E+_Com_v1,2026-07-16 22:55:44,Any,Htl,Ex,CZ04,cDXOH,Each,1,137000,None,67900,5.42,-27.6,3220,0.261,-1.11,,,,,,,,,20,"",531310,1704.7,466610,1731.2,463380,1732.3,,,,,,
NE-HVAC-Unitary-addSRM,DEER2024,D24_E+_Com_v1,2026-07-16 22:55:44,Any,Htl,Ex,CZ05,cDXOH,Each,1,137000,None,65800,9.7,-9.01,3350,0.615,-0.388,,,,,,,,,20,"",458890,1570.0,396460,1578.7,393110,1579.1,,,,,,
NE-HVAC-Unitary-addSRM,DEER2024,D24_E+_Com_v1,2026-07-16 22:55:44,Any,Htl,Ex,CZ06,cDXOH,Each,1,137000,None,56300,9.62,-0.284,3570,0.64,-0.0119,,,,,,,,,20,"",494080,1468.4,441390,1468.6,437820,1468.6,,,,,,
NE-HVAC-Unitary-addSRM,DEER2024,D24_E+_Com_v1,2026-07-16 22:55:44,Any,Htl,Ex,CZ07,cDXOH,Each,1,137000,None,56200,6.6,-0.00444,3590,0.498,0,,,,,,,,,20,"",492870,1462.4,440230,1462.4,436640,1462.4,,,,,,
NE-HVAC-Unitary-addSRM,DEER2024,D24_E+_Com_v1,2026-07-16 22:55:44,Any,Htl,Ex,CZ08,cDXOH,Each,1,137000,None,62200,7.45,-0.73,3660,0.375,-0.03,,,,,,,,,20,"",550270,1458.3,491740,1459.0,488070,1459.0,,,,,,
NE-HVAC-Unitary-addSRM,DEER2024,D24_E+_Com_v1,2026-07-16 22:55:44,Any,Htl,Ex,CZ09,cDXOH,Each,1,137000,None,67100,7.16,-3.71,3720,0.349,-0.136,,,,,,,,,20,"",556300,1476.1,492960,1479.7,489240,1479.8,,,,,,
NE-HVAC-Unitary-addSRM,DEER2024,D24_E+_Com_v1,2026-07-16 22:55:44,Any,Htl,Ex,CZ10,cDXOH,Each,1,137000,None,66700,6.5,-2.14,3580,0.316,-0.0874,,,,,,,,,20,"",571780,1463.5,508630,1465.6,505050,1465.6,,,,,,
NE-HVAC-Unitary-addSRM,DEER2024,D24_E+_Com_v1,2026-07-16 22:55:44,Any,Htl,Ex,CZ11,cDXOH,Each,1,137000,None,70500,2.7,-68.1,3240,0.127,-2.89,,,,,,,,,20,"",591840,2007.6,524550,2072.9,521310,2075.8,,,,,,
NE-HVAC-Unitary-addSRM,DEER2024,D24_E+_Com_v1,2026-07-16 22:55:44,Any,Htl,Ex,CZ12,cDXOH,Each,1,137000,None,67900,4.6,-56.2,3220,0.218,-2.48,,,,,,,,,20,"",526450,1876.3,461760,1930.1,458540,1932.6,,,,,,
NE-HVAC-Unitary-addSRM,DEER2024,D24_E+_Com_v1,2026-07-16 22:55:44,Any,Htl,Ex,CZ13,cDXOH,Each,1,137000,None,65400,2.05,-60.6,3060,0.088,-2.52,,,,,,,,,20,"",598080,1819.8,535770,1877.8,532710,1880.4,,,,,,
NE-HVAC-Unitary-addSRM,DEER2024,D24_E+_Com_v1,2026-07-16 22:55:44,Any,Htl,Ex,CZ14,cDXOH,Each,1,137000,None,70000,3.93,-23.7,3390,0.185,-1,,,,,,,,,20,"",588870,1611.0,522310,1633.8,518910,1634.8,,,,,,
NE-HVAC-Unitary-addSRM,DEER2024,D24_E+_Com_v1,2026-07-16 22:55:44,Any,Htl,Ex,CZ15,cDXOH,Each,1,137000,None,51700,0.001,-0.299,2850,0,-0.013,,,,,,,,,20,"",738260,1397.0,689370,1397.3,686520,1397.3,,,,,,
NE-HVAC-Unitary-addSRM,DEER2024,D24_E+_Com_v1,2026-07-16 22:55:44,Any,Htl,Ex,CZ16,cDXOH,Each,1,137000,None,85800,11.9,-128,3890,0.715,-5.22,,,,,,,,,20,"",490750,2546.7,408850,2669.8,404960,2675.0,,,,,,
NE-HVAC-Unitary-addSRM,DEER2024,D24_E+_Com_v1,2026-07-16 22:55:44,Any,MBT,Ex,CZ01,cDXGF,Each,1,400000,None,207000,35.4,-2830,8770,1.74,-191,,,,,,,,,20,"",3096400,175550,2898100,178190,2889400,178380,,,,,,
NE-HVAC-Unitary-addSRM,DEER2024,D24_E+_Com_v1,2026-07-16 22:55:44,Any,MBT,Ex,CZ02,cDXGF,Each,1,400000,None,235000,37.6,-2090,11300,2.35,-132,,,,,,,,,20,"",3356100,141400,3132200,143350,3120900,143490,,,,,,
NE-HVAC-Unitary-addSRM,DEER2024,D24_E+_Com_v1,2026-07-16 22:55:44,Any,MBT,Ex,CZ03,cDXGF,Each,1,400000,None,219000,36.1,-1470,10900,2.32,-98.3,,,,,,,,,20,"",3194100,115080,2985600,116450,2974600,116550,,,,,,
NE-HVAC-Unitary-addSRM,DEER2024,D24_E+_Com_v1,2026-07-16 22:55:44,Any,MBT,Ex,CZ04,cDXGF,Each,1,400000,None,245000,38.8,-1960,12400,2.24,-119,,,,,,,,,20,"",3559000,123280,3326700,125120,3314300,125240,,,,,,
NE-HVAC-Unitary-addSRM,DEER2024,D24_E+_Com_v1,2026-07-16 22:55:44,Any,MBT,Ex,CZ05,cDXGF,Each,1,400000,None,228000,38.8,-1440,11200,2.32,-101,,,,,,,,,20,"",3216400,120530,2999700,121870,2988500,121970,,,,,,
NE-HVAC-Unitary-addSRM,DEER2024,D24_E+_Com_v1,2026-07-16 22:55:44,Any,MBT,Ex,CZ06,cDXGF,Each,1,400000,None,222000,39.4,-678,12300,2.47,-44.5,,,,,,,,,20,"",3344000,68096,3134000,68729,3121600,68774,,,,,,
NE-HVAC-Unitary-addSRM,DEER2024,D24_E+_Com_v1,2026-07-16 22:55:44,Any,MBT,Ex,CZ07,cDXGF,Each,1,400000,None,224000,37.9,-642,12400,2.41,-40.2,,,,,,,,,20,"",3368200,64276,3157000,64878,3144500,64919,,,,,,
NE-HVAC-Unitary-addSRM,DEER2024,D24_E+_Com_v1,2026-07-16 22:55:44,Any,MBT,Ex,CZ08,cDXGF,Each,1,400000,None,237000,41.8,-765,13200,2.42,-47.9,,,,,,,,,20,"",3600800,71067,3377000,71784,3363900,71832,,,,,,
NE-HVAC-Unitary-addSRM,DEER2024,D24_E+_Com_v1,2026-07-16 22:55:44,Any,MBT,Ex,CZ09,cDXGF,Each,1,400000,None,250000,40.7,-920,13500,2.35,-56.5,,,,,,,,,20,"",3611500,75302,3375100,76165,3361500,76222,,,,,,
NE-HVAC-Unitary-addSRM,DEER2024,D24_E+_Com_v1,2026-07-16 22:55:44,Any,MBT,Ex,CZ10,cDXGF,Each,1,400000,None,244000,39.4,-939,13200,2.28,-59.3,,,,,,,,,20,"",3707100,77492,3476000,78371,3462800,78430,,,,,,
NE-HVAC-Unitary-addSRM,DEER2024,D24_E+_Com_v1,2026-07-16 22:55:44,Any,MBT,Ex,CZ11,cDXGF,Each,1,400000,None,255000,29.8,-2160,13200,1.78,-129,,,,,,,,,20,"",3863300,110850,3621300,112870,3608200,113000,,,,,,
NE-HVAC-Unitary-addSRM,DEER2024,D24_E+_Com_v1,2026-07-16 22:55:44,Any,MBT,Ex,CZ12,cDXGF,Each,1,400000,None,238000,36,-2050,12400,2.09,-113,,,,,,,,,20,"",3577000,118550,3351200,120480,3338800,120600,,,,,,
NE-HVAC-Unitary-addSRM,DEER2024,D24_E+_Com_v1,2026-07-16 22:55:44,Any,MBT,Ex,CZ13,cDXGF,Each,1,400000,None,254000,30.6,-1880,13500,1.79,-115,,,,,,,,,20,"",3923700,101640,3682700,103410,3669300,103520,,,,,,
NE-HVAC-Unitary-addSRM,DEER2024,D24_E+_Com_v1,2026-07-16 22:55:44,Any,MBT,Ex,CZ14,cDXGF,Each,1,400000,None,264000,33.7,-1970,13800,2,-104,,,,,,,,,20,"",3801800,103970,3551700,105830,3537900,105940,,,,,,
NE-HVAC-Unitary-addSRM,DEER2024,D24_E+_Com_v1,2026-07-16 22:55:44,Any,MBT,Ex,CZ15,cDXGF,Each,1,400000,None,270000,32.4,-517,15100,1.86,-31.2,,,,,,,,,20,"",4671800,55778,4416600,56264,4401500,56295,,,,,,
NE-HVAC-Unitary-addSRM,DEER2024,D24_E+_Com_v1,2026-07-16 22:55:44,Any,MBT,Ex,CZ16,cDXGF,Each,1,400000,None,274000,39.6,-3580,13800,2.38,-205,,,,,,,,,20,"",3160300,131050,2899600,134420,2885900,134630,,,,,,
NE-HVAC-Unitary-addSRM,DEER2024,D24_E+_Com_v1,2026-07-16 22:55:44,Any,MBT,Ex,CZ01,cDXHP,Each,1,400000,None,203000,35.5,-234,7970,1.7,-7.98,,,,,,,,,20,"",3133000,168130,2937600,168350,2929600,168360,,,,,,
NE-HVAC-Unitary-addSRM,DEER2024,D24_E+_Com_v1,2026-07-16 22:55:44,Any,MBT,Ex,CZ02,cDXHP,Each,1,400000,None,231000,38.7,-170,10900,2.58,-5.88,,,,,,,,,20,"",3379400,136860,3158900,137030,3148000,137030,,,,,,
NE-HVAC-Unitary-addSRM,DEER2024,D24_E+_Com_v1,2026-07-16 22:55:44,Any,MBT,Ex,CZ03,cDXHP,Each,1,400000,None,217000,35.6,-175,10500,2.29,-6.99,,,,,,,,,20,"",3208200,112150,3001800,112320,2991300,112320,,,,,,
NE-HVAC-Unitary-addSRM,DEER2024,D24_E+_Com_v1,2026-07-16 22:55:44,Any,MBT,Ex,CZ04,cDXHP,Each,1,400000,None,242000,42.4,-147,12100,2.41,-4.92,,,,,,,,,20,"",3579300,119660,3349500,119800,3337500,119810,,,,,,
NE-HVAC-Unitary-addSRM,DEER2024,D24_E+_Com_v1,2026-07-16 22:55:44,Any,MBT,Ex,CZ05,cDXHP,Each,1,400000,None,225000,38.6,-187,10800,2.32,-7.95,,,,,,,,,20,"",3229100,117960,3014600,118140,3003800,118140,,,,,,
NE-HVAC-Unitary-addSRM,DEER2024,D24_E+_Com_v1,2026-07-16 22:55:44,Any,MBT,Ex,CZ06,cDXHP,Each,1,400000,None,218000,38.5,-126,12200,2.59,-5.15,,,,,,,,,20,"",3341200,67626,3135800,67746,3123600,67751,,,,,,
NE-HVAC-Unitary-addSRM,DEER2024,D24_E+_Com_v1,2026-07-16 22:55:44,Any,MBT,Ex,CZ07,cDXHP,Each,1,400000,None,219000,36.7,-119,12400,2.64,-4.73,,,,,,,,,20,"",3365500,63889,3158400,64003,3146000,64008,,,,,,
NE-HVAC-Unitary-addSRM,DEER2024,D24_E+_Com_v1,2026-07-16 22:55:44,Any,MBT,Ex,CZ08,cDXHP,Each,1,400000,None,232000,41.6,-104,13100,2.38,-3.84,,,,,,,,,20,"",3600400,70384,3381900,70484,3368800,70488,,,,,,
NE-HVAC-Unitary-addSRM,DEER2024,D24_E+_Com_v1,2026-07-16 22:55:44,Any,MBT,Ex,CZ09,cDXHP,Each,1,400000,None,244000,40.8,-112,13500,2.57,-4.13,,,,,,,,,20,"",3614000,74329,3383000,74437,3369500,74441,,,,,,
NE-HVAC-Unitary-addSRM,DEER2024,D24_E+_Com_v1,2026-07-16 22:55:44,Any,MBT,Ex,CZ10,cDXHP,Each,1,400000,None,240000,41.4,-114,13200,2.15,-4.01,,,,,,,,,20,"",3710000,76528,3482800,76638,3469600,76642,,,,,,
NE-HVAC-Unitary-addSRM,DEER2024,D24_E+_Com_v1,2026-07-16 22:55:44,Any,MBT,Ex,CZ11,cDXHP,Each,1,400000,None,252000,29.9,-134,12900,1.98,-3.69,,,,,,,,,20,"",3885100,106930,3646300,107060,3633400,107070,,,,,,
NE-HVAC-Unitary-addSRM,DEER2024,D24_E+_Com_v1,2026-07-16 22:55:44,Any,MBT,Ex,CZ12,cDXHP,Each,1,400000,None,234000,42.9,-136,12100,2.31,-3.17,,,,,,,,,20,"",3598100,114390,3376100,114520,3364000,114530,,,,,,
NE-HVAC-Unitary-addSRM,DEER2024,D24_E+_Com_v1,2026-07-16 22:55:44,Any,MBT,Ex,CZ13,cDXHP,Each,1,400000,None,250000,29.6,-122,13300,2.01,-3.52,,,,,,,,,20,"",3941900,98257,3705700,98375,3692300,98378,,,,,,
NE-HVAC-Unitary-addSRM,DEER2024,D24_E+_Com_v1,2026-07-16 22:55:44,Any,MBT,Ex,CZ14,cDXHP,Each,1,400000,None,259000,33.1,-132,13600,2.12,-2.25,,,,,,,,,20,"",3822000,100610,3577000,100740,3563300,100750,,,,,,
NE-HVAC-Unitary-addSRM,DEER2024,D24_E+_Com_v1,2026-07-16 22:55:44,Any,MBT,Ex,CZ15,cDXHP,Each,1,400000,None,259000,24.8,-71.4,15000,1.14,-2.56,,,,,,,,,20,"",4676100,55404,4431800,55473,4416800,55475,,,,,,
NE-HVAC-Unitary-addSRM,DEER2024,D24_E+_Com_v1,2026-07-16 22:55:44,Any,MBT,Ex,CZ16,cDXHP,Each,1,400000,None,266000,38.8,-185,12800,2.45,-4.7,,,,,,,,,20,"",3201900,124090,2948300,124270,2935500,124270,,,,,,
NE-HVAC-Unitary-addSRM,DEER2024,D24_E+_Com_v1,2026-07-16 22:55:44,Any,MBT,Ex,CZ01,cDXOH,Each,1,400000,None,238000,35.7,-570,8640,2.03,-24.7,,,,,,,,,20,"",3090500,168820,2861000,169370,2852400,169390,,,,,,
NE-HVAC-Unitary-addSRM,DEER2024,D24_E+_Com_v1,2026-07-16 22:55:44,Any,MBT,Ex,CZ02,cDXOH,Each,1,400000,None,260000,35.3,-439,11300,2.35,-17.3,,,,,,,,,20,"",3352600,137250,3104100,137670,3092800,137690,,,,,,
NE-HVAC-Unitary-addSRM,DEER2024,D24_E+_Com_v1,2026-07-16 22:55:44,Any,MBT,Ex,CZ03,cDXOH,Each,1,400000,None,237000,35,-350,11100,2.32,-15.9,,,,,,,,,20,"",3193100,112410,2967000,112740,2955900,112760,,,,,,
NE-HVAC-Unitary-addSRM,DEER2024,D24_E+_Com_v1,2026-07-16 22:55:44,Any,MBT,Ex,CZ04,cDXOH,Each,1,400000,None,266000,35,-403,12500,2.24,-15.3,,,,,,,,,20,"",3553600,119960,3300200,120350,3287700,120360,,,,,,
NE-HVAC-Unitary-addSRM,DEER2024,D24_E+_Com_v1,2026-07-16 22:55:44,Any,MBT,Ex,CZ05,cDXOH,Each,1,400000,None,245000,38.1,-343,11200,2.29,-15.8,,,,,,,,,20,"",3214700,118150,2981000,118480,2969900,118500,,,,,,
NE-HVAC-Unitary-addSRM,DEER2024,D24_E+_Com_v1,2026-07-16 22:55:44,Any,MBT,Ex,CZ06,cDXOH,Each,1,400000,None,227000,38.5,-194,12400,2.47,-8.7,,,,,,,,,20,"",3341400,67658,3126500,67844,3114100,67853,,,,,,
NE-HVAC-Unitary-addSRM,DEER2024,D24_E+_Com_v1,2026-07-16 22:55:44,Any,MBT,Ex,CZ07,cDXOH,Each,1,400000,None,228000,36,-184,12600,2.41,-8.29,,,,,,,,,20,"",3365500,63916,3149900,64092,3137400,64100,,,,,,
NE-HVAC-Unitary-addSRM,DEER2024,D24_E+_Com_v1,2026-07-16 22:55:44,Any,MBT,Ex,CZ08,cDXOH,Each,1,400000,None,242000,38.2,-185,13300,2.42,-7.62,,,,,,,,,20,"",3595800,70425,3367200,70603,3353900,70610,,,,,,
NE-HVAC-Unitary-addSRM,DEER2024,D24_E+_Com_v1,2026-07-16 22:55:44,Any,MBT,Ex,CZ09,cDXOH,Each,1,400000,None,257000,37.1,-214,13700,2.35,-8.72,,,,,,,,,20,"",3606300,74391,3363000,74597,3349300,74606,,,,,,
NE-HVAC-Unitary-addSRM,DEER2024,D24_E+_Com_v1,2026-07-16 22:55:44,Any,MBT,Ex,CZ10,cDXOH,Each,1,400000,None,251000,35.9,-219,13300,2.28,-8.75,,,,,,,,,20,"",3701700,76588,3463700,76799,3450400,76807,,,,,,
NE-HVAC-Unitary-addSRM,DEER2024,D24_E+_Com_v1,2026-07-16 22:55:44,Any,MBT,Ex,CZ11,cDXOH,Each,1,400000,None,277000,26.9,-438,13100,1.78,-15.6,,,,,,,,,20,"",3856000,107290,3592100,107710,3579000,107730,,,,,,
NE-HVAC-Unitary-addSRM,DEER2024,D24_E+_Com_v1,2026-07-16 22:55:44,Any,MBT,Ex,CZ12,cDXOH,Each,1,400000,None,260000,32.5,-425,12300,2.09,-15.4,,,,,,,,,20,"",3572000,114760,3324000,115170,3311700,115180,,,,,,
NE-HVAC-Unitary-addSRM,DEER2024,D24_E+_Com_v1,2026-07-16 22:55:44,Any,MBT,Ex,CZ13,cDXOH,Each,1,400000,None,272000,27.8,-401,13400,1.79,-14,,,,,,,,,20,"",3916800,98552,3657800,98939,3644400,98953,,,,,,
NE-HVAC-Unitary-addSRM,DEER2024,D24_E+_Com_v1,2026-07-16 22:55:44,Any,MBT,Ex,CZ14,cDXOH,Each,1,400000,None,283000,30.9,-412,13700,2,-14.7,,,,,,,,,20,"",3794600,100910,3525200,101310,3511500,101320,,,,,,
NE-HVAC-Unitary-addSRM,DEER2024,D24_E+_Com_v1,2026-07-16 22:55:44,Any,MBT,Ex,CZ15,cDXOH,Each,1,400000,None,267000,28.2,-121,15200,1.86,-5.04,,,,,,,,,20,"",4661300,55424,4409700,55540,4394500,55545,,,,,,
NE-HVAC-Unitary-addSRM,DEER2024,D24_E+_Com_v1,2026-07-16 22:55:44,Any,MBT,Ex,CZ16,cDXOH,Each,1,400000,None,319000,38.2,-777,13400,2.38,-26.9,,,,,,,,,20,"",3155800,124860,2850200,125610,2836800,125640,,,,,,
NE-HVAC-Unitary-addSRM,DEER2024,D24_E+_Com_v1,2026-07-16 22:55:44,Any,MLI,Ex,CZ01,cDXGF,Each,1,100000,None,252000,44.2,-5260,10700,2.24,-300,,,,,,,,,20,"",875330,10588,634140,15544,623390,15844,,,,,,
NE-HVAC-Unitary-addSRM,DEER2024,D24_E+_Com_v1,2026-07-16 22:55:44,Any,MLI,Ex,CZ02,cDXGF,Each,1,100000,None,269000,39.2,-3410,12500,2.44,-196,,,,,,,,,20,"",966840,7576.3,710440,10791,697900,10988,,,,,,
NE-HVAC-Unitary-addSRM,DEER2024,D24_E+_Com_v1,2026-07-16 22:55:44,Any,MLI,Ex,CZ03,cDXGF,Each,1,100000,None,261000,40.1,-2800,11700,2.47,-168,,,,,,,,,20,"",901730,5468.0,652690,8103.7,641010,8271.3,,,,,,
NE-HVAC-Unitary-addSRM,DEER2024,D24_E+_Com_v1,2026-07-16 22:55:44,Any,MLI,Ex,CZ04,cDXGF,Each,1,100000,None,281000,41.6,-2980,13500,2.39,-172,,,,,,,,,20,"",1042300,6458.1,774940,9267.6,761390,9439.9,,,,,,
NE-HVAC-Unitary-addSRM,DEER2024,D24_E+_Com_v1,2026-07-16 22:55:44,Any,MLI,Ex,CZ05,cDXGF,Each,1,100000,None,266000,42.4,-2900,12200,2.3,-173,,,,,,,,,20,"",919280,5009.9,665370,7734.3,653190,7907.4,,,,,,
NE-HVAC-Unitary-addSRM,DEER2024,D24_E+_Com_v1,2026-07-16 22:55:44,Any,MLI,Ex,CZ06,cDXGF,Each,1,100000,None,271000,41.4,-1220,13800,2.54,-75.9,,,,,,,,,20,"",972520,2462.1,715650,3610.8,701810,3686.7,,,,,,
NE-HVAC-Unitary-addSRM,DEER2024,D24_E+_Com_v1,2026-07-16 22:55:44,Any,MLI,Ex,CZ07,cDXGF,Each,1,100000,None,273000,42.8,-1160,13900,2.67,-76.3,,,,,,,,,20,"",986900,2281.4,727470,3362.2,713570,3438.5,,,,,,
NE-HVAC-Unitary-addSRM,DEER2024,D24_E+_Com_v1,2026-07-16 22:55:44,Any,MLI,Ex,CZ08,cDXGF,Each,1,100000,None,274000,42.2,-1350,14200,2.46,-82.3,,,,,,,,,20,"",1062300,2728.7,802070,3993.6,787830,4075.9,,,,,,
NE-HVAC-Unitary-addSRM,DEER2024,D24_E+_Com_v1,2026-07-16 22:55:44,Any,MLI,Ex,CZ09,cDXGF,Each,1,100000,None,283000,39.6,-1550,14500,2.34,-96,,,,,,,,,20,"",1072800,3141.2,804330,4593.8,789850,4689.8,,,,,,
NE-HVAC-Unitary-addSRM,DEER2024,D24_E+_Com_v1,2026-07-16 22:55:44,Any,MLI,Ex,CZ10,cDXGF,Each,1,100000,None,279000,39.3,-1570,14400,2.31,-96.5,,,,,,,,,20,"",1090100,3053.5,825080,4524.8,810680,4621.3,,,,,,
NE-HVAC-Unitary-addSRM,DEER2024,D24_E+_Com_v1,2026-07-16 22:55:44,Any,MLI,Ex,CZ11,cDXGF,Each,1,100000,None,278000,31.2,-2960,14100,1.89,-170,,,,,,,,,20,"",1113500,6825.7,849610,9614.5,835460,9785.0,,,,,,
NE-HVAC-Unitary-addSRM,DEER2024,D24_E+_Com_v1,2026-07-16 22:55:44,Any,MLI,Ex,CZ12,cDXGF,Each,1,100000,None,275000,38.7,-2980,13900,2.26,-171,,,,,,,,,20,"",1038900,6896.1,777390,9702.0,763480,9873.0,,,,,,
NE-HVAC-Unitary-addSRM,DEER2024,D24_E+_Com_v1,2026-07-16 22:55:44,Any,MLI,Ex,CZ13,cDXGF,Each,1,100000,None,283000,31.1,-2650,14700,1.8,-155,,,,,,,,,20,"",1133800,5803.3,865790,8296.0,851060,8450.5,,,,,,
NE-HVAC-Unitary-addSRM,DEER2024,D24_E+_Com_v1,2026-07-16 22:55:44,Any,MLI,Ex,CZ14,cDXGF,Each,1,100000,None,302000,39.7,-2780,15500,2.28,-162,,,,,,,,,20,"",1148000,5950.5,861380,8571.6,845920,8733.2,,,,,,
NE-HVAC-Unitary-addSRM,DEER2024,D24_E+_Com_v1,2026-07-16 22:55:44,Any,MLI,Ex,CZ15,cDXGF,Each,1,100000,None,306000,34.5,-853,16700,1.99,-54.4,,,,,,,,,20,"",1338900,1938.2,1050100,2736.4,1033400,2790.9,,,,,,
NE-HVAC-Unitary-addSRM,DEER2024,D24_E+_Com_v1,2026-07-16 22:55:44,Any,MLI,Ex,CZ16,cDXGF,Each,1,100000,None,315000,41.2,-4750,15800,2.51,-278,,,,,,,,,20,"",1039000,10194,739500,14667,723710,14945,,,,,,
NE-HVAC-Unitary-addSRM,DEER2024,D24_E+_Com_v1,2026-07-16 22:55:44,Any,MLI,Ex,CZ01,cDXHP,Each,1,100000,None,237000,44.1,-0.000341,9440,2.24,0,,,,,,,,,20,"",923630,1810.1,695590,1810.1,686150,1810.1,,,,,,
NE-HVAC-Unitary-addSRM,DEER2024,D24_E+_Com_v1,2026-07-16 22:55:44,Any,MLI,Ex,CZ02,cDXHP,Each,1,100000,None,259000,39.4,-0.000341,11700,2.45,0,,,,,,,,,20,"",1000100,1701.5,752400,1701.5,740730,1701.5,,,,,,
NE-HVAC-Unitary-addSRM,DEER2024,D24_E+_Com_v1,2026-07-16 22:55:44,Any,MLI,Ex,CZ03,cDXHP,Each,1,100000,None,252000,39.1,-0.000341,10900,2.45,0,,,,,,,,,20,"",922150,1683.6,681100,1683.6,670170,1683.6,,,,,,
NE-HVAC-Unitary-addSRM,DEER2024,D24_E+_Com_v1,2026-07-16 22:55:44,Any,MLI,Ex,CZ04,cDXHP,Each,1,100000,None,274000,42.7,0,13100,2.91,0,,,,,,,,,20,"",1071600,1638.1,810740,1638.1,797660,1638.1,,,,,,
NE-HVAC-Unitary-addSRM,DEER2024,D24_E+_Com_v1,2026-07-16 22:55:44,Any,MLI,Ex,CZ05,cDXHP,Each,1,100000,None,257000,42.1,-0.00819,11400,2.31,0,,,,,,,,,20,"",938130,1691.0,692760,1691.0,681370,1691.0,,,,,,
NE-HVAC-Unitary-addSRM,DEER2024,D24_E+_Com_v1,2026-07-16 22:55:44,Any,MLI,Ex,CZ06,cDXHP,Each,1,100000,None,263000,41.1,0,13300,2.55,0,,,,,,,,,20,"",972520,1564.0,722480,1564.0,709200,1564.0,,,,,,
NE-HVAC-Unitary-addSRM,DEER2024,D24_E+_Com_v1,2026-07-16 22:55:44,Any,MLI,Ex,CZ07,cDXHP,Each,1,100000,None,267000,41,0.000341,13500,2.69,0,,,,,,,,,20,"",988060,1548.7,734170,1548.7,720680,1548.7,,,,,,
NE-HVAC-Unitary-addSRM,DEER2024,D24_E+_Com_v1,2026-07-16 22:55:44,Any,MLI,Ex,CZ08,cDXHP,Each,1,100000,None,268000,42.9,-0.000683,14100,3.07,-0.000341,,,,,,,,,20,"",1062200,1518.4,808180,1518.4,794110,1518.4,,,,,,
NE-HVAC-Unitary-addSRM,DEER2024,D24_E+_Com_v1,2026-07-16 22:55:44,Any,MLI,Ex,CZ09,cDXHP,Each,1,100000,None,276000,38.7,-0.000341,14400,3.24,0,,,,,,,,,20,"",1076900,1528.8,815390,1528.8,800950,1528.8,,,,,,
NE-HVAC-Unitary-addSRM,DEER2024,D24_E+_Com_v1,2026-07-16 22:55:44,Any,MLI,Ex,CZ10,cDXHP,Each,1,100000,None,274000,39.8,-0.000683,14100,2.25,0,,,,,,,,,20,"",1094500,1510.3,834910,1510.3,820780,1510.3,,,,,,
NE-HVAC-Unitary-addSRM,DEER2024,D24_E+_Com_v1,2026-07-16 22:55:44,Any,MLI,Ex,CZ11,cDXHP,Each,1,100000,None,273000,33.9,-0.00171,13900,1.82,-0.000683,,,,,,,,,20,"",1144500,1546.7,885620,1546.7,871760,1546.7,,,,,,
NE-HVAC-Unitary-addSRM,DEER2024,D24_E+_Com_v1,2026-07-16 22:55:44,Any,MLI,Ex,CZ12,cDXHP,Each,1,100000,None,268000,40.8,0,13500,2.17,0,,,,,,,,,20,"",1067700,1615.0,812820,1615.0,799330,1615.0,,,,,,
NE-HVAC-Unitary-addSRM,DEER2024,D24_E+_Com_v1,2026-07-16 22:55:44,Any,MLI,Ex,CZ13,cDXHP,Each,1,100000,None,277000,35.4,-0.00137,14600,2.31,0.000683,,,,,,,,,20,"",1157900,1517.0,895800,1517.0,881230,1517.0,,,,,,
NE-HVAC-Unitary-addSRM,DEER2024,D24_E+_Com_v1,2026-07-16 22:55:44,Any,MLI,Ex,CZ14,cDXHP,Each,1,100000,None,293000,36.2,-0.00102,15200,2.08,0,,,,,,,,,20,"",1176000,1558.0,898040,1558.0,882790,1558.0,,,,,,
NE-HVAC-Unitary-addSRM,DEER2024,D24_E+_Com_v1,2026-07-16 22:55:44,Any,MLI,Ex,CZ15,cDXHP,Each,1,100000,None,293000,31.5,0.0058,16900,1.44,0,,,,,,,,,20,"",1342700,1292.5,1066900,1292.4,1049900,1292.4,,,,,,
NE-HVAC-Unitary-addSRM,DEER2024,D24_E+_Com_v1,2026-07-16 22:55:44,Any,MLI,Ex,CZ16,cDXHP,Each,1,100000,None,302000,40.8,-0.000341,14600,2.52,0,,,,,,,,,20,"",1093300,1773.7,806170,1773.7,791540,1773.7,,,,,,
NE-HVAC-Unitary-addSRM,DEER2024,D24_E+_Com_v1,2026-07-16 22:55:44,Any,MLI,Ex,CZ01,cDXOH,Each,1,100000,None,277000,39.7,-0.000341,9060,2.04,0,,,,,,,,,20,"",829790,1810.1,561670,1810.1,552600,1810.1,,,,,,
NE-HVAC-Unitary-addSRM,DEER2024,D24_E+_Com_v1,2026-07-16 22:55:44,Any,MLI,Ex,CZ02,cDXOH,Each,1,100000,None,289000,33.6,0,11600,2.21,0,,,,,,,,,20,"",932670,1701.5,654900,1701.5,643300,1701.5,,,,,,
NE-HVAC-Unitary-addSRM,DEER2024,D24_E+_Com_v1,2026-07-16 22:55:44,Any,MLI,Ex,CZ03,cDXOH,Each,1,100000,None,270000,34.8,-0.000341,10700,2.22,0,,,,,,,,,20,"",869680,1683.6,610190,1683.6,599470,1683.6,,,,,,
NE-HVAC-Unitary-addSRM,DEER2024,D24_E+_Com_v1,2026-07-16 22:55:44,Any,MLI,Ex,CZ04,cDXOH,Each,1,100000,None,298000,34.2,0,12600,2.16,0,,,,,,,,,20,"",1009800,1638.1,724770,1638.1,712180,1638.1,,,,,,
NE-HVAC-Unitary-addSRM,DEER2024,D24_E+_Com_v1,2026-07-16 22:55:44,Any,MLI,Ex,CZ05,cDXOH,Each,1,100000,None,279000,38.4,-0.000341,11300,2.33,0,,,,,,,,,20,"",885240,1691.0,617570,1691.0,606260,1691.0,,,,,,
NE-HVAC-Unitary-addSRM,DEER2024,D24_E+_Com_v1,2026-07-16 22:55:44,Any,MLI,Ex,CZ06,cDXOH,Each,1,100000,None,280000,39.9,-0.000341,13700,2.48,0,,,,,,,,,20,"",961820,1564.0,695190,1564.0,681450,1564.0,,,,,,
NE-HVAC-Unitary-addSRM,DEER2024,D24_E+_Com_v1,2026-07-16 22:55:44,Any,MLI,Ex,CZ07,cDXOH,Each,1,100000,None,283000,39.9,0.000683,13900,2.61,0,,,,,,,,,20,"",977010,1548.7,707590,1548.7,693740,1548.7,,,,,,
NE-HVAC-Unitary-addSRM,DEER2024,D24_E+_Com_v1,2026-07-16 22:55:44,Any,MLI,Ex,CZ08,cDXOH,Each,1,100000,None,279000,36,-0.000341,13900,2.3,0,,,,,,,,,20,"",1042500,1518.4,777480,1518.4,763590,1518.4,,,,,,
NE-HVAC-Unitary-addSRM,DEER2024,D24_E+_Com_v1,2026-07-16 22:55:44,Any,MLI,Ex,CZ09,cDXOH,Each,1,100000,None,289000,34.1,-0.000683,14000,2.19,0,,,,,,,,,20,"",1051600,1528.8,776540,1528.8,762500,1528.8,,,,,,
NE-HVAC-Unitary-addSRM,DEER2024,D24_E+_Com_v1,2026-07-16 22:55:44,Any,MLI,Ex,CZ10,cDXOH,Each,1,100000,None,285000,33.5,-0.000341,13800,2.14,0.000341,,,,,,,,,20,"",1067700,1510.3,796930,1510.3,783160,1510.3,,,,,,
NE-HVAC-Unitary-addSRM,DEER2024,D24_E+_Com_v1,2026-07-16 22:55:44,Any,MLI,Ex,CZ11,cDXOH,Each,1,100000,None,299000,23.7,-0.000341,13200,1.67,0,,,,,,,,,20,"",1088800,1546.7,803430,1546.7,790220,1546.7,,,,,,
NE-HVAC-Unitary-addSRM,DEER2024,D24_E+_Com_v1,2026-07-16 22:55:44,Any,MLI,Ex,CZ12,cDXOH,Each,1,100000,None,295000,31.6,0.000341,13000,2.05,0,,,,,,,,,20,"",1012600,1615.0,730860,1615.0,717820,1615.0,,,,,,
NE-HVAC-Unitary-addSRM,DEER2024,D24_E+_Com_v1,2026-07-16 22:55:44,Any,MLI,Ex,CZ13,cDXOH,Each,1,100000,None,301000,24.6,0,14100,1.64,0,,,,,,,,,20,"",1112800,1517.0,826330,1517.0,812250,1517.0,,,,,,
NE-HVAC-Unitary-addSRM,DEER2024,D24_E+_Com_v1,2026-07-16 22:55:44,Any,MLI,Ex,CZ14,cDXOH,Each,1,100000,None,313000,30.9,-0.000341,14400,2.01,0,,,,,,,,,20,"",1113300,1558.0,814940,1558.0,800550,1558.0,,,,,,
NE-HVAC-Unitary-addSRM,DEER2024,D24_E+_Com_v1,2026-07-16 22:55:44,Any,MLI,Ex,CZ15,cDXOH,Each,1,100000,None,309000,30.3,0.00717,17000,1.99,0,,,,,,,,,20,"",1328200,1292.5,1036000,1292.4,1019000,1292.4,,,,,,
NE-HVAC-Unitary-addSRM,DEER2024,D24_E+_Com_v1,2026-07-16 22:55:44,Any,MLI,Ex,CZ16,cDXOH,Each,1,100000,None,349000,37.2,0,14200,2.31,0,,,,,,,,,20,"",998750,1773.7,663500,1773.7,649340,1773.7,,,,,,
NE-HVAC-Unitary-addSRM,DEER2024,D24_E+_Com_v1,2026-07-16 22:55:44,Any,Mtl,Ex,CZ01,cDXGF,Each,1,30000,None,36000,6.31,-651,1650,0.348,-37.6,,,,,,,,,20,"",127010,1763.8,92622,2377.6,90975,2415.2,,,,,,
NE-HVAC-Unitary-addSRM,DEER2024,D24_E+_Com_v1,2026-07-16 22:55:44,Any,Mtl,Ex,CZ02,cDXGF,Each,1,30000,None,41400,6.98,-480,2040,0.426,-27.1,,,,,,,,,20,"",153560,1267.0,114210,1720.0,112170,1747.1,,,,,,
NE-HVAC-Unitary-addSRM,DEER2024,D24_E+_Com_v1,2026-07-16 22:55:44,Any,Mtl,Ex,CZ03,cDXGF,Each,1,30000,None,40900,6.6,-339,1990,0.422,-20.4,,,,,,,,,20,"",142210,825.56,103300,1144.5,101310,1164.9,,,,,,
NE-HVAC-Unitary-addSRM,DEER2024,D24_E+_Com_v1,2026-07-16 22:55:44,Any,Mtl,Ex,CZ04,cDXGF,Each,1,30000,None,41100,7.17,-386,2070,0.404,-23,,,,,,,,,20,"",166330,1079.7,127270,1442.6,125200,1465.6,,,,,,
NE-HVAC-Unitary-addSRM,DEER2024,D24_E+_Com_v1,2026-07-16 22:55:44,Any,Mtl,Ex,CZ05,cDXGF,Each,1,30000,None,41200,7.08,-371,2020,0.424,-23.2,,,,,,,,,20,"",145720,817.14,106540,1165.4,104520,1188.5,,,,,,
NE-HVAC-Unitary-addSRM,DEER2024,D24_E+_Com_v1,2026-07-16 22:55:44,Any,Mtl,Ex,CZ06,cDXGF,Each,1,30000,None,36900,6.39,-132,2010,0.397,-8.58,,,,,,,,,20,"",154270,383.55,119420,506.59,117410,515.17,,,,,,
NE-HVAC-Unitary-addSRM,DEER2024,D24_E+_Com_v1,2026-07-16 22:55:44,Any,Mtl,Ex,CZ07,cDXGF,Each,1,30000,None,37500,5.86,-121,2010,0.383,-7.98,,,,,,,,,20,"",154900,365.48,119420,478.72,117410,486.70,,,,,,
NE-HVAC-Unitary-addSRM,DEER2024,D24_E+_Com_v1,2026-07-16 22:55:44,Any,Mtl,Ex,CZ08,cDXGF,Each,1,30000,None,41100,7.17,-162,2210,0.412,-10.3,,,,,,,,,20,"",173600,445.74,134730,597.13,132520,607.39,,,,,,
NE-HVAC-Unitary-addSRM,DEER2024,D24_E+_Com_v1,2026-07-16 22:55:44,Any,Mtl,Ex,CZ09,cDXGF,Each,1,30000,None,43200,7.03,-192,2290,0.409,-11.9,,,,,,,,,20,"",176910,494.50,135950,674.19,133660,686.08,,,,,,
NE-HVAC-Unitary-addSRM,DEER2024,D24_E+_Com_v1,2026-07-16 22:55:44,Any,Mtl,Ex,CZ10,cDXGF,Each,1,30000,None,43500,7.26,-199,2310,0.417,-12.3,,,,,,,,,20,"",182370,503.78,141200,690.29,138900,702.57,,,,,,
NE-HVAC-Unitary-addSRM,DEER2024,D24_E+_Com_v1,2026-07-16 22:55:44,Any,Mtl,Ex,CZ11,cDXGF,Each,1,30000,None,43900,6.74,-409,2310,0.402,-23.8,,,,,,,,,20,"",186310,1185.2,144770,1570.8,142460,1594.6,,,,,,
NE-HVAC-Unitary-addSRM,DEER2024,D24_E+_Com_v1,2026-07-16 22:55:44,Any,Mtl,Ex,CZ12,cDXGF,Each,1,30000,None,40600,6.81,-398,2100,0.385,-23.5,,,,,,,,,20,"",166330,1207.4,127870,1581.6,125780,1605.0,,,,,,
NE-HVAC-Unitary-addSRM,DEER2024,D24_E+_Com_v1,2026-07-16 22:55:44,Any,Mtl,Ex,CZ13,cDXGF,Each,1,30000,None,41900,6.18,-352,2260,0.352,-20.9,,,,,,,,,20,"",186680,1052.3,147040,1383.8,144790,1404.8,,,,,,
NE-HVAC-Unitary-addSRM,DEER2024,D24_E+_Com_v1,2026-07-16 22:55:44,Any,Mtl,Ex,CZ14,cDXGF,Each,1,30000,None,43200,6.4,-326,2300,0.376,-19.1,,,,,,,,,20,"",187040,974.79,146120,1281.5,143820,1300.6,,,,,,
NE-HVAC-Unitary-addSRM,DEER2024,D24_E+_Com_v1,2026-07-16 22:55:44,Any,Mtl,Ex,CZ15,cDXGF,Each,1,30000,None,45100,6.16,-97.4,2510,0.353,-6.32,,,,,,,,,20,"",233600,354.96,190990,446.07,188480,452.39,,,,,,
NE-HVAC-Unitary-addSRM,DEER2024,D24_E+_Com_v1,2026-07-16 22:55:44,Any,Mtl,Ex,CZ16,cDXGF,Each,1,30000,None,46000,7.19,-605,2370,0.437,-35.9,,,,,,,,,20,"",159950,1875.9,116320,2445.3,113950,2481.2,,,,,,
NE-HVAC-Unitary-addSRM,DEER2024,D24_E+_Com_v1,2026-07-16 22:55:44,Any,Mtl,Ex,CZ01,cDXHP,Each,1,30000,None,34700,6.37,-2.4,1480,0.343,-0.0365,,,,,,,,,20,"",134540,313.99,101290,316.36,99808,316.40,,,,,,
NE-HVAC-Unitary-addSRM,DEER2024,D24_E+_Com_v1,2026-07-16 22:55:44,Any,Mtl,Ex,CZ02,cDXHP,Each,1,30000,None,39700,6.56,-1.88,1910,0.443,0.429,,,,,,,,,20,"",158710,299.93,120880,302.24,118970,301.81,,,,,,
NE-HVAC-Unitary-addSRM,DEER2024,D24_E+_Com_v1,2026-07-16 22:55:44,Any,Mtl,Ex,CZ03,cDXHP,Each,1,30000,None,39900,6.49,-0.699,1910,0.462,0.18,,,,,,,,,20,"",144950,283.53,106950,284.41,105040,284.23,,,,,,
NE-HVAC-Unitary-addSRM,DEER2024,D24_E+_Com_v1,2026-07-16 22:55:44,Any,Mtl,Ex,CZ04,cDXHP,Each,1,30000,None,39000,6.14,-0.99,1960,0.402,-0.0184,,,,,,,,,20,"",170790,290.18,133710,291.15,131750,291.17,,,,,,
NE-HVAC-Unitary-addSRM,DEER2024,D24_E+_Com_v1,2026-07-16 22:55:44,Any,Mtl,Ex,CZ05,cDXHP,Each,1,30000,None,40000,6.98,-0.527,1940,0.431,0.0177,,,,,,,,,20,"",148490,282.48,110390,283.03,108450,283.01,,,,,,
NE-HVAC-Unitary-addSRM,DEER2024,D24_E+_Com_v1,2026-07-16 22:55:44,Any,Mtl,Ex,CZ06,cDXHP,Each,1,30000,None,35400,6.26,0,1980,0.397,0,,,,,,,,,20,"",153920,270.31,120500,270.31,118530,270.31,,,,,,
NE-HVAC-Unitary-addSRM,DEER2024,D24_E+_Com_v1,2026-07-16 22:55:44,Any,Mtl,Ex,CZ07,cDXHP,Each,1,30000,None,36100,5.38,0,1970,0.406,0,,,,,,,,,20,"",154770,269.86,120690,269.86,118710,269.86,,,,,,
NE-HVAC-Unitary-addSRM,DEER2024,D24_E+_Com_v1,2026-07-16 22:55:44,Any,Mtl,Ex,CZ08,cDXHP,Each,1,30000,None,38500,6.45,0,2160,0.511,0,,,,,,,,,20,"",174450,268.96,138080,268.96,135920,268.96,,,,,,
NE-HVAC-Unitary-addSRM,DEER2024,D24_E+_Com_v1,2026-07-16 22:55:44,Any,Mtl,Ex,CZ09,cDXHP,Each,1,30000,None,40600,6.17,-0.00307,2220,0.338,0,,,,,,,,,20,"",178040,269.29,139700,269.29,137480,269.29,,,,,,
NE-HVAC-Unitary-addSRM,DEER2024,D24_E+_Com_v1,2026-07-16 22:55:44,Any,Mtl,Ex,CZ10,cDXHP,Each,1,30000,None,40400,6.2,-0.000683,2210,0.451,0.000341,,,,,,,,,20,"",183550,268.73,145390,268.73,143180,268.73,,,,,,
NE-HVAC-Unitary-addSRM,DEER2024,D24_E+_Com_v1,2026-07-16 22:55:44,Any,Mtl,Ex,CZ11,cDXHP,Each,1,30000,None,40800,4.93,-2.68,2160,0.328,0.12,,,,,,,,,20,"",191120,310.98,152520,313.77,150360,313.65,,,,,,
NE-HVAC-Unitary-addSRM,DEER2024,D24_E+_Com_v1,2026-07-16 22:55:44,Any,Mtl,Ex,CZ12,cDXHP,Each,1,30000,None,38500,5.73,-1.22,1980,0.403,-0.00819,,,,,,,,,20,"",171190,301.67,134690,302.89,132710,302.90,,,,,,
NE-HVAC-Unitary-addSRM,DEER2024,D24_E+_Com_v1,2026-07-16 22:55:44,Any,Mtl,Ex,CZ13,cDXHP,Each,1,30000,None,39100,4.76,-1.27,2140,0.329,-0.0297,,,,,,,,,20,"",190870,292.78,153940,294.02,151810,294.05,,,,,,
NE-HVAC-Unitary-addSRM,DEER2024,D24_E+_Com_v1,2026-07-16 22:55:44,Any,Mtl,Ex,CZ14,cDXHP,Each,1,30000,None,40400,5.52,-1.39,2150,0.455,-0.0276,,,,,,,,,20,"",191140,285.06,152880,286.42,150740,286.45,,,,,,
NE-HVAC-Unitary-addSRM,DEER2024,D24_E+_Com_v1,2026-07-16 22:55:44,Any,Mtl,Ex,CZ15,cDXHP,Each,1,30000,None,40600,4.37,0,2370,0.24,0,,,,,,,,,20,"",234180,262.35,195930,262.35,193560,262.35,,,,,,
NE-HVAC-Unitary-addSRM,DEER2024,D24_E+_Com_v1,2026-07-16 22:55:44,Any,Mtl,Ex,CZ16,cDXHP,Each,1,30000,None,44400,7,-6.11,2200,0.432,-0.0867,,,,,,,,,20,"",168610,415.70,126390,421.72,124200,421.81,,,,,,
NE-HVAC-Unitary-addSRM,DEER2024,D24_E+_Com_v1,2026-07-16 22:55:44,Any,Mtl,Ex,CZ01,cDXOH,Each,1,30000,None,41900,6.17,-123,1510,0.348,-4.29,,,,,,,,,20,"",124150,511.52,83729,630.46,82224,634.75,,,,,,
NE-HVAC-Unitary-addSRM,DEER2024,D24_E+_Com_v1,2026-07-16 22:55:44,Any,Mtl,Ex,CZ02,cDXOH,Each,1,30000,None,47700,6.54,-86.5,2010,0.423,-3.08,,,,,,,,,20,"",152570,397.77,106900,481.20,104890,484.28,,,,,,
NE-HVAC-Unitary-addSRM,DEER2024,D24_E+_Com_v1,2026-07-16 22:55:44,Any,Mtl,Ex,CZ03,cDXOH,Each,1,30000,None,45300,6.29,-39.6,1990,0.416,-1.61,,,,,,,,,20,"",141740,312.42,98408,350.41,96417,352.02,,,,,,
NE-HVAC-Unitary-addSRM,DEER2024,D24_E+_Com_v1,2026-07-16 22:55:44,Any,Mtl,Ex,CZ04,cDXOH,Each,1,30000,None,45800,6.48,-61.4,2060,0.401,-2.36,,,,,,,,,20,"",164780,344.76,121030,403.84,118970,406.21,,,,,,
NE-HVAC-Unitary-addSRM,DEER2024,D24_E+_Com_v1,2026-07-16 22:55:44,Any,Mtl,Ex,CZ05,cDXOH,Each,1,30000,None,46300,6.9,-18.9,2040,0.418,-0.884,,,,,,,,,20,"",144860,292.09,100570,310.13,98525,311.01,,,,,,
NE-HVAC-Unitary-addSRM,DEER2024,D24_E+_Com_v1,2026-07-16 22:55:44,Any,Mtl,Ex,CZ06,cDXOH,Each,1,30000,None,38300,6.19,0,2030,0.397,0,,,,,,,,,20,"",153700,270.31,117430,270.31,115400,270.31,,,,,,
NE-HVAC-Unitary-addSRM,DEER2024,D24_E+_Com_v1,2026-07-16 22:55:44,Any,Mtl,Ex,CZ07,cDXOH,Each,1,30000,None,38800,5.57,0,2040,0.382,0,,,,,,,,,20,"",154330,269.86,117610,269.86,115570,269.86,,,,,,
NE-HVAC-Unitary-addSRM,DEER2024,D24_E+_Com_v1,2026-07-16 22:55:44,Any,Mtl,Ex,CZ08,cDXOH,Each,1,30000,None,42700,6.54,-0.267,2230,0.412,-0.0369,,,,,,,,,20,"",172470,268.96,131980,269.19,129750,269.22,,,,,,
NE-HVAC-Unitary-addSRM,DEER2024,D24_E+_Com_v1,2026-07-16 22:55:44,Any,Mtl,Ex,CZ09,cDXOH,Each,1,30000,None,45300,6.5,-3.52,2310,0.409,-0.269,,,,,,,,,20,"",175790,270.07,132780,273.32,130470,273.59,,,,,,
NE-HVAC-Unitary-addSRM,DEER2024,D24_E+_Com_v1,2026-07-16 22:55:44,Any,Mtl,Ex,CZ10,cDXOH,Each,1,30000,None,45500,6.65,-3,2340,0.417,-0.212,,,,,,,,,20,"",181060,269.01,137890,271.80,135550,272.01,,,,,,
NE-HVAC-Unitary-addSRM,DEER2024,D24_E+_Com_v1,2026-07-16 22:55:44,Any,Mtl,Ex,CZ11,cDXOH,Each,1,30000,None,48500,6.1,-98.1,2270,0.402,-3.48,,,,,,,,,20,"",184570,430.83,138360,525.45,136090,528.93,,,,,,
NE-HVAC-Unitary-addSRM,DEER2024,D24_E+_Com_v1,2026-07-16 22:55:44,Any,Mtl,Ex,CZ12,cDXOH,Each,1,30000,None,45400,6.13,-97,2070,0.385,-3.45,,,,,,,,,20,"",165380,421.27,122010,514.83,119930,518.28,,,,,,
NE-HVAC-Unitary-addSRM,DEER2024,D24_E+_Com_v1,2026-07-16 22:55:44,Any,Mtl,Ex,CZ13,cDXOH,Each,1,30000,None,45800,5.6,-91.5,2220,0.353,-3.21,,,,,,,,,20,"",185300,398.76,141750,487.02,139530,490.23,,,,,,
NE-HVAC-Unitary-addSRM,DEER2024,D24_E+_Com_v1,2026-07-16 22:55:44,Any,Mtl,Ex,CZ14,cDXOH,Each,1,30000,None,46600,5.91,-68.1,2280,0.374,-2.58,,,,,,,,,20,"",185090,343.19,140750,408.70,138470,411.27,,,,,,
NE-HVAC-Unitary-addSRM,DEER2024,D24_E+_Com_v1,2026-07-16 22:55:44,Any,Mtl,Ex,CZ15,cDXOH,Each,1,30000,None,44900,5.61,-0.395,2530,0.353,-0.0242,,,,,,,,,20,"",231600,262.37,189210,262.74,186680,262.77,,,,,,
NE-HVAC-Unitary-addSRM,DEER2024,D24_E+_Com_v1,2026-07-16 22:55:44,Any,Mtl,Ex,CZ16,cDXOH,Each,1,30000,None,52700,6.74,-192,2240,0.427,-6.84,,,,,,,,,20,"",157970,699.48,107520,884.25,105280,891.09,,,,,,
NE-HVAC-Unitary-addSRM,DEER2024,D24_E+_Com_v1,2026-07-16 22:55:44,Any,Nrs,Ex,CZ01,cDXGF,Each,1,111000,None,73200,11.3,-643,3210,0.827,-46.8,,,,,,,,,20,"",642040,11469,572020,12065,568810,12112,,,,,,
NE-HVAC-Unitary-addSRM,DEER2024,D24_E+_Com_v1,2026-07-16 22:55:44,Any,Nrs,Ex,CZ02,cDXGF,Each,1,111000,None,79600,13.3,-494,3970,0.778,-29.7,,,,,,,,,20,"",723270,9645.2,647610,10110,643640,10139,,,,,,
NE-HVAC-Unitary-addSRM,DEER2024,D24_E+_Com_v1,2026-07-16 22:55:44,Any,Nrs,Ex,CZ03,cDXGF,Each,1,111000,None,76600,11.8,-336,3940,1.02,-22.7,,,,,,,,,20,"",690590,8239.2,617910,8552.5,613970,8575.2,,,,,,
NE-HVAC-Unitary-addSRM,DEER2024,D24_E+_Com_v1,2026-07-16 22:55:44,Any,Nrs,Ex,CZ04,cDXGF,Each,1,111000,None,80600,14.5,-441,4080,0.835,-31.4,,,,,,,,,20,"",778780,9013.4,702250,9422.5,698170,9453.9,,,,,,
NE-HVAC-Unitary-addSRM,DEER2024,D24_E+_Com_v1,2026-07-16 22:55:44,Any,Nrs,Ex,CZ05,cDXGF,Each,1,111000,None,78100,13.3,-320,4070,0.741,-23.5,,,,,,,,,20,"",705480,8030.7,631490,8326.8,627420,8350.4,,,,,,
NE-HVAC-Unitary-addSRM,DEER2024,D24_E+_Com_v1,2026-07-16 22:55:44,Any,Nrs,Ex,CZ06,cDXGF,Each,1,111000,None,69900,12.6,-87,4260,0.726,-8.23,,,,,,,,,20,"",757000,6673.5,691400,6752.2,687140,6760.5,,,,,,
NE-HVAC-Unitary-addSRM,DEER2024,D24_E+_Com_v1,2026-07-16 22:55:44,Any,Nrs,Ex,CZ07,cDXGF,Each,1,111000,None,70100,11.9,-62.8,4260,0.766,-3.07,,,,,,,,,20,"",755900,6401.4,690040,6461.1,685780,6464.2,,,,,,
NE-HVAC-Unitary-addSRM,DEER2024,D24_E+_Com_v1,2026-07-16 22:55:44,Any,Nrs,Ex,CZ08,cDXGF,Each,1,111000,None,75900,14.6,-142,4420,0.799,-16.2,,,,,,,,,20,"",813470,6742.8,741990,6869.0,737570,6885.2,,,,,,
NE-HVAC-Unitary-addSRM,DEER2024,D24_E+_Com_v1,2026-07-16 22:55:44,Any,Nrs,Ex,CZ09,cDXGF,Each,1,111000,None,80600,14.8,-169,4570,0.842,-13.3,,,,,,,,,20,"",817680,6992.1,741620,7147.8,737050,7161.0,,,,,,
NE-HVAC-Unitary-addSRM,DEER2024,D24_E+_Com_v1,2026-07-16 22:55:44,Any,Nrs,Ex,CZ10,cDXGF,Each,1,111000,None,79700,14.6,-179,4500,0.716,-12.6,,,,,,,,,20,"",825030,6720.0,749820,6886.2,745320,6898.8,,,,,,
NE-HVAC-Unitary-addSRM,DEER2024,D24_E+_Com_v1,2026-07-16 22:55:44,Any,Nrs,Ex,CZ11,cDXGF,Each,1,111000,None,84200,13.1,-522,4330,0.791,-34.6,,,,,,,,,20,"",840210,9376.8,760340,9863.8,756010,9898.4,,,,,,
NE-HVAC-Unitary-addSRM,DEER2024,D24_E+_Com_v1,2026-07-16 22:55:44,Any,Nrs,Ex,CZ12,cDXGF,Each,1,111000,None,77600,14.2,-477,4070,0.802,-27,,,,,,,,,20,"",773590,9281.9,700040,9731.5,695970,9758.5,,,,,,
NE-HVAC-Unitary-addSRM,DEER2024,D24_E+_Com_v1,2026-07-16 22:55:44,Any,Nrs,Ex,CZ13,cDXGF,Each,1,111000,None,81300,12.4,-450,4370,0.852,-21,,,,,,,,,20,"",847110,8732.3,770140,9161.0,765770,9182.0,,,,,,
NE-HVAC-Unitary-addSRM,DEER2024,D24_E+_Com_v1,2026-07-16 22:55:44,Any,Nrs,Ex,CZ14,cDXGF,Each,1,111000,None,86300,13.4,-437,4610,0.77,-28.4,,,,,,,,,20,"",846060,8578.5,764330,8986.8,759710,9015.2,,,,,,
NE-HVAC-Unitary-addSRM,DEER2024,D24_E+_Com_v1,2026-07-16 22:55:44,Any,Nrs,Ex,CZ15,cDXGF,Each,1,111000,None,82600,11.8,-81.4,4670,0.257,-6.2,,,,,,,,,20,"",1006300,6152.4,928390,6227.6,923710,6233.8,,,,,,
NE-HVAC-Unitary-addSRM,DEER2024,D24_E+_Com_v1,2026-07-16 22:55:44,Any,Nrs,Ex,CZ16,cDXGF,Each,1,111000,None,88700,11.5,-864,4510,0.728,-50.4,,,,,,,,,20,"",749930,12246,665780,13060,661270,13110,,,,,,
NE-HVAC-Unitary-addSRM,DEER2024,D24_E+_Com_v1,2026-07-16 22:55:44,Any,Nrs,Ex,CZ01,cDXHP,Each,1,111000,None,72500,11.5,-114,2990,0.832,-0.679,,,,,,,,,20,"",649380,9943.1,579860,10056,576870,10057,,,,,,
NE-HVAC-Unitary-addSRM,DEER2024,D24_E+_Com_v1,2026-07-16 22:55:44,Any,Nrs,Ex,CZ02,cDXHP,Each,1,111000,None,78300,13.9,-63.9,3860,0.993,-1.19,,,,,,,,,20,"",728490,8643.0,654060,8705.8,650200,8707.0,,,,,,
NE-HVAC-Unitary-addSRM,DEER2024,D24_E+_Com_v1,2026-07-16 22:55:44,Any,Nrs,Ex,CZ03,cDXHP,Each,1,111000,None,76000,10.8,-59.8,3830,0.771,-3.23,,,,,,,,,20,"",693260,7697.1,621110,7753.7,617280,7756.9,,,,,,
NE-HVAC-Unitary-addSRM,DEER2024,D24_E+_Com_v1,2026-07-16 22:55:44,Any,Nrs,Ex,CZ04,cDXHP,Each,1,111000,None,78500,14.6,-38.8,3960,0.682,-7.96,,,,,,,,,20,"",783190,8159.2,708660,8190.0,704700,8198.0,,,,,,
NE-HVAC-Unitary-addSRM,DEER2024,D24_E+_Com_v1,2026-07-16 22:55:44,Any,Nrs,Ex,CZ05,cDXHP,Each,1,111000,None,77400,12.8,-46.7,4010,0.679,-1.03,,,,,,,,,20,"",708360,7476.7,634940,7522.4,630930,7523.4,,,,,,
NE-HVAC-Unitary-addSRM,DEER2024,D24_E+_Com_v1,2026-07-16 22:55:44,Any,Nrs,Ex,CZ06,cDXHP,Each,1,111000,None,67700,11.9,-16.5,4200,0.933,1.77,,,,,,,,,20,"",756010,6578.8,692460,6597.0,688260,6595.2,,,,,,
NE-HVAC-Unitary-addSRM,DEER2024,D24_E+_Com_v1,2026-07-16 22:55:44,Any,Nrs,Ex,CZ07,cDXHP,Each,1,111000,None,68200,11,-12.9,4230,1.04,-0.449,,,,,,,,,20,"",754990,6332.5,691050,6344.9,686820,6345.4,,,,,,
NE-HVAC-Unitary-addSRM,DEER2024,D24_E+_Com_v1,2026-07-16 22:55:44,Any,Nrs,Ex,CZ08,cDXHP,Each,1,111000,None,72500,13.5,-13.7,4370,0.732,-3.97,,,,,,,,,20,"",813790,6586.1,745700,6595.8,741340,6599.7,,,,,,
NE-HVAC-Unitary-addSRM,DEER2024,D24_E+_Com_v1,2026-07-16 22:55:44,Any,Nrs,Ex,CZ09,cDXHP,Each,1,111000,None,77200,13,-14.3,4460,0.767,2.1,,,,,,,,,20,"",818550,6782.7,745850,6799.2,741380,6797.1,,,,,,
NE-HVAC-Unitary-addSRM,DEER2024,D24_E+_Com_v1,2026-07-16 22:55:44,Any,Nrs,Ex,CZ10,cDXHP,Each,1,111000,None,76500,13.2,-14.7,4350,0.862,0.0311,,,,,,,,,20,"",825890,6496.3,753760,6511.1,749400,6511.0,,,,,,
NE-HVAC-Unitary-addSRM,DEER2024,D24_E+_Com_v1,2026-07-16 22:55:44,Any,Nrs,Ex,CZ11,cDXHP,Each,1,111000,None,81200,11.8,-8.96,4230,0.828,-1.08,,,,,,,,,20,"",844720,8509.0,767800,8516.8,763560,8517.9,,,,,,
NE-HVAC-Unitary-addSRM,DEER2024,D24_E+_Com_v1,2026-07-16 22:55:44,Any,Nrs,Ex,CZ12,cDXHP,Each,1,111000,None,75300,14,-46.8,3950,0.416,1.69,,,,,,,,,20,"",777930,8390.3,706570,8438.7,702620,8437.0,,,,,,
NE-HVAC-Unitary-addSRM,DEER2024,D24_E+_Com_v1,2026-07-16 22:55:44,Any,Nrs,Ex,CZ13,cDXHP,Each,1,111000,None,78500,11.1,4.1,4170,0.297,-3.28,,,,,,,,,20,"",850640,8008.9,776280,8001.5,772100,8004.8,,,,,,
NE-HVAC-Unitary-addSRM,DEER2024,D24_E+_Com_v1,2026-07-16 22:55:44,Any,Nrs,Ex,CZ14,cDXHP,Each,1,111000,None,82500,11.3,-36.6,4430,0.564,-4.64,,,,,,,,,20,"",850220,7823.7,772120,7855.6,767690,7860.3,,,,,,
NE-HVAC-Unitary-addSRM,DEER2024,D24_E+_Com_v1,2026-07-16 22:55:44,Any,Nrs,Ex,CZ15,cDXHP,Each,1,111000,None,78600,16.2,91.5,4810,0.641,-1.64,,,,,,,,,20,"",1006800,6067.7,932970,5974.6,928160,5976.2,,,,,,
NE-HVAC-Unitary-addSRM,DEER2024,D24_E+_Com_v1,2026-07-16 22:55:44,Any,Nrs,Ex,CZ16,cDXHP,Each,1,111000,None,86800,11.2,-108,4270,0.674,-7.54,,,,,,,,,20,"",758670,10724,676180,10825,671920,10832,,,,,,
NE-HVAC-Unitary-addSRM,DEER2024,D24_E+_Com_v1,2026-07-16 22:55:44,Any,Nrs,Ex,CZ01,cDXOH,Each,1,111000,None,80700,11.4,-243,3130,0.701,-12.3,,,,,,,,,20,"",641840,10310,564240,10541,561100,10554,,,,,,
NE-HVAC-Unitary-addSRM,DEER2024,D24_E+_Com_v1,2026-07-16 22:55:44,Any,Nrs,Ex,CZ02,cDXOH,Each,1,111000,None,85000,12.7,-195,3920,0.836,-8.99,,,,,,,,,20,"",722310,8849.7,641270,9035.2,637340,9044.2,,,,,,
NE-HVAC-Unitary-addSRM,DEER2024,D24_E+_Com_v1,2026-07-16 22:55:44,Any,Nrs,Ex,CZ03,cDXOH,Each,1,111000,None,80400,11.9,-123,3960,0.814,-6.24,,,,,,,,,20,"",690330,7808.7,613860,7925.7,609900,7931.9,,,,,,
NE-HVAC-Unitary-addSRM,DEER2024,D24_E+_Com_v1,2026-07-16 22:55:44,Any,Nrs,Ex,CZ04,cDXOH,Each,1,111000,None,84600,13.5,-164,4110,0.772,-13.7,,,,,,,,,20,"",777080,8329.2,696610,8479.6,692500,8493.3,,,,,,
NE-HVAC-Unitary-addSRM,DEER2024,D24_E+_Com_v1,2026-07-16 22:55:44,Any,Nrs,Ex,CZ05,cDXOH,Each,1,111000,None,81700,12.9,-116,4050,0.99,-8.56,,,,,,,,,20,"",704930,7568.7,627300,7676.2,623240,7684.8,,,,,,
NE-HVAC-Unitary-addSRM,DEER2024,D24_E+_Com_v1,2026-07-16 22:55:44,Any,Nrs,Ex,CZ06,cDXOH,Each,1,111000,None,69400,12.3,-31.9,4150,0.821,-6.29,,,,,,,,,20,"",755650,6596.0,690360,6621.6,686200,6627.9,,,,,,
NE-HVAC-Unitary-addSRM,DEER2024,D24_E+_Com_v1,2026-07-16 22:55:44,Any,Nrs,Ex,CZ07,cDXOH,Each,1,111000,None,69600,11.7,-23.4,4220,0.531,-1.89,,,,,,,,,20,"",754530,6337.0,689160,6358.5,684940,6360.4,,,,,,
NE-HVAC-Unitary-addSRM,DEER2024,D24_E+_Com_v1,2026-07-16 22:55:44,Any,Nrs,Ex,CZ08,cDXOH,Each,1,111000,None,76000,13.5,-40,4460,0.799,-4.18,,,,,,,,,20,"",811740,6609.7,740160,6645.5,735700,6649.7,,,,,,
NE-HVAC-Unitary-addSRM,DEER2024,D24_E+_Com_v1,2026-07-16 22:55:44,Any,Nrs,Ex,CZ09,cDXOH,Each,1,111000,None,81200,13.6,-57.9,4660,0.807,2.07,,,,,,,,,20,"",816020,6819.3,739440,6879.2,734780,6877.1,,,,,,
NE-HVAC-Unitary-addSRM,DEER2024,D24_E+_Com_v1,2026-07-16 22:55:44,Any,Nrs,Ex,CZ10,cDXOH,Each,1,111000,None,80400,13.5,-55,4590,0.815,0.576,,,,,,,,,20,"",823360,6524.4,747590,6580.0,743000,6579.4,,,,,,
NE-HVAC-Unitary-addSRM,DEER2024,D24_E+_Com_v1,2026-07-16 22:55:44,Any,Nrs,Ex,CZ11,cDXOH,Each,1,111000,None,88400,11.6,-219,4290,0.38,-17.8,,,,,,,,,20,"",838040,8721.6,753930,8922.6,749640,8940.3,,,,,,
NE-HVAC-Unitary-addSRM,DEER2024,D24_E+_Com_v1,2026-07-16 22:55:44,Any,Nrs,Ex,CZ12,cDXOH,Each,1,111000,None,82000,13,-185,4060,0.784,-9.09,,,,,,,,,20,"",772350,8610.1,694390,8786.0,690330,8795.0,,,,,,
NE-HVAC-Unitary-addSRM,DEER2024,D24_E+_Com_v1,2026-07-16 22:55:44,Any,Nrs,Ex,CZ13,cDXOH,Each,1,111000,None,84400,11.2,-209,4290,0.681,-9.34,,,,,,,,,20,"",845070,8198.7,764950,8398.2,760660,8407.5,,,,,,
NE-HVAC-Unitary-addSRM,DEER2024,D24_E+_Com_v1,2026-07-16 22:55:44,Any,Nrs,Ex,CZ14,cDXOH,Each,1,111000,None,89600,12.3,-170,4660,0.824,-4.67,,,,,,,,,20,"",843820,7982.8,758890,8147.9,754230,8152.6,,,,,,
NE-HVAC-Unitary-addSRM,DEER2024,D24_E+_Com_v1,2026-07-16 22:55:44,Any,Nrs,Ex,CZ15,cDXOH,Each,1,111000,None,80300,10.1,-15.4,4760,0.435,2.76,,,,,,,,,20,"",1003000,6092.8,927440,6111.0,922680,6108.2,,,,,,
NE-HVAC-Unitary-addSRM,DEER2024,D24_E+_Com_v1,2026-07-16 22:55:44,Any,Nrs,Ex,CZ16,cDXOH,Each,1,111000,None,98700,11.1,-358,4510,0.67,-16.6,,,,,,,,,20,"",749120,11111,654950,11452,650430,11469,,,,,,
NE-HVAC-Unitary-addSRM,DEER2024,D24_E+_Com_v1,2026-07-16 22:55:44,Any,OfL,Ex,CZ01,cDXGF,Each,1,350000,None,557000,80.9,-3290,25600,5.11,-242,,,,,,,,,20,"",2126000,9681.6,1594100,12730,1568500,12972,,,,,,
NE-HVAC-Unitary-addSRM,DEER2024,D24_E+_Com_v1,2026-07-16 22:55:44,Any,OfL,Ex,CZ02,cDXGF,Each,1,350000,None,612000,99.6,-2540,30800,6.21,-193,,,,,,,,,20,"",2486900,7708.6,1905900,10053,1875100,10247,,,,,,
NE-HVAC-Unitary-addSRM,DEER2024,D24_E+_Com_v1,2026-07-16 22:55:44,Any,OfL,Ex,CZ03,cDXGF,Each,1,350000,None,582000,95.2,-1570,31000,6.22,-126,,,,,,,,,20,"",2326800,6398.3,1775600,7840.9,1744500,7967.3,,,,,,
NE-HVAC-Unitary-addSRM,DEER2024,D24_E+_Com_v1,2026-07-16 22:55:44,Any,OfL,Ex,CZ04,cDXGF,Each,1,350000,None,622000,108,-2240,32400,6.29,-166,,,,,,,,,20,"",2660800,7027.3,2071600,9103.1,2039200,9269.2,,,,,,
NE-HVAC-Unitary-addSRM,DEER2024,D24_E+_Com_v1,2026-07-16 22:55:44,Any,OfL,Ex,CZ05,cDXGF,Each,1,350000,None,593000,95.7,-1480,31200,6.3,-125,,,,,,,,,20,"",2388400,6210.6,1826100,7565.2,1794900,7689.7,,,,,,
NE-HVAC-Unitary-addSRM,DEER2024,D24_E+_Com_v1,2026-07-16 22:55:44,Any,OfL,Ex,CZ06,cDXGF,Each,1,350000,None,545000,96.6,-493,32200,6.07,-45.2,,,,,,,,,20,"",2520700,4398.6,2007800,4846.1,1975700,4891.3,,,,,,
NE-HVAC-Unitary-addSRM,DEER2024,D24_E+_Com_v1,2026-07-16 22:55:44,Any,OfL,Ex,CZ07,cDXGF,Each,1,350000,None,551000,96.6,-375,32000,6.12,-34.9,,,,,,,,,20,"",2545000,4215.5,2025600,4556.0,1993700,4591.0,,,,,,
NE-HVAC-Unitary-addSRM,DEER2024,D24_E+_Com_v1,2026-07-16 22:55:44,Any,OfL,Ex,CZ08,cDXGF,Each,1,350000,None,590000,104,-623,34100,6.18,-53.4,,,,,,,,,20,"",2757400,4436.5,2201400,5006.2,2167300,5059.6,,,,,,
NE-HVAC-Unitary-addSRM,DEER2024,D24_E+_Com_v1,2026-07-16 22:55:44,Any,OfL,Ex,CZ09,cDXGF,Each,1,350000,None,625000,107,-812,34900,6.32,-69.4,,,,,,,,,20,"",2801600,4699.9,2211700,5442.8,2176800,5512.1,,,,,,
NE-HVAC-Unitary-addSRM,DEER2024,D24_E+_Com_v1,2026-07-16 22:55:44,Any,OfL,Ex,CZ10,cDXGF,Each,1,350000,None,586000,103,-781,32800,6,-64.1,,,,,,,,,20,"",2760200,4622.0,2207500,5338.8,2174700,5402.9,,,,,,
NE-HVAC-Unitary-addSRM,DEER2024,D24_E+_Com_v1,2026-07-16 22:55:44,Any,OfL,Ex,CZ11,cDXGF,Each,1,350000,None,636000,91.9,-2550,33600,5.47,-191,,,,,,,,,20,"",2834600,7012.4,2231800,9369.0,2198200,9559.8,,,,,,
NE-HVAC-Unitary-addSRM,DEER2024,D24_E+_Com_v1,2026-07-16 22:55:44,Any,OfL,Ex,CZ12,cDXGF,Each,1,350000,None,592000,101,-2330,31100,5.86,-168,,,,,,,,,20,"",2613800,6953.8,2053200,9119.4,2022100,9287.2,,,,,,
NE-HVAC-Unitary-addSRM,DEER2024,D24_E+_Com_v1,2026-07-16 22:55:44,Any,OfL,Ex,CZ13,cDXGF,Each,1,350000,None,619000,88,-1990,33500,5.1,-151,,,,,,,,,20,"",2841100,6108.0,2255300,7942.2,2221800,8093.5,,,,,,
NE-HVAC-Unitary-addSRM,DEER2024,D24_E+_Com_v1,2026-07-16 22:55:44,Any,OfL,Ex,CZ14,cDXGF,Each,1,350000,None,641000,89.8,-2040,34700,5.3,-156,,,,,,,,,20,"",2860500,6474.5,2254200,8355.9,2219500,8512.2,,,,,,
NE-HVAC-Unitary-addSRM,DEER2024,D24_E+_Com_v1,2026-07-16 22:55:44,Any,OfL,Ex,CZ15,cDXGF,Each,1,350000,None,621000,103,-405,35700,5.87,-31.8,,,,,,,,,20,"",3267300,3742.7,2681500,4115.4,2645800,4147.2,,,,,,
NE-HVAC-Unitary-addSRM,DEER2024,D24_E+_Com_v1,2026-07-16 22:55:44,Any,OfL,Ex,CZ16,cDXGF,Each,1,350000,None,701000,101,-3920,36400,6.17,-298,,,,,,,,,20,"",2617900,10022,1953200,13645,1916800,13944,,,,,,
NE-HVAC-Unitary-addSRM,DEER2024,D24_E+_Com_v1,2026-07-16 22:55:44,Any,OfL,Ex,CZ01,cDXHP,Each,1,350000,None,544000,79.3,17.9,24800,4.99,1.69,,,,,,,,,20,"",2145500,6161.8,1625900,6145.6,1601100,6143.9,,,,,,
NE-HVAC-Unitary-addSRM,DEER2024,D24_E+_Com_v1,2026-07-16 22:55:44,Any,OfL,Ex,CZ02,cDXHP,Each,1,350000,None,593000,89.5,13.7,29900,5.78,-0.00478,,,,,,,,,20,"",2499900,5507.7,1936900,5494.0,1907000,5494.0,,,,,,
NE-HVAC-Unitary-addSRM,DEER2024,D24_E+_Com_v1,2026-07-16 22:55:44,Any,OfL,Ex,CZ03,cDXHP,Each,1,350000,None,573000,89.3,9.82,30800,5.87,-0.103,,,,,,,,,20,"",2333300,4951.0,1790700,4941.0,1760000,4941.1,,,,,,
NE-HVAC-Unitary-addSRM,DEER2024,D24_E+_Com_v1,2026-07-16 22:55:44,Any,OfL,Ex,CZ04,cDXHP,Each,1,350000,None,595000,92.6,16.9,31200,6.08,0.0853,,,,,,,,,20,"",2673200,5159.2,2109400,5142.3,2078200,5142.2,,,,,,
NE-HVAC-Unitary-addSRM,DEER2024,D24_E+_Com_v1,2026-07-16 22:55:44,Any,OfL,Ex,CZ05,cDXHP,Each,1,350000,None,583000,91,5.61,30000,6.05,-0.971,,,,,,,,,20,"",2395000,4921.2,1841700,4914.6,1811600,4915.6,,,,,,
NE-HVAC-Unitary-addSRM,DEER2024,D24_E+_Com_v1,2026-07-16 22:55:44,Any,OfL,Ex,CZ06,cDXHP,Each,1,350000,None,530000,92.4,3.13,31600,6.86,0.0717,,,,,,,,,20,"",2515900,4089.0,2017300,4085.9,1985800,4085.8,,,,,,
NE-HVAC-Unitary-addSRM,DEER2024,D24_E+_Com_v1,2026-07-16 22:55:44,Any,OfL,Ex,CZ07,cDXHP,Each,1,350000,None,538000,89.8,-0.56,31800,6.08,-0.0174,,,,,,,,,20,"",2540200,4009.2,2034300,4009.8,2002600,4009.8,,,,,,
NE-HVAC-Unitary-addSRM,DEER2024,D24_E+_Com_v1,2026-07-16 22:55:44,Any,OfL,Ex,CZ08,cDXHP,Each,1,350000,None,565000,91.5,-1.68,33300,5.28,1.72,,,,,,,,,20,"",2752400,4057.9,2220900,4061.3,2187700,4059.6,,,,,,
NE-HVAC-Unitary-addSRM,DEER2024,D24_E+_Com_v1,2026-07-16 22:55:44,Any,OfL,Ex,CZ09,cDXHP,Each,1,350000,None,597000,91.5,2.81,33900,5.54,-0.955,,,,,,,,,20,"",2800800,4178.9,2237200,4175.1,2203300,4176.1,,,,,,
NE-HVAC-Unitary-addSRM,DEER2024,D24_E+_Com_v1,2026-07-16 22:55:44,Any,OfL,Ex,CZ10,cDXHP,Each,1,350000,None,559000,88.1,2.58,31900,5.03,1.48,,,,,,,,,20,"",2758400,4146.4,2231500,4145.3,2199500,4143.8,,,,,,
NE-HVAC-Unitary-addSRM,DEER2024,D24_E+_Com_v1,2026-07-16 22:55:44,Any,OfL,Ex,CZ11,cDXHP,Each,1,350000,None,603000,74.4,-9.58,32100,5.41,0.533,,,,,,,,,20,"",2846700,5030.0,2275400,5040.1,2243400,5039.5,,,,,,
NE-HVAC-Unitary-addSRM,DEER2024,D24_E+_Com_v1,2026-07-16 22:55:44,Any,OfL,Ex,CZ12,cDXHP,Each,1,350000,None,567000,88.9,14.6,30100,5.41,-0.408,,,,,,,,,20,"",2624100,5097.3,2086900,5082.3,2056800,5082.7,,,,,,
NE-HVAC-Unitary-addSRM,DEER2024,D24_E+_Com_v1,2026-07-16 22:55:44,Any,OfL,Ex,CZ13,cDXHP,Each,1,350000,None,589000,72.8,13.6,32300,4.71,-1.99,,,,,,,,,20,"",2849200,4684.8,2292900,4669.3,2260700,4671.3,,,,,,
NE-HVAC-Unitary-addSRM,DEER2024,D24_E+_Com_v1,2026-07-16 22:55:44,Any,OfL,Ex,CZ14,cDXHP,Each,1,350000,None,604000,77.5,-46.6,32900,5.39,3.56,,,,,,,,,20,"",2871500,4809.8,2300300,4859.9,2267300,4856.4,,,,,,
NE-HVAC-Unitary-addSRM,DEER2024,D24_E+_Com_v1,2026-07-16 22:55:44,Any,OfL,Ex,CZ15,cDXHP,Each,1,350000,None,587000,83,-63.3,35600,5.33,-1.06,,,,,,,,,20,"",3266900,3547.7,2715800,3609.9,2680300,3611.0,,,,,,
NE-HVAC-Unitary-addSRM,DEER2024,D24_E+_Com_v1,2026-07-16 22:55:44,Any,OfL,Ex,CZ16,cDXHP,Each,1,350000,None,675000,95.5,18.4,34900,6.06,-0.789,,,,,,,,,20,"",2643300,6447.4,2003200,6428.2,1968200,6429.0,,,,,,
NE-HVAC-Unitary-addSRM,DEER2024,D24_E+_Com_v1,2026-07-16 22:55:44,Any,OfL,Ex,CZ01,cDXOH,Each,1,350000,None,612000,80.9,0.184,26500,5.25,-0.0498,,,,,,,,,20,"",2117400,6165.7,1532100,6165.5,1505600,6165.5,,,,,,
NE-HVAC-Unitary-addSRM,DEER2024,D24_E+_Com_v1,2026-07-16 22:55:44,Any,OfL,Ex,CZ02,cDXOH,Each,1,350000,None,654000,95.2,0.22,31400,6.18,-0.0041,,,,,,,,,20,"",2475900,5512.0,1853200,5511.8,1821900,5511.8,,,,,,
NE-HVAC-Unitary-addSRM,DEER2024,D24_E+_Com_v1,2026-07-16 22:55:44,Any,OfL,Ex,CZ03,cDXOH,Each,1,350000,None,614000,92.8,0.385,31800,6.12,-0.0601,,,,,,,,,20,"",2322900,4950.2,1740700,4949.8,1708900,4949.9,,,,,,
NE-HVAC-Unitary-addSRM,DEER2024,D24_E+_Com_v1,2026-07-16 22:55:44,Any,OfL,Ex,CZ04,cDXOH,Each,1,350000,None,656000,100,0.00307,33400,6.29,0.0601,,,,,,,,,20,"",2646900,5160.7,2024500,5160.8,1991100,5160.7,,,,,,
NE-HVAC-Unitary-addSRM,DEER2024,D24_E+_Com_v1,2026-07-16 22:55:44,Any,OfL,Ex,CZ05,cDXOH,Each,1,350000,None,626000,94.1,0.168,32500,6.37,-0.056,,,,,,,,,20,"",2384800,4921.3,1791500,4921.1,1759000,4921.1,,,,,,
NE-HVAC-Unitary-addSRM,DEER2024,D24_E+_Com_v1,2026-07-16 22:55:44,Any,OfL,Ex,CZ06,cDXOH,Each,1,350000,None,553000,95.1,0.0819,32500,6.07,0.0215,,,,,,,,,20,"",2515200,4088.7,1994800,4088.6,1962200,4088.6,,,,,,
NE-HVAC-Unitary-addSRM,DEER2024,D24_E+_Com_v1,2026-07-16 22:55:44,Any,OfL,Ex,CZ07,cDXOH,Each,1,350000,None,558000,94.2,0.0481,33000,6.12,0.000683,,,,,,,,,20,"",2539500,4007.7,2014800,4007.6,1981900,4007.6,,,,,,
NE-HVAC-Unitary-addSRM,DEER2024,D24_E+_Com_v1,2026-07-16 22:55:44,Any,OfL,Ex,CZ08,cDXOH,Each,1,350000,None,596000,98.1,0.0526,34500,6.18,-0.0515,,,,,,,,,20,"",2746300,4057.9,2185200,4057.8,2150700,4057.9,,,,,,
NE-HVAC-Unitary-addSRM,DEER2024,D24_E+_Com_v1,2026-07-16 22:55:44,Any,OfL,Ex,CZ09,cDXOH,Each,1,350000,None,635000,101,0.107,35700,6.32,-0.00102,,,,,,,,,20,"",2790800,4178.8,2192000,4178.7,2156300,4178.7,,,,,,
NE-HVAC-Unitary-addSRM,DEER2024,D24_E+_Com_v1,2026-07-16 22:55:44,Any,OfL,Ex,CZ10,cDXOH,Each,1,350000,None,592000,95.4,0.0805,33600,6,0.0993,,,,,,,,,20,"",2748000,4146.0,2189400,4146.0,2155800,4145.9,,,,,,
NE-HVAC-Unitary-addSRM,DEER2024,D24_E+_Com_v1,2026-07-16 22:55:44,Any,OfL,Ex,CZ11,cDXOH,Each,1,350000,None,668000,84.9,-0.00239,34100,5.47,0.00683,,,,,,,,,20,"",2813500,5030.2,2180000,5030.3,2145900,5030.2,,,,,,
NE-HVAC-Unitary-addSRM,DEER2024,D24_E+_Com_v1,2026-07-16 22:55:44,Any,OfL,Ex,CZ12,cDXOH,Each,1,350000,None,625000,93,0.215,31800,5.86,0.0509,,,,,,,,,20,"",2600600,5101.2,2007700,5101.0,1975900,5100.9,,,,,,
NE-HVAC-Unitary-addSRM,DEER2024,D24_E+_Com_v1,2026-07-16 22:55:44,Any,OfL,Ex,CZ13,cDXOH,Each,1,350000,None,644000,81,0.311,33800,5.1,0.0348,,,,,,,,,20,"",2825500,4684.9,2215700,4684.6,2181900,4684.6,,,,,,
NE-HVAC-Unitary-addSRM,DEER2024,D24_E+_Com_v1,2026-07-16 22:55:44,Any,OfL,Ex,CZ14,cDXOH,Each,1,350000,None,666000,84.1,0.122,35400,5.3,-0.00239,,,,,,,,,20,"",2842700,4811.9,2211900,4811.8,2176500,4811.8,,,,,,
NE-HVAC-Unitary-addSRM,DEER2024,D24_E+_Com_v1,2026-07-16 22:55:44,Any,OfL,Ex,CZ15,cDXOH,Each,1,350000,None,611000,91.1,0.0212,36000,5.87,-0.00171,,,,,,,,,20,"",3245900,3548.0,2670900,3548.0,2634800,3548.0,,,,,,
NE-HVAC-Unitary-addSRM,DEER2024,D24_E+_Com_v1,2026-07-16 22:55:44,Any,OfL,Ex,CZ16,cDXOH,Each,1,350000,None,763000,98.9,0.253,36400,6.17,-0.213,,,,,,,,,20,"",2595000,6457.5,1868000,6457.0,1831700,6457.2,,,,,,
NE-HVAC-Unitary-addSRM,DEER2024,D24_E+_Com_v1,2026-07-16 22:55:44,Any,OfS,Ex,CZ01,cDXGF,Each,1,20000,None,34800,5.52,-398,1530,0.353,-26.1,,,,,,,,,20,"",102890,1401.8,69641,1773.7,68115,1799.8,,,,,,
NE-HVAC-Unitary-addSRM,DEER2024,D24_E+_Com_v1,2026-07-16 22:55:44,Any,OfS,Ex,CZ02,cDXGF,Each,1,20000,None,40900,6.51,-287,2090,0.412,-19.7,,,,,,,,,20,"",126410,1124.1,87605,1391.9,85513,1411.5,,,,,,
NE-HVAC-Unitary-addSRM,DEER2024,D24_E+_Com_v1,2026-07-16 22:55:44,Any,OfS,Ex,CZ03,cDXGF,Each,1,20000,None,38800,6.14,-194,1980,0.401,-13.6,,,,,,,,,20,"",115720,975.29,78948,1156.0,76972,1169.5,,,,,,
NE-HVAC-Unitary-addSRM,DEER2024,D24_E+_Com_v1,2026-07-16 22:55:44,Any,OfS,Ex,CZ04,cDXGF,Each,1,20000,None,42300,7,-251,2200,0.41,-17.5,,,,,,,,,20,"",138580,1003.6,98498,1237.2,96295,1254.7,,,,,,
NE-HVAC-Unitary-addSRM,DEER2024,D24_E+_Com_v1,2026-07-16 22:55:44,Any,OfS,Ex,CZ05,cDXGF,Each,1,20000,None,40100,6.43,-170,2030,0.416,-13.1,,,,,,,,,20,"",119680,930.53,81614,1087.1,79580,1100.2,,,,,,
NE-HVAC-Unitary-addSRM,DEER2024,D24_E+_Com_v1,2026-07-16 22:55:44,Any,OfS,Ex,CZ06,cDXGF,Each,1,20000,None,37600,6.52,-56.7,2080,0.408,-4.34,,,,,,,,,20,"",127260,742.59,91793,794.97,89712,799.31,,,,,,
NE-HVAC-Unitary-addSRM,DEER2024,D24_E+_Com_v1,2026-07-16 22:55:44,Any,OfS,Ex,CZ07,cDXGF,Each,1,20000,None,38300,6.23,-44.2,2110,0.395,-3.93,,,,,,,,,20,"",128530,724.67,92371,764.98,90260,768.91,,,,,,
NE-HVAC-Unitary-addSRM,DEER2024,D24_E+_Com_v1,2026-07-16 22:55:44,Any,OfS,Ex,CZ08,cDXGF,Each,1,20000,None,41300,6.95,-74.2,2310,0.409,-5.68,,,,,,,,,20,"",143440,734.24,104430,802.72,102120,808.40,,,,,,
NE-HVAC-Unitary-addSRM,DEER2024,D24_E+_Com_v1,2026-07-16 22:55:44,Any,OfS,Ex,CZ09,cDXGF,Each,1,20000,None,43900,7.1,-96.8,2420,0.42,-7.32,,,,,,,,,20,"",147420,760.73,105920,850.18,103500,857.50,,,,,,
NE-HVAC-Unitary-addSRM,DEER2024,D24_E+_Com_v1,2026-07-16 22:55:44,Any,OfS,Ex,CZ10,cDXGF,Each,1,20000,None,40600,6.81,-98.5,2200,0.397,-7.46,,,,,,,,,20,"",141920,749.40,103520,840.43,101310,847.89,,,,,,
NE-HVAC-Unitary-addSRM,DEER2024,D24_E+_Com_v1,2026-07-16 22:55:44,Any,OfS,Ex,CZ11,cDXGF,Each,1,20000,None,44700,6.23,-302,2360,0.369,-20.2,,,,,,,,,20,"",152330,1036.2,110010,1317.7,107650,1337.8,,,,,,
NE-HVAC-Unitary-addSRM,DEER2024,D24_E+_Com_v1,2026-07-16 22:55:44,Any,OfS,Ex,CZ12,cDXGF,Each,1,20000,None,40100,6.38,-276,2110,0.375,-19,,,,,,,,,20,"",135490,1059.1,97500,1316.1,95388,1335.0,,,,,,
NE-HVAC-Unitary-addSRM,DEER2024,D24_E+_Com_v1,2026-07-16 22:55:44,Any,OfS,Ex,CZ13,cDXGF,Each,1,20000,None,43500,5.98,-246,2360,0.352,-17.5,,,,,,,,,20,"",151980,953.61,110880,1182.3,108520,1199.8,,,,,,
NE-HVAC-Unitary-addSRM,DEER2024,D24_E+_Com_v1,2026-07-16 22:55:44,Any,OfS,Ex,CZ14,cDXGF,Each,1,20000,None,44400,5.98,-231,2380,0.359,-16.7,,,,,,,,,20,"",152000,937.47,110030,1151.9,107650,1168.6,,,,,,
NE-HVAC-Unitary-addSRM,DEER2024,D24_E+_Com_v1,2026-07-16 22:55:44,Any,OfS,Ex,CZ15,cDXGF,Each,1,20000,None,45800,6.6,-43.7,2580,0.38,-3.58,,,,,,,,,20,"",179470,620.22,136220,660.38,133650,663.96,,,,,,
NE-HVAC-Unitary-addSRM,DEER2024,D24_E+_Com_v1,2026-07-16 22:55:44,Any,OfS,Ex,CZ16,cDXGF,Each,1,20000,None,47300,7.59,-445,2430,0.459,-29.2,,,,,,,,,20,"",136040,1384.6,91217,1800.5,88789,1829.7,,,,,,
NE-HVAC-Unitary-addSRM,DEER2024,D24_E+_Com_v1,2026-07-16 22:55:44,Any,OfS,Ex,CZ01,cDXHP,Each,1,20000,None,33500,5.44,-0.00102,1400,0.343,-0.000683,,,,,,,,,20,"",106010,819.25,73899,819.25,72495,819.25,,,,,,
NE-HVAC-Unitary-addSRM,DEER2024,D24_E+_Com_v1,2026-07-16 22:55:44,Any,OfS,Ex,CZ02,cDXHP,Each,1,20000,None,39300,6.06,-0.00137,1990,0.427,0,,,,,,,,,20,"",128310,773.85,90992,773.85,88997,773.85,,,,,,
NE-HVAC-Unitary-addSRM,DEER2024,D24_E+_Com_v1,2026-07-16 22:55:44,Any,OfS,Ex,CZ03,cDXHP,Each,1,20000,None,37900,5.64,-0.00102,1910,0.417,0,,,,,,,,,20,"",116680,766.32,80717,766.32,78809,766.32,,,,,,
NE-HVAC-Unitary-addSRM,DEER2024,D24_E+_Com_v1,2026-07-16 22:55:44,Any,OfS,Ex,CZ04,cDXHP,Each,1,20000,None,40100,5.64,-0.00171,2100,0.323,0,,,,,,,,,20,"",140140,747.41,102190,747.41,100090,747.41,,,,,,
NE-HVAC-Unitary-addSRM,DEER2024,D24_E+_Com_v1,2026-07-16 22:55:44,Any,OfS,Ex,CZ05,cDXHP,Each,1,20000,None,39200,6.08,-0.00102,1970,0.411,0,,,,,,,,,20,"",120430,769.41,83230,769.41,81262,769.41,,,,,,
NE-HVAC-Unitary-addSRM,DEER2024,D24_E+_Com_v1,2026-07-16 22:55:44,Any,OfS,Ex,CZ06,cDXHP,Each,1,20000,None,36300,5.94,-0.00102,2050,0.377,0,,,,,,,,,20,"",126900,716.34,92644,716.34,90594,716.34,,,,,,
NE-HVAC-Unitary-addSRM,DEER2024,D24_E+_Com_v1,2026-07-16 22:55:44,Any,OfS,Ex,CZ07,cDXHP,Each,1,20000,None,37200,5.51,-0.000683,2090,0.372,0,,,,,,,,,20,"",128230,709.96,93154,709.96,91066,709.96,,,,,,
NE-HVAC-Unitary-addSRM,DEER2024,D24_E+_Com_v1,2026-07-16 22:55:44,Any,OfS,Ex,CZ08,cDXHP,Each,1,20000,None,39300,5.68,-0.00137,2260,0.392,0,,,,,,,,,20,"",143320,697.31,106250,697.31,104000,697.31,,,,,,
NE-HVAC-Unitary-addSRM,DEER2024,D24_E+_Com_v1,2026-07-16 22:55:44,Any,OfS,Ex,CZ09,cDXHP,Each,1,20000,None,41600,5.65,-0.00171,2360,0.408,0.000341,,,,,,,,,20,"",147600,701.65,108360,701.65,106010,701.65,,,,,,
NE-HVAC-Unitary-addSRM,DEER2024,D24_E+_Com_v1,2026-07-16 22:55:44,Any,OfS,Ex,CZ10,cDXHP,Each,1,20000,None,38300,5.52,-0.00102,2130,0.341,0,,,,,,,,,20,"",142100,693.97,105960,693.97,103820,693.97,,,,,,
NE-HVAC-Unitary-addSRM,DEER2024,D24_E+_Com_v1,2026-07-16 22:55:44,Any,OfS,Ex,CZ11,cDXHP,Each,1,20000,None,41600,4.67,-0.00137,2230,0.3,0,,,,,,,,,20,"",154250,709.27,114870,709.27,112640,709.27,,,,,,
NE-HVAC-Unitary-addSRM,DEER2024,D24_E+_Com_v1,2026-07-16 22:55:44,Any,OfS,Ex,CZ12,cDXHP,Each,1,20000,None,38000,5.56,-0.00137,2010,0.321,0,,,,,,,,,20,"",137200,737.75,101200,737.76,99189,737.76,,,,,,
NE-HVAC-Unitary-addSRM,DEER2024,D24_E+_Com_v1,2026-07-16 22:55:44,Any,OfS,Ex,CZ13,cDXHP,Each,1,20000,None,40600,4.53,-0.00171,2260,0.346,-0.000341,,,,,,,,,20,"",153450,696.91,115080,696.91,112830,696.91,,,,,,
NE-HVAC-Unitary-addSRM,DEER2024,D24_E+_Com_v1,2026-07-16 22:55:44,Any,OfS,Ex,CZ14,cDXHP,Each,1,20000,None,41000,4.69,-0.00137,2260,0.298,-0.000341,,,,,,,,,20,"",153450,714.06,114700,714.07,112450,714.07,,,,,,
NE-HVAC-Unitary-addSRM,DEER2024,D24_E+_Com_v1,2026-07-16 22:55:44,Any,OfS,Ex,CZ15,cDXHP,Each,1,20000,None,41500,4.17,-0.00205,2470,0.405,0,,,,,,,,,20,"",179620,603.12,140560,603.12,138090,603.12,,,,,,
NE-HVAC-Unitary-addSRM,DEER2024,D24_E+_Com_v1,2026-07-16 22:55:44,Any,OfS,Ex,CZ16,cDXHP,Each,1,20000,None,44900,6.77,-0.000683,2260,0.471,0,,,,,,,,,20,"",139790,804.09,97155,804.09,94894,804.09,,,,,,
NE-HVAC-Unitary-addSRM,DEER2024,D24_E+_Com_v1,2026-07-16 22:55:44,Any,OfS,Ex,CZ01,cDXOH,Each,1,20000,None,39900,5.44,-0.000683,1520,0.352,0,,,,,,,,,20,"",101570,819.25,63225,819.25,61707,819.25,,,,,,
NE-HVAC-Unitary-addSRM,DEER2024,D24_E+_Com_v1,2026-07-16 22:55:44,Any,OfS,Ex,CZ02,cDXOH,Each,1,20000,None,45100,6.17,-0.000683,2100,0.412,0,,,,,,,,,20,"",125600,773.85,82612,773.85,80514,773.85,,,,,,
NE-HVAC-Unitary-addSRM,DEER2024,D24_E+_Com_v1,2026-07-16 22:55:44,Any,OfS,Ex,CZ03,cDXOH,Each,1,20000,None,41800,5.93,-0.00102,2020,0.401,0,,,,,,,,,20,"",115410,766.32,75637,766.32,73618,766.32,,,,,,
NE-HVAC-Unitary-addSRM,DEER2024,D24_E+_Com_v1,2026-07-16 22:55:44,Any,OfS,Ex,CZ04,cDXOH,Each,1,20000,None,45700,6.41,-0.000683,2220,0.41,0,,,,,,,,,20,"",137580,747.41,94110,747.41,91893,747.41,,,,,,
NE-HVAC-Unitary-addSRM,DEER2024,D24_E+_Com_v1,2026-07-16 22:55:44,Any,OfS,Ex,CZ05,cDXOH,Each,1,20000,None,42900,6.28,-0.000683,2100,0.419,0,,,,,,,,,20,"",119330,769.41,78536,769.41,76434,769.41,,,,,,
NE-HVAC-Unitary-addSRM,DEER2024,D24_E+_Com_v1,2026-07-16 22:55:44,Any,OfS,Ex,CZ06,cDXOH,Each,1,20000,None,38300,6.33,-0.000683,2160,0.408,0,,,,,,,,,20,"",126830,716.34,90714,716.34,88558,716.34,,,,,,
NE-HVAC-Unitary-addSRM,DEER2024,D24_E+_Com_v1,2026-07-16 22:55:44,Any,OfS,Ex,CZ07,cDXOH,Each,1,20000,None,38800,5.98,-0.000683,2160,0.395,0,,,,,,,,,20,"",128120,709.96,91441,709.96,89282,709.96,,,,,,
NE-HVAC-Unitary-addSRM,DEER2024,D24_E+_Com_v1,2026-07-16 22:55:44,Any,OfS,Ex,CZ08,cDXOH,Each,1,20000,None,42100,6.44,-0.000341,2330,0.409,0,,,,,,,,,20,"",142720,697.31,102950,697.31,100620,697.31,,,,,,
NE-HVAC-Unitary-addSRM,DEER2024,D24_E+_Com_v1,2026-07-16 22:55:44,Any,OfS,Ex,CZ09,cDXOH,Each,1,20000,None,45100,6.59,-0.00137,2470,0.42,0.000341,,,,,,,,,20,"",146670,701.65,104040,701.65,101570,701.65,,,,,,
NE-HVAC-Unitary-addSRM,DEER2024,D24_E+_Com_v1,2026-07-16 22:55:44,Any,OfS,Ex,CZ10,cDXOH,Each,1,20000,None,41700,6.25,-0.000341,2280,0.397,0,,,,,,,,,20,"",141110,693.97,101690,693.97,99415,693.97,,,,,,
NE-HVAC-Unitary-addSRM,DEER2024,D24_E+_Com_v1,2026-07-16 22:55:44,Any,OfS,Ex,CZ11,cDXOH,Each,1,20000,None,48400,5.76,-0.000683,2340,0.369,0,,,,,,,,,20,"",150770,709.27,104680,709.27,102340,709.27,,,,,,
NE-HVAC-Unitary-addSRM,DEER2024,D24_E+_Com_v1,2026-07-16 22:55:44,Any,OfS,Ex,CZ12,cDXOH,Each,1,20000,None,43800,5.85,-0.000683,2150,0.375,0,,,,,,,,,20,"",134490,737.75,92885,737.76,90739,737.76,,,,,,
NE-HVAC-Unitary-addSRM,DEER2024,D24_E+_Com_v1,2026-07-16 22:55:44,Any,OfS,Ex,CZ13,cDXOH,Each,1,20000,None,46500,5.5,-0.000341,2360,0.352,0,,,,,,,,,20,"",150820,696.91,106710,696.91,104350,696.91,,,,,,
NE-HVAC-Unitary-addSRM,DEER2024,D24_E+_Com_v1,2026-07-16 22:55:44,Any,OfS,Ex,CZ14,cDXOH,Each,1,20000,None,47200,5.63,-0.000341,2410,0.359,0.000341,,,,,,,,,20,"",150800,714.06,105980,714.06,103570,714.06,,,,,,
NE-HVAC-Unitary-addSRM,DEER2024,D24_E+_Com_v1,2026-07-16 22:55:44,Any,OfS,Ex,CZ15,cDXOH,Each,1,20000,None,45300,5.88,-0.000683,2620,0.38,0,,,,,,,,,20,"",177960,603.12,135320,603.12,132700,603.12,,,,,,
NE-HVAC-Unitary-addSRM,DEER2024,D24_E+_Com_v1,2026-07-16 22:55:44,Any,OfS,Ex,CZ16,cDXOH,Each,1,20000,None,53500,7.28,-0.00102,2420,0.459,0,,,,,,,,,20,"",134140,804.09,83010,804.09,80591,804.09,,,,,,
NE-HVAC-Unitary-addSRM,DEER2024,D24_E+_Com_v1,2026-07-16 22:55:44,Any,RFF,Ex,CZ01,cDXGF,Each,1,4000,None,8480,0.932,-143,394,0.059,-9.08,,,,,,,,,20,"",51228,1938.0,43141,2072.0,42747,2081.1,,,,,,
NE-HVAC-Unitary-addSRM,DEER2024,D24_E+_Com_v1,2026-07-16 22:55:44,Any,RFF,Ex,CZ02,cDXGF,Each,1,4000,None,10700,1.35,-118,539,0.087,-7.73,,,,,,,,,20,"",61892,1792.9,51716,1903.5,51177,1911.2,,,,,,
NE-HVAC-Unitary-addSRM,DEER2024,D24_E+_Com_v1,2026-07-16 22:55:44,Any,RFF,Ex,CZ03,cDXGF,Each,1,4000,None,10300,1.21,-83.2,520,0.083,-5.67,,,,,,,,,20,"",57861,1672.2,48084,1749.8,47563,1755.5,,,,,,
NE-HVAC-Unitary-addSRM,DEER2024,D24_E+_Com_v1,2026-07-16 22:55:44,Any,RFF,Ex,CZ04,cDXGF,Each,1,4000,None,10700,1.21,-96.7,560,0.071,-6.3,,,,,,,,,20,"",67107,1711.1,56968,1801.5,56408,1807.8,,,,,,
NE-HVAC-Unitary-addSRM,DEER2024,D24_E+_Com_v1,2026-07-16 22:55:44,Any,RFF,Ex,CZ05,cDXGF,Each,1,4000,None,10600,1.29,-84.6,533,0.083,-5.97,,,,,,,,,20,"",59286,1663.3,49239,1741.9,48706,1747.9,,,,,,
NE-HVAC-Unitary-addSRM,DEER2024,D24_E+_Com_v1,2026-07-16 22:55:44,Any,RFF,Ex,CZ06,cDXGF,Each,1,4000,None,9810,1.29,-28.8,561,0.084,-2.11,,,,,,,,,20,"",63511,1520.2,54261,1546.9,53700,1549.0,,,,,,
NE-HVAC-Unitary-addSRM,DEER2024,D24_E+_Com_v1,2026-07-16 22:55:44,Any,RFF,Ex,CZ07,cDXGF,Each,1,4000,None,10200,1.42,-27,571,0.084,-2.03,,,,,,,,,20,"",64351,1508.2,54712,1533.1,54141,1535.1,,,,,,
NE-HVAC-Unitary-addSRM,DEER2024,D24_E+_Com_v1,2026-07-16 22:55:44,Any,RFF,Ex,CZ08,cDXGF,Each,1,4000,None,10900,1.51,-36.7,617,0.082,-2.6,,,,,,,,,20,"",69691,1510.5,59451,1544.6,58834,1547.2,,,,,,
NE-HVAC-Unitary-addSRM,DEER2024,D24_E+_Com_v1,2026-07-16 22:55:44,Any,RFF,Ex,CZ09,cDXGF,Each,1,4000,None,11500,1.34,-44.5,646,0.079,-3.08,,,,,,,,,20,"",71231,1526.6,60333,1567.9,59687,1571.0,,,,,,
NE-HVAC-Unitary-addSRM,DEER2024,D24_E+_Com_v1,2026-07-16 22:55:44,Any,RFF,Ex,CZ10,cDXGF,Each,1,4000,None,11500,1.49,-53.6,635,0.082,-3.69,,,,,,,,,20,"",72457,1529.5,61626,1579.5,60991,1583.2,,,,,,
NE-HVAC-Unitary-addSRM,DEER2024,D24_E+_Com_v1,2026-07-16 22:55:44,Any,RFF,Ex,CZ11,cDXGF,Each,1,4000,None,11500,1.3,-107,625,0.076,-6.76,,,,,,,,,20,"",73097,1693.5,62205,1793.5,61579,1800.3,,,,,,
NE-HVAC-Unitary-addSRM,DEER2024,D24_E+_Com_v1,2026-07-16 22:55:44,Any,RFF,Ex,CZ12,cDXGF,Each,1,4000,None,10400,1.15,-101,564,0.068,-6.37,,,,,,,,,20,"",66425,1721.0,56589,1815.4,56026,1821.7,,,,,,
NE-HVAC-Unitary-addSRM,DEER2024,D24_E+_Com_v1,2026-07-16 22:55:44,Any,RFF,Ex,CZ13,cDXGF,Each,1,4000,None,11300,1.17,-91.1,614,0.068,-5.73,,,,,,,,,20,"",73878,1629.6,63188,1714.9,62573,1720.6,,,,,,
NE-HVAC-Unitary-addSRM,DEER2024,D24_E+_Com_v1,2026-07-16 22:55:44,Any,RFF,Ex,CZ14,cDXGF,Each,1,4000,None,11200,1.25,-79.9,606,0.073,-5.09,,,,,,,,,20,"",72637,1629.0,62060,1703.8,61454,1708.9,,,,,,
NE-HVAC-Unitary-addSRM,DEER2024,D24_E+_Com_v1,2026-07-16 22:55:44,Any,RFF,Ex,CZ15,cDXGF,Each,1,4000,None,11900,0.884,-21.7,685,0.055,-1.57,,,,,,,,,20,"",86574,1388.1,75387,1408.2,74702,1409.7,,,,,,
NE-HVAC-Unitary-addSRM,DEER2024,D24_E+_Com_v1,2026-07-16 22:55:44,Any,RFF,Ex,CZ16,cDXGF,Each,1,4000,None,11900,1.67,-144,622,0.1,-9.14,,,,,,,,,20,"",64532,1914.7,53271,2049.4,52649,2058.5,,,,,,
NE-HVAC-Unitary-addSRM,DEER2024,D24_E+_Com_v1,2026-07-16 22:55:44,Any,RFF,Ex,CZ01,cDXHP,Each,1,4000,None,8210,0.918,-0.0918,356,0.059,-0.00239,,,,,,,,,20,"",52912,1615.0,45055,1615.1,44699,1615.1,,,,,,
NE-HVAC-Unitary-addSRM,DEER2024,D24_E+_Com_v1,2026-07-16 22:55:44,Any,RFF,Ex,CZ02,cDXHP,Each,1,4000,None,10300,1.16,-0.126,507,0.103,-0.000341,,,,,,,,,20,"",63107,1566.6,53300,1566.8,52792,1566.8,,,,,,
NE-HVAC-Unitary-addSRM,DEER2024,D24_E+_Com_v1,2026-07-16 22:55:44,Any,RFF,Ex,CZ03,cDXHP,Each,1,4000,None,10000,1.17,-0.0464,496,0.078,-0.00171,,,,,,,,,20,"",58454,1554.6,48919,1554.6,48423,1554.6,,,,,,
NE-HVAC-Unitary-addSRM,DEER2024,D24_E+_Com_v1,2026-07-16 22:55:44,Any,RFF,Ex,CZ04,cDXHP,Each,1,4000,None,10300,0.954,-0.127,535,0.093,-0.00171,,,,,,,,,20,"",68128,1535.6,58407,1535.7,57873,1535.7,,,,,,
NE-HVAC-Unitary-addSRM,DEER2024,D24_E+_Com_v1,2026-07-16 22:55:44,Any,RFF,Ex,CZ05,cDXHP,Each,1,4000,None,10300,1.24,-0.0488,507,0.08,-0.000683,,,,,,,,,20,"",59824,1558.0,50037,1558.0,49530,1558.0,,,,,,
NE-HVAC-Unitary-addSRM,DEER2024,D24_E+_Com_v1,2026-07-16 22:55:44,Any,RFF,Ex,CZ06,cDXHP,Each,1,4000,None,9440,1.18,-0.00205,553,0.089,0,,,,,,,,,20,"",63377,1498.7,54485,1498.7,53933,1498.7,,,,,,
NE-HVAC-Unitary-addSRM,DEER2024,D24_E+_Com_v1,2026-07-16 22:55:44,Any,RFF,Ex,CZ07,cDXHP,Each,1,4000,None,9870,1.09,0.00171,563,0.074,0.000341,,,,,,,,,20,"",64304,1491.6,54994,1491.6,54431,1491.6,,,,,,
NE-HVAC-Unitary-addSRM,DEER2024,D24_E+_Com_v1,2026-07-16 22:55:44,Any,RFF,Ex,CZ08,cDXHP,Each,1,4000,None,10200,1.21,-0.00171,606,0.057,0,,,,,,,,,20,"",69812,1477.6,60210,1477.6,59605,1477.6,,,,,,
NE-HVAC-Unitary-addSRM,DEER2024,D24_E+_Com_v1,2026-07-16 22:55:44,Any,RFF,Ex,CZ09,cDXHP,Each,1,4000,None,10900,1.2,-0.00751,636,0.083,0,,,,,,,,,20,"",71397,1482.4,61170,1482.4,60534,1482.4,,,,,,
NE-HVAC-Unitary-addSRM,DEER2024,D24_E+_Com_v1,2026-07-16 22:55:44,Any,RFF,Ex,CZ10,cDXHP,Each,1,4000,None,10700,1.3,-0.0215,622,0.079,-0.00444,,,,,,,,,20,"",72740,1474.2,62667,1474.2,62046,1474.2,,,,,,
NE-HVAC-Unitary-addSRM,DEER2024,D24_E+_Com_v1,2026-07-16 22:55:44,Any,RFF,Ex,CZ11,cDXHP,Each,1,4000,None,10600,0.552,-0.0833,600,0.15,-0.00102,,,,,,,,,20,"",74230,1494.0,64222,1494.1,63622,1494.1,,,,,,
NE-HVAC-Unitary-addSRM,DEER2024,D24_E+_Com_v1,2026-07-16 22:55:44,Any,RFF,Ex,CZ12,cDXHP,Each,1,4000,None,9770,0.426,-0.072,541,0.046,-0.000341,,,,,,,,,20,"",67475,1524.9,58251,1525.0,57710,1525.0,,,,,,
NE-HVAC-Unitary-addSRM,DEER2024,D24_E+_Com_v1,2026-07-16 22:55:44,Any,RFF,Ex,CZ13,cDXHP,Each,1,4000,None,10300,0.503,-0.0389,579,0.048,-0.000683,,,,,,,,,20,"",74727,1478.2,65044,1478.3,64464,1478.3,,,,,,
NE-HVAC-Unitary-addSRM,DEER2024,D24_E+_Com_v1,2026-07-16 22:55:44,Any,RFF,Ex,CZ14,cDXHP,Each,1,4000,None,10600,0.905,-0.0648,590,0.058,-0.000683,,,,,,,,,20,"",73457,1497.3,63490,1497.3,62900,1497.3,,,,,,
NE-HVAC-Unitary-addSRM,DEER2024,D24_E+_Com_v1,2026-07-16 22:55:44,Any,RFF,Ex,CZ15,cDXHP,Each,1,4000,None,10200,0.094,0.00683,634,0.007,0.000683,,,,,,,,,20,"",86656,1373.3,77088,1373.3,76455,1373.3,,,,,,
NE-HVAC-Unitary-addSRM,DEER2024,D24_E+_Com_v1,2026-07-16 22:55:44,Any,RFF,Ex,CZ16,cDXHP,Each,1,4000,None,11500,1.63,-0.113,580,0.141,0.00444,,,,,,,,,20,"",66403,1605.4,55470,1605.5,54890,1605.5,,,,,,
NE-HVAC-Unitary-addSRM,DEER2024,D24_E+_Com_v1,2026-07-16 22:55:44,Any,RFF,Ex,CZ01,cDXOH,Each,1,4000,None,10100,0.886,-1.81,375,0.058,-0.0601,,,,,,,,,20,"",50689,1617.6,40932,1619.4,40557,1619.4,,,,,,
NE-HVAC-Unitary-addSRM,DEER2024,D24_E+_Com_v1,2026-07-16 22:55:44,Any,RFF,Ex,CZ02,cDXOH,Each,1,4000,None,12100,1.18,-2.01,528,0.085,-0.0662,,,,,,,,,20,"",61361,1569.4,49768,1571.4,49239,1571.4,,,,,,
NE-HVAC-Unitary-addSRM,DEER2024,D24_E+_Com_v1,2026-07-16 22:55:44,Any,RFF,Ex,CZ03,cDXOH,Each,1,4000,None,11300,1.1,-0.593,517,0.081,-0.0229,,,,,,,,,20,"",57498,1555.1,46720,1555.7,46203,1555.7,,,,,,
NE-HVAC-Unitary-addSRM,DEER2024,D24_E+_Com_v1,2026-07-16 22:55:44,Any,RFF,Ex,CZ04,cDXOH,Each,1,4000,None,11800,1.03,-1.28,551,0.068,-0.0468,,,,,,,,,20,"",66616,1537.1,55372,1538.4,54821,1538.4,,,,,,
NE-HVAC-Unitary-addSRM,DEER2024,D24_E+_Com_v1,2026-07-16 22:55:44,Any,RFF,Ex,CZ05,cDXOH,Each,1,4000,None,11600,1.21,-0.396,532,0.082,-0.0123,,,,,,,,,20,"",58857,1558.3,47796,1558.7,47264,1558.7,,,,,,
NE-HVAC-Unitary-addSRM,DEER2024,D24_E+_Com_v1,2026-07-16 22:55:44,Any,RFF,Ex,CZ06,cDXOH,Each,1,4000,None,10100,1.2,-0.00205,567,0.083,0,,,,,,,,,20,"",63290,1498.7,53781,1498.7,53214,1498.7,,,,,,
NE-HVAC-Unitary-addSRM,DEER2024,D24_E+_Com_v1,2026-07-16 22:55:44,Any,RFF,Ex,CZ07,cDXOH,Each,1,4000,None,10500,1.18,-0.000683,574,0.084,0,,,,,,,,,20,"",64173,1491.6,54253,1491.6,53679,1491.6,,,,,,
NE-HVAC-Unitary-addSRM,DEER2024,D24_E+_Com_v1,2026-07-16 22:55:44,Any,RFF,Ex,CZ08,cDXOH,Each,1,4000,None,11200,1.3,-0.00683,621,0.082,-0.000341,,,,,,,,,20,"",69430,1477.6,58846,1477.6,58226,1477.6,,,,,,
NE-HVAC-Unitary-addSRM,DEER2024,D24_E+_Com_v1,2026-07-16 22:55:44,Any,RFF,Ex,CZ09,cDXOH,Each,1,4000,None,12000,1.23,-0.0788,660,0.079,-0.00205,,,,,,,,,20,"",70947,1482.5,59608,1482.6,58948,1482.6,,,,,,
NE-HVAC-Unitary-addSRM,DEER2024,D24_E+_Com_v1,2026-07-16 22:55:44,Any,RFF,Ex,CZ10,cDXOH,Each,1,4000,None,12000,1.29,-0.238,636,0.082,-0.00887,,,,,,,,,20,"",72101,1474.4,60732,1474.6,60095,1474.6,,,,,,
NE-HVAC-Unitary-addSRM,DEER2024,D24_E+_Com_v1,2026-07-16 22:55:44,Any,RFF,Ex,CZ11,cDXOH,Each,1,4000,None,12800,1.07,-1.9,611,0.075,-0.0642,,,,,,,,,20,"",72633,1496.8,60476,1498.6,59865,1498.7,,,,,,
NE-HVAC-Unitary-addSRM,DEER2024,D24_E+_Com_v1,2026-07-16 22:55:44,Any,RFF,Ex,CZ12,cDXOH,Each,1,4000,None,11500,0.973,-1.85,551,0.065,-0.0638,,,,,,,,,20,"",65985,1527.4,54986,1529.2,54435,1529.3,,,,,,
NE-HVAC-Unitary-addSRM,DEER2024,D24_E+_Com_v1,2026-07-16 22:55:44,Any,RFF,Ex,CZ13,cDXOH,Each,1,4000,None,12300,1,-1.28,617,0.068,-0.0474,,,,,,,,,20,"",73494,1479.7,61774,1480.9,61157,1481.0,,,,,,
NE-HVAC-Unitary-addSRM,DEER2024,D24_E+_Com_v1,2026-07-16 22:55:44,Any,RFF,Ex,CZ14,cDXOH,Each,1,4000,None,12000,1.05,-0.935,597,0.071,-0.0341,,,,,,,,,20,"",72132,1498.2,60757,1499.1,60160,1499.2,,,,,,
NE-HVAC-Unitary-addSRM,DEER2024,D24_E+_Com_v1,2026-07-16 22:55:44,Any,RFF,Ex,CZ15,cDXOH,Each,1,4000,None,11700,0.823,0.00683,690,0.055,0,,,,,,,,,20,"",86055,1373.3,75021,1373.3,74331,1373.3,,,,,,
NE-HVAC-Unitary-addSRM,DEER2024,D24_E+_Com_v1,2026-07-16 22:55:44,Any,RFF,Ex,CZ16,cDXOH,Each,1,4000,None,13500,1.54,-5.61,596,0.099,-0.189,,,,,,,,,20,"",63815,1615.2,50871,1620.7,50276,1620.8,,,,,,
NE-HVAC-Unitary-addSRM,DEER2024,D24_E+_Com_v1,2026-07-16 22:55:44,Any,RSD,Ex,CZ01,cDXGF,Each,1,11200,None,4850,0.518,-71.3,207,0.035,-4.73,,,,,,,,,20,"",109290,4939.7,104650,5006.3,104440,5011.0,,,,,,
NE-HVAC-Unitary-addSRM,DEER2024,D24_E+_Com_v1,2026-07-16 22:55:44,Any,RSD,Ex,CZ02,cDXGF,Each,1,11200,None,5420,0.652,-53.2,263,0.043,-3.28,,,,,,,,,20,"",124080,4806.3,118930,4856.2,118660,4859.5,,,,,,
NE-HVAC-Unitary-addSRM,DEER2024,D24_E+_Com_v1,2026-07-16 22:55:44,Any,RSD,Ex,CZ03,cDXGF,Each,1,11200,None,5310,0.519,-38.9,262,-0.101,-2.63,,,,,,,,,20,"",113100,4169.7,108060,4206.0,107790,4208.6,,,,,,
NE-HVAC-Unitary-addSRM,DEER2024,D24_E+_Com_v1,2026-07-16 22:55:44,Any,RSD,Ex,CZ04,cDXGF,Each,1,11200,None,5520,0.633,-45.2,278,0.035,-2.87,,,,,,,,,20,"",134960,4756.7,129720,4799.0,129450,4801.9,,,,,,
NE-HVAC-Unitary-addSRM,DEER2024,D24_E+_Com_v1,2026-07-16 22:55:44,Any,RSD,Ex,CZ05,cDXGF,Each,1,11200,None,5400,0.635,-36.3,263,0.042,-2.48,,,,,,,,,20,"",115210,4206.1,110070,4240.0,109810,4242.4,,,,,,
NE-HVAC-Unitary-addSRM,DEER2024,D24_E+_Com_v1,2026-07-16 22:55:44,Any,RSD,Ex,CZ06,cDXGF,Each,1,11200,None,4870,0.665,-10.8,283,0.044,-0.738,,,,,,,,,20,"",122920,3728.9,118340,3739.0,118050,3739.8,,,,,,
NE-HVAC-Unitary-addSRM,DEER2024,D24_E+_Com_v1,2026-07-16 22:55:44,Any,RSD,Ex,CZ07,cDXGF,Each,1,11200,None,4910,0.666,-9.6,283,0.041,-0.571,,,,,,,,,20,"",123770,3706.2,119140,3715.2,118850,3715.8,,,,,,
NE-HVAC-Unitary-addSRM,DEER2024,D24_E+_Com_v1,2026-07-16 22:55:44,Any,RSD,Ex,CZ08,cDXGF,Each,1,11200,None,5350,0.769,-15.5,303,0.041,-1.02,,,,,,,,,20,"",138690,4093.5,133640,4108.0,133340,4109.0,,,,,,
NE-HVAC-Unitary-addSRM,DEER2024,D24_E+_Com_v1,2026-07-16 22:55:44,Any,RSD,Ex,CZ09,cDXGF,Each,1,11200,None,5630,0.678,-19.5,314,0.039,-1.27,,,,,,,,,20,"",140410,4186.8,135100,4205.0,134780,4206.2,,,,,,
NE-HVAC-Unitary-addSRM,DEER2024,D24_E+_Com_v1,2026-07-16 22:55:44,Any,RSD,Ex,CZ10,cDXGF,Each,1,11200,None,5450,0.766,-21.8,301,0.041,-1.46,,,,,,,,,20,"",144260,4279.9,139110,4300.2,138810,4301.6,,,,,,
NE-HVAC-Unitary-addSRM,DEER2024,D24_E+_Com_v1,2026-07-16 22:55:44,Any,RSD,Ex,CZ11,cDXGF,Each,1,11200,None,5750,0.611,-50,298,0.035,-3.14,,,,,,,,,20,"",149100,4907.4,143650,4954.2,143350,4957.4,,,,,,
NE-HVAC-Unitary-addSRM,DEER2024,D24_E+_Com_v1,2026-07-16 22:55:44,Any,RSD,Ex,CZ12,cDXGF,Each,1,11200,None,5320,0.568,-47.7,275,0.033,-2.83,,,,,,,,,20,"",134360,4760.4,129310,4805.3,129040,4808.1,,,,,,
NE-HVAC-Unitary-addSRM,DEER2024,D24_E+_Com_v1,2026-07-16 22:55:44,Any,RSD,Ex,CZ13,cDXGF,Each,1,11200,None,5760,0.596,-43.5,301,0.034,-2.58,,,,,,,,,20,"",152270,4805.7,146810,4846.6,146510,4849.2,,,,,,
NE-HVAC-Unitary-addSRM,DEER2024,D24_E+_Com_v1,2026-07-16 22:55:44,Any,RSD,Ex,CZ14,cDXGF,Each,1,11200,None,5970,0.758,-41,312,0.041,-2.4,,,,,,,,,20,"",150390,4841.3,144740,4879.9,144420,4882.3,,,,,,
NE-HVAC-Unitary-addSRM,DEER2024,D24_E+_Com_v1,2026-07-16 22:55:44,Any,RSD,Ex,CZ15,cDXGF,Each,1,11200,None,5960,0.402,-9.76,338,0.026,-0.441,,,,,,,,,20,"",178350,4041.3,172730,4050.6,172390,4051.0,,,,,,
NE-HVAC-Unitary-addSRM,DEER2024,D24_E+_Com_v1,2026-07-16 22:55:44,Any,RSD,Ex,CZ16,cDXGF,Each,1,11200,None,6040,0.872,-76,316,0.052,-4.72,,,,,,,,,20,"",127690,5122.3,121970,5193.6,121650,5198.3,,,,,,
NE-HVAC-Unitary-addSRM,DEER2024,D24_E+_Com_v1,2026-07-16 22:55:44,Any,RSD,Ex,CZ01,cDXHP,Each,1,11200,None,4770,0.515,-7.75,189,0.034,-0.309,,,,,,,,,20,"",110080,4779.2,105500,4786.6,105310,4786.9,,,,,,
NE-HVAC-Unitary-addSRM,DEER2024,D24_E+_Com_v1,2026-07-16 22:55:44,Any,RSD,Ex,CZ02,cDXHP,Each,1,11200,None,5310,0.463,-4.59,250,0.035,-0.208,,,,,,,,,20,"",124630,4702.0,119570,4706.4,119320,4706.6,,,,,,
NE-HVAC-Unitary-addSRM,DEER2024,D24_E+_Com_v1,2026-07-16 22:55:44,Any,RSD,Ex,CZ03,cDXHP,Each,1,11200,None,5220,0.584,-4.26,255,0.042,-0.193,,,,,,,,,20,"",113370,4120.4,108400,4124.5,108150,4124.7,,,,,,
NE-HVAC-Unitary-addSRM,DEER2024,D24_E+_Com_v1,2026-07-16 22:55:44,Any,RSD,Ex,CZ04,cDXHP,Each,1,11200,None,5380,0.463,-2.66,271,0.046,-0.309,,,,,,,,,20,"",135400,4675.2,130290,4677.6,130020,4677.9,,,,,,
NE-HVAC-Unitary-addSRM,DEER2024,D24_E+_Com_v1,2026-07-16 22:55:44,Any,RSD,Ex,CZ05,cDXHP,Each,1,11200,None,5330,0.618,-3.57,253,0.042,-0.0925,,,,,,,,,20,"",115460,4161.3,110380,4164.8,110120,4164.9,,,,,,
NE-HVAC-Unitary-addSRM,DEER2024,D24_E+_Com_v1,2026-07-16 22:55:44,Any,RSD,Ex,CZ06,cDXHP,Each,1,11200,None,4790,0.622,-1.03,290,0.044,0.357,,,,,,,,,20,"",122910,3721.8,118400,3723.2,118110,3722.8,,,,,,
NE-HVAC-Unitary-addSRM,DEER2024,D24_E+_Com_v1,2026-07-16 22:55:44,Any,RSD,Ex,CZ07,cDXHP,Each,1,11200,None,4880,0.258,-0.704,286,0.035,0.2,,,,,,,,,20,"",123840,3701.7,119250,3702.6,118960,3702.4,,,,,,
NE-HVAC-Unitary-addSRM,DEER2024,D24_E+_Com_v1,2026-07-16 22:55:44,Any,RSD,Ex,CZ08,cDXHP,Each,1,11200,None,5250,0.628,-0.503,306,0.041,0.149,,,,,,,,,20,"",138780,4080.5,133840,4081.1,133530,4081.0,,,,,,
NE-HVAC-Unitary-addSRM,DEER2024,D24_E+_Com_v1,2026-07-16 22:55:44,Any,RSD,Ex,CZ09,cDXHP,Each,1,11200,None,5520,0.585,-2.04,310,0.054,-0.238,,,,,,,,,20,"",140520,4168.1,135310,4169.9,135000,4170.1,,,,,,
NE-HVAC-Unitary-addSRM,DEER2024,D24_E+_Com_v1,2026-07-16 22:55:44,Any,RSD,Ex,CZ10,cDXHP,Each,1,11200,None,5340,0.669,0.25,300,0.041,-0.084,,,,,,,,,20,"",144390,4258.2,139360,4257.9,139060,4258.0,,,,,,
NE-HVAC-Unitary-addSRM,DEER2024,D24_E+_Com_v1,2026-07-16 22:55:44,Any,RSD,Ex,CZ11,cDXHP,Each,1,11200,None,5470,0.158,-0.396,290,0.085,-0.0648,,,,,,,,,20,"",149630,4811.2,144450,4811.6,144160,4811.6,,,,,,
NE-HVAC-Unitary-addSRM,DEER2024,D24_E+_Com_v1,2026-07-16 22:55:44,Any,RSD,Ex,CZ12,cDXHP,Each,1,11200,None,5160,0.121,-0.856,265,0.021,-0.0778,,,,,,,,,20,"",134850,4665.8,129960,4666.6,129690,4666.7,,,,,,
NE-HVAC-Unitary-addSRM,DEER2024,D24_E+_Com_v1,2026-07-16 22:55:44,Any,RSD,Ex,CZ13,cDXHP,Each,1,11200,None,5500,0.11,-0.872,296,0.02,-0.182,,,,,,,,,20,"",152690,4730.0,147480,4730.7,147190,4730.9,,,,,,
NE-HVAC-Unitary-addSRM,DEER2024,D24_E+_Com_v1,2026-07-16 22:55:44,Any,RSD,Ex,CZ14,cDXHP,Each,1,11200,None,5890,0.599,-1.18,315,0.08,0.0334,,,,,,,,,20,"",150800,4769.1,145230,4770.3,144910,4770.3,,,,,,
NE-HVAC-Unitary-addSRM,DEER2024,D24_E+_Com_v1,2026-07-16 22:55:44,Any,RSD,Ex,CZ15,cDXHP,Each,1,11200,None,5420,0.002,-0.834,332,0,0.149,,,,,,,,,20,"",178390,4033.7,173310,4034.7,172970,4034.6,,,,,,
NE-HVAC-Unitary-addSRM,DEER2024,D24_E+_Com_v1,2026-07-16 22:55:44,Any,RSD,Ex,CZ16,cDXHP,Each,1,11200,None,5940,0.793,-6.86,298,0.049,-0.218,,,,,,,,,20,"",128600,4962.2,122960,4968.9,122660,4969.1,,,,,,
NE-HVAC-Unitary-addSRM,DEER2024,D24_E+_Com_v1,2026-07-16 22:55:44,Any,RSD,Ex,CZ01,cDXOH,Each,1,11200,None,5540,0.497,-12,201,0.034,-0.433,,,,,,,,,20,"",108990,4794.5,103650,4806.1,103450,4806.6,,,,,,
NE-HVAC-Unitary-addSRM,DEER2024,D24_E+_Com_v1,2026-07-16 22:55:44,Any,RSD,Ex,CZ02,cDXOH,Each,1,11200,None,6010,0.565,-9.01,263,0.043,-0.282,,,,,,,,,20,"",123910,4713.2,118160,4722.0,117900,4722.2,,,,,,
NE-HVAC-Unitary-addSRM,DEER2024,D24_E+_Com_v1,2026-07-16 22:55:44,Any,RSD,Ex,CZ03,cDXOH,Each,1,11200,None,5690,0.762,-6.6,261,0.159,0.0041,,,,,,,,,20,"",112990,4125.7,107560,4132.3,107300,4132.3,,,,,,
NE-HVAC-Unitary-addSRM,DEER2024,D24_E+_Com_v1,2026-07-16 22:55:44,Any,RSD,Ex,CZ04,cDXOH,Each,1,11200,None,6000,0.542,-7.79,279,0.036,-0.317,,,,,,,,,20,"",134810,4686.3,129090,4693.8,128810,4694.1,,,,,,
NE-HVAC-Unitary-addSRM,DEER2024,D24_E+_Com_v1,2026-07-16 22:55:44,Any,RSD,Ex,CZ05,cDXOH,Each,1,11200,None,5770,0.599,-6.24,265,0.042,-0.201,,,,,,,,,20,"",115090,4165.3,109590,4171.3,109330,4171.5,,,,,,
NE-HVAC-Unitary-addSRM,DEER2024,D24_E+_Com_v1,2026-07-16 22:55:44,Any,RSD,Ex,CZ06,cDXOH,Each,1,11200,None,4930,0.61,-2.08,288,0.044,-0.0672,,,,,,,,,20,"",122860,3723.0,118220,3725.0,117930,3725.0,,,,,,
NE-HVAC-Unitary-addSRM,DEER2024,D24_E+_Com_v1,2026-07-16 22:55:44,Any,RSD,Ex,CZ07,cDXOH,Each,1,11200,None,4990,0.489,-1.85,292,0.041,0.0174,,,,,,,,,20,"",123740,3702.9,119040,3704.8,118750,3704.8,,,,,,
NE-HVAC-Unitary-addSRM,DEER2024,D24_E+_Com_v1,2026-07-16 22:55:44,Any,RSD,Ex,CZ08,cDXOH,Each,1,11200,None,5460,0.646,-2.48,307,0.041,-0.0662,,,,,,,,,20,"",138600,4084.0,133440,4086.4,133140,4086.5,,,,,,
NE-HVAC-Unitary-addSRM,DEER2024,D24_E+_Com_v1,2026-07-16 22:55:44,Any,RSD,Ex,CZ09,cDXOH,Each,1,11200,None,5790,0.605,-3.5,317,0.039,-0.0631,,,,,,,,,20,"",140330,4173.2,134860,4176.7,134540,4176.7,,,,,,
NE-HVAC-Unitary-addSRM,DEER2024,D24_E+_Com_v1,2026-07-16 22:55:44,Any,RSD,Ex,CZ10,cDXOH,Each,1,11200,None,5620,0.646,-4.35,304,0.041,-0.137,,,,,,,,,20,"",144150,4265.0,138840,4269.2,138530,4269.4,,,,,,
NE-HVAC-Unitary-addSRM,DEER2024,D24_E+_Com_v1,2026-07-16 22:55:44,Any,RSD,Ex,CZ11,cDXOH,Each,1,11200,None,6270,0.515,-9.02,299,0.035,-0.306,,,,,,,,,20,"",148910,4823.7,142930,4832.5,142630,4832.8,,,,,,
NE-HVAC-Unitary-addSRM,DEER2024,D24_E+_Com_v1,2026-07-16 22:55:44,Any,RSD,Ex,CZ12,cDXOH,Each,1,11200,None,5840,0.493,-8.82,275,0.033,-0.374,,,,,,,,,20,"",134210,4677.0,128650,4685.4,128370,4685.8,,,,,,
NE-HVAC-Unitary-addSRM,DEER2024,D24_E+_Com_v1,2026-07-16 22:55:44,Any,RSD,Ex,CZ13,cDXOH,Each,1,11200,None,6160,0.514,-8.67,303,0.034,-0.271,,,,,,,,,20,"",152090,4743.5,146230,4751.9,145930,4752.2,,,,,,
NE-HVAC-Unitary-addSRM,DEER2024,D24_E+_Com_v1,2026-07-16 22:55:44,Any,RSD,Ex,CZ14,cDXOH,Each,1,11200,None,6320,0.617,-7.83,312,0.041,-0.281,,,,,,,,,20,"",150180,4780.5,144170,4788.1,143860,4788.3,,,,,,
NE-HVAC-Unitary-addSRM,DEER2024,D24_E+_Com_v1,2026-07-16 22:55:44,Any,RSD,Ex,CZ15,cDXOH,Each,1,11200,None,5840,0.407,-1.44,342,0.026,-0.0352,,,,,,,,,20,"",178110,4041.1,172620,4042.5,172270,4042.6,,,,,,
NE-HVAC-Unitary-addSRM,DEER2024,D24_E+_Com_v1,2026-07-16 22:55:44,Any,RSD,Ex,CZ16,cDXOH,Each,1,11200,None,6990,0.781,-15.8,315,0.052,-0.543,,,,,,,,,20,"",127560,4980.2,120880,4995.5,120570,4996.1,,,,,,
NE-HVAC-Unitary-addSRM,DEER2024,D24_E+_Com_v1,2026-07-16 22:55:44,Any,Rt3,Ex,CZ01,cDXGF,Each,1,240000,None,379000,55.8,-3210,15500,3.62,-194,,,,,,,,,20,"",1721200,10251,1357600,13269,1342100,13463,,,,,,
NE-HVAC-Unitary-addSRM,DEER2024,D24_E+_Com_v1,2026-07-16 22:55:44,Any,Rt3,Ex,CZ02,cDXGF,Each,1,240000,None,404000,68.6,-2650,19600,4.32,-167,,,,,,,,,20,"",1944200,9511.0,1559900,11997,1540300,12163,,,,,,
NE-HVAC-Unitary-addSRM,DEER2024,D24_E+_Com_v1,2026-07-16 22:55:44,Any,Rt3,Ex,CZ03,cDXGF,Each,1,240000,None,373000,64,-1700,18300,4.19,-108,,,,,,,,,20,"",1814100,7885.9,1459400,9479.9,1441100,9588.1,,,,,,
NE-HVAC-Unitary-addSRM,DEER2024,D24_E+_Com_v1,2026-07-16 22:55:44,Any,Rt3,Ex,CZ04,cDXGF,Each,1,240000,None,421000,71.5,-2300,20900,4.15,-144,,,,,,,,,20,"",2077300,8707.6,1676800,10864,1655900,11008,,,,,,
NE-HVAC-Unitary-addSRM,DEER2024,D24_E+_Com_v1,2026-07-16 22:55:44,Any,Rt3,Ex,CZ05,cDXGF,Each,1,240000,None,380000,64.7,-1570,19500,4.14,-106,,,,,,,,,20,"",1855100,7778.0,1494800,9241.3,1475400,9347.2,,,,,,
NE-HVAC-Unitary-addSRM,DEER2024,D24_E+_Com_v1,2026-07-16 22:55:44,Any,Rt3,Ex,CZ06,cDXGF,Each,1,240000,None,370000,68.8,-517,21500,4.36,-39.6,,,,,,,,,20,"",1949800,5957.4,1600900,6434.8,1579500,6474.4,,,,,,
NE-HVAC-Unitary-addSRM,DEER2024,D24_E+_Com_v1,2026-07-16 22:55:44,Any,Rt3,Ex,CZ07,cDXGF,Each,1,240000,None,384000,72.4,-458,21700,4.52,-35.8,,,,,,,,,20,"",1986800,5830.3,1624400,6252.6,1602700,6288.5,,,,,,
NE-HVAC-Unitary-addSRM,DEER2024,D24_E+_Com_v1,2026-07-16 22:55:44,Any,Rt3,Ex,CZ08,cDXGF,Each,1,240000,None,400000,72.8,-596,22700,4.21,-44.2,,,,,,,,,20,"",2116000,5853.2,1739000,6405.0,1716300,6449.2,,,,,,
NE-HVAC-Unitary-addSRM,DEER2024,D24_E+_Com_v1,2026-07-16 22:55:44,Any,Rt3,Ex,CZ09,cDXGF,Each,1,240000,None,419000,69.1,-853,22700,4,-59.1,,,,,,,,,20,"",2135400,6129.3,1738900,6922.9,1716200,6982.0,,,,,,
NE-HVAC-Unitary-addSRM,DEER2024,D24_E+_Com_v1,2026-07-16 22:55:44,Any,Rt3,Ex,CZ10,cDXGF,Each,1,240000,None,436000,70.7,-1020,23600,4.13,-74.5,,,,,,,,,20,"",2215700,6293.3,1803200,7237.0,1779600,7311.6,,,,,,
NE-HVAC-Unitary-addSRM,DEER2024,D24_E+_Com_v1,2026-07-16 22:55:44,Any,Rt3,Ex,CZ11,cDXGF,Each,1,240000,None,421000,60.3,-2420,21400,3.57,-151,,,,,,,,,20,"",2180200,8392.4,1780900,10662,1759500,10813,,,,,,
NE-HVAC-Unitary-addSRM,DEER2024,D24_E+_Com_v1,2026-07-16 22:55:44,Any,Rt3,Ex,CZ12,cDXGF,Each,1,240000,None,408000,63.3,-2420,20600,3.72,-152,,,,,,,,,20,"",2051100,8603.5,1663300,10873,1642700,11025,,,,,,
NE-HVAC-Unitary-addSRM,DEER2024,D24_E+_Com_v1,2026-07-16 22:55:44,Any,Rt3,Ex,CZ13,cDXGF,Each,1,240000,None,421000,55.4,-2180,21400,3.25,-137,,,,,,,,,20,"",2197500,7489.1,1798300,9531.0,1776900,9667.8,,,,,,
NE-HVAC-Unitary-addSRM,DEER2024,D24_E+_Com_v1,2026-07-16 22:55:44,Any,Rt3,Ex,CZ14,cDXGF,Each,1,240000,None,428000,67,-1880,22200,3.85,-120,,,,,,,,,20,"",2188200,7610.6,1781900,9370.1,1759700,9490.6,,,,,,
NE-HVAC-Unitary-addSRM,DEER2024,D24_E+_Com_v1,2026-07-16 22:55:44,Any,Rt3,Ex,CZ15,cDXGF,Each,1,240000,None,414000,44.9,-347,23400,2.72,-23.4,,,,,,,,,20,"",2491000,4699.0,2100700,5022.3,2077200,5045.7,,,,,,
NE-HVAC-Unitary-addSRM,DEER2024,D24_E+_Com_v1,2026-07-16 22:55:44,Any,Rt3,Ex,CZ16,cDXGF,Each,1,240000,None,471000,73.6,-4020,22300,4.48,-247,,,,,,,,,20,"",2000000,10880,1551600,14650,1529300,14898,,,,,,
NE-HVAC-Unitary-addSRM,DEER2024,D24_E+_Com_v1,2026-07-16 22:55:44,Any,Rt3,Ex,CZ01,cDXHP,Each,1,240000,None,369000,56.1,-25.9,14700,3.62,-0.764,,,,,,,,,20,"",1741100,6677.0,1386700,6702.1,1372000,6702.8,,,,,,
NE-HVAC-Unitary-addSRM,DEER2024,D24_E+_Com_v1,2026-07-16 22:55:44,Any,Rt3,Ex,CZ02,cDXHP,Each,1,240000,None,393000,66.3,-13.5,18900,4.26,-0.413,,,,,,,,,20,"",1963900,6234.8,1589600,6247.9,1570700,6248.3,,,,,,
NE-HVAC-Unitary-addSRM,DEER2024,D24_E+_Com_v1,2026-07-16 22:55:44,Any,Rt3,Ex,CZ03,cDXHP,Each,1,240000,None,367000,61.4,-10.5,17800,4.25,-0.255,,,,,,,,,20,"",1824100,6088.3,1474700,6098.6,1456900,6098.9,,,,,,
NE-HVAC-Unitary-addSRM,DEER2024,D24_E+_Com_v1,2026-07-16 22:55:44,Any,Rt3,Ex,CZ04,cDXHP,Each,1,240000,None,413000,70.6,-9.85,20500,3.86,-0.329,,,,,,,,,20,"",2095400,5949.5,1703300,5959.0,1682800,5959.4,,,,,,
NE-HVAC-Unitary-addSRM,DEER2024,D24_E+_Com_v1,2026-07-16 22:55:44,Any,Rt3,Ex,CZ05,cDXHP,Each,1,240000,None,375000,63.9,-6.92,18900,4.25,-0.27,,,,,,,,,20,"",1865600,6103.0,1509600,6109.6,1490700,6109.9,,,,,,
NE-HVAC-Unitary-addSRM,DEER2024,D24_E+_Com_v1,2026-07-16 22:55:44,Any,Rt3,Ex,CZ06,cDXHP,Each,1,240000,None,364000,69.4,-1.65,21300,4.37,-0.0628,,,,,,,,,20,"",1944200,5542.1,1601800,5543.7,1580500,5543.8,,,,,,
NE-HVAC-Unitary-addSRM,DEER2024,D24_E+_Com_v1,2026-07-16 22:55:44,Any,Rt3,Ex,CZ07,cDXHP,Each,1,240000,None,378000,66.3,-1.19,21600,4.51,-0.0553,,,,,,,,,20,"",1981500,5479.7,1625200,5480.9,1603600,5480.9,,,,,,
NE-HVAC-Unitary-addSRM,DEER2024,D24_E+_Com_v1,2026-07-16 22:55:44,Any,Rt3,Ex,CZ08,cDXHP,Each,1,240000,None,387000,67.7,-1.87,22700,4.03,-0.0816,,,,,,,,,20,"",2108700,5371.6,1744000,5373.4,1721300,5373.5,,,,,,
NE-HVAC-Unitary-addSRM,DEER2024,D24_E+_Com_v1,2026-07-16 22:55:44,Any,Rt3,Ex,CZ09,cDXHP,Each,1,240000,None,407000,64.2,-2.71,22500,3.94,-0.0956,,,,,,,,,20,"",2132900,5420.2,1748000,5422.8,1725500,5422.9,,,,,,
NE-HVAC-Unitary-addSRM,DEER2024,D24_E+_Com_v1,2026-07-16 22:55:44,Any,Rt3,Ex,CZ10,cDXHP,Each,1,240000,None,423000,67.8,-3,23300,4.24,-0.107,,,,,,,,,20,"",2213500,5358.2,1813700,5361.1,1790400,5361.2,,,,,,
NE-HVAC-Unitary-addSRM,DEER2024,D24_E+_Com_v1,2026-07-16 22:55:44,Any,Rt3,Ex,CZ11,cDXHP,Each,1,240000,None,412000,60.4,-11.9,21000,3.41,-0.276,,,,,,,,,20,"",2195700,5604.4,1805000,5616.0,1784000,5616.3,,,,,,
NE-HVAC-Unitary-addSRM,DEER2024,D24_E+_Com_v1,2026-07-16 22:55:44,Any,Rt3,Ex,CZ12,cDXHP,Each,1,240000,None,396000,70.5,-13.7,20000,3.66,-0.468,,,,,,,,,20,"",2065200,5864.9,1689600,5878.1,1669600,5878.6,,,,,,
NE-HVAC-Unitary-addSRM,DEER2024,D24_E+_Com_v1,2026-07-16 22:55:44,Any,Rt3,Ex,CZ13,cDXHP,Each,1,240000,None,410000,68.3,-12.3,21000,3.45,-0.332,,,,,,,,,20,"",2207700,5446.4,1818500,5458.4,1797500,5458.8,,,,,,
NE-HVAC-Unitary-addSRM,DEER2024,D24_E+_Com_v1,2026-07-16 22:55:44,Any,Rt3,Ex,CZ14,cDXHP,Each,1,240000,None,417000,62.6,-8.19,21600,3.73,-0.302,,,,,,,,,20,"",2200200,5592.9,1804800,5600.8,1783200,5601.1,,,,,,
NE-HVAC-Unitary-addSRM,DEER2024,D24_E+_Com_v1,2026-07-16 22:55:44,Any,Rt3,Ex,CZ15,cDXHP,Each,1,240000,None,404000,41.2,-1.08,24100,2.81,0.0109,,,,,,,,,20,"",2492500,4487.7,2112100,4488.8,2088100,4488.7,,,,,,
NE-HVAC-Unitary-addSRM,DEER2024,D24_E+_Com_v1,2026-07-16 22:55:44,Any,Rt3,Ex,CZ16,cDXHP,Each,1,240000,None,456000,73.8,-21.6,21100,4.93,-0.508,,,,,,,,,20,"",2030700,6556.6,1595700,6577.6,1574600,6578.1,,,,,,
NE-HVAC-Unitary-addSRM,DEER2024,D24_E+_Com_v1,2026-07-16 22:55:44,Any,Rt3,Ex,CZ01,cDXOH,Each,1,240000,None,402000,53.7,-60.8,15600,3.46,-2.53,,,,,,,,,20,"",1710500,6659.9,1323900,6718.1,1308300,6720.7,,,,,,
NE-HVAC-Unitary-addSRM,DEER2024,D24_E+_Com_v1,2026-07-16 22:55:44,Any,Rt3,Ex,CZ02,cDXOH,Each,1,240000,None,430000,62.2,-40.2,19500,4.24,-1.6,,,,,,,,,20,"",1931400,6248.7,1521200,6287.4,1501700,6289.0,,,,,,
NE-HVAC-Unitary-addSRM,DEER2024,D24_E+_Com_v1,2026-07-16 22:55:44,Any,Rt3,Ex,CZ03,cDXOH,Each,1,240000,None,388000,60.2,-24.2,18400,4.12,-1,,,,,,,,,20,"",1804500,6094.8,1434800,6118.0,1416300,6119.0,,,,,,
NE-HVAC-Unitary-addSRM,DEER2024,D24_E+_Com_v1,2026-07-16 22:55:44,Any,Rt3,Ex,CZ04,cDXOH,Each,1,240000,None,444000,63,-28.9,21100,4.12,-1.27,,,,,,,,,20,"",2065100,5960.8,1642100,5988.3,1621000,5989.6,,,,,,
NE-HVAC-Unitary-addSRM,DEER2024,D24_E+_Com_v1,2026-07-16 22:55:44,Any,Rt3,Ex,CZ05,cDXOH,Each,1,240000,None,395000,62.1,-14.2,19400,4.04,-0.931,,,,,,,,,20,"",1843700,6103.9,1468200,6117.2,1448700,6118.1,,,,,,
NE-HVAC-Unitary-addSRM,DEER2024,D24_E+_Com_v1,2026-07-16 22:55:44,Any,Rt3,Ex,CZ06,cDXOH,Each,1,240000,None,376000,67.6,-2.75,21700,4.36,-0.132,,,,,,,,,20,"",1945800,5542.5,1591100,5545.1,1569400,5545.2,,,,,,
NE-HVAC-Unitary-addSRM,DEER2024,D24_E+_Com_v1,2026-07-16 22:55:44,Any,Rt3,Ex,CZ07,cDXOH,Each,1,240000,None,389000,67.3,-1.76,21800,4.52,-0.116,,,,,,,,,20,"",1982800,5479.9,1615500,5481.6,1593600,5481.7,,,,,,
NE-HVAC-Unitary-addSRM,DEER2024,D24_E+_Com_v1,2026-07-16 22:55:44,Any,Rt3,Ex,CZ08,cDXOH,Each,1,240000,None,401000,65.3,-3.3,22800,4.21,-0.168,,,,,,,,,20,"",2105600,5372.1,1727600,5375.2,1704900,5375.4,,,,,,
NE-HVAC-Unitary-addSRM,DEER2024,D24_E+_Com_v1,2026-07-16 22:55:44,Any,Rt3,Ex,CZ09,cDXOH,Each,1,240000,None,424000,62.3,-5.51,23000,4,-0.251,,,,,,,,,20,"",2125300,5421.5,1724400,5426.7,1701400,5427.0,,,,,,
NE-HVAC-Unitary-addSRM,DEER2024,D24_E+_Com_v1,2026-07-16 22:55:44,Any,Rt3,Ex,CZ10,cDXOH,Each,1,240000,None,442000,63.6,-6.11,23800,4.13,-0.308,,,,,,,,,20,"",2202500,5359.8,1784700,5365.6,1760900,5365.9,,,,,,
NE-HVAC-Unitary-addSRM,DEER2024,D24_E+_Com_v1,2026-07-16 22:55:44,Any,Rt3,Ex,CZ11,cDXOH,Each,1,240000,None,440000,51.5,-41.6,21400,3.57,-1.66,,,,,,,,,20,"",2165500,5626.5,1747100,5666.5,1725800,5668.2,,,,,,
NE-HVAC-Unitary-addSRM,DEER2024,D24_E+_Com_v1,2026-07-16 22:55:44,Any,Rt3,Ex,CZ12,cDXOH,Each,1,240000,None,430000,56.3,-44.1,20700,3.72,-1.72,,,,,,,,,20,"",2040800,5884.4,1631600,5926.7,1610900,5928.5,,,,,,
NE-HVAC-Unitary-addSRM,DEER2024,D24_E+_Com_v1,2026-07-16 22:55:44,Any,Rt3,Ex,CZ13,cDXOH,Each,1,240000,None,434000,48.6,-40.1,21700,3.25,-1.61,,,,,,,,,20,"",2183300,5459.5,1770500,5498.0,1748800,5499.6,,,,,,
NE-HVAC-Unitary-addSRM,DEER2024,D24_E+_Com_v1,2026-07-16 22:55:44,Any,Rt3,Ex,CZ14,cDXOH,Each,1,240000,None,441000,58.7,-28.5,22200,3.85,-1.18,,,,,,,,,20,"",2173500,5604.4,1755000,5631.7,1732700,5632.9,,,,,,
NE-HVAC-Unitary-addSRM,DEER2024,D24_E+_Com_v1,2026-07-16 22:55:44,Any,Rt3,Ex,CZ15,cDXOH,Each,1,240000,None,400000,40.8,-2.8,23500,2.72,-0.106,,,,,,,,,20,"",2470900,4488.2,2094300,4490.9,2070800,4491.0,,,,,,
NE-HVAC-Unitary-addSRM,DEER2024,D24_E+_Com_v1,2026-07-16 22:55:44,Any,Rt3,Ex,CZ16,cDXOH,Each,1,240000,None,512000,72,-80.4,22300,4.46,-3.32,,,,,,,,,20,"",1991800,6570.1,1502200,6647.2,1479800,6650.5,,,,,,
NE-HVAC-Unitary-addSRM,DEER2024,D24_E+_Com_v1,2026-07-16 22:55:44,Any,RtL,Ex,CZ01,cDXGF,Each,1,131000,None,379000,58,-3740,15800,3.77,-219,,,,,,,,,20,"",1755600,9933.8,1392800,13450,1377000,13669,,,,,,
NE-HVAC-Unitary-addSRM,DEER2024,D24_E+_Com_v1,2026-07-16 22:55:44,Any,RtL,Ex,CZ02,cDXGF,Each,1,131000,None,384000,61.9,-2580,18800,3.93,-153,,,,,,,,,20,"",1946500,8759.4,1581100,11189,1562300,11341,,,,,,
NE-HVAC-Unitary-addSRM,DEER2024,D24_E+_Com_v1,2026-07-16 22:55:44,Any,RtL,Ex,CZ03,cDXGF,Each,1,131000,None,359000,62.5,-1700,17900,4.1,-104,,,,,,,,,20,"",1831800,7162.0,1490300,8755.6,1472300,8859.8,,,,,,
NE-HVAC-Unitary-addSRM,DEER2024,D24_E+_Com_v1,2026-07-16 22:55:44,Any,RtL,Ex,CZ04,cDXGF,Each,1,131000,None,395000,63.2,-2210,19700,3.68,-131,,,,,,,,,20,"",2073100,8022.3,1697400,10097,1677700,10228,,,,,,
NE-HVAC-Unitary-addSRM,DEER2024,D24_E+_Com_v1,2026-07-16 22:55:44,Any,RtL,Ex,CZ05,cDXGF,Each,1,131000,None,363000,62.2,-1490,18700,3.87,-100,,,,,,,,,20,"",1863300,7039.8,1518900,8432.7,1500200,8532.7,,,,,,
NE-HVAC-Unitary-addSRM,DEER2024,D24_E+_Com_v1,2026-07-16 22:55:44,Any,RtL,Ex,CZ06,cDXGF,Each,1,131000,None,365000,67.8,-440,21300,4.25,-30.9,,,,,,,,,20,"",1974600,5684.3,1631000,6092.9,1609700,6123.8,,,,,,
NE-HVAC-Unitary-addSRM,DEER2024,D24_E+_Com_v1,2026-07-16 22:55:44,Any,RtL,Ex,CZ07,cDXGF,Each,1,131000,None,370000,70.7,-370,21000,4.44,-27.3,,,,,,,,,20,"",1998300,5586.6,1649300,5929.3,1628300,5956.7,,,,,,
NE-HVAC-Unitary-addSRM,DEER2024,D24_E+_Com_v1,2026-07-16 22:55:44,Any,RtL,Ex,CZ08,cDXGF,Each,1,131000,None,375000,65.2,-621,21100,3.77,-41,,,,,,,,,20,"",2116200,5678.7,1762500,6259.1,1741400,6300.2,,,,,,
NE-HVAC-Unitary-addSRM,DEER2024,D24_E+_Com_v1,2026-07-16 22:55:44,Any,RtL,Ex,CZ09,cDXGF,Each,1,131000,None,392000,61.4,-834,21500,3.64,-54.6,,,,,,,,,20,"",2131500,5919.3,1761000,6698.8,1739500,6753.4,,,,,,
NE-HVAC-Unitary-addSRM,DEER2024,D24_E+_Com_v1,2026-07-16 22:55:44,Any,RtL,Ex,CZ10,cDXGF,Each,1,131000,None,387000,58.9,-806,21200,3.45,-54.3,,,,,,,,,20,"",2162100,5819.3,1796800,6571.1,1775500,6625.4,,,,,,
NE-HVAC-Unitary-addSRM,DEER2024,D24_E+_Com_v1,2026-07-16 22:55:44,Any,RtL,Ex,CZ11,cDXGF,Each,1,131000,None,394000,47.4,-2380,19800,2.87,-136,,,,,,,,,20,"",2176400,7993.6,1802000,10232,1782200,10369,,,,,,
NE-HVAC-Unitary-addSRM,DEER2024,D24_E+_Com_v1,2026-07-16 22:55:44,Any,RtL,Ex,CZ12,cDXGF,Each,1,131000,None,389000,55.2,-2390,19300,3.29,-139,,,,,,,,,20,"",2060100,8201.9,1690500,10452,1671100,10591,,,,,,
NE-HVAC-Unitary-addSRM,DEER2024,D24_E+_Com_v1,2026-07-16 22:55:44,Any,RtL,Ex,CZ13,cDXGF,Each,1,131000,None,398000,43,-2200,20600,2.58,-126,,,,,,,,,20,"",2204700,7327.9,1827100,9400.4,1806500,9526.1,,,,,,
NE-HVAC-Unitary-addSRM,DEER2024,D24_E+_Com_v1,2026-07-16 22:55:44,Any,RtL,Ex,CZ14,cDXGF,Each,1,131000,None,428000,65.7,-2050,22200,3.79,-126,,,,,,,,,20,"",2230000,7544.8,1824700,9468.7,1802500,9594.4,,,,,,
NE-HVAC-Unitary-addSRM,DEER2024,D24_E+_Com_v1,2026-07-16 22:55:44,Any,RtL,Ex,CZ15,cDXGF,Each,1,131000,None,381000,32.3,-400,21600,2.11,-28.1,,,,,,,,,20,"",2496500,4907.0,2136600,5278.8,2115000,5306.9,,,,,,
NE-HVAC-Unitary-addSRM,DEER2024,D24_E+_Com_v1,2026-07-16 22:55:44,Any,RtL,Ex,CZ16,cDXGF,Each,1,131000,None,470000,72.8,-4360,22500,4.45,-253,,,,,,,,,20,"",2037800,10495,1590000,14607,1567400,14860,,,,,,
NE-HVAC-Unitary-addSRM,DEER2024,D24_E+_Com_v1,2026-07-16 22:55:44,Any,RtL,Ex,CZ01,cDXHP,Each,1,131000,None,366000,57.5,-0.222,14800,3.79,-0.0058,,,,,,,,,20,"",1776600,6144.1,1425100,6144.4,1410300,6144.4,,,,,,
NE-HVAC-Unitary-addSRM,DEER2024,D24_E+_Com_v1,2026-07-16 22:55:44,Any,RtL,Ex,CZ02,cDXHP,Each,1,131000,None,374000,64,-0.0867,18200,4.02,-0.00239,,,,,,,,,20,"",1961700,5837.9,1606100,5838.0,1587900,5838.0,,,,,,
NE-HVAC-Unitary-addSRM,DEER2024,D24_E+_Com_v1,2026-07-16 22:55:44,Any,RtL,Ex,CZ03,cDXHP,Each,1,131000,None,353000,60,-0.0058,17400,4.11,0.000341,,,,,,,,,20,"",1838800,5787.1,1502900,5787.1,1485600,5787.1,,,,,,
NE-HVAC-Unitary-addSRM,DEER2024,D24_E+_Com_v1,2026-07-16 22:55:44,Any,RtL,Ex,CZ04,cDXHP,Each,1,131000,None,394000,75.5,-0.0512,19400,5.6,-0.000683,,,,,,,,,20,"",2089000,5659.6,1714100,5659.7,1694600,5659.7,,,,,,
NE-HVAC-Unitary-addSRM,DEER2024,D24_E+_Com_v1,2026-07-16 22:55:44,Any,RtL,Ex,CZ05,cDXHP,Each,1,131000,None,359000,60.3,-0.00649,18200,3.92,-0.000341,,,,,,,,,20,"",1870600,5807.8,1530300,5807.8,1512100,5807.8,,,,,,
NE-HVAC-Unitary-addSRM,DEER2024,D24_E+_Com_v1,2026-07-16 22:55:44,Any,RtL,Ex,CZ06,cDXHP,Each,1,131000,None,356000,66.9,-0.00478,21200,4.21,-0.000683,,,,,,,,,20,"",1965700,5450.1,1630900,5450.1,1609700,5450.1,,,,,,
NE-HVAC-Unitary-addSRM,DEER2024,D24_E+_Com_v1,2026-07-16 22:55:44,Any,RtL,Ex,CZ07,cDXHP,Each,1,131000,None,363000,65,-0.00444,21000,4.31,0,,,,,,,,,20,"",1990800,5407.1,1649000,5407.2,1628000,5407.2,,,,,,
NE-HVAC-Unitary-addSRM,DEER2024,D24_E+_Com_v1,2026-07-16 22:55:44,Any,RtL,Ex,CZ08,cDXHP,Each,1,131000,None,366000,64,-0.00785,21000,3.53,0,,,,,,,,,20,"",2104000,5321.8,1758600,5321.9,1737600,5321.9,,,,,,
NE-HVAC-Unitary-addSRM,DEER2024,D24_E+_Com_v1,2026-07-16 22:55:44,Any,RtL,Ex,CZ09,cDXHP,Each,1,131000,None,385000,64.3,-0.00785,22000,3.39,-0.000341,,,,,,,,,20,"",2125000,5351.1,1762100,5351.1,1740100,5351.1,,,,,,
NE-HVAC-Unitary-addSRM,DEER2024,D24_E+_Com_v1,2026-07-16 22:55:44,Any,RtL,Ex,CZ10,cDXHP,Each,1,131000,None,386000,68,-0.0106,20900,3.53,0,,,,,,,,,20,"",2155900,5299.3,1791000,5299.4,1770200,5299.4,,,,,,
NE-HVAC-Unitary-addSRM,DEER2024,D24_E+_Com_v1,2026-07-16 22:55:44,Any,RtL,Ex,CZ11,cDXHP,Each,1,131000,None,403000,61.8,-0.0997,20300,3.1,-0.00273,,,,,,,,,20,"",2192000,5402.8,1809400,5402.9,1789100,5402.9,,,,,,
NE-HVAC-Unitary-addSRM,DEER2024,D24_E+_Com_v1,2026-07-16 22:55:44,Any,RtL,Ex,CZ12,cDXHP,Each,1,131000,None,384000,82.1,-0.014,19200,3.97,0,,,,,,,,,20,"",2071700,5594.6,1707100,5594.6,1687900,5594.6,,,,,,
NE-HVAC-Unitary-addSRM,DEER2024,D24_E+_Com_v1,2026-07-16 22:55:44,Any,RtL,Ex,CZ13,cDXHP,Each,1,131000,None,406000,71.8,-0.0137,20100,2.95,0,,,,,,,,,20,"",2215700,5319.3,1829400,5319.3,1809200,5319.3,,,,,,
NE-HVAC-Unitary-addSRM,DEER2024,D24_E+_Com_v1,2026-07-16 22:55:44,Any,RtL,Ex,CZ14,cDXHP,Each,1,131000,None,428000,72.9,-0.0843,22400,3.73,-0.00102,,,,,,,,,20,"",2243900,5435.2,1838600,5435.3,1816200,5435.3,,,,,,
NE-HVAC-Unitary-addSRM,DEER2024,D24_E+_Com_v1,2026-07-16 22:55:44,Any,RtL,Ex,CZ15,cDXHP,Each,1,131000,None,373000,33.9,-0.0167,21900,1.22,-0.0058,,,,,,,,,20,"",2501400,4687.1,2150100,4687.1,2128200,4687.1,,,,,,
NE-HVAC-Unitary-addSRM,DEER2024,D24_E+_Com_v1,2026-07-16 22:55:44,Any,RtL,Ex,CZ16,cDXHP,Each,1,131000,None,454000,71.8,-0.42,21300,4.5,-0.00922,,,,,,,,,20,"",2069200,6043.6,1636500,6044.0,1615200,6044.0,,,,,,
NE-HVAC-Unitary-addSRM,DEER2024,D24_E+_Com_v1,2026-07-16 22:55:44,Any,RtL,Ex,CZ01,cDXOH,Each,1,131000,None,397000,54.1,-3.46,15600,3.52,-0.161,,,,,,,,,20,"",1730800,6145.3,1349400,6148.6,1333800,6148.7,,,,,,
NE-HVAC-Unitary-addSRM,DEER2024,D24_E+_Com_v1,2026-07-16 22:55:44,Any,RtL,Ex,CZ02,cDXOH,Each,1,131000,None,398000,54.7,-2.84,18300,3.8,-0.112,,,,,,,,,20,"",1924900,5839.0,1545200,5841.7,1526800,5841.8,,,,,,
NE-HVAC-Unitary-addSRM,DEER2024,D24_E+_Com_v1,2026-07-16 22:55:44,Any,RtL,Ex,CZ03,cDXOH,Each,1,131000,None,364000,57.1,-0.151,17700,3.93,-0.0154,,,,,,,,,20,"",1813200,5787.1,1467200,5787.2,1449500,5787.2,,,,,,
NE-HVAC-Unitary-addSRM,DEER2024,D24_E+_Com_v1,2026-07-16 22:55:44,Any,RtL,Ex,CZ04,cDXOH,Each,1,131000,None,407000,54.8,-1.15,19500,3.57,-0.059,,,,,,,,,20,"",2052800,5659.8,1665100,5660.9,1645600,5661.0,,,,,,
NE-HVAC-Unitary-addSRM,DEER2024,D24_E+_Com_v1,2026-07-16 22:55:44,Any,RtL,Ex,CZ05,cDXOH,Each,1,131000,None,367000,58.1,-0.0792,18200,3.76,-0.0119,,,,,,,,,20,"",1844100,5807.8,1494900,5807.9,1476700,5807.9,,,,,,
NE-HVAC-Unitary-addSRM,DEER2024,D24_E+_Com_v1,2026-07-16 22:55:44,Any,RtL,Ex,CZ06,cDXOH,Each,1,131000,None,361000,65.8,-0.00341,21500,4.21,0,,,,,,,,,20,"",1963100,5450.1,1623600,5450.1,1602100,5450.1,,,,,,
NE-HVAC-Unitary-addSRM,DEER2024,D24_E+_Com_v1,2026-07-16 22:55:44,Any,RtL,Ex,CZ07,cDXOH,Each,1,131000,None,366000,65.1,-0.00341,21300,4.39,-0.000341,,,,,,,,,20,"",1986900,5407.1,1642300,5407.2,1621000,5407.2,,,,,,
NE-HVAC-Unitary-addSRM,DEER2024,D24_E+_Com_v1,2026-07-16 22:55:44,Any,RtL,Ex,CZ08,cDXOH,Each,1,131000,None,370000,57.4,-0.00341,21100,3.72,-0.000341,,,,,,,,,20,"",2100500,5321.8,1752000,5321.8,1730900,5321.8,,,,,,
NE-HVAC-Unitary-addSRM,DEER2024,D24_E+_Com_v1,2026-07-16 22:55:44,Any,RtL,Ex,CZ09,cDXOH,Each,1,131000,None,389000,54.6,-0.00341,21300,3.59,0,,,,,,,,,20,"",2116200,5351.1,1748100,5351.1,1726800,5351.1,,,,,,
NE-HVAC-Unitary-addSRM,DEER2024,D24_E+_Com_v1,2026-07-16 22:55:44,Any,RtL,Ex,CZ10,cDXOH,Each,1,131000,None,383000,52.1,-0.00307,20900,3.4,0,,,,,,,,,20,"",2145700,5299.3,1783900,5299.3,1763000,5299.3,,,,,,
NE-HVAC-Unitary-addSRM,DEER2024,D24_E+_Com_v1,2026-07-16 22:55:44,Any,RtL,Ex,CZ11,cDXOH,Each,1,131000,None,409000,40.2,-3.91,19900,2.81,-0.145,,,,,,,,,20,"",2160700,5405.6,1771600,5409.4,1751700,5409.6,,,,,,
NE-HVAC-Unitary-addSRM,DEER2024,D24_E+_Com_v1,2026-07-16 22:55:44,Any,RtL,Ex,CZ12,cDXOH,Each,1,131000,None,402000,48.3,-2.75,19300,3.18,-0.241,,,,,,,,,20,"",2043300,5595.2,1660700,5597.7,1641400,5598.0,,,,,,
NE-HVAC-Unitary-addSRM,DEER2024,D24_E+_Com_v1,2026-07-16 22:55:44,Any,RtL,Ex,CZ13,cDXOH,Each,1,131000,None,407000,37.8,-1.34,20200,2.53,-0.151,,,,,,,,,20,"",2187800,5319.4,1801400,5320.5,1781100,5320.7,,,,,,
NE-HVAC-Unitary-addSRM,DEER2024,D24_E+_Com_v1,2026-07-16 22:55:44,Any,RtL,Ex,CZ14,cDXOH,Each,1,131000,None,432000,55.1,-2.81,21800,3.62,-0.121,,,,,,,,,20,"",2205100,5436.7,1795000,5439.4,1773100,5439.5,,,,,,
NE-HVAC-Unitary-addSRM,DEER2024,D24_E+_Com_v1,2026-07-16 22:55:44,Any,RtL,Ex,CZ15,cDXOH,Each,1,131000,None,370000,31.2,-0.0362,21700,2.11,-0.00341,,,,,,,,,20,"",2478900,4687.1,2130400,4687.1,2108700,4687.1,,,,,,
NE-HVAC-Unitary-addSRM,DEER2024,D24_E+_Com_v1,2026-07-16 22:55:44,Any,RtL,Ex,CZ16,cDXOH,Each,1,131000,None,506000,69.7,-13.7,21700,4.31,-0.731,,,,,,,,,20,"",2015100,6050.4,1530600,6063.3,1508900,6064.1,,,,,,
NE-HVAC-Unitary-addSRM,DEER2024,D24_E+_Com_v1,2026-07-16 22:55:44,Any,RtS,Ex,CZ01,cDXGF,Each,1,16000,None,20900,3.5,-338,914,0.222,-20.4,,,,,,,,,20,"",98488,1350.1,78511,1667.9,77597,1688.3,,,,,,
NE-HVAC-Unitary-addSRM,DEER2024,D24_E+_Com_v1,2026-07-16 22:55:44,Any,RtS,Ex,CZ02,cDXGF,Each,1,16000,None,26200,4.73,-261,1290,0.289,-16.3,,,,,,,,,20,"",117270,1115.2,92331,1360.4,91041,1376.7,,,,,,
NE-HVAC-Unitary-addSRM,DEER2024,D24_E+_Com_v1,2026-07-16 22:55:44,Any,RtS,Ex,CZ03,cDXGF,Each,1,16000,None,24100,4.09,-186,1200,0.27,-11.7,,,,,,,,,20,"",107820,867.35,84886,1041.8,83688,1053.5,,,,,,
NE-HVAC-Unitary-addSRM,DEER2024,D24_E+_Com_v1,2026-07-16 22:55:44,Any,RtS,Ex,CZ04,cDXGF,Each,1,16000,None,28000,5.12,-217,1410,0.289,-13.5,,,,,,,,,20,"",127470,970.67,100890,1173.7,99477,1187.2,,,,,,
NE-HVAC-Unitary-addSRM,DEER2024,D24_E+_Com_v1,2026-07-16 22:55:44,Any,RtS,Ex,CZ05,cDXGF,Each,1,16000,None,24800,4.39,-177,1250,0.27,-11.7,,,,,,,,,20,"",110540,816.02,86987,981.06,85740,992.76,,,,,,
NE-HVAC-Unitary-addSRM,DEER2024,D24_E+_Com_v1,2026-07-16 22:55:44,Any,RtS,Ex,CZ06,cDXGF,Each,1,16000,None,23400,4.37,-67.5,1330,0.274,-4.66,,,,,,,,,20,"",116360,590.80,94282,653.61,92956,658.27,,,,,,
NE-HVAC-Unitary-addSRM,DEER2024,D24_E+_Com_v1,2026-07-16 22:55:44,Any,RtS,Ex,CZ07,cDXGF,Each,1,16000,None,24500,4.14,-63.9,1360,0.262,-4.48,,,,,,,,,20,"",118010,576.49,94915,635.93,93555,640.41,,,,,,
NE-HVAC-Unitary-addSRM,DEER2024,D24_E+_Com_v1,2026-07-16 22:55:44,Any,RtS,Ex,CZ08,cDXGF,Each,1,16000,None,26100,4.95,-75,1460,0.278,-4.99,,,,,,,,,20,"",128930,596.27,104260,666.29,102800,671.28,,,,,,
NE-HVAC-Unitary-addSRM,DEER2024,D24_E+_Com_v1,2026-07-16 22:55:44,Any,RtS,Ex,CZ09,cDXGF,Each,1,16000,None,27700,4.63,-95.5,1530,0.269,-6.35,,,,,,,,,20,"",131420,636.15,105280,725.34,103760,731.69,,,,,,
NE-HVAC-Unitary-addSRM,DEER2024,D24_E+_Com_v1,2026-07-16 22:55:44,Any,RtS,Ex,CZ10,cDXGF,Each,1,16000,None,28900,5.2,-115,1610,0.292,-7.56,,,,,,,,,20,"",136280,660.48,108940,767.45,107330,775.01,,,,,,
NE-HVAC-Unitary-addSRM,DEER2024,D24_E+_Com_v1,2026-07-16 22:55:44,Any,RtS,Ex,CZ11,cDXGF,Each,1,16000,None,28600,4.62,-235,1500,0.268,-14.6,,,,,,,,,20,"",137090,1021.2,109970,1241.8,108480,1256.4,,,,,,
NE-HVAC-Unitary-addSRM,DEER2024,D24_E+_Com_v1,2026-07-16 22:55:44,Any,RtS,Ex,CZ12,cDXGF,Each,1,16000,None,26200,4.37,-228,1370,0.25,-14.1,,,,,,,,,20,"",125260,1038.4,100390,1252.7,99019,1266.7,,,,,,
NE-HVAC-Unitary-addSRM,DEER2024,D24_E+_Com_v1,2026-07-16 22:55:44,Any,RtS,Ex,CZ13,cDXGF,Each,1,16000,None,28200,4.24,-207,1490,0.239,-12.7,,,,,,,,,20,"",137990,923.62,111310,1118.1,109820,1130.8,,,,,,
NE-HVAC-Unitary-addSRM,DEER2024,D24_E+_Com_v1,2026-07-16 22:55:44,Any,RtS,Ex,CZ14,cDXGF,Each,1,16000,None,28200,4.62,-175,1470,0.263,-10.8,,,,,,,,,20,"",135990,834.90,109220,998.58,107750,1009.4,,,,,,
NE-HVAC-Unitary-addSRM,DEER2024,D24_E+_Com_v1,2026-07-16 22:55:44,Any,RtS,Ex,CZ15,cDXGF,Each,1,16000,None,31000,4,-42.1,1750,0.221,-2.87,,,,,,,,,20,"",164270,491.08,135060,530.36,133300,533.23,,,,,,
NE-HVAC-Unitary-addSRM,DEER2024,D24_E+_Com_v1,2026-07-16 22:55:44,Any,RtS,Ex,CZ16,cDXGF,Each,1,16000,None,28900,5.25,-359,1470,0.302,-22.4,,,,,,,,,20,"",119850,1367.5,92403,1704.5,90929,1726.9,,,,,,
NE-HVAC-Unitary-addSRM,DEER2024,D24_E+_Com_v1,2026-07-16 22:55:44,Any,RtS,Ex,CZ01,cDXHP,Each,1,16000,None,20200,3.47,-0.000683,823,0.22,0,,,,,,,,,20,"",102620,569.30,83228,569.30,82404,569.30,,,,,,
NE-HVAC-Unitary-addSRM,DEER2024,D24_E+_Com_v1,2026-07-16 22:55:44,Any,RtS,Ex,CZ02,cDXHP,Each,1,16000,None,25400,4.09,-0.000683,1230,0.267,0,,,,,,,,,20,"",120480,545.01,96295,545.01,95070,545.01,,,,,,
NE-HVAC-Unitary-addSRM,DEER2024,D24_E+_Com_v1,2026-07-16 22:55:44,Any,RtS,Ex,CZ03,cDXHP,Each,1,16000,None,23600,3.97,-0.000683,1140,0.246,0,,,,,,,,,20,"",109540,540.98,87076,540.98,85932,540.98,,,,,,
NE-HVAC-Unitary-addSRM,DEER2024,D24_E+_Com_v1,2026-07-16 22:55:44,Any,RtS,Ex,CZ04,cDXHP,Each,1,16000,None,26700,3.9,-0.000683,1340,0.285,0,,,,,,,,,20,"",130020,530.85,104660,530.85,103320,530.85,,,,,,
NE-HVAC-Unitary-addSRM,DEER2024,D24_E+_Com_v1,2026-07-16 22:55:44,Any,RtS,Ex,CZ05,cDXHP,Each,1,16000,None,24300,4.28,0.00307,1200,0.272,0.000341,,,,,,,,,20,"",112060,542.64,88970,542.63,87768,542.63,,,,,,
NE-HVAC-Unitary-addSRM,DEER2024,D24_E+_Com_v1,2026-07-16 22:55:44,Any,RtS,Ex,CZ06,cDXHP,Each,1,16000,None,22500,4.28,-0.000341,1310,0.315,0,,,,,,,,,20,"",116060,514.22,94847,514.22,93533,514.22,,,,,,
NE-HVAC-Unitary-addSRM,DEER2024,D24_E+_Com_v1,2026-07-16 22:55:44,Any,RtS,Ex,CZ07,cDXHP,Each,1,16000,None,23700,3.22,-0.000683,1340,0.263,-0.000683,,,,,,,,,20,"",117960,510.81,95571,510.81,94226,510.81,,,,,,
NE-HVAC-Unitary-addSRM,DEER2024,D24_E+_Com_v1,2026-07-16 22:55:44,Any,RtS,Ex,CZ08,cDXHP,Each,1,16000,None,25100,3.78,-0.00102,1470,0.342,0,,,,,,,,,20,"",129560,504.03,105920,504.04,104450,504.04,,,,,,
NE-HVAC-Unitary-addSRM,DEER2024,D24_E+_Com_v1,2026-07-16 22:55:44,Any,RtS,Ex,CZ09,cDXHP,Each,1,16000,None,26600,3.39,-0.000683,1510,0.172,0,,,,,,,,,20,"",132130,506.35,107080,506.35,105570,506.35,,,,,,
NE-HVAC-Unitary-addSRM,DEER2024,D24_E+_Com_v1,2026-07-16 22:55:44,Any,RtS,Ex,CZ10,cDXHP,Each,1,16000,None,27200,3.73,-0.00102,1580,0.189,0,,,,,,,,,20,"",137170,502.24,111590,502.24,110010,502.24,,,,,,
NE-HVAC-Unitary-addSRM,DEER2024,D24_E+_Com_v1,2026-07-16 22:55:44,Any,RtS,Ex,CZ11,cDXHP,Each,1,16000,None,26000,1.86,-0.00102,1410,0.107,0,,,,,,,,,20,"",139940,510.42,115340,510.42,113930,510.42,,,,,,
NE-HVAC-Unitary-addSRM,DEER2024,D24_E+_Com_v1,2026-07-16 22:55:44,Any,RtS,Ex,CZ12,cDXHP,Each,1,16000,None,24900,2.9,-0.000683,1310,0.219,0,,,,,,,,,20,"",128040,525.67,104400,525.67,103090,525.67,,,,,,
NE-HVAC-Unitary-addSRM,DEER2024,D24_E+_Com_v1,2026-07-16 22:55:44,Any,RtS,Ex,CZ13,cDXHP,Each,1,16000,None,25300,1.93,0.00375,1390,0.171,0.000341,,,,,,,,,20,"",140350,503.80,116430,503.80,115040,503.80,,,,,,
NE-HVAC-Unitary-addSRM,DEER2024,D24_E+_Com_v1,2026-07-16 22:55:44,Any,RtS,Ex,CZ14,cDXHP,Each,1,16000,None,25800,2.92,-0.00102,1410,0.22,0,,,,,,,,,20,"",137920,512.98,113550,512.99,112140,512.99,,,,,,
NE-HVAC-Unitary-addSRM,DEER2024,D24_E+_Com_v1,2026-07-16 22:55:44,Any,RtS,Ex,CZ15,cDXHP,Each,1,16000,None,27200,1.59,-0.00137,1690,0.045,0,,,,,,,,,20,"",164530,453.59,139010,453.59,137320,453.59,,,,,,
NE-HVAC-Unitary-addSRM,DEER2024,D24_E+_Com_v1,2026-07-16 22:55:44,Any,RtS,Ex,CZ16,cDXHP,Each,1,16000,None,27800,4.85,-0.000683,1340,0.295,0,,,,,,,,,20,"",124750,561.18,98340,561.18,96996,561.18,,,,,,
NE-HVAC-Unitary-addSRM,DEER2024,D24_E+_Com_v1,2026-07-16 22:55:44,Any,RtS,Ex,CZ01,cDXOH,Each,1,16000,None,22500,3.03,0,800,0.204,0,,,,,,,,,20,"",95466,569.30,73774,569.30,72974,569.30,,,,,,
NE-HVAC-Unitary-addSRM,DEER2024,D24_E+_Com_v1,2026-07-16 22:55:44,Any,RtS,Ex,CZ02,cDXOH,Each,1,16000,None,27900,3.99,-0.000683,1230,0.27,0,,,,,,,,,20,"",114570,545.01,87859,545.01,86632,545.01,,,,,,
NE-HVAC-Unitary-addSRM,DEER2024,D24_E+_Com_v1,2026-07-16 22:55:44,Any,RtS,Ex,CZ03,cDXOH,Each,1,16000,None,24600,3.58,-0.000683,1120,0.25,0,,,,,,,,,20,"",105390,540.98,81908,540.98,80791,540.98,,,,,,
NE-HVAC-Unitary-addSRM,DEER2024,D24_E+_Com_v1,2026-07-16 22:55:44,Any,RtS,Ex,CZ04,cDXOH,Each,1,16000,None,29300,4.11,-0.000683,1350,0.266,0,,,,,,,,,20,"",125100,530.85,97157,530.85,95811,530.85,,,,,,
NE-HVAC-Unitary-addSRM,DEER2024,D24_E+_Com_v1,2026-07-16 22:55:44,Any,RtS,Ex,CZ05,cDXOH,Each,1,16000,None,25200,3.86,-0.00239,1190,0.25,-0.000683,,,,,,,,,20,"",107890,542.63,83855,542.63,82668,542.63,,,,,,
NE-HVAC-Unitary-addSRM,DEER2024,D24_E+_Com_v1,2026-07-16 22:55:44,Any,RtS,Ex,CZ06,cDXOH,Each,1,16000,None,23300,4.07,-0.000341,1330,0.267,0,,,,,,,,,20,"",115060,514.22,93097,514.22,91763,514.22,,,,,,
NE-HVAC-Unitary-addSRM,DEER2024,D24_E+_Com_v1,2026-07-16 22:55:44,Any,RtS,Ex,CZ07,cDXOH,Each,1,16000,None,24400,3.65,0.000341,1330,0.257,0,,,,,,,,,20,"",116840,510.81,93732,510.81,92400,510.81,,,,,,
NE-HVAC-Unitary-addSRM,DEER2024,D24_E+_Com_v1,2026-07-16 22:55:44,Any,RtS,Ex,CZ08,cDXOH,Each,1,16000,None,26400,4.26,-0.000683,1460,0.271,0,,,,,,,,,20,"",127820,504.03,102890,504.04,101430,504.04,,,,,,
NE-HVAC-Unitary-addSRM,DEER2024,D24_E+_Com_v1,2026-07-16 22:55:44,Any,RtS,Ex,CZ09,cDXOH,Each,1,16000,None,28200,4.13,-0.000341,1510,0.262,0,,,,,,,,,20,"",130320,506.35,103620,506.35,102110,506.35,,,,,,
NE-HVAC-Unitary-addSRM,DEER2024,D24_E+_Com_v1,2026-07-16 22:55:44,Any,RtS,Ex,CZ10,cDXOH,Each,1,16000,None,29600,4.48,-0.000683,1600,0.285,-0.000341,,,,,,,,,20,"",134860,502.24,106880,502.24,105270,502.24,,,,,,
NE-HVAC-Unitary-addSRM,DEER2024,D24_E+_Com_v1,2026-07-16 22:55:44,Any,RtS,Ex,CZ11,cDXOH,Each,1,16000,None,30600,3.82,-0.000683,1460,0.261,0,,,,,,,,,20,"",135490,510.41,106320,510.41,104860,510.41,,,,,,
NE-HVAC-Unitary-addSRM,DEER2024,D24_E+_Com_v1,2026-07-16 22:55:44,Any,RtS,Ex,CZ12,cDXOH,Each,1,16000,None,28000,3.61,-0.000683,1320,0.233,0,,,,,,,,,20,"",123520,525.67,96802,525.67,95484,525.67,,,,,,
NE-HVAC-Unitary-addSRM,DEER2024,D24_E+_Com_v1,2026-07-16 22:55:44,Any,RtS,Ex,CZ13,cDXOH,Each,1,16000,None,30000,3.64,0.00614,1480,0.237,0,,,,,,,,,20,"",136830,503.80,108290,503.80,106800,503.80,,,,,,
NE-HVAC-Unitary-addSRM,DEER2024,D24_E+_Com_v1,2026-07-16 22:55:44,Any,RtS,Ex,CZ14,cDXOH,Each,1,16000,None,28800,3.78,-0.000341,1440,0.246,0,,,,,,,,,20,"",133710,512.98,106380,512.99,104940,512.99,,,,,,
NE-HVAC-Unitary-addSRM,DEER2024,D24_E+_Com_v1,2026-07-16 22:55:44,Any,RtS,Ex,CZ15,cDXOH,Each,1,16000,None,30200,3.44,-0.000341,1740,0.221,0,,,,,,,,,20,"",162760,453.59,134350,453.59,132610,453.59,,,,,,
NE-HVAC-Unitary-addSRM,DEER2024,D24_E+_Com_v1,2026-07-16 22:55:44,Any,RtS,Ex,CZ16,cDXOH,Each,1,16000,None,31200,4.66,-0.00683,1360,0.288,0.000341,,,,,,,,,20,"",116440,561.18,86607,561.18,85249,561.18,,,,,,
NE-HVAC-Unitary-addSRM,DEER2024,D24_E+_Com_v1,2026-07-16 22:55:44,Any,SCn,Ex,CZ01,cDXGF,Each,1,500000,None,1.02e+06,232,-30300,46700,8.11,-1760,,,,,,,,,20,"",2868000,56285,1892700,84805,1846000,86562,,,,,,
NE-HVAC-Unitary-addSRM,DEER2024,D24_E+_Com_v1,2026-07-16 22:55:44,Any,SCn,Ex,CZ02,cDXGF,Each,1,500000,None,1.18e+06,203,-18300,54100,12.2,-1120,,,,,,,,,20,"",3150400,36334,2025400,53549,1971400,54665,,,,,,
NE-HVAC-Unitary-addSRM,DEER2024,D24_E+_Com_v1,2026-07-16 22:55:44,Any,SCn,Ex,CZ03,cDXGF,Each,1,500000,None,1.04e+06,174,-15600,44900,9.99,-925,,,,,,,,,20,"",2759900,28292,1765000,43009,1720200,43934,,,,,,
NE-HVAC-Unitary-addSRM,DEER2024,D24_E+_Com_v1,2026-07-16 22:55:44,Any,SCn,Ex,CZ04,cDXGF,Each,1,500000,None,1.23e+06,224,-15800,58700,12.8,-913,,,,,,,,,20,"",3436100,29638,2263300,44516,2204500,45429,,,,,,
NE-HVAC-Unitary-addSRM,DEER2024,D24_E+_Com_v1,2026-07-16 22:55:44,Any,SCn,Ex,CZ05,cDXGF,Each,1,500000,None,1.13e+06,207,-16600,48600,11,-996,,,,,,,,,20,"",2865000,22904,1784900,38546,1736300,39542,,,,,,
NE-HVAC-Unitary-addSRM,DEER2024,D24_E+_Com_v1,2026-07-16 22:55:44,Any,SCn,Ex,CZ06,cDXGF,Each,1,500000,None,929000,145,-7660,42900,8.96,-449,,,,,,,,,20,"",2717900,10077,1832100,17286,1789200,17736,,,,,,
NE-HVAC-Unitary-addSRM,DEER2024,D24_E+_Com_v1,2026-07-16 22:55:44,Any,SCn,Ex,CZ07,cDXGF,Each,1,500000,None,975000,151,-7400,45600,9.71,-428,,,,,,,,,20,"",2818200,8954.7,1888300,15924,1842700,16352,,,,,,
NE-HVAC-Unitary-addSRM,DEER2024,D24_E+_Com_v1,2026-07-16 22:55:44,Any,SCn,Ex,CZ08,cDXGF,Each,1,500000,None,1.02e+06,171,-7300,51000,9.81,-421,,,,,,,,,20,"",3147800,10986,2183300,17862,2132200,18283,,,,,,
NE-HVAC-Unitary-addSRM,DEER2024,D24_E+_Com_v1,2026-07-16 22:55:44,Any,SCn,Ex,CZ09,cDXGF,Each,1,500000,None,1.05e+06,158,-8030,51900,9.35,-473,,,,,,,,,20,"",3209800,13790,2209600,21349,2157700,21821,,,,,,
NE-HVAC-Unitary-addSRM,DEER2024,D24_E+_Com_v1,2026-07-16 22:55:44,Any,SCn,Ex,CZ10,cDXGF,Each,1,500000,None,1.03e+06,154,-8110,51500,8.97,-470,,,,,,,,,20,"",3254300,13715,2279300,21359,2227800,21829,,,,,,
NE-HVAC-Unitary-addSRM,DEER2024,D24_E+_Com_v1,2026-07-16 22:55:44,Any,SCn,Ex,CZ11,cDXGF,Each,1,500000,None,1.07e+06,121,-14100,54700,7.24,-820,,,,,,,,,20,"",3509500,35613,2499000,48933,2444300,49753,,,,,,
NE-HVAC-Unitary-addSRM,DEER2024,D24_E+_Com_v1,2026-07-16 22:55:44,Any,SCn,Ex,CZ12,cDXGF,Each,1,500000,None,1.13e+06,205,-14900,55900,11.7,-881,,,,,,,,,20,"",3332300,35129,2258600,49182,2202700,50064,,,,,,
NE-HVAC-Unitary-addSRM,DEER2024,D24_E+_Com_v1,2026-07-16 22:55:44,Any,SCn,Ex,CZ13,cDXGF,Each,1,500000,None,1.06e+06,110,-12300,56000,6.49,-728,,,,,,,,,20,"",3564000,31248,2556400,42832,2500300,43560,,,,,,
NE-HVAC-Unitary-addSRM,DEER2024,D24_E+_Com_v1,2026-07-16 22:55:44,Any,SCn,Ex,CZ14,cDXGF,Each,1,500000,None,1.22e+06,145,-14000,62100,8.44,-813,,,,,,,,,20,"",3706300,28439,2546200,41665,2484100,42479,,,,,,
NE-HVAC-Unitary-addSRM,DEER2024,D24_E+_Com_v1,2026-07-16 22:55:44,Any,SCn,Ex,CZ15,cDXGF,Each,1,500000,None,1.24e+06,168,-5100,65600,9.78,-317,,,,,,,,,20,"",4397900,6159.6,3219400,10939,3153800,11257,,,,,,
NE-HVAC-Unitary-addSRM,DEER2024,D24_E+_Com_v1,2026-07-16 22:55:44,Any,SCn,Ex,CZ16,cDXGF,Each,1,500000,None,1.22e+06,145,-23500,63400,8.99,-1400,,,,,,,,,20,"",3327100,54627,2169400,76755,2106000,78152,,,,,,
NE-HVAC-Unitary-addSRM,DEER2024,D24_E+_Com_v1,2026-07-16 22:55:44,Any,SCn,Ex,CZ01,cDXHP,Each,1,500000,None,941000,228,0,39000,7.78,0,,,,,,,,,20,"",3154500,3182.2,2252400,3182.2,2213400,3182.2,,,,,,
NE-HVAC-Unitary-addSRM,DEER2024,D24_E+_Com_v1,2026-07-16 22:55:44,Any,SCn,Ex,CZ02,cDXHP,Each,1,500000,None,1.13e+06,197,0,49300,12.1,0,,,,,,,,,20,"",3344900,2982.0,2259500,2982.0,2210200,2982.0,,,,,,
NE-HVAC-Unitary-addSRM,DEER2024,D24_E+_Com_v1,2026-07-16 22:55:44,Any,SCn,Ex,CZ03,cDXHP,Each,1,500000,None,997000,176,0,41000,10.1,0,,,,,,,,,20,"",2894500,2949.0,1938400,2949.0,1897400,2949.0,,,,,,
NE-HVAC-Unitary-addSRM,DEER2024,D24_E+_Com_v1,2026-07-16 22:55:44,Any,SCn,Ex,CZ04,cDXHP,Each,1,500000,None,1.19e+06,209,0,54800,12.6,0,,,,,,,,,20,"",3595600,2865.1,2463900,2865.1,2409100,2865.1,,,,,,
NE-HVAC-Unitary-addSRM,DEER2024,D24_E+_Com_v1,2026-07-16 22:55:44,Any,SCn,Ex,CZ05,cDXHP,Each,1,500000,None,1.08e+06,208,0,44400,11,0,,,,,,,,,20,"",2974000,2962.7,1941700,2962.7,1897300,2962.7,,,,,,
NE-HVAC-Unitary-addSRM,DEER2024,D24_E+_Com_v1,2026-07-16 22:55:44,Any,SCn,Ex,CZ06,cDXHP,Each,1,500000,None,902000,147,0,40700,9.05,0,,,,,,,,,20,"",2747400,2728.8,1886200,2728.8,1845500,2728.8,,,,,,
NE-HVAC-Unitary-addSRM,DEER2024,D24_E+_Com_v1,2026-07-16 22:55:44,Any,SCn,Ex,CZ07,cDXHP,Each,1,500000,None,949000,152,0,43300,9.94,0,,,,,,,,,20,"",2843700,2700.5,1938400,2700.5,1895100,2700.5,,,,,,
NE-HVAC-Unitary-addSRM,DEER2024,D24_E+_Com_v1,2026-07-16 22:55:44,Any,SCn,Ex,CZ08,cDXHP,Each,1,500000,None,987000,187,0,49200,9.64,0,,,,,,,,,20,"",3179800,2644.6,2241600,2644.6,2192400,2644.6,,,,,,
NE-HVAC-Unitary-addSRM,DEER2024,D24_E+_Com_v1,2026-07-16 22:55:44,Any,SCn,Ex,CZ09,cDXHP,Each,1,500000,None,1.03e+06,159,0.000341,50000,9.06,0,,,,,,,,,20,"",3267600,2663.7,2290700,2663.7,2240700,2663.7,,,,,,
NE-HVAC-Unitary-addSRM,DEER2024,D24_E+_Com_v1,2026-07-16 22:55:44,Any,SCn,Ex,CZ10,cDXHP,Each,1,500000,None,998000,163,0,49000,10.6,0,,,,,,,,,20,"",3307700,2629.7,2358500,2629.7,2309500,2629.7,,,,,,
NE-HVAC-Unitary-addSRM,DEER2024,D24_E+_Com_v1,2026-07-16 22:55:44,Any,SCn,Ex,CZ11,cDXHP,Each,1,500000,None,1.05e+06,147,0,51800,8.22,0,,,,,,,,,20,"",3692400,2696.5,2696600,2696.5,2644800,2696.5,,,,,,
NE-HVAC-Unitary-addSRM,DEER2024,D24_E+_Com_v1,2026-07-16 22:55:44,Any,SCn,Ex,CZ12,cDXHP,Each,1,500000,None,1.09e+06,195,0,52300,11.8,0,,,,,,,,,20,"",3517900,2822.5,2477300,2822.5,2425000,2822.5,,,,,,
NE-HVAC-Unitary-addSRM,DEER2024,D24_E+_Com_v1,2026-07-16 22:55:44,Any,SCn,Ex,CZ13,cDXHP,Each,1,500000,None,1.05e+06,147,-0.000341,53400,10.5,0,,,,,,,,,20,"",3720900,2641.9,2727200,2641.9,2673700,2641.9,,,,,,
NE-HVAC-Unitary-addSRM,DEER2024,D24_E+_Com_v1,2026-07-16 22:55:44,Any,SCn,Ex,CZ14,cDXHP,Each,1,500000,None,1.18e+06,149,0,58800,8.12,0,,,,,,,,,20,"",3858800,2717.4,2738600,2717.4,2679800,2717.4,,,,,,
NE-HVAC-Unitary-addSRM,DEER2024,D24_E+_Com_v1,2026-07-16 22:55:44,Any,SCn,Ex,CZ15,cDXHP,Each,1,500000,None,1.23e+06,163,0,64500,12,0,,,,,,,,,20,"",4411500,2227.9,3251000,2227.9,3186500,2227.9,,,,,,
NE-HVAC-Unitary-addSRM,DEER2024,D24_E+_Com_v1,2026-07-16 22:55:44,Any,SCn,Ex,CZ16,cDXHP,Each,1,500000,None,1.17e+06,146,0,56800,9.06,0,,,,,,,,,20,"",3645300,3114.9,2531500,3114.9,2474700,3114.9,,,,,,
NE-HVAC-Unitary-addSRM,DEER2024,D24_E+_Com_v1,2026-07-16 22:55:44,Any,SCn,Ex,CZ01,cDXOH,Each,1,500000,None,625000,112,0,19000,3.94,0,,,,,,,,,20,"",1973400,3182.2,1367700,3182.2,1348700,3182.2,,,,,,
NE-HVAC-Unitary-addSRM,DEER2024,D24_E+_Com_v1,2026-07-16 22:55:44,Any,SCn,Ex,CZ02,cDXOH,Each,1,500000,None,796000,84,0,28800,5.78,0,,,,,,,,,20,"",2375900,2982.0,1608700,2982.0,1579800,2982.0,,,,,,
NE-HVAC-Unitary-addSRM,DEER2024,D24_E+_Com_v1,2026-07-16 22:55:44,Any,SCn,Ex,CZ03,cDXOH,Each,1,500000,None,672000,91.5,0,23900,5.58,0,,,,,,,,,20,"",2105600,2949.0,1457600,2949.0,1433700,2949.0,,,,,,
NE-HVAC-Unitary-addSRM,DEER2024,D24_E+_Com_v1,2026-07-16 22:55:44,Any,SCn,Ex,CZ04,cDXOH,Each,1,500000,None,906000,82.4,0,35400,5.46,0,,,,,,,,,20,"",2774400,2865.1,1904000,2865.1,1868600,2865.1,,,,,,
NE-HVAC-Unitary-addSRM,DEER2024,D24_E+_Com_v1,2026-07-16 22:55:44,Any,SCn,Ex,CZ05,cDXOH,Each,1,500000,None,741000,118,0,25800,5.26,0,,,,,,,,,20,"",2170900,2962.7,1455900,2962.7,1430200,2962.7,,,,,,
NE-HVAC-Unitary-addSRM,DEER2024,D24_E+_Com_v1,2026-07-16 22:55:44,Any,SCn,Ex,CZ06,cDXOH,Each,1,500000,None,1.03e+06,145,0,43200,8.96,0,,,,,,,,,20,"",2714700,2728.8,1731900,2728.8,1688700,2728.8,,,,,,
NE-HVAC-Unitary-addSRM,DEER2024,D24_E+_Com_v1,2026-07-16 22:55:44,Any,SCn,Ex,CZ07,cDXOH,Each,1,500000,None,1.07e+06,151,0,46100,9.71,0,,,,,,,,,20,"",2814900,2700.5,1790400,2700.5,1744300,2700.5,,,,,,
NE-HVAC-Unitary-addSRM,DEER2024,D24_E+_Com_v1,2026-07-16 22:55:44,Any,SCn,Ex,CZ08,cDXOH,Each,1,500000,None,1.03e+06,139,0,46800,8.81,0,,,,,,,,,20,"",3033900,2644.6,2047400,2644.6,2000600,2644.6,,,,,,
NE-HVAC-Unitary-addSRM,DEER2024,D24_E+_Com_v1,2026-07-16 22:55:44,Any,SCn,Ex,CZ09,cDXOH,Each,1,500000,None,1.08e+06,128,0,48300,8.19,0,,,,,,,,,20,"",3087800,2663.7,2056300,2663.7,2008000,2663.7,,,,,,
NE-HVAC-Unitary-addSRM,DEER2024,D24_E+_Com_v1,2026-07-16 22:55:44,Any,SCn,Ex,CZ10,cDXOH,Each,1,500000,None,1.05e+06,123,0,47900,8.01,0,,,,,,,,,20,"",3131900,2629.7,2130200,2629.7,2082400,2629.7,,,,,,
NE-HVAC-Unitary-addSRM,DEER2024,D24_E+_Com_v1,2026-07-16 22:55:44,Any,SCn,Ex,CZ11,cDXOH,Each,1,500000,None,1.12e+06,77,0,48200,5.52,0,,,,,,,,,20,"",3341300,2696.5,2265500,2696.5,2217300,2696.5,,,,,,
NE-HVAC-Unitary-addSRM,DEER2024,D24_E+_Com_v1,2026-07-16 22:55:44,Any,SCn,Ex,CZ12,cDXOH,Each,1,500000,None,1e+06,93.7,0,40900,6.23,0,,,,,,,,,20,"",2912100,2822.5,1950300,2822.5,1909300,2822.5,,,,,,
NE-HVAC-Unitary-addSRM,DEER2024,D24_E+_Com_v1,2026-07-16 22:55:44,Any,SCn,Ex,CZ13,cDXOH,Each,1,500000,None,1.17e+06,87.5,0,52200,5.89,0,,,,,,,,,20,"",3483100,2641.9,2365100,2641.9,2312900,2641.9,,,,,,
NE-HVAC-Unitary-addSRM,DEER2024,D24_E+_Com_v1,2026-07-16 22:55:44,Any,SCn,Ex,CZ14,cDXOH,Each,1,500000,None,1.16e+06,90.8,0,50400,6.03,0,,,,,,,,,20,"",3381900,2717.4,2274100,2717.4,2223600,2717.4,,,,,,
NE-HVAC-Unitary-addSRM,DEER2024,D24_E+_Com_v1,2026-07-16 22:55:44,Any,SCn,Ex,CZ15,cDXOH,Each,1,500000,None,1.27e+06,143,0,66200,9.78,0,,,,,,,,,20,"",4346300,2227.9,3138900,2227.9,3072600,2227.9,,,,,,
NE-HVAC-Unitary-addSRM,DEER2024,D24_E+_Com_v1,2026-07-16 22:55:44,Any,SCn,Ex,CZ16,cDXOH,Each,1,500000,None,1.21e+06,110,0,46400,6.8,0,,,,,,,,,20,"",2878800,3114.9,1716300,3114.9,1669900,3114.9,,,,,,
NE-HVAC-Unitary-addSRM,DEER2024,D24_E+_Com_v1,2026-07-16 22:55:56,Any,Com,Ex,CZ16,cDXGF,Each,1,245000,None,412000,62.2,-4650,21200,3.82,-293,,,,,,,,,20,"",2099000,28897,1708300,33251,1687100,33545,,,,,,
NE-HVAC-Unitary-addSRM,DEER2024,D24_E+_Com_v1,2026-07-16 22:55:56,Any,Com,Ex,CZ06,cDXGF,Each,1,207000,None,296000,52.6,-921,16400,3.29,-63.4,,,,,,,,,20,"",1694100,9720.3,1414400,10578,1398000,10642,,,,,,
NE-HVAC-Unitary-addSRM,DEER2024,D24_E+_Com_v1,2026-07-16 22:55:56,Any,Com,Ex,CZ03,cDXGF,Each,1,250000,None,384000,64.7,-2210,19400,4.13,-152,,,,,,,,,20,"",1802600,14544,1438200,16600,1418700,16752,,,,,,
NE-HVAC-Unitary-addSRM,DEER2024,D24_E+_Com_v1,2026-07-16 22:55:56,Any,Com,Ex,CZ13,cDXGF,Each,1,214000,None,355000,44.5,-2690,18900,2.59,-169,,,,,,,,,20,"",1985200,15740,1648100,18265,1629300,18434,,,,,,
NE-HVAC-Unitary-addSRM,DEER2024,D24_E+_Com_v1,2026-07-16 22:55:56,Any,Com,Ex,CZ10,cDXGF,Each,1,244000,None,439000,68.7,-2530,22800,3.99,-155,,,,,,,,,20,"",2045000,12412,1629300,14787,1606500,14941,,,,,,
NE-HVAC-Unitary-addSRM,DEER2024,D24_E+_Com_v1,2026-07-16 22:55:56,Any,Com,Ex,CZ05,cDXGF,Each,1,233000,None,317000,56.2,-1670,16300,3.47,-118,,,,,,,,,20,"",1816500,15039,1515700,16595,1499400,16713,,,,,,
NE-HVAC-Unitary-addSRM,DEER2024,D24_E+_Com_v1,2026-07-16 22:55:56,Any,Com,Ex,CZ01,cDXGF,Each,1,216000,None,310000,57.6,-5000,13900,2.85,-315,,,,,,,,,20,"",1480000,23174,1183900,27858,1170000,28172,,,,,,
NE-HVAC-Unitary-addSRM,DEER2024,D24_E+_Com_v1,2026-07-16 22:55:56,Any,Com,Ex,CZ02,cDXGF,Each,1,231000,None,359000,61,-3090,17500,3.77,-203,,,,,,,,,20,"",1822000,19400,1480600,22289,1463100,22492,,,,,,
NE-HVAC-Unitary-addSRM,DEER2024,D24_E+_Com_v1,2026-07-16 22:55:56,Any,Com,Ex,CZ14,cDXGF,Each,1,177000,None,300000,43.6,-1890,15700,2.53,-120,,,,,,,,,20,"",1809200,16564,1525200,18330,1509500,18450,,,,,,
NE-HVAC-Unitary-addSRM,DEER2024,D24_E+_Com_v1,2026-07-16 22:55:56,Any,Com,Ex,CZ04,cDXGF,Each,1,234000,None,392000,68.3,-2430,19900,3.95,-160,,,,,,,,,20,"",1936500,15754,1564500,18024,1544600,18184,,,,,,
NE-HVAC-Unitary-addSRM,DEER2024,D24_E+_Com_v1,2026-07-16 22:55:56,Any,Com,Ex,CZ07,cDXGF,Each,1,210000,None,303000,53.4,-803,16800,3.4,-54.9,,,,,,,,,20,"",1713100,8353.5,1427000,9101.1,1410200,9156.0,,,,,,
NE-HVAC-Unitary-addSRM,DEER2024,D24_E+_Com_v1,2026-07-16 22:55:56,Any,Com,Ex,CZ09,cDXGF,Each,1,218000,None,364000,59.5,-1360,19500,3.49,-89.3,,,,,,,,,20,"",1910700,10399,1566200,11668,1546700,11757,,,,,,
NE-HVAC-Unitary-addSRM,DEER2024,D24_E+_Com_v1,2026-07-16 22:55:56,Any,Com,Ex,CZ11,cDXGF,Each,1,234000,None,384000,51.6,-3340,19900,3.07,-206,,,,,,,,,20,"",2132000,18660,1767900,21790,1747900,21996,,,,,,
NE-HVAC-Unitary-addSRM,DEER2024,D24_E+_Com_v1,2026-07-16 22:55:56,Any,Com,Ex,CZ12,cDXGF,Each,1,227000,None,386000,66.2,-3250,19700,3.82,-202,,,,,,,,,20,"",1882300,16739,1515700,19789,1496000,19991,,,,,,
NE-HVAC-Unitary-addSRM,DEER2024,D24_E+_Com_v1,2026-07-16 22:55:56,Any,Com,Ex,CZ08,cDXGF,Each,1,233000,None,376000,66.3,-1460,20500,3.84,-92.3,,,,,,,,,20,"",2005700,10932,1650700,12297,1630200,12389,,,,,,
NE-HVAC-Unitary-addSRM,DEER2024,D24_E+_Com_v1,2026-07-16 22:55:56,Any,Com,Ex,CZ15,cDXGF,Each,1,176000,None,264000,32.9,-457,14800,1.9,-33.8,,,,,,,,,20,"",1984800,10210,1735300,10633,1720500,10666,,,,,,
NE-HVAC-Unitary-addSRM,DEER2024,D24_E+_Com_v1,2026-07-16 22:55:56,Any,Com,Ex,CZ05,cDXHP,Each,1,233000,None,312000,55.2,-20.5,15700,3.45,-1.01,,,,,,,,,20,"",1828700,12724,1532800,12743,1517000,12744,,,,,,
NE-HVAC-Unitary-addSRM,DEER2024,D24_E+_Com_v1,2026-07-16 22:55:56,Any,Com,Ex,CZ03,cDXHP,Each,1,250000,None,376000,62.3,-13,18900,4.02,-0.618,,,,,,,,,20,"",1819800,11137,1462200,11149,1443300,11150,,,,,,
NE-HVAC-Unitary-addSRM,DEER2024,D24_E+_Com_v1,2026-07-16 22:55:56,Any,Com,Ex,CZ13,cDXHP,Each,1,214000,None,348000,50.7,-13.9,18200,3.24,-0.742,,,,,,,,,20,"",2014300,10342,1684700,10355,1666500,10356,,,,,,
NE-HVAC-Unitary-addSRM,DEER2024,D24_E+_Com_v1,2026-07-16 22:55:56,Any,Com,Ex,CZ06,cDXHP,Each,1,207000,None,289000,51.8,-10.6,16100,3.44,-0.415,,,,,,,,,20,"",1693900,8804.2,1421400,8814.4,1405400,8814.8,,,,,,
NE-HVAC-Unitary-addSRM,DEER2024,D24_E+_Com_v1,2026-07-16 22:55:56,Any,Com,Ex,CZ02,cDXHP,Each,1,231000,None,348000,58.4,-25,16700,3.79,-0.899,,,,,,,,,20,"",1852400,13884,1520800,13908,1504100,13909,,,,,,
NE-HVAC-Unitary-addSRM,DEER2024,D24_E+_Com_v1,2026-07-16 22:55:56,Any,Com,Ex,CZ08,cDXHP,Each,1,233000,None,363000,65.4,-10.2,20100,3.72,-0.245,,,,,,,,,20,"",2008700,9257.2,1665500,9267.1,1645500,9267.4,,,,,,
NE-HVAC-Unitary-addSRM,DEER2024,D24_E+_Com_v1,2026-07-16 22:55:56,Any,Com,Ex,CZ11,cDXHP,Each,1,234000,None,376000,53.9,-19,19200,3.28,-0.429,,,,,,,,,20,"",2169900,11785,1813700,11803,1794500,11803,,,,,,
NE-HVAC-Unitary-addSRM,DEER2024,D24_E+_Com_v1,2026-07-16 22:55:56,Any,Com,Ex,CZ16,cDXHP,Each,1,245000,None,399000,61.4,-31.3,19800,3.87,-0.789,,,,,,,,,20,"",2154200,19752,1774500,19782,1754600,19783,,,,,,
NE-HVAC-Unitary-addSRM,DEER2024,D24_E+_Com_v1,2026-07-16 22:55:56,Any,Com,Ex,CZ14,cDXHP,Each,1,177000,None,291000,41.3,-19.6,15300,2.46,-0.181,,,,,,,,,20,"",1829000,13176,1553400,13195,1538100,13196,,,,,,
NE-HVAC-Unitary-addSRM,DEER2024,D24_E+_Com_v1,2026-07-16 22:55:56,Any,Com,Ex,CZ01,cDXHP,Each,1,216000,None,297000,57,-31.4,12500,2.81,-0.727,,,,,,,,,20,"",1528900,13867,1244300,13898,1231700,13898,,,,,,
NE-HVAC-Unitary-addSRM,DEER2024,D24_E+_Com_v1,2026-07-16 22:55:56,Any,Com,Ex,CZ10,cDXHP,Each,1,244000,None,426000,69.7,-9.98,22000,4.33,-0.282,,,,,,,,,20,"",2059600,8963.2,1655600,8972.9,1633600,8973.2,,,,,,
NE-HVAC-Unitary-addSRM,DEER2024,D24_E+_Com_v1,2026-07-16 22:55:56,Any,Com,Ex,CZ04,cDXHP,Each,1,234000,None,379000,63,-11.6,19200,3.91,-0.607,,,,,,,,,20,"",1958800,11943,1599300,11954,1580200,11955,,,,,,
NE-HVAC-Unitary-addSRM,DEER2024,D24_E+_Com_v1,2026-07-16 22:55:56,Any,Com,Ex,CZ12,cDXHP,Each,1,227000,None,373000,65.4,-13.8,18900,3.8,-0.33,,,,,,,,,20,"",1916800,10448,1562000,10462,1543100,10462,,,,,,
NE-HVAC-Unitary-addSRM,DEER2024,D24_E+_Com_v1,2026-07-16 22:55:56,Any,Com,Ex,CZ15,cDXHP,Each,1,176000,None,253000,28.2,-13.3,14700,1.64,-0.461,,,,,,,,,20,"",1988200,9701.1,1750100,9714.0,1735400,9714.4,,,,,,
NE-HVAC-Unitary-addSRM,DEER2024,D24_E+_Com_v1,2026-07-16 22:55:56,Any,Com,Ex,CZ07,cDXHP,Each,1,210000,None,296000,50.4,-8.21,16500,3.4,-0.345,,,,,,,,,20,"",1712900,7645.8,1433900,7653.7,1417400,7654.0,,,,,,
NE-HVAC-Unitary-addSRM,DEER2024,D24_E+_Com_v1,2026-07-16 22:55:56,Any,Com,Ex,CZ09,cDXHP,Each,1,218000,None,353000,55.9,-10.1,19100,3.3,-0.353,,,,,,,,,20,"",1917200,8634.8,1583900,8644.6,1564800,8644.9,,,,,,
NE-HVAC-Unitary-addSRM,DEER2024,D24_E+_Com_v1,2026-07-16 22:55:56,Any,Com,Ex,CZ03,cDXOH,Each,1,250000,None,377000,57.4,-33.3,18300,3.78,-1.46,,,,,,,,,20,"",1753700,11159,1394700,11191,1376400,11192,,,,,,
NE-HVAC-Unitary-addSRM,DEER2024,D24_E+_Com_v1,2026-07-16 22:55:56,Any,Com,Ex,CZ01,cDXOH,Each,1,216000,None,289000,44.4,-83.5,11000,2.39,-3.56,,,,,,,,,20,"",1376700,13956,1099000,14036,1088100,14039,,,,,,
NE-HVAC-Unitary-addSRM,DEER2024,D24_E+_Com_v1,2026-07-16 22:55:56,Any,Com,Ex,CZ15,cDXOH,Each,1,176000,None,262000,28.9,-17.2,14900,1.9,-0.684,,,,,,,,,20,"",1973900,9704.8,1726600,9721.3,1711600,9722.0,,,,,,
NE-HVAC-Unitary-addSRM,DEER2024,D24_E+_Com_v1,2026-07-16 22:55:56,Any,Com,Ex,CZ02,cDXOH,Each,1,231000,None,349000,48.8,-69,15600,3.23,-2.77,,,,,,,,,20,"",1751400,13939,1418000,14006,1402400,14008,,,,,,
NE-HVAC-Unitary-addSRM,DEER2024,D24_E+_Com_v1,2026-07-16 22:55:56,Any,Com,Ex,CZ11,cDXOH,Each,1,234000,None,405000,41.7,-63.7,19100,2.81,-2.79,,,,,,,,,20,"",2097300,11838,1710500,11899,1691400,11902,,,,,,
NE-HVAC-Unitary-addSRM,DEER2024,D24_E+_Com_v1,2026-07-16 22:55:56,Any,Com,Ex,CZ05,cDXOH,Each,1,233000,None,324000,52.8,-41.8,15900,3.35,-1.99,,,,,,,,,20,"",1791900,12747,1483700,12787,1467800,12789,,,,,,
NE-HVAC-Unitary-addSRM,DEER2024,D24_E+_Com_v1,2026-07-16 22:55:56,Any,Com,Ex,CZ16,cDXOH,Each,1,245000,None,449000,58.2,-134,19700,3.64,-4.86,,,,,,,,,20,"",2051300,19900,1622000,20029,1602300,20034,,,,,,
NE-HVAC-Unitary-addSRM,DEER2024,D24_E+_Com_v1,2026-07-16 22:55:56,Any,Com,Ex,CZ04,cDXOH,Each,1,234000,None,392000,55.4,-45,18900,3.51,-1.92,,,,,,,,,20,"",1887400,11976,1514000,12019,1495100,12021,,,,,,
NE-HVAC-Unitary-addSRM,DEER2024,D24_E+_Com_v1,2026-07-16 22:55:56,Any,Com,Ex,CZ14,cDXOH,Each,1,177000,None,309000,37.2,-51.5,15200,2.39,-1.84,,,,,,,,,20,"",1781000,13213,1486900,13263,1471600,13265,,,,,,
NE-HVAC-Unitary-addSRM,DEER2024,D24_E+_Com_v1,2026-07-16 22:55:56,Any,Com,Ex,CZ13,cDXOH,Each,1,214000,None,378000,38.3,-53.4,18200,2.5,-1.94,,,,,,,,,20,"",1964300,10382,1604000,10433,1585800,10435,,,,,,
NE-HVAC-Unitary-addSRM,DEER2024,D24_E+_Com_v1,2026-07-16 22:55:56,Any,Com,Ex,CZ08,cDXOH,Each,1,233000,None,380000,58.3,-18.1,19900,3.69,-0.844,,,,,,,,,20,"",1982300,9261.8,1622400,9279.1,1602500,9279.9,,,,,,
NE-HVAC-Unitary-addSRM,DEER2024,D24_E+_Com_v1,2026-07-16 22:55:56,Any,Com,Ex,CZ10,cDXOH,Each,1,244000,None,447000,58,-19.8,21900,3.73,-0.765,,,,,,,,,20,"",2006900,8969.1,1581600,8988.2,1559600,8988.9,,,,,,
NE-HVAC-Unitary-addSRM,DEER2024,D24_E+_Com_v1,2026-07-16 22:55:56,Any,Com,Ex,CZ12,cDXOH,Each,1,227000,None,384000,48.3,-49.7,17800,3.1,-1.93,,,,,,,,,20,"",1819500,10491,1452800,10539,1434900,10541,,,,,,
NE-HVAC-Unitary-addSRM,DEER2024,D24_E+_Com_v1,2026-07-16 22:55:56,Any,Com,Ex,CZ07,cDXOH,Each,1,210000,None,312000,51.4,-12.8,17100,3.39,-0.584,,,,,,,,,20,"",1707600,7647.5,1413000,7659.8,1396000,7660.4,,,,,,
NE-HVAC-Unitary-addSRM,DEER2024,D24_E+_Com_v1,2026-07-16 22:55:56,Any,Com,Ex,CZ06,cDXOH,Each,1,207000,None,306000,51.6,-17.5,16500,3.28,-0.917,,,,,,,,,20,"",1688600,8807.7,1399100,8824.4,1382600,8825.3,,,,,,
NE-HVAC-Unitary-addSRM,DEER2024,D24_E+_Com_v1,2026-07-16 22:55:56,Any,Com,Ex,CZ09,cDXOH,Each,1,218000,None,371000,53,-20.6,19300,3.36,-0.752,,,,,,,,,20,"",1890500,8641.7,1538800,8661.6,1519500,8662.4,,,,,,
