Sector,BldgType,BldgVint,BldgHVAC,BldgLoc,Type,Source Year,TechGroup,TechType,TechID,annual_sum
Com,Asm,Ex,cDXGF,CZ01,Whole Building,2009,,,NE-HV_AirDist-SupFanMtr-cDXGF-2SpClgHtg-Cnst,506900.7222260942
Com,Asm,Ex,cDXGF,CZ01,Whole Building,2009,,,NE-HV_AirDist-SupFanMtr-cDXGF-2SpClgHtg-VFDExMtr,371139.10196883976
Com,Asm,Ex,cDXGF,CZ01,Whole Building,2009,,,NE-HV_AirDist-SupFanMtr-cDXGF-2SpClgHtg-VFDPMMtr,366294.32279647596
Com,Asm,Ex,cDXGF,CZ01,Whole Building,2009,,,NE-HV_AirDist-SupFanMtr-cDXGF-2SpClgHtg-VFDStdMtr,369681.3952688428
Com,Asm,Ex,cDXHP,CZ01,Whole Building,2009,,,NE-HV_AirDist-SupFanMtr-cDXHP-2SpClgHtg-Cnst,560156.3723805886
Com,Asm,Ex,cDXHP,CZ01,Whole Building,2009,,,NE-HV_AirDist-SupFanMtr-cDXHP-2SpClgHtg-VFDExMtr,411239.0180640238
Com,Asm,Ex,cDXHP,CZ01,Whole Building,2009,,,NE-HV_AirDist-SupFanMtr-cDXHP-2SpClgHtg-VFDPMMtr,406985.92512976023
Com,Asm,Ex,cDXHP,CZ01,Whole Building,2009,,,NE-HV_AirDist-SupFanMtr-cDXHP-2SpClgHtg-VFDStdMtr,409941.3799583179
Com,Asm,Ex,cDXOH,CZ01,Whole Building,2009,,,NE-HV_AirDist-SupFanMtr-cDXOH-2SpClgHtg-Cnst,508323.40934077575
Com,Asm,Ex,cDXOH,CZ01,Whole Building,2009,,,NE-HV_AirDist-SupFanMtr-cDXOH-2SpClgHtg-VFDExMtr,424914.55777783546
Com,Asm,Ex,cDXOH,CZ01,Whole Building,2009,,,NE-HV_AirDist-SupFanMtr-cDXOH-2SpClgHtg-VFDPMMtr,422374.19302147115
Com,Asm,Ex,cDXOH,CZ01,Whole Building,2009,,,NE-HV_AirDist-SupFanMtr-cDXOH-2SpClgHtg-VFDStdMtr,424324.523028056
Com,Asm,Ex,cDXGF,CZ02,Whole Building,2009,,,NE-HV_AirDist-SupFanMtr-cDXGF-2SpClgHtg-Cnst,599691.6931803345
Com,Asm,Ex,cDXGF,CZ02,Whole Building,2009,,,NE-HV_AirDist-SupFanMtr-cDXGF-2SpClgHtg-VFDExMtr,459378.1031677529
Com,Asm,Ex,cDXGF,CZ02,Whole Building,2009,,,NE-HV_AirDist-SupFanMtr-cDXGF-2SpClgHtg-VFDPMMtr,453724.9253871758
Com,Asm,Ex,cDXGF,CZ02,Whole Building,2009,,,NE-HV_AirDist-SupFanMtr-cDXGF-2SpClgHtg-VFDStdMtr,457575.10527667694
Com,Asm,Ex,cDXHP,CZ02,Whole Building,2009,,,NE-HV_AirDist-SupFanMtr-cDXHP-2SpClgHtg-Cnst,637580.5513022394
Com,Asm,Ex,cDXHP,CZ02,Whole Building,2009,,,NE-HV_AirDist-SupFanMtr-cDXHP-2SpClgHtg-VFDExMtr,494151.90909248265
Com,Asm,Ex,cDXHP,CZ02,Whole Building,2009,,,NE-HV_AirDist-SupFanMtr-cDXHP-2SpClgHtg-VFDPMMtr,489021.4562273767
Com,Asm,Ex,cDXHP,CZ02,Whole Building,2009,,,NE-HV_AirDist-SupFanMtr-cDXHP-2SpClgHtg-VFDStdMtr,492625.6029480551
Com,Asm,Ex,cDXOH,CZ02,Whole Building,2009,,,NE-HV_AirDist-SupFanMtr-cDXOH-2SpClgHtg-Cnst,597249.9266274342
Com,Asm,Ex,cDXOH,CZ02,Whole Building,2009,,,NE-HV_AirDist-SupFanMtr-cDXOH-2SpClgHtg-VFDExMtr,494005.9231625977
Com,Asm,Ex,cDXOH,CZ02,Whole Building,2009,,,NE-HV_AirDist-SupFanMtr-cDXOH-2SpClgHtg-VFDPMMtr,489987.79387111857
Com,Asm,Ex,cDXOH,CZ02,Whole Building,2009,,,NE-HV_AirDist-SupFanMtr-cDXOH-2SpClgHtg-VFDStdMtr,492790.4443210377
Com,Asm,Ex,cDXGF,CZ03,Whole Building,2009,,,NE-HV_AirDist-SupFanMtr-cDXGF-2SpClgHtg-Cnst,546375.220396891
Com,Asm,Ex,cDXGF,CZ03,Whole Building,2009,,,NE-HV_AirDist-SupFanMtr-cDXGF-2SpClgHtg-VFDExMtr,413519.6314542781
Com,Asm,Ex,cDXGF,CZ03,Whole Building,2009,,,NE-HV_AirDist-SupFanMtr-cDXGF-2SpClgHtg-VFDPMMtr,407992.02812445496
Com,Asm,Ex,cDXGF,CZ03,Whole Building,2009,,,NE-HV_AirDist-SupFanMtr-cDXGF-2SpClgHtg-VFDStdMtr,411812.9423530204
Com,Asm,Ex,cDXHP,CZ03,Whole Building,2009,,,NE-HV_AirDist-SupFanMtr-cDXHP-2SpClgHtg-Cnst,571057.5923274464
Com,Asm,Ex,cDXHP,CZ03,Whole Building,2009,,,NE-HV_AirDist-SupFanMtr-cDXHP-2SpClgHtg-VFDExMtr,431580.8873692558
Com,Asm,Ex,cDXHP,CZ03,Whole Building,2009,,,NE-HV_AirDist-SupFanMtr-cDXHP-2SpClgHtg-VFDPMMtr,426379.48365256155
Com,Asm,Ex,cDXHP,CZ03,Whole Building,2009,,,NE-HV_AirDist-SupFanMtr-cDXHP-2SpClgHtg-VFDStdMtr,429936.64794120076
Com,Asm,Ex,cDXOH,CZ03,Whole Building,2009,,,NE-HV_AirDist-SupFanMtr-cDXOH-2SpClgHtg-Cnst,545768.4075588417
Com,Asm,Ex,cDXOH,CZ03,Whole Building,2009,,,NE-HV_AirDist-SupFanMtr-cDXOH-2SpClgHtg-VFDExMtr,439135.92616303323
Com,Asm,Ex,cDXOH,CZ03,Whole Building,2009,,,NE-HV_AirDist-SupFanMtr-cDXOH-2SpClgHtg-VFDPMMtr,435012.5660311119
Com,Asm,Ex,cDXOH,CZ03,Whole Building,2009,,,NE-HV_AirDist-SupFanMtr-cDXOH-2SpClgHtg-VFDStdMtr,437934.61968340765
Com,Asm,Ex,cDXGF,CZ04,Whole Building,2009,,,NE-HV_AirDist-SupFanMtr-cDXGF-2SpClgHtg-Cnst,673016.5437975648
Com,Asm,Ex,cDXGF,CZ04,Whole Building,2009,,,NE-HV_AirDist-SupFanMtr-cDXGF-2SpClgHtg-VFDExMtr,526128.088291087
Com,Asm,Ex,cDXGF,CZ04,Whole Building,2009,,,NE-HV_AirDist-SupFanMtr-cDXGF-2SpClgHtg-VFDPMMtr,520163.96880898747
Com,Asm,Ex,cDXGF,CZ04,Whole Building,2009,,,NE-HV_AirDist-SupFanMtr-cDXGF-2SpClgHtg-VFDStdMtr,524249.88701201894
Com,Asm,Ex,cDXHP,CZ04,Whole Building,2009,,,NE-HV_AirDist-SupFanMtr-cDXHP-2SpClgHtg-Cnst,703726.0311900489
Com,Asm,Ex,cDXHP,CZ04,Whole Building,2009,,,NE-HV_AirDist-SupFanMtr-cDXHP-2SpClgHtg-VFDExMtr,558474.1498382277
Com,Asm,Ex,cDXHP,CZ04,Whole Building,2009,,,NE-HV_AirDist-SupFanMtr-cDXHP-2SpClgHtg-VFDPMMtr,552957.2629164694
Com,Asm,Ex,cDXHP,CZ04,Whole Building,2009,,,NE-HV_AirDist-SupFanMtr-cDXHP-2SpClgHtg-VFDStdMtr,556809.2163872384
Com,Asm,Ex,cDXOH,CZ04,Whole Building,2009,,,NE-HV_AirDist-SupFanMtr-cDXOH-2SpClgHtg-Cnst,668685.8615390254
Com,Asm,Ex,cDXOH,CZ04,Whole Building,2009,,,NE-HV_AirDist-SupFanMtr-cDXOH-2SpClgHtg-VFDExMtr,553583.2882311593
Com,Asm,Ex,cDXOH,CZ04,Whole Building,2009,,,NE-HV_AirDist-SupFanMtr-cDXOH-2SpClgHtg-VFDPMMtr,549034.4341482257
Com,Asm,Ex,cDXOH,CZ04,Whole Building,2009,,,NE-HV_AirDist-SupFanMtr-cDXOH-2SpClgHtg-VFDStdMtr,552246.3059304517
Com,Asm,Ex,cDXGF,CZ05,Whole Building,2009,,,NE-HV_AirDist-SupFanMtr-cDXGF-2SpClgHtg-Cnst,559557.7705154277
Com,Asm,Ex,cDXGF,CZ05,Whole Building,2009,,,NE-HV_AirDist-SupFanMtr-cDXGF-2SpClgHtg-VFDExMtr,424863.45154514175
Com,Asm,Ex,cDXGF,CZ05,Whole Building,2009,,,NE-HV_AirDist-SupFanMtr-cDXGF-2SpClgHtg-VFDPMMtr,419220.82976566773
Com,Asm,Ex,cDXGF,CZ05,Whole Building,2009,,,NE-HV_AirDist-SupFanMtr-cDXGF-2SpClgHtg-VFDStdMtr,423125.1295215844
Com,Asm,Ex,cDXHP,CZ05,Whole Building,2009,,,NE-HV_AirDist-SupFanMtr-cDXHP-2SpClgHtg-Cnst,584005.6983485123
Com,Asm,Ex,cDXHP,CZ05,Whole Building,2009,,,NE-HV_AirDist-SupFanMtr-cDXHP-2SpClgHtg-VFDExMtr,443802.98879788304
Com,Asm,Ex,cDXHP,CZ05,Whole Building,2009,,,NE-HV_AirDist-SupFanMtr-cDXHP-2SpClgHtg-VFDPMMtr,438482.507012397
Com,Asm,Ex,cDXHP,CZ05,Whole Building,2009,,,NE-HV_AirDist-SupFanMtr-cDXHP-2SpClgHtg-VFDStdMtr,442169.64599904744
Com,Asm,Ex,cDXOH,CZ05,Whole Building,2009,,,NE-HV_AirDist-SupFanMtr-cDXOH-2SpClgHtg-Cnst,557849.6238400148
Com,Asm,Ex,cDXOH,CZ05,Whole Building,2009,,,NE-HV_AirDist-SupFanMtr-cDXOH-2SpClgHtg-VFDExMtr,444637.43178575614
Com,Asm,Ex,cDXOH,CZ05,Whole Building,2009,,,NE-HV_AirDist-SupFanMtr-cDXOH-2SpClgHtg-VFDPMMtr,440126.43461522297
Com,Asm,Ex,cDXOH,CZ05,Whole Building,2009,,,NE-HV_AirDist-SupFanMtr-cDXOH-2SpClgHtg-VFDStdMtr,443323.12998982944
Com,Asm,Ex,cDXGF,CZ06,Whole Building,2009,,,NE-HV_AirDist-SupFanMtr-cDXGF-2SpClgHtg-Cnst,604790.4646678242
Com,Asm,Ex,cDXGF,CZ06,Whole Building,2009,,,NE-HV_AirDist-SupFanMtr-cDXGF-2SpClgHtg-VFDExMtr,473236.9691218325
Com,Asm,Ex,cDXGF,CZ06,Whole Building,2009,,,NE-HV_AirDist-SupFanMtr-cDXGF-2SpClgHtg-VFDPMMtr,466925.05411603535
Com,Asm,Ex,cDXGF,CZ06,Whole Building,2009,,,NE-HV_AirDist-SupFanMtr-cDXGF-2SpClgHtg-VFDStdMtr,471197.10504546354
Com,Asm,Ex,cDXHP,CZ06,Whole Building,2009,,,NE-HV_AirDist-SupFanMtr-cDXHP-2SpClgHtg-Cnst,610429.4315347419
Com,Asm,Ex,cDXHP,CZ06,Whole Building,2009,,,NE-HV_AirDist-SupFanMtr-cDXHP-2SpClgHtg-VFDExMtr,478745.54688804445
Com,Asm,Ex,cDXHP,CZ06,Whole Building,2009,,,NE-HV_AirDist-SupFanMtr-cDXHP-2SpClgHtg-VFDPMMtr,472503.7353110213
Com,Asm,Ex,cDXHP,CZ06,Whole Building,2009,,,NE-HV_AirDist-SupFanMtr-cDXHP-2SpClgHtg-VFDStdMtr,476716.84093230084
Com,Asm,Ex,cDXOH,CZ06,Whole Building,2009,,,NE-HV_AirDist-SupFanMtr-cDXOH-2SpClgHtg-Cnst,601449.8164989105
Com,Asm,Ex,cDXOH,CZ06,Whole Building,2009,,,NE-HV_AirDist-SupFanMtr-cDXOH-2SpClgHtg-VFDExMtr,479919.3552443727
Com,Asm,Ex,cDXOH,CZ06,Whole Building,2009,,,NE-HV_AirDist-SupFanMtr-cDXOH-2SpClgHtg-VFDPMMtr,473832.15804161504
Com,Asm,Ex,cDXOH,CZ06,Whole Building,2009,,,NE-HV_AirDist-SupFanMtr-cDXOH-2SpClgHtg-VFDStdMtr,477900.7897018065
Com,Asm,Ex,cDXGF,CZ07,Whole Building,2009,,,NE-HV_AirDist-SupFanMtr-cDXGF-2SpClgHtg-Cnst,610759.6380705398
Com,Asm,Ex,cDXGF,CZ07,Whole Building,2009,,,NE-HV_AirDist-SupFanMtr-cDXGF-2SpClgHtg-VFDExMtr,476874.4846220639
Com,Asm,Ex,cDXGF,CZ07,Whole Building,2009,,,NE-HV_AirDist-SupFanMtr-cDXGF-2SpClgHtg-VFDPMMtr,470616.8341819609
Com,Asm,Ex,cDXGF,CZ07,Whole Building,2009,,,NE-HV_AirDist-SupFanMtr-cDXGF-2SpClgHtg-VFDStdMtr,474864.6419789026
Com,Asm,Ex,cDXHP,CZ07,Whole Building,2009,,,NE-HV_AirDist-SupFanMtr-cDXHP-2SpClgHtg-Cnst,616730.7165516862
Com,Asm,Ex,cDXHP,CZ07,Whole Building,2009,,,NE-HV_AirDist-SupFanMtr-cDXHP-2SpClgHtg-VFDExMtr,482468.7793201467
Com,Asm,Ex,cDXHP,CZ07,Whole Building,2009,,,NE-HV_AirDist-SupFanMtr-cDXHP-2SpClgHtg-VFDPMMtr,476324.4347562613
Com,Asm,Ex,cDXHP,CZ07,Whole Building,2009,,,NE-HV_AirDist-SupFanMtr-cDXHP-2SpClgHtg-VFDStdMtr,480451.5255337309
Com,Asm,Ex,cDXOH,CZ07,Whole Building,2009,,,NE-HV_AirDist-SupFanMtr-cDXOH-2SpClgHtg-Cnst,608124.3801186797
Com,Asm,Ex,cDXOH,CZ07,Whole Building,2009,,,NE-HV_AirDist-SupFanMtr-cDXOH-2SpClgHtg-VFDExMtr,482476.4781021498
Com,Asm,Ex,cDXOH,CZ07,Whole Building,2009,,,NE-HV_AirDist-SupFanMtr-cDXOH-2SpClgHtg-VFDPMMtr,476407.2361445711
Com,Asm,Ex,cDXOH,CZ07,Whole Building,2009,,,NE-HV_AirDist-SupFanMtr-cDXOH-2SpClgHtg-VFDStdMtr,480546.2556486575
Com,Asm,Ex,cDXGF,CZ08,Whole Building,2009,,,NE-HV_AirDist-SupFanMtr-cDXGF-2SpClgHtg-Cnst,677471.9079358687
Com,Asm,Ex,cDXGF,CZ08,Whole Building,2009,,,NE-HV_AirDist-SupFanMtr-cDXGF-2SpClgHtg-VFDExMtr,537284.6525813357
Com,Asm,Ex,cDXGF,CZ08,Whole Building,2009,,,NE-HV_AirDist-SupFanMtr-cDXGF-2SpClgHtg-VFDPMMtr,530699.2913741957
Com,Asm,Ex,cDXGF,CZ08,Whole Building,2009,,,NE-HV_AirDist-SupFanMtr-cDXGF-2SpClgHtg-VFDStdMtr,535138.7258978065
Com,Asm,Ex,cDXHP,CZ08,Whole Building,2009,,,NE-HV_AirDist-SupFanMtr-cDXHP-2SpClgHtg-Cnst,685157.3231674066
Com,Asm,Ex,cDXHP,CZ08,Whole Building,2009,,,NE-HV_AirDist-SupFanMtr-cDXHP-2SpClgHtg-VFDExMtr,551675.100602179
Com,Asm,Ex,cDXHP,CZ08,Whole Building,2009,,,NE-HV_AirDist-SupFanMtr-cDXHP-2SpClgHtg-VFDPMMtr,545268.3751783819
Com,Asm,Ex,cDXHP,CZ08,Whole Building,2009,,,NE-HV_AirDist-SupFanMtr-cDXHP-2SpClgHtg-VFDStdMtr,549585.5304630883
Com,Asm,Ex,cDXOH,CZ08,Whole Building,2009,,,NE-HV_AirDist-SupFanMtr-cDXOH-2SpClgHtg-Cnst,672867.2548182572
Com,Asm,Ex,cDXOH,CZ08,Whole Building,2009,,,NE-HV_AirDist-SupFanMtr-cDXOH-2SpClgHtg-VFDExMtr,544701.825856166
Com,Asm,Ex,cDXOH,CZ08,Whole Building,2009,,,NE-HV_AirDist-SupFanMtr-cDXOH-2SpClgHtg-VFDPMMtr,538544.6439067445
Com,Asm,Ex,cDXOH,CZ08,Whole Building,2009,,,NE-HV_AirDist-SupFanMtr-cDXOH-2SpClgHtg-VFDStdMtr,542649.1419126436
Com,Asm,Ex,cDXGF,CZ09,Whole Building,2009,,,NE-HV_AirDist-SupFanMtr-cDXGF-2SpClgHtg-Cnst,688917.1596876853
Com,Asm,Ex,cDXGF,CZ09,Whole Building,2009,,,NE-HV_AirDist-SupFanMtr-cDXGF-2SpClgHtg-VFDExMtr,541449.1021827734
Com,Asm,Ex,cDXGF,CZ09,Whole Building,2009,,,NE-HV_AirDist-SupFanMtr-cDXGF-2SpClgHtg-VFDPMMtr,534884.2867870866
Com,Asm,Ex,cDXGF,CZ09,Whole Building,2009,,,NE-HV_AirDist-SupFanMtr-cDXGF-2SpClgHtg-VFDStdMtr,539268.790036006
Com,Asm,Ex,cDXHP,CZ09,Whole Building,2009,,,NE-HV_AirDist-SupFanMtr-cDXHP-2SpClgHtg-Cnst,699426.4311706249
Com,Asm,Ex,cDXHP,CZ09,Whole Building,2009,,,NE-HV_AirDist-SupFanMtr-cDXHP-2SpClgHtg-VFDExMtr,557676.3616412863
Com,Asm,Ex,cDXHP,CZ09,Whole Building,2009,,,NE-HV_AirDist-SupFanMtr-cDXHP-2SpClgHtg-VFDPMMtr,551059.4513583303
Com,Asm,Ex,cDXHP,CZ09,Whole Building,2009,,,NE-HV_AirDist-SupFanMtr-cDXHP-2SpClgHtg-VFDStdMtr,555394.6876263254
Com,Asm,Ex,cDXOH,CZ09,Whole Building,2009,,,NE-HV_AirDist-SupFanMtr-cDXOH-2SpClgHtg-Cnst,684627.7108040937
Com,Asm,Ex,cDXOH,CZ09,Whole Building,2009,,,NE-HV_AirDist-SupFanMtr-cDXOH-2SpClgHtg-VFDExMtr,552240.2837970557
Com,Asm,Ex,cDXOH,CZ09,Whole Building,2009,,,NE-HV_AirDist-SupFanMtr-cDXOH-2SpClgHtg-VFDPMMtr,546198.7817454387
Com,Asm,Ex,cDXOH,CZ09,Whole Building,2009,,,NE-HV_AirDist-SupFanMtr-cDXOH-2SpClgHtg-VFDStdMtr,550328.0669043898
Com,Asm,Ex,cDXGF,CZ10,Whole Building,2009,,,NE-HV_AirDist-SupFanMtr-cDXGF-2SpClgHtg-Cnst,709126.7950231537
Com,Asm,Ex,cDXGF,CZ10,Whole Building,2009,,,NE-HV_AirDist-SupFanMtr-cDXGF-2SpClgHtg-VFDExMtr,564399.5238038489
Com,Asm,Ex,cDXGF,CZ10,Whole Building,2009,,,NE-HV_AirDist-SupFanMtr-cDXGF-2SpClgHtg-VFDPMMtr,558074.3365428974
Com,Asm,Ex,cDXGF,CZ10,Whole Building,2009,,,NE-HV_AirDist-SupFanMtr-cDXGF-2SpClgHtg-VFDStdMtr,562343.0566398759
Com,Asm,Ex,cDXHP,CZ10,Whole Building,2009,,,NE-HV_AirDist-SupFanMtr-cDXHP-2SpClgHtg-Cnst,720776.5886456738
Com,Asm,Ex,cDXHP,CZ10,Whole Building,2009,,,NE-HV_AirDist-SupFanMtr-cDXHP-2SpClgHtg-VFDExMtr,583658.7912011436
Com,Asm,Ex,cDXHP,CZ10,Whole Building,2009,,,NE-HV_AirDist-SupFanMtr-cDXHP-2SpClgHtg-VFDPMMtr,577840.9685056742
Com,Asm,Ex,cDXHP,CZ10,Whole Building,2009,,,NE-HV_AirDist-SupFanMtr-cDXHP-2SpClgHtg-VFDStdMtr,581780.2121011944
Com,Asm,Ex,cDXOH,CZ10,Whole Building,2009,,,NE-HV_AirDist-SupFanMtr-cDXOH-2SpClgHtg-Cnst,705099.6013642995
Com,Asm,Ex,cDXOH,CZ10,Whole Building,2009,,,NE-HV_AirDist-SupFanMtr-cDXOH-2SpClgHtg-VFDExMtr,575677.1759583531
Com,Asm,Ex,cDXOH,CZ10,Whole Building,2009,,,NE-HV_AirDist-SupFanMtr-cDXOH-2SpClgHtg-VFDPMMtr,569946.5322540111
Com,Asm,Ex,cDXOH,CZ10,Whole Building,2009,,,NE-HV_AirDist-SupFanMtr-cDXOH-2SpClgHtg-VFDStdMtr,573776.6160250446
Com,Asm,Ex,cDXGF,CZ11,Whole Building,2009,,,NE-HV_AirDist-SupFanMtr-cDXGF-2SpClgHtg-Cnst,733136.3327196197
Com,Asm,Ex,cDXGF,CZ11,Whole Building,2009,,,NE-HV_AirDist-SupFanMtr-cDXGF-2SpClgHtg-VFDExMtr,587959.3015145004
Com,Asm,Ex,cDXGF,CZ11,Whole Building,2009,,,NE-HV_AirDist-SupFanMtr-cDXGF-2SpClgHtg-VFDPMMtr,581898.8402925226
Com,Asm,Ex,cDXGF,CZ11,Whole Building,2009,,,NE-HV_AirDist-SupFanMtr-cDXGF-2SpClgHtg-VFDStdMtr,585957.7902020863
Com,Asm,Ex,cDXHP,CZ11,Whole Building,2009,,,NE-HV_AirDist-SupFanMtr-cDXHP-2SpClgHtg-Cnst,764797.1984839558
Com,Asm,Ex,cDXHP,CZ11,Whole Building,2009,,,NE-HV_AirDist-SupFanMtr-cDXHP-2SpClgHtg-VFDExMtr,626861.1358199591
Com,Asm,Ex,cDXHP,CZ11,Whole Building,2009,,,NE-HV_AirDist-SupFanMtr-cDXHP-2SpClgHtg-VFDPMMtr,621248.5336507357
Com,Asm,Ex,cDXHP,CZ11,Whole Building,2009,,,NE-HV_AirDist-SupFanMtr-cDXHP-2SpClgHtg-VFDStdMtr,624990.0198443995
Com,Asm,Ex,cDXOH,CZ11,Whole Building,2009,,,NE-HV_AirDist-SupFanMtr-cDXOH-2SpClgHtg-Cnst,729959.9789246884
Com,Asm,Ex,cDXOH,CZ11,Whole Building,2009,,,NE-HV_AirDist-SupFanMtr-cDXOH-2SpClgHtg-VFDExMtr,619092.1848319126
Com,Asm,Ex,cDXOH,CZ11,Whole Building,2009,,,NE-HV_AirDist-SupFanMtr-cDXOH-2SpClgHtg-VFDPMMtr,614536.358399007
Com,Asm,Ex,cDXOH,CZ11,Whole Building,2009,,,NE-HV_AirDist-SupFanMtr-cDXOH-2SpClgHtg-VFDStdMtr,617651.7433856805
Com,Asm,Ex,cDXGF,CZ12,Whole Building,2009,,,NE-HV_AirDist-SupFanMtr-cDXGF-2SpClgHtg-Cnst,660698.2789787311
Com,Asm,Ex,cDXGF,CZ12,Whole Building,2009,,,NE-HV_AirDist-SupFanMtr-cDXGF-2SpClgHtg-VFDExMtr,517788.7844616412
Com,Asm,Ex,cDXGF,CZ12,Whole Building,2009,,,NE-HV_AirDist-SupFanMtr-cDXGF-2SpClgHtg-VFDPMMtr,511868.76131985284
Com,Asm,Ex,cDXGF,CZ12,Whole Building,2009,,,NE-HV_AirDist-SupFanMtr-cDXGF-2SpClgHtg-VFDStdMtr,515884.69899015507
Com,Asm,Ex,cDXHP,CZ12,Whole Building,2009,,,NE-HV_AirDist-SupFanMtr-cDXHP-2SpClgHtg-Cnst,692638.0625337885
Com,Asm,Ex,cDXHP,CZ12,Whole Building,2009,,,NE-HV_AirDist-SupFanMtr-cDXHP-2SpClgHtg-VFDExMtr,551924.4262794905
Com,Asm,Ex,cDXHP,CZ12,Whole Building,2009,,,NE-HV_AirDist-SupFanMtr-cDXHP-2SpClgHtg-VFDPMMtr,546439.9592982815
Com,Asm,Ex,cDXHP,CZ12,Whole Building,2009,,,NE-HV_AirDist-SupFanMtr-cDXHP-2SpClgHtg-VFDStdMtr,550126.8483245631
Com,Asm,Ex,cDXOH,CZ12,Whole Building,2009,,,NE-HV_AirDist-SupFanMtr-cDXOH-2SpClgHtg-Cnst,657971.0618198508
Com,Asm,Ex,cDXOH,CZ12,Whole Building,2009,,,NE-HV_AirDist-SupFanMtr-cDXOH-2SpClgHtg-VFDExMtr,551154.8281620322
Com,Asm,Ex,cDXOH,CZ12,Whole Building,2009,,,NE-HV_AirDist-SupFanMtr-cDXOH-2SpClgHtg-VFDPMMtr,546635.5003482731
Com,Asm,Ex,cDXOH,CZ12,Whole Building,2009,,,NE-HV_AirDist-SupFanMtr-cDXOH-2SpClgHtg-VFDStdMtr,549776.0778626944
Com,Asm,Ex,cDXGF,CZ13,Whole Building,2009,,,NE-HV_AirDist-SupFanMtr-cDXGF-2SpClgHtg-Cnst,742953.7996491148
Com,Asm,Ex,cDXGF,CZ13,Whole Building,2009,,,NE-HV_AirDist-SupFanMtr-cDXGF-2SpClgHtg-VFDExMtr,596227.8271307129
Com,Asm,Ex,cDXGF,CZ13,Whole Building,2009,,,NE-HV_AirDist-SupFanMtr-cDXGF-2SpClgHtg-VFDPMMtr,590082.6391068271
Com,Asm,Ex,cDXGF,CZ13,Whole Building,2009,,,NE-HV_AirDist-SupFanMtr-cDXGF-2SpClgHtg-VFDStdMtr,594211.608348873
Com,Asm,Ex,cDXHP,CZ13,Whole Building,2009,,,NE-HV_AirDist-SupFanMtr-cDXHP-2SpClgHtg-Cnst,769972.1571672198
Com,Asm,Ex,cDXHP,CZ13,Whole Building,2009,,,NE-HV_AirDist-SupFanMtr-cDXHP-2SpClgHtg-VFDExMtr,630155.2637884642
Com,Asm,Ex,cDXHP,CZ13,Whole Building,2009,,,NE-HV_AirDist-SupFanMtr-cDXHP-2SpClgHtg-VFDPMMtr,624925.4559410178
Com,Asm,Ex,cDXHP,CZ13,Whole Building,2009,,,NE-HV_AirDist-SupFanMtr-cDXHP-2SpClgHtg-VFDStdMtr,628494.5112782796
Com,Asm,Ex,cDXOH,CZ13,Whole Building,2009,,,NE-HV_AirDist-SupFanMtr-cDXOH-2SpClgHtg-Cnst,738626.9525042648
Com,Asm,Ex,cDXOH,CZ13,Whole Building,2009,,,NE-HV_AirDist-SupFanMtr-cDXOH-2SpClgHtg-VFDExMtr,625055.4788021726
Com,Asm,Ex,cDXOH,CZ13,Whole Building,2009,,,NE-HV_AirDist-SupFanMtr-cDXOH-2SpClgHtg-VFDPMMtr,619961.9828903299
Com,Asm,Ex,cDXOH,CZ13,Whole Building,2009,,,NE-HV_AirDist-SupFanMtr-cDXOH-2SpClgHtg-VFDStdMtr,623400.1068360171
Com,Asm,Ex,cDXGF,CZ14,Whole Building,2009,,,NE-HV_AirDist-SupFanMtr-cDXGF-2SpClgHtg-Cnst,748198.5189914891
Com,Asm,Ex,cDXGF,CZ14,Whole Building,2009,,,NE-HV_AirDist-SupFanMtr-cDXGF-2SpClgHtg-VFDExMtr,590863.6011034834
Com,Asm,Ex,cDXGF,CZ14,Whole Building,2009,,,NE-HV_AirDist-SupFanMtr-cDXGF-2SpClgHtg-VFDPMMtr,584336.4738304118
Com,Asm,Ex,cDXGF,CZ14,Whole Building,2009,,,NE-HV_AirDist-SupFanMtr-cDXGF-2SpClgHtg-VFDStdMtr,588721.1632921465
Com,Asm,Ex,cDXHP,CZ14,Whole Building,2009,,,NE-HV_AirDist-SupFanMtr-cDXHP-2SpClgHtg-Cnst,775067.9855883047
Com,Asm,Ex,cDXHP,CZ14,Whole Building,2009,,,NE-HV_AirDist-SupFanMtr-cDXHP-2SpClgHtg-VFDExMtr,625842.7677450783
Com,Asm,Ex,cDXHP,CZ14,Whole Building,2009,,,NE-HV_AirDist-SupFanMtr-cDXHP-2SpClgHtg-VFDPMMtr,620016.0313688867
Com,Asm,Ex,cDXHP,CZ14,Whole Building,2009,,,NE-HV_AirDist-SupFanMtr-cDXHP-2SpClgHtg-VFDStdMtr,623810.8591242195
Com,Asm,Ex,cDXOH,CZ14,Whole Building,2009,,,NE-HV_AirDist-SupFanMtr-cDXOH-2SpClgHtg-Cnst,743393.6550660663
Com,Asm,Ex,cDXOH,CZ14,Whole Building,2009,,,NE-HV_AirDist-SupFanMtr-cDXOH-2SpClgHtg-VFDExMtr,617756.9119962198
Com,Asm,Ex,cDXOH,CZ14,Whole Building,2009,,,NE-HV_AirDist-SupFanMtr-cDXOH-2SpClgHtg-VFDPMMtr,612430.499479182
Com,Asm,Ex,cDXOH,CZ14,Whole Building,2009,,,NE-HV_AirDist-SupFanMtr-cDXOH-2SpClgHtg-VFDStdMtr,616176.9735357986
Com,Asm,Ex,cDXGF,CZ15,Whole Building,2009,,,NE-HV_AirDist-SupFanMtr-cDXGF-2SpClgHtg-Cnst,915876.2955398748
Com,Asm,Ex,cDXGF,CZ15,Whole Building,2009,,,NE-HV_AirDist-SupFanMtr-cDXGF-2SpClgHtg-VFDExMtr,774439.0667002465
Com,Asm,Ex,cDXGF,CZ15,Whole Building,2009,,,NE-HV_AirDist-SupFanMtr-cDXGF-2SpClgHtg-VFDPMMtr,768181.7648978805
Com,Asm,Ex,cDXGF,CZ15,Whole Building,2009,,,NE-HV_AirDist-SupFanMtr-cDXGF-2SpClgHtg-VFDStdMtr,772344.4256225977
Com,Asm,Ex,cDXHP,CZ15,Whole Building,2009,,,NE-HV_AirDist-SupFanMtr-cDXHP-2SpClgHtg-Cnst,921634.5210900378
Com,Asm,Ex,cDXHP,CZ15,Whole Building,2009,,,NE-HV_AirDist-SupFanMtr-cDXHP-2SpClgHtg-VFDExMtr,791024.5529416593
Com,Asm,Ex,cDXHP,CZ15,Whole Building,2009,,,NE-HV_AirDist-SupFanMtr-cDXHP-2SpClgHtg-VFDPMMtr,785200.6943281732
Com,Asm,Ex,cDXHP,CZ15,Whole Building,2009,,,NE-HV_AirDist-SupFanMtr-cDXHP-2SpClgHtg-VFDStdMtr,788940.8555998803
Com,Asm,Ex,cDXOH,CZ15,Whole Building,2009,,,NE-HV_AirDist-SupFanMtr-cDXOH-2SpClgHtg-Cnst,910197.3019090601
Com,Asm,Ex,cDXOH,CZ15,Whole Building,2009,,,NE-HV_AirDist-SupFanMtr-cDXOH-2SpClgHtg-VFDExMtr,780338.0966722156
Com,Asm,Ex,cDXOH,CZ15,Whole Building,2009,,,NE-HV_AirDist-SupFanMtr-cDXOH-2SpClgHtg-VFDPMMtr,774435.7291333647
Com,Asm,Ex,cDXOH,CZ15,Whole Building,2009,,,NE-HV_AirDist-SupFanMtr-cDXOH-2SpClgHtg-VFDStdMtr,778395.5910536526
Com,Asm,Ex,cDXGF,CZ16,Whole Building,2009,,,NE-HV_AirDist-SupFanMtr-cDXGF-2SpClgHtg-Cnst,626753.7711945665
Com,Asm,Ex,cDXGF,CZ16,Whole Building,2009,,,NE-HV_AirDist-SupFanMtr-cDXGF-2SpClgHtg-VFDExMtr,457669.12091065536
Com,Asm,Ex,cDXGF,CZ16,Whole Building,2009,,,NE-HV_AirDist-SupFanMtr-cDXGF-2SpClgHtg-VFDPMMtr,450817.10182372946
Com,Asm,Ex,cDXGF,CZ16,Whole Building,2009,,,NE-HV_AirDist-SupFanMtr-cDXGF-2SpClgHtg-VFDStdMtr,455432.6360533034
Com,Asm,Ex,cDXHP,CZ16,Whole Building,2009,,,NE-HV_AirDist-SupFanMtr-cDXHP-2SpClgHtg-Cnst,680298.4120782054
Com,Asm,Ex,cDXHP,CZ16,Whole Building,2009,,,NE-HV_AirDist-SupFanMtr-cDXHP-2SpClgHtg-VFDExMtr,510065.89341862494
Com,Asm,Ex,cDXHP,CZ16,Whole Building,2009,,,NE-HV_AirDist-SupFanMtr-cDXHP-2SpClgHtg-VFDPMMtr,503907.556167203
Com,Asm,Ex,cDXHP,CZ16,Whole Building,2009,,,NE-HV_AirDist-SupFanMtr-cDXHP-2SpClgHtg-VFDStdMtr,508037.8887245187
Com,Asm,Ex,cDXOH,CZ16,Whole Building,2009,,,NE-HV_AirDist-SupFanMtr-cDXOH-2SpClgHtg-Cnst,632030.9631987704
Com,Asm,Ex,cDXOH,CZ16,Whole Building,2009,,,NE-HV_AirDist-SupFanMtr-cDXOH-2SpClgHtg-VFDExMtr,513647.73411018716
Com,Asm,Ex,cDXOH,CZ16,Whole Building,2009,,,NE-HV_AirDist-SupFanMtr-cDXOH-2SpClgHtg-VFDPMMtr,508773.9571206127
Com,Asm,Ex,cDXOH,CZ16,Whole Building,2009,,,NE-HV_AirDist-SupFanMtr-cDXOH-2SpClgHtg-VFDStdMtr,512270.4538508648
Com,ECC,Ex,cDXGF,CZ01,Whole Building,2009,,,NE-HV_AirDist-SupFanMtr-cDXGF-2SpClgHtg-Cnst,1844257.397807227
Com,ECC,Ex,cDXGF,CZ01,Whole Building,2009,,,NE-HV_AirDist-SupFanMtr-cDXGF-2SpClgHtg-VFDExMtr,1539971.1601767049
Com,ECC,Ex,cDXGF,CZ01,Whole Building,2009,,,NE-HV_AirDist-SupFanMtr-cDXGF-2SpClgHtg-VFDPMMtr,1529483.235239914
Com,ECC,Ex,cDXGF,CZ01,Whole Building,2009,,,NE-HV_AirDist-SupFanMtr-cDXGF-2SpClgHtg-VFDStdMtr,1537087.526689151
Com,ECC,Ex,cDXHP,CZ01,Whole Building,2009,,,NE-HV_AirDist-SupFanMtr-cDXHP-2SpClgHtg-Cnst,1873080.2637619793
Com,ECC,Ex,cDXHP,CZ01,Whole Building,2009,,,NE-HV_AirDist-SupFanMtr-cDXHP-2SpClgHtg-VFDExMtr,1574407.851709382
Com,ECC,Ex,cDXHP,CZ01,Whole Building,2009,,,NE-HV_AirDist-SupFanMtr-cDXHP-2SpClgHtg-VFDPMMtr,1564511.7576363022
Com,ECC,Ex,cDXHP,CZ01,Whole Building,2009,,,NE-HV_AirDist-SupFanMtr-cDXHP-2SpClgHtg-VFDStdMtr,1571681.6640868848
Com,ECC,Ex,cDXOH,CZ01,Whole Building,2009,,,NE-HV_AirDist-SupFanMtr-cDXOH-2SpClgHtg-Cnst,1844060.6346523857
Com,ECC,Ex,cDXOH,CZ01,Whole Building,2009,,,NE-HV_AirDist-SupFanMtr-cDXOH-2SpClgHtg-VFDExMtr,1602896.1302025109
Com,ECC,Ex,cDXOH,CZ01,Whole Building,2009,,,NE-HV_AirDist-SupFanMtr-cDXOH-2SpClgHtg-VFDPMMtr,1595693.2219498304
Com,ECC,Ex,cDXOH,CZ01,Whole Building,2009,,,NE-HV_AirDist-SupFanMtr-cDXOH-2SpClgHtg-VFDStdMtr,1600951.8693733641
Com,ECC,Ex,cDXGF,CZ02,Whole Building,2009,,,NE-HV_AirDist-SupFanMtr-cDXGF-2SpClgHtg-Cnst,2086138.7687388957
Com,ECC,Ex,cDXGF,CZ02,Whole Building,2009,,,NE-HV_AirDist-SupFanMtr-cDXGF-2SpClgHtg-VFDExMtr,1750817.811124424
Com,ECC,Ex,cDXGF,CZ02,Whole Building,2009,,,NE-HV_AirDist-SupFanMtr-cDXGF-2SpClgHtg-VFDPMMtr,1737535.72938423
Com,ECC,Ex,cDXGF,CZ02,Whole Building,2009,,,NE-HV_AirDist-SupFanMtr-cDXGF-2SpClgHtg-VFDStdMtr,1746668.9352066123
Com,ECC,Ex,cDXHP,CZ02,Whole Building,2009,,,NE-HV_AirDist-SupFanMtr-cDXHP-2SpClgHtg-Cnst,2107550.9744715886
Com,ECC,Ex,cDXHP,CZ02,Whole Building,2009,,,NE-HV_AirDist-SupFanMtr-cDXHP-2SpClgHtg-VFDExMtr,1779720.3410760039
Com,ECC,Ex,cDXHP,CZ02,Whole Building,2009,,,NE-HV_AirDist-SupFanMtr-cDXHP-2SpClgHtg-VFDPMMtr,1766858.87032814
Com,ECC,Ex,cDXHP,CZ02,Whole Building,2009,,,NE-HV_AirDist-SupFanMtr-cDXHP-2SpClgHtg-VFDStdMtr,1775644.8162349216
Com,ECC,Ex,cDXOH,CZ02,Whole Building,2009,,,NE-HV_AirDist-SupFanMtr-cDXOH-2SpClgHtg-Cnst,2083062.6844881915
Com,ECC,Ex,cDXOH,CZ02,Whole Building,2009,,,NE-HV_AirDist-SupFanMtr-cDXOH-2SpClgHtg-VFDExMtr,1796259.6942231525
Com,ECC,Ex,cDXOH,CZ02,Whole Building,2009,,,NE-HV_AirDist-SupFanMtr-cDXOH-2SpClgHtg-VFDPMMtr,1785198.881157883
Com,ECC,Ex,cDXOH,CZ02,Whole Building,2009,,,NE-HV_AirDist-SupFanMtr-cDXOH-2SpClgHtg-VFDStdMtr,1792934.4822653453
Com,ECC,Ex,cDXGF,CZ03,Whole Building,2009,,,NE-HV_AirDist-SupFanMtr-cDXGF-2SpClgHtg-Cnst,1965093.8696529819
Com,ECC,Ex,cDXGF,CZ03,Whole Building,2009,,,NE-HV_AirDist-SupFanMtr-cDXGF-2SpClgHtg-VFDExMtr,1651133.000578568
Com,ECC,Ex,cDXGF,CZ03,Whole Building,2009,,,NE-HV_AirDist-SupFanMtr-cDXGF-2SpClgHtg-VFDPMMtr,1638287.312763198
Com,ECC,Ex,cDXGF,CZ03,Whole Building,2009,,,NE-HV_AirDist-SupFanMtr-cDXGF-2SpClgHtg-VFDStdMtr,1647068.3972575266
Com,ECC,Ex,cDXHP,CZ03,Whole Building,2009,,,NE-HV_AirDist-SupFanMtr-cDXHP-2SpClgHtg-Cnst,1975986.9018463683
Com,ECC,Ex,cDXHP,CZ03,Whole Building,2009,,,NE-HV_AirDist-SupFanMtr-cDXHP-2SpClgHtg-VFDExMtr,1665720.5566068164
Com,ECC,Ex,cDXHP,CZ03,Whole Building,2009,,,NE-HV_AirDist-SupFanMtr-cDXHP-2SpClgHtg-VFDPMMtr,1653211.9769185784
Com,ECC,Ex,cDXHP,CZ03,Whole Building,2009,,,NE-HV_AirDist-SupFanMtr-cDXHP-2SpClgHtg-VFDStdMtr,1661714.6083892721
Com,ECC,Ex,cDXOH,CZ03,Whole Building,2009,,,NE-HV_AirDist-SupFanMtr-cDXOH-2SpClgHtg-Cnst,1964174.36009633
Com,ECC,Ex,cDXOH,CZ03,Whole Building,2009,,,NE-HV_AirDist-SupFanMtr-cDXOH-2SpClgHtg-VFDExMtr,1677688.3748683094
Com,ECC,Ex,cDXOH,CZ03,Whole Building,2009,,,NE-HV_AirDist-SupFanMtr-cDXOH-2SpClgHtg-VFDPMMtr,1666258.6244200165
Com,ECC,Ex,cDXOH,CZ03,Whole Building,2009,,,NE-HV_AirDist-SupFanMtr-cDXOH-2SpClgHtg-VFDStdMtr,1674256.6825473595
Com,ECC,Ex,cDXGF,CZ04,Whole Building,2009,,,NE-HV_AirDist-SupFanMtr-cDXGF-2SpClgHtg-Cnst,2246964.7020811313
Com,ECC,Ex,cDXGF,CZ04,Whole Building,2009,,,NE-HV_AirDist-SupFanMtr-cDXGF-2SpClgHtg-VFDExMtr,1894243.087649866
Com,ECC,Ex,cDXGF,CZ04,Whole Building,2009,,,NE-HV_AirDist-SupFanMtr-cDXGF-2SpClgHtg-VFDPMMtr,1879815.8679221491
Com,ECC,Ex,cDXGF,CZ04,Whole Building,2009,,,NE-HV_AirDist-SupFanMtr-cDXGF-2SpClgHtg-VFDStdMtr,1889748.2406957468
Com,ECC,Ex,cDXHP,CZ04,Whole Building,2009,,,NE-HV_AirDist-SupFanMtr-cDXHP-2SpClgHtg-Cnst,2264330.3220913294
Com,ECC,Ex,cDXHP,CZ04,Whole Building,2009,,,NE-HV_AirDist-SupFanMtr-cDXHP-2SpClgHtg-VFDExMtr,1919600.7269824313
Com,ECC,Ex,cDXHP,CZ04,Whole Building,2009,,,NE-HV_AirDist-SupFanMtr-cDXHP-2SpClgHtg-VFDPMMtr,1905393.6093053003
Com,ECC,Ex,cDXHP,CZ04,Whole Building,2009,,,NE-HV_AirDist-SupFanMtr-cDXHP-2SpClgHtg-VFDStdMtr,1915153.6512289182
Com,ECC,Ex,cDXOH,CZ04,Whole Building,2009,,,NE-HV_AirDist-SupFanMtr-cDXOH-2SpClgHtg-Cnst,2239504.490016088
Com,ECC,Ex,cDXOH,CZ04,Whole Building,2009,,,NE-HV_AirDist-SupFanMtr-cDXOH-2SpClgHtg-VFDExMtr,1929432.6652721819
Com,ECC,Ex,cDXOH,CZ04,Whole Building,2009,,,NE-HV_AirDist-SupFanMtr-cDXOH-2SpClgHtg-VFDPMMtr,1916790.2027890182
Com,ECC,Ex,cDXOH,CZ04,Whole Building,2009,,,NE-HV_AirDist-SupFanMtr-cDXOH-2SpClgHtg-VFDStdMtr,1925442.9092382612
Com,ECC,Ex,cDXGF,CZ05,Whole Building,2009,,,NE-HV_AirDist-SupFanMtr-cDXGF-2SpClgHtg-Cnst,2010189.1730417646
Com,ECC,Ex,cDXGF,CZ05,Whole Building,2009,,,NE-HV_AirDist-SupFanMtr-cDXGF-2SpClgHtg-VFDExMtr,1687549.8786907443
Com,ECC,Ex,cDXGF,CZ05,Whole Building,2009,,,NE-HV_AirDist-SupFanMtr-cDXGF-2SpClgHtg-VFDPMMtr,1674477.224696174
Com,ECC,Ex,cDXGF,CZ05,Whole Building,2009,,,NE-HV_AirDist-SupFanMtr-cDXGF-2SpClgHtg-VFDStdMtr,1683523.3816918528
Com,ECC,Ex,cDXHP,CZ05,Whole Building,2009,,,NE-HV_AirDist-SupFanMtr-cDXHP-2SpClgHtg-Cnst,2021625.9813522352
Com,ECC,Ex,cDXHP,CZ05,Whole Building,2009,,,NE-HV_AirDist-SupFanMtr-cDXHP-2SpClgHtg-VFDExMtr,1702628.1233148444
Com,ECC,Ex,cDXHP,CZ05,Whole Building,2009,,,NE-HV_AirDist-SupFanMtr-cDXHP-2SpClgHtg-VFDPMMtr,1689779.1778055844
Com,ECC,Ex,cDXHP,CZ05,Whole Building,2009,,,NE-HV_AirDist-SupFanMtr-cDXHP-2SpClgHtg-VFDStdMtr,1698614.4394017085
Com,ECC,Ex,cDXOH,CZ05,Whole Building,2009,,,NE-HV_AirDist-SupFanMtr-cDXOH-2SpClgHtg-Cnst,2007906.1307242175
Com,ECC,Ex,cDXOH,CZ05,Whole Building,2009,,,NE-HV_AirDist-SupFanMtr-cDXOH-2SpClgHtg-VFDExMtr,1713270.9625220199
Com,ECC,Ex,cDXOH,CZ05,Whole Building,2009,,,NE-HV_AirDist-SupFanMtr-cDXOH-2SpClgHtg-VFDPMMtr,1701493.9724515465
Com,ECC,Ex,cDXOH,CZ05,Whole Building,2009,,,NE-HV_AirDist-SupFanMtr-cDXOH-2SpClgHtg-VFDStdMtr,1709732.7050184915
Com,ECC,Ex,cDXGF,CZ06,Whole Building,2009,,,NE-HV_AirDist-SupFanMtr-cDXGF-2SpClgHtg-Cnst,2131219.070096156
Com,ECC,Ex,cDXGF,CZ06,Whole Building,2009,,,NE-HV_AirDist-SupFanMtr-cDXGF-2SpClgHtg-VFDExMtr,1834993.9671034224
Com,ECC,Ex,cDXGF,CZ06,Whole Building,2009,,,NE-HV_AirDist-SupFanMtr-cDXGF-2SpClgHtg-VFDPMMtr,1821025.3868196213
Com,ECC,Ex,cDXGF,CZ06,Whole Building,2009,,,NE-HV_AirDist-SupFanMtr-cDXGF-2SpClgHtg-VFDStdMtr,1830509.1584069512
Com,ECC,Ex,cDXHP,CZ06,Whole Building,2009,,,NE-HV_AirDist-SupFanMtr-cDXHP-2SpClgHtg-Cnst,2126344.9691737844
Com,ECC,Ex,cDXHP,CZ06,Whole Building,2009,,,NE-HV_AirDist-SupFanMtr-cDXHP-2SpClgHtg-VFDExMtr,1838903.0244970883
Com,ECC,Ex,cDXHP,CZ06,Whole Building,2009,,,NE-HV_AirDist-SupFanMtr-cDXHP-2SpClgHtg-VFDPMMtr,1824844.3957857601
Com,ECC,Ex,cDXHP,CZ06,Whole Building,2009,,,NE-HV_AirDist-SupFanMtr-cDXHP-2SpClgHtg-VFDStdMtr,1834400.0462890782
Com,ECC,Ex,cDXOH,CZ06,Whole Building,2009,,,NE-HV_AirDist-SupFanMtr-cDXOH-2SpClgHtg-Cnst,2125442.912742794
Com,ECC,Ex,cDXOH,CZ06,Whole Building,2009,,,NE-HV_AirDist-SupFanMtr-cDXOH-2SpClgHtg-VFDExMtr,1841715.3011202235
Com,ECC,Ex,cDXOH,CZ06,Whole Building,2009,,,NE-HV_AirDist-SupFanMtr-cDXOH-2SpClgHtg-VFDPMMtr,1827955.005848199
Com,ECC,Ex,cDXOH,CZ06,Whole Building,2009,,,NE-HV_AirDist-SupFanMtr-cDXOH-2SpClgHtg-VFDStdMtr,1837319.0940774684
Com,ECC,Ex,cDXGF,CZ07,Whole Building,2009,,,NE-HV_AirDist-SupFanMtr-cDXGF-2SpClgHtg-Cnst,2138872.9604969486
Com,ECC,Ex,cDXGF,CZ07,Whole Building,2009,,,NE-HV_AirDist-SupFanMtr-cDXGF-2SpClgHtg-VFDExMtr,1837214.1211774703
Com,ECC,Ex,cDXGF,CZ07,Whole Building,2009,,,NE-HV_AirDist-SupFanMtr-cDXGF-2SpClgHtg-VFDPMMtr,1823160.2555664275
Com,ECC,Ex,cDXGF,CZ07,Whole Building,2009,,,NE-HV_AirDist-SupFanMtr-cDXGF-2SpClgHtg-VFDStdMtr,1832629.0143196264
Com,ECC,Ex,cDXHP,CZ07,Whole Building,2009,,,NE-HV_AirDist-SupFanMtr-cDXHP-2SpClgHtg-Cnst,2137818.9676962104
Com,ECC,Ex,cDXHP,CZ07,Whole Building,2009,,,NE-HV_AirDist-SupFanMtr-cDXHP-2SpClgHtg-VFDExMtr,1844580.2757517425
Com,ECC,Ex,cDXHP,CZ07,Whole Building,2009,,,NE-HV_AirDist-SupFanMtr-cDXHP-2SpClgHtg-VFDPMMtr,1830575.9976951727
Com,ECC,Ex,cDXHP,CZ07,Whole Building,2009,,,NE-HV_AirDist-SupFanMtr-cDXHP-2SpClgHtg-VFDStdMtr,1840015.4977824877
Com,ECC,Ex,cDXOH,CZ07,Whole Building,2009,,,NE-HV_AirDist-SupFanMtr-cDXOH-2SpClgHtg-Cnst,2133472.02936985
Com,ECC,Ex,cDXOH,CZ07,Whole Building,2009,,,NE-HV_AirDist-SupFanMtr-cDXOH-2SpClgHtg-VFDExMtr,1843527.5494846443
Com,ECC,Ex,cDXOH,CZ07,Whole Building,2009,,,NE-HV_AirDist-SupFanMtr-cDXOH-2SpClgHtg-VFDPMMtr,1829777.6514167965
Com,ECC,Ex,cDXOH,CZ07,Whole Building,2009,,,NE-HV_AirDist-SupFanMtr-cDXOH-2SpClgHtg-VFDStdMtr,1839102.7296092883
Com,ECC,Ex,cDXGF,CZ08,Whole Building,2009,,,NE-HV_AirDist-SupFanMtr-cDXGF-2SpClgHtg-Cnst,2311839.6480924035
Com,ECC,Ex,cDXGF,CZ08,Whole Building,2009,,,NE-HV_AirDist-SupFanMtr-cDXGF-2SpClgHtg-VFDExMtr,1982632.1014212726
Com,ECC,Ex,cDXGF,CZ08,Whole Building,2009,,,NE-HV_AirDist-SupFanMtr-cDXGF-2SpClgHtg-VFDPMMtr,1967432.8831646075
Com,ECC,Ex,cDXGF,CZ08,Whole Building,2009,,,NE-HV_AirDist-SupFanMtr-cDXGF-2SpClgHtg-VFDStdMtr,1977647.712812555
Com,ECC,Ex,cDXHP,CZ08,Whole Building,2009,,,NE-HV_AirDist-SupFanMtr-cDXHP-2SpClgHtg-Cnst,2312279.0136898854
Com,ECC,Ex,cDXHP,CZ08,Whole Building,2009,,,NE-HV_AirDist-SupFanMtr-cDXHP-2SpClgHtg-VFDExMtr,1999674.0791470779
Com,ECC,Ex,cDXHP,CZ08,Whole Building,2009,,,NE-HV_AirDist-SupFanMtr-cDXHP-2SpClgHtg-VFDPMMtr,1984467.6036687067
Com,ECC,Ex,cDXHP,CZ08,Whole Building,2009,,,NE-HV_AirDist-SupFanMtr-cDXHP-2SpClgHtg-VFDStdMtr,1994652.3862955053
Com,ECC,Ex,cDXOH,CZ08,Whole Building,2009,,,NE-HV_AirDist-SupFanMtr-cDXOH-2SpClgHtg-Cnst,2302505.279964151
Com,ECC,Ex,cDXOH,CZ08,Whole Building,2009,,,NE-HV_AirDist-SupFanMtr-cDXOH-2SpClgHtg-VFDExMtr,1990456.3337037645
Com,ECC,Ex,cDXOH,CZ08,Whole Building,2009,,,NE-HV_AirDist-SupFanMtr-cDXOH-2SpClgHtg-VFDPMMtr,1975637.4888785428
Com,ECC,Ex,cDXOH,CZ08,Whole Building,2009,,,NE-HV_AirDist-SupFanMtr-cDXOH-2SpClgHtg-VFDStdMtr,1985658.8422147855
Com,ECC,Ex,cDXGF,CZ09,Whole Building,2009,,,NE-HV_AirDist-SupFanMtr-cDXGF-2SpClgHtg-Cnst,2344657.9947184785
Com,ECC,Ex,cDXGF,CZ09,Whole Building,2009,,,NE-HV_AirDist-SupFanMtr-cDXGF-2SpClgHtg-VFDExMtr,1991502.816690178
Com,ECC,Ex,cDXGF,CZ09,Whole Building,2009,,,NE-HV_AirDist-SupFanMtr-cDXGF-2SpClgHtg-VFDPMMtr,1975596.5371982204
Com,ECC,Ex,cDXGF,CZ09,Whole Building,2009,,,NE-HV_AirDist-SupFanMtr-cDXGF-2SpClgHtg-VFDStdMtr,1986350.4614953802
Com,ECC,Ex,cDXHP,CZ09,Whole Building,2009,,,NE-HV_AirDist-SupFanMtr-cDXHP-2SpClgHtg-Cnst,2346321.0337603893
Com,ECC,Ex,cDXHP,CZ09,Whole Building,2009,,,NE-HV_AirDist-SupFanMtr-cDXHP-2SpClgHtg-VFDExMtr,2008125.231367362
Com,ECC,Ex,cDXHP,CZ09,Whole Building,2009,,,NE-HV_AirDist-SupFanMtr-cDXHP-2SpClgHtg-VFDPMMtr,1992368.9112344885
Com,ECC,Ex,cDXHP,CZ09,Whole Building,2009,,,NE-HV_AirDist-SupFanMtr-cDXHP-2SpClgHtg-VFDStdMtr,2003030.379759531
Com,ECC,Ex,cDXOH,CZ09,Whole Building,2009,,,NE-HV_AirDist-SupFanMtr-cDXOH-2SpClgHtg-Cnst,2336489.362671212
Com,ECC,Ex,cDXOH,CZ09,Whole Building,2009,,,NE-HV_AirDist-SupFanMtr-cDXOH-2SpClgHtg-VFDExMtr,2001693.2337339867
Com,ECC,Ex,cDXOH,CZ09,Whole Building,2009,,,NE-HV_AirDist-SupFanMtr-cDXOH-2SpClgHtg-VFDPMMtr,1986380.5164975163
Com,ECC,Ex,cDXOH,CZ09,Whole Building,2009,,,NE-HV_AirDist-SupFanMtr-cDXOH-2SpClgHtg-VFDStdMtr,1996811.0730959028
Com,ECC,Ex,cDXGF,CZ10,Whole Building,2009,,,NE-HV_AirDist-SupFanMtr-cDXGF-2SpClgHtg-Cnst,2379251.1789079076
Com,ECC,Ex,cDXGF,CZ10,Whole Building,2009,,,NE-HV_AirDist-SupFanMtr-cDXGF-2SpClgHtg-VFDExMtr,2026247.4202763916
Com,ECC,Ex,cDXGF,CZ10,Whole Building,2009,,,NE-HV_AirDist-SupFanMtr-cDXGF-2SpClgHtg-VFDPMMtr,2010526.3266477464
Com,ECC,Ex,cDXGF,CZ10,Whole Building,2009,,,NE-HV_AirDist-SupFanMtr-cDXGF-2SpClgHtg-VFDStdMtr,2021145.8109241365
Com,ECC,Ex,cDXHP,CZ10,Whole Building,2009,,,NE-HV_AirDist-SupFanMtr-cDXHP-2SpClgHtg-Cnst,2382123.275934479
Com,ECC,Ex,cDXHP,CZ10,Whole Building,2009,,,NE-HV_AirDist-SupFanMtr-cDXHP-2SpClgHtg-VFDExMtr,2045755.0689562147
Com,ECC,Ex,cDXHP,CZ10,Whole Building,2009,,,NE-HV_AirDist-SupFanMtr-cDXHP-2SpClgHtg-VFDPMMtr,2030199.1997276098
Com,ECC,Ex,cDXHP,CZ10,Whole Building,2009,,,NE-HV_AirDist-SupFanMtr-cDXHP-2SpClgHtg-VFDStdMtr,2040731.1351451147
Com,ECC,Ex,cDXOH,CZ10,Whole Building,2009,,,NE-HV_AirDist-SupFanMtr-cDXOH-2SpClgHtg-Cnst,2370009.6322208224
Com,ECC,Ex,cDXOH,CZ10,Whole Building,2009,,,NE-HV_AirDist-SupFanMtr-cDXOH-2SpClgHtg-VFDExMtr,2039216.1063802617
Com,ECC,Ex,cDXOH,CZ10,Whole Building,2009,,,NE-HV_AirDist-SupFanMtr-cDXOH-2SpClgHtg-VFDPMMtr,2024212.9143135112
Com,ECC,Ex,cDXOH,CZ10,Whole Building,2009,,,NE-HV_AirDist-SupFanMtr-cDXOH-2SpClgHtg-VFDStdMtr,2034348.2984573152
Com,ECC,Ex,cDXGF,CZ11,Whole Building,2009,,,NE-HV_AirDist-SupFanMtr-cDXGF-2SpClgHtg-Cnst,2422201.1121605607
Com,ECC,Ex,cDXGF,CZ11,Whole Building,2009,,,NE-HV_AirDist-SupFanMtr-cDXGF-2SpClgHtg-VFDExMtr,2038623.6870999679
Com,ECC,Ex,cDXGF,CZ11,Whole Building,2009,,,NE-HV_AirDist-SupFanMtr-cDXGF-2SpClgHtg-VFDPMMtr,2022477.8567242255
Com,ECC,Ex,cDXGF,CZ11,Whole Building,2009,,,NE-HV_AirDist-SupFanMtr-cDXGF-2SpClgHtg-VFDStdMtr,2033463.190475848
Com,ECC,Ex,cDXHP,CZ11,Whole Building,2009,,,NE-HV_AirDist-SupFanMtr-cDXHP-2SpClgHtg-Cnst,2439219.451844082
Com,ECC,Ex,cDXHP,CZ11,Whole Building,2009,,,NE-HV_AirDist-SupFanMtr-cDXHP-2SpClgHtg-VFDExMtr,2070639.6916161876
Com,ECC,Ex,cDXHP,CZ11,Whole Building,2009,,,NE-HV_AirDist-SupFanMtr-cDXHP-2SpClgHtg-VFDPMMtr,2054935.7405829316
Com,ECC,Ex,cDXHP,CZ11,Whole Building,2009,,,NE-HV_AirDist-SupFanMtr-cDXHP-2SpClgHtg-VFDStdMtr,2065522.8732294703
Com,ECC,Ex,cDXOH,CZ11,Whole Building,2009,,,NE-HV_AirDist-SupFanMtr-cDXOH-2SpClgHtg-Cnst,2413513.8424973143
Com,ECC,Ex,cDXOH,CZ11,Whole Building,2009,,,NE-HV_AirDist-SupFanMtr-cDXOH-2SpClgHtg-VFDExMtr,2082531.1209969677
Com,ECC,Ex,cDXOH,CZ11,Whole Building,2009,,,NE-HV_AirDist-SupFanMtr-cDXOH-2SpClgHtg-VFDPMMtr,2068427.8249611815
Com,ECC,Ex,cDXOH,CZ11,Whole Building,2009,,,NE-HV_AirDist-SupFanMtr-cDXOH-2SpClgHtg-VFDStdMtr,2078084.4107795667
Com,ECC,Ex,cDXGF,CZ12,Whole Building,2009,,,NE-HV_AirDist-SupFanMtr-cDXGF-2SpClgHtg-Cnst,2228513.8082873877
Com,ECC,Ex,cDXGF,CZ12,Whole Building,2009,,,NE-HV_AirDist-SupFanMtr-cDXGF-2SpClgHtg-VFDExMtr,1884462.9093568802
Com,ECC,Ex,cDXGF,CZ12,Whole Building,2009,,,NE-HV_AirDist-SupFanMtr-cDXGF-2SpClgHtg-VFDPMMtr,1870029.959929915
Com,ECC,Ex,cDXGF,CZ12,Whole Building,2009,,,NE-HV_AirDist-SupFanMtr-cDXGF-2SpClgHtg-VFDStdMtr,1879846.3705923285
Com,ECC,Ex,cDXHP,CZ12,Whole Building,2009,,,NE-HV_AirDist-SupFanMtr-cDXHP-2SpClgHtg-Cnst,2244259.8567206822
Com,ECC,Ex,cDXHP,CZ12,Whole Building,2009,,,NE-HV_AirDist-SupFanMtr-cDXHP-2SpClgHtg-VFDExMtr,1912993.0455425745
Com,ECC,Ex,cDXHP,CZ12,Whole Building,2009,,,NE-HV_AirDist-SupFanMtr-cDXHP-2SpClgHtg-VFDPMMtr,1898939.1794066369
Com,ECC,Ex,cDXHP,CZ12,Whole Building,2009,,,NE-HV_AirDist-SupFanMtr-cDXHP-2SpClgHtg-VFDStdMtr,1908499.061569911
Com,ECC,Ex,cDXOH,CZ12,Whole Building,2009,,,NE-HV_AirDist-SupFanMtr-cDXOH-2SpClgHtg-Cnst,2222975.999754337
Com,ECC,Ex,cDXOH,CZ12,Whole Building,2009,,,NE-HV_AirDist-SupFanMtr-cDXOH-2SpClgHtg-VFDExMtr,1926839.5933746607
Com,ECC,Ex,cDXOH,CZ12,Whole Building,2009,,,NE-HV_AirDist-SupFanMtr-cDXOH-2SpClgHtg-VFDPMMtr,1914360.2817030658
Com,ECC,Ex,cDXOH,CZ12,Whole Building,2009,,,NE-HV_AirDist-SupFanMtr-cDXOH-2SpClgHtg-VFDStdMtr,1922940.4689131672
Com,ECC,Ex,cDXGF,CZ13,Whole Building,2009,,,NE-HV_AirDist-SupFanMtr-cDXGF-2SpClgHtg-Cnst,2444501.5591703705
Com,ECC,Ex,cDXGF,CZ13,Whole Building,2009,,,NE-HV_AirDist-SupFanMtr-cDXGF-2SpClgHtg-VFDExMtr,2074599.9912603598
Com,ECC,Ex,cDXGF,CZ13,Whole Building,2009,,,NE-HV_AirDist-SupFanMtr-cDXGF-2SpClgHtg-VFDPMMtr,2058817.4754239628
Com,ECC,Ex,cDXGF,CZ13,Whole Building,2009,,,NE-HV_AirDist-SupFanMtr-cDXGF-2SpClgHtg-VFDStdMtr,2069530.4373622849
Com,ECC,Ex,cDXHP,CZ13,Whole Building,2009,,,NE-HV_AirDist-SupFanMtr-cDXHP-2SpClgHtg-Cnst,2456103.7783562234
Com,ECC,Ex,cDXHP,CZ13,Whole Building,2009,,,NE-HV_AirDist-SupFanMtr-cDXHP-2SpClgHtg-VFDExMtr,2095501.9121003705
Com,ECC,Ex,cDXHP,CZ13,Whole Building,2009,,,NE-HV_AirDist-SupFanMtr-cDXHP-2SpClgHtg-VFDPMMtr,2079876.5415527327
Com,ECC,Ex,cDXHP,CZ13,Whole Building,2009,,,NE-HV_AirDist-SupFanMtr-cDXHP-2SpClgHtg-VFDStdMtr,2090428.3834267799
Com,ECC,Ex,cDXOH,CZ13,Whole Building,2009,,,NE-HV_AirDist-SupFanMtr-cDXOH-2SpClgHtg-Cnst,2434431.997709662
Com,ECC,Ex,cDXOH,CZ13,Whole Building,2009,,,NE-HV_AirDist-SupFanMtr-cDXOH-2SpClgHtg-VFDExMtr,2109024.0642354186
Com,ECC,Ex,cDXOH,CZ13,Whole Building,2009,,,NE-HV_AirDist-SupFanMtr-cDXOH-2SpClgHtg-VFDPMMtr,2094594.6919829089
Com,ECC,Ex,cDXOH,CZ13,Whole Building,2009,,,NE-HV_AirDist-SupFanMtr-cDXOH-2SpClgHtg-VFDStdMtr,2104497.6385697233
Com,ECC,Ex,cDXGF,CZ14,Whole Building,2009,,,NE-HV_AirDist-SupFanMtr-cDXGF-2SpClgHtg-Cnst,2443553.19317539
Com,ECC,Ex,cDXGF,CZ14,Whole Building,2009,,,NE-HV_AirDist-SupFanMtr-cDXGF-2SpClgHtg-VFDExMtr,2071321.2514063132
Com,ECC,Ex,cDXGF,CZ14,Whole Building,2009,,,NE-HV_AirDist-SupFanMtr-cDXGF-2SpClgHtg-VFDPMMtr,2055532.6044446435
Com,ECC,Ex,cDXGF,CZ14,Whole Building,2009,,,NE-HV_AirDist-SupFanMtr-cDXGF-2SpClgHtg-VFDStdMtr,2066079.6338229477
Com,ECC,Ex,cDXHP,CZ14,Whole Building,2009,,,NE-HV_AirDist-SupFanMtr-cDXHP-2SpClgHtg-Cnst,2460227.676915994
Com,ECC,Ex,cDXHP,CZ14,Whole Building,2009,,,NE-HV_AirDist-SupFanMtr-cDXHP-2SpClgHtg-VFDExMtr,2090163.2853077282
Com,ECC,Ex,cDXHP,CZ14,Whole Building,2009,,,NE-HV_AirDist-SupFanMtr-cDXHP-2SpClgHtg-VFDPMMtr,2074117.8608985592
Com,ECC,Ex,cDXHP,CZ14,Whole Building,2009,,,NE-HV_AirDist-SupFanMtr-cDXHP-2SpClgHtg-VFDStdMtr,2084771.5899035379
Com,ECC,Ex,cDXOH,CZ14,Whole Building,2009,,,NE-HV_AirDist-SupFanMtr-cDXOH-2SpClgHtg-Cnst,2432909.2719442504
Com,ECC,Ex,cDXOH,CZ14,Whole Building,2009,,,NE-HV_AirDist-SupFanMtr-cDXOH-2SpClgHtg-VFDExMtr,2101271.2714996114
Com,ECC,Ex,cDXOH,CZ14,Whole Building,2009,,,NE-HV_AirDist-SupFanMtr-cDXOH-2SpClgHtg-VFDPMMtr,2087102.1711501135
Com,ECC,Ex,cDXOH,CZ14,Whole Building,2009,,,NE-HV_AirDist-SupFanMtr-cDXOH-2SpClgHtg-VFDStdMtr,2096763.804332879
Com,ECC,Ex,cDXGF,CZ15,Whole Building,2009,,,NE-HV_AirDist-SupFanMtr-cDXGF-2SpClgHtg-Cnst,2878891.032492949
Com,ECC,Ex,cDXGF,CZ15,Whole Building,2009,,,NE-HV_AirDist-SupFanMtr-cDXGF-2SpClgHtg-VFDExMtr,2480205.002438935
Com,ECC,Ex,cDXGF,CZ15,Whole Building,2009,,,NE-HV_AirDist-SupFanMtr-cDXGF-2SpClgHtg-VFDPMMtr,2461869.916209467
Com,ECC,Ex,cDXGF,CZ15,Whole Building,2009,,,NE-HV_AirDist-SupFanMtr-cDXGF-2SpClgHtg-VFDStdMtr,2474106.202316716
Com,ECC,Ex,cDXHP,CZ15,Whole Building,2009,,,NE-HV_AirDist-SupFanMtr-cDXHP-2SpClgHtg-Cnst,2883448.7719107326
Com,ECC,Ex,cDXHP,CZ15,Whole Building,2009,,,NE-HV_AirDist-SupFanMtr-cDXHP-2SpClgHtg-VFDExMtr,2508210.787280113
Com,ECC,Ex,cDXHP,CZ15,Whole Building,2009,,,NE-HV_AirDist-SupFanMtr-cDXHP-2SpClgHtg-VFDPMMtr,2489987.713415502
Com,ECC,Ex,cDXHP,CZ15,Whole Building,2009,,,NE-HV_AirDist-SupFanMtr-cDXHP-2SpClgHtg-VFDStdMtr,2502168.021198607
Com,ECC,Ex,cDXOH,CZ15,Whole Building,2009,,,NE-HV_AirDist-SupFanMtr-cDXOH-2SpClgHtg-Cnst,2861309.4849719685
Com,ECC,Ex,cDXOH,CZ15,Whole Building,2009,,,NE-HV_AirDist-SupFanMtr-cDXOH-2SpClgHtg-VFDExMtr,2484048.7866569883
Com,ECC,Ex,cDXOH,CZ15,Whole Building,2009,,,NE-HV_AirDist-SupFanMtr-cDXOH-2SpClgHtg-VFDPMMtr,2466068.512648533
Com,ECC,Ex,cDXOH,CZ15,Whole Building,2009,,,NE-HV_AirDist-SupFanMtr-cDXOH-2SpClgHtg-VFDStdMtr,2478017.795410879
Com,ECC,Ex,cDXGF,CZ16,Whole Building,2009,,,NE-HV_AirDist-SupFanMtr-cDXGF-2SpClgHtg-Cnst,2190361.11253637
Com,ECC,Ex,cDXGF,CZ16,Whole Building,2009,,,NE-HV_AirDist-SupFanMtr-cDXGF-2SpClgHtg-VFDExMtr,1796754.104470679
Com,ECC,Ex,cDXGF,CZ16,Whole Building,2009,,,NE-HV_AirDist-SupFanMtr-cDXGF-2SpClgHtg-VFDPMMtr,1781027.1515901948
Com,ECC,Ex,cDXGF,CZ16,Whole Building,2009,,,NE-HV_AirDist-SupFanMtr-cDXGF-2SpClgHtg-VFDStdMtr,1791916.956215094
Com,ECC,Ex,cDXHP,CZ16,Whole Building,2009,,,NE-HV_AirDist-SupFanMtr-cDXHP-2SpClgHtg-Cnst,2230040.3419438633
Com,ECC,Ex,cDXHP,CZ16,Whole Building,2009,,,NE-HV_AirDist-SupFanMtr-cDXHP-2SpClgHtg-VFDExMtr,1845889.8171661678
Com,ECC,Ex,cDXHP,CZ16,Whole Building,2009,,,NE-HV_AirDist-SupFanMtr-cDXHP-2SpClgHtg-VFDPMMtr,1830994.4140223223
Com,ECC,Ex,cDXHP,CZ16,Whole Building,2009,,,NE-HV_AirDist-SupFanMtr-cDXHP-2SpClgHtg-VFDStdMtr,1841264.6204252795
Com,ECC,Ex,cDXOH,CZ16,Whole Building,2009,,,NE-HV_AirDist-SupFanMtr-cDXOH-2SpClgHtg-Cnst,2196858.8143024254
Com,ECC,Ex,cDXOH,CZ16,Whole Building,2009,,,NE-HV_AirDist-SupFanMtr-cDXOH-2SpClgHtg-VFDExMtr,1879422.311311534
Com,ECC,Ex,cDXOH,CZ16,Whole Building,2009,,,NE-HV_AirDist-SupFanMtr-cDXOH-2SpClgHtg-VFDPMMtr,1867089.4298923693
Com,ECC,Ex,cDXOH,CZ16,Whole Building,2009,,,NE-HV_AirDist-SupFanMtr-cDXOH-2SpClgHtg-VFDStdMtr,1875806.435629578
Com,EPr,Ex,cDXGF,CZ01,Whole Building,2009,,,NE-HV_AirDist-SupFanMtr-cDXGF-2SpClgHtg-Cnst,230454.82614061562
Com,EPr,Ex,cDXGF,CZ01,Whole Building,2009,,,NE-HV_AirDist-SupFanMtr-cDXGF-2SpClgHtg-VFDExMtr,187783.03215096646
Com,EPr,Ex,cDXGF,CZ01,Whole Building,2009,,,NE-HV_AirDist-SupFanMtr-cDXGF-2SpClgHtg-VFDPMMtr,186281.97659742399
Com,EPr,Ex,cDXGF,CZ01,Whole Building,2009,,,NE-HV_AirDist-SupFanMtr-cDXGF-2SpClgHtg-VFDStdMtr,187342.99402755848
Com,EPr,Ex,cDXHP,CZ01,Whole Building,2009,,,NE-HV_AirDist-SupFanMtr-cDXHP-2SpClgHtg-Cnst,240612.15040666354
Com,EPr,Ex,cDXHP,CZ01,Whole Building,2009,,,NE-HV_AirDist-SupFanMtr-cDXHP-2SpClgHtg-VFDExMtr,197725.39357904452
Com,EPr,Ex,cDXHP,CZ01,Whole Building,2009,,,NE-HV_AirDist-SupFanMtr-cDXHP-2SpClgHtg-VFDPMMtr,196362.6533590875
Com,EPr,Ex,cDXHP,CZ01,Whole Building,2009,,,NE-HV_AirDist-SupFanMtr-cDXHP-2SpClgHtg-VFDStdMtr,197330.5027549093
Com,EPr,Ex,cDXOH,CZ01,Whole Building,2009,,,NE-HV_AirDist-SupFanMtr-cDXOH-2SpClgHtg-Cnst,231282.8523494962
Com,EPr,Ex,cDXOH,CZ01,Whole Building,2009,,,NE-HV_AirDist-SupFanMtr-cDXOH-2SpClgHtg-VFDExMtr,202337.28779936698
Com,EPr,Ex,cDXOH,CZ01,Whole Building,2009,,,NE-HV_AirDist-SupFanMtr-cDXOH-2SpClgHtg-VFDPMMtr,201581.38366138414
Com,EPr,Ex,cDXOH,CZ01,Whole Building,2009,,,NE-HV_AirDist-SupFanMtr-cDXOH-2SpClgHtg-VFDStdMtr,202129.04894372274
Com,EPr,Ex,cDXGF,CZ02,Whole Building,2009,,,NE-HV_AirDist-SupFanMtr-cDXGF-2SpClgHtg-Cnst,266701.3461782333
Com,EPr,Ex,cDXGF,CZ02,Whole Building,2009,,,NE-HV_AirDist-SupFanMtr-cDXGF-2SpClgHtg-VFDExMtr,219930.9733010548
Com,EPr,Ex,cDXGF,CZ02,Whole Building,2009,,,NE-HV_AirDist-SupFanMtr-cDXGF-2SpClgHtg-VFDPMMtr,218034.74589986634
Com,EPr,Ex,cDXGF,CZ02,Whole Building,2009,,,NE-HV_AirDist-SupFanMtr-cDXGF-2SpClgHtg-VFDStdMtr,219331.6515698347
Com,EPr,Ex,cDXHP,CZ02,Whole Building,2009,,,NE-HV_AirDist-SupFanMtr-cDXHP-2SpClgHtg-Cnst,272898.1062440689
Com,EPr,Ex,cDXHP,CZ02,Whole Building,2009,,,NE-HV_AirDist-SupFanMtr-cDXHP-2SpClgHtg-VFDExMtr,226704.94160577064
Com,EPr,Ex,cDXHP,CZ02,Whole Building,2009,,,NE-HV_AirDist-SupFanMtr-cDXHP-2SpClgHtg-VFDPMMtr,224894.85844210137
Com,EPr,Ex,cDXHP,CZ02,Whole Building,2009,,,NE-HV_AirDist-SupFanMtr-cDXHP-2SpClgHtg-VFDStdMtr,226132.3531862978
Com,EPr,Ex,cDXOH,CZ02,Whole Building,2009,,,NE-HV_AirDist-SupFanMtr-cDXOH-2SpClgHtg-Cnst,266092.6990248358
Com,EPr,Ex,cDXOH,CZ02,Whole Building,2009,,,NE-HV_AirDist-SupFanMtr-cDXOH-2SpClgHtg-VFDExMtr,229471.1598773718
Com,EPr,Ex,cDXOH,CZ02,Whole Building,2009,,,NE-HV_AirDist-SupFanMtr-cDXOH-2SpClgHtg-VFDPMMtr,228126.02780717012
Com,EPr,Ex,cDXOH,CZ02,Whole Building,2009,,,NE-HV_AirDist-SupFanMtr-cDXOH-2SpClgHtg-VFDStdMtr,229042.8585199464
Com,EPr,Ex,cDXGF,CZ03,Whole Building,2009,,,NE-HV_AirDist-SupFanMtr-cDXGF-2SpClgHtg-Cnst,246430.21492948456
Com,EPr,Ex,cDXGF,CZ03,Whole Building,2009,,,NE-HV_AirDist-SupFanMtr-cDXGF-2SpClgHtg-VFDExMtr,204025.3347143344
Com,EPr,Ex,cDXGF,CZ03,Whole Building,2009,,,NE-HV_AirDist-SupFanMtr-cDXGF-2SpClgHtg-VFDPMMtr,202247.83196359695
Com,EPr,Ex,cDXGF,CZ03,Whole Building,2009,,,NE-HV_AirDist-SupFanMtr-cDXGF-2SpClgHtg-VFDStdMtr,203487.90659399913
Com,EPr,Ex,cDXHP,CZ03,Whole Building,2009,,,NE-HV_AirDist-SupFanMtr-cDXHP-2SpClgHtg-Cnst,250103.81452880142
Com,EPr,Ex,cDXHP,CZ03,Whole Building,2009,,,NE-HV_AirDist-SupFanMtr-cDXHP-2SpClgHtg-VFDExMtr,207883.73540465074
Com,EPr,Ex,cDXHP,CZ03,Whole Building,2009,,,NE-HV_AirDist-SupFanMtr-cDXHP-2SpClgHtg-VFDPMMtr,206172.23336958527
Com,EPr,Ex,cDXHP,CZ03,Whole Building,2009,,,NE-HV_AirDist-SupFanMtr-cDXHP-2SpClgHtg-VFDStdMtr,207368.11616434695
Com,EPr,Ex,cDXOH,CZ03,Whole Building,2009,,,NE-HV_AirDist-SupFanMtr-cDXOH-2SpClgHtg-Cnst,246206.9949485753
Com,EPr,Ex,cDXOH,CZ03,Whole Building,2009,,,NE-HV_AirDist-SupFanMtr-cDXOH-2SpClgHtg-VFDExMtr,209976.6852493148
Com,EPr,Ex,cDXOH,CZ03,Whole Building,2009,,,NE-HV_AirDist-SupFanMtr-cDXOH-2SpClgHtg-VFDPMMtr,208554.9986770505
Com,EPr,Ex,cDXOH,CZ03,Whole Building,2009,,,NE-HV_AirDist-SupFanMtr-cDXOH-2SpClgHtg-VFDStdMtr,209545.85749552117
Com,EPr,Ex,cDXGF,CZ04,Whole Building,2009,,,NE-HV_AirDist-SupFanMtr-cDXGF-2SpClgHtg-Cnst,292714.1602893958
Com,EPr,Ex,cDXGF,CZ04,Whole Building,2009,,,NE-HV_AirDist-SupFanMtr-cDXGF-2SpClgHtg-VFDExMtr,242500.93537977582
Com,EPr,Ex,cDXGF,CZ04,Whole Building,2009,,,NE-HV_AirDist-SupFanMtr-cDXGF-2SpClgHtg-VFDPMMtr,240447.38345631683
Com,EPr,Ex,cDXGF,CZ04,Whole Building,2009,,,NE-HV_AirDist-SupFanMtr-cDXGF-2SpClgHtg-VFDStdMtr,241855.86762610645
Com,EPr,Ex,cDXHP,CZ04,Whole Building,2009,,,NE-HV_AirDist-SupFanMtr-cDXHP-2SpClgHtg-Cnst,297903.8388979794
Com,EPr,Ex,cDXHP,CZ04,Whole Building,2009,,,NE-HV_AirDist-SupFanMtr-cDXHP-2SpClgHtg-VFDExMtr,248290.9652471621
Com,EPr,Ex,cDXHP,CZ04,Whole Building,2009,,,NE-HV_AirDist-SupFanMtr-cDXHP-2SpClgHtg-VFDPMMtr,246325.96505656265
Com,EPr,Ex,cDXHP,CZ04,Whole Building,2009,,,NE-HV_AirDist-SupFanMtr-cDXHP-2SpClgHtg-VFDStdMtr,247661.2310817271
Com,EPr,Ex,cDXOH,CZ04,Whole Building,2009,,,NE-HV_AirDist-SupFanMtr-cDXOH-2SpClgHtg-Cnst,291349.53925834276
Com,EPr,Ex,cDXOH,CZ04,Whole Building,2009,,,NE-HV_AirDist-SupFanMtr-cDXOH-2SpClgHtg-VFDExMtr,250117.50688229344
Com,EPr,Ex,cDXOH,CZ04,Whole Building,2009,,,NE-HV_AirDist-SupFanMtr-cDXOH-2SpClgHtg-VFDPMMtr,248524.724576173
Com,EPr,Ex,cDXOH,CZ04,Whole Building,2009,,,NE-HV_AirDist-SupFanMtr-cDXOH-2SpClgHtg-VFDStdMtr,249605.85493321385
Com,EPr,Ex,cDXGF,CZ05,Whole Building,2009,,,NE-HV_AirDist-SupFanMtr-cDXGF-2SpClgHtg-Cnst,250946.34532365194
Com,EPr,Ex,cDXGF,CZ05,Whole Building,2009,,,NE-HV_AirDist-SupFanMtr-cDXGF-2SpClgHtg-VFDExMtr,207360.55574585567
Com,EPr,Ex,cDXGF,CZ05,Whole Building,2009,,,NE-HV_AirDist-SupFanMtr-cDXGF-2SpClgHtg-VFDPMMtr,205570.40756367252
Com,EPr,Ex,cDXGF,CZ05,Whole Building,2009,,,NE-HV_AirDist-SupFanMtr-cDXGF-2SpClgHtg-VFDStdMtr,206817.00688164536
Com,EPr,Ex,cDXHP,CZ05,Whole Building,2009,,,NE-HV_AirDist-SupFanMtr-cDXHP-2SpClgHtg-Cnst,254663.26655344857
Com,EPr,Ex,cDXHP,CZ05,Whole Building,2009,,,NE-HV_AirDist-SupFanMtr-cDXHP-2SpClgHtg-VFDExMtr,211182.11432192224
Com,EPr,Ex,cDXHP,CZ05,Whole Building,2009,,,NE-HV_AirDist-SupFanMtr-cDXHP-2SpClgHtg-VFDPMMtr,209461.2316053997
Com,EPr,Ex,cDXHP,CZ05,Whole Building,2009,,,NE-HV_AirDist-SupFanMtr-cDXHP-2SpClgHtg-VFDStdMtr,210658.7952265711
Com,EPr,Ex,cDXOH,CZ05,Whole Building,2009,,,NE-HV_AirDist-SupFanMtr-cDXOH-2SpClgHtg-Cnst,250366.09913969092
Com,EPr,Ex,cDXOH,CZ05,Whole Building,2009,,,NE-HV_AirDist-SupFanMtr-cDXOH-2SpClgHtg-VFDExMtr,212515.53060310983
Com,EPr,Ex,cDXOH,CZ05,Whole Building,2009,,,NE-HV_AirDist-SupFanMtr-cDXOH-2SpClgHtg-VFDPMMtr,211076.46729433985
Com,EPr,Ex,cDXOH,CZ05,Whole Building,2009,,,NE-HV_AirDist-SupFanMtr-cDXOH-2SpClgHtg-VFDStdMtr,212081.35594608277
Com,EPr,Ex,cDXGF,CZ06,Whole Building,2009,,,NE-HV_AirDist-SupFanMtr-cDXGF-2SpClgHtg-Cnst,273229.6398354142
Com,EPr,Ex,cDXGF,CZ06,Whole Building,2009,,,NE-HV_AirDist-SupFanMtr-cDXGF-2SpClgHtg-VFDExMtr,231217.45812882864
Com,EPr,Ex,cDXGF,CZ06,Whole Building,2009,,,NE-HV_AirDist-SupFanMtr-cDXGF-2SpClgHtg-VFDPMMtr,229225.69668838085
Com,EPr,Ex,cDXGF,CZ06,Whole Building,2009,,,NE-HV_AirDist-SupFanMtr-cDXGF-2SpClgHtg-VFDStdMtr,230584.60325389483
Com,EPr,Ex,cDXHP,CZ06,Whole Building,2009,,,NE-HV_AirDist-SupFanMtr-cDXHP-2SpClgHtg-Cnst,272950.14979759563
Com,EPr,Ex,cDXHP,CZ06,Whole Building,2009,,,NE-HV_AirDist-SupFanMtr-cDXHP-2SpClgHtg-VFDExMtr,232332.60478775343
Com,EPr,Ex,cDXHP,CZ06,Whole Building,2009,,,NE-HV_AirDist-SupFanMtr-cDXHP-2SpClgHtg-VFDPMMtr,230322.89032326845
Com,EPr,Ex,cDXHP,CZ06,Whole Building,2009,,,NE-HV_AirDist-SupFanMtr-cDXHP-2SpClgHtg-VFDStdMtr,231701.66546621558
Com,EPr,Ex,cDXOH,CZ06,Whole Building,2009,,,NE-HV_AirDist-SupFanMtr-cDXOH-2SpClgHtg-Cnst,271849.6887189344
Com,EPr,Ex,cDXOH,CZ06,Whole Building,2009,,,NE-HV_AirDist-SupFanMtr-cDXOH-2SpClgHtg-VFDExMtr,232870.89745633505
Com,EPr,Ex,cDXOH,CZ06,Whole Building,2009,,,NE-HV_AirDist-SupFanMtr-cDXOH-2SpClgHtg-VFDPMMtr,230974.467864128
Com,EPr,Ex,cDXOH,CZ06,Whole Building,2009,,,NE-HV_AirDist-SupFanMtr-cDXOH-2SpClgHtg-VFDStdMtr,232271.5788887116
Com,EPr,Ex,cDXGF,CZ07,Whole Building,2009,,,NE-HV_AirDist-SupFanMtr-cDXGF-2SpClgHtg-Cnst,274162.49874854134
Com,EPr,Ex,cDXGF,CZ07,Whole Building,2009,,,NE-HV_AirDist-SupFanMtr-cDXGF-2SpClgHtg-VFDExMtr,231397.5912699452
Com,EPr,Ex,cDXGF,CZ07,Whole Building,2009,,,NE-HV_AirDist-SupFanMtr-cDXGF-2SpClgHtg-VFDPMMtr,229384.2363300314
Com,EPr,Ex,cDXGF,CZ07,Whole Building,2009,,,NE-HV_AirDist-SupFanMtr-cDXGF-2SpClgHtg-VFDStdMtr,230753.23410234958
Com,EPr,Ex,cDXHP,CZ07,Whole Building,2009,,,NE-HV_AirDist-SupFanMtr-cDXHP-2SpClgHtg-Cnst,275116.39895435434
Com,EPr,Ex,cDXHP,CZ07,Whole Building,2009,,,NE-HV_AirDist-SupFanMtr-cDXHP-2SpClgHtg-VFDExMtr,233582.28464261742
Com,EPr,Ex,cDXHP,CZ07,Whole Building,2009,,,NE-HV_AirDist-SupFanMtr-cDXHP-2SpClgHtg-VFDPMMtr,231574.2591960565
Com,EPr,Ex,cDXHP,CZ07,Whole Building,2009,,,NE-HV_AirDist-SupFanMtr-cDXHP-2SpClgHtg-VFDStdMtr,232936.65305867375
Com,EPr,Ex,cDXOH,CZ07,Whole Building,2009,,,NE-HV_AirDist-SupFanMtr-cDXOH-2SpClgHtg-Cnst,272995.916762102
Com,EPr,Ex,cDXOH,CZ07,Whole Building,2009,,,NE-HV_AirDist-SupFanMtr-cDXOH-2SpClgHtg-VFDExMtr,232956.45436573782
Com,EPr,Ex,cDXOH,CZ07,Whole Building,2009,,,NE-HV_AirDist-SupFanMtr-cDXOH-2SpClgHtg-VFDPMMtr,231065.73412658417
Com,EPr,Ex,cDXOH,CZ07,Whole Building,2009,,,NE-HV_AirDist-SupFanMtr-cDXOH-2SpClgHtg-VFDStdMtr,232356.38967966812
Com,EPr,Ex,cDXGF,CZ08,Whole Building,2009,,,NE-HV_AirDist-SupFanMtr-cDXGF-2SpClgHtg-Cnst,301721.40179014485
Com,EPr,Ex,cDXGF,CZ08,Whole Building,2009,,,NE-HV_AirDist-SupFanMtr-cDXGF-2SpClgHtg-VFDExMtr,254739.98004839814
Com,EPr,Ex,cDXGF,CZ08,Whole Building,2009,,,NE-HV_AirDist-SupFanMtr-cDXGF-2SpClgHtg-VFDPMMtr,252576.94350321684
Com,EPr,Ex,cDXGF,CZ08,Whole Building,2009,,,NE-HV_AirDist-SupFanMtr-cDXGF-2SpClgHtg-VFDStdMtr,254043.2810917342
Com,EPr,Ex,cDXHP,CZ08,Whole Building,2009,,,NE-HV_AirDist-SupFanMtr-cDXHP-2SpClgHtg-Cnst,302910.52048196073
Com,EPr,Ex,cDXHP,CZ08,Whole Building,2009,,,NE-HV_AirDist-SupFanMtr-cDXHP-2SpClgHtg-VFDExMtr,259176.65259183318
Com,EPr,Ex,cDXHP,CZ08,Whole Building,2009,,,NE-HV_AirDist-SupFanMtr-cDXHP-2SpClgHtg-VFDPMMtr,257064.88896294963
Com,EPr,Ex,cDXHP,CZ08,Whole Building,2009,,,NE-HV_AirDist-SupFanMtr-cDXHP-2SpClgHtg-VFDStdMtr,258503.4572345906
Com,EPr,Ex,cDXOH,CZ08,Whole Building,2009,,,NE-HV_AirDist-SupFanMtr-cDXOH-2SpClgHtg-Cnst,299740.79981417995
Com,EPr,Ex,cDXOH,CZ08,Whole Building,2009,,,NE-HV_AirDist-SupFanMtr-cDXOH-2SpClgHtg-VFDExMtr,256757.7642301758
Com,EPr,Ex,cDXOH,CZ08,Whole Building,2009,,,NE-HV_AirDist-SupFanMtr-cDXOH-2SpClgHtg-VFDPMMtr,254739.52052164817
Com,EPr,Ex,cDXOH,CZ08,Whole Building,2009,,,NE-HV_AirDist-SupFanMtr-cDXOH-2SpClgHtg-VFDStdMtr,256102.62035481917
Com,EPr,Ex,cDXGF,CZ09,Whole Building,2009,,,NE-HV_AirDist-SupFanMtr-cDXGF-2SpClgHtg-Cnst,304838.1411998005
Com,EPr,Ex,cDXGF,CZ09,Whole Building,2009,,,NE-HV_AirDist-SupFanMtr-cDXGF-2SpClgHtg-VFDExMtr,254934.4262910175
Com,EPr,Ex,cDXGF,CZ09,Whole Building,2009,,,NE-HV_AirDist-SupFanMtr-cDXGF-2SpClgHtg-VFDPMMtr,252695.1602260964
Com,EPr,Ex,cDXGF,CZ09,Whole Building,2009,,,NE-HV_AirDist-SupFanMtr-cDXGF-2SpClgHtg-VFDStdMtr,254221.34237231626
Com,EPr,Ex,cDXHP,CZ09,Whole Building,2009,,,NE-HV_AirDist-SupFanMtr-cDXHP-2SpClgHtg-Cnst,306373.5184587951
Com,EPr,Ex,cDXHP,CZ09,Whole Building,2009,,,NE-HV_AirDist-SupFanMtr-cDXHP-2SpClgHtg-VFDExMtr,259266.80446801655
Com,EPr,Ex,cDXHP,CZ09,Whole Building,2009,,,NE-HV_AirDist-SupFanMtr-cDXHP-2SpClgHtg-VFDPMMtr,257035.65586058967
Com,EPr,Ex,cDXHP,CZ09,Whole Building,2009,,,NE-HV_AirDist-SupFanMtr-cDXHP-2SpClgHtg-VFDStdMtr,258545.4388492695
Com,EPr,Ex,cDXOH,CZ09,Whole Building,2009,,,NE-HV_AirDist-SupFanMtr-cDXOH-2SpClgHtg-Cnst,303144.98424592026
Com,EPr,Ex,cDXOH,CZ09,Whole Building,2009,,,NE-HV_AirDist-SupFanMtr-cDXOH-2SpClgHtg-VFDExMtr,257486.8230598424
Com,EPr,Ex,cDXOH,CZ09,Whole Building,2009,,,NE-HV_AirDist-SupFanMtr-cDXOH-2SpClgHtg-VFDPMMtr,255383.5500374647
Com,EPr,Ex,cDXOH,CZ09,Whole Building,2009,,,NE-HV_AirDist-SupFanMtr-cDXOH-2SpClgHtg-VFDStdMtr,256779.32335165338
Com,EPr,Ex,cDXGF,CZ10,Whole Building,2009,,,NE-HV_AirDist-SupFanMtr-cDXGF-2SpClgHtg-Cnst,306503.7134612596
Com,EPr,Ex,cDXGF,CZ10,Whole Building,2009,,,NE-HV_AirDist-SupFanMtr-cDXGF-2SpClgHtg-VFDExMtr,258487.21560998232
Com,EPr,Ex,cDXGF,CZ10,Whole Building,2009,,,NE-HV_AirDist-SupFanMtr-cDXGF-2SpClgHtg-VFDPMMtr,256344.98222207645
Com,EPr,Ex,cDXGF,CZ10,Whole Building,2009,,,NE-HV_AirDist-SupFanMtr-cDXGF-2SpClgHtg-VFDStdMtr,257792.957224908
Com,EPr,Ex,cDXHP,CZ10,Whole Building,2009,,,NE-HV_AirDist-SupFanMtr-cDXHP-2SpClgHtg-Cnst,308074.95172207936
Com,EPr,Ex,cDXHP,CZ10,Whole Building,2009,,,NE-HV_AirDist-SupFanMtr-cDXHP-2SpClgHtg-VFDExMtr,263448.8328990312
Com,EPr,Ex,cDXHP,CZ10,Whole Building,2009,,,NE-HV_AirDist-SupFanMtr-cDXHP-2SpClgHtg-VFDPMMtr,261387.30082529457
Com,EPr,Ex,cDXHP,CZ10,Whole Building,2009,,,NE-HV_AirDist-SupFanMtr-cDXHP-2SpClgHtg-VFDStdMtr,262793.21825536434
Com,EPr,Ex,cDXOH,CZ10,Whole Building,2009,,,NE-HV_AirDist-SupFanMtr-cDXOH-2SpClgHtg-Cnst,304838.48882013804
Com,EPr,Ex,cDXOH,CZ10,Whole Building,2009,,,NE-HV_AirDist-SupFanMtr-cDXOH-2SpClgHtg-VFDExMtr,261147.86380865428
Com,EPr,Ex,cDXOH,CZ10,Whole Building,2009,,,NE-HV_AirDist-SupFanMtr-cDXOH-2SpClgHtg-VFDPMMtr,259219.26730394474
Com,EPr,Ex,cDXOH,CZ10,Whole Building,2009,,,NE-HV_AirDist-SupFanMtr-cDXOH-2SpClgHtg-VFDStdMtr,260490.4536226016
Com,EPr,Ex,cDXGF,CZ11,Whole Building,2009,,,NE-HV_AirDist-SupFanMtr-cDXGF-2SpClgHtg-Cnst,321560.56425659405
Com,EPr,Ex,cDXGF,CZ11,Whole Building,2009,,,NE-HV_AirDist-SupFanMtr-cDXGF-2SpClgHtg-VFDExMtr,267234.079186067
Com,EPr,Ex,cDXGF,CZ11,Whole Building,2009,,,NE-HV_AirDist-SupFanMtr-cDXGF-2SpClgHtg-VFDPMMtr,264930.7405195102
Com,EPr,Ex,cDXGF,CZ11,Whole Building,2009,,,NE-HV_AirDist-SupFanMtr-cDXGF-2SpClgHtg-VFDStdMtr,266491.8038431705
Com,EPr,Ex,cDXHP,CZ11,Whole Building,2009,,,NE-HV_AirDist-SupFanMtr-cDXHP-2SpClgHtg-Cnst,327118.4959347103
Com,EPr,Ex,cDXHP,CZ11,Whole Building,2009,,,NE-HV_AirDist-SupFanMtr-cDXHP-2SpClgHtg-VFDExMtr,275153.49352792895
Com,EPr,Ex,cDXHP,CZ11,Whole Building,2009,,,NE-HV_AirDist-SupFanMtr-cDXHP-2SpClgHtg-VFDPMMtr,272888.8023401779
Com,EPr,Ex,cDXHP,CZ11,Whole Building,2009,,,NE-HV_AirDist-SupFanMtr-cDXHP-2SpClgHtg-VFDStdMtr,274439.47686050384
Com,EPr,Ex,cDXOH,CZ11,Whole Building,2009,,,NE-HV_AirDist-SupFanMtr-cDXOH-2SpClgHtg-Cnst,320309.7185552216
Com,EPr,Ex,cDXOH,CZ11,Whole Building,2009,,,NE-HV_AirDist-SupFanMtr-cDXOH-2SpClgHtg-VFDExMtr,277026.6968494121
Com,EPr,Ex,cDXOH,CZ11,Whole Building,2009,,,NE-HV_AirDist-SupFanMtr-cDXOH-2SpClgHtg-VFDPMMtr,275221.2456204241
Com,EPr,Ex,cDXOH,CZ11,Whole Building,2009,,,NE-HV_AirDist-SupFanMtr-cDXOH-2SpClgHtg-VFDStdMtr,276454.07552202564
Com,EPr,Ex,cDXGF,CZ12,Whole Building,2009,,,NE-HV_AirDist-SupFanMtr-cDXGF-2SpClgHtg-Cnst,292398.7085552223
Com,EPr,Ex,cDXGF,CZ12,Whole Building,2009,,,NE-HV_AirDist-SupFanMtr-cDXGF-2SpClgHtg-VFDExMtr,242634.23556444125
Com,EPr,Ex,cDXGF,CZ12,Whole Building,2009,,,NE-HV_AirDist-SupFanMtr-cDXGF-2SpClgHtg-VFDPMMtr,240499.7503336316
Com,EPr,Ex,cDXGF,CZ12,Whole Building,2009,,,NE-HV_AirDist-SupFanMtr-cDXGF-2SpClgHtg-VFDStdMtr,241944.0236775796
Com,EPr,Ex,cDXHP,CZ12,Whole Building,2009,,,NE-HV_AirDist-SupFanMtr-cDXHP-2SpClgHtg-Cnst,297614.5933107346
Com,EPr,Ex,cDXHP,CZ12,Whole Building,2009,,,NE-HV_AirDist-SupFanMtr-cDXHP-2SpClgHtg-VFDExMtr,249645.90077842522
Com,EPr,Ex,cDXHP,CZ12,Whole Building,2009,,,NE-HV_AirDist-SupFanMtr-cDXHP-2SpClgHtg-VFDPMMtr,247608.38823716066
Com,EPr,Ex,cDXHP,CZ12,Whole Building,2009,,,NE-HV_AirDist-SupFanMtr-cDXHP-2SpClgHtg-VFDStdMtr,248988.28725861773
Com,EPr,Ex,cDXOH,CZ12,Whole Building,2009,,,NE-HV_AirDist-SupFanMtr-cDXOH-2SpClgHtg-Cnst,291489.72852230177
Com,EPr,Ex,cDXOH,CZ12,Whole Building,2009,,,NE-HV_AirDist-SupFanMtr-cDXOH-2SpClgHtg-VFDExMtr,252133.5987513271
Com,EPr,Ex,cDXOH,CZ12,Whole Building,2009,,,NE-HV_AirDist-SupFanMtr-cDXOH-2SpClgHtg-VFDPMMtr,250520.01878005714
Com,EPr,Ex,cDXOH,CZ12,Whole Building,2009,,,NE-HV_AirDist-SupFanMtr-cDXOH-2SpClgHtg-VFDStdMtr,251610.53546452022
Com,EPr,Ex,cDXGF,CZ13,Whole Building,2009,,,NE-HV_AirDist-SupFanMtr-cDXGF-2SpClgHtg-Cnst,326350.5195440225
Com,EPr,Ex,cDXGF,CZ13,Whole Building,2009,,,NE-HV_AirDist-SupFanMtr-cDXGF-2SpClgHtg-VFDExMtr,271537.8818587327
Com,EPr,Ex,cDXGF,CZ13,Whole Building,2009,,,NE-HV_AirDist-SupFanMtr-cDXGF-2SpClgHtg-VFDPMMtr,269171.0615897835
Com,EPr,Ex,cDXGF,CZ13,Whole Building,2009,,,NE-HV_AirDist-SupFanMtr-cDXGF-2SpClgHtg-VFDStdMtr,270771.271755674
Com,EPr,Ex,cDXHP,CZ13,Whole Building,2009,,,NE-HV_AirDist-SupFanMtr-cDXHP-2SpClgHtg-Cnst,330490.7961038945
Com,EPr,Ex,cDXHP,CZ13,Whole Building,2009,,,NE-HV_AirDist-SupFanMtr-cDXHP-2SpClgHtg-VFDExMtr,279155.3431968102
Com,EPr,Ex,cDXHP,CZ13,Whole Building,2009,,,NE-HV_AirDist-SupFanMtr-cDXHP-2SpClgHtg-VFDPMMtr,276900.7131485731
Com,EPr,Ex,cDXHP,CZ13,Whole Building,2009,,,NE-HV_AirDist-SupFanMtr-cDXHP-2SpClgHtg-VFDStdMtr,278423.3288033806
Com,EPr,Ex,cDXOH,CZ13,Whole Building,2009,,,NE-HV_AirDist-SupFanMtr-cDXOH-2SpClgHtg-Cnst,324804.916366608
Com,EPr,Ex,cDXOH,CZ13,Whole Building,2009,,,NE-HV_AirDist-SupFanMtr-cDXOH-2SpClgHtg-VFDExMtr,279775.6737217058
Com,EPr,Ex,cDXOH,CZ13,Whole Building,2009,,,NE-HV_AirDist-SupFanMtr-cDXOH-2SpClgHtg-VFDPMMtr,277873.1446688119
Com,EPr,Ex,cDXOH,CZ13,Whole Building,2009,,,NE-HV_AirDist-SupFanMtr-cDXOH-2SpClgHtg-VFDStdMtr,279150.79523311526
Com,EPr,Ex,cDXGF,CZ14,Whole Building,2009,,,NE-HV_AirDist-SupFanMtr-cDXGF-2SpClgHtg-Cnst,323806.7379571099
Com,EPr,Ex,cDXGF,CZ14,Whole Building,2009,,,NE-HV_AirDist-SupFanMtr-cDXGF-2SpClgHtg-VFDExMtr,269126.4373594004
Com,EPr,Ex,cDXGF,CZ14,Whole Building,2009,,,NE-HV_AirDist-SupFanMtr-cDXGF-2SpClgHtg-VFDPMMtr,266794.6999495988
Com,EPr,Ex,cDXGF,CZ14,Whole Building,2009,,,NE-HV_AirDist-SupFanMtr-cDXGF-2SpClgHtg-VFDStdMtr,268365.852073496
Com,EPr,Ex,cDXHP,CZ14,Whole Building,2009,,,NE-HV_AirDist-SupFanMtr-cDXHP-2SpClgHtg-Cnst,328669.0926813529
Com,EPr,Ex,cDXHP,CZ14,Whole Building,2009,,,NE-HV_AirDist-SupFanMtr-cDXHP-2SpClgHtg-VFDExMtr,275923.2093130983
Com,EPr,Ex,cDXHP,CZ14,Whole Building,2009,,,NE-HV_AirDist-SupFanMtr-cDXHP-2SpClgHtg-VFDPMMtr,273611.210825774
Com,EPr,Ex,cDXHP,CZ14,Whole Building,2009,,,NE-HV_AirDist-SupFanMtr-cDXHP-2SpClgHtg-VFDStdMtr,275156.6859181069
Com,EPr,Ex,cDXOH,CZ14,Whole Building,2009,,,NE-HV_AirDist-SupFanMtr-cDXOH-2SpClgHtg-Cnst,322019.1808706373
Com,EPr,Ex,cDXOH,CZ14,Whole Building,2009,,,NE-HV_AirDist-SupFanMtr-cDXOH-2SpClgHtg-VFDExMtr,276480.71998996445
Com,EPr,Ex,cDXOH,CZ14,Whole Building,2009,,,NE-HV_AirDist-SupFanMtr-cDXOH-2SpClgHtg-VFDPMMtr,274576.68035225634
Com,EPr,Ex,cDXOH,CZ14,Whole Building,2009,,,NE-HV_AirDist-SupFanMtr-cDXOH-2SpClgHtg-VFDStdMtr,275868.45813541044
Com,EPr,Ex,cDXGF,CZ15,Whole Building,2009,,,NE-HV_AirDist-SupFanMtr-cDXGF-2SpClgHtg-Cnst,391623.1757102746
Com,EPr,Ex,cDXGF,CZ15,Whole Building,2009,,,NE-HV_AirDist-SupFanMtr-cDXGF-2SpClgHtg-VFDExMtr,334642.49278345186
Com,EPr,Ex,cDXGF,CZ15,Whole Building,2009,,,NE-HV_AirDist-SupFanMtr-cDXGF-2SpClgHtg-VFDPMMtr,332084.3718311422
Com,EPr,Ex,cDXGF,CZ15,Whole Building,2009,,,NE-HV_AirDist-SupFanMtr-cDXGF-2SpClgHtg-VFDStdMtr,333790.29187695833
Com,EPr,Ex,cDXHP,CZ15,Whole Building,2009,,,NE-HV_AirDist-SupFanMtr-cDXHP-2SpClgHtg-Cnst,392165.2351690151
Com,EPr,Ex,cDXHP,CZ15,Whole Building,2009,,,NE-HV_AirDist-SupFanMtr-cDXHP-2SpClgHtg-VFDExMtr,341213.8964971416
Com,EPr,Ex,cDXHP,CZ15,Whole Building,2009,,,NE-HV_AirDist-SupFanMtr-cDXHP-2SpClgHtg-VFDPMMtr,338879.2592124856
Com,EPr,Ex,cDXHP,CZ15,Whole Building,2009,,,NE-HV_AirDist-SupFanMtr-cDXHP-2SpClgHtg-VFDStdMtr,340473.0854149854
Com,EPr,Ex,cDXOH,CZ15,Whole Building,2009,,,NE-HV_AirDist-SupFanMtr-cDXOH-2SpClgHtg-Cnst,389129.9149516024
Com,EPr,Ex,cDXOH,CZ15,Whole Building,2009,,,NE-HV_AirDist-SupFanMtr-cDXOH-2SpClgHtg-VFDExMtr,335655.38903345674
Com,EPr,Ex,cDXOH,CZ15,Whole Building,2009,,,NE-HV_AirDist-SupFanMtr-cDXOH-2SpClgHtg-VFDPMMtr,333193.4412824767
Com,EPr,Ex,cDXOH,CZ15,Whole Building,2009,,,NE-HV_AirDist-SupFanMtr-cDXOH-2SpClgHtg-VFDStdMtr,334822.48922998895
Com,EPr,Ex,cDXGF,CZ16,Whole Building,2009,,,NE-HV_AirDist-SupFanMtr-cDXGF-2SpClgHtg-Cnst,281076.1960074894
Com,EPr,Ex,cDXGF,CZ16,Whole Building,2009,,,NE-HV_AirDist-SupFanMtr-cDXGF-2SpClgHtg-VFDExMtr,224559.010002603
Com,EPr,Ex,cDXGF,CZ16,Whole Building,2009,,,NE-HV_AirDist-SupFanMtr-cDXGF-2SpClgHtg-VFDPMMtr,222250.7124840318
Com,EPr,Ex,cDXGF,CZ16,Whole Building,2009,,,NE-HV_AirDist-SupFanMtr-cDXGF-2SpClgHtg-VFDStdMtr,223824.28491017717
Com,EPr,Ex,cDXHP,CZ16,Whole Building,2009,,,NE-HV_AirDist-SupFanMtr-cDXHP-2SpClgHtg-Cnst,292609.0481349386
Com,EPr,Ex,cDXHP,CZ16,Whole Building,2009,,,NE-HV_AirDist-SupFanMtr-cDXHP-2SpClgHtg-VFDExMtr,236915.92397113872
Com,EPr,Ex,cDXHP,CZ16,Whole Building,2009,,,NE-HV_AirDist-SupFanMtr-cDXHP-2SpClgHtg-VFDPMMtr,234778.8601853558
Com,EPr,Ex,cDXHP,CZ16,Whole Building,2009,,,NE-HV_AirDist-SupFanMtr-cDXHP-2SpClgHtg-VFDStdMtr,236241.4148174274
Com,EPr,Ex,cDXOH,CZ16,Whole Building,2009,,,NE-HV_AirDist-SupFanMtr-cDXOH-2SpClgHtg-Cnst,283950.77410782914
Com,EPr,Ex,cDXOH,CZ16,Whole Building,2009,,,NE-HV_AirDist-SupFanMtr-cDXOH-2SpClgHtg-VFDExMtr,244501.33589382927
Com,EPr,Ex,cDXOH,CZ16,Whole Building,2009,,,NE-HV_AirDist-SupFanMtr-cDXOH-2SpClgHtg-VFDPMMtr,243038.03190049832
Com,EPr,Ex,cDXOH,CZ16,Whole Building,2009,,,NE-HV_AirDist-SupFanMtr-cDXOH-2SpClgHtg-VFDStdMtr,244057.61557602705
Com,ESe,Ex,cDXGF,CZ01,Whole Building,2009,,,NE-HV_AirDist-SupFanMtr-cDXGF-2SpClgHtg-Cnst,692544.6641166463
Com,ESe,Ex,cDXGF,CZ01,Whole Building,2009,,,NE-HV_AirDist-SupFanMtr-cDXGF-2SpClgHtg-VFDExMtr,644693.6048615542
Com,ESe,Ex,cDXGF,CZ01,Whole Building,2009,,,NE-HV_AirDist-SupFanMtr-cDXGF-2SpClgHtg-VFDPMMtr,642984.8424450469
Com,ESe,Ex,cDXGF,CZ01,Whole Building,2009,,,NE-HV_AirDist-SupFanMtr-cDXGF-2SpClgHtg-VFDStdMtr,644203.2597503986
Com,ESe,Ex,cDXHP,CZ01,Whole Building,2009,,,NE-HV_AirDist-SupFanMtr-cDXHP-2SpClgHtg-Cnst,698157.4062913874
Com,ESe,Ex,cDXHP,CZ01,Whole Building,2009,,,NE-HV_AirDist-SupFanMtr-cDXHP-2SpClgHtg-VFDExMtr,650930.3190622559
Com,ESe,Ex,cDXHP,CZ01,Whole Building,2009,,,NE-HV_AirDist-SupFanMtr-cDXHP-2SpClgHtg-VFDPMMtr,649325.9152772042
Com,ESe,Ex,cDXHP,CZ01,Whole Building,2009,,,NE-HV_AirDist-SupFanMtr-cDXHP-2SpClgHtg-VFDStdMtr,650471.8096622776
Com,ESe,Ex,cDXOH,CZ01,Whole Building,2009,,,NE-HV_AirDist-SupFanMtr-cDXOH-2SpClgHtg-Cnst,692365.0675833445
Com,ESe,Ex,cDXOH,CZ01,Whole Building,2009,,,NE-HV_AirDist-SupFanMtr-cDXOH-2SpClgHtg-VFDExMtr,654543.2705003048
Com,ESe,Ex,cDXOH,CZ01,Whole Building,2009,,,NE-HV_AirDist-SupFanMtr-cDXOH-2SpClgHtg-VFDPMMtr,653369.1348844706
Com,ESe,Ex,cDXOH,CZ01,Whole Building,2009,,,NE-HV_AirDist-SupFanMtr-cDXOH-2SpClgHtg-VFDStdMtr,654217.9274049179
Com,ESe,Ex,cDXGF,CZ02,Whole Building,2009,,,NE-HV_AirDist-SupFanMtr-cDXGF-2SpClgHtg-Cnst,804359.3879889803
Com,ESe,Ex,cDXGF,CZ02,Whole Building,2009,,,NE-HV_AirDist-SupFanMtr-cDXGF-2SpClgHtg-VFDExMtr,748572.7418271294
Com,ESe,Ex,cDXGF,CZ02,Whole Building,2009,,,NE-HV_AirDist-SupFanMtr-cDXGF-2SpClgHtg-VFDPMMtr,746339.1720378826
Com,ESe,Ex,cDXGF,CZ02,Whole Building,2009,,,NE-HV_AirDist-SupFanMtr-cDXGF-2SpClgHtg-VFDStdMtr,747872.748154716
Com,ESe,Ex,cDXHP,CZ02,Whole Building,2009,,,NE-HV_AirDist-SupFanMtr-cDXHP-2SpClgHtg-Cnst,808599.808740818
Com,ESe,Ex,cDXHP,CZ02,Whole Building,2009,,,NE-HV_AirDist-SupFanMtr-cDXHP-2SpClgHtg-VFDExMtr,754255.5306317791
Com,ESe,Ex,cDXHP,CZ02,Whole Building,2009,,,NE-HV_AirDist-SupFanMtr-cDXHP-2SpClgHtg-VFDPMMtr,752097.0025381503
Com,ESe,Ex,cDXHP,CZ02,Whole Building,2009,,,NE-HV_AirDist-SupFanMtr-cDXHP-2SpClgHtg-VFDStdMtr,753584.0126585385
Com,ESe,Ex,cDXOH,CZ02,Whole Building,2009,,,NE-HV_AirDist-SupFanMtr-cDXOH-2SpClgHtg-Cnst,803599.1736370595
Com,ESe,Ex,cDXOH,CZ02,Whole Building,2009,,,NE-HV_AirDist-SupFanMtr-cDXOH-2SpClgHtg-VFDExMtr,756204.7823709653
Com,ESe,Ex,cDXOH,CZ02,Whole Building,2009,,,NE-HV_AirDist-SupFanMtr-cDXOH-2SpClgHtg-VFDPMMtr,754377.5120185817
Com,ESe,Ex,cDXOH,CZ02,Whole Building,2009,,,NE-HV_AirDist-SupFanMtr-cDXOH-2SpClgHtg-VFDStdMtr,755641.9972570324
Com,ESe,Ex,cDXGF,CZ03,Whole Building,2009,,,NE-HV_AirDist-SupFanMtr-cDXGF-2SpClgHtg-Cnst,742688.9635089071
Com,ESe,Ex,cDXGF,CZ03,Whole Building,2009,,,NE-HV_AirDist-SupFanMtr-cDXGF-2SpClgHtg-VFDExMtr,691119.3530359666
Com,ESe,Ex,cDXGF,CZ03,Whole Building,2009,,,NE-HV_AirDist-SupFanMtr-cDXGF-2SpClgHtg-VFDPMMtr,688974.3284671814
Com,ESe,Ex,cDXGF,CZ03,Whole Building,2009,,,NE-HV_AirDist-SupFanMtr-cDXGF-2SpClgHtg-VFDStdMtr,690449.9715863281
Com,ESe,Ex,cDXHP,CZ03,Whole Building,2009,,,NE-HV_AirDist-SupFanMtr-cDXHP-2SpClgHtg-Cnst,744868.7730438042
Com,ESe,Ex,cDXHP,CZ03,Whole Building,2009,,,NE-HV_AirDist-SupFanMtr-cDXHP-2SpClgHtg-VFDExMtr,693916.1898230996
Com,ESe,Ex,cDXHP,CZ03,Whole Building,2009,,,NE-HV_AirDist-SupFanMtr-cDXHP-2SpClgHtg-VFDPMMtr,691822.5081549464
Com,ESe,Ex,cDXHP,CZ03,Whole Building,2009,,,NE-HV_AirDist-SupFanMtr-cDXHP-2SpClgHtg-VFDStdMtr,693260.3687221875
Com,ESe,Ex,cDXOH,CZ03,Whole Building,2009,,,NE-HV_AirDist-SupFanMtr-cDXOH-2SpClgHtg-Cnst,742448.3447457263
Com,ESe,Ex,cDXOH,CZ03,Whole Building,2009,,,NE-HV_AirDist-SupFanMtr-cDXOH-2SpClgHtg-VFDExMtr,695474.5286435358
Com,ESe,Ex,cDXOH,CZ03,Whole Building,2009,,,NE-HV_AirDist-SupFanMtr-cDXOH-2SpClgHtg-VFDPMMtr,693556.0508213787
Com,ESe,Ex,cDXOH,CZ03,Whole Building,2009,,,NE-HV_AirDist-SupFanMtr-cDXOH-2SpClgHtg-VFDStdMtr,694898.5396756636
Com,ESe,Ex,cDXGF,CZ04,Whole Building,2009,,,NE-HV_AirDist-SupFanMtr-cDXGF-2SpClgHtg-Cnst,877132.2704233832
Com,ESe,Ex,cDXGF,CZ04,Whole Building,2009,,,NE-HV_AirDist-SupFanMtr-cDXGF-2SpClgHtg-VFDExMtr,818223.2593102825
Com,ESe,Ex,cDXGF,CZ04,Whole Building,2009,,,NE-HV_AirDist-SupFanMtr-cDXGF-2SpClgHtg-VFDPMMtr,815799.1991604182
Com,ESe,Ex,cDXGF,CZ04,Whole Building,2009,,,NE-HV_AirDist-SupFanMtr-cDXGF-2SpClgHtg-VFDStdMtr,817464.0365470356
Com,ESe,Ex,cDXHP,CZ04,Whole Building,2009,,,NE-HV_AirDist-SupFanMtr-cDXHP-2SpClgHtg-Cnst,880901.7437416131
Com,ESe,Ex,cDXHP,CZ04,Whole Building,2009,,,NE-HV_AirDist-SupFanMtr-cDXHP-2SpClgHtg-VFDExMtr,823470.2626989166
Com,ESe,Ex,cDXHP,CZ04,Whole Building,2009,,,NE-HV_AirDist-SupFanMtr-cDXHP-2SpClgHtg-VFDPMMtr,821104.7296207523
Com,ESe,Ex,cDXHP,CZ04,Whole Building,2009,,,NE-HV_AirDist-SupFanMtr-cDXHP-2SpClgHtg-VFDStdMtr,822722.2301373518
Com,ESe,Ex,cDXOH,CZ04,Whole Building,2009,,,NE-HV_AirDist-SupFanMtr-cDXOH-2SpClgHtg-Cnst,875688.6641260948
Com,ESe,Ex,cDXOH,CZ04,Whole Building,2009,,,NE-HV_AirDist-SupFanMtr-cDXOH-2SpClgHtg-VFDExMtr,824254.8685888791
Com,ESe,Ex,cDXOH,CZ04,Whole Building,2009,,,NE-HV_AirDist-SupFanMtr-cDXOH-2SpClgHtg-VFDPMMtr,822173.5592610687
Com,ESe,Ex,cDXOH,CZ04,Whole Building,2009,,,NE-HV_AirDist-SupFanMtr-cDXOH-2SpClgHtg-VFDStdMtr,823613.7865406944
Com,ESe,Ex,cDXGF,CZ05,Whole Building,2009,,,NE-HV_AirDist-SupFanMtr-cDXGF-2SpClgHtg-Cnst,757983.6973487386
Com,ESe,Ex,cDXGF,CZ05,Whole Building,2009,,,NE-HV_AirDist-SupFanMtr-cDXGF-2SpClgHtg-VFDExMtr,704943.7582451745
Com,ESe,Ex,cDXGF,CZ05,Whole Building,2009,,,NE-HV_AirDist-SupFanMtr-cDXGF-2SpClgHtg-VFDPMMtr,702766.520499582
Com,ESe,Ex,cDXGF,CZ05,Whole Building,2009,,,NE-HV_AirDist-SupFanMtr-cDXGF-2SpClgHtg-VFDStdMtr,704276.9066832183
Com,ESe,Ex,cDXHP,CZ05,Whole Building,2009,,,NE-HV_AirDist-SupFanMtr-cDXHP-2SpClgHtg-Cnst,760163.7100619248
Com,ESe,Ex,cDXHP,CZ05,Whole Building,2009,,,NE-HV_AirDist-SupFanMtr-cDXHP-2SpClgHtg-VFDExMtr,707720.692482256
Com,ESe,Ex,cDXHP,CZ05,Whole Building,2009,,,NE-HV_AirDist-SupFanMtr-cDXHP-2SpClgHtg-VFDPMMtr,705591.0864261682
Com,ESe,Ex,cDXHP,CZ05,Whole Building,2009,,,NE-HV_AirDist-SupFanMtr-cDXHP-2SpClgHtg-VFDStdMtr,707065.9173610486
Com,ESe,Ex,cDXOH,CZ05,Whole Building,2009,,,NE-HV_AirDist-SupFanMtr-cDXOH-2SpClgHtg-Cnst,757468.8363096478
Com,ESe,Ex,cDXOH,CZ05,Whole Building,2009,,,NE-HV_AirDist-SupFanMtr-cDXOH-2SpClgHtg-VFDExMtr,709231.0694144568
Com,ESe,Ex,cDXOH,CZ05,Whole Building,2009,,,NE-HV_AirDist-SupFanMtr-cDXOH-2SpClgHtg-VFDPMMtr,707272.2185701658
Com,ESe,Ex,cDXOH,CZ05,Whole Building,2009,,,NE-HV_AirDist-SupFanMtr-cDXOH-2SpClgHtg-VFDStdMtr,708644.818214573
Com,ESe,Ex,cDXGF,CZ06,Whole Building,2009,,,NE-HV_AirDist-SupFanMtr-cDXGF-2SpClgHtg-Cnst,797687.2531589434
Com,ESe,Ex,cDXGF,CZ06,Whole Building,2009,,,NE-HV_AirDist-SupFanMtr-cDXGF-2SpClgHtg-VFDExMtr,748305.5024674126
Com,ESe,Ex,cDXGF,CZ06,Whole Building,2009,,,NE-HV_AirDist-SupFanMtr-cDXGF-2SpClgHtg-VFDPMMtr,745936.8224640995
Com,ESe,Ex,cDXGF,CZ06,Whole Building,2009,,,NE-HV_AirDist-SupFanMtr-cDXGF-2SpClgHtg-VFDStdMtr,747555.3957199336
Com,ESe,Ex,cDXHP,CZ06,Whole Building,2009,,,NE-HV_AirDist-SupFanMtr-cDXHP-2SpClgHtg-Cnst,797121.7228285491
Com,ESe,Ex,cDXHP,CZ06,Whole Building,2009,,,NE-HV_AirDist-SupFanMtr-cDXHP-2SpClgHtg-VFDExMtr,749762.4032847101
Com,ESe,Ex,cDXHP,CZ06,Whole Building,2009,,,NE-HV_AirDist-SupFanMtr-cDXHP-2SpClgHtg-VFDPMMtr,747390.8316750558
Com,ESe,Ex,cDXHP,CZ06,Whole Building,2009,,,NE-HV_AirDist-SupFanMtr-cDXHP-2SpClgHtg-VFDStdMtr,749010.8325619634
Com,ESe,Ex,cDXOH,CZ06,Whole Building,2009,,,NE-HV_AirDist-SupFanMtr-cDXOH-2SpClgHtg-Cnst,796395.5690214298
Com,ESe,Ex,cDXOH,CZ06,Whole Building,2009,,,NE-HV_AirDist-SupFanMtr-cDXOH-2SpClgHtg-VFDExMtr,749465.6996450684
Com,ESe,Ex,cDXOH,CZ06,Whole Building,2009,,,NE-HV_AirDist-SupFanMtr-cDXOH-2SpClgHtg-VFDPMMtr,747185.2438632163
Com,ESe,Ex,cDXOH,CZ06,Whole Building,2009,,,NE-HV_AirDist-SupFanMtr-cDXOH-2SpClgHtg-VFDStdMtr,748740.5463444996
Com,ESe,Ex,cDXGF,CZ07,Whole Building,2009,,,NE-HV_AirDist-SupFanMtr-cDXGF-2SpClgHtg-Cnst,801027.2226151787
Com,ESe,Ex,cDXGF,CZ07,Whole Building,2009,,,NE-HV_AirDist-SupFanMtr-cDXGF-2SpClgHtg-VFDExMtr,750471.9015811541
Com,ESe,Ex,cDXGF,CZ07,Whole Building,2009,,,NE-HV_AirDist-SupFanMtr-cDXGF-2SpClgHtg-VFDPMMtr,748077.0459705739
Com,ESe,Ex,cDXGF,CZ07,Whole Building,2009,,,NE-HV_AirDist-SupFanMtr-cDXGF-2SpClgHtg-VFDStdMtr,749693.0024479318
Com,ESe,Ex,cDXHP,CZ07,Whole Building,2009,,,NE-HV_AirDist-SupFanMtr-cDXHP-2SpClgHtg-Cnst,801318.2056481898
Com,ESe,Ex,cDXHP,CZ07,Whole Building,2009,,,NE-HV_AirDist-SupFanMtr-cDXHP-2SpClgHtg-VFDExMtr,752600.0561028293
Com,ESe,Ex,cDXHP,CZ07,Whole Building,2009,,,NE-HV_AirDist-SupFanMtr-cDXHP-2SpClgHtg-VFDPMMtr,750208.4864686008
Com,ESe,Ex,cDXHP,CZ07,Whole Building,2009,,,NE-HV_AirDist-SupFanMtr-cDXHP-2SpClgHtg-VFDStdMtr,751823.1309651705
Com,ESe,Ex,cDXOH,CZ07,Whole Building,2009,,,NE-HV_AirDist-SupFanMtr-cDXOH-2SpClgHtg-Cnst,799949.6301813484
Com,ESe,Ex,cDXOH,CZ07,Whole Building,2009,,,NE-HV_AirDist-SupFanMtr-cDXOH-2SpClgHtg-VFDExMtr,751628.8088745446
Com,ESe,Ex,cDXOH,CZ07,Whole Building,2009,,,NE-HV_AirDist-SupFanMtr-cDXOH-2SpClgHtg-VFDPMMtr,749291.8938983021
Com,ESe,Ex,cDXOH,CZ07,Whole Building,2009,,,NE-HV_AirDist-SupFanMtr-cDXOH-2SpClgHtg-VFDStdMtr,750881.7219116119
Com,ESe,Ex,cDXGF,CZ08,Whole Building,2009,,,NE-HV_AirDist-SupFanMtr-cDXGF-2SpClgHtg-Cnst,877848.3628489457
Com,ESe,Ex,cDXGF,CZ08,Whole Building,2009,,,NE-HV_AirDist-SupFanMtr-cDXGF-2SpClgHtg-VFDExMtr,821879.3558603093
Com,ESe,Ex,cDXGF,CZ08,Whole Building,2009,,,NE-HV_AirDist-SupFanMtr-cDXGF-2SpClgHtg-VFDPMMtr,819283.5953803502
Com,ESe,Ex,cDXGF,CZ08,Whole Building,2009,,,NE-HV_AirDist-SupFanMtr-cDXGF-2SpClgHtg-VFDStdMtr,821042.0904041239
Com,ESe,Ex,cDXHP,CZ08,Whole Building,2009,,,NE-HV_AirDist-SupFanMtr-cDXHP-2SpClgHtg-Cnst,878160.4626289783
Com,ESe,Ex,cDXHP,CZ08,Whole Building,2009,,,NE-HV_AirDist-SupFanMtr-cDXHP-2SpClgHtg-VFDExMtr,825821.4625099971
Com,ESe,Ex,cDXHP,CZ08,Whole Building,2009,,,NE-HV_AirDist-SupFanMtr-cDXHP-2SpClgHtg-VFDPMMtr,823252.3613232111
Com,ESe,Ex,cDXHP,CZ08,Whole Building,2009,,,NE-HV_AirDist-SupFanMtr-cDXHP-2SpClgHtg-VFDStdMtr,824995.7257917637
Com,ESe,Ex,cDXOH,CZ08,Whole Building,2009,,,NE-HV_AirDist-SupFanMtr-cDXOH-2SpClgHtg-Cnst,876077.7835812616
Com,ESe,Ex,cDXOH,CZ08,Whole Building,2009,,,NE-HV_AirDist-SupFanMtr-cDXOH-2SpClgHtg-VFDExMtr,823363.1185217643
Com,ESe,Ex,cDXOH,CZ08,Whole Building,2009,,,NE-HV_AirDist-SupFanMtr-cDXOH-2SpClgHtg-VFDPMMtr,820841.0120462562
Com,ESe,Ex,cDXOH,CZ08,Whole Building,2009,,,NE-HV_AirDist-SupFanMtr-cDXOH-2SpClgHtg-VFDStdMtr,822554.867159871
Com,ESe,Ex,cDXGF,CZ09,Whole Building,2009,,,NE-HV_AirDist-SupFanMtr-cDXGF-2SpClgHtg-Cnst,892460.0729184839
Com,ESe,Ex,cDXGF,CZ09,Whole Building,2009,,,NE-HV_AirDist-SupFanMtr-cDXGF-2SpClgHtg-VFDExMtr,832453.7201247462
Com,ESe,Ex,cDXGF,CZ09,Whole Building,2009,,,NE-HV_AirDist-SupFanMtr-cDXGF-2SpClgHtg-VFDPMMtr,829768.7487208706
Com,ESe,Ex,cDXGF,CZ09,Whole Building,2009,,,NE-HV_AirDist-SupFanMtr-cDXGF-2SpClgHtg-VFDStdMtr,831586.2666357671
Com,ESe,Ex,cDXHP,CZ09,Whole Building,2009,,,NE-HV_AirDist-SupFanMtr-cDXHP-2SpClgHtg-Cnst,893153.4134011001
Com,ESe,Ex,cDXHP,CZ09,Whole Building,2009,,,NE-HV_AirDist-SupFanMtr-cDXHP-2SpClgHtg-VFDExMtr,836589.1323775124
Com,ESe,Ex,cDXHP,CZ09,Whole Building,2009,,,NE-HV_AirDist-SupFanMtr-cDXHP-2SpClgHtg-VFDPMMtr,833975.9117903557
Com,ESe,Ex,cDXHP,CZ09,Whole Building,2009,,,NE-HV_AirDist-SupFanMtr-cDXHP-2SpClgHtg-VFDStdMtr,835741.8898431183
Com,ESe,Ex,cDXOH,CZ09,Whole Building,2009,,,NE-HV_AirDist-SupFanMtr-cDXOH-2SpClgHtg-Cnst,890813.941678759
Com,ESe,Ex,cDXOH,CZ09,Whole Building,2009,,,NE-HV_AirDist-SupFanMtr-cDXOH-2SpClgHtg-VFDExMtr,834486.4711888413
Com,ESe,Ex,cDXOH,CZ09,Whole Building,2009,,,NE-HV_AirDist-SupFanMtr-cDXOH-2SpClgHtg-VFDPMMtr,831886.4295790781
Com,ESe,Ex,cDXOH,CZ09,Whole Building,2009,,,NE-HV_AirDist-SupFanMtr-cDXOH-2SpClgHtg-VFDStdMtr,833676.9248332706
Com,ESe,Ex,cDXGF,CZ10,Whole Building,2009,,,NE-HV_AirDist-SupFanMtr-cDXGF-2SpClgHtg-Cnst,921482.2986449033
Com,ESe,Ex,cDXGF,CZ10,Whole Building,2009,,,NE-HV_AirDist-SupFanMtr-cDXGF-2SpClgHtg-VFDExMtr,862111.5234797341
Com,ESe,Ex,cDXGF,CZ10,Whole Building,2009,,,NE-HV_AirDist-SupFanMtr-cDXGF-2SpClgHtg-VFDPMMtr,859467.3915383096
Com,ESe,Ex,cDXGF,CZ10,Whole Building,2009,,,NE-HV_AirDist-SupFanMtr-cDXGF-2SpClgHtg-VFDStdMtr,861246.1107447816
Com,ESe,Ex,cDXHP,CZ10,Whole Building,2009,,,NE-HV_AirDist-SupFanMtr-cDXHP-2SpClgHtg-Cnst,922323.5395331837
Com,ESe,Ex,cDXHP,CZ10,Whole Building,2009,,,NE-HV_AirDist-SupFanMtr-cDXHP-2SpClgHtg-VFDExMtr,866749.1105216906
Com,ESe,Ex,cDXHP,CZ10,Whole Building,2009,,,NE-HV_AirDist-SupFanMtr-cDXHP-2SpClgHtg-VFDPMMtr,864138.6326280849
Com,ESe,Ex,cDXHP,CZ10,Whole Building,2009,,,NE-HV_AirDist-SupFanMtr-cDXHP-2SpClgHtg-VFDStdMtr,865887.1735162137
Com,ESe,Ex,cDXOH,CZ10,Whole Building,2009,,,NE-HV_AirDist-SupFanMtr-cDXOH-2SpClgHtg-Cnst,919779.5813409191
Com,ESe,Ex,cDXOH,CZ10,Whole Building,2009,,,NE-HV_AirDist-SupFanMtr-cDXOH-2SpClgHtg-VFDExMtr,864690.8113133843
Com,ESe,Ex,cDXOH,CZ10,Whole Building,2009,,,NE-HV_AirDist-SupFanMtr-cDXOH-2SpClgHtg-VFDPMMtr,862179.1224959806
Com,ESe,Ex,cDXOH,CZ10,Whole Building,2009,,,NE-HV_AirDist-SupFanMtr-cDXOH-2SpClgHtg-VFDStdMtr,863880.6127744734
Com,ESe,Ex,cDXGF,CZ11,Whole Building,2009,,,NE-HV_AirDist-SupFanMtr-cDXGF-2SpClgHtg-Cnst,942019.0132951937
Com,ESe,Ex,cDXGF,CZ11,Whole Building,2009,,,NE-HV_AirDist-SupFanMtr-cDXGF-2SpClgHtg-VFDExMtr,878651.9110216872
Com,ESe,Ex,cDXGF,CZ11,Whole Building,2009,,,NE-HV_AirDist-SupFanMtr-cDXGF-2SpClgHtg-VFDPMMtr,876036.9042801755
Com,ESe,Ex,cDXGF,CZ11,Whole Building,2009,,,NE-HV_AirDist-SupFanMtr-cDXGF-2SpClgHtg-VFDStdMtr,877796.4174268025
Com,ESe,Ex,cDXHP,CZ11,Whole Building,2009,,,NE-HV_AirDist-SupFanMtr-cDXHP-2SpClgHtg-Cnst,945791.1342905025
Com,ESe,Ex,cDXHP,CZ11,Whole Building,2009,,,NE-HV_AirDist-SupFanMtr-cDXHP-2SpClgHtg-VFDExMtr,885270.3885753986
Com,ESe,Ex,cDXHP,CZ11,Whole Building,2009,,,NE-HV_AirDist-SupFanMtr-cDXHP-2SpClgHtg-VFDPMMtr,882750.6390465389
Com,ESe,Ex,cDXHP,CZ11,Whole Building,2009,,,NE-HV_AirDist-SupFanMtr-cDXHP-2SpClgHtg-VFDStdMtr,884457.5661306804
Com,ESe,Ex,cDXOH,CZ11,Whole Building,2009,,,NE-HV_AirDist-SupFanMtr-cDXOH-2SpClgHtg-Cnst,940434.5004393172
Com,ESe,Ex,cDXOH,CZ11,Whole Building,2009,,,NE-HV_AirDist-SupFanMtr-cDXOH-2SpClgHtg-VFDExMtr,886152.7029859114
Com,ESe,Ex,cDXOH,CZ11,Whole Building,2009,,,NE-HV_AirDist-SupFanMtr-cDXOH-2SpClgHtg-VFDPMMtr,883862.6034995054
Com,ESe,Ex,cDXOH,CZ11,Whole Building,2009,,,NE-HV_AirDist-SupFanMtr-cDXOH-2SpClgHtg-VFDStdMtr,885428.7256589043
Com,ESe,Ex,cDXGF,CZ12,Whole Building,2009,,,NE-HV_AirDist-SupFanMtr-cDXGF-2SpClgHtg-Cnst,862364.132420164
Com,ESe,Ex,cDXGF,CZ12,Whole Building,2009,,,NE-HV_AirDist-SupFanMtr-cDXGF-2SpClgHtg-VFDExMtr,804964.7763184458
Com,ESe,Ex,cDXGF,CZ12,Whole Building,2009,,,NE-HV_AirDist-SupFanMtr-cDXGF-2SpClgHtg-VFDPMMtr,802580.210898758
Com,ESe,Ex,cDXGF,CZ12,Whole Building,2009,,,NE-HV_AirDist-SupFanMtr-cDXGF-2SpClgHtg-VFDStdMtr,804205.5192676593
Com,ESe,Ex,cDXHP,CZ12,Whole Building,2009,,,NE-HV_AirDist-SupFanMtr-cDXHP-2SpClgHtg-Cnst,865722.6520457203
Com,ESe,Ex,cDXHP,CZ12,Whole Building,2009,,,NE-HV_AirDist-SupFanMtr-cDXHP-2SpClgHtg-VFDExMtr,810906.4200440174
Com,ESe,Ex,cDXHP,CZ12,Whole Building,2009,,,NE-HV_AirDist-SupFanMtr-cDXHP-2SpClgHtg-VFDPMMtr,808583.9784020068
Com,ESe,Ex,cDXHP,CZ12,Whole Building,2009,,,NE-HV_AirDist-SupFanMtr-cDXHP-2SpClgHtg-VFDStdMtr,810169.2461757006
Com,ESe,Ex,cDXOH,CZ12,Whole Building,2009,,,NE-HV_AirDist-SupFanMtr-cDXOH-2SpClgHtg-Cnst,861176.4526123169
Com,ESe,Ex,cDXOH,CZ12,Whole Building,2009,,,NE-HV_AirDist-SupFanMtr-cDXOH-2SpClgHtg-VFDExMtr,811876.4310767947
Com,ESe,Ex,cDXOH,CZ12,Whole Building,2009,,,NE-HV_AirDist-SupFanMtr-cDXOH-2SpClgHtg-VFDPMMtr,809816.6277803257
Com,ESe,Ex,cDXOH,CZ12,Whole Building,2009,,,NE-HV_AirDist-SupFanMtr-cDXOH-2SpClgHtg-VFDStdMtr,811227.5359119023
Com,ESe,Ex,cDXGF,CZ13,Whole Building,2009,,,NE-HV_AirDist-SupFanMtr-cDXGF-2SpClgHtg-Cnst,947418.7308486883
Com,ESe,Ex,cDXGF,CZ13,Whole Building,2009,,,NE-HV_AirDist-SupFanMtr-cDXGF-2SpClgHtg-VFDExMtr,884077.2719724681
Com,ESe,Ex,cDXGF,CZ13,Whole Building,2009,,,NE-HV_AirDist-SupFanMtr-cDXGF-2SpClgHtg-VFDPMMtr,881390.6404527542
Com,ESe,Ex,cDXGF,CZ13,Whole Building,2009,,,NE-HV_AirDist-SupFanMtr-cDXGF-2SpClgHtg-VFDStdMtr,883218.0844382426
Com,ESe,Ex,cDXHP,CZ13,Whole Building,2009,,,NE-HV_AirDist-SupFanMtr-cDXHP-2SpClgHtg-Cnst,950011.1076085579
Com,ESe,Ex,cDXHP,CZ13,Whole Building,2009,,,NE-HV_AirDist-SupFanMtr-cDXHP-2SpClgHtg-VFDExMtr,890385.8409210118
Com,ESe,Ex,cDXHP,CZ13,Whole Building,2009,,,NE-HV_AirDist-SupFanMtr-cDXHP-2SpClgHtg-VFDPMMtr,887782.5377346055
Com,ESe,Ex,cDXHP,CZ13,Whole Building,2009,,,NE-HV_AirDist-SupFanMtr-cDXHP-2SpClgHtg-VFDStdMtr,889560.2053816348
Com,ESe,Ex,cDXOH,CZ13,Whole Building,2009,,,NE-HV_AirDist-SupFanMtr-cDXOH-2SpClgHtg-Cnst,945657.8266925566
Com,ESe,Ex,cDXOH,CZ13,Whole Building,2009,,,NE-HV_AirDist-SupFanMtr-cDXOH-2SpClgHtg-VFDExMtr,889871.354040176
Com,ESe,Ex,cDXOH,CZ13,Whole Building,2009,,,NE-HV_AirDist-SupFanMtr-cDXOH-2SpClgHtg-VFDPMMtr,887447.8650994026
Com,ESe,Ex,cDXOH,CZ13,Whole Building,2009,,,NE-HV_AirDist-SupFanMtr-cDXOH-2SpClgHtg-VFDStdMtr,889104.8654729387
Com,ESe,Ex,cDXGF,CZ14,Whole Building,2009,,,NE-HV_AirDist-SupFanMtr-cDXGF-2SpClgHtg-Cnst,933022.211358673
Com,ESe,Ex,cDXGF,CZ14,Whole Building,2009,,,NE-HV_AirDist-SupFanMtr-cDXGF-2SpClgHtg-VFDExMtr,870105.9638890305
Com,ESe,Ex,cDXGF,CZ14,Whole Building,2009,,,NE-HV_AirDist-SupFanMtr-cDXGF-2SpClgHtg-VFDPMMtr,867445.1732925666
Com,ESe,Ex,cDXGF,CZ14,Whole Building,2009,,,NE-HV_AirDist-SupFanMtr-cDXGF-2SpClgHtg-VFDStdMtr,869234.6426944026
Com,ESe,Ex,cDXHP,CZ14,Whole Building,2009,,,NE-HV_AirDist-SupFanMtr-cDXHP-2SpClgHtg-Cnst,936249.5182390515
Com,ESe,Ex,cDXHP,CZ14,Whole Building,2009,,,NE-HV_AirDist-SupFanMtr-cDXHP-2SpClgHtg-VFDExMtr,875400.0169924449
Com,ESe,Ex,cDXHP,CZ14,Whole Building,2009,,,NE-HV_AirDist-SupFanMtr-cDXHP-2SpClgHtg-VFDPMMtr,872774.4363053357
Com,ESe,Ex,cDXHP,CZ14,Whole Building,2009,,,NE-HV_AirDist-SupFanMtr-cDXHP-2SpClgHtg-VFDStdMtr,874544.3742298108
Com,ESe,Ex,cDXOH,CZ14,Whole Building,2009,,,NE-HV_AirDist-SupFanMtr-cDXOH-2SpClgHtg-Cnst,930994.7789367362
Com,ESe,Ex,cDXOH,CZ14,Whole Building,2009,,,NE-HV_AirDist-SupFanMtr-cDXOH-2SpClgHtg-VFDExMtr,875569.2424843227
Com,ESe,Ex,cDXOH,CZ14,Whole Building,2009,,,NE-HV_AirDist-SupFanMtr-cDXOH-2SpClgHtg-VFDPMMtr,873215.8430079388
Com,ESe,Ex,cDXOH,CZ14,Whole Building,2009,,,NE-HV_AirDist-SupFanMtr-cDXOH-2SpClgHtg-VFDStdMtr,874802.4585621374
Com,ESe,Ex,cDXGF,CZ15,Whole Building,2009,,,NE-HV_AirDist-SupFanMtr-cDXGF-2SpClgHtg-Cnst,1117462.9955274856
Com,ESe,Ex,cDXGF,CZ15,Whole Building,2009,,,NE-HV_AirDist-SupFanMtr-cDXGF-2SpClgHtg-VFDExMtr,1049230.7706606605
Com,ESe,Ex,cDXGF,CZ15,Whole Building,2009,,,NE-HV_AirDist-SupFanMtr-cDXGF-2SpClgHtg-VFDPMMtr,1046143.8540691219
Com,ESe,Ex,cDXGF,CZ15,Whole Building,2009,,,NE-HV_AirDist-SupFanMtr-cDXGF-2SpClgHtg-VFDStdMtr,1048203.13333823
Com,ESe,Ex,cDXHP,CZ15,Whole Building,2009,,,NE-HV_AirDist-SupFanMtr-cDXHP-2SpClgHtg-Cnst,1117860.2273954228
Com,ESe,Ex,cDXHP,CZ15,Whole Building,2009,,,NE-HV_AirDist-SupFanMtr-cDXHP-2SpClgHtg-VFDExMtr,1056622.3544230298
Com,ESe,Ex,cDXHP,CZ15,Whole Building,2009,,,NE-HV_AirDist-SupFanMtr-cDXHP-2SpClgHtg-VFDPMMtr,1053715.7440526437
Com,ESe,Ex,cDXHP,CZ15,Whole Building,2009,,,NE-HV_AirDist-SupFanMtr-cDXHP-2SpClgHtg-VFDStdMtr,1055663.0855317116
Com,ESe,Ex,cDXOH,CZ15,Whole Building,2009,,,NE-HV_AirDist-SupFanMtr-cDXOH-2SpClgHtg-Cnst,1114517.3655865584
Com,ESe,Ex,cDXOH,CZ15,Whole Building,2009,,,NE-HV_AirDist-SupFanMtr-cDXOH-2SpClgHtg-VFDExMtr,1050065.0977330413
Com,ESe,Ex,cDXOH,CZ15,Whole Building,2009,,,NE-HV_AirDist-SupFanMtr-cDXOH-2SpClgHtg-VFDPMMtr,1047015.356241364
Com,ESe,Ex,cDXOH,CZ15,Whole Building,2009,,,NE-HV_AirDist-SupFanMtr-cDXOH-2SpClgHtg-VFDStdMtr,1049043.9365770565
Com,ESe,Ex,cDXGF,CZ16,Whole Building,2009,,,NE-HV_AirDist-SupFanMtr-cDXGF-2SpClgHtg-Cnst,825893.7887818746
Com,ESe,Ex,cDXGF,CZ16,Whole Building,2009,,,NE-HV_AirDist-SupFanMtr-cDXGF-2SpClgHtg-VFDExMtr,760682.9663133258
Com,ESe,Ex,cDXGF,CZ16,Whole Building,2009,,,NE-HV_AirDist-SupFanMtr-cDXGF-2SpClgHtg-VFDPMMtr,758022.669487229
Com,ESe,Ex,cDXGF,CZ16,Whole Building,2009,,,NE-HV_AirDist-SupFanMtr-cDXGF-2SpClgHtg-VFDStdMtr,759830.6201477557
Com,ESe,Ex,cDXHP,CZ16,Whole Building,2009,,,NE-HV_AirDist-SupFanMtr-cDXHP-2SpClgHtg-Cnst,833495.297525028
Com,ESe,Ex,cDXHP,CZ16,Whole Building,2009,,,NE-HV_AirDist-SupFanMtr-cDXHP-2SpClgHtg-VFDExMtr,769671.2251737596
Com,ESe,Ex,cDXHP,CZ16,Whole Building,2009,,,NE-HV_AirDist-SupFanMtr-cDXHP-2SpClgHtg-VFDPMMtr,767155.1807434848
Com,ESe,Ex,cDXHP,CZ16,Whole Building,2009,,,NE-HV_AirDist-SupFanMtr-cDXHP-2SpClgHtg-VFDStdMtr,768872.3198062864
Com,ESe,Ex,cDXOH,CZ16,Whole Building,2009,,,NE-HV_AirDist-SupFanMtr-cDXOH-2SpClgHtg-Cnst,827095.5056575122
Com,ESe,Ex,cDXOH,CZ16,Whole Building,2009,,,NE-HV_AirDist-SupFanMtr-cDXOH-2SpClgHtg-VFDExMtr,774435.8386961122
Com,ESe,Ex,cDXOH,CZ16,Whole Building,2009,,,NE-HV_AirDist-SupFanMtr-cDXOH-2SpClgHtg-VFDPMMtr,772345.5593899445
Com,ESe,Ex,cDXOH,CZ16,Whole Building,2009,,,NE-HV_AirDist-SupFanMtr-cDXOH-2SpClgHtg-VFDStdMtr,773788.7241317387
Com,EUn,Ex,cDXGF,CZ01,Whole Building,2009,,,NE-HV_AirDist-SupFanMtr-cDXGF-2SpClgHtg-Cnst,6767488.516430812
Com,EUn,Ex,cDXGF,CZ01,Whole Building,2009,,,NE-HV_AirDist-SupFanMtr-cDXGF-2SpClgHtg-VFDExMtr,5716386.683557932
Com,EUn,Ex,cDXGF,CZ01,Whole Building,2009,,,NE-HV_AirDist-SupFanMtr-cDXGF-2SpClgHtg-VFDPMMtr,5678512.44501768
Com,EUn,Ex,cDXGF,CZ01,Whole Building,2009,,,NE-HV_AirDist-SupFanMtr-cDXGF-2SpClgHtg-VFDStdMtr,5705757.246530646
Com,EUn,Ex,cDXHP,CZ01,Whole Building,2009,,,NE-HV_AirDist-SupFanMtr-cDXHP-2SpClgHtg-Cnst,6837848.756546679
Com,EUn,Ex,cDXHP,CZ01,Whole Building,2009,,,NE-HV_AirDist-SupFanMtr-cDXHP-2SpClgHtg-VFDExMtr,5805732.771395758
Com,EUn,Ex,cDXHP,CZ01,Whole Building,2009,,,NE-HV_AirDist-SupFanMtr-cDXHP-2SpClgHtg-VFDPMMtr,5769632.710867979
Com,EUn,Ex,cDXHP,CZ01,Whole Building,2009,,,NE-HV_AirDist-SupFanMtr-cDXHP-2SpClgHtg-VFDStdMtr,5795543.64947157
Com,EUn,Ex,cDXOH,CZ01,Whole Building,2009,,,NE-HV_AirDist-SupFanMtr-cDXOH-2SpClgHtg-Cnst,6766969.458285531
Com,EUn,Ex,cDXOH,CZ01,Whole Building,2009,,,NE-HV_AirDist-SupFanMtr-cDXOH-2SpClgHtg-VFDExMtr,5883255.9394678
Com,EUn,Ex,cDXOH,CZ01,Whole Building,2009,,,NE-HV_AirDist-SupFanMtr-cDXOH-2SpClgHtg-VFDPMMtr,5853068.549881389
Com,EUn,Ex,cDXOH,CZ01,Whole Building,2009,,,NE-HV_AirDist-SupFanMtr-cDXOH-2SpClgHtg-VFDStdMtr,5875107.877486162
Com,EUn,Ex,cDXGF,CZ02,Whole Building,2009,,,NE-HV_AirDist-SupFanMtr-cDXGF-2SpClgHtg-Cnst,7463090.250433041
Com,EUn,Ex,cDXGF,CZ02,Whole Building,2009,,,NE-HV_AirDist-SupFanMtr-cDXGF-2SpClgHtg-VFDExMtr,6357667.620600706
Com,EUn,Ex,cDXGF,CZ02,Whole Building,2009,,,NE-HV_AirDist-SupFanMtr-cDXGF-2SpClgHtg-VFDPMMtr,6314140.708405258
Com,EUn,Ex,cDXGF,CZ02,Whole Building,2009,,,NE-HV_AirDist-SupFanMtr-cDXGF-2SpClgHtg-VFDStdMtr,6344202.1182282595
Com,EUn,Ex,cDXHP,CZ02,Whole Building,2009,,,NE-HV_AirDist-SupFanMtr-cDXHP-2SpClgHtg-Cnst,7512403.323105647
Com,EUn,Ex,cDXHP,CZ02,Whole Building,2009,,,NE-HV_AirDist-SupFanMtr-cDXHP-2SpClgHtg-VFDExMtr,6438316.697231627
Com,EUn,Ex,cDXHP,CZ02,Whole Building,2009,,,NE-HV_AirDist-SupFanMtr-cDXHP-2SpClgHtg-VFDPMMtr,6396117.229080832
Com,EUn,Ex,cDXHP,CZ02,Whole Building,2009,,,NE-HV_AirDist-SupFanMtr-cDXHP-2SpClgHtg-VFDStdMtr,6425114.572003867
Com,EUn,Ex,cDXOH,CZ02,Whole Building,2009,,,NE-HV_AirDist-SupFanMtr-cDXOH-2SpClgHtg-Cnst,7447316.550860267
Com,EUn,Ex,cDXOH,CZ02,Whole Building,2009,,,NE-HV_AirDist-SupFanMtr-cDXOH-2SpClgHtg-VFDExMtr,6482021.896019372
Com,EUn,Ex,cDXOH,CZ02,Whole Building,2009,,,NE-HV_AirDist-SupFanMtr-cDXOH-2SpClgHtg-VFDPMMtr,6444375.812110145
Com,EUn,Ex,cDXOH,CZ02,Whole Building,2009,,,NE-HV_AirDist-SupFanMtr-cDXOH-2SpClgHtg-VFDStdMtr,6470806.37585047
Com,EUn,Ex,cDXGF,CZ03,Whole Building,2009,,,NE-HV_AirDist-SupFanMtr-cDXGF-2SpClgHtg-Cnst,7108735.314708144
Com,EUn,Ex,cDXGF,CZ03,Whole Building,2009,,,NE-HV_AirDist-SupFanMtr-cDXGF-2SpClgHtg-VFDExMtr,6063323.781577223
Com,EUn,Ex,cDXGF,CZ03,Whole Building,2009,,,NE-HV_AirDist-SupFanMtr-cDXGF-2SpClgHtg-VFDPMMtr,6019928.023406836
Com,EUn,Ex,cDXGF,CZ03,Whole Building,2009,,,NE-HV_AirDist-SupFanMtr-cDXGF-2SpClgHtg-VFDStdMtr,6049885.072935013
Com,EUn,Ex,cDXHP,CZ03,Whole Building,2009,,,NE-HV_AirDist-SupFanMtr-cDXHP-2SpClgHtg-Cnst,7133859.202646299
Com,EUn,Ex,cDXHP,CZ03,Whole Building,2009,,,NE-HV_AirDist-SupFanMtr-cDXHP-2SpClgHtg-VFDExMtr,6102465.998031825
Com,EUn,Ex,cDXHP,CZ03,Whole Building,2009,,,NE-HV_AirDist-SupFanMtr-cDXHP-2SpClgHtg-VFDPMMtr,6060256.815758111
Com,EUn,Ex,cDXHP,CZ03,Whole Building,2009,,,NE-HV_AirDist-SupFanMtr-cDXHP-2SpClgHtg-VFDStdMtr,6089447.899523505
Com,EUn,Ex,cDXOH,CZ03,Whole Building,2009,,,NE-HV_AirDist-SupFanMtr-cDXOH-2SpClgHtg-Cnst,7104366.518780511
Com,EUn,Ex,cDXOH,CZ03,Whole Building,2009,,,NE-HV_AirDist-SupFanMtr-cDXOH-2SpClgHtg-VFDExMtr,6136310.4367754245
Com,EUn,Ex,cDXOH,CZ03,Whole Building,2009,,,NE-HV_AirDist-SupFanMtr-cDXOH-2SpClgHtg-VFDPMMtr,6095019.567416246
Com,EUn,Ex,cDXOH,CZ03,Whole Building,2009,,,NE-HV_AirDist-SupFanMtr-cDXOH-2SpClgHtg-VFDStdMtr,6123987.552275488
Com,EUn,Ex,cDXGF,CZ04,Whole Building,2009,,,NE-HV_AirDist-SupFanMtr-cDXGF-2SpClgHtg-Cnst,7890090.538666725
Com,EUn,Ex,cDXGF,CZ04,Whole Building,2009,,,NE-HV_AirDist-SupFanMtr-cDXGF-2SpClgHtg-VFDExMtr,6765078.996293848
Com,EUn,Ex,cDXGF,CZ04,Whole Building,2009,,,NE-HV_AirDist-SupFanMtr-cDXGF-2SpClgHtg-VFDPMMtr,6718669.724909558
Com,EUn,Ex,cDXGF,CZ04,Whole Building,2009,,,NE-HV_AirDist-SupFanMtr-cDXGF-2SpClgHtg-VFDStdMtr,6750608.464508462
Com,EUn,Ex,cDXHP,CZ04,Whole Building,2009,,,NE-HV_AirDist-SupFanMtr-cDXHP-2SpClgHtg-Cnst,7939270.13013793
Com,EUn,Ex,cDXHP,CZ04,Whole Building,2009,,,NE-HV_AirDist-SupFanMtr-cDXHP-2SpClgHtg-VFDExMtr,6837275.000232932
Com,EUn,Ex,cDXHP,CZ04,Whole Building,2009,,,NE-HV_AirDist-SupFanMtr-cDXHP-2SpClgHtg-VFDPMMtr,6791717.827877385
Com,EUn,Ex,cDXHP,CZ04,Whole Building,2009,,,NE-HV_AirDist-SupFanMtr-cDXHP-2SpClgHtg-VFDStdMtr,6822926.358101685
Com,EUn,Ex,cDXOH,CZ04,Whole Building,2009,,,NE-HV_AirDist-SupFanMtr-cDXOH-2SpClgHtg-Cnst,7865710.906466055
Com,EUn,Ex,cDXOH,CZ04,Whole Building,2009,,,NE-HV_AirDist-SupFanMtr-cDXOH-2SpClgHtg-VFDExMtr,6865554.508251817
Com,EUn,Ex,cDXOH,CZ04,Whole Building,2009,,,NE-HV_AirDist-SupFanMtr-cDXOH-2SpClgHtg-VFDPMMtr,6824938.645654497
Com,EUn,Ex,cDXOH,CZ04,Whole Building,2009,,,NE-HV_AirDist-SupFanMtr-cDXOH-2SpClgHtg-VFDStdMtr,6853087.18625317
Com,EUn,Ex,cDXGF,CZ05,Whole Building,2009,,,NE-HV_AirDist-SupFanMtr-cDXGF-2SpClgHtg-Cnst,7259328.606158729
Com,EUn,Ex,cDXGF,CZ05,Whole Building,2009,,,NE-HV_AirDist-SupFanMtr-cDXGF-2SpClgHtg-VFDExMtr,6195555.931438664
Com,EUn,Ex,cDXGF,CZ05,Whole Building,2009,,,NE-HV_AirDist-SupFanMtr-cDXGF-2SpClgHtg-VFDPMMtr,6150808.579905823
Com,EUn,Ex,cDXGF,CZ05,Whole Building,2009,,,NE-HV_AirDist-SupFanMtr-cDXGF-2SpClgHtg-VFDStdMtr,6181968.661097702
Com,EUn,Ex,cDXHP,CZ05,Whole Building,2009,,,NE-HV_AirDist-SupFanMtr-cDXHP-2SpClgHtg-Cnst,7287176.726622698
Com,EUn,Ex,cDXHP,CZ05,Whole Building,2009,,,NE-HV_AirDist-SupFanMtr-cDXHP-2SpClgHtg-VFDExMtr,6238871.626067857
Com,EUn,Ex,cDXHP,CZ05,Whole Building,2009,,,NE-HV_AirDist-SupFanMtr-cDXHP-2SpClgHtg-VFDPMMtr,6195192.692808807
Com,EUn,Ex,cDXHP,CZ05,Whole Building,2009,,,NE-HV_AirDist-SupFanMtr-cDXHP-2SpClgHtg-VFDStdMtr,6225777.932803014
Com,EUn,Ex,cDXOH,CZ05,Whole Building,2009,,,NE-HV_AirDist-SupFanMtr-cDXOH-2SpClgHtg-Cnst,7251941.538952411
Com,EUn,Ex,cDXOH,CZ05,Whole Building,2009,,,NE-HV_AirDist-SupFanMtr-cDXOH-2SpClgHtg-VFDExMtr,6273249.841988073
Com,EUn,Ex,cDXOH,CZ05,Whole Building,2009,,,NE-HV_AirDist-SupFanMtr-cDXOH-2SpClgHtg-VFDPMMtr,6231335.705037423
Com,EUn,Ex,cDXOH,CZ05,Whole Building,2009,,,NE-HV_AirDist-SupFanMtr-cDXOH-2SpClgHtg-VFDStdMtr,6260514.838896398
Com,EUn,Ex,cDXGF,CZ06,Whole Building,2009,,,NE-HV_AirDist-SupFanMtr-cDXGF-2SpClgHtg-Cnst,7599724.561923205
Com,EUn,Ex,cDXGF,CZ06,Whole Building,2009,,,NE-HV_AirDist-SupFanMtr-cDXGF-2SpClgHtg-VFDExMtr,6620678.875530526
Com,EUn,Ex,cDXGF,CZ06,Whole Building,2009,,,NE-HV_AirDist-SupFanMtr-cDXGF-2SpClgHtg-VFDPMMtr,6573935.398053675
Com,EUn,Ex,cDXGF,CZ06,Whole Building,2009,,,NE-HV_AirDist-SupFanMtr-cDXGF-2SpClgHtg-VFDStdMtr,6605679.133112096
Com,EUn,Ex,cDXHP,CZ06,Whole Building,2009,,,NE-HV_AirDist-SupFanMtr-cDXHP-2SpClgHtg-Cnst,7577201.254694232
Com,EUn,Ex,cDXHP,CZ06,Whole Building,2009,,,NE-HV_AirDist-SupFanMtr-cDXHP-2SpClgHtg-VFDExMtr,6631372.25661022
Com,EUn,Ex,cDXHP,CZ06,Whole Building,2009,,,NE-HV_AirDist-SupFanMtr-cDXHP-2SpClgHtg-VFDPMMtr,6584670.011329839
Com,EUn,Ex,cDXHP,CZ06,Whole Building,2009,,,NE-HV_AirDist-SupFanMtr-cDXHP-2SpClgHtg-VFDStdMtr,6616476.659417515
Com,EUn,Ex,cDXOH,CZ06,Whole Building,2009,,,NE-HV_AirDist-SupFanMtr-cDXOH-2SpClgHtg-Cnst,7579861.745621812
Com,EUn,Ex,cDXOH,CZ06,Whole Building,2009,,,NE-HV_AirDist-SupFanMtr-cDXOH-2SpClgHtg-VFDExMtr,6638966.502996797
Com,EUn,Ex,cDXOH,CZ06,Whole Building,2009,,,NE-HV_AirDist-SupFanMtr-cDXOH-2SpClgHtg-VFDPMMtr,6592751.09767584
Com,EUn,Ex,cDXOH,CZ06,Whole Building,2009,,,NE-HV_AirDist-SupFanMtr-cDXOH-2SpClgHtg-VFDStdMtr,6624316.322545732
Com,EUn,Ex,cDXGF,CZ07,Whole Building,2009,,,NE-HV_AirDist-SupFanMtr-cDXGF-2SpClgHtg-Cnst,7645254.639899747
Com,EUn,Ex,cDXGF,CZ07,Whole Building,2009,,,NE-HV_AirDist-SupFanMtr-cDXGF-2SpClgHtg-VFDExMtr,6653781.96883745
Com,EUn,Ex,cDXGF,CZ07,Whole Building,2009,,,NE-HV_AirDist-SupFanMtr-cDXGF-2SpClgHtg-VFDPMMtr,6606648.322993369
Com,EUn,Ex,cDXGF,CZ07,Whole Building,2009,,,NE-HV_AirDist-SupFanMtr-cDXGF-2SpClgHtg-VFDStdMtr,6638660.88114499
Com,EUn,Ex,cDXHP,CZ07,Whole Building,2009,,,NE-HV_AirDist-SupFanMtr-cDXHP-2SpClgHtg-Cnst,7628532.347099461
Com,EUn,Ex,cDXHP,CZ07,Whole Building,2009,,,NE-HV_AirDist-SupFanMtr-cDXHP-2SpClgHtg-VFDExMtr,6669810.843675138
Com,EUn,Ex,cDXHP,CZ07,Whole Building,2009,,,NE-HV_AirDist-SupFanMtr-cDXHP-2SpClgHtg-VFDPMMtr,6623077.116012648
Com,EUn,Ex,cDXHP,CZ07,Whole Building,2009,,,NE-HV_AirDist-SupFanMtr-cDXHP-2SpClgHtg-VFDStdMtr,6654808.238176837
Com,EUn,Ex,cDXOH,CZ07,Whole Building,2009,,,NE-HV_AirDist-SupFanMtr-cDXOH-2SpClgHtg-Cnst,7625987.000094613
Com,EUn,Ex,cDXOH,CZ07,Whole Building,2009,,,NE-HV_AirDist-SupFanMtr-cDXOH-2SpClgHtg-VFDExMtr,6668169.476416853
Com,EUn,Ex,cDXOH,CZ07,Whole Building,2009,,,NE-HV_AirDist-SupFanMtr-cDXOH-2SpClgHtg-VFDPMMtr,6621585.964256509
Com,EUn,Ex,cDXOH,CZ07,Whole Building,2009,,,NE-HV_AirDist-SupFanMtr-cDXOH-2SpClgHtg-VFDStdMtr,6653457.031492512
Com,EUn,Ex,cDXGF,CZ08,Whole Building,2009,,,NE-HV_AirDist-SupFanMtr-cDXGF-2SpClgHtg-Cnst,8096167.227025853
Com,EUn,Ex,cDXGF,CZ08,Whole Building,2009,,,NE-HV_AirDist-SupFanMtr-cDXGF-2SpClgHtg-VFDExMtr,7044284.529925422
Com,EUn,Ex,cDXGF,CZ08,Whole Building,2009,,,NE-HV_AirDist-SupFanMtr-cDXGF-2SpClgHtg-VFDPMMtr,6995903.212056757
Com,EUn,Ex,cDXGF,CZ08,Whole Building,2009,,,NE-HV_AirDist-SupFanMtr-cDXGF-2SpClgHtg-VFDStdMtr,7028474.991128994
Com,EUn,Ex,cDXHP,CZ08,Whole Building,2009,,,NE-HV_AirDist-SupFanMtr-cDXHP-2SpClgHtg-Cnst,8080184.259650871
Com,EUn,Ex,cDXHP,CZ08,Whole Building,2009,,,NE-HV_AirDist-SupFanMtr-cDXHP-2SpClgHtg-VFDExMtr,7073267.329337111
Com,EUn,Ex,cDXHP,CZ08,Whole Building,2009,,,NE-HV_AirDist-SupFanMtr-cDXHP-2SpClgHtg-VFDPMMtr,7025037.723335617
Com,EUn,Ex,cDXHP,CZ08,Whole Building,2009,,,NE-HV_AirDist-SupFanMtr-cDXHP-2SpClgHtg-VFDStdMtr,7057351.050582762
Com,EUn,Ex,cDXOH,CZ08,Whole Building,2009,,,NE-HV_AirDist-SupFanMtr-cDXOH-2SpClgHtg-Cnst,8064637.553339747
Com,EUn,Ex,cDXOH,CZ08,Whole Building,2009,,,NE-HV_AirDist-SupFanMtr-cDXOH-2SpClgHtg-VFDExMtr,7071258.081890352
Com,EUn,Ex,cDXOH,CZ08,Whole Building,2009,,,NE-HV_AirDist-SupFanMtr-cDXOH-2SpClgHtg-VFDPMMtr,7023666.066640953
Com,EUn,Ex,cDXOH,CZ08,Whole Building,2009,,,NE-HV_AirDist-SupFanMtr-cDXOH-2SpClgHtg-VFDStdMtr,7056089.963708985
Com,EUn,Ex,cDXGF,CZ09,Whole Building,2009,,,NE-HV_AirDist-SupFanMtr-cDXGF-2SpClgHtg-Cnst,8162188.541008482
Com,EUn,Ex,cDXGF,CZ09,Whole Building,2009,,,NE-HV_AirDist-SupFanMtr-cDXGF-2SpClgHtg-VFDExMtr,7049954.789660223
Com,EUn,Ex,cDXGF,CZ09,Whole Building,2009,,,NE-HV_AirDist-SupFanMtr-cDXGF-2SpClgHtg-VFDPMMtr,7000099.774115956
Com,EUn,Ex,cDXGF,CZ09,Whole Building,2009,,,NE-HV_AirDist-SupFanMtr-cDXGF-2SpClgHtg-VFDStdMtr,7033846.3982472
Com,EUn,Ex,cDXHP,CZ09,Whole Building,2009,,,NE-HV_AirDist-SupFanMtr-cDXHP-2SpClgHtg-Cnst,8155618.462778949
Com,EUn,Ex,cDXHP,CZ09,Whole Building,2009,,,NE-HV_AirDist-SupFanMtr-cDXHP-2SpClgHtg-VFDExMtr,7086898.7290557735
Com,EUn,Ex,cDXHP,CZ09,Whole Building,2009,,,NE-HV_AirDist-SupFanMtr-cDXHP-2SpClgHtg-VFDPMMtr,7037625.855448339
Com,EUn,Ex,cDXHP,CZ09,Whole Building,2009,,,NE-HV_AirDist-SupFanMtr-cDXHP-2SpClgHtg-VFDStdMtr,7070900.943416596
Com,EUn,Ex,cDXOH,CZ09,Whole Building,2009,,,NE-HV_AirDist-SupFanMtr-cDXOH-2SpClgHtg-Cnst,8132724.905992284
Com,EUn,Ex,cDXOH,CZ09,Whole Building,2009,,,NE-HV_AirDist-SupFanMtr-cDXOH-2SpClgHtg-VFDExMtr,7083231.065272173
Com,EUn,Ex,cDXOH,CZ09,Whole Building,2009,,,NE-HV_AirDist-SupFanMtr-cDXOH-2SpClgHtg-VFDPMMtr,7034601.490858878
Com,EUn,Ex,cDXOH,CZ09,Whole Building,2009,,,NE-HV_AirDist-SupFanMtr-cDXOH-2SpClgHtg-VFDStdMtr,7067850.323810936
Com,EUn,Ex,cDXGF,CZ10,Whole Building,2009,,,NE-HV_AirDist-SupFanMtr-cDXGF-2SpClgHtg-Cnst,8189898.874393862
Com,EUn,Ex,cDXGF,CZ10,Whole Building,2009,,,NE-HV_AirDist-SupFanMtr-cDXGF-2SpClgHtg-VFDExMtr,7113618.682999208
Com,EUn,Ex,cDXGF,CZ10,Whole Building,2009,,,NE-HV_AirDist-SupFanMtr-cDXGF-2SpClgHtg-VFDPMMtr,7065932.56849515
Com,EUn,Ex,cDXGF,CZ10,Whole Building,2009,,,NE-HV_AirDist-SupFanMtr-cDXGF-2SpClgHtg-VFDStdMtr,7098095.97070256
Com,EUn,Ex,cDXHP,CZ10,Whole Building,2009,,,NE-HV_AirDist-SupFanMtr-cDXHP-2SpClgHtg-Cnst,8185613.8875705
Com,EUn,Ex,cDXHP,CZ10,Whole Building,2009,,,NE-HV_AirDist-SupFanMtr-cDXHP-2SpClgHtg-VFDExMtr,7148185.088065558
Com,EUn,Ex,cDXHP,CZ10,Whole Building,2009,,,NE-HV_AirDist-SupFanMtr-cDXHP-2SpClgHtg-VFDPMMtr,7101053.931707172
Com,EUn,Ex,cDXHP,CZ10,Whole Building,2009,,,NE-HV_AirDist-SupFanMtr-cDXHP-2SpClgHtg-VFDStdMtr,7132912.504064614
Com,EUn,Ex,cDXOH,CZ10,Whole Building,2009,,,NE-HV_AirDist-SupFanMtr-cDXOH-2SpClgHtg-Cnst,8158365.320563471
Com,EUn,Ex,cDXOH,CZ10,Whole Building,2009,,,NE-HV_AirDist-SupFanMtr-cDXOH-2SpClgHtg-VFDExMtr,7153353.864327595
Com,EUn,Ex,cDXOH,CZ10,Whole Building,2009,,,NE-HV_AirDist-SupFanMtr-cDXOH-2SpClgHtg-VFDPMMtr,7107193.155604016
Com,EUn,Ex,cDXOH,CZ10,Whole Building,2009,,,NE-HV_AirDist-SupFanMtr-cDXOH-2SpClgHtg-VFDStdMtr,7138363.509391975
Com,EUn,Ex,cDXGF,CZ11,Whole Building,2009,,,NE-HV_AirDist-SupFanMtr-cDXGF-2SpClgHtg-Cnst,8289461.618566978
Com,EUn,Ex,cDXGF,CZ11,Whole Building,2009,,,NE-HV_AirDist-SupFanMtr-cDXGF-2SpClgHtg-VFDExMtr,7145456.209944646
Com,EUn,Ex,cDXGF,CZ11,Whole Building,2009,,,NE-HV_AirDist-SupFanMtr-cDXGF-2SpClgHtg-VFDPMMtr,7098783.7960225
Com,EUn,Ex,cDXGF,CZ11,Whole Building,2009,,,NE-HV_AirDist-SupFanMtr-cDXGF-2SpClgHtg-VFDStdMtr,7130426.733613225
Com,EUn,Ex,cDXHP,CZ11,Whole Building,2009,,,NE-HV_AirDist-SupFanMtr-cDXHP-2SpClgHtg-Cnst,8336910.846470507
Com,EUn,Ex,cDXHP,CZ11,Whole Building,2009,,,NE-HV_AirDist-SupFanMtr-cDXHP-2SpClgHtg-VFDExMtr,7215251.146603116
Com,EUn,Ex,cDXHP,CZ11,Whole Building,2009,,,NE-HV_AirDist-SupFanMtr-cDXHP-2SpClgHtg-VFDPMMtr,7169530.842926235
Com,EUn,Ex,cDXHP,CZ11,Whole Building,2009,,,NE-HV_AirDist-SupFanMtr-cDXHP-2SpClgHtg-VFDStdMtr,7200455.934018313
Com,EUn,Ex,cDXOH,CZ11,Whole Building,2009,,,NE-HV_AirDist-SupFanMtr-cDXOH-2SpClgHtg-Cnst,8261954.854566991
Com,EUn,Ex,cDXOH,CZ11,Whole Building,2009,,,NE-HV_AirDist-SupFanMtr-cDXOH-2SpClgHtg-VFDExMtr,7257071.622839349
Com,EUn,Ex,cDXOH,CZ11,Whole Building,2009,,,NE-HV_AirDist-SupFanMtr-cDXOH-2SpClgHtg-VFDPMMtr,7215170.442395438
Com,EUn,Ex,cDXOH,CZ11,Whole Building,2009,,,NE-HV_AirDist-SupFanMtr-cDXOH-2SpClgHtg-VFDStdMtr,7243959.138826786
Com,EUn,Ex,cDXGF,CZ12,Whole Building,2009,,,NE-HV_AirDist-SupFanMtr-cDXGF-2SpClgHtg-Cnst,7798301.254383384
Com,EUn,Ex,cDXGF,CZ12,Whole Building,2009,,,NE-HV_AirDist-SupFanMtr-cDXGF-2SpClgHtg-VFDExMtr,6710620.638395637
Com,EUn,Ex,cDXGF,CZ12,Whole Building,2009,,,NE-HV_AirDist-SupFanMtr-cDXGF-2SpClgHtg-VFDPMMtr,6665389.631135408
Com,EUn,Ex,cDXGF,CZ12,Whole Building,2009,,,NE-HV_AirDist-SupFanMtr-cDXGF-2SpClgHtg-VFDStdMtr,6696548.680450395
Com,EUn,Ex,cDXHP,CZ12,Whole Building,2009,,,NE-HV_AirDist-SupFanMtr-cDXHP-2SpClgHtg-Cnst,7836667.163563457
Com,EUn,Ex,cDXHP,CZ12,Whole Building,2009,,,NE-HV_AirDist-SupFanMtr-cDXHP-2SpClgHtg-VFDExMtr,6782268.606340832
Com,EUn,Ex,cDXHP,CZ12,Whole Building,2009,,,NE-HV_AirDist-SupFanMtr-cDXHP-2SpClgHtg-VFDPMMtr,6738304.8783461
Com,EUn,Ex,cDXHP,CZ12,Whole Building,2009,,,NE-HV_AirDist-SupFanMtr-cDXHP-2SpClgHtg-VFDStdMtr,6768557.68795942
Com,EUn,Ex,cDXOH,CZ12,Whole Building,2009,,,NE-HV_AirDist-SupFanMtr-cDXOH-2SpClgHtg-Cnst,7776922.182779832
Com,EUn,Ex,cDXOH,CZ12,Whole Building,2009,,,NE-HV_AirDist-SupFanMtr-cDXOH-2SpClgHtg-VFDExMtr,6820621.1932152435
Com,EUn,Ex,cDXOH,CZ12,Whole Building,2009,,,NE-HV_AirDist-SupFanMtr-cDXOH-2SpClgHtg-VFDPMMtr,6781060.021393236
Com,EUn,Ex,cDXOH,CZ12,Whole Building,2009,,,NE-HV_AirDist-SupFanMtr-cDXOH-2SpClgHtg-VFDStdMtr,6808186.602283948
Com,EUn,Ex,cDXGF,CZ13,Whole Building,2009,,,NE-HV_AirDist-SupFanMtr-cDXGF-2SpClgHtg-Cnst,8342228.389878838
Com,EUn,Ex,cDXGF,CZ13,Whole Building,2009,,,NE-HV_AirDist-SupFanMtr-cDXGF-2SpClgHtg-VFDExMtr,7212730.567382075
Com,EUn,Ex,cDXGF,CZ13,Whole Building,2009,,,NE-HV_AirDist-SupFanMtr-cDXGF-2SpClgHtg-VFDPMMtr,7165764.7081902055
Com,EUn,Ex,cDXGF,CZ13,Whole Building,2009,,,NE-HV_AirDist-SupFanMtr-cDXGF-2SpClgHtg-VFDStdMtr,7197655.871016689
Com,EUn,Ex,cDXHP,CZ13,Whole Building,2009,,,NE-HV_AirDist-SupFanMtr-cDXHP-2SpClgHtg-Cnst,8374212.57899971
Com,EUn,Ex,cDXHP,CZ13,Whole Building,2009,,,NE-HV_AirDist-SupFanMtr-cDXHP-2SpClgHtg-VFDExMtr,7275258.778162645
Com,EUn,Ex,cDXHP,CZ13,Whole Building,2009,,,NE-HV_AirDist-SupFanMtr-cDXHP-2SpClgHtg-VFDPMMtr,7228757.828290641
Com,EUn,Ex,cDXHP,CZ13,Whole Building,2009,,,NE-HV_AirDist-SupFanMtr-cDXHP-2SpClgHtg-VFDStdMtr,7260219.4552533785
Com,EUn,Ex,cDXOH,CZ13,Whole Building,2009,,,NE-HV_AirDist-SupFanMtr-cDXOH-2SpClgHtg-Cnst,8311558.513422621
Com,EUn,Ex,cDXOH,CZ13,Whole Building,2009,,,NE-HV_AirDist-SupFanMtr-cDXOH-2SpClgHtg-VFDExMtr,7307456.474548784
Com,EUn,Ex,cDXOH,CZ13,Whole Building,2009,,,NE-HV_AirDist-SupFanMtr-cDXOH-2SpClgHtg-VFDPMMtr,7265260.8416363625
Com,EUn,Ex,cDXOH,CZ13,Whole Building,2009,,,NE-HV_AirDist-SupFanMtr-cDXOH-2SpClgHtg-VFDStdMtr,7293729.216288465
Com,EUn,Ex,cDXGF,CZ14,Whole Building,2009,,,NE-HV_AirDist-SupFanMtr-cDXGF-2SpClgHtg-Cnst,8439646.210020263
Com,EUn,Ex,cDXGF,CZ14,Whole Building,2009,,,NE-HV_AirDist-SupFanMtr-cDXGF-2SpClgHtg-VFDExMtr,7263177.691630236
Com,EUn,Ex,cDXGF,CZ14,Whole Building,2009,,,NE-HV_AirDist-SupFanMtr-cDXGF-2SpClgHtg-VFDPMMtr,7213301.98599335
Com,EUn,Ex,cDXGF,CZ14,Whole Building,2009,,,NE-HV_AirDist-SupFanMtr-cDXGF-2SpClgHtg-VFDStdMtr,7247208.499248576
Com,EUn,Ex,cDXHP,CZ14,Whole Building,2009,,,NE-HV_AirDist-SupFanMtr-cDXHP-2SpClgHtg-Cnst,8488261.134047281
Com,EUn,Ex,cDXHP,CZ14,Whole Building,2009,,,NE-HV_AirDist-SupFanMtr-cDXHP-2SpClgHtg-VFDExMtr,7331691.171372127
Com,EUn,Ex,cDXHP,CZ14,Whole Building,2009,,,NE-HV_AirDist-SupFanMtr-cDXHP-2SpClgHtg-VFDPMMtr,7282406.347440157
Com,EUn,Ex,cDXHP,CZ14,Whole Building,2009,,,NE-HV_AirDist-SupFanMtr-cDXHP-2SpClgHtg-VFDStdMtr,7315705.277176468
Com,EUn,Ex,cDXOH,CZ14,Whole Building,2009,,,NE-HV_AirDist-SupFanMtr-cDXOH-2SpClgHtg-Cnst,8406616.067972098
Com,EUn,Ex,cDXOH,CZ14,Whole Building,2009,,,NE-HV_AirDist-SupFanMtr-cDXOH-2SpClgHtg-VFDExMtr,7359524.622597669
Com,EUn,Ex,cDXOH,CZ14,Whole Building,2009,,,NE-HV_AirDist-SupFanMtr-cDXOH-2SpClgHtg-VFDPMMtr,7313879.067848621
Com,EUn,Ex,cDXOH,CZ14,Whole Building,2009,,,NE-HV_AirDist-SupFanMtr-cDXOH-2SpClgHtg-VFDStdMtr,7344965.112103798
Com,EUn,Ex,cDXGF,CZ15,Whole Building,2009,,,NE-HV_AirDist-SupFanMtr-cDXGF-2SpClgHtg-Cnst,9452563.493788058
Com,EUn,Ex,cDXGF,CZ15,Whole Building,2009,,,NE-HV_AirDist-SupFanMtr-cDXGF-2SpClgHtg-VFDExMtr,8326694.028899138
Com,EUn,Ex,cDXGF,CZ15,Whole Building,2009,,,NE-HV_AirDist-SupFanMtr-cDXGF-2SpClgHtg-VFDPMMtr,8275657.32986523
Com,EUn,Ex,cDXGF,CZ15,Whole Building,2009,,,NE-HV_AirDist-SupFanMtr-cDXGF-2SpClgHtg-VFDStdMtr,8309696.112611609
Com,EUn,Ex,cDXHP,CZ15,Whole Building,2009,,,NE-HV_AirDist-SupFanMtr-cDXHP-2SpClgHtg-Cnst,9460463.304505665
Com,EUn,Ex,cDXHP,CZ15,Whole Building,2009,,,NE-HV_AirDist-SupFanMtr-cDXHP-2SpClgHtg-VFDExMtr,8392428.580418687
Com,EUn,Ex,cDXHP,CZ15,Whole Building,2009,,,NE-HV_AirDist-SupFanMtr-cDXHP-2SpClgHtg-VFDPMMtr,8341338.870579209
Com,EUn,Ex,cDXHP,CZ15,Whole Building,2009,,,NE-HV_AirDist-SupFanMtr-cDXHP-2SpClgHtg-VFDStdMtr,8375640.447564413
Com,EUn,Ex,cDXOH,CZ15,Whole Building,2009,,,NE-HV_AirDist-SupFanMtr-cDXOH-2SpClgHtg-Cnst,9402438.256809615
Com,EUn,Ex,cDXOH,CZ15,Whole Building,2009,,,NE-HV_AirDist-SupFanMtr-cDXOH-2SpClgHtg-VFDExMtr,8345345.729080027
Com,EUn,Ex,cDXOH,CZ15,Whole Building,2009,,,NE-HV_AirDist-SupFanMtr-cDXOH-2SpClgHtg-VFDPMMtr,8295098.127415976
Com,EUn,Ex,cDXOH,CZ15,Whole Building,2009,,,NE-HV_AirDist-SupFanMtr-cDXOH-2SpClgHtg-VFDStdMtr,8328767.976327789
Com,EUn,Ex,cDXGF,CZ16,Whole Building,2009,,,NE-HV_AirDist-SupFanMtr-cDXGF-2SpClgHtg-Cnst,7809525.467921412
Com,EUn,Ex,cDXGF,CZ16,Whole Building,2009,,,NE-HV_AirDist-SupFanMtr-cDXGF-2SpClgHtg-VFDExMtr,6526176.500333853
Com,EUn,Ex,cDXGF,CZ16,Whole Building,2009,,,NE-HV_AirDist-SupFanMtr-cDXGF-2SpClgHtg-VFDPMMtr,6473503.340549595
Com,EUn,Ex,cDXGF,CZ16,Whole Building,2009,,,NE-HV_AirDist-SupFanMtr-cDXGF-2SpClgHtg-VFDStdMtr,6509570.818041156
Com,EUn,Ex,cDXHP,CZ16,Whole Building,2009,,,NE-HV_AirDist-SupFanMtr-cDXHP-2SpClgHtg-Cnst,7895387.227451047
Com,EUn,Ex,cDXHP,CZ16,Whole Building,2009,,,NE-HV_AirDist-SupFanMtr-cDXHP-2SpClgHtg-VFDExMtr,6639890.169520406
Com,EUn,Ex,cDXHP,CZ16,Whole Building,2009,,,NE-HV_AirDist-SupFanMtr-cDXHP-2SpClgHtg-VFDPMMtr,6589690.129115374
Com,EUn,Ex,cDXHP,CZ16,Whole Building,2009,,,NE-HV_AirDist-SupFanMtr-cDXHP-2SpClgHtg-VFDStdMtr,6624368.335383049
Com,EUn,Ex,cDXOH,CZ16,Whole Building,2009,,,NE-HV_AirDist-SupFanMtr-cDXOH-2SpClgHtg-Cnst,7811648.685328821
Com,EUn,Ex,cDXOH,CZ16,Whole Building,2009,,,NE-HV_AirDist-SupFanMtr-cDXOH-2SpClgHtg-VFDExMtr,6706104.316392511
Com,EUn,Ex,cDXOH,CZ16,Whole Building,2009,,,NE-HV_AirDist-SupFanMtr-cDXOH-2SpClgHtg-VFDPMMtr,6662455.082252011
Com,EUn,Ex,cDXOH,CZ16,Whole Building,2009,,,NE-HV_AirDist-SupFanMtr-cDXOH-2SpClgHtg-VFDStdMtr,6693351.1555860415
Com,Gro,Ex,cDXGF,CZ01,Whole Building,2009,,,NE-HV_AirDist-SupFanMtr-cDXGF-2SpClgHtg-Cnst,1573423.120721285
Com,Gro,Ex,cDXGF,CZ01,Whole Building,2009,,,NE-HV_AirDist-SupFanMtr-cDXGF-2SpClgHtg-VFDExMtr,1463802.0917444555
Com,Gro,Ex,cDXGF,CZ01,Whole Building,2009,,,NE-HV_AirDist-SupFanMtr-cDXGF-2SpClgHtg-VFDPMMtr,1461160.707851983
Com,Gro,Ex,cDXGF,CZ01,Whole Building,2009,,,NE-HV_AirDist-SupFanMtr-cDXGF-2SpClgHtg-VFDStdMtr,1462156.5867429464
Com,Gro,Ex,cDXHP,CZ01,Whole Building,2009,,,NE-HV_AirDist-SupFanMtr-cDXHP-2SpClgHtg-Cnst,1620205.8232767675
Com,Gro,Ex,cDXHP,CZ01,Whole Building,2009,,,NE-HV_AirDist-SupFanMtr-cDXHP-2SpClgHtg-VFDExMtr,1515768.5730854664
Com,Gro,Ex,cDXHP,CZ01,Whole Building,2009,,,NE-HV_AirDist-SupFanMtr-cDXHP-2SpClgHtg-VFDPMMtr,1513198.9943921866
Com,Gro,Ex,cDXHP,CZ01,Whole Building,2009,,,NE-HV_AirDist-SupFanMtr-cDXHP-2SpClgHtg-VFDStdMtr,1514331.7685922699
Com,Gro,Ex,cDXOH,CZ01,Whole Building,2009,,,NE-HV_AirDist-SupFanMtr-cDXOH-2SpClgHtg-Cnst,1554207.9340386717
Com,Gro,Ex,cDXOH,CZ01,Whole Building,2009,,,NE-HV_AirDist-SupFanMtr-cDXOH-2SpClgHtg-VFDExMtr,1516828.5369098175
Com,Gro,Ex,cDXOH,CZ01,Whole Building,2009,,,NE-HV_AirDist-SupFanMtr-cDXOH-2SpClgHtg-VFDPMMtr,1515996.1351029247
Com,Gro,Ex,cDXOH,CZ01,Whole Building,2009,,,NE-HV_AirDist-SupFanMtr-cDXOH-2SpClgHtg-VFDStdMtr,1516507.1563738184
Com,Gro,Ex,cDXGF,CZ02,Whole Building,2009,,,NE-HV_AirDist-SupFanMtr-cDXGF-2SpClgHtg-Cnst,1744257.408651569
Com,Gro,Ex,cDXGF,CZ02,Whole Building,2009,,,NE-HV_AirDist-SupFanMtr-cDXGF-2SpClgHtg-VFDExMtr,1617455.7512786062
Com,Gro,Ex,cDXGF,CZ02,Whole Building,2009,,,NE-HV_AirDist-SupFanMtr-cDXGF-2SpClgHtg-VFDPMMtr,1612859.3046438957
Com,Gro,Ex,cDXGF,CZ02,Whole Building,2009,,,NE-HV_AirDist-SupFanMtr-cDXGF-2SpClgHtg-VFDStdMtr,1616215.1101571708
Com,Gro,Ex,cDXHP,CZ02,Whole Building,2009,,,NE-HV_AirDist-SupFanMtr-cDXHP-2SpClgHtg-Cnst,1777880.1391991263
Com,Gro,Ex,cDXHP,CZ02,Whole Building,2009,,,NE-HV_AirDist-SupFanMtr-cDXHP-2SpClgHtg-VFDExMtr,1653732.8605325583
Com,Gro,Ex,cDXHP,CZ02,Whole Building,2009,,,NE-HV_AirDist-SupFanMtr-cDXHP-2SpClgHtg-VFDPMMtr,1649469.8402411917
Com,Gro,Ex,cDXHP,CZ02,Whole Building,2009,,,NE-HV_AirDist-SupFanMtr-cDXHP-2SpClgHtg-VFDStdMtr,1652592.9459559664
Com,Gro,Ex,cDXOH,CZ02,Whole Building,2009,,,NE-HV_AirDist-SupFanMtr-cDXOH-2SpClgHtg-Cnst,1727305.5521184888
Com,Gro,Ex,cDXOH,CZ02,Whole Building,2009,,,NE-HV_AirDist-SupFanMtr-cDXOH-2SpClgHtg-VFDExMtr,1647501.336994889
Com,Gro,Ex,cDXOH,CZ02,Whole Building,2009,,,NE-HV_AirDist-SupFanMtr-cDXOH-2SpClgHtg-VFDPMMtr,1644935.7567177457
Com,Gro,Ex,cDXOH,CZ02,Whole Building,2009,,,NE-HV_AirDist-SupFanMtr-cDXOH-2SpClgHtg-VFDStdMtr,1647209.6589765823
Com,Gro,Ex,cDXGF,CZ03,Whole Building,2009,,,NE-HV_AirDist-SupFanMtr-cDXGF-2SpClgHtg-Cnst,1776789.5369140066
Com,Gro,Ex,cDXGF,CZ03,Whole Building,2009,,,NE-HV_AirDist-SupFanMtr-cDXGF-2SpClgHtg-VFDExMtr,1656834.409085592
Com,Gro,Ex,cDXGF,CZ03,Whole Building,2009,,,NE-HV_AirDist-SupFanMtr-cDXGF-2SpClgHtg-VFDPMMtr,1653446.3710114234
Com,Gro,Ex,cDXGF,CZ03,Whole Building,2009,,,NE-HV_AirDist-SupFanMtr-cDXGF-2SpClgHtg-VFDStdMtr,1655755.248952858
Com,Gro,Ex,cDXHP,CZ03,Whole Building,2009,,,NE-HV_AirDist-SupFanMtr-cDXHP-2SpClgHtg-Cnst,1800114.9519689854
Com,Gro,Ex,cDXHP,CZ03,Whole Building,2009,,,NE-HV_AirDist-SupFanMtr-cDXHP-2SpClgHtg-VFDExMtr,1682955.4626016417
Com,Gro,Ex,cDXHP,CZ03,Whole Building,2009,,,NE-HV_AirDist-SupFanMtr-cDXHP-2SpClgHtg-VFDPMMtr,1679771.224905349
Com,Gro,Ex,cDXHP,CZ03,Whole Building,2009,,,NE-HV_AirDist-SupFanMtr-cDXHP-2SpClgHtg-VFDStdMtr,1682048.553318925
Com,Gro,Ex,cDXOH,CZ03,Whole Building,2009,,,NE-HV_AirDist-SupFanMtr-cDXOH-2SpClgHtg-Cnst,1756624.1543953484
Com,Gro,Ex,cDXOH,CZ03,Whole Building,2009,,,NE-HV_AirDist-SupFanMtr-cDXOH-2SpClgHtg-VFDExMtr,1677584.0350218725
Com,Gro,Ex,cDXOH,CZ03,Whole Building,2009,,,NE-HV_AirDist-SupFanMtr-cDXOH-2SpClgHtg-VFDPMMtr,1675227.592155637
Com,Gro,Ex,cDXOH,CZ03,Whole Building,2009,,,NE-HV_AirDist-SupFanMtr-cDXOH-2SpClgHtg-VFDStdMtr,1676995.5614002105
Com,Gro,Ex,cDXGF,CZ04,Whole Building,2009,,,NE-HV_AirDist-SupFanMtr-cDXGF-2SpClgHtg-Cnst,1889638.3191965008
Com,Gro,Ex,cDXGF,CZ04,Whole Building,2009,,,NE-HV_AirDist-SupFanMtr-cDXGF-2SpClgHtg-VFDExMtr,1746950.947216919
Com,Gro,Ex,cDXGF,CZ04,Whole Building,2009,,,NE-HV_AirDist-SupFanMtr-cDXGF-2SpClgHtg-VFDPMMtr,1741997.2385748436
Com,Gro,Ex,cDXGF,CZ04,Whole Building,2009,,,NE-HV_AirDist-SupFanMtr-cDXGF-2SpClgHtg-VFDStdMtr,1745373.260750183
Com,Gro,Ex,cDXHP,CZ04,Whole Building,2009,,,NE-HV_AirDist-SupFanMtr-cDXHP-2SpClgHtg-Cnst,1917311.0706496998
Com,Gro,Ex,cDXHP,CZ04,Whole Building,2009,,,NE-HV_AirDist-SupFanMtr-cDXHP-2SpClgHtg-VFDExMtr,1777210.296729633
Com,Gro,Ex,cDXHP,CZ04,Whole Building,2009,,,NE-HV_AirDist-SupFanMtr-cDXHP-2SpClgHtg-VFDPMMtr,1772786.166837434
Com,Gro,Ex,cDXHP,CZ04,Whole Building,2009,,,NE-HV_AirDist-SupFanMtr-cDXHP-2SpClgHtg-VFDStdMtr,1775872.01665766
Com,Gro,Ex,cDXOH,CZ04,Whole Building,2009,,,NE-HV_AirDist-SupFanMtr-cDXOH-2SpClgHtg-Cnst,1855862.7625348244
Com,Gro,Ex,cDXOH,CZ04,Whole Building,2009,,,NE-HV_AirDist-SupFanMtr-cDXOH-2SpClgHtg-VFDExMtr,1756187.8038768312
Com,Gro,Ex,cDXOH,CZ04,Whole Building,2009,,,NE-HV_AirDist-SupFanMtr-cDXOH-2SpClgHtg-VFDPMMtr,1752392.467260296
Com,Gro,Ex,cDXOH,CZ04,Whole Building,2009,,,NE-HV_AirDist-SupFanMtr-cDXOH-2SpClgHtg-VFDStdMtr,1755307.1202295572
Com,Gro,Ex,cDXGF,CZ05,Whole Building,2009,,,NE-HV_AirDist-SupFanMtr-cDXGF-2SpClgHtg-Cnst,1803978.9663540754
Com,Gro,Ex,cDXGF,CZ05,Whole Building,2009,,,NE-HV_AirDist-SupFanMtr-cDXGF-2SpClgHtg-VFDExMtr,1678814.5785313467
Com,Gro,Ex,cDXGF,CZ05,Whole Building,2009,,,NE-HV_AirDist-SupFanMtr-cDXGF-2SpClgHtg-VFDPMMtr,1673801.0629673568
Com,Gro,Ex,cDXGF,CZ05,Whole Building,2009,,,NE-HV_AirDist-SupFanMtr-cDXGF-2SpClgHtg-VFDStdMtr,1677421.695141167
Com,Gro,Ex,cDXHP,CZ05,Whole Building,2009,,,NE-HV_AirDist-SupFanMtr-cDXHP-2SpClgHtg-Cnst,1825790.9210993086
Com,Gro,Ex,cDXHP,CZ05,Whole Building,2009,,,NE-HV_AirDist-SupFanMtr-cDXHP-2SpClgHtg-VFDExMtr,1704714.377368066
Com,Gro,Ex,cDXHP,CZ05,Whole Building,2009,,,NE-HV_AirDist-SupFanMtr-cDXHP-2SpClgHtg-VFDPMMtr,1700707.9516718974
Com,Gro,Ex,cDXHP,CZ05,Whole Building,2009,,,NE-HV_AirDist-SupFanMtr-cDXHP-2SpClgHtg-VFDStdMtr,1703617.8764708291
Com,Gro,Ex,cDXOH,CZ05,Whole Building,2009,,,NE-HV_AirDist-SupFanMtr-cDXOH-2SpClgHtg-Cnst,1782820.870635599
Com,Gro,Ex,cDXOH,CZ05,Whole Building,2009,,,NE-HV_AirDist-SupFanMtr-cDXOH-2SpClgHtg-VFDExMtr,1698217.2315436965
Com,Gro,Ex,cDXOH,CZ05,Whole Building,2009,,,NE-HV_AirDist-SupFanMtr-cDXOH-2SpClgHtg-VFDPMMtr,1696240.2978776933
Com,Gro,Ex,cDXOH,CZ05,Whole Building,2009,,,NE-HV_AirDist-SupFanMtr-cDXOH-2SpClgHtg-VFDStdMtr,1697320.386400983
Com,Gro,Ex,cDXGF,CZ06,Whole Building,2009,,,NE-HV_AirDist-SupFanMtr-cDXGF-2SpClgHtg-Cnst,2146864.4710819307
Com,Gro,Ex,cDXGF,CZ06,Whole Building,2009,,,NE-HV_AirDist-SupFanMtr-cDXGF-2SpClgHtg-VFDExMtr,2003141.6538663062
Com,Gro,Ex,cDXGF,CZ06,Whole Building,2009,,,NE-HV_AirDist-SupFanMtr-cDXGF-2SpClgHtg-VFDPMMtr,1998220.5793403701
Com,Gro,Ex,cDXGF,CZ06,Whole Building,2009,,,NE-HV_AirDist-SupFanMtr-cDXGF-2SpClgHtg-VFDStdMtr,2000846.1739595933
Com,Gro,Ex,cDXHP,CZ06,Whole Building,2009,,,NE-HV_AirDist-SupFanMtr-cDXHP-2SpClgHtg-Cnst,2153179.4445601725
Com,Gro,Ex,cDXHP,CZ06,Whole Building,2009,,,NE-HV_AirDist-SupFanMtr-cDXHP-2SpClgHtg-VFDExMtr,2013481.614090596
Com,Gro,Ex,cDXHP,CZ06,Whole Building,2009,,,NE-HV_AirDist-SupFanMtr-cDXHP-2SpClgHtg-VFDPMMtr,2008968.1498265348
Com,Gro,Ex,cDXHP,CZ06,Whole Building,2009,,,NE-HV_AirDist-SupFanMtr-cDXHP-2SpClgHtg-VFDStdMtr,2011494.920173692
Com,Gro,Ex,cDXOH,CZ06,Whole Building,2009,,,NE-HV_AirDist-SupFanMtr-cDXOH-2SpClgHtg-Cnst,2139361.677035971
Com,Gro,Ex,cDXOH,CZ06,Whole Building,2009,,,NE-HV_AirDist-SupFanMtr-cDXOH-2SpClgHtg-VFDExMtr,2014753.1609051302
Com,Gro,Ex,cDXOH,CZ06,Whole Building,2009,,,NE-HV_AirDist-SupFanMtr-cDXOH-2SpClgHtg-VFDPMMtr,2010055.13214284
Com,Gro,Ex,cDXOH,CZ06,Whole Building,2009,,,NE-HV_AirDist-SupFanMtr-cDXOH-2SpClgHtg-VFDStdMtr,2013806.529960315
Com,Gro,Ex,cDXGF,CZ07,Whole Building,2009,,,NE-HV_AirDist-SupFanMtr-cDXGF-2SpClgHtg-Cnst,2161101.6289312197
Com,Gro,Ex,cDXGF,CZ07,Whole Building,2009,,,NE-HV_AirDist-SupFanMtr-cDXGF-2SpClgHtg-VFDExMtr,2013822.109284047
Com,Gro,Ex,cDXGF,CZ07,Whole Building,2009,,,NE-HV_AirDist-SupFanMtr-cDXGF-2SpClgHtg-VFDPMMtr,2008508.010284229
Com,Gro,Ex,cDXGF,CZ07,Whole Building,2009,,,NE-HV_AirDist-SupFanMtr-cDXGF-2SpClgHtg-VFDStdMtr,2012339.3730694982
Com,Gro,Ex,cDXHP,CZ07,Whole Building,2009,,,NE-HV_AirDist-SupFanMtr-cDXHP-2SpClgHtg-Cnst,2167548.9485865296
Com,Gro,Ex,cDXHP,CZ07,Whole Building,2009,,,NE-HV_AirDist-SupFanMtr-cDXHP-2SpClgHtg-VFDExMtr,2023995.3799028117
Com,Gro,Ex,cDXHP,CZ07,Whole Building,2009,,,NE-HV_AirDist-SupFanMtr-cDXHP-2SpClgHtg-VFDPMMtr,2019098.5914193613
Com,Gro,Ex,cDXHP,CZ07,Whole Building,2009,,,NE-HV_AirDist-SupFanMtr-cDXHP-2SpClgHtg-VFDStdMtr,2022599.9709849635
Com,Gro,Ex,cDXOH,CZ07,Whole Building,2009,,,NE-HV_AirDist-SupFanMtr-cDXOH-2SpClgHtg-Cnst,2151053.0191227267
Com,Gro,Ex,cDXOH,CZ07,Whole Building,2009,,,NE-HV_AirDist-SupFanMtr-cDXOH-2SpClgHtg-VFDExMtr,2021282.5538029606
Com,Gro,Ex,cDXOH,CZ07,Whole Building,2009,,,NE-HV_AirDist-SupFanMtr-cDXOH-2SpClgHtg-VFDPMMtr,2017121.748271498
Com,Gro,Ex,cDXOH,CZ07,Whole Building,2009,,,NE-HV_AirDist-SupFanMtr-cDXOH-2SpClgHtg-VFDStdMtr,2020353.2700748576
Com,Gro,Ex,cDXGF,CZ08,Whole Building,2009,,,NE-HV_AirDist-SupFanMtr-cDXGF-2SpClgHtg-Cnst,2171605.3185298303
Com,Gro,Ex,cDXGF,CZ08,Whole Building,2009,,,NE-HV_AirDist-SupFanMtr-cDXGF-2SpClgHtg-VFDExMtr,2024017.0196010803
Com,Gro,Ex,cDXGF,CZ08,Whole Building,2009,,,NE-HV_AirDist-SupFanMtr-cDXGF-2SpClgHtg-VFDPMMtr,2018051.4038178367
Com,Gro,Ex,cDXGF,CZ08,Whole Building,2009,,,NE-HV_AirDist-SupFanMtr-cDXGF-2SpClgHtg-VFDStdMtr,2022314.269924915
Com,Gro,Ex,cDXHP,CZ08,Whole Building,2009,,,NE-HV_AirDist-SupFanMtr-cDXHP-2SpClgHtg-Cnst,2180419.923582819
Com,Gro,Ex,cDXHP,CZ08,Whole Building,2009,,,NE-HV_AirDist-SupFanMtr-cDXHP-2SpClgHtg-VFDExMtr,2036860.9858850813
Com,Gro,Ex,cDXHP,CZ08,Whole Building,2009,,,NE-HV_AirDist-SupFanMtr-cDXHP-2SpClgHtg-VFDPMMtr,2030985.8499898931
Com,Gro,Ex,cDXHP,CZ08,Whole Building,2009,,,NE-HV_AirDist-SupFanMtr-cDXHP-2SpClgHtg-VFDStdMtr,2035096.0596529483
Com,Gro,Ex,cDXOH,CZ08,Whole Building,2009,,,NE-HV_AirDist-SupFanMtr-cDXOH-2SpClgHtg-Cnst,2160771.3743260326
Com,Gro,Ex,cDXOH,CZ08,Whole Building,2009,,,NE-HV_AirDist-SupFanMtr-cDXOH-2SpClgHtg-VFDExMtr,2032327.1394983802
Com,Gro,Ex,cDXOH,CZ08,Whole Building,2009,,,NE-HV_AirDist-SupFanMtr-cDXOH-2SpClgHtg-VFDPMMtr,2027561.3091148825
Com,Gro,Ex,cDXOH,CZ08,Whole Building,2009,,,NE-HV_AirDist-SupFanMtr-cDXOH-2SpClgHtg-VFDStdMtr,2030686.404932435
Com,Gro,Ex,cDXGF,CZ09,Whole Building,2009,,,NE-HV_AirDist-SupFanMtr-cDXGF-2SpClgHtg-Cnst,2142204.799809431
Com,Gro,Ex,cDXGF,CZ09,Whole Building,2009,,,NE-HV_AirDist-SupFanMtr-cDXGF-2SpClgHtg-VFDExMtr,1987628.9273160826
Com,Gro,Ex,cDXGF,CZ09,Whole Building,2009,,,NE-HV_AirDist-SupFanMtr-cDXGF-2SpClgHtg-VFDPMMtr,1981878.3811180813
Com,Gro,Ex,cDXGF,CZ09,Whole Building,2009,,,NE-HV_AirDist-SupFanMtr-cDXGF-2SpClgHtg-VFDStdMtr,1986103.6295206272
Com,Gro,Ex,cDXHP,CZ09,Whole Building,2009,,,NE-HV_AirDist-SupFanMtr-cDXHP-2SpClgHtg-Cnst,2153640.8719484885
Com,Gro,Ex,cDXHP,CZ09,Whole Building,2009,,,NE-HV_AirDist-SupFanMtr-cDXHP-2SpClgHtg-VFDExMtr,2003222.8355964425
Com,Gro,Ex,cDXHP,CZ09,Whole Building,2009,,,NE-HV_AirDist-SupFanMtr-cDXHP-2SpClgHtg-VFDPMMtr,1997635.0292070026
Com,Gro,Ex,cDXHP,CZ09,Whole Building,2009,,,NE-HV_AirDist-SupFanMtr-cDXHP-2SpClgHtg-VFDStdMtr,2001641.2948567008
Com,Gro,Ex,cDXOH,CZ09,Whole Building,2009,,,NE-HV_AirDist-SupFanMtr-cDXOH-2SpClgHtg-Cnst,2122628.0181900417
Com,Gro,Ex,cDXOH,CZ09,Whole Building,2009,,,NE-HV_AirDist-SupFanMtr-cDXOH-2SpClgHtg-VFDExMtr,1992856.3808031047
Com,Gro,Ex,cDXOH,CZ09,Whole Building,2009,,,NE-HV_AirDist-SupFanMtr-cDXOH-2SpClgHtg-VFDPMMtr,1987620.1443980571
Com,Gro,Ex,cDXOH,CZ09,Whole Building,2009,,,NE-HV_AirDist-SupFanMtr-cDXOH-2SpClgHtg-VFDStdMtr,1991412.0562400506
Com,Gro,Ex,cDXGF,CZ10,Whole Building,2009,,,NE-HV_AirDist-SupFanMtr-cDXGF-2SpClgHtg-Cnst,2158221.5834665555
Com,Gro,Ex,cDXGF,CZ10,Whole Building,2009,,,NE-HV_AirDist-SupFanMtr-cDXGF-2SpClgHtg-VFDExMtr,2005960.2839353597
Com,Gro,Ex,cDXGF,CZ10,Whole Building,2009,,,NE-HV_AirDist-SupFanMtr-cDXGF-2SpClgHtg-VFDPMMtr,2000091.7472954341
Com,Gro,Ex,cDXGF,CZ10,Whole Building,2009,,,NE-HV_AirDist-SupFanMtr-cDXGF-2SpClgHtg-VFDStdMtr,2004167.3387776942
Com,Gro,Ex,cDXHP,CZ10,Whole Building,2009,,,NE-HV_AirDist-SupFanMtr-cDXHP-2SpClgHtg-Cnst,2169484.9083228754
Com,Gro,Ex,cDXHP,CZ10,Whole Building,2009,,,NE-HV_AirDist-SupFanMtr-cDXHP-2SpClgHtg-VFDExMtr,2021592.0602867352
Com,Gro,Ex,cDXHP,CZ10,Whole Building,2009,,,NE-HV_AirDist-SupFanMtr-cDXHP-2SpClgHtg-VFDPMMtr,2015857.1247903418
Com,Gro,Ex,cDXHP,CZ10,Whole Building,2009,,,NE-HV_AirDist-SupFanMtr-cDXHP-2SpClgHtg-VFDStdMtr,2019905.6738658983
Com,Gro,Ex,cDXOH,CZ10,Whole Building,2009,,,NE-HV_AirDist-SupFanMtr-cDXOH-2SpClgHtg-Cnst,2141281.46034161
Com,Gro,Ex,cDXOH,CZ10,Whole Building,2009,,,NE-HV_AirDist-SupFanMtr-cDXOH-2SpClgHtg-VFDExMtr,2014882.7720057399
Com,Gro,Ex,cDXOH,CZ10,Whole Building,2009,,,NE-HV_AirDist-SupFanMtr-cDXOH-2SpClgHtg-VFDPMMtr,2009492.611453121
Com,Gro,Ex,cDXOH,CZ10,Whole Building,2009,,,NE-HV_AirDist-SupFanMtr-cDXOH-2SpClgHtg-VFDStdMtr,2013699.3407542256
Com,Gro,Ex,cDXGF,CZ11,Whole Building,2009,,,NE-HV_AirDist-SupFanMtr-cDXGF-2SpClgHtg-Cnst,2025738.5277889562
Com,Gro,Ex,cDXGF,CZ11,Whole Building,2009,,,NE-HV_AirDist-SupFanMtr-cDXGF-2SpClgHtg-VFDExMtr,1874403.5180833202
Com,Gro,Ex,cDXGF,CZ11,Whole Building,2009,,,NE-HV_AirDist-SupFanMtr-cDXGF-2SpClgHtg-VFDPMMtr,1868731.6301200923
Com,Gro,Ex,cDXGF,CZ11,Whole Building,2009,,,NE-HV_AirDist-SupFanMtr-cDXGF-2SpClgHtg-VFDStdMtr,1872932.8256991208
Com,Gro,Ex,cDXHP,CZ11,Whole Building,2009,,,NE-HV_AirDist-SupFanMtr-cDXHP-2SpClgHtg-Cnst,2053254.757400551
Com,Gro,Ex,cDXHP,CZ11,Whole Building,2009,,,NE-HV_AirDist-SupFanMtr-cDXHP-2SpClgHtg-VFDExMtr,1904676.1757989137
Com,Gro,Ex,cDXHP,CZ11,Whole Building,2009,,,NE-HV_AirDist-SupFanMtr-cDXHP-2SpClgHtg-VFDPMMtr,1899063.4788603247
Com,Gro,Ex,cDXHP,CZ11,Whole Building,2009,,,NE-HV_AirDist-SupFanMtr-cDXHP-2SpClgHtg-VFDStdMtr,1903151.982929678
Com,Gro,Ex,cDXOH,CZ11,Whole Building,2009,,,NE-HV_AirDist-SupFanMtr-cDXOH-2SpClgHtg-Cnst,2002798.1950460435
Com,Gro,Ex,cDXOH,CZ11,Whole Building,2009,,,NE-HV_AirDist-SupFanMtr-cDXOH-2SpClgHtg-VFDExMtr,1893552.1758641342
Com,Gro,Ex,cDXOH,CZ11,Whole Building,2009,,,NE-HV_AirDist-SupFanMtr-cDXOH-2SpClgHtg-VFDPMMtr,1890137.0615962753
Com,Gro,Ex,cDXOH,CZ11,Whole Building,2009,,,NE-HV_AirDist-SupFanMtr-cDXOH-2SpClgHtg-VFDStdMtr,1892707.6498441012
Com,Gro,Ex,cDXGF,CZ12,Whole Building,2009,,,NE-HV_AirDist-SupFanMtr-cDXGF-2SpClgHtg-Cnst,1902311.110264355
Com,Gro,Ex,cDXGF,CZ12,Whole Building,2009,,,NE-HV_AirDist-SupFanMtr-cDXGF-2SpClgHtg-VFDExMtr,1759942.9495411145
Com,Gro,Ex,cDXGF,CZ12,Whole Building,2009,,,NE-HV_AirDist-SupFanMtr-cDXGF-2SpClgHtg-VFDPMMtr,1754220.6103182
Com,Gro,Ex,cDXGF,CZ12,Whole Building,2009,,,NE-HV_AirDist-SupFanMtr-cDXGF-2SpClgHtg-VFDStdMtr,1758166.1164336242
Com,Gro,Ex,cDXHP,CZ12,Whole Building,2009,,,NE-HV_AirDist-SupFanMtr-cDXHP-2SpClgHtg-Cnst,1930147.8030173222
Com,Gro,Ex,cDXHP,CZ12,Whole Building,2009,,,NE-HV_AirDist-SupFanMtr-cDXHP-2SpClgHtg-VFDExMtr,1791763.12225578
Com,Gro,Ex,cDXHP,CZ12,Whole Building,2009,,,NE-HV_AirDist-SupFanMtr-cDXHP-2SpClgHtg-VFDPMMtr,1786872.4582325758
Com,Gro,Ex,cDXHP,CZ12,Whole Building,2009,,,NE-HV_AirDist-SupFanMtr-cDXHP-2SpClgHtg-VFDStdMtr,1790124.8011507033
Com,Gro,Ex,cDXOH,CZ12,Whole Building,2009,,,NE-HV_AirDist-SupFanMtr-cDXOH-2SpClgHtg-Cnst,1884075.0916323164
Com,Gro,Ex,cDXOH,CZ12,Whole Building,2009,,,NE-HV_AirDist-SupFanMtr-cDXOH-2SpClgHtg-VFDExMtr,1783579.2057626091
Com,Gro,Ex,cDXOH,CZ12,Whole Building,2009,,,NE-HV_AirDist-SupFanMtr-cDXOH-2SpClgHtg-VFDPMMtr,1780292.0468635533
Com,Gro,Ex,cDXOH,CZ12,Whole Building,2009,,,NE-HV_AirDist-SupFanMtr-cDXOH-2SpClgHtg-VFDStdMtr,1782175.498827727
Com,Gro,Ex,cDXGF,CZ13,Whole Building,2009,,,NE-HV_AirDist-SupFanMtr-cDXGF-2SpClgHtg-Cnst,2073261.1456206634
Com,Gro,Ex,cDXGF,CZ13,Whole Building,2009,,,NE-HV_AirDist-SupFanMtr-cDXGF-2SpClgHtg-VFDExMtr,1921594.9055026125
Com,Gro,Ex,cDXGF,CZ13,Whole Building,2009,,,NE-HV_AirDist-SupFanMtr-cDXGF-2SpClgHtg-VFDPMMtr,1915202.6756919993
Com,Gro,Ex,cDXGF,CZ13,Whole Building,2009,,,NE-HV_AirDist-SupFanMtr-cDXGF-2SpClgHtg-VFDStdMtr,1919693.5714665507
Com,Gro,Ex,cDXHP,CZ13,Whole Building,2009,,,NE-HV_AirDist-SupFanMtr-cDXHP-2SpClgHtg-Cnst,2096673.9002705028
Com,Gro,Ex,cDXHP,CZ13,Whole Building,2009,,,NE-HV_AirDist-SupFanMtr-cDXHP-2SpClgHtg-VFDExMtr,1948459.7038153487
Com,Gro,Ex,cDXHP,CZ13,Whole Building,2009,,,NE-HV_AirDist-SupFanMtr-cDXHP-2SpClgHtg-VFDPMMtr,1942481.5680776956
Com,Gro,Ex,cDXHP,CZ13,Whole Building,2009,,,NE-HV_AirDist-SupFanMtr-cDXHP-2SpClgHtg-VFDStdMtr,1946732.2695432494
Com,Gro,Ex,cDXOH,CZ13,Whole Building,2009,,,NE-HV_AirDist-SupFanMtr-cDXOH-2SpClgHtg-Cnst,2046856.7943976647
Com,Gro,Ex,cDXOH,CZ13,Whole Building,2009,,,NE-HV_AirDist-SupFanMtr-cDXOH-2SpClgHtg-VFDExMtr,1935249.6334532155
Com,Gro,Ex,cDXOH,CZ13,Whole Building,2009,,,NE-HV_AirDist-SupFanMtr-cDXOH-2SpClgHtg-VFDPMMtr,1930629.8432846093
Com,Gro,Ex,cDXOH,CZ13,Whole Building,2009,,,NE-HV_AirDist-SupFanMtr-cDXOH-2SpClgHtg-VFDStdMtr,1934034.7510420608
Com,Gro,Ex,cDXGF,CZ14,Whole Building,2009,,,NE-HV_AirDist-SupFanMtr-cDXGF-2SpClgHtg-Cnst,2103558.220224758
Com,Gro,Ex,cDXGF,CZ14,Whole Building,2009,,,NE-HV_AirDist-SupFanMtr-cDXGF-2SpClgHtg-VFDExMtr,1933452.841945835
Com,Gro,Ex,cDXGF,CZ14,Whole Building,2009,,,NE-HV_AirDist-SupFanMtr-cDXGF-2SpClgHtg-VFDPMMtr,1927519.0717813293
Com,Gro,Ex,cDXGF,CZ14,Whole Building,2009,,,NE-HV_AirDist-SupFanMtr-cDXGF-2SpClgHtg-VFDStdMtr,1932002.788562226
Com,Gro,Ex,cDXHP,CZ14,Whole Building,2009,,,NE-HV_AirDist-SupFanMtr-cDXHP-2SpClgHtg-Cnst,2126711.0393060683
Com,Gro,Ex,cDXHP,CZ14,Whole Building,2009,,,NE-HV_AirDist-SupFanMtr-cDXHP-2SpClgHtg-VFDExMtr,1962045.2933586289
Com,Gro,Ex,cDXHP,CZ14,Whole Building,2009,,,NE-HV_AirDist-SupFanMtr-cDXHP-2SpClgHtg-VFDPMMtr,1955996.630031408
Com,Gro,Ex,cDXHP,CZ14,Whole Building,2009,,,NE-HV_AirDist-SupFanMtr-cDXHP-2SpClgHtg-VFDStdMtr,1960738.910128815
Com,Gro,Ex,cDXOH,CZ14,Whole Building,2009,,,NE-HV_AirDist-SupFanMtr-cDXOH-2SpClgHtg-Cnst,2066438.0909613254
Com,Gro,Ex,cDXOH,CZ14,Whole Building,2009,,,NE-HV_AirDist-SupFanMtr-cDXOH-2SpClgHtg-VFDExMtr,1937911.2890730368
Com,Gro,Ex,cDXOH,CZ14,Whole Building,2009,,,NE-HV_AirDist-SupFanMtr-cDXOH-2SpClgHtg-VFDPMMtr,1933195.7033423518
Com,Gro,Ex,cDXOH,CZ14,Whole Building,2009,,,NE-HV_AirDist-SupFanMtr-cDXOH-2SpClgHtg-VFDStdMtr,1936224.5694732065
Com,Gro,Ex,cDXGF,CZ15,Whole Building,2009,,,NE-HV_AirDist-SupFanMtr-cDXGF-2SpClgHtg-Cnst,2434841.1289061056
Com,Gro,Ex,cDXGF,CZ15,Whole Building,2009,,,NE-HV_AirDist-SupFanMtr-cDXGF-2SpClgHtg-VFDExMtr,2266035.177725944
Com,Gro,Ex,cDXGF,CZ15,Whole Building,2009,,,NE-HV_AirDist-SupFanMtr-cDXGF-2SpClgHtg-VFDPMMtr,2259516.2242366574
Com,Gro,Ex,cDXGF,CZ15,Whole Building,2009,,,NE-HV_AirDist-SupFanMtr-cDXGF-2SpClgHtg-VFDStdMtr,2263808.9734093426
Com,Gro,Ex,cDXHP,CZ15,Whole Building,2009,,,NE-HV_AirDist-SupFanMtr-cDXHP-2SpClgHtg-Cnst,2440058.98855917
Com,Gro,Ex,cDXHP,CZ15,Whole Building,2009,,,NE-HV_AirDist-SupFanMtr-cDXHP-2SpClgHtg-VFDExMtr,2274113.197834627
Com,Gro,Ex,cDXHP,CZ15,Whole Building,2009,,,NE-HV_AirDist-SupFanMtr-cDXHP-2SpClgHtg-VFDPMMtr,2267599.4822257496
Com,Gro,Ex,cDXHP,CZ15,Whole Building,2009,,,NE-HV_AirDist-SupFanMtr-cDXHP-2SpClgHtg-VFDStdMtr,2271847.1283832435
Com,Gro,Ex,cDXOH,CZ15,Whole Building,2009,,,NE-HV_AirDist-SupFanMtr-cDXOH-2SpClgHtg-Cnst,2419145.548476521
Com,Gro,Ex,cDXOH,CZ15,Whole Building,2009,,,NE-HV_AirDist-SupFanMtr-cDXOH-2SpClgHtg-VFDExMtr,2268531.315116809
Com,Gro,Ex,cDXOH,CZ15,Whole Building,2009,,,NE-HV_AirDist-SupFanMtr-cDXOH-2SpClgHtg-VFDPMMtr,2262685.0944364597
Com,Gro,Ex,cDXOH,CZ15,Whole Building,2009,,,NE-HV_AirDist-SupFanMtr-cDXOH-2SpClgHtg-VFDStdMtr,2266925.5315724104
Com,Gro,Ex,cDXGF,CZ16,Whole Building,2009,,,NE-HV_AirDist-SupFanMtr-cDXGF-2SpClgHtg-Cnst,1890788.24100186
Com,Gro,Ex,cDXGF,CZ16,Whole Building,2009,,,NE-HV_AirDist-SupFanMtr-cDXGF-2SpClgHtg-VFDExMtr,1712090.6780940953
Com,Gro,Ex,cDXGF,CZ16,Whole Building,2009,,,NE-HV_AirDist-SupFanMtr-cDXGF-2SpClgHtg-VFDPMMtr,1705020.01744372
Com,Gro,Ex,cDXGF,CZ16,Whole Building,2009,,,NE-HV_AirDist-SupFanMtr-cDXGF-2SpClgHtg-VFDStdMtr,1709628.4432222915
Com,Gro,Ex,cDXHP,CZ16,Whole Building,2009,,,NE-HV_AirDist-SupFanMtr-cDXHP-2SpClgHtg-Cnst,1936900.8463767262
Com,Gro,Ex,cDXHP,CZ16,Whole Building,2009,,,NE-HV_AirDist-SupFanMtr-cDXHP-2SpClgHtg-VFDExMtr,1763521.7715722937
Com,Gro,Ex,cDXHP,CZ16,Whole Building,2009,,,NE-HV_AirDist-SupFanMtr-cDXHP-2SpClgHtg-VFDPMMtr,1756722.465511649
Com,Gro,Ex,cDXHP,CZ16,Whole Building,2009,,,NE-HV_AirDist-SupFanMtr-cDXHP-2SpClgHtg-VFDStdMtr,1761270.8824379388
Com,Gro,Ex,cDXOH,CZ16,Whole Building,2009,,,NE-HV_AirDist-SupFanMtr-cDXOH-2SpClgHtg-Cnst,1845623.6324647327
Com,Gro,Ex,cDXOH,CZ16,Whole Building,2009,,,NE-HV_AirDist-SupFanMtr-cDXOH-2SpClgHtg-VFDExMtr,1735601.984271925
Com,Gro,Ex,cDXOH,CZ16,Whole Building,2009,,,NE-HV_AirDist-SupFanMtr-cDXOH-2SpClgHtg-VFDPMMtr,1731679.8897482953
Com,Gro,Ex,cDXOH,CZ16,Whole Building,2009,,,NE-HV_AirDist-SupFanMtr-cDXOH-2SpClgHtg-VFDStdMtr,1734711.8083749614
Com,Hsp,Ex,cDXGF,CZ01,Whole Building,2009,,,NE-HV_AirDist-SupFanMtr-cDXGF-2SpClgHtg-Cnst,2606224.23705457
Com,Hsp,Ex,cDXGF,CZ01,Whole Building,2009,,,NE-HV_AirDist-SupFanMtr-cDXGF-2SpClgHtg-VFDExMtr,2411532.4562860224
Com,Hsp,Ex,cDXGF,CZ01,Whole Building,2009,,,NE-HV_AirDist-SupFanMtr-cDXGF-2SpClgHtg-VFDPMMtr,2405036.2386575774
Com,Hsp,Ex,cDXGF,CZ01,Whole Building,2009,,,NE-HV_AirDist-SupFanMtr-cDXGF-2SpClgHtg-VFDStdMtr,2409731.5832774476
Com,Hsp,Ex,cDXHP,CZ01,Whole Building,2009,,,NE-HV_AirDist-SupFanMtr-cDXHP-2SpClgHtg-Cnst,2615105.343954383
Com,Hsp,Ex,cDXHP,CZ01,Whole Building,2009,,,NE-HV_AirDist-SupFanMtr-cDXHP-2SpClgHtg-VFDExMtr,2422113.3300351016
Com,Hsp,Ex,cDXHP,CZ01,Whole Building,2009,,,NE-HV_AirDist-SupFanMtr-cDXHP-2SpClgHtg-VFDPMMtr,2415927.590849381
Com,Hsp,Ex,cDXHP,CZ01,Whole Building,2009,,,NE-HV_AirDist-SupFanMtr-cDXHP-2SpClgHtg-VFDStdMtr,2420353.5333846775
Com,Hsp,Ex,cDXOH,CZ01,Whole Building,2009,,,NE-HV_AirDist-SupFanMtr-cDXOH-2SpClgHtg-Cnst,2605431.6192473145
Com,Hsp,Ex,cDXOH,CZ01,Whole Building,2009,,,NE-HV_AirDist-SupFanMtr-cDXOH-2SpClgHtg-VFDExMtr,2428778.379407471
Com,Hsp,Ex,cDXOH,CZ01,Whole Building,2009,,,NE-HV_AirDist-SupFanMtr-cDXOH-2SpClgHtg-VFDPMMtr,2423558.7472118214
Com,Hsp,Ex,cDXOH,CZ01,Whole Building,2009,,,NE-HV_AirDist-SupFanMtr-cDXOH-2SpClgHtg-VFDStdMtr,2427357.3004704206
Com,Hsp,Ex,cDXGF,CZ02,Whole Building,2009,,,NE-HV_AirDist-SupFanMtr-cDXGF-2SpClgHtg-Cnst,3157697.361023663
Com,Hsp,Ex,cDXGF,CZ02,Whole Building,2009,,,NE-HV_AirDist-SupFanMtr-cDXGF-2SpClgHtg-VFDExMtr,2951597.9209446195
Com,Hsp,Ex,cDXGF,CZ02,Whole Building,2009,,,NE-HV_AirDist-SupFanMtr-cDXGF-2SpClgHtg-VFDPMMtr,2943995.8485647216
Com,Hsp,Ex,cDXGF,CZ02,Whole Building,2009,,,NE-HV_AirDist-SupFanMtr-cDXGF-2SpClgHtg-VFDStdMtr,2949354.006091367
Com,Hsp,Ex,cDXHP,CZ02,Whole Building,2009,,,NE-HV_AirDist-SupFanMtr-cDXHP-2SpClgHtg-Cnst,3165668.3733952977
Com,Hsp,Ex,cDXHP,CZ02,Whole Building,2009,,,NE-HV_AirDist-SupFanMtr-cDXHP-2SpClgHtg-VFDExMtr,2962681.048853483
Com,Hsp,Ex,cDXHP,CZ02,Whole Building,2009,,,NE-HV_AirDist-SupFanMtr-cDXHP-2SpClgHtg-VFDPMMtr,2955283.4463704317
Com,Hsp,Ex,cDXHP,CZ02,Whole Building,2009,,,NE-HV_AirDist-SupFanMtr-cDXHP-2SpClgHtg-VFDStdMtr,2960595.9839848266
Com,Hsp,Ex,cDXOH,CZ02,Whole Building,2009,,,NE-HV_AirDist-SupFanMtr-cDXOH-2SpClgHtg-Cnst,3155461.2045969837
Com,Hsp,Ex,cDXOH,CZ02,Whole Building,2009,,,NE-HV_AirDist-SupFanMtr-cDXOH-2SpClgHtg-VFDExMtr,2967349.385977132
Com,Hsp,Ex,cDXOH,CZ02,Whole Building,2009,,,NE-HV_AirDist-SupFanMtr-cDXOH-2SpClgHtg-VFDPMMtr,2960531.981769626
Com,Hsp,Ex,cDXOH,CZ02,Whole Building,2009,,,NE-HV_AirDist-SupFanMtr-cDXOH-2SpClgHtg-VFDStdMtr,2965395.16774739
Com,Hsp,Ex,cDXGF,CZ03,Whole Building,2009,,,NE-HV_AirDist-SupFanMtr-cDXGF-2SpClgHtg-Cnst,2851892.723456864
Com,Hsp,Ex,cDXGF,CZ03,Whole Building,2009,,,NE-HV_AirDist-SupFanMtr-cDXGF-2SpClgHtg-VFDExMtr,2662771.8714405256
Com,Hsp,Ex,cDXGF,CZ03,Whole Building,2009,,,NE-HV_AirDist-SupFanMtr-cDXGF-2SpClgHtg-VFDPMMtr,2655336.994932923
Com,Hsp,Ex,cDXGF,CZ03,Whole Building,2009,,,NE-HV_AirDist-SupFanMtr-cDXGF-2SpClgHtg-VFDStdMtr,2660559.5018086582
Com,Hsp,Ex,cDXHP,CZ03,Whole Building,2009,,,NE-HV_AirDist-SupFanMtr-cDXHP-2SpClgHtg-Cnst,2855845.7279864894
Com,Hsp,Ex,cDXHP,CZ03,Whole Building,2009,,,NE-HV_AirDist-SupFanMtr-cDXHP-2SpClgHtg-VFDExMtr,2668109.9777385965
Com,Hsp,Ex,cDXHP,CZ03,Whole Building,2009,,,NE-HV_AirDist-SupFanMtr-cDXHP-2SpClgHtg-VFDPMMtr,2660842.7847871925
Com,Hsp,Ex,cDXHP,CZ03,Whole Building,2009,,,NE-HV_AirDist-SupFanMtr-cDXHP-2SpClgHtg-VFDStdMtr,2665991.0692204568
Com,Hsp,Ex,cDXOH,CZ03,Whole Building,2009,,,NE-HV_AirDist-SupFanMtr-cDXOH-2SpClgHtg-Cnst,2851132.6720535364
Com,Hsp,Ex,cDXOH,CZ03,Whole Building,2009,,,NE-HV_AirDist-SupFanMtr-cDXOH-2SpClgHtg-VFDExMtr,2671724.290254496
Com,Hsp,Ex,cDXOH,CZ03,Whole Building,2009,,,NE-HV_AirDist-SupFanMtr-cDXOH-2SpClgHtg-VFDPMMtr,2664587.232459988
Com,Hsp,Ex,cDXOH,CZ03,Whole Building,2009,,,NE-HV_AirDist-SupFanMtr-cDXOH-2SpClgHtg-VFDStdMtr,2669673.929351768
Com,Hsp,Ex,cDXGF,CZ04,Whole Building,2009,,,NE-HV_AirDist-SupFanMtr-cDXGF-2SpClgHtg-Cnst,3479706.937558659
Com,Hsp,Ex,cDXGF,CZ04,Whole Building,2009,,,NE-HV_AirDist-SupFanMtr-cDXGF-2SpClgHtg-VFDExMtr,3267145.7337662564
Com,Hsp,Ex,cDXGF,CZ04,Whole Building,2009,,,NE-HV_AirDist-SupFanMtr-cDXGF-2SpClgHtg-VFDPMMtr,3258959.6452054125
Com,Hsp,Ex,cDXGF,CZ04,Whole Building,2009,,,NE-HV_AirDist-SupFanMtr-cDXGF-2SpClgHtg-VFDStdMtr,3264724.0286277854
Com,Hsp,Ex,cDXHP,CZ04,Whole Building,2009,,,NE-HV_AirDist-SupFanMtr-cDXHP-2SpClgHtg-Cnst,3487015.6314344285
Com,Hsp,Ex,cDXHP,CZ04,Whole Building,2009,,,NE-HV_AirDist-SupFanMtr-cDXHP-2SpClgHtg-VFDExMtr,3276251.82604414
Com,Hsp,Ex,cDXHP,CZ04,Whole Building,2009,,,NE-HV_AirDist-SupFanMtr-cDXHP-2SpClgHtg-VFDPMMtr,3268153.121734107
Com,Hsp,Ex,cDXHP,CZ04,Whole Building,2009,,,NE-HV_AirDist-SupFanMtr-cDXHP-2SpClgHtg-VFDStdMtr,3273828.0829087305
Com,Hsp,Ex,cDXOH,CZ04,Whole Building,2009,,,NE-HV_AirDist-SupFanMtr-cDXOH-2SpClgHtg-Cnst,3475802.902062798
Com,Hsp,Ex,cDXOH,CZ04,Whole Building,2009,,,NE-HV_AirDist-SupFanMtr-cDXOH-2SpClgHtg-VFDExMtr,3280910.276556188
Com,Hsp,Ex,cDXOH,CZ04,Whole Building,2009,,,NE-HV_AirDist-SupFanMtr-cDXOH-2SpClgHtg-VFDPMMtr,3273459.771768788
Com,Hsp,Ex,cDXOH,CZ04,Whole Building,2009,,,NE-HV_AirDist-SupFanMtr-cDXOH-2SpClgHtg-VFDStdMtr,3278764.50029442
Com,Hsp,Ex,cDXGF,CZ05,Whole Building,2009,,,NE-HV_AirDist-SupFanMtr-cDXGF-2SpClgHtg-Cnst,2923879.656553561
Com,Hsp,Ex,cDXGF,CZ05,Whole Building,2009,,,NE-HV_AirDist-SupFanMtr-cDXGF-2SpClgHtg-VFDExMtr,2730132.819675288
Com,Hsp,Ex,cDXGF,CZ05,Whole Building,2009,,,NE-HV_AirDist-SupFanMtr-cDXGF-2SpClgHtg-VFDPMMtr,2722443.8486152487
Com,Hsp,Ex,cDXGF,CZ05,Whole Building,2009,,,NE-HV_AirDist-SupFanMtr-cDXGF-2SpClgHtg-VFDStdMtr,2727856.195395993
Com,Hsp,Ex,cDXHP,CZ05,Whole Building,2009,,,NE-HV_AirDist-SupFanMtr-cDXHP-2SpClgHtg-Cnst,2928313.374961375
Com,Hsp,Ex,cDXHP,CZ05,Whole Building,2009,,,NE-HV_AirDist-SupFanMtr-cDXHP-2SpClgHtg-VFDExMtr,2735793.08721146
Com,Hsp,Ex,cDXHP,CZ05,Whole Building,2009,,,NE-HV_AirDist-SupFanMtr-cDXHP-2SpClgHtg-VFDPMMtr,2728257.907769405
Com,Hsp,Ex,cDXHP,CZ05,Whole Building,2009,,,NE-HV_AirDist-SupFanMtr-cDXHP-2SpClgHtg-VFDStdMtr,2733536.8609062587
Com,Hsp,Ex,cDXOH,CZ05,Whole Building,2009,,,NE-HV_AirDist-SupFanMtr-cDXOH-2SpClgHtg-Cnst,2922984.793389042
Com,Hsp,Ex,cDXOH,CZ05,Whole Building,2009,,,NE-HV_AirDist-SupFanMtr-cDXOH-2SpClgHtg-VFDExMtr,2738832.65896782
Com,Hsp,Ex,cDXOH,CZ05,Whole Building,2009,,,NE-HV_AirDist-SupFanMtr-cDXOH-2SpClgHtg-VFDPMMtr,2731635.932347302
Com,Hsp,Ex,cDXOH,CZ05,Whole Building,2009,,,NE-HV_AirDist-SupFanMtr-cDXOH-2SpClgHtg-VFDStdMtr,2736763.572736183
Com,Hsp,Ex,cDXGF,CZ06,Whole Building,2009,,,NE-HV_AirDist-SupFanMtr-cDXGF-2SpClgHtg-Cnst,3239985.161306714
Com,Hsp,Ex,cDXGF,CZ06,Whole Building,2009,,,NE-HV_AirDist-SupFanMtr-cDXGF-2SpClgHtg-VFDExMtr,3061276.109950945
Com,Hsp,Ex,cDXGF,CZ06,Whole Building,2009,,,NE-HV_AirDist-SupFanMtr-cDXGF-2SpClgHtg-VFDPMMtr,3052743.858604438
Com,Hsp,Ex,cDXGF,CZ06,Whole Building,2009,,,NE-HV_AirDist-SupFanMtr-cDXGF-2SpClgHtg-VFDStdMtr,3058572.8361418988
Com,Hsp,Ex,cDXHP,CZ06,Whole Building,2009,,,NE-HV_AirDist-SupFanMtr-cDXHP-2SpClgHtg-Cnst,3236665.2270272337
Com,Hsp,Ex,cDXHP,CZ06,Whole Building,2009,,,NE-HV_AirDist-SupFanMtr-cDXHP-2SpClgHtg-VFDExMtr,3061761.098396962
Com,Hsp,Ex,cDXHP,CZ06,Whole Building,2009,,,NE-HV_AirDist-SupFanMtr-cDXHP-2SpClgHtg-VFDPMMtr,3053339.5522866775
Com,Hsp,Ex,cDXHP,CZ06,Whole Building,2009,,,NE-HV_AirDist-SupFanMtr-cDXHP-2SpClgHtg-VFDStdMtr,3059073.194055699
Com,Hsp,Ex,cDXOH,CZ06,Whole Building,2009,,,NE-HV_AirDist-SupFanMtr-cDXOH-2SpClgHtg-Cnst,3237663.7301567905
Com,Hsp,Ex,cDXOH,CZ06,Whole Building,2009,,,NE-HV_AirDist-SupFanMtr-cDXOH-2SpClgHtg-VFDExMtr,3063600.344434619
Com,Hsp,Ex,cDXOH,CZ06,Whole Building,2009,,,NE-HV_AirDist-SupFanMtr-cDXOH-2SpClgHtg-VFDPMMtr,3055193.6234086375
Com,Hsp,Ex,cDXOH,CZ06,Whole Building,2009,,,NE-HV_AirDist-SupFanMtr-cDXOH-2SpClgHtg-VFDStdMtr,3060979.516433656
Com,Hsp,Ex,cDXGF,CZ07,Whole Building,2009,,,NE-HV_AirDist-SupFanMtr-cDXGF-2SpClgHtg-Cnst,3304534.862940757
Com,Hsp,Ex,cDXGF,CZ07,Whole Building,2009,,,NE-HV_AirDist-SupFanMtr-cDXGF-2SpClgHtg-VFDExMtr,3121335.9330052235
Com,Hsp,Ex,cDXGF,CZ07,Whole Building,2009,,,NE-HV_AirDist-SupFanMtr-cDXGF-2SpClgHtg-VFDPMMtr,3112932.6553546865
Com,Hsp,Ex,cDXGF,CZ07,Whole Building,2009,,,NE-HV_AirDist-SupFanMtr-cDXGF-2SpClgHtg-VFDStdMtr,3118724.0837407224
Com,Hsp,Ex,cDXHP,CZ07,Whole Building,2009,,,NE-HV_AirDist-SupFanMtr-cDXHP-2SpClgHtg-Cnst,3302356.5570557117
Com,Hsp,Ex,cDXHP,CZ07,Whole Building,2009,,,NE-HV_AirDist-SupFanMtr-cDXHP-2SpClgHtg-VFDExMtr,3122387.262896296
Com,Hsp,Ex,cDXHP,CZ07,Whole Building,2009,,,NE-HV_AirDist-SupFanMtr-cDXHP-2SpClgHtg-VFDPMMtr,3114102.9017349486
Com,Hsp,Ex,cDXHP,CZ07,Whole Building,2009,,,NE-HV_AirDist-SupFanMtr-cDXHP-2SpClgHtg-VFDStdMtr,3119779.610125831
Com,Hsp,Ex,cDXOH,CZ07,Whole Building,2009,,,NE-HV_AirDist-SupFanMtr-cDXOH-2SpClgHtg-Cnst,3302462.956847963
Com,Hsp,Ex,cDXOH,CZ07,Whole Building,2009,,,NE-HV_AirDist-SupFanMtr-cDXOH-2SpClgHtg-VFDExMtr,3123412.7139535747
Com,Hsp,Ex,cDXOH,CZ07,Whole Building,2009,,,NE-HV_AirDist-SupFanMtr-cDXOH-2SpClgHtg-VFDPMMtr,3115021.273179119
Com,Hsp,Ex,cDXOH,CZ07,Whole Building,2009,,,NE-HV_AirDist-SupFanMtr-cDXOH-2SpClgHtg-VFDStdMtr,3120820.070164218
Com,Hsp,Ex,cDXGF,CZ08,Whole Building,2009,,,NE-HV_AirDist-SupFanMtr-cDXGF-2SpClgHtg-Cnst,3658279.935203421
Com,Hsp,Ex,cDXGF,CZ08,Whole Building,2009,,,NE-HV_AirDist-SupFanMtr-cDXGF-2SpClgHtg-VFDExMtr,3464782.7355381
Com,Hsp,Ex,cDXGF,CZ08,Whole Building,2009,,,NE-HV_AirDist-SupFanMtr-cDXGF-2SpClgHtg-VFDPMMtr,3455994.31594261
Com,Hsp,Ex,cDXGF,CZ08,Whole Building,2009,,,NE-HV_AirDist-SupFanMtr-cDXGF-2SpClgHtg-VFDStdMtr,3461997.1422324996
Com,Hsp,Ex,cDXHP,CZ08,Whole Building,2009,,,NE-HV_AirDist-SupFanMtr-cDXHP-2SpClgHtg-Cnst,3655930.435542741
Com,Hsp,Ex,cDXHP,CZ08,Whole Building,2009,,,NE-HV_AirDist-SupFanMtr-cDXHP-2SpClgHtg-VFDExMtr,3467932.64674715
Com,Hsp,Ex,cDXHP,CZ08,Whole Building,2009,,,NE-HV_AirDist-SupFanMtr-cDXHP-2SpClgHtg-VFDPMMtr,3459289.053852289
Com,Hsp,Ex,cDXHP,CZ08,Whole Building,2009,,,NE-HV_AirDist-SupFanMtr-cDXHP-2SpClgHtg-VFDStdMtr,3465212.4739134847
Com,Hsp,Ex,cDXOH,CZ08,Whole Building,2009,,,NE-HV_AirDist-SupFanMtr-cDXOH-2SpClgHtg-Cnst,3653667.4363376377
Com,Hsp,Ex,cDXOH,CZ08,Whole Building,2009,,,NE-HV_AirDist-SupFanMtr-cDXOH-2SpClgHtg-VFDExMtr,3467629.2632391495
Com,Hsp,Ex,cDXOH,CZ08,Whole Building,2009,,,NE-HV_AirDist-SupFanMtr-cDXOH-2SpClgHtg-VFDPMMtr,3459111.3050977616
Com,Hsp,Ex,cDXOH,CZ08,Whole Building,2009,,,NE-HV_AirDist-SupFanMtr-cDXOH-2SpClgHtg-VFDStdMtr,3464862.954253343
Com,Hsp,Ex,cDXGF,CZ09,Whole Building,2009,,,NE-HV_AirDist-SupFanMtr-cDXGF-2SpClgHtg-Cnst,3654767.069569457
Com,Hsp,Ex,cDXGF,CZ09,Whole Building,2009,,,NE-HV_AirDist-SupFanMtr-cDXGF-2SpClgHtg-VFDExMtr,3450502.9047480733
Com,Hsp,Ex,cDXGF,CZ09,Whole Building,2009,,,NE-HV_AirDist-SupFanMtr-cDXGF-2SpClgHtg-VFDPMMtr,3441741.1671702247
Com,Hsp,Ex,cDXGF,CZ09,Whole Building,2009,,,NE-HV_AirDist-SupFanMtr-cDXGF-2SpClgHtg-VFDStdMtr,3447750.060258633
Com,Hsp,Ex,cDXHP,CZ09,Whole Building,2009,,,NE-HV_AirDist-SupFanMtr-cDXHP-2SpClgHtg-Cnst,3654137.3194971844
Com,Hsp,Ex,cDXHP,CZ09,Whole Building,2009,,,NE-HV_AirDist-SupFanMtr-cDXHP-2SpClgHtg-VFDExMtr,3454671.020208185
Com,Hsp,Ex,cDXHP,CZ09,Whole Building,2009,,,NE-HV_AirDist-SupFanMtr-cDXHP-2SpClgHtg-VFDPMMtr,3446054.123240659
Com,Hsp,Ex,cDXHP,CZ09,Whole Building,2009,,,NE-HV_AirDist-SupFanMtr-cDXHP-2SpClgHtg-VFDStdMtr,3451940.098116528
Com,Hsp,Ex,cDXOH,CZ09,Whole Building,2009,,,NE-HV_AirDist-SupFanMtr-cDXOH-2SpClgHtg-Cnst,3650771.531879697
Com,Hsp,Ex,cDXOH,CZ09,Whole Building,2009,,,NE-HV_AirDist-SupFanMtr-cDXOH-2SpClgHtg-VFDExMtr,3454661.6788273607
Com,Hsp,Ex,cDXOH,CZ09,Whole Building,2009,,,NE-HV_AirDist-SupFanMtr-cDXOH-2SpClgHtg-VFDPMMtr,3446136.2932743593
Com,Hsp,Ex,cDXOH,CZ09,Whole Building,2009,,,NE-HV_AirDist-SupFanMtr-cDXOH-2SpClgHtg-VFDStdMtr,3452021.160301255
Com,Hsp,Ex,cDXGF,CZ10,Whole Building,2009,,,NE-HV_AirDist-SupFanMtr-cDXGF-2SpClgHtg-Cnst,3795446.714974325
Com,Hsp,Ex,cDXGF,CZ10,Whole Building,2009,,,NE-HV_AirDist-SupFanMtr-cDXGF-2SpClgHtg-VFDExMtr,3583740.5835681697
Com,Hsp,Ex,cDXGF,CZ10,Whole Building,2009,,,NE-HV_AirDist-SupFanMtr-cDXGF-2SpClgHtg-VFDPMMtr,3574590.3230387275
Com,Hsp,Ex,cDXGF,CZ10,Whole Building,2009,,,NE-HV_AirDist-SupFanMtr-cDXGF-2SpClgHtg-VFDStdMtr,3580912.544146859
Com,Hsp,Ex,cDXHP,CZ10,Whole Building,2009,,,NE-HV_AirDist-SupFanMtr-cDXHP-2SpClgHtg-Cnst,3794916.5687589827
Com,Hsp,Ex,cDXHP,CZ10,Whole Building,2009,,,NE-HV_AirDist-SupFanMtr-cDXHP-2SpClgHtg-VFDExMtr,3587928.1087333933
Com,Hsp,Ex,cDXHP,CZ10,Whole Building,2009,,,NE-HV_AirDist-SupFanMtr-cDXHP-2SpClgHtg-VFDPMMtr,3578965.6371566257
Com,Hsp,Ex,cDXHP,CZ10,Whole Building,2009,,,NE-HV_AirDist-SupFanMtr-cDXHP-2SpClgHtg-VFDStdMtr,3585045.240127068
Com,Hsp,Ex,cDXOH,CZ10,Whole Building,2009,,,NE-HV_AirDist-SupFanMtr-cDXOH-2SpClgHtg-Cnst,3790455.2935466925
Com,Hsp,Ex,cDXOH,CZ10,Whole Building,2009,,,NE-HV_AirDist-SupFanMtr-cDXOH-2SpClgHtg-VFDExMtr,3588637.401044137
Com,Hsp,Ex,cDXOH,CZ10,Whole Building,2009,,,NE-HV_AirDist-SupFanMtr-cDXOH-2SpClgHtg-VFDPMMtr,3579750.3298089714
Com,Hsp,Ex,cDXOH,CZ10,Whole Building,2009,,,NE-HV_AirDist-SupFanMtr-cDXOH-2SpClgHtg-VFDStdMtr,3585886.3469867306
Com,Hsp,Ex,cDXGF,CZ11,Whole Building,2009,,,NE-HV_AirDist-SupFanMtr-cDXGF-2SpClgHtg-Cnst,3772971.988789491
Com,Hsp,Ex,cDXGF,CZ11,Whole Building,2009,,,NE-HV_AirDist-SupFanMtr-cDXGF-2SpClgHtg-VFDExMtr,3559608.2872454836
Com,Hsp,Ex,cDXGF,CZ11,Whole Building,2009,,,NE-HV_AirDist-SupFanMtr-cDXGF-2SpClgHtg-VFDPMMtr,3551181.374463188
Com,Hsp,Ex,cDXGF,CZ11,Whole Building,2009,,,NE-HV_AirDist-SupFanMtr-cDXGF-2SpClgHtg-VFDStdMtr,3556991.539580899
Com,Hsp,Ex,cDXHP,CZ11,Whole Building,2009,,,NE-HV_AirDist-SupFanMtr-cDXHP-2SpClgHtg-Cnst,3779535.74905588
Com,Hsp,Ex,cDXHP,CZ11,Whole Building,2009,,,NE-HV_AirDist-SupFanMtr-cDXHP-2SpClgHtg-VFDExMtr,3566149.718647898
Com,Hsp,Ex,cDXHP,CZ11,Whole Building,2009,,,NE-HV_AirDist-SupFanMtr-cDXHP-2SpClgHtg-VFDPMMtr,3557926.7309442786
Com,Hsp,Ex,cDXHP,CZ11,Whole Building,2009,,,NE-HV_AirDist-SupFanMtr-cDXHP-2SpClgHtg-VFDStdMtr,3563531.8155783196
Com,Hsp,Ex,cDXOH,CZ11,Whole Building,2009,,,NE-HV_AirDist-SupFanMtr-cDXOH-2SpClgHtg-Cnst,3767769.595284564
Com,Hsp,Ex,cDXOH,CZ11,Whole Building,2009,,,NE-HV_AirDist-SupFanMtr-cDXOH-2SpClgHtg-VFDExMtr,3573609.656210844
Com,Hsp,Ex,cDXOH,CZ11,Whole Building,2009,,,NE-HV_AirDist-SupFanMtr-cDXOH-2SpClgHtg-VFDPMMtr,3565957.6476816917
Com,Hsp,Ex,cDXOH,CZ11,Whole Building,2009,,,NE-HV_AirDist-SupFanMtr-cDXOH-2SpClgHtg-VFDStdMtr,3571392.6530321785
Com,Hsp,Ex,cDXGF,CZ12,Whole Building,2009,,,NE-HV_AirDist-SupFanMtr-cDXGF-2SpClgHtg-Cnst,3456271.968440151
Com,Hsp,Ex,cDXGF,CZ12,Whole Building,2009,,,NE-HV_AirDist-SupFanMtr-cDXGF-2SpClgHtg-VFDExMtr,3252913.0375294173
Com,Hsp,Ex,cDXGF,CZ12,Whole Building,2009,,,NE-HV_AirDist-SupFanMtr-cDXGF-2SpClgHtg-VFDPMMtr,3244920.1248320183
Com,Hsp,Ex,cDXGF,CZ12,Whole Building,2009,,,NE-HV_AirDist-SupFanMtr-cDXGF-2SpClgHtg-VFDStdMtr,3250506.6006993908
Com,Hsp,Ex,cDXHP,CZ12,Whole Building,2009,,,NE-HV_AirDist-SupFanMtr-cDXHP-2SpClgHtg-Cnst,3462462.7367982054
Com,Hsp,Ex,cDXHP,CZ12,Whole Building,2009,,,NE-HV_AirDist-SupFanMtr-cDXHP-2SpClgHtg-VFDExMtr,3260369.736336578
Com,Hsp,Ex,cDXHP,CZ12,Whole Building,2009,,,NE-HV_AirDist-SupFanMtr-cDXHP-2SpClgHtg-VFDPMMtr,3252395.03534471
Com,Hsp,Ex,cDXHP,CZ12,Whole Building,2009,,,NE-HV_AirDist-SupFanMtr-cDXHP-2SpClgHtg-VFDStdMtr,3257943.914002799
Com,Hsp,Ex,cDXOH,CZ12,Whole Building,2009,,,NE-HV_AirDist-SupFanMtr-cDXOH-2SpClgHtg-Cnst,3452751.334120967
Com,Hsp,Ex,cDXOH,CZ12,Whole Building,2009,,,NE-HV_AirDist-SupFanMtr-cDXOH-2SpClgHtg-VFDExMtr,3267454.5016962327
Com,Hsp,Ex,cDXOH,CZ12,Whole Building,2009,,,NE-HV_AirDist-SupFanMtr-cDXOH-2SpClgHtg-VFDPMMtr,3260313.731278311
Com,Hsp,Ex,cDXOH,CZ12,Whole Building,2009,,,NE-HV_AirDist-SupFanMtr-cDXOH-2SpClgHtg-VFDStdMtr,3265344.213020866
Com,Hsp,Ex,cDXGF,CZ13,Whole Building,2009,,,NE-HV_AirDist-SupFanMtr-cDXGF-2SpClgHtg-Cnst,3816033.958263484
Com,Hsp,Ex,cDXGF,CZ13,Whole Building,2009,,,NE-HV_AirDist-SupFanMtr-cDXGF-2SpClgHtg-VFDExMtr,3604665.7316905176
Com,Hsp,Ex,cDXGF,CZ13,Whole Building,2009,,,NE-HV_AirDist-SupFanMtr-cDXGF-2SpClgHtg-VFDPMMtr,3596271.018277529
Com,Hsp,Ex,cDXGF,CZ13,Whole Building,2009,,,NE-HV_AirDist-SupFanMtr-cDXGF-2SpClgHtg-VFDStdMtr,3601997.365304759
Com,Hsp,Ex,cDXHP,CZ13,Whole Building,2009,,,NE-HV_AirDist-SupFanMtr-cDXHP-2SpClgHtg-Cnst,3820838.4537803987
Com,Hsp,Ex,cDXHP,CZ13,Whole Building,2009,,,NE-HV_AirDist-SupFanMtr-cDXHP-2SpClgHtg-VFDExMtr,3612016.074602047
Com,Hsp,Ex,cDXHP,CZ13,Whole Building,2009,,,NE-HV_AirDist-SupFanMtr-cDXHP-2SpClgHtg-VFDPMMtr,3603830.0102305966
Com,Hsp,Ex,cDXHP,CZ13,Whole Building,2009,,,NE-HV_AirDist-SupFanMtr-cDXHP-2SpClgHtg-VFDStdMtr,3609288.198217832
Com,Hsp,Ex,cDXOH,CZ13,Whole Building,2009,,,NE-HV_AirDist-SupFanMtr-cDXOH-2SpClgHtg-Cnst,3811053.578136245
Com,Hsp,Ex,cDXOH,CZ13,Whole Building,2009,,,NE-HV_AirDist-SupFanMtr-cDXOH-2SpClgHtg-VFDExMtr,3617314.683655954
Com,Hsp,Ex,cDXOH,CZ13,Whole Building,2009,,,NE-HV_AirDist-SupFanMtr-cDXOH-2SpClgHtg-VFDPMMtr,3609665.382121096
Com,Hsp,Ex,cDXOH,CZ13,Whole Building,2009,,,NE-HV_AirDist-SupFanMtr-cDXOH-2SpClgHtg-VFDStdMtr,3614856.740328239
Com,Hsp,Ex,cDXGF,CZ14,Whole Building,2009,,,NE-HV_AirDist-SupFanMtr-cDXGF-2SpClgHtg-Cnst,3865251.9628024944
Com,Hsp,Ex,cDXGF,CZ14,Whole Building,2009,,,NE-HV_AirDist-SupFanMtr-cDXGF-2SpClgHtg-VFDExMtr,3645615.831726462
Com,Hsp,Ex,cDXGF,CZ14,Whole Building,2009,,,NE-HV_AirDist-SupFanMtr-cDXGF-2SpClgHtg-VFDPMMtr,3636652.8992337044
Com,Hsp,Ex,cDXGF,CZ14,Whole Building,2009,,,NE-HV_AirDist-SupFanMtr-cDXGF-2SpClgHtg-VFDStdMtr,3642832.1498858137
Com,Hsp,Ex,cDXHP,CZ14,Whole Building,2009,,,NE-HV_AirDist-SupFanMtr-cDXHP-2SpClgHtg-Cnst,3870771.0036638696
Com,Hsp,Ex,cDXHP,CZ14,Whole Building,2009,,,NE-HV_AirDist-SupFanMtr-cDXHP-2SpClgHtg-VFDExMtr,3654755.8292529937
Com,Hsp,Ex,cDXHP,CZ14,Whole Building,2009,,,NE-HV_AirDist-SupFanMtr-cDXHP-2SpClgHtg-VFDPMMtr,3646054.841044901
Com,Hsp,Ex,cDXHP,CZ14,Whole Building,2009,,,NE-HV_AirDist-SupFanMtr-cDXHP-2SpClgHtg-VFDStdMtr,3652086.166425273
Com,Hsp,Ex,cDXOH,CZ14,Whole Building,2009,,,NE-HV_AirDist-SupFanMtr-cDXOH-2SpClgHtg-Cnst,3859744.4618975725
Com,Hsp,Ex,cDXOH,CZ14,Whole Building,2009,,,NE-HV_AirDist-SupFanMtr-cDXOH-2SpClgHtg-VFDExMtr,3657134.4401976983
Com,Hsp,Ex,cDXOH,CZ14,Whole Building,2009,,,NE-HV_AirDist-SupFanMtr-cDXOH-2SpClgHtg-VFDPMMtr,3648860.3646938917
Com,Hsp,Ex,cDXOH,CZ14,Whole Building,2009,,,NE-HV_AirDist-SupFanMtr-cDXOH-2SpClgHtg-VFDStdMtr,3654612.1664086855
Com,Hsp,Ex,cDXGF,CZ15,Whole Building,2009,,,NE-HV_AirDist-SupFanMtr-cDXGF-2SpClgHtg-Cnst,4547844.6284560375
Com,Hsp,Ex,cDXGF,CZ15,Whole Building,2009,,,NE-HV_AirDist-SupFanMtr-cDXGF-2SpClgHtg-VFDExMtr,4341782.660554907
Com,Hsp,Ex,cDXGF,CZ15,Whole Building,2009,,,NE-HV_AirDist-SupFanMtr-cDXGF-2SpClgHtg-VFDPMMtr,4332535.197896199
Com,Hsp,Ex,cDXGF,CZ15,Whole Building,2009,,,NE-HV_AirDist-SupFanMtr-cDXGF-2SpClgHtg-VFDStdMtr,4338739.962223336
Com,Hsp,Ex,cDXHP,CZ15,Whole Building,2009,,,NE-HV_AirDist-SupFanMtr-cDXHP-2SpClgHtg-Cnst,4547653.722778438
Com,Hsp,Ex,cDXHP,CZ15,Whole Building,2009,,,NE-HV_AirDist-SupFanMtr-cDXHP-2SpClgHtg-VFDExMtr,4337636.532924722
Com,Hsp,Ex,cDXHP,CZ15,Whole Building,2009,,,NE-HV_AirDist-SupFanMtr-cDXHP-2SpClgHtg-VFDPMMtr,4328826.574752836
Com,Hsp,Ex,cDXHP,CZ15,Whole Building,2009,,,NE-HV_AirDist-SupFanMtr-cDXHP-2SpClgHtg-VFDStdMtr,4334119.676187127
Com,Hsp,Ex,cDXOH,CZ15,Whole Building,2009,,,NE-HV_AirDist-SupFanMtr-cDXOH-2SpClgHtg-Cnst,4539209.853057687
Com,Hsp,Ex,cDXOH,CZ15,Whole Building,2009,,,NE-HV_AirDist-SupFanMtr-cDXOH-2SpClgHtg-VFDExMtr,4343432.659147306
Com,Hsp,Ex,cDXOH,CZ15,Whole Building,2009,,,NE-HV_AirDist-SupFanMtr-cDXOH-2SpClgHtg-VFDPMMtr,4334318.641885199
Com,Hsp,Ex,cDXOH,CZ15,Whole Building,2009,,,NE-HV_AirDist-SupFanMtr-cDXOH-2SpClgHtg-VFDStdMtr,4340477.009466324
Com,Hsp,Ex,cDXGF,CZ16,Whole Building,2009,,,NE-HV_AirDist-SupFanMtr-cDXGF-2SpClgHtg-Cnst,3367571.9877538956
Com,Hsp,Ex,cDXGF,CZ16,Whole Building,2009,,,NE-HV_AirDist-SupFanMtr-cDXGF-2SpClgHtg-VFDExMtr,3132802.776045693
Com,Hsp,Ex,cDXGF,CZ16,Whole Building,2009,,,NE-HV_AirDist-SupFanMtr-cDXGF-2SpClgHtg-VFDPMMtr,3123560.519809934
Com,Hsp,Ex,cDXGF,CZ16,Whole Building,2009,,,NE-HV_AirDist-SupFanMtr-cDXGF-2SpClgHtg-VFDStdMtr,3129986.130625247
Com,Hsp,Ex,cDXHP,CZ16,Whole Building,2009,,,NE-HV_AirDist-SupFanMtr-cDXHP-2SpClgHtg-Cnst,3379224.306600523
Com,Hsp,Ex,cDXHP,CZ16,Whole Building,2009,,,NE-HV_AirDist-SupFanMtr-cDXHP-2SpClgHtg-VFDExMtr,3147091.8519380633
Com,Hsp,Ex,cDXHP,CZ16,Whole Building,2009,,,NE-HV_AirDist-SupFanMtr-cDXHP-2SpClgHtg-VFDPMMtr,3138081.960800275
Com,Hsp,Ex,cDXHP,CZ16,Whole Building,2009,,,NE-HV_AirDist-SupFanMtr-cDXHP-2SpClgHtg-VFDStdMtr,3144204.027961648
Com,Hsp,Ex,cDXOH,CZ16,Whole Building,2009,,,NE-HV_AirDist-SupFanMtr-cDXOH-2SpClgHtg-Cnst,3367705.354219977
Com,Hsp,Ex,cDXOH,CZ16,Whole Building,2009,,,NE-HV_AirDist-SupFanMtr-cDXOH-2SpClgHtg-VFDExMtr,3155473.332334636
Com,Hsp,Ex,cDXOH,CZ16,Whole Building,2009,,,NE-HV_AirDist-SupFanMtr-cDXOH-2SpClgHtg-VFDPMMtr,3147463.183195975
Com,Hsp,Ex,cDXOH,CZ16,Whole Building,2009,,,NE-HV_AirDist-SupFanMtr-cDXOH-2SpClgHtg-VFDStdMtr,3153080.7711753827
Com,Htl,Ex,cDXGF,CZ01,Whole Building,2009,,,NE-HV_AirDist-SupFanMtr-cDXGF-2SpClgHtg-Cnst,411481.53699183377
Com,Htl,Ex,cDXGF,CZ01,Whole Building,2009,,,NE-HV_AirDist-SupFanMtr-cDXGF-2SpClgHtg-VFDExMtr,354748.03833138326
Com,Htl,Ex,cDXGF,CZ01,Whole Building,2009,,,NE-HV_AirDist-SupFanMtr-cDXGF-2SpClgHtg-VFDPMMtr,352775.42025927926
Com,Htl,Ex,cDXGF,CZ01,Whole Building,2009,,,NE-HV_AirDist-SupFanMtr-cDXGF-2SpClgHtg-VFDStdMtr,354188.014272606
Com,Htl,Ex,cDXHP,CZ01,Whole Building,2009,,,NE-HV_AirDist-SupFanMtr-cDXHP-2SpClgHtg-Cnst,420940.65051459195
Com,Htl,Ex,cDXHP,CZ01,Whole Building,2009,,,NE-HV_AirDist-SupFanMtr-cDXHP-2SpClgHtg-VFDExMtr,363339.0355449922
Com,Htl,Ex,cDXHP,CZ01,Whole Building,2009,,,NE-HV_AirDist-SupFanMtr-cDXHP-2SpClgHtg-VFDPMMtr,361504.28236029414
Com,Htl,Ex,cDXHP,CZ01,Whole Building,2009,,,NE-HV_AirDist-SupFanMtr-cDXHP-2SpClgHtg-VFDStdMtr,362817.62066791253
Com,Htl,Ex,cDXOH,CZ01,Whole Building,2009,,,NE-HV_AirDist-SupFanMtr-cDXOH-2SpClgHtg-Cnst,411217.7680999085
Com,Htl,Ex,cDXOH,CZ01,Whole Building,2009,,,NE-HV_AirDist-SupFanMtr-cDXOH-2SpClgHtg-VFDExMtr,366709.2667733317
Com,Htl,Ex,cDXOH,CZ01,Whole Building,2009,,,NE-HV_AirDist-SupFanMtr-cDXOH-2SpClgHtg-VFDPMMtr,365302.19739011675
Com,Htl,Ex,cDXOH,CZ01,Whole Building,2009,,,NE-HV_AirDist-SupFanMtr-cDXOH-2SpClgHtg-VFDStdMtr,366360.6768413488
Com,Htl,Ex,cDXGF,CZ02,Whole Building,2009,,,NE-HV_AirDist-SupFanMtr-cDXGF-2SpClgHtg-Cnst,477191.20803615503
Com,Htl,Ex,cDXGF,CZ02,Whole Building,2009,,,NE-HV_AirDist-SupFanMtr-cDXGF-2SpClgHtg-VFDExMtr,416035.68436918425
Com,Htl,Ex,cDXGF,CZ02,Whole Building,2009,,,NE-HV_AirDist-SupFanMtr-cDXGF-2SpClgHtg-VFDPMMtr,413605.8679007139
Com,Htl,Ex,cDXGF,CZ02,Whole Building,2009,,,NE-HV_AirDist-SupFanMtr-cDXGF-2SpClgHtg-VFDStdMtr,415290.7398521166
Com,Htl,Ex,cDXHP,CZ02,Whole Building,2009,,,NE-HV_AirDist-SupFanMtr-cDXHP-2SpClgHtg-Cnst,483950.164008058
Com,Htl,Ex,cDXHP,CZ02,Whole Building,2009,,,NE-HV_AirDist-SupFanMtr-cDXHP-2SpClgHtg-VFDExMtr,422736.3631167496
Com,Htl,Ex,cDXHP,CZ02,Whole Building,2009,,,NE-HV_AirDist-SupFanMtr-cDXHP-2SpClgHtg-VFDPMMtr,420418.28518046177
Com,Htl,Ex,cDXHP,CZ02,Whole Building,2009,,,NE-HV_AirDist-SupFanMtr-cDXHP-2SpClgHtg-VFDStdMtr,422034.8541163473
Com,Htl,Ex,cDXOH,CZ02,Whole Building,2009,,,NE-HV_AirDist-SupFanMtr-cDXOH-2SpClgHtg-Cnst,476281.13014401664
Com,Htl,Ex,cDXOH,CZ02,Whole Building,2009,,,NE-HV_AirDist-SupFanMtr-cDXOH-2SpClgHtg-VFDExMtr,424334.9131661587
Com,Htl,Ex,cDXOH,CZ02,Whole Building,2009,,,NE-HV_AirDist-SupFanMtr-cDXOH-2SpClgHtg-VFDPMMtr,422367.2467451933
Com,Htl,Ex,cDXOH,CZ02,Whole Building,2009,,,NE-HV_AirDist-SupFanMtr-cDXOH-2SpClgHtg-VFDStdMtr,423747.4367043534
Com,Htl,Ex,cDXGF,CZ03,Whole Building,2009,,,NE-HV_AirDist-SupFanMtr-cDXGF-2SpClgHtg-Cnst,453396.0296171283
Com,Htl,Ex,cDXGF,CZ03,Whole Building,2009,,,NE-HV_AirDist-SupFanMtr-cDXGF-2SpClgHtg-VFDExMtr,394389.6900717623
Com,Htl,Ex,cDXGF,CZ03,Whole Building,2009,,,NE-HV_AirDist-SupFanMtr-cDXGF-2SpClgHtg-VFDPMMtr,391968.53119721863
Com,Htl,Ex,cDXGF,CZ03,Whole Building,2009,,,NE-HV_AirDist-SupFanMtr-cDXGF-2SpClgHtg-VFDStdMtr,393653.74411931576
Com,Htl,Ex,cDXHP,CZ03,Whole Building,2009,,,NE-HV_AirDist-SupFanMtr-cDXHP-2SpClgHtg-Cnst,456999.6954467574
Com,Htl,Ex,cDXHP,CZ03,Whole Building,2009,,,NE-HV_AirDist-SupFanMtr-cDXHP-2SpClgHtg-VFDExMtr,397901.02999758447
Com,Htl,Ex,cDXHP,CZ03,Whole Building,2009,,,NE-HV_AirDist-SupFanMtr-cDXHP-2SpClgHtg-VFDPMMtr,395542.7077689058
Com,Htl,Ex,cDXHP,CZ03,Whole Building,2009,,,NE-HV_AirDist-SupFanMtr-cDXHP-2SpClgHtg-VFDStdMtr,397188.1303712264
Com,Htl,Ex,cDXOH,CZ03,Whole Building,2009,,,NE-HV_AirDist-SupFanMtr-cDXOH-2SpClgHtg-Cnst,453038.0151781905
Com,Htl,Ex,cDXOH,CZ03,Whole Building,2009,,,NE-HV_AirDist-SupFanMtr-cDXOH-2SpClgHtg-VFDExMtr,399362.2895314425
Com,Htl,Ex,cDXOH,CZ03,Whole Building,2009,,,NE-HV_AirDist-SupFanMtr-cDXOH-2SpClgHtg-VFDPMMtr,397260.1157057091
Com,Htl,Ex,cDXOH,CZ03,Whole Building,2009,,,NE-HV_AirDist-SupFanMtr-cDXOH-2SpClgHtg-VFDStdMtr,398725.66729729256
Com,Htl,Ex,cDXGF,CZ04,Whole Building,2009,,,NE-HV_AirDist-SupFanMtr-cDXGF-2SpClgHtg-Cnst,519073.0039700939
Com,Htl,Ex,cDXGF,CZ04,Whole Building,2009,,,NE-HV_AirDist-SupFanMtr-cDXGF-2SpClgHtg-VFDExMtr,456398.5754329938
Com,Htl,Ex,cDXGF,CZ04,Whole Building,2009,,,NE-HV_AirDist-SupFanMtr-cDXGF-2SpClgHtg-VFDPMMtr,453882.46999591845
Com,Htl,Ex,cDXGF,CZ04,Whole Building,2009,,,NE-HV_AirDist-SupFanMtr-cDXGF-2SpClgHtg-VFDStdMtr,455598.0674779288
Com,Htl,Ex,cDXHP,CZ04,Whole Building,2009,,,NE-HV_AirDist-SupFanMtr-cDXHP-2SpClgHtg-Cnst,524291.6795118519
Com,Htl,Ex,cDXHP,CZ04,Whole Building,2009,,,NE-HV_AirDist-SupFanMtr-cDXHP-2SpClgHtg-VFDExMtr,461953.69914248236
Com,Htl,Ex,cDXHP,CZ04,Whole Building,2009,,,NE-HV_AirDist-SupFanMtr-cDXHP-2SpClgHtg-VFDPMMtr,459521.9793949152
Com,Htl,Ex,cDXHP,CZ04,Whole Building,2009,,,NE-HV_AirDist-SupFanMtr-cDXHP-2SpClgHtg-VFDStdMtr,461200.5441183877
Com,Htl,Ex,cDXOH,CZ04,Whole Building,2009,,,NE-HV_AirDist-SupFanMtr-cDXOH-2SpClgHtg-Cnst,517328.19845089735
Com,Htl,Ex,cDXOH,CZ04,Whole Building,2009,,,NE-HV_AirDist-SupFanMtr-cDXOH-2SpClgHtg-VFDExMtr,463202.6354227022
Com,Htl,Ex,cDXOH,CZ04,Whole Building,2009,,,NE-HV_AirDist-SupFanMtr-cDXOH-2SpClgHtg-VFDPMMtr,461044.246766182
Com,Htl,Ex,cDXOH,CZ04,Whole Building,2009,,,NE-HV_AirDist-SupFanMtr-cDXOH-2SpClgHtg-VFDStdMtr,462550.5478869425
Com,Htl,Ex,cDXGF,CZ05,Whole Building,2009,,,NE-HV_AirDist-SupFanMtr-cDXGF-2SpClgHtg-Cnst,458483.91281708115
Com,Htl,Ex,cDXGF,CZ05,Whole Building,2009,,,NE-HV_AirDist-SupFanMtr-cDXGF-2SpClgHtg-VFDExMtr,399113.2716762003
Com,Htl,Ex,cDXGF,CZ05,Whole Building,2009,,,NE-HV_AirDist-SupFanMtr-cDXGF-2SpClgHtg-VFDPMMtr,396683.8196299195
Com,Htl,Ex,cDXGF,CZ05,Whole Building,2009,,,NE-HV_AirDist-SupFanMtr-cDXGF-2SpClgHtg-VFDStdMtr,398367.3626649856
Com,Htl,Ex,cDXHP,CZ05,Whole Building,2009,,,NE-HV_AirDist-SupFanMtr-cDXHP-2SpClgHtg-Cnst,461667.99443714536
Com,Htl,Ex,cDXHP,CZ05,Whole Building,2009,,,NE-HV_AirDist-SupFanMtr-cDXHP-2SpClgHtg-VFDExMtr,402063.1285214648
Com,Htl,Ex,cDXHP,CZ05,Whole Building,2009,,,NE-HV_AirDist-SupFanMtr-cDXHP-2SpClgHtg-VFDPMMtr,399679.87905793457
Com,Htl,Ex,cDXHP,CZ05,Whole Building,2009,,,NE-HV_AirDist-SupFanMtr-cDXHP-2SpClgHtg-VFDStdMtr,401326.9815026097
Com,Htl,Ex,cDXOH,CZ05,Whole Building,2009,,,NE-HV_AirDist-SupFanMtr-cDXOH-2SpClgHtg-Cnst,457920.9483913052
Com,Htl,Ex,cDXOH,CZ05,Whole Building,2009,,,NE-HV_AirDist-SupFanMtr-cDXOH-2SpClgHtg-VFDExMtr,402866.1657405022
Com,Htl,Ex,cDXOH,CZ05,Whole Building,2009,,,NE-HV_AirDist-SupFanMtr-cDXOH-2SpClgHtg-VFDPMMtr,400684.40058407857
Com,Htl,Ex,cDXOH,CZ05,Whole Building,2009,,,NE-HV_AirDist-SupFanMtr-cDXOH-2SpClgHtg-VFDStdMtr,402215.97970014735
Com,Htl,Ex,cDXGF,CZ06,Whole Building,2009,,,NE-HV_AirDist-SupFanMtr-cDXGF-2SpClgHtg-Cnst,493931.69428900554
Com,Htl,Ex,cDXGF,CZ06,Whole Building,2009,,,NE-HV_AirDist-SupFanMtr-cDXGF-2SpClgHtg-VFDExMtr,440560.8214761787
Com,Htl,Ex,cDXGF,CZ06,Whole Building,2009,,,NE-HV_AirDist-SupFanMtr-cDXGF-2SpClgHtg-VFDPMMtr,437967.7090263058
Com,Htl,Ex,cDXGF,CZ06,Whole Building,2009,,,NE-HV_AirDist-SupFanMtr-cDXGF-2SpClgHtg-VFDStdMtr,439720.6625179933
Com,Htl,Ex,cDXHP,CZ06,Whole Building,2009,,,NE-HV_AirDist-SupFanMtr-cDXHP-2SpClgHtg-Cnst,493144.3925980982
Com,Htl,Ex,cDXHP,CZ06,Whole Building,2009,,,NE-HV_AirDist-SupFanMtr-cDXHP-2SpClgHtg-VFDExMtr,440594.3945268938
Com,Htl,Ex,cDXHP,CZ06,Whole Building,2009,,,NE-HV_AirDist-SupFanMtr-cDXHP-2SpClgHtg-VFDPMMtr,437992.7971584825
Com,Htl,Ex,cDXHP,CZ06,Whole Building,2009,,,NE-HV_AirDist-SupFanMtr-cDXHP-2SpClgHtg-VFDStdMtr,439753.79729276354
Com,Htl,Ex,cDXOH,CZ06,Whole Building,2009,,,NE-HV_AirDist-SupFanMtr-cDXOH-2SpClgHtg-Cnst,492753.3597724259
Com,Htl,Ex,cDXOH,CZ06,Whole Building,2009,,,NE-HV_AirDist-SupFanMtr-cDXOH-2SpClgHtg-VFDExMtr,441488.6308174315
Com,Htl,Ex,cDXOH,CZ06,Whole Building,2009,,,NE-HV_AirDist-SupFanMtr-cDXOH-2SpClgHtg-VFDPMMtr,438989.4488956501
Com,Htl,Ex,cDXOH,CZ06,Whole Building,2009,,,NE-HV_AirDist-SupFanMtr-cDXOH-2SpClgHtg-VFDStdMtr,440673.8273945247
Com,Htl,Ex,cDXGF,CZ07,Whole Building,2009,,,NE-HV_AirDist-SupFanMtr-cDXGF-2SpClgHtg-Cnst,494739.74395904364
Com,Htl,Ex,cDXGF,CZ07,Whole Building,2009,,,NE-HV_AirDist-SupFanMtr-cDXGF-2SpClgHtg-VFDExMtr,440481.2574926136
Com,Htl,Ex,cDXGF,CZ07,Whole Building,2009,,,NE-HV_AirDist-SupFanMtr-cDXGF-2SpClgHtg-VFDPMMtr,437891.8502686574
Com,Htl,Ex,cDXGF,CZ07,Whole Building,2009,,,NE-HV_AirDist-SupFanMtr-cDXGF-2SpClgHtg-VFDStdMtr,439640.7770708516
Com,Htl,Ex,cDXHP,CZ07,Whole Building,2009,,,NE-HV_AirDist-SupFanMtr-cDXHP-2SpClgHtg-Cnst,494346.8276994136
Com,Htl,Ex,cDXHP,CZ07,Whole Building,2009,,,NE-HV_AirDist-SupFanMtr-cDXHP-2SpClgHtg-VFDExMtr,440645.60742093326
Com,Htl,Ex,cDXHP,CZ07,Whole Building,2009,,,NE-HV_AirDist-SupFanMtr-cDXHP-2SpClgHtg-VFDPMMtr,438061.5864783594
Com,Htl,Ex,cDXHP,CZ07,Whole Building,2009,,,NE-HV_AirDist-SupFanMtr-cDXHP-2SpClgHtg-VFDStdMtr,439810.5450384462
Com,Htl,Ex,cDXOH,CZ07,Whole Building,2009,,,NE-HV_AirDist-SupFanMtr-cDXOH-2SpClgHtg-Cnst,493720.5556305794
Com,Htl,Ex,cDXOH,CZ07,Whole Building,2009,,,NE-HV_AirDist-SupFanMtr-cDXOH-2SpClgHtg-VFDExMtr,441147.3594933751
Com,Htl,Ex,cDXOH,CZ07,Whole Building,2009,,,NE-HV_AirDist-SupFanMtr-cDXOH-2SpClgHtg-VFDPMMtr,438629.22032414953
Com,Htl,Ex,cDXOH,CZ07,Whole Building,2009,,,NE-HV_AirDist-SupFanMtr-cDXOH-2SpClgHtg-VFDStdMtr,440324.88955392316
Com,Htl,Ex,cDXGF,CZ08,Whole Building,2009,,,NE-HV_AirDist-SupFanMtr-cDXGF-2SpClgHtg-Cnst,542691.8559934737
Com,Htl,Ex,cDXGF,CZ08,Whole Building,2009,,,NE-HV_AirDist-SupFanMtr-cDXGF-2SpClgHtg-VFDExMtr,483967.0490423693
Com,Htl,Ex,cDXGF,CZ08,Whole Building,2009,,,NE-HV_AirDist-SupFanMtr-cDXGF-2SpClgHtg-VFDPMMtr,481211.3720775169
Com,Htl,Ex,cDXGF,CZ08,Whole Building,2009,,,NE-HV_AirDist-SupFanMtr-cDXGF-2SpClgHtg-VFDStdMtr,483055.74275139056
Com,Htl,Ex,cDXHP,CZ08,Whole Building,2009,,,NE-HV_AirDist-SupFanMtr-cDXHP-2SpClgHtg-Cnst,543047.7523473522
Com,Htl,Ex,cDXHP,CZ08,Whole Building,2009,,,NE-HV_AirDist-SupFanMtr-cDXHP-2SpClgHtg-VFDExMtr,485452.2687493697
Com,Htl,Ex,cDXHP,CZ08,Whole Building,2009,,,NE-HV_AirDist-SupFanMtr-cDXHP-2SpClgHtg-VFDPMMtr,482678.18757463957
Com,Htl,Ex,cDXHP,CZ08,Whole Building,2009,,,NE-HV_AirDist-SupFanMtr-cDXHP-2SpClgHtg-VFDStdMtr,484542.3186831538
Com,Htl,Ex,cDXOH,CZ08,Whole Building,2009,,,NE-HV_AirDist-SupFanMtr-cDXOH-2SpClgHtg-Cnst,541337.8214487081
Com,Htl,Ex,cDXOH,CZ08,Whole Building,2009,,,NE-HV_AirDist-SupFanMtr-cDXOH-2SpClgHtg-VFDExMtr,485196.63897801767
Com,Htl,Ex,cDXOH,CZ08,Whole Building,2009,,,NE-HV_AirDist-SupFanMtr-cDXOH-2SpClgHtg-VFDPMMtr,482537.4057782342
Com,Htl,Ex,cDXOH,CZ08,Whole Building,2009,,,NE-HV_AirDist-SupFanMtr-cDXOH-2SpClgHtg-VFDStdMtr,484330.874145437
Com,Htl,Ex,cDXGF,CZ09,Whole Building,2009,,,NE-HV_AirDist-SupFanMtr-cDXGF-2SpClgHtg-Cnst,545864.2729013358
Com,Htl,Ex,cDXGF,CZ09,Whole Building,2009,,,NE-HV_AirDist-SupFanMtr-cDXGF-2SpClgHtg-VFDExMtr,483580.3995708259
Com,Htl,Ex,cDXGF,CZ09,Whole Building,2009,,,NE-HV_AirDist-SupFanMtr-cDXGF-2SpClgHtg-VFDPMMtr,480754.75366862264
Com,Htl,Ex,cDXGF,CZ09,Whole Building,2009,,,NE-HV_AirDist-SupFanMtr-cDXGF-2SpClgHtg-VFDStdMtr,482678.1670634232
Com,Htl,Ex,cDXHP,CZ09,Whole Building,2009,,,NE-HV_AirDist-SupFanMtr-cDXHP-2SpClgHtg-Cnst,546782.4252449389
Com,Htl,Ex,cDXHP,CZ09,Whole Building,2009,,,NE-HV_AirDist-SupFanMtr-cDXHP-2SpClgHtg-VFDExMtr,485297.47275348805
Com,Htl,Ex,cDXHP,CZ09,Whole Building,2009,,,NE-HV_AirDist-SupFanMtr-cDXHP-2SpClgHtg-VFDPMMtr,482508.626165862
Com,Htl,Ex,cDXHP,CZ09,Whole Building,2009,,,NE-HV_AirDist-SupFanMtr-cDXHP-2SpClgHtg-VFDStdMtr,484358.42733787885
Com,Htl,Ex,cDXOH,CZ09,Whole Building,2009,,,NE-HV_AirDist-SupFanMtr-cDXOH-2SpClgHtg-Cnst,544519.3550333646
Com,Htl,Ex,cDXOH,CZ09,Whole Building,2009,,,NE-HV_AirDist-SupFanMtr-cDXOH-2SpClgHtg-VFDExMtr,485775.050020745
Com,Htl,Ex,cDXOH,CZ09,Whole Building,2009,,,NE-HV_AirDist-SupFanMtr-cDXOH-2SpClgHtg-VFDPMMtr,483127.4504523054
Com,Htl,Ex,cDXOH,CZ09,Whole Building,2009,,,NE-HV_AirDist-SupFanMtr-cDXOH-2SpClgHtg-VFDStdMtr,484918.3800817986
Com,Htl,Ex,cDXGF,CZ10,Whole Building,2009,,,NE-HV_AirDist-SupFanMtr-cDXGF-2SpClgHtg-Cnst,554817.1155603273
Com,Htl,Ex,cDXGF,CZ10,Whole Building,2009,,,NE-HV_AirDist-SupFanMtr-cDXGF-2SpClgHtg-VFDExMtr,492269.4194197832
Com,Htl,Ex,cDXGF,CZ10,Whole Building,2009,,,NE-HV_AirDist-SupFanMtr-cDXGF-2SpClgHtg-VFDPMMtr,489467.5660217217
Com,Htl,Ex,cDXGF,CZ10,Whole Building,2009,,,NE-HV_AirDist-SupFanMtr-cDXGF-2SpClgHtg-VFDStdMtr,491363.9422510779
Com,Htl,Ex,cDXHP,CZ10,Whole Building,2009,,,NE-HV_AirDist-SupFanMtr-cDXHP-2SpClgHtg-Cnst,555803.0526040898
Com,Htl,Ex,cDXHP,CZ10,Whole Building,2009,,,NE-HV_AirDist-SupFanMtr-cDXHP-2SpClgHtg-VFDExMtr,494184.7530197437
Com,Htl,Ex,cDXHP,CZ10,Whole Building,2009,,,NE-HV_AirDist-SupFanMtr-cDXHP-2SpClgHtg-VFDPMMtr,491388.6244221735
Com,Htl,Ex,cDXHP,CZ10,Whole Building,2009,,,NE-HV_AirDist-SupFanMtr-cDXHP-2SpClgHtg-VFDStdMtr,493226.3364081804
Com,Htl,Ex,cDXOH,CZ10,Whole Building,2009,,,NE-HV_AirDist-SupFanMtr-cDXOH-2SpClgHtg-Cnst,553245.8768727031
Com,Htl,Ex,cDXOH,CZ10,Whole Building,2009,,,NE-HV_AirDist-SupFanMtr-cDXOH-2SpClgHtg-VFDExMtr,494546.14084137836
Com,Htl,Ex,cDXOH,CZ10,Whole Building,2009,,,NE-HV_AirDist-SupFanMtr-cDXOH-2SpClgHtg-VFDPMMtr,491900.7803042485
Com,Htl,Ex,cDXOH,CZ10,Whole Building,2009,,,NE-HV_AirDist-SupFanMtr-cDXOH-2SpClgHtg-VFDStdMtr,493692.66315901635
Com,Htl,Ex,cDXGF,CZ11,Whole Building,2009,,,NE-HV_AirDist-SupFanMtr-cDXGF-2SpClgHtg-Cnst,568037.5396206564
Com,Htl,Ex,cDXGF,CZ11,Whole Building,2009,,,NE-HV_AirDist-SupFanMtr-cDXGF-2SpClgHtg-VFDExMtr,502230.05456447095
Com,Htl,Ex,cDXGF,CZ11,Whole Building,2009,,,NE-HV_AirDist-SupFanMtr-cDXGF-2SpClgHtg-VFDPMMtr,499555.57062192797
Com,Htl,Ex,cDXGF,CZ11,Whole Building,2009,,,NE-HV_AirDist-SupFanMtr-cDXGF-2SpClgHtg-VFDStdMtr,501360.2413192832
Com,Htl,Ex,cDXHP,CZ11,Whole Building,2009,,,NE-HV_AirDist-SupFanMtr-cDXHP-2SpClgHtg-Cnst,574703.1007543879
Com,Htl,Ex,cDXHP,CZ11,Whole Building,2009,,,NE-HV_AirDist-SupFanMtr-cDXHP-2SpClgHtg-VFDExMtr,510491.32273121906
Com,Htl,Ex,cDXHP,CZ11,Whole Building,2009,,,NE-HV_AirDist-SupFanMtr-cDXHP-2SpClgHtg-VFDPMMtr,507826.6215869039
Com,Htl,Ex,cDXHP,CZ11,Whole Building,2009,,,NE-HV_AirDist-SupFanMtr-cDXHP-2SpClgHtg-VFDStdMtr,509610.3629403185
Com,Htl,Ex,cDXOH,CZ11,Whole Building,2009,,,NE-HV_AirDist-SupFanMtr-cDXOH-2SpClgHtg-Cnst,566009.9361938975
Com,Htl,Ex,cDXOH,CZ11,Whole Building,2009,,,NE-HV_AirDist-SupFanMtr-cDXOH-2SpClgHtg-VFDExMtr,511544.51304426277
Com,Htl,Ex,cDXOH,CZ11,Whole Building,2009,,,NE-HV_AirDist-SupFanMtr-cDXOH-2SpClgHtg-VFDPMMtr,509334.55141578516
Com,Htl,Ex,cDXOH,CZ11,Whole Building,2009,,,NE-HV_AirDist-SupFanMtr-cDXOH-2SpClgHtg-VFDStdMtr,510834.6139129281
Com,Htl,Ex,cDXGF,CZ12,Whole Building,2009,,,NE-HV_AirDist-SupFanMtr-cDXGF-2SpClgHtg-Cnst,514834.30097052286
Com,Htl,Ex,cDXGF,CZ12,Whole Building,2009,,,NE-HV_AirDist-SupFanMtr-cDXGF-2SpClgHtg-VFDExMtr,454032.6314273619
Com,Htl,Ex,cDXGF,CZ12,Whole Building,2009,,,NE-HV_AirDist-SupFanMtr-cDXGF-2SpClgHtg-VFDPMMtr,451507.21332213725
Com,Htl,Ex,cDXGF,CZ12,Whole Building,2009,,,NE-HV_AirDist-SupFanMtr-cDXGF-2SpClgHtg-VFDStdMtr,453237.04406616814
Com,Htl,Ex,cDXHP,CZ12,Whole Building,2009,,,NE-HV_AirDist-SupFanMtr-cDXHP-2SpClgHtg-Cnst,521056.2163924437
Com,Htl,Ex,cDXHP,CZ12,Whole Building,2009,,,NE-HV_AirDist-SupFanMtr-cDXHP-2SpClgHtg-VFDExMtr,460426.03399724496
Com,Htl,Ex,cDXHP,CZ12,Whole Building,2009,,,NE-HV_AirDist-SupFanMtr-cDXHP-2SpClgHtg-VFDPMMtr,457923.2862558652
Com,Htl,Ex,cDXHP,CZ12,Whole Building,2009,,,NE-HV_AirDist-SupFanMtr-cDXHP-2SpClgHtg-VFDStdMtr,459608.6102464145
Com,Htl,Ex,cDXOH,CZ12,Whole Building,2009,,,NE-HV_AirDist-SupFanMtr-cDXOH-2SpClgHtg-Cnst,513551.67261941463
Com,Htl,Ex,cDXOH,CZ12,Whole Building,2009,,,NE-HV_AirDist-SupFanMtr-cDXOH-2SpClgHtg-VFDExMtr,462909.54568150954
Com,Htl,Ex,cDXOH,CZ12,Whole Building,2009,,,NE-HV_AirDist-SupFanMtr-cDXOH-2SpClgHtg-VFDPMMtr,460821.09834283794
Com,Htl,Ex,cDXOH,CZ12,Whole Building,2009,,,NE-HV_AirDist-SupFanMtr-cDXOH-2SpClgHtg-VFDStdMtr,462257.02989973704
Com,Htl,Ex,cDXGF,CZ13,Whole Building,2009,,,NE-HV_AirDist-SupFanMtr-cDXGF-2SpClgHtg-Cnst,575825.2279740091
Com,Htl,Ex,cDXGF,CZ13,Whole Building,2009,,,NE-HV_AirDist-SupFanMtr-cDXGF-2SpClgHtg-VFDExMtr,512340.62663637684
Com,Htl,Ex,cDXGF,CZ13,Whole Building,2009,,,NE-HV_AirDist-SupFanMtr-cDXGF-2SpClgHtg-VFDPMMtr,509717.30696880206
Com,Htl,Ex,cDXGF,CZ13,Whole Building,2009,,,NE-HV_AirDist-SupFanMtr-cDXGF-2SpClgHtg-VFDStdMtr,511495.6206076468
Com,Htl,Ex,cDXHP,CZ13,Whole Building,2009,,,NE-HV_AirDist-SupFanMtr-cDXHP-2SpClgHtg-Cnst,581147.2934555231
Com,Htl,Ex,cDXHP,CZ13,Whole Building,2009,,,NE-HV_AirDist-SupFanMtr-cDXHP-2SpClgHtg-VFDExMtr,518510.73131581827
Com,Htl,Ex,cDXHP,CZ13,Whole Building,2009,,,NE-HV_AirDist-SupFanMtr-cDXHP-2SpClgHtg-VFDPMMtr,515829.75403825636
Com,Htl,Ex,cDXHP,CZ13,Whole Building,2009,,,NE-HV_AirDist-SupFanMtr-cDXHP-2SpClgHtg-VFDStdMtr,517556.5083374354
Com,Htl,Ex,cDXOH,CZ13,Whole Building,2009,,,NE-HV_AirDist-SupFanMtr-cDXOH-2SpClgHtg-Cnst,573516.5701531786
Com,Htl,Ex,cDXOH,CZ13,Whole Building,2009,,,NE-HV_AirDist-SupFanMtr-cDXOH-2SpClgHtg-VFDExMtr,520827.8802868598
Com,Htl,Ex,cDXOH,CZ13,Whole Building,2009,,,NE-HV_AirDist-SupFanMtr-cDXOH-2SpClgHtg-VFDPMMtr,518638.7938306331
Com,Htl,Ex,cDXOH,CZ13,Whole Building,2009,,,NE-HV_AirDist-SupFanMtr-cDXOH-2SpClgHtg-VFDStdMtr,520099.5635374419
Com,Htl,Ex,cDXGF,CZ14,Whole Building,2009,,,NE-HV_AirDist-SupFanMtr-cDXGF-2SpClgHtg-Cnst,565929.8578026122
Com,Htl,Ex,cDXGF,CZ14,Whole Building,2009,,,NE-HV_AirDist-SupFanMtr-cDXGF-2SpClgHtg-VFDExMtr,498032.89571448386
Com,Htl,Ex,cDXGF,CZ14,Whole Building,2009,,,NE-HV_AirDist-SupFanMtr-cDXGF-2SpClgHtg-VFDPMMtr,495221.18392096175
Com,Htl,Ex,cDXGF,CZ14,Whole Building,2009,,,NE-HV_AirDist-SupFanMtr-cDXGF-2SpClgHtg-VFDStdMtr,497128.88337993715
Com,Htl,Ex,cDXHP,CZ14,Whole Building,2009,,,NE-HV_AirDist-SupFanMtr-cDXHP-2SpClgHtg-Cnst,570323.8540672463
Com,Htl,Ex,cDXHP,CZ14,Whole Building,2009,,,NE-HV_AirDist-SupFanMtr-cDXHP-2SpClgHtg-VFDExMtr,503328.0063301596
Com,Htl,Ex,cDXHP,CZ14,Whole Building,2009,,,NE-HV_AirDist-SupFanMtr-cDXHP-2SpClgHtg-VFDPMMtr,500575.3192648366
Com,Htl,Ex,cDXHP,CZ14,Whole Building,2009,,,NE-HV_AirDist-SupFanMtr-cDXHP-2SpClgHtg-VFDStdMtr,502463.72987821454
Com,Htl,Ex,cDXOH,CZ14,Whole Building,2009,,,NE-HV_AirDist-SupFanMtr-cDXOH-2SpClgHtg-Cnst,563319.6306546697
Com,Htl,Ex,cDXOH,CZ14,Whole Building,2009,,,NE-HV_AirDist-SupFanMtr-cDXOH-2SpClgHtg-VFDExMtr,504439.6893533971
Com,Htl,Ex,cDXOH,CZ14,Whole Building,2009,,,NE-HV_AirDist-SupFanMtr-cDXOH-2SpClgHtg-VFDPMMtr,502009.40640393144
Com,Htl,Ex,cDXOH,CZ14,Whole Building,2009,,,NE-HV_AirDist-SupFanMtr-cDXOH-2SpClgHtg-VFDStdMtr,503660.4314852135
Com,Htl,Ex,cDXGF,CZ15,Whole Building,2009,,,NE-HV_AirDist-SupFanMtr-cDXGF-2SpClgHtg-Cnst,688630.8767182238
Com,Htl,Ex,cDXGF,CZ15,Whole Building,2009,,,NE-HV_AirDist-SupFanMtr-cDXGF-2SpClgHtg-VFDExMtr,627621.8724372918
Com,Htl,Ex,cDXGF,CZ15,Whole Building,2009,,,NE-HV_AirDist-SupFanMtr-cDXGF-2SpClgHtg-VFDPMMtr,624884.2780206127
Com,Htl,Ex,cDXGF,CZ15,Whole Building,2009,,,NE-HV_AirDist-SupFanMtr-cDXGF-2SpClgHtg-VFDStdMtr,626684.8546859891
Com,Htl,Ex,cDXHP,CZ15,Whole Building,2009,,,NE-HV_AirDist-SupFanMtr-cDXHP-2SpClgHtg-Cnst,689825.3278678416
Com,Htl,Ex,cDXHP,CZ15,Whole Building,2009,,,NE-HV_AirDist-SupFanMtr-cDXHP-2SpClgHtg-VFDExMtr,631974.1061463946
Com,Htl,Ex,cDXHP,CZ15,Whole Building,2009,,,NE-HV_AirDist-SupFanMtr-cDXHP-2SpClgHtg-VFDPMMtr,629188.658338247
Com,Htl,Ex,cDXHP,CZ15,Whole Building,2009,,,NE-HV_AirDist-SupFanMtr-cDXHP-2SpClgHtg-VFDStdMtr,631034.9724139504
Com,Htl,Ex,cDXOH,CZ15,Whole Building,2009,,,NE-HV_AirDist-SupFanMtr-cDXOH-2SpClgHtg-Cnst,684985.481229105
Com,Htl,Ex,cDXOH,CZ15,Whole Building,2009,,,NE-HV_AirDist-SupFanMtr-cDXOH-2SpClgHtg-VFDExMtr,628599.012566822
Com,Htl,Ex,cDXOH,CZ15,Whole Building,2009,,,NE-HV_AirDist-SupFanMtr-cDXOH-2SpClgHtg-VFDPMMtr,625943.531185387
Com,Htl,Ex,cDXOH,CZ15,Whole Building,2009,,,NE-HV_AirDist-SupFanMtr-cDXOH-2SpClgHtg-VFDStdMtr,627709.485458705
Com,Htl,Ex,cDXGF,CZ16,Whole Building,2009,,,NE-HV_AirDist-SupFanMtr-cDXGF-2SpClgHtg-Cnst,490137.5098464873
Com,Htl,Ex,cDXGF,CZ16,Whole Building,2009,,,NE-HV_AirDist-SupFanMtr-cDXGF-2SpClgHtg-VFDExMtr,418614.3209964871
Com,Htl,Ex,cDXGF,CZ16,Whole Building,2009,,,NE-HV_AirDist-SupFanMtr-cDXGF-2SpClgHtg-VFDPMMtr,415790.99711159634
Com,Htl,Ex,cDXGF,CZ16,Whole Building,2009,,,NE-HV_AirDist-SupFanMtr-cDXGF-2SpClgHtg-VFDStdMtr,417726.59574333037
Com,Htl,Ex,cDXHP,CZ16,Whole Building,2009,,,NE-HV_AirDist-SupFanMtr-cDXHP-2SpClgHtg-Cnst,501700.88443541434
Com,Htl,Ex,cDXHP,CZ16,Whole Building,2009,,,NE-HV_AirDist-SupFanMtr-cDXHP-2SpClgHtg-VFDExMtr,430518.7034635962
Com,Htl,Ex,cDXHP,CZ16,Whole Building,2009,,,NE-HV_AirDist-SupFanMtr-cDXHP-2SpClgHtg-VFDPMMtr,427819.52283422934
Com,Htl,Ex,cDXHP,CZ16,Whole Building,2009,,,NE-HV_AirDist-SupFanMtr-cDXHP-2SpClgHtg-VFDStdMtr,429650.4296042173
Com,Htl,Ex,cDXOH,CZ16,Whole Building,2009,,,NE-HV_AirDist-SupFanMtr-cDXOH-2SpClgHtg-Cnst,490286.2201097697
Com,Htl,Ex,cDXOH,CZ16,Whole Building,2009,,,NE-HV_AirDist-SupFanMtr-cDXOH-2SpClgHtg-VFDExMtr,434687.537238038
Com,Htl,Ex,cDXOH,CZ16,Whole Building,2009,,,NE-HV_AirDist-SupFanMtr-cDXOH-2SpClgHtg-VFDPMMtr,432652.6818512403
Com,Htl,Ex,cDXOH,CZ16,Whole Building,2009,,,NE-HV_AirDist-SupFanMtr-cDXOH-2SpClgHtg-VFDStdMtr,434039.7102070259
Com,MBT,Ex,cDXGF,CZ01,Whole Building,2009,,,NE-HV_AirDist-SupFanMtr-cDXGF-2SpClgHtg-Cnst,3096412.320719472
Com,MBT,Ex,cDXGF,CZ01,Whole Building,2009,,,NE-HV_AirDist-SupFanMtr-cDXGF-2SpClgHtg-VFDExMtr,2899940.514695494
Com,MBT,Ex,cDXGF,CZ01,Whole Building,2009,,,NE-HV_AirDist-SupFanMtr-cDXGF-2SpClgHtg-VFDPMMtr,2893597.0607654545
Com,MBT,Ex,cDXGF,CZ01,Whole Building,2009,,,NE-HV_AirDist-SupFanMtr-cDXGF-2SpClgHtg-VFDStdMtr,2898117.3784468938
Com,MBT,Ex,cDXHP,CZ01,Whole Building,2009,,,NE-HV_AirDist-SupFanMtr-cDXHP-2SpClgHtg-Cnst,3133034.564022147
Com,MBT,Ex,cDXHP,CZ01,Whole Building,2009,,,NE-HV_AirDist-SupFanMtr-cDXHP-2SpClgHtg-VFDExMtr,2939203.5111407912
Com,MBT,Ex,cDXHP,CZ01,Whole Building,2009,,,NE-HV_AirDist-SupFanMtr-cDXHP-2SpClgHtg-VFDPMMtr,2933450.62266759
Com,MBT,Ex,cDXHP,CZ01,Whole Building,2009,,,NE-HV_AirDist-SupFanMtr-cDXHP-2SpClgHtg-VFDStdMtr,2937559.319220805
Com,MBT,Ex,cDXOH,CZ01,Whole Building,2009,,,NE-HV_AirDist-SupFanMtr-cDXOH-2SpClgHtg-Cnst,3097952.1543678693
Com,MBT,Ex,cDXOH,CZ01,Whole Building,2009,,,NE-HV_AirDist-SupFanMtr-cDXOH-2SpClgHtg-VFDExMtr,2958317.996156177
Com,MBT,Ex,cDXOH,CZ01,Whole Building,2009,,,NE-HV_AirDist-SupFanMtr-cDXOH-2SpClgHtg-VFDPMMtr,2954417.2946905135
Com,MBT,Ex,cDXOH,CZ01,Whole Building,2009,,,NE-HV_AirDist-SupFanMtr-cDXOH-2SpClgHtg-VFDStdMtr,2957371.3846659847
Com,MBT,Ex,cDXGF,CZ02,Whole Building,2009,,,NE-HV_AirDist-SupFanMtr-cDXGF-2SpClgHtg-Cnst,3356135.476424787
Com,MBT,Ex,cDXGF,CZ02,Whole Building,2009,,,NE-HV_AirDist-SupFanMtr-cDXGF-2SpClgHtg-VFDExMtr,3134718.1957367067
Com,MBT,Ex,cDXGF,CZ02,Whole Building,2009,,,NE-HV_AirDist-SupFanMtr-cDXGF-2SpClgHtg-VFDPMMtr,3126481.961366941
Com,MBT,Ex,cDXGF,CZ02,Whole Building,2009,,,NE-HV_AirDist-SupFanMtr-cDXGF-2SpClgHtg-VFDStdMtr,3132203.5064660287
Com,MBT,Ex,cDXHP,CZ02,Whole Building,2009,,,NE-HV_AirDist-SupFanMtr-cDXHP-2SpClgHtg-Cnst,3379379.191793894
Com,MBT,Ex,cDXHP,CZ02,Whole Building,2009,,,NE-HV_AirDist-SupFanMtr-cDXHP-2SpClgHtg-VFDExMtr,3161388.5322434437
Com,MBT,Ex,cDXHP,CZ02,Whole Building,2009,,,NE-HV_AirDist-SupFanMtr-cDXHP-2SpClgHtg-VFDPMMtr,3153450.2056722394
Com,MBT,Ex,cDXHP,CZ02,Whole Building,2009,,,NE-HV_AirDist-SupFanMtr-cDXHP-2SpClgHtg-VFDStdMtr,3158932.9156651124
Com,MBT,Ex,cDXOH,CZ02,Whole Building,2009,,,NE-HV_AirDist-SupFanMtr-cDXOH-2SpClgHtg-Cnst,3354960.891763698
Com,MBT,Ex,cDXOH,CZ02,Whole Building,2009,,,NE-HV_AirDist-SupFanMtr-cDXOH-2SpClgHtg-VFDExMtr,3174057.4062772524
Com,MBT,Ex,cDXOH,CZ02,Whole Building,2009,,,NE-HV_AirDist-SupFanMtr-cDXOH-2SpClgHtg-VFDPMMtr,3167615.8823661054
Com,MBT,Ex,cDXOH,CZ02,Whole Building,2009,,,NE-HV_AirDist-SupFanMtr-cDXOH-2SpClgHtg-VFDStdMtr,3172167.787207966
Com,MBT,Ex,cDXGF,CZ03,Whole Building,2009,,,NE-HV_AirDist-SupFanMtr-cDXGF-2SpClgHtg-Cnst,3194055.0717886616
Com,MBT,Ex,cDXGF,CZ03,Whole Building,2009,,,NE-HV_AirDist-SupFanMtr-cDXGF-2SpClgHtg-VFDExMtr,2987826.6273546517
Com,MBT,Ex,cDXGF,CZ03,Whole Building,2009,,,NE-HV_AirDist-SupFanMtr-cDXGF-2SpClgHtg-VFDPMMtr,2980017.814881694
Com,MBT,Ex,cDXGF,CZ03,Whole Building,2009,,,NE-HV_AirDist-SupFanMtr-cDXGF-2SpClgHtg-VFDStdMtr,2985561.287191788
Com,MBT,Ex,cDXHP,CZ03,Whole Building,2009,,,NE-HV_AirDist-SupFanMtr-cDXHP-2SpClgHtg-Cnst,3208215.996737852
Com,MBT,Ex,cDXHP,CZ03,Whole Building,2009,,,NE-HV_AirDist-SupFanMtr-cDXHP-2SpClgHtg-VFDExMtr,3003991.3370857914
Com,MBT,Ex,cDXHP,CZ03,Whole Building,2009,,,NE-HV_AirDist-SupFanMtr-cDXHP-2SpClgHtg-VFDPMMtr,2996451.791928636
Com,MBT,Ex,cDXHP,CZ03,Whole Building,2009,,,NE-HV_AirDist-SupFanMtr-cDXHP-2SpClgHtg-VFDStdMtr,3001803.919916796
Com,MBT,Ex,cDXOH,CZ03,Whole Building,2009,,,NE-HV_AirDist-SupFanMtr-cDXOH-2SpClgHtg-Cnst,3193571.6935691
Com,MBT,Ex,cDXOH,CZ03,Whole Building,2009,,,NE-HV_AirDist-SupFanMtr-cDXOH-2SpClgHtg-VFDExMtr,3014098.8403765014
Com,MBT,Ex,cDXOH,CZ03,Whole Building,2009,,,NE-HV_AirDist-SupFanMtr-cDXOH-2SpClgHtg-VFDPMMtr,3007298.679756793
Com,MBT,Ex,cDXOH,CZ03,Whole Building,2009,,,NE-HV_AirDist-SupFanMtr-cDXOH-2SpClgHtg-VFDStdMtr,3012116.398216063
Com,MBT,Ex,cDXGF,CZ04,Whole Building,2009,,,NE-HV_AirDist-SupFanMtr-cDXGF-2SpClgHtg-Cnst,3558981.2230531205
Com,MBT,Ex,cDXGF,CZ04,Whole Building,2009,,,NE-HV_AirDist-SupFanMtr-cDXGF-2SpClgHtg-VFDExMtr,3329444.30075899
Com,MBT,Ex,cDXGF,CZ04,Whole Building,2009,,,NE-HV_AirDist-SupFanMtr-cDXGF-2SpClgHtg-VFDPMMtr,3320456.221661801
Com,MBT,Ex,cDXGF,CZ04,Whole Building,2009,,,NE-HV_AirDist-SupFanMtr-cDXGF-2SpClgHtg-VFDStdMtr,3326687.684093033
Com,MBT,Ex,cDXHP,CZ04,Whole Building,2009,,,NE-HV_AirDist-SupFanMtr-cDXHP-2SpClgHtg-Cnst,3579300.041854593
Com,MBT,Ex,cDXHP,CZ04,Whole Building,2009,,,NE-HV_AirDist-SupFanMtr-cDXHP-2SpClgHtg-VFDExMtr,3352232.987037902
Com,MBT,Ex,cDXHP,CZ04,Whole Building,2009,,,NE-HV_AirDist-SupFanMtr-cDXHP-2SpClgHtg-VFDPMMtr,3343463.6871351684
Com,MBT,Ex,cDXHP,CZ04,Whole Building,2009,,,NE-HV_AirDist-SupFanMtr-cDXHP-2SpClgHtg-VFDStdMtr,3349549.881174481
Com,MBT,Ex,cDXOH,CZ04,Whole Building,2009,,,NE-HV_AirDist-SupFanMtr-cDXOH-2SpClgHtg-Cnst,3555126.0353551847
Com,MBT,Ex,cDXOH,CZ04,Whole Building,2009,,,NE-HV_AirDist-SupFanMtr-cDXOH-2SpClgHtg-VFDExMtr,3364368.802517639
Com,MBT,Ex,cDXOH,CZ04,Whole Building,2009,,,NE-HV_AirDist-SupFanMtr-cDXOH-2SpClgHtg-VFDPMMtr,3357098.4304565187
Com,MBT,Ex,cDXOH,CZ04,Whole Building,2009,,,NE-HV_AirDist-SupFanMtr-cDXOH-2SpClgHtg-VFDStdMtr,3362217.5374324014
Com,MBT,Ex,cDXGF,CZ05,Whole Building,2009,,,NE-HV_AirDist-SupFanMtr-cDXGF-2SpClgHtg-Cnst,3216362.501199948
Com,MBT,Ex,cDXGF,CZ05,Whole Building,2009,,,NE-HV_AirDist-SupFanMtr-cDXGF-2SpClgHtg-VFDExMtr,3002061.2302932264
Com,MBT,Ex,cDXGF,CZ05,Whole Building,2009,,,NE-HV_AirDist-SupFanMtr-cDXGF-2SpClgHtg-VFDPMMtr,2993980.449818459
Com,MBT,Ex,cDXGF,CZ05,Whole Building,2009,,,NE-HV_AirDist-SupFanMtr-cDXGF-2SpClgHtg-VFDStdMtr,2999723.6963494183
Com,MBT,Ex,cDXHP,CZ05,Whole Building,2009,,,NE-HV_AirDist-SupFanMtr-cDXHP-2SpClgHtg-Cnst,3229059.2729999796
Com,MBT,Ex,cDXHP,CZ05,Whole Building,2009,,,NE-HV_AirDist-SupFanMtr-cDXHP-2SpClgHtg-VFDExMtr,3016879.228519019
Com,MBT,Ex,cDXHP,CZ05,Whole Building,2009,,,NE-HV_AirDist-SupFanMtr-cDXHP-2SpClgHtg-VFDPMMtr,3009101.414849187
Com,MBT,Ex,cDXHP,CZ05,Whole Building,2009,,,NE-HV_AirDist-SupFanMtr-cDXHP-2SpClgHtg-VFDStdMtr,3014615.014390585
Com,MBT,Ex,cDXOH,CZ05,Whole Building,2009,,,NE-HV_AirDist-SupFanMtr-cDXOH-2SpClgHtg-Cnst,3215043.2060599267
Com,MBT,Ex,cDXOH,CZ05,Whole Building,2009,,,NE-HV_AirDist-SupFanMtr-cDXOH-2SpClgHtg-VFDExMtr,3026075.7965562413
Com,MBT,Ex,cDXOH,CZ05,Whole Building,2009,,,NE-HV_AirDist-SupFanMtr-cDXOH-2SpClgHtg-VFDPMMtr,3019196.7570190527
Com,MBT,Ex,cDXOH,CZ05,Whole Building,2009,,,NE-HV_AirDist-SupFanMtr-cDXOH-2SpClgHtg-VFDStdMtr,3024145.113672376
Com,MBT,Ex,cDXGF,CZ06,Whole Building,2009,,,NE-HV_AirDist-SupFanMtr-cDXGF-2SpClgHtg-Cnst,3344046.159354708
Com,MBT,Ex,cDXGF,CZ06,Whole Building,2009,,,NE-HV_AirDist-SupFanMtr-cDXGF-2SpClgHtg-VFDExMtr,3136789.695289929
Com,MBT,Ex,cDXGF,CZ06,Whole Building,2009,,,NE-HV_AirDist-SupFanMtr-cDXGF-2SpClgHtg-VFDPMMtr,3127800.8642377383
Com,MBT,Ex,cDXGF,CZ06,Whole Building,2009,,,NE-HV_AirDist-SupFanMtr-cDXGF-2SpClgHtg-VFDStdMtr,3133981.7934386698
Com,MBT,Ex,cDXHP,CZ06,Whole Building,2009,,,NE-HV_AirDist-SupFanMtr-cDXHP-2SpClgHtg-Cnst,3341219.749876959
Com,MBT,Ex,cDXHP,CZ06,Whole Building,2009,,,NE-HV_AirDist-SupFanMtr-cDXHP-2SpClgHtg-VFDExMtr,3138537.189606968
Com,MBT,Ex,cDXHP,CZ06,Whole Building,2009,,,NE-HV_AirDist-SupFanMtr-cDXHP-2SpClgHtg-VFDPMMtr,3129677.0937580843
Com,MBT,Ex,cDXHP,CZ06,Whole Building,2009,,,NE-HV_AirDist-SupFanMtr-cDXHP-2SpClgHtg-VFDStdMtr,3135818.958521847
Com,MBT,Ex,cDXOH,CZ06,Whole Building,2009,,,NE-HV_AirDist-SupFanMtr-cDXOH-2SpClgHtg-Cnst,3341365.294132187
Com,MBT,Ex,cDXOH,CZ06,Whole Building,2009,,,NE-HV_AirDist-SupFanMtr-cDXOH-2SpClgHtg-VFDExMtr,3145484.4211591724
Com,MBT,Ex,cDXOH,CZ06,Whole Building,2009,,,NE-HV_AirDist-SupFanMtr-cDXOH-2SpClgHtg-VFDPMMtr,3136958.7719601905
Com,MBT,Ex,cDXOH,CZ06,Whole Building,2009,,,NE-HV_AirDist-SupFanMtr-cDXOH-2SpClgHtg-VFDStdMtr,3142865.901271116
Com,MBT,Ex,cDXGF,CZ07,Whole Building,2009,,,NE-HV_AirDist-SupFanMtr-cDXGF-2SpClgHtg-Cnst,3368238.1881581508
Com,MBT,Ex,cDXGF,CZ07,Whole Building,2009,,,NE-HV_AirDist-SupFanMtr-cDXGF-2SpClgHtg-VFDExMtr,3159755.206909231
Com,MBT,Ex,cDXGF,CZ07,Whole Building,2009,,,NE-HV_AirDist-SupFanMtr-cDXGF-2SpClgHtg-VFDPMMtr,3150758.2175910226
Com,MBT,Ex,cDXGF,CZ07,Whole Building,2009,,,NE-HV_AirDist-SupFanMtr-cDXGF-2SpClgHtg-VFDStdMtr,3156950.549124975
Com,MBT,Ex,cDXHP,CZ07,Whole Building,2009,,,NE-HV_AirDist-SupFanMtr-cDXHP-2SpClgHtg-Cnst,3365469.6353514274
Com,MBT,Ex,cDXHP,CZ07,Whole Building,2009,,,NE-HV_AirDist-SupFanMtr-cDXHP-2SpClgHtg-VFDExMtr,3161227.6448415066
Com,MBT,Ex,cDXHP,CZ07,Whole Building,2009,,,NE-HV_AirDist-SupFanMtr-cDXHP-2SpClgHtg-VFDPMMtr,3152261.112020551
Com,MBT,Ex,cDXHP,CZ07,Whole Building,2009,,,NE-HV_AirDist-SupFanMtr-cDXHP-2SpClgHtg-VFDStdMtr,3158446.6639102404
Com,MBT,Ex,cDXOH,CZ07,Whole Building,2009,,,NE-HV_AirDist-SupFanMtr-cDXOH-2SpClgHtg-Cnst,3365491.4688259154
Com,MBT,Ex,cDXOH,CZ07,Whole Building,2009,,,NE-HV_AirDist-SupFanMtr-cDXOH-2SpClgHtg-VFDExMtr,3167634.573588508
Com,MBT,Ex,cDXOH,CZ07,Whole Building,2009,,,NE-HV_AirDist-SupFanMtr-cDXOH-2SpClgHtg-VFDPMMtr,3159036.8641811586
Com,MBT,Ex,cDXOH,CZ07,Whole Building,2009,,,NE-HV_AirDist-SupFanMtr-cDXOH-2SpClgHtg-VFDStdMtr,3164990.7628720934
Com,MBT,Ex,cDXGF,CZ08,Whole Building,2009,,,NE-HV_AirDist-SupFanMtr-cDXGF-2SpClgHtg-Cnst,3600840.088556665
Com,MBT,Ex,cDXGF,CZ08,Whole Building,2009,,,NE-HV_AirDist-SupFanMtr-cDXGF-2SpClgHtg-VFDExMtr,3380089.8187704342
Com,MBT,Ex,cDXGF,CZ08,Whole Building,2009,,,NE-HV_AirDist-SupFanMtr-cDXGF-2SpClgHtg-VFDPMMtr,3370492.6974043865
Com,MBT,Ex,cDXGF,CZ08,Whole Building,2009,,,NE-HV_AirDist-SupFanMtr-cDXGF-2SpClgHtg-VFDStdMtr,3377039.701694286
Com,MBT,Ex,cDXHP,CZ08,Whole Building,2009,,,NE-HV_AirDist-SupFanMtr-cDXHP-2SpClgHtg-Cnst,3600407.737199945
Com,MBT,Ex,cDXHP,CZ08,Whole Building,2009,,,NE-HV_AirDist-SupFanMtr-cDXHP-2SpClgHtg-VFDExMtr,3384933.4407084226
Com,MBT,Ex,cDXHP,CZ08,Whole Building,2009,,,NE-HV_AirDist-SupFanMtr-cDXHP-2SpClgHtg-VFDPMMtr,3375387.1110509443
Com,MBT,Ex,cDXHP,CZ08,Whole Building,2009,,,NE-HV_AirDist-SupFanMtr-cDXHP-2SpClgHtg-VFDStdMtr,3381887.418801507
Com,MBT,Ex,cDXOH,CZ08,Whole Building,2009,,,NE-HV_AirDist-SupFanMtr-cDXOH-2SpClgHtg-Cnst,3595805.149735602
Com,MBT,Ex,cDXOH,CZ08,Whole Building,2009,,,NE-HV_AirDist-SupFanMtr-cDXOH-2SpClgHtg-VFDExMtr,3390155.6265678164
Com,MBT,Ex,cDXOH,CZ08,Whole Building,2009,,,NE-HV_AirDist-SupFanMtr-cDXOH-2SpClgHtg-VFDPMMtr,3381159.6947578327
Com,MBT,Ex,cDXOH,CZ08,Whole Building,2009,,,NE-HV_AirDist-SupFanMtr-cDXOH-2SpClgHtg-VFDStdMtr,3387341.4015867063
Com,MBT,Ex,cDXGF,CZ09,Whole Building,2009,,,NE-HV_AirDist-SupFanMtr-cDXGF-2SpClgHtg-Cnst,3611478.977229145
Com,MBT,Ex,cDXGF,CZ09,Whole Building,2009,,,NE-HV_AirDist-SupFanMtr-cDXGF-2SpClgHtg-VFDExMtr,3378176.043626384
Com,MBT,Ex,cDXGF,CZ09,Whole Building,2009,,,NE-HV_AirDist-SupFanMtr-cDXGF-2SpClgHtg-VFDPMMtr,3368327.682046186
Com,MBT,Ex,cDXGF,CZ09,Whole Building,2009,,,NE-HV_AirDist-SupFanMtr-cDXGF-2SpClgHtg-VFDStdMtr,3375069.578060517
Com,MBT,Ex,cDXHP,CZ09,Whole Building,2009,,,NE-HV_AirDist-SupFanMtr-cDXHP-2SpClgHtg-Cnst,3613951.8072839053
Com,MBT,Ex,cDXHP,CZ09,Whole Building,2009,,,NE-HV_AirDist-SupFanMtr-cDXHP-2SpClgHtg-VFDExMtr,3386107.0720832706
Com,MBT,Ex,cDXHP,CZ09,Whole Building,2009,,,NE-HV_AirDist-SupFanMtr-cDXHP-2SpClgHtg-VFDPMMtr,3376287.3984617214
Com,MBT,Ex,cDXHP,CZ09,Whole Building,2009,,,NE-HV_AirDist-SupFanMtr-cDXHP-2SpClgHtg-VFDStdMtr,3382993.8647600375
Com,MBT,Ex,cDXOH,CZ09,Whole Building,2009,,,NE-HV_AirDist-SupFanMtr-cDXOH-2SpClgHtg-Cnst,3606267.6983103743
Com,MBT,Ex,cDXOH,CZ09,Whole Building,2009,,,NE-HV_AirDist-SupFanMtr-cDXOH-2SpClgHtg-VFDExMtr,3390668.7955255886
Com,MBT,Ex,cDXOH,CZ09,Whole Building,2009,,,NE-HV_AirDist-SupFanMtr-cDXOH-2SpClgHtg-VFDPMMtr,3381551.26130276
Com,MBT,Ex,cDXOH,CZ09,Whole Building,2009,,,NE-HV_AirDist-SupFanMtr-cDXOH-2SpClgHtg-VFDStdMtr,3387837.747782191
Com,MBT,Ex,cDXGF,CZ10,Whole Building,2009,,,NE-HV_AirDist-SupFanMtr-cDXGF-2SpClgHtg-Cnst,3707106.993063061
Com,MBT,Ex,cDXGF,CZ10,Whole Building,2009,,,NE-HV_AirDist-SupFanMtr-cDXGF-2SpClgHtg-VFDExMtr,3478980.045625213
Com,MBT,Ex,cDXGF,CZ10,Whole Building,2009,,,NE-HV_AirDist-SupFanMtr-cDXGF-2SpClgHtg-VFDPMMtr,3469465.4775995486
Com,MBT,Ex,cDXGF,CZ10,Whole Building,2009,,,NE-HV_AirDist-SupFanMtr-cDXGF-2SpClgHtg-VFDStdMtr,3475984.1403115736
Com,MBT,Ex,cDXHP,CZ10,Whole Building,2009,,,NE-HV_AirDist-SupFanMtr-cDXHP-2SpClgHtg-Cnst,3710010.2492975798
Com,MBT,Ex,cDXHP,CZ10,Whole Building,2009,,,NE-HV_AirDist-SupFanMtr-cDXHP-2SpClgHtg-VFDExMtr,3485752.0003141575
Com,MBT,Ex,cDXHP,CZ10,Whole Building,2009,,,NE-HV_AirDist-SupFanMtr-cDXHP-2SpClgHtg-VFDPMMtr,3476166.6946920087
Com,MBT,Ex,cDXHP,CZ10,Whole Building,2009,,,NE-HV_AirDist-SupFanMtr-cDXHP-2SpClgHtg-VFDStdMtr,3482756.247240517
Com,MBT,Ex,cDXOH,CZ10,Whole Building,2009,,,NE-HV_AirDist-SupFanMtr-cDXOH-2SpClgHtg-Cnst,3701656.7756500375
Com,MBT,Ex,cDXOH,CZ10,Whole Building,2009,,,NE-HV_AirDist-SupFanMtr-cDXOH-2SpClgHtg-VFDExMtr,3491703.618929395
Com,MBT,Ex,cDXOH,CZ10,Whole Building,2009,,,NE-HV_AirDist-SupFanMtr-cDXOH-2SpClgHtg-VFDPMMtr,3482898.2743866625
Com,MBT,Ex,cDXOH,CZ10,Whole Building,2009,,,NE-HV_AirDist-SupFanMtr-cDXOH-2SpClgHtg-VFDStdMtr,3488934.6918421043
Com,MBT,Ex,cDXGF,CZ11,Whole Building,2009,,,NE-HV_AirDist-SupFanMtr-cDXGF-2SpClgHtg-Cnst,3863341.176850379
Com,MBT,Ex,cDXGF,CZ11,Whole Building,2009,,,NE-HV_AirDist-SupFanMtr-cDXGF-2SpClgHtg-VFDExMtr,3624343.5271895463
Com,MBT,Ex,cDXGF,CZ11,Whole Building,2009,,,NE-HV_AirDist-SupFanMtr-cDXGF-2SpClgHtg-VFDPMMtr,3614820.432644168
Com,MBT,Ex,cDXGF,CZ11,Whole Building,2009,,,NE-HV_AirDist-SupFanMtr-cDXGF-2SpClgHtg-VFDStdMtr,3621320.1317339623
Com,MBT,Ex,cDXHP,CZ11,Whole Building,2009,,,NE-HV_AirDist-SupFanMtr-cDXHP-2SpClgHtg-Cnst,3885051.56567564
Com,MBT,Ex,cDXHP,CZ11,Whole Building,2009,,,NE-HV_AirDist-SupFanMtr-cDXHP-2SpClgHtg-VFDExMtr,3649326.806167341
Com,MBT,Ex,cDXHP,CZ11,Whole Building,2009,,,NE-HV_AirDist-SupFanMtr-cDXHP-2SpClgHtg-VFDPMMtr,3639958.414414805
Com,MBT,Ex,cDXHP,CZ11,Whole Building,2009,,,NE-HV_AirDist-SupFanMtr-cDXHP-2SpClgHtg-VFDStdMtr,3646321.2369311363
Com,MBT,Ex,cDXOH,CZ11,Whole Building,2009,,,NE-HV_AirDist-SupFanMtr-cDXOH-2SpClgHtg-Cnst,3859562.5387594793
Com,MBT,Ex,cDXOH,CZ11,Whole Building,2009,,,NE-HV_AirDist-SupFanMtr-cDXOH-2SpClgHtg-VFDExMtr,3664339.1460825005
Com,MBT,Ex,cDXOH,CZ11,Whole Building,2009,,,NE-HV_AirDist-SupFanMtr-cDXOH-2SpClgHtg-VFDPMMtr,3656551.811257496
Com,MBT,Ex,cDXOH,CZ11,Whole Building,2009,,,NE-HV_AirDist-SupFanMtr-cDXOH-2SpClgHtg-VFDStdMtr,3661884.109718849
Com,MBT,Ex,cDXGF,CZ12,Whole Building,2009,,,NE-HV_AirDist-SupFanMtr-cDXGF-2SpClgHtg-Cnst,3577029.0797736957
Com,MBT,Ex,cDXGF,CZ12,Whole Building,2009,,,NE-HV_AirDist-SupFanMtr-cDXGF-2SpClgHtg-VFDExMtr,3353990.7113103783
Com,MBT,Ex,cDXGF,CZ12,Whole Building,2009,,,NE-HV_AirDist-SupFanMtr-cDXGF-2SpClgHtg-VFDPMMtr,3345117.773309539
Com,MBT,Ex,cDXGF,CZ12,Whole Building,2009,,,NE-HV_AirDist-SupFanMtr-cDXGF-2SpClgHtg-VFDStdMtr,3351189.740035498
Com,MBT,Ex,cDXHP,CZ12,Whole Building,2009,,,NE-HV_AirDist-SupFanMtr-cDXHP-2SpClgHtg-Cnst,3598050.036501177
Com,MBT,Ex,cDXHP,CZ12,Whole Building,2009,,,NE-HV_AirDist-SupFanMtr-cDXHP-2SpClgHtg-VFDExMtr,3378797.5268082814
Com,MBT,Ex,cDXHP,CZ12,Whole Building,2009,,,NE-HV_AirDist-SupFanMtr-cDXHP-2SpClgHtg-VFDPMMtr,3370201.3113850653
Com,MBT,Ex,cDXHP,CZ12,Whole Building,2009,,,NE-HV_AirDist-SupFanMtr-cDXHP-2SpClgHtg-VFDStdMtr,3376078.3034498277
Com,MBT,Ex,cDXOH,CZ12,Whole Building,2009,,,NE-HV_AirDist-SupFanMtr-cDXOH-2SpClgHtg-Cnst,3574766.986330091
Com,MBT,Ex,cDXOH,CZ12,Whole Building,2009,,,NE-HV_AirDist-SupFanMtr-cDXOH-2SpClgHtg-VFDExMtr,3392913.8600595663
Com,MBT,Ex,cDXOH,CZ12,Whole Building,2009,,,NE-HV_AirDist-SupFanMtr-cDXOH-2SpClgHtg-VFDPMMtr,3385732.214589949
Com,MBT,Ex,cDXOH,CZ12,Whole Building,2009,,,NE-HV_AirDist-SupFanMtr-cDXOH-2SpClgHtg-VFDStdMtr,3390692.4962795028
Com,MBT,Ex,cDXGF,CZ13,Whole Building,2009,,,NE-HV_AirDist-SupFanMtr-cDXGF-2SpClgHtg-Cnst,3923715.8983514
Com,MBT,Ex,cDXGF,CZ13,Whole Building,2009,,,NE-HV_AirDist-SupFanMtr-cDXGF-2SpClgHtg-VFDExMtr,3685861.3799066055
Com,MBT,Ex,cDXGF,CZ13,Whole Building,2009,,,NE-HV_AirDist-SupFanMtr-cDXGF-2SpClgHtg-VFDPMMtr,3676215.206951081
Com,MBT,Ex,cDXGF,CZ13,Whole Building,2009,,,NE-HV_AirDist-SupFanMtr-cDXGF-2SpClgHtg-VFDStdMtr,3682732.9088489516
Com,MBT,Ex,cDXHP,CZ13,Whole Building,2009,,,NE-HV_AirDist-SupFanMtr-cDXHP-2SpClgHtg-Cnst,3941934.8162130467
Com,MBT,Ex,cDXHP,CZ13,Whole Building,2009,,,NE-HV_AirDist-SupFanMtr-cDXHP-2SpClgHtg-VFDExMtr,3708761.095576163
Com,MBT,Ex,cDXHP,CZ13,Whole Building,2009,,,NE-HV_AirDist-SupFanMtr-cDXHP-2SpClgHtg-VFDPMMtr,3699248.5017116806
Com,MBT,Ex,cDXHP,CZ13,Whole Building,2009,,,NE-HV_AirDist-SupFanMtr-cDXHP-2SpClgHtg-VFDStdMtr,3705659.883392762
Com,MBT,Ex,cDXOH,CZ13,Whole Building,2009,,,NE-HV_AirDist-SupFanMtr-cDXOH-2SpClgHtg-Cnst,3918819.632101114
Com,MBT,Ex,cDXOH,CZ13,Whole Building,2009,,,NE-HV_AirDist-SupFanMtr-cDXOH-2SpClgHtg-VFDExMtr,3720666.1380311777
Com,MBT,Ex,cDXOH,CZ13,Whole Building,2009,,,NE-HV_AirDist-SupFanMtr-cDXOH-2SpClgHtg-VFDPMMtr,3712535.302467216
Com,MBT,Ex,cDXOH,CZ13,Whole Building,2009,,,NE-HV_AirDist-SupFanMtr-cDXOH-2SpClgHtg-VFDStdMtr,3718041.217854697
Com,MBT,Ex,cDXGF,CZ14,Whole Building,2009,,,NE-HV_AirDist-SupFanMtr-cDXGF-2SpClgHtg-Cnst,3801805.8281608727
Com,MBT,Ex,cDXGF,CZ14,Whole Building,2009,,,NE-HV_AirDist-SupFanMtr-cDXGF-2SpClgHtg-VFDExMtr,3554883.852304977
Com,MBT,Ex,cDXGF,CZ14,Whole Building,2009,,,NE-HV_AirDist-SupFanMtr-cDXGF-2SpClgHtg-VFDPMMtr,3544951.7103244327
Com,MBT,Ex,cDXGF,CZ14,Whole Building,2009,,,NE-HV_AirDist-SupFanMtr-cDXGF-2SpClgHtg-VFDStdMtr,3551697.9394959607
Com,MBT,Ex,cDXHP,CZ14,Whole Building,2009,,,NE-HV_AirDist-SupFanMtr-cDXHP-2SpClgHtg-Cnst,3822024.926927497
Com,MBT,Ex,cDXHP,CZ14,Whole Building,2009,,,NE-HV_AirDist-SupFanMtr-cDXHP-2SpClgHtg-VFDExMtr,3580123.358002895
Com,MBT,Ex,cDXHP,CZ14,Whole Building,2009,,,NE-HV_AirDist-SupFanMtr-cDXHP-2SpClgHtg-VFDPMMtr,3570174.3176933266
Com,MBT,Ex,cDXHP,CZ14,Whole Building,2009,,,NE-HV_AirDist-SupFanMtr-cDXHP-2SpClgHtg-VFDStdMtr,3576962.1774506313
Com,MBT,Ex,cDXOH,CZ14,Whole Building,2009,,,NE-HV_AirDist-SupFanMtr-cDXOH-2SpClgHtg-Cnst,3796216.9314940586
Com,MBT,Ex,cDXOH,CZ14,Whole Building,2009,,,NE-HV_AirDist-SupFanMtr-cDXOH-2SpClgHtg-VFDExMtr,3590096.902788076
Com,MBT,Ex,cDXOH,CZ14,Whole Building,2009,,,NE-HV_AirDist-SupFanMtr-cDXOH-2SpClgHtg-VFDPMMtr,3581706.512820692
Com,MBT,Ex,cDXOH,CZ14,Whole Building,2009,,,NE-HV_AirDist-SupFanMtr-cDXOH-2SpClgHtg-VFDStdMtr,3587470.436261523
Com,MBT,Ex,cDXGF,CZ15,Whole Building,2009,,,NE-HV_AirDist-SupFanMtr-cDXGF-2SpClgHtg-Cnst,4671849.733213646
Com,MBT,Ex,cDXGF,CZ15,Whole Building,2009,,,NE-HV_AirDist-SupFanMtr-cDXGF-2SpClgHtg-VFDExMtr,4420153.789021393
Com,MBT,Ex,cDXGF,CZ15,Whole Building,2009,,,NE-HV_AirDist-SupFanMtr-cDXGF-2SpClgHtg-VFDPMMtr,4409256.947418029
Com,MBT,Ex,cDXGF,CZ15,Whole Building,2009,,,NE-HV_AirDist-SupFanMtr-cDXGF-2SpClgHtg-VFDStdMtr,4416583.2994290525
Com,MBT,Ex,cDXHP,CZ15,Whole Building,2009,,,NE-HV_AirDist-SupFanMtr-cDXHP-2SpClgHtg-Cnst,4676079.304520016
Com,MBT,Ex,cDXHP,CZ15,Whole Building,2009,,,NE-HV_AirDist-SupFanMtr-cDXHP-2SpClgHtg-VFDExMtr,4435400.500377187
Com,MBT,Ex,cDXHP,CZ15,Whole Building,2009,,,NE-HV_AirDist-SupFanMtr-cDXHP-2SpClgHtg-VFDPMMtr,4424730.830910601
Com,MBT,Ex,cDXHP,CZ15,Whole Building,2009,,,NE-HV_AirDist-SupFanMtr-cDXHP-2SpClgHtg-VFDStdMtr,4431823.663828222
Com,MBT,Ex,cDXOH,CZ15,Whole Building,2009,,,NE-HV_AirDist-SupFanMtr-cDXOH-2SpClgHtg-Cnst,4661308.172750927
Com,MBT,Ex,cDXOH,CZ15,Whole Building,2009,,,NE-HV_AirDist-SupFanMtr-cDXOH-2SpClgHtg-VFDExMtr,4425965.799270044
Com,MBT,Ex,cDXOH,CZ15,Whole Building,2009,,,NE-HV_AirDist-SupFanMtr-cDXOH-2SpClgHtg-VFDPMMtr,4415431.412935889
Com,MBT,Ex,cDXOH,CZ15,Whole Building,2009,,,NE-HV_AirDist-SupFanMtr-cDXOH-2SpClgHtg-VFDStdMtr,4422551.843902727
Com,MBT,Ex,cDXGF,CZ16,Whole Building,2009,,,NE-HV_AirDist-SupFanMtr-cDXGF-2SpClgHtg-Cnst,3160257.55959723
Com,MBT,Ex,cDXGF,CZ16,Whole Building,2009,,,NE-HV_AirDist-SupFanMtr-cDXGF-2SpClgHtg-VFDExMtr,2902738.35112474
Com,MBT,Ex,cDXGF,CZ16,Whole Building,2009,,,NE-HV_AirDist-SupFanMtr-cDXGF-2SpClgHtg-VFDPMMtr,2892797.112842399
Com,MBT,Ex,cDXGF,CZ16,Whole Building,2009,,,NE-HV_AirDist-SupFanMtr-cDXGF-2SpClgHtg-VFDStdMtr,2899633.2881708154
Com,MBT,Ex,cDXHP,CZ16,Whole Building,2009,,,NE-HV_AirDist-SupFanMtr-cDXHP-2SpClgHtg-Cnst,3201914.0811266336
Com,MBT,Ex,cDXHP,CZ16,Whole Building,2009,,,NE-HV_AirDist-SupFanMtr-cDXHP-2SpClgHtg-VFDExMtr,2951211.1046192157
Com,MBT,Ex,cDXHP,CZ16,Whole Building,2009,,,NE-HV_AirDist-SupFanMtr-cDXHP-2SpClgHtg-VFDPMMtr,2941992.5048760786
Com,MBT,Ex,cDXHP,CZ16,Whole Building,2009,,,NE-HV_AirDist-SupFanMtr-cDXHP-2SpClgHtg-VFDStdMtr,2948334.385013993
Com,MBT,Ex,cDXOH,CZ16,Whole Building,2009,,,NE-HV_AirDist-SupFanMtr-cDXOH-2SpClgHtg-Cnst,3167219.6238121274
Com,MBT,Ex,cDXOH,CZ16,Whole Building,2009,,,NE-HV_AirDist-SupFanMtr-cDXOH-2SpClgHtg-VFDExMtr,2974528.092670917
Com,MBT,Ex,cDXOH,CZ16,Whole Building,2009,,,NE-HV_AirDist-SupFanMtr-cDXOH-2SpClgHtg-VFDPMMtr,2967500.4734740946
Com,MBT,Ex,cDXOH,CZ16,Whole Building,2009,,,NE-HV_AirDist-SupFanMtr-cDXOH-2SpClgHtg-VFDStdMtr,2972447.4791368116
Com,MLI,Ex,cDXGF,CZ01,Whole Building,2009,,,NE-HV_AirDist-SupFanMtr-cDXGF-2SpClgHtg-Cnst,875333.9446844575
Com,MLI,Ex,cDXGF,CZ01,Whole Building,2009,,,NE-HV_AirDist-SupFanMtr-cDXGF-2SpClgHtg-VFDExMtr,636412.0064195967
Com,MLI,Ex,cDXGF,CZ01,Whole Building,2009,,,NE-HV_AirDist-SupFanMtr-cDXGF-2SpClgHtg-VFDPMMtr,628658.7616245603
Com,MLI,Ex,cDXGF,CZ01,Whole Building,2009,,,NE-HV_AirDist-SupFanMtr-cDXGF-2SpClgHtg-VFDStdMtr,634136.7059888615
Com,MLI,Ex,cDXHP,CZ01,Whole Building,2009,,,NE-HV_AirDist-SupFanMtr-cDXHP-2SpClgHtg-Cnst,923631.3658214324
Com,MLI,Ex,cDXHP,CZ01,Whole Building,2009,,,NE-HV_AirDist-SupFanMtr-cDXHP-2SpClgHtg-VFDExMtr,697557.4962832659
Com,MLI,Ex,cDXHP,CZ01,Whole Building,2009,,,NE-HV_AirDist-SupFanMtr-cDXHP-2SpClgHtg-VFDPMMtr,690745.5176942571
Com,MLI,Ex,cDXHP,CZ01,Whole Building,2009,,,NE-HV_AirDist-SupFanMtr-cDXHP-2SpClgHtg-VFDStdMtr,695587.2384250513
Com,MLI,Ex,cDXOH,CZ01,Whole Building,2009,,,NE-HV_AirDist-SupFanMtr-cDXOH-2SpClgHtg-Cnst,885292.7620023777
Com,MLI,Ex,cDXOH,CZ01,Whole Building,2009,,,NE-HV_AirDist-SupFanMtr-cDXOH-2SpClgHtg-VFDExMtr,758655.2965573492
Com,MLI,Ex,cDXOH,CZ01,Whole Building,2009,,,NE-HV_AirDist-SupFanMtr-cDXOH-2SpClgHtg-VFDPMMtr,755543.6180960231
Com,MLI,Ex,cDXOH,CZ01,Whole Building,2009,,,NE-HV_AirDist-SupFanMtr-cDXOH-2SpClgHtg-VFDStdMtr,758037.6231135384
Com,MLI,Ex,cDXGF,CZ02,Whole Building,2009,,,NE-HV_AirDist-SupFanMtr-cDXGF-2SpClgHtg-Cnst,966842.5415993406
Com,MLI,Ex,cDXGF,CZ02,Whole Building,2009,,,NE-HV_AirDist-SupFanMtr-cDXGF-2SpClgHtg-VFDExMtr,713189.874925252
Com,MLI,Ex,cDXGF,CZ02,Whole Building,2009,,,NE-HV_AirDist-SupFanMtr-cDXGF-2SpClgHtg-VFDPMMtr,704038.2452328162
Com,MLI,Ex,cDXGF,CZ02,Whole Building,2009,,,NE-HV_AirDist-SupFanMtr-cDXGF-2SpClgHtg-VFDStdMtr,710441.7057473651
Com,MLI,Ex,cDXHP,CZ02,Whole Building,2009,,,NE-HV_AirDist-SupFanMtr-cDXHP-2SpClgHtg-Cnst,1000095.661329073
Com,MLI,Ex,cDXHP,CZ02,Whole Building,2009,,,NE-HV_AirDist-SupFanMtr-cDXHP-2SpClgHtg-VFDExMtr,754957.7096975347
Com,MLI,Ex,cDXHP,CZ02,Whole Building,2009,,,NE-HV_AirDist-SupFanMtr-cDXHP-2SpClgHtg-VFDPMMtr,746409.5844119602
Com,MLI,Ex,cDXHP,CZ02,Whole Building,2009,,,NE-HV_AirDist-SupFanMtr-cDXHP-2SpClgHtg-VFDStdMtr,752399.2592782221
Com,MLI,Ex,cDXOH,CZ02,Whole Building,2009,,,NE-HV_AirDist-SupFanMtr-cDXOH-2SpClgHtg-Cnst,970719.4516388302
Com,MLI,Ex,cDXOH,CZ02,Whole Building,2009,,,NE-HV_AirDist-SupFanMtr-cDXOH-2SpClgHtg-VFDExMtr,791195.9192086151
Com,MLI,Ex,cDXOH,CZ02,Whole Building,2009,,,NE-HV_AirDist-SupFanMtr-cDXOH-2SpClgHtg-VFDPMMtr,785228.5900545092
Com,MLI,Ex,cDXOH,CZ02,Whole Building,2009,,,NE-HV_AirDist-SupFanMtr-cDXOH-2SpClgHtg-VFDStdMtr,789544.8647331663
Com,MLI,Ex,cDXGF,CZ03,Whole Building,2009,,,NE-HV_AirDist-SupFanMtr-cDXGF-2SpClgHtg-Cnst,901727.5326005829
Com,MLI,Ex,cDXGF,CZ03,Whole Building,2009,,,NE-HV_AirDist-SupFanMtr-cDXGF-2SpClgHtg-VFDExMtr,655156.8806854779
Com,MLI,Ex,cDXGF,CZ03,Whole Building,2009,,,NE-HV_AirDist-SupFanMtr-cDXGF-2SpClgHtg-VFDPMMtr,646630.4702539969
Com,MLI,Ex,cDXGF,CZ03,Whole Building,2009,,,NE-HV_AirDist-SupFanMtr-cDXGF-2SpClgHtg-VFDStdMtr,652686.4787307042
Com,MLI,Ex,cDXHP,CZ03,Whole Building,2009,,,NE-HV_AirDist-SupFanMtr-cDXHP-2SpClgHtg-Cnst,922149.4672824366
Com,MLI,Ex,cDXHP,CZ03,Whole Building,2009,,,NE-HV_AirDist-SupFanMtr-cDXHP-2SpClgHtg-VFDExMtr,683394.5608906791
Com,MLI,Ex,cDXHP,CZ03,Whole Building,2009,,,NE-HV_AirDist-SupFanMtr-cDXHP-2SpClgHtg-VFDPMMtr,675402.6206802313
Com,MLI,Ex,cDXHP,CZ03,Whole Building,2009,,,NE-HV_AirDist-SupFanMtr-cDXHP-2SpClgHtg-VFDStdMtr,681095.7757951475
Com,MLI,Ex,cDXOH,CZ03,Whole Building,2009,,,NE-HV_AirDist-SupFanMtr-cDXOH-2SpClgHtg-Cnst,903442.5818238027
Com,MLI,Ex,cDXOH,CZ03,Whole Building,2009,,,NE-HV_AirDist-SupFanMtr-cDXOH-2SpClgHtg-VFDExMtr,713780.2282317574
Com,MLI,Ex,cDXOH,CZ03,Whole Building,2009,,,NE-HV_AirDist-SupFanMtr-cDXOH-2SpClgHtg-VFDPMMtr,707600.3112551045
Com,MLI,Ex,cDXOH,CZ03,Whole Building,2009,,,NE-HV_AirDist-SupFanMtr-cDXOH-2SpClgHtg-VFDStdMtr,712145.9604021107
Com,MLI,Ex,cDXGF,CZ04,Whole Building,2009,,,NE-HV_AirDist-SupFanMtr-cDXGF-2SpClgHtg-Cnst,1042271.1661235156
Com,MLI,Ex,cDXGF,CZ04,Whole Building,2009,,,NE-HV_AirDist-SupFanMtr-cDXGF-2SpClgHtg-VFDExMtr,777938.495080823
Com,MLI,Ex,cDXGF,CZ04,Whole Building,2009,,,NE-HV_AirDist-SupFanMtr-cDXGF-2SpClgHtg-VFDPMMtr,768117.0835491385
Com,MLI,Ex,cDXGF,CZ04,Whole Building,2009,,,NE-HV_AirDist-SupFanMtr-cDXGF-2SpClgHtg-VFDStdMtr,774938.8992411089
Com,MLI,Ex,cDXHP,CZ04,Whole Building,2009,,,NE-HV_AirDist-SupFanMtr-cDXHP-2SpClgHtg-Cnst,1071637.1808580435
Com,MLI,Ex,cDXHP,CZ04,Whole Building,2009,,,NE-HV_AirDist-SupFanMtr-cDXHP-2SpClgHtg-VFDExMtr,813629.3292134645
Com,MLI,Ex,cDXHP,CZ04,Whole Building,2009,,,NE-HV_AirDist-SupFanMtr-cDXHP-2SpClgHtg-VFDPMMtr,804177.4139792192
Com,MLI,Ex,cDXHP,CZ04,Whole Building,2009,,,NE-HV_AirDist-SupFanMtr-cDXHP-2SpClgHtg-VFDStdMtr,810739.3744292643
Com,MLI,Ex,cDXOH,CZ04,Whole Building,2009,,,NE-HV_AirDist-SupFanMtr-cDXOH-2SpClgHtg-Cnst,1041912.7895124941
Com,MLI,Ex,cDXOH,CZ04,Whole Building,2009,,,NE-HV_AirDist-SupFanMtr-cDXOH-2SpClgHtg-VFDExMtr,844630.0715526375
Com,MLI,Ex,cDXOH,CZ04,Whole Building,2009,,,NE-HV_AirDist-SupFanMtr-cDXOH-2SpClgHtg-VFDPMMtr,837490.2350694847
Com,MLI,Ex,cDXOH,CZ04,Whole Building,2009,,,NE-HV_AirDist-SupFanMtr-cDXOH-2SpClgHtg-VFDStdMtr,842560.0599212972
Com,MLI,Ex,cDXGF,CZ05,Whole Building,2009,,,NE-HV_AirDist-SupFanMtr-cDXGF-2SpClgHtg-Cnst,919276.6233358604
Com,MLI,Ex,cDXGF,CZ05,Whole Building,2009,,,NE-HV_AirDist-SupFanMtr-cDXGF-2SpClgHtg-VFDExMtr,667919.7106932357
Com,MLI,Ex,cDXGF,CZ05,Whole Building,2009,,,NE-HV_AirDist-SupFanMtr-cDXGF-2SpClgHtg-VFDPMMtr,659075.7126662269
Com,MLI,Ex,cDXGF,CZ05,Whole Building,2009,,,NE-HV_AirDist-SupFanMtr-cDXGF-2SpClgHtg-VFDStdMtr,665368.1569297382
Com,MLI,Ex,cDXHP,CZ05,Whole Building,2009,,,NE-HV_AirDist-SupFanMtr-cDXHP-2SpClgHtg-Cnst,938132.9614744334
Com,MLI,Ex,cDXHP,CZ05,Whole Building,2009,,,NE-HV_AirDist-SupFanMtr-cDXHP-2SpClgHtg-VFDExMtr,695132.1653337562
Com,MLI,Ex,cDXHP,CZ05,Whole Building,2009,,,NE-HV_AirDist-SupFanMtr-cDXHP-2SpClgHtg-VFDPMMtr,686856.6477297797
Com,MLI,Ex,cDXHP,CZ05,Whole Building,2009,,,NE-HV_AirDist-SupFanMtr-cDXHP-2SpClgHtg-VFDStdMtr,692763.8822812026
Com,MLI,Ex,cDXOH,CZ05,Whole Building,2009,,,NE-HV_AirDist-SupFanMtr-cDXOH-2SpClgHtg-Cnst,919386.2241451993
Com,MLI,Ex,cDXOH,CZ05,Whole Building,2009,,,NE-HV_AirDist-SupFanMtr-cDXOH-2SpClgHtg-VFDExMtr,723808.6586252099
Com,MLI,Ex,cDXOH,CZ05,Whole Building,2009,,,NE-HV_AirDist-SupFanMtr-cDXOH-2SpClgHtg-VFDPMMtr,717374.4579946145
Com,MLI,Ex,cDXOH,CZ05,Whole Building,2009,,,NE-HV_AirDist-SupFanMtr-cDXOH-2SpClgHtg-VFDStdMtr,722225.2913749054
Com,MLI,Ex,cDXGF,CZ06,Whole Building,2009,,,NE-HV_AirDist-SupFanMtr-cDXGF-2SpClgHtg-Cnst,972520.171076551
Com,MLI,Ex,cDXGF,CZ06,Whole Building,2009,,,NE-HV_AirDist-SupFanMtr-cDXGF-2SpClgHtg-VFDExMtr,718462.4870974174
Com,MLI,Ex,cDXGF,CZ06,Whole Building,2009,,,NE-HV_AirDist-SupFanMtr-cDXGF-2SpClgHtg-VFDPMMtr,708416.1073594525
Com,MLI,Ex,cDXGF,CZ06,Whole Building,2009,,,NE-HV_AirDist-SupFanMtr-cDXGF-2SpClgHtg-VFDStdMtr,715650.6634183401
Com,MLI,Ex,cDXHP,CZ06,Whole Building,2009,,,NE-HV_AirDist-SupFanMtr-cDXHP-2SpClgHtg-Cnst,972517.4767379462
Com,MLI,Ex,cDXHP,CZ06,Whole Building,2009,,,NE-HV_AirDist-SupFanMtr-cDXHP-2SpClgHtg-VFDExMtr,725317.8452677585
Com,MLI,Ex,cDXHP,CZ06,Whole Building,2009,,,NE-HV_AirDist-SupFanMtr-cDXHP-2SpClgHtg-VFDPMMtr,715610.9169389867
Com,MLI,Ex,cDXHP,CZ06,Whole Building,2009,,,NE-HV_AirDist-SupFanMtr-cDXHP-2SpClgHtg-VFDStdMtr,722480.931291519
Com,MLI,Ex,cDXOH,CZ06,Whole Building,2009,,,NE-HV_AirDist-SupFanMtr-cDXOH-2SpClgHtg-Cnst,970018.0293757527
Com,MLI,Ex,cDXOH,CZ06,Whole Building,2009,,,NE-HV_AirDist-SupFanMtr-cDXOH-2SpClgHtg-VFDExMtr,738250.3787704161
Com,MLI,Ex,cDXOH,CZ06,Whole Building,2009,,,NE-HV_AirDist-SupFanMtr-cDXOH-2SpClgHtg-VFDPMMtr,729114.0228962845
Com,MLI,Ex,cDXOH,CZ06,Whole Building,2009,,,NE-HV_AirDist-SupFanMtr-cDXOH-2SpClgHtg-VFDStdMtr,735706.0216313796
Com,MLI,Ex,cDXGF,CZ07,Whole Building,2009,,,NE-HV_AirDist-SupFanMtr-cDXGF-2SpClgHtg-Cnst,986904.7409358125
Com,MLI,Ex,cDXGF,CZ07,Whole Building,2009,,,NE-HV_AirDist-SupFanMtr-cDXGF-2SpClgHtg-VFDExMtr,730506.5783598793
Com,MLI,Ex,cDXGF,CZ07,Whole Building,2009,,,NE-HV_AirDist-SupFanMtr-cDXGF-2SpClgHtg-VFDPMMtr,720391.6594837684
Com,MLI,Ex,cDXGF,CZ07,Whole Building,2009,,,NE-HV_AirDist-SupFanMtr-cDXGF-2SpClgHtg-VFDStdMtr,727473.5215601602
Com,MLI,Ex,cDXHP,CZ07,Whole Building,2009,,,NE-HV_AirDist-SupFanMtr-cDXHP-2SpClgHtg-Cnst,988055.1707876752
Com,MLI,Ex,cDXHP,CZ07,Whole Building,2009,,,NE-HV_AirDist-SupFanMtr-cDXHP-2SpClgHtg-VFDExMtr,737114.7737523242
Com,MLI,Ex,cDXHP,CZ07,Whole Building,2009,,,NE-HV_AirDist-SupFanMtr-cDXHP-2SpClgHtg-VFDPMMtr,727263.8873924795
Com,MLI,Ex,cDXHP,CZ07,Whole Building,2009,,,NE-HV_AirDist-SupFanMtr-cDXHP-2SpClgHtg-VFDStdMtr,734174.6631479424
Com,MLI,Ex,cDXOH,CZ07,Whole Building,2009,,,NE-HV_AirDist-SupFanMtr-cDXOH-2SpClgHtg-Cnst,985407.6037474704
Com,MLI,Ex,cDXOH,CZ07,Whole Building,2009,,,NE-HV_AirDist-SupFanMtr-cDXOH-2SpClgHtg-VFDExMtr,748355.8786783888
Com,MLI,Ex,cDXOH,CZ07,Whole Building,2009,,,NE-HV_AirDist-SupFanMtr-cDXOH-2SpClgHtg-VFDPMMtr,738897.8834417408
Com,MLI,Ex,cDXOH,CZ07,Whole Building,2009,,,NE-HV_AirDist-SupFanMtr-cDXOH-2SpClgHtg-VFDStdMtr,745634.6317781901
Com,MLI,Ex,cDXGF,CZ08,Whole Building,2009,,,NE-HV_AirDist-SupFanMtr-cDXGF-2SpClgHtg-Cnst,1062298.4212883597
Com,MLI,Ex,cDXGF,CZ08,Whole Building,2009,,,NE-HV_AirDist-SupFanMtr-cDXGF-2SpClgHtg-VFDExMtr,805276.7395105035
Com,MLI,Ex,cDXGF,CZ08,Whole Building,2009,,,NE-HV_AirDist-SupFanMtr-cDXGF-2SpClgHtg-VFDPMMtr,794836.115862493
Com,MLI,Ex,cDXGF,CZ08,Whole Building,2009,,,NE-HV_AirDist-SupFanMtr-cDXGF-2SpClgHtg-VFDStdMtr,802069.1557704825
Com,MLI,Ex,cDXHP,CZ08,Whole Building,2009,,,NE-HV_AirDist-SupFanMtr-cDXHP-2SpClgHtg-Cnst,1062156.848381285
Com,MLI,Ex,cDXHP,CZ08,Whole Building,2009,,,NE-HV_AirDist-SupFanMtr-cDXHP-2SpClgHtg-VFDExMtr,811382.1775818233
Com,MLI,Ex,cDXHP,CZ08,Whole Building,2009,,,NE-HV_AirDist-SupFanMtr-cDXHP-2SpClgHtg-VFDPMMtr,801064.1528593864
Com,MLI,Ex,cDXHP,CZ08,Whole Building,2009,,,NE-HV_AirDist-SupFanMtr-cDXHP-2SpClgHtg-VFDStdMtr,808175.6497343193
Com,MLI,Ex,cDXOH,CZ08,Whole Building,2009,,,NE-HV_AirDist-SupFanMtr-cDXOH-2SpClgHtg-Cnst,1056814.8869122996
Com,MLI,Ex,cDXOH,CZ08,Whole Building,2009,,,NE-HV_AirDist-SupFanMtr-cDXOH-2SpClgHtg-VFDExMtr,828582.7002570102
Com,MLI,Ex,cDXOH,CZ08,Whole Building,2009,,,NE-HV_AirDist-SupFanMtr-cDXOH-2SpClgHtg-VFDPMMtr,819190.9745582617
Com,MLI,Ex,cDXOH,CZ08,Whole Building,2009,,,NE-HV_AirDist-SupFanMtr-cDXOH-2SpClgHtg-VFDStdMtr,825979.2435591419
Com,MLI,Ex,cDXGF,CZ09,Whole Building,2009,,,NE-HV_AirDist-SupFanMtr-cDXGF-2SpClgHtg-Cnst,1072753.9856498938
Com,MLI,Ex,cDXGF,CZ09,Whole Building,2009,,,NE-HV_AirDist-SupFanMtr-cDXGF-2SpClgHtg-VFDExMtr,807563.6178361365
Com,MLI,Ex,cDXGF,CZ09,Whole Building,2009,,,NE-HV_AirDist-SupFanMtr-cDXGF-2SpClgHtg-VFDPMMtr,797060.7843289308
Com,MLI,Ex,cDXGF,CZ09,Whole Building,2009,,,NE-HV_AirDist-SupFanMtr-cDXGF-2SpClgHtg-VFDStdMtr,804326.8147754167
Com,MLI,Ex,cDXHP,CZ09,Whole Building,2009,,,NE-HV_AirDist-SupFanMtr-cDXHP-2SpClgHtg-Cnst,1076894.7638421801
Com,MLI,Ex,cDXHP,CZ09,Whole Building,2009,,,NE-HV_AirDist-SupFanMtr-cDXHP-2SpClgHtg-VFDExMtr,818563.9272380425
Com,MLI,Ex,cDXHP,CZ09,Whole Building,2009,,,NE-HV_AirDist-SupFanMtr-cDXHP-2SpClgHtg-VFDPMMtr,808019.9342728583
Com,MLI,Ex,cDXHP,CZ09,Whole Building,2009,,,NE-HV_AirDist-SupFanMtr-cDXHP-2SpClgHtg-VFDStdMtr,815391.9493888858
Com,MLI,Ex,cDXOH,CZ09,Whole Building,2009,,,NE-HV_AirDist-SupFanMtr-cDXOH-2SpClgHtg-Cnst,1068250.7520854995
Com,MLI,Ex,cDXOH,CZ09,Whole Building,2009,,,NE-HV_AirDist-SupFanMtr-cDXOH-2SpClgHtg-VFDExMtr,836060.5484731584
Com,MLI,Ex,cDXOH,CZ09,Whole Building,2009,,,NE-HV_AirDist-SupFanMtr-cDXOH-2SpClgHtg-VFDPMMtr,826848.7799235064
Com,MLI,Ex,cDXOH,CZ09,Whole Building,2009,,,NE-HV_AirDist-SupFanMtr-cDXOH-2SpClgHtg-VFDStdMtr,833288.9469106614
Com,MLI,Ex,cDXGF,CZ10,Whole Building,2009,,,NE-HV_AirDist-SupFanMtr-cDXGF-2SpClgHtg-Cnst,1090089.2368124945
Com,MLI,Ex,cDXGF,CZ10,Whole Building,2009,,,NE-HV_AirDist-SupFanMtr-cDXGF-2SpClgHtg-VFDExMtr,828269.7169322757
Com,MLI,Ex,cDXGF,CZ10,Whole Building,2009,,,NE-HV_AirDist-SupFanMtr-cDXGF-2SpClgHtg-VFDPMMtr,817816.3406280068
Com,MLI,Ex,cDXGF,CZ10,Whole Building,2009,,,NE-HV_AirDist-SupFanMtr-cDXGF-2SpClgHtg-VFDStdMtr,825076.5010403842
Com,MLI,Ex,cDXHP,CZ10,Whole Building,2009,,,NE-HV_AirDist-SupFanMtr-cDXHP-2SpClgHtg-Cnst,1094505.6929595878
Com,MLI,Ex,cDXHP,CZ10,Whole Building,2009,,,NE-HV_AirDist-SupFanMtr-cDXHP-2SpClgHtg-VFDExMtr,838028.8305423255
Com,MLI,Ex,cDXHP,CZ10,Whole Building,2009,,,NE-HV_AirDist-SupFanMtr-cDXHP-2SpClgHtg-VFDPMMtr,827763.8444369207
Com,MLI,Ex,cDXHP,CZ10,Whole Building,2009,,,NE-HV_AirDist-SupFanMtr-cDXHP-2SpClgHtg-VFDStdMtr,834909.2025000167
Com,MLI,Ex,cDXOH,CZ10,Whole Building,2009,,,NE-HV_AirDist-SupFanMtr-cDXOH-2SpClgHtg-Cnst,1084867.6762337086
Com,MLI,Ex,cDXOH,CZ10,Whole Building,2009,,,NE-HV_AirDist-SupFanMtr-cDXOH-2SpClgHtg-VFDExMtr,857003.0102240538
Com,MLI,Ex,cDXOH,CZ10,Whole Building,2009,,,NE-HV_AirDist-SupFanMtr-cDXOH-2SpClgHtg-VFDPMMtr,848122.7373664777
Com,MLI,Ex,cDXOH,CZ10,Whole Building,2009,,,NE-HV_AirDist-SupFanMtr-cDXOH-2SpClgHtg-VFDStdMtr,854373.6225186012
Com,MLI,Ex,cDXGF,CZ11,Whole Building,2009,,,NE-HV_AirDist-SupFanMtr-cDXGF-2SpClgHtg-Cnst,1113450.6962220531
Com,MLI,Ex,cDXGF,CZ11,Whole Building,2009,,,NE-HV_AirDist-SupFanMtr-cDXGF-2SpClgHtg-VFDExMtr,852845.3944909797
Com,MLI,Ex,cDXGF,CZ11,Whole Building,2009,,,NE-HV_AirDist-SupFanMtr-cDXGF-2SpClgHtg-VFDPMMtr,842611.2187436478
Com,MLI,Ex,cDXGF,CZ11,Whole Building,2009,,,NE-HV_AirDist-SupFanMtr-cDXGF-2SpClgHtg-VFDStdMtr,849608.0172832169
Com,MLI,Ex,cDXHP,CZ11,Whole Building,2009,,,NE-HV_AirDist-SupFanMtr-cDXHP-2SpClgHtg-Cnst,1144539.448677698
Com,MLI,Ex,cDXHP,CZ11,Whole Building,2009,,,NE-HV_AirDist-SupFanMtr-cDXHP-2SpClgHtg-VFDExMtr,888664.1183862446
Com,MLI,Ex,cDXHP,CZ11,Whole Building,2009,,,NE-HV_AirDist-SupFanMtr-cDXHP-2SpClgHtg-VFDPMMtr,878725.9709488341
Com,MLI,Ex,cDXHP,CZ11,Whole Building,2009,,,NE-HV_AirDist-SupFanMtr-cDXHP-2SpClgHtg-VFDStdMtr,885621.4325692207
Com,MLI,Ex,cDXOH,CZ11,Whole Building,2009,,,NE-HV_AirDist-SupFanMtr-cDXOH-2SpClgHtg-Cnst,1115232.6629575863
Com,MLI,Ex,cDXOH,CZ11,Whole Building,2009,,,NE-HV_AirDist-SupFanMtr-cDXOH-2SpClgHtg-VFDExMtr,924090.935228572
Com,MLI,Ex,cDXOH,CZ11,Whole Building,2009,,,NE-HV_AirDist-SupFanMtr-cDXOH-2SpClgHtg-VFDPMMtr,916556.2259632284
Com,MLI,Ex,cDXOH,CZ11,Whole Building,2009,,,NE-HV_AirDist-SupFanMtr-cDXOH-2SpClgHtg-VFDStdMtr,921827.3984741686
Com,MLI,Ex,cDXGF,CZ12,Whole Building,2009,,,NE-HV_AirDist-SupFanMtr-cDXGF-2SpClgHtg-Cnst,1038861.0829763989
Com,MLI,Ex,cDXGF,CZ12,Whole Building,2009,,,NE-HV_AirDist-SupFanMtr-cDXGF-2SpClgHtg-VFDExMtr,780439.4605266291
Com,MLI,Ex,cDXGF,CZ12,Whole Building,2009,,,NE-HV_AirDist-SupFanMtr-cDXGF-2SpClgHtg-VFDPMMtr,770488.4390586718
Com,MLI,Ex,cDXGF,CZ12,Whole Building,2009,,,NE-HV_AirDist-SupFanMtr-cDXGF-2SpClgHtg-VFDStdMtr,777387.224915647
Com,MLI,Ex,cDXHP,CZ12,Whole Building,2009,,,NE-HV_AirDist-SupFanMtr-cDXHP-2SpClgHtg-Cnst,1067692.623942803
Com,MLI,Ex,cDXHP,CZ12,Whole Building,2009,,,NE-HV_AirDist-SupFanMtr-cDXHP-2SpClgHtg-VFDExMtr,815797.2488045043
Com,MLI,Ex,cDXHP,CZ12,Whole Building,2009,,,NE-HV_AirDist-SupFanMtr-cDXHP-2SpClgHtg-VFDPMMtr,806177.785303843
Com,MLI,Ex,cDXHP,CZ12,Whole Building,2009,,,NE-HV_AirDist-SupFanMtr-cDXHP-2SpClgHtg-VFDStdMtr,812824.5867953902
Com,MLI,Ex,cDXOH,CZ12,Whole Building,2009,,,NE-HV_AirDist-SupFanMtr-cDXOH-2SpClgHtg-Cnst,1042840.9227371372
Com,MLI,Ex,cDXOH,CZ12,Whole Building,2009,,,NE-HV_AirDist-SupFanMtr-cDXOH-2SpClgHtg-VFDExMtr,853191.0489127793
Com,MLI,Ex,cDXOH,CZ12,Whole Building,2009,,,NE-HV_AirDist-SupFanMtr-cDXOH-2SpClgHtg-VFDPMMtr,845813.7404844334
Com,MLI,Ex,cDXOH,CZ12,Whole Building,2009,,,NE-HV_AirDist-SupFanMtr-cDXOH-2SpClgHtg-VFDStdMtr,851052.6029991405
Com,MLI,Ex,cDXGF,CZ13,Whole Building,2009,,,NE-HV_AirDist-SupFanMtr-cDXGF-2SpClgHtg-Cnst,1133811.8551441226
Com,MLI,Ex,cDXGF,CZ13,Whole Building,2009,,,NE-HV_AirDist-SupFanMtr-cDXGF-2SpClgHtg-VFDExMtr,869187.0244039017
Com,MLI,Ex,cDXGF,CZ13,Whole Building,2009,,,NE-HV_AirDist-SupFanMtr-cDXGF-2SpClgHtg-VFDPMMtr,858511.0915254361
Com,MLI,Ex,cDXGF,CZ13,Whole Building,2009,,,NE-HV_AirDist-SupFanMtr-cDXGF-2SpClgHtg-VFDStdMtr,865787.4452338377
Com,MLI,Ex,cDXHP,CZ13,Whole Building,2009,,,NE-HV_AirDist-SupFanMtr-cDXHP-2SpClgHtg-Cnst,1157888.1405693803
Com,MLI,Ex,cDXHP,CZ13,Whole Building,2009,,,NE-HV_AirDist-SupFanMtr-cDXHP-2SpClgHtg-VFDExMtr,899145.5884524266
Com,MLI,Ex,cDXHP,CZ13,Whole Building,2009,,,NE-HV_AirDist-SupFanMtr-cDXHP-2SpClgHtg-VFDPMMtr,888623.6800354182
Com,MLI,Ex,cDXHP,CZ13,Whole Building,2009,,,NE-HV_AirDist-SupFanMtr-cDXHP-2SpClgHtg-VFDStdMtr,895798.2245363613
Com,MLI,Ex,cDXOH,CZ13,Whole Building,2009,,,NE-HV_AirDist-SupFanMtr-cDXOH-2SpClgHtg-Cnst,1133593.8853565436
Com,MLI,Ex,cDXOH,CZ13,Whole Building,2009,,,NE-HV_AirDist-SupFanMtr-cDXOH-2SpClgHtg-VFDExMtr,932570.9144617319
Com,MLI,Ex,cDXOH,CZ13,Whole Building,2009,,,NE-HV_AirDist-SupFanMtr-cDXOH-2SpClgHtg-VFDPMMtr,924092.8560205228
Com,MLI,Ex,cDXOH,CZ13,Whole Building,2009,,,NE-HV_AirDist-SupFanMtr-cDXOH-2SpClgHtg-VFDStdMtr,929962.0090646457
Com,MLI,Ex,cDXGF,CZ14,Whole Building,2009,,,NE-HV_AirDist-SupFanMtr-cDXGF-2SpClgHtg-Cnst,1148004.2538169553
Com,MLI,Ex,cDXGF,CZ14,Whole Building,2009,,,NE-HV_AirDist-SupFanMtr-cDXGF-2SpClgHtg-VFDExMtr,864885.498475447
Com,MLI,Ex,cDXGF,CZ14,Whole Building,2009,,,NE-HV_AirDist-SupFanMtr-cDXGF-2SpClgHtg-VFDPMMtr,853627.1198760895
Com,MLI,Ex,cDXGF,CZ14,Whole Building,2009,,,NE-HV_AirDist-SupFanMtr-cDXGF-2SpClgHtg-VFDStdMtr,861384.8206911292
Com,MLI,Ex,cDXHP,CZ14,Whole Building,2009,,,NE-HV_AirDist-SupFanMtr-cDXHP-2SpClgHtg-Cnst,1176048.7814386277
Com,MLI,Ex,cDXHP,CZ14,Whole Building,2009,,,NE-HV_AirDist-SupFanMtr-cDXHP-2SpClgHtg-VFDExMtr,901469.1924033812
Com,MLI,Ex,cDXHP,CZ14,Whole Building,2009,,,NE-HV_AirDist-SupFanMtr-cDXHP-2SpClgHtg-VFDPMMtr,890429.9504897138
Com,MLI,Ex,cDXHP,CZ14,Whole Building,2009,,,NE-HV_AirDist-SupFanMtr-cDXHP-2SpClgHtg-VFDStdMtr,898040.2529437229
Com,MLI,Ex,cDXOH,CZ14,Whole Building,2009,,,NE-HV_AirDist-SupFanMtr-cDXOH-2SpClgHtg-Cnst,1146532.5729109126
Com,MLI,Ex,cDXOH,CZ14,Whole Building,2009,,,NE-HV_AirDist-SupFanMtr-cDXOH-2SpClgHtg-VFDExMtr,929295.3080275053
Com,MLI,Ex,cDXOH,CZ14,Whole Building,2009,,,NE-HV_AirDist-SupFanMtr-cDXOH-2SpClgHtg-VFDPMMtr,920849.064573645
Com,MLI,Ex,cDXOH,CZ14,Whole Building,2009,,,NE-HV_AirDist-SupFanMtr-cDXOH-2SpClgHtg-VFDStdMtr,926719.7836503618
Com,MLI,Ex,cDXGF,CZ15,Whole Building,2009,,,NE-HV_AirDist-SupFanMtr-cDXGF-2SpClgHtg-Cnst,1338909.1537792
Com,MLI,Ex,cDXGF,CZ15,Whole Building,2009,,,NE-HV_AirDist-SupFanMtr-cDXGF-2SpClgHtg-VFDExMtr,1053941.9656271578
Com,MLI,Ex,cDXGF,CZ15,Whole Building,2009,,,NE-HV_AirDist-SupFanMtr-cDXGF-2SpClgHtg-VFDPMMtr,1041810.135259626
Com,MLI,Ex,cDXGF,CZ15,Whole Building,2009,,,NE-HV_AirDist-SupFanMtr-cDXGF-2SpClgHtg-VFDStdMtr,1050080.5633163943
Com,MLI,Ex,cDXHP,CZ15,Whole Building,2009,,,NE-HV_AirDist-SupFanMtr-cDXHP-2SpClgHtg-Cnst,1342719.5878842988
Com,MLI,Ex,cDXHP,CZ15,Whole Building,2009,,,NE-HV_AirDist-SupFanMtr-cDXHP-2SpClgHtg-VFDExMtr,1070525.306076674
Com,MLI,Ex,cDXHP,CZ15,Whole Building,2009,,,NE-HV_AirDist-SupFanMtr-cDXHP-2SpClgHtg-VFDPMMtr,1058383.503244236
Com,MLI,Ex,cDXHP,CZ15,Whole Building,2009,,,NE-HV_AirDist-SupFanMtr-cDXHP-2SpClgHtg-VFDStdMtr,1066860.0312097205
Com,MLI,Ex,cDXOH,CZ15,Whole Building,2009,,,NE-HV_AirDist-SupFanMtr-cDXOH-2SpClgHtg-Cnst,1328864.2530567558
Com,MLI,Ex,cDXOH,CZ15,Whole Building,2009,,,NE-HV_AirDist-SupFanMtr-cDXOH-2SpClgHtg-VFDExMtr,1068438.169714312
Com,MLI,Ex,cDXOH,CZ15,Whole Building,2009,,,NE-HV_AirDist-SupFanMtr-cDXOH-2SpClgHtg-VFDPMMtr,1057081.0953947715
Com,MLI,Ex,cDXOH,CZ15,Whole Building,2009,,,NE-HV_AirDist-SupFanMtr-cDXOH-2SpClgHtg-VFDStdMtr,1064843.9192577286
Com,MLI,Ex,cDXGF,CZ16,Whole Building,2009,,,NE-HV_AirDist-SupFanMtr-cDXGF-2SpClgHtg-Cnst,1038974.3257408194
Com,MLI,Ex,cDXGF,CZ16,Whole Building,2009,,,NE-HV_AirDist-SupFanMtr-cDXGF-2SpClgHtg-VFDExMtr,742917.5982490786
Com,MLI,Ex,cDXGF,CZ16,Whole Building,2009,,,NE-HV_AirDist-SupFanMtr-cDXGF-2SpClgHtg-VFDPMMtr,731707.1514285457
Com,MLI,Ex,cDXGF,CZ16,Whole Building,2009,,,NE-HV_AirDist-SupFanMtr-cDXGF-2SpClgHtg-VFDStdMtr,739502.3192783119
Com,MLI,Ex,cDXHP,CZ16,Whole Building,2009,,,NE-HV_AirDist-SupFanMtr-cDXHP-2SpClgHtg-Cnst,1093254.6859819854
Com,MLI,Ex,cDXHP,CZ16,Whole Building,2009,,,NE-HV_AirDist-SupFanMtr-cDXHP-2SpClgHtg-VFDExMtr,809246.2272350646
Com,MLI,Ex,cDXHP,CZ16,Whole Building,2009,,,NE-HV_AirDist-SupFanMtr-cDXHP-2SpClgHtg-VFDPMMtr,798709.6011491073
Com,MLI,Ex,cDXHP,CZ16,Whole Building,2009,,,NE-HV_AirDist-SupFanMtr-cDXHP-2SpClgHtg-VFDStdMtr,806170.9461279735
Com,MLI,Ex,cDXOH,CZ16,Whole Building,2009,,,NE-HV_AirDist-SupFanMtr-cDXOH-2SpClgHtg-Cnst,1059017.5442336746
Com,MLI,Ex,cDXOH,CZ16,Whole Building,2009,,,NE-HV_AirDist-SupFanMtr-cDXOH-2SpClgHtg-VFDExMtr,865609.8119893959
Com,MLI,Ex,cDXOH,CZ16,Whole Building,2009,,,NE-HV_AirDist-SupFanMtr-cDXOH-2SpClgHtg-VFDPMMtr,858938.258172888
Com,MLI,Ex,cDXOH,CZ16,Whole Building,2009,,,NE-HV_AirDist-SupFanMtr-cDXOH-2SpClgHtg-VFDStdMtr,863824.6518059918
Com,Nrs,Ex,cDXGF,CZ01,Whole Building,2009,,,NE-HV_AirDist-SupFanMtr-cDXGF-2SpClgHtg-Cnst,642007.304350439
Com,Nrs,Ex,cDXGF,CZ01,Whole Building,2009,,,NE-HV_AirDist-SupFanMtr-cDXGF-2SpClgHtg-VFDExMtr,572630.015977175
Com,Nrs,Ex,cDXGF,CZ01,Whole Building,2009,,,NE-HV_AirDist-SupFanMtr-cDXGF-2SpClgHtg-VFDPMMtr,570319.750742478
Com,Nrs,Ex,cDXGF,CZ01,Whole Building,2009,,,NE-HV_AirDist-SupFanMtr-cDXGF-2SpClgHtg-VFDStdMtr,572013.2989985044
Com,Nrs,Ex,cDXHP,CZ01,Whole Building,2009,,,NE-HV_AirDist-SupFanMtr-cDXHP-2SpClgHtg-Cnst,649358.3339466935
Com,Nrs,Ex,cDXHP,CZ01,Whole Building,2009,,,NE-HV_AirDist-SupFanMtr-cDXHP-2SpClgHtg-VFDExMtr,580460.621209235
Com,Nrs,Ex,cDXHP,CZ01,Whole Building,2009,,,NE-HV_AirDist-SupFanMtr-cDXHP-2SpClgHtg-VFDPMMtr,578262.841788552
Com,Nrs,Ex,cDXHP,CZ01,Whole Building,2009,,,NE-HV_AirDist-SupFanMtr-cDXHP-2SpClgHtg-VFDStdMtr,579912.8662371576
Com,Nrs,Ex,cDXOH,CZ01,Whole Building,2009,,,NE-HV_AirDist-SupFanMtr-cDXOH-2SpClgHtg-Cnst,641921.7624411116
Com,Nrs,Ex,cDXOH,CZ01,Whole Building,2009,,,NE-HV_AirDist-SupFanMtr-cDXOH-2SpClgHtg-VFDExMtr,584241.1246606646
Com,Nrs,Ex,cDXOH,CZ01,Whole Building,2009,,,NE-HV_AirDist-SupFanMtr-cDXOH-2SpClgHtg-VFDPMMtr,582590.781817202
Com,Nrs,Ex,cDXOH,CZ01,Whole Building,2009,,,NE-HV_AirDist-SupFanMtr-cDXOH-2SpClgHtg-VFDStdMtr,583818.5806698443
Com,Nrs,Ex,cDXGF,CZ02,Whole Building,2009,,,NE-HV_AirDist-SupFanMtr-cDXGF-2SpClgHtg-Cnst,723246.321360739
Com,Nrs,Ex,cDXGF,CZ02,Whole Building,2009,,,NE-HV_AirDist-SupFanMtr-cDXGF-2SpClgHtg-VFDExMtr,648446.4806297617
Com,Nrs,Ex,cDXGF,CZ02,Whole Building,2009,,,NE-HV_AirDist-SupFanMtr-cDXGF-2SpClgHtg-VFDPMMtr,645574.6097984063
Com,Nrs,Ex,cDXGF,CZ02,Whole Building,2009,,,NE-HV_AirDist-SupFanMtr-cDXGF-2SpClgHtg-VFDStdMtr,647634.3413910926
Com,Nrs,Ex,cDXHP,CZ02,Whole Building,2009,,,NE-HV_AirDist-SupFanMtr-cDXHP-2SpClgHtg-Cnst,728480.4966195003
Com,Nrs,Ex,cDXHP,CZ02,Whole Building,2009,,,NE-HV_AirDist-SupFanMtr-cDXHP-2SpClgHtg-VFDExMtr,654902.0495968899
Com,Nrs,Ex,cDXHP,CZ02,Whole Building,2009,,,NE-HV_AirDist-SupFanMtr-cDXHP-2SpClgHtg-VFDPMMtr,652115.9867965565
Com,Nrs,Ex,cDXHP,CZ02,Whole Building,2009,,,NE-HV_AirDist-SupFanMtr-cDXHP-2SpClgHtg-VFDStdMtr,653988.6751842658
Com,Nrs,Ex,cDXOH,CZ02,Whole Building,2009,,,NE-HV_AirDist-SupFanMtr-cDXOH-2SpClgHtg-Cnst,722394.855823483
Com,Nrs,Ex,cDXOH,CZ02,Whole Building,2009,,,NE-HV_AirDist-SupFanMtr-cDXOH-2SpClgHtg-VFDExMtr,656615.447292523
Com,Nrs,Ex,cDXOH,CZ02,Whole Building,2009,,,NE-HV_AirDist-SupFanMtr-cDXOH-2SpClgHtg-VFDPMMtr,654204.2104279066
Com,Nrs,Ex,cDXOH,CZ02,Whole Building,2009,,,NE-HV_AirDist-SupFanMtr-cDXOH-2SpClgHtg-VFDStdMtr,655944.215973385
Com,Nrs,Ex,cDXGF,CZ03,Whole Building,2009,,,NE-HV_AirDist-SupFanMtr-cDXGF-2SpClgHtg-Cnst,690621.0809509655
Com,Nrs,Ex,cDXGF,CZ03,Whole Building,2009,,,NE-HV_AirDist-SupFanMtr-cDXGF-2SpClgHtg-VFDExMtr,618775.2130847012
Com,Nrs,Ex,cDXGF,CZ03,Whole Building,2009,,,NE-HV_AirDist-SupFanMtr-cDXGF-2SpClgHtg-VFDPMMtr,615795.5780524664
Com,Nrs,Ex,cDXGF,CZ03,Whole Building,2009,,,NE-HV_AirDist-SupFanMtr-cDXGF-2SpClgHtg-VFDStdMtr,617908.9128615592
Com,Nrs,Ex,cDXHP,CZ03,Whole Building,2009,,,NE-HV_AirDist-SupFanMtr-cDXHP-2SpClgHtg-Cnst,693294.8163480648
Com,Nrs,Ex,cDXHP,CZ03,Whole Building,2009,,,NE-HV_AirDist-SupFanMtr-cDXHP-2SpClgHtg-VFDExMtr,621939.6070631708
Com,Nrs,Ex,cDXHP,CZ03,Whole Building,2009,,,NE-HV_AirDist-SupFanMtr-cDXHP-2SpClgHtg-VFDPMMtr,619143.8333902592
Com,Nrs,Ex,cDXHP,CZ03,Whole Building,2009,,,NE-HV_AirDist-SupFanMtr-cDXHP-2SpClgHtg-VFDStdMtr,621126.085920195
Com,Nrs,Ex,cDXOH,CZ03,Whole Building,2009,,,NE-HV_AirDist-SupFanMtr-cDXOH-2SpClgHtg-Cnst,690336.4898602535
Com,Nrs,Ex,cDXOH,CZ03,Whole Building,2009,,,NE-HV_AirDist-SupFanMtr-cDXOH-2SpClgHtg-VFDExMtr,623836.6522061535
Com,Nrs,Ex,cDXOH,CZ03,Whole Building,2009,,,NE-HV_AirDist-SupFanMtr-cDXOH-2SpClgHtg-VFDPMMtr,621252.333173285
Com,Nrs,Ex,cDXOH,CZ03,Whole Building,2009,,,NE-HV_AirDist-SupFanMtr-cDXOH-2SpClgHtg-VFDStdMtr,623089.7821236145
Com,Nrs,Ex,cDXGF,CZ04,Whole Building,2009,,,NE-HV_AirDist-SupFanMtr-cDXGF-2SpClgHtg-Cnst,778770.0393729362
Com,Nrs,Ex,cDXGF,CZ04,Whole Building,2009,,,NE-HV_AirDist-SupFanMtr-cDXGF-2SpClgHtg-VFDExMtr,703187.3476663424
Com,Nrs,Ex,cDXGF,CZ04,Whole Building,2009,,,NE-HV_AirDist-SupFanMtr-cDXGF-2SpClgHtg-VFDPMMtr,700267.0988491487
Com,Nrs,Ex,cDXGF,CZ04,Whole Building,2009,,,NE-HV_AirDist-SupFanMtr-cDXGF-2SpClgHtg-VFDStdMtr,702311.812077248
Com,Nrs,Ex,cDXHP,CZ04,Whole Building,2009,,,NE-HV_AirDist-SupFanMtr-cDXHP-2SpClgHtg-Cnst,783212.5425290182
Com,Nrs,Ex,cDXHP,CZ04,Whole Building,2009,,,NE-HV_AirDist-SupFanMtr-cDXHP-2SpClgHtg-VFDExMtr,709513.3637606717
Com,Nrs,Ex,cDXHP,CZ04,Whole Building,2009,,,NE-HV_AirDist-SupFanMtr-cDXHP-2SpClgHtg-VFDPMMtr,706701.6767510214
Com,Nrs,Ex,cDXHP,CZ04,Whole Building,2009,,,NE-HV_AirDist-SupFanMtr-cDXHP-2SpClgHtg-VFDStdMtr,708780.8401635732
Com,Nrs,Ex,cDXOH,CZ04,Whole Building,2009,,,NE-HV_AirDist-SupFanMtr-cDXOH-2SpClgHtg-Cnst,777160.1263228308
Com,Nrs,Ex,cDXOH,CZ04,Whole Building,2009,,,NE-HV_AirDist-SupFanMtr-cDXOH-2SpClgHtg-VFDExMtr,710146.7733644505
Com,Nrs,Ex,cDXOH,CZ04,Whole Building,2009,,,NE-HV_AirDist-SupFanMtr-cDXOH-2SpClgHtg-VFDPMMtr,707557.2250530887
Com,Nrs,Ex,cDXOH,CZ04,Whole Building,2009,,,NE-HV_AirDist-SupFanMtr-cDXOH-2SpClgHtg-VFDStdMtr,709339.9010599823
Com,Nrs,Ex,cDXGF,CZ05,Whole Building,2009,,,NE-HV_AirDist-SupFanMtr-cDXGF-2SpClgHtg-Cnst,705551.66060849
Com,Nrs,Ex,cDXGF,CZ05,Whole Building,2009,,,NE-HV_AirDist-SupFanMtr-cDXGF-2SpClgHtg-VFDExMtr,632406.9545689609
Com,Nrs,Ex,cDXGF,CZ05,Whole Building,2009,,,NE-HV_AirDist-SupFanMtr-cDXGF-2SpClgHtg-VFDPMMtr,629362.3403346856
Com,Nrs,Ex,cDXGF,CZ05,Whole Building,2009,,,NE-HV_AirDist-SupFanMtr-cDXGF-2SpClgHtg-VFDStdMtr,631475.3642236289
Com,Nrs,Ex,cDXHP,CZ05,Whole Building,2009,,,NE-HV_AirDist-SupFanMtr-cDXHP-2SpClgHtg-Cnst,708317.7580121995
Com,Nrs,Ex,cDXHP,CZ05,Whole Building,2009,,,NE-HV_AirDist-SupFanMtr-cDXHP-2SpClgHtg-VFDExMtr,635782.4663253449
Com,Nrs,Ex,cDXHP,CZ05,Whole Building,2009,,,NE-HV_AirDist-SupFanMtr-cDXHP-2SpClgHtg-VFDPMMtr,632854.6501275887
Com,Nrs,Ex,cDXHP,CZ05,Whole Building,2009,,,NE-HV_AirDist-SupFanMtr-cDXHP-2SpClgHtg-VFDStdMtr,634850.07165808
Com,Nrs,Ex,cDXOH,CZ05,Whole Building,2009,,,NE-HV_AirDist-SupFanMtr-cDXOH-2SpClgHtg-Cnst,705000.7638157071
Com,Nrs,Ex,cDXOH,CZ05,Whole Building,2009,,,NE-HV_AirDist-SupFanMtr-cDXOH-2SpClgHtg-VFDExMtr,637107.2689014396
Com,Nrs,Ex,cDXOH,CZ05,Whole Building,2009,,,NE-HV_AirDist-SupFanMtr-cDXOH-2SpClgHtg-VFDPMMtr,634483.8785767672
Com,Nrs,Ex,cDXOH,CZ05,Whole Building,2009,,,NE-HV_AirDist-SupFanMtr-cDXOH-2SpClgHtg-VFDStdMtr,636338.1251707034
Com,Nrs,Ex,cDXGF,CZ06,Whole Building,2009,,,NE-HV_AirDist-SupFanMtr-cDXGF-2SpClgHtg-Cnst,757001.6210443832
Com,Nrs,Ex,cDXGF,CZ06,Whole Building,2009,,,NE-HV_AirDist-SupFanMtr-cDXGF-2SpClgHtg-VFDExMtr,692497.2754317649
Com,Nrs,Ex,cDXGF,CZ06,Whole Building,2009,,,NE-HV_AirDist-SupFanMtr-cDXGF-2SpClgHtg-VFDPMMtr,689276.47713227
Com,Nrs,Ex,cDXGF,CZ06,Whole Building,2009,,,NE-HV_AirDist-SupFanMtr-cDXGF-2SpClgHtg-VFDStdMtr,691410.763986387
Com,Nrs,Ex,cDXHP,CZ06,Whole Building,2009,,,NE-HV_AirDist-SupFanMtr-cDXHP-2SpClgHtg-Cnst,756015.147801093
Com,Nrs,Ex,cDXHP,CZ06,Whole Building,2009,,,NE-HV_AirDist-SupFanMtr-cDXHP-2SpClgHtg-VFDExMtr,693346.4673684292
Com,Nrs,Ex,cDXHP,CZ06,Whole Building,2009,,,NE-HV_AirDist-SupFanMtr-cDXHP-2SpClgHtg-VFDPMMtr,690289.5167499346
Com,Nrs,Ex,cDXHP,CZ06,Whole Building,2009,,,NE-HV_AirDist-SupFanMtr-cDXHP-2SpClgHtg-VFDStdMtr,692368.6118105327
Com,Nrs,Ex,cDXOH,CZ06,Whole Building,2009,,,NE-HV_AirDist-SupFanMtr-cDXOH-2SpClgHtg-Cnst,755645.1452545654
Com,Nrs,Ex,cDXOH,CZ06,Whole Building,2009,,,NE-HV_AirDist-SupFanMtr-cDXOH-2SpClgHtg-VFDExMtr,693416.5791440217
Com,Nrs,Ex,cDXOH,CZ06,Whole Building,2009,,,NE-HV_AirDist-SupFanMtr-cDXOH-2SpClgHtg-VFDPMMtr,690519.8322962082
Com,Nrs,Ex,cDXOH,CZ06,Whole Building,2009,,,NE-HV_AirDist-SupFanMtr-cDXOH-2SpClgHtg-VFDStdMtr,692515.6887522493
Com,Nrs,Ex,cDXGF,CZ07,Whole Building,2009,,,NE-HV_AirDist-SupFanMtr-cDXGF-2SpClgHtg-Cnst,755904.2443080744
Com,Nrs,Ex,cDXGF,CZ07,Whole Building,2009,,,NE-HV_AirDist-SupFanMtr-cDXGF-2SpClgHtg-VFDExMtr,690934.4516264726
Com,Nrs,Ex,cDXGF,CZ07,Whole Building,2009,,,NE-HV_AirDist-SupFanMtr-cDXGF-2SpClgHtg-VFDPMMtr,687879.9295874105
Com,Nrs,Ex,cDXGF,CZ07,Whole Building,2009,,,NE-HV_AirDist-SupFanMtr-cDXGF-2SpClgHtg-VFDStdMtr,690053.9133039931
Com,Nrs,Ex,cDXHP,CZ07,Whole Building,2009,,,NE-HV_AirDist-SupFanMtr-cDXHP-2SpClgHtg-Cnst,755093.3672145137
Com,Nrs,Ex,cDXHP,CZ07,Whole Building,2009,,,NE-HV_AirDist-SupFanMtr-cDXHP-2SpClgHtg-VFDExMtr,691942.9278642766
Com,Nrs,Ex,cDXHP,CZ07,Whole Building,2009,,,NE-HV_AirDist-SupFanMtr-cDXHP-2SpClgHtg-VFDPMMtr,688909.58161852
Com,Nrs,Ex,cDXHP,CZ07,Whole Building,2009,,,NE-HV_AirDist-SupFanMtr-cDXHP-2SpClgHtg-VFDStdMtr,691071.3489455995
Com,Nrs,Ex,cDXOH,CZ07,Whole Building,2009,,,NE-HV_AirDist-SupFanMtr-cDXOH-2SpClgHtg-Cnst,754548.7101999965
Com,Nrs,Ex,cDXOH,CZ07,Whole Building,2009,,,NE-HV_AirDist-SupFanMtr-cDXOH-2SpClgHtg-VFDExMtr,691694.57084944
Com,Nrs,Ex,cDXOH,CZ07,Whole Building,2009,,,NE-HV_AirDist-SupFanMtr-cDXOH-2SpClgHtg-VFDPMMtr,688720.895417819
Com,Nrs,Ex,cDXOH,CZ07,Whole Building,2009,,,NE-HV_AirDist-SupFanMtr-cDXOH-2SpClgHtg-VFDStdMtr,690838.9762403914
Com,Nrs,Ex,cDXGF,CZ08,Whole Building,2009,,,NE-HV_AirDist-SupFanMtr-cDXGF-2SpClgHtg-Cnst,813447.1073717402
Com,Nrs,Ex,cDXGF,CZ08,Whole Building,2009,,,NE-HV_AirDist-SupFanMtr-cDXGF-2SpClgHtg-VFDExMtr,743051.7530934602
Com,Nrs,Ex,cDXGF,CZ08,Whole Building,2009,,,NE-HV_AirDist-SupFanMtr-cDXGF-2SpClgHtg-VFDPMMtr,739722.2654700264
Com,Nrs,Ex,cDXGF,CZ08,Whole Building,2009,,,NE-HV_AirDist-SupFanMtr-cDXGF-2SpClgHtg-VFDStdMtr,742003.294818722
Com,Nrs,Ex,cDXHP,CZ08,Whole Building,2009,,,NE-HV_AirDist-SupFanMtr-cDXHP-2SpClgHtg-Cnst,813801.6789333554
Com,Nrs,Ex,cDXHP,CZ08,Whole Building,2009,,,NE-HV_AirDist-SupFanMtr-cDXHP-2SpClgHtg-VFDExMtr,746754.535363912
Com,Nrs,Ex,cDXHP,CZ08,Whole Building,2009,,,NE-HV_AirDist-SupFanMtr-cDXHP-2SpClgHtg-VFDPMMtr,743604.229517172
Com,Nrs,Ex,cDXHP,CZ08,Whole Building,2009,,,NE-HV_AirDist-SupFanMtr-cDXHP-2SpClgHtg-VFDStdMtr,745735.8893364411
Com,Nrs,Ex,cDXOH,CZ08,Whole Building,2009,,,NE-HV_AirDist-SupFanMtr-cDXOH-2SpClgHtg-Cnst,811757.4722453788
Com,Nrs,Ex,cDXOH,CZ08,Whole Building,2009,,,NE-HV_AirDist-SupFanMtr-cDXOH-2SpClgHtg-VFDExMtr,744822.360719529
Com,Nrs,Ex,cDXOH,CZ08,Whole Building,2009,,,NE-HV_AirDist-SupFanMtr-cDXOH-2SpClgHtg-VFDPMMtr,741604.4971937424
Com,Nrs,Ex,cDXOH,CZ08,Whole Building,2009,,,NE-HV_AirDist-SupFanMtr-cDXOH-2SpClgHtg-VFDStdMtr,743725.0442737896
Com,Nrs,Ex,cDXGF,CZ09,Whole Building,2009,,,NE-HV_AirDist-SupFanMtr-cDXGF-2SpClgHtg-Cnst,817722.0722372532
Com,Nrs,Ex,cDXGF,CZ09,Whole Building,2009,,,NE-HV_AirDist-SupFanMtr-cDXGF-2SpClgHtg-VFDExMtr,742805.3842399936
Com,Nrs,Ex,cDXGF,CZ09,Whole Building,2009,,,NE-HV_AirDist-SupFanMtr-cDXGF-2SpClgHtg-VFDPMMtr,739367.7468412393
Com,Nrs,Ex,cDXGF,CZ09,Whole Building,2009,,,NE-HV_AirDist-SupFanMtr-cDXGF-2SpClgHtg-VFDStdMtr,741611.2439799502
Com,Nrs,Ex,cDXHP,CZ09,Whole Building,2009,,,NE-HV_AirDist-SupFanMtr-cDXHP-2SpClgHtg-Cnst,818544.7148903097
Com,Nrs,Ex,cDXHP,CZ09,Whole Building,2009,,,NE-HV_AirDist-SupFanMtr-cDXHP-2SpClgHtg-VFDExMtr,746920.3027599243
Com,Nrs,Ex,cDXHP,CZ09,Whole Building,2009,,,NE-HV_AirDist-SupFanMtr-cDXHP-2SpClgHtg-VFDPMMtr,743678.8656825129
Com,Nrs,Ex,cDXHP,CZ09,Whole Building,2009,,,NE-HV_AirDist-SupFanMtr-cDXHP-2SpClgHtg-VFDStdMtr,745827.8781477177
Com,Nrs,Ex,cDXOH,CZ09,Whole Building,2009,,,NE-HV_AirDist-SupFanMtr-cDXOH-2SpClgHtg-Cnst,816123.4074962224
Com,Nrs,Ex,cDXOH,CZ09,Whole Building,2009,,,NE-HV_AirDist-SupFanMtr-cDXOH-2SpClgHtg-VFDExMtr,745001.4221874215
Com,Nrs,Ex,cDXOH,CZ09,Whole Building,2009,,,NE-HV_AirDist-SupFanMtr-cDXOH-2SpClgHtg-VFDPMMtr,741898.2427657078
Com,Nrs,Ex,cDXOH,CZ09,Whole Building,2009,,,NE-HV_AirDist-SupFanMtr-cDXOH-2SpClgHtg-VFDStdMtr,744070.9685211232
Com,Nrs,Ex,cDXGF,CZ10,Whole Building,2009,,,NE-HV_AirDist-SupFanMtr-cDXGF-2SpClgHtg-Cnst,825050.4736731905
Com,Nrs,Ex,cDXGF,CZ10,Whole Building,2009,,,NE-HV_AirDist-SupFanMtr-cDXGF-2SpClgHtg-VFDExMtr,750852.2027715144
Com,Nrs,Ex,cDXGF,CZ10,Whole Building,2009,,,NE-HV_AirDist-SupFanMtr-cDXGF-2SpClgHtg-VFDPMMtr,747517.837169939
Com,Nrs,Ex,cDXGF,CZ10,Whole Building,2009,,,NE-HV_AirDist-SupFanMtr-cDXGF-2SpClgHtg-VFDStdMtr,749765.7310507178
Com,Nrs,Ex,cDXHP,CZ10,Whole Building,2009,,,NE-HV_AirDist-SupFanMtr-cDXHP-2SpClgHtg-Cnst,825875.9486133526
Com,Nrs,Ex,cDXHP,CZ10,Whole Building,2009,,,NE-HV_AirDist-SupFanMtr-cDXHP-2SpClgHtg-VFDExMtr,754698.4097823857
Com,Nrs,Ex,cDXHP,CZ10,Whole Building,2009,,,NE-HV_AirDist-SupFanMtr-cDXHP-2SpClgHtg-VFDPMMtr,751554.848731649
Com,Nrs,Ex,cDXHP,CZ10,Whole Building,2009,,,NE-HV_AirDist-SupFanMtr-cDXHP-2SpClgHtg-VFDStdMtr,753726.2896710553
Com,Nrs,Ex,cDXOH,CZ10,Whole Building,2009,,,NE-HV_AirDist-SupFanMtr-cDXOH-2SpClgHtg-Cnst,823361.2321854912
Com,Nrs,Ex,cDXOH,CZ10,Whole Building,2009,,,NE-HV_AirDist-SupFanMtr-cDXOH-2SpClgHtg-VFDExMtr,753181.103309352
Com,Nrs,Ex,cDXOH,CZ10,Whole Building,2009,,,NE-HV_AirDist-SupFanMtr-cDXOH-2SpClgHtg-VFDPMMtr,750125.2600894622
Com,Nrs,Ex,cDXOH,CZ10,Whole Building,2009,,,NE-HV_AirDist-SupFanMtr-cDXOH-2SpClgHtg-VFDStdMtr,752250.1118719631
Com,Nrs,Ex,cDXGF,CZ11,Whole Building,2009,,,NE-HV_AirDist-SupFanMtr-cDXGF-2SpClgHtg-Cnst,840269.7912186191
Com,Nrs,Ex,cDXGF,CZ11,Whole Building,2009,,,NE-HV_AirDist-SupFanMtr-cDXGF-2SpClgHtg-VFDExMtr,761356.0949222986
Com,Nrs,Ex,cDXGF,CZ11,Whole Building,2009,,,NE-HV_AirDist-SupFanMtr-cDXGF-2SpClgHtg-VFDPMMtr,758203.0233904147
Com,Nrs,Ex,cDXGF,CZ11,Whole Building,2009,,,NE-HV_AirDist-SupFanMtr-cDXGF-2SpClgHtg-VFDStdMtr,760400.5443208879
Com,Nrs,Ex,cDXHP,CZ11,Whole Building,2009,,,NE-HV_AirDist-SupFanMtr-cDXHP-2SpClgHtg-Cnst,844741.5427130774
Com,Nrs,Ex,cDXHP,CZ11,Whole Building,2009,,,NE-HV_AirDist-SupFanMtr-cDXHP-2SpClgHtg-VFDExMtr,768748.3697551124
Com,Nrs,Ex,cDXHP,CZ11,Whole Building,2009,,,NE-HV_AirDist-SupFanMtr-cDXHP-2SpClgHtg-VFDPMMtr,765696.8525844059
Com,Nrs,Ex,cDXHP,CZ11,Whole Building,2009,,,NE-HV_AirDist-SupFanMtr-cDXHP-2SpClgHtg-VFDStdMtr,767798.9961998266
Com,Nrs,Ex,cDXOH,CZ11,Whole Building,2009,,,NE-HV_AirDist-SupFanMtr-cDXOH-2SpClgHtg-Cnst,838238.3247260506
Com,Nrs,Ex,cDXOH,CZ11,Whole Building,2009,,,NE-HV_AirDist-SupFanMtr-cDXOH-2SpClgHtg-VFDExMtr,769663.6923246438
Com,Nrs,Ex,cDXOH,CZ11,Whole Building,2009,,,NE-HV_AirDist-SupFanMtr-cDXOH-2SpClgHtg-VFDPMMtr,766890.1595778671
Com,Nrs,Ex,cDXOH,CZ11,Whole Building,2009,,,NE-HV_AirDist-SupFanMtr-cDXOH-2SpClgHtg-VFDStdMtr,768806.5178112703
Com,Nrs,Ex,cDXGF,CZ12,Whole Building,2009,,,NE-HV_AirDist-SupFanMtr-cDXGF-2SpClgHtg-Cnst,773570.878779108
Com,Nrs,Ex,cDXGF,CZ12,Whole Building,2009,,,NE-HV_AirDist-SupFanMtr-cDXGF-2SpClgHtg-VFDExMtr,700946.7582073822
Com,Nrs,Ex,cDXGF,CZ12,Whole Building,2009,,,NE-HV_AirDist-SupFanMtr-cDXGF-2SpClgHtg-VFDPMMtr,698041.8134927505
Com,Nrs,Ex,cDXGF,CZ12,Whole Building,2009,,,NE-HV_AirDist-SupFanMtr-cDXGF-2SpClgHtg-VFDStdMtr,700052.7765627496
Com,Nrs,Ex,cDXHP,CZ12,Whole Building,2009,,,NE-HV_AirDist-SupFanMtr-cDXHP-2SpClgHtg-Cnst,778013.3726413574
Com,Nrs,Ex,cDXHP,CZ12,Whole Building,2009,,,NE-HV_AirDist-SupFanMtr-cDXHP-2SpClgHtg-VFDExMtr,707461.3253041945
Com,Nrs,Ex,cDXHP,CZ12,Whole Building,2009,,,NE-HV_AirDist-SupFanMtr-cDXHP-2SpClgHtg-VFDPMMtr,704651.8079429938
Com,Nrs,Ex,cDXHP,CZ12,Whole Building,2009,,,NE-HV_AirDist-SupFanMtr-cDXHP-2SpClgHtg-VFDStdMtr,706604.8132137064
Com,Nrs,Ex,cDXOH,CZ12,Whole Building,2009,,,NE-HV_AirDist-SupFanMtr-cDXOH-2SpClgHtg-Cnst,772408.5992657932
Com,Nrs,Ex,cDXOH,CZ12,Whole Building,2009,,,NE-HV_AirDist-SupFanMtr-cDXOH-2SpClgHtg-VFDExMtr,709036.3325730012
Com,Nrs,Ex,cDXOH,CZ12,Whole Building,2009,,,NE-HV_AirDist-SupFanMtr-cDXOH-2SpClgHtg-VFDPMMtr,706497.5259190482
Com,Nrs,Ex,cDXOH,CZ12,Whole Building,2009,,,NE-HV_AirDist-SupFanMtr-cDXOH-2SpClgHtg-VFDStdMtr,708212.0684315334
Com,Nrs,Ex,cDXGF,CZ13,Whole Building,2009,,,NE-HV_AirDist-SupFanMtr-cDXGF-2SpClgHtg-Cnst,847112.4926542959
Com,Nrs,Ex,cDXGF,CZ13,Whole Building,2009,,,NE-HV_AirDist-SupFanMtr-cDXGF-2SpClgHtg-VFDExMtr,771011.1503196058
Com,Nrs,Ex,cDXGF,CZ13,Whole Building,2009,,,NE-HV_AirDist-SupFanMtr-cDXGF-2SpClgHtg-VFDPMMtr,767979.4328440485
Com,Nrs,Ex,cDXGF,CZ13,Whole Building,2009,,,NE-HV_AirDist-SupFanMtr-cDXGF-2SpClgHtg-VFDStdMtr,770099.9570411601
Com,Nrs,Ex,cDXHP,CZ13,Whole Building,2009,,,NE-HV_AirDist-SupFanMtr-cDXHP-2SpClgHtg-Cnst,850694.1587451136
Com,Nrs,Ex,cDXHP,CZ13,Whole Building,2009,,,NE-HV_AirDist-SupFanMtr-cDXHP-2SpClgHtg-VFDExMtr,777168.9990559972
Com,Nrs,Ex,cDXHP,CZ13,Whole Building,2009,,,NE-HV_AirDist-SupFanMtr-cDXHP-2SpClgHtg-VFDPMMtr,774270.938359037
Com,Nrs,Ex,cDXHP,CZ13,Whole Building,2009,,,NE-HV_AirDist-SupFanMtr-cDXHP-2SpClgHtg-VFDStdMtr,776230.2514992149
Com,Nrs,Ex,cDXOH,CZ13,Whole Building,2009,,,NE-HV_AirDist-SupFanMtr-cDXOH-2SpClgHtg-Cnst,845061.3579994199
Com,Nrs,Ex,cDXOH,CZ13,Whole Building,2009,,,NE-HV_AirDist-SupFanMtr-cDXOH-2SpClgHtg-VFDExMtr,778352.6238398815
Com,Nrs,Ex,cDXOH,CZ13,Whole Building,2009,,,NE-HV_AirDist-SupFanMtr-cDXOH-2SpClgHtg-VFDPMMtr,775583.101371996
Com,Nrs,Ex,cDXOH,CZ13,Whole Building,2009,,,NE-HV_AirDist-SupFanMtr-cDXOH-2SpClgHtg-VFDStdMtr,777517.2047538324
Com,Nrs,Ex,cDXGF,CZ14,Whole Building,2009,,,NE-HV_AirDist-SupFanMtr-cDXGF-2SpClgHtg-Cnst,846145.1203192711
Com,Nrs,Ex,cDXGF,CZ14,Whole Building,2009,,,NE-HV_AirDist-SupFanMtr-cDXGF-2SpClgHtg-VFDExMtr,765423.0725685293
Com,Nrs,Ex,cDXGF,CZ14,Whole Building,2009,,,NE-HV_AirDist-SupFanMtr-cDXGF-2SpClgHtg-VFDPMMtr,762066.0255664095
Com,Nrs,Ex,cDXGF,CZ14,Whole Building,2009,,,NE-HV_AirDist-SupFanMtr-cDXGF-2SpClgHtg-VFDStdMtr,764323.5049465067
Com,Nrs,Ex,cDXHP,CZ14,Whole Building,2009,,,NE-HV_AirDist-SupFanMtr-cDXHP-2SpClgHtg-Cnst,850228.4967760087
Com,Nrs,Ex,cDXHP,CZ14,Whole Building,2009,,,NE-HV_AirDist-SupFanMtr-cDXHP-2SpClgHtg-VFDExMtr,773067.203492334
Com,Nrs,Ex,cDXHP,CZ14,Whole Building,2009,,,NE-HV_AirDist-SupFanMtr-cDXHP-2SpClgHtg-VFDPMMtr,769818.919169274
Com,Nrs,Ex,cDXHP,CZ14,Whole Building,2009,,,NE-HV_AirDist-SupFanMtr-cDXHP-2SpClgHtg-VFDStdMtr,772057.9515843409
Com,Nrs,Ex,cDXOH,CZ14,Whole Building,2009,,,NE-HV_AirDist-SupFanMtr-cDXOH-2SpClgHtg-Cnst,843922.4064643289
Com,Nrs,Ex,cDXOH,CZ14,Whole Building,2009,,,NE-HV_AirDist-SupFanMtr-cDXOH-2SpClgHtg-VFDExMtr,772091.6106057573
Com,Nrs,Ex,cDXOH,CZ14,Whole Building,2009,,,NE-HV_AirDist-SupFanMtr-cDXOH-2SpClgHtg-VFDPMMtr,769120.2924690904
Com,Nrs,Ex,cDXOH,CZ14,Whole Building,2009,,,NE-HV_AirDist-SupFanMtr-cDXOH-2SpClgHtg-VFDStdMtr,771076.9149932145
Com,Nrs,Ex,cDXGF,CZ15,Whole Building,2009,,,NE-HV_AirDist-SupFanMtr-cDXGF-2SpClgHtg-Cnst,1006347.1554804229
Com,Nrs,Ex,cDXGF,CZ15,Whole Building,2009,,,NE-HV_AirDist-SupFanMtr-cDXGF-2SpClgHtg-VFDExMtr,929614.9594420873
Com,Nrs,Ex,cDXGF,CZ15,Whole Building,2009,,,NE-HV_AirDist-SupFanMtr-cDXGF-2SpClgHtg-VFDPMMtr,926085.0436040935
Com,Nrs,Ex,cDXGF,CZ15,Whole Building,2009,,,NE-HV_AirDist-SupFanMtr-cDXGF-2SpClgHtg-VFDStdMtr,928356.5150933423
Com,Nrs,Ex,cDXHP,CZ15,Whole Building,2009,,,NE-HV_AirDist-SupFanMtr-cDXHP-2SpClgHtg-Cnst,1006728.98461308
Com,Nrs,Ex,cDXHP,CZ15,Whole Building,2009,,,NE-HV_AirDist-SupFanMtr-cDXHP-2SpClgHtg-VFDExMtr,934012.2299760586
Com,Nrs,Ex,cDXHP,CZ15,Whole Building,2009,,,NE-HV_AirDist-SupFanMtr-cDXHP-2SpClgHtg-VFDPMMtr,930615.0101800642
Com,Nrs,Ex,cDXHP,CZ15,Whole Building,2009,,,NE-HV_AirDist-SupFanMtr-cDXHP-2SpClgHtg-VFDStdMtr,932927.8572702401
Com,Nrs,Ex,cDXOH,CZ15,Whole Building,2009,,,NE-HV_AirDist-SupFanMtr-cDXOH-2SpClgHtg-Cnst,1002977.6362976129
Com,Nrs,Ex,cDXOH,CZ15,Whole Building,2009,,,NE-HV_AirDist-SupFanMtr-cDXOH-2SpClgHtg-VFDExMtr,930634.217027776
Com,Nrs,Ex,cDXOH,CZ15,Whole Building,2009,,,NE-HV_AirDist-SupFanMtr-cDXOH-2SpClgHtg-VFDPMMtr,927265.5571039356
Com,Nrs,Ex,cDXOH,CZ15,Whole Building,2009,,,NE-HV_AirDist-SupFanMtr-cDXOH-2SpClgHtg-VFDStdMtr,929464.3977193472
Com,Nrs,Ex,cDXGF,CZ16,Whole Building,2009,,,NE-HV_AirDist-SupFanMtr-cDXGF-2SpClgHtg-Cnst,749914.8158559903
Com,Nrs,Ex,cDXGF,CZ16,Whole Building,2009,,,NE-HV_AirDist-SupFanMtr-cDXGF-2SpClgHtg-VFDExMtr,666788.1908454214
Com,Nrs,Ex,cDXGF,CZ16,Whole Building,2009,,,NE-HV_AirDist-SupFanMtr-cDXGF-2SpClgHtg-VFDPMMtr,663533.443017081
Com,Nrs,Ex,cDXGF,CZ16,Whole Building,2009,,,NE-HV_AirDist-SupFanMtr-cDXGF-2SpClgHtg-VFDStdMtr,665780.5043609197
Com,Nrs,Ex,cDXHP,CZ16,Whole Building,2009,,,NE-HV_AirDist-SupFanMtr-cDXHP-2SpClgHtg-Cnst,758669.1690297052
Com,Nrs,Ex,cDXHP,CZ16,Whole Building,2009,,,NE-HV_AirDist-SupFanMtr-cDXHP-2SpClgHtg-VFDExMtr,677144.1797091055
Com,Nrs,Ex,cDXHP,CZ16,Whole Building,2009,,,NE-HV_AirDist-SupFanMtr-cDXHP-2SpClgHtg-VFDPMMtr,674055.721987272
Com,Nrs,Ex,cDXHP,CZ16,Whole Building,2009,,,NE-HV_AirDist-SupFanMtr-cDXHP-2SpClgHtg-VFDStdMtr,676165.1806683663
Com,Nrs,Ex,cDXOH,CZ16,Whole Building,2009,,,NE-HV_AirDist-SupFanMtr-cDXOH-2SpClgHtg-Cnst,749526.4277813588
Com,Nrs,Ex,cDXOH,CZ16,Whole Building,2009,,,NE-HV_AirDist-SupFanMtr-cDXOH-2SpClgHtg-VFDExMtr,680898.1947592789
Com,Nrs,Ex,cDXOH,CZ16,Whole Building,2009,,,NE-HV_AirDist-SupFanMtr-cDXOH-2SpClgHtg-VFDPMMtr,678357.4161312399
Com,Nrs,Ex,cDXOH,CZ16,Whole Building,2009,,,NE-HV_AirDist-SupFanMtr-cDXOH-2SpClgHtg-VFDStdMtr,680144.5448773484
Com,OfL,Ex,cDXGF,CZ01,Whole Building,2009,,,NE-HV_AirDist-SupFanMtr-cDXGF-2SpClgHtg-Cnst,2126010.5175048965
Com,OfL,Ex,cDXGF,CZ01,Whole Building,2009,,,NE-HV_AirDist-SupFanMtr-cDXGF-2SpClgHtg-VFDExMtr,1599439.9610270362
Com,OfL,Ex,cDXGF,CZ01,Whole Building,2009,,,NE-HV_AirDist-SupFanMtr-cDXGF-2SpClgHtg-VFDPMMtr,1581011.647558158
Com,OfL,Ex,cDXGF,CZ01,Whole Building,2009,,,NE-HV_AirDist-SupFanMtr-cDXGF-2SpClgHtg-VFDStdMtr,1594402.6676846407
Com,OfL,Ex,cDXHP,CZ01,Whole Building,2009,,,NE-HV_AirDist-SupFanMtr-cDXHP-2SpClgHtg-Cnst,2145520.8299691128
Com,OfL,Ex,cDXHP,CZ01,Whole Building,2009,,,NE-HV_AirDist-SupFanMtr-cDXHP-2SpClgHtg-VFDExMtr,1630557.15195187
Com,OfL,Ex,cDXHP,CZ01,Whole Building,2009,,,NE-HV_AirDist-SupFanMtr-cDXHP-2SpClgHtg-VFDPMMtr,1613055.0375482766
Com,OfL,Ex,cDXHP,CZ01,Whole Building,2009,,,NE-HV_AirDist-SupFanMtr-cDXHP-2SpClgHtg-VFDStdMtr,1625851.781055959
Com,OfL,Ex,cDXOH,CZ01,Whole Building,2009,,,NE-HV_AirDist-SupFanMtr-cDXOH-2SpClgHtg-Cnst,2130336.6682601413
Com,OfL,Ex,cDXOH,CZ01,Whole Building,2009,,,NE-HV_AirDist-SupFanMtr-cDXOH-2SpClgHtg-VFDExMtr,1644886.0316467574
Com,OfL,Ex,cDXOH,CZ01,Whole Building,2009,,,NE-HV_AirDist-SupFanMtr-cDXOH-2SpClgHtg-VFDPMMtr,1629280.5025433535
Com,OfL,Ex,cDXOH,CZ01,Whole Building,2009,,,NE-HV_AirDist-SupFanMtr-cDXOH-2SpClgHtg-VFDStdMtr,1641012.2678625865
Com,OfL,Ex,cDXGF,CZ02,Whole Building,2009,,,NE-HV_AirDist-SupFanMtr-cDXGF-2SpClgHtg-Cnst,2486944.2912925705
Com,OfL,Ex,cDXGF,CZ02,Whole Building,2009,,,NE-HV_AirDist-SupFanMtr-cDXGF-2SpClgHtg-VFDExMtr,1912521.3610467238
Com,OfL,Ex,cDXGF,CZ02,Whole Building,2009,,,NE-HV_AirDist-SupFanMtr-cDXGF-2SpClgHtg-VFDPMMtr,1890078.9464624242
Com,OfL,Ex,cDXGF,CZ02,Whole Building,2009,,,NE-HV_AirDist-SupFanMtr-cDXGF-2SpClgHtg-VFDStdMtr,1905700.368873975
Com,OfL,Ex,cDXHP,CZ02,Whole Building,2009,,,NE-HV_AirDist-SupFanMtr-cDXHP-2SpClgHtg-Cnst,2499866.8543898403
Com,OfL,Ex,cDXHP,CZ02,Whole Building,2009,,,NE-HV_AirDist-SupFanMtr-cDXHP-2SpClgHtg-VFDExMtr,1943154.8845448392
Com,OfL,Ex,cDXHP,CZ02,Whole Building,2009,,,NE-HV_AirDist-SupFanMtr-cDXHP-2SpClgHtg-VFDPMMtr,1921252.88116743
Com,OfL,Ex,cDXHP,CZ02,Whole Building,2009,,,NE-HV_AirDist-SupFanMtr-cDXHP-2SpClgHtg-VFDStdMtr,1936701.0358107092
Com,OfL,Ex,cDXOH,CZ02,Whole Building,2009,,,NE-HV_AirDist-SupFanMtr-cDXOH-2SpClgHtg-Cnst,2484425.8586377804
Com,OfL,Ex,cDXOH,CZ02,Whole Building,2009,,,NE-HV_AirDist-SupFanMtr-cDXOH-2SpClgHtg-VFDExMtr,1943918.7898968742
Com,OfL,Ex,cDXOH,CZ02,Whole Building,2009,,,NE-HV_AirDist-SupFanMtr-cDXOH-2SpClgHtg-VFDPMMtr,1924147.362507823
Com,OfL,Ex,cDXOH,CZ02,Whole Building,2009,,,NE-HV_AirDist-SupFanMtr-cDXOH-2SpClgHtg-VFDStdMtr,1938257.3996978216
Com,OfL,Ex,cDXGF,CZ03,Whole Building,2009,,,NE-HV_AirDist-SupFanMtr-cDXGF-2SpClgHtg-Cnst,2326833.759298927
Com,OfL,Ex,cDXGF,CZ03,Whole Building,2009,,,NE-HV_AirDist-SupFanMtr-cDXGF-2SpClgHtg-VFDExMtr,1782026.4874670985
Com,OfL,Ex,cDXGF,CZ03,Whole Building,2009,,,NE-HV_AirDist-SupFanMtr-cDXGF-2SpClgHtg-VFDPMMtr,1759623.5423256012
Com,OfL,Ex,cDXGF,CZ03,Whole Building,2009,,,NE-HV_AirDist-SupFanMtr-cDXGF-2SpClgHtg-VFDStdMtr,1775577.7304379547
Com,OfL,Ex,cDXHP,CZ03,Whole Building,2009,,,NE-HV_AirDist-SupFanMtr-cDXHP-2SpClgHtg-Cnst,2333284.6043010456
Com,OfL,Ex,cDXHP,CZ03,Whole Building,2009,,,NE-HV_AirDist-SupFanMtr-cDXHP-2SpClgHtg-VFDExMtr,1796863.5835940884
Com,OfL,Ex,cDXHP,CZ03,Whole Building,2009,,,NE-HV_AirDist-SupFanMtr-cDXHP-2SpClgHtg-VFDPMMtr,1774900.45509529
Com,OfL,Ex,cDXHP,CZ03,Whole Building,2009,,,NE-HV_AirDist-SupFanMtr-cDXHP-2SpClgHtg-VFDStdMtr,1790725.9456213347
Com,OfL,Ex,cDXOH,CZ03,Whole Building,2009,,,NE-HV_AirDist-SupFanMtr-cDXOH-2SpClgHtg-Cnst,2326582.156849431
Com,OfL,Ex,cDXOH,CZ03,Whole Building,2009,,,NE-HV_AirDist-SupFanMtr-cDXOH-2SpClgHtg-VFDExMtr,1797682.334960713
Com,OfL,Ex,cDXOH,CZ03,Whole Building,2009,,,NE-HV_AirDist-SupFanMtr-cDXOH-2SpClgHtg-VFDPMMtr,1777196.8179621792
Com,OfL,Ex,cDXOH,CZ03,Whole Building,2009,,,NE-HV_AirDist-SupFanMtr-cDXOH-2SpClgHtg-VFDStdMtr,1791864.914037794
Com,OfL,Ex,cDXGF,CZ04,Whole Building,2009,,,NE-HV_AirDist-SupFanMtr-cDXGF-2SpClgHtg-Cnst,2660770.3178338055
Com,OfL,Ex,cDXGF,CZ04,Whole Building,2009,,,NE-HV_AirDist-SupFanMtr-cDXGF-2SpClgHtg-VFDExMtr,2078892.7455550712
Com,OfL,Ex,cDXGF,CZ04,Whole Building,2009,,,NE-HV_AirDist-SupFanMtr-cDXGF-2SpClgHtg-VFDPMMtr,2055140.1366088197
Com,OfL,Ex,cDXGF,CZ04,Whole Building,2009,,,NE-HV_AirDist-SupFanMtr-cDXGF-2SpClgHtg-VFDStdMtr,2071555.0636430045
Com,OfL,Ex,cDXHP,CZ04,Whole Building,2009,,,NE-HV_AirDist-SupFanMtr-cDXHP-2SpClgHtg-Cnst,2673196.163249602
Com,OfL,Ex,cDXHP,CZ04,Whole Building,2009,,,NE-HV_AirDist-SupFanMtr-cDXHP-2SpClgHtg-VFDExMtr,2116155.0870594373
Com,OfL,Ex,cDXHP,CZ04,Whole Building,2009,,,NE-HV_AirDist-SupFanMtr-cDXHP-2SpClgHtg-VFDPMMtr,2093526.7509916408
Com,OfL,Ex,cDXHP,CZ04,Whole Building,2009,,,NE-HV_AirDist-SupFanMtr-cDXHP-2SpClgHtg-VFDStdMtr,2109278.9749251185
Com,OfL,Ex,cDXOH,CZ04,Whole Building,2009,,,NE-HV_AirDist-SupFanMtr-cDXOH-2SpClgHtg-Cnst,2653646.3620939692
Com,OfL,Ex,cDXOH,CZ04,Whole Building,2009,,,NE-HV_AirDist-SupFanMtr-cDXOH-2SpClgHtg-VFDExMtr,2107376.879087989
Com,OfL,Ex,cDXOH,CZ04,Whole Building,2009,,,NE-HV_AirDist-SupFanMtr-cDXOH-2SpClgHtg-VFDPMMtr,2086138.5709543796
Com,OfL,Ex,cDXOH,CZ04,Whole Building,2009,,,NE-HV_AirDist-SupFanMtr-cDXOH-2SpClgHtg-VFDStdMtr,2101050.9973908616
Com,OfL,Ex,cDXGF,CZ05,Whole Building,2009,,,NE-HV_AirDist-SupFanMtr-cDXGF-2SpClgHtg-Cnst,2388384.425391922
Com,OfL,Ex,cDXGF,CZ05,Whole Building,2009,,,NE-HV_AirDist-SupFanMtr-cDXGF-2SpClgHtg-VFDExMtr,1832892.3290174797
Com,OfL,Ex,cDXGF,CZ05,Whole Building,2009,,,NE-HV_AirDist-SupFanMtr-cDXGF-2SpClgHtg-VFDPMMtr,1810063.8602383372
Com,OfL,Ex,cDXGF,CZ05,Whole Building,2009,,,NE-HV_AirDist-SupFanMtr-cDXGF-2SpClgHtg-VFDStdMtr,1826070.5409969639
Com,OfL,Ex,cDXHP,CZ05,Whole Building,2009,,,NE-HV_AirDist-SupFanMtr-cDXHP-2SpClgHtg-Cnst,2394992.291942793
Com,OfL,Ex,cDXHP,CZ05,Whole Building,2009,,,NE-HV_AirDist-SupFanMtr-cDXHP-2SpClgHtg-VFDExMtr,1848255.8459605528
Com,OfL,Ex,cDXHP,CZ05,Whole Building,2009,,,NE-HV_AirDist-SupFanMtr-cDXHP-2SpClgHtg-VFDPMMtr,1826122.090317615
Com,OfL,Ex,cDXHP,CZ05,Whole Building,2009,,,NE-HV_AirDist-SupFanMtr-cDXHP-2SpClgHtg-VFDStdMtr,1841676.7123996085
Com,OfL,Ex,cDXOH,CZ05,Whole Building,2009,,,NE-HV_AirDist-SupFanMtr-cDXOH-2SpClgHtg-Cnst,2387180.808174995
Com,OfL,Ex,cDXOH,CZ05,Whole Building,2009,,,NE-HV_AirDist-SupFanMtr-cDXOH-2SpClgHtg-VFDExMtr,1844947.736840012
Com,OfL,Ex,cDXOH,CZ05,Whole Building,2009,,,NE-HV_AirDist-SupFanMtr-cDXOH-2SpClgHtg-VFDPMMtr,1823335.916275205
Com,OfL,Ex,cDXOH,CZ05,Whole Building,2009,,,NE-HV_AirDist-SupFanMtr-cDXOH-2SpClgHtg-VFDStdMtr,1838907.7604719233
Com,OfL,Ex,cDXGF,CZ06,Whole Building,2009,,,NE-HV_AirDist-SupFanMtr-cDXGF-2SpClgHtg-Cnst,2520741.847383583
Com,OfL,Ex,cDXGF,CZ06,Whole Building,2009,,,NE-HV_AirDist-SupFanMtr-cDXGF-2SpClgHtg-VFDExMtr,2014879.1555731995
Com,OfL,Ex,cDXGF,CZ06,Whole Building,2009,,,NE-HV_AirDist-SupFanMtr-cDXGF-2SpClgHtg-VFDPMMtr,1991685.3147418974
Com,OfL,Ex,cDXGF,CZ06,Whole Building,2009,,,NE-HV_AirDist-SupFanMtr-cDXGF-2SpClgHtg-VFDStdMtr,2007818.0014295196
Com,OfL,Ex,cDXHP,CZ06,Whole Building,2009,,,NE-HV_AirDist-SupFanMtr-cDXHP-2SpClgHtg-Cnst,2515875.9461808284
Com,OfL,Ex,cDXHP,CZ06,Whole Building,2009,,,NE-HV_AirDist-SupFanMtr-cDXHP-2SpClgHtg-VFDExMtr,2024224.2302159837
Com,OfL,Ex,cDXHP,CZ06,Whole Building,2009,,,NE-HV_AirDist-SupFanMtr-cDXHP-2SpClgHtg-VFDPMMtr,2001429.5161580818
Com,OfL,Ex,cDXHP,CZ06,Whole Building,2009,,,NE-HV_AirDist-SupFanMtr-cDXHP-2SpClgHtg-VFDStdMtr,2017304.8545589678
Com,OfL,Ex,cDXOH,CZ06,Whole Building,2009,,,NE-HV_AirDist-SupFanMtr-cDXOH-2SpClgHtg-Cnst,2515412.238530983
Com,OfL,Ex,cDXOH,CZ06,Whole Building,2009,,,NE-HV_AirDist-SupFanMtr-cDXOH-2SpClgHtg-VFDExMtr,2017137.5828727041
Com,OfL,Ex,cDXOH,CZ06,Whole Building,2009,,,NE-HV_AirDist-SupFanMtr-cDXOH-2SpClgHtg-VFDPMMtr,1994658.6261299565
Com,OfL,Ex,cDXOH,CZ06,Whole Building,2009,,,NE-HV_AirDist-SupFanMtr-cDXOH-2SpClgHtg-VFDStdMtr,2010351.4174972544
Com,OfL,Ex,cDXGF,CZ07,Whole Building,2009,,,NE-HV_AirDist-SupFanMtr-cDXGF-2SpClgHtg-Cnst,2544967.5742065394
Com,OfL,Ex,cDXGF,CZ07,Whole Building,2009,,,NE-HV_AirDist-SupFanMtr-cDXGF-2SpClgHtg-VFDExMtr,2032641.1483480337
Com,OfL,Ex,cDXGF,CZ07,Whole Building,2009,,,NE-HV_AirDist-SupFanMtr-cDXGF-2SpClgHtg-VFDPMMtr,2009164.4294834798
Com,OfL,Ex,cDXGF,CZ07,Whole Building,2009,,,NE-HV_AirDist-SupFanMtr-cDXGF-2SpClgHtg-VFDStdMtr,2025536.5951920357
Com,OfL,Ex,cDXHP,CZ07,Whole Building,2009,,,NE-HV_AirDist-SupFanMtr-cDXHP-2SpClgHtg-Cnst,2540187.8546555503
Com,OfL,Ex,cDXHP,CZ07,Whole Building,2009,,,NE-HV_AirDist-SupFanMtr-cDXHP-2SpClgHtg-VFDExMtr,2041134.5896150211
Com,OfL,Ex,cDXHP,CZ07,Whole Building,2009,,,NE-HV_AirDist-SupFanMtr-cDXHP-2SpClgHtg-VFDPMMtr,2017837.2105707848
Com,OfL,Ex,cDXHP,CZ07,Whole Building,2009,,,NE-HV_AirDist-SupFanMtr-cDXHP-2SpClgHtg-VFDStdMtr,2034297.2524376789
Com,OfL,Ex,cDXOH,CZ07,Whole Building,2009,,,NE-HV_AirDist-SupFanMtr-cDXOH-2SpClgHtg-Cnst,2539587.3067825288
Com,OfL,Ex,cDXOH,CZ07,Whole Building,2009,,,NE-HV_AirDist-SupFanMtr-cDXOH-2SpClgHtg-VFDExMtr,2032991.1153469912
Com,OfL,Ex,cDXOH,CZ07,Whole Building,2009,,,NE-HV_AirDist-SupFanMtr-cDXOH-2SpClgHtg-VFDPMMtr,2009527.3043930945
Com,OfL,Ex,cDXOH,CZ07,Whole Building,2009,,,NE-HV_AirDist-SupFanMtr-cDXOH-2SpClgHtg-VFDStdMtr,2025979.2806866553
Com,OfL,Ex,cDXGF,CZ08,Whole Building,2009,,,NE-HV_AirDist-SupFanMtr-cDXGF-2SpClgHtg-Cnst,2757388.448474456
Com,OfL,Ex,cDXGF,CZ08,Whole Building,2009,,,NE-HV_AirDist-SupFanMtr-cDXGF-2SpClgHtg-VFDExMtr,2209052.8490875857
Com,OfL,Ex,cDXGF,CZ08,Whole Building,2009,,,NE-HV_AirDist-SupFanMtr-cDXGF-2SpClgHtg-VFDPMMtr,2184503.1303144884
Com,OfL,Ex,cDXGF,CZ08,Whole Building,2009,,,NE-HV_AirDist-SupFanMtr-cDXGF-2SpClgHtg-VFDStdMtr,2201429.763836439
Com,OfL,Ex,cDXHP,CZ08,Whole Building,2009,,,NE-HV_AirDist-SupFanMtr-cDXHP-2SpClgHtg-Cnst,2752417.371620044
Com,OfL,Ex,cDXHP,CZ08,Whole Building,2009,,,NE-HV_AirDist-SupFanMtr-cDXHP-2SpClgHtg-VFDExMtr,2228204.6548888334
Com,OfL,Ex,cDXHP,CZ08,Whole Building,2009,,,NE-HV_AirDist-SupFanMtr-cDXHP-2SpClgHtg-VFDPMMtr,2204385.865653568
Com,OfL,Ex,cDXHP,CZ08,Whole Building,2009,,,NE-HV_AirDist-SupFanMtr-cDXHP-2SpClgHtg-VFDStdMtr,2220720.574916489
Com,OfL,Ex,cDXOH,CZ08,Whole Building,2009,,,NE-HV_AirDist-SupFanMtr-cDXOH-2SpClgHtg-Cnst,2746707.582951739
Com,OfL,Ex,cDXOH,CZ08,Whole Building,2009,,,NE-HV_AirDist-SupFanMtr-cDXOH-2SpClgHtg-VFDExMtr,2212674.2418351257
Com,OfL,Ex,cDXOH,CZ08,Whole Building,2009,,,NE-HV_AirDist-SupFanMtr-cDXOH-2SpClgHtg-VFDPMMtr,2189163.1802471695
Com,OfL,Ex,cDXOH,CZ08,Whole Building,2009,,,NE-HV_AirDist-SupFanMtr-cDXOH-2SpClgHtg-VFDStdMtr,2205288.585245795
Com,OfL,Ex,cDXGF,CZ09,Whole Building,2009,,,NE-HV_AirDist-SupFanMtr-cDXGF-2SpClgHtg-Cnst,2801557.115641029
Com,OfL,Ex,cDXGF,CZ09,Whole Building,2009,,,NE-HV_AirDist-SupFanMtr-cDXGF-2SpClgHtg-VFDExMtr,2219563.4999897676
Com,OfL,Ex,cDXGF,CZ09,Whole Building,2009,,,NE-HV_AirDist-SupFanMtr-cDXGF-2SpClgHtg-VFDPMMtr,2194413.632053475
Com,OfL,Ex,cDXGF,CZ09,Whole Building,2009,,,NE-HV_AirDist-SupFanMtr-cDXGF-2SpClgHtg-VFDStdMtr,2211721.9134095195
Com,OfL,Ex,cDXHP,CZ09,Whole Building,2009,,,NE-HV_AirDist-SupFanMtr-cDXHP-2SpClgHtg-Cnst,2800754.63248463
Com,OfL,Ex,cDXHP,CZ09,Whole Building,2009,,,NE-HV_AirDist-SupFanMtr-cDXHP-2SpClgHtg-VFDExMtr,2244827.8301191665
Com,OfL,Ex,cDXHP,CZ09,Whole Building,2009,,,NE-HV_AirDist-SupFanMtr-cDXHP-2SpClgHtg-VFDPMMtr,2220192.8783276146
Com,OfL,Ex,cDXHP,CZ09,Whole Building,2009,,,NE-HV_AirDist-SupFanMtr-cDXHP-2SpClgHtg-VFDStdMtr,2237191.3763585864
Com,OfL,Ex,cDXOH,CZ09,Whole Building,2009,,,NE-HV_AirDist-SupFanMtr-cDXOH-2SpClgHtg-Cnst,2791696.6381453387
Com,OfL,Ex,cDXOH,CZ09,Whole Building,2009,,,NE-HV_AirDist-SupFanMtr-cDXOH-2SpClgHtg-VFDExMtr,2226118.004127203
Com,OfL,Ex,cDXOH,CZ09,Whole Building,2009,,,NE-HV_AirDist-SupFanMtr-cDXOH-2SpClgHtg-VFDPMMtr,2201375.703995815
Com,OfL,Ex,cDXOH,CZ09,Whole Building,2009,,,NE-HV_AirDist-SupFanMtr-cDXOH-2SpClgHtg-VFDStdMtr,2218548.978420462
Com,OfL,Ex,cDXGF,CZ10,Whole Building,2009,,,NE-HV_AirDist-SupFanMtr-cDXGF-2SpClgHtg-Cnst,2760199.156302865
Com,OfL,Ex,cDXGF,CZ10,Whole Building,2009,,,NE-HV_AirDist-SupFanMtr-cDXGF-2SpClgHtg-VFDExMtr,2215163.861879692
Com,OfL,Ex,cDXGF,CZ10,Whole Building,2009,,,NE-HV_AirDist-SupFanMtr-cDXGF-2SpClgHtg-VFDPMMtr,2191313.1343871136
Com,OfL,Ex,cDXGF,CZ10,Whole Building,2009,,,NE-HV_AirDist-SupFanMtr-cDXGF-2SpClgHtg-VFDStdMtr,2207448.442124672
Com,OfL,Ex,cDXHP,CZ10,Whole Building,2009,,,NE-HV_AirDist-SupFanMtr-cDXHP-2SpClgHtg-Cnst,2758389.636946242
Com,OfL,Ex,cDXHP,CZ10,Whole Building,2009,,,NE-HV_AirDist-SupFanMtr-cDXHP-2SpClgHtg-VFDExMtr,2239004.824010182
Com,OfL,Ex,cDXHP,CZ10,Whole Building,2009,,,NE-HV_AirDist-SupFanMtr-cDXHP-2SpClgHtg-VFDPMMtr,2215876.490868825
Com,OfL,Ex,cDXHP,CZ10,Whole Building,2009,,,NE-HV_AirDist-SupFanMtr-cDXHP-2SpClgHtg-VFDStdMtr,2231462.2397773373
Com,OfL,Ex,cDXOH,CZ10,Whole Building,2009,,,NE-HV_AirDist-SupFanMtr-cDXOH-2SpClgHtg-Cnst,2748675.633868608
Com,OfL,Ex,cDXOH,CZ10,Whole Building,2009,,,NE-HV_AirDist-SupFanMtr-cDXOH-2SpClgHtg-VFDExMtr,2220615.8120176345
Com,OfL,Ex,cDXOH,CZ10,Whole Building,2009,,,NE-HV_AirDist-SupFanMtr-cDXOH-2SpClgHtg-VFDPMMtr,2197540.979006108
Com,OfL,Ex,cDXOH,CZ10,Whole Building,2009,,,NE-HV_AirDist-SupFanMtr-cDXOH-2SpClgHtg-VFDStdMtr,2213250.410968662
Com,OfL,Ex,cDXGF,CZ11,Whole Building,2009,,,NE-HV_AirDist-SupFanMtr-cDXGF-2SpClgHtg-Cnst,2834575.818697467
Com,OfL,Ex,cDXGF,CZ11,Whole Building,2009,,,NE-HV_AirDist-SupFanMtr-cDXGF-2SpClgHtg-VFDExMtr,2239541.6295144144
Com,OfL,Ex,cDXGF,CZ11,Whole Building,2009,,,NE-HV_AirDist-SupFanMtr-cDXGF-2SpClgHtg-VFDPMMtr,2215176.6731587644
Com,OfL,Ex,cDXGF,CZ11,Whole Building,2009,,,NE-HV_AirDist-SupFanMtr-cDXGF-2SpClgHtg-VFDStdMtr,2231856.6559629007
Com,OfL,Ex,cDXHP,CZ11,Whole Building,2009,,,NE-HV_AirDist-SupFanMtr-cDXHP-2SpClgHtg-Cnst,2846671.1328404304
Com,OfL,Ex,cDXHP,CZ11,Whole Building,2009,,,NE-HV_AirDist-SupFanMtr-cDXHP-2SpClgHtg-VFDExMtr,2282644.734446085
Com,OfL,Ex,cDXHP,CZ11,Whole Building,2009,,,NE-HV_AirDist-SupFanMtr-cDXHP-2SpClgHtg-VFDPMMtr,2259327.004035777
Com,OfL,Ex,cDXHP,CZ11,Whole Building,2009,,,NE-HV_AirDist-SupFanMtr-cDXHP-2SpClgHtg-VFDStdMtr,2275507.6142801167
Com,OfL,Ex,cDXOH,CZ11,Whole Building,2009,,,NE-HV_AirDist-SupFanMtr-cDXOH-2SpClgHtg-Cnst,2825744.304877455
Com,OfL,Ex,cDXOH,CZ11,Whole Building,2009,,,NE-HV_AirDist-SupFanMtr-cDXOH-2SpClgHtg-VFDExMtr,2276839.649030755
Com,OfL,Ex,cDXOH,CZ11,Whole Building,2009,,,NE-HV_AirDist-SupFanMtr-cDXOH-2SpClgHtg-VFDPMMtr,2255201.8131020446
Com,OfL,Ex,cDXOH,CZ11,Whole Building,2009,,,NE-HV_AirDist-SupFanMtr-cDXOH-2SpClgHtg-VFDStdMtr,2270171.6812625853
Com,OfL,Ex,cDXGF,CZ12,Whole Building,2009,,,NE-HV_AirDist-SupFanMtr-cDXGF-2SpClgHtg-Cnst,2613764.8844325133
Com,OfL,Ex,cDXGF,CZ12,Whole Building,2009,,,NE-HV_AirDist-SupFanMtr-cDXGF-2SpClgHtg-VFDExMtr,2060075.0196658901
Com,OfL,Ex,cDXGF,CZ12,Whole Building,2009,,,NE-HV_AirDist-SupFanMtr-cDXGF-2SpClgHtg-VFDPMMtr,2037405.0430358197
Com,OfL,Ex,cDXGF,CZ12,Whole Building,2009,,,NE-HV_AirDist-SupFanMtr-cDXGF-2SpClgHtg-VFDStdMtr,2053257.039490125
Com,OfL,Ex,cDXHP,CZ12,Whole Building,2009,,,NE-HV_AirDist-SupFanMtr-cDXHP-2SpClgHtg-Cnst,2624066.7273965664
Com,OfL,Ex,cDXHP,CZ12,Whole Building,2009,,,NE-HV_AirDist-SupFanMtr-cDXHP-2SpClgHtg-VFDExMtr,2093479.7943317266
Com,OfL,Ex,cDXHP,CZ12,Whole Building,2009,,,NE-HV_AirDist-SupFanMtr-cDXHP-2SpClgHtg-VFDPMMtr,2071773.767859021
Com,OfL,Ex,cDXHP,CZ12,Whole Building,2009,,,NE-HV_AirDist-SupFanMtr-cDXHP-2SpClgHtg-VFDStdMtr,2086914.53660868
Com,OfL,Ex,cDXOH,CZ12,Whole Building,2009,,,NE-HV_AirDist-SupFanMtr-cDXOH-2SpClgHtg-Cnst,2608334.4794206247
Com,OfL,Ex,cDXOH,CZ12,Whole Building,2009,,,NE-HV_AirDist-SupFanMtr-cDXOH-2SpClgHtg-VFDExMtr,2092131.9340574201
Com,OfL,Ex,cDXOH,CZ12,Whole Building,2009,,,NE-HV_AirDist-SupFanMtr-cDXOH-2SpClgHtg-VFDPMMtr,2071994.2289496178
Com,OfL,Ex,cDXOH,CZ12,Whole Building,2009,,,NE-HV_AirDist-SupFanMtr-cDXOH-2SpClgHtg-VFDStdMtr,2086055.549861819
Com,OfL,Ex,cDXGF,CZ13,Whole Building,2009,,,NE-HV_AirDist-SupFanMtr-cDXGF-2SpClgHtg-Cnst,2841056.911071654
Com,OfL,Ex,cDXGF,CZ13,Whole Building,2009,,,NE-HV_AirDist-SupFanMtr-cDXGF-2SpClgHtg-VFDExMtr,2262836.961258734
Com,OfL,Ex,cDXGF,CZ13,Whole Building,2009,,,NE-HV_AirDist-SupFanMtr-cDXGF-2SpClgHtg-VFDPMMtr,2238803.5225834707
Com,OfL,Ex,cDXGF,CZ13,Whole Building,2009,,,NE-HV_AirDist-SupFanMtr-cDXGF-2SpClgHtg-VFDStdMtr,2255354.668467444
Com,OfL,Ex,cDXHP,CZ13,Whole Building,2009,,,NE-HV_AirDist-SupFanMtr-cDXHP-2SpClgHtg-Cnst,2849189.8789536725
Com,OfL,Ex,cDXHP,CZ13,Whole Building,2009,,,NE-HV_AirDist-SupFanMtr-cDXHP-2SpClgHtg-VFDExMtr,2300143.922399993
Com,OfL,Ex,cDXHP,CZ13,Whole Building,2009,,,NE-HV_AirDist-SupFanMtr-cDXHP-2SpClgHtg-VFDPMMtr,2277010.9990676073
Com,OfL,Ex,cDXHP,CZ13,Whole Building,2009,,,NE-HV_AirDist-SupFanMtr-cDXHP-2SpClgHtg-VFDStdMtr,2292946.395397214
Com,OfL,Ex,cDXOH,CZ13,Whole Building,2009,,,NE-HV_AirDist-SupFanMtr-cDXOH-2SpClgHtg-Cnst,2831057.3031922504
Com,OfL,Ex,cDXOH,CZ13,Whole Building,2009,,,NE-HV_AirDist-SupFanMtr-cDXOH-2SpClgHtg-VFDExMtr,2288127.7065508454
Com,OfL,Ex,cDXOH,CZ13,Whole Building,2009,,,NE-HV_AirDist-SupFanMtr-cDXOH-2SpClgHtg-VFDPMMtr,2266365.5596514572
Com,OfL,Ex,cDXOH,CZ13,Whole Building,2009,,,NE-HV_AirDist-SupFanMtr-cDXOH-2SpClgHtg-VFDStdMtr,2281488.7951962235
Com,OfL,Ex,cDXGF,CZ14,Whole Building,2009,,,NE-HV_AirDist-SupFanMtr-cDXGF-2SpClgHtg-Cnst,2860508.8779689535
Com,OfL,Ex,cDXGF,CZ14,Whole Building,2009,,,NE-HV_AirDist-SupFanMtr-cDXGF-2SpClgHtg-VFDExMtr,2261950.169845664
Com,OfL,Ex,cDXGF,CZ14,Whole Building,2009,,,NE-HV_AirDist-SupFanMtr-cDXGF-2SpClgHtg-VFDPMMtr,2236990.754932176
Com,OfL,Ex,cDXGF,CZ14,Whole Building,2009,,,NE-HV_AirDist-SupFanMtr-cDXGF-2SpClgHtg-VFDStdMtr,2254173.9067649506
Com,OfL,Ex,cDXHP,CZ14,Whole Building,2009,,,NE-HV_AirDist-SupFanMtr-cDXHP-2SpClgHtg-Cnst,2871495.4360084315
Com,OfL,Ex,cDXHP,CZ14,Whole Building,2009,,,NE-HV_AirDist-SupFanMtr-cDXHP-2SpClgHtg-VFDExMtr,2307895.8844734263
Com,OfL,Ex,cDXHP,CZ14,Whole Building,2009,,,NE-HV_AirDist-SupFanMtr-cDXHP-2SpClgHtg-VFDPMMtr,2283827.3143505515
Com,OfL,Ex,cDXHP,CZ14,Whole Building,2009,,,NE-HV_AirDist-SupFanMtr-cDXHP-2SpClgHtg-VFDStdMtr,2300232.7754291757
Com,OfL,Ex,cDXOH,CZ14,Whole Building,2009,,,NE-HV_AirDist-SupFanMtr-cDXOH-2SpClgHtg-Cnst,2849349.944707017
Com,OfL,Ex,cDXOH,CZ14,Whole Building,2009,,,NE-HV_AirDist-SupFanMtr-cDXOH-2SpClgHtg-VFDExMtr,2289847.5717002447
Com,OfL,Ex,cDXOH,CZ14,Whole Building,2009,,,NE-HV_AirDist-SupFanMtr-cDXOH-2SpClgHtg-VFDPMMtr,2266968.7068676916
Com,OfL,Ex,cDXOH,CZ14,Whole Building,2009,,,NE-HV_AirDist-SupFanMtr-cDXOH-2SpClgHtg-VFDStdMtr,2282829.574977985
Com,OfL,Ex,cDXGF,CZ15,Whole Building,2009,,,NE-HV_AirDist-SupFanMtr-cDXGF-2SpClgHtg-Cnst,3267254.7375175986
Com,OfL,Ex,cDXGF,CZ15,Whole Building,2009,,,NE-HV_AirDist-SupFanMtr-cDXGF-2SpClgHtg-VFDExMtr,2689941.5366388117
Com,OfL,Ex,cDXGF,CZ15,Whole Building,2009,,,NE-HV_AirDist-SupFanMtr-cDXGF-2SpClgHtg-VFDPMMtr,2664384.724862202
Com,OfL,Ex,cDXGF,CZ15,Whole Building,2009,,,NE-HV_AirDist-SupFanMtr-cDXGF-2SpClgHtg-VFDStdMtr,2681498.789584545
Com,OfL,Ex,cDXHP,CZ15,Whole Building,2009,,,NE-HV_AirDist-SupFanMtr-cDXHP-2SpClgHtg-Cnst,3266947.003395963
Com,OfL,Ex,cDXHP,CZ15,Whole Building,2009,,,NE-HV_AirDist-SupFanMtr-cDXHP-2SpClgHtg-VFDExMtr,2723981.9680673303
Com,OfL,Ex,cDXHP,CZ15,Whole Building,2009,,,NE-HV_AirDist-SupFanMtr-cDXHP-2SpClgHtg-VFDPMMtr,2698864.10399944
Com,OfL,Ex,cDXHP,CZ15,Whole Building,2009,,,NE-HV_AirDist-SupFanMtr-cDXHP-2SpClgHtg-VFDStdMtr,2715660.2560046543
Com,OfL,Ex,cDXOH,CZ15,Whole Building,2009,,,NE-HV_AirDist-SupFanMtr-cDXOH-2SpClgHtg-Cnst,3246500.9602843565
Com,OfL,Ex,cDXOH,CZ15,Whole Building,2009,,,NE-HV_AirDist-SupFanMtr-cDXOH-2SpClgHtg-VFDExMtr,2692127.4870024193
Com,OfL,Ex,cDXOH,CZ15,Whole Building,2009,,,NE-HV_AirDist-SupFanMtr-cDXOH-2SpClgHtg-VFDPMMtr,2666816.737921144
Com,OfL,Ex,cDXOH,CZ15,Whole Building,2009,,,NE-HV_AirDist-SupFanMtr-cDXOH-2SpClgHtg-VFDStdMtr,2683866.36085807
Com,OfL,Ex,cDXGF,CZ16,Whole Building,2009,,,NE-HV_AirDist-SupFanMtr-cDXGF-2SpClgHtg-Cnst,2617823.4980565556
Com,OfL,Ex,cDXGF,CZ16,Whole Building,2009,,,NE-HV_AirDist-SupFanMtr-cDXGF-2SpClgHtg-VFDExMtr,1960904.6094771768
Com,OfL,Ex,cDXGF,CZ16,Whole Building,2009,,,NE-HV_AirDist-SupFanMtr-cDXGF-2SpClgHtg-VFDPMMtr,1934119.892634675
Com,OfL,Ex,cDXGF,CZ16,Whole Building,2009,,,NE-HV_AirDist-SupFanMtr-cDXGF-2SpClgHtg-VFDStdMtr,1952785.6504093963
Com,OfL,Ex,cDXHP,CZ16,Whole Building,2009,,,NE-HV_AirDist-SupFanMtr-cDXHP-2SpClgHtg-Cnst,2643286.6279445337
Com,OfL,Ex,cDXHP,CZ16,Whole Building,2009,,,NE-HV_AirDist-SupFanMtr-cDXHP-2SpClgHtg-VFDExMtr,2010041.592583363
Com,OfL,Ex,cDXHP,CZ16,Whole Building,2009,,,NE-HV_AirDist-SupFanMtr-cDXHP-2SpClgHtg-VFDPMMtr,1984667.0690719828
Com,OfL,Ex,cDXHP,CZ16,Whole Building,2009,,,NE-HV_AirDist-SupFanMtr-cDXHP-2SpClgHtg-VFDStdMtr,2002577.2663166798
Com,OfL,Ex,cDXOH,CZ16,Whole Building,2009,,,NE-HV_AirDist-SupFanMtr-cDXOH-2SpClgHtg-Cnst,2621691.898391119
Com,OfL,Ex,cDXOH,CZ16,Whole Building,2009,,,NE-HV_AirDist-SupFanMtr-cDXOH-2SpClgHtg-VFDExMtr,2019319.4097332025
Com,OfL,Ex,cDXOH,CZ16,Whole Building,2009,,,NE-HV_AirDist-SupFanMtr-cDXOH-2SpClgHtg-VFDPMMtr,1996327.097144677
Com,OfL,Ex,cDXOH,CZ16,Whole Building,2009,,,NE-HV_AirDist-SupFanMtr-cDXOH-2SpClgHtg-VFDStdMtr,2013143.663546561
Com,OfS,Ex,cDXGF,CZ01,Whole Building,2009,,,NE-HV_AirDist-SupFanMtr-cDXGF-2SpClgHtg-Cnst,102891.43647938469
Com,OfS,Ex,cDXGF,CZ01,Whole Building,2009,,,NE-HV_AirDist-SupFanMtr-cDXGF-2SpClgHtg-VFDExMtr,69966.98751051299
Com,OfS,Ex,cDXGF,CZ01,Whole Building,2009,,,NE-HV_AirDist-SupFanMtr-cDXGF-2SpClgHtg-VFDPMMtr,68855.60434999873
Com,OfS,Ex,cDXGF,CZ01,Whole Building,2009,,,NE-HV_AirDist-SupFanMtr-cDXGF-2SpClgHtg-VFDStdMtr,69641.31164284736
Com,OfS,Ex,cDXHP,CZ01,Whole Building,2009,,,NE-HV_AirDist-SupFanMtr-cDXHP-2SpClgHtg-Cnst,106009.27665341024
Com,OfS,Ex,cDXHP,CZ01,Whole Building,2009,,,NE-HV_AirDist-SupFanMtr-cDXHP-2SpClgHtg-VFDExMtr,74196.46329739569
Com,OfS,Ex,cDXHP,CZ01,Whole Building,2009,,,NE-HV_AirDist-SupFanMtr-cDXHP-2SpClgHtg-VFDPMMtr,73173.60896883771
Com,OfS,Ex,cDXHP,CZ01,Whole Building,2009,,,NE-HV_AirDist-SupFanMtr-cDXHP-2SpClgHtg-VFDStdMtr,73899.49001382422
Com,OfS,Ex,cDXOH,CZ01,Whole Building,2009,,,NE-HV_AirDist-SupFanMtr-cDXOH-2SpClgHtg-Cnst,103539.66248356692
Com,OfS,Ex,cDXOH,CZ01,Whole Building,2009,,,NE-HV_AirDist-SupFanMtr-cDXOH-2SpClgHtg-VFDExMtr,76795.4450950316
Com,OfS,Ex,cDXOH,CZ01,Whole Building,2009,,,NE-HV_AirDist-SupFanMtr-cDXOH-2SpClgHtg-VFDPMMtr,76059.36731594312
Com,OfS,Ex,cDXOH,CZ01,Whole Building,2009,,,NE-HV_AirDist-SupFanMtr-cDXOH-2SpClgHtg-VFDStdMtr,76608.124883015
Com,OfS,Ex,cDXGF,CZ02,Whole Building,2009,,,NE-HV_AirDist-SupFanMtr-cDXGF-2SpClgHtg-Cnst,126411.0623934115
Com,OfS,Ex,cDXGF,CZ02,Whole Building,2009,,,NE-HV_AirDist-SupFanMtr-cDXGF-2SpClgHtg-VFDExMtr,88047.67845061087
Com,OfS,Ex,cDXGF,CZ02,Whole Building,2009,,,NE-HV_AirDist-SupFanMtr-cDXGF-2SpClgHtg-VFDPMMtr,86529.49603558613
Com,OfS,Ex,cDXGF,CZ02,Whole Building,2009,,,NE-HV_AirDist-SupFanMtr-cDXGF-2SpClgHtg-VFDStdMtr,87604.72842056435
Com,OfS,Ex,cDXHP,CZ02,Whole Building,2009,,,NE-HV_AirDist-SupFanMtr-cDXHP-2SpClgHtg-Cnst,128313.48960342325
Com,OfS,Ex,cDXHP,CZ02,Whole Building,2009,,,NE-HV_AirDist-SupFanMtr-cDXHP-2SpClgHtg-VFDExMtr,91417.5927959076
Com,OfS,Ex,cDXHP,CZ02,Whole Building,2009,,,NE-HV_AirDist-SupFanMtr-cDXHP-2SpClgHtg-VFDPMMtr,89960.77819062298
Com,OfS,Ex,cDXHP,CZ02,Whole Building,2009,,,NE-HV_AirDist-SupFanMtr-cDXHP-2SpClgHtg-VFDStdMtr,90992.07835836873
Com,OfS,Ex,cDXOH,CZ02,Whole Building,2009,,,NE-HV_AirDist-SupFanMtr-cDXOH-2SpClgHtg-Cnst,126418.6110591263
Com,OfS,Ex,cDXOH,CZ02,Whole Building,2009,,,NE-HV_AirDist-SupFanMtr-cDXOH-2SpClgHtg-VFDExMtr,92585.73774752957
Com,OfS,Ex,cDXOH,CZ02,Whole Building,2009,,,NE-HV_AirDist-SupFanMtr-cDXOH-2SpClgHtg-VFDPMMtr,91346.3885262825
Com,OfS,Ex,cDXOH,CZ02,Whole Building,2009,,,NE-HV_AirDist-SupFanMtr-cDXOH-2SpClgHtg-VFDStdMtr,92229.9500292975
Com,OfS,Ex,cDXGF,CZ03,Whole Building,2009,,,NE-HV_AirDist-SupFanMtr-cDXGF-2SpClgHtg-Cnst,115722.92103268026
Com,OfS,Ex,cDXGF,CZ03,Whole Building,2009,,,NE-HV_AirDist-SupFanMtr-cDXGF-2SpClgHtg-VFDExMtr,79348.1103364188
Com,OfS,Ex,cDXGF,CZ03,Whole Building,2009,,,NE-HV_AirDist-SupFanMtr-cDXGF-2SpClgHtg-VFDPMMtr,77925.40346581745
Com,OfS,Ex,cDXGF,CZ03,Whole Building,2009,,,NE-HV_AirDist-SupFanMtr-cDXGF-2SpClgHtg-VFDStdMtr,78948.42695038584
Com,OfS,Ex,cDXHP,CZ03,Whole Building,2009,,,NE-HV_AirDist-SupFanMtr-cDXHP-2SpClgHtg-Cnst,116675.00978486006
Com,OfS,Ex,cDXHP,CZ03,Whole Building,2009,,,NE-HV_AirDist-SupFanMtr-cDXHP-2SpClgHtg-VFDExMtr,81099.97688476657
Com,OfS,Ex,cDXHP,CZ03,Whole Building,2009,,,NE-HV_AirDist-SupFanMtr-cDXHP-2SpClgHtg-VFDPMMtr,79735.65881402233
Com,OfS,Ex,cDXHP,CZ03,Whole Building,2009,,,NE-HV_AirDist-SupFanMtr-cDXHP-2SpClgHtg-VFDStdMtr,80717.31920967995
Com,OfS,Ex,cDXOH,CZ03,Whole Building,2009,,,NE-HV_AirDist-SupFanMtr-cDXOH-2SpClgHtg-Cnst,115704.8594164325
Com,OfS,Ex,cDXOH,CZ03,Whole Building,2009,,,NE-HV_AirDist-SupFanMtr-cDXOH-2SpClgHtg-VFDExMtr,81859.88010618354
Com,OfS,Ex,cDXOH,CZ03,Whole Building,2009,,,NE-HV_AirDist-SupFanMtr-cDXOH-2SpClgHtg-VFDPMMtr,80618.7476738668
Com,OfS,Ex,cDXOH,CZ03,Whole Building,2009,,,NE-HV_AirDist-SupFanMtr-cDXOH-2SpClgHtg-VFDStdMtr,81507.31601397974
Com,OfS,Ex,cDXGF,CZ04,Whole Building,2009,,,NE-HV_AirDist-SupFanMtr-cDXGF-2SpClgHtg-Cnst,138583.81619694323
Com,OfS,Ex,cDXGF,CZ04,Whole Building,2009,,,NE-HV_AirDist-SupFanMtr-cDXGF-2SpClgHtg-VFDExMtr,98980.6792965604
Com,OfS,Ex,cDXGF,CZ04,Whole Building,2009,,,NE-HV_AirDist-SupFanMtr-cDXGF-2SpClgHtg-VFDPMMtr,97404.36917483856
Com,OfS,Ex,cDXGF,CZ04,Whole Building,2009,,,NE-HV_AirDist-SupFanMtr-cDXGF-2SpClgHtg-VFDStdMtr,98497.71971769296
Com,OfS,Ex,cDXHP,CZ04,Whole Building,2009,,,NE-HV_AirDist-SupFanMtr-cDXHP-2SpClgHtg-Cnst,140141.6478980275
Com,OfS,Ex,cDXHP,CZ04,Whole Building,2009,,,NE-HV_AirDist-SupFanMtr-cDXHP-2SpClgHtg-VFDExMtr,102653.21735296688
Com,OfS,Ex,cDXHP,CZ04,Whole Building,2009,,,NE-HV_AirDist-SupFanMtr-cDXHP-2SpClgHtg-VFDPMMtr,101144.31096847777
Com,OfS,Ex,cDXHP,CZ04,Whole Building,2009,,,NE-HV_AirDist-SupFanMtr-cDXHP-2SpClgHtg-VFDStdMtr,102188.21329058257
Com,OfS,Ex,cDXOH,CZ04,Whole Building,2009,,,NE-HV_AirDist-SupFanMtr-cDXOH-2SpClgHtg-Cnst,138137.16621680197
Com,OfS,Ex,cDXOH,CZ04,Whole Building,2009,,,NE-HV_AirDist-SupFanMtr-cDXOH-2SpClgHtg-VFDExMtr,102539.34615062474
Com,OfS,Ex,cDXOH,CZ04,Whole Building,2009,,,NE-HV_AirDist-SupFanMtr-cDXOH-2SpClgHtg-VFDPMMtr,101218.79365113954
Com,OfS,Ex,cDXOH,CZ04,Whole Building,2009,,,NE-HV_AirDist-SupFanMtr-cDXOH-2SpClgHtg-VFDStdMtr,102148.37868734011
Com,OfS,Ex,cDXGF,CZ05,Whole Building,2009,,,NE-HV_AirDist-SupFanMtr-cDXGF-2SpClgHtg-Cnst,119676.18575404835
Com,OfS,Ex,cDXGF,CZ05,Whole Building,2009,,,NE-HV_AirDist-SupFanMtr-cDXGF-2SpClgHtg-VFDExMtr,82047.91825156962
Com,OfS,Ex,cDXGF,CZ05,Whole Building,2009,,,NE-HV_AirDist-SupFanMtr-cDXGF-2SpClgHtg-VFDPMMtr,80576.73953120456
Com,OfS,Ex,cDXGF,CZ05,Whole Building,2009,,,NE-HV_AirDist-SupFanMtr-cDXGF-2SpClgHtg-VFDStdMtr,81613.73419677473
Com,OfS,Ex,cDXHP,CZ05,Whole Building,2009,,,NE-HV_AirDist-SupFanMtr-cDXHP-2SpClgHtg-Cnst,120432.1475991962
Com,OfS,Ex,cDXHP,CZ05,Whole Building,2009,,,NE-HV_AirDist-SupFanMtr-cDXHP-2SpClgHtg-VFDExMtr,83652.84213115627
Com,OfS,Ex,cDXHP,CZ05,Whole Building,2009,,,NE-HV_AirDist-SupFanMtr-cDXHP-2SpClgHtg-VFDPMMtr,82229.88095250085
Com,OfS,Ex,cDXHP,CZ05,Whole Building,2009,,,NE-HV_AirDist-SupFanMtr-cDXHP-2SpClgHtg-VFDStdMtr,83229.90440549784
Com,OfS,Ex,cDXOH,CZ05,Whole Building,2009,,,NE-HV_AirDist-SupFanMtr-cDXOH-2SpClgHtg-Cnst,119546.32986566244
Com,OfS,Ex,cDXOH,CZ05,Whole Building,2009,,,NE-HV_AirDist-SupFanMtr-cDXOH-2SpClgHtg-VFDExMtr,83758.84469126172
Com,OfS,Ex,cDXOH,CZ05,Whole Building,2009,,,NE-HV_AirDist-SupFanMtr-cDXOH-2SpClgHtg-VFDPMMtr,82410.50194578958
Com,OfS,Ex,cDXOH,CZ05,Whole Building,2009,,,NE-HV_AirDist-SupFanMtr-cDXOH-2SpClgHtg-VFDStdMtr,83370.266656162
Com,OfS,Ex,cDXGF,CZ06,Whole Building,2009,,,NE-HV_AirDist-SupFanMtr-cDXGF-2SpClgHtg-Cnst,127262.0062890007
Com,OfS,Ex,cDXGF,CZ06,Whole Building,2009,,,NE-HV_AirDist-SupFanMtr-cDXGF-2SpClgHtg-VFDExMtr,92271.39675327897
Com,OfS,Ex,cDXGF,CZ06,Whole Building,2009,,,NE-HV_AirDist-SupFanMtr-cDXGF-2SpClgHtg-VFDPMMtr,90742.16235772644
Com,OfS,Ex,cDXGF,CZ06,Whole Building,2009,,,NE-HV_AirDist-SupFanMtr-cDXGF-2SpClgHtg-VFDStdMtr,91792.6651920535
Com,OfS,Ex,cDXHP,CZ06,Whole Building,2009,,,NE-HV_AirDist-SupFanMtr-cDXHP-2SpClgHtg-Cnst,126899.85437274895
Com,OfS,Ex,cDXHP,CZ06,Whole Building,2009,,,NE-HV_AirDist-SupFanMtr-cDXHP-2SpClgHtg-VFDExMtr,93113.28180564125
Com,OfS,Ex,cDXHP,CZ06,Whole Building,2009,,,NE-HV_AirDist-SupFanMtr-cDXHP-2SpClgHtg-VFDPMMtr,91605.9972404746
Com,OfS,Ex,cDXHP,CZ06,Whole Building,2009,,,NE-HV_AirDist-SupFanMtr-cDXHP-2SpClgHtg-VFDStdMtr,92644.41849301608
Com,OfS,Ex,cDXOH,CZ06,Whole Building,2009,,,NE-HV_AirDist-SupFanMtr-cDXOH-2SpClgHtg-Cnst,126832.82324070782
Com,OfS,Ex,cDXOH,CZ06,Whole Building,2009,,,NE-HV_AirDist-SupFanMtr-cDXOH-2SpClgHtg-VFDExMtr,92634.97682090795
Com,OfS,Ex,cDXOH,CZ06,Whole Building,2009,,,NE-HV_AirDist-SupFanMtr-cDXOH-2SpClgHtg-VFDPMMtr,91146.18673865958
Com,OfS,Ex,cDXOH,CZ06,Whole Building,2009,,,NE-HV_AirDist-SupFanMtr-cDXOH-2SpClgHtg-VFDStdMtr,92183.67972303806
Com,OfS,Ex,cDXGF,CZ07,Whole Building,2009,,,NE-HV_AirDist-SupFanMtr-cDXGF-2SpClgHtg-Cnst,128532.16641562383
Com,OfS,Ex,cDXGF,CZ07,Whole Building,2009,,,NE-HV_AirDist-SupFanMtr-cDXGF-2SpClgHtg-VFDExMtr,92819.58826419359
Com,OfS,Ex,cDXGF,CZ07,Whole Building,2009,,,NE-HV_AirDist-SupFanMtr-cDXGF-2SpClgHtg-VFDPMMtr,91306.57976192697
Com,OfS,Ex,cDXGF,CZ07,Whole Building,2009,,,NE-HV_AirDist-SupFanMtr-cDXGF-2SpClgHtg-VFDStdMtr,92370.92982535333
Com,OfS,Ex,cDXHP,CZ07,Whole Building,2009,,,NE-HV_AirDist-SupFanMtr-cDXHP-2SpClgHtg-Cnst,128226.68049200664
Com,OfS,Ex,cDXHP,CZ07,Whole Building,2009,,,NE-HV_AirDist-SupFanMtr-cDXHP-2SpClgHtg-VFDExMtr,93591.79087941503
Com,OfS,Ex,cDXHP,CZ07,Whole Building,2009,,,NE-HV_AirDist-SupFanMtr-cDXHP-2SpClgHtg-VFDPMMtr,92100.98341605449
Com,OfS,Ex,cDXHP,CZ07,Whole Building,2009,,,NE-HV_AirDist-SupFanMtr-cDXHP-2SpClgHtg-VFDStdMtr,93154.44230486795
Com,OfS,Ex,cDXOH,CZ07,Whole Building,2009,,,NE-HV_AirDist-SupFanMtr-cDXOH-2SpClgHtg-Cnst,128116.9269037886
Com,OfS,Ex,cDXOH,CZ07,Whole Building,2009,,,NE-HV_AirDist-SupFanMtr-cDXOH-2SpClgHtg-VFDExMtr,92907.65027846866
Com,OfS,Ex,cDXOH,CZ07,Whole Building,2009,,,NE-HV_AirDist-SupFanMtr-cDXOH-2SpClgHtg-VFDPMMtr,91407.65786042665
Com,OfS,Ex,cDXOH,CZ07,Whole Building,2009,,,NE-HV_AirDist-SupFanMtr-cDXOH-2SpClgHtg-VFDStdMtr,92469.6993389776
Com,OfS,Ex,cDXGF,CZ08,Whole Building,2009,,,NE-HV_AirDist-SupFanMtr-cDXGF-2SpClgHtg-Cnst,143435.29030248444
Com,OfS,Ex,cDXGF,CZ08,Whole Building,2009,,,NE-HV_AirDist-SupFanMtr-cDXGF-2SpClgHtg-VFDExMtr,104946.46638495936
Com,OfS,Ex,cDXGF,CZ08,Whole Building,2009,,,NE-HV_AirDist-SupFanMtr-cDXGF-2SpClgHtg-VFDPMMtr,103268.77939496432
Com,OfS,Ex,cDXGF,CZ08,Whole Building,2009,,,NE-HV_AirDist-SupFanMtr-cDXGF-2SpClgHtg-VFDStdMtr,104432.24495109361
Com,OfS,Ex,cDXHP,CZ08,Whole Building,2009,,,NE-HV_AirDist-SupFanMtr-cDXHP-2SpClgHtg-Cnst,143320.16691889192
Com,OfS,Ex,cDXHP,CZ08,Whole Building,2009,,,NE-HV_AirDist-SupFanMtr-cDXHP-2SpClgHtg-VFDExMtr,106760.73264709527
Com,OfS,Ex,cDXHP,CZ08,Whole Building,2009,,,NE-HV_AirDist-SupFanMtr-cDXHP-2SpClgHtg-VFDPMMtr,105111.53314316612
Com,OfS,Ex,cDXHP,CZ08,Whole Building,2009,,,NE-HV_AirDist-SupFanMtr-cDXHP-2SpClgHtg-VFDStdMtr,106254.87544215345
Com,OfS,Ex,cDXOH,CZ08,Whole Building,2009,,,NE-HV_AirDist-SupFanMtr-cDXOH-2SpClgHtg-Cnst,142717.1965457854
Com,OfS,Ex,cDXOH,CZ08,Whole Building,2009,,,NE-HV_AirDist-SupFanMtr-cDXOH-2SpClgHtg-VFDExMtr,105417.06532548816
Com,OfS,Ex,cDXOH,CZ08,Whole Building,2009,,,NE-HV_AirDist-SupFanMtr-cDXOH-2SpClgHtg-VFDPMMtr,103812.56589707678
Com,OfS,Ex,cDXOH,CZ08,Whole Building,2009,,,NE-HV_AirDist-SupFanMtr-cDXOH-2SpClgHtg-VFDStdMtr,104931.00849225839
Com,OfS,Ex,cDXGF,CZ09,Whole Building,2009,,,NE-HV_AirDist-SupFanMtr-cDXGF-2SpClgHtg-Cnst,147416.44936201558
Com,OfS,Ex,cDXGF,CZ09,Whole Building,2009,,,NE-HV_AirDist-SupFanMtr-cDXGF-2SpClgHtg-VFDExMtr,106449.4439654344
Com,OfS,Ex,cDXGF,CZ09,Whole Building,2009,,,NE-HV_AirDist-SupFanMtr-cDXGF-2SpClgHtg-VFDPMMtr,104703.0149577609
Com,OfS,Ex,cDXGF,CZ09,Whole Building,2009,,,NE-HV_AirDist-SupFanMtr-cDXGF-2SpClgHtg-VFDStdMtr,105922.9771856907
Com,OfS,Ex,cDXHP,CZ09,Whole Building,2009,,,NE-HV_AirDist-SupFanMtr-cDXHP-2SpClgHtg-Cnst,147600.60499580763
Com,OfS,Ex,cDXHP,CZ09,Whole Building,2009,,,NE-HV_AirDist-SupFanMtr-cDXHP-2SpClgHtg-VFDExMtr,108870.53678899683
Com,OfS,Ex,cDXHP,CZ09,Whole Building,2009,,,NE-HV_AirDist-SupFanMtr-cDXHP-2SpClgHtg-VFDPMMtr,107173.94023711393
Com,OfS,Ex,cDXHP,CZ09,Whole Building,2009,,,NE-HV_AirDist-SupFanMtr-cDXHP-2SpClgHtg-VFDStdMtr,108362.00442805066
Com,OfS,Ex,cDXOH,CZ09,Whole Building,2009,,,NE-HV_AirDist-SupFanMtr-cDXOH-2SpClgHtg-Cnst,146691.3927587937
Com,OfS,Ex,cDXOH,CZ09,Whole Building,2009,,,NE-HV_AirDist-SupFanMtr-cDXOH-2SpClgHtg-VFDExMtr,107291.1012388223
Com,OfS,Ex,cDXOH,CZ09,Whole Building,2009,,,NE-HV_AirDist-SupFanMtr-cDXOH-2SpClgHtg-VFDPMMtr,105612.45472407261
Com,OfS,Ex,cDXOH,CZ09,Whole Building,2009,,,NE-HV_AirDist-SupFanMtr-cDXOH-2SpClgHtg-VFDStdMtr,106775.86805844637
Com,OfS,Ex,cDXGF,CZ10,Whole Building,2009,,,NE-HV_AirDist-SupFanMtr-cDXGF-2SpClgHtg-Cnst,141922.42275670145
Com,OfS,Ex,cDXGF,CZ10,Whole Building,2009,,,NE-HV_AirDist-SupFanMtr-cDXGF-2SpClgHtg-VFDExMtr,104022.97460997988
Com,OfS,Ex,cDXGF,CZ10,Whole Building,2009,,,NE-HV_AirDist-SupFanMtr-cDXGF-2SpClgHtg-VFDPMMtr,102423.73696170944
Com,OfS,Ex,cDXGF,CZ10,Whole Building,2009,,,NE-HV_AirDist-SupFanMtr-cDXGF-2SpClgHtg-VFDStdMtr,103518.28207523779
Com,OfS,Ex,cDXHP,CZ10,Whole Building,2009,,,NE-HV_AirDist-SupFanMtr-cDXHP-2SpClgHtg-Cnst,142097.87842016845
Com,OfS,Ex,cDXHP,CZ10,Whole Building,2009,,,NE-HV_AirDist-SupFanMtr-cDXHP-2SpClgHtg-VFDExMtr,106441.7560738478
Com,OfS,Ex,cDXHP,CZ10,Whole Building,2009,,,NE-HV_AirDist-SupFanMtr-cDXHP-2SpClgHtg-VFDPMMtr,104896.74458888275
Com,OfS,Ex,cDXHP,CZ10,Whole Building,2009,,,NE-HV_AirDist-SupFanMtr-cDXHP-2SpClgHtg-VFDStdMtr,105955.45459149969
Com,OfS,Ex,cDXOH,CZ10,Whole Building,2009,,,NE-HV_AirDist-SupFanMtr-cDXOH-2SpClgHtg-Cnst,141121.81937456786
Com,OfS,Ex,cDXOH,CZ10,Whole Building,2009,,,NE-HV_AirDist-SupFanMtr-cDXOH-2SpClgHtg-VFDExMtr,104796.31695732314
Com,OfS,Ex,cDXOH,CZ10,Whole Building,2009,,,NE-HV_AirDist-SupFanMtr-cDXOH-2SpClgHtg-VFDPMMtr,103264.00389623473
Com,OfS,Ex,cDXOH,CZ10,Whole Building,2009,,,NE-HV_AirDist-SupFanMtr-cDXOH-2SpClgHtg-VFDStdMtr,104327.56764462905
Com,OfS,Ex,cDXGF,CZ11,Whole Building,2009,,,NE-HV_AirDist-SupFanMtr-cDXGF-2SpClgHtg-Cnst,152330.06711969414
Com,OfS,Ex,cDXGF,CZ11,Whole Building,2009,,,NE-HV_AirDist-SupFanMtr-cDXGF-2SpClgHtg-VFDExMtr,110553.15291200696
Com,OfS,Ex,cDXGF,CZ11,Whole Building,2009,,,NE-HV_AirDist-SupFanMtr-cDXGF-2SpClgHtg-VFDPMMtr,108853.80341489051
Com,OfS,Ex,cDXGF,CZ11,Whole Building,2009,,,NE-HV_AirDist-SupFanMtr-cDXGF-2SpClgHtg-VFDStdMtr,110007.78956871049
Com,OfS,Ex,cDXHP,CZ11,Whole Building,2009,,,NE-HV_AirDist-SupFanMtr-cDXHP-2SpClgHtg-Cnst,154247.82543680293
Com,OfS,Ex,cDXHP,CZ11,Whole Building,2009,,,NE-HV_AirDist-SupFanMtr-cDXHP-2SpClgHtg-VFDExMtr,115379.0753561646
Com,OfS,Ex,cDXHP,CZ11,Whole Building,2009,,,NE-HV_AirDist-SupFanMtr-cDXHP-2SpClgHtg-VFDPMMtr,113779.97199769676
Com,OfS,Ex,cDXHP,CZ11,Whole Building,2009,,,NE-HV_AirDist-SupFanMtr-cDXHP-2SpClgHtg-VFDStdMtr,114867.32457215586
Com,OfS,Ex,cDXOH,CZ11,Whole Building,2009,,,NE-HV_AirDist-SupFanMtr-cDXOH-2SpClgHtg-Cnst,151970.0092218351
Com,OfS,Ex,cDXOH,CZ11,Whole Building,2009,,,NE-HV_AirDist-SupFanMtr-cDXOH-2SpClgHtg-VFDExMtr,115574.55565624451
Com,OfS,Ex,cDXOH,CZ11,Whole Building,2009,,,NE-HV_AirDist-SupFanMtr-cDXOH-2SpClgHtg-VFDPMMtr,114190.06473781
Com,OfS,Ex,cDXOH,CZ11,Whole Building,2009,,,NE-HV_AirDist-SupFanMtr-cDXOH-2SpClgHtg-VFDStdMtr,115141.87168265137
Com,OfS,Ex,cDXGF,CZ12,Whole Building,2009,,,NE-HV_AirDist-SupFanMtr-cDXGF-2SpClgHtg-Cnst,135491.79716029108
Com,OfS,Ex,cDXGF,CZ12,Whole Building,2009,,,NE-HV_AirDist-SupFanMtr-cDXGF-2SpClgHtg-VFDExMtr,97981.45513113745
Com,OfS,Ex,cDXGF,CZ12,Whole Building,2009,,,NE-HV_AirDist-SupFanMtr-cDXGF-2SpClgHtg-VFDPMMtr,96443.76953713213
Com,OfS,Ex,cDXGF,CZ12,Whole Building,2009,,,NE-HV_AirDist-SupFanMtr-cDXGF-2SpClgHtg-VFDStdMtr,97499.57988580765
Com,OfS,Ex,cDXHP,CZ12,Whole Building,2009,,,NE-HV_AirDist-SupFanMtr-cDXHP-2SpClgHtg-Cnst,137200.37450845283
Com,OfS,Ex,cDXHP,CZ12,Whole Building,2009,,,NE-HV_AirDist-SupFanMtr-cDXHP-2SpClgHtg-VFDExMtr,101658.23557734744
Com,OfS,Ex,cDXHP,CZ12,Whole Building,2009,,,NE-HV_AirDist-SupFanMtr-cDXHP-2SpClgHtg-VFDPMMtr,100201.17806795964
Com,OfS,Ex,cDXHP,CZ12,Whole Building,2009,,,NE-HV_AirDist-SupFanMtr-cDXHP-2SpClgHtg-VFDStdMtr,101198.3707444012
Com,OfS,Ex,cDXOH,CZ12,Whole Building,2009,,,NE-HV_AirDist-SupFanMtr-cDXOH-2SpClgHtg-Cnst,135330.18326475745
Com,OfS,Ex,cDXOH,CZ12,Whole Building,2009,,,NE-HV_AirDist-SupFanMtr-cDXOH-2SpClgHtg-VFDExMtr,102608.35635601242
Com,OfS,Ex,cDXOH,CZ12,Whole Building,2009,,,NE-HV_AirDist-SupFanMtr-cDXOH-2SpClgHtg-VFDPMMtr,101337.46571970145
Com,OfS,Ex,cDXOH,CZ12,Whole Building,2009,,,NE-HV_AirDist-SupFanMtr-cDXOH-2SpClgHtg-VFDStdMtr,102220.65937718563
Com,OfS,Ex,cDXGF,CZ13,Whole Building,2009,,,NE-HV_AirDist-SupFanMtr-cDXGF-2SpClgHtg-Cnst,151979.1038362451
Com,OfS,Ex,cDXGF,CZ13,Whole Building,2009,,,NE-HV_AirDist-SupFanMtr-cDXGF-2SpClgHtg-VFDExMtr,111414.56796184169
Com,OfS,Ex,cDXGF,CZ13,Whole Building,2009,,,NE-HV_AirDist-SupFanMtr-cDXGF-2SpClgHtg-VFDPMMtr,109724.17336601147
Com,OfS,Ex,cDXGF,CZ13,Whole Building,2009,,,NE-HV_AirDist-SupFanMtr-cDXGF-2SpClgHtg-VFDStdMtr,110877.14103922951
Com,OfS,Ex,cDXHP,CZ13,Whole Building,2009,,,NE-HV_AirDist-SupFanMtr-cDXHP-2SpClgHtg-Cnst,153454.81259894613
Com,OfS,Ex,cDXHP,CZ13,Whole Building,2009,,,NE-HV_AirDist-SupFanMtr-cDXHP-2SpClgHtg-VFDExMtr,115586.67958861808
Com,OfS,Ex,cDXHP,CZ13,Whole Building,2009,,,NE-HV_AirDist-SupFanMtr-cDXHP-2SpClgHtg-VFDPMMtr,113975.7342949929
Com,OfS,Ex,cDXHP,CZ13,Whole Building,2009,,,NE-HV_AirDist-SupFanMtr-cDXHP-2SpClgHtg-VFDStdMtr,115081.11557996855
Com,OfS,Ex,cDXOH,CZ13,Whole Building,2009,,,NE-HV_AirDist-SupFanMtr-cDXOH-2SpClgHtg-Cnst,151489.65041498526
Com,OfS,Ex,cDXOH,CZ13,Whole Building,2009,,,NE-HV_AirDist-SupFanMtr-cDXOH-2SpClgHtg-VFDExMtr,115358.62257803182
Com,OfS,Ex,cDXOH,CZ13,Whole Building,2009,,,NE-HV_AirDist-SupFanMtr-cDXOH-2SpClgHtg-VFDPMMtr,113904.81761916661
Com,OfS,Ex,cDXOH,CZ13,Whole Building,2009,,,NE-HV_AirDist-SupFanMtr-cDXOH-2SpClgHtg-VFDStdMtr,114903.97376037702
Com,OfS,Ex,cDXGF,CZ14,Whole Building,2009,,,NE-HV_AirDist-SupFanMtr-cDXGF-2SpClgHtg-Cnst,152003.49695657627
Com,OfS,Ex,cDXGF,CZ14,Whole Building,2009,,,NE-HV_AirDist-SupFanMtr-cDXGF-2SpClgHtg-VFDExMtr,110569.12976159508
Com,OfS,Ex,cDXGF,CZ14,Whole Building,2009,,,NE-HV_AirDist-SupFanMtr-cDXGF-2SpClgHtg-VFDPMMtr,108856.18363452448
Com,OfS,Ex,cDXGF,CZ14,Whole Building,2009,,,NE-HV_AirDist-SupFanMtr-cDXGF-2SpClgHtg-VFDStdMtr,110029.6641729651
Com,OfS,Ex,cDXHP,CZ14,Whole Building,2009,,,NE-HV_AirDist-SupFanMtr-cDXHP-2SpClgHtg-Cnst,153450.96531061368
Com,OfS,Ex,cDXHP,CZ14,Whole Building,2009,,,NE-HV_AirDist-SupFanMtr-cDXHP-2SpClgHtg-VFDExMtr,115210.4477817472
Com,OfS,Ex,cDXHP,CZ14,Whole Building,2009,,,NE-HV_AirDist-SupFanMtr-cDXHP-2SpClgHtg-VFDPMMtr,113586.40466973915
Com,OfS,Ex,cDXHP,CZ14,Whole Building,2009,,,NE-HV_AirDist-SupFanMtr-cDXHP-2SpClgHtg-VFDStdMtr,114701.97686944873
Com,OfS,Ex,cDXOH,CZ14,Whole Building,2009,,,NE-HV_AirDist-SupFanMtr-cDXOH-2SpClgHtg-Cnst,151228.46984779398
Com,OfS,Ex,cDXOH,CZ14,Whole Building,2009,,,NE-HV_AirDist-SupFanMtr-cDXOH-2SpClgHtg-VFDExMtr,113955.27149807809
Com,OfS,Ex,cDXOH,CZ14,Whole Building,2009,,,NE-HV_AirDist-SupFanMtr-cDXOH-2SpClgHtg-VFDPMMtr,112454.91910453046
Com,OfS,Ex,cDXOH,CZ14,Whole Building,2009,,,NE-HV_AirDist-SupFanMtr-cDXOH-2SpClgHtg-VFDStdMtr,113498.41404896969
Com,OfS,Ex,cDXGF,CZ15,Whole Building,2009,,,NE-HV_AirDist-SupFanMtr-cDXGF-2SpClgHtg-Cnst,179466.03162577984
Com,OfS,Ex,cDXGF,CZ15,Whole Building,2009,,,NE-HV_AirDist-SupFanMtr-cDXGF-2SpClgHtg-VFDExMtr,136824.55759194607
Com,OfS,Ex,cDXGF,CZ15,Whole Building,2009,,,NE-HV_AirDist-SupFanMtr-cDXGF-2SpClgHtg-VFDPMMtr,134967.1577930906
Com,OfS,Ex,cDXGF,CZ15,Whole Building,2009,,,NE-HV_AirDist-SupFanMtr-cDXGF-2SpClgHtg-VFDStdMtr,136224.86418969737
Com,OfS,Ex,cDXHP,CZ15,Whole Building,2009,,,NE-HV_AirDist-SupFanMtr-cDXHP-2SpClgHtg-Cnst,179617.78668504997
Com,OfS,Ex,cDXHP,CZ15,Whole Building,2009,,,NE-HV_AirDist-SupFanMtr-cDXHP-2SpClgHtg-VFDExMtr,141142.95497061312
Com,OfS,Ex,cDXHP,CZ15,Whole Building,2009,,,NE-HV_AirDist-SupFanMtr-cDXHP-2SpClgHtg-VFDPMMtr,139345.92355902292
Com,OfS,Ex,cDXHP,CZ15,Whole Building,2009,,,NE-HV_AirDist-SupFanMtr-cDXHP-2SpClgHtg-VFDStdMtr,140561.36506349273
Com,OfS,Ex,cDXOH,CZ15,Whole Building,2009,,,NE-HV_AirDist-SupFanMtr-cDXOH-2SpClgHtg-Cnst,177966.39247447095
Com,OfS,Ex,cDXOH,CZ15,Whole Building,2009,,,NE-HV_AirDist-SupFanMtr-cDXOH-2SpClgHtg-VFDExMtr,137026.65151791577
Com,OfS,Ex,cDXOH,CZ15,Whole Building,2009,,,NE-HV_AirDist-SupFanMtr-cDXOH-2SpClgHtg-VFDPMMtr,135204.97225787176
Com,OfS,Ex,cDXOH,CZ15,Whole Building,2009,,,NE-HV_AirDist-SupFanMtr-cDXOH-2SpClgHtg-VFDStdMtr,136437.17688800933
Com,OfS,Ex,cDXGF,CZ16,Whole Building,2009,,,NE-HV_AirDist-SupFanMtr-cDXGF-2SpClgHtg-Cnst,136041.0419663778
Com,OfS,Ex,cDXGF,CZ16,Whole Building,2009,,,NE-HV_AirDist-SupFanMtr-cDXGF-2SpClgHtg-VFDExMtr,91748.3038779625
Com,OfS,Ex,cDXGF,CZ16,Whole Building,2009,,,NE-HV_AirDist-SupFanMtr-cDXGF-2SpClgHtg-VFDPMMtr,89999.02164751329
Com,OfS,Ex,cDXGF,CZ16,Whole Building,2009,,,NE-HV_AirDist-SupFanMtr-cDXGF-2SpClgHtg-VFDStdMtr,91216.67059550577
Com,OfS,Ex,cDXHP,CZ16,Whole Building,2009,,,NE-HV_AirDist-SupFanMtr-cDXHP-2SpClgHtg-Cnst,139789.49095155136
Com,OfS,Ex,cDXHP,CZ16,Whole Building,2009,,,NE-HV_AirDist-SupFanMtr-cDXHP-2SpClgHtg-VFDExMtr,97641.59985796815
Com,OfS,Ex,cDXHP,CZ16,Whole Building,2009,,,NE-HV_AirDist-SupFanMtr-cDXHP-2SpClgHtg-VFDPMMtr,96015.06167356178
Com,OfS,Ex,cDXHP,CZ16,Whole Building,2009,,,NE-HV_AirDist-SupFanMtr-cDXHP-2SpClgHtg-VFDStdMtr,97155.05209817749
Com,OfS,Ex,cDXOH,CZ16,Whole Building,2009,,,NE-HV_AirDist-SupFanMtr-cDXOH-2SpClgHtg-Cnst,136918.4791877751
Com,OfS,Ex,cDXOH,CZ16,Whole Building,2009,,,NE-HV_AirDist-SupFanMtr-cDXOH-2SpClgHtg-VFDExMtr,99836.64084202559
Com,OfS,Ex,cDXOH,CZ16,Whole Building,2009,,,NE-HV_AirDist-SupFanMtr-cDXOH-2SpClgHtg-VFDPMMtr,98529.48939404223
Com,OfS,Ex,cDXOH,CZ16,Whole Building,2009,,,NE-HV_AirDist-SupFanMtr-cDXOH-2SpClgHtg-VFDStdMtr,99463.58359901038
Com,RFF,Ex,cDXGF,CZ01,Whole Building,2009,,,NE-HV_AirDist-SupFanMtr-cDXGF-2SpClgHtg-Cnst,51227.91345705592
Com,RFF,Ex,cDXGF,CZ01,Whole Building,2009,,,NE-HV_AirDist-SupFanMtr-cDXGF-2SpClgHtg-VFDExMtr,43230.81036601579
Com,RFF,Ex,cDXGF,CZ01,Whole Building,2009,,,NE-HV_AirDist-SupFanMtr-cDXGF-2SpClgHtg-VFDPMMtr,42941.0712394079
Com,RFF,Ex,cDXGF,CZ01,Whole Building,2009,,,NE-HV_AirDist-SupFanMtr-cDXGF-2SpClgHtg-VFDStdMtr,43141.41373374807
Com,RFF,Ex,cDXHP,CZ01,Whole Building,2009,,,NE-HV_AirDist-SupFanMtr-cDXHP-2SpClgHtg-Cnst,52912.2104874784
Com,RFF,Ex,cDXHP,CZ01,Whole Building,2009,,,NE-HV_AirDist-SupFanMtr-cDXHP-2SpClgHtg-VFDExMtr,45134.96472319008
Com,RFF,Ex,cDXHP,CZ01,Whole Building,2009,,,NE-HV_AirDist-SupFanMtr-cDXHP-2SpClgHtg-VFDPMMtr,44873.47276933208
Com,RFF,Ex,cDXHP,CZ01,Whole Building,2009,,,NE-HV_AirDist-SupFanMtr-cDXHP-2SpClgHtg-VFDStdMtr,45054.66496343656
Com,RFF,Ex,cDXOH,CZ01,Whole Building,2009,,,NE-HV_AirDist-SupFanMtr-cDXOH-2SpClgHtg-Cnst,51332.15203835489
Com,RFF,Ex,cDXOH,CZ01,Whole Building,2009,,,NE-HV_AirDist-SupFanMtr-cDXOH-2SpClgHtg-VFDExMtr,46007.97906025901
Com,RFF,Ex,cDXOH,CZ01,Whole Building,2009,,,NE-HV_AirDist-SupFanMtr-cDXOH-2SpClgHtg-VFDPMMtr,45862.757406491255
Com,RFF,Ex,cDXOH,CZ01,Whole Building,2009,,,NE-HV_AirDist-SupFanMtr-cDXOH-2SpClgHtg-VFDStdMtr,45972.32586867231
Com,RFF,Ex,cDXGF,CZ02,Whole Building,2009,,,NE-HV_AirDist-SupFanMtr-cDXGF-2SpClgHtg-Cnst,61891.97052263797
Com,RFF,Ex,cDXGF,CZ02,Whole Building,2009,,,NE-HV_AirDist-SupFanMtr-cDXGF-2SpClgHtg-VFDExMtr,51838.1754473234
Com,RFF,Ex,cDXGF,CZ02,Whole Building,2009,,,NE-HV_AirDist-SupFanMtr-cDXGF-2SpClgHtg-VFDPMMtr,51449.575008403684
Com,RFF,Ex,cDXGF,CZ02,Whole Building,2009,,,NE-HV_AirDist-SupFanMtr-cDXGF-2SpClgHtg-VFDStdMtr,51715.80419452075
Com,RFF,Ex,cDXHP,CZ02,Whole Building,2009,,,NE-HV_AirDist-SupFanMtr-cDXHP-2SpClgHtg-Cnst,63106.86940751517
Com,RFF,Ex,cDXHP,CZ02,Whole Building,2009,,,NE-HV_AirDist-SupFanMtr-cDXHP-2SpClgHtg-VFDExMtr,53415.953769517
Com,RFF,Ex,cDXHP,CZ02,Whole Building,2009,,,NE-HV_AirDist-SupFanMtr-cDXHP-2SpClgHtg-VFDPMMtr,53047.69620627992
Com,RFF,Ex,cDXHP,CZ02,Whole Building,2009,,,NE-HV_AirDist-SupFanMtr-cDXHP-2SpClgHtg-VFDStdMtr,53299.51785334957
Com,RFF,Ex,cDXOH,CZ02,Whole Building,2009,,,NE-HV_AirDist-SupFanMtr-cDXOH-2SpClgHtg-Cnst,61867.582757194774
Com,RFF,Ex,cDXOH,CZ02,Whole Building,2009,,,NE-HV_AirDist-SupFanMtr-cDXOH-2SpClgHtg-VFDExMtr,54003.45332429109
Com,RFF,Ex,cDXOH,CZ02,Whole Building,2009,,,NE-HV_AirDist-SupFanMtr-cDXOH-2SpClgHtg-VFDPMMtr,53718.26478210506
Com,RFF,Ex,cDXOH,CZ02,Whole Building,2009,,,NE-HV_AirDist-SupFanMtr-cDXOH-2SpClgHtg-VFDStdMtr,53920.96034675252
Com,RFF,Ex,cDXGF,CZ03,Whole Building,2009,,,NE-HV_AirDist-SupFanMtr-cDXGF-2SpClgHtg-Cnst,57861.20442353313
Com,RFF,Ex,cDXGF,CZ03,Whole Building,2009,,,NE-HV_AirDist-SupFanMtr-cDXGF-2SpClgHtg-VFDExMtr,48197.12365323565
Com,RFF,Ex,cDXGF,CZ03,Whole Building,2009,,,NE-HV_AirDist-SupFanMtr-cDXGF-2SpClgHtg-VFDPMMtr,47819.45385280238
Com,RFF,Ex,cDXGF,CZ03,Whole Building,2009,,,NE-HV_AirDist-SupFanMtr-cDXGF-2SpClgHtg-VFDStdMtr,48083.60280607705
Com,RFF,Ex,cDXHP,CZ03,Whole Building,2009,,,NE-HV_AirDist-SupFanMtr-cDXHP-2SpClgHtg-Cnst,58453.70436883117
Com,RFF,Ex,cDXHP,CZ03,Whole Building,2009,,,NE-HV_AirDist-SupFanMtr-cDXHP-2SpClgHtg-VFDExMtr,49027.69959793217
Com,RFF,Ex,cDXHP,CZ03,Whole Building,2009,,,NE-HV_AirDist-SupFanMtr-cDXHP-2SpClgHtg-VFDPMMtr,48667.038742742305
Com,RFF,Ex,cDXHP,CZ03,Whole Building,2009,,,NE-HV_AirDist-SupFanMtr-cDXHP-2SpClgHtg-VFDStdMtr,48919.098604642924
Com,RFF,Ex,cDXOH,CZ03,Whole Building,2009,,,NE-HV_AirDist-SupFanMtr-cDXOH-2SpClgHtg-Cnst,57845.7459285785
Com,RFF,Ex,cDXOH,CZ03,Whole Building,2009,,,NE-HV_AirDist-SupFanMtr-cDXOH-2SpClgHtg-VFDExMtr,49551.31734544575
Com,RFF,Ex,cDXOH,CZ03,Whole Building,2009,,,NE-HV_AirDist-SupFanMtr-cDXOH-2SpClgHtg-VFDPMMtr,49248.615951160464
Com,RFF,Ex,cDXOH,CZ03,Whole Building,2009,,,NE-HV_AirDist-SupFanMtr-cDXOH-2SpClgHtg-VFDStdMtr,49467.71605692525
Com,RFF,Ex,cDXGF,CZ04,Whole Building,2009,,,NE-HV_AirDist-SupFanMtr-cDXGF-2SpClgHtg-Cnst,67107.16301502797
Com,RFF,Ex,cDXGF,CZ04,Whole Building,2009,,,NE-HV_AirDist-SupFanMtr-cDXGF-2SpClgHtg-VFDExMtr,57095.402845337936
Com,RFF,Ex,cDXGF,CZ04,Whole Building,2009,,,NE-HV_AirDist-SupFanMtr-cDXGF-2SpClgHtg-VFDPMMtr,56692.82210021863
Com,RFF,Ex,cDXGF,CZ04,Whole Building,2009,,,NE-HV_AirDist-SupFanMtr-cDXGF-2SpClgHtg-VFDStdMtr,56968.489505715734
Com,RFF,Ex,cDXHP,CZ04,Whole Building,2009,,,NE-HV_AirDist-SupFanMtr-cDXHP-2SpClgHtg-Cnst,68128.02296506349
Com,RFF,Ex,cDXHP,CZ04,Whole Building,2009,,,NE-HV_AirDist-SupFanMtr-cDXHP-2SpClgHtg-VFDExMtr,58532.4026488478
Com,RFF,Ex,cDXHP,CZ04,Whole Building,2009,,,NE-HV_AirDist-SupFanMtr-cDXHP-2SpClgHtg-VFDPMMtr,58144.46207118177
Com,RFF,Ex,cDXHP,CZ04,Whole Building,2009,,,NE-HV_AirDist-SupFanMtr-cDXHP-2SpClgHtg-VFDStdMtr,58407.31574192638
Com,RFF,Ex,cDXOH,CZ04,Whole Building,2009,,,NE-HV_AirDist-SupFanMtr-cDXOH-2SpClgHtg-Cnst,66956.65335181727
Com,RFF,Ex,cDXOH,CZ04,Whole Building,2009,,,NE-HV_AirDist-SupFanMtr-cDXOH-2SpClgHtg-VFDExMtr,58885.626582588186
Com,RFF,Ex,cDXOH,CZ04,Whole Building,2009,,,NE-HV_AirDist-SupFanMtr-cDXOH-2SpClgHtg-VFDPMMtr,58575.60939706876
Com,RFF,Ex,cDXOH,CZ04,Whole Building,2009,,,NE-HV_AirDist-SupFanMtr-cDXOH-2SpClgHtg-VFDStdMtr,58792.20416575003
Com,RFF,Ex,cDXGF,CZ05,Whole Building,2009,,,NE-HV_AirDist-SupFanMtr-cDXGF-2SpClgHtg-Cnst,59285.98863448591
Com,RFF,Ex,cDXGF,CZ05,Whole Building,2009,,,NE-HV_AirDist-SupFanMtr-cDXGF-2SpClgHtg-VFDExMtr,49356.65852907219
Com,RFF,Ex,cDXGF,CZ05,Whole Building,2009,,,NE-HV_AirDist-SupFanMtr-cDXGF-2SpClgHtg-VFDPMMtr,48970.218765646445
Com,RFF,Ex,cDXGF,CZ05,Whole Building,2009,,,NE-HV_AirDist-SupFanMtr-cDXGF-2SpClgHtg-VFDStdMtr,49238.88264863606
Com,RFF,Ex,cDXHP,CZ05,Whole Building,2009,,,NE-HV_AirDist-SupFanMtr-cDXHP-2SpClgHtg-Cnst,59823.96828169864
Com,RFF,Ex,cDXHP,CZ05,Whole Building,2009,,,NE-HV_AirDist-SupFanMtr-cDXHP-2SpClgHtg-VFDExMtr,50150.12206601956
Com,RFF,Ex,cDXHP,CZ05,Whole Building,2009,,,NE-HV_AirDist-SupFanMtr-cDXHP-2SpClgHtg-VFDPMMtr,49781.54096900766
Com,RFF,Ex,cDXHP,CZ05,Whole Building,2009,,,NE-HV_AirDist-SupFanMtr-cDXHP-2SpClgHtg-VFDStdMtr,50037.1812258579
Com,RFF,Ex,cDXOH,CZ05,Whole Building,2009,,,NE-HV_AirDist-SupFanMtr-cDXOH-2SpClgHtg-Cnst,59224.301239182445
Com,RFF,Ex,cDXOH,CZ05,Whole Building,2009,,,NE-HV_AirDist-SupFanMtr-cDXOH-2SpClgHtg-VFDExMtr,50578.817359822046
Com,RFF,Ex,cDXOH,CZ05,Whole Building,2009,,,NE-HV_AirDist-SupFanMtr-cDXOH-2SpClgHtg-VFDPMMtr,50252.88613567579
Com,RFF,Ex,cDXOH,CZ05,Whole Building,2009,,,NE-HV_AirDist-SupFanMtr-cDXOH-2SpClgHtg-VFDStdMtr,50486.15946154485
Com,RFF,Ex,cDXGF,CZ06,Whole Building,2009,,,NE-HV_AirDist-SupFanMtr-cDXGF-2SpClgHtg-Cnst,63510.610315805716
Com,RFF,Ex,cDXGF,CZ06,Whole Building,2009,,,NE-HV_AirDist-SupFanMtr-cDXGF-2SpClgHtg-VFDExMtr,54389.063432214774
Com,RFF,Ex,cDXGF,CZ06,Whole Building,2009,,,NE-HV_AirDist-SupFanMtr-cDXGF-2SpClgHtg-VFDPMMtr,53982.80945284073
Com,RFF,Ex,cDXGF,CZ06,Whole Building,2009,,,NE-HV_AirDist-SupFanMtr-cDXGF-2SpClgHtg-VFDStdMtr,54261.13975014057
Com,RFF,Ex,cDXHP,CZ06,Whole Building,2009,,,NE-HV_AirDist-SupFanMtr-cDXHP-2SpClgHtg-Cnst,63377.02440100304
Com,RFF,Ex,cDXHP,CZ06,Whole Building,2009,,,NE-HV_AirDist-SupFanMtr-cDXHP-2SpClgHtg-VFDExMtr,54611.96338112993
Com,RFF,Ex,cDXHP,CZ06,Whole Building,2009,,,NE-HV_AirDist-SupFanMtr-cDXHP-2SpClgHtg-VFDPMMtr,54210.29931542761
Com,RFF,Ex,cDXHP,CZ06,Whole Building,2009,,,NE-HV_AirDist-SupFanMtr-cDXHP-2SpClgHtg-VFDStdMtr,54485.341930798844
Com,RFF,Ex,cDXOH,CZ06,Whole Building,2009,,,NE-HV_AirDist-SupFanMtr-cDXOH-2SpClgHtg-Cnst,63343.5348808622
Com,RFF,Ex,cDXOH,CZ06,Whole Building,2009,,,NE-HV_AirDist-SupFanMtr-cDXOH-2SpClgHtg-VFDExMtr,54765.910782798506
Com,RFF,Ex,cDXOH,CZ06,Whole Building,2009,,,NE-HV_AirDist-SupFanMtr-cDXOH-2SpClgHtg-VFDPMMtr,54373.32107581397
Com,RFF,Ex,cDXOH,CZ06,Whole Building,2009,,,NE-HV_AirDist-SupFanMtr-cDXOH-2SpClgHtg-VFDStdMtr,54643.19947527893
Com,RFF,Ex,cDXGF,CZ07,Whole Building,2009,,,NE-HV_AirDist-SupFanMtr-cDXGF-2SpClgHtg-Cnst,64350.573048042825
Com,RFF,Ex,cDXGF,CZ07,Whole Building,2009,,,NE-HV_AirDist-SupFanMtr-cDXGF-2SpClgHtg-VFDExMtr,54841.42872705359
Com,RFF,Ex,cDXGF,CZ07,Whole Building,2009,,,NE-HV_AirDist-SupFanMtr-cDXGF-2SpClgHtg-VFDPMMtr,54430.83840894669
Com,RFF,Ex,cDXGF,CZ07,Whole Building,2009,,,NE-HV_AirDist-SupFanMtr-cDXGF-2SpClgHtg-VFDStdMtr,54712.30288643809
Com,RFF,Ex,cDXHP,CZ07,Whole Building,2009,,,NE-HV_AirDist-SupFanMtr-cDXHP-2SpClgHtg-Cnst,64303.727495540654
Com,RFF,Ex,cDXHP,CZ07,Whole Building,2009,,,NE-HV_AirDist-SupFanMtr-cDXHP-2SpClgHtg-VFDExMtr,55122.05274677081
Com,RFF,Ex,cDXHP,CZ07,Whole Building,2009,,,NE-HV_AirDist-SupFanMtr-cDXHP-2SpClgHtg-VFDPMMtr,54715.87124216941
Com,RFF,Ex,cDXHP,CZ07,Whole Building,2009,,,NE-HV_AirDist-SupFanMtr-cDXHP-2SpClgHtg-VFDStdMtr,54993.71394840592
Com,RFF,Ex,cDXOH,CZ07,Whole Building,2009,,,NE-HV_AirDist-SupFanMtr-cDXOH-2SpClgHtg-Cnst,64215.525898723245
Com,RFF,Ex,cDXOH,CZ07,Whole Building,2009,,,NE-HV_AirDist-SupFanMtr-cDXOH-2SpClgHtg-VFDExMtr,55183.91331825553
Com,RFF,Ex,cDXOH,CZ07,Whole Building,2009,,,NE-HV_AirDist-SupFanMtr-cDXOH-2SpClgHtg-VFDPMMtr,54783.42924812662
Com,RFF,Ex,cDXOH,CZ07,Whole Building,2009,,,NE-HV_AirDist-SupFanMtr-cDXOH-2SpClgHtg-VFDStdMtr,55061.34756604334
Com,RFF,Ex,cDXGF,CZ08,Whole Building,2009,,,NE-HV_AirDist-SupFanMtr-cDXGF-2SpClgHtg-Cnst,69691.27923265319
Com,RFF,Ex,cDXGF,CZ08,Whole Building,2009,,,NE-HV_AirDist-SupFanMtr-cDXGF-2SpClgHtg-VFDExMtr,59594.07380399947
Com,RFF,Ex,cDXGF,CZ08,Whole Building,2009,,,NE-HV_AirDist-SupFanMtr-cDXGF-2SpClgHtg-VFDPMMtr,59145.6821835449
Com,RFF,Ex,cDXGF,CZ08,Whole Building,2009,,,NE-HV_AirDist-SupFanMtr-cDXGF-2SpClgHtg-VFDStdMtr,59450.55119696603
Com,RFF,Ex,cDXHP,CZ08,Whole Building,2009,,,NE-HV_AirDist-SupFanMtr-cDXHP-2SpClgHtg-Cnst,69811.80004031684
Com,RFF,Ex,cDXHP,CZ08,Whole Building,2009,,,NE-HV_AirDist-SupFanMtr-cDXHP-2SpClgHtg-VFDExMtr,60352.57336910979
Com,RFF,Ex,cDXHP,CZ08,Whole Building,2009,,,NE-HV_AirDist-SupFanMtr-cDXHP-2SpClgHtg-VFDPMMtr,59909.55070514777
Com,RFF,Ex,cDXHP,CZ08,Whole Building,2009,,,NE-HV_AirDist-SupFanMtr-cDXHP-2SpClgHtg-VFDStdMtr,60210.353146105255
Com,RFF,Ex,cDXOH,CZ08,Whole Building,2009,,,NE-HV_AirDist-SupFanMtr-cDXOH-2SpClgHtg-Cnst,69434.14369938163
Com,RFF,Ex,cDXOH,CZ08,Whole Building,2009,,,NE-HV_AirDist-SupFanMtr-cDXOH-2SpClgHtg-VFDExMtr,60097.07583074331
Com,RFF,Ex,cDXOH,CZ08,Whole Building,2009,,,NE-HV_AirDist-SupFanMtr-cDXOH-2SpClgHtg-VFDPMMtr,59681.84640792774
Com,RFF,Ex,cDXOH,CZ08,Whole Building,2009,,,NE-HV_AirDist-SupFanMtr-cDXOH-2SpClgHtg-VFDStdMtr,59963.71785006014
Com,RFF,Ex,cDXGF,CZ09,Whole Building,2009,,,NE-HV_AirDist-SupFanMtr-cDXGF-2SpClgHtg-Cnst,71230.63690351292
Com,RFF,Ex,cDXGF,CZ09,Whole Building,2009,,,NE-HV_AirDist-SupFanMtr-cDXGF-2SpClgHtg-VFDExMtr,60485.66566860209
Com,RFF,Ex,cDXGF,CZ09,Whole Building,2009,,,NE-HV_AirDist-SupFanMtr-cDXGF-2SpClgHtg-VFDPMMtr,60019.2370747344
Com,RFF,Ex,cDXGF,CZ09,Whole Building,2009,,,NE-HV_AirDist-SupFanMtr-cDXGF-2SpClgHtg-VFDStdMtr,60333.04811037767
Com,RFF,Ex,cDXHP,CZ09,Whole Building,2009,,,NE-HV_AirDist-SupFanMtr-cDXHP-2SpClgHtg-Cnst,71397.4025720541
Com,RFF,Ex,cDXHP,CZ09,Whole Building,2009,,,NE-HV_AirDist-SupFanMtr-cDXHP-2SpClgHtg-VFDExMtr,61318.83542971418
Com,RFF,Ex,cDXHP,CZ09,Whole Building,2009,,,NE-HV_AirDist-SupFanMtr-cDXHP-2SpClgHtg-VFDPMMtr,60857.981128013154
Com,RFF,Ex,cDXHP,CZ09,Whole Building,2009,,,NE-HV_AirDist-SupFanMtr-cDXHP-2SpClgHtg-VFDStdMtr,61169.94707635686
Com,RFF,Ex,cDXOH,CZ09,Whole Building,2009,,,NE-HV_AirDist-SupFanMtr-cDXOH-2SpClgHtg-Cnst,70974.67978582882
Com,RFF,Ex,cDXOH,CZ09,Whole Building,2009,,,NE-HV_AirDist-SupFanMtr-cDXOH-2SpClgHtg-VFDExMtr,61130.00034490745
Com,RFF,Ex,cDXOH,CZ09,Whole Building,2009,,,NE-HV_AirDist-SupFanMtr-cDXOH-2SpClgHtg-VFDPMMtr,60698.97915165233
Com,RFF,Ex,cDXOH,CZ09,Whole Building,2009,,,NE-HV_AirDist-SupFanMtr-cDXOH-2SpClgHtg-VFDStdMtr,60993.04605218008
Com,RFF,Ex,cDXGF,CZ10,Whole Building,2009,,,NE-HV_AirDist-SupFanMtr-cDXGF-2SpClgHtg-Cnst,72457.28165117271
Com,RFF,Ex,cDXGF,CZ10,Whole Building,2009,,,NE-HV_AirDist-SupFanMtr-cDXGF-2SpClgHtg-VFDExMtr,61773.12748946345
Com,RFF,Ex,cDXGF,CZ10,Whole Building,2009,,,NE-HV_AirDist-SupFanMtr-cDXGF-2SpClgHtg-VFDPMMtr,61314.94808006501
Com,RFF,Ex,cDXGF,CZ10,Whole Building,2009,,,NE-HV_AirDist-SupFanMtr-cDXGF-2SpClgHtg-VFDStdMtr,61626.387831433254
Com,RFF,Ex,cDXHP,CZ10,Whole Building,2009,,,NE-HV_AirDist-SupFanMtr-cDXHP-2SpClgHtg-Cnst,72740.16414508021
Com,RFF,Ex,cDXHP,CZ10,Whole Building,2009,,,NE-HV_AirDist-SupFanMtr-cDXHP-2SpClgHtg-VFDExMtr,62814.214469745384
Com,RFF,Ex,cDXHP,CZ10,Whole Building,2009,,,NE-HV_AirDist-SupFanMtr-cDXHP-2SpClgHtg-VFDPMMtr,62356.62980229688
Com,RFF,Ex,cDXHP,CZ10,Whole Building,2009,,,NE-HV_AirDist-SupFanMtr-cDXHP-2SpClgHtg-VFDStdMtr,62667.426895542245
Com,RFF,Ex,cDXOH,CZ10,Whole Building,2009,,,NE-HV_AirDist-SupFanMtr-cDXOH-2SpClgHtg-Cnst,72172.64789054198
Com,RFF,Ex,cDXOH,CZ10,Whole Building,2009,,,NE-HV_AirDist-SupFanMtr-cDXOH-2SpClgHtg-VFDExMtr,62562.18924035925
Com,RFF,Ex,cDXOH,CZ10,Whole Building,2009,,,NE-HV_AirDist-SupFanMtr-cDXOH-2SpClgHtg-VFDPMMtr,62145.370855859815
Com,RFF,Ex,cDXOH,CZ10,Whole Building,2009,,,NE-HV_AirDist-SupFanMtr-cDXOH-2SpClgHtg-VFDStdMtr,62428.8586032281
Com,RFF,Ex,cDXGF,CZ11,Whole Building,2009,,,NE-HV_AirDist-SupFanMtr-cDXGF-2SpClgHtg-Cnst,73096.6807915793
Com,RFF,Ex,cDXGF,CZ11,Whole Building,2009,,,NE-HV_AirDist-SupFanMtr-cDXGF-2SpClgHtg-VFDExMtr,62351.6483739643
Com,RFF,Ex,cDXGF,CZ11,Whole Building,2009,,,NE-HV_AirDist-SupFanMtr-cDXGF-2SpClgHtg-VFDPMMtr,61899.06825841498
Com,RFF,Ex,cDXGF,CZ11,Whole Building,2009,,,NE-HV_AirDist-SupFanMtr-cDXGF-2SpClgHtg-VFDStdMtr,62204.530982278404
Com,RFF,Ex,cDXHP,CZ11,Whole Building,2009,,,NE-HV_AirDist-SupFanMtr-cDXHP-2SpClgHtg-Cnst,74230.43122112793
Com,RFF,Ex,cDXHP,CZ11,Whole Building,2009,,,NE-HV_AirDist-SupFanMtr-cDXHP-2SpClgHtg-VFDExMtr,64367.278573112446
Com,RFF,Ex,cDXHP,CZ11,Whole Building,2009,,,NE-HV_AirDist-SupFanMtr-cDXHP-2SpClgHtg-VFDPMMtr,63920.09330348505
Com,RFF,Ex,cDXHP,CZ11,Whole Building,2009,,,NE-HV_AirDist-SupFanMtr-cDXHP-2SpClgHtg-VFDStdMtr,64222.27771743489
Com,RFF,Ex,cDXOH,CZ11,Whole Building,2009,,,NE-HV_AirDist-SupFanMtr-cDXOH-2SpClgHtg-Cnst,72887.70545318708
Com,RFF,Ex,cDXOH,CZ11,Whole Building,2009,,,NE-HV_AirDist-SupFanMtr-cDXOH-2SpClgHtg-VFDExMtr,64427.829641424665
Com,RFF,Ex,cDXOH,CZ11,Whole Building,2009,,,NE-HV_AirDist-SupFanMtr-cDXOH-2SpClgHtg-VFDPMMtr,64077.41967084239
Com,RFF,Ex,cDXOH,CZ11,Whole Building,2009,,,NE-HV_AirDist-SupFanMtr-cDXOH-2SpClgHtg-VFDStdMtr,64315.255437884014
Com,RFF,Ex,cDXGF,CZ12,Whole Building,2009,,,NE-HV_AirDist-SupFanMtr-cDXGF-2SpClgHtg-Cnst,66425.06023861004
Com,RFF,Ex,cDXGF,CZ12,Whole Building,2009,,,NE-HV_AirDist-SupFanMtr-cDXGF-2SpClgHtg-VFDExMtr,56719.75447110598
Com,RFF,Ex,cDXGF,CZ12,Whole Building,2009,,,NE-HV_AirDist-SupFanMtr-cDXGF-2SpClgHtg-VFDPMMtr,56313.729310857205
Com,RFF,Ex,cDXGF,CZ12,Whole Building,2009,,,NE-HV_AirDist-SupFanMtr-cDXGF-2SpClgHtg-VFDStdMtr,56589.06959739377
Com,RFF,Ex,cDXHP,CZ12,Whole Building,2009,,,NE-HV_AirDist-SupFanMtr-cDXHP-2SpClgHtg-Cnst,67475.35774655854
Com,RFF,Ex,cDXHP,CZ12,Whole Building,2009,,,NE-HV_AirDist-SupFanMtr-cDXHP-2SpClgHtg-VFDExMtr,58373.00043943026
Com,RFF,Ex,cDXHP,CZ12,Whole Building,2009,,,NE-HV_AirDist-SupFanMtr-cDXHP-2SpClgHtg-VFDPMMtr,57989.76193151693
Com,RFF,Ex,cDXHP,CZ12,Whole Building,2009,,,NE-HV_AirDist-SupFanMtr-cDXHP-2SpClgHtg-VFDStdMtr,58251.229073863564
Com,RFF,Ex,cDXOH,CZ12,Whole Building,2009,,,NE-HV_AirDist-SupFanMtr-cDXOH-2SpClgHtg-Cnst,66298.87594596091
Com,RFF,Ex,cDXOH,CZ12,Whole Building,2009,,,NE-HV_AirDist-SupFanMtr-cDXOH-2SpClgHtg-VFDExMtr,58725.90621329236
Com,RFF,Ex,cDXOH,CZ12,Whole Building,2009,,,NE-HV_AirDist-SupFanMtr-cDXOH-2SpClgHtg-VFDPMMtr,58411.28176772481
Com,RFF,Ex,cDXOH,CZ12,Whole Building,2009,,,NE-HV_AirDist-SupFanMtr-cDXOH-2SpClgHtg-VFDStdMtr,58626.14281008409
Com,RFF,Ex,cDXGF,CZ13,Whole Building,2009,,,NE-HV_AirDist-SupFanMtr-cDXGF-2SpClgHtg-Cnst,73877.67671329847
Com,RFF,Ex,cDXGF,CZ13,Whole Building,2009,,,NE-HV_AirDist-SupFanMtr-cDXGF-2SpClgHtg-VFDExMtr,63333.16962191367
Com,RFF,Ex,cDXGF,CZ13,Whole Building,2009,,,NE-HV_AirDist-SupFanMtr-cDXGF-2SpClgHtg-VFDPMMtr,62890.33149173602
Com,RFF,Ex,cDXGF,CZ13,Whole Building,2009,,,NE-HV_AirDist-SupFanMtr-cDXGF-2SpClgHtg-VFDStdMtr,63187.77169156263
Com,RFF,Ex,cDXHP,CZ13,Whole Building,2009,,,NE-HV_AirDist-SupFanMtr-cDXHP-2SpClgHtg-Cnst,74726.4957297588
Com,RFF,Ex,cDXHP,CZ13,Whole Building,2009,,,NE-HV_AirDist-SupFanMtr-cDXHP-2SpClgHtg-VFDExMtr,65178.13600301529
Com,RFF,Ex,cDXHP,CZ13,Whole Building,2009,,,NE-HV_AirDist-SupFanMtr-cDXHP-2SpClgHtg-VFDPMMtr,64757.6635205906
Com,RFF,Ex,cDXHP,CZ13,Whole Building,2009,,,NE-HV_AirDist-SupFanMtr-cDXHP-2SpClgHtg-VFDStdMtr,65043.545462576076
Com,RFF,Ex,cDXOH,CZ13,Whole Building,2009,,,NE-HV_AirDist-SupFanMtr-cDXOH-2SpClgHtg-Cnst,73634.50282887714
Com,RFF,Ex,cDXOH,CZ13,Whole Building,2009,,,NE-HV_AirDist-SupFanMtr-cDXOH-2SpClgHtg-VFDExMtr,65141.79385340987
Com,RFF,Ex,cDXOH,CZ13,Whole Building,2009,,,NE-HV_AirDist-SupFanMtr-cDXOH-2SpClgHtg-VFDPMMtr,64783.530893254334
Com,RFF,Ex,cDXOH,CZ13,Whole Building,2009,,,NE-HV_AirDist-SupFanMtr-cDXOH-2SpClgHtg-VFDStdMtr,65024.6855889062
Com,RFF,Ex,cDXGF,CZ14,Whole Building,2009,,,NE-HV_AirDist-SupFanMtr-cDXGF-2SpClgHtg-Cnst,72637.0586430489
Com,RFF,Ex,cDXGF,CZ14,Whole Building,2009,,,NE-HV_AirDist-SupFanMtr-cDXGF-2SpClgHtg-VFDExMtr,62202.36204084878
Com,RFF,Ex,cDXGF,CZ14,Whole Building,2009,,,NE-HV_AirDist-SupFanMtr-cDXGF-2SpClgHtg-VFDPMMtr,61765.945987814324
Com,RFF,Ex,cDXGF,CZ14,Whole Building,2009,,,NE-HV_AirDist-SupFanMtr-cDXGF-2SpClgHtg-VFDStdMtr,62060.13191115107
Com,RFF,Ex,cDXHP,CZ14,Whole Building,2009,,,NE-HV_AirDist-SupFanMtr-cDXHP-2SpClgHtg-Cnst,73457.3529129072
Com,RFF,Ex,cDXHP,CZ14,Whole Building,2009,,,NE-HV_AirDist-SupFanMtr-cDXHP-2SpClgHtg-VFDExMtr,63626.29157691057
Com,RFF,Ex,cDXHP,CZ14,Whole Building,2009,,,NE-HV_AirDist-SupFanMtr-cDXHP-2SpClgHtg-VFDPMMtr,63200.78758801093
Com,RFF,Ex,cDXHP,CZ14,Whole Building,2009,,,NE-HV_AirDist-SupFanMtr-cDXHP-2SpClgHtg-VFDStdMtr,63490.44064311307
Com,RFF,Ex,cDXOH,CZ14,Whole Building,2009,,,NE-HV_AirDist-SupFanMtr-cDXOH-2SpClgHtg-Cnst,72376.83985833028
Com,RFF,Ex,cDXOH,CZ14,Whole Building,2009,,,NE-HV_AirDist-SupFanMtr-cDXOH-2SpClgHtg-VFDExMtr,63672.20327908976
Com,RFF,Ex,cDXOH,CZ14,Whole Building,2009,,,NE-HV_AirDist-SupFanMtr-cDXOH-2SpClgHtg-VFDPMMtr,63306.11202595681
Com,RFF,Ex,cDXOH,CZ14,Whole Building,2009,,,NE-HV_AirDist-SupFanMtr-cDXOH-2SpClgHtg-VFDStdMtr,63553.11345556506
Com,RFF,Ex,cDXGF,CZ15,Whole Building,2009,,,NE-HV_AirDist-SupFanMtr-cDXGF-2SpClgHtg-Cnst,86573.84178619467
Com,RFF,Ex,cDXGF,CZ15,Whole Building,2009,,,NE-HV_AirDist-SupFanMtr-cDXGF-2SpClgHtg-VFDExMtr,75549.58903870982
Com,RFF,Ex,cDXGF,CZ15,Whole Building,2009,,,NE-HV_AirDist-SupFanMtr-cDXGF-2SpClgHtg-VFDPMMtr,75055.12930868375
Com,RFF,Ex,cDXGF,CZ15,Whole Building,2009,,,NE-HV_AirDist-SupFanMtr-cDXGF-2SpClgHtg-VFDStdMtr,75386.68280187281
Com,RFF,Ex,cDXHP,CZ15,Whole Building,2009,,,NE-HV_AirDist-SupFanMtr-cDXHP-2SpClgHtg-Cnst,86656.43541715771
Com,RFF,Ex,cDXHP,CZ15,Whole Building,2009,,,NE-HV_AirDist-SupFanMtr-cDXHP-2SpClgHtg-VFDExMtr,77236.29020235204
Com,RFF,Ex,cDXHP,CZ15,Whole Building,2009,,,NE-HV_AirDist-SupFanMtr-cDXHP-2SpClgHtg-VFDPMMtr,76785.74704748405
Com,RFF,Ex,cDXHP,CZ15,Whole Building,2009,,,NE-HV_AirDist-SupFanMtr-cDXHP-2SpClgHtg-VFDStdMtr,77088.41513847449
Com,RFF,Ex,cDXOH,CZ15,Whole Building,2009,,,NE-HV_AirDist-SupFanMtr-cDXOH-2SpClgHtg-Cnst,86054.67537643
Com,RFF,Ex,cDXOH,CZ15,Whole Building,2009,,,NE-HV_AirDist-SupFanMtr-cDXOH-2SpClgHtg-VFDExMtr,75848.91723291094
Com,RFF,Ex,cDXOH,CZ15,Whole Building,2009,,,NE-HV_AirDist-SupFanMtr-cDXOH-2SpClgHtg-VFDPMMtr,75369.37948131048
Com,RFF,Ex,cDXOH,CZ15,Whole Building,2009,,,NE-HV_AirDist-SupFanMtr-cDXOH-2SpClgHtg-VFDStdMtr,75690.43515381799
Com,RFF,Ex,cDXGF,CZ16,Whole Building,2009,,,NE-HV_AirDist-SupFanMtr-cDXGF-2SpClgHtg-Cnst,64532.43553954869
Com,RFF,Ex,cDXGF,CZ16,Whole Building,2009,,,NE-HV_AirDist-SupFanMtr-cDXGF-2SpClgHtg-VFDExMtr,53416.72007783214
Com,RFF,Ex,cDXGF,CZ16,Whole Building,2009,,,NE-HV_AirDist-SupFanMtr-cDXGF-2SpClgHtg-VFDPMMtr,52965.014393073114
Com,RFF,Ex,cDXGF,CZ16,Whole Building,2009,,,NE-HV_AirDist-SupFanMtr-cDXGF-2SpClgHtg-VFDStdMtr,53270.99858786476
Com,RFF,Ex,cDXHP,CZ16,Whole Building,2009,,,NE-HV_AirDist-SupFanMtr-cDXHP-2SpClgHtg-Cnst,66402.65839711805
Com,RFF,Ex,cDXHP,CZ16,Whole Building,2009,,,NE-HV_AirDist-SupFanMtr-cDXHP-2SpClgHtg-VFDExMtr,55603.645730384764
Com,RFF,Ex,cDXHP,CZ16,Whole Building,2009,,,NE-HV_AirDist-SupFanMtr-cDXHP-2SpClgHtg-VFDPMMtr,55182.612547448516
Com,RFF,Ex,cDXHP,CZ16,Whole Building,2009,,,NE-HV_AirDist-SupFanMtr-cDXHP-2SpClgHtg-VFDStdMtr,55470.347007376084
Com,RFF,Ex,cDXOH,CZ16,Whole Building,2009,,,NE-HV_AirDist-SupFanMtr-cDXOH-2SpClgHtg-Cnst,64605.86550505482
Com,RFF,Ex,cDXOH,CZ16,Whole Building,2009,,,NE-HV_AirDist-SupFanMtr-cDXOH-2SpClgHtg-VFDExMtr,56313.247782874474
Com,RFF,Ex,cDXOH,CZ16,Whole Building,2009,,,NE-HV_AirDist-SupFanMtr-cDXOH-2SpClgHtg-VFDPMMtr,55997.90580842227
Com,RFF,Ex,cDXOH,CZ16,Whole Building,2009,,,NE-HV_AirDist-SupFanMtr-cDXOH-2SpClgHtg-VFDStdMtr,56214.36951955738
Com,RSD,Ex,cDXGF,CZ01,Whole Building,2009,,,NE-HV_AirDist-SupFanMtr-cDXGF-2SpClgHtg-Cnst,109288.91105390529
Com,RSD,Ex,cDXGF,CZ01,Whole Building,2009,,,NE-HV_AirDist-SupFanMtr-cDXGF-2SpClgHtg-VFDExMtr,104691.6207872605
Com,RSD,Ex,cDXGF,CZ01,Whole Building,2009,,,NE-HV_AirDist-SupFanMtr-cDXGF-2SpClgHtg-VFDPMMtr,104544.25482913946
Com,RSD,Ex,cDXGF,CZ01,Whole Building,2009,,,NE-HV_AirDist-SupFanMtr-cDXGF-2SpClgHtg-VFDStdMtr,104650.21566189034
Com,RSD,Ex,cDXHP,CZ01,Whole Building,2009,,,NE-HV_AirDist-SupFanMtr-cDXHP-2SpClgHtg-Cnst,110077.75883699764
Com,RSD,Ex,cDXHP,CZ01,Whole Building,2009,,,NE-HV_AirDist-SupFanMtr-cDXHP-2SpClgHtg-VFDExMtr,105535.1093338578
Com,RSD,Ex,cDXHP,CZ01,Whole Building,2009,,,NE-HV_AirDist-SupFanMtr-cDXHP-2SpClgHtg-VFDPMMtr,105400.91140125322
Com,RSD,Ex,cDXHP,CZ01,Whole Building,2009,,,NE-HV_AirDist-SupFanMtr-cDXHP-2SpClgHtg-VFDStdMtr,105497.80301066281
Com,RSD,Ex,cDXOH,CZ01,Whole Building,2009,,,NE-HV_AirDist-SupFanMtr-cDXOH-2SpClgHtg-Cnst,109209.17836739232
Com,RSD,Ex,cDXOH,CZ01,Whole Building,2009,,,NE-HV_AirDist-SupFanMtr-cDXOH-2SpClgHtg-VFDExMtr,105789.61544937226
Com,RSD,Ex,cDXOH,CZ01,Whole Building,2009,,,NE-HV_AirDist-SupFanMtr-cDXOH-2SpClgHtg-VFDPMMtr,105706.38907257265
Com,RSD,Ex,cDXOH,CZ01,Whole Building,2009,,,NE-HV_AirDist-SupFanMtr-cDXOH-2SpClgHtg-VFDStdMtr,105771.79373647955
Com,RSD,Ex,cDXGF,CZ02,Whole Building,2009,,,NE-HV_AirDist-SupFanMtr-cDXGF-2SpClgHtg-Cnst,124079.90931867817
Com,RSD,Ex,cDXGF,CZ02,Whole Building,2009,,,NE-HV_AirDist-SupFanMtr-cDXGF-2SpClgHtg-VFDExMtr,118983.94498340765
Com,RSD,Ex,cDXGF,CZ02,Whole Building,2009,,,NE-HV_AirDist-SupFanMtr-cDXGF-2SpClgHtg-VFDPMMtr,118794.30441623072
Com,RSD,Ex,cDXGF,CZ02,Whole Building,2009,,,NE-HV_AirDist-SupFanMtr-cDXGF-2SpClgHtg-VFDStdMtr,118925.71545507395
Com,RSD,Ex,cDXHP,CZ02,Whole Building,2009,,,NE-HV_AirDist-SupFanMtr-cDXHP-2SpClgHtg-Cnst,124633.57671708277
Com,RSD,Ex,cDXHP,CZ02,Whole Building,2009,,,NE-HV_AirDist-SupFanMtr-cDXHP-2SpClgHtg-VFDExMtr,119628.15602033614
Com,RSD,Ex,cDXHP,CZ02,Whole Building,2009,,,NE-HV_AirDist-SupFanMtr-cDXHP-2SpClgHtg-VFDPMMtr,119449.38982104392
Com,RSD,Ex,cDXHP,CZ02,Whole Building,2009,,,NE-HV_AirDist-SupFanMtr-cDXHP-2SpClgHtg-VFDStdMtr,119575.0577905196
Com,RSD,Ex,cDXOH,CZ02,Whole Building,2009,,,NE-HV_AirDist-SupFanMtr-cDXOH-2SpClgHtg-Cnst,123982.14056129058
Com,RSD,Ex,cDXOH,CZ02,Whole Building,2009,,,NE-HV_AirDist-SupFanMtr-cDXOH-2SpClgHtg-VFDExMtr,119790.615861393
Com,RSD,Ex,cDXOH,CZ02,Whole Building,2009,,,NE-HV_AirDist-SupFanMtr-cDXOH-2SpClgHtg-VFDPMMtr,119650.37014087306
Com,RSD,Ex,cDXOH,CZ02,Whole Building,2009,,,NE-HV_AirDist-SupFanMtr-cDXOH-2SpClgHtg-VFDStdMtr,119749.64679685996
Com,RSD,Ex,cDXGF,CZ03,Whole Building,2009,,,NE-HV_AirDist-SupFanMtr-cDXGF-2SpClgHtg-Cnst,113101.32785364757
Com,RSD,Ex,cDXGF,CZ03,Whole Building,2009,,,NE-HV_AirDist-SupFanMtr-cDXGF-2SpClgHtg-VFDExMtr,108110.05673566535
Com,RSD,Ex,cDXGF,CZ03,Whole Building,2009,,,NE-HV_AirDist-SupFanMtr-cDXGF-2SpClgHtg-VFDPMMtr,107922.44101203217
Com,RSD,Ex,cDXGF,CZ03,Whole Building,2009,,,NE-HV_AirDist-SupFanMtr-cDXGF-2SpClgHtg-VFDStdMtr,108056.41349276628
Com,RSD,Ex,cDXHP,CZ03,Whole Building,2009,,,NE-HV_AirDist-SupFanMtr-cDXHP-2SpClgHtg-Cnst,113371.03629037911
Com,RSD,Ex,cDXHP,CZ03,Whole Building,2009,,,NE-HV_AirDist-SupFanMtr-cDXHP-2SpClgHtg-VFDExMtr,108454.55872907002
Com,RSD,Ex,cDXHP,CZ03,Whole Building,2009,,,NE-HV_AirDist-SupFanMtr-cDXHP-2SpClgHtg-VFDPMMtr,108274.4646372689
Com,RSD,Ex,cDXHP,CZ03,Whole Building,2009,,,NE-HV_AirDist-SupFanMtr-cDXHP-2SpClgHtg-VFDStdMtr,108402.0407010688
Com,RSD,Ex,cDXOH,CZ03,Whole Building,2009,,,NE-HV_AirDist-SupFanMtr-cDXOH-2SpClgHtg-Cnst,113062.75248424729
Com,RSD,Ex,cDXOH,CZ03,Whole Building,2009,,,NE-HV_AirDist-SupFanMtr-cDXOH-2SpClgHtg-VFDExMtr,108633.76549117023
Com,RSD,Ex,cDXOH,CZ03,Whole Building,2009,,,NE-HV_AirDist-SupFanMtr-cDXOH-2SpClgHtg-VFDPMMtr,108482.9044251909
Com,RSD,Ex,cDXOH,CZ03,Whole Building,2009,,,NE-HV_AirDist-SupFanMtr-cDXOH-2SpClgHtg-VFDStdMtr,108591.73105559993
Com,RSD,Ex,cDXGF,CZ04,Whole Building,2009,,,NE-HV_AirDist-SupFanMtr-cDXGF-2SpClgHtg-Cnst,134961.73518450724
Com,RSD,Ex,cDXGF,CZ04,Whole Building,2009,,,NE-HV_AirDist-SupFanMtr-cDXGF-2SpClgHtg-VFDExMtr,129786.78570695956
Com,RSD,Ex,cDXGF,CZ04,Whole Building,2009,,,NE-HV_AirDist-SupFanMtr-cDXGF-2SpClgHtg-VFDPMMtr,129585.61049632207
Com,RSD,Ex,cDXGF,CZ04,Whole Building,2009,,,NE-HV_AirDist-SupFanMtr-cDXGF-2SpClgHtg-VFDStdMtr,129723.40497492724
Com,RSD,Ex,cDXHP,CZ04,Whole Building,2009,,,NE-HV_AirDist-SupFanMtr-cDXHP-2SpClgHtg-Cnst,135404.28673602312
Com,RSD,Ex,cDXHP,CZ04,Whole Building,2009,,,NE-HV_AirDist-SupFanMtr-cDXHP-2SpClgHtg-VFDExMtr,130353.4896725596
Com,RSD,Ex,cDXHP,CZ04,Whole Building,2009,,,NE-HV_AirDist-SupFanMtr-cDXHP-2SpClgHtg-VFDPMMtr,130159.65602529005
Com,RSD,Ex,cDXHP,CZ04,Whole Building,2009,,,NE-HV_AirDist-SupFanMtr-cDXHP-2SpClgHtg-VFDStdMtr,130288.54755013155
Com,RSD,Ex,cDXOH,CZ04,Whole Building,2009,,,NE-HV_AirDist-SupFanMtr-cDXOH-2SpClgHtg-Cnst,134811.83818166115
Com,RSD,Ex,cDXOH,CZ04,Whole Building,2009,,,NE-HV_AirDist-SupFanMtr-cDXOH-2SpClgHtg-VFDExMtr,130424.52108091502
Com,RSD,Ex,cDXOH,CZ04,Whole Building,2009,,,NE-HV_AirDist-SupFanMtr-cDXOH-2SpClgHtg-VFDPMMtr,130268.46281851675
Com,RSD,Ex,cDXOH,CZ04,Whole Building,2009,,,NE-HV_AirDist-SupFanMtr-cDXOH-2SpClgHtg-VFDStdMtr,130374.87124279063
Com,RSD,Ex,cDXGF,CZ05,Whole Building,2009,,,NE-HV_AirDist-SupFanMtr-cDXGF-2SpClgHtg-Cnst,115209.5754923813
Com,RSD,Ex,cDXGF,CZ05,Whole Building,2009,,,NE-HV_AirDist-SupFanMtr-cDXGF-2SpClgHtg-VFDExMtr,110129.70075772866
Com,RSD,Ex,cDXGF,CZ05,Whole Building,2009,,,NE-HV_AirDist-SupFanMtr-cDXGF-2SpClgHtg-VFDPMMtr,109938.07545148332
Com,RSD,Ex,cDXGF,CZ05,Whole Building,2009,,,NE-HV_AirDist-SupFanMtr-cDXGF-2SpClgHtg-VFDStdMtr,110068.91789210036
Com,RSD,Ex,cDXHP,CZ05,Whole Building,2009,,,NE-HV_AirDist-SupFanMtr-cDXHP-2SpClgHtg-Cnst,115457.4203923378
Com,RSD,Ex,cDXHP,CZ05,Whole Building,2009,,,NE-HV_AirDist-SupFanMtr-cDXHP-2SpClgHtg-VFDExMtr,110435.70606863627
Com,RSD,Ex,cDXHP,CZ05,Whole Building,2009,,,NE-HV_AirDist-SupFanMtr-cDXHP-2SpClgHtg-VFDPMMtr,110251.40031603294
Com,RSD,Ex,cDXHP,CZ05,Whole Building,2009,,,NE-HV_AirDist-SupFanMtr-cDXHP-2SpClgHtg-VFDStdMtr,110376.91713406921
Com,RSD,Ex,cDXOH,CZ05,Whole Building,2009,,,NE-HV_AirDist-SupFanMtr-cDXOH-2SpClgHtg-Cnst,115165.57316094718
Com,RSD,Ex,cDXOH,CZ05,Whole Building,2009,,,NE-HV_AirDist-SupFanMtr-cDXOH-2SpClgHtg-VFDExMtr,110573.1140875171
Com,RSD,Ex,cDXOH,CZ05,Whole Building,2009,,,NE-HV_AirDist-SupFanMtr-cDXOH-2SpClgHtg-VFDPMMtr,110413.09150250937
Com,RSD,Ex,cDXOH,CZ05,Whole Building,2009,,,NE-HV_AirDist-SupFanMtr-cDXOH-2SpClgHtg-VFDStdMtr,110524.49153214264
Com,RSD,Ex,cDXGF,CZ06,Whole Building,2009,,,NE-HV_AirDist-SupFanMtr-cDXGF-2SpClgHtg-Cnst,122922.28969025557
Com,RSD,Ex,cDXGF,CZ06,Whole Building,2009,,,NE-HV_AirDist-SupFanMtr-cDXGF-2SpClgHtg-VFDExMtr,118402.74398964866
Com,RSD,Ex,cDXGF,CZ06,Whole Building,2009,,,NE-HV_AirDist-SupFanMtr-cDXGF-2SpClgHtg-VFDPMMtr,118220.01260790341
Com,RSD,Ex,cDXGF,CZ06,Whole Building,2009,,,NE-HV_AirDist-SupFanMtr-cDXGF-2SpClgHtg-VFDStdMtr,118338.29018599691
Com,RSD,Ex,cDXHP,CZ06,Whole Building,2009,,,NE-HV_AirDist-SupFanMtr-cDXHP-2SpClgHtg-Cnst,122904.21887767444
Com,RSD,Ex,cDXHP,CZ06,Whole Building,2009,,,NE-HV_AirDist-SupFanMtr-cDXHP-2SpClgHtg-VFDExMtr,118466.35838261446
Com,RSD,Ex,cDXHP,CZ06,Whole Building,2009,,,NE-HV_AirDist-SupFanMtr-cDXHP-2SpClgHtg-VFDPMMtr,118264.0725079884
Com,RSD,Ex,cDXHP,CZ06,Whole Building,2009,,,NE-HV_AirDist-SupFanMtr-cDXHP-2SpClgHtg-VFDStdMtr,118403.76472356314
Com,RSD,Ex,cDXOH,CZ06,Whole Building,2009,,,NE-HV_AirDist-SupFanMtr-cDXOH-2SpClgHtg-Cnst,122857.60562002375
Com,RSD,Ex,cDXOH,CZ06,Whole Building,2009,,,NE-HV_AirDist-SupFanMtr-cDXOH-2SpClgHtg-VFDExMtr,118514.38146069378
Com,RSD,Ex,cDXOH,CZ06,Whole Building,2009,,,NE-HV_AirDist-SupFanMtr-cDXOH-2SpClgHtg-VFDPMMtr,118343.38132451626
Com,RSD,Ex,cDXOH,CZ06,Whole Building,2009,,,NE-HV_AirDist-SupFanMtr-cDXOH-2SpClgHtg-VFDStdMtr,118453.54800036142
Com,RSD,Ex,cDXGF,CZ07,Whole Building,2009,,,NE-HV_AirDist-SupFanMtr-cDXGF-2SpClgHtg-Cnst,123773.01255319658
Com,RSD,Ex,cDXGF,CZ07,Whole Building,2009,,,NE-HV_AirDist-SupFanMtr-cDXGF-2SpClgHtg-VFDExMtr,119200.17696547347
Com,RSD,Ex,cDXGF,CZ07,Whole Building,2009,,,NE-HV_AirDist-SupFanMtr-cDXGF-2SpClgHtg-VFDPMMtr,118995.59847565492
Com,RSD,Ex,cDXGF,CZ07,Whole Building,2009,,,NE-HV_AirDist-SupFanMtr-cDXGF-2SpClgHtg-VFDStdMtr,119133.00115728013
Com,RSD,Ex,cDXHP,CZ07,Whole Building,2009,,,NE-HV_AirDist-SupFanMtr-cDXHP-2SpClgHtg-Cnst,123843.25677712818
Com,RSD,Ex,cDXHP,CZ07,Whole Building,2009,,,NE-HV_AirDist-SupFanMtr-cDXHP-2SpClgHtg-VFDExMtr,119313.97377392121
Com,RSD,Ex,cDXHP,CZ07,Whole Building,2009,,,NE-HV_AirDist-SupFanMtr-cDXHP-2SpClgHtg-VFDPMMtr,119117.14743313045
Com,RSD,Ex,cDXHP,CZ07,Whole Building,2009,,,NE-HV_AirDist-SupFanMtr-cDXHP-2SpClgHtg-VFDStdMtr,119246.11888101694
Com,RSD,Ex,cDXOH,CZ07,Whole Building,2009,,,NE-HV_AirDist-SupFanMtr-cDXOH-2SpClgHtg-Cnst,123731.00097264188
Com,RSD,Ex,cDXOH,CZ07,Whole Building,2009,,,NE-HV_AirDist-SupFanMtr-cDXOH-2SpClgHtg-VFDExMtr,119287.48613760814
Com,RSD,Ex,cDXOH,CZ07,Whole Building,2009,,,NE-HV_AirDist-SupFanMtr-cDXOH-2SpClgHtg-VFDPMMtr,119096.06960360378
Com,RSD,Ex,cDXOH,CZ07,Whole Building,2009,,,NE-HV_AirDist-SupFanMtr-cDXOH-2SpClgHtg-VFDStdMtr,119232.78852815006
Com,RSD,Ex,cDXGF,CZ08,Whole Building,2009,,,NE-HV_AirDist-SupFanMtr-cDXGF-2SpClgHtg-Cnst,138692.45197107454
Com,RSD,Ex,cDXGF,CZ08,Whole Building,2009,,,NE-HV_AirDist-SupFanMtr-cDXGF-2SpClgHtg-VFDExMtr,133714.01478865906
Com,RSD,Ex,cDXGF,CZ08,Whole Building,2009,,,NE-HV_AirDist-SupFanMtr-cDXGF-2SpClgHtg-VFDPMMtr,133491.81865439995
Com,RSD,Ex,cDXGF,CZ08,Whole Building,2009,,,NE-HV_AirDist-SupFanMtr-cDXGF-2SpClgHtg-VFDStdMtr,133641.00920425658
Com,RSD,Ex,cDXHP,CZ08,Whole Building,2009,,,NE-HV_AirDist-SupFanMtr-cDXHP-2SpClgHtg-Cnst,138783.63582125766
Com,RSD,Ex,cDXHP,CZ08,Whole Building,2009,,,NE-HV_AirDist-SupFanMtr-cDXHP-2SpClgHtg-VFDExMtr,133912.29121067704
Com,RSD,Ex,cDXHP,CZ08,Whole Building,2009,,,NE-HV_AirDist-SupFanMtr-cDXHP-2SpClgHtg-VFDPMMtr,133691.71666957263
Com,RSD,Ex,cDXHP,CZ08,Whole Building,2009,,,NE-HV_AirDist-SupFanMtr-cDXHP-2SpClgHtg-VFDStdMtr,133839.81318009392
Com,RSD,Ex,cDXOH,CZ08,Whole Building,2009,,,NE-HV_AirDist-SupFanMtr-cDXOH-2SpClgHtg-Cnst,138605.2931332708
Com,RSD,Ex,cDXOH,CZ08,Whole Building,2009,,,NE-HV_AirDist-SupFanMtr-cDXOH-2SpClgHtg-VFDExMtr,133887.69459568727
Com,RSD,Ex,cDXOH,CZ08,Whole Building,2009,,,NE-HV_AirDist-SupFanMtr-cDXOH-2SpClgHtg-VFDPMMtr,133679.84658021922
Com,RSD,Ex,cDXOH,CZ08,Whole Building,2009,,,NE-HV_AirDist-SupFanMtr-cDXOH-2SpClgHtg-VFDStdMtr,133820.05897179473
Com,RSD,Ex,cDXGF,CZ09,Whole Building,2009,,,NE-HV_AirDist-SupFanMtr-cDXGF-2SpClgHtg-Cnst,140407.4873446842
Com,RSD,Ex,cDXGF,CZ09,Whole Building,2009,,,NE-HV_AirDist-SupFanMtr-cDXGF-2SpClgHtg-VFDExMtr,135168.5021624372
Com,RSD,Ex,cDXGF,CZ09,Whole Building,2009,,,NE-HV_AirDist-SupFanMtr-cDXGF-2SpClgHtg-VFDPMMtr,134941.88123699024
Com,RSD,Ex,cDXGF,CZ09,Whole Building,2009,,,NE-HV_AirDist-SupFanMtr-cDXGF-2SpClgHtg-VFDStdMtr,135096.18516996747
Com,RSD,Ex,cDXHP,CZ09,Whole Building,2009,,,NE-HV_AirDist-SupFanMtr-cDXHP-2SpClgHtg-Cnst,140524.07699135743
Com,RSD,Ex,cDXHP,CZ09,Whole Building,2009,,,NE-HV_AirDist-SupFanMtr-cDXHP-2SpClgHtg-VFDExMtr,135383.7709842492
Com,RSD,Ex,cDXHP,CZ09,Whole Building,2009,,,NE-HV_AirDist-SupFanMtr-cDXHP-2SpClgHtg-VFDPMMtr,135156.94697546735
Com,RSD,Ex,cDXHP,CZ09,Whole Building,2009,,,NE-HV_AirDist-SupFanMtr-cDXHP-2SpClgHtg-VFDStdMtr,135311.0575996956
Com,RSD,Ex,cDXOH,CZ09,Whole Building,2009,,,NE-HV_AirDist-SupFanMtr-cDXOH-2SpClgHtg-Cnst,140329.6458452433
Com,RSD,Ex,cDXOH,CZ09,Whole Building,2009,,,NE-HV_AirDist-SupFanMtr-cDXOH-2SpClgHtg-VFDExMtr,135412.11738714657
Com,RSD,Ex,cDXOH,CZ09,Whole Building,2009,,,NE-HV_AirDist-SupFanMtr-cDXOH-2SpClgHtg-VFDPMMtr,135201.248487523
Com,RSD,Ex,cDXOH,CZ09,Whole Building,2009,,,NE-HV_AirDist-SupFanMtr-cDXOH-2SpClgHtg-VFDStdMtr,135344.28856259506
Com,RSD,Ex,cDXGF,CZ10,Whole Building,2009,,,NE-HV_AirDist-SupFanMtr-cDXGF-2SpClgHtg-Cnst,144264.6674597888
Com,RSD,Ex,cDXGF,CZ10,Whole Building,2009,,,NE-HV_AirDist-SupFanMtr-cDXGF-2SpClgHtg-VFDExMtr,139182.11566769963
Com,RSD,Ex,cDXGF,CZ10,Whole Building,2009,,,NE-HV_AirDist-SupFanMtr-cDXGF-2SpClgHtg-VFDPMMtr,138961.7427063567
Com,RSD,Ex,cDXGF,CZ10,Whole Building,2009,,,NE-HV_AirDist-SupFanMtr-cDXGF-2SpClgHtg-VFDStdMtr,139112.50836818258
Com,RSD,Ex,cDXHP,CZ10,Whole Building,2009,,,NE-HV_AirDist-SupFanMtr-cDXHP-2SpClgHtg-Cnst,144391.640786458
Com,RSD,Ex,cDXHP,CZ10,Whole Building,2009,,,NE-HV_AirDist-SupFanMtr-cDXHP-2SpClgHtg-VFDExMtr,139426.88492665297
Com,RSD,Ex,cDXHP,CZ10,Whole Building,2009,,,NE-HV_AirDist-SupFanMtr-cDXHP-2SpClgHtg-VFDPMMtr,139204.65233361308
Com,RSD,Ex,cDXHP,CZ10,Whole Building,2009,,,NE-HV_AirDist-SupFanMtr-cDXHP-2SpClgHtg-VFDStdMtr,139355.54256037148
Com,RSD,Ex,cDXOH,CZ10,Whole Building,2009,,,NE-HV_AirDist-SupFanMtr-cDXOH-2SpClgHtg-Cnst,144169.29031419044
Com,RSD,Ex,cDXOH,CZ10,Whole Building,2009,,,NE-HV_AirDist-SupFanMtr-cDXOH-2SpClgHtg-VFDExMtr,139432.94909466043
Com,RSD,Ex,cDXOH,CZ10,Whole Building,2009,,,NE-HV_AirDist-SupFanMtr-cDXOH-2SpClgHtg-VFDPMMtr,139231.57099147866
Com,RSD,Ex,cDXOH,CZ10,Whole Building,2009,,,NE-HV_AirDist-SupFanMtr-cDXOH-2SpClgHtg-VFDStdMtr,139371.02940021644
Com,RSD,Ex,cDXGF,CZ11,Whole Building,2009,,,NE-HV_AirDist-SupFanMtr-cDXGF-2SpClgHtg-Cnst,149103.03692526737
Com,RSD,Ex,cDXGF,CZ11,Whole Building,2009,,,NE-HV_AirDist-SupFanMtr-cDXGF-2SpClgHtg-VFDExMtr,143715.84606878806
Com,RSD,Ex,cDXGF,CZ11,Whole Building,2009,,,NE-HV_AirDist-SupFanMtr-cDXGF-2SpClgHtg-VFDPMMtr,143502.1422520369
Com,RSD,Ex,cDXGF,CZ11,Whole Building,2009,,,NE-HV_AirDist-SupFanMtr-cDXGF-2SpClgHtg-VFDStdMtr,143647.7251699194
Com,RSD,Ex,cDXHP,CZ11,Whole Building,2009,,,NE-HV_AirDist-SupFanMtr-cDXHP-2SpClgHtg-Cnst,149627.55022129414
Com,RSD,Ex,cDXHP,CZ11,Whole Building,2009,,,NE-HV_AirDist-SupFanMtr-cDXHP-2SpClgHtg-VFDExMtr,144511.34992130916
Com,RSD,Ex,cDXHP,CZ11,Whole Building,2009,,,NE-HV_AirDist-SupFanMtr-cDXHP-2SpClgHtg-VFDPMMtr,144309.53950289296
Com,RSD,Ex,cDXHP,CZ11,Whole Building,2009,,,NE-HV_AirDist-SupFanMtr-cDXHP-2SpClgHtg-VFDStdMtr,144446.62450672602
Com,RSD,Ex,cDXOH,CZ11,Whole Building,2009,,,NE-HV_AirDist-SupFanMtr-cDXOH-2SpClgHtg-Cnst,148920.29239181348
Com,RSD,Ex,cDXOH,CZ11,Whole Building,2009,,,NE-HV_AirDist-SupFanMtr-cDXOH-2SpClgHtg-VFDExMtr,144529.72832420628
Com,RSD,Ex,cDXOH,CZ11,Whole Building,2009,,,NE-HV_AirDist-SupFanMtr-cDXOH-2SpClgHtg-VFDPMMtr,144359.81570414235
Com,RSD,Ex,cDXOH,CZ11,Whole Building,2009,,,NE-HV_AirDist-SupFanMtr-cDXOH-2SpClgHtg-VFDStdMtr,144476.46847511086
Com,RSD,Ex,cDXGF,CZ12,Whole Building,2009,,,NE-HV_AirDist-SupFanMtr-cDXGF-2SpClgHtg-Cnst,134360.2874071185
Com,RSD,Ex,cDXGF,CZ12,Whole Building,2009,,,NE-HV_AirDist-SupFanMtr-cDXGF-2SpClgHtg-VFDExMtr,129372.82277306588
Com,RSD,Ex,cDXGF,CZ12,Whole Building,2009,,,NE-HV_AirDist-SupFanMtr-cDXGF-2SpClgHtg-VFDPMMtr,129173.94425605514
Com,RSD,Ex,cDXGF,CZ12,Whole Building,2009,,,NE-HV_AirDist-SupFanMtr-cDXGF-2SpClgHtg-VFDStdMtr,129310.71495535999
Com,RSD,Ex,cDXHP,CZ12,Whole Building,2009,,,NE-HV_AirDist-SupFanMtr-cDXHP-2SpClgHtg-Cnst,134850.58962809603
Com,RSD,Ex,cDXHP,CZ12,Whole Building,2009,,,NE-HV_AirDist-SupFanMtr-cDXHP-2SpClgHtg-VFDExMtr,130014.80757100231
Com,RSD,Ex,cDXHP,CZ12,Whole Building,2009,,,NE-HV_AirDist-SupFanMtr-cDXHP-2SpClgHtg-VFDPMMtr,129824.98325557038
Com,RSD,Ex,cDXHP,CZ12,Whole Building,2009,,,NE-HV_AirDist-SupFanMtr-cDXHP-2SpClgHtg-VFDStdMtr,129952.86782797336
Com,RSD,Ex,cDXOH,CZ12,Whole Building,2009,,,NE-HV_AirDist-SupFanMtr-cDXOH-2SpClgHtg-Cnst,134223.89392407308
Com,RSD,Ex,cDXOH,CZ12,Whole Building,2009,,,NE-HV_AirDist-SupFanMtr-cDXOH-2SpClgHtg-VFDExMtr,130137.58218947664
Com,RSD,Ex,cDXOH,CZ12,Whole Building,2009,,,NE-HV_AirDist-SupFanMtr-cDXOH-2SpClgHtg-VFDPMMtr,129984.15900625625
Com,RSD,Ex,cDXOH,CZ12,Whole Building,2009,,,NE-HV_AirDist-SupFanMtr-cDXOH-2SpClgHtg-VFDStdMtr,130087.94753009397
Com,RSD,Ex,cDXGF,CZ13,Whole Building,2009,,,NE-HV_AirDist-SupFanMtr-cDXGF-2SpClgHtg-Cnst,152273.7541910465
Com,RSD,Ex,cDXGF,CZ13,Whole Building,2009,,,NE-HV_AirDist-SupFanMtr-cDXGF-2SpClgHtg-VFDExMtr,146880.1481067673
Com,RSD,Ex,cDXGF,CZ13,Whole Building,2009,,,NE-HV_AirDist-SupFanMtr-cDXGF-2SpClgHtg-VFDPMMtr,146661.24771619172
Com,RSD,Ex,cDXGF,CZ13,Whole Building,2009,,,NE-HV_AirDist-SupFanMtr-cDXGF-2SpClgHtg-VFDStdMtr,146810.42866598425
Com,RSD,Ex,cDXHP,CZ13,Whole Building,2009,,,NE-HV_AirDist-SupFanMtr-cDXHP-2SpClgHtg-Cnst,152685.960450576
Com,RSD,Ex,cDXHP,CZ13,Whole Building,2009,,,NE-HV_AirDist-SupFanMtr-cDXHP-2SpClgHtg-VFDExMtr,147549.73421929815
Com,RSD,Ex,cDXHP,CZ13,Whole Building,2009,,,NE-HV_AirDist-SupFanMtr-cDXHP-2SpClgHtg-VFDPMMtr,147338.93857929774
Com,RSD,Ex,cDXHP,CZ13,Whole Building,2009,,,NE-HV_AirDist-SupFanMtr-cDXHP-2SpClgHtg-VFDStdMtr,147481.37261103294
Com,RSD,Ex,cDXOH,CZ13,Whole Building,2009,,,NE-HV_AirDist-SupFanMtr-cDXOH-2SpClgHtg-Cnst,152093.9203855577
Com,RSD,Ex,cDXOH,CZ13,Whole Building,2009,,,NE-HV_AirDist-SupFanMtr-cDXOH-2SpClgHtg-VFDExMtr,147559.69981919313
Com,RSD,Ex,cDXOH,CZ13,Whole Building,2009,,,NE-HV_AirDist-SupFanMtr-cDXOH-2SpClgHtg-VFDPMMtr,147383.73488141518
Com,RSD,Ex,cDXOH,CZ13,Whole Building,2009,,,NE-HV_AirDist-SupFanMtr-cDXOH-2SpClgHtg-VFDStdMtr,147505.75550209798
Com,RSD,Ex,cDXGF,CZ14,Whole Building,2009,,,NE-HV_AirDist-SupFanMtr-cDXGF-2SpClgHtg-Cnst,150392.50623545982
Com,RSD,Ex,cDXGF,CZ14,Whole Building,2009,,,NE-HV_AirDist-SupFanMtr-cDXGF-2SpClgHtg-VFDExMtr,144809.6858341981
Com,RSD,Ex,cDXGF,CZ14,Whole Building,2009,,,NE-HV_AirDist-SupFanMtr-cDXGF-2SpClgHtg-VFDPMMtr,144583.0767235901
Com,RSD,Ex,cDXGF,CZ14,Whole Building,2009,,,NE-HV_AirDist-SupFanMtr-cDXGF-2SpClgHtg-VFDStdMtr,144736.86027801217
Com,RSD,Ex,cDXHP,CZ14,Whole Building,2009,,,NE-HV_AirDist-SupFanMtr-cDXHP-2SpClgHtg-Cnst,150797.38820247003
Com,RSD,Ex,cDXHP,CZ14,Whole Building,2009,,,NE-HV_AirDist-SupFanMtr-cDXHP-2SpClgHtg-VFDExMtr,145297.33461207134
Com,RSD,Ex,cDXHP,CZ14,Whole Building,2009,,,NE-HV_AirDist-SupFanMtr-cDXHP-2SpClgHtg-VFDPMMtr,145072.10383124542
Com,RSD,Ex,cDXHP,CZ14,Whole Building,2009,,,NE-HV_AirDist-SupFanMtr-cDXHP-2SpClgHtg-VFDStdMtr,145223.8175441831
Com,RSD,Ex,cDXOH,CZ14,Whole Building,2009,,,NE-HV_AirDist-SupFanMtr-cDXOH-2SpClgHtg-Cnst,150191.7363383715
Com,RSD,Ex,cDXOH,CZ14,Whole Building,2009,,,NE-HV_AirDist-SupFanMtr-cDXOH-2SpClgHtg-VFDExMtr,145428.29729954212
Com,RSD,Ex,cDXOH,CZ14,Whole Building,2009,,,NE-HV_AirDist-SupFanMtr-cDXOH-2SpClgHtg-VFDPMMtr,145240.27500822235
Com,RSD,Ex,cDXOH,CZ14,Whole Building,2009,,,NE-HV_AirDist-SupFanMtr-cDXOH-2SpClgHtg-VFDStdMtr,145365.9442311709
Com,RSD,Ex,cDXGF,CZ15,Whole Building,2009,,,NE-HV_AirDist-SupFanMtr-cDXGF-2SpClgHtg-Cnst,178353.9938687535
Com,RSD,Ex,cDXGF,CZ15,Whole Building,2009,,,NE-HV_AirDist-SupFanMtr-cDXGF-2SpClgHtg-VFDExMtr,172814.35319625275
Com,RSD,Ex,cDXGF,CZ15,Whole Building,2009,,,NE-HV_AirDist-SupFanMtr-cDXGF-2SpClgHtg-VFDPMMtr,172570.4222415885
Com,RSD,Ex,cDXGF,CZ15,Whole Building,2009,,,NE-HV_AirDist-SupFanMtr-cDXGF-2SpClgHtg-VFDStdMtr,172733.25073232964
Com,RSD,Ex,cDXHP,CZ15,Whole Building,2009,,,NE-HV_AirDist-SupFanMtr-cDXHP-2SpClgHtg-Cnst,178393.88266712113
Com,RSD,Ex,cDXHP,CZ15,Whole Building,2009,,,NE-HV_AirDist-SupFanMtr-cDXHP-2SpClgHtg-VFDExMtr,173383.03369910654
Com,RSD,Ex,cDXHP,CZ15,Whole Building,2009,,,NE-HV_AirDist-SupFanMtr-cDXHP-2SpClgHtg-VFDPMMtr,173145.5226695747
Com,RSD,Ex,cDXHP,CZ15,Whole Building,2009,,,NE-HV_AirDist-SupFanMtr-cDXHP-2SpClgHtg-VFDStdMtr,173305.7350630601
Com,RSD,Ex,cDXOH,CZ15,Whole Building,2009,,,NE-HV_AirDist-SupFanMtr-cDXOH-2SpClgHtg-Cnst,178113.65427636672
Com,RSD,Ex,cDXOH,CZ15,Whole Building,2009,,,NE-HV_AirDist-SupFanMtr-cDXOH-2SpClgHtg-VFDExMtr,172921.1826900248
Com,RSD,Ex,cDXOH,CZ15,Whole Building,2009,,,NE-HV_AirDist-SupFanMtr-cDXOH-2SpClgHtg-VFDPMMtr,172686.3505376514
Com,RSD,Ex,cDXOH,CZ15,Whole Building,2009,,,NE-HV_AirDist-SupFanMtr-cDXOH-2SpClgHtg-VFDStdMtr,172844.95424493484
Com,RSD,Ex,cDXGF,CZ16,Whole Building,2009,,,NE-HV_AirDist-SupFanMtr-cDXGF-2SpClgHtg-Cnst,127691.88230831778
Com,RSD,Ex,cDXGF,CZ16,Whole Building,2009,,,NE-HV_AirDist-SupFanMtr-cDXGF-2SpClgHtg-VFDExMtr,122032.96961882043
Com,RSD,Ex,cDXGF,CZ16,Whole Building,2009,,,NE-HV_AirDist-SupFanMtr-cDXGF-2SpClgHtg-VFDPMMtr,121804.12410933341
Com,RSD,Ex,cDXGF,CZ16,Whole Building,2009,,,NE-HV_AirDist-SupFanMtr-cDXGF-2SpClgHtg-VFDStdMtr,121966.36515795023
Com,RSD,Ex,cDXHP,CZ16,Whole Building,2009,,,NE-HV_AirDist-SupFanMtr-cDXHP-2SpClgHtg-Cnst,128603.30746165547
Com,RSD,Ex,cDXHP,CZ16,Whole Building,2009,,,NE-HV_AirDist-SupFanMtr-cDXHP-2SpClgHtg-VFDExMtr,123021.07915842129
Com,RSD,Ex,cDXHP,CZ16,Whole Building,2009,,,NE-HV_AirDist-SupFanMtr-cDXHP-2SpClgHtg-VFDPMMtr,122805.90793231863
Com,RSD,Ex,cDXHP,CZ16,Whole Building,2009,,,NE-HV_AirDist-SupFanMtr-cDXHP-2SpClgHtg-VFDStdMtr,122958.2542046933
Com,RSD,Ex,cDXOH,CZ16,Whole Building,2009,,,NE-HV_AirDist-SupFanMtr-cDXOH-2SpClgHtg-Cnst,127629.59921461399
Com,RSD,Ex,cDXOH,CZ16,Whole Building,2009,,,NE-HV_AirDist-SupFanMtr-cDXOH-2SpClgHtg-VFDExMtr,123316.29160964275
Com,RSD,Ex,cDXOH,CZ16,Whole Building,2009,,,NE-HV_AirDist-SupFanMtr-cDXOH-2SpClgHtg-VFDPMMtr,123154.9920292476
Com,RSD,Ex,cDXOH,CZ16,Whole Building,2009,,,NE-HV_AirDist-SupFanMtr-cDXOH-2SpClgHtg-VFDStdMtr,123269.07662948771
Com,Rt3,Ex,cDXGF,CZ01,Whole Building,2009,,,NE-HV_AirDist-SupFanMtr-cDXGF-2SpClgHtg-Cnst,1721236.432271469
Com,Rt3,Ex,cDXGF,CZ01,Whole Building,2009,,,NE-HV_AirDist-SupFanMtr-cDXGF-2SpClgHtg-VFDExMtr,1360561.1786227082
Com,Rt3,Ex,cDXGF,CZ01,Whole Building,2009,,,NE-HV_AirDist-SupFanMtr-cDXGF-2SpClgHtg-VFDPMMtr,1349384.472041702
Com,Rt3,Ex,cDXGF,CZ01,Whole Building,2009,,,NE-HV_AirDist-SupFanMtr-cDXGF-2SpClgHtg-VFDStdMtr,1357595.5874199562
Com,Rt3,Ex,cDXHP,CZ01,Whole Building,2009,,,NE-HV_AirDist-SupFanMtr-cDXHP-2SpClgHtg-Cnst,1741105.732250645
Com,Rt3,Ex,cDXHP,CZ01,Whole Building,2009,,,NE-HV_AirDist-SupFanMtr-cDXHP-2SpClgHtg-VFDExMtr,1389476.5283343622
Com,Rt3,Ex,cDXHP,CZ01,Whole Building,2009,,,NE-HV_AirDist-SupFanMtr-cDXHP-2SpClgHtg-VFDPMMtr,1378880.928482659
Com,Rt3,Ex,cDXHP,CZ01,Whole Building,2009,,,NE-HV_AirDist-SupFanMtr-cDXHP-2SpClgHtg-VFDStdMtr,1386725.4126444855
Com,Rt3,Ex,cDXOH,CZ01,Whole Building,2009,,,NE-HV_AirDist-SupFanMtr-cDXOH-2SpClgHtg-Cnst,1722542.3071940737
Com,Rt3,Ex,cDXOH,CZ01,Whole Building,2009,,,NE-HV_AirDist-SupFanMtr-cDXOH-2SpClgHtg-VFDExMtr,1420127.8857969283
Com,Rt3,Ex,cDXOH,CZ01,Whole Building,2009,,,NE-HV_AirDist-SupFanMtr-cDXOH-2SpClgHtg-VFDPMMtr,1411791.3968690778
Com,Rt3,Ex,cDXOH,CZ01,Whole Building,2009,,,NE-HV_AirDist-SupFanMtr-cDXOH-2SpClgHtg-VFDStdMtr,1418063.5480457295
Com,Rt3,Ex,cDXGF,CZ02,Whole Building,2009,,,NE-HV_AirDist-SupFanMtr-cDXGF-2SpClgHtg-Cnst,1944163.4848108161
Com,Rt3,Ex,cDXGF,CZ02,Whole Building,2009,,,NE-HV_AirDist-SupFanMtr-cDXGF-2SpClgHtg-VFDExMtr,1564198.1294861233
Com,Rt3,Ex,cDXGF,CZ02,Whole Building,2009,,,NE-HV_AirDist-SupFanMtr-cDXGF-2SpClgHtg-VFDPMMtr,1549981.3283036307
Com,Rt3,Ex,cDXGF,CZ02,Whole Building,2009,,,NE-HV_AirDist-SupFanMtr-cDXGF-2SpClgHtg-VFDStdMtr,1559896.233219757
Com,Rt3,Ex,cDXHP,CZ02,Whole Building,2009,,,NE-HV_AirDist-SupFanMtr-cDXHP-2SpClgHtg-Cnst,1963858.5680288274
Com,Rt3,Ex,cDXHP,CZ02,Whole Building,2009,,,NE-HV_AirDist-SupFanMtr-cDXHP-2SpClgHtg-VFDExMtr,1593748.5015423605
Com,Rt3,Ex,cDXHP,CZ02,Whole Building,2009,,,NE-HV_AirDist-SupFanMtr-cDXHP-2SpClgHtg-VFDPMMtr,1580012.181199031
Com,Rt3,Ex,cDXHP,CZ02,Whole Building,2009,,,NE-HV_AirDist-SupFanMtr-cDXHP-2SpClgHtg-VFDStdMtr,1589558.6598129044
Com,Rt3,Ex,cDXOH,CZ02,Whole Building,2009,,,NE-HV_AirDist-SupFanMtr-cDXOH-2SpClgHtg-Cnst,1942025.9591290615
Com,Rt3,Ex,cDXOH,CZ02,Whole Building,2009,,,NE-HV_AirDist-SupFanMtr-cDXOH-2SpClgHtg-VFDExMtr,1612314.1207452212
Com,Rt3,Ex,cDXOH,CZ02,Whole Building,2009,,,NE-HV_AirDist-SupFanMtr-cDXOH-2SpClgHtg-VFDPMMtr,1600651.761543761
Com,Rt3,Ex,cDXOH,CZ02,Whole Building,2009,,,NE-HV_AirDist-SupFanMtr-cDXOH-2SpClgHtg-VFDStdMtr,1608891.554685993
Com,Rt3,Ex,cDXGF,CZ03,Whole Building,2009,,,NE-HV_AirDist-SupFanMtr-cDXGF-2SpClgHtg-Cnst,1814092.8612555151
Com,Rt3,Ex,cDXGF,CZ03,Whole Building,2009,,,NE-HV_AirDist-SupFanMtr-cDXGF-2SpClgHtg-VFDExMtr,1463346.8519607717
Com,Rt3,Ex,cDXGF,CZ03,Whole Building,2009,,,NE-HV_AirDist-SupFanMtr-cDXGF-2SpClgHtg-VFDPMMtr,1450070.1168890628
Com,Rt3,Ex,cDXGF,CZ03,Whole Building,2009,,,NE-HV_AirDist-SupFanMtr-cDXGF-2SpClgHtg-VFDStdMtr,1459408.5362422091
Com,Rt3,Ex,cDXHP,CZ03,Whole Building,2009,,,NE-HV_AirDist-SupFanMtr-cDXHP-2SpClgHtg-Cnst,1824119.6980481115
Com,Rt3,Ex,cDXHP,CZ03,Whole Building,2009,,,NE-HV_AirDist-SupFanMtr-cDXHP-2SpClgHtg-VFDExMtr,1478520.4175923127
Com,Rt3,Ex,cDXHP,CZ03,Whole Building,2009,,,NE-HV_AirDist-SupFanMtr-cDXHP-2SpClgHtg-VFDPMMtr,1465624.0781929009
Com,Rt3,Ex,cDXHP,CZ03,Whole Building,2009,,,NE-HV_AirDist-SupFanMtr-cDXHP-2SpClgHtg-VFDStdMtr,1474705.2355681572
Com,Rt3,Ex,cDXOH,CZ03,Whole Building,2009,,,NE-HV_AirDist-SupFanMtr-cDXOH-2SpClgHtg-Cnst,1813995.5307899748
Com,Rt3,Ex,cDXOH,CZ03,Whole Building,2009,,,NE-HV_AirDist-SupFanMtr-cDXOH-2SpClgHtg-VFDExMtr,1491108.9686218053
Com,Rt3,Ex,cDXOH,CZ03,Whole Building,2009,,,NE-HV_AirDist-SupFanMtr-cDXOH-2SpClgHtg-VFDPMMtr,1479261.1196034655
Com,Rt3,Ex,cDXOH,CZ03,Whole Building,2009,,,NE-HV_AirDist-SupFanMtr-cDXOH-2SpClgHtg-VFDStdMtr,1487611.7880187584
Com,Rt3,Ex,cDXGF,CZ04,Whole Building,2009,,,NE-HV_AirDist-SupFanMtr-cDXGF-2SpClgHtg-Cnst,2077266.9653869057
Com,Rt3,Ex,cDXGF,CZ04,Whole Building,2009,,,NE-HV_AirDist-SupFanMtr-cDXGF-2SpClgHtg-VFDExMtr,1681517.0423358274
Com,Rt3,Ex,cDXGF,CZ04,Whole Building,2009,,,NE-HV_AirDist-SupFanMtr-cDXGF-2SpClgHtg-VFDPMMtr,1666301.0169038617
Com,Rt3,Ex,cDXGF,CZ04,Whole Building,2009,,,NE-HV_AirDist-SupFanMtr-cDXGF-2SpClgHtg-VFDStdMtr,1676805.290113352
Com,Rt3,Ex,cDXHP,CZ04,Whole Building,2009,,,NE-HV_AirDist-SupFanMtr-cDXHP-2SpClgHtg-Cnst,2095448.6421674632
Com,Rt3,Ex,cDXHP,CZ04,Whole Building,2009,,,NE-HV_AirDist-SupFanMtr-cDXHP-2SpClgHtg-VFDExMtr,1707887.8437129285
Com,Rt3,Ex,cDXHP,CZ04,Whole Building,2009,,,NE-HV_AirDist-SupFanMtr-cDXHP-2SpClgHtg-VFDPMMtr,1693142.771932393
Com,Rt3,Ex,cDXHP,CZ04,Whole Building,2009,,,NE-HV_AirDist-SupFanMtr-cDXHP-2SpClgHtg-VFDStdMtr,1703305.4158135874
Com,Rt3,Ex,cDXOH,CZ04,Whole Building,2009,,,NE-HV_AirDist-SupFanMtr-cDXOH-2SpClgHtg-Cnst,2070132.2148403593
Com,Rt3,Ex,cDXOH,CZ04,Whole Building,2009,,,NE-HV_AirDist-SupFanMtr-cDXOH-2SpClgHtg-VFDExMtr,1721879.056445832
Com,Rt3,Ex,cDXOH,CZ04,Whole Building,2009,,,NE-HV_AirDist-SupFanMtr-cDXOH-2SpClgHtg-VFDPMMtr,1708778.3090963906
Com,Rt3,Ex,cDXOH,CZ04,Whole Building,2009,,,NE-HV_AirDist-SupFanMtr-cDXOH-2SpClgHtg-VFDStdMtr,1717918.0986840306
Com,Rt3,Ex,cDXGF,CZ05,Whole Building,2009,,,NE-HV_AirDist-SupFanMtr-cDXGF-2SpClgHtg-Cnst,1855085.4088341314
Com,Rt3,Ex,cDXGF,CZ05,Whole Building,2009,,,NE-HV_AirDist-SupFanMtr-cDXGF-2SpClgHtg-VFDExMtr,1499086.6951141781
Com,Rt3,Ex,cDXGF,CZ05,Whole Building,2009,,,NE-HV_AirDist-SupFanMtr-cDXGF-2SpClgHtg-VFDPMMtr,1485062.7594711033
Com,Rt3,Ex,cDXGF,CZ05,Whole Building,2009,,,NE-HV_AirDist-SupFanMtr-cDXGF-2SpClgHtg-VFDStdMtr,1494838.2917195242
Com,Rt3,Ex,cDXHP,CZ05,Whole Building,2009,,,NE-HV_AirDist-SupFanMtr-cDXHP-2SpClgHtg-Cnst,1865571.2312093566
Com,Rt3,Ex,cDXHP,CZ05,Whole Building,2009,,,NE-HV_AirDist-SupFanMtr-cDXHP-2SpClgHtg-VFDExMtr,1513762.7212545827
Com,Rt3,Ex,cDXHP,CZ05,Whole Building,2009,,,NE-HV_AirDist-SupFanMtr-cDXHP-2SpClgHtg-VFDPMMtr,1500063.5774880925
Com,Rt3,Ex,cDXHP,CZ05,Whole Building,2009,,,NE-HV_AirDist-SupFanMtr-cDXHP-2SpClgHtg-VFDStdMtr,1509624.179655479
Com,Rt3,Ex,cDXOH,CZ05,Whole Building,2009,,,NE-HV_AirDist-SupFanMtr-cDXOH-2SpClgHtg-Cnst,1854158.5192850993
Com,Rt3,Ex,cDXOH,CZ05,Whole Building,2009,,,NE-HV_AirDist-SupFanMtr-cDXOH-2SpClgHtg-VFDExMtr,1521885.4423556784
Com,Rt3,Ex,cDXOH,CZ05,Whole Building,2009,,,NE-HV_AirDist-SupFanMtr-cDXOH-2SpClgHtg-VFDPMMtr,1509305.8717651507
Com,Rt3,Ex,cDXOH,CZ05,Whole Building,2009,,,NE-HV_AirDist-SupFanMtr-cDXOH-2SpClgHtg-VFDStdMtr,1518141.5593004944
Com,Rt3,Ex,cDXGF,CZ06,Whole Building,2009,,,NE-HV_AirDist-SupFanMtr-cDXGF-2SpClgHtg-Cnst,1949808.943989326
Com,Rt3,Ex,cDXGF,CZ06,Whole Building,2009,,,NE-HV_AirDist-SupFanMtr-cDXGF-2SpClgHtg-VFDExMtr,1605704.7407305154
Com,Rt3,Ex,cDXGF,CZ06,Whole Building,2009,,,NE-HV_AirDist-SupFanMtr-cDXGF-2SpClgHtg-VFDPMMtr,1590311.6926054559
Com,Rt3,Ex,cDXGF,CZ06,Whole Building,2009,,,NE-HV_AirDist-SupFanMtr-cDXGF-2SpClgHtg-VFDStdMtr,1600928.8327283633
Com,Rt3,Ex,cDXHP,CZ06,Whole Building,2009,,,NE-HV_AirDist-SupFanMtr-cDXHP-2SpClgHtg-Cnst,1944150.766785316
Com,Rt3,Ex,cDXHP,CZ06,Whole Building,2009,,,NE-HV_AirDist-SupFanMtr-cDXHP-2SpClgHtg-VFDExMtr,1606632.8307151499
Com,Rt3,Ex,cDXHP,CZ06,Whole Building,2009,,,NE-HV_AirDist-SupFanMtr-cDXHP-2SpClgHtg-VFDPMMtr,1591231.2151444906
Com,Rt3,Ex,cDXHP,CZ06,Whole Building,2009,,,NE-HV_AirDist-SupFanMtr-cDXHP-2SpClgHtg-VFDStdMtr,1601845.202202327
Com,Rt3,Ex,cDXOH,CZ06,Whole Building,2009,,,NE-HV_AirDist-SupFanMtr-cDXOH-2SpClgHtg-Cnst,1945849.7402835342
Com,Rt3,Ex,cDXOH,CZ06,Whole Building,2009,,,NE-HV_AirDist-SupFanMtr-cDXOH-2SpClgHtg-VFDExMtr,1611273.95350629
Com,Rt3,Ex,cDXOH,CZ06,Whole Building,2009,,,NE-HV_AirDist-SupFanMtr-cDXOH-2SpClgHtg-VFDPMMtr,1596153.9991222625
Com,Rt3,Ex,cDXOH,CZ06,Whole Building,2009,,,NE-HV_AirDist-SupFanMtr-cDXOH-2SpClgHtg-VFDStdMtr,1606620.8293924222
Com,Rt3,Ex,cDXGF,CZ07,Whole Building,2009,,,NE-HV_AirDist-SupFanMtr-cDXGF-2SpClgHtg-Cnst,1986836.7347857584
Com,Rt3,Ex,cDXGF,CZ07,Whole Building,2009,,,NE-HV_AirDist-SupFanMtr-cDXGF-2SpClgHtg-VFDExMtr,1629322.6290986675
Com,Rt3,Ex,cDXGF,CZ07,Whole Building,2009,,,NE-HV_AirDist-SupFanMtr-cDXGF-2SpClgHtg-VFDPMMtr,1613599.7478723724
Com,Rt3,Ex,cDXGF,CZ07,Whole Building,2009,,,NE-HV_AirDist-SupFanMtr-cDXGF-2SpClgHtg-VFDStdMtr,1624422.7315527059
Com,Rt3,Ex,cDXHP,CZ07,Whole Building,2009,,,NE-HV_AirDist-SupFanMtr-cDXHP-2SpClgHtg-Cnst,1981476.251526749
Com,Rt3,Ex,cDXHP,CZ07,Whole Building,2009,,,NE-HV_AirDist-SupFanMtr-cDXHP-2SpClgHtg-VFDExMtr,1630074.5280170117
Com,Rt3,Ex,cDXHP,CZ07,Whole Building,2009,,,NE-HV_AirDist-SupFanMtr-cDXHP-2SpClgHtg-VFDPMMtr,1614511.9451718284
Com,Rt3,Ex,cDXHP,CZ07,Whole Building,2009,,,NE-HV_AirDist-SupFanMtr-cDXHP-2SpClgHtg-VFDStdMtr,1625225.5013764568
Com,Rt3,Ex,cDXOH,CZ07,Whole Building,2009,,,NE-HV_AirDist-SupFanMtr-cDXOH-2SpClgHtg-Cnst,1982925.1612434008
Com,Rt3,Ex,cDXOH,CZ07,Whole Building,2009,,,NE-HV_AirDist-SupFanMtr-cDXOH-2SpClgHtg-VFDExMtr,1633909.4464488504
Com,Rt3,Ex,cDXOH,CZ07,Whole Building,2009,,,NE-HV_AirDist-SupFanMtr-cDXOH-2SpClgHtg-VFDPMMtr,1618587.5525283762
Com,Rt3,Ex,cDXOH,CZ07,Whole Building,2009,,,NE-HV_AirDist-SupFanMtr-cDXOH-2SpClgHtg-VFDStdMtr,1629070.4355303633
Com,Rt3,Ex,cDXGF,CZ08,Whole Building,2009,,,NE-HV_AirDist-SupFanMtr-cDXGF-2SpClgHtg-Cnst,2116041.8573503676
Com,Rt3,Ex,cDXGF,CZ08,Whole Building,2009,,,NE-HV_AirDist-SupFanMtr-cDXGF-2SpClgHtg-VFDExMtr,1744260.8454871713
Com,Rt3,Ex,cDXGF,CZ08,Whole Building,2009,,,NE-HV_AirDist-SupFanMtr-cDXGF-2SpClgHtg-VFDPMMtr,1727762.6678536849
Com,Rt3,Ex,cDXGF,CZ08,Whole Building,2009,,,NE-HV_AirDist-SupFanMtr-cDXGF-2SpClgHtg-VFDStdMtr,1739010.9279037425
Com,Rt3,Ex,cDXHP,CZ08,Whole Building,2009,,,NE-HV_AirDist-SupFanMtr-cDXHP-2SpClgHtg-Cnst,2108695.077828595
Com,Rt3,Ex,cDXHP,CZ08,Whole Building,2009,,,NE-HV_AirDist-SupFanMtr-cDXHP-2SpClgHtg-VFDExMtr,1749280.9564645565
Com,Rt3,Ex,cDXHP,CZ08,Whole Building,2009,,,NE-HV_AirDist-SupFanMtr-cDXHP-2SpClgHtg-VFDPMMtr,1732761.8925343233
Com,Rt3,Ex,cDXHP,CZ08,Whole Building,2009,,,NE-HV_AirDist-SupFanMtr-cDXHP-2SpClgHtg-VFDStdMtr,1744022.558631388
Com,Rt3,Ex,cDXOH,CZ08,Whole Building,2009,,,NE-HV_AirDist-SupFanMtr-cDXOH-2SpClgHtg-Cnst,2105678.166444697
Com,Rt3,Ex,cDXOH,CZ08,Whole Building,2009,,,NE-HV_AirDist-SupFanMtr-cDXOH-2SpClgHtg-VFDExMtr,1750983.0133303415
Com,Rt3,Ex,cDXOH,CZ08,Whole Building,2009,,,NE-HV_AirDist-SupFanMtr-cDXOH-2SpClgHtg-VFDPMMtr,1735357.4725225505
Com,Rt3,Ex,cDXOH,CZ08,Whole Building,2009,,,NE-HV_AirDist-SupFanMtr-cDXOH-2SpClgHtg-VFDStdMtr,1746099.597750211
Com,Rt3,Ex,cDXGF,CZ09,Whole Building,2009,,,NE-HV_AirDist-SupFanMtr-cDXGF-2SpClgHtg-Cnst,2135373.242661254
Com,Rt3,Ex,cDXGF,CZ09,Whole Building,2009,,,NE-HV_AirDist-SupFanMtr-cDXGF-2SpClgHtg-VFDExMtr,1744170.9674786723
Com,Rt3,Ex,cDXGF,CZ09,Whole Building,2009,,,NE-HV_AirDist-SupFanMtr-cDXGF-2SpClgHtg-VFDPMMtr,1727699.87966869
Com,Rt3,Ex,cDXGF,CZ09,Whole Building,2009,,,NE-HV_AirDist-SupFanMtr-cDXGF-2SpClgHtg-VFDStdMtr,1738922.3385731035
Com,Rt3,Ex,cDXHP,CZ09,Whole Building,2009,,,NE-HV_AirDist-SupFanMtr-cDXHP-2SpClgHtg-Cnst,2132850.49962648
Com,Rt3,Ex,cDXHP,CZ09,Whole Building,2009,,,NE-HV_AirDist-SupFanMtr-cDXHP-2SpClgHtg-VFDExMtr,1753157.5304458085
Com,Rt3,Ex,cDXHP,CZ09,Whole Building,2009,,,NE-HV_AirDist-SupFanMtr-cDXHP-2SpClgHtg-VFDPMMtr,1736912.8197658248
Com,Rt3,Ex,cDXHP,CZ09,Whole Building,2009,,,NE-HV_AirDist-SupFanMtr-cDXHP-2SpClgHtg-VFDStdMtr,1747983.0374554743
Com,Rt3,Ex,cDXOH,CZ09,Whole Building,2009,,,NE-HV_AirDist-SupFanMtr-cDXOH-2SpClgHtg-Cnst,2125710.491330316
Com,Rt3,Ex,cDXOH,CZ09,Whole Building,2009,,,NE-HV_AirDist-SupFanMtr-cDXOH-2SpClgHtg-VFDExMtr,1754966.767003971
Com,Rt3,Ex,cDXOH,CZ09,Whole Building,2009,,,NE-HV_AirDist-SupFanMtr-cDXOH-2SpClgHtg-VFDPMMtr,1739342.2745455706
Com,Rt3,Ex,cDXOH,CZ09,Whole Building,2009,,,NE-HV_AirDist-SupFanMtr-cDXOH-2SpClgHtg-VFDStdMtr,1750059.8274908273
Com,Rt3,Ex,cDXGF,CZ10,Whole Building,2009,,,NE-HV_AirDist-SupFanMtr-cDXGF-2SpClgHtg-Cnst,2215736.627600253
Com,Rt3,Ex,cDXGF,CZ10,Whole Building,2009,,,NE-HV_AirDist-SupFanMtr-cDXGF-2SpClgHtg-VFDExMtr,1808607.1601681546
Com,Rt3,Ex,cDXGF,CZ10,Whole Building,2009,,,NE-HV_AirDist-SupFanMtr-cDXGF-2SpClgHtg-VFDPMMtr,1791541.0946623154
Com,Rt3,Ex,cDXGF,CZ10,Whole Building,2009,,,NE-HV_AirDist-SupFanMtr-cDXGF-2SpClgHtg-VFDStdMtr,1803219.42308254
Com,Rt3,Ex,cDXHP,CZ10,Whole Building,2009,,,NE-HV_AirDist-SupFanMtr-cDXHP-2SpClgHtg-Cnst,2213540.8713959656
Com,Rt3,Ex,cDXHP,CZ10,Whole Building,2009,,,NE-HV_AirDist-SupFanMtr-cDXHP-2SpClgHtg-VFDExMtr,1819053.7549819357
Com,Rt3,Ex,cDXHP,CZ10,Whole Building,2009,,,NE-HV_AirDist-SupFanMtr-cDXHP-2SpClgHtg-VFDPMMtr,1802207.1851449464
Com,Rt3,Ex,cDXHP,CZ10,Whole Building,2009,,,NE-HV_AirDist-SupFanMtr-cDXHP-2SpClgHtg-VFDStdMtr,1813664.8611746198
Com,Rt3,Ex,cDXOH,CZ10,Whole Building,2009,,,NE-HV_AirDist-SupFanMtr-cDXOH-2SpClgHtg-Cnst,2203746.326425823
Com,Rt3,Ex,cDXOH,CZ10,Whole Building,2009,,,NE-HV_AirDist-SupFanMtr-cDXOH-2SpClgHtg-VFDExMtr,1822153.7059349692
Com,Rt3,Ex,cDXOH,CZ10,Whole Building,2009,,,NE-HV_AirDist-SupFanMtr-cDXOH-2SpClgHtg-VFDPMMtr,1806051.8205834832
Com,Rt3,Ex,cDXOH,CZ10,Whole Building,2009,,,NE-HV_AirDist-SupFanMtr-cDXOH-2SpClgHtg-VFDStdMtr,1817135.0415812586
Com,Rt3,Ex,cDXGF,CZ11,Whole Building,2009,,,NE-HV_AirDist-SupFanMtr-cDXGF-2SpClgHtg-Cnst,2180171.1842539324
Com,Rt3,Ex,cDXGF,CZ11,Whole Building,2009,,,NE-HV_AirDist-SupFanMtr-cDXGF-2SpClgHtg-VFDExMtr,1785890.7734026278
Com,Rt3,Ex,cDXGF,CZ11,Whole Building,2009,,,NE-HV_AirDist-SupFanMtr-cDXGF-2SpClgHtg-VFDPMMtr,1770322.1567374307
Com,Rt3,Ex,cDXGF,CZ11,Whole Building,2009,,,NE-HV_AirDist-SupFanMtr-cDXGF-2SpClgHtg-VFDStdMtr,1780943.536416774
Com,Rt3,Ex,cDXHP,CZ11,Whole Building,2009,,,NE-HV_AirDist-SupFanMtr-cDXHP-2SpClgHtg-Cnst,2195730.4881506115
Com,Rt3,Ex,cDXHP,CZ11,Whole Building,2009,,,NE-HV_AirDist-SupFanMtr-cDXHP-2SpClgHtg-VFDExMtr,1809839.455450612
Com,Rt3,Ex,cDXHP,CZ11,Whole Building,2009,,,NE-HV_AirDist-SupFanMtr-cDXHP-2SpClgHtg-VFDPMMtr,1794673.0861945131
Com,Rt3,Ex,cDXHP,CZ11,Whole Building,2009,,,NE-HV_AirDist-SupFanMtr-cDXHP-2SpClgHtg-VFDStdMtr,1805026.8128362424
Com,Rt3,Ex,cDXOH,CZ11,Whole Building,2009,,,NE-HV_AirDist-SupFanMtr-cDXOH-2SpClgHtg-Cnst,2171141.8608232527
Com,Rt3,Ex,cDXOH,CZ11,Whole Building,2009,,,NE-HV_AirDist-SupFanMtr-cDXOH-2SpClgHtg-VFDExMtr,1832342.5902226255
Com,Rt3,Ex,cDXOH,CZ11,Whole Building,2009,,,NE-HV_AirDist-SupFanMtr-cDXOH-2SpClgHtg-VFDPMMtr,1819038.208702875
Com,Rt3,Ex,cDXOH,CZ11,Whole Building,2009,,,NE-HV_AirDist-SupFanMtr-cDXOH-2SpClgHtg-VFDStdMtr,1828206.813620956
Com,Rt3,Ex,cDXGF,CZ12,Whole Building,2009,,,NE-HV_AirDist-SupFanMtr-cDXGF-2SpClgHtg-Cnst,2051050.4895944262
Com,Rt3,Ex,cDXGF,CZ12,Whole Building,2009,,,NE-HV_AirDist-SupFanMtr-cDXGF-2SpClgHtg-VFDExMtr,1667929.3909647854
Com,Rt3,Ex,cDXGF,CZ12,Whole Building,2009,,,NE-HV_AirDist-SupFanMtr-cDXGF-2SpClgHtg-VFDPMMtr,1652999.5490143837
Com,Rt3,Ex,cDXGF,CZ12,Whole Building,2009,,,NE-HV_AirDist-SupFanMtr-cDXGF-2SpClgHtg-VFDStdMtr,1663341.851585278
Com,Rt3,Ex,cDXHP,CZ12,Whole Building,2009,,,NE-HV_AirDist-SupFanMtr-cDXHP-2SpClgHtg-Cnst,2065199.1572410623
Com,Rt3,Ex,cDXHP,CZ12,Whole Building,2009,,,NE-HV_AirDist-SupFanMtr-cDXHP-2SpClgHtg-VFDExMtr,1694093.7764191732
Com,Rt3,Ex,cDXHP,CZ12,Whole Building,2009,,,NE-HV_AirDist-SupFanMtr-cDXHP-2SpClgHtg-VFDPMMtr,1679587.3901822874
Com,Rt3,Ex,cDXHP,CZ12,Whole Building,2009,,,NE-HV_AirDist-SupFanMtr-cDXHP-2SpClgHtg-VFDStdMtr,1689644.0944773024
Com,Rt3,Ex,cDXOH,CZ12,Whole Building,2009,,,NE-HV_AirDist-SupFanMtr-cDXOH-2SpClgHtg-Cnst,2045042.5232566358
Com,Rt3,Ex,cDXOH,CZ12,Whole Building,2009,,,NE-HV_AirDist-SupFanMtr-cDXOH-2SpClgHtg-VFDExMtr,1713764.3223769367
Com,Rt3,Ex,cDXOH,CZ12,Whole Building,2009,,,NE-HV_AirDist-SupFanMtr-cDXOH-2SpClgHtg-VFDPMMtr,1701019.7187538238
Com,Rt3,Ex,cDXOH,CZ12,Whole Building,2009,,,NE-HV_AirDist-SupFanMtr-cDXOH-2SpClgHtg-VFDStdMtr,1709857.2041107914
Com,Rt3,Ex,cDXGF,CZ13,Whole Building,2009,,,NE-HV_AirDist-SupFanMtr-cDXGF-2SpClgHtg-Cnst,2197530.850749514
Com,Rt3,Ex,cDXGF,CZ13,Whole Building,2009,,,NE-HV_AirDist-SupFanMtr-cDXGF-2SpClgHtg-VFDExMtr,1803258.6147102828
Com,Rt3,Ex,cDXGF,CZ13,Whole Building,2009,,,NE-HV_AirDist-SupFanMtr-cDXGF-2SpClgHtg-VFDPMMtr,1787719.161647217
Com,Rt3,Ex,cDXGF,CZ13,Whole Building,2009,,,NE-HV_AirDist-SupFanMtr-cDXGF-2SpClgHtg-VFDStdMtr,1798297.464965081
Com,Rt3,Ex,cDXHP,CZ13,Whole Building,2009,,,NE-HV_AirDist-SupFanMtr-cDXHP-2SpClgHtg-Cnst,2207722.7970533594
Com,Rt3,Ex,cDXHP,CZ13,Whole Building,2009,,,NE-HV_AirDist-SupFanMtr-cDXHP-2SpClgHtg-VFDExMtr,1823388.2014213435
Com,Rt3,Ex,cDXHP,CZ13,Whole Building,2009,,,NE-HV_AirDist-SupFanMtr-cDXHP-2SpClgHtg-VFDPMMtr,1808031.4617243807
Com,Rt3,Ex,cDXHP,CZ13,Whole Building,2009,,,NE-HV_AirDist-SupFanMtr-cDXHP-2SpClgHtg-VFDStdMtr,1818493.9166913207
Com,Rt3,Ex,cDXOH,CZ13,Whole Building,2009,,,NE-HV_AirDist-SupFanMtr-cDXOH-2SpClgHtg-Cnst,2186333.513717871
Com,Rt3,Ex,cDXOH,CZ13,Whole Building,2009,,,NE-HV_AirDist-SupFanMtr-cDXOH-2SpClgHtg-VFDExMtr,1843232.4109379675
Com,Rt3,Ex,cDXOH,CZ13,Whole Building,2009,,,NE-HV_AirDist-SupFanMtr-cDXOH-2SpClgHtg-VFDPMMtr,1829687.2510537761
Com,Rt3,Ex,cDXOH,CZ13,Whole Building,2009,,,NE-HV_AirDist-SupFanMtr-cDXOH-2SpClgHtg-VFDStdMtr,1839111.289307086
Com,Rt3,Ex,cDXGF,CZ14,Whole Building,2009,,,NE-HV_AirDist-SupFanMtr-cDXGF-2SpClgHtg-Cnst,2188165.628078651
Com,Rt3,Ex,cDXGF,CZ14,Whole Building,2009,,,NE-HV_AirDist-SupFanMtr-cDXGF-2SpClgHtg-VFDExMtr,1786908.1018921728
Com,Rt3,Ex,cDXGF,CZ14,Whole Building,2009,,,NE-HV_AirDist-SupFanMtr-cDXGF-2SpClgHtg-VFDPMMtr,1770877.4616282443
Com,Rt3,Ex,cDXGF,CZ14,Whole Building,2009,,,NE-HV_AirDist-SupFanMtr-cDXGF-2SpClgHtg-VFDStdMtr,1781861.0104489527
Com,Rt3,Ex,cDXHP,CZ14,Whole Building,2009,,,NE-HV_AirDist-SupFanMtr-cDXHP-2SpClgHtg-Cnst,2200216.213466049
Com,Rt3,Ex,cDXHP,CZ14,Whole Building,2009,,,NE-HV_AirDist-SupFanMtr-cDXHP-2SpClgHtg-VFDExMtr,1809808.7178912628
Com,Rt3,Ex,cDXHP,CZ14,Whole Building,2009,,,NE-HV_AirDist-SupFanMtr-cDXHP-2SpClgHtg-VFDPMMtr,1794182.6981402007
Com,Rt3,Ex,cDXHP,CZ14,Whole Building,2009,,,NE-HV_AirDist-SupFanMtr-cDXHP-2SpClgHtg-VFDStdMtr,1804833.9190172316
Com,Rt3,Ex,cDXOH,CZ14,Whole Building,2009,,,NE-HV_AirDist-SupFanMtr-cDXOH-2SpClgHtg-Cnst,2176030.4875675854
Com,Rt3,Ex,cDXOH,CZ14,Whole Building,2009,,,NE-HV_AirDist-SupFanMtr-cDXOH-2SpClgHtg-VFDExMtr,1821003.9629023122
Com,Rt3,Ex,cDXOH,CZ14,Whole Building,2009,,,NE-HV_AirDist-SupFanMtr-cDXOH-2SpClgHtg-VFDPMMtr,1806749.4581422454
Com,Rt3,Ex,cDXOH,CZ14,Whole Building,2009,,,NE-HV_AirDist-SupFanMtr-cDXOH-2SpClgHtg-VFDStdMtr,1816564.690788653
Com,Rt3,Ex,cDXGF,CZ15,Whole Building,2009,,,NE-HV_AirDist-SupFanMtr-cDXGF-2SpClgHtg-Cnst,2490956.233665937
Com,Rt3,Ex,cDXGF,CZ15,Whole Building,2009,,,NE-HV_AirDist-SupFanMtr-cDXGF-2SpClgHtg-VFDExMtr,2106214.002794005
Com,Rt3,Ex,cDXGF,CZ15,Whole Building,2009,,,NE-HV_AirDist-SupFanMtr-cDXGF-2SpClgHtg-VFDPMMtr,2089358.4314744687
Com,Rt3,Ex,cDXGF,CZ15,Whole Building,2009,,,NE-HV_AirDist-SupFanMtr-cDXGF-2SpClgHtg-VFDStdMtr,2100656.7293635486
Com,Rt3,Ex,cDXHP,CZ15,Whole Building,2009,,,NE-HV_AirDist-SupFanMtr-cDXHP-2SpClgHtg-Cnst,2492482.9069967405
Com,Rt3,Ex,cDXHP,CZ15,Whole Building,2009,,,NE-HV_AirDist-SupFanMtr-cDXHP-2SpClgHtg-VFDExMtr,2118106.9225397785
Com,Rt3,Ex,cDXHP,CZ15,Whole Building,2009,,,NE-HV_AirDist-SupFanMtr-cDXHP-2SpClgHtg-VFDPMMtr,2100310.0746172895
Com,Rt3,Ex,cDXHP,CZ15,Whole Building,2009,,,NE-HV_AirDist-SupFanMtr-cDXHP-2SpClgHtg-VFDStdMtr,2112137.092898265
Com,Rt3,Ex,cDXOH,CZ15,Whole Building,2009,,,NE-HV_AirDist-SupFanMtr-cDXOH-2SpClgHtg-Cnst,2470986.166895302
Com,Rt3,Ex,cDXOH,CZ15,Whole Building,2009,,,NE-HV_AirDist-SupFanMtr-cDXOH-2SpClgHtg-VFDExMtr,2110541.6984117045
Com,Rt3,Ex,cDXOH,CZ15,Whole Building,2009,,,NE-HV_AirDist-SupFanMtr-cDXOH-2SpClgHtg-VFDPMMtr,2093987.4450278846
Com,Rt3,Ex,cDXOH,CZ15,Whole Building,2009,,,NE-HV_AirDist-SupFanMtr-cDXOH-2SpClgHtg-VFDStdMtr,2105103.452576542
Com,Rt3,Ex,cDXGF,CZ16,Whole Building,2009,,,NE-HV_AirDist-SupFanMtr-cDXGF-2SpClgHtg-Cnst,2000018.9469057184
Com,Rt3,Ex,cDXGF,CZ16,Whole Building,2009,,,NE-HV_AirDist-SupFanMtr-cDXGF-2SpClgHtg-VFDExMtr,1556492.9676793711
Com,Rt3,Ex,cDXGF,CZ16,Whole Building,2009,,,NE-HV_AirDist-SupFanMtr-cDXGF-2SpClgHtg-VFDPMMtr,1540270.2394596902
Com,Rt3,Ex,cDXGF,CZ16,Whole Building,2009,,,NE-HV_AirDist-SupFanMtr-cDXGF-2SpClgHtg-VFDStdMtr,1551645.5071114346
Com,Rt3,Ex,cDXHP,CZ16,Whole Building,2009,,,NE-HV_AirDist-SupFanMtr-cDXHP-2SpClgHtg-Cnst,2030733.194360601
Com,Rt3,Ex,cDXHP,CZ16,Whole Building,2009,,,NE-HV_AirDist-SupFanMtr-cDXHP-2SpClgHtg-VFDExMtr,1600227.0382963622
Com,Rt3,Ex,cDXHP,CZ16,Whole Building,2009,,,NE-HV_AirDist-SupFanMtr-cDXHP-2SpClgHtg-VFDPMMtr,1584956.860740423
Com,Rt3,Ex,cDXHP,CZ16,Whole Building,2009,,,NE-HV_AirDist-SupFanMtr-cDXHP-2SpClgHtg-VFDStdMtr,1595695.973600761
Com,Rt3,Ex,cDXOH,CZ16,Whole Building,2009,,,NE-HV_AirDist-SupFanMtr-cDXOH-2SpClgHtg-Cnst,2006229.1673714672
Com,Rt3,Ex,cDXOH,CZ16,Whole Building,2009,,,NE-HV_AirDist-SupFanMtr-cDXOH-2SpClgHtg-VFDExMtr,1638940.280002355
Com,Rt3,Ex,cDXOH,CZ16,Whole Building,2009,,,NE-HV_AirDist-SupFanMtr-cDXOH-2SpClgHtg-VFDPMMtr,1626279.685480296
Com,Rt3,Ex,cDXOH,CZ16,Whole Building,2009,,,NE-HV_AirDist-SupFanMtr-cDXOH-2SpClgHtg-VFDStdMtr,1635313.1059468878
Com,RtL,Ex,cDXGF,CZ01,Whole Building,2009,,,NE-HV_AirDist-SupFanMtr-cDXGF-2SpClgHtg-Cnst,1755552.3897631573
Com,RtL,Ex,cDXGF,CZ01,Whole Building,2009,,,NE-HV_AirDist-SupFanMtr-cDXGF-2SpClgHtg-VFDExMtr,1395834.5701952758
Com,RtL,Ex,cDXGF,CZ01,Whole Building,2009,,,NE-HV_AirDist-SupFanMtr-cDXGF-2SpClgHtg-VFDPMMtr,1384474.8756972076
Com,RtL,Ex,cDXGF,CZ01,Whole Building,2009,,,NE-HV_AirDist-SupFanMtr-cDXGF-2SpClgHtg-VFDStdMtr,1392750.3118804903
Com,RtL,Ex,cDXHP,CZ01,Whole Building,2009,,,NE-HV_AirDist-SupFanMtr-cDXHP-2SpClgHtg-Cnst,1776558.8945637913
Com,RtL,Ex,cDXHP,CZ01,Whole Building,2009,,,NE-HV_AirDist-SupFanMtr-cDXHP-2SpClgHtg-VFDExMtr,1427947.7184018493
Com,RtL,Ex,cDXHP,CZ01,Whole Building,2009,,,NE-HV_AirDist-SupFanMtr-cDXHP-2SpClgHtg-VFDPMMtr,1417300.6622764796
Com,RtL,Ex,cDXHP,CZ01,Whole Building,2009,,,NE-HV_AirDist-SupFanMtr-cDXHP-2SpClgHtg-VFDStdMtr,1425074.083698808
Com,RtL,Ex,cDXOH,CZ01,Whole Building,2009,,,NE-HV_AirDist-SupFanMtr-cDXOH-2SpClgHtg-Cnst,1757243.1688216776
Com,RtL,Ex,cDXOH,CZ01,Whole Building,2009,,,NE-HV_AirDist-SupFanMtr-cDXOH-2SpClgHtg-VFDExMtr,1469243.8585900292
Com,RtL,Ex,cDXOH,CZ01,Whole Building,2009,,,NE-HV_AirDist-SupFanMtr-cDXOH-2SpClgHtg-VFDPMMtr,1461114.0694342935
Com,RtL,Ex,cDXOH,CZ01,Whole Building,2009,,,NE-HV_AirDist-SupFanMtr-cDXOH-2SpClgHtg-VFDStdMtr,1467113.2818009488
Com,RtL,Ex,cDXGF,CZ02,Whole Building,2009,,,NE-HV_AirDist-SupFanMtr-cDXGF-2SpClgHtg-Cnst,1946528.5199027339
Com,RtL,Ex,cDXGF,CZ02,Whole Building,2009,,,NE-HV_AirDist-SupFanMtr-cDXGF-2SpClgHtg-VFDExMtr,1585139.6369979624
Com,RtL,Ex,cDXGF,CZ02,Whole Building,2009,,,NE-HV_AirDist-SupFanMtr-cDXGF-2SpClgHtg-VFDPMMtr,1571608.528455261
Com,RtL,Ex,cDXGF,CZ02,Whole Building,2009,,,NE-HV_AirDist-SupFanMtr-cDXGF-2SpClgHtg-VFDStdMtr,1581140.503632266
Com,RtL,Ex,cDXHP,CZ02,Whole Building,2009,,,NE-HV_AirDist-SupFanMtr-cDXHP-2SpClgHtg-Cnst,1961714.7755114846
Com,RtL,Ex,cDXHP,CZ02,Whole Building,2009,,,NE-HV_AirDist-SupFanMtr-cDXHP-2SpClgHtg-VFDExMtr,1610008.428317455
Com,RtL,Ex,cDXHP,CZ02,Whole Building,2009,,,NE-HV_AirDist-SupFanMtr-cDXHP-2SpClgHtg-VFDPMMtr,1596926.1062631484
Com,RtL,Ex,cDXHP,CZ02,Whole Building,2009,,,NE-HV_AirDist-SupFanMtr-cDXHP-2SpClgHtg-VFDStdMtr,1606120.0676376128
Com,RtL,Ex,cDXOH,CZ02,Whole Building,2009,,,NE-HV_AirDist-SupFanMtr-cDXOH-2SpClgHtg-Cnst,1941576.221539621
Com,RtL,Ex,cDXOH,CZ02,Whole Building,2009,,,NE-HV_AirDist-SupFanMtr-cDXOH-2SpClgHtg-VFDExMtr,1635224.1744032833
Com,RtL,Ex,cDXOH,CZ02,Whole Building,2009,,,NE-HV_AirDist-SupFanMtr-cDXOH-2SpClgHtg-VFDPMMtr,1623695.5663310366
Com,RtL,Ex,cDXOH,CZ02,Whole Building,2009,,,NE-HV_AirDist-SupFanMtr-cDXOH-2SpClgHtg-VFDStdMtr,1631984.7396155072
Com,RtL,Ex,cDXGF,CZ03,Whole Building,2009,,,NE-HV_AirDist-SupFanMtr-cDXGF-2SpClgHtg-Cnst,1831773.9055640944
Com,RtL,Ex,cDXGF,CZ03,Whole Building,2009,,,NE-HV_AirDist-SupFanMtr-cDXGF-2SpClgHtg-VFDExMtr,1494118.2128321677
Com,RtL,Ex,cDXGF,CZ03,Whole Building,2009,,,NE-HV_AirDist-SupFanMtr-cDXGF-2SpClgHtg-VFDPMMtr,1481180.005046247
Com,RtL,Ex,cDXGF,CZ03,Whole Building,2009,,,NE-HV_AirDist-SupFanMtr-cDXGF-2SpClgHtg-VFDStdMtr,1490274.0897363161
Com,RtL,Ex,cDXHP,CZ03,Whole Building,2009,,,NE-HV_AirDist-SupFanMtr-cDXHP-2SpClgHtg-Cnst,1838772.9293232656
Com,RtL,Ex,cDXHP,CZ03,Whole Building,2009,,,NE-HV_AirDist-SupFanMtr-cDXHP-2SpClgHtg-VFDExMtr,1506666.424823053
Com,RtL,Ex,cDXHP,CZ03,Whole Building,2009,,,NE-HV_AirDist-SupFanMtr-cDXHP-2SpClgHtg-VFDPMMtr,1494134.9506554042
Com,RtL,Ex,cDXHP,CZ03,Whole Building,2009,,,NE-HV_AirDist-SupFanMtr-cDXHP-2SpClgHtg-VFDStdMtr,1502932.1911292984
Com,RtL,Ex,cDXOH,CZ03,Whole Building,2009,,,NE-HV_AirDist-SupFanMtr-cDXOH-2SpClgHtg-Cnst,1830621.0420886932
Com,RtL,Ex,cDXOH,CZ03,Whole Building,2009,,,NE-HV_AirDist-SupFanMtr-cDXOH-2SpClgHtg-VFDExMtr,1523663.5552627617
Com,RtL,Ex,cDXOH,CZ03,Whole Building,2009,,,NE-HV_AirDist-SupFanMtr-cDXOH-2SpClgHtg-VFDPMMtr,1512173.4398577204
Com,RtL,Ex,cDXOH,CZ03,Whole Building,2009,,,NE-HV_AirDist-SupFanMtr-cDXOH-2SpClgHtg-VFDStdMtr,1520246.6832624853
Com,RtL,Ex,cDXGF,CZ04,Whole Building,2009,,,NE-HV_AirDist-SupFanMtr-cDXGF-2SpClgHtg-Cnst,2073062.3612023145
Com,RtL,Ex,cDXGF,CZ04,Whole Building,2009,,,NE-HV_AirDist-SupFanMtr-cDXGF-2SpClgHtg-VFDExMtr,1701669.0989037638
Com,RtL,Ex,cDXGF,CZ04,Whole Building,2009,,,NE-HV_AirDist-SupFanMtr-cDXGF-2SpClgHtg-VFDPMMtr,1687412.4920052935
Com,RtL,Ex,cDXGF,CZ04,Whole Building,2009,,,NE-HV_AirDist-SupFanMtr-cDXGF-2SpClgHtg-VFDStdMtr,1697358.62419991
Com,RtL,Ex,cDXHP,CZ04,Whole Building,2009,,,NE-HV_AirDist-SupFanMtr-cDXHP-2SpClgHtg-Cnst,2088994.0909299154
Com,RtL,Ex,cDXHP,CZ04,Whole Building,2009,,,NE-HV_AirDist-SupFanMtr-cDXHP-2SpClgHtg-VFDExMtr,1718462.4483140341
Com,RtL,Ex,cDXHP,CZ04,Whole Building,2009,,,NE-HV_AirDist-SupFanMtr-cDXHP-2SpClgHtg-VFDPMMtr,1704153.5277943206
Com,RtL,Ex,cDXHP,CZ04,Whole Building,2009,,,NE-HV_AirDist-SupFanMtr-cDXHP-2SpClgHtg-VFDStdMtr,1714057.7931865982
Com,RtL,Ex,cDXOH,CZ04,Whole Building,2009,,,NE-HV_AirDist-SupFanMtr-cDXOH-2SpClgHtg-Cnst,2065145.4124737764
Com,RtL,Ex,cDXOH,CZ04,Whole Building,2009,,,NE-HV_AirDist-SupFanMtr-cDXOH-2SpClgHtg-VFDExMtr,1742361.4319433845
Com,RtL,Ex,cDXOH,CZ04,Whole Building,2009,,,NE-HV_AirDist-SupFanMtr-cDXOH-2SpClgHtg-VFDPMMtr,1729961.9760794505
Com,RtL,Ex,cDXOH,CZ04,Whole Building,2009,,,NE-HV_AirDist-SupFanMtr-cDXOH-2SpClgHtg-VFDStdMtr,1738875.493779196
Com,RtL,Ex,cDXGF,CZ05,Whole Building,2009,,,NE-HV_AirDist-SupFanMtr-cDXGF-2SpClgHtg-Cnst,1863320.769994169
Com,RtL,Ex,cDXGF,CZ05,Whole Building,2009,,,NE-HV_AirDist-SupFanMtr-cDXGF-2SpClgHtg-VFDExMtr,1523052.8786924311
Com,RtL,Ex,cDXGF,CZ05,Whole Building,2009,,,NE-HV_AirDist-SupFanMtr-cDXGF-2SpClgHtg-VFDPMMtr,1509434.8596016725
Com,RtL,Ex,cDXGF,CZ05,Whole Building,2009,,,NE-HV_AirDist-SupFanMtr-cDXGF-2SpClgHtg-VFDStdMtr,1518926.3327192964
Com,RtL,Ex,cDXHP,CZ05,Whole Building,2009,,,NE-HV_AirDist-SupFanMtr-cDXHP-2SpClgHtg-Cnst,1870591.0744684446
Com,RtL,Ex,cDXHP,CZ05,Whole Building,2009,,,NE-HV_AirDist-SupFanMtr-cDXHP-2SpClgHtg-VFDExMtr,1534351.3562197404
Com,RtL,Ex,cDXHP,CZ05,Whole Building,2009,,,NE-HV_AirDist-SupFanMtr-cDXHP-2SpClgHtg-VFDPMMtr,1521043.357688656
Com,RtL,Ex,cDXHP,CZ05,Whole Building,2009,,,NE-HV_AirDist-SupFanMtr-cDXHP-2SpClgHtg-VFDStdMtr,1530331.29299829
Com,RtL,Ex,cDXOH,CZ05,Whole Building,2009,,,NE-HV_AirDist-SupFanMtr-cDXOH-2SpClgHtg-Cnst,1861615.138354907
Com,RtL,Ex,cDXOH,CZ05,Whole Building,2009,,,NE-HV_AirDist-SupFanMtr-cDXOH-2SpClgHtg-VFDExMtr,1547141.2321977413
Com,RtL,Ex,cDXOH,CZ05,Whole Building,2009,,,NE-HV_AirDist-SupFanMtr-cDXOH-2SpClgHtg-VFDPMMtr,1534884.3812515847
Com,RtL,Ex,cDXOH,CZ05,Whole Building,2009,,,NE-HV_AirDist-SupFanMtr-cDXOH-2SpClgHtg-VFDStdMtr,1543575.3983075896
Com,RtL,Ex,cDXGF,CZ06,Whole Building,2009,,,NE-HV_AirDist-SupFanMtr-cDXGF-2SpClgHtg-Cnst,1974603.61766623
Com,RtL,Ex,cDXGF,CZ06,Whole Building,2009,,,NE-HV_AirDist-SupFanMtr-cDXGF-2SpClgHtg-VFDExMtr,1635852.5051931192
Com,RtL,Ex,cDXGF,CZ06,Whole Building,2009,,,NE-HV_AirDist-SupFanMtr-cDXGF-2SpClgHtg-VFDPMMtr,1620366.493841309
Com,RtL,Ex,cDXGF,CZ06,Whole Building,2009,,,NE-HV_AirDist-SupFanMtr-cDXGF-2SpClgHtg-VFDStdMtr,1631036.7447539717
Com,RtL,Ex,cDXHP,CZ06,Whole Building,2009,,,NE-HV_AirDist-SupFanMtr-cDXHP-2SpClgHtg-Cnst,1965706.2542103298
Com,RtL,Ex,cDXHP,CZ06,Whole Building,2009,,,NE-HV_AirDist-SupFanMtr-cDXHP-2SpClgHtg-VFDExMtr,1635634.0589353745
Com,RtL,Ex,cDXHP,CZ06,Whole Building,2009,,,NE-HV_AirDist-SupFanMtr-cDXHP-2SpClgHtg-VFDPMMtr,1620300.137554502
Com,RtL,Ex,cDXHP,CZ06,Whole Building,2009,,,NE-HV_AirDist-SupFanMtr-cDXHP-2SpClgHtg-VFDStdMtr,1630880.1405353579
Com,RtL,Ex,cDXOH,CZ06,Whole Building,2009,,,NE-HV_AirDist-SupFanMtr-cDXOH-2SpClgHtg-Cnst,1968390.3572079965
Com,RtL,Ex,cDXOH,CZ06,Whole Building,2009,,,NE-HV_AirDist-SupFanMtr-cDXOH-2SpClgHtg-VFDExMtr,1642048.4438312796
Com,RtL,Ex,cDXOH,CZ06,Whole Building,2009,,,NE-HV_AirDist-SupFanMtr-cDXOH-2SpClgHtg-VFDPMMtr,1626788.6774190317
Com,RtL,Ex,cDXOH,CZ06,Whole Building,2009,,,NE-HV_AirDist-SupFanMtr-cDXOH-2SpClgHtg-VFDStdMtr,1637390.4151704616
Com,RtL,Ex,cDXGF,CZ07,Whole Building,2009,,,NE-HV_AirDist-SupFanMtr-cDXGF-2SpClgHtg-Cnst,1998338.534685342
Com,RtL,Ex,cDXGF,CZ07,Whole Building,2009,,,NE-HV_AirDist-SupFanMtr-cDXGF-2SpClgHtg-VFDExMtr,1653995.5985376341
Com,RtL,Ex,cDXGF,CZ07,Whole Building,2009,,,NE-HV_AirDist-SupFanMtr-cDXGF-2SpClgHtg-VFDPMMtr,1638902.2510457258
Com,RtL,Ex,cDXGF,CZ07,Whole Building,2009,,,NE-HV_AirDist-SupFanMtr-cDXGF-2SpClgHtg-VFDStdMtr,1649333.2993117156
Com,RtL,Ex,cDXHP,CZ07,Whole Building,2009,,,NE-HV_AirDist-SupFanMtr-cDXHP-2SpClgHtg-Cnst,1990801.633436476
Com,RtL,Ex,cDXHP,CZ07,Whole Building,2009,,,NE-HV_AirDist-SupFanMtr-cDXHP-2SpClgHtg-VFDExMtr,1653722.034159644
Com,RtL,Ex,cDXHP,CZ07,Whole Building,2009,,,NE-HV_AirDist-SupFanMtr-cDXHP-2SpClgHtg-VFDPMMtr,1638572.7681744553
Com,RtL,Ex,cDXHP,CZ07,Whole Building,2009,,,NE-HV_AirDist-SupFanMtr-cDXHP-2SpClgHtg-VFDStdMtr,1649017.9345694282
Com,RtL,Ex,cDXOH,CZ07,Whole Building,2009,,,NE-HV_AirDist-SupFanMtr-cDXOH-2SpClgHtg-Cnst,1992680.7752573038
Com,RtL,Ex,cDXOH,CZ07,Whole Building,2009,,,NE-HV_AirDist-SupFanMtr-cDXOH-2SpClgHtg-VFDExMtr,1658599.1742954415
Com,RtL,Ex,cDXOH,CZ07,Whole Building,2009,,,NE-HV_AirDist-SupFanMtr-cDXOH-2SpClgHtg-VFDPMMtr,1643731.3066976715
Com,RtL,Ex,cDXOH,CZ07,Whole Building,2009,,,NE-HV_AirDist-SupFanMtr-cDXOH-2SpClgHtg-VFDStdMtr,1653914.4607737123
Com,RtL,Ex,cDXGF,CZ08,Whole Building,2009,,,NE-HV_AirDist-SupFanMtr-cDXGF-2SpClgHtg-Cnst,2116160.5646741176
Com,RtL,Ex,cDXGF,CZ08,Whole Building,2009,,,NE-HV_AirDist-SupFanMtr-cDXGF-2SpClgHtg-VFDExMtr,1767326.3230588324
Com,RtL,Ex,cDXGF,CZ08,Whole Building,2009,,,NE-HV_AirDist-SupFanMtr-cDXGF-2SpClgHtg-VFDPMMtr,1752016.3295030496
Com,RtL,Ex,cDXGF,CZ08,Whole Building,2009,,,NE-HV_AirDist-SupFanMtr-cDXGF-2SpClgHtg-VFDStdMtr,1762474.5927826236
Com,RtL,Ex,cDXHP,CZ08,Whole Building,2009,,,NE-HV_AirDist-SupFanMtr-cDXHP-2SpClgHtg-Cnst,2104018.7827279945
Com,RtL,Ex,cDXHP,CZ08,Whole Building,2009,,,NE-HV_AirDist-SupFanMtr-cDXHP-2SpClgHtg-VFDExMtr,1763661.9668442428
Com,RtL,Ex,cDXHP,CZ08,Whole Building,2009,,,NE-HV_AirDist-SupFanMtr-cDXHP-2SpClgHtg-VFDPMMtr,1748284.8271173222
Com,RtL,Ex,cDXHP,CZ08,Whole Building,2009,,,NE-HV_AirDist-SupFanMtr-cDXHP-2SpClgHtg-VFDStdMtr,1758615.4350161108
Com,RtL,Ex,cDXOH,CZ08,Whole Building,2009,,,NE-HV_AirDist-SupFanMtr-cDXOH-2SpClgHtg-Cnst,2104664.7229234246
Com,RtL,Ex,cDXOH,CZ08,Whole Building,2009,,,NE-HV_AirDist-SupFanMtr-cDXOH-2SpClgHtg-VFDExMtr,1776201.4716127256
Com,RtL,Ex,cDXOH,CZ08,Whole Building,2009,,,NE-HV_AirDist-SupFanMtr-cDXOH-2SpClgHtg-VFDPMMtr,1761310.358940502
Com,RtL,Ex,cDXOH,CZ08,Whole Building,2009,,,NE-HV_AirDist-SupFanMtr-cDXOH-2SpClgHtg-VFDStdMtr,1771560.848850219
Com,RtL,Ex,cDXGF,CZ09,Whole Building,2009,,,NE-HV_AirDist-SupFanMtr-cDXGF-2SpClgHtg-Cnst,2131495.127046155
Com,RtL,Ex,cDXGF,CZ09,Whole Building,2009,,,NE-HV_AirDist-SupFanMtr-cDXGF-2SpClgHtg-VFDExMtr,1765948.4927238917
Com,RtL,Ex,cDXGF,CZ09,Whole Building,2009,,,NE-HV_AirDist-SupFanMtr-cDXGF-2SpClgHtg-VFDPMMtr,1750466.7999173792
Com,RtL,Ex,cDXGF,CZ09,Whole Building,2009,,,NE-HV_AirDist-SupFanMtr-cDXGF-2SpClgHtg-VFDStdMtr,1760954.6690222851
Com,RtL,Ex,cDXHP,CZ09,Whole Building,2009,,,NE-HV_AirDist-SupFanMtr-cDXHP-2SpClgHtg-Cnst,2124995.4121864196
Com,RtL,Ex,cDXHP,CZ09,Whole Building,2009,,,NE-HV_AirDist-SupFanMtr-cDXHP-2SpClgHtg-VFDExMtr,1766660.5805247626
Com,RtL,Ex,cDXHP,CZ09,Whole Building,2009,,,NE-HV_AirDist-SupFanMtr-cDXHP-2SpClgHtg-VFDPMMtr,1751114.593980112
Com,RtL,Ex,cDXHP,CZ09,Whole Building,2009,,,NE-HV_AirDist-SupFanMtr-cDXHP-2SpClgHtg-VFDStdMtr,1762105.0135430754
Com,RtL,Ex,cDXOH,CZ09,Whole Building,2009,,,NE-HV_AirDist-SupFanMtr-cDXOH-2SpClgHtg-Cnst,2120573.448892117
Com,RtL,Ex,cDXOH,CZ09,Whole Building,2009,,,NE-HV_AirDist-SupFanMtr-cDXOH-2SpClgHtg-VFDExMtr,1778026.4083342818
Com,RtL,Ex,cDXOH,CZ09,Whole Building,2009,,,NE-HV_AirDist-SupFanMtr-cDXOH-2SpClgHtg-VFDPMMtr,1763126.0912968025
Com,RtL,Ex,cDXOH,CZ09,Whole Building,2009,,,NE-HV_AirDist-SupFanMtr-cDXOH-2SpClgHtg-VFDStdMtr,1773346.005454383
Com,RtL,Ex,cDXGF,CZ10,Whole Building,2009,,,NE-HV_AirDist-SupFanMtr-cDXGF-2SpClgHtg-Cnst,2162115.485762771
Com,RtL,Ex,cDXGF,CZ10,Whole Building,2009,,,NE-HV_AirDist-SupFanMtr-cDXGF-2SpClgHtg-VFDExMtr,1801524.169353846
Com,RtL,Ex,cDXGF,CZ10,Whole Building,2009,,,NE-HV_AirDist-SupFanMtr-cDXGF-2SpClgHtg-VFDPMMtr,1786196.40068485
Com,RtL,Ex,cDXGF,CZ10,Whole Building,2009,,,NE-HV_AirDist-SupFanMtr-cDXGF-2SpClgHtg-VFDStdMtr,1796771.6682862598
Com,RtL,Ex,cDXHP,CZ10,Whole Building,2009,,,NE-HV_AirDist-SupFanMtr-cDXHP-2SpClgHtg-Cnst,2155861.6387969675
Com,RtL,Ex,cDXHP,CZ10,Whole Building,2009,,,NE-HV_AirDist-SupFanMtr-cDXHP-2SpClgHtg-VFDExMtr,1795612.4836410081
Com,RtL,Ex,cDXHP,CZ10,Whole Building,2009,,,NE-HV_AirDist-SupFanMtr-cDXHP-2SpClgHtg-VFDPMMtr,1779757.1635075787
Com,RtL,Ex,cDXHP,CZ10,Whole Building,2009,,,NE-HV_AirDist-SupFanMtr-cDXHP-2SpClgHtg-VFDStdMtr,1791033.5290641373
Com,RtL,Ex,cDXOH,CZ10,Whole Building,2009,,,NE-HV_AirDist-SupFanMtr-cDXOH-2SpClgHtg-Cnst,2150257.388584909
Com,RtL,Ex,cDXOH,CZ10,Whole Building,2009,,,NE-HV_AirDist-SupFanMtr-cDXOH-2SpClgHtg-VFDExMtr,1813176.1374690444
Com,RtL,Ex,cDXOH,CZ10,Whole Building,2009,,,NE-HV_AirDist-SupFanMtr-cDXOH-2SpClgHtg-VFDPMMtr,1798614.0065202832
Com,RtL,Ex,cDXOH,CZ10,Whole Building,2009,,,NE-HV_AirDist-SupFanMtr-cDXOH-2SpClgHtg-VFDStdMtr,1808549.6454378557
Com,RtL,Ex,cDXGF,CZ11,Whole Building,2009,,,NE-HV_AirDist-SupFanMtr-cDXGF-2SpClgHtg-Cnst,2176363.6956782187
Com,RtL,Ex,cDXGF,CZ11,Whole Building,2009,,,NE-HV_AirDist-SupFanMtr-cDXGF-2SpClgHtg-VFDExMtr,1806517.2268301297
Com,RtL,Ex,cDXGF,CZ11,Whole Building,2009,,,NE-HV_AirDist-SupFanMtr-cDXGF-2SpClgHtg-VFDPMMtr,1792275.0717261662
Com,RtL,Ex,cDXGF,CZ11,Whole Building,2009,,,NE-HV_AirDist-SupFanMtr-cDXGF-2SpClgHtg-VFDStdMtr,1802023.9371813638
Com,RtL,Ex,cDXHP,CZ11,Whole Building,2009,,,NE-HV_AirDist-SupFanMtr-cDXHP-2SpClgHtg-Cnst,2192004.5253879996
Com,RtL,Ex,cDXHP,CZ11,Whole Building,2009,,,NE-HV_AirDist-SupFanMtr-cDXHP-2SpClgHtg-VFDExMtr,1813920.9546762442
Com,RtL,Ex,cDXHP,CZ11,Whole Building,2009,,,NE-HV_AirDist-SupFanMtr-cDXHP-2SpClgHtg-VFDPMMtr,1799644.4032886843
Com,RtL,Ex,cDXHP,CZ11,Whole Building,2009,,,NE-HV_AirDist-SupFanMtr-cDXHP-2SpClgHtg-VFDStdMtr,1809366.1421708344
Com,RtL,Ex,cDXOH,CZ11,Whole Building,2009,,,NE-HV_AirDist-SupFanMtr-cDXOH-2SpClgHtg-Cnst,2167420.7609800156
Com,RtL,Ex,cDXOH,CZ11,Whole Building,2009,,,NE-HV_AirDist-SupFanMtr-cDXOH-2SpClgHtg-VFDExMtr,1854213.6649509207
Com,RtL,Ex,cDXOH,CZ11,Whole Building,2009,,,NE-HV_AirDist-SupFanMtr-cDXOH-2SpClgHtg-VFDPMMtr,1841786.7820533714
Com,RtL,Ex,cDXOH,CZ11,Whole Building,2009,,,NE-HV_AirDist-SupFanMtr-cDXOH-2SpClgHtg-VFDStdMtr,1850307.9075345225
Com,RtL,Ex,cDXGF,CZ12,Whole Building,2009,,,NE-HV_AirDist-SupFanMtr-cDXGF-2SpClgHtg-Cnst,2060082.2842667045
Com,RtL,Ex,cDXGF,CZ12,Whole Building,2009,,,NE-HV_AirDist-SupFanMtr-cDXGF-2SpClgHtg-VFDExMtr,1694719.9106918431
Com,RtL,Ex,cDXGF,CZ12,Whole Building,2009,,,NE-HV_AirDist-SupFanMtr-cDXGF-2SpClgHtg-VFDPMMtr,1680753.8826085771
Com,RtL,Ex,cDXGF,CZ12,Whole Building,2009,,,NE-HV_AirDist-SupFanMtr-cDXGF-2SpClgHtg-VFDStdMtr,1690450.5138663168
Com,RtL,Ex,cDXHP,CZ12,Whole Building,2009,,,NE-HV_AirDist-SupFanMtr-cDXHP-2SpClgHtg-Cnst,2071716.3089492426
Com,RtL,Ex,cDXHP,CZ12,Whole Building,2009,,,NE-HV_AirDist-SupFanMtr-cDXHP-2SpClgHtg-VFDExMtr,1711294.1212379308
Com,RtL,Ex,cDXHP,CZ12,Whole Building,2009,,,NE-HV_AirDist-SupFanMtr-cDXHP-2SpClgHtg-VFDPMMtr,1697564.572736311
Com,RtL,Ex,cDXHP,CZ12,Whole Building,2009,,,NE-HV_AirDist-SupFanMtr-cDXHP-2SpClgHtg-VFDStdMtr,1707088.2425235282
Com,RtL,Ex,cDXOH,CZ12,Whole Building,2009,,,NE-HV_AirDist-SupFanMtr-cDXOH-2SpClgHtg-Cnst,2052358.47585078
Com,RtL,Ex,cDXOH,CZ12,Whole Building,2009,,,NE-HV_AirDist-SupFanMtr-cDXOH-2SpClgHtg-VFDExMtr,1741912.5308644448
Com,RtL,Ex,cDXOH,CZ12,Whole Building,2009,,,NE-HV_AirDist-SupFanMtr-cDXOH-2SpClgHtg-VFDPMMtr,1729277.6712232118
Com,RtL,Ex,cDXOH,CZ12,Whole Building,2009,,,NE-HV_AirDist-SupFanMtr-cDXOH-2SpClgHtg-VFDStdMtr,1738247.329845634
Com,RtL,Ex,cDXGF,CZ13,Whole Building,2009,,,NE-HV_AirDist-SupFanMtr-cDXGF-2SpClgHtg-Cnst,2204743.224958452
Com,RtL,Ex,cDXGF,CZ13,Whole Building,2009,,,NE-HV_AirDist-SupFanMtr-cDXGF-2SpClgHtg-VFDExMtr,1831729.4050957079
Com,RtL,Ex,cDXGF,CZ13,Whole Building,2009,,,NE-HV_AirDist-SupFanMtr-cDXGF-2SpClgHtg-VFDPMMtr,1816988.900058175
Com,RtL,Ex,cDXGF,CZ13,Whole Building,2009,,,NE-HV_AirDist-SupFanMtr-cDXGF-2SpClgHtg-VFDStdMtr,1827082.6222845474
Com,RtL,Ex,cDXHP,CZ13,Whole Building,2009,,,NE-HV_AirDist-SupFanMtr-cDXHP-2SpClgHtg-Cnst,2215659.657223896
Com,RtL,Ex,cDXHP,CZ13,Whole Building,2009,,,NE-HV_AirDist-SupFanMtr-cDXHP-2SpClgHtg-VFDExMtr,1834153.525556838
Com,RtL,Ex,cDXHP,CZ13,Whole Building,2009,,,NE-HV_AirDist-SupFanMtr-cDXHP-2SpClgHtg-VFDPMMtr,1819752.9570803116
Com,RtL,Ex,cDXHP,CZ13,Whole Building,2009,,,NE-HV_AirDist-SupFanMtr-cDXHP-2SpClgHtg-VFDStdMtr,1829351.1814588134
Com,RtL,Ex,cDXOH,CZ13,Whole Building,2009,,,NE-HV_AirDist-SupFanMtr-cDXOH-2SpClgHtg-Cnst,2193242.8163040006
Com,RtL,Ex,cDXOH,CZ13,Whole Building,2009,,,NE-HV_AirDist-SupFanMtr-cDXOH-2SpClgHtg-VFDExMtr,1872919.425063561
Com,RtL,Ex,cDXOH,CZ13,Whole Building,2009,,,NE-HV_AirDist-SupFanMtr-cDXOH-2SpClgHtg-VFDPMMtr,1859819.8615682283
Com,RtL,Ex,cDXOH,CZ13,Whole Building,2009,,,NE-HV_AirDist-SupFanMtr-cDXOH-2SpClgHtg-VFDStdMtr,1868641.5565080482
Com,RtL,Ex,cDXGF,CZ14,Whole Building,2009,,,NE-HV_AirDist-SupFanMtr-cDXGF-2SpClgHtg-Cnst,2229981.9922390813
Com,RtL,Ex,cDXGF,CZ14,Whole Building,2009,,,NE-HV_AirDist-SupFanMtr-cDXGF-2SpClgHtg-VFDExMtr,1829684.642456448
Com,RtL,Ex,cDXGF,CZ14,Whole Building,2009,,,NE-HV_AirDist-SupFanMtr-cDXGF-2SpClgHtg-VFDPMMtr,1813741.974032449
Com,RtL,Ex,cDXGF,CZ14,Whole Building,2009,,,NE-HV_AirDist-SupFanMtr-cDXGF-2SpClgHtg-VFDStdMtr,1824707.7874531588
Com,RtL,Ex,cDXHP,CZ14,Whole Building,2009,,,NE-HV_AirDist-SupFanMtr-cDXHP-2SpClgHtg-Cnst,2243858.8420297755
Com,RtL,Ex,cDXHP,CZ14,Whole Building,2009,,,NE-HV_AirDist-SupFanMtr-cDXHP-2SpClgHtg-VFDExMtr,1843194.193626973
Com,RtL,Ex,cDXHP,CZ14,Whole Building,2009,,,NE-HV_AirDist-SupFanMtr-cDXHP-2SpClgHtg-VFDPMMtr,1827901.2547585343
Com,RtL,Ex,cDXHP,CZ14,Whole Building,2009,,,NE-HV_AirDist-SupFanMtr-cDXHP-2SpClgHtg-VFDStdMtr,1838636.9732132787
Com,RtL,Ex,cDXOH,CZ14,Whole Building,2009,,,NE-HV_AirDist-SupFanMtr-cDXOH-2SpClgHtg-Cnst,2217767.3346331636
Com,RtL,Ex,cDXOH,CZ14,Whole Building,2009,,,NE-HV_AirDist-SupFanMtr-cDXOH-2SpClgHtg-VFDExMtr,1866763.5264828568
Com,RtL,Ex,cDXOH,CZ14,Whole Building,2009,,,NE-HV_AirDist-SupFanMtr-cDXOH-2SpClgHtg-VFDPMMtr,1852561.5283312092
Com,RtL,Ex,cDXOH,CZ14,Whole Building,2009,,,NE-HV_AirDist-SupFanMtr-cDXOH-2SpClgHtg-VFDStdMtr,1862217.9327890547
Com,RtL,Ex,cDXGF,CZ15,Whole Building,2009,,,NE-HV_AirDist-SupFanMtr-cDXGF-2SpClgHtg-Cnst,2496513.063509324
Com,RtL,Ex,cDXGF,CZ15,Whole Building,2009,,,NE-HV_AirDist-SupFanMtr-cDXGF-2SpClgHtg-VFDExMtr,2141728.806895597
Com,RtL,Ex,cDXGF,CZ15,Whole Building,2009,,,NE-HV_AirDist-SupFanMtr-cDXGF-2SpClgHtg-VFDPMMtr,2126202.2294218633
Com,RtL,Ex,cDXGF,CZ15,Whole Building,2009,,,NE-HV_AirDist-SupFanMtr-cDXGF-2SpClgHtg-VFDStdMtr,2136607.390807258
Com,RtL,Ex,cDXHP,CZ15,Whole Building,2009,,,NE-HV_AirDist-SupFanMtr-cDXHP-2SpClgHtg-Cnst,2501368.4771874417
Com,RtL,Ex,cDXHP,CZ15,Whole Building,2009,,,NE-HV_AirDist-SupFanMtr-cDXHP-2SpClgHtg-VFDExMtr,2155511.29233826
Com,RtL,Ex,cDXHP,CZ15,Whole Building,2009,,,NE-HV_AirDist-SupFanMtr-cDXHP-2SpClgHtg-VFDPMMtr,2139533.5615349524
Com,RtL,Ex,cDXHP,CZ15,Whole Building,2009,,,NE-HV_AirDist-SupFanMtr-cDXHP-2SpClgHtg-VFDStdMtr,2150072.90143296
Com,RtL,Ex,cDXOH,CZ15,Whole Building,2009,,,NE-HV_AirDist-SupFanMtr-cDXOH-2SpClgHtg-Cnst,2478990.9914403716
Com,RtL,Ex,cDXOH,CZ15,Whole Building,2009,,,NE-HV_AirDist-SupFanMtr-cDXOH-2SpClgHtg-VFDExMtr,2147138.062508191
Com,RtL,Ex,cDXOH,CZ15,Whole Building,2009,,,NE-HV_AirDist-SupFanMtr-cDXOH-2SpClgHtg-VFDPMMtr,2131615.7352957376
Com,RtL,Ex,cDXOH,CZ15,Whole Building,2009,,,NE-HV_AirDist-SupFanMtr-cDXOH-2SpClgHtg-VFDStdMtr,2142105.972929148
Com,RtL,Ex,cDXGF,CZ16,Whole Building,2009,,,NE-HV_AirDist-SupFanMtr-cDXGF-2SpClgHtg-Cnst,2037808.35651339
Com,RtL,Ex,cDXGF,CZ16,Whole Building,2009,,,NE-HV_AirDist-SupFanMtr-cDXGF-2SpClgHtg-VFDExMtr,1594818.9862708403
Com,RtL,Ex,cDXGF,CZ16,Whole Building,2009,,,NE-HV_AirDist-SupFanMtr-cDXGF-2SpClgHtg-VFDPMMtr,1578661.0305181313
Com,RtL,Ex,cDXGF,CZ16,Whole Building,2009,,,NE-HV_AirDist-SupFanMtr-cDXGF-2SpClgHtg-VFDStdMtr,1589954.7639832466
Com,RtL,Ex,cDXHP,CZ16,Whole Building,2009,,,NE-HV_AirDist-SupFanMtr-cDXHP-2SpClgHtg-Cnst,2069238.7181282796
Com,RtL,Ex,cDXHP,CZ16,Whole Building,2009,,,NE-HV_AirDist-SupFanMtr-cDXHP-2SpClgHtg-VFDExMtr,1641121.098777021
Com,RtL,Ex,cDXHP,CZ16,Whole Building,2009,,,NE-HV_AirDist-SupFanMtr-cDXHP-2SpClgHtg-VFDPMMtr,1625796.4290222297
Com,RtL,Ex,cDXHP,CZ16,Whole Building,2009,,,NE-HV_AirDist-SupFanMtr-cDXHP-2SpClgHtg-VFDStdMtr,1636495.2581859473
Com,RtL,Ex,cDXOH,CZ16,Whole Building,2009,,,NE-HV_AirDist-SupFanMtr-cDXOH-2SpClgHtg-Cnst,2043692.6506037964
Com,RtL,Ex,cDXOH,CZ16,Whole Building,2009,,,NE-HV_AirDist-SupFanMtr-cDXOH-2SpClgHtg-VFDExMtr,1684321.785827635
Com,RtL,Ex,cDXOH,CZ16,Whole Building,2009,,,NE-HV_AirDist-SupFanMtr-cDXOH-2SpClgHtg-VFDPMMtr,1671101.907917119
Com,RtL,Ex,cDXOH,CZ16,Whole Building,2009,,,NE-HV_AirDist-SupFanMtr-cDXOH-2SpClgHtg-VFDStdMtr,1680526.1162342096
Com,RtS,Ex,cDXGF,CZ01,Whole Building,2009,,,NE-HV_AirDist-SupFanMtr-cDXGF-2SpClgHtg-Cnst,98487.7041639889
Com,RtS,Ex,cDXGF,CZ01,Whole Building,2009,,,NE-HV_AirDist-SupFanMtr-cDXGF-2SpClgHtg-VFDExMtr,78705.88531069814
Com,RtS,Ex,cDXGF,CZ01,Whole Building,2009,,,NE-HV_AirDist-SupFanMtr-cDXGF-2SpClgHtg-VFDPMMtr,78039.41170999827
Com,RtS,Ex,cDXGF,CZ01,Whole Building,2009,,,NE-HV_AirDist-SupFanMtr-cDXGF-2SpClgHtg-VFDStdMtr,78511.1182573646
Com,RtS,Ex,cDXHP,CZ01,Whole Building,2009,,,NE-HV_AirDist-SupFanMtr-cDXHP-2SpClgHtg-Cnst,102615.3052939997
Com,RtS,Ex,cDXHP,CZ01,Whole Building,2009,,,NE-HV_AirDist-SupFanMtr-cDXHP-2SpClgHtg-VFDExMtr,83401.3389262417
Com,RtS,Ex,cDXHP,CZ01,Whole Building,2009,,,NE-HV_AirDist-SupFanMtr-cDXHP-2SpClgHtg-VFDPMMtr,82799.19011079006
Com,RtS,Ex,cDXHP,CZ01,Whole Building,2009,,,NE-HV_AirDist-SupFanMtr-cDXHP-2SpClgHtg-VFDStdMtr,83227.58868504081
Com,RtS,Ex,cDXOH,CZ01,Whole Building,2009,,,NE-HV_AirDist-SupFanMtr-cDXOH-2SpClgHtg-Cnst,99426.83019893015
Com,RtS,Ex,cDXOH,CZ01,Whole Building,2009,,,NE-HV_AirDist-SupFanMtr-cDXOH-2SpClgHtg-VFDExMtr,86482.88607202937
Com,RtS,Ex,cDXOH,CZ01,Whole Building,2009,,,NE-HV_AirDist-SupFanMtr-cDXOH-2SpClgHtg-VFDPMMtr,86153.52117349816
Com,RtS,Ex,cDXOH,CZ01,Whole Building,2009,,,NE-HV_AirDist-SupFanMtr-cDXOH-2SpClgHtg-VFDStdMtr,86392.06757564789
Com,RtS,Ex,cDXGF,CZ02,Whole Building,2009,,,NE-HV_AirDist-SupFanMtr-cDXGF-2SpClgHtg-Cnst,117265.6515952532
Com,RtS,Ex,cDXGF,CZ02,Whole Building,2009,,,NE-HV_AirDist-SupFanMtr-cDXGF-2SpClgHtg-VFDExMtr,92635.29420329125
Com,RtS,Ex,cDXGF,CZ02,Whole Building,2009,,,NE-HV_AirDist-SupFanMtr-cDXGF-2SpClgHtg-VFDPMMtr,91691.62494551721
Com,RtS,Ex,cDXGF,CZ02,Whole Building,2009,,,NE-HV_AirDist-SupFanMtr-cDXGF-2SpClgHtg-VFDStdMtr,92330.75986255603
Com,RtS,Ex,cDXHP,CZ02,Whole Building,2009,,,NE-HV_AirDist-SupFanMtr-cDXHP-2SpClgHtg-Cnst,120483.39967026771
Com,RtS,Ex,cDXHP,CZ02,Whole Building,2009,,,NE-HV_AirDist-SupFanMtr-cDXHP-2SpClgHtg-VFDExMtr,96579.39173145221
Com,RtS,Ex,cDXHP,CZ02,Whole Building,2009,,,NE-HV_AirDist-SupFanMtr-cDXHP-2SpClgHtg-VFDPMMtr,95683.80609005353
Com,RtS,Ex,cDXHP,CZ02,Whole Building,2009,,,NE-HV_AirDist-SupFanMtr-cDXHP-2SpClgHtg-VFDStdMtr,96294.52184195584
Com,RtS,Ex,cDXOH,CZ02,Whole Building,2009,,,NE-HV_AirDist-SupFanMtr-cDXOH-2SpClgHtg-Cnst,117877.52177866506
Com,RtS,Ex,cDXOH,CZ02,Whole Building,2009,,,NE-HV_AirDist-SupFanMtr-cDXOH-2SpClgHtg-VFDExMtr,98586.38777115682
Com,RtS,Ex,cDXOH,CZ02,Whole Building,2009,,,NE-HV_AirDist-SupFanMtr-cDXOH-2SpClgHtg-VFDPMMtr,97891.26838041197
Com,RtS,Ex,cDXOH,CZ02,Whole Building,2009,,,NE-HV_AirDist-SupFanMtr-cDXOH-2SpClgHtg-VFDStdMtr,98383.88291736813
Com,RtS,Ex,cDXGF,CZ03,Whole Building,2009,,,NE-HV_AirDist-SupFanMtr-cDXGF-2SpClgHtg-Cnst,107819.47946232498
Com,RtS,Ex,cDXGF,CZ03,Whole Building,2009,,,NE-HV_AirDist-SupFanMtr-cDXGF-2SpClgHtg-VFDExMtr,85141.86862126763
Com,RtS,Ex,cDXGF,CZ03,Whole Building,2009,,,NE-HV_AirDist-SupFanMtr-cDXGF-2SpClgHtg-VFDPMMtr,84290.4969908554
Com,RtS,Ex,cDXGF,CZ03,Whole Building,2009,,,NE-HV_AirDist-SupFanMtr-cDXGF-2SpClgHtg-VFDStdMtr,84886.1952337142
Com,RtS,Ex,cDXHP,CZ03,Whole Building,2009,,,NE-HV_AirDist-SupFanMtr-cDXHP-2SpClgHtg-Cnst,109537.01477050358
Com,RtS,Ex,cDXHP,CZ03,Whole Building,2009,,,NE-HV_AirDist-SupFanMtr-cDXHP-2SpClgHtg-VFDExMtr,87319.77927498982
Com,RtS,Ex,cDXHP,CZ03,Whole Building,2009,,,NE-HV_AirDist-SupFanMtr-cDXHP-2SpClgHtg-VFDPMMtr,86507.2496623567
Com,RtS,Ex,cDXHP,CZ03,Whole Building,2009,,,NE-HV_AirDist-SupFanMtr-cDXHP-2SpClgHtg-VFDStdMtr,87075.8722605267
Com,RtS,Ex,cDXOH,CZ03,Whole Building,2009,,,NE-HV_AirDist-SupFanMtr-cDXOH-2SpClgHtg-Cnst,107979.13627532589
Com,RtS,Ex,cDXOH,CZ03,Whole Building,2009,,,NE-HV_AirDist-SupFanMtr-cDXOH-2SpClgHtg-VFDExMtr,88899.49558939502
Com,RtS,Ex,cDXOH,CZ03,Whole Building,2009,,,NE-HV_AirDist-SupFanMtr-cDXOH-2SpClgHtg-VFDPMMtr,88210.70959906875
Com,RtS,Ex,cDXOH,CZ03,Whole Building,2009,,,NE-HV_AirDist-SupFanMtr-cDXOH-2SpClgHtg-VFDStdMtr,88705.34937343921
Com,RtS,Ex,cDXGF,CZ04,Whole Building,2009,,,NE-HV_AirDist-SupFanMtr-cDXGF-2SpClgHtg-Cnst,127469.11715799736
Com,RtS,Ex,cDXGF,CZ04,Whole Building,2009,,,NE-HV_AirDist-SupFanMtr-cDXGF-2SpClgHtg-VFDExMtr,101216.15011628848
Com,RtS,Ex,cDXGF,CZ04,Whole Building,2009,,,NE-HV_AirDist-SupFanMtr-cDXGF-2SpClgHtg-VFDPMMtr,100186.47789009714
Com,RtS,Ex,cDXGF,CZ04,Whole Building,2009,,,NE-HV_AirDist-SupFanMtr-cDXGF-2SpClgHtg-VFDStdMtr,100887.77336306691
Com,RtS,Ex,cDXHP,CZ04,Whole Building,2009,,,NE-HV_AirDist-SupFanMtr-cDXHP-2SpClgHtg-Cnst,130020.35489647348
Com,RtS,Ex,cDXHP,CZ04,Whole Building,2009,,,NE-HV_AirDist-SupFanMtr-cDXHP-2SpClgHtg-VFDExMtr,104961.201905735
Com,RtS,Ex,cDXHP,CZ04,Whole Building,2009,,,NE-HV_AirDist-SupFanMtr-cDXHP-2SpClgHtg-VFDPMMtr,103994.65468173953
Com,RtS,Ex,cDXHP,CZ04,Whole Building,2009,,,NE-HV_AirDist-SupFanMtr-cDXHP-2SpClgHtg-VFDStdMtr,104655.39540692583
Com,RtS,Ex,cDXOH,CZ04,Whole Building,2009,,,NE-HV_AirDist-SupFanMtr-cDXOH-2SpClgHtg-Cnst,127290.91246791574
Com,RtS,Ex,cDXOH,CZ04,Whole Building,2009,,,NE-HV_AirDist-SupFanMtr-cDXOH-2SpClgHtg-VFDExMtr,105917.13704553849
Com,RtS,Ex,cDXOH,CZ04,Whole Building,2009,,,NE-HV_AirDist-SupFanMtr-cDXOH-2SpClgHtg-VFDPMMtr,105080.87284257813
Com,RtS,Ex,cDXOH,CZ04,Whole Building,2009,,,NE-HV_AirDist-SupFanMtr-cDXOH-2SpClgHtg-VFDStdMtr,105658.27531014626
Com,RtS,Ex,cDXGF,CZ05,Whole Building,2009,,,NE-HV_AirDist-SupFanMtr-cDXGF-2SpClgHtg-Cnst,110539.25908255145
Com,RtS,Ex,cDXGF,CZ05,Whole Building,2009,,,NE-HV_AirDist-SupFanMtr-cDXGF-2SpClgHtg-VFDExMtr,87261.57535463005
Com,RtS,Ex,cDXGF,CZ05,Whole Building,2009,,,NE-HV_AirDist-SupFanMtr-cDXGF-2SpClgHtg-VFDPMMtr,86357.78487292603
Com,RtS,Ex,cDXGF,CZ05,Whole Building,2009,,,NE-HV_AirDist-SupFanMtr-cDXGF-2SpClgHtg-VFDStdMtr,86986.98374598935
Com,RtS,Ex,cDXHP,CZ05,Whole Building,2009,,,NE-HV_AirDist-SupFanMtr-cDXHP-2SpClgHtg-Cnst,112063.83970241592
Com,RtS,Ex,cDXHP,CZ05,Whole Building,2009,,,NE-HV_AirDist-SupFanMtr-cDXHP-2SpClgHtg-VFDExMtr,89233.69671916106
Com,RtS,Ex,cDXHP,CZ05,Whole Building,2009,,,NE-HV_AirDist-SupFanMtr-cDXHP-2SpClgHtg-VFDPMMtr,88366.18098445392
Com,RtS,Ex,cDXHP,CZ05,Whole Building,2009,,,NE-HV_AirDist-SupFanMtr-cDXHP-2SpClgHtg-VFDStdMtr,88969.77547364759
Com,RtS,Ex,cDXOH,CZ05,Whole Building,2009,,,NE-HV_AirDist-SupFanMtr-cDXOH-2SpClgHtg-Cnst,110550.50885948734
Com,RtS,Ex,cDXOH,CZ05,Whole Building,2009,,,NE-HV_AirDist-SupFanMtr-cDXOH-2SpClgHtg-VFDExMtr,90441.360865854
Com,RtS,Ex,cDXOH,CZ05,Whole Building,2009,,,NE-HV_AirDist-SupFanMtr-cDXOH-2SpClgHtg-VFDPMMtr,89692.99684925728
Com,RtS,Ex,cDXOH,CZ05,Whole Building,2009,,,NE-HV_AirDist-SupFanMtr-cDXOH-2SpClgHtg-VFDStdMtr,90222.93801713224
Com,RtS,Ex,cDXGF,CZ06,Whole Building,2009,,,NE-HV_AirDist-SupFanMtr-cDXGF-2SpClgHtg-Cnst,116355.3050084288
Com,RtS,Ex,cDXGF,CZ06,Whole Building,2009,,,NE-HV_AirDist-SupFanMtr-cDXGF-2SpClgHtg-VFDExMtr,94583.94506039102
Com,RtS,Ex,cDXGF,CZ06,Whole Building,2009,,,NE-HV_AirDist-SupFanMtr-cDXGF-2SpClgHtg-VFDPMMtr,93625.16116791437
Com,RtS,Ex,cDXGF,CZ06,Whole Building,2009,,,NE-HV_AirDist-SupFanMtr-cDXGF-2SpClgHtg-VFDStdMtr,94281.50763571683
Com,RtS,Ex,cDXHP,CZ06,Whole Building,2009,,,NE-HV_AirDist-SupFanMtr-cDXHP-2SpClgHtg-Cnst,116062.47626393371
Com,RtS,Ex,cDXHP,CZ06,Whole Building,2009,,,NE-HV_AirDist-SupFanMtr-cDXHP-2SpClgHtg-VFDExMtr,95149.32916641909
Com,RtS,Ex,cDXHP,CZ06,Whole Building,2009,,,NE-HV_AirDist-SupFanMtr-cDXHP-2SpClgHtg-VFDPMMtr,94198.62729332926
Com,RtS,Ex,cDXHP,CZ06,Whole Building,2009,,,NE-HV_AirDist-SupFanMtr-cDXHP-2SpClgHtg-VFDStdMtr,94847.14928670808
Com,RtS,Ex,cDXOH,CZ06,Whole Building,2009,,,NE-HV_AirDist-SupFanMtr-cDXOH-2SpClgHtg-Cnst,115891.26118564447
Com,RtS,Ex,cDXOH,CZ06,Whole Building,2009,,,NE-HV_AirDist-SupFanMtr-cDXOH-2SpClgHtg-VFDExMtr,95646.14791333386
Com,RtS,Ex,cDXOH,CZ06,Whole Building,2009,,,NE-HV_AirDist-SupFanMtr-cDXOH-2SpClgHtg-VFDPMMtr,94717.81753947925
Com,RtS,Ex,cDXOH,CZ06,Whole Building,2009,,,NE-HV_AirDist-SupFanMtr-cDXOH-2SpClgHtg-VFDStdMtr,95359.35131775426
Com,RtS,Ex,cDXGF,CZ07,Whole Building,2009,,,NE-HV_AirDist-SupFanMtr-cDXGF-2SpClgHtg-Cnst,118005.21653343384
Com,RtS,Ex,cDXGF,CZ07,Whole Building,2009,,,NE-HV_AirDist-SupFanMtr-cDXGF-2SpClgHtg-VFDExMtr,95215.00840059416
Com,RtS,Ex,cDXGF,CZ07,Whole Building,2009,,,NE-HV_AirDist-SupFanMtr-cDXGF-2SpClgHtg-VFDPMMtr,94248.54312380728
Com,RtS,Ex,cDXGF,CZ07,Whole Building,2009,,,NE-HV_AirDist-SupFanMtr-cDXGF-2SpClgHtg-VFDStdMtr,94915.14701559841
Com,RtS,Ex,cDXHP,CZ07,Whole Building,2009,,,NE-HV_AirDist-SupFanMtr-cDXHP-2SpClgHtg-Cnst,117956.98166872427
Com,RtS,Ex,cDXHP,CZ07,Whole Building,2009,,,NE-HV_AirDist-SupFanMtr-cDXHP-2SpClgHtg-VFDExMtr,95866.933611383
Com,RtS,Ex,cDXHP,CZ07,Whole Building,2009,,,NE-HV_AirDist-SupFanMtr-cDXHP-2SpClgHtg-VFDPMMtr,94910.26055335745
Com,RtS,Ex,cDXHP,CZ07,Whole Building,2009,,,NE-HV_AirDist-SupFanMtr-cDXHP-2SpClgHtg-VFDStdMtr,95570.98224017512
Com,RtS,Ex,cDXOH,CZ07,Whole Building,2009,,,NE-HV_AirDist-SupFanMtr-cDXOH-2SpClgHtg-Cnst,117643.45197992786
Com,RtS,Ex,cDXOH,CZ07,Whole Building,2009,,,NE-HV_AirDist-SupFanMtr-cDXOH-2SpClgHtg-VFDExMtr,96173.50353445974
Com,RtS,Ex,cDXOH,CZ07,Whole Building,2009,,,NE-HV_AirDist-SupFanMtr-cDXOH-2SpClgHtg-VFDPMMtr,95245.23150591065
Com,RtS,Ex,cDXOH,CZ07,Whole Building,2009,,,NE-HV_AirDist-SupFanMtr-cDXOH-2SpClgHtg-VFDStdMtr,95891.94027175361
Com,RtS,Ex,cDXGF,CZ08,Whole Building,2009,,,NE-HV_AirDist-SupFanMtr-cDXGF-2SpClgHtg-Cnst,128931.36246581483
Com,RtS,Ex,cDXGF,CZ08,Whole Building,2009,,,NE-HV_AirDist-SupFanMtr-cDXGF-2SpClgHtg-VFDExMtr,104604.41852548359
Com,RtS,Ex,cDXGF,CZ08,Whole Building,2009,,,NE-HV_AirDist-SupFanMtr-cDXGF-2SpClgHtg-VFDPMMtr,103548.53493723768
Com,RtS,Ex,cDXGF,CZ08,Whole Building,2009,,,NE-HV_AirDist-SupFanMtr-cDXGF-2SpClgHtg-VFDStdMtr,104264.05567151993
Com,RtS,Ex,cDXHP,CZ08,Whole Building,2009,,,NE-HV_AirDist-SupFanMtr-cDXHP-2SpClgHtg-Cnst,129563.13200445802
Com,RtS,Ex,cDXHP,CZ08,Whole Building,2009,,,NE-HV_AirDist-SupFanMtr-cDXHP-2SpClgHtg-VFDExMtr,106258.37268332779
Com,RtS,Ex,cDXHP,CZ08,Whole Building,2009,,,NE-HV_AirDist-SupFanMtr-cDXHP-2SpClgHtg-VFDPMMtr,105198.43183319242
Com,RtS,Ex,cDXHP,CZ08,Whole Building,2009,,,NE-HV_AirDist-SupFanMtr-cDXHP-2SpClgHtg-VFDStdMtr,105919.82609595759
Com,RtS,Ex,cDXOH,CZ08,Whole Building,2009,,,NE-HV_AirDist-SupFanMtr-cDXOH-2SpClgHtg-Cnst,128373.53906232289
Com,RtS,Ex,cDXOH,CZ08,Whole Building,2009,,,NE-HV_AirDist-SupFanMtr-cDXOH-2SpClgHtg-VFDExMtr,105802.97334931075
Com,RtS,Ex,cDXOH,CZ08,Whole Building,2009,,,NE-HV_AirDist-SupFanMtr-cDXOH-2SpClgHtg-VFDPMMtr,104800.91053838603
Com,RtS,Ex,cDXOH,CZ08,Whole Building,2009,,,NE-HV_AirDist-SupFanMtr-cDXOH-2SpClgHtg-VFDStdMtr,105494.95700598926
Com,RtS,Ex,cDXGF,CZ09,Whole Building,2009,,,NE-HV_AirDist-SupFanMtr-cDXGF-2SpClgHtg-Cnst,131420.78453869344
Com,RtS,Ex,cDXGF,CZ09,Whole Building,2009,,,NE-HV_AirDist-SupFanMtr-cDXGF-2SpClgHtg-VFDExMtr,105644.40838938837
Com,RtS,Ex,cDXGF,CZ09,Whole Building,2009,,,NE-HV_AirDist-SupFanMtr-cDXGF-2SpClgHtg-VFDPMMtr,104524.94644641923
Com,RtS,Ex,cDXGF,CZ09,Whole Building,2009,,,NE-HV_AirDist-SupFanMtr-cDXGF-2SpClgHtg-VFDStdMtr,105282.45263098263
Com,RtS,Ex,cDXHP,CZ09,Whole Building,2009,,,NE-HV_AirDist-SupFanMtr-cDXHP-2SpClgHtg-Cnst,132133.27641766524
Com,RtS,Ex,cDXHP,CZ09,Whole Building,2009,,,NE-HV_AirDist-SupFanMtr-cDXHP-2SpClgHtg-VFDExMtr,107449.07377842722
Com,RtS,Ex,cDXHP,CZ09,Whole Building,2009,,,NE-HV_AirDist-SupFanMtr-cDXHP-2SpClgHtg-VFDPMMtr,106340.4762244833
Com,RtS,Ex,cDXHP,CZ09,Whole Building,2009,,,NE-HV_AirDist-SupFanMtr-cDXHP-2SpClgHtg-VFDStdMtr,107082.74601531158
Com,RtS,Ex,cDXOH,CZ09,Whole Building,2009,,,NE-HV_AirDist-SupFanMtr-cDXOH-2SpClgHtg-Cnst,130874.47526103449
Com,RtS,Ex,cDXOH,CZ09,Whole Building,2009,,,NE-HV_AirDist-SupFanMtr-cDXOH-2SpClgHtg-VFDExMtr,107240.78746022291
Com,RtS,Ex,cDXOH,CZ09,Whole Building,2009,,,NE-HV_AirDist-SupFanMtr-cDXOH-2SpClgHtg-VFDPMMtr,106194.38722541816
Com,RtS,Ex,cDXOH,CZ09,Whole Building,2009,,,NE-HV_AirDist-SupFanMtr-cDXOH-2SpClgHtg-VFDStdMtr,106909.49576592224
Com,RtS,Ex,cDXGF,CZ10,Whole Building,2009,,,NE-HV_AirDist-SupFanMtr-cDXGF-2SpClgHtg-Cnst,136281.50623611052
Com,RtS,Ex,cDXGF,CZ10,Whole Building,2009,,,NE-HV_AirDist-SupFanMtr-cDXGF-2SpClgHtg-VFDExMtr,109297.5410698826
Com,RtS,Ex,cDXGF,CZ10,Whole Building,2009,,,NE-HV_AirDist-SupFanMtr-cDXGF-2SpClgHtg-VFDPMMtr,108140.46094959255
Com,RtS,Ex,cDXGF,CZ10,Whole Building,2009,,,NE-HV_AirDist-SupFanMtr-cDXGF-2SpClgHtg-VFDStdMtr,108941.1688611674
Com,RtS,Ex,cDXHP,CZ10,Whole Building,2009,,,NE-HV_AirDist-SupFanMtr-cDXHP-2SpClgHtg-Cnst,137171.81016611593
Com,RtS,Ex,cDXHP,CZ10,Whole Building,2009,,,NE-HV_AirDist-SupFanMtr-cDXHP-2SpClgHtg-VFDExMtr,111942.51661445825
Com,RtS,Ex,cDXHP,CZ10,Whole Building,2009,,,NE-HV_AirDist-SupFanMtr-cDXHP-2SpClgHtg-VFDPMMtr,110800.1585325392
Com,RtS,Ex,cDXHP,CZ10,Whole Building,2009,,,NE-HV_AirDist-SupFanMtr-cDXHP-2SpClgHtg-VFDStdMtr,111586.85839328475
Com,RtS,Ex,cDXOH,CZ10,Whole Building,2009,,,NE-HV_AirDist-SupFanMtr-cDXOH-2SpClgHtg-Cnst,135616.93319656895
Com,RtS,Ex,cDXOH,CZ10,Whole Building,2009,,,NE-HV_AirDist-SupFanMtr-cDXOH-2SpClgHtg-VFDExMtr,111233.03852956549
Com,RtS,Ex,cDXOH,CZ10,Whole Building,2009,,,NE-HV_AirDist-SupFanMtr-cDXOH-2SpClgHtg-VFDPMMtr,110146.06576969182
Com,RtS,Ex,cDXOH,CZ10,Whole Building,2009,,,NE-HV_AirDist-SupFanMtr-cDXOH-2SpClgHtg-VFDStdMtr,110907.12903551068
Com,RtS,Ex,cDXGF,CZ11,Whole Building,2009,,,NE-HV_AirDist-SupFanMtr-cDXGF-2SpClgHtg-Cnst,137090.84935803674
Com,RtS,Ex,cDXGF,CZ11,Whole Building,2009,,,NE-HV_AirDist-SupFanMtr-cDXGF-2SpClgHtg-VFDExMtr,110328.05739222844
Com,RtS,Ex,cDXGF,CZ11,Whole Building,2009,,,NE-HV_AirDist-SupFanMtr-cDXGF-2SpClgHtg-VFDPMMtr,109240.0644531126
Com,RtS,Ex,cDXGF,CZ11,Whole Building,2009,,,NE-HV_AirDist-SupFanMtr-cDXGF-2SpClgHtg-VFDStdMtr,109973.78496819305
Com,RtS,Ex,cDXHP,CZ11,Whole Building,2009,,,NE-HV_AirDist-SupFanMtr-cDXHP-2SpClgHtg-Cnst,139939.93214594378
Com,RtS,Ex,cDXHP,CZ11,Whole Building,2009,,,NE-HV_AirDist-SupFanMtr-cDXHP-2SpClgHtg-VFDExMtr,115672.39895393272
Com,RtS,Ex,cDXHP,CZ11,Whole Building,2009,,,NE-HV_AirDist-SupFanMtr-cDXHP-2SpClgHtg-VFDPMMtr,114644.5632971557
Com,RtS,Ex,cDXHP,CZ11,Whole Building,2009,,,NE-HV_AirDist-SupFanMtr-cDXHP-2SpClgHtg-VFDStdMtr,115340.49339489496
Com,RtS,Ex,cDXOH,CZ11,Whole Building,2009,,,NE-HV_AirDist-SupFanMtr-cDXOH-2SpClgHtg-Cnst,137162.34575778115
Com,RtS,Ex,cDXOH,CZ11,Whole Building,2009,,,NE-HV_AirDist-SupFanMtr-cDXOH-2SpClgHtg-VFDExMtr,115944.98606090911
Com,RtS,Ex,cDXOH,CZ11,Whole Building,2009,,,NE-HV_AirDist-SupFanMtr-cDXOH-2SpClgHtg-VFDPMMtr,115081.1845770232
Com,RtS,Ex,cDXOH,CZ11,Whole Building,2009,,,NE-HV_AirDist-SupFanMtr-cDXOH-2SpClgHtg-VFDStdMtr,115678.85920129476
Com,RtS,Ex,cDXGF,CZ12,Whole Building,2009,,,NE-HV_AirDist-SupFanMtr-cDXGF-2SpClgHtg-Cnst,125257.84875897494
Com,RtS,Ex,cDXGF,CZ12,Whole Building,2009,,,NE-HV_AirDist-SupFanMtr-cDXGF-2SpClgHtg-VFDExMtr,100701.90600939331
Com,RtS,Ex,cDXGF,CZ12,Whole Building,2009,,,NE-HV_AirDist-SupFanMtr-cDXGF-2SpClgHtg-VFDPMMtr,99705.42166337941
Com,RtS,Ex,cDXGF,CZ12,Whole Building,2009,,,NE-HV_AirDist-SupFanMtr-cDXGF-2SpClgHtg-VFDStdMtr,100385.93139615838
Com,RtS,Ex,cDXHP,CZ12,Whole Building,2009,,,NE-HV_AirDist-SupFanMtr-cDXHP-2SpClgHtg-Cnst,128040.44944962469
Com,RtS,Ex,cDXHP,CZ12,Whole Building,2009,,,NE-HV_AirDist-SupFanMtr-cDXHP-2SpClgHtg-VFDExMtr,104695.28999673165
Com,RtS,Ex,cDXHP,CZ12,Whole Building,2009,,,NE-HV_AirDist-SupFanMtr-cDXHP-2SpClgHtg-VFDPMMtr,103748.17242864489
Com,RtS,Ex,cDXHP,CZ12,Whole Building,2009,,,NE-HV_AirDist-SupFanMtr-cDXHP-2SpClgHtg-VFDStdMtr,104402.43870263787
Com,RtS,Ex,cDXOH,CZ12,Whole Building,2009,,,NE-HV_AirDist-SupFanMtr-cDXOH-2SpClgHtg-Cnst,125638.96936471412
Com,RtS,Ex,cDXOH,CZ12,Whole Building,2009,,,NE-HV_AirDist-SupFanMtr-cDXOH-2SpClgHtg-VFDExMtr,106256.3590376836
Com,RtS,Ex,cDXOH,CZ12,Whole Building,2009,,,NE-HV_AirDist-SupFanMtr-cDXOH-2SpClgHtg-VFDPMMtr,105469.62765061707
Com,RtS,Ex,cDXOH,CZ12,Whole Building,2009,,,NE-HV_AirDist-SupFanMtr-cDXOH-2SpClgHtg-VFDStdMtr,106020.33826679456
Com,RtS,Ex,cDXGF,CZ13,Whole Building,2009,,,NE-HV_AirDist-SupFanMtr-cDXGF-2SpClgHtg-Cnst,137994.0286341274
Com,RtS,Ex,cDXGF,CZ13,Whole Building,2009,,,NE-HV_AirDist-SupFanMtr-cDXGF-2SpClgHtg-VFDExMtr,111658.49889175694
Com,RtS,Ex,cDXGF,CZ13,Whole Building,2009,,,NE-HV_AirDist-SupFanMtr-cDXGF-2SpClgHtg-VFDPMMtr,110586.23363968836
Com,RtS,Ex,cDXGF,CZ13,Whole Building,2009,,,NE-HV_AirDist-SupFanMtr-cDXGF-2SpClgHtg-VFDStdMtr,111309.55093622865
Com,RtS,Ex,cDXHP,CZ13,Whole Building,2009,,,NE-HV_AirDist-SupFanMtr-cDXHP-2SpClgHtg-Cnst,140347.9116311856
Com,RtS,Ex,cDXHP,CZ13,Whole Building,2009,,,NE-HV_AirDist-SupFanMtr-cDXHP-2SpClgHtg-VFDExMtr,116751.48925775546
Com,RtS,Ex,cDXHP,CZ13,Whole Building,2009,,,NE-HV_AirDist-SupFanMtr-cDXHP-2SpClgHtg-VFDPMMtr,115745.35066271201
Com,RtS,Ex,cDXHP,CZ13,Whole Building,2009,,,NE-HV_AirDist-SupFanMtr-cDXHP-2SpClgHtg-VFDStdMtr,116426.6511560603
Com,RtS,Ex,cDXOH,CZ13,Whole Building,2009,,,NE-HV_AirDist-SupFanMtr-cDXOH-2SpClgHtg-Cnst,137958.37581627688
Com,RtS,Ex,cDXOH,CZ13,Whole Building,2009,,,NE-HV_AirDist-SupFanMtr-cDXOH-2SpClgHtg-VFDExMtr,116683.9742919463
Com,RtS,Ex,cDXOH,CZ13,Whole Building,2009,,,NE-HV_AirDist-SupFanMtr-cDXOH-2SpClgHtg-VFDPMMtr,115778.48617372691
Com,RtS,Ex,cDXOH,CZ13,Whole Building,2009,,,NE-HV_AirDist-SupFanMtr-cDXOH-2SpClgHtg-VFDStdMtr,116403.4044452521
Com,RtS,Ex,cDXGF,CZ14,Whole Building,2009,,,NE-HV_AirDist-SupFanMtr-cDXGF-2SpClgHtg-Cnst,135994.70846943723
Com,RtS,Ex,cDXGF,CZ14,Whole Building,2009,,,NE-HV_AirDist-SupFanMtr-cDXGF-2SpClgHtg-VFDExMtr,109561.96303701754
Com,RtS,Ex,cDXGF,CZ14,Whole Building,2009,,,NE-HV_AirDist-SupFanMtr-cDXGF-2SpClgHtg-VFDPMMtr,108501.71165098203
Com,RtS,Ex,cDXGF,CZ14,Whole Building,2009,,,NE-HV_AirDist-SupFanMtr-cDXGF-2SpClgHtg-VFDStdMtr,109222.893374687
Com,RtS,Ex,cDXHP,CZ14,Whole Building,2009,,,NE-HV_AirDist-SupFanMtr-cDXHP-2SpClgHtg-Cnst,137918.0898000128
Com,RtS,Ex,cDXHP,CZ14,Whole Building,2009,,,NE-HV_AirDist-SupFanMtr-cDXHP-2SpClgHtg-VFDExMtr,113858.66454760828
Com,RtS,Ex,cDXHP,CZ14,Whole Building,2009,,,NE-HV_AirDist-SupFanMtr-cDXHP-2SpClgHtg-VFDPMMtr,112863.99875540112
Com,RtS,Ex,cDXHP,CZ14,Whole Building,2009,,,NE-HV_AirDist-SupFanMtr-cDXHP-2SpClgHtg-VFDStdMtr,113548.45051495572
Com,RtS,Ex,cDXOH,CZ14,Whole Building,2009,,,NE-HV_AirDist-SupFanMtr-cDXOH-2SpClgHtg-Cnst,135343.26697399584
Com,RtS,Ex,cDXOH,CZ14,Whole Building,2009,,,NE-HV_AirDist-SupFanMtr-cDXOH-2SpClgHtg-VFDExMtr,113429.07525618323
Com,RtS,Ex,cDXOH,CZ14,Whole Building,2009,,,NE-HV_AirDist-SupFanMtr-cDXOH-2SpClgHtg-VFDPMMtr,112514.14049173413
Com,RtS,Ex,cDXOH,CZ14,Whole Building,2009,,,NE-HV_AirDist-SupFanMtr-cDXOH-2SpClgHtg-VFDStdMtr,113143.68676077212
Com,RtS,Ex,cDXGF,CZ15,Whole Building,2009,,,NE-HV_AirDist-SupFanMtr-cDXGF-2SpClgHtg-Cnst,164265.65316341716
Com,RtS,Ex,cDXGF,CZ15,Whole Building,2009,,,NE-HV_AirDist-SupFanMtr-cDXGF-2SpClgHtg-VFDExMtr,135476.84132379535
Com,RtS,Ex,cDXGF,CZ15,Whole Building,2009,,,NE-HV_AirDist-SupFanMtr-cDXGF-2SpClgHtg-VFDPMMtr,134205.72918047273
Com,RtS,Ex,cDXGF,CZ15,Whole Building,2009,,,NE-HV_AirDist-SupFanMtr-cDXGF-2SpClgHtg-VFDStdMtr,135055.20584415155
Com,RtS,Ex,cDXHP,CZ15,Whole Building,2009,,,NE-HV_AirDist-SupFanMtr-cDXHP-2SpClgHtg-Cnst,164532.15689954252
Com,RtS,Ex,cDXHP,CZ15,Whole Building,2009,,,NE-HV_AirDist-SupFanMtr-cDXHP-2SpClgHtg-VFDExMtr,139440.94553371795
Com,RtS,Ex,cDXHP,CZ15,Whole Building,2009,,,NE-HV_AirDist-SupFanMtr-cDXHP-2SpClgHtg-VFDPMMtr,138193.99130814688
Com,RtS,Ex,cDXHP,CZ15,Whole Building,2009,,,NE-HV_AirDist-SupFanMtr-cDXHP-2SpClgHtg-VFDStdMtr,139011.09041135747
Com,RtS,Ex,cDXOH,CZ15,Whole Building,2009,,,NE-HV_AirDist-SupFanMtr-cDXOH-2SpClgHtg-Cnst,162777.340017321
Com,RtS,Ex,cDXOH,CZ15,Whole Building,2009,,,NE-HV_AirDist-SupFanMtr-cDXOH-2SpClgHtg-VFDExMtr,136129.91602959274
Com,RtS,Ex,cDXOH,CZ15,Whole Building,2009,,,NE-HV_AirDist-SupFanMtr-cDXOH-2SpClgHtg-VFDPMMtr,134898.89440511918
Com,RtS,Ex,cDXOH,CZ15,Whole Building,2009,,,NE-HV_AirDist-SupFanMtr-cDXOH-2SpClgHtg-VFDStdMtr,135720.70452578733
Com,RtS,Ex,cDXGF,CZ16,Whole Building,2009,,,NE-HV_AirDist-SupFanMtr-cDXGF-2SpClgHtg-Cnst,119851.52610190726
Com,RtS,Ex,cDXGF,CZ16,Whole Building,2009,,,NE-HV_AirDist-SupFanMtr-cDXGF-2SpClgHtg-VFDExMtr,92706.80831262333
Com,RtS,Ex,cDXGF,CZ16,Whole Building,2009,,,NE-HV_AirDist-SupFanMtr-cDXGF-2SpClgHtg-VFDPMMtr,91656.2690053087
Com,RtS,Ex,cDXGF,CZ16,Whole Building,2009,,,NE-HV_AirDist-SupFanMtr-cDXGF-2SpClgHtg-VFDStdMtr,92403.04304178212
Com,RtS,Ex,cDXHP,CZ16,Whole Building,2009,,,NE-HV_AirDist-SupFanMtr-cDXHP-2SpClgHtg-Cnst,124752.8533838543
Com,RtS,Ex,cDXHP,CZ16,Whole Building,2009,,,NE-HV_AirDist-SupFanMtr-cDXHP-2SpClgHtg-VFDExMtr,98615.14888236372
Com,RtS,Ex,cDXHP,CZ16,Whole Building,2009,,,NE-HV_AirDist-SupFanMtr-cDXHP-2SpClgHtg-VFDPMMtr,97653.91457068104
Com,RtS,Ex,cDXHP,CZ16,Whole Building,2009,,,NE-HV_AirDist-SupFanMtr-cDXHP-2SpClgHtg-VFDStdMtr,98340.08797685878
Com,RtS,Ex,cDXOH,CZ16,Whole Building,2009,,,NE-HV_AirDist-SupFanMtr-cDXOH-2SpClgHtg-Cnst,121460.4612450741
Com,RtS,Ex,cDXOH,CZ16,Whole Building,2009,,,NE-HV_AirDist-SupFanMtr-cDXOH-2SpClgHtg-VFDExMtr,101900.44743458684
Com,RtS,Ex,cDXOH,CZ16,Whole Building,2009,,,NE-HV_AirDist-SupFanMtr-cDXOH-2SpClgHtg-VFDPMMtr,101191.28624323042
Com,RtS,Ex,cDXOH,CZ16,Whole Building,2009,,,NE-HV_AirDist-SupFanMtr-cDXOH-2SpClgHtg-VFDStdMtr,101711.02689783
Com,SCn,Ex,cDXGF,CZ01,Whole Building,2009,,,NE-HV_AirDist-SupFanMtr-cDXGF-2SpClgHtg-Cnst,2867971.360205965
Com,SCn,Ex,cDXGF,CZ01,Whole Building,2009,,,NE-HV_AirDist-SupFanMtr-cDXGF-2SpClgHtg-VFDExMtr,1903702.7826052527
Com,SCn,Ex,cDXGF,CZ01,Whole Building,2009,,,NE-HV_AirDist-SupFanMtr-cDXGF-2SpClgHtg-VFDPMMtr,1869943.9608209962
Com,SCn,Ex,cDXGF,CZ01,Whole Building,2009,,,NE-HV_AirDist-SupFanMtr-cDXGF-2SpClgHtg-VFDStdMtr,1892745.1606838435
Com,SCn,Ex,cDXHP,CZ01,Whole Building,2009,,,NE-HV_AirDist-SupFanMtr-cDXHP-2SpClgHtg-Cnst,3154486.630881289
Com,SCn,Ex,cDXHP,CZ01,Whole Building,2009,,,NE-HV_AirDist-SupFanMtr-cDXHP-2SpClgHtg-VFDExMtr,2261509.0735640707
Com,SCn,Ex,cDXHP,CZ01,Whole Building,2009,,,NE-HV_AirDist-SupFanMtr-cDXHP-2SpClgHtg-VFDPMMtr,2233389.789471546
Com,SCn,Ex,cDXHP,CZ01,Whole Building,2009,,,NE-HV_AirDist-SupFanMtr-cDXHP-2SpClgHtg-VFDStdMtr,2252426.2784056985
Com,SCn,Ex,cDXOH,CZ01,Whole Building,2009,,,NE-HV_AirDist-SupFanMtr-cDXOH-2SpClgHtg-Cnst,2969672.30425198
Com,SCn,Ex,cDXOH,CZ01,Whole Building,2009,,,NE-HV_AirDist-SupFanMtr-cDXOH-2SpClgHtg-VFDExMtr,2635341.1532809664
Com,SCn,Ex,cDXOH,CZ01,Whole Building,2009,,,NE-HV_AirDist-SupFanMtr-cDXOH-2SpClgHtg-VFDPMMtr,2627738.583594029
Com,SCn,Ex,cDXOH,CZ01,Whole Building,2009,,,NE-HV_AirDist-SupFanMtr-cDXOH-2SpClgHtg-VFDStdMtr,2633671.2432290707
Com,SCn,Ex,cDXGF,CZ02,Whole Building,2009,,,NE-HV_AirDist-SupFanMtr-cDXGF-2SpClgHtg-Cnst,3150396.1052525216
Com,SCn,Ex,cDXGF,CZ02,Whole Building,2009,,,NE-HV_AirDist-SupFanMtr-cDXGF-2SpClgHtg-VFDExMtr,2037333.4926102618
Com,SCn,Ex,cDXGF,CZ02,Whole Building,2009,,,NE-HV_AirDist-SupFanMtr-cDXGF-2SpClgHtg-VFDPMMtr,1998035.0284474662
Com,SCn,Ex,cDXGF,CZ02,Whole Building,2009,,,NE-HV_AirDist-SupFanMtr-cDXGF-2SpClgHtg-VFDStdMtr,2025434.7883711967
Com,SCn,Ex,cDXHP,CZ02,Whole Building,2009,,,NE-HV_AirDist-SupFanMtr-cDXHP-2SpClgHtg-Cnst,3344884.751337642
Com,SCn,Ex,cDXHP,CZ02,Whole Building,2009,,,NE-HV_AirDist-SupFanMtr-cDXHP-2SpClgHtg-VFDExMtr,2270284.248377907
Com,SCn,Ex,cDXHP,CZ02,Whole Building,2009,,,NE-HV_AirDist-SupFanMtr-cDXHP-2SpClgHtg-VFDPMMtr,2234478.1956743156
Com,SCn,Ex,cDXHP,CZ02,Whole Building,2009,,,NE-HV_AirDist-SupFanMtr-cDXHP-2SpClgHtg-VFDStdMtr,2259499.5056330618
Com,SCn,Ex,cDXOH,CZ02,Whole Building,2009,,,NE-HV_AirDist-SupFanMtr-cDXOH-2SpClgHtg-Cnst,3195548.301867655
Com,SCn,Ex,cDXOH,CZ02,Whole Building,2009,,,NE-HV_AirDist-SupFanMtr-cDXOH-2SpClgHtg-VFDExMtr,2474609.478714281
Com,SCn,Ex,cDXOH,CZ02,Whole Building,2009,,,NE-HV_AirDist-SupFanMtr-cDXOH-2SpClgHtg-VFDPMMtr,2452324.1318888147
Com,SCn,Ex,cDXOH,CZ02,Whole Building,2009,,,NE-HV_AirDist-SupFanMtr-cDXOH-2SpClgHtg-VFDStdMtr,2468781.9206532575
Com,SCn,Ex,cDXGF,CZ03,Whole Building,2009,,,NE-HV_AirDist-SupFanMtr-cDXGF-2SpClgHtg-Cnst,2759861.5722828214
Com,SCn,Ex,cDXGF,CZ03,Whole Building,2009,,,NE-HV_AirDist-SupFanMtr-cDXGF-2SpClgHtg-VFDExMtr,1774314.1923469969
Com,SCn,Ex,cDXGF,CZ03,Whole Building,2009,,,NE-HV_AirDist-SupFanMtr-cDXGF-2SpClgHtg-VFDPMMtr,1741885.7103673308
Com,SCn,Ex,cDXGF,CZ03,Whole Building,2009,,,NE-HV_AirDist-SupFanMtr-cDXGF-2SpClgHtg-VFDStdMtr,1765002.8184044727
Com,SCn,Ex,cDXHP,CZ03,Whole Building,2009,,,NE-HV_AirDist-SupFanMtr-cDXHP-2SpClgHtg-Cnst,2894475.3904767903
Com,SCn,Ex,cDXHP,CZ03,Whole Building,2009,,,NE-HV_AirDist-SupFanMtr-cDXHP-2SpClgHtg-VFDExMtr,1946742.162535787
Com,SCn,Ex,cDXHP,CZ03,Whole Building,2009,,,NE-HV_AirDist-SupFanMtr-cDXHP-2SpClgHtg-VFDPMMtr,1917075.8722948544
Com,SCn,Ex,cDXHP,CZ03,Whole Building,2009,,,NE-HV_AirDist-SupFanMtr-cDXHP-2SpClgHtg-VFDStdMtr,1938366.094289262
Com,SCn,Ex,cDXOH,CZ03,Whole Building,2009,,,NE-HV_AirDist-SupFanMtr-cDXOH-2SpClgHtg-Cnst,2777387.82162041
Com,SCn,Ex,cDXOH,CZ03,Whole Building,2009,,,NE-HV_AirDist-SupFanMtr-cDXOH-2SpClgHtg-VFDExMtr,2115269.71752382
Com,SCn,Ex,cDXOH,CZ03,Whole Building,2009,,,NE-HV_AirDist-SupFanMtr-cDXOH-2SpClgHtg-VFDPMMtr,2095574.012477789
Com,SCn,Ex,cDXOH,CZ03,Whole Building,2009,,,NE-HV_AirDist-SupFanMtr-cDXOH-2SpClgHtg-VFDStdMtr,2110537.045232134
Com,SCn,Ex,cDXGF,CZ04,Whole Building,2009,,,NE-HV_AirDist-SupFanMtr-cDXGF-2SpClgHtg-Cnst,3436075.986740207
Com,SCn,Ex,cDXGF,CZ04,Whole Building,2009,,,NE-HV_AirDist-SupFanMtr-cDXGF-2SpClgHtg-VFDExMtr,2276198.767710683
Com,SCn,Ex,cDXGF,CZ04,Whole Building,2009,,,NE-HV_AirDist-SupFanMtr-cDXGF-2SpClgHtg-VFDPMMtr,2233731.9638455175
Com,SCn,Ex,cDXGF,CZ04,Whole Building,2009,,,NE-HV_AirDist-SupFanMtr-cDXGF-2SpClgHtg-VFDStdMtr,2263260.9104955625
Com,SCn,Ex,cDXHP,CZ04,Whole Building,2009,,,NE-HV_AirDist-SupFanMtr-cDXHP-2SpClgHtg-Cnst,3595588.7389785578
Com,SCn,Ex,cDXHP,CZ04,Whole Building,2009,,,NE-HV_AirDist-SupFanMtr-cDXHP-2SpClgHtg-VFDExMtr,2475710.5045265374
Com,SCn,Ex,cDXHP,CZ04,Whole Building,2009,,,NE-HV_AirDist-SupFanMtr-cDXHP-2SpClgHtg-VFDPMMtr,2436261.09445151
Com,SCn,Ex,cDXHP,CZ04,Whole Building,2009,,,NE-HV_AirDist-SupFanMtr-cDXHP-2SpClgHtg-VFDStdMtr,2463878.4964245344
Com,SCn,Ex,cDXOH,CZ04,Whole Building,2009,,,NE-HV_AirDist-SupFanMtr-cDXOH-2SpClgHtg-Cnst,3454075.893575776
Com,SCn,Ex,cDXOH,CZ04,Whole Building,2009,,,NE-HV_AirDist-SupFanMtr-cDXOH-2SpClgHtg-VFDExMtr,2649427.5576877645
Com,SCn,Ex,cDXOH,CZ04,Whole Building,2009,,,NE-HV_AirDist-SupFanMtr-cDXOH-2SpClgHtg-VFDPMMtr,2621509.392974436
Com,SCn,Ex,cDXOH,CZ04,Whole Building,2009,,,NE-HV_AirDist-SupFanMtr-cDXOH-2SpClgHtg-VFDStdMtr,2641529.380592598
Com,SCn,Ex,cDXGF,CZ05,Whole Building,2009,,,NE-HV_AirDist-SupFanMtr-cDXGF-2SpClgHtg-Cnst,2865009.643985702
Com,SCn,Ex,cDXGF,CZ05,Whole Building,2009,,,NE-HV_AirDist-SupFanMtr-cDXGF-2SpClgHtg-VFDExMtr,1794964.0892078103
Com,SCn,Ex,cDXGF,CZ05,Whole Building,2009,,,NE-HV_AirDist-SupFanMtr-cDXGF-2SpClgHtg-VFDPMMtr,1759146.698681685
Com,SCn,Ex,cDXGF,CZ05,Whole Building,2009,,,NE-HV_AirDist-SupFanMtr-cDXGF-2SpClgHtg-VFDStdMtr,1784930.6390809147
Com,SCn,Ex,cDXHP,CZ05,Whole Building,2009,,,NE-HV_AirDist-SupFanMtr-cDXHP-2SpClgHtg-Cnst,2973957.378448253
Com,SCn,Ex,cDXHP,CZ05,Whole Building,2009,,,NE-HV_AirDist-SupFanMtr-cDXHP-2SpClgHtg-VFDExMtr,1950780.812703704
Com,SCn,Ex,cDXHP,CZ05,Whole Building,2009,,,NE-HV_AirDist-SupFanMtr-cDXHP-2SpClgHtg-VFDPMMtr,1917950.1396674153
Com,SCn,Ex,cDXHP,CZ05,Whole Building,2009,,,NE-HV_AirDist-SupFanMtr-cDXHP-2SpClgHtg-VFDStdMtr,1941700.9424589532
Com,SCn,Ex,cDXOH,CZ05,Whole Building,2009,,,NE-HV_AirDist-SupFanMtr-cDXOH-2SpClgHtg-Cnst,2867714.350815948
Com,SCn,Ex,cDXOH,CZ05,Whole Building,2009,,,NE-HV_AirDist-SupFanMtr-cDXOH-2SpClgHtg-VFDExMtr,2133130.755970919
Com,SCn,Ex,cDXOH,CZ05,Whole Building,2009,,,NE-HV_AirDist-SupFanMtr-cDXOH-2SpClgHtg-VFDPMMtr,2112869.733491682
Com,SCn,Ex,cDXOH,CZ05,Whole Building,2009,,,NE-HV_AirDist-SupFanMtr-cDXOH-2SpClgHtg-VFDStdMtr,2128751.6470929165
Com,SCn,Ex,cDXGF,CZ06,Whole Building,2009,,,NE-HV_AirDist-SupFanMtr-cDXGF-2SpClgHtg-Cnst,2717898.0073909545
Com,SCn,Ex,cDXGF,CZ06,Whole Building,2009,,,NE-HV_AirDist-SupFanMtr-cDXGF-2SpClgHtg-VFDExMtr,1841171.7616822873
Com,SCn,Ex,cDXGF,CZ06,Whole Building,2009,,,NE-HV_AirDist-SupFanMtr-cDXGF-2SpClgHtg-VFDPMMtr,1809735.980218414
Com,SCn,Ex,cDXGF,CZ06,Whole Building,2009,,,NE-HV_AirDist-SupFanMtr-cDXGF-2SpClgHtg-VFDStdMtr,1832111.9112869417
Com,SCn,Ex,cDXHP,CZ06,Whole Building,2009,,,NE-HV_AirDist-SupFanMtr-cDXHP-2SpClgHtg-Cnst,2747378.4845448257
Com,SCn,Ex,cDXHP,CZ06,Whole Building,2009,,,NE-HV_AirDist-SupFanMtr-cDXHP-2SpClgHtg-VFDExMtr,1894689.0187021655
Com,SCn,Ex,cDXHP,CZ06,Whole Building,2009,,,NE-HV_AirDist-SupFanMtr-cDXHP-2SpClgHtg-VFDPMMtr,1864940.594060745
Com,SCn,Ex,cDXHP,CZ06,Whole Building,2009,,,NE-HV_AirDist-SupFanMtr-cDXHP-2SpClgHtg-VFDStdMtr,1886160.1454659402
Com,SCn,Ex,cDXOH,CZ06,Whole Building,2009,,,NE-HV_AirDist-SupFanMtr-cDXOH-2SpClgHtg-Cnst,2716414.541732644
Com,SCn,Ex,cDXOH,CZ06,Whole Building,2009,,,NE-HV_AirDist-SupFanMtr-cDXOH-2SpClgHtg-VFDExMtr,1991734.5772800024
Com,SCn,Ex,cDXOH,CZ06,Whole Building,2009,,,NE-HV_AirDist-SupFanMtr-cDXOH-2SpClgHtg-VFDPMMtr,1966195.8213725223
Com,SCn,Ex,cDXOH,CZ06,Whole Building,2009,,,NE-HV_AirDist-SupFanMtr-cDXOH-2SpClgHtg-VFDStdMtr,1984285.2487540839
Com,SCn,Ex,cDXGF,CZ07,Whole Building,2009,,,NE-HV_AirDist-SupFanMtr-cDXGF-2SpClgHtg-Cnst,2818170.017663978
Com,SCn,Ex,cDXGF,CZ07,Whole Building,2009,,,NE-HV_AirDist-SupFanMtr-cDXGF-2SpClgHtg-VFDExMtr,1897650.6153837403
Com,SCn,Ex,cDXGF,CZ07,Whole Building,2009,,,NE-HV_AirDist-SupFanMtr-cDXGF-2SpClgHtg-VFDPMMtr,1864779.3367347
Com,SCn,Ex,cDXGF,CZ07,Whole Building,2009,,,NE-HV_AirDist-SupFanMtr-cDXGF-2SpClgHtg-VFDStdMtr,1888317.9837252991
Com,SCn,Ex,cDXHP,CZ07,Whole Building,2009,,,NE-HV_AirDist-SupFanMtr-cDXHP-2SpClgHtg-Cnst,2843687.6462961836
Com,SCn,Ex,cDXHP,CZ07,Whole Building,2009,,,NE-HV_AirDist-SupFanMtr-cDXHP-2SpClgHtg-VFDExMtr,1947244.4592569773
Com,SCn,Ex,cDXHP,CZ07,Whole Building,2009,,,NE-HV_AirDist-SupFanMtr-cDXHP-2SpClgHtg-VFDPMMtr,1915893.0331390724
Com,SCn,Ex,cDXHP,CZ07,Whole Building,2009,,,NE-HV_AirDist-SupFanMtr-cDXHP-2SpClgHtg-VFDStdMtr,1938365.3746146553
Com,SCn,Ex,cDXOH,CZ07,Whole Building,2009,,,NE-HV_AirDist-SupFanMtr-cDXOH-2SpClgHtg-Cnst,2815132.320066458
Com,SCn,Ex,cDXOH,CZ07,Whole Building,2009,,,NE-HV_AirDist-SupFanMtr-cDXOH-2SpClgHtg-VFDExMtr,2042715.6552018016
Com,SCn,Ex,cDXOH,CZ07,Whole Building,2009,,,NE-HV_AirDist-SupFanMtr-cDXOH-2SpClgHtg-VFDPMMtr,2014922.3839982299
Com,SCn,Ex,cDXOH,CZ07,Whole Building,2009,,,NE-HV_AirDist-SupFanMtr-cDXOH-2SpClgHtg-VFDStdMtr,2035896.7853944565
Com,SCn,Ex,cDXGF,CZ08,Whole Building,2009,,,NE-HV_AirDist-SupFanMtr-cDXGF-2SpClgHtg-Cnst,3147755.4517627535
Com,SCn,Ex,cDXGF,CZ08,Whole Building,2009,,,NE-HV_AirDist-SupFanMtr-cDXGF-2SpClgHtg-VFDExMtr,2194329.3463674416
Com,SCn,Ex,cDXGF,CZ08,Whole Building,2009,,,NE-HV_AirDist-SupFanMtr-cDXGF-2SpClgHtg-VFDPMMtr,2157443.95921415
Com,SCn,Ex,cDXGF,CZ08,Whole Building,2009,,,NE-HV_AirDist-SupFanMtr-cDXGF-2SpClgHtg-VFDStdMtr,2183254.4585195533
Com,SCn,Ex,cDXHP,CZ08,Whole Building,2009,,,NE-HV_AirDist-SupFanMtr-cDXHP-2SpClgHtg-Cnst,3179838.349549587
Com,SCn,Ex,cDXHP,CZ08,Whole Building,2009,,,NE-HV_AirDist-SupFanMtr-cDXHP-2SpClgHtg-VFDExMtr,2252432.388073004
Com,SCn,Ex,cDXHP,CZ08,Whole Building,2009,,,NE-HV_AirDist-SupFanMtr-cDXHP-2SpClgHtg-VFDPMMtr,2216727.727723054
Com,SCn,Ex,cDXHP,CZ08,Whole Building,2009,,,NE-HV_AirDist-SupFanMtr-cDXHP-2SpClgHtg-VFDStdMtr,2241636.0948685915
Com,SCn,Ex,cDXOH,CZ08,Whole Building,2009,,,NE-HV_AirDist-SupFanMtr-cDXOH-2SpClgHtg-Cnst,3133594.6369611938
Com,SCn,Ex,cDXOH,CZ08,Whole Building,2009,,,NE-HV_AirDist-SupFanMtr-cDXOH-2SpClgHtg-VFDExMtr,2338798.436737628
Com,SCn,Ex,cDXOH,CZ08,Whole Building,2009,,,NE-HV_AirDist-SupFanMtr-cDXOH-2SpClgHtg-VFDPMMtr,2308356.425287091
Com,SCn,Ex,cDXOH,CZ08,Whole Building,2009,,,NE-HV_AirDist-SupFanMtr-cDXOH-2SpClgHtg-VFDStdMtr,2329813.1178714377
Com,SCn,Ex,cDXGF,CZ09,Whole Building,2009,,,NE-HV_AirDist-SupFanMtr-cDXGF-2SpClgHtg-Cnst,3209812.286051006
Com,SCn,Ex,cDXGF,CZ09,Whole Building,2009,,,NE-HV_AirDist-SupFanMtr-cDXGF-2SpClgHtg-VFDExMtr,2220830.278202153
Com,SCn,Ex,cDXGF,CZ09,Whole Building,2009,,,NE-HV_AirDist-SupFanMtr-cDXGF-2SpClgHtg-VFDPMMtr,2183341.0495426054
Com,SCn,Ex,cDXGF,CZ09,Whole Building,2009,,,NE-HV_AirDist-SupFanMtr-cDXGF-2SpClgHtg-VFDStdMtr,2209603.7358912607
Com,SCn,Ex,cDXHP,CZ09,Whole Building,2009,,,NE-HV_AirDist-SupFanMtr-cDXHP-2SpClgHtg-Cnst,3267640.4314647196
Com,SCn,Ex,cDXHP,CZ09,Whole Building,2009,,,NE-HV_AirDist-SupFanMtr-cDXHP-2SpClgHtg-VFDExMtr,2301564.4424761552
Com,SCn,Ex,cDXHP,CZ09,Whole Building,2009,,,NE-HV_AirDist-SupFanMtr-cDXHP-2SpClgHtg-VFDPMMtr,2265330.394164602
Com,SCn,Ex,cDXHP,CZ09,Whole Building,2009,,,NE-HV_AirDist-SupFanMtr-cDXHP-2SpClgHtg-VFDStdMtr,2290686.5603074944
Com,SCn,Ex,cDXOH,CZ09,Whole Building,2009,,,NE-HV_AirDist-SupFanMtr-cDXOH-2SpClgHtg-Cnst,3198213.0248398846
Com,SCn,Ex,cDXOH,CZ09,Whole Building,2009,,,NE-HV_AirDist-SupFanMtr-cDXOH-2SpClgHtg-VFDExMtr,2379758.9111954155
Com,SCn,Ex,cDXOH,CZ09,Whole Building,2009,,,NE-HV_AirDist-SupFanMtr-cDXOH-2SpClgHtg-VFDPMMtr,2348728.737823921
Com,SCn,Ex,cDXOH,CZ09,Whole Building,2009,,,NE-HV_AirDist-SupFanMtr-cDXOH-2SpClgHtg-VFDStdMtr,2370911.5757429833
Com,SCn,Ex,cDXGF,CZ10,Whole Building,2009,,,NE-HV_AirDist-SupFanMtr-cDXGF-2SpClgHtg-Cnst,3254345.204177965
Com,SCn,Ex,cDXGF,CZ10,Whole Building,2009,,,NE-HV_AirDist-SupFanMtr-cDXGF-2SpClgHtg-VFDExMtr,2290512.248449823
Com,SCn,Ex,cDXGF,CZ10,Whole Building,2009,,,NE-HV_AirDist-SupFanMtr-cDXGF-2SpClgHtg-VFDPMMtr,2253545.1655303426
Com,SCn,Ex,cDXGF,CZ10,Whole Building,2009,,,NE-HV_AirDist-SupFanMtr-cDXGF-2SpClgHtg-VFDStdMtr,2279279.2453426155
Com,SCn,Ex,cDXHP,CZ10,Whole Building,2009,,,NE-HV_AirDist-SupFanMtr-cDXHP-2SpClgHtg-Cnst,3307716.7707821336
Com,SCn,Ex,cDXHP,CZ10,Whole Building,2009,,,NE-HV_AirDist-SupFanMtr-cDXHP-2SpClgHtg-VFDExMtr,2369453.2837288445
Com,SCn,Ex,cDXHP,CZ10,Whole Building,2009,,,NE-HV_AirDist-SupFanMtr-cDXHP-2SpClgHtg-VFDPMMtr,2333886.2254458372
Com,SCn,Ex,cDXHP,CZ10,Whole Building,2009,,,NE-HV_AirDist-SupFanMtr-cDXHP-2SpClgHtg-VFDStdMtr,2358492.6271479675
Com,SCn,Ex,cDXOH,CZ10,Whole Building,2009,,,NE-HV_AirDist-SupFanMtr-cDXOH-2SpClgHtg-Cnst,3235700.627297629
Com,SCn,Ex,cDXOH,CZ10,Whole Building,2009,,,NE-HV_AirDist-SupFanMtr-cDXOH-2SpClgHtg-VFDExMtr,2456324.879112133
Com,SCn,Ex,cDXOH,CZ10,Whole Building,2009,,,NE-HV_AirDist-SupFanMtr-cDXOH-2SpClgHtg-VFDPMMtr,2426518.8680520803
Com,SCn,Ex,cDXOH,CZ10,Whole Building,2009,,,NE-HV_AirDist-SupFanMtr-cDXOH-2SpClgHtg-VFDStdMtr,2447798.9803733304
Com,SCn,Ex,cDXGF,CZ11,Whole Building,2009,,,NE-HV_AirDist-SupFanMtr-cDXGF-2SpClgHtg-Cnst,3509527.975075472
Com,SCn,Ex,cDXGF,CZ11,Whole Building,2009,,,NE-HV_AirDist-SupFanMtr-cDXGF-2SpClgHtg-VFDExMtr,2511482.7760081952
Com,SCn,Ex,cDXGF,CZ11,Whole Building,2009,,,NE-HV_AirDist-SupFanMtr-cDXGF-2SpClgHtg-VFDPMMtr,2472190.3173266025
Com,SCn,Ex,cDXGF,CZ11,Whole Building,2009,,,NE-HV_AirDist-SupFanMtr-cDXGF-2SpClgHtg-VFDStdMtr,2499002.3522582245
Com,SCn,Ex,cDXHP,CZ11,Whole Building,2009,,,NE-HV_AirDist-SupFanMtr-cDXHP-2SpClgHtg-Cnst,3692436.074791675
Com,SCn,Ex,cDXHP,CZ11,Whole Building,2009,,,NE-HV_AirDist-SupFanMtr-cDXHP-2SpClgHtg-VFDExMtr,2708875.1038441793
Com,SCn,Ex,cDXHP,CZ11,Whole Building,2009,,,NE-HV_AirDist-SupFanMtr-cDXHP-2SpClgHtg-VFDPMMtr,2670950.0529190036
Com,SCn,Ex,cDXHP,CZ11,Whole Building,2009,,,NE-HV_AirDist-SupFanMtr-cDXHP-2SpClgHtg-VFDStdMtr,2696645.624844409
Com,SCn,Ex,cDXOH,CZ11,Whole Building,2009,,,NE-HV_AirDist-SupFanMtr-cDXOH-2SpClgHtg-Cnst,3541205.762013803
Com,SCn,Ex,cDXOH,CZ11,Whole Building,2009,,,NE-HV_AirDist-SupFanMtr-cDXOH-2SpClgHtg-VFDExMtr,2879086.592587092
Com,SCn,Ex,cDXOH,CZ11,Whole Building,2009,,,NE-HV_AirDist-SupFanMtr-cDXOH-2SpClgHtg-VFDPMMtr,2853142.921089985
Com,SCn,Ex,cDXOH,CZ11,Whole Building,2009,,,NE-HV_AirDist-SupFanMtr-cDXOH-2SpClgHtg-VFDStdMtr,2871049.5075157555
Com,SCn,Ex,cDXGF,CZ12,Whole Building,2009,,,NE-HV_AirDist-SupFanMtr-cDXGF-2SpClgHtg-Cnst,3332263.5745078237
Com,SCn,Ex,cDXGF,CZ12,Whole Building,2009,,,NE-HV_AirDist-SupFanMtr-cDXGF-2SpClgHtg-VFDExMtr,2271133.8062585304
Com,SCn,Ex,cDXGF,CZ12,Whole Building,2009,,,NE-HV_AirDist-SupFanMtr-cDXGF-2SpClgHtg-VFDPMMtr,2230938.9385701064
Com,SCn,Ex,cDXGF,CZ12,Whole Building,2009,,,NE-HV_AirDist-SupFanMtr-cDXGF-2SpClgHtg-VFDStdMtr,2258619.253871982
Com,SCn,Ex,cDXHP,CZ12,Whole Building,2009,,,NE-HV_AirDist-SupFanMtr-cDXHP-2SpClgHtg-Cnst,3517891.8421442765
Com,SCn,Ex,cDXHP,CZ12,Whole Building,2009,,,NE-HV_AirDist-SupFanMtr-cDXHP-2SpClgHtg-VFDExMtr,2488930.983126855
Com,SCn,Ex,cDXHP,CZ12,Whole Building,2009,,,NE-HV_AirDist-SupFanMtr-cDXHP-2SpClgHtg-VFDPMMtr,2451125.9494019197
Com,SCn,Ex,cDXHP,CZ12,Whole Building,2009,,,NE-HV_AirDist-SupFanMtr-cDXHP-2SpClgHtg-VFDStdMtr,2477276.324109867
Com,SCn,Ex,cDXOH,CZ12,Whole Building,2009,,,NE-HV_AirDist-SupFanMtr-cDXOH-2SpClgHtg-Cnst,3388534.4949052385
Com,SCn,Ex,cDXOH,CZ12,Whole Building,2009,,,NE-HV_AirDist-SupFanMtr-cDXOH-2SpClgHtg-VFDExMtr,2654879.1494597164
Com,SCn,Ex,cDXOH,CZ12,Whole Building,2009,,,NE-HV_AirDist-SupFanMtr-cDXOH-2SpClgHtg-VFDPMMtr,2628504.090453557
Com,SCn,Ex,cDXOH,CZ12,Whole Building,2009,,,NE-HV_AirDist-SupFanMtr-cDXOH-2SpClgHtg-VFDStdMtr,2646975.3089537276
Com,SCn,Ex,cDXGF,CZ13,Whole Building,2009,,,NE-HV_AirDist-SupFanMtr-cDXGF-2SpClgHtg-Cnst,3563962.671850248
Com,SCn,Ex,cDXGF,CZ13,Whole Building,2009,,,NE-HV_AirDist-SupFanMtr-cDXGF-2SpClgHtg-VFDExMtr,2569219.2032145783
Com,SCn,Ex,cDXGF,CZ13,Whole Building,2009,,,NE-HV_AirDist-SupFanMtr-cDXGF-2SpClgHtg-VFDPMMtr,2528853.295514242
Com,SCn,Ex,cDXGF,CZ13,Whole Building,2009,,,NE-HV_AirDist-SupFanMtr-cDXGF-2SpClgHtg-VFDStdMtr,2556392.1854472584
Com,SCn,Ex,cDXHP,CZ13,Whole Building,2009,,,NE-HV_AirDist-SupFanMtr-cDXHP-2SpClgHtg-Cnst,3720934.636548561
Com,SCn,Ex,cDXHP,CZ13,Whole Building,2009,,,NE-HV_AirDist-SupFanMtr-cDXHP-2SpClgHtg-VFDExMtr,2739397.3522650753
Com,SCn,Ex,cDXHP,CZ13,Whole Building,2009,,,NE-HV_AirDist-SupFanMtr-cDXHP-2SpClgHtg-VFDPMMtr,2700969.971246263
Com,SCn,Ex,cDXHP,CZ13,Whole Building,2009,,,NE-HV_AirDist-SupFanMtr-cDXHP-2SpClgHtg-VFDStdMtr,2727172.313592684
Com,SCn,Ex,cDXOH,CZ13,Whole Building,2009,,,NE-HV_AirDist-SupFanMtr-cDXOH-2SpClgHtg-Cnst,3600418.093977083
Com,SCn,Ex,cDXOH,CZ13,Whole Building,2009,,,NE-HV_AirDist-SupFanMtr-cDXOH-2SpClgHtg-VFDExMtr,2893148.1564822746
Com,SCn,Ex,cDXOH,CZ13,Whole Building,2009,,,NE-HV_AirDist-SupFanMtr-cDXOH-2SpClgHtg-VFDPMMtr,2864427.179529801
Com,SCn,Ex,cDXOH,CZ13,Whole Building,2009,,,NE-HV_AirDist-SupFanMtr-cDXOH-2SpClgHtg-VFDStdMtr,2884592.638322685
Com,SCn,Ex,cDXGF,CZ14,Whole Building,2009,,,NE-HV_AirDist-SupFanMtr-cDXGF-2SpClgHtg-Cnst,3706286.19880495
Com,SCn,Ex,cDXGF,CZ14,Whole Building,2009,,,NE-HV_AirDist-SupFanMtr-cDXGF-2SpClgHtg-VFDExMtr,2560263.1726604947
Com,SCn,Ex,cDXGF,CZ14,Whole Building,2009,,,NE-HV_AirDist-SupFanMtr-cDXGF-2SpClgHtg-VFDPMMtr,2515329.9675794775
Com,SCn,Ex,cDXGF,CZ14,Whole Building,2009,,,NE-HV_AirDist-SupFanMtr-cDXGF-2SpClgHtg-VFDStdMtr,2546188.9312998233
Com,SCn,Ex,cDXHP,CZ14,Whole Building,2009,,,NE-HV_AirDist-SupFanMtr-cDXHP-2SpClgHtg-Cnst,3858817.268889068
Com,SCn,Ex,cDXHP,CZ14,Whole Building,2009,,,NE-HV_AirDist-SupFanMtr-cDXHP-2SpClgHtg-VFDExMtr,2751722.9261209313
Com,SCn,Ex,cDXHP,CZ14,Whole Building,2009,,,NE-HV_AirDist-SupFanMtr-cDXHP-2SpClgHtg-VFDPMMtr,2709145.204649087
Com,SCn,Ex,cDXHP,CZ14,Whole Building,2009,,,NE-HV_AirDist-SupFanMtr-cDXHP-2SpClgHtg-VFDStdMtr,2738585.981150356
Com,SCn,Ex,cDXOH,CZ14,Whole Building,2009,,,NE-HV_AirDist-SupFanMtr-cDXOH-2SpClgHtg-Cnst,3726836.6428361926
Com,SCn,Ex,cDXOH,CZ14,Whole Building,2009,,,NE-HV_AirDist-SupFanMtr-cDXOH-2SpClgHtg-VFDExMtr,2916495.9050263492
Com,SCn,Ex,cDXOH,CZ14,Whole Building,2009,,,NE-HV_AirDist-SupFanMtr-cDXOH-2SpClgHtg-VFDPMMtr,2884158.105810317
Com,SCn,Ex,cDXOH,CZ14,Whole Building,2009,,,NE-HV_AirDist-SupFanMtr-cDXOH-2SpClgHtg-VFDStdMtr,2907011.2149863304
Com,SCn,Ex,cDXGF,CZ15,Whole Building,2009,,,NE-HV_AirDist-SupFanMtr-cDXGF-2SpClgHtg-Cnst,4397927.158224035
Com,SCn,Ex,cDXGF,CZ15,Whole Building,2009,,,NE-HV_AirDist-SupFanMtr-cDXGF-2SpClgHtg-VFDExMtr,3234492.2940423843
Com,SCn,Ex,cDXGF,CZ15,Whole Building,2009,,,NE-HV_AirDist-SupFanMtr-cDXGF-2SpClgHtg-VFDPMMtr,3187358.551656278
Com,SCn,Ex,cDXGF,CZ15,Whole Building,2009,,,NE-HV_AirDist-SupFanMtr-cDXGF-2SpClgHtg-VFDStdMtr,3219385.527614759
Com,SCn,Ex,cDXHP,CZ15,Whole Building,2009,,,NE-HV_AirDist-SupFanMtr-cDXHP-2SpClgHtg-Cnst,4411518.79796394
Com,SCn,Ex,cDXHP,CZ15,Whole Building,2009,,,NE-HV_AirDist-SupFanMtr-cDXHP-2SpClgHtg-VFDExMtr,3265948.9999821447
Com,SCn,Ex,cDXHP,CZ15,Whole Building,2009,,,NE-HV_AirDist-SupFanMtr-cDXHP-2SpClgHtg-VFDPMMtr,3219510.368114855
Com,SCn,Ex,cDXHP,CZ15,Whole Building,2009,,,NE-HV_AirDist-SupFanMtr-cDXHP-2SpClgHtg-VFDStdMtr,3251048.673609952
Com,SCn,Ex,cDXOH,CZ15,Whole Building,2009,,,NE-HV_AirDist-SupFanMtr-cDXOH-2SpClgHtg-Cnst,4351967.904143489
Com,SCn,Ex,cDXOH,CZ15,Whole Building,2009,,,NE-HV_AirDist-SupFanMtr-cDXOH-2SpClgHtg-VFDExMtr,3328163.229325907
Com,SCn,Ex,cDXOH,CZ15,Whole Building,2009,,,NE-HV_AirDist-SupFanMtr-cDXOH-2SpClgHtg-VFDPMMtr,3285186.274400471
Com,SCn,Ex,cDXOH,CZ15,Whole Building,2009,,,NE-HV_AirDist-SupFanMtr-cDXOH-2SpClgHtg-VFDStdMtr,3314827.3864113367
Com,SCn,Ex,cDXGF,CZ16,Whole Building,2009,,,NE-HV_AirDist-SupFanMtr-cDXGF-2SpClgHtg-Cnst,3327128.5767120332
Com,SCn,Ex,cDXGF,CZ16,Whole Building,2009,,,NE-HV_AirDist-SupFanMtr-cDXGF-2SpClgHtg-VFDExMtr,2184067.2593357735
Com,SCn,Ex,cDXGF,CZ16,Whole Building,2009,,,NE-HV_AirDist-SupFanMtr-cDXGF-2SpClgHtg-VFDPMMtr,2138425.0703003025
Com,SCn,Ex,cDXGF,CZ16,Whole Building,2009,,,NE-HV_AirDist-SupFanMtr-cDXGF-2SpClgHtg-VFDStdMtr,2169421.727124188
Com,SCn,Ex,cDXHP,CZ16,Whole Building,2009,,,NE-HV_AirDist-SupFanMtr-cDXHP-2SpClgHtg-Cnst,3645330.6176088317
Com,SCn,Ex,cDXHP,CZ16,Whole Building,2009,,,NE-HV_AirDist-SupFanMtr-cDXHP-2SpClgHtg-VFDExMtr,2544834.6322925454
Com,SCn,Ex,cDXHP,CZ16,Whole Building,2009,,,NE-HV_AirDist-SupFanMtr-cDXHP-2SpClgHtg-VFDPMMtr,2503592.0307535576
Com,SCn,Ex,cDXHP,CZ16,Whole Building,2009,,,NE-HV_AirDist-SupFanMtr-cDXHP-2SpClgHtg-VFDStdMtr,2531544.9886776735
Com,SCn,Ex,cDXOH,CZ16,Whole Building,2009,,,NE-HV_AirDist-SupFanMtr-cDXOH-2SpClgHtg-Cnst,3469068.470151151
Com,SCn,Ex,cDXOH,CZ16,Whole Building,2009,,,NE-HV_AirDist-SupFanMtr-cDXOH-2SpClgHtg-VFDExMtr,2839441.446496106
Com,SCn,Ex,cDXOH,CZ16,Whole Building,2009,,,NE-HV_AirDist-SupFanMtr-cDXOH-2SpClgHtg-VFDPMMtr,2816231.4339179904
Com,SCn,Ex,cDXOH,CZ16,Whole Building,2009,,,NE-HV_AirDist-SupFanMtr-cDXOH-2SpClgHtg-VFDStdMtr,2832916.2273084167
