MeasureID,BldgType,BldgVint,BldgLoc,BldgHVAC,tstat,PreTechID,PreSizingID,StdTechID,StdSizingID,MeasTechID,MsrSizingID,SizingSrc,EU_HrRepVar,NormUnit
NE-HVAC-Unitary-addSRM,SCn,Ex,CZ16,cDXOH,0,NE-HV_AirDist-SupFanMtr-cDXOH-2SpClgHtg-Cnst,None,NE-HV_AirDist-SupFanMtr-cDXOH-2SpClgHtg-VFDStdMtr,None,NE-HV_AirDist-SupFanMtr-cDXOH-2SpClgHtg-SRM,None,,,Each
NE-HVAC-Unitary-addSRM,SCn,Ex,CZ15,cDXOH,0,NE-HV_AirDist-SupFanMtr-cDXOH-2SpClgHtg-Cnst,None,NE-HV_AirDist-SupFanMtr-cDXOH-2SpClgHtg-VFDStdMtr,None,NE-HV_AirDist-SupFanMtr-cDXOH-2SpClgHtg-SRM,None,,,Each
NE-HVAC-Unitary-addSRM,SCn,Ex,CZ14,cDXOH,0,NE-HV_AirDist-SupFanMtr-cDXOH-2SpClgHtg-Cnst,None,NE-HV_AirDist-SupFanMtr-cDXOH-2SpClgHtg-VFDStdMtr,None,NE-HV_AirDist-SupFanMtr-cDXOH-2SpClgHtg-SRM,None,,,Each
NE-HVAC-Unitary-addSRM,SCn,Ex,CZ13,cDXOH,0,NE-HV_AirDist-SupFanMtr-cDXOH-2SpClgHtg-Cnst,None,NE-HV_AirDist-SupFanMtr-cDXOH-2SpClgHtg-VFDStdMtr,None,NE-HV_AirDist-SupFanMtr-cDXOH-2SpClgHtg-SRM,None,,,Each
NE-HVAC-Unitary-addSRM,SCn,Ex,CZ12,cDXOH,0,NE-HV_AirDist-SupFanMtr-cDXOH-2SpClgHtg-Cnst,None,NE-HV_AirDist-SupFanMtr-cDXOH-2SpClgHtg-VFDStdMtr,None,NE-HV_AirDist-SupFanMtr-cDXOH-2SpClgHtg-SRM,None,,,Each
NE-HVAC-Unitary-addSRM,SCn,Ex,CZ11,cDXOH,0,NE-HV_AirDist-SupFanMtr-cDXOH-2SpClgHtg-Cnst,None,NE-HV_AirDist-SupFanMtr-cDXOH-2SpClgHtg-VFDStdMtr,None,NE-HV_AirDist-SupFanMtr-cDXOH-2SpClgHtg-SRM,None,,,Each
NE-HVAC-Unitary-addSRM,SCn,Ex,CZ10,cDXOH,0,NE-HV_AirDist-SupFanMtr-cDXOH-2SpClgHtg-Cnst,None,NE-HV_AirDist-SupFanMtr-cDXOH-2SpClgHtg-VFDStdMtr,None,NE-HV_AirDist-SupFanMtr-cDXOH-2SpClgHtg-SRM,None,,,Each
NE-HVAC-Unitary-addSRM,SCn,Ex,CZ09,cDXOH,0,NE-HV_AirDist-SupFanMtr-cDXOH-2SpClgHtg-Cnst,None,NE-HV_AirDist-SupFanMtr-cDXOH-2SpClgHtg-VFDStdMtr,None,NE-HV_AirDist-SupFanMtr-cDXOH-2SpClgHtg-SRM,None,,,Each
NE-HVAC-Unitary-addSRM,SCn,Ex,CZ08,cDXOH,0,NE-HV_AirDist-SupFanMtr-cDXOH-2SpClgHtg-Cnst,None,NE-HV_AirDist-SupFanMtr-cDXOH-2SpClgHtg-VFDStdMtr,None,NE-HV_AirDist-SupFanMtr-cDXOH-2SpClgHtg-SRM,None,,,Each
NE-HVAC-Unitary-addSRM,SCn,Ex,CZ07,cDXOH,0,NE-HV_AirDist-SupFanMtr-cDXOH-2SpClgHtg-Cnst,None,NE-HV_AirDist-SupFanMtr-cDXOH-2SpClgHtg-VFDStdMtr,None,NE-HV_AirDist-SupFanMtr-cDXOH-2SpClgHtg-SRM,None,,,Each
NE-HVAC-Unitary-addSRM,SCn,Ex,CZ06,cDXOH,0,NE-HV_AirDist-SupFanMtr-cDXOH-2SpClgHtg-Cnst,None,NE-HV_AirDist-SupFanMtr-cDXOH-2SpClgHtg-VFDStdMtr,None,NE-HV_AirDist-SupFanMtr-cDXOH-2SpClgHtg-SRM,None,,,Each
NE-HVAC-Unitary-addSRM,SCn,Ex,CZ05,cDXOH,0,NE-HV_AirDist-SupFanMtr-cDXOH-2SpClgHtg-Cnst,None,NE-HV_AirDist-SupFanMtr-cDXOH-2SpClgHtg-VFDStdMtr,None,NE-HV_AirDist-SupFanMtr-cDXOH-2SpClgHtg-SRM,None,,,Each
NE-HVAC-Unitary-addSRM,SCn,Ex,CZ04,cDXOH,0,NE-HV_AirDist-SupFanMtr-cDXOH-2SpClgHtg-Cnst,None,NE-HV_AirDist-SupFanMtr-cDXOH-2SpClgHtg-VFDStdMtr,None,NE-HV_AirDist-SupFanMtr-cDXOH-2SpClgHtg-SRM,None,,,Each
NE-HVAC-Unitary-addSRM,SCn,Ex,CZ03,cDXOH,0,NE-HV_AirDist-SupFanMtr-cDXOH-2SpClgHtg-Cnst,None,NE-HV_AirDist-SupFanMtr-cDXOH-2SpClgHtg-VFDStdMtr,None,NE-HV_AirDist-SupFanMtr-cDXOH-2SpClgHtg-SRM,None,,,Each
NE-HVAC-Unitary-addSRM,SCn,Ex,CZ02,cDXOH,0,NE-HV_AirDist-SupFanMtr-cDXOH-2SpClgHtg-Cnst,None,NE-HV_AirDist-SupFanMtr-cDXOH-2SpClgHtg-VFDStdMtr,None,NE-HV_AirDist-SupFanMtr-cDXOH-2SpClgHtg-SRM,None,,,Each
NE-HVAC-Unitary-addSRM,SCn,Ex,CZ01,cDXOH,0,NE-HV_AirDist-SupFanMtr-cDXOH-2SpClgHtg-Cnst,None,NE-HV_AirDist-SupFanMtr-cDXOH-2SpClgHtg-VFDStdMtr,None,NE-HV_AirDist-SupFanMtr-cDXOH-2SpClgHtg-SRM,None,,,Each
NE-HVAC-Unitary-addSRM,SCn,Ex,CZ16,cDXHP,0,NE-HV_AirDist-SupFanMtr-cDXHP-2SpClgHtg-Cnst,None,NE-HV_AirDist-SupFanMtr-cDXHP-2SpClgHtg-VFDStdMtr,None,NE-HV_AirDist-SupFanMtr-cDXHP-2SpClgHtg-SRM,None,,,Each
NE-HVAC-Unitary-addSRM,SCn,Ex,CZ15,cDXHP,0,NE-HV_AirDist-SupFanMtr-cDXHP-2SpClgHtg-Cnst,None,NE-HV_AirDist-SupFanMtr-cDXHP-2SpClgHtg-VFDStdMtr,None,NE-HV_AirDist-SupFanMtr-cDXHP-2SpClgHtg-SRM,None,,,Each
NE-HVAC-Unitary-addSRM,SCn,Ex,CZ14,cDXHP,0,NE-HV_AirDist-SupFanMtr-cDXHP-2SpClgHtg-Cnst,None,NE-HV_AirDist-SupFanMtr-cDXHP-2SpClgHtg-VFDStdMtr,None,NE-HV_AirDist-SupFanMtr-cDXHP-2SpClgHtg-SRM,None,,,Each
NE-HVAC-Unitary-addSRM,SCn,Ex,CZ13,cDXHP,0,NE-HV_AirDist-SupFanMtr-cDXHP-2SpClgHtg-Cnst,None,NE-HV_AirDist-SupFanMtr-cDXHP-2SpClgHtg-VFDStdMtr,None,NE-HV_AirDist-SupFanMtr-cDXHP-2SpClgHtg-SRM,None,,,Each
NE-HVAC-Unitary-addSRM,SCn,Ex,CZ12,cDXHP,0,NE-HV_AirDist-SupFanMtr-cDXHP-2SpClgHtg-Cnst,None,NE-HV_AirDist-SupFanMtr-cDXHP-2SpClgHtg-VFDStdMtr,None,NE-HV_AirDist-SupFanMtr-cDXHP-2SpClgHtg-SRM,None,,,Each
NE-HVAC-Unitary-addSRM,SCn,Ex,CZ11,cDXHP,0,NE-HV_AirDist-SupFanMtr-cDXHP-2SpClgHtg-Cnst,None,NE-HV_AirDist-SupFanMtr-cDXHP-2SpClgHtg-VFDStdMtr,None,NE-HV_AirDist-SupFanMtr-cDXHP-2SpClgHtg-SRM,None,,,Each
NE-HVAC-Unitary-addSRM,SCn,Ex,CZ10,cDXHP,0,NE-HV_AirDist-SupFanMtr-cDXHP-2SpClgHtg-Cnst,None,NE-HV_AirDist-SupFanMtr-cDXHP-2SpClgHtg-VFDStdMtr,None,NE-HV_AirDist-SupFanMtr-cDXHP-2SpClgHtg-SRM,None,,,Each
NE-HVAC-Unitary-addSRM,SCn,Ex,CZ09,cDXHP,0,NE-HV_AirDist-SupFanMtr-cDXHP-2SpClgHtg-Cnst,None,NE-HV_AirDist-SupFanMtr-cDXHP-2SpClgHtg-VFDStdMtr,None,NE-HV_AirDist-SupFanMtr-cDXHP-2SpClgHtg-SRM,None,,,Each
NE-HVAC-Unitary-addSRM,SCn,Ex,CZ08,cDXHP,0,NE-HV_AirDist-SupFanMtr-cDXHP-2SpClgHtg-Cnst,None,NE-HV_AirDist-SupFanMtr-cDXHP-2SpClgHtg-VFDStdMtr,None,NE-HV_AirDist-SupFanMtr-cDXHP-2SpClgHtg-SRM,None,,,Each
NE-HVAC-Unitary-addSRM,SCn,Ex,CZ07,cDXHP,0,NE-HV_AirDist-SupFanMtr-cDXHP-2SpClgHtg-Cnst,None,NE-HV_AirDist-SupFanMtr-cDXHP-2SpClgHtg-VFDStdMtr,None,NE-HV_AirDist-SupFanMtr-cDXHP-2SpClgHtg-SRM,None,,,Each
NE-HVAC-Unitary-addSRM,SCn,Ex,CZ06,cDXHP,0,NE-HV_AirDist-SupFanMtr-cDXHP-2SpClgHtg-Cnst,None,NE-HV_AirDist-SupFanMtr-cDXHP-2SpClgHtg-VFDStdMtr,None,NE-HV_AirDist-SupFanMtr-cDXHP-2SpClgHtg-SRM,None,,,Each
NE-HVAC-Unitary-addSRM,SCn,Ex,CZ05,cDXHP,0,NE-HV_AirDist-SupFanMtr-cDXHP-2SpClgHtg-Cnst,None,NE-HV_AirDist-SupFanMtr-cDXHP-2SpClgHtg-VFDStdMtr,None,NE-HV_AirDist-SupFanMtr-cDXHP-2SpClgHtg-SRM,None,,,Each
NE-HVAC-Unitary-addSRM,SCn,Ex,CZ04,cDXHP,0,NE-HV_AirDist-SupFanMtr-cDXHP-2SpClgHtg-Cnst,None,NE-HV_AirDist-SupFanMtr-cDXHP-2SpClgHtg-VFDStdMtr,None,NE-HV_AirDist-SupFanMtr-cDXHP-2SpClgHtg-SRM,None,,,Each
NE-HVAC-Unitary-addSRM,SCn,Ex,CZ03,cDXHP,0,NE-HV_AirDist-SupFanMtr-cDXHP-2SpClgHtg-Cnst,None,NE-HV_AirDist-SupFanMtr-cDXHP-2SpClgHtg-VFDStdMtr,None,NE-HV_AirDist-SupFanMtr-cDXHP-2SpClgHtg-SRM,None,,,Each
NE-HVAC-Unitary-addSRM,SCn,Ex,CZ02,cDXHP,0,NE-HV_AirDist-SupFanMtr-cDXHP-2SpClgHtg-Cnst,None,NE-HV_AirDist-SupFanMtr-cDXHP-2SpClgHtg-VFDStdMtr,None,NE-HV_AirDist-SupFanMtr-cDXHP-2SpClgHtg-SRM,None,,,Each
NE-HVAC-Unitary-addSRM,SCn,Ex,CZ01,cDXHP,0,NE-HV_AirDist-SupFanMtr-cDXHP-2SpClgHtg-Cnst,None,NE-HV_AirDist-SupFanMtr-cDXHP-2SpClgHtg-VFDStdMtr,None,NE-HV_AirDist-SupFanMtr-cDXHP-2SpClgHtg-SRM,None,,,Each
NE-HVAC-Unitary-addSRM,SCn,Ex,CZ16,cDXGF,0,NE-HV_AirDist-SupFanMtr-cDXGF-2SpClgHtg-Cnst,None,NE-HV_AirDist-SupFanMtr-cDXGF-2SpClgHtg-VFDStdMtr,None,NE-HV_AirDist-SupFanMtr-cDXGF-2SpClgHtg-SRM,None,,,Each
NE-HVAC-Unitary-addSRM,SCn,Ex,CZ15,cDXGF,0,NE-HV_AirDist-SupFanMtr-cDXGF-2SpClgHtg-Cnst,None,NE-HV_AirDist-SupFanMtr-cDXGF-2SpClgHtg-VFDStdMtr,None,NE-HV_AirDist-SupFanMtr-cDXGF-2SpClgHtg-SRM,None,,,Each
NE-HVAC-Unitary-addSRM,SCn,Ex,CZ14,cDXGF,0,NE-HV_AirDist-SupFanMtr-cDXGF-2SpClgHtg-Cnst,None,NE-HV_AirDist-SupFanMtr-cDXGF-2SpClgHtg-VFDStdMtr,None,NE-HV_AirDist-SupFanMtr-cDXGF-2SpClgHtg-SRM,None,,,Each
NE-HVAC-Unitary-addSRM,SCn,Ex,CZ13,cDXGF,0,NE-HV_AirDist-SupFanMtr-cDXGF-2SpClgHtg-Cnst,None,NE-HV_AirDist-SupFanMtr-cDXGF-2SpClgHtg-VFDStdMtr,None,NE-HV_AirDist-SupFanMtr-cDXGF-2SpClgHtg-SRM,None,,,Each
NE-HVAC-Unitary-addSRM,SCn,Ex,CZ12,cDXGF,0,NE-HV_AirDist-SupFanMtr-cDXGF-2SpClgHtg-Cnst,None,NE-HV_AirDist-SupFanMtr-cDXGF-2SpClgHtg-VFDStdMtr,None,NE-HV_AirDist-SupFanMtr-cDXGF-2SpClgHtg-SRM,None,,,Each
NE-HVAC-Unitary-addSRM,SCn,Ex,CZ11,cDXGF,0,NE-HV_AirDist-SupFanMtr-cDXGF-2SpClgHtg-Cnst,None,NE-HV_AirDist-SupFanMtr-cDXGF-2SpClgHtg-VFDStdMtr,None,NE-HV_AirDist-SupFanMtr-cDXGF-2SpClgHtg-SRM,None,,,Each
NE-HVAC-Unitary-addSRM,SCn,Ex,CZ10,cDXGF,0,NE-HV_AirDist-SupFanMtr-cDXGF-2SpClgHtg-Cnst,None,NE-HV_AirDist-SupFanMtr-cDXGF-2SpClgHtg-VFDStdMtr,None,NE-HV_AirDist-SupFanMtr-cDXGF-2SpClgHtg-SRM,None,,,Each
NE-HVAC-Unitary-addSRM,SCn,Ex,CZ09,cDXGF,0,NE-HV_AirDist-SupFanMtr-cDXGF-2SpClgHtg-Cnst,None,NE-HV_AirDist-SupFanMtr-cDXGF-2SpClgHtg-VFDStdMtr,None,NE-HV_AirDist-SupFanMtr-cDXGF-2SpClgHtg-SRM,None,,,Each
NE-HVAC-Unitary-addSRM,SCn,Ex,CZ08,cDXGF,0,NE-HV_AirDist-SupFanMtr-cDXGF-2SpClgHtg-Cnst,None,NE-HV_AirDist-SupFanMtr-cDXGF-2SpClgHtg-VFDStdMtr,None,NE-HV_AirDist-SupFanMtr-cDXGF-2SpClgHtg-SRM,None,,,Each
NE-HVAC-Unitary-addSRM,SCn,Ex,CZ07,cDXGF,0,NE-HV_AirDist-SupFanMtr-cDXGF-2SpClgHtg-Cnst,None,NE-HV_AirDist-SupFanMtr-cDXGF-2SpClgHtg-VFDStdMtr,None,NE-HV_AirDist-SupFanMtr-cDXGF-2SpClgHtg-SRM,None,,,Each
NE-HVAC-Unitary-addSRM,SCn,Ex,CZ06,cDXGF,0,NE-HV_AirDist-SupFanMtr-cDXGF-2SpClgHtg-Cnst,None,NE-HV_AirDist-SupFanMtr-cDXGF-2SpClgHtg-VFDStdMtr,None,NE-HV_AirDist-SupFanMtr-cDXGF-2SpClgHtg-SRM,None,,,Each
NE-HVAC-Unitary-addSRM,SCn,Ex,CZ05,cDXGF,0,NE-HV_AirDist-SupFanMtr-cDXGF-2SpClgHtg-Cnst,None,NE-HV_AirDist-SupFanMtr-cDXGF-2SpClgHtg-VFDStdMtr,None,NE-HV_AirDist-SupFanMtr-cDXGF-2SpClgHtg-SRM,None,,,Each
NE-HVAC-Unitary-addSRM,SCn,Ex,CZ04,cDXGF,0,NE-HV_AirDist-SupFanMtr-cDXGF-2SpClgHtg-Cnst,None,NE-HV_AirDist-SupFanMtr-cDXGF-2SpClgHtg-VFDStdMtr,None,NE-HV_AirDist-SupFanMtr-cDXGF-2SpClgHtg-SRM,None,,,Each
NE-HVAC-Unitary-addSRM,SCn,Ex,CZ03,cDXGF,0,NE-HV_AirDist-SupFanMtr-cDXGF-2SpClgHtg-Cnst,None,NE-HV_AirDist-SupFanMtr-cDXGF-2SpClgHtg-VFDStdMtr,None,NE-HV_AirDist-SupFanMtr-cDXGF-2SpClgHtg-SRM,None,,,Each
NE-HVAC-Unitary-addSRM,SCn,Ex,CZ02,cDXGF,0,NE-HV_AirDist-SupFanMtr-cDXGF-2SpClgHtg-Cnst,None,NE-HV_AirDist-SupFanMtr-cDXGF-2SpClgHtg-VFDStdMtr,None,NE-HV_AirDist-SupFanMtr-cDXGF-2SpClgHtg-SRM,None,,,Each
NE-HVAC-Unitary-addSRM,SCn,Ex,CZ01,cDXGF,0,NE-HV_AirDist-SupFanMtr-cDXGF-2SpClgHtg-Cnst,None,NE-HV_AirDist-SupFanMtr-cDXGF-2SpClgHtg-VFDStdMtr,None,NE-HV_AirDist-SupFanMtr-cDXGF-2SpClgHtg-SRM,None,,,Each
NE-HVAC-Unitary-addSRM,RtS,Ex,CZ16,cDXOH,0,NE-HV_AirDist-SupFanMtr-cDXOH-2SpClgHtg-Cnst,None,NE-HV_AirDist-SupFanMtr-cDXOH-2SpClgHtg-VFDStdMtr,None,NE-HV_AirDist-SupFanMtr-cDXOH-2SpClgHtg-SRM,None,,,Each
NE-HVAC-Unitary-addSRM,RtS,Ex,CZ15,cDXOH,0,NE-HV_AirDist-SupFanMtr-cDXOH-2SpClgHtg-Cnst,None,NE-HV_AirDist-SupFanMtr-cDXOH-2SpClgHtg-VFDStdMtr,None,NE-HV_AirDist-SupFanMtr-cDXOH-2SpClgHtg-SRM,None,,,Each
NE-HVAC-Unitary-addSRM,RtS,Ex,CZ14,cDXOH,0,NE-HV_AirDist-SupFanMtr-cDXOH-2SpClgHtg-Cnst,None,NE-HV_AirDist-SupFanMtr-cDXOH-2SpClgHtg-VFDStdMtr,None,NE-HV_AirDist-SupFanMtr-cDXOH-2SpClgHtg-SRM,None,,,Each
NE-HVAC-Unitary-addSRM,RtS,Ex,CZ13,cDXOH,0,NE-HV_AirDist-SupFanMtr-cDXOH-2SpClgHtg-Cnst,None,NE-HV_AirDist-SupFanMtr-cDXOH-2SpClgHtg-VFDStdMtr,None,NE-HV_AirDist-SupFanMtr-cDXOH-2SpClgHtg-SRM,None,,,Each
NE-HVAC-Unitary-addSRM,RtS,Ex,CZ12,cDXOH,0,NE-HV_AirDist-SupFanMtr-cDXOH-2SpClgHtg-Cnst,None,NE-HV_AirDist-SupFanMtr-cDXOH-2SpClgHtg-VFDStdMtr,None,NE-HV_AirDist-SupFanMtr-cDXOH-2SpClgHtg-SRM,None,,,Each
NE-HVAC-Unitary-addSRM,RtS,Ex,CZ11,cDXOH,0,NE-HV_AirDist-SupFanMtr-cDXOH-2SpClgHtg-Cnst,None,NE-HV_AirDist-SupFanMtr-cDXOH-2SpClgHtg-VFDStdMtr,None,NE-HV_AirDist-SupFanMtr-cDXOH-2SpClgHtg-SRM,None,,,Each
NE-HVAC-Unitary-addSRM,RtS,Ex,CZ10,cDXOH,0,NE-HV_AirDist-SupFanMtr-cDXOH-2SpClgHtg-Cnst,None,NE-HV_AirDist-SupFanMtr-cDXOH-2SpClgHtg-VFDStdMtr,None,NE-HV_AirDist-SupFanMtr-cDXOH-2SpClgHtg-SRM,None,,,Each
NE-HVAC-Unitary-addSRM,RtS,Ex,CZ09,cDXOH,0,NE-HV_AirDist-SupFanMtr-cDXOH-2SpClgHtg-Cnst,None,NE-HV_AirDist-SupFanMtr-cDXOH-2SpClgHtg-VFDStdMtr,None,NE-HV_AirDist-SupFanMtr-cDXOH-2SpClgHtg-SRM,None,,,Each
NE-HVAC-Unitary-addSRM,RtS,Ex,CZ08,cDXOH,0,NE-HV_AirDist-SupFanMtr-cDXOH-2SpClgHtg-Cnst,None,NE-HV_AirDist-SupFanMtr-cDXOH-2SpClgHtg-VFDStdMtr,None,NE-HV_AirDist-SupFanMtr-cDXOH-2SpClgHtg-SRM,None,,,Each
NE-HVAC-Unitary-addSRM,RtS,Ex,CZ07,cDXOH,0,NE-HV_AirDist-SupFanMtr-cDXOH-2SpClgHtg-Cnst,None,NE-HV_AirDist-SupFanMtr-cDXOH-2SpClgHtg-VFDStdMtr,None,NE-HV_AirDist-SupFanMtr-cDXOH-2SpClgHtg-SRM,None,,,Each
NE-HVAC-Unitary-addSRM,RtS,Ex,CZ06,cDXOH,0,NE-HV_AirDist-SupFanMtr-cDXOH-2SpClgHtg-Cnst,None,NE-HV_AirDist-SupFanMtr-cDXOH-2SpClgHtg-VFDStdMtr,None,NE-HV_AirDist-SupFanMtr-cDXOH-2SpClgHtg-SRM,None,,,Each
NE-HVAC-Unitary-addSRM,RtS,Ex,CZ05,cDXOH,0,NE-HV_AirDist-SupFanMtr-cDXOH-2SpClgHtg-Cnst,None,NE-HV_AirDist-SupFanMtr-cDXOH-2SpClgHtg-VFDStdMtr,None,NE-HV_AirDist-SupFanMtr-cDXOH-2SpClgHtg-SRM,None,,,Each
NE-HVAC-Unitary-addSRM,RtS,Ex,CZ04,cDXOH,0,NE-HV_AirDist-SupFanMtr-cDXOH-2SpClgHtg-Cnst,None,NE-HV_AirDist-SupFanMtr-cDXOH-2SpClgHtg-VFDStdMtr,None,NE-HV_AirDist-SupFanMtr-cDXOH-2SpClgHtg-SRM,None,,,Each
NE-HVAC-Unitary-addSRM,RtS,Ex,CZ03,cDXOH,0,NE-HV_AirDist-SupFanMtr-cDXOH-2SpClgHtg-Cnst,None,NE-HV_AirDist-SupFanMtr-cDXOH-2SpClgHtg-VFDStdMtr,None,NE-HV_AirDist-SupFanMtr-cDXOH-2SpClgHtg-SRM,None,,,Each
NE-HVAC-Unitary-addSRM,RtS,Ex,CZ02,cDXOH,0,NE-HV_AirDist-SupFanMtr-cDXOH-2SpClgHtg-Cnst,None,NE-HV_AirDist-SupFanMtr-cDXOH-2SpClgHtg-VFDStdMtr,None,NE-HV_AirDist-SupFanMtr-cDXOH-2SpClgHtg-SRM,None,,,Each
NE-HVAC-Unitary-addSRM,RtS,Ex,CZ01,cDXOH,0,NE-HV_AirDist-SupFanMtr-cDXOH-2SpClgHtg-Cnst,None,NE-HV_AirDist-SupFanMtr-cDXOH-2SpClgHtg-VFDStdMtr,None,NE-HV_AirDist-SupFanMtr-cDXOH-2SpClgHtg-SRM,None,,,Each
NE-HVAC-Unitary-addSRM,RtS,Ex,CZ16,cDXHP,0,NE-HV_AirDist-SupFanMtr-cDXHP-2SpClgHtg-Cnst,None,NE-HV_AirDist-SupFanMtr-cDXHP-2SpClgHtg-VFDStdMtr,None,NE-HV_AirDist-SupFanMtr-cDXHP-2SpClgHtg-SRM,None,,,Each
NE-HVAC-Unitary-addSRM,RtS,Ex,CZ15,cDXHP,0,NE-HV_AirDist-SupFanMtr-cDXHP-2SpClgHtg-Cnst,None,NE-HV_AirDist-SupFanMtr-cDXHP-2SpClgHtg-VFDStdMtr,None,NE-HV_AirDist-SupFanMtr-cDXHP-2SpClgHtg-SRM,None,,,Each
NE-HVAC-Unitary-addSRM,RtS,Ex,CZ14,cDXHP,0,NE-HV_AirDist-SupFanMtr-cDXHP-2SpClgHtg-Cnst,None,NE-HV_AirDist-SupFanMtr-cDXHP-2SpClgHtg-VFDStdMtr,None,NE-HV_AirDist-SupFanMtr-cDXHP-2SpClgHtg-SRM,None,,,Each
NE-HVAC-Unitary-addSRM,RtS,Ex,CZ13,cDXHP,0,NE-HV_AirDist-SupFanMtr-cDXHP-2SpClgHtg-Cnst,None,NE-HV_AirDist-SupFanMtr-cDXHP-2SpClgHtg-VFDStdMtr,None,NE-HV_AirDist-SupFanMtr-cDXHP-2SpClgHtg-SRM,None,,,Each
NE-HVAC-Unitary-addSRM,RtS,Ex,CZ12,cDXHP,0,NE-HV_AirDist-SupFanMtr-cDXHP-2SpClgHtg-Cnst,None,NE-HV_AirDist-SupFanMtr-cDXHP-2SpClgHtg-VFDStdMtr,None,NE-HV_AirDist-SupFanMtr-cDXHP-2SpClgHtg-SRM,None,,,Each
NE-HVAC-Unitary-addSRM,RtS,Ex,CZ11,cDXHP,0,NE-HV_AirDist-SupFanMtr-cDXHP-2SpClgHtg-Cnst,None,NE-HV_AirDist-SupFanMtr-cDXHP-2SpClgHtg-VFDStdMtr,None,NE-HV_AirDist-SupFanMtr-cDXHP-2SpClgHtg-SRM,None,,,Each
NE-HVAC-Unitary-addSRM,RtS,Ex,CZ10,cDXHP,0,NE-HV_AirDist-SupFanMtr-cDXHP-2SpClgHtg-Cnst,None,NE-HV_AirDist-SupFanMtr-cDXHP-2SpClgHtg-VFDStdMtr,None,NE-HV_AirDist-SupFanMtr-cDXHP-2SpClgHtg-SRM,None,,,Each
NE-HVAC-Unitary-addSRM,RtS,Ex,CZ09,cDXHP,0,NE-HV_AirDist-SupFanMtr-cDXHP-2SpClgHtg-Cnst,None,NE-HV_AirDist-SupFanMtr-cDXHP-2SpClgHtg-VFDStdMtr,None,NE-HV_AirDist-SupFanMtr-cDXHP-2SpClgHtg-SRM,None,,,Each
NE-HVAC-Unitary-addSRM,RtS,Ex,CZ08,cDXHP,0,NE-HV_AirDist-SupFanMtr-cDXHP-2SpClgHtg-Cnst,None,NE-HV_AirDist-SupFanMtr-cDXHP-2SpClgHtg-VFDStdMtr,None,NE-HV_AirDist-SupFanMtr-cDXHP-2SpClgHtg-SRM,None,,,Each
NE-HVAC-Unitary-addSRM,RtS,Ex,CZ07,cDXHP,0,NE-HV_AirDist-SupFanMtr-cDXHP-2SpClgHtg-Cnst,None,NE-HV_AirDist-SupFanMtr-cDXHP-2SpClgHtg-VFDStdMtr,None,NE-HV_AirDist-SupFanMtr-cDXHP-2SpClgHtg-SRM,None,,,Each
NE-HVAC-Unitary-addSRM,RtS,Ex,CZ06,cDXHP,0,NE-HV_AirDist-SupFanMtr-cDXHP-2SpClgHtg-Cnst,None,NE-HV_AirDist-SupFanMtr-cDXHP-2SpClgHtg-VFDStdMtr,None,NE-HV_AirDist-SupFanMtr-cDXHP-2SpClgHtg-SRM,None,,,Each
NE-HVAC-Unitary-addSRM,RtS,Ex,CZ05,cDXHP,0,NE-HV_AirDist-SupFanMtr-cDXHP-2SpClgHtg-Cnst,None,NE-HV_AirDist-SupFanMtr-cDXHP-2SpClgHtg-VFDStdMtr,None,NE-HV_AirDist-SupFanMtr-cDXHP-2SpClgHtg-SRM,None,,,Each
NE-HVAC-Unitary-addSRM,RtS,Ex,CZ04,cDXHP,0,NE-HV_AirDist-SupFanMtr-cDXHP-2SpClgHtg-Cnst,None,NE-HV_AirDist-SupFanMtr-cDXHP-2SpClgHtg-VFDStdMtr,None,NE-HV_AirDist-SupFanMtr-cDXHP-2SpClgHtg-SRM,None,,,Each
NE-HVAC-Unitary-addSRM,RtS,Ex,CZ03,cDXHP,0,NE-HV_AirDist-SupFanMtr-cDXHP-2SpClgHtg-Cnst,None,NE-HV_AirDist-SupFanMtr-cDXHP-2SpClgHtg-VFDStdMtr,None,NE-HV_AirDist-SupFanMtr-cDXHP-2SpClgHtg-SRM,None,,,Each
NE-HVAC-Unitary-addSRM,RtS,Ex,CZ02,cDXHP,0,NE-HV_AirDist-SupFanMtr-cDXHP-2SpClgHtg-Cnst,None,NE-HV_AirDist-SupFanMtr-cDXHP-2SpClgHtg-VFDStdMtr,None,NE-HV_AirDist-SupFanMtr-cDXHP-2SpClgHtg-SRM,None,,,Each
NE-HVAC-Unitary-addSRM,RtS,Ex,CZ01,cDXHP,0,NE-HV_AirDist-SupFanMtr-cDXHP-2SpClgHtg-Cnst,None,NE-HV_AirDist-SupFanMtr-cDXHP-2SpClgHtg-VFDStdMtr,None,NE-HV_AirDist-SupFanMtr-cDXHP-2SpClgHtg-SRM,None,,,Each
NE-HVAC-Unitary-addSRM,RtS,Ex,CZ16,cDXGF,0,NE-HV_AirDist-SupFanMtr-cDXGF-2SpClgHtg-Cnst,None,NE-HV_AirDist-SupFanMtr-cDXGF-2SpClgHtg-VFDStdMtr,None,NE-HV_AirDist-SupFanMtr-cDXGF-2SpClgHtg-SRM,None,,,Each
NE-HVAC-Unitary-addSRM,RtS,Ex,CZ15,cDXGF,0,NE-HV_AirDist-SupFanMtr-cDXGF-2SpClgHtg-Cnst,None,NE-HV_AirDist-SupFanMtr-cDXGF-2SpClgHtg-VFDStdMtr,None,NE-HV_AirDist-SupFanMtr-cDXGF-2SpClgHtg-SRM,None,,,Each
NE-HVAC-Unitary-addSRM,RtS,Ex,CZ14,cDXGF,0,NE-HV_AirDist-SupFanMtr-cDXGF-2SpClgHtg-Cnst,None,NE-HV_AirDist-SupFanMtr-cDXGF-2SpClgHtg-VFDStdMtr,None,NE-HV_AirDist-SupFanMtr-cDXGF-2SpClgHtg-SRM,None,,,Each
NE-HVAC-Unitary-addSRM,RtS,Ex,CZ13,cDXGF,0,NE-HV_AirDist-SupFanMtr-cDXGF-2SpClgHtg-Cnst,None,NE-HV_AirDist-SupFanMtr-cDXGF-2SpClgHtg-VFDStdMtr,None,NE-HV_AirDist-SupFanMtr-cDXGF-2SpClgHtg-SRM,None,,,Each
NE-HVAC-Unitary-addSRM,RtS,Ex,CZ12,cDXGF,0,NE-HV_AirDist-SupFanMtr-cDXGF-2SpClgHtg-Cnst,None,NE-HV_AirDist-SupFanMtr-cDXGF-2SpClgHtg-VFDStdMtr,None,NE-HV_AirDist-SupFanMtr-cDXGF-2SpClgHtg-SRM,None,,,Each
NE-HVAC-Unitary-addSRM,RtS,Ex,CZ11,cDXGF,0,NE-HV_AirDist-SupFanMtr-cDXGF-2SpClgHtg-Cnst,None,NE-HV_AirDist-SupFanMtr-cDXGF-2SpClgHtg-VFDStdMtr,None,NE-HV_AirDist-SupFanMtr-cDXGF-2SpClgHtg-SRM,None,,,Each
NE-HVAC-Unitary-addSRM,RtS,Ex,CZ10,cDXGF,0,NE-HV_AirDist-SupFanMtr-cDXGF-2SpClgHtg-Cnst,None,NE-HV_AirDist-SupFanMtr-cDXGF-2SpClgHtg-VFDStdMtr,None,NE-HV_AirDist-SupFanMtr-cDXGF-2SpClgHtg-SRM,None,,,Each
NE-HVAC-Unitary-addSRM,RtS,Ex,CZ09,cDXGF,0,NE-HV_AirDist-SupFanMtr-cDXGF-2SpClgHtg-Cnst,None,NE-HV_AirDist-SupFanMtr-cDXGF-2SpClgHtg-VFDStdMtr,None,NE-HV_AirDist-SupFanMtr-cDXGF-2SpClgHtg-SRM,None,,,Each
NE-HVAC-Unitary-addSRM,RtS,Ex,CZ08,cDXGF,0,NE-HV_AirDist-SupFanMtr-cDXGF-2SpClgHtg-Cnst,None,NE-HV_AirDist-SupFanMtr-cDXGF-2SpClgHtg-VFDStdMtr,None,NE-HV_AirDist-SupFanMtr-cDXGF-2SpClgHtg-SRM,None,,,Each
NE-HVAC-Unitary-addSRM,RtS,Ex,CZ07,cDXGF,0,NE-HV_AirDist-SupFanMtr-cDXGF-2SpClgHtg-Cnst,None,NE-HV_AirDist-SupFanMtr-cDXGF-2SpClgHtg-VFDStdMtr,None,NE-HV_AirDist-SupFanMtr-cDXGF-2SpClgHtg-SRM,None,,,Each
NE-HVAC-Unitary-addSRM,RtS,Ex,CZ06,cDXGF,0,NE-HV_AirDist-SupFanMtr-cDXGF-2SpClgHtg-Cnst,None,NE-HV_AirDist-SupFanMtr-cDXGF-2SpClgHtg-VFDStdMtr,None,NE-HV_AirDist-SupFanMtr-cDXGF-2SpClgHtg-SRM,None,,,Each
NE-HVAC-Unitary-addSRM,RtS,Ex,CZ05,cDXGF,0,NE-HV_AirDist-SupFanMtr-cDXGF-2SpClgHtg-Cnst,None,NE-HV_AirDist-SupFanMtr-cDXGF-2SpClgHtg-VFDStdMtr,None,NE-HV_AirDist-SupFanMtr-cDXGF-2SpClgHtg-SRM,None,,,Each
NE-HVAC-Unitary-addSRM,RtS,Ex,CZ04,cDXGF,0,NE-HV_AirDist-SupFanMtr-cDXGF-2SpClgHtg-Cnst,None,NE-HV_AirDist-SupFanMtr-cDXGF-2SpClgHtg-VFDStdMtr,None,NE-HV_AirDist-SupFanMtr-cDXGF-2SpClgHtg-SRM,None,,,Each
NE-HVAC-Unitary-addSRM,RtS,Ex,CZ03,cDXGF,0,NE-HV_AirDist-SupFanMtr-cDXGF-2SpClgHtg-Cnst,None,NE-HV_AirDist-SupFanMtr-cDXGF-2SpClgHtg-VFDStdMtr,None,NE-HV_AirDist-SupFanMtr-cDXGF-2SpClgHtg-SRM,None,,,Each
NE-HVAC-Unitary-addSRM,RtS,Ex,CZ02,cDXGF,0,NE-HV_AirDist-SupFanMtr-cDXGF-2SpClgHtg-Cnst,None,NE-HV_AirDist-SupFanMtr-cDXGF-2SpClgHtg-VFDStdMtr,None,NE-HV_AirDist-SupFanMtr-cDXGF-2SpClgHtg-SRM,None,,,Each
NE-HVAC-Unitary-addSRM,RtS,Ex,CZ01,cDXGF,0,NE-HV_AirDist-SupFanMtr-cDXGF-2SpClgHtg-Cnst,None,NE-HV_AirDist-SupFanMtr-cDXGF-2SpClgHtg-VFDStdMtr,None,NE-HV_AirDist-SupFanMtr-cDXGF-2SpClgHtg-SRM,None,,,Each
NE-HVAC-Unitary-addSRM,RtL,Ex,CZ16,cDXOH,0,NE-HV_AirDist-SupFanMtr-cDXOH-2SpClgHtg-Cnst,None,NE-HV_AirDist-SupFanMtr-cDXOH-2SpClgHtg-VFDStdMtr,None,NE-HV_AirDist-SupFanMtr-cDXOH-2SpClgHtg-SRM,None,,,Each
NE-HVAC-Unitary-addSRM,RtL,Ex,CZ15,cDXOH,0,NE-HV_AirDist-SupFanMtr-cDXOH-2SpClgHtg-Cnst,None,NE-HV_AirDist-SupFanMtr-cDXOH-2SpClgHtg-VFDStdMtr,None,NE-HV_AirDist-SupFanMtr-cDXOH-2SpClgHtg-SRM,None,,,Each
NE-HVAC-Unitary-addSRM,RtL,Ex,CZ14,cDXOH,0,NE-HV_AirDist-SupFanMtr-cDXOH-2SpClgHtg-Cnst,None,NE-HV_AirDist-SupFanMtr-cDXOH-2SpClgHtg-VFDStdMtr,None,NE-HV_AirDist-SupFanMtr-cDXOH-2SpClgHtg-SRM,None,,,Each
NE-HVAC-Unitary-addSRM,RtL,Ex,CZ13,cDXOH,0,NE-HV_AirDist-SupFanMtr-cDXOH-2SpClgHtg-Cnst,None,NE-HV_AirDist-SupFanMtr-cDXOH-2SpClgHtg-VFDStdMtr,None,NE-HV_AirDist-SupFanMtr-cDXOH-2SpClgHtg-SRM,None,,,Each
NE-HVAC-Unitary-addSRM,RtL,Ex,CZ12,cDXOH,0,NE-HV_AirDist-SupFanMtr-cDXOH-2SpClgHtg-Cnst,None,NE-HV_AirDist-SupFanMtr-cDXOH-2SpClgHtg-VFDStdMtr,None,NE-HV_AirDist-SupFanMtr-cDXOH-2SpClgHtg-SRM,None,,,Each
NE-HVAC-Unitary-addSRM,RtL,Ex,CZ11,cDXOH,0,NE-HV_AirDist-SupFanMtr-cDXOH-2SpClgHtg-Cnst,None,NE-HV_AirDist-SupFanMtr-cDXOH-2SpClgHtg-VFDStdMtr,None,NE-HV_AirDist-SupFanMtr-cDXOH-2SpClgHtg-SRM,None,,,Each
NE-HVAC-Unitary-addSRM,RtL,Ex,CZ10,cDXOH,0,NE-HV_AirDist-SupFanMtr-cDXOH-2SpClgHtg-Cnst,None,NE-HV_AirDist-SupFanMtr-cDXOH-2SpClgHtg-VFDStdMtr,None,NE-HV_AirDist-SupFanMtr-cDXOH-2SpClgHtg-SRM,None,,,Each
NE-HVAC-Unitary-addSRM,RtL,Ex,CZ09,cDXOH,0,NE-HV_AirDist-SupFanMtr-cDXOH-2SpClgHtg-Cnst,None,NE-HV_AirDist-SupFanMtr-cDXOH-2SpClgHtg-VFDStdMtr,None,NE-HV_AirDist-SupFanMtr-cDXOH-2SpClgHtg-SRM,None,,,Each
NE-HVAC-Unitary-addSRM,RtL,Ex,CZ08,cDXOH,0,NE-HV_AirDist-SupFanMtr-cDXOH-2SpClgHtg-Cnst,None,NE-HV_AirDist-SupFanMtr-cDXOH-2SpClgHtg-VFDStdMtr,None,NE-HV_AirDist-SupFanMtr-cDXOH-2SpClgHtg-SRM,None,,,Each
NE-HVAC-Unitary-addSRM,RtL,Ex,CZ07,cDXOH,0,NE-HV_AirDist-SupFanMtr-cDXOH-2SpClgHtg-Cnst,None,NE-HV_AirDist-SupFanMtr-cDXOH-2SpClgHtg-VFDStdMtr,None,NE-HV_AirDist-SupFanMtr-cDXOH-2SpClgHtg-SRM,None,,,Each
NE-HVAC-Unitary-addSRM,RtL,Ex,CZ06,cDXOH,0,NE-HV_AirDist-SupFanMtr-cDXOH-2SpClgHtg-Cnst,None,NE-HV_AirDist-SupFanMtr-cDXOH-2SpClgHtg-VFDStdMtr,None,NE-HV_AirDist-SupFanMtr-cDXOH-2SpClgHtg-SRM,None,,,Each
NE-HVAC-Unitary-addSRM,RtL,Ex,CZ05,cDXOH,0,NE-HV_AirDist-SupFanMtr-cDXOH-2SpClgHtg-Cnst,None,NE-HV_AirDist-SupFanMtr-cDXOH-2SpClgHtg-VFDStdMtr,None,NE-HV_AirDist-SupFanMtr-cDXOH-2SpClgHtg-SRM,None,,,Each
NE-HVAC-Unitary-addSRM,RtL,Ex,CZ04,cDXOH,0,NE-HV_AirDist-SupFanMtr-cDXOH-2SpClgHtg-Cnst,None,NE-HV_AirDist-SupFanMtr-cDXOH-2SpClgHtg-VFDStdMtr,None,NE-HV_AirDist-SupFanMtr-cDXOH-2SpClgHtg-SRM,None,,,Each
NE-HVAC-Unitary-addSRM,RtL,Ex,CZ03,cDXOH,0,NE-HV_AirDist-SupFanMtr-cDXOH-2SpClgHtg-Cnst,None,NE-HV_AirDist-SupFanMtr-cDXOH-2SpClgHtg-VFDStdMtr,None,NE-HV_AirDist-SupFanMtr-cDXOH-2SpClgHtg-SRM,None,,,Each
NE-HVAC-Unitary-addSRM,RtL,Ex,CZ02,cDXOH,0,NE-HV_AirDist-SupFanMtr-cDXOH-2SpClgHtg-Cnst,None,NE-HV_AirDist-SupFanMtr-cDXOH-2SpClgHtg-VFDStdMtr,None,NE-HV_AirDist-SupFanMtr-cDXOH-2SpClgHtg-SRM,None,,,Each
NE-HVAC-Unitary-addSRM,RtL,Ex,CZ01,cDXOH,0,NE-HV_AirDist-SupFanMtr-cDXOH-2SpClgHtg-Cnst,None,NE-HV_AirDist-SupFanMtr-cDXOH-2SpClgHtg-VFDStdMtr,None,NE-HV_AirDist-SupFanMtr-cDXOH-2SpClgHtg-SRM,None,,,Each
NE-HVAC-Unitary-addSRM,RtL,Ex,CZ16,cDXHP,0,NE-HV_AirDist-SupFanMtr-cDXHP-2SpClgHtg-Cnst,None,NE-HV_AirDist-SupFanMtr-cDXHP-2SpClgHtg-VFDStdMtr,None,NE-HV_AirDist-SupFanMtr-cDXHP-2SpClgHtg-SRM,None,,,Each
NE-HVAC-Unitary-addSRM,RtL,Ex,CZ15,cDXHP,0,NE-HV_AirDist-SupFanMtr-cDXHP-2SpClgHtg-Cnst,None,NE-HV_AirDist-SupFanMtr-cDXHP-2SpClgHtg-VFDStdMtr,None,NE-HV_AirDist-SupFanMtr-cDXHP-2SpClgHtg-SRM,None,,,Each
NE-HVAC-Unitary-addSRM,RtL,Ex,CZ14,cDXHP,0,NE-HV_AirDist-SupFanMtr-cDXHP-2SpClgHtg-Cnst,None,NE-HV_AirDist-SupFanMtr-cDXHP-2SpClgHtg-VFDStdMtr,None,NE-HV_AirDist-SupFanMtr-cDXHP-2SpClgHtg-SRM,None,,,Each
NE-HVAC-Unitary-addSRM,RtL,Ex,CZ13,cDXHP,0,NE-HV_AirDist-SupFanMtr-cDXHP-2SpClgHtg-Cnst,None,NE-HV_AirDist-SupFanMtr-cDXHP-2SpClgHtg-VFDStdMtr,None,NE-HV_AirDist-SupFanMtr-cDXHP-2SpClgHtg-SRM,None,,,Each
NE-HVAC-Unitary-addSRM,RtL,Ex,CZ12,cDXHP,0,NE-HV_AirDist-SupFanMtr-cDXHP-2SpClgHtg-Cnst,None,NE-HV_AirDist-SupFanMtr-cDXHP-2SpClgHtg-VFDStdMtr,None,NE-HV_AirDist-SupFanMtr-cDXHP-2SpClgHtg-SRM,None,,,Each
NE-HVAC-Unitary-addSRM,RtL,Ex,CZ11,cDXHP,0,NE-HV_AirDist-SupFanMtr-cDXHP-2SpClgHtg-Cnst,None,NE-HV_AirDist-SupFanMtr-cDXHP-2SpClgHtg-VFDStdMtr,None,NE-HV_AirDist-SupFanMtr-cDXHP-2SpClgHtg-SRM,None,,,Each
NE-HVAC-Unitary-addSRM,RtL,Ex,CZ10,cDXHP,0,NE-HV_AirDist-SupFanMtr-cDXHP-2SpClgHtg-Cnst,None,NE-HV_AirDist-SupFanMtr-cDXHP-2SpClgHtg-VFDStdMtr,None,NE-HV_AirDist-SupFanMtr-cDXHP-2SpClgHtg-SRM,None,,,Each
NE-HVAC-Unitary-addSRM,RtL,Ex,CZ09,cDXHP,0,NE-HV_AirDist-SupFanMtr-cDXHP-2SpClgHtg-Cnst,None,NE-HV_AirDist-SupFanMtr-cDXHP-2SpClgHtg-VFDStdMtr,None,NE-HV_AirDist-SupFanMtr-cDXHP-2SpClgHtg-SRM,None,,,Each
NE-HVAC-Unitary-addSRM,RtL,Ex,CZ08,cDXHP,0,NE-HV_AirDist-SupFanMtr-cDXHP-2SpClgHtg-Cnst,None,NE-HV_AirDist-SupFanMtr-cDXHP-2SpClgHtg-VFDStdMtr,None,NE-HV_AirDist-SupFanMtr-cDXHP-2SpClgHtg-SRM,None,,,Each
NE-HVAC-Unitary-addSRM,RtL,Ex,CZ07,cDXHP,0,NE-HV_AirDist-SupFanMtr-cDXHP-2SpClgHtg-Cnst,None,NE-HV_AirDist-SupFanMtr-cDXHP-2SpClgHtg-VFDStdMtr,None,NE-HV_AirDist-SupFanMtr-cDXHP-2SpClgHtg-SRM,None,,,Each
NE-HVAC-Unitary-addSRM,RtL,Ex,CZ06,cDXHP,0,NE-HV_AirDist-SupFanMtr-cDXHP-2SpClgHtg-Cnst,None,NE-HV_AirDist-SupFanMtr-cDXHP-2SpClgHtg-VFDStdMtr,None,NE-HV_AirDist-SupFanMtr-cDXHP-2SpClgHtg-SRM,None,,,Each
NE-HVAC-Unitary-addSRM,RtL,Ex,CZ05,cDXHP,0,NE-HV_AirDist-SupFanMtr-cDXHP-2SpClgHtg-Cnst,None,NE-HV_AirDist-SupFanMtr-cDXHP-2SpClgHtg-VFDStdMtr,None,NE-HV_AirDist-SupFanMtr-cDXHP-2SpClgHtg-SRM,None,,,Each
NE-HVAC-Unitary-addSRM,RtL,Ex,CZ04,cDXHP,0,NE-HV_AirDist-SupFanMtr-cDXHP-2SpClgHtg-Cnst,None,NE-HV_AirDist-SupFanMtr-cDXHP-2SpClgHtg-VFDStdMtr,None,NE-HV_AirDist-SupFanMtr-cDXHP-2SpClgHtg-SRM,None,,,Each
NE-HVAC-Unitary-addSRM,RtL,Ex,CZ03,cDXHP,0,NE-HV_AirDist-SupFanMtr-cDXHP-2SpClgHtg-Cnst,None,NE-HV_AirDist-SupFanMtr-cDXHP-2SpClgHtg-VFDStdMtr,None,NE-HV_AirDist-SupFanMtr-cDXHP-2SpClgHtg-SRM,None,,,Each
NE-HVAC-Unitary-addSRM,RtL,Ex,CZ02,cDXHP,0,NE-HV_AirDist-SupFanMtr-cDXHP-2SpClgHtg-Cnst,None,NE-HV_AirDist-SupFanMtr-cDXHP-2SpClgHtg-VFDStdMtr,None,NE-HV_AirDist-SupFanMtr-cDXHP-2SpClgHtg-SRM,None,,,Each
NE-HVAC-Unitary-addSRM,RtL,Ex,CZ01,cDXHP,0,NE-HV_AirDist-SupFanMtr-cDXHP-2SpClgHtg-Cnst,None,NE-HV_AirDist-SupFanMtr-cDXHP-2SpClgHtg-VFDStdMtr,None,NE-HV_AirDist-SupFanMtr-cDXHP-2SpClgHtg-SRM,None,,,Each
NE-HVAC-Unitary-addSRM,RtL,Ex,CZ16,cDXGF,0,NE-HV_AirDist-SupFanMtr-cDXGF-2SpClgHtg-Cnst,None,NE-HV_AirDist-SupFanMtr-cDXGF-2SpClgHtg-VFDStdMtr,None,NE-HV_AirDist-SupFanMtr-cDXGF-2SpClgHtg-SRM,None,,,Each
NE-HVAC-Unitary-addSRM,RtL,Ex,CZ15,cDXGF,0,NE-HV_AirDist-SupFanMtr-cDXGF-2SpClgHtg-Cnst,None,NE-HV_AirDist-SupFanMtr-cDXGF-2SpClgHtg-VFDStdMtr,None,NE-HV_AirDist-SupFanMtr-cDXGF-2SpClgHtg-SRM,None,,,Each
NE-HVAC-Unitary-addSRM,RtL,Ex,CZ14,cDXGF,0,NE-HV_AirDist-SupFanMtr-cDXGF-2SpClgHtg-Cnst,None,NE-HV_AirDist-SupFanMtr-cDXGF-2SpClgHtg-VFDStdMtr,None,NE-HV_AirDist-SupFanMtr-cDXGF-2SpClgHtg-SRM,None,,,Each
NE-HVAC-Unitary-addSRM,RtL,Ex,CZ13,cDXGF,0,NE-HV_AirDist-SupFanMtr-cDXGF-2SpClgHtg-Cnst,None,NE-HV_AirDist-SupFanMtr-cDXGF-2SpClgHtg-VFDStdMtr,None,NE-HV_AirDist-SupFanMtr-cDXGF-2SpClgHtg-SRM,None,,,Each
NE-HVAC-Unitary-addSRM,RtL,Ex,CZ12,cDXGF,0,NE-HV_AirDist-SupFanMtr-cDXGF-2SpClgHtg-Cnst,None,NE-HV_AirDist-SupFanMtr-cDXGF-2SpClgHtg-VFDStdMtr,None,NE-HV_AirDist-SupFanMtr-cDXGF-2SpClgHtg-SRM,None,,,Each
NE-HVAC-Unitary-addSRM,RtL,Ex,CZ11,cDXGF,0,NE-HV_AirDist-SupFanMtr-cDXGF-2SpClgHtg-Cnst,None,NE-HV_AirDist-SupFanMtr-cDXGF-2SpClgHtg-VFDStdMtr,None,NE-HV_AirDist-SupFanMtr-cDXGF-2SpClgHtg-SRM,None,,,Each
NE-HVAC-Unitary-addSRM,RtL,Ex,CZ10,cDXGF,0,NE-HV_AirDist-SupFanMtr-cDXGF-2SpClgHtg-Cnst,None,NE-HV_AirDist-SupFanMtr-cDXGF-2SpClgHtg-VFDStdMtr,None,NE-HV_AirDist-SupFanMtr-cDXGF-2SpClgHtg-SRM,None,,,Each
NE-HVAC-Unitary-addSRM,RtL,Ex,CZ09,cDXGF,0,NE-HV_AirDist-SupFanMtr-cDXGF-2SpClgHtg-Cnst,None,NE-HV_AirDist-SupFanMtr-cDXGF-2SpClgHtg-VFDStdMtr,None,NE-HV_AirDist-SupFanMtr-cDXGF-2SpClgHtg-SRM,None,,,Each
NE-HVAC-Unitary-addSRM,RtL,Ex,CZ08,cDXGF,0,NE-HV_AirDist-SupFanMtr-cDXGF-2SpClgHtg-Cnst,None,NE-HV_AirDist-SupFanMtr-cDXGF-2SpClgHtg-VFDStdMtr,None,NE-HV_AirDist-SupFanMtr-cDXGF-2SpClgHtg-SRM,None,,,Each
NE-HVAC-Unitary-addSRM,RtL,Ex,CZ07,cDXGF,0,NE-HV_AirDist-SupFanMtr-cDXGF-2SpClgHtg-Cnst,None,NE-HV_AirDist-SupFanMtr-cDXGF-2SpClgHtg-VFDStdMtr,None,NE-HV_AirDist-SupFanMtr-cDXGF-2SpClgHtg-SRM,None,,,Each
NE-HVAC-Unitary-addSRM,RtL,Ex,CZ06,cDXGF,0,NE-HV_AirDist-SupFanMtr-cDXGF-2SpClgHtg-Cnst,None,NE-HV_AirDist-SupFanMtr-cDXGF-2SpClgHtg-VFDStdMtr,None,NE-HV_AirDist-SupFanMtr-cDXGF-2SpClgHtg-SRM,None,,,Each
NE-HVAC-Unitary-addSRM,RtL,Ex,CZ05,cDXGF,0,NE-HV_AirDist-SupFanMtr-cDXGF-2SpClgHtg-Cnst,None,NE-HV_AirDist-SupFanMtr-cDXGF-2SpClgHtg-VFDStdMtr,None,NE-HV_AirDist-SupFanMtr-cDXGF-2SpClgHtg-SRM,None,,,Each
NE-HVAC-Unitary-addSRM,RtL,Ex,CZ04,cDXGF,0,NE-HV_AirDist-SupFanMtr-cDXGF-2SpClgHtg-Cnst,None,NE-HV_AirDist-SupFanMtr-cDXGF-2SpClgHtg-VFDStdMtr,None,NE-HV_AirDist-SupFanMtr-cDXGF-2SpClgHtg-SRM,None,,,Each
NE-HVAC-Unitary-addSRM,RtL,Ex,CZ03,cDXGF,0,NE-HV_AirDist-SupFanMtr-cDXGF-2SpClgHtg-Cnst,None,NE-HV_AirDist-SupFanMtr-cDXGF-2SpClgHtg-VFDStdMtr,None,NE-HV_AirDist-SupFanMtr-cDXGF-2SpClgHtg-SRM,None,,,Each
NE-HVAC-Unitary-addSRM,RtL,Ex,CZ02,cDXGF,0,NE-HV_AirDist-SupFanMtr-cDXGF-2SpClgHtg-Cnst,None,NE-HV_AirDist-SupFanMtr-cDXGF-2SpClgHtg-VFDStdMtr,None,NE-HV_AirDist-SupFanMtr-cDXGF-2SpClgHtg-SRM,None,,,Each
NE-HVAC-Unitary-addSRM,RtL,Ex,CZ01,cDXGF,0,NE-HV_AirDist-SupFanMtr-cDXGF-2SpClgHtg-Cnst,None,NE-HV_AirDist-SupFanMtr-cDXGF-2SpClgHtg-VFDStdMtr,None,NE-HV_AirDist-SupFanMtr-cDXGF-2SpClgHtg-SRM,None,,,Each
NE-HVAC-Unitary-addSRM,Rt3,Ex,CZ16,cDXOH,0,NE-HV_AirDist-SupFanMtr-cDXOH-2SpClgHtg-Cnst,None,NE-HV_AirDist-SupFanMtr-cDXOH-2SpClgHtg-VFDStdMtr,None,NE-HV_AirDist-SupFanMtr-cDXOH-2SpClgHtg-SRM,None,,,Each
NE-HVAC-Unitary-addSRM,Rt3,Ex,CZ15,cDXOH,0,NE-HV_AirDist-SupFanMtr-cDXOH-2SpClgHtg-Cnst,None,NE-HV_AirDist-SupFanMtr-cDXOH-2SpClgHtg-VFDStdMtr,None,NE-HV_AirDist-SupFanMtr-cDXOH-2SpClgHtg-SRM,None,,,Each
NE-HVAC-Unitary-addSRM,Rt3,Ex,CZ14,cDXOH,0,NE-HV_AirDist-SupFanMtr-cDXOH-2SpClgHtg-Cnst,None,NE-HV_AirDist-SupFanMtr-cDXOH-2SpClgHtg-VFDStdMtr,None,NE-HV_AirDist-SupFanMtr-cDXOH-2SpClgHtg-SRM,None,,,Each
NE-HVAC-Unitary-addSRM,Rt3,Ex,CZ13,cDXOH,0,NE-HV_AirDist-SupFanMtr-cDXOH-2SpClgHtg-Cnst,None,NE-HV_AirDist-SupFanMtr-cDXOH-2SpClgHtg-VFDStdMtr,None,NE-HV_AirDist-SupFanMtr-cDXOH-2SpClgHtg-SRM,None,,,Each
NE-HVAC-Unitary-addSRM,Rt3,Ex,CZ12,cDXOH,0,NE-HV_AirDist-SupFanMtr-cDXOH-2SpClgHtg-Cnst,None,NE-HV_AirDist-SupFanMtr-cDXOH-2SpClgHtg-VFDStdMtr,None,NE-HV_AirDist-SupFanMtr-cDXOH-2SpClgHtg-SRM,None,,,Each
NE-HVAC-Unitary-addSRM,Rt3,Ex,CZ11,cDXOH,0,NE-HV_AirDist-SupFanMtr-cDXOH-2SpClgHtg-Cnst,None,NE-HV_AirDist-SupFanMtr-cDXOH-2SpClgHtg-VFDStdMtr,None,NE-HV_AirDist-SupFanMtr-cDXOH-2SpClgHtg-SRM,None,,,Each
NE-HVAC-Unitary-addSRM,Rt3,Ex,CZ10,cDXOH,0,NE-HV_AirDist-SupFanMtr-cDXOH-2SpClgHtg-Cnst,None,NE-HV_AirDist-SupFanMtr-cDXOH-2SpClgHtg-VFDStdMtr,None,NE-HV_AirDist-SupFanMtr-cDXOH-2SpClgHtg-SRM,None,,,Each
NE-HVAC-Unitary-addSRM,Rt3,Ex,CZ09,cDXOH,0,NE-HV_AirDist-SupFanMtr-cDXOH-2SpClgHtg-Cnst,None,NE-HV_AirDist-SupFanMtr-cDXOH-2SpClgHtg-VFDStdMtr,None,NE-HV_AirDist-SupFanMtr-cDXOH-2SpClgHtg-SRM,None,,,Each
NE-HVAC-Unitary-addSRM,Rt3,Ex,CZ08,cDXOH,0,NE-HV_AirDist-SupFanMtr-cDXOH-2SpClgHtg-Cnst,None,NE-HV_AirDist-SupFanMtr-cDXOH-2SpClgHtg-VFDStdMtr,None,NE-HV_AirDist-SupFanMtr-cDXOH-2SpClgHtg-SRM,None,,,Each
NE-HVAC-Unitary-addSRM,Rt3,Ex,CZ07,cDXOH,0,NE-HV_AirDist-SupFanMtr-cDXOH-2SpClgHtg-Cnst,None,NE-HV_AirDist-SupFanMtr-cDXOH-2SpClgHtg-VFDStdMtr,None,NE-HV_AirDist-SupFanMtr-cDXOH-2SpClgHtg-SRM,None,,,Each
NE-HVAC-Unitary-addSRM,Rt3,Ex,CZ06,cDXOH,0,NE-HV_AirDist-SupFanMtr-cDXOH-2SpClgHtg-Cnst,None,NE-HV_AirDist-SupFanMtr-cDXOH-2SpClgHtg-VFDStdMtr,None,NE-HV_AirDist-SupFanMtr-cDXOH-2SpClgHtg-SRM,None,,,Each
NE-HVAC-Unitary-addSRM,Rt3,Ex,CZ05,cDXOH,0,NE-HV_AirDist-SupFanMtr-cDXOH-2SpClgHtg-Cnst,None,NE-HV_AirDist-SupFanMtr-cDXOH-2SpClgHtg-VFDStdMtr,None,NE-HV_AirDist-SupFanMtr-cDXOH-2SpClgHtg-SRM,None,,,Each
NE-HVAC-Unitary-addSRM,Rt3,Ex,CZ04,cDXOH,0,NE-HV_AirDist-SupFanMtr-cDXOH-2SpClgHtg-Cnst,None,NE-HV_AirDist-SupFanMtr-cDXOH-2SpClgHtg-VFDStdMtr,None,NE-HV_AirDist-SupFanMtr-cDXOH-2SpClgHtg-SRM,None,,,Each
NE-HVAC-Unitary-addSRM,Rt3,Ex,CZ03,cDXOH,0,NE-HV_AirDist-SupFanMtr-cDXOH-2SpClgHtg-Cnst,None,NE-HV_AirDist-SupFanMtr-cDXOH-2SpClgHtg-VFDStdMtr,None,NE-HV_AirDist-SupFanMtr-cDXOH-2SpClgHtg-SRM,None,,,Each
NE-HVAC-Unitary-addSRM,Rt3,Ex,CZ02,cDXOH,0,NE-HV_AirDist-SupFanMtr-cDXOH-2SpClgHtg-Cnst,None,NE-HV_AirDist-SupFanMtr-cDXOH-2SpClgHtg-VFDStdMtr,None,NE-HV_AirDist-SupFanMtr-cDXOH-2SpClgHtg-SRM,None,,,Each
NE-HVAC-Unitary-addSRM,Rt3,Ex,CZ01,cDXOH,0,NE-HV_AirDist-SupFanMtr-cDXOH-2SpClgHtg-Cnst,None,NE-HV_AirDist-SupFanMtr-cDXOH-2SpClgHtg-VFDStdMtr,None,NE-HV_AirDist-SupFanMtr-cDXOH-2SpClgHtg-SRM,None,,,Each
NE-HVAC-Unitary-addSRM,Rt3,Ex,CZ16,cDXHP,0,NE-HV_AirDist-SupFanMtr-cDXHP-2SpClgHtg-Cnst,None,NE-HV_AirDist-SupFanMtr-cDXHP-2SpClgHtg-VFDStdMtr,None,NE-HV_AirDist-SupFanMtr-cDXHP-2SpClgHtg-SRM,None,,,Each
NE-HVAC-Unitary-addSRM,Rt3,Ex,CZ15,cDXHP,0,NE-HV_AirDist-SupFanMtr-cDXHP-2SpClgHtg-Cnst,None,NE-HV_AirDist-SupFanMtr-cDXHP-2SpClgHtg-VFDStdMtr,None,NE-HV_AirDist-SupFanMtr-cDXHP-2SpClgHtg-SRM,None,,,Each
NE-HVAC-Unitary-addSRM,Rt3,Ex,CZ14,cDXHP,0,NE-HV_AirDist-SupFanMtr-cDXHP-2SpClgHtg-Cnst,None,NE-HV_AirDist-SupFanMtr-cDXHP-2SpClgHtg-VFDStdMtr,None,NE-HV_AirDist-SupFanMtr-cDXHP-2SpClgHtg-SRM,None,,,Each
NE-HVAC-Unitary-addSRM,Rt3,Ex,CZ13,cDXHP,0,NE-HV_AirDist-SupFanMtr-cDXHP-2SpClgHtg-Cnst,None,NE-HV_AirDist-SupFanMtr-cDXHP-2SpClgHtg-VFDStdMtr,None,NE-HV_AirDist-SupFanMtr-cDXHP-2SpClgHtg-SRM,None,,,Each
NE-HVAC-Unitary-addSRM,Rt3,Ex,CZ12,cDXHP,0,NE-HV_AirDist-SupFanMtr-cDXHP-2SpClgHtg-Cnst,None,NE-HV_AirDist-SupFanMtr-cDXHP-2SpClgHtg-VFDStdMtr,None,NE-HV_AirDist-SupFanMtr-cDXHP-2SpClgHtg-SRM,None,,,Each
NE-HVAC-Unitary-addSRM,Rt3,Ex,CZ11,cDXHP,0,NE-HV_AirDist-SupFanMtr-cDXHP-2SpClgHtg-Cnst,None,NE-HV_AirDist-SupFanMtr-cDXHP-2SpClgHtg-VFDStdMtr,None,NE-HV_AirDist-SupFanMtr-cDXHP-2SpClgHtg-SRM,None,,,Each
NE-HVAC-Unitary-addSRM,Rt3,Ex,CZ10,cDXHP,0,NE-HV_AirDist-SupFanMtr-cDXHP-2SpClgHtg-Cnst,None,NE-HV_AirDist-SupFanMtr-cDXHP-2SpClgHtg-VFDStdMtr,None,NE-HV_AirDist-SupFanMtr-cDXHP-2SpClgHtg-SRM,None,,,Each
NE-HVAC-Unitary-addSRM,Rt3,Ex,CZ09,cDXHP,0,NE-HV_AirDist-SupFanMtr-cDXHP-2SpClgHtg-Cnst,None,NE-HV_AirDist-SupFanMtr-cDXHP-2SpClgHtg-VFDStdMtr,None,NE-HV_AirDist-SupFanMtr-cDXHP-2SpClgHtg-SRM,None,,,Each
NE-HVAC-Unitary-addSRM,Rt3,Ex,CZ08,cDXHP,0,NE-HV_AirDist-SupFanMtr-cDXHP-2SpClgHtg-Cnst,None,NE-HV_AirDist-SupFanMtr-cDXHP-2SpClgHtg-VFDStdMtr,None,NE-HV_AirDist-SupFanMtr-cDXHP-2SpClgHtg-SRM,None,,,Each
NE-HVAC-Unitary-addSRM,Rt3,Ex,CZ07,cDXHP,0,NE-HV_AirDist-SupFanMtr-cDXHP-2SpClgHtg-Cnst,None,NE-HV_AirDist-SupFanMtr-cDXHP-2SpClgHtg-VFDStdMtr,None,NE-HV_AirDist-SupFanMtr-cDXHP-2SpClgHtg-SRM,None,,,Each
NE-HVAC-Unitary-addSRM,Rt3,Ex,CZ06,cDXHP,0,NE-HV_AirDist-SupFanMtr-cDXHP-2SpClgHtg-Cnst,None,NE-HV_AirDist-SupFanMtr-cDXHP-2SpClgHtg-VFDStdMtr,None,NE-HV_AirDist-SupFanMtr-cDXHP-2SpClgHtg-SRM,None,,,Each
NE-HVAC-Unitary-addSRM,Rt3,Ex,CZ05,cDXHP,0,NE-HV_AirDist-SupFanMtr-cDXHP-2SpClgHtg-Cnst,None,NE-HV_AirDist-SupFanMtr-cDXHP-2SpClgHtg-VFDStdMtr,None,NE-HV_AirDist-SupFanMtr-cDXHP-2SpClgHtg-SRM,None,,,Each
NE-HVAC-Unitary-addSRM,Rt3,Ex,CZ04,cDXHP,0,NE-HV_AirDist-SupFanMtr-cDXHP-2SpClgHtg-Cnst,None,NE-HV_AirDist-SupFanMtr-cDXHP-2SpClgHtg-VFDStdMtr,None,NE-HV_AirDist-SupFanMtr-cDXHP-2SpClgHtg-SRM,None,,,Each
NE-HVAC-Unitary-addSRM,Rt3,Ex,CZ03,cDXHP,0,NE-HV_AirDist-SupFanMtr-cDXHP-2SpClgHtg-Cnst,None,NE-HV_AirDist-SupFanMtr-cDXHP-2SpClgHtg-VFDStdMtr,None,NE-HV_AirDist-SupFanMtr-cDXHP-2SpClgHtg-SRM,None,,,Each
NE-HVAC-Unitary-addSRM,Rt3,Ex,CZ02,cDXHP,0,NE-HV_AirDist-SupFanMtr-cDXHP-2SpClgHtg-Cnst,None,NE-HV_AirDist-SupFanMtr-cDXHP-2SpClgHtg-VFDStdMtr,None,NE-HV_AirDist-SupFanMtr-cDXHP-2SpClgHtg-SRM,None,,,Each
NE-HVAC-Unitary-addSRM,Rt3,Ex,CZ01,cDXHP,0,NE-HV_AirDist-SupFanMtr-cDXHP-2SpClgHtg-Cnst,None,NE-HV_AirDist-SupFanMtr-cDXHP-2SpClgHtg-VFDStdMtr,None,NE-HV_AirDist-SupFanMtr-cDXHP-2SpClgHtg-SRM,None,,,Each
NE-HVAC-Unitary-addSRM,Rt3,Ex,CZ16,cDXGF,0,NE-HV_AirDist-SupFanMtr-cDXGF-2SpClgHtg-Cnst,None,NE-HV_AirDist-SupFanMtr-cDXGF-2SpClgHtg-VFDStdMtr,None,NE-HV_AirDist-SupFanMtr-cDXGF-2SpClgHtg-SRM,None,,,Each
NE-HVAC-Unitary-addSRM,Rt3,Ex,CZ15,cDXGF,0,NE-HV_AirDist-SupFanMtr-cDXGF-2SpClgHtg-Cnst,None,NE-HV_AirDist-SupFanMtr-cDXGF-2SpClgHtg-VFDStdMtr,None,NE-HV_AirDist-SupFanMtr-cDXGF-2SpClgHtg-SRM,None,,,Each
NE-HVAC-Unitary-addSRM,Rt3,Ex,CZ14,cDXGF,0,NE-HV_AirDist-SupFanMtr-cDXGF-2SpClgHtg-Cnst,None,NE-HV_AirDist-SupFanMtr-cDXGF-2SpClgHtg-VFDStdMtr,None,NE-HV_AirDist-SupFanMtr-cDXGF-2SpClgHtg-SRM,None,,,Each
NE-HVAC-Unitary-addSRM,Rt3,Ex,CZ13,cDXGF,0,NE-HV_AirDist-SupFanMtr-cDXGF-2SpClgHtg-Cnst,None,NE-HV_AirDist-SupFanMtr-cDXGF-2SpClgHtg-VFDStdMtr,None,NE-HV_AirDist-SupFanMtr-cDXGF-2SpClgHtg-SRM,None,,,Each
NE-HVAC-Unitary-addSRM,Rt3,Ex,CZ12,cDXGF,0,NE-HV_AirDist-SupFanMtr-cDXGF-2SpClgHtg-Cnst,None,NE-HV_AirDist-SupFanMtr-cDXGF-2SpClgHtg-VFDStdMtr,None,NE-HV_AirDist-SupFanMtr-cDXGF-2SpClgHtg-SRM,None,,,Each
NE-HVAC-Unitary-addSRM,Rt3,Ex,CZ11,cDXGF,0,NE-HV_AirDist-SupFanMtr-cDXGF-2SpClgHtg-Cnst,None,NE-HV_AirDist-SupFanMtr-cDXGF-2SpClgHtg-VFDStdMtr,None,NE-HV_AirDist-SupFanMtr-cDXGF-2SpClgHtg-SRM,None,,,Each
NE-HVAC-Unitary-addSRM,Rt3,Ex,CZ10,cDXGF,0,NE-HV_AirDist-SupFanMtr-cDXGF-2SpClgHtg-Cnst,None,NE-HV_AirDist-SupFanMtr-cDXGF-2SpClgHtg-VFDStdMtr,None,NE-HV_AirDist-SupFanMtr-cDXGF-2SpClgHtg-SRM,None,,,Each
NE-HVAC-Unitary-addSRM,Rt3,Ex,CZ09,cDXGF,0,NE-HV_AirDist-SupFanMtr-cDXGF-2SpClgHtg-Cnst,None,NE-HV_AirDist-SupFanMtr-cDXGF-2SpClgHtg-VFDStdMtr,None,NE-HV_AirDist-SupFanMtr-cDXGF-2SpClgHtg-SRM,None,,,Each
NE-HVAC-Unitary-addSRM,Rt3,Ex,CZ08,cDXGF,0,NE-HV_AirDist-SupFanMtr-cDXGF-2SpClgHtg-Cnst,None,NE-HV_AirDist-SupFanMtr-cDXGF-2SpClgHtg-VFDStdMtr,None,NE-HV_AirDist-SupFanMtr-cDXGF-2SpClgHtg-SRM,None,,,Each
NE-HVAC-Unitary-addSRM,Rt3,Ex,CZ07,cDXGF,0,NE-HV_AirDist-SupFanMtr-cDXGF-2SpClgHtg-Cnst,None,NE-HV_AirDist-SupFanMtr-cDXGF-2SpClgHtg-VFDStdMtr,None,NE-HV_AirDist-SupFanMtr-cDXGF-2SpClgHtg-SRM,None,,,Each
NE-HVAC-Unitary-addSRM,Rt3,Ex,CZ06,cDXGF,0,NE-HV_AirDist-SupFanMtr-cDXGF-2SpClgHtg-Cnst,None,NE-HV_AirDist-SupFanMtr-cDXGF-2SpClgHtg-VFDStdMtr,None,NE-HV_AirDist-SupFanMtr-cDXGF-2SpClgHtg-SRM,None,,,Each
NE-HVAC-Unitary-addSRM,Rt3,Ex,CZ05,cDXGF,0,NE-HV_AirDist-SupFanMtr-cDXGF-2SpClgHtg-Cnst,None,NE-HV_AirDist-SupFanMtr-cDXGF-2SpClgHtg-VFDStdMtr,None,NE-HV_AirDist-SupFanMtr-cDXGF-2SpClgHtg-SRM,None,,,Each
NE-HVAC-Unitary-addSRM,Rt3,Ex,CZ04,cDXGF,0,NE-HV_AirDist-SupFanMtr-cDXGF-2SpClgHtg-Cnst,None,NE-HV_AirDist-SupFanMtr-cDXGF-2SpClgHtg-VFDStdMtr,None,NE-HV_AirDist-SupFanMtr-cDXGF-2SpClgHtg-SRM,None,,,Each
NE-HVAC-Unitary-addSRM,Rt3,Ex,CZ03,cDXGF,0,NE-HV_AirDist-SupFanMtr-cDXGF-2SpClgHtg-Cnst,None,NE-HV_AirDist-SupFanMtr-cDXGF-2SpClgHtg-VFDStdMtr,None,NE-HV_AirDist-SupFanMtr-cDXGF-2SpClgHtg-SRM,None,,,Each
NE-HVAC-Unitary-addSRM,Rt3,Ex,CZ02,cDXGF,0,NE-HV_AirDist-SupFanMtr-cDXGF-2SpClgHtg-Cnst,None,NE-HV_AirDist-SupFanMtr-cDXGF-2SpClgHtg-VFDStdMtr,None,NE-HV_AirDist-SupFanMtr-cDXGF-2SpClgHtg-SRM,None,,,Each
NE-HVAC-Unitary-addSRM,Rt3,Ex,CZ01,cDXGF,0,NE-HV_AirDist-SupFanMtr-cDXGF-2SpClgHtg-Cnst,None,NE-HV_AirDist-SupFanMtr-cDXGF-2SpClgHtg-VFDStdMtr,None,NE-HV_AirDist-SupFanMtr-cDXGF-2SpClgHtg-SRM,None,,,Each
NE-HVAC-Unitary-addSRM,RSD,Ex,CZ16,cDXOH,0,NE-HV_AirDist-SupFanMtr-cDXOH-2SpClgHtg-Cnst,None,NE-HV_AirDist-SupFanMtr-cDXOH-2SpClgHtg-VFDStdMtr,None,NE-HV_AirDist-SupFanMtr-cDXOH-2SpClgHtg-SRM,None,,,Each
NE-HVAC-Unitary-addSRM,RSD,Ex,CZ15,cDXOH,0,NE-HV_AirDist-SupFanMtr-cDXOH-2SpClgHtg-Cnst,None,NE-HV_AirDist-SupFanMtr-cDXOH-2SpClgHtg-VFDStdMtr,None,NE-HV_AirDist-SupFanMtr-cDXOH-2SpClgHtg-SRM,None,,,Each
NE-HVAC-Unitary-addSRM,RSD,Ex,CZ14,cDXOH,0,NE-HV_AirDist-SupFanMtr-cDXOH-2SpClgHtg-Cnst,None,NE-HV_AirDist-SupFanMtr-cDXOH-2SpClgHtg-VFDStdMtr,None,NE-HV_AirDist-SupFanMtr-cDXOH-2SpClgHtg-SRM,None,,,Each
NE-HVAC-Unitary-addSRM,RSD,Ex,CZ13,cDXOH,0,NE-HV_AirDist-SupFanMtr-cDXOH-2SpClgHtg-Cnst,None,NE-HV_AirDist-SupFanMtr-cDXOH-2SpClgHtg-VFDStdMtr,None,NE-HV_AirDist-SupFanMtr-cDXOH-2SpClgHtg-SRM,None,,,Each
NE-HVAC-Unitary-addSRM,RSD,Ex,CZ12,cDXOH,0,NE-HV_AirDist-SupFanMtr-cDXOH-2SpClgHtg-Cnst,None,NE-HV_AirDist-SupFanMtr-cDXOH-2SpClgHtg-VFDStdMtr,None,NE-HV_AirDist-SupFanMtr-cDXOH-2SpClgHtg-SRM,None,,,Each
NE-HVAC-Unitary-addSRM,RSD,Ex,CZ11,cDXOH,0,NE-HV_AirDist-SupFanMtr-cDXOH-2SpClgHtg-Cnst,None,NE-HV_AirDist-SupFanMtr-cDXOH-2SpClgHtg-VFDStdMtr,None,NE-HV_AirDist-SupFanMtr-cDXOH-2SpClgHtg-SRM,None,,,Each
NE-HVAC-Unitary-addSRM,RSD,Ex,CZ10,cDXOH,0,NE-HV_AirDist-SupFanMtr-cDXOH-2SpClgHtg-Cnst,None,NE-HV_AirDist-SupFanMtr-cDXOH-2SpClgHtg-VFDStdMtr,None,NE-HV_AirDist-SupFanMtr-cDXOH-2SpClgHtg-SRM,None,,,Each
NE-HVAC-Unitary-addSRM,RSD,Ex,CZ09,cDXOH,0,NE-HV_AirDist-SupFanMtr-cDXOH-2SpClgHtg-Cnst,None,NE-HV_AirDist-SupFanMtr-cDXOH-2SpClgHtg-VFDStdMtr,None,NE-HV_AirDist-SupFanMtr-cDXOH-2SpClgHtg-SRM,None,,,Each
NE-HVAC-Unitary-addSRM,RSD,Ex,CZ08,cDXOH,0,NE-HV_AirDist-SupFanMtr-cDXOH-2SpClgHtg-Cnst,None,NE-HV_AirDist-SupFanMtr-cDXOH-2SpClgHtg-VFDStdMtr,None,NE-HV_AirDist-SupFanMtr-cDXOH-2SpClgHtg-SRM,None,,,Each
NE-HVAC-Unitary-addSRM,RSD,Ex,CZ07,cDXOH,0,NE-HV_AirDist-SupFanMtr-cDXOH-2SpClgHtg-Cnst,None,NE-HV_AirDist-SupFanMtr-cDXOH-2SpClgHtg-VFDStdMtr,None,NE-HV_AirDist-SupFanMtr-cDXOH-2SpClgHtg-SRM,None,,,Each
NE-HVAC-Unitary-addSRM,RSD,Ex,CZ06,cDXOH,0,NE-HV_AirDist-SupFanMtr-cDXOH-2SpClgHtg-Cnst,None,NE-HV_AirDist-SupFanMtr-cDXOH-2SpClgHtg-VFDStdMtr,None,NE-HV_AirDist-SupFanMtr-cDXOH-2SpClgHtg-SRM,None,,,Each
NE-HVAC-Unitary-addSRM,RSD,Ex,CZ05,cDXOH,0,NE-HV_AirDist-SupFanMtr-cDXOH-2SpClgHtg-Cnst,None,NE-HV_AirDist-SupFanMtr-cDXOH-2SpClgHtg-VFDStdMtr,None,NE-HV_AirDist-SupFanMtr-cDXOH-2SpClgHtg-SRM,None,,,Each
NE-HVAC-Unitary-addSRM,RSD,Ex,CZ04,cDXOH,0,NE-HV_AirDist-SupFanMtr-cDXOH-2SpClgHtg-Cnst,None,NE-HV_AirDist-SupFanMtr-cDXOH-2SpClgHtg-VFDStdMtr,None,NE-HV_AirDist-SupFanMtr-cDXOH-2SpClgHtg-SRM,None,,,Each
NE-HVAC-Unitary-addSRM,RSD,Ex,CZ03,cDXOH,0,NE-HV_AirDist-SupFanMtr-cDXOH-2SpClgHtg-Cnst,None,NE-HV_AirDist-SupFanMtr-cDXOH-2SpClgHtg-VFDStdMtr,None,NE-HV_AirDist-SupFanMtr-cDXOH-2SpClgHtg-SRM,None,,,Each
NE-HVAC-Unitary-addSRM,RSD,Ex,CZ02,cDXOH,0,NE-HV_AirDist-SupFanMtr-cDXOH-2SpClgHtg-Cnst,None,NE-HV_AirDist-SupFanMtr-cDXOH-2SpClgHtg-VFDStdMtr,None,NE-HV_AirDist-SupFanMtr-cDXOH-2SpClgHtg-SRM,None,,,Each
NE-HVAC-Unitary-addSRM,RSD,Ex,CZ01,cDXOH,0,NE-HV_AirDist-SupFanMtr-cDXOH-2SpClgHtg-Cnst,None,NE-HV_AirDist-SupFanMtr-cDXOH-2SpClgHtg-VFDStdMtr,None,NE-HV_AirDist-SupFanMtr-cDXOH-2SpClgHtg-SRM,None,,,Each
NE-HVAC-Unitary-addSRM,RSD,Ex,CZ16,cDXHP,0,NE-HV_AirDist-SupFanMtr-cDXHP-2SpClgHtg-Cnst,None,NE-HV_AirDist-SupFanMtr-cDXHP-2SpClgHtg-VFDStdMtr,None,NE-HV_AirDist-SupFanMtr-cDXHP-2SpClgHtg-SRM,None,,,Each
NE-HVAC-Unitary-addSRM,RSD,Ex,CZ15,cDXHP,0,NE-HV_AirDist-SupFanMtr-cDXHP-2SpClgHtg-Cnst,None,NE-HV_AirDist-SupFanMtr-cDXHP-2SpClgHtg-VFDStdMtr,None,NE-HV_AirDist-SupFanMtr-cDXHP-2SpClgHtg-SRM,None,,,Each
NE-HVAC-Unitary-addSRM,RSD,Ex,CZ14,cDXHP,0,NE-HV_AirDist-SupFanMtr-cDXHP-2SpClgHtg-Cnst,None,NE-HV_AirDist-SupFanMtr-cDXHP-2SpClgHtg-VFDStdMtr,None,NE-HV_AirDist-SupFanMtr-cDXHP-2SpClgHtg-SRM,None,,,Each
NE-HVAC-Unitary-addSRM,RSD,Ex,CZ13,cDXHP,0,NE-HV_AirDist-SupFanMtr-cDXHP-2SpClgHtg-Cnst,None,NE-HV_AirDist-SupFanMtr-cDXHP-2SpClgHtg-VFDStdMtr,None,NE-HV_AirDist-SupFanMtr-cDXHP-2SpClgHtg-SRM,None,,,Each
NE-HVAC-Unitary-addSRM,RSD,Ex,CZ12,cDXHP,0,NE-HV_AirDist-SupFanMtr-cDXHP-2SpClgHtg-Cnst,None,NE-HV_AirDist-SupFanMtr-cDXHP-2SpClgHtg-VFDStdMtr,None,NE-HV_AirDist-SupFanMtr-cDXHP-2SpClgHtg-SRM,None,,,Each
NE-HVAC-Unitary-addSRM,RSD,Ex,CZ11,cDXHP,0,NE-HV_AirDist-SupFanMtr-cDXHP-2SpClgHtg-Cnst,None,NE-HV_AirDist-SupFanMtr-cDXHP-2SpClgHtg-VFDStdMtr,None,NE-HV_AirDist-SupFanMtr-cDXHP-2SpClgHtg-SRM,None,,,Each
NE-HVAC-Unitary-addSRM,RSD,Ex,CZ10,cDXHP,0,NE-HV_AirDist-SupFanMtr-cDXHP-2SpClgHtg-Cnst,None,NE-HV_AirDist-SupFanMtr-cDXHP-2SpClgHtg-VFDStdMtr,None,NE-HV_AirDist-SupFanMtr-cDXHP-2SpClgHtg-SRM,None,,,Each
NE-HVAC-Unitary-addSRM,RSD,Ex,CZ09,cDXHP,0,NE-HV_AirDist-SupFanMtr-cDXHP-2SpClgHtg-Cnst,None,NE-HV_AirDist-SupFanMtr-cDXHP-2SpClgHtg-VFDStdMtr,None,NE-HV_AirDist-SupFanMtr-cDXHP-2SpClgHtg-SRM,None,,,Each
NE-HVAC-Unitary-addSRM,RSD,Ex,CZ08,cDXHP,0,NE-HV_AirDist-SupFanMtr-cDXHP-2SpClgHtg-Cnst,None,NE-HV_AirDist-SupFanMtr-cDXHP-2SpClgHtg-VFDStdMtr,None,NE-HV_AirDist-SupFanMtr-cDXHP-2SpClgHtg-SRM,None,,,Each
NE-HVAC-Unitary-addSRM,RSD,Ex,CZ07,cDXHP,0,NE-HV_AirDist-SupFanMtr-cDXHP-2SpClgHtg-Cnst,None,NE-HV_AirDist-SupFanMtr-cDXHP-2SpClgHtg-VFDStdMtr,None,NE-HV_AirDist-SupFanMtr-cDXHP-2SpClgHtg-SRM,None,,,Each
NE-HVAC-Unitary-addSRM,RSD,Ex,CZ06,cDXHP,0,NE-HV_AirDist-SupFanMtr-cDXHP-2SpClgHtg-Cnst,None,NE-HV_AirDist-SupFanMtr-cDXHP-2SpClgHtg-VFDStdMtr,None,NE-HV_AirDist-SupFanMtr-cDXHP-2SpClgHtg-SRM,None,,,Each
NE-HVAC-Unitary-addSRM,RSD,Ex,CZ05,cDXHP,0,NE-HV_AirDist-SupFanMtr-cDXHP-2SpClgHtg-Cnst,None,NE-HV_AirDist-SupFanMtr-cDXHP-2SpClgHtg-VFDStdMtr,None,NE-HV_AirDist-SupFanMtr-cDXHP-2SpClgHtg-SRM,None,,,Each
NE-HVAC-Unitary-addSRM,RSD,Ex,CZ04,cDXHP,0,NE-HV_AirDist-SupFanMtr-cDXHP-2SpClgHtg-Cnst,None,NE-HV_AirDist-SupFanMtr-cDXHP-2SpClgHtg-VFDStdMtr,None,NE-HV_AirDist-SupFanMtr-cDXHP-2SpClgHtg-SRM,None,,,Each
NE-HVAC-Unitary-addSRM,RSD,Ex,CZ03,cDXHP,0,NE-HV_AirDist-SupFanMtr-cDXHP-2SpClgHtg-Cnst,None,NE-HV_AirDist-SupFanMtr-cDXHP-2SpClgHtg-VFDStdMtr,None,NE-HV_AirDist-SupFanMtr-cDXHP-2SpClgHtg-SRM,None,,,Each
NE-HVAC-Unitary-addSRM,RSD,Ex,CZ02,cDXHP,0,NE-HV_AirDist-SupFanMtr-cDXHP-2SpClgHtg-Cnst,None,NE-HV_AirDist-SupFanMtr-cDXHP-2SpClgHtg-VFDStdMtr,None,NE-HV_AirDist-SupFanMtr-cDXHP-2SpClgHtg-SRM,None,,,Each
NE-HVAC-Unitary-addSRM,RSD,Ex,CZ01,cDXHP,0,NE-HV_AirDist-SupFanMtr-cDXHP-2SpClgHtg-Cnst,None,NE-HV_AirDist-SupFanMtr-cDXHP-2SpClgHtg-VFDStdMtr,None,NE-HV_AirDist-SupFanMtr-cDXHP-2SpClgHtg-SRM,None,,,Each
NE-HVAC-Unitary-addSRM,RSD,Ex,CZ16,cDXGF,0,NE-HV_AirDist-SupFanMtr-cDXGF-2SpClgHtg-Cnst,None,NE-HV_AirDist-SupFanMtr-cDXGF-2SpClgHtg-VFDStdMtr,None,NE-HV_AirDist-SupFanMtr-cDXGF-2SpClgHtg-SRM,None,,,Each
NE-HVAC-Unitary-addSRM,RSD,Ex,CZ15,cDXGF,0,NE-HV_AirDist-SupFanMtr-cDXGF-2SpClgHtg-Cnst,None,NE-HV_AirDist-SupFanMtr-cDXGF-2SpClgHtg-VFDStdMtr,None,NE-HV_AirDist-SupFanMtr-cDXGF-2SpClgHtg-SRM,None,,,Each
NE-HVAC-Unitary-addSRM,RSD,Ex,CZ14,cDXGF,0,NE-HV_AirDist-SupFanMtr-cDXGF-2SpClgHtg-Cnst,None,NE-HV_AirDist-SupFanMtr-cDXGF-2SpClgHtg-VFDStdMtr,None,NE-HV_AirDist-SupFanMtr-cDXGF-2SpClgHtg-SRM,None,,,Each
NE-HVAC-Unitary-addSRM,RSD,Ex,CZ13,cDXGF,0,NE-HV_AirDist-SupFanMtr-cDXGF-2SpClgHtg-Cnst,None,NE-HV_AirDist-SupFanMtr-cDXGF-2SpClgHtg-VFDStdMtr,None,NE-HV_AirDist-SupFanMtr-cDXGF-2SpClgHtg-SRM,None,,,Each
NE-HVAC-Unitary-addSRM,RSD,Ex,CZ12,cDXGF,0,NE-HV_AirDist-SupFanMtr-cDXGF-2SpClgHtg-Cnst,None,NE-HV_AirDist-SupFanMtr-cDXGF-2SpClgHtg-VFDStdMtr,None,NE-HV_AirDist-SupFanMtr-cDXGF-2SpClgHtg-SRM,None,,,Each
NE-HVAC-Unitary-addSRM,RSD,Ex,CZ11,cDXGF,0,NE-HV_AirDist-SupFanMtr-cDXGF-2SpClgHtg-Cnst,None,NE-HV_AirDist-SupFanMtr-cDXGF-2SpClgHtg-VFDStdMtr,None,NE-HV_AirDist-SupFanMtr-cDXGF-2SpClgHtg-SRM,None,,,Each
NE-HVAC-Unitary-addSRM,RSD,Ex,CZ10,cDXGF,0,NE-HV_AirDist-SupFanMtr-cDXGF-2SpClgHtg-Cnst,None,NE-HV_AirDist-SupFanMtr-cDXGF-2SpClgHtg-VFDStdMtr,None,NE-HV_AirDist-SupFanMtr-cDXGF-2SpClgHtg-SRM,None,,,Each
NE-HVAC-Unitary-addSRM,RSD,Ex,CZ09,cDXGF,0,NE-HV_AirDist-SupFanMtr-cDXGF-2SpClgHtg-Cnst,None,NE-HV_AirDist-SupFanMtr-cDXGF-2SpClgHtg-VFDStdMtr,None,NE-HV_AirDist-SupFanMtr-cDXGF-2SpClgHtg-SRM,None,,,Each
NE-HVAC-Unitary-addSRM,RSD,Ex,CZ08,cDXGF,0,NE-HV_AirDist-SupFanMtr-cDXGF-2SpClgHtg-Cnst,None,NE-HV_AirDist-SupFanMtr-cDXGF-2SpClgHtg-VFDStdMtr,None,NE-HV_AirDist-SupFanMtr-cDXGF-2SpClgHtg-SRM,None,,,Each
NE-HVAC-Unitary-addSRM,RSD,Ex,CZ07,cDXGF,0,NE-HV_AirDist-SupFanMtr-cDXGF-2SpClgHtg-Cnst,None,NE-HV_AirDist-SupFanMtr-cDXGF-2SpClgHtg-VFDStdMtr,None,NE-HV_AirDist-SupFanMtr-cDXGF-2SpClgHtg-SRM,None,,,Each
NE-HVAC-Unitary-addSRM,RSD,Ex,CZ06,cDXGF,0,NE-HV_AirDist-SupFanMtr-cDXGF-2SpClgHtg-Cnst,None,NE-HV_AirDist-SupFanMtr-cDXGF-2SpClgHtg-VFDStdMtr,None,NE-HV_AirDist-SupFanMtr-cDXGF-2SpClgHtg-SRM,None,,,Each
NE-HVAC-Unitary-addSRM,RSD,Ex,CZ05,cDXGF,0,NE-HV_AirDist-SupFanMtr-cDXGF-2SpClgHtg-Cnst,None,NE-HV_AirDist-SupFanMtr-cDXGF-2SpClgHtg-VFDStdMtr,None,NE-HV_AirDist-SupFanMtr-cDXGF-2SpClgHtg-SRM,None,,,Each
NE-HVAC-Unitary-addSRM,RSD,Ex,CZ04,cDXGF,0,NE-HV_AirDist-SupFanMtr-cDXGF-2SpClgHtg-Cnst,None,NE-HV_AirDist-SupFanMtr-cDXGF-2SpClgHtg-VFDStdMtr,None,NE-HV_AirDist-SupFanMtr-cDXGF-2SpClgHtg-SRM,None,,,Each
NE-HVAC-Unitary-addSRM,RSD,Ex,CZ03,cDXGF,0,NE-HV_AirDist-SupFanMtr-cDXGF-2SpClgHtg-Cnst,None,NE-HV_AirDist-SupFanMtr-cDXGF-2SpClgHtg-VFDStdMtr,None,NE-HV_AirDist-SupFanMtr-cDXGF-2SpClgHtg-SRM,None,,,Each
NE-HVAC-Unitary-addSRM,RSD,Ex,CZ02,cDXGF,0,NE-HV_AirDist-SupFanMtr-cDXGF-2SpClgHtg-Cnst,None,NE-HV_AirDist-SupFanMtr-cDXGF-2SpClgHtg-VFDStdMtr,None,NE-HV_AirDist-SupFanMtr-cDXGF-2SpClgHtg-SRM,None,,,Each
NE-HVAC-Unitary-addSRM,RSD,Ex,CZ01,cDXGF,0,NE-HV_AirDist-SupFanMtr-cDXGF-2SpClgHtg-Cnst,None,NE-HV_AirDist-SupFanMtr-cDXGF-2SpClgHtg-VFDStdMtr,None,NE-HV_AirDist-SupFanMtr-cDXGF-2SpClgHtg-SRM,None,,,Each
NE-HVAC-Unitary-addSRM,RFF,Ex,CZ16,cDXOH,0,NE-HV_AirDist-SupFanMtr-cDXOH-2SpClgHtg-Cnst,None,NE-HV_AirDist-SupFanMtr-cDXOH-2SpClgHtg-VFDStdMtr,None,NE-HV_AirDist-SupFanMtr-cDXOH-2SpClgHtg-SRM,None,,,Each
NE-HVAC-Unitary-addSRM,RFF,Ex,CZ15,cDXOH,0,NE-HV_AirDist-SupFanMtr-cDXOH-2SpClgHtg-Cnst,None,NE-HV_AirDist-SupFanMtr-cDXOH-2SpClgHtg-VFDStdMtr,None,NE-HV_AirDist-SupFanMtr-cDXOH-2SpClgHtg-SRM,None,,,Each
NE-HVAC-Unitary-addSRM,RFF,Ex,CZ14,cDXOH,0,NE-HV_AirDist-SupFanMtr-cDXOH-2SpClgHtg-Cnst,None,NE-HV_AirDist-SupFanMtr-cDXOH-2SpClgHtg-VFDStdMtr,None,NE-HV_AirDist-SupFanMtr-cDXOH-2SpClgHtg-SRM,None,,,Each
NE-HVAC-Unitary-addSRM,RFF,Ex,CZ13,cDXOH,0,NE-HV_AirDist-SupFanMtr-cDXOH-2SpClgHtg-Cnst,None,NE-HV_AirDist-SupFanMtr-cDXOH-2SpClgHtg-VFDStdMtr,None,NE-HV_AirDist-SupFanMtr-cDXOH-2SpClgHtg-SRM,None,,,Each
NE-HVAC-Unitary-addSRM,RFF,Ex,CZ12,cDXOH,0,NE-HV_AirDist-SupFanMtr-cDXOH-2SpClgHtg-Cnst,None,NE-HV_AirDist-SupFanMtr-cDXOH-2SpClgHtg-VFDStdMtr,None,NE-HV_AirDist-SupFanMtr-cDXOH-2SpClgHtg-SRM,None,,,Each
NE-HVAC-Unitary-addSRM,RFF,Ex,CZ11,cDXOH,0,NE-HV_AirDist-SupFanMtr-cDXOH-2SpClgHtg-Cnst,None,NE-HV_AirDist-SupFanMtr-cDXOH-2SpClgHtg-VFDStdMtr,None,NE-HV_AirDist-SupFanMtr-cDXOH-2SpClgHtg-SRM,None,,,Each
NE-HVAC-Unitary-addSRM,RFF,Ex,CZ10,cDXOH,0,NE-HV_AirDist-SupFanMtr-cDXOH-2SpClgHtg-Cnst,None,NE-HV_AirDist-SupFanMtr-cDXOH-2SpClgHtg-VFDStdMtr,None,NE-HV_AirDist-SupFanMtr-cDXOH-2SpClgHtg-SRM,None,,,Each
NE-HVAC-Unitary-addSRM,RFF,Ex,CZ09,cDXOH,0,NE-HV_AirDist-SupFanMtr-cDXOH-2SpClgHtg-Cnst,None,NE-HV_AirDist-SupFanMtr-cDXOH-2SpClgHtg-VFDStdMtr,None,NE-HV_AirDist-SupFanMtr-cDXOH-2SpClgHtg-SRM,None,,,Each
NE-HVAC-Unitary-addSRM,RFF,Ex,CZ08,cDXOH,0,NE-HV_AirDist-SupFanMtr-cDXOH-2SpClgHtg-Cnst,None,NE-HV_AirDist-SupFanMtr-cDXOH-2SpClgHtg-VFDStdMtr,None,NE-HV_AirDist-SupFanMtr-cDXOH-2SpClgHtg-SRM,None,,,Each
NE-HVAC-Unitary-addSRM,RFF,Ex,CZ07,cDXOH,0,NE-HV_AirDist-SupFanMtr-cDXOH-2SpClgHtg-Cnst,None,NE-HV_AirDist-SupFanMtr-cDXOH-2SpClgHtg-VFDStdMtr,None,NE-HV_AirDist-SupFanMtr-cDXOH-2SpClgHtg-SRM,None,,,Each
NE-HVAC-Unitary-addSRM,RFF,Ex,CZ06,cDXOH,0,NE-HV_AirDist-SupFanMtr-cDXOH-2SpClgHtg-Cnst,None,NE-HV_AirDist-SupFanMtr-cDXOH-2SpClgHtg-VFDStdMtr,None,NE-HV_AirDist-SupFanMtr-cDXOH-2SpClgHtg-SRM,None,,,Each
NE-HVAC-Unitary-addSRM,RFF,Ex,CZ05,cDXOH,0,NE-HV_AirDist-SupFanMtr-cDXOH-2SpClgHtg-Cnst,None,NE-HV_AirDist-SupFanMtr-cDXOH-2SpClgHtg-VFDStdMtr,None,NE-HV_AirDist-SupFanMtr-cDXOH-2SpClgHtg-SRM,None,,,Each
NE-HVAC-Unitary-addSRM,RFF,Ex,CZ04,cDXOH,0,NE-HV_AirDist-SupFanMtr-cDXOH-2SpClgHtg-Cnst,None,NE-HV_AirDist-SupFanMtr-cDXOH-2SpClgHtg-VFDStdMtr,None,NE-HV_AirDist-SupFanMtr-cDXOH-2SpClgHtg-SRM,None,,,Each
NE-HVAC-Unitary-addSRM,RFF,Ex,CZ03,cDXOH,0,NE-HV_AirDist-SupFanMtr-cDXOH-2SpClgHtg-Cnst,None,NE-HV_AirDist-SupFanMtr-cDXOH-2SpClgHtg-VFDStdMtr,None,NE-HV_AirDist-SupFanMtr-cDXOH-2SpClgHtg-SRM,None,,,Each
NE-HVAC-Unitary-addSRM,RFF,Ex,CZ02,cDXOH,0,NE-HV_AirDist-SupFanMtr-cDXOH-2SpClgHtg-Cnst,None,NE-HV_AirDist-SupFanMtr-cDXOH-2SpClgHtg-VFDStdMtr,None,NE-HV_AirDist-SupFanMtr-cDXOH-2SpClgHtg-SRM,None,,,Each
NE-HVAC-Unitary-addSRM,RFF,Ex,CZ01,cDXOH,0,NE-HV_AirDist-SupFanMtr-cDXOH-2SpClgHtg-Cnst,None,NE-HV_AirDist-SupFanMtr-cDXOH-2SpClgHtg-VFDStdMtr,None,NE-HV_AirDist-SupFanMtr-cDXOH-2SpClgHtg-SRM,None,,,Each
NE-HVAC-Unitary-addSRM,RFF,Ex,CZ16,cDXHP,0,NE-HV_AirDist-SupFanMtr-cDXHP-2SpClgHtg-Cnst,None,NE-HV_AirDist-SupFanMtr-cDXHP-2SpClgHtg-VFDStdMtr,None,NE-HV_AirDist-SupFanMtr-cDXHP-2SpClgHtg-SRM,None,,,Each
NE-HVAC-Unitary-addSRM,RFF,Ex,CZ15,cDXHP,0,NE-HV_AirDist-SupFanMtr-cDXHP-2SpClgHtg-Cnst,None,NE-HV_AirDist-SupFanMtr-cDXHP-2SpClgHtg-VFDStdMtr,None,NE-HV_AirDist-SupFanMtr-cDXHP-2SpClgHtg-SRM,None,,,Each
NE-HVAC-Unitary-addSRM,RFF,Ex,CZ14,cDXHP,0,NE-HV_AirDist-SupFanMtr-cDXHP-2SpClgHtg-Cnst,None,NE-HV_AirDist-SupFanMtr-cDXHP-2SpClgHtg-VFDStdMtr,None,NE-HV_AirDist-SupFanMtr-cDXHP-2SpClgHtg-SRM,None,,,Each
NE-HVAC-Unitary-addSRM,RFF,Ex,CZ13,cDXHP,0,NE-HV_AirDist-SupFanMtr-cDXHP-2SpClgHtg-Cnst,None,NE-HV_AirDist-SupFanMtr-cDXHP-2SpClgHtg-VFDStdMtr,None,NE-HV_AirDist-SupFanMtr-cDXHP-2SpClgHtg-SRM,None,,,Each
NE-HVAC-Unitary-addSRM,RFF,Ex,CZ12,cDXHP,0,NE-HV_AirDist-SupFanMtr-cDXHP-2SpClgHtg-Cnst,None,NE-HV_AirDist-SupFanMtr-cDXHP-2SpClgHtg-VFDStdMtr,None,NE-HV_AirDist-SupFanMtr-cDXHP-2SpClgHtg-SRM,None,,,Each
NE-HVAC-Unitary-addSRM,RFF,Ex,CZ11,cDXHP,0,NE-HV_AirDist-SupFanMtr-cDXHP-2SpClgHtg-Cnst,None,NE-HV_AirDist-SupFanMtr-cDXHP-2SpClgHtg-VFDStdMtr,None,NE-HV_AirDist-SupFanMtr-cDXHP-2SpClgHtg-SRM,None,,,Each
NE-HVAC-Unitary-addSRM,RFF,Ex,CZ10,cDXHP,0,NE-HV_AirDist-SupFanMtr-cDXHP-2SpClgHtg-Cnst,None,NE-HV_AirDist-SupFanMtr-cDXHP-2SpClgHtg-VFDStdMtr,None,NE-HV_AirDist-SupFanMtr-cDXHP-2SpClgHtg-SRM,None,,,Each
NE-HVAC-Unitary-addSRM,RFF,Ex,CZ09,cDXHP,0,NE-HV_AirDist-SupFanMtr-cDXHP-2SpClgHtg-Cnst,None,NE-HV_AirDist-SupFanMtr-cDXHP-2SpClgHtg-VFDStdMtr,None,NE-HV_AirDist-SupFanMtr-cDXHP-2SpClgHtg-SRM,None,,,Each
NE-HVAC-Unitary-addSRM,RFF,Ex,CZ08,cDXHP,0,NE-HV_AirDist-SupFanMtr-cDXHP-2SpClgHtg-Cnst,None,NE-HV_AirDist-SupFanMtr-cDXHP-2SpClgHtg-VFDStdMtr,None,NE-HV_AirDist-SupFanMtr-cDXHP-2SpClgHtg-SRM,None,,,Each
NE-HVAC-Unitary-addSRM,RFF,Ex,CZ07,cDXHP,0,NE-HV_AirDist-SupFanMtr-cDXHP-2SpClgHtg-Cnst,None,NE-HV_AirDist-SupFanMtr-cDXHP-2SpClgHtg-VFDStdMtr,None,NE-HV_AirDist-SupFanMtr-cDXHP-2SpClgHtg-SRM,None,,,Each
NE-HVAC-Unitary-addSRM,RFF,Ex,CZ06,cDXHP,0,NE-HV_AirDist-SupFanMtr-cDXHP-2SpClgHtg-Cnst,None,NE-HV_AirDist-SupFanMtr-cDXHP-2SpClgHtg-VFDStdMtr,None,NE-HV_AirDist-SupFanMtr-cDXHP-2SpClgHtg-SRM,None,,,Each
NE-HVAC-Unitary-addSRM,RFF,Ex,CZ05,cDXHP,0,NE-HV_AirDist-SupFanMtr-cDXHP-2SpClgHtg-Cnst,None,NE-HV_AirDist-SupFanMtr-cDXHP-2SpClgHtg-VFDStdMtr,None,NE-HV_AirDist-SupFanMtr-cDXHP-2SpClgHtg-SRM,None,,,Each
NE-HVAC-Unitary-addSRM,RFF,Ex,CZ04,cDXHP,0,NE-HV_AirDist-SupFanMtr-cDXHP-2SpClgHtg-Cnst,None,NE-HV_AirDist-SupFanMtr-cDXHP-2SpClgHtg-VFDStdMtr,None,NE-HV_AirDist-SupFanMtr-cDXHP-2SpClgHtg-SRM,None,,,Each
NE-HVAC-Unitary-addSRM,RFF,Ex,CZ03,cDXHP,0,NE-HV_AirDist-SupFanMtr-cDXHP-2SpClgHtg-Cnst,None,NE-HV_AirDist-SupFanMtr-cDXHP-2SpClgHtg-VFDStdMtr,None,NE-HV_AirDist-SupFanMtr-cDXHP-2SpClgHtg-SRM,None,,,Each
NE-HVAC-Unitary-addSRM,RFF,Ex,CZ02,cDXHP,0,NE-HV_AirDist-SupFanMtr-cDXHP-2SpClgHtg-Cnst,None,NE-HV_AirDist-SupFanMtr-cDXHP-2SpClgHtg-VFDStdMtr,None,NE-HV_AirDist-SupFanMtr-cDXHP-2SpClgHtg-SRM,None,,,Each
NE-HVAC-Unitary-addSRM,RFF,Ex,CZ01,cDXHP,0,NE-HV_AirDist-SupFanMtr-cDXHP-2SpClgHtg-Cnst,None,NE-HV_AirDist-SupFanMtr-cDXHP-2SpClgHtg-VFDStdMtr,None,NE-HV_AirDist-SupFanMtr-cDXHP-2SpClgHtg-SRM,None,,,Each
NE-HVAC-Unitary-addSRM,RFF,Ex,CZ16,cDXGF,0,NE-HV_AirDist-SupFanMtr-cDXGF-2SpClgHtg-Cnst,None,NE-HV_AirDist-SupFanMtr-cDXGF-2SpClgHtg-VFDStdMtr,None,NE-HV_AirDist-SupFanMtr-cDXGF-2SpClgHtg-SRM,None,,,Each
NE-HVAC-Unitary-addSRM,RFF,Ex,CZ15,cDXGF,0,NE-HV_AirDist-SupFanMtr-cDXGF-2SpClgHtg-Cnst,None,NE-HV_AirDist-SupFanMtr-cDXGF-2SpClgHtg-VFDStdMtr,None,NE-HV_AirDist-SupFanMtr-cDXGF-2SpClgHtg-SRM,None,,,Each
NE-HVAC-Unitary-addSRM,RFF,Ex,CZ14,cDXGF,0,NE-HV_AirDist-SupFanMtr-cDXGF-2SpClgHtg-Cnst,None,NE-HV_AirDist-SupFanMtr-cDXGF-2SpClgHtg-VFDStdMtr,None,NE-HV_AirDist-SupFanMtr-cDXGF-2SpClgHtg-SRM,None,,,Each
NE-HVAC-Unitary-addSRM,RFF,Ex,CZ13,cDXGF,0,NE-HV_AirDist-SupFanMtr-cDXGF-2SpClgHtg-Cnst,None,NE-HV_AirDist-SupFanMtr-cDXGF-2SpClgHtg-VFDStdMtr,None,NE-HV_AirDist-SupFanMtr-cDXGF-2SpClgHtg-SRM,None,,,Each
NE-HVAC-Unitary-addSRM,RFF,Ex,CZ12,cDXGF,0,NE-HV_AirDist-SupFanMtr-cDXGF-2SpClgHtg-Cnst,None,NE-HV_AirDist-SupFanMtr-cDXGF-2SpClgHtg-VFDStdMtr,None,NE-HV_AirDist-SupFanMtr-cDXGF-2SpClgHtg-SRM,None,,,Each
NE-HVAC-Unitary-addSRM,RFF,Ex,CZ11,cDXGF,0,NE-HV_AirDist-SupFanMtr-cDXGF-2SpClgHtg-Cnst,None,NE-HV_AirDist-SupFanMtr-cDXGF-2SpClgHtg-VFDStdMtr,None,NE-HV_AirDist-SupFanMtr-cDXGF-2SpClgHtg-SRM,None,,,Each
NE-HVAC-Unitary-addSRM,RFF,Ex,CZ10,cDXGF,0,NE-HV_AirDist-SupFanMtr-cDXGF-2SpClgHtg-Cnst,None,NE-HV_AirDist-SupFanMtr-cDXGF-2SpClgHtg-VFDStdMtr,None,NE-HV_AirDist-SupFanMtr-cDXGF-2SpClgHtg-SRM,None,,,Each
NE-HVAC-Unitary-addSRM,RFF,Ex,CZ09,cDXGF,0,NE-HV_AirDist-SupFanMtr-cDXGF-2SpClgHtg-Cnst,None,NE-HV_AirDist-SupFanMtr-cDXGF-2SpClgHtg-VFDStdMtr,None,NE-HV_AirDist-SupFanMtr-cDXGF-2SpClgHtg-SRM,None,,,Each
NE-HVAC-Unitary-addSRM,RFF,Ex,CZ08,cDXGF,0,NE-HV_AirDist-SupFanMtr-cDXGF-2SpClgHtg-Cnst,None,NE-HV_AirDist-SupFanMtr-cDXGF-2SpClgHtg-VFDStdMtr,None,NE-HV_AirDist-SupFanMtr-cDXGF-2SpClgHtg-SRM,None,,,Each
NE-HVAC-Unitary-addSRM,RFF,Ex,CZ07,cDXGF,0,NE-HV_AirDist-SupFanMtr-cDXGF-2SpClgHtg-Cnst,None,NE-HV_AirDist-SupFanMtr-cDXGF-2SpClgHtg-VFDStdMtr,None,NE-HV_AirDist-SupFanMtr-cDXGF-2SpClgHtg-SRM,None,,,Each
NE-HVAC-Unitary-addSRM,RFF,Ex,CZ06,cDXGF,0,NE-HV_AirDist-SupFanMtr-cDXGF-2SpClgHtg-Cnst,None,NE-HV_AirDist-SupFanMtr-cDXGF-2SpClgHtg-VFDStdMtr,None,NE-HV_AirDist-SupFanMtr-cDXGF-2SpClgHtg-SRM,None,,,Each
NE-HVAC-Unitary-addSRM,RFF,Ex,CZ05,cDXGF,0,NE-HV_AirDist-SupFanMtr-cDXGF-2SpClgHtg-Cnst,None,NE-HV_AirDist-SupFanMtr-cDXGF-2SpClgHtg-VFDStdMtr,None,NE-HV_AirDist-SupFanMtr-cDXGF-2SpClgHtg-SRM,None,,,Each
NE-HVAC-Unitary-addSRM,RFF,Ex,CZ04,cDXGF,0,NE-HV_AirDist-SupFanMtr-cDXGF-2SpClgHtg-Cnst,None,NE-HV_AirDist-SupFanMtr-cDXGF-2SpClgHtg-VFDStdMtr,None,NE-HV_AirDist-SupFanMtr-cDXGF-2SpClgHtg-SRM,None,,,Each
NE-HVAC-Unitary-addSRM,RFF,Ex,CZ03,cDXGF,0,NE-HV_AirDist-SupFanMtr-cDXGF-2SpClgHtg-Cnst,None,NE-HV_AirDist-SupFanMtr-cDXGF-2SpClgHtg-VFDStdMtr,None,NE-HV_AirDist-SupFanMtr-cDXGF-2SpClgHtg-SRM,None,,,Each
NE-HVAC-Unitary-addSRM,RFF,Ex,CZ02,cDXGF,0,NE-HV_AirDist-SupFanMtr-cDXGF-2SpClgHtg-Cnst,None,NE-HV_AirDist-SupFanMtr-cDXGF-2SpClgHtg-VFDStdMtr,None,NE-HV_AirDist-SupFanMtr-cDXGF-2SpClgHtg-SRM,None,,,Each
NE-HVAC-Unitary-addSRM,RFF,Ex,CZ01,cDXGF,0,NE-HV_AirDist-SupFanMtr-cDXGF-2SpClgHtg-Cnst,None,NE-HV_AirDist-SupFanMtr-cDXGF-2SpClgHtg-VFDStdMtr,None,NE-HV_AirDist-SupFanMtr-cDXGF-2SpClgHtg-SRM,None,,,Each
NE-HVAC-Unitary-addSRM,OfS,Ex,CZ16,cDXOH,0,NE-HV_AirDist-SupFanMtr-cDXOH-2SpClgHtg-Cnst,None,NE-HV_AirDist-SupFanMtr-cDXOH-2SpClgHtg-VFDStdMtr,None,NE-HV_AirDist-SupFanMtr-cDXOH-2SpClgHtg-SRM,None,,,Each
NE-HVAC-Unitary-addSRM,OfS,Ex,CZ15,cDXOH,0,NE-HV_AirDist-SupFanMtr-cDXOH-2SpClgHtg-Cnst,None,NE-HV_AirDist-SupFanMtr-cDXOH-2SpClgHtg-VFDStdMtr,None,NE-HV_AirDist-SupFanMtr-cDXOH-2SpClgHtg-SRM,None,,,Each
NE-HVAC-Unitary-addSRM,OfS,Ex,CZ14,cDXOH,0,NE-HV_AirDist-SupFanMtr-cDXOH-2SpClgHtg-Cnst,None,NE-HV_AirDist-SupFanMtr-cDXOH-2SpClgHtg-VFDStdMtr,None,NE-HV_AirDist-SupFanMtr-cDXOH-2SpClgHtg-SRM,None,,,Each
NE-HVAC-Unitary-addSRM,OfS,Ex,CZ13,cDXOH,0,NE-HV_AirDist-SupFanMtr-cDXOH-2SpClgHtg-Cnst,None,NE-HV_AirDist-SupFanMtr-cDXOH-2SpClgHtg-VFDStdMtr,None,NE-HV_AirDist-SupFanMtr-cDXOH-2SpClgHtg-SRM,None,,,Each
NE-HVAC-Unitary-addSRM,OfS,Ex,CZ12,cDXOH,0,NE-HV_AirDist-SupFanMtr-cDXOH-2SpClgHtg-Cnst,None,NE-HV_AirDist-SupFanMtr-cDXOH-2SpClgHtg-VFDStdMtr,None,NE-HV_AirDist-SupFanMtr-cDXOH-2SpClgHtg-SRM,None,,,Each
NE-HVAC-Unitary-addSRM,OfS,Ex,CZ11,cDXOH,0,NE-HV_AirDist-SupFanMtr-cDXOH-2SpClgHtg-Cnst,None,NE-HV_AirDist-SupFanMtr-cDXOH-2SpClgHtg-VFDStdMtr,None,NE-HV_AirDist-SupFanMtr-cDXOH-2SpClgHtg-SRM,None,,,Each
NE-HVAC-Unitary-addSRM,OfS,Ex,CZ10,cDXOH,0,NE-HV_AirDist-SupFanMtr-cDXOH-2SpClgHtg-Cnst,None,NE-HV_AirDist-SupFanMtr-cDXOH-2SpClgHtg-VFDStdMtr,None,NE-HV_AirDist-SupFanMtr-cDXOH-2SpClgHtg-SRM,None,,,Each
NE-HVAC-Unitary-addSRM,OfS,Ex,CZ09,cDXOH,0,NE-HV_AirDist-SupFanMtr-cDXOH-2SpClgHtg-Cnst,None,NE-HV_AirDist-SupFanMtr-cDXOH-2SpClgHtg-VFDStdMtr,None,NE-HV_AirDist-SupFanMtr-cDXOH-2SpClgHtg-SRM,None,,,Each
NE-HVAC-Unitary-addSRM,OfS,Ex,CZ08,cDXOH,0,NE-HV_AirDist-SupFanMtr-cDXOH-2SpClgHtg-Cnst,None,NE-HV_AirDist-SupFanMtr-cDXOH-2SpClgHtg-VFDStdMtr,None,NE-HV_AirDist-SupFanMtr-cDXOH-2SpClgHtg-SRM,None,,,Each
NE-HVAC-Unitary-addSRM,OfS,Ex,CZ07,cDXOH,0,NE-HV_AirDist-SupFanMtr-cDXOH-2SpClgHtg-Cnst,None,NE-HV_AirDist-SupFanMtr-cDXOH-2SpClgHtg-VFDStdMtr,None,NE-HV_AirDist-SupFanMtr-cDXOH-2SpClgHtg-SRM,None,,,Each
NE-HVAC-Unitary-addSRM,OfS,Ex,CZ06,cDXOH,0,NE-HV_AirDist-SupFanMtr-cDXOH-2SpClgHtg-Cnst,None,NE-HV_AirDist-SupFanMtr-cDXOH-2SpClgHtg-VFDStdMtr,None,NE-HV_AirDist-SupFanMtr-cDXOH-2SpClgHtg-SRM,None,,,Each
NE-HVAC-Unitary-addSRM,OfS,Ex,CZ05,cDXOH,0,NE-HV_AirDist-SupFanMtr-cDXOH-2SpClgHtg-Cnst,None,NE-HV_AirDist-SupFanMtr-cDXOH-2SpClgHtg-VFDStdMtr,None,NE-HV_AirDist-SupFanMtr-cDXOH-2SpClgHtg-SRM,None,,,Each
NE-HVAC-Unitary-addSRM,OfS,Ex,CZ04,cDXOH,0,NE-HV_AirDist-SupFanMtr-cDXOH-2SpClgHtg-Cnst,None,NE-HV_AirDist-SupFanMtr-cDXOH-2SpClgHtg-VFDStdMtr,None,NE-HV_AirDist-SupFanMtr-cDXOH-2SpClgHtg-SRM,None,,,Each
NE-HVAC-Unitary-addSRM,OfS,Ex,CZ03,cDXOH,0,NE-HV_AirDist-SupFanMtr-cDXOH-2SpClgHtg-Cnst,None,NE-HV_AirDist-SupFanMtr-cDXOH-2SpClgHtg-VFDStdMtr,None,NE-HV_AirDist-SupFanMtr-cDXOH-2SpClgHtg-SRM,None,,,Each
NE-HVAC-Unitary-addSRM,OfS,Ex,CZ02,cDXOH,0,NE-HV_AirDist-SupFanMtr-cDXOH-2SpClgHtg-Cnst,None,NE-HV_AirDist-SupFanMtr-cDXOH-2SpClgHtg-VFDStdMtr,None,NE-HV_AirDist-SupFanMtr-cDXOH-2SpClgHtg-SRM,None,,,Each
NE-HVAC-Unitary-addSRM,OfS,Ex,CZ01,cDXOH,0,NE-HV_AirDist-SupFanMtr-cDXOH-2SpClgHtg-Cnst,None,NE-HV_AirDist-SupFanMtr-cDXOH-2SpClgHtg-VFDStdMtr,None,NE-HV_AirDist-SupFanMtr-cDXOH-2SpClgHtg-SRM,None,,,Each
NE-HVAC-Unitary-addSRM,OfS,Ex,CZ16,cDXHP,0,NE-HV_AirDist-SupFanMtr-cDXHP-2SpClgHtg-Cnst,None,NE-HV_AirDist-SupFanMtr-cDXHP-2SpClgHtg-VFDStdMtr,None,NE-HV_AirDist-SupFanMtr-cDXHP-2SpClgHtg-SRM,None,,,Each
NE-HVAC-Unitary-addSRM,OfS,Ex,CZ15,cDXHP,0,NE-HV_AirDist-SupFanMtr-cDXHP-2SpClgHtg-Cnst,None,NE-HV_AirDist-SupFanMtr-cDXHP-2SpClgHtg-VFDStdMtr,None,NE-HV_AirDist-SupFanMtr-cDXHP-2SpClgHtg-SRM,None,,,Each
NE-HVAC-Unitary-addSRM,OfS,Ex,CZ14,cDXHP,0,NE-HV_AirDist-SupFanMtr-cDXHP-2SpClgHtg-Cnst,None,NE-HV_AirDist-SupFanMtr-cDXHP-2SpClgHtg-VFDStdMtr,None,NE-HV_AirDist-SupFanMtr-cDXHP-2SpClgHtg-SRM,None,,,Each
NE-HVAC-Unitary-addSRM,OfS,Ex,CZ13,cDXHP,0,NE-HV_AirDist-SupFanMtr-cDXHP-2SpClgHtg-Cnst,None,NE-HV_AirDist-SupFanMtr-cDXHP-2SpClgHtg-VFDStdMtr,None,NE-HV_AirDist-SupFanMtr-cDXHP-2SpClgHtg-SRM,None,,,Each
NE-HVAC-Unitary-addSRM,OfS,Ex,CZ12,cDXHP,0,NE-HV_AirDist-SupFanMtr-cDXHP-2SpClgHtg-Cnst,None,NE-HV_AirDist-SupFanMtr-cDXHP-2SpClgHtg-VFDStdMtr,None,NE-HV_AirDist-SupFanMtr-cDXHP-2SpClgHtg-SRM,None,,,Each
NE-HVAC-Unitary-addSRM,OfS,Ex,CZ11,cDXHP,0,NE-HV_AirDist-SupFanMtr-cDXHP-2SpClgHtg-Cnst,None,NE-HV_AirDist-SupFanMtr-cDXHP-2SpClgHtg-VFDStdMtr,None,NE-HV_AirDist-SupFanMtr-cDXHP-2SpClgHtg-SRM,None,,,Each
NE-HVAC-Unitary-addSRM,OfS,Ex,CZ10,cDXHP,0,NE-HV_AirDist-SupFanMtr-cDXHP-2SpClgHtg-Cnst,None,NE-HV_AirDist-SupFanMtr-cDXHP-2SpClgHtg-VFDStdMtr,None,NE-HV_AirDist-SupFanMtr-cDXHP-2SpClgHtg-SRM,None,,,Each
NE-HVAC-Unitary-addSRM,OfS,Ex,CZ09,cDXHP,0,NE-HV_AirDist-SupFanMtr-cDXHP-2SpClgHtg-Cnst,None,NE-HV_AirDist-SupFanMtr-cDXHP-2SpClgHtg-VFDStdMtr,None,NE-HV_AirDist-SupFanMtr-cDXHP-2SpClgHtg-SRM,None,,,Each
NE-HVAC-Unitary-addSRM,OfS,Ex,CZ08,cDXHP,0,NE-HV_AirDist-SupFanMtr-cDXHP-2SpClgHtg-Cnst,None,NE-HV_AirDist-SupFanMtr-cDXHP-2SpClgHtg-VFDStdMtr,None,NE-HV_AirDist-SupFanMtr-cDXHP-2SpClgHtg-SRM,None,,,Each
NE-HVAC-Unitary-addSRM,OfS,Ex,CZ07,cDXHP,0,NE-HV_AirDist-SupFanMtr-cDXHP-2SpClgHtg-Cnst,None,NE-HV_AirDist-SupFanMtr-cDXHP-2SpClgHtg-VFDStdMtr,None,NE-HV_AirDist-SupFanMtr-cDXHP-2SpClgHtg-SRM,None,,,Each
NE-HVAC-Unitary-addSRM,OfS,Ex,CZ06,cDXHP,0,NE-HV_AirDist-SupFanMtr-cDXHP-2SpClgHtg-Cnst,None,NE-HV_AirDist-SupFanMtr-cDXHP-2SpClgHtg-VFDStdMtr,None,NE-HV_AirDist-SupFanMtr-cDXHP-2SpClgHtg-SRM,None,,,Each
NE-HVAC-Unitary-addSRM,OfS,Ex,CZ05,cDXHP,0,NE-HV_AirDist-SupFanMtr-cDXHP-2SpClgHtg-Cnst,None,NE-HV_AirDist-SupFanMtr-cDXHP-2SpClgHtg-VFDStdMtr,None,NE-HV_AirDist-SupFanMtr-cDXHP-2SpClgHtg-SRM,None,,,Each
NE-HVAC-Unitary-addSRM,OfS,Ex,CZ04,cDXHP,0,NE-HV_AirDist-SupFanMtr-cDXHP-2SpClgHtg-Cnst,None,NE-HV_AirDist-SupFanMtr-cDXHP-2SpClgHtg-VFDStdMtr,None,NE-HV_AirDist-SupFanMtr-cDXHP-2SpClgHtg-SRM,None,,,Each
NE-HVAC-Unitary-addSRM,OfS,Ex,CZ03,cDXHP,0,NE-HV_AirDist-SupFanMtr-cDXHP-2SpClgHtg-Cnst,None,NE-HV_AirDist-SupFanMtr-cDXHP-2SpClgHtg-VFDStdMtr,None,NE-HV_AirDist-SupFanMtr-cDXHP-2SpClgHtg-SRM,None,,,Each
NE-HVAC-Unitary-addSRM,OfS,Ex,CZ02,cDXHP,0,NE-HV_AirDist-SupFanMtr-cDXHP-2SpClgHtg-Cnst,None,NE-HV_AirDist-SupFanMtr-cDXHP-2SpClgHtg-VFDStdMtr,None,NE-HV_AirDist-SupFanMtr-cDXHP-2SpClgHtg-SRM,None,,,Each
NE-HVAC-Unitary-addSRM,OfS,Ex,CZ01,cDXHP,0,NE-HV_AirDist-SupFanMtr-cDXHP-2SpClgHtg-Cnst,None,NE-HV_AirDist-SupFanMtr-cDXHP-2SpClgHtg-VFDStdMtr,None,NE-HV_AirDist-SupFanMtr-cDXHP-2SpClgHtg-SRM,None,,,Each
NE-HVAC-Unitary-addSRM,OfS,Ex,CZ16,cDXGF,0,NE-HV_AirDist-SupFanMtr-cDXGF-2SpClgHtg-Cnst,None,NE-HV_AirDist-SupFanMtr-cDXGF-2SpClgHtg-VFDStdMtr,None,NE-HV_AirDist-SupFanMtr-cDXGF-2SpClgHtg-SRM,None,,,Each
NE-HVAC-Unitary-addSRM,OfS,Ex,CZ15,cDXGF,0,NE-HV_AirDist-SupFanMtr-cDXGF-2SpClgHtg-Cnst,None,NE-HV_AirDist-SupFanMtr-cDXGF-2SpClgHtg-VFDStdMtr,None,NE-HV_AirDist-SupFanMtr-cDXGF-2SpClgHtg-SRM,None,,,Each
NE-HVAC-Unitary-addSRM,OfS,Ex,CZ14,cDXGF,0,NE-HV_AirDist-SupFanMtr-cDXGF-2SpClgHtg-Cnst,None,NE-HV_AirDist-SupFanMtr-cDXGF-2SpClgHtg-VFDStdMtr,None,NE-HV_AirDist-SupFanMtr-cDXGF-2SpClgHtg-SRM,None,,,Each
NE-HVAC-Unitary-addSRM,OfS,Ex,CZ13,cDXGF,0,NE-HV_AirDist-SupFanMtr-cDXGF-2SpClgHtg-Cnst,None,NE-HV_AirDist-SupFanMtr-cDXGF-2SpClgHtg-VFDStdMtr,None,NE-HV_AirDist-SupFanMtr-cDXGF-2SpClgHtg-SRM,None,,,Each
NE-HVAC-Unitary-addSRM,OfS,Ex,CZ12,cDXGF,0,NE-HV_AirDist-SupFanMtr-cDXGF-2SpClgHtg-Cnst,None,NE-HV_AirDist-SupFanMtr-cDXGF-2SpClgHtg-VFDStdMtr,None,NE-HV_AirDist-SupFanMtr-cDXGF-2SpClgHtg-SRM,None,,,Each
NE-HVAC-Unitary-addSRM,OfS,Ex,CZ11,cDXGF,0,NE-HV_AirDist-SupFanMtr-cDXGF-2SpClgHtg-Cnst,None,NE-HV_AirDist-SupFanMtr-cDXGF-2SpClgHtg-VFDStdMtr,None,NE-HV_AirDist-SupFanMtr-cDXGF-2SpClgHtg-SRM,None,,,Each
NE-HVAC-Unitary-addSRM,OfS,Ex,CZ10,cDXGF,0,NE-HV_AirDist-SupFanMtr-cDXGF-2SpClgHtg-Cnst,None,NE-HV_AirDist-SupFanMtr-cDXGF-2SpClgHtg-VFDStdMtr,None,NE-HV_AirDist-SupFanMtr-cDXGF-2SpClgHtg-SRM,None,,,Each
NE-HVAC-Unitary-addSRM,OfS,Ex,CZ09,cDXGF,0,NE-HV_AirDist-SupFanMtr-cDXGF-2SpClgHtg-Cnst,None,NE-HV_AirDist-SupFanMtr-cDXGF-2SpClgHtg-VFDStdMtr,None,NE-HV_AirDist-SupFanMtr-cDXGF-2SpClgHtg-SRM,None,,,Each
NE-HVAC-Unitary-addSRM,OfS,Ex,CZ08,cDXGF,0,NE-HV_AirDist-SupFanMtr-cDXGF-2SpClgHtg-Cnst,None,NE-HV_AirDist-SupFanMtr-cDXGF-2SpClgHtg-VFDStdMtr,None,NE-HV_AirDist-SupFanMtr-cDXGF-2SpClgHtg-SRM,None,,,Each
NE-HVAC-Unitary-addSRM,OfS,Ex,CZ07,cDXGF,0,NE-HV_AirDist-SupFanMtr-cDXGF-2SpClgHtg-Cnst,None,NE-HV_AirDist-SupFanMtr-cDXGF-2SpClgHtg-VFDStdMtr,None,NE-HV_AirDist-SupFanMtr-cDXGF-2SpClgHtg-SRM,None,,,Each
NE-HVAC-Unitary-addSRM,OfS,Ex,CZ06,cDXGF,0,NE-HV_AirDist-SupFanMtr-cDXGF-2SpClgHtg-Cnst,None,NE-HV_AirDist-SupFanMtr-cDXGF-2SpClgHtg-VFDStdMtr,None,NE-HV_AirDist-SupFanMtr-cDXGF-2SpClgHtg-SRM,None,,,Each
NE-HVAC-Unitary-addSRM,OfS,Ex,CZ05,cDXGF,0,NE-HV_AirDist-SupFanMtr-cDXGF-2SpClgHtg-Cnst,None,NE-HV_AirDist-SupFanMtr-cDXGF-2SpClgHtg-VFDStdMtr,None,NE-HV_AirDist-SupFanMtr-cDXGF-2SpClgHtg-SRM,None,,,Each
NE-HVAC-Unitary-addSRM,OfS,Ex,CZ04,cDXGF,0,NE-HV_AirDist-SupFanMtr-cDXGF-2SpClgHtg-Cnst,None,NE-HV_AirDist-SupFanMtr-cDXGF-2SpClgHtg-VFDStdMtr,None,NE-HV_AirDist-SupFanMtr-cDXGF-2SpClgHtg-SRM,None,,,Each
NE-HVAC-Unitary-addSRM,OfS,Ex,CZ03,cDXGF,0,NE-HV_AirDist-SupFanMtr-cDXGF-2SpClgHtg-Cnst,None,NE-HV_AirDist-SupFanMtr-cDXGF-2SpClgHtg-VFDStdMtr,None,NE-HV_AirDist-SupFanMtr-cDXGF-2SpClgHtg-SRM,None,,,Each
NE-HVAC-Unitary-addSRM,OfS,Ex,CZ02,cDXGF,0,NE-HV_AirDist-SupFanMtr-cDXGF-2SpClgHtg-Cnst,None,NE-HV_AirDist-SupFanMtr-cDXGF-2SpClgHtg-VFDStdMtr,None,NE-HV_AirDist-SupFanMtr-cDXGF-2SpClgHtg-SRM,None,,,Each
NE-HVAC-Unitary-addSRM,OfS,Ex,CZ01,cDXGF,0,NE-HV_AirDist-SupFanMtr-cDXGF-2SpClgHtg-Cnst,None,NE-HV_AirDist-SupFanMtr-cDXGF-2SpClgHtg-VFDStdMtr,None,NE-HV_AirDist-SupFanMtr-cDXGF-2SpClgHtg-SRM,None,,,Each
NE-HVAC-Unitary-addSRM,OfL,Ex,CZ16,cDXOH,0,NE-HV_AirDist-SupFanMtr-cDXOH-2SpClgHtg-Cnst,None,NE-HV_AirDist-SupFanMtr-cDXOH-2SpClgHtg-VFDStdMtr,None,NE-HV_AirDist-SupFanMtr-cDXOH-2SpClgHtg-SRM,None,,,Each
NE-HVAC-Unitary-addSRM,OfL,Ex,CZ15,cDXOH,0,NE-HV_AirDist-SupFanMtr-cDXOH-2SpClgHtg-Cnst,None,NE-HV_AirDist-SupFanMtr-cDXOH-2SpClgHtg-VFDStdMtr,None,NE-HV_AirDist-SupFanMtr-cDXOH-2SpClgHtg-SRM,None,,,Each
NE-HVAC-Unitary-addSRM,OfL,Ex,CZ14,cDXOH,0,NE-HV_AirDist-SupFanMtr-cDXOH-2SpClgHtg-Cnst,None,NE-HV_AirDist-SupFanMtr-cDXOH-2SpClgHtg-VFDStdMtr,None,NE-HV_AirDist-SupFanMtr-cDXOH-2SpClgHtg-SRM,None,,,Each
NE-HVAC-Unitary-addSRM,OfL,Ex,CZ13,cDXOH,0,NE-HV_AirDist-SupFanMtr-cDXOH-2SpClgHtg-Cnst,None,NE-HV_AirDist-SupFanMtr-cDXOH-2SpClgHtg-VFDStdMtr,None,NE-HV_AirDist-SupFanMtr-cDXOH-2SpClgHtg-SRM,None,,,Each
NE-HVAC-Unitary-addSRM,OfL,Ex,CZ12,cDXOH,0,NE-HV_AirDist-SupFanMtr-cDXOH-2SpClgHtg-Cnst,None,NE-HV_AirDist-SupFanMtr-cDXOH-2SpClgHtg-VFDStdMtr,None,NE-HV_AirDist-SupFanMtr-cDXOH-2SpClgHtg-SRM,None,,,Each
NE-HVAC-Unitary-addSRM,OfL,Ex,CZ11,cDXOH,0,NE-HV_AirDist-SupFanMtr-cDXOH-2SpClgHtg-Cnst,None,NE-HV_AirDist-SupFanMtr-cDXOH-2SpClgHtg-VFDStdMtr,None,NE-HV_AirDist-SupFanMtr-cDXOH-2SpClgHtg-SRM,None,,,Each
NE-HVAC-Unitary-addSRM,OfL,Ex,CZ10,cDXOH,0,NE-HV_AirDist-SupFanMtr-cDXOH-2SpClgHtg-Cnst,None,NE-HV_AirDist-SupFanMtr-cDXOH-2SpClgHtg-VFDStdMtr,None,NE-HV_AirDist-SupFanMtr-cDXOH-2SpClgHtg-SRM,None,,,Each
NE-HVAC-Unitary-addSRM,OfL,Ex,CZ09,cDXOH,0,NE-HV_AirDist-SupFanMtr-cDXOH-2SpClgHtg-Cnst,None,NE-HV_AirDist-SupFanMtr-cDXOH-2SpClgHtg-VFDStdMtr,None,NE-HV_AirDist-SupFanMtr-cDXOH-2SpClgHtg-SRM,None,,,Each
NE-HVAC-Unitary-addSRM,OfL,Ex,CZ08,cDXOH,0,NE-HV_AirDist-SupFanMtr-cDXOH-2SpClgHtg-Cnst,None,NE-HV_AirDist-SupFanMtr-cDXOH-2SpClgHtg-VFDStdMtr,None,NE-HV_AirDist-SupFanMtr-cDXOH-2SpClgHtg-SRM,None,,,Each
NE-HVAC-Unitary-addSRM,OfL,Ex,CZ07,cDXOH,0,NE-HV_AirDist-SupFanMtr-cDXOH-2SpClgHtg-Cnst,None,NE-HV_AirDist-SupFanMtr-cDXOH-2SpClgHtg-VFDStdMtr,None,NE-HV_AirDist-SupFanMtr-cDXOH-2SpClgHtg-SRM,None,,,Each
NE-HVAC-Unitary-addSRM,OfL,Ex,CZ06,cDXOH,0,NE-HV_AirDist-SupFanMtr-cDXOH-2SpClgHtg-Cnst,None,NE-HV_AirDist-SupFanMtr-cDXOH-2SpClgHtg-VFDStdMtr,None,NE-HV_AirDist-SupFanMtr-cDXOH-2SpClgHtg-SRM,None,,,Each
NE-HVAC-Unitary-addSRM,OfL,Ex,CZ05,cDXOH,0,NE-HV_AirDist-SupFanMtr-cDXOH-2SpClgHtg-Cnst,None,NE-HV_AirDist-SupFanMtr-cDXOH-2SpClgHtg-VFDStdMtr,None,NE-HV_AirDist-SupFanMtr-cDXOH-2SpClgHtg-SRM,None,,,Each
NE-HVAC-Unitary-addSRM,OfL,Ex,CZ04,cDXOH,0,NE-HV_AirDist-SupFanMtr-cDXOH-2SpClgHtg-Cnst,None,NE-HV_AirDist-SupFanMtr-cDXOH-2SpClgHtg-VFDStdMtr,None,NE-HV_AirDist-SupFanMtr-cDXOH-2SpClgHtg-SRM,None,,,Each
NE-HVAC-Unitary-addSRM,OfL,Ex,CZ03,cDXOH,0,NE-HV_AirDist-SupFanMtr-cDXOH-2SpClgHtg-Cnst,None,NE-HV_AirDist-SupFanMtr-cDXOH-2SpClgHtg-VFDStdMtr,None,NE-HV_AirDist-SupFanMtr-cDXOH-2SpClgHtg-SRM,None,,,Each
NE-HVAC-Unitary-addSRM,OfL,Ex,CZ02,cDXOH,0,NE-HV_AirDist-SupFanMtr-cDXOH-2SpClgHtg-Cnst,None,NE-HV_AirDist-SupFanMtr-cDXOH-2SpClgHtg-VFDStdMtr,None,NE-HV_AirDist-SupFanMtr-cDXOH-2SpClgHtg-SRM,None,,,Each
NE-HVAC-Unitary-addSRM,OfL,Ex,CZ01,cDXOH,0,NE-HV_AirDist-SupFanMtr-cDXOH-2SpClgHtg-Cnst,None,NE-HV_AirDist-SupFanMtr-cDXOH-2SpClgHtg-VFDStdMtr,None,NE-HV_AirDist-SupFanMtr-cDXOH-2SpClgHtg-SRM,None,,,Each
NE-HVAC-Unitary-addSRM,OfL,Ex,CZ16,cDXHP,0,NE-HV_AirDist-SupFanMtr-cDXHP-2SpClgHtg-Cnst,None,NE-HV_AirDist-SupFanMtr-cDXHP-2SpClgHtg-VFDStdMtr,None,NE-HV_AirDist-SupFanMtr-cDXHP-2SpClgHtg-SRM,None,,,Each
NE-HVAC-Unitary-addSRM,OfL,Ex,CZ15,cDXHP,0,NE-HV_AirDist-SupFanMtr-cDXHP-2SpClgHtg-Cnst,None,NE-HV_AirDist-SupFanMtr-cDXHP-2SpClgHtg-VFDStdMtr,None,NE-HV_AirDist-SupFanMtr-cDXHP-2SpClgHtg-SRM,None,,,Each
NE-HVAC-Unitary-addSRM,OfL,Ex,CZ14,cDXHP,0,NE-HV_AirDist-SupFanMtr-cDXHP-2SpClgHtg-Cnst,None,NE-HV_AirDist-SupFanMtr-cDXHP-2SpClgHtg-VFDStdMtr,None,NE-HV_AirDist-SupFanMtr-cDXHP-2SpClgHtg-SRM,None,,,Each
NE-HVAC-Unitary-addSRM,OfL,Ex,CZ13,cDXHP,0,NE-HV_AirDist-SupFanMtr-cDXHP-2SpClgHtg-Cnst,None,NE-HV_AirDist-SupFanMtr-cDXHP-2SpClgHtg-VFDStdMtr,None,NE-HV_AirDist-SupFanMtr-cDXHP-2SpClgHtg-SRM,None,,,Each
NE-HVAC-Unitary-addSRM,OfL,Ex,CZ12,cDXHP,0,NE-HV_AirDist-SupFanMtr-cDXHP-2SpClgHtg-Cnst,None,NE-HV_AirDist-SupFanMtr-cDXHP-2SpClgHtg-VFDStdMtr,None,NE-HV_AirDist-SupFanMtr-cDXHP-2SpClgHtg-SRM,None,,,Each
NE-HVAC-Unitary-addSRM,OfL,Ex,CZ11,cDXHP,0,NE-HV_AirDist-SupFanMtr-cDXHP-2SpClgHtg-Cnst,None,NE-HV_AirDist-SupFanMtr-cDXHP-2SpClgHtg-VFDStdMtr,None,NE-HV_AirDist-SupFanMtr-cDXHP-2SpClgHtg-SRM,None,,,Each
NE-HVAC-Unitary-addSRM,OfL,Ex,CZ10,cDXHP,0,NE-HV_AirDist-SupFanMtr-cDXHP-2SpClgHtg-Cnst,None,NE-HV_AirDist-SupFanMtr-cDXHP-2SpClgHtg-VFDStdMtr,None,NE-HV_AirDist-SupFanMtr-cDXHP-2SpClgHtg-SRM,None,,,Each
NE-HVAC-Unitary-addSRM,OfL,Ex,CZ09,cDXHP,0,NE-HV_AirDist-SupFanMtr-cDXHP-2SpClgHtg-Cnst,None,NE-HV_AirDist-SupFanMtr-cDXHP-2SpClgHtg-VFDStdMtr,None,NE-HV_AirDist-SupFanMtr-cDXHP-2SpClgHtg-SRM,None,,,Each
NE-HVAC-Unitary-addSRM,OfL,Ex,CZ08,cDXHP,0,NE-HV_AirDist-SupFanMtr-cDXHP-2SpClgHtg-Cnst,None,NE-HV_AirDist-SupFanMtr-cDXHP-2SpClgHtg-VFDStdMtr,None,NE-HV_AirDist-SupFanMtr-cDXHP-2SpClgHtg-SRM,None,,,Each
NE-HVAC-Unitary-addSRM,OfL,Ex,CZ07,cDXHP,0,NE-HV_AirDist-SupFanMtr-cDXHP-2SpClgHtg-Cnst,None,NE-HV_AirDist-SupFanMtr-cDXHP-2SpClgHtg-VFDStdMtr,None,NE-HV_AirDist-SupFanMtr-cDXHP-2SpClgHtg-SRM,None,,,Each
NE-HVAC-Unitary-addSRM,OfL,Ex,CZ06,cDXHP,0,NE-HV_AirDist-SupFanMtr-cDXHP-2SpClgHtg-Cnst,None,NE-HV_AirDist-SupFanMtr-cDXHP-2SpClgHtg-VFDStdMtr,None,NE-HV_AirDist-SupFanMtr-cDXHP-2SpClgHtg-SRM,None,,,Each
NE-HVAC-Unitary-addSRM,OfL,Ex,CZ05,cDXHP,0,NE-HV_AirDist-SupFanMtr-cDXHP-2SpClgHtg-Cnst,None,NE-HV_AirDist-SupFanMtr-cDXHP-2SpClgHtg-VFDStdMtr,None,NE-HV_AirDist-SupFanMtr-cDXHP-2SpClgHtg-SRM,None,,,Each
NE-HVAC-Unitary-addSRM,OfL,Ex,CZ04,cDXHP,0,NE-HV_AirDist-SupFanMtr-cDXHP-2SpClgHtg-Cnst,None,NE-HV_AirDist-SupFanMtr-cDXHP-2SpClgHtg-VFDStdMtr,None,NE-HV_AirDist-SupFanMtr-cDXHP-2SpClgHtg-SRM,None,,,Each
NE-HVAC-Unitary-addSRM,OfL,Ex,CZ03,cDXHP,0,NE-HV_AirDist-SupFanMtr-cDXHP-2SpClgHtg-Cnst,None,NE-HV_AirDist-SupFanMtr-cDXHP-2SpClgHtg-VFDStdMtr,None,NE-HV_AirDist-SupFanMtr-cDXHP-2SpClgHtg-SRM,None,,,Each
NE-HVAC-Unitary-addSRM,OfL,Ex,CZ02,cDXHP,0,NE-HV_AirDist-SupFanMtr-cDXHP-2SpClgHtg-Cnst,None,NE-HV_AirDist-SupFanMtr-cDXHP-2SpClgHtg-VFDStdMtr,None,NE-HV_AirDist-SupFanMtr-cDXHP-2SpClgHtg-SRM,None,,,Each
NE-HVAC-Unitary-addSRM,OfL,Ex,CZ01,cDXHP,0,NE-HV_AirDist-SupFanMtr-cDXHP-2SpClgHtg-Cnst,None,NE-HV_AirDist-SupFanMtr-cDXHP-2SpClgHtg-VFDStdMtr,None,NE-HV_AirDist-SupFanMtr-cDXHP-2SpClgHtg-SRM,None,,,Each
NE-HVAC-Unitary-addSRM,OfL,Ex,CZ16,cDXGF,0,NE-HV_AirDist-SupFanMtr-cDXGF-2SpClgHtg-Cnst,None,NE-HV_AirDist-SupFanMtr-cDXGF-2SpClgHtg-VFDStdMtr,None,NE-HV_AirDist-SupFanMtr-cDXGF-2SpClgHtg-SRM,None,,,Each
NE-HVAC-Unitary-addSRM,OfL,Ex,CZ15,cDXGF,0,NE-HV_AirDist-SupFanMtr-cDXGF-2SpClgHtg-Cnst,None,NE-HV_AirDist-SupFanMtr-cDXGF-2SpClgHtg-VFDStdMtr,None,NE-HV_AirDist-SupFanMtr-cDXGF-2SpClgHtg-SRM,None,,,Each
NE-HVAC-Unitary-addSRM,OfL,Ex,CZ14,cDXGF,0,NE-HV_AirDist-SupFanMtr-cDXGF-2SpClgHtg-Cnst,None,NE-HV_AirDist-SupFanMtr-cDXGF-2SpClgHtg-VFDStdMtr,None,NE-HV_AirDist-SupFanMtr-cDXGF-2SpClgHtg-SRM,None,,,Each
NE-HVAC-Unitary-addSRM,OfL,Ex,CZ13,cDXGF,0,NE-HV_AirDist-SupFanMtr-cDXGF-2SpClgHtg-Cnst,None,NE-HV_AirDist-SupFanMtr-cDXGF-2SpClgHtg-VFDStdMtr,None,NE-HV_AirDist-SupFanMtr-cDXGF-2SpClgHtg-SRM,None,,,Each
NE-HVAC-Unitary-addSRM,OfL,Ex,CZ12,cDXGF,0,NE-HV_AirDist-SupFanMtr-cDXGF-2SpClgHtg-Cnst,None,NE-HV_AirDist-SupFanMtr-cDXGF-2SpClgHtg-VFDStdMtr,None,NE-HV_AirDist-SupFanMtr-cDXGF-2SpClgHtg-SRM,None,,,Each
NE-HVAC-Unitary-addSRM,OfL,Ex,CZ11,cDXGF,0,NE-HV_AirDist-SupFanMtr-cDXGF-2SpClgHtg-Cnst,None,NE-HV_AirDist-SupFanMtr-cDXGF-2SpClgHtg-VFDStdMtr,None,NE-HV_AirDist-SupFanMtr-cDXGF-2SpClgHtg-SRM,None,,,Each
NE-HVAC-Unitary-addSRM,OfL,Ex,CZ10,cDXGF,0,NE-HV_AirDist-SupFanMtr-cDXGF-2SpClgHtg-Cnst,None,NE-HV_AirDist-SupFanMtr-cDXGF-2SpClgHtg-VFDStdMtr,None,NE-HV_AirDist-SupFanMtr-cDXGF-2SpClgHtg-SRM,None,,,Each
NE-HVAC-Unitary-addSRM,OfL,Ex,CZ09,cDXGF,0,NE-HV_AirDist-SupFanMtr-cDXGF-2SpClgHtg-Cnst,None,NE-HV_AirDist-SupFanMtr-cDXGF-2SpClgHtg-VFDStdMtr,None,NE-HV_AirDist-SupFanMtr-cDXGF-2SpClgHtg-SRM,None,,,Each
NE-HVAC-Unitary-addSRM,OfL,Ex,CZ08,cDXGF,0,NE-HV_AirDist-SupFanMtr-cDXGF-2SpClgHtg-Cnst,None,NE-HV_AirDist-SupFanMtr-cDXGF-2SpClgHtg-VFDStdMtr,None,NE-HV_AirDist-SupFanMtr-cDXGF-2SpClgHtg-SRM,None,,,Each
NE-HVAC-Unitary-addSRM,OfL,Ex,CZ07,cDXGF,0,NE-HV_AirDist-SupFanMtr-cDXGF-2SpClgHtg-Cnst,None,NE-HV_AirDist-SupFanMtr-cDXGF-2SpClgHtg-VFDStdMtr,None,NE-HV_AirDist-SupFanMtr-cDXGF-2SpClgHtg-SRM,None,,,Each
NE-HVAC-Unitary-addSRM,OfL,Ex,CZ06,cDXGF,0,NE-HV_AirDist-SupFanMtr-cDXGF-2SpClgHtg-Cnst,None,NE-HV_AirDist-SupFanMtr-cDXGF-2SpClgHtg-VFDStdMtr,None,NE-HV_AirDist-SupFanMtr-cDXGF-2SpClgHtg-SRM,None,,,Each
NE-HVAC-Unitary-addSRM,OfL,Ex,CZ05,cDXGF,0,NE-HV_AirDist-SupFanMtr-cDXGF-2SpClgHtg-Cnst,None,NE-HV_AirDist-SupFanMtr-cDXGF-2SpClgHtg-VFDStdMtr,None,NE-HV_AirDist-SupFanMtr-cDXGF-2SpClgHtg-SRM,None,,,Each
NE-HVAC-Unitary-addSRM,OfL,Ex,CZ04,cDXGF,0,NE-HV_AirDist-SupFanMtr-cDXGF-2SpClgHtg-Cnst,None,NE-HV_AirDist-SupFanMtr-cDXGF-2SpClgHtg-VFDStdMtr,None,NE-HV_AirDist-SupFanMtr-cDXGF-2SpClgHtg-SRM,None,,,Each
NE-HVAC-Unitary-addSRM,OfL,Ex,CZ03,cDXGF,0,NE-HV_AirDist-SupFanMtr-cDXGF-2SpClgHtg-Cnst,None,NE-HV_AirDist-SupFanMtr-cDXGF-2SpClgHtg-VFDStdMtr,None,NE-HV_AirDist-SupFanMtr-cDXGF-2SpClgHtg-SRM,None,,,Each
NE-HVAC-Unitary-addSRM,OfL,Ex,CZ02,cDXGF,0,NE-HV_AirDist-SupFanMtr-cDXGF-2SpClgHtg-Cnst,None,NE-HV_AirDist-SupFanMtr-cDXGF-2SpClgHtg-VFDStdMtr,None,NE-HV_AirDist-SupFanMtr-cDXGF-2SpClgHtg-SRM,None,,,Each
NE-HVAC-Unitary-addSRM,OfL,Ex,CZ01,cDXGF,0,NE-HV_AirDist-SupFanMtr-cDXGF-2SpClgHtg-Cnst,None,NE-HV_AirDist-SupFanMtr-cDXGF-2SpClgHtg-VFDStdMtr,None,NE-HV_AirDist-SupFanMtr-cDXGF-2SpClgHtg-SRM,None,,,Each
NE-HVAC-Unitary-addSRM,Nrs,Ex,CZ16,cDXOH,0,NE-HV_AirDist-SupFanMtr-cDXOH-2SpClgHtg-Cnst,None,NE-HV_AirDist-SupFanMtr-cDXOH-2SpClgHtg-VFDStdMtr,None,NE-HV_AirDist-SupFanMtr-cDXOH-2SpClgHtg-SRM,None,,,Each
NE-HVAC-Unitary-addSRM,Nrs,Ex,CZ15,cDXOH,0,NE-HV_AirDist-SupFanMtr-cDXOH-2SpClgHtg-Cnst,None,NE-HV_AirDist-SupFanMtr-cDXOH-2SpClgHtg-VFDStdMtr,None,NE-HV_AirDist-SupFanMtr-cDXOH-2SpClgHtg-SRM,None,,,Each
NE-HVAC-Unitary-addSRM,Nrs,Ex,CZ14,cDXOH,0,NE-HV_AirDist-SupFanMtr-cDXOH-2SpClgHtg-Cnst,None,NE-HV_AirDist-SupFanMtr-cDXOH-2SpClgHtg-VFDStdMtr,None,NE-HV_AirDist-SupFanMtr-cDXOH-2SpClgHtg-SRM,None,,,Each
NE-HVAC-Unitary-addSRM,Nrs,Ex,CZ13,cDXOH,0,NE-HV_AirDist-SupFanMtr-cDXOH-2SpClgHtg-Cnst,None,NE-HV_AirDist-SupFanMtr-cDXOH-2SpClgHtg-VFDStdMtr,None,NE-HV_AirDist-SupFanMtr-cDXOH-2SpClgHtg-SRM,None,,,Each
NE-HVAC-Unitary-addSRM,Nrs,Ex,CZ12,cDXOH,0,NE-HV_AirDist-SupFanMtr-cDXOH-2SpClgHtg-Cnst,None,NE-HV_AirDist-SupFanMtr-cDXOH-2SpClgHtg-VFDStdMtr,None,NE-HV_AirDist-SupFanMtr-cDXOH-2SpClgHtg-SRM,None,,,Each
NE-HVAC-Unitary-addSRM,Nrs,Ex,CZ11,cDXOH,0,NE-HV_AirDist-SupFanMtr-cDXOH-2SpClgHtg-Cnst,None,NE-HV_AirDist-SupFanMtr-cDXOH-2SpClgHtg-VFDStdMtr,None,NE-HV_AirDist-SupFanMtr-cDXOH-2SpClgHtg-SRM,None,,,Each
NE-HVAC-Unitary-addSRM,Nrs,Ex,CZ10,cDXOH,0,NE-HV_AirDist-SupFanMtr-cDXOH-2SpClgHtg-Cnst,None,NE-HV_AirDist-SupFanMtr-cDXOH-2SpClgHtg-VFDStdMtr,None,NE-HV_AirDist-SupFanMtr-cDXOH-2SpClgHtg-SRM,None,,,Each
NE-HVAC-Unitary-addSRM,Nrs,Ex,CZ09,cDXOH,0,NE-HV_AirDist-SupFanMtr-cDXOH-2SpClgHtg-Cnst,None,NE-HV_AirDist-SupFanMtr-cDXOH-2SpClgHtg-VFDStdMtr,None,NE-HV_AirDist-SupFanMtr-cDXOH-2SpClgHtg-SRM,None,,,Each
NE-HVAC-Unitary-addSRM,Nrs,Ex,CZ08,cDXOH,0,NE-HV_AirDist-SupFanMtr-cDXOH-2SpClgHtg-Cnst,None,NE-HV_AirDist-SupFanMtr-cDXOH-2SpClgHtg-VFDStdMtr,None,NE-HV_AirDist-SupFanMtr-cDXOH-2SpClgHtg-SRM,None,,,Each
NE-HVAC-Unitary-addSRM,Nrs,Ex,CZ07,cDXOH,0,NE-HV_AirDist-SupFanMtr-cDXOH-2SpClgHtg-Cnst,None,NE-HV_AirDist-SupFanMtr-cDXOH-2SpClgHtg-VFDStdMtr,None,NE-HV_AirDist-SupFanMtr-cDXOH-2SpClgHtg-SRM,None,,,Each
NE-HVAC-Unitary-addSRM,Nrs,Ex,CZ06,cDXOH,0,NE-HV_AirDist-SupFanMtr-cDXOH-2SpClgHtg-Cnst,None,NE-HV_AirDist-SupFanMtr-cDXOH-2SpClgHtg-VFDStdMtr,None,NE-HV_AirDist-SupFanMtr-cDXOH-2SpClgHtg-SRM,None,,,Each
NE-HVAC-Unitary-addSRM,Nrs,Ex,CZ05,cDXOH,0,NE-HV_AirDist-SupFanMtr-cDXOH-2SpClgHtg-Cnst,None,NE-HV_AirDist-SupFanMtr-cDXOH-2SpClgHtg-VFDStdMtr,None,NE-HV_AirDist-SupFanMtr-cDXOH-2SpClgHtg-SRM,None,,,Each
NE-HVAC-Unitary-addSRM,Nrs,Ex,CZ04,cDXOH,0,NE-HV_AirDist-SupFanMtr-cDXOH-2SpClgHtg-Cnst,None,NE-HV_AirDist-SupFanMtr-cDXOH-2SpClgHtg-VFDStdMtr,None,NE-HV_AirDist-SupFanMtr-cDXOH-2SpClgHtg-SRM,None,,,Each
NE-HVAC-Unitary-addSRM,Nrs,Ex,CZ03,cDXOH,0,NE-HV_AirDist-SupFanMtr-cDXOH-2SpClgHtg-Cnst,None,NE-HV_AirDist-SupFanMtr-cDXOH-2SpClgHtg-VFDStdMtr,None,NE-HV_AirDist-SupFanMtr-cDXOH-2SpClgHtg-SRM,None,,,Each
NE-HVAC-Unitary-addSRM,Nrs,Ex,CZ02,cDXOH,0,NE-HV_AirDist-SupFanMtr-cDXOH-2SpClgHtg-Cnst,None,NE-HV_AirDist-SupFanMtr-cDXOH-2SpClgHtg-VFDStdMtr,None,NE-HV_AirDist-SupFanMtr-cDXOH-2SpClgHtg-SRM,None,,,Each
NE-HVAC-Unitary-addSRM,Nrs,Ex,CZ01,cDXOH,0,NE-HV_AirDist-SupFanMtr-cDXOH-2SpClgHtg-Cnst,None,NE-HV_AirDist-SupFanMtr-cDXOH-2SpClgHtg-VFDStdMtr,None,NE-HV_AirDist-SupFanMtr-cDXOH-2SpClgHtg-SRM,None,,,Each
NE-HVAC-Unitary-addSRM,Nrs,Ex,CZ16,cDXHP,0,NE-HV_AirDist-SupFanMtr-cDXHP-2SpClgHtg-Cnst,None,NE-HV_AirDist-SupFanMtr-cDXHP-2SpClgHtg-VFDStdMtr,None,NE-HV_AirDist-SupFanMtr-cDXHP-2SpClgHtg-SRM,None,,,Each
NE-HVAC-Unitary-addSRM,Nrs,Ex,CZ15,cDXHP,0,NE-HV_AirDist-SupFanMtr-cDXHP-2SpClgHtg-Cnst,None,NE-HV_AirDist-SupFanMtr-cDXHP-2SpClgHtg-VFDStdMtr,None,NE-HV_AirDist-SupFanMtr-cDXHP-2SpClgHtg-SRM,None,,,Each
NE-HVAC-Unitary-addSRM,Nrs,Ex,CZ14,cDXHP,0,NE-HV_AirDist-SupFanMtr-cDXHP-2SpClgHtg-Cnst,None,NE-HV_AirDist-SupFanMtr-cDXHP-2SpClgHtg-VFDStdMtr,None,NE-HV_AirDist-SupFanMtr-cDXHP-2SpClgHtg-SRM,None,,,Each
NE-HVAC-Unitary-addSRM,Nrs,Ex,CZ13,cDXHP,0,NE-HV_AirDist-SupFanMtr-cDXHP-2SpClgHtg-Cnst,None,NE-HV_AirDist-SupFanMtr-cDXHP-2SpClgHtg-VFDStdMtr,None,NE-HV_AirDist-SupFanMtr-cDXHP-2SpClgHtg-SRM,None,,,Each
NE-HVAC-Unitary-addSRM,Nrs,Ex,CZ12,cDXHP,0,NE-HV_AirDist-SupFanMtr-cDXHP-2SpClgHtg-Cnst,None,NE-HV_AirDist-SupFanMtr-cDXHP-2SpClgHtg-VFDStdMtr,None,NE-HV_AirDist-SupFanMtr-cDXHP-2SpClgHtg-SRM,None,,,Each
NE-HVAC-Unitary-addSRM,Nrs,Ex,CZ11,cDXHP,0,NE-HV_AirDist-SupFanMtr-cDXHP-2SpClgHtg-Cnst,None,NE-HV_AirDist-SupFanMtr-cDXHP-2SpClgHtg-VFDStdMtr,None,NE-HV_AirDist-SupFanMtr-cDXHP-2SpClgHtg-SRM,None,,,Each
NE-HVAC-Unitary-addSRM,Nrs,Ex,CZ10,cDXHP,0,NE-HV_AirDist-SupFanMtr-cDXHP-2SpClgHtg-Cnst,None,NE-HV_AirDist-SupFanMtr-cDXHP-2SpClgHtg-VFDStdMtr,None,NE-HV_AirDist-SupFanMtr-cDXHP-2SpClgHtg-SRM,None,,,Each
NE-HVAC-Unitary-addSRM,Nrs,Ex,CZ09,cDXHP,0,NE-HV_AirDist-SupFanMtr-cDXHP-2SpClgHtg-Cnst,None,NE-HV_AirDist-SupFanMtr-cDXHP-2SpClgHtg-VFDStdMtr,None,NE-HV_AirDist-SupFanMtr-cDXHP-2SpClgHtg-SRM,None,,,Each
NE-HVAC-Unitary-addSRM,Nrs,Ex,CZ08,cDXHP,0,NE-HV_AirDist-SupFanMtr-cDXHP-2SpClgHtg-Cnst,None,NE-HV_AirDist-SupFanMtr-cDXHP-2SpClgHtg-VFDStdMtr,None,NE-HV_AirDist-SupFanMtr-cDXHP-2SpClgHtg-SRM,None,,,Each
NE-HVAC-Unitary-addSRM,Nrs,Ex,CZ07,cDXHP,0,NE-HV_AirDist-SupFanMtr-cDXHP-2SpClgHtg-Cnst,None,NE-HV_AirDist-SupFanMtr-cDXHP-2SpClgHtg-VFDStdMtr,None,NE-HV_AirDist-SupFanMtr-cDXHP-2SpClgHtg-SRM,None,,,Each
NE-HVAC-Unitary-addSRM,Nrs,Ex,CZ06,cDXHP,0,NE-HV_AirDist-SupFanMtr-cDXHP-2SpClgHtg-Cnst,None,NE-HV_AirDist-SupFanMtr-cDXHP-2SpClgHtg-VFDStdMtr,None,NE-HV_AirDist-SupFanMtr-cDXHP-2SpClgHtg-SRM,None,,,Each
NE-HVAC-Unitary-addSRM,Nrs,Ex,CZ05,cDXHP,0,NE-HV_AirDist-SupFanMtr-cDXHP-2SpClgHtg-Cnst,None,NE-HV_AirDist-SupFanMtr-cDXHP-2SpClgHtg-VFDStdMtr,None,NE-HV_AirDist-SupFanMtr-cDXHP-2SpClgHtg-SRM,None,,,Each
NE-HVAC-Unitary-addSRM,Nrs,Ex,CZ04,cDXHP,0,NE-HV_AirDist-SupFanMtr-cDXHP-2SpClgHtg-Cnst,None,NE-HV_AirDist-SupFanMtr-cDXHP-2SpClgHtg-VFDStdMtr,None,NE-HV_AirDist-SupFanMtr-cDXHP-2SpClgHtg-SRM,None,,,Each
NE-HVAC-Unitary-addSRM,Nrs,Ex,CZ03,cDXHP,0,NE-HV_AirDist-SupFanMtr-cDXHP-2SpClgHtg-Cnst,None,NE-HV_AirDist-SupFanMtr-cDXHP-2SpClgHtg-VFDStdMtr,None,NE-HV_AirDist-SupFanMtr-cDXHP-2SpClgHtg-SRM,None,,,Each
NE-HVAC-Unitary-addSRM,Nrs,Ex,CZ02,cDXHP,0,NE-HV_AirDist-SupFanMtr-cDXHP-2SpClgHtg-Cnst,None,NE-HV_AirDist-SupFanMtr-cDXHP-2SpClgHtg-VFDStdMtr,None,NE-HV_AirDist-SupFanMtr-cDXHP-2SpClgHtg-SRM,None,,,Each
NE-HVAC-Unitary-addSRM,Nrs,Ex,CZ01,cDXHP,0,NE-HV_AirDist-SupFanMtr-cDXHP-2SpClgHtg-Cnst,None,NE-HV_AirDist-SupFanMtr-cDXHP-2SpClgHtg-VFDStdMtr,None,NE-HV_AirDist-SupFanMtr-cDXHP-2SpClgHtg-SRM,None,,,Each
NE-HVAC-Unitary-addSRM,Nrs,Ex,CZ16,cDXGF,0,NE-HV_AirDist-SupFanMtr-cDXGF-2SpClgHtg-Cnst,None,NE-HV_AirDist-SupFanMtr-cDXGF-2SpClgHtg-VFDStdMtr,None,NE-HV_AirDist-SupFanMtr-cDXGF-2SpClgHtg-SRM,None,,,Each
NE-HVAC-Unitary-addSRM,Nrs,Ex,CZ15,cDXGF,0,NE-HV_AirDist-SupFanMtr-cDXGF-2SpClgHtg-Cnst,None,NE-HV_AirDist-SupFanMtr-cDXGF-2SpClgHtg-VFDStdMtr,None,NE-HV_AirDist-SupFanMtr-cDXGF-2SpClgHtg-SRM,None,,,Each
NE-HVAC-Unitary-addSRM,Nrs,Ex,CZ14,cDXGF,0,NE-HV_AirDist-SupFanMtr-cDXGF-2SpClgHtg-Cnst,None,NE-HV_AirDist-SupFanMtr-cDXGF-2SpClgHtg-VFDStdMtr,None,NE-HV_AirDist-SupFanMtr-cDXGF-2SpClgHtg-SRM,None,,,Each
NE-HVAC-Unitary-addSRM,Nrs,Ex,CZ13,cDXGF,0,NE-HV_AirDist-SupFanMtr-cDXGF-2SpClgHtg-Cnst,None,NE-HV_AirDist-SupFanMtr-cDXGF-2SpClgHtg-VFDStdMtr,None,NE-HV_AirDist-SupFanMtr-cDXGF-2SpClgHtg-SRM,None,,,Each
NE-HVAC-Unitary-addSRM,Nrs,Ex,CZ12,cDXGF,0,NE-HV_AirDist-SupFanMtr-cDXGF-2SpClgHtg-Cnst,None,NE-HV_AirDist-SupFanMtr-cDXGF-2SpClgHtg-VFDStdMtr,None,NE-HV_AirDist-SupFanMtr-cDXGF-2SpClgHtg-SRM,None,,,Each
NE-HVAC-Unitary-addSRM,Nrs,Ex,CZ11,cDXGF,0,NE-HV_AirDist-SupFanMtr-cDXGF-2SpClgHtg-Cnst,None,NE-HV_AirDist-SupFanMtr-cDXGF-2SpClgHtg-VFDStdMtr,None,NE-HV_AirDist-SupFanMtr-cDXGF-2SpClgHtg-SRM,None,,,Each
NE-HVAC-Unitary-addSRM,Nrs,Ex,CZ10,cDXGF,0,NE-HV_AirDist-SupFanMtr-cDXGF-2SpClgHtg-Cnst,None,NE-HV_AirDist-SupFanMtr-cDXGF-2SpClgHtg-VFDStdMtr,None,NE-HV_AirDist-SupFanMtr-cDXGF-2SpClgHtg-SRM,None,,,Each
NE-HVAC-Unitary-addSRM,Nrs,Ex,CZ09,cDXGF,0,NE-HV_AirDist-SupFanMtr-cDXGF-2SpClgHtg-Cnst,None,NE-HV_AirDist-SupFanMtr-cDXGF-2SpClgHtg-VFDStdMtr,None,NE-HV_AirDist-SupFanMtr-cDXGF-2SpClgHtg-SRM,None,,,Each
NE-HVAC-Unitary-addSRM,Nrs,Ex,CZ08,cDXGF,0,NE-HV_AirDist-SupFanMtr-cDXGF-2SpClgHtg-Cnst,None,NE-HV_AirDist-SupFanMtr-cDXGF-2SpClgHtg-VFDStdMtr,None,NE-HV_AirDist-SupFanMtr-cDXGF-2SpClgHtg-SRM,None,,,Each
NE-HVAC-Unitary-addSRM,Nrs,Ex,CZ07,cDXGF,0,NE-HV_AirDist-SupFanMtr-cDXGF-2SpClgHtg-Cnst,None,NE-HV_AirDist-SupFanMtr-cDXGF-2SpClgHtg-VFDStdMtr,None,NE-HV_AirDist-SupFanMtr-cDXGF-2SpClgHtg-SRM,None,,,Each
NE-HVAC-Unitary-addSRM,Nrs,Ex,CZ06,cDXGF,0,NE-HV_AirDist-SupFanMtr-cDXGF-2SpClgHtg-Cnst,None,NE-HV_AirDist-SupFanMtr-cDXGF-2SpClgHtg-VFDStdMtr,None,NE-HV_AirDist-SupFanMtr-cDXGF-2SpClgHtg-SRM,None,,,Each
NE-HVAC-Unitary-addSRM,Nrs,Ex,CZ05,cDXGF,0,NE-HV_AirDist-SupFanMtr-cDXGF-2SpClgHtg-Cnst,None,NE-HV_AirDist-SupFanMtr-cDXGF-2SpClgHtg-VFDStdMtr,None,NE-HV_AirDist-SupFanMtr-cDXGF-2SpClgHtg-SRM,None,,,Each
NE-HVAC-Unitary-addSRM,Nrs,Ex,CZ04,cDXGF,0,NE-HV_AirDist-SupFanMtr-cDXGF-2SpClgHtg-Cnst,None,NE-HV_AirDist-SupFanMtr-cDXGF-2SpClgHtg-VFDStdMtr,None,NE-HV_AirDist-SupFanMtr-cDXGF-2SpClgHtg-SRM,None,,,Each
NE-HVAC-Unitary-addSRM,Nrs,Ex,CZ03,cDXGF,0,NE-HV_AirDist-SupFanMtr-cDXGF-2SpClgHtg-Cnst,None,NE-HV_AirDist-SupFanMtr-cDXGF-2SpClgHtg-VFDStdMtr,None,NE-HV_AirDist-SupFanMtr-cDXGF-2SpClgHtg-SRM,None,,,Each
NE-HVAC-Unitary-addSRM,Nrs,Ex,CZ02,cDXGF,0,NE-HV_AirDist-SupFanMtr-cDXGF-2SpClgHtg-Cnst,None,NE-HV_AirDist-SupFanMtr-cDXGF-2SpClgHtg-VFDStdMtr,None,NE-HV_AirDist-SupFanMtr-cDXGF-2SpClgHtg-SRM,None,,,Each
NE-HVAC-Unitary-addSRM,Nrs,Ex,CZ01,cDXGF,0,NE-HV_AirDist-SupFanMtr-cDXGF-2SpClgHtg-Cnst,None,NE-HV_AirDist-SupFanMtr-cDXGF-2SpClgHtg-VFDStdMtr,None,NE-HV_AirDist-SupFanMtr-cDXGF-2SpClgHtg-SRM,None,,,Each
NE-HVAC-Unitary-addSRM,Mtl,Ex,CZ16,cDXOH,0,NE-HV_AirDist-SupFanMtr-cDXOH-2SpClgHtg-Cnst,None,NE-HV_AirDist-SupFanMtr-cDXOH-2SpClgHtg-VFDStdMtr,None,NE-HV_AirDist-SupFanMtr-cDXOH-2SpClgHtg-SRM,None,,,Each
NE-HVAC-Unitary-addSRM,Mtl,Ex,CZ15,cDXOH,0,NE-HV_AirDist-SupFanMtr-cDXOH-2SpClgHtg-Cnst,None,NE-HV_AirDist-SupFanMtr-cDXOH-2SpClgHtg-VFDStdMtr,None,NE-HV_AirDist-SupFanMtr-cDXOH-2SpClgHtg-SRM,None,,,Each
NE-HVAC-Unitary-addSRM,Mtl,Ex,CZ14,cDXOH,0,NE-HV_AirDist-SupFanMtr-cDXOH-2SpClgHtg-Cnst,None,NE-HV_AirDist-SupFanMtr-cDXOH-2SpClgHtg-VFDStdMtr,None,NE-HV_AirDist-SupFanMtr-cDXOH-2SpClgHtg-SRM,None,,,Each
NE-HVAC-Unitary-addSRM,Mtl,Ex,CZ13,cDXOH,0,NE-HV_AirDist-SupFanMtr-cDXOH-2SpClgHtg-Cnst,None,NE-HV_AirDist-SupFanMtr-cDXOH-2SpClgHtg-VFDStdMtr,None,NE-HV_AirDist-SupFanMtr-cDXOH-2SpClgHtg-SRM,None,,,Each
NE-HVAC-Unitary-addSRM,Mtl,Ex,CZ12,cDXOH,0,NE-HV_AirDist-SupFanMtr-cDXOH-2SpClgHtg-Cnst,None,NE-HV_AirDist-SupFanMtr-cDXOH-2SpClgHtg-VFDStdMtr,None,NE-HV_AirDist-SupFanMtr-cDXOH-2SpClgHtg-SRM,None,,,Each
NE-HVAC-Unitary-addSRM,Mtl,Ex,CZ11,cDXOH,0,NE-HV_AirDist-SupFanMtr-cDXOH-2SpClgHtg-Cnst,None,NE-HV_AirDist-SupFanMtr-cDXOH-2SpClgHtg-VFDStdMtr,None,NE-HV_AirDist-SupFanMtr-cDXOH-2SpClgHtg-SRM,None,,,Each
NE-HVAC-Unitary-addSRM,Mtl,Ex,CZ10,cDXOH,0,NE-HV_AirDist-SupFanMtr-cDXOH-2SpClgHtg-Cnst,None,NE-HV_AirDist-SupFanMtr-cDXOH-2SpClgHtg-VFDStdMtr,None,NE-HV_AirDist-SupFanMtr-cDXOH-2SpClgHtg-SRM,None,,,Each
NE-HVAC-Unitary-addSRM,Mtl,Ex,CZ09,cDXOH,0,NE-HV_AirDist-SupFanMtr-cDXOH-2SpClgHtg-Cnst,None,NE-HV_AirDist-SupFanMtr-cDXOH-2SpClgHtg-VFDStdMtr,None,NE-HV_AirDist-SupFanMtr-cDXOH-2SpClgHtg-SRM,None,,,Each
NE-HVAC-Unitary-addSRM,Mtl,Ex,CZ08,cDXOH,0,NE-HV_AirDist-SupFanMtr-cDXOH-2SpClgHtg-Cnst,None,NE-HV_AirDist-SupFanMtr-cDXOH-2SpClgHtg-VFDStdMtr,None,NE-HV_AirDist-SupFanMtr-cDXOH-2SpClgHtg-SRM,None,,,Each
NE-HVAC-Unitary-addSRM,Mtl,Ex,CZ07,cDXOH,0,NE-HV_AirDist-SupFanMtr-cDXOH-2SpClgHtg-Cnst,None,NE-HV_AirDist-SupFanMtr-cDXOH-2SpClgHtg-VFDStdMtr,None,NE-HV_AirDist-SupFanMtr-cDXOH-2SpClgHtg-SRM,None,,,Each
NE-HVAC-Unitary-addSRM,Mtl,Ex,CZ06,cDXOH,0,NE-HV_AirDist-SupFanMtr-cDXOH-2SpClgHtg-Cnst,None,NE-HV_AirDist-SupFanMtr-cDXOH-2SpClgHtg-VFDStdMtr,None,NE-HV_AirDist-SupFanMtr-cDXOH-2SpClgHtg-SRM,None,,,Each
NE-HVAC-Unitary-addSRM,Mtl,Ex,CZ05,cDXOH,0,NE-HV_AirDist-SupFanMtr-cDXOH-2SpClgHtg-Cnst,None,NE-HV_AirDist-SupFanMtr-cDXOH-2SpClgHtg-VFDStdMtr,None,NE-HV_AirDist-SupFanMtr-cDXOH-2SpClgHtg-SRM,None,,,Each
NE-HVAC-Unitary-addSRM,Mtl,Ex,CZ04,cDXOH,0,NE-HV_AirDist-SupFanMtr-cDXOH-2SpClgHtg-Cnst,None,NE-HV_AirDist-SupFanMtr-cDXOH-2SpClgHtg-VFDStdMtr,None,NE-HV_AirDist-SupFanMtr-cDXOH-2SpClgHtg-SRM,None,,,Each
NE-HVAC-Unitary-addSRM,Mtl,Ex,CZ03,cDXOH,0,NE-HV_AirDist-SupFanMtr-cDXOH-2SpClgHtg-Cnst,None,NE-HV_AirDist-SupFanMtr-cDXOH-2SpClgHtg-VFDStdMtr,None,NE-HV_AirDist-SupFanMtr-cDXOH-2SpClgHtg-SRM,None,,,Each
NE-HVAC-Unitary-addSRM,Mtl,Ex,CZ02,cDXOH,0,NE-HV_AirDist-SupFanMtr-cDXOH-2SpClgHtg-Cnst,None,NE-HV_AirDist-SupFanMtr-cDXOH-2SpClgHtg-VFDStdMtr,None,NE-HV_AirDist-SupFanMtr-cDXOH-2SpClgHtg-SRM,None,,,Each
NE-HVAC-Unitary-addSRM,Mtl,Ex,CZ01,cDXOH,0,NE-HV_AirDist-SupFanMtr-cDXOH-2SpClgHtg-Cnst,None,NE-HV_AirDist-SupFanMtr-cDXOH-2SpClgHtg-VFDStdMtr,None,NE-HV_AirDist-SupFanMtr-cDXOH-2SpClgHtg-SRM,None,,,Each
NE-HVAC-Unitary-addSRM,Mtl,Ex,CZ16,cDXHP,0,NE-HV_AirDist-SupFanMtr-cDXHP-2SpClgHtg-Cnst,None,NE-HV_AirDist-SupFanMtr-cDXHP-2SpClgHtg-VFDStdMtr,None,NE-HV_AirDist-SupFanMtr-cDXHP-2SpClgHtg-SRM,None,,,Each
NE-HVAC-Unitary-addSRM,Mtl,Ex,CZ15,cDXHP,0,NE-HV_AirDist-SupFanMtr-cDXHP-2SpClgHtg-Cnst,None,NE-HV_AirDist-SupFanMtr-cDXHP-2SpClgHtg-VFDStdMtr,None,NE-HV_AirDist-SupFanMtr-cDXHP-2SpClgHtg-SRM,None,,,Each
NE-HVAC-Unitary-addSRM,Mtl,Ex,CZ14,cDXHP,0,NE-HV_AirDist-SupFanMtr-cDXHP-2SpClgHtg-Cnst,None,NE-HV_AirDist-SupFanMtr-cDXHP-2SpClgHtg-VFDStdMtr,None,NE-HV_AirDist-SupFanMtr-cDXHP-2SpClgHtg-SRM,None,,,Each
NE-HVAC-Unitary-addSRM,Mtl,Ex,CZ13,cDXHP,0,NE-HV_AirDist-SupFanMtr-cDXHP-2SpClgHtg-Cnst,None,NE-HV_AirDist-SupFanMtr-cDXHP-2SpClgHtg-VFDStdMtr,None,NE-HV_AirDist-SupFanMtr-cDXHP-2SpClgHtg-SRM,None,,,Each
NE-HVAC-Unitary-addSRM,Mtl,Ex,CZ12,cDXHP,0,NE-HV_AirDist-SupFanMtr-cDXHP-2SpClgHtg-Cnst,None,NE-HV_AirDist-SupFanMtr-cDXHP-2SpClgHtg-VFDStdMtr,None,NE-HV_AirDist-SupFanMtr-cDXHP-2SpClgHtg-SRM,None,,,Each
NE-HVAC-Unitary-addSRM,Mtl,Ex,CZ11,cDXHP,0,NE-HV_AirDist-SupFanMtr-cDXHP-2SpClgHtg-Cnst,None,NE-HV_AirDist-SupFanMtr-cDXHP-2SpClgHtg-VFDStdMtr,None,NE-HV_AirDist-SupFanMtr-cDXHP-2SpClgHtg-SRM,None,,,Each
NE-HVAC-Unitary-addSRM,Mtl,Ex,CZ10,cDXHP,0,NE-HV_AirDist-SupFanMtr-cDXHP-2SpClgHtg-Cnst,None,NE-HV_AirDist-SupFanMtr-cDXHP-2SpClgHtg-VFDStdMtr,None,NE-HV_AirDist-SupFanMtr-cDXHP-2SpClgHtg-SRM,None,,,Each
NE-HVAC-Unitary-addSRM,Mtl,Ex,CZ09,cDXHP,0,NE-HV_AirDist-SupFanMtr-cDXHP-2SpClgHtg-Cnst,None,NE-HV_AirDist-SupFanMtr-cDXHP-2SpClgHtg-VFDStdMtr,None,NE-HV_AirDist-SupFanMtr-cDXHP-2SpClgHtg-SRM,None,,,Each
NE-HVAC-Unitary-addSRM,Mtl,Ex,CZ08,cDXHP,0,NE-HV_AirDist-SupFanMtr-cDXHP-2SpClgHtg-Cnst,None,NE-HV_AirDist-SupFanMtr-cDXHP-2SpClgHtg-VFDStdMtr,None,NE-HV_AirDist-SupFanMtr-cDXHP-2SpClgHtg-SRM,None,,,Each
NE-HVAC-Unitary-addSRM,Mtl,Ex,CZ07,cDXHP,0,NE-HV_AirDist-SupFanMtr-cDXHP-2SpClgHtg-Cnst,None,NE-HV_AirDist-SupFanMtr-cDXHP-2SpClgHtg-VFDStdMtr,None,NE-HV_AirDist-SupFanMtr-cDXHP-2SpClgHtg-SRM,None,,,Each
NE-HVAC-Unitary-addSRM,Mtl,Ex,CZ06,cDXHP,0,NE-HV_AirDist-SupFanMtr-cDXHP-2SpClgHtg-Cnst,None,NE-HV_AirDist-SupFanMtr-cDXHP-2SpClgHtg-VFDStdMtr,None,NE-HV_AirDist-SupFanMtr-cDXHP-2SpClgHtg-SRM,None,,,Each
NE-HVAC-Unitary-addSRM,Mtl,Ex,CZ05,cDXHP,0,NE-HV_AirDist-SupFanMtr-cDXHP-2SpClgHtg-Cnst,None,NE-HV_AirDist-SupFanMtr-cDXHP-2SpClgHtg-VFDStdMtr,None,NE-HV_AirDist-SupFanMtr-cDXHP-2SpClgHtg-SRM,None,,,Each
NE-HVAC-Unitary-addSRM,Mtl,Ex,CZ04,cDXHP,0,NE-HV_AirDist-SupFanMtr-cDXHP-2SpClgHtg-Cnst,None,NE-HV_AirDist-SupFanMtr-cDXHP-2SpClgHtg-VFDStdMtr,None,NE-HV_AirDist-SupFanMtr-cDXHP-2SpClgHtg-SRM,None,,,Each
NE-HVAC-Unitary-addSRM,Mtl,Ex,CZ03,cDXHP,0,NE-HV_AirDist-SupFanMtr-cDXHP-2SpClgHtg-Cnst,None,NE-HV_AirDist-SupFanMtr-cDXHP-2SpClgHtg-VFDStdMtr,None,NE-HV_AirDist-SupFanMtr-cDXHP-2SpClgHtg-SRM,None,,,Each
NE-HVAC-Unitary-addSRM,Mtl,Ex,CZ02,cDXHP,0,NE-HV_AirDist-SupFanMtr-cDXHP-2SpClgHtg-Cnst,None,NE-HV_AirDist-SupFanMtr-cDXHP-2SpClgHtg-VFDStdMtr,None,NE-HV_AirDist-SupFanMtr-cDXHP-2SpClgHtg-SRM,None,,,Each
NE-HVAC-Unitary-addSRM,Mtl,Ex,CZ01,cDXHP,0,NE-HV_AirDist-SupFanMtr-cDXHP-2SpClgHtg-Cnst,None,NE-HV_AirDist-SupFanMtr-cDXHP-2SpClgHtg-VFDStdMtr,None,NE-HV_AirDist-SupFanMtr-cDXHP-2SpClgHtg-SRM,None,,,Each
NE-HVAC-Unitary-addSRM,Mtl,Ex,CZ16,cDXGF,0,NE-HV_AirDist-SupFanMtr-cDXGF-2SpClgHtg-Cnst,None,NE-HV_AirDist-SupFanMtr-cDXGF-2SpClgHtg-VFDStdMtr,None,NE-HV_AirDist-SupFanMtr-cDXGF-2SpClgHtg-SRM,None,,,Each
NE-HVAC-Unitary-addSRM,Mtl,Ex,CZ15,cDXGF,0,NE-HV_AirDist-SupFanMtr-cDXGF-2SpClgHtg-Cnst,None,NE-HV_AirDist-SupFanMtr-cDXGF-2SpClgHtg-VFDStdMtr,None,NE-HV_AirDist-SupFanMtr-cDXGF-2SpClgHtg-SRM,None,,,Each
NE-HVAC-Unitary-addSRM,Mtl,Ex,CZ14,cDXGF,0,NE-HV_AirDist-SupFanMtr-cDXGF-2SpClgHtg-Cnst,None,NE-HV_AirDist-SupFanMtr-cDXGF-2SpClgHtg-VFDStdMtr,None,NE-HV_AirDist-SupFanMtr-cDXGF-2SpClgHtg-SRM,None,,,Each
NE-HVAC-Unitary-addSRM,Mtl,Ex,CZ13,cDXGF,0,NE-HV_AirDist-SupFanMtr-cDXGF-2SpClgHtg-Cnst,None,NE-HV_AirDist-SupFanMtr-cDXGF-2SpClgHtg-VFDStdMtr,None,NE-HV_AirDist-SupFanMtr-cDXGF-2SpClgHtg-SRM,None,,,Each
NE-HVAC-Unitary-addSRM,Mtl,Ex,CZ12,cDXGF,0,NE-HV_AirDist-SupFanMtr-cDXGF-2SpClgHtg-Cnst,None,NE-HV_AirDist-SupFanMtr-cDXGF-2SpClgHtg-VFDStdMtr,None,NE-HV_AirDist-SupFanMtr-cDXGF-2SpClgHtg-SRM,None,,,Each
NE-HVAC-Unitary-addSRM,Mtl,Ex,CZ11,cDXGF,0,NE-HV_AirDist-SupFanMtr-cDXGF-2SpClgHtg-Cnst,None,NE-HV_AirDist-SupFanMtr-cDXGF-2SpClgHtg-VFDStdMtr,None,NE-HV_AirDist-SupFanMtr-cDXGF-2SpClgHtg-SRM,None,,,Each
NE-HVAC-Unitary-addSRM,Mtl,Ex,CZ10,cDXGF,0,NE-HV_AirDist-SupFanMtr-cDXGF-2SpClgHtg-Cnst,None,NE-HV_AirDist-SupFanMtr-cDXGF-2SpClgHtg-VFDStdMtr,None,NE-HV_AirDist-SupFanMtr-cDXGF-2SpClgHtg-SRM,None,,,Each
NE-HVAC-Unitary-addSRM,Mtl,Ex,CZ09,cDXGF,0,NE-HV_AirDist-SupFanMtr-cDXGF-2SpClgHtg-Cnst,None,NE-HV_AirDist-SupFanMtr-cDXGF-2SpClgHtg-VFDStdMtr,None,NE-HV_AirDist-SupFanMtr-cDXGF-2SpClgHtg-SRM,None,,,Each
NE-HVAC-Unitary-addSRM,Mtl,Ex,CZ08,cDXGF,0,NE-HV_AirDist-SupFanMtr-cDXGF-2SpClgHtg-Cnst,None,NE-HV_AirDist-SupFanMtr-cDXGF-2SpClgHtg-VFDStdMtr,None,NE-HV_AirDist-SupFanMtr-cDXGF-2SpClgHtg-SRM,None,,,Each
NE-HVAC-Unitary-addSRM,Mtl,Ex,CZ07,cDXGF,0,NE-HV_AirDist-SupFanMtr-cDXGF-2SpClgHtg-Cnst,None,NE-HV_AirDist-SupFanMtr-cDXGF-2SpClgHtg-VFDStdMtr,None,NE-HV_AirDist-SupFanMtr-cDXGF-2SpClgHtg-SRM,None,,,Each
NE-HVAC-Unitary-addSRM,Mtl,Ex,CZ06,cDXGF,0,NE-HV_AirDist-SupFanMtr-cDXGF-2SpClgHtg-Cnst,None,NE-HV_AirDist-SupFanMtr-cDXGF-2SpClgHtg-VFDStdMtr,None,NE-HV_AirDist-SupFanMtr-cDXGF-2SpClgHtg-SRM,None,,,Each
NE-HVAC-Unitary-addSRM,Mtl,Ex,CZ05,cDXGF,0,NE-HV_AirDist-SupFanMtr-cDXGF-2SpClgHtg-Cnst,None,NE-HV_AirDist-SupFanMtr-cDXGF-2SpClgHtg-VFDStdMtr,None,NE-HV_AirDist-SupFanMtr-cDXGF-2SpClgHtg-SRM,None,,,Each
NE-HVAC-Unitary-addSRM,Mtl,Ex,CZ04,cDXGF,0,NE-HV_AirDist-SupFanMtr-cDXGF-2SpClgHtg-Cnst,None,NE-HV_AirDist-SupFanMtr-cDXGF-2SpClgHtg-VFDStdMtr,None,NE-HV_AirDist-SupFanMtr-cDXGF-2SpClgHtg-SRM,None,,,Each
NE-HVAC-Unitary-addSRM,Mtl,Ex,CZ03,cDXGF,0,NE-HV_AirDist-SupFanMtr-cDXGF-2SpClgHtg-Cnst,None,NE-HV_AirDist-SupFanMtr-cDXGF-2SpClgHtg-VFDStdMtr,None,NE-HV_AirDist-SupFanMtr-cDXGF-2SpClgHtg-SRM,None,,,Each
NE-HVAC-Unitary-addSRM,Mtl,Ex,CZ02,cDXGF,0,NE-HV_AirDist-SupFanMtr-cDXGF-2SpClgHtg-Cnst,None,NE-HV_AirDist-SupFanMtr-cDXGF-2SpClgHtg-VFDStdMtr,None,NE-HV_AirDist-SupFanMtr-cDXGF-2SpClgHtg-SRM,None,,,Each
NE-HVAC-Unitary-addSRM,Mtl,Ex,CZ01,cDXGF,0,NE-HV_AirDist-SupFanMtr-cDXGF-2SpClgHtg-Cnst,None,NE-HV_AirDist-SupFanMtr-cDXGF-2SpClgHtg-VFDStdMtr,None,NE-HV_AirDist-SupFanMtr-cDXGF-2SpClgHtg-SRM,None,,,Each
NE-HVAC-Unitary-addSRM,MLI,Ex,CZ16,cDXOH,0,NE-HV_AirDist-SupFanMtr-cDXOH-2SpClgHtg-Cnst,None,NE-HV_AirDist-SupFanMtr-cDXOH-2SpClgHtg-VFDStdMtr,None,NE-HV_AirDist-SupFanMtr-cDXOH-2SpClgHtg-SRM,None,,,Each
NE-HVAC-Unitary-addSRM,MLI,Ex,CZ15,cDXOH,0,NE-HV_AirDist-SupFanMtr-cDXOH-2SpClgHtg-Cnst,None,NE-HV_AirDist-SupFanMtr-cDXOH-2SpClgHtg-VFDStdMtr,None,NE-HV_AirDist-SupFanMtr-cDXOH-2SpClgHtg-SRM,None,,,Each
NE-HVAC-Unitary-addSRM,MLI,Ex,CZ14,cDXOH,0,NE-HV_AirDist-SupFanMtr-cDXOH-2SpClgHtg-Cnst,None,NE-HV_AirDist-SupFanMtr-cDXOH-2SpClgHtg-VFDStdMtr,None,NE-HV_AirDist-SupFanMtr-cDXOH-2SpClgHtg-SRM,None,,,Each
NE-HVAC-Unitary-addSRM,MLI,Ex,CZ13,cDXOH,0,NE-HV_AirDist-SupFanMtr-cDXOH-2SpClgHtg-Cnst,None,NE-HV_AirDist-SupFanMtr-cDXOH-2SpClgHtg-VFDStdMtr,None,NE-HV_AirDist-SupFanMtr-cDXOH-2SpClgHtg-SRM,None,,,Each
NE-HVAC-Unitary-addSRM,MLI,Ex,CZ12,cDXOH,0,NE-HV_AirDist-SupFanMtr-cDXOH-2SpClgHtg-Cnst,None,NE-HV_AirDist-SupFanMtr-cDXOH-2SpClgHtg-VFDStdMtr,None,NE-HV_AirDist-SupFanMtr-cDXOH-2SpClgHtg-SRM,None,,,Each
NE-HVAC-Unitary-addSRM,MLI,Ex,CZ11,cDXOH,0,NE-HV_AirDist-SupFanMtr-cDXOH-2SpClgHtg-Cnst,None,NE-HV_AirDist-SupFanMtr-cDXOH-2SpClgHtg-VFDStdMtr,None,NE-HV_AirDist-SupFanMtr-cDXOH-2SpClgHtg-SRM,None,,,Each
NE-HVAC-Unitary-addSRM,MLI,Ex,CZ10,cDXOH,0,NE-HV_AirDist-SupFanMtr-cDXOH-2SpClgHtg-Cnst,None,NE-HV_AirDist-SupFanMtr-cDXOH-2SpClgHtg-VFDStdMtr,None,NE-HV_AirDist-SupFanMtr-cDXOH-2SpClgHtg-SRM,None,,,Each
NE-HVAC-Unitary-addSRM,MLI,Ex,CZ09,cDXOH,0,NE-HV_AirDist-SupFanMtr-cDXOH-2SpClgHtg-Cnst,None,NE-HV_AirDist-SupFanMtr-cDXOH-2SpClgHtg-VFDStdMtr,None,NE-HV_AirDist-SupFanMtr-cDXOH-2SpClgHtg-SRM,None,,,Each
NE-HVAC-Unitary-addSRM,MLI,Ex,CZ08,cDXOH,0,NE-HV_AirDist-SupFanMtr-cDXOH-2SpClgHtg-Cnst,None,NE-HV_AirDist-SupFanMtr-cDXOH-2SpClgHtg-VFDStdMtr,None,NE-HV_AirDist-SupFanMtr-cDXOH-2SpClgHtg-SRM,None,,,Each
NE-HVAC-Unitary-addSRM,MLI,Ex,CZ07,cDXOH,0,NE-HV_AirDist-SupFanMtr-cDXOH-2SpClgHtg-Cnst,None,NE-HV_AirDist-SupFanMtr-cDXOH-2SpClgHtg-VFDStdMtr,None,NE-HV_AirDist-SupFanMtr-cDXOH-2SpClgHtg-SRM,None,,,Each
NE-HVAC-Unitary-addSRM,MLI,Ex,CZ06,cDXOH,0,NE-HV_AirDist-SupFanMtr-cDXOH-2SpClgHtg-Cnst,None,NE-HV_AirDist-SupFanMtr-cDXOH-2SpClgHtg-VFDStdMtr,None,NE-HV_AirDist-SupFanMtr-cDXOH-2SpClgHtg-SRM,None,,,Each
NE-HVAC-Unitary-addSRM,MLI,Ex,CZ05,cDXOH,0,NE-HV_AirDist-SupFanMtr-cDXOH-2SpClgHtg-Cnst,None,NE-HV_AirDist-SupFanMtr-cDXOH-2SpClgHtg-VFDStdMtr,None,NE-HV_AirDist-SupFanMtr-cDXOH-2SpClgHtg-SRM,None,,,Each
NE-HVAC-Unitary-addSRM,MLI,Ex,CZ04,cDXOH,0,NE-HV_AirDist-SupFanMtr-cDXOH-2SpClgHtg-Cnst,None,NE-HV_AirDist-SupFanMtr-cDXOH-2SpClgHtg-VFDStdMtr,None,NE-HV_AirDist-SupFanMtr-cDXOH-2SpClgHtg-SRM,None,,,Each
NE-HVAC-Unitary-addSRM,MLI,Ex,CZ03,cDXOH,0,NE-HV_AirDist-SupFanMtr-cDXOH-2SpClgHtg-Cnst,None,NE-HV_AirDist-SupFanMtr-cDXOH-2SpClgHtg-VFDStdMtr,None,NE-HV_AirDist-SupFanMtr-cDXOH-2SpClgHtg-SRM,None,,,Each
NE-HVAC-Unitary-addSRM,MLI,Ex,CZ02,cDXOH,0,NE-HV_AirDist-SupFanMtr-cDXOH-2SpClgHtg-Cnst,None,NE-HV_AirDist-SupFanMtr-cDXOH-2SpClgHtg-VFDStdMtr,None,NE-HV_AirDist-SupFanMtr-cDXOH-2SpClgHtg-SRM,None,,,Each
NE-HVAC-Unitary-addSRM,MLI,Ex,CZ01,cDXOH,0,NE-HV_AirDist-SupFanMtr-cDXOH-2SpClgHtg-Cnst,None,NE-HV_AirDist-SupFanMtr-cDXOH-2SpClgHtg-VFDStdMtr,None,NE-HV_AirDist-SupFanMtr-cDXOH-2SpClgHtg-SRM,None,,,Each
NE-HVAC-Unitary-addSRM,MLI,Ex,CZ16,cDXHP,0,NE-HV_AirDist-SupFanMtr-cDXHP-2SpClgHtg-Cnst,None,NE-HV_AirDist-SupFanMtr-cDXHP-2SpClgHtg-VFDStdMtr,None,NE-HV_AirDist-SupFanMtr-cDXHP-2SpClgHtg-SRM,None,,,Each
NE-HVAC-Unitary-addSRM,MLI,Ex,CZ15,cDXHP,0,NE-HV_AirDist-SupFanMtr-cDXHP-2SpClgHtg-Cnst,None,NE-HV_AirDist-SupFanMtr-cDXHP-2SpClgHtg-VFDStdMtr,None,NE-HV_AirDist-SupFanMtr-cDXHP-2SpClgHtg-SRM,None,,,Each
NE-HVAC-Unitary-addSRM,MLI,Ex,CZ14,cDXHP,0,NE-HV_AirDist-SupFanMtr-cDXHP-2SpClgHtg-Cnst,None,NE-HV_AirDist-SupFanMtr-cDXHP-2SpClgHtg-VFDStdMtr,None,NE-HV_AirDist-SupFanMtr-cDXHP-2SpClgHtg-SRM,None,,,Each
NE-HVAC-Unitary-addSRM,MLI,Ex,CZ13,cDXHP,0,NE-HV_AirDist-SupFanMtr-cDXHP-2SpClgHtg-Cnst,None,NE-HV_AirDist-SupFanMtr-cDXHP-2SpClgHtg-VFDStdMtr,None,NE-HV_AirDist-SupFanMtr-cDXHP-2SpClgHtg-SRM,None,,,Each
NE-HVAC-Unitary-addSRM,MLI,Ex,CZ12,cDXHP,0,NE-HV_AirDist-SupFanMtr-cDXHP-2SpClgHtg-Cnst,None,NE-HV_AirDist-SupFanMtr-cDXHP-2SpClgHtg-VFDStdMtr,None,NE-HV_AirDist-SupFanMtr-cDXHP-2SpClgHtg-SRM,None,,,Each
NE-HVAC-Unitary-addSRM,MLI,Ex,CZ11,cDXHP,0,NE-HV_AirDist-SupFanMtr-cDXHP-2SpClgHtg-Cnst,None,NE-HV_AirDist-SupFanMtr-cDXHP-2SpClgHtg-VFDStdMtr,None,NE-HV_AirDist-SupFanMtr-cDXHP-2SpClgHtg-SRM,None,,,Each
NE-HVAC-Unitary-addSRM,MLI,Ex,CZ10,cDXHP,0,NE-HV_AirDist-SupFanMtr-cDXHP-2SpClgHtg-Cnst,None,NE-HV_AirDist-SupFanMtr-cDXHP-2SpClgHtg-VFDStdMtr,None,NE-HV_AirDist-SupFanMtr-cDXHP-2SpClgHtg-SRM,None,,,Each
NE-HVAC-Unitary-addSRM,MLI,Ex,CZ09,cDXHP,0,NE-HV_AirDist-SupFanMtr-cDXHP-2SpClgHtg-Cnst,None,NE-HV_AirDist-SupFanMtr-cDXHP-2SpClgHtg-VFDStdMtr,None,NE-HV_AirDist-SupFanMtr-cDXHP-2SpClgHtg-SRM,None,,,Each
NE-HVAC-Unitary-addSRM,MLI,Ex,CZ08,cDXHP,0,NE-HV_AirDist-SupFanMtr-cDXHP-2SpClgHtg-Cnst,None,NE-HV_AirDist-SupFanMtr-cDXHP-2SpClgHtg-VFDStdMtr,None,NE-HV_AirDist-SupFanMtr-cDXHP-2SpClgHtg-SRM,None,,,Each
NE-HVAC-Unitary-addSRM,MLI,Ex,CZ07,cDXHP,0,NE-HV_AirDist-SupFanMtr-cDXHP-2SpClgHtg-Cnst,None,NE-HV_AirDist-SupFanMtr-cDXHP-2SpClgHtg-VFDStdMtr,None,NE-HV_AirDist-SupFanMtr-cDXHP-2SpClgHtg-SRM,None,,,Each
NE-HVAC-Unitary-addSRM,MLI,Ex,CZ06,cDXHP,0,NE-HV_AirDist-SupFanMtr-cDXHP-2SpClgHtg-Cnst,None,NE-HV_AirDist-SupFanMtr-cDXHP-2SpClgHtg-VFDStdMtr,None,NE-HV_AirDist-SupFanMtr-cDXHP-2SpClgHtg-SRM,None,,,Each
NE-HVAC-Unitary-addSRM,MLI,Ex,CZ05,cDXHP,0,NE-HV_AirDist-SupFanMtr-cDXHP-2SpClgHtg-Cnst,None,NE-HV_AirDist-SupFanMtr-cDXHP-2SpClgHtg-VFDStdMtr,None,NE-HV_AirDist-SupFanMtr-cDXHP-2SpClgHtg-SRM,None,,,Each
NE-HVAC-Unitary-addSRM,MLI,Ex,CZ04,cDXHP,0,NE-HV_AirDist-SupFanMtr-cDXHP-2SpClgHtg-Cnst,None,NE-HV_AirDist-SupFanMtr-cDXHP-2SpClgHtg-VFDStdMtr,None,NE-HV_AirDist-SupFanMtr-cDXHP-2SpClgHtg-SRM,None,,,Each
NE-HVAC-Unitary-addSRM,MLI,Ex,CZ03,cDXHP,0,NE-HV_AirDist-SupFanMtr-cDXHP-2SpClgHtg-Cnst,None,NE-HV_AirDist-SupFanMtr-cDXHP-2SpClgHtg-VFDStdMtr,None,NE-HV_AirDist-SupFanMtr-cDXHP-2SpClgHtg-SRM,None,,,Each
NE-HVAC-Unitary-addSRM,MLI,Ex,CZ02,cDXHP,0,NE-HV_AirDist-SupFanMtr-cDXHP-2SpClgHtg-Cnst,None,NE-HV_AirDist-SupFanMtr-cDXHP-2SpClgHtg-VFDStdMtr,None,NE-HV_AirDist-SupFanMtr-cDXHP-2SpClgHtg-SRM,None,,,Each
NE-HVAC-Unitary-addSRM,MLI,Ex,CZ01,cDXHP,0,NE-HV_AirDist-SupFanMtr-cDXHP-2SpClgHtg-Cnst,None,NE-HV_AirDist-SupFanMtr-cDXHP-2SpClgHtg-VFDStdMtr,None,NE-HV_AirDist-SupFanMtr-cDXHP-2SpClgHtg-SRM,None,,,Each
NE-HVAC-Unitary-addSRM,MLI,Ex,CZ16,cDXGF,0,NE-HV_AirDist-SupFanMtr-cDXGF-2SpClgHtg-Cnst,None,NE-HV_AirDist-SupFanMtr-cDXGF-2SpClgHtg-VFDStdMtr,None,NE-HV_AirDist-SupFanMtr-cDXGF-2SpClgHtg-SRM,None,,,Each
NE-HVAC-Unitary-addSRM,MLI,Ex,CZ15,cDXGF,0,NE-HV_AirDist-SupFanMtr-cDXGF-2SpClgHtg-Cnst,None,NE-HV_AirDist-SupFanMtr-cDXGF-2SpClgHtg-VFDStdMtr,None,NE-HV_AirDist-SupFanMtr-cDXGF-2SpClgHtg-SRM,None,,,Each
NE-HVAC-Unitary-addSRM,MLI,Ex,CZ14,cDXGF,0,NE-HV_AirDist-SupFanMtr-cDXGF-2SpClgHtg-Cnst,None,NE-HV_AirDist-SupFanMtr-cDXGF-2SpClgHtg-VFDStdMtr,None,NE-HV_AirDist-SupFanMtr-cDXGF-2SpClgHtg-SRM,None,,,Each
NE-HVAC-Unitary-addSRM,MLI,Ex,CZ13,cDXGF,0,NE-HV_AirDist-SupFanMtr-cDXGF-2SpClgHtg-Cnst,None,NE-HV_AirDist-SupFanMtr-cDXGF-2SpClgHtg-VFDStdMtr,None,NE-HV_AirDist-SupFanMtr-cDXGF-2SpClgHtg-SRM,None,,,Each
NE-HVAC-Unitary-addSRM,MLI,Ex,CZ12,cDXGF,0,NE-HV_AirDist-SupFanMtr-cDXGF-2SpClgHtg-Cnst,None,NE-HV_AirDist-SupFanMtr-cDXGF-2SpClgHtg-VFDStdMtr,None,NE-HV_AirDist-SupFanMtr-cDXGF-2SpClgHtg-SRM,None,,,Each
NE-HVAC-Unitary-addSRM,MLI,Ex,CZ11,cDXGF,0,NE-HV_AirDist-SupFanMtr-cDXGF-2SpClgHtg-Cnst,None,NE-HV_AirDist-SupFanMtr-cDXGF-2SpClgHtg-VFDStdMtr,None,NE-HV_AirDist-SupFanMtr-cDXGF-2SpClgHtg-SRM,None,,,Each
NE-HVAC-Unitary-addSRM,MLI,Ex,CZ10,cDXGF,0,NE-HV_AirDist-SupFanMtr-cDXGF-2SpClgHtg-Cnst,None,NE-HV_AirDist-SupFanMtr-cDXGF-2SpClgHtg-VFDStdMtr,None,NE-HV_AirDist-SupFanMtr-cDXGF-2SpClgHtg-SRM,None,,,Each
NE-HVAC-Unitary-addSRM,MLI,Ex,CZ09,cDXGF,0,NE-HV_AirDist-SupFanMtr-cDXGF-2SpClgHtg-Cnst,None,NE-HV_AirDist-SupFanMtr-cDXGF-2SpClgHtg-VFDStdMtr,None,NE-HV_AirDist-SupFanMtr-cDXGF-2SpClgHtg-SRM,None,,,Each
NE-HVAC-Unitary-addSRM,MLI,Ex,CZ08,cDXGF,0,NE-HV_AirDist-SupFanMtr-cDXGF-2SpClgHtg-Cnst,None,NE-HV_AirDist-SupFanMtr-cDXGF-2SpClgHtg-VFDStdMtr,None,NE-HV_AirDist-SupFanMtr-cDXGF-2SpClgHtg-SRM,None,,,Each
NE-HVAC-Unitary-addSRM,MLI,Ex,CZ07,cDXGF,0,NE-HV_AirDist-SupFanMtr-cDXGF-2SpClgHtg-Cnst,None,NE-HV_AirDist-SupFanMtr-cDXGF-2SpClgHtg-VFDStdMtr,None,NE-HV_AirDist-SupFanMtr-cDXGF-2SpClgHtg-SRM,None,,,Each
NE-HVAC-Unitary-addSRM,MLI,Ex,CZ06,cDXGF,0,NE-HV_AirDist-SupFanMtr-cDXGF-2SpClgHtg-Cnst,None,NE-HV_AirDist-SupFanMtr-cDXGF-2SpClgHtg-VFDStdMtr,None,NE-HV_AirDist-SupFanMtr-cDXGF-2SpClgHtg-SRM,None,,,Each
NE-HVAC-Unitary-addSRM,MLI,Ex,CZ05,cDXGF,0,NE-HV_AirDist-SupFanMtr-cDXGF-2SpClgHtg-Cnst,None,NE-HV_AirDist-SupFanMtr-cDXGF-2SpClgHtg-VFDStdMtr,None,NE-HV_AirDist-SupFanMtr-cDXGF-2SpClgHtg-SRM,None,,,Each
NE-HVAC-Unitary-addSRM,MLI,Ex,CZ04,cDXGF,0,NE-HV_AirDist-SupFanMtr-cDXGF-2SpClgHtg-Cnst,None,NE-HV_AirDist-SupFanMtr-cDXGF-2SpClgHtg-VFDStdMtr,None,NE-HV_AirDist-SupFanMtr-cDXGF-2SpClgHtg-SRM,None,,,Each
NE-HVAC-Unitary-addSRM,MLI,Ex,CZ03,cDXGF,0,NE-HV_AirDist-SupFanMtr-cDXGF-2SpClgHtg-Cnst,None,NE-HV_AirDist-SupFanMtr-cDXGF-2SpClgHtg-VFDStdMtr,None,NE-HV_AirDist-SupFanMtr-cDXGF-2SpClgHtg-SRM,None,,,Each
NE-HVAC-Unitary-addSRM,MLI,Ex,CZ02,cDXGF,0,NE-HV_AirDist-SupFanMtr-cDXGF-2SpClgHtg-Cnst,None,NE-HV_AirDist-SupFanMtr-cDXGF-2SpClgHtg-VFDStdMtr,None,NE-HV_AirDist-SupFanMtr-cDXGF-2SpClgHtg-SRM,None,,,Each
NE-HVAC-Unitary-addSRM,MLI,Ex,CZ01,cDXGF,0,NE-HV_AirDist-SupFanMtr-cDXGF-2SpClgHtg-Cnst,None,NE-HV_AirDist-SupFanMtr-cDXGF-2SpClgHtg-VFDStdMtr,None,NE-HV_AirDist-SupFanMtr-cDXGF-2SpClgHtg-SRM,None,,,Each
NE-HVAC-Unitary-addSRM,MBT,Ex,CZ16,cDXOH,0,NE-HV_AirDist-SupFanMtr-cDXOH-2SpClgHtg-Cnst,None,NE-HV_AirDist-SupFanMtr-cDXOH-2SpClgHtg-VFDStdMtr,None,NE-HV_AirDist-SupFanMtr-cDXOH-2SpClgHtg-SRM,None,,,Each
NE-HVAC-Unitary-addSRM,MBT,Ex,CZ15,cDXOH,0,NE-HV_AirDist-SupFanMtr-cDXOH-2SpClgHtg-Cnst,None,NE-HV_AirDist-SupFanMtr-cDXOH-2SpClgHtg-VFDStdMtr,None,NE-HV_AirDist-SupFanMtr-cDXOH-2SpClgHtg-SRM,None,,,Each
NE-HVAC-Unitary-addSRM,MBT,Ex,CZ14,cDXOH,0,NE-HV_AirDist-SupFanMtr-cDXOH-2SpClgHtg-Cnst,None,NE-HV_AirDist-SupFanMtr-cDXOH-2SpClgHtg-VFDStdMtr,None,NE-HV_AirDist-SupFanMtr-cDXOH-2SpClgHtg-SRM,None,,,Each
NE-HVAC-Unitary-addSRM,MBT,Ex,CZ13,cDXOH,0,NE-HV_AirDist-SupFanMtr-cDXOH-2SpClgHtg-Cnst,None,NE-HV_AirDist-SupFanMtr-cDXOH-2SpClgHtg-VFDStdMtr,None,NE-HV_AirDist-SupFanMtr-cDXOH-2SpClgHtg-SRM,None,,,Each
NE-HVAC-Unitary-addSRM,MBT,Ex,CZ12,cDXOH,0,NE-HV_AirDist-SupFanMtr-cDXOH-2SpClgHtg-Cnst,None,NE-HV_AirDist-SupFanMtr-cDXOH-2SpClgHtg-VFDStdMtr,None,NE-HV_AirDist-SupFanMtr-cDXOH-2SpClgHtg-SRM,None,,,Each
NE-HVAC-Unitary-addSRM,MBT,Ex,CZ11,cDXOH,0,NE-HV_AirDist-SupFanMtr-cDXOH-2SpClgHtg-Cnst,None,NE-HV_AirDist-SupFanMtr-cDXOH-2SpClgHtg-VFDStdMtr,None,NE-HV_AirDist-SupFanMtr-cDXOH-2SpClgHtg-SRM,None,,,Each
NE-HVAC-Unitary-addSRM,MBT,Ex,CZ10,cDXOH,0,NE-HV_AirDist-SupFanMtr-cDXOH-2SpClgHtg-Cnst,None,NE-HV_AirDist-SupFanMtr-cDXOH-2SpClgHtg-VFDStdMtr,None,NE-HV_AirDist-SupFanMtr-cDXOH-2SpClgHtg-SRM,None,,,Each
NE-HVAC-Unitary-addSRM,MBT,Ex,CZ09,cDXOH,0,NE-HV_AirDist-SupFanMtr-cDXOH-2SpClgHtg-Cnst,None,NE-HV_AirDist-SupFanMtr-cDXOH-2SpClgHtg-VFDStdMtr,None,NE-HV_AirDist-SupFanMtr-cDXOH-2SpClgHtg-SRM,None,,,Each
NE-HVAC-Unitary-addSRM,MBT,Ex,CZ08,cDXOH,0,NE-HV_AirDist-SupFanMtr-cDXOH-2SpClgHtg-Cnst,None,NE-HV_AirDist-SupFanMtr-cDXOH-2SpClgHtg-VFDStdMtr,None,NE-HV_AirDist-SupFanMtr-cDXOH-2SpClgHtg-SRM,None,,,Each
NE-HVAC-Unitary-addSRM,MBT,Ex,CZ07,cDXOH,0,NE-HV_AirDist-SupFanMtr-cDXOH-2SpClgHtg-Cnst,None,NE-HV_AirDist-SupFanMtr-cDXOH-2SpClgHtg-VFDStdMtr,None,NE-HV_AirDist-SupFanMtr-cDXOH-2SpClgHtg-SRM,None,,,Each
NE-HVAC-Unitary-addSRM,MBT,Ex,CZ06,cDXOH,0,NE-HV_AirDist-SupFanMtr-cDXOH-2SpClgHtg-Cnst,None,NE-HV_AirDist-SupFanMtr-cDXOH-2SpClgHtg-VFDStdMtr,None,NE-HV_AirDist-SupFanMtr-cDXOH-2SpClgHtg-SRM,None,,,Each
NE-HVAC-Unitary-addSRM,MBT,Ex,CZ05,cDXOH,0,NE-HV_AirDist-SupFanMtr-cDXOH-2SpClgHtg-Cnst,None,NE-HV_AirDist-SupFanMtr-cDXOH-2SpClgHtg-VFDStdMtr,None,NE-HV_AirDist-SupFanMtr-cDXOH-2SpClgHtg-SRM,None,,,Each
NE-HVAC-Unitary-addSRM,MBT,Ex,CZ04,cDXOH,0,NE-HV_AirDist-SupFanMtr-cDXOH-2SpClgHtg-Cnst,None,NE-HV_AirDist-SupFanMtr-cDXOH-2SpClgHtg-VFDStdMtr,None,NE-HV_AirDist-SupFanMtr-cDXOH-2SpClgHtg-SRM,None,,,Each
NE-HVAC-Unitary-addSRM,MBT,Ex,CZ03,cDXOH,0,NE-HV_AirDist-SupFanMtr-cDXOH-2SpClgHtg-Cnst,None,NE-HV_AirDist-SupFanMtr-cDXOH-2SpClgHtg-VFDStdMtr,None,NE-HV_AirDist-SupFanMtr-cDXOH-2SpClgHtg-SRM,None,,,Each
NE-HVAC-Unitary-addSRM,MBT,Ex,CZ02,cDXOH,0,NE-HV_AirDist-SupFanMtr-cDXOH-2SpClgHtg-Cnst,None,NE-HV_AirDist-SupFanMtr-cDXOH-2SpClgHtg-VFDStdMtr,None,NE-HV_AirDist-SupFanMtr-cDXOH-2SpClgHtg-SRM,None,,,Each
NE-HVAC-Unitary-addSRM,MBT,Ex,CZ01,cDXOH,0,NE-HV_AirDist-SupFanMtr-cDXOH-2SpClgHtg-Cnst,None,NE-HV_AirDist-SupFanMtr-cDXOH-2SpClgHtg-VFDStdMtr,None,NE-HV_AirDist-SupFanMtr-cDXOH-2SpClgHtg-SRM,None,,,Each
NE-HVAC-Unitary-addSRM,MBT,Ex,CZ16,cDXHP,0,NE-HV_AirDist-SupFanMtr-cDXHP-2SpClgHtg-Cnst,None,NE-HV_AirDist-SupFanMtr-cDXHP-2SpClgHtg-VFDStdMtr,None,NE-HV_AirDist-SupFanMtr-cDXHP-2SpClgHtg-SRM,None,,,Each
NE-HVAC-Unitary-addSRM,MBT,Ex,CZ15,cDXHP,0,NE-HV_AirDist-SupFanMtr-cDXHP-2SpClgHtg-Cnst,None,NE-HV_AirDist-SupFanMtr-cDXHP-2SpClgHtg-VFDStdMtr,None,NE-HV_AirDist-SupFanMtr-cDXHP-2SpClgHtg-SRM,None,,,Each
NE-HVAC-Unitary-addSRM,MBT,Ex,CZ14,cDXHP,0,NE-HV_AirDist-SupFanMtr-cDXHP-2SpClgHtg-Cnst,None,NE-HV_AirDist-SupFanMtr-cDXHP-2SpClgHtg-VFDStdMtr,None,NE-HV_AirDist-SupFanMtr-cDXHP-2SpClgHtg-SRM,None,,,Each
NE-HVAC-Unitary-addSRM,MBT,Ex,CZ13,cDXHP,0,NE-HV_AirDist-SupFanMtr-cDXHP-2SpClgHtg-Cnst,None,NE-HV_AirDist-SupFanMtr-cDXHP-2SpClgHtg-VFDStdMtr,None,NE-HV_AirDist-SupFanMtr-cDXHP-2SpClgHtg-SRM,None,,,Each
NE-HVAC-Unitary-addSRM,MBT,Ex,CZ12,cDXHP,0,NE-HV_AirDist-SupFanMtr-cDXHP-2SpClgHtg-Cnst,None,NE-HV_AirDist-SupFanMtr-cDXHP-2SpClgHtg-VFDStdMtr,None,NE-HV_AirDist-SupFanMtr-cDXHP-2SpClgHtg-SRM,None,,,Each
NE-HVAC-Unitary-addSRM,MBT,Ex,CZ11,cDXHP,0,NE-HV_AirDist-SupFanMtr-cDXHP-2SpClgHtg-Cnst,None,NE-HV_AirDist-SupFanMtr-cDXHP-2SpClgHtg-VFDStdMtr,None,NE-HV_AirDist-SupFanMtr-cDXHP-2SpClgHtg-SRM,None,,,Each
NE-HVAC-Unitary-addSRM,MBT,Ex,CZ10,cDXHP,0,NE-HV_AirDist-SupFanMtr-cDXHP-2SpClgHtg-Cnst,None,NE-HV_AirDist-SupFanMtr-cDXHP-2SpClgHtg-VFDStdMtr,None,NE-HV_AirDist-SupFanMtr-cDXHP-2SpClgHtg-SRM,None,,,Each
NE-HVAC-Unitary-addSRM,MBT,Ex,CZ09,cDXHP,0,NE-HV_AirDist-SupFanMtr-cDXHP-2SpClgHtg-Cnst,None,NE-HV_AirDist-SupFanMtr-cDXHP-2SpClgHtg-VFDStdMtr,None,NE-HV_AirDist-SupFanMtr-cDXHP-2SpClgHtg-SRM,None,,,Each
NE-HVAC-Unitary-addSRM,MBT,Ex,CZ08,cDXHP,0,NE-HV_AirDist-SupFanMtr-cDXHP-2SpClgHtg-Cnst,None,NE-HV_AirDist-SupFanMtr-cDXHP-2SpClgHtg-VFDStdMtr,None,NE-HV_AirDist-SupFanMtr-cDXHP-2SpClgHtg-SRM,None,,,Each
NE-HVAC-Unitary-addSRM,MBT,Ex,CZ07,cDXHP,0,NE-HV_AirDist-SupFanMtr-cDXHP-2SpClgHtg-Cnst,None,NE-HV_AirDist-SupFanMtr-cDXHP-2SpClgHtg-VFDStdMtr,None,NE-HV_AirDist-SupFanMtr-cDXHP-2SpClgHtg-SRM,None,,,Each
NE-HVAC-Unitary-addSRM,MBT,Ex,CZ06,cDXHP,0,NE-HV_AirDist-SupFanMtr-cDXHP-2SpClgHtg-Cnst,None,NE-HV_AirDist-SupFanMtr-cDXHP-2SpClgHtg-VFDStdMtr,None,NE-HV_AirDist-SupFanMtr-cDXHP-2SpClgHtg-SRM,None,,,Each
NE-HVAC-Unitary-addSRM,MBT,Ex,CZ05,cDXHP,0,NE-HV_AirDist-SupFanMtr-cDXHP-2SpClgHtg-Cnst,None,NE-HV_AirDist-SupFanMtr-cDXHP-2SpClgHtg-VFDStdMtr,None,NE-HV_AirDist-SupFanMtr-cDXHP-2SpClgHtg-SRM,None,,,Each
NE-HVAC-Unitary-addSRM,MBT,Ex,CZ04,cDXHP,0,NE-HV_AirDist-SupFanMtr-cDXHP-2SpClgHtg-Cnst,None,NE-HV_AirDist-SupFanMtr-cDXHP-2SpClgHtg-VFDStdMtr,None,NE-HV_AirDist-SupFanMtr-cDXHP-2SpClgHtg-SRM,None,,,Each
NE-HVAC-Unitary-addSRM,MBT,Ex,CZ03,cDXHP,0,NE-HV_AirDist-SupFanMtr-cDXHP-2SpClgHtg-Cnst,None,NE-HV_AirDist-SupFanMtr-cDXHP-2SpClgHtg-VFDStdMtr,None,NE-HV_AirDist-SupFanMtr-cDXHP-2SpClgHtg-SRM,None,,,Each
NE-HVAC-Unitary-addSRM,MBT,Ex,CZ02,cDXHP,0,NE-HV_AirDist-SupFanMtr-cDXHP-2SpClgHtg-Cnst,None,NE-HV_AirDist-SupFanMtr-cDXHP-2SpClgHtg-VFDStdMtr,None,NE-HV_AirDist-SupFanMtr-cDXHP-2SpClgHtg-SRM,None,,,Each
NE-HVAC-Unitary-addSRM,MBT,Ex,CZ01,cDXHP,0,NE-HV_AirDist-SupFanMtr-cDXHP-2SpClgHtg-Cnst,None,NE-HV_AirDist-SupFanMtr-cDXHP-2SpClgHtg-VFDStdMtr,None,NE-HV_AirDist-SupFanMtr-cDXHP-2SpClgHtg-SRM,None,,,Each
NE-HVAC-Unitary-addSRM,MBT,Ex,CZ16,cDXGF,0,NE-HV_AirDist-SupFanMtr-cDXGF-2SpClgHtg-Cnst,None,NE-HV_AirDist-SupFanMtr-cDXGF-2SpClgHtg-VFDStdMtr,None,NE-HV_AirDist-SupFanMtr-cDXGF-2SpClgHtg-SRM,None,,,Each
NE-HVAC-Unitary-addSRM,MBT,Ex,CZ15,cDXGF,0,NE-HV_AirDist-SupFanMtr-cDXGF-2SpClgHtg-Cnst,None,NE-HV_AirDist-SupFanMtr-cDXGF-2SpClgHtg-VFDStdMtr,None,NE-HV_AirDist-SupFanMtr-cDXGF-2SpClgHtg-SRM,None,,,Each
NE-HVAC-Unitary-addSRM,MBT,Ex,CZ14,cDXGF,0,NE-HV_AirDist-SupFanMtr-cDXGF-2SpClgHtg-Cnst,None,NE-HV_AirDist-SupFanMtr-cDXGF-2SpClgHtg-VFDStdMtr,None,NE-HV_AirDist-SupFanMtr-cDXGF-2SpClgHtg-SRM,None,,,Each
NE-HVAC-Unitary-addSRM,MBT,Ex,CZ13,cDXGF,0,NE-HV_AirDist-SupFanMtr-cDXGF-2SpClgHtg-Cnst,None,NE-HV_AirDist-SupFanMtr-cDXGF-2SpClgHtg-VFDStdMtr,None,NE-HV_AirDist-SupFanMtr-cDXGF-2SpClgHtg-SRM,None,,,Each
NE-HVAC-Unitary-addSRM,MBT,Ex,CZ12,cDXGF,0,NE-HV_AirDist-SupFanMtr-cDXGF-2SpClgHtg-Cnst,None,NE-HV_AirDist-SupFanMtr-cDXGF-2SpClgHtg-VFDStdMtr,None,NE-HV_AirDist-SupFanMtr-cDXGF-2SpClgHtg-SRM,None,,,Each
NE-HVAC-Unitary-addSRM,MBT,Ex,CZ11,cDXGF,0,NE-HV_AirDist-SupFanMtr-cDXGF-2SpClgHtg-Cnst,None,NE-HV_AirDist-SupFanMtr-cDXGF-2SpClgHtg-VFDStdMtr,None,NE-HV_AirDist-SupFanMtr-cDXGF-2SpClgHtg-SRM,None,,,Each
NE-HVAC-Unitary-addSRM,MBT,Ex,CZ10,cDXGF,0,NE-HV_AirDist-SupFanMtr-cDXGF-2SpClgHtg-Cnst,None,NE-HV_AirDist-SupFanMtr-cDXGF-2SpClgHtg-VFDStdMtr,None,NE-HV_AirDist-SupFanMtr-cDXGF-2SpClgHtg-SRM,None,,,Each
NE-HVAC-Unitary-addSRM,MBT,Ex,CZ09,cDXGF,0,NE-HV_AirDist-SupFanMtr-cDXGF-2SpClgHtg-Cnst,None,NE-HV_AirDist-SupFanMtr-cDXGF-2SpClgHtg-VFDStdMtr,None,NE-HV_AirDist-SupFanMtr-cDXGF-2SpClgHtg-SRM,None,,,Each
NE-HVAC-Unitary-addSRM,MBT,Ex,CZ08,cDXGF,0,NE-HV_AirDist-SupFanMtr-cDXGF-2SpClgHtg-Cnst,None,NE-HV_AirDist-SupFanMtr-cDXGF-2SpClgHtg-VFDStdMtr,None,NE-HV_AirDist-SupFanMtr-cDXGF-2SpClgHtg-SRM,None,,,Each
NE-HVAC-Unitary-addSRM,MBT,Ex,CZ07,cDXGF,0,NE-HV_AirDist-SupFanMtr-cDXGF-2SpClgHtg-Cnst,None,NE-HV_AirDist-SupFanMtr-cDXGF-2SpClgHtg-VFDStdMtr,None,NE-HV_AirDist-SupFanMtr-cDXGF-2SpClgHtg-SRM,None,,,Each
NE-HVAC-Unitary-addSRM,MBT,Ex,CZ06,cDXGF,0,NE-HV_AirDist-SupFanMtr-cDXGF-2SpClgHtg-Cnst,None,NE-HV_AirDist-SupFanMtr-cDXGF-2SpClgHtg-VFDStdMtr,None,NE-HV_AirDist-SupFanMtr-cDXGF-2SpClgHtg-SRM,None,,,Each
NE-HVAC-Unitary-addSRM,MBT,Ex,CZ05,cDXGF,0,NE-HV_AirDist-SupFanMtr-cDXGF-2SpClgHtg-Cnst,None,NE-HV_AirDist-SupFanMtr-cDXGF-2SpClgHtg-VFDStdMtr,None,NE-HV_AirDist-SupFanMtr-cDXGF-2SpClgHtg-SRM,None,,,Each
NE-HVAC-Unitary-addSRM,MBT,Ex,CZ04,cDXGF,0,NE-HV_AirDist-SupFanMtr-cDXGF-2SpClgHtg-Cnst,None,NE-HV_AirDist-SupFanMtr-cDXGF-2SpClgHtg-VFDStdMtr,None,NE-HV_AirDist-SupFanMtr-cDXGF-2SpClgHtg-SRM,None,,,Each
NE-HVAC-Unitary-addSRM,MBT,Ex,CZ03,cDXGF,0,NE-HV_AirDist-SupFanMtr-cDXGF-2SpClgHtg-Cnst,None,NE-HV_AirDist-SupFanMtr-cDXGF-2SpClgHtg-VFDStdMtr,None,NE-HV_AirDist-SupFanMtr-cDXGF-2SpClgHtg-SRM,None,,,Each
NE-HVAC-Unitary-addSRM,MBT,Ex,CZ02,cDXGF,0,NE-HV_AirDist-SupFanMtr-cDXGF-2SpClgHtg-Cnst,None,NE-HV_AirDist-SupFanMtr-cDXGF-2SpClgHtg-VFDStdMtr,None,NE-HV_AirDist-SupFanMtr-cDXGF-2SpClgHtg-SRM,None,,,Each
NE-HVAC-Unitary-addSRM,MBT,Ex,CZ01,cDXGF,0,NE-HV_AirDist-SupFanMtr-cDXGF-2SpClgHtg-Cnst,None,NE-HV_AirDist-SupFanMtr-cDXGF-2SpClgHtg-VFDStdMtr,None,NE-HV_AirDist-SupFanMtr-cDXGF-2SpClgHtg-SRM,None,,,Each
NE-HVAC-Unitary-addSRM,Hsp,Ex,CZ16,cDXOH,0,NE-HV_AirDist-SupFanMtr-cDXOH-2SpClgHtg-Cnst,None,NE-HV_AirDist-SupFanMtr-cDXOH-2SpClgHtg-VFDStdMtr,None,NE-HV_AirDist-SupFanMtr-cDXOH-2SpClgHtg-SRM,None,,,Each
NE-HVAC-Unitary-addSRM,Hsp,Ex,CZ15,cDXOH,0,NE-HV_AirDist-SupFanMtr-cDXOH-2SpClgHtg-Cnst,None,NE-HV_AirDist-SupFanMtr-cDXOH-2SpClgHtg-VFDStdMtr,None,NE-HV_AirDist-SupFanMtr-cDXOH-2SpClgHtg-SRM,None,,,Each
NE-HVAC-Unitary-addSRM,Hsp,Ex,CZ14,cDXOH,0,NE-HV_AirDist-SupFanMtr-cDXOH-2SpClgHtg-Cnst,None,NE-HV_AirDist-SupFanMtr-cDXOH-2SpClgHtg-VFDStdMtr,None,NE-HV_AirDist-SupFanMtr-cDXOH-2SpClgHtg-SRM,None,,,Each
NE-HVAC-Unitary-addSRM,Hsp,Ex,CZ13,cDXOH,0,NE-HV_AirDist-SupFanMtr-cDXOH-2SpClgHtg-Cnst,None,NE-HV_AirDist-SupFanMtr-cDXOH-2SpClgHtg-VFDStdMtr,None,NE-HV_AirDist-SupFanMtr-cDXOH-2SpClgHtg-SRM,None,,,Each
NE-HVAC-Unitary-addSRM,Hsp,Ex,CZ12,cDXOH,0,NE-HV_AirDist-SupFanMtr-cDXOH-2SpClgHtg-Cnst,None,NE-HV_AirDist-SupFanMtr-cDXOH-2SpClgHtg-VFDStdMtr,None,NE-HV_AirDist-SupFanMtr-cDXOH-2SpClgHtg-SRM,None,,,Each
NE-HVAC-Unitary-addSRM,Hsp,Ex,CZ11,cDXOH,0,NE-HV_AirDist-SupFanMtr-cDXOH-2SpClgHtg-Cnst,None,NE-HV_AirDist-SupFanMtr-cDXOH-2SpClgHtg-VFDStdMtr,None,NE-HV_AirDist-SupFanMtr-cDXOH-2SpClgHtg-SRM,None,,,Each
NE-HVAC-Unitary-addSRM,Hsp,Ex,CZ10,cDXOH,0,NE-HV_AirDist-SupFanMtr-cDXOH-2SpClgHtg-Cnst,None,NE-HV_AirDist-SupFanMtr-cDXOH-2SpClgHtg-VFDStdMtr,None,NE-HV_AirDist-SupFanMtr-cDXOH-2SpClgHtg-SRM,None,,,Each
NE-HVAC-Unitary-addSRM,Hsp,Ex,CZ09,cDXOH,0,NE-HV_AirDist-SupFanMtr-cDXOH-2SpClgHtg-Cnst,None,NE-HV_AirDist-SupFanMtr-cDXOH-2SpClgHtg-VFDStdMtr,None,NE-HV_AirDist-SupFanMtr-cDXOH-2SpClgHtg-SRM,None,,,Each
NE-HVAC-Unitary-addSRM,Hsp,Ex,CZ08,cDXOH,0,NE-HV_AirDist-SupFanMtr-cDXOH-2SpClgHtg-Cnst,None,NE-HV_AirDist-SupFanMtr-cDXOH-2SpClgHtg-VFDStdMtr,None,NE-HV_AirDist-SupFanMtr-cDXOH-2SpClgHtg-SRM,None,,,Each
NE-HVAC-Unitary-addSRM,Hsp,Ex,CZ07,cDXOH,0,NE-HV_AirDist-SupFanMtr-cDXOH-2SpClgHtg-Cnst,None,NE-HV_AirDist-SupFanMtr-cDXOH-2SpClgHtg-VFDStdMtr,None,NE-HV_AirDist-SupFanMtr-cDXOH-2SpClgHtg-SRM,None,,,Each
NE-HVAC-Unitary-addSRM,Hsp,Ex,CZ06,cDXOH,0,NE-HV_AirDist-SupFanMtr-cDXOH-2SpClgHtg-Cnst,None,NE-HV_AirDist-SupFanMtr-cDXOH-2SpClgHtg-VFDStdMtr,None,NE-HV_AirDist-SupFanMtr-cDXOH-2SpClgHtg-SRM,None,,,Each
NE-HVAC-Unitary-addSRM,Hsp,Ex,CZ05,cDXOH,0,NE-HV_AirDist-SupFanMtr-cDXOH-2SpClgHtg-Cnst,None,NE-HV_AirDist-SupFanMtr-cDXOH-2SpClgHtg-VFDStdMtr,None,NE-HV_AirDist-SupFanMtr-cDXOH-2SpClgHtg-SRM,None,,,Each
NE-HVAC-Unitary-addSRM,Hsp,Ex,CZ04,cDXOH,0,NE-HV_AirDist-SupFanMtr-cDXOH-2SpClgHtg-Cnst,None,NE-HV_AirDist-SupFanMtr-cDXOH-2SpClgHtg-VFDStdMtr,None,NE-HV_AirDist-SupFanMtr-cDXOH-2SpClgHtg-SRM,None,,,Each
NE-HVAC-Unitary-addSRM,Hsp,Ex,CZ03,cDXOH,0,NE-HV_AirDist-SupFanMtr-cDXOH-2SpClgHtg-Cnst,None,NE-HV_AirDist-SupFanMtr-cDXOH-2SpClgHtg-VFDStdMtr,None,NE-HV_AirDist-SupFanMtr-cDXOH-2SpClgHtg-SRM,None,,,Each
NE-HVAC-Unitary-addSRM,Hsp,Ex,CZ02,cDXOH,0,NE-HV_AirDist-SupFanMtr-cDXOH-2SpClgHtg-Cnst,None,NE-HV_AirDist-SupFanMtr-cDXOH-2SpClgHtg-VFDStdMtr,None,NE-HV_AirDist-SupFanMtr-cDXOH-2SpClgHtg-SRM,None,,,Each
NE-HVAC-Unitary-addSRM,Hsp,Ex,CZ01,cDXOH,0,NE-HV_AirDist-SupFanMtr-cDXOH-2SpClgHtg-Cnst,None,NE-HV_AirDist-SupFanMtr-cDXOH-2SpClgHtg-VFDStdMtr,None,NE-HV_AirDist-SupFanMtr-cDXOH-2SpClgHtg-SRM,None,,,Each
NE-HVAC-Unitary-addSRM,Hsp,Ex,CZ16,cDXHP,0,NE-HV_AirDist-SupFanMtr-cDXHP-2SpClgHtg-Cnst,None,NE-HV_AirDist-SupFanMtr-cDXHP-2SpClgHtg-VFDStdMtr,None,NE-HV_AirDist-SupFanMtr-cDXHP-2SpClgHtg-SRM,None,,,Each
NE-HVAC-Unitary-addSRM,Hsp,Ex,CZ15,cDXHP,0,NE-HV_AirDist-SupFanMtr-cDXHP-2SpClgHtg-Cnst,None,NE-HV_AirDist-SupFanMtr-cDXHP-2SpClgHtg-VFDStdMtr,None,NE-HV_AirDist-SupFanMtr-cDXHP-2SpClgHtg-SRM,None,,,Each
NE-HVAC-Unitary-addSRM,Hsp,Ex,CZ14,cDXHP,0,NE-HV_AirDist-SupFanMtr-cDXHP-2SpClgHtg-Cnst,None,NE-HV_AirDist-SupFanMtr-cDXHP-2SpClgHtg-VFDStdMtr,None,NE-HV_AirDist-SupFanMtr-cDXHP-2SpClgHtg-SRM,None,,,Each
NE-HVAC-Unitary-addSRM,Hsp,Ex,CZ13,cDXHP,0,NE-HV_AirDist-SupFanMtr-cDXHP-2SpClgHtg-Cnst,None,NE-HV_AirDist-SupFanMtr-cDXHP-2SpClgHtg-VFDStdMtr,None,NE-HV_AirDist-SupFanMtr-cDXHP-2SpClgHtg-SRM,None,,,Each
NE-HVAC-Unitary-addSRM,Hsp,Ex,CZ12,cDXHP,0,NE-HV_AirDist-SupFanMtr-cDXHP-2SpClgHtg-Cnst,None,NE-HV_AirDist-SupFanMtr-cDXHP-2SpClgHtg-VFDStdMtr,None,NE-HV_AirDist-SupFanMtr-cDXHP-2SpClgHtg-SRM,None,,,Each
NE-HVAC-Unitary-addSRM,Hsp,Ex,CZ11,cDXHP,0,NE-HV_AirDist-SupFanMtr-cDXHP-2SpClgHtg-Cnst,None,NE-HV_AirDist-SupFanMtr-cDXHP-2SpClgHtg-VFDStdMtr,None,NE-HV_AirDist-SupFanMtr-cDXHP-2SpClgHtg-SRM,None,,,Each
NE-HVAC-Unitary-addSRM,Hsp,Ex,CZ10,cDXHP,0,NE-HV_AirDist-SupFanMtr-cDXHP-2SpClgHtg-Cnst,None,NE-HV_AirDist-SupFanMtr-cDXHP-2SpClgHtg-VFDStdMtr,None,NE-HV_AirDist-SupFanMtr-cDXHP-2SpClgHtg-SRM,None,,,Each
NE-HVAC-Unitary-addSRM,Hsp,Ex,CZ09,cDXHP,0,NE-HV_AirDist-SupFanMtr-cDXHP-2SpClgHtg-Cnst,None,NE-HV_AirDist-SupFanMtr-cDXHP-2SpClgHtg-VFDStdMtr,None,NE-HV_AirDist-SupFanMtr-cDXHP-2SpClgHtg-SRM,None,,,Each
NE-HVAC-Unitary-addSRM,Hsp,Ex,CZ08,cDXHP,0,NE-HV_AirDist-SupFanMtr-cDXHP-2SpClgHtg-Cnst,None,NE-HV_AirDist-SupFanMtr-cDXHP-2SpClgHtg-VFDStdMtr,None,NE-HV_AirDist-SupFanMtr-cDXHP-2SpClgHtg-SRM,None,,,Each
NE-HVAC-Unitary-addSRM,Hsp,Ex,CZ07,cDXHP,0,NE-HV_AirDist-SupFanMtr-cDXHP-2SpClgHtg-Cnst,None,NE-HV_AirDist-SupFanMtr-cDXHP-2SpClgHtg-VFDStdMtr,None,NE-HV_AirDist-SupFanMtr-cDXHP-2SpClgHtg-SRM,None,,,Each
NE-HVAC-Unitary-addSRM,Hsp,Ex,CZ06,cDXHP,0,NE-HV_AirDist-SupFanMtr-cDXHP-2SpClgHtg-Cnst,None,NE-HV_AirDist-SupFanMtr-cDXHP-2SpClgHtg-VFDStdMtr,None,NE-HV_AirDist-SupFanMtr-cDXHP-2SpClgHtg-SRM,None,,,Each
NE-HVAC-Unitary-addSRM,Hsp,Ex,CZ05,cDXHP,0,NE-HV_AirDist-SupFanMtr-cDXHP-2SpClgHtg-Cnst,None,NE-HV_AirDist-SupFanMtr-cDXHP-2SpClgHtg-VFDStdMtr,None,NE-HV_AirDist-SupFanMtr-cDXHP-2SpClgHtg-SRM,None,,,Each
NE-HVAC-Unitary-addSRM,Hsp,Ex,CZ04,cDXHP,0,NE-HV_AirDist-SupFanMtr-cDXHP-2SpClgHtg-Cnst,None,NE-HV_AirDist-SupFanMtr-cDXHP-2SpClgHtg-VFDStdMtr,None,NE-HV_AirDist-SupFanMtr-cDXHP-2SpClgHtg-SRM,None,,,Each
NE-HVAC-Unitary-addSRM,Hsp,Ex,CZ03,cDXHP,0,NE-HV_AirDist-SupFanMtr-cDXHP-2SpClgHtg-Cnst,None,NE-HV_AirDist-SupFanMtr-cDXHP-2SpClgHtg-VFDStdMtr,None,NE-HV_AirDist-SupFanMtr-cDXHP-2SpClgHtg-SRM,None,,,Each
NE-HVAC-Unitary-addSRM,Hsp,Ex,CZ02,cDXHP,0,NE-HV_AirDist-SupFanMtr-cDXHP-2SpClgHtg-Cnst,None,NE-HV_AirDist-SupFanMtr-cDXHP-2SpClgHtg-VFDStdMtr,None,NE-HV_AirDist-SupFanMtr-cDXHP-2SpClgHtg-SRM,None,,,Each
NE-HVAC-Unitary-addSRM,Hsp,Ex,CZ01,cDXHP,0,NE-HV_AirDist-SupFanMtr-cDXHP-2SpClgHtg-Cnst,None,NE-HV_AirDist-SupFanMtr-cDXHP-2SpClgHtg-VFDStdMtr,None,NE-HV_AirDist-SupFanMtr-cDXHP-2SpClgHtg-SRM,None,,,Each
NE-HVAC-Unitary-addSRM,Hsp,Ex,CZ16,cDXGF,0,NE-HV_AirDist-SupFanMtr-cDXGF-2SpClgHtg-Cnst,None,NE-HV_AirDist-SupFanMtr-cDXGF-2SpClgHtg-VFDStdMtr,None,NE-HV_AirDist-SupFanMtr-cDXGF-2SpClgHtg-SRM,None,,,Each
NE-HVAC-Unitary-addSRM,Hsp,Ex,CZ15,cDXGF,0,NE-HV_AirDist-SupFanMtr-cDXGF-2SpClgHtg-Cnst,None,NE-HV_AirDist-SupFanMtr-cDXGF-2SpClgHtg-VFDStdMtr,None,NE-HV_AirDist-SupFanMtr-cDXGF-2SpClgHtg-SRM,None,,,Each
NE-HVAC-Unitary-addSRM,Hsp,Ex,CZ14,cDXGF,0,NE-HV_AirDist-SupFanMtr-cDXGF-2SpClgHtg-Cnst,None,NE-HV_AirDist-SupFanMtr-cDXGF-2SpClgHtg-VFDStdMtr,None,NE-HV_AirDist-SupFanMtr-cDXGF-2SpClgHtg-SRM,None,,,Each
NE-HVAC-Unitary-addSRM,Hsp,Ex,CZ13,cDXGF,0,NE-HV_AirDist-SupFanMtr-cDXGF-2SpClgHtg-Cnst,None,NE-HV_AirDist-SupFanMtr-cDXGF-2SpClgHtg-VFDStdMtr,None,NE-HV_AirDist-SupFanMtr-cDXGF-2SpClgHtg-SRM,None,,,Each
NE-HVAC-Unitary-addSRM,Hsp,Ex,CZ12,cDXGF,0,NE-HV_AirDist-SupFanMtr-cDXGF-2SpClgHtg-Cnst,None,NE-HV_AirDist-SupFanMtr-cDXGF-2SpClgHtg-VFDStdMtr,None,NE-HV_AirDist-SupFanMtr-cDXGF-2SpClgHtg-SRM,None,,,Each
NE-HVAC-Unitary-addSRM,Hsp,Ex,CZ11,cDXGF,0,NE-HV_AirDist-SupFanMtr-cDXGF-2SpClgHtg-Cnst,None,NE-HV_AirDist-SupFanMtr-cDXGF-2SpClgHtg-VFDStdMtr,None,NE-HV_AirDist-SupFanMtr-cDXGF-2SpClgHtg-SRM,None,,,Each
NE-HVAC-Unitary-addSRM,Hsp,Ex,CZ10,cDXGF,0,NE-HV_AirDist-SupFanMtr-cDXGF-2SpClgHtg-Cnst,None,NE-HV_AirDist-SupFanMtr-cDXGF-2SpClgHtg-VFDStdMtr,None,NE-HV_AirDist-SupFanMtr-cDXGF-2SpClgHtg-SRM,None,,,Each
NE-HVAC-Unitary-addSRM,Hsp,Ex,CZ09,cDXGF,0,NE-HV_AirDist-SupFanMtr-cDXGF-2SpClgHtg-Cnst,None,NE-HV_AirDist-SupFanMtr-cDXGF-2SpClgHtg-VFDStdMtr,None,NE-HV_AirDist-SupFanMtr-cDXGF-2SpClgHtg-SRM,None,,,Each
NE-HVAC-Unitary-addSRM,Hsp,Ex,CZ08,cDXGF,0,NE-HV_AirDist-SupFanMtr-cDXGF-2SpClgHtg-Cnst,None,NE-HV_AirDist-SupFanMtr-cDXGF-2SpClgHtg-VFDStdMtr,None,NE-HV_AirDist-SupFanMtr-cDXGF-2SpClgHtg-SRM,None,,,Each
NE-HVAC-Unitary-addSRM,Hsp,Ex,CZ07,cDXGF,0,NE-HV_AirDist-SupFanMtr-cDXGF-2SpClgHtg-Cnst,None,NE-HV_AirDist-SupFanMtr-cDXGF-2SpClgHtg-VFDStdMtr,None,NE-HV_AirDist-SupFanMtr-cDXGF-2SpClgHtg-SRM,None,,,Each
NE-HVAC-Unitary-addSRM,Hsp,Ex,CZ06,cDXGF,0,NE-HV_AirDist-SupFanMtr-cDXGF-2SpClgHtg-Cnst,None,NE-HV_AirDist-SupFanMtr-cDXGF-2SpClgHtg-VFDStdMtr,None,NE-HV_AirDist-SupFanMtr-cDXGF-2SpClgHtg-SRM,None,,,Each
NE-HVAC-Unitary-addSRM,Hsp,Ex,CZ05,cDXGF,0,NE-HV_AirDist-SupFanMtr-cDXGF-2SpClgHtg-Cnst,None,NE-HV_AirDist-SupFanMtr-cDXGF-2SpClgHtg-VFDStdMtr,None,NE-HV_AirDist-SupFanMtr-cDXGF-2SpClgHtg-SRM,None,,,Each
NE-HVAC-Unitary-addSRM,Hsp,Ex,CZ04,cDXGF,0,NE-HV_AirDist-SupFanMtr-cDXGF-2SpClgHtg-Cnst,None,NE-HV_AirDist-SupFanMtr-cDXGF-2SpClgHtg-VFDStdMtr,None,NE-HV_AirDist-SupFanMtr-cDXGF-2SpClgHtg-SRM,None,,,Each
NE-HVAC-Unitary-addSRM,Hsp,Ex,CZ03,cDXGF,0,NE-HV_AirDist-SupFanMtr-cDXGF-2SpClgHtg-Cnst,None,NE-HV_AirDist-SupFanMtr-cDXGF-2SpClgHtg-VFDStdMtr,None,NE-HV_AirDist-SupFanMtr-cDXGF-2SpClgHtg-SRM,None,,,Each
NE-HVAC-Unitary-addSRM,Hsp,Ex,CZ02,cDXGF,0,NE-HV_AirDist-SupFanMtr-cDXGF-2SpClgHtg-Cnst,None,NE-HV_AirDist-SupFanMtr-cDXGF-2SpClgHtg-VFDStdMtr,None,NE-HV_AirDist-SupFanMtr-cDXGF-2SpClgHtg-SRM,None,,,Each
NE-HVAC-Unitary-addSRM,Hsp,Ex,CZ01,cDXGF,0,NE-HV_AirDist-SupFanMtr-cDXGF-2SpClgHtg-Cnst,None,NE-HV_AirDist-SupFanMtr-cDXGF-2SpClgHtg-VFDStdMtr,None,NE-HV_AirDist-SupFanMtr-cDXGF-2SpClgHtg-SRM,None,,,Each
NE-HVAC-Unitary-addSRM,Gro,Ex,CZ16,cDXOH,0,NE-HV_AirDist-SupFanMtr-cDXOH-2SpClgHtg-Cnst,None,NE-HV_AirDist-SupFanMtr-cDXOH-2SpClgHtg-VFDStdMtr,None,NE-HV_AirDist-SupFanMtr-cDXOH-2SpClgHtg-SRM,None,,,Each
NE-HVAC-Unitary-addSRM,Gro,Ex,CZ15,cDXOH,0,NE-HV_AirDist-SupFanMtr-cDXOH-2SpClgHtg-Cnst,None,NE-HV_AirDist-SupFanMtr-cDXOH-2SpClgHtg-VFDStdMtr,None,NE-HV_AirDist-SupFanMtr-cDXOH-2SpClgHtg-SRM,None,,,Each
NE-HVAC-Unitary-addSRM,Gro,Ex,CZ14,cDXOH,0,NE-HV_AirDist-SupFanMtr-cDXOH-2SpClgHtg-Cnst,None,NE-HV_AirDist-SupFanMtr-cDXOH-2SpClgHtg-VFDStdMtr,None,NE-HV_AirDist-SupFanMtr-cDXOH-2SpClgHtg-SRM,None,,,Each
NE-HVAC-Unitary-addSRM,Gro,Ex,CZ13,cDXOH,0,NE-HV_AirDist-SupFanMtr-cDXOH-2SpClgHtg-Cnst,None,NE-HV_AirDist-SupFanMtr-cDXOH-2SpClgHtg-VFDStdMtr,None,NE-HV_AirDist-SupFanMtr-cDXOH-2SpClgHtg-SRM,None,,,Each
NE-HVAC-Unitary-addSRM,Gro,Ex,CZ12,cDXOH,0,NE-HV_AirDist-SupFanMtr-cDXOH-2SpClgHtg-Cnst,None,NE-HV_AirDist-SupFanMtr-cDXOH-2SpClgHtg-VFDStdMtr,None,NE-HV_AirDist-SupFanMtr-cDXOH-2SpClgHtg-SRM,None,,,Each
NE-HVAC-Unitary-addSRM,Gro,Ex,CZ11,cDXOH,0,NE-HV_AirDist-SupFanMtr-cDXOH-2SpClgHtg-Cnst,None,NE-HV_AirDist-SupFanMtr-cDXOH-2SpClgHtg-VFDStdMtr,None,NE-HV_AirDist-SupFanMtr-cDXOH-2SpClgHtg-SRM,None,,,Each
NE-HVAC-Unitary-addSRM,Gro,Ex,CZ10,cDXOH,0,NE-HV_AirDist-SupFanMtr-cDXOH-2SpClgHtg-Cnst,None,NE-HV_AirDist-SupFanMtr-cDXOH-2SpClgHtg-VFDStdMtr,None,NE-HV_AirDist-SupFanMtr-cDXOH-2SpClgHtg-SRM,None,,,Each
NE-HVAC-Unitary-addSRM,Gro,Ex,CZ09,cDXOH,0,NE-HV_AirDist-SupFanMtr-cDXOH-2SpClgHtg-Cnst,None,NE-HV_AirDist-SupFanMtr-cDXOH-2SpClgHtg-VFDStdMtr,None,NE-HV_AirDist-SupFanMtr-cDXOH-2SpClgHtg-SRM,None,,,Each
NE-HVAC-Unitary-addSRM,Gro,Ex,CZ08,cDXOH,0,NE-HV_AirDist-SupFanMtr-cDXOH-2SpClgHtg-Cnst,None,NE-HV_AirDist-SupFanMtr-cDXOH-2SpClgHtg-VFDStdMtr,None,NE-HV_AirDist-SupFanMtr-cDXOH-2SpClgHtg-SRM,None,,,Each
NE-HVAC-Unitary-addSRM,Gro,Ex,CZ07,cDXOH,0,NE-HV_AirDist-SupFanMtr-cDXOH-2SpClgHtg-Cnst,None,NE-HV_AirDist-SupFanMtr-cDXOH-2SpClgHtg-VFDStdMtr,None,NE-HV_AirDist-SupFanMtr-cDXOH-2SpClgHtg-SRM,None,,,Each
NE-HVAC-Unitary-addSRM,Gro,Ex,CZ06,cDXOH,0,NE-HV_AirDist-SupFanMtr-cDXOH-2SpClgHtg-Cnst,None,NE-HV_AirDist-SupFanMtr-cDXOH-2SpClgHtg-VFDStdMtr,None,NE-HV_AirDist-SupFanMtr-cDXOH-2SpClgHtg-SRM,None,,,Each
NE-HVAC-Unitary-addSRM,Gro,Ex,CZ05,cDXOH,0,NE-HV_AirDist-SupFanMtr-cDXOH-2SpClgHtg-Cnst,None,NE-HV_AirDist-SupFanMtr-cDXOH-2SpClgHtg-VFDStdMtr,None,NE-HV_AirDist-SupFanMtr-cDXOH-2SpClgHtg-SRM,None,,,Each
NE-HVAC-Unitary-addSRM,Gro,Ex,CZ04,cDXOH,0,NE-HV_AirDist-SupFanMtr-cDXOH-2SpClgHtg-Cnst,None,NE-HV_AirDist-SupFanMtr-cDXOH-2SpClgHtg-VFDStdMtr,None,NE-HV_AirDist-SupFanMtr-cDXOH-2SpClgHtg-SRM,None,,,Each
NE-HVAC-Unitary-addSRM,Gro,Ex,CZ03,cDXOH,0,NE-HV_AirDist-SupFanMtr-cDXOH-2SpClgHtg-Cnst,None,NE-HV_AirDist-SupFanMtr-cDXOH-2SpClgHtg-VFDStdMtr,None,NE-HV_AirDist-SupFanMtr-cDXOH-2SpClgHtg-SRM,None,,,Each
NE-HVAC-Unitary-addSRM,Gro,Ex,CZ02,cDXOH,0,NE-HV_AirDist-SupFanMtr-cDXOH-2SpClgHtg-Cnst,None,NE-HV_AirDist-SupFanMtr-cDXOH-2SpClgHtg-VFDStdMtr,None,NE-HV_AirDist-SupFanMtr-cDXOH-2SpClgHtg-SRM,None,,,Each
NE-HVAC-Unitary-addSRM,Gro,Ex,CZ01,cDXOH,0,NE-HV_AirDist-SupFanMtr-cDXOH-2SpClgHtg-Cnst,None,NE-HV_AirDist-SupFanMtr-cDXOH-2SpClgHtg-VFDStdMtr,None,NE-HV_AirDist-SupFanMtr-cDXOH-2SpClgHtg-SRM,None,,,Each
NE-HVAC-Unitary-addSRM,Gro,Ex,CZ16,cDXHP,0,NE-HV_AirDist-SupFanMtr-cDXHP-2SpClgHtg-Cnst,None,NE-HV_AirDist-SupFanMtr-cDXHP-2SpClgHtg-VFDStdMtr,None,NE-HV_AirDist-SupFanMtr-cDXHP-2SpClgHtg-SRM,None,,,Each
NE-HVAC-Unitary-addSRM,Gro,Ex,CZ15,cDXHP,0,NE-HV_AirDist-SupFanMtr-cDXHP-2SpClgHtg-Cnst,None,NE-HV_AirDist-SupFanMtr-cDXHP-2SpClgHtg-VFDStdMtr,None,NE-HV_AirDist-SupFanMtr-cDXHP-2SpClgHtg-SRM,None,,,Each
NE-HVAC-Unitary-addSRM,Gro,Ex,CZ14,cDXHP,0,NE-HV_AirDist-SupFanMtr-cDXHP-2SpClgHtg-Cnst,None,NE-HV_AirDist-SupFanMtr-cDXHP-2SpClgHtg-VFDStdMtr,None,NE-HV_AirDist-SupFanMtr-cDXHP-2SpClgHtg-SRM,None,,,Each
NE-HVAC-Unitary-addSRM,Gro,Ex,CZ13,cDXHP,0,NE-HV_AirDist-SupFanMtr-cDXHP-2SpClgHtg-Cnst,None,NE-HV_AirDist-SupFanMtr-cDXHP-2SpClgHtg-VFDStdMtr,None,NE-HV_AirDist-SupFanMtr-cDXHP-2SpClgHtg-SRM,None,,,Each
NE-HVAC-Unitary-addSRM,Gro,Ex,CZ12,cDXHP,0,NE-HV_AirDist-SupFanMtr-cDXHP-2SpClgHtg-Cnst,None,NE-HV_AirDist-SupFanMtr-cDXHP-2SpClgHtg-VFDStdMtr,None,NE-HV_AirDist-SupFanMtr-cDXHP-2SpClgHtg-SRM,None,,,Each
NE-HVAC-Unitary-addSRM,Gro,Ex,CZ11,cDXHP,0,NE-HV_AirDist-SupFanMtr-cDXHP-2SpClgHtg-Cnst,None,NE-HV_AirDist-SupFanMtr-cDXHP-2SpClgHtg-VFDStdMtr,None,NE-HV_AirDist-SupFanMtr-cDXHP-2SpClgHtg-SRM,None,,,Each
NE-HVAC-Unitary-addSRM,Gro,Ex,CZ10,cDXHP,0,NE-HV_AirDist-SupFanMtr-cDXHP-2SpClgHtg-Cnst,None,NE-HV_AirDist-SupFanMtr-cDXHP-2SpClgHtg-VFDStdMtr,None,NE-HV_AirDist-SupFanMtr-cDXHP-2SpClgHtg-SRM,None,,,Each
NE-HVAC-Unitary-addSRM,Gro,Ex,CZ09,cDXHP,0,NE-HV_AirDist-SupFanMtr-cDXHP-2SpClgHtg-Cnst,None,NE-HV_AirDist-SupFanMtr-cDXHP-2SpClgHtg-VFDStdMtr,None,NE-HV_AirDist-SupFanMtr-cDXHP-2SpClgHtg-SRM,None,,,Each
NE-HVAC-Unitary-addSRM,Gro,Ex,CZ08,cDXHP,0,NE-HV_AirDist-SupFanMtr-cDXHP-2SpClgHtg-Cnst,None,NE-HV_AirDist-SupFanMtr-cDXHP-2SpClgHtg-VFDStdMtr,None,NE-HV_AirDist-SupFanMtr-cDXHP-2SpClgHtg-SRM,None,,,Each
NE-HVAC-Unitary-addSRM,Gro,Ex,CZ07,cDXHP,0,NE-HV_AirDist-SupFanMtr-cDXHP-2SpClgHtg-Cnst,None,NE-HV_AirDist-SupFanMtr-cDXHP-2SpClgHtg-VFDStdMtr,None,NE-HV_AirDist-SupFanMtr-cDXHP-2SpClgHtg-SRM,None,,,Each
NE-HVAC-Unitary-addSRM,Gro,Ex,CZ06,cDXHP,0,NE-HV_AirDist-SupFanMtr-cDXHP-2SpClgHtg-Cnst,None,NE-HV_AirDist-SupFanMtr-cDXHP-2SpClgHtg-VFDStdMtr,None,NE-HV_AirDist-SupFanMtr-cDXHP-2SpClgHtg-SRM,None,,,Each
NE-HVAC-Unitary-addSRM,Gro,Ex,CZ05,cDXHP,0,NE-HV_AirDist-SupFanMtr-cDXHP-2SpClgHtg-Cnst,None,NE-HV_AirDist-SupFanMtr-cDXHP-2SpClgHtg-VFDStdMtr,None,NE-HV_AirDist-SupFanMtr-cDXHP-2SpClgHtg-SRM,None,,,Each
NE-HVAC-Unitary-addSRM,Gro,Ex,CZ04,cDXHP,0,NE-HV_AirDist-SupFanMtr-cDXHP-2SpClgHtg-Cnst,None,NE-HV_AirDist-SupFanMtr-cDXHP-2SpClgHtg-VFDStdMtr,None,NE-HV_AirDist-SupFanMtr-cDXHP-2SpClgHtg-SRM,None,,,Each
NE-HVAC-Unitary-addSRM,Gro,Ex,CZ03,cDXHP,0,NE-HV_AirDist-SupFanMtr-cDXHP-2SpClgHtg-Cnst,None,NE-HV_AirDist-SupFanMtr-cDXHP-2SpClgHtg-VFDStdMtr,None,NE-HV_AirDist-SupFanMtr-cDXHP-2SpClgHtg-SRM,None,,,Each
NE-HVAC-Unitary-addSRM,Gro,Ex,CZ02,cDXHP,0,NE-HV_AirDist-SupFanMtr-cDXHP-2SpClgHtg-Cnst,None,NE-HV_AirDist-SupFanMtr-cDXHP-2SpClgHtg-VFDStdMtr,None,NE-HV_AirDist-SupFanMtr-cDXHP-2SpClgHtg-SRM,None,,,Each
NE-HVAC-Unitary-addSRM,Gro,Ex,CZ01,cDXHP,0,NE-HV_AirDist-SupFanMtr-cDXHP-2SpClgHtg-Cnst,None,NE-HV_AirDist-SupFanMtr-cDXHP-2SpClgHtg-VFDStdMtr,None,NE-HV_AirDist-SupFanMtr-cDXHP-2SpClgHtg-SRM,None,,,Each
NE-HVAC-Unitary-addSRM,Gro,Ex,CZ16,cDXGF,0,NE-HV_AirDist-SupFanMtr-cDXGF-2SpClgHtg-Cnst,None,NE-HV_AirDist-SupFanMtr-cDXGF-2SpClgHtg-VFDStdMtr,None,NE-HV_AirDist-SupFanMtr-cDXGF-2SpClgHtg-SRM,None,,,Each
NE-HVAC-Unitary-addSRM,Gro,Ex,CZ15,cDXGF,0,NE-HV_AirDist-SupFanMtr-cDXGF-2SpClgHtg-Cnst,None,NE-HV_AirDist-SupFanMtr-cDXGF-2SpClgHtg-VFDStdMtr,None,NE-HV_AirDist-SupFanMtr-cDXGF-2SpClgHtg-SRM,None,,,Each
NE-HVAC-Unitary-addSRM,Gro,Ex,CZ14,cDXGF,0,NE-HV_AirDist-SupFanMtr-cDXGF-2SpClgHtg-Cnst,None,NE-HV_AirDist-SupFanMtr-cDXGF-2SpClgHtg-VFDStdMtr,None,NE-HV_AirDist-SupFanMtr-cDXGF-2SpClgHtg-SRM,None,,,Each
NE-HVAC-Unitary-addSRM,Gro,Ex,CZ13,cDXGF,0,NE-HV_AirDist-SupFanMtr-cDXGF-2SpClgHtg-Cnst,None,NE-HV_AirDist-SupFanMtr-cDXGF-2SpClgHtg-VFDStdMtr,None,NE-HV_AirDist-SupFanMtr-cDXGF-2SpClgHtg-SRM,None,,,Each
NE-HVAC-Unitary-addSRM,Gro,Ex,CZ12,cDXGF,0,NE-HV_AirDist-SupFanMtr-cDXGF-2SpClgHtg-Cnst,None,NE-HV_AirDist-SupFanMtr-cDXGF-2SpClgHtg-VFDStdMtr,None,NE-HV_AirDist-SupFanMtr-cDXGF-2SpClgHtg-SRM,None,,,Each
NE-HVAC-Unitary-addSRM,Gro,Ex,CZ11,cDXGF,0,NE-HV_AirDist-SupFanMtr-cDXGF-2SpClgHtg-Cnst,None,NE-HV_AirDist-SupFanMtr-cDXGF-2SpClgHtg-VFDStdMtr,None,NE-HV_AirDist-SupFanMtr-cDXGF-2SpClgHtg-SRM,None,,,Each
NE-HVAC-Unitary-addSRM,Gro,Ex,CZ10,cDXGF,0,NE-HV_AirDist-SupFanMtr-cDXGF-2SpClgHtg-Cnst,None,NE-HV_AirDist-SupFanMtr-cDXGF-2SpClgHtg-VFDStdMtr,None,NE-HV_AirDist-SupFanMtr-cDXGF-2SpClgHtg-SRM,None,,,Each
NE-HVAC-Unitary-addSRM,Gro,Ex,CZ09,cDXGF,0,NE-HV_AirDist-SupFanMtr-cDXGF-2SpClgHtg-Cnst,None,NE-HV_AirDist-SupFanMtr-cDXGF-2SpClgHtg-VFDStdMtr,None,NE-HV_AirDist-SupFanMtr-cDXGF-2SpClgHtg-SRM,None,,,Each
NE-HVAC-Unitary-addSRM,Gro,Ex,CZ08,cDXGF,0,NE-HV_AirDist-SupFanMtr-cDXGF-2SpClgHtg-Cnst,None,NE-HV_AirDist-SupFanMtr-cDXGF-2SpClgHtg-VFDStdMtr,None,NE-HV_AirDist-SupFanMtr-cDXGF-2SpClgHtg-SRM,None,,,Each
NE-HVAC-Unitary-addSRM,Gro,Ex,CZ07,cDXGF,0,NE-HV_AirDist-SupFanMtr-cDXGF-2SpClgHtg-Cnst,None,NE-HV_AirDist-SupFanMtr-cDXGF-2SpClgHtg-VFDStdMtr,None,NE-HV_AirDist-SupFanMtr-cDXGF-2SpClgHtg-SRM,None,,,Each
NE-HVAC-Unitary-addSRM,Gro,Ex,CZ06,cDXGF,0,NE-HV_AirDist-SupFanMtr-cDXGF-2SpClgHtg-Cnst,None,NE-HV_AirDist-SupFanMtr-cDXGF-2SpClgHtg-VFDStdMtr,None,NE-HV_AirDist-SupFanMtr-cDXGF-2SpClgHtg-SRM,None,,,Each
NE-HVAC-Unitary-addSRM,Gro,Ex,CZ05,cDXGF,0,NE-HV_AirDist-SupFanMtr-cDXGF-2SpClgHtg-Cnst,None,NE-HV_AirDist-SupFanMtr-cDXGF-2SpClgHtg-VFDStdMtr,None,NE-HV_AirDist-SupFanMtr-cDXGF-2SpClgHtg-SRM,None,,,Each
NE-HVAC-Unitary-addSRM,Gro,Ex,CZ04,cDXGF,0,NE-HV_AirDist-SupFanMtr-cDXGF-2SpClgHtg-Cnst,None,NE-HV_AirDist-SupFanMtr-cDXGF-2SpClgHtg-VFDStdMtr,None,NE-HV_AirDist-SupFanMtr-cDXGF-2SpClgHtg-SRM,None,,,Each
NE-HVAC-Unitary-addSRM,Gro,Ex,CZ03,cDXGF,0,NE-HV_AirDist-SupFanMtr-cDXGF-2SpClgHtg-Cnst,None,NE-HV_AirDist-SupFanMtr-cDXGF-2SpClgHtg-VFDStdMtr,None,NE-HV_AirDist-SupFanMtr-cDXGF-2SpClgHtg-SRM,None,,,Each
NE-HVAC-Unitary-addSRM,Gro,Ex,CZ02,cDXGF,0,NE-HV_AirDist-SupFanMtr-cDXGF-2SpClgHtg-Cnst,None,NE-HV_AirDist-SupFanMtr-cDXGF-2SpClgHtg-VFDStdMtr,None,NE-HV_AirDist-SupFanMtr-cDXGF-2SpClgHtg-SRM,None,,,Each
NE-HVAC-Unitary-addSRM,Gro,Ex,CZ01,cDXGF,0,NE-HV_AirDist-SupFanMtr-cDXGF-2SpClgHtg-Cnst,None,NE-HV_AirDist-SupFanMtr-cDXGF-2SpClgHtg-VFDStdMtr,None,NE-HV_AirDist-SupFanMtr-cDXGF-2SpClgHtg-SRM,None,,,Each
NE-HVAC-Unitary-addSRM,EUn,Ex,CZ16,cDXOH,0,NE-HV_AirDist-SupFanMtr-cDXOH-2SpClgHtg-Cnst,None,NE-HV_AirDist-SupFanMtr-cDXOH-2SpClgHtg-VFDStdMtr,None,NE-HV_AirDist-SupFanMtr-cDXOH-2SpClgHtg-SRM,None,,,Each
NE-HVAC-Unitary-addSRM,EUn,Ex,CZ15,cDXOH,0,NE-HV_AirDist-SupFanMtr-cDXOH-2SpClgHtg-Cnst,None,NE-HV_AirDist-SupFanMtr-cDXOH-2SpClgHtg-VFDStdMtr,None,NE-HV_AirDist-SupFanMtr-cDXOH-2SpClgHtg-SRM,None,,,Each
NE-HVAC-Unitary-addSRM,EUn,Ex,CZ14,cDXOH,0,NE-HV_AirDist-SupFanMtr-cDXOH-2SpClgHtg-Cnst,None,NE-HV_AirDist-SupFanMtr-cDXOH-2SpClgHtg-VFDStdMtr,None,NE-HV_AirDist-SupFanMtr-cDXOH-2SpClgHtg-SRM,None,,,Each
NE-HVAC-Unitary-addSRM,EUn,Ex,CZ13,cDXOH,0,NE-HV_AirDist-SupFanMtr-cDXOH-2SpClgHtg-Cnst,None,NE-HV_AirDist-SupFanMtr-cDXOH-2SpClgHtg-VFDStdMtr,None,NE-HV_AirDist-SupFanMtr-cDXOH-2SpClgHtg-SRM,None,,,Each
NE-HVAC-Unitary-addSRM,EUn,Ex,CZ12,cDXOH,0,NE-HV_AirDist-SupFanMtr-cDXOH-2SpClgHtg-Cnst,None,NE-HV_AirDist-SupFanMtr-cDXOH-2SpClgHtg-VFDStdMtr,None,NE-HV_AirDist-SupFanMtr-cDXOH-2SpClgHtg-SRM,None,,,Each
NE-HVAC-Unitary-addSRM,EUn,Ex,CZ11,cDXOH,0,NE-HV_AirDist-SupFanMtr-cDXOH-2SpClgHtg-Cnst,None,NE-HV_AirDist-SupFanMtr-cDXOH-2SpClgHtg-VFDStdMtr,None,NE-HV_AirDist-SupFanMtr-cDXOH-2SpClgHtg-SRM,None,,,Each
NE-HVAC-Unitary-addSRM,EUn,Ex,CZ10,cDXOH,0,NE-HV_AirDist-SupFanMtr-cDXOH-2SpClgHtg-Cnst,None,NE-HV_AirDist-SupFanMtr-cDXOH-2SpClgHtg-VFDStdMtr,None,NE-HV_AirDist-SupFanMtr-cDXOH-2SpClgHtg-SRM,None,,,Each
NE-HVAC-Unitary-addSRM,EUn,Ex,CZ09,cDXOH,0,NE-HV_AirDist-SupFanMtr-cDXOH-2SpClgHtg-Cnst,None,NE-HV_AirDist-SupFanMtr-cDXOH-2SpClgHtg-VFDStdMtr,None,NE-HV_AirDist-SupFanMtr-cDXOH-2SpClgHtg-SRM,None,,,Each
NE-HVAC-Unitary-addSRM,EUn,Ex,CZ08,cDXOH,0,NE-HV_AirDist-SupFanMtr-cDXOH-2SpClgHtg-Cnst,None,NE-HV_AirDist-SupFanMtr-cDXOH-2SpClgHtg-VFDStdMtr,None,NE-HV_AirDist-SupFanMtr-cDXOH-2SpClgHtg-SRM,None,,,Each
NE-HVAC-Unitary-addSRM,EUn,Ex,CZ07,cDXOH,0,NE-HV_AirDist-SupFanMtr-cDXOH-2SpClgHtg-Cnst,None,NE-HV_AirDist-SupFanMtr-cDXOH-2SpClgHtg-VFDStdMtr,None,NE-HV_AirDist-SupFanMtr-cDXOH-2SpClgHtg-SRM,None,,,Each
NE-HVAC-Unitary-addSRM,EUn,Ex,CZ06,cDXOH,0,NE-HV_AirDist-SupFanMtr-cDXOH-2SpClgHtg-Cnst,None,NE-HV_AirDist-SupFanMtr-cDXOH-2SpClgHtg-VFDStdMtr,None,NE-HV_AirDist-SupFanMtr-cDXOH-2SpClgHtg-SRM,None,,,Each
NE-HVAC-Unitary-addSRM,EUn,Ex,CZ05,cDXOH,0,NE-HV_AirDist-SupFanMtr-cDXOH-2SpClgHtg-Cnst,None,NE-HV_AirDist-SupFanMtr-cDXOH-2SpClgHtg-VFDStdMtr,None,NE-HV_AirDist-SupFanMtr-cDXOH-2SpClgHtg-SRM,None,,,Each
NE-HVAC-Unitary-addSRM,EUn,Ex,CZ04,cDXOH,0,NE-HV_AirDist-SupFanMtr-cDXOH-2SpClgHtg-Cnst,None,NE-HV_AirDist-SupFanMtr-cDXOH-2SpClgHtg-VFDStdMtr,None,NE-HV_AirDist-SupFanMtr-cDXOH-2SpClgHtg-SRM,None,,,Each
NE-HVAC-Unitary-addSRM,EUn,Ex,CZ03,cDXOH,0,NE-HV_AirDist-SupFanMtr-cDXOH-2SpClgHtg-Cnst,None,NE-HV_AirDist-SupFanMtr-cDXOH-2SpClgHtg-VFDStdMtr,None,NE-HV_AirDist-SupFanMtr-cDXOH-2SpClgHtg-SRM,None,,,Each
NE-HVAC-Unitary-addSRM,EUn,Ex,CZ02,cDXOH,0,NE-HV_AirDist-SupFanMtr-cDXOH-2SpClgHtg-Cnst,None,NE-HV_AirDist-SupFanMtr-cDXOH-2SpClgHtg-VFDStdMtr,None,NE-HV_AirDist-SupFanMtr-cDXOH-2SpClgHtg-SRM,None,,,Each
NE-HVAC-Unitary-addSRM,EUn,Ex,CZ01,cDXOH,0,NE-HV_AirDist-SupFanMtr-cDXOH-2SpClgHtg-Cnst,None,NE-HV_AirDist-SupFanMtr-cDXOH-2SpClgHtg-VFDStdMtr,None,NE-HV_AirDist-SupFanMtr-cDXOH-2SpClgHtg-SRM,None,,,Each
NE-HVAC-Unitary-addSRM,EUn,Ex,CZ16,cDXHP,0,NE-HV_AirDist-SupFanMtr-cDXHP-2SpClgHtg-Cnst,None,NE-HV_AirDist-SupFanMtr-cDXHP-2SpClgHtg-VFDStdMtr,None,NE-HV_AirDist-SupFanMtr-cDXHP-2SpClgHtg-SRM,None,,,Each
NE-HVAC-Unitary-addSRM,EUn,Ex,CZ15,cDXHP,0,NE-HV_AirDist-SupFanMtr-cDXHP-2SpClgHtg-Cnst,None,NE-HV_AirDist-SupFanMtr-cDXHP-2SpClgHtg-VFDStdMtr,None,NE-HV_AirDist-SupFanMtr-cDXHP-2SpClgHtg-SRM,None,,,Each
NE-HVAC-Unitary-addSRM,EUn,Ex,CZ14,cDXHP,0,NE-HV_AirDist-SupFanMtr-cDXHP-2SpClgHtg-Cnst,None,NE-HV_AirDist-SupFanMtr-cDXHP-2SpClgHtg-VFDStdMtr,None,NE-HV_AirDist-SupFanMtr-cDXHP-2SpClgHtg-SRM,None,,,Each
NE-HVAC-Unitary-addSRM,EUn,Ex,CZ13,cDXHP,0,NE-HV_AirDist-SupFanMtr-cDXHP-2SpClgHtg-Cnst,None,NE-HV_AirDist-SupFanMtr-cDXHP-2SpClgHtg-VFDStdMtr,None,NE-HV_AirDist-SupFanMtr-cDXHP-2SpClgHtg-SRM,None,,,Each
NE-HVAC-Unitary-addSRM,EUn,Ex,CZ12,cDXHP,0,NE-HV_AirDist-SupFanMtr-cDXHP-2SpClgHtg-Cnst,None,NE-HV_AirDist-SupFanMtr-cDXHP-2SpClgHtg-VFDStdMtr,None,NE-HV_AirDist-SupFanMtr-cDXHP-2SpClgHtg-SRM,None,,,Each
NE-HVAC-Unitary-addSRM,EUn,Ex,CZ11,cDXHP,0,NE-HV_AirDist-SupFanMtr-cDXHP-2SpClgHtg-Cnst,None,NE-HV_AirDist-SupFanMtr-cDXHP-2SpClgHtg-VFDStdMtr,None,NE-HV_AirDist-SupFanMtr-cDXHP-2SpClgHtg-SRM,None,,,Each
NE-HVAC-Unitary-addSRM,EUn,Ex,CZ10,cDXHP,0,NE-HV_AirDist-SupFanMtr-cDXHP-2SpClgHtg-Cnst,None,NE-HV_AirDist-SupFanMtr-cDXHP-2SpClgHtg-VFDStdMtr,None,NE-HV_AirDist-SupFanMtr-cDXHP-2SpClgHtg-SRM,None,,,Each
NE-HVAC-Unitary-addSRM,EUn,Ex,CZ09,cDXHP,0,NE-HV_AirDist-SupFanMtr-cDXHP-2SpClgHtg-Cnst,None,NE-HV_AirDist-SupFanMtr-cDXHP-2SpClgHtg-VFDStdMtr,None,NE-HV_AirDist-SupFanMtr-cDXHP-2SpClgHtg-SRM,None,,,Each
NE-HVAC-Unitary-addSRM,EUn,Ex,CZ08,cDXHP,0,NE-HV_AirDist-SupFanMtr-cDXHP-2SpClgHtg-Cnst,None,NE-HV_AirDist-SupFanMtr-cDXHP-2SpClgHtg-VFDStdMtr,None,NE-HV_AirDist-SupFanMtr-cDXHP-2SpClgHtg-SRM,None,,,Each
NE-HVAC-Unitary-addSRM,EUn,Ex,CZ07,cDXHP,0,NE-HV_AirDist-SupFanMtr-cDXHP-2SpClgHtg-Cnst,None,NE-HV_AirDist-SupFanMtr-cDXHP-2SpClgHtg-VFDStdMtr,None,NE-HV_AirDist-SupFanMtr-cDXHP-2SpClgHtg-SRM,None,,,Each
NE-HVAC-Unitary-addSRM,EUn,Ex,CZ06,cDXHP,0,NE-HV_AirDist-SupFanMtr-cDXHP-2SpClgHtg-Cnst,None,NE-HV_AirDist-SupFanMtr-cDXHP-2SpClgHtg-VFDStdMtr,None,NE-HV_AirDist-SupFanMtr-cDXHP-2SpClgHtg-SRM,None,,,Each
NE-HVAC-Unitary-addSRM,EUn,Ex,CZ05,cDXHP,0,NE-HV_AirDist-SupFanMtr-cDXHP-2SpClgHtg-Cnst,None,NE-HV_AirDist-SupFanMtr-cDXHP-2SpClgHtg-VFDStdMtr,None,NE-HV_AirDist-SupFanMtr-cDXHP-2SpClgHtg-SRM,None,,,Each
NE-HVAC-Unitary-addSRM,EUn,Ex,CZ04,cDXHP,0,NE-HV_AirDist-SupFanMtr-cDXHP-2SpClgHtg-Cnst,None,NE-HV_AirDist-SupFanMtr-cDXHP-2SpClgHtg-VFDStdMtr,None,NE-HV_AirDist-SupFanMtr-cDXHP-2SpClgHtg-SRM,None,,,Each
NE-HVAC-Unitary-addSRM,EUn,Ex,CZ03,cDXHP,0,NE-HV_AirDist-SupFanMtr-cDXHP-2SpClgHtg-Cnst,None,NE-HV_AirDist-SupFanMtr-cDXHP-2SpClgHtg-VFDStdMtr,None,NE-HV_AirDist-SupFanMtr-cDXHP-2SpClgHtg-SRM,None,,,Each
NE-HVAC-Unitary-addSRM,EUn,Ex,CZ02,cDXHP,0,NE-HV_AirDist-SupFanMtr-cDXHP-2SpClgHtg-Cnst,None,NE-HV_AirDist-SupFanMtr-cDXHP-2SpClgHtg-VFDStdMtr,None,NE-HV_AirDist-SupFanMtr-cDXHP-2SpClgHtg-SRM,None,,,Each
NE-HVAC-Unitary-addSRM,EUn,Ex,CZ01,cDXHP,0,NE-HV_AirDist-SupFanMtr-cDXHP-2SpClgHtg-Cnst,None,NE-HV_AirDist-SupFanMtr-cDXHP-2SpClgHtg-VFDStdMtr,None,NE-HV_AirDist-SupFanMtr-cDXHP-2SpClgHtg-SRM,None,,,Each
NE-HVAC-Unitary-addSRM,EUn,Ex,CZ16,cDXGF,0,NE-HV_AirDist-SupFanMtr-cDXGF-2SpClgHtg-Cnst,None,NE-HV_AirDist-SupFanMtr-cDXGF-2SpClgHtg-VFDStdMtr,None,NE-HV_AirDist-SupFanMtr-cDXGF-2SpClgHtg-SRM,None,,,Each
NE-HVAC-Unitary-addSRM,EUn,Ex,CZ15,cDXGF,0,NE-HV_AirDist-SupFanMtr-cDXGF-2SpClgHtg-Cnst,None,NE-HV_AirDist-SupFanMtr-cDXGF-2SpClgHtg-VFDStdMtr,None,NE-HV_AirDist-SupFanMtr-cDXGF-2SpClgHtg-SRM,None,,,Each
NE-HVAC-Unitary-addSRM,EUn,Ex,CZ14,cDXGF,0,NE-HV_AirDist-SupFanMtr-cDXGF-2SpClgHtg-Cnst,None,NE-HV_AirDist-SupFanMtr-cDXGF-2SpClgHtg-VFDStdMtr,None,NE-HV_AirDist-SupFanMtr-cDXGF-2SpClgHtg-SRM,None,,,Each
NE-HVAC-Unitary-addSRM,EUn,Ex,CZ13,cDXGF,0,NE-HV_AirDist-SupFanMtr-cDXGF-2SpClgHtg-Cnst,None,NE-HV_AirDist-SupFanMtr-cDXGF-2SpClgHtg-VFDStdMtr,None,NE-HV_AirDist-SupFanMtr-cDXGF-2SpClgHtg-SRM,None,,,Each
NE-HVAC-Unitary-addSRM,EUn,Ex,CZ12,cDXGF,0,NE-HV_AirDist-SupFanMtr-cDXGF-2SpClgHtg-Cnst,None,NE-HV_AirDist-SupFanMtr-cDXGF-2SpClgHtg-VFDStdMtr,None,NE-HV_AirDist-SupFanMtr-cDXGF-2SpClgHtg-SRM,None,,,Each
NE-HVAC-Unitary-addSRM,EUn,Ex,CZ11,cDXGF,0,NE-HV_AirDist-SupFanMtr-cDXGF-2SpClgHtg-Cnst,None,NE-HV_AirDist-SupFanMtr-cDXGF-2SpClgHtg-VFDStdMtr,None,NE-HV_AirDist-SupFanMtr-cDXGF-2SpClgHtg-SRM,None,,,Each
NE-HVAC-Unitary-addSRM,EUn,Ex,CZ10,cDXGF,0,NE-HV_AirDist-SupFanMtr-cDXGF-2SpClgHtg-Cnst,None,NE-HV_AirDist-SupFanMtr-cDXGF-2SpClgHtg-VFDStdMtr,None,NE-HV_AirDist-SupFanMtr-cDXGF-2SpClgHtg-SRM,None,,,Each
NE-HVAC-Unitary-addSRM,EUn,Ex,CZ09,cDXGF,0,NE-HV_AirDist-SupFanMtr-cDXGF-2SpClgHtg-Cnst,None,NE-HV_AirDist-SupFanMtr-cDXGF-2SpClgHtg-VFDStdMtr,None,NE-HV_AirDist-SupFanMtr-cDXGF-2SpClgHtg-SRM,None,,,Each
NE-HVAC-Unitary-addSRM,EUn,Ex,CZ08,cDXGF,0,NE-HV_AirDist-SupFanMtr-cDXGF-2SpClgHtg-Cnst,None,NE-HV_AirDist-SupFanMtr-cDXGF-2SpClgHtg-VFDStdMtr,None,NE-HV_AirDist-SupFanMtr-cDXGF-2SpClgHtg-SRM,None,,,Each
NE-HVAC-Unitary-addSRM,EUn,Ex,CZ07,cDXGF,0,NE-HV_AirDist-SupFanMtr-cDXGF-2SpClgHtg-Cnst,None,NE-HV_AirDist-SupFanMtr-cDXGF-2SpClgHtg-VFDStdMtr,None,NE-HV_AirDist-SupFanMtr-cDXGF-2SpClgHtg-SRM,None,,,Each
NE-HVAC-Unitary-addSRM,EUn,Ex,CZ06,cDXGF,0,NE-HV_AirDist-SupFanMtr-cDXGF-2SpClgHtg-Cnst,None,NE-HV_AirDist-SupFanMtr-cDXGF-2SpClgHtg-VFDStdMtr,None,NE-HV_AirDist-SupFanMtr-cDXGF-2SpClgHtg-SRM,None,,,Each
NE-HVAC-Unitary-addSRM,EUn,Ex,CZ05,cDXGF,0,NE-HV_AirDist-SupFanMtr-cDXGF-2SpClgHtg-Cnst,None,NE-HV_AirDist-SupFanMtr-cDXGF-2SpClgHtg-VFDStdMtr,None,NE-HV_AirDist-SupFanMtr-cDXGF-2SpClgHtg-SRM,None,,,Each
NE-HVAC-Unitary-addSRM,EUn,Ex,CZ04,cDXGF,0,NE-HV_AirDist-SupFanMtr-cDXGF-2SpClgHtg-Cnst,None,NE-HV_AirDist-SupFanMtr-cDXGF-2SpClgHtg-VFDStdMtr,None,NE-HV_AirDist-SupFanMtr-cDXGF-2SpClgHtg-SRM,None,,,Each
NE-HVAC-Unitary-addSRM,EUn,Ex,CZ03,cDXGF,0,NE-HV_AirDist-SupFanMtr-cDXGF-2SpClgHtg-Cnst,None,NE-HV_AirDist-SupFanMtr-cDXGF-2SpClgHtg-VFDStdMtr,None,NE-HV_AirDist-SupFanMtr-cDXGF-2SpClgHtg-SRM,None,,,Each
NE-HVAC-Unitary-addSRM,EUn,Ex,CZ02,cDXGF,0,NE-HV_AirDist-SupFanMtr-cDXGF-2SpClgHtg-Cnst,None,NE-HV_AirDist-SupFanMtr-cDXGF-2SpClgHtg-VFDStdMtr,None,NE-HV_AirDist-SupFanMtr-cDXGF-2SpClgHtg-SRM,None,,,Each
NE-HVAC-Unitary-addSRM,EUn,Ex,CZ01,cDXGF,0,NE-HV_AirDist-SupFanMtr-cDXGF-2SpClgHtg-Cnst,None,NE-HV_AirDist-SupFanMtr-cDXGF-2SpClgHtg-VFDStdMtr,None,NE-HV_AirDist-SupFanMtr-cDXGF-2SpClgHtg-SRM,None,,,Each
NE-HVAC-Unitary-addSRM,ESe,Ex,CZ16,cDXOH,0,NE-HV_AirDist-SupFanMtr-cDXOH-2SpClgHtg-Cnst,None,NE-HV_AirDist-SupFanMtr-cDXOH-2SpClgHtg-VFDStdMtr,None,NE-HV_AirDist-SupFanMtr-cDXOH-2SpClgHtg-SRM,None,,,Each
NE-HVAC-Unitary-addSRM,ESe,Ex,CZ15,cDXOH,0,NE-HV_AirDist-SupFanMtr-cDXOH-2SpClgHtg-Cnst,None,NE-HV_AirDist-SupFanMtr-cDXOH-2SpClgHtg-VFDStdMtr,None,NE-HV_AirDist-SupFanMtr-cDXOH-2SpClgHtg-SRM,None,,,Each
NE-HVAC-Unitary-addSRM,ESe,Ex,CZ14,cDXOH,0,NE-HV_AirDist-SupFanMtr-cDXOH-2SpClgHtg-Cnst,None,NE-HV_AirDist-SupFanMtr-cDXOH-2SpClgHtg-VFDStdMtr,None,NE-HV_AirDist-SupFanMtr-cDXOH-2SpClgHtg-SRM,None,,,Each
NE-HVAC-Unitary-addSRM,ESe,Ex,CZ13,cDXOH,0,NE-HV_AirDist-SupFanMtr-cDXOH-2SpClgHtg-Cnst,None,NE-HV_AirDist-SupFanMtr-cDXOH-2SpClgHtg-VFDStdMtr,None,NE-HV_AirDist-SupFanMtr-cDXOH-2SpClgHtg-SRM,None,,,Each
NE-HVAC-Unitary-addSRM,ESe,Ex,CZ12,cDXOH,0,NE-HV_AirDist-SupFanMtr-cDXOH-2SpClgHtg-Cnst,None,NE-HV_AirDist-SupFanMtr-cDXOH-2SpClgHtg-VFDStdMtr,None,NE-HV_AirDist-SupFanMtr-cDXOH-2SpClgHtg-SRM,None,,,Each
NE-HVAC-Unitary-addSRM,ESe,Ex,CZ11,cDXOH,0,NE-HV_AirDist-SupFanMtr-cDXOH-2SpClgHtg-Cnst,None,NE-HV_AirDist-SupFanMtr-cDXOH-2SpClgHtg-VFDStdMtr,None,NE-HV_AirDist-SupFanMtr-cDXOH-2SpClgHtg-SRM,None,,,Each
NE-HVAC-Unitary-addSRM,ESe,Ex,CZ10,cDXOH,0,NE-HV_AirDist-SupFanMtr-cDXOH-2SpClgHtg-Cnst,None,NE-HV_AirDist-SupFanMtr-cDXOH-2SpClgHtg-VFDStdMtr,None,NE-HV_AirDist-SupFanMtr-cDXOH-2SpClgHtg-SRM,None,,,Each
NE-HVAC-Unitary-addSRM,ESe,Ex,CZ09,cDXOH,0,NE-HV_AirDist-SupFanMtr-cDXOH-2SpClgHtg-Cnst,None,NE-HV_AirDist-SupFanMtr-cDXOH-2SpClgHtg-VFDStdMtr,None,NE-HV_AirDist-SupFanMtr-cDXOH-2SpClgHtg-SRM,None,,,Each
NE-HVAC-Unitary-addSRM,ESe,Ex,CZ08,cDXOH,0,NE-HV_AirDist-SupFanMtr-cDXOH-2SpClgHtg-Cnst,None,NE-HV_AirDist-SupFanMtr-cDXOH-2SpClgHtg-VFDStdMtr,None,NE-HV_AirDist-SupFanMtr-cDXOH-2SpClgHtg-SRM,None,,,Each
NE-HVAC-Unitary-addSRM,ESe,Ex,CZ07,cDXOH,0,NE-HV_AirDist-SupFanMtr-cDXOH-2SpClgHtg-Cnst,None,NE-HV_AirDist-SupFanMtr-cDXOH-2SpClgHtg-VFDStdMtr,None,NE-HV_AirDist-SupFanMtr-cDXOH-2SpClgHtg-SRM,None,,,Each
NE-HVAC-Unitary-addSRM,ESe,Ex,CZ06,cDXOH,0,NE-HV_AirDist-SupFanMtr-cDXOH-2SpClgHtg-Cnst,None,NE-HV_AirDist-SupFanMtr-cDXOH-2SpClgHtg-VFDStdMtr,None,NE-HV_AirDist-SupFanMtr-cDXOH-2SpClgHtg-SRM,None,,,Each
NE-HVAC-Unitary-addSRM,ESe,Ex,CZ05,cDXOH,0,NE-HV_AirDist-SupFanMtr-cDXOH-2SpClgHtg-Cnst,None,NE-HV_AirDist-SupFanMtr-cDXOH-2SpClgHtg-VFDStdMtr,None,NE-HV_AirDist-SupFanMtr-cDXOH-2SpClgHtg-SRM,None,,,Each
NE-HVAC-Unitary-addSRM,ESe,Ex,CZ04,cDXOH,0,NE-HV_AirDist-SupFanMtr-cDXOH-2SpClgHtg-Cnst,None,NE-HV_AirDist-SupFanMtr-cDXOH-2SpClgHtg-VFDStdMtr,None,NE-HV_AirDist-SupFanMtr-cDXOH-2SpClgHtg-SRM,None,,,Each
NE-HVAC-Unitary-addSRM,ESe,Ex,CZ03,cDXOH,0,NE-HV_AirDist-SupFanMtr-cDXOH-2SpClgHtg-Cnst,None,NE-HV_AirDist-SupFanMtr-cDXOH-2SpClgHtg-VFDStdMtr,None,NE-HV_AirDist-SupFanMtr-cDXOH-2SpClgHtg-SRM,None,,,Each
NE-HVAC-Unitary-addSRM,ESe,Ex,CZ02,cDXOH,0,NE-HV_AirDist-SupFanMtr-cDXOH-2SpClgHtg-Cnst,None,NE-HV_AirDist-SupFanMtr-cDXOH-2SpClgHtg-VFDStdMtr,None,NE-HV_AirDist-SupFanMtr-cDXOH-2SpClgHtg-SRM,None,,,Each
NE-HVAC-Unitary-addSRM,ESe,Ex,CZ01,cDXOH,0,NE-HV_AirDist-SupFanMtr-cDXOH-2SpClgHtg-Cnst,None,NE-HV_AirDist-SupFanMtr-cDXOH-2SpClgHtg-VFDStdMtr,None,NE-HV_AirDist-SupFanMtr-cDXOH-2SpClgHtg-SRM,None,,,Each
NE-HVAC-Unitary-addSRM,ESe,Ex,CZ16,cDXHP,0,NE-HV_AirDist-SupFanMtr-cDXHP-2SpClgHtg-Cnst,None,NE-HV_AirDist-SupFanMtr-cDXHP-2SpClgHtg-VFDStdMtr,None,NE-HV_AirDist-SupFanMtr-cDXHP-2SpClgHtg-SRM,None,,,Each
NE-HVAC-Unitary-addSRM,ESe,Ex,CZ15,cDXHP,0,NE-HV_AirDist-SupFanMtr-cDXHP-2SpClgHtg-Cnst,None,NE-HV_AirDist-SupFanMtr-cDXHP-2SpClgHtg-VFDStdMtr,None,NE-HV_AirDist-SupFanMtr-cDXHP-2SpClgHtg-SRM,None,,,Each
NE-HVAC-Unitary-addSRM,ESe,Ex,CZ14,cDXHP,0,NE-HV_AirDist-SupFanMtr-cDXHP-2SpClgHtg-Cnst,None,NE-HV_AirDist-SupFanMtr-cDXHP-2SpClgHtg-VFDStdMtr,None,NE-HV_AirDist-SupFanMtr-cDXHP-2SpClgHtg-SRM,None,,,Each
NE-HVAC-Unitary-addSRM,ESe,Ex,CZ13,cDXHP,0,NE-HV_AirDist-SupFanMtr-cDXHP-2SpClgHtg-Cnst,None,NE-HV_AirDist-SupFanMtr-cDXHP-2SpClgHtg-VFDStdMtr,None,NE-HV_AirDist-SupFanMtr-cDXHP-2SpClgHtg-SRM,None,,,Each
NE-HVAC-Unitary-addSRM,ESe,Ex,CZ12,cDXHP,0,NE-HV_AirDist-SupFanMtr-cDXHP-2SpClgHtg-Cnst,None,NE-HV_AirDist-SupFanMtr-cDXHP-2SpClgHtg-VFDStdMtr,None,NE-HV_AirDist-SupFanMtr-cDXHP-2SpClgHtg-SRM,None,,,Each
NE-HVAC-Unitary-addSRM,ESe,Ex,CZ11,cDXHP,0,NE-HV_AirDist-SupFanMtr-cDXHP-2SpClgHtg-Cnst,None,NE-HV_AirDist-SupFanMtr-cDXHP-2SpClgHtg-VFDStdMtr,None,NE-HV_AirDist-SupFanMtr-cDXHP-2SpClgHtg-SRM,None,,,Each
NE-HVAC-Unitary-addSRM,ESe,Ex,CZ10,cDXHP,0,NE-HV_AirDist-SupFanMtr-cDXHP-2SpClgHtg-Cnst,None,NE-HV_AirDist-SupFanMtr-cDXHP-2SpClgHtg-VFDStdMtr,None,NE-HV_AirDist-SupFanMtr-cDXHP-2SpClgHtg-SRM,None,,,Each
NE-HVAC-Unitary-addSRM,ESe,Ex,CZ09,cDXHP,0,NE-HV_AirDist-SupFanMtr-cDXHP-2SpClgHtg-Cnst,None,NE-HV_AirDist-SupFanMtr-cDXHP-2SpClgHtg-VFDStdMtr,None,NE-HV_AirDist-SupFanMtr-cDXHP-2SpClgHtg-SRM,None,,,Each
NE-HVAC-Unitary-addSRM,ESe,Ex,CZ08,cDXHP,0,NE-HV_AirDist-SupFanMtr-cDXHP-2SpClgHtg-Cnst,None,NE-HV_AirDist-SupFanMtr-cDXHP-2SpClgHtg-VFDStdMtr,None,NE-HV_AirDist-SupFanMtr-cDXHP-2SpClgHtg-SRM,None,,,Each
NE-HVAC-Unitary-addSRM,ESe,Ex,CZ07,cDXHP,0,NE-HV_AirDist-SupFanMtr-cDXHP-2SpClgHtg-Cnst,None,NE-HV_AirDist-SupFanMtr-cDXHP-2SpClgHtg-VFDStdMtr,None,NE-HV_AirDist-SupFanMtr-cDXHP-2SpClgHtg-SRM,None,,,Each
NE-HVAC-Unitary-addSRM,ESe,Ex,CZ06,cDXHP,0,NE-HV_AirDist-SupFanMtr-cDXHP-2SpClgHtg-Cnst,None,NE-HV_AirDist-SupFanMtr-cDXHP-2SpClgHtg-VFDStdMtr,None,NE-HV_AirDist-SupFanMtr-cDXHP-2SpClgHtg-SRM,None,,,Each
NE-HVAC-Unitary-addSRM,ESe,Ex,CZ05,cDXHP,0,NE-HV_AirDist-SupFanMtr-cDXHP-2SpClgHtg-Cnst,None,NE-HV_AirDist-SupFanMtr-cDXHP-2SpClgHtg-VFDStdMtr,None,NE-HV_AirDist-SupFanMtr-cDXHP-2SpClgHtg-SRM,None,,,Each
NE-HVAC-Unitary-addSRM,ESe,Ex,CZ04,cDXHP,0,NE-HV_AirDist-SupFanMtr-cDXHP-2SpClgHtg-Cnst,None,NE-HV_AirDist-SupFanMtr-cDXHP-2SpClgHtg-VFDStdMtr,None,NE-HV_AirDist-SupFanMtr-cDXHP-2SpClgHtg-SRM,None,,,Each
NE-HVAC-Unitary-addSRM,ESe,Ex,CZ03,cDXHP,0,NE-HV_AirDist-SupFanMtr-cDXHP-2SpClgHtg-Cnst,None,NE-HV_AirDist-SupFanMtr-cDXHP-2SpClgHtg-VFDStdMtr,None,NE-HV_AirDist-SupFanMtr-cDXHP-2SpClgHtg-SRM,None,,,Each
NE-HVAC-Unitary-addSRM,ESe,Ex,CZ02,cDXHP,0,NE-HV_AirDist-SupFanMtr-cDXHP-2SpClgHtg-Cnst,None,NE-HV_AirDist-SupFanMtr-cDXHP-2SpClgHtg-VFDStdMtr,None,NE-HV_AirDist-SupFanMtr-cDXHP-2SpClgHtg-SRM,None,,,Each
NE-HVAC-Unitary-addSRM,ESe,Ex,CZ01,cDXHP,0,NE-HV_AirDist-SupFanMtr-cDXHP-2SpClgHtg-Cnst,None,NE-HV_AirDist-SupFanMtr-cDXHP-2SpClgHtg-VFDStdMtr,None,NE-HV_AirDist-SupFanMtr-cDXHP-2SpClgHtg-SRM,None,,,Each
NE-HVAC-Unitary-addSRM,ESe,Ex,CZ16,cDXGF,0,NE-HV_AirDist-SupFanMtr-cDXGF-2SpClgHtg-Cnst,None,NE-HV_AirDist-SupFanMtr-cDXGF-2SpClgHtg-VFDStdMtr,None,NE-HV_AirDist-SupFanMtr-cDXGF-2SpClgHtg-SRM,None,,,Each
NE-HVAC-Unitary-addSRM,ESe,Ex,CZ15,cDXGF,0,NE-HV_AirDist-SupFanMtr-cDXGF-2SpClgHtg-Cnst,None,NE-HV_AirDist-SupFanMtr-cDXGF-2SpClgHtg-VFDStdMtr,None,NE-HV_AirDist-SupFanMtr-cDXGF-2SpClgHtg-SRM,None,,,Each
NE-HVAC-Unitary-addSRM,ESe,Ex,CZ14,cDXGF,0,NE-HV_AirDist-SupFanMtr-cDXGF-2SpClgHtg-Cnst,None,NE-HV_AirDist-SupFanMtr-cDXGF-2SpClgHtg-VFDStdMtr,None,NE-HV_AirDist-SupFanMtr-cDXGF-2SpClgHtg-SRM,None,,,Each
NE-HVAC-Unitary-addSRM,ESe,Ex,CZ13,cDXGF,0,NE-HV_AirDist-SupFanMtr-cDXGF-2SpClgHtg-Cnst,None,NE-HV_AirDist-SupFanMtr-cDXGF-2SpClgHtg-VFDStdMtr,None,NE-HV_AirDist-SupFanMtr-cDXGF-2SpClgHtg-SRM,None,,,Each
NE-HVAC-Unitary-addSRM,ESe,Ex,CZ12,cDXGF,0,NE-HV_AirDist-SupFanMtr-cDXGF-2SpClgHtg-Cnst,None,NE-HV_AirDist-SupFanMtr-cDXGF-2SpClgHtg-VFDStdMtr,None,NE-HV_AirDist-SupFanMtr-cDXGF-2SpClgHtg-SRM,None,,,Each
NE-HVAC-Unitary-addSRM,ESe,Ex,CZ11,cDXGF,0,NE-HV_AirDist-SupFanMtr-cDXGF-2SpClgHtg-Cnst,None,NE-HV_AirDist-SupFanMtr-cDXGF-2SpClgHtg-VFDStdMtr,None,NE-HV_AirDist-SupFanMtr-cDXGF-2SpClgHtg-SRM,None,,,Each
NE-HVAC-Unitary-addSRM,ESe,Ex,CZ10,cDXGF,0,NE-HV_AirDist-SupFanMtr-cDXGF-2SpClgHtg-Cnst,None,NE-HV_AirDist-SupFanMtr-cDXGF-2SpClgHtg-VFDStdMtr,None,NE-HV_AirDist-SupFanMtr-cDXGF-2SpClgHtg-SRM,None,,,Each
NE-HVAC-Unitary-addSRM,ESe,Ex,CZ09,cDXGF,0,NE-HV_AirDist-SupFanMtr-cDXGF-2SpClgHtg-Cnst,None,NE-HV_AirDist-SupFanMtr-cDXGF-2SpClgHtg-VFDStdMtr,None,NE-HV_AirDist-SupFanMtr-cDXGF-2SpClgHtg-SRM,None,,,Each
NE-HVAC-Unitary-addSRM,ESe,Ex,CZ08,cDXGF,0,NE-HV_AirDist-SupFanMtr-cDXGF-2SpClgHtg-Cnst,None,NE-HV_AirDist-SupFanMtr-cDXGF-2SpClgHtg-VFDStdMtr,None,NE-HV_AirDist-SupFanMtr-cDXGF-2SpClgHtg-SRM,None,,,Each
NE-HVAC-Unitary-addSRM,ESe,Ex,CZ07,cDXGF,0,NE-HV_AirDist-SupFanMtr-cDXGF-2SpClgHtg-Cnst,None,NE-HV_AirDist-SupFanMtr-cDXGF-2SpClgHtg-VFDStdMtr,None,NE-HV_AirDist-SupFanMtr-cDXGF-2SpClgHtg-SRM,None,,,Each
NE-HVAC-Unitary-addSRM,ESe,Ex,CZ06,cDXGF,0,NE-HV_AirDist-SupFanMtr-cDXGF-2SpClgHtg-Cnst,None,NE-HV_AirDist-SupFanMtr-cDXGF-2SpClgHtg-VFDStdMtr,None,NE-HV_AirDist-SupFanMtr-cDXGF-2SpClgHtg-SRM,None,,,Each
NE-HVAC-Unitary-addSRM,ESe,Ex,CZ05,cDXGF,0,NE-HV_AirDist-SupFanMtr-cDXGF-2SpClgHtg-Cnst,None,NE-HV_AirDist-SupFanMtr-cDXGF-2SpClgHtg-VFDStdMtr,None,NE-HV_AirDist-SupFanMtr-cDXGF-2SpClgHtg-SRM,None,,,Each
NE-HVAC-Unitary-addSRM,ESe,Ex,CZ04,cDXGF,0,NE-HV_AirDist-SupFanMtr-cDXGF-2SpClgHtg-Cnst,None,NE-HV_AirDist-SupFanMtr-cDXGF-2SpClgHtg-VFDStdMtr,None,NE-HV_AirDist-SupFanMtr-cDXGF-2SpClgHtg-SRM,None,,,Each
NE-HVAC-Unitary-addSRM,ESe,Ex,CZ03,cDXGF,0,NE-HV_AirDist-SupFanMtr-cDXGF-2SpClgHtg-Cnst,None,NE-HV_AirDist-SupFanMtr-cDXGF-2SpClgHtg-VFDStdMtr,None,NE-HV_AirDist-SupFanMtr-cDXGF-2SpClgHtg-SRM,None,,,Each
NE-HVAC-Unitary-addSRM,ESe,Ex,CZ02,cDXGF,0,NE-HV_AirDist-SupFanMtr-cDXGF-2SpClgHtg-Cnst,None,NE-HV_AirDist-SupFanMtr-cDXGF-2SpClgHtg-VFDStdMtr,None,NE-HV_AirDist-SupFanMtr-cDXGF-2SpClgHtg-SRM,None,,,Each
NE-HVAC-Unitary-addSRM,ESe,Ex,CZ01,cDXGF,0,NE-HV_AirDist-SupFanMtr-cDXGF-2SpClgHtg-Cnst,None,NE-HV_AirDist-SupFanMtr-cDXGF-2SpClgHtg-VFDStdMtr,None,NE-HV_AirDist-SupFanMtr-cDXGF-2SpClgHtg-SRM,None,,,Each
NE-HVAC-Unitary-addSRM,ERC,Ex,CZ16,cDXOH,0,NE-HV_AirDist-SupFanMtr-cDXOH-2SpClgHtg-Cnst,None,NE-HV_AirDist-SupFanMtr-cDXOH-2SpClgHtg-VFDStdMtr,None,NE-HV_AirDist-SupFanMtr-cDXOH-2SpClgHtg-SRM,None,,,Each
NE-HVAC-Unitary-addSRM,ERC,Ex,CZ15,cDXOH,0,NE-HV_AirDist-SupFanMtr-cDXOH-2SpClgHtg-Cnst,None,NE-HV_AirDist-SupFanMtr-cDXOH-2SpClgHtg-VFDStdMtr,None,NE-HV_AirDist-SupFanMtr-cDXOH-2SpClgHtg-SRM,None,,,Each
NE-HVAC-Unitary-addSRM,ERC,Ex,CZ14,cDXOH,0,NE-HV_AirDist-SupFanMtr-cDXOH-2SpClgHtg-Cnst,None,NE-HV_AirDist-SupFanMtr-cDXOH-2SpClgHtg-VFDStdMtr,None,NE-HV_AirDist-SupFanMtr-cDXOH-2SpClgHtg-SRM,None,,,Each
NE-HVAC-Unitary-addSRM,ERC,Ex,CZ13,cDXOH,0,NE-HV_AirDist-SupFanMtr-cDXOH-2SpClgHtg-Cnst,None,NE-HV_AirDist-SupFanMtr-cDXOH-2SpClgHtg-VFDStdMtr,None,NE-HV_AirDist-SupFanMtr-cDXOH-2SpClgHtg-SRM,None,,,Each
NE-HVAC-Unitary-addSRM,ERC,Ex,CZ12,cDXOH,0,NE-HV_AirDist-SupFanMtr-cDXOH-2SpClgHtg-Cnst,None,NE-HV_AirDist-SupFanMtr-cDXOH-2SpClgHtg-VFDStdMtr,None,NE-HV_AirDist-SupFanMtr-cDXOH-2SpClgHtg-SRM,None,,,Each
NE-HVAC-Unitary-addSRM,ERC,Ex,CZ11,cDXOH,0,NE-HV_AirDist-SupFanMtr-cDXOH-2SpClgHtg-Cnst,None,NE-HV_AirDist-SupFanMtr-cDXOH-2SpClgHtg-VFDStdMtr,None,NE-HV_AirDist-SupFanMtr-cDXOH-2SpClgHtg-SRM,None,,,Each
NE-HVAC-Unitary-addSRM,ERC,Ex,CZ10,cDXOH,0,NE-HV_AirDist-SupFanMtr-cDXOH-2SpClgHtg-Cnst,None,NE-HV_AirDist-SupFanMtr-cDXOH-2SpClgHtg-VFDStdMtr,None,NE-HV_AirDist-SupFanMtr-cDXOH-2SpClgHtg-SRM,None,,,Each
NE-HVAC-Unitary-addSRM,ERC,Ex,CZ09,cDXOH,0,NE-HV_AirDist-SupFanMtr-cDXOH-2SpClgHtg-Cnst,None,NE-HV_AirDist-SupFanMtr-cDXOH-2SpClgHtg-VFDStdMtr,None,NE-HV_AirDist-SupFanMtr-cDXOH-2SpClgHtg-SRM,None,,,Each
NE-HVAC-Unitary-addSRM,ERC,Ex,CZ08,cDXOH,0,NE-HV_AirDist-SupFanMtr-cDXOH-2SpClgHtg-Cnst,None,NE-HV_AirDist-SupFanMtr-cDXOH-2SpClgHtg-VFDStdMtr,None,NE-HV_AirDist-SupFanMtr-cDXOH-2SpClgHtg-SRM,None,,,Each
NE-HVAC-Unitary-addSRM,ERC,Ex,CZ07,cDXOH,0,NE-HV_AirDist-SupFanMtr-cDXOH-2SpClgHtg-Cnst,None,NE-HV_AirDist-SupFanMtr-cDXOH-2SpClgHtg-VFDStdMtr,None,NE-HV_AirDist-SupFanMtr-cDXOH-2SpClgHtg-SRM,None,,,Each
NE-HVAC-Unitary-addSRM,ERC,Ex,CZ06,cDXOH,0,NE-HV_AirDist-SupFanMtr-cDXOH-2SpClgHtg-Cnst,None,NE-HV_AirDist-SupFanMtr-cDXOH-2SpClgHtg-VFDStdMtr,None,NE-HV_AirDist-SupFanMtr-cDXOH-2SpClgHtg-SRM,None,,,Each
NE-HVAC-Unitary-addSRM,ERC,Ex,CZ05,cDXOH,0,NE-HV_AirDist-SupFanMtr-cDXOH-2SpClgHtg-Cnst,None,NE-HV_AirDist-SupFanMtr-cDXOH-2SpClgHtg-VFDStdMtr,None,NE-HV_AirDist-SupFanMtr-cDXOH-2SpClgHtg-SRM,None,,,Each
NE-HVAC-Unitary-addSRM,ERC,Ex,CZ04,cDXOH,0,NE-HV_AirDist-SupFanMtr-cDXOH-2SpClgHtg-Cnst,None,NE-HV_AirDist-SupFanMtr-cDXOH-2SpClgHtg-VFDStdMtr,None,NE-HV_AirDist-SupFanMtr-cDXOH-2SpClgHtg-SRM,None,,,Each
NE-HVAC-Unitary-addSRM,ERC,Ex,CZ03,cDXOH,0,NE-HV_AirDist-SupFanMtr-cDXOH-2SpClgHtg-Cnst,None,NE-HV_AirDist-SupFanMtr-cDXOH-2SpClgHtg-VFDStdMtr,None,NE-HV_AirDist-SupFanMtr-cDXOH-2SpClgHtg-SRM,None,,,Each
NE-HVAC-Unitary-addSRM,ERC,Ex,CZ02,cDXOH,0,NE-HV_AirDist-SupFanMtr-cDXOH-2SpClgHtg-Cnst,None,NE-HV_AirDist-SupFanMtr-cDXOH-2SpClgHtg-VFDStdMtr,None,NE-HV_AirDist-SupFanMtr-cDXOH-2SpClgHtg-SRM,None,,,Each
NE-HVAC-Unitary-addSRM,ERC,Ex,CZ01,cDXOH,0,NE-HV_AirDist-SupFanMtr-cDXOH-2SpClgHtg-Cnst,None,NE-HV_AirDist-SupFanMtr-cDXOH-2SpClgHtg-VFDStdMtr,None,NE-HV_AirDist-SupFanMtr-cDXOH-2SpClgHtg-SRM,None,,,Each
NE-HVAC-Unitary-addSRM,ERC,Ex,CZ16,cDXHP,0,NE-HV_AirDist-SupFanMtr-cDXHP-2SpClgHtg-Cnst,None,NE-HV_AirDist-SupFanMtr-cDXHP-2SpClgHtg-VFDStdMtr,None,NE-HV_AirDist-SupFanMtr-cDXHP-2SpClgHtg-SRM,None,,,Each
NE-HVAC-Unitary-addSRM,ERC,Ex,CZ15,cDXHP,0,NE-HV_AirDist-SupFanMtr-cDXHP-2SpClgHtg-Cnst,None,NE-HV_AirDist-SupFanMtr-cDXHP-2SpClgHtg-VFDStdMtr,None,NE-HV_AirDist-SupFanMtr-cDXHP-2SpClgHtg-SRM,None,,,Each
NE-HVAC-Unitary-addSRM,ERC,Ex,CZ14,cDXHP,0,NE-HV_AirDist-SupFanMtr-cDXHP-2SpClgHtg-Cnst,None,NE-HV_AirDist-SupFanMtr-cDXHP-2SpClgHtg-VFDStdMtr,None,NE-HV_AirDist-SupFanMtr-cDXHP-2SpClgHtg-SRM,None,,,Each
NE-HVAC-Unitary-addSRM,ERC,Ex,CZ13,cDXHP,0,NE-HV_AirDist-SupFanMtr-cDXHP-2SpClgHtg-Cnst,None,NE-HV_AirDist-SupFanMtr-cDXHP-2SpClgHtg-VFDStdMtr,None,NE-HV_AirDist-SupFanMtr-cDXHP-2SpClgHtg-SRM,None,,,Each
NE-HVAC-Unitary-addSRM,ERC,Ex,CZ12,cDXHP,0,NE-HV_AirDist-SupFanMtr-cDXHP-2SpClgHtg-Cnst,None,NE-HV_AirDist-SupFanMtr-cDXHP-2SpClgHtg-VFDStdMtr,None,NE-HV_AirDist-SupFanMtr-cDXHP-2SpClgHtg-SRM,None,,,Each
NE-HVAC-Unitary-addSRM,ERC,Ex,CZ11,cDXHP,0,NE-HV_AirDist-SupFanMtr-cDXHP-2SpClgHtg-Cnst,None,NE-HV_AirDist-SupFanMtr-cDXHP-2SpClgHtg-VFDStdMtr,None,NE-HV_AirDist-SupFanMtr-cDXHP-2SpClgHtg-SRM,None,,,Each
NE-HVAC-Unitary-addSRM,ERC,Ex,CZ10,cDXHP,0,NE-HV_AirDist-SupFanMtr-cDXHP-2SpClgHtg-Cnst,None,NE-HV_AirDist-SupFanMtr-cDXHP-2SpClgHtg-VFDStdMtr,None,NE-HV_AirDist-SupFanMtr-cDXHP-2SpClgHtg-SRM,None,,,Each
NE-HVAC-Unitary-addSRM,ERC,Ex,CZ09,cDXHP,0,NE-HV_AirDist-SupFanMtr-cDXHP-2SpClgHtg-Cnst,None,NE-HV_AirDist-SupFanMtr-cDXHP-2SpClgHtg-VFDStdMtr,None,NE-HV_AirDist-SupFanMtr-cDXHP-2SpClgHtg-SRM,None,,,Each
NE-HVAC-Unitary-addSRM,ERC,Ex,CZ08,cDXHP,0,NE-HV_AirDist-SupFanMtr-cDXHP-2SpClgHtg-Cnst,None,NE-HV_AirDist-SupFanMtr-cDXHP-2SpClgHtg-VFDStdMtr,None,NE-HV_AirDist-SupFanMtr-cDXHP-2SpClgHtg-SRM,None,,,Each
NE-HVAC-Unitary-addSRM,ERC,Ex,CZ07,cDXHP,0,NE-HV_AirDist-SupFanMtr-cDXHP-2SpClgHtg-Cnst,None,NE-HV_AirDist-SupFanMtr-cDXHP-2SpClgHtg-VFDStdMtr,None,NE-HV_AirDist-SupFanMtr-cDXHP-2SpClgHtg-SRM,None,,,Each
NE-HVAC-Unitary-addSRM,ERC,Ex,CZ06,cDXHP,0,NE-HV_AirDist-SupFanMtr-cDXHP-2SpClgHtg-Cnst,None,NE-HV_AirDist-SupFanMtr-cDXHP-2SpClgHtg-VFDStdMtr,None,NE-HV_AirDist-SupFanMtr-cDXHP-2SpClgHtg-SRM,None,,,Each
NE-HVAC-Unitary-addSRM,ERC,Ex,CZ05,cDXHP,0,NE-HV_AirDist-SupFanMtr-cDXHP-2SpClgHtg-Cnst,None,NE-HV_AirDist-SupFanMtr-cDXHP-2SpClgHtg-VFDStdMtr,None,NE-HV_AirDist-SupFanMtr-cDXHP-2SpClgHtg-SRM,None,,,Each
NE-HVAC-Unitary-addSRM,ERC,Ex,CZ04,cDXHP,0,NE-HV_AirDist-SupFanMtr-cDXHP-2SpClgHtg-Cnst,None,NE-HV_AirDist-SupFanMtr-cDXHP-2SpClgHtg-VFDStdMtr,None,NE-HV_AirDist-SupFanMtr-cDXHP-2SpClgHtg-SRM,None,,,Each
NE-HVAC-Unitary-addSRM,ERC,Ex,CZ03,cDXHP,0,NE-HV_AirDist-SupFanMtr-cDXHP-2SpClgHtg-Cnst,None,NE-HV_AirDist-SupFanMtr-cDXHP-2SpClgHtg-VFDStdMtr,None,NE-HV_AirDist-SupFanMtr-cDXHP-2SpClgHtg-SRM,None,,,Each
NE-HVAC-Unitary-addSRM,ERC,Ex,CZ02,cDXHP,0,NE-HV_AirDist-SupFanMtr-cDXHP-2SpClgHtg-Cnst,None,NE-HV_AirDist-SupFanMtr-cDXHP-2SpClgHtg-VFDStdMtr,None,NE-HV_AirDist-SupFanMtr-cDXHP-2SpClgHtg-SRM,None,,,Each
NE-HVAC-Unitary-addSRM,ERC,Ex,CZ01,cDXHP,0,NE-HV_AirDist-SupFanMtr-cDXHP-2SpClgHtg-Cnst,None,NE-HV_AirDist-SupFanMtr-cDXHP-2SpClgHtg-VFDStdMtr,None,NE-HV_AirDist-SupFanMtr-cDXHP-2SpClgHtg-SRM,None,,,Each
NE-HVAC-Unitary-addSRM,ERC,Ex,CZ16,cDXGF,0,NE-HV_AirDist-SupFanMtr-cDXGF-2SpClgHtg-Cnst,None,NE-HV_AirDist-SupFanMtr-cDXGF-2SpClgHtg-VFDStdMtr,None,NE-HV_AirDist-SupFanMtr-cDXGF-2SpClgHtg-SRM,None,,,Each
NE-HVAC-Unitary-addSRM,ERC,Ex,CZ15,cDXGF,0,NE-HV_AirDist-SupFanMtr-cDXGF-2SpClgHtg-Cnst,None,NE-HV_AirDist-SupFanMtr-cDXGF-2SpClgHtg-VFDStdMtr,None,NE-HV_AirDist-SupFanMtr-cDXGF-2SpClgHtg-SRM,None,,,Each
NE-HVAC-Unitary-addSRM,ERC,Ex,CZ14,cDXGF,0,NE-HV_AirDist-SupFanMtr-cDXGF-2SpClgHtg-Cnst,None,NE-HV_AirDist-SupFanMtr-cDXGF-2SpClgHtg-VFDStdMtr,None,NE-HV_AirDist-SupFanMtr-cDXGF-2SpClgHtg-SRM,None,,,Each
NE-HVAC-Unitary-addSRM,ERC,Ex,CZ13,cDXGF,0,NE-HV_AirDist-SupFanMtr-cDXGF-2SpClgHtg-Cnst,None,NE-HV_AirDist-SupFanMtr-cDXGF-2SpClgHtg-VFDStdMtr,None,NE-HV_AirDist-SupFanMtr-cDXGF-2SpClgHtg-SRM,None,,,Each
NE-HVAC-Unitary-addSRM,ERC,Ex,CZ12,cDXGF,0,NE-HV_AirDist-SupFanMtr-cDXGF-2SpClgHtg-Cnst,None,NE-HV_AirDist-SupFanMtr-cDXGF-2SpClgHtg-VFDStdMtr,None,NE-HV_AirDist-SupFanMtr-cDXGF-2SpClgHtg-SRM,None,,,Each
NE-HVAC-Unitary-addSRM,ERC,Ex,CZ11,cDXGF,0,NE-HV_AirDist-SupFanMtr-cDXGF-2SpClgHtg-Cnst,None,NE-HV_AirDist-SupFanMtr-cDXGF-2SpClgHtg-VFDStdMtr,None,NE-HV_AirDist-SupFanMtr-cDXGF-2SpClgHtg-SRM,None,,,Each
NE-HVAC-Unitary-addSRM,ERC,Ex,CZ10,cDXGF,0,NE-HV_AirDist-SupFanMtr-cDXGF-2SpClgHtg-Cnst,None,NE-HV_AirDist-SupFanMtr-cDXGF-2SpClgHtg-VFDStdMtr,None,NE-HV_AirDist-SupFanMtr-cDXGF-2SpClgHtg-SRM,None,,,Each
NE-HVAC-Unitary-addSRM,ERC,Ex,CZ09,cDXGF,0,NE-HV_AirDist-SupFanMtr-cDXGF-2SpClgHtg-Cnst,None,NE-HV_AirDist-SupFanMtr-cDXGF-2SpClgHtg-VFDStdMtr,None,NE-HV_AirDist-SupFanMtr-cDXGF-2SpClgHtg-SRM,None,,,Each
NE-HVAC-Unitary-addSRM,ERC,Ex,CZ08,cDXGF,0,NE-HV_AirDist-SupFanMtr-cDXGF-2SpClgHtg-Cnst,None,NE-HV_AirDist-SupFanMtr-cDXGF-2SpClgHtg-VFDStdMtr,None,NE-HV_AirDist-SupFanMtr-cDXGF-2SpClgHtg-SRM,None,,,Each
NE-HVAC-Unitary-addSRM,ERC,Ex,CZ07,cDXGF,0,NE-HV_AirDist-SupFanMtr-cDXGF-2SpClgHtg-Cnst,None,NE-HV_AirDist-SupFanMtr-cDXGF-2SpClgHtg-VFDStdMtr,None,NE-HV_AirDist-SupFanMtr-cDXGF-2SpClgHtg-SRM,None,,,Each
NE-HVAC-Unitary-addSRM,ERC,Ex,CZ06,cDXGF,0,NE-HV_AirDist-SupFanMtr-cDXGF-2SpClgHtg-Cnst,None,NE-HV_AirDist-SupFanMtr-cDXGF-2SpClgHtg-VFDStdMtr,None,NE-HV_AirDist-SupFanMtr-cDXGF-2SpClgHtg-SRM,None,,,Each
NE-HVAC-Unitary-addSRM,ERC,Ex,CZ05,cDXGF,0,NE-HV_AirDist-SupFanMtr-cDXGF-2SpClgHtg-Cnst,None,NE-HV_AirDist-SupFanMtr-cDXGF-2SpClgHtg-VFDStdMtr,None,NE-HV_AirDist-SupFanMtr-cDXGF-2SpClgHtg-SRM,None,,,Each
NE-HVAC-Unitary-addSRM,ERC,Ex,CZ04,cDXGF,0,NE-HV_AirDist-SupFanMtr-cDXGF-2SpClgHtg-Cnst,None,NE-HV_AirDist-SupFanMtr-cDXGF-2SpClgHtg-VFDStdMtr,None,NE-HV_AirDist-SupFanMtr-cDXGF-2SpClgHtg-SRM,None,,,Each
NE-HVAC-Unitary-addSRM,ERC,Ex,CZ03,cDXGF,0,NE-HV_AirDist-SupFanMtr-cDXGF-2SpClgHtg-Cnst,None,NE-HV_AirDist-SupFanMtr-cDXGF-2SpClgHtg-VFDStdMtr,None,NE-HV_AirDist-SupFanMtr-cDXGF-2SpClgHtg-SRM,None,,,Each
NE-HVAC-Unitary-addSRM,ERC,Ex,CZ02,cDXGF,0,NE-HV_AirDist-SupFanMtr-cDXGF-2SpClgHtg-Cnst,None,NE-HV_AirDist-SupFanMtr-cDXGF-2SpClgHtg-VFDStdMtr,None,NE-HV_AirDist-SupFanMtr-cDXGF-2SpClgHtg-SRM,None,,,Each
NE-HVAC-Unitary-addSRM,ERC,Ex,CZ01,cDXGF,0,NE-HV_AirDist-SupFanMtr-cDXGF-2SpClgHtg-Cnst,None,NE-HV_AirDist-SupFanMtr-cDXGF-2SpClgHtg-VFDStdMtr,None,NE-HV_AirDist-SupFanMtr-cDXGF-2SpClgHtg-SRM,None,,,Each
NE-HVAC-Unitary-addSRM,EPr,Ex,CZ16,cDXOH,0,NE-HV_AirDist-SupFanMtr-cDXOH-2SpClgHtg-Cnst,None,NE-HV_AirDist-SupFanMtr-cDXOH-2SpClgHtg-VFDStdMtr,None,NE-HV_AirDist-SupFanMtr-cDXOH-2SpClgHtg-SRM,None,,,Each
NE-HVAC-Unitary-addSRM,EPr,Ex,CZ15,cDXOH,0,NE-HV_AirDist-SupFanMtr-cDXOH-2SpClgHtg-Cnst,None,NE-HV_AirDist-SupFanMtr-cDXOH-2SpClgHtg-VFDStdMtr,None,NE-HV_AirDist-SupFanMtr-cDXOH-2SpClgHtg-SRM,None,,,Each
NE-HVAC-Unitary-addSRM,EPr,Ex,CZ14,cDXOH,0,NE-HV_AirDist-SupFanMtr-cDXOH-2SpClgHtg-Cnst,None,NE-HV_AirDist-SupFanMtr-cDXOH-2SpClgHtg-VFDStdMtr,None,NE-HV_AirDist-SupFanMtr-cDXOH-2SpClgHtg-SRM,None,,,Each
NE-HVAC-Unitary-addSRM,EPr,Ex,CZ13,cDXOH,0,NE-HV_AirDist-SupFanMtr-cDXOH-2SpClgHtg-Cnst,None,NE-HV_AirDist-SupFanMtr-cDXOH-2SpClgHtg-VFDStdMtr,None,NE-HV_AirDist-SupFanMtr-cDXOH-2SpClgHtg-SRM,None,,,Each
NE-HVAC-Unitary-addSRM,EPr,Ex,CZ12,cDXOH,0,NE-HV_AirDist-SupFanMtr-cDXOH-2SpClgHtg-Cnst,None,NE-HV_AirDist-SupFanMtr-cDXOH-2SpClgHtg-VFDStdMtr,None,NE-HV_AirDist-SupFanMtr-cDXOH-2SpClgHtg-SRM,None,,,Each
NE-HVAC-Unitary-addSRM,EPr,Ex,CZ11,cDXOH,0,NE-HV_AirDist-SupFanMtr-cDXOH-2SpClgHtg-Cnst,None,NE-HV_AirDist-SupFanMtr-cDXOH-2SpClgHtg-VFDStdMtr,None,NE-HV_AirDist-SupFanMtr-cDXOH-2SpClgHtg-SRM,None,,,Each
NE-HVAC-Unitary-addSRM,EPr,Ex,CZ10,cDXOH,0,NE-HV_AirDist-SupFanMtr-cDXOH-2SpClgHtg-Cnst,None,NE-HV_AirDist-SupFanMtr-cDXOH-2SpClgHtg-VFDStdMtr,None,NE-HV_AirDist-SupFanMtr-cDXOH-2SpClgHtg-SRM,None,,,Each
NE-HVAC-Unitary-addSRM,EPr,Ex,CZ09,cDXOH,0,NE-HV_AirDist-SupFanMtr-cDXOH-2SpClgHtg-Cnst,None,NE-HV_AirDist-SupFanMtr-cDXOH-2SpClgHtg-VFDStdMtr,None,NE-HV_AirDist-SupFanMtr-cDXOH-2SpClgHtg-SRM,None,,,Each
NE-HVAC-Unitary-addSRM,EPr,Ex,CZ08,cDXOH,0,NE-HV_AirDist-SupFanMtr-cDXOH-2SpClgHtg-Cnst,None,NE-HV_AirDist-SupFanMtr-cDXOH-2SpClgHtg-VFDStdMtr,None,NE-HV_AirDist-SupFanMtr-cDXOH-2SpClgHtg-SRM,None,,,Each
NE-HVAC-Unitary-addSRM,EPr,Ex,CZ07,cDXOH,0,NE-HV_AirDist-SupFanMtr-cDXOH-2SpClgHtg-Cnst,None,NE-HV_AirDist-SupFanMtr-cDXOH-2SpClgHtg-VFDStdMtr,None,NE-HV_AirDist-SupFanMtr-cDXOH-2SpClgHtg-SRM,None,,,Each
NE-HVAC-Unitary-addSRM,EPr,Ex,CZ06,cDXOH,0,NE-HV_AirDist-SupFanMtr-cDXOH-2SpClgHtg-Cnst,None,NE-HV_AirDist-SupFanMtr-cDXOH-2SpClgHtg-VFDStdMtr,None,NE-HV_AirDist-SupFanMtr-cDXOH-2SpClgHtg-SRM,None,,,Each
NE-HVAC-Unitary-addSRM,EPr,Ex,CZ05,cDXOH,0,NE-HV_AirDist-SupFanMtr-cDXOH-2SpClgHtg-Cnst,None,NE-HV_AirDist-SupFanMtr-cDXOH-2SpClgHtg-VFDStdMtr,None,NE-HV_AirDist-SupFanMtr-cDXOH-2SpClgHtg-SRM,None,,,Each
NE-HVAC-Unitary-addSRM,EPr,Ex,CZ04,cDXOH,0,NE-HV_AirDist-SupFanMtr-cDXOH-2SpClgHtg-Cnst,None,NE-HV_AirDist-SupFanMtr-cDXOH-2SpClgHtg-VFDStdMtr,None,NE-HV_AirDist-SupFanMtr-cDXOH-2SpClgHtg-SRM,None,,,Each
NE-HVAC-Unitary-addSRM,EPr,Ex,CZ03,cDXOH,0,NE-HV_AirDist-SupFanMtr-cDXOH-2SpClgHtg-Cnst,None,NE-HV_AirDist-SupFanMtr-cDXOH-2SpClgHtg-VFDStdMtr,None,NE-HV_AirDist-SupFanMtr-cDXOH-2SpClgHtg-SRM,None,,,Each
NE-HVAC-Unitary-addSRM,EPr,Ex,CZ02,cDXOH,0,NE-HV_AirDist-SupFanMtr-cDXOH-2SpClgHtg-Cnst,None,NE-HV_AirDist-SupFanMtr-cDXOH-2SpClgHtg-VFDStdMtr,None,NE-HV_AirDist-SupFanMtr-cDXOH-2SpClgHtg-SRM,None,,,Each
NE-HVAC-Unitary-addSRM,EPr,Ex,CZ01,cDXOH,0,NE-HV_AirDist-SupFanMtr-cDXOH-2SpClgHtg-Cnst,None,NE-HV_AirDist-SupFanMtr-cDXOH-2SpClgHtg-VFDStdMtr,None,NE-HV_AirDist-SupFanMtr-cDXOH-2SpClgHtg-SRM,None,,,Each
NE-HVAC-Unitary-addSRM,EPr,Ex,CZ16,cDXHP,0,NE-HV_AirDist-SupFanMtr-cDXHP-2SpClgHtg-Cnst,None,NE-HV_AirDist-SupFanMtr-cDXHP-2SpClgHtg-VFDStdMtr,None,NE-HV_AirDist-SupFanMtr-cDXHP-2SpClgHtg-SRM,None,,,Each
NE-HVAC-Unitary-addSRM,EPr,Ex,CZ15,cDXHP,0,NE-HV_AirDist-SupFanMtr-cDXHP-2SpClgHtg-Cnst,None,NE-HV_AirDist-SupFanMtr-cDXHP-2SpClgHtg-VFDStdMtr,None,NE-HV_AirDist-SupFanMtr-cDXHP-2SpClgHtg-SRM,None,,,Each
NE-HVAC-Unitary-addSRM,EPr,Ex,CZ14,cDXHP,0,NE-HV_AirDist-SupFanMtr-cDXHP-2SpClgHtg-Cnst,None,NE-HV_AirDist-SupFanMtr-cDXHP-2SpClgHtg-VFDStdMtr,None,NE-HV_AirDist-SupFanMtr-cDXHP-2SpClgHtg-SRM,None,,,Each
NE-HVAC-Unitary-addSRM,EPr,Ex,CZ13,cDXHP,0,NE-HV_AirDist-SupFanMtr-cDXHP-2SpClgHtg-Cnst,None,NE-HV_AirDist-SupFanMtr-cDXHP-2SpClgHtg-VFDStdMtr,None,NE-HV_AirDist-SupFanMtr-cDXHP-2SpClgHtg-SRM,None,,,Each
NE-HVAC-Unitary-addSRM,EPr,Ex,CZ12,cDXHP,0,NE-HV_AirDist-SupFanMtr-cDXHP-2SpClgHtg-Cnst,None,NE-HV_AirDist-SupFanMtr-cDXHP-2SpClgHtg-VFDStdMtr,None,NE-HV_AirDist-SupFanMtr-cDXHP-2SpClgHtg-SRM,None,,,Each
NE-HVAC-Unitary-addSRM,EPr,Ex,CZ11,cDXHP,0,NE-HV_AirDist-SupFanMtr-cDXHP-2SpClgHtg-Cnst,None,NE-HV_AirDist-SupFanMtr-cDXHP-2SpClgHtg-VFDStdMtr,None,NE-HV_AirDist-SupFanMtr-cDXHP-2SpClgHtg-SRM,None,,,Each
NE-HVAC-Unitary-addSRM,EPr,Ex,CZ10,cDXHP,0,NE-HV_AirDist-SupFanMtr-cDXHP-2SpClgHtg-Cnst,None,NE-HV_AirDist-SupFanMtr-cDXHP-2SpClgHtg-VFDStdMtr,None,NE-HV_AirDist-SupFanMtr-cDXHP-2SpClgHtg-SRM,None,,,Each
NE-HVAC-Unitary-addSRM,EPr,Ex,CZ09,cDXHP,0,NE-HV_AirDist-SupFanMtr-cDXHP-2SpClgHtg-Cnst,None,NE-HV_AirDist-SupFanMtr-cDXHP-2SpClgHtg-VFDStdMtr,None,NE-HV_AirDist-SupFanMtr-cDXHP-2SpClgHtg-SRM,None,,,Each
NE-HVAC-Unitary-addSRM,EPr,Ex,CZ08,cDXHP,0,NE-HV_AirDist-SupFanMtr-cDXHP-2SpClgHtg-Cnst,None,NE-HV_AirDist-SupFanMtr-cDXHP-2SpClgHtg-VFDStdMtr,None,NE-HV_AirDist-SupFanMtr-cDXHP-2SpClgHtg-SRM,None,,,Each
NE-HVAC-Unitary-addSRM,EPr,Ex,CZ07,cDXHP,0,NE-HV_AirDist-SupFanMtr-cDXHP-2SpClgHtg-Cnst,None,NE-HV_AirDist-SupFanMtr-cDXHP-2SpClgHtg-VFDStdMtr,None,NE-HV_AirDist-SupFanMtr-cDXHP-2SpClgHtg-SRM,None,,,Each
NE-HVAC-Unitary-addSRM,EPr,Ex,CZ06,cDXHP,0,NE-HV_AirDist-SupFanMtr-cDXHP-2SpClgHtg-Cnst,None,NE-HV_AirDist-SupFanMtr-cDXHP-2SpClgHtg-VFDStdMtr,None,NE-HV_AirDist-SupFanMtr-cDXHP-2SpClgHtg-SRM,None,,,Each
NE-HVAC-Unitary-addSRM,EPr,Ex,CZ05,cDXHP,0,NE-HV_AirDist-SupFanMtr-cDXHP-2SpClgHtg-Cnst,None,NE-HV_AirDist-SupFanMtr-cDXHP-2SpClgHtg-VFDStdMtr,None,NE-HV_AirDist-SupFanMtr-cDXHP-2SpClgHtg-SRM,None,,,Each
NE-HVAC-Unitary-addSRM,EPr,Ex,CZ04,cDXHP,0,NE-HV_AirDist-SupFanMtr-cDXHP-2SpClgHtg-Cnst,None,NE-HV_AirDist-SupFanMtr-cDXHP-2SpClgHtg-VFDStdMtr,None,NE-HV_AirDist-SupFanMtr-cDXHP-2SpClgHtg-SRM,None,,,Each
NE-HVAC-Unitary-addSRM,EPr,Ex,CZ03,cDXHP,0,NE-HV_AirDist-SupFanMtr-cDXHP-2SpClgHtg-Cnst,None,NE-HV_AirDist-SupFanMtr-cDXHP-2SpClgHtg-VFDStdMtr,None,NE-HV_AirDist-SupFanMtr-cDXHP-2SpClgHtg-SRM,None,,,Each
NE-HVAC-Unitary-addSRM,EPr,Ex,CZ02,cDXHP,0,NE-HV_AirDist-SupFanMtr-cDXHP-2SpClgHtg-Cnst,None,NE-HV_AirDist-SupFanMtr-cDXHP-2SpClgHtg-VFDStdMtr,None,NE-HV_AirDist-SupFanMtr-cDXHP-2SpClgHtg-SRM,None,,,Each
NE-HVAC-Unitary-addSRM,EPr,Ex,CZ01,cDXHP,0,NE-HV_AirDist-SupFanMtr-cDXHP-2SpClgHtg-Cnst,None,NE-HV_AirDist-SupFanMtr-cDXHP-2SpClgHtg-VFDStdMtr,None,NE-HV_AirDist-SupFanMtr-cDXHP-2SpClgHtg-SRM,None,,,Each
NE-HVAC-Unitary-addSRM,EPr,Ex,CZ16,cDXGF,0,NE-HV_AirDist-SupFanMtr-cDXGF-2SpClgHtg-Cnst,None,NE-HV_AirDist-SupFanMtr-cDXGF-2SpClgHtg-VFDStdMtr,None,NE-HV_AirDist-SupFanMtr-cDXGF-2SpClgHtg-SRM,None,,,Each
NE-HVAC-Unitary-addSRM,EPr,Ex,CZ15,cDXGF,0,NE-HV_AirDist-SupFanMtr-cDXGF-2SpClgHtg-Cnst,None,NE-HV_AirDist-SupFanMtr-cDXGF-2SpClgHtg-VFDStdMtr,None,NE-HV_AirDist-SupFanMtr-cDXGF-2SpClgHtg-SRM,None,,,Each
NE-HVAC-Unitary-addSRM,EPr,Ex,CZ14,cDXGF,0,NE-HV_AirDist-SupFanMtr-cDXGF-2SpClgHtg-Cnst,None,NE-HV_AirDist-SupFanMtr-cDXGF-2SpClgHtg-VFDStdMtr,None,NE-HV_AirDist-SupFanMtr-cDXGF-2SpClgHtg-SRM,None,,,Each
NE-HVAC-Unitary-addSRM,EPr,Ex,CZ13,cDXGF,0,NE-HV_AirDist-SupFanMtr-cDXGF-2SpClgHtg-Cnst,None,NE-HV_AirDist-SupFanMtr-cDXGF-2SpClgHtg-VFDStdMtr,None,NE-HV_AirDist-SupFanMtr-cDXGF-2SpClgHtg-SRM,None,,,Each
NE-HVAC-Unitary-addSRM,EPr,Ex,CZ12,cDXGF,0,NE-HV_AirDist-SupFanMtr-cDXGF-2SpClgHtg-Cnst,None,NE-HV_AirDist-SupFanMtr-cDXGF-2SpClgHtg-VFDStdMtr,None,NE-HV_AirDist-SupFanMtr-cDXGF-2SpClgHtg-SRM,None,,,Each
NE-HVAC-Unitary-addSRM,EPr,Ex,CZ11,cDXGF,0,NE-HV_AirDist-SupFanMtr-cDXGF-2SpClgHtg-Cnst,None,NE-HV_AirDist-SupFanMtr-cDXGF-2SpClgHtg-VFDStdMtr,None,NE-HV_AirDist-SupFanMtr-cDXGF-2SpClgHtg-SRM,None,,,Each
NE-HVAC-Unitary-addSRM,EPr,Ex,CZ10,cDXGF,0,NE-HV_AirDist-SupFanMtr-cDXGF-2SpClgHtg-Cnst,None,NE-HV_AirDist-SupFanMtr-cDXGF-2SpClgHtg-VFDStdMtr,None,NE-HV_AirDist-SupFanMtr-cDXGF-2SpClgHtg-SRM,None,,,Each
NE-HVAC-Unitary-addSRM,EPr,Ex,CZ09,cDXGF,0,NE-HV_AirDist-SupFanMtr-cDXGF-2SpClgHtg-Cnst,None,NE-HV_AirDist-SupFanMtr-cDXGF-2SpClgHtg-VFDStdMtr,None,NE-HV_AirDist-SupFanMtr-cDXGF-2SpClgHtg-SRM,None,,,Each
NE-HVAC-Unitary-addSRM,EPr,Ex,CZ08,cDXGF,0,NE-HV_AirDist-SupFanMtr-cDXGF-2SpClgHtg-Cnst,None,NE-HV_AirDist-SupFanMtr-cDXGF-2SpClgHtg-VFDStdMtr,None,NE-HV_AirDist-SupFanMtr-cDXGF-2SpClgHtg-SRM,None,,,Each
NE-HVAC-Unitary-addSRM,EPr,Ex,CZ07,cDXGF,0,NE-HV_AirDist-SupFanMtr-cDXGF-2SpClgHtg-Cnst,None,NE-HV_AirDist-SupFanMtr-cDXGF-2SpClgHtg-VFDStdMtr,None,NE-HV_AirDist-SupFanMtr-cDXGF-2SpClgHtg-SRM,None,,,Each
NE-HVAC-Unitary-addSRM,EPr,Ex,CZ06,cDXGF,0,NE-HV_AirDist-SupFanMtr-cDXGF-2SpClgHtg-Cnst,None,NE-HV_AirDist-SupFanMtr-cDXGF-2SpClgHtg-VFDStdMtr,None,NE-HV_AirDist-SupFanMtr-cDXGF-2SpClgHtg-SRM,None,,,Each
NE-HVAC-Unitary-addSRM,EPr,Ex,CZ05,cDXGF,0,NE-HV_AirDist-SupFanMtr-cDXGF-2SpClgHtg-Cnst,None,NE-HV_AirDist-SupFanMtr-cDXGF-2SpClgHtg-VFDStdMtr,None,NE-HV_AirDist-SupFanMtr-cDXGF-2SpClgHtg-SRM,None,,,Each
NE-HVAC-Unitary-addSRM,EPr,Ex,CZ04,cDXGF,0,NE-HV_AirDist-SupFanMtr-cDXGF-2SpClgHtg-Cnst,None,NE-HV_AirDist-SupFanMtr-cDXGF-2SpClgHtg-VFDStdMtr,None,NE-HV_AirDist-SupFanMtr-cDXGF-2SpClgHtg-SRM,None,,,Each
NE-HVAC-Unitary-addSRM,EPr,Ex,CZ03,cDXGF,0,NE-HV_AirDist-SupFanMtr-cDXGF-2SpClgHtg-Cnst,None,NE-HV_AirDist-SupFanMtr-cDXGF-2SpClgHtg-VFDStdMtr,None,NE-HV_AirDist-SupFanMtr-cDXGF-2SpClgHtg-SRM,None,,,Each
NE-HVAC-Unitary-addSRM,EPr,Ex,CZ02,cDXGF,0,NE-HV_AirDist-SupFanMtr-cDXGF-2SpClgHtg-Cnst,None,NE-HV_AirDist-SupFanMtr-cDXGF-2SpClgHtg-VFDStdMtr,None,NE-HV_AirDist-SupFanMtr-cDXGF-2SpClgHtg-SRM,None,,,Each
NE-HVAC-Unitary-addSRM,EPr,Ex,CZ01,cDXGF,0,NE-HV_AirDist-SupFanMtr-cDXGF-2SpClgHtg-Cnst,None,NE-HV_AirDist-SupFanMtr-cDXGF-2SpClgHtg-VFDStdMtr,None,NE-HV_AirDist-SupFanMtr-cDXGF-2SpClgHtg-SRM,None,,,Each
NE-HVAC-Unitary-addSRM,ECC,Ex,CZ16,cDXOH,0,NE-HV_AirDist-SupFanMtr-cDXOH-2SpClgHtg-Cnst,None,NE-HV_AirDist-SupFanMtr-cDXOH-2SpClgHtg-VFDStdMtr,None,NE-HV_AirDist-SupFanMtr-cDXOH-2SpClgHtg-SRM,None,,,Each
NE-HVAC-Unitary-addSRM,ECC,Ex,CZ15,cDXOH,0,NE-HV_AirDist-SupFanMtr-cDXOH-2SpClgHtg-Cnst,None,NE-HV_AirDist-SupFanMtr-cDXOH-2SpClgHtg-VFDStdMtr,None,NE-HV_AirDist-SupFanMtr-cDXOH-2SpClgHtg-SRM,None,,,Each
NE-HVAC-Unitary-addSRM,ECC,Ex,CZ14,cDXOH,0,NE-HV_AirDist-SupFanMtr-cDXOH-2SpClgHtg-Cnst,None,NE-HV_AirDist-SupFanMtr-cDXOH-2SpClgHtg-VFDStdMtr,None,NE-HV_AirDist-SupFanMtr-cDXOH-2SpClgHtg-SRM,None,,,Each
NE-HVAC-Unitary-addSRM,ECC,Ex,CZ13,cDXOH,0,NE-HV_AirDist-SupFanMtr-cDXOH-2SpClgHtg-Cnst,None,NE-HV_AirDist-SupFanMtr-cDXOH-2SpClgHtg-VFDStdMtr,None,NE-HV_AirDist-SupFanMtr-cDXOH-2SpClgHtg-SRM,None,,,Each
NE-HVAC-Unitary-addSRM,ECC,Ex,CZ12,cDXOH,0,NE-HV_AirDist-SupFanMtr-cDXOH-2SpClgHtg-Cnst,None,NE-HV_AirDist-SupFanMtr-cDXOH-2SpClgHtg-VFDStdMtr,None,NE-HV_AirDist-SupFanMtr-cDXOH-2SpClgHtg-SRM,None,,,Each
NE-HVAC-Unitary-addSRM,ECC,Ex,CZ11,cDXOH,0,NE-HV_AirDist-SupFanMtr-cDXOH-2SpClgHtg-Cnst,None,NE-HV_AirDist-SupFanMtr-cDXOH-2SpClgHtg-VFDStdMtr,None,NE-HV_AirDist-SupFanMtr-cDXOH-2SpClgHtg-SRM,None,,,Each
NE-HVAC-Unitary-addSRM,ECC,Ex,CZ10,cDXOH,0,NE-HV_AirDist-SupFanMtr-cDXOH-2SpClgHtg-Cnst,None,NE-HV_AirDist-SupFanMtr-cDXOH-2SpClgHtg-VFDStdMtr,None,NE-HV_AirDist-SupFanMtr-cDXOH-2SpClgHtg-SRM,None,,,Each
NE-HVAC-Unitary-addSRM,ECC,Ex,CZ09,cDXOH,0,NE-HV_AirDist-SupFanMtr-cDXOH-2SpClgHtg-Cnst,None,NE-HV_AirDist-SupFanMtr-cDXOH-2SpClgHtg-VFDStdMtr,None,NE-HV_AirDist-SupFanMtr-cDXOH-2SpClgHtg-SRM,None,,,Each
NE-HVAC-Unitary-addSRM,ECC,Ex,CZ08,cDXOH,0,NE-HV_AirDist-SupFanMtr-cDXOH-2SpClgHtg-Cnst,None,NE-HV_AirDist-SupFanMtr-cDXOH-2SpClgHtg-VFDStdMtr,None,NE-HV_AirDist-SupFanMtr-cDXOH-2SpClgHtg-SRM,None,,,Each
NE-HVAC-Unitary-addSRM,ECC,Ex,CZ07,cDXOH,0,NE-HV_AirDist-SupFanMtr-cDXOH-2SpClgHtg-Cnst,None,NE-HV_AirDist-SupFanMtr-cDXOH-2SpClgHtg-VFDStdMtr,None,NE-HV_AirDist-SupFanMtr-cDXOH-2SpClgHtg-SRM,None,,,Each
NE-HVAC-Unitary-addSRM,ECC,Ex,CZ06,cDXOH,0,NE-HV_AirDist-SupFanMtr-cDXOH-2SpClgHtg-Cnst,None,NE-HV_AirDist-SupFanMtr-cDXOH-2SpClgHtg-VFDStdMtr,None,NE-HV_AirDist-SupFanMtr-cDXOH-2SpClgHtg-SRM,None,,,Each
NE-HVAC-Unitary-addSRM,ECC,Ex,CZ05,cDXOH,0,NE-HV_AirDist-SupFanMtr-cDXOH-2SpClgHtg-Cnst,None,NE-HV_AirDist-SupFanMtr-cDXOH-2SpClgHtg-VFDStdMtr,None,NE-HV_AirDist-SupFanMtr-cDXOH-2SpClgHtg-SRM,None,,,Each
NE-HVAC-Unitary-addSRM,ECC,Ex,CZ04,cDXOH,0,NE-HV_AirDist-SupFanMtr-cDXOH-2SpClgHtg-Cnst,None,NE-HV_AirDist-SupFanMtr-cDXOH-2SpClgHtg-VFDStdMtr,None,NE-HV_AirDist-SupFanMtr-cDXOH-2SpClgHtg-SRM,None,,,Each
NE-HVAC-Unitary-addSRM,ECC,Ex,CZ03,cDXOH,0,NE-HV_AirDist-SupFanMtr-cDXOH-2SpClgHtg-Cnst,None,NE-HV_AirDist-SupFanMtr-cDXOH-2SpClgHtg-VFDStdMtr,None,NE-HV_AirDist-SupFanMtr-cDXOH-2SpClgHtg-SRM,None,,,Each
NE-HVAC-Unitary-addSRM,ECC,Ex,CZ02,cDXOH,0,NE-HV_AirDist-SupFanMtr-cDXOH-2SpClgHtg-Cnst,None,NE-HV_AirDist-SupFanMtr-cDXOH-2SpClgHtg-VFDStdMtr,None,NE-HV_AirDist-SupFanMtr-cDXOH-2SpClgHtg-SRM,None,,,Each
NE-HVAC-Unitary-addSRM,ECC,Ex,CZ01,cDXOH,0,NE-HV_AirDist-SupFanMtr-cDXOH-2SpClgHtg-Cnst,None,NE-HV_AirDist-SupFanMtr-cDXOH-2SpClgHtg-VFDStdMtr,None,NE-HV_AirDist-SupFanMtr-cDXOH-2SpClgHtg-SRM,None,,,Each
NE-HVAC-Unitary-addSRM,ECC,Ex,CZ16,cDXHP,0,NE-HV_AirDist-SupFanMtr-cDXHP-2SpClgHtg-Cnst,None,NE-HV_AirDist-SupFanMtr-cDXHP-2SpClgHtg-VFDStdMtr,None,NE-HV_AirDist-SupFanMtr-cDXHP-2SpClgHtg-SRM,None,,,Each
NE-HVAC-Unitary-addSRM,ECC,Ex,CZ15,cDXHP,0,NE-HV_AirDist-SupFanMtr-cDXHP-2SpClgHtg-Cnst,None,NE-HV_AirDist-SupFanMtr-cDXHP-2SpClgHtg-VFDStdMtr,None,NE-HV_AirDist-SupFanMtr-cDXHP-2SpClgHtg-SRM,None,,,Each
NE-HVAC-Unitary-addSRM,ECC,Ex,CZ14,cDXHP,0,NE-HV_AirDist-SupFanMtr-cDXHP-2SpClgHtg-Cnst,None,NE-HV_AirDist-SupFanMtr-cDXHP-2SpClgHtg-VFDStdMtr,None,NE-HV_AirDist-SupFanMtr-cDXHP-2SpClgHtg-SRM,None,,,Each
NE-HVAC-Unitary-addSRM,ECC,Ex,CZ13,cDXHP,0,NE-HV_AirDist-SupFanMtr-cDXHP-2SpClgHtg-Cnst,None,NE-HV_AirDist-SupFanMtr-cDXHP-2SpClgHtg-VFDStdMtr,None,NE-HV_AirDist-SupFanMtr-cDXHP-2SpClgHtg-SRM,None,,,Each
NE-HVAC-Unitary-addSRM,ECC,Ex,CZ12,cDXHP,0,NE-HV_AirDist-SupFanMtr-cDXHP-2SpClgHtg-Cnst,None,NE-HV_AirDist-SupFanMtr-cDXHP-2SpClgHtg-VFDStdMtr,None,NE-HV_AirDist-SupFanMtr-cDXHP-2SpClgHtg-SRM,None,,,Each
NE-HVAC-Unitary-addSRM,ECC,Ex,CZ11,cDXHP,0,NE-HV_AirDist-SupFanMtr-cDXHP-2SpClgHtg-Cnst,None,NE-HV_AirDist-SupFanMtr-cDXHP-2SpClgHtg-VFDStdMtr,None,NE-HV_AirDist-SupFanMtr-cDXHP-2SpClgHtg-SRM,None,,,Each
NE-HVAC-Unitary-addSRM,ECC,Ex,CZ10,cDXHP,0,NE-HV_AirDist-SupFanMtr-cDXHP-2SpClgHtg-Cnst,None,NE-HV_AirDist-SupFanMtr-cDXHP-2SpClgHtg-VFDStdMtr,None,NE-HV_AirDist-SupFanMtr-cDXHP-2SpClgHtg-SRM,None,,,Each
NE-HVAC-Unitary-addSRM,ECC,Ex,CZ09,cDXHP,0,NE-HV_AirDist-SupFanMtr-cDXHP-2SpClgHtg-Cnst,None,NE-HV_AirDist-SupFanMtr-cDXHP-2SpClgHtg-VFDStdMtr,None,NE-HV_AirDist-SupFanMtr-cDXHP-2SpClgHtg-SRM,None,,,Each
NE-HVAC-Unitary-addSRM,ECC,Ex,CZ08,cDXHP,0,NE-HV_AirDist-SupFanMtr-cDXHP-2SpClgHtg-Cnst,None,NE-HV_AirDist-SupFanMtr-cDXHP-2SpClgHtg-VFDStdMtr,None,NE-HV_AirDist-SupFanMtr-cDXHP-2SpClgHtg-SRM,None,,,Each
NE-HVAC-Unitary-addSRM,ECC,Ex,CZ07,cDXHP,0,NE-HV_AirDist-SupFanMtr-cDXHP-2SpClgHtg-Cnst,None,NE-HV_AirDist-SupFanMtr-cDXHP-2SpClgHtg-VFDStdMtr,None,NE-HV_AirDist-SupFanMtr-cDXHP-2SpClgHtg-SRM,None,,,Each
NE-HVAC-Unitary-addSRM,ECC,Ex,CZ06,cDXHP,0,NE-HV_AirDist-SupFanMtr-cDXHP-2SpClgHtg-Cnst,None,NE-HV_AirDist-SupFanMtr-cDXHP-2SpClgHtg-VFDStdMtr,None,NE-HV_AirDist-SupFanMtr-cDXHP-2SpClgHtg-SRM,None,,,Each
NE-HVAC-Unitary-addSRM,ECC,Ex,CZ05,cDXHP,0,NE-HV_AirDist-SupFanMtr-cDXHP-2SpClgHtg-Cnst,None,NE-HV_AirDist-SupFanMtr-cDXHP-2SpClgHtg-VFDStdMtr,None,NE-HV_AirDist-SupFanMtr-cDXHP-2SpClgHtg-SRM,None,,,Each
NE-HVAC-Unitary-addSRM,ECC,Ex,CZ04,cDXHP,0,NE-HV_AirDist-SupFanMtr-cDXHP-2SpClgHtg-Cnst,None,NE-HV_AirDist-SupFanMtr-cDXHP-2SpClgHtg-VFDStdMtr,None,NE-HV_AirDist-SupFanMtr-cDXHP-2SpClgHtg-SRM,None,,,Each
NE-HVAC-Unitary-addSRM,ECC,Ex,CZ03,cDXHP,0,NE-HV_AirDist-SupFanMtr-cDXHP-2SpClgHtg-Cnst,None,NE-HV_AirDist-SupFanMtr-cDXHP-2SpClgHtg-VFDStdMtr,None,NE-HV_AirDist-SupFanMtr-cDXHP-2SpClgHtg-SRM,None,,,Each
NE-HVAC-Unitary-addSRM,ECC,Ex,CZ02,cDXHP,0,NE-HV_AirDist-SupFanMtr-cDXHP-2SpClgHtg-Cnst,None,NE-HV_AirDist-SupFanMtr-cDXHP-2SpClgHtg-VFDStdMtr,None,NE-HV_AirDist-SupFanMtr-cDXHP-2SpClgHtg-SRM,None,,,Each
NE-HVAC-Unitary-addSRM,ECC,Ex,CZ01,cDXHP,0,NE-HV_AirDist-SupFanMtr-cDXHP-2SpClgHtg-Cnst,None,NE-HV_AirDist-SupFanMtr-cDXHP-2SpClgHtg-VFDStdMtr,None,NE-HV_AirDist-SupFanMtr-cDXHP-2SpClgHtg-SRM,None,,,Each
NE-HVAC-Unitary-addSRM,ECC,Ex,CZ16,cDXGF,0,NE-HV_AirDist-SupFanMtr-cDXGF-2SpClgHtg-Cnst,None,NE-HV_AirDist-SupFanMtr-cDXGF-2SpClgHtg-VFDStdMtr,None,NE-HV_AirDist-SupFanMtr-cDXGF-2SpClgHtg-SRM,None,,,Each
NE-HVAC-Unitary-addSRM,ECC,Ex,CZ15,cDXGF,0,NE-HV_AirDist-SupFanMtr-cDXGF-2SpClgHtg-Cnst,None,NE-HV_AirDist-SupFanMtr-cDXGF-2SpClgHtg-VFDStdMtr,None,NE-HV_AirDist-SupFanMtr-cDXGF-2SpClgHtg-SRM,None,,,Each
NE-HVAC-Unitary-addSRM,ECC,Ex,CZ14,cDXGF,0,NE-HV_AirDist-SupFanMtr-cDXGF-2SpClgHtg-Cnst,None,NE-HV_AirDist-SupFanMtr-cDXGF-2SpClgHtg-VFDStdMtr,None,NE-HV_AirDist-SupFanMtr-cDXGF-2SpClgHtg-SRM,None,,,Each
NE-HVAC-Unitary-addSRM,ECC,Ex,CZ13,cDXGF,0,NE-HV_AirDist-SupFanMtr-cDXGF-2SpClgHtg-Cnst,None,NE-HV_AirDist-SupFanMtr-cDXGF-2SpClgHtg-VFDStdMtr,None,NE-HV_AirDist-SupFanMtr-cDXGF-2SpClgHtg-SRM,None,,,Each
NE-HVAC-Unitary-addSRM,ECC,Ex,CZ12,cDXGF,0,NE-HV_AirDist-SupFanMtr-cDXGF-2SpClgHtg-Cnst,None,NE-HV_AirDist-SupFanMtr-cDXGF-2SpClgHtg-VFDStdMtr,None,NE-HV_AirDist-SupFanMtr-cDXGF-2SpClgHtg-SRM,None,,,Each
NE-HVAC-Unitary-addSRM,ECC,Ex,CZ11,cDXGF,0,NE-HV_AirDist-SupFanMtr-cDXGF-2SpClgHtg-Cnst,None,NE-HV_AirDist-SupFanMtr-cDXGF-2SpClgHtg-VFDStdMtr,None,NE-HV_AirDist-SupFanMtr-cDXGF-2SpClgHtg-SRM,None,,,Each
NE-HVAC-Unitary-addSRM,ECC,Ex,CZ10,cDXGF,0,NE-HV_AirDist-SupFanMtr-cDXGF-2SpClgHtg-Cnst,None,NE-HV_AirDist-SupFanMtr-cDXGF-2SpClgHtg-VFDStdMtr,None,NE-HV_AirDist-SupFanMtr-cDXGF-2SpClgHtg-SRM,None,,,Each
NE-HVAC-Unitary-addSRM,ECC,Ex,CZ09,cDXGF,0,NE-HV_AirDist-SupFanMtr-cDXGF-2SpClgHtg-Cnst,None,NE-HV_AirDist-SupFanMtr-cDXGF-2SpClgHtg-VFDStdMtr,None,NE-HV_AirDist-SupFanMtr-cDXGF-2SpClgHtg-SRM,None,,,Each
NE-HVAC-Unitary-addSRM,ECC,Ex,CZ08,cDXGF,0,NE-HV_AirDist-SupFanMtr-cDXGF-2SpClgHtg-Cnst,None,NE-HV_AirDist-SupFanMtr-cDXGF-2SpClgHtg-VFDStdMtr,None,NE-HV_AirDist-SupFanMtr-cDXGF-2SpClgHtg-SRM,None,,,Each
NE-HVAC-Unitary-addSRM,ECC,Ex,CZ07,cDXGF,0,NE-HV_AirDist-SupFanMtr-cDXGF-2SpClgHtg-Cnst,None,NE-HV_AirDist-SupFanMtr-cDXGF-2SpClgHtg-VFDStdMtr,None,NE-HV_AirDist-SupFanMtr-cDXGF-2SpClgHtg-SRM,None,,,Each
NE-HVAC-Unitary-addSRM,ECC,Ex,CZ06,cDXGF,0,NE-HV_AirDist-SupFanMtr-cDXGF-2SpClgHtg-Cnst,None,NE-HV_AirDist-SupFanMtr-cDXGF-2SpClgHtg-VFDStdMtr,None,NE-HV_AirDist-SupFanMtr-cDXGF-2SpClgHtg-SRM,None,,,Each
NE-HVAC-Unitary-addSRM,ECC,Ex,CZ05,cDXGF,0,NE-HV_AirDist-SupFanMtr-cDXGF-2SpClgHtg-Cnst,None,NE-HV_AirDist-SupFanMtr-cDXGF-2SpClgHtg-VFDStdMtr,None,NE-HV_AirDist-SupFanMtr-cDXGF-2SpClgHtg-SRM,None,,,Each
NE-HVAC-Unitary-addSRM,ECC,Ex,CZ04,cDXGF,0,NE-HV_AirDist-SupFanMtr-cDXGF-2SpClgHtg-Cnst,None,NE-HV_AirDist-SupFanMtr-cDXGF-2SpClgHtg-VFDStdMtr,None,NE-HV_AirDist-SupFanMtr-cDXGF-2SpClgHtg-SRM,None,,,Each
NE-HVAC-Unitary-addSRM,ECC,Ex,CZ03,cDXGF,0,NE-HV_AirDist-SupFanMtr-cDXGF-2SpClgHtg-Cnst,None,NE-HV_AirDist-SupFanMtr-cDXGF-2SpClgHtg-VFDStdMtr,None,NE-HV_AirDist-SupFanMtr-cDXGF-2SpClgHtg-SRM,None,,,Each
NE-HVAC-Unitary-addSRM,ECC,Ex,CZ02,cDXGF,0,NE-HV_AirDist-SupFanMtr-cDXGF-2SpClgHtg-Cnst,None,NE-HV_AirDist-SupFanMtr-cDXGF-2SpClgHtg-VFDStdMtr,None,NE-HV_AirDist-SupFanMtr-cDXGF-2SpClgHtg-SRM,None,,,Each
NE-HVAC-Unitary-addSRM,ECC,Ex,CZ01,cDXGF,0,NE-HV_AirDist-SupFanMtr-cDXGF-2SpClgHtg-Cnst,None,NE-HV_AirDist-SupFanMtr-cDXGF-2SpClgHtg-VFDStdMtr,None,NE-HV_AirDist-SupFanMtr-cDXGF-2SpClgHtg-SRM,None,,,Each
NE-HVAC-Unitary-addSRM,Asm,Ex,CZ16,cDXOH,0,NE-HV_AirDist-SupFanMtr-cDXOH-2SpClgHtg-Cnst,None,NE-HV_AirDist-SupFanMtr-cDXOH-2SpClgHtg-VFDStdMtr,None,NE-HV_AirDist-SupFanMtr-cDXOH-2SpClgHtg-SRM,None,,,Each
NE-HVAC-Unitary-addSRM,Asm,Ex,CZ15,cDXOH,0,NE-HV_AirDist-SupFanMtr-cDXOH-2SpClgHtg-Cnst,None,NE-HV_AirDist-SupFanMtr-cDXOH-2SpClgHtg-VFDStdMtr,None,NE-HV_AirDist-SupFanMtr-cDXOH-2SpClgHtg-SRM,None,,,Each
NE-HVAC-Unitary-addSRM,Asm,Ex,CZ14,cDXOH,0,NE-HV_AirDist-SupFanMtr-cDXOH-2SpClgHtg-Cnst,None,NE-HV_AirDist-SupFanMtr-cDXOH-2SpClgHtg-VFDStdMtr,None,NE-HV_AirDist-SupFanMtr-cDXOH-2SpClgHtg-SRM,None,,,Each
NE-HVAC-Unitary-addSRM,Asm,Ex,CZ13,cDXOH,0,NE-HV_AirDist-SupFanMtr-cDXOH-2SpClgHtg-Cnst,None,NE-HV_AirDist-SupFanMtr-cDXOH-2SpClgHtg-VFDStdMtr,None,NE-HV_AirDist-SupFanMtr-cDXOH-2SpClgHtg-SRM,None,,,Each
NE-HVAC-Unitary-addSRM,Asm,Ex,CZ12,cDXOH,0,NE-HV_AirDist-SupFanMtr-cDXOH-2SpClgHtg-Cnst,None,NE-HV_AirDist-SupFanMtr-cDXOH-2SpClgHtg-VFDStdMtr,None,NE-HV_AirDist-SupFanMtr-cDXOH-2SpClgHtg-SRM,None,,,Each
NE-HVAC-Unitary-addSRM,Asm,Ex,CZ11,cDXOH,0,NE-HV_AirDist-SupFanMtr-cDXOH-2SpClgHtg-Cnst,None,NE-HV_AirDist-SupFanMtr-cDXOH-2SpClgHtg-VFDStdMtr,None,NE-HV_AirDist-SupFanMtr-cDXOH-2SpClgHtg-SRM,None,,,Each
NE-HVAC-Unitary-addSRM,Asm,Ex,CZ10,cDXOH,0,NE-HV_AirDist-SupFanMtr-cDXOH-2SpClgHtg-Cnst,None,NE-HV_AirDist-SupFanMtr-cDXOH-2SpClgHtg-VFDStdMtr,None,NE-HV_AirDist-SupFanMtr-cDXOH-2SpClgHtg-SRM,None,,,Each
NE-HVAC-Unitary-addSRM,Asm,Ex,CZ09,cDXOH,0,NE-HV_AirDist-SupFanMtr-cDXOH-2SpClgHtg-Cnst,None,NE-HV_AirDist-SupFanMtr-cDXOH-2SpClgHtg-VFDStdMtr,None,NE-HV_AirDist-SupFanMtr-cDXOH-2SpClgHtg-SRM,None,,,Each
NE-HVAC-Unitary-addSRM,Asm,Ex,CZ08,cDXOH,0,NE-HV_AirDist-SupFanMtr-cDXOH-2SpClgHtg-Cnst,None,NE-HV_AirDist-SupFanMtr-cDXOH-2SpClgHtg-VFDStdMtr,None,NE-HV_AirDist-SupFanMtr-cDXOH-2SpClgHtg-SRM,None,,,Each
NE-HVAC-Unitary-addSRM,Asm,Ex,CZ07,cDXOH,0,NE-HV_AirDist-SupFanMtr-cDXOH-2SpClgHtg-Cnst,None,NE-HV_AirDist-SupFanMtr-cDXOH-2SpClgHtg-VFDStdMtr,None,NE-HV_AirDist-SupFanMtr-cDXOH-2SpClgHtg-SRM,None,,,Each
NE-HVAC-Unitary-addSRM,Asm,Ex,CZ06,cDXOH,0,NE-HV_AirDist-SupFanMtr-cDXOH-2SpClgHtg-Cnst,None,NE-HV_AirDist-SupFanMtr-cDXOH-2SpClgHtg-VFDStdMtr,None,NE-HV_AirDist-SupFanMtr-cDXOH-2SpClgHtg-SRM,None,,,Each
NE-HVAC-Unitary-addSRM,Asm,Ex,CZ05,cDXOH,0,NE-HV_AirDist-SupFanMtr-cDXOH-2SpClgHtg-Cnst,None,NE-HV_AirDist-SupFanMtr-cDXOH-2SpClgHtg-VFDStdMtr,None,NE-HV_AirDist-SupFanMtr-cDXOH-2SpClgHtg-SRM,None,,,Each
NE-HVAC-Unitary-addSRM,Asm,Ex,CZ04,cDXOH,0,NE-HV_AirDist-SupFanMtr-cDXOH-2SpClgHtg-Cnst,None,NE-HV_AirDist-SupFanMtr-cDXOH-2SpClgHtg-VFDStdMtr,None,NE-HV_AirDist-SupFanMtr-cDXOH-2SpClgHtg-SRM,None,,,Each
NE-HVAC-Unitary-addSRM,Asm,Ex,CZ03,cDXOH,0,NE-HV_AirDist-SupFanMtr-cDXOH-2SpClgHtg-Cnst,None,NE-HV_AirDist-SupFanMtr-cDXOH-2SpClgHtg-VFDStdMtr,None,NE-HV_AirDist-SupFanMtr-cDXOH-2SpClgHtg-SRM,None,,,Each
NE-HVAC-Unitary-addSRM,Asm,Ex,CZ02,cDXOH,0,NE-HV_AirDist-SupFanMtr-cDXOH-2SpClgHtg-Cnst,None,NE-HV_AirDist-SupFanMtr-cDXOH-2SpClgHtg-VFDStdMtr,None,NE-HV_AirDist-SupFanMtr-cDXOH-2SpClgHtg-SRM,None,,,Each
NE-HVAC-Unitary-addSRM,Asm,Ex,CZ01,cDXOH,0,NE-HV_AirDist-SupFanMtr-cDXOH-2SpClgHtg-Cnst,None,NE-HV_AirDist-SupFanMtr-cDXOH-2SpClgHtg-VFDStdMtr,None,NE-HV_AirDist-SupFanMtr-cDXOH-2SpClgHtg-SRM,None,,,Each
NE-HVAC-Unitary-addSRM,Asm,Ex,CZ16,cDXHP,0,NE-HV_AirDist-SupFanMtr-cDXHP-2SpClgHtg-Cnst,None,NE-HV_AirDist-SupFanMtr-cDXHP-2SpClgHtg-VFDStdMtr,None,NE-HV_AirDist-SupFanMtr-cDXHP-2SpClgHtg-SRM,None,,,Each
NE-HVAC-Unitary-addSRM,Asm,Ex,CZ15,cDXHP,0,NE-HV_AirDist-SupFanMtr-cDXHP-2SpClgHtg-Cnst,None,NE-HV_AirDist-SupFanMtr-cDXHP-2SpClgHtg-VFDStdMtr,None,NE-HV_AirDist-SupFanMtr-cDXHP-2SpClgHtg-SRM,None,,,Each
NE-HVAC-Unitary-addSRM,Asm,Ex,CZ14,cDXHP,0,NE-HV_AirDist-SupFanMtr-cDXHP-2SpClgHtg-Cnst,None,NE-HV_AirDist-SupFanMtr-cDXHP-2SpClgHtg-VFDStdMtr,None,NE-HV_AirDist-SupFanMtr-cDXHP-2SpClgHtg-SRM,None,,,Each
NE-HVAC-Unitary-addSRM,Asm,Ex,CZ13,cDXHP,0,NE-HV_AirDist-SupFanMtr-cDXHP-2SpClgHtg-Cnst,None,NE-HV_AirDist-SupFanMtr-cDXHP-2SpClgHtg-VFDStdMtr,None,NE-HV_AirDist-SupFanMtr-cDXHP-2SpClgHtg-SRM,None,,,Each
NE-HVAC-Unitary-addSRM,Asm,Ex,CZ12,cDXHP,0,NE-HV_AirDist-SupFanMtr-cDXHP-2SpClgHtg-Cnst,None,NE-HV_AirDist-SupFanMtr-cDXHP-2SpClgHtg-VFDStdMtr,None,NE-HV_AirDist-SupFanMtr-cDXHP-2SpClgHtg-SRM,None,,,Each
NE-HVAC-Unitary-addSRM,Asm,Ex,CZ11,cDXHP,0,NE-HV_AirDist-SupFanMtr-cDXHP-2SpClgHtg-Cnst,None,NE-HV_AirDist-SupFanMtr-cDXHP-2SpClgHtg-VFDStdMtr,None,NE-HV_AirDist-SupFanMtr-cDXHP-2SpClgHtg-SRM,None,,,Each
NE-HVAC-Unitary-addSRM,Asm,Ex,CZ10,cDXHP,0,NE-HV_AirDist-SupFanMtr-cDXHP-2SpClgHtg-Cnst,None,NE-HV_AirDist-SupFanMtr-cDXHP-2SpClgHtg-VFDStdMtr,None,NE-HV_AirDist-SupFanMtr-cDXHP-2SpClgHtg-SRM,None,,,Each
NE-HVAC-Unitary-addSRM,Asm,Ex,CZ09,cDXHP,0,NE-HV_AirDist-SupFanMtr-cDXHP-2SpClgHtg-Cnst,None,NE-HV_AirDist-SupFanMtr-cDXHP-2SpClgHtg-VFDStdMtr,None,NE-HV_AirDist-SupFanMtr-cDXHP-2SpClgHtg-SRM,None,,,Each
NE-HVAC-Unitary-addSRM,Asm,Ex,CZ08,cDXHP,0,NE-HV_AirDist-SupFanMtr-cDXHP-2SpClgHtg-Cnst,None,NE-HV_AirDist-SupFanMtr-cDXHP-2SpClgHtg-VFDStdMtr,None,NE-HV_AirDist-SupFanMtr-cDXHP-2SpClgHtg-SRM,None,,,Each
NE-HVAC-Unitary-addSRM,Asm,Ex,CZ07,cDXHP,0,NE-HV_AirDist-SupFanMtr-cDXHP-2SpClgHtg-Cnst,None,NE-HV_AirDist-SupFanMtr-cDXHP-2SpClgHtg-VFDStdMtr,None,NE-HV_AirDist-SupFanMtr-cDXHP-2SpClgHtg-SRM,None,,,Each
NE-HVAC-Unitary-addSRM,Asm,Ex,CZ06,cDXHP,0,NE-HV_AirDist-SupFanMtr-cDXHP-2SpClgHtg-Cnst,None,NE-HV_AirDist-SupFanMtr-cDXHP-2SpClgHtg-VFDStdMtr,None,NE-HV_AirDist-SupFanMtr-cDXHP-2SpClgHtg-SRM,None,,,Each
NE-HVAC-Unitary-addSRM,Asm,Ex,CZ05,cDXHP,0,NE-HV_AirDist-SupFanMtr-cDXHP-2SpClgHtg-Cnst,None,NE-HV_AirDist-SupFanMtr-cDXHP-2SpClgHtg-VFDStdMtr,None,NE-HV_AirDist-SupFanMtr-cDXHP-2SpClgHtg-SRM,None,,,Each
NE-HVAC-Unitary-addSRM,Asm,Ex,CZ04,cDXHP,0,NE-HV_AirDist-SupFanMtr-cDXHP-2SpClgHtg-Cnst,None,NE-HV_AirDist-SupFanMtr-cDXHP-2SpClgHtg-VFDStdMtr,None,NE-HV_AirDist-SupFanMtr-cDXHP-2SpClgHtg-SRM,None,,,Each
NE-HVAC-Unitary-addSRM,Asm,Ex,CZ03,cDXHP,0,NE-HV_AirDist-SupFanMtr-cDXHP-2SpClgHtg-Cnst,None,NE-HV_AirDist-SupFanMtr-cDXHP-2SpClgHtg-VFDStdMtr,None,NE-HV_AirDist-SupFanMtr-cDXHP-2SpClgHtg-SRM,None,,,Each
NE-HVAC-Unitary-addSRM,Asm,Ex,CZ02,cDXHP,0,NE-HV_AirDist-SupFanMtr-cDXHP-2SpClgHtg-Cnst,None,NE-HV_AirDist-SupFanMtr-cDXHP-2SpClgHtg-VFDStdMtr,None,NE-HV_AirDist-SupFanMtr-cDXHP-2SpClgHtg-SRM,None,,,Each
NE-HVAC-Unitary-addSRM,Asm,Ex,CZ01,cDXHP,0,NE-HV_AirDist-SupFanMtr-cDXHP-2SpClgHtg-Cnst,None,NE-HV_AirDist-SupFanMtr-cDXHP-2SpClgHtg-VFDStdMtr,None,NE-HV_AirDist-SupFanMtr-cDXHP-2SpClgHtg-SRM,None,,,Each
NE-HVAC-Unitary-addSRM,Asm,Ex,CZ16,cDXGF,0,NE-HV_AirDist-SupFanMtr-cDXGF-2SpClgHtg-Cnst,None,NE-HV_AirDist-SupFanMtr-cDXGF-2SpClgHtg-VFDStdMtr,None,NE-HV_AirDist-SupFanMtr-cDXGF-2SpClgHtg-SRM,None,,,Each
NE-HVAC-Unitary-addSRM,Asm,Ex,CZ15,cDXGF,0,NE-HV_AirDist-SupFanMtr-cDXGF-2SpClgHtg-Cnst,None,NE-HV_AirDist-SupFanMtr-cDXGF-2SpClgHtg-VFDStdMtr,None,NE-HV_AirDist-SupFanMtr-cDXGF-2SpClgHtg-SRM,None,,,Each
NE-HVAC-Unitary-addSRM,Asm,Ex,CZ14,cDXGF,0,NE-HV_AirDist-SupFanMtr-cDXGF-2SpClgHtg-Cnst,None,NE-HV_AirDist-SupFanMtr-cDXGF-2SpClgHtg-VFDStdMtr,None,NE-HV_AirDist-SupFanMtr-cDXGF-2SpClgHtg-SRM,None,,,Each
NE-HVAC-Unitary-addSRM,Asm,Ex,CZ13,cDXGF,0,NE-HV_AirDist-SupFanMtr-cDXGF-2SpClgHtg-Cnst,None,NE-HV_AirDist-SupFanMtr-cDXGF-2SpClgHtg-VFDStdMtr,None,NE-HV_AirDist-SupFanMtr-cDXGF-2SpClgHtg-SRM,None,,,Each
NE-HVAC-Unitary-addSRM,Asm,Ex,CZ12,cDXGF,0,NE-HV_AirDist-SupFanMtr-cDXGF-2SpClgHtg-Cnst,None,NE-HV_AirDist-SupFanMtr-cDXGF-2SpClgHtg-VFDStdMtr,None,NE-HV_AirDist-SupFanMtr-cDXGF-2SpClgHtg-SRM,None,,,Each
NE-HVAC-Unitary-addSRM,Asm,Ex,CZ11,cDXGF,0,NE-HV_AirDist-SupFanMtr-cDXGF-2SpClgHtg-Cnst,None,NE-HV_AirDist-SupFanMtr-cDXGF-2SpClgHtg-VFDStdMtr,None,NE-HV_AirDist-SupFanMtr-cDXGF-2SpClgHtg-SRM,None,,,Each
NE-HVAC-Unitary-addSRM,Asm,Ex,CZ10,cDXGF,0,NE-HV_AirDist-SupFanMtr-cDXGF-2SpClgHtg-Cnst,None,NE-HV_AirDist-SupFanMtr-cDXGF-2SpClgHtg-VFDStdMtr,None,NE-HV_AirDist-SupFanMtr-cDXGF-2SpClgHtg-SRM,None,,,Each
NE-HVAC-Unitary-addSRM,Asm,Ex,CZ09,cDXGF,0,NE-HV_AirDist-SupFanMtr-cDXGF-2SpClgHtg-Cnst,None,NE-HV_AirDist-SupFanMtr-cDXGF-2SpClgHtg-VFDStdMtr,None,NE-HV_AirDist-SupFanMtr-cDXGF-2SpClgHtg-SRM,None,,,Each
NE-HVAC-Unitary-addSRM,Asm,Ex,CZ08,cDXGF,0,NE-HV_AirDist-SupFanMtr-cDXGF-2SpClgHtg-Cnst,None,NE-HV_AirDist-SupFanMtr-cDXGF-2SpClgHtg-VFDStdMtr,None,NE-HV_AirDist-SupFanMtr-cDXGF-2SpClgHtg-SRM,None,,,Each
NE-HVAC-Unitary-addSRM,Asm,Ex,CZ07,cDXGF,0,NE-HV_AirDist-SupFanMtr-cDXGF-2SpClgHtg-Cnst,None,NE-HV_AirDist-SupFanMtr-cDXGF-2SpClgHtg-VFDStdMtr,None,NE-HV_AirDist-SupFanMtr-cDXGF-2SpClgHtg-SRM,None,,,Each
NE-HVAC-Unitary-addSRM,Asm,Ex,CZ06,cDXGF,0,NE-HV_AirDist-SupFanMtr-cDXGF-2SpClgHtg-Cnst,None,NE-HV_AirDist-SupFanMtr-cDXGF-2SpClgHtg-VFDStdMtr,None,NE-HV_AirDist-SupFanMtr-cDXGF-2SpClgHtg-SRM,None,,,Each
NE-HVAC-Unitary-addSRM,Asm,Ex,CZ05,cDXGF,0,NE-HV_AirDist-SupFanMtr-cDXGF-2SpClgHtg-Cnst,None,NE-HV_AirDist-SupFanMtr-cDXGF-2SpClgHtg-VFDStdMtr,None,NE-HV_AirDist-SupFanMtr-cDXGF-2SpClgHtg-SRM,None,,,Each
NE-HVAC-Unitary-addSRM,Asm,Ex,CZ04,cDXGF,0,NE-HV_AirDist-SupFanMtr-cDXGF-2SpClgHtg-Cnst,None,NE-HV_AirDist-SupFanMtr-cDXGF-2SpClgHtg-VFDStdMtr,None,NE-HV_AirDist-SupFanMtr-cDXGF-2SpClgHtg-SRM,None,,,Each
NE-HVAC-Unitary-addSRM,Asm,Ex,CZ03,cDXGF,0,NE-HV_AirDist-SupFanMtr-cDXGF-2SpClgHtg-Cnst,None,NE-HV_AirDist-SupFanMtr-cDXGF-2SpClgHtg-VFDStdMtr,None,NE-HV_AirDist-SupFanMtr-cDXGF-2SpClgHtg-SRM,None,,,Each
NE-HVAC-Unitary-addSRM,Asm,Ex,CZ02,cDXGF,0,NE-HV_AirDist-SupFanMtr-cDXGF-2SpClgHtg-Cnst,None,NE-HV_AirDist-SupFanMtr-cDXGF-2SpClgHtg-VFDStdMtr,None,NE-HV_AirDist-SupFanMtr-cDXGF-2SpClgHtg-SRM,None,,,Each
NE-HVAC-Unitary-addSRM,Asm,Ex,CZ01,cDXGF,0,NE-HV_AirDist-SupFanMtr-cDXGF-2SpClgHtg-Cnst,None,NE-HV_AirDist-SupFanMtr-cDXGF-2SpClgHtg-VFDStdMtr,None,NE-HV_AirDist-SupFanMtr-cDXGF-2SpClgHtg-SRM,None,,,Each
NE-HVAC-Unitary-addSRM,Htl,Ex,CZ01,cDXGF,0,NE-HV_AirDist-SupFanMtr-cDXGF-2SpClgHtg-Cnst,None,NE-HV_AirDist-SupFanMtr-cDXGF-2SpClgHtg-VFDStdMtr,None,NE-HV_AirDist-SupFanMtr-cDXGF-2SpClgHtg-SRM,None,,,Each
NE-HVAC-Unitary-addSRM,Htl,Ex,CZ02,cDXGF,0,NE-HV_AirDist-SupFanMtr-cDXGF-2SpClgHtg-Cnst,None,NE-HV_AirDist-SupFanMtr-cDXGF-2SpClgHtg-VFDStdMtr,None,NE-HV_AirDist-SupFanMtr-cDXGF-2SpClgHtg-SRM,None,,,Each
NE-HVAC-Unitary-addSRM,Htl,Ex,CZ03,cDXGF,0,NE-HV_AirDist-SupFanMtr-cDXGF-2SpClgHtg-Cnst,None,NE-HV_AirDist-SupFanMtr-cDXGF-2SpClgHtg-VFDStdMtr,None,NE-HV_AirDist-SupFanMtr-cDXGF-2SpClgHtg-SRM,None,,,Each
NE-HVAC-Unitary-addSRM,Htl,Ex,CZ04,cDXGF,0,NE-HV_AirDist-SupFanMtr-cDXGF-2SpClgHtg-Cnst,None,NE-HV_AirDist-SupFanMtr-cDXGF-2SpClgHtg-VFDStdMtr,None,NE-HV_AirDist-SupFanMtr-cDXGF-2SpClgHtg-SRM,None,,,Each
NE-HVAC-Unitary-addSRM,Htl,Ex,CZ05,cDXGF,0,NE-HV_AirDist-SupFanMtr-cDXGF-2SpClgHtg-Cnst,None,NE-HV_AirDist-SupFanMtr-cDXGF-2SpClgHtg-VFDStdMtr,None,NE-HV_AirDist-SupFanMtr-cDXGF-2SpClgHtg-SRM,None,,,Each
NE-HVAC-Unitary-addSRM,Htl,Ex,CZ06,cDXGF,0,NE-HV_AirDist-SupFanMtr-cDXGF-2SpClgHtg-Cnst,None,NE-HV_AirDist-SupFanMtr-cDXGF-2SpClgHtg-VFDStdMtr,None,NE-HV_AirDist-SupFanMtr-cDXGF-2SpClgHtg-SRM,None,,,Each
NE-HVAC-Unitary-addSRM,Htl,Ex,CZ07,cDXGF,0,NE-HV_AirDist-SupFanMtr-cDXGF-2SpClgHtg-Cnst,None,NE-HV_AirDist-SupFanMtr-cDXGF-2SpClgHtg-VFDStdMtr,None,NE-HV_AirDist-SupFanMtr-cDXGF-2SpClgHtg-SRM,None,,,Each
NE-HVAC-Unitary-addSRM,Htl,Ex,CZ08,cDXGF,0,NE-HV_AirDist-SupFanMtr-cDXGF-2SpClgHtg-Cnst,None,NE-HV_AirDist-SupFanMtr-cDXGF-2SpClgHtg-VFDStdMtr,None,NE-HV_AirDist-SupFanMtr-cDXGF-2SpClgHtg-SRM,None,,,Each
NE-HVAC-Unitary-addSRM,Htl,Ex,CZ09,cDXGF,0,NE-HV_AirDist-SupFanMtr-cDXGF-2SpClgHtg-Cnst,None,NE-HV_AirDist-SupFanMtr-cDXGF-2SpClgHtg-VFDStdMtr,None,NE-HV_AirDist-SupFanMtr-cDXGF-2SpClgHtg-SRM,None,,,Each
NE-HVAC-Unitary-addSRM,Htl,Ex,CZ10,cDXGF,0,NE-HV_AirDist-SupFanMtr-cDXGF-2SpClgHtg-Cnst,None,NE-HV_AirDist-SupFanMtr-cDXGF-2SpClgHtg-VFDStdMtr,None,NE-HV_AirDist-SupFanMtr-cDXGF-2SpClgHtg-SRM,None,,,Each
NE-HVAC-Unitary-addSRM,Htl,Ex,CZ11,cDXGF,0,NE-HV_AirDist-SupFanMtr-cDXGF-2SpClgHtg-Cnst,None,NE-HV_AirDist-SupFanMtr-cDXGF-2SpClgHtg-VFDStdMtr,None,NE-HV_AirDist-SupFanMtr-cDXGF-2SpClgHtg-SRM,None,,,Each
NE-HVAC-Unitary-addSRM,Htl,Ex,CZ12,cDXGF,0,NE-HV_AirDist-SupFanMtr-cDXGF-2SpClgHtg-Cnst,None,NE-HV_AirDist-SupFanMtr-cDXGF-2SpClgHtg-VFDStdMtr,None,NE-HV_AirDist-SupFanMtr-cDXGF-2SpClgHtg-SRM,None,,,Each
NE-HVAC-Unitary-addSRM,Htl,Ex,CZ13,cDXGF,0,NE-HV_AirDist-SupFanMtr-cDXGF-2SpClgHtg-Cnst,None,NE-HV_AirDist-SupFanMtr-cDXGF-2SpClgHtg-VFDStdMtr,None,NE-HV_AirDist-SupFanMtr-cDXGF-2SpClgHtg-SRM,None,,,Each
NE-HVAC-Unitary-addSRM,Htl,Ex,CZ14,cDXGF,0,NE-HV_AirDist-SupFanMtr-cDXGF-2SpClgHtg-Cnst,None,NE-HV_AirDist-SupFanMtr-cDXGF-2SpClgHtg-VFDStdMtr,None,NE-HV_AirDist-SupFanMtr-cDXGF-2SpClgHtg-SRM,None,,,Each
NE-HVAC-Unitary-addSRM,Htl,Ex,CZ15,cDXGF,0,NE-HV_AirDist-SupFanMtr-cDXGF-2SpClgHtg-Cnst,None,NE-HV_AirDist-SupFanMtr-cDXGF-2SpClgHtg-VFDStdMtr,None,NE-HV_AirDist-SupFanMtr-cDXGF-2SpClgHtg-SRM,None,,,Each
NE-HVAC-Unitary-addSRM,Htl,Ex,CZ16,cDXGF,0,NE-HV_AirDist-SupFanMtr-cDXGF-2SpClgHtg-Cnst,None,NE-HV_AirDist-SupFanMtr-cDXGF-2SpClgHtg-VFDStdMtr,None,NE-HV_AirDist-SupFanMtr-cDXGF-2SpClgHtg-SRM,None,,,Each
NE-HVAC-Unitary-addSRM,Htl,Ex,CZ01,cDXHP,0,NE-HV_AirDist-SupFanMtr-cDXHP-2SpClgHtg-Cnst,None,NE-HV_AirDist-SupFanMtr-cDXHP-2SpClgHtg-VFDStdMtr,None,NE-HV_AirDist-SupFanMtr-cDXHP-2SpClgHtg-SRM,None,,,Each
NE-HVAC-Unitary-addSRM,Htl,Ex,CZ02,cDXHP,0,NE-HV_AirDist-SupFanMtr-cDXHP-2SpClgHtg-Cnst,None,NE-HV_AirDist-SupFanMtr-cDXHP-2SpClgHtg-VFDStdMtr,None,NE-HV_AirDist-SupFanMtr-cDXHP-2SpClgHtg-SRM,None,,,Each
NE-HVAC-Unitary-addSRM,Htl,Ex,CZ03,cDXHP,0,NE-HV_AirDist-SupFanMtr-cDXHP-2SpClgHtg-Cnst,None,NE-HV_AirDist-SupFanMtr-cDXHP-2SpClgHtg-VFDStdMtr,None,NE-HV_AirDist-SupFanMtr-cDXHP-2SpClgHtg-SRM,None,,,Each
NE-HVAC-Unitary-addSRM,Htl,Ex,CZ04,cDXHP,0,NE-HV_AirDist-SupFanMtr-cDXHP-2SpClgHtg-Cnst,None,NE-HV_AirDist-SupFanMtr-cDXHP-2SpClgHtg-VFDStdMtr,None,NE-HV_AirDist-SupFanMtr-cDXHP-2SpClgHtg-SRM,None,,,Each
NE-HVAC-Unitary-addSRM,Htl,Ex,CZ05,cDXHP,0,NE-HV_AirDist-SupFanMtr-cDXHP-2SpClgHtg-Cnst,None,NE-HV_AirDist-SupFanMtr-cDXHP-2SpClgHtg-VFDStdMtr,None,NE-HV_AirDist-SupFanMtr-cDXHP-2SpClgHtg-SRM,None,,,Each
NE-HVAC-Unitary-addSRM,Htl,Ex,CZ06,cDXHP,0,NE-HV_AirDist-SupFanMtr-cDXHP-2SpClgHtg-Cnst,None,NE-HV_AirDist-SupFanMtr-cDXHP-2SpClgHtg-VFDStdMtr,None,NE-HV_AirDist-SupFanMtr-cDXHP-2SpClgHtg-SRM,None,,,Each
NE-HVAC-Unitary-addSRM,Htl,Ex,CZ07,cDXHP,0,NE-HV_AirDist-SupFanMtr-cDXHP-2SpClgHtg-Cnst,None,NE-HV_AirDist-SupFanMtr-cDXHP-2SpClgHtg-VFDStdMtr,None,NE-HV_AirDist-SupFanMtr-cDXHP-2SpClgHtg-SRM,None,,,Each
NE-HVAC-Unitary-addSRM,Htl,Ex,CZ08,cDXHP,0,NE-HV_AirDist-SupFanMtr-cDXHP-2SpClgHtg-Cnst,None,NE-HV_AirDist-SupFanMtr-cDXHP-2SpClgHtg-VFDStdMtr,None,NE-HV_AirDist-SupFanMtr-cDXHP-2SpClgHtg-SRM,None,,,Each
NE-HVAC-Unitary-addSRM,Htl,Ex,CZ09,cDXHP,0,NE-HV_AirDist-SupFanMtr-cDXHP-2SpClgHtg-Cnst,None,NE-HV_AirDist-SupFanMtr-cDXHP-2SpClgHtg-VFDStdMtr,None,NE-HV_AirDist-SupFanMtr-cDXHP-2SpClgHtg-SRM,None,,,Each
NE-HVAC-Unitary-addSRM,Htl,Ex,CZ10,cDXHP,0,NE-HV_AirDist-SupFanMtr-cDXHP-2SpClgHtg-Cnst,None,NE-HV_AirDist-SupFanMtr-cDXHP-2SpClgHtg-VFDStdMtr,None,NE-HV_AirDist-SupFanMtr-cDXHP-2SpClgHtg-SRM,None,,,Each
NE-HVAC-Unitary-addSRM,Htl,Ex,CZ11,cDXHP,0,NE-HV_AirDist-SupFanMtr-cDXHP-2SpClgHtg-Cnst,None,NE-HV_AirDist-SupFanMtr-cDXHP-2SpClgHtg-VFDStdMtr,None,NE-HV_AirDist-SupFanMtr-cDXHP-2SpClgHtg-SRM,None,,,Each
NE-HVAC-Unitary-addSRM,Htl,Ex,CZ12,cDXHP,0,NE-HV_AirDist-SupFanMtr-cDXHP-2SpClgHtg-Cnst,None,NE-HV_AirDist-SupFanMtr-cDXHP-2SpClgHtg-VFDStdMtr,None,NE-HV_AirDist-SupFanMtr-cDXHP-2SpClgHtg-SRM,None,,,Each
NE-HVAC-Unitary-addSRM,Htl,Ex,CZ13,cDXHP,0,NE-HV_AirDist-SupFanMtr-cDXHP-2SpClgHtg-Cnst,None,NE-HV_AirDist-SupFanMtr-cDXHP-2SpClgHtg-VFDStdMtr,None,NE-HV_AirDist-SupFanMtr-cDXHP-2SpClgHtg-SRM,None,,,Each
NE-HVAC-Unitary-addSRM,Htl,Ex,CZ14,cDXHP,0,NE-HV_AirDist-SupFanMtr-cDXHP-2SpClgHtg-Cnst,None,NE-HV_AirDist-SupFanMtr-cDXHP-2SpClgHtg-VFDStdMtr,None,NE-HV_AirDist-SupFanMtr-cDXHP-2SpClgHtg-SRM,None,,,Each
NE-HVAC-Unitary-addSRM,Htl,Ex,CZ15,cDXHP,0,NE-HV_AirDist-SupFanMtr-cDXHP-2SpClgHtg-Cnst,None,NE-HV_AirDist-SupFanMtr-cDXHP-2SpClgHtg-VFDStdMtr,None,NE-HV_AirDist-SupFanMtr-cDXHP-2SpClgHtg-SRM,None,,,Each
NE-HVAC-Unitary-addSRM,Htl,Ex,CZ16,cDXHP,0,NE-HV_AirDist-SupFanMtr-cDXHP-2SpClgHtg-Cnst,None,NE-HV_AirDist-SupFanMtr-cDXHP-2SpClgHtg-VFDStdMtr,None,NE-HV_AirDist-SupFanMtr-cDXHP-2SpClgHtg-SRM,None,,,Each
NE-HVAC-Unitary-addSRM,Htl,Ex,CZ01,cDXOH,0,NE-HV_AirDist-SupFanMtr-cDXOH-2SpClgHtg-Cnst,None,NE-HV_AirDist-SupFanMtr-cDXOH-2SpClgHtg-VFDStdMtr,None,NE-HV_AirDist-SupFanMtr-cDXOH-2SpClgHtg-SRM,None,,,Each
NE-HVAC-Unitary-addSRM,Htl,Ex,CZ02,cDXOH,0,NE-HV_AirDist-SupFanMtr-cDXOH-2SpClgHtg-Cnst,None,NE-HV_AirDist-SupFanMtr-cDXOH-2SpClgHtg-VFDStdMtr,None,NE-HV_AirDist-SupFanMtr-cDXOH-2SpClgHtg-SRM,None,,,Each
NE-HVAC-Unitary-addSRM,Htl,Ex,CZ03,cDXOH,0,NE-HV_AirDist-SupFanMtr-cDXOH-2SpClgHtg-Cnst,None,NE-HV_AirDist-SupFanMtr-cDXOH-2SpClgHtg-VFDStdMtr,None,NE-HV_AirDist-SupFanMtr-cDXOH-2SpClgHtg-SRM,None,,,Each
NE-HVAC-Unitary-addSRM,Htl,Ex,CZ04,cDXOH,0,NE-HV_AirDist-SupFanMtr-cDXOH-2SpClgHtg-Cnst,None,NE-HV_AirDist-SupFanMtr-cDXOH-2SpClgHtg-VFDStdMtr,None,NE-HV_AirDist-SupFanMtr-cDXOH-2SpClgHtg-SRM,None,,,Each
NE-HVAC-Unitary-addSRM,Htl,Ex,CZ05,cDXOH,0,NE-HV_AirDist-SupFanMtr-cDXOH-2SpClgHtg-Cnst,None,NE-HV_AirDist-SupFanMtr-cDXOH-2SpClgHtg-VFDStdMtr,None,NE-HV_AirDist-SupFanMtr-cDXOH-2SpClgHtg-SRM,None,,,Each
NE-HVAC-Unitary-addSRM,Htl,Ex,CZ06,cDXOH,0,NE-HV_AirDist-SupFanMtr-cDXOH-2SpClgHtg-Cnst,None,NE-HV_AirDist-SupFanMtr-cDXOH-2SpClgHtg-VFDStdMtr,None,NE-HV_AirDist-SupFanMtr-cDXOH-2SpClgHtg-SRM,None,,,Each
NE-HVAC-Unitary-addSRM,Htl,Ex,CZ07,cDXOH,0,NE-HV_AirDist-SupFanMtr-cDXOH-2SpClgHtg-Cnst,None,NE-HV_AirDist-SupFanMtr-cDXOH-2SpClgHtg-VFDStdMtr,None,NE-HV_AirDist-SupFanMtr-cDXOH-2SpClgHtg-SRM,None,,,Each
NE-HVAC-Unitary-addSRM,Htl,Ex,CZ08,cDXOH,0,NE-HV_AirDist-SupFanMtr-cDXOH-2SpClgHtg-Cnst,None,NE-HV_AirDist-SupFanMtr-cDXOH-2SpClgHtg-VFDStdMtr,None,NE-HV_AirDist-SupFanMtr-cDXOH-2SpClgHtg-SRM,None,,,Each
NE-HVAC-Unitary-addSRM,Htl,Ex,CZ09,cDXOH,0,NE-HV_AirDist-SupFanMtr-cDXOH-2SpClgHtg-Cnst,None,NE-HV_AirDist-SupFanMtr-cDXOH-2SpClgHtg-VFDStdMtr,None,NE-HV_AirDist-SupFanMtr-cDXOH-2SpClgHtg-SRM,None,,,Each
NE-HVAC-Unitary-addSRM,Htl,Ex,CZ10,cDXOH,0,NE-HV_AirDist-SupFanMtr-cDXOH-2SpClgHtg-Cnst,None,NE-HV_AirDist-SupFanMtr-cDXOH-2SpClgHtg-VFDStdMtr,None,NE-HV_AirDist-SupFanMtr-cDXOH-2SpClgHtg-SRM,None,,,Each
NE-HVAC-Unitary-addSRM,Htl,Ex,CZ11,cDXOH,0,NE-HV_AirDist-SupFanMtr-cDXOH-2SpClgHtg-Cnst,None,NE-HV_AirDist-SupFanMtr-cDXOH-2SpClgHtg-VFDStdMtr,None,NE-HV_AirDist-SupFanMtr-cDXOH-2SpClgHtg-SRM,None,,,Each
NE-HVAC-Unitary-addSRM,Htl,Ex,CZ12,cDXOH,0,NE-HV_AirDist-SupFanMtr-cDXOH-2SpClgHtg-Cnst,None,NE-HV_AirDist-SupFanMtr-cDXOH-2SpClgHtg-VFDStdMtr,None,NE-HV_AirDist-SupFanMtr-cDXOH-2SpClgHtg-SRM,None,,,Each
NE-HVAC-Unitary-addSRM,Htl,Ex,CZ13,cDXOH,0,NE-HV_AirDist-SupFanMtr-cDXOH-2SpClgHtg-Cnst,None,NE-HV_AirDist-SupFanMtr-cDXOH-2SpClgHtg-VFDStdMtr,None,NE-HV_AirDist-SupFanMtr-cDXOH-2SpClgHtg-SRM,None,,,Each
NE-HVAC-Unitary-addSRM,Htl,Ex,CZ14,cDXOH,0,NE-HV_AirDist-SupFanMtr-cDXOH-2SpClgHtg-Cnst,None,NE-HV_AirDist-SupFanMtr-cDXOH-2SpClgHtg-VFDStdMtr,None,NE-HV_AirDist-SupFanMtr-cDXOH-2SpClgHtg-SRM,None,,,Each
NE-HVAC-Unitary-addSRM,Htl,Ex,CZ15,cDXOH,0,NE-HV_AirDist-SupFanMtr-cDXOH-2SpClgHtg-Cnst,None,NE-HV_AirDist-SupFanMtr-cDXOH-2SpClgHtg-VFDStdMtr,None,NE-HV_AirDist-SupFanMtr-cDXOH-2SpClgHtg-SRM,None,,,Each
NE-HVAC-Unitary-addSRM,Htl,Ex,CZ16,cDXOH,0,NE-HV_AirDist-SupFanMtr-cDXOH-2SpClgHtg-Cnst,None,NE-HV_AirDist-SupFanMtr-cDXOH-2SpClgHtg-VFDStdMtr,None,NE-HV_AirDist-SupFanMtr-cDXOH-2SpClgHtg-SRM,None,,,Each
