MeasureID,BldgType,BldgVint,BldgLoc,BldgHVAC,tstat,PreTechID,PreSizingID,StdTechID,StdSizingID,MeasTechID,MsrSizingID,SizingSrc,EU_HrRepVar,NormUnit
NE-HVAC-Unitary-addVFDExMtr,SCn,Ex,CZ16,cDXOH,0,NE-HV_AirDist-SupFanMtr-cDXOH-2SpClgHtg-Cnst,None,,None,NE-HV_AirDist-SupFanMtr-cDXOH-2SpClgHtg-VFDExMtr,None,,,Each
NE-HVAC-Unitary-addVFDPMMtr,SCn,Ex,CZ16,cDXOH,0,NE-HV_AirDist-SupFanMtr-cDXOH-2SpClgHtg-Cnst,None,,None,NE-HV_AirDist-SupFanMtr-cDXOH-2SpClgHtg-VFDPMMtr,None,,,Each
NE-HVAC-Unitary-addVFDStdMtr,SCn,Ex,CZ16,cDXOH,0,NE-HV_AirDist-SupFanMtr-cDXOH-2SpClgHtg-Cnst,None,,None,NE-HV_AirDist-SupFanMtr-cDXOH-2SpClgHtg-VFDStdMtr,None,,,Each
NE-HVAC-Unitary-addVFDExMtr,SCn,Ex,CZ15,cDXOH,0,NE-HV_AirDist-SupFanMtr-cDXOH-2SpClgHtg-Cnst,None,,None,NE-HV_AirDist-SupFanMtr-cDXOH-2SpClgHtg-VFDExMtr,None,,,Each
NE-HVAC-Unitary-addVFDPMMtr,SCn,Ex,CZ15,cDXOH,0,NE-HV_AirDist-SupFanMtr-cDXOH-2SpClgHtg-Cnst,None,,None,NE-HV_AirDist-SupFanMtr-cDXOH-2SpClgHtg-VFDPMMtr,None,,,Each
NE-HVAC-Unitary-addVFDStdMtr,SCn,Ex,CZ15,cDXOH,0,NE-HV_AirDist-SupFanMtr-cDXOH-2SpClgHtg-Cnst,None,,None,NE-HV_AirDist-SupFanMtr-cDXOH-2SpClgHtg-VFDStdMtr,None,,,Each
NE-HVAC-Unitary-addVFDExMtr,SCn,Ex,CZ14,cDXOH,0,NE-HV_AirDist-SupFanMtr-cDXOH-2SpClgHtg-Cnst,None,,None,NE-HV_AirDist-SupFanMtr-cDXOH-2SpClgHtg-VFDExMtr,None,,,Each
NE-HVAC-Unitary-addVFDPMMtr,SCn,Ex,CZ14,cDXOH,0,NE-HV_AirDist-SupFanMtr-cDXOH-2SpClgHtg-Cnst,None,,None,NE-HV_AirDist-SupFanMtr-cDXOH-2SpClgHtg-VFDPMMtr,None,,,Each
NE-HVAC-Unitary-addVFDStdMtr,SCn,Ex,CZ14,cDXOH,0,NE-HV_AirDist-SupFanMtr-cDXOH-2SpClgHtg-Cnst,None,,None,NE-HV_AirDist-SupFanMtr-cDXOH-2SpClgHtg-VFDStdMtr,None,,,Each
NE-HVAC-Unitary-addVFDExMtr,SCn,Ex,CZ13,cDXOH,0,NE-HV_AirDist-SupFanMtr-cDXOH-2SpClgHtg-Cnst,None,,None,NE-HV_AirDist-SupFanMtr-cDXOH-2SpClgHtg-VFDExMtr,None,,,Each
NE-HVAC-Unitary-addVFDPMMtr,SCn,Ex,CZ13,cDXOH,0,NE-HV_AirDist-SupFanMtr-cDXOH-2SpClgHtg-Cnst,None,,None,NE-HV_AirDist-SupFanMtr-cDXOH-2SpClgHtg-VFDPMMtr,None,,,Each
NE-HVAC-Unitary-addVFDStdMtr,SCn,Ex,CZ13,cDXOH,0,NE-HV_AirDist-SupFanMtr-cDXOH-2SpClgHtg-Cnst,None,,None,NE-HV_AirDist-SupFanMtr-cDXOH-2SpClgHtg-VFDStdMtr,None,,,Each
NE-HVAC-Unitary-addVFDExMtr,SCn,Ex,CZ12,cDXOH,0,NE-HV_AirDist-SupFanMtr-cDXOH-2SpClgHtg-Cnst,None,,None,NE-HV_AirDist-SupFanMtr-cDXOH-2SpClgHtg-VFDExMtr,None,,,Each
NE-HVAC-Unitary-addVFDPMMtr,SCn,Ex,CZ12,cDXOH,0,NE-HV_AirDist-SupFanMtr-cDXOH-2SpClgHtg-Cnst,None,,None,NE-HV_AirDist-SupFanMtr-cDXOH-2SpClgHtg-VFDPMMtr,None,,,Each
NE-HVAC-Unitary-addVFDStdMtr,SCn,Ex,CZ12,cDXOH,0,NE-HV_AirDist-SupFanMtr-cDXOH-2SpClgHtg-Cnst,None,,None,NE-HV_AirDist-SupFanMtr-cDXOH-2SpClgHtg-VFDStdMtr,None,,,Each
NE-HVAC-Unitary-addVFDExMtr,SCn,Ex,CZ11,cDXOH,0,NE-HV_AirDist-SupFanMtr-cDXOH-2SpClgHtg-Cnst,None,,None,NE-HV_AirDist-SupFanMtr-cDXOH-2SpClgHtg-VFDExMtr,None,,,Each
NE-HVAC-Unitary-addVFDPMMtr,SCn,Ex,CZ11,cDXOH,0,NE-HV_AirDist-SupFanMtr-cDXOH-2SpClgHtg-Cnst,None,,None,NE-HV_AirDist-SupFanMtr-cDXOH-2SpClgHtg-VFDPMMtr,None,,,Each
NE-HVAC-Unitary-addVFDStdMtr,SCn,Ex,CZ11,cDXOH,0,NE-HV_AirDist-SupFanMtr-cDXOH-2SpClgHtg-Cnst,None,,None,NE-HV_AirDist-SupFanMtr-cDXOH-2SpClgHtg-VFDStdMtr,None,,,Each
NE-HVAC-Unitary-addVFDExMtr,SCn,Ex,CZ10,cDXOH,0,NE-HV_AirDist-SupFanMtr-cDXOH-2SpClgHtg-Cnst,None,,None,NE-HV_AirDist-SupFanMtr-cDXOH-2SpClgHtg-VFDExMtr,None,,,Each
NE-HVAC-Unitary-addVFDPMMtr,SCn,Ex,CZ10,cDXOH,0,NE-HV_AirDist-SupFanMtr-cDXOH-2SpClgHtg-Cnst,None,,None,NE-HV_AirDist-SupFanMtr-cDXOH-2SpClgHtg-VFDPMMtr,None,,,Each
NE-HVAC-Unitary-addVFDStdMtr,SCn,Ex,CZ10,cDXOH,0,NE-HV_AirDist-SupFanMtr-cDXOH-2SpClgHtg-Cnst,None,,None,NE-HV_AirDist-SupFanMtr-cDXOH-2SpClgHtg-VFDStdMtr,None,,,Each
NE-HVAC-Unitary-addVFDExMtr,SCn,Ex,CZ09,cDXOH,0,NE-HV_AirDist-SupFanMtr-cDXOH-2SpClgHtg-Cnst,None,,None,NE-HV_AirDist-SupFanMtr-cDXOH-2SpClgHtg-VFDExMtr,None,,,Each
NE-HVAC-Unitary-addVFDPMMtr,SCn,Ex,CZ09,cDXOH,0,NE-HV_AirDist-SupFanMtr-cDXOH-2SpClgHtg-Cnst,None,,None,NE-HV_AirDist-SupFanMtr-cDXOH-2SpClgHtg-VFDPMMtr,None,,,Each
NE-HVAC-Unitary-addVFDStdMtr,SCn,Ex,CZ09,cDXOH,0,NE-HV_AirDist-SupFanMtr-cDXOH-2SpClgHtg-Cnst,None,,None,NE-HV_AirDist-SupFanMtr-cDXOH-2SpClgHtg-VFDStdMtr,None,,,Each
NE-HVAC-Unitary-addVFDExMtr,SCn,Ex,CZ08,cDXOH,0,NE-HV_AirDist-SupFanMtr-cDXOH-2SpClgHtg-Cnst,None,,None,NE-HV_AirDist-SupFanMtr-cDXOH-2SpClgHtg-VFDExMtr,None,,,Each
NE-HVAC-Unitary-addVFDPMMtr,SCn,Ex,CZ08,cDXOH,0,NE-HV_AirDist-SupFanMtr-cDXOH-2SpClgHtg-Cnst,None,,None,NE-HV_AirDist-SupFanMtr-cDXOH-2SpClgHtg-VFDPMMtr,None,,,Each
NE-HVAC-Unitary-addVFDStdMtr,SCn,Ex,CZ08,cDXOH,0,NE-HV_AirDist-SupFanMtr-cDXOH-2SpClgHtg-Cnst,None,,None,NE-HV_AirDist-SupFanMtr-cDXOH-2SpClgHtg-VFDStdMtr,None,,,Each
NE-HVAC-Unitary-addVFDExMtr,SCn,Ex,CZ07,cDXOH,0,NE-HV_AirDist-SupFanMtr-cDXOH-2SpClgHtg-Cnst,None,,None,NE-HV_AirDist-SupFanMtr-cDXOH-2SpClgHtg-VFDExMtr,None,,,Each
NE-HVAC-Unitary-addVFDPMMtr,SCn,Ex,CZ07,cDXOH,0,NE-HV_AirDist-SupFanMtr-cDXOH-2SpClgHtg-Cnst,None,,None,NE-HV_AirDist-SupFanMtr-cDXOH-2SpClgHtg-VFDPMMtr,None,,,Each
NE-HVAC-Unitary-addVFDStdMtr,SCn,Ex,CZ07,cDXOH,0,NE-HV_AirDist-SupFanMtr-cDXOH-2SpClgHtg-Cnst,None,,None,NE-HV_AirDist-SupFanMtr-cDXOH-2SpClgHtg-VFDStdMtr,None,,,Each
NE-HVAC-Unitary-addVFDExMtr,SCn,Ex,CZ06,cDXOH,0,NE-HV_AirDist-SupFanMtr-cDXOH-2SpClgHtg-Cnst,None,,None,NE-HV_AirDist-SupFanMtr-cDXOH-2SpClgHtg-VFDExMtr,None,,,Each
NE-HVAC-Unitary-addVFDPMMtr,SCn,Ex,CZ06,cDXOH,0,NE-HV_AirDist-SupFanMtr-cDXOH-2SpClgHtg-Cnst,None,,None,NE-HV_AirDist-SupFanMtr-cDXOH-2SpClgHtg-VFDPMMtr,None,,,Each
NE-HVAC-Unitary-addVFDStdMtr,SCn,Ex,CZ06,cDXOH,0,NE-HV_AirDist-SupFanMtr-cDXOH-2SpClgHtg-Cnst,None,,None,NE-HV_AirDist-SupFanMtr-cDXOH-2SpClgHtg-VFDStdMtr,None,,,Each
NE-HVAC-Unitary-addVFDExMtr,SCn,Ex,CZ05,cDXOH,0,NE-HV_AirDist-SupFanMtr-cDXOH-2SpClgHtg-Cnst,None,,None,NE-HV_AirDist-SupFanMtr-cDXOH-2SpClgHtg-VFDExMtr,None,,,Each
NE-HVAC-Unitary-addVFDPMMtr,SCn,Ex,CZ05,cDXOH,0,NE-HV_AirDist-SupFanMtr-cDXOH-2SpClgHtg-Cnst,None,,None,NE-HV_AirDist-SupFanMtr-cDXOH-2SpClgHtg-VFDPMMtr,None,,,Each
NE-HVAC-Unitary-addVFDStdMtr,SCn,Ex,CZ05,cDXOH,0,NE-HV_AirDist-SupFanMtr-cDXOH-2SpClgHtg-Cnst,None,,None,NE-HV_AirDist-SupFanMtr-cDXOH-2SpClgHtg-VFDStdMtr,None,,,Each
NE-HVAC-Unitary-addVFDExMtr,SCn,Ex,CZ04,cDXOH,0,NE-HV_AirDist-SupFanMtr-cDXOH-2SpClgHtg-Cnst,None,,None,NE-HV_AirDist-SupFanMtr-cDXOH-2SpClgHtg-VFDExMtr,None,,,Each
NE-HVAC-Unitary-addVFDPMMtr,SCn,Ex,CZ04,cDXOH,0,NE-HV_AirDist-SupFanMtr-cDXOH-2SpClgHtg-Cnst,None,,None,NE-HV_AirDist-SupFanMtr-cDXOH-2SpClgHtg-VFDPMMtr,None,,,Each
NE-HVAC-Unitary-addVFDStdMtr,SCn,Ex,CZ04,cDXOH,0,NE-HV_AirDist-SupFanMtr-cDXOH-2SpClgHtg-Cnst,None,,None,NE-HV_AirDist-SupFanMtr-cDXOH-2SpClgHtg-VFDStdMtr,None,,,Each
NE-HVAC-Unitary-addVFDExMtr,SCn,Ex,CZ03,cDXOH,0,NE-HV_AirDist-SupFanMtr-cDXOH-2SpClgHtg-Cnst,None,,None,NE-HV_AirDist-SupFanMtr-cDXOH-2SpClgHtg-VFDExMtr,None,,,Each
NE-HVAC-Unitary-addVFDPMMtr,SCn,Ex,CZ03,cDXOH,0,NE-HV_AirDist-SupFanMtr-cDXOH-2SpClgHtg-Cnst,None,,None,NE-HV_AirDist-SupFanMtr-cDXOH-2SpClgHtg-VFDPMMtr,None,,,Each
NE-HVAC-Unitary-addVFDStdMtr,SCn,Ex,CZ03,cDXOH,0,NE-HV_AirDist-SupFanMtr-cDXOH-2SpClgHtg-Cnst,None,,None,NE-HV_AirDist-SupFanMtr-cDXOH-2SpClgHtg-VFDStdMtr,None,,,Each
NE-HVAC-Unitary-addVFDExMtr,SCn,Ex,CZ02,cDXOH,0,NE-HV_AirDist-SupFanMtr-cDXOH-2SpClgHtg-Cnst,None,,None,NE-HV_AirDist-SupFanMtr-cDXOH-2SpClgHtg-VFDExMtr,None,,,Each
NE-HVAC-Unitary-addVFDPMMtr,SCn,Ex,CZ02,cDXOH,0,NE-HV_AirDist-SupFanMtr-cDXOH-2SpClgHtg-Cnst,None,,None,NE-HV_AirDist-SupFanMtr-cDXOH-2SpClgHtg-VFDPMMtr,None,,,Each
NE-HVAC-Unitary-addVFDStdMtr,SCn,Ex,CZ02,cDXOH,0,NE-HV_AirDist-SupFanMtr-cDXOH-2SpClgHtg-Cnst,None,,None,NE-HV_AirDist-SupFanMtr-cDXOH-2SpClgHtg-VFDStdMtr,None,,,Each
NE-HVAC-Unitary-addVFDExMtr,SCn,Ex,CZ01,cDXOH,0,NE-HV_AirDist-SupFanMtr-cDXOH-2SpClgHtg-Cnst,None,,None,NE-HV_AirDist-SupFanMtr-cDXOH-2SpClgHtg-VFDExMtr,None,,,Each
NE-HVAC-Unitary-addVFDPMMtr,SCn,Ex,CZ01,cDXOH,0,NE-HV_AirDist-SupFanMtr-cDXOH-2SpClgHtg-Cnst,None,,None,NE-HV_AirDist-SupFanMtr-cDXOH-2SpClgHtg-VFDPMMtr,None,,,Each
NE-HVAC-Unitary-addVFDStdMtr,SCn,Ex,CZ01,cDXOH,0,NE-HV_AirDist-SupFanMtr-cDXOH-2SpClgHtg-Cnst,None,,None,NE-HV_AirDist-SupFanMtr-cDXOH-2SpClgHtg-VFDStdMtr,None,,,Each
NE-HVAC-Unitary-addVFDExMtr,SCn,Ex,CZ16,cDXHP,0,NE-HV_AirDist-SupFanMtr-cDXHP-2SpClgHtg-Cnst,None,,None,NE-HV_AirDist-SupFanMtr-cDXHP-2SpClgHtg-VFDExMtr,None,,,Each
NE-HVAC-Unitary-addVFDPMMtr,SCn,Ex,CZ16,cDXHP,0,NE-HV_AirDist-SupFanMtr-cDXHP-2SpClgHtg-Cnst,None,,None,NE-HV_AirDist-SupFanMtr-cDXHP-2SpClgHtg-VFDPMMtr,None,,,Each
NE-HVAC-Unitary-addVFDStdMtr,SCn,Ex,CZ16,cDXHP,0,NE-HV_AirDist-SupFanMtr-cDXHP-2SpClgHtg-Cnst,None,,None,NE-HV_AirDist-SupFanMtr-cDXHP-2SpClgHtg-VFDStdMtr,None,,,Each
NE-HVAC-Unitary-addVFDExMtr,SCn,Ex,CZ15,cDXHP,0,NE-HV_AirDist-SupFanMtr-cDXHP-2SpClgHtg-Cnst,None,,None,NE-HV_AirDist-SupFanMtr-cDXHP-2SpClgHtg-VFDExMtr,None,,,Each
NE-HVAC-Unitary-addVFDPMMtr,SCn,Ex,CZ15,cDXHP,0,NE-HV_AirDist-SupFanMtr-cDXHP-2SpClgHtg-Cnst,None,,None,NE-HV_AirDist-SupFanMtr-cDXHP-2SpClgHtg-VFDPMMtr,None,,,Each
NE-HVAC-Unitary-addVFDStdMtr,SCn,Ex,CZ15,cDXHP,0,NE-HV_AirDist-SupFanMtr-cDXHP-2SpClgHtg-Cnst,None,,None,NE-HV_AirDist-SupFanMtr-cDXHP-2SpClgHtg-VFDStdMtr,None,,,Each
NE-HVAC-Unitary-addVFDExMtr,SCn,Ex,CZ14,cDXHP,0,NE-HV_AirDist-SupFanMtr-cDXHP-2SpClgHtg-Cnst,None,,None,NE-HV_AirDist-SupFanMtr-cDXHP-2SpClgHtg-VFDExMtr,None,,,Each
NE-HVAC-Unitary-addVFDPMMtr,SCn,Ex,CZ14,cDXHP,0,NE-HV_AirDist-SupFanMtr-cDXHP-2SpClgHtg-Cnst,None,,None,NE-HV_AirDist-SupFanMtr-cDXHP-2SpClgHtg-VFDPMMtr,None,,,Each
NE-HVAC-Unitary-addVFDStdMtr,SCn,Ex,CZ14,cDXHP,0,NE-HV_AirDist-SupFanMtr-cDXHP-2SpClgHtg-Cnst,None,,None,NE-HV_AirDist-SupFanMtr-cDXHP-2SpClgHtg-VFDStdMtr,None,,,Each
NE-HVAC-Unitary-addVFDExMtr,SCn,Ex,CZ13,cDXHP,0,NE-HV_AirDist-SupFanMtr-cDXHP-2SpClgHtg-Cnst,None,,None,NE-HV_AirDist-SupFanMtr-cDXHP-2SpClgHtg-VFDExMtr,None,,,Each
NE-HVAC-Unitary-addVFDPMMtr,SCn,Ex,CZ13,cDXHP,0,NE-HV_AirDist-SupFanMtr-cDXHP-2SpClgHtg-Cnst,None,,None,NE-HV_AirDist-SupFanMtr-cDXHP-2SpClgHtg-VFDPMMtr,None,,,Each
NE-HVAC-Unitary-addVFDStdMtr,SCn,Ex,CZ13,cDXHP,0,NE-HV_AirDist-SupFanMtr-cDXHP-2SpClgHtg-Cnst,None,,None,NE-HV_AirDist-SupFanMtr-cDXHP-2SpClgHtg-VFDStdMtr,None,,,Each
NE-HVAC-Unitary-addVFDExMtr,SCn,Ex,CZ12,cDXHP,0,NE-HV_AirDist-SupFanMtr-cDXHP-2SpClgHtg-Cnst,None,,None,NE-HV_AirDist-SupFanMtr-cDXHP-2SpClgHtg-VFDExMtr,None,,,Each
NE-HVAC-Unitary-addVFDPMMtr,SCn,Ex,CZ12,cDXHP,0,NE-HV_AirDist-SupFanMtr-cDXHP-2SpClgHtg-Cnst,None,,None,NE-HV_AirDist-SupFanMtr-cDXHP-2SpClgHtg-VFDPMMtr,None,,,Each
NE-HVAC-Unitary-addVFDStdMtr,SCn,Ex,CZ12,cDXHP,0,NE-HV_AirDist-SupFanMtr-cDXHP-2SpClgHtg-Cnst,None,,None,NE-HV_AirDist-SupFanMtr-cDXHP-2SpClgHtg-VFDStdMtr,None,,,Each
NE-HVAC-Unitary-addVFDExMtr,SCn,Ex,CZ11,cDXHP,0,NE-HV_AirDist-SupFanMtr-cDXHP-2SpClgHtg-Cnst,None,,None,NE-HV_AirDist-SupFanMtr-cDXHP-2SpClgHtg-VFDExMtr,None,,,Each
NE-HVAC-Unitary-addVFDPMMtr,SCn,Ex,CZ11,cDXHP,0,NE-HV_AirDist-SupFanMtr-cDXHP-2SpClgHtg-Cnst,None,,None,NE-HV_AirDist-SupFanMtr-cDXHP-2SpClgHtg-VFDPMMtr,None,,,Each
NE-HVAC-Unitary-addVFDStdMtr,SCn,Ex,CZ11,cDXHP,0,NE-HV_AirDist-SupFanMtr-cDXHP-2SpClgHtg-Cnst,None,,None,NE-HV_AirDist-SupFanMtr-cDXHP-2SpClgHtg-VFDStdMtr,None,,,Each
NE-HVAC-Unitary-addVFDExMtr,SCn,Ex,CZ10,cDXHP,0,NE-HV_AirDist-SupFanMtr-cDXHP-2SpClgHtg-Cnst,None,,None,NE-HV_AirDist-SupFanMtr-cDXHP-2SpClgHtg-VFDExMtr,None,,,Each
NE-HVAC-Unitary-addVFDPMMtr,SCn,Ex,CZ10,cDXHP,0,NE-HV_AirDist-SupFanMtr-cDXHP-2SpClgHtg-Cnst,None,,None,NE-HV_AirDist-SupFanMtr-cDXHP-2SpClgHtg-VFDPMMtr,None,,,Each
NE-HVAC-Unitary-addVFDStdMtr,SCn,Ex,CZ10,cDXHP,0,NE-HV_AirDist-SupFanMtr-cDXHP-2SpClgHtg-Cnst,None,,None,NE-HV_AirDist-SupFanMtr-cDXHP-2SpClgHtg-VFDStdMtr,None,,,Each
NE-HVAC-Unitary-addVFDExMtr,SCn,Ex,CZ09,cDXHP,0,NE-HV_AirDist-SupFanMtr-cDXHP-2SpClgHtg-Cnst,None,,None,NE-HV_AirDist-SupFanMtr-cDXHP-2SpClgHtg-VFDExMtr,None,,,Each
NE-HVAC-Unitary-addVFDPMMtr,SCn,Ex,CZ09,cDXHP,0,NE-HV_AirDist-SupFanMtr-cDXHP-2SpClgHtg-Cnst,None,,None,NE-HV_AirDist-SupFanMtr-cDXHP-2SpClgHtg-VFDPMMtr,None,,,Each
NE-HVAC-Unitary-addVFDStdMtr,SCn,Ex,CZ09,cDXHP,0,NE-HV_AirDist-SupFanMtr-cDXHP-2SpClgHtg-Cnst,None,,None,NE-HV_AirDist-SupFanMtr-cDXHP-2SpClgHtg-VFDStdMtr,None,,,Each
NE-HVAC-Unitary-addVFDExMtr,SCn,Ex,CZ08,cDXHP,0,NE-HV_AirDist-SupFanMtr-cDXHP-2SpClgHtg-Cnst,None,,None,NE-HV_AirDist-SupFanMtr-cDXHP-2SpClgHtg-VFDExMtr,None,,,Each
NE-HVAC-Unitary-addVFDPMMtr,SCn,Ex,CZ08,cDXHP,0,NE-HV_AirDist-SupFanMtr-cDXHP-2SpClgHtg-Cnst,None,,None,NE-HV_AirDist-SupFanMtr-cDXHP-2SpClgHtg-VFDPMMtr,None,,,Each
NE-HVAC-Unitary-addVFDStdMtr,SCn,Ex,CZ08,cDXHP,0,NE-HV_AirDist-SupFanMtr-cDXHP-2SpClgHtg-Cnst,None,,None,NE-HV_AirDist-SupFanMtr-cDXHP-2SpClgHtg-VFDStdMtr,None,,,Each
NE-HVAC-Unitary-addVFDExMtr,SCn,Ex,CZ07,cDXHP,0,NE-HV_AirDist-SupFanMtr-cDXHP-2SpClgHtg-Cnst,None,,None,NE-HV_AirDist-SupFanMtr-cDXHP-2SpClgHtg-VFDExMtr,None,,,Each
NE-HVAC-Unitary-addVFDPMMtr,SCn,Ex,CZ07,cDXHP,0,NE-HV_AirDist-SupFanMtr-cDXHP-2SpClgHtg-Cnst,None,,None,NE-HV_AirDist-SupFanMtr-cDXHP-2SpClgHtg-VFDPMMtr,None,,,Each
NE-HVAC-Unitary-addVFDStdMtr,SCn,Ex,CZ07,cDXHP,0,NE-HV_AirDist-SupFanMtr-cDXHP-2SpClgHtg-Cnst,None,,None,NE-HV_AirDist-SupFanMtr-cDXHP-2SpClgHtg-VFDStdMtr,None,,,Each
NE-HVAC-Unitary-addVFDExMtr,SCn,Ex,CZ06,cDXHP,0,NE-HV_AirDist-SupFanMtr-cDXHP-2SpClgHtg-Cnst,None,,None,NE-HV_AirDist-SupFanMtr-cDXHP-2SpClgHtg-VFDExMtr,None,,,Each
NE-HVAC-Unitary-addVFDPMMtr,SCn,Ex,CZ06,cDXHP,0,NE-HV_AirDist-SupFanMtr-cDXHP-2SpClgHtg-Cnst,None,,None,NE-HV_AirDist-SupFanMtr-cDXHP-2SpClgHtg-VFDPMMtr,None,,,Each
NE-HVAC-Unitary-addVFDStdMtr,SCn,Ex,CZ06,cDXHP,0,NE-HV_AirDist-SupFanMtr-cDXHP-2SpClgHtg-Cnst,None,,None,NE-HV_AirDist-SupFanMtr-cDXHP-2SpClgHtg-VFDStdMtr,None,,,Each
NE-HVAC-Unitary-addVFDExMtr,SCn,Ex,CZ05,cDXHP,0,NE-HV_AirDist-SupFanMtr-cDXHP-2SpClgHtg-Cnst,None,,None,NE-HV_AirDist-SupFanMtr-cDXHP-2SpClgHtg-VFDExMtr,None,,,Each
NE-HVAC-Unitary-addVFDPMMtr,SCn,Ex,CZ05,cDXHP,0,NE-HV_AirDist-SupFanMtr-cDXHP-2SpClgHtg-Cnst,None,,None,NE-HV_AirDist-SupFanMtr-cDXHP-2SpClgHtg-VFDPMMtr,None,,,Each
NE-HVAC-Unitary-addVFDStdMtr,SCn,Ex,CZ05,cDXHP,0,NE-HV_AirDist-SupFanMtr-cDXHP-2SpClgHtg-Cnst,None,,None,NE-HV_AirDist-SupFanMtr-cDXHP-2SpClgHtg-VFDStdMtr,None,,,Each
NE-HVAC-Unitary-addVFDExMtr,SCn,Ex,CZ04,cDXHP,0,NE-HV_AirDist-SupFanMtr-cDXHP-2SpClgHtg-Cnst,None,,None,NE-HV_AirDist-SupFanMtr-cDXHP-2SpClgHtg-VFDExMtr,None,,,Each
NE-HVAC-Unitary-addVFDPMMtr,SCn,Ex,CZ04,cDXHP,0,NE-HV_AirDist-SupFanMtr-cDXHP-2SpClgHtg-Cnst,None,,None,NE-HV_AirDist-SupFanMtr-cDXHP-2SpClgHtg-VFDPMMtr,None,,,Each
NE-HVAC-Unitary-addVFDStdMtr,SCn,Ex,CZ04,cDXHP,0,NE-HV_AirDist-SupFanMtr-cDXHP-2SpClgHtg-Cnst,None,,None,NE-HV_AirDist-SupFanMtr-cDXHP-2SpClgHtg-VFDStdMtr,None,,,Each
NE-HVAC-Unitary-addVFDExMtr,SCn,Ex,CZ03,cDXHP,0,NE-HV_AirDist-SupFanMtr-cDXHP-2SpClgHtg-Cnst,None,,None,NE-HV_AirDist-SupFanMtr-cDXHP-2SpClgHtg-VFDExMtr,None,,,Each
NE-HVAC-Unitary-addVFDPMMtr,SCn,Ex,CZ03,cDXHP,0,NE-HV_AirDist-SupFanMtr-cDXHP-2SpClgHtg-Cnst,None,,None,NE-HV_AirDist-SupFanMtr-cDXHP-2SpClgHtg-VFDPMMtr,None,,,Each
NE-HVAC-Unitary-addVFDStdMtr,SCn,Ex,CZ03,cDXHP,0,NE-HV_AirDist-SupFanMtr-cDXHP-2SpClgHtg-Cnst,None,,None,NE-HV_AirDist-SupFanMtr-cDXHP-2SpClgHtg-VFDStdMtr,None,,,Each
NE-HVAC-Unitary-addVFDExMtr,SCn,Ex,CZ02,cDXHP,0,NE-HV_AirDist-SupFanMtr-cDXHP-2SpClgHtg-Cnst,None,,None,NE-HV_AirDist-SupFanMtr-cDXHP-2SpClgHtg-VFDExMtr,None,,,Each
NE-HVAC-Unitary-addVFDPMMtr,SCn,Ex,CZ02,cDXHP,0,NE-HV_AirDist-SupFanMtr-cDXHP-2SpClgHtg-Cnst,None,,None,NE-HV_AirDist-SupFanMtr-cDXHP-2SpClgHtg-VFDPMMtr,None,,,Each
NE-HVAC-Unitary-addVFDStdMtr,SCn,Ex,CZ02,cDXHP,0,NE-HV_AirDist-SupFanMtr-cDXHP-2SpClgHtg-Cnst,None,,None,NE-HV_AirDist-SupFanMtr-cDXHP-2SpClgHtg-VFDStdMtr,None,,,Each
NE-HVAC-Unitary-addVFDExMtr,SCn,Ex,CZ01,cDXHP,0,NE-HV_AirDist-SupFanMtr-cDXHP-2SpClgHtg-Cnst,None,,None,NE-HV_AirDist-SupFanMtr-cDXHP-2SpClgHtg-VFDExMtr,None,,,Each
NE-HVAC-Unitary-addVFDPMMtr,SCn,Ex,CZ01,cDXHP,0,NE-HV_AirDist-SupFanMtr-cDXHP-2SpClgHtg-Cnst,None,,None,NE-HV_AirDist-SupFanMtr-cDXHP-2SpClgHtg-VFDPMMtr,None,,,Each
NE-HVAC-Unitary-addVFDStdMtr,SCn,Ex,CZ01,cDXHP,0,NE-HV_AirDist-SupFanMtr-cDXHP-2SpClgHtg-Cnst,None,,None,NE-HV_AirDist-SupFanMtr-cDXHP-2SpClgHtg-VFDStdMtr,None,,,Each
NE-HVAC-Unitary-addVFDExMtr,SCn,Ex,CZ16,cDXGF,0,NE-HV_AirDist-SupFanMtr-cDXGF-2SpClgHtg-Cnst,None,,None,NE-HV_AirDist-SupFanMtr-cDXGF-2SpClgHtg-VFDExMtr,None,,,Each
NE-HVAC-Unitary-addVFDPMMtr,SCn,Ex,CZ16,cDXGF,0,NE-HV_AirDist-SupFanMtr-cDXGF-2SpClgHtg-Cnst,None,,None,NE-HV_AirDist-SupFanMtr-cDXGF-2SpClgHtg-VFDPMMtr,None,,,Each
NE-HVAC-Unitary-addVFDStdMtr,SCn,Ex,CZ16,cDXGF,0,NE-HV_AirDist-SupFanMtr-cDXGF-2SpClgHtg-Cnst,None,,None,NE-HV_AirDist-SupFanMtr-cDXGF-2SpClgHtg-VFDStdMtr,None,,,Each
NE-HVAC-Unitary-addVFDExMtr,SCn,Ex,CZ15,cDXGF,0,NE-HV_AirDist-SupFanMtr-cDXGF-2SpClgHtg-Cnst,None,,None,NE-HV_AirDist-SupFanMtr-cDXGF-2SpClgHtg-VFDExMtr,None,,,Each
NE-HVAC-Unitary-addVFDPMMtr,SCn,Ex,CZ15,cDXGF,0,NE-HV_AirDist-SupFanMtr-cDXGF-2SpClgHtg-Cnst,None,,None,NE-HV_AirDist-SupFanMtr-cDXGF-2SpClgHtg-VFDPMMtr,None,,,Each
NE-HVAC-Unitary-addVFDStdMtr,SCn,Ex,CZ15,cDXGF,0,NE-HV_AirDist-SupFanMtr-cDXGF-2SpClgHtg-Cnst,None,,None,NE-HV_AirDist-SupFanMtr-cDXGF-2SpClgHtg-VFDStdMtr,None,,,Each
NE-HVAC-Unitary-addVFDExMtr,SCn,Ex,CZ14,cDXGF,0,NE-HV_AirDist-SupFanMtr-cDXGF-2SpClgHtg-Cnst,None,,None,NE-HV_AirDist-SupFanMtr-cDXGF-2SpClgHtg-VFDExMtr,None,,,Each
NE-HVAC-Unitary-addVFDPMMtr,SCn,Ex,CZ14,cDXGF,0,NE-HV_AirDist-SupFanMtr-cDXGF-2SpClgHtg-Cnst,None,,None,NE-HV_AirDist-SupFanMtr-cDXGF-2SpClgHtg-VFDPMMtr,None,,,Each
NE-HVAC-Unitary-addVFDStdMtr,SCn,Ex,CZ14,cDXGF,0,NE-HV_AirDist-SupFanMtr-cDXGF-2SpClgHtg-Cnst,None,,None,NE-HV_AirDist-SupFanMtr-cDXGF-2SpClgHtg-VFDStdMtr,None,,,Each
NE-HVAC-Unitary-addVFDExMtr,SCn,Ex,CZ13,cDXGF,0,NE-HV_AirDist-SupFanMtr-cDXGF-2SpClgHtg-Cnst,None,,None,NE-HV_AirDist-SupFanMtr-cDXGF-2SpClgHtg-VFDExMtr,None,,,Each
NE-HVAC-Unitary-addVFDPMMtr,SCn,Ex,CZ13,cDXGF,0,NE-HV_AirDist-SupFanMtr-cDXGF-2SpClgHtg-Cnst,None,,None,NE-HV_AirDist-SupFanMtr-cDXGF-2SpClgHtg-VFDPMMtr,None,,,Each
NE-HVAC-Unitary-addVFDStdMtr,SCn,Ex,CZ13,cDXGF,0,NE-HV_AirDist-SupFanMtr-cDXGF-2SpClgHtg-Cnst,None,,None,NE-HV_AirDist-SupFanMtr-cDXGF-2SpClgHtg-VFDStdMtr,None,,,Each
NE-HVAC-Unitary-addVFDExMtr,SCn,Ex,CZ12,cDXGF,0,NE-HV_AirDist-SupFanMtr-cDXGF-2SpClgHtg-Cnst,None,,None,NE-HV_AirDist-SupFanMtr-cDXGF-2SpClgHtg-VFDExMtr,None,,,Each
NE-HVAC-Unitary-addVFDPMMtr,SCn,Ex,CZ12,cDXGF,0,NE-HV_AirDist-SupFanMtr-cDXGF-2SpClgHtg-Cnst,None,,None,NE-HV_AirDist-SupFanMtr-cDXGF-2SpClgHtg-VFDPMMtr,None,,,Each
NE-HVAC-Unitary-addVFDStdMtr,SCn,Ex,CZ12,cDXGF,0,NE-HV_AirDist-SupFanMtr-cDXGF-2SpClgHtg-Cnst,None,,None,NE-HV_AirDist-SupFanMtr-cDXGF-2SpClgHtg-VFDStdMtr,None,,,Each
NE-HVAC-Unitary-addVFDExMtr,SCn,Ex,CZ11,cDXGF,0,NE-HV_AirDist-SupFanMtr-cDXGF-2SpClgHtg-Cnst,None,,None,NE-HV_AirDist-SupFanMtr-cDXGF-2SpClgHtg-VFDExMtr,None,,,Each
NE-HVAC-Unitary-addVFDPMMtr,SCn,Ex,CZ11,cDXGF,0,NE-HV_AirDist-SupFanMtr-cDXGF-2SpClgHtg-Cnst,None,,None,NE-HV_AirDist-SupFanMtr-cDXGF-2SpClgHtg-VFDPMMtr,None,,,Each
NE-HVAC-Unitary-addVFDStdMtr,SCn,Ex,CZ11,cDXGF,0,NE-HV_AirDist-SupFanMtr-cDXGF-2SpClgHtg-Cnst,None,,None,NE-HV_AirDist-SupFanMtr-cDXGF-2SpClgHtg-VFDStdMtr,None,,,Each
NE-HVAC-Unitary-addVFDExMtr,SCn,Ex,CZ10,cDXGF,0,NE-HV_AirDist-SupFanMtr-cDXGF-2SpClgHtg-Cnst,None,,None,NE-HV_AirDist-SupFanMtr-cDXGF-2SpClgHtg-VFDExMtr,None,,,Each
NE-HVAC-Unitary-addVFDPMMtr,SCn,Ex,CZ10,cDXGF,0,NE-HV_AirDist-SupFanMtr-cDXGF-2SpClgHtg-Cnst,None,,None,NE-HV_AirDist-SupFanMtr-cDXGF-2SpClgHtg-VFDPMMtr,None,,,Each
NE-HVAC-Unitary-addVFDStdMtr,SCn,Ex,CZ10,cDXGF,0,NE-HV_AirDist-SupFanMtr-cDXGF-2SpClgHtg-Cnst,None,,None,NE-HV_AirDist-SupFanMtr-cDXGF-2SpClgHtg-VFDStdMtr,None,,,Each
NE-HVAC-Unitary-addVFDExMtr,SCn,Ex,CZ09,cDXGF,0,NE-HV_AirDist-SupFanMtr-cDXGF-2SpClgHtg-Cnst,None,,None,NE-HV_AirDist-SupFanMtr-cDXGF-2SpClgHtg-VFDExMtr,None,,,Each
NE-HVAC-Unitary-addVFDPMMtr,SCn,Ex,CZ09,cDXGF,0,NE-HV_AirDist-SupFanMtr-cDXGF-2SpClgHtg-Cnst,None,,None,NE-HV_AirDist-SupFanMtr-cDXGF-2SpClgHtg-VFDPMMtr,None,,,Each
NE-HVAC-Unitary-addVFDStdMtr,SCn,Ex,CZ09,cDXGF,0,NE-HV_AirDist-SupFanMtr-cDXGF-2SpClgHtg-Cnst,None,,None,NE-HV_AirDist-SupFanMtr-cDXGF-2SpClgHtg-VFDStdMtr,None,,,Each
NE-HVAC-Unitary-addVFDExMtr,SCn,Ex,CZ08,cDXGF,0,NE-HV_AirDist-SupFanMtr-cDXGF-2SpClgHtg-Cnst,None,,None,NE-HV_AirDist-SupFanMtr-cDXGF-2SpClgHtg-VFDExMtr,None,,,Each
NE-HVAC-Unitary-addVFDPMMtr,SCn,Ex,CZ08,cDXGF,0,NE-HV_AirDist-SupFanMtr-cDXGF-2SpClgHtg-Cnst,None,,None,NE-HV_AirDist-SupFanMtr-cDXGF-2SpClgHtg-VFDPMMtr,None,,,Each
NE-HVAC-Unitary-addVFDStdMtr,SCn,Ex,CZ08,cDXGF,0,NE-HV_AirDist-SupFanMtr-cDXGF-2SpClgHtg-Cnst,None,,None,NE-HV_AirDist-SupFanMtr-cDXGF-2SpClgHtg-VFDStdMtr,None,,,Each
NE-HVAC-Unitary-addVFDExMtr,SCn,Ex,CZ07,cDXGF,0,NE-HV_AirDist-SupFanMtr-cDXGF-2SpClgHtg-Cnst,None,,None,NE-HV_AirDist-SupFanMtr-cDXGF-2SpClgHtg-VFDExMtr,None,,,Each
NE-HVAC-Unitary-addVFDPMMtr,SCn,Ex,CZ07,cDXGF,0,NE-HV_AirDist-SupFanMtr-cDXGF-2SpClgHtg-Cnst,None,,None,NE-HV_AirDist-SupFanMtr-cDXGF-2SpClgHtg-VFDPMMtr,None,,,Each
NE-HVAC-Unitary-addVFDStdMtr,SCn,Ex,CZ07,cDXGF,0,NE-HV_AirDist-SupFanMtr-cDXGF-2SpClgHtg-Cnst,None,,None,NE-HV_AirDist-SupFanMtr-cDXGF-2SpClgHtg-VFDStdMtr,None,,,Each
NE-HVAC-Unitary-addVFDExMtr,SCn,Ex,CZ06,cDXGF,0,NE-HV_AirDist-SupFanMtr-cDXGF-2SpClgHtg-Cnst,None,,None,NE-HV_AirDist-SupFanMtr-cDXGF-2SpClgHtg-VFDExMtr,None,,,Each
NE-HVAC-Unitary-addVFDPMMtr,SCn,Ex,CZ06,cDXGF,0,NE-HV_AirDist-SupFanMtr-cDXGF-2SpClgHtg-Cnst,None,,None,NE-HV_AirDist-SupFanMtr-cDXGF-2SpClgHtg-VFDPMMtr,None,,,Each
NE-HVAC-Unitary-addVFDStdMtr,SCn,Ex,CZ06,cDXGF,0,NE-HV_AirDist-SupFanMtr-cDXGF-2SpClgHtg-Cnst,None,,None,NE-HV_AirDist-SupFanMtr-cDXGF-2SpClgHtg-VFDStdMtr,None,,,Each
NE-HVAC-Unitary-addVFDExMtr,SCn,Ex,CZ05,cDXGF,0,NE-HV_AirDist-SupFanMtr-cDXGF-2SpClgHtg-Cnst,None,,None,NE-HV_AirDist-SupFanMtr-cDXGF-2SpClgHtg-VFDExMtr,None,,,Each
NE-HVAC-Unitary-addVFDPMMtr,SCn,Ex,CZ05,cDXGF,0,NE-HV_AirDist-SupFanMtr-cDXGF-2SpClgHtg-Cnst,None,,None,NE-HV_AirDist-SupFanMtr-cDXGF-2SpClgHtg-VFDPMMtr,None,,,Each
NE-HVAC-Unitary-addVFDStdMtr,SCn,Ex,CZ05,cDXGF,0,NE-HV_AirDist-SupFanMtr-cDXGF-2SpClgHtg-Cnst,None,,None,NE-HV_AirDist-SupFanMtr-cDXGF-2SpClgHtg-VFDStdMtr,None,,,Each
NE-HVAC-Unitary-addVFDExMtr,SCn,Ex,CZ04,cDXGF,0,NE-HV_AirDist-SupFanMtr-cDXGF-2SpClgHtg-Cnst,None,,None,NE-HV_AirDist-SupFanMtr-cDXGF-2SpClgHtg-VFDExMtr,None,,,Each
NE-HVAC-Unitary-addVFDPMMtr,SCn,Ex,CZ04,cDXGF,0,NE-HV_AirDist-SupFanMtr-cDXGF-2SpClgHtg-Cnst,None,,None,NE-HV_AirDist-SupFanMtr-cDXGF-2SpClgHtg-VFDPMMtr,None,,,Each
NE-HVAC-Unitary-addVFDStdMtr,SCn,Ex,CZ04,cDXGF,0,NE-HV_AirDist-SupFanMtr-cDXGF-2SpClgHtg-Cnst,None,,None,NE-HV_AirDist-SupFanMtr-cDXGF-2SpClgHtg-VFDStdMtr,None,,,Each
NE-HVAC-Unitary-addVFDExMtr,SCn,Ex,CZ03,cDXGF,0,NE-HV_AirDist-SupFanMtr-cDXGF-2SpClgHtg-Cnst,None,,None,NE-HV_AirDist-SupFanMtr-cDXGF-2SpClgHtg-VFDExMtr,None,,,Each
NE-HVAC-Unitary-addVFDPMMtr,SCn,Ex,CZ03,cDXGF,0,NE-HV_AirDist-SupFanMtr-cDXGF-2SpClgHtg-Cnst,None,,None,NE-HV_AirDist-SupFanMtr-cDXGF-2SpClgHtg-VFDPMMtr,None,,,Each
NE-HVAC-Unitary-addVFDStdMtr,SCn,Ex,CZ03,cDXGF,0,NE-HV_AirDist-SupFanMtr-cDXGF-2SpClgHtg-Cnst,None,,None,NE-HV_AirDist-SupFanMtr-cDXGF-2SpClgHtg-VFDStdMtr,None,,,Each
NE-HVAC-Unitary-addVFDExMtr,SCn,Ex,CZ02,cDXGF,0,NE-HV_AirDist-SupFanMtr-cDXGF-2SpClgHtg-Cnst,None,,None,NE-HV_AirDist-SupFanMtr-cDXGF-2SpClgHtg-VFDExMtr,None,,,Each
NE-HVAC-Unitary-addVFDPMMtr,SCn,Ex,CZ02,cDXGF,0,NE-HV_AirDist-SupFanMtr-cDXGF-2SpClgHtg-Cnst,None,,None,NE-HV_AirDist-SupFanMtr-cDXGF-2SpClgHtg-VFDPMMtr,None,,,Each
NE-HVAC-Unitary-addVFDStdMtr,SCn,Ex,CZ02,cDXGF,0,NE-HV_AirDist-SupFanMtr-cDXGF-2SpClgHtg-Cnst,None,,None,NE-HV_AirDist-SupFanMtr-cDXGF-2SpClgHtg-VFDStdMtr,None,,,Each
NE-HVAC-Unitary-addVFDExMtr,SCn,Ex,CZ01,cDXGF,0,NE-HV_AirDist-SupFanMtr-cDXGF-2SpClgHtg-Cnst,None,,None,NE-HV_AirDist-SupFanMtr-cDXGF-2SpClgHtg-VFDExMtr,None,,,Each
NE-HVAC-Unitary-addVFDPMMtr,SCn,Ex,CZ01,cDXGF,0,NE-HV_AirDist-SupFanMtr-cDXGF-2SpClgHtg-Cnst,None,,None,NE-HV_AirDist-SupFanMtr-cDXGF-2SpClgHtg-VFDPMMtr,None,,,Each
NE-HVAC-Unitary-addVFDStdMtr,SCn,Ex,CZ01,cDXGF,0,NE-HV_AirDist-SupFanMtr-cDXGF-2SpClgHtg-Cnst,None,,None,NE-HV_AirDist-SupFanMtr-cDXGF-2SpClgHtg-VFDStdMtr,None,,,Each
NE-HVAC-Unitary-addVFDExMtr,RtS,Ex,CZ16,cDXOH,0,NE-HV_AirDist-SupFanMtr-cDXOH-2SpClgHtg-Cnst,None,,None,NE-HV_AirDist-SupFanMtr-cDXOH-2SpClgHtg-VFDExMtr,None,,,Each
NE-HVAC-Unitary-addVFDPMMtr,RtS,Ex,CZ16,cDXOH,0,NE-HV_AirDist-SupFanMtr-cDXOH-2SpClgHtg-Cnst,None,,None,NE-HV_AirDist-SupFanMtr-cDXOH-2SpClgHtg-VFDPMMtr,None,,,Each
NE-HVAC-Unitary-addVFDStdMtr,RtS,Ex,CZ16,cDXOH,0,NE-HV_AirDist-SupFanMtr-cDXOH-2SpClgHtg-Cnst,None,,None,NE-HV_AirDist-SupFanMtr-cDXOH-2SpClgHtg-VFDStdMtr,None,,,Each
NE-HVAC-Unitary-addVFDExMtr,RtS,Ex,CZ15,cDXOH,0,NE-HV_AirDist-SupFanMtr-cDXOH-2SpClgHtg-Cnst,None,,None,NE-HV_AirDist-SupFanMtr-cDXOH-2SpClgHtg-VFDExMtr,None,,,Each
NE-HVAC-Unitary-addVFDPMMtr,RtS,Ex,CZ15,cDXOH,0,NE-HV_AirDist-SupFanMtr-cDXOH-2SpClgHtg-Cnst,None,,None,NE-HV_AirDist-SupFanMtr-cDXOH-2SpClgHtg-VFDPMMtr,None,,,Each
NE-HVAC-Unitary-addVFDStdMtr,RtS,Ex,CZ15,cDXOH,0,NE-HV_AirDist-SupFanMtr-cDXOH-2SpClgHtg-Cnst,None,,None,NE-HV_AirDist-SupFanMtr-cDXOH-2SpClgHtg-VFDStdMtr,None,,,Each
NE-HVAC-Unitary-addVFDExMtr,RtS,Ex,CZ14,cDXOH,0,NE-HV_AirDist-SupFanMtr-cDXOH-2SpClgHtg-Cnst,None,,None,NE-HV_AirDist-SupFanMtr-cDXOH-2SpClgHtg-VFDExMtr,None,,,Each
NE-HVAC-Unitary-addVFDPMMtr,RtS,Ex,CZ14,cDXOH,0,NE-HV_AirDist-SupFanMtr-cDXOH-2SpClgHtg-Cnst,None,,None,NE-HV_AirDist-SupFanMtr-cDXOH-2SpClgHtg-VFDPMMtr,None,,,Each
NE-HVAC-Unitary-addVFDStdMtr,RtS,Ex,CZ14,cDXOH,0,NE-HV_AirDist-SupFanMtr-cDXOH-2SpClgHtg-Cnst,None,,None,NE-HV_AirDist-SupFanMtr-cDXOH-2SpClgHtg-VFDStdMtr,None,,,Each
NE-HVAC-Unitary-addVFDExMtr,RtS,Ex,CZ13,cDXOH,0,NE-HV_AirDist-SupFanMtr-cDXOH-2SpClgHtg-Cnst,None,,None,NE-HV_AirDist-SupFanMtr-cDXOH-2SpClgHtg-VFDExMtr,None,,,Each
NE-HVAC-Unitary-addVFDPMMtr,RtS,Ex,CZ13,cDXOH,0,NE-HV_AirDist-SupFanMtr-cDXOH-2SpClgHtg-Cnst,None,,None,NE-HV_AirDist-SupFanMtr-cDXOH-2SpClgHtg-VFDPMMtr,None,,,Each
NE-HVAC-Unitary-addVFDStdMtr,RtS,Ex,CZ13,cDXOH,0,NE-HV_AirDist-SupFanMtr-cDXOH-2SpClgHtg-Cnst,None,,None,NE-HV_AirDist-SupFanMtr-cDXOH-2SpClgHtg-VFDStdMtr,None,,,Each
NE-HVAC-Unitary-addVFDExMtr,RtS,Ex,CZ12,cDXOH,0,NE-HV_AirDist-SupFanMtr-cDXOH-2SpClgHtg-Cnst,None,,None,NE-HV_AirDist-SupFanMtr-cDXOH-2SpClgHtg-VFDExMtr,None,,,Each
NE-HVAC-Unitary-addVFDPMMtr,RtS,Ex,CZ12,cDXOH,0,NE-HV_AirDist-SupFanMtr-cDXOH-2SpClgHtg-Cnst,None,,None,NE-HV_AirDist-SupFanMtr-cDXOH-2SpClgHtg-VFDPMMtr,None,,,Each
NE-HVAC-Unitary-addVFDStdMtr,RtS,Ex,CZ12,cDXOH,0,NE-HV_AirDist-SupFanMtr-cDXOH-2SpClgHtg-Cnst,None,,None,NE-HV_AirDist-SupFanMtr-cDXOH-2SpClgHtg-VFDStdMtr,None,,,Each
NE-HVAC-Unitary-addVFDExMtr,RtS,Ex,CZ11,cDXOH,0,NE-HV_AirDist-SupFanMtr-cDXOH-2SpClgHtg-Cnst,None,,None,NE-HV_AirDist-SupFanMtr-cDXOH-2SpClgHtg-VFDExMtr,None,,,Each
NE-HVAC-Unitary-addVFDPMMtr,RtS,Ex,CZ11,cDXOH,0,NE-HV_AirDist-SupFanMtr-cDXOH-2SpClgHtg-Cnst,None,,None,NE-HV_AirDist-SupFanMtr-cDXOH-2SpClgHtg-VFDPMMtr,None,,,Each
NE-HVAC-Unitary-addVFDStdMtr,RtS,Ex,CZ11,cDXOH,0,NE-HV_AirDist-SupFanMtr-cDXOH-2SpClgHtg-Cnst,None,,None,NE-HV_AirDist-SupFanMtr-cDXOH-2SpClgHtg-VFDStdMtr,None,,,Each
NE-HVAC-Unitary-addVFDExMtr,RtS,Ex,CZ10,cDXOH,0,NE-HV_AirDist-SupFanMtr-cDXOH-2SpClgHtg-Cnst,None,,None,NE-HV_AirDist-SupFanMtr-cDXOH-2SpClgHtg-VFDExMtr,None,,,Each
NE-HVAC-Unitary-addVFDPMMtr,RtS,Ex,CZ10,cDXOH,0,NE-HV_AirDist-SupFanMtr-cDXOH-2SpClgHtg-Cnst,None,,None,NE-HV_AirDist-SupFanMtr-cDXOH-2SpClgHtg-VFDPMMtr,None,,,Each
NE-HVAC-Unitary-addVFDStdMtr,RtS,Ex,CZ10,cDXOH,0,NE-HV_AirDist-SupFanMtr-cDXOH-2SpClgHtg-Cnst,None,,None,NE-HV_AirDist-SupFanMtr-cDXOH-2SpClgHtg-VFDStdMtr,None,,,Each
NE-HVAC-Unitary-addVFDExMtr,RtS,Ex,CZ09,cDXOH,0,NE-HV_AirDist-SupFanMtr-cDXOH-2SpClgHtg-Cnst,None,,None,NE-HV_AirDist-SupFanMtr-cDXOH-2SpClgHtg-VFDExMtr,None,,,Each
NE-HVAC-Unitary-addVFDPMMtr,RtS,Ex,CZ09,cDXOH,0,NE-HV_AirDist-SupFanMtr-cDXOH-2SpClgHtg-Cnst,None,,None,NE-HV_AirDist-SupFanMtr-cDXOH-2SpClgHtg-VFDPMMtr,None,,,Each
NE-HVAC-Unitary-addVFDStdMtr,RtS,Ex,CZ09,cDXOH,0,NE-HV_AirDist-SupFanMtr-cDXOH-2SpClgHtg-Cnst,None,,None,NE-HV_AirDist-SupFanMtr-cDXOH-2SpClgHtg-VFDStdMtr,None,,,Each
NE-HVAC-Unitary-addVFDExMtr,RtS,Ex,CZ08,cDXOH,0,NE-HV_AirDist-SupFanMtr-cDXOH-2SpClgHtg-Cnst,None,,None,NE-HV_AirDist-SupFanMtr-cDXOH-2SpClgHtg-VFDExMtr,None,,,Each
NE-HVAC-Unitary-addVFDPMMtr,RtS,Ex,CZ08,cDXOH,0,NE-HV_AirDist-SupFanMtr-cDXOH-2SpClgHtg-Cnst,None,,None,NE-HV_AirDist-SupFanMtr-cDXOH-2SpClgHtg-VFDPMMtr,None,,,Each
NE-HVAC-Unitary-addVFDStdMtr,RtS,Ex,CZ08,cDXOH,0,NE-HV_AirDist-SupFanMtr-cDXOH-2SpClgHtg-Cnst,None,,None,NE-HV_AirDist-SupFanMtr-cDXOH-2SpClgHtg-VFDStdMtr,None,,,Each
NE-HVAC-Unitary-addVFDExMtr,RtS,Ex,CZ07,cDXOH,0,NE-HV_AirDist-SupFanMtr-cDXOH-2SpClgHtg-Cnst,None,,None,NE-HV_AirDist-SupFanMtr-cDXOH-2SpClgHtg-VFDExMtr,None,,,Each
NE-HVAC-Unitary-addVFDPMMtr,RtS,Ex,CZ07,cDXOH,0,NE-HV_AirDist-SupFanMtr-cDXOH-2SpClgHtg-Cnst,None,,None,NE-HV_AirDist-SupFanMtr-cDXOH-2SpClgHtg-VFDPMMtr,None,,,Each
NE-HVAC-Unitary-addVFDStdMtr,RtS,Ex,CZ07,cDXOH,0,NE-HV_AirDist-SupFanMtr-cDXOH-2SpClgHtg-Cnst,None,,None,NE-HV_AirDist-SupFanMtr-cDXOH-2SpClgHtg-VFDStdMtr,None,,,Each
NE-HVAC-Unitary-addVFDExMtr,RtS,Ex,CZ06,cDXOH,0,NE-HV_AirDist-SupFanMtr-cDXOH-2SpClgHtg-Cnst,None,,None,NE-HV_AirDist-SupFanMtr-cDXOH-2SpClgHtg-VFDExMtr,None,,,Each
NE-HVAC-Unitary-addVFDPMMtr,RtS,Ex,CZ06,cDXOH,0,NE-HV_AirDist-SupFanMtr-cDXOH-2SpClgHtg-Cnst,None,,None,NE-HV_AirDist-SupFanMtr-cDXOH-2SpClgHtg-VFDPMMtr,None,,,Each
NE-HVAC-Unitary-addVFDStdMtr,RtS,Ex,CZ06,cDXOH,0,NE-HV_AirDist-SupFanMtr-cDXOH-2SpClgHtg-Cnst,None,,None,NE-HV_AirDist-SupFanMtr-cDXOH-2SpClgHtg-VFDStdMtr,None,,,Each
NE-HVAC-Unitary-addVFDExMtr,RtS,Ex,CZ05,cDXOH,0,NE-HV_AirDist-SupFanMtr-cDXOH-2SpClgHtg-Cnst,None,,None,NE-HV_AirDist-SupFanMtr-cDXOH-2SpClgHtg-VFDExMtr,None,,,Each
NE-HVAC-Unitary-addVFDPMMtr,RtS,Ex,CZ05,cDXOH,0,NE-HV_AirDist-SupFanMtr-cDXOH-2SpClgHtg-Cnst,None,,None,NE-HV_AirDist-SupFanMtr-cDXOH-2SpClgHtg-VFDPMMtr,None,,,Each
NE-HVAC-Unitary-addVFDStdMtr,RtS,Ex,CZ05,cDXOH,0,NE-HV_AirDist-SupFanMtr-cDXOH-2SpClgHtg-Cnst,None,,None,NE-HV_AirDist-SupFanMtr-cDXOH-2SpClgHtg-VFDStdMtr,None,,,Each
NE-HVAC-Unitary-addVFDExMtr,RtS,Ex,CZ04,cDXOH,0,NE-HV_AirDist-SupFanMtr-cDXOH-2SpClgHtg-Cnst,None,,None,NE-HV_AirDist-SupFanMtr-cDXOH-2SpClgHtg-VFDExMtr,None,,,Each
NE-HVAC-Unitary-addVFDPMMtr,RtS,Ex,CZ04,cDXOH,0,NE-HV_AirDist-SupFanMtr-cDXOH-2SpClgHtg-Cnst,None,,None,NE-HV_AirDist-SupFanMtr-cDXOH-2SpClgHtg-VFDPMMtr,None,,,Each
NE-HVAC-Unitary-addVFDStdMtr,RtS,Ex,CZ04,cDXOH,0,NE-HV_AirDist-SupFanMtr-cDXOH-2SpClgHtg-Cnst,None,,None,NE-HV_AirDist-SupFanMtr-cDXOH-2SpClgHtg-VFDStdMtr,None,,,Each
NE-HVAC-Unitary-addVFDExMtr,RtS,Ex,CZ03,cDXOH,0,NE-HV_AirDist-SupFanMtr-cDXOH-2SpClgHtg-Cnst,None,,None,NE-HV_AirDist-SupFanMtr-cDXOH-2SpClgHtg-VFDExMtr,None,,,Each
NE-HVAC-Unitary-addVFDPMMtr,RtS,Ex,CZ03,cDXOH,0,NE-HV_AirDist-SupFanMtr-cDXOH-2SpClgHtg-Cnst,None,,None,NE-HV_AirDist-SupFanMtr-cDXOH-2SpClgHtg-VFDPMMtr,None,,,Each
NE-HVAC-Unitary-addVFDStdMtr,RtS,Ex,CZ03,cDXOH,0,NE-HV_AirDist-SupFanMtr-cDXOH-2SpClgHtg-Cnst,None,,None,NE-HV_AirDist-SupFanMtr-cDXOH-2SpClgHtg-VFDStdMtr,None,,,Each
NE-HVAC-Unitary-addVFDExMtr,RtS,Ex,CZ02,cDXOH,0,NE-HV_AirDist-SupFanMtr-cDXOH-2SpClgHtg-Cnst,None,,None,NE-HV_AirDist-SupFanMtr-cDXOH-2SpClgHtg-VFDExMtr,None,,,Each
NE-HVAC-Unitary-addVFDPMMtr,RtS,Ex,CZ02,cDXOH,0,NE-HV_AirDist-SupFanMtr-cDXOH-2SpClgHtg-Cnst,None,,None,NE-HV_AirDist-SupFanMtr-cDXOH-2SpClgHtg-VFDPMMtr,None,,,Each
NE-HVAC-Unitary-addVFDStdMtr,RtS,Ex,CZ02,cDXOH,0,NE-HV_AirDist-SupFanMtr-cDXOH-2SpClgHtg-Cnst,None,,None,NE-HV_AirDist-SupFanMtr-cDXOH-2SpClgHtg-VFDStdMtr,None,,,Each
NE-HVAC-Unitary-addVFDExMtr,RtS,Ex,CZ01,cDXOH,0,NE-HV_AirDist-SupFanMtr-cDXOH-2SpClgHtg-Cnst,None,,None,NE-HV_AirDist-SupFanMtr-cDXOH-2SpClgHtg-VFDExMtr,None,,,Each
NE-HVAC-Unitary-addVFDPMMtr,RtS,Ex,CZ01,cDXOH,0,NE-HV_AirDist-SupFanMtr-cDXOH-2SpClgHtg-Cnst,None,,None,NE-HV_AirDist-SupFanMtr-cDXOH-2SpClgHtg-VFDPMMtr,None,,,Each
NE-HVAC-Unitary-addVFDStdMtr,RtS,Ex,CZ01,cDXOH,0,NE-HV_AirDist-SupFanMtr-cDXOH-2SpClgHtg-Cnst,None,,None,NE-HV_AirDist-SupFanMtr-cDXOH-2SpClgHtg-VFDStdMtr,None,,,Each
NE-HVAC-Unitary-addVFDExMtr,RtS,Ex,CZ16,cDXHP,0,NE-HV_AirDist-SupFanMtr-cDXHP-2SpClgHtg-Cnst,None,,None,NE-HV_AirDist-SupFanMtr-cDXHP-2SpClgHtg-VFDExMtr,None,,,Each
NE-HVAC-Unitary-addVFDPMMtr,RtS,Ex,CZ16,cDXHP,0,NE-HV_AirDist-SupFanMtr-cDXHP-2SpClgHtg-Cnst,None,,None,NE-HV_AirDist-SupFanMtr-cDXHP-2SpClgHtg-VFDPMMtr,None,,,Each
NE-HVAC-Unitary-addVFDStdMtr,RtS,Ex,CZ16,cDXHP,0,NE-HV_AirDist-SupFanMtr-cDXHP-2SpClgHtg-Cnst,None,,None,NE-HV_AirDist-SupFanMtr-cDXHP-2SpClgHtg-VFDStdMtr,None,,,Each
NE-HVAC-Unitary-addVFDExMtr,RtS,Ex,CZ15,cDXHP,0,NE-HV_AirDist-SupFanMtr-cDXHP-2SpClgHtg-Cnst,None,,None,NE-HV_AirDist-SupFanMtr-cDXHP-2SpClgHtg-VFDExMtr,None,,,Each
NE-HVAC-Unitary-addVFDPMMtr,RtS,Ex,CZ15,cDXHP,0,NE-HV_AirDist-SupFanMtr-cDXHP-2SpClgHtg-Cnst,None,,None,NE-HV_AirDist-SupFanMtr-cDXHP-2SpClgHtg-VFDPMMtr,None,,,Each
NE-HVAC-Unitary-addVFDStdMtr,RtS,Ex,CZ15,cDXHP,0,NE-HV_AirDist-SupFanMtr-cDXHP-2SpClgHtg-Cnst,None,,None,NE-HV_AirDist-SupFanMtr-cDXHP-2SpClgHtg-VFDStdMtr,None,,,Each
NE-HVAC-Unitary-addVFDExMtr,RtS,Ex,CZ14,cDXHP,0,NE-HV_AirDist-SupFanMtr-cDXHP-2SpClgHtg-Cnst,None,,None,NE-HV_AirDist-SupFanMtr-cDXHP-2SpClgHtg-VFDExMtr,None,,,Each
NE-HVAC-Unitary-addVFDPMMtr,RtS,Ex,CZ14,cDXHP,0,NE-HV_AirDist-SupFanMtr-cDXHP-2SpClgHtg-Cnst,None,,None,NE-HV_AirDist-SupFanMtr-cDXHP-2SpClgHtg-VFDPMMtr,None,,,Each
NE-HVAC-Unitary-addVFDStdMtr,RtS,Ex,CZ14,cDXHP,0,NE-HV_AirDist-SupFanMtr-cDXHP-2SpClgHtg-Cnst,None,,None,NE-HV_AirDist-SupFanMtr-cDXHP-2SpClgHtg-VFDStdMtr,None,,,Each
NE-HVAC-Unitary-addVFDExMtr,RtS,Ex,CZ13,cDXHP,0,NE-HV_AirDist-SupFanMtr-cDXHP-2SpClgHtg-Cnst,None,,None,NE-HV_AirDist-SupFanMtr-cDXHP-2SpClgHtg-VFDExMtr,None,,,Each
NE-HVAC-Unitary-addVFDPMMtr,RtS,Ex,CZ13,cDXHP,0,NE-HV_AirDist-SupFanMtr-cDXHP-2SpClgHtg-Cnst,None,,None,NE-HV_AirDist-SupFanMtr-cDXHP-2SpClgHtg-VFDPMMtr,None,,,Each
NE-HVAC-Unitary-addVFDStdMtr,RtS,Ex,CZ13,cDXHP,0,NE-HV_AirDist-SupFanMtr-cDXHP-2SpClgHtg-Cnst,None,,None,NE-HV_AirDist-SupFanMtr-cDXHP-2SpClgHtg-VFDStdMtr,None,,,Each
NE-HVAC-Unitary-addVFDExMtr,RtS,Ex,CZ12,cDXHP,0,NE-HV_AirDist-SupFanMtr-cDXHP-2SpClgHtg-Cnst,None,,None,NE-HV_AirDist-SupFanMtr-cDXHP-2SpClgHtg-VFDExMtr,None,,,Each
NE-HVAC-Unitary-addVFDPMMtr,RtS,Ex,CZ12,cDXHP,0,NE-HV_AirDist-SupFanMtr-cDXHP-2SpClgHtg-Cnst,None,,None,NE-HV_AirDist-SupFanMtr-cDXHP-2SpClgHtg-VFDPMMtr,None,,,Each
NE-HVAC-Unitary-addVFDStdMtr,RtS,Ex,CZ12,cDXHP,0,NE-HV_AirDist-SupFanMtr-cDXHP-2SpClgHtg-Cnst,None,,None,NE-HV_AirDist-SupFanMtr-cDXHP-2SpClgHtg-VFDStdMtr,None,,,Each
NE-HVAC-Unitary-addVFDExMtr,RtS,Ex,CZ11,cDXHP,0,NE-HV_AirDist-SupFanMtr-cDXHP-2SpClgHtg-Cnst,None,,None,NE-HV_AirDist-SupFanMtr-cDXHP-2SpClgHtg-VFDExMtr,None,,,Each
NE-HVAC-Unitary-addVFDPMMtr,RtS,Ex,CZ11,cDXHP,0,NE-HV_AirDist-SupFanMtr-cDXHP-2SpClgHtg-Cnst,None,,None,NE-HV_AirDist-SupFanMtr-cDXHP-2SpClgHtg-VFDPMMtr,None,,,Each
NE-HVAC-Unitary-addVFDStdMtr,RtS,Ex,CZ11,cDXHP,0,NE-HV_AirDist-SupFanMtr-cDXHP-2SpClgHtg-Cnst,None,,None,NE-HV_AirDist-SupFanMtr-cDXHP-2SpClgHtg-VFDStdMtr,None,,,Each
NE-HVAC-Unitary-addVFDExMtr,RtS,Ex,CZ10,cDXHP,0,NE-HV_AirDist-SupFanMtr-cDXHP-2SpClgHtg-Cnst,None,,None,NE-HV_AirDist-SupFanMtr-cDXHP-2SpClgHtg-VFDExMtr,None,,,Each
NE-HVAC-Unitary-addVFDPMMtr,RtS,Ex,CZ10,cDXHP,0,NE-HV_AirDist-SupFanMtr-cDXHP-2SpClgHtg-Cnst,None,,None,NE-HV_AirDist-SupFanMtr-cDXHP-2SpClgHtg-VFDPMMtr,None,,,Each
NE-HVAC-Unitary-addVFDStdMtr,RtS,Ex,CZ10,cDXHP,0,NE-HV_AirDist-SupFanMtr-cDXHP-2SpClgHtg-Cnst,None,,None,NE-HV_AirDist-SupFanMtr-cDXHP-2SpClgHtg-VFDStdMtr,None,,,Each
NE-HVAC-Unitary-addVFDExMtr,RtS,Ex,CZ09,cDXHP,0,NE-HV_AirDist-SupFanMtr-cDXHP-2SpClgHtg-Cnst,None,,None,NE-HV_AirDist-SupFanMtr-cDXHP-2SpClgHtg-VFDExMtr,None,,,Each
NE-HVAC-Unitary-addVFDPMMtr,RtS,Ex,CZ09,cDXHP,0,NE-HV_AirDist-SupFanMtr-cDXHP-2SpClgHtg-Cnst,None,,None,NE-HV_AirDist-SupFanMtr-cDXHP-2SpClgHtg-VFDPMMtr,None,,,Each
NE-HVAC-Unitary-addVFDStdMtr,RtS,Ex,CZ09,cDXHP,0,NE-HV_AirDist-SupFanMtr-cDXHP-2SpClgHtg-Cnst,None,,None,NE-HV_AirDist-SupFanMtr-cDXHP-2SpClgHtg-VFDStdMtr,None,,,Each
NE-HVAC-Unitary-addVFDExMtr,RtS,Ex,CZ08,cDXHP,0,NE-HV_AirDist-SupFanMtr-cDXHP-2SpClgHtg-Cnst,None,,None,NE-HV_AirDist-SupFanMtr-cDXHP-2SpClgHtg-VFDExMtr,None,,,Each
NE-HVAC-Unitary-addVFDPMMtr,RtS,Ex,CZ08,cDXHP,0,NE-HV_AirDist-SupFanMtr-cDXHP-2SpClgHtg-Cnst,None,,None,NE-HV_AirDist-SupFanMtr-cDXHP-2SpClgHtg-VFDPMMtr,None,,,Each
NE-HVAC-Unitary-addVFDStdMtr,RtS,Ex,CZ08,cDXHP,0,NE-HV_AirDist-SupFanMtr-cDXHP-2SpClgHtg-Cnst,None,,None,NE-HV_AirDist-SupFanMtr-cDXHP-2SpClgHtg-VFDStdMtr,None,,,Each
NE-HVAC-Unitary-addVFDExMtr,RtS,Ex,CZ07,cDXHP,0,NE-HV_AirDist-SupFanMtr-cDXHP-2SpClgHtg-Cnst,None,,None,NE-HV_AirDist-SupFanMtr-cDXHP-2SpClgHtg-VFDExMtr,None,,,Each
NE-HVAC-Unitary-addVFDPMMtr,RtS,Ex,CZ07,cDXHP,0,NE-HV_AirDist-SupFanMtr-cDXHP-2SpClgHtg-Cnst,None,,None,NE-HV_AirDist-SupFanMtr-cDXHP-2SpClgHtg-VFDPMMtr,None,,,Each
NE-HVAC-Unitary-addVFDStdMtr,RtS,Ex,CZ07,cDXHP,0,NE-HV_AirDist-SupFanMtr-cDXHP-2SpClgHtg-Cnst,None,,None,NE-HV_AirDist-SupFanMtr-cDXHP-2SpClgHtg-VFDStdMtr,None,,,Each
NE-HVAC-Unitary-addVFDExMtr,RtS,Ex,CZ06,cDXHP,0,NE-HV_AirDist-SupFanMtr-cDXHP-2SpClgHtg-Cnst,None,,None,NE-HV_AirDist-SupFanMtr-cDXHP-2SpClgHtg-VFDExMtr,None,,,Each
NE-HVAC-Unitary-addVFDPMMtr,RtS,Ex,CZ06,cDXHP,0,NE-HV_AirDist-SupFanMtr-cDXHP-2SpClgHtg-Cnst,None,,None,NE-HV_AirDist-SupFanMtr-cDXHP-2SpClgHtg-VFDPMMtr,None,,,Each
NE-HVAC-Unitary-addVFDStdMtr,RtS,Ex,CZ06,cDXHP,0,NE-HV_AirDist-SupFanMtr-cDXHP-2SpClgHtg-Cnst,None,,None,NE-HV_AirDist-SupFanMtr-cDXHP-2SpClgHtg-VFDStdMtr,None,,,Each
NE-HVAC-Unitary-addVFDExMtr,RtS,Ex,CZ05,cDXHP,0,NE-HV_AirDist-SupFanMtr-cDXHP-2SpClgHtg-Cnst,None,,None,NE-HV_AirDist-SupFanMtr-cDXHP-2SpClgHtg-VFDExMtr,None,,,Each
NE-HVAC-Unitary-addVFDPMMtr,RtS,Ex,CZ05,cDXHP,0,NE-HV_AirDist-SupFanMtr-cDXHP-2SpClgHtg-Cnst,None,,None,NE-HV_AirDist-SupFanMtr-cDXHP-2SpClgHtg-VFDPMMtr,None,,,Each
NE-HVAC-Unitary-addVFDStdMtr,RtS,Ex,CZ05,cDXHP,0,NE-HV_AirDist-SupFanMtr-cDXHP-2SpClgHtg-Cnst,None,,None,NE-HV_AirDist-SupFanMtr-cDXHP-2SpClgHtg-VFDStdMtr,None,,,Each
NE-HVAC-Unitary-addVFDExMtr,RtS,Ex,CZ04,cDXHP,0,NE-HV_AirDist-SupFanMtr-cDXHP-2SpClgHtg-Cnst,None,,None,NE-HV_AirDist-SupFanMtr-cDXHP-2SpClgHtg-VFDExMtr,None,,,Each
NE-HVAC-Unitary-addVFDPMMtr,RtS,Ex,CZ04,cDXHP,0,NE-HV_AirDist-SupFanMtr-cDXHP-2SpClgHtg-Cnst,None,,None,NE-HV_AirDist-SupFanMtr-cDXHP-2SpClgHtg-VFDPMMtr,None,,,Each
NE-HVAC-Unitary-addVFDStdMtr,RtS,Ex,CZ04,cDXHP,0,NE-HV_AirDist-SupFanMtr-cDXHP-2SpClgHtg-Cnst,None,,None,NE-HV_AirDist-SupFanMtr-cDXHP-2SpClgHtg-VFDStdMtr,None,,,Each
NE-HVAC-Unitary-addVFDExMtr,RtS,Ex,CZ03,cDXHP,0,NE-HV_AirDist-SupFanMtr-cDXHP-2SpClgHtg-Cnst,None,,None,NE-HV_AirDist-SupFanMtr-cDXHP-2SpClgHtg-VFDExMtr,None,,,Each
NE-HVAC-Unitary-addVFDPMMtr,RtS,Ex,CZ03,cDXHP,0,NE-HV_AirDist-SupFanMtr-cDXHP-2SpClgHtg-Cnst,None,,None,NE-HV_AirDist-SupFanMtr-cDXHP-2SpClgHtg-VFDPMMtr,None,,,Each
NE-HVAC-Unitary-addVFDStdMtr,RtS,Ex,CZ03,cDXHP,0,NE-HV_AirDist-SupFanMtr-cDXHP-2SpClgHtg-Cnst,None,,None,NE-HV_AirDist-SupFanMtr-cDXHP-2SpClgHtg-VFDStdMtr,None,,,Each
NE-HVAC-Unitary-addVFDExMtr,RtS,Ex,CZ02,cDXHP,0,NE-HV_AirDist-SupFanMtr-cDXHP-2SpClgHtg-Cnst,None,,None,NE-HV_AirDist-SupFanMtr-cDXHP-2SpClgHtg-VFDExMtr,None,,,Each
NE-HVAC-Unitary-addVFDPMMtr,RtS,Ex,CZ02,cDXHP,0,NE-HV_AirDist-SupFanMtr-cDXHP-2SpClgHtg-Cnst,None,,None,NE-HV_AirDist-SupFanMtr-cDXHP-2SpClgHtg-VFDPMMtr,None,,,Each
NE-HVAC-Unitary-addVFDStdMtr,RtS,Ex,CZ02,cDXHP,0,NE-HV_AirDist-SupFanMtr-cDXHP-2SpClgHtg-Cnst,None,,None,NE-HV_AirDist-SupFanMtr-cDXHP-2SpClgHtg-VFDStdMtr,None,,,Each
NE-HVAC-Unitary-addVFDExMtr,RtS,Ex,CZ01,cDXHP,0,NE-HV_AirDist-SupFanMtr-cDXHP-2SpClgHtg-Cnst,None,,None,NE-HV_AirDist-SupFanMtr-cDXHP-2SpClgHtg-VFDExMtr,None,,,Each
NE-HVAC-Unitary-addVFDPMMtr,RtS,Ex,CZ01,cDXHP,0,NE-HV_AirDist-SupFanMtr-cDXHP-2SpClgHtg-Cnst,None,,None,NE-HV_AirDist-SupFanMtr-cDXHP-2SpClgHtg-VFDPMMtr,None,,,Each
NE-HVAC-Unitary-addVFDStdMtr,RtS,Ex,CZ01,cDXHP,0,NE-HV_AirDist-SupFanMtr-cDXHP-2SpClgHtg-Cnst,None,,None,NE-HV_AirDist-SupFanMtr-cDXHP-2SpClgHtg-VFDStdMtr,None,,,Each
NE-HVAC-Unitary-addVFDExMtr,RtS,Ex,CZ16,cDXGF,0,NE-HV_AirDist-SupFanMtr-cDXGF-2SpClgHtg-Cnst,None,,None,NE-HV_AirDist-SupFanMtr-cDXGF-2SpClgHtg-VFDExMtr,None,,,Each
NE-HVAC-Unitary-addVFDPMMtr,RtS,Ex,CZ16,cDXGF,0,NE-HV_AirDist-SupFanMtr-cDXGF-2SpClgHtg-Cnst,None,,None,NE-HV_AirDist-SupFanMtr-cDXGF-2SpClgHtg-VFDPMMtr,None,,,Each
NE-HVAC-Unitary-addVFDStdMtr,RtS,Ex,CZ16,cDXGF,0,NE-HV_AirDist-SupFanMtr-cDXGF-2SpClgHtg-Cnst,None,,None,NE-HV_AirDist-SupFanMtr-cDXGF-2SpClgHtg-VFDStdMtr,None,,,Each
NE-HVAC-Unitary-addVFDExMtr,RtS,Ex,CZ15,cDXGF,0,NE-HV_AirDist-SupFanMtr-cDXGF-2SpClgHtg-Cnst,None,,None,NE-HV_AirDist-SupFanMtr-cDXGF-2SpClgHtg-VFDExMtr,None,,,Each
NE-HVAC-Unitary-addVFDPMMtr,RtS,Ex,CZ15,cDXGF,0,NE-HV_AirDist-SupFanMtr-cDXGF-2SpClgHtg-Cnst,None,,None,NE-HV_AirDist-SupFanMtr-cDXGF-2SpClgHtg-VFDPMMtr,None,,,Each
NE-HVAC-Unitary-addVFDStdMtr,RtS,Ex,CZ15,cDXGF,0,NE-HV_AirDist-SupFanMtr-cDXGF-2SpClgHtg-Cnst,None,,None,NE-HV_AirDist-SupFanMtr-cDXGF-2SpClgHtg-VFDStdMtr,None,,,Each
NE-HVAC-Unitary-addVFDExMtr,RtS,Ex,CZ14,cDXGF,0,NE-HV_AirDist-SupFanMtr-cDXGF-2SpClgHtg-Cnst,None,,None,NE-HV_AirDist-SupFanMtr-cDXGF-2SpClgHtg-VFDExMtr,None,,,Each
NE-HVAC-Unitary-addVFDPMMtr,RtS,Ex,CZ14,cDXGF,0,NE-HV_AirDist-SupFanMtr-cDXGF-2SpClgHtg-Cnst,None,,None,NE-HV_AirDist-SupFanMtr-cDXGF-2SpClgHtg-VFDPMMtr,None,,,Each
NE-HVAC-Unitary-addVFDStdMtr,RtS,Ex,CZ14,cDXGF,0,NE-HV_AirDist-SupFanMtr-cDXGF-2SpClgHtg-Cnst,None,,None,NE-HV_AirDist-SupFanMtr-cDXGF-2SpClgHtg-VFDStdMtr,None,,,Each
NE-HVAC-Unitary-addVFDExMtr,RtS,Ex,CZ13,cDXGF,0,NE-HV_AirDist-SupFanMtr-cDXGF-2SpClgHtg-Cnst,None,,None,NE-HV_AirDist-SupFanMtr-cDXGF-2SpClgHtg-VFDExMtr,None,,,Each
NE-HVAC-Unitary-addVFDPMMtr,RtS,Ex,CZ13,cDXGF,0,NE-HV_AirDist-SupFanMtr-cDXGF-2SpClgHtg-Cnst,None,,None,NE-HV_AirDist-SupFanMtr-cDXGF-2SpClgHtg-VFDPMMtr,None,,,Each
NE-HVAC-Unitary-addVFDStdMtr,RtS,Ex,CZ13,cDXGF,0,NE-HV_AirDist-SupFanMtr-cDXGF-2SpClgHtg-Cnst,None,,None,NE-HV_AirDist-SupFanMtr-cDXGF-2SpClgHtg-VFDStdMtr,None,,,Each
NE-HVAC-Unitary-addVFDExMtr,RtS,Ex,CZ12,cDXGF,0,NE-HV_AirDist-SupFanMtr-cDXGF-2SpClgHtg-Cnst,None,,None,NE-HV_AirDist-SupFanMtr-cDXGF-2SpClgHtg-VFDExMtr,None,,,Each
NE-HVAC-Unitary-addVFDPMMtr,RtS,Ex,CZ12,cDXGF,0,NE-HV_AirDist-SupFanMtr-cDXGF-2SpClgHtg-Cnst,None,,None,NE-HV_AirDist-SupFanMtr-cDXGF-2SpClgHtg-VFDPMMtr,None,,,Each
NE-HVAC-Unitary-addVFDStdMtr,RtS,Ex,CZ12,cDXGF,0,NE-HV_AirDist-SupFanMtr-cDXGF-2SpClgHtg-Cnst,None,,None,NE-HV_AirDist-SupFanMtr-cDXGF-2SpClgHtg-VFDStdMtr,None,,,Each
NE-HVAC-Unitary-addVFDExMtr,RtS,Ex,CZ11,cDXGF,0,NE-HV_AirDist-SupFanMtr-cDXGF-2SpClgHtg-Cnst,None,,None,NE-HV_AirDist-SupFanMtr-cDXGF-2SpClgHtg-VFDExMtr,None,,,Each
NE-HVAC-Unitary-addVFDPMMtr,RtS,Ex,CZ11,cDXGF,0,NE-HV_AirDist-SupFanMtr-cDXGF-2SpClgHtg-Cnst,None,,None,NE-HV_AirDist-SupFanMtr-cDXGF-2SpClgHtg-VFDPMMtr,None,,,Each
NE-HVAC-Unitary-addVFDStdMtr,RtS,Ex,CZ11,cDXGF,0,NE-HV_AirDist-SupFanMtr-cDXGF-2SpClgHtg-Cnst,None,,None,NE-HV_AirDist-SupFanMtr-cDXGF-2SpClgHtg-VFDStdMtr,None,,,Each
NE-HVAC-Unitary-addVFDExMtr,RtS,Ex,CZ10,cDXGF,0,NE-HV_AirDist-SupFanMtr-cDXGF-2SpClgHtg-Cnst,None,,None,NE-HV_AirDist-SupFanMtr-cDXGF-2SpClgHtg-VFDExMtr,None,,,Each
NE-HVAC-Unitary-addVFDPMMtr,RtS,Ex,CZ10,cDXGF,0,NE-HV_AirDist-SupFanMtr-cDXGF-2SpClgHtg-Cnst,None,,None,NE-HV_AirDist-SupFanMtr-cDXGF-2SpClgHtg-VFDPMMtr,None,,,Each
NE-HVAC-Unitary-addVFDStdMtr,RtS,Ex,CZ10,cDXGF,0,NE-HV_AirDist-SupFanMtr-cDXGF-2SpClgHtg-Cnst,None,,None,NE-HV_AirDist-SupFanMtr-cDXGF-2SpClgHtg-VFDStdMtr,None,,,Each
NE-HVAC-Unitary-addVFDExMtr,RtS,Ex,CZ09,cDXGF,0,NE-HV_AirDist-SupFanMtr-cDXGF-2SpClgHtg-Cnst,None,,None,NE-HV_AirDist-SupFanMtr-cDXGF-2SpClgHtg-VFDExMtr,None,,,Each
NE-HVAC-Unitary-addVFDPMMtr,RtS,Ex,CZ09,cDXGF,0,NE-HV_AirDist-SupFanMtr-cDXGF-2SpClgHtg-Cnst,None,,None,NE-HV_AirDist-SupFanMtr-cDXGF-2SpClgHtg-VFDPMMtr,None,,,Each
NE-HVAC-Unitary-addVFDStdMtr,RtS,Ex,CZ09,cDXGF,0,NE-HV_AirDist-SupFanMtr-cDXGF-2SpClgHtg-Cnst,None,,None,NE-HV_AirDist-SupFanMtr-cDXGF-2SpClgHtg-VFDStdMtr,None,,,Each
NE-HVAC-Unitary-addVFDExMtr,RtS,Ex,CZ08,cDXGF,0,NE-HV_AirDist-SupFanMtr-cDXGF-2SpClgHtg-Cnst,None,,None,NE-HV_AirDist-SupFanMtr-cDXGF-2SpClgHtg-VFDExMtr,None,,,Each
NE-HVAC-Unitary-addVFDPMMtr,RtS,Ex,CZ08,cDXGF,0,NE-HV_AirDist-SupFanMtr-cDXGF-2SpClgHtg-Cnst,None,,None,NE-HV_AirDist-SupFanMtr-cDXGF-2SpClgHtg-VFDPMMtr,None,,,Each
NE-HVAC-Unitary-addVFDStdMtr,RtS,Ex,CZ08,cDXGF,0,NE-HV_AirDist-SupFanMtr-cDXGF-2SpClgHtg-Cnst,None,,None,NE-HV_AirDist-SupFanMtr-cDXGF-2SpClgHtg-VFDStdMtr,None,,,Each
NE-HVAC-Unitary-addVFDExMtr,RtS,Ex,CZ07,cDXGF,0,NE-HV_AirDist-SupFanMtr-cDXGF-2SpClgHtg-Cnst,None,,None,NE-HV_AirDist-SupFanMtr-cDXGF-2SpClgHtg-VFDExMtr,None,,,Each
NE-HVAC-Unitary-addVFDPMMtr,RtS,Ex,CZ07,cDXGF,0,NE-HV_AirDist-SupFanMtr-cDXGF-2SpClgHtg-Cnst,None,,None,NE-HV_AirDist-SupFanMtr-cDXGF-2SpClgHtg-VFDPMMtr,None,,,Each
NE-HVAC-Unitary-addVFDStdMtr,RtS,Ex,CZ07,cDXGF,0,NE-HV_AirDist-SupFanMtr-cDXGF-2SpClgHtg-Cnst,None,,None,NE-HV_AirDist-SupFanMtr-cDXGF-2SpClgHtg-VFDStdMtr,None,,,Each
NE-HVAC-Unitary-addVFDExMtr,RtS,Ex,CZ06,cDXGF,0,NE-HV_AirDist-SupFanMtr-cDXGF-2SpClgHtg-Cnst,None,,None,NE-HV_AirDist-SupFanMtr-cDXGF-2SpClgHtg-VFDExMtr,None,,,Each
NE-HVAC-Unitary-addVFDPMMtr,RtS,Ex,CZ06,cDXGF,0,NE-HV_AirDist-SupFanMtr-cDXGF-2SpClgHtg-Cnst,None,,None,NE-HV_AirDist-SupFanMtr-cDXGF-2SpClgHtg-VFDPMMtr,None,,,Each
NE-HVAC-Unitary-addVFDStdMtr,RtS,Ex,CZ06,cDXGF,0,NE-HV_AirDist-SupFanMtr-cDXGF-2SpClgHtg-Cnst,None,,None,NE-HV_AirDist-SupFanMtr-cDXGF-2SpClgHtg-VFDStdMtr,None,,,Each
NE-HVAC-Unitary-addVFDExMtr,RtS,Ex,CZ05,cDXGF,0,NE-HV_AirDist-SupFanMtr-cDXGF-2SpClgHtg-Cnst,None,,None,NE-HV_AirDist-SupFanMtr-cDXGF-2SpClgHtg-VFDExMtr,None,,,Each
NE-HVAC-Unitary-addVFDPMMtr,RtS,Ex,CZ05,cDXGF,0,NE-HV_AirDist-SupFanMtr-cDXGF-2SpClgHtg-Cnst,None,,None,NE-HV_AirDist-SupFanMtr-cDXGF-2SpClgHtg-VFDPMMtr,None,,,Each
NE-HVAC-Unitary-addVFDStdMtr,RtS,Ex,CZ05,cDXGF,0,NE-HV_AirDist-SupFanMtr-cDXGF-2SpClgHtg-Cnst,None,,None,NE-HV_AirDist-SupFanMtr-cDXGF-2SpClgHtg-VFDStdMtr,None,,,Each
NE-HVAC-Unitary-addVFDExMtr,RtS,Ex,CZ04,cDXGF,0,NE-HV_AirDist-SupFanMtr-cDXGF-2SpClgHtg-Cnst,None,,None,NE-HV_AirDist-SupFanMtr-cDXGF-2SpClgHtg-VFDExMtr,None,,,Each
NE-HVAC-Unitary-addVFDPMMtr,RtS,Ex,CZ04,cDXGF,0,NE-HV_AirDist-SupFanMtr-cDXGF-2SpClgHtg-Cnst,None,,None,NE-HV_AirDist-SupFanMtr-cDXGF-2SpClgHtg-VFDPMMtr,None,,,Each
NE-HVAC-Unitary-addVFDStdMtr,RtS,Ex,CZ04,cDXGF,0,NE-HV_AirDist-SupFanMtr-cDXGF-2SpClgHtg-Cnst,None,,None,NE-HV_AirDist-SupFanMtr-cDXGF-2SpClgHtg-VFDStdMtr,None,,,Each
NE-HVAC-Unitary-addVFDExMtr,RtS,Ex,CZ03,cDXGF,0,NE-HV_AirDist-SupFanMtr-cDXGF-2SpClgHtg-Cnst,None,,None,NE-HV_AirDist-SupFanMtr-cDXGF-2SpClgHtg-VFDExMtr,None,,,Each
NE-HVAC-Unitary-addVFDPMMtr,RtS,Ex,CZ03,cDXGF,0,NE-HV_AirDist-SupFanMtr-cDXGF-2SpClgHtg-Cnst,None,,None,NE-HV_AirDist-SupFanMtr-cDXGF-2SpClgHtg-VFDPMMtr,None,,,Each
NE-HVAC-Unitary-addVFDStdMtr,RtS,Ex,CZ03,cDXGF,0,NE-HV_AirDist-SupFanMtr-cDXGF-2SpClgHtg-Cnst,None,,None,NE-HV_AirDist-SupFanMtr-cDXGF-2SpClgHtg-VFDStdMtr,None,,,Each
NE-HVAC-Unitary-addVFDExMtr,RtS,Ex,CZ02,cDXGF,0,NE-HV_AirDist-SupFanMtr-cDXGF-2SpClgHtg-Cnst,None,,None,NE-HV_AirDist-SupFanMtr-cDXGF-2SpClgHtg-VFDExMtr,None,,,Each
NE-HVAC-Unitary-addVFDPMMtr,RtS,Ex,CZ02,cDXGF,0,NE-HV_AirDist-SupFanMtr-cDXGF-2SpClgHtg-Cnst,None,,None,NE-HV_AirDist-SupFanMtr-cDXGF-2SpClgHtg-VFDPMMtr,None,,,Each
NE-HVAC-Unitary-addVFDStdMtr,RtS,Ex,CZ02,cDXGF,0,NE-HV_AirDist-SupFanMtr-cDXGF-2SpClgHtg-Cnst,None,,None,NE-HV_AirDist-SupFanMtr-cDXGF-2SpClgHtg-VFDStdMtr,None,,,Each
NE-HVAC-Unitary-addVFDExMtr,RtS,Ex,CZ01,cDXGF,0,NE-HV_AirDist-SupFanMtr-cDXGF-2SpClgHtg-Cnst,None,,None,NE-HV_AirDist-SupFanMtr-cDXGF-2SpClgHtg-VFDExMtr,None,,,Each
NE-HVAC-Unitary-addVFDPMMtr,RtS,Ex,CZ01,cDXGF,0,NE-HV_AirDist-SupFanMtr-cDXGF-2SpClgHtg-Cnst,None,,None,NE-HV_AirDist-SupFanMtr-cDXGF-2SpClgHtg-VFDPMMtr,None,,,Each
NE-HVAC-Unitary-addVFDStdMtr,RtS,Ex,CZ01,cDXGF,0,NE-HV_AirDist-SupFanMtr-cDXGF-2SpClgHtg-Cnst,None,,None,NE-HV_AirDist-SupFanMtr-cDXGF-2SpClgHtg-VFDStdMtr,None,,,Each
NE-HVAC-Unitary-addVFDExMtr,RtL,Ex,CZ16,cDXOH,0,NE-HV_AirDist-SupFanMtr-cDXOH-2SpClgHtg-Cnst,None,,None,NE-HV_AirDist-SupFanMtr-cDXOH-2SpClgHtg-VFDExMtr,None,,,Each
NE-HVAC-Unitary-addVFDPMMtr,RtL,Ex,CZ16,cDXOH,0,NE-HV_AirDist-SupFanMtr-cDXOH-2SpClgHtg-Cnst,None,,None,NE-HV_AirDist-SupFanMtr-cDXOH-2SpClgHtg-VFDPMMtr,None,,,Each
NE-HVAC-Unitary-addVFDStdMtr,RtL,Ex,CZ16,cDXOH,0,NE-HV_AirDist-SupFanMtr-cDXOH-2SpClgHtg-Cnst,None,,None,NE-HV_AirDist-SupFanMtr-cDXOH-2SpClgHtg-VFDStdMtr,None,,,Each
NE-HVAC-Unitary-addVFDExMtr,RtL,Ex,CZ15,cDXOH,0,NE-HV_AirDist-SupFanMtr-cDXOH-2SpClgHtg-Cnst,None,,None,NE-HV_AirDist-SupFanMtr-cDXOH-2SpClgHtg-VFDExMtr,None,,,Each
NE-HVAC-Unitary-addVFDPMMtr,RtL,Ex,CZ15,cDXOH,0,NE-HV_AirDist-SupFanMtr-cDXOH-2SpClgHtg-Cnst,None,,None,NE-HV_AirDist-SupFanMtr-cDXOH-2SpClgHtg-VFDPMMtr,None,,,Each
NE-HVAC-Unitary-addVFDStdMtr,RtL,Ex,CZ15,cDXOH,0,NE-HV_AirDist-SupFanMtr-cDXOH-2SpClgHtg-Cnst,None,,None,NE-HV_AirDist-SupFanMtr-cDXOH-2SpClgHtg-VFDStdMtr,None,,,Each
NE-HVAC-Unitary-addVFDExMtr,RtL,Ex,CZ14,cDXOH,0,NE-HV_AirDist-SupFanMtr-cDXOH-2SpClgHtg-Cnst,None,,None,NE-HV_AirDist-SupFanMtr-cDXOH-2SpClgHtg-VFDExMtr,None,,,Each
NE-HVAC-Unitary-addVFDPMMtr,RtL,Ex,CZ14,cDXOH,0,NE-HV_AirDist-SupFanMtr-cDXOH-2SpClgHtg-Cnst,None,,None,NE-HV_AirDist-SupFanMtr-cDXOH-2SpClgHtg-VFDPMMtr,None,,,Each
NE-HVAC-Unitary-addVFDStdMtr,RtL,Ex,CZ14,cDXOH,0,NE-HV_AirDist-SupFanMtr-cDXOH-2SpClgHtg-Cnst,None,,None,NE-HV_AirDist-SupFanMtr-cDXOH-2SpClgHtg-VFDStdMtr,None,,,Each
NE-HVAC-Unitary-addVFDExMtr,RtL,Ex,CZ13,cDXOH,0,NE-HV_AirDist-SupFanMtr-cDXOH-2SpClgHtg-Cnst,None,,None,NE-HV_AirDist-SupFanMtr-cDXOH-2SpClgHtg-VFDExMtr,None,,,Each
NE-HVAC-Unitary-addVFDPMMtr,RtL,Ex,CZ13,cDXOH,0,NE-HV_AirDist-SupFanMtr-cDXOH-2SpClgHtg-Cnst,None,,None,NE-HV_AirDist-SupFanMtr-cDXOH-2SpClgHtg-VFDPMMtr,None,,,Each
NE-HVAC-Unitary-addVFDStdMtr,RtL,Ex,CZ13,cDXOH,0,NE-HV_AirDist-SupFanMtr-cDXOH-2SpClgHtg-Cnst,None,,None,NE-HV_AirDist-SupFanMtr-cDXOH-2SpClgHtg-VFDStdMtr,None,,,Each
NE-HVAC-Unitary-addVFDExMtr,RtL,Ex,CZ12,cDXOH,0,NE-HV_AirDist-SupFanMtr-cDXOH-2SpClgHtg-Cnst,None,,None,NE-HV_AirDist-SupFanMtr-cDXOH-2SpClgHtg-VFDExMtr,None,,,Each
NE-HVAC-Unitary-addVFDPMMtr,RtL,Ex,CZ12,cDXOH,0,NE-HV_AirDist-SupFanMtr-cDXOH-2SpClgHtg-Cnst,None,,None,NE-HV_AirDist-SupFanMtr-cDXOH-2SpClgHtg-VFDPMMtr,None,,,Each
NE-HVAC-Unitary-addVFDStdMtr,RtL,Ex,CZ12,cDXOH,0,NE-HV_AirDist-SupFanMtr-cDXOH-2SpClgHtg-Cnst,None,,None,NE-HV_AirDist-SupFanMtr-cDXOH-2SpClgHtg-VFDStdMtr,None,,,Each
NE-HVAC-Unitary-addVFDExMtr,RtL,Ex,CZ11,cDXOH,0,NE-HV_AirDist-SupFanMtr-cDXOH-2SpClgHtg-Cnst,None,,None,NE-HV_AirDist-SupFanMtr-cDXOH-2SpClgHtg-VFDExMtr,None,,,Each
NE-HVAC-Unitary-addVFDPMMtr,RtL,Ex,CZ11,cDXOH,0,NE-HV_AirDist-SupFanMtr-cDXOH-2SpClgHtg-Cnst,None,,None,NE-HV_AirDist-SupFanMtr-cDXOH-2SpClgHtg-VFDPMMtr,None,,,Each
NE-HVAC-Unitary-addVFDStdMtr,RtL,Ex,CZ11,cDXOH,0,NE-HV_AirDist-SupFanMtr-cDXOH-2SpClgHtg-Cnst,None,,None,NE-HV_AirDist-SupFanMtr-cDXOH-2SpClgHtg-VFDStdMtr,None,,,Each
NE-HVAC-Unitary-addVFDExMtr,RtL,Ex,CZ10,cDXOH,0,NE-HV_AirDist-SupFanMtr-cDXOH-2SpClgHtg-Cnst,None,,None,NE-HV_AirDist-SupFanMtr-cDXOH-2SpClgHtg-VFDExMtr,None,,,Each
NE-HVAC-Unitary-addVFDPMMtr,RtL,Ex,CZ10,cDXOH,0,NE-HV_AirDist-SupFanMtr-cDXOH-2SpClgHtg-Cnst,None,,None,NE-HV_AirDist-SupFanMtr-cDXOH-2SpClgHtg-VFDPMMtr,None,,,Each
NE-HVAC-Unitary-addVFDStdMtr,RtL,Ex,CZ10,cDXOH,0,NE-HV_AirDist-SupFanMtr-cDXOH-2SpClgHtg-Cnst,None,,None,NE-HV_AirDist-SupFanMtr-cDXOH-2SpClgHtg-VFDStdMtr,None,,,Each
NE-HVAC-Unitary-addVFDExMtr,RtL,Ex,CZ09,cDXOH,0,NE-HV_AirDist-SupFanMtr-cDXOH-2SpClgHtg-Cnst,None,,None,NE-HV_AirDist-SupFanMtr-cDXOH-2SpClgHtg-VFDExMtr,None,,,Each
NE-HVAC-Unitary-addVFDPMMtr,RtL,Ex,CZ09,cDXOH,0,NE-HV_AirDist-SupFanMtr-cDXOH-2SpClgHtg-Cnst,None,,None,NE-HV_AirDist-SupFanMtr-cDXOH-2SpClgHtg-VFDPMMtr,None,,,Each
NE-HVAC-Unitary-addVFDStdMtr,RtL,Ex,CZ09,cDXOH,0,NE-HV_AirDist-SupFanMtr-cDXOH-2SpClgHtg-Cnst,None,,None,NE-HV_AirDist-SupFanMtr-cDXOH-2SpClgHtg-VFDStdMtr,None,,,Each
NE-HVAC-Unitary-addVFDExMtr,RtL,Ex,CZ08,cDXOH,0,NE-HV_AirDist-SupFanMtr-cDXOH-2SpClgHtg-Cnst,None,,None,NE-HV_AirDist-SupFanMtr-cDXOH-2SpClgHtg-VFDExMtr,None,,,Each
NE-HVAC-Unitary-addVFDPMMtr,RtL,Ex,CZ08,cDXOH,0,NE-HV_AirDist-SupFanMtr-cDXOH-2SpClgHtg-Cnst,None,,None,NE-HV_AirDist-SupFanMtr-cDXOH-2SpClgHtg-VFDPMMtr,None,,,Each
NE-HVAC-Unitary-addVFDStdMtr,RtL,Ex,CZ08,cDXOH,0,NE-HV_AirDist-SupFanMtr-cDXOH-2SpClgHtg-Cnst,None,,None,NE-HV_AirDist-SupFanMtr-cDXOH-2SpClgHtg-VFDStdMtr,None,,,Each
NE-HVAC-Unitary-addVFDExMtr,RtL,Ex,CZ07,cDXOH,0,NE-HV_AirDist-SupFanMtr-cDXOH-2SpClgHtg-Cnst,None,,None,NE-HV_AirDist-SupFanMtr-cDXOH-2SpClgHtg-VFDExMtr,None,,,Each
NE-HVAC-Unitary-addVFDPMMtr,RtL,Ex,CZ07,cDXOH,0,NE-HV_AirDist-SupFanMtr-cDXOH-2SpClgHtg-Cnst,None,,None,NE-HV_AirDist-SupFanMtr-cDXOH-2SpClgHtg-VFDPMMtr,None,,,Each
NE-HVAC-Unitary-addVFDStdMtr,RtL,Ex,CZ07,cDXOH,0,NE-HV_AirDist-SupFanMtr-cDXOH-2SpClgHtg-Cnst,None,,None,NE-HV_AirDist-SupFanMtr-cDXOH-2SpClgHtg-VFDStdMtr,None,,,Each
NE-HVAC-Unitary-addVFDExMtr,RtL,Ex,CZ06,cDXOH,0,NE-HV_AirDist-SupFanMtr-cDXOH-2SpClgHtg-Cnst,None,,None,NE-HV_AirDist-SupFanMtr-cDXOH-2SpClgHtg-VFDExMtr,None,,,Each
NE-HVAC-Unitary-addVFDPMMtr,RtL,Ex,CZ06,cDXOH,0,NE-HV_AirDist-SupFanMtr-cDXOH-2SpClgHtg-Cnst,None,,None,NE-HV_AirDist-SupFanMtr-cDXOH-2SpClgHtg-VFDPMMtr,None,,,Each
NE-HVAC-Unitary-addVFDStdMtr,RtL,Ex,CZ06,cDXOH,0,NE-HV_AirDist-SupFanMtr-cDXOH-2SpClgHtg-Cnst,None,,None,NE-HV_AirDist-SupFanMtr-cDXOH-2SpClgHtg-VFDStdMtr,None,,,Each
NE-HVAC-Unitary-addVFDExMtr,RtL,Ex,CZ05,cDXOH,0,NE-HV_AirDist-SupFanMtr-cDXOH-2SpClgHtg-Cnst,None,,None,NE-HV_AirDist-SupFanMtr-cDXOH-2SpClgHtg-VFDExMtr,None,,,Each
NE-HVAC-Unitary-addVFDPMMtr,RtL,Ex,CZ05,cDXOH,0,NE-HV_AirDist-SupFanMtr-cDXOH-2SpClgHtg-Cnst,None,,None,NE-HV_AirDist-SupFanMtr-cDXOH-2SpClgHtg-VFDPMMtr,None,,,Each
NE-HVAC-Unitary-addVFDStdMtr,RtL,Ex,CZ05,cDXOH,0,NE-HV_AirDist-SupFanMtr-cDXOH-2SpClgHtg-Cnst,None,,None,NE-HV_AirDist-SupFanMtr-cDXOH-2SpClgHtg-VFDStdMtr,None,,,Each
NE-HVAC-Unitary-addVFDExMtr,RtL,Ex,CZ04,cDXOH,0,NE-HV_AirDist-SupFanMtr-cDXOH-2SpClgHtg-Cnst,None,,None,NE-HV_AirDist-SupFanMtr-cDXOH-2SpClgHtg-VFDExMtr,None,,,Each
NE-HVAC-Unitary-addVFDPMMtr,RtL,Ex,CZ04,cDXOH,0,NE-HV_AirDist-SupFanMtr-cDXOH-2SpClgHtg-Cnst,None,,None,NE-HV_AirDist-SupFanMtr-cDXOH-2SpClgHtg-VFDPMMtr,None,,,Each
NE-HVAC-Unitary-addVFDStdMtr,RtL,Ex,CZ04,cDXOH,0,NE-HV_AirDist-SupFanMtr-cDXOH-2SpClgHtg-Cnst,None,,None,NE-HV_AirDist-SupFanMtr-cDXOH-2SpClgHtg-VFDStdMtr,None,,,Each
NE-HVAC-Unitary-addVFDExMtr,RtL,Ex,CZ03,cDXOH,0,NE-HV_AirDist-SupFanMtr-cDXOH-2SpClgHtg-Cnst,None,,None,NE-HV_AirDist-SupFanMtr-cDXOH-2SpClgHtg-VFDExMtr,None,,,Each
NE-HVAC-Unitary-addVFDPMMtr,RtL,Ex,CZ03,cDXOH,0,NE-HV_AirDist-SupFanMtr-cDXOH-2SpClgHtg-Cnst,None,,None,NE-HV_AirDist-SupFanMtr-cDXOH-2SpClgHtg-VFDPMMtr,None,,,Each
NE-HVAC-Unitary-addVFDStdMtr,RtL,Ex,CZ03,cDXOH,0,NE-HV_AirDist-SupFanMtr-cDXOH-2SpClgHtg-Cnst,None,,None,NE-HV_AirDist-SupFanMtr-cDXOH-2SpClgHtg-VFDStdMtr,None,,,Each
NE-HVAC-Unitary-addVFDExMtr,RtL,Ex,CZ02,cDXOH,0,NE-HV_AirDist-SupFanMtr-cDXOH-2SpClgHtg-Cnst,None,,None,NE-HV_AirDist-SupFanMtr-cDXOH-2SpClgHtg-VFDExMtr,None,,,Each
NE-HVAC-Unitary-addVFDPMMtr,RtL,Ex,CZ02,cDXOH,0,NE-HV_AirDist-SupFanMtr-cDXOH-2SpClgHtg-Cnst,None,,None,NE-HV_AirDist-SupFanMtr-cDXOH-2SpClgHtg-VFDPMMtr,None,,,Each
NE-HVAC-Unitary-addVFDStdMtr,RtL,Ex,CZ02,cDXOH,0,NE-HV_AirDist-SupFanMtr-cDXOH-2SpClgHtg-Cnst,None,,None,NE-HV_AirDist-SupFanMtr-cDXOH-2SpClgHtg-VFDStdMtr,None,,,Each
NE-HVAC-Unitary-addVFDExMtr,RtL,Ex,CZ01,cDXOH,0,NE-HV_AirDist-SupFanMtr-cDXOH-2SpClgHtg-Cnst,None,,None,NE-HV_AirDist-SupFanMtr-cDXOH-2SpClgHtg-VFDExMtr,None,,,Each
NE-HVAC-Unitary-addVFDPMMtr,RtL,Ex,CZ01,cDXOH,0,NE-HV_AirDist-SupFanMtr-cDXOH-2SpClgHtg-Cnst,None,,None,NE-HV_AirDist-SupFanMtr-cDXOH-2SpClgHtg-VFDPMMtr,None,,,Each
NE-HVAC-Unitary-addVFDStdMtr,RtL,Ex,CZ01,cDXOH,0,NE-HV_AirDist-SupFanMtr-cDXOH-2SpClgHtg-Cnst,None,,None,NE-HV_AirDist-SupFanMtr-cDXOH-2SpClgHtg-VFDStdMtr,None,,,Each
NE-HVAC-Unitary-addVFDExMtr,RtL,Ex,CZ16,cDXHP,0,NE-HV_AirDist-SupFanMtr-cDXHP-2SpClgHtg-Cnst,None,,None,NE-HV_AirDist-SupFanMtr-cDXHP-2SpClgHtg-VFDExMtr,None,,,Each
NE-HVAC-Unitary-addVFDPMMtr,RtL,Ex,CZ16,cDXHP,0,NE-HV_AirDist-SupFanMtr-cDXHP-2SpClgHtg-Cnst,None,,None,NE-HV_AirDist-SupFanMtr-cDXHP-2SpClgHtg-VFDPMMtr,None,,,Each
NE-HVAC-Unitary-addVFDStdMtr,RtL,Ex,CZ16,cDXHP,0,NE-HV_AirDist-SupFanMtr-cDXHP-2SpClgHtg-Cnst,None,,None,NE-HV_AirDist-SupFanMtr-cDXHP-2SpClgHtg-VFDStdMtr,None,,,Each
NE-HVAC-Unitary-addVFDExMtr,RtL,Ex,CZ15,cDXHP,0,NE-HV_AirDist-SupFanMtr-cDXHP-2SpClgHtg-Cnst,None,,None,NE-HV_AirDist-SupFanMtr-cDXHP-2SpClgHtg-VFDExMtr,None,,,Each
NE-HVAC-Unitary-addVFDPMMtr,RtL,Ex,CZ15,cDXHP,0,NE-HV_AirDist-SupFanMtr-cDXHP-2SpClgHtg-Cnst,None,,None,NE-HV_AirDist-SupFanMtr-cDXHP-2SpClgHtg-VFDPMMtr,None,,,Each
NE-HVAC-Unitary-addVFDStdMtr,RtL,Ex,CZ15,cDXHP,0,NE-HV_AirDist-SupFanMtr-cDXHP-2SpClgHtg-Cnst,None,,None,NE-HV_AirDist-SupFanMtr-cDXHP-2SpClgHtg-VFDStdMtr,None,,,Each
NE-HVAC-Unitary-addVFDExMtr,RtL,Ex,CZ14,cDXHP,0,NE-HV_AirDist-SupFanMtr-cDXHP-2SpClgHtg-Cnst,None,,None,NE-HV_AirDist-SupFanMtr-cDXHP-2SpClgHtg-VFDExMtr,None,,,Each
NE-HVAC-Unitary-addVFDPMMtr,RtL,Ex,CZ14,cDXHP,0,NE-HV_AirDist-SupFanMtr-cDXHP-2SpClgHtg-Cnst,None,,None,NE-HV_AirDist-SupFanMtr-cDXHP-2SpClgHtg-VFDPMMtr,None,,,Each
NE-HVAC-Unitary-addVFDStdMtr,RtL,Ex,CZ14,cDXHP,0,NE-HV_AirDist-SupFanMtr-cDXHP-2SpClgHtg-Cnst,None,,None,NE-HV_AirDist-SupFanMtr-cDXHP-2SpClgHtg-VFDStdMtr,None,,,Each
NE-HVAC-Unitary-addVFDExMtr,RtL,Ex,CZ13,cDXHP,0,NE-HV_AirDist-SupFanMtr-cDXHP-2SpClgHtg-Cnst,None,,None,NE-HV_AirDist-SupFanMtr-cDXHP-2SpClgHtg-VFDExMtr,None,,,Each
NE-HVAC-Unitary-addVFDPMMtr,RtL,Ex,CZ13,cDXHP,0,NE-HV_AirDist-SupFanMtr-cDXHP-2SpClgHtg-Cnst,None,,None,NE-HV_AirDist-SupFanMtr-cDXHP-2SpClgHtg-VFDPMMtr,None,,,Each
NE-HVAC-Unitary-addVFDStdMtr,RtL,Ex,CZ13,cDXHP,0,NE-HV_AirDist-SupFanMtr-cDXHP-2SpClgHtg-Cnst,None,,None,NE-HV_AirDist-SupFanMtr-cDXHP-2SpClgHtg-VFDStdMtr,None,,,Each
NE-HVAC-Unitary-addVFDExMtr,RtL,Ex,CZ12,cDXHP,0,NE-HV_AirDist-SupFanMtr-cDXHP-2SpClgHtg-Cnst,None,,None,NE-HV_AirDist-SupFanMtr-cDXHP-2SpClgHtg-VFDExMtr,None,,,Each
NE-HVAC-Unitary-addVFDPMMtr,RtL,Ex,CZ12,cDXHP,0,NE-HV_AirDist-SupFanMtr-cDXHP-2SpClgHtg-Cnst,None,,None,NE-HV_AirDist-SupFanMtr-cDXHP-2SpClgHtg-VFDPMMtr,None,,,Each
NE-HVAC-Unitary-addVFDStdMtr,RtL,Ex,CZ12,cDXHP,0,NE-HV_AirDist-SupFanMtr-cDXHP-2SpClgHtg-Cnst,None,,None,NE-HV_AirDist-SupFanMtr-cDXHP-2SpClgHtg-VFDStdMtr,None,,,Each
NE-HVAC-Unitary-addVFDExMtr,RtL,Ex,CZ11,cDXHP,0,NE-HV_AirDist-SupFanMtr-cDXHP-2SpClgHtg-Cnst,None,,None,NE-HV_AirDist-SupFanMtr-cDXHP-2SpClgHtg-VFDExMtr,None,,,Each
NE-HVAC-Unitary-addVFDPMMtr,RtL,Ex,CZ11,cDXHP,0,NE-HV_AirDist-SupFanMtr-cDXHP-2SpClgHtg-Cnst,None,,None,NE-HV_AirDist-SupFanMtr-cDXHP-2SpClgHtg-VFDPMMtr,None,,,Each
NE-HVAC-Unitary-addVFDStdMtr,RtL,Ex,CZ11,cDXHP,0,NE-HV_AirDist-SupFanMtr-cDXHP-2SpClgHtg-Cnst,None,,None,NE-HV_AirDist-SupFanMtr-cDXHP-2SpClgHtg-VFDStdMtr,None,,,Each
NE-HVAC-Unitary-addVFDExMtr,RtL,Ex,CZ10,cDXHP,0,NE-HV_AirDist-SupFanMtr-cDXHP-2SpClgHtg-Cnst,None,,None,NE-HV_AirDist-SupFanMtr-cDXHP-2SpClgHtg-VFDExMtr,None,,,Each
NE-HVAC-Unitary-addVFDPMMtr,RtL,Ex,CZ10,cDXHP,0,NE-HV_AirDist-SupFanMtr-cDXHP-2SpClgHtg-Cnst,None,,None,NE-HV_AirDist-SupFanMtr-cDXHP-2SpClgHtg-VFDPMMtr,None,,,Each
NE-HVAC-Unitary-addVFDStdMtr,RtL,Ex,CZ10,cDXHP,0,NE-HV_AirDist-SupFanMtr-cDXHP-2SpClgHtg-Cnst,None,,None,NE-HV_AirDist-SupFanMtr-cDXHP-2SpClgHtg-VFDStdMtr,None,,,Each
NE-HVAC-Unitary-addVFDExMtr,RtL,Ex,CZ09,cDXHP,0,NE-HV_AirDist-SupFanMtr-cDXHP-2SpClgHtg-Cnst,None,,None,NE-HV_AirDist-SupFanMtr-cDXHP-2SpClgHtg-VFDExMtr,None,,,Each
NE-HVAC-Unitary-addVFDPMMtr,RtL,Ex,CZ09,cDXHP,0,NE-HV_AirDist-SupFanMtr-cDXHP-2SpClgHtg-Cnst,None,,None,NE-HV_AirDist-SupFanMtr-cDXHP-2SpClgHtg-VFDPMMtr,None,,,Each
NE-HVAC-Unitary-addVFDStdMtr,RtL,Ex,CZ09,cDXHP,0,NE-HV_AirDist-SupFanMtr-cDXHP-2SpClgHtg-Cnst,None,,None,NE-HV_AirDist-SupFanMtr-cDXHP-2SpClgHtg-VFDStdMtr,None,,,Each
NE-HVAC-Unitary-addVFDExMtr,RtL,Ex,CZ08,cDXHP,0,NE-HV_AirDist-SupFanMtr-cDXHP-2SpClgHtg-Cnst,None,,None,NE-HV_AirDist-SupFanMtr-cDXHP-2SpClgHtg-VFDExMtr,None,,,Each
NE-HVAC-Unitary-addVFDPMMtr,RtL,Ex,CZ08,cDXHP,0,NE-HV_AirDist-SupFanMtr-cDXHP-2SpClgHtg-Cnst,None,,None,NE-HV_AirDist-SupFanMtr-cDXHP-2SpClgHtg-VFDPMMtr,None,,,Each
NE-HVAC-Unitary-addVFDStdMtr,RtL,Ex,CZ08,cDXHP,0,NE-HV_AirDist-SupFanMtr-cDXHP-2SpClgHtg-Cnst,None,,None,NE-HV_AirDist-SupFanMtr-cDXHP-2SpClgHtg-VFDStdMtr,None,,,Each
NE-HVAC-Unitary-addVFDExMtr,RtL,Ex,CZ07,cDXHP,0,NE-HV_AirDist-SupFanMtr-cDXHP-2SpClgHtg-Cnst,None,,None,NE-HV_AirDist-SupFanMtr-cDXHP-2SpClgHtg-VFDExMtr,None,,,Each
NE-HVAC-Unitary-addVFDPMMtr,RtL,Ex,CZ07,cDXHP,0,NE-HV_AirDist-SupFanMtr-cDXHP-2SpClgHtg-Cnst,None,,None,NE-HV_AirDist-SupFanMtr-cDXHP-2SpClgHtg-VFDPMMtr,None,,,Each
NE-HVAC-Unitary-addVFDStdMtr,RtL,Ex,CZ07,cDXHP,0,NE-HV_AirDist-SupFanMtr-cDXHP-2SpClgHtg-Cnst,None,,None,NE-HV_AirDist-SupFanMtr-cDXHP-2SpClgHtg-VFDStdMtr,None,,,Each
NE-HVAC-Unitary-addVFDExMtr,RtL,Ex,CZ06,cDXHP,0,NE-HV_AirDist-SupFanMtr-cDXHP-2SpClgHtg-Cnst,None,,None,NE-HV_AirDist-SupFanMtr-cDXHP-2SpClgHtg-VFDExMtr,None,,,Each
NE-HVAC-Unitary-addVFDPMMtr,RtL,Ex,CZ06,cDXHP,0,NE-HV_AirDist-SupFanMtr-cDXHP-2SpClgHtg-Cnst,None,,None,NE-HV_AirDist-SupFanMtr-cDXHP-2SpClgHtg-VFDPMMtr,None,,,Each
NE-HVAC-Unitary-addVFDStdMtr,RtL,Ex,CZ06,cDXHP,0,NE-HV_AirDist-SupFanMtr-cDXHP-2SpClgHtg-Cnst,None,,None,NE-HV_AirDist-SupFanMtr-cDXHP-2SpClgHtg-VFDStdMtr,None,,,Each
NE-HVAC-Unitary-addVFDExMtr,RtL,Ex,CZ05,cDXHP,0,NE-HV_AirDist-SupFanMtr-cDXHP-2SpClgHtg-Cnst,None,,None,NE-HV_AirDist-SupFanMtr-cDXHP-2SpClgHtg-VFDExMtr,None,,,Each
NE-HVAC-Unitary-addVFDPMMtr,RtL,Ex,CZ05,cDXHP,0,NE-HV_AirDist-SupFanMtr-cDXHP-2SpClgHtg-Cnst,None,,None,NE-HV_AirDist-SupFanMtr-cDXHP-2SpClgHtg-VFDPMMtr,None,,,Each
NE-HVAC-Unitary-addVFDStdMtr,RtL,Ex,CZ05,cDXHP,0,NE-HV_AirDist-SupFanMtr-cDXHP-2SpClgHtg-Cnst,None,,None,NE-HV_AirDist-SupFanMtr-cDXHP-2SpClgHtg-VFDStdMtr,None,,,Each
NE-HVAC-Unitary-addVFDExMtr,RtL,Ex,CZ04,cDXHP,0,NE-HV_AirDist-SupFanMtr-cDXHP-2SpClgHtg-Cnst,None,,None,NE-HV_AirDist-SupFanMtr-cDXHP-2SpClgHtg-VFDExMtr,None,,,Each
NE-HVAC-Unitary-addVFDPMMtr,RtL,Ex,CZ04,cDXHP,0,NE-HV_AirDist-SupFanMtr-cDXHP-2SpClgHtg-Cnst,None,,None,NE-HV_AirDist-SupFanMtr-cDXHP-2SpClgHtg-VFDPMMtr,None,,,Each
NE-HVAC-Unitary-addVFDStdMtr,RtL,Ex,CZ04,cDXHP,0,NE-HV_AirDist-SupFanMtr-cDXHP-2SpClgHtg-Cnst,None,,None,NE-HV_AirDist-SupFanMtr-cDXHP-2SpClgHtg-VFDStdMtr,None,,,Each
NE-HVAC-Unitary-addVFDExMtr,RtL,Ex,CZ03,cDXHP,0,NE-HV_AirDist-SupFanMtr-cDXHP-2SpClgHtg-Cnst,None,,None,NE-HV_AirDist-SupFanMtr-cDXHP-2SpClgHtg-VFDExMtr,None,,,Each
NE-HVAC-Unitary-addVFDPMMtr,RtL,Ex,CZ03,cDXHP,0,NE-HV_AirDist-SupFanMtr-cDXHP-2SpClgHtg-Cnst,None,,None,NE-HV_AirDist-SupFanMtr-cDXHP-2SpClgHtg-VFDPMMtr,None,,,Each
NE-HVAC-Unitary-addVFDStdMtr,RtL,Ex,CZ03,cDXHP,0,NE-HV_AirDist-SupFanMtr-cDXHP-2SpClgHtg-Cnst,None,,None,NE-HV_AirDist-SupFanMtr-cDXHP-2SpClgHtg-VFDStdMtr,None,,,Each
NE-HVAC-Unitary-addVFDExMtr,RtL,Ex,CZ02,cDXHP,0,NE-HV_AirDist-SupFanMtr-cDXHP-2SpClgHtg-Cnst,None,,None,NE-HV_AirDist-SupFanMtr-cDXHP-2SpClgHtg-VFDExMtr,None,,,Each
NE-HVAC-Unitary-addVFDPMMtr,RtL,Ex,CZ02,cDXHP,0,NE-HV_AirDist-SupFanMtr-cDXHP-2SpClgHtg-Cnst,None,,None,NE-HV_AirDist-SupFanMtr-cDXHP-2SpClgHtg-VFDPMMtr,None,,,Each
NE-HVAC-Unitary-addVFDStdMtr,RtL,Ex,CZ02,cDXHP,0,NE-HV_AirDist-SupFanMtr-cDXHP-2SpClgHtg-Cnst,None,,None,NE-HV_AirDist-SupFanMtr-cDXHP-2SpClgHtg-VFDStdMtr,None,,,Each
NE-HVAC-Unitary-addVFDExMtr,RtL,Ex,CZ01,cDXHP,0,NE-HV_AirDist-SupFanMtr-cDXHP-2SpClgHtg-Cnst,None,,None,NE-HV_AirDist-SupFanMtr-cDXHP-2SpClgHtg-VFDExMtr,None,,,Each
NE-HVAC-Unitary-addVFDPMMtr,RtL,Ex,CZ01,cDXHP,0,NE-HV_AirDist-SupFanMtr-cDXHP-2SpClgHtg-Cnst,None,,None,NE-HV_AirDist-SupFanMtr-cDXHP-2SpClgHtg-VFDPMMtr,None,,,Each
NE-HVAC-Unitary-addVFDStdMtr,RtL,Ex,CZ01,cDXHP,0,NE-HV_AirDist-SupFanMtr-cDXHP-2SpClgHtg-Cnst,None,,None,NE-HV_AirDist-SupFanMtr-cDXHP-2SpClgHtg-VFDStdMtr,None,,,Each
NE-HVAC-Unitary-addVFDExMtr,RtL,Ex,CZ16,cDXGF,0,NE-HV_AirDist-SupFanMtr-cDXGF-2SpClgHtg-Cnst,None,,None,NE-HV_AirDist-SupFanMtr-cDXGF-2SpClgHtg-VFDExMtr,None,,,Each
NE-HVAC-Unitary-addVFDPMMtr,RtL,Ex,CZ16,cDXGF,0,NE-HV_AirDist-SupFanMtr-cDXGF-2SpClgHtg-Cnst,None,,None,NE-HV_AirDist-SupFanMtr-cDXGF-2SpClgHtg-VFDPMMtr,None,,,Each
NE-HVAC-Unitary-addVFDStdMtr,RtL,Ex,CZ16,cDXGF,0,NE-HV_AirDist-SupFanMtr-cDXGF-2SpClgHtg-Cnst,None,,None,NE-HV_AirDist-SupFanMtr-cDXGF-2SpClgHtg-VFDStdMtr,None,,,Each
NE-HVAC-Unitary-addVFDExMtr,RtL,Ex,CZ15,cDXGF,0,NE-HV_AirDist-SupFanMtr-cDXGF-2SpClgHtg-Cnst,None,,None,NE-HV_AirDist-SupFanMtr-cDXGF-2SpClgHtg-VFDExMtr,None,,,Each
NE-HVAC-Unitary-addVFDPMMtr,RtL,Ex,CZ15,cDXGF,0,NE-HV_AirDist-SupFanMtr-cDXGF-2SpClgHtg-Cnst,None,,None,NE-HV_AirDist-SupFanMtr-cDXGF-2SpClgHtg-VFDPMMtr,None,,,Each
NE-HVAC-Unitary-addVFDStdMtr,RtL,Ex,CZ15,cDXGF,0,NE-HV_AirDist-SupFanMtr-cDXGF-2SpClgHtg-Cnst,None,,None,NE-HV_AirDist-SupFanMtr-cDXGF-2SpClgHtg-VFDStdMtr,None,,,Each
NE-HVAC-Unitary-addVFDExMtr,RtL,Ex,CZ14,cDXGF,0,NE-HV_AirDist-SupFanMtr-cDXGF-2SpClgHtg-Cnst,None,,None,NE-HV_AirDist-SupFanMtr-cDXGF-2SpClgHtg-VFDExMtr,None,,,Each
NE-HVAC-Unitary-addVFDPMMtr,RtL,Ex,CZ14,cDXGF,0,NE-HV_AirDist-SupFanMtr-cDXGF-2SpClgHtg-Cnst,None,,None,NE-HV_AirDist-SupFanMtr-cDXGF-2SpClgHtg-VFDPMMtr,None,,,Each
NE-HVAC-Unitary-addVFDStdMtr,RtL,Ex,CZ14,cDXGF,0,NE-HV_AirDist-SupFanMtr-cDXGF-2SpClgHtg-Cnst,None,,None,NE-HV_AirDist-SupFanMtr-cDXGF-2SpClgHtg-VFDStdMtr,None,,,Each
NE-HVAC-Unitary-addVFDExMtr,RtL,Ex,CZ13,cDXGF,0,NE-HV_AirDist-SupFanMtr-cDXGF-2SpClgHtg-Cnst,None,,None,NE-HV_AirDist-SupFanMtr-cDXGF-2SpClgHtg-VFDExMtr,None,,,Each
NE-HVAC-Unitary-addVFDPMMtr,RtL,Ex,CZ13,cDXGF,0,NE-HV_AirDist-SupFanMtr-cDXGF-2SpClgHtg-Cnst,None,,None,NE-HV_AirDist-SupFanMtr-cDXGF-2SpClgHtg-VFDPMMtr,None,,,Each
NE-HVAC-Unitary-addVFDStdMtr,RtL,Ex,CZ13,cDXGF,0,NE-HV_AirDist-SupFanMtr-cDXGF-2SpClgHtg-Cnst,None,,None,NE-HV_AirDist-SupFanMtr-cDXGF-2SpClgHtg-VFDStdMtr,None,,,Each
NE-HVAC-Unitary-addVFDExMtr,RtL,Ex,CZ12,cDXGF,0,NE-HV_AirDist-SupFanMtr-cDXGF-2SpClgHtg-Cnst,None,,None,NE-HV_AirDist-SupFanMtr-cDXGF-2SpClgHtg-VFDExMtr,None,,,Each
NE-HVAC-Unitary-addVFDPMMtr,RtL,Ex,CZ12,cDXGF,0,NE-HV_AirDist-SupFanMtr-cDXGF-2SpClgHtg-Cnst,None,,None,NE-HV_AirDist-SupFanMtr-cDXGF-2SpClgHtg-VFDPMMtr,None,,,Each
NE-HVAC-Unitary-addVFDStdMtr,RtL,Ex,CZ12,cDXGF,0,NE-HV_AirDist-SupFanMtr-cDXGF-2SpClgHtg-Cnst,None,,None,NE-HV_AirDist-SupFanMtr-cDXGF-2SpClgHtg-VFDStdMtr,None,,,Each
NE-HVAC-Unitary-addVFDExMtr,RtL,Ex,CZ11,cDXGF,0,NE-HV_AirDist-SupFanMtr-cDXGF-2SpClgHtg-Cnst,None,,None,NE-HV_AirDist-SupFanMtr-cDXGF-2SpClgHtg-VFDExMtr,None,,,Each
NE-HVAC-Unitary-addVFDPMMtr,RtL,Ex,CZ11,cDXGF,0,NE-HV_AirDist-SupFanMtr-cDXGF-2SpClgHtg-Cnst,None,,None,NE-HV_AirDist-SupFanMtr-cDXGF-2SpClgHtg-VFDPMMtr,None,,,Each
NE-HVAC-Unitary-addVFDStdMtr,RtL,Ex,CZ11,cDXGF,0,NE-HV_AirDist-SupFanMtr-cDXGF-2SpClgHtg-Cnst,None,,None,NE-HV_AirDist-SupFanMtr-cDXGF-2SpClgHtg-VFDStdMtr,None,,,Each
NE-HVAC-Unitary-addVFDExMtr,RtL,Ex,CZ10,cDXGF,0,NE-HV_AirDist-SupFanMtr-cDXGF-2SpClgHtg-Cnst,None,,None,NE-HV_AirDist-SupFanMtr-cDXGF-2SpClgHtg-VFDExMtr,None,,,Each
NE-HVAC-Unitary-addVFDPMMtr,RtL,Ex,CZ10,cDXGF,0,NE-HV_AirDist-SupFanMtr-cDXGF-2SpClgHtg-Cnst,None,,None,NE-HV_AirDist-SupFanMtr-cDXGF-2SpClgHtg-VFDPMMtr,None,,,Each
NE-HVAC-Unitary-addVFDStdMtr,RtL,Ex,CZ10,cDXGF,0,NE-HV_AirDist-SupFanMtr-cDXGF-2SpClgHtg-Cnst,None,,None,NE-HV_AirDist-SupFanMtr-cDXGF-2SpClgHtg-VFDStdMtr,None,,,Each
NE-HVAC-Unitary-addVFDExMtr,RtL,Ex,CZ09,cDXGF,0,NE-HV_AirDist-SupFanMtr-cDXGF-2SpClgHtg-Cnst,None,,None,NE-HV_AirDist-SupFanMtr-cDXGF-2SpClgHtg-VFDExMtr,None,,,Each
NE-HVAC-Unitary-addVFDPMMtr,RtL,Ex,CZ09,cDXGF,0,NE-HV_AirDist-SupFanMtr-cDXGF-2SpClgHtg-Cnst,None,,None,NE-HV_AirDist-SupFanMtr-cDXGF-2SpClgHtg-VFDPMMtr,None,,,Each
NE-HVAC-Unitary-addVFDStdMtr,RtL,Ex,CZ09,cDXGF,0,NE-HV_AirDist-SupFanMtr-cDXGF-2SpClgHtg-Cnst,None,,None,NE-HV_AirDist-SupFanMtr-cDXGF-2SpClgHtg-VFDStdMtr,None,,,Each
NE-HVAC-Unitary-addVFDExMtr,RtL,Ex,CZ08,cDXGF,0,NE-HV_AirDist-SupFanMtr-cDXGF-2SpClgHtg-Cnst,None,,None,NE-HV_AirDist-SupFanMtr-cDXGF-2SpClgHtg-VFDExMtr,None,,,Each
NE-HVAC-Unitary-addVFDPMMtr,RtL,Ex,CZ08,cDXGF,0,NE-HV_AirDist-SupFanMtr-cDXGF-2SpClgHtg-Cnst,None,,None,NE-HV_AirDist-SupFanMtr-cDXGF-2SpClgHtg-VFDPMMtr,None,,,Each
NE-HVAC-Unitary-addVFDStdMtr,RtL,Ex,CZ08,cDXGF,0,NE-HV_AirDist-SupFanMtr-cDXGF-2SpClgHtg-Cnst,None,,None,NE-HV_AirDist-SupFanMtr-cDXGF-2SpClgHtg-VFDStdMtr,None,,,Each
NE-HVAC-Unitary-addVFDExMtr,RtL,Ex,CZ07,cDXGF,0,NE-HV_AirDist-SupFanMtr-cDXGF-2SpClgHtg-Cnst,None,,None,NE-HV_AirDist-SupFanMtr-cDXGF-2SpClgHtg-VFDExMtr,None,,,Each
NE-HVAC-Unitary-addVFDPMMtr,RtL,Ex,CZ07,cDXGF,0,NE-HV_AirDist-SupFanMtr-cDXGF-2SpClgHtg-Cnst,None,,None,NE-HV_AirDist-SupFanMtr-cDXGF-2SpClgHtg-VFDPMMtr,None,,,Each
NE-HVAC-Unitary-addVFDStdMtr,RtL,Ex,CZ07,cDXGF,0,NE-HV_AirDist-SupFanMtr-cDXGF-2SpClgHtg-Cnst,None,,None,NE-HV_AirDist-SupFanMtr-cDXGF-2SpClgHtg-VFDStdMtr,None,,,Each
NE-HVAC-Unitary-addVFDExMtr,RtL,Ex,CZ06,cDXGF,0,NE-HV_AirDist-SupFanMtr-cDXGF-2SpClgHtg-Cnst,None,,None,NE-HV_AirDist-SupFanMtr-cDXGF-2SpClgHtg-VFDExMtr,None,,,Each
NE-HVAC-Unitary-addVFDPMMtr,RtL,Ex,CZ06,cDXGF,0,NE-HV_AirDist-SupFanMtr-cDXGF-2SpClgHtg-Cnst,None,,None,NE-HV_AirDist-SupFanMtr-cDXGF-2SpClgHtg-VFDPMMtr,None,,,Each
NE-HVAC-Unitary-addVFDStdMtr,RtL,Ex,CZ06,cDXGF,0,NE-HV_AirDist-SupFanMtr-cDXGF-2SpClgHtg-Cnst,None,,None,NE-HV_AirDist-SupFanMtr-cDXGF-2SpClgHtg-VFDStdMtr,None,,,Each
NE-HVAC-Unitary-addVFDExMtr,RtL,Ex,CZ05,cDXGF,0,NE-HV_AirDist-SupFanMtr-cDXGF-2SpClgHtg-Cnst,None,,None,NE-HV_AirDist-SupFanMtr-cDXGF-2SpClgHtg-VFDExMtr,None,,,Each
NE-HVAC-Unitary-addVFDPMMtr,RtL,Ex,CZ05,cDXGF,0,NE-HV_AirDist-SupFanMtr-cDXGF-2SpClgHtg-Cnst,None,,None,NE-HV_AirDist-SupFanMtr-cDXGF-2SpClgHtg-VFDPMMtr,None,,,Each
NE-HVAC-Unitary-addVFDStdMtr,RtL,Ex,CZ05,cDXGF,0,NE-HV_AirDist-SupFanMtr-cDXGF-2SpClgHtg-Cnst,None,,None,NE-HV_AirDist-SupFanMtr-cDXGF-2SpClgHtg-VFDStdMtr,None,,,Each
NE-HVAC-Unitary-addVFDExMtr,RtL,Ex,CZ04,cDXGF,0,NE-HV_AirDist-SupFanMtr-cDXGF-2SpClgHtg-Cnst,None,,None,NE-HV_AirDist-SupFanMtr-cDXGF-2SpClgHtg-VFDExMtr,None,,,Each
NE-HVAC-Unitary-addVFDPMMtr,RtL,Ex,CZ04,cDXGF,0,NE-HV_AirDist-SupFanMtr-cDXGF-2SpClgHtg-Cnst,None,,None,NE-HV_AirDist-SupFanMtr-cDXGF-2SpClgHtg-VFDPMMtr,None,,,Each
NE-HVAC-Unitary-addVFDStdMtr,RtL,Ex,CZ04,cDXGF,0,NE-HV_AirDist-SupFanMtr-cDXGF-2SpClgHtg-Cnst,None,,None,NE-HV_AirDist-SupFanMtr-cDXGF-2SpClgHtg-VFDStdMtr,None,,,Each
NE-HVAC-Unitary-addVFDExMtr,RtL,Ex,CZ03,cDXGF,0,NE-HV_AirDist-SupFanMtr-cDXGF-2SpClgHtg-Cnst,None,,None,NE-HV_AirDist-SupFanMtr-cDXGF-2SpClgHtg-VFDExMtr,None,,,Each
NE-HVAC-Unitary-addVFDPMMtr,RtL,Ex,CZ03,cDXGF,0,NE-HV_AirDist-SupFanMtr-cDXGF-2SpClgHtg-Cnst,None,,None,NE-HV_AirDist-SupFanMtr-cDXGF-2SpClgHtg-VFDPMMtr,None,,,Each
NE-HVAC-Unitary-addVFDStdMtr,RtL,Ex,CZ03,cDXGF,0,NE-HV_AirDist-SupFanMtr-cDXGF-2SpClgHtg-Cnst,None,,None,NE-HV_AirDist-SupFanMtr-cDXGF-2SpClgHtg-VFDStdMtr,None,,,Each
NE-HVAC-Unitary-addVFDExMtr,RtL,Ex,CZ02,cDXGF,0,NE-HV_AirDist-SupFanMtr-cDXGF-2SpClgHtg-Cnst,None,,None,NE-HV_AirDist-SupFanMtr-cDXGF-2SpClgHtg-VFDExMtr,None,,,Each
NE-HVAC-Unitary-addVFDPMMtr,RtL,Ex,CZ02,cDXGF,0,NE-HV_AirDist-SupFanMtr-cDXGF-2SpClgHtg-Cnst,None,,None,NE-HV_AirDist-SupFanMtr-cDXGF-2SpClgHtg-VFDPMMtr,None,,,Each
NE-HVAC-Unitary-addVFDStdMtr,RtL,Ex,CZ02,cDXGF,0,NE-HV_AirDist-SupFanMtr-cDXGF-2SpClgHtg-Cnst,None,,None,NE-HV_AirDist-SupFanMtr-cDXGF-2SpClgHtg-VFDStdMtr,None,,,Each
NE-HVAC-Unitary-addVFDExMtr,RtL,Ex,CZ01,cDXGF,0,NE-HV_AirDist-SupFanMtr-cDXGF-2SpClgHtg-Cnst,None,,None,NE-HV_AirDist-SupFanMtr-cDXGF-2SpClgHtg-VFDExMtr,None,,,Each
NE-HVAC-Unitary-addVFDPMMtr,RtL,Ex,CZ01,cDXGF,0,NE-HV_AirDist-SupFanMtr-cDXGF-2SpClgHtg-Cnst,None,,None,NE-HV_AirDist-SupFanMtr-cDXGF-2SpClgHtg-VFDPMMtr,None,,,Each
NE-HVAC-Unitary-addVFDStdMtr,RtL,Ex,CZ01,cDXGF,0,NE-HV_AirDist-SupFanMtr-cDXGF-2SpClgHtg-Cnst,None,,None,NE-HV_AirDist-SupFanMtr-cDXGF-2SpClgHtg-VFDStdMtr,None,,,Each
NE-HVAC-Unitary-addVFDExMtr,Rt3,Ex,CZ16,cDXOH,0,NE-HV_AirDist-SupFanMtr-cDXOH-2SpClgHtg-Cnst,None,,None,NE-HV_AirDist-SupFanMtr-cDXOH-2SpClgHtg-VFDExMtr,None,,,Each
NE-HVAC-Unitary-addVFDPMMtr,Rt3,Ex,CZ16,cDXOH,0,NE-HV_AirDist-SupFanMtr-cDXOH-2SpClgHtg-Cnst,None,,None,NE-HV_AirDist-SupFanMtr-cDXOH-2SpClgHtg-VFDPMMtr,None,,,Each
NE-HVAC-Unitary-addVFDStdMtr,Rt3,Ex,CZ16,cDXOH,0,NE-HV_AirDist-SupFanMtr-cDXOH-2SpClgHtg-Cnst,None,,None,NE-HV_AirDist-SupFanMtr-cDXOH-2SpClgHtg-VFDStdMtr,None,,,Each
NE-HVAC-Unitary-addVFDExMtr,Rt3,Ex,CZ15,cDXOH,0,NE-HV_AirDist-SupFanMtr-cDXOH-2SpClgHtg-Cnst,None,,None,NE-HV_AirDist-SupFanMtr-cDXOH-2SpClgHtg-VFDExMtr,None,,,Each
NE-HVAC-Unitary-addVFDPMMtr,Rt3,Ex,CZ15,cDXOH,0,NE-HV_AirDist-SupFanMtr-cDXOH-2SpClgHtg-Cnst,None,,None,NE-HV_AirDist-SupFanMtr-cDXOH-2SpClgHtg-VFDPMMtr,None,,,Each
NE-HVAC-Unitary-addVFDStdMtr,Rt3,Ex,CZ15,cDXOH,0,NE-HV_AirDist-SupFanMtr-cDXOH-2SpClgHtg-Cnst,None,,None,NE-HV_AirDist-SupFanMtr-cDXOH-2SpClgHtg-VFDStdMtr,None,,,Each
NE-HVAC-Unitary-addVFDExMtr,Rt3,Ex,CZ14,cDXOH,0,NE-HV_AirDist-SupFanMtr-cDXOH-2SpClgHtg-Cnst,None,,None,NE-HV_AirDist-SupFanMtr-cDXOH-2SpClgHtg-VFDExMtr,None,,,Each
NE-HVAC-Unitary-addVFDPMMtr,Rt3,Ex,CZ14,cDXOH,0,NE-HV_AirDist-SupFanMtr-cDXOH-2SpClgHtg-Cnst,None,,None,NE-HV_AirDist-SupFanMtr-cDXOH-2SpClgHtg-VFDPMMtr,None,,,Each
NE-HVAC-Unitary-addVFDStdMtr,Rt3,Ex,CZ14,cDXOH,0,NE-HV_AirDist-SupFanMtr-cDXOH-2SpClgHtg-Cnst,None,,None,NE-HV_AirDist-SupFanMtr-cDXOH-2SpClgHtg-VFDStdMtr,None,,,Each
NE-HVAC-Unitary-addVFDExMtr,Rt3,Ex,CZ13,cDXOH,0,NE-HV_AirDist-SupFanMtr-cDXOH-2SpClgHtg-Cnst,None,,None,NE-HV_AirDist-SupFanMtr-cDXOH-2SpClgHtg-VFDExMtr,None,,,Each
NE-HVAC-Unitary-addVFDPMMtr,Rt3,Ex,CZ13,cDXOH,0,NE-HV_AirDist-SupFanMtr-cDXOH-2SpClgHtg-Cnst,None,,None,NE-HV_AirDist-SupFanMtr-cDXOH-2SpClgHtg-VFDPMMtr,None,,,Each
NE-HVAC-Unitary-addVFDStdMtr,Rt3,Ex,CZ13,cDXOH,0,NE-HV_AirDist-SupFanMtr-cDXOH-2SpClgHtg-Cnst,None,,None,NE-HV_AirDist-SupFanMtr-cDXOH-2SpClgHtg-VFDStdMtr,None,,,Each
NE-HVAC-Unitary-addVFDExMtr,Rt3,Ex,CZ12,cDXOH,0,NE-HV_AirDist-SupFanMtr-cDXOH-2SpClgHtg-Cnst,None,,None,NE-HV_AirDist-SupFanMtr-cDXOH-2SpClgHtg-VFDExMtr,None,,,Each
NE-HVAC-Unitary-addVFDPMMtr,Rt3,Ex,CZ12,cDXOH,0,NE-HV_AirDist-SupFanMtr-cDXOH-2SpClgHtg-Cnst,None,,None,NE-HV_AirDist-SupFanMtr-cDXOH-2SpClgHtg-VFDPMMtr,None,,,Each
NE-HVAC-Unitary-addVFDStdMtr,Rt3,Ex,CZ12,cDXOH,0,NE-HV_AirDist-SupFanMtr-cDXOH-2SpClgHtg-Cnst,None,,None,NE-HV_AirDist-SupFanMtr-cDXOH-2SpClgHtg-VFDStdMtr,None,,,Each
NE-HVAC-Unitary-addVFDExMtr,Rt3,Ex,CZ11,cDXOH,0,NE-HV_AirDist-SupFanMtr-cDXOH-2SpClgHtg-Cnst,None,,None,NE-HV_AirDist-SupFanMtr-cDXOH-2SpClgHtg-VFDExMtr,None,,,Each
NE-HVAC-Unitary-addVFDPMMtr,Rt3,Ex,CZ11,cDXOH,0,NE-HV_AirDist-SupFanMtr-cDXOH-2SpClgHtg-Cnst,None,,None,NE-HV_AirDist-SupFanMtr-cDXOH-2SpClgHtg-VFDPMMtr,None,,,Each
NE-HVAC-Unitary-addVFDStdMtr,Rt3,Ex,CZ11,cDXOH,0,NE-HV_AirDist-SupFanMtr-cDXOH-2SpClgHtg-Cnst,None,,None,NE-HV_AirDist-SupFanMtr-cDXOH-2SpClgHtg-VFDStdMtr,None,,,Each
NE-HVAC-Unitary-addVFDExMtr,Rt3,Ex,CZ10,cDXOH,0,NE-HV_AirDist-SupFanMtr-cDXOH-2SpClgHtg-Cnst,None,,None,NE-HV_AirDist-SupFanMtr-cDXOH-2SpClgHtg-VFDExMtr,None,,,Each
NE-HVAC-Unitary-addVFDPMMtr,Rt3,Ex,CZ10,cDXOH,0,NE-HV_AirDist-SupFanMtr-cDXOH-2SpClgHtg-Cnst,None,,None,NE-HV_AirDist-SupFanMtr-cDXOH-2SpClgHtg-VFDPMMtr,None,,,Each
NE-HVAC-Unitary-addVFDStdMtr,Rt3,Ex,CZ10,cDXOH,0,NE-HV_AirDist-SupFanMtr-cDXOH-2SpClgHtg-Cnst,None,,None,NE-HV_AirDist-SupFanMtr-cDXOH-2SpClgHtg-VFDStdMtr,None,,,Each
NE-HVAC-Unitary-addVFDExMtr,Rt3,Ex,CZ09,cDXOH,0,NE-HV_AirDist-SupFanMtr-cDXOH-2SpClgHtg-Cnst,None,,None,NE-HV_AirDist-SupFanMtr-cDXOH-2SpClgHtg-VFDExMtr,None,,,Each
NE-HVAC-Unitary-addVFDPMMtr,Rt3,Ex,CZ09,cDXOH,0,NE-HV_AirDist-SupFanMtr-cDXOH-2SpClgHtg-Cnst,None,,None,NE-HV_AirDist-SupFanMtr-cDXOH-2SpClgHtg-VFDPMMtr,None,,,Each
NE-HVAC-Unitary-addVFDStdMtr,Rt3,Ex,CZ09,cDXOH,0,NE-HV_AirDist-SupFanMtr-cDXOH-2SpClgHtg-Cnst,None,,None,NE-HV_AirDist-SupFanMtr-cDXOH-2SpClgHtg-VFDStdMtr,None,,,Each
NE-HVAC-Unitary-addVFDExMtr,Rt3,Ex,CZ08,cDXOH,0,NE-HV_AirDist-SupFanMtr-cDXOH-2SpClgHtg-Cnst,None,,None,NE-HV_AirDist-SupFanMtr-cDXOH-2SpClgHtg-VFDExMtr,None,,,Each
NE-HVAC-Unitary-addVFDPMMtr,Rt3,Ex,CZ08,cDXOH,0,NE-HV_AirDist-SupFanMtr-cDXOH-2SpClgHtg-Cnst,None,,None,NE-HV_AirDist-SupFanMtr-cDXOH-2SpClgHtg-VFDPMMtr,None,,,Each
NE-HVAC-Unitary-addVFDStdMtr,Rt3,Ex,CZ08,cDXOH,0,NE-HV_AirDist-SupFanMtr-cDXOH-2SpClgHtg-Cnst,None,,None,NE-HV_AirDist-SupFanMtr-cDXOH-2SpClgHtg-VFDStdMtr,None,,,Each
NE-HVAC-Unitary-addVFDExMtr,Rt3,Ex,CZ07,cDXOH,0,NE-HV_AirDist-SupFanMtr-cDXOH-2SpClgHtg-Cnst,None,,None,NE-HV_AirDist-SupFanMtr-cDXOH-2SpClgHtg-VFDExMtr,None,,,Each
NE-HVAC-Unitary-addVFDPMMtr,Rt3,Ex,CZ07,cDXOH,0,NE-HV_AirDist-SupFanMtr-cDXOH-2SpClgHtg-Cnst,None,,None,NE-HV_AirDist-SupFanMtr-cDXOH-2SpClgHtg-VFDPMMtr,None,,,Each
NE-HVAC-Unitary-addVFDStdMtr,Rt3,Ex,CZ07,cDXOH,0,NE-HV_AirDist-SupFanMtr-cDXOH-2SpClgHtg-Cnst,None,,None,NE-HV_AirDist-SupFanMtr-cDXOH-2SpClgHtg-VFDStdMtr,None,,,Each
NE-HVAC-Unitary-addVFDExMtr,Rt3,Ex,CZ06,cDXOH,0,NE-HV_AirDist-SupFanMtr-cDXOH-2SpClgHtg-Cnst,None,,None,NE-HV_AirDist-SupFanMtr-cDXOH-2SpClgHtg-VFDExMtr,None,,,Each
NE-HVAC-Unitary-addVFDPMMtr,Rt3,Ex,CZ06,cDXOH,0,NE-HV_AirDist-SupFanMtr-cDXOH-2SpClgHtg-Cnst,None,,None,NE-HV_AirDist-SupFanMtr-cDXOH-2SpClgHtg-VFDPMMtr,None,,,Each
NE-HVAC-Unitary-addVFDStdMtr,Rt3,Ex,CZ06,cDXOH,0,NE-HV_AirDist-SupFanMtr-cDXOH-2SpClgHtg-Cnst,None,,None,NE-HV_AirDist-SupFanMtr-cDXOH-2SpClgHtg-VFDStdMtr,None,,,Each
NE-HVAC-Unitary-addVFDExMtr,Rt3,Ex,CZ05,cDXOH,0,NE-HV_AirDist-SupFanMtr-cDXOH-2SpClgHtg-Cnst,None,,None,NE-HV_AirDist-SupFanMtr-cDXOH-2SpClgHtg-VFDExMtr,None,,,Each
NE-HVAC-Unitary-addVFDPMMtr,Rt3,Ex,CZ05,cDXOH,0,NE-HV_AirDist-SupFanMtr-cDXOH-2SpClgHtg-Cnst,None,,None,NE-HV_AirDist-SupFanMtr-cDXOH-2SpClgHtg-VFDPMMtr,None,,,Each
NE-HVAC-Unitary-addVFDStdMtr,Rt3,Ex,CZ05,cDXOH,0,NE-HV_AirDist-SupFanMtr-cDXOH-2SpClgHtg-Cnst,None,,None,NE-HV_AirDist-SupFanMtr-cDXOH-2SpClgHtg-VFDStdMtr,None,,,Each
NE-HVAC-Unitary-addVFDExMtr,Rt3,Ex,CZ04,cDXOH,0,NE-HV_AirDist-SupFanMtr-cDXOH-2SpClgHtg-Cnst,None,,None,NE-HV_AirDist-SupFanMtr-cDXOH-2SpClgHtg-VFDExMtr,None,,,Each
NE-HVAC-Unitary-addVFDPMMtr,Rt3,Ex,CZ04,cDXOH,0,NE-HV_AirDist-SupFanMtr-cDXOH-2SpClgHtg-Cnst,None,,None,NE-HV_AirDist-SupFanMtr-cDXOH-2SpClgHtg-VFDPMMtr,None,,,Each
NE-HVAC-Unitary-addVFDStdMtr,Rt3,Ex,CZ04,cDXOH,0,NE-HV_AirDist-SupFanMtr-cDXOH-2SpClgHtg-Cnst,None,,None,NE-HV_AirDist-SupFanMtr-cDXOH-2SpClgHtg-VFDStdMtr,None,,,Each
NE-HVAC-Unitary-addVFDExMtr,Rt3,Ex,CZ03,cDXOH,0,NE-HV_AirDist-SupFanMtr-cDXOH-2SpClgHtg-Cnst,None,,None,NE-HV_AirDist-SupFanMtr-cDXOH-2SpClgHtg-VFDExMtr,None,,,Each
NE-HVAC-Unitary-addVFDPMMtr,Rt3,Ex,CZ03,cDXOH,0,NE-HV_AirDist-SupFanMtr-cDXOH-2SpClgHtg-Cnst,None,,None,NE-HV_AirDist-SupFanMtr-cDXOH-2SpClgHtg-VFDPMMtr,None,,,Each
NE-HVAC-Unitary-addVFDStdMtr,Rt3,Ex,CZ03,cDXOH,0,NE-HV_AirDist-SupFanMtr-cDXOH-2SpClgHtg-Cnst,None,,None,NE-HV_AirDist-SupFanMtr-cDXOH-2SpClgHtg-VFDStdMtr,None,,,Each
NE-HVAC-Unitary-addVFDExMtr,Rt3,Ex,CZ02,cDXOH,0,NE-HV_AirDist-SupFanMtr-cDXOH-2SpClgHtg-Cnst,None,,None,NE-HV_AirDist-SupFanMtr-cDXOH-2SpClgHtg-VFDExMtr,None,,,Each
NE-HVAC-Unitary-addVFDPMMtr,Rt3,Ex,CZ02,cDXOH,0,NE-HV_AirDist-SupFanMtr-cDXOH-2SpClgHtg-Cnst,None,,None,NE-HV_AirDist-SupFanMtr-cDXOH-2SpClgHtg-VFDPMMtr,None,,,Each
NE-HVAC-Unitary-addVFDStdMtr,Rt3,Ex,CZ02,cDXOH,0,NE-HV_AirDist-SupFanMtr-cDXOH-2SpClgHtg-Cnst,None,,None,NE-HV_AirDist-SupFanMtr-cDXOH-2SpClgHtg-VFDStdMtr,None,,,Each
NE-HVAC-Unitary-addVFDExMtr,Rt3,Ex,CZ01,cDXOH,0,NE-HV_AirDist-SupFanMtr-cDXOH-2SpClgHtg-Cnst,None,,None,NE-HV_AirDist-SupFanMtr-cDXOH-2SpClgHtg-VFDExMtr,None,,,Each
NE-HVAC-Unitary-addVFDPMMtr,Rt3,Ex,CZ01,cDXOH,0,NE-HV_AirDist-SupFanMtr-cDXOH-2SpClgHtg-Cnst,None,,None,NE-HV_AirDist-SupFanMtr-cDXOH-2SpClgHtg-VFDPMMtr,None,,,Each
NE-HVAC-Unitary-addVFDStdMtr,Rt3,Ex,CZ01,cDXOH,0,NE-HV_AirDist-SupFanMtr-cDXOH-2SpClgHtg-Cnst,None,,None,NE-HV_AirDist-SupFanMtr-cDXOH-2SpClgHtg-VFDStdMtr,None,,,Each
NE-HVAC-Unitary-addVFDExMtr,Rt3,Ex,CZ16,cDXHP,0,NE-HV_AirDist-SupFanMtr-cDXHP-2SpClgHtg-Cnst,None,,None,NE-HV_AirDist-SupFanMtr-cDXHP-2SpClgHtg-VFDExMtr,None,,,Each
NE-HVAC-Unitary-addVFDPMMtr,Rt3,Ex,CZ16,cDXHP,0,NE-HV_AirDist-SupFanMtr-cDXHP-2SpClgHtg-Cnst,None,,None,NE-HV_AirDist-SupFanMtr-cDXHP-2SpClgHtg-VFDPMMtr,None,,,Each
NE-HVAC-Unitary-addVFDStdMtr,Rt3,Ex,CZ16,cDXHP,0,NE-HV_AirDist-SupFanMtr-cDXHP-2SpClgHtg-Cnst,None,,None,NE-HV_AirDist-SupFanMtr-cDXHP-2SpClgHtg-VFDStdMtr,None,,,Each
NE-HVAC-Unitary-addVFDExMtr,Rt3,Ex,CZ15,cDXHP,0,NE-HV_AirDist-SupFanMtr-cDXHP-2SpClgHtg-Cnst,None,,None,NE-HV_AirDist-SupFanMtr-cDXHP-2SpClgHtg-VFDExMtr,None,,,Each
NE-HVAC-Unitary-addVFDPMMtr,Rt3,Ex,CZ15,cDXHP,0,NE-HV_AirDist-SupFanMtr-cDXHP-2SpClgHtg-Cnst,None,,None,NE-HV_AirDist-SupFanMtr-cDXHP-2SpClgHtg-VFDPMMtr,None,,,Each
NE-HVAC-Unitary-addVFDStdMtr,Rt3,Ex,CZ15,cDXHP,0,NE-HV_AirDist-SupFanMtr-cDXHP-2SpClgHtg-Cnst,None,,None,NE-HV_AirDist-SupFanMtr-cDXHP-2SpClgHtg-VFDStdMtr,None,,,Each
NE-HVAC-Unitary-addVFDExMtr,Rt3,Ex,CZ14,cDXHP,0,NE-HV_AirDist-SupFanMtr-cDXHP-2SpClgHtg-Cnst,None,,None,NE-HV_AirDist-SupFanMtr-cDXHP-2SpClgHtg-VFDExMtr,None,,,Each
NE-HVAC-Unitary-addVFDPMMtr,Rt3,Ex,CZ14,cDXHP,0,NE-HV_AirDist-SupFanMtr-cDXHP-2SpClgHtg-Cnst,None,,None,NE-HV_AirDist-SupFanMtr-cDXHP-2SpClgHtg-VFDPMMtr,None,,,Each
NE-HVAC-Unitary-addVFDStdMtr,Rt3,Ex,CZ14,cDXHP,0,NE-HV_AirDist-SupFanMtr-cDXHP-2SpClgHtg-Cnst,None,,None,NE-HV_AirDist-SupFanMtr-cDXHP-2SpClgHtg-VFDStdMtr,None,,,Each
NE-HVAC-Unitary-addVFDExMtr,Rt3,Ex,CZ13,cDXHP,0,NE-HV_AirDist-SupFanMtr-cDXHP-2SpClgHtg-Cnst,None,,None,NE-HV_AirDist-SupFanMtr-cDXHP-2SpClgHtg-VFDExMtr,None,,,Each
NE-HVAC-Unitary-addVFDPMMtr,Rt3,Ex,CZ13,cDXHP,0,NE-HV_AirDist-SupFanMtr-cDXHP-2SpClgHtg-Cnst,None,,None,NE-HV_AirDist-SupFanMtr-cDXHP-2SpClgHtg-VFDPMMtr,None,,,Each
NE-HVAC-Unitary-addVFDStdMtr,Rt3,Ex,CZ13,cDXHP,0,NE-HV_AirDist-SupFanMtr-cDXHP-2SpClgHtg-Cnst,None,,None,NE-HV_AirDist-SupFanMtr-cDXHP-2SpClgHtg-VFDStdMtr,None,,,Each
NE-HVAC-Unitary-addVFDExMtr,Rt3,Ex,CZ12,cDXHP,0,NE-HV_AirDist-SupFanMtr-cDXHP-2SpClgHtg-Cnst,None,,None,NE-HV_AirDist-SupFanMtr-cDXHP-2SpClgHtg-VFDExMtr,None,,,Each
NE-HVAC-Unitary-addVFDPMMtr,Rt3,Ex,CZ12,cDXHP,0,NE-HV_AirDist-SupFanMtr-cDXHP-2SpClgHtg-Cnst,None,,None,NE-HV_AirDist-SupFanMtr-cDXHP-2SpClgHtg-VFDPMMtr,None,,,Each
NE-HVAC-Unitary-addVFDStdMtr,Rt3,Ex,CZ12,cDXHP,0,NE-HV_AirDist-SupFanMtr-cDXHP-2SpClgHtg-Cnst,None,,None,NE-HV_AirDist-SupFanMtr-cDXHP-2SpClgHtg-VFDStdMtr,None,,,Each
NE-HVAC-Unitary-addVFDExMtr,Rt3,Ex,CZ11,cDXHP,0,NE-HV_AirDist-SupFanMtr-cDXHP-2SpClgHtg-Cnst,None,,None,NE-HV_AirDist-SupFanMtr-cDXHP-2SpClgHtg-VFDExMtr,None,,,Each
NE-HVAC-Unitary-addVFDPMMtr,Rt3,Ex,CZ11,cDXHP,0,NE-HV_AirDist-SupFanMtr-cDXHP-2SpClgHtg-Cnst,None,,None,NE-HV_AirDist-SupFanMtr-cDXHP-2SpClgHtg-VFDPMMtr,None,,,Each
NE-HVAC-Unitary-addVFDStdMtr,Rt3,Ex,CZ11,cDXHP,0,NE-HV_AirDist-SupFanMtr-cDXHP-2SpClgHtg-Cnst,None,,None,NE-HV_AirDist-SupFanMtr-cDXHP-2SpClgHtg-VFDStdMtr,None,,,Each
NE-HVAC-Unitary-addVFDExMtr,Rt3,Ex,CZ10,cDXHP,0,NE-HV_AirDist-SupFanMtr-cDXHP-2SpClgHtg-Cnst,None,,None,NE-HV_AirDist-SupFanMtr-cDXHP-2SpClgHtg-VFDExMtr,None,,,Each
NE-HVAC-Unitary-addVFDPMMtr,Rt3,Ex,CZ10,cDXHP,0,NE-HV_AirDist-SupFanMtr-cDXHP-2SpClgHtg-Cnst,None,,None,NE-HV_AirDist-SupFanMtr-cDXHP-2SpClgHtg-VFDPMMtr,None,,,Each
NE-HVAC-Unitary-addVFDStdMtr,Rt3,Ex,CZ10,cDXHP,0,NE-HV_AirDist-SupFanMtr-cDXHP-2SpClgHtg-Cnst,None,,None,NE-HV_AirDist-SupFanMtr-cDXHP-2SpClgHtg-VFDStdMtr,None,,,Each
NE-HVAC-Unitary-addVFDExMtr,Rt3,Ex,CZ09,cDXHP,0,NE-HV_AirDist-SupFanMtr-cDXHP-2SpClgHtg-Cnst,None,,None,NE-HV_AirDist-SupFanMtr-cDXHP-2SpClgHtg-VFDExMtr,None,,,Each
NE-HVAC-Unitary-addVFDPMMtr,Rt3,Ex,CZ09,cDXHP,0,NE-HV_AirDist-SupFanMtr-cDXHP-2SpClgHtg-Cnst,None,,None,NE-HV_AirDist-SupFanMtr-cDXHP-2SpClgHtg-VFDPMMtr,None,,,Each
NE-HVAC-Unitary-addVFDStdMtr,Rt3,Ex,CZ09,cDXHP,0,NE-HV_AirDist-SupFanMtr-cDXHP-2SpClgHtg-Cnst,None,,None,NE-HV_AirDist-SupFanMtr-cDXHP-2SpClgHtg-VFDStdMtr,None,,,Each
NE-HVAC-Unitary-addVFDExMtr,Rt3,Ex,CZ08,cDXHP,0,NE-HV_AirDist-SupFanMtr-cDXHP-2SpClgHtg-Cnst,None,,None,NE-HV_AirDist-SupFanMtr-cDXHP-2SpClgHtg-VFDExMtr,None,,,Each
NE-HVAC-Unitary-addVFDPMMtr,Rt3,Ex,CZ08,cDXHP,0,NE-HV_AirDist-SupFanMtr-cDXHP-2SpClgHtg-Cnst,None,,None,NE-HV_AirDist-SupFanMtr-cDXHP-2SpClgHtg-VFDPMMtr,None,,,Each
NE-HVAC-Unitary-addVFDStdMtr,Rt3,Ex,CZ08,cDXHP,0,NE-HV_AirDist-SupFanMtr-cDXHP-2SpClgHtg-Cnst,None,,None,NE-HV_AirDist-SupFanMtr-cDXHP-2SpClgHtg-VFDStdMtr,None,,,Each
NE-HVAC-Unitary-addVFDExMtr,Rt3,Ex,CZ07,cDXHP,0,NE-HV_AirDist-SupFanMtr-cDXHP-2SpClgHtg-Cnst,None,,None,NE-HV_AirDist-SupFanMtr-cDXHP-2SpClgHtg-VFDExMtr,None,,,Each
NE-HVAC-Unitary-addVFDPMMtr,Rt3,Ex,CZ07,cDXHP,0,NE-HV_AirDist-SupFanMtr-cDXHP-2SpClgHtg-Cnst,None,,None,NE-HV_AirDist-SupFanMtr-cDXHP-2SpClgHtg-VFDPMMtr,None,,,Each
NE-HVAC-Unitary-addVFDStdMtr,Rt3,Ex,CZ07,cDXHP,0,NE-HV_AirDist-SupFanMtr-cDXHP-2SpClgHtg-Cnst,None,,None,NE-HV_AirDist-SupFanMtr-cDXHP-2SpClgHtg-VFDStdMtr,None,,,Each
NE-HVAC-Unitary-addVFDExMtr,Rt3,Ex,CZ06,cDXHP,0,NE-HV_AirDist-SupFanMtr-cDXHP-2SpClgHtg-Cnst,None,,None,NE-HV_AirDist-SupFanMtr-cDXHP-2SpClgHtg-VFDExMtr,None,,,Each
NE-HVAC-Unitary-addVFDPMMtr,Rt3,Ex,CZ06,cDXHP,0,NE-HV_AirDist-SupFanMtr-cDXHP-2SpClgHtg-Cnst,None,,None,NE-HV_AirDist-SupFanMtr-cDXHP-2SpClgHtg-VFDPMMtr,None,,,Each
NE-HVAC-Unitary-addVFDStdMtr,Rt3,Ex,CZ06,cDXHP,0,NE-HV_AirDist-SupFanMtr-cDXHP-2SpClgHtg-Cnst,None,,None,NE-HV_AirDist-SupFanMtr-cDXHP-2SpClgHtg-VFDStdMtr,None,,,Each
NE-HVAC-Unitary-addVFDExMtr,Rt3,Ex,CZ05,cDXHP,0,NE-HV_AirDist-SupFanMtr-cDXHP-2SpClgHtg-Cnst,None,,None,NE-HV_AirDist-SupFanMtr-cDXHP-2SpClgHtg-VFDExMtr,None,,,Each
NE-HVAC-Unitary-addVFDPMMtr,Rt3,Ex,CZ05,cDXHP,0,NE-HV_AirDist-SupFanMtr-cDXHP-2SpClgHtg-Cnst,None,,None,NE-HV_AirDist-SupFanMtr-cDXHP-2SpClgHtg-VFDPMMtr,None,,,Each
NE-HVAC-Unitary-addVFDStdMtr,Rt3,Ex,CZ05,cDXHP,0,NE-HV_AirDist-SupFanMtr-cDXHP-2SpClgHtg-Cnst,None,,None,NE-HV_AirDist-SupFanMtr-cDXHP-2SpClgHtg-VFDStdMtr,None,,,Each
NE-HVAC-Unitary-addVFDExMtr,Rt3,Ex,CZ04,cDXHP,0,NE-HV_AirDist-SupFanMtr-cDXHP-2SpClgHtg-Cnst,None,,None,NE-HV_AirDist-SupFanMtr-cDXHP-2SpClgHtg-VFDExMtr,None,,,Each
NE-HVAC-Unitary-addVFDPMMtr,Rt3,Ex,CZ04,cDXHP,0,NE-HV_AirDist-SupFanMtr-cDXHP-2SpClgHtg-Cnst,None,,None,NE-HV_AirDist-SupFanMtr-cDXHP-2SpClgHtg-VFDPMMtr,None,,,Each
NE-HVAC-Unitary-addVFDStdMtr,Rt3,Ex,CZ04,cDXHP,0,NE-HV_AirDist-SupFanMtr-cDXHP-2SpClgHtg-Cnst,None,,None,NE-HV_AirDist-SupFanMtr-cDXHP-2SpClgHtg-VFDStdMtr,None,,,Each
NE-HVAC-Unitary-addVFDExMtr,Rt3,Ex,CZ03,cDXHP,0,NE-HV_AirDist-SupFanMtr-cDXHP-2SpClgHtg-Cnst,None,,None,NE-HV_AirDist-SupFanMtr-cDXHP-2SpClgHtg-VFDExMtr,None,,,Each
NE-HVAC-Unitary-addVFDPMMtr,Rt3,Ex,CZ03,cDXHP,0,NE-HV_AirDist-SupFanMtr-cDXHP-2SpClgHtg-Cnst,None,,None,NE-HV_AirDist-SupFanMtr-cDXHP-2SpClgHtg-VFDPMMtr,None,,,Each
NE-HVAC-Unitary-addVFDStdMtr,Rt3,Ex,CZ03,cDXHP,0,NE-HV_AirDist-SupFanMtr-cDXHP-2SpClgHtg-Cnst,None,,None,NE-HV_AirDist-SupFanMtr-cDXHP-2SpClgHtg-VFDStdMtr,None,,,Each
NE-HVAC-Unitary-addVFDExMtr,Rt3,Ex,CZ02,cDXHP,0,NE-HV_AirDist-SupFanMtr-cDXHP-2SpClgHtg-Cnst,None,,None,NE-HV_AirDist-SupFanMtr-cDXHP-2SpClgHtg-VFDExMtr,None,,,Each
NE-HVAC-Unitary-addVFDPMMtr,Rt3,Ex,CZ02,cDXHP,0,NE-HV_AirDist-SupFanMtr-cDXHP-2SpClgHtg-Cnst,None,,None,NE-HV_AirDist-SupFanMtr-cDXHP-2SpClgHtg-VFDPMMtr,None,,,Each
NE-HVAC-Unitary-addVFDStdMtr,Rt3,Ex,CZ02,cDXHP,0,NE-HV_AirDist-SupFanMtr-cDXHP-2SpClgHtg-Cnst,None,,None,NE-HV_AirDist-SupFanMtr-cDXHP-2SpClgHtg-VFDStdMtr,None,,,Each
NE-HVAC-Unitary-addVFDExMtr,Rt3,Ex,CZ01,cDXHP,0,NE-HV_AirDist-SupFanMtr-cDXHP-2SpClgHtg-Cnst,None,,None,NE-HV_AirDist-SupFanMtr-cDXHP-2SpClgHtg-VFDExMtr,None,,,Each
NE-HVAC-Unitary-addVFDPMMtr,Rt3,Ex,CZ01,cDXHP,0,NE-HV_AirDist-SupFanMtr-cDXHP-2SpClgHtg-Cnst,None,,None,NE-HV_AirDist-SupFanMtr-cDXHP-2SpClgHtg-VFDPMMtr,None,,,Each
NE-HVAC-Unitary-addVFDStdMtr,Rt3,Ex,CZ01,cDXHP,0,NE-HV_AirDist-SupFanMtr-cDXHP-2SpClgHtg-Cnst,None,,None,NE-HV_AirDist-SupFanMtr-cDXHP-2SpClgHtg-VFDStdMtr,None,,,Each
NE-HVAC-Unitary-addVFDExMtr,Rt3,Ex,CZ16,cDXGF,0,NE-HV_AirDist-SupFanMtr-cDXGF-2SpClgHtg-Cnst,None,,None,NE-HV_AirDist-SupFanMtr-cDXGF-2SpClgHtg-VFDExMtr,None,,,Each
NE-HVAC-Unitary-addVFDPMMtr,Rt3,Ex,CZ16,cDXGF,0,NE-HV_AirDist-SupFanMtr-cDXGF-2SpClgHtg-Cnst,None,,None,NE-HV_AirDist-SupFanMtr-cDXGF-2SpClgHtg-VFDPMMtr,None,,,Each
NE-HVAC-Unitary-addVFDStdMtr,Rt3,Ex,CZ16,cDXGF,0,NE-HV_AirDist-SupFanMtr-cDXGF-2SpClgHtg-Cnst,None,,None,NE-HV_AirDist-SupFanMtr-cDXGF-2SpClgHtg-VFDStdMtr,None,,,Each
NE-HVAC-Unitary-addVFDExMtr,Rt3,Ex,CZ15,cDXGF,0,NE-HV_AirDist-SupFanMtr-cDXGF-2SpClgHtg-Cnst,None,,None,NE-HV_AirDist-SupFanMtr-cDXGF-2SpClgHtg-VFDExMtr,None,,,Each
NE-HVAC-Unitary-addVFDPMMtr,Rt3,Ex,CZ15,cDXGF,0,NE-HV_AirDist-SupFanMtr-cDXGF-2SpClgHtg-Cnst,None,,None,NE-HV_AirDist-SupFanMtr-cDXGF-2SpClgHtg-VFDPMMtr,None,,,Each
NE-HVAC-Unitary-addVFDStdMtr,Rt3,Ex,CZ15,cDXGF,0,NE-HV_AirDist-SupFanMtr-cDXGF-2SpClgHtg-Cnst,None,,None,NE-HV_AirDist-SupFanMtr-cDXGF-2SpClgHtg-VFDStdMtr,None,,,Each
NE-HVAC-Unitary-addVFDExMtr,Rt3,Ex,CZ14,cDXGF,0,NE-HV_AirDist-SupFanMtr-cDXGF-2SpClgHtg-Cnst,None,,None,NE-HV_AirDist-SupFanMtr-cDXGF-2SpClgHtg-VFDExMtr,None,,,Each
NE-HVAC-Unitary-addVFDPMMtr,Rt3,Ex,CZ14,cDXGF,0,NE-HV_AirDist-SupFanMtr-cDXGF-2SpClgHtg-Cnst,None,,None,NE-HV_AirDist-SupFanMtr-cDXGF-2SpClgHtg-VFDPMMtr,None,,,Each
NE-HVAC-Unitary-addVFDStdMtr,Rt3,Ex,CZ14,cDXGF,0,NE-HV_AirDist-SupFanMtr-cDXGF-2SpClgHtg-Cnst,None,,None,NE-HV_AirDist-SupFanMtr-cDXGF-2SpClgHtg-VFDStdMtr,None,,,Each
NE-HVAC-Unitary-addVFDExMtr,Rt3,Ex,CZ13,cDXGF,0,NE-HV_AirDist-SupFanMtr-cDXGF-2SpClgHtg-Cnst,None,,None,NE-HV_AirDist-SupFanMtr-cDXGF-2SpClgHtg-VFDExMtr,None,,,Each
NE-HVAC-Unitary-addVFDPMMtr,Rt3,Ex,CZ13,cDXGF,0,NE-HV_AirDist-SupFanMtr-cDXGF-2SpClgHtg-Cnst,None,,None,NE-HV_AirDist-SupFanMtr-cDXGF-2SpClgHtg-VFDPMMtr,None,,,Each
NE-HVAC-Unitary-addVFDStdMtr,Rt3,Ex,CZ13,cDXGF,0,NE-HV_AirDist-SupFanMtr-cDXGF-2SpClgHtg-Cnst,None,,None,NE-HV_AirDist-SupFanMtr-cDXGF-2SpClgHtg-VFDStdMtr,None,,,Each
NE-HVAC-Unitary-addVFDExMtr,Rt3,Ex,CZ12,cDXGF,0,NE-HV_AirDist-SupFanMtr-cDXGF-2SpClgHtg-Cnst,None,,None,NE-HV_AirDist-SupFanMtr-cDXGF-2SpClgHtg-VFDExMtr,None,,,Each
NE-HVAC-Unitary-addVFDPMMtr,Rt3,Ex,CZ12,cDXGF,0,NE-HV_AirDist-SupFanMtr-cDXGF-2SpClgHtg-Cnst,None,,None,NE-HV_AirDist-SupFanMtr-cDXGF-2SpClgHtg-VFDPMMtr,None,,,Each
NE-HVAC-Unitary-addVFDStdMtr,Rt3,Ex,CZ12,cDXGF,0,NE-HV_AirDist-SupFanMtr-cDXGF-2SpClgHtg-Cnst,None,,None,NE-HV_AirDist-SupFanMtr-cDXGF-2SpClgHtg-VFDStdMtr,None,,,Each
NE-HVAC-Unitary-addVFDExMtr,Rt3,Ex,CZ11,cDXGF,0,NE-HV_AirDist-SupFanMtr-cDXGF-2SpClgHtg-Cnst,None,,None,NE-HV_AirDist-SupFanMtr-cDXGF-2SpClgHtg-VFDExMtr,None,,,Each
NE-HVAC-Unitary-addVFDPMMtr,Rt3,Ex,CZ11,cDXGF,0,NE-HV_AirDist-SupFanMtr-cDXGF-2SpClgHtg-Cnst,None,,None,NE-HV_AirDist-SupFanMtr-cDXGF-2SpClgHtg-VFDPMMtr,None,,,Each
NE-HVAC-Unitary-addVFDStdMtr,Rt3,Ex,CZ11,cDXGF,0,NE-HV_AirDist-SupFanMtr-cDXGF-2SpClgHtg-Cnst,None,,None,NE-HV_AirDist-SupFanMtr-cDXGF-2SpClgHtg-VFDStdMtr,None,,,Each
NE-HVAC-Unitary-addVFDExMtr,Rt3,Ex,CZ10,cDXGF,0,NE-HV_AirDist-SupFanMtr-cDXGF-2SpClgHtg-Cnst,None,,None,NE-HV_AirDist-SupFanMtr-cDXGF-2SpClgHtg-VFDExMtr,None,,,Each
NE-HVAC-Unitary-addVFDPMMtr,Rt3,Ex,CZ10,cDXGF,0,NE-HV_AirDist-SupFanMtr-cDXGF-2SpClgHtg-Cnst,None,,None,NE-HV_AirDist-SupFanMtr-cDXGF-2SpClgHtg-VFDPMMtr,None,,,Each
NE-HVAC-Unitary-addVFDStdMtr,Rt3,Ex,CZ10,cDXGF,0,NE-HV_AirDist-SupFanMtr-cDXGF-2SpClgHtg-Cnst,None,,None,NE-HV_AirDist-SupFanMtr-cDXGF-2SpClgHtg-VFDStdMtr,None,,,Each
NE-HVAC-Unitary-addVFDExMtr,Rt3,Ex,CZ09,cDXGF,0,NE-HV_AirDist-SupFanMtr-cDXGF-2SpClgHtg-Cnst,None,,None,NE-HV_AirDist-SupFanMtr-cDXGF-2SpClgHtg-VFDExMtr,None,,,Each
NE-HVAC-Unitary-addVFDPMMtr,Rt3,Ex,CZ09,cDXGF,0,NE-HV_AirDist-SupFanMtr-cDXGF-2SpClgHtg-Cnst,None,,None,NE-HV_AirDist-SupFanMtr-cDXGF-2SpClgHtg-VFDPMMtr,None,,,Each
NE-HVAC-Unitary-addVFDStdMtr,Rt3,Ex,CZ09,cDXGF,0,NE-HV_AirDist-SupFanMtr-cDXGF-2SpClgHtg-Cnst,None,,None,NE-HV_AirDist-SupFanMtr-cDXGF-2SpClgHtg-VFDStdMtr,None,,,Each
NE-HVAC-Unitary-addVFDExMtr,Rt3,Ex,CZ08,cDXGF,0,NE-HV_AirDist-SupFanMtr-cDXGF-2SpClgHtg-Cnst,None,,None,NE-HV_AirDist-SupFanMtr-cDXGF-2SpClgHtg-VFDExMtr,None,,,Each
NE-HVAC-Unitary-addVFDPMMtr,Rt3,Ex,CZ08,cDXGF,0,NE-HV_AirDist-SupFanMtr-cDXGF-2SpClgHtg-Cnst,None,,None,NE-HV_AirDist-SupFanMtr-cDXGF-2SpClgHtg-VFDPMMtr,None,,,Each
NE-HVAC-Unitary-addVFDStdMtr,Rt3,Ex,CZ08,cDXGF,0,NE-HV_AirDist-SupFanMtr-cDXGF-2SpClgHtg-Cnst,None,,None,NE-HV_AirDist-SupFanMtr-cDXGF-2SpClgHtg-VFDStdMtr,None,,,Each
NE-HVAC-Unitary-addVFDExMtr,Rt3,Ex,CZ07,cDXGF,0,NE-HV_AirDist-SupFanMtr-cDXGF-2SpClgHtg-Cnst,None,,None,NE-HV_AirDist-SupFanMtr-cDXGF-2SpClgHtg-VFDExMtr,None,,,Each
NE-HVAC-Unitary-addVFDPMMtr,Rt3,Ex,CZ07,cDXGF,0,NE-HV_AirDist-SupFanMtr-cDXGF-2SpClgHtg-Cnst,None,,None,NE-HV_AirDist-SupFanMtr-cDXGF-2SpClgHtg-VFDPMMtr,None,,,Each
NE-HVAC-Unitary-addVFDStdMtr,Rt3,Ex,CZ07,cDXGF,0,NE-HV_AirDist-SupFanMtr-cDXGF-2SpClgHtg-Cnst,None,,None,NE-HV_AirDist-SupFanMtr-cDXGF-2SpClgHtg-VFDStdMtr,None,,,Each
NE-HVAC-Unitary-addVFDExMtr,Rt3,Ex,CZ06,cDXGF,0,NE-HV_AirDist-SupFanMtr-cDXGF-2SpClgHtg-Cnst,None,,None,NE-HV_AirDist-SupFanMtr-cDXGF-2SpClgHtg-VFDExMtr,None,,,Each
NE-HVAC-Unitary-addVFDPMMtr,Rt3,Ex,CZ06,cDXGF,0,NE-HV_AirDist-SupFanMtr-cDXGF-2SpClgHtg-Cnst,None,,None,NE-HV_AirDist-SupFanMtr-cDXGF-2SpClgHtg-VFDPMMtr,None,,,Each
NE-HVAC-Unitary-addVFDStdMtr,Rt3,Ex,CZ06,cDXGF,0,NE-HV_AirDist-SupFanMtr-cDXGF-2SpClgHtg-Cnst,None,,None,NE-HV_AirDist-SupFanMtr-cDXGF-2SpClgHtg-VFDStdMtr,None,,,Each
NE-HVAC-Unitary-addVFDExMtr,Rt3,Ex,CZ05,cDXGF,0,NE-HV_AirDist-SupFanMtr-cDXGF-2SpClgHtg-Cnst,None,,None,NE-HV_AirDist-SupFanMtr-cDXGF-2SpClgHtg-VFDExMtr,None,,,Each
NE-HVAC-Unitary-addVFDPMMtr,Rt3,Ex,CZ05,cDXGF,0,NE-HV_AirDist-SupFanMtr-cDXGF-2SpClgHtg-Cnst,None,,None,NE-HV_AirDist-SupFanMtr-cDXGF-2SpClgHtg-VFDPMMtr,None,,,Each
NE-HVAC-Unitary-addVFDStdMtr,Rt3,Ex,CZ05,cDXGF,0,NE-HV_AirDist-SupFanMtr-cDXGF-2SpClgHtg-Cnst,None,,None,NE-HV_AirDist-SupFanMtr-cDXGF-2SpClgHtg-VFDStdMtr,None,,,Each
NE-HVAC-Unitary-addVFDExMtr,Rt3,Ex,CZ04,cDXGF,0,NE-HV_AirDist-SupFanMtr-cDXGF-2SpClgHtg-Cnst,None,,None,NE-HV_AirDist-SupFanMtr-cDXGF-2SpClgHtg-VFDExMtr,None,,,Each
NE-HVAC-Unitary-addVFDPMMtr,Rt3,Ex,CZ04,cDXGF,0,NE-HV_AirDist-SupFanMtr-cDXGF-2SpClgHtg-Cnst,None,,None,NE-HV_AirDist-SupFanMtr-cDXGF-2SpClgHtg-VFDPMMtr,None,,,Each
NE-HVAC-Unitary-addVFDStdMtr,Rt3,Ex,CZ04,cDXGF,0,NE-HV_AirDist-SupFanMtr-cDXGF-2SpClgHtg-Cnst,None,,None,NE-HV_AirDist-SupFanMtr-cDXGF-2SpClgHtg-VFDStdMtr,None,,,Each
NE-HVAC-Unitary-addVFDExMtr,Rt3,Ex,CZ03,cDXGF,0,NE-HV_AirDist-SupFanMtr-cDXGF-2SpClgHtg-Cnst,None,,None,NE-HV_AirDist-SupFanMtr-cDXGF-2SpClgHtg-VFDExMtr,None,,,Each
NE-HVAC-Unitary-addVFDPMMtr,Rt3,Ex,CZ03,cDXGF,0,NE-HV_AirDist-SupFanMtr-cDXGF-2SpClgHtg-Cnst,None,,None,NE-HV_AirDist-SupFanMtr-cDXGF-2SpClgHtg-VFDPMMtr,None,,,Each
NE-HVAC-Unitary-addVFDStdMtr,Rt3,Ex,CZ03,cDXGF,0,NE-HV_AirDist-SupFanMtr-cDXGF-2SpClgHtg-Cnst,None,,None,NE-HV_AirDist-SupFanMtr-cDXGF-2SpClgHtg-VFDStdMtr,None,,,Each
NE-HVAC-Unitary-addVFDExMtr,Rt3,Ex,CZ02,cDXGF,0,NE-HV_AirDist-SupFanMtr-cDXGF-2SpClgHtg-Cnst,None,,None,NE-HV_AirDist-SupFanMtr-cDXGF-2SpClgHtg-VFDExMtr,None,,,Each
NE-HVAC-Unitary-addVFDPMMtr,Rt3,Ex,CZ02,cDXGF,0,NE-HV_AirDist-SupFanMtr-cDXGF-2SpClgHtg-Cnst,None,,None,NE-HV_AirDist-SupFanMtr-cDXGF-2SpClgHtg-VFDPMMtr,None,,,Each
NE-HVAC-Unitary-addVFDStdMtr,Rt3,Ex,CZ02,cDXGF,0,NE-HV_AirDist-SupFanMtr-cDXGF-2SpClgHtg-Cnst,None,,None,NE-HV_AirDist-SupFanMtr-cDXGF-2SpClgHtg-VFDStdMtr,None,,,Each
NE-HVAC-Unitary-addVFDExMtr,Rt3,Ex,CZ01,cDXGF,0,NE-HV_AirDist-SupFanMtr-cDXGF-2SpClgHtg-Cnst,None,,None,NE-HV_AirDist-SupFanMtr-cDXGF-2SpClgHtg-VFDExMtr,None,,,Each
NE-HVAC-Unitary-addVFDPMMtr,Rt3,Ex,CZ01,cDXGF,0,NE-HV_AirDist-SupFanMtr-cDXGF-2SpClgHtg-Cnst,None,,None,NE-HV_AirDist-SupFanMtr-cDXGF-2SpClgHtg-VFDPMMtr,None,,,Each
NE-HVAC-Unitary-addVFDStdMtr,Rt3,Ex,CZ01,cDXGF,0,NE-HV_AirDist-SupFanMtr-cDXGF-2SpClgHtg-Cnst,None,,None,NE-HV_AirDist-SupFanMtr-cDXGF-2SpClgHtg-VFDStdMtr,None,,,Each
NE-HVAC-Unitary-addVFDExMtr,RSD,Ex,CZ16,cDXOH,0,NE-HV_AirDist-SupFanMtr-cDXOH-2SpClgHtg-Cnst,None,,None,NE-HV_AirDist-SupFanMtr-cDXOH-2SpClgHtg-VFDExMtr,None,,,Each
NE-HVAC-Unitary-addVFDPMMtr,RSD,Ex,CZ16,cDXOH,0,NE-HV_AirDist-SupFanMtr-cDXOH-2SpClgHtg-Cnst,None,,None,NE-HV_AirDist-SupFanMtr-cDXOH-2SpClgHtg-VFDPMMtr,None,,,Each
NE-HVAC-Unitary-addVFDStdMtr,RSD,Ex,CZ16,cDXOH,0,NE-HV_AirDist-SupFanMtr-cDXOH-2SpClgHtg-Cnst,None,,None,NE-HV_AirDist-SupFanMtr-cDXOH-2SpClgHtg-VFDStdMtr,None,,,Each
NE-HVAC-Unitary-addVFDExMtr,RSD,Ex,CZ15,cDXOH,0,NE-HV_AirDist-SupFanMtr-cDXOH-2SpClgHtg-Cnst,None,,None,NE-HV_AirDist-SupFanMtr-cDXOH-2SpClgHtg-VFDExMtr,None,,,Each
NE-HVAC-Unitary-addVFDPMMtr,RSD,Ex,CZ15,cDXOH,0,NE-HV_AirDist-SupFanMtr-cDXOH-2SpClgHtg-Cnst,None,,None,NE-HV_AirDist-SupFanMtr-cDXOH-2SpClgHtg-VFDPMMtr,None,,,Each
NE-HVAC-Unitary-addVFDStdMtr,RSD,Ex,CZ15,cDXOH,0,NE-HV_AirDist-SupFanMtr-cDXOH-2SpClgHtg-Cnst,None,,None,NE-HV_AirDist-SupFanMtr-cDXOH-2SpClgHtg-VFDStdMtr,None,,,Each
NE-HVAC-Unitary-addVFDExMtr,RSD,Ex,CZ14,cDXOH,0,NE-HV_AirDist-SupFanMtr-cDXOH-2SpClgHtg-Cnst,None,,None,NE-HV_AirDist-SupFanMtr-cDXOH-2SpClgHtg-VFDExMtr,None,,,Each
NE-HVAC-Unitary-addVFDPMMtr,RSD,Ex,CZ14,cDXOH,0,NE-HV_AirDist-SupFanMtr-cDXOH-2SpClgHtg-Cnst,None,,None,NE-HV_AirDist-SupFanMtr-cDXOH-2SpClgHtg-VFDPMMtr,None,,,Each
NE-HVAC-Unitary-addVFDStdMtr,RSD,Ex,CZ14,cDXOH,0,NE-HV_AirDist-SupFanMtr-cDXOH-2SpClgHtg-Cnst,None,,None,NE-HV_AirDist-SupFanMtr-cDXOH-2SpClgHtg-VFDStdMtr,None,,,Each
NE-HVAC-Unitary-addVFDExMtr,RSD,Ex,CZ13,cDXOH,0,NE-HV_AirDist-SupFanMtr-cDXOH-2SpClgHtg-Cnst,None,,None,NE-HV_AirDist-SupFanMtr-cDXOH-2SpClgHtg-VFDExMtr,None,,,Each
NE-HVAC-Unitary-addVFDPMMtr,RSD,Ex,CZ13,cDXOH,0,NE-HV_AirDist-SupFanMtr-cDXOH-2SpClgHtg-Cnst,None,,None,NE-HV_AirDist-SupFanMtr-cDXOH-2SpClgHtg-VFDPMMtr,None,,,Each
NE-HVAC-Unitary-addVFDStdMtr,RSD,Ex,CZ13,cDXOH,0,NE-HV_AirDist-SupFanMtr-cDXOH-2SpClgHtg-Cnst,None,,None,NE-HV_AirDist-SupFanMtr-cDXOH-2SpClgHtg-VFDStdMtr,None,,,Each
NE-HVAC-Unitary-addVFDExMtr,RSD,Ex,CZ12,cDXOH,0,NE-HV_AirDist-SupFanMtr-cDXOH-2SpClgHtg-Cnst,None,,None,NE-HV_AirDist-SupFanMtr-cDXOH-2SpClgHtg-VFDExMtr,None,,,Each
NE-HVAC-Unitary-addVFDPMMtr,RSD,Ex,CZ12,cDXOH,0,NE-HV_AirDist-SupFanMtr-cDXOH-2SpClgHtg-Cnst,None,,None,NE-HV_AirDist-SupFanMtr-cDXOH-2SpClgHtg-VFDPMMtr,None,,,Each
NE-HVAC-Unitary-addVFDStdMtr,RSD,Ex,CZ12,cDXOH,0,NE-HV_AirDist-SupFanMtr-cDXOH-2SpClgHtg-Cnst,None,,None,NE-HV_AirDist-SupFanMtr-cDXOH-2SpClgHtg-VFDStdMtr,None,,,Each
NE-HVAC-Unitary-addVFDExMtr,RSD,Ex,CZ11,cDXOH,0,NE-HV_AirDist-SupFanMtr-cDXOH-2SpClgHtg-Cnst,None,,None,NE-HV_AirDist-SupFanMtr-cDXOH-2SpClgHtg-VFDExMtr,None,,,Each
NE-HVAC-Unitary-addVFDPMMtr,RSD,Ex,CZ11,cDXOH,0,NE-HV_AirDist-SupFanMtr-cDXOH-2SpClgHtg-Cnst,None,,None,NE-HV_AirDist-SupFanMtr-cDXOH-2SpClgHtg-VFDPMMtr,None,,,Each
NE-HVAC-Unitary-addVFDStdMtr,RSD,Ex,CZ11,cDXOH,0,NE-HV_AirDist-SupFanMtr-cDXOH-2SpClgHtg-Cnst,None,,None,NE-HV_AirDist-SupFanMtr-cDXOH-2SpClgHtg-VFDStdMtr,None,,,Each
NE-HVAC-Unitary-addVFDExMtr,RSD,Ex,CZ10,cDXOH,0,NE-HV_AirDist-SupFanMtr-cDXOH-2SpClgHtg-Cnst,None,,None,NE-HV_AirDist-SupFanMtr-cDXOH-2SpClgHtg-VFDExMtr,None,,,Each
NE-HVAC-Unitary-addVFDPMMtr,RSD,Ex,CZ10,cDXOH,0,NE-HV_AirDist-SupFanMtr-cDXOH-2SpClgHtg-Cnst,None,,None,NE-HV_AirDist-SupFanMtr-cDXOH-2SpClgHtg-VFDPMMtr,None,,,Each
NE-HVAC-Unitary-addVFDStdMtr,RSD,Ex,CZ10,cDXOH,0,NE-HV_AirDist-SupFanMtr-cDXOH-2SpClgHtg-Cnst,None,,None,NE-HV_AirDist-SupFanMtr-cDXOH-2SpClgHtg-VFDStdMtr,None,,,Each
NE-HVAC-Unitary-addVFDExMtr,RSD,Ex,CZ09,cDXOH,0,NE-HV_AirDist-SupFanMtr-cDXOH-2SpClgHtg-Cnst,None,,None,NE-HV_AirDist-SupFanMtr-cDXOH-2SpClgHtg-VFDExMtr,None,,,Each
NE-HVAC-Unitary-addVFDPMMtr,RSD,Ex,CZ09,cDXOH,0,NE-HV_AirDist-SupFanMtr-cDXOH-2SpClgHtg-Cnst,None,,None,NE-HV_AirDist-SupFanMtr-cDXOH-2SpClgHtg-VFDPMMtr,None,,,Each
NE-HVAC-Unitary-addVFDStdMtr,RSD,Ex,CZ09,cDXOH,0,NE-HV_AirDist-SupFanMtr-cDXOH-2SpClgHtg-Cnst,None,,None,NE-HV_AirDist-SupFanMtr-cDXOH-2SpClgHtg-VFDStdMtr,None,,,Each
NE-HVAC-Unitary-addVFDExMtr,RSD,Ex,CZ08,cDXOH,0,NE-HV_AirDist-SupFanMtr-cDXOH-2SpClgHtg-Cnst,None,,None,NE-HV_AirDist-SupFanMtr-cDXOH-2SpClgHtg-VFDExMtr,None,,,Each
NE-HVAC-Unitary-addVFDPMMtr,RSD,Ex,CZ08,cDXOH,0,NE-HV_AirDist-SupFanMtr-cDXOH-2SpClgHtg-Cnst,None,,None,NE-HV_AirDist-SupFanMtr-cDXOH-2SpClgHtg-VFDPMMtr,None,,,Each
NE-HVAC-Unitary-addVFDStdMtr,RSD,Ex,CZ08,cDXOH,0,NE-HV_AirDist-SupFanMtr-cDXOH-2SpClgHtg-Cnst,None,,None,NE-HV_AirDist-SupFanMtr-cDXOH-2SpClgHtg-VFDStdMtr,None,,,Each
NE-HVAC-Unitary-addVFDExMtr,RSD,Ex,CZ07,cDXOH,0,NE-HV_AirDist-SupFanMtr-cDXOH-2SpClgHtg-Cnst,None,,None,NE-HV_AirDist-SupFanMtr-cDXOH-2SpClgHtg-VFDExMtr,None,,,Each
NE-HVAC-Unitary-addVFDPMMtr,RSD,Ex,CZ07,cDXOH,0,NE-HV_AirDist-SupFanMtr-cDXOH-2SpClgHtg-Cnst,None,,None,NE-HV_AirDist-SupFanMtr-cDXOH-2SpClgHtg-VFDPMMtr,None,,,Each
NE-HVAC-Unitary-addVFDStdMtr,RSD,Ex,CZ07,cDXOH,0,NE-HV_AirDist-SupFanMtr-cDXOH-2SpClgHtg-Cnst,None,,None,NE-HV_AirDist-SupFanMtr-cDXOH-2SpClgHtg-VFDStdMtr,None,,,Each
NE-HVAC-Unitary-addVFDExMtr,RSD,Ex,CZ06,cDXOH,0,NE-HV_AirDist-SupFanMtr-cDXOH-2SpClgHtg-Cnst,None,,None,NE-HV_AirDist-SupFanMtr-cDXOH-2SpClgHtg-VFDExMtr,None,,,Each
NE-HVAC-Unitary-addVFDPMMtr,RSD,Ex,CZ06,cDXOH,0,NE-HV_AirDist-SupFanMtr-cDXOH-2SpClgHtg-Cnst,None,,None,NE-HV_AirDist-SupFanMtr-cDXOH-2SpClgHtg-VFDPMMtr,None,,,Each
NE-HVAC-Unitary-addVFDStdMtr,RSD,Ex,CZ06,cDXOH,0,NE-HV_AirDist-SupFanMtr-cDXOH-2SpClgHtg-Cnst,None,,None,NE-HV_AirDist-SupFanMtr-cDXOH-2SpClgHtg-VFDStdMtr,None,,,Each
NE-HVAC-Unitary-addVFDExMtr,RSD,Ex,CZ05,cDXOH,0,NE-HV_AirDist-SupFanMtr-cDXOH-2SpClgHtg-Cnst,None,,None,NE-HV_AirDist-SupFanMtr-cDXOH-2SpClgHtg-VFDExMtr,None,,,Each
NE-HVAC-Unitary-addVFDPMMtr,RSD,Ex,CZ05,cDXOH,0,NE-HV_AirDist-SupFanMtr-cDXOH-2SpClgHtg-Cnst,None,,None,NE-HV_AirDist-SupFanMtr-cDXOH-2SpClgHtg-VFDPMMtr,None,,,Each
NE-HVAC-Unitary-addVFDStdMtr,RSD,Ex,CZ05,cDXOH,0,NE-HV_AirDist-SupFanMtr-cDXOH-2SpClgHtg-Cnst,None,,None,NE-HV_AirDist-SupFanMtr-cDXOH-2SpClgHtg-VFDStdMtr,None,,,Each
NE-HVAC-Unitary-addVFDExMtr,RSD,Ex,CZ04,cDXOH,0,NE-HV_AirDist-SupFanMtr-cDXOH-2SpClgHtg-Cnst,None,,None,NE-HV_AirDist-SupFanMtr-cDXOH-2SpClgHtg-VFDExMtr,None,,,Each
NE-HVAC-Unitary-addVFDPMMtr,RSD,Ex,CZ04,cDXOH,0,NE-HV_AirDist-SupFanMtr-cDXOH-2SpClgHtg-Cnst,None,,None,NE-HV_AirDist-SupFanMtr-cDXOH-2SpClgHtg-VFDPMMtr,None,,,Each
NE-HVAC-Unitary-addVFDStdMtr,RSD,Ex,CZ04,cDXOH,0,NE-HV_AirDist-SupFanMtr-cDXOH-2SpClgHtg-Cnst,None,,None,NE-HV_AirDist-SupFanMtr-cDXOH-2SpClgHtg-VFDStdMtr,None,,,Each
NE-HVAC-Unitary-addVFDExMtr,RSD,Ex,CZ03,cDXOH,0,NE-HV_AirDist-SupFanMtr-cDXOH-2SpClgHtg-Cnst,None,,None,NE-HV_AirDist-SupFanMtr-cDXOH-2SpClgHtg-VFDExMtr,None,,,Each
NE-HVAC-Unitary-addVFDPMMtr,RSD,Ex,CZ03,cDXOH,0,NE-HV_AirDist-SupFanMtr-cDXOH-2SpClgHtg-Cnst,None,,None,NE-HV_AirDist-SupFanMtr-cDXOH-2SpClgHtg-VFDPMMtr,None,,,Each
NE-HVAC-Unitary-addVFDStdMtr,RSD,Ex,CZ03,cDXOH,0,NE-HV_AirDist-SupFanMtr-cDXOH-2SpClgHtg-Cnst,None,,None,NE-HV_AirDist-SupFanMtr-cDXOH-2SpClgHtg-VFDStdMtr,None,,,Each
NE-HVAC-Unitary-addVFDExMtr,RSD,Ex,CZ02,cDXOH,0,NE-HV_AirDist-SupFanMtr-cDXOH-2SpClgHtg-Cnst,None,,None,NE-HV_AirDist-SupFanMtr-cDXOH-2SpClgHtg-VFDExMtr,None,,,Each
NE-HVAC-Unitary-addVFDPMMtr,RSD,Ex,CZ02,cDXOH,0,NE-HV_AirDist-SupFanMtr-cDXOH-2SpClgHtg-Cnst,None,,None,NE-HV_AirDist-SupFanMtr-cDXOH-2SpClgHtg-VFDPMMtr,None,,,Each
NE-HVAC-Unitary-addVFDStdMtr,RSD,Ex,CZ02,cDXOH,0,NE-HV_AirDist-SupFanMtr-cDXOH-2SpClgHtg-Cnst,None,,None,NE-HV_AirDist-SupFanMtr-cDXOH-2SpClgHtg-VFDStdMtr,None,,,Each
NE-HVAC-Unitary-addVFDExMtr,RSD,Ex,CZ01,cDXOH,0,NE-HV_AirDist-SupFanMtr-cDXOH-2SpClgHtg-Cnst,None,,None,NE-HV_AirDist-SupFanMtr-cDXOH-2SpClgHtg-VFDExMtr,None,,,Each
NE-HVAC-Unitary-addVFDPMMtr,RSD,Ex,CZ01,cDXOH,0,NE-HV_AirDist-SupFanMtr-cDXOH-2SpClgHtg-Cnst,None,,None,NE-HV_AirDist-SupFanMtr-cDXOH-2SpClgHtg-VFDPMMtr,None,,,Each
NE-HVAC-Unitary-addVFDStdMtr,RSD,Ex,CZ01,cDXOH,0,NE-HV_AirDist-SupFanMtr-cDXOH-2SpClgHtg-Cnst,None,,None,NE-HV_AirDist-SupFanMtr-cDXOH-2SpClgHtg-VFDStdMtr,None,,,Each
NE-HVAC-Unitary-addVFDExMtr,RSD,Ex,CZ16,cDXHP,0,NE-HV_AirDist-SupFanMtr-cDXHP-2SpClgHtg-Cnst,None,,None,NE-HV_AirDist-SupFanMtr-cDXHP-2SpClgHtg-VFDExMtr,None,,,Each
NE-HVAC-Unitary-addVFDPMMtr,RSD,Ex,CZ16,cDXHP,0,NE-HV_AirDist-SupFanMtr-cDXHP-2SpClgHtg-Cnst,None,,None,NE-HV_AirDist-SupFanMtr-cDXHP-2SpClgHtg-VFDPMMtr,None,,,Each
NE-HVAC-Unitary-addVFDStdMtr,RSD,Ex,CZ16,cDXHP,0,NE-HV_AirDist-SupFanMtr-cDXHP-2SpClgHtg-Cnst,None,,None,NE-HV_AirDist-SupFanMtr-cDXHP-2SpClgHtg-VFDStdMtr,None,,,Each
NE-HVAC-Unitary-addVFDExMtr,RSD,Ex,CZ15,cDXHP,0,NE-HV_AirDist-SupFanMtr-cDXHP-2SpClgHtg-Cnst,None,,None,NE-HV_AirDist-SupFanMtr-cDXHP-2SpClgHtg-VFDExMtr,None,,,Each
NE-HVAC-Unitary-addVFDPMMtr,RSD,Ex,CZ15,cDXHP,0,NE-HV_AirDist-SupFanMtr-cDXHP-2SpClgHtg-Cnst,None,,None,NE-HV_AirDist-SupFanMtr-cDXHP-2SpClgHtg-VFDPMMtr,None,,,Each
NE-HVAC-Unitary-addVFDStdMtr,RSD,Ex,CZ15,cDXHP,0,NE-HV_AirDist-SupFanMtr-cDXHP-2SpClgHtg-Cnst,None,,None,NE-HV_AirDist-SupFanMtr-cDXHP-2SpClgHtg-VFDStdMtr,None,,,Each
NE-HVAC-Unitary-addVFDExMtr,RSD,Ex,CZ14,cDXHP,0,NE-HV_AirDist-SupFanMtr-cDXHP-2SpClgHtg-Cnst,None,,None,NE-HV_AirDist-SupFanMtr-cDXHP-2SpClgHtg-VFDExMtr,None,,,Each
NE-HVAC-Unitary-addVFDPMMtr,RSD,Ex,CZ14,cDXHP,0,NE-HV_AirDist-SupFanMtr-cDXHP-2SpClgHtg-Cnst,None,,None,NE-HV_AirDist-SupFanMtr-cDXHP-2SpClgHtg-VFDPMMtr,None,,,Each
NE-HVAC-Unitary-addVFDStdMtr,RSD,Ex,CZ14,cDXHP,0,NE-HV_AirDist-SupFanMtr-cDXHP-2SpClgHtg-Cnst,None,,None,NE-HV_AirDist-SupFanMtr-cDXHP-2SpClgHtg-VFDStdMtr,None,,,Each
NE-HVAC-Unitary-addVFDExMtr,RSD,Ex,CZ13,cDXHP,0,NE-HV_AirDist-SupFanMtr-cDXHP-2SpClgHtg-Cnst,None,,None,NE-HV_AirDist-SupFanMtr-cDXHP-2SpClgHtg-VFDExMtr,None,,,Each
NE-HVAC-Unitary-addVFDPMMtr,RSD,Ex,CZ13,cDXHP,0,NE-HV_AirDist-SupFanMtr-cDXHP-2SpClgHtg-Cnst,None,,None,NE-HV_AirDist-SupFanMtr-cDXHP-2SpClgHtg-VFDPMMtr,None,,,Each
NE-HVAC-Unitary-addVFDStdMtr,RSD,Ex,CZ13,cDXHP,0,NE-HV_AirDist-SupFanMtr-cDXHP-2SpClgHtg-Cnst,None,,None,NE-HV_AirDist-SupFanMtr-cDXHP-2SpClgHtg-VFDStdMtr,None,,,Each
NE-HVAC-Unitary-addVFDExMtr,RSD,Ex,CZ12,cDXHP,0,NE-HV_AirDist-SupFanMtr-cDXHP-2SpClgHtg-Cnst,None,,None,NE-HV_AirDist-SupFanMtr-cDXHP-2SpClgHtg-VFDExMtr,None,,,Each
NE-HVAC-Unitary-addVFDPMMtr,RSD,Ex,CZ12,cDXHP,0,NE-HV_AirDist-SupFanMtr-cDXHP-2SpClgHtg-Cnst,None,,None,NE-HV_AirDist-SupFanMtr-cDXHP-2SpClgHtg-VFDPMMtr,None,,,Each
NE-HVAC-Unitary-addVFDStdMtr,RSD,Ex,CZ12,cDXHP,0,NE-HV_AirDist-SupFanMtr-cDXHP-2SpClgHtg-Cnst,None,,None,NE-HV_AirDist-SupFanMtr-cDXHP-2SpClgHtg-VFDStdMtr,None,,,Each
NE-HVAC-Unitary-addVFDExMtr,RSD,Ex,CZ11,cDXHP,0,NE-HV_AirDist-SupFanMtr-cDXHP-2SpClgHtg-Cnst,None,,None,NE-HV_AirDist-SupFanMtr-cDXHP-2SpClgHtg-VFDExMtr,None,,,Each
NE-HVAC-Unitary-addVFDPMMtr,RSD,Ex,CZ11,cDXHP,0,NE-HV_AirDist-SupFanMtr-cDXHP-2SpClgHtg-Cnst,None,,None,NE-HV_AirDist-SupFanMtr-cDXHP-2SpClgHtg-VFDPMMtr,None,,,Each
NE-HVAC-Unitary-addVFDStdMtr,RSD,Ex,CZ11,cDXHP,0,NE-HV_AirDist-SupFanMtr-cDXHP-2SpClgHtg-Cnst,None,,None,NE-HV_AirDist-SupFanMtr-cDXHP-2SpClgHtg-VFDStdMtr,None,,,Each
NE-HVAC-Unitary-addVFDExMtr,RSD,Ex,CZ10,cDXHP,0,NE-HV_AirDist-SupFanMtr-cDXHP-2SpClgHtg-Cnst,None,,None,NE-HV_AirDist-SupFanMtr-cDXHP-2SpClgHtg-VFDExMtr,None,,,Each
NE-HVAC-Unitary-addVFDPMMtr,RSD,Ex,CZ10,cDXHP,0,NE-HV_AirDist-SupFanMtr-cDXHP-2SpClgHtg-Cnst,None,,None,NE-HV_AirDist-SupFanMtr-cDXHP-2SpClgHtg-VFDPMMtr,None,,,Each
NE-HVAC-Unitary-addVFDStdMtr,RSD,Ex,CZ10,cDXHP,0,NE-HV_AirDist-SupFanMtr-cDXHP-2SpClgHtg-Cnst,None,,None,NE-HV_AirDist-SupFanMtr-cDXHP-2SpClgHtg-VFDStdMtr,None,,,Each
NE-HVAC-Unitary-addVFDExMtr,RSD,Ex,CZ09,cDXHP,0,NE-HV_AirDist-SupFanMtr-cDXHP-2SpClgHtg-Cnst,None,,None,NE-HV_AirDist-SupFanMtr-cDXHP-2SpClgHtg-VFDExMtr,None,,,Each
NE-HVAC-Unitary-addVFDPMMtr,RSD,Ex,CZ09,cDXHP,0,NE-HV_AirDist-SupFanMtr-cDXHP-2SpClgHtg-Cnst,None,,None,NE-HV_AirDist-SupFanMtr-cDXHP-2SpClgHtg-VFDPMMtr,None,,,Each
NE-HVAC-Unitary-addVFDStdMtr,RSD,Ex,CZ09,cDXHP,0,NE-HV_AirDist-SupFanMtr-cDXHP-2SpClgHtg-Cnst,None,,None,NE-HV_AirDist-SupFanMtr-cDXHP-2SpClgHtg-VFDStdMtr,None,,,Each
NE-HVAC-Unitary-addVFDExMtr,RSD,Ex,CZ08,cDXHP,0,NE-HV_AirDist-SupFanMtr-cDXHP-2SpClgHtg-Cnst,None,,None,NE-HV_AirDist-SupFanMtr-cDXHP-2SpClgHtg-VFDExMtr,None,,,Each
NE-HVAC-Unitary-addVFDPMMtr,RSD,Ex,CZ08,cDXHP,0,NE-HV_AirDist-SupFanMtr-cDXHP-2SpClgHtg-Cnst,None,,None,NE-HV_AirDist-SupFanMtr-cDXHP-2SpClgHtg-VFDPMMtr,None,,,Each
NE-HVAC-Unitary-addVFDStdMtr,RSD,Ex,CZ08,cDXHP,0,NE-HV_AirDist-SupFanMtr-cDXHP-2SpClgHtg-Cnst,None,,None,NE-HV_AirDist-SupFanMtr-cDXHP-2SpClgHtg-VFDStdMtr,None,,,Each
NE-HVAC-Unitary-addVFDExMtr,RSD,Ex,CZ07,cDXHP,0,NE-HV_AirDist-SupFanMtr-cDXHP-2SpClgHtg-Cnst,None,,None,NE-HV_AirDist-SupFanMtr-cDXHP-2SpClgHtg-VFDExMtr,None,,,Each
NE-HVAC-Unitary-addVFDPMMtr,RSD,Ex,CZ07,cDXHP,0,NE-HV_AirDist-SupFanMtr-cDXHP-2SpClgHtg-Cnst,None,,None,NE-HV_AirDist-SupFanMtr-cDXHP-2SpClgHtg-VFDPMMtr,None,,,Each
NE-HVAC-Unitary-addVFDStdMtr,RSD,Ex,CZ07,cDXHP,0,NE-HV_AirDist-SupFanMtr-cDXHP-2SpClgHtg-Cnst,None,,None,NE-HV_AirDist-SupFanMtr-cDXHP-2SpClgHtg-VFDStdMtr,None,,,Each
NE-HVAC-Unitary-addVFDExMtr,RSD,Ex,CZ06,cDXHP,0,NE-HV_AirDist-SupFanMtr-cDXHP-2SpClgHtg-Cnst,None,,None,NE-HV_AirDist-SupFanMtr-cDXHP-2SpClgHtg-VFDExMtr,None,,,Each
NE-HVAC-Unitary-addVFDPMMtr,RSD,Ex,CZ06,cDXHP,0,NE-HV_AirDist-SupFanMtr-cDXHP-2SpClgHtg-Cnst,None,,None,NE-HV_AirDist-SupFanMtr-cDXHP-2SpClgHtg-VFDPMMtr,None,,,Each
NE-HVAC-Unitary-addVFDStdMtr,RSD,Ex,CZ06,cDXHP,0,NE-HV_AirDist-SupFanMtr-cDXHP-2SpClgHtg-Cnst,None,,None,NE-HV_AirDist-SupFanMtr-cDXHP-2SpClgHtg-VFDStdMtr,None,,,Each
NE-HVAC-Unitary-addVFDExMtr,RSD,Ex,CZ05,cDXHP,0,NE-HV_AirDist-SupFanMtr-cDXHP-2SpClgHtg-Cnst,None,,None,NE-HV_AirDist-SupFanMtr-cDXHP-2SpClgHtg-VFDExMtr,None,,,Each
NE-HVAC-Unitary-addVFDPMMtr,RSD,Ex,CZ05,cDXHP,0,NE-HV_AirDist-SupFanMtr-cDXHP-2SpClgHtg-Cnst,None,,None,NE-HV_AirDist-SupFanMtr-cDXHP-2SpClgHtg-VFDPMMtr,None,,,Each
NE-HVAC-Unitary-addVFDStdMtr,RSD,Ex,CZ05,cDXHP,0,NE-HV_AirDist-SupFanMtr-cDXHP-2SpClgHtg-Cnst,None,,None,NE-HV_AirDist-SupFanMtr-cDXHP-2SpClgHtg-VFDStdMtr,None,,,Each
NE-HVAC-Unitary-addVFDExMtr,RSD,Ex,CZ04,cDXHP,0,NE-HV_AirDist-SupFanMtr-cDXHP-2SpClgHtg-Cnst,None,,None,NE-HV_AirDist-SupFanMtr-cDXHP-2SpClgHtg-VFDExMtr,None,,,Each
NE-HVAC-Unitary-addVFDPMMtr,RSD,Ex,CZ04,cDXHP,0,NE-HV_AirDist-SupFanMtr-cDXHP-2SpClgHtg-Cnst,None,,None,NE-HV_AirDist-SupFanMtr-cDXHP-2SpClgHtg-VFDPMMtr,None,,,Each
NE-HVAC-Unitary-addVFDStdMtr,RSD,Ex,CZ04,cDXHP,0,NE-HV_AirDist-SupFanMtr-cDXHP-2SpClgHtg-Cnst,None,,None,NE-HV_AirDist-SupFanMtr-cDXHP-2SpClgHtg-VFDStdMtr,None,,,Each
NE-HVAC-Unitary-addVFDExMtr,RSD,Ex,CZ03,cDXHP,0,NE-HV_AirDist-SupFanMtr-cDXHP-2SpClgHtg-Cnst,None,,None,NE-HV_AirDist-SupFanMtr-cDXHP-2SpClgHtg-VFDExMtr,None,,,Each
NE-HVAC-Unitary-addVFDPMMtr,RSD,Ex,CZ03,cDXHP,0,NE-HV_AirDist-SupFanMtr-cDXHP-2SpClgHtg-Cnst,None,,None,NE-HV_AirDist-SupFanMtr-cDXHP-2SpClgHtg-VFDPMMtr,None,,,Each
NE-HVAC-Unitary-addVFDStdMtr,RSD,Ex,CZ03,cDXHP,0,NE-HV_AirDist-SupFanMtr-cDXHP-2SpClgHtg-Cnst,None,,None,NE-HV_AirDist-SupFanMtr-cDXHP-2SpClgHtg-VFDStdMtr,None,,,Each
NE-HVAC-Unitary-addVFDExMtr,RSD,Ex,CZ02,cDXHP,0,NE-HV_AirDist-SupFanMtr-cDXHP-2SpClgHtg-Cnst,None,,None,NE-HV_AirDist-SupFanMtr-cDXHP-2SpClgHtg-VFDExMtr,None,,,Each
NE-HVAC-Unitary-addVFDPMMtr,RSD,Ex,CZ02,cDXHP,0,NE-HV_AirDist-SupFanMtr-cDXHP-2SpClgHtg-Cnst,None,,None,NE-HV_AirDist-SupFanMtr-cDXHP-2SpClgHtg-VFDPMMtr,None,,,Each
NE-HVAC-Unitary-addVFDStdMtr,RSD,Ex,CZ02,cDXHP,0,NE-HV_AirDist-SupFanMtr-cDXHP-2SpClgHtg-Cnst,None,,None,NE-HV_AirDist-SupFanMtr-cDXHP-2SpClgHtg-VFDStdMtr,None,,,Each
NE-HVAC-Unitary-addVFDExMtr,RSD,Ex,CZ01,cDXHP,0,NE-HV_AirDist-SupFanMtr-cDXHP-2SpClgHtg-Cnst,None,,None,NE-HV_AirDist-SupFanMtr-cDXHP-2SpClgHtg-VFDExMtr,None,,,Each
NE-HVAC-Unitary-addVFDPMMtr,RSD,Ex,CZ01,cDXHP,0,NE-HV_AirDist-SupFanMtr-cDXHP-2SpClgHtg-Cnst,None,,None,NE-HV_AirDist-SupFanMtr-cDXHP-2SpClgHtg-VFDPMMtr,None,,,Each
NE-HVAC-Unitary-addVFDStdMtr,RSD,Ex,CZ01,cDXHP,0,NE-HV_AirDist-SupFanMtr-cDXHP-2SpClgHtg-Cnst,None,,None,NE-HV_AirDist-SupFanMtr-cDXHP-2SpClgHtg-VFDStdMtr,None,,,Each
NE-HVAC-Unitary-addVFDExMtr,RSD,Ex,CZ16,cDXGF,0,NE-HV_AirDist-SupFanMtr-cDXGF-2SpClgHtg-Cnst,None,,None,NE-HV_AirDist-SupFanMtr-cDXGF-2SpClgHtg-VFDExMtr,None,,,Each
NE-HVAC-Unitary-addVFDPMMtr,RSD,Ex,CZ16,cDXGF,0,NE-HV_AirDist-SupFanMtr-cDXGF-2SpClgHtg-Cnst,None,,None,NE-HV_AirDist-SupFanMtr-cDXGF-2SpClgHtg-VFDPMMtr,None,,,Each
NE-HVAC-Unitary-addVFDStdMtr,RSD,Ex,CZ16,cDXGF,0,NE-HV_AirDist-SupFanMtr-cDXGF-2SpClgHtg-Cnst,None,,None,NE-HV_AirDist-SupFanMtr-cDXGF-2SpClgHtg-VFDStdMtr,None,,,Each
NE-HVAC-Unitary-addVFDExMtr,RSD,Ex,CZ15,cDXGF,0,NE-HV_AirDist-SupFanMtr-cDXGF-2SpClgHtg-Cnst,None,,None,NE-HV_AirDist-SupFanMtr-cDXGF-2SpClgHtg-VFDExMtr,None,,,Each
NE-HVAC-Unitary-addVFDPMMtr,RSD,Ex,CZ15,cDXGF,0,NE-HV_AirDist-SupFanMtr-cDXGF-2SpClgHtg-Cnst,None,,None,NE-HV_AirDist-SupFanMtr-cDXGF-2SpClgHtg-VFDPMMtr,None,,,Each
NE-HVAC-Unitary-addVFDStdMtr,RSD,Ex,CZ15,cDXGF,0,NE-HV_AirDist-SupFanMtr-cDXGF-2SpClgHtg-Cnst,None,,None,NE-HV_AirDist-SupFanMtr-cDXGF-2SpClgHtg-VFDStdMtr,None,,,Each
NE-HVAC-Unitary-addVFDExMtr,RSD,Ex,CZ14,cDXGF,0,NE-HV_AirDist-SupFanMtr-cDXGF-2SpClgHtg-Cnst,None,,None,NE-HV_AirDist-SupFanMtr-cDXGF-2SpClgHtg-VFDExMtr,None,,,Each
NE-HVAC-Unitary-addVFDPMMtr,RSD,Ex,CZ14,cDXGF,0,NE-HV_AirDist-SupFanMtr-cDXGF-2SpClgHtg-Cnst,None,,None,NE-HV_AirDist-SupFanMtr-cDXGF-2SpClgHtg-VFDPMMtr,None,,,Each
NE-HVAC-Unitary-addVFDStdMtr,RSD,Ex,CZ14,cDXGF,0,NE-HV_AirDist-SupFanMtr-cDXGF-2SpClgHtg-Cnst,None,,None,NE-HV_AirDist-SupFanMtr-cDXGF-2SpClgHtg-VFDStdMtr,None,,,Each
NE-HVAC-Unitary-addVFDExMtr,RSD,Ex,CZ13,cDXGF,0,NE-HV_AirDist-SupFanMtr-cDXGF-2SpClgHtg-Cnst,None,,None,NE-HV_AirDist-SupFanMtr-cDXGF-2SpClgHtg-VFDExMtr,None,,,Each
NE-HVAC-Unitary-addVFDPMMtr,RSD,Ex,CZ13,cDXGF,0,NE-HV_AirDist-SupFanMtr-cDXGF-2SpClgHtg-Cnst,None,,None,NE-HV_AirDist-SupFanMtr-cDXGF-2SpClgHtg-VFDPMMtr,None,,,Each
NE-HVAC-Unitary-addVFDStdMtr,RSD,Ex,CZ13,cDXGF,0,NE-HV_AirDist-SupFanMtr-cDXGF-2SpClgHtg-Cnst,None,,None,NE-HV_AirDist-SupFanMtr-cDXGF-2SpClgHtg-VFDStdMtr,None,,,Each
NE-HVAC-Unitary-addVFDExMtr,RSD,Ex,CZ12,cDXGF,0,NE-HV_AirDist-SupFanMtr-cDXGF-2SpClgHtg-Cnst,None,,None,NE-HV_AirDist-SupFanMtr-cDXGF-2SpClgHtg-VFDExMtr,None,,,Each
NE-HVAC-Unitary-addVFDPMMtr,RSD,Ex,CZ12,cDXGF,0,NE-HV_AirDist-SupFanMtr-cDXGF-2SpClgHtg-Cnst,None,,None,NE-HV_AirDist-SupFanMtr-cDXGF-2SpClgHtg-VFDPMMtr,None,,,Each
NE-HVAC-Unitary-addVFDStdMtr,RSD,Ex,CZ12,cDXGF,0,NE-HV_AirDist-SupFanMtr-cDXGF-2SpClgHtg-Cnst,None,,None,NE-HV_AirDist-SupFanMtr-cDXGF-2SpClgHtg-VFDStdMtr,None,,,Each
NE-HVAC-Unitary-addVFDExMtr,RSD,Ex,CZ11,cDXGF,0,NE-HV_AirDist-SupFanMtr-cDXGF-2SpClgHtg-Cnst,None,,None,NE-HV_AirDist-SupFanMtr-cDXGF-2SpClgHtg-VFDExMtr,None,,,Each
NE-HVAC-Unitary-addVFDPMMtr,RSD,Ex,CZ11,cDXGF,0,NE-HV_AirDist-SupFanMtr-cDXGF-2SpClgHtg-Cnst,None,,None,NE-HV_AirDist-SupFanMtr-cDXGF-2SpClgHtg-VFDPMMtr,None,,,Each
NE-HVAC-Unitary-addVFDStdMtr,RSD,Ex,CZ11,cDXGF,0,NE-HV_AirDist-SupFanMtr-cDXGF-2SpClgHtg-Cnst,None,,None,NE-HV_AirDist-SupFanMtr-cDXGF-2SpClgHtg-VFDStdMtr,None,,,Each
NE-HVAC-Unitary-addVFDExMtr,RSD,Ex,CZ10,cDXGF,0,NE-HV_AirDist-SupFanMtr-cDXGF-2SpClgHtg-Cnst,None,,None,NE-HV_AirDist-SupFanMtr-cDXGF-2SpClgHtg-VFDExMtr,None,,,Each
NE-HVAC-Unitary-addVFDPMMtr,RSD,Ex,CZ10,cDXGF,0,NE-HV_AirDist-SupFanMtr-cDXGF-2SpClgHtg-Cnst,None,,None,NE-HV_AirDist-SupFanMtr-cDXGF-2SpClgHtg-VFDPMMtr,None,,,Each
NE-HVAC-Unitary-addVFDStdMtr,RSD,Ex,CZ10,cDXGF,0,NE-HV_AirDist-SupFanMtr-cDXGF-2SpClgHtg-Cnst,None,,None,NE-HV_AirDist-SupFanMtr-cDXGF-2SpClgHtg-VFDStdMtr,None,,,Each
NE-HVAC-Unitary-addVFDExMtr,RSD,Ex,CZ09,cDXGF,0,NE-HV_AirDist-SupFanMtr-cDXGF-2SpClgHtg-Cnst,None,,None,NE-HV_AirDist-SupFanMtr-cDXGF-2SpClgHtg-VFDExMtr,None,,,Each
NE-HVAC-Unitary-addVFDPMMtr,RSD,Ex,CZ09,cDXGF,0,NE-HV_AirDist-SupFanMtr-cDXGF-2SpClgHtg-Cnst,None,,None,NE-HV_AirDist-SupFanMtr-cDXGF-2SpClgHtg-VFDPMMtr,None,,,Each
NE-HVAC-Unitary-addVFDStdMtr,RSD,Ex,CZ09,cDXGF,0,NE-HV_AirDist-SupFanMtr-cDXGF-2SpClgHtg-Cnst,None,,None,NE-HV_AirDist-SupFanMtr-cDXGF-2SpClgHtg-VFDStdMtr,None,,,Each
NE-HVAC-Unitary-addVFDExMtr,RSD,Ex,CZ08,cDXGF,0,NE-HV_AirDist-SupFanMtr-cDXGF-2SpClgHtg-Cnst,None,,None,NE-HV_AirDist-SupFanMtr-cDXGF-2SpClgHtg-VFDExMtr,None,,,Each
NE-HVAC-Unitary-addVFDPMMtr,RSD,Ex,CZ08,cDXGF,0,NE-HV_AirDist-SupFanMtr-cDXGF-2SpClgHtg-Cnst,None,,None,NE-HV_AirDist-SupFanMtr-cDXGF-2SpClgHtg-VFDPMMtr,None,,,Each
NE-HVAC-Unitary-addVFDStdMtr,RSD,Ex,CZ08,cDXGF,0,NE-HV_AirDist-SupFanMtr-cDXGF-2SpClgHtg-Cnst,None,,None,NE-HV_AirDist-SupFanMtr-cDXGF-2SpClgHtg-VFDStdMtr,None,,,Each
NE-HVAC-Unitary-addVFDExMtr,RSD,Ex,CZ07,cDXGF,0,NE-HV_AirDist-SupFanMtr-cDXGF-2SpClgHtg-Cnst,None,,None,NE-HV_AirDist-SupFanMtr-cDXGF-2SpClgHtg-VFDExMtr,None,,,Each
NE-HVAC-Unitary-addVFDPMMtr,RSD,Ex,CZ07,cDXGF,0,NE-HV_AirDist-SupFanMtr-cDXGF-2SpClgHtg-Cnst,None,,None,NE-HV_AirDist-SupFanMtr-cDXGF-2SpClgHtg-VFDPMMtr,None,,,Each
NE-HVAC-Unitary-addVFDStdMtr,RSD,Ex,CZ07,cDXGF,0,NE-HV_AirDist-SupFanMtr-cDXGF-2SpClgHtg-Cnst,None,,None,NE-HV_AirDist-SupFanMtr-cDXGF-2SpClgHtg-VFDStdMtr,None,,,Each
NE-HVAC-Unitary-addVFDExMtr,RSD,Ex,CZ06,cDXGF,0,NE-HV_AirDist-SupFanMtr-cDXGF-2SpClgHtg-Cnst,None,,None,NE-HV_AirDist-SupFanMtr-cDXGF-2SpClgHtg-VFDExMtr,None,,,Each
NE-HVAC-Unitary-addVFDPMMtr,RSD,Ex,CZ06,cDXGF,0,NE-HV_AirDist-SupFanMtr-cDXGF-2SpClgHtg-Cnst,None,,None,NE-HV_AirDist-SupFanMtr-cDXGF-2SpClgHtg-VFDPMMtr,None,,,Each
NE-HVAC-Unitary-addVFDStdMtr,RSD,Ex,CZ06,cDXGF,0,NE-HV_AirDist-SupFanMtr-cDXGF-2SpClgHtg-Cnst,None,,None,NE-HV_AirDist-SupFanMtr-cDXGF-2SpClgHtg-VFDStdMtr,None,,,Each
NE-HVAC-Unitary-addVFDExMtr,RSD,Ex,CZ05,cDXGF,0,NE-HV_AirDist-SupFanMtr-cDXGF-2SpClgHtg-Cnst,None,,None,NE-HV_AirDist-SupFanMtr-cDXGF-2SpClgHtg-VFDExMtr,None,,,Each
NE-HVAC-Unitary-addVFDPMMtr,RSD,Ex,CZ05,cDXGF,0,NE-HV_AirDist-SupFanMtr-cDXGF-2SpClgHtg-Cnst,None,,None,NE-HV_AirDist-SupFanMtr-cDXGF-2SpClgHtg-VFDPMMtr,None,,,Each
NE-HVAC-Unitary-addVFDStdMtr,RSD,Ex,CZ05,cDXGF,0,NE-HV_AirDist-SupFanMtr-cDXGF-2SpClgHtg-Cnst,None,,None,NE-HV_AirDist-SupFanMtr-cDXGF-2SpClgHtg-VFDStdMtr,None,,,Each
NE-HVAC-Unitary-addVFDExMtr,RSD,Ex,CZ04,cDXGF,0,NE-HV_AirDist-SupFanMtr-cDXGF-2SpClgHtg-Cnst,None,,None,NE-HV_AirDist-SupFanMtr-cDXGF-2SpClgHtg-VFDExMtr,None,,,Each
NE-HVAC-Unitary-addVFDPMMtr,RSD,Ex,CZ04,cDXGF,0,NE-HV_AirDist-SupFanMtr-cDXGF-2SpClgHtg-Cnst,None,,None,NE-HV_AirDist-SupFanMtr-cDXGF-2SpClgHtg-VFDPMMtr,None,,,Each
NE-HVAC-Unitary-addVFDStdMtr,RSD,Ex,CZ04,cDXGF,0,NE-HV_AirDist-SupFanMtr-cDXGF-2SpClgHtg-Cnst,None,,None,NE-HV_AirDist-SupFanMtr-cDXGF-2SpClgHtg-VFDStdMtr,None,,,Each
NE-HVAC-Unitary-addVFDExMtr,RSD,Ex,CZ03,cDXGF,0,NE-HV_AirDist-SupFanMtr-cDXGF-2SpClgHtg-Cnst,None,,None,NE-HV_AirDist-SupFanMtr-cDXGF-2SpClgHtg-VFDExMtr,None,,,Each
NE-HVAC-Unitary-addVFDPMMtr,RSD,Ex,CZ03,cDXGF,0,NE-HV_AirDist-SupFanMtr-cDXGF-2SpClgHtg-Cnst,None,,None,NE-HV_AirDist-SupFanMtr-cDXGF-2SpClgHtg-VFDPMMtr,None,,,Each
NE-HVAC-Unitary-addVFDStdMtr,RSD,Ex,CZ03,cDXGF,0,NE-HV_AirDist-SupFanMtr-cDXGF-2SpClgHtg-Cnst,None,,None,NE-HV_AirDist-SupFanMtr-cDXGF-2SpClgHtg-VFDStdMtr,None,,,Each
NE-HVAC-Unitary-addVFDExMtr,RSD,Ex,CZ02,cDXGF,0,NE-HV_AirDist-SupFanMtr-cDXGF-2SpClgHtg-Cnst,None,,None,NE-HV_AirDist-SupFanMtr-cDXGF-2SpClgHtg-VFDExMtr,None,,,Each
NE-HVAC-Unitary-addVFDPMMtr,RSD,Ex,CZ02,cDXGF,0,NE-HV_AirDist-SupFanMtr-cDXGF-2SpClgHtg-Cnst,None,,None,NE-HV_AirDist-SupFanMtr-cDXGF-2SpClgHtg-VFDPMMtr,None,,,Each
NE-HVAC-Unitary-addVFDStdMtr,RSD,Ex,CZ02,cDXGF,0,NE-HV_AirDist-SupFanMtr-cDXGF-2SpClgHtg-Cnst,None,,None,NE-HV_AirDist-SupFanMtr-cDXGF-2SpClgHtg-VFDStdMtr,None,,,Each
NE-HVAC-Unitary-addVFDExMtr,RSD,Ex,CZ01,cDXGF,0,NE-HV_AirDist-SupFanMtr-cDXGF-2SpClgHtg-Cnst,None,,None,NE-HV_AirDist-SupFanMtr-cDXGF-2SpClgHtg-VFDExMtr,None,,,Each
NE-HVAC-Unitary-addVFDPMMtr,RSD,Ex,CZ01,cDXGF,0,NE-HV_AirDist-SupFanMtr-cDXGF-2SpClgHtg-Cnst,None,,None,NE-HV_AirDist-SupFanMtr-cDXGF-2SpClgHtg-VFDPMMtr,None,,,Each
NE-HVAC-Unitary-addVFDStdMtr,RSD,Ex,CZ01,cDXGF,0,NE-HV_AirDist-SupFanMtr-cDXGF-2SpClgHtg-Cnst,None,,None,NE-HV_AirDist-SupFanMtr-cDXGF-2SpClgHtg-VFDStdMtr,None,,,Each
NE-HVAC-Unitary-addVFDExMtr,RFF,Ex,CZ16,cDXOH,0,NE-HV_AirDist-SupFanMtr-cDXOH-2SpClgHtg-Cnst,None,,None,NE-HV_AirDist-SupFanMtr-cDXOH-2SpClgHtg-VFDExMtr,None,,,Each
NE-HVAC-Unitary-addVFDPMMtr,RFF,Ex,CZ16,cDXOH,0,NE-HV_AirDist-SupFanMtr-cDXOH-2SpClgHtg-Cnst,None,,None,NE-HV_AirDist-SupFanMtr-cDXOH-2SpClgHtg-VFDPMMtr,None,,,Each
NE-HVAC-Unitary-addVFDStdMtr,RFF,Ex,CZ16,cDXOH,0,NE-HV_AirDist-SupFanMtr-cDXOH-2SpClgHtg-Cnst,None,,None,NE-HV_AirDist-SupFanMtr-cDXOH-2SpClgHtg-VFDStdMtr,None,,,Each
NE-HVAC-Unitary-addVFDExMtr,RFF,Ex,CZ15,cDXOH,0,NE-HV_AirDist-SupFanMtr-cDXOH-2SpClgHtg-Cnst,None,,None,NE-HV_AirDist-SupFanMtr-cDXOH-2SpClgHtg-VFDExMtr,None,,,Each
NE-HVAC-Unitary-addVFDPMMtr,RFF,Ex,CZ15,cDXOH,0,NE-HV_AirDist-SupFanMtr-cDXOH-2SpClgHtg-Cnst,None,,None,NE-HV_AirDist-SupFanMtr-cDXOH-2SpClgHtg-VFDPMMtr,None,,,Each
NE-HVAC-Unitary-addVFDStdMtr,RFF,Ex,CZ15,cDXOH,0,NE-HV_AirDist-SupFanMtr-cDXOH-2SpClgHtg-Cnst,None,,None,NE-HV_AirDist-SupFanMtr-cDXOH-2SpClgHtg-VFDStdMtr,None,,,Each
NE-HVAC-Unitary-addVFDExMtr,RFF,Ex,CZ14,cDXOH,0,NE-HV_AirDist-SupFanMtr-cDXOH-2SpClgHtg-Cnst,None,,None,NE-HV_AirDist-SupFanMtr-cDXOH-2SpClgHtg-VFDExMtr,None,,,Each
NE-HVAC-Unitary-addVFDPMMtr,RFF,Ex,CZ14,cDXOH,0,NE-HV_AirDist-SupFanMtr-cDXOH-2SpClgHtg-Cnst,None,,None,NE-HV_AirDist-SupFanMtr-cDXOH-2SpClgHtg-VFDPMMtr,None,,,Each
NE-HVAC-Unitary-addVFDStdMtr,RFF,Ex,CZ14,cDXOH,0,NE-HV_AirDist-SupFanMtr-cDXOH-2SpClgHtg-Cnst,None,,None,NE-HV_AirDist-SupFanMtr-cDXOH-2SpClgHtg-VFDStdMtr,None,,,Each
NE-HVAC-Unitary-addVFDExMtr,RFF,Ex,CZ13,cDXOH,0,NE-HV_AirDist-SupFanMtr-cDXOH-2SpClgHtg-Cnst,None,,None,NE-HV_AirDist-SupFanMtr-cDXOH-2SpClgHtg-VFDExMtr,None,,,Each
NE-HVAC-Unitary-addVFDPMMtr,RFF,Ex,CZ13,cDXOH,0,NE-HV_AirDist-SupFanMtr-cDXOH-2SpClgHtg-Cnst,None,,None,NE-HV_AirDist-SupFanMtr-cDXOH-2SpClgHtg-VFDPMMtr,None,,,Each
NE-HVAC-Unitary-addVFDStdMtr,RFF,Ex,CZ13,cDXOH,0,NE-HV_AirDist-SupFanMtr-cDXOH-2SpClgHtg-Cnst,None,,None,NE-HV_AirDist-SupFanMtr-cDXOH-2SpClgHtg-VFDStdMtr,None,,,Each
NE-HVAC-Unitary-addVFDExMtr,RFF,Ex,CZ12,cDXOH,0,NE-HV_AirDist-SupFanMtr-cDXOH-2SpClgHtg-Cnst,None,,None,NE-HV_AirDist-SupFanMtr-cDXOH-2SpClgHtg-VFDExMtr,None,,,Each
NE-HVAC-Unitary-addVFDPMMtr,RFF,Ex,CZ12,cDXOH,0,NE-HV_AirDist-SupFanMtr-cDXOH-2SpClgHtg-Cnst,None,,None,NE-HV_AirDist-SupFanMtr-cDXOH-2SpClgHtg-VFDPMMtr,None,,,Each
NE-HVAC-Unitary-addVFDStdMtr,RFF,Ex,CZ12,cDXOH,0,NE-HV_AirDist-SupFanMtr-cDXOH-2SpClgHtg-Cnst,None,,None,NE-HV_AirDist-SupFanMtr-cDXOH-2SpClgHtg-VFDStdMtr,None,,,Each
NE-HVAC-Unitary-addVFDExMtr,RFF,Ex,CZ11,cDXOH,0,NE-HV_AirDist-SupFanMtr-cDXOH-2SpClgHtg-Cnst,None,,None,NE-HV_AirDist-SupFanMtr-cDXOH-2SpClgHtg-VFDExMtr,None,,,Each
NE-HVAC-Unitary-addVFDPMMtr,RFF,Ex,CZ11,cDXOH,0,NE-HV_AirDist-SupFanMtr-cDXOH-2SpClgHtg-Cnst,None,,None,NE-HV_AirDist-SupFanMtr-cDXOH-2SpClgHtg-VFDPMMtr,None,,,Each
NE-HVAC-Unitary-addVFDStdMtr,RFF,Ex,CZ11,cDXOH,0,NE-HV_AirDist-SupFanMtr-cDXOH-2SpClgHtg-Cnst,None,,None,NE-HV_AirDist-SupFanMtr-cDXOH-2SpClgHtg-VFDStdMtr,None,,,Each
NE-HVAC-Unitary-addVFDExMtr,RFF,Ex,CZ10,cDXOH,0,NE-HV_AirDist-SupFanMtr-cDXOH-2SpClgHtg-Cnst,None,,None,NE-HV_AirDist-SupFanMtr-cDXOH-2SpClgHtg-VFDExMtr,None,,,Each
NE-HVAC-Unitary-addVFDPMMtr,RFF,Ex,CZ10,cDXOH,0,NE-HV_AirDist-SupFanMtr-cDXOH-2SpClgHtg-Cnst,None,,None,NE-HV_AirDist-SupFanMtr-cDXOH-2SpClgHtg-VFDPMMtr,None,,,Each
NE-HVAC-Unitary-addVFDStdMtr,RFF,Ex,CZ10,cDXOH,0,NE-HV_AirDist-SupFanMtr-cDXOH-2SpClgHtg-Cnst,None,,None,NE-HV_AirDist-SupFanMtr-cDXOH-2SpClgHtg-VFDStdMtr,None,,,Each
NE-HVAC-Unitary-addVFDExMtr,RFF,Ex,CZ09,cDXOH,0,NE-HV_AirDist-SupFanMtr-cDXOH-2SpClgHtg-Cnst,None,,None,NE-HV_AirDist-SupFanMtr-cDXOH-2SpClgHtg-VFDExMtr,None,,,Each
NE-HVAC-Unitary-addVFDPMMtr,RFF,Ex,CZ09,cDXOH,0,NE-HV_AirDist-SupFanMtr-cDXOH-2SpClgHtg-Cnst,None,,None,NE-HV_AirDist-SupFanMtr-cDXOH-2SpClgHtg-VFDPMMtr,None,,,Each
NE-HVAC-Unitary-addVFDStdMtr,RFF,Ex,CZ09,cDXOH,0,NE-HV_AirDist-SupFanMtr-cDXOH-2SpClgHtg-Cnst,None,,None,NE-HV_AirDist-SupFanMtr-cDXOH-2SpClgHtg-VFDStdMtr,None,,,Each
NE-HVAC-Unitary-addVFDExMtr,RFF,Ex,CZ08,cDXOH,0,NE-HV_AirDist-SupFanMtr-cDXOH-2SpClgHtg-Cnst,None,,None,NE-HV_AirDist-SupFanMtr-cDXOH-2SpClgHtg-VFDExMtr,None,,,Each
NE-HVAC-Unitary-addVFDPMMtr,RFF,Ex,CZ08,cDXOH,0,NE-HV_AirDist-SupFanMtr-cDXOH-2SpClgHtg-Cnst,None,,None,NE-HV_AirDist-SupFanMtr-cDXOH-2SpClgHtg-VFDPMMtr,None,,,Each
NE-HVAC-Unitary-addVFDStdMtr,RFF,Ex,CZ08,cDXOH,0,NE-HV_AirDist-SupFanMtr-cDXOH-2SpClgHtg-Cnst,None,,None,NE-HV_AirDist-SupFanMtr-cDXOH-2SpClgHtg-VFDStdMtr,None,,,Each
NE-HVAC-Unitary-addVFDExMtr,RFF,Ex,CZ07,cDXOH,0,NE-HV_AirDist-SupFanMtr-cDXOH-2SpClgHtg-Cnst,None,,None,NE-HV_AirDist-SupFanMtr-cDXOH-2SpClgHtg-VFDExMtr,None,,,Each
NE-HVAC-Unitary-addVFDPMMtr,RFF,Ex,CZ07,cDXOH,0,NE-HV_AirDist-SupFanMtr-cDXOH-2SpClgHtg-Cnst,None,,None,NE-HV_AirDist-SupFanMtr-cDXOH-2SpClgHtg-VFDPMMtr,None,,,Each
NE-HVAC-Unitary-addVFDStdMtr,RFF,Ex,CZ07,cDXOH,0,NE-HV_AirDist-SupFanMtr-cDXOH-2SpClgHtg-Cnst,None,,None,NE-HV_AirDist-SupFanMtr-cDXOH-2SpClgHtg-VFDStdMtr,None,,,Each
NE-HVAC-Unitary-addVFDExMtr,RFF,Ex,CZ06,cDXOH,0,NE-HV_AirDist-SupFanMtr-cDXOH-2SpClgHtg-Cnst,None,,None,NE-HV_AirDist-SupFanMtr-cDXOH-2SpClgHtg-VFDExMtr,None,,,Each
NE-HVAC-Unitary-addVFDPMMtr,RFF,Ex,CZ06,cDXOH,0,NE-HV_AirDist-SupFanMtr-cDXOH-2SpClgHtg-Cnst,None,,None,NE-HV_AirDist-SupFanMtr-cDXOH-2SpClgHtg-VFDPMMtr,None,,,Each
NE-HVAC-Unitary-addVFDStdMtr,RFF,Ex,CZ06,cDXOH,0,NE-HV_AirDist-SupFanMtr-cDXOH-2SpClgHtg-Cnst,None,,None,NE-HV_AirDist-SupFanMtr-cDXOH-2SpClgHtg-VFDStdMtr,None,,,Each
NE-HVAC-Unitary-addVFDExMtr,RFF,Ex,CZ05,cDXOH,0,NE-HV_AirDist-SupFanMtr-cDXOH-2SpClgHtg-Cnst,None,,None,NE-HV_AirDist-SupFanMtr-cDXOH-2SpClgHtg-VFDExMtr,None,,,Each
NE-HVAC-Unitary-addVFDPMMtr,RFF,Ex,CZ05,cDXOH,0,NE-HV_AirDist-SupFanMtr-cDXOH-2SpClgHtg-Cnst,None,,None,NE-HV_AirDist-SupFanMtr-cDXOH-2SpClgHtg-VFDPMMtr,None,,,Each
NE-HVAC-Unitary-addVFDStdMtr,RFF,Ex,CZ05,cDXOH,0,NE-HV_AirDist-SupFanMtr-cDXOH-2SpClgHtg-Cnst,None,,None,NE-HV_AirDist-SupFanMtr-cDXOH-2SpClgHtg-VFDStdMtr,None,,,Each
NE-HVAC-Unitary-addVFDExMtr,RFF,Ex,CZ04,cDXOH,0,NE-HV_AirDist-SupFanMtr-cDXOH-2SpClgHtg-Cnst,None,,None,NE-HV_AirDist-SupFanMtr-cDXOH-2SpClgHtg-VFDExMtr,None,,,Each
NE-HVAC-Unitary-addVFDPMMtr,RFF,Ex,CZ04,cDXOH,0,NE-HV_AirDist-SupFanMtr-cDXOH-2SpClgHtg-Cnst,None,,None,NE-HV_AirDist-SupFanMtr-cDXOH-2SpClgHtg-VFDPMMtr,None,,,Each
NE-HVAC-Unitary-addVFDStdMtr,RFF,Ex,CZ04,cDXOH,0,NE-HV_AirDist-SupFanMtr-cDXOH-2SpClgHtg-Cnst,None,,None,NE-HV_AirDist-SupFanMtr-cDXOH-2SpClgHtg-VFDStdMtr,None,,,Each
NE-HVAC-Unitary-addVFDExMtr,RFF,Ex,CZ03,cDXOH,0,NE-HV_AirDist-SupFanMtr-cDXOH-2SpClgHtg-Cnst,None,,None,NE-HV_AirDist-SupFanMtr-cDXOH-2SpClgHtg-VFDExMtr,None,,,Each
NE-HVAC-Unitary-addVFDPMMtr,RFF,Ex,CZ03,cDXOH,0,NE-HV_AirDist-SupFanMtr-cDXOH-2SpClgHtg-Cnst,None,,None,NE-HV_AirDist-SupFanMtr-cDXOH-2SpClgHtg-VFDPMMtr,None,,,Each
NE-HVAC-Unitary-addVFDStdMtr,RFF,Ex,CZ03,cDXOH,0,NE-HV_AirDist-SupFanMtr-cDXOH-2SpClgHtg-Cnst,None,,None,NE-HV_AirDist-SupFanMtr-cDXOH-2SpClgHtg-VFDStdMtr,None,,,Each
NE-HVAC-Unitary-addVFDExMtr,RFF,Ex,CZ02,cDXOH,0,NE-HV_AirDist-SupFanMtr-cDXOH-2SpClgHtg-Cnst,None,,None,NE-HV_AirDist-SupFanMtr-cDXOH-2SpClgHtg-VFDExMtr,None,,,Each
NE-HVAC-Unitary-addVFDPMMtr,RFF,Ex,CZ02,cDXOH,0,NE-HV_AirDist-SupFanMtr-cDXOH-2SpClgHtg-Cnst,None,,None,NE-HV_AirDist-SupFanMtr-cDXOH-2SpClgHtg-VFDPMMtr,None,,,Each
NE-HVAC-Unitary-addVFDStdMtr,RFF,Ex,CZ02,cDXOH,0,NE-HV_AirDist-SupFanMtr-cDXOH-2SpClgHtg-Cnst,None,,None,NE-HV_AirDist-SupFanMtr-cDXOH-2SpClgHtg-VFDStdMtr,None,,,Each
NE-HVAC-Unitary-addVFDExMtr,RFF,Ex,CZ01,cDXOH,0,NE-HV_AirDist-SupFanMtr-cDXOH-2SpClgHtg-Cnst,None,,None,NE-HV_AirDist-SupFanMtr-cDXOH-2SpClgHtg-VFDExMtr,None,,,Each
NE-HVAC-Unitary-addVFDPMMtr,RFF,Ex,CZ01,cDXOH,0,NE-HV_AirDist-SupFanMtr-cDXOH-2SpClgHtg-Cnst,None,,None,NE-HV_AirDist-SupFanMtr-cDXOH-2SpClgHtg-VFDPMMtr,None,,,Each
NE-HVAC-Unitary-addVFDStdMtr,RFF,Ex,CZ01,cDXOH,0,NE-HV_AirDist-SupFanMtr-cDXOH-2SpClgHtg-Cnst,None,,None,NE-HV_AirDist-SupFanMtr-cDXOH-2SpClgHtg-VFDStdMtr,None,,,Each
NE-HVAC-Unitary-addVFDExMtr,RFF,Ex,CZ16,cDXHP,0,NE-HV_AirDist-SupFanMtr-cDXHP-2SpClgHtg-Cnst,None,,None,NE-HV_AirDist-SupFanMtr-cDXHP-2SpClgHtg-VFDExMtr,None,,,Each
NE-HVAC-Unitary-addVFDPMMtr,RFF,Ex,CZ16,cDXHP,0,NE-HV_AirDist-SupFanMtr-cDXHP-2SpClgHtg-Cnst,None,,None,NE-HV_AirDist-SupFanMtr-cDXHP-2SpClgHtg-VFDPMMtr,None,,,Each
NE-HVAC-Unitary-addVFDStdMtr,RFF,Ex,CZ16,cDXHP,0,NE-HV_AirDist-SupFanMtr-cDXHP-2SpClgHtg-Cnst,None,,None,NE-HV_AirDist-SupFanMtr-cDXHP-2SpClgHtg-VFDStdMtr,None,,,Each
NE-HVAC-Unitary-addVFDExMtr,RFF,Ex,CZ15,cDXHP,0,NE-HV_AirDist-SupFanMtr-cDXHP-2SpClgHtg-Cnst,None,,None,NE-HV_AirDist-SupFanMtr-cDXHP-2SpClgHtg-VFDExMtr,None,,,Each
NE-HVAC-Unitary-addVFDPMMtr,RFF,Ex,CZ15,cDXHP,0,NE-HV_AirDist-SupFanMtr-cDXHP-2SpClgHtg-Cnst,None,,None,NE-HV_AirDist-SupFanMtr-cDXHP-2SpClgHtg-VFDPMMtr,None,,,Each
NE-HVAC-Unitary-addVFDStdMtr,RFF,Ex,CZ15,cDXHP,0,NE-HV_AirDist-SupFanMtr-cDXHP-2SpClgHtg-Cnst,None,,None,NE-HV_AirDist-SupFanMtr-cDXHP-2SpClgHtg-VFDStdMtr,None,,,Each
NE-HVAC-Unitary-addVFDExMtr,RFF,Ex,CZ14,cDXHP,0,NE-HV_AirDist-SupFanMtr-cDXHP-2SpClgHtg-Cnst,None,,None,NE-HV_AirDist-SupFanMtr-cDXHP-2SpClgHtg-VFDExMtr,None,,,Each
NE-HVAC-Unitary-addVFDPMMtr,RFF,Ex,CZ14,cDXHP,0,NE-HV_AirDist-SupFanMtr-cDXHP-2SpClgHtg-Cnst,None,,None,NE-HV_AirDist-SupFanMtr-cDXHP-2SpClgHtg-VFDPMMtr,None,,,Each
NE-HVAC-Unitary-addVFDStdMtr,RFF,Ex,CZ14,cDXHP,0,NE-HV_AirDist-SupFanMtr-cDXHP-2SpClgHtg-Cnst,None,,None,NE-HV_AirDist-SupFanMtr-cDXHP-2SpClgHtg-VFDStdMtr,None,,,Each
NE-HVAC-Unitary-addVFDExMtr,RFF,Ex,CZ13,cDXHP,0,NE-HV_AirDist-SupFanMtr-cDXHP-2SpClgHtg-Cnst,None,,None,NE-HV_AirDist-SupFanMtr-cDXHP-2SpClgHtg-VFDExMtr,None,,,Each
NE-HVAC-Unitary-addVFDPMMtr,RFF,Ex,CZ13,cDXHP,0,NE-HV_AirDist-SupFanMtr-cDXHP-2SpClgHtg-Cnst,None,,None,NE-HV_AirDist-SupFanMtr-cDXHP-2SpClgHtg-VFDPMMtr,None,,,Each
NE-HVAC-Unitary-addVFDStdMtr,RFF,Ex,CZ13,cDXHP,0,NE-HV_AirDist-SupFanMtr-cDXHP-2SpClgHtg-Cnst,None,,None,NE-HV_AirDist-SupFanMtr-cDXHP-2SpClgHtg-VFDStdMtr,None,,,Each
NE-HVAC-Unitary-addVFDExMtr,RFF,Ex,CZ12,cDXHP,0,NE-HV_AirDist-SupFanMtr-cDXHP-2SpClgHtg-Cnst,None,,None,NE-HV_AirDist-SupFanMtr-cDXHP-2SpClgHtg-VFDExMtr,None,,,Each
NE-HVAC-Unitary-addVFDPMMtr,RFF,Ex,CZ12,cDXHP,0,NE-HV_AirDist-SupFanMtr-cDXHP-2SpClgHtg-Cnst,None,,None,NE-HV_AirDist-SupFanMtr-cDXHP-2SpClgHtg-VFDPMMtr,None,,,Each
NE-HVAC-Unitary-addVFDStdMtr,RFF,Ex,CZ12,cDXHP,0,NE-HV_AirDist-SupFanMtr-cDXHP-2SpClgHtg-Cnst,None,,None,NE-HV_AirDist-SupFanMtr-cDXHP-2SpClgHtg-VFDStdMtr,None,,,Each
NE-HVAC-Unitary-addVFDExMtr,RFF,Ex,CZ11,cDXHP,0,NE-HV_AirDist-SupFanMtr-cDXHP-2SpClgHtg-Cnst,None,,None,NE-HV_AirDist-SupFanMtr-cDXHP-2SpClgHtg-VFDExMtr,None,,,Each
NE-HVAC-Unitary-addVFDPMMtr,RFF,Ex,CZ11,cDXHP,0,NE-HV_AirDist-SupFanMtr-cDXHP-2SpClgHtg-Cnst,None,,None,NE-HV_AirDist-SupFanMtr-cDXHP-2SpClgHtg-VFDPMMtr,None,,,Each
NE-HVAC-Unitary-addVFDStdMtr,RFF,Ex,CZ11,cDXHP,0,NE-HV_AirDist-SupFanMtr-cDXHP-2SpClgHtg-Cnst,None,,None,NE-HV_AirDist-SupFanMtr-cDXHP-2SpClgHtg-VFDStdMtr,None,,,Each
NE-HVAC-Unitary-addVFDExMtr,RFF,Ex,CZ10,cDXHP,0,NE-HV_AirDist-SupFanMtr-cDXHP-2SpClgHtg-Cnst,None,,None,NE-HV_AirDist-SupFanMtr-cDXHP-2SpClgHtg-VFDExMtr,None,,,Each
NE-HVAC-Unitary-addVFDPMMtr,RFF,Ex,CZ10,cDXHP,0,NE-HV_AirDist-SupFanMtr-cDXHP-2SpClgHtg-Cnst,None,,None,NE-HV_AirDist-SupFanMtr-cDXHP-2SpClgHtg-VFDPMMtr,None,,,Each
NE-HVAC-Unitary-addVFDStdMtr,RFF,Ex,CZ10,cDXHP,0,NE-HV_AirDist-SupFanMtr-cDXHP-2SpClgHtg-Cnst,None,,None,NE-HV_AirDist-SupFanMtr-cDXHP-2SpClgHtg-VFDStdMtr,None,,,Each
NE-HVAC-Unitary-addVFDExMtr,RFF,Ex,CZ09,cDXHP,0,NE-HV_AirDist-SupFanMtr-cDXHP-2SpClgHtg-Cnst,None,,None,NE-HV_AirDist-SupFanMtr-cDXHP-2SpClgHtg-VFDExMtr,None,,,Each
NE-HVAC-Unitary-addVFDPMMtr,RFF,Ex,CZ09,cDXHP,0,NE-HV_AirDist-SupFanMtr-cDXHP-2SpClgHtg-Cnst,None,,None,NE-HV_AirDist-SupFanMtr-cDXHP-2SpClgHtg-VFDPMMtr,None,,,Each
NE-HVAC-Unitary-addVFDStdMtr,RFF,Ex,CZ09,cDXHP,0,NE-HV_AirDist-SupFanMtr-cDXHP-2SpClgHtg-Cnst,None,,None,NE-HV_AirDist-SupFanMtr-cDXHP-2SpClgHtg-VFDStdMtr,None,,,Each
NE-HVAC-Unitary-addVFDExMtr,RFF,Ex,CZ08,cDXHP,0,NE-HV_AirDist-SupFanMtr-cDXHP-2SpClgHtg-Cnst,None,,None,NE-HV_AirDist-SupFanMtr-cDXHP-2SpClgHtg-VFDExMtr,None,,,Each
NE-HVAC-Unitary-addVFDPMMtr,RFF,Ex,CZ08,cDXHP,0,NE-HV_AirDist-SupFanMtr-cDXHP-2SpClgHtg-Cnst,None,,None,NE-HV_AirDist-SupFanMtr-cDXHP-2SpClgHtg-VFDPMMtr,None,,,Each
NE-HVAC-Unitary-addVFDStdMtr,RFF,Ex,CZ08,cDXHP,0,NE-HV_AirDist-SupFanMtr-cDXHP-2SpClgHtg-Cnst,None,,None,NE-HV_AirDist-SupFanMtr-cDXHP-2SpClgHtg-VFDStdMtr,None,,,Each
NE-HVAC-Unitary-addVFDExMtr,RFF,Ex,CZ07,cDXHP,0,NE-HV_AirDist-SupFanMtr-cDXHP-2SpClgHtg-Cnst,None,,None,NE-HV_AirDist-SupFanMtr-cDXHP-2SpClgHtg-VFDExMtr,None,,,Each
NE-HVAC-Unitary-addVFDPMMtr,RFF,Ex,CZ07,cDXHP,0,NE-HV_AirDist-SupFanMtr-cDXHP-2SpClgHtg-Cnst,None,,None,NE-HV_AirDist-SupFanMtr-cDXHP-2SpClgHtg-VFDPMMtr,None,,,Each
NE-HVAC-Unitary-addVFDStdMtr,RFF,Ex,CZ07,cDXHP,0,NE-HV_AirDist-SupFanMtr-cDXHP-2SpClgHtg-Cnst,None,,None,NE-HV_AirDist-SupFanMtr-cDXHP-2SpClgHtg-VFDStdMtr,None,,,Each
NE-HVAC-Unitary-addVFDExMtr,RFF,Ex,CZ06,cDXHP,0,NE-HV_AirDist-SupFanMtr-cDXHP-2SpClgHtg-Cnst,None,,None,NE-HV_AirDist-SupFanMtr-cDXHP-2SpClgHtg-VFDExMtr,None,,,Each
NE-HVAC-Unitary-addVFDPMMtr,RFF,Ex,CZ06,cDXHP,0,NE-HV_AirDist-SupFanMtr-cDXHP-2SpClgHtg-Cnst,None,,None,NE-HV_AirDist-SupFanMtr-cDXHP-2SpClgHtg-VFDPMMtr,None,,,Each
NE-HVAC-Unitary-addVFDStdMtr,RFF,Ex,CZ06,cDXHP,0,NE-HV_AirDist-SupFanMtr-cDXHP-2SpClgHtg-Cnst,None,,None,NE-HV_AirDist-SupFanMtr-cDXHP-2SpClgHtg-VFDStdMtr,None,,,Each
NE-HVAC-Unitary-addVFDExMtr,RFF,Ex,CZ05,cDXHP,0,NE-HV_AirDist-SupFanMtr-cDXHP-2SpClgHtg-Cnst,None,,None,NE-HV_AirDist-SupFanMtr-cDXHP-2SpClgHtg-VFDExMtr,None,,,Each
NE-HVAC-Unitary-addVFDPMMtr,RFF,Ex,CZ05,cDXHP,0,NE-HV_AirDist-SupFanMtr-cDXHP-2SpClgHtg-Cnst,None,,None,NE-HV_AirDist-SupFanMtr-cDXHP-2SpClgHtg-VFDPMMtr,None,,,Each
NE-HVAC-Unitary-addVFDStdMtr,RFF,Ex,CZ05,cDXHP,0,NE-HV_AirDist-SupFanMtr-cDXHP-2SpClgHtg-Cnst,None,,None,NE-HV_AirDist-SupFanMtr-cDXHP-2SpClgHtg-VFDStdMtr,None,,,Each
NE-HVAC-Unitary-addVFDExMtr,RFF,Ex,CZ04,cDXHP,0,NE-HV_AirDist-SupFanMtr-cDXHP-2SpClgHtg-Cnst,None,,None,NE-HV_AirDist-SupFanMtr-cDXHP-2SpClgHtg-VFDExMtr,None,,,Each
NE-HVAC-Unitary-addVFDPMMtr,RFF,Ex,CZ04,cDXHP,0,NE-HV_AirDist-SupFanMtr-cDXHP-2SpClgHtg-Cnst,None,,None,NE-HV_AirDist-SupFanMtr-cDXHP-2SpClgHtg-VFDPMMtr,None,,,Each
NE-HVAC-Unitary-addVFDStdMtr,RFF,Ex,CZ04,cDXHP,0,NE-HV_AirDist-SupFanMtr-cDXHP-2SpClgHtg-Cnst,None,,None,NE-HV_AirDist-SupFanMtr-cDXHP-2SpClgHtg-VFDStdMtr,None,,,Each
NE-HVAC-Unitary-addVFDExMtr,RFF,Ex,CZ03,cDXHP,0,NE-HV_AirDist-SupFanMtr-cDXHP-2SpClgHtg-Cnst,None,,None,NE-HV_AirDist-SupFanMtr-cDXHP-2SpClgHtg-VFDExMtr,None,,,Each
NE-HVAC-Unitary-addVFDPMMtr,RFF,Ex,CZ03,cDXHP,0,NE-HV_AirDist-SupFanMtr-cDXHP-2SpClgHtg-Cnst,None,,None,NE-HV_AirDist-SupFanMtr-cDXHP-2SpClgHtg-VFDPMMtr,None,,,Each
NE-HVAC-Unitary-addVFDStdMtr,RFF,Ex,CZ03,cDXHP,0,NE-HV_AirDist-SupFanMtr-cDXHP-2SpClgHtg-Cnst,None,,None,NE-HV_AirDist-SupFanMtr-cDXHP-2SpClgHtg-VFDStdMtr,None,,,Each
NE-HVAC-Unitary-addVFDExMtr,RFF,Ex,CZ02,cDXHP,0,NE-HV_AirDist-SupFanMtr-cDXHP-2SpClgHtg-Cnst,None,,None,NE-HV_AirDist-SupFanMtr-cDXHP-2SpClgHtg-VFDExMtr,None,,,Each
NE-HVAC-Unitary-addVFDPMMtr,RFF,Ex,CZ02,cDXHP,0,NE-HV_AirDist-SupFanMtr-cDXHP-2SpClgHtg-Cnst,None,,None,NE-HV_AirDist-SupFanMtr-cDXHP-2SpClgHtg-VFDPMMtr,None,,,Each
NE-HVAC-Unitary-addVFDStdMtr,RFF,Ex,CZ02,cDXHP,0,NE-HV_AirDist-SupFanMtr-cDXHP-2SpClgHtg-Cnst,None,,None,NE-HV_AirDist-SupFanMtr-cDXHP-2SpClgHtg-VFDStdMtr,None,,,Each
NE-HVAC-Unitary-addVFDExMtr,RFF,Ex,CZ01,cDXHP,0,NE-HV_AirDist-SupFanMtr-cDXHP-2SpClgHtg-Cnst,None,,None,NE-HV_AirDist-SupFanMtr-cDXHP-2SpClgHtg-VFDExMtr,None,,,Each
NE-HVAC-Unitary-addVFDPMMtr,RFF,Ex,CZ01,cDXHP,0,NE-HV_AirDist-SupFanMtr-cDXHP-2SpClgHtg-Cnst,None,,None,NE-HV_AirDist-SupFanMtr-cDXHP-2SpClgHtg-VFDPMMtr,None,,,Each
NE-HVAC-Unitary-addVFDStdMtr,RFF,Ex,CZ01,cDXHP,0,NE-HV_AirDist-SupFanMtr-cDXHP-2SpClgHtg-Cnst,None,,None,NE-HV_AirDist-SupFanMtr-cDXHP-2SpClgHtg-VFDStdMtr,None,,,Each
NE-HVAC-Unitary-addVFDExMtr,RFF,Ex,CZ16,cDXGF,0,NE-HV_AirDist-SupFanMtr-cDXGF-2SpClgHtg-Cnst,None,,None,NE-HV_AirDist-SupFanMtr-cDXGF-2SpClgHtg-VFDExMtr,None,,,Each
NE-HVAC-Unitary-addVFDPMMtr,RFF,Ex,CZ16,cDXGF,0,NE-HV_AirDist-SupFanMtr-cDXGF-2SpClgHtg-Cnst,None,,None,NE-HV_AirDist-SupFanMtr-cDXGF-2SpClgHtg-VFDPMMtr,None,,,Each
NE-HVAC-Unitary-addVFDStdMtr,RFF,Ex,CZ16,cDXGF,0,NE-HV_AirDist-SupFanMtr-cDXGF-2SpClgHtg-Cnst,None,,None,NE-HV_AirDist-SupFanMtr-cDXGF-2SpClgHtg-VFDStdMtr,None,,,Each
NE-HVAC-Unitary-addVFDExMtr,RFF,Ex,CZ15,cDXGF,0,NE-HV_AirDist-SupFanMtr-cDXGF-2SpClgHtg-Cnst,None,,None,NE-HV_AirDist-SupFanMtr-cDXGF-2SpClgHtg-VFDExMtr,None,,,Each
NE-HVAC-Unitary-addVFDPMMtr,RFF,Ex,CZ15,cDXGF,0,NE-HV_AirDist-SupFanMtr-cDXGF-2SpClgHtg-Cnst,None,,None,NE-HV_AirDist-SupFanMtr-cDXGF-2SpClgHtg-VFDPMMtr,None,,,Each
NE-HVAC-Unitary-addVFDStdMtr,RFF,Ex,CZ15,cDXGF,0,NE-HV_AirDist-SupFanMtr-cDXGF-2SpClgHtg-Cnst,None,,None,NE-HV_AirDist-SupFanMtr-cDXGF-2SpClgHtg-VFDStdMtr,None,,,Each
NE-HVAC-Unitary-addVFDExMtr,RFF,Ex,CZ14,cDXGF,0,NE-HV_AirDist-SupFanMtr-cDXGF-2SpClgHtg-Cnst,None,,None,NE-HV_AirDist-SupFanMtr-cDXGF-2SpClgHtg-VFDExMtr,None,,,Each
NE-HVAC-Unitary-addVFDPMMtr,RFF,Ex,CZ14,cDXGF,0,NE-HV_AirDist-SupFanMtr-cDXGF-2SpClgHtg-Cnst,None,,None,NE-HV_AirDist-SupFanMtr-cDXGF-2SpClgHtg-VFDPMMtr,None,,,Each
NE-HVAC-Unitary-addVFDStdMtr,RFF,Ex,CZ14,cDXGF,0,NE-HV_AirDist-SupFanMtr-cDXGF-2SpClgHtg-Cnst,None,,None,NE-HV_AirDist-SupFanMtr-cDXGF-2SpClgHtg-VFDStdMtr,None,,,Each
NE-HVAC-Unitary-addVFDExMtr,RFF,Ex,CZ13,cDXGF,0,NE-HV_AirDist-SupFanMtr-cDXGF-2SpClgHtg-Cnst,None,,None,NE-HV_AirDist-SupFanMtr-cDXGF-2SpClgHtg-VFDExMtr,None,,,Each
NE-HVAC-Unitary-addVFDPMMtr,RFF,Ex,CZ13,cDXGF,0,NE-HV_AirDist-SupFanMtr-cDXGF-2SpClgHtg-Cnst,None,,None,NE-HV_AirDist-SupFanMtr-cDXGF-2SpClgHtg-VFDPMMtr,None,,,Each
NE-HVAC-Unitary-addVFDStdMtr,RFF,Ex,CZ13,cDXGF,0,NE-HV_AirDist-SupFanMtr-cDXGF-2SpClgHtg-Cnst,None,,None,NE-HV_AirDist-SupFanMtr-cDXGF-2SpClgHtg-VFDStdMtr,None,,,Each
NE-HVAC-Unitary-addVFDExMtr,RFF,Ex,CZ12,cDXGF,0,NE-HV_AirDist-SupFanMtr-cDXGF-2SpClgHtg-Cnst,None,,None,NE-HV_AirDist-SupFanMtr-cDXGF-2SpClgHtg-VFDExMtr,None,,,Each
NE-HVAC-Unitary-addVFDPMMtr,RFF,Ex,CZ12,cDXGF,0,NE-HV_AirDist-SupFanMtr-cDXGF-2SpClgHtg-Cnst,None,,None,NE-HV_AirDist-SupFanMtr-cDXGF-2SpClgHtg-VFDPMMtr,None,,,Each
NE-HVAC-Unitary-addVFDStdMtr,RFF,Ex,CZ12,cDXGF,0,NE-HV_AirDist-SupFanMtr-cDXGF-2SpClgHtg-Cnst,None,,None,NE-HV_AirDist-SupFanMtr-cDXGF-2SpClgHtg-VFDStdMtr,None,,,Each
NE-HVAC-Unitary-addVFDExMtr,RFF,Ex,CZ11,cDXGF,0,NE-HV_AirDist-SupFanMtr-cDXGF-2SpClgHtg-Cnst,None,,None,NE-HV_AirDist-SupFanMtr-cDXGF-2SpClgHtg-VFDExMtr,None,,,Each
NE-HVAC-Unitary-addVFDPMMtr,RFF,Ex,CZ11,cDXGF,0,NE-HV_AirDist-SupFanMtr-cDXGF-2SpClgHtg-Cnst,None,,None,NE-HV_AirDist-SupFanMtr-cDXGF-2SpClgHtg-VFDPMMtr,None,,,Each
NE-HVAC-Unitary-addVFDStdMtr,RFF,Ex,CZ11,cDXGF,0,NE-HV_AirDist-SupFanMtr-cDXGF-2SpClgHtg-Cnst,None,,None,NE-HV_AirDist-SupFanMtr-cDXGF-2SpClgHtg-VFDStdMtr,None,,,Each
NE-HVAC-Unitary-addVFDExMtr,RFF,Ex,CZ10,cDXGF,0,NE-HV_AirDist-SupFanMtr-cDXGF-2SpClgHtg-Cnst,None,,None,NE-HV_AirDist-SupFanMtr-cDXGF-2SpClgHtg-VFDExMtr,None,,,Each
NE-HVAC-Unitary-addVFDPMMtr,RFF,Ex,CZ10,cDXGF,0,NE-HV_AirDist-SupFanMtr-cDXGF-2SpClgHtg-Cnst,None,,None,NE-HV_AirDist-SupFanMtr-cDXGF-2SpClgHtg-VFDPMMtr,None,,,Each
NE-HVAC-Unitary-addVFDStdMtr,RFF,Ex,CZ10,cDXGF,0,NE-HV_AirDist-SupFanMtr-cDXGF-2SpClgHtg-Cnst,None,,None,NE-HV_AirDist-SupFanMtr-cDXGF-2SpClgHtg-VFDStdMtr,None,,,Each
NE-HVAC-Unitary-addVFDExMtr,RFF,Ex,CZ09,cDXGF,0,NE-HV_AirDist-SupFanMtr-cDXGF-2SpClgHtg-Cnst,None,,None,NE-HV_AirDist-SupFanMtr-cDXGF-2SpClgHtg-VFDExMtr,None,,,Each
NE-HVAC-Unitary-addVFDPMMtr,RFF,Ex,CZ09,cDXGF,0,NE-HV_AirDist-SupFanMtr-cDXGF-2SpClgHtg-Cnst,None,,None,NE-HV_AirDist-SupFanMtr-cDXGF-2SpClgHtg-VFDPMMtr,None,,,Each
NE-HVAC-Unitary-addVFDStdMtr,RFF,Ex,CZ09,cDXGF,0,NE-HV_AirDist-SupFanMtr-cDXGF-2SpClgHtg-Cnst,None,,None,NE-HV_AirDist-SupFanMtr-cDXGF-2SpClgHtg-VFDStdMtr,None,,,Each
NE-HVAC-Unitary-addVFDExMtr,RFF,Ex,CZ08,cDXGF,0,NE-HV_AirDist-SupFanMtr-cDXGF-2SpClgHtg-Cnst,None,,None,NE-HV_AirDist-SupFanMtr-cDXGF-2SpClgHtg-VFDExMtr,None,,,Each
NE-HVAC-Unitary-addVFDPMMtr,RFF,Ex,CZ08,cDXGF,0,NE-HV_AirDist-SupFanMtr-cDXGF-2SpClgHtg-Cnst,None,,None,NE-HV_AirDist-SupFanMtr-cDXGF-2SpClgHtg-VFDPMMtr,None,,,Each
NE-HVAC-Unitary-addVFDStdMtr,RFF,Ex,CZ08,cDXGF,0,NE-HV_AirDist-SupFanMtr-cDXGF-2SpClgHtg-Cnst,None,,None,NE-HV_AirDist-SupFanMtr-cDXGF-2SpClgHtg-VFDStdMtr,None,,,Each
NE-HVAC-Unitary-addVFDExMtr,RFF,Ex,CZ07,cDXGF,0,NE-HV_AirDist-SupFanMtr-cDXGF-2SpClgHtg-Cnst,None,,None,NE-HV_AirDist-SupFanMtr-cDXGF-2SpClgHtg-VFDExMtr,None,,,Each
NE-HVAC-Unitary-addVFDPMMtr,RFF,Ex,CZ07,cDXGF,0,NE-HV_AirDist-SupFanMtr-cDXGF-2SpClgHtg-Cnst,None,,None,NE-HV_AirDist-SupFanMtr-cDXGF-2SpClgHtg-VFDPMMtr,None,,,Each
NE-HVAC-Unitary-addVFDStdMtr,RFF,Ex,CZ07,cDXGF,0,NE-HV_AirDist-SupFanMtr-cDXGF-2SpClgHtg-Cnst,None,,None,NE-HV_AirDist-SupFanMtr-cDXGF-2SpClgHtg-VFDStdMtr,None,,,Each
NE-HVAC-Unitary-addVFDExMtr,RFF,Ex,CZ06,cDXGF,0,NE-HV_AirDist-SupFanMtr-cDXGF-2SpClgHtg-Cnst,None,,None,NE-HV_AirDist-SupFanMtr-cDXGF-2SpClgHtg-VFDExMtr,None,,,Each
NE-HVAC-Unitary-addVFDPMMtr,RFF,Ex,CZ06,cDXGF,0,NE-HV_AirDist-SupFanMtr-cDXGF-2SpClgHtg-Cnst,None,,None,NE-HV_AirDist-SupFanMtr-cDXGF-2SpClgHtg-VFDPMMtr,None,,,Each
NE-HVAC-Unitary-addVFDStdMtr,RFF,Ex,CZ06,cDXGF,0,NE-HV_AirDist-SupFanMtr-cDXGF-2SpClgHtg-Cnst,None,,None,NE-HV_AirDist-SupFanMtr-cDXGF-2SpClgHtg-VFDStdMtr,None,,,Each
NE-HVAC-Unitary-addVFDExMtr,RFF,Ex,CZ05,cDXGF,0,NE-HV_AirDist-SupFanMtr-cDXGF-2SpClgHtg-Cnst,None,,None,NE-HV_AirDist-SupFanMtr-cDXGF-2SpClgHtg-VFDExMtr,None,,,Each
NE-HVAC-Unitary-addVFDPMMtr,RFF,Ex,CZ05,cDXGF,0,NE-HV_AirDist-SupFanMtr-cDXGF-2SpClgHtg-Cnst,None,,None,NE-HV_AirDist-SupFanMtr-cDXGF-2SpClgHtg-VFDPMMtr,None,,,Each
NE-HVAC-Unitary-addVFDStdMtr,RFF,Ex,CZ05,cDXGF,0,NE-HV_AirDist-SupFanMtr-cDXGF-2SpClgHtg-Cnst,None,,None,NE-HV_AirDist-SupFanMtr-cDXGF-2SpClgHtg-VFDStdMtr,None,,,Each
NE-HVAC-Unitary-addVFDExMtr,RFF,Ex,CZ04,cDXGF,0,NE-HV_AirDist-SupFanMtr-cDXGF-2SpClgHtg-Cnst,None,,None,NE-HV_AirDist-SupFanMtr-cDXGF-2SpClgHtg-VFDExMtr,None,,,Each
NE-HVAC-Unitary-addVFDPMMtr,RFF,Ex,CZ04,cDXGF,0,NE-HV_AirDist-SupFanMtr-cDXGF-2SpClgHtg-Cnst,None,,None,NE-HV_AirDist-SupFanMtr-cDXGF-2SpClgHtg-VFDPMMtr,None,,,Each
NE-HVAC-Unitary-addVFDStdMtr,RFF,Ex,CZ04,cDXGF,0,NE-HV_AirDist-SupFanMtr-cDXGF-2SpClgHtg-Cnst,None,,None,NE-HV_AirDist-SupFanMtr-cDXGF-2SpClgHtg-VFDStdMtr,None,,,Each
NE-HVAC-Unitary-addVFDExMtr,RFF,Ex,CZ03,cDXGF,0,NE-HV_AirDist-SupFanMtr-cDXGF-2SpClgHtg-Cnst,None,,None,NE-HV_AirDist-SupFanMtr-cDXGF-2SpClgHtg-VFDExMtr,None,,,Each
NE-HVAC-Unitary-addVFDPMMtr,RFF,Ex,CZ03,cDXGF,0,NE-HV_AirDist-SupFanMtr-cDXGF-2SpClgHtg-Cnst,None,,None,NE-HV_AirDist-SupFanMtr-cDXGF-2SpClgHtg-VFDPMMtr,None,,,Each
NE-HVAC-Unitary-addVFDStdMtr,RFF,Ex,CZ03,cDXGF,0,NE-HV_AirDist-SupFanMtr-cDXGF-2SpClgHtg-Cnst,None,,None,NE-HV_AirDist-SupFanMtr-cDXGF-2SpClgHtg-VFDStdMtr,None,,,Each
NE-HVAC-Unitary-addVFDExMtr,RFF,Ex,CZ02,cDXGF,0,NE-HV_AirDist-SupFanMtr-cDXGF-2SpClgHtg-Cnst,None,,None,NE-HV_AirDist-SupFanMtr-cDXGF-2SpClgHtg-VFDExMtr,None,,,Each
NE-HVAC-Unitary-addVFDPMMtr,RFF,Ex,CZ02,cDXGF,0,NE-HV_AirDist-SupFanMtr-cDXGF-2SpClgHtg-Cnst,None,,None,NE-HV_AirDist-SupFanMtr-cDXGF-2SpClgHtg-VFDPMMtr,None,,,Each
NE-HVAC-Unitary-addVFDStdMtr,RFF,Ex,CZ02,cDXGF,0,NE-HV_AirDist-SupFanMtr-cDXGF-2SpClgHtg-Cnst,None,,None,NE-HV_AirDist-SupFanMtr-cDXGF-2SpClgHtg-VFDStdMtr,None,,,Each
NE-HVAC-Unitary-addVFDExMtr,RFF,Ex,CZ01,cDXGF,0,NE-HV_AirDist-SupFanMtr-cDXGF-2SpClgHtg-Cnst,None,,None,NE-HV_AirDist-SupFanMtr-cDXGF-2SpClgHtg-VFDExMtr,None,,,Each
NE-HVAC-Unitary-addVFDPMMtr,RFF,Ex,CZ01,cDXGF,0,NE-HV_AirDist-SupFanMtr-cDXGF-2SpClgHtg-Cnst,None,,None,NE-HV_AirDist-SupFanMtr-cDXGF-2SpClgHtg-VFDPMMtr,None,,,Each
NE-HVAC-Unitary-addVFDStdMtr,RFF,Ex,CZ01,cDXGF,0,NE-HV_AirDist-SupFanMtr-cDXGF-2SpClgHtg-Cnst,None,,None,NE-HV_AirDist-SupFanMtr-cDXGF-2SpClgHtg-VFDStdMtr,None,,,Each
NE-HVAC-Unitary-addVFDExMtr,OfS,Ex,CZ16,cDXOH,0,NE-HV_AirDist-SupFanMtr-cDXOH-2SpClgHtg-Cnst,None,,None,NE-HV_AirDist-SupFanMtr-cDXOH-2SpClgHtg-VFDExMtr,None,,,Each
NE-HVAC-Unitary-addVFDPMMtr,OfS,Ex,CZ16,cDXOH,0,NE-HV_AirDist-SupFanMtr-cDXOH-2SpClgHtg-Cnst,None,,None,NE-HV_AirDist-SupFanMtr-cDXOH-2SpClgHtg-VFDPMMtr,None,,,Each
NE-HVAC-Unitary-addVFDStdMtr,OfS,Ex,CZ16,cDXOH,0,NE-HV_AirDist-SupFanMtr-cDXOH-2SpClgHtg-Cnst,None,,None,NE-HV_AirDist-SupFanMtr-cDXOH-2SpClgHtg-VFDStdMtr,None,,,Each
NE-HVAC-Unitary-addVFDExMtr,OfS,Ex,CZ15,cDXOH,0,NE-HV_AirDist-SupFanMtr-cDXOH-2SpClgHtg-Cnst,None,,None,NE-HV_AirDist-SupFanMtr-cDXOH-2SpClgHtg-VFDExMtr,None,,,Each
NE-HVAC-Unitary-addVFDPMMtr,OfS,Ex,CZ15,cDXOH,0,NE-HV_AirDist-SupFanMtr-cDXOH-2SpClgHtg-Cnst,None,,None,NE-HV_AirDist-SupFanMtr-cDXOH-2SpClgHtg-VFDPMMtr,None,,,Each
NE-HVAC-Unitary-addVFDStdMtr,OfS,Ex,CZ15,cDXOH,0,NE-HV_AirDist-SupFanMtr-cDXOH-2SpClgHtg-Cnst,None,,None,NE-HV_AirDist-SupFanMtr-cDXOH-2SpClgHtg-VFDStdMtr,None,,,Each
NE-HVAC-Unitary-addVFDExMtr,OfS,Ex,CZ14,cDXOH,0,NE-HV_AirDist-SupFanMtr-cDXOH-2SpClgHtg-Cnst,None,,None,NE-HV_AirDist-SupFanMtr-cDXOH-2SpClgHtg-VFDExMtr,None,,,Each
NE-HVAC-Unitary-addVFDPMMtr,OfS,Ex,CZ14,cDXOH,0,NE-HV_AirDist-SupFanMtr-cDXOH-2SpClgHtg-Cnst,None,,None,NE-HV_AirDist-SupFanMtr-cDXOH-2SpClgHtg-VFDPMMtr,None,,,Each
NE-HVAC-Unitary-addVFDStdMtr,OfS,Ex,CZ14,cDXOH,0,NE-HV_AirDist-SupFanMtr-cDXOH-2SpClgHtg-Cnst,None,,None,NE-HV_AirDist-SupFanMtr-cDXOH-2SpClgHtg-VFDStdMtr,None,,,Each
NE-HVAC-Unitary-addVFDExMtr,OfS,Ex,CZ13,cDXOH,0,NE-HV_AirDist-SupFanMtr-cDXOH-2SpClgHtg-Cnst,None,,None,NE-HV_AirDist-SupFanMtr-cDXOH-2SpClgHtg-VFDExMtr,None,,,Each
NE-HVAC-Unitary-addVFDPMMtr,OfS,Ex,CZ13,cDXOH,0,NE-HV_AirDist-SupFanMtr-cDXOH-2SpClgHtg-Cnst,None,,None,NE-HV_AirDist-SupFanMtr-cDXOH-2SpClgHtg-VFDPMMtr,None,,,Each
NE-HVAC-Unitary-addVFDStdMtr,OfS,Ex,CZ13,cDXOH,0,NE-HV_AirDist-SupFanMtr-cDXOH-2SpClgHtg-Cnst,None,,None,NE-HV_AirDist-SupFanMtr-cDXOH-2SpClgHtg-VFDStdMtr,None,,,Each
NE-HVAC-Unitary-addVFDExMtr,OfS,Ex,CZ12,cDXOH,0,NE-HV_AirDist-SupFanMtr-cDXOH-2SpClgHtg-Cnst,None,,None,NE-HV_AirDist-SupFanMtr-cDXOH-2SpClgHtg-VFDExMtr,None,,,Each
NE-HVAC-Unitary-addVFDPMMtr,OfS,Ex,CZ12,cDXOH,0,NE-HV_AirDist-SupFanMtr-cDXOH-2SpClgHtg-Cnst,None,,None,NE-HV_AirDist-SupFanMtr-cDXOH-2SpClgHtg-VFDPMMtr,None,,,Each
NE-HVAC-Unitary-addVFDStdMtr,OfS,Ex,CZ12,cDXOH,0,NE-HV_AirDist-SupFanMtr-cDXOH-2SpClgHtg-Cnst,None,,None,NE-HV_AirDist-SupFanMtr-cDXOH-2SpClgHtg-VFDStdMtr,None,,,Each
NE-HVAC-Unitary-addVFDExMtr,OfS,Ex,CZ11,cDXOH,0,NE-HV_AirDist-SupFanMtr-cDXOH-2SpClgHtg-Cnst,None,,None,NE-HV_AirDist-SupFanMtr-cDXOH-2SpClgHtg-VFDExMtr,None,,,Each
NE-HVAC-Unitary-addVFDPMMtr,OfS,Ex,CZ11,cDXOH,0,NE-HV_AirDist-SupFanMtr-cDXOH-2SpClgHtg-Cnst,None,,None,NE-HV_AirDist-SupFanMtr-cDXOH-2SpClgHtg-VFDPMMtr,None,,,Each
NE-HVAC-Unitary-addVFDStdMtr,OfS,Ex,CZ11,cDXOH,0,NE-HV_AirDist-SupFanMtr-cDXOH-2SpClgHtg-Cnst,None,,None,NE-HV_AirDist-SupFanMtr-cDXOH-2SpClgHtg-VFDStdMtr,None,,,Each
NE-HVAC-Unitary-addVFDExMtr,OfS,Ex,CZ10,cDXOH,0,NE-HV_AirDist-SupFanMtr-cDXOH-2SpClgHtg-Cnst,None,,None,NE-HV_AirDist-SupFanMtr-cDXOH-2SpClgHtg-VFDExMtr,None,,,Each
NE-HVAC-Unitary-addVFDPMMtr,OfS,Ex,CZ10,cDXOH,0,NE-HV_AirDist-SupFanMtr-cDXOH-2SpClgHtg-Cnst,None,,None,NE-HV_AirDist-SupFanMtr-cDXOH-2SpClgHtg-VFDPMMtr,None,,,Each
NE-HVAC-Unitary-addVFDStdMtr,OfS,Ex,CZ10,cDXOH,0,NE-HV_AirDist-SupFanMtr-cDXOH-2SpClgHtg-Cnst,None,,None,NE-HV_AirDist-SupFanMtr-cDXOH-2SpClgHtg-VFDStdMtr,None,,,Each
NE-HVAC-Unitary-addVFDExMtr,OfS,Ex,CZ09,cDXOH,0,NE-HV_AirDist-SupFanMtr-cDXOH-2SpClgHtg-Cnst,None,,None,NE-HV_AirDist-SupFanMtr-cDXOH-2SpClgHtg-VFDExMtr,None,,,Each
NE-HVAC-Unitary-addVFDPMMtr,OfS,Ex,CZ09,cDXOH,0,NE-HV_AirDist-SupFanMtr-cDXOH-2SpClgHtg-Cnst,None,,None,NE-HV_AirDist-SupFanMtr-cDXOH-2SpClgHtg-VFDPMMtr,None,,,Each
NE-HVAC-Unitary-addVFDStdMtr,OfS,Ex,CZ09,cDXOH,0,NE-HV_AirDist-SupFanMtr-cDXOH-2SpClgHtg-Cnst,None,,None,NE-HV_AirDist-SupFanMtr-cDXOH-2SpClgHtg-VFDStdMtr,None,,,Each
NE-HVAC-Unitary-addVFDExMtr,OfS,Ex,CZ08,cDXOH,0,NE-HV_AirDist-SupFanMtr-cDXOH-2SpClgHtg-Cnst,None,,None,NE-HV_AirDist-SupFanMtr-cDXOH-2SpClgHtg-VFDExMtr,None,,,Each
NE-HVAC-Unitary-addVFDPMMtr,OfS,Ex,CZ08,cDXOH,0,NE-HV_AirDist-SupFanMtr-cDXOH-2SpClgHtg-Cnst,None,,None,NE-HV_AirDist-SupFanMtr-cDXOH-2SpClgHtg-VFDPMMtr,None,,,Each
NE-HVAC-Unitary-addVFDStdMtr,OfS,Ex,CZ08,cDXOH,0,NE-HV_AirDist-SupFanMtr-cDXOH-2SpClgHtg-Cnst,None,,None,NE-HV_AirDist-SupFanMtr-cDXOH-2SpClgHtg-VFDStdMtr,None,,,Each
NE-HVAC-Unitary-addVFDExMtr,OfS,Ex,CZ07,cDXOH,0,NE-HV_AirDist-SupFanMtr-cDXOH-2SpClgHtg-Cnst,None,,None,NE-HV_AirDist-SupFanMtr-cDXOH-2SpClgHtg-VFDExMtr,None,,,Each
NE-HVAC-Unitary-addVFDPMMtr,OfS,Ex,CZ07,cDXOH,0,NE-HV_AirDist-SupFanMtr-cDXOH-2SpClgHtg-Cnst,None,,None,NE-HV_AirDist-SupFanMtr-cDXOH-2SpClgHtg-VFDPMMtr,None,,,Each
NE-HVAC-Unitary-addVFDStdMtr,OfS,Ex,CZ07,cDXOH,0,NE-HV_AirDist-SupFanMtr-cDXOH-2SpClgHtg-Cnst,None,,None,NE-HV_AirDist-SupFanMtr-cDXOH-2SpClgHtg-VFDStdMtr,None,,,Each
NE-HVAC-Unitary-addVFDExMtr,OfS,Ex,CZ06,cDXOH,0,NE-HV_AirDist-SupFanMtr-cDXOH-2SpClgHtg-Cnst,None,,None,NE-HV_AirDist-SupFanMtr-cDXOH-2SpClgHtg-VFDExMtr,None,,,Each
NE-HVAC-Unitary-addVFDPMMtr,OfS,Ex,CZ06,cDXOH,0,NE-HV_AirDist-SupFanMtr-cDXOH-2SpClgHtg-Cnst,None,,None,NE-HV_AirDist-SupFanMtr-cDXOH-2SpClgHtg-VFDPMMtr,None,,,Each
NE-HVAC-Unitary-addVFDStdMtr,OfS,Ex,CZ06,cDXOH,0,NE-HV_AirDist-SupFanMtr-cDXOH-2SpClgHtg-Cnst,None,,None,NE-HV_AirDist-SupFanMtr-cDXOH-2SpClgHtg-VFDStdMtr,None,,,Each
NE-HVAC-Unitary-addVFDExMtr,OfS,Ex,CZ05,cDXOH,0,NE-HV_AirDist-SupFanMtr-cDXOH-2SpClgHtg-Cnst,None,,None,NE-HV_AirDist-SupFanMtr-cDXOH-2SpClgHtg-VFDExMtr,None,,,Each
NE-HVAC-Unitary-addVFDPMMtr,OfS,Ex,CZ05,cDXOH,0,NE-HV_AirDist-SupFanMtr-cDXOH-2SpClgHtg-Cnst,None,,None,NE-HV_AirDist-SupFanMtr-cDXOH-2SpClgHtg-VFDPMMtr,None,,,Each
NE-HVAC-Unitary-addVFDStdMtr,OfS,Ex,CZ05,cDXOH,0,NE-HV_AirDist-SupFanMtr-cDXOH-2SpClgHtg-Cnst,None,,None,NE-HV_AirDist-SupFanMtr-cDXOH-2SpClgHtg-VFDStdMtr,None,,,Each
NE-HVAC-Unitary-addVFDExMtr,OfS,Ex,CZ04,cDXOH,0,NE-HV_AirDist-SupFanMtr-cDXOH-2SpClgHtg-Cnst,None,,None,NE-HV_AirDist-SupFanMtr-cDXOH-2SpClgHtg-VFDExMtr,None,,,Each
NE-HVAC-Unitary-addVFDPMMtr,OfS,Ex,CZ04,cDXOH,0,NE-HV_AirDist-SupFanMtr-cDXOH-2SpClgHtg-Cnst,None,,None,NE-HV_AirDist-SupFanMtr-cDXOH-2SpClgHtg-VFDPMMtr,None,,,Each
NE-HVAC-Unitary-addVFDStdMtr,OfS,Ex,CZ04,cDXOH,0,NE-HV_AirDist-SupFanMtr-cDXOH-2SpClgHtg-Cnst,None,,None,NE-HV_AirDist-SupFanMtr-cDXOH-2SpClgHtg-VFDStdMtr,None,,,Each
NE-HVAC-Unitary-addVFDExMtr,OfS,Ex,CZ03,cDXOH,0,NE-HV_AirDist-SupFanMtr-cDXOH-2SpClgHtg-Cnst,None,,None,NE-HV_AirDist-SupFanMtr-cDXOH-2SpClgHtg-VFDExMtr,None,,,Each
NE-HVAC-Unitary-addVFDPMMtr,OfS,Ex,CZ03,cDXOH,0,NE-HV_AirDist-SupFanMtr-cDXOH-2SpClgHtg-Cnst,None,,None,NE-HV_AirDist-SupFanMtr-cDXOH-2SpClgHtg-VFDPMMtr,None,,,Each
NE-HVAC-Unitary-addVFDStdMtr,OfS,Ex,CZ03,cDXOH,0,NE-HV_AirDist-SupFanMtr-cDXOH-2SpClgHtg-Cnst,None,,None,NE-HV_AirDist-SupFanMtr-cDXOH-2SpClgHtg-VFDStdMtr,None,,,Each
NE-HVAC-Unitary-addVFDExMtr,OfS,Ex,CZ02,cDXOH,0,NE-HV_AirDist-SupFanMtr-cDXOH-2SpClgHtg-Cnst,None,,None,NE-HV_AirDist-SupFanMtr-cDXOH-2SpClgHtg-VFDExMtr,None,,,Each
NE-HVAC-Unitary-addVFDPMMtr,OfS,Ex,CZ02,cDXOH,0,NE-HV_AirDist-SupFanMtr-cDXOH-2SpClgHtg-Cnst,None,,None,NE-HV_AirDist-SupFanMtr-cDXOH-2SpClgHtg-VFDPMMtr,None,,,Each
NE-HVAC-Unitary-addVFDStdMtr,OfS,Ex,CZ02,cDXOH,0,NE-HV_AirDist-SupFanMtr-cDXOH-2SpClgHtg-Cnst,None,,None,NE-HV_AirDist-SupFanMtr-cDXOH-2SpClgHtg-VFDStdMtr,None,,,Each
NE-HVAC-Unitary-addVFDExMtr,OfS,Ex,CZ01,cDXOH,0,NE-HV_AirDist-SupFanMtr-cDXOH-2SpClgHtg-Cnst,None,,None,NE-HV_AirDist-SupFanMtr-cDXOH-2SpClgHtg-VFDExMtr,None,,,Each
NE-HVAC-Unitary-addVFDPMMtr,OfS,Ex,CZ01,cDXOH,0,NE-HV_AirDist-SupFanMtr-cDXOH-2SpClgHtg-Cnst,None,,None,NE-HV_AirDist-SupFanMtr-cDXOH-2SpClgHtg-VFDPMMtr,None,,,Each
NE-HVAC-Unitary-addVFDStdMtr,OfS,Ex,CZ01,cDXOH,0,NE-HV_AirDist-SupFanMtr-cDXOH-2SpClgHtg-Cnst,None,,None,NE-HV_AirDist-SupFanMtr-cDXOH-2SpClgHtg-VFDStdMtr,None,,,Each
NE-HVAC-Unitary-addVFDExMtr,OfS,Ex,CZ16,cDXHP,0,NE-HV_AirDist-SupFanMtr-cDXHP-2SpClgHtg-Cnst,None,,None,NE-HV_AirDist-SupFanMtr-cDXHP-2SpClgHtg-VFDExMtr,None,,,Each
NE-HVAC-Unitary-addVFDPMMtr,OfS,Ex,CZ16,cDXHP,0,NE-HV_AirDist-SupFanMtr-cDXHP-2SpClgHtg-Cnst,None,,None,NE-HV_AirDist-SupFanMtr-cDXHP-2SpClgHtg-VFDPMMtr,None,,,Each
NE-HVAC-Unitary-addVFDStdMtr,OfS,Ex,CZ16,cDXHP,0,NE-HV_AirDist-SupFanMtr-cDXHP-2SpClgHtg-Cnst,None,,None,NE-HV_AirDist-SupFanMtr-cDXHP-2SpClgHtg-VFDStdMtr,None,,,Each
NE-HVAC-Unitary-addVFDExMtr,OfS,Ex,CZ15,cDXHP,0,NE-HV_AirDist-SupFanMtr-cDXHP-2SpClgHtg-Cnst,None,,None,NE-HV_AirDist-SupFanMtr-cDXHP-2SpClgHtg-VFDExMtr,None,,,Each
NE-HVAC-Unitary-addVFDPMMtr,OfS,Ex,CZ15,cDXHP,0,NE-HV_AirDist-SupFanMtr-cDXHP-2SpClgHtg-Cnst,None,,None,NE-HV_AirDist-SupFanMtr-cDXHP-2SpClgHtg-VFDPMMtr,None,,,Each
NE-HVAC-Unitary-addVFDStdMtr,OfS,Ex,CZ15,cDXHP,0,NE-HV_AirDist-SupFanMtr-cDXHP-2SpClgHtg-Cnst,None,,None,NE-HV_AirDist-SupFanMtr-cDXHP-2SpClgHtg-VFDStdMtr,None,,,Each
NE-HVAC-Unitary-addVFDExMtr,OfS,Ex,CZ14,cDXHP,0,NE-HV_AirDist-SupFanMtr-cDXHP-2SpClgHtg-Cnst,None,,None,NE-HV_AirDist-SupFanMtr-cDXHP-2SpClgHtg-VFDExMtr,None,,,Each
NE-HVAC-Unitary-addVFDPMMtr,OfS,Ex,CZ14,cDXHP,0,NE-HV_AirDist-SupFanMtr-cDXHP-2SpClgHtg-Cnst,None,,None,NE-HV_AirDist-SupFanMtr-cDXHP-2SpClgHtg-VFDPMMtr,None,,,Each
NE-HVAC-Unitary-addVFDStdMtr,OfS,Ex,CZ14,cDXHP,0,NE-HV_AirDist-SupFanMtr-cDXHP-2SpClgHtg-Cnst,None,,None,NE-HV_AirDist-SupFanMtr-cDXHP-2SpClgHtg-VFDStdMtr,None,,,Each
NE-HVAC-Unitary-addVFDExMtr,OfS,Ex,CZ13,cDXHP,0,NE-HV_AirDist-SupFanMtr-cDXHP-2SpClgHtg-Cnst,None,,None,NE-HV_AirDist-SupFanMtr-cDXHP-2SpClgHtg-VFDExMtr,None,,,Each
NE-HVAC-Unitary-addVFDPMMtr,OfS,Ex,CZ13,cDXHP,0,NE-HV_AirDist-SupFanMtr-cDXHP-2SpClgHtg-Cnst,None,,None,NE-HV_AirDist-SupFanMtr-cDXHP-2SpClgHtg-VFDPMMtr,None,,,Each
NE-HVAC-Unitary-addVFDStdMtr,OfS,Ex,CZ13,cDXHP,0,NE-HV_AirDist-SupFanMtr-cDXHP-2SpClgHtg-Cnst,None,,None,NE-HV_AirDist-SupFanMtr-cDXHP-2SpClgHtg-VFDStdMtr,None,,,Each
NE-HVAC-Unitary-addVFDExMtr,OfS,Ex,CZ12,cDXHP,0,NE-HV_AirDist-SupFanMtr-cDXHP-2SpClgHtg-Cnst,None,,None,NE-HV_AirDist-SupFanMtr-cDXHP-2SpClgHtg-VFDExMtr,None,,,Each
NE-HVAC-Unitary-addVFDPMMtr,OfS,Ex,CZ12,cDXHP,0,NE-HV_AirDist-SupFanMtr-cDXHP-2SpClgHtg-Cnst,None,,None,NE-HV_AirDist-SupFanMtr-cDXHP-2SpClgHtg-VFDPMMtr,None,,,Each
NE-HVAC-Unitary-addVFDStdMtr,OfS,Ex,CZ12,cDXHP,0,NE-HV_AirDist-SupFanMtr-cDXHP-2SpClgHtg-Cnst,None,,None,NE-HV_AirDist-SupFanMtr-cDXHP-2SpClgHtg-VFDStdMtr,None,,,Each
NE-HVAC-Unitary-addVFDExMtr,OfS,Ex,CZ11,cDXHP,0,NE-HV_AirDist-SupFanMtr-cDXHP-2SpClgHtg-Cnst,None,,None,NE-HV_AirDist-SupFanMtr-cDXHP-2SpClgHtg-VFDExMtr,None,,,Each
NE-HVAC-Unitary-addVFDPMMtr,OfS,Ex,CZ11,cDXHP,0,NE-HV_AirDist-SupFanMtr-cDXHP-2SpClgHtg-Cnst,None,,None,NE-HV_AirDist-SupFanMtr-cDXHP-2SpClgHtg-VFDPMMtr,None,,,Each
NE-HVAC-Unitary-addVFDStdMtr,OfS,Ex,CZ11,cDXHP,0,NE-HV_AirDist-SupFanMtr-cDXHP-2SpClgHtg-Cnst,None,,None,NE-HV_AirDist-SupFanMtr-cDXHP-2SpClgHtg-VFDStdMtr,None,,,Each
NE-HVAC-Unitary-addVFDExMtr,OfS,Ex,CZ10,cDXHP,0,NE-HV_AirDist-SupFanMtr-cDXHP-2SpClgHtg-Cnst,None,,None,NE-HV_AirDist-SupFanMtr-cDXHP-2SpClgHtg-VFDExMtr,None,,,Each
NE-HVAC-Unitary-addVFDPMMtr,OfS,Ex,CZ10,cDXHP,0,NE-HV_AirDist-SupFanMtr-cDXHP-2SpClgHtg-Cnst,None,,None,NE-HV_AirDist-SupFanMtr-cDXHP-2SpClgHtg-VFDPMMtr,None,,,Each
NE-HVAC-Unitary-addVFDStdMtr,OfS,Ex,CZ10,cDXHP,0,NE-HV_AirDist-SupFanMtr-cDXHP-2SpClgHtg-Cnst,None,,None,NE-HV_AirDist-SupFanMtr-cDXHP-2SpClgHtg-VFDStdMtr,None,,,Each
NE-HVAC-Unitary-addVFDExMtr,OfS,Ex,CZ09,cDXHP,0,NE-HV_AirDist-SupFanMtr-cDXHP-2SpClgHtg-Cnst,None,,None,NE-HV_AirDist-SupFanMtr-cDXHP-2SpClgHtg-VFDExMtr,None,,,Each
NE-HVAC-Unitary-addVFDPMMtr,OfS,Ex,CZ09,cDXHP,0,NE-HV_AirDist-SupFanMtr-cDXHP-2SpClgHtg-Cnst,None,,None,NE-HV_AirDist-SupFanMtr-cDXHP-2SpClgHtg-VFDPMMtr,None,,,Each
NE-HVAC-Unitary-addVFDStdMtr,OfS,Ex,CZ09,cDXHP,0,NE-HV_AirDist-SupFanMtr-cDXHP-2SpClgHtg-Cnst,None,,None,NE-HV_AirDist-SupFanMtr-cDXHP-2SpClgHtg-VFDStdMtr,None,,,Each
NE-HVAC-Unitary-addVFDExMtr,OfS,Ex,CZ08,cDXHP,0,NE-HV_AirDist-SupFanMtr-cDXHP-2SpClgHtg-Cnst,None,,None,NE-HV_AirDist-SupFanMtr-cDXHP-2SpClgHtg-VFDExMtr,None,,,Each
NE-HVAC-Unitary-addVFDPMMtr,OfS,Ex,CZ08,cDXHP,0,NE-HV_AirDist-SupFanMtr-cDXHP-2SpClgHtg-Cnst,None,,None,NE-HV_AirDist-SupFanMtr-cDXHP-2SpClgHtg-VFDPMMtr,None,,,Each
NE-HVAC-Unitary-addVFDStdMtr,OfS,Ex,CZ08,cDXHP,0,NE-HV_AirDist-SupFanMtr-cDXHP-2SpClgHtg-Cnst,None,,None,NE-HV_AirDist-SupFanMtr-cDXHP-2SpClgHtg-VFDStdMtr,None,,,Each
NE-HVAC-Unitary-addVFDExMtr,OfS,Ex,CZ07,cDXHP,0,NE-HV_AirDist-SupFanMtr-cDXHP-2SpClgHtg-Cnst,None,,None,NE-HV_AirDist-SupFanMtr-cDXHP-2SpClgHtg-VFDExMtr,None,,,Each
NE-HVAC-Unitary-addVFDPMMtr,OfS,Ex,CZ07,cDXHP,0,NE-HV_AirDist-SupFanMtr-cDXHP-2SpClgHtg-Cnst,None,,None,NE-HV_AirDist-SupFanMtr-cDXHP-2SpClgHtg-VFDPMMtr,None,,,Each
NE-HVAC-Unitary-addVFDStdMtr,OfS,Ex,CZ07,cDXHP,0,NE-HV_AirDist-SupFanMtr-cDXHP-2SpClgHtg-Cnst,None,,None,NE-HV_AirDist-SupFanMtr-cDXHP-2SpClgHtg-VFDStdMtr,None,,,Each
NE-HVAC-Unitary-addVFDExMtr,OfS,Ex,CZ06,cDXHP,0,NE-HV_AirDist-SupFanMtr-cDXHP-2SpClgHtg-Cnst,None,,None,NE-HV_AirDist-SupFanMtr-cDXHP-2SpClgHtg-VFDExMtr,None,,,Each
NE-HVAC-Unitary-addVFDPMMtr,OfS,Ex,CZ06,cDXHP,0,NE-HV_AirDist-SupFanMtr-cDXHP-2SpClgHtg-Cnst,None,,None,NE-HV_AirDist-SupFanMtr-cDXHP-2SpClgHtg-VFDPMMtr,None,,,Each
NE-HVAC-Unitary-addVFDStdMtr,OfS,Ex,CZ06,cDXHP,0,NE-HV_AirDist-SupFanMtr-cDXHP-2SpClgHtg-Cnst,None,,None,NE-HV_AirDist-SupFanMtr-cDXHP-2SpClgHtg-VFDStdMtr,None,,,Each
NE-HVAC-Unitary-addVFDExMtr,OfS,Ex,CZ05,cDXHP,0,NE-HV_AirDist-SupFanMtr-cDXHP-2SpClgHtg-Cnst,None,,None,NE-HV_AirDist-SupFanMtr-cDXHP-2SpClgHtg-VFDExMtr,None,,,Each
NE-HVAC-Unitary-addVFDPMMtr,OfS,Ex,CZ05,cDXHP,0,NE-HV_AirDist-SupFanMtr-cDXHP-2SpClgHtg-Cnst,None,,None,NE-HV_AirDist-SupFanMtr-cDXHP-2SpClgHtg-VFDPMMtr,None,,,Each
NE-HVAC-Unitary-addVFDStdMtr,OfS,Ex,CZ05,cDXHP,0,NE-HV_AirDist-SupFanMtr-cDXHP-2SpClgHtg-Cnst,None,,None,NE-HV_AirDist-SupFanMtr-cDXHP-2SpClgHtg-VFDStdMtr,None,,,Each
NE-HVAC-Unitary-addVFDExMtr,OfS,Ex,CZ04,cDXHP,0,NE-HV_AirDist-SupFanMtr-cDXHP-2SpClgHtg-Cnst,None,,None,NE-HV_AirDist-SupFanMtr-cDXHP-2SpClgHtg-VFDExMtr,None,,,Each
NE-HVAC-Unitary-addVFDPMMtr,OfS,Ex,CZ04,cDXHP,0,NE-HV_AirDist-SupFanMtr-cDXHP-2SpClgHtg-Cnst,None,,None,NE-HV_AirDist-SupFanMtr-cDXHP-2SpClgHtg-VFDPMMtr,None,,,Each
NE-HVAC-Unitary-addVFDStdMtr,OfS,Ex,CZ04,cDXHP,0,NE-HV_AirDist-SupFanMtr-cDXHP-2SpClgHtg-Cnst,None,,None,NE-HV_AirDist-SupFanMtr-cDXHP-2SpClgHtg-VFDStdMtr,None,,,Each
NE-HVAC-Unitary-addVFDExMtr,OfS,Ex,CZ03,cDXHP,0,NE-HV_AirDist-SupFanMtr-cDXHP-2SpClgHtg-Cnst,None,,None,NE-HV_AirDist-SupFanMtr-cDXHP-2SpClgHtg-VFDExMtr,None,,,Each
NE-HVAC-Unitary-addVFDPMMtr,OfS,Ex,CZ03,cDXHP,0,NE-HV_AirDist-SupFanMtr-cDXHP-2SpClgHtg-Cnst,None,,None,NE-HV_AirDist-SupFanMtr-cDXHP-2SpClgHtg-VFDPMMtr,None,,,Each
NE-HVAC-Unitary-addVFDStdMtr,OfS,Ex,CZ03,cDXHP,0,NE-HV_AirDist-SupFanMtr-cDXHP-2SpClgHtg-Cnst,None,,None,NE-HV_AirDist-SupFanMtr-cDXHP-2SpClgHtg-VFDStdMtr,None,,,Each
NE-HVAC-Unitary-addVFDExMtr,OfS,Ex,CZ02,cDXHP,0,NE-HV_AirDist-SupFanMtr-cDXHP-2SpClgHtg-Cnst,None,,None,NE-HV_AirDist-SupFanMtr-cDXHP-2SpClgHtg-VFDExMtr,None,,,Each
NE-HVAC-Unitary-addVFDPMMtr,OfS,Ex,CZ02,cDXHP,0,NE-HV_AirDist-SupFanMtr-cDXHP-2SpClgHtg-Cnst,None,,None,NE-HV_AirDist-SupFanMtr-cDXHP-2SpClgHtg-VFDPMMtr,None,,,Each
NE-HVAC-Unitary-addVFDStdMtr,OfS,Ex,CZ02,cDXHP,0,NE-HV_AirDist-SupFanMtr-cDXHP-2SpClgHtg-Cnst,None,,None,NE-HV_AirDist-SupFanMtr-cDXHP-2SpClgHtg-VFDStdMtr,None,,,Each
NE-HVAC-Unitary-addVFDExMtr,OfS,Ex,CZ01,cDXHP,0,NE-HV_AirDist-SupFanMtr-cDXHP-2SpClgHtg-Cnst,None,,None,NE-HV_AirDist-SupFanMtr-cDXHP-2SpClgHtg-VFDExMtr,None,,,Each
NE-HVAC-Unitary-addVFDPMMtr,OfS,Ex,CZ01,cDXHP,0,NE-HV_AirDist-SupFanMtr-cDXHP-2SpClgHtg-Cnst,None,,None,NE-HV_AirDist-SupFanMtr-cDXHP-2SpClgHtg-VFDPMMtr,None,,,Each
NE-HVAC-Unitary-addVFDStdMtr,OfS,Ex,CZ01,cDXHP,0,NE-HV_AirDist-SupFanMtr-cDXHP-2SpClgHtg-Cnst,None,,None,NE-HV_AirDist-SupFanMtr-cDXHP-2SpClgHtg-VFDStdMtr,None,,,Each
NE-HVAC-Unitary-addVFDExMtr,OfS,Ex,CZ16,cDXGF,0,NE-HV_AirDist-SupFanMtr-cDXGF-2SpClgHtg-Cnst,None,,None,NE-HV_AirDist-SupFanMtr-cDXGF-2SpClgHtg-VFDExMtr,None,,,Each
NE-HVAC-Unitary-addVFDPMMtr,OfS,Ex,CZ16,cDXGF,0,NE-HV_AirDist-SupFanMtr-cDXGF-2SpClgHtg-Cnst,None,,None,NE-HV_AirDist-SupFanMtr-cDXGF-2SpClgHtg-VFDPMMtr,None,,,Each
NE-HVAC-Unitary-addVFDStdMtr,OfS,Ex,CZ16,cDXGF,0,NE-HV_AirDist-SupFanMtr-cDXGF-2SpClgHtg-Cnst,None,,None,NE-HV_AirDist-SupFanMtr-cDXGF-2SpClgHtg-VFDStdMtr,None,,,Each
NE-HVAC-Unitary-addVFDExMtr,OfS,Ex,CZ15,cDXGF,0,NE-HV_AirDist-SupFanMtr-cDXGF-2SpClgHtg-Cnst,None,,None,NE-HV_AirDist-SupFanMtr-cDXGF-2SpClgHtg-VFDExMtr,None,,,Each
NE-HVAC-Unitary-addVFDPMMtr,OfS,Ex,CZ15,cDXGF,0,NE-HV_AirDist-SupFanMtr-cDXGF-2SpClgHtg-Cnst,None,,None,NE-HV_AirDist-SupFanMtr-cDXGF-2SpClgHtg-VFDPMMtr,None,,,Each
NE-HVAC-Unitary-addVFDStdMtr,OfS,Ex,CZ15,cDXGF,0,NE-HV_AirDist-SupFanMtr-cDXGF-2SpClgHtg-Cnst,None,,None,NE-HV_AirDist-SupFanMtr-cDXGF-2SpClgHtg-VFDStdMtr,None,,,Each
NE-HVAC-Unitary-addVFDExMtr,OfS,Ex,CZ14,cDXGF,0,NE-HV_AirDist-SupFanMtr-cDXGF-2SpClgHtg-Cnst,None,,None,NE-HV_AirDist-SupFanMtr-cDXGF-2SpClgHtg-VFDExMtr,None,,,Each
NE-HVAC-Unitary-addVFDPMMtr,OfS,Ex,CZ14,cDXGF,0,NE-HV_AirDist-SupFanMtr-cDXGF-2SpClgHtg-Cnst,None,,None,NE-HV_AirDist-SupFanMtr-cDXGF-2SpClgHtg-VFDPMMtr,None,,,Each
NE-HVAC-Unitary-addVFDStdMtr,OfS,Ex,CZ14,cDXGF,0,NE-HV_AirDist-SupFanMtr-cDXGF-2SpClgHtg-Cnst,None,,None,NE-HV_AirDist-SupFanMtr-cDXGF-2SpClgHtg-VFDStdMtr,None,,,Each
NE-HVAC-Unitary-addVFDExMtr,OfS,Ex,CZ13,cDXGF,0,NE-HV_AirDist-SupFanMtr-cDXGF-2SpClgHtg-Cnst,None,,None,NE-HV_AirDist-SupFanMtr-cDXGF-2SpClgHtg-VFDExMtr,None,,,Each
NE-HVAC-Unitary-addVFDPMMtr,OfS,Ex,CZ13,cDXGF,0,NE-HV_AirDist-SupFanMtr-cDXGF-2SpClgHtg-Cnst,None,,None,NE-HV_AirDist-SupFanMtr-cDXGF-2SpClgHtg-VFDPMMtr,None,,,Each
NE-HVAC-Unitary-addVFDStdMtr,OfS,Ex,CZ13,cDXGF,0,NE-HV_AirDist-SupFanMtr-cDXGF-2SpClgHtg-Cnst,None,,None,NE-HV_AirDist-SupFanMtr-cDXGF-2SpClgHtg-VFDStdMtr,None,,,Each
NE-HVAC-Unitary-addVFDExMtr,OfS,Ex,CZ12,cDXGF,0,NE-HV_AirDist-SupFanMtr-cDXGF-2SpClgHtg-Cnst,None,,None,NE-HV_AirDist-SupFanMtr-cDXGF-2SpClgHtg-VFDExMtr,None,,,Each
NE-HVAC-Unitary-addVFDPMMtr,OfS,Ex,CZ12,cDXGF,0,NE-HV_AirDist-SupFanMtr-cDXGF-2SpClgHtg-Cnst,None,,None,NE-HV_AirDist-SupFanMtr-cDXGF-2SpClgHtg-VFDPMMtr,None,,,Each
NE-HVAC-Unitary-addVFDStdMtr,OfS,Ex,CZ12,cDXGF,0,NE-HV_AirDist-SupFanMtr-cDXGF-2SpClgHtg-Cnst,None,,None,NE-HV_AirDist-SupFanMtr-cDXGF-2SpClgHtg-VFDStdMtr,None,,,Each
NE-HVAC-Unitary-addVFDExMtr,OfS,Ex,CZ11,cDXGF,0,NE-HV_AirDist-SupFanMtr-cDXGF-2SpClgHtg-Cnst,None,,None,NE-HV_AirDist-SupFanMtr-cDXGF-2SpClgHtg-VFDExMtr,None,,,Each
NE-HVAC-Unitary-addVFDPMMtr,OfS,Ex,CZ11,cDXGF,0,NE-HV_AirDist-SupFanMtr-cDXGF-2SpClgHtg-Cnst,None,,None,NE-HV_AirDist-SupFanMtr-cDXGF-2SpClgHtg-VFDPMMtr,None,,,Each
NE-HVAC-Unitary-addVFDStdMtr,OfS,Ex,CZ11,cDXGF,0,NE-HV_AirDist-SupFanMtr-cDXGF-2SpClgHtg-Cnst,None,,None,NE-HV_AirDist-SupFanMtr-cDXGF-2SpClgHtg-VFDStdMtr,None,,,Each
NE-HVAC-Unitary-addVFDExMtr,OfS,Ex,CZ10,cDXGF,0,NE-HV_AirDist-SupFanMtr-cDXGF-2SpClgHtg-Cnst,None,,None,NE-HV_AirDist-SupFanMtr-cDXGF-2SpClgHtg-VFDExMtr,None,,,Each
NE-HVAC-Unitary-addVFDPMMtr,OfS,Ex,CZ10,cDXGF,0,NE-HV_AirDist-SupFanMtr-cDXGF-2SpClgHtg-Cnst,None,,None,NE-HV_AirDist-SupFanMtr-cDXGF-2SpClgHtg-VFDPMMtr,None,,,Each
NE-HVAC-Unitary-addVFDStdMtr,OfS,Ex,CZ10,cDXGF,0,NE-HV_AirDist-SupFanMtr-cDXGF-2SpClgHtg-Cnst,None,,None,NE-HV_AirDist-SupFanMtr-cDXGF-2SpClgHtg-VFDStdMtr,None,,,Each
NE-HVAC-Unitary-addVFDExMtr,OfS,Ex,CZ09,cDXGF,0,NE-HV_AirDist-SupFanMtr-cDXGF-2SpClgHtg-Cnst,None,,None,NE-HV_AirDist-SupFanMtr-cDXGF-2SpClgHtg-VFDExMtr,None,,,Each
NE-HVAC-Unitary-addVFDPMMtr,OfS,Ex,CZ09,cDXGF,0,NE-HV_AirDist-SupFanMtr-cDXGF-2SpClgHtg-Cnst,None,,None,NE-HV_AirDist-SupFanMtr-cDXGF-2SpClgHtg-VFDPMMtr,None,,,Each
NE-HVAC-Unitary-addVFDStdMtr,OfS,Ex,CZ09,cDXGF,0,NE-HV_AirDist-SupFanMtr-cDXGF-2SpClgHtg-Cnst,None,,None,NE-HV_AirDist-SupFanMtr-cDXGF-2SpClgHtg-VFDStdMtr,None,,,Each
NE-HVAC-Unitary-addVFDExMtr,OfS,Ex,CZ08,cDXGF,0,NE-HV_AirDist-SupFanMtr-cDXGF-2SpClgHtg-Cnst,None,,None,NE-HV_AirDist-SupFanMtr-cDXGF-2SpClgHtg-VFDExMtr,None,,,Each
NE-HVAC-Unitary-addVFDPMMtr,OfS,Ex,CZ08,cDXGF,0,NE-HV_AirDist-SupFanMtr-cDXGF-2SpClgHtg-Cnst,None,,None,NE-HV_AirDist-SupFanMtr-cDXGF-2SpClgHtg-VFDPMMtr,None,,,Each
NE-HVAC-Unitary-addVFDStdMtr,OfS,Ex,CZ08,cDXGF,0,NE-HV_AirDist-SupFanMtr-cDXGF-2SpClgHtg-Cnst,None,,None,NE-HV_AirDist-SupFanMtr-cDXGF-2SpClgHtg-VFDStdMtr,None,,,Each
NE-HVAC-Unitary-addVFDExMtr,OfS,Ex,CZ07,cDXGF,0,NE-HV_AirDist-SupFanMtr-cDXGF-2SpClgHtg-Cnst,None,,None,NE-HV_AirDist-SupFanMtr-cDXGF-2SpClgHtg-VFDExMtr,None,,,Each
NE-HVAC-Unitary-addVFDPMMtr,OfS,Ex,CZ07,cDXGF,0,NE-HV_AirDist-SupFanMtr-cDXGF-2SpClgHtg-Cnst,None,,None,NE-HV_AirDist-SupFanMtr-cDXGF-2SpClgHtg-VFDPMMtr,None,,,Each
NE-HVAC-Unitary-addVFDStdMtr,OfS,Ex,CZ07,cDXGF,0,NE-HV_AirDist-SupFanMtr-cDXGF-2SpClgHtg-Cnst,None,,None,NE-HV_AirDist-SupFanMtr-cDXGF-2SpClgHtg-VFDStdMtr,None,,,Each
NE-HVAC-Unitary-addVFDExMtr,OfS,Ex,CZ06,cDXGF,0,NE-HV_AirDist-SupFanMtr-cDXGF-2SpClgHtg-Cnst,None,,None,NE-HV_AirDist-SupFanMtr-cDXGF-2SpClgHtg-VFDExMtr,None,,,Each
NE-HVAC-Unitary-addVFDPMMtr,OfS,Ex,CZ06,cDXGF,0,NE-HV_AirDist-SupFanMtr-cDXGF-2SpClgHtg-Cnst,None,,None,NE-HV_AirDist-SupFanMtr-cDXGF-2SpClgHtg-VFDPMMtr,None,,,Each
NE-HVAC-Unitary-addVFDStdMtr,OfS,Ex,CZ06,cDXGF,0,NE-HV_AirDist-SupFanMtr-cDXGF-2SpClgHtg-Cnst,None,,None,NE-HV_AirDist-SupFanMtr-cDXGF-2SpClgHtg-VFDStdMtr,None,,,Each
NE-HVAC-Unitary-addVFDExMtr,OfS,Ex,CZ05,cDXGF,0,NE-HV_AirDist-SupFanMtr-cDXGF-2SpClgHtg-Cnst,None,,None,NE-HV_AirDist-SupFanMtr-cDXGF-2SpClgHtg-VFDExMtr,None,,,Each
NE-HVAC-Unitary-addVFDPMMtr,OfS,Ex,CZ05,cDXGF,0,NE-HV_AirDist-SupFanMtr-cDXGF-2SpClgHtg-Cnst,None,,None,NE-HV_AirDist-SupFanMtr-cDXGF-2SpClgHtg-VFDPMMtr,None,,,Each
NE-HVAC-Unitary-addVFDStdMtr,OfS,Ex,CZ05,cDXGF,0,NE-HV_AirDist-SupFanMtr-cDXGF-2SpClgHtg-Cnst,None,,None,NE-HV_AirDist-SupFanMtr-cDXGF-2SpClgHtg-VFDStdMtr,None,,,Each
NE-HVAC-Unitary-addVFDExMtr,OfS,Ex,CZ04,cDXGF,0,NE-HV_AirDist-SupFanMtr-cDXGF-2SpClgHtg-Cnst,None,,None,NE-HV_AirDist-SupFanMtr-cDXGF-2SpClgHtg-VFDExMtr,None,,,Each
NE-HVAC-Unitary-addVFDPMMtr,OfS,Ex,CZ04,cDXGF,0,NE-HV_AirDist-SupFanMtr-cDXGF-2SpClgHtg-Cnst,None,,None,NE-HV_AirDist-SupFanMtr-cDXGF-2SpClgHtg-VFDPMMtr,None,,,Each
NE-HVAC-Unitary-addVFDStdMtr,OfS,Ex,CZ04,cDXGF,0,NE-HV_AirDist-SupFanMtr-cDXGF-2SpClgHtg-Cnst,None,,None,NE-HV_AirDist-SupFanMtr-cDXGF-2SpClgHtg-VFDStdMtr,None,,,Each
NE-HVAC-Unitary-addVFDExMtr,OfS,Ex,CZ03,cDXGF,0,NE-HV_AirDist-SupFanMtr-cDXGF-2SpClgHtg-Cnst,None,,None,NE-HV_AirDist-SupFanMtr-cDXGF-2SpClgHtg-VFDExMtr,None,,,Each
NE-HVAC-Unitary-addVFDPMMtr,OfS,Ex,CZ03,cDXGF,0,NE-HV_AirDist-SupFanMtr-cDXGF-2SpClgHtg-Cnst,None,,None,NE-HV_AirDist-SupFanMtr-cDXGF-2SpClgHtg-VFDPMMtr,None,,,Each
NE-HVAC-Unitary-addVFDStdMtr,OfS,Ex,CZ03,cDXGF,0,NE-HV_AirDist-SupFanMtr-cDXGF-2SpClgHtg-Cnst,None,,None,NE-HV_AirDist-SupFanMtr-cDXGF-2SpClgHtg-VFDStdMtr,None,,,Each
NE-HVAC-Unitary-addVFDExMtr,OfS,Ex,CZ02,cDXGF,0,NE-HV_AirDist-SupFanMtr-cDXGF-2SpClgHtg-Cnst,None,,None,NE-HV_AirDist-SupFanMtr-cDXGF-2SpClgHtg-VFDExMtr,None,,,Each
NE-HVAC-Unitary-addVFDPMMtr,OfS,Ex,CZ02,cDXGF,0,NE-HV_AirDist-SupFanMtr-cDXGF-2SpClgHtg-Cnst,None,,None,NE-HV_AirDist-SupFanMtr-cDXGF-2SpClgHtg-VFDPMMtr,None,,,Each
NE-HVAC-Unitary-addVFDStdMtr,OfS,Ex,CZ02,cDXGF,0,NE-HV_AirDist-SupFanMtr-cDXGF-2SpClgHtg-Cnst,None,,None,NE-HV_AirDist-SupFanMtr-cDXGF-2SpClgHtg-VFDStdMtr,None,,,Each
NE-HVAC-Unitary-addVFDExMtr,OfS,Ex,CZ01,cDXGF,0,NE-HV_AirDist-SupFanMtr-cDXGF-2SpClgHtg-Cnst,None,,None,NE-HV_AirDist-SupFanMtr-cDXGF-2SpClgHtg-VFDExMtr,None,,,Each
NE-HVAC-Unitary-addVFDPMMtr,OfS,Ex,CZ01,cDXGF,0,NE-HV_AirDist-SupFanMtr-cDXGF-2SpClgHtg-Cnst,None,,None,NE-HV_AirDist-SupFanMtr-cDXGF-2SpClgHtg-VFDPMMtr,None,,,Each
NE-HVAC-Unitary-addVFDStdMtr,OfS,Ex,CZ01,cDXGF,0,NE-HV_AirDist-SupFanMtr-cDXGF-2SpClgHtg-Cnst,None,,None,NE-HV_AirDist-SupFanMtr-cDXGF-2SpClgHtg-VFDStdMtr,None,,,Each
NE-HVAC-Unitary-addVFDExMtr,OfL,Ex,CZ16,cDXOH,0,NE-HV_AirDist-SupFanMtr-cDXOH-2SpClgHtg-Cnst,None,,None,NE-HV_AirDist-SupFanMtr-cDXOH-2SpClgHtg-VFDExMtr,None,,,Each
NE-HVAC-Unitary-addVFDPMMtr,OfL,Ex,CZ16,cDXOH,0,NE-HV_AirDist-SupFanMtr-cDXOH-2SpClgHtg-Cnst,None,,None,NE-HV_AirDist-SupFanMtr-cDXOH-2SpClgHtg-VFDPMMtr,None,,,Each
NE-HVAC-Unitary-addVFDStdMtr,OfL,Ex,CZ16,cDXOH,0,NE-HV_AirDist-SupFanMtr-cDXOH-2SpClgHtg-Cnst,None,,None,NE-HV_AirDist-SupFanMtr-cDXOH-2SpClgHtg-VFDStdMtr,None,,,Each
NE-HVAC-Unitary-addVFDExMtr,OfL,Ex,CZ15,cDXOH,0,NE-HV_AirDist-SupFanMtr-cDXOH-2SpClgHtg-Cnst,None,,None,NE-HV_AirDist-SupFanMtr-cDXOH-2SpClgHtg-VFDExMtr,None,,,Each
NE-HVAC-Unitary-addVFDPMMtr,OfL,Ex,CZ15,cDXOH,0,NE-HV_AirDist-SupFanMtr-cDXOH-2SpClgHtg-Cnst,None,,None,NE-HV_AirDist-SupFanMtr-cDXOH-2SpClgHtg-VFDPMMtr,None,,,Each
NE-HVAC-Unitary-addVFDStdMtr,OfL,Ex,CZ15,cDXOH,0,NE-HV_AirDist-SupFanMtr-cDXOH-2SpClgHtg-Cnst,None,,None,NE-HV_AirDist-SupFanMtr-cDXOH-2SpClgHtg-VFDStdMtr,None,,,Each
NE-HVAC-Unitary-addVFDExMtr,OfL,Ex,CZ14,cDXOH,0,NE-HV_AirDist-SupFanMtr-cDXOH-2SpClgHtg-Cnst,None,,None,NE-HV_AirDist-SupFanMtr-cDXOH-2SpClgHtg-VFDExMtr,None,,,Each
NE-HVAC-Unitary-addVFDPMMtr,OfL,Ex,CZ14,cDXOH,0,NE-HV_AirDist-SupFanMtr-cDXOH-2SpClgHtg-Cnst,None,,None,NE-HV_AirDist-SupFanMtr-cDXOH-2SpClgHtg-VFDPMMtr,None,,,Each
NE-HVAC-Unitary-addVFDStdMtr,OfL,Ex,CZ14,cDXOH,0,NE-HV_AirDist-SupFanMtr-cDXOH-2SpClgHtg-Cnst,None,,None,NE-HV_AirDist-SupFanMtr-cDXOH-2SpClgHtg-VFDStdMtr,None,,,Each
NE-HVAC-Unitary-addVFDExMtr,OfL,Ex,CZ13,cDXOH,0,NE-HV_AirDist-SupFanMtr-cDXOH-2SpClgHtg-Cnst,None,,None,NE-HV_AirDist-SupFanMtr-cDXOH-2SpClgHtg-VFDExMtr,None,,,Each
NE-HVAC-Unitary-addVFDPMMtr,OfL,Ex,CZ13,cDXOH,0,NE-HV_AirDist-SupFanMtr-cDXOH-2SpClgHtg-Cnst,None,,None,NE-HV_AirDist-SupFanMtr-cDXOH-2SpClgHtg-VFDPMMtr,None,,,Each
NE-HVAC-Unitary-addVFDStdMtr,OfL,Ex,CZ13,cDXOH,0,NE-HV_AirDist-SupFanMtr-cDXOH-2SpClgHtg-Cnst,None,,None,NE-HV_AirDist-SupFanMtr-cDXOH-2SpClgHtg-VFDStdMtr,None,,,Each
NE-HVAC-Unitary-addVFDExMtr,OfL,Ex,CZ12,cDXOH,0,NE-HV_AirDist-SupFanMtr-cDXOH-2SpClgHtg-Cnst,None,,None,NE-HV_AirDist-SupFanMtr-cDXOH-2SpClgHtg-VFDExMtr,None,,,Each
NE-HVAC-Unitary-addVFDPMMtr,OfL,Ex,CZ12,cDXOH,0,NE-HV_AirDist-SupFanMtr-cDXOH-2SpClgHtg-Cnst,None,,None,NE-HV_AirDist-SupFanMtr-cDXOH-2SpClgHtg-VFDPMMtr,None,,,Each
NE-HVAC-Unitary-addVFDStdMtr,OfL,Ex,CZ12,cDXOH,0,NE-HV_AirDist-SupFanMtr-cDXOH-2SpClgHtg-Cnst,None,,None,NE-HV_AirDist-SupFanMtr-cDXOH-2SpClgHtg-VFDStdMtr,None,,,Each
NE-HVAC-Unitary-addVFDExMtr,OfL,Ex,CZ11,cDXOH,0,NE-HV_AirDist-SupFanMtr-cDXOH-2SpClgHtg-Cnst,None,,None,NE-HV_AirDist-SupFanMtr-cDXOH-2SpClgHtg-VFDExMtr,None,,,Each
NE-HVAC-Unitary-addVFDPMMtr,OfL,Ex,CZ11,cDXOH,0,NE-HV_AirDist-SupFanMtr-cDXOH-2SpClgHtg-Cnst,None,,None,NE-HV_AirDist-SupFanMtr-cDXOH-2SpClgHtg-VFDPMMtr,None,,,Each
NE-HVAC-Unitary-addVFDStdMtr,OfL,Ex,CZ11,cDXOH,0,NE-HV_AirDist-SupFanMtr-cDXOH-2SpClgHtg-Cnst,None,,None,NE-HV_AirDist-SupFanMtr-cDXOH-2SpClgHtg-VFDStdMtr,None,,,Each
NE-HVAC-Unitary-addVFDExMtr,OfL,Ex,CZ10,cDXOH,0,NE-HV_AirDist-SupFanMtr-cDXOH-2SpClgHtg-Cnst,None,,None,NE-HV_AirDist-SupFanMtr-cDXOH-2SpClgHtg-VFDExMtr,None,,,Each
NE-HVAC-Unitary-addVFDPMMtr,OfL,Ex,CZ10,cDXOH,0,NE-HV_AirDist-SupFanMtr-cDXOH-2SpClgHtg-Cnst,None,,None,NE-HV_AirDist-SupFanMtr-cDXOH-2SpClgHtg-VFDPMMtr,None,,,Each
NE-HVAC-Unitary-addVFDStdMtr,OfL,Ex,CZ10,cDXOH,0,NE-HV_AirDist-SupFanMtr-cDXOH-2SpClgHtg-Cnst,None,,None,NE-HV_AirDist-SupFanMtr-cDXOH-2SpClgHtg-VFDStdMtr,None,,,Each
NE-HVAC-Unitary-addVFDExMtr,OfL,Ex,CZ09,cDXOH,0,NE-HV_AirDist-SupFanMtr-cDXOH-2SpClgHtg-Cnst,None,,None,NE-HV_AirDist-SupFanMtr-cDXOH-2SpClgHtg-VFDExMtr,None,,,Each
NE-HVAC-Unitary-addVFDPMMtr,OfL,Ex,CZ09,cDXOH,0,NE-HV_AirDist-SupFanMtr-cDXOH-2SpClgHtg-Cnst,None,,None,NE-HV_AirDist-SupFanMtr-cDXOH-2SpClgHtg-VFDPMMtr,None,,,Each
NE-HVAC-Unitary-addVFDStdMtr,OfL,Ex,CZ09,cDXOH,0,NE-HV_AirDist-SupFanMtr-cDXOH-2SpClgHtg-Cnst,None,,None,NE-HV_AirDist-SupFanMtr-cDXOH-2SpClgHtg-VFDStdMtr,None,,,Each
NE-HVAC-Unitary-addVFDExMtr,OfL,Ex,CZ08,cDXOH,0,NE-HV_AirDist-SupFanMtr-cDXOH-2SpClgHtg-Cnst,None,,None,NE-HV_AirDist-SupFanMtr-cDXOH-2SpClgHtg-VFDExMtr,None,,,Each
NE-HVAC-Unitary-addVFDPMMtr,OfL,Ex,CZ08,cDXOH,0,NE-HV_AirDist-SupFanMtr-cDXOH-2SpClgHtg-Cnst,None,,None,NE-HV_AirDist-SupFanMtr-cDXOH-2SpClgHtg-VFDPMMtr,None,,,Each
NE-HVAC-Unitary-addVFDStdMtr,OfL,Ex,CZ08,cDXOH,0,NE-HV_AirDist-SupFanMtr-cDXOH-2SpClgHtg-Cnst,None,,None,NE-HV_AirDist-SupFanMtr-cDXOH-2SpClgHtg-VFDStdMtr,None,,,Each
NE-HVAC-Unitary-addVFDExMtr,OfL,Ex,CZ07,cDXOH,0,NE-HV_AirDist-SupFanMtr-cDXOH-2SpClgHtg-Cnst,None,,None,NE-HV_AirDist-SupFanMtr-cDXOH-2SpClgHtg-VFDExMtr,None,,,Each
NE-HVAC-Unitary-addVFDPMMtr,OfL,Ex,CZ07,cDXOH,0,NE-HV_AirDist-SupFanMtr-cDXOH-2SpClgHtg-Cnst,None,,None,NE-HV_AirDist-SupFanMtr-cDXOH-2SpClgHtg-VFDPMMtr,None,,,Each
NE-HVAC-Unitary-addVFDStdMtr,OfL,Ex,CZ07,cDXOH,0,NE-HV_AirDist-SupFanMtr-cDXOH-2SpClgHtg-Cnst,None,,None,NE-HV_AirDist-SupFanMtr-cDXOH-2SpClgHtg-VFDStdMtr,None,,,Each
NE-HVAC-Unitary-addVFDExMtr,OfL,Ex,CZ06,cDXOH,0,NE-HV_AirDist-SupFanMtr-cDXOH-2SpClgHtg-Cnst,None,,None,NE-HV_AirDist-SupFanMtr-cDXOH-2SpClgHtg-VFDExMtr,None,,,Each
NE-HVAC-Unitary-addVFDPMMtr,OfL,Ex,CZ06,cDXOH,0,NE-HV_AirDist-SupFanMtr-cDXOH-2SpClgHtg-Cnst,None,,None,NE-HV_AirDist-SupFanMtr-cDXOH-2SpClgHtg-VFDPMMtr,None,,,Each
NE-HVAC-Unitary-addVFDStdMtr,OfL,Ex,CZ06,cDXOH,0,NE-HV_AirDist-SupFanMtr-cDXOH-2SpClgHtg-Cnst,None,,None,NE-HV_AirDist-SupFanMtr-cDXOH-2SpClgHtg-VFDStdMtr,None,,,Each
NE-HVAC-Unitary-addVFDExMtr,OfL,Ex,CZ05,cDXOH,0,NE-HV_AirDist-SupFanMtr-cDXOH-2SpClgHtg-Cnst,None,,None,NE-HV_AirDist-SupFanMtr-cDXOH-2SpClgHtg-VFDExMtr,None,,,Each
NE-HVAC-Unitary-addVFDPMMtr,OfL,Ex,CZ05,cDXOH,0,NE-HV_AirDist-SupFanMtr-cDXOH-2SpClgHtg-Cnst,None,,None,NE-HV_AirDist-SupFanMtr-cDXOH-2SpClgHtg-VFDPMMtr,None,,,Each
NE-HVAC-Unitary-addVFDStdMtr,OfL,Ex,CZ05,cDXOH,0,NE-HV_AirDist-SupFanMtr-cDXOH-2SpClgHtg-Cnst,None,,None,NE-HV_AirDist-SupFanMtr-cDXOH-2SpClgHtg-VFDStdMtr,None,,,Each
NE-HVAC-Unitary-addVFDExMtr,OfL,Ex,CZ04,cDXOH,0,NE-HV_AirDist-SupFanMtr-cDXOH-2SpClgHtg-Cnst,None,,None,NE-HV_AirDist-SupFanMtr-cDXOH-2SpClgHtg-VFDExMtr,None,,,Each
NE-HVAC-Unitary-addVFDPMMtr,OfL,Ex,CZ04,cDXOH,0,NE-HV_AirDist-SupFanMtr-cDXOH-2SpClgHtg-Cnst,None,,None,NE-HV_AirDist-SupFanMtr-cDXOH-2SpClgHtg-VFDPMMtr,None,,,Each
NE-HVAC-Unitary-addVFDStdMtr,OfL,Ex,CZ04,cDXOH,0,NE-HV_AirDist-SupFanMtr-cDXOH-2SpClgHtg-Cnst,None,,None,NE-HV_AirDist-SupFanMtr-cDXOH-2SpClgHtg-VFDStdMtr,None,,,Each
NE-HVAC-Unitary-addVFDExMtr,OfL,Ex,CZ03,cDXOH,0,NE-HV_AirDist-SupFanMtr-cDXOH-2SpClgHtg-Cnst,None,,None,NE-HV_AirDist-SupFanMtr-cDXOH-2SpClgHtg-VFDExMtr,None,,,Each
NE-HVAC-Unitary-addVFDPMMtr,OfL,Ex,CZ03,cDXOH,0,NE-HV_AirDist-SupFanMtr-cDXOH-2SpClgHtg-Cnst,None,,None,NE-HV_AirDist-SupFanMtr-cDXOH-2SpClgHtg-VFDPMMtr,None,,,Each
NE-HVAC-Unitary-addVFDStdMtr,OfL,Ex,CZ03,cDXOH,0,NE-HV_AirDist-SupFanMtr-cDXOH-2SpClgHtg-Cnst,None,,None,NE-HV_AirDist-SupFanMtr-cDXOH-2SpClgHtg-VFDStdMtr,None,,,Each
NE-HVAC-Unitary-addVFDExMtr,OfL,Ex,CZ02,cDXOH,0,NE-HV_AirDist-SupFanMtr-cDXOH-2SpClgHtg-Cnst,None,,None,NE-HV_AirDist-SupFanMtr-cDXOH-2SpClgHtg-VFDExMtr,None,,,Each
NE-HVAC-Unitary-addVFDPMMtr,OfL,Ex,CZ02,cDXOH,0,NE-HV_AirDist-SupFanMtr-cDXOH-2SpClgHtg-Cnst,None,,None,NE-HV_AirDist-SupFanMtr-cDXOH-2SpClgHtg-VFDPMMtr,None,,,Each
NE-HVAC-Unitary-addVFDStdMtr,OfL,Ex,CZ02,cDXOH,0,NE-HV_AirDist-SupFanMtr-cDXOH-2SpClgHtg-Cnst,None,,None,NE-HV_AirDist-SupFanMtr-cDXOH-2SpClgHtg-VFDStdMtr,None,,,Each
NE-HVAC-Unitary-addVFDExMtr,OfL,Ex,CZ01,cDXOH,0,NE-HV_AirDist-SupFanMtr-cDXOH-2SpClgHtg-Cnst,None,,None,NE-HV_AirDist-SupFanMtr-cDXOH-2SpClgHtg-VFDExMtr,None,,,Each
NE-HVAC-Unitary-addVFDPMMtr,OfL,Ex,CZ01,cDXOH,0,NE-HV_AirDist-SupFanMtr-cDXOH-2SpClgHtg-Cnst,None,,None,NE-HV_AirDist-SupFanMtr-cDXOH-2SpClgHtg-VFDPMMtr,None,,,Each
NE-HVAC-Unitary-addVFDStdMtr,OfL,Ex,CZ01,cDXOH,0,NE-HV_AirDist-SupFanMtr-cDXOH-2SpClgHtg-Cnst,None,,None,NE-HV_AirDist-SupFanMtr-cDXOH-2SpClgHtg-VFDStdMtr,None,,,Each
NE-HVAC-Unitary-addVFDExMtr,OfL,Ex,CZ16,cDXHP,0,NE-HV_AirDist-SupFanMtr-cDXHP-2SpClgHtg-Cnst,None,,None,NE-HV_AirDist-SupFanMtr-cDXHP-2SpClgHtg-VFDExMtr,None,,,Each
NE-HVAC-Unitary-addVFDPMMtr,OfL,Ex,CZ16,cDXHP,0,NE-HV_AirDist-SupFanMtr-cDXHP-2SpClgHtg-Cnst,None,,None,NE-HV_AirDist-SupFanMtr-cDXHP-2SpClgHtg-VFDPMMtr,None,,,Each
NE-HVAC-Unitary-addVFDStdMtr,OfL,Ex,CZ16,cDXHP,0,NE-HV_AirDist-SupFanMtr-cDXHP-2SpClgHtg-Cnst,None,,None,NE-HV_AirDist-SupFanMtr-cDXHP-2SpClgHtg-VFDStdMtr,None,,,Each
NE-HVAC-Unitary-addVFDExMtr,OfL,Ex,CZ15,cDXHP,0,NE-HV_AirDist-SupFanMtr-cDXHP-2SpClgHtg-Cnst,None,,None,NE-HV_AirDist-SupFanMtr-cDXHP-2SpClgHtg-VFDExMtr,None,,,Each
NE-HVAC-Unitary-addVFDPMMtr,OfL,Ex,CZ15,cDXHP,0,NE-HV_AirDist-SupFanMtr-cDXHP-2SpClgHtg-Cnst,None,,None,NE-HV_AirDist-SupFanMtr-cDXHP-2SpClgHtg-VFDPMMtr,None,,,Each
NE-HVAC-Unitary-addVFDStdMtr,OfL,Ex,CZ15,cDXHP,0,NE-HV_AirDist-SupFanMtr-cDXHP-2SpClgHtg-Cnst,None,,None,NE-HV_AirDist-SupFanMtr-cDXHP-2SpClgHtg-VFDStdMtr,None,,,Each
NE-HVAC-Unitary-addVFDExMtr,OfL,Ex,CZ14,cDXHP,0,NE-HV_AirDist-SupFanMtr-cDXHP-2SpClgHtg-Cnst,None,,None,NE-HV_AirDist-SupFanMtr-cDXHP-2SpClgHtg-VFDExMtr,None,,,Each
NE-HVAC-Unitary-addVFDPMMtr,OfL,Ex,CZ14,cDXHP,0,NE-HV_AirDist-SupFanMtr-cDXHP-2SpClgHtg-Cnst,None,,None,NE-HV_AirDist-SupFanMtr-cDXHP-2SpClgHtg-VFDPMMtr,None,,,Each
NE-HVAC-Unitary-addVFDStdMtr,OfL,Ex,CZ14,cDXHP,0,NE-HV_AirDist-SupFanMtr-cDXHP-2SpClgHtg-Cnst,None,,None,NE-HV_AirDist-SupFanMtr-cDXHP-2SpClgHtg-VFDStdMtr,None,,,Each
NE-HVAC-Unitary-addVFDExMtr,OfL,Ex,CZ13,cDXHP,0,NE-HV_AirDist-SupFanMtr-cDXHP-2SpClgHtg-Cnst,None,,None,NE-HV_AirDist-SupFanMtr-cDXHP-2SpClgHtg-VFDExMtr,None,,,Each
NE-HVAC-Unitary-addVFDPMMtr,OfL,Ex,CZ13,cDXHP,0,NE-HV_AirDist-SupFanMtr-cDXHP-2SpClgHtg-Cnst,None,,None,NE-HV_AirDist-SupFanMtr-cDXHP-2SpClgHtg-VFDPMMtr,None,,,Each
NE-HVAC-Unitary-addVFDStdMtr,OfL,Ex,CZ13,cDXHP,0,NE-HV_AirDist-SupFanMtr-cDXHP-2SpClgHtg-Cnst,None,,None,NE-HV_AirDist-SupFanMtr-cDXHP-2SpClgHtg-VFDStdMtr,None,,,Each
NE-HVAC-Unitary-addVFDExMtr,OfL,Ex,CZ12,cDXHP,0,NE-HV_AirDist-SupFanMtr-cDXHP-2SpClgHtg-Cnst,None,,None,NE-HV_AirDist-SupFanMtr-cDXHP-2SpClgHtg-VFDExMtr,None,,,Each
NE-HVAC-Unitary-addVFDPMMtr,OfL,Ex,CZ12,cDXHP,0,NE-HV_AirDist-SupFanMtr-cDXHP-2SpClgHtg-Cnst,None,,None,NE-HV_AirDist-SupFanMtr-cDXHP-2SpClgHtg-VFDPMMtr,None,,,Each
NE-HVAC-Unitary-addVFDStdMtr,OfL,Ex,CZ12,cDXHP,0,NE-HV_AirDist-SupFanMtr-cDXHP-2SpClgHtg-Cnst,None,,None,NE-HV_AirDist-SupFanMtr-cDXHP-2SpClgHtg-VFDStdMtr,None,,,Each
NE-HVAC-Unitary-addVFDExMtr,OfL,Ex,CZ11,cDXHP,0,NE-HV_AirDist-SupFanMtr-cDXHP-2SpClgHtg-Cnst,None,,None,NE-HV_AirDist-SupFanMtr-cDXHP-2SpClgHtg-VFDExMtr,None,,,Each
NE-HVAC-Unitary-addVFDPMMtr,OfL,Ex,CZ11,cDXHP,0,NE-HV_AirDist-SupFanMtr-cDXHP-2SpClgHtg-Cnst,None,,None,NE-HV_AirDist-SupFanMtr-cDXHP-2SpClgHtg-VFDPMMtr,None,,,Each
NE-HVAC-Unitary-addVFDStdMtr,OfL,Ex,CZ11,cDXHP,0,NE-HV_AirDist-SupFanMtr-cDXHP-2SpClgHtg-Cnst,None,,None,NE-HV_AirDist-SupFanMtr-cDXHP-2SpClgHtg-VFDStdMtr,None,,,Each
NE-HVAC-Unitary-addVFDExMtr,OfL,Ex,CZ10,cDXHP,0,NE-HV_AirDist-SupFanMtr-cDXHP-2SpClgHtg-Cnst,None,,None,NE-HV_AirDist-SupFanMtr-cDXHP-2SpClgHtg-VFDExMtr,None,,,Each
NE-HVAC-Unitary-addVFDPMMtr,OfL,Ex,CZ10,cDXHP,0,NE-HV_AirDist-SupFanMtr-cDXHP-2SpClgHtg-Cnst,None,,None,NE-HV_AirDist-SupFanMtr-cDXHP-2SpClgHtg-VFDPMMtr,None,,,Each
NE-HVAC-Unitary-addVFDStdMtr,OfL,Ex,CZ10,cDXHP,0,NE-HV_AirDist-SupFanMtr-cDXHP-2SpClgHtg-Cnst,None,,None,NE-HV_AirDist-SupFanMtr-cDXHP-2SpClgHtg-VFDStdMtr,None,,,Each
NE-HVAC-Unitary-addVFDExMtr,OfL,Ex,CZ09,cDXHP,0,NE-HV_AirDist-SupFanMtr-cDXHP-2SpClgHtg-Cnst,None,,None,NE-HV_AirDist-SupFanMtr-cDXHP-2SpClgHtg-VFDExMtr,None,,,Each
NE-HVAC-Unitary-addVFDPMMtr,OfL,Ex,CZ09,cDXHP,0,NE-HV_AirDist-SupFanMtr-cDXHP-2SpClgHtg-Cnst,None,,None,NE-HV_AirDist-SupFanMtr-cDXHP-2SpClgHtg-VFDPMMtr,None,,,Each
NE-HVAC-Unitary-addVFDStdMtr,OfL,Ex,CZ09,cDXHP,0,NE-HV_AirDist-SupFanMtr-cDXHP-2SpClgHtg-Cnst,None,,None,NE-HV_AirDist-SupFanMtr-cDXHP-2SpClgHtg-VFDStdMtr,None,,,Each
NE-HVAC-Unitary-addVFDExMtr,OfL,Ex,CZ08,cDXHP,0,NE-HV_AirDist-SupFanMtr-cDXHP-2SpClgHtg-Cnst,None,,None,NE-HV_AirDist-SupFanMtr-cDXHP-2SpClgHtg-VFDExMtr,None,,,Each
NE-HVAC-Unitary-addVFDPMMtr,OfL,Ex,CZ08,cDXHP,0,NE-HV_AirDist-SupFanMtr-cDXHP-2SpClgHtg-Cnst,None,,None,NE-HV_AirDist-SupFanMtr-cDXHP-2SpClgHtg-VFDPMMtr,None,,,Each
NE-HVAC-Unitary-addVFDStdMtr,OfL,Ex,CZ08,cDXHP,0,NE-HV_AirDist-SupFanMtr-cDXHP-2SpClgHtg-Cnst,None,,None,NE-HV_AirDist-SupFanMtr-cDXHP-2SpClgHtg-VFDStdMtr,None,,,Each
NE-HVAC-Unitary-addVFDExMtr,OfL,Ex,CZ07,cDXHP,0,NE-HV_AirDist-SupFanMtr-cDXHP-2SpClgHtg-Cnst,None,,None,NE-HV_AirDist-SupFanMtr-cDXHP-2SpClgHtg-VFDExMtr,None,,,Each
NE-HVAC-Unitary-addVFDPMMtr,OfL,Ex,CZ07,cDXHP,0,NE-HV_AirDist-SupFanMtr-cDXHP-2SpClgHtg-Cnst,None,,None,NE-HV_AirDist-SupFanMtr-cDXHP-2SpClgHtg-VFDPMMtr,None,,,Each
NE-HVAC-Unitary-addVFDStdMtr,OfL,Ex,CZ07,cDXHP,0,NE-HV_AirDist-SupFanMtr-cDXHP-2SpClgHtg-Cnst,None,,None,NE-HV_AirDist-SupFanMtr-cDXHP-2SpClgHtg-VFDStdMtr,None,,,Each
NE-HVAC-Unitary-addVFDExMtr,OfL,Ex,CZ06,cDXHP,0,NE-HV_AirDist-SupFanMtr-cDXHP-2SpClgHtg-Cnst,None,,None,NE-HV_AirDist-SupFanMtr-cDXHP-2SpClgHtg-VFDExMtr,None,,,Each
NE-HVAC-Unitary-addVFDPMMtr,OfL,Ex,CZ06,cDXHP,0,NE-HV_AirDist-SupFanMtr-cDXHP-2SpClgHtg-Cnst,None,,None,NE-HV_AirDist-SupFanMtr-cDXHP-2SpClgHtg-VFDPMMtr,None,,,Each
NE-HVAC-Unitary-addVFDStdMtr,OfL,Ex,CZ06,cDXHP,0,NE-HV_AirDist-SupFanMtr-cDXHP-2SpClgHtg-Cnst,None,,None,NE-HV_AirDist-SupFanMtr-cDXHP-2SpClgHtg-VFDStdMtr,None,,,Each
NE-HVAC-Unitary-addVFDExMtr,OfL,Ex,CZ05,cDXHP,0,NE-HV_AirDist-SupFanMtr-cDXHP-2SpClgHtg-Cnst,None,,None,NE-HV_AirDist-SupFanMtr-cDXHP-2SpClgHtg-VFDExMtr,None,,,Each
NE-HVAC-Unitary-addVFDPMMtr,OfL,Ex,CZ05,cDXHP,0,NE-HV_AirDist-SupFanMtr-cDXHP-2SpClgHtg-Cnst,None,,None,NE-HV_AirDist-SupFanMtr-cDXHP-2SpClgHtg-VFDPMMtr,None,,,Each
NE-HVAC-Unitary-addVFDStdMtr,OfL,Ex,CZ05,cDXHP,0,NE-HV_AirDist-SupFanMtr-cDXHP-2SpClgHtg-Cnst,None,,None,NE-HV_AirDist-SupFanMtr-cDXHP-2SpClgHtg-VFDStdMtr,None,,,Each
NE-HVAC-Unitary-addVFDExMtr,OfL,Ex,CZ04,cDXHP,0,NE-HV_AirDist-SupFanMtr-cDXHP-2SpClgHtg-Cnst,None,,None,NE-HV_AirDist-SupFanMtr-cDXHP-2SpClgHtg-VFDExMtr,None,,,Each
NE-HVAC-Unitary-addVFDPMMtr,OfL,Ex,CZ04,cDXHP,0,NE-HV_AirDist-SupFanMtr-cDXHP-2SpClgHtg-Cnst,None,,None,NE-HV_AirDist-SupFanMtr-cDXHP-2SpClgHtg-VFDPMMtr,None,,,Each
NE-HVAC-Unitary-addVFDStdMtr,OfL,Ex,CZ04,cDXHP,0,NE-HV_AirDist-SupFanMtr-cDXHP-2SpClgHtg-Cnst,None,,None,NE-HV_AirDist-SupFanMtr-cDXHP-2SpClgHtg-VFDStdMtr,None,,,Each
NE-HVAC-Unitary-addVFDExMtr,OfL,Ex,CZ03,cDXHP,0,NE-HV_AirDist-SupFanMtr-cDXHP-2SpClgHtg-Cnst,None,,None,NE-HV_AirDist-SupFanMtr-cDXHP-2SpClgHtg-VFDExMtr,None,,,Each
NE-HVAC-Unitary-addVFDPMMtr,OfL,Ex,CZ03,cDXHP,0,NE-HV_AirDist-SupFanMtr-cDXHP-2SpClgHtg-Cnst,None,,None,NE-HV_AirDist-SupFanMtr-cDXHP-2SpClgHtg-VFDPMMtr,None,,,Each
NE-HVAC-Unitary-addVFDStdMtr,OfL,Ex,CZ03,cDXHP,0,NE-HV_AirDist-SupFanMtr-cDXHP-2SpClgHtg-Cnst,None,,None,NE-HV_AirDist-SupFanMtr-cDXHP-2SpClgHtg-VFDStdMtr,None,,,Each
NE-HVAC-Unitary-addVFDExMtr,OfL,Ex,CZ02,cDXHP,0,NE-HV_AirDist-SupFanMtr-cDXHP-2SpClgHtg-Cnst,None,,None,NE-HV_AirDist-SupFanMtr-cDXHP-2SpClgHtg-VFDExMtr,None,,,Each
NE-HVAC-Unitary-addVFDPMMtr,OfL,Ex,CZ02,cDXHP,0,NE-HV_AirDist-SupFanMtr-cDXHP-2SpClgHtg-Cnst,None,,None,NE-HV_AirDist-SupFanMtr-cDXHP-2SpClgHtg-VFDPMMtr,None,,,Each
NE-HVAC-Unitary-addVFDStdMtr,OfL,Ex,CZ02,cDXHP,0,NE-HV_AirDist-SupFanMtr-cDXHP-2SpClgHtg-Cnst,None,,None,NE-HV_AirDist-SupFanMtr-cDXHP-2SpClgHtg-VFDStdMtr,None,,,Each
NE-HVAC-Unitary-addVFDExMtr,OfL,Ex,CZ01,cDXHP,0,NE-HV_AirDist-SupFanMtr-cDXHP-2SpClgHtg-Cnst,None,,None,NE-HV_AirDist-SupFanMtr-cDXHP-2SpClgHtg-VFDExMtr,None,,,Each
NE-HVAC-Unitary-addVFDPMMtr,OfL,Ex,CZ01,cDXHP,0,NE-HV_AirDist-SupFanMtr-cDXHP-2SpClgHtg-Cnst,None,,None,NE-HV_AirDist-SupFanMtr-cDXHP-2SpClgHtg-VFDPMMtr,None,,,Each
NE-HVAC-Unitary-addVFDStdMtr,OfL,Ex,CZ01,cDXHP,0,NE-HV_AirDist-SupFanMtr-cDXHP-2SpClgHtg-Cnst,None,,None,NE-HV_AirDist-SupFanMtr-cDXHP-2SpClgHtg-VFDStdMtr,None,,,Each
NE-HVAC-Unitary-addVFDExMtr,OfL,Ex,CZ16,cDXGF,0,NE-HV_AirDist-SupFanMtr-cDXGF-2SpClgHtg-Cnst,None,,None,NE-HV_AirDist-SupFanMtr-cDXGF-2SpClgHtg-VFDExMtr,None,,,Each
NE-HVAC-Unitary-addVFDPMMtr,OfL,Ex,CZ16,cDXGF,0,NE-HV_AirDist-SupFanMtr-cDXGF-2SpClgHtg-Cnst,None,,None,NE-HV_AirDist-SupFanMtr-cDXGF-2SpClgHtg-VFDPMMtr,None,,,Each
NE-HVAC-Unitary-addVFDStdMtr,OfL,Ex,CZ16,cDXGF,0,NE-HV_AirDist-SupFanMtr-cDXGF-2SpClgHtg-Cnst,None,,None,NE-HV_AirDist-SupFanMtr-cDXGF-2SpClgHtg-VFDStdMtr,None,,,Each
NE-HVAC-Unitary-addVFDExMtr,OfL,Ex,CZ15,cDXGF,0,NE-HV_AirDist-SupFanMtr-cDXGF-2SpClgHtg-Cnst,None,,None,NE-HV_AirDist-SupFanMtr-cDXGF-2SpClgHtg-VFDExMtr,None,,,Each
NE-HVAC-Unitary-addVFDPMMtr,OfL,Ex,CZ15,cDXGF,0,NE-HV_AirDist-SupFanMtr-cDXGF-2SpClgHtg-Cnst,None,,None,NE-HV_AirDist-SupFanMtr-cDXGF-2SpClgHtg-VFDPMMtr,None,,,Each
NE-HVAC-Unitary-addVFDStdMtr,OfL,Ex,CZ15,cDXGF,0,NE-HV_AirDist-SupFanMtr-cDXGF-2SpClgHtg-Cnst,None,,None,NE-HV_AirDist-SupFanMtr-cDXGF-2SpClgHtg-VFDStdMtr,None,,,Each
NE-HVAC-Unitary-addVFDExMtr,OfL,Ex,CZ14,cDXGF,0,NE-HV_AirDist-SupFanMtr-cDXGF-2SpClgHtg-Cnst,None,,None,NE-HV_AirDist-SupFanMtr-cDXGF-2SpClgHtg-VFDExMtr,None,,,Each
NE-HVAC-Unitary-addVFDPMMtr,OfL,Ex,CZ14,cDXGF,0,NE-HV_AirDist-SupFanMtr-cDXGF-2SpClgHtg-Cnst,None,,None,NE-HV_AirDist-SupFanMtr-cDXGF-2SpClgHtg-VFDPMMtr,None,,,Each
NE-HVAC-Unitary-addVFDStdMtr,OfL,Ex,CZ14,cDXGF,0,NE-HV_AirDist-SupFanMtr-cDXGF-2SpClgHtg-Cnst,None,,None,NE-HV_AirDist-SupFanMtr-cDXGF-2SpClgHtg-VFDStdMtr,None,,,Each
NE-HVAC-Unitary-addVFDExMtr,OfL,Ex,CZ13,cDXGF,0,NE-HV_AirDist-SupFanMtr-cDXGF-2SpClgHtg-Cnst,None,,None,NE-HV_AirDist-SupFanMtr-cDXGF-2SpClgHtg-VFDExMtr,None,,,Each
NE-HVAC-Unitary-addVFDPMMtr,OfL,Ex,CZ13,cDXGF,0,NE-HV_AirDist-SupFanMtr-cDXGF-2SpClgHtg-Cnst,None,,None,NE-HV_AirDist-SupFanMtr-cDXGF-2SpClgHtg-VFDPMMtr,None,,,Each
NE-HVAC-Unitary-addVFDStdMtr,OfL,Ex,CZ13,cDXGF,0,NE-HV_AirDist-SupFanMtr-cDXGF-2SpClgHtg-Cnst,None,,None,NE-HV_AirDist-SupFanMtr-cDXGF-2SpClgHtg-VFDStdMtr,None,,,Each
NE-HVAC-Unitary-addVFDExMtr,OfL,Ex,CZ12,cDXGF,0,NE-HV_AirDist-SupFanMtr-cDXGF-2SpClgHtg-Cnst,None,,None,NE-HV_AirDist-SupFanMtr-cDXGF-2SpClgHtg-VFDExMtr,None,,,Each
NE-HVAC-Unitary-addVFDPMMtr,OfL,Ex,CZ12,cDXGF,0,NE-HV_AirDist-SupFanMtr-cDXGF-2SpClgHtg-Cnst,None,,None,NE-HV_AirDist-SupFanMtr-cDXGF-2SpClgHtg-VFDPMMtr,None,,,Each
NE-HVAC-Unitary-addVFDStdMtr,OfL,Ex,CZ12,cDXGF,0,NE-HV_AirDist-SupFanMtr-cDXGF-2SpClgHtg-Cnst,None,,None,NE-HV_AirDist-SupFanMtr-cDXGF-2SpClgHtg-VFDStdMtr,None,,,Each
NE-HVAC-Unitary-addVFDExMtr,OfL,Ex,CZ11,cDXGF,0,NE-HV_AirDist-SupFanMtr-cDXGF-2SpClgHtg-Cnst,None,,None,NE-HV_AirDist-SupFanMtr-cDXGF-2SpClgHtg-VFDExMtr,None,,,Each
NE-HVAC-Unitary-addVFDPMMtr,OfL,Ex,CZ11,cDXGF,0,NE-HV_AirDist-SupFanMtr-cDXGF-2SpClgHtg-Cnst,None,,None,NE-HV_AirDist-SupFanMtr-cDXGF-2SpClgHtg-VFDPMMtr,None,,,Each
NE-HVAC-Unitary-addVFDStdMtr,OfL,Ex,CZ11,cDXGF,0,NE-HV_AirDist-SupFanMtr-cDXGF-2SpClgHtg-Cnst,None,,None,NE-HV_AirDist-SupFanMtr-cDXGF-2SpClgHtg-VFDStdMtr,None,,,Each
NE-HVAC-Unitary-addVFDExMtr,OfL,Ex,CZ10,cDXGF,0,NE-HV_AirDist-SupFanMtr-cDXGF-2SpClgHtg-Cnst,None,,None,NE-HV_AirDist-SupFanMtr-cDXGF-2SpClgHtg-VFDExMtr,None,,,Each
NE-HVAC-Unitary-addVFDPMMtr,OfL,Ex,CZ10,cDXGF,0,NE-HV_AirDist-SupFanMtr-cDXGF-2SpClgHtg-Cnst,None,,None,NE-HV_AirDist-SupFanMtr-cDXGF-2SpClgHtg-VFDPMMtr,None,,,Each
NE-HVAC-Unitary-addVFDStdMtr,OfL,Ex,CZ10,cDXGF,0,NE-HV_AirDist-SupFanMtr-cDXGF-2SpClgHtg-Cnst,None,,None,NE-HV_AirDist-SupFanMtr-cDXGF-2SpClgHtg-VFDStdMtr,None,,,Each
NE-HVAC-Unitary-addVFDExMtr,OfL,Ex,CZ09,cDXGF,0,NE-HV_AirDist-SupFanMtr-cDXGF-2SpClgHtg-Cnst,None,,None,NE-HV_AirDist-SupFanMtr-cDXGF-2SpClgHtg-VFDExMtr,None,,,Each
NE-HVAC-Unitary-addVFDPMMtr,OfL,Ex,CZ09,cDXGF,0,NE-HV_AirDist-SupFanMtr-cDXGF-2SpClgHtg-Cnst,None,,None,NE-HV_AirDist-SupFanMtr-cDXGF-2SpClgHtg-VFDPMMtr,None,,,Each
NE-HVAC-Unitary-addVFDStdMtr,OfL,Ex,CZ09,cDXGF,0,NE-HV_AirDist-SupFanMtr-cDXGF-2SpClgHtg-Cnst,None,,None,NE-HV_AirDist-SupFanMtr-cDXGF-2SpClgHtg-VFDStdMtr,None,,,Each
NE-HVAC-Unitary-addVFDExMtr,OfL,Ex,CZ08,cDXGF,0,NE-HV_AirDist-SupFanMtr-cDXGF-2SpClgHtg-Cnst,None,,None,NE-HV_AirDist-SupFanMtr-cDXGF-2SpClgHtg-VFDExMtr,None,,,Each
NE-HVAC-Unitary-addVFDPMMtr,OfL,Ex,CZ08,cDXGF,0,NE-HV_AirDist-SupFanMtr-cDXGF-2SpClgHtg-Cnst,None,,None,NE-HV_AirDist-SupFanMtr-cDXGF-2SpClgHtg-VFDPMMtr,None,,,Each
NE-HVAC-Unitary-addVFDStdMtr,OfL,Ex,CZ08,cDXGF,0,NE-HV_AirDist-SupFanMtr-cDXGF-2SpClgHtg-Cnst,None,,None,NE-HV_AirDist-SupFanMtr-cDXGF-2SpClgHtg-VFDStdMtr,None,,,Each
NE-HVAC-Unitary-addVFDExMtr,OfL,Ex,CZ07,cDXGF,0,NE-HV_AirDist-SupFanMtr-cDXGF-2SpClgHtg-Cnst,None,,None,NE-HV_AirDist-SupFanMtr-cDXGF-2SpClgHtg-VFDExMtr,None,,,Each
NE-HVAC-Unitary-addVFDPMMtr,OfL,Ex,CZ07,cDXGF,0,NE-HV_AirDist-SupFanMtr-cDXGF-2SpClgHtg-Cnst,None,,None,NE-HV_AirDist-SupFanMtr-cDXGF-2SpClgHtg-VFDPMMtr,None,,,Each
NE-HVAC-Unitary-addVFDStdMtr,OfL,Ex,CZ07,cDXGF,0,NE-HV_AirDist-SupFanMtr-cDXGF-2SpClgHtg-Cnst,None,,None,NE-HV_AirDist-SupFanMtr-cDXGF-2SpClgHtg-VFDStdMtr,None,,,Each
NE-HVAC-Unitary-addVFDExMtr,OfL,Ex,CZ06,cDXGF,0,NE-HV_AirDist-SupFanMtr-cDXGF-2SpClgHtg-Cnst,None,,None,NE-HV_AirDist-SupFanMtr-cDXGF-2SpClgHtg-VFDExMtr,None,,,Each
NE-HVAC-Unitary-addVFDPMMtr,OfL,Ex,CZ06,cDXGF,0,NE-HV_AirDist-SupFanMtr-cDXGF-2SpClgHtg-Cnst,None,,None,NE-HV_AirDist-SupFanMtr-cDXGF-2SpClgHtg-VFDPMMtr,None,,,Each
NE-HVAC-Unitary-addVFDStdMtr,OfL,Ex,CZ06,cDXGF,0,NE-HV_AirDist-SupFanMtr-cDXGF-2SpClgHtg-Cnst,None,,None,NE-HV_AirDist-SupFanMtr-cDXGF-2SpClgHtg-VFDStdMtr,None,,,Each
NE-HVAC-Unitary-addVFDExMtr,OfL,Ex,CZ05,cDXGF,0,NE-HV_AirDist-SupFanMtr-cDXGF-2SpClgHtg-Cnst,None,,None,NE-HV_AirDist-SupFanMtr-cDXGF-2SpClgHtg-VFDExMtr,None,,,Each
NE-HVAC-Unitary-addVFDPMMtr,OfL,Ex,CZ05,cDXGF,0,NE-HV_AirDist-SupFanMtr-cDXGF-2SpClgHtg-Cnst,None,,None,NE-HV_AirDist-SupFanMtr-cDXGF-2SpClgHtg-VFDPMMtr,None,,,Each
NE-HVAC-Unitary-addVFDStdMtr,OfL,Ex,CZ05,cDXGF,0,NE-HV_AirDist-SupFanMtr-cDXGF-2SpClgHtg-Cnst,None,,None,NE-HV_AirDist-SupFanMtr-cDXGF-2SpClgHtg-VFDStdMtr,None,,,Each
NE-HVAC-Unitary-addVFDExMtr,OfL,Ex,CZ04,cDXGF,0,NE-HV_AirDist-SupFanMtr-cDXGF-2SpClgHtg-Cnst,None,,None,NE-HV_AirDist-SupFanMtr-cDXGF-2SpClgHtg-VFDExMtr,None,,,Each
NE-HVAC-Unitary-addVFDPMMtr,OfL,Ex,CZ04,cDXGF,0,NE-HV_AirDist-SupFanMtr-cDXGF-2SpClgHtg-Cnst,None,,None,NE-HV_AirDist-SupFanMtr-cDXGF-2SpClgHtg-VFDPMMtr,None,,,Each
NE-HVAC-Unitary-addVFDStdMtr,OfL,Ex,CZ04,cDXGF,0,NE-HV_AirDist-SupFanMtr-cDXGF-2SpClgHtg-Cnst,None,,None,NE-HV_AirDist-SupFanMtr-cDXGF-2SpClgHtg-VFDStdMtr,None,,,Each
NE-HVAC-Unitary-addVFDExMtr,OfL,Ex,CZ03,cDXGF,0,NE-HV_AirDist-SupFanMtr-cDXGF-2SpClgHtg-Cnst,None,,None,NE-HV_AirDist-SupFanMtr-cDXGF-2SpClgHtg-VFDExMtr,None,,,Each
NE-HVAC-Unitary-addVFDPMMtr,OfL,Ex,CZ03,cDXGF,0,NE-HV_AirDist-SupFanMtr-cDXGF-2SpClgHtg-Cnst,None,,None,NE-HV_AirDist-SupFanMtr-cDXGF-2SpClgHtg-VFDPMMtr,None,,,Each
NE-HVAC-Unitary-addVFDStdMtr,OfL,Ex,CZ03,cDXGF,0,NE-HV_AirDist-SupFanMtr-cDXGF-2SpClgHtg-Cnst,None,,None,NE-HV_AirDist-SupFanMtr-cDXGF-2SpClgHtg-VFDStdMtr,None,,,Each
NE-HVAC-Unitary-addVFDExMtr,OfL,Ex,CZ02,cDXGF,0,NE-HV_AirDist-SupFanMtr-cDXGF-2SpClgHtg-Cnst,None,,None,NE-HV_AirDist-SupFanMtr-cDXGF-2SpClgHtg-VFDExMtr,None,,,Each
NE-HVAC-Unitary-addVFDPMMtr,OfL,Ex,CZ02,cDXGF,0,NE-HV_AirDist-SupFanMtr-cDXGF-2SpClgHtg-Cnst,None,,None,NE-HV_AirDist-SupFanMtr-cDXGF-2SpClgHtg-VFDPMMtr,None,,,Each
NE-HVAC-Unitary-addVFDStdMtr,OfL,Ex,CZ02,cDXGF,0,NE-HV_AirDist-SupFanMtr-cDXGF-2SpClgHtg-Cnst,None,,None,NE-HV_AirDist-SupFanMtr-cDXGF-2SpClgHtg-VFDStdMtr,None,,,Each
NE-HVAC-Unitary-addVFDExMtr,OfL,Ex,CZ01,cDXGF,0,NE-HV_AirDist-SupFanMtr-cDXGF-2SpClgHtg-Cnst,None,,None,NE-HV_AirDist-SupFanMtr-cDXGF-2SpClgHtg-VFDExMtr,None,,,Each
NE-HVAC-Unitary-addVFDPMMtr,OfL,Ex,CZ01,cDXGF,0,NE-HV_AirDist-SupFanMtr-cDXGF-2SpClgHtg-Cnst,None,,None,NE-HV_AirDist-SupFanMtr-cDXGF-2SpClgHtg-VFDPMMtr,None,,,Each
NE-HVAC-Unitary-addVFDStdMtr,OfL,Ex,CZ01,cDXGF,0,NE-HV_AirDist-SupFanMtr-cDXGF-2SpClgHtg-Cnst,None,,None,NE-HV_AirDist-SupFanMtr-cDXGF-2SpClgHtg-VFDStdMtr,None,,,Each
NE-HVAC-Unitary-addVFDExMtr,Nrs,Ex,CZ16,cDXOH,0,NE-HV_AirDist-SupFanMtr-cDXOH-2SpClgHtg-Cnst,None,,None,NE-HV_AirDist-SupFanMtr-cDXOH-2SpClgHtg-VFDExMtr,None,,,Each
NE-HVAC-Unitary-addVFDPMMtr,Nrs,Ex,CZ16,cDXOH,0,NE-HV_AirDist-SupFanMtr-cDXOH-2SpClgHtg-Cnst,None,,None,NE-HV_AirDist-SupFanMtr-cDXOH-2SpClgHtg-VFDPMMtr,None,,,Each
NE-HVAC-Unitary-addVFDStdMtr,Nrs,Ex,CZ16,cDXOH,0,NE-HV_AirDist-SupFanMtr-cDXOH-2SpClgHtg-Cnst,None,,None,NE-HV_AirDist-SupFanMtr-cDXOH-2SpClgHtg-VFDStdMtr,None,,,Each
NE-HVAC-Unitary-addVFDExMtr,Nrs,Ex,CZ15,cDXOH,0,NE-HV_AirDist-SupFanMtr-cDXOH-2SpClgHtg-Cnst,None,,None,NE-HV_AirDist-SupFanMtr-cDXOH-2SpClgHtg-VFDExMtr,None,,,Each
NE-HVAC-Unitary-addVFDPMMtr,Nrs,Ex,CZ15,cDXOH,0,NE-HV_AirDist-SupFanMtr-cDXOH-2SpClgHtg-Cnst,None,,None,NE-HV_AirDist-SupFanMtr-cDXOH-2SpClgHtg-VFDPMMtr,None,,,Each
NE-HVAC-Unitary-addVFDStdMtr,Nrs,Ex,CZ15,cDXOH,0,NE-HV_AirDist-SupFanMtr-cDXOH-2SpClgHtg-Cnst,None,,None,NE-HV_AirDist-SupFanMtr-cDXOH-2SpClgHtg-VFDStdMtr,None,,,Each
NE-HVAC-Unitary-addVFDExMtr,Nrs,Ex,CZ14,cDXOH,0,NE-HV_AirDist-SupFanMtr-cDXOH-2SpClgHtg-Cnst,None,,None,NE-HV_AirDist-SupFanMtr-cDXOH-2SpClgHtg-VFDExMtr,None,,,Each
NE-HVAC-Unitary-addVFDPMMtr,Nrs,Ex,CZ14,cDXOH,0,NE-HV_AirDist-SupFanMtr-cDXOH-2SpClgHtg-Cnst,None,,None,NE-HV_AirDist-SupFanMtr-cDXOH-2SpClgHtg-VFDPMMtr,None,,,Each
NE-HVAC-Unitary-addVFDStdMtr,Nrs,Ex,CZ14,cDXOH,0,NE-HV_AirDist-SupFanMtr-cDXOH-2SpClgHtg-Cnst,None,,None,NE-HV_AirDist-SupFanMtr-cDXOH-2SpClgHtg-VFDStdMtr,None,,,Each
NE-HVAC-Unitary-addVFDExMtr,Nrs,Ex,CZ13,cDXOH,0,NE-HV_AirDist-SupFanMtr-cDXOH-2SpClgHtg-Cnst,None,,None,NE-HV_AirDist-SupFanMtr-cDXOH-2SpClgHtg-VFDExMtr,None,,,Each
NE-HVAC-Unitary-addVFDPMMtr,Nrs,Ex,CZ13,cDXOH,0,NE-HV_AirDist-SupFanMtr-cDXOH-2SpClgHtg-Cnst,None,,None,NE-HV_AirDist-SupFanMtr-cDXOH-2SpClgHtg-VFDPMMtr,None,,,Each
NE-HVAC-Unitary-addVFDStdMtr,Nrs,Ex,CZ13,cDXOH,0,NE-HV_AirDist-SupFanMtr-cDXOH-2SpClgHtg-Cnst,None,,None,NE-HV_AirDist-SupFanMtr-cDXOH-2SpClgHtg-VFDStdMtr,None,,,Each
NE-HVAC-Unitary-addVFDExMtr,Nrs,Ex,CZ12,cDXOH,0,NE-HV_AirDist-SupFanMtr-cDXOH-2SpClgHtg-Cnst,None,,None,NE-HV_AirDist-SupFanMtr-cDXOH-2SpClgHtg-VFDExMtr,None,,,Each
NE-HVAC-Unitary-addVFDPMMtr,Nrs,Ex,CZ12,cDXOH,0,NE-HV_AirDist-SupFanMtr-cDXOH-2SpClgHtg-Cnst,None,,None,NE-HV_AirDist-SupFanMtr-cDXOH-2SpClgHtg-VFDPMMtr,None,,,Each
NE-HVAC-Unitary-addVFDStdMtr,Nrs,Ex,CZ12,cDXOH,0,NE-HV_AirDist-SupFanMtr-cDXOH-2SpClgHtg-Cnst,None,,None,NE-HV_AirDist-SupFanMtr-cDXOH-2SpClgHtg-VFDStdMtr,None,,,Each
NE-HVAC-Unitary-addVFDExMtr,Nrs,Ex,CZ11,cDXOH,0,NE-HV_AirDist-SupFanMtr-cDXOH-2SpClgHtg-Cnst,None,,None,NE-HV_AirDist-SupFanMtr-cDXOH-2SpClgHtg-VFDExMtr,None,,,Each
NE-HVAC-Unitary-addVFDPMMtr,Nrs,Ex,CZ11,cDXOH,0,NE-HV_AirDist-SupFanMtr-cDXOH-2SpClgHtg-Cnst,None,,None,NE-HV_AirDist-SupFanMtr-cDXOH-2SpClgHtg-VFDPMMtr,None,,,Each
NE-HVAC-Unitary-addVFDStdMtr,Nrs,Ex,CZ11,cDXOH,0,NE-HV_AirDist-SupFanMtr-cDXOH-2SpClgHtg-Cnst,None,,None,NE-HV_AirDist-SupFanMtr-cDXOH-2SpClgHtg-VFDStdMtr,None,,,Each
NE-HVAC-Unitary-addVFDExMtr,Nrs,Ex,CZ10,cDXOH,0,NE-HV_AirDist-SupFanMtr-cDXOH-2SpClgHtg-Cnst,None,,None,NE-HV_AirDist-SupFanMtr-cDXOH-2SpClgHtg-VFDExMtr,None,,,Each
NE-HVAC-Unitary-addVFDPMMtr,Nrs,Ex,CZ10,cDXOH,0,NE-HV_AirDist-SupFanMtr-cDXOH-2SpClgHtg-Cnst,None,,None,NE-HV_AirDist-SupFanMtr-cDXOH-2SpClgHtg-VFDPMMtr,None,,,Each
NE-HVAC-Unitary-addVFDStdMtr,Nrs,Ex,CZ10,cDXOH,0,NE-HV_AirDist-SupFanMtr-cDXOH-2SpClgHtg-Cnst,None,,None,NE-HV_AirDist-SupFanMtr-cDXOH-2SpClgHtg-VFDStdMtr,None,,,Each
NE-HVAC-Unitary-addVFDExMtr,Nrs,Ex,CZ09,cDXOH,0,NE-HV_AirDist-SupFanMtr-cDXOH-2SpClgHtg-Cnst,None,,None,NE-HV_AirDist-SupFanMtr-cDXOH-2SpClgHtg-VFDExMtr,None,,,Each
NE-HVAC-Unitary-addVFDPMMtr,Nrs,Ex,CZ09,cDXOH,0,NE-HV_AirDist-SupFanMtr-cDXOH-2SpClgHtg-Cnst,None,,None,NE-HV_AirDist-SupFanMtr-cDXOH-2SpClgHtg-VFDPMMtr,None,,,Each
NE-HVAC-Unitary-addVFDStdMtr,Nrs,Ex,CZ09,cDXOH,0,NE-HV_AirDist-SupFanMtr-cDXOH-2SpClgHtg-Cnst,None,,None,NE-HV_AirDist-SupFanMtr-cDXOH-2SpClgHtg-VFDStdMtr,None,,,Each
NE-HVAC-Unitary-addVFDExMtr,Nrs,Ex,CZ08,cDXOH,0,NE-HV_AirDist-SupFanMtr-cDXOH-2SpClgHtg-Cnst,None,,None,NE-HV_AirDist-SupFanMtr-cDXOH-2SpClgHtg-VFDExMtr,None,,,Each
NE-HVAC-Unitary-addVFDPMMtr,Nrs,Ex,CZ08,cDXOH,0,NE-HV_AirDist-SupFanMtr-cDXOH-2SpClgHtg-Cnst,None,,None,NE-HV_AirDist-SupFanMtr-cDXOH-2SpClgHtg-VFDPMMtr,None,,,Each
NE-HVAC-Unitary-addVFDStdMtr,Nrs,Ex,CZ08,cDXOH,0,NE-HV_AirDist-SupFanMtr-cDXOH-2SpClgHtg-Cnst,None,,None,NE-HV_AirDist-SupFanMtr-cDXOH-2SpClgHtg-VFDStdMtr,None,,,Each
NE-HVAC-Unitary-addVFDExMtr,Nrs,Ex,CZ07,cDXOH,0,NE-HV_AirDist-SupFanMtr-cDXOH-2SpClgHtg-Cnst,None,,None,NE-HV_AirDist-SupFanMtr-cDXOH-2SpClgHtg-VFDExMtr,None,,,Each
NE-HVAC-Unitary-addVFDPMMtr,Nrs,Ex,CZ07,cDXOH,0,NE-HV_AirDist-SupFanMtr-cDXOH-2SpClgHtg-Cnst,None,,None,NE-HV_AirDist-SupFanMtr-cDXOH-2SpClgHtg-VFDPMMtr,None,,,Each
NE-HVAC-Unitary-addVFDStdMtr,Nrs,Ex,CZ07,cDXOH,0,NE-HV_AirDist-SupFanMtr-cDXOH-2SpClgHtg-Cnst,None,,None,NE-HV_AirDist-SupFanMtr-cDXOH-2SpClgHtg-VFDStdMtr,None,,,Each
NE-HVAC-Unitary-addVFDExMtr,Nrs,Ex,CZ06,cDXOH,0,NE-HV_AirDist-SupFanMtr-cDXOH-2SpClgHtg-Cnst,None,,None,NE-HV_AirDist-SupFanMtr-cDXOH-2SpClgHtg-VFDExMtr,None,,,Each
NE-HVAC-Unitary-addVFDPMMtr,Nrs,Ex,CZ06,cDXOH,0,NE-HV_AirDist-SupFanMtr-cDXOH-2SpClgHtg-Cnst,None,,None,NE-HV_AirDist-SupFanMtr-cDXOH-2SpClgHtg-VFDPMMtr,None,,,Each
NE-HVAC-Unitary-addVFDStdMtr,Nrs,Ex,CZ06,cDXOH,0,NE-HV_AirDist-SupFanMtr-cDXOH-2SpClgHtg-Cnst,None,,None,NE-HV_AirDist-SupFanMtr-cDXOH-2SpClgHtg-VFDStdMtr,None,,,Each
NE-HVAC-Unitary-addVFDExMtr,Nrs,Ex,CZ05,cDXOH,0,NE-HV_AirDist-SupFanMtr-cDXOH-2SpClgHtg-Cnst,None,,None,NE-HV_AirDist-SupFanMtr-cDXOH-2SpClgHtg-VFDExMtr,None,,,Each
NE-HVAC-Unitary-addVFDPMMtr,Nrs,Ex,CZ05,cDXOH,0,NE-HV_AirDist-SupFanMtr-cDXOH-2SpClgHtg-Cnst,None,,None,NE-HV_AirDist-SupFanMtr-cDXOH-2SpClgHtg-VFDPMMtr,None,,,Each
NE-HVAC-Unitary-addVFDStdMtr,Nrs,Ex,CZ05,cDXOH,0,NE-HV_AirDist-SupFanMtr-cDXOH-2SpClgHtg-Cnst,None,,None,NE-HV_AirDist-SupFanMtr-cDXOH-2SpClgHtg-VFDStdMtr,None,,,Each
NE-HVAC-Unitary-addVFDExMtr,Nrs,Ex,CZ04,cDXOH,0,NE-HV_AirDist-SupFanMtr-cDXOH-2SpClgHtg-Cnst,None,,None,NE-HV_AirDist-SupFanMtr-cDXOH-2SpClgHtg-VFDExMtr,None,,,Each
NE-HVAC-Unitary-addVFDPMMtr,Nrs,Ex,CZ04,cDXOH,0,NE-HV_AirDist-SupFanMtr-cDXOH-2SpClgHtg-Cnst,None,,None,NE-HV_AirDist-SupFanMtr-cDXOH-2SpClgHtg-VFDPMMtr,None,,,Each
NE-HVAC-Unitary-addVFDStdMtr,Nrs,Ex,CZ04,cDXOH,0,NE-HV_AirDist-SupFanMtr-cDXOH-2SpClgHtg-Cnst,None,,None,NE-HV_AirDist-SupFanMtr-cDXOH-2SpClgHtg-VFDStdMtr,None,,,Each
NE-HVAC-Unitary-addVFDExMtr,Nrs,Ex,CZ03,cDXOH,0,NE-HV_AirDist-SupFanMtr-cDXOH-2SpClgHtg-Cnst,None,,None,NE-HV_AirDist-SupFanMtr-cDXOH-2SpClgHtg-VFDExMtr,None,,,Each
NE-HVAC-Unitary-addVFDPMMtr,Nrs,Ex,CZ03,cDXOH,0,NE-HV_AirDist-SupFanMtr-cDXOH-2SpClgHtg-Cnst,None,,None,NE-HV_AirDist-SupFanMtr-cDXOH-2SpClgHtg-VFDPMMtr,None,,,Each
NE-HVAC-Unitary-addVFDStdMtr,Nrs,Ex,CZ03,cDXOH,0,NE-HV_AirDist-SupFanMtr-cDXOH-2SpClgHtg-Cnst,None,,None,NE-HV_AirDist-SupFanMtr-cDXOH-2SpClgHtg-VFDStdMtr,None,,,Each
NE-HVAC-Unitary-addVFDExMtr,Nrs,Ex,CZ02,cDXOH,0,NE-HV_AirDist-SupFanMtr-cDXOH-2SpClgHtg-Cnst,None,,None,NE-HV_AirDist-SupFanMtr-cDXOH-2SpClgHtg-VFDExMtr,None,,,Each
NE-HVAC-Unitary-addVFDPMMtr,Nrs,Ex,CZ02,cDXOH,0,NE-HV_AirDist-SupFanMtr-cDXOH-2SpClgHtg-Cnst,None,,None,NE-HV_AirDist-SupFanMtr-cDXOH-2SpClgHtg-VFDPMMtr,None,,,Each
NE-HVAC-Unitary-addVFDStdMtr,Nrs,Ex,CZ02,cDXOH,0,NE-HV_AirDist-SupFanMtr-cDXOH-2SpClgHtg-Cnst,None,,None,NE-HV_AirDist-SupFanMtr-cDXOH-2SpClgHtg-VFDStdMtr,None,,,Each
NE-HVAC-Unitary-addVFDExMtr,Nrs,Ex,CZ01,cDXOH,0,NE-HV_AirDist-SupFanMtr-cDXOH-2SpClgHtg-Cnst,None,,None,NE-HV_AirDist-SupFanMtr-cDXOH-2SpClgHtg-VFDExMtr,None,,,Each
NE-HVAC-Unitary-addVFDPMMtr,Nrs,Ex,CZ01,cDXOH,0,NE-HV_AirDist-SupFanMtr-cDXOH-2SpClgHtg-Cnst,None,,None,NE-HV_AirDist-SupFanMtr-cDXOH-2SpClgHtg-VFDPMMtr,None,,,Each
NE-HVAC-Unitary-addVFDStdMtr,Nrs,Ex,CZ01,cDXOH,0,NE-HV_AirDist-SupFanMtr-cDXOH-2SpClgHtg-Cnst,None,,None,NE-HV_AirDist-SupFanMtr-cDXOH-2SpClgHtg-VFDStdMtr,None,,,Each
NE-HVAC-Unitary-addVFDExMtr,Nrs,Ex,CZ16,cDXHP,0,NE-HV_AirDist-SupFanMtr-cDXHP-2SpClgHtg-Cnst,None,,None,NE-HV_AirDist-SupFanMtr-cDXHP-2SpClgHtg-VFDExMtr,None,,,Each
NE-HVAC-Unitary-addVFDPMMtr,Nrs,Ex,CZ16,cDXHP,0,NE-HV_AirDist-SupFanMtr-cDXHP-2SpClgHtg-Cnst,None,,None,NE-HV_AirDist-SupFanMtr-cDXHP-2SpClgHtg-VFDPMMtr,None,,,Each
NE-HVAC-Unitary-addVFDStdMtr,Nrs,Ex,CZ16,cDXHP,0,NE-HV_AirDist-SupFanMtr-cDXHP-2SpClgHtg-Cnst,None,,None,NE-HV_AirDist-SupFanMtr-cDXHP-2SpClgHtg-VFDStdMtr,None,,,Each
NE-HVAC-Unitary-addVFDExMtr,Nrs,Ex,CZ15,cDXHP,0,NE-HV_AirDist-SupFanMtr-cDXHP-2SpClgHtg-Cnst,None,,None,NE-HV_AirDist-SupFanMtr-cDXHP-2SpClgHtg-VFDExMtr,None,,,Each
NE-HVAC-Unitary-addVFDPMMtr,Nrs,Ex,CZ15,cDXHP,0,NE-HV_AirDist-SupFanMtr-cDXHP-2SpClgHtg-Cnst,None,,None,NE-HV_AirDist-SupFanMtr-cDXHP-2SpClgHtg-VFDPMMtr,None,,,Each
NE-HVAC-Unitary-addVFDStdMtr,Nrs,Ex,CZ15,cDXHP,0,NE-HV_AirDist-SupFanMtr-cDXHP-2SpClgHtg-Cnst,None,,None,NE-HV_AirDist-SupFanMtr-cDXHP-2SpClgHtg-VFDStdMtr,None,,,Each
NE-HVAC-Unitary-addVFDExMtr,Nrs,Ex,CZ14,cDXHP,0,NE-HV_AirDist-SupFanMtr-cDXHP-2SpClgHtg-Cnst,None,,None,NE-HV_AirDist-SupFanMtr-cDXHP-2SpClgHtg-VFDExMtr,None,,,Each
NE-HVAC-Unitary-addVFDPMMtr,Nrs,Ex,CZ14,cDXHP,0,NE-HV_AirDist-SupFanMtr-cDXHP-2SpClgHtg-Cnst,None,,None,NE-HV_AirDist-SupFanMtr-cDXHP-2SpClgHtg-VFDPMMtr,None,,,Each
NE-HVAC-Unitary-addVFDStdMtr,Nrs,Ex,CZ14,cDXHP,0,NE-HV_AirDist-SupFanMtr-cDXHP-2SpClgHtg-Cnst,None,,None,NE-HV_AirDist-SupFanMtr-cDXHP-2SpClgHtg-VFDStdMtr,None,,,Each
NE-HVAC-Unitary-addVFDExMtr,Nrs,Ex,CZ13,cDXHP,0,NE-HV_AirDist-SupFanMtr-cDXHP-2SpClgHtg-Cnst,None,,None,NE-HV_AirDist-SupFanMtr-cDXHP-2SpClgHtg-VFDExMtr,None,,,Each
NE-HVAC-Unitary-addVFDPMMtr,Nrs,Ex,CZ13,cDXHP,0,NE-HV_AirDist-SupFanMtr-cDXHP-2SpClgHtg-Cnst,None,,None,NE-HV_AirDist-SupFanMtr-cDXHP-2SpClgHtg-VFDPMMtr,None,,,Each
NE-HVAC-Unitary-addVFDStdMtr,Nrs,Ex,CZ13,cDXHP,0,NE-HV_AirDist-SupFanMtr-cDXHP-2SpClgHtg-Cnst,None,,None,NE-HV_AirDist-SupFanMtr-cDXHP-2SpClgHtg-VFDStdMtr,None,,,Each
NE-HVAC-Unitary-addVFDExMtr,Nrs,Ex,CZ12,cDXHP,0,NE-HV_AirDist-SupFanMtr-cDXHP-2SpClgHtg-Cnst,None,,None,NE-HV_AirDist-SupFanMtr-cDXHP-2SpClgHtg-VFDExMtr,None,,,Each
NE-HVAC-Unitary-addVFDPMMtr,Nrs,Ex,CZ12,cDXHP,0,NE-HV_AirDist-SupFanMtr-cDXHP-2SpClgHtg-Cnst,None,,None,NE-HV_AirDist-SupFanMtr-cDXHP-2SpClgHtg-VFDPMMtr,None,,,Each
NE-HVAC-Unitary-addVFDStdMtr,Nrs,Ex,CZ12,cDXHP,0,NE-HV_AirDist-SupFanMtr-cDXHP-2SpClgHtg-Cnst,None,,None,NE-HV_AirDist-SupFanMtr-cDXHP-2SpClgHtg-VFDStdMtr,None,,,Each
NE-HVAC-Unitary-addVFDExMtr,Nrs,Ex,CZ11,cDXHP,0,NE-HV_AirDist-SupFanMtr-cDXHP-2SpClgHtg-Cnst,None,,None,NE-HV_AirDist-SupFanMtr-cDXHP-2SpClgHtg-VFDExMtr,None,,,Each
NE-HVAC-Unitary-addVFDPMMtr,Nrs,Ex,CZ11,cDXHP,0,NE-HV_AirDist-SupFanMtr-cDXHP-2SpClgHtg-Cnst,None,,None,NE-HV_AirDist-SupFanMtr-cDXHP-2SpClgHtg-VFDPMMtr,None,,,Each
NE-HVAC-Unitary-addVFDStdMtr,Nrs,Ex,CZ11,cDXHP,0,NE-HV_AirDist-SupFanMtr-cDXHP-2SpClgHtg-Cnst,None,,None,NE-HV_AirDist-SupFanMtr-cDXHP-2SpClgHtg-VFDStdMtr,None,,,Each
NE-HVAC-Unitary-addVFDExMtr,Nrs,Ex,CZ10,cDXHP,0,NE-HV_AirDist-SupFanMtr-cDXHP-2SpClgHtg-Cnst,None,,None,NE-HV_AirDist-SupFanMtr-cDXHP-2SpClgHtg-VFDExMtr,None,,,Each
NE-HVAC-Unitary-addVFDPMMtr,Nrs,Ex,CZ10,cDXHP,0,NE-HV_AirDist-SupFanMtr-cDXHP-2SpClgHtg-Cnst,None,,None,NE-HV_AirDist-SupFanMtr-cDXHP-2SpClgHtg-VFDPMMtr,None,,,Each
NE-HVAC-Unitary-addVFDStdMtr,Nrs,Ex,CZ10,cDXHP,0,NE-HV_AirDist-SupFanMtr-cDXHP-2SpClgHtg-Cnst,None,,None,NE-HV_AirDist-SupFanMtr-cDXHP-2SpClgHtg-VFDStdMtr,None,,,Each
NE-HVAC-Unitary-addVFDExMtr,Nrs,Ex,CZ09,cDXHP,0,NE-HV_AirDist-SupFanMtr-cDXHP-2SpClgHtg-Cnst,None,,None,NE-HV_AirDist-SupFanMtr-cDXHP-2SpClgHtg-VFDExMtr,None,,,Each
NE-HVAC-Unitary-addVFDPMMtr,Nrs,Ex,CZ09,cDXHP,0,NE-HV_AirDist-SupFanMtr-cDXHP-2SpClgHtg-Cnst,None,,None,NE-HV_AirDist-SupFanMtr-cDXHP-2SpClgHtg-VFDPMMtr,None,,,Each
NE-HVAC-Unitary-addVFDStdMtr,Nrs,Ex,CZ09,cDXHP,0,NE-HV_AirDist-SupFanMtr-cDXHP-2SpClgHtg-Cnst,None,,None,NE-HV_AirDist-SupFanMtr-cDXHP-2SpClgHtg-VFDStdMtr,None,,,Each
NE-HVAC-Unitary-addVFDExMtr,Nrs,Ex,CZ08,cDXHP,0,NE-HV_AirDist-SupFanMtr-cDXHP-2SpClgHtg-Cnst,None,,None,NE-HV_AirDist-SupFanMtr-cDXHP-2SpClgHtg-VFDExMtr,None,,,Each
NE-HVAC-Unitary-addVFDPMMtr,Nrs,Ex,CZ08,cDXHP,0,NE-HV_AirDist-SupFanMtr-cDXHP-2SpClgHtg-Cnst,None,,None,NE-HV_AirDist-SupFanMtr-cDXHP-2SpClgHtg-VFDPMMtr,None,,,Each
NE-HVAC-Unitary-addVFDStdMtr,Nrs,Ex,CZ08,cDXHP,0,NE-HV_AirDist-SupFanMtr-cDXHP-2SpClgHtg-Cnst,None,,None,NE-HV_AirDist-SupFanMtr-cDXHP-2SpClgHtg-VFDStdMtr,None,,,Each
NE-HVAC-Unitary-addVFDExMtr,Nrs,Ex,CZ07,cDXHP,0,NE-HV_AirDist-SupFanMtr-cDXHP-2SpClgHtg-Cnst,None,,None,NE-HV_AirDist-SupFanMtr-cDXHP-2SpClgHtg-VFDExMtr,None,,,Each
NE-HVAC-Unitary-addVFDPMMtr,Nrs,Ex,CZ07,cDXHP,0,NE-HV_AirDist-SupFanMtr-cDXHP-2SpClgHtg-Cnst,None,,None,NE-HV_AirDist-SupFanMtr-cDXHP-2SpClgHtg-VFDPMMtr,None,,,Each
NE-HVAC-Unitary-addVFDStdMtr,Nrs,Ex,CZ07,cDXHP,0,NE-HV_AirDist-SupFanMtr-cDXHP-2SpClgHtg-Cnst,None,,None,NE-HV_AirDist-SupFanMtr-cDXHP-2SpClgHtg-VFDStdMtr,None,,,Each
NE-HVAC-Unitary-addVFDExMtr,Nrs,Ex,CZ06,cDXHP,0,NE-HV_AirDist-SupFanMtr-cDXHP-2SpClgHtg-Cnst,None,,None,NE-HV_AirDist-SupFanMtr-cDXHP-2SpClgHtg-VFDExMtr,None,,,Each
NE-HVAC-Unitary-addVFDPMMtr,Nrs,Ex,CZ06,cDXHP,0,NE-HV_AirDist-SupFanMtr-cDXHP-2SpClgHtg-Cnst,None,,None,NE-HV_AirDist-SupFanMtr-cDXHP-2SpClgHtg-VFDPMMtr,None,,,Each
NE-HVAC-Unitary-addVFDStdMtr,Nrs,Ex,CZ06,cDXHP,0,NE-HV_AirDist-SupFanMtr-cDXHP-2SpClgHtg-Cnst,None,,None,NE-HV_AirDist-SupFanMtr-cDXHP-2SpClgHtg-VFDStdMtr,None,,,Each
NE-HVAC-Unitary-addVFDExMtr,Nrs,Ex,CZ05,cDXHP,0,NE-HV_AirDist-SupFanMtr-cDXHP-2SpClgHtg-Cnst,None,,None,NE-HV_AirDist-SupFanMtr-cDXHP-2SpClgHtg-VFDExMtr,None,,,Each
NE-HVAC-Unitary-addVFDPMMtr,Nrs,Ex,CZ05,cDXHP,0,NE-HV_AirDist-SupFanMtr-cDXHP-2SpClgHtg-Cnst,None,,None,NE-HV_AirDist-SupFanMtr-cDXHP-2SpClgHtg-VFDPMMtr,None,,,Each
NE-HVAC-Unitary-addVFDStdMtr,Nrs,Ex,CZ05,cDXHP,0,NE-HV_AirDist-SupFanMtr-cDXHP-2SpClgHtg-Cnst,None,,None,NE-HV_AirDist-SupFanMtr-cDXHP-2SpClgHtg-VFDStdMtr,None,,,Each
NE-HVAC-Unitary-addVFDExMtr,Nrs,Ex,CZ04,cDXHP,0,NE-HV_AirDist-SupFanMtr-cDXHP-2SpClgHtg-Cnst,None,,None,NE-HV_AirDist-SupFanMtr-cDXHP-2SpClgHtg-VFDExMtr,None,,,Each
NE-HVAC-Unitary-addVFDPMMtr,Nrs,Ex,CZ04,cDXHP,0,NE-HV_AirDist-SupFanMtr-cDXHP-2SpClgHtg-Cnst,None,,None,NE-HV_AirDist-SupFanMtr-cDXHP-2SpClgHtg-VFDPMMtr,None,,,Each
NE-HVAC-Unitary-addVFDStdMtr,Nrs,Ex,CZ04,cDXHP,0,NE-HV_AirDist-SupFanMtr-cDXHP-2SpClgHtg-Cnst,None,,None,NE-HV_AirDist-SupFanMtr-cDXHP-2SpClgHtg-VFDStdMtr,None,,,Each
NE-HVAC-Unitary-addVFDExMtr,Nrs,Ex,CZ03,cDXHP,0,NE-HV_AirDist-SupFanMtr-cDXHP-2SpClgHtg-Cnst,None,,None,NE-HV_AirDist-SupFanMtr-cDXHP-2SpClgHtg-VFDExMtr,None,,,Each
NE-HVAC-Unitary-addVFDPMMtr,Nrs,Ex,CZ03,cDXHP,0,NE-HV_AirDist-SupFanMtr-cDXHP-2SpClgHtg-Cnst,None,,None,NE-HV_AirDist-SupFanMtr-cDXHP-2SpClgHtg-VFDPMMtr,None,,,Each
NE-HVAC-Unitary-addVFDStdMtr,Nrs,Ex,CZ03,cDXHP,0,NE-HV_AirDist-SupFanMtr-cDXHP-2SpClgHtg-Cnst,None,,None,NE-HV_AirDist-SupFanMtr-cDXHP-2SpClgHtg-VFDStdMtr,None,,,Each
NE-HVAC-Unitary-addVFDExMtr,Nrs,Ex,CZ02,cDXHP,0,NE-HV_AirDist-SupFanMtr-cDXHP-2SpClgHtg-Cnst,None,,None,NE-HV_AirDist-SupFanMtr-cDXHP-2SpClgHtg-VFDExMtr,None,,,Each
NE-HVAC-Unitary-addVFDPMMtr,Nrs,Ex,CZ02,cDXHP,0,NE-HV_AirDist-SupFanMtr-cDXHP-2SpClgHtg-Cnst,None,,None,NE-HV_AirDist-SupFanMtr-cDXHP-2SpClgHtg-VFDPMMtr,None,,,Each
NE-HVAC-Unitary-addVFDStdMtr,Nrs,Ex,CZ02,cDXHP,0,NE-HV_AirDist-SupFanMtr-cDXHP-2SpClgHtg-Cnst,None,,None,NE-HV_AirDist-SupFanMtr-cDXHP-2SpClgHtg-VFDStdMtr,None,,,Each
NE-HVAC-Unitary-addVFDExMtr,Nrs,Ex,CZ01,cDXHP,0,NE-HV_AirDist-SupFanMtr-cDXHP-2SpClgHtg-Cnst,None,,None,NE-HV_AirDist-SupFanMtr-cDXHP-2SpClgHtg-VFDExMtr,None,,,Each
NE-HVAC-Unitary-addVFDPMMtr,Nrs,Ex,CZ01,cDXHP,0,NE-HV_AirDist-SupFanMtr-cDXHP-2SpClgHtg-Cnst,None,,None,NE-HV_AirDist-SupFanMtr-cDXHP-2SpClgHtg-VFDPMMtr,None,,,Each
NE-HVAC-Unitary-addVFDStdMtr,Nrs,Ex,CZ01,cDXHP,0,NE-HV_AirDist-SupFanMtr-cDXHP-2SpClgHtg-Cnst,None,,None,NE-HV_AirDist-SupFanMtr-cDXHP-2SpClgHtg-VFDStdMtr,None,,,Each
NE-HVAC-Unitary-addVFDExMtr,Nrs,Ex,CZ16,cDXGF,0,NE-HV_AirDist-SupFanMtr-cDXGF-2SpClgHtg-Cnst,None,,None,NE-HV_AirDist-SupFanMtr-cDXGF-2SpClgHtg-VFDExMtr,None,,,Each
NE-HVAC-Unitary-addVFDPMMtr,Nrs,Ex,CZ16,cDXGF,0,NE-HV_AirDist-SupFanMtr-cDXGF-2SpClgHtg-Cnst,None,,None,NE-HV_AirDist-SupFanMtr-cDXGF-2SpClgHtg-VFDPMMtr,None,,,Each
NE-HVAC-Unitary-addVFDStdMtr,Nrs,Ex,CZ16,cDXGF,0,NE-HV_AirDist-SupFanMtr-cDXGF-2SpClgHtg-Cnst,None,,None,NE-HV_AirDist-SupFanMtr-cDXGF-2SpClgHtg-VFDStdMtr,None,,,Each
NE-HVAC-Unitary-addVFDExMtr,Nrs,Ex,CZ15,cDXGF,0,NE-HV_AirDist-SupFanMtr-cDXGF-2SpClgHtg-Cnst,None,,None,NE-HV_AirDist-SupFanMtr-cDXGF-2SpClgHtg-VFDExMtr,None,,,Each
NE-HVAC-Unitary-addVFDPMMtr,Nrs,Ex,CZ15,cDXGF,0,NE-HV_AirDist-SupFanMtr-cDXGF-2SpClgHtg-Cnst,None,,None,NE-HV_AirDist-SupFanMtr-cDXGF-2SpClgHtg-VFDPMMtr,None,,,Each
NE-HVAC-Unitary-addVFDStdMtr,Nrs,Ex,CZ15,cDXGF,0,NE-HV_AirDist-SupFanMtr-cDXGF-2SpClgHtg-Cnst,None,,None,NE-HV_AirDist-SupFanMtr-cDXGF-2SpClgHtg-VFDStdMtr,None,,,Each
NE-HVAC-Unitary-addVFDExMtr,Nrs,Ex,CZ14,cDXGF,0,NE-HV_AirDist-SupFanMtr-cDXGF-2SpClgHtg-Cnst,None,,None,NE-HV_AirDist-SupFanMtr-cDXGF-2SpClgHtg-VFDExMtr,None,,,Each
NE-HVAC-Unitary-addVFDPMMtr,Nrs,Ex,CZ14,cDXGF,0,NE-HV_AirDist-SupFanMtr-cDXGF-2SpClgHtg-Cnst,None,,None,NE-HV_AirDist-SupFanMtr-cDXGF-2SpClgHtg-VFDPMMtr,None,,,Each
NE-HVAC-Unitary-addVFDStdMtr,Nrs,Ex,CZ14,cDXGF,0,NE-HV_AirDist-SupFanMtr-cDXGF-2SpClgHtg-Cnst,None,,None,NE-HV_AirDist-SupFanMtr-cDXGF-2SpClgHtg-VFDStdMtr,None,,,Each
NE-HVAC-Unitary-addVFDExMtr,Nrs,Ex,CZ13,cDXGF,0,NE-HV_AirDist-SupFanMtr-cDXGF-2SpClgHtg-Cnst,None,,None,NE-HV_AirDist-SupFanMtr-cDXGF-2SpClgHtg-VFDExMtr,None,,,Each
NE-HVAC-Unitary-addVFDPMMtr,Nrs,Ex,CZ13,cDXGF,0,NE-HV_AirDist-SupFanMtr-cDXGF-2SpClgHtg-Cnst,None,,None,NE-HV_AirDist-SupFanMtr-cDXGF-2SpClgHtg-VFDPMMtr,None,,,Each
NE-HVAC-Unitary-addVFDStdMtr,Nrs,Ex,CZ13,cDXGF,0,NE-HV_AirDist-SupFanMtr-cDXGF-2SpClgHtg-Cnst,None,,None,NE-HV_AirDist-SupFanMtr-cDXGF-2SpClgHtg-VFDStdMtr,None,,,Each
NE-HVAC-Unitary-addVFDExMtr,Nrs,Ex,CZ12,cDXGF,0,NE-HV_AirDist-SupFanMtr-cDXGF-2SpClgHtg-Cnst,None,,None,NE-HV_AirDist-SupFanMtr-cDXGF-2SpClgHtg-VFDExMtr,None,,,Each
NE-HVAC-Unitary-addVFDPMMtr,Nrs,Ex,CZ12,cDXGF,0,NE-HV_AirDist-SupFanMtr-cDXGF-2SpClgHtg-Cnst,None,,None,NE-HV_AirDist-SupFanMtr-cDXGF-2SpClgHtg-VFDPMMtr,None,,,Each
NE-HVAC-Unitary-addVFDStdMtr,Nrs,Ex,CZ12,cDXGF,0,NE-HV_AirDist-SupFanMtr-cDXGF-2SpClgHtg-Cnst,None,,None,NE-HV_AirDist-SupFanMtr-cDXGF-2SpClgHtg-VFDStdMtr,None,,,Each
NE-HVAC-Unitary-addVFDExMtr,Nrs,Ex,CZ11,cDXGF,0,NE-HV_AirDist-SupFanMtr-cDXGF-2SpClgHtg-Cnst,None,,None,NE-HV_AirDist-SupFanMtr-cDXGF-2SpClgHtg-VFDExMtr,None,,,Each
NE-HVAC-Unitary-addVFDPMMtr,Nrs,Ex,CZ11,cDXGF,0,NE-HV_AirDist-SupFanMtr-cDXGF-2SpClgHtg-Cnst,None,,None,NE-HV_AirDist-SupFanMtr-cDXGF-2SpClgHtg-VFDPMMtr,None,,,Each
NE-HVAC-Unitary-addVFDStdMtr,Nrs,Ex,CZ11,cDXGF,0,NE-HV_AirDist-SupFanMtr-cDXGF-2SpClgHtg-Cnst,None,,None,NE-HV_AirDist-SupFanMtr-cDXGF-2SpClgHtg-VFDStdMtr,None,,,Each
NE-HVAC-Unitary-addVFDExMtr,Nrs,Ex,CZ10,cDXGF,0,NE-HV_AirDist-SupFanMtr-cDXGF-2SpClgHtg-Cnst,None,,None,NE-HV_AirDist-SupFanMtr-cDXGF-2SpClgHtg-VFDExMtr,None,,,Each
NE-HVAC-Unitary-addVFDPMMtr,Nrs,Ex,CZ10,cDXGF,0,NE-HV_AirDist-SupFanMtr-cDXGF-2SpClgHtg-Cnst,None,,None,NE-HV_AirDist-SupFanMtr-cDXGF-2SpClgHtg-VFDPMMtr,None,,,Each
NE-HVAC-Unitary-addVFDStdMtr,Nrs,Ex,CZ10,cDXGF,0,NE-HV_AirDist-SupFanMtr-cDXGF-2SpClgHtg-Cnst,None,,None,NE-HV_AirDist-SupFanMtr-cDXGF-2SpClgHtg-VFDStdMtr,None,,,Each
NE-HVAC-Unitary-addVFDExMtr,Nrs,Ex,CZ09,cDXGF,0,NE-HV_AirDist-SupFanMtr-cDXGF-2SpClgHtg-Cnst,None,,None,NE-HV_AirDist-SupFanMtr-cDXGF-2SpClgHtg-VFDExMtr,None,,,Each
NE-HVAC-Unitary-addVFDPMMtr,Nrs,Ex,CZ09,cDXGF,0,NE-HV_AirDist-SupFanMtr-cDXGF-2SpClgHtg-Cnst,None,,None,NE-HV_AirDist-SupFanMtr-cDXGF-2SpClgHtg-VFDPMMtr,None,,,Each
NE-HVAC-Unitary-addVFDStdMtr,Nrs,Ex,CZ09,cDXGF,0,NE-HV_AirDist-SupFanMtr-cDXGF-2SpClgHtg-Cnst,None,,None,NE-HV_AirDist-SupFanMtr-cDXGF-2SpClgHtg-VFDStdMtr,None,,,Each
NE-HVAC-Unitary-addVFDExMtr,Nrs,Ex,CZ08,cDXGF,0,NE-HV_AirDist-SupFanMtr-cDXGF-2SpClgHtg-Cnst,None,,None,NE-HV_AirDist-SupFanMtr-cDXGF-2SpClgHtg-VFDExMtr,None,,,Each
NE-HVAC-Unitary-addVFDPMMtr,Nrs,Ex,CZ08,cDXGF,0,NE-HV_AirDist-SupFanMtr-cDXGF-2SpClgHtg-Cnst,None,,None,NE-HV_AirDist-SupFanMtr-cDXGF-2SpClgHtg-VFDPMMtr,None,,,Each
NE-HVAC-Unitary-addVFDStdMtr,Nrs,Ex,CZ08,cDXGF,0,NE-HV_AirDist-SupFanMtr-cDXGF-2SpClgHtg-Cnst,None,,None,NE-HV_AirDist-SupFanMtr-cDXGF-2SpClgHtg-VFDStdMtr,None,,,Each
NE-HVAC-Unitary-addVFDExMtr,Nrs,Ex,CZ07,cDXGF,0,NE-HV_AirDist-SupFanMtr-cDXGF-2SpClgHtg-Cnst,None,,None,NE-HV_AirDist-SupFanMtr-cDXGF-2SpClgHtg-VFDExMtr,None,,,Each
NE-HVAC-Unitary-addVFDPMMtr,Nrs,Ex,CZ07,cDXGF,0,NE-HV_AirDist-SupFanMtr-cDXGF-2SpClgHtg-Cnst,None,,None,NE-HV_AirDist-SupFanMtr-cDXGF-2SpClgHtg-VFDPMMtr,None,,,Each
NE-HVAC-Unitary-addVFDStdMtr,Nrs,Ex,CZ07,cDXGF,0,NE-HV_AirDist-SupFanMtr-cDXGF-2SpClgHtg-Cnst,None,,None,NE-HV_AirDist-SupFanMtr-cDXGF-2SpClgHtg-VFDStdMtr,None,,,Each
NE-HVAC-Unitary-addVFDExMtr,Nrs,Ex,CZ06,cDXGF,0,NE-HV_AirDist-SupFanMtr-cDXGF-2SpClgHtg-Cnst,None,,None,NE-HV_AirDist-SupFanMtr-cDXGF-2SpClgHtg-VFDExMtr,None,,,Each
NE-HVAC-Unitary-addVFDPMMtr,Nrs,Ex,CZ06,cDXGF,0,NE-HV_AirDist-SupFanMtr-cDXGF-2SpClgHtg-Cnst,None,,None,NE-HV_AirDist-SupFanMtr-cDXGF-2SpClgHtg-VFDPMMtr,None,,,Each
NE-HVAC-Unitary-addVFDStdMtr,Nrs,Ex,CZ06,cDXGF,0,NE-HV_AirDist-SupFanMtr-cDXGF-2SpClgHtg-Cnst,None,,None,NE-HV_AirDist-SupFanMtr-cDXGF-2SpClgHtg-VFDStdMtr,None,,,Each
NE-HVAC-Unitary-addVFDExMtr,Nrs,Ex,CZ05,cDXGF,0,NE-HV_AirDist-SupFanMtr-cDXGF-2SpClgHtg-Cnst,None,,None,NE-HV_AirDist-SupFanMtr-cDXGF-2SpClgHtg-VFDExMtr,None,,,Each
NE-HVAC-Unitary-addVFDPMMtr,Nrs,Ex,CZ05,cDXGF,0,NE-HV_AirDist-SupFanMtr-cDXGF-2SpClgHtg-Cnst,None,,None,NE-HV_AirDist-SupFanMtr-cDXGF-2SpClgHtg-VFDPMMtr,None,,,Each
NE-HVAC-Unitary-addVFDStdMtr,Nrs,Ex,CZ05,cDXGF,0,NE-HV_AirDist-SupFanMtr-cDXGF-2SpClgHtg-Cnst,None,,None,NE-HV_AirDist-SupFanMtr-cDXGF-2SpClgHtg-VFDStdMtr,None,,,Each
NE-HVAC-Unitary-addVFDExMtr,Nrs,Ex,CZ04,cDXGF,0,NE-HV_AirDist-SupFanMtr-cDXGF-2SpClgHtg-Cnst,None,,None,NE-HV_AirDist-SupFanMtr-cDXGF-2SpClgHtg-VFDExMtr,None,,,Each
NE-HVAC-Unitary-addVFDPMMtr,Nrs,Ex,CZ04,cDXGF,0,NE-HV_AirDist-SupFanMtr-cDXGF-2SpClgHtg-Cnst,None,,None,NE-HV_AirDist-SupFanMtr-cDXGF-2SpClgHtg-VFDPMMtr,None,,,Each
NE-HVAC-Unitary-addVFDStdMtr,Nrs,Ex,CZ04,cDXGF,0,NE-HV_AirDist-SupFanMtr-cDXGF-2SpClgHtg-Cnst,None,,None,NE-HV_AirDist-SupFanMtr-cDXGF-2SpClgHtg-VFDStdMtr,None,,,Each
NE-HVAC-Unitary-addVFDExMtr,Nrs,Ex,CZ03,cDXGF,0,NE-HV_AirDist-SupFanMtr-cDXGF-2SpClgHtg-Cnst,None,,None,NE-HV_AirDist-SupFanMtr-cDXGF-2SpClgHtg-VFDExMtr,None,,,Each
NE-HVAC-Unitary-addVFDPMMtr,Nrs,Ex,CZ03,cDXGF,0,NE-HV_AirDist-SupFanMtr-cDXGF-2SpClgHtg-Cnst,None,,None,NE-HV_AirDist-SupFanMtr-cDXGF-2SpClgHtg-VFDPMMtr,None,,,Each
NE-HVAC-Unitary-addVFDStdMtr,Nrs,Ex,CZ03,cDXGF,0,NE-HV_AirDist-SupFanMtr-cDXGF-2SpClgHtg-Cnst,None,,None,NE-HV_AirDist-SupFanMtr-cDXGF-2SpClgHtg-VFDStdMtr,None,,,Each
NE-HVAC-Unitary-addVFDExMtr,Nrs,Ex,CZ02,cDXGF,0,NE-HV_AirDist-SupFanMtr-cDXGF-2SpClgHtg-Cnst,None,,None,NE-HV_AirDist-SupFanMtr-cDXGF-2SpClgHtg-VFDExMtr,None,,,Each
NE-HVAC-Unitary-addVFDPMMtr,Nrs,Ex,CZ02,cDXGF,0,NE-HV_AirDist-SupFanMtr-cDXGF-2SpClgHtg-Cnst,None,,None,NE-HV_AirDist-SupFanMtr-cDXGF-2SpClgHtg-VFDPMMtr,None,,,Each
NE-HVAC-Unitary-addVFDStdMtr,Nrs,Ex,CZ02,cDXGF,0,NE-HV_AirDist-SupFanMtr-cDXGF-2SpClgHtg-Cnst,None,,None,NE-HV_AirDist-SupFanMtr-cDXGF-2SpClgHtg-VFDStdMtr,None,,,Each
NE-HVAC-Unitary-addVFDExMtr,Nrs,Ex,CZ01,cDXGF,0,NE-HV_AirDist-SupFanMtr-cDXGF-2SpClgHtg-Cnst,None,,None,NE-HV_AirDist-SupFanMtr-cDXGF-2SpClgHtg-VFDExMtr,None,,,Each
NE-HVAC-Unitary-addVFDPMMtr,Nrs,Ex,CZ01,cDXGF,0,NE-HV_AirDist-SupFanMtr-cDXGF-2SpClgHtg-Cnst,None,,None,NE-HV_AirDist-SupFanMtr-cDXGF-2SpClgHtg-VFDPMMtr,None,,,Each
NE-HVAC-Unitary-addVFDStdMtr,Nrs,Ex,CZ01,cDXGF,0,NE-HV_AirDist-SupFanMtr-cDXGF-2SpClgHtg-Cnst,None,,None,NE-HV_AirDist-SupFanMtr-cDXGF-2SpClgHtg-VFDStdMtr,None,,,Each
NE-HVAC-Unitary-addVFDExMtr,MLI,Ex,CZ16,cDXOH,0,NE-HV_AirDist-SupFanMtr-cDXOH-2SpClgHtg-Cnst,None,,None,NE-HV_AirDist-SupFanMtr-cDXOH-2SpClgHtg-VFDExMtr,None,,,Each
NE-HVAC-Unitary-addVFDPMMtr,MLI,Ex,CZ16,cDXOH,0,NE-HV_AirDist-SupFanMtr-cDXOH-2SpClgHtg-Cnst,None,,None,NE-HV_AirDist-SupFanMtr-cDXOH-2SpClgHtg-VFDPMMtr,None,,,Each
NE-HVAC-Unitary-addVFDStdMtr,MLI,Ex,CZ16,cDXOH,0,NE-HV_AirDist-SupFanMtr-cDXOH-2SpClgHtg-Cnst,None,,None,NE-HV_AirDist-SupFanMtr-cDXOH-2SpClgHtg-VFDStdMtr,None,,,Each
NE-HVAC-Unitary-addVFDExMtr,MLI,Ex,CZ15,cDXOH,0,NE-HV_AirDist-SupFanMtr-cDXOH-2SpClgHtg-Cnst,None,,None,NE-HV_AirDist-SupFanMtr-cDXOH-2SpClgHtg-VFDExMtr,None,,,Each
NE-HVAC-Unitary-addVFDPMMtr,MLI,Ex,CZ15,cDXOH,0,NE-HV_AirDist-SupFanMtr-cDXOH-2SpClgHtg-Cnst,None,,None,NE-HV_AirDist-SupFanMtr-cDXOH-2SpClgHtg-VFDPMMtr,None,,,Each
NE-HVAC-Unitary-addVFDStdMtr,MLI,Ex,CZ15,cDXOH,0,NE-HV_AirDist-SupFanMtr-cDXOH-2SpClgHtg-Cnst,None,,None,NE-HV_AirDist-SupFanMtr-cDXOH-2SpClgHtg-VFDStdMtr,None,,,Each
NE-HVAC-Unitary-addVFDExMtr,MLI,Ex,CZ14,cDXOH,0,NE-HV_AirDist-SupFanMtr-cDXOH-2SpClgHtg-Cnst,None,,None,NE-HV_AirDist-SupFanMtr-cDXOH-2SpClgHtg-VFDExMtr,None,,,Each
NE-HVAC-Unitary-addVFDPMMtr,MLI,Ex,CZ14,cDXOH,0,NE-HV_AirDist-SupFanMtr-cDXOH-2SpClgHtg-Cnst,None,,None,NE-HV_AirDist-SupFanMtr-cDXOH-2SpClgHtg-VFDPMMtr,None,,,Each
NE-HVAC-Unitary-addVFDStdMtr,MLI,Ex,CZ14,cDXOH,0,NE-HV_AirDist-SupFanMtr-cDXOH-2SpClgHtg-Cnst,None,,None,NE-HV_AirDist-SupFanMtr-cDXOH-2SpClgHtg-VFDStdMtr,None,,,Each
NE-HVAC-Unitary-addVFDExMtr,MLI,Ex,CZ13,cDXOH,0,NE-HV_AirDist-SupFanMtr-cDXOH-2SpClgHtg-Cnst,None,,None,NE-HV_AirDist-SupFanMtr-cDXOH-2SpClgHtg-VFDExMtr,None,,,Each
NE-HVAC-Unitary-addVFDPMMtr,MLI,Ex,CZ13,cDXOH,0,NE-HV_AirDist-SupFanMtr-cDXOH-2SpClgHtg-Cnst,None,,None,NE-HV_AirDist-SupFanMtr-cDXOH-2SpClgHtg-VFDPMMtr,None,,,Each
NE-HVAC-Unitary-addVFDStdMtr,MLI,Ex,CZ13,cDXOH,0,NE-HV_AirDist-SupFanMtr-cDXOH-2SpClgHtg-Cnst,None,,None,NE-HV_AirDist-SupFanMtr-cDXOH-2SpClgHtg-VFDStdMtr,None,,,Each
NE-HVAC-Unitary-addVFDExMtr,MLI,Ex,CZ12,cDXOH,0,NE-HV_AirDist-SupFanMtr-cDXOH-2SpClgHtg-Cnst,None,,None,NE-HV_AirDist-SupFanMtr-cDXOH-2SpClgHtg-VFDExMtr,None,,,Each
NE-HVAC-Unitary-addVFDPMMtr,MLI,Ex,CZ12,cDXOH,0,NE-HV_AirDist-SupFanMtr-cDXOH-2SpClgHtg-Cnst,None,,None,NE-HV_AirDist-SupFanMtr-cDXOH-2SpClgHtg-VFDPMMtr,None,,,Each
NE-HVAC-Unitary-addVFDStdMtr,MLI,Ex,CZ12,cDXOH,0,NE-HV_AirDist-SupFanMtr-cDXOH-2SpClgHtg-Cnst,None,,None,NE-HV_AirDist-SupFanMtr-cDXOH-2SpClgHtg-VFDStdMtr,None,,,Each
NE-HVAC-Unitary-addVFDExMtr,MLI,Ex,CZ11,cDXOH,0,NE-HV_AirDist-SupFanMtr-cDXOH-2SpClgHtg-Cnst,None,,None,NE-HV_AirDist-SupFanMtr-cDXOH-2SpClgHtg-VFDExMtr,None,,,Each
NE-HVAC-Unitary-addVFDPMMtr,MLI,Ex,CZ11,cDXOH,0,NE-HV_AirDist-SupFanMtr-cDXOH-2SpClgHtg-Cnst,None,,None,NE-HV_AirDist-SupFanMtr-cDXOH-2SpClgHtg-VFDPMMtr,None,,,Each
NE-HVAC-Unitary-addVFDStdMtr,MLI,Ex,CZ11,cDXOH,0,NE-HV_AirDist-SupFanMtr-cDXOH-2SpClgHtg-Cnst,None,,None,NE-HV_AirDist-SupFanMtr-cDXOH-2SpClgHtg-VFDStdMtr,None,,,Each
NE-HVAC-Unitary-addVFDExMtr,MLI,Ex,CZ10,cDXOH,0,NE-HV_AirDist-SupFanMtr-cDXOH-2SpClgHtg-Cnst,None,,None,NE-HV_AirDist-SupFanMtr-cDXOH-2SpClgHtg-VFDExMtr,None,,,Each
NE-HVAC-Unitary-addVFDPMMtr,MLI,Ex,CZ10,cDXOH,0,NE-HV_AirDist-SupFanMtr-cDXOH-2SpClgHtg-Cnst,None,,None,NE-HV_AirDist-SupFanMtr-cDXOH-2SpClgHtg-VFDPMMtr,None,,,Each
NE-HVAC-Unitary-addVFDStdMtr,MLI,Ex,CZ10,cDXOH,0,NE-HV_AirDist-SupFanMtr-cDXOH-2SpClgHtg-Cnst,None,,None,NE-HV_AirDist-SupFanMtr-cDXOH-2SpClgHtg-VFDStdMtr,None,,,Each
NE-HVAC-Unitary-addVFDExMtr,MLI,Ex,CZ09,cDXOH,0,NE-HV_AirDist-SupFanMtr-cDXOH-2SpClgHtg-Cnst,None,,None,NE-HV_AirDist-SupFanMtr-cDXOH-2SpClgHtg-VFDExMtr,None,,,Each
NE-HVAC-Unitary-addVFDPMMtr,MLI,Ex,CZ09,cDXOH,0,NE-HV_AirDist-SupFanMtr-cDXOH-2SpClgHtg-Cnst,None,,None,NE-HV_AirDist-SupFanMtr-cDXOH-2SpClgHtg-VFDPMMtr,None,,,Each
NE-HVAC-Unitary-addVFDStdMtr,MLI,Ex,CZ09,cDXOH,0,NE-HV_AirDist-SupFanMtr-cDXOH-2SpClgHtg-Cnst,None,,None,NE-HV_AirDist-SupFanMtr-cDXOH-2SpClgHtg-VFDStdMtr,None,,,Each
NE-HVAC-Unitary-addVFDExMtr,MLI,Ex,CZ08,cDXOH,0,NE-HV_AirDist-SupFanMtr-cDXOH-2SpClgHtg-Cnst,None,,None,NE-HV_AirDist-SupFanMtr-cDXOH-2SpClgHtg-VFDExMtr,None,,,Each
NE-HVAC-Unitary-addVFDPMMtr,MLI,Ex,CZ08,cDXOH,0,NE-HV_AirDist-SupFanMtr-cDXOH-2SpClgHtg-Cnst,None,,None,NE-HV_AirDist-SupFanMtr-cDXOH-2SpClgHtg-VFDPMMtr,None,,,Each
NE-HVAC-Unitary-addVFDStdMtr,MLI,Ex,CZ08,cDXOH,0,NE-HV_AirDist-SupFanMtr-cDXOH-2SpClgHtg-Cnst,None,,None,NE-HV_AirDist-SupFanMtr-cDXOH-2SpClgHtg-VFDStdMtr,None,,,Each
NE-HVAC-Unitary-addVFDExMtr,MLI,Ex,CZ07,cDXOH,0,NE-HV_AirDist-SupFanMtr-cDXOH-2SpClgHtg-Cnst,None,,None,NE-HV_AirDist-SupFanMtr-cDXOH-2SpClgHtg-VFDExMtr,None,,,Each
NE-HVAC-Unitary-addVFDPMMtr,MLI,Ex,CZ07,cDXOH,0,NE-HV_AirDist-SupFanMtr-cDXOH-2SpClgHtg-Cnst,None,,None,NE-HV_AirDist-SupFanMtr-cDXOH-2SpClgHtg-VFDPMMtr,None,,,Each
NE-HVAC-Unitary-addVFDStdMtr,MLI,Ex,CZ07,cDXOH,0,NE-HV_AirDist-SupFanMtr-cDXOH-2SpClgHtg-Cnst,None,,None,NE-HV_AirDist-SupFanMtr-cDXOH-2SpClgHtg-VFDStdMtr,None,,,Each
NE-HVAC-Unitary-addVFDExMtr,MLI,Ex,CZ06,cDXOH,0,NE-HV_AirDist-SupFanMtr-cDXOH-2SpClgHtg-Cnst,None,,None,NE-HV_AirDist-SupFanMtr-cDXOH-2SpClgHtg-VFDExMtr,None,,,Each
NE-HVAC-Unitary-addVFDPMMtr,MLI,Ex,CZ06,cDXOH,0,NE-HV_AirDist-SupFanMtr-cDXOH-2SpClgHtg-Cnst,None,,None,NE-HV_AirDist-SupFanMtr-cDXOH-2SpClgHtg-VFDPMMtr,None,,,Each
NE-HVAC-Unitary-addVFDStdMtr,MLI,Ex,CZ06,cDXOH,0,NE-HV_AirDist-SupFanMtr-cDXOH-2SpClgHtg-Cnst,None,,None,NE-HV_AirDist-SupFanMtr-cDXOH-2SpClgHtg-VFDStdMtr,None,,,Each
NE-HVAC-Unitary-addVFDExMtr,MLI,Ex,CZ05,cDXOH,0,NE-HV_AirDist-SupFanMtr-cDXOH-2SpClgHtg-Cnst,None,,None,NE-HV_AirDist-SupFanMtr-cDXOH-2SpClgHtg-VFDExMtr,None,,,Each
NE-HVAC-Unitary-addVFDPMMtr,MLI,Ex,CZ05,cDXOH,0,NE-HV_AirDist-SupFanMtr-cDXOH-2SpClgHtg-Cnst,None,,None,NE-HV_AirDist-SupFanMtr-cDXOH-2SpClgHtg-VFDPMMtr,None,,,Each
NE-HVAC-Unitary-addVFDStdMtr,MLI,Ex,CZ05,cDXOH,0,NE-HV_AirDist-SupFanMtr-cDXOH-2SpClgHtg-Cnst,None,,None,NE-HV_AirDist-SupFanMtr-cDXOH-2SpClgHtg-VFDStdMtr,None,,,Each
NE-HVAC-Unitary-addVFDExMtr,MLI,Ex,CZ04,cDXOH,0,NE-HV_AirDist-SupFanMtr-cDXOH-2SpClgHtg-Cnst,None,,None,NE-HV_AirDist-SupFanMtr-cDXOH-2SpClgHtg-VFDExMtr,None,,,Each
NE-HVAC-Unitary-addVFDPMMtr,MLI,Ex,CZ04,cDXOH,0,NE-HV_AirDist-SupFanMtr-cDXOH-2SpClgHtg-Cnst,None,,None,NE-HV_AirDist-SupFanMtr-cDXOH-2SpClgHtg-VFDPMMtr,None,,,Each
NE-HVAC-Unitary-addVFDStdMtr,MLI,Ex,CZ04,cDXOH,0,NE-HV_AirDist-SupFanMtr-cDXOH-2SpClgHtg-Cnst,None,,None,NE-HV_AirDist-SupFanMtr-cDXOH-2SpClgHtg-VFDStdMtr,None,,,Each
NE-HVAC-Unitary-addVFDExMtr,MLI,Ex,CZ03,cDXOH,0,NE-HV_AirDist-SupFanMtr-cDXOH-2SpClgHtg-Cnst,None,,None,NE-HV_AirDist-SupFanMtr-cDXOH-2SpClgHtg-VFDExMtr,None,,,Each
NE-HVAC-Unitary-addVFDPMMtr,MLI,Ex,CZ03,cDXOH,0,NE-HV_AirDist-SupFanMtr-cDXOH-2SpClgHtg-Cnst,None,,None,NE-HV_AirDist-SupFanMtr-cDXOH-2SpClgHtg-VFDPMMtr,None,,,Each
NE-HVAC-Unitary-addVFDStdMtr,MLI,Ex,CZ03,cDXOH,0,NE-HV_AirDist-SupFanMtr-cDXOH-2SpClgHtg-Cnst,None,,None,NE-HV_AirDist-SupFanMtr-cDXOH-2SpClgHtg-VFDStdMtr,None,,,Each
NE-HVAC-Unitary-addVFDExMtr,MLI,Ex,CZ02,cDXOH,0,NE-HV_AirDist-SupFanMtr-cDXOH-2SpClgHtg-Cnst,None,,None,NE-HV_AirDist-SupFanMtr-cDXOH-2SpClgHtg-VFDExMtr,None,,,Each
NE-HVAC-Unitary-addVFDPMMtr,MLI,Ex,CZ02,cDXOH,0,NE-HV_AirDist-SupFanMtr-cDXOH-2SpClgHtg-Cnst,None,,None,NE-HV_AirDist-SupFanMtr-cDXOH-2SpClgHtg-VFDPMMtr,None,,,Each
NE-HVAC-Unitary-addVFDStdMtr,MLI,Ex,CZ02,cDXOH,0,NE-HV_AirDist-SupFanMtr-cDXOH-2SpClgHtg-Cnst,None,,None,NE-HV_AirDist-SupFanMtr-cDXOH-2SpClgHtg-VFDStdMtr,None,,,Each
NE-HVAC-Unitary-addVFDExMtr,MLI,Ex,CZ01,cDXOH,0,NE-HV_AirDist-SupFanMtr-cDXOH-2SpClgHtg-Cnst,None,,None,NE-HV_AirDist-SupFanMtr-cDXOH-2SpClgHtg-VFDExMtr,None,,,Each
NE-HVAC-Unitary-addVFDPMMtr,MLI,Ex,CZ01,cDXOH,0,NE-HV_AirDist-SupFanMtr-cDXOH-2SpClgHtg-Cnst,None,,None,NE-HV_AirDist-SupFanMtr-cDXOH-2SpClgHtg-VFDPMMtr,None,,,Each
NE-HVAC-Unitary-addVFDStdMtr,MLI,Ex,CZ01,cDXOH,0,NE-HV_AirDist-SupFanMtr-cDXOH-2SpClgHtg-Cnst,None,,None,NE-HV_AirDist-SupFanMtr-cDXOH-2SpClgHtg-VFDStdMtr,None,,,Each
NE-HVAC-Unitary-addVFDExMtr,MLI,Ex,CZ16,cDXHP,0,NE-HV_AirDist-SupFanMtr-cDXHP-2SpClgHtg-Cnst,None,,None,NE-HV_AirDist-SupFanMtr-cDXHP-2SpClgHtg-VFDExMtr,None,,,Each
NE-HVAC-Unitary-addVFDPMMtr,MLI,Ex,CZ16,cDXHP,0,NE-HV_AirDist-SupFanMtr-cDXHP-2SpClgHtg-Cnst,None,,None,NE-HV_AirDist-SupFanMtr-cDXHP-2SpClgHtg-VFDPMMtr,None,,,Each
NE-HVAC-Unitary-addVFDStdMtr,MLI,Ex,CZ16,cDXHP,0,NE-HV_AirDist-SupFanMtr-cDXHP-2SpClgHtg-Cnst,None,,None,NE-HV_AirDist-SupFanMtr-cDXHP-2SpClgHtg-VFDStdMtr,None,,,Each
NE-HVAC-Unitary-addVFDExMtr,MLI,Ex,CZ15,cDXHP,0,NE-HV_AirDist-SupFanMtr-cDXHP-2SpClgHtg-Cnst,None,,None,NE-HV_AirDist-SupFanMtr-cDXHP-2SpClgHtg-VFDExMtr,None,,,Each
NE-HVAC-Unitary-addVFDPMMtr,MLI,Ex,CZ15,cDXHP,0,NE-HV_AirDist-SupFanMtr-cDXHP-2SpClgHtg-Cnst,None,,None,NE-HV_AirDist-SupFanMtr-cDXHP-2SpClgHtg-VFDPMMtr,None,,,Each
NE-HVAC-Unitary-addVFDStdMtr,MLI,Ex,CZ15,cDXHP,0,NE-HV_AirDist-SupFanMtr-cDXHP-2SpClgHtg-Cnst,None,,None,NE-HV_AirDist-SupFanMtr-cDXHP-2SpClgHtg-VFDStdMtr,None,,,Each
NE-HVAC-Unitary-addVFDExMtr,MLI,Ex,CZ14,cDXHP,0,NE-HV_AirDist-SupFanMtr-cDXHP-2SpClgHtg-Cnst,None,,None,NE-HV_AirDist-SupFanMtr-cDXHP-2SpClgHtg-VFDExMtr,None,,,Each
NE-HVAC-Unitary-addVFDPMMtr,MLI,Ex,CZ14,cDXHP,0,NE-HV_AirDist-SupFanMtr-cDXHP-2SpClgHtg-Cnst,None,,None,NE-HV_AirDist-SupFanMtr-cDXHP-2SpClgHtg-VFDPMMtr,None,,,Each
NE-HVAC-Unitary-addVFDStdMtr,MLI,Ex,CZ14,cDXHP,0,NE-HV_AirDist-SupFanMtr-cDXHP-2SpClgHtg-Cnst,None,,None,NE-HV_AirDist-SupFanMtr-cDXHP-2SpClgHtg-VFDStdMtr,None,,,Each
NE-HVAC-Unitary-addVFDExMtr,MLI,Ex,CZ13,cDXHP,0,NE-HV_AirDist-SupFanMtr-cDXHP-2SpClgHtg-Cnst,None,,None,NE-HV_AirDist-SupFanMtr-cDXHP-2SpClgHtg-VFDExMtr,None,,,Each
NE-HVAC-Unitary-addVFDPMMtr,MLI,Ex,CZ13,cDXHP,0,NE-HV_AirDist-SupFanMtr-cDXHP-2SpClgHtg-Cnst,None,,None,NE-HV_AirDist-SupFanMtr-cDXHP-2SpClgHtg-VFDPMMtr,None,,,Each
NE-HVAC-Unitary-addVFDStdMtr,MLI,Ex,CZ13,cDXHP,0,NE-HV_AirDist-SupFanMtr-cDXHP-2SpClgHtg-Cnst,None,,None,NE-HV_AirDist-SupFanMtr-cDXHP-2SpClgHtg-VFDStdMtr,None,,,Each
NE-HVAC-Unitary-addVFDExMtr,MLI,Ex,CZ12,cDXHP,0,NE-HV_AirDist-SupFanMtr-cDXHP-2SpClgHtg-Cnst,None,,None,NE-HV_AirDist-SupFanMtr-cDXHP-2SpClgHtg-VFDExMtr,None,,,Each
NE-HVAC-Unitary-addVFDPMMtr,MLI,Ex,CZ12,cDXHP,0,NE-HV_AirDist-SupFanMtr-cDXHP-2SpClgHtg-Cnst,None,,None,NE-HV_AirDist-SupFanMtr-cDXHP-2SpClgHtg-VFDPMMtr,None,,,Each
NE-HVAC-Unitary-addVFDStdMtr,MLI,Ex,CZ12,cDXHP,0,NE-HV_AirDist-SupFanMtr-cDXHP-2SpClgHtg-Cnst,None,,None,NE-HV_AirDist-SupFanMtr-cDXHP-2SpClgHtg-VFDStdMtr,None,,,Each
NE-HVAC-Unitary-addVFDExMtr,MLI,Ex,CZ11,cDXHP,0,NE-HV_AirDist-SupFanMtr-cDXHP-2SpClgHtg-Cnst,None,,None,NE-HV_AirDist-SupFanMtr-cDXHP-2SpClgHtg-VFDExMtr,None,,,Each
NE-HVAC-Unitary-addVFDPMMtr,MLI,Ex,CZ11,cDXHP,0,NE-HV_AirDist-SupFanMtr-cDXHP-2SpClgHtg-Cnst,None,,None,NE-HV_AirDist-SupFanMtr-cDXHP-2SpClgHtg-VFDPMMtr,None,,,Each
NE-HVAC-Unitary-addVFDStdMtr,MLI,Ex,CZ11,cDXHP,0,NE-HV_AirDist-SupFanMtr-cDXHP-2SpClgHtg-Cnst,None,,None,NE-HV_AirDist-SupFanMtr-cDXHP-2SpClgHtg-VFDStdMtr,None,,,Each
NE-HVAC-Unitary-addVFDExMtr,MLI,Ex,CZ10,cDXHP,0,NE-HV_AirDist-SupFanMtr-cDXHP-2SpClgHtg-Cnst,None,,None,NE-HV_AirDist-SupFanMtr-cDXHP-2SpClgHtg-VFDExMtr,None,,,Each
NE-HVAC-Unitary-addVFDPMMtr,MLI,Ex,CZ10,cDXHP,0,NE-HV_AirDist-SupFanMtr-cDXHP-2SpClgHtg-Cnst,None,,None,NE-HV_AirDist-SupFanMtr-cDXHP-2SpClgHtg-VFDPMMtr,None,,,Each
NE-HVAC-Unitary-addVFDStdMtr,MLI,Ex,CZ10,cDXHP,0,NE-HV_AirDist-SupFanMtr-cDXHP-2SpClgHtg-Cnst,None,,None,NE-HV_AirDist-SupFanMtr-cDXHP-2SpClgHtg-VFDStdMtr,None,,,Each
NE-HVAC-Unitary-addVFDExMtr,MLI,Ex,CZ09,cDXHP,0,NE-HV_AirDist-SupFanMtr-cDXHP-2SpClgHtg-Cnst,None,,None,NE-HV_AirDist-SupFanMtr-cDXHP-2SpClgHtg-VFDExMtr,None,,,Each
NE-HVAC-Unitary-addVFDPMMtr,MLI,Ex,CZ09,cDXHP,0,NE-HV_AirDist-SupFanMtr-cDXHP-2SpClgHtg-Cnst,None,,None,NE-HV_AirDist-SupFanMtr-cDXHP-2SpClgHtg-VFDPMMtr,None,,,Each
NE-HVAC-Unitary-addVFDStdMtr,MLI,Ex,CZ09,cDXHP,0,NE-HV_AirDist-SupFanMtr-cDXHP-2SpClgHtg-Cnst,None,,None,NE-HV_AirDist-SupFanMtr-cDXHP-2SpClgHtg-VFDStdMtr,None,,,Each
NE-HVAC-Unitary-addVFDExMtr,MLI,Ex,CZ08,cDXHP,0,NE-HV_AirDist-SupFanMtr-cDXHP-2SpClgHtg-Cnst,None,,None,NE-HV_AirDist-SupFanMtr-cDXHP-2SpClgHtg-VFDExMtr,None,,,Each
NE-HVAC-Unitary-addVFDPMMtr,MLI,Ex,CZ08,cDXHP,0,NE-HV_AirDist-SupFanMtr-cDXHP-2SpClgHtg-Cnst,None,,None,NE-HV_AirDist-SupFanMtr-cDXHP-2SpClgHtg-VFDPMMtr,None,,,Each
NE-HVAC-Unitary-addVFDStdMtr,MLI,Ex,CZ08,cDXHP,0,NE-HV_AirDist-SupFanMtr-cDXHP-2SpClgHtg-Cnst,None,,None,NE-HV_AirDist-SupFanMtr-cDXHP-2SpClgHtg-VFDStdMtr,None,,,Each
NE-HVAC-Unitary-addVFDExMtr,MLI,Ex,CZ07,cDXHP,0,NE-HV_AirDist-SupFanMtr-cDXHP-2SpClgHtg-Cnst,None,,None,NE-HV_AirDist-SupFanMtr-cDXHP-2SpClgHtg-VFDExMtr,None,,,Each
NE-HVAC-Unitary-addVFDPMMtr,MLI,Ex,CZ07,cDXHP,0,NE-HV_AirDist-SupFanMtr-cDXHP-2SpClgHtg-Cnst,None,,None,NE-HV_AirDist-SupFanMtr-cDXHP-2SpClgHtg-VFDPMMtr,None,,,Each
NE-HVAC-Unitary-addVFDStdMtr,MLI,Ex,CZ07,cDXHP,0,NE-HV_AirDist-SupFanMtr-cDXHP-2SpClgHtg-Cnst,None,,None,NE-HV_AirDist-SupFanMtr-cDXHP-2SpClgHtg-VFDStdMtr,None,,,Each
NE-HVAC-Unitary-addVFDExMtr,MLI,Ex,CZ06,cDXHP,0,NE-HV_AirDist-SupFanMtr-cDXHP-2SpClgHtg-Cnst,None,,None,NE-HV_AirDist-SupFanMtr-cDXHP-2SpClgHtg-VFDExMtr,None,,,Each
NE-HVAC-Unitary-addVFDPMMtr,MLI,Ex,CZ06,cDXHP,0,NE-HV_AirDist-SupFanMtr-cDXHP-2SpClgHtg-Cnst,None,,None,NE-HV_AirDist-SupFanMtr-cDXHP-2SpClgHtg-VFDPMMtr,None,,,Each
NE-HVAC-Unitary-addVFDStdMtr,MLI,Ex,CZ06,cDXHP,0,NE-HV_AirDist-SupFanMtr-cDXHP-2SpClgHtg-Cnst,None,,None,NE-HV_AirDist-SupFanMtr-cDXHP-2SpClgHtg-VFDStdMtr,None,,,Each
NE-HVAC-Unitary-addVFDExMtr,MLI,Ex,CZ05,cDXHP,0,NE-HV_AirDist-SupFanMtr-cDXHP-2SpClgHtg-Cnst,None,,None,NE-HV_AirDist-SupFanMtr-cDXHP-2SpClgHtg-VFDExMtr,None,,,Each
NE-HVAC-Unitary-addVFDPMMtr,MLI,Ex,CZ05,cDXHP,0,NE-HV_AirDist-SupFanMtr-cDXHP-2SpClgHtg-Cnst,None,,None,NE-HV_AirDist-SupFanMtr-cDXHP-2SpClgHtg-VFDPMMtr,None,,,Each
NE-HVAC-Unitary-addVFDStdMtr,MLI,Ex,CZ05,cDXHP,0,NE-HV_AirDist-SupFanMtr-cDXHP-2SpClgHtg-Cnst,None,,None,NE-HV_AirDist-SupFanMtr-cDXHP-2SpClgHtg-VFDStdMtr,None,,,Each
NE-HVAC-Unitary-addVFDExMtr,MLI,Ex,CZ04,cDXHP,0,NE-HV_AirDist-SupFanMtr-cDXHP-2SpClgHtg-Cnst,None,,None,NE-HV_AirDist-SupFanMtr-cDXHP-2SpClgHtg-VFDExMtr,None,,,Each
NE-HVAC-Unitary-addVFDPMMtr,MLI,Ex,CZ04,cDXHP,0,NE-HV_AirDist-SupFanMtr-cDXHP-2SpClgHtg-Cnst,None,,None,NE-HV_AirDist-SupFanMtr-cDXHP-2SpClgHtg-VFDPMMtr,None,,,Each
NE-HVAC-Unitary-addVFDStdMtr,MLI,Ex,CZ04,cDXHP,0,NE-HV_AirDist-SupFanMtr-cDXHP-2SpClgHtg-Cnst,None,,None,NE-HV_AirDist-SupFanMtr-cDXHP-2SpClgHtg-VFDStdMtr,None,,,Each
NE-HVAC-Unitary-addVFDExMtr,MLI,Ex,CZ03,cDXHP,0,NE-HV_AirDist-SupFanMtr-cDXHP-2SpClgHtg-Cnst,None,,None,NE-HV_AirDist-SupFanMtr-cDXHP-2SpClgHtg-VFDExMtr,None,,,Each
NE-HVAC-Unitary-addVFDPMMtr,MLI,Ex,CZ03,cDXHP,0,NE-HV_AirDist-SupFanMtr-cDXHP-2SpClgHtg-Cnst,None,,None,NE-HV_AirDist-SupFanMtr-cDXHP-2SpClgHtg-VFDPMMtr,None,,,Each
NE-HVAC-Unitary-addVFDStdMtr,MLI,Ex,CZ03,cDXHP,0,NE-HV_AirDist-SupFanMtr-cDXHP-2SpClgHtg-Cnst,None,,None,NE-HV_AirDist-SupFanMtr-cDXHP-2SpClgHtg-VFDStdMtr,None,,,Each
NE-HVAC-Unitary-addVFDExMtr,MLI,Ex,CZ02,cDXHP,0,NE-HV_AirDist-SupFanMtr-cDXHP-2SpClgHtg-Cnst,None,,None,NE-HV_AirDist-SupFanMtr-cDXHP-2SpClgHtg-VFDExMtr,None,,,Each
NE-HVAC-Unitary-addVFDPMMtr,MLI,Ex,CZ02,cDXHP,0,NE-HV_AirDist-SupFanMtr-cDXHP-2SpClgHtg-Cnst,None,,None,NE-HV_AirDist-SupFanMtr-cDXHP-2SpClgHtg-VFDPMMtr,None,,,Each
NE-HVAC-Unitary-addVFDStdMtr,MLI,Ex,CZ02,cDXHP,0,NE-HV_AirDist-SupFanMtr-cDXHP-2SpClgHtg-Cnst,None,,None,NE-HV_AirDist-SupFanMtr-cDXHP-2SpClgHtg-VFDStdMtr,None,,,Each
NE-HVAC-Unitary-addVFDExMtr,MLI,Ex,CZ01,cDXHP,0,NE-HV_AirDist-SupFanMtr-cDXHP-2SpClgHtg-Cnst,None,,None,NE-HV_AirDist-SupFanMtr-cDXHP-2SpClgHtg-VFDExMtr,None,,,Each
NE-HVAC-Unitary-addVFDPMMtr,MLI,Ex,CZ01,cDXHP,0,NE-HV_AirDist-SupFanMtr-cDXHP-2SpClgHtg-Cnst,None,,None,NE-HV_AirDist-SupFanMtr-cDXHP-2SpClgHtg-VFDPMMtr,None,,,Each
NE-HVAC-Unitary-addVFDStdMtr,MLI,Ex,CZ01,cDXHP,0,NE-HV_AirDist-SupFanMtr-cDXHP-2SpClgHtg-Cnst,None,,None,NE-HV_AirDist-SupFanMtr-cDXHP-2SpClgHtg-VFDStdMtr,None,,,Each
NE-HVAC-Unitary-addVFDExMtr,MLI,Ex,CZ16,cDXGF,0,NE-HV_AirDist-SupFanMtr-cDXGF-2SpClgHtg-Cnst,None,,None,NE-HV_AirDist-SupFanMtr-cDXGF-2SpClgHtg-VFDExMtr,None,,,Each
NE-HVAC-Unitary-addVFDPMMtr,MLI,Ex,CZ16,cDXGF,0,NE-HV_AirDist-SupFanMtr-cDXGF-2SpClgHtg-Cnst,None,,None,NE-HV_AirDist-SupFanMtr-cDXGF-2SpClgHtg-VFDPMMtr,None,,,Each
NE-HVAC-Unitary-addVFDStdMtr,MLI,Ex,CZ16,cDXGF,0,NE-HV_AirDist-SupFanMtr-cDXGF-2SpClgHtg-Cnst,None,,None,NE-HV_AirDist-SupFanMtr-cDXGF-2SpClgHtg-VFDStdMtr,None,,,Each
NE-HVAC-Unitary-addVFDExMtr,MLI,Ex,CZ15,cDXGF,0,NE-HV_AirDist-SupFanMtr-cDXGF-2SpClgHtg-Cnst,None,,None,NE-HV_AirDist-SupFanMtr-cDXGF-2SpClgHtg-VFDExMtr,None,,,Each
NE-HVAC-Unitary-addVFDPMMtr,MLI,Ex,CZ15,cDXGF,0,NE-HV_AirDist-SupFanMtr-cDXGF-2SpClgHtg-Cnst,None,,None,NE-HV_AirDist-SupFanMtr-cDXGF-2SpClgHtg-VFDPMMtr,None,,,Each
NE-HVAC-Unitary-addVFDStdMtr,MLI,Ex,CZ15,cDXGF,0,NE-HV_AirDist-SupFanMtr-cDXGF-2SpClgHtg-Cnst,None,,None,NE-HV_AirDist-SupFanMtr-cDXGF-2SpClgHtg-VFDStdMtr,None,,,Each
NE-HVAC-Unitary-addVFDExMtr,MLI,Ex,CZ14,cDXGF,0,NE-HV_AirDist-SupFanMtr-cDXGF-2SpClgHtg-Cnst,None,,None,NE-HV_AirDist-SupFanMtr-cDXGF-2SpClgHtg-VFDExMtr,None,,,Each
NE-HVAC-Unitary-addVFDPMMtr,MLI,Ex,CZ14,cDXGF,0,NE-HV_AirDist-SupFanMtr-cDXGF-2SpClgHtg-Cnst,None,,None,NE-HV_AirDist-SupFanMtr-cDXGF-2SpClgHtg-VFDPMMtr,None,,,Each
NE-HVAC-Unitary-addVFDStdMtr,MLI,Ex,CZ14,cDXGF,0,NE-HV_AirDist-SupFanMtr-cDXGF-2SpClgHtg-Cnst,None,,None,NE-HV_AirDist-SupFanMtr-cDXGF-2SpClgHtg-VFDStdMtr,None,,,Each
NE-HVAC-Unitary-addVFDExMtr,MLI,Ex,CZ13,cDXGF,0,NE-HV_AirDist-SupFanMtr-cDXGF-2SpClgHtg-Cnst,None,,None,NE-HV_AirDist-SupFanMtr-cDXGF-2SpClgHtg-VFDExMtr,None,,,Each
NE-HVAC-Unitary-addVFDPMMtr,MLI,Ex,CZ13,cDXGF,0,NE-HV_AirDist-SupFanMtr-cDXGF-2SpClgHtg-Cnst,None,,None,NE-HV_AirDist-SupFanMtr-cDXGF-2SpClgHtg-VFDPMMtr,None,,,Each
NE-HVAC-Unitary-addVFDStdMtr,MLI,Ex,CZ13,cDXGF,0,NE-HV_AirDist-SupFanMtr-cDXGF-2SpClgHtg-Cnst,None,,None,NE-HV_AirDist-SupFanMtr-cDXGF-2SpClgHtg-VFDStdMtr,None,,,Each
NE-HVAC-Unitary-addVFDExMtr,MLI,Ex,CZ12,cDXGF,0,NE-HV_AirDist-SupFanMtr-cDXGF-2SpClgHtg-Cnst,None,,None,NE-HV_AirDist-SupFanMtr-cDXGF-2SpClgHtg-VFDExMtr,None,,,Each
NE-HVAC-Unitary-addVFDPMMtr,MLI,Ex,CZ12,cDXGF,0,NE-HV_AirDist-SupFanMtr-cDXGF-2SpClgHtg-Cnst,None,,None,NE-HV_AirDist-SupFanMtr-cDXGF-2SpClgHtg-VFDPMMtr,None,,,Each
NE-HVAC-Unitary-addVFDStdMtr,MLI,Ex,CZ12,cDXGF,0,NE-HV_AirDist-SupFanMtr-cDXGF-2SpClgHtg-Cnst,None,,None,NE-HV_AirDist-SupFanMtr-cDXGF-2SpClgHtg-VFDStdMtr,None,,,Each
NE-HVAC-Unitary-addVFDExMtr,MLI,Ex,CZ11,cDXGF,0,NE-HV_AirDist-SupFanMtr-cDXGF-2SpClgHtg-Cnst,None,,None,NE-HV_AirDist-SupFanMtr-cDXGF-2SpClgHtg-VFDExMtr,None,,,Each
NE-HVAC-Unitary-addVFDPMMtr,MLI,Ex,CZ11,cDXGF,0,NE-HV_AirDist-SupFanMtr-cDXGF-2SpClgHtg-Cnst,None,,None,NE-HV_AirDist-SupFanMtr-cDXGF-2SpClgHtg-VFDPMMtr,None,,,Each
NE-HVAC-Unitary-addVFDStdMtr,MLI,Ex,CZ11,cDXGF,0,NE-HV_AirDist-SupFanMtr-cDXGF-2SpClgHtg-Cnst,None,,None,NE-HV_AirDist-SupFanMtr-cDXGF-2SpClgHtg-VFDStdMtr,None,,,Each
NE-HVAC-Unitary-addVFDExMtr,MLI,Ex,CZ10,cDXGF,0,NE-HV_AirDist-SupFanMtr-cDXGF-2SpClgHtg-Cnst,None,,None,NE-HV_AirDist-SupFanMtr-cDXGF-2SpClgHtg-VFDExMtr,None,,,Each
NE-HVAC-Unitary-addVFDPMMtr,MLI,Ex,CZ10,cDXGF,0,NE-HV_AirDist-SupFanMtr-cDXGF-2SpClgHtg-Cnst,None,,None,NE-HV_AirDist-SupFanMtr-cDXGF-2SpClgHtg-VFDPMMtr,None,,,Each
NE-HVAC-Unitary-addVFDStdMtr,MLI,Ex,CZ10,cDXGF,0,NE-HV_AirDist-SupFanMtr-cDXGF-2SpClgHtg-Cnst,None,,None,NE-HV_AirDist-SupFanMtr-cDXGF-2SpClgHtg-VFDStdMtr,None,,,Each
NE-HVAC-Unitary-addVFDExMtr,MLI,Ex,CZ09,cDXGF,0,NE-HV_AirDist-SupFanMtr-cDXGF-2SpClgHtg-Cnst,None,,None,NE-HV_AirDist-SupFanMtr-cDXGF-2SpClgHtg-VFDExMtr,None,,,Each
NE-HVAC-Unitary-addVFDPMMtr,MLI,Ex,CZ09,cDXGF,0,NE-HV_AirDist-SupFanMtr-cDXGF-2SpClgHtg-Cnst,None,,None,NE-HV_AirDist-SupFanMtr-cDXGF-2SpClgHtg-VFDPMMtr,None,,,Each
NE-HVAC-Unitary-addVFDStdMtr,MLI,Ex,CZ09,cDXGF,0,NE-HV_AirDist-SupFanMtr-cDXGF-2SpClgHtg-Cnst,None,,None,NE-HV_AirDist-SupFanMtr-cDXGF-2SpClgHtg-VFDStdMtr,None,,,Each
NE-HVAC-Unitary-addVFDExMtr,MLI,Ex,CZ08,cDXGF,0,NE-HV_AirDist-SupFanMtr-cDXGF-2SpClgHtg-Cnst,None,,None,NE-HV_AirDist-SupFanMtr-cDXGF-2SpClgHtg-VFDExMtr,None,,,Each
NE-HVAC-Unitary-addVFDPMMtr,MLI,Ex,CZ08,cDXGF,0,NE-HV_AirDist-SupFanMtr-cDXGF-2SpClgHtg-Cnst,None,,None,NE-HV_AirDist-SupFanMtr-cDXGF-2SpClgHtg-VFDPMMtr,None,,,Each
NE-HVAC-Unitary-addVFDStdMtr,MLI,Ex,CZ08,cDXGF,0,NE-HV_AirDist-SupFanMtr-cDXGF-2SpClgHtg-Cnst,None,,None,NE-HV_AirDist-SupFanMtr-cDXGF-2SpClgHtg-VFDStdMtr,None,,,Each
NE-HVAC-Unitary-addVFDExMtr,MLI,Ex,CZ07,cDXGF,0,NE-HV_AirDist-SupFanMtr-cDXGF-2SpClgHtg-Cnst,None,,None,NE-HV_AirDist-SupFanMtr-cDXGF-2SpClgHtg-VFDExMtr,None,,,Each
NE-HVAC-Unitary-addVFDPMMtr,MLI,Ex,CZ07,cDXGF,0,NE-HV_AirDist-SupFanMtr-cDXGF-2SpClgHtg-Cnst,None,,None,NE-HV_AirDist-SupFanMtr-cDXGF-2SpClgHtg-VFDPMMtr,None,,,Each
NE-HVAC-Unitary-addVFDStdMtr,MLI,Ex,CZ07,cDXGF,0,NE-HV_AirDist-SupFanMtr-cDXGF-2SpClgHtg-Cnst,None,,None,NE-HV_AirDist-SupFanMtr-cDXGF-2SpClgHtg-VFDStdMtr,None,,,Each
NE-HVAC-Unitary-addVFDExMtr,MLI,Ex,CZ06,cDXGF,0,NE-HV_AirDist-SupFanMtr-cDXGF-2SpClgHtg-Cnst,None,,None,NE-HV_AirDist-SupFanMtr-cDXGF-2SpClgHtg-VFDExMtr,None,,,Each
NE-HVAC-Unitary-addVFDPMMtr,MLI,Ex,CZ06,cDXGF,0,NE-HV_AirDist-SupFanMtr-cDXGF-2SpClgHtg-Cnst,None,,None,NE-HV_AirDist-SupFanMtr-cDXGF-2SpClgHtg-VFDPMMtr,None,,,Each
NE-HVAC-Unitary-addVFDStdMtr,MLI,Ex,CZ06,cDXGF,0,NE-HV_AirDist-SupFanMtr-cDXGF-2SpClgHtg-Cnst,None,,None,NE-HV_AirDist-SupFanMtr-cDXGF-2SpClgHtg-VFDStdMtr,None,,,Each
NE-HVAC-Unitary-addVFDExMtr,MLI,Ex,CZ05,cDXGF,0,NE-HV_AirDist-SupFanMtr-cDXGF-2SpClgHtg-Cnst,None,,None,NE-HV_AirDist-SupFanMtr-cDXGF-2SpClgHtg-VFDExMtr,None,,,Each
NE-HVAC-Unitary-addVFDPMMtr,MLI,Ex,CZ05,cDXGF,0,NE-HV_AirDist-SupFanMtr-cDXGF-2SpClgHtg-Cnst,None,,None,NE-HV_AirDist-SupFanMtr-cDXGF-2SpClgHtg-VFDPMMtr,None,,,Each
NE-HVAC-Unitary-addVFDStdMtr,MLI,Ex,CZ05,cDXGF,0,NE-HV_AirDist-SupFanMtr-cDXGF-2SpClgHtg-Cnst,None,,None,NE-HV_AirDist-SupFanMtr-cDXGF-2SpClgHtg-VFDStdMtr,None,,,Each
NE-HVAC-Unitary-addVFDExMtr,MLI,Ex,CZ04,cDXGF,0,NE-HV_AirDist-SupFanMtr-cDXGF-2SpClgHtg-Cnst,None,,None,NE-HV_AirDist-SupFanMtr-cDXGF-2SpClgHtg-VFDExMtr,None,,,Each
NE-HVAC-Unitary-addVFDPMMtr,MLI,Ex,CZ04,cDXGF,0,NE-HV_AirDist-SupFanMtr-cDXGF-2SpClgHtg-Cnst,None,,None,NE-HV_AirDist-SupFanMtr-cDXGF-2SpClgHtg-VFDPMMtr,None,,,Each
NE-HVAC-Unitary-addVFDStdMtr,MLI,Ex,CZ04,cDXGF,0,NE-HV_AirDist-SupFanMtr-cDXGF-2SpClgHtg-Cnst,None,,None,NE-HV_AirDist-SupFanMtr-cDXGF-2SpClgHtg-VFDStdMtr,None,,,Each
NE-HVAC-Unitary-addVFDExMtr,MLI,Ex,CZ03,cDXGF,0,NE-HV_AirDist-SupFanMtr-cDXGF-2SpClgHtg-Cnst,None,,None,NE-HV_AirDist-SupFanMtr-cDXGF-2SpClgHtg-VFDExMtr,None,,,Each
NE-HVAC-Unitary-addVFDPMMtr,MLI,Ex,CZ03,cDXGF,0,NE-HV_AirDist-SupFanMtr-cDXGF-2SpClgHtg-Cnst,None,,None,NE-HV_AirDist-SupFanMtr-cDXGF-2SpClgHtg-VFDPMMtr,None,,,Each
NE-HVAC-Unitary-addVFDStdMtr,MLI,Ex,CZ03,cDXGF,0,NE-HV_AirDist-SupFanMtr-cDXGF-2SpClgHtg-Cnst,None,,None,NE-HV_AirDist-SupFanMtr-cDXGF-2SpClgHtg-VFDStdMtr,None,,,Each
NE-HVAC-Unitary-addVFDExMtr,MLI,Ex,CZ02,cDXGF,0,NE-HV_AirDist-SupFanMtr-cDXGF-2SpClgHtg-Cnst,None,,None,NE-HV_AirDist-SupFanMtr-cDXGF-2SpClgHtg-VFDExMtr,None,,,Each
NE-HVAC-Unitary-addVFDPMMtr,MLI,Ex,CZ02,cDXGF,0,NE-HV_AirDist-SupFanMtr-cDXGF-2SpClgHtg-Cnst,None,,None,NE-HV_AirDist-SupFanMtr-cDXGF-2SpClgHtg-VFDPMMtr,None,,,Each
NE-HVAC-Unitary-addVFDStdMtr,MLI,Ex,CZ02,cDXGF,0,NE-HV_AirDist-SupFanMtr-cDXGF-2SpClgHtg-Cnst,None,,None,NE-HV_AirDist-SupFanMtr-cDXGF-2SpClgHtg-VFDStdMtr,None,,,Each
NE-HVAC-Unitary-addVFDExMtr,MLI,Ex,CZ01,cDXGF,0,NE-HV_AirDist-SupFanMtr-cDXGF-2SpClgHtg-Cnst,None,,None,NE-HV_AirDist-SupFanMtr-cDXGF-2SpClgHtg-VFDExMtr,None,,,Each
NE-HVAC-Unitary-addVFDPMMtr,MLI,Ex,CZ01,cDXGF,0,NE-HV_AirDist-SupFanMtr-cDXGF-2SpClgHtg-Cnst,None,,None,NE-HV_AirDist-SupFanMtr-cDXGF-2SpClgHtg-VFDPMMtr,None,,,Each
NE-HVAC-Unitary-addVFDStdMtr,MLI,Ex,CZ01,cDXGF,0,NE-HV_AirDist-SupFanMtr-cDXGF-2SpClgHtg-Cnst,None,,None,NE-HV_AirDist-SupFanMtr-cDXGF-2SpClgHtg-VFDStdMtr,None,,,Each
NE-HVAC-Unitary-addVFDExMtr,MBT,Ex,CZ16,cDXOH,0,NE-HV_AirDist-SupFanMtr-cDXOH-2SpClgHtg-Cnst,None,,None,NE-HV_AirDist-SupFanMtr-cDXOH-2SpClgHtg-VFDExMtr,None,,,Each
NE-HVAC-Unitary-addVFDPMMtr,MBT,Ex,CZ16,cDXOH,0,NE-HV_AirDist-SupFanMtr-cDXOH-2SpClgHtg-Cnst,None,,None,NE-HV_AirDist-SupFanMtr-cDXOH-2SpClgHtg-VFDPMMtr,None,,,Each
NE-HVAC-Unitary-addVFDStdMtr,MBT,Ex,CZ16,cDXOH,0,NE-HV_AirDist-SupFanMtr-cDXOH-2SpClgHtg-Cnst,None,,None,NE-HV_AirDist-SupFanMtr-cDXOH-2SpClgHtg-VFDStdMtr,None,,,Each
NE-HVAC-Unitary-addVFDExMtr,MBT,Ex,CZ15,cDXOH,0,NE-HV_AirDist-SupFanMtr-cDXOH-2SpClgHtg-Cnst,None,,None,NE-HV_AirDist-SupFanMtr-cDXOH-2SpClgHtg-VFDExMtr,None,,,Each
NE-HVAC-Unitary-addVFDPMMtr,MBT,Ex,CZ15,cDXOH,0,NE-HV_AirDist-SupFanMtr-cDXOH-2SpClgHtg-Cnst,None,,None,NE-HV_AirDist-SupFanMtr-cDXOH-2SpClgHtg-VFDPMMtr,None,,,Each
NE-HVAC-Unitary-addVFDStdMtr,MBT,Ex,CZ15,cDXOH,0,NE-HV_AirDist-SupFanMtr-cDXOH-2SpClgHtg-Cnst,None,,None,NE-HV_AirDist-SupFanMtr-cDXOH-2SpClgHtg-VFDStdMtr,None,,,Each
NE-HVAC-Unitary-addVFDExMtr,MBT,Ex,CZ14,cDXOH,0,NE-HV_AirDist-SupFanMtr-cDXOH-2SpClgHtg-Cnst,None,,None,NE-HV_AirDist-SupFanMtr-cDXOH-2SpClgHtg-VFDExMtr,None,,,Each
NE-HVAC-Unitary-addVFDPMMtr,MBT,Ex,CZ14,cDXOH,0,NE-HV_AirDist-SupFanMtr-cDXOH-2SpClgHtg-Cnst,None,,None,NE-HV_AirDist-SupFanMtr-cDXOH-2SpClgHtg-VFDPMMtr,None,,,Each
NE-HVAC-Unitary-addVFDStdMtr,MBT,Ex,CZ14,cDXOH,0,NE-HV_AirDist-SupFanMtr-cDXOH-2SpClgHtg-Cnst,None,,None,NE-HV_AirDist-SupFanMtr-cDXOH-2SpClgHtg-VFDStdMtr,None,,,Each
NE-HVAC-Unitary-addVFDExMtr,MBT,Ex,CZ13,cDXOH,0,NE-HV_AirDist-SupFanMtr-cDXOH-2SpClgHtg-Cnst,None,,None,NE-HV_AirDist-SupFanMtr-cDXOH-2SpClgHtg-VFDExMtr,None,,,Each
NE-HVAC-Unitary-addVFDPMMtr,MBT,Ex,CZ13,cDXOH,0,NE-HV_AirDist-SupFanMtr-cDXOH-2SpClgHtg-Cnst,None,,None,NE-HV_AirDist-SupFanMtr-cDXOH-2SpClgHtg-VFDPMMtr,None,,,Each
NE-HVAC-Unitary-addVFDStdMtr,MBT,Ex,CZ13,cDXOH,0,NE-HV_AirDist-SupFanMtr-cDXOH-2SpClgHtg-Cnst,None,,None,NE-HV_AirDist-SupFanMtr-cDXOH-2SpClgHtg-VFDStdMtr,None,,,Each
NE-HVAC-Unitary-addVFDExMtr,MBT,Ex,CZ12,cDXOH,0,NE-HV_AirDist-SupFanMtr-cDXOH-2SpClgHtg-Cnst,None,,None,NE-HV_AirDist-SupFanMtr-cDXOH-2SpClgHtg-VFDExMtr,None,,,Each
NE-HVAC-Unitary-addVFDPMMtr,MBT,Ex,CZ12,cDXOH,0,NE-HV_AirDist-SupFanMtr-cDXOH-2SpClgHtg-Cnst,None,,None,NE-HV_AirDist-SupFanMtr-cDXOH-2SpClgHtg-VFDPMMtr,None,,,Each
NE-HVAC-Unitary-addVFDStdMtr,MBT,Ex,CZ12,cDXOH,0,NE-HV_AirDist-SupFanMtr-cDXOH-2SpClgHtg-Cnst,None,,None,NE-HV_AirDist-SupFanMtr-cDXOH-2SpClgHtg-VFDStdMtr,None,,,Each
NE-HVAC-Unitary-addVFDExMtr,MBT,Ex,CZ11,cDXOH,0,NE-HV_AirDist-SupFanMtr-cDXOH-2SpClgHtg-Cnst,None,,None,NE-HV_AirDist-SupFanMtr-cDXOH-2SpClgHtg-VFDExMtr,None,,,Each
NE-HVAC-Unitary-addVFDPMMtr,MBT,Ex,CZ11,cDXOH,0,NE-HV_AirDist-SupFanMtr-cDXOH-2SpClgHtg-Cnst,None,,None,NE-HV_AirDist-SupFanMtr-cDXOH-2SpClgHtg-VFDPMMtr,None,,,Each
NE-HVAC-Unitary-addVFDStdMtr,MBT,Ex,CZ11,cDXOH,0,NE-HV_AirDist-SupFanMtr-cDXOH-2SpClgHtg-Cnst,None,,None,NE-HV_AirDist-SupFanMtr-cDXOH-2SpClgHtg-VFDStdMtr,None,,,Each
NE-HVAC-Unitary-addVFDExMtr,MBT,Ex,CZ10,cDXOH,0,NE-HV_AirDist-SupFanMtr-cDXOH-2SpClgHtg-Cnst,None,,None,NE-HV_AirDist-SupFanMtr-cDXOH-2SpClgHtg-VFDExMtr,None,,,Each
NE-HVAC-Unitary-addVFDPMMtr,MBT,Ex,CZ10,cDXOH,0,NE-HV_AirDist-SupFanMtr-cDXOH-2SpClgHtg-Cnst,None,,None,NE-HV_AirDist-SupFanMtr-cDXOH-2SpClgHtg-VFDPMMtr,None,,,Each
NE-HVAC-Unitary-addVFDStdMtr,MBT,Ex,CZ10,cDXOH,0,NE-HV_AirDist-SupFanMtr-cDXOH-2SpClgHtg-Cnst,None,,None,NE-HV_AirDist-SupFanMtr-cDXOH-2SpClgHtg-VFDStdMtr,None,,,Each
NE-HVAC-Unitary-addVFDExMtr,MBT,Ex,CZ09,cDXOH,0,NE-HV_AirDist-SupFanMtr-cDXOH-2SpClgHtg-Cnst,None,,None,NE-HV_AirDist-SupFanMtr-cDXOH-2SpClgHtg-VFDExMtr,None,,,Each
NE-HVAC-Unitary-addVFDPMMtr,MBT,Ex,CZ09,cDXOH,0,NE-HV_AirDist-SupFanMtr-cDXOH-2SpClgHtg-Cnst,None,,None,NE-HV_AirDist-SupFanMtr-cDXOH-2SpClgHtg-VFDPMMtr,None,,,Each
NE-HVAC-Unitary-addVFDStdMtr,MBT,Ex,CZ09,cDXOH,0,NE-HV_AirDist-SupFanMtr-cDXOH-2SpClgHtg-Cnst,None,,None,NE-HV_AirDist-SupFanMtr-cDXOH-2SpClgHtg-VFDStdMtr,None,,,Each
NE-HVAC-Unitary-addVFDExMtr,MBT,Ex,CZ08,cDXOH,0,NE-HV_AirDist-SupFanMtr-cDXOH-2SpClgHtg-Cnst,None,,None,NE-HV_AirDist-SupFanMtr-cDXOH-2SpClgHtg-VFDExMtr,None,,,Each
NE-HVAC-Unitary-addVFDPMMtr,MBT,Ex,CZ08,cDXOH,0,NE-HV_AirDist-SupFanMtr-cDXOH-2SpClgHtg-Cnst,None,,None,NE-HV_AirDist-SupFanMtr-cDXOH-2SpClgHtg-VFDPMMtr,None,,,Each
NE-HVAC-Unitary-addVFDStdMtr,MBT,Ex,CZ08,cDXOH,0,NE-HV_AirDist-SupFanMtr-cDXOH-2SpClgHtg-Cnst,None,,None,NE-HV_AirDist-SupFanMtr-cDXOH-2SpClgHtg-VFDStdMtr,None,,,Each
NE-HVAC-Unitary-addVFDExMtr,MBT,Ex,CZ07,cDXOH,0,NE-HV_AirDist-SupFanMtr-cDXOH-2SpClgHtg-Cnst,None,,None,NE-HV_AirDist-SupFanMtr-cDXOH-2SpClgHtg-VFDExMtr,None,,,Each
NE-HVAC-Unitary-addVFDPMMtr,MBT,Ex,CZ07,cDXOH,0,NE-HV_AirDist-SupFanMtr-cDXOH-2SpClgHtg-Cnst,None,,None,NE-HV_AirDist-SupFanMtr-cDXOH-2SpClgHtg-VFDPMMtr,None,,,Each
NE-HVAC-Unitary-addVFDStdMtr,MBT,Ex,CZ07,cDXOH,0,NE-HV_AirDist-SupFanMtr-cDXOH-2SpClgHtg-Cnst,None,,None,NE-HV_AirDist-SupFanMtr-cDXOH-2SpClgHtg-VFDStdMtr,None,,,Each
NE-HVAC-Unitary-addVFDExMtr,MBT,Ex,CZ06,cDXOH,0,NE-HV_AirDist-SupFanMtr-cDXOH-2SpClgHtg-Cnst,None,,None,NE-HV_AirDist-SupFanMtr-cDXOH-2SpClgHtg-VFDExMtr,None,,,Each
NE-HVAC-Unitary-addVFDPMMtr,MBT,Ex,CZ06,cDXOH,0,NE-HV_AirDist-SupFanMtr-cDXOH-2SpClgHtg-Cnst,None,,None,NE-HV_AirDist-SupFanMtr-cDXOH-2SpClgHtg-VFDPMMtr,None,,,Each
NE-HVAC-Unitary-addVFDStdMtr,MBT,Ex,CZ06,cDXOH,0,NE-HV_AirDist-SupFanMtr-cDXOH-2SpClgHtg-Cnst,None,,None,NE-HV_AirDist-SupFanMtr-cDXOH-2SpClgHtg-VFDStdMtr,None,,,Each
NE-HVAC-Unitary-addVFDExMtr,MBT,Ex,CZ05,cDXOH,0,NE-HV_AirDist-SupFanMtr-cDXOH-2SpClgHtg-Cnst,None,,None,NE-HV_AirDist-SupFanMtr-cDXOH-2SpClgHtg-VFDExMtr,None,,,Each
NE-HVAC-Unitary-addVFDPMMtr,MBT,Ex,CZ05,cDXOH,0,NE-HV_AirDist-SupFanMtr-cDXOH-2SpClgHtg-Cnst,None,,None,NE-HV_AirDist-SupFanMtr-cDXOH-2SpClgHtg-VFDPMMtr,None,,,Each
NE-HVAC-Unitary-addVFDStdMtr,MBT,Ex,CZ05,cDXOH,0,NE-HV_AirDist-SupFanMtr-cDXOH-2SpClgHtg-Cnst,None,,None,NE-HV_AirDist-SupFanMtr-cDXOH-2SpClgHtg-VFDStdMtr,None,,,Each
NE-HVAC-Unitary-addVFDExMtr,MBT,Ex,CZ04,cDXOH,0,NE-HV_AirDist-SupFanMtr-cDXOH-2SpClgHtg-Cnst,None,,None,NE-HV_AirDist-SupFanMtr-cDXOH-2SpClgHtg-VFDExMtr,None,,,Each
NE-HVAC-Unitary-addVFDPMMtr,MBT,Ex,CZ04,cDXOH,0,NE-HV_AirDist-SupFanMtr-cDXOH-2SpClgHtg-Cnst,None,,None,NE-HV_AirDist-SupFanMtr-cDXOH-2SpClgHtg-VFDPMMtr,None,,,Each
NE-HVAC-Unitary-addVFDStdMtr,MBT,Ex,CZ04,cDXOH,0,NE-HV_AirDist-SupFanMtr-cDXOH-2SpClgHtg-Cnst,None,,None,NE-HV_AirDist-SupFanMtr-cDXOH-2SpClgHtg-VFDStdMtr,None,,,Each
NE-HVAC-Unitary-addVFDExMtr,MBT,Ex,CZ03,cDXOH,0,NE-HV_AirDist-SupFanMtr-cDXOH-2SpClgHtg-Cnst,None,,None,NE-HV_AirDist-SupFanMtr-cDXOH-2SpClgHtg-VFDExMtr,None,,,Each
NE-HVAC-Unitary-addVFDPMMtr,MBT,Ex,CZ03,cDXOH,0,NE-HV_AirDist-SupFanMtr-cDXOH-2SpClgHtg-Cnst,None,,None,NE-HV_AirDist-SupFanMtr-cDXOH-2SpClgHtg-VFDPMMtr,None,,,Each
NE-HVAC-Unitary-addVFDStdMtr,MBT,Ex,CZ03,cDXOH,0,NE-HV_AirDist-SupFanMtr-cDXOH-2SpClgHtg-Cnst,None,,None,NE-HV_AirDist-SupFanMtr-cDXOH-2SpClgHtg-VFDStdMtr,None,,,Each
NE-HVAC-Unitary-addVFDExMtr,MBT,Ex,CZ02,cDXOH,0,NE-HV_AirDist-SupFanMtr-cDXOH-2SpClgHtg-Cnst,None,,None,NE-HV_AirDist-SupFanMtr-cDXOH-2SpClgHtg-VFDExMtr,None,,,Each
NE-HVAC-Unitary-addVFDPMMtr,MBT,Ex,CZ02,cDXOH,0,NE-HV_AirDist-SupFanMtr-cDXOH-2SpClgHtg-Cnst,None,,None,NE-HV_AirDist-SupFanMtr-cDXOH-2SpClgHtg-VFDPMMtr,None,,,Each
NE-HVAC-Unitary-addVFDStdMtr,MBT,Ex,CZ02,cDXOH,0,NE-HV_AirDist-SupFanMtr-cDXOH-2SpClgHtg-Cnst,None,,None,NE-HV_AirDist-SupFanMtr-cDXOH-2SpClgHtg-VFDStdMtr,None,,,Each
NE-HVAC-Unitary-addVFDExMtr,MBT,Ex,CZ01,cDXOH,0,NE-HV_AirDist-SupFanMtr-cDXOH-2SpClgHtg-Cnst,None,,None,NE-HV_AirDist-SupFanMtr-cDXOH-2SpClgHtg-VFDExMtr,None,,,Each
NE-HVAC-Unitary-addVFDPMMtr,MBT,Ex,CZ01,cDXOH,0,NE-HV_AirDist-SupFanMtr-cDXOH-2SpClgHtg-Cnst,None,,None,NE-HV_AirDist-SupFanMtr-cDXOH-2SpClgHtg-VFDPMMtr,None,,,Each
NE-HVAC-Unitary-addVFDStdMtr,MBT,Ex,CZ01,cDXOH,0,NE-HV_AirDist-SupFanMtr-cDXOH-2SpClgHtg-Cnst,None,,None,NE-HV_AirDist-SupFanMtr-cDXOH-2SpClgHtg-VFDStdMtr,None,,,Each
NE-HVAC-Unitary-addVFDExMtr,MBT,Ex,CZ16,cDXHP,0,NE-HV_AirDist-SupFanMtr-cDXHP-2SpClgHtg-Cnst,None,,None,NE-HV_AirDist-SupFanMtr-cDXHP-2SpClgHtg-VFDExMtr,None,,,Each
NE-HVAC-Unitary-addVFDPMMtr,MBT,Ex,CZ16,cDXHP,0,NE-HV_AirDist-SupFanMtr-cDXHP-2SpClgHtg-Cnst,None,,None,NE-HV_AirDist-SupFanMtr-cDXHP-2SpClgHtg-VFDPMMtr,None,,,Each
NE-HVAC-Unitary-addVFDStdMtr,MBT,Ex,CZ16,cDXHP,0,NE-HV_AirDist-SupFanMtr-cDXHP-2SpClgHtg-Cnst,None,,None,NE-HV_AirDist-SupFanMtr-cDXHP-2SpClgHtg-VFDStdMtr,None,,,Each
NE-HVAC-Unitary-addVFDExMtr,MBT,Ex,CZ15,cDXHP,0,NE-HV_AirDist-SupFanMtr-cDXHP-2SpClgHtg-Cnst,None,,None,NE-HV_AirDist-SupFanMtr-cDXHP-2SpClgHtg-VFDExMtr,None,,,Each
NE-HVAC-Unitary-addVFDPMMtr,MBT,Ex,CZ15,cDXHP,0,NE-HV_AirDist-SupFanMtr-cDXHP-2SpClgHtg-Cnst,None,,None,NE-HV_AirDist-SupFanMtr-cDXHP-2SpClgHtg-VFDPMMtr,None,,,Each
NE-HVAC-Unitary-addVFDStdMtr,MBT,Ex,CZ15,cDXHP,0,NE-HV_AirDist-SupFanMtr-cDXHP-2SpClgHtg-Cnst,None,,None,NE-HV_AirDist-SupFanMtr-cDXHP-2SpClgHtg-VFDStdMtr,None,,,Each
NE-HVAC-Unitary-addVFDExMtr,MBT,Ex,CZ14,cDXHP,0,NE-HV_AirDist-SupFanMtr-cDXHP-2SpClgHtg-Cnst,None,,None,NE-HV_AirDist-SupFanMtr-cDXHP-2SpClgHtg-VFDExMtr,None,,,Each
NE-HVAC-Unitary-addVFDPMMtr,MBT,Ex,CZ14,cDXHP,0,NE-HV_AirDist-SupFanMtr-cDXHP-2SpClgHtg-Cnst,None,,None,NE-HV_AirDist-SupFanMtr-cDXHP-2SpClgHtg-VFDPMMtr,None,,,Each
NE-HVAC-Unitary-addVFDStdMtr,MBT,Ex,CZ14,cDXHP,0,NE-HV_AirDist-SupFanMtr-cDXHP-2SpClgHtg-Cnst,None,,None,NE-HV_AirDist-SupFanMtr-cDXHP-2SpClgHtg-VFDStdMtr,None,,,Each
NE-HVAC-Unitary-addVFDExMtr,MBT,Ex,CZ13,cDXHP,0,NE-HV_AirDist-SupFanMtr-cDXHP-2SpClgHtg-Cnst,None,,None,NE-HV_AirDist-SupFanMtr-cDXHP-2SpClgHtg-VFDExMtr,None,,,Each
NE-HVAC-Unitary-addVFDPMMtr,MBT,Ex,CZ13,cDXHP,0,NE-HV_AirDist-SupFanMtr-cDXHP-2SpClgHtg-Cnst,None,,None,NE-HV_AirDist-SupFanMtr-cDXHP-2SpClgHtg-VFDPMMtr,None,,,Each
NE-HVAC-Unitary-addVFDStdMtr,MBT,Ex,CZ13,cDXHP,0,NE-HV_AirDist-SupFanMtr-cDXHP-2SpClgHtg-Cnst,None,,None,NE-HV_AirDist-SupFanMtr-cDXHP-2SpClgHtg-VFDStdMtr,None,,,Each
NE-HVAC-Unitary-addVFDExMtr,MBT,Ex,CZ12,cDXHP,0,NE-HV_AirDist-SupFanMtr-cDXHP-2SpClgHtg-Cnst,None,,None,NE-HV_AirDist-SupFanMtr-cDXHP-2SpClgHtg-VFDExMtr,None,,,Each
NE-HVAC-Unitary-addVFDPMMtr,MBT,Ex,CZ12,cDXHP,0,NE-HV_AirDist-SupFanMtr-cDXHP-2SpClgHtg-Cnst,None,,None,NE-HV_AirDist-SupFanMtr-cDXHP-2SpClgHtg-VFDPMMtr,None,,,Each
NE-HVAC-Unitary-addVFDStdMtr,MBT,Ex,CZ12,cDXHP,0,NE-HV_AirDist-SupFanMtr-cDXHP-2SpClgHtg-Cnst,None,,None,NE-HV_AirDist-SupFanMtr-cDXHP-2SpClgHtg-VFDStdMtr,None,,,Each
NE-HVAC-Unitary-addVFDExMtr,MBT,Ex,CZ11,cDXHP,0,NE-HV_AirDist-SupFanMtr-cDXHP-2SpClgHtg-Cnst,None,,None,NE-HV_AirDist-SupFanMtr-cDXHP-2SpClgHtg-VFDExMtr,None,,,Each
NE-HVAC-Unitary-addVFDPMMtr,MBT,Ex,CZ11,cDXHP,0,NE-HV_AirDist-SupFanMtr-cDXHP-2SpClgHtg-Cnst,None,,None,NE-HV_AirDist-SupFanMtr-cDXHP-2SpClgHtg-VFDPMMtr,None,,,Each
NE-HVAC-Unitary-addVFDStdMtr,MBT,Ex,CZ11,cDXHP,0,NE-HV_AirDist-SupFanMtr-cDXHP-2SpClgHtg-Cnst,None,,None,NE-HV_AirDist-SupFanMtr-cDXHP-2SpClgHtg-VFDStdMtr,None,,,Each
NE-HVAC-Unitary-addVFDExMtr,MBT,Ex,CZ10,cDXHP,0,NE-HV_AirDist-SupFanMtr-cDXHP-2SpClgHtg-Cnst,None,,None,NE-HV_AirDist-SupFanMtr-cDXHP-2SpClgHtg-VFDExMtr,None,,,Each
NE-HVAC-Unitary-addVFDPMMtr,MBT,Ex,CZ10,cDXHP,0,NE-HV_AirDist-SupFanMtr-cDXHP-2SpClgHtg-Cnst,None,,None,NE-HV_AirDist-SupFanMtr-cDXHP-2SpClgHtg-VFDPMMtr,None,,,Each
NE-HVAC-Unitary-addVFDStdMtr,MBT,Ex,CZ10,cDXHP,0,NE-HV_AirDist-SupFanMtr-cDXHP-2SpClgHtg-Cnst,None,,None,NE-HV_AirDist-SupFanMtr-cDXHP-2SpClgHtg-VFDStdMtr,None,,,Each
NE-HVAC-Unitary-addVFDExMtr,MBT,Ex,CZ09,cDXHP,0,NE-HV_AirDist-SupFanMtr-cDXHP-2SpClgHtg-Cnst,None,,None,NE-HV_AirDist-SupFanMtr-cDXHP-2SpClgHtg-VFDExMtr,None,,,Each
NE-HVAC-Unitary-addVFDPMMtr,MBT,Ex,CZ09,cDXHP,0,NE-HV_AirDist-SupFanMtr-cDXHP-2SpClgHtg-Cnst,None,,None,NE-HV_AirDist-SupFanMtr-cDXHP-2SpClgHtg-VFDPMMtr,None,,,Each
NE-HVAC-Unitary-addVFDStdMtr,MBT,Ex,CZ09,cDXHP,0,NE-HV_AirDist-SupFanMtr-cDXHP-2SpClgHtg-Cnst,None,,None,NE-HV_AirDist-SupFanMtr-cDXHP-2SpClgHtg-VFDStdMtr,None,,,Each
NE-HVAC-Unitary-addVFDExMtr,MBT,Ex,CZ08,cDXHP,0,NE-HV_AirDist-SupFanMtr-cDXHP-2SpClgHtg-Cnst,None,,None,NE-HV_AirDist-SupFanMtr-cDXHP-2SpClgHtg-VFDExMtr,None,,,Each
NE-HVAC-Unitary-addVFDPMMtr,MBT,Ex,CZ08,cDXHP,0,NE-HV_AirDist-SupFanMtr-cDXHP-2SpClgHtg-Cnst,None,,None,NE-HV_AirDist-SupFanMtr-cDXHP-2SpClgHtg-VFDPMMtr,None,,,Each
NE-HVAC-Unitary-addVFDStdMtr,MBT,Ex,CZ08,cDXHP,0,NE-HV_AirDist-SupFanMtr-cDXHP-2SpClgHtg-Cnst,None,,None,NE-HV_AirDist-SupFanMtr-cDXHP-2SpClgHtg-VFDStdMtr,None,,,Each
NE-HVAC-Unitary-addVFDExMtr,MBT,Ex,CZ07,cDXHP,0,NE-HV_AirDist-SupFanMtr-cDXHP-2SpClgHtg-Cnst,None,,None,NE-HV_AirDist-SupFanMtr-cDXHP-2SpClgHtg-VFDExMtr,None,,,Each
NE-HVAC-Unitary-addVFDPMMtr,MBT,Ex,CZ07,cDXHP,0,NE-HV_AirDist-SupFanMtr-cDXHP-2SpClgHtg-Cnst,None,,None,NE-HV_AirDist-SupFanMtr-cDXHP-2SpClgHtg-VFDPMMtr,None,,,Each
NE-HVAC-Unitary-addVFDStdMtr,MBT,Ex,CZ07,cDXHP,0,NE-HV_AirDist-SupFanMtr-cDXHP-2SpClgHtg-Cnst,None,,None,NE-HV_AirDist-SupFanMtr-cDXHP-2SpClgHtg-VFDStdMtr,None,,,Each
NE-HVAC-Unitary-addVFDExMtr,MBT,Ex,CZ06,cDXHP,0,NE-HV_AirDist-SupFanMtr-cDXHP-2SpClgHtg-Cnst,None,,None,NE-HV_AirDist-SupFanMtr-cDXHP-2SpClgHtg-VFDExMtr,None,,,Each
NE-HVAC-Unitary-addVFDPMMtr,MBT,Ex,CZ06,cDXHP,0,NE-HV_AirDist-SupFanMtr-cDXHP-2SpClgHtg-Cnst,None,,None,NE-HV_AirDist-SupFanMtr-cDXHP-2SpClgHtg-VFDPMMtr,None,,,Each
NE-HVAC-Unitary-addVFDStdMtr,MBT,Ex,CZ06,cDXHP,0,NE-HV_AirDist-SupFanMtr-cDXHP-2SpClgHtg-Cnst,None,,None,NE-HV_AirDist-SupFanMtr-cDXHP-2SpClgHtg-VFDStdMtr,None,,,Each
NE-HVAC-Unitary-addVFDExMtr,MBT,Ex,CZ05,cDXHP,0,NE-HV_AirDist-SupFanMtr-cDXHP-2SpClgHtg-Cnst,None,,None,NE-HV_AirDist-SupFanMtr-cDXHP-2SpClgHtg-VFDExMtr,None,,,Each
NE-HVAC-Unitary-addVFDPMMtr,MBT,Ex,CZ05,cDXHP,0,NE-HV_AirDist-SupFanMtr-cDXHP-2SpClgHtg-Cnst,None,,None,NE-HV_AirDist-SupFanMtr-cDXHP-2SpClgHtg-VFDPMMtr,None,,,Each
NE-HVAC-Unitary-addVFDStdMtr,MBT,Ex,CZ05,cDXHP,0,NE-HV_AirDist-SupFanMtr-cDXHP-2SpClgHtg-Cnst,None,,None,NE-HV_AirDist-SupFanMtr-cDXHP-2SpClgHtg-VFDStdMtr,None,,,Each
NE-HVAC-Unitary-addVFDExMtr,MBT,Ex,CZ04,cDXHP,0,NE-HV_AirDist-SupFanMtr-cDXHP-2SpClgHtg-Cnst,None,,None,NE-HV_AirDist-SupFanMtr-cDXHP-2SpClgHtg-VFDExMtr,None,,,Each
NE-HVAC-Unitary-addVFDPMMtr,MBT,Ex,CZ04,cDXHP,0,NE-HV_AirDist-SupFanMtr-cDXHP-2SpClgHtg-Cnst,None,,None,NE-HV_AirDist-SupFanMtr-cDXHP-2SpClgHtg-VFDPMMtr,None,,,Each
NE-HVAC-Unitary-addVFDStdMtr,MBT,Ex,CZ04,cDXHP,0,NE-HV_AirDist-SupFanMtr-cDXHP-2SpClgHtg-Cnst,None,,None,NE-HV_AirDist-SupFanMtr-cDXHP-2SpClgHtg-VFDStdMtr,None,,,Each
NE-HVAC-Unitary-addVFDExMtr,MBT,Ex,CZ03,cDXHP,0,NE-HV_AirDist-SupFanMtr-cDXHP-2SpClgHtg-Cnst,None,,None,NE-HV_AirDist-SupFanMtr-cDXHP-2SpClgHtg-VFDExMtr,None,,,Each
NE-HVAC-Unitary-addVFDPMMtr,MBT,Ex,CZ03,cDXHP,0,NE-HV_AirDist-SupFanMtr-cDXHP-2SpClgHtg-Cnst,None,,None,NE-HV_AirDist-SupFanMtr-cDXHP-2SpClgHtg-VFDPMMtr,None,,,Each
NE-HVAC-Unitary-addVFDStdMtr,MBT,Ex,CZ03,cDXHP,0,NE-HV_AirDist-SupFanMtr-cDXHP-2SpClgHtg-Cnst,None,,None,NE-HV_AirDist-SupFanMtr-cDXHP-2SpClgHtg-VFDStdMtr,None,,,Each
NE-HVAC-Unitary-addVFDExMtr,MBT,Ex,CZ02,cDXHP,0,NE-HV_AirDist-SupFanMtr-cDXHP-2SpClgHtg-Cnst,None,,None,NE-HV_AirDist-SupFanMtr-cDXHP-2SpClgHtg-VFDExMtr,None,,,Each
NE-HVAC-Unitary-addVFDPMMtr,MBT,Ex,CZ02,cDXHP,0,NE-HV_AirDist-SupFanMtr-cDXHP-2SpClgHtg-Cnst,None,,None,NE-HV_AirDist-SupFanMtr-cDXHP-2SpClgHtg-VFDPMMtr,None,,,Each
NE-HVAC-Unitary-addVFDStdMtr,MBT,Ex,CZ02,cDXHP,0,NE-HV_AirDist-SupFanMtr-cDXHP-2SpClgHtg-Cnst,None,,None,NE-HV_AirDist-SupFanMtr-cDXHP-2SpClgHtg-VFDStdMtr,None,,,Each
NE-HVAC-Unitary-addVFDExMtr,MBT,Ex,CZ01,cDXHP,0,NE-HV_AirDist-SupFanMtr-cDXHP-2SpClgHtg-Cnst,None,,None,NE-HV_AirDist-SupFanMtr-cDXHP-2SpClgHtg-VFDExMtr,None,,,Each
NE-HVAC-Unitary-addVFDPMMtr,MBT,Ex,CZ01,cDXHP,0,NE-HV_AirDist-SupFanMtr-cDXHP-2SpClgHtg-Cnst,None,,None,NE-HV_AirDist-SupFanMtr-cDXHP-2SpClgHtg-VFDPMMtr,None,,,Each
NE-HVAC-Unitary-addVFDStdMtr,MBT,Ex,CZ01,cDXHP,0,NE-HV_AirDist-SupFanMtr-cDXHP-2SpClgHtg-Cnst,None,,None,NE-HV_AirDist-SupFanMtr-cDXHP-2SpClgHtg-VFDStdMtr,None,,,Each
NE-HVAC-Unitary-addVFDExMtr,MBT,Ex,CZ16,cDXGF,0,NE-HV_AirDist-SupFanMtr-cDXGF-2SpClgHtg-Cnst,None,,None,NE-HV_AirDist-SupFanMtr-cDXGF-2SpClgHtg-VFDExMtr,None,,,Each
NE-HVAC-Unitary-addVFDPMMtr,MBT,Ex,CZ16,cDXGF,0,NE-HV_AirDist-SupFanMtr-cDXGF-2SpClgHtg-Cnst,None,,None,NE-HV_AirDist-SupFanMtr-cDXGF-2SpClgHtg-VFDPMMtr,None,,,Each
NE-HVAC-Unitary-addVFDStdMtr,MBT,Ex,CZ16,cDXGF,0,NE-HV_AirDist-SupFanMtr-cDXGF-2SpClgHtg-Cnst,None,,None,NE-HV_AirDist-SupFanMtr-cDXGF-2SpClgHtg-VFDStdMtr,None,,,Each
NE-HVAC-Unitary-addVFDExMtr,MBT,Ex,CZ15,cDXGF,0,NE-HV_AirDist-SupFanMtr-cDXGF-2SpClgHtg-Cnst,None,,None,NE-HV_AirDist-SupFanMtr-cDXGF-2SpClgHtg-VFDExMtr,None,,,Each
NE-HVAC-Unitary-addVFDPMMtr,MBT,Ex,CZ15,cDXGF,0,NE-HV_AirDist-SupFanMtr-cDXGF-2SpClgHtg-Cnst,None,,None,NE-HV_AirDist-SupFanMtr-cDXGF-2SpClgHtg-VFDPMMtr,None,,,Each
NE-HVAC-Unitary-addVFDStdMtr,MBT,Ex,CZ15,cDXGF,0,NE-HV_AirDist-SupFanMtr-cDXGF-2SpClgHtg-Cnst,None,,None,NE-HV_AirDist-SupFanMtr-cDXGF-2SpClgHtg-VFDStdMtr,None,,,Each
NE-HVAC-Unitary-addVFDExMtr,MBT,Ex,CZ14,cDXGF,0,NE-HV_AirDist-SupFanMtr-cDXGF-2SpClgHtg-Cnst,None,,None,NE-HV_AirDist-SupFanMtr-cDXGF-2SpClgHtg-VFDExMtr,None,,,Each
NE-HVAC-Unitary-addVFDPMMtr,MBT,Ex,CZ14,cDXGF,0,NE-HV_AirDist-SupFanMtr-cDXGF-2SpClgHtg-Cnst,None,,None,NE-HV_AirDist-SupFanMtr-cDXGF-2SpClgHtg-VFDPMMtr,None,,,Each
NE-HVAC-Unitary-addVFDStdMtr,MBT,Ex,CZ14,cDXGF,0,NE-HV_AirDist-SupFanMtr-cDXGF-2SpClgHtg-Cnst,None,,None,NE-HV_AirDist-SupFanMtr-cDXGF-2SpClgHtg-VFDStdMtr,None,,,Each
NE-HVAC-Unitary-addVFDExMtr,MBT,Ex,CZ13,cDXGF,0,NE-HV_AirDist-SupFanMtr-cDXGF-2SpClgHtg-Cnst,None,,None,NE-HV_AirDist-SupFanMtr-cDXGF-2SpClgHtg-VFDExMtr,None,,,Each
NE-HVAC-Unitary-addVFDPMMtr,MBT,Ex,CZ13,cDXGF,0,NE-HV_AirDist-SupFanMtr-cDXGF-2SpClgHtg-Cnst,None,,None,NE-HV_AirDist-SupFanMtr-cDXGF-2SpClgHtg-VFDPMMtr,None,,,Each
NE-HVAC-Unitary-addVFDStdMtr,MBT,Ex,CZ13,cDXGF,0,NE-HV_AirDist-SupFanMtr-cDXGF-2SpClgHtg-Cnst,None,,None,NE-HV_AirDist-SupFanMtr-cDXGF-2SpClgHtg-VFDStdMtr,None,,,Each
NE-HVAC-Unitary-addVFDExMtr,MBT,Ex,CZ12,cDXGF,0,NE-HV_AirDist-SupFanMtr-cDXGF-2SpClgHtg-Cnst,None,,None,NE-HV_AirDist-SupFanMtr-cDXGF-2SpClgHtg-VFDExMtr,None,,,Each
NE-HVAC-Unitary-addVFDPMMtr,MBT,Ex,CZ12,cDXGF,0,NE-HV_AirDist-SupFanMtr-cDXGF-2SpClgHtg-Cnst,None,,None,NE-HV_AirDist-SupFanMtr-cDXGF-2SpClgHtg-VFDPMMtr,None,,,Each
NE-HVAC-Unitary-addVFDStdMtr,MBT,Ex,CZ12,cDXGF,0,NE-HV_AirDist-SupFanMtr-cDXGF-2SpClgHtg-Cnst,None,,None,NE-HV_AirDist-SupFanMtr-cDXGF-2SpClgHtg-VFDStdMtr,None,,,Each
NE-HVAC-Unitary-addVFDExMtr,MBT,Ex,CZ11,cDXGF,0,NE-HV_AirDist-SupFanMtr-cDXGF-2SpClgHtg-Cnst,None,,None,NE-HV_AirDist-SupFanMtr-cDXGF-2SpClgHtg-VFDExMtr,None,,,Each
NE-HVAC-Unitary-addVFDPMMtr,MBT,Ex,CZ11,cDXGF,0,NE-HV_AirDist-SupFanMtr-cDXGF-2SpClgHtg-Cnst,None,,None,NE-HV_AirDist-SupFanMtr-cDXGF-2SpClgHtg-VFDPMMtr,None,,,Each
NE-HVAC-Unitary-addVFDStdMtr,MBT,Ex,CZ11,cDXGF,0,NE-HV_AirDist-SupFanMtr-cDXGF-2SpClgHtg-Cnst,None,,None,NE-HV_AirDist-SupFanMtr-cDXGF-2SpClgHtg-VFDStdMtr,None,,,Each
NE-HVAC-Unitary-addVFDExMtr,MBT,Ex,CZ10,cDXGF,0,NE-HV_AirDist-SupFanMtr-cDXGF-2SpClgHtg-Cnst,None,,None,NE-HV_AirDist-SupFanMtr-cDXGF-2SpClgHtg-VFDExMtr,None,,,Each
NE-HVAC-Unitary-addVFDPMMtr,MBT,Ex,CZ10,cDXGF,0,NE-HV_AirDist-SupFanMtr-cDXGF-2SpClgHtg-Cnst,None,,None,NE-HV_AirDist-SupFanMtr-cDXGF-2SpClgHtg-VFDPMMtr,None,,,Each
NE-HVAC-Unitary-addVFDStdMtr,MBT,Ex,CZ10,cDXGF,0,NE-HV_AirDist-SupFanMtr-cDXGF-2SpClgHtg-Cnst,None,,None,NE-HV_AirDist-SupFanMtr-cDXGF-2SpClgHtg-VFDStdMtr,None,,,Each
NE-HVAC-Unitary-addVFDExMtr,MBT,Ex,CZ09,cDXGF,0,NE-HV_AirDist-SupFanMtr-cDXGF-2SpClgHtg-Cnst,None,,None,NE-HV_AirDist-SupFanMtr-cDXGF-2SpClgHtg-VFDExMtr,None,,,Each
NE-HVAC-Unitary-addVFDPMMtr,MBT,Ex,CZ09,cDXGF,0,NE-HV_AirDist-SupFanMtr-cDXGF-2SpClgHtg-Cnst,None,,None,NE-HV_AirDist-SupFanMtr-cDXGF-2SpClgHtg-VFDPMMtr,None,,,Each
NE-HVAC-Unitary-addVFDStdMtr,MBT,Ex,CZ09,cDXGF,0,NE-HV_AirDist-SupFanMtr-cDXGF-2SpClgHtg-Cnst,None,,None,NE-HV_AirDist-SupFanMtr-cDXGF-2SpClgHtg-VFDStdMtr,None,,,Each
NE-HVAC-Unitary-addVFDExMtr,MBT,Ex,CZ08,cDXGF,0,NE-HV_AirDist-SupFanMtr-cDXGF-2SpClgHtg-Cnst,None,,None,NE-HV_AirDist-SupFanMtr-cDXGF-2SpClgHtg-VFDExMtr,None,,,Each
NE-HVAC-Unitary-addVFDPMMtr,MBT,Ex,CZ08,cDXGF,0,NE-HV_AirDist-SupFanMtr-cDXGF-2SpClgHtg-Cnst,None,,None,NE-HV_AirDist-SupFanMtr-cDXGF-2SpClgHtg-VFDPMMtr,None,,,Each
NE-HVAC-Unitary-addVFDStdMtr,MBT,Ex,CZ08,cDXGF,0,NE-HV_AirDist-SupFanMtr-cDXGF-2SpClgHtg-Cnst,None,,None,NE-HV_AirDist-SupFanMtr-cDXGF-2SpClgHtg-VFDStdMtr,None,,,Each
NE-HVAC-Unitary-addVFDExMtr,MBT,Ex,CZ07,cDXGF,0,NE-HV_AirDist-SupFanMtr-cDXGF-2SpClgHtg-Cnst,None,,None,NE-HV_AirDist-SupFanMtr-cDXGF-2SpClgHtg-VFDExMtr,None,,,Each
NE-HVAC-Unitary-addVFDPMMtr,MBT,Ex,CZ07,cDXGF,0,NE-HV_AirDist-SupFanMtr-cDXGF-2SpClgHtg-Cnst,None,,None,NE-HV_AirDist-SupFanMtr-cDXGF-2SpClgHtg-VFDPMMtr,None,,,Each
NE-HVAC-Unitary-addVFDStdMtr,MBT,Ex,CZ07,cDXGF,0,NE-HV_AirDist-SupFanMtr-cDXGF-2SpClgHtg-Cnst,None,,None,NE-HV_AirDist-SupFanMtr-cDXGF-2SpClgHtg-VFDStdMtr,None,,,Each
NE-HVAC-Unitary-addVFDExMtr,MBT,Ex,CZ06,cDXGF,0,NE-HV_AirDist-SupFanMtr-cDXGF-2SpClgHtg-Cnst,None,,None,NE-HV_AirDist-SupFanMtr-cDXGF-2SpClgHtg-VFDExMtr,None,,,Each
NE-HVAC-Unitary-addVFDPMMtr,MBT,Ex,CZ06,cDXGF,0,NE-HV_AirDist-SupFanMtr-cDXGF-2SpClgHtg-Cnst,None,,None,NE-HV_AirDist-SupFanMtr-cDXGF-2SpClgHtg-VFDPMMtr,None,,,Each
NE-HVAC-Unitary-addVFDStdMtr,MBT,Ex,CZ06,cDXGF,0,NE-HV_AirDist-SupFanMtr-cDXGF-2SpClgHtg-Cnst,None,,None,NE-HV_AirDist-SupFanMtr-cDXGF-2SpClgHtg-VFDStdMtr,None,,,Each
NE-HVAC-Unitary-addVFDExMtr,MBT,Ex,CZ05,cDXGF,0,NE-HV_AirDist-SupFanMtr-cDXGF-2SpClgHtg-Cnst,None,,None,NE-HV_AirDist-SupFanMtr-cDXGF-2SpClgHtg-VFDExMtr,None,,,Each
NE-HVAC-Unitary-addVFDPMMtr,MBT,Ex,CZ05,cDXGF,0,NE-HV_AirDist-SupFanMtr-cDXGF-2SpClgHtg-Cnst,None,,None,NE-HV_AirDist-SupFanMtr-cDXGF-2SpClgHtg-VFDPMMtr,None,,,Each
NE-HVAC-Unitary-addVFDStdMtr,MBT,Ex,CZ05,cDXGF,0,NE-HV_AirDist-SupFanMtr-cDXGF-2SpClgHtg-Cnst,None,,None,NE-HV_AirDist-SupFanMtr-cDXGF-2SpClgHtg-VFDStdMtr,None,,,Each
NE-HVAC-Unitary-addVFDExMtr,MBT,Ex,CZ04,cDXGF,0,NE-HV_AirDist-SupFanMtr-cDXGF-2SpClgHtg-Cnst,None,,None,NE-HV_AirDist-SupFanMtr-cDXGF-2SpClgHtg-VFDExMtr,None,,,Each
NE-HVAC-Unitary-addVFDPMMtr,MBT,Ex,CZ04,cDXGF,0,NE-HV_AirDist-SupFanMtr-cDXGF-2SpClgHtg-Cnst,None,,None,NE-HV_AirDist-SupFanMtr-cDXGF-2SpClgHtg-VFDPMMtr,None,,,Each
NE-HVAC-Unitary-addVFDStdMtr,MBT,Ex,CZ04,cDXGF,0,NE-HV_AirDist-SupFanMtr-cDXGF-2SpClgHtg-Cnst,None,,None,NE-HV_AirDist-SupFanMtr-cDXGF-2SpClgHtg-VFDStdMtr,None,,,Each
NE-HVAC-Unitary-addVFDExMtr,MBT,Ex,CZ03,cDXGF,0,NE-HV_AirDist-SupFanMtr-cDXGF-2SpClgHtg-Cnst,None,,None,NE-HV_AirDist-SupFanMtr-cDXGF-2SpClgHtg-VFDExMtr,None,,,Each
NE-HVAC-Unitary-addVFDPMMtr,MBT,Ex,CZ03,cDXGF,0,NE-HV_AirDist-SupFanMtr-cDXGF-2SpClgHtg-Cnst,None,,None,NE-HV_AirDist-SupFanMtr-cDXGF-2SpClgHtg-VFDPMMtr,None,,,Each
NE-HVAC-Unitary-addVFDStdMtr,MBT,Ex,CZ03,cDXGF,0,NE-HV_AirDist-SupFanMtr-cDXGF-2SpClgHtg-Cnst,None,,None,NE-HV_AirDist-SupFanMtr-cDXGF-2SpClgHtg-VFDStdMtr,None,,,Each
NE-HVAC-Unitary-addVFDExMtr,MBT,Ex,CZ02,cDXGF,0,NE-HV_AirDist-SupFanMtr-cDXGF-2SpClgHtg-Cnst,None,,None,NE-HV_AirDist-SupFanMtr-cDXGF-2SpClgHtg-VFDExMtr,None,,,Each
NE-HVAC-Unitary-addVFDPMMtr,MBT,Ex,CZ02,cDXGF,0,NE-HV_AirDist-SupFanMtr-cDXGF-2SpClgHtg-Cnst,None,,None,NE-HV_AirDist-SupFanMtr-cDXGF-2SpClgHtg-VFDPMMtr,None,,,Each
NE-HVAC-Unitary-addVFDStdMtr,MBT,Ex,CZ02,cDXGF,0,NE-HV_AirDist-SupFanMtr-cDXGF-2SpClgHtg-Cnst,None,,None,NE-HV_AirDist-SupFanMtr-cDXGF-2SpClgHtg-VFDStdMtr,None,,,Each
NE-HVAC-Unitary-addVFDExMtr,MBT,Ex,CZ01,cDXGF,0,NE-HV_AirDist-SupFanMtr-cDXGF-2SpClgHtg-Cnst,None,,None,NE-HV_AirDist-SupFanMtr-cDXGF-2SpClgHtg-VFDExMtr,None,,,Each
NE-HVAC-Unitary-addVFDPMMtr,MBT,Ex,CZ01,cDXGF,0,NE-HV_AirDist-SupFanMtr-cDXGF-2SpClgHtg-Cnst,None,,None,NE-HV_AirDist-SupFanMtr-cDXGF-2SpClgHtg-VFDPMMtr,None,,,Each
NE-HVAC-Unitary-addVFDStdMtr,MBT,Ex,CZ01,cDXGF,0,NE-HV_AirDist-SupFanMtr-cDXGF-2SpClgHtg-Cnst,None,,None,NE-HV_AirDist-SupFanMtr-cDXGF-2SpClgHtg-VFDStdMtr,None,,,Each
NE-HVAC-Unitary-addVFDExMtr,Hsp,Ex,CZ16,cDXOH,0,NE-HV_AirDist-SupFanMtr-cDXOH-2SpClgHtg-Cnst,None,,None,NE-HV_AirDist-SupFanMtr-cDXOH-2SpClgHtg-VFDExMtr,None,,,Each
NE-HVAC-Unitary-addVFDPMMtr,Hsp,Ex,CZ16,cDXOH,0,NE-HV_AirDist-SupFanMtr-cDXOH-2SpClgHtg-Cnst,None,,None,NE-HV_AirDist-SupFanMtr-cDXOH-2SpClgHtg-VFDPMMtr,None,,,Each
NE-HVAC-Unitary-addVFDStdMtr,Hsp,Ex,CZ16,cDXOH,0,NE-HV_AirDist-SupFanMtr-cDXOH-2SpClgHtg-Cnst,None,,None,NE-HV_AirDist-SupFanMtr-cDXOH-2SpClgHtg-VFDStdMtr,None,,,Each
NE-HVAC-Unitary-addVFDExMtr,Hsp,Ex,CZ15,cDXOH,0,NE-HV_AirDist-SupFanMtr-cDXOH-2SpClgHtg-Cnst,None,,None,NE-HV_AirDist-SupFanMtr-cDXOH-2SpClgHtg-VFDExMtr,None,,,Each
NE-HVAC-Unitary-addVFDPMMtr,Hsp,Ex,CZ15,cDXOH,0,NE-HV_AirDist-SupFanMtr-cDXOH-2SpClgHtg-Cnst,None,,None,NE-HV_AirDist-SupFanMtr-cDXOH-2SpClgHtg-VFDPMMtr,None,,,Each
NE-HVAC-Unitary-addVFDStdMtr,Hsp,Ex,CZ15,cDXOH,0,NE-HV_AirDist-SupFanMtr-cDXOH-2SpClgHtg-Cnst,None,,None,NE-HV_AirDist-SupFanMtr-cDXOH-2SpClgHtg-VFDStdMtr,None,,,Each
NE-HVAC-Unitary-addVFDExMtr,Hsp,Ex,CZ14,cDXOH,0,NE-HV_AirDist-SupFanMtr-cDXOH-2SpClgHtg-Cnst,None,,None,NE-HV_AirDist-SupFanMtr-cDXOH-2SpClgHtg-VFDExMtr,None,,,Each
NE-HVAC-Unitary-addVFDPMMtr,Hsp,Ex,CZ14,cDXOH,0,NE-HV_AirDist-SupFanMtr-cDXOH-2SpClgHtg-Cnst,None,,None,NE-HV_AirDist-SupFanMtr-cDXOH-2SpClgHtg-VFDPMMtr,None,,,Each
NE-HVAC-Unitary-addVFDStdMtr,Hsp,Ex,CZ14,cDXOH,0,NE-HV_AirDist-SupFanMtr-cDXOH-2SpClgHtg-Cnst,None,,None,NE-HV_AirDist-SupFanMtr-cDXOH-2SpClgHtg-VFDStdMtr,None,,,Each
NE-HVAC-Unitary-addVFDExMtr,Hsp,Ex,CZ13,cDXOH,0,NE-HV_AirDist-SupFanMtr-cDXOH-2SpClgHtg-Cnst,None,,None,NE-HV_AirDist-SupFanMtr-cDXOH-2SpClgHtg-VFDExMtr,None,,,Each
NE-HVAC-Unitary-addVFDPMMtr,Hsp,Ex,CZ13,cDXOH,0,NE-HV_AirDist-SupFanMtr-cDXOH-2SpClgHtg-Cnst,None,,None,NE-HV_AirDist-SupFanMtr-cDXOH-2SpClgHtg-VFDPMMtr,None,,,Each
NE-HVAC-Unitary-addVFDStdMtr,Hsp,Ex,CZ13,cDXOH,0,NE-HV_AirDist-SupFanMtr-cDXOH-2SpClgHtg-Cnst,None,,None,NE-HV_AirDist-SupFanMtr-cDXOH-2SpClgHtg-VFDStdMtr,None,,,Each
NE-HVAC-Unitary-addVFDExMtr,Hsp,Ex,CZ12,cDXOH,0,NE-HV_AirDist-SupFanMtr-cDXOH-2SpClgHtg-Cnst,None,,None,NE-HV_AirDist-SupFanMtr-cDXOH-2SpClgHtg-VFDExMtr,None,,,Each
NE-HVAC-Unitary-addVFDPMMtr,Hsp,Ex,CZ12,cDXOH,0,NE-HV_AirDist-SupFanMtr-cDXOH-2SpClgHtg-Cnst,None,,None,NE-HV_AirDist-SupFanMtr-cDXOH-2SpClgHtg-VFDPMMtr,None,,,Each
NE-HVAC-Unitary-addVFDStdMtr,Hsp,Ex,CZ12,cDXOH,0,NE-HV_AirDist-SupFanMtr-cDXOH-2SpClgHtg-Cnst,None,,None,NE-HV_AirDist-SupFanMtr-cDXOH-2SpClgHtg-VFDStdMtr,None,,,Each
NE-HVAC-Unitary-addVFDExMtr,Hsp,Ex,CZ11,cDXOH,0,NE-HV_AirDist-SupFanMtr-cDXOH-2SpClgHtg-Cnst,None,,None,NE-HV_AirDist-SupFanMtr-cDXOH-2SpClgHtg-VFDExMtr,None,,,Each
NE-HVAC-Unitary-addVFDPMMtr,Hsp,Ex,CZ11,cDXOH,0,NE-HV_AirDist-SupFanMtr-cDXOH-2SpClgHtg-Cnst,None,,None,NE-HV_AirDist-SupFanMtr-cDXOH-2SpClgHtg-VFDPMMtr,None,,,Each
NE-HVAC-Unitary-addVFDStdMtr,Hsp,Ex,CZ11,cDXOH,0,NE-HV_AirDist-SupFanMtr-cDXOH-2SpClgHtg-Cnst,None,,None,NE-HV_AirDist-SupFanMtr-cDXOH-2SpClgHtg-VFDStdMtr,None,,,Each
NE-HVAC-Unitary-addVFDExMtr,Hsp,Ex,CZ10,cDXOH,0,NE-HV_AirDist-SupFanMtr-cDXOH-2SpClgHtg-Cnst,None,,None,NE-HV_AirDist-SupFanMtr-cDXOH-2SpClgHtg-VFDExMtr,None,,,Each
NE-HVAC-Unitary-addVFDPMMtr,Hsp,Ex,CZ10,cDXOH,0,NE-HV_AirDist-SupFanMtr-cDXOH-2SpClgHtg-Cnst,None,,None,NE-HV_AirDist-SupFanMtr-cDXOH-2SpClgHtg-VFDPMMtr,None,,,Each
NE-HVAC-Unitary-addVFDStdMtr,Hsp,Ex,CZ10,cDXOH,0,NE-HV_AirDist-SupFanMtr-cDXOH-2SpClgHtg-Cnst,None,,None,NE-HV_AirDist-SupFanMtr-cDXOH-2SpClgHtg-VFDStdMtr,None,,,Each
NE-HVAC-Unitary-addVFDExMtr,Hsp,Ex,CZ09,cDXOH,0,NE-HV_AirDist-SupFanMtr-cDXOH-2SpClgHtg-Cnst,None,,None,NE-HV_AirDist-SupFanMtr-cDXOH-2SpClgHtg-VFDExMtr,None,,,Each
NE-HVAC-Unitary-addVFDPMMtr,Hsp,Ex,CZ09,cDXOH,0,NE-HV_AirDist-SupFanMtr-cDXOH-2SpClgHtg-Cnst,None,,None,NE-HV_AirDist-SupFanMtr-cDXOH-2SpClgHtg-VFDPMMtr,None,,,Each
NE-HVAC-Unitary-addVFDStdMtr,Hsp,Ex,CZ09,cDXOH,0,NE-HV_AirDist-SupFanMtr-cDXOH-2SpClgHtg-Cnst,None,,None,NE-HV_AirDist-SupFanMtr-cDXOH-2SpClgHtg-VFDStdMtr,None,,,Each
NE-HVAC-Unitary-addVFDExMtr,Hsp,Ex,CZ08,cDXOH,0,NE-HV_AirDist-SupFanMtr-cDXOH-2SpClgHtg-Cnst,None,,None,NE-HV_AirDist-SupFanMtr-cDXOH-2SpClgHtg-VFDExMtr,None,,,Each
NE-HVAC-Unitary-addVFDPMMtr,Hsp,Ex,CZ08,cDXOH,0,NE-HV_AirDist-SupFanMtr-cDXOH-2SpClgHtg-Cnst,None,,None,NE-HV_AirDist-SupFanMtr-cDXOH-2SpClgHtg-VFDPMMtr,None,,,Each
NE-HVAC-Unitary-addVFDStdMtr,Hsp,Ex,CZ08,cDXOH,0,NE-HV_AirDist-SupFanMtr-cDXOH-2SpClgHtg-Cnst,None,,None,NE-HV_AirDist-SupFanMtr-cDXOH-2SpClgHtg-VFDStdMtr,None,,,Each
NE-HVAC-Unitary-addVFDExMtr,Hsp,Ex,CZ07,cDXOH,0,NE-HV_AirDist-SupFanMtr-cDXOH-2SpClgHtg-Cnst,None,,None,NE-HV_AirDist-SupFanMtr-cDXOH-2SpClgHtg-VFDExMtr,None,,,Each
NE-HVAC-Unitary-addVFDPMMtr,Hsp,Ex,CZ07,cDXOH,0,NE-HV_AirDist-SupFanMtr-cDXOH-2SpClgHtg-Cnst,None,,None,NE-HV_AirDist-SupFanMtr-cDXOH-2SpClgHtg-VFDPMMtr,None,,,Each
NE-HVAC-Unitary-addVFDStdMtr,Hsp,Ex,CZ07,cDXOH,0,NE-HV_AirDist-SupFanMtr-cDXOH-2SpClgHtg-Cnst,None,,None,NE-HV_AirDist-SupFanMtr-cDXOH-2SpClgHtg-VFDStdMtr,None,,,Each
NE-HVAC-Unitary-addVFDExMtr,Hsp,Ex,CZ06,cDXOH,0,NE-HV_AirDist-SupFanMtr-cDXOH-2SpClgHtg-Cnst,None,,None,NE-HV_AirDist-SupFanMtr-cDXOH-2SpClgHtg-VFDExMtr,None,,,Each
NE-HVAC-Unitary-addVFDPMMtr,Hsp,Ex,CZ06,cDXOH,0,NE-HV_AirDist-SupFanMtr-cDXOH-2SpClgHtg-Cnst,None,,None,NE-HV_AirDist-SupFanMtr-cDXOH-2SpClgHtg-VFDPMMtr,None,,,Each
NE-HVAC-Unitary-addVFDStdMtr,Hsp,Ex,CZ06,cDXOH,0,NE-HV_AirDist-SupFanMtr-cDXOH-2SpClgHtg-Cnst,None,,None,NE-HV_AirDist-SupFanMtr-cDXOH-2SpClgHtg-VFDStdMtr,None,,,Each
NE-HVAC-Unitary-addVFDExMtr,Hsp,Ex,CZ05,cDXOH,0,NE-HV_AirDist-SupFanMtr-cDXOH-2SpClgHtg-Cnst,None,,None,NE-HV_AirDist-SupFanMtr-cDXOH-2SpClgHtg-VFDExMtr,None,,,Each
NE-HVAC-Unitary-addVFDPMMtr,Hsp,Ex,CZ05,cDXOH,0,NE-HV_AirDist-SupFanMtr-cDXOH-2SpClgHtg-Cnst,None,,None,NE-HV_AirDist-SupFanMtr-cDXOH-2SpClgHtg-VFDPMMtr,None,,,Each
NE-HVAC-Unitary-addVFDStdMtr,Hsp,Ex,CZ05,cDXOH,0,NE-HV_AirDist-SupFanMtr-cDXOH-2SpClgHtg-Cnst,None,,None,NE-HV_AirDist-SupFanMtr-cDXOH-2SpClgHtg-VFDStdMtr,None,,,Each
NE-HVAC-Unitary-addVFDExMtr,Hsp,Ex,CZ04,cDXOH,0,NE-HV_AirDist-SupFanMtr-cDXOH-2SpClgHtg-Cnst,None,,None,NE-HV_AirDist-SupFanMtr-cDXOH-2SpClgHtg-VFDExMtr,None,,,Each
NE-HVAC-Unitary-addVFDPMMtr,Hsp,Ex,CZ04,cDXOH,0,NE-HV_AirDist-SupFanMtr-cDXOH-2SpClgHtg-Cnst,None,,None,NE-HV_AirDist-SupFanMtr-cDXOH-2SpClgHtg-VFDPMMtr,None,,,Each
NE-HVAC-Unitary-addVFDStdMtr,Hsp,Ex,CZ04,cDXOH,0,NE-HV_AirDist-SupFanMtr-cDXOH-2SpClgHtg-Cnst,None,,None,NE-HV_AirDist-SupFanMtr-cDXOH-2SpClgHtg-VFDStdMtr,None,,,Each
NE-HVAC-Unitary-addVFDExMtr,Hsp,Ex,CZ03,cDXOH,0,NE-HV_AirDist-SupFanMtr-cDXOH-2SpClgHtg-Cnst,None,,None,NE-HV_AirDist-SupFanMtr-cDXOH-2SpClgHtg-VFDExMtr,None,,,Each
NE-HVAC-Unitary-addVFDPMMtr,Hsp,Ex,CZ03,cDXOH,0,NE-HV_AirDist-SupFanMtr-cDXOH-2SpClgHtg-Cnst,None,,None,NE-HV_AirDist-SupFanMtr-cDXOH-2SpClgHtg-VFDPMMtr,None,,,Each
NE-HVAC-Unitary-addVFDStdMtr,Hsp,Ex,CZ03,cDXOH,0,NE-HV_AirDist-SupFanMtr-cDXOH-2SpClgHtg-Cnst,None,,None,NE-HV_AirDist-SupFanMtr-cDXOH-2SpClgHtg-VFDStdMtr,None,,,Each
NE-HVAC-Unitary-addVFDExMtr,Hsp,Ex,CZ02,cDXOH,0,NE-HV_AirDist-SupFanMtr-cDXOH-2SpClgHtg-Cnst,None,,None,NE-HV_AirDist-SupFanMtr-cDXOH-2SpClgHtg-VFDExMtr,None,,,Each
NE-HVAC-Unitary-addVFDPMMtr,Hsp,Ex,CZ02,cDXOH,0,NE-HV_AirDist-SupFanMtr-cDXOH-2SpClgHtg-Cnst,None,,None,NE-HV_AirDist-SupFanMtr-cDXOH-2SpClgHtg-VFDPMMtr,None,,,Each
NE-HVAC-Unitary-addVFDStdMtr,Hsp,Ex,CZ02,cDXOH,0,NE-HV_AirDist-SupFanMtr-cDXOH-2SpClgHtg-Cnst,None,,None,NE-HV_AirDist-SupFanMtr-cDXOH-2SpClgHtg-VFDStdMtr,None,,,Each
NE-HVAC-Unitary-addVFDExMtr,Hsp,Ex,CZ01,cDXOH,0,NE-HV_AirDist-SupFanMtr-cDXOH-2SpClgHtg-Cnst,None,,None,NE-HV_AirDist-SupFanMtr-cDXOH-2SpClgHtg-VFDExMtr,None,,,Each
NE-HVAC-Unitary-addVFDPMMtr,Hsp,Ex,CZ01,cDXOH,0,NE-HV_AirDist-SupFanMtr-cDXOH-2SpClgHtg-Cnst,None,,None,NE-HV_AirDist-SupFanMtr-cDXOH-2SpClgHtg-VFDPMMtr,None,,,Each
NE-HVAC-Unitary-addVFDStdMtr,Hsp,Ex,CZ01,cDXOH,0,NE-HV_AirDist-SupFanMtr-cDXOH-2SpClgHtg-Cnst,None,,None,NE-HV_AirDist-SupFanMtr-cDXOH-2SpClgHtg-VFDStdMtr,None,,,Each
NE-HVAC-Unitary-addVFDExMtr,Hsp,Ex,CZ16,cDXHP,0,NE-HV_AirDist-SupFanMtr-cDXHP-2SpClgHtg-Cnst,None,,None,NE-HV_AirDist-SupFanMtr-cDXHP-2SpClgHtg-VFDExMtr,None,,,Each
NE-HVAC-Unitary-addVFDPMMtr,Hsp,Ex,CZ16,cDXHP,0,NE-HV_AirDist-SupFanMtr-cDXHP-2SpClgHtg-Cnst,None,,None,NE-HV_AirDist-SupFanMtr-cDXHP-2SpClgHtg-VFDPMMtr,None,,,Each
NE-HVAC-Unitary-addVFDStdMtr,Hsp,Ex,CZ16,cDXHP,0,NE-HV_AirDist-SupFanMtr-cDXHP-2SpClgHtg-Cnst,None,,None,NE-HV_AirDist-SupFanMtr-cDXHP-2SpClgHtg-VFDStdMtr,None,,,Each
NE-HVAC-Unitary-addVFDExMtr,Hsp,Ex,CZ15,cDXHP,0,NE-HV_AirDist-SupFanMtr-cDXHP-2SpClgHtg-Cnst,None,,None,NE-HV_AirDist-SupFanMtr-cDXHP-2SpClgHtg-VFDExMtr,None,,,Each
NE-HVAC-Unitary-addVFDPMMtr,Hsp,Ex,CZ15,cDXHP,0,NE-HV_AirDist-SupFanMtr-cDXHP-2SpClgHtg-Cnst,None,,None,NE-HV_AirDist-SupFanMtr-cDXHP-2SpClgHtg-VFDPMMtr,None,,,Each
NE-HVAC-Unitary-addVFDStdMtr,Hsp,Ex,CZ15,cDXHP,0,NE-HV_AirDist-SupFanMtr-cDXHP-2SpClgHtg-Cnst,None,,None,NE-HV_AirDist-SupFanMtr-cDXHP-2SpClgHtg-VFDStdMtr,None,,,Each
NE-HVAC-Unitary-addVFDExMtr,Hsp,Ex,CZ14,cDXHP,0,NE-HV_AirDist-SupFanMtr-cDXHP-2SpClgHtg-Cnst,None,,None,NE-HV_AirDist-SupFanMtr-cDXHP-2SpClgHtg-VFDExMtr,None,,,Each
NE-HVAC-Unitary-addVFDPMMtr,Hsp,Ex,CZ14,cDXHP,0,NE-HV_AirDist-SupFanMtr-cDXHP-2SpClgHtg-Cnst,None,,None,NE-HV_AirDist-SupFanMtr-cDXHP-2SpClgHtg-VFDPMMtr,None,,,Each
NE-HVAC-Unitary-addVFDStdMtr,Hsp,Ex,CZ14,cDXHP,0,NE-HV_AirDist-SupFanMtr-cDXHP-2SpClgHtg-Cnst,None,,None,NE-HV_AirDist-SupFanMtr-cDXHP-2SpClgHtg-VFDStdMtr,None,,,Each
NE-HVAC-Unitary-addVFDExMtr,Hsp,Ex,CZ13,cDXHP,0,NE-HV_AirDist-SupFanMtr-cDXHP-2SpClgHtg-Cnst,None,,None,NE-HV_AirDist-SupFanMtr-cDXHP-2SpClgHtg-VFDExMtr,None,,,Each
NE-HVAC-Unitary-addVFDPMMtr,Hsp,Ex,CZ13,cDXHP,0,NE-HV_AirDist-SupFanMtr-cDXHP-2SpClgHtg-Cnst,None,,None,NE-HV_AirDist-SupFanMtr-cDXHP-2SpClgHtg-VFDPMMtr,None,,,Each
NE-HVAC-Unitary-addVFDStdMtr,Hsp,Ex,CZ13,cDXHP,0,NE-HV_AirDist-SupFanMtr-cDXHP-2SpClgHtg-Cnst,None,,None,NE-HV_AirDist-SupFanMtr-cDXHP-2SpClgHtg-VFDStdMtr,None,,,Each
NE-HVAC-Unitary-addVFDExMtr,Hsp,Ex,CZ12,cDXHP,0,NE-HV_AirDist-SupFanMtr-cDXHP-2SpClgHtg-Cnst,None,,None,NE-HV_AirDist-SupFanMtr-cDXHP-2SpClgHtg-VFDExMtr,None,,,Each
NE-HVAC-Unitary-addVFDPMMtr,Hsp,Ex,CZ12,cDXHP,0,NE-HV_AirDist-SupFanMtr-cDXHP-2SpClgHtg-Cnst,None,,None,NE-HV_AirDist-SupFanMtr-cDXHP-2SpClgHtg-VFDPMMtr,None,,,Each
NE-HVAC-Unitary-addVFDStdMtr,Hsp,Ex,CZ12,cDXHP,0,NE-HV_AirDist-SupFanMtr-cDXHP-2SpClgHtg-Cnst,None,,None,NE-HV_AirDist-SupFanMtr-cDXHP-2SpClgHtg-VFDStdMtr,None,,,Each
NE-HVAC-Unitary-addVFDExMtr,Hsp,Ex,CZ11,cDXHP,0,NE-HV_AirDist-SupFanMtr-cDXHP-2SpClgHtg-Cnst,None,,None,NE-HV_AirDist-SupFanMtr-cDXHP-2SpClgHtg-VFDExMtr,None,,,Each
NE-HVAC-Unitary-addVFDPMMtr,Hsp,Ex,CZ11,cDXHP,0,NE-HV_AirDist-SupFanMtr-cDXHP-2SpClgHtg-Cnst,None,,None,NE-HV_AirDist-SupFanMtr-cDXHP-2SpClgHtg-VFDPMMtr,None,,,Each
NE-HVAC-Unitary-addVFDStdMtr,Hsp,Ex,CZ11,cDXHP,0,NE-HV_AirDist-SupFanMtr-cDXHP-2SpClgHtg-Cnst,None,,None,NE-HV_AirDist-SupFanMtr-cDXHP-2SpClgHtg-VFDStdMtr,None,,,Each
NE-HVAC-Unitary-addVFDExMtr,Hsp,Ex,CZ10,cDXHP,0,NE-HV_AirDist-SupFanMtr-cDXHP-2SpClgHtg-Cnst,None,,None,NE-HV_AirDist-SupFanMtr-cDXHP-2SpClgHtg-VFDExMtr,None,,,Each
NE-HVAC-Unitary-addVFDPMMtr,Hsp,Ex,CZ10,cDXHP,0,NE-HV_AirDist-SupFanMtr-cDXHP-2SpClgHtg-Cnst,None,,None,NE-HV_AirDist-SupFanMtr-cDXHP-2SpClgHtg-VFDPMMtr,None,,,Each
NE-HVAC-Unitary-addVFDStdMtr,Hsp,Ex,CZ10,cDXHP,0,NE-HV_AirDist-SupFanMtr-cDXHP-2SpClgHtg-Cnst,None,,None,NE-HV_AirDist-SupFanMtr-cDXHP-2SpClgHtg-VFDStdMtr,None,,,Each
NE-HVAC-Unitary-addVFDExMtr,Hsp,Ex,CZ09,cDXHP,0,NE-HV_AirDist-SupFanMtr-cDXHP-2SpClgHtg-Cnst,None,,None,NE-HV_AirDist-SupFanMtr-cDXHP-2SpClgHtg-VFDExMtr,None,,,Each
NE-HVAC-Unitary-addVFDPMMtr,Hsp,Ex,CZ09,cDXHP,0,NE-HV_AirDist-SupFanMtr-cDXHP-2SpClgHtg-Cnst,None,,None,NE-HV_AirDist-SupFanMtr-cDXHP-2SpClgHtg-VFDPMMtr,None,,,Each
NE-HVAC-Unitary-addVFDStdMtr,Hsp,Ex,CZ09,cDXHP,0,NE-HV_AirDist-SupFanMtr-cDXHP-2SpClgHtg-Cnst,None,,None,NE-HV_AirDist-SupFanMtr-cDXHP-2SpClgHtg-VFDStdMtr,None,,,Each
NE-HVAC-Unitary-addVFDExMtr,Hsp,Ex,CZ08,cDXHP,0,NE-HV_AirDist-SupFanMtr-cDXHP-2SpClgHtg-Cnst,None,,None,NE-HV_AirDist-SupFanMtr-cDXHP-2SpClgHtg-VFDExMtr,None,,,Each
NE-HVAC-Unitary-addVFDPMMtr,Hsp,Ex,CZ08,cDXHP,0,NE-HV_AirDist-SupFanMtr-cDXHP-2SpClgHtg-Cnst,None,,None,NE-HV_AirDist-SupFanMtr-cDXHP-2SpClgHtg-VFDPMMtr,None,,,Each
NE-HVAC-Unitary-addVFDStdMtr,Hsp,Ex,CZ08,cDXHP,0,NE-HV_AirDist-SupFanMtr-cDXHP-2SpClgHtg-Cnst,None,,None,NE-HV_AirDist-SupFanMtr-cDXHP-2SpClgHtg-VFDStdMtr,None,,,Each
NE-HVAC-Unitary-addVFDExMtr,Hsp,Ex,CZ07,cDXHP,0,NE-HV_AirDist-SupFanMtr-cDXHP-2SpClgHtg-Cnst,None,,None,NE-HV_AirDist-SupFanMtr-cDXHP-2SpClgHtg-VFDExMtr,None,,,Each
NE-HVAC-Unitary-addVFDPMMtr,Hsp,Ex,CZ07,cDXHP,0,NE-HV_AirDist-SupFanMtr-cDXHP-2SpClgHtg-Cnst,None,,None,NE-HV_AirDist-SupFanMtr-cDXHP-2SpClgHtg-VFDPMMtr,None,,,Each
NE-HVAC-Unitary-addVFDStdMtr,Hsp,Ex,CZ07,cDXHP,0,NE-HV_AirDist-SupFanMtr-cDXHP-2SpClgHtg-Cnst,None,,None,NE-HV_AirDist-SupFanMtr-cDXHP-2SpClgHtg-VFDStdMtr,None,,,Each
NE-HVAC-Unitary-addVFDExMtr,Hsp,Ex,CZ06,cDXHP,0,NE-HV_AirDist-SupFanMtr-cDXHP-2SpClgHtg-Cnst,None,,None,NE-HV_AirDist-SupFanMtr-cDXHP-2SpClgHtg-VFDExMtr,None,,,Each
NE-HVAC-Unitary-addVFDPMMtr,Hsp,Ex,CZ06,cDXHP,0,NE-HV_AirDist-SupFanMtr-cDXHP-2SpClgHtg-Cnst,None,,None,NE-HV_AirDist-SupFanMtr-cDXHP-2SpClgHtg-VFDPMMtr,None,,,Each
NE-HVAC-Unitary-addVFDStdMtr,Hsp,Ex,CZ06,cDXHP,0,NE-HV_AirDist-SupFanMtr-cDXHP-2SpClgHtg-Cnst,None,,None,NE-HV_AirDist-SupFanMtr-cDXHP-2SpClgHtg-VFDStdMtr,None,,,Each
NE-HVAC-Unitary-addVFDExMtr,Hsp,Ex,CZ05,cDXHP,0,NE-HV_AirDist-SupFanMtr-cDXHP-2SpClgHtg-Cnst,None,,None,NE-HV_AirDist-SupFanMtr-cDXHP-2SpClgHtg-VFDExMtr,None,,,Each
NE-HVAC-Unitary-addVFDPMMtr,Hsp,Ex,CZ05,cDXHP,0,NE-HV_AirDist-SupFanMtr-cDXHP-2SpClgHtg-Cnst,None,,None,NE-HV_AirDist-SupFanMtr-cDXHP-2SpClgHtg-VFDPMMtr,None,,,Each
NE-HVAC-Unitary-addVFDStdMtr,Hsp,Ex,CZ05,cDXHP,0,NE-HV_AirDist-SupFanMtr-cDXHP-2SpClgHtg-Cnst,None,,None,NE-HV_AirDist-SupFanMtr-cDXHP-2SpClgHtg-VFDStdMtr,None,,,Each
NE-HVAC-Unitary-addVFDExMtr,Hsp,Ex,CZ04,cDXHP,0,NE-HV_AirDist-SupFanMtr-cDXHP-2SpClgHtg-Cnst,None,,None,NE-HV_AirDist-SupFanMtr-cDXHP-2SpClgHtg-VFDExMtr,None,,,Each
NE-HVAC-Unitary-addVFDPMMtr,Hsp,Ex,CZ04,cDXHP,0,NE-HV_AirDist-SupFanMtr-cDXHP-2SpClgHtg-Cnst,None,,None,NE-HV_AirDist-SupFanMtr-cDXHP-2SpClgHtg-VFDPMMtr,None,,,Each
NE-HVAC-Unitary-addVFDStdMtr,Hsp,Ex,CZ04,cDXHP,0,NE-HV_AirDist-SupFanMtr-cDXHP-2SpClgHtg-Cnst,None,,None,NE-HV_AirDist-SupFanMtr-cDXHP-2SpClgHtg-VFDStdMtr,None,,,Each
NE-HVAC-Unitary-addVFDExMtr,Hsp,Ex,CZ03,cDXHP,0,NE-HV_AirDist-SupFanMtr-cDXHP-2SpClgHtg-Cnst,None,,None,NE-HV_AirDist-SupFanMtr-cDXHP-2SpClgHtg-VFDExMtr,None,,,Each
NE-HVAC-Unitary-addVFDPMMtr,Hsp,Ex,CZ03,cDXHP,0,NE-HV_AirDist-SupFanMtr-cDXHP-2SpClgHtg-Cnst,None,,None,NE-HV_AirDist-SupFanMtr-cDXHP-2SpClgHtg-VFDPMMtr,None,,,Each
NE-HVAC-Unitary-addVFDStdMtr,Hsp,Ex,CZ03,cDXHP,0,NE-HV_AirDist-SupFanMtr-cDXHP-2SpClgHtg-Cnst,None,,None,NE-HV_AirDist-SupFanMtr-cDXHP-2SpClgHtg-VFDStdMtr,None,,,Each
NE-HVAC-Unitary-addVFDExMtr,Hsp,Ex,CZ02,cDXHP,0,NE-HV_AirDist-SupFanMtr-cDXHP-2SpClgHtg-Cnst,None,,None,NE-HV_AirDist-SupFanMtr-cDXHP-2SpClgHtg-VFDExMtr,None,,,Each
NE-HVAC-Unitary-addVFDPMMtr,Hsp,Ex,CZ02,cDXHP,0,NE-HV_AirDist-SupFanMtr-cDXHP-2SpClgHtg-Cnst,None,,None,NE-HV_AirDist-SupFanMtr-cDXHP-2SpClgHtg-VFDPMMtr,None,,,Each
NE-HVAC-Unitary-addVFDStdMtr,Hsp,Ex,CZ02,cDXHP,0,NE-HV_AirDist-SupFanMtr-cDXHP-2SpClgHtg-Cnst,None,,None,NE-HV_AirDist-SupFanMtr-cDXHP-2SpClgHtg-VFDStdMtr,None,,,Each
NE-HVAC-Unitary-addVFDExMtr,Hsp,Ex,CZ01,cDXHP,0,NE-HV_AirDist-SupFanMtr-cDXHP-2SpClgHtg-Cnst,None,,None,NE-HV_AirDist-SupFanMtr-cDXHP-2SpClgHtg-VFDExMtr,None,,,Each
NE-HVAC-Unitary-addVFDPMMtr,Hsp,Ex,CZ01,cDXHP,0,NE-HV_AirDist-SupFanMtr-cDXHP-2SpClgHtg-Cnst,None,,None,NE-HV_AirDist-SupFanMtr-cDXHP-2SpClgHtg-VFDPMMtr,None,,,Each
NE-HVAC-Unitary-addVFDStdMtr,Hsp,Ex,CZ01,cDXHP,0,NE-HV_AirDist-SupFanMtr-cDXHP-2SpClgHtg-Cnst,None,,None,NE-HV_AirDist-SupFanMtr-cDXHP-2SpClgHtg-VFDStdMtr,None,,,Each
NE-HVAC-Unitary-addVFDExMtr,Hsp,Ex,CZ16,cDXGF,0,NE-HV_AirDist-SupFanMtr-cDXGF-2SpClgHtg-Cnst,None,,None,NE-HV_AirDist-SupFanMtr-cDXGF-2SpClgHtg-VFDExMtr,None,,,Each
NE-HVAC-Unitary-addVFDPMMtr,Hsp,Ex,CZ16,cDXGF,0,NE-HV_AirDist-SupFanMtr-cDXGF-2SpClgHtg-Cnst,None,,None,NE-HV_AirDist-SupFanMtr-cDXGF-2SpClgHtg-VFDPMMtr,None,,,Each
NE-HVAC-Unitary-addVFDStdMtr,Hsp,Ex,CZ16,cDXGF,0,NE-HV_AirDist-SupFanMtr-cDXGF-2SpClgHtg-Cnst,None,,None,NE-HV_AirDist-SupFanMtr-cDXGF-2SpClgHtg-VFDStdMtr,None,,,Each
NE-HVAC-Unitary-addVFDExMtr,Hsp,Ex,CZ15,cDXGF,0,NE-HV_AirDist-SupFanMtr-cDXGF-2SpClgHtg-Cnst,None,,None,NE-HV_AirDist-SupFanMtr-cDXGF-2SpClgHtg-VFDExMtr,None,,,Each
NE-HVAC-Unitary-addVFDPMMtr,Hsp,Ex,CZ15,cDXGF,0,NE-HV_AirDist-SupFanMtr-cDXGF-2SpClgHtg-Cnst,None,,None,NE-HV_AirDist-SupFanMtr-cDXGF-2SpClgHtg-VFDPMMtr,None,,,Each
NE-HVAC-Unitary-addVFDStdMtr,Hsp,Ex,CZ15,cDXGF,0,NE-HV_AirDist-SupFanMtr-cDXGF-2SpClgHtg-Cnst,None,,None,NE-HV_AirDist-SupFanMtr-cDXGF-2SpClgHtg-VFDStdMtr,None,,,Each
NE-HVAC-Unitary-addVFDExMtr,Hsp,Ex,CZ14,cDXGF,0,NE-HV_AirDist-SupFanMtr-cDXGF-2SpClgHtg-Cnst,None,,None,NE-HV_AirDist-SupFanMtr-cDXGF-2SpClgHtg-VFDExMtr,None,,,Each
NE-HVAC-Unitary-addVFDPMMtr,Hsp,Ex,CZ14,cDXGF,0,NE-HV_AirDist-SupFanMtr-cDXGF-2SpClgHtg-Cnst,None,,None,NE-HV_AirDist-SupFanMtr-cDXGF-2SpClgHtg-VFDPMMtr,None,,,Each
NE-HVAC-Unitary-addVFDStdMtr,Hsp,Ex,CZ14,cDXGF,0,NE-HV_AirDist-SupFanMtr-cDXGF-2SpClgHtg-Cnst,None,,None,NE-HV_AirDist-SupFanMtr-cDXGF-2SpClgHtg-VFDStdMtr,None,,,Each
NE-HVAC-Unitary-addVFDExMtr,Hsp,Ex,CZ13,cDXGF,0,NE-HV_AirDist-SupFanMtr-cDXGF-2SpClgHtg-Cnst,None,,None,NE-HV_AirDist-SupFanMtr-cDXGF-2SpClgHtg-VFDExMtr,None,,,Each
NE-HVAC-Unitary-addVFDPMMtr,Hsp,Ex,CZ13,cDXGF,0,NE-HV_AirDist-SupFanMtr-cDXGF-2SpClgHtg-Cnst,None,,None,NE-HV_AirDist-SupFanMtr-cDXGF-2SpClgHtg-VFDPMMtr,None,,,Each
NE-HVAC-Unitary-addVFDStdMtr,Hsp,Ex,CZ13,cDXGF,0,NE-HV_AirDist-SupFanMtr-cDXGF-2SpClgHtg-Cnst,None,,None,NE-HV_AirDist-SupFanMtr-cDXGF-2SpClgHtg-VFDStdMtr,None,,,Each
NE-HVAC-Unitary-addVFDExMtr,Hsp,Ex,CZ12,cDXGF,0,NE-HV_AirDist-SupFanMtr-cDXGF-2SpClgHtg-Cnst,None,,None,NE-HV_AirDist-SupFanMtr-cDXGF-2SpClgHtg-VFDExMtr,None,,,Each
NE-HVAC-Unitary-addVFDPMMtr,Hsp,Ex,CZ12,cDXGF,0,NE-HV_AirDist-SupFanMtr-cDXGF-2SpClgHtg-Cnst,None,,None,NE-HV_AirDist-SupFanMtr-cDXGF-2SpClgHtg-VFDPMMtr,None,,,Each
NE-HVAC-Unitary-addVFDStdMtr,Hsp,Ex,CZ12,cDXGF,0,NE-HV_AirDist-SupFanMtr-cDXGF-2SpClgHtg-Cnst,None,,None,NE-HV_AirDist-SupFanMtr-cDXGF-2SpClgHtg-VFDStdMtr,None,,,Each
NE-HVAC-Unitary-addVFDExMtr,Hsp,Ex,CZ11,cDXGF,0,NE-HV_AirDist-SupFanMtr-cDXGF-2SpClgHtg-Cnst,None,,None,NE-HV_AirDist-SupFanMtr-cDXGF-2SpClgHtg-VFDExMtr,None,,,Each
NE-HVAC-Unitary-addVFDPMMtr,Hsp,Ex,CZ11,cDXGF,0,NE-HV_AirDist-SupFanMtr-cDXGF-2SpClgHtg-Cnst,None,,None,NE-HV_AirDist-SupFanMtr-cDXGF-2SpClgHtg-VFDPMMtr,None,,,Each
NE-HVAC-Unitary-addVFDStdMtr,Hsp,Ex,CZ11,cDXGF,0,NE-HV_AirDist-SupFanMtr-cDXGF-2SpClgHtg-Cnst,None,,None,NE-HV_AirDist-SupFanMtr-cDXGF-2SpClgHtg-VFDStdMtr,None,,,Each
NE-HVAC-Unitary-addVFDExMtr,Hsp,Ex,CZ10,cDXGF,0,NE-HV_AirDist-SupFanMtr-cDXGF-2SpClgHtg-Cnst,None,,None,NE-HV_AirDist-SupFanMtr-cDXGF-2SpClgHtg-VFDExMtr,None,,,Each
NE-HVAC-Unitary-addVFDPMMtr,Hsp,Ex,CZ10,cDXGF,0,NE-HV_AirDist-SupFanMtr-cDXGF-2SpClgHtg-Cnst,None,,None,NE-HV_AirDist-SupFanMtr-cDXGF-2SpClgHtg-VFDPMMtr,None,,,Each
NE-HVAC-Unitary-addVFDStdMtr,Hsp,Ex,CZ10,cDXGF,0,NE-HV_AirDist-SupFanMtr-cDXGF-2SpClgHtg-Cnst,None,,None,NE-HV_AirDist-SupFanMtr-cDXGF-2SpClgHtg-VFDStdMtr,None,,,Each
NE-HVAC-Unitary-addVFDExMtr,Hsp,Ex,CZ09,cDXGF,0,NE-HV_AirDist-SupFanMtr-cDXGF-2SpClgHtg-Cnst,None,,None,NE-HV_AirDist-SupFanMtr-cDXGF-2SpClgHtg-VFDExMtr,None,,,Each
NE-HVAC-Unitary-addVFDPMMtr,Hsp,Ex,CZ09,cDXGF,0,NE-HV_AirDist-SupFanMtr-cDXGF-2SpClgHtg-Cnst,None,,None,NE-HV_AirDist-SupFanMtr-cDXGF-2SpClgHtg-VFDPMMtr,None,,,Each
NE-HVAC-Unitary-addVFDStdMtr,Hsp,Ex,CZ09,cDXGF,0,NE-HV_AirDist-SupFanMtr-cDXGF-2SpClgHtg-Cnst,None,,None,NE-HV_AirDist-SupFanMtr-cDXGF-2SpClgHtg-VFDStdMtr,None,,,Each
NE-HVAC-Unitary-addVFDExMtr,Hsp,Ex,CZ08,cDXGF,0,NE-HV_AirDist-SupFanMtr-cDXGF-2SpClgHtg-Cnst,None,,None,NE-HV_AirDist-SupFanMtr-cDXGF-2SpClgHtg-VFDExMtr,None,,,Each
NE-HVAC-Unitary-addVFDPMMtr,Hsp,Ex,CZ08,cDXGF,0,NE-HV_AirDist-SupFanMtr-cDXGF-2SpClgHtg-Cnst,None,,None,NE-HV_AirDist-SupFanMtr-cDXGF-2SpClgHtg-VFDPMMtr,None,,,Each
NE-HVAC-Unitary-addVFDStdMtr,Hsp,Ex,CZ08,cDXGF,0,NE-HV_AirDist-SupFanMtr-cDXGF-2SpClgHtg-Cnst,None,,None,NE-HV_AirDist-SupFanMtr-cDXGF-2SpClgHtg-VFDStdMtr,None,,,Each
NE-HVAC-Unitary-addVFDExMtr,Hsp,Ex,CZ07,cDXGF,0,NE-HV_AirDist-SupFanMtr-cDXGF-2SpClgHtg-Cnst,None,,None,NE-HV_AirDist-SupFanMtr-cDXGF-2SpClgHtg-VFDExMtr,None,,,Each
NE-HVAC-Unitary-addVFDPMMtr,Hsp,Ex,CZ07,cDXGF,0,NE-HV_AirDist-SupFanMtr-cDXGF-2SpClgHtg-Cnst,None,,None,NE-HV_AirDist-SupFanMtr-cDXGF-2SpClgHtg-VFDPMMtr,None,,,Each
NE-HVAC-Unitary-addVFDStdMtr,Hsp,Ex,CZ07,cDXGF,0,NE-HV_AirDist-SupFanMtr-cDXGF-2SpClgHtg-Cnst,None,,None,NE-HV_AirDist-SupFanMtr-cDXGF-2SpClgHtg-VFDStdMtr,None,,,Each
NE-HVAC-Unitary-addVFDExMtr,Hsp,Ex,CZ06,cDXGF,0,NE-HV_AirDist-SupFanMtr-cDXGF-2SpClgHtg-Cnst,None,,None,NE-HV_AirDist-SupFanMtr-cDXGF-2SpClgHtg-VFDExMtr,None,,,Each
NE-HVAC-Unitary-addVFDPMMtr,Hsp,Ex,CZ06,cDXGF,0,NE-HV_AirDist-SupFanMtr-cDXGF-2SpClgHtg-Cnst,None,,None,NE-HV_AirDist-SupFanMtr-cDXGF-2SpClgHtg-VFDPMMtr,None,,,Each
NE-HVAC-Unitary-addVFDStdMtr,Hsp,Ex,CZ06,cDXGF,0,NE-HV_AirDist-SupFanMtr-cDXGF-2SpClgHtg-Cnst,None,,None,NE-HV_AirDist-SupFanMtr-cDXGF-2SpClgHtg-VFDStdMtr,None,,,Each
NE-HVAC-Unitary-addVFDExMtr,Hsp,Ex,CZ05,cDXGF,0,NE-HV_AirDist-SupFanMtr-cDXGF-2SpClgHtg-Cnst,None,,None,NE-HV_AirDist-SupFanMtr-cDXGF-2SpClgHtg-VFDExMtr,None,,,Each
NE-HVAC-Unitary-addVFDPMMtr,Hsp,Ex,CZ05,cDXGF,0,NE-HV_AirDist-SupFanMtr-cDXGF-2SpClgHtg-Cnst,None,,None,NE-HV_AirDist-SupFanMtr-cDXGF-2SpClgHtg-VFDPMMtr,None,,,Each
NE-HVAC-Unitary-addVFDStdMtr,Hsp,Ex,CZ05,cDXGF,0,NE-HV_AirDist-SupFanMtr-cDXGF-2SpClgHtg-Cnst,None,,None,NE-HV_AirDist-SupFanMtr-cDXGF-2SpClgHtg-VFDStdMtr,None,,,Each
NE-HVAC-Unitary-addVFDExMtr,Hsp,Ex,CZ04,cDXGF,0,NE-HV_AirDist-SupFanMtr-cDXGF-2SpClgHtg-Cnst,None,,None,NE-HV_AirDist-SupFanMtr-cDXGF-2SpClgHtg-VFDExMtr,None,,,Each
NE-HVAC-Unitary-addVFDPMMtr,Hsp,Ex,CZ04,cDXGF,0,NE-HV_AirDist-SupFanMtr-cDXGF-2SpClgHtg-Cnst,None,,None,NE-HV_AirDist-SupFanMtr-cDXGF-2SpClgHtg-VFDPMMtr,None,,,Each
NE-HVAC-Unitary-addVFDStdMtr,Hsp,Ex,CZ04,cDXGF,0,NE-HV_AirDist-SupFanMtr-cDXGF-2SpClgHtg-Cnst,None,,None,NE-HV_AirDist-SupFanMtr-cDXGF-2SpClgHtg-VFDStdMtr,None,,,Each
NE-HVAC-Unitary-addVFDExMtr,Hsp,Ex,CZ03,cDXGF,0,NE-HV_AirDist-SupFanMtr-cDXGF-2SpClgHtg-Cnst,None,,None,NE-HV_AirDist-SupFanMtr-cDXGF-2SpClgHtg-VFDExMtr,None,,,Each
NE-HVAC-Unitary-addVFDPMMtr,Hsp,Ex,CZ03,cDXGF,0,NE-HV_AirDist-SupFanMtr-cDXGF-2SpClgHtg-Cnst,None,,None,NE-HV_AirDist-SupFanMtr-cDXGF-2SpClgHtg-VFDPMMtr,None,,,Each
NE-HVAC-Unitary-addVFDStdMtr,Hsp,Ex,CZ03,cDXGF,0,NE-HV_AirDist-SupFanMtr-cDXGF-2SpClgHtg-Cnst,None,,None,NE-HV_AirDist-SupFanMtr-cDXGF-2SpClgHtg-VFDStdMtr,None,,,Each
NE-HVAC-Unitary-addVFDExMtr,Hsp,Ex,CZ02,cDXGF,0,NE-HV_AirDist-SupFanMtr-cDXGF-2SpClgHtg-Cnst,None,,None,NE-HV_AirDist-SupFanMtr-cDXGF-2SpClgHtg-VFDExMtr,None,,,Each
NE-HVAC-Unitary-addVFDPMMtr,Hsp,Ex,CZ02,cDXGF,0,NE-HV_AirDist-SupFanMtr-cDXGF-2SpClgHtg-Cnst,None,,None,NE-HV_AirDist-SupFanMtr-cDXGF-2SpClgHtg-VFDPMMtr,None,,,Each
NE-HVAC-Unitary-addVFDStdMtr,Hsp,Ex,CZ02,cDXGF,0,NE-HV_AirDist-SupFanMtr-cDXGF-2SpClgHtg-Cnst,None,,None,NE-HV_AirDist-SupFanMtr-cDXGF-2SpClgHtg-VFDStdMtr,None,,,Each
NE-HVAC-Unitary-addVFDExMtr,Hsp,Ex,CZ01,cDXGF,0,NE-HV_AirDist-SupFanMtr-cDXGF-2SpClgHtg-Cnst,None,,None,NE-HV_AirDist-SupFanMtr-cDXGF-2SpClgHtg-VFDExMtr,None,,,Each
NE-HVAC-Unitary-addVFDPMMtr,Hsp,Ex,CZ01,cDXGF,0,NE-HV_AirDist-SupFanMtr-cDXGF-2SpClgHtg-Cnst,None,,None,NE-HV_AirDist-SupFanMtr-cDXGF-2SpClgHtg-VFDPMMtr,None,,,Each
NE-HVAC-Unitary-addVFDStdMtr,Hsp,Ex,CZ01,cDXGF,0,NE-HV_AirDist-SupFanMtr-cDXGF-2SpClgHtg-Cnst,None,,None,NE-HV_AirDist-SupFanMtr-cDXGF-2SpClgHtg-VFDStdMtr,None,,,Each
NE-HVAC-Unitary-addVFDExMtr,Gro,Ex,CZ16,cDXOH,0,NE-HV_AirDist-SupFanMtr-cDXOH-2SpClgHtg-Cnst,None,,None,NE-HV_AirDist-SupFanMtr-cDXOH-2SpClgHtg-VFDExMtr,None,,,Each
NE-HVAC-Unitary-addVFDPMMtr,Gro,Ex,CZ16,cDXOH,0,NE-HV_AirDist-SupFanMtr-cDXOH-2SpClgHtg-Cnst,None,,None,NE-HV_AirDist-SupFanMtr-cDXOH-2SpClgHtg-VFDPMMtr,None,,,Each
NE-HVAC-Unitary-addVFDStdMtr,Gro,Ex,CZ16,cDXOH,0,NE-HV_AirDist-SupFanMtr-cDXOH-2SpClgHtg-Cnst,None,,None,NE-HV_AirDist-SupFanMtr-cDXOH-2SpClgHtg-VFDStdMtr,None,,,Each
NE-HVAC-Unitary-addVFDExMtr,Gro,Ex,CZ15,cDXOH,0,NE-HV_AirDist-SupFanMtr-cDXOH-2SpClgHtg-Cnst,None,,None,NE-HV_AirDist-SupFanMtr-cDXOH-2SpClgHtg-VFDExMtr,None,,,Each
NE-HVAC-Unitary-addVFDPMMtr,Gro,Ex,CZ15,cDXOH,0,NE-HV_AirDist-SupFanMtr-cDXOH-2SpClgHtg-Cnst,None,,None,NE-HV_AirDist-SupFanMtr-cDXOH-2SpClgHtg-VFDPMMtr,None,,,Each
NE-HVAC-Unitary-addVFDStdMtr,Gro,Ex,CZ15,cDXOH,0,NE-HV_AirDist-SupFanMtr-cDXOH-2SpClgHtg-Cnst,None,,None,NE-HV_AirDist-SupFanMtr-cDXOH-2SpClgHtg-VFDStdMtr,None,,,Each
NE-HVAC-Unitary-addVFDExMtr,Gro,Ex,CZ14,cDXOH,0,NE-HV_AirDist-SupFanMtr-cDXOH-2SpClgHtg-Cnst,None,,None,NE-HV_AirDist-SupFanMtr-cDXOH-2SpClgHtg-VFDExMtr,None,,,Each
NE-HVAC-Unitary-addVFDPMMtr,Gro,Ex,CZ14,cDXOH,0,NE-HV_AirDist-SupFanMtr-cDXOH-2SpClgHtg-Cnst,None,,None,NE-HV_AirDist-SupFanMtr-cDXOH-2SpClgHtg-VFDPMMtr,None,,,Each
NE-HVAC-Unitary-addVFDStdMtr,Gro,Ex,CZ14,cDXOH,0,NE-HV_AirDist-SupFanMtr-cDXOH-2SpClgHtg-Cnst,None,,None,NE-HV_AirDist-SupFanMtr-cDXOH-2SpClgHtg-VFDStdMtr,None,,,Each
NE-HVAC-Unitary-addVFDExMtr,Gro,Ex,CZ13,cDXOH,0,NE-HV_AirDist-SupFanMtr-cDXOH-2SpClgHtg-Cnst,None,,None,NE-HV_AirDist-SupFanMtr-cDXOH-2SpClgHtg-VFDExMtr,None,,,Each
NE-HVAC-Unitary-addVFDPMMtr,Gro,Ex,CZ13,cDXOH,0,NE-HV_AirDist-SupFanMtr-cDXOH-2SpClgHtg-Cnst,None,,None,NE-HV_AirDist-SupFanMtr-cDXOH-2SpClgHtg-VFDPMMtr,None,,,Each
NE-HVAC-Unitary-addVFDStdMtr,Gro,Ex,CZ13,cDXOH,0,NE-HV_AirDist-SupFanMtr-cDXOH-2SpClgHtg-Cnst,None,,None,NE-HV_AirDist-SupFanMtr-cDXOH-2SpClgHtg-VFDStdMtr,None,,,Each
NE-HVAC-Unitary-addVFDExMtr,Gro,Ex,CZ12,cDXOH,0,NE-HV_AirDist-SupFanMtr-cDXOH-2SpClgHtg-Cnst,None,,None,NE-HV_AirDist-SupFanMtr-cDXOH-2SpClgHtg-VFDExMtr,None,,,Each
NE-HVAC-Unitary-addVFDPMMtr,Gro,Ex,CZ12,cDXOH,0,NE-HV_AirDist-SupFanMtr-cDXOH-2SpClgHtg-Cnst,None,,None,NE-HV_AirDist-SupFanMtr-cDXOH-2SpClgHtg-VFDPMMtr,None,,,Each
NE-HVAC-Unitary-addVFDStdMtr,Gro,Ex,CZ12,cDXOH,0,NE-HV_AirDist-SupFanMtr-cDXOH-2SpClgHtg-Cnst,None,,None,NE-HV_AirDist-SupFanMtr-cDXOH-2SpClgHtg-VFDStdMtr,None,,,Each
NE-HVAC-Unitary-addVFDExMtr,Gro,Ex,CZ11,cDXOH,0,NE-HV_AirDist-SupFanMtr-cDXOH-2SpClgHtg-Cnst,None,,None,NE-HV_AirDist-SupFanMtr-cDXOH-2SpClgHtg-VFDExMtr,None,,,Each
NE-HVAC-Unitary-addVFDPMMtr,Gro,Ex,CZ11,cDXOH,0,NE-HV_AirDist-SupFanMtr-cDXOH-2SpClgHtg-Cnst,None,,None,NE-HV_AirDist-SupFanMtr-cDXOH-2SpClgHtg-VFDPMMtr,None,,,Each
NE-HVAC-Unitary-addVFDStdMtr,Gro,Ex,CZ11,cDXOH,0,NE-HV_AirDist-SupFanMtr-cDXOH-2SpClgHtg-Cnst,None,,None,NE-HV_AirDist-SupFanMtr-cDXOH-2SpClgHtg-VFDStdMtr,None,,,Each
NE-HVAC-Unitary-addVFDExMtr,Gro,Ex,CZ10,cDXOH,0,NE-HV_AirDist-SupFanMtr-cDXOH-2SpClgHtg-Cnst,None,,None,NE-HV_AirDist-SupFanMtr-cDXOH-2SpClgHtg-VFDExMtr,None,,,Each
NE-HVAC-Unitary-addVFDPMMtr,Gro,Ex,CZ10,cDXOH,0,NE-HV_AirDist-SupFanMtr-cDXOH-2SpClgHtg-Cnst,None,,None,NE-HV_AirDist-SupFanMtr-cDXOH-2SpClgHtg-VFDPMMtr,None,,,Each
NE-HVAC-Unitary-addVFDStdMtr,Gro,Ex,CZ10,cDXOH,0,NE-HV_AirDist-SupFanMtr-cDXOH-2SpClgHtg-Cnst,None,,None,NE-HV_AirDist-SupFanMtr-cDXOH-2SpClgHtg-VFDStdMtr,None,,,Each
NE-HVAC-Unitary-addVFDExMtr,Gro,Ex,CZ09,cDXOH,0,NE-HV_AirDist-SupFanMtr-cDXOH-2SpClgHtg-Cnst,None,,None,NE-HV_AirDist-SupFanMtr-cDXOH-2SpClgHtg-VFDExMtr,None,,,Each
NE-HVAC-Unitary-addVFDPMMtr,Gro,Ex,CZ09,cDXOH,0,NE-HV_AirDist-SupFanMtr-cDXOH-2SpClgHtg-Cnst,None,,None,NE-HV_AirDist-SupFanMtr-cDXOH-2SpClgHtg-VFDPMMtr,None,,,Each
NE-HVAC-Unitary-addVFDStdMtr,Gro,Ex,CZ09,cDXOH,0,NE-HV_AirDist-SupFanMtr-cDXOH-2SpClgHtg-Cnst,None,,None,NE-HV_AirDist-SupFanMtr-cDXOH-2SpClgHtg-VFDStdMtr,None,,,Each
NE-HVAC-Unitary-addVFDExMtr,Gro,Ex,CZ08,cDXOH,0,NE-HV_AirDist-SupFanMtr-cDXOH-2SpClgHtg-Cnst,None,,None,NE-HV_AirDist-SupFanMtr-cDXOH-2SpClgHtg-VFDExMtr,None,,,Each
NE-HVAC-Unitary-addVFDPMMtr,Gro,Ex,CZ08,cDXOH,0,NE-HV_AirDist-SupFanMtr-cDXOH-2SpClgHtg-Cnst,None,,None,NE-HV_AirDist-SupFanMtr-cDXOH-2SpClgHtg-VFDPMMtr,None,,,Each
NE-HVAC-Unitary-addVFDStdMtr,Gro,Ex,CZ08,cDXOH,0,NE-HV_AirDist-SupFanMtr-cDXOH-2SpClgHtg-Cnst,None,,None,NE-HV_AirDist-SupFanMtr-cDXOH-2SpClgHtg-VFDStdMtr,None,,,Each
NE-HVAC-Unitary-addVFDExMtr,Gro,Ex,CZ07,cDXOH,0,NE-HV_AirDist-SupFanMtr-cDXOH-2SpClgHtg-Cnst,None,,None,NE-HV_AirDist-SupFanMtr-cDXOH-2SpClgHtg-VFDExMtr,None,,,Each
NE-HVAC-Unitary-addVFDPMMtr,Gro,Ex,CZ07,cDXOH,0,NE-HV_AirDist-SupFanMtr-cDXOH-2SpClgHtg-Cnst,None,,None,NE-HV_AirDist-SupFanMtr-cDXOH-2SpClgHtg-VFDPMMtr,None,,,Each
NE-HVAC-Unitary-addVFDStdMtr,Gro,Ex,CZ07,cDXOH,0,NE-HV_AirDist-SupFanMtr-cDXOH-2SpClgHtg-Cnst,None,,None,NE-HV_AirDist-SupFanMtr-cDXOH-2SpClgHtg-VFDStdMtr,None,,,Each
NE-HVAC-Unitary-addVFDExMtr,Gro,Ex,CZ06,cDXOH,0,NE-HV_AirDist-SupFanMtr-cDXOH-2SpClgHtg-Cnst,None,,None,NE-HV_AirDist-SupFanMtr-cDXOH-2SpClgHtg-VFDExMtr,None,,,Each
NE-HVAC-Unitary-addVFDPMMtr,Gro,Ex,CZ06,cDXOH,0,NE-HV_AirDist-SupFanMtr-cDXOH-2SpClgHtg-Cnst,None,,None,NE-HV_AirDist-SupFanMtr-cDXOH-2SpClgHtg-VFDPMMtr,None,,,Each
NE-HVAC-Unitary-addVFDStdMtr,Gro,Ex,CZ06,cDXOH,0,NE-HV_AirDist-SupFanMtr-cDXOH-2SpClgHtg-Cnst,None,,None,NE-HV_AirDist-SupFanMtr-cDXOH-2SpClgHtg-VFDStdMtr,None,,,Each
NE-HVAC-Unitary-addVFDExMtr,Gro,Ex,CZ05,cDXOH,0,NE-HV_AirDist-SupFanMtr-cDXOH-2SpClgHtg-Cnst,None,,None,NE-HV_AirDist-SupFanMtr-cDXOH-2SpClgHtg-VFDExMtr,None,,,Each
NE-HVAC-Unitary-addVFDPMMtr,Gro,Ex,CZ05,cDXOH,0,NE-HV_AirDist-SupFanMtr-cDXOH-2SpClgHtg-Cnst,None,,None,NE-HV_AirDist-SupFanMtr-cDXOH-2SpClgHtg-VFDPMMtr,None,,,Each
NE-HVAC-Unitary-addVFDStdMtr,Gro,Ex,CZ05,cDXOH,0,NE-HV_AirDist-SupFanMtr-cDXOH-2SpClgHtg-Cnst,None,,None,NE-HV_AirDist-SupFanMtr-cDXOH-2SpClgHtg-VFDStdMtr,None,,,Each
NE-HVAC-Unitary-addVFDExMtr,Gro,Ex,CZ04,cDXOH,0,NE-HV_AirDist-SupFanMtr-cDXOH-2SpClgHtg-Cnst,None,,None,NE-HV_AirDist-SupFanMtr-cDXOH-2SpClgHtg-VFDExMtr,None,,,Each
NE-HVAC-Unitary-addVFDPMMtr,Gro,Ex,CZ04,cDXOH,0,NE-HV_AirDist-SupFanMtr-cDXOH-2SpClgHtg-Cnst,None,,None,NE-HV_AirDist-SupFanMtr-cDXOH-2SpClgHtg-VFDPMMtr,None,,,Each
NE-HVAC-Unitary-addVFDStdMtr,Gro,Ex,CZ04,cDXOH,0,NE-HV_AirDist-SupFanMtr-cDXOH-2SpClgHtg-Cnst,None,,None,NE-HV_AirDist-SupFanMtr-cDXOH-2SpClgHtg-VFDStdMtr,None,,,Each
NE-HVAC-Unitary-addVFDExMtr,Gro,Ex,CZ03,cDXOH,0,NE-HV_AirDist-SupFanMtr-cDXOH-2SpClgHtg-Cnst,None,,None,NE-HV_AirDist-SupFanMtr-cDXOH-2SpClgHtg-VFDExMtr,None,,,Each
NE-HVAC-Unitary-addVFDPMMtr,Gro,Ex,CZ03,cDXOH,0,NE-HV_AirDist-SupFanMtr-cDXOH-2SpClgHtg-Cnst,None,,None,NE-HV_AirDist-SupFanMtr-cDXOH-2SpClgHtg-VFDPMMtr,None,,,Each
NE-HVAC-Unitary-addVFDStdMtr,Gro,Ex,CZ03,cDXOH,0,NE-HV_AirDist-SupFanMtr-cDXOH-2SpClgHtg-Cnst,None,,None,NE-HV_AirDist-SupFanMtr-cDXOH-2SpClgHtg-VFDStdMtr,None,,,Each
NE-HVAC-Unitary-addVFDExMtr,Gro,Ex,CZ02,cDXOH,0,NE-HV_AirDist-SupFanMtr-cDXOH-2SpClgHtg-Cnst,None,,None,NE-HV_AirDist-SupFanMtr-cDXOH-2SpClgHtg-VFDExMtr,None,,,Each
NE-HVAC-Unitary-addVFDPMMtr,Gro,Ex,CZ02,cDXOH,0,NE-HV_AirDist-SupFanMtr-cDXOH-2SpClgHtg-Cnst,None,,None,NE-HV_AirDist-SupFanMtr-cDXOH-2SpClgHtg-VFDPMMtr,None,,,Each
NE-HVAC-Unitary-addVFDStdMtr,Gro,Ex,CZ02,cDXOH,0,NE-HV_AirDist-SupFanMtr-cDXOH-2SpClgHtg-Cnst,None,,None,NE-HV_AirDist-SupFanMtr-cDXOH-2SpClgHtg-VFDStdMtr,None,,,Each
NE-HVAC-Unitary-addVFDExMtr,Gro,Ex,CZ01,cDXOH,0,NE-HV_AirDist-SupFanMtr-cDXOH-2SpClgHtg-Cnst,None,,None,NE-HV_AirDist-SupFanMtr-cDXOH-2SpClgHtg-VFDExMtr,None,,,Each
NE-HVAC-Unitary-addVFDPMMtr,Gro,Ex,CZ01,cDXOH,0,NE-HV_AirDist-SupFanMtr-cDXOH-2SpClgHtg-Cnst,None,,None,NE-HV_AirDist-SupFanMtr-cDXOH-2SpClgHtg-VFDPMMtr,None,,,Each
NE-HVAC-Unitary-addVFDStdMtr,Gro,Ex,CZ01,cDXOH,0,NE-HV_AirDist-SupFanMtr-cDXOH-2SpClgHtg-Cnst,None,,None,NE-HV_AirDist-SupFanMtr-cDXOH-2SpClgHtg-VFDStdMtr,None,,,Each
NE-HVAC-Unitary-addVFDExMtr,Gro,Ex,CZ16,cDXHP,0,NE-HV_AirDist-SupFanMtr-cDXHP-2SpClgHtg-Cnst,None,,None,NE-HV_AirDist-SupFanMtr-cDXHP-2SpClgHtg-VFDExMtr,None,,,Each
NE-HVAC-Unitary-addVFDPMMtr,Gro,Ex,CZ16,cDXHP,0,NE-HV_AirDist-SupFanMtr-cDXHP-2SpClgHtg-Cnst,None,,None,NE-HV_AirDist-SupFanMtr-cDXHP-2SpClgHtg-VFDPMMtr,None,,,Each
NE-HVAC-Unitary-addVFDStdMtr,Gro,Ex,CZ16,cDXHP,0,NE-HV_AirDist-SupFanMtr-cDXHP-2SpClgHtg-Cnst,None,,None,NE-HV_AirDist-SupFanMtr-cDXHP-2SpClgHtg-VFDStdMtr,None,,,Each
NE-HVAC-Unitary-addVFDExMtr,Gro,Ex,CZ15,cDXHP,0,NE-HV_AirDist-SupFanMtr-cDXHP-2SpClgHtg-Cnst,None,,None,NE-HV_AirDist-SupFanMtr-cDXHP-2SpClgHtg-VFDExMtr,None,,,Each
NE-HVAC-Unitary-addVFDPMMtr,Gro,Ex,CZ15,cDXHP,0,NE-HV_AirDist-SupFanMtr-cDXHP-2SpClgHtg-Cnst,None,,None,NE-HV_AirDist-SupFanMtr-cDXHP-2SpClgHtg-VFDPMMtr,None,,,Each
NE-HVAC-Unitary-addVFDStdMtr,Gro,Ex,CZ15,cDXHP,0,NE-HV_AirDist-SupFanMtr-cDXHP-2SpClgHtg-Cnst,None,,None,NE-HV_AirDist-SupFanMtr-cDXHP-2SpClgHtg-VFDStdMtr,None,,,Each
NE-HVAC-Unitary-addVFDExMtr,Gro,Ex,CZ14,cDXHP,0,NE-HV_AirDist-SupFanMtr-cDXHP-2SpClgHtg-Cnst,None,,None,NE-HV_AirDist-SupFanMtr-cDXHP-2SpClgHtg-VFDExMtr,None,,,Each
NE-HVAC-Unitary-addVFDPMMtr,Gro,Ex,CZ14,cDXHP,0,NE-HV_AirDist-SupFanMtr-cDXHP-2SpClgHtg-Cnst,None,,None,NE-HV_AirDist-SupFanMtr-cDXHP-2SpClgHtg-VFDPMMtr,None,,,Each
NE-HVAC-Unitary-addVFDStdMtr,Gro,Ex,CZ14,cDXHP,0,NE-HV_AirDist-SupFanMtr-cDXHP-2SpClgHtg-Cnst,None,,None,NE-HV_AirDist-SupFanMtr-cDXHP-2SpClgHtg-VFDStdMtr,None,,,Each
NE-HVAC-Unitary-addVFDExMtr,Gro,Ex,CZ13,cDXHP,0,NE-HV_AirDist-SupFanMtr-cDXHP-2SpClgHtg-Cnst,None,,None,NE-HV_AirDist-SupFanMtr-cDXHP-2SpClgHtg-VFDExMtr,None,,,Each
NE-HVAC-Unitary-addVFDPMMtr,Gro,Ex,CZ13,cDXHP,0,NE-HV_AirDist-SupFanMtr-cDXHP-2SpClgHtg-Cnst,None,,None,NE-HV_AirDist-SupFanMtr-cDXHP-2SpClgHtg-VFDPMMtr,None,,,Each
NE-HVAC-Unitary-addVFDStdMtr,Gro,Ex,CZ13,cDXHP,0,NE-HV_AirDist-SupFanMtr-cDXHP-2SpClgHtg-Cnst,None,,None,NE-HV_AirDist-SupFanMtr-cDXHP-2SpClgHtg-VFDStdMtr,None,,,Each
NE-HVAC-Unitary-addVFDExMtr,Gro,Ex,CZ12,cDXHP,0,NE-HV_AirDist-SupFanMtr-cDXHP-2SpClgHtg-Cnst,None,,None,NE-HV_AirDist-SupFanMtr-cDXHP-2SpClgHtg-VFDExMtr,None,,,Each
NE-HVAC-Unitary-addVFDPMMtr,Gro,Ex,CZ12,cDXHP,0,NE-HV_AirDist-SupFanMtr-cDXHP-2SpClgHtg-Cnst,None,,None,NE-HV_AirDist-SupFanMtr-cDXHP-2SpClgHtg-VFDPMMtr,None,,,Each
NE-HVAC-Unitary-addVFDStdMtr,Gro,Ex,CZ12,cDXHP,0,NE-HV_AirDist-SupFanMtr-cDXHP-2SpClgHtg-Cnst,None,,None,NE-HV_AirDist-SupFanMtr-cDXHP-2SpClgHtg-VFDStdMtr,None,,,Each
NE-HVAC-Unitary-addVFDExMtr,Gro,Ex,CZ11,cDXHP,0,NE-HV_AirDist-SupFanMtr-cDXHP-2SpClgHtg-Cnst,None,,None,NE-HV_AirDist-SupFanMtr-cDXHP-2SpClgHtg-VFDExMtr,None,,,Each
NE-HVAC-Unitary-addVFDPMMtr,Gro,Ex,CZ11,cDXHP,0,NE-HV_AirDist-SupFanMtr-cDXHP-2SpClgHtg-Cnst,None,,None,NE-HV_AirDist-SupFanMtr-cDXHP-2SpClgHtg-VFDPMMtr,None,,,Each
NE-HVAC-Unitary-addVFDStdMtr,Gro,Ex,CZ11,cDXHP,0,NE-HV_AirDist-SupFanMtr-cDXHP-2SpClgHtg-Cnst,None,,None,NE-HV_AirDist-SupFanMtr-cDXHP-2SpClgHtg-VFDStdMtr,None,,,Each
NE-HVAC-Unitary-addVFDExMtr,Gro,Ex,CZ10,cDXHP,0,NE-HV_AirDist-SupFanMtr-cDXHP-2SpClgHtg-Cnst,None,,None,NE-HV_AirDist-SupFanMtr-cDXHP-2SpClgHtg-VFDExMtr,None,,,Each
NE-HVAC-Unitary-addVFDPMMtr,Gro,Ex,CZ10,cDXHP,0,NE-HV_AirDist-SupFanMtr-cDXHP-2SpClgHtg-Cnst,None,,None,NE-HV_AirDist-SupFanMtr-cDXHP-2SpClgHtg-VFDPMMtr,None,,,Each
NE-HVAC-Unitary-addVFDStdMtr,Gro,Ex,CZ10,cDXHP,0,NE-HV_AirDist-SupFanMtr-cDXHP-2SpClgHtg-Cnst,None,,None,NE-HV_AirDist-SupFanMtr-cDXHP-2SpClgHtg-VFDStdMtr,None,,,Each
NE-HVAC-Unitary-addVFDExMtr,Gro,Ex,CZ09,cDXHP,0,NE-HV_AirDist-SupFanMtr-cDXHP-2SpClgHtg-Cnst,None,,None,NE-HV_AirDist-SupFanMtr-cDXHP-2SpClgHtg-VFDExMtr,None,,,Each
NE-HVAC-Unitary-addVFDPMMtr,Gro,Ex,CZ09,cDXHP,0,NE-HV_AirDist-SupFanMtr-cDXHP-2SpClgHtg-Cnst,None,,None,NE-HV_AirDist-SupFanMtr-cDXHP-2SpClgHtg-VFDPMMtr,None,,,Each
NE-HVAC-Unitary-addVFDStdMtr,Gro,Ex,CZ09,cDXHP,0,NE-HV_AirDist-SupFanMtr-cDXHP-2SpClgHtg-Cnst,None,,None,NE-HV_AirDist-SupFanMtr-cDXHP-2SpClgHtg-VFDStdMtr,None,,,Each
NE-HVAC-Unitary-addVFDExMtr,Gro,Ex,CZ08,cDXHP,0,NE-HV_AirDist-SupFanMtr-cDXHP-2SpClgHtg-Cnst,None,,None,NE-HV_AirDist-SupFanMtr-cDXHP-2SpClgHtg-VFDExMtr,None,,,Each
NE-HVAC-Unitary-addVFDPMMtr,Gro,Ex,CZ08,cDXHP,0,NE-HV_AirDist-SupFanMtr-cDXHP-2SpClgHtg-Cnst,None,,None,NE-HV_AirDist-SupFanMtr-cDXHP-2SpClgHtg-VFDPMMtr,None,,,Each
NE-HVAC-Unitary-addVFDStdMtr,Gro,Ex,CZ08,cDXHP,0,NE-HV_AirDist-SupFanMtr-cDXHP-2SpClgHtg-Cnst,None,,None,NE-HV_AirDist-SupFanMtr-cDXHP-2SpClgHtg-VFDStdMtr,None,,,Each
NE-HVAC-Unitary-addVFDExMtr,Gro,Ex,CZ07,cDXHP,0,NE-HV_AirDist-SupFanMtr-cDXHP-2SpClgHtg-Cnst,None,,None,NE-HV_AirDist-SupFanMtr-cDXHP-2SpClgHtg-VFDExMtr,None,,,Each
NE-HVAC-Unitary-addVFDPMMtr,Gro,Ex,CZ07,cDXHP,0,NE-HV_AirDist-SupFanMtr-cDXHP-2SpClgHtg-Cnst,None,,None,NE-HV_AirDist-SupFanMtr-cDXHP-2SpClgHtg-VFDPMMtr,None,,,Each
NE-HVAC-Unitary-addVFDStdMtr,Gro,Ex,CZ07,cDXHP,0,NE-HV_AirDist-SupFanMtr-cDXHP-2SpClgHtg-Cnst,None,,None,NE-HV_AirDist-SupFanMtr-cDXHP-2SpClgHtg-VFDStdMtr,None,,,Each
NE-HVAC-Unitary-addVFDExMtr,Gro,Ex,CZ06,cDXHP,0,NE-HV_AirDist-SupFanMtr-cDXHP-2SpClgHtg-Cnst,None,,None,NE-HV_AirDist-SupFanMtr-cDXHP-2SpClgHtg-VFDExMtr,None,,,Each
NE-HVAC-Unitary-addVFDPMMtr,Gro,Ex,CZ06,cDXHP,0,NE-HV_AirDist-SupFanMtr-cDXHP-2SpClgHtg-Cnst,None,,None,NE-HV_AirDist-SupFanMtr-cDXHP-2SpClgHtg-VFDPMMtr,None,,,Each
NE-HVAC-Unitary-addVFDStdMtr,Gro,Ex,CZ06,cDXHP,0,NE-HV_AirDist-SupFanMtr-cDXHP-2SpClgHtg-Cnst,None,,None,NE-HV_AirDist-SupFanMtr-cDXHP-2SpClgHtg-VFDStdMtr,None,,,Each
NE-HVAC-Unitary-addVFDExMtr,Gro,Ex,CZ05,cDXHP,0,NE-HV_AirDist-SupFanMtr-cDXHP-2SpClgHtg-Cnst,None,,None,NE-HV_AirDist-SupFanMtr-cDXHP-2SpClgHtg-VFDExMtr,None,,,Each
NE-HVAC-Unitary-addVFDPMMtr,Gro,Ex,CZ05,cDXHP,0,NE-HV_AirDist-SupFanMtr-cDXHP-2SpClgHtg-Cnst,None,,None,NE-HV_AirDist-SupFanMtr-cDXHP-2SpClgHtg-VFDPMMtr,None,,,Each
NE-HVAC-Unitary-addVFDStdMtr,Gro,Ex,CZ05,cDXHP,0,NE-HV_AirDist-SupFanMtr-cDXHP-2SpClgHtg-Cnst,None,,None,NE-HV_AirDist-SupFanMtr-cDXHP-2SpClgHtg-VFDStdMtr,None,,,Each
NE-HVAC-Unitary-addVFDExMtr,Gro,Ex,CZ04,cDXHP,0,NE-HV_AirDist-SupFanMtr-cDXHP-2SpClgHtg-Cnst,None,,None,NE-HV_AirDist-SupFanMtr-cDXHP-2SpClgHtg-VFDExMtr,None,,,Each
NE-HVAC-Unitary-addVFDPMMtr,Gro,Ex,CZ04,cDXHP,0,NE-HV_AirDist-SupFanMtr-cDXHP-2SpClgHtg-Cnst,None,,None,NE-HV_AirDist-SupFanMtr-cDXHP-2SpClgHtg-VFDPMMtr,None,,,Each
NE-HVAC-Unitary-addVFDStdMtr,Gro,Ex,CZ04,cDXHP,0,NE-HV_AirDist-SupFanMtr-cDXHP-2SpClgHtg-Cnst,None,,None,NE-HV_AirDist-SupFanMtr-cDXHP-2SpClgHtg-VFDStdMtr,None,,,Each
NE-HVAC-Unitary-addVFDExMtr,Gro,Ex,CZ03,cDXHP,0,NE-HV_AirDist-SupFanMtr-cDXHP-2SpClgHtg-Cnst,None,,None,NE-HV_AirDist-SupFanMtr-cDXHP-2SpClgHtg-VFDExMtr,None,,,Each
NE-HVAC-Unitary-addVFDPMMtr,Gro,Ex,CZ03,cDXHP,0,NE-HV_AirDist-SupFanMtr-cDXHP-2SpClgHtg-Cnst,None,,None,NE-HV_AirDist-SupFanMtr-cDXHP-2SpClgHtg-VFDPMMtr,None,,,Each
NE-HVAC-Unitary-addVFDStdMtr,Gro,Ex,CZ03,cDXHP,0,NE-HV_AirDist-SupFanMtr-cDXHP-2SpClgHtg-Cnst,None,,None,NE-HV_AirDist-SupFanMtr-cDXHP-2SpClgHtg-VFDStdMtr,None,,,Each
NE-HVAC-Unitary-addVFDExMtr,Gro,Ex,CZ02,cDXHP,0,NE-HV_AirDist-SupFanMtr-cDXHP-2SpClgHtg-Cnst,None,,None,NE-HV_AirDist-SupFanMtr-cDXHP-2SpClgHtg-VFDExMtr,None,,,Each
NE-HVAC-Unitary-addVFDPMMtr,Gro,Ex,CZ02,cDXHP,0,NE-HV_AirDist-SupFanMtr-cDXHP-2SpClgHtg-Cnst,None,,None,NE-HV_AirDist-SupFanMtr-cDXHP-2SpClgHtg-VFDPMMtr,None,,,Each
NE-HVAC-Unitary-addVFDStdMtr,Gro,Ex,CZ02,cDXHP,0,NE-HV_AirDist-SupFanMtr-cDXHP-2SpClgHtg-Cnst,None,,None,NE-HV_AirDist-SupFanMtr-cDXHP-2SpClgHtg-VFDStdMtr,None,,,Each
NE-HVAC-Unitary-addVFDExMtr,Gro,Ex,CZ01,cDXHP,0,NE-HV_AirDist-SupFanMtr-cDXHP-2SpClgHtg-Cnst,None,,None,NE-HV_AirDist-SupFanMtr-cDXHP-2SpClgHtg-VFDExMtr,None,,,Each
NE-HVAC-Unitary-addVFDPMMtr,Gro,Ex,CZ01,cDXHP,0,NE-HV_AirDist-SupFanMtr-cDXHP-2SpClgHtg-Cnst,None,,None,NE-HV_AirDist-SupFanMtr-cDXHP-2SpClgHtg-VFDPMMtr,None,,,Each
NE-HVAC-Unitary-addVFDStdMtr,Gro,Ex,CZ01,cDXHP,0,NE-HV_AirDist-SupFanMtr-cDXHP-2SpClgHtg-Cnst,None,,None,NE-HV_AirDist-SupFanMtr-cDXHP-2SpClgHtg-VFDStdMtr,None,,,Each
NE-HVAC-Unitary-addVFDExMtr,Gro,Ex,CZ16,cDXGF,0,NE-HV_AirDist-SupFanMtr-cDXGF-2SpClgHtg-Cnst,None,,None,NE-HV_AirDist-SupFanMtr-cDXGF-2SpClgHtg-VFDExMtr,None,,,Each
NE-HVAC-Unitary-addVFDPMMtr,Gro,Ex,CZ16,cDXGF,0,NE-HV_AirDist-SupFanMtr-cDXGF-2SpClgHtg-Cnst,None,,None,NE-HV_AirDist-SupFanMtr-cDXGF-2SpClgHtg-VFDPMMtr,None,,,Each
NE-HVAC-Unitary-addVFDStdMtr,Gro,Ex,CZ16,cDXGF,0,NE-HV_AirDist-SupFanMtr-cDXGF-2SpClgHtg-Cnst,None,,None,NE-HV_AirDist-SupFanMtr-cDXGF-2SpClgHtg-VFDStdMtr,None,,,Each
NE-HVAC-Unitary-addVFDExMtr,Gro,Ex,CZ15,cDXGF,0,NE-HV_AirDist-SupFanMtr-cDXGF-2SpClgHtg-Cnst,None,,None,NE-HV_AirDist-SupFanMtr-cDXGF-2SpClgHtg-VFDExMtr,None,,,Each
NE-HVAC-Unitary-addVFDPMMtr,Gro,Ex,CZ15,cDXGF,0,NE-HV_AirDist-SupFanMtr-cDXGF-2SpClgHtg-Cnst,None,,None,NE-HV_AirDist-SupFanMtr-cDXGF-2SpClgHtg-VFDPMMtr,None,,,Each
NE-HVAC-Unitary-addVFDStdMtr,Gro,Ex,CZ15,cDXGF,0,NE-HV_AirDist-SupFanMtr-cDXGF-2SpClgHtg-Cnst,None,,None,NE-HV_AirDist-SupFanMtr-cDXGF-2SpClgHtg-VFDStdMtr,None,,,Each
NE-HVAC-Unitary-addVFDExMtr,Gro,Ex,CZ14,cDXGF,0,NE-HV_AirDist-SupFanMtr-cDXGF-2SpClgHtg-Cnst,None,,None,NE-HV_AirDist-SupFanMtr-cDXGF-2SpClgHtg-VFDExMtr,None,,,Each
NE-HVAC-Unitary-addVFDPMMtr,Gro,Ex,CZ14,cDXGF,0,NE-HV_AirDist-SupFanMtr-cDXGF-2SpClgHtg-Cnst,None,,None,NE-HV_AirDist-SupFanMtr-cDXGF-2SpClgHtg-VFDPMMtr,None,,,Each
NE-HVAC-Unitary-addVFDStdMtr,Gro,Ex,CZ14,cDXGF,0,NE-HV_AirDist-SupFanMtr-cDXGF-2SpClgHtg-Cnst,None,,None,NE-HV_AirDist-SupFanMtr-cDXGF-2SpClgHtg-VFDStdMtr,None,,,Each
NE-HVAC-Unitary-addVFDExMtr,Gro,Ex,CZ13,cDXGF,0,NE-HV_AirDist-SupFanMtr-cDXGF-2SpClgHtg-Cnst,None,,None,NE-HV_AirDist-SupFanMtr-cDXGF-2SpClgHtg-VFDExMtr,None,,,Each
NE-HVAC-Unitary-addVFDPMMtr,Gro,Ex,CZ13,cDXGF,0,NE-HV_AirDist-SupFanMtr-cDXGF-2SpClgHtg-Cnst,None,,None,NE-HV_AirDist-SupFanMtr-cDXGF-2SpClgHtg-VFDPMMtr,None,,,Each
NE-HVAC-Unitary-addVFDStdMtr,Gro,Ex,CZ13,cDXGF,0,NE-HV_AirDist-SupFanMtr-cDXGF-2SpClgHtg-Cnst,None,,None,NE-HV_AirDist-SupFanMtr-cDXGF-2SpClgHtg-VFDStdMtr,None,,,Each
NE-HVAC-Unitary-addVFDExMtr,Gro,Ex,CZ12,cDXGF,0,NE-HV_AirDist-SupFanMtr-cDXGF-2SpClgHtg-Cnst,None,,None,NE-HV_AirDist-SupFanMtr-cDXGF-2SpClgHtg-VFDExMtr,None,,,Each
NE-HVAC-Unitary-addVFDPMMtr,Gro,Ex,CZ12,cDXGF,0,NE-HV_AirDist-SupFanMtr-cDXGF-2SpClgHtg-Cnst,None,,None,NE-HV_AirDist-SupFanMtr-cDXGF-2SpClgHtg-VFDPMMtr,None,,,Each
NE-HVAC-Unitary-addVFDStdMtr,Gro,Ex,CZ12,cDXGF,0,NE-HV_AirDist-SupFanMtr-cDXGF-2SpClgHtg-Cnst,None,,None,NE-HV_AirDist-SupFanMtr-cDXGF-2SpClgHtg-VFDStdMtr,None,,,Each
NE-HVAC-Unitary-addVFDExMtr,Gro,Ex,CZ11,cDXGF,0,NE-HV_AirDist-SupFanMtr-cDXGF-2SpClgHtg-Cnst,None,,None,NE-HV_AirDist-SupFanMtr-cDXGF-2SpClgHtg-VFDExMtr,None,,,Each
NE-HVAC-Unitary-addVFDPMMtr,Gro,Ex,CZ11,cDXGF,0,NE-HV_AirDist-SupFanMtr-cDXGF-2SpClgHtg-Cnst,None,,None,NE-HV_AirDist-SupFanMtr-cDXGF-2SpClgHtg-VFDPMMtr,None,,,Each
NE-HVAC-Unitary-addVFDStdMtr,Gro,Ex,CZ11,cDXGF,0,NE-HV_AirDist-SupFanMtr-cDXGF-2SpClgHtg-Cnst,None,,None,NE-HV_AirDist-SupFanMtr-cDXGF-2SpClgHtg-VFDStdMtr,None,,,Each
NE-HVAC-Unitary-addVFDExMtr,Gro,Ex,CZ10,cDXGF,0,NE-HV_AirDist-SupFanMtr-cDXGF-2SpClgHtg-Cnst,None,,None,NE-HV_AirDist-SupFanMtr-cDXGF-2SpClgHtg-VFDExMtr,None,,,Each
NE-HVAC-Unitary-addVFDPMMtr,Gro,Ex,CZ10,cDXGF,0,NE-HV_AirDist-SupFanMtr-cDXGF-2SpClgHtg-Cnst,None,,None,NE-HV_AirDist-SupFanMtr-cDXGF-2SpClgHtg-VFDPMMtr,None,,,Each
NE-HVAC-Unitary-addVFDStdMtr,Gro,Ex,CZ10,cDXGF,0,NE-HV_AirDist-SupFanMtr-cDXGF-2SpClgHtg-Cnst,None,,None,NE-HV_AirDist-SupFanMtr-cDXGF-2SpClgHtg-VFDStdMtr,None,,,Each
NE-HVAC-Unitary-addVFDExMtr,Gro,Ex,CZ09,cDXGF,0,NE-HV_AirDist-SupFanMtr-cDXGF-2SpClgHtg-Cnst,None,,None,NE-HV_AirDist-SupFanMtr-cDXGF-2SpClgHtg-VFDExMtr,None,,,Each
NE-HVAC-Unitary-addVFDPMMtr,Gro,Ex,CZ09,cDXGF,0,NE-HV_AirDist-SupFanMtr-cDXGF-2SpClgHtg-Cnst,None,,None,NE-HV_AirDist-SupFanMtr-cDXGF-2SpClgHtg-VFDPMMtr,None,,,Each
NE-HVAC-Unitary-addVFDStdMtr,Gro,Ex,CZ09,cDXGF,0,NE-HV_AirDist-SupFanMtr-cDXGF-2SpClgHtg-Cnst,None,,None,NE-HV_AirDist-SupFanMtr-cDXGF-2SpClgHtg-VFDStdMtr,None,,,Each
NE-HVAC-Unitary-addVFDExMtr,Gro,Ex,CZ08,cDXGF,0,NE-HV_AirDist-SupFanMtr-cDXGF-2SpClgHtg-Cnst,None,,None,NE-HV_AirDist-SupFanMtr-cDXGF-2SpClgHtg-VFDExMtr,None,,,Each
NE-HVAC-Unitary-addVFDPMMtr,Gro,Ex,CZ08,cDXGF,0,NE-HV_AirDist-SupFanMtr-cDXGF-2SpClgHtg-Cnst,None,,None,NE-HV_AirDist-SupFanMtr-cDXGF-2SpClgHtg-VFDPMMtr,None,,,Each
NE-HVAC-Unitary-addVFDStdMtr,Gro,Ex,CZ08,cDXGF,0,NE-HV_AirDist-SupFanMtr-cDXGF-2SpClgHtg-Cnst,None,,None,NE-HV_AirDist-SupFanMtr-cDXGF-2SpClgHtg-VFDStdMtr,None,,,Each
NE-HVAC-Unitary-addVFDExMtr,Gro,Ex,CZ07,cDXGF,0,NE-HV_AirDist-SupFanMtr-cDXGF-2SpClgHtg-Cnst,None,,None,NE-HV_AirDist-SupFanMtr-cDXGF-2SpClgHtg-VFDExMtr,None,,,Each
NE-HVAC-Unitary-addVFDPMMtr,Gro,Ex,CZ07,cDXGF,0,NE-HV_AirDist-SupFanMtr-cDXGF-2SpClgHtg-Cnst,None,,None,NE-HV_AirDist-SupFanMtr-cDXGF-2SpClgHtg-VFDPMMtr,None,,,Each
NE-HVAC-Unitary-addVFDStdMtr,Gro,Ex,CZ07,cDXGF,0,NE-HV_AirDist-SupFanMtr-cDXGF-2SpClgHtg-Cnst,None,,None,NE-HV_AirDist-SupFanMtr-cDXGF-2SpClgHtg-VFDStdMtr,None,,,Each
NE-HVAC-Unitary-addVFDExMtr,Gro,Ex,CZ06,cDXGF,0,NE-HV_AirDist-SupFanMtr-cDXGF-2SpClgHtg-Cnst,None,,None,NE-HV_AirDist-SupFanMtr-cDXGF-2SpClgHtg-VFDExMtr,None,,,Each
NE-HVAC-Unitary-addVFDPMMtr,Gro,Ex,CZ06,cDXGF,0,NE-HV_AirDist-SupFanMtr-cDXGF-2SpClgHtg-Cnst,None,,None,NE-HV_AirDist-SupFanMtr-cDXGF-2SpClgHtg-VFDPMMtr,None,,,Each
NE-HVAC-Unitary-addVFDStdMtr,Gro,Ex,CZ06,cDXGF,0,NE-HV_AirDist-SupFanMtr-cDXGF-2SpClgHtg-Cnst,None,,None,NE-HV_AirDist-SupFanMtr-cDXGF-2SpClgHtg-VFDStdMtr,None,,,Each
NE-HVAC-Unitary-addVFDExMtr,Gro,Ex,CZ05,cDXGF,0,NE-HV_AirDist-SupFanMtr-cDXGF-2SpClgHtg-Cnst,None,,None,NE-HV_AirDist-SupFanMtr-cDXGF-2SpClgHtg-VFDExMtr,None,,,Each
NE-HVAC-Unitary-addVFDPMMtr,Gro,Ex,CZ05,cDXGF,0,NE-HV_AirDist-SupFanMtr-cDXGF-2SpClgHtg-Cnst,None,,None,NE-HV_AirDist-SupFanMtr-cDXGF-2SpClgHtg-VFDPMMtr,None,,,Each
NE-HVAC-Unitary-addVFDStdMtr,Gro,Ex,CZ05,cDXGF,0,NE-HV_AirDist-SupFanMtr-cDXGF-2SpClgHtg-Cnst,None,,None,NE-HV_AirDist-SupFanMtr-cDXGF-2SpClgHtg-VFDStdMtr,None,,,Each
NE-HVAC-Unitary-addVFDExMtr,Gro,Ex,CZ04,cDXGF,0,NE-HV_AirDist-SupFanMtr-cDXGF-2SpClgHtg-Cnst,None,,None,NE-HV_AirDist-SupFanMtr-cDXGF-2SpClgHtg-VFDExMtr,None,,,Each
NE-HVAC-Unitary-addVFDPMMtr,Gro,Ex,CZ04,cDXGF,0,NE-HV_AirDist-SupFanMtr-cDXGF-2SpClgHtg-Cnst,None,,None,NE-HV_AirDist-SupFanMtr-cDXGF-2SpClgHtg-VFDPMMtr,None,,,Each
NE-HVAC-Unitary-addVFDStdMtr,Gro,Ex,CZ04,cDXGF,0,NE-HV_AirDist-SupFanMtr-cDXGF-2SpClgHtg-Cnst,None,,None,NE-HV_AirDist-SupFanMtr-cDXGF-2SpClgHtg-VFDStdMtr,None,,,Each
NE-HVAC-Unitary-addVFDExMtr,Gro,Ex,CZ03,cDXGF,0,NE-HV_AirDist-SupFanMtr-cDXGF-2SpClgHtg-Cnst,None,,None,NE-HV_AirDist-SupFanMtr-cDXGF-2SpClgHtg-VFDExMtr,None,,,Each
NE-HVAC-Unitary-addVFDPMMtr,Gro,Ex,CZ03,cDXGF,0,NE-HV_AirDist-SupFanMtr-cDXGF-2SpClgHtg-Cnst,None,,None,NE-HV_AirDist-SupFanMtr-cDXGF-2SpClgHtg-VFDPMMtr,None,,,Each
NE-HVAC-Unitary-addVFDStdMtr,Gro,Ex,CZ03,cDXGF,0,NE-HV_AirDist-SupFanMtr-cDXGF-2SpClgHtg-Cnst,None,,None,NE-HV_AirDist-SupFanMtr-cDXGF-2SpClgHtg-VFDStdMtr,None,,,Each
NE-HVAC-Unitary-addVFDExMtr,Gro,Ex,CZ02,cDXGF,0,NE-HV_AirDist-SupFanMtr-cDXGF-2SpClgHtg-Cnst,None,,None,NE-HV_AirDist-SupFanMtr-cDXGF-2SpClgHtg-VFDExMtr,None,,,Each
NE-HVAC-Unitary-addVFDPMMtr,Gro,Ex,CZ02,cDXGF,0,NE-HV_AirDist-SupFanMtr-cDXGF-2SpClgHtg-Cnst,None,,None,NE-HV_AirDist-SupFanMtr-cDXGF-2SpClgHtg-VFDPMMtr,None,,,Each
NE-HVAC-Unitary-addVFDStdMtr,Gro,Ex,CZ02,cDXGF,0,NE-HV_AirDist-SupFanMtr-cDXGF-2SpClgHtg-Cnst,None,,None,NE-HV_AirDist-SupFanMtr-cDXGF-2SpClgHtg-VFDStdMtr,None,,,Each
NE-HVAC-Unitary-addVFDExMtr,Gro,Ex,CZ01,cDXGF,0,NE-HV_AirDist-SupFanMtr-cDXGF-2SpClgHtg-Cnst,None,,None,NE-HV_AirDist-SupFanMtr-cDXGF-2SpClgHtg-VFDExMtr,None,,,Each
NE-HVAC-Unitary-addVFDPMMtr,Gro,Ex,CZ01,cDXGF,0,NE-HV_AirDist-SupFanMtr-cDXGF-2SpClgHtg-Cnst,None,,None,NE-HV_AirDist-SupFanMtr-cDXGF-2SpClgHtg-VFDPMMtr,None,,,Each
NE-HVAC-Unitary-addVFDStdMtr,Gro,Ex,CZ01,cDXGF,0,NE-HV_AirDist-SupFanMtr-cDXGF-2SpClgHtg-Cnst,None,,None,NE-HV_AirDist-SupFanMtr-cDXGF-2SpClgHtg-VFDStdMtr,None,,,Each
NE-HVAC-Unitary-addVFDExMtr,EUn,Ex,CZ16,cDXOH,0,NE-HV_AirDist-SupFanMtr-cDXOH-2SpClgHtg-Cnst,None,,None,NE-HV_AirDist-SupFanMtr-cDXOH-2SpClgHtg-VFDExMtr,None,,,Each
NE-HVAC-Unitary-addVFDPMMtr,EUn,Ex,CZ16,cDXOH,0,NE-HV_AirDist-SupFanMtr-cDXOH-2SpClgHtg-Cnst,None,,None,NE-HV_AirDist-SupFanMtr-cDXOH-2SpClgHtg-VFDPMMtr,None,,,Each
NE-HVAC-Unitary-addVFDStdMtr,EUn,Ex,CZ16,cDXOH,0,NE-HV_AirDist-SupFanMtr-cDXOH-2SpClgHtg-Cnst,None,,None,NE-HV_AirDist-SupFanMtr-cDXOH-2SpClgHtg-VFDStdMtr,None,,,Each
NE-HVAC-Unitary-addVFDExMtr,EUn,Ex,CZ15,cDXOH,0,NE-HV_AirDist-SupFanMtr-cDXOH-2SpClgHtg-Cnst,None,,None,NE-HV_AirDist-SupFanMtr-cDXOH-2SpClgHtg-VFDExMtr,None,,,Each
NE-HVAC-Unitary-addVFDPMMtr,EUn,Ex,CZ15,cDXOH,0,NE-HV_AirDist-SupFanMtr-cDXOH-2SpClgHtg-Cnst,None,,None,NE-HV_AirDist-SupFanMtr-cDXOH-2SpClgHtg-VFDPMMtr,None,,,Each
NE-HVAC-Unitary-addVFDStdMtr,EUn,Ex,CZ15,cDXOH,0,NE-HV_AirDist-SupFanMtr-cDXOH-2SpClgHtg-Cnst,None,,None,NE-HV_AirDist-SupFanMtr-cDXOH-2SpClgHtg-VFDStdMtr,None,,,Each
NE-HVAC-Unitary-addVFDExMtr,EUn,Ex,CZ14,cDXOH,0,NE-HV_AirDist-SupFanMtr-cDXOH-2SpClgHtg-Cnst,None,,None,NE-HV_AirDist-SupFanMtr-cDXOH-2SpClgHtg-VFDExMtr,None,,,Each
NE-HVAC-Unitary-addVFDPMMtr,EUn,Ex,CZ14,cDXOH,0,NE-HV_AirDist-SupFanMtr-cDXOH-2SpClgHtg-Cnst,None,,None,NE-HV_AirDist-SupFanMtr-cDXOH-2SpClgHtg-VFDPMMtr,None,,,Each
NE-HVAC-Unitary-addVFDStdMtr,EUn,Ex,CZ14,cDXOH,0,NE-HV_AirDist-SupFanMtr-cDXOH-2SpClgHtg-Cnst,None,,None,NE-HV_AirDist-SupFanMtr-cDXOH-2SpClgHtg-VFDStdMtr,None,,,Each
NE-HVAC-Unitary-addVFDExMtr,EUn,Ex,CZ13,cDXOH,0,NE-HV_AirDist-SupFanMtr-cDXOH-2SpClgHtg-Cnst,None,,None,NE-HV_AirDist-SupFanMtr-cDXOH-2SpClgHtg-VFDExMtr,None,,,Each
NE-HVAC-Unitary-addVFDPMMtr,EUn,Ex,CZ13,cDXOH,0,NE-HV_AirDist-SupFanMtr-cDXOH-2SpClgHtg-Cnst,None,,None,NE-HV_AirDist-SupFanMtr-cDXOH-2SpClgHtg-VFDPMMtr,None,,,Each
NE-HVAC-Unitary-addVFDStdMtr,EUn,Ex,CZ13,cDXOH,0,NE-HV_AirDist-SupFanMtr-cDXOH-2SpClgHtg-Cnst,None,,None,NE-HV_AirDist-SupFanMtr-cDXOH-2SpClgHtg-VFDStdMtr,None,,,Each
NE-HVAC-Unitary-addVFDExMtr,EUn,Ex,CZ12,cDXOH,0,NE-HV_AirDist-SupFanMtr-cDXOH-2SpClgHtg-Cnst,None,,None,NE-HV_AirDist-SupFanMtr-cDXOH-2SpClgHtg-VFDExMtr,None,,,Each
NE-HVAC-Unitary-addVFDPMMtr,EUn,Ex,CZ12,cDXOH,0,NE-HV_AirDist-SupFanMtr-cDXOH-2SpClgHtg-Cnst,None,,None,NE-HV_AirDist-SupFanMtr-cDXOH-2SpClgHtg-VFDPMMtr,None,,,Each
NE-HVAC-Unitary-addVFDStdMtr,EUn,Ex,CZ12,cDXOH,0,NE-HV_AirDist-SupFanMtr-cDXOH-2SpClgHtg-Cnst,None,,None,NE-HV_AirDist-SupFanMtr-cDXOH-2SpClgHtg-VFDStdMtr,None,,,Each
NE-HVAC-Unitary-addVFDExMtr,EUn,Ex,CZ11,cDXOH,0,NE-HV_AirDist-SupFanMtr-cDXOH-2SpClgHtg-Cnst,None,,None,NE-HV_AirDist-SupFanMtr-cDXOH-2SpClgHtg-VFDExMtr,None,,,Each
NE-HVAC-Unitary-addVFDPMMtr,EUn,Ex,CZ11,cDXOH,0,NE-HV_AirDist-SupFanMtr-cDXOH-2SpClgHtg-Cnst,None,,None,NE-HV_AirDist-SupFanMtr-cDXOH-2SpClgHtg-VFDPMMtr,None,,,Each
NE-HVAC-Unitary-addVFDStdMtr,EUn,Ex,CZ11,cDXOH,0,NE-HV_AirDist-SupFanMtr-cDXOH-2SpClgHtg-Cnst,None,,None,NE-HV_AirDist-SupFanMtr-cDXOH-2SpClgHtg-VFDStdMtr,None,,,Each
NE-HVAC-Unitary-addVFDExMtr,EUn,Ex,CZ10,cDXOH,0,NE-HV_AirDist-SupFanMtr-cDXOH-2SpClgHtg-Cnst,None,,None,NE-HV_AirDist-SupFanMtr-cDXOH-2SpClgHtg-VFDExMtr,None,,,Each
NE-HVAC-Unitary-addVFDPMMtr,EUn,Ex,CZ10,cDXOH,0,NE-HV_AirDist-SupFanMtr-cDXOH-2SpClgHtg-Cnst,None,,None,NE-HV_AirDist-SupFanMtr-cDXOH-2SpClgHtg-VFDPMMtr,None,,,Each
NE-HVAC-Unitary-addVFDStdMtr,EUn,Ex,CZ10,cDXOH,0,NE-HV_AirDist-SupFanMtr-cDXOH-2SpClgHtg-Cnst,None,,None,NE-HV_AirDist-SupFanMtr-cDXOH-2SpClgHtg-VFDStdMtr,None,,,Each
NE-HVAC-Unitary-addVFDExMtr,EUn,Ex,CZ09,cDXOH,0,NE-HV_AirDist-SupFanMtr-cDXOH-2SpClgHtg-Cnst,None,,None,NE-HV_AirDist-SupFanMtr-cDXOH-2SpClgHtg-VFDExMtr,None,,,Each
NE-HVAC-Unitary-addVFDPMMtr,EUn,Ex,CZ09,cDXOH,0,NE-HV_AirDist-SupFanMtr-cDXOH-2SpClgHtg-Cnst,None,,None,NE-HV_AirDist-SupFanMtr-cDXOH-2SpClgHtg-VFDPMMtr,None,,,Each
NE-HVAC-Unitary-addVFDStdMtr,EUn,Ex,CZ09,cDXOH,0,NE-HV_AirDist-SupFanMtr-cDXOH-2SpClgHtg-Cnst,None,,None,NE-HV_AirDist-SupFanMtr-cDXOH-2SpClgHtg-VFDStdMtr,None,,,Each
NE-HVAC-Unitary-addVFDExMtr,EUn,Ex,CZ08,cDXOH,0,NE-HV_AirDist-SupFanMtr-cDXOH-2SpClgHtg-Cnst,None,,None,NE-HV_AirDist-SupFanMtr-cDXOH-2SpClgHtg-VFDExMtr,None,,,Each
NE-HVAC-Unitary-addVFDPMMtr,EUn,Ex,CZ08,cDXOH,0,NE-HV_AirDist-SupFanMtr-cDXOH-2SpClgHtg-Cnst,None,,None,NE-HV_AirDist-SupFanMtr-cDXOH-2SpClgHtg-VFDPMMtr,None,,,Each
NE-HVAC-Unitary-addVFDStdMtr,EUn,Ex,CZ08,cDXOH,0,NE-HV_AirDist-SupFanMtr-cDXOH-2SpClgHtg-Cnst,None,,None,NE-HV_AirDist-SupFanMtr-cDXOH-2SpClgHtg-VFDStdMtr,None,,,Each
NE-HVAC-Unitary-addVFDExMtr,EUn,Ex,CZ07,cDXOH,0,NE-HV_AirDist-SupFanMtr-cDXOH-2SpClgHtg-Cnst,None,,None,NE-HV_AirDist-SupFanMtr-cDXOH-2SpClgHtg-VFDExMtr,None,,,Each
NE-HVAC-Unitary-addVFDPMMtr,EUn,Ex,CZ07,cDXOH,0,NE-HV_AirDist-SupFanMtr-cDXOH-2SpClgHtg-Cnst,None,,None,NE-HV_AirDist-SupFanMtr-cDXOH-2SpClgHtg-VFDPMMtr,None,,,Each
NE-HVAC-Unitary-addVFDStdMtr,EUn,Ex,CZ07,cDXOH,0,NE-HV_AirDist-SupFanMtr-cDXOH-2SpClgHtg-Cnst,None,,None,NE-HV_AirDist-SupFanMtr-cDXOH-2SpClgHtg-VFDStdMtr,None,,,Each
NE-HVAC-Unitary-addVFDExMtr,EUn,Ex,CZ06,cDXOH,0,NE-HV_AirDist-SupFanMtr-cDXOH-2SpClgHtg-Cnst,None,,None,NE-HV_AirDist-SupFanMtr-cDXOH-2SpClgHtg-VFDExMtr,None,,,Each
NE-HVAC-Unitary-addVFDPMMtr,EUn,Ex,CZ06,cDXOH,0,NE-HV_AirDist-SupFanMtr-cDXOH-2SpClgHtg-Cnst,None,,None,NE-HV_AirDist-SupFanMtr-cDXOH-2SpClgHtg-VFDPMMtr,None,,,Each
NE-HVAC-Unitary-addVFDStdMtr,EUn,Ex,CZ06,cDXOH,0,NE-HV_AirDist-SupFanMtr-cDXOH-2SpClgHtg-Cnst,None,,None,NE-HV_AirDist-SupFanMtr-cDXOH-2SpClgHtg-VFDStdMtr,None,,,Each
NE-HVAC-Unitary-addVFDExMtr,EUn,Ex,CZ05,cDXOH,0,NE-HV_AirDist-SupFanMtr-cDXOH-2SpClgHtg-Cnst,None,,None,NE-HV_AirDist-SupFanMtr-cDXOH-2SpClgHtg-VFDExMtr,None,,,Each
NE-HVAC-Unitary-addVFDPMMtr,EUn,Ex,CZ05,cDXOH,0,NE-HV_AirDist-SupFanMtr-cDXOH-2SpClgHtg-Cnst,None,,None,NE-HV_AirDist-SupFanMtr-cDXOH-2SpClgHtg-VFDPMMtr,None,,,Each
NE-HVAC-Unitary-addVFDStdMtr,EUn,Ex,CZ05,cDXOH,0,NE-HV_AirDist-SupFanMtr-cDXOH-2SpClgHtg-Cnst,None,,None,NE-HV_AirDist-SupFanMtr-cDXOH-2SpClgHtg-VFDStdMtr,None,,,Each
NE-HVAC-Unitary-addVFDExMtr,EUn,Ex,CZ04,cDXOH,0,NE-HV_AirDist-SupFanMtr-cDXOH-2SpClgHtg-Cnst,None,,None,NE-HV_AirDist-SupFanMtr-cDXOH-2SpClgHtg-VFDExMtr,None,,,Each
NE-HVAC-Unitary-addVFDPMMtr,EUn,Ex,CZ04,cDXOH,0,NE-HV_AirDist-SupFanMtr-cDXOH-2SpClgHtg-Cnst,None,,None,NE-HV_AirDist-SupFanMtr-cDXOH-2SpClgHtg-VFDPMMtr,None,,,Each
NE-HVAC-Unitary-addVFDStdMtr,EUn,Ex,CZ04,cDXOH,0,NE-HV_AirDist-SupFanMtr-cDXOH-2SpClgHtg-Cnst,None,,None,NE-HV_AirDist-SupFanMtr-cDXOH-2SpClgHtg-VFDStdMtr,None,,,Each
NE-HVAC-Unitary-addVFDExMtr,EUn,Ex,CZ03,cDXOH,0,NE-HV_AirDist-SupFanMtr-cDXOH-2SpClgHtg-Cnst,None,,None,NE-HV_AirDist-SupFanMtr-cDXOH-2SpClgHtg-VFDExMtr,None,,,Each
NE-HVAC-Unitary-addVFDPMMtr,EUn,Ex,CZ03,cDXOH,0,NE-HV_AirDist-SupFanMtr-cDXOH-2SpClgHtg-Cnst,None,,None,NE-HV_AirDist-SupFanMtr-cDXOH-2SpClgHtg-VFDPMMtr,None,,,Each
NE-HVAC-Unitary-addVFDStdMtr,EUn,Ex,CZ03,cDXOH,0,NE-HV_AirDist-SupFanMtr-cDXOH-2SpClgHtg-Cnst,None,,None,NE-HV_AirDist-SupFanMtr-cDXOH-2SpClgHtg-VFDStdMtr,None,,,Each
NE-HVAC-Unitary-addVFDExMtr,EUn,Ex,CZ02,cDXOH,0,NE-HV_AirDist-SupFanMtr-cDXOH-2SpClgHtg-Cnst,None,,None,NE-HV_AirDist-SupFanMtr-cDXOH-2SpClgHtg-VFDExMtr,None,,,Each
NE-HVAC-Unitary-addVFDPMMtr,EUn,Ex,CZ02,cDXOH,0,NE-HV_AirDist-SupFanMtr-cDXOH-2SpClgHtg-Cnst,None,,None,NE-HV_AirDist-SupFanMtr-cDXOH-2SpClgHtg-VFDPMMtr,None,,,Each
NE-HVAC-Unitary-addVFDStdMtr,EUn,Ex,CZ02,cDXOH,0,NE-HV_AirDist-SupFanMtr-cDXOH-2SpClgHtg-Cnst,None,,None,NE-HV_AirDist-SupFanMtr-cDXOH-2SpClgHtg-VFDStdMtr,None,,,Each
NE-HVAC-Unitary-addVFDExMtr,EUn,Ex,CZ01,cDXOH,0,NE-HV_AirDist-SupFanMtr-cDXOH-2SpClgHtg-Cnst,None,,None,NE-HV_AirDist-SupFanMtr-cDXOH-2SpClgHtg-VFDExMtr,None,,,Each
NE-HVAC-Unitary-addVFDPMMtr,EUn,Ex,CZ01,cDXOH,0,NE-HV_AirDist-SupFanMtr-cDXOH-2SpClgHtg-Cnst,None,,None,NE-HV_AirDist-SupFanMtr-cDXOH-2SpClgHtg-VFDPMMtr,None,,,Each
NE-HVAC-Unitary-addVFDStdMtr,EUn,Ex,CZ01,cDXOH,0,NE-HV_AirDist-SupFanMtr-cDXOH-2SpClgHtg-Cnst,None,,None,NE-HV_AirDist-SupFanMtr-cDXOH-2SpClgHtg-VFDStdMtr,None,,,Each
NE-HVAC-Unitary-addVFDExMtr,EUn,Ex,CZ16,cDXHP,0,NE-HV_AirDist-SupFanMtr-cDXHP-2SpClgHtg-Cnst,None,,None,NE-HV_AirDist-SupFanMtr-cDXHP-2SpClgHtg-VFDExMtr,None,,,Each
NE-HVAC-Unitary-addVFDPMMtr,EUn,Ex,CZ16,cDXHP,0,NE-HV_AirDist-SupFanMtr-cDXHP-2SpClgHtg-Cnst,None,,None,NE-HV_AirDist-SupFanMtr-cDXHP-2SpClgHtg-VFDPMMtr,None,,,Each
NE-HVAC-Unitary-addVFDStdMtr,EUn,Ex,CZ16,cDXHP,0,NE-HV_AirDist-SupFanMtr-cDXHP-2SpClgHtg-Cnst,None,,None,NE-HV_AirDist-SupFanMtr-cDXHP-2SpClgHtg-VFDStdMtr,None,,,Each
NE-HVAC-Unitary-addVFDExMtr,EUn,Ex,CZ15,cDXHP,0,NE-HV_AirDist-SupFanMtr-cDXHP-2SpClgHtg-Cnst,None,,None,NE-HV_AirDist-SupFanMtr-cDXHP-2SpClgHtg-VFDExMtr,None,,,Each
NE-HVAC-Unitary-addVFDPMMtr,EUn,Ex,CZ15,cDXHP,0,NE-HV_AirDist-SupFanMtr-cDXHP-2SpClgHtg-Cnst,None,,None,NE-HV_AirDist-SupFanMtr-cDXHP-2SpClgHtg-VFDPMMtr,None,,,Each
NE-HVAC-Unitary-addVFDStdMtr,EUn,Ex,CZ15,cDXHP,0,NE-HV_AirDist-SupFanMtr-cDXHP-2SpClgHtg-Cnst,None,,None,NE-HV_AirDist-SupFanMtr-cDXHP-2SpClgHtg-VFDStdMtr,None,,,Each
NE-HVAC-Unitary-addVFDExMtr,EUn,Ex,CZ14,cDXHP,0,NE-HV_AirDist-SupFanMtr-cDXHP-2SpClgHtg-Cnst,None,,None,NE-HV_AirDist-SupFanMtr-cDXHP-2SpClgHtg-VFDExMtr,None,,,Each
NE-HVAC-Unitary-addVFDPMMtr,EUn,Ex,CZ14,cDXHP,0,NE-HV_AirDist-SupFanMtr-cDXHP-2SpClgHtg-Cnst,None,,None,NE-HV_AirDist-SupFanMtr-cDXHP-2SpClgHtg-VFDPMMtr,None,,,Each
NE-HVAC-Unitary-addVFDStdMtr,EUn,Ex,CZ14,cDXHP,0,NE-HV_AirDist-SupFanMtr-cDXHP-2SpClgHtg-Cnst,None,,None,NE-HV_AirDist-SupFanMtr-cDXHP-2SpClgHtg-VFDStdMtr,None,,,Each
NE-HVAC-Unitary-addVFDExMtr,EUn,Ex,CZ13,cDXHP,0,NE-HV_AirDist-SupFanMtr-cDXHP-2SpClgHtg-Cnst,None,,None,NE-HV_AirDist-SupFanMtr-cDXHP-2SpClgHtg-VFDExMtr,None,,,Each
NE-HVAC-Unitary-addVFDPMMtr,EUn,Ex,CZ13,cDXHP,0,NE-HV_AirDist-SupFanMtr-cDXHP-2SpClgHtg-Cnst,None,,None,NE-HV_AirDist-SupFanMtr-cDXHP-2SpClgHtg-VFDPMMtr,None,,,Each
NE-HVAC-Unitary-addVFDStdMtr,EUn,Ex,CZ13,cDXHP,0,NE-HV_AirDist-SupFanMtr-cDXHP-2SpClgHtg-Cnst,None,,None,NE-HV_AirDist-SupFanMtr-cDXHP-2SpClgHtg-VFDStdMtr,None,,,Each
NE-HVAC-Unitary-addVFDExMtr,EUn,Ex,CZ12,cDXHP,0,NE-HV_AirDist-SupFanMtr-cDXHP-2SpClgHtg-Cnst,None,,None,NE-HV_AirDist-SupFanMtr-cDXHP-2SpClgHtg-VFDExMtr,None,,,Each
NE-HVAC-Unitary-addVFDPMMtr,EUn,Ex,CZ12,cDXHP,0,NE-HV_AirDist-SupFanMtr-cDXHP-2SpClgHtg-Cnst,None,,None,NE-HV_AirDist-SupFanMtr-cDXHP-2SpClgHtg-VFDPMMtr,None,,,Each
NE-HVAC-Unitary-addVFDStdMtr,EUn,Ex,CZ12,cDXHP,0,NE-HV_AirDist-SupFanMtr-cDXHP-2SpClgHtg-Cnst,None,,None,NE-HV_AirDist-SupFanMtr-cDXHP-2SpClgHtg-VFDStdMtr,None,,,Each
NE-HVAC-Unitary-addVFDExMtr,EUn,Ex,CZ11,cDXHP,0,NE-HV_AirDist-SupFanMtr-cDXHP-2SpClgHtg-Cnst,None,,None,NE-HV_AirDist-SupFanMtr-cDXHP-2SpClgHtg-VFDExMtr,None,,,Each
NE-HVAC-Unitary-addVFDPMMtr,EUn,Ex,CZ11,cDXHP,0,NE-HV_AirDist-SupFanMtr-cDXHP-2SpClgHtg-Cnst,None,,None,NE-HV_AirDist-SupFanMtr-cDXHP-2SpClgHtg-VFDPMMtr,None,,,Each
NE-HVAC-Unitary-addVFDStdMtr,EUn,Ex,CZ11,cDXHP,0,NE-HV_AirDist-SupFanMtr-cDXHP-2SpClgHtg-Cnst,None,,None,NE-HV_AirDist-SupFanMtr-cDXHP-2SpClgHtg-VFDStdMtr,None,,,Each
NE-HVAC-Unitary-addVFDExMtr,EUn,Ex,CZ10,cDXHP,0,NE-HV_AirDist-SupFanMtr-cDXHP-2SpClgHtg-Cnst,None,,None,NE-HV_AirDist-SupFanMtr-cDXHP-2SpClgHtg-VFDExMtr,None,,,Each
NE-HVAC-Unitary-addVFDPMMtr,EUn,Ex,CZ10,cDXHP,0,NE-HV_AirDist-SupFanMtr-cDXHP-2SpClgHtg-Cnst,None,,None,NE-HV_AirDist-SupFanMtr-cDXHP-2SpClgHtg-VFDPMMtr,None,,,Each
NE-HVAC-Unitary-addVFDStdMtr,EUn,Ex,CZ10,cDXHP,0,NE-HV_AirDist-SupFanMtr-cDXHP-2SpClgHtg-Cnst,None,,None,NE-HV_AirDist-SupFanMtr-cDXHP-2SpClgHtg-VFDStdMtr,None,,,Each
NE-HVAC-Unitary-addVFDExMtr,EUn,Ex,CZ09,cDXHP,0,NE-HV_AirDist-SupFanMtr-cDXHP-2SpClgHtg-Cnst,None,,None,NE-HV_AirDist-SupFanMtr-cDXHP-2SpClgHtg-VFDExMtr,None,,,Each
NE-HVAC-Unitary-addVFDPMMtr,EUn,Ex,CZ09,cDXHP,0,NE-HV_AirDist-SupFanMtr-cDXHP-2SpClgHtg-Cnst,None,,None,NE-HV_AirDist-SupFanMtr-cDXHP-2SpClgHtg-VFDPMMtr,None,,,Each
NE-HVAC-Unitary-addVFDStdMtr,EUn,Ex,CZ09,cDXHP,0,NE-HV_AirDist-SupFanMtr-cDXHP-2SpClgHtg-Cnst,None,,None,NE-HV_AirDist-SupFanMtr-cDXHP-2SpClgHtg-VFDStdMtr,None,,,Each
NE-HVAC-Unitary-addVFDExMtr,EUn,Ex,CZ08,cDXHP,0,NE-HV_AirDist-SupFanMtr-cDXHP-2SpClgHtg-Cnst,None,,None,NE-HV_AirDist-SupFanMtr-cDXHP-2SpClgHtg-VFDExMtr,None,,,Each
NE-HVAC-Unitary-addVFDPMMtr,EUn,Ex,CZ08,cDXHP,0,NE-HV_AirDist-SupFanMtr-cDXHP-2SpClgHtg-Cnst,None,,None,NE-HV_AirDist-SupFanMtr-cDXHP-2SpClgHtg-VFDPMMtr,None,,,Each
NE-HVAC-Unitary-addVFDStdMtr,EUn,Ex,CZ08,cDXHP,0,NE-HV_AirDist-SupFanMtr-cDXHP-2SpClgHtg-Cnst,None,,None,NE-HV_AirDist-SupFanMtr-cDXHP-2SpClgHtg-VFDStdMtr,None,,,Each
NE-HVAC-Unitary-addVFDExMtr,EUn,Ex,CZ07,cDXHP,0,NE-HV_AirDist-SupFanMtr-cDXHP-2SpClgHtg-Cnst,None,,None,NE-HV_AirDist-SupFanMtr-cDXHP-2SpClgHtg-VFDExMtr,None,,,Each
NE-HVAC-Unitary-addVFDPMMtr,EUn,Ex,CZ07,cDXHP,0,NE-HV_AirDist-SupFanMtr-cDXHP-2SpClgHtg-Cnst,None,,None,NE-HV_AirDist-SupFanMtr-cDXHP-2SpClgHtg-VFDPMMtr,None,,,Each
NE-HVAC-Unitary-addVFDStdMtr,EUn,Ex,CZ07,cDXHP,0,NE-HV_AirDist-SupFanMtr-cDXHP-2SpClgHtg-Cnst,None,,None,NE-HV_AirDist-SupFanMtr-cDXHP-2SpClgHtg-VFDStdMtr,None,,,Each
NE-HVAC-Unitary-addVFDExMtr,EUn,Ex,CZ06,cDXHP,0,NE-HV_AirDist-SupFanMtr-cDXHP-2SpClgHtg-Cnst,None,,None,NE-HV_AirDist-SupFanMtr-cDXHP-2SpClgHtg-VFDExMtr,None,,,Each
NE-HVAC-Unitary-addVFDPMMtr,EUn,Ex,CZ06,cDXHP,0,NE-HV_AirDist-SupFanMtr-cDXHP-2SpClgHtg-Cnst,None,,None,NE-HV_AirDist-SupFanMtr-cDXHP-2SpClgHtg-VFDPMMtr,None,,,Each
NE-HVAC-Unitary-addVFDStdMtr,EUn,Ex,CZ06,cDXHP,0,NE-HV_AirDist-SupFanMtr-cDXHP-2SpClgHtg-Cnst,None,,None,NE-HV_AirDist-SupFanMtr-cDXHP-2SpClgHtg-VFDStdMtr,None,,,Each
NE-HVAC-Unitary-addVFDExMtr,EUn,Ex,CZ05,cDXHP,0,NE-HV_AirDist-SupFanMtr-cDXHP-2SpClgHtg-Cnst,None,,None,NE-HV_AirDist-SupFanMtr-cDXHP-2SpClgHtg-VFDExMtr,None,,,Each
NE-HVAC-Unitary-addVFDPMMtr,EUn,Ex,CZ05,cDXHP,0,NE-HV_AirDist-SupFanMtr-cDXHP-2SpClgHtg-Cnst,None,,None,NE-HV_AirDist-SupFanMtr-cDXHP-2SpClgHtg-VFDPMMtr,None,,,Each
NE-HVAC-Unitary-addVFDStdMtr,EUn,Ex,CZ05,cDXHP,0,NE-HV_AirDist-SupFanMtr-cDXHP-2SpClgHtg-Cnst,None,,None,NE-HV_AirDist-SupFanMtr-cDXHP-2SpClgHtg-VFDStdMtr,None,,,Each
NE-HVAC-Unitary-addVFDExMtr,EUn,Ex,CZ04,cDXHP,0,NE-HV_AirDist-SupFanMtr-cDXHP-2SpClgHtg-Cnst,None,,None,NE-HV_AirDist-SupFanMtr-cDXHP-2SpClgHtg-VFDExMtr,None,,,Each
NE-HVAC-Unitary-addVFDPMMtr,EUn,Ex,CZ04,cDXHP,0,NE-HV_AirDist-SupFanMtr-cDXHP-2SpClgHtg-Cnst,None,,None,NE-HV_AirDist-SupFanMtr-cDXHP-2SpClgHtg-VFDPMMtr,None,,,Each
NE-HVAC-Unitary-addVFDStdMtr,EUn,Ex,CZ04,cDXHP,0,NE-HV_AirDist-SupFanMtr-cDXHP-2SpClgHtg-Cnst,None,,None,NE-HV_AirDist-SupFanMtr-cDXHP-2SpClgHtg-VFDStdMtr,None,,,Each
NE-HVAC-Unitary-addVFDExMtr,EUn,Ex,CZ03,cDXHP,0,NE-HV_AirDist-SupFanMtr-cDXHP-2SpClgHtg-Cnst,None,,None,NE-HV_AirDist-SupFanMtr-cDXHP-2SpClgHtg-VFDExMtr,None,,,Each
NE-HVAC-Unitary-addVFDPMMtr,EUn,Ex,CZ03,cDXHP,0,NE-HV_AirDist-SupFanMtr-cDXHP-2SpClgHtg-Cnst,None,,None,NE-HV_AirDist-SupFanMtr-cDXHP-2SpClgHtg-VFDPMMtr,None,,,Each
NE-HVAC-Unitary-addVFDStdMtr,EUn,Ex,CZ03,cDXHP,0,NE-HV_AirDist-SupFanMtr-cDXHP-2SpClgHtg-Cnst,None,,None,NE-HV_AirDist-SupFanMtr-cDXHP-2SpClgHtg-VFDStdMtr,None,,,Each
NE-HVAC-Unitary-addVFDExMtr,EUn,Ex,CZ02,cDXHP,0,NE-HV_AirDist-SupFanMtr-cDXHP-2SpClgHtg-Cnst,None,,None,NE-HV_AirDist-SupFanMtr-cDXHP-2SpClgHtg-VFDExMtr,None,,,Each
NE-HVAC-Unitary-addVFDPMMtr,EUn,Ex,CZ02,cDXHP,0,NE-HV_AirDist-SupFanMtr-cDXHP-2SpClgHtg-Cnst,None,,None,NE-HV_AirDist-SupFanMtr-cDXHP-2SpClgHtg-VFDPMMtr,None,,,Each
NE-HVAC-Unitary-addVFDStdMtr,EUn,Ex,CZ02,cDXHP,0,NE-HV_AirDist-SupFanMtr-cDXHP-2SpClgHtg-Cnst,None,,None,NE-HV_AirDist-SupFanMtr-cDXHP-2SpClgHtg-VFDStdMtr,None,,,Each
NE-HVAC-Unitary-addVFDExMtr,EUn,Ex,CZ01,cDXHP,0,NE-HV_AirDist-SupFanMtr-cDXHP-2SpClgHtg-Cnst,None,,None,NE-HV_AirDist-SupFanMtr-cDXHP-2SpClgHtg-VFDExMtr,None,,,Each
NE-HVAC-Unitary-addVFDPMMtr,EUn,Ex,CZ01,cDXHP,0,NE-HV_AirDist-SupFanMtr-cDXHP-2SpClgHtg-Cnst,None,,None,NE-HV_AirDist-SupFanMtr-cDXHP-2SpClgHtg-VFDPMMtr,None,,,Each
NE-HVAC-Unitary-addVFDStdMtr,EUn,Ex,CZ01,cDXHP,0,NE-HV_AirDist-SupFanMtr-cDXHP-2SpClgHtg-Cnst,None,,None,NE-HV_AirDist-SupFanMtr-cDXHP-2SpClgHtg-VFDStdMtr,None,,,Each
NE-HVAC-Unitary-addVFDExMtr,EUn,Ex,CZ16,cDXGF,0,NE-HV_AirDist-SupFanMtr-cDXGF-2SpClgHtg-Cnst,None,,None,NE-HV_AirDist-SupFanMtr-cDXGF-2SpClgHtg-VFDExMtr,None,,,Each
NE-HVAC-Unitary-addVFDPMMtr,EUn,Ex,CZ16,cDXGF,0,NE-HV_AirDist-SupFanMtr-cDXGF-2SpClgHtg-Cnst,None,,None,NE-HV_AirDist-SupFanMtr-cDXGF-2SpClgHtg-VFDPMMtr,None,,,Each
NE-HVAC-Unitary-addVFDStdMtr,EUn,Ex,CZ16,cDXGF,0,NE-HV_AirDist-SupFanMtr-cDXGF-2SpClgHtg-Cnst,None,,None,NE-HV_AirDist-SupFanMtr-cDXGF-2SpClgHtg-VFDStdMtr,None,,,Each
NE-HVAC-Unitary-addVFDExMtr,EUn,Ex,CZ15,cDXGF,0,NE-HV_AirDist-SupFanMtr-cDXGF-2SpClgHtg-Cnst,None,,None,NE-HV_AirDist-SupFanMtr-cDXGF-2SpClgHtg-VFDExMtr,None,,,Each
NE-HVAC-Unitary-addVFDPMMtr,EUn,Ex,CZ15,cDXGF,0,NE-HV_AirDist-SupFanMtr-cDXGF-2SpClgHtg-Cnst,None,,None,NE-HV_AirDist-SupFanMtr-cDXGF-2SpClgHtg-VFDPMMtr,None,,,Each
NE-HVAC-Unitary-addVFDStdMtr,EUn,Ex,CZ15,cDXGF,0,NE-HV_AirDist-SupFanMtr-cDXGF-2SpClgHtg-Cnst,None,,None,NE-HV_AirDist-SupFanMtr-cDXGF-2SpClgHtg-VFDStdMtr,None,,,Each
NE-HVAC-Unitary-addVFDExMtr,EUn,Ex,CZ14,cDXGF,0,NE-HV_AirDist-SupFanMtr-cDXGF-2SpClgHtg-Cnst,None,,None,NE-HV_AirDist-SupFanMtr-cDXGF-2SpClgHtg-VFDExMtr,None,,,Each
NE-HVAC-Unitary-addVFDPMMtr,EUn,Ex,CZ14,cDXGF,0,NE-HV_AirDist-SupFanMtr-cDXGF-2SpClgHtg-Cnst,None,,None,NE-HV_AirDist-SupFanMtr-cDXGF-2SpClgHtg-VFDPMMtr,None,,,Each
NE-HVAC-Unitary-addVFDStdMtr,EUn,Ex,CZ14,cDXGF,0,NE-HV_AirDist-SupFanMtr-cDXGF-2SpClgHtg-Cnst,None,,None,NE-HV_AirDist-SupFanMtr-cDXGF-2SpClgHtg-VFDStdMtr,None,,,Each
NE-HVAC-Unitary-addVFDExMtr,EUn,Ex,CZ13,cDXGF,0,NE-HV_AirDist-SupFanMtr-cDXGF-2SpClgHtg-Cnst,None,,None,NE-HV_AirDist-SupFanMtr-cDXGF-2SpClgHtg-VFDExMtr,None,,,Each
NE-HVAC-Unitary-addVFDPMMtr,EUn,Ex,CZ13,cDXGF,0,NE-HV_AirDist-SupFanMtr-cDXGF-2SpClgHtg-Cnst,None,,None,NE-HV_AirDist-SupFanMtr-cDXGF-2SpClgHtg-VFDPMMtr,None,,,Each
NE-HVAC-Unitary-addVFDStdMtr,EUn,Ex,CZ13,cDXGF,0,NE-HV_AirDist-SupFanMtr-cDXGF-2SpClgHtg-Cnst,None,,None,NE-HV_AirDist-SupFanMtr-cDXGF-2SpClgHtg-VFDStdMtr,None,,,Each
NE-HVAC-Unitary-addVFDExMtr,EUn,Ex,CZ12,cDXGF,0,NE-HV_AirDist-SupFanMtr-cDXGF-2SpClgHtg-Cnst,None,,None,NE-HV_AirDist-SupFanMtr-cDXGF-2SpClgHtg-VFDExMtr,None,,,Each
NE-HVAC-Unitary-addVFDPMMtr,EUn,Ex,CZ12,cDXGF,0,NE-HV_AirDist-SupFanMtr-cDXGF-2SpClgHtg-Cnst,None,,None,NE-HV_AirDist-SupFanMtr-cDXGF-2SpClgHtg-VFDPMMtr,None,,,Each
NE-HVAC-Unitary-addVFDStdMtr,EUn,Ex,CZ12,cDXGF,0,NE-HV_AirDist-SupFanMtr-cDXGF-2SpClgHtg-Cnst,None,,None,NE-HV_AirDist-SupFanMtr-cDXGF-2SpClgHtg-VFDStdMtr,None,,,Each
NE-HVAC-Unitary-addVFDExMtr,EUn,Ex,CZ11,cDXGF,0,NE-HV_AirDist-SupFanMtr-cDXGF-2SpClgHtg-Cnst,None,,None,NE-HV_AirDist-SupFanMtr-cDXGF-2SpClgHtg-VFDExMtr,None,,,Each
NE-HVAC-Unitary-addVFDPMMtr,EUn,Ex,CZ11,cDXGF,0,NE-HV_AirDist-SupFanMtr-cDXGF-2SpClgHtg-Cnst,None,,None,NE-HV_AirDist-SupFanMtr-cDXGF-2SpClgHtg-VFDPMMtr,None,,,Each
NE-HVAC-Unitary-addVFDStdMtr,EUn,Ex,CZ11,cDXGF,0,NE-HV_AirDist-SupFanMtr-cDXGF-2SpClgHtg-Cnst,None,,None,NE-HV_AirDist-SupFanMtr-cDXGF-2SpClgHtg-VFDStdMtr,None,,,Each
NE-HVAC-Unitary-addVFDExMtr,EUn,Ex,CZ10,cDXGF,0,NE-HV_AirDist-SupFanMtr-cDXGF-2SpClgHtg-Cnst,None,,None,NE-HV_AirDist-SupFanMtr-cDXGF-2SpClgHtg-VFDExMtr,None,,,Each
NE-HVAC-Unitary-addVFDPMMtr,EUn,Ex,CZ10,cDXGF,0,NE-HV_AirDist-SupFanMtr-cDXGF-2SpClgHtg-Cnst,None,,None,NE-HV_AirDist-SupFanMtr-cDXGF-2SpClgHtg-VFDPMMtr,None,,,Each
NE-HVAC-Unitary-addVFDStdMtr,EUn,Ex,CZ10,cDXGF,0,NE-HV_AirDist-SupFanMtr-cDXGF-2SpClgHtg-Cnst,None,,None,NE-HV_AirDist-SupFanMtr-cDXGF-2SpClgHtg-VFDStdMtr,None,,,Each
NE-HVAC-Unitary-addVFDExMtr,EUn,Ex,CZ09,cDXGF,0,NE-HV_AirDist-SupFanMtr-cDXGF-2SpClgHtg-Cnst,None,,None,NE-HV_AirDist-SupFanMtr-cDXGF-2SpClgHtg-VFDExMtr,None,,,Each
NE-HVAC-Unitary-addVFDPMMtr,EUn,Ex,CZ09,cDXGF,0,NE-HV_AirDist-SupFanMtr-cDXGF-2SpClgHtg-Cnst,None,,None,NE-HV_AirDist-SupFanMtr-cDXGF-2SpClgHtg-VFDPMMtr,None,,,Each
NE-HVAC-Unitary-addVFDStdMtr,EUn,Ex,CZ09,cDXGF,0,NE-HV_AirDist-SupFanMtr-cDXGF-2SpClgHtg-Cnst,None,,None,NE-HV_AirDist-SupFanMtr-cDXGF-2SpClgHtg-VFDStdMtr,None,,,Each
NE-HVAC-Unitary-addVFDExMtr,EUn,Ex,CZ08,cDXGF,0,NE-HV_AirDist-SupFanMtr-cDXGF-2SpClgHtg-Cnst,None,,None,NE-HV_AirDist-SupFanMtr-cDXGF-2SpClgHtg-VFDExMtr,None,,,Each
NE-HVAC-Unitary-addVFDPMMtr,EUn,Ex,CZ08,cDXGF,0,NE-HV_AirDist-SupFanMtr-cDXGF-2SpClgHtg-Cnst,None,,None,NE-HV_AirDist-SupFanMtr-cDXGF-2SpClgHtg-VFDPMMtr,None,,,Each
NE-HVAC-Unitary-addVFDStdMtr,EUn,Ex,CZ08,cDXGF,0,NE-HV_AirDist-SupFanMtr-cDXGF-2SpClgHtg-Cnst,None,,None,NE-HV_AirDist-SupFanMtr-cDXGF-2SpClgHtg-VFDStdMtr,None,,,Each
NE-HVAC-Unitary-addVFDExMtr,EUn,Ex,CZ07,cDXGF,0,NE-HV_AirDist-SupFanMtr-cDXGF-2SpClgHtg-Cnst,None,,None,NE-HV_AirDist-SupFanMtr-cDXGF-2SpClgHtg-VFDExMtr,None,,,Each
NE-HVAC-Unitary-addVFDPMMtr,EUn,Ex,CZ07,cDXGF,0,NE-HV_AirDist-SupFanMtr-cDXGF-2SpClgHtg-Cnst,None,,None,NE-HV_AirDist-SupFanMtr-cDXGF-2SpClgHtg-VFDPMMtr,None,,,Each
NE-HVAC-Unitary-addVFDStdMtr,EUn,Ex,CZ07,cDXGF,0,NE-HV_AirDist-SupFanMtr-cDXGF-2SpClgHtg-Cnst,None,,None,NE-HV_AirDist-SupFanMtr-cDXGF-2SpClgHtg-VFDStdMtr,None,,,Each
NE-HVAC-Unitary-addVFDExMtr,EUn,Ex,CZ06,cDXGF,0,NE-HV_AirDist-SupFanMtr-cDXGF-2SpClgHtg-Cnst,None,,None,NE-HV_AirDist-SupFanMtr-cDXGF-2SpClgHtg-VFDExMtr,None,,,Each
NE-HVAC-Unitary-addVFDPMMtr,EUn,Ex,CZ06,cDXGF,0,NE-HV_AirDist-SupFanMtr-cDXGF-2SpClgHtg-Cnst,None,,None,NE-HV_AirDist-SupFanMtr-cDXGF-2SpClgHtg-VFDPMMtr,None,,,Each
NE-HVAC-Unitary-addVFDStdMtr,EUn,Ex,CZ06,cDXGF,0,NE-HV_AirDist-SupFanMtr-cDXGF-2SpClgHtg-Cnst,None,,None,NE-HV_AirDist-SupFanMtr-cDXGF-2SpClgHtg-VFDStdMtr,None,,,Each
NE-HVAC-Unitary-addVFDExMtr,EUn,Ex,CZ05,cDXGF,0,NE-HV_AirDist-SupFanMtr-cDXGF-2SpClgHtg-Cnst,None,,None,NE-HV_AirDist-SupFanMtr-cDXGF-2SpClgHtg-VFDExMtr,None,,,Each
NE-HVAC-Unitary-addVFDPMMtr,EUn,Ex,CZ05,cDXGF,0,NE-HV_AirDist-SupFanMtr-cDXGF-2SpClgHtg-Cnst,None,,None,NE-HV_AirDist-SupFanMtr-cDXGF-2SpClgHtg-VFDPMMtr,None,,,Each
NE-HVAC-Unitary-addVFDStdMtr,EUn,Ex,CZ05,cDXGF,0,NE-HV_AirDist-SupFanMtr-cDXGF-2SpClgHtg-Cnst,None,,None,NE-HV_AirDist-SupFanMtr-cDXGF-2SpClgHtg-VFDStdMtr,None,,,Each
NE-HVAC-Unitary-addVFDExMtr,EUn,Ex,CZ04,cDXGF,0,NE-HV_AirDist-SupFanMtr-cDXGF-2SpClgHtg-Cnst,None,,None,NE-HV_AirDist-SupFanMtr-cDXGF-2SpClgHtg-VFDExMtr,None,,,Each
NE-HVAC-Unitary-addVFDPMMtr,EUn,Ex,CZ04,cDXGF,0,NE-HV_AirDist-SupFanMtr-cDXGF-2SpClgHtg-Cnst,None,,None,NE-HV_AirDist-SupFanMtr-cDXGF-2SpClgHtg-VFDPMMtr,None,,,Each
NE-HVAC-Unitary-addVFDStdMtr,EUn,Ex,CZ04,cDXGF,0,NE-HV_AirDist-SupFanMtr-cDXGF-2SpClgHtg-Cnst,None,,None,NE-HV_AirDist-SupFanMtr-cDXGF-2SpClgHtg-VFDStdMtr,None,,,Each
NE-HVAC-Unitary-addVFDExMtr,EUn,Ex,CZ03,cDXGF,0,NE-HV_AirDist-SupFanMtr-cDXGF-2SpClgHtg-Cnst,None,,None,NE-HV_AirDist-SupFanMtr-cDXGF-2SpClgHtg-VFDExMtr,None,,,Each
NE-HVAC-Unitary-addVFDPMMtr,EUn,Ex,CZ03,cDXGF,0,NE-HV_AirDist-SupFanMtr-cDXGF-2SpClgHtg-Cnst,None,,None,NE-HV_AirDist-SupFanMtr-cDXGF-2SpClgHtg-VFDPMMtr,None,,,Each
NE-HVAC-Unitary-addVFDStdMtr,EUn,Ex,CZ03,cDXGF,0,NE-HV_AirDist-SupFanMtr-cDXGF-2SpClgHtg-Cnst,None,,None,NE-HV_AirDist-SupFanMtr-cDXGF-2SpClgHtg-VFDStdMtr,None,,,Each
NE-HVAC-Unitary-addVFDExMtr,EUn,Ex,CZ02,cDXGF,0,NE-HV_AirDist-SupFanMtr-cDXGF-2SpClgHtg-Cnst,None,,None,NE-HV_AirDist-SupFanMtr-cDXGF-2SpClgHtg-VFDExMtr,None,,,Each
NE-HVAC-Unitary-addVFDPMMtr,EUn,Ex,CZ02,cDXGF,0,NE-HV_AirDist-SupFanMtr-cDXGF-2SpClgHtg-Cnst,None,,None,NE-HV_AirDist-SupFanMtr-cDXGF-2SpClgHtg-VFDPMMtr,None,,,Each
NE-HVAC-Unitary-addVFDStdMtr,EUn,Ex,CZ02,cDXGF,0,NE-HV_AirDist-SupFanMtr-cDXGF-2SpClgHtg-Cnst,None,,None,NE-HV_AirDist-SupFanMtr-cDXGF-2SpClgHtg-VFDStdMtr,None,,,Each
NE-HVAC-Unitary-addVFDExMtr,EUn,Ex,CZ01,cDXGF,0,NE-HV_AirDist-SupFanMtr-cDXGF-2SpClgHtg-Cnst,None,,None,NE-HV_AirDist-SupFanMtr-cDXGF-2SpClgHtg-VFDExMtr,None,,,Each
NE-HVAC-Unitary-addVFDPMMtr,EUn,Ex,CZ01,cDXGF,0,NE-HV_AirDist-SupFanMtr-cDXGF-2SpClgHtg-Cnst,None,,None,NE-HV_AirDist-SupFanMtr-cDXGF-2SpClgHtg-VFDPMMtr,None,,,Each
NE-HVAC-Unitary-addVFDStdMtr,EUn,Ex,CZ01,cDXGF,0,NE-HV_AirDist-SupFanMtr-cDXGF-2SpClgHtg-Cnst,None,,None,NE-HV_AirDist-SupFanMtr-cDXGF-2SpClgHtg-VFDStdMtr,None,,,Each
NE-HVAC-Unitary-addVFDExMtr,ESe,Ex,CZ16,cDXOH,0,NE-HV_AirDist-SupFanMtr-cDXOH-2SpClgHtg-Cnst,None,,None,NE-HV_AirDist-SupFanMtr-cDXOH-2SpClgHtg-VFDExMtr,None,,,Each
NE-HVAC-Unitary-addVFDPMMtr,ESe,Ex,CZ16,cDXOH,0,NE-HV_AirDist-SupFanMtr-cDXOH-2SpClgHtg-Cnst,None,,None,NE-HV_AirDist-SupFanMtr-cDXOH-2SpClgHtg-VFDPMMtr,None,,,Each
NE-HVAC-Unitary-addVFDStdMtr,ESe,Ex,CZ16,cDXOH,0,NE-HV_AirDist-SupFanMtr-cDXOH-2SpClgHtg-Cnst,None,,None,NE-HV_AirDist-SupFanMtr-cDXOH-2SpClgHtg-VFDStdMtr,None,,,Each
NE-HVAC-Unitary-addVFDExMtr,ESe,Ex,CZ15,cDXOH,0,NE-HV_AirDist-SupFanMtr-cDXOH-2SpClgHtg-Cnst,None,,None,NE-HV_AirDist-SupFanMtr-cDXOH-2SpClgHtg-VFDExMtr,None,,,Each
NE-HVAC-Unitary-addVFDPMMtr,ESe,Ex,CZ15,cDXOH,0,NE-HV_AirDist-SupFanMtr-cDXOH-2SpClgHtg-Cnst,None,,None,NE-HV_AirDist-SupFanMtr-cDXOH-2SpClgHtg-VFDPMMtr,None,,,Each
NE-HVAC-Unitary-addVFDStdMtr,ESe,Ex,CZ15,cDXOH,0,NE-HV_AirDist-SupFanMtr-cDXOH-2SpClgHtg-Cnst,None,,None,NE-HV_AirDist-SupFanMtr-cDXOH-2SpClgHtg-VFDStdMtr,None,,,Each
NE-HVAC-Unitary-addVFDExMtr,ESe,Ex,CZ14,cDXOH,0,NE-HV_AirDist-SupFanMtr-cDXOH-2SpClgHtg-Cnst,None,,None,NE-HV_AirDist-SupFanMtr-cDXOH-2SpClgHtg-VFDExMtr,None,,,Each
NE-HVAC-Unitary-addVFDPMMtr,ESe,Ex,CZ14,cDXOH,0,NE-HV_AirDist-SupFanMtr-cDXOH-2SpClgHtg-Cnst,None,,None,NE-HV_AirDist-SupFanMtr-cDXOH-2SpClgHtg-VFDPMMtr,None,,,Each
NE-HVAC-Unitary-addVFDStdMtr,ESe,Ex,CZ14,cDXOH,0,NE-HV_AirDist-SupFanMtr-cDXOH-2SpClgHtg-Cnst,None,,None,NE-HV_AirDist-SupFanMtr-cDXOH-2SpClgHtg-VFDStdMtr,None,,,Each
NE-HVAC-Unitary-addVFDExMtr,ESe,Ex,CZ13,cDXOH,0,NE-HV_AirDist-SupFanMtr-cDXOH-2SpClgHtg-Cnst,None,,None,NE-HV_AirDist-SupFanMtr-cDXOH-2SpClgHtg-VFDExMtr,None,,,Each
NE-HVAC-Unitary-addVFDPMMtr,ESe,Ex,CZ13,cDXOH,0,NE-HV_AirDist-SupFanMtr-cDXOH-2SpClgHtg-Cnst,None,,None,NE-HV_AirDist-SupFanMtr-cDXOH-2SpClgHtg-VFDPMMtr,None,,,Each
NE-HVAC-Unitary-addVFDStdMtr,ESe,Ex,CZ13,cDXOH,0,NE-HV_AirDist-SupFanMtr-cDXOH-2SpClgHtg-Cnst,None,,None,NE-HV_AirDist-SupFanMtr-cDXOH-2SpClgHtg-VFDStdMtr,None,,,Each
NE-HVAC-Unitary-addVFDExMtr,ESe,Ex,CZ12,cDXOH,0,NE-HV_AirDist-SupFanMtr-cDXOH-2SpClgHtg-Cnst,None,,None,NE-HV_AirDist-SupFanMtr-cDXOH-2SpClgHtg-VFDExMtr,None,,,Each
NE-HVAC-Unitary-addVFDPMMtr,ESe,Ex,CZ12,cDXOH,0,NE-HV_AirDist-SupFanMtr-cDXOH-2SpClgHtg-Cnst,None,,None,NE-HV_AirDist-SupFanMtr-cDXOH-2SpClgHtg-VFDPMMtr,None,,,Each
NE-HVAC-Unitary-addVFDStdMtr,ESe,Ex,CZ12,cDXOH,0,NE-HV_AirDist-SupFanMtr-cDXOH-2SpClgHtg-Cnst,None,,None,NE-HV_AirDist-SupFanMtr-cDXOH-2SpClgHtg-VFDStdMtr,None,,,Each
NE-HVAC-Unitary-addVFDExMtr,ESe,Ex,CZ11,cDXOH,0,NE-HV_AirDist-SupFanMtr-cDXOH-2SpClgHtg-Cnst,None,,None,NE-HV_AirDist-SupFanMtr-cDXOH-2SpClgHtg-VFDExMtr,None,,,Each
NE-HVAC-Unitary-addVFDPMMtr,ESe,Ex,CZ11,cDXOH,0,NE-HV_AirDist-SupFanMtr-cDXOH-2SpClgHtg-Cnst,None,,None,NE-HV_AirDist-SupFanMtr-cDXOH-2SpClgHtg-VFDPMMtr,None,,,Each
NE-HVAC-Unitary-addVFDStdMtr,ESe,Ex,CZ11,cDXOH,0,NE-HV_AirDist-SupFanMtr-cDXOH-2SpClgHtg-Cnst,None,,None,NE-HV_AirDist-SupFanMtr-cDXOH-2SpClgHtg-VFDStdMtr,None,,,Each
NE-HVAC-Unitary-addVFDExMtr,ESe,Ex,CZ10,cDXOH,0,NE-HV_AirDist-SupFanMtr-cDXOH-2SpClgHtg-Cnst,None,,None,NE-HV_AirDist-SupFanMtr-cDXOH-2SpClgHtg-VFDExMtr,None,,,Each
NE-HVAC-Unitary-addVFDPMMtr,ESe,Ex,CZ10,cDXOH,0,NE-HV_AirDist-SupFanMtr-cDXOH-2SpClgHtg-Cnst,None,,None,NE-HV_AirDist-SupFanMtr-cDXOH-2SpClgHtg-VFDPMMtr,None,,,Each
NE-HVAC-Unitary-addVFDStdMtr,ESe,Ex,CZ10,cDXOH,0,NE-HV_AirDist-SupFanMtr-cDXOH-2SpClgHtg-Cnst,None,,None,NE-HV_AirDist-SupFanMtr-cDXOH-2SpClgHtg-VFDStdMtr,None,,,Each
NE-HVAC-Unitary-addVFDExMtr,ESe,Ex,CZ09,cDXOH,0,NE-HV_AirDist-SupFanMtr-cDXOH-2SpClgHtg-Cnst,None,,None,NE-HV_AirDist-SupFanMtr-cDXOH-2SpClgHtg-VFDExMtr,None,,,Each
NE-HVAC-Unitary-addVFDPMMtr,ESe,Ex,CZ09,cDXOH,0,NE-HV_AirDist-SupFanMtr-cDXOH-2SpClgHtg-Cnst,None,,None,NE-HV_AirDist-SupFanMtr-cDXOH-2SpClgHtg-VFDPMMtr,None,,,Each
NE-HVAC-Unitary-addVFDStdMtr,ESe,Ex,CZ09,cDXOH,0,NE-HV_AirDist-SupFanMtr-cDXOH-2SpClgHtg-Cnst,None,,None,NE-HV_AirDist-SupFanMtr-cDXOH-2SpClgHtg-VFDStdMtr,None,,,Each
NE-HVAC-Unitary-addVFDExMtr,ESe,Ex,CZ08,cDXOH,0,NE-HV_AirDist-SupFanMtr-cDXOH-2SpClgHtg-Cnst,None,,None,NE-HV_AirDist-SupFanMtr-cDXOH-2SpClgHtg-VFDExMtr,None,,,Each
NE-HVAC-Unitary-addVFDPMMtr,ESe,Ex,CZ08,cDXOH,0,NE-HV_AirDist-SupFanMtr-cDXOH-2SpClgHtg-Cnst,None,,None,NE-HV_AirDist-SupFanMtr-cDXOH-2SpClgHtg-VFDPMMtr,None,,,Each
NE-HVAC-Unitary-addVFDStdMtr,ESe,Ex,CZ08,cDXOH,0,NE-HV_AirDist-SupFanMtr-cDXOH-2SpClgHtg-Cnst,None,,None,NE-HV_AirDist-SupFanMtr-cDXOH-2SpClgHtg-VFDStdMtr,None,,,Each
NE-HVAC-Unitary-addVFDExMtr,ESe,Ex,CZ07,cDXOH,0,NE-HV_AirDist-SupFanMtr-cDXOH-2SpClgHtg-Cnst,None,,None,NE-HV_AirDist-SupFanMtr-cDXOH-2SpClgHtg-VFDExMtr,None,,,Each
NE-HVAC-Unitary-addVFDPMMtr,ESe,Ex,CZ07,cDXOH,0,NE-HV_AirDist-SupFanMtr-cDXOH-2SpClgHtg-Cnst,None,,None,NE-HV_AirDist-SupFanMtr-cDXOH-2SpClgHtg-VFDPMMtr,None,,,Each
NE-HVAC-Unitary-addVFDStdMtr,ESe,Ex,CZ07,cDXOH,0,NE-HV_AirDist-SupFanMtr-cDXOH-2SpClgHtg-Cnst,None,,None,NE-HV_AirDist-SupFanMtr-cDXOH-2SpClgHtg-VFDStdMtr,None,,,Each
NE-HVAC-Unitary-addVFDExMtr,ESe,Ex,CZ06,cDXOH,0,NE-HV_AirDist-SupFanMtr-cDXOH-2SpClgHtg-Cnst,None,,None,NE-HV_AirDist-SupFanMtr-cDXOH-2SpClgHtg-VFDExMtr,None,,,Each
NE-HVAC-Unitary-addVFDPMMtr,ESe,Ex,CZ06,cDXOH,0,NE-HV_AirDist-SupFanMtr-cDXOH-2SpClgHtg-Cnst,None,,None,NE-HV_AirDist-SupFanMtr-cDXOH-2SpClgHtg-VFDPMMtr,None,,,Each
NE-HVAC-Unitary-addVFDStdMtr,ESe,Ex,CZ06,cDXOH,0,NE-HV_AirDist-SupFanMtr-cDXOH-2SpClgHtg-Cnst,None,,None,NE-HV_AirDist-SupFanMtr-cDXOH-2SpClgHtg-VFDStdMtr,None,,,Each
NE-HVAC-Unitary-addVFDExMtr,ESe,Ex,CZ05,cDXOH,0,NE-HV_AirDist-SupFanMtr-cDXOH-2SpClgHtg-Cnst,None,,None,NE-HV_AirDist-SupFanMtr-cDXOH-2SpClgHtg-VFDExMtr,None,,,Each
NE-HVAC-Unitary-addVFDPMMtr,ESe,Ex,CZ05,cDXOH,0,NE-HV_AirDist-SupFanMtr-cDXOH-2SpClgHtg-Cnst,None,,None,NE-HV_AirDist-SupFanMtr-cDXOH-2SpClgHtg-VFDPMMtr,None,,,Each
NE-HVAC-Unitary-addVFDStdMtr,ESe,Ex,CZ05,cDXOH,0,NE-HV_AirDist-SupFanMtr-cDXOH-2SpClgHtg-Cnst,None,,None,NE-HV_AirDist-SupFanMtr-cDXOH-2SpClgHtg-VFDStdMtr,None,,,Each
NE-HVAC-Unitary-addVFDExMtr,ESe,Ex,CZ04,cDXOH,0,NE-HV_AirDist-SupFanMtr-cDXOH-2SpClgHtg-Cnst,None,,None,NE-HV_AirDist-SupFanMtr-cDXOH-2SpClgHtg-VFDExMtr,None,,,Each
NE-HVAC-Unitary-addVFDPMMtr,ESe,Ex,CZ04,cDXOH,0,NE-HV_AirDist-SupFanMtr-cDXOH-2SpClgHtg-Cnst,None,,None,NE-HV_AirDist-SupFanMtr-cDXOH-2SpClgHtg-VFDPMMtr,None,,,Each
NE-HVAC-Unitary-addVFDStdMtr,ESe,Ex,CZ04,cDXOH,0,NE-HV_AirDist-SupFanMtr-cDXOH-2SpClgHtg-Cnst,None,,None,NE-HV_AirDist-SupFanMtr-cDXOH-2SpClgHtg-VFDStdMtr,None,,,Each
NE-HVAC-Unitary-addVFDExMtr,ESe,Ex,CZ03,cDXOH,0,NE-HV_AirDist-SupFanMtr-cDXOH-2SpClgHtg-Cnst,None,,None,NE-HV_AirDist-SupFanMtr-cDXOH-2SpClgHtg-VFDExMtr,None,,,Each
NE-HVAC-Unitary-addVFDPMMtr,ESe,Ex,CZ03,cDXOH,0,NE-HV_AirDist-SupFanMtr-cDXOH-2SpClgHtg-Cnst,None,,None,NE-HV_AirDist-SupFanMtr-cDXOH-2SpClgHtg-VFDPMMtr,None,,,Each
NE-HVAC-Unitary-addVFDStdMtr,ESe,Ex,CZ03,cDXOH,0,NE-HV_AirDist-SupFanMtr-cDXOH-2SpClgHtg-Cnst,None,,None,NE-HV_AirDist-SupFanMtr-cDXOH-2SpClgHtg-VFDStdMtr,None,,,Each
NE-HVAC-Unitary-addVFDExMtr,ESe,Ex,CZ02,cDXOH,0,NE-HV_AirDist-SupFanMtr-cDXOH-2SpClgHtg-Cnst,None,,None,NE-HV_AirDist-SupFanMtr-cDXOH-2SpClgHtg-VFDExMtr,None,,,Each
NE-HVAC-Unitary-addVFDPMMtr,ESe,Ex,CZ02,cDXOH,0,NE-HV_AirDist-SupFanMtr-cDXOH-2SpClgHtg-Cnst,None,,None,NE-HV_AirDist-SupFanMtr-cDXOH-2SpClgHtg-VFDPMMtr,None,,,Each
NE-HVAC-Unitary-addVFDStdMtr,ESe,Ex,CZ02,cDXOH,0,NE-HV_AirDist-SupFanMtr-cDXOH-2SpClgHtg-Cnst,None,,None,NE-HV_AirDist-SupFanMtr-cDXOH-2SpClgHtg-VFDStdMtr,None,,,Each
NE-HVAC-Unitary-addVFDExMtr,ESe,Ex,CZ01,cDXOH,0,NE-HV_AirDist-SupFanMtr-cDXOH-2SpClgHtg-Cnst,None,,None,NE-HV_AirDist-SupFanMtr-cDXOH-2SpClgHtg-VFDExMtr,None,,,Each
NE-HVAC-Unitary-addVFDPMMtr,ESe,Ex,CZ01,cDXOH,0,NE-HV_AirDist-SupFanMtr-cDXOH-2SpClgHtg-Cnst,None,,None,NE-HV_AirDist-SupFanMtr-cDXOH-2SpClgHtg-VFDPMMtr,None,,,Each
NE-HVAC-Unitary-addVFDStdMtr,ESe,Ex,CZ01,cDXOH,0,NE-HV_AirDist-SupFanMtr-cDXOH-2SpClgHtg-Cnst,None,,None,NE-HV_AirDist-SupFanMtr-cDXOH-2SpClgHtg-VFDStdMtr,None,,,Each
NE-HVAC-Unitary-addVFDExMtr,ESe,Ex,CZ16,cDXHP,0,NE-HV_AirDist-SupFanMtr-cDXHP-2SpClgHtg-Cnst,None,,None,NE-HV_AirDist-SupFanMtr-cDXHP-2SpClgHtg-VFDExMtr,None,,,Each
NE-HVAC-Unitary-addVFDPMMtr,ESe,Ex,CZ16,cDXHP,0,NE-HV_AirDist-SupFanMtr-cDXHP-2SpClgHtg-Cnst,None,,None,NE-HV_AirDist-SupFanMtr-cDXHP-2SpClgHtg-VFDPMMtr,None,,,Each
NE-HVAC-Unitary-addVFDStdMtr,ESe,Ex,CZ16,cDXHP,0,NE-HV_AirDist-SupFanMtr-cDXHP-2SpClgHtg-Cnst,None,,None,NE-HV_AirDist-SupFanMtr-cDXHP-2SpClgHtg-VFDStdMtr,None,,,Each
NE-HVAC-Unitary-addVFDExMtr,ESe,Ex,CZ15,cDXHP,0,NE-HV_AirDist-SupFanMtr-cDXHP-2SpClgHtg-Cnst,None,,None,NE-HV_AirDist-SupFanMtr-cDXHP-2SpClgHtg-VFDExMtr,None,,,Each
NE-HVAC-Unitary-addVFDPMMtr,ESe,Ex,CZ15,cDXHP,0,NE-HV_AirDist-SupFanMtr-cDXHP-2SpClgHtg-Cnst,None,,None,NE-HV_AirDist-SupFanMtr-cDXHP-2SpClgHtg-VFDPMMtr,None,,,Each
NE-HVAC-Unitary-addVFDStdMtr,ESe,Ex,CZ15,cDXHP,0,NE-HV_AirDist-SupFanMtr-cDXHP-2SpClgHtg-Cnst,None,,None,NE-HV_AirDist-SupFanMtr-cDXHP-2SpClgHtg-VFDStdMtr,None,,,Each
NE-HVAC-Unitary-addVFDExMtr,ESe,Ex,CZ14,cDXHP,0,NE-HV_AirDist-SupFanMtr-cDXHP-2SpClgHtg-Cnst,None,,None,NE-HV_AirDist-SupFanMtr-cDXHP-2SpClgHtg-VFDExMtr,None,,,Each
NE-HVAC-Unitary-addVFDPMMtr,ESe,Ex,CZ14,cDXHP,0,NE-HV_AirDist-SupFanMtr-cDXHP-2SpClgHtg-Cnst,None,,None,NE-HV_AirDist-SupFanMtr-cDXHP-2SpClgHtg-VFDPMMtr,None,,,Each
NE-HVAC-Unitary-addVFDStdMtr,ESe,Ex,CZ14,cDXHP,0,NE-HV_AirDist-SupFanMtr-cDXHP-2SpClgHtg-Cnst,None,,None,NE-HV_AirDist-SupFanMtr-cDXHP-2SpClgHtg-VFDStdMtr,None,,,Each
NE-HVAC-Unitary-addVFDExMtr,ESe,Ex,CZ13,cDXHP,0,NE-HV_AirDist-SupFanMtr-cDXHP-2SpClgHtg-Cnst,None,,None,NE-HV_AirDist-SupFanMtr-cDXHP-2SpClgHtg-VFDExMtr,None,,,Each
NE-HVAC-Unitary-addVFDPMMtr,ESe,Ex,CZ13,cDXHP,0,NE-HV_AirDist-SupFanMtr-cDXHP-2SpClgHtg-Cnst,None,,None,NE-HV_AirDist-SupFanMtr-cDXHP-2SpClgHtg-VFDPMMtr,None,,,Each
NE-HVAC-Unitary-addVFDStdMtr,ESe,Ex,CZ13,cDXHP,0,NE-HV_AirDist-SupFanMtr-cDXHP-2SpClgHtg-Cnst,None,,None,NE-HV_AirDist-SupFanMtr-cDXHP-2SpClgHtg-VFDStdMtr,None,,,Each
NE-HVAC-Unitary-addVFDExMtr,ESe,Ex,CZ12,cDXHP,0,NE-HV_AirDist-SupFanMtr-cDXHP-2SpClgHtg-Cnst,None,,None,NE-HV_AirDist-SupFanMtr-cDXHP-2SpClgHtg-VFDExMtr,None,,,Each
NE-HVAC-Unitary-addVFDPMMtr,ESe,Ex,CZ12,cDXHP,0,NE-HV_AirDist-SupFanMtr-cDXHP-2SpClgHtg-Cnst,None,,None,NE-HV_AirDist-SupFanMtr-cDXHP-2SpClgHtg-VFDPMMtr,None,,,Each
NE-HVAC-Unitary-addVFDStdMtr,ESe,Ex,CZ12,cDXHP,0,NE-HV_AirDist-SupFanMtr-cDXHP-2SpClgHtg-Cnst,None,,None,NE-HV_AirDist-SupFanMtr-cDXHP-2SpClgHtg-VFDStdMtr,None,,,Each
NE-HVAC-Unitary-addVFDExMtr,ESe,Ex,CZ11,cDXHP,0,NE-HV_AirDist-SupFanMtr-cDXHP-2SpClgHtg-Cnst,None,,None,NE-HV_AirDist-SupFanMtr-cDXHP-2SpClgHtg-VFDExMtr,None,,,Each
NE-HVAC-Unitary-addVFDPMMtr,ESe,Ex,CZ11,cDXHP,0,NE-HV_AirDist-SupFanMtr-cDXHP-2SpClgHtg-Cnst,None,,None,NE-HV_AirDist-SupFanMtr-cDXHP-2SpClgHtg-VFDPMMtr,None,,,Each
NE-HVAC-Unitary-addVFDStdMtr,ESe,Ex,CZ11,cDXHP,0,NE-HV_AirDist-SupFanMtr-cDXHP-2SpClgHtg-Cnst,None,,None,NE-HV_AirDist-SupFanMtr-cDXHP-2SpClgHtg-VFDStdMtr,None,,,Each
NE-HVAC-Unitary-addVFDExMtr,ESe,Ex,CZ10,cDXHP,0,NE-HV_AirDist-SupFanMtr-cDXHP-2SpClgHtg-Cnst,None,,None,NE-HV_AirDist-SupFanMtr-cDXHP-2SpClgHtg-VFDExMtr,None,,,Each
NE-HVAC-Unitary-addVFDPMMtr,ESe,Ex,CZ10,cDXHP,0,NE-HV_AirDist-SupFanMtr-cDXHP-2SpClgHtg-Cnst,None,,None,NE-HV_AirDist-SupFanMtr-cDXHP-2SpClgHtg-VFDPMMtr,None,,,Each
NE-HVAC-Unitary-addVFDStdMtr,ESe,Ex,CZ10,cDXHP,0,NE-HV_AirDist-SupFanMtr-cDXHP-2SpClgHtg-Cnst,None,,None,NE-HV_AirDist-SupFanMtr-cDXHP-2SpClgHtg-VFDStdMtr,None,,,Each
NE-HVAC-Unitary-addVFDExMtr,ESe,Ex,CZ09,cDXHP,0,NE-HV_AirDist-SupFanMtr-cDXHP-2SpClgHtg-Cnst,None,,None,NE-HV_AirDist-SupFanMtr-cDXHP-2SpClgHtg-VFDExMtr,None,,,Each
NE-HVAC-Unitary-addVFDPMMtr,ESe,Ex,CZ09,cDXHP,0,NE-HV_AirDist-SupFanMtr-cDXHP-2SpClgHtg-Cnst,None,,None,NE-HV_AirDist-SupFanMtr-cDXHP-2SpClgHtg-VFDPMMtr,None,,,Each
NE-HVAC-Unitary-addVFDStdMtr,ESe,Ex,CZ09,cDXHP,0,NE-HV_AirDist-SupFanMtr-cDXHP-2SpClgHtg-Cnst,None,,None,NE-HV_AirDist-SupFanMtr-cDXHP-2SpClgHtg-VFDStdMtr,None,,,Each
NE-HVAC-Unitary-addVFDExMtr,ESe,Ex,CZ08,cDXHP,0,NE-HV_AirDist-SupFanMtr-cDXHP-2SpClgHtg-Cnst,None,,None,NE-HV_AirDist-SupFanMtr-cDXHP-2SpClgHtg-VFDExMtr,None,,,Each
NE-HVAC-Unitary-addVFDPMMtr,ESe,Ex,CZ08,cDXHP,0,NE-HV_AirDist-SupFanMtr-cDXHP-2SpClgHtg-Cnst,None,,None,NE-HV_AirDist-SupFanMtr-cDXHP-2SpClgHtg-VFDPMMtr,None,,,Each
NE-HVAC-Unitary-addVFDStdMtr,ESe,Ex,CZ08,cDXHP,0,NE-HV_AirDist-SupFanMtr-cDXHP-2SpClgHtg-Cnst,None,,None,NE-HV_AirDist-SupFanMtr-cDXHP-2SpClgHtg-VFDStdMtr,None,,,Each
NE-HVAC-Unitary-addVFDExMtr,ESe,Ex,CZ07,cDXHP,0,NE-HV_AirDist-SupFanMtr-cDXHP-2SpClgHtg-Cnst,None,,None,NE-HV_AirDist-SupFanMtr-cDXHP-2SpClgHtg-VFDExMtr,None,,,Each
NE-HVAC-Unitary-addVFDPMMtr,ESe,Ex,CZ07,cDXHP,0,NE-HV_AirDist-SupFanMtr-cDXHP-2SpClgHtg-Cnst,None,,None,NE-HV_AirDist-SupFanMtr-cDXHP-2SpClgHtg-VFDPMMtr,None,,,Each
NE-HVAC-Unitary-addVFDStdMtr,ESe,Ex,CZ07,cDXHP,0,NE-HV_AirDist-SupFanMtr-cDXHP-2SpClgHtg-Cnst,None,,None,NE-HV_AirDist-SupFanMtr-cDXHP-2SpClgHtg-VFDStdMtr,None,,,Each
NE-HVAC-Unitary-addVFDExMtr,ESe,Ex,CZ06,cDXHP,0,NE-HV_AirDist-SupFanMtr-cDXHP-2SpClgHtg-Cnst,None,,None,NE-HV_AirDist-SupFanMtr-cDXHP-2SpClgHtg-VFDExMtr,None,,,Each
NE-HVAC-Unitary-addVFDPMMtr,ESe,Ex,CZ06,cDXHP,0,NE-HV_AirDist-SupFanMtr-cDXHP-2SpClgHtg-Cnst,None,,None,NE-HV_AirDist-SupFanMtr-cDXHP-2SpClgHtg-VFDPMMtr,None,,,Each
NE-HVAC-Unitary-addVFDStdMtr,ESe,Ex,CZ06,cDXHP,0,NE-HV_AirDist-SupFanMtr-cDXHP-2SpClgHtg-Cnst,None,,None,NE-HV_AirDist-SupFanMtr-cDXHP-2SpClgHtg-VFDStdMtr,None,,,Each
NE-HVAC-Unitary-addVFDExMtr,ESe,Ex,CZ05,cDXHP,0,NE-HV_AirDist-SupFanMtr-cDXHP-2SpClgHtg-Cnst,None,,None,NE-HV_AirDist-SupFanMtr-cDXHP-2SpClgHtg-VFDExMtr,None,,,Each
NE-HVAC-Unitary-addVFDPMMtr,ESe,Ex,CZ05,cDXHP,0,NE-HV_AirDist-SupFanMtr-cDXHP-2SpClgHtg-Cnst,None,,None,NE-HV_AirDist-SupFanMtr-cDXHP-2SpClgHtg-VFDPMMtr,None,,,Each
NE-HVAC-Unitary-addVFDStdMtr,ESe,Ex,CZ05,cDXHP,0,NE-HV_AirDist-SupFanMtr-cDXHP-2SpClgHtg-Cnst,None,,None,NE-HV_AirDist-SupFanMtr-cDXHP-2SpClgHtg-VFDStdMtr,None,,,Each
NE-HVAC-Unitary-addVFDExMtr,ESe,Ex,CZ04,cDXHP,0,NE-HV_AirDist-SupFanMtr-cDXHP-2SpClgHtg-Cnst,None,,None,NE-HV_AirDist-SupFanMtr-cDXHP-2SpClgHtg-VFDExMtr,None,,,Each
NE-HVAC-Unitary-addVFDPMMtr,ESe,Ex,CZ04,cDXHP,0,NE-HV_AirDist-SupFanMtr-cDXHP-2SpClgHtg-Cnst,None,,None,NE-HV_AirDist-SupFanMtr-cDXHP-2SpClgHtg-VFDPMMtr,None,,,Each
NE-HVAC-Unitary-addVFDStdMtr,ESe,Ex,CZ04,cDXHP,0,NE-HV_AirDist-SupFanMtr-cDXHP-2SpClgHtg-Cnst,None,,None,NE-HV_AirDist-SupFanMtr-cDXHP-2SpClgHtg-VFDStdMtr,None,,,Each
NE-HVAC-Unitary-addVFDExMtr,ESe,Ex,CZ03,cDXHP,0,NE-HV_AirDist-SupFanMtr-cDXHP-2SpClgHtg-Cnst,None,,None,NE-HV_AirDist-SupFanMtr-cDXHP-2SpClgHtg-VFDExMtr,None,,,Each
NE-HVAC-Unitary-addVFDPMMtr,ESe,Ex,CZ03,cDXHP,0,NE-HV_AirDist-SupFanMtr-cDXHP-2SpClgHtg-Cnst,None,,None,NE-HV_AirDist-SupFanMtr-cDXHP-2SpClgHtg-VFDPMMtr,None,,,Each
NE-HVAC-Unitary-addVFDStdMtr,ESe,Ex,CZ03,cDXHP,0,NE-HV_AirDist-SupFanMtr-cDXHP-2SpClgHtg-Cnst,None,,None,NE-HV_AirDist-SupFanMtr-cDXHP-2SpClgHtg-VFDStdMtr,None,,,Each
NE-HVAC-Unitary-addVFDExMtr,ESe,Ex,CZ02,cDXHP,0,NE-HV_AirDist-SupFanMtr-cDXHP-2SpClgHtg-Cnst,None,,None,NE-HV_AirDist-SupFanMtr-cDXHP-2SpClgHtg-VFDExMtr,None,,,Each
NE-HVAC-Unitary-addVFDPMMtr,ESe,Ex,CZ02,cDXHP,0,NE-HV_AirDist-SupFanMtr-cDXHP-2SpClgHtg-Cnst,None,,None,NE-HV_AirDist-SupFanMtr-cDXHP-2SpClgHtg-VFDPMMtr,None,,,Each
NE-HVAC-Unitary-addVFDStdMtr,ESe,Ex,CZ02,cDXHP,0,NE-HV_AirDist-SupFanMtr-cDXHP-2SpClgHtg-Cnst,None,,None,NE-HV_AirDist-SupFanMtr-cDXHP-2SpClgHtg-VFDStdMtr,None,,,Each
NE-HVAC-Unitary-addVFDExMtr,ESe,Ex,CZ01,cDXHP,0,NE-HV_AirDist-SupFanMtr-cDXHP-2SpClgHtg-Cnst,None,,None,NE-HV_AirDist-SupFanMtr-cDXHP-2SpClgHtg-VFDExMtr,None,,,Each
NE-HVAC-Unitary-addVFDPMMtr,ESe,Ex,CZ01,cDXHP,0,NE-HV_AirDist-SupFanMtr-cDXHP-2SpClgHtg-Cnst,None,,None,NE-HV_AirDist-SupFanMtr-cDXHP-2SpClgHtg-VFDPMMtr,None,,,Each
NE-HVAC-Unitary-addVFDStdMtr,ESe,Ex,CZ01,cDXHP,0,NE-HV_AirDist-SupFanMtr-cDXHP-2SpClgHtg-Cnst,None,,None,NE-HV_AirDist-SupFanMtr-cDXHP-2SpClgHtg-VFDStdMtr,None,,,Each
NE-HVAC-Unitary-addVFDExMtr,ESe,Ex,CZ16,cDXGF,0,NE-HV_AirDist-SupFanMtr-cDXGF-2SpClgHtg-Cnst,None,,None,NE-HV_AirDist-SupFanMtr-cDXGF-2SpClgHtg-VFDExMtr,None,,,Each
NE-HVAC-Unitary-addVFDPMMtr,ESe,Ex,CZ16,cDXGF,0,NE-HV_AirDist-SupFanMtr-cDXGF-2SpClgHtg-Cnst,None,,None,NE-HV_AirDist-SupFanMtr-cDXGF-2SpClgHtg-VFDPMMtr,None,,,Each
NE-HVAC-Unitary-addVFDStdMtr,ESe,Ex,CZ16,cDXGF,0,NE-HV_AirDist-SupFanMtr-cDXGF-2SpClgHtg-Cnst,None,,None,NE-HV_AirDist-SupFanMtr-cDXGF-2SpClgHtg-VFDStdMtr,None,,,Each
NE-HVAC-Unitary-addVFDExMtr,ESe,Ex,CZ15,cDXGF,0,NE-HV_AirDist-SupFanMtr-cDXGF-2SpClgHtg-Cnst,None,,None,NE-HV_AirDist-SupFanMtr-cDXGF-2SpClgHtg-VFDExMtr,None,,,Each
NE-HVAC-Unitary-addVFDPMMtr,ESe,Ex,CZ15,cDXGF,0,NE-HV_AirDist-SupFanMtr-cDXGF-2SpClgHtg-Cnst,None,,None,NE-HV_AirDist-SupFanMtr-cDXGF-2SpClgHtg-VFDPMMtr,None,,,Each
NE-HVAC-Unitary-addVFDStdMtr,ESe,Ex,CZ15,cDXGF,0,NE-HV_AirDist-SupFanMtr-cDXGF-2SpClgHtg-Cnst,None,,None,NE-HV_AirDist-SupFanMtr-cDXGF-2SpClgHtg-VFDStdMtr,None,,,Each
NE-HVAC-Unitary-addVFDExMtr,ESe,Ex,CZ14,cDXGF,0,NE-HV_AirDist-SupFanMtr-cDXGF-2SpClgHtg-Cnst,None,,None,NE-HV_AirDist-SupFanMtr-cDXGF-2SpClgHtg-VFDExMtr,None,,,Each
NE-HVAC-Unitary-addVFDPMMtr,ESe,Ex,CZ14,cDXGF,0,NE-HV_AirDist-SupFanMtr-cDXGF-2SpClgHtg-Cnst,None,,None,NE-HV_AirDist-SupFanMtr-cDXGF-2SpClgHtg-VFDPMMtr,None,,,Each
NE-HVAC-Unitary-addVFDStdMtr,ESe,Ex,CZ14,cDXGF,0,NE-HV_AirDist-SupFanMtr-cDXGF-2SpClgHtg-Cnst,None,,None,NE-HV_AirDist-SupFanMtr-cDXGF-2SpClgHtg-VFDStdMtr,None,,,Each
NE-HVAC-Unitary-addVFDExMtr,ESe,Ex,CZ13,cDXGF,0,NE-HV_AirDist-SupFanMtr-cDXGF-2SpClgHtg-Cnst,None,,None,NE-HV_AirDist-SupFanMtr-cDXGF-2SpClgHtg-VFDExMtr,None,,,Each
NE-HVAC-Unitary-addVFDPMMtr,ESe,Ex,CZ13,cDXGF,0,NE-HV_AirDist-SupFanMtr-cDXGF-2SpClgHtg-Cnst,None,,None,NE-HV_AirDist-SupFanMtr-cDXGF-2SpClgHtg-VFDPMMtr,None,,,Each
NE-HVAC-Unitary-addVFDStdMtr,ESe,Ex,CZ13,cDXGF,0,NE-HV_AirDist-SupFanMtr-cDXGF-2SpClgHtg-Cnst,None,,None,NE-HV_AirDist-SupFanMtr-cDXGF-2SpClgHtg-VFDStdMtr,None,,,Each
NE-HVAC-Unitary-addVFDExMtr,ESe,Ex,CZ12,cDXGF,0,NE-HV_AirDist-SupFanMtr-cDXGF-2SpClgHtg-Cnst,None,,None,NE-HV_AirDist-SupFanMtr-cDXGF-2SpClgHtg-VFDExMtr,None,,,Each
NE-HVAC-Unitary-addVFDPMMtr,ESe,Ex,CZ12,cDXGF,0,NE-HV_AirDist-SupFanMtr-cDXGF-2SpClgHtg-Cnst,None,,None,NE-HV_AirDist-SupFanMtr-cDXGF-2SpClgHtg-VFDPMMtr,None,,,Each
NE-HVAC-Unitary-addVFDStdMtr,ESe,Ex,CZ12,cDXGF,0,NE-HV_AirDist-SupFanMtr-cDXGF-2SpClgHtg-Cnst,None,,None,NE-HV_AirDist-SupFanMtr-cDXGF-2SpClgHtg-VFDStdMtr,None,,,Each
NE-HVAC-Unitary-addVFDExMtr,ESe,Ex,CZ11,cDXGF,0,NE-HV_AirDist-SupFanMtr-cDXGF-2SpClgHtg-Cnst,None,,None,NE-HV_AirDist-SupFanMtr-cDXGF-2SpClgHtg-VFDExMtr,None,,,Each
NE-HVAC-Unitary-addVFDPMMtr,ESe,Ex,CZ11,cDXGF,0,NE-HV_AirDist-SupFanMtr-cDXGF-2SpClgHtg-Cnst,None,,None,NE-HV_AirDist-SupFanMtr-cDXGF-2SpClgHtg-VFDPMMtr,None,,,Each
NE-HVAC-Unitary-addVFDStdMtr,ESe,Ex,CZ11,cDXGF,0,NE-HV_AirDist-SupFanMtr-cDXGF-2SpClgHtg-Cnst,None,,None,NE-HV_AirDist-SupFanMtr-cDXGF-2SpClgHtg-VFDStdMtr,None,,,Each
NE-HVAC-Unitary-addVFDExMtr,ESe,Ex,CZ10,cDXGF,0,NE-HV_AirDist-SupFanMtr-cDXGF-2SpClgHtg-Cnst,None,,None,NE-HV_AirDist-SupFanMtr-cDXGF-2SpClgHtg-VFDExMtr,None,,,Each
NE-HVAC-Unitary-addVFDPMMtr,ESe,Ex,CZ10,cDXGF,0,NE-HV_AirDist-SupFanMtr-cDXGF-2SpClgHtg-Cnst,None,,None,NE-HV_AirDist-SupFanMtr-cDXGF-2SpClgHtg-VFDPMMtr,None,,,Each
NE-HVAC-Unitary-addVFDStdMtr,ESe,Ex,CZ10,cDXGF,0,NE-HV_AirDist-SupFanMtr-cDXGF-2SpClgHtg-Cnst,None,,None,NE-HV_AirDist-SupFanMtr-cDXGF-2SpClgHtg-VFDStdMtr,None,,,Each
NE-HVAC-Unitary-addVFDExMtr,ESe,Ex,CZ09,cDXGF,0,NE-HV_AirDist-SupFanMtr-cDXGF-2SpClgHtg-Cnst,None,,None,NE-HV_AirDist-SupFanMtr-cDXGF-2SpClgHtg-VFDExMtr,None,,,Each
NE-HVAC-Unitary-addVFDPMMtr,ESe,Ex,CZ09,cDXGF,0,NE-HV_AirDist-SupFanMtr-cDXGF-2SpClgHtg-Cnst,None,,None,NE-HV_AirDist-SupFanMtr-cDXGF-2SpClgHtg-VFDPMMtr,None,,,Each
NE-HVAC-Unitary-addVFDStdMtr,ESe,Ex,CZ09,cDXGF,0,NE-HV_AirDist-SupFanMtr-cDXGF-2SpClgHtg-Cnst,None,,None,NE-HV_AirDist-SupFanMtr-cDXGF-2SpClgHtg-VFDStdMtr,None,,,Each
NE-HVAC-Unitary-addVFDExMtr,ESe,Ex,CZ08,cDXGF,0,NE-HV_AirDist-SupFanMtr-cDXGF-2SpClgHtg-Cnst,None,,None,NE-HV_AirDist-SupFanMtr-cDXGF-2SpClgHtg-VFDExMtr,None,,,Each
NE-HVAC-Unitary-addVFDPMMtr,ESe,Ex,CZ08,cDXGF,0,NE-HV_AirDist-SupFanMtr-cDXGF-2SpClgHtg-Cnst,None,,None,NE-HV_AirDist-SupFanMtr-cDXGF-2SpClgHtg-VFDPMMtr,None,,,Each
NE-HVAC-Unitary-addVFDStdMtr,ESe,Ex,CZ08,cDXGF,0,NE-HV_AirDist-SupFanMtr-cDXGF-2SpClgHtg-Cnst,None,,None,NE-HV_AirDist-SupFanMtr-cDXGF-2SpClgHtg-VFDStdMtr,None,,,Each
NE-HVAC-Unitary-addVFDExMtr,ESe,Ex,CZ07,cDXGF,0,NE-HV_AirDist-SupFanMtr-cDXGF-2SpClgHtg-Cnst,None,,None,NE-HV_AirDist-SupFanMtr-cDXGF-2SpClgHtg-VFDExMtr,None,,,Each
NE-HVAC-Unitary-addVFDPMMtr,ESe,Ex,CZ07,cDXGF,0,NE-HV_AirDist-SupFanMtr-cDXGF-2SpClgHtg-Cnst,None,,None,NE-HV_AirDist-SupFanMtr-cDXGF-2SpClgHtg-VFDPMMtr,None,,,Each
NE-HVAC-Unitary-addVFDStdMtr,ESe,Ex,CZ07,cDXGF,0,NE-HV_AirDist-SupFanMtr-cDXGF-2SpClgHtg-Cnst,None,,None,NE-HV_AirDist-SupFanMtr-cDXGF-2SpClgHtg-VFDStdMtr,None,,,Each
NE-HVAC-Unitary-addVFDExMtr,ESe,Ex,CZ06,cDXGF,0,NE-HV_AirDist-SupFanMtr-cDXGF-2SpClgHtg-Cnst,None,,None,NE-HV_AirDist-SupFanMtr-cDXGF-2SpClgHtg-VFDExMtr,None,,,Each
NE-HVAC-Unitary-addVFDPMMtr,ESe,Ex,CZ06,cDXGF,0,NE-HV_AirDist-SupFanMtr-cDXGF-2SpClgHtg-Cnst,None,,None,NE-HV_AirDist-SupFanMtr-cDXGF-2SpClgHtg-VFDPMMtr,None,,,Each
NE-HVAC-Unitary-addVFDStdMtr,ESe,Ex,CZ06,cDXGF,0,NE-HV_AirDist-SupFanMtr-cDXGF-2SpClgHtg-Cnst,None,,None,NE-HV_AirDist-SupFanMtr-cDXGF-2SpClgHtg-VFDStdMtr,None,,,Each
NE-HVAC-Unitary-addVFDExMtr,ESe,Ex,CZ05,cDXGF,0,NE-HV_AirDist-SupFanMtr-cDXGF-2SpClgHtg-Cnst,None,,None,NE-HV_AirDist-SupFanMtr-cDXGF-2SpClgHtg-VFDExMtr,None,,,Each
NE-HVAC-Unitary-addVFDPMMtr,ESe,Ex,CZ05,cDXGF,0,NE-HV_AirDist-SupFanMtr-cDXGF-2SpClgHtg-Cnst,None,,None,NE-HV_AirDist-SupFanMtr-cDXGF-2SpClgHtg-VFDPMMtr,None,,,Each
NE-HVAC-Unitary-addVFDStdMtr,ESe,Ex,CZ05,cDXGF,0,NE-HV_AirDist-SupFanMtr-cDXGF-2SpClgHtg-Cnst,None,,None,NE-HV_AirDist-SupFanMtr-cDXGF-2SpClgHtg-VFDStdMtr,None,,,Each
NE-HVAC-Unitary-addVFDExMtr,ESe,Ex,CZ04,cDXGF,0,NE-HV_AirDist-SupFanMtr-cDXGF-2SpClgHtg-Cnst,None,,None,NE-HV_AirDist-SupFanMtr-cDXGF-2SpClgHtg-VFDExMtr,None,,,Each
NE-HVAC-Unitary-addVFDPMMtr,ESe,Ex,CZ04,cDXGF,0,NE-HV_AirDist-SupFanMtr-cDXGF-2SpClgHtg-Cnst,None,,None,NE-HV_AirDist-SupFanMtr-cDXGF-2SpClgHtg-VFDPMMtr,None,,,Each
NE-HVAC-Unitary-addVFDStdMtr,ESe,Ex,CZ04,cDXGF,0,NE-HV_AirDist-SupFanMtr-cDXGF-2SpClgHtg-Cnst,None,,None,NE-HV_AirDist-SupFanMtr-cDXGF-2SpClgHtg-VFDStdMtr,None,,,Each
NE-HVAC-Unitary-addVFDExMtr,ESe,Ex,CZ03,cDXGF,0,NE-HV_AirDist-SupFanMtr-cDXGF-2SpClgHtg-Cnst,None,,None,NE-HV_AirDist-SupFanMtr-cDXGF-2SpClgHtg-VFDExMtr,None,,,Each
NE-HVAC-Unitary-addVFDPMMtr,ESe,Ex,CZ03,cDXGF,0,NE-HV_AirDist-SupFanMtr-cDXGF-2SpClgHtg-Cnst,None,,None,NE-HV_AirDist-SupFanMtr-cDXGF-2SpClgHtg-VFDPMMtr,None,,,Each
NE-HVAC-Unitary-addVFDStdMtr,ESe,Ex,CZ03,cDXGF,0,NE-HV_AirDist-SupFanMtr-cDXGF-2SpClgHtg-Cnst,None,,None,NE-HV_AirDist-SupFanMtr-cDXGF-2SpClgHtg-VFDStdMtr,None,,,Each
NE-HVAC-Unitary-addVFDExMtr,ESe,Ex,CZ02,cDXGF,0,NE-HV_AirDist-SupFanMtr-cDXGF-2SpClgHtg-Cnst,None,,None,NE-HV_AirDist-SupFanMtr-cDXGF-2SpClgHtg-VFDExMtr,None,,,Each
NE-HVAC-Unitary-addVFDPMMtr,ESe,Ex,CZ02,cDXGF,0,NE-HV_AirDist-SupFanMtr-cDXGF-2SpClgHtg-Cnst,None,,None,NE-HV_AirDist-SupFanMtr-cDXGF-2SpClgHtg-VFDPMMtr,None,,,Each
NE-HVAC-Unitary-addVFDStdMtr,ESe,Ex,CZ02,cDXGF,0,NE-HV_AirDist-SupFanMtr-cDXGF-2SpClgHtg-Cnst,None,,None,NE-HV_AirDist-SupFanMtr-cDXGF-2SpClgHtg-VFDStdMtr,None,,,Each
NE-HVAC-Unitary-addVFDExMtr,ESe,Ex,CZ01,cDXGF,0,NE-HV_AirDist-SupFanMtr-cDXGF-2SpClgHtg-Cnst,None,,None,NE-HV_AirDist-SupFanMtr-cDXGF-2SpClgHtg-VFDExMtr,None,,,Each
NE-HVAC-Unitary-addVFDPMMtr,ESe,Ex,CZ01,cDXGF,0,NE-HV_AirDist-SupFanMtr-cDXGF-2SpClgHtg-Cnst,None,,None,NE-HV_AirDist-SupFanMtr-cDXGF-2SpClgHtg-VFDPMMtr,None,,,Each
NE-HVAC-Unitary-addVFDStdMtr,ESe,Ex,CZ01,cDXGF,0,NE-HV_AirDist-SupFanMtr-cDXGF-2SpClgHtg-Cnst,None,,None,NE-HV_AirDist-SupFanMtr-cDXGF-2SpClgHtg-VFDStdMtr,None,,,Each
NE-HVAC-Unitary-addVFDExMtr,EPr,Ex,CZ16,cDXOH,0,NE-HV_AirDist-SupFanMtr-cDXOH-2SpClgHtg-Cnst,None,,None,NE-HV_AirDist-SupFanMtr-cDXOH-2SpClgHtg-VFDExMtr,None,,,Each
NE-HVAC-Unitary-addVFDPMMtr,EPr,Ex,CZ16,cDXOH,0,NE-HV_AirDist-SupFanMtr-cDXOH-2SpClgHtg-Cnst,None,,None,NE-HV_AirDist-SupFanMtr-cDXOH-2SpClgHtg-VFDPMMtr,None,,,Each
NE-HVAC-Unitary-addVFDStdMtr,EPr,Ex,CZ16,cDXOH,0,NE-HV_AirDist-SupFanMtr-cDXOH-2SpClgHtg-Cnst,None,,None,NE-HV_AirDist-SupFanMtr-cDXOH-2SpClgHtg-VFDStdMtr,None,,,Each
NE-HVAC-Unitary-addVFDExMtr,EPr,Ex,CZ15,cDXOH,0,NE-HV_AirDist-SupFanMtr-cDXOH-2SpClgHtg-Cnst,None,,None,NE-HV_AirDist-SupFanMtr-cDXOH-2SpClgHtg-VFDExMtr,None,,,Each
NE-HVAC-Unitary-addVFDPMMtr,EPr,Ex,CZ15,cDXOH,0,NE-HV_AirDist-SupFanMtr-cDXOH-2SpClgHtg-Cnst,None,,None,NE-HV_AirDist-SupFanMtr-cDXOH-2SpClgHtg-VFDPMMtr,None,,,Each
NE-HVAC-Unitary-addVFDStdMtr,EPr,Ex,CZ15,cDXOH,0,NE-HV_AirDist-SupFanMtr-cDXOH-2SpClgHtg-Cnst,None,,None,NE-HV_AirDist-SupFanMtr-cDXOH-2SpClgHtg-VFDStdMtr,None,,,Each
NE-HVAC-Unitary-addVFDExMtr,EPr,Ex,CZ14,cDXOH,0,NE-HV_AirDist-SupFanMtr-cDXOH-2SpClgHtg-Cnst,None,,None,NE-HV_AirDist-SupFanMtr-cDXOH-2SpClgHtg-VFDExMtr,None,,,Each
NE-HVAC-Unitary-addVFDPMMtr,EPr,Ex,CZ14,cDXOH,0,NE-HV_AirDist-SupFanMtr-cDXOH-2SpClgHtg-Cnst,None,,None,NE-HV_AirDist-SupFanMtr-cDXOH-2SpClgHtg-VFDPMMtr,None,,,Each
NE-HVAC-Unitary-addVFDStdMtr,EPr,Ex,CZ14,cDXOH,0,NE-HV_AirDist-SupFanMtr-cDXOH-2SpClgHtg-Cnst,None,,None,NE-HV_AirDist-SupFanMtr-cDXOH-2SpClgHtg-VFDStdMtr,None,,,Each
NE-HVAC-Unitary-addVFDExMtr,EPr,Ex,CZ13,cDXOH,0,NE-HV_AirDist-SupFanMtr-cDXOH-2SpClgHtg-Cnst,None,,None,NE-HV_AirDist-SupFanMtr-cDXOH-2SpClgHtg-VFDExMtr,None,,,Each
NE-HVAC-Unitary-addVFDPMMtr,EPr,Ex,CZ13,cDXOH,0,NE-HV_AirDist-SupFanMtr-cDXOH-2SpClgHtg-Cnst,None,,None,NE-HV_AirDist-SupFanMtr-cDXOH-2SpClgHtg-VFDPMMtr,None,,,Each
NE-HVAC-Unitary-addVFDStdMtr,EPr,Ex,CZ13,cDXOH,0,NE-HV_AirDist-SupFanMtr-cDXOH-2SpClgHtg-Cnst,None,,None,NE-HV_AirDist-SupFanMtr-cDXOH-2SpClgHtg-VFDStdMtr,None,,,Each
NE-HVAC-Unitary-addVFDExMtr,EPr,Ex,CZ12,cDXOH,0,NE-HV_AirDist-SupFanMtr-cDXOH-2SpClgHtg-Cnst,None,,None,NE-HV_AirDist-SupFanMtr-cDXOH-2SpClgHtg-VFDExMtr,None,,,Each
NE-HVAC-Unitary-addVFDPMMtr,EPr,Ex,CZ12,cDXOH,0,NE-HV_AirDist-SupFanMtr-cDXOH-2SpClgHtg-Cnst,None,,None,NE-HV_AirDist-SupFanMtr-cDXOH-2SpClgHtg-VFDPMMtr,None,,,Each
NE-HVAC-Unitary-addVFDStdMtr,EPr,Ex,CZ12,cDXOH,0,NE-HV_AirDist-SupFanMtr-cDXOH-2SpClgHtg-Cnst,None,,None,NE-HV_AirDist-SupFanMtr-cDXOH-2SpClgHtg-VFDStdMtr,None,,,Each
NE-HVAC-Unitary-addVFDExMtr,EPr,Ex,CZ11,cDXOH,0,NE-HV_AirDist-SupFanMtr-cDXOH-2SpClgHtg-Cnst,None,,None,NE-HV_AirDist-SupFanMtr-cDXOH-2SpClgHtg-VFDExMtr,None,,,Each
NE-HVAC-Unitary-addVFDPMMtr,EPr,Ex,CZ11,cDXOH,0,NE-HV_AirDist-SupFanMtr-cDXOH-2SpClgHtg-Cnst,None,,None,NE-HV_AirDist-SupFanMtr-cDXOH-2SpClgHtg-VFDPMMtr,None,,,Each
NE-HVAC-Unitary-addVFDStdMtr,EPr,Ex,CZ11,cDXOH,0,NE-HV_AirDist-SupFanMtr-cDXOH-2SpClgHtg-Cnst,None,,None,NE-HV_AirDist-SupFanMtr-cDXOH-2SpClgHtg-VFDStdMtr,None,,,Each
NE-HVAC-Unitary-addVFDExMtr,EPr,Ex,CZ10,cDXOH,0,NE-HV_AirDist-SupFanMtr-cDXOH-2SpClgHtg-Cnst,None,,None,NE-HV_AirDist-SupFanMtr-cDXOH-2SpClgHtg-VFDExMtr,None,,,Each
NE-HVAC-Unitary-addVFDPMMtr,EPr,Ex,CZ10,cDXOH,0,NE-HV_AirDist-SupFanMtr-cDXOH-2SpClgHtg-Cnst,None,,None,NE-HV_AirDist-SupFanMtr-cDXOH-2SpClgHtg-VFDPMMtr,None,,,Each
NE-HVAC-Unitary-addVFDStdMtr,EPr,Ex,CZ10,cDXOH,0,NE-HV_AirDist-SupFanMtr-cDXOH-2SpClgHtg-Cnst,None,,None,NE-HV_AirDist-SupFanMtr-cDXOH-2SpClgHtg-VFDStdMtr,None,,,Each
NE-HVAC-Unitary-addVFDExMtr,EPr,Ex,CZ09,cDXOH,0,NE-HV_AirDist-SupFanMtr-cDXOH-2SpClgHtg-Cnst,None,,None,NE-HV_AirDist-SupFanMtr-cDXOH-2SpClgHtg-VFDExMtr,None,,,Each
NE-HVAC-Unitary-addVFDPMMtr,EPr,Ex,CZ09,cDXOH,0,NE-HV_AirDist-SupFanMtr-cDXOH-2SpClgHtg-Cnst,None,,None,NE-HV_AirDist-SupFanMtr-cDXOH-2SpClgHtg-VFDPMMtr,None,,,Each
NE-HVAC-Unitary-addVFDStdMtr,EPr,Ex,CZ09,cDXOH,0,NE-HV_AirDist-SupFanMtr-cDXOH-2SpClgHtg-Cnst,None,,None,NE-HV_AirDist-SupFanMtr-cDXOH-2SpClgHtg-VFDStdMtr,None,,,Each
NE-HVAC-Unitary-addVFDExMtr,EPr,Ex,CZ08,cDXOH,0,NE-HV_AirDist-SupFanMtr-cDXOH-2SpClgHtg-Cnst,None,,None,NE-HV_AirDist-SupFanMtr-cDXOH-2SpClgHtg-VFDExMtr,None,,,Each
NE-HVAC-Unitary-addVFDPMMtr,EPr,Ex,CZ08,cDXOH,0,NE-HV_AirDist-SupFanMtr-cDXOH-2SpClgHtg-Cnst,None,,None,NE-HV_AirDist-SupFanMtr-cDXOH-2SpClgHtg-VFDPMMtr,None,,,Each
NE-HVAC-Unitary-addVFDStdMtr,EPr,Ex,CZ08,cDXOH,0,NE-HV_AirDist-SupFanMtr-cDXOH-2SpClgHtg-Cnst,None,,None,NE-HV_AirDist-SupFanMtr-cDXOH-2SpClgHtg-VFDStdMtr,None,,,Each
NE-HVAC-Unitary-addVFDExMtr,EPr,Ex,CZ07,cDXOH,0,NE-HV_AirDist-SupFanMtr-cDXOH-2SpClgHtg-Cnst,None,,None,NE-HV_AirDist-SupFanMtr-cDXOH-2SpClgHtg-VFDExMtr,None,,,Each
NE-HVAC-Unitary-addVFDPMMtr,EPr,Ex,CZ07,cDXOH,0,NE-HV_AirDist-SupFanMtr-cDXOH-2SpClgHtg-Cnst,None,,None,NE-HV_AirDist-SupFanMtr-cDXOH-2SpClgHtg-VFDPMMtr,None,,,Each
NE-HVAC-Unitary-addVFDStdMtr,EPr,Ex,CZ07,cDXOH,0,NE-HV_AirDist-SupFanMtr-cDXOH-2SpClgHtg-Cnst,None,,None,NE-HV_AirDist-SupFanMtr-cDXOH-2SpClgHtg-VFDStdMtr,None,,,Each
NE-HVAC-Unitary-addVFDExMtr,EPr,Ex,CZ06,cDXOH,0,NE-HV_AirDist-SupFanMtr-cDXOH-2SpClgHtg-Cnst,None,,None,NE-HV_AirDist-SupFanMtr-cDXOH-2SpClgHtg-VFDExMtr,None,,,Each
NE-HVAC-Unitary-addVFDPMMtr,EPr,Ex,CZ06,cDXOH,0,NE-HV_AirDist-SupFanMtr-cDXOH-2SpClgHtg-Cnst,None,,None,NE-HV_AirDist-SupFanMtr-cDXOH-2SpClgHtg-VFDPMMtr,None,,,Each
NE-HVAC-Unitary-addVFDStdMtr,EPr,Ex,CZ06,cDXOH,0,NE-HV_AirDist-SupFanMtr-cDXOH-2SpClgHtg-Cnst,None,,None,NE-HV_AirDist-SupFanMtr-cDXOH-2SpClgHtg-VFDStdMtr,None,,,Each
NE-HVAC-Unitary-addVFDExMtr,EPr,Ex,CZ05,cDXOH,0,NE-HV_AirDist-SupFanMtr-cDXOH-2SpClgHtg-Cnst,None,,None,NE-HV_AirDist-SupFanMtr-cDXOH-2SpClgHtg-VFDExMtr,None,,,Each
NE-HVAC-Unitary-addVFDPMMtr,EPr,Ex,CZ05,cDXOH,0,NE-HV_AirDist-SupFanMtr-cDXOH-2SpClgHtg-Cnst,None,,None,NE-HV_AirDist-SupFanMtr-cDXOH-2SpClgHtg-VFDPMMtr,None,,,Each
NE-HVAC-Unitary-addVFDStdMtr,EPr,Ex,CZ05,cDXOH,0,NE-HV_AirDist-SupFanMtr-cDXOH-2SpClgHtg-Cnst,None,,None,NE-HV_AirDist-SupFanMtr-cDXOH-2SpClgHtg-VFDStdMtr,None,,,Each
NE-HVAC-Unitary-addVFDExMtr,EPr,Ex,CZ04,cDXOH,0,NE-HV_AirDist-SupFanMtr-cDXOH-2SpClgHtg-Cnst,None,,None,NE-HV_AirDist-SupFanMtr-cDXOH-2SpClgHtg-VFDExMtr,None,,,Each
NE-HVAC-Unitary-addVFDPMMtr,EPr,Ex,CZ04,cDXOH,0,NE-HV_AirDist-SupFanMtr-cDXOH-2SpClgHtg-Cnst,None,,None,NE-HV_AirDist-SupFanMtr-cDXOH-2SpClgHtg-VFDPMMtr,None,,,Each
NE-HVAC-Unitary-addVFDStdMtr,EPr,Ex,CZ04,cDXOH,0,NE-HV_AirDist-SupFanMtr-cDXOH-2SpClgHtg-Cnst,None,,None,NE-HV_AirDist-SupFanMtr-cDXOH-2SpClgHtg-VFDStdMtr,None,,,Each
NE-HVAC-Unitary-addVFDExMtr,EPr,Ex,CZ03,cDXOH,0,NE-HV_AirDist-SupFanMtr-cDXOH-2SpClgHtg-Cnst,None,,None,NE-HV_AirDist-SupFanMtr-cDXOH-2SpClgHtg-VFDExMtr,None,,,Each
NE-HVAC-Unitary-addVFDPMMtr,EPr,Ex,CZ03,cDXOH,0,NE-HV_AirDist-SupFanMtr-cDXOH-2SpClgHtg-Cnst,None,,None,NE-HV_AirDist-SupFanMtr-cDXOH-2SpClgHtg-VFDPMMtr,None,,,Each
NE-HVAC-Unitary-addVFDStdMtr,EPr,Ex,CZ03,cDXOH,0,NE-HV_AirDist-SupFanMtr-cDXOH-2SpClgHtg-Cnst,None,,None,NE-HV_AirDist-SupFanMtr-cDXOH-2SpClgHtg-VFDStdMtr,None,,,Each
NE-HVAC-Unitary-addVFDExMtr,EPr,Ex,CZ02,cDXOH,0,NE-HV_AirDist-SupFanMtr-cDXOH-2SpClgHtg-Cnst,None,,None,NE-HV_AirDist-SupFanMtr-cDXOH-2SpClgHtg-VFDExMtr,None,,,Each
NE-HVAC-Unitary-addVFDPMMtr,EPr,Ex,CZ02,cDXOH,0,NE-HV_AirDist-SupFanMtr-cDXOH-2SpClgHtg-Cnst,None,,None,NE-HV_AirDist-SupFanMtr-cDXOH-2SpClgHtg-VFDPMMtr,None,,,Each
NE-HVAC-Unitary-addVFDStdMtr,EPr,Ex,CZ02,cDXOH,0,NE-HV_AirDist-SupFanMtr-cDXOH-2SpClgHtg-Cnst,None,,None,NE-HV_AirDist-SupFanMtr-cDXOH-2SpClgHtg-VFDStdMtr,None,,,Each
NE-HVAC-Unitary-addVFDExMtr,EPr,Ex,CZ01,cDXOH,0,NE-HV_AirDist-SupFanMtr-cDXOH-2SpClgHtg-Cnst,None,,None,NE-HV_AirDist-SupFanMtr-cDXOH-2SpClgHtg-VFDExMtr,None,,,Each
NE-HVAC-Unitary-addVFDPMMtr,EPr,Ex,CZ01,cDXOH,0,NE-HV_AirDist-SupFanMtr-cDXOH-2SpClgHtg-Cnst,None,,None,NE-HV_AirDist-SupFanMtr-cDXOH-2SpClgHtg-VFDPMMtr,None,,,Each
NE-HVAC-Unitary-addVFDStdMtr,EPr,Ex,CZ01,cDXOH,0,NE-HV_AirDist-SupFanMtr-cDXOH-2SpClgHtg-Cnst,None,,None,NE-HV_AirDist-SupFanMtr-cDXOH-2SpClgHtg-VFDStdMtr,None,,,Each
NE-HVAC-Unitary-addVFDExMtr,EPr,Ex,CZ16,cDXHP,0,NE-HV_AirDist-SupFanMtr-cDXHP-2SpClgHtg-Cnst,None,,None,NE-HV_AirDist-SupFanMtr-cDXHP-2SpClgHtg-VFDExMtr,None,,,Each
NE-HVAC-Unitary-addVFDPMMtr,EPr,Ex,CZ16,cDXHP,0,NE-HV_AirDist-SupFanMtr-cDXHP-2SpClgHtg-Cnst,None,,None,NE-HV_AirDist-SupFanMtr-cDXHP-2SpClgHtg-VFDPMMtr,None,,,Each
NE-HVAC-Unitary-addVFDStdMtr,EPr,Ex,CZ16,cDXHP,0,NE-HV_AirDist-SupFanMtr-cDXHP-2SpClgHtg-Cnst,None,,None,NE-HV_AirDist-SupFanMtr-cDXHP-2SpClgHtg-VFDStdMtr,None,,,Each
NE-HVAC-Unitary-addVFDExMtr,EPr,Ex,CZ15,cDXHP,0,NE-HV_AirDist-SupFanMtr-cDXHP-2SpClgHtg-Cnst,None,,None,NE-HV_AirDist-SupFanMtr-cDXHP-2SpClgHtg-VFDExMtr,None,,,Each
NE-HVAC-Unitary-addVFDPMMtr,EPr,Ex,CZ15,cDXHP,0,NE-HV_AirDist-SupFanMtr-cDXHP-2SpClgHtg-Cnst,None,,None,NE-HV_AirDist-SupFanMtr-cDXHP-2SpClgHtg-VFDPMMtr,None,,,Each
NE-HVAC-Unitary-addVFDStdMtr,EPr,Ex,CZ15,cDXHP,0,NE-HV_AirDist-SupFanMtr-cDXHP-2SpClgHtg-Cnst,None,,None,NE-HV_AirDist-SupFanMtr-cDXHP-2SpClgHtg-VFDStdMtr,None,,,Each
NE-HVAC-Unitary-addVFDExMtr,EPr,Ex,CZ14,cDXHP,0,NE-HV_AirDist-SupFanMtr-cDXHP-2SpClgHtg-Cnst,None,,None,NE-HV_AirDist-SupFanMtr-cDXHP-2SpClgHtg-VFDExMtr,None,,,Each
NE-HVAC-Unitary-addVFDPMMtr,EPr,Ex,CZ14,cDXHP,0,NE-HV_AirDist-SupFanMtr-cDXHP-2SpClgHtg-Cnst,None,,None,NE-HV_AirDist-SupFanMtr-cDXHP-2SpClgHtg-VFDPMMtr,None,,,Each
NE-HVAC-Unitary-addVFDStdMtr,EPr,Ex,CZ14,cDXHP,0,NE-HV_AirDist-SupFanMtr-cDXHP-2SpClgHtg-Cnst,None,,None,NE-HV_AirDist-SupFanMtr-cDXHP-2SpClgHtg-VFDStdMtr,None,,,Each
NE-HVAC-Unitary-addVFDExMtr,EPr,Ex,CZ13,cDXHP,0,NE-HV_AirDist-SupFanMtr-cDXHP-2SpClgHtg-Cnst,None,,None,NE-HV_AirDist-SupFanMtr-cDXHP-2SpClgHtg-VFDExMtr,None,,,Each
NE-HVAC-Unitary-addVFDPMMtr,EPr,Ex,CZ13,cDXHP,0,NE-HV_AirDist-SupFanMtr-cDXHP-2SpClgHtg-Cnst,None,,None,NE-HV_AirDist-SupFanMtr-cDXHP-2SpClgHtg-VFDPMMtr,None,,,Each
NE-HVAC-Unitary-addVFDStdMtr,EPr,Ex,CZ13,cDXHP,0,NE-HV_AirDist-SupFanMtr-cDXHP-2SpClgHtg-Cnst,None,,None,NE-HV_AirDist-SupFanMtr-cDXHP-2SpClgHtg-VFDStdMtr,None,,,Each
NE-HVAC-Unitary-addVFDExMtr,EPr,Ex,CZ12,cDXHP,0,NE-HV_AirDist-SupFanMtr-cDXHP-2SpClgHtg-Cnst,None,,None,NE-HV_AirDist-SupFanMtr-cDXHP-2SpClgHtg-VFDExMtr,None,,,Each
NE-HVAC-Unitary-addVFDPMMtr,EPr,Ex,CZ12,cDXHP,0,NE-HV_AirDist-SupFanMtr-cDXHP-2SpClgHtg-Cnst,None,,None,NE-HV_AirDist-SupFanMtr-cDXHP-2SpClgHtg-VFDPMMtr,None,,,Each
NE-HVAC-Unitary-addVFDStdMtr,EPr,Ex,CZ12,cDXHP,0,NE-HV_AirDist-SupFanMtr-cDXHP-2SpClgHtg-Cnst,None,,None,NE-HV_AirDist-SupFanMtr-cDXHP-2SpClgHtg-VFDStdMtr,None,,,Each
NE-HVAC-Unitary-addVFDExMtr,EPr,Ex,CZ11,cDXHP,0,NE-HV_AirDist-SupFanMtr-cDXHP-2SpClgHtg-Cnst,None,,None,NE-HV_AirDist-SupFanMtr-cDXHP-2SpClgHtg-VFDExMtr,None,,,Each
NE-HVAC-Unitary-addVFDPMMtr,EPr,Ex,CZ11,cDXHP,0,NE-HV_AirDist-SupFanMtr-cDXHP-2SpClgHtg-Cnst,None,,None,NE-HV_AirDist-SupFanMtr-cDXHP-2SpClgHtg-VFDPMMtr,None,,,Each
NE-HVAC-Unitary-addVFDStdMtr,EPr,Ex,CZ11,cDXHP,0,NE-HV_AirDist-SupFanMtr-cDXHP-2SpClgHtg-Cnst,None,,None,NE-HV_AirDist-SupFanMtr-cDXHP-2SpClgHtg-VFDStdMtr,None,,,Each
NE-HVAC-Unitary-addVFDExMtr,EPr,Ex,CZ10,cDXHP,0,NE-HV_AirDist-SupFanMtr-cDXHP-2SpClgHtg-Cnst,None,,None,NE-HV_AirDist-SupFanMtr-cDXHP-2SpClgHtg-VFDExMtr,None,,,Each
NE-HVAC-Unitary-addVFDPMMtr,EPr,Ex,CZ10,cDXHP,0,NE-HV_AirDist-SupFanMtr-cDXHP-2SpClgHtg-Cnst,None,,None,NE-HV_AirDist-SupFanMtr-cDXHP-2SpClgHtg-VFDPMMtr,None,,,Each
NE-HVAC-Unitary-addVFDStdMtr,EPr,Ex,CZ10,cDXHP,0,NE-HV_AirDist-SupFanMtr-cDXHP-2SpClgHtg-Cnst,None,,None,NE-HV_AirDist-SupFanMtr-cDXHP-2SpClgHtg-VFDStdMtr,None,,,Each
NE-HVAC-Unitary-addVFDExMtr,EPr,Ex,CZ09,cDXHP,0,NE-HV_AirDist-SupFanMtr-cDXHP-2SpClgHtg-Cnst,None,,None,NE-HV_AirDist-SupFanMtr-cDXHP-2SpClgHtg-VFDExMtr,None,,,Each
NE-HVAC-Unitary-addVFDPMMtr,EPr,Ex,CZ09,cDXHP,0,NE-HV_AirDist-SupFanMtr-cDXHP-2SpClgHtg-Cnst,None,,None,NE-HV_AirDist-SupFanMtr-cDXHP-2SpClgHtg-VFDPMMtr,None,,,Each
NE-HVAC-Unitary-addVFDStdMtr,EPr,Ex,CZ09,cDXHP,0,NE-HV_AirDist-SupFanMtr-cDXHP-2SpClgHtg-Cnst,None,,None,NE-HV_AirDist-SupFanMtr-cDXHP-2SpClgHtg-VFDStdMtr,None,,,Each
NE-HVAC-Unitary-addVFDExMtr,EPr,Ex,CZ08,cDXHP,0,NE-HV_AirDist-SupFanMtr-cDXHP-2SpClgHtg-Cnst,None,,None,NE-HV_AirDist-SupFanMtr-cDXHP-2SpClgHtg-VFDExMtr,None,,,Each
NE-HVAC-Unitary-addVFDPMMtr,EPr,Ex,CZ08,cDXHP,0,NE-HV_AirDist-SupFanMtr-cDXHP-2SpClgHtg-Cnst,None,,None,NE-HV_AirDist-SupFanMtr-cDXHP-2SpClgHtg-VFDPMMtr,None,,,Each
NE-HVAC-Unitary-addVFDStdMtr,EPr,Ex,CZ08,cDXHP,0,NE-HV_AirDist-SupFanMtr-cDXHP-2SpClgHtg-Cnst,None,,None,NE-HV_AirDist-SupFanMtr-cDXHP-2SpClgHtg-VFDStdMtr,None,,,Each
NE-HVAC-Unitary-addVFDExMtr,EPr,Ex,CZ07,cDXHP,0,NE-HV_AirDist-SupFanMtr-cDXHP-2SpClgHtg-Cnst,None,,None,NE-HV_AirDist-SupFanMtr-cDXHP-2SpClgHtg-VFDExMtr,None,,,Each
NE-HVAC-Unitary-addVFDPMMtr,EPr,Ex,CZ07,cDXHP,0,NE-HV_AirDist-SupFanMtr-cDXHP-2SpClgHtg-Cnst,None,,None,NE-HV_AirDist-SupFanMtr-cDXHP-2SpClgHtg-VFDPMMtr,None,,,Each
NE-HVAC-Unitary-addVFDStdMtr,EPr,Ex,CZ07,cDXHP,0,NE-HV_AirDist-SupFanMtr-cDXHP-2SpClgHtg-Cnst,None,,None,NE-HV_AirDist-SupFanMtr-cDXHP-2SpClgHtg-VFDStdMtr,None,,,Each
NE-HVAC-Unitary-addVFDExMtr,EPr,Ex,CZ06,cDXHP,0,NE-HV_AirDist-SupFanMtr-cDXHP-2SpClgHtg-Cnst,None,,None,NE-HV_AirDist-SupFanMtr-cDXHP-2SpClgHtg-VFDExMtr,None,,,Each
NE-HVAC-Unitary-addVFDPMMtr,EPr,Ex,CZ06,cDXHP,0,NE-HV_AirDist-SupFanMtr-cDXHP-2SpClgHtg-Cnst,None,,None,NE-HV_AirDist-SupFanMtr-cDXHP-2SpClgHtg-VFDPMMtr,None,,,Each
NE-HVAC-Unitary-addVFDStdMtr,EPr,Ex,CZ06,cDXHP,0,NE-HV_AirDist-SupFanMtr-cDXHP-2SpClgHtg-Cnst,None,,None,NE-HV_AirDist-SupFanMtr-cDXHP-2SpClgHtg-VFDStdMtr,None,,,Each
NE-HVAC-Unitary-addVFDExMtr,EPr,Ex,CZ05,cDXHP,0,NE-HV_AirDist-SupFanMtr-cDXHP-2SpClgHtg-Cnst,None,,None,NE-HV_AirDist-SupFanMtr-cDXHP-2SpClgHtg-VFDExMtr,None,,,Each
NE-HVAC-Unitary-addVFDPMMtr,EPr,Ex,CZ05,cDXHP,0,NE-HV_AirDist-SupFanMtr-cDXHP-2SpClgHtg-Cnst,None,,None,NE-HV_AirDist-SupFanMtr-cDXHP-2SpClgHtg-VFDPMMtr,None,,,Each
NE-HVAC-Unitary-addVFDStdMtr,EPr,Ex,CZ05,cDXHP,0,NE-HV_AirDist-SupFanMtr-cDXHP-2SpClgHtg-Cnst,None,,None,NE-HV_AirDist-SupFanMtr-cDXHP-2SpClgHtg-VFDStdMtr,None,,,Each
NE-HVAC-Unitary-addVFDExMtr,EPr,Ex,CZ04,cDXHP,0,NE-HV_AirDist-SupFanMtr-cDXHP-2SpClgHtg-Cnst,None,,None,NE-HV_AirDist-SupFanMtr-cDXHP-2SpClgHtg-VFDExMtr,None,,,Each
NE-HVAC-Unitary-addVFDPMMtr,EPr,Ex,CZ04,cDXHP,0,NE-HV_AirDist-SupFanMtr-cDXHP-2SpClgHtg-Cnst,None,,None,NE-HV_AirDist-SupFanMtr-cDXHP-2SpClgHtg-VFDPMMtr,None,,,Each
NE-HVAC-Unitary-addVFDStdMtr,EPr,Ex,CZ04,cDXHP,0,NE-HV_AirDist-SupFanMtr-cDXHP-2SpClgHtg-Cnst,None,,None,NE-HV_AirDist-SupFanMtr-cDXHP-2SpClgHtg-VFDStdMtr,None,,,Each
NE-HVAC-Unitary-addVFDExMtr,EPr,Ex,CZ03,cDXHP,0,NE-HV_AirDist-SupFanMtr-cDXHP-2SpClgHtg-Cnst,None,,None,NE-HV_AirDist-SupFanMtr-cDXHP-2SpClgHtg-VFDExMtr,None,,,Each
NE-HVAC-Unitary-addVFDPMMtr,EPr,Ex,CZ03,cDXHP,0,NE-HV_AirDist-SupFanMtr-cDXHP-2SpClgHtg-Cnst,None,,None,NE-HV_AirDist-SupFanMtr-cDXHP-2SpClgHtg-VFDPMMtr,None,,,Each
NE-HVAC-Unitary-addVFDStdMtr,EPr,Ex,CZ03,cDXHP,0,NE-HV_AirDist-SupFanMtr-cDXHP-2SpClgHtg-Cnst,None,,None,NE-HV_AirDist-SupFanMtr-cDXHP-2SpClgHtg-VFDStdMtr,None,,,Each
NE-HVAC-Unitary-addVFDExMtr,EPr,Ex,CZ02,cDXHP,0,NE-HV_AirDist-SupFanMtr-cDXHP-2SpClgHtg-Cnst,None,,None,NE-HV_AirDist-SupFanMtr-cDXHP-2SpClgHtg-VFDExMtr,None,,,Each
NE-HVAC-Unitary-addVFDPMMtr,EPr,Ex,CZ02,cDXHP,0,NE-HV_AirDist-SupFanMtr-cDXHP-2SpClgHtg-Cnst,None,,None,NE-HV_AirDist-SupFanMtr-cDXHP-2SpClgHtg-VFDPMMtr,None,,,Each
NE-HVAC-Unitary-addVFDStdMtr,EPr,Ex,CZ02,cDXHP,0,NE-HV_AirDist-SupFanMtr-cDXHP-2SpClgHtg-Cnst,None,,None,NE-HV_AirDist-SupFanMtr-cDXHP-2SpClgHtg-VFDStdMtr,None,,,Each
NE-HVAC-Unitary-addVFDExMtr,EPr,Ex,CZ01,cDXHP,0,NE-HV_AirDist-SupFanMtr-cDXHP-2SpClgHtg-Cnst,None,,None,NE-HV_AirDist-SupFanMtr-cDXHP-2SpClgHtg-VFDExMtr,None,,,Each
NE-HVAC-Unitary-addVFDPMMtr,EPr,Ex,CZ01,cDXHP,0,NE-HV_AirDist-SupFanMtr-cDXHP-2SpClgHtg-Cnst,None,,None,NE-HV_AirDist-SupFanMtr-cDXHP-2SpClgHtg-VFDPMMtr,None,,,Each
NE-HVAC-Unitary-addVFDStdMtr,EPr,Ex,CZ01,cDXHP,0,NE-HV_AirDist-SupFanMtr-cDXHP-2SpClgHtg-Cnst,None,,None,NE-HV_AirDist-SupFanMtr-cDXHP-2SpClgHtg-VFDStdMtr,None,,,Each
NE-HVAC-Unitary-addVFDExMtr,EPr,Ex,CZ16,cDXGF,0,NE-HV_AirDist-SupFanMtr-cDXGF-2SpClgHtg-Cnst,None,,None,NE-HV_AirDist-SupFanMtr-cDXGF-2SpClgHtg-VFDExMtr,None,,,Each
NE-HVAC-Unitary-addVFDPMMtr,EPr,Ex,CZ16,cDXGF,0,NE-HV_AirDist-SupFanMtr-cDXGF-2SpClgHtg-Cnst,None,,None,NE-HV_AirDist-SupFanMtr-cDXGF-2SpClgHtg-VFDPMMtr,None,,,Each
NE-HVAC-Unitary-addVFDStdMtr,EPr,Ex,CZ16,cDXGF,0,NE-HV_AirDist-SupFanMtr-cDXGF-2SpClgHtg-Cnst,None,,None,NE-HV_AirDist-SupFanMtr-cDXGF-2SpClgHtg-VFDStdMtr,None,,,Each
NE-HVAC-Unitary-addVFDExMtr,EPr,Ex,CZ15,cDXGF,0,NE-HV_AirDist-SupFanMtr-cDXGF-2SpClgHtg-Cnst,None,,None,NE-HV_AirDist-SupFanMtr-cDXGF-2SpClgHtg-VFDExMtr,None,,,Each
NE-HVAC-Unitary-addVFDPMMtr,EPr,Ex,CZ15,cDXGF,0,NE-HV_AirDist-SupFanMtr-cDXGF-2SpClgHtg-Cnst,None,,None,NE-HV_AirDist-SupFanMtr-cDXGF-2SpClgHtg-VFDPMMtr,None,,,Each
NE-HVAC-Unitary-addVFDStdMtr,EPr,Ex,CZ15,cDXGF,0,NE-HV_AirDist-SupFanMtr-cDXGF-2SpClgHtg-Cnst,None,,None,NE-HV_AirDist-SupFanMtr-cDXGF-2SpClgHtg-VFDStdMtr,None,,,Each
NE-HVAC-Unitary-addVFDExMtr,EPr,Ex,CZ14,cDXGF,0,NE-HV_AirDist-SupFanMtr-cDXGF-2SpClgHtg-Cnst,None,,None,NE-HV_AirDist-SupFanMtr-cDXGF-2SpClgHtg-VFDExMtr,None,,,Each
NE-HVAC-Unitary-addVFDPMMtr,EPr,Ex,CZ14,cDXGF,0,NE-HV_AirDist-SupFanMtr-cDXGF-2SpClgHtg-Cnst,None,,None,NE-HV_AirDist-SupFanMtr-cDXGF-2SpClgHtg-VFDPMMtr,None,,,Each
NE-HVAC-Unitary-addVFDStdMtr,EPr,Ex,CZ14,cDXGF,0,NE-HV_AirDist-SupFanMtr-cDXGF-2SpClgHtg-Cnst,None,,None,NE-HV_AirDist-SupFanMtr-cDXGF-2SpClgHtg-VFDStdMtr,None,,,Each
NE-HVAC-Unitary-addVFDExMtr,EPr,Ex,CZ13,cDXGF,0,NE-HV_AirDist-SupFanMtr-cDXGF-2SpClgHtg-Cnst,None,,None,NE-HV_AirDist-SupFanMtr-cDXGF-2SpClgHtg-VFDExMtr,None,,,Each
NE-HVAC-Unitary-addVFDPMMtr,EPr,Ex,CZ13,cDXGF,0,NE-HV_AirDist-SupFanMtr-cDXGF-2SpClgHtg-Cnst,None,,None,NE-HV_AirDist-SupFanMtr-cDXGF-2SpClgHtg-VFDPMMtr,None,,,Each
NE-HVAC-Unitary-addVFDStdMtr,EPr,Ex,CZ13,cDXGF,0,NE-HV_AirDist-SupFanMtr-cDXGF-2SpClgHtg-Cnst,None,,None,NE-HV_AirDist-SupFanMtr-cDXGF-2SpClgHtg-VFDStdMtr,None,,,Each
NE-HVAC-Unitary-addVFDExMtr,EPr,Ex,CZ12,cDXGF,0,NE-HV_AirDist-SupFanMtr-cDXGF-2SpClgHtg-Cnst,None,,None,NE-HV_AirDist-SupFanMtr-cDXGF-2SpClgHtg-VFDExMtr,None,,,Each
NE-HVAC-Unitary-addVFDPMMtr,EPr,Ex,CZ12,cDXGF,0,NE-HV_AirDist-SupFanMtr-cDXGF-2SpClgHtg-Cnst,None,,None,NE-HV_AirDist-SupFanMtr-cDXGF-2SpClgHtg-VFDPMMtr,None,,,Each
NE-HVAC-Unitary-addVFDStdMtr,EPr,Ex,CZ12,cDXGF,0,NE-HV_AirDist-SupFanMtr-cDXGF-2SpClgHtg-Cnst,None,,None,NE-HV_AirDist-SupFanMtr-cDXGF-2SpClgHtg-VFDStdMtr,None,,,Each
NE-HVAC-Unitary-addVFDExMtr,EPr,Ex,CZ11,cDXGF,0,NE-HV_AirDist-SupFanMtr-cDXGF-2SpClgHtg-Cnst,None,,None,NE-HV_AirDist-SupFanMtr-cDXGF-2SpClgHtg-VFDExMtr,None,,,Each
NE-HVAC-Unitary-addVFDPMMtr,EPr,Ex,CZ11,cDXGF,0,NE-HV_AirDist-SupFanMtr-cDXGF-2SpClgHtg-Cnst,None,,None,NE-HV_AirDist-SupFanMtr-cDXGF-2SpClgHtg-VFDPMMtr,None,,,Each
NE-HVAC-Unitary-addVFDStdMtr,EPr,Ex,CZ11,cDXGF,0,NE-HV_AirDist-SupFanMtr-cDXGF-2SpClgHtg-Cnst,None,,None,NE-HV_AirDist-SupFanMtr-cDXGF-2SpClgHtg-VFDStdMtr,None,,,Each
NE-HVAC-Unitary-addVFDExMtr,EPr,Ex,CZ10,cDXGF,0,NE-HV_AirDist-SupFanMtr-cDXGF-2SpClgHtg-Cnst,None,,None,NE-HV_AirDist-SupFanMtr-cDXGF-2SpClgHtg-VFDExMtr,None,,,Each
NE-HVAC-Unitary-addVFDPMMtr,EPr,Ex,CZ10,cDXGF,0,NE-HV_AirDist-SupFanMtr-cDXGF-2SpClgHtg-Cnst,None,,None,NE-HV_AirDist-SupFanMtr-cDXGF-2SpClgHtg-VFDPMMtr,None,,,Each
NE-HVAC-Unitary-addVFDStdMtr,EPr,Ex,CZ10,cDXGF,0,NE-HV_AirDist-SupFanMtr-cDXGF-2SpClgHtg-Cnst,None,,None,NE-HV_AirDist-SupFanMtr-cDXGF-2SpClgHtg-VFDStdMtr,None,,,Each
NE-HVAC-Unitary-addVFDExMtr,EPr,Ex,CZ09,cDXGF,0,NE-HV_AirDist-SupFanMtr-cDXGF-2SpClgHtg-Cnst,None,,None,NE-HV_AirDist-SupFanMtr-cDXGF-2SpClgHtg-VFDExMtr,None,,,Each
NE-HVAC-Unitary-addVFDPMMtr,EPr,Ex,CZ09,cDXGF,0,NE-HV_AirDist-SupFanMtr-cDXGF-2SpClgHtg-Cnst,None,,None,NE-HV_AirDist-SupFanMtr-cDXGF-2SpClgHtg-VFDPMMtr,None,,,Each
NE-HVAC-Unitary-addVFDStdMtr,EPr,Ex,CZ09,cDXGF,0,NE-HV_AirDist-SupFanMtr-cDXGF-2SpClgHtg-Cnst,None,,None,NE-HV_AirDist-SupFanMtr-cDXGF-2SpClgHtg-VFDStdMtr,None,,,Each
NE-HVAC-Unitary-addVFDExMtr,EPr,Ex,CZ08,cDXGF,0,NE-HV_AirDist-SupFanMtr-cDXGF-2SpClgHtg-Cnst,None,,None,NE-HV_AirDist-SupFanMtr-cDXGF-2SpClgHtg-VFDExMtr,None,,,Each
NE-HVAC-Unitary-addVFDPMMtr,EPr,Ex,CZ08,cDXGF,0,NE-HV_AirDist-SupFanMtr-cDXGF-2SpClgHtg-Cnst,None,,None,NE-HV_AirDist-SupFanMtr-cDXGF-2SpClgHtg-VFDPMMtr,None,,,Each
NE-HVAC-Unitary-addVFDStdMtr,EPr,Ex,CZ08,cDXGF,0,NE-HV_AirDist-SupFanMtr-cDXGF-2SpClgHtg-Cnst,None,,None,NE-HV_AirDist-SupFanMtr-cDXGF-2SpClgHtg-VFDStdMtr,None,,,Each
NE-HVAC-Unitary-addVFDExMtr,EPr,Ex,CZ07,cDXGF,0,NE-HV_AirDist-SupFanMtr-cDXGF-2SpClgHtg-Cnst,None,,None,NE-HV_AirDist-SupFanMtr-cDXGF-2SpClgHtg-VFDExMtr,None,,,Each
NE-HVAC-Unitary-addVFDPMMtr,EPr,Ex,CZ07,cDXGF,0,NE-HV_AirDist-SupFanMtr-cDXGF-2SpClgHtg-Cnst,None,,None,NE-HV_AirDist-SupFanMtr-cDXGF-2SpClgHtg-VFDPMMtr,None,,,Each
NE-HVAC-Unitary-addVFDStdMtr,EPr,Ex,CZ07,cDXGF,0,NE-HV_AirDist-SupFanMtr-cDXGF-2SpClgHtg-Cnst,None,,None,NE-HV_AirDist-SupFanMtr-cDXGF-2SpClgHtg-VFDStdMtr,None,,,Each
NE-HVAC-Unitary-addVFDExMtr,EPr,Ex,CZ06,cDXGF,0,NE-HV_AirDist-SupFanMtr-cDXGF-2SpClgHtg-Cnst,None,,None,NE-HV_AirDist-SupFanMtr-cDXGF-2SpClgHtg-VFDExMtr,None,,,Each
NE-HVAC-Unitary-addVFDPMMtr,EPr,Ex,CZ06,cDXGF,0,NE-HV_AirDist-SupFanMtr-cDXGF-2SpClgHtg-Cnst,None,,None,NE-HV_AirDist-SupFanMtr-cDXGF-2SpClgHtg-VFDPMMtr,None,,,Each
NE-HVAC-Unitary-addVFDStdMtr,EPr,Ex,CZ06,cDXGF,0,NE-HV_AirDist-SupFanMtr-cDXGF-2SpClgHtg-Cnst,None,,None,NE-HV_AirDist-SupFanMtr-cDXGF-2SpClgHtg-VFDStdMtr,None,,,Each
NE-HVAC-Unitary-addVFDExMtr,EPr,Ex,CZ05,cDXGF,0,NE-HV_AirDist-SupFanMtr-cDXGF-2SpClgHtg-Cnst,None,,None,NE-HV_AirDist-SupFanMtr-cDXGF-2SpClgHtg-VFDExMtr,None,,,Each
NE-HVAC-Unitary-addVFDPMMtr,EPr,Ex,CZ05,cDXGF,0,NE-HV_AirDist-SupFanMtr-cDXGF-2SpClgHtg-Cnst,None,,None,NE-HV_AirDist-SupFanMtr-cDXGF-2SpClgHtg-VFDPMMtr,None,,,Each
NE-HVAC-Unitary-addVFDStdMtr,EPr,Ex,CZ05,cDXGF,0,NE-HV_AirDist-SupFanMtr-cDXGF-2SpClgHtg-Cnst,None,,None,NE-HV_AirDist-SupFanMtr-cDXGF-2SpClgHtg-VFDStdMtr,None,,,Each
NE-HVAC-Unitary-addVFDExMtr,EPr,Ex,CZ04,cDXGF,0,NE-HV_AirDist-SupFanMtr-cDXGF-2SpClgHtg-Cnst,None,,None,NE-HV_AirDist-SupFanMtr-cDXGF-2SpClgHtg-VFDExMtr,None,,,Each
NE-HVAC-Unitary-addVFDPMMtr,EPr,Ex,CZ04,cDXGF,0,NE-HV_AirDist-SupFanMtr-cDXGF-2SpClgHtg-Cnst,None,,None,NE-HV_AirDist-SupFanMtr-cDXGF-2SpClgHtg-VFDPMMtr,None,,,Each
NE-HVAC-Unitary-addVFDStdMtr,EPr,Ex,CZ04,cDXGF,0,NE-HV_AirDist-SupFanMtr-cDXGF-2SpClgHtg-Cnst,None,,None,NE-HV_AirDist-SupFanMtr-cDXGF-2SpClgHtg-VFDStdMtr,None,,,Each
NE-HVAC-Unitary-addVFDExMtr,EPr,Ex,CZ03,cDXGF,0,NE-HV_AirDist-SupFanMtr-cDXGF-2SpClgHtg-Cnst,None,,None,NE-HV_AirDist-SupFanMtr-cDXGF-2SpClgHtg-VFDExMtr,None,,,Each
NE-HVAC-Unitary-addVFDPMMtr,EPr,Ex,CZ03,cDXGF,0,NE-HV_AirDist-SupFanMtr-cDXGF-2SpClgHtg-Cnst,None,,None,NE-HV_AirDist-SupFanMtr-cDXGF-2SpClgHtg-VFDPMMtr,None,,,Each
NE-HVAC-Unitary-addVFDStdMtr,EPr,Ex,CZ03,cDXGF,0,NE-HV_AirDist-SupFanMtr-cDXGF-2SpClgHtg-Cnst,None,,None,NE-HV_AirDist-SupFanMtr-cDXGF-2SpClgHtg-VFDStdMtr,None,,,Each
NE-HVAC-Unitary-addVFDExMtr,EPr,Ex,CZ02,cDXGF,0,NE-HV_AirDist-SupFanMtr-cDXGF-2SpClgHtg-Cnst,None,,None,NE-HV_AirDist-SupFanMtr-cDXGF-2SpClgHtg-VFDExMtr,None,,,Each
NE-HVAC-Unitary-addVFDPMMtr,EPr,Ex,CZ02,cDXGF,0,NE-HV_AirDist-SupFanMtr-cDXGF-2SpClgHtg-Cnst,None,,None,NE-HV_AirDist-SupFanMtr-cDXGF-2SpClgHtg-VFDPMMtr,None,,,Each
NE-HVAC-Unitary-addVFDStdMtr,EPr,Ex,CZ02,cDXGF,0,NE-HV_AirDist-SupFanMtr-cDXGF-2SpClgHtg-Cnst,None,,None,NE-HV_AirDist-SupFanMtr-cDXGF-2SpClgHtg-VFDStdMtr,None,,,Each
NE-HVAC-Unitary-addVFDExMtr,EPr,Ex,CZ01,cDXGF,0,NE-HV_AirDist-SupFanMtr-cDXGF-2SpClgHtg-Cnst,None,,None,NE-HV_AirDist-SupFanMtr-cDXGF-2SpClgHtg-VFDExMtr,None,,,Each
NE-HVAC-Unitary-addVFDPMMtr,EPr,Ex,CZ01,cDXGF,0,NE-HV_AirDist-SupFanMtr-cDXGF-2SpClgHtg-Cnst,None,,None,NE-HV_AirDist-SupFanMtr-cDXGF-2SpClgHtg-VFDPMMtr,None,,,Each
NE-HVAC-Unitary-addVFDStdMtr,EPr,Ex,CZ01,cDXGF,0,NE-HV_AirDist-SupFanMtr-cDXGF-2SpClgHtg-Cnst,None,,None,NE-HV_AirDist-SupFanMtr-cDXGF-2SpClgHtg-VFDStdMtr,None,,,Each
NE-HVAC-Unitary-addVFDExMtr,ECC,Ex,CZ16,cDXOH,0,NE-HV_AirDist-SupFanMtr-cDXOH-2SpClgHtg-Cnst,None,,None,NE-HV_AirDist-SupFanMtr-cDXOH-2SpClgHtg-VFDExMtr,None,,,Each
NE-HVAC-Unitary-addVFDPMMtr,ECC,Ex,CZ16,cDXOH,0,NE-HV_AirDist-SupFanMtr-cDXOH-2SpClgHtg-Cnst,None,,None,NE-HV_AirDist-SupFanMtr-cDXOH-2SpClgHtg-VFDPMMtr,None,,,Each
NE-HVAC-Unitary-addVFDStdMtr,ECC,Ex,CZ16,cDXOH,0,NE-HV_AirDist-SupFanMtr-cDXOH-2SpClgHtg-Cnst,None,,None,NE-HV_AirDist-SupFanMtr-cDXOH-2SpClgHtg-VFDStdMtr,None,,,Each
NE-HVAC-Unitary-addVFDExMtr,ECC,Ex,CZ15,cDXOH,0,NE-HV_AirDist-SupFanMtr-cDXOH-2SpClgHtg-Cnst,None,,None,NE-HV_AirDist-SupFanMtr-cDXOH-2SpClgHtg-VFDExMtr,None,,,Each
NE-HVAC-Unitary-addVFDPMMtr,ECC,Ex,CZ15,cDXOH,0,NE-HV_AirDist-SupFanMtr-cDXOH-2SpClgHtg-Cnst,None,,None,NE-HV_AirDist-SupFanMtr-cDXOH-2SpClgHtg-VFDPMMtr,None,,,Each
NE-HVAC-Unitary-addVFDStdMtr,ECC,Ex,CZ15,cDXOH,0,NE-HV_AirDist-SupFanMtr-cDXOH-2SpClgHtg-Cnst,None,,None,NE-HV_AirDist-SupFanMtr-cDXOH-2SpClgHtg-VFDStdMtr,None,,,Each
NE-HVAC-Unitary-addVFDExMtr,ECC,Ex,CZ14,cDXOH,0,NE-HV_AirDist-SupFanMtr-cDXOH-2SpClgHtg-Cnst,None,,None,NE-HV_AirDist-SupFanMtr-cDXOH-2SpClgHtg-VFDExMtr,None,,,Each
NE-HVAC-Unitary-addVFDPMMtr,ECC,Ex,CZ14,cDXOH,0,NE-HV_AirDist-SupFanMtr-cDXOH-2SpClgHtg-Cnst,None,,None,NE-HV_AirDist-SupFanMtr-cDXOH-2SpClgHtg-VFDPMMtr,None,,,Each
NE-HVAC-Unitary-addVFDStdMtr,ECC,Ex,CZ14,cDXOH,0,NE-HV_AirDist-SupFanMtr-cDXOH-2SpClgHtg-Cnst,None,,None,NE-HV_AirDist-SupFanMtr-cDXOH-2SpClgHtg-VFDStdMtr,None,,,Each
NE-HVAC-Unitary-addVFDExMtr,ECC,Ex,CZ13,cDXOH,0,NE-HV_AirDist-SupFanMtr-cDXOH-2SpClgHtg-Cnst,None,,None,NE-HV_AirDist-SupFanMtr-cDXOH-2SpClgHtg-VFDExMtr,None,,,Each
NE-HVAC-Unitary-addVFDPMMtr,ECC,Ex,CZ13,cDXOH,0,NE-HV_AirDist-SupFanMtr-cDXOH-2SpClgHtg-Cnst,None,,None,NE-HV_AirDist-SupFanMtr-cDXOH-2SpClgHtg-VFDPMMtr,None,,,Each
NE-HVAC-Unitary-addVFDStdMtr,ECC,Ex,CZ13,cDXOH,0,NE-HV_AirDist-SupFanMtr-cDXOH-2SpClgHtg-Cnst,None,,None,NE-HV_AirDist-SupFanMtr-cDXOH-2SpClgHtg-VFDStdMtr,None,,,Each
NE-HVAC-Unitary-addVFDExMtr,ECC,Ex,CZ12,cDXOH,0,NE-HV_AirDist-SupFanMtr-cDXOH-2SpClgHtg-Cnst,None,,None,NE-HV_AirDist-SupFanMtr-cDXOH-2SpClgHtg-VFDExMtr,None,,,Each
NE-HVAC-Unitary-addVFDPMMtr,ECC,Ex,CZ12,cDXOH,0,NE-HV_AirDist-SupFanMtr-cDXOH-2SpClgHtg-Cnst,None,,None,NE-HV_AirDist-SupFanMtr-cDXOH-2SpClgHtg-VFDPMMtr,None,,,Each
NE-HVAC-Unitary-addVFDStdMtr,ECC,Ex,CZ12,cDXOH,0,NE-HV_AirDist-SupFanMtr-cDXOH-2SpClgHtg-Cnst,None,,None,NE-HV_AirDist-SupFanMtr-cDXOH-2SpClgHtg-VFDStdMtr,None,,,Each
NE-HVAC-Unitary-addVFDExMtr,ECC,Ex,CZ11,cDXOH,0,NE-HV_AirDist-SupFanMtr-cDXOH-2SpClgHtg-Cnst,None,,None,NE-HV_AirDist-SupFanMtr-cDXOH-2SpClgHtg-VFDExMtr,None,,,Each
NE-HVAC-Unitary-addVFDPMMtr,ECC,Ex,CZ11,cDXOH,0,NE-HV_AirDist-SupFanMtr-cDXOH-2SpClgHtg-Cnst,None,,None,NE-HV_AirDist-SupFanMtr-cDXOH-2SpClgHtg-VFDPMMtr,None,,,Each
NE-HVAC-Unitary-addVFDStdMtr,ECC,Ex,CZ11,cDXOH,0,NE-HV_AirDist-SupFanMtr-cDXOH-2SpClgHtg-Cnst,None,,None,NE-HV_AirDist-SupFanMtr-cDXOH-2SpClgHtg-VFDStdMtr,None,,,Each
NE-HVAC-Unitary-addVFDExMtr,ECC,Ex,CZ10,cDXOH,0,NE-HV_AirDist-SupFanMtr-cDXOH-2SpClgHtg-Cnst,None,,None,NE-HV_AirDist-SupFanMtr-cDXOH-2SpClgHtg-VFDExMtr,None,,,Each
NE-HVAC-Unitary-addVFDPMMtr,ECC,Ex,CZ10,cDXOH,0,NE-HV_AirDist-SupFanMtr-cDXOH-2SpClgHtg-Cnst,None,,None,NE-HV_AirDist-SupFanMtr-cDXOH-2SpClgHtg-VFDPMMtr,None,,,Each
NE-HVAC-Unitary-addVFDStdMtr,ECC,Ex,CZ10,cDXOH,0,NE-HV_AirDist-SupFanMtr-cDXOH-2SpClgHtg-Cnst,None,,None,NE-HV_AirDist-SupFanMtr-cDXOH-2SpClgHtg-VFDStdMtr,None,,,Each
NE-HVAC-Unitary-addVFDExMtr,ECC,Ex,CZ09,cDXOH,0,NE-HV_AirDist-SupFanMtr-cDXOH-2SpClgHtg-Cnst,None,,None,NE-HV_AirDist-SupFanMtr-cDXOH-2SpClgHtg-VFDExMtr,None,,,Each
NE-HVAC-Unitary-addVFDPMMtr,ECC,Ex,CZ09,cDXOH,0,NE-HV_AirDist-SupFanMtr-cDXOH-2SpClgHtg-Cnst,None,,None,NE-HV_AirDist-SupFanMtr-cDXOH-2SpClgHtg-VFDPMMtr,None,,,Each
NE-HVAC-Unitary-addVFDStdMtr,ECC,Ex,CZ09,cDXOH,0,NE-HV_AirDist-SupFanMtr-cDXOH-2SpClgHtg-Cnst,None,,None,NE-HV_AirDist-SupFanMtr-cDXOH-2SpClgHtg-VFDStdMtr,None,,,Each
NE-HVAC-Unitary-addVFDExMtr,ECC,Ex,CZ08,cDXOH,0,NE-HV_AirDist-SupFanMtr-cDXOH-2SpClgHtg-Cnst,None,,None,NE-HV_AirDist-SupFanMtr-cDXOH-2SpClgHtg-VFDExMtr,None,,,Each
NE-HVAC-Unitary-addVFDPMMtr,ECC,Ex,CZ08,cDXOH,0,NE-HV_AirDist-SupFanMtr-cDXOH-2SpClgHtg-Cnst,None,,None,NE-HV_AirDist-SupFanMtr-cDXOH-2SpClgHtg-VFDPMMtr,None,,,Each
NE-HVAC-Unitary-addVFDStdMtr,ECC,Ex,CZ08,cDXOH,0,NE-HV_AirDist-SupFanMtr-cDXOH-2SpClgHtg-Cnst,None,,None,NE-HV_AirDist-SupFanMtr-cDXOH-2SpClgHtg-VFDStdMtr,None,,,Each
NE-HVAC-Unitary-addVFDExMtr,ECC,Ex,CZ07,cDXOH,0,NE-HV_AirDist-SupFanMtr-cDXOH-2SpClgHtg-Cnst,None,,None,NE-HV_AirDist-SupFanMtr-cDXOH-2SpClgHtg-VFDExMtr,None,,,Each
NE-HVAC-Unitary-addVFDPMMtr,ECC,Ex,CZ07,cDXOH,0,NE-HV_AirDist-SupFanMtr-cDXOH-2SpClgHtg-Cnst,None,,None,NE-HV_AirDist-SupFanMtr-cDXOH-2SpClgHtg-VFDPMMtr,None,,,Each
NE-HVAC-Unitary-addVFDStdMtr,ECC,Ex,CZ07,cDXOH,0,NE-HV_AirDist-SupFanMtr-cDXOH-2SpClgHtg-Cnst,None,,None,NE-HV_AirDist-SupFanMtr-cDXOH-2SpClgHtg-VFDStdMtr,None,,,Each
NE-HVAC-Unitary-addVFDExMtr,ECC,Ex,CZ06,cDXOH,0,NE-HV_AirDist-SupFanMtr-cDXOH-2SpClgHtg-Cnst,None,,None,NE-HV_AirDist-SupFanMtr-cDXOH-2SpClgHtg-VFDExMtr,None,,,Each
NE-HVAC-Unitary-addVFDPMMtr,ECC,Ex,CZ06,cDXOH,0,NE-HV_AirDist-SupFanMtr-cDXOH-2SpClgHtg-Cnst,None,,None,NE-HV_AirDist-SupFanMtr-cDXOH-2SpClgHtg-VFDPMMtr,None,,,Each
NE-HVAC-Unitary-addVFDStdMtr,ECC,Ex,CZ06,cDXOH,0,NE-HV_AirDist-SupFanMtr-cDXOH-2SpClgHtg-Cnst,None,,None,NE-HV_AirDist-SupFanMtr-cDXOH-2SpClgHtg-VFDStdMtr,None,,,Each
NE-HVAC-Unitary-addVFDExMtr,ECC,Ex,CZ05,cDXOH,0,NE-HV_AirDist-SupFanMtr-cDXOH-2SpClgHtg-Cnst,None,,None,NE-HV_AirDist-SupFanMtr-cDXOH-2SpClgHtg-VFDExMtr,None,,,Each
NE-HVAC-Unitary-addVFDPMMtr,ECC,Ex,CZ05,cDXOH,0,NE-HV_AirDist-SupFanMtr-cDXOH-2SpClgHtg-Cnst,None,,None,NE-HV_AirDist-SupFanMtr-cDXOH-2SpClgHtg-VFDPMMtr,None,,,Each
NE-HVAC-Unitary-addVFDStdMtr,ECC,Ex,CZ05,cDXOH,0,NE-HV_AirDist-SupFanMtr-cDXOH-2SpClgHtg-Cnst,None,,None,NE-HV_AirDist-SupFanMtr-cDXOH-2SpClgHtg-VFDStdMtr,None,,,Each
NE-HVAC-Unitary-addVFDExMtr,ECC,Ex,CZ04,cDXOH,0,NE-HV_AirDist-SupFanMtr-cDXOH-2SpClgHtg-Cnst,None,,None,NE-HV_AirDist-SupFanMtr-cDXOH-2SpClgHtg-VFDExMtr,None,,,Each
NE-HVAC-Unitary-addVFDPMMtr,ECC,Ex,CZ04,cDXOH,0,NE-HV_AirDist-SupFanMtr-cDXOH-2SpClgHtg-Cnst,None,,None,NE-HV_AirDist-SupFanMtr-cDXOH-2SpClgHtg-VFDPMMtr,None,,,Each
NE-HVAC-Unitary-addVFDStdMtr,ECC,Ex,CZ04,cDXOH,0,NE-HV_AirDist-SupFanMtr-cDXOH-2SpClgHtg-Cnst,None,,None,NE-HV_AirDist-SupFanMtr-cDXOH-2SpClgHtg-VFDStdMtr,None,,,Each
NE-HVAC-Unitary-addVFDExMtr,ECC,Ex,CZ03,cDXOH,0,NE-HV_AirDist-SupFanMtr-cDXOH-2SpClgHtg-Cnst,None,,None,NE-HV_AirDist-SupFanMtr-cDXOH-2SpClgHtg-VFDExMtr,None,,,Each
NE-HVAC-Unitary-addVFDPMMtr,ECC,Ex,CZ03,cDXOH,0,NE-HV_AirDist-SupFanMtr-cDXOH-2SpClgHtg-Cnst,None,,None,NE-HV_AirDist-SupFanMtr-cDXOH-2SpClgHtg-VFDPMMtr,None,,,Each
NE-HVAC-Unitary-addVFDStdMtr,ECC,Ex,CZ03,cDXOH,0,NE-HV_AirDist-SupFanMtr-cDXOH-2SpClgHtg-Cnst,None,,None,NE-HV_AirDist-SupFanMtr-cDXOH-2SpClgHtg-VFDStdMtr,None,,,Each
NE-HVAC-Unitary-addVFDExMtr,ECC,Ex,CZ02,cDXOH,0,NE-HV_AirDist-SupFanMtr-cDXOH-2SpClgHtg-Cnst,None,,None,NE-HV_AirDist-SupFanMtr-cDXOH-2SpClgHtg-VFDExMtr,None,,,Each
NE-HVAC-Unitary-addVFDPMMtr,ECC,Ex,CZ02,cDXOH,0,NE-HV_AirDist-SupFanMtr-cDXOH-2SpClgHtg-Cnst,None,,None,NE-HV_AirDist-SupFanMtr-cDXOH-2SpClgHtg-VFDPMMtr,None,,,Each
NE-HVAC-Unitary-addVFDStdMtr,ECC,Ex,CZ02,cDXOH,0,NE-HV_AirDist-SupFanMtr-cDXOH-2SpClgHtg-Cnst,None,,None,NE-HV_AirDist-SupFanMtr-cDXOH-2SpClgHtg-VFDStdMtr,None,,,Each
NE-HVAC-Unitary-addVFDExMtr,ECC,Ex,CZ01,cDXOH,0,NE-HV_AirDist-SupFanMtr-cDXOH-2SpClgHtg-Cnst,None,,None,NE-HV_AirDist-SupFanMtr-cDXOH-2SpClgHtg-VFDExMtr,None,,,Each
NE-HVAC-Unitary-addVFDPMMtr,ECC,Ex,CZ01,cDXOH,0,NE-HV_AirDist-SupFanMtr-cDXOH-2SpClgHtg-Cnst,None,,None,NE-HV_AirDist-SupFanMtr-cDXOH-2SpClgHtg-VFDPMMtr,None,,,Each
NE-HVAC-Unitary-addVFDStdMtr,ECC,Ex,CZ01,cDXOH,0,NE-HV_AirDist-SupFanMtr-cDXOH-2SpClgHtg-Cnst,None,,None,NE-HV_AirDist-SupFanMtr-cDXOH-2SpClgHtg-VFDStdMtr,None,,,Each
NE-HVAC-Unitary-addVFDExMtr,ECC,Ex,CZ16,cDXHP,0,NE-HV_AirDist-SupFanMtr-cDXHP-2SpClgHtg-Cnst,None,,None,NE-HV_AirDist-SupFanMtr-cDXHP-2SpClgHtg-VFDExMtr,None,,,Each
NE-HVAC-Unitary-addVFDPMMtr,ECC,Ex,CZ16,cDXHP,0,NE-HV_AirDist-SupFanMtr-cDXHP-2SpClgHtg-Cnst,None,,None,NE-HV_AirDist-SupFanMtr-cDXHP-2SpClgHtg-VFDPMMtr,None,,,Each
NE-HVAC-Unitary-addVFDStdMtr,ECC,Ex,CZ16,cDXHP,0,NE-HV_AirDist-SupFanMtr-cDXHP-2SpClgHtg-Cnst,None,,None,NE-HV_AirDist-SupFanMtr-cDXHP-2SpClgHtg-VFDStdMtr,None,,,Each
NE-HVAC-Unitary-addVFDExMtr,ECC,Ex,CZ15,cDXHP,0,NE-HV_AirDist-SupFanMtr-cDXHP-2SpClgHtg-Cnst,None,,None,NE-HV_AirDist-SupFanMtr-cDXHP-2SpClgHtg-VFDExMtr,None,,,Each
NE-HVAC-Unitary-addVFDPMMtr,ECC,Ex,CZ15,cDXHP,0,NE-HV_AirDist-SupFanMtr-cDXHP-2SpClgHtg-Cnst,None,,None,NE-HV_AirDist-SupFanMtr-cDXHP-2SpClgHtg-VFDPMMtr,None,,,Each
NE-HVAC-Unitary-addVFDStdMtr,ECC,Ex,CZ15,cDXHP,0,NE-HV_AirDist-SupFanMtr-cDXHP-2SpClgHtg-Cnst,None,,None,NE-HV_AirDist-SupFanMtr-cDXHP-2SpClgHtg-VFDStdMtr,None,,,Each
NE-HVAC-Unitary-addVFDExMtr,ECC,Ex,CZ14,cDXHP,0,NE-HV_AirDist-SupFanMtr-cDXHP-2SpClgHtg-Cnst,None,,None,NE-HV_AirDist-SupFanMtr-cDXHP-2SpClgHtg-VFDExMtr,None,,,Each
NE-HVAC-Unitary-addVFDPMMtr,ECC,Ex,CZ14,cDXHP,0,NE-HV_AirDist-SupFanMtr-cDXHP-2SpClgHtg-Cnst,None,,None,NE-HV_AirDist-SupFanMtr-cDXHP-2SpClgHtg-VFDPMMtr,None,,,Each
NE-HVAC-Unitary-addVFDStdMtr,ECC,Ex,CZ14,cDXHP,0,NE-HV_AirDist-SupFanMtr-cDXHP-2SpClgHtg-Cnst,None,,None,NE-HV_AirDist-SupFanMtr-cDXHP-2SpClgHtg-VFDStdMtr,None,,,Each
NE-HVAC-Unitary-addVFDExMtr,ECC,Ex,CZ13,cDXHP,0,NE-HV_AirDist-SupFanMtr-cDXHP-2SpClgHtg-Cnst,None,,None,NE-HV_AirDist-SupFanMtr-cDXHP-2SpClgHtg-VFDExMtr,None,,,Each
NE-HVAC-Unitary-addVFDPMMtr,ECC,Ex,CZ13,cDXHP,0,NE-HV_AirDist-SupFanMtr-cDXHP-2SpClgHtg-Cnst,None,,None,NE-HV_AirDist-SupFanMtr-cDXHP-2SpClgHtg-VFDPMMtr,None,,,Each
NE-HVAC-Unitary-addVFDStdMtr,ECC,Ex,CZ13,cDXHP,0,NE-HV_AirDist-SupFanMtr-cDXHP-2SpClgHtg-Cnst,None,,None,NE-HV_AirDist-SupFanMtr-cDXHP-2SpClgHtg-VFDStdMtr,None,,,Each
NE-HVAC-Unitary-addVFDExMtr,ECC,Ex,CZ12,cDXHP,0,NE-HV_AirDist-SupFanMtr-cDXHP-2SpClgHtg-Cnst,None,,None,NE-HV_AirDist-SupFanMtr-cDXHP-2SpClgHtg-VFDExMtr,None,,,Each
NE-HVAC-Unitary-addVFDPMMtr,ECC,Ex,CZ12,cDXHP,0,NE-HV_AirDist-SupFanMtr-cDXHP-2SpClgHtg-Cnst,None,,None,NE-HV_AirDist-SupFanMtr-cDXHP-2SpClgHtg-VFDPMMtr,None,,,Each
NE-HVAC-Unitary-addVFDStdMtr,ECC,Ex,CZ12,cDXHP,0,NE-HV_AirDist-SupFanMtr-cDXHP-2SpClgHtg-Cnst,None,,None,NE-HV_AirDist-SupFanMtr-cDXHP-2SpClgHtg-VFDStdMtr,None,,,Each
NE-HVAC-Unitary-addVFDExMtr,ECC,Ex,CZ11,cDXHP,0,NE-HV_AirDist-SupFanMtr-cDXHP-2SpClgHtg-Cnst,None,,None,NE-HV_AirDist-SupFanMtr-cDXHP-2SpClgHtg-VFDExMtr,None,,,Each
NE-HVAC-Unitary-addVFDPMMtr,ECC,Ex,CZ11,cDXHP,0,NE-HV_AirDist-SupFanMtr-cDXHP-2SpClgHtg-Cnst,None,,None,NE-HV_AirDist-SupFanMtr-cDXHP-2SpClgHtg-VFDPMMtr,None,,,Each
NE-HVAC-Unitary-addVFDStdMtr,ECC,Ex,CZ11,cDXHP,0,NE-HV_AirDist-SupFanMtr-cDXHP-2SpClgHtg-Cnst,None,,None,NE-HV_AirDist-SupFanMtr-cDXHP-2SpClgHtg-VFDStdMtr,None,,,Each
NE-HVAC-Unitary-addVFDExMtr,ECC,Ex,CZ10,cDXHP,0,NE-HV_AirDist-SupFanMtr-cDXHP-2SpClgHtg-Cnst,None,,None,NE-HV_AirDist-SupFanMtr-cDXHP-2SpClgHtg-VFDExMtr,None,,,Each
NE-HVAC-Unitary-addVFDPMMtr,ECC,Ex,CZ10,cDXHP,0,NE-HV_AirDist-SupFanMtr-cDXHP-2SpClgHtg-Cnst,None,,None,NE-HV_AirDist-SupFanMtr-cDXHP-2SpClgHtg-VFDPMMtr,None,,,Each
NE-HVAC-Unitary-addVFDStdMtr,ECC,Ex,CZ10,cDXHP,0,NE-HV_AirDist-SupFanMtr-cDXHP-2SpClgHtg-Cnst,None,,None,NE-HV_AirDist-SupFanMtr-cDXHP-2SpClgHtg-VFDStdMtr,None,,,Each
NE-HVAC-Unitary-addVFDExMtr,ECC,Ex,CZ09,cDXHP,0,NE-HV_AirDist-SupFanMtr-cDXHP-2SpClgHtg-Cnst,None,,None,NE-HV_AirDist-SupFanMtr-cDXHP-2SpClgHtg-VFDExMtr,None,,,Each
NE-HVAC-Unitary-addVFDPMMtr,ECC,Ex,CZ09,cDXHP,0,NE-HV_AirDist-SupFanMtr-cDXHP-2SpClgHtg-Cnst,None,,None,NE-HV_AirDist-SupFanMtr-cDXHP-2SpClgHtg-VFDPMMtr,None,,,Each
NE-HVAC-Unitary-addVFDStdMtr,ECC,Ex,CZ09,cDXHP,0,NE-HV_AirDist-SupFanMtr-cDXHP-2SpClgHtg-Cnst,None,,None,NE-HV_AirDist-SupFanMtr-cDXHP-2SpClgHtg-VFDStdMtr,None,,,Each
NE-HVAC-Unitary-addVFDExMtr,ECC,Ex,CZ08,cDXHP,0,NE-HV_AirDist-SupFanMtr-cDXHP-2SpClgHtg-Cnst,None,,None,NE-HV_AirDist-SupFanMtr-cDXHP-2SpClgHtg-VFDExMtr,None,,,Each
NE-HVAC-Unitary-addVFDPMMtr,ECC,Ex,CZ08,cDXHP,0,NE-HV_AirDist-SupFanMtr-cDXHP-2SpClgHtg-Cnst,None,,None,NE-HV_AirDist-SupFanMtr-cDXHP-2SpClgHtg-VFDPMMtr,None,,,Each
NE-HVAC-Unitary-addVFDStdMtr,ECC,Ex,CZ08,cDXHP,0,NE-HV_AirDist-SupFanMtr-cDXHP-2SpClgHtg-Cnst,None,,None,NE-HV_AirDist-SupFanMtr-cDXHP-2SpClgHtg-VFDStdMtr,None,,,Each
NE-HVAC-Unitary-addVFDExMtr,ECC,Ex,CZ07,cDXHP,0,NE-HV_AirDist-SupFanMtr-cDXHP-2SpClgHtg-Cnst,None,,None,NE-HV_AirDist-SupFanMtr-cDXHP-2SpClgHtg-VFDExMtr,None,,,Each
NE-HVAC-Unitary-addVFDPMMtr,ECC,Ex,CZ07,cDXHP,0,NE-HV_AirDist-SupFanMtr-cDXHP-2SpClgHtg-Cnst,None,,None,NE-HV_AirDist-SupFanMtr-cDXHP-2SpClgHtg-VFDPMMtr,None,,,Each
NE-HVAC-Unitary-addVFDStdMtr,ECC,Ex,CZ07,cDXHP,0,NE-HV_AirDist-SupFanMtr-cDXHP-2SpClgHtg-Cnst,None,,None,NE-HV_AirDist-SupFanMtr-cDXHP-2SpClgHtg-VFDStdMtr,None,,,Each
NE-HVAC-Unitary-addVFDExMtr,ECC,Ex,CZ06,cDXHP,0,NE-HV_AirDist-SupFanMtr-cDXHP-2SpClgHtg-Cnst,None,,None,NE-HV_AirDist-SupFanMtr-cDXHP-2SpClgHtg-VFDExMtr,None,,,Each
NE-HVAC-Unitary-addVFDPMMtr,ECC,Ex,CZ06,cDXHP,0,NE-HV_AirDist-SupFanMtr-cDXHP-2SpClgHtg-Cnst,None,,None,NE-HV_AirDist-SupFanMtr-cDXHP-2SpClgHtg-VFDPMMtr,None,,,Each
NE-HVAC-Unitary-addVFDStdMtr,ECC,Ex,CZ06,cDXHP,0,NE-HV_AirDist-SupFanMtr-cDXHP-2SpClgHtg-Cnst,None,,None,NE-HV_AirDist-SupFanMtr-cDXHP-2SpClgHtg-VFDStdMtr,None,,,Each
NE-HVAC-Unitary-addVFDExMtr,ECC,Ex,CZ05,cDXHP,0,NE-HV_AirDist-SupFanMtr-cDXHP-2SpClgHtg-Cnst,None,,None,NE-HV_AirDist-SupFanMtr-cDXHP-2SpClgHtg-VFDExMtr,None,,,Each
NE-HVAC-Unitary-addVFDPMMtr,ECC,Ex,CZ05,cDXHP,0,NE-HV_AirDist-SupFanMtr-cDXHP-2SpClgHtg-Cnst,None,,None,NE-HV_AirDist-SupFanMtr-cDXHP-2SpClgHtg-VFDPMMtr,None,,,Each
NE-HVAC-Unitary-addVFDStdMtr,ECC,Ex,CZ05,cDXHP,0,NE-HV_AirDist-SupFanMtr-cDXHP-2SpClgHtg-Cnst,None,,None,NE-HV_AirDist-SupFanMtr-cDXHP-2SpClgHtg-VFDStdMtr,None,,,Each
NE-HVAC-Unitary-addVFDExMtr,ECC,Ex,CZ04,cDXHP,0,NE-HV_AirDist-SupFanMtr-cDXHP-2SpClgHtg-Cnst,None,,None,NE-HV_AirDist-SupFanMtr-cDXHP-2SpClgHtg-VFDExMtr,None,,,Each
NE-HVAC-Unitary-addVFDPMMtr,ECC,Ex,CZ04,cDXHP,0,NE-HV_AirDist-SupFanMtr-cDXHP-2SpClgHtg-Cnst,None,,None,NE-HV_AirDist-SupFanMtr-cDXHP-2SpClgHtg-VFDPMMtr,None,,,Each
NE-HVAC-Unitary-addVFDStdMtr,ECC,Ex,CZ04,cDXHP,0,NE-HV_AirDist-SupFanMtr-cDXHP-2SpClgHtg-Cnst,None,,None,NE-HV_AirDist-SupFanMtr-cDXHP-2SpClgHtg-VFDStdMtr,None,,,Each
NE-HVAC-Unitary-addVFDExMtr,ECC,Ex,CZ03,cDXHP,0,NE-HV_AirDist-SupFanMtr-cDXHP-2SpClgHtg-Cnst,None,,None,NE-HV_AirDist-SupFanMtr-cDXHP-2SpClgHtg-VFDExMtr,None,,,Each
NE-HVAC-Unitary-addVFDPMMtr,ECC,Ex,CZ03,cDXHP,0,NE-HV_AirDist-SupFanMtr-cDXHP-2SpClgHtg-Cnst,None,,None,NE-HV_AirDist-SupFanMtr-cDXHP-2SpClgHtg-VFDPMMtr,None,,,Each
NE-HVAC-Unitary-addVFDStdMtr,ECC,Ex,CZ03,cDXHP,0,NE-HV_AirDist-SupFanMtr-cDXHP-2SpClgHtg-Cnst,None,,None,NE-HV_AirDist-SupFanMtr-cDXHP-2SpClgHtg-VFDStdMtr,None,,,Each
NE-HVAC-Unitary-addVFDExMtr,ECC,Ex,CZ02,cDXHP,0,NE-HV_AirDist-SupFanMtr-cDXHP-2SpClgHtg-Cnst,None,,None,NE-HV_AirDist-SupFanMtr-cDXHP-2SpClgHtg-VFDExMtr,None,,,Each
NE-HVAC-Unitary-addVFDPMMtr,ECC,Ex,CZ02,cDXHP,0,NE-HV_AirDist-SupFanMtr-cDXHP-2SpClgHtg-Cnst,None,,None,NE-HV_AirDist-SupFanMtr-cDXHP-2SpClgHtg-VFDPMMtr,None,,,Each
NE-HVAC-Unitary-addVFDStdMtr,ECC,Ex,CZ02,cDXHP,0,NE-HV_AirDist-SupFanMtr-cDXHP-2SpClgHtg-Cnst,None,,None,NE-HV_AirDist-SupFanMtr-cDXHP-2SpClgHtg-VFDStdMtr,None,,,Each
NE-HVAC-Unitary-addVFDExMtr,ECC,Ex,CZ01,cDXHP,0,NE-HV_AirDist-SupFanMtr-cDXHP-2SpClgHtg-Cnst,None,,None,NE-HV_AirDist-SupFanMtr-cDXHP-2SpClgHtg-VFDExMtr,None,,,Each
NE-HVAC-Unitary-addVFDPMMtr,ECC,Ex,CZ01,cDXHP,0,NE-HV_AirDist-SupFanMtr-cDXHP-2SpClgHtg-Cnst,None,,None,NE-HV_AirDist-SupFanMtr-cDXHP-2SpClgHtg-VFDPMMtr,None,,,Each
NE-HVAC-Unitary-addVFDStdMtr,ECC,Ex,CZ01,cDXHP,0,NE-HV_AirDist-SupFanMtr-cDXHP-2SpClgHtg-Cnst,None,,None,NE-HV_AirDist-SupFanMtr-cDXHP-2SpClgHtg-VFDStdMtr,None,,,Each
NE-HVAC-Unitary-addVFDExMtr,ECC,Ex,CZ16,cDXGF,0,NE-HV_AirDist-SupFanMtr-cDXGF-2SpClgHtg-Cnst,None,,None,NE-HV_AirDist-SupFanMtr-cDXGF-2SpClgHtg-VFDExMtr,None,,,Each
NE-HVAC-Unitary-addVFDPMMtr,ECC,Ex,CZ16,cDXGF,0,NE-HV_AirDist-SupFanMtr-cDXGF-2SpClgHtg-Cnst,None,,None,NE-HV_AirDist-SupFanMtr-cDXGF-2SpClgHtg-VFDPMMtr,None,,,Each
NE-HVAC-Unitary-addVFDStdMtr,ECC,Ex,CZ16,cDXGF,0,NE-HV_AirDist-SupFanMtr-cDXGF-2SpClgHtg-Cnst,None,,None,NE-HV_AirDist-SupFanMtr-cDXGF-2SpClgHtg-VFDStdMtr,None,,,Each
NE-HVAC-Unitary-addVFDExMtr,ECC,Ex,CZ15,cDXGF,0,NE-HV_AirDist-SupFanMtr-cDXGF-2SpClgHtg-Cnst,None,,None,NE-HV_AirDist-SupFanMtr-cDXGF-2SpClgHtg-VFDExMtr,None,,,Each
NE-HVAC-Unitary-addVFDPMMtr,ECC,Ex,CZ15,cDXGF,0,NE-HV_AirDist-SupFanMtr-cDXGF-2SpClgHtg-Cnst,None,,None,NE-HV_AirDist-SupFanMtr-cDXGF-2SpClgHtg-VFDPMMtr,None,,,Each
NE-HVAC-Unitary-addVFDStdMtr,ECC,Ex,CZ15,cDXGF,0,NE-HV_AirDist-SupFanMtr-cDXGF-2SpClgHtg-Cnst,None,,None,NE-HV_AirDist-SupFanMtr-cDXGF-2SpClgHtg-VFDStdMtr,None,,,Each
NE-HVAC-Unitary-addVFDExMtr,ECC,Ex,CZ14,cDXGF,0,NE-HV_AirDist-SupFanMtr-cDXGF-2SpClgHtg-Cnst,None,,None,NE-HV_AirDist-SupFanMtr-cDXGF-2SpClgHtg-VFDExMtr,None,,,Each
NE-HVAC-Unitary-addVFDPMMtr,ECC,Ex,CZ14,cDXGF,0,NE-HV_AirDist-SupFanMtr-cDXGF-2SpClgHtg-Cnst,None,,None,NE-HV_AirDist-SupFanMtr-cDXGF-2SpClgHtg-VFDPMMtr,None,,,Each
NE-HVAC-Unitary-addVFDStdMtr,ECC,Ex,CZ14,cDXGF,0,NE-HV_AirDist-SupFanMtr-cDXGF-2SpClgHtg-Cnst,None,,None,NE-HV_AirDist-SupFanMtr-cDXGF-2SpClgHtg-VFDStdMtr,None,,,Each
NE-HVAC-Unitary-addVFDExMtr,ECC,Ex,CZ13,cDXGF,0,NE-HV_AirDist-SupFanMtr-cDXGF-2SpClgHtg-Cnst,None,,None,NE-HV_AirDist-SupFanMtr-cDXGF-2SpClgHtg-VFDExMtr,None,,,Each
NE-HVAC-Unitary-addVFDPMMtr,ECC,Ex,CZ13,cDXGF,0,NE-HV_AirDist-SupFanMtr-cDXGF-2SpClgHtg-Cnst,None,,None,NE-HV_AirDist-SupFanMtr-cDXGF-2SpClgHtg-VFDPMMtr,None,,,Each
NE-HVAC-Unitary-addVFDStdMtr,ECC,Ex,CZ13,cDXGF,0,NE-HV_AirDist-SupFanMtr-cDXGF-2SpClgHtg-Cnst,None,,None,NE-HV_AirDist-SupFanMtr-cDXGF-2SpClgHtg-VFDStdMtr,None,,,Each
NE-HVAC-Unitary-addVFDExMtr,ECC,Ex,CZ12,cDXGF,0,NE-HV_AirDist-SupFanMtr-cDXGF-2SpClgHtg-Cnst,None,,None,NE-HV_AirDist-SupFanMtr-cDXGF-2SpClgHtg-VFDExMtr,None,,,Each
NE-HVAC-Unitary-addVFDPMMtr,ECC,Ex,CZ12,cDXGF,0,NE-HV_AirDist-SupFanMtr-cDXGF-2SpClgHtg-Cnst,None,,None,NE-HV_AirDist-SupFanMtr-cDXGF-2SpClgHtg-VFDPMMtr,None,,,Each
NE-HVAC-Unitary-addVFDStdMtr,ECC,Ex,CZ12,cDXGF,0,NE-HV_AirDist-SupFanMtr-cDXGF-2SpClgHtg-Cnst,None,,None,NE-HV_AirDist-SupFanMtr-cDXGF-2SpClgHtg-VFDStdMtr,None,,,Each
NE-HVAC-Unitary-addVFDExMtr,ECC,Ex,CZ11,cDXGF,0,NE-HV_AirDist-SupFanMtr-cDXGF-2SpClgHtg-Cnst,None,,None,NE-HV_AirDist-SupFanMtr-cDXGF-2SpClgHtg-VFDExMtr,None,,,Each
NE-HVAC-Unitary-addVFDPMMtr,ECC,Ex,CZ11,cDXGF,0,NE-HV_AirDist-SupFanMtr-cDXGF-2SpClgHtg-Cnst,None,,None,NE-HV_AirDist-SupFanMtr-cDXGF-2SpClgHtg-VFDPMMtr,None,,,Each
NE-HVAC-Unitary-addVFDStdMtr,ECC,Ex,CZ11,cDXGF,0,NE-HV_AirDist-SupFanMtr-cDXGF-2SpClgHtg-Cnst,None,,None,NE-HV_AirDist-SupFanMtr-cDXGF-2SpClgHtg-VFDStdMtr,None,,,Each
NE-HVAC-Unitary-addVFDExMtr,ECC,Ex,CZ10,cDXGF,0,NE-HV_AirDist-SupFanMtr-cDXGF-2SpClgHtg-Cnst,None,,None,NE-HV_AirDist-SupFanMtr-cDXGF-2SpClgHtg-VFDExMtr,None,,,Each
NE-HVAC-Unitary-addVFDPMMtr,ECC,Ex,CZ10,cDXGF,0,NE-HV_AirDist-SupFanMtr-cDXGF-2SpClgHtg-Cnst,None,,None,NE-HV_AirDist-SupFanMtr-cDXGF-2SpClgHtg-VFDPMMtr,None,,,Each
NE-HVAC-Unitary-addVFDStdMtr,ECC,Ex,CZ10,cDXGF,0,NE-HV_AirDist-SupFanMtr-cDXGF-2SpClgHtg-Cnst,None,,None,NE-HV_AirDist-SupFanMtr-cDXGF-2SpClgHtg-VFDStdMtr,None,,,Each
NE-HVAC-Unitary-addVFDExMtr,ECC,Ex,CZ09,cDXGF,0,NE-HV_AirDist-SupFanMtr-cDXGF-2SpClgHtg-Cnst,None,,None,NE-HV_AirDist-SupFanMtr-cDXGF-2SpClgHtg-VFDExMtr,None,,,Each
NE-HVAC-Unitary-addVFDPMMtr,ECC,Ex,CZ09,cDXGF,0,NE-HV_AirDist-SupFanMtr-cDXGF-2SpClgHtg-Cnst,None,,None,NE-HV_AirDist-SupFanMtr-cDXGF-2SpClgHtg-VFDPMMtr,None,,,Each
NE-HVAC-Unitary-addVFDStdMtr,ECC,Ex,CZ09,cDXGF,0,NE-HV_AirDist-SupFanMtr-cDXGF-2SpClgHtg-Cnst,None,,None,NE-HV_AirDist-SupFanMtr-cDXGF-2SpClgHtg-VFDStdMtr,None,,,Each
NE-HVAC-Unitary-addVFDExMtr,ECC,Ex,CZ08,cDXGF,0,NE-HV_AirDist-SupFanMtr-cDXGF-2SpClgHtg-Cnst,None,,None,NE-HV_AirDist-SupFanMtr-cDXGF-2SpClgHtg-VFDExMtr,None,,,Each
NE-HVAC-Unitary-addVFDPMMtr,ECC,Ex,CZ08,cDXGF,0,NE-HV_AirDist-SupFanMtr-cDXGF-2SpClgHtg-Cnst,None,,None,NE-HV_AirDist-SupFanMtr-cDXGF-2SpClgHtg-VFDPMMtr,None,,,Each
NE-HVAC-Unitary-addVFDStdMtr,ECC,Ex,CZ08,cDXGF,0,NE-HV_AirDist-SupFanMtr-cDXGF-2SpClgHtg-Cnst,None,,None,NE-HV_AirDist-SupFanMtr-cDXGF-2SpClgHtg-VFDStdMtr,None,,,Each
NE-HVAC-Unitary-addVFDExMtr,ECC,Ex,CZ07,cDXGF,0,NE-HV_AirDist-SupFanMtr-cDXGF-2SpClgHtg-Cnst,None,,None,NE-HV_AirDist-SupFanMtr-cDXGF-2SpClgHtg-VFDExMtr,None,,,Each
NE-HVAC-Unitary-addVFDPMMtr,ECC,Ex,CZ07,cDXGF,0,NE-HV_AirDist-SupFanMtr-cDXGF-2SpClgHtg-Cnst,None,,None,NE-HV_AirDist-SupFanMtr-cDXGF-2SpClgHtg-VFDPMMtr,None,,,Each
NE-HVAC-Unitary-addVFDStdMtr,ECC,Ex,CZ07,cDXGF,0,NE-HV_AirDist-SupFanMtr-cDXGF-2SpClgHtg-Cnst,None,,None,NE-HV_AirDist-SupFanMtr-cDXGF-2SpClgHtg-VFDStdMtr,None,,,Each
NE-HVAC-Unitary-addVFDExMtr,ECC,Ex,CZ06,cDXGF,0,NE-HV_AirDist-SupFanMtr-cDXGF-2SpClgHtg-Cnst,None,,None,NE-HV_AirDist-SupFanMtr-cDXGF-2SpClgHtg-VFDExMtr,None,,,Each
NE-HVAC-Unitary-addVFDPMMtr,ECC,Ex,CZ06,cDXGF,0,NE-HV_AirDist-SupFanMtr-cDXGF-2SpClgHtg-Cnst,None,,None,NE-HV_AirDist-SupFanMtr-cDXGF-2SpClgHtg-VFDPMMtr,None,,,Each
NE-HVAC-Unitary-addVFDStdMtr,ECC,Ex,CZ06,cDXGF,0,NE-HV_AirDist-SupFanMtr-cDXGF-2SpClgHtg-Cnst,None,,None,NE-HV_AirDist-SupFanMtr-cDXGF-2SpClgHtg-VFDStdMtr,None,,,Each
NE-HVAC-Unitary-addVFDExMtr,ECC,Ex,CZ05,cDXGF,0,NE-HV_AirDist-SupFanMtr-cDXGF-2SpClgHtg-Cnst,None,,None,NE-HV_AirDist-SupFanMtr-cDXGF-2SpClgHtg-VFDExMtr,None,,,Each
NE-HVAC-Unitary-addVFDPMMtr,ECC,Ex,CZ05,cDXGF,0,NE-HV_AirDist-SupFanMtr-cDXGF-2SpClgHtg-Cnst,None,,None,NE-HV_AirDist-SupFanMtr-cDXGF-2SpClgHtg-VFDPMMtr,None,,,Each
NE-HVAC-Unitary-addVFDStdMtr,ECC,Ex,CZ05,cDXGF,0,NE-HV_AirDist-SupFanMtr-cDXGF-2SpClgHtg-Cnst,None,,None,NE-HV_AirDist-SupFanMtr-cDXGF-2SpClgHtg-VFDStdMtr,None,,,Each
NE-HVAC-Unitary-addVFDExMtr,ECC,Ex,CZ04,cDXGF,0,NE-HV_AirDist-SupFanMtr-cDXGF-2SpClgHtg-Cnst,None,,None,NE-HV_AirDist-SupFanMtr-cDXGF-2SpClgHtg-VFDExMtr,None,,,Each
NE-HVAC-Unitary-addVFDPMMtr,ECC,Ex,CZ04,cDXGF,0,NE-HV_AirDist-SupFanMtr-cDXGF-2SpClgHtg-Cnst,None,,None,NE-HV_AirDist-SupFanMtr-cDXGF-2SpClgHtg-VFDPMMtr,None,,,Each
NE-HVAC-Unitary-addVFDStdMtr,ECC,Ex,CZ04,cDXGF,0,NE-HV_AirDist-SupFanMtr-cDXGF-2SpClgHtg-Cnst,None,,None,NE-HV_AirDist-SupFanMtr-cDXGF-2SpClgHtg-VFDStdMtr,None,,,Each
NE-HVAC-Unitary-addVFDExMtr,ECC,Ex,CZ03,cDXGF,0,NE-HV_AirDist-SupFanMtr-cDXGF-2SpClgHtg-Cnst,None,,None,NE-HV_AirDist-SupFanMtr-cDXGF-2SpClgHtg-VFDExMtr,None,,,Each
NE-HVAC-Unitary-addVFDPMMtr,ECC,Ex,CZ03,cDXGF,0,NE-HV_AirDist-SupFanMtr-cDXGF-2SpClgHtg-Cnst,None,,None,NE-HV_AirDist-SupFanMtr-cDXGF-2SpClgHtg-VFDPMMtr,None,,,Each
NE-HVAC-Unitary-addVFDStdMtr,ECC,Ex,CZ03,cDXGF,0,NE-HV_AirDist-SupFanMtr-cDXGF-2SpClgHtg-Cnst,None,,None,NE-HV_AirDist-SupFanMtr-cDXGF-2SpClgHtg-VFDStdMtr,None,,,Each
NE-HVAC-Unitary-addVFDExMtr,ECC,Ex,CZ02,cDXGF,0,NE-HV_AirDist-SupFanMtr-cDXGF-2SpClgHtg-Cnst,None,,None,NE-HV_AirDist-SupFanMtr-cDXGF-2SpClgHtg-VFDExMtr,None,,,Each
NE-HVAC-Unitary-addVFDPMMtr,ECC,Ex,CZ02,cDXGF,0,NE-HV_AirDist-SupFanMtr-cDXGF-2SpClgHtg-Cnst,None,,None,NE-HV_AirDist-SupFanMtr-cDXGF-2SpClgHtg-VFDPMMtr,None,,,Each
NE-HVAC-Unitary-addVFDStdMtr,ECC,Ex,CZ02,cDXGF,0,NE-HV_AirDist-SupFanMtr-cDXGF-2SpClgHtg-Cnst,None,,None,NE-HV_AirDist-SupFanMtr-cDXGF-2SpClgHtg-VFDStdMtr,None,,,Each
NE-HVAC-Unitary-addVFDExMtr,ECC,Ex,CZ01,cDXGF,0,NE-HV_AirDist-SupFanMtr-cDXGF-2SpClgHtg-Cnst,None,,None,NE-HV_AirDist-SupFanMtr-cDXGF-2SpClgHtg-VFDExMtr,None,,,Each
NE-HVAC-Unitary-addVFDPMMtr,ECC,Ex,CZ01,cDXGF,0,NE-HV_AirDist-SupFanMtr-cDXGF-2SpClgHtg-Cnst,None,,None,NE-HV_AirDist-SupFanMtr-cDXGF-2SpClgHtg-VFDPMMtr,None,,,Each
NE-HVAC-Unitary-addVFDStdMtr,ECC,Ex,CZ01,cDXGF,0,NE-HV_AirDist-SupFanMtr-cDXGF-2SpClgHtg-Cnst,None,,None,NE-HV_AirDist-SupFanMtr-cDXGF-2SpClgHtg-VFDStdMtr,None,,,Each
NE-HVAC-Unitary-addVFDExMtr,Asm,Ex,CZ16,cDXOH,0,NE-HV_AirDist-SupFanMtr-cDXOH-2SpClgHtg-Cnst,None,,None,NE-HV_AirDist-SupFanMtr-cDXOH-2SpClgHtg-VFDExMtr,None,,,Each
NE-HVAC-Unitary-addVFDPMMtr,Asm,Ex,CZ16,cDXOH,0,NE-HV_AirDist-SupFanMtr-cDXOH-2SpClgHtg-Cnst,None,,None,NE-HV_AirDist-SupFanMtr-cDXOH-2SpClgHtg-VFDPMMtr,None,,,Each
NE-HVAC-Unitary-addVFDStdMtr,Asm,Ex,CZ16,cDXOH,0,NE-HV_AirDist-SupFanMtr-cDXOH-2SpClgHtg-Cnst,None,,None,NE-HV_AirDist-SupFanMtr-cDXOH-2SpClgHtg-VFDStdMtr,None,,,Each
NE-HVAC-Unitary-addVFDExMtr,Asm,Ex,CZ15,cDXOH,0,NE-HV_AirDist-SupFanMtr-cDXOH-2SpClgHtg-Cnst,None,,None,NE-HV_AirDist-SupFanMtr-cDXOH-2SpClgHtg-VFDExMtr,None,,,Each
NE-HVAC-Unitary-addVFDPMMtr,Asm,Ex,CZ15,cDXOH,0,NE-HV_AirDist-SupFanMtr-cDXOH-2SpClgHtg-Cnst,None,,None,NE-HV_AirDist-SupFanMtr-cDXOH-2SpClgHtg-VFDPMMtr,None,,,Each
NE-HVAC-Unitary-addVFDStdMtr,Asm,Ex,CZ15,cDXOH,0,NE-HV_AirDist-SupFanMtr-cDXOH-2SpClgHtg-Cnst,None,,None,NE-HV_AirDist-SupFanMtr-cDXOH-2SpClgHtg-VFDStdMtr,None,,,Each
NE-HVAC-Unitary-addVFDExMtr,Asm,Ex,CZ14,cDXOH,0,NE-HV_AirDist-SupFanMtr-cDXOH-2SpClgHtg-Cnst,None,,None,NE-HV_AirDist-SupFanMtr-cDXOH-2SpClgHtg-VFDExMtr,None,,,Each
NE-HVAC-Unitary-addVFDPMMtr,Asm,Ex,CZ14,cDXOH,0,NE-HV_AirDist-SupFanMtr-cDXOH-2SpClgHtg-Cnst,None,,None,NE-HV_AirDist-SupFanMtr-cDXOH-2SpClgHtg-VFDPMMtr,None,,,Each
NE-HVAC-Unitary-addVFDStdMtr,Asm,Ex,CZ14,cDXOH,0,NE-HV_AirDist-SupFanMtr-cDXOH-2SpClgHtg-Cnst,None,,None,NE-HV_AirDist-SupFanMtr-cDXOH-2SpClgHtg-VFDStdMtr,None,,,Each
NE-HVAC-Unitary-addVFDExMtr,Asm,Ex,CZ13,cDXOH,0,NE-HV_AirDist-SupFanMtr-cDXOH-2SpClgHtg-Cnst,None,,None,NE-HV_AirDist-SupFanMtr-cDXOH-2SpClgHtg-VFDExMtr,None,,,Each
NE-HVAC-Unitary-addVFDPMMtr,Asm,Ex,CZ13,cDXOH,0,NE-HV_AirDist-SupFanMtr-cDXOH-2SpClgHtg-Cnst,None,,None,NE-HV_AirDist-SupFanMtr-cDXOH-2SpClgHtg-VFDPMMtr,None,,,Each
NE-HVAC-Unitary-addVFDStdMtr,Asm,Ex,CZ13,cDXOH,0,NE-HV_AirDist-SupFanMtr-cDXOH-2SpClgHtg-Cnst,None,,None,NE-HV_AirDist-SupFanMtr-cDXOH-2SpClgHtg-VFDStdMtr,None,,,Each
NE-HVAC-Unitary-addVFDExMtr,Asm,Ex,CZ12,cDXOH,0,NE-HV_AirDist-SupFanMtr-cDXOH-2SpClgHtg-Cnst,None,,None,NE-HV_AirDist-SupFanMtr-cDXOH-2SpClgHtg-VFDExMtr,None,,,Each
NE-HVAC-Unitary-addVFDPMMtr,Asm,Ex,CZ12,cDXOH,0,NE-HV_AirDist-SupFanMtr-cDXOH-2SpClgHtg-Cnst,None,,None,NE-HV_AirDist-SupFanMtr-cDXOH-2SpClgHtg-VFDPMMtr,None,,,Each
NE-HVAC-Unitary-addVFDStdMtr,Asm,Ex,CZ12,cDXOH,0,NE-HV_AirDist-SupFanMtr-cDXOH-2SpClgHtg-Cnst,None,,None,NE-HV_AirDist-SupFanMtr-cDXOH-2SpClgHtg-VFDStdMtr,None,,,Each
NE-HVAC-Unitary-addVFDExMtr,Asm,Ex,CZ11,cDXOH,0,NE-HV_AirDist-SupFanMtr-cDXOH-2SpClgHtg-Cnst,None,,None,NE-HV_AirDist-SupFanMtr-cDXOH-2SpClgHtg-VFDExMtr,None,,,Each
NE-HVAC-Unitary-addVFDPMMtr,Asm,Ex,CZ11,cDXOH,0,NE-HV_AirDist-SupFanMtr-cDXOH-2SpClgHtg-Cnst,None,,None,NE-HV_AirDist-SupFanMtr-cDXOH-2SpClgHtg-VFDPMMtr,None,,,Each
NE-HVAC-Unitary-addVFDStdMtr,Asm,Ex,CZ11,cDXOH,0,NE-HV_AirDist-SupFanMtr-cDXOH-2SpClgHtg-Cnst,None,,None,NE-HV_AirDist-SupFanMtr-cDXOH-2SpClgHtg-VFDStdMtr,None,,,Each
NE-HVAC-Unitary-addVFDExMtr,Asm,Ex,CZ10,cDXOH,0,NE-HV_AirDist-SupFanMtr-cDXOH-2SpClgHtg-Cnst,None,,None,NE-HV_AirDist-SupFanMtr-cDXOH-2SpClgHtg-VFDExMtr,None,,,Each
NE-HVAC-Unitary-addVFDPMMtr,Asm,Ex,CZ10,cDXOH,0,NE-HV_AirDist-SupFanMtr-cDXOH-2SpClgHtg-Cnst,None,,None,NE-HV_AirDist-SupFanMtr-cDXOH-2SpClgHtg-VFDPMMtr,None,,,Each
NE-HVAC-Unitary-addVFDStdMtr,Asm,Ex,CZ10,cDXOH,0,NE-HV_AirDist-SupFanMtr-cDXOH-2SpClgHtg-Cnst,None,,None,NE-HV_AirDist-SupFanMtr-cDXOH-2SpClgHtg-VFDStdMtr,None,,,Each
NE-HVAC-Unitary-addVFDExMtr,Asm,Ex,CZ09,cDXOH,0,NE-HV_AirDist-SupFanMtr-cDXOH-2SpClgHtg-Cnst,None,,None,NE-HV_AirDist-SupFanMtr-cDXOH-2SpClgHtg-VFDExMtr,None,,,Each
NE-HVAC-Unitary-addVFDPMMtr,Asm,Ex,CZ09,cDXOH,0,NE-HV_AirDist-SupFanMtr-cDXOH-2SpClgHtg-Cnst,None,,None,NE-HV_AirDist-SupFanMtr-cDXOH-2SpClgHtg-VFDPMMtr,None,,,Each
NE-HVAC-Unitary-addVFDStdMtr,Asm,Ex,CZ09,cDXOH,0,NE-HV_AirDist-SupFanMtr-cDXOH-2SpClgHtg-Cnst,None,,None,NE-HV_AirDist-SupFanMtr-cDXOH-2SpClgHtg-VFDStdMtr,None,,,Each
NE-HVAC-Unitary-addVFDExMtr,Asm,Ex,CZ08,cDXOH,0,NE-HV_AirDist-SupFanMtr-cDXOH-2SpClgHtg-Cnst,None,,None,NE-HV_AirDist-SupFanMtr-cDXOH-2SpClgHtg-VFDExMtr,None,,,Each
NE-HVAC-Unitary-addVFDPMMtr,Asm,Ex,CZ08,cDXOH,0,NE-HV_AirDist-SupFanMtr-cDXOH-2SpClgHtg-Cnst,None,,None,NE-HV_AirDist-SupFanMtr-cDXOH-2SpClgHtg-VFDPMMtr,None,,,Each
NE-HVAC-Unitary-addVFDStdMtr,Asm,Ex,CZ08,cDXOH,0,NE-HV_AirDist-SupFanMtr-cDXOH-2SpClgHtg-Cnst,None,,None,NE-HV_AirDist-SupFanMtr-cDXOH-2SpClgHtg-VFDStdMtr,None,,,Each
NE-HVAC-Unitary-addVFDExMtr,Asm,Ex,CZ07,cDXOH,0,NE-HV_AirDist-SupFanMtr-cDXOH-2SpClgHtg-Cnst,None,,None,NE-HV_AirDist-SupFanMtr-cDXOH-2SpClgHtg-VFDExMtr,None,,,Each
NE-HVAC-Unitary-addVFDPMMtr,Asm,Ex,CZ07,cDXOH,0,NE-HV_AirDist-SupFanMtr-cDXOH-2SpClgHtg-Cnst,None,,None,NE-HV_AirDist-SupFanMtr-cDXOH-2SpClgHtg-VFDPMMtr,None,,,Each
NE-HVAC-Unitary-addVFDStdMtr,Asm,Ex,CZ07,cDXOH,0,NE-HV_AirDist-SupFanMtr-cDXOH-2SpClgHtg-Cnst,None,,None,NE-HV_AirDist-SupFanMtr-cDXOH-2SpClgHtg-VFDStdMtr,None,,,Each
NE-HVAC-Unitary-addVFDExMtr,Asm,Ex,CZ06,cDXOH,0,NE-HV_AirDist-SupFanMtr-cDXOH-2SpClgHtg-Cnst,None,,None,NE-HV_AirDist-SupFanMtr-cDXOH-2SpClgHtg-VFDExMtr,None,,,Each
NE-HVAC-Unitary-addVFDPMMtr,Asm,Ex,CZ06,cDXOH,0,NE-HV_AirDist-SupFanMtr-cDXOH-2SpClgHtg-Cnst,None,,None,NE-HV_AirDist-SupFanMtr-cDXOH-2SpClgHtg-VFDPMMtr,None,,,Each
NE-HVAC-Unitary-addVFDStdMtr,Asm,Ex,CZ06,cDXOH,0,NE-HV_AirDist-SupFanMtr-cDXOH-2SpClgHtg-Cnst,None,,None,NE-HV_AirDist-SupFanMtr-cDXOH-2SpClgHtg-VFDStdMtr,None,,,Each
NE-HVAC-Unitary-addVFDExMtr,Asm,Ex,CZ05,cDXOH,0,NE-HV_AirDist-SupFanMtr-cDXOH-2SpClgHtg-Cnst,None,,None,NE-HV_AirDist-SupFanMtr-cDXOH-2SpClgHtg-VFDExMtr,None,,,Each
NE-HVAC-Unitary-addVFDPMMtr,Asm,Ex,CZ05,cDXOH,0,NE-HV_AirDist-SupFanMtr-cDXOH-2SpClgHtg-Cnst,None,,None,NE-HV_AirDist-SupFanMtr-cDXOH-2SpClgHtg-VFDPMMtr,None,,,Each
NE-HVAC-Unitary-addVFDStdMtr,Asm,Ex,CZ05,cDXOH,0,NE-HV_AirDist-SupFanMtr-cDXOH-2SpClgHtg-Cnst,None,,None,NE-HV_AirDist-SupFanMtr-cDXOH-2SpClgHtg-VFDStdMtr,None,,,Each
NE-HVAC-Unitary-addVFDExMtr,Asm,Ex,CZ04,cDXOH,0,NE-HV_AirDist-SupFanMtr-cDXOH-2SpClgHtg-Cnst,None,,None,NE-HV_AirDist-SupFanMtr-cDXOH-2SpClgHtg-VFDExMtr,None,,,Each
NE-HVAC-Unitary-addVFDPMMtr,Asm,Ex,CZ04,cDXOH,0,NE-HV_AirDist-SupFanMtr-cDXOH-2SpClgHtg-Cnst,None,,None,NE-HV_AirDist-SupFanMtr-cDXOH-2SpClgHtg-VFDPMMtr,None,,,Each
NE-HVAC-Unitary-addVFDStdMtr,Asm,Ex,CZ04,cDXOH,0,NE-HV_AirDist-SupFanMtr-cDXOH-2SpClgHtg-Cnst,None,,None,NE-HV_AirDist-SupFanMtr-cDXOH-2SpClgHtg-VFDStdMtr,None,,,Each
NE-HVAC-Unitary-addVFDExMtr,Asm,Ex,CZ03,cDXOH,0,NE-HV_AirDist-SupFanMtr-cDXOH-2SpClgHtg-Cnst,None,,None,NE-HV_AirDist-SupFanMtr-cDXOH-2SpClgHtg-VFDExMtr,None,,,Each
NE-HVAC-Unitary-addVFDPMMtr,Asm,Ex,CZ03,cDXOH,0,NE-HV_AirDist-SupFanMtr-cDXOH-2SpClgHtg-Cnst,None,,None,NE-HV_AirDist-SupFanMtr-cDXOH-2SpClgHtg-VFDPMMtr,None,,,Each
NE-HVAC-Unitary-addVFDStdMtr,Asm,Ex,CZ03,cDXOH,0,NE-HV_AirDist-SupFanMtr-cDXOH-2SpClgHtg-Cnst,None,,None,NE-HV_AirDist-SupFanMtr-cDXOH-2SpClgHtg-VFDStdMtr,None,,,Each
NE-HVAC-Unitary-addVFDExMtr,Asm,Ex,CZ02,cDXOH,0,NE-HV_AirDist-SupFanMtr-cDXOH-2SpClgHtg-Cnst,None,,None,NE-HV_AirDist-SupFanMtr-cDXOH-2SpClgHtg-VFDExMtr,None,,,Each
NE-HVAC-Unitary-addVFDPMMtr,Asm,Ex,CZ02,cDXOH,0,NE-HV_AirDist-SupFanMtr-cDXOH-2SpClgHtg-Cnst,None,,None,NE-HV_AirDist-SupFanMtr-cDXOH-2SpClgHtg-VFDPMMtr,None,,,Each
NE-HVAC-Unitary-addVFDStdMtr,Asm,Ex,CZ02,cDXOH,0,NE-HV_AirDist-SupFanMtr-cDXOH-2SpClgHtg-Cnst,None,,None,NE-HV_AirDist-SupFanMtr-cDXOH-2SpClgHtg-VFDStdMtr,None,,,Each
NE-HVAC-Unitary-addVFDExMtr,Asm,Ex,CZ01,cDXOH,0,NE-HV_AirDist-SupFanMtr-cDXOH-2SpClgHtg-Cnst,None,,None,NE-HV_AirDist-SupFanMtr-cDXOH-2SpClgHtg-VFDExMtr,None,,,Each
NE-HVAC-Unitary-addVFDPMMtr,Asm,Ex,CZ01,cDXOH,0,NE-HV_AirDist-SupFanMtr-cDXOH-2SpClgHtg-Cnst,None,,None,NE-HV_AirDist-SupFanMtr-cDXOH-2SpClgHtg-VFDPMMtr,None,,,Each
NE-HVAC-Unitary-addVFDStdMtr,Asm,Ex,CZ01,cDXOH,0,NE-HV_AirDist-SupFanMtr-cDXOH-2SpClgHtg-Cnst,None,,None,NE-HV_AirDist-SupFanMtr-cDXOH-2SpClgHtg-VFDStdMtr,None,,,Each
NE-HVAC-Unitary-addVFDExMtr,Asm,Ex,CZ16,cDXHP,0,NE-HV_AirDist-SupFanMtr-cDXHP-2SpClgHtg-Cnst,None,,None,NE-HV_AirDist-SupFanMtr-cDXHP-2SpClgHtg-VFDExMtr,None,,,Each
NE-HVAC-Unitary-addVFDPMMtr,Asm,Ex,CZ16,cDXHP,0,NE-HV_AirDist-SupFanMtr-cDXHP-2SpClgHtg-Cnst,None,,None,NE-HV_AirDist-SupFanMtr-cDXHP-2SpClgHtg-VFDPMMtr,None,,,Each
NE-HVAC-Unitary-addVFDStdMtr,Asm,Ex,CZ16,cDXHP,0,NE-HV_AirDist-SupFanMtr-cDXHP-2SpClgHtg-Cnst,None,,None,NE-HV_AirDist-SupFanMtr-cDXHP-2SpClgHtg-VFDStdMtr,None,,,Each
NE-HVAC-Unitary-addVFDExMtr,Asm,Ex,CZ15,cDXHP,0,NE-HV_AirDist-SupFanMtr-cDXHP-2SpClgHtg-Cnst,None,,None,NE-HV_AirDist-SupFanMtr-cDXHP-2SpClgHtg-VFDExMtr,None,,,Each
NE-HVAC-Unitary-addVFDPMMtr,Asm,Ex,CZ15,cDXHP,0,NE-HV_AirDist-SupFanMtr-cDXHP-2SpClgHtg-Cnst,None,,None,NE-HV_AirDist-SupFanMtr-cDXHP-2SpClgHtg-VFDPMMtr,None,,,Each
NE-HVAC-Unitary-addVFDStdMtr,Asm,Ex,CZ15,cDXHP,0,NE-HV_AirDist-SupFanMtr-cDXHP-2SpClgHtg-Cnst,None,,None,NE-HV_AirDist-SupFanMtr-cDXHP-2SpClgHtg-VFDStdMtr,None,,,Each
NE-HVAC-Unitary-addVFDExMtr,Asm,Ex,CZ14,cDXHP,0,NE-HV_AirDist-SupFanMtr-cDXHP-2SpClgHtg-Cnst,None,,None,NE-HV_AirDist-SupFanMtr-cDXHP-2SpClgHtg-VFDExMtr,None,,,Each
NE-HVAC-Unitary-addVFDPMMtr,Asm,Ex,CZ14,cDXHP,0,NE-HV_AirDist-SupFanMtr-cDXHP-2SpClgHtg-Cnst,None,,None,NE-HV_AirDist-SupFanMtr-cDXHP-2SpClgHtg-VFDPMMtr,None,,,Each
NE-HVAC-Unitary-addVFDStdMtr,Asm,Ex,CZ14,cDXHP,0,NE-HV_AirDist-SupFanMtr-cDXHP-2SpClgHtg-Cnst,None,,None,NE-HV_AirDist-SupFanMtr-cDXHP-2SpClgHtg-VFDStdMtr,None,,,Each
NE-HVAC-Unitary-addVFDExMtr,Asm,Ex,CZ13,cDXHP,0,NE-HV_AirDist-SupFanMtr-cDXHP-2SpClgHtg-Cnst,None,,None,NE-HV_AirDist-SupFanMtr-cDXHP-2SpClgHtg-VFDExMtr,None,,,Each
NE-HVAC-Unitary-addVFDPMMtr,Asm,Ex,CZ13,cDXHP,0,NE-HV_AirDist-SupFanMtr-cDXHP-2SpClgHtg-Cnst,None,,None,NE-HV_AirDist-SupFanMtr-cDXHP-2SpClgHtg-VFDPMMtr,None,,,Each
NE-HVAC-Unitary-addVFDStdMtr,Asm,Ex,CZ13,cDXHP,0,NE-HV_AirDist-SupFanMtr-cDXHP-2SpClgHtg-Cnst,None,,None,NE-HV_AirDist-SupFanMtr-cDXHP-2SpClgHtg-VFDStdMtr,None,,,Each
NE-HVAC-Unitary-addVFDExMtr,Asm,Ex,CZ12,cDXHP,0,NE-HV_AirDist-SupFanMtr-cDXHP-2SpClgHtg-Cnst,None,,None,NE-HV_AirDist-SupFanMtr-cDXHP-2SpClgHtg-VFDExMtr,None,,,Each
NE-HVAC-Unitary-addVFDPMMtr,Asm,Ex,CZ12,cDXHP,0,NE-HV_AirDist-SupFanMtr-cDXHP-2SpClgHtg-Cnst,None,,None,NE-HV_AirDist-SupFanMtr-cDXHP-2SpClgHtg-VFDPMMtr,None,,,Each
NE-HVAC-Unitary-addVFDStdMtr,Asm,Ex,CZ12,cDXHP,0,NE-HV_AirDist-SupFanMtr-cDXHP-2SpClgHtg-Cnst,None,,None,NE-HV_AirDist-SupFanMtr-cDXHP-2SpClgHtg-VFDStdMtr,None,,,Each
NE-HVAC-Unitary-addVFDExMtr,Asm,Ex,CZ11,cDXHP,0,NE-HV_AirDist-SupFanMtr-cDXHP-2SpClgHtg-Cnst,None,,None,NE-HV_AirDist-SupFanMtr-cDXHP-2SpClgHtg-VFDExMtr,None,,,Each
NE-HVAC-Unitary-addVFDPMMtr,Asm,Ex,CZ11,cDXHP,0,NE-HV_AirDist-SupFanMtr-cDXHP-2SpClgHtg-Cnst,None,,None,NE-HV_AirDist-SupFanMtr-cDXHP-2SpClgHtg-VFDPMMtr,None,,,Each
NE-HVAC-Unitary-addVFDStdMtr,Asm,Ex,CZ11,cDXHP,0,NE-HV_AirDist-SupFanMtr-cDXHP-2SpClgHtg-Cnst,None,,None,NE-HV_AirDist-SupFanMtr-cDXHP-2SpClgHtg-VFDStdMtr,None,,,Each
NE-HVAC-Unitary-addVFDExMtr,Asm,Ex,CZ10,cDXHP,0,NE-HV_AirDist-SupFanMtr-cDXHP-2SpClgHtg-Cnst,None,,None,NE-HV_AirDist-SupFanMtr-cDXHP-2SpClgHtg-VFDExMtr,None,,,Each
NE-HVAC-Unitary-addVFDPMMtr,Asm,Ex,CZ10,cDXHP,0,NE-HV_AirDist-SupFanMtr-cDXHP-2SpClgHtg-Cnst,None,,None,NE-HV_AirDist-SupFanMtr-cDXHP-2SpClgHtg-VFDPMMtr,None,,,Each
NE-HVAC-Unitary-addVFDStdMtr,Asm,Ex,CZ10,cDXHP,0,NE-HV_AirDist-SupFanMtr-cDXHP-2SpClgHtg-Cnst,None,,None,NE-HV_AirDist-SupFanMtr-cDXHP-2SpClgHtg-VFDStdMtr,None,,,Each
NE-HVAC-Unitary-addVFDExMtr,Asm,Ex,CZ09,cDXHP,0,NE-HV_AirDist-SupFanMtr-cDXHP-2SpClgHtg-Cnst,None,,None,NE-HV_AirDist-SupFanMtr-cDXHP-2SpClgHtg-VFDExMtr,None,,,Each
NE-HVAC-Unitary-addVFDPMMtr,Asm,Ex,CZ09,cDXHP,0,NE-HV_AirDist-SupFanMtr-cDXHP-2SpClgHtg-Cnst,None,,None,NE-HV_AirDist-SupFanMtr-cDXHP-2SpClgHtg-VFDPMMtr,None,,,Each
NE-HVAC-Unitary-addVFDStdMtr,Asm,Ex,CZ09,cDXHP,0,NE-HV_AirDist-SupFanMtr-cDXHP-2SpClgHtg-Cnst,None,,None,NE-HV_AirDist-SupFanMtr-cDXHP-2SpClgHtg-VFDStdMtr,None,,,Each
NE-HVAC-Unitary-addVFDExMtr,Asm,Ex,CZ08,cDXHP,0,NE-HV_AirDist-SupFanMtr-cDXHP-2SpClgHtg-Cnst,None,,None,NE-HV_AirDist-SupFanMtr-cDXHP-2SpClgHtg-VFDExMtr,None,,,Each
NE-HVAC-Unitary-addVFDPMMtr,Asm,Ex,CZ08,cDXHP,0,NE-HV_AirDist-SupFanMtr-cDXHP-2SpClgHtg-Cnst,None,,None,NE-HV_AirDist-SupFanMtr-cDXHP-2SpClgHtg-VFDPMMtr,None,,,Each
NE-HVAC-Unitary-addVFDStdMtr,Asm,Ex,CZ08,cDXHP,0,NE-HV_AirDist-SupFanMtr-cDXHP-2SpClgHtg-Cnst,None,,None,NE-HV_AirDist-SupFanMtr-cDXHP-2SpClgHtg-VFDStdMtr,None,,,Each
NE-HVAC-Unitary-addVFDExMtr,Asm,Ex,CZ07,cDXHP,0,NE-HV_AirDist-SupFanMtr-cDXHP-2SpClgHtg-Cnst,None,,None,NE-HV_AirDist-SupFanMtr-cDXHP-2SpClgHtg-VFDExMtr,None,,,Each
NE-HVAC-Unitary-addVFDPMMtr,Asm,Ex,CZ07,cDXHP,0,NE-HV_AirDist-SupFanMtr-cDXHP-2SpClgHtg-Cnst,None,,None,NE-HV_AirDist-SupFanMtr-cDXHP-2SpClgHtg-VFDPMMtr,None,,,Each
NE-HVAC-Unitary-addVFDStdMtr,Asm,Ex,CZ07,cDXHP,0,NE-HV_AirDist-SupFanMtr-cDXHP-2SpClgHtg-Cnst,None,,None,NE-HV_AirDist-SupFanMtr-cDXHP-2SpClgHtg-VFDStdMtr,None,,,Each
NE-HVAC-Unitary-addVFDExMtr,Asm,Ex,CZ06,cDXHP,0,NE-HV_AirDist-SupFanMtr-cDXHP-2SpClgHtg-Cnst,None,,None,NE-HV_AirDist-SupFanMtr-cDXHP-2SpClgHtg-VFDExMtr,None,,,Each
NE-HVAC-Unitary-addVFDPMMtr,Asm,Ex,CZ06,cDXHP,0,NE-HV_AirDist-SupFanMtr-cDXHP-2SpClgHtg-Cnst,None,,None,NE-HV_AirDist-SupFanMtr-cDXHP-2SpClgHtg-VFDPMMtr,None,,,Each
NE-HVAC-Unitary-addVFDStdMtr,Asm,Ex,CZ06,cDXHP,0,NE-HV_AirDist-SupFanMtr-cDXHP-2SpClgHtg-Cnst,None,,None,NE-HV_AirDist-SupFanMtr-cDXHP-2SpClgHtg-VFDStdMtr,None,,,Each
NE-HVAC-Unitary-addVFDExMtr,Asm,Ex,CZ05,cDXHP,0,NE-HV_AirDist-SupFanMtr-cDXHP-2SpClgHtg-Cnst,None,,None,NE-HV_AirDist-SupFanMtr-cDXHP-2SpClgHtg-VFDExMtr,None,,,Each
NE-HVAC-Unitary-addVFDPMMtr,Asm,Ex,CZ05,cDXHP,0,NE-HV_AirDist-SupFanMtr-cDXHP-2SpClgHtg-Cnst,None,,None,NE-HV_AirDist-SupFanMtr-cDXHP-2SpClgHtg-VFDPMMtr,None,,,Each
NE-HVAC-Unitary-addVFDStdMtr,Asm,Ex,CZ05,cDXHP,0,NE-HV_AirDist-SupFanMtr-cDXHP-2SpClgHtg-Cnst,None,,None,NE-HV_AirDist-SupFanMtr-cDXHP-2SpClgHtg-VFDStdMtr,None,,,Each
NE-HVAC-Unitary-addVFDExMtr,Asm,Ex,CZ04,cDXHP,0,NE-HV_AirDist-SupFanMtr-cDXHP-2SpClgHtg-Cnst,None,,None,NE-HV_AirDist-SupFanMtr-cDXHP-2SpClgHtg-VFDExMtr,None,,,Each
NE-HVAC-Unitary-addVFDPMMtr,Asm,Ex,CZ04,cDXHP,0,NE-HV_AirDist-SupFanMtr-cDXHP-2SpClgHtg-Cnst,None,,None,NE-HV_AirDist-SupFanMtr-cDXHP-2SpClgHtg-VFDPMMtr,None,,,Each
NE-HVAC-Unitary-addVFDStdMtr,Asm,Ex,CZ04,cDXHP,0,NE-HV_AirDist-SupFanMtr-cDXHP-2SpClgHtg-Cnst,None,,None,NE-HV_AirDist-SupFanMtr-cDXHP-2SpClgHtg-VFDStdMtr,None,,,Each
NE-HVAC-Unitary-addVFDExMtr,Asm,Ex,CZ03,cDXHP,0,NE-HV_AirDist-SupFanMtr-cDXHP-2SpClgHtg-Cnst,None,,None,NE-HV_AirDist-SupFanMtr-cDXHP-2SpClgHtg-VFDExMtr,None,,,Each
NE-HVAC-Unitary-addVFDPMMtr,Asm,Ex,CZ03,cDXHP,0,NE-HV_AirDist-SupFanMtr-cDXHP-2SpClgHtg-Cnst,None,,None,NE-HV_AirDist-SupFanMtr-cDXHP-2SpClgHtg-VFDPMMtr,None,,,Each
NE-HVAC-Unitary-addVFDStdMtr,Asm,Ex,CZ03,cDXHP,0,NE-HV_AirDist-SupFanMtr-cDXHP-2SpClgHtg-Cnst,None,,None,NE-HV_AirDist-SupFanMtr-cDXHP-2SpClgHtg-VFDStdMtr,None,,,Each
NE-HVAC-Unitary-addVFDExMtr,Asm,Ex,CZ02,cDXHP,0,NE-HV_AirDist-SupFanMtr-cDXHP-2SpClgHtg-Cnst,None,,None,NE-HV_AirDist-SupFanMtr-cDXHP-2SpClgHtg-VFDExMtr,None,,,Each
NE-HVAC-Unitary-addVFDPMMtr,Asm,Ex,CZ02,cDXHP,0,NE-HV_AirDist-SupFanMtr-cDXHP-2SpClgHtg-Cnst,None,,None,NE-HV_AirDist-SupFanMtr-cDXHP-2SpClgHtg-VFDPMMtr,None,,,Each
NE-HVAC-Unitary-addVFDStdMtr,Asm,Ex,CZ02,cDXHP,0,NE-HV_AirDist-SupFanMtr-cDXHP-2SpClgHtg-Cnst,None,,None,NE-HV_AirDist-SupFanMtr-cDXHP-2SpClgHtg-VFDStdMtr,None,,,Each
NE-HVAC-Unitary-addVFDExMtr,Asm,Ex,CZ01,cDXHP,0,NE-HV_AirDist-SupFanMtr-cDXHP-2SpClgHtg-Cnst,None,,None,NE-HV_AirDist-SupFanMtr-cDXHP-2SpClgHtg-VFDExMtr,None,,,Each
NE-HVAC-Unitary-addVFDPMMtr,Asm,Ex,CZ01,cDXHP,0,NE-HV_AirDist-SupFanMtr-cDXHP-2SpClgHtg-Cnst,None,,None,NE-HV_AirDist-SupFanMtr-cDXHP-2SpClgHtg-VFDPMMtr,None,,,Each
NE-HVAC-Unitary-addVFDStdMtr,Asm,Ex,CZ01,cDXHP,0,NE-HV_AirDist-SupFanMtr-cDXHP-2SpClgHtg-Cnst,None,,None,NE-HV_AirDist-SupFanMtr-cDXHP-2SpClgHtg-VFDStdMtr,None,,,Each
NE-HVAC-Unitary-addVFDExMtr,Asm,Ex,CZ16,cDXGF,0,NE-HV_AirDist-SupFanMtr-cDXGF-2SpClgHtg-Cnst,None,,None,NE-HV_AirDist-SupFanMtr-cDXGF-2SpClgHtg-VFDExMtr,None,,,Each
NE-HVAC-Unitary-addVFDPMMtr,Asm,Ex,CZ16,cDXGF,0,NE-HV_AirDist-SupFanMtr-cDXGF-2SpClgHtg-Cnst,None,,None,NE-HV_AirDist-SupFanMtr-cDXGF-2SpClgHtg-VFDPMMtr,None,,,Each
NE-HVAC-Unitary-addVFDStdMtr,Asm,Ex,CZ16,cDXGF,0,NE-HV_AirDist-SupFanMtr-cDXGF-2SpClgHtg-Cnst,None,,None,NE-HV_AirDist-SupFanMtr-cDXGF-2SpClgHtg-VFDStdMtr,None,,,Each
NE-HVAC-Unitary-addVFDExMtr,Asm,Ex,CZ15,cDXGF,0,NE-HV_AirDist-SupFanMtr-cDXGF-2SpClgHtg-Cnst,None,,None,NE-HV_AirDist-SupFanMtr-cDXGF-2SpClgHtg-VFDExMtr,None,,,Each
NE-HVAC-Unitary-addVFDPMMtr,Asm,Ex,CZ15,cDXGF,0,NE-HV_AirDist-SupFanMtr-cDXGF-2SpClgHtg-Cnst,None,,None,NE-HV_AirDist-SupFanMtr-cDXGF-2SpClgHtg-VFDPMMtr,None,,,Each
NE-HVAC-Unitary-addVFDStdMtr,Asm,Ex,CZ15,cDXGF,0,NE-HV_AirDist-SupFanMtr-cDXGF-2SpClgHtg-Cnst,None,,None,NE-HV_AirDist-SupFanMtr-cDXGF-2SpClgHtg-VFDStdMtr,None,,,Each
NE-HVAC-Unitary-addVFDExMtr,Asm,Ex,CZ14,cDXGF,0,NE-HV_AirDist-SupFanMtr-cDXGF-2SpClgHtg-Cnst,None,,None,NE-HV_AirDist-SupFanMtr-cDXGF-2SpClgHtg-VFDExMtr,None,,,Each
NE-HVAC-Unitary-addVFDPMMtr,Asm,Ex,CZ14,cDXGF,0,NE-HV_AirDist-SupFanMtr-cDXGF-2SpClgHtg-Cnst,None,,None,NE-HV_AirDist-SupFanMtr-cDXGF-2SpClgHtg-VFDPMMtr,None,,,Each
NE-HVAC-Unitary-addVFDStdMtr,Asm,Ex,CZ14,cDXGF,0,NE-HV_AirDist-SupFanMtr-cDXGF-2SpClgHtg-Cnst,None,,None,NE-HV_AirDist-SupFanMtr-cDXGF-2SpClgHtg-VFDStdMtr,None,,,Each
NE-HVAC-Unitary-addVFDExMtr,Asm,Ex,CZ13,cDXGF,0,NE-HV_AirDist-SupFanMtr-cDXGF-2SpClgHtg-Cnst,None,,None,NE-HV_AirDist-SupFanMtr-cDXGF-2SpClgHtg-VFDExMtr,None,,,Each
NE-HVAC-Unitary-addVFDPMMtr,Asm,Ex,CZ13,cDXGF,0,NE-HV_AirDist-SupFanMtr-cDXGF-2SpClgHtg-Cnst,None,,None,NE-HV_AirDist-SupFanMtr-cDXGF-2SpClgHtg-VFDPMMtr,None,,,Each
NE-HVAC-Unitary-addVFDStdMtr,Asm,Ex,CZ13,cDXGF,0,NE-HV_AirDist-SupFanMtr-cDXGF-2SpClgHtg-Cnst,None,,None,NE-HV_AirDist-SupFanMtr-cDXGF-2SpClgHtg-VFDStdMtr,None,,,Each
NE-HVAC-Unitary-addVFDExMtr,Asm,Ex,CZ12,cDXGF,0,NE-HV_AirDist-SupFanMtr-cDXGF-2SpClgHtg-Cnst,None,,None,NE-HV_AirDist-SupFanMtr-cDXGF-2SpClgHtg-VFDExMtr,None,,,Each
NE-HVAC-Unitary-addVFDPMMtr,Asm,Ex,CZ12,cDXGF,0,NE-HV_AirDist-SupFanMtr-cDXGF-2SpClgHtg-Cnst,None,,None,NE-HV_AirDist-SupFanMtr-cDXGF-2SpClgHtg-VFDPMMtr,None,,,Each
NE-HVAC-Unitary-addVFDStdMtr,Asm,Ex,CZ12,cDXGF,0,NE-HV_AirDist-SupFanMtr-cDXGF-2SpClgHtg-Cnst,None,,None,NE-HV_AirDist-SupFanMtr-cDXGF-2SpClgHtg-VFDStdMtr,None,,,Each
NE-HVAC-Unitary-addVFDExMtr,Asm,Ex,CZ11,cDXGF,0,NE-HV_AirDist-SupFanMtr-cDXGF-2SpClgHtg-Cnst,None,,None,NE-HV_AirDist-SupFanMtr-cDXGF-2SpClgHtg-VFDExMtr,None,,,Each
NE-HVAC-Unitary-addVFDPMMtr,Asm,Ex,CZ11,cDXGF,0,NE-HV_AirDist-SupFanMtr-cDXGF-2SpClgHtg-Cnst,None,,None,NE-HV_AirDist-SupFanMtr-cDXGF-2SpClgHtg-VFDPMMtr,None,,,Each
NE-HVAC-Unitary-addVFDStdMtr,Asm,Ex,CZ11,cDXGF,0,NE-HV_AirDist-SupFanMtr-cDXGF-2SpClgHtg-Cnst,None,,None,NE-HV_AirDist-SupFanMtr-cDXGF-2SpClgHtg-VFDStdMtr,None,,,Each
NE-HVAC-Unitary-addVFDExMtr,Asm,Ex,CZ10,cDXGF,0,NE-HV_AirDist-SupFanMtr-cDXGF-2SpClgHtg-Cnst,None,,None,NE-HV_AirDist-SupFanMtr-cDXGF-2SpClgHtg-VFDExMtr,None,,,Each
NE-HVAC-Unitary-addVFDPMMtr,Asm,Ex,CZ10,cDXGF,0,NE-HV_AirDist-SupFanMtr-cDXGF-2SpClgHtg-Cnst,None,,None,NE-HV_AirDist-SupFanMtr-cDXGF-2SpClgHtg-VFDPMMtr,None,,,Each
NE-HVAC-Unitary-addVFDStdMtr,Asm,Ex,CZ10,cDXGF,0,NE-HV_AirDist-SupFanMtr-cDXGF-2SpClgHtg-Cnst,None,,None,NE-HV_AirDist-SupFanMtr-cDXGF-2SpClgHtg-VFDStdMtr,None,,,Each
NE-HVAC-Unitary-addVFDExMtr,Asm,Ex,CZ09,cDXGF,0,NE-HV_AirDist-SupFanMtr-cDXGF-2SpClgHtg-Cnst,None,,None,NE-HV_AirDist-SupFanMtr-cDXGF-2SpClgHtg-VFDExMtr,None,,,Each
NE-HVAC-Unitary-addVFDPMMtr,Asm,Ex,CZ09,cDXGF,0,NE-HV_AirDist-SupFanMtr-cDXGF-2SpClgHtg-Cnst,None,,None,NE-HV_AirDist-SupFanMtr-cDXGF-2SpClgHtg-VFDPMMtr,None,,,Each
NE-HVAC-Unitary-addVFDStdMtr,Asm,Ex,CZ09,cDXGF,0,NE-HV_AirDist-SupFanMtr-cDXGF-2SpClgHtg-Cnst,None,,None,NE-HV_AirDist-SupFanMtr-cDXGF-2SpClgHtg-VFDStdMtr,None,,,Each
NE-HVAC-Unitary-addVFDExMtr,Asm,Ex,CZ08,cDXGF,0,NE-HV_AirDist-SupFanMtr-cDXGF-2SpClgHtg-Cnst,None,,None,NE-HV_AirDist-SupFanMtr-cDXGF-2SpClgHtg-VFDExMtr,None,,,Each
NE-HVAC-Unitary-addVFDPMMtr,Asm,Ex,CZ08,cDXGF,0,NE-HV_AirDist-SupFanMtr-cDXGF-2SpClgHtg-Cnst,None,,None,NE-HV_AirDist-SupFanMtr-cDXGF-2SpClgHtg-VFDPMMtr,None,,,Each
NE-HVAC-Unitary-addVFDStdMtr,Asm,Ex,CZ08,cDXGF,0,NE-HV_AirDist-SupFanMtr-cDXGF-2SpClgHtg-Cnst,None,,None,NE-HV_AirDist-SupFanMtr-cDXGF-2SpClgHtg-VFDStdMtr,None,,,Each
NE-HVAC-Unitary-addVFDExMtr,Asm,Ex,CZ07,cDXGF,0,NE-HV_AirDist-SupFanMtr-cDXGF-2SpClgHtg-Cnst,None,,None,NE-HV_AirDist-SupFanMtr-cDXGF-2SpClgHtg-VFDExMtr,None,,,Each
NE-HVAC-Unitary-addVFDPMMtr,Asm,Ex,CZ07,cDXGF,0,NE-HV_AirDist-SupFanMtr-cDXGF-2SpClgHtg-Cnst,None,,None,NE-HV_AirDist-SupFanMtr-cDXGF-2SpClgHtg-VFDPMMtr,None,,,Each
NE-HVAC-Unitary-addVFDStdMtr,Asm,Ex,CZ07,cDXGF,0,NE-HV_AirDist-SupFanMtr-cDXGF-2SpClgHtg-Cnst,None,,None,NE-HV_AirDist-SupFanMtr-cDXGF-2SpClgHtg-VFDStdMtr,None,,,Each
NE-HVAC-Unitary-addVFDExMtr,Asm,Ex,CZ06,cDXGF,0,NE-HV_AirDist-SupFanMtr-cDXGF-2SpClgHtg-Cnst,None,,None,NE-HV_AirDist-SupFanMtr-cDXGF-2SpClgHtg-VFDExMtr,None,,,Each
NE-HVAC-Unitary-addVFDPMMtr,Asm,Ex,CZ06,cDXGF,0,NE-HV_AirDist-SupFanMtr-cDXGF-2SpClgHtg-Cnst,None,,None,NE-HV_AirDist-SupFanMtr-cDXGF-2SpClgHtg-VFDPMMtr,None,,,Each
NE-HVAC-Unitary-addVFDStdMtr,Asm,Ex,CZ06,cDXGF,0,NE-HV_AirDist-SupFanMtr-cDXGF-2SpClgHtg-Cnst,None,,None,NE-HV_AirDist-SupFanMtr-cDXGF-2SpClgHtg-VFDStdMtr,None,,,Each
NE-HVAC-Unitary-addVFDExMtr,Asm,Ex,CZ05,cDXGF,0,NE-HV_AirDist-SupFanMtr-cDXGF-2SpClgHtg-Cnst,None,,None,NE-HV_AirDist-SupFanMtr-cDXGF-2SpClgHtg-VFDExMtr,None,,,Each
NE-HVAC-Unitary-addVFDPMMtr,Asm,Ex,CZ05,cDXGF,0,NE-HV_AirDist-SupFanMtr-cDXGF-2SpClgHtg-Cnst,None,,None,NE-HV_AirDist-SupFanMtr-cDXGF-2SpClgHtg-VFDPMMtr,None,,,Each
NE-HVAC-Unitary-addVFDStdMtr,Asm,Ex,CZ05,cDXGF,0,NE-HV_AirDist-SupFanMtr-cDXGF-2SpClgHtg-Cnst,None,,None,NE-HV_AirDist-SupFanMtr-cDXGF-2SpClgHtg-VFDStdMtr,None,,,Each
NE-HVAC-Unitary-addVFDExMtr,Asm,Ex,CZ04,cDXGF,0,NE-HV_AirDist-SupFanMtr-cDXGF-2SpClgHtg-Cnst,None,,None,NE-HV_AirDist-SupFanMtr-cDXGF-2SpClgHtg-VFDExMtr,None,,,Each
NE-HVAC-Unitary-addVFDPMMtr,Asm,Ex,CZ04,cDXGF,0,NE-HV_AirDist-SupFanMtr-cDXGF-2SpClgHtg-Cnst,None,,None,NE-HV_AirDist-SupFanMtr-cDXGF-2SpClgHtg-VFDPMMtr,None,,,Each
NE-HVAC-Unitary-addVFDStdMtr,Asm,Ex,CZ04,cDXGF,0,NE-HV_AirDist-SupFanMtr-cDXGF-2SpClgHtg-Cnst,None,,None,NE-HV_AirDist-SupFanMtr-cDXGF-2SpClgHtg-VFDStdMtr,None,,,Each
NE-HVAC-Unitary-addVFDExMtr,Asm,Ex,CZ03,cDXGF,0,NE-HV_AirDist-SupFanMtr-cDXGF-2SpClgHtg-Cnst,None,,None,NE-HV_AirDist-SupFanMtr-cDXGF-2SpClgHtg-VFDExMtr,None,,,Each
NE-HVAC-Unitary-addVFDPMMtr,Asm,Ex,CZ03,cDXGF,0,NE-HV_AirDist-SupFanMtr-cDXGF-2SpClgHtg-Cnst,None,,None,NE-HV_AirDist-SupFanMtr-cDXGF-2SpClgHtg-VFDPMMtr,None,,,Each
NE-HVAC-Unitary-addVFDStdMtr,Asm,Ex,CZ03,cDXGF,0,NE-HV_AirDist-SupFanMtr-cDXGF-2SpClgHtg-Cnst,None,,None,NE-HV_AirDist-SupFanMtr-cDXGF-2SpClgHtg-VFDStdMtr,None,,,Each
NE-HVAC-Unitary-addVFDExMtr,Asm,Ex,CZ02,cDXGF,0,NE-HV_AirDist-SupFanMtr-cDXGF-2SpClgHtg-Cnst,None,,None,NE-HV_AirDist-SupFanMtr-cDXGF-2SpClgHtg-VFDExMtr,None,,,Each
NE-HVAC-Unitary-addVFDPMMtr,Asm,Ex,CZ02,cDXGF,0,NE-HV_AirDist-SupFanMtr-cDXGF-2SpClgHtg-Cnst,None,,None,NE-HV_AirDist-SupFanMtr-cDXGF-2SpClgHtg-VFDPMMtr,None,,,Each
NE-HVAC-Unitary-addVFDStdMtr,Asm,Ex,CZ02,cDXGF,0,NE-HV_AirDist-SupFanMtr-cDXGF-2SpClgHtg-Cnst,None,,None,NE-HV_AirDist-SupFanMtr-cDXGF-2SpClgHtg-VFDStdMtr,None,,,Each
NE-HVAC-Unitary-addVFDExMtr,Asm,Ex,CZ01,cDXGF,0,NE-HV_AirDist-SupFanMtr-cDXGF-2SpClgHtg-Cnst,None,,None,NE-HV_AirDist-SupFanMtr-cDXGF-2SpClgHtg-VFDExMtr,None,,,Each
NE-HVAC-Unitary-addVFDPMMtr,Asm,Ex,CZ01,cDXGF,0,NE-HV_AirDist-SupFanMtr-cDXGF-2SpClgHtg-Cnst,None,,None,NE-HV_AirDist-SupFanMtr-cDXGF-2SpClgHtg-VFDPMMtr,None,,,Each
NE-HVAC-Unitary-addVFDStdMtr,Asm,Ex,CZ01,cDXGF,0,NE-HV_AirDist-SupFanMtr-cDXGF-2SpClgHtg-Cnst,None,,None,NE-HV_AirDist-SupFanMtr-cDXGF-2SpClgHtg-VFDStdMtr,None,,,Each
NE-HVAC-Unitary-addVFDExMtr,Htl,Ex,CZ01,cDXGF,0,NE-HV_AirDist-SupFanMtr-cDXGF-2SpClgHtg-Cnst,None,,None,NE-HV_AirDist-SupFanMtr-cDXGF-2SpClgHtg-VFDExMtr,None,,,Each
NE-HVAC-Unitary-addVFDStdMtr,Htl,Ex,CZ01,cDXGF,0,NE-HV_AirDist-SupFanMtr-cDXGF-2SpClgHtg-Cnst,None,,None,NE-HV_AirDist-SupFanMtr-cDXGF-2SpClgHtg-VFDStdMtr,None,,,Each
NE-HVAC-Unitary-addVFDPMMtr,Htl,Ex,CZ01,cDXGF,0,NE-HV_AirDist-SupFanMtr-cDXGF-2SpClgHtg-Cnst,None,,None,NE-HV_AirDist-SupFanMtr-cDXGF-2SpClgHtg-VFDPMMtr,None,,,Each
NE-HVAC-Unitary-addVFDExMtr,Htl,Ex,CZ02,cDXGF,0,NE-HV_AirDist-SupFanMtr-cDXGF-2SpClgHtg-Cnst,None,,None,NE-HV_AirDist-SupFanMtr-cDXGF-2SpClgHtg-VFDExMtr,None,,,Each
NE-HVAC-Unitary-addVFDStdMtr,Htl,Ex,CZ02,cDXGF,0,NE-HV_AirDist-SupFanMtr-cDXGF-2SpClgHtg-Cnst,None,,None,NE-HV_AirDist-SupFanMtr-cDXGF-2SpClgHtg-VFDStdMtr,None,,,Each
NE-HVAC-Unitary-addVFDPMMtr,Htl,Ex,CZ02,cDXGF,0,NE-HV_AirDist-SupFanMtr-cDXGF-2SpClgHtg-Cnst,None,,None,NE-HV_AirDist-SupFanMtr-cDXGF-2SpClgHtg-VFDPMMtr,None,,,Each
NE-HVAC-Unitary-addVFDExMtr,Htl,Ex,CZ03,cDXGF,0,NE-HV_AirDist-SupFanMtr-cDXGF-2SpClgHtg-Cnst,None,,None,NE-HV_AirDist-SupFanMtr-cDXGF-2SpClgHtg-VFDExMtr,None,,,Each
NE-HVAC-Unitary-addVFDStdMtr,Htl,Ex,CZ03,cDXGF,0,NE-HV_AirDist-SupFanMtr-cDXGF-2SpClgHtg-Cnst,None,,None,NE-HV_AirDist-SupFanMtr-cDXGF-2SpClgHtg-VFDStdMtr,None,,,Each
NE-HVAC-Unitary-addVFDPMMtr,Htl,Ex,CZ03,cDXGF,0,NE-HV_AirDist-SupFanMtr-cDXGF-2SpClgHtg-Cnst,None,,None,NE-HV_AirDist-SupFanMtr-cDXGF-2SpClgHtg-VFDPMMtr,None,,,Each
NE-HVAC-Unitary-addVFDExMtr,Htl,Ex,CZ04,cDXGF,0,NE-HV_AirDist-SupFanMtr-cDXGF-2SpClgHtg-Cnst,None,,None,NE-HV_AirDist-SupFanMtr-cDXGF-2SpClgHtg-VFDExMtr,None,,,Each
NE-HVAC-Unitary-addVFDStdMtr,Htl,Ex,CZ04,cDXGF,0,NE-HV_AirDist-SupFanMtr-cDXGF-2SpClgHtg-Cnst,None,,None,NE-HV_AirDist-SupFanMtr-cDXGF-2SpClgHtg-VFDStdMtr,None,,,Each
NE-HVAC-Unitary-addVFDPMMtr,Htl,Ex,CZ04,cDXGF,0,NE-HV_AirDist-SupFanMtr-cDXGF-2SpClgHtg-Cnst,None,,None,NE-HV_AirDist-SupFanMtr-cDXGF-2SpClgHtg-VFDPMMtr,None,,,Each
NE-HVAC-Unitary-addVFDExMtr,Htl,Ex,CZ05,cDXGF,0,NE-HV_AirDist-SupFanMtr-cDXGF-2SpClgHtg-Cnst,None,,None,NE-HV_AirDist-SupFanMtr-cDXGF-2SpClgHtg-VFDExMtr,None,,,Each
NE-HVAC-Unitary-addVFDStdMtr,Htl,Ex,CZ05,cDXGF,0,NE-HV_AirDist-SupFanMtr-cDXGF-2SpClgHtg-Cnst,None,,None,NE-HV_AirDist-SupFanMtr-cDXGF-2SpClgHtg-VFDStdMtr,None,,,Each
NE-HVAC-Unitary-addVFDPMMtr,Htl,Ex,CZ05,cDXGF,0,NE-HV_AirDist-SupFanMtr-cDXGF-2SpClgHtg-Cnst,None,,None,NE-HV_AirDist-SupFanMtr-cDXGF-2SpClgHtg-VFDPMMtr,None,,,Each
NE-HVAC-Unitary-addVFDExMtr,Htl,Ex,CZ06,cDXGF,0,NE-HV_AirDist-SupFanMtr-cDXGF-2SpClgHtg-Cnst,None,,None,NE-HV_AirDist-SupFanMtr-cDXGF-2SpClgHtg-VFDExMtr,None,,,Each
NE-HVAC-Unitary-addVFDStdMtr,Htl,Ex,CZ06,cDXGF,0,NE-HV_AirDist-SupFanMtr-cDXGF-2SpClgHtg-Cnst,None,,None,NE-HV_AirDist-SupFanMtr-cDXGF-2SpClgHtg-VFDStdMtr,None,,,Each
NE-HVAC-Unitary-addVFDPMMtr,Htl,Ex,CZ06,cDXGF,0,NE-HV_AirDist-SupFanMtr-cDXGF-2SpClgHtg-Cnst,None,,None,NE-HV_AirDist-SupFanMtr-cDXGF-2SpClgHtg-VFDPMMtr,None,,,Each
NE-HVAC-Unitary-addVFDExMtr,Htl,Ex,CZ07,cDXGF,0,NE-HV_AirDist-SupFanMtr-cDXGF-2SpClgHtg-Cnst,None,,None,NE-HV_AirDist-SupFanMtr-cDXGF-2SpClgHtg-VFDExMtr,None,,,Each
NE-HVAC-Unitary-addVFDStdMtr,Htl,Ex,CZ07,cDXGF,0,NE-HV_AirDist-SupFanMtr-cDXGF-2SpClgHtg-Cnst,None,,None,NE-HV_AirDist-SupFanMtr-cDXGF-2SpClgHtg-VFDStdMtr,None,,,Each
NE-HVAC-Unitary-addVFDPMMtr,Htl,Ex,CZ07,cDXGF,0,NE-HV_AirDist-SupFanMtr-cDXGF-2SpClgHtg-Cnst,None,,None,NE-HV_AirDist-SupFanMtr-cDXGF-2SpClgHtg-VFDPMMtr,None,,,Each
NE-HVAC-Unitary-addVFDExMtr,Htl,Ex,CZ08,cDXGF,0,NE-HV_AirDist-SupFanMtr-cDXGF-2SpClgHtg-Cnst,None,,None,NE-HV_AirDist-SupFanMtr-cDXGF-2SpClgHtg-VFDExMtr,None,,,Each
NE-HVAC-Unitary-addVFDStdMtr,Htl,Ex,CZ08,cDXGF,0,NE-HV_AirDist-SupFanMtr-cDXGF-2SpClgHtg-Cnst,None,,None,NE-HV_AirDist-SupFanMtr-cDXGF-2SpClgHtg-VFDStdMtr,None,,,Each
NE-HVAC-Unitary-addVFDPMMtr,Htl,Ex,CZ08,cDXGF,0,NE-HV_AirDist-SupFanMtr-cDXGF-2SpClgHtg-Cnst,None,,None,NE-HV_AirDist-SupFanMtr-cDXGF-2SpClgHtg-VFDPMMtr,None,,,Each
NE-HVAC-Unitary-addVFDExMtr,Htl,Ex,CZ09,cDXGF,0,NE-HV_AirDist-SupFanMtr-cDXGF-2SpClgHtg-Cnst,None,,None,NE-HV_AirDist-SupFanMtr-cDXGF-2SpClgHtg-VFDExMtr,None,,,Each
NE-HVAC-Unitary-addVFDStdMtr,Htl,Ex,CZ09,cDXGF,0,NE-HV_AirDist-SupFanMtr-cDXGF-2SpClgHtg-Cnst,None,,None,NE-HV_AirDist-SupFanMtr-cDXGF-2SpClgHtg-VFDStdMtr,None,,,Each
NE-HVAC-Unitary-addVFDPMMtr,Htl,Ex,CZ09,cDXGF,0,NE-HV_AirDist-SupFanMtr-cDXGF-2SpClgHtg-Cnst,None,,None,NE-HV_AirDist-SupFanMtr-cDXGF-2SpClgHtg-VFDPMMtr,None,,,Each
NE-HVAC-Unitary-addVFDExMtr,Htl,Ex,CZ10,cDXGF,0,NE-HV_AirDist-SupFanMtr-cDXGF-2SpClgHtg-Cnst,None,,None,NE-HV_AirDist-SupFanMtr-cDXGF-2SpClgHtg-VFDExMtr,None,,,Each
NE-HVAC-Unitary-addVFDStdMtr,Htl,Ex,CZ10,cDXGF,0,NE-HV_AirDist-SupFanMtr-cDXGF-2SpClgHtg-Cnst,None,,None,NE-HV_AirDist-SupFanMtr-cDXGF-2SpClgHtg-VFDStdMtr,None,,,Each
NE-HVAC-Unitary-addVFDPMMtr,Htl,Ex,CZ10,cDXGF,0,NE-HV_AirDist-SupFanMtr-cDXGF-2SpClgHtg-Cnst,None,,None,NE-HV_AirDist-SupFanMtr-cDXGF-2SpClgHtg-VFDPMMtr,None,,,Each
NE-HVAC-Unitary-addVFDExMtr,Htl,Ex,CZ11,cDXGF,0,NE-HV_AirDist-SupFanMtr-cDXGF-2SpClgHtg-Cnst,None,,None,NE-HV_AirDist-SupFanMtr-cDXGF-2SpClgHtg-VFDExMtr,None,,,Each
NE-HVAC-Unitary-addVFDStdMtr,Htl,Ex,CZ11,cDXGF,0,NE-HV_AirDist-SupFanMtr-cDXGF-2SpClgHtg-Cnst,None,,None,NE-HV_AirDist-SupFanMtr-cDXGF-2SpClgHtg-VFDStdMtr,None,,,Each
NE-HVAC-Unitary-addVFDPMMtr,Htl,Ex,CZ11,cDXGF,0,NE-HV_AirDist-SupFanMtr-cDXGF-2SpClgHtg-Cnst,None,,None,NE-HV_AirDist-SupFanMtr-cDXGF-2SpClgHtg-VFDPMMtr,None,,,Each
NE-HVAC-Unitary-addVFDExMtr,Htl,Ex,CZ12,cDXGF,0,NE-HV_AirDist-SupFanMtr-cDXGF-2SpClgHtg-Cnst,None,,None,NE-HV_AirDist-SupFanMtr-cDXGF-2SpClgHtg-VFDExMtr,None,,,Each
NE-HVAC-Unitary-addVFDStdMtr,Htl,Ex,CZ12,cDXGF,0,NE-HV_AirDist-SupFanMtr-cDXGF-2SpClgHtg-Cnst,None,,None,NE-HV_AirDist-SupFanMtr-cDXGF-2SpClgHtg-VFDStdMtr,None,,,Each
NE-HVAC-Unitary-addVFDPMMtr,Htl,Ex,CZ12,cDXGF,0,NE-HV_AirDist-SupFanMtr-cDXGF-2SpClgHtg-Cnst,None,,None,NE-HV_AirDist-SupFanMtr-cDXGF-2SpClgHtg-VFDPMMtr,None,,,Each
NE-HVAC-Unitary-addVFDExMtr,Htl,Ex,CZ13,cDXGF,0,NE-HV_AirDist-SupFanMtr-cDXGF-2SpClgHtg-Cnst,None,,None,NE-HV_AirDist-SupFanMtr-cDXGF-2SpClgHtg-VFDExMtr,None,,,Each
NE-HVAC-Unitary-addVFDStdMtr,Htl,Ex,CZ13,cDXGF,0,NE-HV_AirDist-SupFanMtr-cDXGF-2SpClgHtg-Cnst,None,,None,NE-HV_AirDist-SupFanMtr-cDXGF-2SpClgHtg-VFDStdMtr,None,,,Each
NE-HVAC-Unitary-addVFDPMMtr,Htl,Ex,CZ13,cDXGF,0,NE-HV_AirDist-SupFanMtr-cDXGF-2SpClgHtg-Cnst,None,,None,NE-HV_AirDist-SupFanMtr-cDXGF-2SpClgHtg-VFDPMMtr,None,,,Each
NE-HVAC-Unitary-addVFDExMtr,Htl,Ex,CZ14,cDXGF,0,NE-HV_AirDist-SupFanMtr-cDXGF-2SpClgHtg-Cnst,None,,None,NE-HV_AirDist-SupFanMtr-cDXGF-2SpClgHtg-VFDExMtr,None,,,Each
NE-HVAC-Unitary-addVFDStdMtr,Htl,Ex,CZ14,cDXGF,0,NE-HV_AirDist-SupFanMtr-cDXGF-2SpClgHtg-Cnst,None,,None,NE-HV_AirDist-SupFanMtr-cDXGF-2SpClgHtg-VFDStdMtr,None,,,Each
NE-HVAC-Unitary-addVFDPMMtr,Htl,Ex,CZ14,cDXGF,0,NE-HV_AirDist-SupFanMtr-cDXGF-2SpClgHtg-Cnst,None,,None,NE-HV_AirDist-SupFanMtr-cDXGF-2SpClgHtg-VFDPMMtr,None,,,Each
NE-HVAC-Unitary-addVFDExMtr,Htl,Ex,CZ15,cDXGF,0,NE-HV_AirDist-SupFanMtr-cDXGF-2SpClgHtg-Cnst,None,,None,NE-HV_AirDist-SupFanMtr-cDXGF-2SpClgHtg-VFDExMtr,None,,,Each
NE-HVAC-Unitary-addVFDStdMtr,Htl,Ex,CZ15,cDXGF,0,NE-HV_AirDist-SupFanMtr-cDXGF-2SpClgHtg-Cnst,None,,None,NE-HV_AirDist-SupFanMtr-cDXGF-2SpClgHtg-VFDStdMtr,None,,,Each
NE-HVAC-Unitary-addVFDPMMtr,Htl,Ex,CZ15,cDXGF,0,NE-HV_AirDist-SupFanMtr-cDXGF-2SpClgHtg-Cnst,None,,None,NE-HV_AirDist-SupFanMtr-cDXGF-2SpClgHtg-VFDPMMtr,None,,,Each
NE-HVAC-Unitary-addVFDExMtr,Htl,Ex,CZ16,cDXGF,0,NE-HV_AirDist-SupFanMtr-cDXGF-2SpClgHtg-Cnst,None,,None,NE-HV_AirDist-SupFanMtr-cDXGF-2SpClgHtg-VFDExMtr,None,,,Each
NE-HVAC-Unitary-addVFDStdMtr,Htl,Ex,CZ16,cDXGF,0,NE-HV_AirDist-SupFanMtr-cDXGF-2SpClgHtg-Cnst,None,,None,NE-HV_AirDist-SupFanMtr-cDXGF-2SpClgHtg-VFDStdMtr,None,,,Each
NE-HVAC-Unitary-addVFDPMMtr,Htl,Ex,CZ16,cDXGF,0,NE-HV_AirDist-SupFanMtr-cDXGF-2SpClgHtg-Cnst,None,,None,NE-HV_AirDist-SupFanMtr-cDXGF-2SpClgHtg-VFDPMMtr,None,,,Each
NE-HVAC-Unitary-addVFDExMtr,Htl,Ex,CZ01,cDXHP,0,NE-HV_AirDist-SupFanMtr-cDXHP-2SpClgHtg-Cnst,None,,None,NE-HV_AirDist-SupFanMtr-cDXHP-2SpClgHtg-VFDExMtr,None,,,Each
NE-HVAC-Unitary-addVFDStdMtr,Htl,Ex,CZ01,cDXHP,0,NE-HV_AirDist-SupFanMtr-cDXHP-2SpClgHtg-Cnst,None,,None,NE-HV_AirDist-SupFanMtr-cDXHP-2SpClgHtg-VFDStdMtr,None,,,Each
NE-HVAC-Unitary-addVFDPMMtr,Htl,Ex,CZ01,cDXHP,0,NE-HV_AirDist-SupFanMtr-cDXHP-2SpClgHtg-Cnst,None,,None,NE-HV_AirDist-SupFanMtr-cDXHP-2SpClgHtg-VFDPMMtr,None,,,Each
NE-HVAC-Unitary-addVFDExMtr,Htl,Ex,CZ02,cDXHP,0,NE-HV_AirDist-SupFanMtr-cDXHP-2SpClgHtg-Cnst,None,,None,NE-HV_AirDist-SupFanMtr-cDXHP-2SpClgHtg-VFDExMtr,None,,,Each
NE-HVAC-Unitary-addVFDStdMtr,Htl,Ex,CZ02,cDXHP,0,NE-HV_AirDist-SupFanMtr-cDXHP-2SpClgHtg-Cnst,None,,None,NE-HV_AirDist-SupFanMtr-cDXHP-2SpClgHtg-VFDStdMtr,None,,,Each
NE-HVAC-Unitary-addVFDPMMtr,Htl,Ex,CZ02,cDXHP,0,NE-HV_AirDist-SupFanMtr-cDXHP-2SpClgHtg-Cnst,None,,None,NE-HV_AirDist-SupFanMtr-cDXHP-2SpClgHtg-VFDPMMtr,None,,,Each
NE-HVAC-Unitary-addVFDExMtr,Htl,Ex,CZ03,cDXHP,0,NE-HV_AirDist-SupFanMtr-cDXHP-2SpClgHtg-Cnst,None,,None,NE-HV_AirDist-SupFanMtr-cDXHP-2SpClgHtg-VFDExMtr,None,,,Each
NE-HVAC-Unitary-addVFDStdMtr,Htl,Ex,CZ03,cDXHP,0,NE-HV_AirDist-SupFanMtr-cDXHP-2SpClgHtg-Cnst,None,,None,NE-HV_AirDist-SupFanMtr-cDXHP-2SpClgHtg-VFDStdMtr,None,,,Each
NE-HVAC-Unitary-addVFDPMMtr,Htl,Ex,CZ03,cDXHP,0,NE-HV_AirDist-SupFanMtr-cDXHP-2SpClgHtg-Cnst,None,,None,NE-HV_AirDist-SupFanMtr-cDXHP-2SpClgHtg-VFDPMMtr,None,,,Each
NE-HVAC-Unitary-addVFDExMtr,Htl,Ex,CZ04,cDXHP,0,NE-HV_AirDist-SupFanMtr-cDXHP-2SpClgHtg-Cnst,None,,None,NE-HV_AirDist-SupFanMtr-cDXHP-2SpClgHtg-VFDExMtr,None,,,Each
NE-HVAC-Unitary-addVFDStdMtr,Htl,Ex,CZ04,cDXHP,0,NE-HV_AirDist-SupFanMtr-cDXHP-2SpClgHtg-Cnst,None,,None,NE-HV_AirDist-SupFanMtr-cDXHP-2SpClgHtg-VFDStdMtr,None,,,Each
NE-HVAC-Unitary-addVFDPMMtr,Htl,Ex,CZ04,cDXHP,0,NE-HV_AirDist-SupFanMtr-cDXHP-2SpClgHtg-Cnst,None,,None,NE-HV_AirDist-SupFanMtr-cDXHP-2SpClgHtg-VFDPMMtr,None,,,Each
NE-HVAC-Unitary-addVFDExMtr,Htl,Ex,CZ05,cDXHP,0,NE-HV_AirDist-SupFanMtr-cDXHP-2SpClgHtg-Cnst,None,,None,NE-HV_AirDist-SupFanMtr-cDXHP-2SpClgHtg-VFDExMtr,None,,,Each
NE-HVAC-Unitary-addVFDStdMtr,Htl,Ex,CZ05,cDXHP,0,NE-HV_AirDist-SupFanMtr-cDXHP-2SpClgHtg-Cnst,None,,None,NE-HV_AirDist-SupFanMtr-cDXHP-2SpClgHtg-VFDStdMtr,None,,,Each
NE-HVAC-Unitary-addVFDPMMtr,Htl,Ex,CZ05,cDXHP,0,NE-HV_AirDist-SupFanMtr-cDXHP-2SpClgHtg-Cnst,None,,None,NE-HV_AirDist-SupFanMtr-cDXHP-2SpClgHtg-VFDPMMtr,None,,,Each
NE-HVAC-Unitary-addVFDExMtr,Htl,Ex,CZ06,cDXHP,0,NE-HV_AirDist-SupFanMtr-cDXHP-2SpClgHtg-Cnst,None,,None,NE-HV_AirDist-SupFanMtr-cDXHP-2SpClgHtg-VFDExMtr,None,,,Each
NE-HVAC-Unitary-addVFDStdMtr,Htl,Ex,CZ06,cDXHP,0,NE-HV_AirDist-SupFanMtr-cDXHP-2SpClgHtg-Cnst,None,,None,NE-HV_AirDist-SupFanMtr-cDXHP-2SpClgHtg-VFDStdMtr,None,,,Each
NE-HVAC-Unitary-addVFDPMMtr,Htl,Ex,CZ06,cDXHP,0,NE-HV_AirDist-SupFanMtr-cDXHP-2SpClgHtg-Cnst,None,,None,NE-HV_AirDist-SupFanMtr-cDXHP-2SpClgHtg-VFDPMMtr,None,,,Each
NE-HVAC-Unitary-addVFDExMtr,Htl,Ex,CZ07,cDXHP,0,NE-HV_AirDist-SupFanMtr-cDXHP-2SpClgHtg-Cnst,None,,None,NE-HV_AirDist-SupFanMtr-cDXHP-2SpClgHtg-VFDExMtr,None,,,Each
NE-HVAC-Unitary-addVFDStdMtr,Htl,Ex,CZ07,cDXHP,0,NE-HV_AirDist-SupFanMtr-cDXHP-2SpClgHtg-Cnst,None,,None,NE-HV_AirDist-SupFanMtr-cDXHP-2SpClgHtg-VFDStdMtr,None,,,Each
NE-HVAC-Unitary-addVFDPMMtr,Htl,Ex,CZ07,cDXHP,0,NE-HV_AirDist-SupFanMtr-cDXHP-2SpClgHtg-Cnst,None,,None,NE-HV_AirDist-SupFanMtr-cDXHP-2SpClgHtg-VFDPMMtr,None,,,Each
NE-HVAC-Unitary-addVFDExMtr,Htl,Ex,CZ08,cDXHP,0,NE-HV_AirDist-SupFanMtr-cDXHP-2SpClgHtg-Cnst,None,,None,NE-HV_AirDist-SupFanMtr-cDXHP-2SpClgHtg-VFDExMtr,None,,,Each
NE-HVAC-Unitary-addVFDStdMtr,Htl,Ex,CZ08,cDXHP,0,NE-HV_AirDist-SupFanMtr-cDXHP-2SpClgHtg-Cnst,None,,None,NE-HV_AirDist-SupFanMtr-cDXHP-2SpClgHtg-VFDStdMtr,None,,,Each
NE-HVAC-Unitary-addVFDPMMtr,Htl,Ex,CZ08,cDXHP,0,NE-HV_AirDist-SupFanMtr-cDXHP-2SpClgHtg-Cnst,None,,None,NE-HV_AirDist-SupFanMtr-cDXHP-2SpClgHtg-VFDPMMtr,None,,,Each
NE-HVAC-Unitary-addVFDExMtr,Htl,Ex,CZ09,cDXHP,0,NE-HV_AirDist-SupFanMtr-cDXHP-2SpClgHtg-Cnst,None,,None,NE-HV_AirDist-SupFanMtr-cDXHP-2SpClgHtg-VFDExMtr,None,,,Each
NE-HVAC-Unitary-addVFDStdMtr,Htl,Ex,CZ09,cDXHP,0,NE-HV_AirDist-SupFanMtr-cDXHP-2SpClgHtg-Cnst,None,,None,NE-HV_AirDist-SupFanMtr-cDXHP-2SpClgHtg-VFDStdMtr,None,,,Each
NE-HVAC-Unitary-addVFDPMMtr,Htl,Ex,CZ09,cDXHP,0,NE-HV_AirDist-SupFanMtr-cDXHP-2SpClgHtg-Cnst,None,,None,NE-HV_AirDist-SupFanMtr-cDXHP-2SpClgHtg-VFDPMMtr,None,,,Each
NE-HVAC-Unitary-addVFDExMtr,Htl,Ex,CZ10,cDXHP,0,NE-HV_AirDist-SupFanMtr-cDXHP-2SpClgHtg-Cnst,None,,None,NE-HV_AirDist-SupFanMtr-cDXHP-2SpClgHtg-VFDExMtr,None,,,Each
NE-HVAC-Unitary-addVFDStdMtr,Htl,Ex,CZ10,cDXHP,0,NE-HV_AirDist-SupFanMtr-cDXHP-2SpClgHtg-Cnst,None,,None,NE-HV_AirDist-SupFanMtr-cDXHP-2SpClgHtg-VFDStdMtr,None,,,Each
NE-HVAC-Unitary-addVFDPMMtr,Htl,Ex,CZ10,cDXHP,0,NE-HV_AirDist-SupFanMtr-cDXHP-2SpClgHtg-Cnst,None,,None,NE-HV_AirDist-SupFanMtr-cDXHP-2SpClgHtg-VFDPMMtr,None,,,Each
NE-HVAC-Unitary-addVFDExMtr,Htl,Ex,CZ11,cDXHP,0,NE-HV_AirDist-SupFanMtr-cDXHP-2SpClgHtg-Cnst,None,,None,NE-HV_AirDist-SupFanMtr-cDXHP-2SpClgHtg-VFDExMtr,None,,,Each
NE-HVAC-Unitary-addVFDStdMtr,Htl,Ex,CZ11,cDXHP,0,NE-HV_AirDist-SupFanMtr-cDXHP-2SpClgHtg-Cnst,None,,None,NE-HV_AirDist-SupFanMtr-cDXHP-2SpClgHtg-VFDStdMtr,None,,,Each
NE-HVAC-Unitary-addVFDPMMtr,Htl,Ex,CZ11,cDXHP,0,NE-HV_AirDist-SupFanMtr-cDXHP-2SpClgHtg-Cnst,None,,None,NE-HV_AirDist-SupFanMtr-cDXHP-2SpClgHtg-VFDPMMtr,None,,,Each
NE-HVAC-Unitary-addVFDExMtr,Htl,Ex,CZ12,cDXHP,0,NE-HV_AirDist-SupFanMtr-cDXHP-2SpClgHtg-Cnst,None,,None,NE-HV_AirDist-SupFanMtr-cDXHP-2SpClgHtg-VFDExMtr,None,,,Each
NE-HVAC-Unitary-addVFDStdMtr,Htl,Ex,CZ12,cDXHP,0,NE-HV_AirDist-SupFanMtr-cDXHP-2SpClgHtg-Cnst,None,,None,NE-HV_AirDist-SupFanMtr-cDXHP-2SpClgHtg-VFDStdMtr,None,,,Each
NE-HVAC-Unitary-addVFDPMMtr,Htl,Ex,CZ12,cDXHP,0,NE-HV_AirDist-SupFanMtr-cDXHP-2SpClgHtg-Cnst,None,,None,NE-HV_AirDist-SupFanMtr-cDXHP-2SpClgHtg-VFDPMMtr,None,,,Each
NE-HVAC-Unitary-addVFDExMtr,Htl,Ex,CZ13,cDXHP,0,NE-HV_AirDist-SupFanMtr-cDXHP-2SpClgHtg-Cnst,None,,None,NE-HV_AirDist-SupFanMtr-cDXHP-2SpClgHtg-VFDExMtr,None,,,Each
NE-HVAC-Unitary-addVFDStdMtr,Htl,Ex,CZ13,cDXHP,0,NE-HV_AirDist-SupFanMtr-cDXHP-2SpClgHtg-Cnst,None,,None,NE-HV_AirDist-SupFanMtr-cDXHP-2SpClgHtg-VFDStdMtr,None,,,Each
NE-HVAC-Unitary-addVFDPMMtr,Htl,Ex,CZ13,cDXHP,0,NE-HV_AirDist-SupFanMtr-cDXHP-2SpClgHtg-Cnst,None,,None,NE-HV_AirDist-SupFanMtr-cDXHP-2SpClgHtg-VFDPMMtr,None,,,Each
NE-HVAC-Unitary-addVFDExMtr,Htl,Ex,CZ14,cDXHP,0,NE-HV_AirDist-SupFanMtr-cDXHP-2SpClgHtg-Cnst,None,,None,NE-HV_AirDist-SupFanMtr-cDXHP-2SpClgHtg-VFDExMtr,None,,,Each
NE-HVAC-Unitary-addVFDStdMtr,Htl,Ex,CZ14,cDXHP,0,NE-HV_AirDist-SupFanMtr-cDXHP-2SpClgHtg-Cnst,None,,None,NE-HV_AirDist-SupFanMtr-cDXHP-2SpClgHtg-VFDStdMtr,None,,,Each
NE-HVAC-Unitary-addVFDPMMtr,Htl,Ex,CZ14,cDXHP,0,NE-HV_AirDist-SupFanMtr-cDXHP-2SpClgHtg-Cnst,None,,None,NE-HV_AirDist-SupFanMtr-cDXHP-2SpClgHtg-VFDPMMtr,None,,,Each
NE-HVAC-Unitary-addVFDExMtr,Htl,Ex,CZ15,cDXHP,0,NE-HV_AirDist-SupFanMtr-cDXHP-2SpClgHtg-Cnst,None,,None,NE-HV_AirDist-SupFanMtr-cDXHP-2SpClgHtg-VFDExMtr,None,,,Each
NE-HVAC-Unitary-addVFDStdMtr,Htl,Ex,CZ15,cDXHP,0,NE-HV_AirDist-SupFanMtr-cDXHP-2SpClgHtg-Cnst,None,,None,NE-HV_AirDist-SupFanMtr-cDXHP-2SpClgHtg-VFDStdMtr,None,,,Each
NE-HVAC-Unitary-addVFDPMMtr,Htl,Ex,CZ15,cDXHP,0,NE-HV_AirDist-SupFanMtr-cDXHP-2SpClgHtg-Cnst,None,,None,NE-HV_AirDist-SupFanMtr-cDXHP-2SpClgHtg-VFDPMMtr,None,,,Each
NE-HVAC-Unitary-addVFDExMtr,Htl,Ex,CZ16,cDXHP,0,NE-HV_AirDist-SupFanMtr-cDXHP-2SpClgHtg-Cnst,None,,None,NE-HV_AirDist-SupFanMtr-cDXHP-2SpClgHtg-VFDExMtr,None,,,Each
NE-HVAC-Unitary-addVFDStdMtr,Htl,Ex,CZ16,cDXHP,0,NE-HV_AirDist-SupFanMtr-cDXHP-2SpClgHtg-Cnst,None,,None,NE-HV_AirDist-SupFanMtr-cDXHP-2SpClgHtg-VFDStdMtr,None,,,Each
NE-HVAC-Unitary-addVFDPMMtr,Htl,Ex,CZ16,cDXHP,0,NE-HV_AirDist-SupFanMtr-cDXHP-2SpClgHtg-Cnst,None,,None,NE-HV_AirDist-SupFanMtr-cDXHP-2SpClgHtg-VFDPMMtr,None,,,Each
NE-HVAC-Unitary-addVFDExMtr,Htl,Ex,CZ01,cDXOH,0,NE-HV_AirDist-SupFanMtr-cDXOH-2SpClgHtg-Cnst,None,,None,NE-HV_AirDist-SupFanMtr-cDXOH-2SpClgHtg-VFDExMtr,None,,,Each
NE-HVAC-Unitary-addVFDStdMtr,Htl,Ex,CZ01,cDXOH,0,NE-HV_AirDist-SupFanMtr-cDXOH-2SpClgHtg-Cnst,None,,None,NE-HV_AirDist-SupFanMtr-cDXOH-2SpClgHtg-VFDStdMtr,None,,,Each
NE-HVAC-Unitary-addVFDPMMtr,Htl,Ex,CZ01,cDXOH,0,NE-HV_AirDist-SupFanMtr-cDXOH-2SpClgHtg-Cnst,None,,None,NE-HV_AirDist-SupFanMtr-cDXOH-2SpClgHtg-VFDPMMtr,None,,,Each
NE-HVAC-Unitary-addVFDExMtr,Htl,Ex,CZ02,cDXOH,0,NE-HV_AirDist-SupFanMtr-cDXOH-2SpClgHtg-Cnst,None,,None,NE-HV_AirDist-SupFanMtr-cDXOH-2SpClgHtg-VFDExMtr,None,,,Each
NE-HVAC-Unitary-addVFDStdMtr,Htl,Ex,CZ02,cDXOH,0,NE-HV_AirDist-SupFanMtr-cDXOH-2SpClgHtg-Cnst,None,,None,NE-HV_AirDist-SupFanMtr-cDXOH-2SpClgHtg-VFDStdMtr,None,,,Each
NE-HVAC-Unitary-addVFDPMMtr,Htl,Ex,CZ02,cDXOH,0,NE-HV_AirDist-SupFanMtr-cDXOH-2SpClgHtg-Cnst,None,,None,NE-HV_AirDist-SupFanMtr-cDXOH-2SpClgHtg-VFDPMMtr,None,,,Each
NE-HVAC-Unitary-addVFDExMtr,Htl,Ex,CZ03,cDXOH,0,NE-HV_AirDist-SupFanMtr-cDXOH-2SpClgHtg-Cnst,None,,None,NE-HV_AirDist-SupFanMtr-cDXOH-2SpClgHtg-VFDExMtr,None,,,Each
NE-HVAC-Unitary-addVFDStdMtr,Htl,Ex,CZ03,cDXOH,0,NE-HV_AirDist-SupFanMtr-cDXOH-2SpClgHtg-Cnst,None,,None,NE-HV_AirDist-SupFanMtr-cDXOH-2SpClgHtg-VFDStdMtr,None,,,Each
NE-HVAC-Unitary-addVFDPMMtr,Htl,Ex,CZ03,cDXOH,0,NE-HV_AirDist-SupFanMtr-cDXOH-2SpClgHtg-Cnst,None,,None,NE-HV_AirDist-SupFanMtr-cDXOH-2SpClgHtg-VFDPMMtr,None,,,Each
NE-HVAC-Unitary-addVFDExMtr,Htl,Ex,CZ04,cDXOH,0,NE-HV_AirDist-SupFanMtr-cDXOH-2SpClgHtg-Cnst,None,,None,NE-HV_AirDist-SupFanMtr-cDXOH-2SpClgHtg-VFDExMtr,None,,,Each
NE-HVAC-Unitary-addVFDStdMtr,Htl,Ex,CZ04,cDXOH,0,NE-HV_AirDist-SupFanMtr-cDXOH-2SpClgHtg-Cnst,None,,None,NE-HV_AirDist-SupFanMtr-cDXOH-2SpClgHtg-VFDStdMtr,None,,,Each
NE-HVAC-Unitary-addVFDPMMtr,Htl,Ex,CZ04,cDXOH,0,NE-HV_AirDist-SupFanMtr-cDXOH-2SpClgHtg-Cnst,None,,None,NE-HV_AirDist-SupFanMtr-cDXOH-2SpClgHtg-VFDPMMtr,None,,,Each
NE-HVAC-Unitary-addVFDExMtr,Htl,Ex,CZ05,cDXOH,0,NE-HV_AirDist-SupFanMtr-cDXOH-2SpClgHtg-Cnst,None,,None,NE-HV_AirDist-SupFanMtr-cDXOH-2SpClgHtg-VFDExMtr,None,,,Each
NE-HVAC-Unitary-addVFDStdMtr,Htl,Ex,CZ05,cDXOH,0,NE-HV_AirDist-SupFanMtr-cDXOH-2SpClgHtg-Cnst,None,,None,NE-HV_AirDist-SupFanMtr-cDXOH-2SpClgHtg-VFDStdMtr,None,,,Each
NE-HVAC-Unitary-addVFDPMMtr,Htl,Ex,CZ05,cDXOH,0,NE-HV_AirDist-SupFanMtr-cDXOH-2SpClgHtg-Cnst,None,,None,NE-HV_AirDist-SupFanMtr-cDXOH-2SpClgHtg-VFDPMMtr,None,,,Each
NE-HVAC-Unitary-addVFDExMtr,Htl,Ex,CZ06,cDXOH,0,NE-HV_AirDist-SupFanMtr-cDXOH-2SpClgHtg-Cnst,None,,None,NE-HV_AirDist-SupFanMtr-cDXOH-2SpClgHtg-VFDExMtr,None,,,Each
NE-HVAC-Unitary-addVFDStdMtr,Htl,Ex,CZ06,cDXOH,0,NE-HV_AirDist-SupFanMtr-cDXOH-2SpClgHtg-Cnst,None,,None,NE-HV_AirDist-SupFanMtr-cDXOH-2SpClgHtg-VFDStdMtr,None,,,Each
NE-HVAC-Unitary-addVFDPMMtr,Htl,Ex,CZ06,cDXOH,0,NE-HV_AirDist-SupFanMtr-cDXOH-2SpClgHtg-Cnst,None,,None,NE-HV_AirDist-SupFanMtr-cDXOH-2SpClgHtg-VFDPMMtr,None,,,Each
NE-HVAC-Unitary-addVFDExMtr,Htl,Ex,CZ07,cDXOH,0,NE-HV_AirDist-SupFanMtr-cDXOH-2SpClgHtg-Cnst,None,,None,NE-HV_AirDist-SupFanMtr-cDXOH-2SpClgHtg-VFDExMtr,None,,,Each
NE-HVAC-Unitary-addVFDStdMtr,Htl,Ex,CZ07,cDXOH,0,NE-HV_AirDist-SupFanMtr-cDXOH-2SpClgHtg-Cnst,None,,None,NE-HV_AirDist-SupFanMtr-cDXOH-2SpClgHtg-VFDStdMtr,None,,,Each
NE-HVAC-Unitary-addVFDPMMtr,Htl,Ex,CZ07,cDXOH,0,NE-HV_AirDist-SupFanMtr-cDXOH-2SpClgHtg-Cnst,None,,None,NE-HV_AirDist-SupFanMtr-cDXOH-2SpClgHtg-VFDPMMtr,None,,,Each
NE-HVAC-Unitary-addVFDExMtr,Htl,Ex,CZ08,cDXOH,0,NE-HV_AirDist-SupFanMtr-cDXOH-2SpClgHtg-Cnst,None,,None,NE-HV_AirDist-SupFanMtr-cDXOH-2SpClgHtg-VFDExMtr,None,,,Each
NE-HVAC-Unitary-addVFDStdMtr,Htl,Ex,CZ08,cDXOH,0,NE-HV_AirDist-SupFanMtr-cDXOH-2SpClgHtg-Cnst,None,,None,NE-HV_AirDist-SupFanMtr-cDXOH-2SpClgHtg-VFDStdMtr,None,,,Each
NE-HVAC-Unitary-addVFDPMMtr,Htl,Ex,CZ08,cDXOH,0,NE-HV_AirDist-SupFanMtr-cDXOH-2SpClgHtg-Cnst,None,,None,NE-HV_AirDist-SupFanMtr-cDXOH-2SpClgHtg-VFDPMMtr,None,,,Each
NE-HVAC-Unitary-addVFDExMtr,Htl,Ex,CZ09,cDXOH,0,NE-HV_AirDist-SupFanMtr-cDXOH-2SpClgHtg-Cnst,None,,None,NE-HV_AirDist-SupFanMtr-cDXOH-2SpClgHtg-VFDExMtr,None,,,Each
NE-HVAC-Unitary-addVFDStdMtr,Htl,Ex,CZ09,cDXOH,0,NE-HV_AirDist-SupFanMtr-cDXOH-2SpClgHtg-Cnst,None,,None,NE-HV_AirDist-SupFanMtr-cDXOH-2SpClgHtg-VFDStdMtr,None,,,Each
NE-HVAC-Unitary-addVFDPMMtr,Htl,Ex,CZ09,cDXOH,0,NE-HV_AirDist-SupFanMtr-cDXOH-2SpClgHtg-Cnst,None,,None,NE-HV_AirDist-SupFanMtr-cDXOH-2SpClgHtg-VFDPMMtr,None,,,Each
NE-HVAC-Unitary-addVFDExMtr,Htl,Ex,CZ10,cDXOH,0,NE-HV_AirDist-SupFanMtr-cDXOH-2SpClgHtg-Cnst,None,,None,NE-HV_AirDist-SupFanMtr-cDXOH-2SpClgHtg-VFDExMtr,None,,,Each
NE-HVAC-Unitary-addVFDStdMtr,Htl,Ex,CZ10,cDXOH,0,NE-HV_AirDist-SupFanMtr-cDXOH-2SpClgHtg-Cnst,None,,None,NE-HV_AirDist-SupFanMtr-cDXOH-2SpClgHtg-VFDStdMtr,None,,,Each
NE-HVAC-Unitary-addVFDPMMtr,Htl,Ex,CZ10,cDXOH,0,NE-HV_AirDist-SupFanMtr-cDXOH-2SpClgHtg-Cnst,None,,None,NE-HV_AirDist-SupFanMtr-cDXOH-2SpClgHtg-VFDPMMtr,None,,,Each
NE-HVAC-Unitary-addVFDExMtr,Htl,Ex,CZ11,cDXOH,0,NE-HV_AirDist-SupFanMtr-cDXOH-2SpClgHtg-Cnst,None,,None,NE-HV_AirDist-SupFanMtr-cDXOH-2SpClgHtg-VFDExMtr,None,,,Each
NE-HVAC-Unitary-addVFDStdMtr,Htl,Ex,CZ11,cDXOH,0,NE-HV_AirDist-SupFanMtr-cDXOH-2SpClgHtg-Cnst,None,,None,NE-HV_AirDist-SupFanMtr-cDXOH-2SpClgHtg-VFDStdMtr,None,,,Each
NE-HVAC-Unitary-addVFDPMMtr,Htl,Ex,CZ11,cDXOH,0,NE-HV_AirDist-SupFanMtr-cDXOH-2SpClgHtg-Cnst,None,,None,NE-HV_AirDist-SupFanMtr-cDXOH-2SpClgHtg-VFDPMMtr,None,,,Each
NE-HVAC-Unitary-addVFDExMtr,Htl,Ex,CZ12,cDXOH,0,NE-HV_AirDist-SupFanMtr-cDXOH-2SpClgHtg-Cnst,None,,None,NE-HV_AirDist-SupFanMtr-cDXOH-2SpClgHtg-VFDExMtr,None,,,Each
NE-HVAC-Unitary-addVFDStdMtr,Htl,Ex,CZ12,cDXOH,0,NE-HV_AirDist-SupFanMtr-cDXOH-2SpClgHtg-Cnst,None,,None,NE-HV_AirDist-SupFanMtr-cDXOH-2SpClgHtg-VFDStdMtr,None,,,Each
NE-HVAC-Unitary-addVFDPMMtr,Htl,Ex,CZ12,cDXOH,0,NE-HV_AirDist-SupFanMtr-cDXOH-2SpClgHtg-Cnst,None,,None,NE-HV_AirDist-SupFanMtr-cDXOH-2SpClgHtg-VFDPMMtr,None,,,Each
NE-HVAC-Unitary-addVFDExMtr,Htl,Ex,CZ13,cDXOH,0,NE-HV_AirDist-SupFanMtr-cDXOH-2SpClgHtg-Cnst,None,,None,NE-HV_AirDist-SupFanMtr-cDXOH-2SpClgHtg-VFDExMtr,None,,,Each
NE-HVAC-Unitary-addVFDStdMtr,Htl,Ex,CZ13,cDXOH,0,NE-HV_AirDist-SupFanMtr-cDXOH-2SpClgHtg-Cnst,None,,None,NE-HV_AirDist-SupFanMtr-cDXOH-2SpClgHtg-VFDStdMtr,None,,,Each
NE-HVAC-Unitary-addVFDPMMtr,Htl,Ex,CZ13,cDXOH,0,NE-HV_AirDist-SupFanMtr-cDXOH-2SpClgHtg-Cnst,None,,None,NE-HV_AirDist-SupFanMtr-cDXOH-2SpClgHtg-VFDPMMtr,None,,,Each
NE-HVAC-Unitary-addVFDExMtr,Htl,Ex,CZ14,cDXOH,0,NE-HV_AirDist-SupFanMtr-cDXOH-2SpClgHtg-Cnst,None,,None,NE-HV_AirDist-SupFanMtr-cDXOH-2SpClgHtg-VFDExMtr,None,,,Each
NE-HVAC-Unitary-addVFDStdMtr,Htl,Ex,CZ14,cDXOH,0,NE-HV_AirDist-SupFanMtr-cDXOH-2SpClgHtg-Cnst,None,,None,NE-HV_AirDist-SupFanMtr-cDXOH-2SpClgHtg-VFDStdMtr,None,,,Each
NE-HVAC-Unitary-addVFDPMMtr,Htl,Ex,CZ14,cDXOH,0,NE-HV_AirDist-SupFanMtr-cDXOH-2SpClgHtg-Cnst,None,,None,NE-HV_AirDist-SupFanMtr-cDXOH-2SpClgHtg-VFDPMMtr,None,,,Each
NE-HVAC-Unitary-addVFDExMtr,Htl,Ex,CZ15,cDXOH,0,NE-HV_AirDist-SupFanMtr-cDXOH-2SpClgHtg-Cnst,None,,None,NE-HV_AirDist-SupFanMtr-cDXOH-2SpClgHtg-VFDExMtr,None,,,Each
NE-HVAC-Unitary-addVFDStdMtr,Htl,Ex,CZ15,cDXOH,0,NE-HV_AirDist-SupFanMtr-cDXOH-2SpClgHtg-Cnst,None,,None,NE-HV_AirDist-SupFanMtr-cDXOH-2SpClgHtg-VFDStdMtr,None,,,Each
NE-HVAC-Unitary-addVFDPMMtr,Htl,Ex,CZ15,cDXOH,0,NE-HV_AirDist-SupFanMtr-cDXOH-2SpClgHtg-Cnst,None,,None,NE-HV_AirDist-SupFanMtr-cDXOH-2SpClgHtg-VFDPMMtr,None,,,Each
NE-HVAC-Unitary-addVFDExMtr,Htl,Ex,CZ16,cDXOH,0,NE-HV_AirDist-SupFanMtr-cDXOH-2SpClgHtg-Cnst,None,,None,NE-HV_AirDist-SupFanMtr-cDXOH-2SpClgHtg-VFDExMtr,None,,,Each
NE-HVAC-Unitary-addVFDStdMtr,Htl,Ex,CZ16,cDXOH,0,NE-HV_AirDist-SupFanMtr-cDXOH-2SpClgHtg-Cnst,None,,None,NE-HV_AirDist-SupFanMtr-cDXOH-2SpClgHtg-VFDStdMtr,None,,,Each
NE-HVAC-Unitary-addVFDPMMtr,Htl,Ex,CZ16,cDXOH,0,NE-HV_AirDist-SupFanMtr-cDXOH-2SpClgHtg-Cnst,None,,None,NE-HV_AirDist-SupFanMtr-cDXOH-2SpClgHtg-VFDPMMtr,None,,,Each
