TechID,SizingID,BldgType,BldgVint,BldgLoc,BldgHVAC,tstat,normunit,numunits,measarea,kwh_tot,kwh_ltg,kwh_task,kwh_equip,kwh_htg,kwh_clg,kwh_twr,kwh_aux,kwh_vent,kwh_venthtg,kwh_ventclg,kwh_refg,kwh_hpsup,kwh_shw,kwh_ext,thm_tot,thm_equip,thm_htg,thm_shw,deskw_ltg,deskw_equ,lastmod
NE-HV_AirDist-SupFanMtr-cDXOH-2SpClgHtg-Cnst,None,SCn,Ex,CZ16,cDXOH,0,Each,1.0,499990.41934355197,3469068.47,850055.03,0,449066.39,0.0,196622.17,0,0,1973321.52,0,0,0.0,0,0,0,3114.900341296928,0.0,0.0,3114.900341296928,1,1,2026-06-10 17:41:22.494414
NE-HV_AirDist-SupFanMtr-cDXOH-2SpClgHtg-Cnst,None,SCn,Ex,CZ15,cDXOH,0,Each,1.0,499990.41934355197,4351967.91,850055.03,0,449066.39,0.0,1360686.49,0,0,1692156.64,0,0,0.0,0,0,0,2227.945733788396,0.0,0.0,2227.945733788396,1,1,2026-06-10 17:41:22.494414
NE-HV_AirDist-SupFanMtr-cDXOH-2SpClgHtg-Cnst,None,SCn,Ex,CZ14,cDXOH,0,Each,1.0,499990.41934355197,3726836.64,850055.03,0,449066.39,0.0,695998.68,0,0,1731713.18,0,0,0.0,0,0,0,2717.4327645051194,0.0,0.0,2717.4327645051194,1,1,2026-06-10 17:41:22.494414
NE-HV_AirDist-SupFanMtr-cDXOH-2SpClgHtg-Cnst,None,SCn,Ex,CZ13,cDXOH,0,Each,1.0,499990.41934355197,3600418.09,850055.03,0,449066.39,0.0,725948.78,0,0,1575344.53,0,0,0.0,0,0,0,2641.867918088737,0.0,0.0,2641.867918088737,1,1,2026-06-10 17:41:22.494414
NE-HV_AirDist-SupFanMtr-cDXOH-2SpClgHtg-Cnst,None,SCn,Ex,CZ12,cDXOH,0,Each,1.0,499990.41934355197,3388534.5,850055.03,0,449066.39,0.0,448584.43,0,0,1640825.29,0,0,0.0,0,0,0,2822.49180887372,0.0,0.0,2822.49180887372,1,1,2026-06-10 17:41:22.494414
NE-HV_AirDist-SupFanMtr-cDXOH-2SpClgHtg-Cnst,None,SCn,Ex,CZ11,cDXOH,0,Each,1.0,499990.41934355197,3541205.77,850055.03,0,449066.39,0.0,670238.55,0,0,1571842.44,0,0,0.0,0,0,0,2696.5020477815697,0.0,0.0,2696.5020477815697,1,1,2026-06-10 17:41:22.494414
NE-HV_AirDist-SupFanMtr-cDXOH-2SpClgHtg-Cnst,None,SCn,Ex,CZ10,cDXOH,0,Each,1.0,499990.41934355197,3235700.63,850055.03,0,449066.39,0.0,568762.25,0,0,1367813.6,0,0,0.0,0,0,0,2629.674744027304,0.0,0.0,2629.674744027304,1,1,2026-06-10 17:41:22.494414
NE-HV_AirDist-SupFanMtr-cDXOH-2SpClgHtg-Cnst,None,SCn,Ex,CZ09,cDXOH,0,Each,1.0,499990.41934355197,3198213.02,850055.03,0,449066.39,0.0,497567.73,0,0,1401520.51,0,0,0.0,0,0,0,2663.734129692833,0.0,0.0,2663.734129692833,1,1,2026-06-10 17:41:22.494414
NE-HV_AirDist-SupFanMtr-cDXOH-2SpClgHtg-Cnst,None,SCn,Ex,CZ08,cDXOH,0,Each,1.0,499990.41934355197,3133594.64,850055.03,0,449066.39,0.0,482918.55,0,0,1351551.31,0,0,0.0,0,0,0,2644.6245733788396,0.0,0.0,2644.6245733788396,1,1,2026-06-10 17:41:22.494414
NE-HV_AirDist-SupFanMtr-cDXOH-2SpClgHtg-Cnst,None,SCn,Ex,CZ07,cDXOH,0,Each,1.0,499990.41934355197,2815132.3299999996,850055.03,0,449066.39,0.0,258859.0,0,0,1257148.55,0,0,0.0,0,0,0,2700.547781569966,0.0,0.0,2700.547781569966,1,1,2026-06-10 17:41:22.494414
NE-HV_AirDist-SupFanMtr-cDXOH-2SpClgHtg-Cnst,None,SCn,Ex,CZ06,cDXOH,0,Each,1.0,499990.41934355197,2716414.5500000003,850055.03,0,449066.39,0.0,207374.17,0,0,1209915.6,0,0,0.0,0,0,0,2728.762457337884,0.0,0.0,2728.762457337884,1,1,2026-06-10 17:41:22.494414
NE-HV_AirDist-SupFanMtr-cDXOH-2SpClgHtg-Cnst,None,SCn,Ex,CZ05,cDXOH,0,Each,1.0,499990.41934355197,2867714.35,850055.03,0,449066.39,0.0,75511.15,0,0,1493078.42,0,0,0.0,0,0,0,2962.680887372014,0.0,0.0,2962.680887372014,1,1,2026-06-10 17:41:22.494414
NE-HV_AirDist-SupFanMtr-cDXOH-2SpClgHtg-Cnst,None,SCn,Ex,CZ04,cDXOH,0,Each,1.0,499990.41934355197,3454075.9,850055.03,0,449066.39,0.0,461225.69,0,0,1693725.43,0,0,0.0,0,0,0,2865.1406143344707,0.0,0.0,2865.1406143344707,1,1,2026-06-10 17:41:22.494414
NE-HV_AirDist-SupFanMtr-cDXOH-2SpClgHtg-Cnst,None,SCn,Ex,CZ03,cDXOH,0,Each,1.0,499990.41934355197,2777387.82,850055.03,0,449066.39,0.0,62044.48,0,0,1416218.56,0,0,0.0,0,0,0,2949.0017064846415,0.0,0.0,2949.0017064846415,1,1,2026-06-10 17:41:22.494414
NE-HV_AirDist-SupFanMtr-cDXOH-2SpClgHtg-Cnst,None,SCn,Ex,CZ02,cDXOH,0,Each,1.0,499990.41934355197,3195548.31,850055.03,0,449066.39,0.0,238521.0,0,0,1657902.53,0,0,0.0,0,0,0,2981.970989761092,0.0,0.0,2981.970989761092,1,1,2026-06-10 17:41:22.494414
NE-HV_AirDist-SupFanMtr-cDXOH-2SpClgHtg-Cnst,None,SCn,Ex,CZ01,cDXOH,0,Each,1.0,499990.41934355197,2969672.31,850055.03,0,449066.39,0.0,1412.58,0,0,1669134.95,0,0,0.0,0,0,0,3182.172013651877,0.0,0.0,3182.172013651877,1,1,2026-06-10 17:41:22.494414
NE-HV_AirDist-SupFanMtr-cDXHP-2SpClgHtg-Cnst,None,SCn,Ex,CZ16,cDXHP,0,Each,1.0,499990.41934355197,3645330.6199999996,850055.03,0,449066.39,314253.4,201532.41,0,0,1830420.03,0,0,0.0,0,0,0,3114.9006825938563,0.0,0.0,3114.9006825938563,1,1,2026-06-10 17:41:22.494414
NE-HV_AirDist-SupFanMtr-cDXHP-2SpClgHtg-Cnst,None,SCn,Ex,CZ15,cDXHP,0,Each,1.0,499990.41934355197,4411518.79,850055.03,0,449066.39,21097.58,1402443.74,0,0,1688852.69,0,0,0.0,0,0,0,2227.945733788396,0.0,0.0,2227.945733788396,1,1,2026-06-10 17:41:22.494414
NE-HV_AirDist-SupFanMtr-cDXHP-2SpClgHtg-Cnst,None,SCn,Ex,CZ14,cDXHP,0,Each,1.0,499990.41934355197,3858817.27,850055.03,0,449066.39,148579.11,724399.54,0,0,1686713.84,0,0,0.0,0,0,0,2717.4327645051194,0.0,0.0,2717.4327645051194,1,1,2026-06-10 17:41:22.494414
NE-HV_AirDist-SupFanMtr-cDXHP-2SpClgHtg-Cnst,None,SCn,Ex,CZ13,cDXHP,0,Each,1.0,499990.41934355197,3720934.64,850055.03,0,449066.39,154389.72,755868.27,0,0,1511551.87,0,0,0.0,0,0,0,2641.867918088737,0.0,0.0,2641.867918088737,1,1,2026-06-10 17:41:22.494414
NE-HV_AirDist-SupFanMtr-cDXHP-2SpClgHtg-Cnst,None,SCn,Ex,CZ12,cDXHP,0,Each,1.0,499990.41934355197,3517891.84,850055.03,0,449066.39,176099.76,470300.35,0,0,1572366.95,0,0,0.0,0,0,0,2822.4921501706485,0.0,0.0,2822.4921501706485,1,1,2026-06-10 17:41:22.494414
NE-HV_AirDist-SupFanMtr-cDXHP-2SpClgHtg-Cnst,None,SCn,Ex,CZ11,cDXHP,0,Each,1.0,499990.41934355197,3692436.0900000003,850055.03,0,449066.39,179134.39,700581.17,0,0,1513595.75,0,0,0.0,0,0,0,2696.5020477815697,0.0,0.0,2696.5020477815697,1,1,2026-06-10 17:41:22.494414
NE-HV_AirDist-SupFanMtr-cDXHP-2SpClgHtg-Cnst,None,SCn,Ex,CZ10,cDXHP,0,Each,1.0,499990.41934355197,3307716.78,850055.03,0,449066.39,58074.93,586510.44,0,0,1364006.63,0,0,0.0,0,0,0,2629.674744027304,0.0,0.0,2629.674744027304,1,1,2026-06-10 17:41:22.494414
NE-HV_AirDist-SupFanMtr-cDXHP-2SpClgHtg-Cnst,None,SCn,Ex,CZ09,cDXHP,0,Each,1.0,499990.41934355197,3267640.44,850055.03,0,449066.39,58178.2,513841.07,0,0,1396496.39,0,0,0.0,0,0,0,2663.734470989761,0.0,0.0,2663.734470989761,1,1,2026-06-10 17:41:22.494414
NE-HV_AirDist-SupFanMtr-cDXHP-2SpClgHtg-Cnst,None,SCn,Ex,CZ08,cDXHP,0,Each,1.0,499990.41934355197,3179838.35,850055.03,0,449066.39,43072.78,487623.63,0,0,1350017.16,0,0,0.0,0,0,0,2644.6245733788396,0.0,0.0,2644.6245733788396,1,1,2026-06-10 17:41:22.494414
NE-HV_AirDist-SupFanMtr-cDXHP-2SpClgHtg-Cnst,None,SCn,Ex,CZ07,cDXHP,0,Each,1.0,499990.41934355197,2843687.65,850055.03,0,449066.39,31814.39,255655.0,0,0,1257093.48,0,0,0.0,0,0,0,2700.547781569966,0.0,0.0,2700.547781569966,1,1,2026-06-10 17:41:22.494414
NE-HV_AirDist-SupFanMtr-cDXHP-2SpClgHtg-Cnst,None,SCn,Ex,CZ06,cDXHP,0,Each,1.0,499990.41934355197,2747378.4899999998,850055.03,0,449066.39,37197.36,202359.32,0,0,1208697.03,0,0,0.0,0,0,0,2728.762457337884,0.0,0.0,2728.762457337884,1,1,2026-06-10 17:41:22.494414
NE-HV_AirDist-SupFanMtr-cDXHP-2SpClgHtg-Cnst,None,SCn,Ex,CZ05,cDXHP,0,Each,1.0,499990.41934355197,2973957.38,850055.03,0,449066.39,106495.77,82125.62,0,0,1486211.21,0,0,0.0,0,0,0,2962.681228668942,0.0,0.0,2962.681228668942,1,1,2026-06-10 17:41:22.494414
NE-HV_AirDist-SupFanMtr-cDXHP-2SpClgHtg-Cnst,None,SCn,Ex,CZ04,cDXHP,0,Each,1.0,499990.41934355197,3595588.7399999998,850055.03,0,449066.39,151009.3,485926.81,0,0,1659527.85,0,0,0.0,0,0,0,2865.1409556313993,0.0,0.0,2865.1409556313993,1,1,2026-06-10 17:41:22.494414
NE-HV_AirDist-SupFanMtr-cDXHP-2SpClgHtg-Cnst,None,SCn,Ex,CZ03,cDXHP,0,Each,1.0,499990.41934355197,2894475.39,850055.03,0,449066.39,132482.13,64887.06,0,0,1397981.42,0,0,0.0,0,0,0,2949.0020477815697,0.0,0.0,2949.0020477815697,1,1,2026-06-10 17:41:22.494414
NE-HV_AirDist-SupFanMtr-cDXHP-2SpClgHtg-Cnst,None,SCn,Ex,CZ02,cDXHP,0,Each,1.0,499990.41934355197,3344884.7600000002,850055.03,0,449066.39,184243.23,253358.89,0,0,1608157.86,0,0,0.0,0,0,0,2981.970989761092,0.0,0.0,2981.970989761092,1,1,2026-06-10 17:41:22.494414
NE-HV_AirDist-SupFanMtr-cDXHP-2SpClgHtg-Cnst,None,SCn,Ex,CZ01,cDXHP,0,Each,1.0,499990.41934355197,3154486.63,850055.03,0,449066.39,286516.51,1719.46,0,0,1567125.88,0,0,0.0,0,0,0,3182.172354948805,0.0,0.0,3182.172354948805,1,1,2026-06-10 17:41:22.494414
NE-HV_AirDist-SupFanMtr-cDXGF-2SpClgHtg-Cnst,None,SCn,Ex,CZ16,cDXGF,0,Each,1.0,499990.41934355197,3327128.5799999996,850055.03,0,449066.39,0.0,197583.77,0,0,1830420.03,0,0,0.0,0,0,0,54627.35972696246,0.0,51512.4590443686,3114.9006825938563,1,1,2026-06-10 17:41:22.494414
NE-HV_AirDist-SupFanMtr-cDXGF-2SpClgHtg-Cnst,None,SCn,Ex,CZ15,cDXGF,0,Each,1.0,499990.41934355197,4397927.160000001,850055.03,0,449066.39,0.0,1409949.69,0,0,1688852.69,0,0,0.0,0,0,0,6159.589761092149,0.0,3931.6440273037542,2227.945733788396,1,1,2026-06-10 17:41:22.494414
NE-HV_AirDist-SupFanMtr-cDXGF-2SpClgHtg-Cnst,None,SCn,Ex,CZ14,cDXGF,0,Each,1.0,499990.41934355197,3706286.1999999997,850055.03,0,449066.39,0.0,720447.58,0,0,1686713.84,0,0,0.0,0,0,0,28438.85767918089,0.0,25721.42491467577,2717.4327645051194,1,1,2026-06-10 17:41:22.494414
NE-HV_AirDist-SupFanMtr-cDXGF-2SpClgHtg-Cnst,None,SCn,Ex,CZ13,cDXGF,0,Each,1.0,499990.41934355197,3563962.6700000004,850055.03,0,449066.39,0.0,753286.02,0,0,1511551.87,0,0,0.0,0,0,0,31248.04709897611,0.0,28606.178839590444,2641.8682593856656,1,1,2026-06-10 17:41:22.494414
NE-HV_AirDist-SupFanMtr-cDXGF-2SpClgHtg-Cnst,None,SCn,Ex,CZ12,cDXGF,0,Each,1.0,499990.41934355197,3332263.57,850055.03,0,449066.39,0.0,460771.84,0,0,1572366.95,0,0,0.0,0,0,0,35128.8252559727,0.0,32306.33310580205,2822.4921501706485,1,1,2026-06-10 17:41:22.494414
NE-HV_AirDist-SupFanMtr-cDXGF-2SpClgHtg-Cnst,None,SCn,Ex,CZ11,cDXGF,0,Each,1.0,499990.41934355197,3509527.98,850055.03,0,449066.39,0.0,696807.45,0,0,1513595.75,0,0,0.0,0,0,0,35612.61228668942,0.0,32916.11023890785,2696.5020477815697,1,1,2026-06-10 17:41:22.494414
NE-HV_AirDist-SupFanMtr-cDXGF-2SpClgHtg-Cnst,None,SCn,Ex,CZ10,cDXGF,0,Each,1.0,499990.41934355197,3254345.21,850055.03,0,449066.39,0.0,591213.8,0,0,1364006.63,0,0,0.0,0,0,0,13714.569965870307,0.0,11084.895221843002,2629.674744027304,1,1,2026-06-10 17:41:22.494414
NE-HV_AirDist-SupFanMtr-cDXGF-2SpClgHtg-Cnst,None,SCn,Ex,CZ09,cDXGF,0,Each,1.0,499990.41934355197,3209812.2899999996,850055.03,0,449066.39,0.0,514191.12,0,0,1396496.39,0,0,0.0,0,0,0,13789.520136518771,0.0,11125.78566552901,2663.734470989761,1,1,2026-06-10 17:41:22.494414
NE-HV_AirDist-SupFanMtr-cDXGF-2SpClgHtg-Cnst,None,SCn,Ex,CZ08,cDXGF,0,Each,1.0,499990.41934355197,3147755.4499999997,850055.03,0,449066.39,0.0,498613.51,0,0,1350017.16,0,0,0.0,0,0,0,10985.792150170648,0.0,8341.167576791808,2644.6245733788396,1,1,2026-06-10 17:41:22.494414
NE-HV_AirDist-SupFanMtr-cDXGF-2SpClgHtg-Cnst,None,SCn,Ex,CZ07,cDXGF,0,Each,1.0,499990.41934355197,2818170.02,850055.03,0,449066.39,0.0,261951.76,0,0,1257093.48,0,0,0.0,0,0,0,8954.72013651877,0.0,6254.172354948805,2700.547781569966,1,1,2026-06-10 17:41:22.494414
NE-HV_AirDist-SupFanMtr-cDXGF-2SpClgHtg-Cnst,None,SCn,Ex,CZ06,cDXGF,0,Each,1.0,499990.41934355197,2717898.0100000002,850055.03,0,449066.39,0.0,210076.2,0,0,1208697.03,0,0,0.0,0,0,0,10076.810580204778,0.0,7348.048122866894,2728.762457337884,1,1,2026-06-10 17:41:22.494414
NE-HV_AirDist-SupFanMtr-cDXGF-2SpClgHtg-Cnst,None,SCn,Ex,CZ05,cDXGF,0,Each,1.0,499990.41934355197,2865009.65,850055.03,0,449066.39,0.0,79673.66,0,0,1486211.21,0,0,0.0,0,0,0,22903.57576791809,0.0,19940.894539249144,2962.681228668942,1,1,2026-06-10 17:41:22.494414
NE-HV_AirDist-SupFanMtr-cDXGF-2SpClgHtg-Cnst,None,SCn,Ex,CZ04,cDXGF,0,Each,1.0,499990.41934355197,3436075.9899999998,850055.03,0,449066.39,0.0,477423.36,0,0,1659527.85,0,0,0.0,0,0,0,29637.80409556314,0.0,26772.66313993174,2865.1409556313993,1,1,2026-06-10 17:41:22.494414
NE-HV_AirDist-SupFanMtr-cDXGF-2SpClgHtg-Cnst,None,SCn,Ex,CZ03,cDXGF,0,Each,1.0,499990.41934355197,2759861.57,850055.03,0,449066.39,0.0,62755.37,0,0,1397981.42,0,0,0.0,0,0,0,28292.408873720135,0.0,25343.406825938564,2949.0020477815697,1,1,2026-06-10 17:41:22.494414
NE-HV_AirDist-SupFanMtr-cDXGF-2SpClgHtg-Cnst,None,SCn,Ex,CZ02,cDXGF,0,Each,1.0,499990.41934355197,3150396.11,850055.03,0,449066.39,0.0,243113.47,0,0,1608157.86,0,0,0.0,0,0,0,36334.38941979522,0.0,33352.41843003413,2981.970989761092,1,1,2026-06-10 17:41:22.494414
NE-HV_AirDist-SupFanMtr-cDXGF-2SpClgHtg-Cnst,None,SCn,Ex,CZ01,cDXGF,0,Each,1.0,499990.41934355197,2867971.36,850055.03,0,449066.39,0.0,1720.7,0,0,1567125.88,0,0,0.0,0,0,0,56285.3290102389,0.0,53103.1566552901,3182.172354948805,1,1,2026-06-10 17:41:22.494414
NE-HV_AirDist-SupFanMtr-cDXOH-2SpClgHtg-Cnst,None,RtS,Ex,CZ16,cDXOH,0,Each,1.0,16002.597952576001,121460.46,44599.63,0,24440.79,0.0,8710.39,0,0,43706.29,0,0,0.0,0,0,0,561.1808873720136,0.0,0.0,561.1808873720136,1,1,2026-06-10 17:41:22.494414
NE-HV_AirDist-SupFanMtr-cDXOH-2SpClgHtg-Cnst,None,RtS,Ex,CZ15,cDXOH,0,Each,1.0,16002.597952576001,162777.33999999997,44599.63,0,24440.79,0.0,49547.92,0,0,44185.64,0,0,0.0,0,0,0,453.5890784982935,0.0,0.0,453.5890784982935,1,1,2026-06-10 17:41:22.494414
NE-HV_AirDist-SupFanMtr-cDXOH-2SpClgHtg-Cnst,None,RtS,Ex,CZ14,cDXOH,0,Each,1.0,16002.597952576001,135343.26999999996,44599.63,0,24440.79,0.0,25811.38,0,0,40488.11,0,0,0.0,0,0,0,512.9853242320819,0.0,0.0,512.9853242320819,1,1,2026-06-10 17:41:22.494414
NE-HV_AirDist-SupFanMtr-cDXOH-2SpClgHtg-Cnst,None,RtS,Ex,CZ13,cDXOH,0,Each,1.0,16002.597952576001,137958.37,44599.63,0,24440.79,0.0,27643.95,0,0,41270.64,0,0,0.0,0,0,0,503.80546075085323,0.0,0.0,503.80546075085323,1,1,2026-06-10 17:41:22.494414
NE-HV_AirDist-SupFanMtr-cDXOH-2SpClgHtg-Cnst,None,RtS,Ex,CZ12,cDXOH,0,Each,1.0,16002.597952576001,125638.96,44599.63,0,24440.79,0.0,18086.78,0,0,38508.4,0,0,0.0,0,0,0,525.6696245733789,0.0,0.0,525.6696245733789,1,1,2026-06-10 17:41:22.494414
NE-HV_AirDist-SupFanMtr-cDXOH-2SpClgHtg-Cnst,None,RtS,Ex,CZ11,cDXOH,0,Each,1.0,16002.597952576001,137162.34,44599.63,0,24440.79,0.0,26337.4,0,0,41781.16,0,0,0.0,0,0,0,510.4146757679181,0.0,0.0,510.4146757679181,1,1,2026-06-10 17:41:22.494414
NE-HV_AirDist-SupFanMtr-cDXOH-2SpClgHtg-Cnst,None,RtS,Ex,CZ10,cDXOH,0,Each,1.0,16002.597952576001,135616.93,44599.63,0,24440.79,0.0,25290.18,0,0,41282.97,0,0,0.0,0,0,0,502.2436860068259,0.0,0.0,502.2436860068259,1,1,2026-06-10 17:41:22.494414
NE-HV_AirDist-SupFanMtr-cDXOH-2SpClgHtg-Cnst,None,RtS,Ex,CZ09,cDXOH,0,Each,1.0,16002.597952576001,130874.46999999999,44599.63,0,24440.79,0.0,21907.85,0,0,39922.84,0,0,0.0,0,0,0,506.35153583617745,0.0,0.0,506.35153583617745,1,1,2026-06-10 17:41:22.494414
NE-HV_AirDist-SupFanMtr-cDXOH-2SpClgHtg-Cnst,None,RtS,Ex,CZ08,cDXOH,0,Each,1.0,16002.597952576001,128373.54,44599.63,0,24440.79,0.0,21161.49,0,0,38168.27,0,0,0.0,0,0,0,504.0348122866894,0.0,0.0,504.0348122866894,1,1,2026-06-10 17:41:22.494414
NE-HV_AirDist-SupFanMtr-cDXOH-2SpClgHtg-Cnst,None,RtS,Ex,CZ07,cDXOH,0,Each,1.0,16002.597952576001,117643.45,44599.63,0,24440.79,0.0,13308.14,0,0,35291.53,0,0,0.0,0,0,0,510.8119453924915,0.0,0.0,510.8119453924915,1,1,2026-06-10 17:41:22.494414
NE-HV_AirDist-SupFanMtr-cDXOH-2SpClgHtg-Cnst,None,RtS,Ex,CZ06,cDXOH,0,Each,1.0,16002.597952576001,115891.26,44599.63,0,24440.79,0.0,12264.05,0,0,34583.43,0,0,0.0,0,0,0,514.221843003413,0.0,0.0,514.221843003413,1,1,2026-06-10 17:41:22.494414
NE-HV_AirDist-SupFanMtr-cDXOH-2SpClgHtg-Cnst,None,RtS,Ex,CZ05,cDXOH,0,Each,1.0,16002.597952576001,110550.5,44599.63,0,24440.79,0.0,5831.27,0,0,35675.45,0,0,0.0,0,0,0,542.6320819112628,0.0,0.0,542.6320819112628,1,1,2026-06-10 17:41:22.494414
NE-HV_AirDist-SupFanMtr-cDXOH-2SpClgHtg-Cnst,None,RtS,Ex,CZ04,cDXOH,0,Each,1.0,16002.597952576001,127290.90999999999,44599.63,0,24440.79,0.0,18439.73,0,0,39807.4,0,0,0.0,0,0,0,530.8467576791809,0.0,0.0,530.8467576791809,1,1,2026-06-10 17:41:22.494414
NE-HV_AirDist-SupFanMtr-cDXOH-2SpClgHtg-Cnst,None,RtS,Ex,CZ03,cDXOH,0,Each,1.0,16002.597952576001,107979.12999999999,44599.63,0,24440.79,0.0,4414.12,0,0,34521.23,0,0,0.0,0,0,0,540.9754266211604,0.0,0.0,540.9754266211604,1,1,2026-06-10 17:41:22.494414
NE-HV_AirDist-SupFanMtr-cDXOH-2SpClgHtg-Cnst,None,RtS,Ex,CZ02,cDXOH,0,Each,1.0,16002.597952576001,117877.52,44599.63,0,24440.79,0.0,10749.33,0,0,38084.41,0,0,0.0,0,0,0,545.0068259385665,0.0,0.0,545.0068259385665,1,1,2026-06-10 17:41:22.494414
NE-HV_AirDist-SupFanMtr-cDXOH-2SpClgHtg-Cnst,None,RtS,Ex,CZ01,cDXOH,0,Each,1.0,16002.597952576001,99426.83,44599.63,0,24440.79,0.0,357.0,0,0,30026.05,0,0,0.0,0,0,0,569.3047781569966,0.0,0.0,569.3047781569966,1,1,2026-06-10 17:41:22.494414
NE-HV_AirDist-SupFanMtr-cDXHP-2SpClgHtg-Cnst,None,RtS,Ex,CZ16,cDXHP,0,Each,1.0,16002.597952576001,124752.83999999998,44599.63,0,24440.79,5177.99,8734.83,0,0,41796.24,0,0,0.0,0,0,0,561.1839590443685,0.0,0.0,561.1839590443685,1,1,2026-06-10 17:41:22.494414
NE-HV_AirDist-SupFanMtr-cDXHP-2SpClgHtg-Cnst,None,RtS,Ex,CZ15,cDXHP,0,Each,1.0,16002.597952576001,164532.15,44599.63,0,24440.79,209.2,51129.32,0,0,44149.85,0,0,0.0,0,0,0,453.5890784982935,0.0,0.0,453.5890784982935,1,1,2026-06-10 17:41:22.494414
NE-HV_AirDist-SupFanMtr-cDXHP-2SpClgHtg-Cnst,None,RtS,Ex,CZ14,cDXHP,0,Each,1.0,16002.597952576001,137918.09,44599.63,0,24440.79,1981.56,26808.74,0,0,40084.01,0,0,0.0,0,0,0,512.9849829351535,0.0,0.0,512.9849829351535,1,1,2026-06-10 17:41:22.494414
NE-HV_AirDist-SupFanMtr-cDXHP-2SpClgHtg-Cnst,None,RtS,Ex,CZ13,cDXHP,0,Each,1.0,16002.597952576001,140347.90999999997,44599.63,0,24440.79,2352.78,28606.82,0,0,40344.53,0,0,0.0,0,0,0,503.803071672355,0.0,0.0,503.803071672355,1,1,2026-06-10 17:41:22.494414
NE-HV_AirDist-SupFanMtr-cDXHP-2SpClgHtg-Cnst,None,RtS,Ex,CZ12,cDXHP,0,Each,1.0,16002.597952576001,128040.45,44599.63,0,24440.79,2873.7,18595.55,0,0,37527.42,0,0,0.0,0,0,0,525.6692832764505,0.0,0.0,525.6692832764505,1,1,2026-06-10 17:41:22.494414
NE-HV_AirDist-SupFanMtr-cDXHP-2SpClgHtg-Cnst,None,RtS,Ex,CZ11,cDXHP,0,Each,1.0,16002.597952576001,139939.93,44599.63,0,24440.79,2905.89,27243.39,0,0,40746.87,0,0,0.0,0,0,0,510.42081911262795,0.0,0.0,510.42081911262795,1,1,2026-06-10 17:41:22.494414
NE-HV_AirDist-SupFanMtr-cDXHP-2SpClgHtg-Cnst,None,RtS,Ex,CZ10,cDXHP,0,Each,1.0,16002.597952576001,137171.80999999997,44599.63,0,24440.79,866.67,26059.43,0,0,41201.93,0,0,0.0,0,0,0,502.2436860068259,0.0,0.0,502.2436860068259,1,1,2026-06-10 17:41:22.494414
NE-HV_AirDist-SupFanMtr-cDXHP-2SpClgHtg-Cnst,None,RtS,Ex,CZ09,cDXHP,0,Each,1.0,16002.597952576001,132133.27999999997,44599.63,0,24440.79,704.69,22501.0,0,0,39883.81,0,0,0.0,0,0,0,506.35153583617745,0.0,0.0,506.35153583617745,1,1,2026-06-10 17:41:22.494414
NE-HV_AirDist-SupFanMtr-cDXHP-2SpClgHtg-Cnst,None,RtS,Ex,CZ08,cDXHP,0,Each,1.0,16002.597952576001,129563.12999999999,44599.63,0,24440.79,491.68,21863.86,0,0,38163.81,0,0,0.0,0,0,0,504.0348122866894,0.0,0.0,504.0348122866894,1,1,2026-06-10 17:41:22.494414
NE-HV_AirDist-SupFanMtr-cDXHP-2SpClgHtg-Cnst,None,RtS,Ex,CZ07,cDXHP,0,Each,1.0,16002.597952576001,117956.98,44599.63,0,24440.79,341.54,13280.13,0,0,35291.53,0,0,0.0,0,0,0,510.81228668941975,0.0,0.0,510.81228668941975,1,1,2026-06-10 17:41:22.494414
NE-HV_AirDist-SupFanMtr-cDXHP-2SpClgHtg-Cnst,None,RtS,Ex,CZ06,cDXHP,0,Each,1.0,16002.597952576001,116062.47,44599.63,0,24440.79,397.82,12039.18,0,0,34581.69,0,0,0.0,0,0,0,514.221843003413,0.0,0.0,514.221843003413,1,1,2026-06-10 17:41:22.494414
NE-HV_AirDist-SupFanMtr-cDXHP-2SpClgHtg-Cnst,None,RtS,Ex,CZ05,cDXHP,0,Each,1.0,16002.597952576001,112063.84,44599.63,0,24440.79,1501.66,5993.45,0,0,35524.95,0,0,0.0,0,0,0,542.6351535836177,0.0,0.0,542.6351535836177,1,1,2026-06-10 17:41:22.494414
NE-HV_AirDist-SupFanMtr-cDXHP-2SpClgHtg-Cnst,None,RtS,Ex,CZ04,cDXHP,0,Each,1.0,16002.597952576001,130020.34999999999,44599.63,0,24440.79,2571.72,19085.61,0,0,39319.24,0,0,0.0,0,0,0,530.8467576791809,0.0,0.0,530.8467576791809,1,1,2026-06-10 17:41:22.494414
NE-HV_AirDist-SupFanMtr-cDXHP-2SpClgHtg-Cnst,None,RtS,Ex,CZ03,cDXHP,0,Each,1.0,16002.597952576001,109537.01,44599.63,0,24440.79,1742.3,4481.89,0,0,34269.04,0,0,0.0,0,0,0,540.975085324232,0.0,0.0,540.975085324232,1,1,2026-06-10 17:41:22.494414
NE-HV_AirDist-SupFanMtr-cDXHP-2SpClgHtg-Cnst,None,RtS,Ex,CZ02,cDXHP,0,Each,1.0,16002.597952576001,120483.39999999998,44599.63,0,24440.79,3226.96,11047.92,0,0,37164.74,0,0,0.0,0,0,0,545.0064846416383,0.0,0.0,545.0064846416383,1,1,2026-06-10 17:41:22.494414
NE-HV_AirDist-SupFanMtr-cDXHP-2SpClgHtg-Cnst,None,RtS,Ex,CZ01,cDXHP,0,Each,1.0,16002.597952576001,102615.3,44599.63,0,24440.79,4187.81,310.78,0,0,29072.93,0,0,0.0,0,0,0,569.3037542662115,0.0,0.0,569.3037542662115,1,1,2026-06-10 17:41:22.494414
NE-HV_AirDist-SupFanMtr-cDXGF-2SpClgHtg-Cnst,None,RtS,Ex,CZ16,cDXGF,0,Each,1.0,16002.597952576001,119851.52,44599.63,0,24440.79,0.0,9011.5,0,0,41796.24,0,0,0.0,0,0,0,1367.5235494880546,0.0,806.339590443686,561.1839590443685,1,1,2026-06-10 17:41:22.494414
NE-HV_AirDist-SupFanMtr-cDXGF-2SpClgHtg-Cnst,None,RtS,Ex,CZ15,cDXGF,0,Each,1.0,16002.597952576001,164265.65,44599.63,0,24440.79,0.0,51065.91,0,0,44155.96,0,0,0.0,0,0,0,491.0815699658703,0.0,37.49249146757679,453.5890784982935,1,1,2026-06-10 17:41:22.494414
NE-HV_AirDist-SupFanMtr-cDXGF-2SpClgHtg-Cnst,None,RtS,Ex,CZ14,cDXGF,0,Each,1.0,16002.597952576001,135994.69999999998,44599.63,0,24440.79,0.0,26866.91,0,0,40084.01,0,0,0.0,0,0,0,834.8976109215017,0.0,321.9126279863481,512.9849829351535,1,1,2026-06-10 17:41:22.494414
NE-HV_AirDist-SupFanMtr-cDXGF-2SpClgHtg-Cnst,None,RtS,Ex,CZ13,cDXGF,0,Each,1.0,16002.597952576001,137994.02,44599.63,0,24440.79,0.0,28605.71,0,0,40344.53,0,0,0.0,0,0,0,923.6150170648464,0.0,419.81194539249145,503.803071672355,1,1,2026-06-10 17:41:22.494414
NE-HV_AirDist-SupFanMtr-cDXGF-2SpClgHtg-Cnst,None,RtS,Ex,CZ12,cDXGF,0,Each,1.0,16002.597952576001,125257.84,44599.63,0,24440.79,0.0,18686.64,0,0,37527.42,0,0,0.0,0,0,0,1038.4235494880547,0.0,512.7542662116041,525.6692832764505,1,1,2026-06-10 17:41:22.494414
NE-HV_AirDist-SupFanMtr-cDXGF-2SpClgHtg-Cnst,None,RtS,Ex,CZ11,cDXGF,0,Each,1.0,16002.597952576001,137090.83999999997,44599.63,0,24440.79,0.0,27300.19,0,0,40746.87,0,0,0.0,0,0,0,1021.1706484641637,0.0,510.7498293515358,510.42081911262795,1,1,2026-06-10 17:41:22.494414
NE-HV_AirDist-SupFanMtr-cDXGF-2SpClgHtg-Cnst,None,RtS,Ex,CZ10,cDXGF,0,Each,1.0,16002.597952576001,136281.49999999997,44599.63,0,24440.79,0.0,26035.79,0,0,41201.93,0,0,0.0,0,0,0,660.4808873720136,0.0,158.23720136518773,502.2436860068259,1,1,2026-06-10 17:41:22.494414
NE-HV_AirDist-SupFanMtr-cDXGF-2SpClgHtg-Cnst,None,RtS,Ex,CZ09,cDXGF,0,Each,1.0,16002.597952576001,131420.77999999997,44599.63,0,24440.79,0.0,22493.19,0,0,39883.81,0,0,0.0,0,0,0,636.1539249146758,0.0,129.8023890784983,506.35153583617745,1,1,2026-06-10 17:41:22.494414
NE-HV_AirDist-SupFanMtr-cDXGF-2SpClgHtg-Cnst,None,RtS,Ex,CZ08,cDXGF,0,Each,1.0,16002.597952576001,128931.36,44599.63,0,24440.79,0.0,21723.77,0,0,38163.81,0,0,0.0,0,0,0,596.2655290102389,0.0,92.23071672354949,504.0348122866894,1,1,2026-06-10 17:41:22.494414
NE-HV_AirDist-SupFanMtr-cDXGF-2SpClgHtg-Cnst,None,RtS,Ex,CZ07,cDXGF,0,Each,1.0,16002.597952576001,118005.21,44599.63,0,24440.79,0.0,13669.9,0,0,35291.53,0,0,0.0,0,0,0,576.48976109215,0.0,65.67747440273037,510.81228668941975,1,1,2026-06-10 17:41:22.494414
NE-HV_AirDist-SupFanMtr-cDXGF-2SpClgHtg-Cnst,None,RtS,Ex,CZ06,cDXGF,0,Each,1.0,16002.597952576001,116355.3,44599.63,0,24440.79,0.0,12729.83,0,0,34581.69,0,0,0.0,0,0,0,590.7976109215018,0.0,76.57576791808874,514.221843003413,1,1,2026-06-10 17:41:22.494414
NE-HV_AirDist-SupFanMtr-cDXGF-2SpClgHtg-Cnst,None,RtS,Ex,CZ05,cDXGF,0,Each,1.0,16002.597952576001,110539.25,44599.63,0,24440.79,0.0,5970.52,0,0,35524.95,0,0,0.0,0,0,0,816.0245733788396,0.0,273.38941979522184,542.6351535836177,1,1,2026-06-10 17:41:22.494414
NE-HV_AirDist-SupFanMtr-cDXGF-2SpClgHtg-Cnst,None,RtS,Ex,CZ04,cDXGF,0,Each,1.0,16002.597952576001,127469.11,44599.63,0,24440.79,0.0,19106.09,0,0,39319.24,0,0,0.0,0,0,0,970.6689419795221,0.0,439.8221843003413,530.8467576791809,1,1,2026-06-10 17:41:22.494414
NE-HV_AirDist-SupFanMtr-cDXGF-2SpClgHtg-Cnst,None,RtS,Ex,CZ03,cDXGF,0,Each,1.0,16002.597952576001,107819.47000000002,44599.63,0,24440.79,0.0,4506.65,0,0,34269.04,0,0,0.0,0,0,0,867.3460750853242,0.0,326.3709897610921,540.975085324232,1,1,2026-06-10 17:41:22.494414
NE-HV_AirDist-SupFanMtr-cDXGF-2SpClgHtg-Cnst,None,RtS,Ex,CZ02,cDXGF,0,Each,1.0,16002.597952576001,117265.64999999998,44599.63,0,24440.79,0.0,11057.13,0,0,37164.74,0,0,0.0,0,0,0,1115.1914675767919,0.0,570.1849829351535,545.0064846416383,1,1,2026-06-10 17:41:22.494414
NE-HV_AirDist-SupFanMtr-cDXGF-2SpClgHtg-Cnst,None,RtS,Ex,CZ01,cDXGF,0,Each,1.0,16002.597952576001,98487.7,44599.63,0,24440.79,0.0,370.99,0,0,29072.93,0,0,0.0,0,0,0,1350.1344709897612,0.0,780.8307167235495,569.3037542662115,1,1,2026-06-10 17:41:22.494414
NE-HV_AirDist-SupFanMtr-cDXOH-2SpClgHtg-Cnst,None,RtL,Ex,CZ16,cDXOH,0,Each,1.0,130501.542050496,2043692.66,767420.15,0,468847.72,0.0,134662.69,0,0,672758.71,0,0,0.0,0,0,0,6048.28156996587,1377.2337883959044,6.619795221843003,4664.427986348122,1,1,2026-06-10 17:41:22.494414
NE-HV_AirDist-SupFanMtr-cDXOH-2SpClgHtg-Cnst,None,RtL,Ex,CZ15,cDXOH,0,Each,1.0,130501.542050496,2478991.0000000005,767420.15,0,468847.72,0.0,643589.69,0,0,599130.05,0,0,0.0,0,0,0,4687.098976109215,1377.2337883959044,0.0,3309.8651877133107,1,1,2026-06-10 17:41:22.494414
NE-HV_AirDist-SupFanMtr-cDXOH-2SpClgHtg-Cnst,None,RtL,Ex,CZ14,cDXOH,0,Each,1.0,130501.542050496,2217767.3400000003,767420.15,0,468847.72,0.0,364700.03,0,0,616796.05,0,0,0.0,0,0,0,5436.349146757679,1377.2337883959044,1.379863481228669,4057.735494880546,1,1,2026-06-10 17:41:22.494414
NE-HV_AirDist-SupFanMtr-cDXOH-2SpClgHtg-Cnst,None,RtL,Ex,CZ13,cDXOH,0,Each,1.0,130501.542050496,2193242.82,767420.15,0,468847.72,0.0,372591.72,0,0,584379.84,0,0,0.0,0,0,0,5319.347781569966,1377.2337883959044,0.019795221843003412,3942.0941979522186,1,1,2026-06-10 17:41:22.494414
NE-HV_AirDist-SupFanMtr-cDXOH-2SpClgHtg-Cnst,None,RtL,Ex,CZ12,cDXOH,0,Each,1.0,130501.542050496,2052358.48,767420.15,0,468847.72,0.0,260606.27,0,0,555480.95,0,0,0.0,0,0,0,5595.056313993174,1377.2337883959044,0.5023890784982935,4217.3201365187715,1,1,2026-06-10 17:41:22.494414
NE-HV_AirDist-SupFanMtr-cDXOH-2SpClgHtg-Cnst,None,RtL,Ex,CZ11,cDXOH,0,Each,1.0,130501.542050496,2167420.77,767420.15,0,468847.72,0.0,353374.0,0,0,577775.51,0,0,0.0,0,0,0,5404.896245733788,1377.2337883959044,2.358361774744027,4025.30409556314,1,1,2026-06-10 17:41:22.494414
NE-HV_AirDist-SupFanMtr-cDXOH-2SpClgHtg-Cnst,None,RtL,Ex,CZ10,cDXOH,0,Each,1.0,130501.542050496,2150257.39,767420.15,0,468847.72,0.0,351326.82,0,0,562659.31,0,0,0.0,0,0,0,5299.344368600682,1377.2337883959044,0.0,3922.1105802047778,1,1,2026-06-10 17:41:22.494414
NE-HV_AirDist-SupFanMtr-cDXOH-2SpClgHtg-Cnst,None,RtL,Ex,CZ09,cDXOH,0,Each,1.0,130501.542050496,2120573.46,767420.15,0,468847.72,0.0,313689.95,0,0,570612.25,0,0,0.0,0,0,0,5351.076109215017,1377.2337883959044,0.0,3973.8423208191125,1,1,2026-06-10 17:41:22.494414
NE-HV_AirDist-SupFanMtr-cDXOH-2SpClgHtg-Cnst,None,RtL,Ex,CZ08,cDXOH,0,Each,1.0,130501.542050496,2104664.73,767420.15,0,468847.72,0.0,313742.07,0,0,554651.4,0,0,0.0,0,0,0,5321.844027303754,1377.2337883959044,0.0,3944.6102389078496,1,1,2026-06-10 17:41:22.494414
NE-HV_AirDist-SupFanMtr-cDXOH-2SpClgHtg-Cnst,None,RtL,Ex,CZ07,cDXOH,0,Each,1.0,130501.542050496,1992680.78,767420.15,0,468847.72,0.0,209431.52,0,0,546978.0,0,0,0.0,0,0,0,5407.147098976109,1377.2337883959044,0.0,4029.913310580205,1,1,2026-06-10 17:41:22.494414
NE-HV_AirDist-SupFanMtr-cDXOH-2SpClgHtg-Cnst,None,RtL,Ex,CZ06,cDXOH,0,Each,1.0,130501.542050496,1968390.3599999996,767420.15,0,468847.72,0.0,187310.78,0,0,544808.32,0,0,0.0,0,0,0,5450.134129692832,1377.2337883959044,0.0,4072.900341296928,1,1,2026-06-10 17:41:22.494414
NE-HV_AirDist-SupFanMtr-cDXOH-2SpClgHtg-Cnst,None,RtL,Ex,CZ05,cDXOH,0,Each,1.0,130501.542050496,1861615.14,767420.15,0,468847.72,0.0,102754.88,0,0,522589.0,0,0,0.0,0,0,0,5807.8232081911265,1377.2337883959044,0.0,4430.589419795222,1,1,2026-06-10 17:41:22.494414
NE-HV_AirDist-SupFanMtr-cDXOH-2SpClgHtg-Cnst,None,RtL,Ex,CZ04,cDXOH,0,Each,1.0,130501.542050496,2065145.42,767420.15,0,468847.72,0.0,265782.96,0,0,563091.2,0,0,0.0,0,0,0,5659.782935153584,1377.2337883959044,0.1945392491467577,4282.354607508532,1,1,2026-06-10 17:41:22.494414
NE-HV_AirDist-SupFanMtr-cDXOH-2SpClgHtg-Cnst,None,RtL,Ex,CZ03,cDXOH,0,Each,1.0,130501.542050496,1830621.05,767420.15,0,468847.72,0.0,80733.42,0,0,513616.37,0,0,0.0,0,0,0,5787.060068259385,1377.2337883959044,0.0,4409.826279863481,1,1,2026-06-10 17:41:22.494414
NE-HV_AirDist-SupFanMtr-cDXOH-2SpClgHtg-Cnst,None,RtL,Ex,CZ02,cDXOH,0,Each,1.0,130501.542050496,1941576.2299999997,767420.15,0,468847.72,0.0,168894.2,0,0,536410.77,0,0,0.0,0,0,0,5838.830375426622,1377.2337883959044,0.9959044368600682,4460.600682593857,1,1,2026-06-10 17:41:22.494414
NE-HV_AirDist-SupFanMtr-cDXOH-2SpClgHtg-Cnst,None,RtL,Ex,CZ01,cDXOH,0,Each,1.0,130501.542050496,1757243.17,767420.15,0,468847.72,0.0,13170.94,0,0,507800.97,0,0,0.0,0,0,0,6145.213310580205,1377.2337883959044,1.3726962457337883,4766.606825938566,1,1,2026-06-10 17:41:22.494414
NE-HV_AirDist-SupFanMtr-cDXHP-2SpClgHtg-Cnst,None,RtL,Ex,CZ16,cDXHP,0,Each,1.0,130501.542050496,2069238.73,767420.15,0,468847.72,29527.34,138001.14,0,0,665438.99,0,0,0.0,0,0,0,6043.5682593856645,1377.2337883959044,1.9095563139931742,4664.4249146757675,1,1,2026-06-10 17:41:22.494414
NE-HV_AirDist-SupFanMtr-cDXHP-2SpClgHtg-Cnst,None,RtL,Ex,CZ15,cDXHP,0,Each,1.0,130501.542050496,2501368.49,767420.15,0,468847.72,1230.08,664818.53,0,0,599048.62,0,0,0.0,0,0,0,4687.100341296928,1377.2337883959044,0.0,3309.8665529010236,1,1,2026-06-10 17:41:22.494414
NE-HV_AirDist-SupFanMtr-cDXHP-2SpClgHtg-Cnst,None,RtL,Ex,CZ14,cDXHP,0,Each,1.0,130501.542050496,2243858.85,767420.15,0,468847.72,13222.26,379044.99,0,0,615320.34,0,0,0.0,0,0,0,5435.188737201365,1377.2337883959044,0.24880546075085325,4057.7061433447097,1,1,2026-06-10 17:41:22.494414
NE-HV_AirDist-SupFanMtr-cDXHP-2SpClgHtg-Cnst,None,RtL,Ex,CZ13,cDXHP,0,Each,1.0,130501.542050496,2215659.6700000004,767420.15,0,468847.72,11530.42,384524.87,0,0,583333.12,0,0,0.0,0,0,0,5319.327303754266,1377.2337883959044,0.0,3942.0935153583614,1,1,2026-06-10 17:41:22.494414
NE-HV_AirDist-SupFanMtr-cDXHP-2SpClgHtg-Cnst,None,RtL,Ex,CZ12,cDXHP,0,Each,1.0,130501.542050496,2071716.3099999998,767420.15,0,468847.72,14971.73,266601.78,0,0,553871.54,0,0,0.0,0,0,0,5594.555290102389,1377.2337883959044,0.0023890784982935156,4217.319112627986,1,1,2026-06-10 17:41:22.494414
NE-HV_AirDist-SupFanMtr-cDXHP-2SpClgHtg-Cnst,None,RtL,Ex,CZ11,cDXHP,0,Each,1.0,130501.542050496,2192004.5300000003,767420.15,0,468847.72,15066.27,365266.79,0,0,575400.21,0,0,0.0,0,0,0,5402.831058020477,1377.2337883959044,0.2945392491467577,4025.3027303754266,1,1,2026-06-10 17:41:22.494414
NE-HV_AirDist-SupFanMtr-cDXHP-2SpClgHtg-Cnst,None,RtL,Ex,CZ10,cDXHP,0,Each,1.0,130501.542050496,2155861.6500000004,767420.15,0,468847.72,2907.34,354068.47,0,0,562614.58,0,0,0.0,0,0,0,5299.344027303754,1377.2337883959044,0.0,3922.1102389078496,1,1,2026-06-10 17:41:22.494414
NE-HV_AirDist-SupFanMtr-cDXHP-2SpClgHtg-Cnst,None,RtL,Ex,CZ09,cDXHP,0,Each,1.0,130501.542050496,2124995.4200000004,767420.15,0,468847.72,3139.51,315067.3,0,0,570517.35,0,0,0.0,0,0,0,5351.07576791809,1377.2337883959044,0.0,3973.8419795221844,1,1,2026-06-10 17:41:22.494414
NE-HV_AirDist-SupFanMtr-cDXHP-2SpClgHtg-Cnst,None,RtL,Ex,CZ08,cDXHP,0,Each,1.0,130501.542050496,2104018.79,767420.15,0,468847.72,1929.7,311166.43,0,0,554651.4,0,0,0.0,0,0,0,5321.843686006827,1377.2337883959044,0.0,3944.6098976109215,1,1,2026-06-10 17:41:22.494414
NE-HV_AirDist-SupFanMtr-cDXHP-2SpClgHtg-Cnst,None,RtL,Ex,CZ07,cDXHP,0,Each,1.0,130501.542050496,1990801.64,767420.15,0,468847.72,940.72,206611.66,0,0,546978.0,0,0,0.0,0,0,0,5407.147098976109,1377.2337883959044,0.0,4029.913310580205,1,1,2026-06-10 17:41:22.494414
NE-HV_AirDist-SupFanMtr-cDXHP-2SpClgHtg-Cnst,None,RtL,Ex,CZ06,cDXHP,0,Each,1.0,130501.542050496,1965706.26,767420.15,0,468847.72,1228.92,183397.76,0,0,544808.32,0,0,0.0,0,0,0,5450.134129692832,1377.2337883959044,0.0,4072.900341296928,1,1,2026-06-10 17:41:22.494414
NE-HV_AirDist-SupFanMtr-cDXHP-2SpClgHtg-Cnst,None,RtL,Ex,CZ05,cDXHP,0,Each,1.0,130501.542050496,1870591.0799999998,767420.15,0,468847.72,6936.04,104888.03,0,0,522495.75,0,0,0.0,0,0,0,5807.82252559727,1377.2337883959044,0.0,4430.588737201365,1,1,2026-06-10 17:41:22.494414
NE-HV_AirDist-SupFanMtr-cDXHP-2SpClgHtg-Cnst,None,RtL,Ex,CZ04,cDXHP,0,Each,1.0,130501.542050496,2088994.0999999999,767420.15,0,468847.72,14137.03,276435.39,0,0,562150.42,0,0,0.0,0,0,0,5659.6129692832765,1377.2337883959044,0.025597269624573378,4282.353583617748,1,1,2026-06-10 17:41:22.494414
NE-HV_AirDist-SupFanMtr-cDXHP-2SpClgHtg-Cnst,None,RtL,Ex,CZ03,cDXHP,0,Each,1.0,130501.542050496,1838772.94,767420.15,0,468847.72,7507.94,81710.18,0,0,513283.56,0,0,0.0,0,0,0,5787.059385665529,1377.2337883959044,0.0,4409.825597269624,1,1,2026-06-10 17:41:22.494414
NE-HV_AirDist-SupFanMtr-cDXHP-2SpClgHtg-Cnst,None,RtL,Ex,CZ02,cDXHP,0,Each,1.0,130501.542050496,1961714.78,767420.15,0,468847.72,16911.28,173449.34,0,0,535082.9,0,0,0.0,0,0,0,5837.925597269625,1377.2337883959044,0.09283276450511946,4460.598976109215,1,1,2026-06-10 17:41:22.494414
NE-HV_AirDist-SupFanMtr-cDXHP-2SpClgHtg-Cnst,None,RtL,Ex,CZ01,cDXHP,0,Each,1.0,130501.542050496,1776558.91,767420.15,0,468847.72,21239.24,13201.78,0,0,505846.63,0,0,0.0,0,0,0,6144.137883959044,1377.2337883959044,0.2979522184300341,4766.606143344709,1,1,2026-06-10 17:41:22.494414
NE-HV_AirDist-SupFanMtr-cDXGF-2SpClgHtg-Cnst,None,RtL,Ex,CZ16,cDXGF,0,Each,1.0,130501.542050496,2037808.3599999999,767420.15,0,468847.72,0.0,136100.37,0,0,665436.73,0,0,0.0,0,0,0,10494.994880546074,1377.2337883959044,4453.336177474403,4664.4249146757675,1,1,2026-06-10 17:41:22.494414
NE-HV_AirDist-SupFanMtr-cDXGF-2SpClgHtg-Cnst,None,RtL,Ex,CZ15,cDXGF,0,Each,1.0,130501.542050496,2496513.07,767420.15,0,468847.72,0.0,661192.1,0,0,599049.71,0,0,0.0,0,0,0,4907.0204778157,1377.2337883959044,219.92013651877133,3309.8665529010236,1,1,2026-06-10 17:41:22.494414
NE-HV_AirDist-SupFanMtr-cDXGF-2SpClgHtg-Cnst,None,RtL,Ex,CZ14,cDXGF,0,Each,1.0,130501.542050496,2229982.0000000005,767420.15,0,468847.72,0.0,378391.5,0,0,615319.24,0,0,0.0,0,0,0,7544.782593856656,1377.2337883959044,2109.842662116041,4057.7061433447097,1,1,2026-06-10 17:41:22.494414
NE-HV_AirDist-SupFanMtr-cDXGF-2SpClgHtg-Cnst,None,RtL,Ex,CZ13,cDXGF,0,Each,1.0,130501.542050496,2204743.23,767420.15,0,468847.72,0.0,385138.85,0,0,583333.12,0,0,0.0,0,0,0,7327.872013651877,1377.2337883959044,2008.5447098976108,3942.0935153583614,1,1,2026-06-10 17:41:22.494414
NE-HV_AirDist-SupFanMtr-cDXGF-2SpClgHtg-Cnst,None,RtL,Ex,CZ12,cDXGF,0,Each,1.0,130501.542050496,2060082.2899999998,767420.15,0,468847.72,0.0,269939.49,0,0,553871.54,0,0,0.0,0,0,0,8201.850170648464,1377.2337883959044,2607.2972696245733,4217.319112627986,1,1,2026-06-10 17:41:22.494414
NE-HV_AirDist-SupFanMtr-cDXGF-2SpClgHtg-Cnst,None,RtL,Ex,CZ11,cDXGF,0,Each,1.0,130501.542050496,2176363.7,767420.15,0,468847.72,0.0,364692.23,0,0,575400.21,0,0,0.0,0,0,0,7993.567576791808,1377.2337883959044,2591.0310580204778,4025.3027303754266,1,1,2026-06-10 17:41:22.494414
NE-HV_AirDist-SupFanMtr-cDXGF-2SpClgHtg-Cnst,None,RtL,Ex,CZ10,cDXGF,0,Each,1.0,130501.542050496,2162115.49,767420.15,0,468847.72,0.0,363229.65,0,0,562614.58,0,0,0.0,0,0,0,5819.2593856655285,1377.2337883959044,519.9153583617748,3922.1102389078496,1,1,2026-06-10 17:41:22.494414
NE-HV_AirDist-SupFanMtr-cDXGF-2SpClgHtg-Cnst,None,RtL,Ex,CZ09,cDXGF,0,Each,1.0,130501.542050496,2131495.1300000004,767420.15,0,468847.72,0.0,324706.52,0,0,570517.35,0,0,0.0,0,0,0,5919.312627986347,1377.2337883959044,568.2368600682594,3973.8419795221844,1,1,2026-06-10 17:41:22.494414
NE-HV_AirDist-SupFanMtr-cDXGF-2SpClgHtg-Cnst,None,RtL,Ex,CZ08,cDXGF,0,Each,1.0,130501.542050496,2116160.57,767420.15,0,468847.72,0.0,325237.91,0,0,554651.4,0,0,0.0,0,0,0,5678.703071672355,1377.2337883959044,356.859385665529,3944.6098976109215,1,1,2026-06-10 17:41:22.494414
NE-HV_AirDist-SupFanMtr-cDXGF-2SpClgHtg-Cnst,None,RtL,Ex,CZ07,cDXGF,0,Each,1.0,130501.542050496,1998338.5399999998,767420.15,0,468847.72,0.0,215089.28,0,0,546978.0,0,0,0.0,0,0,0,5586.632764505119,1377.2337883959044,179.48566552901025,4029.913310580205,1,1,2026-06-10 17:41:22.494414
NE-HV_AirDist-SupFanMtr-cDXGF-2SpClgHtg-Cnst,None,RtL,Ex,CZ06,cDXGF,0,Each,1.0,130501.542050496,1974603.6199999999,767420.15,0,468847.72,0.0,193524.04,0,0,544808.32,0,0,0.0,0,0,0,5684.308873720136,1377.2337883959044,234.17474402730375,4072.900341296928,1,1,2026-06-10 17:41:22.494414
NE-HV_AirDist-SupFanMtr-cDXGF-2SpClgHtg-Cnst,None,RtL,Ex,CZ05,cDXGF,0,Each,1.0,130501.542050496,1863320.7699999998,767420.15,0,468847.72,0.0,104553.76,0,0,522495.75,0,0,0.0,0,0,0,7039.768259385665,1377.2337883959044,1231.945733788396,4430.588737201365,1,1,2026-06-10 17:41:22.494414
NE-HV_AirDist-SupFanMtr-cDXGF-2SpClgHtg-Cnst,None,RtL,Ex,CZ04,cDXGF,0,Each,1.0,130501.542050496,2073062.3599999996,767420.15,0,468847.72,0.0,274640.68,0,0,562150.42,0,0,0.0,0,0,0,8022.2788395904445,1377.2337883959044,2362.6914675767916,4282.353583617748,1,1,2026-06-10 17:41:22.494414
NE-HV_AirDist-SupFanMtr-cDXGF-2SpClgHtg-Cnst,None,RtL,Ex,CZ03,cDXGF,0,Each,1.0,130501.542050496,1831773.92,767420.15,0,468847.72,0.0,82219.1,0,0,513283.56,0,0,0.0,0,0,0,7162.01843003413,1377.2337883959044,1374.9590443686006,4409.825597269624,1,1,2026-06-10 17:41:22.494414
NE-HV_AirDist-SupFanMtr-cDXGF-2SpClgHtg-Cnst,None,RtL,Ex,CZ02,cDXGF,0,Each,1.0,130501.542050496,1946528.5199999998,767420.15,0,468847.72,0.0,175174.36,0,0,535082.9,0,0,0.0,0,0,0,8759.370989761092,1377.2337883959044,2921.538225255973,4460.598976109215,1,1,2026-06-10 17:41:22.494414
NE-HV_AirDist-SupFanMtr-cDXGF-2SpClgHtg-Cnst,None,RtL,Ex,CZ01,cDXGF,0,Each,1.0,130501.542050496,1755552.4,767420.15,0,468847.72,0.0,13435.56,0,0,505845.58,0,0,0.0,0,0,0,9933.83447098976,1377.2337883959044,3789.9945392491463,4766.606143344709,1,1,2026-06-10 17:41:22.494414
NE-HV_AirDist-SupFanMtr-cDXOH-2SpClgHtg-Cnst,None,Rt3,Ex,CZ16,cDXOH,0,Each,1.0,240000.003932992,2006229.1600000001,774348.97,0,436362.0,0.0,121801.88,0,0,673712.93,0,0,0.0,0,0,0,6586.779180887372,0.0,245.60716723549487,6341.172013651877,1,1,2026-06-10 17:41:22.494414
NE-HV_AirDist-SupFanMtr-cDXOH-2SpClgHtg-Cnst,None,Rt3,Ex,CZ15,cDXOH,0,Each,1.0,240000.003932992,2470986.17,774348.97,0,436362.0,0.0,641279.27,0,0,618992.55,0,0,0.0,0,0,0,4488.201706484641,0.0,6.755631399317406,4481.446075085324,1,1,2026-06-10 17:41:22.494414
NE-HV_AirDist-SupFanMtr-cDXOH-2SpClgHtg-Cnst,None,Rt3,Ex,CZ14,cDXOH,0,Each,1.0,240000.003932992,2176030.4899999998,774348.97,0,436362.0,0.0,350390.3,0,0,614925.84,0,0,0.0,0,0,0,5603.0716723549485,0.0,94.98430034129693,5508.0873720136515,1,1,2026-06-10 17:41:22.494414
NE-HV_AirDist-SupFanMtr-cDXOH-2SpClgHtg-Cnst,None,Rt3,Ex,CZ13,cDXOH,0,Each,1.0,240000.003932992,2186333.51,774348.97,0,436362.0,0.0,365086.29,0,0,610532.87,0,0,0.0,0,0,0,5457.824232081911,0.0,108.4344709897611,5349.3897610921495,1,1,2026-06-10 17:41:22.494414
NE-HV_AirDist-SupFanMtr-cDXOH-2SpClgHtg-Cnst,None,Rt3,Ex,CZ12,cDXOH,0,Each,1.0,240000.003932992,2045042.5199999998,774348.97,0,436362.0,0.0,249249.18,0,0,585078.99,0,0,0.0,0,0,0,5881.556313993174,0.0,154.14300341296928,5727.413310580205,1,1,2026-06-10 17:41:22.494414
NE-HV_AirDist-SupFanMtr-cDXOH-2SpClgHtg-Cnst,None,Rt3,Ex,CZ11,cDXOH,0,Each,1.0,240000.003932992,2171141.86,774348.97,0,436362.0,0.0,349188.25,0,0,611239.26,0,0,0.0,0,0,0,5623.019795221843,0.0,159.32627986348123,5463.693515358362,1,1,2026-06-10 17:41:22.494414
NE-HV_AirDist-SupFanMtr-cDXOH-2SpClgHtg-Cnst,None,Rt3,Ex,CZ10,cDXOH,0,Each,1.0,240000.003932992,2203746.32,774348.97,0,436362.0,0.0,361150.69,0,0,631881.28,0,0,0.0,0,0,0,5359.36723549488,0.0,37.067918088737194,5322.299317406143,1,1,2026-06-10 17:41:22.494414
NE-HV_AirDist-SupFanMtr-cDXOH-2SpClgHtg-Cnst,None,Rt3,Ex,CZ09,cDXOH,0,Each,1.0,240000.003932992,2125710.4899999998,774348.97,0,436362.0,0.0,306093.87,0,0,608902.27,0,0,0.0,0,0,0,5421.271672354949,0.0,27.84163822525597,5393.430034129693,1,1,2026-06-10 17:41:22.494414
NE-HV_AirDist-SupFanMtr-cDXOH-2SpClgHtg-Cnst,None,Rt3,Ex,CZ08,cDXOH,0,Each,1.0,240000.003932992,2105678.17,774348.97,0,436362.0,0.0,305083.99,0,0,589879.83,0,0,0.0,0,0,0,5372.073720136519,0.0,18.797269624573378,5353.276450511945,1,1,2026-06-10 17:41:22.494414
NE-HV_AirDist-SupFanMtr-cDXOH-2SpClgHtg-Cnst,None,Rt3,Ex,CZ07,cDXOH,0,Each,1.0,240000.003932992,1982925.16,774348.97,0,436362.0,0.0,198838.31,0,0,573372.5,0,0,0.0,0,0,0,5479.932423208192,0.0,9.525597269624575,5470.406825938567,1,1,2026-06-10 17:41:22.494414
NE-HV_AirDist-SupFanMtr-cDXOH-2SpClgHtg-Cnst,None,Rt3,Ex,CZ06,cDXOH,0,Each,1.0,240000.003932992,1945849.74,774348.97,0,436362.0,0.0,172879.38,0,0,562256.01,0,0,0.0,0,0,0,5542.4631399317395,0.0,13.043686006825938,5529.419453924914,1,1,2026-06-10 17:41:22.494414
NE-HV_AirDist-SupFanMtr-cDXOH-2SpClgHtg-Cnst,None,Rt3,Ex,CZ05,cDXOH,0,Each,1.0,240000.003932992,1854158.5199999998,774348.97,0,436362.0,0.0,88793.94,0,0,554650.23,0,0,0.0,0,0,0,6106.609215017065,0.0,86.140614334471,6020.468600682594,1,1,2026-06-10 17:41:22.494414
NE-HV_AirDist-SupFanMtr-cDXOH-2SpClgHtg-Cnst,None,Rt3,Ex,CZ04,cDXOH,0,Each,1.0,240000.003932992,2070132.2199999997,774348.97,0,436362.0,0.0,257660.69,0,0,601757.18,0,0,0.0,0,0,0,5958.882252559727,0.0,142.0962457337884,5816.786006825938,1,1,2026-06-10 17:41:22.494414
NE-HV_AirDist-SupFanMtr-cDXOH-2SpClgHtg-Cnst,None,Rt3,Ex,CZ03,cDXOH,0,Each,1.0,240000.003932992,1813995.5299999998,774348.97,0,436362.0,0.0,64919.71,0,0,538361.47,0,0,0.0,0,0,0,6094.9982935153585,0.0,103.11331058020477,5991.884982935154,1,1,2026-06-10 17:41:22.494414
NE-HV_AirDist-SupFanMtr-cDXOH-2SpClgHtg-Cnst,None,Rt3,Ex,CZ02,cDXOH,0,Each,1.0,240000.003932992,1942025.9599999997,774348.97,0,436362.0,0.0,157626.87,0,0,573684.74,0,0,0.0,0,0,0,6250.910580204779,0.0,189.4245733788396,6061.486006825939,1,1,2026-06-10 17:41:22.494414
NE-HV_AirDist-SupFanMtr-cDXOH-2SpClgHtg-Cnst,None,Rt3,Ex,CZ01,cDXOH,0,Each,1.0,240000.003932992,1722542.3099999998,774348.97,0,436362.0,0.0,5580.42,0,0,506247.54,0,0,0.0,0,0,0,6696.119795221844,0.0,214.59624573378838,6481.523549488055,1,1,2026-06-10 17:41:22.494414
NE-HV_AirDist-SupFanMtr-cDXHP-2SpClgHtg-Cnst,None,Rt3,Ex,CZ16,cDXHP,0,Each,1.0,240000.003932992,2030733.2,774348.97,0,436362.0,29405.01,124224.05,0,0,666389.79,0,0,0.0,0,0,0,6556.557679180888,0.0,215.3887372013652,6341.168941979522,1,1,2026-06-10 17:41:22.494414
NE-HV_AirDist-SupFanMtr-cDXHP-2SpClgHtg-Cnst,None,Rt3,Ex,CZ15,cDXHP,0,Each,1.0,240000.003932992,2492482.9,774348.97,0,436362.0,1216.79,661922.87,0,0,618628.89,0,0,0.0,0,0,0,4487.664505119453,0.0,6.21877133105802,4481.445733788395,1,1,2026-06-10 17:41:22.494414
NE-HV_AirDist-SupFanMtr-cDXHP-2SpClgHtg-Cnst,None,Rt3,Ex,CZ14,cDXHP,0,Each,1.0,240000.003932992,2200216.21,774348.97,0,436362.0,13000.84,363220.98,0,0,613280.04,0,0,0.0,0,0,0,5592.869624573378,0.0,84.76723549488054,5508.102389078498,1,1,2026-06-10 17:41:22.494414
NE-HV_AirDist-SupFanMtr-cDXHP-2SpClgHtg-Cnst,None,Rt3,Ex,CZ13,cDXHP,0,Each,1.0,240000.003932992,2207722.79,774348.97,0,436362.0,12025.79,376720.69,0,0,608261.96,0,0,0.0,0,0,0,5446.429351535836,0.0,97.04129692832764,5349.388054607509,1,1,2026-06-10 17:41:22.494414
NE-HV_AirDist-SupFanMtr-cDXHP-2SpClgHtg-Cnst,None,Rt3,Ex,CZ12,cDXHP,0,Each,1.0,240000.003932992,2065199.15,774348.97,0,436362.0,16034.76,256348.24,0,0,582101.8,0,0,0.0,0,0,0,5864.909556313994,0.0,137.49795221843004,5727.411604095563,1,1,2026-06-10 17:41:22.494414
NE-HV_AirDist-SupFanMtr-cDXHP-2SpClgHtg-Cnst,None,Rt3,Ex,CZ11,cDXHP,0,Each,1.0,240000.003932992,2195730.4899999998,774348.97,0,436362.0,16607.8,360927.13,0,0,607481.21,0,0,0.0,0,0,0,5604.364846416382,0.0,140.67372013651877,5463.691126279863,1,1,2026-06-10 17:41:22.494414
NE-HV_AirDist-SupFanMtr-cDXHP-2SpClgHtg-Cnst,None,Rt3,Ex,CZ10,cDXHP,0,Each,1.0,240000.003932992,2213540.87,774348.97,0,436362.0,5270.57,366098.06,0,0,631457.89,0,0,0.0,0,0,0,5358.230034129692,0.0,35.9320819112628,5322.29795221843,1,1,2026-06-10 17:41:22.494414
NE-HV_AirDist-SupFanMtr-cDXHP-2SpClgHtg-Cnst,None,Rt3,Ex,CZ09,cDXHP,0,Each,1.0,240000.003932992,2132850.5,774348.97,0,436362.0,3965.32,309491.25,0,0,608679.58,0,0,0.0,0,0,0,5420.233447098976,0.0,26.803754266211605,5393.429692832764,1,1,2026-06-10 17:41:22.494414
NE-HV_AirDist-SupFanMtr-cDXHP-2SpClgHtg-Cnst,None,Rt3,Ex,CZ08,cDXHP,0,Each,1.0,240000.003932992,2108695.07,774348.97,0,436362.0,2627.27,305541.39,0,0,589812.06,0,0,0.0,0,0,0,5371.623208191126,0.0,18.346757679180886,5353.276450511945,1,1,2026-06-10 17:41:22.494414
NE-HV_AirDist-SupFanMtr-cDXHP-2SpClgHtg-Cnst,None,Rt3,Ex,CZ07,cDXHP,0,Each,1.0,240000.003932992,1981476.2499999998,774348.97,0,436362.0,1837.76,195578.93,0,0,573345.21,0,0,0.0,0,0,0,5479.738566552901,0.0,9.33037542662116,5470.408191126279,1,1,2026-06-10 17:41:22.494414
NE-HV_AirDist-SupFanMtr-cDXHP-2SpClgHtg-Cnst,None,Rt3,Ex,CZ06,cDXHP,0,Each,1.0,240000.003932992,1944150.77,774348.97,0,436362.0,2181.79,169015.52,0,0,562239.11,0,0,0.0,0,0,0,5542.105460750853,0.0,12.686348122866892,5529.419112627987,1,1,2026-06-10 17:41:22.494414
NE-HV_AirDist-SupFanMtr-cDXHP-2SpClgHtg-Cnst,None,Rt3,Ex,CZ05,cDXHP,0,Each,1.0,240000.003932992,1865571.23,774348.97,0,436362.0,9440.63,91244.59,0,0,554171.66,0,0,0.0,0,0,0,6102.978498293516,0.0,82.51092150170649,6020.467576791809,1,1,2026-06-10 17:41:22.494414
NE-HV_AirDist-SupFanMtr-cDXHP-2SpClgHtg-Cnst,None,Rt3,Ex,CZ04,cDXHP,0,Each,1.0,240000.003932992,2095448.64,774348.97,0,436362.0,16782.42,268261.42,0,0,599690.45,0,0,0.0,0,0,0,5949.496587030717,0.0,132.71228668941978,5816.784300341296,1,1,2026-06-10 17:41:22.494414
NE-HV_AirDist-SupFanMtr-cDXHP-2SpClgHtg-Cnst,None,Rt3,Ex,CZ03,cDXHP,0,Each,1.0,240000.003932992,1824119.7,774348.97,0,436362.0,9806.41,66124.95,0,0,537473.99,0,0,0.0,0,0,0,6088.314334470989,0.0,96.4310580204778,5991.883276450511,1,1,2026-06-10 17:41:22.494414
NE-HV_AirDist-SupFanMtr-cDXHP-2SpClgHtg-Cnst,None,Rt3,Ex,CZ02,cDXHP,0,Each,1.0,240000.003932992,1963858.5699999998,774348.97,0,436362.0,19286.29,163092.69,0,0,570765.24,0,0,0.0,0,0,0,6234.754266211605,0.0,173.27030716723547,6061.483959044369,1,1,2026-06-10 17:41:22.494414
NE-HV_AirDist-SupFanMtr-cDXHP-2SpClgHtg-Cnst,None,Rt3,Ex,CZ01,cDXHP,0,Each,1.0,240000.003932992,1741105.7199999997,774348.97,0,436362.0,20090.82,5559.9,0,0,504740.65,0,0,0.0,0,0,0,6676.9569965870305,0.0,195.43515358361773,6481.521843003413,1,1,2026-06-10 17:41:22.494414
NE-HV_AirDist-SupFanMtr-cDXGF-2SpClgHtg-Cnst,None,Rt3,Ex,CZ16,cDXGF,0,Each,1.0,240000.003932992,2000018.9499999997,774348.97,0,436362.0,0.0,122914.89,0,0,666389.71,0,0,0.0,0,0,0,10880.155631399317,0.0,4538.986689419795,6341.168941979522,1,1,2026-06-10 17:41:22.494414
NE-HV_AirDist-SupFanMtr-cDXGF-2SpClgHtg-Cnst,None,Rt3,Ex,CZ15,cDXGF,0,Each,1.0,240000.003932992,2490956.23,774348.97,0,436362.0,0.0,661572.85,0,0,618669.03,0,0,0.0,0,0,0,4698.9505119453925,0.0,217.5047781569966,4481.445733788395,1,1,2026-06-10 17:41:22.494414
NE-HV_AirDist-SupFanMtr-cDXGF-2SpClgHtg-Cnst,None,Rt3,Ex,CZ14,cDXGF,0,Each,1.0,240000.003932992,2188165.63,774348.97,0,436362.0,0.0,364170.67,0,0,613280.61,0,0,0.0,0,0,0,7610.577474402729,0.0,2102.4750853242317,5508.102389078498,1,1,2026-06-10 17:41:22.494414
NE-HV_AirDist-SupFanMtr-cDXGF-2SpClgHtg-Cnst,None,Rt3,Ex,CZ13,cDXGF,0,Each,1.0,240000.003932992,2197530.8499999996,774348.97,0,436362.0,0.0,378556.98,0,0,608259.52,0,0,0.0,0,0,0,7489.118088737201,0.0,2139.7300341296927,5349.388054607509,1,1,2026-06-10 17:41:22.494414
NE-HV_AirDist-SupFanMtr-cDXGF-2SpClgHtg-Cnst,None,Rt3,Ex,CZ12,cDXGF,0,Each,1.0,240000.003932992,2051050.4899999998,774348.97,0,436362.0,0.0,258234.29,0,0,582101.85,0,0,0.0,0,0,0,8603.537201365189,0.0,2876.1255972696244,5727.411604095563,1,1,2026-06-10 17:41:22.494414
NE-HV_AirDist-SupFanMtr-cDXGF-2SpClgHtg-Cnst,None,Rt3,Ex,CZ11,cDXGF,0,Each,1.0,240000.003932992,2180171.1799999997,774348.97,0,436362.0,0.0,361979.55,0,0,607477.28,0,0,0.0,0,0,0,8392.382935153584,0.0,2928.69180887372,5463.691126279863,1,1,2026-06-10 17:41:22.494414
NE-HV_AirDist-SupFanMtr-cDXGF-2SpClgHtg-Cnst,None,Rt3,Ex,CZ10,cDXGF,0,Each,1.0,240000.003932992,2215736.63,774348.97,0,436362.0,0.0,373564.76,0,0,631457.52,0,0,0.0,0,0,0,6293.312627986348,0.0,971.0146757679181,5322.29795221843,1,1,2026-06-10 17:41:22.494414
NE-HV_AirDist-SupFanMtr-cDXGF-2SpClgHtg-Cnst,None,Rt3,Ex,CZ09,cDXGF,0,Each,1.0,240000.003932992,2135373.25,774348.97,0,436362.0,0.0,315981.2,0,0,608677.7,0,0,0.0,0,0,0,6129.3293515358355,0.0,735.8996587030716,5393.429692832764,1,1,2026-06-10 17:41:22.494414
NE-HV_AirDist-SupFanMtr-cDXGF-2SpClgHtg-Cnst,None,Rt3,Ex,CZ08,cDXGF,0,Each,1.0,240000.003932992,2116041.8499999996,774348.97,0,436362.0,0.0,315515.44,0,0,589812.06,0,0,0.0,0,0,0,5853.205119453924,0.0,499.9286689419795,5353.276450511945,1,1,2026-06-10 17:41:22.494414
NE-HV_AirDist-SupFanMtr-cDXGF-2SpClgHtg-Cnst,None,Rt3,Ex,CZ07,cDXGF,0,Each,1.0,240000.003932992,1986836.73,774348.97,0,436362.0,0.0,202777.13,0,0,573345.25,0,0,0.0,0,0,0,5830.262798634812,0.0,359.8546075085324,5470.408191126279,1,1,2026-06-10 17:41:22.494414
NE-HV_AirDist-SupFanMtr-cDXGF-2SpClgHtg-Cnst,None,Rt3,Ex,CZ06,cDXGF,0,Each,1.0,240000.003932992,1949808.9399999997,774348.97,0,436362.0,0.0,176855.37,0,0,562239.22,0,0,0.0,0,0,0,5957.362798634813,0.0,427.94368600682594,5529.419112627987,1,1,2026-06-10 17:41:22.494414
NE-HV_AirDist-SupFanMtr-cDXGF-2SpClgHtg-Cnst,None,Rt3,Ex,CZ05,cDXGF,0,Each,1.0,240000.003932992,1855085.41,774348.97,0,436362.0,0.0,90199.51,0,0,554171.55,0,0,0.0,0,0,0,7777.988054607509,0.0,1757.5204778156997,6020.467576791809,1,1,2026-06-10 17:41:22.494414
NE-HV_AirDist-SupFanMtr-cDXGF-2SpClgHtg-Cnst,None,Rt3,Ex,CZ04,cDXGF,0,Each,1.0,240000.003932992,2077266.96,774348.97,0,436362.0,0.0,266862.96,0,0,599689.65,0,0,0.0,0,0,0,8707.632081911263,0.0,2890.8477815699657,5816.784300341296,1,1,2026-06-10 17:41:22.494414
NE-HV_AirDist-SupFanMtr-cDXGF-2SpClgHtg-Cnst,None,Rt3,Ex,CZ03,cDXGF,0,Each,1.0,240000.003932992,1814092.8699999999,774348.97,0,436362.0,0.0,65904.58,0,0,537473.94,0,0,0.0,0,0,0,7885.902389078498,0.0,1894.0191126279863,5991.883276450511,1,1,2026-06-10 17:41:22.494414
NE-HV_AirDist-SupFanMtr-cDXGF-2SpClgHtg-Cnst,None,Rt3,Ex,CZ02,cDXGF,0,Each,1.0,240000.003932992,1944163.4799999997,774348.97,0,436362.0,0.0,162683.69,0,0,570765.44,0,0,0.0,0,0,0,9511.02662116041,0.0,3449.542662116041,6061.483959044369,1,1,2026-06-10 17:41:22.494414
NE-HV_AirDist-SupFanMtr-cDXGF-2SpClgHtg-Cnst,None,Rt3,Ex,CZ01,cDXGF,0,Each,1.0,240000.003932992,1721236.43,774348.97,0,436362.0,0.0,5781.29,0,0,504740.79,0,0,0.0,0,0,0,10251.32423208191,0.0,3769.8023890784984,6481.521843003413,1,1,2026-06-10 17:41:22.494414
NE-HV_AirDist-SupFanMtr-cDXOH-2SpClgHtg-Cnst,None,RSD,Ex,CZ16,cDXOH,0,Each,1.0,11205.123087296,127629.6,36047.32,0,37475.6,0.0,18536.7,0,0,35553.66,0,0,0.0,0,0,0,4973.843344709897,1333.48566552901,1234.0720136518771,2406.28566552901,1,1,2026-06-10 17:41:22.494414
NE-HV_AirDist-SupFanMtr-cDXOH-2SpClgHtg-Cnst,None,RSD,Ex,CZ15,cDXOH,0,Each,1.0,11205.123087296,178113.65,36047.32,0,37475.6,0.0,64667.29,0,0,39886.26,0,0,0.0,0,0,0,4034.1433447098975,1333.48566552901,965.7215017064846,1734.9361774744027,1,1,2026-06-10 17:41:22.494414
NE-HV_AirDist-SupFanMtr-cDXOH-2SpClgHtg-Cnst,None,RSD,Ex,CZ14,cDXOH,0,Each,1.0,11205.123087296,150191.74000000002,36047.32,0,37475.6,0.0,39374.27,0,0,37268.48,0,0,0.0,0,0,0,4773.476791808874,1333.48566552901,1334.4331058020477,2105.5580204778157,1,1,2026-06-10 17:41:22.494414
NE-HV_AirDist-SupFanMtr-cDXOH-2SpClgHtg-Cnst,None,RSD,Ex,CZ13,cDXOH,0,Each,1.0,11205.123087296,152093.91999999998,36047.32,0,37475.6,0.0,43005.82,0,0,35535.15,0,0,0.0,0,0,0,4734.705460750853,1333.48566552901,1352.9675767918088,2048.252218430034,1,1,2026-06-10 17:41:22.494414
NE-HV_AirDist-SupFanMtr-cDXOH-2SpClgHtg-Cnst,None,RSD,Ex,CZ12,cDXOH,0,Each,1.0,11205.123087296,134223.9,36047.32,0,37475.6,0.0,29714.82,0,0,30966.84,0,0,0.0,0,0,0,4671.905802047781,1333.48566552901,1153.7351535836178,2184.6849829351536,1,1,2026-06-10 17:41:22.494414
NE-HV_AirDist-SupFanMtr-cDXOH-2SpClgHtg-Cnst,None,RSD,Ex,CZ11,cDXOH,0,Each,1.0,11205.123087296,148920.29,36047.32,0,37475.6,0.0,40116.5,0,0,35254.02,0,0,0.0,0,0,0,4817.143686006826,1333.48566552901,1394.1368600682592,2089.521160409556,1,1,2026-06-10 17:41:22.494414
NE-HV_AirDist-SupFanMtr-cDXOH-2SpClgHtg-Cnst,None,RSD,Ex,CZ10,cDXOH,0,Each,1.0,11205.123087296,144169.29,36047.32,0,37475.6,0.0,38780.79,0,0,31839.16,0,0,0.0,0,0,0,4259.30819112628,1333.48566552901,887.4170648464163,2038.405460750853,1,1,2026-06-10 17:41:22.494414
NE-HV_AirDist-SupFanMtr-cDXOH-2SpClgHtg-Cnst,None,RSD,Ex,CZ09,cDXOH,0,Each,1.0,11205.123087296,140329.65,36047.32,0,37475.6,0.0,35762.92,0,0,31018.63,0,0,0.0,0,0,0,4168.83242320819,1333.48566552901,771.3023890784983,2064.0443686006824,1,1,2026-06-10 17:41:22.494414
NE-HV_AirDist-SupFanMtr-cDXOH-2SpClgHtg-Cnst,None,RSD,Ex,CZ08,cDXOH,0,Each,1.0,11205.123087296,138605.29,36047.32,0,37475.6,0.0,35431.84,0,0,29625.6,0,0,0.0,0,0,0,4080.919795221843,1333.48566552901,697.8883959044368,2049.545733788396,1,1,2026-06-10 17:41:22.494414
NE-HV_AirDist-SupFanMtr-cDXOH-2SpClgHtg-Cnst,None,RSD,Ex,CZ07,cDXOH,0,Each,1.0,11205.123087296,123731.00000000001,36047.32,0,37475.6,0.0,25442.93,0,0,24751.54,0,0,0.0,0,0,0,3701.768941979522,1333.48566552901,276.4607508532423,2091.8225255972698,1,1,2026-06-10 17:41:22.494414
NE-HV_AirDist-SupFanMtr-cDXOH-2SpClgHtg-Cnst,None,RSD,Ex,CZ06,cDXOH,0,Each,1.0,11205.123087296,122857.61,36047.32,0,37475.6,0.0,24926.76,0,0,24391.16,0,0,0.0,0,0,0,3721.932423208191,1333.48566552901,275.29590443686004,2113.150853242321,1,1,2026-06-10 17:41:22.494414
NE-HV_AirDist-SupFanMtr-cDXOH-2SpClgHtg-Cnst,None,RSD,Ex,CZ05,cDXOH,0,Each,1.0,11205.123087296,115165.58,36047.32,0,37475.6,0.0,15828.37,0,0,25804.51,0,0,0.0,0,0,0,4163.332081911263,1333.48566552901,539.4286689419795,2290.417747440273,1,1,2026-06-10 17:41:22.494414
NE-HV_AirDist-SupFanMtr-cDXOH-2SpClgHtg-Cnst,None,RSD,Ex,CZ04,cDXOH,0,Each,1.0,11205.123087296,134811.84,36047.32,0,37475.6,0.0,29404.22,0,0,31864.87,0,0,0.0,0,0,0,4679.98156996587,1333.48566552901,1129.5556313993175,2216.9402730375427,1,1,2026-06-10 17:41:22.494414
NE-HV_AirDist-SupFanMtr-cDXOH-2SpClgHtg-Cnst,None,RSD,Ex,CZ03,cDXOH,0,Each,1.0,11205.123087296,113062.75000000001,36047.32,0,37475.6,0.0,14839.02,0,0,24690.49,0,0,0.0,0,0,0,4123.267918088737,1333.48566552901,509.6696245733788,2280.1126279863483,1,1,2026-06-10 17:41:22.494414
NE-HV_AirDist-SupFanMtr-cDXOH-2SpClgHtg-Cnst,None,RSD,Ex,CZ02,cDXOH,0,Each,1.0,11205.123087296,123982.14000000001,36047.32,0,37475.6,0.0,20949.15,0,0,29494.44,0,0,0.0,0,0,0,4708.01843003413,1333.48566552901,1069.2849829351535,2305.247781569966,1,1,2026-06-10 17:41:22.494414
NE-HV_AirDist-SupFanMtr-cDXOH-2SpClgHtg-Cnst,None,RSD,Ex,CZ01,cDXOH,0,Each,1.0,11205.123087296,109209.17,36047.32,0,37475.6,0.0,8473.18,0,0,27199.51,0,0,0.0,0,0,0,4789.440273037543,1333.48566552901,999.0614334470989,2456.8931740614335,1,1,2026-06-10 17:41:22.494414
NE-HV_AirDist-SupFanMtr-cDXHP-2SpClgHtg-Cnst,None,RSD,Ex,CZ16,cDXHP,0,Each,1.0,11205.123087296,128603.31,36047.32,0,37475.6,1071.26,18508.35,0,0,35484.53,0,0,0.0,0,0,0,4962.219795221842,1333.48566552901,1222.4491467576793,2406.2849829351535,1,1,2026-06-10 17:41:22.494414
NE-HV_AirDist-SupFanMtr-cDXHP-2SpClgHtg-Cnst,None,RSD,Ex,CZ15,cDXHP,0,Each,1.0,11205.123087296,178393.87999999998,36047.32,0,37475.6,42.46,64905.33,0,0,39885.99,0,0,0.0,0,0,0,4033.715017064846,1333.48566552901,965.2928327645052,1734.936518771331,1,1,2026-06-10 17:41:22.494414
NE-HV_AirDist-SupFanMtr-cDXHP-2SpClgHtg-Cnst,None,RSD,Ex,CZ14,cDXHP,0,Each,1.0,11205.123087296,150797.39,36047.32,0,37475.6,478.65,39511.72,0,0,37258.07,0,0,0.0,0,0,0,4769.074744027304,1333.48566552901,1330.026962457338,2105.5621160409555,1,1,2026-06-10 17:41:22.494414
NE-HV_AirDist-SupFanMtr-cDXHP-2SpClgHtg-Cnst,None,RSD,Ex,CZ13,cDXHP,0,Each,1.0,11205.123087296,152685.96,36047.32,0,37475.6,427.42,43176.37,0,0,35529.25,0,0,0.0,0,0,0,4729.976791808874,1333.48566552901,1348.2389078498293,2048.252218430034,1,1,2026-06-10 17:41:22.494414
NE-HV_AirDist-SupFanMtr-cDXHP-2SpClgHtg-Cnst,None,RSD,Ex,CZ12,cDXHP,0,Each,1.0,11205.123087296,134850.58000000002,36047.32,0,37475.6,530.31,29822.13,0,0,30955.94,0,0,0.0,0,0,0,4665.818088737201,1333.48566552901,1147.6474402730375,2184.6849829351536,1,1,2026-06-10 17:41:22.494414
NE-HV_AirDist-SupFanMtr-cDXHP-2SpClgHtg-Cnst,None,RSD,Ex,CZ11,cDXHP,0,Each,1.0,11205.123087296,149627.55,36047.32,0,37475.6,553.24,40287.15,0,0,35237.42,0,0,0.0,0,0,0,4811.2406143344715,1333.48566552901,1388.2337883959044,2089.521160409556,1,1,2026-06-10 17:41:22.494414
NE-HV_AirDist-SupFanMtr-cDXHP-2SpClgHtg-Cnst,None,RSD,Ex,CZ10,cDXHP,0,Each,1.0,11205.123087296,144391.63,36047.32,0,37475.6,121.86,38881.72,0,0,31838.72,0,0,0.0,0,0,0,4258.221843003413,1333.48566552901,886.3307167235495,2038.405460750853,1,1,2026-06-10 17:41:22.494414
NE-HV_AirDist-SupFanMtr-cDXHP-2SpClgHtg-Cnst,None,RSD,Ex,CZ09,cDXHP,0,Each,1.0,11205.123087296,140524.08,36047.32,0,37475.6,103.47,35854.61,0,0,31017.9,0,0,0.0,0,0,0,4168.058703071672,1333.48566552901,770.5286689419795,2064.0443686006824,1,1,2026-06-10 17:41:22.494414
NE-HV_AirDist-SupFanMtr-cDXHP-2SpClgHtg-Cnst,None,RSD,Ex,CZ08,cDXHP,0,Each,1.0,11205.123087296,138783.63,36047.32,0,37475.6,69.13,35541.14,0,0,29625.5,0,0,0.0,0,0,0,4080.4109215017065,1333.48566552901,697.3795221843004,2049.545733788396,1,1,2026-06-10 17:41:22.494414
NE-HV_AirDist-SupFanMtr-cDXHP-2SpClgHtg-Cnst,None,RSD,Ex,CZ07,cDXHP,0,Each,1.0,11205.123087296,123843.25,36047.32,0,37475.6,23.67,25535.35,0,0,24747.68,0,0,0.0,0,0,0,3701.69795221843,1333.48566552901,276.3897610921502,2091.8225255972698,1,1,2026-06-10 17:41:22.494414
NE-HV_AirDist-SupFanMtr-cDXHP-2SpClgHtg-Cnst,None,RSD,Ex,CZ06,cDXHP,0,Each,1.0,11205.123087296,122904.20999999999,36047.32,0,37475.6,36.55,24938.19,0,0,24389.76,0,0,0.0,0,0,0,3721.737883959044,1333.48566552901,275.1017064846416,2113.1505119453923,1,1,2026-06-10 17:41:22.494414
NE-HV_AirDist-SupFanMtr-cDXHP-2SpClgHtg-Cnst,None,RSD,Ex,CZ05,cDXHP,0,Each,1.0,11205.123087296,115457.42,36047.32,0,37475.6,252.88,15869.85,0,0,25802.0,0,0,0.0,0,0,0,4161.486006825939,1333.48566552901,537.5829351535837,2290.4174061433446,1,1,2026-06-10 17:41:22.494414
NE-HV_AirDist-SupFanMtr-cDXHP-2SpClgHtg-Cnst,None,RSD,Ex,CZ04,cDXHP,0,Each,1.0,11205.123087296,135404.28,36047.32,0,37475.6,490.65,29513.57,0,0,31857.34,0,0,0.0,0,0,0,4675.222866894198,1333.48566552901,1124.7969283276452,2216.9402730375427,1,1,2026-06-10 17:41:22.494414
NE-HV_AirDist-SupFanMtr-cDXHP-2SpClgHtg-Cnst,None,RSD,Ex,CZ03,cDXHP,0,Each,1.0,11205.123087296,113371.02999999998,36047.32,0,37475.6,263.53,14884.76,0,0,24689.51,0,0,0.0,0,0,0,4120.652901023891,1333.48566552901,507.05460750853246,2280.1126279863483,1,1,2026-06-10 17:41:22.494414
NE-HV_AirDist-SupFanMtr-cDXHP-2SpClgHtg-Cnst,None,RSD,Ex,CZ02,cDXHP,0,Each,1.0,11205.123087296,124633.56999999999,36047.32,0,37475.6,595.24,21016.33,0,0,29483.49,0,0,0.0,0,0,0,4701.994197952218,1333.48566552901,1063.2610921501705,2305.2474402730377,1,1,2026-06-10 17:41:22.494414
NE-HV_AirDist-SupFanMtr-cDXHP-2SpClgHtg-Cnst,None,RSD,Ex,CZ01,cDXHP,0,Each,1.0,11205.123087296,110077.77,36047.32,0,37475.6,842.29,8511.41,0,0,27187.66,0,0,0.0,0,0,0,4779.2054607508535,1333.48566552901,988.8266211604094,2456.8931740614335,1,1,2026-06-10 17:41:22.494414
NE-HV_AirDist-SupFanMtr-cDXGF-2SpClgHtg-Cnst,None,RSD,Ex,CZ16,cDXGF,0,Each,1.0,11205.123087296,127691.89000000001,36047.32,0,37475.6,0.0,18668.18,0,0,35484.54,0,0,0.0,0,0,0,5122.277474402729,1333.48566552901,1382.5068259385664,2406.2849829351535,1,1,2026-06-10 17:41:22.494414
NE-HV_AirDist-SupFanMtr-cDXGF-2SpClgHtg-Cnst,None,RSD,Ex,CZ15,cDXGF,0,Each,1.0,11205.123087296,178353.99000000002,36047.32,0,37475.6,0.0,64907.91,0,0,39885.98,0,0,0.0,0,0,0,4041.27542662116,1333.48566552901,972.853242320819,1734.936518771331,1,1,2026-06-10 17:41:22.494414
NE-HV_AirDist-SupFanMtr-cDXGF-2SpClgHtg-Cnst,None,RSD,Ex,CZ14,cDXGF,0,Each,1.0,11205.123087296,150392.50000000003,36047.32,0,37475.6,0.0,39585.47,0,0,37258.08,0,0,0.0,0,0,0,4841.286348122867,1333.48566552901,1402.238566552901,2105.5621160409555,1,1,2026-06-10 17:41:22.494414
NE-HV_AirDist-SupFanMtr-cDXGF-2SpClgHtg-Cnst,None,RSD,Ex,CZ13,cDXGF,0,Each,1.0,11205.123087296,152273.76,36047.32,0,37475.6,0.0,43191.58,0,0,35529.26,0,0,0.0,0,0,0,4805.738566552902,1333.48566552901,1424.0006825938567,2048.252218430034,1,1,2026-06-10 17:41:22.494414
NE-HV_AirDist-SupFanMtr-cDXGF-2SpClgHtg-Cnst,None,RSD,Ex,CZ12,cDXGF,0,Each,1.0,11205.123087296,134360.28,36047.32,0,37475.6,0.0,29862.13,0,0,30955.95,0,0,0.0,0,0,0,4760.4409556313985,1333.48566552901,1242.2703071672354,2184.6849829351536,1,1,2026-06-10 17:41:22.494414
NE-HV_AirDist-SupFanMtr-cDXGF-2SpClgHtg-Cnst,None,RSD,Ex,CZ11,cDXGF,0,Each,1.0,11205.123087296,149103.04,36047.32,0,37475.6,0.0,40315.86,0,0,35237.44,0,0,0.0,0,0,0,4907.338225255973,1333.48566552901,1484.3313993174063,2089.521160409556,1,1,2026-06-10 17:41:22.494414
NE-HV_AirDist-SupFanMtr-cDXGF-2SpClgHtg-Cnst,None,RSD,Ex,CZ10,cDXGF,0,Each,1.0,11205.123087296,144264.67,36047.32,0,37475.6,0.0,38876.62,0,0,31838.72,0,0,0.0,0,0,0,4279.86518771331,1333.48566552901,907.9740614334471,2038.405460750853,1,1,2026-06-10 17:41:22.494414
NE-HV_AirDist-SupFanMtr-cDXGF-2SpClgHtg-Cnst,None,RSD,Ex,CZ09,cDXGF,0,Each,1.0,11205.123087296,140407.49,36047.32,0,37475.6,0.0,35841.49,0,0,31017.9,0,0,0.0,0,0,0,4186.778839590444,1333.48566552901,789.2488054607509,2064.0443686006824,1,1,2026-06-10 17:41:22.494414
NE-HV_AirDist-SupFanMtr-cDXGF-2SpClgHtg-Cnst,None,RSD,Ex,CZ08,cDXGF,0,Each,1.0,11205.123087296,138692.45,36047.32,0,37475.6,0.0,35519.24,0,0,29625.35,0,0,0.0,0,0,0,4093.4361774744025,1333.48566552901,710.4047781569966,2049.545733788396,1,1,2026-06-10 17:41:22.494414
NE-HV_AirDist-SupFanMtr-cDXGF-2SpClgHtg-Cnst,None,RSD,Ex,CZ07,cDXGF,0,Each,1.0,11205.123087296,123773.01,36047.32,0,37475.6,0.0,25484.53,0,0,24751.95,0,0,0.0,0,0,0,3706.2143344709893,1333.48566552901,280.90614334470985,2091.8225255972698,1,1,2026-06-10 17:41:22.494414
NE-HV_AirDist-SupFanMtr-cDXGF-2SpClgHtg-Cnst,None,RSD,Ex,CZ06,cDXGF,0,Each,1.0,11205.123087296,122922.29000000001,36047.32,0,37475.6,0.0,24993.34,0,0,24389.24,0,0,0.0,0,0,0,3728.9382252559726,1333.48566552901,282.30204778156997,2113.1505119453923,1,1,2026-06-10 17:41:22.494414
NE-HV_AirDist-SupFanMtr-cDXGF-2SpClgHtg-Cnst,None,RSD,Ex,CZ05,cDXGF,0,Each,1.0,11205.123087296,115209.58,36047.32,0,37475.6,0.0,15875.0,0,0,25801.89,0,0,0.0,0,0,0,4205.896928327645,1333.48566552901,581.9938566552901,2290.4174061433446,1,1,2026-06-10 17:41:22.494414
NE-HV_AirDist-SupFanMtr-cDXGF-2SpClgHtg-Cnst,None,RSD,Ex,CZ04,cDXGF,0,Each,1.0,11205.123087296,134961.74,36047.32,0,37475.6,0.0,29561.68,0,0,31857.34,0,0,0.0,0,0,0,4756.664163822526,1333.48566552901,1206.2382252559726,2216.9402730375427,1,1,2026-06-10 17:41:22.494414
NE-HV_AirDist-SupFanMtr-cDXGF-2SpClgHtg-Cnst,None,RSD,Ex,CZ03,cDXGF,0,Each,1.0,11205.123087296,113101.32999999999,36047.32,0,37475.6,0.0,14878.79,0,0,24689.31,0,0,0.0,0,0,0,4169.7119453924915,1333.48566552901,556.1136518771331,2280.1126279863483,1,1,2026-06-10 17:41:22.494414
NE-HV_AirDist-SupFanMtr-cDXGF-2SpClgHtg-Cnst,None,RSD,Ex,CZ02,cDXGF,0,Each,1.0,11205.123087296,124079.90999999999,36047.32,0,37475.6,0.0,21057.91,0,0,29483.49,0,0,0.0,0,0,0,4806.337542662116,1333.48566552901,1167.604436860068,2305.2474402730377,1,1,2026-06-10 17:41:22.494414
NE-HV_AirDist-SupFanMtr-cDXGF-2SpClgHtg-Cnst,None,RSD,Ex,CZ01,cDXGF,0,Each,1.0,11205.123087296,109288.92,36047.32,0,37475.6,0.0,8564.85,0,0,27187.66,0,0,0.0,0,0,0,4939.653242320819,1333.48566552901,1149.2744027303754,2456.8931740614335,1,1,2026-06-10 17:41:22.494414
NE-HV_AirDist-SupFanMtr-cDXOH-2SpClgHtg-Cnst,None,RFF,Ex,CZ16,cDXOH,0,Each,1.0,3996.209375104,64605.86,13247.63,0,18423.46,0.0,8134.73,0,0,24796.67,0,0,0.0,0,0,0,1614.0839590443684,664.836518771331,18.19692832764505,931.0505119453924,1,1,2026-06-10 17:41:22.494414
NE-HV_AirDist-SupFanMtr-cDXOH-2SpClgHtg-Cnst,None,RFF,Ex,CZ15,cDXOH,0,Each,1.0,3996.209375104,86054.66999999998,13247.63,0,18423.46,0.0,29567.36,0,0,24812.85,0,0,0.0,0,0,0,1373.2873720136517,664.836518771331,0.0,708.4508532423208,1,1,2026-06-10 17:41:22.494414
NE-HV_AirDist-SupFanMtr-cDXOH-2SpClgHtg-Cnst,None,RFF,Ex,CZ14,cDXOH,0,Each,1.0,3996.209375104,72376.84,13247.63,0,18423.46,0.0,16948.46,0,0,23753.92,0,0,0.0,0,0,0,1498.0911262798634,664.836518771331,1.9167235494880543,831.3378839590443,1,1,2026-06-10 17:41:22.494414
NE-HV_AirDist-SupFanMtr-cDXOH-2SpClgHtg-Cnst,None,RFF,Ex,CZ13,cDXOH,0,Each,1.0,3996.209375104,73634.5,13247.63,0,18423.46,0.0,18071.56,0,0,23888.48,0,0,0.0,0,0,0,1479.5477815699658,664.836518771331,2.374061433447099,812.3372013651876,1,1,2026-06-10 17:41:22.494414
NE-HV_AirDist-SupFanMtr-cDXOH-2SpClgHtg-Cnst,None,RFF,Ex,CZ12,cDXOH,0,Each,1.0,3996.209375104,66298.87,13247.63,0,18423.46,0.0,12513.93,0,0,22110.48,0,0,0.0,0,0,0,1527.1273037542662,664.836518771331,4.7184300341296925,857.5723549488054,1,1,2026-06-10 17:41:22.494414
NE-HV_AirDist-SupFanMtr-cDXOH-2SpClgHtg-Cnst,None,RFF,Ex,CZ11,cDXOH,0,Each,1.0,3996.209375104,72887.7,13247.63,0,18423.46,0.0,17017.54,0,0,24195.7,0,0,0.0,0,0,0,1496.4709897610921,664.836518771331,5.6112627986348125,826.0232081911263,1,1,2026-06-10 17:41:22.494414
NE-HV_AirDist-SupFanMtr-cDXOH-2SpClgHtg-Cnst,None,RFF,Ex,CZ10,cDXOH,0,Each,1.0,3996.209375104,72172.65,13247.63,0,18423.46,0.0,16454.29,0,0,24043.9,0,0,0.0,0,0,0,1474.3464163822525,664.836518771331,0.43378839590443685,809.076109215017,1,1,2026-06-10 17:41:22.494414
NE-HV_AirDist-SupFanMtr-cDXOH-2SpClgHtg-Cnst,None,RFF,Ex,CZ09,cDXOH,0,Each,1.0,3996.209375104,70974.67,13247.63,0,18423.46,0.0,15398.95,0,0,23901.26,0,0,0.0,0,0,0,1482.4767918088737,664.836518771331,0.049829351535836175,817.5904436860069,1,1,2026-06-10 17:41:22.494414
NE-HV_AirDist-SupFanMtr-cDXOH-2SpClgHtg-Cnst,None,RFF,Ex,CZ08,cDXOH,0,Each,1.0,3996.209375104,69434.12999999999,13247.63,0,18423.46,0.0,15034.68,0,0,22724.99,0,0,0.0,0,0,0,1477.6153583617747,664.836518771331,0.0017064846416382253,812.777133105802,1,1,2026-06-10 17:41:22.494414
NE-HV_AirDist-SupFanMtr-cDXOH-2SpClgHtg-Cnst,None,RFF,Ex,CZ07,cDXOH,0,Each,1.0,3996.209375104,64215.52,13247.63,0,18423.46,0.0,11312.17,0,0,21228.89,0,0,0.0,0,0,0,1491.6303754266212,664.836518771331,0.0,826.7938566552901,1,1,2026-06-10 17:41:22.494414
NE-HV_AirDist-SupFanMtr-cDXOH-2SpClgHtg-Cnst,None,RFF,Ex,CZ06,cDXOH,0,Each,1.0,3996.209375104,63343.530000000006,13247.63,0,18423.46,0.0,10835.16,0,0,20833.91,0,0,0.0,0,0,0,1498.7027303754264,664.836518771331,0.0,833.8662116040955,1,1,2026-06-10 17:41:22.494414
NE-HV_AirDist-SupFanMtr-cDXOH-2SpClgHtg-Cnst,None,RFF,Ex,CZ05,cDXOH,0,Each,1.0,3996.209375104,59224.299999999996,13247.63,0,18423.46,0.0,6654.67,0,0,20895.17,0,0,0.0,0,0,0,1558.2453924914673,664.836518771331,0.7614334470989761,892.6474402730375,1,1,2026-06-10 17:41:22.494414
NE-HV_AirDist-SupFanMtr-cDXOH-2SpClgHtg-Cnst,None,RFF,Ex,CZ04,cDXOH,0,Each,1.0,3996.209375104,66956.65,13247.63,0,18423.46,0.0,12577.65,0,0,22704.54,0,0,0.0,0,0,0,1536.9375426621161,664.836518771331,3.8252559726962456,868.2757679180887,1,1,2026-06-10 17:41:22.494414
NE-HV_AirDist-SupFanMtr-cDXOH-2SpClgHtg-Cnst,None,RFF,Ex,CZ03,cDXOH,0,Each,1.0,3996.209375104,57845.74,13247.63,0,18423.46,0.0,5962.35,0,0,20208.93,0,0,0.0,0,0,0,1555.0556313993172,664.836518771331,0.9962457337883959,889.2228668941979,1,1,2026-06-10 17:41:22.494414
NE-HV_AirDist-SupFanMtr-cDXOH-2SpClgHtg-Cnst,None,RFF,Ex,CZ02,cDXOH,0,Each,1.0,3996.209375104,61867.58,13247.63,0,18423.46,0.0,8523.05,0,0,21670.07,0,0,0.0,0,0,0,1569.0706484641637,664.836518771331,6.676450511945393,897.5576791808874,1,1,2026-06-10 17:41:22.494414
NE-HV_AirDist-SupFanMtr-cDXOH-2SpClgHtg-Cnst,None,RFF,Ex,CZ01,cDXOH,0,Each,1.0,3996.209375104,51332.15,13247.63,0,18423.46,0.0,2785.26,0,0,16872.43,0,0,0.0,0,0,0,1617.2587030716722,664.836518771331,4.577815699658703,947.8443686006826,1,1,2026-06-10 17:41:22.494414
NE-HV_AirDist-SupFanMtr-cDXHP-2SpClgHtg-Cnst,None,RFF,Ex,CZ16,cDXHP,0,Each,1.0,3996.209375104,66402.66,13247.63,0,18423.46,2154.58,7999.12,0,0,24574.5,0,0,0.0,0,0,0,1605.3627986348124,664.836518771331,9.476109215017065,931.0501706484641,1,1,2026-06-10 17:41:22.494414
NE-HV_AirDist-SupFanMtr-cDXHP-2SpClgHtg-Cnst,None,RFF,Ex,CZ15,cDXHP,0,Each,1.0,3996.209375104,86656.41999999998,13247.63,0,18423.46,86.49,30082.87,0,0,24812.6,0,0,0.0,0,0,0,1373.2873720136517,664.836518771331,0.0,708.4508532423208,1,1,2026-06-10 17:41:22.494414
NE-HV_AirDist-SupFanMtr-cDXHP-2SpClgHtg-Cnst,None,RFF,Ex,CZ14,cDXHP,0,Each,1.0,3996.209375104,73457.34,13247.63,0,18423.46,906.28,17217.22,0,0,23659.38,0,0,0.0,0,0,0,1497.2747440273035,664.836518771331,1.0999999999999999,831.3382252559727,1,1,2026-06-10 17:41:22.494414
NE-HV_AirDist-SupFanMtr-cDXHP-2SpClgHtg-Cnst,None,RFF,Ex,CZ13,cDXHP,0,Each,1.0,3996.209375104,74726.49999999999,13247.63,0,18423.46,893.28,18388.8,0,0,23769.96,0,0,0.0,0,0,0,1478.2460750853243,664.836518771331,1.0723549488054607,812.3372013651876,1,1,2026-06-10 17:41:22.494414
NE-HV_AirDist-SupFanMtr-cDXHP-2SpClgHtg-Cnst,None,RFF,Ex,CZ12,cDXHP,0,Each,1.0,3996.209375104,67475.35999999999,13247.63,0,18423.46,1146.89,12693.64,0,0,21960.37,0,0,0.0,0,0,0,1524.907508532423,664.836518771331,2.498634812286689,857.5723549488054,1,1,2026-06-10 17:41:22.494414
NE-HV_AirDist-SupFanMtr-cDXHP-2SpClgHtg-Cnst,None,RFF,Ex,CZ11,cDXHP,0,Each,1.0,3996.209375104,74230.41999999998,13247.63,0,18423.46,1196.93,17313.75,0,0,24045.28,0,0,0.0,0,0,0,1494.0184300341296,664.836518771331,3.1587030716723548,826.0232081911263,1,1,2026-06-10 17:41:22.494414
NE-HV_AirDist-SupFanMtr-cDXHP-2SpClgHtg-Cnst,None,RFF,Ex,CZ10,cDXHP,0,Each,1.0,3996.209375104,72740.15999999999,13247.63,0,18423.46,319.8,16722.19,0,0,24023.71,0,0,0.0,0,0,0,1474.2119453924913,664.836518771331,0.2911262798634812,809.0843003412969,1,1,2026-06-10 17:41:22.494414
NE-HV_AirDist-SupFanMtr-cDXHP-2SpClgHtg-Cnst,None,RFF,Ex,CZ09,cDXHP,0,Each,1.0,3996.209375104,71397.38999999998,13247.63,0,18423.46,251.92,15592.55,0,0,23878.46,0,0,0.0,0,0,0,1482.4372013651878,664.836518771331,0.009897610921501706,817.5907849829351,1,1,2026-06-10 17:41:22.494414
NE-HV_AirDist-SupFanMtr-cDXHP-2SpClgHtg-Cnst,None,RFF,Ex,CZ08,cDXHP,0,Each,1.0,3996.209375104,69811.79,13247.63,0,18423.46,181.3,15234.65,0,0,22721.38,0,0,0.0,0,0,0,1477.6133105802048,664.836518771331,0.0,812.7767918088737,1,1,2026-06-10 17:41:22.494414
NE-HV_AirDist-SupFanMtr-cDXHP-2SpClgHtg-Cnst,None,RFF,Ex,CZ07,cDXHP,0,Each,1.0,3996.209375104,64303.73,13247.63,0,18423.46,88.23,11312.32,0,0,21228.72,0,0,0.0,0,0,0,1491.6334470989761,664.836518771331,0.0,826.7969283276451,1,1,2026-06-10 17:41:22.494414
NE-HV_AirDist-SupFanMtr-cDXHP-2SpClgHtg-Cnst,None,RFF,Ex,CZ06,cDXHP,0,Each,1.0,3996.209375104,63377.020000000004,13247.63,0,18423.46,114.41,10755.0,0,0,20833.15,0,0,0.0,0,0,0,1498.7027303754264,664.836518771331,0.0,833.8662116040955,1,1,2026-06-10 17:41:22.494414
NE-HV_AirDist-SupFanMtr-cDXHP-2SpClgHtg-Cnst,None,RFF,Ex,CZ05,cDXHP,0,Each,1.0,3996.209375104,59823.969999999994,13247.63,0,18423.46,603.73,6681.94,0,0,20863.84,0,0,0.0,0,0,0,1557.9682593856655,664.836518771331,0.4846416382252559,892.6470989761092,1,1,2026-06-10 17:41:22.494414
NE-HV_AirDist-SupFanMtr-cDXHP-2SpClgHtg-Cnst,None,RFF,Ex,CZ04,cDXHP,0,Each,1.0,3996.209375104,68128.01999999999,13247.63,0,18423.46,1082.65,12770.0,0,0,22600.91,0,0,0.0,0,0,0,1535.5955631399315,664.836518771331,2.483959044368601,868.275085324232,1,1,2026-06-10 17:41:22.494414
NE-HV_AirDist-SupFanMtr-cDXHP-2SpClgHtg-Cnst,None,RFF,Ex,CZ03,cDXHP,0,Each,1.0,3996.209375104,58453.700000000004,13247.63,0,18423.46,644.38,5974.8,0,0,20160.06,0,0,0.0,0,0,0,1554.5733788395903,664.836518771331,0.5133105802047782,889.2235494880546,1,1,2026-06-10 17:41:22.494414
NE-HV_AirDist-SupFanMtr-cDXHP-2SpClgHtg-Cnst,None,RFF,Ex,CZ02,cDXHP,0,Each,1.0,3996.209375104,63106.87,13247.63,0,18423.46,1333.36,8590.97,0,0,21508.08,0,0,0.0,0,0,0,1566.6358361774742,664.836518771331,4.241638225255973,897.5576791808874,1,1,2026-06-10 17:41:22.494414
NE-HV_AirDist-SupFanMtr-cDXHP-2SpClgHtg-Cnst,None,RFF,Ex,CZ01,cDXHP,0,Each,1.0,3996.209375104,52912.21,13247.63,0,18423.46,1770.15,2775.01,0,0,16692.59,0,0,0.0,0,0,0,1615.0215017064845,664.836518771331,2.345051194539249,947.8399317406142,1,1,2026-06-10 17:41:22.494414
NE-HV_AirDist-SupFanMtr-cDXGF-2SpClgHtg-Cnst,None,RFF,Ex,CZ16,cDXGF,0,Each,1.0,3996.209375104,64532.43,13247.63,0,18423.46,0.0,8283.47,0,0,24574.5,0,0,0.0,0,0,0,1914.7351535836178,664.836518771331,318.84846416382254,931.0501706484641,1,1,2026-06-10 17:41:22.494414
NE-HV_AirDist-SupFanMtr-cDXGF-2SpClgHtg-Cnst,None,RFF,Ex,CZ15,cDXGF,0,Each,1.0,3996.209375104,86573.82999999999,13247.63,0,18423.46,0.0,30086.77,0,0,24812.6,0,0,0.0,0,0,0,1388.053242320819,664.836518771331,14.765870307167235,708.4508532423208,1,1,2026-06-10 17:41:22.494414
NE-HV_AirDist-SupFanMtr-cDXGF-2SpClgHtg-Cnst,None,RFF,Ex,CZ14,cDXGF,0,Each,1.0,3996.209375104,72637.04999999999,13247.63,0,18423.46,0.0,17303.21,0,0,23659.38,0,0,0.0,0,0,0,1629.0119453924915,664.836518771331,132.83720136518772,831.3382252559727,1,1,2026-06-10 17:41:22.494414
NE-HV_AirDist-SupFanMtr-cDXGF-2SpClgHtg-Cnst,None,RFF,Ex,CZ13,cDXGF,0,Each,1.0,3996.209375104,73877.68,13247.63,0,18423.46,0.0,18433.26,0,0,23769.96,0,0,0.0,0,0,0,1629.5604095563137,664.836518771331,152.38668941979523,812.3372013651876,1,1,2026-06-10 17:41:22.494414
NE-HV_AirDist-SupFanMtr-cDXGF-2SpClgHtg-Cnst,None,RFF,Ex,CZ12,cDXGF,0,Each,1.0,3996.209375104,66425.06,13247.63,0,18423.46,0.0,12790.38,0,0,21960.22,0,0,0.0,0,0,0,1720.9938566552898,664.836518771331,198.5849829351536,857.5723549488054,1,1,2026-06-10 17:41:22.494414
NE-HV_AirDist-SupFanMtr-cDXGF-2SpClgHtg-Cnst,None,RFF,Ex,CZ11,cDXGF,0,Each,1.0,3996.209375104,73096.68,13247.63,0,18423.46,0.0,17376.94,0,0,24045.28,0,0,0.0,0,0,0,1693.4703071672352,664.836518771331,202.61058020477813,826.0232081911263,1,1,2026-06-10 17:41:22.494414
NE-HV_AirDist-SupFanMtr-cDXGF-2SpClgHtg-Cnst,None,RFF,Ex,CZ10,cDXGF,0,Each,1.0,3996.209375104,72457.28,13247.63,0,18423.46,0.0,16759.11,0,0,24023.71,0,0,0.0,0,0,0,1529.5320819112626,664.836518771331,55.61126279863481,809.0843003412969,1,1,2026-06-10 17:41:22.494414
NE-HV_AirDist-SupFanMtr-cDXGF-2SpClgHtg-Cnst,None,RFF,Ex,CZ09,cDXGF,0,Each,1.0,3996.209375104,71230.62999999999,13247.63,0,18423.46,0.0,15677.71,0,0,23878.46,0,0,0.0,0,0,0,1526.5655290102386,664.836518771331,44.13822525597269,817.5907849829351,1,1,2026-06-10 17:41:22.494414
NE-HV_AirDist-SupFanMtr-cDXGF-2SpClgHtg-Cnst,None,RFF,Ex,CZ08,cDXGF,0,Each,1.0,3996.209375104,69691.28,13247.63,0,18423.46,0.0,15295.44,0,0,22721.38,0,0,0.0,0,0,0,1510.4808873720135,664.836518771331,32.86757679180887,812.7767918088737,1,1,2026-06-10 17:41:22.494414
NE-HV_AirDist-SupFanMtr-cDXGF-2SpClgHtg-Cnst,None,RFF,Ex,CZ07,cDXGF,0,Each,1.0,3996.209375104,64350.57,13247.63,0,18423.46,0.0,11447.38,0,0,21228.73,0,0,0.0,0,0,0,1508.1511945392492,664.836518771331,16.517747440273038,826.7969283276451,1,1,2026-06-10 17:41:22.494414
NE-HV_AirDist-SupFanMtr-cDXGF-2SpClgHtg-Cnst,None,RFF,Ex,CZ06,cDXGF,0,Each,1.0,3996.209375104,63510.61,13247.63,0,18423.46,0.0,11002.97,0,0,20833.18,0,0,0.0,0,0,0,1520.1982935153583,664.836518771331,21.495563139931743,833.8662116040955,1,1,2026-06-10 17:41:22.494414
NE-HV_AirDist-SupFanMtr-cDXGF-2SpClgHtg-Cnst,None,RFF,Ex,CZ05,cDXGF,0,Each,1.0,3996.209375104,59285.99,13247.63,0,18423.46,0.0,6747.69,0,0,20863.84,0,0,0.0,0,0,0,1663.278156996587,664.836518771331,105.79453924914677,892.6470989761092,1,1,2026-06-10 17:41:22.494414
NE-HV_AirDist-SupFanMtr-cDXGF-2SpClgHtg-Cnst,None,RFF,Ex,CZ04,cDXGF,0,Each,1.0,3996.209375104,67107.15999999999,13247.63,0,18423.46,0.0,12831.79,0,0,22600.91,0,0,0.0,0,0,0,1711.060409556314,664.836518771331,177.94880546075083,868.275085324232,1,1,2026-06-10 17:41:22.494414
NE-HV_AirDist-SupFanMtr-cDXGF-2SpClgHtg-Cnst,None,RFF,Ex,CZ03,cDXGF,0,Each,1.0,3996.209375104,57861.200000000004,13247.63,0,18423.46,0.0,6026.68,0,0,20160.06,0,0,0.0,0,0,0,1672.2477815699658,664.836518771331,118.18771331058021,889.2235494880546,1,1,2026-06-10 17:41:22.494414
NE-HV_AirDist-SupFanMtr-cDXGF-2SpClgHtg-Cnst,None,RFF,Ex,CZ02,cDXGF,0,Each,1.0,3996.209375104,61891.97,13247.63,0,18423.46,0.0,8709.43,0,0,21508.08,0,0,0.0,0,0,0,1792.8587030716722,664.836518771331,230.46450511945392,897.5576791808874,1,1,2026-06-10 17:41:22.494414
NE-HV_AirDist-SupFanMtr-cDXGF-2SpClgHtg-Cnst,None,RFF,Ex,CZ01,cDXGF,0,Each,1.0,3996.209375104,51227.909999999996,13247.63,0,18423.46,0.0,2860.86,0,0,16692.59,0,0,0.0,0,0,0,1938.0317406143345,664.836518771331,325.35529010238906,947.8399317406142,1,1,2026-06-10 17:41:22.494414
NE-HV_AirDist-SupFanMtr-cDXOH-2SpClgHtg-Cnst,None,OfS,Ex,CZ16,cDXOH,0,Each,1.0,20004.619839296,136918.47000000003,23737.13,0,29387.4,0.0,12825.62,0,0,70967.19,0,0,0.0,0,0,0,804.0911262798634,0.0,0.0,804.0911262798634,1,1,2026-06-10 17:41:22.494414
NE-HV_AirDist-SupFanMtr-cDXOH-2SpClgHtg-Cnst,None,OfS,Ex,CZ15,cDXOH,0,Each,1.0,20004.619839296,177966.39,23737.13,0,29387.4,0.0,58777.68,0,0,66063.05,0,0,0.0,0,0,0,603.1204778156997,0.0,0.0,603.1204778156997,1,1,2026-06-10 17:41:22.494414
NE-HV_AirDist-SupFanMtr-cDXOH-2SpClgHtg-Cnst,None,OfS,Ex,CZ14,cDXOH,0,Each,1.0,20004.619839296,151228.46000000002,23737.13,0,29387.4,0.0,33122.16,0,0,64980.64,0,0,0.0,0,0,0,714.0645051194539,0.0,0.0,714.0645051194539,1,1,2026-06-10 17:41:22.494414
NE-HV_AirDist-SupFanMtr-cDXOH-2SpClgHtg-Cnst,None,OfS,Ex,CZ13,cDXOH,0,Each,1.0,20004.619839296,151489.65000000002,23737.13,0,29387.4,0.0,34097.57,0,0,64266.42,0,0,0.0,0,0,0,696.9126279863482,0.0,0.0,696.9126279863482,1,1,2026-06-10 17:41:22.494414
NE-HV_AirDist-SupFanMtr-cDXOH-2SpClgHtg-Cnst,None,OfS,Ex,CZ12,cDXOH,0,Each,1.0,20004.619839296,135330.18,23737.13,0,29387.4,0.0,22325.97,0,0,59878.55,0,0,0.0,0,0,0,737.7556313993174,0.0,0.0,737.7556313993174,1,1,2026-06-10 17:41:22.494414
NE-HV_AirDist-SupFanMtr-cDXOH-2SpClgHtg-Cnst,None,OfS,Ex,CZ11,cDXOH,0,Each,1.0,20004.619839296,151970.0,23737.13,0,29387.4,0.0,32773.3,0,0,66071.04,0,0,0.0,0,0,0,709.2675767918089,0.0,0.0,709.2675767918089,1,1,2026-06-10 17:41:22.494414
NE-HV_AirDist-SupFanMtr-cDXOH-2SpClgHtg-Cnst,None,OfS,Ex,CZ10,cDXOH,0,Each,1.0,20004.619839296,141121.81,23737.13,0,29387.4,0.0,29300.74,0,0,58695.41,0,0,0.0,0,0,0,693.9668941979522,0.0,0.0,693.9668941979522,1,1,2026-06-10 17:41:22.494414
NE-HV_AirDist-SupFanMtr-cDXOH-2SpClgHtg-Cnst,None,OfS,Ex,CZ09,cDXOH,0,Each,1.0,20004.619839296,146691.38,23737.13,0,29387.4,0.0,29178.95,0,0,64386.77,0,0,0.0,0,0,0,701.6515358361775,0.0,0.0,701.6515358361775,1,1,2026-06-10 17:41:22.494414
NE-HV_AirDist-SupFanMtr-cDXOH-2SpClgHtg-Cnst,None,OfS,Ex,CZ08,cDXOH,0,Each,1.0,20004.619839296,142717.19,23737.13,0,29387.4,0.0,28316.64,0,0,61274.89,0,0,0.0,0,0,0,697.3078498293515,0.0,0.0,697.3078498293515,1,1,2026-06-10 17:41:22.494414
NE-HV_AirDist-SupFanMtr-cDXOH-2SpClgHtg-Cnst,None,OfS,Ex,CZ07,cDXOH,0,Each,1.0,20004.619839296,128116.92000000001,23737.13,0,29387.4,0.0,18680.1,0,0,56311.16,0,0,0.0,0,0,0,709.962457337884,0.0,0.0,709.962457337884,1,1,2026-06-10 17:41:22.494414
NE-HV_AirDist-SupFanMtr-cDXOH-2SpClgHtg-Cnst,None,OfS,Ex,CZ06,cDXOH,0,Each,1.0,20004.619839296,126832.82,23737.13,0,29387.4,0.0,16974.12,0,0,56733.04,0,0,0.0,0,0,0,716.3419795221843,0.0,0.0,716.3419795221843,1,1,2026-06-10 17:41:22.494414
NE-HV_AirDist-SupFanMtr-cDXOH-2SpClgHtg-Cnst,None,OfS,Ex,CZ05,cDXOH,0,Each,1.0,20004.619839296,119546.32,23737.13,0,29387.4,0.0,8751.11,0,0,57669.55,0,0,0.0,0,0,0,769.4116040955631,0.0,0.0,769.4116040955631,1,1,2026-06-10 17:41:22.494414
NE-HV_AirDist-SupFanMtr-cDXOH-2SpClgHtg-Cnst,None,OfS,Ex,CZ04,cDXOH,0,Each,1.0,20004.619839296,138137.16,23737.13,0,29387.4,0.0,23399.46,0,0,61612.04,0,0,0.0,0,0,0,747.4095563139931,0.0,0.0,747.4095563139931,1,1,2026-06-10 17:41:22.494414
NE-HV_AirDist-SupFanMtr-cDXOH-2SpClgHtg-Cnst,None,OfS,Ex,CZ03,cDXOH,0,Each,1.0,20004.619839296,115704.85,23737.13,0,29387.4,0.0,6447.25,0,0,56131.94,0,0,0.0,0,0,0,766.3221843003413,0.0,0.0,766.3221843003413,1,1,2026-06-10 17:41:22.494414
NE-HV_AirDist-SupFanMtr-cDXOH-2SpClgHtg-Cnst,None,OfS,Ex,CZ02,cDXOH,0,Each,1.0,20004.619839296,126418.61000000002,23737.13,0,29387.4,0.0,14360.59,0,0,58932.36,0,0,0.0,0,0,0,773.8525597269625,0.0,0.0,773.8525597269625,1,1,2026-06-10 17:41:22.494414
NE-HV_AirDist-SupFanMtr-cDXOH-2SpClgHtg-Cnst,None,OfS,Ex,CZ01,cDXOH,0,Each,1.0,20004.619839296,103539.66,23737.13,0,29387.4,0.0,970.64,0,0,49443.36,0,0,0.0,0,0,0,819.2477815699658,0.0,0.0,819.2477815699658,1,1,2026-06-10 17:41:22.494414
NE-HV_AirDist-SupFanMtr-cDXHP-2SpClgHtg-Cnst,None,OfS,Ex,CZ16,cDXHP,0,Each,1.0,20004.619839296,139789.49,23737.13,0,29387.4,4597.57,12295.09,0,0,69771.17,0,0,0.0,0,0,0,804.0907849829351,0.0,0.0,804.0907849829351,1,1,2026-06-10 17:41:22.494414
NE-HV_AirDist-SupFanMtr-cDXHP-2SpClgHtg-Cnst,None,OfS,Ex,CZ15,cDXHP,0,Each,1.0,20004.619839296,179617.78000000003,23737.13,0,29387.4,110.95,60325.82,0,0,66055.35,0,0,0.0,0,0,0,603.1204778156997,0.0,0.0,603.1204778156997,1,1,2026-06-10 17:41:22.494414
NE-HV_AirDist-SupFanMtr-cDXHP-2SpClgHtg-Cnst,None,OfS,Ex,CZ14,cDXHP,0,Each,1.0,20004.619839296,153450.96000000002,23737.13,0,29387.4,1802.01,33771.06,0,0,64752.23,0,0,0.0,0,0,0,714.0645051194539,0.0,0.0,714.0645051194539,1,1,2026-06-10 17:41:22.494414
NE-HV_AirDist-SupFanMtr-cDXHP-2SpClgHtg-Cnst,None,OfS,Ex,CZ13,cDXHP,0,Each,1.0,20004.619839296,153454.81000000003,23737.13,0,29387.4,1612.43,34882.96,0,0,63833.76,0,0,0.0,0,0,0,696.9119453924915,0.0,0.0,696.9119453924915,1,1,2026-06-10 17:41:22.494414
NE-HV_AirDist-SupFanMtr-cDXHP-2SpClgHtg-Cnst,None,OfS,Ex,CZ12,cDXHP,0,Each,1.0,20004.619839296,137200.37,23737.13,0,29387.4,2034.6,22657.68,0,0,59382.43,0,0,0.0,0,0,0,737.7549488054608,0.0,0.0,737.7549488054608,1,1,2026-06-10 17:41:22.494414
NE-HV_AirDist-SupFanMtr-cDXHP-2SpClgHtg-Cnst,None,OfS,Ex,CZ11,cDXHP,0,Each,1.0,20004.619839296,154247.82,23737.13,0,29387.4,2124.96,33501.8,0,0,65495.4,0,0,0.0,0,0,0,709.2668941979522,0.0,0.0,709.2668941979522,1,1,2026-06-10 17:41:22.494414
NE-HV_AirDist-SupFanMtr-cDXHP-2SpClgHtg-Cnst,None,OfS,Ex,CZ10,cDXHP,0,Each,1.0,20004.619839296,142097.88,23737.13,0,29387.4,358.31,29924.98,0,0,58688.93,0,0,0.0,0,0,0,693.9668941979522,0.0,0.0,693.9668941979522,1,1,2026-06-10 17:41:22.494414
NE-HV_AirDist-SupFanMtr-cDXHP-2SpClgHtg-Cnst,None,OfS,Ex,CZ09,cDXHP,0,Each,1.0,20004.619839296,147600.6,23737.13,0,29387.4,358.18,29745.33,0,0,64371.43,0,0,0.0,0,0,0,701.6515358361775,0.0,0.0,701.6515358361775,1,1,2026-06-10 17:41:22.494414
NE-HV_AirDist-SupFanMtr-cDXHP-2SpClgHtg-Cnst,None,OfS,Ex,CZ08,cDXHP,0,Each,1.0,20004.619839296,143320.17,23737.13,0,29387.4,211.47,28712.8,0,0,61270.24,0,0,0.0,0,0,0,697.3078498293515,0.0,0.0,697.3078498293515,1,1,2026-06-10 17:41:22.494414
NE-HV_AirDist-SupFanMtr-cDXHP-2SpClgHtg-Cnst,None,OfS,Ex,CZ07,cDXHP,0,Each,1.0,20004.619839296,128226.67000000001,23737.13,0,29387.4,79.63,18712.47,0,0,56308.91,0,0,0.0,0,0,0,709.962457337884,0.0,0.0,709.962457337884,1,1,2026-06-10 17:41:22.494414
NE-HV_AirDist-SupFanMtr-cDXHP-2SpClgHtg-Cnst,None,OfS,Ex,CZ06,cDXHP,0,Each,1.0,20004.619839296,126899.85,23737.13,0,29387.4,141.25,16905.74,0,0,56727.2,0,0,0.0,0,0,0,716.3419795221843,0.0,0.0,716.3419795221843,1,1,2026-06-10 17:41:22.494414
NE-HV_AirDist-SupFanMtr-cDXHP-2SpClgHtg-Cnst,None,OfS,Ex,CZ05,cDXHP,0,Each,1.0,20004.619839296,120432.14000000001,23737.13,0,29387.4,984.28,8709.95,0,0,57612.25,0,0,0.0,0,0,0,769.4112627986348,0.0,0.0,769.4112627986348,1,1,2026-06-10 17:41:22.494414
NE-HV_AirDist-SupFanMtr-cDXHP-2SpClgHtg-Cnst,None,OfS,Ex,CZ04,cDXHP,0,Each,1.0,20004.619839296,140141.64,23737.13,0,29387.4,1810.89,23839.45,0,0,61365.64,0,0,0.0,0,0,0,747.4092150170649,0.0,0.0,747.4092150170649,1,1,2026-06-10 17:41:22.494414
NE-HV_AirDist-SupFanMtr-cDXHP-2SpClgHtg-Cnst,None,OfS,Ex,CZ03,cDXHP,0,Each,1.0,20004.619839296,116675.0,23737.13,0,29387.4,1165.8,6364.11,0,0,56019.43,0,0,0.0,0,0,0,766.3218430034129,0.0,0.0,766.3218430034129,1,1,2026-06-10 17:41:22.494414
NE-HV_AirDist-SupFanMtr-cDXHP-2SpClgHtg-Cnst,None,OfS,Ex,CZ02,cDXHP,0,Each,1.0,20004.619839296,128313.48000000001,23737.13,0,29387.4,2257.48,14419.91,0,0,58510.43,0,0,0.0,0,0,0,773.8522184300341,0.0,0.0,773.8522184300341,1,1,2026-06-10 17:41:22.494414
NE-HV_AirDist-SupFanMtr-cDXHP-2SpClgHtg-Cnst,None,OfS,Ex,CZ01,cDXHP,0,Each,1.0,20004.619839296,106009.28000000001,23737.13,0,29387.4,3412.96,700.22,0,0,48770.44,0,0,0.0,0,0,0,819.2474402730376,0.0,0.0,819.2474402730376,1,1,2026-06-10 17:41:22.494414
NE-HV_AirDist-SupFanMtr-cDXGF-2SpClgHtg-Cnst,None,OfS,Ex,CZ16,cDXGF,0,Each,1.0,20004.619839296,136041.04,23737.13,0,29387.4,0.0,13144.21,0,0,69771.17,0,0,0.0,0,0,0,1384.6112627986347,0.0,580.5204778156997,804.0907849829351,1,1,2026-06-10 17:41:22.494414
NE-HV_AirDist-SupFanMtr-cDXGF-2SpClgHtg-Cnst,None,OfS,Ex,CZ15,cDXGF,0,Each,1.0,20004.619839296,179466.02000000002,23737.13,0,29387.4,0.0,60284.04,0,0,66056.32,0,0,0.0,0,0,0,620.2184300341297,0.0,17.097952218430034,603.1204778156997,1,1,2026-06-10 17:41:22.494414
NE-HV_AirDist-SupFanMtr-cDXGF-2SpClgHtg-Cnst,None,OfS,Ex,CZ14,cDXGF,0,Each,1.0,20004.619839296,152003.49000000002,23737.13,0,29387.4,0.0,34125.6,0,0,64752.23,0,0,0.0,0,0,0,937.4699658703071,0.0,223.40546075085322,714.0645051194539,1,1,2026-06-10 17:41:22.494414
NE-HV_AirDist-SupFanMtr-cDXGF-2SpClgHtg-Cnst,None,OfS,Ex,CZ13,cDXGF,0,Each,1.0,20004.619839296,151979.1,23737.13,0,29387.4,0.0,35019.71,0,0,63833.73,0,0,0.0,0,0,0,953.6139931740614,0.0,256.70204778156995,696.9119453924915,1,1,2026-06-10 17:41:22.494414
NE-HV_AirDist-SupFanMtr-cDXGF-2SpClgHtg-Cnst,None,OfS,Ex,CZ12,cDXGF,0,Each,1.0,20004.619839296,135491.79,23737.13,0,29387.4,0.0,22983.7,0,0,59382.43,0,0,0.0,0,0,0,1059.0730375426622,0.0,321.3180887372014,737.7549488054608,1,1,2026-06-10 17:41:22.494414
NE-HV_AirDist-SupFanMtr-cDXGF-2SpClgHtg-Cnst,None,OfS,Ex,CZ11,cDXGF,0,Each,1.0,20004.619839296,152330.06,23737.13,0,29387.4,0.0,33708.98,0,0,65495.42,0,0,0.0,0,0,0,1036.1648464163823,0.0,326.89795221843,709.2668941979522,1,1,2026-06-10 17:41:22.494414
NE-HV_AirDist-SupFanMtr-cDXGF-2SpClgHtg-Cnst,None,OfS,Ex,CZ10,cDXGF,0,Each,1.0,20004.619839296,141922.42,23737.13,0,29387.4,0.0,30107.79,0,0,58688.97,0,0,0.0,0,0,0,749.4023890784982,0.0,55.435494880546074,693.9668941979522,1,1,2026-06-10 17:41:22.494414
NE-HV_AirDist-SupFanMtr-cDXGF-2SpClgHtg-Cnst,None,OfS,Ex,CZ09,cDXGF,0,Each,1.0,20004.619839296,147416.45,23737.13,0,29387.4,0.0,29919.33,0,0,64371.46,0,0,0.0,0,0,0,760.7334470989761,0.0,59.08191126279863,701.6515358361775,1,1,2026-06-10 17:41:22.494414
NE-HV_AirDist-SupFanMtr-cDXGF-2SpClgHtg-Cnst,None,OfS,Ex,CZ08,cDXGF,0,Each,1.0,20004.619839296,143435.29,23737.13,0,29387.4,0.0,29039.08,0,0,61270.55,0,0,0.0,0,0,0,734.2389078498293,0.0,36.93105802047781,697.3078498293515,1,1,2026-06-10 17:41:22.494414
NE-HV_AirDist-SupFanMtr-cDXGF-2SpClgHtg-Cnst,None,OfS,Ex,CZ07,cDXGF,0,Each,1.0,20004.619839296,128532.16,23737.13,0,29387.4,0.0,19096.72,0,0,56309.78,0,0,0.0,0,0,0,724.6747440273037,0.0,14.712286689419795,709.962457337884,1,1,2026-06-10 17:41:22.494414
NE-HV_AirDist-SupFanMtr-cDXGF-2SpClgHtg-Cnst,None,OfS,Ex,CZ06,cDXGF,0,Each,1.0,20004.619839296,127262.0,23737.13,0,29387.4,0.0,17407.58,0,0,56728.76,0,0,0.0,0,0,0,742.5856655290102,0.0,26.24368600682594,716.3419795221843,1,1,2026-06-10 17:41:22.494414
NE-HV_AirDist-SupFanMtr-cDXGF-2SpClgHtg-Cnst,None,OfS,Ex,CZ05,cDXGF,0,Each,1.0,20004.619839296,119676.18000000001,23737.13,0,29387.4,0.0,8938.27,0,0,57612.25,0,0,0.0,0,0,0,930.5262798634811,0.0,161.11501706484643,769.4112627986348,1,1,2026-06-10 17:41:22.494414
NE-HV_AirDist-SupFanMtr-cDXGF-2SpClgHtg-Cnst,None,OfS,Ex,CZ04,cDXGF,0,Each,1.0,20004.619839296,138583.81,23737.13,0,29387.4,0.0,24092.45,0,0,61365.7,0,0,0.0,0,0,0,1003.5556313993173,0.0,256.14641638225254,747.4092150170649,1,1,2026-06-10 17:41:22.494414
NE-HV_AirDist-SupFanMtr-cDXGF-2SpClgHtg-Cnst,None,OfS,Ex,CZ03,cDXGF,0,Each,1.0,20004.619839296,115722.91000000002,23737.13,0,29387.4,0.0,6577.84,0,0,56019.41,0,0,0.0,0,0,0,975.2911262798634,0.0,208.9692832764505,766.3218430034129,1,1,2026-06-10 17:41:22.494414
NE-HV_AirDist-SupFanMtr-cDXGF-2SpClgHtg-Cnst,None,OfS,Ex,CZ02,cDXGF,0,Each,1.0,20004.619839296,126411.06,23737.13,0,29387.4,0.0,14774.97,0,0,58510.43,0,0,0.0,0,0,0,1124.0726962457338,0.0,350.2204778156996,773.8522184300341,1,1,2026-06-10 17:41:22.494414
NE-HV_AirDist-SupFanMtr-cDXGF-2SpClgHtg-Cnst,None,OfS,Ex,CZ01,cDXGF,0,Each,1.0,20004.619839296,102891.43000000001,23737.13,0,29387.4,0.0,995.33,0,0,48770.44,0,0,0.0,0,0,0,1401.7689419795222,0.0,582.5215017064846,819.2474402730376,1,1,2026-06-10 17:41:22.494414
NE-HV_AirDist-SupFanMtr-cDXOH-2SpClgHtg-Cnst,None,OfL,Ex,CZ16,cDXOH,0,Each,1.0,349919.98054675205,2621691.9,462712.61,0,829334.66,0.0,253521.81,0,0,1073272.46,0,0,0.0,0,0,0,6449.887372013653,0.0,2054.3300341296926,4395.557337883959,1,1,2026-06-10 17:41:22.494414
NE-HV_AirDist-SupFanMtr-cDXOH-2SpClgHtg-Cnst,None,OfL,Ex,CZ15,cDXOH,0,Each,1.0,349919.98054675205,3246500.9600000004,462712.61,0,829334.66,0.0,993776.16,0,0,955319.26,0,0,0.0,0,0,0,3547.7204778156997,0.0,426.061433447099,3121.6590443686005,1,1,2026-06-10 17:41:22.494414
NE-HV_AirDist-SupFanMtr-cDXOH-2SpClgHtg-Cnst,None,OfL,Ex,CZ14,cDXOH,0,Each,1.0,349919.98054675205,2849349.95,462712.61,0,829334.66,0.0,577395.04,0,0,976276.29,0,0,0.0,0,0,0,4809.120819112628,0.0,983.7843003412969,3825.336518771331,1,1,2026-06-10 17:41:22.494414
NE-HV_AirDist-SupFanMtr-cDXOH-2SpClgHtg-Cnst,None,OfL,Ex,CZ13,cDXOH,0,Each,1.0,349919.98054675205,2831057.3,462712.61,0,829334.66,0.0,589412.78,0,0,945747.83,0,0,0.0,0,0,0,4683.046757679181,0.0,966.6054607508532,3716.4412969283276,1,1,2026-06-10 17:41:22.494414
NE-HV_AirDist-SupFanMtr-cDXOH-2SpClgHtg-Cnst,None,OfL,Ex,CZ12,cDXOH,0,Each,1.0,349919.98054675205,2608334.4699999997,462712.61,0,829334.66,0.0,409240.19,0,0,903926.72,0,0,0.0,0,0,0,5096.702730375427,0.0,1120.738566552901,3975.9641638225253,1,1,2026-06-10 17:41:22.494414
NE-HV_AirDist-SupFanMtr-cDXOH-2SpClgHtg-Cnst,None,OfL,Ex,CZ11,cDXOH,0,Each,1.0,349919.98054675205,2825744.3099999996,462712.61,0,829334.66,0.0,567083.28,0,0,962953.25,0,0,0.0,0,0,0,5026.264163822525,0.0,1230.6180887372013,3795.646075085324,1,1,2026-06-10 17:41:22.494414
NE-HV_AirDist-SupFanMtr-cDXOH-2SpClgHtg-Cnst,None,OfL,Ex,CZ10,cDXOH,0,Each,1.0,349919.98054675205,2748675.63,462712.61,0,829334.66,0.0,553108.32,0,0,899556.45,0,0,0.0,0,0,0,4145.628668941979,0.0,445.8508532423208,3699.7778156996587,1,1,2026-06-10 17:41:22.494414
NE-HV_AirDist-SupFanMtr-cDXOH-2SpClgHtg-Cnst,None,OfL,Ex,CZ09,cDXOH,0,Each,1.0,349919.98054675205,2791696.64,462712.61,0,829334.66,0.0,533201.48,0,0,962396.17,0,0,0.0,0,0,0,4178.373378839591,0.0,429.5,3748.8733788395907,1,1,2026-06-10 17:41:22.494414
NE-HV_AirDist-SupFanMtr-cDXOH-2SpClgHtg-Cnst,None,OfL,Ex,CZ08,cDXOH,0,Each,1.0,349919.98054675205,2746707.59,462712.61,0,829334.66,0.0,527145.4,0,0,923380.51,0,0,0.0,0,0,0,4057.6610921501706,0.0,336.37440273037544,3721.286689419795,1,1,2026-06-10 17:41:22.494414
NE-HV_AirDist-SupFanMtr-cDXOH-2SpClgHtg-Cnst,None,OfL,Ex,CZ07,cDXOH,0,Each,1.0,349919.98054675205,2539587.31,462712.61,0,829334.66,0.0,378004.63,0,0,865597.47,0,0,0.0,0,0,0,4007.6337883959045,0.0,205.76518771331058,3801.8686006825938,1,1,2026-06-10 17:41:22.494414
NE-HV_AirDist-SupFanMtr-cDXOH-2SpClgHtg-Cnst,None,OfL,Ex,CZ06,cDXOH,0,Each,1.0,349919.98054675205,2515412.23,462712.61,0,829334.66,0.0,344714.81,0,0,875014.12,0,0,0.0,0,0,0,4088.4423208191124,0.0,246.10068259385665,3842.341638225256,1,1,2026-06-10 17:41:22.494414
NE-HV_AirDist-SupFanMtr-cDXOH-2SpClgHtg-Cnst,None,OfL,Ex,CZ05,cDXOH,0,Each,1.0,349919.98054675205,2387180.81,462712.61,0,829334.66,0.0,191062.45,0,0,901771.78,0,0,0.0,0,0,0,4920.658361774743,0.0,741.8610921501706,4178.797269624573,1,1,2026-06-10 17:41:22.494414
NE-HV_AirDist-SupFanMtr-cDXOH-2SpClgHtg-Cnst,None,OfL,Ex,CZ04,cDXOH,0,Each,1.0,349919.98054675205,2653646.36,462712.61,0,829334.66,0.0,424718.12,0,0,933963.9,0,0,0.0,0,0,0,5157.906484641639,0.0,1120.2300341296927,4037.6764505119454,1,1,2026-06-10 17:41:22.494414
NE-HV_AirDist-SupFanMtr-cDXOH-2SpClgHtg-Cnst,None,OfL,Ex,CZ03,cDXOH,0,Each,1.0,349919.98054675205,2326582.1599999997,462712.61,0,829334.66,0.0,148338.34,0,0,883810.4,0,0,0.0,0,0,0,4949.88156996587,0.0,790.8692832764506,4159.01228668942,1,1,2026-06-10 17:41:22.494414
NE-HV_AirDist-SupFanMtr-cDXOH-2SpClgHtg-Cnst,None,OfL,Ex,CZ02,cDXOH,0,Each,1.0,349919.98054675205,2484425.8600000003,462712.61,0,829334.66,0.0,280067.18,0,0,909928.52,0,0,0.0,0,0,0,5505.7119453924915,0.0,1300.5805460750853,4205.131399317406,1,1,2026-06-10 17:41:22.494414
NE-HV_AirDist-SupFanMtr-cDXOH-2SpClgHtg-Cnst,None,OfL,Ex,CZ01,cDXOH,0,Each,1.0,349919.98054675205,2130336.67,462712.61,0,829334.66,0.0,27481.92,0,0,810000.18,0,0,0.0,0,0,0,6161.403412969283,0.0,1666.90409556314,4494.499317406143,1,1,2026-06-10 17:41:22.494414
NE-HV_AirDist-SupFanMtr-cDXHP-2SpClgHtg-Cnst,None,OfL,Ex,CZ16,cDXHP,0,Each,1.0,349919.98054675205,2643286.63,462712.61,0,829334.66,25342.02,257178.98,0,0,1065867.69,0,0,0.0,0,0,0,6448.372696245734,0.0,2050.1283276450513,4398.244368600683,1,1,2026-06-10 17:41:22.494414
NE-HV_AirDist-SupFanMtr-cDXHP-2SpClgHtg-Cnst,None,OfL,Ex,CZ15,cDXHP,0,Each,1.0,349919.98054675205,3266947.0,462712.61,0,829334.66,1148.85,1013238.96,0,0,955153.55,0,0,0.0,0,0,0,3547.6870307167233,0.0,426.01740614334466,3121.6696245733788,1,1,2026-06-10 17:41:22.494414
NE-HV_AirDist-SupFanMtr-cDXHP-2SpClgHtg-Cnst,None,OfL,Ex,CZ14,cDXHP,0,Each,1.0,349919.98054675205,2871495.44,462712.61,0,829334.66,11377.72,591012.75,0,0,973426.71,0,0,0.0,0,0,0,4809.826279863481,0.0,983.4160409556314,3826.41023890785,1,1,2026-06-10 17:41:22.494414
NE-HV_AirDist-SupFanMtr-cDXHP-2SpClgHtg-Cnst,None,OfL,Ex,CZ13,cDXHP,0,Each,1.0,349919.98054675205,2849189.8800000004,462712.61,0,829334.66,8725.87,601398.44,0,0,943169.64,0,0,0.0,0,0,0,4684.841296928328,0.0,967.3136518771331,3717.527645051194,1,1,2026-06-10 17:41:22.494414
NE-HV_AirDist-SupFanMtr-cDXHP-2SpClgHtg-Cnst,None,OfL,Ex,CZ12,cDXHP,0,Each,1.0,349919.98054675205,2624066.72,462712.61,0,829334.66,11409.06,416850.6,0,0,900639.41,0,0,0.0,0,0,0,5097.436518771331,0.0,1120.119795221843,3977.316723549488,1,1,2026-06-10 17:41:22.494414
NE-HV_AirDist-SupFanMtr-cDXHP-2SpClgHtg-Cnst,None,OfL,Ex,CZ11,cDXHP,0,Each,1.0,349919.98054675205,2846671.1299999994,462712.61,0,829334.66,12342.44,579579.72,0,0,959046.82,0,0,0.0,0,0,0,5029.844368600682,0.0,1233.7716723549488,3796.0726962457334,1,1,2026-06-10 17:41:22.494414
NE-HV_AirDist-SupFanMtr-cDXHP-2SpClgHtg-Cnst,None,OfL,Ex,CZ10,cDXHP,0,Each,1.0,349919.98054675205,2758389.6399999997,462712.61,0,829334.66,2794.63,560303.75,0,0,899280.44,0,0,0.0,0,0,0,4146.28156996587,0.0,446.3866894197952,3699.894880546075,1,1,2026-06-10 17:41:22.494414
NE-HV_AirDist-SupFanMtr-cDXHP-2SpClgHtg-Cnst,None,OfL,Ex,CZ09,cDXHP,0,Each,1.0,349919.98054675205,2800754.6199999996,462712.61,0,829334.66,2990.65,539645.71,0,0,962019.46,0,0,0.0,0,0,0,4178.860750853242,0.0,429.99522184300343,3748.865529010239,1,1,2026-06-10 17:41:22.494414
NE-HV_AirDist-SupFanMtr-cDXHP-2SpClgHtg-Cnst,None,OfL,Ex,CZ08,cDXHP,0,Each,1.0,349919.98054675205,2752417.3699999996,462712.61,0,829334.66,2113.67,530965.57,0,0,923156.23,0,0,0.0,0,0,0,4057.856313993174,0.0,336.4754266211604,3721.3808873720136,1,1,2026-06-10 17:41:22.494414
NE-HV_AirDist-SupFanMtr-cDXHP-2SpClgHtg-Cnst,None,OfL,Ex,CZ07,cDXHP,0,Each,1.0,349919.98054675205,2540187.85,462712.61,0,829334.66,1109.34,377556.06,0,0,865537.44,0,0,0.0,0,0,0,4009.2348122866892,0.0,207.36211604095564,3801.8726962457336,1,1,2026-06-10 17:41:22.494414
NE-HV_AirDist-SupFanMtr-cDXHP-2SpClgHtg-Cnst,None,OfL,Ex,CZ06,cDXHP,0,Each,1.0,349919.98054675205,2515875.95,462712.61,0,829334.66,1661.3,343757.93,0,0,874773.5,0,0,0.0,0,0,0,4088.968941979522,0.0,246.59078498293513,3842.3781569965868,1,1,2026-06-10 17:41:22.494414
NE-HV_AirDist-SupFanMtr-cDXHP-2SpClgHtg-Cnst,None,OfL,Ex,CZ05,cDXHP,0,Each,1.0,349919.98054675205,2394992.29,462712.61,0,829334.66,7409.15,192374.2,0,0,900862.27,0,0,0.0,0,0,0,4921.1798634812285,0.0,742.011604095563,4179.168259385666,1,1,2026-06-10 17:41:22.494414
NE-HV_AirDist-SupFanMtr-cDXHP-2SpClgHtg-Cnst,None,OfL,Ex,CZ04,cDXHP,0,Each,1.0,349919.98054675205,2673196.1599999997,462712.61,0,829334.66,12003.15,434951.65,0,0,931277.79,0,0,0.0,0,0,0,5159.15699658703,0.0,1120.3941979522185,4038.762798634812,1,1,2026-06-10 17:41:22.494414
NE-HV_AirDist-SupFanMtr-cDXHP-2SpClgHtg-Cnst,None,OfL,Ex,CZ03,cDXHP,0,Each,1.0,349919.98054675205,2333284.61,462712.61,0,829334.66,8002.85,148447.12,0,0,882400.64,0,0,0.0,0,0,0,4950.939249146758,0.0,791.4610921501707,4159.478156996587,1,1,2026-06-10 17:41:22.494414
NE-HV_AirDist-SupFanMtr-cDXHP-2SpClgHtg-Cnst,None,OfL,Ex,CZ02,cDXHP,0,Each,1.0,349919.98054675205,2499866.86,462712.61,0,829334.66,13535.51,285144.98,0,0,906756.33,0,0,0.0,0,0,0,5507.405802047781,0.0,1300.6641638225256,4206.741638225256,1,1,2026-06-10 17:41:22.494414
NE-HV_AirDist-SupFanMtr-cDXHP-2SpClgHtg-Cnst,None,OfL,Ex,CZ01,cDXHP,0,Each,1.0,349919.98054675205,2145520.83,462712.61,0,829334.66,20281.38,27136.0,0,0,805248.52,0,0,0.0,0,0,0,6161.742320819113,0.0,1666.7505119453924,4494.99180887372,1,1,2026-06-10 17:41:22.494414
NE-HV_AirDist-SupFanMtr-cDXGF-2SpClgHtg-Cnst,None,OfL,Ex,CZ16,cDXGF,0,Each,1.0,349919.98054675205,2617823.5,462712.61,0,829334.66,0.0,257057.64,0,0,1065867.81,0,0,0.0,0,0,0,10022.63447098976,0.0,5624.373037542662,4398.261433447099,1,1,2026-06-10 17:41:22.494414
NE-HV_AirDist-SupFanMtr-cDXGF-2SpClgHtg-Cnst,None,OfL,Ex,CZ15,cDXGF,0,Each,1.0,349919.98054675205,3267254.74,462712.61,0,829334.66,0.0,1014694.13,0,0,955154.97,0,0,0.0,0,0,0,3742.6583617747438,0.0,620.9887372013652,3121.6696245733788,1,1,2026-06-10 17:41:22.494414
NE-HV_AirDist-SupFanMtr-cDXGF-2SpClgHtg-Cnst,None,OfL,Ex,CZ14,cDXGF,0,Each,1.0,349919.98054675205,2860508.88,462712.61,0,829334.66,0.0,591403.89,0,0,973426.72,0,0,0.0,0,0,0,6474.509215017065,0.0,2648.1068259385665,3826.402389078498,1,1,2026-06-10 17:41:22.494414
NE-HV_AirDist-SupFanMtr-cDXGF-2SpClgHtg-Cnst,None,OfL,Ex,CZ13,cDXGF,0,Each,1.0,349919.98054675205,2841056.9099999997,462712.61,0,829334.66,0.0,601988.54,0,0,943172.53,0,0,0.0,0,0,0,6108.01843003413,0.0,2390.496587030717,3717.521843003413,1,1,2026-06-10 17:41:22.494414
NE-HV_AirDist-SupFanMtr-cDXGF-2SpClgHtg-Cnst,None,OfL,Ex,CZ12,cDXGF,0,Each,1.0,349919.98054675205,2613764.88,462712.61,0,829334.66,0.0,417959.05,0,0,900638.22,0,0,0.0,0,0,0,6953.886689419795,0.0,2976.5798634812286,3977.3068259385664,1,1,2026-06-10 17:41:22.494414
NE-HV_AirDist-SupFanMtr-cDXGF-2SpClgHtg-Cnst,None,OfL,Ex,CZ11,cDXGF,0,Each,1.0,349919.98054675205,2834575.83,462712.61,0,829334.66,0.0,579827.26,0,0,959046.43,0,0,0.0,0,0,0,7012.251877133105,0.0,3216.1774744027302,3796.0744027303754,1,1,2026-06-10 17:41:22.494414
NE-HV_AirDist-SupFanMtr-cDXGF-2SpClgHtg-Cnst,None,OfL,Ex,CZ10,cDXGF,0,Each,1.0,349919.98054675205,2760199.1599999997,462712.61,0,829334.66,0.0,564907.75,0,0,899280.59,0,0,0.0,0,0,0,4621.932423208191,0.0,922.0849829351536,3699.8474402730376,1,1,2026-06-10 17:41:22.494414
NE-HV_AirDist-SupFanMtr-cDXGF-2SpClgHtg-Cnst,None,OfL,Ex,CZ09,cDXGF,0,Each,1.0,349919.98054675205,2801557.12,462712.61,0,829334.66,0.0,543430.14,0,0,962028.18,0,0,0.0,0,0,0,4699.831740614334,0.0,950.9539249146758,3748.8778156996586,1,1,2026-06-10 17:41:22.494414
NE-HV_AirDist-SupFanMtr-cDXGF-2SpClgHtg-Cnst,None,OfL,Ex,CZ08,cDXGF,0,Each,1.0,349919.98054675205,2757388.4499999997,462712.61,0,829334.66,0.0,538028.8,0,0,923177.73,0,0,0.0,0,0,0,4436.476109215017,0.0,715.0880546075085,3721.3880546075084,1,1,2026-06-10 17:41:22.494414
NE-HV_AirDist-SupFanMtr-cDXGF-2SpClgHtg-Cnst,None,OfL,Ex,CZ07,cDXGF,0,Each,1.0,349919.98054675205,2544967.5700000003,462712.61,0,829334.66,0.0,383414.84,0,0,865567.72,0,0,0.0,0,0,0,4215.502389078498,0.0,413.62969283276453,3801.8726962457336,1,1,2026-06-10 17:41:22.494414
NE-HV_AirDist-SupFanMtr-cDXGF-2SpClgHtg-Cnst,None,OfL,Ex,CZ06,cDXGF,0,Each,1.0,349919.98054675205,2520741.85,462712.61,0,829334.66,0.0,350239.02,0,0,874819.61,0,0,0.0,0,0,0,4398.520477815699,0.0,556.1423208191126,3842.3781569965868,1,1,2026-06-10 17:41:22.494414
NE-HV_AirDist-SupFanMtr-cDXGF-2SpClgHtg-Cnst,None,OfL,Ex,CZ05,cDXGF,0,Each,1.0,349919.98054675205,2388384.43,462712.61,0,829334.66,0.0,193175.51,0,0,900862.25,0,0,0.0,0,0,0,6210.653583617747,0.0,2031.5484641638225,4179.105119453925,1,1,2026-06-10 17:41:22.494414
NE-HV_AirDist-SupFanMtr-cDXGF-2SpClgHtg-Cnst,None,OfL,Ex,CZ04,cDXGF,0,Each,1.0,349919.98054675205,2660770.3199999994,462712.61,0,829334.66,0.0,434526.49,0,0,931280.26,0,0,0.0,0,0,0,7027.352559726962,0.0,2988.4897610921503,4038.862798634812,1,1,2026-06-10 17:41:22.494414
NE-HV_AirDist-SupFanMtr-cDXGF-2SpClgHtg-Cnst,None,OfL,Ex,CZ03,cDXGF,0,Each,1.0,349919.98054675205,2326833.7600000002,462712.61,0,829334.66,0.0,149998.27,0,0,882401.49,0,0,0.0,0,0,0,6398.260068259387,0.0,2238.7672354948804,4159.492832764505,1,1,2026-06-10 17:41:22.494414
NE-HV_AirDist-SupFanMtr-cDXGF-2SpClgHtg-Cnst,None,OfL,Ex,CZ02,cDXGF,0,Each,1.0,349919.98054675205,2486944.2900000005,462712.61,0,829334.66,0.0,285758.66,0,0,906755.72,0,0,0.0,0,0,0,7708.39180887372,0.0,3501.452559726962,4206.939249146758,1,1,2026-06-10 17:41:22.494414
NE-HV_AirDist-SupFanMtr-cDXGF-2SpClgHtg-Cnst,None,OfL,Ex,CZ01,cDXGF,0,Each,1.0,349919.98054675205,2126010.51,462712.61,0,829334.66,0.0,27907.52,0,0,805248.11,0,0,0.0,0,0,0,9681.506825938568,0.0,5186.515699658703,4494.991126279863,1,1,2026-06-10 17:41:22.494414
NE-HV_AirDist-SupFanMtr-cDXOH-2SpClgHtg-Cnst,None,Nrs,Ex,CZ16,cDXOH,0,Each,1.0,110998.73571404802,749526.43,200868.06,0,281574.59,0.0,72607.69,0,0,194432.63,0,0,0.0,0,0,0,11004.748464163822,2247.4839590443685,4489.532081911263,4267.732423208191,1,1,2026-06-10 17:41:22.494414
NE-HV_AirDist-SupFanMtr-cDXOH-2SpClgHtg-Cnst,None,Nrs,Ex,CZ15,cDXOH,0,Each,1.0,110998.73571404802,1002977.6300000001,200868.06,0,281574.59,0.0,313574.67,0,0,206933.03,0,0,0.0,0,0,0,6077.324914675768,2247.4839590443685,762.6027303754265,3067.238225255973,1,1,2026-06-10 17:41:22.494414
NE-HV_AirDist-SupFanMtr-cDXOH-2SpClgHtg-Cnst,None,Nrs,Ex,CZ14,cDXOH,0,Each,1.0,110998.73571404802,843922.4,200868.06,0,281574.59,0.0,170457.91,0,0,190992.24,0,0,0.0,0,0,0,7953.967918088737,2247.4839590443685,1951.6597269624572,3754.8242320819113,1,1,2026-06-10 17:41:22.494414
NE-HV_AirDist-SupFanMtr-cDXOH-2SpClgHtg-Cnst,None,Nrs,Ex,CZ13,cDXOH,0,Each,1.0,110998.73571404802,845061.3500000001,200868.06,0,281574.59,0.0,180410.76,0,0,182175.69,0,0,0.0,0,0,0,8157.526621160409,2247.4839590443685,2263.1453924914676,3646.8972696245733,1,1,2026-06-10 17:41:22.494414
NE-HV_AirDist-SupFanMtr-cDXOH-2SpClgHtg-Cnst,None,Nrs,Ex,CZ12,cDXOH,0,Each,1.0,110998.73571404802,772408.6000000001,200868.06,0,281574.59,0.0,122612.47,0,0,167322.36,0,0,0.0,0,0,0,8569.638907849829,2247.4839590443685,2416.58156996587,3905.5733788395905,1,1,2026-06-10 17:41:22.494414
NE-HV_AirDist-SupFanMtr-cDXOH-2SpClgHtg-Cnst,None,Nrs,Ex,CZ11,cDXOH,0,Each,1.0,110998.73571404802,838238.3200000001,200868.06,0,281574.59,0.0,172103.11,0,0,183656.28,0,0,0.0,0,0,0,8660.731058020478,2247.4839590443685,2683.807508532423,3729.439590443686,1,1,2026-06-10 17:41:22.494414
NE-HV_AirDist-SupFanMtr-cDXOH-2SpClgHtg-Cnst,None,Nrs,Ex,CZ10,cDXOH,0,Each,1.0,110998.73571404802,823361.24,200868.06,0,281574.59,0.0,164179.41,0,0,176712.95,0,0,0.0,0,0,0,6515.976450511945,2247.4839590443685,632.425938566553,3636.066552901024,1,1,2026-06-10 17:41:22.494414
NE-HV_AirDist-SupFanMtr-cDXOH-2SpClgHtg-Cnst,None,Nrs,Ex,CZ09,cDXOH,0,Each,1.0,110998.73571404802,816123.4100000001,200868.06,0,281574.59,0.0,152560.98,0,0,181096.06,0,0,0.0,0,0,0,6805.813993174062,2247.4839590443685,879.216723549488,3679.113310580205,1,1,2026-06-10 17:41:22.494414
NE-HV_AirDist-SupFanMtr-cDXOH-2SpClgHtg-Cnst,None,Nrs,Ex,CZ08,cDXOH,0,Each,1.0,110998.73571404802,811757.4700000002,200868.06,0,281574.59,0.0,155115.95,0,0,174170.57,0,0,0.0,0,0,0,6600.047098976109,2247.4839590443685,704.9470989761093,3647.616040955631,1,1,2026-06-10 17:41:22.494414
NE-HV_AirDist-SupFanMtr-cDXOH-2SpClgHtg-Cnst,None,Nrs,Ex,CZ07,cDXOH,0,Each,1.0,110998.73571404802,754548.7100000001,200868.06,0,281574.59,0.0,114772.44,0,0,157299.39,0,0,0.0,0,0,0,6334.573720136519,2247.4839590443685,350.71126279863483,3736.3784982935153,1,1,2026-06-10 17:41:22.494414
NE-HV_AirDist-SupFanMtr-cDXOH-2SpClgHtg-Cnst,None,Nrs,Ex,CZ06,cDXOH,0,Each,1.0,110998.73571404802,755645.14,200868.06,0,281574.59,0.0,114279.07,0,0,158882.02,0,0,0.0,0,0,0,6585.851194539249,2247.4839590443685,572.165529010239,3766.201706484642,1,1,2026-06-10 17:41:22.494414
NE-HV_AirDist-SupFanMtr-cDXOH-2SpClgHtg-Cnst,None,Nrs,Ex,CZ05,cDXOH,0,Each,1.0,110998.73571404802,705000.77,200868.06,0,281574.59,0.0,66160.99,0,0,156362.75,0,0,0.0,0,0,0,7557.773378839591,2247.4839590443685,1189.994880546075,4120.2945392491465,1,1,2026-06-10 17:41:22.494414
NE-HV_AirDist-SupFanMtr-cDXOH-2SpClgHtg-Cnst,None,Nrs,Ex,CZ04,cDXOH,0,Each,1.0,110998.73571404802,777160.12,200868.06,0,281574.59,0.0,124283.33,0,0,170402.99,0,0,0.0,0,0,0,8297.257337883959,2247.4839590443685,2091.617406143345,3958.1559726962455,1,1,2026-06-10 17:41:22.494414
NE-HV_AirDist-SupFanMtr-cDXOH-2SpClgHtg-Cnst,None,Nrs,Ex,CZ03,cDXOH,0,Each,1.0,110998.73571404802,690336.4800000001,200868.06,0,281574.59,0.0,54542.5,0,0,153322.69,0,0,0.0,0,0,0,7784.439249146758,2247.4839590443685,1428.525938566553,4108.429351535836,1,1,2026-06-10 17:41:22.494414
NE-HV_AirDist-SupFanMtr-cDXOH-2SpClgHtg-Cnst,None,Nrs,Ex,CZ02,cDXOH,0,Each,1.0,110998.73571404802,722394.8600000001,200868.06,0,281574.59,0.0,80712.17,0,0,159209.49,0,0,0.0,0,0,0,8813.45119453925,2247.4839590443685,2420.258361774744,4145.708873720137,1,1,2026-06-10 17:41:22.494414
NE-HV_AirDist-SupFanMtr-cDXOH-2SpClgHtg-Cnst,None,Nrs,Ex,CZ01,cDXOH,0,Each,1.0,110998.73571404802,641921.76,200868.06,0,281574.59,0.0,24169.58,0,0,135266.07,0,0,0.0,0,0,0,10251.903412969285,2247.4839590443685,3568.0197952218427,4436.3996587030715,1,1,2026-06-10 17:41:22.494414
NE-HV_AirDist-SupFanMtr-cDXHP-2SpClgHtg-Cnst,None,Nrs,Ex,CZ16,cDXHP,0,Each,1.0,110998.73571404802,758669.1599999999,200868.06,0,281574.59,9151.71,72834.14,0,0,194200.18,0,0,0.0,0,0,0,10727.942320819113,2247.4839590443685,4211.300341296928,4269.158020477816,1,1,2026-06-10 17:41:22.494414
NE-HV_AirDist-SupFanMtr-cDXHP-2SpClgHtg-Cnst,None,Nrs,Ex,CZ15,cDXHP,0,Each,1.0,110998.73571404802,1006728.9800000001,200868.06,0,281574.59,461.44,316883.26,0,0,206914.81,0,0,0.0,0,0,0,6063.380887372014,2247.4839590443685,749.1747440273037,3066.7221843003413,1,1,2026-06-10 17:41:22.494414
NE-HV_AirDist-SupFanMtr-cDXHP-2SpClgHtg-Cnst,None,Nrs,Ex,CZ14,cDXHP,0,Each,1.0,110998.73571404802,850228.5000000001,200868.06,0,281574.59,4353.73,172432.49,0,0,190971.08,0,0,0.0,0,0,0,7822.574402730375,2247.4839590443685,1820.9064846416381,3754.1839590443683,1,1,2026-06-10 17:41:22.494414
NE-HV_AirDist-SupFanMtr-cDXHP-2SpClgHtg-Cnst,None,Nrs,Ex,CZ13,cDXHP,0,Each,1.0,110998.73571404802,850694.1600000001,200868.06,0,281574.59,3781.04,182303.2,0,0,182136.06,0,0,0.0,0,0,0,8008.111604095562,2247.4839590443685,2114.1348122866893,3646.4928327645052,1,1,2026-06-10 17:41:22.494414
NE-HV_AirDist-SupFanMtr-cDXHP-2SpClgHtg-Cnst,None,Nrs,Ex,CZ12,cDXHP,0,Each,1.0,110998.73571404802,778013.3600000001,200868.06,0,281574.59,4650.31,123617.15,0,0,167273.3,0,0,0.0,0,0,0,8394.075767918088,2247.4839590443685,2240.6696245733788,3905.9221843003415,1,1,2026-06-10 17:41:22.494414
NE-HV_AirDist-SupFanMtr-cDXHP-2SpClgHtg-Cnst,None,Nrs,Ex,CZ11,cDXHP,0,Each,1.0,110998.73571404802,844741.54,200868.06,0,281574.59,4676.22,174018.91,0,0,183568.53,0,0,0.0,0,0,0,8508.75290102389,2247.4839590443685,2532.3904436860066,3728.8784982935153,1,1,2026-06-10 17:41:22.494414
NE-HV_AirDist-SupFanMtr-cDXHP-2SpClgHtg-Cnst,None,Nrs,Ex,CZ10,cDXHP,0,Each,1.0,110998.73571404802,825875.94,200868.06,0,281574.59,1166.83,165533.48,0,0,176706.95,0,0,0.0,0,0,0,6494.5781569965875,2247.4839590443685,610.4914675767918,3636.6027303754267,1,1,2026-06-10 17:41:22.494414
NE-HV_AirDist-SupFanMtr-cDXHP-2SpClgHtg-Cnst,None,Nrs,Ex,CZ09,cDXHP,0,Each,1.0,110998.73571404802,818544.7200000001,200868.06,0,281574.59,1064.73,153957.54,0,0,181056.39,0,0,0.0,0,0,0,6781.167918088737,2247.4839590443685,853.7641638225256,3679.919795221843,1,1,2026-06-10 17:41:22.494414
NE-HV_AirDist-SupFanMtr-cDXHP-2SpClgHtg-Cnst,None,Nrs,Ex,CZ08,cDXHP,0,Each,1.0,110998.73571404802,813801.6800000002,200868.06,0,281574.59,781.69,156366.28,0,0,174182.9,0,0,0.0,0,0,0,6585.211262798634,2247.4839590443685,689.0276450511944,3648.6996587030712,1,1,2026-06-10 17:41:22.494414
NE-HV_AirDist-SupFanMtr-cDXHP-2SpClgHtg-Cnst,None,Nrs,Ex,CZ07,cDXHP,0,Each,1.0,110998.73571404802,755093.3700000001,200868.06,0,281574.59,325.85,114929.34,0,0,157361.37,0,0,0.0,0,0,0,6337.315017064847,2247.4839590443685,352.0952218430034,3737.7358361774745,1,1,2026-06-10 17:41:22.494414
NE-HV_AirDist-SupFanMtr-cDXHP-2SpClgHtg-Cnst,None,Nrs,Ex,CZ06,cDXHP,0,Each,1.0,110998.73571404802,756015.1399999999,200868.06,0,281574.59,463.69,114166.6,0,0,158901.13,0,0,0.0,0,0,0,6578.874402730376,2247.4839590443685,565.4832764505119,3765.907167235495,1,1,2026-06-10 17:41:22.494414
NE-HV_AirDist-SupFanMtr-cDXHP-2SpClgHtg-Cnst,None,Nrs,Ex,CZ05,cDXHP,0,Each,1.0,110998.73571404802,708317.77,200868.06,0,281574.59,2844.92,66609.03,0,0,156387.44,0,0,0.0,0,0,0,7477.263822525598,2247.4839590443685,1110.096928327645,4119.6829351535835,1,1,2026-06-10 17:41:22.494414
NE-HV_AirDist-SupFanMtr-cDXHP-2SpClgHtg-Cnst,None,Nrs,Ex,CZ04,cDXHP,0,Each,1.0,110998.73571404802,783212.53,200868.06,0,281574.59,4597.64,125728.87,0,0,170413.02,0,0,0.0,0,0,0,8163.828668941979,2247.4839590443685,1958.5921501706484,3957.7525597269623,1,1,2026-06-10 17:41:22.494414
NE-HV_AirDist-SupFanMtr-cDXHP-2SpClgHtg-Cnst,None,Nrs,Ex,CZ03,cDXHP,0,Each,1.0,110998.73571404802,693294.81,200868.06,0,281574.59,2728.63,54755.01,0,0,153340.47,0,0,0.0,0,0,0,7697.282252559727,2247.4839590443685,1340.6672354948805,4109.131058020477,1,1,2026-06-10 17:41:22.494414
NE-HV_AirDist-SupFanMtr-cDXHP-2SpClgHtg-Cnst,None,Nrs,Ex,CZ02,cDXHP,0,Each,1.0,110998.73571404802,728480.49,200868.06,0,281574.59,5287.35,81521.06,0,0,159199.96,0,0,0.0,0,0,0,8642.442320819113,2247.4839590443685,2249.512627986348,4145.445733788396,1,1,2026-06-10 17:41:22.494414
NE-HV_AirDist-SupFanMtr-cDXHP-2SpClgHtg-Cnst,None,Nrs,Ex,CZ01,cDXHP,0,Each,1.0,110998.73571404802,649358.33,200868.06,0,281574.59,7594.37,24166.82,0,0,135113.03,0,0,0.0,0,0,0,9944.450511945392,2247.4839590443685,3260.9689419795222,4435.997610921501,1,1,2026-06-10 17:41:22.494414
NE-HV_AirDist-SupFanMtr-cDXGF-2SpClgHtg-Cnst,None,Nrs,Ex,CZ16,cDXGF,0,Each,1.0,110998.73571404802,749914.81,200868.06,0,281574.59,0.0,73217.93,0,0,194213.87,0,0,0.0,0,0,0,12241.786348122867,2247.4839590443685,5727.137883959044,4267.164505119454,1,1,2026-06-10 17:41:22.494414
NE-HV_AirDist-SupFanMtr-cDXGF-2SpClgHtg-Cnst,None,Nrs,Ex,CZ15,cDXGF,0,Each,1.0,110998.73571404802,1006347.1600000001,200868.06,0,281574.59,0.0,316955.46,0,0,206921.78,0,0,0.0,0,0,0,6160.592832764505,2247.4839590443685,847.4754266211603,3065.633447098976,1,1,2026-06-10 17:41:22.494414
NE-HV_AirDist-SupFanMtr-cDXGF-2SpClgHtg-Cnst,None,Nrs,Ex,CZ14,cDXGF,0,Each,1.0,110998.73571404802,846145.12,200868.06,0,281574.59,0.0,172699.67,0,0,190974.18,0,0,0.0,0,0,0,8583.61638225256,2247.4839590443685,2580.9358361774744,3755.1965870307163,1,1,2026-06-10 17:41:22.494414
NE-HV_AirDist-SupFanMtr-cDXGF-2SpClgHtg-Cnst,None,Nrs,Ex,CZ13,cDXGF,0,Each,1.0,110998.73571404802,847112.49,200868.06,0,281574.59,0.0,182525.83,0,0,182112.78,0,0,0.0,0,0,0,8730.972354948804,2247.4839590443685,2835.6071672354947,3647.8812286689417,1,1,2026-06-10 17:41:22.494414
NE-HV_AirDist-SupFanMtr-cDXGF-2SpClgHtg-Cnst,None,Nrs,Ex,CZ12,cDXGF,0,Each,1.0,110998.73571404802,773570.88,200868.06,0,281574.59,0.0,123849.35,0,0,167249.03,0,0,0.0,0,0,0,9281.564505119455,2247.4839590443685,3128.3911262798633,3905.6894197952215,1,1,2026-06-10 17:41:22.494414
NE-HV_AirDist-SupFanMtr-cDXGF-2SpClgHtg-Cnst,None,Nrs,Ex,CZ11,cDXGF,0,Each,1.0,110998.73571404802,840269.79,200868.06,0,281574.59,0.0,174215.37,0,0,183576.54,0,0,0.0,0,0,0,9381.5,2247.4839590443685,3402.8726962457336,3731.1433447098975,1,1,2026-06-10 17:41:22.494414
NE-HV_AirDist-SupFanMtr-cDXGF-2SpClgHtg-Cnst,None,Nrs,Ex,CZ10,cDXGF,0,Each,1.0,110998.73571404802,825050.48,200868.06,0,281574.59,0.0,165858.27,0,0,176723.54,0,0,0.0,0,0,0,6717.564505119454,2247.4839590443685,833.7675767918088,3636.3129692832763,1,1,2026-06-10 17:41:22.494414
NE-HV_AirDist-SupFanMtr-cDXGF-2SpClgHtg-Cnst,None,Nrs,Ex,CZ09,cDXGF,0,Each,1.0,110998.73571404802,817722.0700000001,200868.06,0,281574.59,0.0,154217.17,0,0,181038.78,0,0,0.0,0,0,0,6994.5907849829355,2247.4839590443685,1067.739590443686,3679.367235494881,1,1,2026-06-10 17:41:22.494414
NE-HV_AirDist-SupFanMtr-cDXGF-2SpClgHtg-Cnst,None,Nrs,Ex,CZ08,cDXGF,0,Each,1.0,110998.73571404802,813447.1100000001,200868.06,0,281574.59,0.0,156769.15,0,0,174207.15,0,0,0.0,0,0,0,6739.691467576792,2247.4839590443685,844.082252559727,3648.1252559726963,1,1,2026-06-10 17:41:22.494414
NE-HV_AirDist-SupFanMtr-cDXGF-2SpClgHtg-Cnst,None,Nrs,Ex,CZ07,cDXGF,0,Each,1.0,110998.73571404802,755904.2400000001,200868.06,0,281574.59,0.0,116092.91,0,0,157334.62,0,0,0.0,0,0,0,6399.183276450512,2247.4839590443685,414.14744027303755,3737.551877133106,1,1,2026-06-10 17:41:22.494414
NE-HV_AirDist-SupFanMtr-cDXGF-2SpClgHtg-Cnst,None,Nrs,Ex,CZ06,cDXGF,0,Each,1.0,110998.73571404802,757001.61,200868.06,0,281574.59,0.0,115609.18,0,0,158908.95,0,0,0.0,0,0,0,6674.165529010238,2247.4839590443685,661.1245733788396,3765.556996587031,1,1,2026-06-10 17:41:22.494414
NE-HV_AirDist-SupFanMtr-cDXGF-2SpClgHtg-Cnst,None,Nrs,Ex,CZ05,cDXGF,0,Each,1.0,110998.73571404802,705551.66,200868.06,0,281574.59,0.0,66653.83,0,0,156421.41,0,0,0.0,0,0,0,8032.716382252559,2247.4839590443685,1665.1235494880546,4120.108873720136,1,1,2026-06-10 17:41:22.494414
NE-HV_AirDist-SupFanMtr-cDXGF-2SpClgHtg-Cnst,None,Nrs,Ex,CZ04,cDXGF,0,Each,1.0,110998.73571404802,778770.04,200868.06,0,281574.59,0.0,125852.5,0,0,170444.78,0,0,0.0,0,0,0,9012.499658703071,2247.4839590443685,2806.97133105802,3958.0443686006824,1,1,2026-06-10 17:41:22.494414
NE-HV_AirDist-SupFanMtr-cDXGF-2SpClgHtg-Cnst,None,Nrs,Ex,CZ03,cDXGF,0,Each,1.0,110998.73571404802,690621.08,200868.06,0,281574.59,0.0,54826.8,0,0,153323.58,0,0,0.0,0,0,0,8239.277133105803,2247.4839590443685,1882.8426621160409,4108.9505119453925,1,1,2026-06-10 17:41:22.494414
NE-HV_AirDist-SupFanMtr-cDXGF-2SpClgHtg-Cnst,None,Nrs,Ex,CZ02,cDXGF,0,Each,1.0,110998.73571404802,723246.3099999999,200868.06,0,281574.59,0.0,81576.23,0,0,159197.99,0,0,0.0,0,0,0,9645.252901023892,2247.4839590443685,3253.5880546075086,4144.180887372014,1,1,2026-06-10 17:41:22.494414
NE-HV_AirDist-SupFanMtr-cDXGF-2SpClgHtg-Cnst,None,Nrs,Ex,CZ01,cDXGF,0,Each,1.0,110998.73571404802,642007.3099999999,200868.06,0,281574.59,0.0,24391.18,0,0,135132.03,0,0,0.0,0,0,0,11468.290443686008,2247.4839590443685,4785.093174061433,4435.713310580204,1,1,2026-06-10 17:41:22.494414
NE-HV_AirDist-SupFanMtr-cDXOH-2SpClgHtg-Cnst,None,MLI,Ex,CZ16,cDXOH,0,Each,1.0,100014.057511744,1059017.5400000003,283149.19,0,239893.0,0.0,61682.15,0,0,474289.83,0,0,0.0,0,0,0,1773.6580204778156,0.0,0.0,1773.6580204778156,1,1,2026-06-10 17:41:22.494414
NE-HV_AirDist-SupFanMtr-cDXOH-2SpClgHtg-Cnst,None,MLI,Ex,CZ15,cDXOH,0,Each,1.0,100014.057511744,1328864.25,283149.19,0,239893.0,0.0,368196.99,0,0,437621.7,0,0,0.0,0,0,0,1292.453242320819,0.0,0.0,1292.453242320819,1,1,2026-06-10 17:41:22.494414
NE-HV_AirDist-SupFanMtr-cDXOH-2SpClgHtg-Cnst,None,MLI,Ex,CZ14,cDXOH,0,Each,1.0,100014.057511744,1146532.5700000003,283149.19,0,239893.0,0.0,192919.13,0,0,430567.88,0,0,0.0,0,0,0,1558.0354948805461,0.0,0.0,1558.0354948805461,1,1,2026-06-10 17:41:22.494414
NE-HV_AirDist-SupFanMtr-cDXOH-2SpClgHtg-Cnst,None,MLI,Ex,CZ13,cDXOH,0,Each,1.0,100014.057511744,1133593.8800000001,283149.19,0,239893.0,0.0,199515.15,0,0,411033.17,0,0,0.0,0,0,0,1517.0453924914675,0.0,0.0,1517.0453924914675,1,1,2026-06-10 17:41:22.494414
NE-HV_AirDist-SupFanMtr-cDXOH-2SpClgHtg-Cnst,None,MLI,Ex,CZ12,cDXOH,0,Each,1.0,100014.057511744,1042840.9199999999,283149.19,0,239893.0,0.0,127071.72,0,0,392723.64,0,0,0.0,0,0,0,1614.9699658703073,0.0,0.0,1614.9699658703073,1,1,2026-06-10 17:41:22.494414
NE-HV_AirDist-SupFanMtr-cDXOH-2SpClgHtg-Cnst,None,MLI,Ex,CZ11,cDXOH,0,Each,1.0,100014.057511744,1115232.6600000001,283149.19,0,239893.0,0.0,185349.19,0,0,406837.91,0,0,0.0,0,0,0,1546.651194539249,0.0,0.0,1546.651194539249,1,1,2026-06-10 17:41:22.494414
NE-HV_AirDist-SupFanMtr-cDXOH-2SpClgHtg-Cnst,None,MLI,Ex,CZ10,cDXOH,0,Each,1.0,100014.057511744,1084867.67,283149.19,0,239893.0,0.0,174993.73,0,0,386828.38,0,0,0.0,0,0,0,1510.3211604095563,0.0,0.0,1510.3211604095563,1,1,2026-06-10 17:41:22.494414
NE-HV_AirDist-SupFanMtr-cDXOH-2SpClgHtg-Cnst,None,MLI,Ex,CZ09,cDXOH,0,Each,1.0,100014.057511744,1068250.7500000002,283149.19,0,239893.0,0.0,156027.13,0,0,389178.06,0,0,0.0,0,0,0,1528.7723549488053,0.0,0.0,1528.7723549488053,1,1,2026-06-10 17:41:22.494414
NE-HV_AirDist-SupFanMtr-cDXOH-2SpClgHtg-Cnst,None,MLI,Ex,CZ08,cDXOH,0,Each,1.0,100014.057511744,1056814.8800000001,283149.19,0,239893.0,0.0,154393.53,0,0,379375.79,0,0,0.0,0,0,0,1518.4208191126281,0.0,0.0,1518.4208191126281,1,1,2026-06-10 17:41:22.494414
NE-HV_AirDist-SupFanMtr-cDXOH-2SpClgHtg-Cnst,None,MLI,Ex,CZ07,cDXOH,0,Each,1.0,100014.057511744,985407.6000000001,283149.19,0,239893.0,0.0,93684.66,0,0,368677.38,0,0,0.0,0,0,0,1548.7238907849828,0.0,0.0,1548.7238907849828,1,1,2026-06-10 17:41:22.494414
NE-HV_AirDist-SupFanMtr-cDXOH-2SpClgHtg-Cnst,None,MLI,Ex,CZ06,cDXOH,0,Each,1.0,100014.057511744,970018.0300000001,283149.19,0,239893.0,0.0,80453.65,0,0,366518.82,0,0,0.0,0,0,0,1564.046757679181,0.0,0.0,1564.046757679181,1,1,2026-06-10 17:41:22.494414
NE-HV_AirDist-SupFanMtr-cDXOH-2SpClgHtg-Cnst,None,MLI,Ex,CZ05,cDXOH,0,Each,1.0,100014.057511744,919386.2200000001,283149.19,0,239893.0,0.0,35550.1,0,0,360790.56,0,0,0.0,0,0,0,1690.9836177474401,0.0,0.0,1690.9836177474401,1,1,2026-06-10 17:41:22.494414
NE-HV_AirDist-SupFanMtr-cDXOH-2SpClgHtg-Cnst,None,MLI,Ex,CZ04,cDXOH,0,Each,1.0,100014.057511744,1041912.7899999999,283149.19,0,239893.0,0.0,128359.76,0,0,390507.47,0,0,0.0,0,0,0,1638.0941979522186,0.0,0.0,1638.0941979522186,1,1,2026-06-10 17:41:22.494414
NE-HV_AirDist-SupFanMtr-cDXOH-2SpClgHtg-Cnst,None,MLI,Ex,CZ03,cDXOH,0,Each,1.0,100014.057511744,903442.58,283149.19,0,239893.0,0.0,27151.91,0,0,353245.11,0,0,0.0,0,0,0,1683.5522184300341,0.0,0.0,1683.5522184300341,1,1,2026-06-10 17:41:22.494414
NE-HV_AirDist-SupFanMtr-cDXOH-2SpClgHtg-Cnst,None,MLI,Ex,CZ02,cDXOH,0,Each,1.0,100014.057511744,970719.44,283149.19,0,239893.0,0.0,73880.78,0,0,373793.1,0,0,0.0,0,0,0,1701.480204778157,0.0,0.0,1701.480204778157,1,1,2026-06-10 17:41:22.494414
NE-HV_AirDist-SupFanMtr-cDXOH-2SpClgHtg-Cnst,None,MLI,Ex,CZ01,cDXOH,0,Each,1.0,100014.057511744,885292.7600000001,283149.19,0,239893.0,0.0,1435.11,0,0,360812.09,0,0,0.0,0,0,0,1810.1098976109215,0.0,0.0,1810.1098976109215,1,1,2026-06-10 17:41:22.494414
NE-HV_AirDist-SupFanMtr-cDXHP-2SpClgHtg-Cnst,None,MLI,Ex,CZ16,cDXHP,0,Each,1.0,100014.057511744,1093254.6900000002,283149.19,0,239893.0,53777.57,62730.29,0,0,453701.27,0,0,0.0,0,0,0,1773.6580204778156,0.0,0.0,1773.6580204778156,1,1,2026-06-10 17:41:22.494414
NE-HV_AirDist-SupFanMtr-cDXHP-2SpClgHtg-Cnst,None,MLI,Ex,CZ15,cDXHP,0,Each,1.0,100014.057511744,1342719.59,283149.19,0,239893.0,3589.73,379116.39,0,0,436967.91,0,0,0.0,0,0,0,1292.453242320819,0.0,0.0,1292.453242320819,1,1,2026-06-10 17:41:22.494414
NE-HV_AirDist-SupFanMtr-cDXHP-2SpClgHtg-Cnst,None,MLI,Ex,CZ14,cDXHP,0,Each,1.0,100014.057511744,1176048.78,283149.19,0,239893.0,26896.1,200801.63,0,0,425305.49,0,0,0.0,0,0,0,1558.0354948805461,0.0,0.0,1558.0354948805461,1,1,2026-06-10 17:41:22.494414
NE-HV_AirDist-SupFanMtr-cDXHP-2SpClgHtg-Cnst,None,MLI,Ex,CZ13,cDXHP,0,Each,1.0,100014.057511744,1157888.1400000001,283149.19,0,239893.0,24171.99,206026.76,0,0,404643.83,0,0,0.0,0,0,0,1517.0453924914675,0.0,0.0,1517.0453924914675,1,1,2026-06-10 17:41:22.494414
NE-HV_AirDist-SupFanMtr-cDXHP-2SpClgHtg-Cnst,None,MLI,Ex,CZ12,cDXHP,0,Each,1.0,100014.057511744,1067692.62,283149.19,0,239893.0,29866.66,130055.03,0,0,384725.37,0,0,0.0,0,0,0,1614.9696245733787,0.0,0.0,1614.9696245733787,1,1,2026-06-10 17:41:22.494414
NE-HV_AirDist-SupFanMtr-cDXHP-2SpClgHtg-Cnst,None,MLI,Ex,CZ11,cDXHP,0,Each,1.0,100014.057511744,1144539.4500000002,283149.19,0,239893.0,30147.46,192441.55,0,0,398904.88,0,0,0.0,0,0,0,1546.6515358361773,0.0,0.0,1546.6515358361773,1,1,2026-06-10 17:41:22.494414
NE-HV_AirDist-SupFanMtr-cDXHP-2SpClgHtg-Cnst,None,MLI,Ex,CZ10,cDXHP,0,Each,1.0,100014.057511744,1094505.6800000002,283149.19,0,239893.0,8534.32,176762.12,0,0,386163.68,0,0,0.0,0,0,0,1510.3215017064845,0.0,0.0,1510.3215017064845,1,1,2026-06-10 17:41:22.494414
NE-HV_AirDist-SupFanMtr-cDXHP-2SpClgHtg-Cnst,None,MLI,Ex,CZ09,cDXHP,0,Each,1.0,100014.057511744,1076894.7600000002,283149.19,0,239893.0,8843.54,156792.51,0,0,388213.15,0,0,0.0,0,0,0,1528.7723549488053,0.0,0.0,1528.7723549488053,1,1,2026-06-10 17:41:22.494414
NE-HV_AirDist-SupFanMtr-cDXHP-2SpClgHtg-Cnst,None,MLI,Ex,CZ08,cDXHP,0,Each,1.0,100014.057511744,1062156.84,283149.19,0,239893.0,6525.94,153303.57,0,0,379281.77,0,0,0.0,0,0,0,1518.4204778156998,0.0,0.0,1518.4204778156998,1,1,2026-06-10 17:41:22.494414
NE-HV_AirDist-SupFanMtr-cDXHP-2SpClgHtg-Cnst,None,MLI,Ex,CZ07,cDXHP,0,Each,1.0,100014.057511744,988055.1699999999,283149.19,0,239893.0,3837.07,92495.16,0,0,368677.38,0,0,0.0,0,0,0,1548.7235494880545,0.0,0.0,1548.7235494880545,1,1,2026-06-10 17:41:22.494414
NE-HV_AirDist-SupFanMtr-cDXHP-2SpClgHtg-Cnst,None,MLI,Ex,CZ06,cDXHP,0,Each,1.0,100014.057511744,972517.48,283149.19,0,239893.0,4697.45,78309.87,0,0,366464.6,0,0,0.0,0,0,0,1564.0470989761093,0.0,0.0,1564.0470989761093,1,1,2026-06-10 17:41:22.494414
NE-HV_AirDist-SupFanMtr-cDXHP-2SpClgHtg-Cnst,None,MLI,Ex,CZ05,cDXHP,0,Each,1.0,100014.057511744,938132.9600000001,283149.19,0,239893.0,18378.22,37143.16,0,0,359566.02,0,0,0.0,0,0,0,1690.9757679180886,0.0,0.0,1690.9757679180886,1,1,2026-06-10 17:41:22.494414
NE-HV_AirDist-SupFanMtr-cDXHP-2SpClgHtg-Cnst,None,MLI,Ex,CZ04,cDXHP,0,Each,1.0,100014.057511744,1071637.1800000002,283149.19,0,239893.0,28262.72,133851.43,0,0,386477.47,0,0,0.0,0,0,0,1638.094880546075,0.0,0.0,1638.094880546075,1,1,2026-06-10 17:41:22.494414
NE-HV_AirDist-SupFanMtr-cDXHP-2SpClgHtg-Cnst,None,MLI,Ex,CZ03,cDXHP,0,Each,1.0,100014.057511744,922149.4700000001,283149.19,0,239893.0,20450.6,27612.1,0,0,351041.21,0,0,0.0,0,0,0,1683.5522184300341,0.0,0.0,1683.5522184300341,1,1,2026-06-10 17:41:22.494414
NE-HV_AirDist-SupFanMtr-cDXHP-2SpClgHtg-Cnst,None,MLI,Ex,CZ02,cDXHP,0,Each,1.0,100014.057511744,1000095.66,283149.19,0,239893.0,33394.71,76437.32,0,0,367218.07,0,0,0.0,0,0,0,1701.480204778157,0.0,0.0,1701.480204778157,1,1,2026-06-10 17:41:22.494414
NE-HV_AirDist-SupFanMtr-cDXHP-2SpClgHtg-Cnst,None,MLI,Ex,CZ01,cDXHP,0,Each,1.0,100014.057511744,923631.36,283149.19,0,239893.0,48401.11,1438.4,0,0,350746.29,0,0,0.0,0,0,0,1810.1102389078499,0.0,0.0,1810.1102389078499,1,1,2026-06-10 17:41:22.494414
NE-HV_AirDist-SupFanMtr-cDXGF-2SpClgHtg-Cnst,None,MLI,Ex,CZ16,cDXGF,0,Each,1.0,100014.057511744,1038974.32,283149.19,0,239893.0,0.0,62236.42,0,0,453692.34,0,0,0.0,0,0,0,10193.793515358362,0.0,8420.135494880546,1773.6580204778156,1,1,2026-06-10 17:41:22.494414
NE-HV_AirDist-SupFanMtr-cDXGF-2SpClgHtg-Cnst,None,MLI,Ex,CZ15,cDXGF,0,Each,1.0,100014.057511744,1338909.15,283149.19,0,239893.0,0.0,378895.68,0,0,436967.91,0,0,0.0,0,0,0,1938.207508532423,0.0,645.754266211604,1292.453242320819,1,1,2026-06-10 17:41:22.494414
NE-HV_AirDist-SupFanMtr-cDXGF-2SpClgHtg-Cnst,None,MLI,Ex,CZ14,cDXGF,0,Each,1.0,100014.057511744,1148004.2600000002,283149.19,0,239893.0,0.0,199653.8,0,0,425304.9,0,0,0.0,0,0,0,5950.484982935154,0.0,4392.449488054607,1558.0354948805461,1,1,2026-06-10 17:41:22.494414
NE-HV_AirDist-SupFanMtr-cDXGF-2SpClgHtg-Cnst,None,MLI,Ex,CZ13,cDXGF,0,Each,1.0,100014.057511744,1133811.85,283149.19,0,239893.0,0.0,206122.46,0,0,404643.83,0,0,0.0,0,0,0,5803.3296928327645,0.0,4286.284300341297,1517.0453924914675,1,1,2026-06-10 17:41:22.494414
NE-HV_AirDist-SupFanMtr-cDXGF-2SpClgHtg-Cnst,None,MLI,Ex,CZ12,cDXGF,0,Each,1.0,100014.057511744,1038861.0800000001,283149.19,0,239893.0,0.0,131090.15,0,0,384725.37,0,0,0.0,0,0,0,6896.108191126279,0.0,5281.138566552901,1614.9696245733787,1,1,2026-06-10 17:41:22.494414
NE-HV_AirDist-SupFanMtr-cDXGF-2SpClgHtg-Cnst,None,MLI,Ex,CZ11,cDXGF,0,Each,1.0,100014.057511744,1113450.69,283149.19,0,239893.0,0.0,191499.72,0,0,398905.41,0,0,0.0,0,0,0,6825.733447098975,0.0,5279.081911262799,1546.6515358361773,1,1,2026-06-10 17:41:22.494414
NE-HV_AirDist-SupFanMtr-cDXGF-2SpClgHtg-Cnst,None,MLI,Ex,CZ10,cDXGF,0,Each,1.0,100014.057511744,1090089.23,283149.19,0,239893.0,0.0,180879.99,0,0,386163.68,0,0,0.0,0,0,0,3053.5119453924913,0.0,1543.1904436860068,1510.3215017064845,1,1,2026-06-10 17:41:22.494414
NE-HV_AirDist-SupFanMtr-cDXGF-2SpClgHtg-Cnst,None,MLI,Ex,CZ09,cDXGF,0,Each,1.0,100014.057511744,1072753.98,283149.19,0,239893.0,0.0,161495.27,0,0,388213.15,0,0,0.0,0,0,0,3141.181228668942,0.0,1612.4088737201366,1528.7723549488053,1,1,2026-06-10 17:41:22.494414
NE-HV_AirDist-SupFanMtr-cDXGF-2SpClgHtg-Cnst,None,MLI,Ex,CZ08,cDXGF,0,Each,1.0,100014.057511744,1062298.4200000002,283149.19,0,239893.0,0.0,159971.09,0,0,379281.77,0,0,0.0,0,0,0,2728.6982935153583,0.0,1210.2778156996587,1518.4204778156998,1,1,2026-06-10 17:41:22.494414
NE-HV_AirDist-SupFanMtr-cDXGF-2SpClgHtg-Cnst,None,MLI,Ex,CZ07,cDXGF,0,Each,1.0,100014.057511744,986904.73,283149.19,0,239893.0,0.0,95181.79,0,0,368677.38,0,0,0.0,0,0,0,2281.361433447099,0.0,732.6378839590444,1548.7235494880545,1,1,2026-06-10 17:41:22.494414
NE-HV_AirDist-SupFanMtr-cDXGF-2SpClgHtg-Cnst,None,MLI,Ex,CZ06,cDXGF,0,Each,1.0,100014.057511744,972520.1699999999,283149.19,0,239893.0,0.0,83010.01,0,0,366464.6,0,0,0.0,0,0,0,2462.0774744027303,0.0,898.0303754266212,1564.0470989761093,1,1,2026-06-10 17:41:22.494414
NE-HV_AirDist-SupFanMtr-cDXGF-2SpClgHtg-Cnst,None,MLI,Ex,CZ05,cDXGF,0,Each,1.0,100014.057511744,919276.62,283149.19,0,239893.0,0.0,36665.04,0,0,359566.02,0,0,0.0,0,0,0,5009.9126279863485,0.0,3318.9368600682596,1690.9757679180886,1,1,2026-06-10 17:41:22.494414
NE-HV_AirDist-SupFanMtr-cDXGF-2SpClgHtg-Cnst,None,MLI,Ex,CZ04,cDXGF,0,Each,1.0,100014.057511744,1042271.17,283149.19,0,239893.0,0.0,132748.14,0,0,386477.47,0,0,0.0,0,0,0,6458.14675767918,0.0,4820.051877133105,1638.094880546075,1,1,2026-06-10 17:41:22.494414
NE-HV_AirDist-SupFanMtr-cDXGF-2SpClgHtg-Cnst,None,MLI,Ex,CZ03,cDXGF,0,Each,1.0,100014.057511744,901727.5299999999,283149.19,0,239893.0,0.0,27640.76,0,0,351041.21,0,0,0.0,0,0,0,5467.954607508533,0.0,3784.4023890784983,1683.5522184300341,1,1,2026-06-10 17:41:22.494414
NE-HV_AirDist-SupFanMtr-cDXGF-2SpClgHtg-Cnst,None,MLI,Ex,CZ02,cDXGF,0,Each,1.0,100014.057511744,966842.5400000002,283149.19,0,239893.0,0.0,76578.91,0,0,367218.07,0,0,0.0,0,0,0,7576.339931740615,0.0,5874.859726962458,1701.480204778157,1,1,2026-06-10 17:41:22.494414
NE-HV_AirDist-SupFanMtr-cDXGF-2SpClgHtg-Cnst,None,MLI,Ex,CZ01,cDXGF,0,Each,1.0,100014.057511744,875333.9400000001,283149.19,0,239893.0,0.0,1542.09,0,0,350746.29,0,0,0.0,0,0,0,10587.976791808873,0.0,8777.866552901023,1810.1102389078499,1,1,2026-06-10 17:41:22.494414
NE-HV_AirDist-SupFanMtr-cDXOH-2SpClgHtg-Cnst,None,MBT,Ex,CZ16,cDXOH,0,Each,1.0,399947.62219104,3167219.62,709539.71,0,1394057.91,0.0,198744.79,0,0,864233.79,0,0,0.0,0,0,0,124752.57849829351,26402.307167235493,91950.84880546076,6399.422525597269,1,1,2026-06-10 17:41:22.494414
NE-HV_AirDist-SupFanMtr-cDXOH-2SpClgHtg-Cnst,None,MBT,Ex,CZ15,cDXOH,0,Each,1.0,399947.62219104,4661308.17,709539.71,0,1394057.91,0.0,1468544.34,0,0,1088432.34,0,0,0.0,0,0,0,55424.444027303754,26402.307167235493,24503.44436860068,4518.6924914675765,1,1,2026-06-10 17:41:22.494414
NE-HV_AirDist-SupFanMtr-cDXOH-2SpClgHtg-Cnst,None,MBT,Ex,CZ14,cDXOH,0,Each,1.0,399947.62219104,3796216.9299999997,709539.71,0,1394057.91,0.0,710073.41,0,0,981894.25,0,0,0.0,0,0,0,100887.98395904437,26402.307167235493,68928.89351535836,5556.783276450512,1,1,2026-06-10 17:41:22.494414
NE-HV_AirDist-SupFanMtr-cDXOH-2SpClgHtg-Cnst,None,MBT,Ex,CZ13,cDXOH,0,Each,1.0,399947.62219104,3918819.63,709539.71,0,1394057.91,0.0,755155.3,0,0,1059377.19,0,0,0.0,0,0,0,98536.48941979522,26402.307167235493,66737.7686006826,5396.413651877134,1,1,2026-06-10 17:41:22.494414
NE-HV_AirDist-SupFanMtr-cDXOH-2SpClgHtg-Cnst,None,MBT,Ex,CZ12,cDXOH,0,Each,1.0,399947.62219104,3574766.99,709539.71,0,1394057.91,0.0,427670.57,0,0,1042859.41,0,0,0.0,0,0,0,114733.19829351536,26402.307167235493,82551.73174061434,5779.159385665529,1,1,2026-06-10 17:41:22.494414
NE-HV_AirDist-SupFanMtr-cDXOH-2SpClgHtg-Cnst,None,MBT,Ex,CZ11,cDXOH,0,Each,1.0,399947.62219104,3859562.53,709539.71,0,1394057.91,0.0,696301.75,0,0,1059012.97,0,0,0.0,0,0,0,107240.91808873719,26402.307167235493,75326.47849829351,5512.1324232081915,1,1,2026-06-10 17:41:22.494414
NE-HV_AirDist-SupFanMtr-cDXOH-2SpClgHtg-Cnst,None,MBT,Ex,CZ10,cDXOH,0,Each,1.0,399947.62219104,3701656.77,709539.71,0,1394057.91,0.0,585949.3,0,0,1011447.25,0,0,0.0,0,0,0,76588.25392491466,26402.307167235493,44815.94163822526,5370.005119453925,1,1,2026-06-10 17:41:22.494414
NE-HV_AirDist-SupFanMtr-cDXOH-2SpClgHtg-Cnst,None,MBT,Ex,CZ09,cDXOH,0,Each,1.0,399947.62219104,3606267.69,709539.71,0,1394057.91,0.0,483959.15,0,0,1018049.49,0,0,0.0,0,0,0,74391.24539249146,26402.307167235493,42546.87747440273,5442.060750853242,1,1,2026-06-10 17:41:22.494414
NE-HV_AirDist-SupFanMtr-cDXOH-2SpClgHtg-Cnst,None,MBT,Ex,CZ08,cDXOH,0,Each,1.0,399947.62219104,3595805.15,709539.71,0,1394057.91,0.0,454875.28,0,0,1036675.06,0,0,0.0,0,0,0,70425.18259385666,26402.307167235493,38621.31262798634,5401.562798634813,1,1,2026-06-10 17:41:22.494414
NE-HV_AirDist-SupFanMtr-cDXOH-2SpClgHtg-Cnst,None,MBT,Ex,CZ07,cDXOH,0,Each,1.0,399947.62219104,3365491.4699999997,709539.71,0,1394057.91,0.0,244101.64,0,0,1017135.11,0,0,0.0,0,0,0,63916.02457337884,26402.307167235493,31993.64197952218,5520.07542662116,1,1,2026-06-10 17:41:22.494414
NE-HV_AirDist-SupFanMtr-cDXOH-2SpClgHtg-Cnst,None,MBT,Ex,CZ06,cDXOH,0,Each,1.0,399947.62219104,3341365.2899999996,709539.71,0,1394057.91,0.0,223419.69,0,0,1013711.05,0,0,0.0,0,0,0,67658.39829351536,26402.307167235493,35676.22491467577,5579.866211604095,1,1,2026-06-10 17:41:22.494414
NE-HV_AirDist-SupFanMtr-cDXOH-2SpClgHtg-Cnst,None,MBT,Ex,CZ05,cDXOH,0,Each,1.0,399947.62219104,3215043.19,709539.71,0,1394057.91,0.0,118542.91,0,0,992346.6,0,0,0.0,0,0,0,118148.8300341297,26402.307167235493,85670.42593856655,6076.096928327645,1,1,2026-06-10 17:41:22.494414
NE-HV_AirDist-SupFanMtr-cDXOH-2SpClgHtg-Cnst,None,MBT,Ex,CZ04,cDXOH,0,Each,1.0,399947.62219104,3555126.04,709539.71,0,1394057.91,0.0,443921.55,0,0,1007014.56,0,0,0.0,0,0,0,119939.95972696246,26402.307167235493,87668.0709897611,5869.58156996587,1,1,2026-06-10 17:41:22.494414
NE-HV_AirDist-SupFanMtr-cDXOH-2SpClgHtg-Cnst,None,MBT,Ex,CZ03,cDXOH,0,Each,1.0,399947.62219104,3193571.68,709539.71,0,1394057.91,0.0,91631.21,0,0,997770.36,0,0,0.0,0,0,0,112394.28327645051,26402.307167235493,79944.93412969283,6047.041979522183,1,1,2026-06-10 17:41:22.494414
NE-HV_AirDist-SupFanMtr-cDXOH-2SpClgHtg-Cnst,None,MBT,Ex,CZ02,cDXOH,0,Each,1.0,399947.62219104,3354960.88,709539.71,0,1394057.91,0.0,235353.78,0,0,1015436.04,0,0,0.0,0,0,0,137223.20443686008,26402.307167235493,104703.67269624573,6117.2245733788395,1,1,2026-06-10 17:41:22.494414
NE-HV_AirDist-SupFanMtr-cDXOH-2SpClgHtg-Cnst,None,MBT,Ex,CZ01,cDXOH,0,Each,1.0,399947.62219104,3097952.15,709539.71,0,1394057.91,0.0,28840.68,0,0,964965.9,0,0,0.0,0,0,0,168778.12730375427,26402.307167235493,135834.0590443686,6541.761092150171,1,1,2026-06-10 17:41:22.494414
NE-HV_AirDist-SupFanMtr-cDXHP-2SpClgHtg-Cnst,None,MBT,Ex,CZ16,cDXHP,0,Each,1.0,399947.62219104,3201914.07,709539.71,0,1394057.91,41374.32,200965.8,0,0,855330.8,0,0,0.0,0,0,0,124089.87542662116,26402.307167235493,91288.15017064846,6399.418088737201,1,1,2026-06-10 17:41:22.494414
NE-HV_AirDist-SupFanMtr-cDXHP-2SpClgHtg-Cnst,None,MBT,Ex,CZ15,cDXHP,0,Each,1.0,399947.62219104,4676079.29,709539.71,0,1394057.91,1965.49,1481787.39,0,0,1087995.16,0,0,0.0,0,0,0,55403.69624573379,26402.307167235493,24482.697610921503,4518.691467576792,1,1,2026-06-10 17:41:22.494414
NE-HV_AirDist-SupFanMtr-cDXHP-2SpClgHtg-Cnst,None,MBT,Ex,CZ14,cDXHP,0,Each,1.0,399947.62219104,3822024.9099999997,709539.71,0,1394057.91,18959.21,718188.57,0,0,980626.95,0,0,0.0,0,0,0,100614.73174061434,26402.307167235493,68655.6433447099,5556.781228668942,1,1,2026-06-10 17:41:22.494414
NE-HV_AirDist-SupFanMtr-cDXHP-2SpClgHtg-Cnst,None,MBT,Ex,CZ13,cDXHP,0,Each,1.0,399947.62219104,3941934.81,709539.71,0,1394057.91,17923.16,762140.92,0,0,1057583.54,0,0,0.0,0,0,0,98256.53412969284,26402.307167235493,66457.81501706484,5396.411945392491,1,1,2026-06-10 17:41:22.494414
NE-HV_AirDist-SupFanMtr-cDXHP-2SpClgHtg-Cnst,None,MBT,Ex,CZ12,cDXHP,0,Each,1.0,399947.62219104,3598050.0300000003,709539.71,0,1394057.91,21868.68,431241.29,0,0,1040701.7,0,0,0.0,0,0,0,114392.29556313994,26402.307167235493,82210.83105802049,5779.1573378839585,1,1,2026-06-10 17:41:22.494414
NE-HV_AirDist-SupFanMtr-cDXHP-2SpClgHtg-Cnst,None,MBT,Ex,CZ11,cDXHP,0,Each,1.0,399947.62219104,3885051.56,709539.71,0,1394057.91,21003.76,703398.74,0,0,1056397.98,0,0,0.0,0,0,0,106930.8709897611,26402.307167235493,75016.43412969283,5512.129692832764,1,1,2026-06-10 17:41:22.494414
NE-HV_AirDist-SupFanMtr-cDXHP-2SpClgHtg-Cnst,None,MBT,Ex,CZ10,cDXHP,0,Each,1.0,399947.62219104,3710010.25,709539.71,0,1394057.91,5006.11,589371.59,0,0,1011372.55,0,0,0.0,0,0,0,76528.09453924914,26402.307167235493,44755.78259385665,5370.0047781569965,1,1,2026-06-10 17:41:22.494414
NE-HV_AirDist-SupFanMtr-cDXHP-2SpClgHtg-Cnst,None,MBT,Ex,CZ09,cDXHP,0,Each,1.0,399947.62219104,3613951.8099999996,709539.71,0,1394057.91,5053.03,486626.11,0,0,1018013.63,0,0,0.0,0,0,0,74328.88839590442,26402.307167235493,42484.52116040955,5442.060068259385,1,1,2026-06-10 17:41:22.494414
NE-HV_AirDist-SupFanMtr-cDXHP-2SpClgHtg-Cnst,None,MBT,Ex,CZ08,cDXHP,0,Each,1.0,399947.62219104,3600407.7399999998,709539.71,0,1394057.91,3498.04,456012.6,0,0,1036642.36,0,0,0.0,0,0,0,70384.1709897611,26402.307167235493,38580.30136518771,5401.562457337884,1,1,2026-06-10 17:41:22.494414
NE-HV_AirDist-SupFanMtr-cDXHP-2SpClgHtg-Cnst,None,MBT,Ex,CZ07,cDXHP,0,Each,1.0,399947.62219104,3365469.64,709539.71,0,1394057.91,1962.69,242118.38,0,0,1017133.85,0,0,0.0,0,0,0,63888.989078498285,26402.307167235493,31966.606825938565,5520.0750853242325,1,1,2026-06-10 17:41:22.494414
NE-HV_AirDist-SupFanMtr-cDXHP-2SpClgHtg-Cnst,None,MBT,Ex,CZ06,cDXHP,0,Each,1.0,399947.62219104,3341219.7499999995,709539.71,0,1394057.91,2382.81,220896.21,0,0,1013706.19,0,0,0.0,0,0,0,67625.7180887372,26402.307167235493,35643.54846416382,5579.862457337884,1,1,2026-06-10 17:41:22.494414
NE-HV_AirDist-SupFanMtr-cDXHP-2SpClgHtg-Cnst,None,MBT,Ex,CZ05,cDXHP,0,Each,1.0,399947.62219104,3229059.2699999996,709539.71,0,1394057.91,12919.99,119693.27,0,0,992292.32,0,0,0.0,0,0,0,117956.96348122865,26402.307167235493,85478.56109215016,6076.095221843003,1,1,2026-06-10 17:41:22.494414
NE-HV_AirDist-SupFanMtr-cDXHP-2SpClgHtg-Cnst,None,MBT,Ex,CZ04,cDXHP,0,Each,1.0,399947.62219104,3579300.0399999996,709539.71,0,1394057.91,19457.91,449421.42,0,0,1006230.38,0,0,0.0,0,0,0,119659.76518771332,26402.307167235493,87387.8781569966,5869.579863481229,1,1,2026-06-10 17:41:22.494414
NE-HV_AirDist-SupFanMtr-cDXHP-2SpClgHtg-Cnst,None,MBT,Ex,CZ03,cDXHP,0,Each,1.0,399947.62219104,3208215.9999999995,709539.71,0,1394057.91,14513.81,91998.25,0,0,997533.8,0,0,0.0,0,0,0,112147.97986348123,26402.307167235493,79698.63174061434,6047.040955631399,1,1,2026-06-10 17:41:22.494414
NE-HV_AirDist-SupFanMtr-cDXHP-2SpClgHtg-Cnst,None,MBT,Ex,CZ02,cDXHP,0,Each,1.0,399947.62219104,3379379.19,709539.71,0,1394057.91,23592.44,237804.59,0,0,1013809.19,0,0,0.0,0,0,0,136862.4976109215,26402.307167235493,104342.96928327644,6117.2211604095555,1,1,2026-06-10 17:41:22.494414
NE-HV_AirDist-SupFanMtr-cDXHP-2SpClgHtg-Cnst,None,MBT,Ex,CZ01,cDXHP,0,Each,1.0,399947.62219104,3133034.5500000003,709539.71,0,1394057.91,36888.94,29221.86,0,0,962776.66,0,0,0.0,0,0,0,168125.7508532423,26402.307167235493,135181.68532423206,6541.758361774743,1,1,2026-06-10 17:41:22.494414
NE-HV_AirDist-SupFanMtr-cDXGF-2SpClgHtg-Cnst,None,MBT,Ex,CZ16,cDXGF,0,Each,1.0,399947.62219104,3160257.55,709539.71,0,1394057.91,0.0,200683.78,0,0,855330.62,0,0,0.0,0,0,0,131046.3228668942,26402.307167235493,98244.5976109215,6399.418088737201,1,1,2026-06-10 17:41:22.494414
NE-HV_AirDist-SupFanMtr-cDXGF-2SpClgHtg-Cnst,None,MBT,Ex,CZ15,cDXGF,0,Each,1.0,399947.62219104,4671849.73,709539.71,0,1394057.91,0.0,1479312.58,0,0,1088205.78,0,0,0.0,0,0,0,55777.5109215017,26402.307167235493,24856.511945392493,4518.69180887372,1,1,2026-06-10 17:41:22.494414
NE-HV_AirDist-SupFanMtr-cDXGF-2SpClgHtg-Cnst,None,MBT,Ex,CZ14,cDXGF,0,Each,1.0,399947.62219104,3801805.83,709539.71,0,1394057.91,0.0,716918.57,0,0,980637.06,0,0,0.0,0,0,0,103970.55153583617,26402.307167235493,72011.46313993174,5556.781228668942,1,1,2026-06-10 17:41:22.494414
NE-HV_AirDist-SupFanMtr-cDXGF-2SpClgHtg-Cnst,None,MBT,Ex,CZ13,cDXGF,0,Each,1.0,399947.62219104,3923715.89,709539.71,0,1394057.91,0.0,761762.04,0,0,1057666.63,0,0,0.0,0,0,0,101639.33583617747,26402.307167235493,69840.6167235495,5396.411945392491,1,1,2026-06-10 17:41:22.494414
NE-HV_AirDist-SupFanMtr-cDXGF-2SpClgHtg-Cnst,None,MBT,Ex,CZ12,cDXGF,0,Each,1.0,399947.62219104,3577029.0699999994,709539.71,0,1394057.91,0.0,432085.6,0,0,1040705.09,0,0,0.0,0,0,0,118548.24914675768,26402.307167235493,86366.78464163822,5779.1573378839585,1,1,2026-06-10 17:41:22.494414
NE-HV_AirDist-SupFanMtr-cDXGF-2SpClgHtg-Cnst,None,MBT,Ex,CZ11,cDXGF,0,Each,1.0,399947.62219104,3863341.17,709539.71,0,1394057.91,0.0,702591.54,0,0,1056498.51,0,0,0.0,0,0,0,110845.71228668942,26402.307167235493,78931.27508532423,5512.130034129693,1,1,2026-06-10 17:41:22.494414
NE-HV_AirDist-SupFanMtr-cDXGF-2SpClgHtg-Cnst,None,MBT,Ex,CZ10,cDXGF,0,Each,1.0,399947.62219104,3707106.98,709539.71,0,1394057.91,0.0,591447.35,0,0,1011399.54,0,0,0.0,0,0,0,77491.54812286691,26402.307167235493,45719.236177474406,5370.0047781569965,1,1,2026-06-10 17:41:22.494414
NE-HV_AirDist-SupFanMtr-cDXGF-2SpClgHtg-Cnst,None,MBT,Ex,CZ09,cDXGF,0,Each,1.0,399947.62219104,3611478.98,709539.71,0,1394057.91,0.0,489192.76,0,0,1018027.19,0,0,0.0,0,0,0,75301.8133105802,26402.307167235493,43457.445733788394,5442.060409556314,1,1,2026-06-10 17:41:22.494414
NE-HV_AirDist-SupFanMtr-cDXGF-2SpClgHtg-Cnst,None,MBT,Ex,CZ08,cDXGF,0,Each,1.0,399947.62219104,3600840.09,709539.71,0,1394057.91,0.0,459934.2,0,0,1036651.1,0,0,0.0,0,0,0,71066.6624573379,26402.307167235493,39262.792832764506,5401.562457337884,1,1,2026-06-10 17:41:22.494414
NE-HV_AirDist-SupFanMtr-cDXGF-2SpClgHtg-Cnst,None,MBT,Ex,CZ07,cDXGF,0,Each,1.0,399947.62219104,3368238.19,709539.71,0,1394057.91,0.0,246849.91,0,0,1017133.56,0,0,0.0,0,0,0,64276.487713310584,26402.307167235493,32354.105460750852,5520.0750853242325,1,1,2026-06-10 17:41:22.494414
NE-HV_AirDist-SupFanMtr-cDXGF-2SpClgHtg-Cnst,None,MBT,Ex,CZ06,cDXGF,0,Each,1.0,399947.62219104,3344046.1599999997,709539.71,0,1394057.91,0.0,226105.41,0,0,1013706.21,0,0,0.0,0,0,0,68095.81877133106,26402.307167235493,36113.64914675768,5579.862457337884,1,1,2026-06-10 17:41:22.494414
NE-HV_AirDist-SupFanMtr-cDXGF-2SpClgHtg-Cnst,None,MBT,Ex,CZ05,cDXGF,0,Each,1.0,399947.62219104,3216362.4999999995,709539.71,0,1394057.91,0.0,119916.49,0,0,992292.32,0,0,0.0,0,0,0,120528.73788395904,26402.307167235493,88050.33549488055,6076.095221843003,1,1,2026-06-10 17:41:22.494414
NE-HV_AirDist-SupFanMtr-cDXGF-2SpClgHtg-Cnst,None,MBT,Ex,CZ04,cDXGF,0,Each,1.0,399947.62219104,3558981.2199999997,709539.71,0,1394057.91,0.0,448548.26,0,0,1006242.57,0,0,0.0,0,0,0,123281.43105802048,26402.307167235493,91009.54402730375,5869.579863481229,1,1,2026-06-10 17:41:22.494414
NE-HV_AirDist-SupFanMtr-cDXGF-2SpClgHtg-Cnst,None,MBT,Ex,CZ03,cDXGF,0,Each,1.0,399947.62219104,3194055.07,709539.71,0,1394057.91,0.0,92351.13,0,0,997533.8,0,0,0.0,0,0,0,115081.2385665529,26402.307167235493,82631.890443686,6047.040955631399,1,1,2026-06-10 17:41:22.494414
NE-HV_AirDist-SupFanMtr-cDXGF-2SpClgHtg-Cnst,None,MBT,Ex,CZ02,cDXGF,0,Each,1.0,399947.62219104,3356135.4699999997,709539.71,0,1394057.91,0.0,238152.93,0,0,1013809.56,0,0,0.0,0,0,0,141401.13754266212,26402.307167235493,108881.60921501706,6117.2211604095555,1,1,2026-06-10 17:41:22.494414
NE-HV_AirDist-SupFanMtr-cDXGF-2SpClgHtg-Cnst,None,MBT,Ex,CZ01,cDXGF,0,Each,1.0,399947.62219104,3096412.31,709539.71,0,1394057.91,0.0,29488.56,0,0,962776.66,0,0,0.0,0,0,0,175553.22354948803,26402.307167235493,142609.15802047783,6541.758361774743,1,1,2026-06-10 17:41:22.494414
NE-HV_AirDist-SupFanMtr-cDXOH-2SpClgHtg-Cnst,None,Hsp,Ex,CZ16,cDXOH,0,Each,1.0,494055.844983616,3367705.36,856282.21,0,1139112.1,0.0,668086.36,0,0,667830.67,0,0,0.0,0,0,0,27633.43276450512,1492.668941979522,16488.082593856656,9652.681228668942,1,1,2026-06-10 17:41:22.494414
NE-HV_AirDist-SupFanMtr-cDXOH-2SpClgHtg-Cnst,None,Hsp,Ex,CZ15,cDXOH,0,Each,1.0,494055.844983616,4539209.850000001,856282.21,0,1139112.1,0.0,1772692.96,0,0,722023.84,0,0,0.0,0,0,0,13505.400682593856,1492.668941979522,5220.774402730375,6791.957337883959,1,1,2026-06-10 17:41:22.494414
NE-HV_AirDist-SupFanMtr-cDXOH-2SpClgHtg-Cnst,None,Hsp,Ex,CZ14,cDXOH,0,Each,1.0,494055.844983616,3859744.4600000004,856282.21,0,1139112.1,0.0,1145636.01,0,0,675536.94,0,0,0.0,0,0,0,19351.330034129693,1492.668941979522,9487.329351535836,8371.331740614334,1,1,2026-06-10 17:41:22.494414
NE-HV_AirDist-SupFanMtr-cDXOH-2SpClgHtg-Cnst,None,Hsp,Ex,CZ13,cDXOH,0,Each,1.0,494055.844983616,3811053.5900000003,856282.21,0,1139112.1,0.0,1142973.43,0,0,628262.69,0,0,0.0,0,0,0,19895.29419795222,1492.668941979522,10275.571672354949,8127.053583617748,1,1,2026-06-10 17:41:22.494414
NE-HV_AirDist-SupFanMtr-cDXOH-2SpClgHtg-Cnst,None,Hsp,Ex,CZ12,cDXOH,0,Each,1.0,494055.844983616,3452751.3400000003,856282.21,0,1139112.1,0.0,843866.89,0,0,571899.29,0,0,0.0,0,0,0,21227.421843003413,1492.668941979522,11025.301365187714,8709.451535836177,1,1,2026-06-10 17:41:22.494414
NE-HV_AirDist-SupFanMtr-cDXOH-2SpClgHtg-Cnst,None,Hsp,Ex,CZ11,cDXOH,0,Each,1.0,494055.844983616,3767769.6,856282.21,0,1139112.1,0.0,1104255.64,0,0,623609.32,0,0,0.0,0,0,0,21813.28976109215,1492.668941979522,12016.872354948804,8303.748464163822,1,1,2026-06-10 17:41:22.494414
NE-HV_AirDist-SupFanMtr-cDXOH-2SpClgHtg-Cnst,None,Hsp,Ex,CZ10,cDXOH,0,Each,1.0,494055.844983616,3790455.3,856282.21,0,1139112.1,0.0,1114105.69,0,0,636870.04,0,0,0.0,0,0,0,16115.886006825938,1492.668941979522,6534.799658703072,8088.417406143345,1,1,2026-06-10 17:41:22.494414
NE-HV_AirDist-SupFanMtr-cDXOH-2SpClgHtg-Cnst,None,Hsp,Ex,CZ09,cDXOH,0,Each,1.0,494055.844983616,3650771.5300000003,856282.21,0,1139112.1,0.0,1004539.08,0,0,608819.0,0,0,0.0,0,0,0,14787.851877133106,1492.668941979522,5096.908873720136,8198.274061433447,1,1,2026-06-10 17:41:22.494414
NE-HV_AirDist-SupFanMtr-cDXOH-2SpClgHtg-Cnst,None,Hsp,Ex,CZ08,cDXOH,0,Each,1.0,494055.844983616,3653667.44,856282.21,0,1139112.1,0.0,1024627.35,0,0,592340.32,0,0,0.0,0,0,0,13752.831058020478,1492.668941979522,4123.639249146758,8136.522866894197,1,1,2026-06-10 17:41:22.494414
NE-HV_AirDist-SupFanMtr-cDXOH-2SpClgHtg-Cnst,None,Hsp,Ex,CZ07,cDXOH,0,Each,1.0,494055.844983616,3302462.96,856282.21,0,1139112.1,0.0,772103.9,0,0,497307.11,0,0,0.0,0,0,0,12290.445392491467,1492.668941979522,2480.5163822525597,8317.260068259386,1,1,2026-06-10 17:41:22.494414
NE-HV_AirDist-SupFanMtr-cDXOH-2SpClgHtg-Cnst,None,Hsp,Ex,CZ06,cDXOH,0,Each,1.0,494055.844983616,3237663.73,856282.21,0,1139112.1,0.0,721403.41,0,0,484939.05,0,0,0.0,0,0,0,12726.38156996587,1492.668941979522,2825.4286689419796,8408.28395904437,1,1,2026-06-10 17:41:22.494414
NE-HV_AirDist-SupFanMtr-cDXOH-2SpClgHtg-Cnst,None,Hsp,Ex,CZ05,cDXOH,0,Each,1.0,494055.844983616,2922984.79,856282.21,0,1139112.1,0.0,428315.22,0,0,465456.88,0,0,0.0,0,0,0,18310.4156996587,1492.668941979522,7654.661092150171,9163.08566552901,1,1,2026-06-10 17:41:22.494414
NE-HV_AirDist-SupFanMtr-cDXOH-2SpClgHtg-Cnst,None,Hsp,Ex,CZ04,cDXOH,0,Each,1.0,494055.844983616,3475802.91,856282.21,0,1139112.1,0.0,852090.84,0,0,586466.31,0,0,0.0,0,0,0,21645.92798634812,1492.668941979522,11304.993515358361,8848.26552901024,1,1,2026-06-10 17:41:22.494414
NE-HV_AirDist-SupFanMtr-cDXOH-2SpClgHtg-Cnst,None,Hsp,Ex,CZ03,cDXOH,0,Each,1.0,494055.844983616,2851132.68,856282.21,0,1139112.1,0.0,373388.61,0,0,448447.56,0,0,0.0,0,0,0,18080.901706484638,1492.668941979522,7469.573037542662,9118.659726962456,1,1,2026-06-10 17:41:22.494414
NE-HV_AirDist-SupFanMtr-cDXOH-2SpClgHtg-Cnst,None,Hsp,Ex,CZ02,cDXOH,0,Each,1.0,494055.844983616,3155461.22,856282.21,0,1139112.1,0.0,599928.39,0,0,522470.77,0,0,0.0,0,0,0,22730.489078498296,1492.668941979522,12013.431058020478,9224.389078498292,1,1,2026-06-10 17:41:22.494414
NE-HV_AirDist-SupFanMtr-cDXOH-2SpClgHtg-Cnst,None,Hsp,Ex,CZ01,cDXOH,0,Each,1.0,494055.844983616,2605431.63,856282.21,0,1139112.1,0.0,162195.45,0,0,420703.14,0,0,0.0,0,0,0,23638.663481228672,1492.668941979522,12279.250170648465,9866.744368600683,1,1,2026-06-10 17:41:22.494414
NE-HV_AirDist-SupFanMtr-cDXHP-2SpClgHtg-Cnst,None,Hsp,Ex,CZ16,cDXHP,0,Each,1.0,494055.844983616,3379224.31,856282.21,0,1139112.1,11658.42,669080.77,0,0,666649.46,0,0,0.0,0,0,0,27347.28498293515,1492.668941979522,16200.378156996587,9654.237883959044,1,1,2026-06-10 17:41:22.494414
NE-HV_AirDist-SupFanMtr-cDXHP-2SpClgHtg-Cnst,None,Hsp,Ex,CZ15,cDXHP,0,Each,1.0,494055.844983616,4547653.7299999995,856282.21,0,1139112.1,602.17,1780532.04,0,0,722023.82,0,0,0.0,0,0,0,13492.287713310581,1492.668941979522,5207.712627986349,6791.90614334471,1,1,2026-06-10 17:41:22.494414
NE-HV_AirDist-SupFanMtr-cDXHP-2SpClgHtg-Cnst,None,Hsp,Ex,CZ14,cDXHP,0,Each,1.0,494055.844983616,3870771.0100000002,856282.21,0,1139112.1,5809.07,1150941.55,0,0,675412.06,0,0,0.0,0,0,0,19210.38634812287,1492.668941979522,9346.053924914675,8371.663481228668,1,1,2026-06-10 17:41:22.494414
NE-HV_AirDist-SupFanMtr-cDXHP-2SpClgHtg-Cnst,None,Hsp,Ex,CZ13,cDXHP,0,Each,1.0,494055.844983616,3820838.46,856282.21,0,1139112.1,5044.67,1148095.92,0,0,627810.0,0,0,0.0,0,0,0,19767.737883959042,1492.668941979522,10147.364846416382,8127.70409556314,1,1,2026-06-10 17:41:22.494414
NE-HV_AirDist-SupFanMtr-cDXHP-2SpClgHtg-Cnst,None,Hsp,Ex,CZ12,cDXHP,0,Each,1.0,494055.844983616,3462462.74,856282.21,0,1139112.1,6613.89,847292.89,0,0,571398.03,0,0,0.0,0,0,0,21053.37133105802,1492.668941979522,10850.788395904436,8709.913993174061,1,1,2026-06-10 17:41:22.494414
NE-HV_AirDist-SupFanMtr-cDXHP-2SpClgHtg-Cnst,None,Hsp,Ex,CZ11,cDXHP,0,Each,1.0,494055.844983616,3779535.7600000002,856282.21,0,1139112.1,6672.13,1109634.47,0,0,623161.69,0,0,0.0,0,0,0,21690.911262798632,1492.668941979522,11894.412627986347,8303.829692832764,1,1,2026-06-10 17:41:22.494414
NE-HV_AirDist-SupFanMtr-cDXHP-2SpClgHtg-Cnst,None,Hsp,Ex,CZ10,cDXHP,0,Each,1.0,494055.844983616,3794916.58,856282.21,0,1139112.1,2185.03,1116391.01,0,0,636838.59,0,0,0.0,0,0,0,16077.870648464163,1492.668941979522,6496.9569965870305,8088.244709897611,1,1,2026-06-10 17:41:22.494414
NE-HV_AirDist-SupFanMtr-cDXHP-2SpClgHtg-Cnst,None,Hsp,Ex,CZ09,cDXHP,0,Each,1.0,494055.844983616,3654137.32,856282.21,0,1139112.1,1683.61,1006263.74,0,0,608770.32,0,0,0.0,0,0,0,14752.563139931739,1492.668941979522,5061.8549488054605,8198.039249146757,1,1,2026-06-10 17:41:22.494414
NE-HV_AirDist-SupFanMtr-cDXHP-2SpClgHtg-Cnst,None,Hsp,Ex,CZ08,cDXHP,0,Each,1.0,494055.844983616,3655930.43,856282.21,0,1139112.1,1193.89,1025676.44,0,0,592357.96,0,0,0.0,0,0,0,13728.886689419794,1492.668941979522,4099.5972696245735,8136.6204778157,1,1,2026-06-10 17:41:22.494414
NE-HV_AirDist-SupFanMtr-cDXHP-2SpClgHtg-Cnst,None,Hsp,Ex,CZ07,cDXHP,0,Each,1.0,494055.844983616,3302356.55,856282.21,0,1139112.1,679.39,771298.89,0,0,497324.63,0,0,0.0,0,0,0,12279.079863481227,1492.668941979522,2469.117747440273,8317.293174061433,1,1,2026-06-10 17:41:22.494414
NE-HV_AirDist-SupFanMtr-cDXHP-2SpClgHtg-Cnst,None,Hsp,Ex,CZ06,cDXHP,0,Each,1.0,494055.844983616,3236665.2300000004,856282.21,0,1139112.1,822.26,719566.39,0,0,484954.78,0,0,0.0,0,0,0,12711.24061433447,1492.668941979522,2810.2426621160407,8408.329010238907,1,1,2026-06-10 17:41:22.494414
NE-HV_AirDist-SupFanMtr-cDXHP-2SpClgHtg-Cnst,None,Hsp,Ex,CZ05,cDXHP,0,Each,1.0,494055.844983616,2928313.38,856282.21,0,1139112.1,4295.15,429356.98,0,0,465421.04,0,0,0.0,0,0,0,18217.206484641636,1492.668941979522,7561.453924914676,9163.08361774744,1,1,2026-06-10 17:41:22.494414
NE-HV_AirDist-SupFanMtr-cDXHP-2SpClgHtg-Cnst,None,Hsp,Ex,CZ04,cDXHP,0,Each,1.0,494055.844983616,3487015.6300000004,856282.21,0,1139112.1,6972.46,856445.26,0,0,586256.79,0,0,0.0,0,0,0,21506.882252559728,1492.668941979522,11165.986348122868,8848.226962457336,1,1,2026-06-10 17:41:22.494414
NE-HV_AirDist-SupFanMtr-cDXHP-2SpClgHtg-Cnst,None,Hsp,Ex,CZ03,cDXHP,0,Each,1.0,494055.844983616,2855845.7300000004,856282.21,0,1139112.1,4065.87,374052.71,0,0,448335.64,0,0,0.0,0,0,0,17978.35255972696,1492.668941979522,7366.859044368601,9118.824573378839,1,1,2026-06-10 17:41:22.494414
NE-HV_AirDist-SupFanMtr-cDXHP-2SpClgHtg-Cnst,None,Hsp,Ex,CZ02,cDXHP,0,Each,1.0,494055.844983616,3165668.37,856282.21,0,1139112.1,7912.97,602377.07,0,0,522181.09,0,0,0.0,0,0,0,22574.541979522182,1492.668941979522,11856.515699658701,9225.357337883957,1,1,2026-06-10 17:41:22.494414
NE-HV_AirDist-SupFanMtr-cDXHP-2SpClgHtg-Cnst,None,Hsp,Ex,CZ01,cDXHP,0,Each,1.0,494055.844983616,2615105.35,856282.21,0,1139112.1,9173.05,162985.32,0,0,420203.54,0,0,0.0,0,0,0,23340.885665529007,1492.668941979522,11981.46518771331,9866.751535836178,1,1,2026-06-10 17:41:22.494414
NE-HV_AirDist-SupFanMtr-cDXGF-2SpClgHtg-Cnst,None,Hsp,Ex,CZ16,cDXGF,0,Each,1.0,494055.844983616,3367572.0,856282.21,0,1139112.1,0.0,669094.13,0,0,666642.71,0,0,0.0,0,0,0,29091.343686006825,1492.668941979522,17944.41296928328,9654.261774744027,1,1,2026-06-10 17:41:22.494414
NE-HV_AirDist-SupFanMtr-cDXGF-2SpClgHtg-Cnst,None,Hsp,Ex,CZ15,cDXGF,0,Each,1.0,494055.844983616,4547844.63,856282.21,0,1139112.1,0.0,1781325.05,0,0,722023.88,0,0,0.0,0,0,0,13599.353924914674,1492.668941979522,5314.778839590444,6791.90614334471,1,1,2026-06-10 17:41:22.494414
NE-HV_AirDist-SupFanMtr-cDXGF-2SpClgHtg-Cnst,None,Hsp,Ex,CZ14,cDXGF,0,Each,1.0,494055.844983616,3865251.9600000004,856282.21,0,1139112.1,0.0,1151231.62,0,0,675412.01,0,0,0.0,0,0,0,20116.183617747436,1492.668941979522,10251.889078498292,8371.625597269625,1,1,2026-06-10 17:41:22.494414
NE-HV_AirDist-SupFanMtr-cDXGF-2SpClgHtg-Cnst,None,Hsp,Ex,CZ13,cDXGF,0,Each,1.0,494055.844983616,3816033.96,856282.21,0,1139112.1,0.0,1148335.73,0,0,627810.36,0,0,0.0,0,0,0,20636.621160409555,1492.668941979522,11016.21228668942,8127.739931740614,1,1,2026-06-10 17:41:22.494414
NE-HV_AirDist-SupFanMtr-cDXGF-2SpClgHtg-Cnst,None,Hsp,Ex,CZ12,cDXGF,0,Each,1.0,494055.844983616,3456271.9800000004,856282.21,0,1139112.1,0.0,847714.51,0,0,571399.37,0,0,0.0,0,0,0,22194.398976109216,1492.668941979522,11991.580204778156,8710.149829351536,1,1,2026-06-10 17:41:22.494414
NE-HV_AirDist-SupFanMtr-cDXGF-2SpClgHtg-Cnst,None,Hsp,Ex,CZ11,cDXGF,0,Each,1.0,494055.844983616,3772971.9899999998,856282.21,0,1139112.1,0.0,1109743.17,0,0,623161.57,0,0,0.0,0,0,0,22818.560409556314,1492.668941979522,13021.927645051193,8303.963822525597,1,1,2026-06-10 17:41:22.494414
NE-HV_AirDist-SupFanMtr-cDXGF-2SpClgHtg-Cnst,None,Hsp,Ex,CZ10,cDXGF,0,Each,1.0,494055.844983616,3795446.72,856282.21,0,1139112.1,0.0,1119110.12,0,0,636834.65,0,0,0.0,0,0,0,16464.006143344708,1492.668941979522,6883.0174061433445,8088.3197952218425,1,1,2026-06-10 17:41:22.494414
NE-HV_AirDist-SupFanMtr-cDXGF-2SpClgHtg-Cnst,None,Hsp,Ex,CZ09,cDXGF,0,Each,1.0,494055.844983616,3654767.07,856282.21,0,1139112.1,0.0,1008578.27,0,0,608769.3,0,0,0.0,0,0,0,15054.789761092148,1492.668941979522,5364.129351535836,8197.991467576792,1,1,2026-06-10 17:41:22.494414
NE-HV_AirDist-SupFanMtr-cDXGF-2SpClgHtg-Cnst,None,Hsp,Ex,CZ08,cDXGF,0,Each,1.0,494055.844983616,3658279.94,856282.21,0,1139112.1,0.0,1029218.48,0,0,592359.32,0,0,0.0,0,0,0,13949.268259385663,1492.668941979522,4319.907167235495,8136.692150170647,1,1,2026-06-10 17:41:22.494414
NE-HV_AirDist-SupFanMtr-cDXGF-2SpClgHtg-Cnst,None,Hsp,Ex,CZ07,cDXGF,0,Each,1.0,494055.844983616,3304534.8699999996,856282.21,0,1139112.1,0.0,774156.95,0,0,497324.27,0,0,0.0,0,0,0,12407.741638225256,1492.668941979522,2597.8477815699657,8317.224914675768,1,1,2026-06-10 17:41:22.494414
NE-HV_AirDist-SupFanMtr-cDXGF-2SpClgHtg-Cnst,None,Hsp,Ex,CZ06,cDXGF,0,Each,1.0,494055.844983616,3239985.17,856282.21,0,1139112.1,0.0,723708.61,0,0,484954.76,0,0,0.0,0,0,0,12867.461774744028,1492.668941979522,2966.5044368600684,8408.288395904437,1,1,2026-06-10 17:41:22.494414
NE-HV_AirDist-SupFanMtr-cDXGF-2SpClgHtg-Cnst,None,Hsp,Ex,CZ05,cDXGF,0,Each,1.0,494055.844983616,2923879.66,856282.21,0,1139112.1,0.0,429218.01,0,0,465421.25,0,0,0.0,0,0,0,18992.98771331058,1492.668941979522,8337.245051194539,9163.07372013652,1,1,2026-06-10 17:41:22.494414
NE-HV_AirDist-SupFanMtr-cDXGF-2SpClgHtg-Cnst,None,Hsp,Ex,CZ04,cDXGF,0,Each,1.0,494055.844983616,3479706.9400000004,856282.21,0,1139112.1,0.0,856109.73,0,0,586256.03,0,0,0.0,0,0,0,22661.917064846417,1492.668941979522,12321.058361774743,8848.18976109215,1,1,2026-06-10 17:41:22.494414
NE-HV_AirDist-SupFanMtr-cDXGF-2SpClgHtg-Cnst,None,Hsp,Ex,CZ03,cDXGF,0,Each,1.0,494055.844983616,2851892.73,856282.21,0,1139112.1,0.0,374165.99,0,0,448335.23,0,0,0.0,0,0,0,18733.87372013652,1492.668941979522,8122.639249146757,9118.565529010239,1,1,2026-06-10 17:41:22.494414
NE-HV_AirDist-SupFanMtr-cDXGF-2SpClgHtg-Cnst,None,Hsp,Ex,CZ02,cDXGF,0,Each,1.0,494055.844983616,3157697.3699999996,856282.21,0,1139112.1,0.0,602315.59,0,0,522178.63,0,0,0.0,0,0,0,23934.218088737205,1492.668941979522,13216.286006825938,9225.263139931742,1,1,2026-06-10 17:41:22.494414
NE-HV_AirDist-SupFanMtr-cDXGF-2SpClgHtg-Cnst,None,Hsp,Ex,CZ01,cDXGF,0,Each,1.0,494055.844983616,2606224.23,856282.21,0,1139112.1,0.0,163277.32,0,0,420203.67,0,0,0.0,0,0,0,25032.393515358362,1492.668941979522,13672.406825938568,9867.317747440273,1,1,2026-06-10 17:41:22.494414
NE-HV_AirDist-SupFanMtr-cDXOH-2SpClgHtg-Cnst,None,Gro,Ex,CZ16,cDXOH,0,Each,1.0,49996.964499648,1845623.63,249218.65,0,177584.03,0.0,27544.85,0,0,263601.51,0,0,1127671.21,0,0,0,2214.728327645051,0.0,0.0,2214.728327645051,1,1,2026-06-10 17:41:22.494414
NE-HV_AirDist-SupFanMtr-cDXOH-2SpClgHtg-Cnst,None,Gro,Ex,CZ15,cDXOH,0,Each,1.0,49996.964499648,2419145.55,249218.65,0,177584.03,0.0,184119.97,0,0,229810.34,0,0,1578409.18,0,0,0,1600.5771331058022,0.0,0.0,1600.5771331058022,1,1,2026-06-10 17:41:22.494414
NE-HV_AirDist-SupFanMtr-cDXOH-2SpClgHtg-Cnst,None,Gro,Ex,CZ14,cDXOH,0,Each,1.0,49996.964499648,2066438.0899999999,249218.65,0,177584.03,0.0,94788.28,0,0,232535.25,0,0,1312308.5,0,0,0,1939.631058020478,0.0,0.0,1939.631058020478,1,1,2026-06-10 17:41:22.494414
NE-HV_AirDist-SupFanMtr-cDXOH-2SpClgHtg-Cnst,None,Gro,Ex,CZ13,cDXOH,0,Each,1.0,49996.964499648,2046856.79,249218.65,0,177584.03,0.0,99339.24,0,0,223147.01,0,0,1297564.48,0,0,0,1887.2255972696246,0.0,0.0,1887.2255972696246,1,1,2026-06-10 17:41:22.494414
NE-HV_AirDist-SupFanMtr-cDXOH-2SpClgHtg-Cnst,None,Gro,Ex,CZ12,cDXOH,0,Each,1.0,49996.964499648,1884075.09,249218.65,0,177584.03,0.0,62296.35,0,0,208909.87,0,0,1186062.81,0,0,0,2012.023890784983,0.0,0.0,2012.023890784983,1,1,2026-06-10 17:41:22.494414
NE-HV_AirDist-SupFanMtr-cDXOH-2SpClgHtg-Cnst,None,Gro,Ex,CZ11,cDXOH,0,Each,1.0,49996.964499648,2002798.1900000002,249218.65,0,177584.03,0.0,93419.61,0,0,221147.91,0,0,1261424.61,0,0,0,1924.975085324232,0.0,0.0,1924.975085324232,1,1,2026-06-10 17:41:22.494414
NE-HV_AirDist-SupFanMtr-cDXOH-2SpClgHtg-Cnst,None,Gro,Ex,CZ10,cDXOH,0,Each,1.0,49996.964499648,2141281.45,249218.65,0,177584.03,0.0,82761.65,0,0,205449.51,0,0,1426264.23,0,0,0,1878.212627986348,0.0,0.0,1878.212627986348,1,1,2026-06-10 17:41:22.494414
NE-HV_AirDist-SupFanMtr-cDXOH-2SpClgHtg-Cnst,None,Gro,Ex,CZ09,cDXOH,0,Each,1.0,49996.964499648,2122628.0,249218.65,0,177584.03,0.0,72862.74,0,0,207594.09,0,0,1415365.11,0,0,0,1901.69385665529,0.0,0.0,1901.69385665529,1,1,2026-06-10 17:41:22.494414
NE-HV_AirDist-SupFanMtr-cDXOH-2SpClgHtg-Cnst,None,Gro,Ex,CZ08,cDXOH,0,Each,1.0,49996.964499648,2160771.37,249218.65,0,177584.03,0.0,70470.05,0,0,200830.7,0,0,1462664.56,0,0,0,1888.422184300341,0.0,0.0,1888.422184300341,1,1,2026-06-10 17:41:22.494414
NE-HV_AirDist-SupFanMtr-cDXOH-2SpClgHtg-Cnst,None,Gro,Ex,CZ07,cDXOH,0,Each,1.0,49996.964499648,2151053.02,249218.65,0,177584.03,0.0,39550.66,0,0,196876.18,0,0,1487820.12,0,0,0,1927.09180887372,0.0,0.0,1927.09180887372,1,1,2026-06-10 17:41:22.494414
NE-HV_AirDist-SupFanMtr-cDXOH-2SpClgHtg-Cnst,None,Gro,Ex,CZ06,cDXOH,0,Each,1.0,49996.964499648,2139361.67,249218.65,0,177584.03,0.0,33255.8,0,0,195276.65,0,0,1484023.16,0,0,0,1946.5737201365187,0.0,0.0,1946.5737201365187,1,1,2026-06-10 17:41:22.494414
NE-HV_AirDist-SupFanMtr-cDXOH-2SpClgHtg-Cnst,None,Gro,Ex,CZ05,cDXOH,0,Each,1.0,49996.964499648,1782820.87,249218.65,0,177584.03,0.0,12439.5,0,0,178310.77,0,0,1165264.54,0,0,0,2108.7699658703073,0.0,0.0,2108.7699658703073,1,1,2026-06-10 17:41:22.494414
NE-HV_AirDist-SupFanMtr-cDXOH-2SpClgHtg-Cnst,None,Gro,Ex,CZ04,cDXOH,0,Each,1.0,49996.964499648,1855862.7600000002,249218.65,0,177584.03,0.0,62904.72,0,0,205068.4,0,0,1161083.58,0,0,0,2041.5245733788395,0.0,0.0,2041.5245733788395,1,1,2026-06-10 17:41:22.494414
NE-HV_AirDist-SupFanMtr-cDXOH-2SpClgHtg-Cnst,None,Gro,Ex,CZ03,cDXOH,0,Each,1.0,49996.964499648,1756624.15,249218.65,0,177584.03,0.0,10240.48,0,0,174848.7,0,0,1144728.91,0,0,0,2099.329010238908,0.0,0.0,2099.329010238908,1,1,2026-06-10 17:41:22.494414
NE-HV_AirDist-SupFanMtr-cDXOH-2SpClgHtg-Cnst,None,Gro,Ex,CZ02,cDXOH,0,Each,1.0,49996.964499648,1727305.54,249218.65,0,177584.03,0.0,33030.04,0,0,189715.28,0,0,1077754.16,0,0,0,2122.327986348123,0.0,0.0,2122.327986348123,1,1,2026-06-10 17:41:22.494414
NE-HV_AirDist-SupFanMtr-cDXOH-2SpClgHtg-Cnst,None,Gro,Ex,CZ01,cDXOH,0,Each,1.0,49996.964499648,1554207.92,249218.65,0,177584.03,0.0,455.48,0,0,184251.42,0,0,942694.96,0,0,0,2261.0621160409555,0.0,0.0,2261.0621160409555,1,1,2026-06-10 17:41:22.494414
NE-HV_AirDist-SupFanMtr-cDXHP-2SpClgHtg-Cnst,None,Gro,Ex,CZ16,cDXHP,0,Each,1.0,49996.964499648,1936900.85,249218.65,0,177584.03,45915.48,27913.93,0,0,243573.16,0,0,1192692.22,0,0,0,2214.7266211604096,0.0,0.0,2214.7266211604096,1,1,2026-06-10 17:41:22.494414
NE-HV_AirDist-SupFanMtr-cDXHP-2SpClgHtg-Cnst,None,Gro,Ex,CZ15,cDXHP,0,Each,1.0,49996.964499648,2440058.98,249218.65,0,177584.03,4788.09,190473.96,0,0,229161.72,0,0,1588829.15,0,0,0,1600.5771331058022,0.0,0.0,1600.5771331058022,1,1,2026-06-10 17:41:22.494414
NE-HV_AirDist-SupFanMtr-cDXHP-2SpClgHtg-Cnst,None,Gro,Ex,CZ14,cDXHP,0,Each,1.0,49996.964499648,2126711.0300000003,249218.65,0,177584.03,23057.18,98743.56,0,0,226503.13,0,0,1351601.1,0,0,0,1939.6300341296928,0.0,0.0,1939.6300341296928,1,1,2026-06-10 17:41:22.494414
NE-HV_AirDist-SupFanMtr-cDXHP-2SpClgHtg-Cnst,None,Gro,Ex,CZ13,cDXHP,0,Each,1.0,49996.964499648,2096673.9,249218.65,0,177584.03,23032.42,103522.88,0,0,215932.36,0,0,1327380.18,0,0,0,1887.2249146757679,0.0,0.0,1887.2249146757679,1,1,2026-06-10 17:41:22.494414
NE-HV_AirDist-SupFanMtr-cDXHP-2SpClgHtg-Cnst,None,Gro,Ex,CZ12,cDXHP,0,Each,1.0,49996.964499648,1930147.7999999998,249218.65,0,177584.03,27558.44,65339.9,0,0,200724.68,0,0,1209718.72,0,0,0,2012.0228668941977,0.0,0.0,2012.0228668941977,1,1,2026-06-10 17:41:22.494414
NE-HV_AirDist-SupFanMtr-cDXHP-2SpClgHtg-Cnst,None,Gro,Ex,CZ11,cDXHP,0,Each,1.0,49996.964499648,2053254.75,249218.65,0,177584.03,26947.18,97704.57,0,0,213024.89,0,0,1288772.05,0,0,0,1924.9726962457337,0.0,0.0,1924.9726962457337,1,1,2026-06-10 17:41:22.494414
NE-HV_AirDist-SupFanMtr-cDXHP-2SpClgHtg-Cnst,None,Gro,Ex,CZ10,cDXHP,0,Each,1.0,49996.964499648,2169484.91,249218.65,0,177584.03,10624.01,86363.49,0,0,204536.52,0,0,1441154.83,0,0,0,1878.21228668942,0.0,0.0,1878.21228668942,1,1,2026-06-10 17:41:22.494414
NE-HV_AirDist-SupFanMtr-cDXHP-2SpClgHtg-Cnst,None,Gro,Ex,CZ09,cDXHP,0,Each,1.0,49996.964499648,2153640.87,249218.65,0,177584.03,10620.51,75884.42,0,0,206556.23,0,0,1433773.65,0,0,0,1901.69385665529,0.0,0.0,1901.69385665529,1,1,2026-06-10 17:41:22.494414
NE-HV_AirDist-SupFanMtr-cDXHP-2SpClgHtg-Cnst,None,Gro,Ex,CZ08,cDXHP,0,Each,1.0,49996.964499648,2180419.91,249218.65,0,177584.03,8471.9,72474.46,0,0,200499.17,0,0,1472168.32,0,0,0,1888.421843003413,0.0,0.0,1888.421843003413,1,1,2026-06-10 17:41:22.494414
NE-HV_AirDist-SupFanMtr-cDXHP-2SpClgHtg-Cnst,None,Gro,Ex,CZ07,cDXHP,0,Each,1.0,49996.964499648,2167548.94,249218.65,0,177584.03,6681.52,39872.78,0,0,196734.85,0,0,1497453.73,0,0,0,1927.0914675767917,0.0,0.0,1927.0914675767917,1,1,2026-06-10 17:41:22.494414
NE-HV_AirDist-SupFanMtr-cDXHP-2SpClgHtg-Cnst,None,Gro,Ex,CZ06,cDXHP,0,Each,1.0,49996.964499648,2153179.44,249218.65,0,177584.03,7433.55,32924.62,0,0,195053.34,0,0,1490961.87,0,0,0,1946.5764505119455,0.0,0.0,1946.5764505119455,1,1,2026-06-10 17:41:22.494414
NE-HV_AirDist-SupFanMtr-cDXHP-2SpClgHtg-Cnst,None,Gro,Ex,CZ05,cDXHP,0,Each,1.0,49996.964499648,1825790.92,249218.65,0,177584.03,21658.53,13809.09,0,0,176429.71,0,0,1187087.53,0,0,0,2108.768941979522,0.0,0.0,2108.768941979522,1,1,2026-06-10 17:41:22.494414
NE-HV_AirDist-SupFanMtr-cDXHP-2SpClgHtg-Cnst,None,Gro,Ex,CZ04,cDXHP,0,Each,1.0,49996.964499648,1917311.06,249218.65,0,177584.03,26807.45,66661.47,0,0,200048.27,0,0,1196987.81,0,0,0,2041.523890784983,0.0,0.0,2041.523890784983,1,1,2026-06-10 17:41:22.494414
NE-HV_AirDist-SupFanMtr-cDXHP-2SpClgHtg-Cnst,None,Gro,Ex,CZ03,cDXHP,0,Each,1.0,49996.964499648,1800114.95,249218.65,0,177584.03,23141.34,10858.94,0,0,171609.92,0,0,1167698.69,0,0,0,2099.3177474402733,0.0,0.0,2099.3177474402733,1,1,2026-06-10 17:41:22.494414
NE-HV_AirDist-SupFanMtr-cDXHP-2SpClgHtg-Cnst,None,Gro,Ex,CZ02,cDXHP,0,Each,1.0,49996.964499648,1777880.13,249218.65,0,177584.03,32619.08,35734.19,0,0,182345.08,0,0,1100375.72,0,0,0,2122.323208191126,0.0,0.0,2122.323208191126,1,1,2026-06-10 17:41:22.494414
NE-HV_AirDist-SupFanMtr-cDXHP-2SpClgHtg-Cnst,None,Gro,Ex,CZ01,cDXHP,0,Each,1.0,49996.964499648,1620205.81,249218.65,0,177584.03,47384.98,371.69,0,0,171691.47,0,0,973951.61,0,0,0,2261.0597269624573,0.0,0.0,2261.0597269624573,1,1,2026-06-10 17:41:22.494414
NE-HV_AirDist-SupFanMtr-cDXGF-2SpClgHtg-Cnst,None,Gro,Ex,CZ16,cDXGF,0,Each,1.0,49996.964499648,1890788.24,249218.65,0,177584.03,0.0,27881.09,0,0,243571.35,0,0,1192529.74,0,0,0,9885.029010238906,0.0,7670.302389078498,2214.7266211604096,1,1,2026-06-10 17:41:22.494414
NE-HV_AirDist-SupFanMtr-cDXGF-2SpClgHtg-Cnst,None,Gro,Ex,CZ15,cDXGF,0,Each,1.0,49996.964499648,2434841.13,249218.65,0,177584.03,0.0,190230.86,0,0,229163.65,0,0,1588640.56,0,0,0,2500.7870307167236,0.0,900.2098976109215,1600.5771331058022,1,1,2026-06-10 17:41:22.494414
NE-HV_AirDist-SupFanMtr-cDXGF-2SpClgHtg-Cnst,None,Gro,Ex,CZ14,cDXGF,0,Each,1.0,49996.964499648,2103558.21,249218.65,0,177584.03,0.0,98646.19,0,0,226508.18,0,0,1351597.78,0,0,0,5994.200341296929,0.0,4054.5703071672356,1939.6300341296928,1,1,2026-06-10 17:41:22.494414
NE-HV_AirDist-SupFanMtr-cDXGF-2SpClgHtg-Cnst,None,Gro,Ex,CZ13,cDXGF,0,Each,1.0,49996.964499648,2073261.1400000001,249218.65,0,177584.03,0.0,103144.84,0,0,215929.27,0,0,1327380.97,0,0,0,6157.0334470989765,0.0,4269.808532423208,1887.2249146757679,1,1,2026-06-10 17:41:22.494414
NE-HV_AirDist-SupFanMtr-cDXGF-2SpClgHtg-Cnst,None,Gro,Ex,CZ12,cDXGF,0,Each,1.0,49996.964499648,1902311.1099999999,249218.65,0,177584.03,0.0,64630.66,0,0,200724.34,0,0,1210150.05,0,0,0,7175.3645051194535,0.0,5163.341638225256,2012.0228668941977,1,1,2026-06-10 17:41:22.494414
NE-HV_AirDist-SupFanMtr-cDXGF-2SpClgHtg-Cnst,None,Gro,Ex,CZ11,cDXGF,0,Each,1.0,49996.964499648,2025738.52,249218.65,0,177584.03,0.0,97154.23,0,0,213024.56,0,0,1288753.67,0,0,0,6895.043686006825,0.0,4970.070989761091,1924.9726962457337,1,1,2026-06-10 17:41:22.494414
NE-HV_AirDist-SupFanMtr-cDXGF-2SpClgHtg-Cnst,None,Gro,Ex,CZ10,cDXGF,0,Each,1.0,49996.964499648,2158221.58,249218.65,0,177584.03,0.0,86056.15,0,0,204536.52,0,0,1440822.85,0,0,0,3898.7703071672354,0.0,2020.5580204778155,1878.21228668942,1,1,2026-06-10 17:41:22.494414
NE-HV_AirDist-SupFanMtr-cDXGF-2SpClgHtg-Cnst,None,Gro,Ex,CZ09,cDXGF,0,Each,1.0,49996.964499648,2142204.79,249218.65,0,177584.03,0.0,75358.58,0,0,206555.57,0,0,1433484.58,0,0,0,3929.987372013652,0.0,2028.2935153583617,1901.69385665529,1,1,2026-06-10 17:41:22.494414
NE-HV_AirDist-SupFanMtr-cDXGF-2SpClgHtg-Cnst,None,Gro,Ex,CZ08,cDXGF,0,Each,1.0,49996.964499648,2171605.31,249218.65,0,177584.03,0.0,72774.79,0,0,200499.17,0,0,1471525.29,0,0,0,3520.950170648464,0.0,1632.5283276450511,1888.421843003413,1,1,2026-06-10 17:41:22.494414
NE-HV_AirDist-SupFanMtr-cDXGF-2SpClgHtg-Cnst,None,Gro,Ex,CZ07,cDXGF,0,Each,1.0,49996.964499648,2161101.63,249218.65,0,177584.03,0.0,40371.28,0,0,196734.85,0,0,1497189.44,0,0,0,3222.4232081911264,0.0,1295.3317406143344,1927.0914675767917,1,1,2026-06-10 17:41:22.494414
NE-HV_AirDist-SupFanMtr-cDXGF-2SpClgHtg-Cnst,None,Gro,Ex,CZ06,cDXGF,0,Each,1.0,49996.964499648,2146864.4699999997,249218.65,0,177584.03,0.0,33924.55,0,0,195051.84,0,0,1491082.02,0,0,0,3387.7317406143347,0.0,1441.155290102389,1946.5764505119455,1,1,2026-06-10 17:41:22.494414
NE-HV_AirDist-SupFanMtr-cDXGF-2SpClgHtg-Cnst,None,Gro,Ex,CZ05,cDXGF,0,Each,1.0,49996.964499648,1803978.96,249218.65,0,177584.03,0.0,13578.78,0,0,176429.71,0,0,1187164.41,0,0,0,6317.628668941979,0.0,4208.859726962457,2108.768941979522,1,1,2026-06-10 17:41:22.494414
NE-HV_AirDist-SupFanMtr-cDXGF-2SpClgHtg-Cnst,None,Gro,Ex,CZ04,cDXGF,0,Each,1.0,49996.964499648,1889638.31,249218.65,0,177584.03,0.0,65849.76,0,0,200047.94,0,0,1196934.55,0,0,0,6988.578839590443,0.0,4947.05494880546,2041.523890784983,1,1,2026-06-10 17:41:22.494414
NE-HV_AirDist-SupFanMtr-cDXGF-2SpClgHtg-Cnst,None,Gro,Ex,CZ03,cDXGF,0,Each,1.0,49996.964499648,1776789.5299999998,249218.65,0,177584.03,0.0,10657.64,0,0,171610.1,0,0,1167715.73,0,0,0,6651.910580204778,0.0,4552.592832764505,2099.3177474402733,1,1,2026-06-10 17:41:22.494414
NE-HV_AirDist-SupFanMtr-cDXGF-2SpClgHtg-Cnst,None,Gro,Ex,CZ02,cDXGF,0,Each,1.0,49996.964499648,1744257.4,249218.65,0,177584.03,0.0,35053.27,0,0,182344.22,0,0,1100053.85,0,0,0,8347.11638225256,0.0,6224.793174061433,2122.323208191126,1,1,2026-06-10 17:41:22.494414
NE-HV_AirDist-SupFanMtr-cDXGF-2SpClgHtg-Cnst,None,Gro,Ex,CZ01,cDXGF,0,Each,1.0,49996.964499648,1573423.1099999999,249218.65,0,177584.03,0.0,521.78,0,0,171690.82,0,0,974404.45,0,0,0,11515.01228668942,0.0,9253.952559726962,2261.0597269624573,1,1,2026-06-10 17:41:22.494414
NE-HV_AirDist-SupFanMtr-cDXOH-2SpClgHtg-Cnst,None,EUn,Ex,CZ16,cDXOH,0,Each,1.0,857786.460769088,7811648.68,1277404.75,0,3555459.15,0.0,627995.15,0,0,2350786.26,0,0,0.0,0,0,0,35172.123890784984,4348.876450511945,3100.4348122866895,27722.81262798635,1,1,2026-06-10 17:41:22.494414
NE-HV_AirDist-SupFanMtr-cDXOH-2SpClgHtg-Cnst,None,EUn,Ex,CZ15,cDXOH,0,Each,1.0,857786.460769088,9402438.26,1277404.75,0,3555459.15,0.0,2434207.95,0,0,2135363.04,0,0,0.0,0,0,0,23724.374744027304,4348.876450511945,33.02627986348123,19342.472013651877,1,1,2026-06-10 17:41:22.494414
NE-HV_AirDist-SupFanMtr-cDXOH-2SpClgHtg-Cnst,None,EUn,Ex,CZ14,cDXOH,0,Each,1.0,857786.460769088,8406616.059999999,1277404.75,0,3555459.15,0.0,1406318.53,0,0,2167430.26,0,0,0.0,0,0,0,29085.60136518771,4348.876450511945,782.7709897610921,23953.953924914673,1,1,2026-06-10 17:41:22.494414
NE-HV_AirDist-SupFanMtr-cDXOH-2SpClgHtg-Cnst,None,EUn,Ex,CZ13,cDXOH,0,Each,1.0,857786.460769088,8311558.51,1277404.75,0,3555459.15,0.0,1413331.82,0,0,2065359.42,0,0,0.0,0,0,0,28488.397269624573,4348.876450511945,892.6232081911263,23246.8976109215,1,1,2026-06-10 17:41:22.494414
NE-HV_AirDist-SupFanMtr-cDXOH-2SpClgHtg-Cnst,None,EUn,Ex,CZ12,cDXOH,0,Each,1.0,857786.460769088,7776922.18,1277404.75,0,3555459.15,0.0,967217.94,0,0,1976836.97,0,0,0.0,0,0,0,30422.123208191126,4348.876450511945,1102.1221843003414,24971.12457337884,1,1,2026-06-10 17:41:22.494414
NE-HV_AirDist-SupFanMtr-cDXOH-2SpClgHtg-Cnst,None,EUn,Ex,CZ11,cDXOH,0,Each,1.0,857786.460769088,8261954.85,1277404.75,0,3555459.15,0.0,1345187.7,0,0,2083899.88,0,0,0.0,0,0,0,29436.725597269626,4348.876450511945,1320.4249146757677,23767.42423208191,1,1,2026-06-10 17:41:22.494414
NE-HV_AirDist-SupFanMtr-cDXOH-2SpClgHtg-Cnst,None,EUn,Ex,CZ10,cDXOH,0,Each,1.0,857786.460769088,8158365.32,1277404.75,0,3555459.15,0.0,1316170.1,0,0,2009327.95,0,0,0.0,0,0,0,27613.88088737201,4348.876450511945,98.38532423208191,23166.619112627985,1,1,2026-06-10 17:41:22.494414
NE-HV_AirDist-SupFanMtr-cDXOH-2SpClgHtg-Cnst,None,EUn,Ex,CZ09,cDXOH,0,Each,1.0,857786.460769088,8132724.899999999,1277404.75,0,3555459.15,0.0,1218610.73,0,0,2081246.9,0,0,0.0,0,0,0,28005.008873720137,4348.876450511945,160.761433447099,23495.37098976109,1,1,2026-06-10 17:41:22.494414
NE-HV_AirDist-SupFanMtr-cDXOH-2SpClgHtg-Cnst,None,EUn,Ex,CZ08,cDXOH,0,Each,1.0,857786.460769088,8064637.56,1277404.75,0,3555459.15,0.0,1219256.27,0,0,2012514.02,0,0,0.0,0,0,0,27737.71194539249,4348.876450511945,71.62286689419795,23317.212627986348,1,1,2026-06-10 17:41:22.494414
NE-HV_AirDist-SupFanMtr-cDXOH-2SpClgHtg-Cnst,None,EUn,Ex,CZ07,cDXOH,0,Each,1.0,857786.460769088,7625987.0,1277404.75,0,3555459.15,0.0,854221.18,0,0,1938898.55,0,0,0.0,0,0,0,28219.629010238907,4348.876450511945,20.436860068259385,23850.315699658702,1,1,2026-06-10 17:41:22.494414
NE-HV_AirDist-SupFanMtr-cDXOH-2SpClgHtg-Cnst,None,EUn,Ex,CZ06,cDXOH,0,Each,1.0,857786.460769088,7579861.75,1277404.75,0,3555459.15,0.0,801204.41,0,0,1945790.07,0,0,0.0,0,0,0,28514.368600682592,4348.876450511945,44.4259385665529,24121.066211604095,1,1,2026-06-10 17:41:22.494414
NE-HV_AirDist-SupFanMtr-cDXOH-2SpClgHtg-Cnst,None,EUn,Ex,CZ05,cDXOH,0,Each,1.0,857786.460769088,7251941.54,1277404.75,0,3555459.15,0.0,454518.28,0,0,1964555.99,0,0,0.0,0,0,0,31013.574061433446,4348.876450511945,339.535494880546,26325.162116040956,1,1,2026-06-10 17:41:22.494414
NE-HV_AirDist-SupFanMtr-cDXOH-2SpClgHtg-Cnst,None,EUn,Ex,CZ04,cDXOH,0,Each,1.0,857786.460769088,7865710.9,1277404.75,0,3555459.15,0.0,1001385.59,0,0,2031458.04,0,0,0.0,0,0,0,30566.37201365188,4348.876450511945,841.2651877133105,25376.23037542662,1,1,2026-06-10 17:41:22.494414
NE-HV_AirDist-SupFanMtr-cDXOH-2SpClgHtg-Cnst,None,EUn,Ex,CZ03,cDXOH,0,Each,1.0,857786.460769088,7104366.5200000005,1277404.75,0,3555459.15,0.0,340573.69,0,0,1930925.56,0,0,0.0,0,0,0,31048.593174061432,4348.876450511945,508.9474402730375,26190.76928327645,1,1,2026-06-10 17:41:22.494414
NE-HV_AirDist-SupFanMtr-cDXOH-2SpClgHtg-Cnst,None,EUn,Ex,CZ02,cDXOH,0,Each,1.0,857786.460769088,7447316.55,1277404.75,0,3555459.15,0.0,651815.77,0,0,1962633.51,0,0,0.0,0,0,0,31983.643344709897,4348.876450511945,1142.9129692832764,26491.853924914674,1,1,2026-06-10 17:41:22.494414
NE-HV_AirDist-SupFanMtr-cDXOH-2SpClgHtg-Cnst,None,EUn,Ex,CZ01,cDXOH,0,Each,1.0,857786.460769088,6766969.46,1277404.75,0,3555459.15,0.0,111156.17,0,0,1822946.02,0,0,0.0,0,0,0,34461.77235494881,4348.876450511945,1728.7982935153584,28384.097610921504,1,1,2026-06-10 17:41:22.494414
NE-HV_AirDist-SupFanMtr-cDXHP-2SpClgHtg-Cnst,None,EUn,Ex,CZ16,cDXHP,0,Each,1.0,857786.460769088,7895387.2299999995,1277404.75,0,3555459.15,83823.01,640356.42,0,0,2338340.53,0,0,0.0,0,0,0,34778.127645051194,4348.876450511945,2706.456313993174,27722.794880546076,1,1,2026-06-10 17:41:22.494414
NE-HV_AirDist-SupFanMtr-cDXHP-2SpClgHtg-Cnst,None,EUn,Ex,CZ15,cDXHP,0,Each,1.0,857786.460769088,9460463.309999999,1277404.75,0,3555459.15,5737.7,2486781.17,0,0,2135077.17,0,0,0.0,0,0,0,23721.79180887372,4348.876450511945,30.447440273037543,19342.46791808874,1,1,2026-06-10 17:41:22.494414
NE-HV_AirDist-SupFanMtr-cDXHP-2SpClgHtg-Cnst,None,EUn,Ex,CZ14,cDXHP,0,Each,1.0,857786.460769088,8488261.129999999,1277404.75,0,3555459.15,45523.85,1444495.12,0,0,2165374.89,0,0,0.0,0,0,0,29002.498976109215,4348.876450511945,699.6791808873719,23953.9433447099,1,1,2026-06-10 17:41:22.494414
NE-HV_AirDist-SupFanMtr-cDXHP-2SpClgHtg-Cnst,None,EUn,Ex,CZ13,cDXHP,0,Each,1.0,857786.460769088,8374212.58,1277404.75,0,3555459.15,36082.43,1441258.83,0,0,2064004.05,0,0,0.0,0,0,0,28330.19112627986,4348.876450511945,734.4262798634811,23246.888395904436,1,1,2026-06-10 17:41:22.494414
NE-HV_AirDist-SupFanMtr-cDXHP-2SpClgHtg-Cnst,None,EUn,Ex,CZ12,cDXHP,0,Each,1.0,857786.460769088,7836667.16,1277404.75,0,3555459.15,45790.19,983222.21,0,0,1974787.49,0,0,0.0,0,0,0,30240.917747440268,4348.876450511945,920.9290102389078,24971.11228668942,1,1,2026-06-10 17:41:22.494414
NE-HV_AirDist-SupFanMtr-cDXHP-2SpClgHtg-Cnst,None,EUn,Ex,CZ11,cDXHP,0,Each,1.0,857786.460769088,8336910.84,1277404.75,0,3555459.15,47483.9,1376351.51,0,0,2080208.16,0,0,0.0,0,0,0,29252.91194539249,4348.876450511945,1136.6262798634812,23767.40921501706,1,1,2026-06-10 17:41:22.494414
NE-HV_AirDist-SupFanMtr-cDXHP-2SpClgHtg-Cnst,None,EUn,Ex,CZ10,cDXHP,0,Each,1.0,857786.460769088,8185613.88,1277404.75,0,3555459.15,13295.98,1330120.56,0,0,2009330.07,0,0,0.0,0,0,0,27603.356655290107,4348.876450511945,87.8655290102389,23166.61467576792,1,1,2026-06-10 17:41:22.494414
NE-HV_AirDist-SupFanMtr-cDXHP-2SpClgHtg-Cnst,None,EUn,Ex,CZ09,cDXHP,0,Each,1.0,857786.460769088,8155618.46,1277404.75,0,3555459.15,12258.63,1229279.45,0,0,2081213.11,0,0,0.0,0,0,0,27989.051535836177,4348.876450511945,144.80819112627987,23495.366894197952,1,1,2026-06-10 17:41:22.494414
NE-HV_AirDist-SupFanMtr-cDXHP-2SpClgHtg-Cnst,None,EUn,Ex,CZ08,cDXHP,0,Each,1.0,857786.460769088,8080184.2700000005,1277404.75,0,3555459.15,9361.27,1225390.96,0,0,2012564.77,0,0,0.0,0,0,0,27732.160409556316,4348.876450511945,66.07337883959045,23317.210580204777,1,1,2026-06-10 17:41:22.494414
NE-HV_AirDist-SupFanMtr-cDXHP-2SpClgHtg-Cnst,None,EUn,Ex,CZ07,cDXHP,0,Each,1.0,857786.460769088,7628532.34,1277404.75,0,3555459.15,4579.36,852158.79,0,0,1938926.92,0,0,0.0,0,0,0,28218.464846416377,4348.876450511945,19.274744027303754,23850.31365187713,1,1,2026-06-10 17:41:22.494414
NE-HV_AirDist-SupFanMtr-cDXHP-2SpClgHtg-Cnst,None,EUn,Ex,CZ06,cDXHP,0,Each,1.0,857786.460769088,7577201.26,1277404.75,0,3555459.15,6123.36,792422.18,0,0,1945788.45,0,0,0.0,0,0,0,28511.002730375425,4348.876450511945,41.06143344709897,24121.06484641638,1,1,2026-06-10 17:41:22.494414
NE-HV_AirDist-SupFanMtr-cDXHP-2SpClgHtg-Cnst,None,EUn,Ex,CZ05,cDXHP,0,Each,1.0,857786.460769088,7287176.72,1277404.75,0,3555459.15,29295.76,460472.23,0,0,1964541.46,0,0,0.0,0,0,0,30982.869965870308,4348.876450511945,308.83890784982935,26325.15460750853,1,1,2026-06-10 17:41:22.494414
NE-HV_AirDist-SupFanMtr-cDXHP-2SpClgHtg-Cnst,None,EUn,Ex,CZ04,cDXHP,0,Each,1.0,857786.460769088,7939270.14,1277404.75,0,3555459.15,48335.94,1027914.87,0,0,2030152.06,0,0,0.0,0,0,0,30478.265187713307,4348.876450511945,753.1692832764505,25376.219453924914,1,1,2026-06-10 17:41:22.494414
NE-HV_AirDist-SupFanMtr-cDXHP-2SpClgHtg-Cnst,None,EUn,Ex,CZ03,cDXHP,0,Each,1.0,857786.460769088,7133859.2,1277404.75,0,3555459.15,27185.03,342978.56,0,0,1930828.34,0,0,0.0,0,0,0,30996.037201365187,4348.876450511945,456.40034129692833,26190.760409556315,1,1,2026-06-10 17:41:22.494414
NE-HV_AirDist-SupFanMtr-cDXHP-2SpClgHtg-Cnst,None,EUn,Ex,CZ02,cDXHP,0,Each,1.0,857786.460769088,7512403.33,1277404.75,0,3555459.15,53029.59,665825.08,0,0,1960681.39,0,0,0.0,0,0,0,31830.283617747442,4348.876450511945,989.5679180887372,26491.839249146757,1,1,2026-06-10 17:41:22.494414
NE-HV_AirDist-SupFanMtr-cDXHP-2SpClgHtg-Cnst,None,EUn,Ex,CZ01,cDXHP,0,Each,1.0,857786.460769088,6837848.760000001,1277404.75,0,3555459.15,71867.15,112367.78,0,0,1820746.56,0,0,0.0,0,0,0,34212.41843003413,4348.876450511945,1479.4675767918088,28384.074402730374,1,1,2026-06-10 17:41:22.494414
NE-HV_AirDist-SupFanMtr-cDXGF-2SpClgHtg-Cnst,None,EUn,Ex,CZ16,cDXGF,0,Each,1.0,857786.460769088,7809525.47,1277404.75,0,3555459.15,0.0,638317.69,0,0,2338340.51,0,0,0.0,0,0,0,48293.38634812286,4348.876450511945,16221.715017064846,27722.794880546076,1,1,2026-06-10 17:41:22.494414
NE-HV_AirDist-SupFanMtr-cDXGF-2SpClgHtg-Cnst,None,EUn,Ex,CZ15,cDXGF,0,Each,1.0,857786.460769088,9452563.5,1277404.75,0,3555459.15,0.0,2484505.26,0,0,2135190.97,0,0,0.0,0,0,0,24785.237201365184,4348.876450511945,1093.891467576792,19342.46928327645,1,1,2026-06-10 17:41:22.494414
NE-HV_AirDist-SupFanMtr-cDXGF-2SpClgHtg-Cnst,None,EUn,Ex,CZ14,cDXGF,0,Each,1.0,857786.460769088,8439646.209999999,1277404.75,0,3555459.15,0.0,1441401.25,0,0,2165377.69,0,0,0.0,0,0,0,36701.98156996587,4348.876450511945,8399.16109215017,23953.944027303754,1,1,2026-06-10 17:41:22.494414
NE-HV_AirDist-SupFanMtr-cDXGF-2SpClgHtg-Cnst,None,EUn,Ex,CZ13,cDXGF,0,Each,1.0,857786.460769088,8342228.39,1277404.75,0,3555459.15,0.0,1445355.49,0,0,2064005.63,0,0,0.0,0,0,0,34897.195904436856,4348.876450511945,7301.43071672355,23246.888737201363,1,1,2026-06-10 17:41:22.494414
NE-HV_AirDist-SupFanMtr-cDXGF-2SpClgHtg-Cnst,None,EUn,Ex,CZ12,cDXGF,0,Each,1.0,857786.460769088,7798301.25,1277404.75,0,3555459.15,0.0,990650.41,0,0,1974783.57,0,0,0.0,0,0,0,38598.747098976106,4348.876450511945,9278.758361774744,24971.11228668942,1,1,2026-06-10 17:41:22.494414
NE-HV_AirDist-SupFanMtr-cDXGF-2SpClgHtg-Cnst,None,EUn,Ex,CZ11,cDXGF,0,Each,1.0,857786.460769088,8289461.61,1277404.75,0,3555459.15,0.0,1376368.11,0,0,2080226.23,0,0,0.0,0,0,0,37774.87303754266,4348.876450511945,9658.586689419795,23767.40989761092,1,1,2026-06-10 17:41:22.494414
NE-HV_AirDist-SupFanMtr-cDXGF-2SpClgHtg-Cnst,None,EUn,Ex,CZ10,cDXGF,0,Each,1.0,857786.460769088,8189898.869999999,1277404.75,0,3555459.15,0.0,1347681.38,0,0,2009350.22,0,0,0.0,0,0,0,30084.770989761088,4348.876450511945,2569.2795221843003,23166.615017064843,1,1,2026-06-10 17:41:22.494414
NE-HV_AirDist-SupFanMtr-cDXGF-2SpClgHtg-Cnst,None,EUn,Ex,CZ09,cDXGF,0,Each,1.0,857786.460769088,8162188.54,1277404.75,0,3555459.15,0.0,1248095.92,0,0,2081225.35,0,0,0.0,0,0,0,30285.8843003413,4348.876450511945,2441.6409556313993,23495.366894197952,1,1,2026-06-10 17:41:22.494414
NE-HV_AirDist-SupFanMtr-cDXGF-2SpClgHtg-Cnst,None,EUn,Ex,CZ08,cDXGF,0,Each,1.0,857786.460769088,8096167.2299999995,1277404.75,0,3555459.15,0.0,1250729.86,0,0,2012570.1,0,0,0.0,0,0,0,29517.906825938568,4348.876450511945,1851.819795221843,23317.210580204777,1,1,2026-06-10 17:41:22.494414
NE-HV_AirDist-SupFanMtr-cDXGF-2SpClgHtg-Cnst,None,EUn,Ex,CZ07,cDXGF,0,Each,1.0,857786.460769088,7645254.640000001,1277404.75,0,3555459.15,0.0,873464.59,0,0,1938922.78,0,0,0.0,0,0,0,29113.243344709896,4348.876450511945,914.053242320819,23850.31365187713,1,1,2026-06-10 17:41:22.494414
NE-HV_AirDist-SupFanMtr-cDXGF-2SpClgHtg-Cnst,None,EUn,Ex,CZ06,cDXGF,0,Each,1.0,857786.460769088,7599724.56,1277404.75,0,3555459.15,0.0,821063.58,0,0,1945793.71,0,0,0.0,0,0,0,29706.996245733786,4348.876450511945,1237.0549488054608,24121.06484641638,1,1,2026-06-10 17:41:22.494414
NE-HV_AirDist-SupFanMtr-cDXGF-2SpClgHtg-Cnst,None,EUn,Ex,CZ05,cDXGF,0,Each,1.0,857786.460769088,7259328.600000001,1277404.75,0,3555459.15,0.0,461921.93,0,0,1964539.4,0,0,0.0,0,0,0,36515.19624573379,4348.876450511945,5841.165187713311,26325.15460750853,1,1,2026-06-10 17:41:22.494414
NE-HV_AirDist-SupFanMtr-cDXGF-2SpClgHtg-Cnst,None,EUn,Ex,CZ04,cDXGF,0,Each,1.0,857786.460769088,7890090.54,1277404.75,0,3555459.15,0.0,1027071.41,0,0,2030151.86,0,0,0.0,0,0,0,39027.170989761085,4348.876450511945,9302.075085324232,25376.219453924914,1,1,2026-06-10 17:41:22.494414
NE-HV_AirDist-SupFanMtr-cDXGF-2SpClgHtg-Cnst,None,EUn,Ex,CZ03,cDXGF,0,Each,1.0,857786.460769088,7108735.3100000005,1277404.75,0,3555459.15,0.0,345039.72,0,0,1930828.32,0,0,0.0,0,0,0,36237.34846416382,4348.876450511945,5697.711604095563,26190.760409556315,1,1,2026-06-10 17:41:22.494414
NE-HV_AirDist-SupFanMtr-cDXGF-2SpClgHtg-Cnst,None,EUn,Ex,CZ02,cDXGF,0,Each,1.0,857786.460769088,7463090.25,1277404.75,0,3555459.15,0.0,669541.19,0,0,1960681.79,0,0,0.0,0,0,0,41484.98122866894,4348.876450511945,10644.265529010238,26491.839249146757,1,1,2026-06-10 17:41:22.494414
NE-HV_AirDist-SupFanMtr-cDXGF-2SpClgHtg-Cnst,None,EUn,Ex,CZ01,cDXGF,0,Each,1.0,857786.460769088,6767488.5200000005,1277404.75,0,3555459.15,0.0,113874.19,0,0,1820747.06,0,0,0.0,0,0,0,47966.680546075084,4348.876450511945,15233.729692832765,28384.074402730374,1,1,2026-06-10 17:41:22.494414
NE-HV_AirDist-SupFanMtr-cDXOH-2SpClgHtg-Cnst,None,ESe,Ex,CZ16,cDXOH,0,Each,1.0,74402.30146688,827095.4999999999,197959.32,0,259085.82,0.0,75537.05,0,0,294509.92,0,0,0.0,0,0,0,18261.446416382252,2187.403412969283,7510.281228668941,8563.761774744027,1,1,2026-06-10 17:41:22.494414
NE-HV_AirDist-SupFanMtr-cDXOH-2SpClgHtg-Cnst,None,ESe,Ex,CZ15,cDXOH,0,Each,1.0,74402.30146688,1114517.3699999999,197959.32,0,259085.82,0.0,398663.7,0,0,258805.14,0,0,0.0,0,0,0,8968.62252559727,2187.403412969283,755.7266211604095,6025.492491467577,1,1,2026-06-10 17:41:22.494414
NE-HV_AirDist-SupFanMtr-cDXOH-2SpClgHtg-Cnst,None,ESe,Ex,CZ14,cDXOH,0,Each,1.0,74402.30146688,930994.78,197959.32,0,259085.82,0.0,212103.36,0,0,261842.89,0,0,0.0,0,0,0,13412.378839590443,2187.403412969283,3800.0133105802047,7424.962116040956,1,1,2026-06-10 17:41:22.494414
NE-HV_AirDist-SupFanMtr-cDXOH-2SpClgHtg-Cnst,None,ESe,Ex,CZ13,cDXOH,0,Each,1.0,74402.30146688,945657.82,197959.32,0,259085.82,0.0,225029.03,0,0,263580.26,0,0,0.0,0,0,0,13474.321160409556,2187.403412969283,4077.6440273037542,7209.273720136519,1,1,2026-06-10 17:41:22.494414
NE-HV_AirDist-SupFanMtr-cDXOH-2SpClgHtg-Cnst,None,ESe,Ex,CZ12,cDXOH,0,Each,1.0,74402.30146688,861176.4500000001,197959.32,0,259085.82,0.0,150660.24,0,0,253467.68,0,0,0.0,0,0,0,14828.478839590442,2187.403412969283,4913.660068259385,7727.415358361774,1,1,2026-06-10 17:41:22.494414
NE-HV_AirDist-SupFanMtr-cDXOH-2SpClgHtg-Cnst,None,ESe,Ex,CZ11,cDXOH,0,Each,1.0,74402.30146688,940434.5000000001,197959.32,0,259085.82,0.0,214276.44,0,0,269109.53,0,0,0.0,0,0,0,14375.986689419795,2187.403412969283,4822.659726962457,7365.923549488054,1,1,2026-06-10 17:41:22.494414
NE-HV_AirDist-SupFanMtr-cDXOH-2SpClgHtg-Cnst,None,ESe,Ex,CZ10,cDXOH,0,Each,1.0,74402.30146688,919779.58,197959.32,0,259085.82,0.0,206762.36,0,0,255968.69,0,0,0.0,0,0,0,11319.474744027302,2187.403412969283,1955.2952218430034,7176.776109215017,1,1,2026-06-10 17:41:22.494414
NE-HV_AirDist-SupFanMtr-cDXOH-2SpClgHtg-Cnst,None,ESe,Ex,CZ09,cDXOH,0,Each,1.0,74402.30146688,890813.9400000001,197959.32,0,259085.82,0.0,179208.72,0,0,254556.69,0,0,0.0,0,0,0,11224.703412969284,2187.403412969283,1762.4436860068258,7274.856313993174,1,1,2026-06-10 17:41:22.494414
NE-HV_AirDist-SupFanMtr-cDXOH-2SpClgHtg-Cnst,None,ESe,Ex,CZ08,cDXOH,0,Each,1.0,74402.30146688,876077.79,197959.32,0,259085.82,0.0,177180.09,0,0,241849.17,0,0,0.0,0,0,0,10812.259726962457,2187.403412969283,1404.542662116041,7220.313651877133,1,1,2026-06-10 17:41:22.494414
NE-HV_AirDist-SupFanMtr-cDXOH-2SpClgHtg-Cnst,None,ESe,Ex,CZ07,cDXOH,0,Each,1.0,74402.30146688,799949.6300000001,197959.32,0,259085.82,0.0,110506.18,0,0,232394.92,0,0,0.0,0,0,0,10672.598634812286,2187.403412969283,1104.4556313993173,7380.739590443686,1,1,2026-06-10 17:41:22.494414
NE-HV_AirDist-SupFanMtr-cDXOH-2SpClgHtg-Cnst,None,ESe,Ex,CZ06,cDXOH,0,Each,1.0,74402.30146688,796395.5700000001,197959.32,0,259085.82,0.0,108144.0,0,0,231203.04,0,0,0.0,0,0,0,10890.515699658703,2187.403412969283,1241.3153583617748,7461.796928327644,1,1,2026-06-10 17:41:22.494414
NE-HV_AirDist-SupFanMtr-cDXOH-2SpClgHtg-Cnst,None,ESe,Ex,CZ05,cDXOH,0,Each,1.0,74402.30146688,757468.8400000001,197959.32,0,259085.82,0.0,60813.14,0,0,239607.17,0,0,0.0,0,0,0,14154.303412969282,2187.403412969283,3835.737883959044,8131.162116040955,1,1,2026-06-10 17:41:22.494414
NE-HV_AirDist-SupFanMtr-cDXOH-2SpClgHtg-Cnst,None,ESe,Ex,CZ04,cDXOH,0,Each,1.0,74402.30146688,875688.66,197959.32,0,259085.82,0.0,155615.25,0,0,263024.88,0,0,0.0,0,0,0,14840.83003412969,2187.403412969283,4803.692150170648,7849.734470989761,1,1,2026-06-10 17:41:22.494414
NE-HV_AirDist-SupFanMtr-cDXOH-2SpClgHtg-Cnst,None,ESe,Ex,CZ03,cDXOH,0,Each,1.0,74402.30146688,742448.34,197959.32,0,259085.82,0.0,49004.68,0,0,236395.13,0,0,0.0,0,0,0,14181.417406143346,2187.403412969283,3902.488395904437,8091.525597269625,1,1,2026-06-10 17:41:22.494414
NE-HV_AirDist-SupFanMtr-cDXOH-2SpClgHtg-Cnst,None,ESe,Ex,CZ02,cDXOH,0,Each,1.0,74402.30146688,803599.18,197959.32,0,259085.82,0.0,94388.52,0,0,252162.13,0,0,0.0,0,0,0,16343.266211604096,2187.403412969283,5970.68566552901,8185.177133105802,1,1,2026-06-10 17:41:22.494414
NE-HV_AirDist-SupFanMtr-cDXOH-2SpClgHtg-Cnst,None,ESe,Ex,CZ01,cDXOH,0,Each,1.0,74402.30146688,692365.0700000001,197959.32,0,259085.82,0.0,15505.33,0,0,219811.21,0,0,0.0,0,0,0,19076.95290102389,2187.403412969283,8131.021843003413,8758.527645051194,1,1,2026-06-10 17:41:22.494414
NE-HV_AirDist-SupFanMtr-cDXHP-2SpClgHtg-Cnst,None,ESe,Ex,CZ16,cDXHP,0,Each,1.0,74402.30146688,833495.3,197959.32,0,259085.82,8167.71,75829.7,0,0,292449.36,0,0,0.0,0,0,0,18188.01672354949,2187.403412969283,7436.857337883959,8563.755972696244,1,1,2026-06-10 17:41:22.494414
NE-HV_AirDist-SupFanMtr-cDXHP-2SpClgHtg-Cnst,None,ESe,Ex,CZ15,cDXHP,0,Each,1.0,74402.30146688,1117860.23,197959.32,0,259085.82,291.38,401743.81,0,0,258776.51,0,0,0.0,0,0,0,8967.43447098976,2187.403412969283,754.538566552901,6025.492491467577,1,1,2026-06-10 17:41:22.494414
NE-HV_AirDist-SupFanMtr-cDXHP-2SpClgHtg-Cnst,None,ESe,Ex,CZ14,cDXHP,0,Each,1.0,74402.30146688,936249.5200000001,197959.32,0,259085.82,3206.53,214360.18,0,0,261634.28,0,0,0.0,0,0,0,13394.063822525597,2187.403412969283,3781.7013651877132,7424.9590443686,1,1,2026-06-10 17:41:22.494414
NE-HV_AirDist-SupFanMtr-cDXHP-2SpClgHtg-Cnst,None,ESe,Ex,CZ13,cDXHP,0,Each,1.0,74402.30146688,950011.1,197959.32,0,259085.82,2782.99,226845.63,0,0,263333.95,0,0,0.0,0,0,0,13452.367576791808,2187.403412969283,4055.693174061433,7209.270989761092,1,1,2026-06-10 17:41:22.494414
NE-HV_AirDist-SupFanMtr-cDXHP-2SpClgHtg-Cnst,None,ESe,Ex,CZ12,cDXHP,0,Each,1.0,74402.30146688,865722.65,197959.32,0,259085.82,3690.31,151786.84,0,0,253196.97,0,0,0.0,0,0,0,14799.62866894198,2187.403412969283,4884.812627986348,7727.412627986348,1,1,2026-06-10 17:41:22.494414
NE-HV_AirDist-SupFanMtr-cDXHP-2SpClgHtg-Cnst,None,ESe,Ex,CZ11,cDXHP,0,Each,1.0,74402.30146688,945791.13,197959.32,0,259085.82,3834.84,216202.8,0,0,268704.96,0,0,0.0,0,0,0,14345.551877133104,2187.403412969283,4792.227303754266,7365.921160409556,1,1,2026-06-10 17:41:22.494414
NE-HV_AirDist-SupFanMtr-cDXHP-2SpClgHtg-Cnst,None,ESe,Ex,CZ10,cDXHP,0,Each,1.0,74402.30146688,922323.54,197959.32,0,259085.82,1163.9,208162.28,0,0,255948.83,0,0,0.0,0,0,0,11315.163481228668,2187.403412969283,1950.9846416382252,7176.77542662116,1,1,2026-06-10 17:41:22.494414
NE-HV_AirDist-SupFanMtr-cDXHP-2SpClgHtg-Cnst,None,ESe,Ex,CZ09,cDXHP,0,Each,1.0,74402.30146688,893153.41,197959.32,0,259085.82,901.47,180655.84,0,0,254547.57,0,0,0.0,0,0,0,11220.727986348124,2187.403412969283,1758.469624573379,7274.8549488054605,1,1,2026-06-10 17:41:22.494414
NE-HV_AirDist-SupFanMtr-cDXHP-2SpClgHtg-Cnst,None,ESe,Ex,CZ08,cDXHP,0,Each,1.0,74402.30146688,878160.47,197959.32,0,259085.82,632.29,178644.54,0,0,241835.11,0,0,0.0,0,0,0,10810.298976109216,2187.403412969283,1402.5825938566552,7220.312969283276,1,1,2026-06-10 17:41:22.494414
NE-HV_AirDist-SupFanMtr-cDXHP-2SpClgHtg-Cnst,None,ESe,Ex,CZ07,cDXHP,0,Each,1.0,74402.30146688,801318.2000000001,197959.32,0,259085.82,381.13,111494.55,0,0,232393.99,0,0,0.0,0,0,0,10671.727303754265,2187.403412969283,1103.584641638225,7380.739249146757,1,1,2026-06-10 17:41:22.494414
NE-HV_AirDist-SupFanMtr-cDXHP-2SpClgHtg-Cnst,None,ESe,Ex,CZ06,cDXHP,0,Each,1.0,74402.30146688,797121.7300000001,197959.32,0,259085.82,432.09,108432.29,0,0,231208.82,0,0,0.0,0,0,0,10889.267918088739,2187.403412969283,1240.067918088737,7461.796587030717,1,1,2026-06-10 17:41:22.494414
NE-HV_AirDist-SupFanMtr-cDXHP-2SpClgHtg-Cnst,None,ESe,Ex,CZ05,cDXHP,0,Each,1.0,74402.30146688,760163.7100000001,197959.32,0,259085.82,2194.02,61349.78,0,0,239571.38,0,0,0.0,0,0,0,14144.576791808873,2187.403412969283,3826.0191126279865,8131.154266211604,1,1,2026-06-10 17:41:22.494414
NE-HV_AirDist-SupFanMtr-cDXHP-2SpClgHtg-Cnst,None,ESe,Ex,CZ04,cDXHP,0,Each,1.0,74402.30146688,880901.7400000001,197959.32,0,259085.82,3829.2,157160.21,0,0,262863.8,0,0,0.0,0,0,0,14819.36348122867,2187.403412969283,4782.228327645052,7849.731740614335,1,1,2026-06-10 17:41:22.494414
NE-HV_AirDist-SupFanMtr-cDXHP-2SpClgHtg-Cnst,None,ESe,Ex,CZ03,cDXHP,0,Each,1.0,74402.30146688,744868.77,197959.32,0,259085.82,2177.87,49332.62,0,0,236309.75,0,0,0.0,0,0,0,14168.939931740613,2187.403412969283,3890.0102389078497,8091.526279863481,1,1,2026-06-10 17:41:22.494414
NE-HV_AirDist-SupFanMtr-cDXHP-2SpClgHtg-Cnst,None,ESe,Ex,CZ02,cDXHP,0,Each,1.0,74402.30146688,808599.82,197959.32,0,259085.82,4455.69,95200.04,0,0,251895.56,0,0,0.0,0,0,0,16312.704095563138,2187.403412969283,5940.126621160409,8185.174061433447,1,1,2026-06-10 17:41:22.494414
NE-HV_AirDist-SupFanMtr-cDXHP-2SpClgHtg-Cnst,None,ESe,Ex,CZ01,cDXHP,0,Each,1.0,74402.30146688,698157.4,197959.32,0,259085.82,5893.03,15525.11,0,0,219690.73,0,0,0.0,0,0,0,19024.87508532423,2187.403412969283,8078.948122866894,8758.523549488054,1,1,2026-06-10 17:41:22.494414
NE-HV_AirDist-SupFanMtr-cDXGF-2SpClgHtg-Cnst,None,ESe,Ex,CZ16,cDXGF,0,Each,1.0,74402.30146688,825893.79,197959.32,0,259085.82,0.0,76395.91,0,0,292449.35,0,0,0.0,0,0,0,19467.549146757676,2187.403412969283,8716.38976109215,8563.755972696244,1,1,2026-06-10 17:41:22.494414
NE-HV_AirDist-SupFanMtr-cDXGF-2SpClgHtg-Cnst,None,ESe,Ex,CZ15,cDXGF,0,Each,1.0,74402.30146688,1117462.9899999998,197959.32,0,259085.82,0.0,401636.54,0,0,258777.92,0,0,0.0,0,0,0,9020.794880546075,2187.403412969283,807.8989761092149,6025.492491467577,1,1,2026-06-10 17:41:22.494414
NE-HV_AirDist-SupFanMtr-cDXGF-2SpClgHtg-Cnst,None,ESe,Ex,CZ14,cDXGF,0,Each,1.0,74402.30146688,933022.21,197959.32,0,259085.82,0.0,214339.34,0,0,261634.34,0,0,0.0,0,0,0,13909.550170648465,2187.403412969283,4297.18771331058,7424.9590443686,1,1,2026-06-10 17:41:22.494414
NE-HV_AirDist-SupFanMtr-cDXGF-2SpClgHtg-Cnst,None,ESe,Ex,CZ13,cDXGF,0,Each,1.0,74402.30146688,947418.7300000001,197959.32,0,259085.82,0.0,227036.18,0,0,263334.02,0,0,0.0,0,0,0,13957.261092150171,2187.403412969283,4560.586689419795,7209.270989761092,1,1,2026-06-10 17:41:22.494414
NE-HV_AirDist-SupFanMtr-cDXGF-2SpClgHtg-Cnst,None,ESe,Ex,CZ12,cDXGF,0,Each,1.0,74402.30146688,862364.14,197959.32,0,259085.82,0.0,152118.64,0,0,253196.97,0,0,0.0,0,0,0,15473.362798634813,2187.403412969283,5558.546757679182,7727.412627986348,1,1,2026-06-10 17:41:22.494414
NE-HV_AirDist-SupFanMtr-cDXGF-2SpClgHtg-Cnst,None,ESe,Ex,CZ11,cDXGF,0,Each,1.0,74402.30146688,942019.01,197959.32,0,259085.82,0.0,216266.13,0,0,268704.35,0,0,0.0,0,0,0,15033.033788395904,2187.403412969283,5479.709215017065,7365.921160409556,1,1,2026-06-10 17:41:22.494414
NE-HV_AirDist-SupFanMtr-cDXGF-2SpClgHtg-Cnst,None,ESe,Ex,CZ10,cDXGF,0,Each,1.0,74402.30146688,921482.3,197959.32,0,259085.82,0.0,208484.86,0,0,255948.91,0,0,0.0,0,0,0,11530.59795221843,2187.403412969283,2166.4191126279866,7176.77542662116,1,1,2026-06-10 17:41:22.494414
NE-HV_AirDist-SupFanMtr-cDXGF-2SpClgHtg-Cnst,None,ESe,Ex,CZ09,cDXGF,0,Each,1.0,74402.30146688,892460.07,197959.32,0,259085.82,0.0,180864.35,0,0,254547.19,0,0,0.0,0,0,0,11389.758703071671,2187.403412969283,1927.5003412969284,7274.8549488054605,1,1,2026-06-10 17:41:22.494414
NE-HV_AirDist-SupFanMtr-cDXGF-2SpClgHtg-Cnst,None,ESe,Ex,CZ08,cDXGF,0,Each,1.0,74402.30146688,877848.3700000001,197959.32,0,259085.82,0.0,178963.17,0,0,241836.67,0,0,0.0,0,0,0,10931.59180887372,2187.403412969283,1523.8754266211604,7220.312969283276,1,1,2026-06-10 17:41:22.494414
NE-HV_AirDist-SupFanMtr-cDXGF-2SpClgHtg-Cnst,None,ESe,Ex,CZ07,cDXGF,0,Each,1.0,74402.30146688,801027.2300000001,197959.32,0,259085.82,0.0,111584.69,0,0,232394.01,0,0,0.0,0,0,0,10746.727986348124,2187.403412969283,1178.585324232082,7380.739249146757,1,1,2026-06-10 17:41:22.494414
NE-HV_AirDist-SupFanMtr-cDXGF-2SpClgHtg-Cnst,None,ESe,Ex,CZ06,cDXGF,0,Each,1.0,74402.30146688,797687.2500000001,197959.32,0,259085.82,0.0,109429.66,0,0,231209.06,0,0,0.0,0,0,0,10974.531740614335,2187.403412969283,1325.3317406143344,7461.796587030717,1,1,2026-06-10 17:41:22.494414
NE-HV_AirDist-SupFanMtr-cDXGF-2SpClgHtg-Cnst,None,ESe,Ex,CZ05,cDXGF,0,Each,1.0,74402.30146688,757983.6900000001,197959.32,0,259085.82,0.0,61363.72,0,0,239571.44,0,0,0.0,0,0,0,14558.631740614335,2187.403412969283,4240.074061433447,8131.154266211604,1,1,2026-06-10 17:41:22.494414
NE-HV_AirDist-SupFanMtr-cDXGF-2SpClgHtg-Cnst,None,ESe,Ex,CZ04,cDXGF,0,Each,1.0,74402.30146688,877132.2700000001,197959.32,0,259085.82,0.0,157219.66,0,0,262864.08,0,0,0.0,0,0,0,15486.389419795221,2187.403412969283,5449.254266211604,7849.731740614335,1,1,2026-06-10 17:41:22.494414
NE-HV_AirDist-SupFanMtr-cDXGF-2SpClgHtg-Cnst,None,ESe,Ex,CZ03,cDXGF,0,Each,1.0,74402.30146688,742688.9600000001,197959.32,0,259085.82,0.0,49330.68,0,0,236309.75,0,0,0.0,0,0,0,14594.910921501707,2187.403412969283,4315.981228668942,8091.526279863481,1,1,2026-06-10 17:41:22.494414
NE-HV_AirDist-SupFanMtr-cDXGF-2SpClgHtg-Cnst,None,ESe,Ex,CZ02,cDXGF,0,Each,1.0,74402.30146688,804359.39,197959.32,0,259085.82,0.0,95415.3,0,0,251895.56,0,0,0.0,0,0,0,17126.11228668942,2187.403412969283,6753.53481228669,8185.174061433447,1,1,2026-06-10 17:41:22.494414
NE-HV_AirDist-SupFanMtr-cDXGF-2SpClgHtg-Cnst,None,ESe,Ex,CZ01,cDXGF,0,Each,1.0,74402.30146688,692544.66,197959.32,0,259085.82,0.0,15805.4,0,0,219690.73,0,0,0.0,0,0,0,20167.05767918089,2187.403412969283,9221.13071672355,8758.523549488054,1,1,2026-06-10 17:41:22.494414
NE-HV_AirDist-SupFanMtr-cDXOH-2SpClgHtg-Cnst,None,EPr,Ex,CZ16,cDXOH,0,Each,1.0,40745.491149952,283950.77999999997,64700.97,0,83226.75,0.0,29076.64,0,0,106943.05,0,0,0.0,0,0,0,4576.69795221843,1456.3235494880546,0.05324232081911263,3120.3211604095563,1,1,2026-06-10 17:41:22.494414
NE-HV_AirDist-SupFanMtr-cDXOH-2SpClgHtg-Cnst,None,EPr,Ex,CZ15,cDXOH,0,Each,1.0,40745.491149952,389129.9199999999,64700.97,0,83226.75,0.0,137025.74,0,0,104173.09,0,0,0.0,0,0,0,3671.5931740614333,1456.3235494880546,0.0,2215.2696245733787,1,1,2026-06-10 17:41:22.494414
NE-HV_AirDist-SupFanMtr-cDXOH-2SpClgHtg-Cnst,None,EPr,Ex,CZ14,cDXOH,0,Each,1.0,40745.491149952,322019.18,64700.97,0,83226.75,0.0,74927.42,0,0,99160.67,0,0,0.0,0,0,0,4167.590102389078,1456.3235494880546,0.0,2711.2665529010237,1,1,2026-06-10 17:41:22.494414
NE-HV_AirDist-SupFanMtr-cDXOH-2SpClgHtg-Cnst,None,EPr,Ex,CZ13,cDXOH,0,Each,1.0,40745.491149952,324804.92,64700.97,0,83226.75,0.0,77844.12,0,0,99029.71,0,0,0.0,0,0,0,4092.2815699658704,1456.3235494880546,0.0,2635.958020477816,1,1,2026-06-10 17:41:22.494414
NE-HV_AirDist-SupFanMtr-cDXOH-2SpClgHtg-Cnst,None,EPr,Ex,CZ12,cDXOH,0,Each,1.0,40745.491149952,291489.74,64700.97,0,83226.75,0.0,52900.94,0,0,90657.71,0,0,0.0,0,0,0,4281.053242320819,1456.3235494880546,0.0,2824.7296928327646,1,1,2026-06-10 17:41:22.494414
NE-HV_AirDist-SupFanMtr-cDXOH-2SpClgHtg-Cnst,None,EPr,Ex,CZ11,cDXOH,0,Each,1.0,40745.491149952,320309.72,64700.97,0,83226.75,0.0,73546.22,0,0,98832.41,0,0,0.0,0,0,0,4149.158361774744,1456.3235494880546,0.02286689419795222,2692.8119453924915,1,1,2026-06-10 17:41:22.494414
NE-HV_AirDist-SupFanMtr-cDXOH-2SpClgHtg-Cnst,None,EPr,Ex,CZ10,cDXOH,0,Each,1.0,40745.491149952,304838.49,64700.97,0,83226.75,0.0,70454.57,0,0,86452.83,0,0,0.0,0,0,0,4088.753583617747,1456.3235494880546,0.0,2632.4300341296926,1,1,2026-06-10 17:41:22.494414
NE-HV_AirDist-SupFanMtr-cDXOH-2SpClgHtg-Cnst,None,EPr,Ex,CZ09,cDXOH,0,Each,1.0,40745.491149952,303144.99,64700.97,0,83226.75,0.0,64437.24,0,0,90776.66,0,0,0.0,0,0,0,4125.397610921502,1456.3235494880546,0.0,2669.074061433447,1,1,2026-06-10 17:41:22.494414
NE-HV_AirDist-SupFanMtr-cDXOH-2SpClgHtg-Cnst,None,EPr,Ex,CZ08,cDXOH,0,Each,1.0,40745.491149952,299740.81,64700.97,0,83226.75,0.0,64573.61,0,0,87236.11,0,0,0.0,0,0,0,4106.445392491468,1456.3235494880546,0.0,2650.1218430034132,1,1,2026-06-10 17:41:22.494414
NE-HV_AirDist-SupFanMtr-cDXOH-2SpClgHtg-Cnst,None,EPr,Ex,CZ07,cDXOH,0,Each,1.0,40745.491149952,272995.92,64700.97,0,83226.75,0.0,43750.16,0,0,81314.67,0,0,0.0,0,0,0,4164.6924914675765,1456.3235494880546,0.0,2708.3689419795223,1,1,2026-06-10 17:41:22.494414
NE-HV_AirDist-SupFanMtr-cDXOH-2SpClgHtg-Cnst,None,EPr,Ex,CZ06,cDXOH,0,Each,1.0,40745.491149952,271849.69,64700.97,0,83226.75,0.0,42636.32,0,0,81282.28,0,0,0.0,0,0,0,4194.426962457337,1456.3235494880546,0.0,2738.103412969283,1,1,2026-06-10 17:41:22.494414
NE-HV_AirDist-SupFanMtr-cDXOH-2SpClgHtg-Cnst,None,EPr,Ex,CZ05,cDXOH,0,Each,1.0,40745.491149952,250366.1,64700.97,0,83226.75,0.0,23752.61,0,0,78682.4,0,0,0.0,0,0,0,4431.749488054607,1456.3235494880546,0.0,2975.4259385665528,1,1,2026-06-10 17:41:22.494414
NE-HV_AirDist-SupFanMtr-cDXOH-2SpClgHtg-Cnst,None,EPr,Ex,CZ04,cDXOH,0,Each,1.0,40745.491149952,291349.54,64700.97,0,83226.75,0.0,53338.02,0,0,90080.43,0,0,0.0,0,0,0,4325.149829351536,1456.3235494880546,0.0,2868.826279863481,1,1,2026-06-10 17:41:22.494414
NE-HV_AirDist-SupFanMtr-cDXOH-2SpClgHtg-Cnst,None,EPr,Ex,CZ03,cDXOH,0,Each,1.0,40745.491149952,246207.0,64700.97,0,83226.75,0.0,20399.15,0,0,77876.76,0,0,0.0,0,0,0,4416.395563139931,1456.3235494880546,0.0,2960.072013651877,1,1,2026-06-10 17:41:22.494414
NE-HV_AirDist-SupFanMtr-cDXOH-2SpClgHtg-Cnst,None,EPr,Ex,CZ02,cDXOH,0,Each,1.0,40745.491149952,266092.69999999995,64700.97,0,83226.75,0.0,33947.68,0,0,84213.93,0,0,0.0,0,0,0,4447.464163822526,1456.3235494880546,0.013651877133105802,2991.126962457338,1,1,2026-06-10 17:41:22.494414
NE-HV_AirDist-SupFanMtr-cDXOH-2SpClgHtg-Cnst,None,EPr,Ex,CZ01,cDXOH,0,Each,1.0,40745.491149952,231282.86000000002,64700.97,0,83226.75,0.0,8172.74,0,0,75179.03,0,0,0.0,0,0,0,4651.954948805461,1456.3235494880546,0.005802047781569966,3195.6255972696244,1,1,2026-06-10 17:41:22.494414
NE-HV_AirDist-SupFanMtr-cDXHP-2SpClgHtg-Cnst,None,EPr,Ex,CZ16,cDXHP,0,Each,1.0,40745.491149952,292609.05,64700.97,0,83226.75,11742.45,29737.75,0,0,103197.76,0,0,0.0,0,0,0,4576.6447098976105,1456.3235494880546,0.0071672354948805455,3120.313993174061,1,1,2026-06-10 17:41:22.494414
NE-HV_AirDist-SupFanMtr-cDXHP-2SpClgHtg-Cnst,None,EPr,Ex,CZ15,cDXHP,0,Each,1.0,40745.491149952,392165.24,64700.97,0,83226.75,528.95,139539.56,0,0,104165.64,0,0,0.0,0,0,0,3671.5931740614333,1456.3235494880546,0.0,2215.2696245733787,1,1,2026-06-10 17:41:22.494414
NE-HV_AirDist-SupFanMtr-cDXHP-2SpClgHtg-Cnst,None,EPr,Ex,CZ14,cDXHP,0,Each,1.0,40745.491149952,328669.1,64700.97,0,83226.75,4783.27,77163.42,0,0,98791.32,0,0,0.0,0,0,0,4167.5873720136515,1456.3235494880546,0.0,2711.2638225255973,1,1,2026-06-10 17:41:22.494414
NE-HV_AirDist-SupFanMtr-cDXHP-2SpClgHtg-Cnst,None,EPr,Ex,CZ13,cDXHP,0,Each,1.0,40745.491149952,330490.8,64700.97,0,83226.75,4105.62,79831.85,0,0,98622.24,0,0,0.0,0,0,0,4092.280204778157,1456.3235494880546,0.0,2635.9566552901024,1,1,2026-06-10 17:41:22.494414
NE-HV_AirDist-SupFanMtr-cDXHP-2SpClgHtg-Cnst,None,EPr,Ex,CZ12,cDXHP,0,Each,1.0,40745.491149952,297614.58999999997,64700.97,0,83226.75,5385.34,54162.81,0,0,90135.35,0,0,0.0,0,0,0,4281.052218430034,1456.3235494880546,0.0,2824.72866894198,1,1,2026-06-10 17:41:22.494414
NE-HV_AirDist-SupFanMtr-cDXHP-2SpClgHtg-Cnst,None,EPr,Ex,CZ11,cDXHP,0,Each,1.0,40745.491149952,327118.5,64700.97,0,83226.75,5449.47,75592.05,0,0,98145.89,0,0,0.0,0,0,0,4149.154948805461,1456.3235494880546,0.017747440273037544,2692.813651877133,1,1,2026-06-10 17:41:22.494414
NE-HV_AirDist-SupFanMtr-cDXHP-2SpClgHtg-Cnst,None,EPr,Ex,CZ10,cDXHP,0,Each,1.0,40745.491149952,308074.96,64700.97,0,83226.75,1616.51,72073.94,0,0,86453.42,0,0,0.0,0,0,0,4088.753242320819,1456.3235494880546,0.0,2632.4296928327644,1,1,2026-06-10 17:41:22.494414
NE-HV_AirDist-SupFanMtr-cDXHP-2SpClgHtg-Cnst,None,EPr,Ex,CZ09,cDXHP,0,Each,1.0,40745.491149952,306373.52,64700.97,0,83226.75,1448.65,66198.31,0,0,90795.47,0,0,0.0,0,0,0,4125.397269624574,1456.3235494880546,0.0,2669.0737201365187,1,1,2026-06-10 17:41:22.494414
NE-HV_AirDist-SupFanMtr-cDXHP-2SpClgHtg-Cnst,None,EPr,Ex,CZ08,cDXHP,0,Each,1.0,40745.491149952,302910.52999999997,64700.97,0,83226.75,1157.0,66574.61,0,0,87247.83,0,0,0.0,0,0,0,4106.445392491468,1456.3235494880546,0.0,2650.1218430034132,1,1,2026-06-10 17:41:22.494414
NE-HV_AirDist-SupFanMtr-cDXHP-2SpClgHtg-Cnst,None,EPr,Ex,CZ07,cDXHP,0,Each,1.0,40745.491149952,275116.4,64700.97,0,83226.75,769.55,45097.05,0,0,81318.71,0,0,0.0,0,0,0,4164.683276450512,1456.3235494880546,0.0,2708.3597269624574,1,1,2026-06-10 17:41:22.494414
NE-HV_AirDist-SupFanMtr-cDXHP-2SpClgHtg-Cnst,None,EPr,Ex,CZ06,cDXHP,0,Each,1.0,40745.491149952,272950.15,64700.97,0,83226.75,828.19,42898.98,0,0,81291.89,0,0,0.0,0,0,0,4194.427645051194,1456.3235494880546,0.0,2738.1040955631397,1,1,2026-06-10 17:41:22.494414
NE-HV_AirDist-SupFanMtr-cDXHP-2SpClgHtg-Cnst,None,EPr,Ex,CZ05,cDXHP,0,Each,1.0,40745.491149952,254663.27,64700.97,0,83226.75,3637.43,24479.88,0,0,78614.87,0,0,0.0,0,0,0,4431.748464163822,1456.3235494880546,0.0,2975.424914675768,1,1,2026-06-10 17:41:22.494414
NE-HV_AirDist-SupFanMtr-cDXHP-2SpClgHtg-Cnst,None,EPr,Ex,CZ04,cDXHP,0,Each,1.0,40745.491149952,297903.85,64700.97,0,83226.75,5136.62,55002.47,0,0,89833.67,0,0,0.0,0,0,0,4325.148464163823,1456.3235494880546,0.0,2868.824914675768,1,1,2026-06-10 17:41:22.494414
NE-HV_AirDist-SupFanMtr-cDXHP-2SpClgHtg-Cnst,None,EPr,Ex,CZ03,cDXHP,0,Each,1.0,40745.491149952,250103.82,64700.97,0,83226.75,3654.85,20765.62,0,0,77752.26,0,0,0.0,0,0,0,4416.395221843003,1456.3235494880546,0.0,2960.071672354949,1,1,2026-06-10 17:41:22.494414
NE-HV_AirDist-SupFanMtr-cDXHP-2SpClgHtg-Cnst,None,EPr,Ex,CZ02,cDXHP,0,Each,1.0,40745.491149952,272898.11,64700.97,0,83226.75,6380.72,34826.29,0,0,83760.01,0,0,0.0,0,0,0,4447.443686006826,1456.3235494880546,0.010238907849829351,2991.1098976109215,1,1,2026-06-10 17:41:22.494414
NE-HV_AirDist-SupFanMtr-cDXHP-2SpClgHtg-Cnst,None,EPr,Ex,CZ01,cDXHP,0,Each,1.0,40745.491149952,240612.16,64700.97,0,83226.75,10359.5,8345.22,0,0,73976.35,0,0,0.0,0,0,0,4651.9791808873715,1456.3235494880546,0.0027303754266211604,3195.652901023891,1,1,2026-06-10 17:41:22.494414
NE-HV_AirDist-SupFanMtr-cDXGF-2SpClgHtg-Cnst,None,EPr,Ex,CZ16,cDXGF,0,Each,1.0,40745.491149952,281076.19999999995,64700.97,0,83226.75,0.0,29947.27,0,0,103197.84,0,0,0.0,0,0,0,6684.740955631399,1456.3235494880546,2108.1034129692835,3120.313993174061,1,1,2026-06-10 17:41:22.494414
NE-HV_AirDist-SupFanMtr-cDXGF-2SpClgHtg-Cnst,None,EPr,Ex,CZ15,cDXGF,0,Each,1.0,40745.491149952,391623.18000000005,64700.97,0,83226.75,0.0,139526.45,0,0,104165.64,0,0,0.0,0,0,0,3776.9375426621154,1456.3235494880546,105.3443686006826,2215.2696245733787,1,1,2026-06-10 17:41:22.494414
NE-HV_AirDist-SupFanMtr-cDXGF-2SpClgHtg-Cnst,None,EPr,Ex,CZ14,cDXGF,0,Each,1.0,40745.491149952,323806.75,64700.97,0,83226.75,0.0,77082.9,0,0,98792.76,0,0,0.0,0,0,0,5058.319112627986,1456.3235494880546,890.7317406143344,2711.2638225255973,1,1,2026-06-10 17:41:22.494414
NE-HV_AirDist-SupFanMtr-cDXGF-2SpClgHtg-Cnst,None,EPr,Ex,CZ13,cDXGF,0,Each,1.0,40745.491149952,326350.52,64700.97,0,83226.75,0.0,79797.34,0,0,98622.09,0,0,0.0,0,0,0,4904.984982935153,1456.3235494880546,812.7047781569966,2635.9566552901024,1,1,2026-06-10 17:41:22.494414
NE-HV_AirDist-SupFanMtr-cDXGF-2SpClgHtg-Cnst,None,EPr,Ex,CZ12,cDXGF,0,Each,1.0,40745.491149952,292398.71,64700.97,0,83226.75,0.0,54332.01,0,0,90135.61,0,0,0.0,0,0,0,5356.564505119453,1456.3235494880546,1075.5122866894196,2824.72866894198,1,1,2026-06-10 17:41:22.494414
NE-HV_AirDist-SupFanMtr-cDXGF-2SpClgHtg-Cnst,None,EPr,Ex,CZ11,cDXGF,0,Each,1.0,40745.491149952,321560.56,64700.97,0,83226.75,0.0,75483.8,0,0,98145.67,0,0,0.0,0,0,0,5221.897610921502,1456.3235494880546,1072.760409556314,2692.813651877133,1,1,2026-06-10 17:41:22.494414
NE-HV_AirDist-SupFanMtr-cDXGF-2SpClgHtg-Cnst,None,EPr,Ex,CZ10,cDXGF,0,Each,1.0,40745.491149952,306503.72000000003,64700.97,0,83226.75,0.0,72119.21,0,0,86453.42,0,0,0.0,0,0,0,4413.896587030717,1456.3235494880546,325.14334470989763,2632.4296928327644,1,1,2026-06-10 17:41:22.494414
NE-HV_AirDist-SupFanMtr-cDXGF-2SpClgHtg-Cnst,None,EPr,Ex,CZ09,cDXGF,0,Each,1.0,40745.491149952,304838.15,64700.97,0,83226.75,0.0,66111.91,0,0,90795.15,0,0,0.0,0,0,0,4417.355631399317,1456.3235494880546,291.958361774744,2669.0737201365187,1,1,2026-06-10 17:41:22.494414
NE-HV_AirDist-SupFanMtr-cDXGF-2SpClgHtg-Cnst,None,EPr,Ex,CZ08,cDXGF,0,Each,1.0,40745.491149952,301721.41,64700.97,0,83226.75,0.0,66542.49,0,0,87247.83,0,0,0.0,0,0,0,4342.630375426621,1456.3235494880546,236.18498293515358,2650.1218430034132,1,1,2026-06-10 17:41:22.494414
NE-HV_AirDist-SupFanMtr-cDXGF-2SpClgHtg-Cnst,None,EPr,Ex,CZ07,cDXGF,0,Each,1.0,40745.491149952,274162.5,64700.97,0,83226.75,0.0,44912.7,0,0,81318.71,0,0,0.0,0,0,0,4322.705802047782,1456.3235494880546,158.02252559726963,2708.3597269624574,1,1,2026-06-10 17:41:22.494414
NE-HV_AirDist-SupFanMtr-cDXGF-2SpClgHtg-Cnst,None,EPr,Ex,CZ06,cDXGF,0,Each,1.0,40745.491149952,273229.64,64700.97,0,83226.75,0.0,44006.66,0,0,81291.89,0,0,0.0,0,0,0,4364.623549488055,1456.3235494880546,170.19590443686005,2738.1040955631397,1,1,2026-06-10 17:41:22.494414
NE-HV_AirDist-SupFanMtr-cDXGF-2SpClgHtg-Cnst,None,EPr,Ex,CZ05,cDXGF,0,Each,1.0,40745.491149952,250946.34999999998,64700.97,0,83226.75,0.0,24400.39,0,0,78614.87,0,0,0.0,0,0,0,5181.270989761092,1456.3235494880546,749.5225255972696,2975.424914675768,1,1,2026-06-10 17:41:22.494414
NE-HV_AirDist-SupFanMtr-cDXGF-2SpClgHtg-Cnst,None,EPr,Ex,CZ04,cDXGF,0,Each,1.0,40745.491149952,292714.17,64700.97,0,83226.75,0.0,54949.04,0,0,89834.04,0,0,0.0,0,0,0,5325.061433447098,1456.3235494880546,999.9129692832764,2868.824914675768,1,1,2026-06-10 17:41:22.494414
NE-HV_AirDist-SupFanMtr-cDXGF-2SpClgHtg-Cnst,None,EPr,Ex,CZ03,cDXGF,0,Each,1.0,40745.491149952,246430.21999999997,64700.97,0,83226.75,0.0,20746.87,0,0,77752.26,0,0,0.0,0,0,0,5178.732764505119,1456.3235494880546,762.3375426621161,2960.071672354949,1,1,2026-06-10 17:41:22.494414
NE-HV_AirDist-SupFanMtr-cDXGF-2SpClgHtg-Cnst,None,EPr,Ex,CZ02,cDXGF,0,Each,1.0,40745.491149952,266701.35,64700.97,0,83226.75,0.0,35010.02,0,0,83760.24,0,0,0.0,0,0,0,5731.663822525597,1456.3235494880546,1284.230375426621,2991.1098976109215,1,1,2026-06-10 17:41:22.494414
NE-HV_AirDist-SupFanMtr-cDXGF-2SpClgHtg-Cnst,None,EPr,Ex,CZ01,cDXGF,0,Each,1.0,40745.491149952,230454.83,64700.97,0,83226.75,0.0,8547.39,0,0,73976.35,0,0,0.0,0,0,0,6828.898976109214,1456.3235494880546,2176.9225255972697,3195.652901023891,1,1,2026-06-10 17:41:22.494414
NE-HV_AirDist-SupFanMtr-cDXOH-2SpClgHtg-Cnst,None,ECC,Ex,CZ16,cDXOH,0,Each,1.0,284192.63738854404,2196858.81,358430.2,0,945189.93,0.0,185866.71,0,0,706552.65,0,0,0.0,0,0,0,18812.122184300344,2342.1153583617747,82.86006825938567,16387.14675767918,1,1,2026-06-10 17:41:22.494414
NE-HV_AirDist-SupFanMtr-cDXOH-2SpClgHtg-Cnst,None,ECC,Ex,CZ15,cDXOH,0,Each,1.0,284192.63738854404,2861309.48,358430.2,0,945189.93,0.0,829778.37,0,0,726715.6,0,0,0.0,0,0,0,13740.112969283275,2342.1153583617747,0.24675767918088737,11397.75085324232,1,1,2026-06-10 17:41:22.494414
NE-HV_AirDist-SupFanMtr-cDXOH-2SpClgHtg-Cnst,None,ECC,Ex,CZ14,cDXOH,0,Each,1.0,284192.63738854404,2432909.27,358430.2,0,945189.93,0.0,457382.61,0,0,670980.59,0,0,0.0,0,0,0,16492.802389078497,2342.1153583617747,19.061092150170648,14131.625938566553,1,1,2026-06-10 17:41:22.494414
NE-HV_AirDist-SupFanMtr-cDXOH-2SpClgHtg-Cnst,None,ECC,Ex,CZ13,cDXOH,0,Each,1.0,284192.63738854404,2434432.0,358430.2,0,945189.93,0.0,471074.7,0,0,658681.87,0,0,0.0,0,0,0,16088.012627986347,2342.1153583617747,30.96211604095563,13714.935153583616,1,1,2026-06-10 17:41:22.494414
NE-HV_AirDist-SupFanMtr-cDXOH-2SpClgHtg-Cnst,None,ECC,Ex,CZ12,cDXOH,0,Each,1.0,284192.63738854404,2222975.9899999998,358430.2,0,945189.93,0.0,314826.73,0,0,603584.12,0,0,0.0,0,0,0,17141.646416382253,2342.1153583617747,41.98873720136518,14757.542320819111,1,1,2026-06-10 17:41:22.494414
NE-HV_AirDist-SupFanMtr-cDXOH-2SpClgHtg-Cnst,None,ECC,Ex,CZ11,cDXOH,0,Each,1.0,284192.63738854404,2413513.84,358430.2,0,945189.93,0.0,446605.45,0,0,662290.65,0,0,0.0,0,0,0,16414.621843003413,2342.1153583617747,44.64505119453924,14027.8614334471,1,1,2026-06-10 17:41:22.494414
NE-HV_AirDist-SupFanMtr-cDXOH-2SpClgHtg-Cnst,None,ECC,Ex,CZ10,cDXOH,0,Each,1.0,284192.63738854404,2370009.63,358430.2,0,945189.93,0.0,438084.47,0,0,627221.19,0,0,0.0,0,0,0,16044.001365187713,2342.1153583617747,2.5372013651877134,13699.34880546075,1,1,2026-06-10 17:41:22.494414
NE-HV_AirDist-SupFanMtr-cDXOH-2SpClgHtg-Cnst,None,ECC,Ex,CZ09,cDXOH,0,Each,1.0,284192.63738854404,2336489.36,358430.2,0,945189.93,0.0,396844.93,0,0,634925.78,0,0,0.0,0,0,0,16245.218088737201,2342.1153583617747,1.1505119453924915,13901.952218430035,1,1,2026-06-10 17:41:22.494414
NE-HV_AirDist-SupFanMtr-cDXOH-2SpClgHtg-Cnst,None,ECC,Ex,CZ08,cDXOH,0,Each,1.0,284192.63738854404,2302505.28,358430.2,0,945189.93,0.0,399667.44,0,0,598122.85,0,0,0.0,0,0,0,16139.61023890785,2342.1153583617747,0.0006825938566552901,13797.49419795222,1,1,2026-06-10 17:41:22.494414
NE-HV_AirDist-SupFanMtr-cDXOH-2SpClgHtg-Cnst,None,ECC,Ex,CZ07,cDXOH,0,Each,1.0,284192.63738854404,2133472.0300000003,358430.2,0,945189.93,0.0,267891.56,0,0,560890.64,0,0,0.0,0,0,0,16461.276109215014,2342.1153583617747,0.0,14119.160750853242,1,1,2026-06-10 17:41:22.494414
NE-HV_AirDist-SupFanMtr-cDXOH-2SpClgHtg-Cnst,None,ECC,Ex,CZ06,cDXOH,0,Each,1.0,284192.63738854404,2125442.91,358430.2,0,945189.93,0.0,252418.27,0,0,568387.26,0,0,0.0,0,0,0,16625.63412969283,2342.1153583617747,0.0,14283.518771331057,1,1,2026-06-10 17:41:22.494414
NE-HV_AirDist-SupFanMtr-cDXOH-2SpClgHtg-Cnst,None,ECC,Ex,CZ05,cDXOH,0,Each,1.0,284192.63738854404,2007906.1300000001,358430.2,0,945189.93,0.0,130432.77,0,0,573033.64,0,0,0.0,0,0,0,17941.358361774746,2342.1153583617747,6.92901023890785,15592.31399317406,1,1,2026-06-10 17:41:22.494414
NE-HV_AirDist-SupFanMtr-cDXOH-2SpClgHtg-Cnst,None,ECC,Ex,CZ04,cDXOH,0,Each,1.0,284192.63738854404,2239504.48,358430.2,0,945189.93,0.0,319779.27,0,0,615195.24,0,0,0.0,0,0,0,17375.736177474402,2342.1153583617747,32.58941979522184,15001.031399317404,1,1,2026-06-10 17:41:22.494414
NE-HV_AirDist-SupFanMtr-cDXOH-2SpClgHtg-Cnst,None,ECC,Ex,CZ03,cDXOH,0,Each,1.0,284192.63738854404,1964174.36,358430.2,0,945189.93,0.0,97062.89,0,0,562677.81,0,0,0.0,0,0,0,17859.88600682594,2342.1153583617747,11.316040955631399,15506.454607508533,1,1,2026-06-10 17:41:22.494414
NE-HV_AirDist-SupFanMtr-cDXOH-2SpClgHtg-Cnst,None,ECC,Ex,CZ02,cDXOH,0,Each,1.0,284192.63738854404,2083062.68,358430.2,0,945189.93,0.0,200617.57,0,0,577999.07,0,0,0.0,0,0,0,18058.77133105802,2342.1153583617747,41.742662116040954,15674.913310580205,1,1,2026-06-10 17:41:22.494414
NE-HV_AirDist-SupFanMtr-cDXOH-2SpClgHtg-Cnst,None,ECC,Ex,CZ01,cDXOH,0,Each,1.0,284192.63738854404,1844060.6400000001,358430.2,0,945189.93,0.0,29255.03,0,0,510534.56,0,0,0.0,0,0,0,19172.101023890787,2342.1153583617747,24.974061433447098,16805.011604095565,1,1,2026-06-10 17:41:22.494414
NE-HV_AirDist-SupFanMtr-cDXHP-2SpClgHtg-Cnst,None,ECC,Ex,CZ16,cDXHP,0,Each,1.0,284192.63738854404,2230040.33,358430.2,0,945189.93,39239.31,189514.93,0,0,696816.74,0,0,0.0,0,0,0,18791.015358361776,2342.1153583617747,58.84505119453925,16390.05494880546,1,1,2026-06-10 17:41:22.494414
NE-HV_AirDist-SupFanMtr-cDXHP-2SpClgHtg-Cnst,None,ECC,Ex,CZ15,cDXHP,0,Each,1.0,284192.63738854404,2883448.77,358430.2,0,945189.93,1261.25,851582.19,0,0,725789.05,0,0,0.0,0,0,0,13740.113651877133,2342.1153583617747,0.2464163822525597,11397.751877133105,1,1,2026-06-10 17:41:22.494414
NE-HV_AirDist-SupFanMtr-cDXHP-2SpClgHtg-Cnst,None,ECC,Ex,CZ14,cDXHP,0,Each,1.0,284192.63738854404,2460227.69,358430.2,0,945189.93,14637.55,470508.23,0,0,670526.8,0,0,0.0,0,0,0,16492.291467576793,2342.1153583617747,16.941296928327645,14133.23481228669,1,1,2026-06-10 17:41:22.494414
NE-HV_AirDist-SupFanMtr-cDXHP-2SpClgHtg-Cnst,None,ECC,Ex,CZ13,cDXHP,0,Each,1.0,284192.63738854404,2456103.7700000005,358430.2,0,945189.93,12386.71,481174.74,0,0,657853.03,0,0,0.0,0,0,0,16089.026621160408,2342.1153583617747,28.73481228668942,13718.176450511944,1,1,2026-06-10 17:41:22.494414
NE-HV_AirDist-SupFanMtr-cDXHP-2SpClgHtg-Cnst,None,ECC,Ex,CZ12,cDXHP,0,Each,1.0,284192.63738854404,2244259.85,358430.2,0,945189.93,17095.29,320159.63,0,0,602422.9,0,0,0.0,0,0,0,17139.594539249145,2342.1153583617747,37.17474402730375,14760.304436860068,1,1,2026-06-10 17:41:22.494414
NE-HV_AirDist-SupFanMtr-cDXHP-2SpClgHtg-Cnst,None,ECC,Ex,CZ11,cDXHP,0,Each,1.0,284192.63738854404,2439219.45,358430.2,0,945189.93,17781.73,456644.95,0,0,660161.17,0,0,0.0,0,0,0,16412.798634812287,2342.1153583617747,38.59419795221843,14032.089078498293,1,1,2026-06-10 17:41:22.494414
NE-HV_AirDist-SupFanMtr-cDXHP-2SpClgHtg-Cnst,None,ECC,Ex,CZ10,cDXHP,0,Each,1.0,284192.63738854404,2382123.27,358430.2,0,945189.93,5647.45,444515.47,0,0,627253.45,0,0,0.0,0,0,0,16044.410580204778,2342.1153583617747,2.286348122866894,13700.008873720137,1,1,2026-06-10 17:41:22.494414
NE-HV_AirDist-SupFanMtr-cDXHP-2SpClgHtg-Cnst,None,ECC,Ex,CZ09,cDXHP,0,Each,1.0,284192.63738854404,2346321.0300000003,358430.2,0,945189.93,4233.65,402436.89,0,0,634929.87,0,0,0.0,0,0,0,16245.635153583617,2342.1153583617747,1.1238907849829352,13902.39590443686,1,1,2026-06-10 17:41:22.494414
NE-HV_AirDist-SupFanMtr-cDXHP-2SpClgHtg-Cnst,None,ECC,Ex,CZ08,cDXHP,0,Each,1.0,284192.63738854404,2312279.01,358430.2,0,945189.93,3073.07,406331.97,0,0,598157.23,0,0,0.0,0,0,0,16140.0,2342.1153583617747,0.0,13797.884641638226,1,1,2026-06-10 17:41:22.494414
NE-HV_AirDist-SupFanMtr-cDXHP-2SpClgHtg-Cnst,None,ECC,Ex,CZ07,cDXHP,0,Each,1.0,284192.63738854404,2137818.9600000004,358430.2,0,945189.93,1982.86,270227.08,0,0,560918.54,0,0,0.0,0,0,0,16461.63447098976,2342.1153583617747,0.0,14119.519112627986,1,1,2026-06-10 17:41:22.494414
NE-HV_AirDist-SupFanMtr-cDXHP-2SpClgHtg-Cnst,None,ECC,Ex,CZ06,cDXHP,0,Each,1.0,284192.63738854404,2126344.96,358430.2,0,945189.93,2173.99,251129.48,0,0,568403.36,0,0,0.0,0,0,0,16625.841296928327,2342.1153583617747,0.0,14283.725938566551,1,1,2026-06-10 17:41:22.494414
NE-HV_AirDist-SupFanMtr-cDXHP-2SpClgHtg-Cnst,None,ECC,Ex,CZ05,cDXHP,0,Each,1.0,284192.63738854404,2021625.97,358430.2,0,945189.93,10775.84,133337.86,0,0,573066.96,0,0,0.0,0,0,0,17940.9385665529,2342.1153583617747,6.392832764505119,15592.430375426622,1,1,2026-06-10 17:41:22.494414
NE-HV_AirDist-SupFanMtr-cDXHP-2SpClgHtg-Cnst,None,ECC,Ex,CZ04,cDXHP,0,Each,1.0,284192.63738854404,2264330.3200000003,358430.2,0,945189.93,17445.11,327732.27,0,0,614613.92,0,0,0.0,0,0,0,17375.453583617746,2342.1153583617747,29.722525597269623,15003.615699658703,1,1,2026-06-10 17:41:22.494414
NE-HV_AirDist-SupFanMtr-cDXHP-2SpClgHtg-Cnst,None,ECC,Ex,CZ03,cDXHP,0,Each,1.0,284192.63738854404,1975986.91,358430.2,0,945189.93,10504.56,98483.43,0,0,562558.19,0,0,0.0,0,0,0,17860.670989761093,2342.1153583617747,10.813310580204778,15507.742320819112,1,1,2026-06-10 17:41:22.494414
NE-HV_AirDist-SupFanMtr-cDXHP-2SpClgHtg-Cnst,None,ECC,Ex,CZ02,cDXHP,0,Each,1.0,284192.63738854404,2107550.98,358430.2,0,945189.93,20885.12,205115.47,0,0,577089.45,0,0,0.0,0,0,0,18056.51672354949,2342.1153583617747,36.07713310580205,15678.324232081912,1,1,2026-06-10 17:41:22.494414
NE-HV_AirDist-SupFanMtr-cDXHP-2SpClgHtg-Cnst,None,ECC,Ex,CZ01,cDXHP,0,Each,1.0,284192.63738854404,1873080.26,358430.2,0,945189.93,29419.86,29571.35,0,0,509792.73,0,0,0.0,0,0,0,19167.77064846416,2342.1153583617747,18.94061433447099,16806.71467576792,1,1,2026-06-10 17:41:22.494414
NE-HV_AirDist-SupFanMtr-cDXGF-2SpClgHtg-Cnst,None,ECC,Ex,CZ16,cDXGF,0,Each,1.0,284192.63738854404,2190361.1100000003,358430.2,0,945189.93,0.0,189070.17,0,0,696821.59,0,0,0.0,0,0,0,25301.497610921502,2342.1153583617747,6569.184300341297,16390.19795221843,1,1,2026-06-10 17:41:22.494414
NE-HV_AirDist-SupFanMtr-cDXGF-2SpClgHtg-Cnst,None,ECC,Ex,CZ15,cDXGF,0,Each,1.0,284192.63738854404,2878891.0300000007,358430.2,0,945189.93,0.0,847966.06,0,0,726108.43,0,0,0.0,0,0,0,13977.231740614334,2342.1153583617747,237.36587030716723,11397.750511945393,1,1,2026-06-10 17:41:22.494414
NE-HV_AirDist-SupFanMtr-cDXGF-2SpClgHtg-Cnst,None,ECC,Ex,CZ14,cDXGF,0,Each,1.0,284192.63738854404,2443553.1999999997,358430.2,0,945189.93,0.0,468454.7,0,0,670543.36,0,0,0.0,0,0,0,19029.83890784983,2342.1153583617747,2554.368941979522,14133.35460750853,1,1,2026-06-10 17:41:22.494414
NE-HV_AirDist-SupFanMtr-cDXGF-2SpClgHtg-Cnst,None,ECC,Ex,CZ13,cDXGF,0,Each,1.0,284192.63738854404,2444501.56,358430.2,0,945189.93,0.0,481883.56,0,0,657928.66,0,0,0.0,0,0,0,18408.72593856655,2342.1153583617747,2348.680546075085,13717.930034129691,1,1,2026-06-10 17:41:22.494414
NE-HV_AirDist-SupFanMtr-cDXGF-2SpClgHtg-Cnst,None,ECC,Ex,CZ12,cDXGF,0,Each,1.0,284192.63738854404,2228513.8,358430.2,0,945189.93,0.0,321509.86,0,0,602421.89,0,0,0.0,0,0,0,20356.771331058022,2342.1153583617747,3254.4163822525593,14760.239590443687,1,1,2026-06-10 17:41:22.494414
NE-HV_AirDist-SupFanMtr-cDXGF-2SpClgHtg-Cnst,None,ECC,Ex,CZ11,cDXGF,0,Each,1.0,284192.63738854404,2422201.1100000003,358430.2,0,945189.93,0.0,457408.85,0,0,660160.66,0,0,0.0,0,0,0,19716.288395904437,2342.1153583617747,3342.0839590443684,14032.089078498293,1,1,2026-06-10 17:41:22.494414
NE-HV_AirDist-SupFanMtr-cDXGF-2SpClgHtg-Cnst,None,ECC,Ex,CZ10,cDXGF,0,Each,1.0,284192.63738854404,2379251.18,358430.2,0,945189.93,0.0,447288.35,0,0,627255.87,0,0,0.0,0,0,0,17117.996587030717,2342.1153583617747,1075.8723549488054,13700.008873720137,1,1,2026-06-10 17:41:22.494414
NE-HV_AirDist-SupFanMtr-cDXGF-2SpClgHtg-Cnst,None,ECC,Ex,CZ09,cDXGF,0,Each,1.0,284192.63738854404,2344657.99,358430.2,0,945189.93,0.0,405006.2,0,0,634931.17,0,0,0.0,0,0,0,17056.042320819113,2342.1153583617747,811.5307167235494,13902.39624573379,1,1,2026-06-10 17:41:22.494414
NE-HV_AirDist-SupFanMtr-cDXGF-2SpClgHtg-Cnst,None,ECC,Ex,CZ08,cDXGF,0,Each,1.0,284192.63738854404,2311839.64,358430.2,0,945189.93,0.0,408960.69,0,0,598162.21,0,0,0.0,0,0,0,16738.296587030716,2342.1153583617747,598.2965870307168,13797.884641638226,1,1,2026-06-10 17:41:22.494414
NE-HV_AirDist-SupFanMtr-cDXGF-2SpClgHtg-Cnst,None,ECC,Ex,CZ07,cDXGF,0,Each,1.0,284192.63738854404,2138872.9600000004,358430.2,0,945189.93,0.0,273262.75,0,0,560919.73,0,0,0.0,0,0,0,16855.01228668942,2342.1153583617747,393.3778156996587,14119.519112627986,1,1,2026-06-10 17:41:22.494414
NE-HV_AirDist-SupFanMtr-cDXGF-2SpClgHtg-Cnst,None,ECC,Ex,CZ06,cDXGF,0,Each,1.0,284192.63738854404,2131219.06,358430.2,0,945189.93,0.0,258177.55,0,0,568403.38,0,0,0.0,0,0,0,17057.78498293515,2342.1153583617747,431.94368600682594,14283.725938566551,1,1,2026-06-10 17:41:22.494414
NE-HV_AirDist-SupFanMtr-cDXGF-2SpClgHtg-Cnst,None,ECC,Ex,CZ05,cDXGF,0,Each,1.0,284192.63738854404,2010189.17,358430.2,0,945189.93,0.0,132673.4,0,0,573070.44,0,0,0.0,0,0,0,20036.2771331058,2342.1153583617747,2101.731058020478,15592.430716723547,1,1,2026-06-10 17:41:22.494414
NE-HV_AirDist-SupFanMtr-cDXGF-2SpClgHtg-Cnst,None,ECC,Ex,CZ04,cDXGF,0,Each,1.0,284192.63738854404,2246964.7,358430.2,0,945189.93,0.0,327811.15,0,0,614614.53,0,0,0.0,0,0,0,20554.508532423206,2342.1153583617747,3208.7778156996587,15003.615358361774,1,1,2026-06-10 17:41:22.494414
NE-HV_AirDist-SupFanMtr-cDXGF-2SpClgHtg-Cnst,None,ECC,Ex,CZ03,cDXGF,0,Each,1.0,284192.63738854404,1965093.8699999999,358430.2,0,945189.93,0.0,98095.58,0,0,562557.57,0,0,0.0,0,0,0,19944.090102389076,2342.1153583617747,2094.232423208191,15507.742320819112,1,1,2026-06-10 17:41:22.494414
NE-HV_AirDist-SupFanMtr-cDXGF-2SpClgHtg-Cnst,None,ECC,Ex,CZ02,cDXGF,0,Each,1.0,284192.63738854404,2086138.76,358430.2,0,945189.93,0.0,204588.38,0,0,577089.45,0,0,0.0,0,0,0,21993.384641638222,2342.1153583617747,3973.035494880546,15678.233788395904,1,1,2026-06-10 17:41:22.494414
NE-HV_AirDist-SupFanMtr-cDXGF-2SpClgHtg-Cnst,None,ECC,Ex,CZ01,cDXGF,0,Each,1.0,284192.63738854404,1844257.39,358430.2,0,945189.93,0.0,30168.32,0,0,509792.75,0,0,0.0,0,0,0,25009.141296928326,2342.1153583617747,5860.311262798635,16806.71467576792,1,1,2026-06-10 17:41:22.494414
NE-HV_AirDist-SupFanMtr-cDXOH-2SpClgHtg-Cnst,None,Asm,Ex,CZ16,cDXOH,0,Each,1.0,68006.708824512,632030.96,153727.01,0,145823.51,0.0,56710.73,0,0,275766.35,0,0,0.0,0,0,0,813.5133105802047,0.0,0.0,813.5133105802047,1,1,2026-06-10 17:41:22.494414
NE-HV_AirDist-SupFanMtr-cDXOH-2SpClgHtg-Cnst,None,Asm,Ex,CZ15,cDXOH,0,Each,1.0,68006.708824512,910197.3,153727.01,0,145823.51,0.0,362637.53,0,0,248005.89,0,0,0.0,0,0,0,631.8498293515358,0.0,0.0,631.8498293515358,1,1,2026-06-10 17:41:22.494414
NE-HV_AirDist-SupFanMtr-cDXOH-2SpClgHtg-Cnst,None,Asm,Ex,CZ14,cDXOH,0,Each,1.0,68006.708824512,743393.66,153727.01,0,145823.51,0.0,193203.46,0,0,250636.32,0,0,0.0,0,0,0,732.1566552901023,0.0,0.0,732.1566552901023,1,1,2026-06-10 17:41:22.494414
NE-HV_AirDist-SupFanMtr-cDXOH-2SpClgHtg-Cnst,None,Asm,Ex,CZ13,cDXOH,0,Each,1.0,68006.708824512,738626.95,153727.01,0,145823.51,0.0,202377.24,0,0,236695.83,0,0,0.0,0,0,0,716.6372013651877,0.0,0.0,716.6372013651877,1,1,2026-06-10 17:41:22.494414
NE-HV_AirDist-SupFanMtr-cDXOH-2SpClgHtg-Cnst,None,Asm,Ex,CZ12,cDXOH,0,Each,1.0,68006.708824512,657971.0700000001,153727.01,0,145823.51,0.0,130692.91,0,0,227724.28,0,0,0.0,0,0,0,753.5071672354948,0.0,0.0,753.5071672354948,1,1,2026-06-10 17:41:22.494414
NE-HV_AirDist-SupFanMtr-cDXOH-2SpClgHtg-Cnst,None,Asm,Ex,CZ11,cDXOH,0,Each,1.0,68006.708824512,729959.98,153727.01,0,145823.51,0.0,192689.77,0,0,237716.33,0,0,0.0,0,0,0,727.8095563139932,0.0,0.0,727.8095563139932,1,1,2026-06-10 17:41:22.494414
NE-HV_AirDist-SupFanMtr-cDXOH-2SpClgHtg-Cnst,None,Asm,Ex,CZ10,cDXOH,0,Each,1.0,68006.708824512,705099.61,153727.01,0,145823.51,0.0,175449.41,0,0,230096.32,0,0,0.0,0,0,0,713.9126279863481,0.0,0.0,713.9126279863481,1,1,2026-06-10 17:41:22.494414
NE-HV_AirDist-SupFanMtr-cDXOH-2SpClgHtg-Cnst,None,Asm,Ex,CZ09,cDXOH,0,Each,1.0,68006.708824512,684627.7100000001,153727.01,0,145823.51,0.0,150275.14,0,0,234798.69,0,0,0.0,0,0,0,720.8566552901024,0.0,0.0,720.8566552901024,1,1,2026-06-10 17:41:22.494414
NE-HV_AirDist-SupFanMtr-cDXOH-2SpClgHtg-Cnst,None,Asm,Ex,CZ08,cDXOH,0,Each,1.0,68006.708824512,672867.25,153727.01,0,145823.51,0.0,145975.14,0,0,227338.23,0,0,0.0,0,0,0,716.938566552901,0.0,0.0,716.938566552901,1,1,2026-06-10 17:41:22.494414
NE-HV_AirDist-SupFanMtr-cDXOH-2SpClgHtg-Cnst,None,Asm,Ex,CZ07,cDXOH,0,Each,1.0,68006.708824512,608124.38,153727.01,0,145823.51,0.0,88257.83,0,0,220312.67,0,0,0.0,0,0,0,728.3709897610921,0.0,0.0,728.3709897610921,1,1,2026-06-10 17:41:22.494414
NE-HV_AirDist-SupFanMtr-cDXOH-2SpClgHtg-Cnst,None,Asm,Ex,CZ06,cDXOH,0,Each,1.0,68006.708824512,601449.82,153727.01,0,145823.51,0.0,81917.94,0,0,219978.0,0,0,0.0,0,0,0,734.1095563139932,0.0,0.0,734.1095563139932,1,1,2026-06-10 17:41:22.494414
NE-HV_AirDist-SupFanMtr-cDXOH-2SpClgHtg-Cnst,None,Asm,Ex,CZ05,cDXOH,0,Each,1.0,68006.708824512,557849.63,153727.01,0,145823.51,0.0,42840.91,0,0,215454.84,0,0,0.0,0,0,0,782.157337883959,0.0,0.0,782.157337883959,1,1,2026-06-10 17:41:22.494414
NE-HV_AirDist-SupFanMtr-cDXOH-2SpClgHtg-Cnst,None,Asm,Ex,CZ04,cDXOH,0,Each,1.0,68006.708824512,668685.86,153727.01,0,145823.51,0.0,135133.46,0,0,233998.52,0,0,0.0,0,0,0,762.240614334471,0.0,0.0,762.240614334471,1,1,2026-06-10 17:41:22.494414
NE-HV_AirDist-SupFanMtr-cDXOH-2SpClgHtg-Cnst,None,Asm,Ex,CZ03,cDXOH,0,Each,1.0,68006.708824512,545768.41,153727.01,0,145823.51,0.0,34730.84,0,0,211483.69,0,0,0.0,0,0,0,779.3460750853242,0.0,0.0,779.3460750853242,1,1,2026-06-10 17:41:22.494414
NE-HV_AirDist-SupFanMtr-cDXOH-2SpClgHtg-Cnst,None,Asm,Ex,CZ02,cDXOH,0,Each,1.0,68006.708824512,597249.93,153727.01,0,145823.51,0.0,76054.9,0,0,221641.15,0,0,0.0,0,0,0,786.1665529010239,0.0,0.0,786.1665529010239,1,1,2026-06-10 17:41:22.494414
NE-HV_AirDist-SupFanMtr-cDXOH-2SpClgHtg-Cnst,None,Asm,Ex,CZ01,cDXOH,0,Each,1.0,68006.708824512,508323.41000000003,153727.01,0,145823.51,0.0,3258.16,0,0,205511.37,0,0,0.0,0,0,0,827.217747440273,0.0,0.0,827.217747440273,1,1,2026-06-10 17:41:22.494414
NE-HV_AirDist-SupFanMtr-cDXHP-2SpClgHtg-Cnst,None,Asm,Ex,CZ16,cDXHP,0,Each,1.0,68006.708824512,680298.41,153727.01,0,145823.51,53043.52,59508.12,0,0,268192.89,0,0,0.0,0,0,0,813.5133105802047,0.0,0.0,813.5133105802047,1,1,2026-06-10 17:41:22.494414
NE-HV_AirDist-SupFanMtr-cDXHP-2SpClgHtg-Cnst,None,Asm,Ex,CZ15,cDXHP,0,Each,1.0,68006.708824512,921634.5299999999,153727.01,0,145823.51,5764.73,369674.74,0,0,246641.18,0,0,0.0,0,0,0,631.8494880546075,0.0,0.0,631.8494880546075,1,1,2026-06-10 17:41:22.494414
NE-HV_AirDist-SupFanMtr-cDXHP-2SpClgHtg-Cnst,None,Asm,Ex,CZ14,cDXHP,0,Each,1.0,68006.708824512,775067.99,153727.01,0,145823.51,27052.96,199777.73,0,0,248683.42,0,0,0.0,0,0,0,732.1529010238909,0.0,0.0,732.1529010238909,1,1,2026-06-10 17:41:22.494414
NE-HV_AirDist-SupFanMtr-cDXHP-2SpClgHtg-Cnst,None,Asm,Ex,CZ13,cDXHP,0,Each,1.0,68006.708824512,769972.16,153727.01,0,145823.51,27079.25,207626.35,0,0,235712.68,0,0,0.0,0,0,0,716.6358361774744,0.0,0.0,716.6358361774744,1,1,2026-06-10 17:41:22.494414
NE-HV_AirDist-SupFanMtr-cDXHP-2SpClgHtg-Cnst,None,Asm,Ex,CZ12,cDXHP,0,Each,1.0,68006.708824512,692638.06,153727.01,0,145823.51,32049.63,134545.67,0,0,226488.88,0,0,0.0,0,0,0,753.5061433447098,0.0,0.0,753.5061433447098,1,1,2026-06-10 17:41:22.494414
NE-HV_AirDist-SupFanMtr-cDXHP-2SpClgHtg-Cnst,None,Asm,Ex,CZ11,cDXHP,0,Each,1.0,68006.708824512,764797.2,153727.01,0,145823.51,31765.14,197716.27,0,0,235761.91,0,0,0.0,0,0,0,727.8078498293515,0.0,0.0,727.8078498293515,1,1,2026-06-10 17:41:22.494414
NE-HV_AirDist-SupFanMtr-cDXHP-2SpClgHtg-Cnst,None,Asm,Ex,CZ10,cDXHP,0,Each,1.0,68006.708824512,720776.6,153727.01,0,145823.51,11669.48,179652.12,0,0,229901.12,0,0,0.0,0,0,0,713.9122866894198,0.0,0.0,713.9122866894198,1,1,2026-06-10 17:41:22.494414
NE-HV_AirDist-SupFanMtr-cDXHP-2SpClgHtg-Cnst,None,Asm,Ex,CZ09,cDXHP,0,Each,1.0,68006.708824512,699426.43,153727.01,0,145823.51,10777.02,154445.46,0,0,234650.07,0,0,0.0,0,0,0,720.856313993174,0.0,0.0,720.856313993174,1,1,2026-06-10 17:41:22.494414
NE-HV_AirDist-SupFanMtr-cDXHP-2SpClgHtg-Cnst,None,Asm,Ex,CZ08,cDXHP,0,Each,1.0,68006.708824512,685157.33,153727.01,0,145823.51,8194.7,150102.53,0,0,227306.22,0,0,0.0,0,0,0,716.9378839590443,0.0,0.0,716.9378839590443,1,1,2026-06-10 17:41:22.494414
NE-HV_AirDist-SupFanMtr-cDXHP-2SpClgHtg-Cnst,None,Asm,Ex,CZ07,cDXHP,0,Each,1.0,68006.708824512,616730.72,153727.01,0,145823.51,5737.9,91126.27,0,0,220312.67,0,0,0.0,0,0,0,728.3706484641638,0.0,0.0,728.3706484641638,1,1,2026-06-10 17:41:22.494414
NE-HV_AirDist-SupFanMtr-cDXHP-2SpClgHtg-Cnst,None,Asm,Ex,CZ06,cDXHP,0,Each,1.0,68006.708824512,610429.43,153727.01,0,145823.51,6460.8,84436.75,0,0,219978.0,0,0,0.0,0,0,0,734.1095563139932,0.0,0.0,734.1095563139932,1,1,2026-06-10 17:41:22.494414
NE-HV_AirDist-SupFanMtr-cDXHP-2SpClgHtg-Cnst,None,Asm,Ex,CZ05,cDXHP,0,Each,1.0,68006.708824512,584005.7000000001,153727.01,0,145823.51,23842.35,45659.55,0,0,214949.92,0,0,0.0,0,0,0,782.1556313993174,0.0,0.0,782.1556313993174,1,1,2026-06-10 17:41:22.494414
NE-HV_AirDist-SupFanMtr-cDXHP-2SpClgHtg-Cnst,None,Asm,Ex,CZ04,cDXHP,0,Each,1.0,68006.708824512,703726.03,153727.01,0,145823.51,30755.43,140427.34,0,0,232989.38,0,0,0.0,0,0,0,762.2389078498293,0.0,0.0,762.2389078498293,1,1,2026-06-10 17:41:22.494414
NE-HV_AirDist-SupFanMtr-cDXHP-2SpClgHtg-Cnst,None,Asm,Ex,CZ03,cDXHP,0,Each,1.0,68006.708824512,571057.59,153727.01,0,145823.51,24416.86,36084.58,0,0,211002.27,0,0,0.0,0,0,0,779.3443686006826,0.0,0.0,779.3443686006826,1,1,2026-06-10 17:41:22.494414
NE-HV_AirDist-SupFanMtr-cDXHP-2SpClgHtg-Cnst,None,Asm,Ex,CZ02,cDXHP,0,Each,1.0,68006.708824512,637580.56,153727.01,0,145823.51,37951.99,79763.17,0,0,220311.52,0,0,0.0,0,0,0,786.1662116040955,0.0,0.0,786.1662116040955,1,1,2026-06-10 17:41:22.494414
NE-HV_AirDist-SupFanMtr-cDXHP-2SpClgHtg-Cnst,None,Asm,Ex,CZ01,cDXHP,0,Each,1.0,68006.708824512,560156.37,153727.01,0,145823.51,53485.69,3429.43,0,0,203687.37,0,0,0.0,0,0,0,827.2174061433448,0.0,0.0,827.2174061433448,1,1,2026-06-10 17:41:22.494414
NE-HV_AirDist-SupFanMtr-cDXGF-2SpClgHtg-Cnst,None,Asm,Ex,CZ16,cDXGF,0,Each,1.0,68006.708824512,626753.77,153727.01,0,145823.51,0.0,59007.0,0,0,268192.89,0,0,0.0,0,0,0,12514.44300341297,0.0,11700.929692832764,813.5133105802047,1,1,2026-06-10 17:41:22.494414
NE-HV_AirDist-SupFanMtr-cDXGF-2SpClgHtg-Cnst,None,Asm,Ex,CZ15,cDXGF,0,Each,1.0,68006.708824512,915876.2999999999,153727.01,0,145823.51,0.0,369681.24,0,0,246641.18,0,0,0.0,0,0,0,1909.6337883959045,0.0,1277.784300341297,631.8494880546075,1,1,2026-06-10 17:41:22.494414
NE-HV_AirDist-SupFanMtr-cDXGF-2SpClgHtg-Cnst,None,Asm,Ex,CZ14,cDXGF,0,Each,1.0,68006.708824512,748198.52,153727.01,0,145823.51,0.0,199961.22,0,0,248683.42,0,0,0.0,0,0,0,6906.18976109215,0.0,6174.03686006826,732.1529010238909,1,1,2026-06-10 17:41:22.494414
NE-HV_AirDist-SupFanMtr-cDXGF-2SpClgHtg-Cnst,None,Asm,Ex,CZ13,cDXGF,0,Each,1.0,68006.708824512,742953.7999999999,153727.01,0,145823.51,0.0,207687.24,0,0,235712.68,0,0,0.0,0,0,0,6964.9757679180875,0.0,6248.339931740614,716.6358361774744,1,1,2026-06-10 17:41:22.494414
NE-HV_AirDist-SupFanMtr-cDXGF-2SpClgHtg-Cnst,None,Asm,Ex,CZ12,cDXGF,0,Each,1.0,68006.708824512,660698.28,153727.01,0,145823.51,0.0,134655.52,0,0,226488.88,0,0,0.0,0,0,0,8205.822866894197,0.0,7452.316723549488,753.5061433447098,1,1,2026-06-10 17:41:22.494414
NE-HV_AirDist-SupFanMtr-cDXGF-2SpClgHtg-Cnst,None,Asm,Ex,CZ11,cDXGF,0,Each,1.0,68006.708824512,733136.3300000001,153727.01,0,145823.51,0.0,197820.54,0,0,235761.91,0,0,0.0,0,0,0,8079.350170648464,0.0,7351.542320819112,727.8078498293515,1,1,2026-06-10 17:41:22.494414
NE-HV_AirDist-SupFanMtr-cDXGF-2SpClgHtg-Cnst,None,Asm,Ex,CZ10,cDXGF,0,Each,1.0,68006.708824512,709126.7999999999,153727.01,0,145823.51,0.0,179671.8,0,0,229901.12,0,0,0.0,0,0,0,3333.336518771331,0.0,2619.424232081911,713.9122866894198,1,1,2026-06-10 17:41:22.494414
NE-HV_AirDist-SupFanMtr-cDXGF-2SpClgHtg-Cnst,None,Asm,Ex,CZ09,cDXGF,0,Each,1.0,68006.708824512,688917.16,153727.01,0,145823.51,0.0,154712.95,0,0,234650.33,0,0,0.0,0,0,0,3125.252901023891,0.0,2404.396587030717,720.856313993174,1,1,2026-06-10 17:41:22.494414
NE-HV_AirDist-SupFanMtr-cDXGF-2SpClgHtg-Cnst,None,Asm,Ex,CZ08,cDXGF,0,Each,1.0,68006.708824512,677471.91,153727.01,0,145823.51,0.0,150611.81,0,0,227306.22,0,0,0.0,0,0,0,2526.757337883959,0.0,1809.8194539249146,716.9378839590443,1,1,2026-06-10 17:41:22.494414
NE-HV_AirDist-SupFanMtr-cDXGF-2SpClgHtg-Cnst,None,Asm,Ex,CZ07,cDXGF,0,Each,1.0,68006.708824512,610759.64,153727.01,0,145823.51,0.0,90893.09,0,0,220312.67,0,0,0.0,0,0,0,1970.4822525597272,0.0,1242.1116040955633,728.3706484641638,1,1,2026-06-10 17:41:22.494414
NE-HV_AirDist-SupFanMtr-cDXGF-2SpClgHtg-Cnst,None,Asm,Ex,CZ06,cDXGF,0,Each,1.0,68006.708824512,604790.4600000001,153727.01,0,145823.51,0.0,85258.58,0,0,219978.0,0,0,0.0,0,0,0,2140.105119453925,0.0,1405.9955631399316,734.1095563139932,1,1,2026-06-10 17:41:22.494414
NE-HV_AirDist-SupFanMtr-cDXGF-2SpClgHtg-Cnst,None,Asm,Ex,CZ05,cDXGF,0,Each,1.0,68006.708824512,559557.78,153727.01,0,145823.51,0.0,45053.98,0,0,214949.92,0,0,0.0,0,0,0,6229.327986348123,0.0,5447.172354948805,782.1556313993174,1,1,2026-06-10 17:41:22.494414
NE-HV_AirDist-SupFanMtr-cDXGF-2SpClgHtg-Cnst,None,Asm,Ex,CZ04,cDXGF,0,Each,1.0,68006.708824512,673016.54,153727.01,0,145823.51,0.0,140473.28,0,0,232989.38,0,0,0.0,0,0,0,7878.297269624573,0.0,7116.058361774744,762.2389078498293,1,1,2026-06-10 17:41:22.494414
NE-HV_AirDist-SupFanMtr-cDXGF-2SpClgHtg-Cnst,None,Asm,Ex,CZ03,cDXGF,0,Each,1.0,68006.708824512,546375.22,153727.01,0,145823.51,0.0,35819.07,0,0,211002.27,0,0,0.0,0,0,0,6370.851535836177,0.0,5591.507167235495,779.3443686006826,1,1,2026-06-10 17:41:22.494414
NE-HV_AirDist-SupFanMtr-cDXGF-2SpClgHtg-Cnst,None,Asm,Ex,CZ02,cDXGF,0,Each,1.0,68006.708824512,599691.7,153727.01,0,145823.51,0.0,79826.3,0,0,220311.52,0,0,0.0,0,0,0,9656.520819112628,0.0,8870.354607508532,786.1662116040955,1,1,2026-06-10 17:41:22.494414
NE-HV_AirDist-SupFanMtr-cDXGF-2SpClgHtg-Cnst,None,Asm,Ex,CZ01,cDXGF,0,Each,1.0,68006.708824512,506900.72,153727.01,0,145823.51,0.0,3659.47,0,0,203687.37,0,0,0.0,0,0,0,13402.013651877132,0.0,12574.796245733789,827.2174061433448,1,1,2026-06-10 17:41:22.494414
NE-HV_AirDist-SupFanMtr-cDXGF-2SpClgHtg-Cnst,None,Htl,Ex,CZ01,cDXGF,0,Each,1.0,137116.718465024,411481.54000000004,125660.91,0,179548.13,0.0,16782.04,0,0,89487.1,0,0,0.0,0,0,0,3868.1696245733788,886.9245733788396,2335.784300341297,645.4607508532423,1,1,2026-06-10 17:41:22.494414
NE-HV_AirDist-SupFanMtr-cDXGF-2SpClgHtg-Cnst,None,Htl,Ex,CZ02,cDXGF,0,Each,1.0,137116.718465024,477191.20999999996,125660.91,0,179548.13,0.0,68044.17,0,0,103934.64,0,0,0.0,0,0,0,3177.2030716723543,886.9245733788396,1673.7747440273038,616.5037542662117,1,1,2026-06-10 17:41:22.494414
NE-HV_AirDist-SupFanMtr-cDXGF-2SpClgHtg-Cnst,None,Htl,Ex,CZ03,cDXGF,0,Each,1.0,137116.718465024,453396.02999999997,125660.91,0,179548.13,0.0,45470.82,0,0,102712.81,0,0,0.0,0,0,0,2367.0498293515357,886.9245733788396,868.4798634812286,611.6453924914675,1,1,2026-06-10 17:41:22.494414
NE-HV_AirDist-SupFanMtr-cDXGF-2SpClgHtg-Cnst,None,Htl,Ex,CZ04,cDXGF,0,Each,1.0,137116.718465024,519073.00000000006,125660.91,0,179548.13,0.0,105291.53,0,0,108569.07,0,0,0.0,0,0,0,2744.9399317406146,886.9245733788396,1258.4412969283276,599.5740614334471,1,1,2026-06-10 17:41:22.494414
NE-HV_AirDist-SupFanMtr-cDXGF-2SpClgHtg-Cnst,None,Htl,Ex,CZ05,cDXGF,0,Each,1.0,137116.718465024,458483.91000000003,125660.91,0,179548.13,0.0,50160.79,0,0,103110.72,0,0,0.0,0,0,0,2203.1047781569964,886.9245733788396,702.5296928327645,613.6505119453924,1,1,2026-06-10 17:41:22.494414
NE-HV_AirDist-SupFanMtr-cDXGF-2SpClgHtg-Cnst,None,Htl,Ex,CZ06,cDXGF,0,Each,1.0,137116.718465024,493931.69,125660.91,0,179548.13,0.0,84967.96,0,0,103751.33,0,0,0.0,0,0,0,1577.6498293515358,886.9245733788396,111.2419795221843,579.483276450512,1,1,2026-06-10 17:41:22.494414
NE-HV_AirDist-SupFanMtr-cDXGF-2SpClgHtg-Cnst,None,Htl,Ex,CZ07,cDXGF,0,Each,1.0,137116.718465024,494739.74999999994,125660.91,0,179548.13,0.0,86140.05,0,0,103387.3,0,0,0.0,0,0,0,1541.7249146757676,886.9245733788396,79.28805460750853,575.5122866894197,1,1,2026-06-10 17:41:22.494414
NE-HV_AirDist-SupFanMtr-cDXGF-2SpClgHtg-Cnst,None,Htl,Ex,CZ08,cDXGF,0,Each,1.0,137116.718465024,542691.86,125660.91,0,179548.13,0.0,126390.3,0,0,111089.16,0,0,0.0,0,0,0,1608.1232081911264,886.9245733788396,153.7887372013652,567.4098976109215,1,1,2026-06-10 17:41:22.494414
NE-HV_AirDist-SupFanMtr-cDXGF-2SpClgHtg-Cnst,None,Htl,Ex,CZ09,cDXGF,0,Each,1.0,137116.718465024,545864.27,125660.91,0,179548.13,0.0,126123.34,0,0,114528.53,0,0,0.0,0,0,0,1725.8658703071674,886.9245733788396,268.8829351535836,570.058361774744,1,1,2026-06-10 17:41:22.494414
NE-HV_AirDist-SupFanMtr-cDXGF-2SpClgHtg-Cnst,None,Htl,Ex,CZ10,cDXGF,0,Each,1.0,137116.718465024,554817.12,125660.91,0,179548.13,0.0,136565.46,0,0,113039.26,0,0,0.0,0,0,0,1736.2412969283275,886.9245733788396,284.1146757679181,565.20204778157,1,1,2026-06-10 17:41:22.494414
NE-HV_AirDist-SupFanMtr-cDXGF-2SpClgHtg-Cnst,None,Htl,Ex,CZ11,cDXGF,0,Each,1.0,137116.718465024,568037.5399999999,125660.91,0,179548.13,0.0,146122.19,0,0,116702.95,0,0,0.0,0,0,0,3247.331058020478,886.9245733788396,1785.2389078498293,575.1675767918089,1,1,2026-06-10 17:41:22.494414
NE-HV_AirDist-SupFanMtr-cDXGF-2SpClgHtg-Cnst,None,Htl,Ex,CZ12,cDXGF,0,Each,1.0,137116.718465024,514834.29999999993,125660.91,0,179548.13,0.0,102788.56,0,0,106833.34,0,0,0.0,0,0,0,3124.308873720137,886.9245733788396,1643.9631399317407,593.4211604095564,1,1,2026-06-10 17:41:22.494414
NE-HV_AirDist-SupFanMtr-cDXGF-2SpClgHtg-Cnst,None,Htl,Ex,CZ13,cDXGF,0,Each,1.0,137116.718465024,575825.23,125660.91,0,179548.13,0.0,154982.34,0,0,115630.49,0,0,0.0,0,0,0,2850.678156996587,886.9245733788396,1396.5433447098976,567.2102389078498,1,1,2026-06-10 17:41:22.494414
NE-HV_AirDist-SupFanMtr-cDXGF-2SpClgHtg-Cnst,None,Htl,Ex,CZ14,cDXGF,0,Each,1.0,137116.718465024,565929.86,125660.91,0,179548.13,0.0,141852.9,0,0,118864.56,0,0,0.0,0,0,0,2468.6945392491466,886.9245733788396,1003.4918088737202,578.278156996587,1,1,2026-06-10 17:41:22.494414
NE-HV_AirDist-SupFanMtr-cDXGF-2SpClgHtg-Cnst,None,Htl,Ex,CZ15,cDXGF,0,Each,1.0,137116.718465024,688630.88,125660.91,0,179548.13,0.0,260286.01,0,0,123132.47,0,0,0.0,0,0,0,1495.1952218430033,886.9245733788396,101.13617747440273,507.1344709897611,1,1,2026-06-10 17:41:22.494414
NE-HV_AirDist-SupFanMtr-cDXGF-2SpClgHtg-Cnst,None,Htl,Ex,CZ16,cDXGF,0,Each,1.0,137116.718465024,490137.51,125660.91,0,179548.13,0.0,61041.9,0,0,123883.21,0,0,0.0,0,0,0,4535.9539249146765,886.9245733788396,3013.0761092150174,635.9532423208191,1,1,2026-06-10 17:41:22.494414
NE-HV_AirDist-SupFanMtr-cDXHP-2SpClgHtg-Cnst,None,Htl,Ex,CZ01,cDXHP,0,Each,1.0,137116.718465024,420940.66000000003,125660.91,0,179548.13,9744.24,16496.92,0,0,89487.1,0,0,0.0,0,0,0,1803.3713310580204,886.9245733788396,270.98600682593855,645.4607508532423,1,1,2026-06-10 17:41:22.494414
NE-HV_AirDist-SupFanMtr-cDXHP-2SpClgHtg-Cnst,None,Htl,Ex,CZ02,cDXHP,0,Each,1.0,137116.718465024,483950.16000000003,125660.91,0,179548.13,6957.01,67846.11,0,0,103934.64,0,0,0.0,0,0,0,1767.8174061433447,886.9245733788396,264.38907849829354,616.5037542662117,1,1,2026-06-10 17:41:22.494414
NE-HV_AirDist-SupFanMtr-cDXHP-2SpClgHtg-Cnst,None,Htl,Ex,CZ03,cDXHP,0,Each,1.0,137116.718465024,456999.7,125660.91,0,179548.13,3613.57,45460.91,0,0,102712.82,0,0,0.0,0,0,0,1616.5621160409555,886.9245733788396,117.99215017064846,611.6453924914675,1,1,2026-06-10 17:41:22.494414
NE-HV_AirDist-SupFanMtr-cDXHP-2SpClgHtg-Cnst,None,Htl,Ex,CZ04,cDXHP,0,Each,1.0,137116.718465024,524291.68,125660.91,0,179548.13,5420.93,105089.47,0,0,108568.88,0,0,0.0,0,0,0,1676.7389078498293,886.9245733788396,190.24027303754266,599.5740614334471,1,1,2026-06-10 17:41:22.494414
NE-HV_AirDist-SupFanMtr-cDXHP-2SpClgHtg-Cnst,None,Htl,Ex,CZ05,cDXHP,0,Each,1.0,137116.718465024,461667.99,125660.91,0,179548.13,3147.44,50197.41,0,0,103110.74,0,0,0.0,0,0,0,1562.214675767918,886.9245733788396,61.639590443686004,613.6505119453924,1,1,2026-06-10 17:41:22.494414
NE-HV_AirDist-SupFanMtr-cDXHP-2SpClgHtg-Cnst,None,Htl,Ex,CZ06,cDXHP,0,Each,1.0,137116.718465024,493144.4,125660.91,0,179548.13,528.78,83651.86,0,0,103751.36,0,0,0.0,0,0,0,1468.2924914675768,886.9245733788396,1.884641638225256,579.483276450512,1,1,2026-06-10 17:41:22.494414
NE-HV_AirDist-SupFanMtr-cDXHP-2SpClgHtg-Cnst,None,Htl,Ex,CZ07,cDXHP,0,Each,1.0,137116.718465024,494346.82,125660.91,0,179548.13,384.79,85362.3,0,0,103387.33,0,0,0.0,0,0,0,1462.4399317406142,886.9245733788396,0.0030716723549488053,575.5122866894197,1,1,2026-06-10 17:41:22.494414
NE-HV_AirDist-SupFanMtr-cDXHP-2SpClgHtg-Cnst,None,Htl,Ex,CZ08,cDXHP,0,Each,1.0,137116.718465024,543047.76,125660.91,0,179548.13,735.78,126010.44,0,0,111089.14,0,0,0.0,0,0,0,1458.0887372013651,886.9245733788396,3.7542662116040955,567.4098976109215,1,1,2026-06-10 17:41:22.494414
NE-HV_AirDist-SupFanMtr-cDXHP-2SpClgHtg-Cnst,None,Htl,Ex,CZ09,cDXHP,0,Each,1.0,137116.718465024,546782.4199999999,125660.91,0,179548.13,1248.37,125793.3,0,0,114528.35,0,0,0.0,0,0,0,1474.651194539249,886.9245733788396,17.66860068259386,570.0580204778157,1,1,2026-06-10 17:41:22.494414
NE-HV_AirDist-SupFanMtr-cDXHP-2SpClgHtg-Cnst,None,Htl,Ex,CZ10,cDXHP,0,Each,1.0,137116.718465024,555803.05,125660.91,0,179548.13,1370.76,136180.87,0,0,113039.02,0,0,0.0,0,0,0,1463.0416382252558,886.9245733788396,10.915017064846417,565.20204778157,1,1,2026-06-10 17:41:22.494414
NE-HV_AirDist-SupFanMtr-cDXHP-2SpClgHtg-Cnst,None,Htl,Ex,CZ11,cDXHP,0,Each,1.0,137116.718465024,574703.1,125660.91,0,179548.13,6806.52,145981.42,0,0,116702.76,0,0,0.0,0,0,0,1901.9221843003415,886.9245733788396,439.8300341296928,575.1675767918089,1,1,2026-06-10 17:41:22.494414
NE-HV_AirDist-SupFanMtr-cDXHP-2SpClgHtg-Cnst,None,Htl,Ex,CZ12,cDXHP,0,Each,1.0,137116.718465024,521056.22,125660.91,0,179548.13,6586.91,102423.54,0,0,106833.37,0,0,0.0,0,0,0,1789.5075085324233,886.9245733788396,309.1617747440273,593.4211604095564,1,1,2026-06-10 17:41:22.494414
NE-HV_AirDist-SupFanMtr-cDXHP-2SpClgHtg-Cnst,None,Htl,Ex,CZ13,cDXHP,0,Each,1.0,137116.718465024,581147.3,125660.91,0,179548.13,5565.13,154739.37,0,0,115630.4,0,0,0.0,0,0,0,1738.5464163822526,886.9245733788396,284.4116040955631,567.2102389078498,1,1,2026-06-10 17:41:22.494414
NE-HV_AirDist-SupFanMtr-cDXHP-2SpClgHtg-Cnst,None,Htl,Ex,CZ14,cDXHP,0,Each,1.0,137116.718465024,570323.86,125660.91,0,179548.13,4755.26,141491.69,0,0,118864.51,0,0,0.0,0,0,0,1589.8494880546073,886.9245733788396,124.6467576791809,578.278156996587,1,1,2026-06-10 17:41:22.494414
NE-HV_AirDist-SupFanMtr-cDXHP-2SpClgHtg-Cnst,None,Htl,Ex,CZ15,cDXHP,0,Each,1.0,137116.718465024,689825.3200000001,125660.91,0,179548.13,494.77,260988.39,0,0,123129.76,0,0,0.0,0,0,0,1396.4849829351535,886.9245733788396,2.425938566552901,507.1344709897611,1,1,2026-06-10 17:41:22.494414
NE-HV_AirDist-SupFanMtr-cDXHP-2SpClgHtg-Cnst,None,Htl,Ex,CZ16,cDXHP,0,Each,1.0,137116.718465024,501700.89,125660.91,0,179548.13,12071.53,60533.75,0,0,123883.21,0,0,0.0,0,0,0,2369.375426621161,886.9245733788396,846.4976109215017,635.9532423208191,1,1,2026-06-10 17:41:22.494414
NE-HV_AirDist-SupFanMtr-cDXOH-2SpClgHtg-Cnst,None,Htl,Ex,CZ01,cDXOH,0,Each,1.0,137116.718465024,411217.77,125660.91,0,179548.13,0.0,16311.63,0,0,89693.74,0,0,0.0,0,0,0,1878.3013651877131,886.9245733788396,345.91535836177474,645.461433447099,1,1,2026-06-10 17:41:22.494414
NE-HV_AirDist-SupFanMtr-cDXOH-2SpClgHtg-Cnst,None,Htl,Ex,CZ02,cDXOH,0,Each,1.0,137116.718465024,476281.12999999995,125660.91,0,179548.13,0.0,66977.31,0,0,104091.42,0,0,0.0,0,0,0,1834.68566552901,886.9245733788396,331.25358361774744,616.5075085324231,1,1,2026-06-10 17:41:22.494414
NE-HV_AirDist-SupFanMtr-cDXOH-2SpClgHtg-Cnst,None,Htl,Ex,CZ03,cDXOH,0,Each,1.0,137116.718465024,453038.02,125660.91,0,179548.13,0.0,45095.61,0,0,102730.01,0,0,0.0,0,0,0,1634.30204778157,886.9245733788396,135.73242320819114,611.6450511945393,1,1,2026-06-10 17:41:22.494414
NE-HV_AirDist-SupFanMtr-cDXOH-2SpClgHtg-Cnst,None,Htl,Ex,CZ04,cDXOH,0,Each,1.0,137116.718465024,517328.2,125660.91,0,179548.13,0.0,103446.5,0,0,108669.3,0,0,0.0,0,0,0,1706.9075085324232,886.9245733788396,220.4098976109215,599.5730375426622,1,1,2026-06-10 17:41:22.494414
NE-HV_AirDist-SupFanMtr-cDXOH-2SpClgHtg-Cnst,None,Htl,Ex,CZ05,cDXOH,0,Each,1.0,137116.718465024,457920.95,125660.91,0,179548.13,0.0,49609.85,0,0,103098.7,0,0,0.0,0,0,0,1570.645051194539,886.9245733788396,70.07064846416382,613.6498293515358,1,1,2026-06-10 17:41:22.494414
NE-HV_AirDist-SupFanMtr-cDXOH-2SpClgHtg-Cnst,None,Htl,Ex,CZ06,cDXOH,0,Each,1.0,137116.718465024,492753.36000000004,125660.91,0,179548.13,0.0,83793.5,0,0,103747.46,0,0,0.0,0,0,0,1468.3887372013648,886.9245733788396,1.9812286689419794,579.4829351535835,1,1,2026-06-10 17:41:22.494414
NE-HV_AirDist-SupFanMtr-cDXOH-2SpClgHtg-Cnst,None,Htl,Ex,CZ07,cDXOH,0,Each,1.0,137116.718465024,493720.56000000006,125660.91,0,179548.13,0.0,85123.88,0,0,103384.28,0,0,0.0,0,0,0,1462.4399317406142,886.9245733788396,0.0030716723549488053,575.5122866894197,1,1,2026-06-10 17:41:22.494414
NE-HV_AirDist-SupFanMtr-cDXOH-2SpClgHtg-Cnst,None,Htl,Ex,CZ08,cDXOH,0,Each,1.0,137116.718465024,541337.8200000001,125660.91,0,179548.13,0.0,125041.0,0,0,111084.42,0,0,0.0,0,0,0,1458.3095563139932,886.9245733788396,3.9750853242320816,567.4098976109215,1,1,2026-06-10 17:41:22.494414
NE-HV_AirDist-SupFanMtr-cDXOH-2SpClgHtg-Cnst,None,Htl,Ex,CZ09,cDXOH,0,Each,1.0,137116.718465024,544519.35,125660.91,0,179548.13,0.0,124784.83,0,0,114522.12,0,0,0.0,0,0,0,1476.3156996587031,886.9245733788396,19.332764505119457,570.058361774744,1,1,2026-06-10 17:41:22.494414
NE-HV_AirDist-SupFanMtr-cDXOH-2SpClgHtg-Cnst,None,Htl,Ex,CZ10,cDXOH,0,Each,1.0,137116.718465024,553245.87,125660.91,0,179548.13,0.0,135002.56,0,0,113030.91,0,0,0.0,0,0,0,1463.6914675767919,886.9245733788396,11.565529010238908,565.2013651877133,1,1,2026-06-10 17:41:22.494414
NE-HV_AirDist-SupFanMtr-cDXOH-2SpClgHtg-Cnst,None,Htl,Ex,CZ11,cDXOH,0,Each,1.0,137116.718465024,566009.94,125660.91,0,179548.13,0.0,143739.68,0,0,117057.86,0,0,0.0,0,0,0,2009.6972696245732,886.9245733788396,547.6058020477816,575.1668941979522,1,1,2026-06-10 17:41:22.494414
NE-HV_AirDist-SupFanMtr-cDXOH-2SpClgHtg-Cnst,None,Htl,Ex,CZ12,cDXOH,0,Each,1.0,137116.718465024,513551.67000000004,125660.91,0,179548.13,0.0,101261.0,0,0,107078.27,0,0,0.0,0,0,0,1880.9412969283276,886.9245733788396,400.59453924914675,593.4221843003413,1,1,2026-06-10 17:41:22.494414
NE-HV_AirDist-SupFanMtr-cDXOH-2SpClgHtg-Cnst,None,Htl,Ex,CZ13,cDXOH,0,Each,1.0,137116.718465024,573516.57,125660.91,0,179548.13,0.0,152485.22,0,0,115818.95,0,0,0.0,0,0,0,1820.0627986348122,886.9245733788396,365.9273037542662,567.2109215017065,1,1,2026-06-10 17:41:22.494414
NE-HV_AirDist-SupFanMtr-cDXOH-2SpClgHtg-Cnst,None,Htl,Ex,CZ14,cDXOH,0,Each,1.0,137116.718465024,563319.63,125660.91,0,179548.13,0.0,139101.66,0,0,119005.57,0,0,0.0,0,0,0,1613.2184300341298,886.9245733788396,148.01569965870306,578.278156996587,1,1,2026-06-10 17:41:22.494414
NE-HV_AirDist-SupFanMtr-cDXOH-2SpClgHtg-Cnst,None,Htl,Ex,CZ15,cDXOH,0,Each,1.0,137116.718465024,684985.48,125660.91,0,179548.13,0.0,256635.18,0,0,123137.9,0,0,0.0,0,0,0,1396.9645051194539,886.9245733788396,2.90580204778157,507.1341296928328,1,1,2026-06-10 17:41:22.494414
NE-HV_AirDist-SupFanMtr-cDXOH-2SpClgHtg-Cnst,None,Htl,Ex,CZ16,cDXOH,0,Each,1.0,137116.718465024,490286.22,125660.91,0,179548.13,0.0,60062.81,0,0,125011.01,0,0,0.0,0,0,0,2570.9627986348123,886.9245733788396,1048.0846416382253,635.9535836177474,1,1,2026-06-10 17:41:22.494414
NE-HV_AirDist-SupFanMtr-cDXOH-2SpClgHtg-VFDExMtr,None,SCn,Ex,CZ16,cDXOH,0,Each,1.0,499990.41934355197,2839441.4499999997,850055.03,0,449066.39,0.0,154912.62,0,0,1385404.05,0,0,0.0,0,0,0,3114.900341296928,0.0,0.0,3114.900341296928,1,1,2026-06-10 17:41:22.494414
NE-HV_AirDist-SupFanMtr-cDXOH-2SpClgHtg-VFDPMMtr,None,SCn,Ex,CZ16,cDXOH,0,Each,1.0,499990.41934355197,2816231.44,850055.03,0,449066.39,0.0,152362.59,0,0,1364744.07,0,0,0.0,0,0,0,3114.900341296928,0.0,0.0,3114.900341296928,1,1,2026-06-10 17:41:22.494414
NE-HV_AirDist-SupFanMtr-cDXOH-2SpClgHtg-VFDStdMtr,None,SCn,Ex,CZ16,cDXOH,0,Each,1.0,499990.41934355197,2832916.23,850055.03,0,449066.39,0.0,154068.16,0,0,1379723.29,0,0,0.0,0,0,0,3114.900341296928,0.0,0.0,3114.900341296928,1,1,2026-06-10 17:41:22.494414
NE-HV_AirDist-SupFanMtr-cDXOH-2SpClgHtg-VFDExMtr,None,SCn,Ex,CZ15,cDXOH,0,Each,1.0,499990.41934355197,3328163.2399999998,850055.03,0,449066.39,0.0,1211011.34,0,0,818027.12,0,0,0.0,0,0,0,2227.945733788396,0.0,0.0,2227.945733788396,1,1,2026-06-10 17:41:22.494414
NE-HV_AirDist-SupFanMtr-cDXOH-2SpClgHtg-VFDPMMtr,None,SCn,Ex,CZ15,cDXOH,0,Each,1.0,499990.41934355197,3285186.27,850055.03,0,449066.39,0.0,1203508.24,0,0,782553.25,0,0,0.0,0,0,0,2227.945733788396,0.0,0.0,2227.945733788396,1,1,2026-06-10 17:41:22.494414
NE-HV_AirDist-SupFanMtr-cDXOH-2SpClgHtg-VFDStdMtr,None,SCn,Ex,CZ15,cDXOH,0,Each,1.0,499990.41934355197,3314827.39,850055.03,0,449066.39,0.0,1208489.03,0,0,807213.58,0,0,0.0,0,0,0,2227.945733788396,0.0,0.0,2227.945733788396,1,1,2026-06-10 17:41:22.494414
NE-HV_AirDist-SupFanMtr-cDXOH-2SpClgHtg-VFDExMtr,None,SCn,Ex,CZ14,cDXOH,0,Each,1.0,499990.41934355197,2916495.9099999997,850055.03,0,449066.39,0.0,598534.56,0,0,1018836.57,0,0,0.0,0,0,0,2717.4327645051194,0.0,0.0,2717.4327645051194,1,1,2026-06-10 17:41:22.494414
NE-HV_AirDist-SupFanMtr-cDXOH-2SpClgHtg-VFDPMMtr,None,SCn,Ex,CZ14,cDXOH,0,Each,1.0,499990.41934355197,2884158.11,850055.03,0,449066.39,0.0,593773.25,0,0,991260.08,0,0,0.0,0,0,0,2717.4327645051194,0.0,0.0,2717.4327645051194,1,1,2026-06-10 17:41:22.494414
NE-HV_AirDist-SupFanMtr-cDXOH-2SpClgHtg-VFDStdMtr,None,SCn,Ex,CZ14,cDXOH,0,Each,1.0,499990.41934355197,2907011.2199999997,850055.03,0,449066.39,0.0,596967.09,0,0,1010919.35,0,0,0.0,0,0,0,2717.4327645051194,0.0,0.0,2717.4327645051194,1,1,2026-06-10 17:41:22.494414
NE-HV_AirDist-SupFanMtr-cDXOH-2SpClgHtg-VFDExMtr,None,SCn,Ex,CZ13,cDXOH,0,Each,1.0,499990.41934355197,2893148.1599999997,850055.03,0,449066.39,0.0,642657.59,0,0,951365.79,0,0,0.0,0,0,0,2641.867918088737,0.0,0.0,2641.867918088737,1,1,2026-06-10 17:41:22.494414
NE-HV_AirDist-SupFanMtr-cDXOH-2SpClgHtg-VFDPMMtr,None,SCn,Ex,CZ13,cDXOH,0,Each,1.0,499990.41934355197,2864427.19,850055.03,0,449066.39,0.0,638381.93,0,0,926920.48,0,0,0.0,0,0,0,2641.867918088737,0.0,0.0,2641.867918088737,1,1,2026-06-10 17:41:22.494414
NE-HV_AirDist-SupFanMtr-cDXOH-2SpClgHtg-VFDStdMtr,None,SCn,Ex,CZ13,cDXOH,0,Each,1.0,499990.41934355197,2884592.64,850055.03,0,449066.39,0.0,641228.79,0,0,944239.07,0,0,0.0,0,0,0,2641.867918088737,0.0,0.0,2641.867918088737,1,1,2026-06-10 17:41:22.494414
NE-HV_AirDist-SupFanMtr-cDXOH-2SpClgHtg-VFDExMtr,None,SCn,Ex,CZ12,cDXOH,0,Each,1.0,499990.41934355197,2654879.15,850055.03,0,449066.39,0.0,378364.45,0,0,977389.92,0,0,0.0,0,0,0,2822.49180887372,0.0,0.0,2822.49180887372,1,1,2026-06-10 17:41:22.494414
NE-HV_AirDist-SupFanMtr-cDXOH-2SpClgHtg-VFDPMMtr,None,SCn,Ex,CZ12,cDXOH,0,Each,1.0,499990.41934355197,2628504.1,850055.03,0,449066.39,0.0,374789.36,0,0,954589.96,0,0,0.0,0,0,0,2822.49180887372,0.0,0.0,2822.49180887372,1,1,2026-06-10 17:41:22.494414
NE-HV_AirDist-SupFanMtr-cDXOH-2SpClgHtg-VFDStdMtr,None,SCn,Ex,CZ12,cDXOH,0,Each,1.0,499990.41934355197,2646975.31,850055.03,0,449066.39,0.0,377210.46,0,0,970640.07,0,0,0.0,0,0,0,2822.49180887372,0.0,0.0,2822.49180887372,1,1,2026-06-10 17:41:22.494414
NE-HV_AirDist-SupFanMtr-cDXOH-2SpClgHtg-VFDExMtr,None,SCn,Ex,CZ11,cDXOH,0,Each,1.0,499990.41934355197,2879086.6,850055.03,0,449066.39,0.0,588985.15,0,0,990976.67,0,0,0.0,0,0,0,2696.5020477815697,0.0,0.0,2696.5020477815697,1,1,2026-06-10 17:41:22.494414
NE-HV_AirDist-SupFanMtr-cDXOH-2SpClgHtg-VFDPMMtr,None,SCn,Ex,CZ11,cDXOH,0,Each,1.0,499990.41934355197,2853142.92,850055.03,0,449066.39,0.0,584994.05,0,0,969024.09,0,0,0.0,0,0,0,2696.5020477815697,0.0,0.0,2696.5020477815697,1,1,2026-06-10 17:41:22.494414
NE-HV_AirDist-SupFanMtr-cDXOH-2SpClgHtg-VFDStdMtr,None,SCn,Ex,CZ11,cDXOH,0,Each,1.0,499990.41934355197,2871049.51,850055.03,0,449066.39,0.0,587661.37,0,0,984263.36,0,0,0.0,0,0,0,2696.5020477815697,0.0,0.0,2696.5020477815697,1,1,2026-06-10 17:41:22.494414
NE-HV_AirDist-SupFanMtr-cDXOH-2SpClgHtg-VFDExMtr,None,SCn,Ex,CZ10,cDXOH,0,Each,1.0,499990.41934355197,2456324.88,850055.03,0,449066.39,0.0,482309.5,0,0,674890.6,0,0,0.0,0,0,0,2629.674744027304,0.0,0.0,2629.674744027304,1,1,2026-06-10 17:41:22.494414
NE-HV_AirDist-SupFanMtr-cDXOH-2SpClgHtg-VFDPMMtr,None,SCn,Ex,CZ10,cDXOH,0,Each,1.0,499990.41934355197,2426518.88,850055.03,0,449066.39,0.0,477890.49,0,0,649503.61,0,0,0.0,0,0,0,2629.674744027304,0.0,0.0,2629.674744027304,1,1,2026-06-10 17:41:22.494414
NE-HV_AirDist-SupFanMtr-cDXOH-2SpClgHtg-VFDStdMtr,None,SCn,Ex,CZ10,cDXOH,0,Each,1.0,499990.41934355197,2447798.98,850055.03,0,449066.39,0.0,480889.61,0,0,667784.59,0,0,0.0,0,0,0,2629.674744027304,0.0,0.0,2629.674744027304,1,1,2026-06-10 17:41:22.494414
NE-HV_AirDist-SupFanMtr-cDXOH-2SpClgHtg-VFDExMtr,None,SCn,Ex,CZ09,cDXOH,0,Each,1.0,499990.41934355197,2379758.9099999997,850055.03,0,449066.39,0.0,416311.19,0,0,664322.94,0,0,0.0,0,0,0,2663.734129692833,0.0,0.0,2663.734129692833,1,1,2026-06-10 17:41:22.494414
NE-HV_AirDist-SupFanMtr-cDXOH-2SpClgHtg-VFDPMMtr,None,SCn,Ex,CZ09,cDXOH,0,Each,1.0,499990.41934355197,2348728.7399999998,850055.03,0,449066.39,0.0,412149.14,0,0,637454.82,0,0,0.0,0,0,0,2663.734129692833,0.0,0.0,2663.734129692833,1,1,2026-06-10 17:41:22.494414
NE-HV_AirDist-SupFanMtr-cDXOH-2SpClgHtg-VFDStdMtr,None,SCn,Ex,CZ09,cDXOH,0,Each,1.0,499990.41934355197,2370911.58,850055.03,0,449066.39,0.0,414990.37,0,0,656796.43,0,0,0.0,0,0,0,2663.734129692833,0.0,0.0,2663.734129692833,1,1,2026-06-10 17:41:22.494414
NE-HV_AirDist-SupFanMtr-cDXOH-2SpClgHtg-VFDExMtr,None,SCn,Ex,CZ08,cDXOH,0,Each,1.0,499990.41934355197,2338798.44,850055.03,0,449066.39,0.0,407110.44,0,0,632563.22,0,0,0.0,0,0,0,2644.6245733788396,0.0,0.0,2644.6245733788396,1,1,2026-06-10 17:41:22.494414
NE-HV_AirDist-SupFanMtr-cDXOH-2SpClgHtg-VFDPMMtr,None,SCn,Ex,CZ08,cDXOH,0,Each,1.0,499990.41934355197,2308356.4299999997,850055.03,0,449066.39,0.0,402870.07,0,0,606361.58,0,0,0.0,0,0,0,2644.6245733788396,0.0,0.0,2644.6245733788396,1,1,2026-06-10 17:41:22.494414
NE-HV_AirDist-SupFanMtr-cDXOH-2SpClgHtg-VFDStdMtr,None,SCn,Ex,CZ08,cDXOH,0,Each,1.0,499990.41934355197,2329813.12,850055.03,0,449066.39,0.0,405741.69,0,0,624946.65,0,0,0.0,0,0,0,2644.6245733788396,0.0,0.0,2644.6245733788396,1,1,2026-06-10 17:41:22.494414
NE-HV_AirDist-SupFanMtr-cDXOH-2SpClgHtg-VFDExMtr,None,SCn,Ex,CZ07,cDXOH,0,Each,1.0,499990.41934355197,2042715.6500000001,850055.03,0,449066.39,0.0,197875.74,0,0,545715.13,0,0,0.0,0,0,0,2700.547781569966,0.0,0.0,2700.547781569966,1,1,2026-06-10 17:41:22.494414
NE-HV_AirDist-SupFanMtr-cDXOH-2SpClgHtg-VFDPMMtr,None,SCn,Ex,CZ07,cDXOH,0,Each,1.0,499990.41934355197,2014922.3900000001,850055.03,0,449066.39,0.0,194533.9,0,0,521263.71,0,0,0.0,0,0,0,2700.547781569966,0.0,0.0,2700.547781569966,1,1,2026-06-10 17:41:22.494414
NE-HV_AirDist-SupFanMtr-cDXOH-2SpClgHtg-VFDStdMtr,None,SCn,Ex,CZ07,cDXOH,0,Each,1.0,499990.41934355197,2035896.79,850055.03,0,449066.39,0.0,196834.81,0,0,539937.2,0,0,0.0,0,0,0,2700.547781569966,0.0,0.0,2700.547781569966,1,1,2026-06-10 17:41:22.494414
NE-HV_AirDist-SupFanMtr-cDXOH-2SpClgHtg-VFDExMtr,None,SCn,Ex,CZ06,cDXOH,0,Each,1.0,499990.41934355197,1991734.5800000003,850055.03,0,449066.39,0.0,165650.03,0,0,526959.77,0,0,0.0,0,0,0,2728.762457337884,0.0,0.0,2728.762457337884,1,1,2026-06-10 17:41:22.494414
NE-HV_AirDist-SupFanMtr-cDXOH-2SpClgHtg-VFDPMMtr,None,SCn,Ex,CZ06,cDXOH,0,Each,1.0,499990.41934355197,1966195.82,850055.03,0,449066.39,0.0,162849.56,0,0,504221.48,0,0,0.0,0,0,0,2728.762457337884,0.0,0.0,2728.762457337884,1,1,2026-06-10 17:41:22.494414
NE-HV_AirDist-SupFanMtr-cDXOH-2SpClgHtg-VFDStdMtr,None,SCn,Ex,CZ06,cDXOH,0,Each,1.0,499990.41934355197,1984285.2500000002,850055.03,0,449066.39,0.0,164756.47,0,0,520404.0,0,0,0.0,0,0,0,2728.762457337884,0.0,0.0,2728.762457337884,1,1,2026-06-10 17:41:22.494414
NE-HV_AirDist-SupFanMtr-cDXOH-2SpClgHtg-VFDExMtr,None,SCn,Ex,CZ05,cDXOH,0,Each,1.0,499990.41934355197,2133130.76,850055.03,0,449066.39,0.0,43233.38,0,0,790772.6,0,0,0.0,0,0,0,2962.680887372014,0.0,0.0,2962.680887372014,1,1,2026-06-10 17:41:22.494414
NE-HV_AirDist-SupFanMtr-cDXOH-2SpClgHtg-VFDPMMtr,None,SCn,Ex,CZ05,cDXOH,0,Each,1.0,499990.41934355197,2112869.7399999998,850055.03,0,449066.39,0.0,41971.63,0,0,771773.33,0,0,0.0,0,0,0,2962.680887372014,0.0,0.0,2962.680887372014,1,1,2026-06-10 17:41:22.494414
NE-HV_AirDist-SupFanMtr-cDXOH-2SpClgHtg-VFDStdMtr,None,SCn,Ex,CZ05,cDXOH,0,Each,1.0,499990.41934355197,2128751.65,850055.03,0,449066.39,0.0,42850.0,0,0,786776.87,0,0,0.0,0,0,0,2962.680887372014,0.0,0.0,2962.680887372014,1,1,2026-06-10 17:41:22.494414
NE-HV_AirDist-SupFanMtr-cDXOH-2SpClgHtg-VFDExMtr,None,SCn,Ex,CZ04,cDXOH,0,Each,1.0,499990.41934355197,2649427.56,850055.03,0,449066.39,0.0,377717.68,0,0,972585.1,0,0,0.0,0,0,0,2865.1409556313993,0.0,0.0,2865.1409556313993,1,1,2026-06-10 17:41:22.494414
NE-HV_AirDist-SupFanMtr-cDXOH-2SpClgHtg-VFDPMMtr,None,SCn,Ex,CZ04,cDXOH,0,Each,1.0,499990.41934355197,2621509.4,850055.03,0,449066.39,0.0,373935.56,0,0,948449.06,0,0,0.0,0,0,0,2865.1409556313993,0.0,0.0,2865.1409556313993,1,1,2026-06-10 17:41:22.494414
NE-HV_AirDist-SupFanMtr-cDXOH-2SpClgHtg-VFDStdMtr,None,SCn,Ex,CZ04,cDXOH,0,Each,1.0,499990.41934355197,2641529.39,850055.03,0,449066.39,0.0,376505.67,0,0,965898.94,0,0,0.0,0,0,0,2865.1409556313993,0.0,0.0,2865.1409556313993,1,1,2026-06-10 17:41:22.494414
NE-HV_AirDist-SupFanMtr-cDXOH-2SpClgHtg-VFDExMtr,None,SCn,Ex,CZ03,cDXOH,0,Each,1.0,499990.41934355197,2115269.7199999997,850055.03,0,449066.39,0.0,41440.25,0,0,774704.69,0,0,0.0,0,0,0,2949.0017064846415,0.0,0.0,2949.0017064846415,1,1,2026-06-10 17:41:22.494414
NE-HV_AirDist-SupFanMtr-cDXOH-2SpClgHtg-VFDPMMtr,None,SCn,Ex,CZ03,cDXOH,0,Each,1.0,499990.41934355197,2095574.01,850055.03,0,449066.39,0.0,40387.08,0,0,756062.15,0,0,0.0,0,0,0,2949.0017064846415,0.0,0.0,2949.0017064846415,1,1,2026-06-10 17:41:22.494414
NE-HV_AirDist-SupFanMtr-cDXOH-2SpClgHtg-VFDStdMtr,None,SCn,Ex,CZ03,cDXOH,0,Each,1.0,499990.41934355197,2110537.04,850055.03,0,449066.39,0.0,41123.24,0,0,770289.02,0,0,0.0,0,0,0,2949.0017064846415,0.0,0.0,2949.0017064846415,1,1,2026-06-10 17:41:22.494414
NE-HV_AirDist-SupFanMtr-cDXOH-2SpClgHtg-VFDExMtr,None,SCn,Ex,CZ02,cDXOH,0,Each,1.0,499990.41934355197,2474609.48,850055.03,0,449066.39,0.0,176698.06,0,0,998786.64,0,0,0.0,0,0,0,2981.970989761092,0.0,0.0,2981.970989761092,1,1,2026-06-10 17:41:22.494414
NE-HV_AirDist-SupFanMtr-cDXOH-2SpClgHtg-VFDPMMtr,None,SCn,Ex,CZ02,cDXOH,0,Each,1.0,499990.41934355197,2452324.14,850055.03,0,449066.39,0.0,174038.55,0,0,979160.81,0,0,0.0,0,0,0,2981.970989761092,0.0,0.0,2981.970989761092,1,1,2026-06-10 17:41:22.494414
NE-HV_AirDist-SupFanMtr-cDXOH-2SpClgHtg-VFDStdMtr,None,SCn,Ex,CZ02,cDXOH,0,Each,1.0,499990.41934355197,2468781.93,850055.03,0,449066.39,0.0,175902.67,0,0,993754.48,0,0,0.0,0,0,0,2981.970989761092,0.0,0.0,2981.970989761092,1,1,2026-06-10 17:41:22.494414
NE-HV_AirDist-SupFanMtr-cDXOH-2SpClgHtg-VFDExMtr,None,SCn,Ex,CZ01,cDXOH,0,Each,1.0,499990.41934355197,2635341.1599999997,850055.03,0,449066.39,0.0,585.13,0,0,1335631.25,0,0,0.0,0,0,0,3182.172013651877,0.0,0.0,3182.172013651877,1,1,2026-06-10 17:41:22.494414
NE-HV_AirDist-SupFanMtr-cDXOH-2SpClgHtg-VFDPMMtr,None,SCn,Ex,CZ01,cDXOH,0,Each,1.0,499990.41934355197,2627738.58,850055.03,0,449066.39,0.0,567.22,0,0,1328046.58,0,0,0.0,0,0,0,3182.172013651877,0.0,0.0,3182.172013651877,1,1,2026-06-10 17:41:22.494414
NE-HV_AirDist-SupFanMtr-cDXOH-2SpClgHtg-VFDStdMtr,None,SCn,Ex,CZ01,cDXOH,0,Each,1.0,499990.41934355197,2633671.2399999998,850055.03,0,449066.39,0.0,580.94,0,0,1333965.52,0,0,0.0,0,0,0,3182.172013651877,0.0,0.0,3182.172013651877,1,1,2026-06-10 17:41:22.494414
NE-HV_AirDist-SupFanMtr-cDXHP-2SpClgHtg-VFDExMtr,None,SCn,Ex,CZ16,cDXHP,0,Each,1.0,499990.41934355197,2544834.64,850055.03,0,449066.39,353349.75,158608.35,0,0,733751.76,0,0,0.0,0,0,0,3114.9006825938563,0.0,0.0,3114.9006825938563,1,1,2026-06-10 17:41:22.494414
NE-HV_AirDist-SupFanMtr-cDXHP-2SpClgHtg-VFDPMMtr,None,SCn,Ex,CZ16,cDXHP,0,Each,1.0,499990.41934355197,2503592.03,850055.03,0,449066.39,357491.2,155975.68,0,0,691000.37,0,0,0.0,0,0,0,3114.9006825938563,0.0,0.0,3114.9006825938563,1,1,2026-06-10 17:41:22.494414
NE-HV_AirDist-SupFanMtr-cDXHP-2SpClgHtg-VFDStdMtr,None,SCn,Ex,CZ16,cDXHP,0,Each,1.0,499990.41934355197,2531544.9899999998,850055.03,0,449066.39,354614.7,157732.4,0,0,720073.11,0,0,0.0,0,0,0,3114.9006825938563,0.0,0.0,3114.9006825938563,1,1,2026-06-10 17:41:22.494414
NE-HV_AirDist-SupFanMtr-cDXHP-2SpClgHtg-VFDExMtr,None,SCn,Ex,CZ15,cDXHP,0,Each,1.0,499990.41934355197,3265949.01,850055.03,0,449066.39,38066.75,1216039.05,0,0,712718.43,0,0,0.0,0,0,0,2227.945733788396,0.0,0.0,2227.945733788396,1,1,2026-06-10 17:41:22.494414
NE-HV_AirDist-SupFanMtr-cDXHP-2SpClgHtg-VFDPMMtr,None,SCn,Ex,CZ15,cDXHP,0,Each,1.0,499990.41934355197,3219510.3800000004,850055.03,0,449066.39,39082.54,1208582.27,0,0,672720.79,0,0,0.0,0,0,0,2227.945733788396,0.0,0.0,2227.945733788396,1,1,2026-06-10 17:41:22.494414
NE-HV_AirDist-SupFanMtr-cDXHP-2SpClgHtg-VFDStdMtr,None,SCn,Ex,CZ15,cDXHP,0,Each,1.0,499990.41934355197,3251048.6799999997,850055.03,0,449066.39,38381.19,1213567.57,0,0,699975.14,0,0,0.0,0,0,0,2227.945733788396,0.0,0.0,2227.945733788396,1,1,2026-06-10 17:41:22.494414
NE-HV_AirDist-SupFanMtr-cDXHP-2SpClgHtg-VFDExMtr,None,SCn,Ex,CZ14,cDXHP,0,Each,1.0,499990.41934355197,2751722.93,850055.03,0,449066.39,178343.29,618139.08,0,0,656115.78,0,0,0.0,0,0,0,2717.4327645051194,0.0,0.0,2717.4327645051194,1,1,2026-06-10 17:41:22.494414
NE-HV_AirDist-SupFanMtr-cDXHP-2SpClgHtg-VFDPMMtr,None,SCn,Ex,CZ14,cDXHP,0,Each,1.0,499990.41934355197,2709145.2099999995,850055.03,0,449066.39,180889.12,613235.33,0,0,615895.98,0,0,0.0,0,0,0,2717.4327645051194,0.0,0.0,2717.4327645051194,1,1,2026-06-10 17:41:22.494414
NE-HV_AirDist-SupFanMtr-cDXHP-2SpClgHtg-VFDStdMtr,None,SCn,Ex,CZ14,cDXHP,0,Each,1.0,499990.41934355197,2738585.9899999998,850055.03,0,449066.39,179200.02,616523.53,0,0,643737.66,0,0,0.0,0,0,0,2717.4327645051194,0.0,0.0,2717.4327645051194,1,1,2026-06-10 17:41:22.494414
NE-HV_AirDist-SupFanMtr-cDXHP-2SpClgHtg-VFDExMtr,None,SCn,Ex,CZ13,cDXHP,0,Each,1.0,499990.41934355197,2739397.3499999996,850055.03,0,449066.39,175463.43,658043.46,0,0,606765.68,0,0,0.0,0,0,0,2641.8682593856656,0.0,0.0,2641.8682593856656,1,1,2026-06-10 17:41:22.494414
NE-HV_AirDist-SupFanMtr-cDXHP-2SpClgHtg-VFDPMMtr,None,SCn,Ex,CZ13,cDXHP,0,Each,1.0,499990.41934355197,2700969.97,850055.03,0,449066.39,177681.47,653764.51,0,0,570399.21,0,0,0.0,0,0,0,2641.8682593856656,0.0,0.0,2641.8682593856656,1,1,2026-06-10 17:41:22.494414
NE-HV_AirDist-SupFanMtr-cDXHP-2SpClgHtg-VFDStdMtr,None,SCn,Ex,CZ13,cDXHP,0,Each,1.0,499990.41934355197,2727172.32,850055.03,0,449066.39,176208.33,656624.51,0,0,595214.7,0,0,0.0,0,0,0,2641.8682593856656,0.0,0.0,2641.8682593856656,1,1,2026-06-10 17:41:22.494414
NE-HV_AirDist-SupFanMtr-cDXHP-2SpClgHtg-VFDExMtr,None,SCn,Ex,CZ12,cDXHP,0,Each,1.0,499990.41934355197,2488930.9899999998,850055.03,0,449066.39,204090.83,396100.5,0,0,589614.88,0,0,0.0,0,0,0,2822.4921501706485,0.0,0.0,2822.4921501706485,1,1,2026-06-10 17:41:22.494414
NE-HV_AirDist-SupFanMtr-cDXHP-2SpClgHtg-VFDPMMtr,None,SCn,Ex,CZ12,cDXHP,0,Each,1.0,499990.41934355197,2451125.9499999997,850055.03,0,449066.39,206779.22,392400.11,0,0,552821.84,0,0,0.0,0,0,0,2822.4921501706485,0.0,0.0,2822.4921501706485,1,1,2026-06-10 17:41:22.494414
NE-HV_AirDist-SupFanMtr-cDXHP-2SpClgHtg-VFDStdMtr,None,SCn,Ex,CZ12,cDXHP,0,Each,1.0,499990.41934355197,2477276.3299999996,850055.03,0,449066.39,204964.04,394900.49,0,0,578287.02,0,0,0.0,0,0,0,2822.4921501706485,0.0,0.0,2822.4921501706485,1,1,2026-06-10 17:41:22.494414
NE-HV_AirDist-SupFanMtr-cDXHP-2SpClgHtg-VFDExMtr,None,SCn,Ex,CZ11,cDXHP,0,Each,1.0,499990.41934355197,2708875.1,850055.03,0,449066.39,202780.77,603792.26,0,0,603177.29,0,0,0.0,0,0,0,2696.5020477815697,0.0,0.0,2696.5020477815697,1,1,2026-06-10 17:41:22.494414
NE-HV_AirDist-SupFanMtr-cDXHP-2SpClgHtg-VFDPMMtr,None,SCn,Ex,CZ11,cDXHP,0,Each,1.0,499990.41934355197,2670950.06,850055.03,0,449066.39,205278.15,599628.51,0,0,566918.62,0,0,0.0,0,0,0,2696.5020477815697,0.0,0.0,2696.5020477815697,1,1,2026-06-10 17:41:22.494414
NE-HV_AirDist-SupFanMtr-cDXHP-2SpClgHtg-VFDStdMtr,None,SCn,Ex,CZ11,cDXHP,0,Each,1.0,499990.41934355197,2696645.6300000004,850055.03,0,449066.39,203612.91,602319.91,0,0,591588.03,0,0,0.0,0,0,0,2696.5020477815697,0.0,0.0,2696.5020477815697,1,1,2026-06-10 17:41:22.494414
NE-HV_AirDist-SupFanMtr-cDXHP-2SpClgHtg-VFDExMtr,None,SCn,Ex,CZ10,cDXHP,0,Each,1.0,499990.41934355197,2369453.28,850055.03,0,449066.39,79917.7,494009.73,0,0,496401.07,0,0,0.0,0,0,0,2629.674744027304,0.0,0.0,2629.674744027304,1,1,2026-06-10 17:41:22.494414
NE-HV_AirDist-SupFanMtr-cDXHP-2SpClgHtg-VFDPMMtr,None,SCn,Ex,CZ10,cDXHP,0,Each,1.0,499990.41934355197,2333886.23,850055.03,0,449066.39,81348.25,489585.75,0,0,463827.45,0,0,0.0,0,0,0,2629.674744027304,0.0,0.0,2629.674744027304,1,1,2026-06-10 17:41:22.494414
NE-HV_AirDist-SupFanMtr-cDXHP-2SpClgHtg-VFDStdMtr,None,SCn,Ex,CZ10,cDXHP,0,Each,1.0,499990.41934355197,2358492.63,850055.03,0,449066.39,80376.79,492526.25,0,0,486464.81,0,0,0.0,0,0,0,2629.674744027304,0.0,0.0,2629.674744027304,1,1,2026-06-10 17:41:22.494414
NE-HV_AirDist-SupFanMtr-cDXHP-2SpClgHtg-VFDExMtr,None,SCn,Ex,CZ09,cDXHP,0,Each,1.0,499990.41934355197,2301564.44,850055.03,0,449066.39,79659.85,426527.68,0,0,496252.13,0,0,0.0,0,0,0,2663.734129692833,0.0,0.0,2663.734129692833,1,1,2026-06-10 17:41:22.494414
NE-HV_AirDist-SupFanMtr-cDXHP-2SpClgHtg-VFDPMMtr,None,SCn,Ex,CZ09,cDXHP,0,Each,1.0,499990.41934355197,2265330.4,850055.03,0,449066.39,81102.14,422346.18,0,0,462757.3,0,0,0.0,0,0,0,2663.734129692833,0.0,0.0,2663.734129692833,1,1,2026-06-10 17:41:22.494414
NE-HV_AirDist-SupFanMtr-cDXHP-2SpClgHtg-VFDStdMtr,None,SCn,Ex,CZ09,cDXHP,0,Each,1.0,499990.41934355197,2290686.57,850055.03,0,449066.39,80122.89,425182.37,0,0,486256.53,0,0,0.0,0,0,0,2663.734129692833,0.0,0.0,2663.734129692833,1,1,2026-06-10 17:41:22.494414
NE-HV_AirDist-SupFanMtr-cDXHP-2SpClgHtg-VFDExMtr,None,SCn,Ex,CZ08,cDXHP,0,Each,1.0,499990.41934355197,2252432.4,850055.03,0,449066.39,64497.65,408932.68,0,0,479877.29,0,0,0.0,0,0,0,2644.6245733788396,0.0,0.0,2644.6245733788396,1,1,2026-06-10 17:41:22.494414
NE-HV_AirDist-SupFanMtr-cDXHP-2SpClgHtg-VFDPMMtr,None,SCn,Ex,CZ08,cDXHP,0,Each,1.0,499990.41934355197,2216727.73,850055.03,0,449066.39,65771.87,404632.57,0,0,447198.51,0,0,0.0,0,0,0,2644.6245733788396,0.0,0.0,2644.6245733788396,1,1,2026-06-10 17:41:22.494414
NE-HV_AirDist-SupFanMtr-cDXHP-2SpClgHtg-VFDStdMtr,None,SCn,Ex,CZ08,cDXHP,0,Each,1.0,499990.41934355197,2241636.09,850055.03,0,449066.39,64897.64,407516.96,0,0,470096.71,0,0,0.0,0,0,0,2644.6245733788396,0.0,0.0,2644.6245733788396,1,1,2026-06-10 17:41:22.494414
NE-HV_AirDist-SupFanMtr-cDXHP-2SpClgHtg-VFDExMtr,None,SCn,Ex,CZ07,cDXHP,0,Each,1.0,499990.41934355197,1947244.4700000002,850055.03,0,449066.39,55641.52,193581.92,0,0,398896.25,0,0,0.0,0,0,0,2700.547781569966,0.0,0.0,2700.547781569966,1,1,2026-06-10 17:41:22.494414
NE-HV_AirDist-SupFanMtr-cDXHP-2SpClgHtg-VFDPMMtr,None,SCn,Ex,CZ07,cDXHP,0,Each,1.0,499990.41934355197,1915893.03,850055.03,0,449066.39,56953.7,190354.12,0,0,369460.43,0,0,0.0,0,0,0,2700.547781569966,0.0,0.0,2700.547781569966,1,1,2026-06-10 17:41:22.494414
NE-HV_AirDist-SupFanMtr-cDXHP-2SpClgHtg-VFDStdMtr,None,SCn,Ex,CZ07,cDXHP,0,Each,1.0,499990.41934355197,1938365.3800000001,850055.03,0,449066.39,56068.95,192572.21,0,0,390599.44,0,0,0.0,0,0,0,2700.547781569966,0.0,0.0,2700.547781569966,1,1,2026-06-10 17:41:22.494414
NE-HV_AirDist-SupFanMtr-cDXHP-2SpClgHtg-VFDExMtr,None,SCn,Ex,CZ06,cDXHP,0,Each,1.0,499990.41934355197,1894689.0200000003,850055.03,0,449066.39,60885.3,160256.31,0,0,374422.63,0,0,0.0,0,0,0,2728.762457337884,0.0,0.0,2728.762457337884,1,1,2026-06-10 17:41:22.494414
NE-HV_AirDist-SupFanMtr-cDXHP-2SpClgHtg-VFDPMMtr,None,SCn,Ex,CZ06,cDXHP,0,Each,1.0,499990.41934355197,1864940.59,850055.03,0,449066.39,62260.11,157495.34,0,0,346060.36,0,0,0.0,0,0,0,2728.762457337884,0.0,0.0,2728.762457337884,1,1,2026-06-10 17:41:22.494414
NE-HV_AirDist-SupFanMtr-cDXHP-2SpClgHtg-VFDStdMtr,None,SCn,Ex,CZ06,cDXHP,0,Each,1.0,499990.41934355197,1886160.1500000001,850055.03,0,449066.39,61322.06,159373.45,0,0,366339.86,0,0,0.0,0,0,0,2728.762457337884,0.0,0.0,2728.762457337884,1,1,2026-06-10 17:41:22.494414
NE-HV_AirDist-SupFanMtr-cDXHP-2SpClgHtg-VFDExMtr,None,SCn,Ex,CZ05,cDXHP,0,Each,1.0,499990.41934355197,1950780.8100000003,850055.03,0,449066.39,154186.85,47026.39,0,0,450442.79,0,0,0.0,0,0,0,2962.681228668942,0.0,0.0,2962.681228668942,1,1,2026-06-10 17:41:22.494414
NE-HV_AirDist-SupFanMtr-cDXHP-2SpClgHtg-VFDPMMtr,None,SCn,Ex,CZ05,cDXHP,0,Each,1.0,499990.41934355197,1917950.1400000001,850055.03,0,449066.39,157197.08,45631.74,0,0,415996.54,0,0,0.0,0,0,0,2962.681228668942,0.0,0.0,2962.681228668942,1,1,2026-06-10 17:41:22.494414
NE-HV_AirDist-SupFanMtr-cDXHP-2SpClgHtg-VFDStdMtr,None,SCn,Ex,CZ05,cDXHP,0,Each,1.0,499990.41934355197,1941700.9400000002,850055.03,0,449066.39,155137.55,46613.63,0,0,440824.98,0,0,0.0,0,0,0,2962.681228668942,0.0,0.0,2962.681228668942,1,1,2026-06-10 17:41:22.494414
NE-HV_AirDist-SupFanMtr-cDXHP-2SpClgHtg-VFDExMtr,None,SCn,Ex,CZ04,cDXHP,0,Each,1.0,499990.41934355197,2475710.5100000002,850055.03,0,449066.39,187687.52,396494.47,0,0,592403.74,0,0,0.0,0,0,0,2865.1409556313993,0.0,0.0,2865.1409556313993,1,1,2026-06-10 17:41:22.494414
NE-HV_AirDist-SupFanMtr-cDXHP-2SpClgHtg-VFDPMMtr,None,SCn,Ex,CZ04,cDXHP,0,Each,1.0,499990.41934355197,2436261.09,850055.03,0,449066.39,190679.78,392551.85,0,0,553904.68,0,0,0.0,0,0,0,2865.1409556313993,0.0,0.0,2865.1409556313993,1,1,2026-06-10 17:41:22.494414
NE-HV_AirDist-SupFanMtr-cDXHP-2SpClgHtg-VFDStdMtr,None,SCn,Ex,CZ04,cDXHP,0,Each,1.0,499990.41934355197,2463878.5,850055.03,0,449066.39,188796.62,395243.5,0,0,580713.6,0,0,0.0,0,0,0,2865.1409556313993,0.0,0.0,2865.1409556313993,1,1,2026-06-10 17:41:22.494414
NE-HV_AirDist-SupFanMtr-cDXHP-2SpClgHtg-VFDExMtr,None,SCn,Ex,CZ03,cDXHP,0,Each,1.0,499990.41934355197,1946742.1600000001,850055.03,0,449066.39,171043.42,43356.01,0,0,433217.95,0,0,0.0,0,0,0,2949.0020477815697,0.0,0.0,2949.0020477815697,1,1,2026-06-10 17:41:22.494414
NE-HV_AirDist-SupFanMtr-cDXHP-2SpClgHtg-VFDPMMtr,None,SCn,Ex,CZ03,cDXHP,0,Each,1.0,499990.41934355197,1917075.8800000004,850055.03,0,449066.39,173861.78,42265.5,0,0,401823.82,0,0,0.0,0,0,0,2949.0020477815697,0.0,0.0,2949.0020477815697,1,1,2026-06-10 17:41:22.494414
NE-HV_AirDist-SupFanMtr-cDXHP-2SpClgHtg-VFDStdMtr,None,SCn,Ex,CZ03,cDXHP,0,Each,1.0,499990.41934355197,1938366.1,850055.03,0,449066.39,171991.97,43037.36,0,0,424211.99,0,0,0.0,0,0,0,2949.0020477815697,0.0,0.0,2949.0020477815697,1,1,2026-06-10 17:41:22.494414
NE-HV_AirDist-SupFanMtr-cDXHP-2SpClgHtg-VFDExMtr,None,SCn,Ex,CZ02,cDXHP,0,Each,1.0,499990.41934355197,2270284.25,850055.03,0,449066.39,224679.85,187942.09,0,0,558537.53,0,0,0.0,0,0,0,2981.970989761092,0.0,0.0,2981.970989761092,1,1,2026-06-10 17:41:22.494414
NE-HV_AirDist-SupFanMtr-cDXHP-2SpClgHtg-VFDPMMtr,None,SCn,Ex,CZ02,cDXHP,0,Each,1.0,499990.41934355197,2234478.1999999997,850055.03,0,449066.39,228220.89,185092.47,0,0,522040.06,0,0,0.0,0,0,0,2981.970989761092,0.0,0.0,2981.970989761092,1,1,2026-06-10 17:41:22.494414
NE-HV_AirDist-SupFanMtr-cDXHP-2SpClgHtg-VFDStdMtr,None,SCn,Ex,CZ02,cDXHP,0,Each,1.0,499990.41934355197,2259499.52,850055.03,0,449066.39,225793.14,187074.45,0,0,547507.15,0,0,0.0,0,0,0,2981.970989761092,0.0,0.0,2981.970989761092,1,1,2026-06-10 17:41:22.494414
NE-HV_AirDist-SupFanMtr-cDXHP-2SpClgHtg-VFDExMtr,None,SCn,Ex,CZ01,cDXHP,0,Each,1.0,499990.41934355197,2261509.0799999996,850055.03,0,449066.39,357089.19,793.63,0,0,604501.48,0,0,0.0,0,0,0,3182.172354948805,0.0,0.0,3182.172354948805,1,1,2026-06-10 17:41:22.494414
NE-HV_AirDist-SupFanMtr-cDXHP-2SpClgHtg-VFDPMMtr,None,SCn,Ex,CZ01,cDXHP,0,Each,1.0,499990.41934355197,2233389.79,850055.03,0,449066.39,362648.98,765.61,0,0,570850.42,0,0,0.0,0,0,0,3182.172354948805,0.0,0.0,3182.172354948805,1,1,2026-06-10 17:41:22.494414
NE-HV_AirDist-SupFanMtr-cDXHP-2SpClgHtg-VFDStdMtr,None,SCn,Ex,CZ01,cDXHP,0,Each,1.0,499990.41934355197,2252426.27,850055.03,0,449066.39,358973.06,783.11,0,0,593545.32,0,0,0.0,0,0,0,3182.172354948805,0.0,0.0,3182.172354948805,1,1,2026-06-10 17:41:22.494414
NE-HV_AirDist-SupFanMtr-cDXGF-2SpClgHtg-VFDExMtr,None,SCn,Ex,CZ16,cDXGF,0,Each,1.0,499990.41934355197,2184067.26,850055.03,0,449066.39,0.0,156119.87,0,0,728822.61,0,0,0.0,0,0,0,76461.32286689419,0.0,73346.42218430033,3114.9006825938563,1,1,2026-06-10 17:41:22.494414
NE-HV_AirDist-SupFanMtr-cDXGF-2SpClgHtg-VFDPMMtr,None,SCn,Ex,CZ16,cDXGF,0,Each,1.0,499990.41934355197,2138425.07,850055.03,0,449066.39,0.0,153551.99,0,0,685748.3,0,0,0.0,0,0,0,77407.0928327645,0.0,74292.19215017065,3114.9006825938563,1,1,2026-06-10 17:41:22.494414
NE-HV_AirDist-SupFanMtr-cDXGF-2SpClgHtg-VFDStdMtr,None,SCn,Ex,CZ16,cDXGF,0,Each,1.0,499990.41934355197,2169421.73,850055.03,0,449066.39,0.0,155264.7,0,0,715032.25,0,0,0.0,0,0,0,76754.67986348121,0.0,73639.77918088736,3114.9006825938563,1,1,2026-06-10 17:41:22.494414
NE-HV_AirDist-SupFanMtr-cDXGF-2SpClgHtg-VFDExMtr,None,SCn,Ex,CZ15,cDXGF,0,Each,1.0,499990.41934355197,3234492.3000000003,850055.03,0,449066.39,0.0,1212777.78,0,0,722589.74,0,0,0.0,0,0,0,10867.715358361775,0.0,8639.769624573379,2227.945733788396,1,1,2026-06-10 17:41:22.494414
NE-HV_AirDist-SupFanMtr-cDXGF-2SpClgHtg-VFDPMMtr,None,SCn,Ex,CZ15,cDXGF,0,Each,1.0,499990.41934355197,3187358.56,850055.03,0,449066.39,0.0,1205271.25,0,0,682962.53,0,0,0.0,0,0,0,11101.76109215017,0.0,8873.815358361775,2227.945733788396,1,1,2026-06-10 17:41:22.494414
NE-HV_AirDist-SupFanMtr-cDXGF-2SpClgHtg-VFDStdMtr,None,SCn,Ex,CZ15,cDXGF,0,Each,1.0,499990.41934355197,3219385.53,850055.03,0,449066.39,0.0,1210251.16,0,0,710009.59,0,0,0.0,0,0,0,10939.164505119454,0.0,8711.218771331058,2227.945733788396,1,1,2026-06-10 17:41:22.494414
NE-HV_AirDist-SupFanMtr-cDXGF-2SpClgHtg-VFDExMtr,None,SCn,Ex,CZ14,cDXGF,0,Each,1.0,499990.41934355197,2560263.18,850055.03,0,449066.39,0.0,600209.1,0,0,660929.3,0,0,0.0,0,0,0,41469.46791808873,0.0,38752.035153583616,2717.4327645051194,1,1,2026-06-10 17:41:22.494414
NE-HV_AirDist-SupFanMtr-cDXGF-2SpClgHtg-VFDPMMtr,None,SCn,Ex,CZ14,cDXGF,0,Each,1.0,499990.41934355197,2515329.9699999997,850055.03,0,449066.39,0.0,595426.36,0,0,620778.83,0,0,0.0,0,0,0,42053.56655290102,0.0,39336.133788395906,2717.4327645051194,1,1,2026-06-10 17:41:22.494414
NE-HV_AirDist-SupFanMtr-cDXGF-2SpClgHtg-VFDStdMtr,None,SCn,Ex,CZ14,cDXGF,0,Each,1.0,499990.41934355197,2546188.93,850055.03,0,449066.39,0.0,598621.65,0,0,648442.5,0,0,0.0,0,0,0,41665.14470989761,0.0,38947.71194539249,2717.4327645051194,1,1,2026-06-10 17:41:22.494414
NE-HV_AirDist-SupFanMtr-cDXGF-2SpClgHtg-VFDExMtr,None,SCn,Ex,CZ13,cDXGF,0,Each,1.0,499990.41934355197,2569219.2,850055.03,0,449066.39,0.0,643473.5,0,0,626620.92,0,0,0.0,0,0,0,42656.680887372015,0.0,40014.81262798635,2641.8682593856656,1,1,2026-06-10 17:41:22.494414
NE-HV_AirDist-SupFanMtr-cDXGF-2SpClgHtg-VFDPMMtr,None,SCn,Ex,CZ13,cDXGF,0,Each,1.0,499990.41934355197,2528853.3,850055.03,0,449066.39,0.0,639193.17,0,0,590535.35,0,0,0.0,0,0,0,43178.74880546075,0.0,40536.88054607509,2641.8682593856656,1,1,2026-06-10 17:41:22.494414
NE-HV_AirDist-SupFanMtr-cDXGF-2SpClgHtg-VFDStdMtr,None,SCn,Ex,CZ13,cDXGF,0,Each,1.0,499990.41934355197,2556392.18,850055.03,0,449066.39,0.0,642024.27,0,0,615243.13,0,0,0.0,0,0,0,42831.8819112628,0.0,40190.01365187713,2641.8682593856656,1,1,2026-06-10 17:41:22.494414
NE-HV_AirDist-SupFanMtr-cDXGF-2SpClgHtg-VFDExMtr,None,SCn,Ex,CZ12,cDXGF,0,Each,1.0,499990.41934355197,2271133.81,850055.03,0,449066.39,0.0,379914.24,0,0,592094.79,0,0,0.0,0,0,0,48974.06860068259,0.0,46151.576450511944,2822.4921501706485,1,1,2026-06-10 17:41:22.494414
NE-HV_AirDist-SupFanMtr-cDXGF-2SpClgHtg-VFDPMMtr,None,SCn,Ex,CZ12,cDXGF,0,Each,1.0,499990.41934355197,2230938.94,850055.03,0,449066.39,0.0,376340.24,0,0,555473.92,0,0,0.0,0,0,0,49605.83924914676,0.0,46783.34709897611,2822.4921501706485,1,1,2026-06-10 17:41:22.494414
NE-HV_AirDist-SupFanMtr-cDXGF-2SpClgHtg-VFDStdMtr,None,SCn,Ex,CZ12,cDXGF,0,Each,1.0,499990.41934355197,2258619.26,850055.03,0,449066.39,0.0,378753.65,0,0,580740.83,0,0,0.0,0,0,0,49182.215017064846,0.0,46359.72286689419,2822.4921501706485,1,1,2026-06-10 17:41:22.494414
NE-HV_AirDist-SupFanMtr-cDXGF-2SpClgHtg-VFDExMtr,None,SCn,Ex,CZ11,cDXGF,0,Each,1.0,499990.41934355197,2511482.78,850055.03,0,449066.39,0.0,591043.08,0,0,621314.92,0,0,0.0,0,0,0,48733.6795221843,0.0,46037.17747440273,2696.5020477815697,1,1,2026-06-10 17:41:22.494414
NE-HV_AirDist-SupFanMtr-cDXGF-2SpClgHtg-VFDPMMtr,None,SCn,Ex,CZ11,cDXGF,0,Each,1.0,499990.41934355197,2472190.32,850055.03,0,449066.39,0.0,587001.23,0,0,586064.31,0,0,0.0,0,0,0,49326.68737201365,0.0,46630.18532423208,2696.5020477815697,1,1,2026-06-10 17:41:22.494414
NE-HV_AirDist-SupFanMtr-cDXGF-2SpClgHtg-VFDStdMtr,None,SCn,Ex,CZ11,cDXGF,0,Each,1.0,499990.41934355197,2499002.35,850055.03,0,449066.39,0.0,589707.01,0,0,610170.56,0,0,0.0,0,0,0,48932.98668941979,0.0,46236.48464163822,2696.5020477815697,1,1,2026-06-10 17:41:22.494414
NE-HV_AirDist-SupFanMtr-cDXGF-2SpClgHtg-VFDExMtr,None,SCn,Ex,CZ10,cDXGF,0,Each,1.0,499990.41934355197,2290512.25,850055.03,0,449066.39,0.0,487306.3,0,0,504081.17,0,0,0.0,0,0,0,21250.12969283276,0.0,18620.454948805458,2629.674744027304,1,1,2026-06-10 17:41:22.494414
NE-HV_AirDist-SupFanMtr-cDXGF-2SpClgHtg-VFDPMMtr,None,SCn,Ex,CZ10,cDXGF,0,Each,1.0,499990.41934355197,2253545.17,850055.03,0,449066.39,0.0,482828.91,0,0,471591.48,0,0,0.0,0,0,0,21587.83993174061,0.0,18958.165187713308,2629.674744027304,1,1,2026-06-10 17:41:22.494414
NE-HV_AirDist-SupFanMtr-cDXGF-2SpClgHtg-VFDStdMtr,None,SCn,Ex,CZ10,cDXGF,0,Each,1.0,499990.41934355197,2279279.25,850055.03,0,449066.39,0.0,485857.17,0,0,494297.3,0,0,0.0,0,0,0,21358.812627986346,0.0,18729.137883959043,2629.674744027304,1,1,2026-06-10 17:41:22.494414
NE-HV_AirDist-SupFanMtr-cDXGF-2SpClgHtg-VFDExMtr,None,SCn,Ex,CZ09,cDXGF,0,Each,1.0,499990.41934355197,2220830.28,850055.03,0,449066.39,0.0,421800.28,0,0,499905.22,0,0,0.0,0,0,0,21239.786006825936,0.0,18576.051877133104,2663.734129692833,1,1,2026-06-10 17:41:22.494414
NE-HV_AirDist-SupFanMtr-cDXGF-2SpClgHtg-VFDPMMtr,None,SCn,Ex,CZ09,cDXGF,0,Each,1.0,499990.41934355197,2183341.05,850055.03,0,449066.39,0.0,417584.91,0,0,466631.36,0,0,0.0,0,0,0,21579.398976109216,0.0,18915.66484641638,2663.734129692833,1,1,2026-06-10 17:41:22.494414
NE-HV_AirDist-SupFanMtr-cDXGF-2SpClgHtg-VFDStdMtr,None,SCn,Ex,CZ09,cDXGF,0,Each,1.0,499990.41934355197,2209603.7399999998,850055.03,0,449066.39,0.0,420448.45,0,0,490030.51,0,0,0.0,0,0,0,21348.701023890786,0.0,18684.966894197954,2663.734129692833,1,1,2026-06-10 17:41:22.494414
NE-HV_AirDist-SupFanMtr-cDXGF-2SpClgHtg-VFDExMtr,None,SCn,Ex,CZ08,cDXGF,0,Each,1.0,499990.41934355197,2194329.34,850055.03,0,449066.39,0.0,411485.01,0,0,483719.55,0,0,0.0,0,0,0,17768.24914675768,0.0,15123.62457337884,2644.6245733788396,1,1,2026-06-10 17:41:22.494414
NE-HV_AirDist-SupFanMtr-cDXGF-2SpClgHtg-VFDPMMtr,None,SCn,Ex,CZ08,cDXGF,0,Each,1.0,499990.41934355197,2157443.96,850055.03,0,449066.39,0.0,407198.06,0,0,451121.12,0,0,0.0,0,0,0,18067.934129692832,0.0,15423.309556313992,2644.6245733788396,1,1,2026-06-10 17:41:22.494414
NE-HV_AirDist-SupFanMtr-cDXGF-2SpClgHtg-VFDStdMtr,None,SCn,Ex,CZ08,cDXGF,0,Each,1.0,499990.41934355197,2183254.46,850055.03,0,449066.39,0.0,410091.81,0,0,474037.87,0,0,0.0,0,0,0,17861.686348122865,0.0,15217.061774744026,2644.6245733788396,1,1,2026-06-10 17:41:22.494414
NE-HV_AirDist-SupFanMtr-cDXGF-2SpClgHtg-VFDExMtr,None,SCn,Ex,CZ07,cDXGF,0,Each,1.0,499990.41934355197,1897650.6199999999,850055.03,0,449066.39,0.0,199095.71,0,0,399430.13,0,0,0.0,0,0,0,15823.222525597268,0.0,13122.674744027303,2700.547781569966,1,1,2026-06-10 17:41:22.494414
NE-HV_AirDist-SupFanMtr-cDXGF-2SpClgHtg-VFDPMMtr,None,SCn,Ex,CZ07,cDXGF,0,Each,1.0,499990.41934355197,1864779.34,850055.03,0,449066.39,0.0,195722.39,0,0,369932.17,0,0,0.0,0,0,0,16133.876450511945,0.0,13433.32866894198,2700.547781569966,1,1,2026-06-10 17:41:22.494414
NE-HV_AirDist-SupFanMtr-cDXGF-2SpClgHtg-VFDStdMtr,None,SCn,Ex,CZ07,cDXGF,0,Each,1.0,499990.41934355197,1888317.99,850055.03,0,449066.39,0.0,198043.98,0,0,391149.23,0,0,0.0,0,0,0,15924.05529010239,0.0,13223.507508532424,2700.547781569966,1,1,2026-06-10 17:41:22.494414
NE-HV_AirDist-SupFanMtr-cDXGF-2SpClgHtg-VFDExMtr,None,SCn,Ex,CZ06,cDXGF,0,Each,1.0,499990.41934355197,1841171.76,850055.03,0,449066.39,0.0,166989.71,0,0,375057.27,0,0,0.0,0,0,0,17181.95699658703,0.0,14453.194539249145,2728.762457337884,1,1,2026-06-10 17:41:22.494414
NE-HV_AirDist-SupFanMtr-cDXGF-2SpClgHtg-VFDPMMtr,None,SCn,Ex,CZ06,cDXGF,0,Each,1.0,499990.41934355197,1809735.9800000002,850055.03,0,449066.39,0.0,164158.3,0,0,346452.9,0,0,0.0,0,0,0,17506.569965870305,0.0,14777.807508532424,2728.762457337884,1,1,2026-06-10 17:41:22.494414
NE-HV_AirDist-SupFanMtr-cDXGF-2SpClgHtg-VFDStdMtr,None,SCn,Ex,CZ06,cDXGF,0,Each,1.0,499990.41934355197,1832111.9100000001,850055.03,0,449066.39,0.0,166088.82,0,0,366898.31,0,0,0.0,0,0,0,17286.434812286687,0.0,14557.672354948805,2728.762457337884,1,1,2026-06-10 17:41:22.494414
NE-HV_AirDist-SupFanMtr-cDXGF-2SpClgHtg-VFDExMtr,None,SCn,Ex,CZ05,cDXGF,0,Each,1.0,499990.41934355197,1794964.09,850055.03,0,449066.39,0.0,45702.96,0,0,450136.35,0,0,0.0,0,0,0,38323.89180887372,0.0,35361.21058020477,2962.681228668942,1,1,2026-06-10 17:41:22.494414
NE-HV_AirDist-SupFanMtr-cDXGF-2SpClgHtg-VFDPMMtr,None,SCn,Ex,CZ05,cDXGF,0,Each,1.0,499990.41934355197,1759146.7000000004,850055.03,0,449066.39,0.0,44349.03,0,0,415672.89,0,0,0.0,0,0,0,39025.1361774744,0.0,36062.454948805454,2962.681228668942,1,1,2026-06-10 17:41:22.494414
NE-HV_AirDist-SupFanMtr-cDXGF-2SpClgHtg-VFDStdMtr,None,SCn,Ex,CZ05,cDXGF,0,Each,1.0,499990.41934355197,1784930.6500000001,850055.03,0,449066.39,0.0,45302.56,0,0,440503.31,0,0,0.0,0,0,0,38546.470648464165,0.0,35583.78941979522,2962.681228668942,1,1,2026-06-10 17:41:22.494414
NE-HV_AirDist-SupFanMtr-cDXGF-2SpClgHtg-VFDExMtr,None,SCn,Ex,CZ04,cDXGF,0,Each,1.0,499990.41934355197,2276198.77,850055.03,0,449066.39,0.0,381844.65,0,0,595229.34,0,0,0.0,0,0,0,44257.48805460751,0.0,41392.34709897611,2865.1409556313993,1,1,2026-06-10 17:41:22.494414
NE-HV_AirDist-SupFanMtr-cDXGF-2SpClgHtg-VFDPMMtr,None,SCn,Ex,CZ04,cDXGF,0,Each,1.0,499990.41934355197,2233731.9699999997,850055.03,0,449066.39,0.0,377980.86,0,0,556626.33,0,0,0.0,0,0,0,44954.71160409556,0.0,42089.57064846416,2865.1409556313993,1,1,2026-06-10 17:41:22.494414
NE-HV_AirDist-SupFanMtr-cDXGF-2SpClgHtg-VFDStdMtr,None,SCn,Ex,CZ04,cDXGF,0,Each,1.0,499990.41934355197,2263260.92,850055.03,0,449066.39,0.0,380617.47,0,0,583518.67,0,0,0.0,0,0,0,44516.43549488055,0.0,41651.294539249146,2865.1409556313993,1,1,2026-06-10 17:41:22.494414
NE-HV_AirDist-SupFanMtr-cDXGF-2SpClgHtg-VFDExMtr,None,SCn,Ex,CZ03,cDXGF,0,Each,1.0,499990.41934355197,1774314.1900000002,850055.03,0,449066.39,0.0,42049.07,0,0,433140.34,0,0,0.0,0,0,0,42784.30819112628,0.0,39835.30614334471,2949.0020477815697,1,1,2026-06-10 17:41:22.494414
NE-HV_AirDist-SupFanMtr-cDXGF-2SpClgHtg-VFDPMMtr,None,SCn,Ex,CZ03,cDXGF,0,Each,1.0,499990.41934355197,1741885.7100000002,850055.03,0,449066.39,0.0,40994.35,0,0,401766.58,0,0,0.0,0,0,0,43450.20511945392,0.0,40501.20307167235,2949.0020477815697,1,1,2026-06-10 17:41:22.494414
NE-HV_AirDist-SupFanMtr-cDXGF-2SpClgHtg-VFDStdMtr,None,SCn,Ex,CZ03,cDXGF,0,Each,1.0,499990.41934355197,1765002.82,850055.03,0,449066.39,0.0,41741.29,0,0,424136.75,0,0,0.0,0,0,0,43009.212969283275,0.0,40060.210921501704,2949.0020477815697,1,1,2026-06-10 17:41:22.494414
NE-HV_AirDist-SupFanMtr-cDXGF-2SpClgHtg-VFDExMtr,None,SCn,Ex,CZ02,cDXGF,0,Each,1.0,499990.41934355197,2037333.4900000002,850055.03,0,449066.39,0.0,180677.67,0,0,557531.04,0,0,0.0,0,0,0,53291.45802047781,0.0,50309.48703071672,2981.970989761092,1,1,2026-06-10 17:41:22.494414
NE-HV_AirDist-SupFanMtr-cDXGF-2SpClgHtg-VFDPMMtr,None,SCn,Ex,CZ02,cDXGF,0,Each,1.0,499990.41934355197,1998035.0400000003,850055.03,0,449066.39,0.0,177971.51,0,0,520938.75,0,0,0.0,0,0,0,54111.21979522184,0.0,51129.24880546075,2981.970989761092,1,1,2026-06-10 17:41:22.494414
NE-HV_AirDist-SupFanMtr-cDXGF-2SpClgHtg-VFDStdMtr,None,SCn,Ex,CZ02,cDXGF,0,Each,1.0,499990.41934355197,2025434.79,850055.03,0,449066.39,0.0,179855.73,0,0,546454.28,0,0,0.0,0,0,0,53549.37747440273,0.0,50567.40648464164,2981.970989761092,1,1,2026-06-10 17:41:22.494414
NE-HV_AirDist-SupFanMtr-cDXGF-2SpClgHtg-VFDExMtr,None,SCn,Ex,CZ01,cDXGF,0,Each,1.0,499990.41934355197,1903702.7900000003,850055.03,0,449066.39,0.0,827.42,0,0,603750.59,0,0,0.0,0,0,0,84366.69590443686,0.0,81184.52354948805,3182.172354948805,1,1,2026-06-10 17:41:22.494414
NE-HV_AirDist-SupFanMtr-cDXGF-2SpClgHtg-VFDPMMtr,None,SCn,Ex,CZ01,cDXGF,0,Each,1.0,499990.41934355197,1869943.9600000002,850055.03,0,449066.39,0.0,800.25,0,0,570018.93,0,0,0.0,0,0,0,85658.68088737201,0.0,82476.5085324232,3182.172354948805,1,1,2026-06-10 17:41:22.494414
NE-HV_AirDist-SupFanMtr-cDXGF-2SpClgHtg-VFDStdMtr,None,SCn,Ex,CZ01,cDXGF,0,Each,1.0,499990.41934355197,1892745.1700000002,850055.03,0,449066.39,0.0,817.15,0,0,592803.24,0,0,0.0,0,0,0,84805.3061433447,0.0,81623.13378839589,3182.172354948805,1,1,2026-06-10 17:41:22.494414
NE-HV_AirDist-SupFanMtr-cDXOH-2SpClgHtg-VFDExMtr,None,RtS,Ex,CZ16,cDXOH,0,Each,1.0,16002.597952576001,101900.45,44599.63,0,24440.79,0.0,7986.78,0,0,24869.89,0,0,0.0,0,0,0,561.1853242320819,0.0,0.0,561.1853242320819,1,1,2026-06-10 17:41:22.494414
NE-HV_AirDist-SupFanMtr-cDXOH-2SpClgHtg-VFDPMMtr,None,RtS,Ex,CZ16,cDXOH,0,Each,1.0,16002.597952576001,101191.29000000001,44599.63,0,24440.79,0.0,7916.27,0,0,24231.24,0,0,0.0,0,0,0,561.1853242320819,0.0,0.0,561.1853242320819,1,1,2026-06-10 17:41:22.494414
NE-HV_AirDist-SupFanMtr-cDXOH-2SpClgHtg-VFDStdMtr,None,RtS,Ex,CZ16,cDXOH,0,Each,1.0,16002.597952576001,101711.02,44599.63,0,24440.79,0.0,7962.63,0,0,24704.61,0,0,0.0,0,0,0,561.1853242320819,0.0,0.0,561.1853242320819,1,1,2026-06-10 17:41:22.494414
NE-HV_AirDist-SupFanMtr-cDXOH-2SpClgHtg-VFDExMtr,None,RtS,Ex,CZ15,cDXOH,0,Each,1.0,16002.597952576001,136129.90999999997,44599.63,0,24440.79,0.0,45825.21,0,0,21260.92,0,0,0.0,0,0,0,453.58941979522183,0.0,0.0,453.58941979522183,1,1,2026-06-10 17:41:22.494414
NE-HV_AirDist-SupFanMtr-cDXOH-2SpClgHtg-VFDPMMtr,None,RtS,Ex,CZ15,cDXOH,0,Each,1.0,16002.597952576001,134898.88999999998,44599.63,0,24440.79,0.0,45609.76,0,0,20245.35,0,0,0.0,0,0,0,453.58941979522183,0.0,0.0,453.58941979522183,1,1,2026-06-10 17:41:22.494414
NE-HV_AirDist-SupFanMtr-cDXOH-2SpClgHtg-VFDStdMtr,None,RtS,Ex,CZ15,cDXOH,0,Each,1.0,16002.597952576001,135720.69999999998,44599.63,0,24440.79,0.0,45750.48,0,0,20926.44,0,0,0.0,0,0,0,453.58941979522183,0.0,0.0,453.58941979522183,1,1,2026-06-10 17:41:22.494414
NE-HV_AirDist-SupFanMtr-cDXOH-2SpClgHtg-VFDExMtr,None,RtS,Ex,CZ14,cDXOH,0,Each,1.0,16002.597952576001,113429.07,44599.63,0,24440.79,0.0,23770.34,0,0,20614.95,0,0,0.0,0,0,0,512.9856655290102,0.0,0.0,512.9856655290102,1,1,2026-06-10 17:41:22.494414
NE-HV_AirDist-SupFanMtr-cDXOH-2SpClgHtg-VFDPMMtr,None,RtS,Ex,CZ14,cDXOH,0,Each,1.0,16002.597952576001,112514.14,44599.63,0,24440.79,0.0,23645.51,0,0,19824.85,0,0,0.0,0,0,0,512.9856655290102,0.0,0.0,512.9856655290102,1,1,2026-06-10 17:41:22.494414
NE-HV_AirDist-SupFanMtr-cDXOH-2SpClgHtg-VFDStdMtr,None,RtS,Ex,CZ14,cDXOH,0,Each,1.0,16002.597952576001,113143.68,44599.63,0,24440.79,0.0,23727.28,0,0,20372.62,0,0,0.0,0,0,0,512.9856655290102,0.0,0.0,512.9856655290102,1,1,2026-06-10 17:41:22.494414
NE-HV_AirDist-SupFanMtr-cDXOH-2SpClgHtg-VFDExMtr,None,RtS,Ex,CZ13,cDXOH,0,Each,1.0,16002.597952576001,116683.96999999999,44599.63,0,24440.79,0.0,25582.44,0,0,22057.75,0,0,0.0,0,0,0,503.798976109215,0.0,0.0,503.798976109215,1,1,2026-06-10 17:41:22.494414
NE-HV_AirDist-SupFanMtr-cDXOH-2SpClgHtg-VFDPMMtr,None,RtS,Ex,CZ13,cDXOH,0,Each,1.0,16002.597952576001,115778.48,44599.63,0,24440.79,0.0,25451.8,0,0,21282.9,0,0,0.0,0,0,0,503.798976109215,0.0,0.0,503.798976109215,1,1,2026-06-10 17:41:22.494414
NE-HV_AirDist-SupFanMtr-cDXOH-2SpClgHtg-VFDStdMtr,None,RtS,Ex,CZ13,cDXOH,0,Each,1.0,16002.597952576001,116403.4,44599.63,0,24440.79,0.0,25537.28,0,0,21822.34,0,0,0.0,0,0,0,503.798976109215,0.0,0.0,503.798976109215,1,1,2026-06-10 17:41:22.494414
NE-HV_AirDist-SupFanMtr-cDXOH-2SpClgHtg-VFDExMtr,None,RtS,Ex,CZ12,cDXOH,0,Each,1.0,16002.597952576001,106256.36,44599.63,0,24440.79,0.0,16776.27,0,0,20436.31,0,0,0.0,0,0,0,525.6703071672355,0.0,0.0,525.6703071672355,1,1,2026-06-10 17:41:22.494414
NE-HV_AirDist-SupFanMtr-cDXOH-2SpClgHtg-VFDPMMtr,None,RtS,Ex,CZ12,cDXOH,0,Each,1.0,16002.597952576001,105469.62,44599.63,0,24440.79,0.0,16676.47,0,0,19749.37,0,0,0.0,0,0,0,525.6703071672355,0.0,0.0,525.6703071672355,1,1,2026-06-10 17:41:22.494414
NE-HV_AirDist-SupFanMtr-cDXOH-2SpClgHtg-VFDStdMtr,None,RtS,Ex,CZ12,cDXOH,0,Each,1.0,16002.597952576001,106020.32999999999,44599.63,0,24440.79,0.0,16741.88,0,0,20234.67,0,0,0.0,0,0,0,525.6703071672355,0.0,0.0,525.6703071672355,1,1,2026-06-10 17:41:22.494414
NE-HV_AirDist-SupFanMtr-cDXOH-2SpClgHtg-VFDExMtr,None,RtS,Ex,CZ11,cDXOH,0,Each,1.0,16002.597952576001,115944.99,44599.63,0,24440.79,0.0,24325.9,0,0,22575.31,0,0,0.0,0,0,0,510.42184300341296,0.0,0.0,510.42184300341296,1,1,2026-06-10 17:41:22.494414
NE-HV_AirDist-SupFanMtr-cDXOH-2SpClgHtg-VFDPMMtr,None,RtS,Ex,CZ11,cDXOH,0,Each,1.0,16002.597952576001,115081.18000000001,44599.63,0,24440.79,0.0,24202.5,0,0,21834.9,0,0,0.0,0,0,0,510.42184300341296,0.0,0.0,510.42184300341296,1,1,2026-06-10 17:41:22.494414
NE-HV_AirDist-SupFanMtr-cDXOH-2SpClgHtg-VFDStdMtr,None,RtS,Ex,CZ11,cDXOH,0,Each,1.0,16002.597952576001,115678.86,44599.63,0,24440.79,0.0,24283.27,0,0,22351.81,0,0,0.0,0,0,0,510.42184300341296,0.0,0.0,510.42184300341296,1,1,2026-06-10 17:41:22.494414
NE-HV_AirDist-SupFanMtr-cDXOH-2SpClgHtg-VFDExMtr,None,RtS,Ex,CZ10,cDXOH,0,Each,1.0,16002.597952576001,111233.04000000001,44599.63,0,24440.79,0.0,23384.31,0,0,18804.95,0,0,0.0,0,0,0,502.2443686006826,0.0,0.0,502.2443686006826,1,1,2026-06-10 17:41:22.494414
NE-HV_AirDist-SupFanMtr-cDXOH-2SpClgHtg-VFDPMMtr,None,RtS,Ex,CZ10,cDXOH,0,Each,1.0,16002.597952576001,110146.06000000001,44599.63,0,24440.79,0.0,23238.74,0,0,17863.54,0,0,0.0,0,0,0,502.2443686006826,0.0,0.0,502.2443686006826,1,1,2026-06-10 17:41:22.494414
NE-HV_AirDist-SupFanMtr-cDXOH-2SpClgHtg-VFDStdMtr,None,RtS,Ex,CZ10,cDXOH,0,Each,1.0,16002.597952576001,110907.12999999999,44599.63,0,24440.79,0.0,23334.76,0,0,18528.59,0,0,0.0,0,0,0,502.2443686006826,0.0,0.0,502.2443686006826,1,1,2026-06-10 17:41:22.494414
NE-HV_AirDist-SupFanMtr-cDXOH-2SpClgHtg-VFDExMtr,None,RtS,Ex,CZ09,cDXOH,0,Each,1.0,16002.597952576001,107240.79,44599.63,0,24440.79,0.0,20387.78,0,0,17809.23,0,0,0.0,0,0,0,506.35221843003416,0.0,0.0,506.35221843003416,1,1,2026-06-10 17:41:22.494414
NE-HV_AirDist-SupFanMtr-cDXOH-2SpClgHtg-VFDPMMtr,None,RtS,Ex,CZ09,cDXOH,0,Each,1.0,16002.597952576001,106194.38,44599.63,0,24440.79,0.0,20256.55,0,0,16894.05,0,0,0.0,0,0,0,506.35221843003416,0.0,0.0,506.35221843003416,1,1,2026-06-10 17:41:22.494414
NE-HV_AirDist-SupFanMtr-cDXOH-2SpClgHtg-VFDStdMtr,None,RtS,Ex,CZ09,cDXOH,0,Each,1.0,16002.597952576001,106909.5,44599.63,0,24440.79,0.0,20342.89,0,0,17522.83,0,0,0.0,0,0,0,506.3518771331058,0.0,0.0,506.3518771331058,1,1,2026-06-10 17:41:22.494414
NE-HV_AirDist-SupFanMtr-cDXOH-2SpClgHtg-VFDExMtr,None,RtS,Ex,CZ08,cDXOH,0,Each,1.0,16002.597952576001,105802.97,44599.63,0,24440.79,0.0,19957.02,0,0,16802.17,0,0,0.0,0,0,0,504.0354948805461,0.0,0.0,504.0354948805461,1,1,2026-06-10 17:41:22.494414
NE-HV_AirDist-SupFanMtr-cDXOH-2SpClgHtg-VFDPMMtr,None,RtS,Ex,CZ08,cDXOH,0,Each,1.0,16002.597952576001,104800.91000000002,44599.63,0,24440.79,0.0,19823.31,0,0,15933.82,0,0,0.0,0,0,0,504.0351535836177,0.0,0.0,504.0351535836177,1,1,2026-06-10 17:41:22.494414
NE-HV_AirDist-SupFanMtr-cDXOH-2SpClgHtg-VFDStdMtr,None,RtS,Ex,CZ08,cDXOH,0,Each,1.0,16002.597952576001,105494.95999999999,44599.63,0,24440.79,0.0,19911.26,0,0,16539.92,0,0,0.0,0,0,0,504.0358361774744,0.0,0.0,504.0358361774744,1,1,2026-06-10 17:41:22.494414
NE-HV_AirDist-SupFanMtr-cDXOH-2SpClgHtg-VFDExMtr,None,RtS,Ex,CZ07,cDXOH,0,Each,1.0,16002.597952576001,96173.5,44599.63,0,24440.79,0.0,12529.77,0,0,14599.95,0,0,0.0,0,0,0,510.8126279863481,0.0,0.0,510.8126279863481,1,1,2026-06-10 17:41:22.494414
NE-HV_AirDist-SupFanMtr-cDXOH-2SpClgHtg-VFDPMMtr,None,RtS,Ex,CZ07,cDXOH,0,Each,1.0,16002.597952576001,95245.23000000001,44599.63,0,24440.79,0.0,12419.59,0,0,13781.86,0,0,0.0,0,0,0,510.8129692832764,0.0,0.0,510.8129692832764,1,1,2026-06-10 17:41:22.494414
NE-HV_AirDist-SupFanMtr-cDXOH-2SpClgHtg-VFDStdMtr,None,RtS,Ex,CZ07,cDXOH,0,Each,1.0,16002.597952576001,95891.93999999999,44599.63,0,24440.79,0.0,12492.26,0,0,14355.9,0,0,0.0,0,0,0,510.8129692832764,0.0,0.0,510.8129692832764,1,1,2026-06-10 17:41:22.494414
NE-HV_AirDist-SupFanMtr-cDXOH-2SpClgHtg-VFDExMtr,None,RtS,Ex,CZ06,cDXOH,0,Each,1.0,16002.597952576001,95646.14,44599.63,0,24440.79,0.0,11975.45,0,0,14626.91,0,0,0.0,0,0,0,514.2221843003413,0.0,0.0,514.2221843003413,1,1,2026-06-10 17:41:22.494414
NE-HV_AirDist-SupFanMtr-cDXOH-2SpClgHtg-VFDPMMtr,None,RtS,Ex,CZ06,cDXOH,0,Each,1.0,16002.597952576001,94717.81,44599.63,0,24440.79,0.0,11859.67,0,0,13814.36,0,0,0.0,0,0,0,514.2221843003413,0.0,0.0,514.2221843003413,1,1,2026-06-10 17:41:22.494414
NE-HV_AirDist-SupFanMtr-cDXOH-2SpClgHtg-VFDStdMtr,None,RtS,Ex,CZ06,cDXOH,0,Each,1.0,16002.597952576001,95359.34,44599.63,0,24440.79,0.0,11935.76,0,0,14379.8,0,0,0.0,0,0,0,514.2221843003413,0.0,0.0,514.2221843003413,1,1,2026-06-10 17:41:22.494414
NE-HV_AirDist-SupFanMtr-cDXOH-2SpClgHtg-VFDExMtr,None,RtS,Ex,CZ05,cDXOH,0,Each,1.0,16002.597952576001,90441.36,44599.63,0,24440.79,0.0,5526.27,0,0,15871.31,0,0,0.0,0,0,0,542.633447098976,0.0,0.0,542.633447098976,1,1,2026-06-10 17:41:22.494414
NE-HV_AirDist-SupFanMtr-cDXOH-2SpClgHtg-VFDPMMtr,None,RtS,Ex,CZ05,cDXOH,0,Each,1.0,16002.597952576001,89692.99,44599.63,0,24440.79,0.0,5459.46,0,0,15189.75,0,0,0.0,0,0,0,542.6337883959044,0.0,0.0,542.6337883959044,1,1,2026-06-10 17:41:22.494414
NE-HV_AirDist-SupFanMtr-cDXOH-2SpClgHtg-VFDStdMtr,None,RtS,Ex,CZ05,cDXOH,0,Each,1.0,16002.597952576001,90222.93000000001,44599.63,0,24440.79,0.0,5503.91,0,0,15675.24,0,0,0.0,0,0,0,542.633447098976,0.0,0.0,542.633447098976,1,1,2026-06-10 17:41:22.494414
NE-HV_AirDist-SupFanMtr-cDXOH-2SpClgHtg-VFDExMtr,None,RtS,Ex,CZ04,cDXOH,0,Each,1.0,16002.597952576001,105917.13,44599.63,0,24440.79,0.0,16902.43,0,0,19970.92,0,0,0.0,0,0,0,530.8474402730375,0.0,0.0,530.8474402730375,1,1,2026-06-10 17:41:22.494414
NE-HV_AirDist-SupFanMtr-cDXOH-2SpClgHtg-VFDPMMtr,None,RtS,Ex,CZ04,cDXOH,0,Each,1.0,16002.597952576001,105080.87000000001,44599.63,0,24440.79,0.0,16803.52,0,0,19233.57,0,0,0.0,0,0,0,530.8474402730375,0.0,0.0,530.8474402730375,1,1,2026-06-10 17:41:22.494414
NE-HV_AirDist-SupFanMtr-cDXOH-2SpClgHtg-VFDStdMtr,None,RtS,Ex,CZ04,cDXOH,0,Each,1.0,16002.597952576001,105658.27,44599.63,0,24440.79,0.0,16868.8,0,0,19745.69,0,0,0.0,0,0,0,530.8474402730375,0.0,0.0,530.8474402730375,1,1,2026-06-10 17:41:22.494414
NE-HV_AirDist-SupFanMtr-cDXOH-2SpClgHtg-VFDExMtr,None,RtS,Ex,CZ03,cDXOH,0,Each,1.0,16002.597952576001,88899.49,44599.63,0,24440.79,0.0,4377.05,0,0,15478.66,0,0,0.0,0,0,0,540.9761092150171,0.0,0.0,540.9761092150171,1,1,2026-06-10 17:41:22.494414
NE-HV_AirDist-SupFanMtr-cDXOH-2SpClgHtg-VFDPMMtr,None,RtS,Ex,CZ03,cDXOH,0,Each,1.0,16002.597952576001,88210.71,44599.63,0,24440.79,0.0,4319.96,0,0,14846.97,0,0,0.0,0,0,0,540.9761092150171,0.0,0.0,540.9761092150171,1,1,2026-06-10 17:41:22.494414
NE-HV_AirDist-SupFanMtr-cDXOH-2SpClgHtg-VFDStdMtr,None,RtS,Ex,CZ03,cDXOH,0,Each,1.0,16002.597952576001,88705.34999999999,44599.63,0,24440.79,0.0,4357.89,0,0,15303.68,0,0,0.0,0,0,0,540.9761092150171,0.0,0.0,540.9761092150171,1,1,2026-06-10 17:41:22.494414
NE-HV_AirDist-SupFanMtr-cDXOH-2SpClgHtg-VFDExMtr,None,RtS,Ex,CZ02,cDXOH,0,Each,1.0,16002.597952576001,98586.37999999999,44599.63,0,24440.79,0.0,9774.88,0,0,19767.72,0,0,0.0,0,0,0,545.0075085324231,0.0,0.0,545.0075085324231,1,1,2026-06-10 17:41:22.494414
NE-HV_AirDist-SupFanMtr-cDXOH-2SpClgHtg-VFDPMMtr,None,RtS,Ex,CZ02,cDXOH,0,Each,1.0,16002.597952576001,97891.26,44599.63,0,24440.79,0.0,9702.47,0,0,19145.01,0,0,0.0,0,0,0,545.0075085324231,0.0,0.0,545.0075085324231,1,1,2026-06-10 17:41:22.494414
NE-HV_AirDist-SupFanMtr-cDXOH-2SpClgHtg-VFDStdMtr,None,RtS,Ex,CZ02,cDXOH,0,Each,1.0,16002.597952576001,98383.86999999998,44599.63,0,24440.79,0.0,9750.38,0,0,19589.71,0,0,0.0,0,0,0,545.0075085324231,0.0,0.0,545.0075085324231,1,1,2026-06-10 17:41:22.494414
NE-HV_AirDist-SupFanMtr-cDXOH-2SpClgHtg-VFDExMtr,None,RtS,Ex,CZ01,cDXOH,0,Each,1.0,16002.597952576001,86482.88,44599.63,0,24440.79,0.0,427.61,0,0,17011.49,0,0,0.0,0,0,0,569.3068259385665,0.0,0.0,569.3068259385665,1,1,2026-06-10 17:41:22.494414
NE-HV_AirDist-SupFanMtr-cDXOH-2SpClgHtg-VFDPMMtr,None,RtS,Ex,CZ01,cDXOH,0,Each,1.0,16002.597952576001,86153.51999999999,44599.63,0,24440.79,0.0,417.51,0,0,16692.23,0,0,0.0,0,0,0,569.3075085324232,0.0,0.0,569.3075085324232,1,1,2026-06-10 17:41:22.494414
NE-HV_AirDist-SupFanMtr-cDXOH-2SpClgHtg-VFDStdMtr,None,RtS,Ex,CZ01,cDXOH,0,Each,1.0,16002.597952576001,86392.06999999999,44599.63,0,24440.79,0.0,424.23,0,0,16924.06,0,0,0.0,0,0,0,569.307167235495,0.0,0.0,569.307167235495,1,1,2026-06-10 17:41:22.494414
NE-HV_AirDist-SupFanMtr-cDXHP-2SpClgHtg-VFDExMtr,None,RtS,Ex,CZ16,cDXHP,0,Each,1.0,16002.597952576001,98615.15,44599.63,0,24440.79,5694.68,8001.79,0,0,15874.9,0,0,0.0,0,0,0,561.1846416382252,0.0,0.0,561.1846416382252,1,1,2026-06-10 17:41:22.494414
NE-HV_AirDist-SupFanMtr-cDXHP-2SpClgHtg-VFDPMMtr,None,RtS,Ex,CZ16,cDXHP,0,Each,1.0,16002.597952576001,97653.91,44599.63,0,24440.79,5765.24,7931.0,0,0,14913.89,0,0,0.0,0,0,0,561.1846416382252,0.0,0.0,561.1846416382252,1,1,2026-06-10 17:41:22.494414
NE-HV_AirDist-SupFanMtr-cDXHP-2SpClgHtg-VFDStdMtr,None,RtS,Ex,CZ16,cDXHP,0,Each,1.0,16002.597952576001,98340.07999999999,44599.63,0,24440.79,5718.48,7977.59,0,0,15600.23,0,0,0.0,0,0,0,561.1846416382252,0.0,0.0,561.1846416382252,1,1,2026-06-10 17:41:22.494414
NE-HV_AirDist-SupFanMtr-cDXHP-2SpClgHtg-VFDExMtr,None,RtS,Ex,CZ15,cDXHP,0,Each,1.0,16002.597952576001,139440.94,44599.63,0,24440.79,344.74,47263.5,0,0,22788.92,0,0,0.0,0,0,0,453.59044368600684,0.0,0.0,453.59044368600684,1,1,2026-06-10 17:41:22.494414
NE-HV_AirDist-SupFanMtr-cDXHP-2SpClgHtg-VFDPMMtr,None,RtS,Ex,CZ15,cDXHP,0,Each,1.0,16002.597952576001,138193.97999999998,44599.63,0,24440.79,353.71,47022.58,0,0,21773.91,0,0,0.0,0,0,0,453.59044368600684,0.0,0.0,453.59044368600684,1,1,2026-06-10 17:41:22.494414
NE-HV_AirDist-SupFanMtr-cDXHP-2SpClgHtg-VFDStdMtr,None,RtS,Ex,CZ15,cDXHP,0,Each,1.0,16002.597952576001,139011.08,44599.63,0,24440.79,347.5,47170.5,0,0,22449.3,0,0,0.0,0,0,0,453.59044368600684,0.0,0.0,453.59044368600684,1,1,2026-06-10 17:41:22.494414
NE-HV_AirDist-SupFanMtr-cDXHP-2SpClgHtg-VFDExMtr,None,RtS,Ex,CZ14,cDXHP,0,Each,1.0,16002.597952576001,113858.66,44599.63,0,24440.79,2340.03,24569.77,0,0,17905.08,0,0,0.0,0,0,0,512.9860068259386,0.0,0.0,512.9860068259386,1,1,2026-06-10 17:41:22.494414
NE-HV_AirDist-SupFanMtr-cDXHP-2SpClgHtg-VFDPMMtr,None,RtS,Ex,CZ14,cDXHP,0,Each,1.0,16002.597952576001,112864.00000000001,44599.63,0,24440.79,2374.31,24443.87,0,0,17002.04,0,0,0.0,0,0,0,512.9860068259386,0.0,0.0,512.9860068259386,1,1,2026-06-10 17:41:22.494414
NE-HV_AirDist-SupFanMtr-cDXHP-2SpClgHtg-VFDStdMtr,None,RtS,Ex,CZ14,cDXHP,0,Each,1.0,16002.597952576001,113548.43999999999,44599.63,0,24440.79,2350.87,24529.95,0,0,17623.84,0,0,0.0,0,0,0,512.9860068259386,0.0,0.0,512.9860068259386,1,1,2026-06-10 17:41:22.494414
NE-HV_AirDist-SupFanMtr-cDXHP-2SpClgHtg-VFDExMtr,None,RtS,Ex,CZ13,cDXHP,0,Each,1.0,16002.597952576001,116751.48999999999,44599.63,0,24440.79,2770.77,26481.55,0,0,18455.39,0,0,0.0,0,0,0,503.7993174061433,0.0,0.0,503.7993174061433,1,1,2026-06-10 17:41:22.494414
NE-HV_AirDist-SupFanMtr-cDXHP-2SpClgHtg-VFDPMMtr,None,RtS,Ex,CZ13,cDXHP,0,Each,1.0,16002.597952576001,115745.34999999999,44599.63,0,24440.79,2810.87,26344.52,0,0,17546.18,0,0,0.0,0,0,0,503.7993174061433,0.0,0.0,503.7993174061433,1,1,2026-06-10 17:41:22.494414
NE-HV_AirDist-SupFanMtr-cDXHP-2SpClgHtg-VFDStdMtr,None,RtS,Ex,CZ13,cDXHP,0,Each,1.0,16002.597952576001,116426.65999999999,44599.63,0,24440.79,2784.44,26434.04,0,0,18164.4,0,0,0.0,0,0,0,503.79965870307166,0.0,0.0,503.79965870307166,1,1,2026-06-10 17:41:22.494414
NE-HV_AirDist-SupFanMtr-cDXHP-2SpClgHtg-VFDExMtr,None,RtS,Ex,CZ12,cDXHP,0,Each,1.0,16002.597952576001,104695.29,44599.63,0,24440.79,3266.12,17162.21,0,0,15223.18,0,0,0.0,0,0,0,525.6699658703071,0.0,0.0,525.6699658703071,1,1,2026-06-10 17:41:22.494414
NE-HV_AirDist-SupFanMtr-cDXHP-2SpClgHtg-VFDPMMtr,None,RtS,Ex,CZ12,cDXHP,0,Each,1.0,16002.597952576001,103748.17000000001,44599.63,0,24440.79,3309.47,17061.12,0,0,14333.8,0,0,0.0,0,0,0,525.6699658703071,0.0,0.0,525.6699658703071,1,1,2026-06-10 17:41:22.494414
NE-HV_AirDist-SupFanMtr-cDXHP-2SpClgHtg-VFDStdMtr,None,RtS,Ex,CZ12,cDXHP,0,Each,1.0,16002.597952576001,104402.44,44599.63,0,24440.79,3280.46,17130.87,0,0,14947.33,0,0,0.0,0,0,0,525.6699658703071,0.0,0.0,525.6699658703071,1,1,2026-06-10 17:41:22.494414
NE-HV_AirDist-SupFanMtr-cDXHP-2SpClgHtg-VFDExMtr,None,RtS,Ex,CZ11,cDXHP,0,Each,1.0,16002.597952576001,115672.4,44599.63,0,24440.79,3333.44,25100.91,0,0,18194.27,0,0,0.0,0,0,0,510.42184300341296,0.0,0.0,510.42184300341296,1,1,2026-06-10 17:41:22.494414
NE-HV_AirDist-SupFanMtr-cDXHP-2SpClgHtg-VFDPMMtr,None,RtS,Ex,CZ11,cDXHP,0,Each,1.0,16002.597952576001,114644.55999999998,44599.63,0,24440.79,3378.95,24966.12,0,0,17255.71,0,0,0.0,0,0,0,510.42184300341296,0.0,0.0,510.42184300341296,1,1,2026-06-10 17:41:22.494414
NE-HV_AirDist-SupFanMtr-cDXHP-2SpClgHtg-VFDStdMtr,None,RtS,Ex,CZ11,cDXHP,0,Each,1.0,16002.597952576001,115340.49,44599.63,0,24440.79,3348.66,25055.43,0,0,17892.62,0,0,0.0,0,0,0,510.42184300341296,0.0,0.0,510.42184300341296,1,1,2026-06-10 17:41:22.494414
NE-HV_AirDist-SupFanMtr-cDXHP-2SpClgHtg-VFDExMtr,None,RtS,Ex,CZ10,cDXHP,0,Each,1.0,16002.597952576001,111942.51,44599.63,0,24440.79,1178.44,23988.56,0,0,17731.73,0,0,0.0,0,0,0,502.2447098976109,0.0,0.0,502.2447098976109,1,1,2026-06-10 17:41:22.494414
NE-HV_AirDist-SupFanMtr-cDXHP-2SpClgHtg-VFDPMMtr,None,RtS,Ex,CZ10,cDXHP,0,Each,1.0,16002.597952576001,110800.15000000001,44599.63,0,24440.79,1202.12,23828.4,0,0,16725.85,0,0,0.0,0,0,0,502.2447098976109,0.0,0.0,502.2447098976109,1,1,2026-06-10 17:41:22.494414
NE-HV_AirDist-SupFanMtr-cDXHP-2SpClgHtg-VFDStdMtr,None,RtS,Ex,CZ10,cDXHP,0,Each,1.0,16002.597952576001,111586.85999999999,44599.63,0,24440.79,1186.24,23932.11,0,0,17424.73,0,0,0.0,0,0,0,502.2447098976109,0.0,0.0,502.2447098976109,1,1,2026-06-10 17:41:22.494414
NE-HV_AirDist-SupFanMtr-cDXHP-2SpClgHtg-VFDExMtr,None,RtS,Ex,CZ09,cDXHP,0,Each,1.0,16002.597952576001,107449.06000000001,44599.63,0,24440.79,964.88,20817.9,0,0,16622.5,0,0,0.0,0,0,0,506.35221843003416,0.0,0.0,506.35221843003416,1,1,2026-06-10 17:41:22.494414
NE-HV_AirDist-SupFanMtr-cDXHP-2SpClgHtg-VFDPMMtr,None,RtS,Ex,CZ09,cDXHP,0,Each,1.0,16002.597952576001,106340.47,44599.63,0,24440.79,984.68,20677.04,0,0,15634.97,0,0,0.0,0,0,0,506.35221843003416,0.0,0.0,506.35221843003416,1,1,2026-06-10 17:41:22.494414
NE-HV_AirDist-SupFanMtr-cDXHP-2SpClgHtg-VFDStdMtr,None,RtS,Ex,CZ09,cDXHP,0,Each,1.0,16002.597952576001,107082.75,44599.63,0,24440.79,971.25,20764.77,0,0,16302.95,0,0,0.0,0,0,0,506.35221843003416,0.0,0.0,506.35221843003416,1,1,2026-06-10 17:41:22.494414
NE-HV_AirDist-SupFanMtr-cDXHP-2SpClgHtg-VFDExMtr,None,RtS,Ex,CZ08,cDXHP,0,Each,1.0,16002.597952576001,106258.36,44599.63,0,24440.79,706.24,20524.41,0,0,15983.93,0,0,0.0,0,0,0,504.0358361774744,0.0,0.0,504.0358361774744,1,1,2026-06-10 17:41:22.494414
NE-HV_AirDist-SupFanMtr-cDXHP-2SpClgHtg-VFDPMMtr,None,RtS,Ex,CZ08,cDXHP,0,Each,1.0,16002.597952576001,105198.43,44599.63,0,24440.79,721.61,20377.05,0,0,15055.99,0,0,0.0,0,0,0,504.0358361774744,0.0,0.0,504.0358361774744,1,1,2026-06-10 17:41:22.494414
NE-HV_AirDist-SupFanMtr-cDXHP-2SpClgHtg-VFDStdMtr,None,RtS,Ex,CZ08,cDXHP,0,Each,1.0,16002.597952576001,105919.81999999999,44599.63,0,24440.79,711.01,20475.5,0,0,15689.53,0,0,0.0,0,0,0,504.0358361774744,0.0,0.0,504.0358361774744,1,1,2026-06-10 17:41:22.494414
NE-HV_AirDist-SupFanMtr-cDXHP-2SpClgHtg-VFDExMtr,None,RtS,Ex,CZ07,cDXHP,0,Each,1.0,16002.597952576001,95866.92,44599.63,0,24440.79,535.3,12582.56,0,0,13705.28,0,0,0.0,0,0,0,510.81228668941975,0.0,0.0,510.81228668941975,1,1,2026-06-10 17:41:22.494414
NE-HV_AirDist-SupFanMtr-cDXHP-2SpClgHtg-VFDPMMtr,None,RtS,Ex,CZ07,cDXHP,0,Each,1.0,16002.597952576001,94910.26,44599.63,0,24440.79,549.4,12469.15,0,0,12847.93,0,0,0.0,0,0,0,510.81331058020476,0.0,0.0,510.81331058020476,1,1,2026-06-10 17:41:22.494414
NE-HV_AirDist-SupFanMtr-cDXHP-2SpClgHtg-VFDStdMtr,None,RtS,Ex,CZ07,cDXHP,0,Each,1.0,16002.597952576001,95570.99,44599.63,0,24440.79,539.77,12544.04,0,0,13443.4,0,0,0.0,0,0,0,510.81228668941975,0.0,0.0,510.81228668941975,1,1,2026-06-10 17:41:22.494414
NE-HV_AirDist-SupFanMtr-cDXHP-2SpClgHtg-VFDExMtr,None,RtS,Ex,CZ06,cDXHP,0,Each,1.0,16002.597952576001,95149.32999999999,44599.63,0,24440.79,595.01,11921.12,0,0,13589.42,0,0,0.0,0,0,0,514.2221843003413,0.0,0.0,514.2221843003413,1,1,2026-06-10 17:41:22.494414
NE-HV_AirDist-SupFanMtr-cDXHP-2SpClgHtg-VFDPMMtr,None,RtS,Ex,CZ06,cDXHP,0,Each,1.0,16002.597952576001,94198.61999999998,44599.63,0,24440.79,609.26,11801.87,0,0,12743.71,0,0,0.0,0,0,0,514.2221843003413,0.0,0.0,514.2221843003413,1,1,2026-06-10 17:41:22.494414
NE-HV_AirDist-SupFanMtr-cDXHP-2SpClgHtg-VFDStdMtr,None,RtS,Ex,CZ06,cDXHP,0,Each,1.0,16002.597952576001,94847.14999999998,44599.63,0,24440.79,599.27,11879.39,0,0,13324.71,0,0,0.0,0,0,0,514.2221843003413,0.0,0.0,514.2221843003413,1,1,2026-06-10 17:41:22.494414
NE-HV_AirDist-SupFanMtr-cDXHP-2SpClgHtg-VFDExMtr,None,RtS,Ex,CZ05,cDXHP,0,Each,1.0,16002.597952576001,89233.7,44599.63,0,24440.79,1939.13,5634.2,0,0,12616.59,0,0,0.0,0,0,0,542.6324232081911,0.0,0.0,542.6324232081911,1,1,2026-06-10 17:41:22.494414
NE-HV_AirDist-SupFanMtr-cDXHP-2SpClgHtg-VFDPMMtr,None,RtS,Ex,CZ05,cDXHP,0,Each,1.0,16002.597952576001,88366.18,44599.63,0,24440.79,1975.32,5567.78,0,0,11779.3,0,0,0.0,0,0,0,542.6324232081911,0.0,0.0,542.6324232081911,1,1,2026-06-10 17:41:22.494414
NE-HV_AirDist-SupFanMtr-cDXHP-2SpClgHtg-VFDStdMtr,None,RtS,Ex,CZ05,cDXHP,0,Each,1.0,16002.597952576001,88969.77,44599.63,0,24440.79,1950.42,5611.47,0,0,12364.1,0,0,0.0,0,0,0,542.6324232081911,0.0,0.0,542.6324232081911,1,1,2026-06-10 17:41:22.494414
NE-HV_AirDist-SupFanMtr-cDXHP-2SpClgHtg-VFDExMtr,None,RtS,Ex,CZ04,cDXHP,0,Each,1.0,16002.597952576001,104961.2,44599.63,0,24440.79,2984.47,17349.41,0,0,15583.54,0,0,0.0,0,0,0,530.8474402730375,0.0,0.0,530.8474402730375,1,1,2026-06-10 17:41:22.494414
NE-HV_AirDist-SupFanMtr-cDXHP-2SpClgHtg-VFDPMMtr,None,RtS,Ex,CZ04,cDXHP,0,Each,1.0,16002.597952576001,103994.65000000001,44599.63,0,24440.79,3027.57,17251.51,0,0,14671.79,0,0,0.0,0,0,0,530.8474402730375,0.0,0.0,530.8474402730375,1,1,2026-06-10 17:41:22.494414
NE-HV_AirDist-SupFanMtr-cDXHP-2SpClgHtg-VFDStdMtr,None,RtS,Ex,CZ04,cDXHP,0,Each,1.0,16002.597952576001,104655.39,44599.63,0,24440.79,2998.46,17316.29,0,0,15296.86,0,0,0.0,0,0,0,530.8474402730375,0.0,0.0,530.8474402730375,1,1,2026-06-10 17:41:22.494414
NE-HV_AirDist-SupFanMtr-cDXHP-2SpClgHtg-VFDExMtr,None,RtS,Ex,CZ03,cDXHP,0,Each,1.0,16002.597952576001,87319.78000000001,44599.63,0,24440.79,2170.62,4408.09,0,0,11697.29,0,0,0.0,0,0,0,540.9757679180888,0.0,0.0,540.9757679180888,1,1,2026-06-10 17:41:22.494414
NE-HV_AirDist-SupFanMtr-cDXHP-2SpClgHtg-VFDPMMtr,None,RtS,Ex,CZ03,cDXHP,0,Each,1.0,16002.597952576001,86507.25,44599.63,0,24440.79,2206.4,4353.19,0,0,10903.88,0,0,0.0,0,0,0,540.9757679180888,0.0,0.0,540.9757679180888,1,1,2026-06-10 17:41:22.494414
NE-HV_AirDist-SupFanMtr-cDXHP-2SpClgHtg-VFDStdMtr,None,RtS,Ex,CZ03,cDXHP,0,Each,1.0,16002.597952576001,87075.87,44599.63,0,24440.79,2182.15,4389.68,0,0,11460.26,0,0,0.0,0,0,0,540.9757679180888,0.0,0.0,540.9757679180888,1,1,2026-06-10 17:41:22.494414
NE-HV_AirDist-SupFanMtr-cDXHP-2SpClgHtg-VFDExMtr,None,RtS,Ex,CZ02,cDXHP,0,Each,1.0,16002.597952576001,96579.37999999999,44599.63,0,24440.79,3686.84,10059.61,0,0,13789.15,0,0,0.0,0,0,0,545.0071672354949,0.0,0.0,545.0071672354949,1,1,2026-06-10 17:41:22.494414
NE-HV_AirDist-SupFanMtr-cDXHP-2SpClgHtg-VFDPMMtr,None,RtS,Ex,CZ02,cDXHP,0,Each,1.0,16002.597952576001,95683.8,44599.63,0,24440.79,3737.56,9982.43,0,0,12920.03,0,0,0.0,0,0,0,545.0071672354949,0.0,0.0,545.0071672354949,1,1,2026-06-10 17:41:22.494414
NE-HV_AirDist-SupFanMtr-cDXHP-2SpClgHtg-VFDStdMtr,None,RtS,Ex,CZ02,cDXHP,0,Each,1.0,16002.597952576001,96294.51999999999,44599.63,0,24440.79,3703.51,10035.37,0,0,13511.86,0,0,0.0,0,0,0,545.0071672354949,0.0,0.0,545.0071672354949,1,1,2026-06-10 17:41:22.494414
NE-HV_AirDist-SupFanMtr-cDXHP-2SpClgHtg-VFDExMtr,None,RtS,Ex,CZ01,cDXHP,0,Each,1.0,16002.597952576001,83401.34,44599.63,0,24440.79,4718.54,378.46,0,0,9260.56,0,0,0.0,0,0,0,569.3044368600682,0.0,0.0,569.3044368600682,1,1,2026-06-10 17:41:22.494414
NE-HV_AirDist-SupFanMtr-cDXHP-2SpClgHtg-VFDPMMtr,None,RtS,Ex,CZ01,cDXHP,0,Each,1.0,16002.597952576001,82799.19,44599.63,0,24440.79,4778.82,368.74,0,0,8607.85,0,0,0.0,0,0,0,569.3044368600682,0.0,0.0,569.3044368600682,1,1,2026-06-10 17:41:22.494414
NE-HV_AirDist-SupFanMtr-cDXHP-2SpClgHtg-VFDStdMtr,None,RtS,Ex,CZ01,cDXHP,0,Each,1.0,16002.597952576001,83227.59,44599.63,0,24440.79,4737.69,375.14,0,0,9070.98,0,0,0.0,0,0,0,569.3044368600682,0.0,0.0,569.3044368600682,1,1,2026-06-10 17:41:22.494414
NE-HV_AirDist-SupFanMtr-cDXGF-2SpClgHtg-VFDExMtr,None,RtS,Ex,CZ16,cDXGF,0,Each,1.0,16002.597952576001,92706.80999999998,44599.63,0,24440.79,0.0,8006.82,0,0,15656.21,0,0,0.0,0,0,0,1699.122866894198,0.0,1137.938566552901,561.184300341297,1,1,2026-06-10 17:41:22.494414
NE-HV_AirDist-SupFanMtr-cDXGF-2SpClgHtg-VFDPMMtr,None,RtS,Ex,CZ16,cDXGF,0,Each,1.0,16002.597952576001,91656.26000000001,44599.63,0,24440.79,0.0,7935.93,0,0,14676.55,0,0,0.0,0,0,0,1715.2361774744027,0.0,1154.0518771331058,561.184300341297,1,1,2026-06-10 17:41:22.494414
NE-HV_AirDist-SupFanMtr-cDXGF-2SpClgHtg-VFDStdMtr,None,RtS,Ex,CZ16,cDXGF,0,Each,1.0,16002.597952576001,92403.04,44599.63,0,24440.79,0.0,7982.55,0,0,15376.71,0,0,0.0,0,0,0,1704.463822525597,0.0,1143.2795221843003,561.184300341297,1,1,2026-06-10 17:41:22.494414
NE-HV_AirDist-SupFanMtr-cDXGF-2SpClgHtg-VFDExMtr,None,RtS,Ex,CZ15,cDXGF,0,Each,1.0,16002.597952576001,135476.83,44599.63,0,24440.79,0.0,45842.53,0,0,20590.52,0,0,0.0,0,0,0,529.7334470989761,0.0,76.14402730375426,453.58941979522183,1,1,2026-06-10 17:41:22.494414
NE-HV_AirDist-SupFanMtr-cDXGF-2SpClgHtg-VFDPMMtr,None,RtS,Ex,CZ15,cDXGF,0,Each,1.0,16002.597952576001,134205.72999999998,44599.63,0,24440.79,0.0,45626.24,0,0,19535.71,0,0,0.0,0,0,0,531.755290102389,0.0,78.16587030716724,453.58941979522183,1,1,2026-06-10 17:41:22.494414
NE-HV_AirDist-SupFanMtr-cDXGF-2SpClgHtg-VFDStdMtr,None,RtS,Ex,CZ15,cDXGF,0,Each,1.0,16002.597952576001,135055.19999999998,44599.63,0,24440.79,0.0,45767.43,0,0,20243.99,0,0,0.0,0,0,0,530.358361774744,0.0,76.76894197952218,453.58941979522183,1,1,2026-06-10 17:41:22.494414
NE-HV_AirDist-SupFanMtr-cDXGF-2SpClgHtg-VFDExMtr,None,RtS,Ex,CZ14,cDXGF,0,Each,1.0,16002.597952576001,109561.95,44599.63,0,24440.79,0.0,23819.42,0,0,16698.75,0,0,0.0,0,0,0,996.0320819112627,0.0,483.04675767918087,512.9853242320819,1,1,2026-06-10 17:41:22.494414
NE-HV_AirDist-SupFanMtr-cDXGF-2SpClgHtg-VFDPMMtr,None,RtS,Ex,CZ14,cDXGF,0,Each,1.0,16002.597952576001,108501.71,44599.63,0,24440.79,0.0,23694.34,0,0,15763.59,0,0,0.0,0,0,0,1003.822866894198,0.0,490.83754266211605,512.9853242320819,1,1,2026-06-10 17:41:22.494414
NE-HV_AirDist-SupFanMtr-cDXGF-2SpClgHtg-VFDStdMtr,None,RtS,Ex,CZ14,cDXGF,0,Each,1.0,16002.597952576001,109222.89,44599.63,0,24440.79,0.0,23776.43,0,0,16402.68,0,0,0.0,0,0,0,998.5778156996587,0.0,485.5924914675768,512.9853242320819,1,1,2026-06-10 17:41:22.494414
NE-HV_AirDist-SupFanMtr-cDXGF-2SpClgHtg-VFDExMtr,None,RtS,Ex,CZ13,cDXGF,0,Each,1.0,16002.597952576001,111658.49999999999,44599.63,0,24440.79,0.0,25603.16,0,0,17011.56,0,0,0.0,0,0,0,1115.039590443686,0.0,611.2409556313993,503.79863481228665,1,1,2026-06-10 17:41:22.494414
NE-HV_AirDist-SupFanMtr-cDXGF-2SpClgHtg-VFDPMMtr,None,RtS,Ex,CZ13,cDXGF,0,Each,1.0,16002.597952576001,110586.22,44599.63,0,24440.79,0.0,25472.43,0,0,16070.01,0,0,0.0,0,0,0,1124.1412969283274,0.0,620.342662116041,503.79863481228665,1,1,2026-06-10 17:41:22.494414
NE-HV_AirDist-SupFanMtr-cDXGF-2SpClgHtg-VFDStdMtr,None,RtS,Ex,CZ13,cDXGF,0,Each,1.0,16002.597952576001,111309.54,44599.63,0,24440.79,0.0,25557.95,0,0,16707.81,0,0,0.0,0,0,0,1118.098976109215,0.0,614.3003412969283,503.79863481228665,1,1,2026-06-10 17:41:22.494414
NE-HV_AirDist-SupFanMtr-cDXGF-2SpClgHtg-VFDExMtr,None,RtS,Ex,CZ12,cDXGF,0,Each,1.0,16002.597952576001,100701.9,44599.63,0,24440.79,0.0,16813.57,0,0,14844.55,0,0,0.0,0,0,0,1249.340614334471,0.0,723.6709897610922,525.6696245733789,1,1,2026-06-10 17:41:22.494414
NE-HV_AirDist-SupFanMtr-cDXGF-2SpClgHtg-VFDPMMtr,None,RtS,Ex,CZ12,cDXGF,0,Each,1.0,16002.597952576001,99705.42,44599.63,0,24440.79,0.0,16713.61,0,0,13948.03,0,0,0.0,0,0,0,1259.4317406143343,0.0,733.7621160409556,525.6696245733789,1,1,2026-06-10 17:41:22.494414
NE-HV_AirDist-SupFanMtr-cDXGF-2SpClgHtg-VFDStdMtr,None,RtS,Ex,CZ12,cDXGF,0,Each,1.0,16002.597952576001,100385.92,44599.63,0,24440.79,0.0,16779.25,0,0,14562.89,0,0,0.0,0,0,0,1252.6576791808875,0.0,726.9880546075085,525.6696245733789,1,1,2026-06-10 17:41:22.494414
NE-HV_AirDist-SupFanMtr-cDXGF-2SpClgHtg-VFDExMtr,None,RtS,Ex,CZ11,cDXGF,0,Each,1.0,16002.597952576001,110328.04999999999,44599.63,0,24440.79,0.0,24374.13,0,0,16910.14,0,0,0.0,0,0,0,1238.334129692833,0.0,727.9129692832764,510.4211604095563,1,1,2026-06-10 17:41:22.494414
NE-HV_AirDist-SupFanMtr-cDXGF-2SpClgHtg-VFDPMMtr,None,RtS,Ex,CZ11,cDXGF,0,Each,1.0,16002.597952576001,109240.06,44599.63,0,24440.79,0.0,24250.48,0,0,15945.8,0,0,0.0,0,0,0,1248.690443686007,0.0,738.2692832764506,510.4211604095563,1,1,2026-06-10 17:41:22.494414
NE-HV_AirDist-SupFanMtr-cDXGF-2SpClgHtg-VFDStdMtr,None,RtS,Ex,CZ11,cDXGF,0,Each,1.0,16002.597952576001,109973.77999999998,44599.63,0,24440.79,0.0,24331.35,0,0,16598.65,0,0,0.0,0,0,0,1241.8023890784982,0.0,731.381228668942,510.4211604095563,1,1,2026-06-10 17:41:22.494414
NE-HV_AirDist-SupFanMtr-cDXGF-2SpClgHtg-VFDExMtr,None,RtS,Ex,CZ10,cDXGF,0,Each,1.0,16002.597952576001,109297.54,44599.63,0,24440.79,0.0,23443.76,0,0,16810.0,0,0,0.0,0,0,0,765.680204778157,0.0,263.4358361774744,502.2443686006826,1,1,2026-06-10 17:41:22.494414
NE-HV_AirDist-SupFanMtr-cDXGF-2SpClgHtg-VFDPMMtr,None,RtS,Ex,CZ10,cDXGF,0,Each,1.0,16002.597952576001,108140.46,44599.63,0,24440.79,0.0,23298.27,0,0,15798.41,0,0,0.0,0,0,0,771.0880546075085,0.0,268.8436860068259,502.2443686006826,1,1,2026-06-10 17:41:22.494414
NE-HV_AirDist-SupFanMtr-cDXGF-2SpClgHtg-VFDStdMtr,None,RtS,Ex,CZ10,cDXGF,0,Each,1.0,16002.597952576001,108941.16000000002,44599.63,0,24440.79,0.0,23394.34,0,0,16503.04,0,0,0.0,0,0,0,767.4491467576793,0.0,265.20477815699655,502.2443686006826,1,1,2026-06-10 17:41:22.494414
NE-HV_AirDist-SupFanMtr-cDXGF-2SpClgHtg-VFDExMtr,None,RtS,Ex,CZ09,cDXGF,0,Each,1.0,16002.597952576001,105644.4,44599.63,0,24440.79,0.0,20435.57,0,0,16165.05,0,0,0.0,0,0,0,723.8747440273037,0.0,217.52286689419796,506.3518771331058,1,1,2026-06-10 17:41:22.494414
NE-HV_AirDist-SupFanMtr-cDXGF-2SpClgHtg-VFDPMMtr,None,RtS,Ex,CZ09,cDXGF,0,Each,1.0,16002.597952576001,104524.94,44599.63,0,24440.79,0.0,20303.68,0,0,15177.48,0,0,0.0,0,0,0,728.3856655290102,0.0,222.03378839590442,506.3518771331058,1,1,2026-06-10 17:41:22.494414
NE-HV_AirDist-SupFanMtr-cDXGF-2SpClgHtg-VFDStdMtr,None,RtS,Ex,CZ09,cDXGF,0,Each,1.0,16002.597952576001,105282.45,44599.63,0,24440.79,0.0,20390.28,0,0,15848.39,0,0,0.0,0,0,0,725.337542662116,0.0,218.98566552901022,506.3518771331058,1,1,2026-06-10 17:41:22.494414
NE-HV_AirDist-SupFanMtr-cDXGF-2SpClgHtg-VFDExMtr,None,RtS,Ex,CZ08,cDXGF,0,Each,1.0,16002.597952576001,104604.41,44599.63,0,24440.79,0.0,20001.62,0,0,15559.01,0,0,0.0,0,0,0,665.1832764505119,0.0,161.14744027303755,504.0358361774744,1,1,2026-06-10 17:41:22.494414
NE-HV_AirDist-SupFanMtr-cDXGF-2SpClgHtg-VFDPMMtr,None,RtS,Ex,CZ08,cDXGF,0,Each,1.0,16002.597952576001,103548.53,44599.63,0,24440.79,0.0,19867.64,0,0,14637.11,0,0,0.0,0,0,0,668.7225255972696,0.0,164.68668941979521,504.0358361774744,1,1,2026-06-10 17:41:22.494414
NE-HV_AirDist-SupFanMtr-cDXGF-2SpClgHtg-VFDStdMtr,None,RtS,Ex,CZ08,cDXGF,0,Each,1.0,16002.597952576001,104264.04999999999,44599.63,0,24440.79,0.0,19955.54,0,0,15264.73,0,0,0.0,0,0,0,666.2863481228668,0.0,162.25051194539247,504.0358361774744,1,1,2026-06-10 17:41:22.494414
NE-HV_AirDist-SupFanMtr-cDXGF-2SpClgHtg-VFDExMtr,None,RtS,Ex,CZ07,cDXGF,0,Each,1.0,16002.597952576001,95215.0,44599.63,0,24440.79,0.0,12547.58,0,0,13623.64,0,0,0.0,0,0,0,634.8941979522183,0.0,124.08191126279863,510.81228668941975,1,1,2026-06-10 17:41:22.494414
NE-HV_AirDist-SupFanMtr-cDXGF-2SpClgHtg-VFDPMMtr,None,RtS,Ex,CZ07,cDXGF,0,Each,1.0,16002.597952576001,94248.54,44599.63,0,24440.79,0.0,12437.47,0,0,12767.29,0,0,0.0,0,0,0,638.1713310580204,0.0,127.3580204778157,510.81331058020476,1,1,2026-06-10 17:41:22.494414
NE-HV_AirDist-SupFanMtr-cDXGF-2SpClgHtg-VFDStdMtr,None,RtS,Ex,CZ07,cDXGF,0,Each,1.0,16002.597952576001,94915.15000000001,44599.63,0,24440.79,0.0,12509.93,0,0,13361.44,0,0,0.0,0,0,0,635.9327645051194,0.0,125.12047781569966,510.81228668941975,1,1,2026-06-10 17:41:22.494414
NE-HV_AirDist-SupFanMtr-cDXGF-2SpClgHtg-VFDExMtr,None,RtS,Ex,CZ06,cDXGF,0,Each,1.0,16002.597952576001,94583.95000000001,44599.63,0,24440.79,0.0,11994.12,0,0,13546.05,0,0,0.0,0,0,0,652.60614334471,0.0,138.3839590443686,514.2221843003413,1,1,2026-06-10 17:41:22.494414
NE-HV_AirDist-SupFanMtr-cDXGF-2SpClgHtg-VFDPMMtr,None,RtS,Ex,CZ06,cDXGF,0,Each,1.0,16002.597952576001,93625.16,44599.63,0,24440.79,0.0,11877.97,0,0,12703.41,0,0,0.0,0,0,0,655.9276450511945,0.0,141.70546075085323,514.2221843003413,1,1,2026-06-10 17:41:22.494414
NE-HV_AirDist-SupFanMtr-cDXGF-2SpClgHtg-VFDStdMtr,None,RtS,Ex,CZ06,cDXGF,0,Each,1.0,16002.597952576001,94281.49999999999,44599.63,0,24440.79,0.0,11954.38,0,0,13283.34,0,0,0.0,0,0,0,653.6095563139932,0.0,139.38737201365188,514.2221843003413,1,1,2026-06-10 17:41:22.494414
NE-HV_AirDist-SupFanMtr-cDXGF-2SpClgHtg-VFDExMtr,None,RtS,Ex,CZ05,cDXGF,0,Each,1.0,16002.597952576001,87261.56999999999,44599.63,0,24440.79,0.0,5599.86,0,0,12617.93,0,0,0.0,0,0,0,978.4477815699659,0.0,435.81569965870307,542.6320819112628,1,1,2026-06-10 17:41:22.494414
NE-HV_AirDist-SupFanMtr-cDXGF-2SpClgHtg-VFDPMMtr,None,RtS,Ex,CZ05,cDXGF,0,Each,1.0,16002.597952576001,86357.78,44599.63,0,24440.79,0.0,5533.28,0,0,11780.72,0,0,0.0,0,0,0,986.8440273037542,0.0,444.21160409556313,542.6324232081911,1,1,2026-06-10 17:41:22.494414
NE-HV_AirDist-SupFanMtr-cDXGF-2SpClgHtg-VFDStdMtr,None,RtS,Ex,CZ05,cDXGF,0,Each,1.0,16002.597952576001,86986.98,44599.63,0,24440.79,0.0,5577.1,0,0,12366.1,0,0,0.0,0,0,0,981.063481228669,0.0,438.43139931740615,542.6320819112628,1,1,2026-06-10 17:41:22.494414
NE-HV_AirDist-SupFanMtr-cDXGF-2SpClgHtg-VFDExMtr,None,RtS,Ex,CZ04,cDXGF,0,Each,1.0,16002.597952576001,101216.14,44599.63,0,24440.79,0.0,17001.0,0,0,15171.36,0,0,0.0,0,0,0,1170.5238907849828,0.0,639.6764505119454,530.8474402730375,1,1,2026-06-10 17:41:22.494414
NE-HV_AirDist-SupFanMtr-cDXGF-2SpClgHtg-VFDPMMtr,None,RtS,Ex,CZ04,cDXGF,0,Each,1.0,16002.597952576001,100186.47000000002,44599.63,0,24440.79,0.0,16900.9,0,0,14241.79,0,0,0.0,0,0,0,1180.284300341297,0.0,649.4372013651877,530.8470989761092,1,1,2026-06-10 17:41:22.494414
NE-HV_AirDist-SupFanMtr-cDXGF-2SpClgHtg-VFDStdMtr,None,RtS,Ex,CZ04,cDXGF,0,Each,1.0,16002.597952576001,100887.77,44599.63,0,24440.79,0.0,16966.83,0,0,14877.16,0,0,0.0,0,0,0,1173.7245733788395,0.0,642.877133105802,530.8474402730375,1,1,2026-06-10 17:41:22.494414
NE-HV_AirDist-SupFanMtr-cDXGF-2SpClgHtg-VFDExMtr,None,RtS,Ex,CZ03,cDXGF,0,Each,1.0,16002.597952576001,85141.87000000001,44599.63,0,24440.79,0.0,4398.52,0,0,11699.57,0,0,0.0,0,0,0,1039.136518771331,0.0,498.16075085324235,540.9757679180888,1,1,2026-06-10 17:41:22.494414
NE-HV_AirDist-SupFanMtr-cDXGF-2SpClgHtg-VFDPMMtr,None,RtS,Ex,CZ03,cDXGF,0,Each,1.0,16002.597952576001,84290.48999999999,44599.63,0,24440.79,0.0,4341.29,0,0,10905.42,0,0,0.0,0,0,0,1047.5081911262798,0.0,506.5324232081911,540.9757679180888,1,1,2026-06-10 17:41:22.494414
NE-HV_AirDist-SupFanMtr-cDXGF-2SpClgHtg-VFDStdMtr,None,RtS,Ex,CZ03,cDXGF,0,Each,1.0,16002.597952576001,84886.18999999999,44599.63,0,24440.79,0.0,4379.12,0,0,11463.29,0,0,0.0,0,0,0,1041.8484641638224,0.0,500.8726962457338,540.9757679180888,1,1,2026-06-10 17:41:22.494414
NE-HV_AirDist-SupFanMtr-cDXGF-2SpClgHtg-VFDExMtr,None,RtS,Ex,CZ02,cDXGF,0,Each,1.0,16002.597952576001,92635.29000000001,44599.63,0,24440.79,0.0,9855.27,0,0,13736.24,0,0,0.0,0,0,0,1356.519112627986,0.0,811.5119453924914,545.0071672354949,1,1,2026-06-10 17:41:22.494414
NE-HV_AirDist-SupFanMtr-cDXGF-2SpClgHtg-VFDPMMtr,None,RtS,Ex,CZ02,cDXGF,0,Each,1.0,16002.597952576001,91691.61999999998,44599.63,0,24440.79,0.0,9781.88,0,0,12865.96,0,0,0.0,0,0,0,1368.1986348122866,0.0,823.1914675767918,545.0071672354949,1,1,2026-06-10 17:41:22.494414
NE-HV_AirDist-SupFanMtr-cDXGF-2SpClgHtg-VFDStdMtr,None,RtS,Ex,CZ02,cDXGF,0,Each,1.0,16002.597952576001,92330.75,44599.63,0,24440.79,0.0,9830.33,0,0,13456.64,0,0,0.0,0,0,0,1360.3668941979522,0.0,815.3597269624573,545.0071672354949,1,1,2026-06-10 17:41:22.494414
NE-HV_AirDist-SupFanMtr-cDXGF-2SpClgHtg-VFDExMtr,None,RtS,Ex,CZ01,cDXGF,0,Each,1.0,16002.597952576001,78705.88,44599.63,0,24440.79,0.0,447.08,0,0,9215.02,0,0,0.0,0,0,0,1663.175085324232,0.0,1093.870989761092,569.30409556314,1,1,2026-06-10 17:41:22.494414
NE-HV_AirDist-SupFanMtr-cDXGF-2SpClgHtg-VFDPMMtr,None,RtS,Ex,CZ01,cDXGF,0,Each,1.0,16002.597952576001,78039.40999999999,44599.63,0,24440.79,0.0,436.7,0,0,8558.93,0,0,0.0,0,0,0,1677.8092150170646,0.0,1108.5051194539249,569.30409556314,1,1,2026-06-10 17:41:22.494414
NE-HV_AirDist-SupFanMtr-cDXGF-2SpClgHtg-VFDStdMtr,None,RtS,Ex,CZ01,cDXGF,0,Each,1.0,16002.597952576001,78511.12,44599.63,0,24440.79,0.0,443.54,0,0,9023.8,0,0,0.0,0,0,0,1667.8662116040955,0.0,1098.5621160409555,569.30409556314,1,1,2026-06-10 17:41:22.494414
NE-HV_AirDist-SupFanMtr-cDXOH-2SpClgHtg-VFDExMtr,None,RtL,Ex,CZ16,cDXOH,0,Each,1.0,130501.542050496,1684321.7899999998,767420.15,0,468847.72,0.0,122502.45,0,0,325548.08,0,0,0.0,0,0,0,6049.447781569966,1377.2337883959044,7.778498293515358,4664.435494880546,1,1,2026-06-10 17:41:22.494414
NE-HV_AirDist-SupFanMtr-cDXOH-2SpClgHtg-VFDPMMtr,None,RtL,Ex,CZ16,cDXOH,0,Each,1.0,130501.542050496,1671101.92,767420.15,0,468847.72,0.0,121389.09,0,0,313441.57,0,0,0.0,0,0,0,6049.455972696245,1377.2337883959044,7.786348122866894,4664.435836177474,1,1,2026-06-10 17:41:22.494414
NE-HV_AirDist-SupFanMtr-cDXOH-2SpClgHtg-VFDStdMtr,None,RtL,Ex,CZ16,cDXOH,0,Each,1.0,130501.542050496,1680526.1199999999,767420.15,0,468847.72,0.0,122120.67,0,0,322134.19,0,0,0.0,0,0,0,6049.450170648463,1377.2337883959044,7.780887372013652,4664.435494880546,1,1,2026-06-10 17:41:22.494414
NE-HV_AirDist-SupFanMtr-cDXOH-2SpClgHtg-VFDExMtr,None,RtL,Ex,CZ15,cDXOH,0,Each,1.0,130501.542050496,2147138.07,767420.15,0,468847.72,0.0,601474.6,0,0,309392.21,0,0,0.0,0,0,0,4687.100682593856,1377.2337883959044,0.0,3309.866894197952,1,1,2026-06-10 17:41:22.494414
NE-HV_AirDist-SupFanMtr-cDXOH-2SpClgHtg-VFDPMMtr,None,RtL,Ex,CZ15,cDXOH,0,Each,1.0,130501.542050496,2131615.74,767420.15,0,468847.72,0.0,599012.04,0,0,296332.44,0,0,0.0,0,0,0,4687.101365187714,1377.2337883959044,0.0,3309.8675767918085,1,1,2026-06-10 17:41:22.494414
NE-HV_AirDist-SupFanMtr-cDXOH-2SpClgHtg-VFDStdMtr,None,RtL,Ex,CZ15,cDXOH,0,Each,1.0,130501.542050496,2142105.98,767420.15,0,468847.72,0.0,600624.3,0,0,305210.42,0,0,0.0,0,0,0,4687.101365187714,1377.2337883959044,0.0,3309.8675767918085,1,1,2026-06-10 17:41:22.494414
NE-HV_AirDist-SupFanMtr-cDXOH-2SpClgHtg-VFDExMtr,None,RtL,Ex,CZ14,cDXOH,0,Each,1.0,130501.542050496,1866763.54,767420.15,0,468847.72,0.0,334729.27,0,0,295763.01,0,0,0.0,0,0,0,5436.558020477815,1377.2337883959044,1.5839590443686005,4057.7402730375425,1,1,2026-06-10 17:41:22.494414
NE-HV_AirDist-SupFanMtr-cDXOH-2SpClgHtg-VFDPMMtr,None,RtL,Ex,CZ14,cDXOH,0,Each,1.0,130501.542050496,1852561.5399999998,767420.15,0,468847.72,0.0,332866.57,0,0,283423.71,0,0,0.0,0,0,0,5436.562798634813,1377.2337883959044,1.58839590443686,4057.740614334471,1,1,2026-06-10 17:41:22.494414
NE-HV_AirDist-SupFanMtr-cDXOH-2SpClgHtg-VFDStdMtr,None,RtL,Ex,CZ14,cDXOH,0,Each,1.0,130501.542050496,1862217.9399999997,767420.15,0,468847.72,0.0,334087.45,0,0,291859.23,0,0,0.0,0,0,0,5436.557679180887,1377.2337883959044,1.583617747440273,4057.7402730375425,1,1,2026-06-10 17:41:22.494414
NE-HV_AirDist-SupFanMtr-cDXOH-2SpClgHtg-VFDExMtr,None,RtL,Ex,CZ13,cDXOH,0,Each,1.0,130501.542050496,1872919.43,767420.15,0,468847.72,0.0,346445.67,0,0,290202.5,0,0,0.0,0,0,0,5319.424232081911,1377.2337883959044,0.0924914675767918,3942.09795221843,1,1,2026-06-10 17:41:22.494414
NE-HV_AirDist-SupFanMtr-cDXOH-2SpClgHtg-VFDPMMtr,None,RtL,Ex,CZ13,cDXOH,0,Each,1.0,130501.542050496,1859819.87,767420.15,0,468847.72,0.0,344701.29,0,0,278847.32,0,0,0.0,0,0,0,5319.424232081911,1377.2337883959044,0.0924914675767918,3942.09795221843,1,1,2026-06-10 17:41:22.494414
NE-HV_AirDist-SupFanMtr-cDXOH-2SpClgHtg-VFDStdMtr,None,RtL,Ex,CZ13,cDXOH,0,Each,1.0,130501.542050496,1868641.57,767420.15,0,468847.72,0.0,345845.77,0,0,286524.54,0,0,0.0,0,0,0,5319.42252559727,1377.2337883959044,0.09078498293515358,3942.09795221843,1,1,2026-06-10 17:41:22.494414
NE-HV_AirDist-SupFanMtr-cDXOH-2SpClgHtg-VFDExMtr,None,RtL,Ex,CZ12,cDXOH,0,Each,1.0,130501.542050496,1741912.5399999998,767420.15,0,468847.72,0.0,241687.26,0,0,263954.02,0,0,0.0,0,0,0,5595.248464163822,1377.2337883959044,0.6897610921501707,4217.324914675768,1,1,2026-06-10 17:41:22.494414
NE-HV_AirDist-SupFanMtr-cDXOH-2SpClgHtg-VFDPMMtr,None,RtL,Ex,CZ12,cDXOH,0,Each,1.0,130501.542050496,1729277.6799999997,767420.15,0,468847.72,0.0,240218.51,0,0,252787.91,0,0,0.0,0,0,0,5595.249829351536,1377.2337883959044,0.6911262798634812,4217.324914675768,1,1,2026-06-10 17:41:22.494414
NE-HV_AirDist-SupFanMtr-cDXOH-2SpClgHtg-VFDStdMtr,None,RtL,Ex,CZ12,cDXOH,0,Each,1.0,130501.542050496,1738247.3299999998,767420.15,0,468847.72,0.0,241186.39,0,0,260789.68,0,0,0.0,0,0,0,5595.24880546075,1377.2337883959044,0.6901023890784982,4217.324914675768,1,1,2026-06-10 17:41:22.494414
NE-HV_AirDist-SupFanMtr-cDXOH-2SpClgHtg-VFDExMtr,None,RtL,Ex,CZ11,cDXOH,0,Each,1.0,130501.542050496,1854213.6700000002,767420.15,0,468847.72,0.0,327789.52,0,0,290152.89,0,0,0.0,0,0,0,5405.239931740614,1377.2337883959044,2.698293515358362,4025.3078498293517,1,1,2026-06-10 17:41:22.494414
NE-HV_AirDist-SupFanMtr-cDXOH-2SpClgHtg-VFDPMMtr,None,RtL,Ex,CZ11,cDXOH,0,Each,1.0,130501.542050496,1841786.79,767420.15,0,468847.72,0.0,326165.79,0,0,279349.74,0,0,0.0,0,0,0,5405.23651877133,1377.2337883959044,2.694880546075085,4025.3078498293517,1,1,2026-06-10 17:41:22.494414
NE-HV_AirDist-SupFanMtr-cDXOH-2SpClgHtg-VFDStdMtr,None,RtL,Ex,CZ11,cDXOH,0,Each,1.0,130501.542050496,1850307.91,767420.15,0,468847.72,0.0,327237.35,0,0,286799.3,0,0,0.0,0,0,0,5405.238566552901,1377.2337883959044,2.6972696245733787,4025.307508532423,1,1,2026-06-10 17:41:22.494414
NE-HV_AirDist-SupFanMtr-cDXOH-2SpClgHtg-VFDExMtr,None,RtL,Ex,CZ10,cDXOH,0,Each,1.0,130501.542050496,1813176.14,767420.15,0,468847.72,0.0,325100.8,0,0,251804.08,0,0,0.0,0,0,0,5299.348805460751,1377.2337883959044,0.0,3922.115017064846,1,1,2026-06-10 17:41:22.494414
NE-HV_AirDist-SupFanMtr-cDXOH-2SpClgHtg-VFDPMMtr,None,RtL,Ex,CZ10,cDXOH,0,Each,1.0,130501.542050496,1798614.0099999998,767420.15,0,468847.72,0.0,323104.09,0,0,239238.66,0,0,0.0,0,0,0,5299.348464163822,1377.2337883959044,0.0,3922.114675767918,1,1,2026-06-10 17:41:22.494414
NE-HV_AirDist-SupFanMtr-cDXOH-2SpClgHtg-VFDStdMtr,None,RtL,Ex,CZ10,cDXOH,0,Each,1.0,130501.542050496,1808549.66,767420.15,0,468847.72,0.0,324422.11,0,0,247856.29,0,0,0.0,0,0,0,5299.348805460751,1377.2337883959044,0.0,3922.115017064846,1,1,2026-06-10 17:41:22.494414
NE-HV_AirDist-SupFanMtr-cDXOH-2SpClgHtg-VFDExMtr,None,RtL,Ex,CZ09,cDXOH,0,Each,1.0,130501.542050496,1778026.42,767420.15,0,468847.72,0.0,290339.82,0,0,251415.34,0,0,0.0,0,0,0,5351.080546075085,1377.2337883959044,0.0,3973.846757679181,1,1,2026-06-10 17:41:22.494414
NE-HV_AirDist-SupFanMtr-cDXOH-2SpClgHtg-VFDPMMtr,None,RtL,Ex,CZ09,cDXOH,0,Each,1.0,130501.542050496,1763126.0999999999,767420.15,0,468847.72,0.0,288386.4,0,0,238468.44,0,0,0.0,0,0,0,5351.080204778156,1377.2337883959044,0.0,3973.8464163822523,1,1,2026-06-10 17:41:22.494414
NE-HV_AirDist-SupFanMtr-cDXOH-2SpClgHtg-VFDStdMtr,None,RtL,Ex,CZ09,cDXOH,0,Each,1.0,130501.542050496,1773346.01,767420.15,0,468847.72,0.0,289668.02,0,0,247406.73,0,0,0.0,0,0,0,5351.080546075085,1377.2337883959044,0.0,3973.846757679181,1,1,2026-06-10 17:41:22.494414
NE-HV_AirDist-SupFanMtr-cDXOH-2SpClgHtg-VFDExMtr,None,RtL,Ex,CZ08,cDXOH,0,Each,1.0,130501.542050496,1776201.4799999997,767420.15,0,468847.72,0.0,292856.86,0,0,247073.36,0,0,0.0,0,0,0,5321.847781569966,1377.2337883959044,0.0,3944.6139931740613,1,1,2026-06-10 17:41:22.494414
NE-HV_AirDist-SupFanMtr-cDXOH-2SpClgHtg-VFDPMMtr,None,RtL,Ex,CZ08,cDXOH,0,Each,1.0,130501.542050496,1761310.3699999999,767420.15,0,468847.72,0.0,290827.78,0,0,234211.33,0,0,0.0,0,0,0,5321.847781569966,1377.2337883959044,0.0,3944.6139931740613,1,1,2026-06-10 17:41:22.494414
NE-HV_AirDist-SupFanMtr-cDXOH-2SpClgHtg-VFDStdMtr,None,RtL,Ex,CZ08,cDXOH,0,Each,1.0,130501.542050496,1771560.8499999999,767420.15,0,468847.72,0.0,292160.39,0,0,243129.2,0,0,0.0,0,0,0,5321.848122866894,1377.2337883959044,0.0,3944.6143344709894,1,1,2026-06-10 17:41:22.494414
NE-HV_AirDist-SupFanMtr-cDXOH-2SpClgHtg-VFDExMtr,None,RtL,Ex,CZ07,cDXOH,0,Each,1.0,130501.542050496,1658599.18,767420.15,0,468847.72,0.0,196930.64,0,0,225397.28,0,0,0.0,0,0,0,5407.151877133106,1377.2337883959044,0.0,4029.9180887372013,1,1,2026-06-10 17:41:22.494414
NE-HV_AirDist-SupFanMtr-cDXOH-2SpClgHtg-VFDPMMtr,None,RtL,Ex,CZ07,cDXOH,0,Each,1.0,130501.542050496,1643731.32,767420.15,0,468847.72,0.0,195119.19,0,0,212340.87,0,0,0.0,0,0,0,5407.151535836177,1377.2337883959044,0.0,4029.9177474402727,1,1,2026-06-10 17:41:22.494414
NE-HV_AirDist-SupFanMtr-cDXOH-2SpClgHtg-VFDStdMtr,None,RtL,Ex,CZ07,cDXOH,0,Each,1.0,130501.542050496,1653914.47,767420.15,0,468847.72,0.0,196310.39,0,0,221332.82,0,0,0.0,0,0,0,5407.151535836177,1377.2337883959044,0.0,4029.9177474402727,1,1,2026-06-10 17:41:22.494414
NE-HV_AirDist-SupFanMtr-cDXOH-2SpClgHtg-VFDExMtr,None,RtL,Ex,CZ06,cDXOH,0,Each,1.0,130501.542050496,1642048.45,767420.15,0,468847.72,0.0,181299.0,0,0,224478.19,0,0,0.0,0,0,0,5450.137883959043,1377.2337883959044,0.0,4072.90409556314,1,1,2026-06-10 17:41:22.494414
NE-HV_AirDist-SupFanMtr-cDXOH-2SpClgHtg-VFDPMMtr,None,RtL,Ex,CZ06,cDXOH,0,Each,1.0,130501.542050496,1626788.6799999997,767420.15,0,468847.72,0.0,179426.18,0,0,211091.24,0,0,0.0,0,0,0,5450.138225255972,1377.2337883959044,0.0,4072.9044368600685,1,1,2026-06-10 17:41:22.494414
NE-HV_AirDist-SupFanMtr-cDXOH-2SpClgHtg-VFDStdMtr,None,RtL,Ex,CZ06,cDXOH,0,Each,1.0,130501.542050496,1637390.43,767420.15,0,468847.72,0.0,180657.36,0,0,220461.81,0,0,0.0,0,0,0,5450.137542662116,1377.2337883959044,0.0,4072.9037542662118,1,1,2026-06-10 17:41:22.494414
NE-HV_AirDist-SupFanMtr-cDXOH-2SpClgHtg-VFDExMtr,None,RtL,Ex,CZ05,cDXOH,0,Each,1.0,130501.542050496,1547141.24,767420.15,0,468847.72,0.0,98693.14,0,0,212176.84,0,0,0.0,0,0,0,5807.830034129692,1377.2337883959044,0.0013651877133105802,4430.594880546075,1,1,2026-06-10 17:41:22.494414
NE-HV_AirDist-SupFanMtr-cDXOH-2SpClgHtg-VFDPMMtr,None,RtL,Ex,CZ05,cDXOH,0,Each,1.0,130501.542050496,1534884.3900000001,767420.15,0,468847.72,0.0,97484.81,0,0,201128.32,0,0,0.0,0,0,0,5807.830034129692,1377.2337883959044,0.0013651877133105802,4430.594880546075,1,1,2026-06-10 17:41:22.494414
NE-HV_AirDist-SupFanMtr-cDXOH-2SpClgHtg-VFDStdMtr,None,RtL,Ex,CZ05,cDXOH,0,Each,1.0,130501.542050496,1543575.4,767420.15,0,468847.72,0.0,98293.19,0,0,209010.95,0,0,0.0,0,0,0,5807.830034129692,1377.2337883959044,0.0013651877133105802,4430.594880546075,1,1,2026-06-10 17:41:22.494414
NE-HV_AirDist-SupFanMtr-cDXOH-2SpClgHtg-VFDExMtr,None,RtL,Ex,CZ04,cDXOH,0,Each,1.0,130501.542050496,1742361.44,767420.15,0,468847.72,0.0,244631.41,0,0,261458.77,0,0,0.0,0,0,0,5659.975085324232,1377.2337883959044,0.3194539249146757,4282.421843003413,1,1,2026-06-10 17:41:22.494414
NE-HV_AirDist-SupFanMtr-cDXOH-2SpClgHtg-VFDPMMtr,None,RtL,Ex,CZ04,cDXOH,0,Each,1.0,130501.542050496,1729961.98,767420.15,0,468847.72,0.0,243170.62,0,0,250520.1,0,0,0.0,0,0,0,5659.973720136519,1377.2337883959044,0.3228668941979522,4282.417064846417,1,1,2026-06-10 17:41:22.494414
NE-HV_AirDist-SupFanMtr-cDXOH-2SpClgHtg-VFDStdMtr,None,RtL,Ex,CZ04,cDXOH,0,Each,1.0,130501.542050496,1738875.5,767420.15,0,468847.72,0.0,244142.42,0,0,258461.82,0,0,0.0,0,0,0,5659.914675767918,1377.2337883959044,0.3204778156996587,4282.360409556314,1,1,2026-06-10 17:41:22.494414
NE-HV_AirDist-SupFanMtr-cDXOH-2SpClgHtg-VFDExMtr,None,RtL,Ex,CZ03,cDXOH,0,Each,1.0,130501.542050496,1523663.5599999998,767420.15,0,468847.72,0.0,81462.32,0,0,205929.98,0,0,0.0,0,0,0,5787.069624573378,1377.2337883959044,0.004436860068259386,4409.831399317406,1,1,2026-06-10 17:41:22.494414
NE-HV_AirDist-SupFanMtr-cDXOH-2SpClgHtg-VFDPMMtr,None,RtL,Ex,CZ03,cDXOH,0,Each,1.0,130501.542050496,1512173.45,767420.15,0,468847.72,0.0,80445.92,0,0,195456.27,0,0,0.0,0,0,0,5787.069965870307,1377.2337883959044,0.004436860068259386,4409.831740614334,1,1,2026-06-10 17:41:22.494414
NE-HV_AirDist-SupFanMtr-cDXOH-2SpClgHtg-VFDStdMtr,None,RtL,Ex,CZ03,cDXOH,0,Each,1.0,130501.542050496,1520246.69,767420.15,0,468847.72,0.0,81124.38,0,0,202851.05,0,0,0.0,0,0,0,5787.069965870307,1377.2337883959044,0.004436860068259386,4409.831740614334,1,1,2026-06-10 17:41:22.494414
NE-HV_AirDist-SupFanMtr-cDXOH-2SpClgHtg-VFDExMtr,None,RtL,Ex,CZ02,cDXOH,0,Each,1.0,130501.542050496,1635224.18,767420.15,0,468847.72,0.0,154950.56,0,0,244002.36,0,0,0.0,0,0,0,5839.141979522184,1377.2337883959044,1.2965870307167235,4460.611604095563,1,1,2026-06-10 17:41:22.494414
NE-HV_AirDist-SupFanMtr-cDXOH-2SpClgHtg-VFDPMMtr,None,RtL,Ex,CZ02,cDXOH,0,Each,1.0,130501.542050496,1623695.5699999998,767420.15,0,468847.72,0.0,153762.86,0,0,233661.45,0,0,0.0,0,0,0,5839.092832764504,1377.2337883959044,1.2986348122866893,4460.560409556314,1,1,2026-06-10 17:41:22.494414
NE-HV_AirDist-SupFanMtr-cDXOH-2SpClgHtg-VFDStdMtr,None,RtL,Ex,CZ02,cDXOH,0,Each,1.0,130501.542050496,1631984.7499999998,767420.15,0,468847.72,0.0,154551.32,0,0,241162.17,0,0,0.0,0,0,0,5839.091467576792,1377.2337883959044,1.2976109215017066,4460.560068259386,1,1,2026-06-10 17:41:22.494414
NE-HV_AirDist-SupFanMtr-cDXOH-2SpClgHtg-VFDExMtr,None,RtL,Ex,CZ01,cDXOH,0,Each,1.0,130501.542050496,1469243.8699999999,767420.15,0,468847.72,0.0,14308.68,0,0,218663.93,0,0,0.0,0,0,0,6145.68976109215,1377.2337883959044,1.8447098976109213,4766.611262798634,1,1,2026-06-10 17:41:22.494414
NE-HV_AirDist-SupFanMtr-cDXOH-2SpClgHtg-VFDPMMtr,None,RtL,Ex,CZ01,cDXOH,0,Each,1.0,130501.542050496,1461114.0699999998,767420.15,0,468847.72,0.0,14099.26,0,0,210743.55,0,0,0.0,0,0,0,6145.692491467576,1377.2337883959044,1.8464163822525597,4766.612286689419,1,1,2026-06-10 17:41:22.494414
NE-HV_AirDist-SupFanMtr-cDXOH-2SpClgHtg-VFDStdMtr,None,RtL,Ex,CZ01,cDXOH,0,Each,1.0,130501.542050496,1467113.29,767420.15,0,468847.72,0.0,14241.95,0,0,216600.08,0,0,0.0,0,0,0,6145.669624573378,1377.2337883959044,1.8464163822525597,4766.589419795222,1,1,2026-06-10 17:41:22.494414
NE-HV_AirDist-SupFanMtr-cDXHP-2SpClgHtg-VFDExMtr,None,RtL,Ex,CZ16,cDXHP,0,Each,1.0,130501.542050496,1641121.1099999996,767420.15,0,468847.72,43579.76,124873.44,0,0,236396.65,0,0,0.0,0,0,0,6043.9791808873715,1377.2337883959044,2.31296928327645,4664.432423208191,1,1,2026-06-10 17:41:22.494414
NE-HV_AirDist-SupFanMtr-cDXHP-2SpClgHtg-VFDPMMtr,None,RtL,Ex,CZ16,cDXHP,0,Each,1.0,130501.542050496,1625796.44,767420.15,0,468847.72,44431.57,123710.43,0,0,221383.18,0,0,0.0,0,0,0,6043.984300341296,1377.2337883959044,2.3187713310580205,4664.431740614335,1,1,2026-06-10 17:41:22.494414
NE-HV_AirDist-SupFanMtr-cDXHP-2SpClgHtg-VFDStdMtr,None,RtL,Ex,CZ16,cDXHP,0,Each,1.0,130501.542050496,1636495.2599999998,767420.15,0,468847.72,43834.1,124477.64,0,0,231912.26,0,0,0.0,0,0,0,6043.979180887371,1377.2337883959044,2.313310580204778,4664.432081911262,1,1,2026-06-10 17:41:22.494414
NE-HV_AirDist-SupFanMtr-cDXHP-2SpClgHtg-VFDExMtr,None,RtL,Ex,CZ15,cDXHP,0,Each,1.0,130501.542050496,2155511.29,767420.15,0,468847.72,2644.76,608714.72,0,0,307880.55,0,0,0.0,0,0,0,4687.110921501706,1377.2337883959044,0.0,3309.877133105802,1,1,2026-06-10 17:41:22.494414
NE-HV_AirDist-SupFanMtr-cDXHP-2SpClgHtg-VFDPMMtr,None,RtL,Ex,CZ15,cDXHP,0,Each,1.0,130501.542050496,2139533.5700000003,767420.15,0,468847.72,2733.87,605979.3,0,0,294549.14,0,0,0.0,0,0,0,4687.110921501706,1377.2337883959044,0.0,3309.877133105802,1,1,2026-06-10 17:41:22.494414
NE-HV_AirDist-SupFanMtr-cDXHP-2SpClgHtg-VFDStdMtr,None,RtL,Ex,CZ15,cDXHP,0,Each,1.0,130501.542050496,2150072.9099999997,767420.15,0,468847.72,2662.2,607744.65,0,0,303394.8,0,0,0.0,0,0,0,4687.111262798634,1377.2337883959044,0.0,3309.8774744027305,1,1,2026-06-10 17:41:22.494414
NE-HV_AirDist-SupFanMtr-cDXHP-2SpClgHtg-VFDExMtr,None,RtL,Ex,CZ14,cDXHP,0,Each,1.0,130501.542050496,1843194.2,767420.15,0,468847.72,19517.29,336456.8,0,0,250948.85,0,0,0.0,0,0,0,5435.271331058021,1377.2337883959044,0.3139931740614334,4057.7235494880547,1,1,2026-06-10 17:41:22.494414
NE-HV_AirDist-SupFanMtr-cDXHP-2SpClgHtg-VFDPMMtr,None,RtL,Ex,CZ14,cDXHP,0,Each,1.0,130501.542050496,1827901.26,767420.15,0,468847.72,19919.46,335036.15,0,0,236674.39,0,0,0.0,0,0,0,5435.273037542662,1377.2337883959044,0.3150170648464164,4057.7242320819114,1,1,2026-06-10 17:41:22.494414
NE-HV_AirDist-SupFanMtr-cDXHP-2SpClgHtg-VFDStdMtr,None,RtL,Ex,CZ14,cDXHP,0,Each,1.0,130501.542050496,1838636.9799999997,767420.15,0,468847.72,19627.42,336069.32,0,0,246668.98,0,0,0.0,0,0,0,5435.272013651877,1377.2337883959044,0.31433447098976114,4057.723890784983,1,1,2026-06-10 17:41:22.494414
NE-HV_AirDist-SupFanMtr-cDXHP-2SpClgHtg-VFDExMtr,None,RtL,Ex,CZ13,cDXHP,0,Each,1.0,130501.542050496,1834153.53,767420.15,0,468847.72,18519.79,343017.42,0,0,236345.06,0,0,0.0,0,0,0,5319.341296928328,1377.2337883959044,0.0,3942.1075085324233,1,1,2026-06-10 17:41:22.494414
NE-HV_AirDist-SupFanMtr-cDXHP-2SpClgHtg-VFDPMMtr,None,RtL,Ex,CZ13,cDXHP,0,Each,1.0,130501.542050496,1819752.96,767420.15,0,468847.72,18928.46,341604.21,0,0,222949.03,0,0,0.0,0,0,0,5319.341296928328,1377.2337883959044,0.0,3942.1075085324233,1,1,2026-06-10 17:41:22.494414
NE-HV_AirDist-SupFanMtr-cDXHP-2SpClgHtg-VFDStdMtr,None,RtL,Ex,CZ13,cDXHP,0,Each,1.0,130501.542050496,1829351.1899999997,767420.15,0,468847.72,18644.04,342404.28,0,0,232031.61,0,0,0.0,0,0,0,5319.340955631399,1377.2337883959044,0.0,3942.107167235495,1,1,2026-06-10 17:41:22.494414
NE-HV_AirDist-SupFanMtr-cDXHP-2SpClgHtg-VFDExMtr,None,RtL,Ex,CZ12,cDXHP,0,Each,1.0,130501.542050496,1711294.1199999996,767420.15,0,468847.72,21966.47,243337.73,0,0,209718.66,0,0,0.0,0,0,0,5594.569283276451,1377.2337883959044,0.0071672354948805455,4217.328327645051,1,1,2026-06-10 17:41:22.494414
NE-HV_AirDist-SupFanMtr-cDXHP-2SpClgHtg-VFDPMMtr,None,RtL,Ex,CZ12,cDXHP,0,Each,1.0,130501.542050496,1697564.5699999998,767420.15,0,468847.72,22410.02,241858.55,0,0,197024.74,0,0,0.0,0,0,0,5594.569283276451,1377.2337883959044,0.0071672354948805455,4217.328327645051,1,1,2026-06-10 17:41:22.494414
NE-HV_AirDist-SupFanMtr-cDXHP-2SpClgHtg-VFDStdMtr,None,RtL,Ex,CZ12,cDXHP,0,Each,1.0,130501.542050496,1707088.2599999998,767420.15,0,468847.72,22100.0,242850.45,0,0,205866.55,0,0,0.0,0,0,0,5594.569283276451,1377.2337883959044,0.0071672354948805455,4217.328327645051,1,1,2026-06-10 17:41:22.494414
NE-HV_AirDist-SupFanMtr-cDXHP-2SpClgHtg-VFDExMtr,None,RtL,Ex,CZ11,cDXHP,0,Each,1.0,130501.542050496,1813920.96,767420.15,0,468847.72,22112.8,325132.91,0,0,230403.99,0,0,0.0,0,0,0,5402.927645051194,1377.2337883959044,0.37952218430034124,4025.3143344709897,1,1,2026-06-10 17:41:22.494414
NE-HV_AirDist-SupFanMtr-cDXHP-2SpClgHtg-VFDPMMtr,None,RtL,Ex,CZ11,cDXHP,0,Each,1.0,130501.542050496,1799644.41,767420.15,0,468847.72,22556.99,323539.31,0,0,217276.85,0,0,0.0,0,0,0,5402.929692832764,1377.2337883959044,0.3812286689419795,4025.314675767918,1,1,2026-06-10 17:41:22.494414
NE-HV_AirDist-SupFanMtr-cDXHP-2SpClgHtg-VFDStdMtr,None,RtL,Ex,CZ11,cDXHP,0,Each,1.0,130501.542050496,1809366.15,767420.15,0,468847.72,22251.19,324564.94,0,0,226278.76,0,0,0.0,0,0,0,5402.927986348123,1377.2337883959044,0.379863481228669,4025.3143344709897,1,1,2026-06-10 17:41:22.494414
NE-HV_AirDist-SupFanMtr-cDXHP-2SpClgHtg-VFDExMtr,None,RtL,Ex,CZ10,cDXHP,0,Each,1.0,130501.542050496,1795612.49,767420.15,0,468847.72,5650.89,321691.9,0,0,231998.44,0,0,0.0,0,0,0,5299.354607508532,1377.2337883959044,0.0,3922.120819112628,1,1,2026-06-10 17:41:22.494414
NE-HV_AirDist-SupFanMtr-cDXHP-2SpClgHtg-VFDPMMtr,None,RtL,Ex,CZ10,cDXHP,0,Each,1.0,130501.542050496,1779757.18,767420.15,0,468847.72,5819.69,319526.02,0,0,218140.21,0,0,0.0,0,0,0,5299.354266211604,1377.2337883959044,0.0,3922.1204778157,1,1,2026-06-10 17:41:22.494414
NE-HV_AirDist-SupFanMtr-cDXHP-2SpClgHtg-VFDStdMtr,None,RtL,Ex,CZ10,cDXHP,0,Each,1.0,130501.542050496,1791033.5299999998,767420.15,0,468847.72,5700.86,321162.69,0,0,227898.72,0,0,0.0,0,0,0,5299.354607508532,1377.2337883959044,0.0,3922.120819112628,1,1,2026-06-10 17:41:22.494414
NE-HV_AirDist-SupFanMtr-cDXHP-2SpClgHtg-VFDExMtr,None,RtL,Ex,CZ09,cDXHP,0,Each,1.0,130501.542050496,1766660.5799999998,767420.15,0,468847.72,5961.26,289837.54,0,0,234590.52,0,0,0.0,0,0,0,5351.083276450511,1377.2337883959044,0.0,3973.8494880546073,1,1,2026-06-10 17:41:22.494414
NE-HV_AirDist-SupFanMtr-cDXHP-2SpClgHtg-VFDPMMtr,None,RtL,Ex,CZ09,cDXHP,0,Each,1.0,130501.542050496,1751114.5999999999,767420.15,0,468847.72,6140.95,287867.0,0,0,220835.39,0,0,0.0,0,0,0,5351.08361774744,1377.2337883959044,0.0,3973.849829351536,1,1,2026-06-10 17:41:22.494414
NE-HV_AirDist-SupFanMtr-cDXHP-2SpClgHtg-VFDStdMtr,None,RtL,Ex,CZ09,cDXHP,0,Each,1.0,130501.542050496,1762105.02,767420.15,0,468847.72,6012.58,289390.88,0,0,230430.3,0,0,0.0,0,0,0,5351.083276450511,1377.2337883959044,0.0,3973.8494880546073,1,1,2026-06-10 17:41:22.494414
NE-HV_AirDist-SupFanMtr-cDXHP-2SpClgHtg-VFDExMtr,None,RtL,Ex,CZ08,cDXHP,0,Each,1.0,130501.542050496,1763661.9799999997,767420.15,0,468847.72,4090.01,290973.04,0,0,232327.67,0,0,0.0,0,0,0,5321.851194539248,1377.2337883959044,0.0,3944.6174061433444,1,1,2026-06-10 17:41:22.494414
NE-HV_AirDist-SupFanMtr-cDXHP-2SpClgHtg-VFDPMMtr,None,RtL,Ex,CZ08,cDXHP,0,Each,1.0,130501.542050496,1748284.8399999999,767420.15,0,468847.72,4219.41,288912.72,0,0,218881.45,0,0,0.0,0,0,0,5321.851877133106,1377.2337883959044,0.0,3944.618088737201,1,1,2026-06-10 17:41:22.494414
NE-HV_AirDist-SupFanMtr-cDXHP-2SpClgHtg-VFDStdMtr,None,RtL,Ex,CZ08,cDXHP,0,Each,1.0,130501.542050496,1758615.4399999997,767420.15,0,468847.72,4129.76,290242.29,0,0,227972.13,0,0,0.0,0,0,0,5321.851535836177,1377.2337883959044,0.0,3944.617747440273,1,1,2026-06-10 17:41:22.494414
NE-HV_AirDist-SupFanMtr-cDXHP-2SpClgHtg-VFDExMtr,None,RtL,Ex,CZ07,cDXHP,0,Each,1.0,130501.542050496,1653722.04,767420.15,0,468847.72,2247.86,195211.66,0,0,219991.26,0,0,0.0,0,0,0,5407.151535836177,1377.2337883959044,0.0,4029.9177474402727,1,1,2026-06-10 17:41:22.494414
NE-HV_AirDist-SupFanMtr-cDXHP-2SpClgHtg-VFDPMMtr,None,RtL,Ex,CZ07,cDXHP,0,Each,1.0,130501.542050496,1638572.7699999998,767420.15,0,468847.72,2326.45,193388.25,0,0,206586.81,0,0,0.0,0,0,0,5407.151535836177,1377.2337883959044,0.0,4029.9177474402727,1,1,2026-06-10 17:41:22.494414
NE-HV_AirDist-SupFanMtr-cDXHP-2SpClgHtg-VFDStdMtr,None,RtL,Ex,CZ07,cDXHP,0,Each,1.0,130501.542050496,1649017.94,767420.15,0,468847.72,2271.42,194584.01,0,0,215891.25,0,0,0.0,0,0,0,5407.151535836177,1377.2337883959044,0.0,4029.9177474402727,1,1,2026-06-10 17:41:22.494414
NE-HV_AirDist-SupFanMtr-cDXHP-2SpClgHtg-VFDExMtr,None,RtL,Ex,CZ06,cDXHP,0,Each,1.0,130501.542050496,1635634.07,767420.15,0,468847.72,2765.67,179074.52,0,0,217522.62,0,0,0.0,0,0,0,5450.138225255972,1377.2337883959044,0.0,4072.9044368600685,1,1,2026-06-10 17:41:22.494414
NE-HV_AirDist-SupFanMtr-cDXHP-2SpClgHtg-VFDPMMtr,None,RtL,Ex,CZ06,cDXHP,0,Each,1.0,130501.542050496,1620300.14,767420.15,0,468847.72,2867.71,177240.0,0,0,203921.17,0,0,0.0,0,0,0,5450.138566552901,1377.2337883959044,0.0,4072.9047781569966,1,1,2026-06-10 17:41:22.494414
NE-HV_AirDist-SupFanMtr-cDXHP-2SpClgHtg-VFDStdMtr,None,RtL,Ex,CZ06,cDXHP,0,Each,1.0,130501.542050496,1630880.1500000001,767420.15,0,468847.72,2792.05,178447.01,0,0,213369.83,0,0,0.0,0,0,0,5450.138225255972,1377.2337883959044,0.0,4072.9044368600685,1,1,2026-06-10 17:41:22.494414
NE-HV_AirDist-SupFanMtr-cDXHP-2SpClgHtg-VFDExMtr,None,RtL,Ex,CZ05,cDXHP,0,Each,1.0,130501.542050496,1534351.3599999999,767420.15,0,468847.72,11667.63,99316.96,0,0,187095.51,0,0,0.0,0,0,0,5807.828668941979,1377.2337883959044,0.0,4430.594880546075,1,1,2026-06-10 17:41:22.494414
NE-HV_AirDist-SupFanMtr-cDXHP-2SpClgHtg-VFDPMMtr,None,RtL,Ex,CZ05,cDXHP,0,Each,1.0,130501.542050496,1521043.3599999999,767420.15,0,468847.72,11954.7,98155.31,0,0,174662.09,0,0,0.0,0,0,0,5807.829010238908,1377.2337883959044,0.0,4430.595221843003,1,1,2026-06-10 17:41:22.494414
NE-HV_AirDist-SupFanMtr-cDXHP-2SpClgHtg-VFDStdMtr,None,RtL,Ex,CZ05,cDXHP,0,Each,1.0,130501.542050496,1530331.2999999998,767420.15,0,468847.72,11758.03,98932.46,0,0,183369.55,0,0,0.0,0,0,0,5807.828668941979,1377.2337883959044,0.0,4430.594880546075,1,1,2026-06-10 17:41:22.494414
NE-HV_AirDist-SupFanMtr-cDXHP-2SpClgHtg-VFDExMtr,None,RtL,Ex,CZ04,cDXHP,0,Each,1.0,130501.542050496,1718462.45,767420.15,0,468847.72,20622.39,248271.57,0,0,213297.23,0,0,0.0,0,0,0,5659.662798634812,1377.2337883959044,0.0651877133105802,4282.363822525597,1,1,2026-06-10 17:41:22.494414
NE-HV_AirDist-SupFanMtr-cDXHP-2SpClgHtg-VFDPMMtr,None,RtL,Ex,CZ04,cDXHP,0,Each,1.0,130501.542050496,1704153.5399999998,767420.15,0,468847.72,21043.92,246635.42,0,0,200202.94,0,0,0.0,0,0,0,5659.663481228669,1377.2337883959044,0.06621160409556313,4282.363481228669,1,1,2026-06-10 17:41:22.494414
NE-HV_AirDist-SupFanMtr-cDXHP-2SpClgHtg-VFDStdMtr,None,RtL,Ex,CZ04,cDXHP,0,Each,1.0,130501.542050496,1714057.79,767420.15,0,468847.72,20751.46,247708.5,0,0,209326.57,0,0,0.0,0,0,0,5659.663481228668,1377.2337883959044,0.06587030716723549,4282.363822525597,1,1,2026-06-10 17:41:22.494414
NE-HV_AirDist-SupFanMtr-cDXHP-2SpClgHtg-VFDExMtr,None,RtL,Ex,CZ03,cDXHP,0,Each,1.0,130501.542050496,1506666.4199999997,767420.15,0,468847.72,12971.05,81518.9,0,0,175905.21,0,0,0.0,0,0,0,5787.0651877133105,1377.2337883959044,0.0,4409.831399317406,1,1,2026-06-10 17:41:22.494414
NE-HV_AirDist-SupFanMtr-cDXHP-2SpClgHtg-VFDPMMtr,None,RtL,Ex,CZ03,cDXHP,0,Each,1.0,130501.542050496,1494134.96,767420.15,0,468847.72,13297.0,80560.36,0,0,164006.34,0,0,0.0,0,0,0,5787.0655290102395,1377.2337883959044,0.0,4409.831740614334,1,1,2026-06-10 17:41:22.494414
NE-HV_AirDist-SupFanMtr-cDXHP-2SpClgHtg-VFDStdMtr,None,RtL,Ex,CZ03,cDXHP,0,Each,1.0,130501.542050496,1502932.19,767420.15,0,468847.72,13066.78,81197.63,0,0,172396.52,0,0,0.0,0,0,0,5787.0655290102395,1377.2337883959044,0.0,4409.831740614334,1,1,2026-06-10 17:41:22.494414
NE-HV_AirDist-SupFanMtr-cDXHP-2SpClgHtg-VFDExMtr,None,RtL,Ex,CZ02,cDXHP,0,Each,1.0,130501.542050496,1610008.44,767420.15,0,468847.72,24264.47,158788.68,0,0,190684.03,0,0,0.0,0,0,0,5837.968941979521,1377.2337883959044,0.1750853242320819,4460.560068259386,1,1,2026-06-10 17:41:22.494414
NE-HV_AirDist-SupFanMtr-cDXHP-2SpClgHtg-VFDPMMtr,None,RtL,Ex,CZ02,cDXHP,0,Each,1.0,130501.542050496,1596926.1199999999,767420.15,0,468847.72,24748.01,157576.42,0,0,178330.43,0,0,0.0,0,0,0,5838.012627986348,1377.2337883959044,0.17747440273037543,4460.601365187713,1,1,2026-06-10 17:41:22.494414
NE-HV_AirDist-SupFanMtr-cDXHP-2SpClgHtg-VFDStdMtr,None,RtL,Ex,CZ02,cDXHP,0,Each,1.0,130501.542050496,1606120.0699999998,767420.15,0,468847.72,24405.0,158379.62,0,0,187064.19,0,0,0.0,0,0,0,5838.009897610921,1377.2337883959044,0.17542662116040955,4460.600682593857,1,1,2026-06-10 17:41:22.494414
NE-HV_AirDist-SupFanMtr-cDXHP-2SpClgHtg-VFDExMtr,None,RtL,Ex,CZ01,cDXHP,0,Each,1.0,130501.542050496,1427947.7199999997,767420.15,0,468847.72,32320.18,14252.36,0,0,145103.92,0,0,0.0,0,0,0,6144.352901023891,1377.2337883959044,0.5075085324232081,4766.611604095563,1,1,2026-06-10 17:41:22.494414
NE-HV_AirDist-SupFanMtr-cDXHP-2SpClgHtg-VFDPMMtr,None,RtL,Ex,CZ01,cDXHP,0,Each,1.0,130501.542050496,1417300.67,767420.15,0,468847.72,32995.86,14042.29,0,0,133991.26,0,0,0.0,0,0,0,6144.356655290102,1377.2337883959044,0.510580204778157,4766.612286689419,1,1,2026-06-10 17:41:22.494414
NE-HV_AirDist-SupFanMtr-cDXHP-2SpClgHtg-VFDStdMtr,None,RtL,Ex,CZ01,cDXHP,0,Each,1.0,130501.542050496,1425074.0899999999,767420.15,0,468847.72,32514.41,14184.2,0,0,142104.22,0,0,0.0,0,0,0,6144.353924914676,1377.2337883959044,0.5081911262798635,4766.611945392492,1,1,2026-06-10 17:41:22.494414
NE-HV_AirDist-SupFanMtr-cDXGF-2SpClgHtg-VFDExMtr,None,RtL,Ex,CZ16,cDXGF,0,Each,1.0,130501.542050496,1594818.9899999998,767420.15,0,468847.72,0.0,122842.49,0,0,235705.24,0,0,0.0,0,0,0,14549.035153583616,1377.2337883959044,8507.369624573379,4664.431740614335,1,1,2026-06-10 17:41:22.494414
NE-HV_AirDist-SupFanMtr-cDXGF-2SpClgHtg-VFDPMMtr,None,RtL,Ex,CZ16,cDXGF,0,Each,1.0,130501.542050496,1578661.0399999998,767420.15,0,468847.72,0.0,121716.34,0,0,220673.44,0,0,0.0,0,0,0,14728.999999999998,1377.2337883959044,8687.33481228669,4664.4313993174055,1,1,2026-06-10 17:41:22.494414
NE-HV_AirDist-SupFanMtr-cDXGF-2SpClgHtg-VFDStdMtr,None,RtL,Ex,CZ16,cDXGF,0,Each,1.0,130501.542050496,1589954.7699999998,767420.15,0,468847.72,0.0,122456.28,0,0,231227.23,0,0,0.0,0,0,0,14606.85324232082,1377.2337883959044,8565.188054607508,4664.4313993174055,1,1,2026-06-10 17:41:22.494414
NE-HV_AirDist-SupFanMtr-cDXGF-2SpClgHtg-VFDExMtr,None,RtL,Ex,CZ15,cDXGF,0,Each,1.0,130501.542050496,2141728.82,767420.15,0,468847.72,0.0,601580.8,0,0,303876.76,0,0,0.0,0,0,0,5274.939590443685,1377.2337883959044,587.8450511945392,3309.8607508532423,1,1,2026-06-10 17:41:22.494414
NE-HV_AirDist-SupFanMtr-cDXGF-2SpClgHtg-VFDPMMtr,None,RtL,Ex,CZ15,cDXGF,0,Each,1.0,130501.542050496,2126202.23,767420.15,0,468847.72,0.0,599112.71,0,0,290818.26,0,0,0.0,0,0,0,5295.2081911262785,1377.2337883959044,608.1133105802048,3309.8610921501704,1,1,2026-06-10 17:41:22.494414
NE-HV_AirDist-SupFanMtr-cDXGF-2SpClgHtg-VFDStdMtr,None,RtL,Ex,CZ15,cDXGF,0,Each,1.0,130501.542050496,2136607.39,767420.15,0,468847.72,0.0,600730.42,0,0,299605.71,0,0,0.0,0,0,0,5278.795904436859,1377.2337883959044,591.701023890785,3309.8610921501704,1,1,2026-06-10 17:41:22.494414
NE-HV_AirDist-SupFanMtr-cDXGF-2SpClgHtg-VFDExMtr,None,RtL,Ex,CZ14,cDXGF,0,Each,1.0,130501.542050496,1829684.6499999997,767420.15,0,468847.72,0.0,335275.95,0,0,258137.44,0,0,0.0,0,0,0,9444.871331058019,1377.2337883959044,4009.9269624573376,4057.710580204778,1,1,2026-06-10 17:41:22.494414
NE-HV_AirDist-SupFanMtr-cDXGF-2SpClgHtg-VFDPMMtr,None,RtL,Ex,CZ14,cDXGF,0,Each,1.0,130501.542050496,1813741.9799999997,767420.15,0,468847.72,0.0,333399.78,0,0,244070.94,0,0,0.0,0,0,0,9532.690443686006,1377.2337883959044,4097.723208191126,4057.733447098976,1,1,2026-06-10 17:41:22.494414
NE-HV_AirDist-SupFanMtr-cDXGF-2SpClgHtg-VFDStdMtr,None,RtL,Ex,CZ14,cDXGF,0,Each,1.0,130501.542050496,1824707.7899999998,767420.15,0,468847.72,0.0,334630.4,0,0,253806.13,0,0,0.0,0,0,0,9468.73890784983,1377.2337883959044,4033.794880546075,4057.71023890785,1,1,2026-06-10 17:41:22.494414
NE-HV_AirDist-SupFanMtr-cDXGF-2SpClgHtg-VFDExMtr,None,RtL,Ex,CZ13,cDXGF,0,Each,1.0,130501.542050496,1831729.41,767420.15,0,468847.72,0.0,346655.94,0,0,248802.21,0,0,0.0,0,0,0,9371.506825938568,1377.2337883959044,4052.175085324232,3942.09795221843,1,1,2026-06-10 17:41:22.494414
NE-HV_AirDist-SupFanMtr-cDXGF-2SpClgHtg-VFDPMMtr,None,RtL,Ex,CZ13,cDXGF,0,Each,1.0,130501.542050496,1816988.9099999997,767420.15,0,468847.72,0.0,344894.43,0,0,235823.22,0,0,0.0,0,0,0,9463.882252559726,1377.2337883959044,4144.550511945393,3942.09795221843,1,1,2026-06-10 17:41:22.494414
NE-HV_AirDist-SupFanMtr-cDXGF-2SpClgHtg-VFDStdMtr,None,RtL,Ex,CZ13,cDXGF,0,Each,1.0,130501.542050496,1827082.63,767420.15,0,468847.72,0.0,346049.88,0,0,244761.49,0,0,0.0,0,0,0,9400.448805460752,1377.2337883959044,4081.1170648464163,3942.09795221843,1,1,2026-06-10 17:41:22.494414
NE-HV_AirDist-SupFanMtr-cDXGF-2SpClgHtg-VFDExMtr,None,RtL,Ex,CZ12,cDXGF,0,Each,1.0,130501.542050496,1694719.91,767420.15,0,468847.72,0.0,242054.11,0,0,216394.54,0,0,0.0,0,0,0,10421.09146757679,1377.2337883959044,4826.533447098976,4217.324232081912,1,1,2026-06-10 17:41:22.494414
NE-HV_AirDist-SupFanMtr-cDXGF-2SpClgHtg-VFDPMMtr,None,RtL,Ex,CZ12,cDXGF,0,Each,1.0,130501.542050496,1680753.8900000001,767420.15,0,468847.72,0.0,240578.29,0,0,203904.34,0,0,0.0,0,0,0,10522.43447098976,1377.2337883959044,4927.876450511945,4217.324232081912,1,1,2026-06-10 17:41:22.494414
NE-HV_AirDist-SupFanMtr-cDXGF-2SpClgHtg-VFDStdMtr,None,RtL,Ex,CZ12,cDXGF,0,Each,1.0,130501.542050496,1690450.5199999998,767420.15,0,468847.72,0.0,241555.18,0,0,212624.08,0,0,0.0,0,0,0,10451.850170648462,1377.2337883959044,4857.292150170649,4217.324232081912,1,1,2026-06-10 17:41:22.494414
NE-HV_AirDist-SupFanMtr-cDXGF-2SpClgHtg-VFDExMtr,None,RtL,Ex,CZ11,cDXGF,0,Each,1.0,130501.542050496,1806517.2399999998,767420.15,0,468847.72,0.0,328296.26,0,0,241949.72,0,0,0.0,0,0,0,10201.601023890784,1377.2337883959044,4799.060750853243,4025.306484641638,1,1,2026-06-10 17:41:22.494414
NE-HV_AirDist-SupFanMtr-cDXGF-2SpClgHtg-VFDPMMtr,None,RtL,Ex,CZ11,cDXGF,0,Each,1.0,130501.542050496,1792275.0799999998,767420.15,0,468847.72,0.0,326663.49,0,0,229340.33,0,0,0.0,0,0,0,10301.171672354949,1377.2337883959044,4898.631058020478,4025.306825938567,1,1,2026-06-10 17:41:22.494414
NE-HV_AirDist-SupFanMtr-cDXGF-2SpClgHtg-VFDStdMtr,None,RtL,Ex,CZ11,cDXGF,0,Each,1.0,130501.542050496,1802023.95,767420.15,0,468847.72,0.0,327736.52,0,0,238016.17,0,0,0.0,0,0,0,10232.415699658703,1377.2337883959044,4829.875426621161,4025.306484641638,1,1,2026-06-10 17:41:22.494414
NE-HV_AirDist-SupFanMtr-cDXGF-2SpClgHtg-VFDExMtr,None,RtL,Ex,CZ10,cDXGF,0,Each,1.0,130501.542050496,1801524.1700000002,767420.15,0,468847.72,0.0,325450.83,0,0,239802.08,0,0,0.0,0,0,0,6559.651877133106,1377.2337883959044,1260.3037542662116,3922.1143344709894,1,1,2026-06-10 17:41:22.494414
NE-HV_AirDist-SupFanMtr-cDXGF-2SpClgHtg-VFDPMMtr,None,RtL,Ex,CZ10,cDXGF,0,Each,1.0,130501.542050496,1786196.4,767420.15,0,468847.72,0.0,323439.46,0,0,226485.68,0,0,0.0,0,0,0,6598.003412969283,1377.2337883959044,1298.6556313993174,3922.1139931740613,1,1,2026-06-10 17:41:22.494414
NE-HV_AirDist-SupFanMtr-cDXGF-2SpClgHtg-VFDStdMtr,None,RtL,Ex,CZ10,cDXGF,0,Each,1.0,130501.542050496,1796771.68,767420.15,0,468847.72,0.0,324765.28,0,0,235735.14,0,0,0.0,0,0,0,6571.124232081911,1377.2337883959044,1271.776109215017,3922.1143344709894,1,1,2026-06-10 17:41:22.494414
NE-HV_AirDist-SupFanMtr-cDXGF-2SpClgHtg-VFDExMtr,None,RtL,Ex,CZ09,cDXGF,0,Each,1.0,130501.542050496,1765948.4999999998,767420.15,0,468847.72,0.0,290671.84,0,0,239005.4,0,0,0.0,0,0,0,6687.050511945393,1377.2337883959044,1335.9713310580205,3973.8453924914675,1,1,2026-06-10 17:41:22.494414
NE-HV_AirDist-SupFanMtr-cDXGF-2SpClgHtg-VFDPMMtr,None,RtL,Ex,CZ09,cDXGF,0,Each,1.0,130501.542050496,1750466.7999999998,767420.15,0,468847.72,0.0,288711.61,0,0,225483.93,0,0,0.0,0,0,0,6728.202389078498,1377.2337883959044,1377.1228668941978,3973.8457337883956,1,1,2026-06-10 17:41:22.494414
NE-HV_AirDist-SupFanMtr-cDXGF-2SpClgHtg-VFDStdMtr,None,RtL,Ex,CZ09,cDXGF,0,Each,1.0,130501.542050496,1760954.68,767420.15,0,468847.72,0.0,290000.77,0,0,234682.65,0,0,0.0,0,0,0,6698.83242320819,1377.2337883959044,1347.753242320819,3973.8453924914675,1,1,2026-06-10 17:41:22.494414
NE-HV_AirDist-SupFanMtr-cDXGF-2SpClgHtg-VFDExMtr,None,RtL,Ex,CZ08,cDXGF,0,Each,1.0,130501.542050496,1767326.3299999998,767420.15,0,468847.72,0.0,293130.19,0,0,237924.88,0,0,0.0,0,0,0,6249.94505119454,1377.2337883959044,928.0972696245733,3944.6139931740613,1,1,2026-06-10 17:41:22.494414
NE-HV_AirDist-SupFanMtr-cDXGF-2SpClgHtg-VFDPMMtr,None,RtL,Ex,CZ08,cDXGF,0,Each,1.0,130501.542050496,1752016.34,767420.15,0,468847.72,0.0,291091.04,0,0,224654.04,0,0,0.0,0,0,0,6279.458020477816,1377.2337883959044,957.6095563139932,3944.614675767918,1,1,2026-06-10 17:41:22.494414
NE-HV_AirDist-SupFanMtr-cDXGF-2SpClgHtg-VFDStdMtr,None,RtL,Ex,CZ08,cDXGF,0,Each,1.0,130501.542050496,1762474.5999999999,767420.15,0,468847.72,0.0,292433.49,0,0,233769.85,0,0,0.0,0,0,0,6259.122525597269,1377.2337883959044,937.2744027303754,3944.6143344709894,1,1,2026-06-10 17:41:22.494414
NE-HV_AirDist-SupFanMtr-cDXGF-2SpClgHtg-VFDExMtr,None,RtL,Ex,CZ07,cDXGF,0,Each,1.0,130501.542050496,1653995.5999999999,767420.15,0,468847.72,0.0,197001.89,0,0,220722.45,0,0,0.0,0,0,0,5923.931740614335,1377.2337883959044,516.7808873720137,4029.9170648464165,1,1,2026-06-10 17:41:22.494414
NE-HV_AirDist-SupFanMtr-cDXGF-2SpClgHtg-VFDPMMtr,None,RtL,Ex,CZ07,cDXGF,0,Each,1.0,130501.542050496,1638902.26,767420.15,0,468847.72,0.0,195182.73,0,0,207448.27,0,0,0.0,0,0,0,5941.972354948805,1377.2337883959044,534.8215017064847,4029.9170648464165,1,1,2026-06-10 17:41:22.494414
NE-HV_AirDist-SupFanMtr-cDXGF-2SpClgHtg-VFDStdMtr,None,RtL,Ex,CZ07,cDXGF,0,Each,1.0,130501.542050496,1649333.2999999998,767420.15,0,468847.72,0.0,196380.85,0,0,216681.19,0,0,0.0,0,0,0,5929.302730375427,1377.2337883959044,522.1518771331058,4029.9170648464165,1,1,2026-06-10 17:41:22.494414
NE-HV_AirDist-SupFanMtr-cDXGF-2SpClgHtg-VFDExMtr,None,RtL,Ex,CZ06,cDXGF,0,Each,1.0,130501.542050496,1635852.5099999998,767420.15,0,468847.72,0.0,181382.55,0,0,218198.7,0,0,0.0,0,0,0,6086.37133105802,1377.2337883959044,636.2337883959045,4072.9037542662118,1,1,2026-06-10 17:41:22.494414
NE-HV_AirDist-SupFanMtr-cDXGF-2SpClgHtg-VFDPMMtr,None,RtL,Ex,CZ06,cDXGF,0,Each,1.0,130501.542050496,1620366.4999999998,767420.15,0,468847.72,0.0,179503.32,0,0,204591.92,0,0,0.0,0,0,0,6109.988395904436,1377.2337883959044,659.8508532423208,4072.9037542662118,1,1,2026-06-10 17:41:22.494414
NE-HV_AirDist-SupFanMtr-cDXGF-2SpClgHtg-VFDStdMtr,None,RtL,Ex,CZ06,cDXGF,0,Each,1.0,130501.542050496,1631036.75,767420.15,0,468847.72,0.0,180739.02,0,0,214026.47,0,0,0.0,0,0,0,6092.942320819112,1377.2337883959044,642.8047781569966,4072.9037542662118,1,1,2026-06-10 17:41:22.494414
NE-HV_AirDist-SupFanMtr-cDXGF-2SpClgHtg-VFDExMtr,None,RtL,Ex,CZ05,cDXGF,0,Each,1.0,130501.542050496,1523052.88,767420.15,0,468847.72,0.0,99333.3,0,0,187448.32,0,0,0.0,0,0,0,8411.879180887372,1377.2337883959044,2604.050853242321,4430.594539249147,1,1,2026-06-10 17:41:22.494414
NE-HV_AirDist-SupFanMtr-cDXGF-2SpClgHtg-VFDPMMtr,None,RtL,Ex,CZ05,cDXGF,0,Each,1.0,130501.542050496,1509434.8699999999,767420.15,0,468847.72,0.0,98113.35,0,0,175050.26,0,0,0.0,0,0,0,8484.723208191126,1377.2337883959044,2676.894880546075,4430.594539249147,1,1,2026-06-10 17:41:22.494414
NE-HV_AirDist-SupFanMtr-cDXGF-2SpClgHtg-VFDStdMtr,None,RtL,Ex,CZ05,cDXGF,0,Each,1.0,130501.542050496,1518926.3399999996,767420.15,0,468847.72,0.0,98928.43,0,0,183726.65,0,0,0.0,0,0,0,8432.680887372013,1377.2337883959044,2624.852559726962,4430.594539249147,1,1,2026-06-10 17:41:22.494414
NE-HV_AirDist-SupFanMtr-cDXGF-2SpClgHtg-VFDExMtr,None,RtL,Ex,CZ04,cDXGF,0,Each,1.0,130501.542050496,1701669.1099999999,767420.15,0,468847.72,0.0,245688.33,0,0,219709.52,0,0,0.0,0,0,0,10067.576109215017,1377.2337883959044,4407.9825938566555,4282.359726962457,1,1,2026-06-10 17:41:22.494414
NE-HV_AirDist-SupFanMtr-cDXGF-2SpClgHtg-VFDPMMtr,None,RtL,Ex,CZ04,cDXGF,0,Each,1.0,130501.542050496,1687412.5,767420.15,0,468847.72,0.0,244217.19,0,0,206924.05,0,0,0.0,0,0,0,10162.706484641638,1377.2337883959044,4503.1129692832765,4282.359726962457,1,1,2026-06-10 17:41:22.494414
NE-HV_AirDist-SupFanMtr-cDXGF-2SpClgHtg-VFDStdMtr,None,RtL,Ex,CZ04,cDXGF,0,Each,1.0,130501.542050496,1697358.6300000001,767420.15,0,468847.72,0.0,245197.79,0,0,215889.58,0,0,0.0,0,0,0,10096.643344709899,1377.2337883959044,4437.049829351536,4282.359726962457,1,1,2026-06-10 17:41:22.494414
NE-HV_AirDist-SupFanMtr-cDXGF-2SpClgHtg-VFDExMtr,None,RtL,Ex,CZ03,cDXGF,0,Each,1.0,130501.542050496,1494118.22,767420.15,0,468847.72,0.0,81663.16,0,0,176183.8,0,0,0.0,0,0,0,8733.242662116041,1377.2337883959044,2946.1778156996584,4409.831058020478,1,1,2026-06-10 17:41:22.494414
NE-HV_AirDist-SupFanMtr-cDXGF-2SpClgHtg-VFDPMMtr,None,RtL,Ex,CZ03,cDXGF,0,Each,1.0,130501.542050496,1481180.0099999998,767420.15,0,468847.72,0.0,80644.3,0,0,164264.45,0,0,0.0,0,0,0,8808.835494880546,1377.2337883959044,3021.7703071672354,4409.831399317406,1,1,2026-06-10 17:41:22.494414
NE-HV_AirDist-SupFanMtr-cDXGF-2SpClgHtg-VFDStdMtr,None,RtL,Ex,CZ03,cDXGF,0,Each,1.0,130501.542050496,1490274.0999999999,767420.15,0,468847.72,0.0,81321.17,0,0,172681.67,0,0,0.0,0,0,0,8755.553924914675,1377.2337883959044,2968.488737201365,4409.831399317406,1,1,2026-06-10 17:41:22.494414
NE-HV_AirDist-SupFanMtr-cDXGF-2SpClgHtg-VFDExMtr,None,RtL,Ex,CZ02,cDXGF,0,Each,1.0,130501.542050496,1585139.64,767420.15,0,468847.72,0.0,155797.99,0,0,193070.39,0,0,0.0,0,0,0,11156.435494880545,1377.2337883959044,5318.60204778157,4460.599658703072,1,1,2026-06-10 17:41:22.494414
NE-HV_AirDist-SupFanMtr-cDXGF-2SpClgHtg-VFDPMMtr,None,RtL,Ex,CZ02,cDXGF,0,Each,1.0,130501.542050496,1571608.54,767420.15,0,468847.72,0.0,154592.69,0,0,180744.59,0,0,0.0,0,0,0,11267.374402730375,1377.2337883959044,5429.540955631399,4460.599658703072,1,1,2026-06-10 17:41:22.494414
NE-HV_AirDist-SupFanMtr-cDXGF-2SpClgHtg-VFDStdMtr,None,RtL,Ex,CZ02,cDXGF,0,Each,1.0,130501.542050496,1581140.51,767420.15,0,468847.72,0.0,155394.98,0,0,189474.27,0,0,0.0,0,0,0,11188.599317406144,1377.2337883959044,5350.766211604096,4460.599317406143,1,1,2026-06-10 17:41:22.494414
NE-HV_AirDist-SupFanMtr-cDXGF-2SpClgHtg-VFDExMtr,None,RtL,Ex,CZ01,cDXGF,0,Each,1.0,130501.542050496,1395834.5799999998,767420.15,0,468847.72,0.0,14618.03,0,0,144945.29,0,0,0.0,0,0,0,13404.713310580204,1377.2337883959044,7260.867918088737,4766.611604095563,1,1,2026-06-10 17:41:22.494414
NE-HV_AirDist-SupFanMtr-cDXGF-2SpClgHtg-VFDPMMtr,None,RtL,Ex,CZ01,cDXGF,0,Each,1.0,130501.542050496,1384474.8800000001,767420.15,0,468847.72,0.0,14399.23,0,0,133804.39,0,0,0.0,0,0,0,13561.256313993175,1377.2337883959044,7417.410921501707,4766.611604095563,1,1,2026-06-10 17:41:22.494414
NE-HV_AirDist-SupFanMtr-cDXGF-2SpClgHtg-VFDStdMtr,None,RtL,Ex,CZ01,cDXGF,0,Each,1.0,130501.542050496,1392750.3199999998,767420.15,0,468847.72,0.0,14546.58,0,0,141932.48,0,0,0.0,0,0,0,13449.833447098976,1377.2337883959044,7305.988054607509,4766.611604095563,1,1,2026-06-10 17:41:22.494414
NE-HV_AirDist-SupFanMtr-cDXOH-2SpClgHtg-VFDExMtr,None,Rt3,Ex,CZ16,cDXOH,0,Each,1.0,240000.003932992,1638940.2799999998,774348.97,0,436362.0,0.0,109734.49,0,0,318491.44,0,0,0.0,0,0,0,6611.532081911262,0.0,270.34300341296927,6341.189078498293,1,1,2026-06-10 17:41:22.494414
NE-HV_AirDist-SupFanMtr-cDXOH-2SpClgHtg-VFDPMMtr,None,Rt3,Ex,CZ16,cDXOH,0,Each,1.0,240000.003932992,1626279.69,774348.97,0,436362.0,0.0,108629.73,0,0,306935.61,0,0,0.0,0,0,0,6611.934129692832,0.0,270.74402730375425,6341.190102389078,1,1,2026-06-10 17:41:22.494414
NE-HV_AirDist-SupFanMtr-cDXOH-2SpClgHtg-VFDStdMtr,None,Rt3,Ex,CZ16,cDXOH,0,Each,1.0,240000.003932992,1635313.0999999999,774348.97,0,436362.0,0.0,109354.16,0,0,315244.59,0,0,0.0,0,0,0,6611.592150170648,0.0,270.40307167235494,6341.189078498293,1,1,2026-06-10 17:41:22.494414
NE-HV_AirDist-SupFanMtr-cDXOH-2SpClgHtg-VFDExMtr,None,Rt3,Ex,CZ15,cDXOH,0,Each,1.0,240000.003932992,2110541.7,774348.97,0,436362.0,0.0,594029.17,0,0,305798.18,0,0,0.0,0,0,0,4489.500682593856,0.0,8.048122866894198,4481.452559726962,1,1,2026-06-10 17:41:22.494414
NE-HV_AirDist-SupFanMtr-cDXOH-2SpClgHtg-VFDPMMtr,None,Rt3,Ex,CZ15,cDXOH,0,Each,1.0,240000.003932992,2093987.45,774348.97,0,436362.0,0.0,591264.82,0,0,292008.28,0,0,0.0,0,0,0,4489.50409556314,0.0,8.05358361774744,4481.4505119453925,1,1,2026-06-10 17:41:22.494414
NE-HV_AirDist-SupFanMtr-cDXOH-2SpClgHtg-VFDStdMtr,None,Rt3,Ex,CZ15,cDXOH,0,Each,1.0,240000.003932992,2105103.46,774348.97,0,436362.0,0.0,593074.33,0,0,301314.78,0,0,0.0,0,0,0,4489.486689419795,0.0,8.033447098976108,4481.453242320818,1,1,2026-06-10 17:41:22.494414
NE-HV_AirDist-SupFanMtr-cDXOH-2SpClgHtg-VFDExMtr,None,Rt3,Ex,CZ14,cDXOH,0,Each,1.0,240000.003932992,1821003.9699999997,774348.97,0,436362.0,0.0,320301.5,0,0,289988.12,0,0,0.0,0,0,0,5612.647781569965,0.0,104.55051194539249,5508.0972696245735,1,1,2026-06-10 17:41:22.494414
NE-HV_AirDist-SupFanMtr-cDXOH-2SpClgHtg-VFDPMMtr,None,Rt3,Ex,CZ14,cDXOH,0,Each,1.0,240000.003932992,1806749.46,774348.97,0,436362.0,0.0,318421.09,0,0,277614.02,0,0,0.0,0,0,0,5612.271672354948,0.0,104.19351535836176,5508.078156996587,1,1,2026-06-10 17:41:22.494414
NE-HV_AirDist-SupFanMtr-cDXOH-2SpClgHtg-VFDStdMtr,None,Rt3,Ex,CZ14,cDXOH,0,Each,1.0,240000.003932992,1816564.6899999997,774348.97,0,436362.0,0.0,319655.12,0,0,286195.22,0,0,0.0,0,0,0,5612.671672354949,0.0,104.5815699658703,5508.090102389078,1,1,2026-06-10 17:41:22.494414
NE-HV_AirDist-SupFanMtr-cDXOH-2SpClgHtg-VFDExMtr,None,Rt3,Ex,CZ13,cDXOH,0,Each,1.0,240000.003932992,1843232.41,774348.97,0,436362.0,0.0,336710.24,0,0,295807.82,0,0,0.0,0,0,0,5472.089078498293,0.0,122.69112627986347,5349.397952218429,1,1,2026-06-10 17:41:22.494414
NE-HV_AirDist-SupFanMtr-cDXOH-2SpClgHtg-VFDPMMtr,None,Rt3,Ex,CZ13,cDXOH,0,Each,1.0,240000.003932992,1829687.25,774348.97,0,436362.0,0.0,334834.13,0,0,284138.77,0,0,0.0,0,0,0,5472.301023890785,0.0,122.89556313993174,5349.405460750852,1,1,2026-06-10 17:41:22.494414
NE-HV_AirDist-SupFanMtr-cDXOH-2SpClgHtg-VFDStdMtr,None,Rt3,Ex,CZ13,cDXOH,0,Each,1.0,240000.003932992,1839111.2899999998,774348.97,0,436362.0,0.0,336063.51,0,0,292333.43,0,0,0.0,0,0,0,5472.255631399317,0.0,122.85870307167237,5349.396928327645,1,1,2026-06-10 17:41:22.494414
NE-HV_AirDist-SupFanMtr-cDXOH-2SpClgHtg-VFDExMtr,None,Rt3,Ex,CZ12,cDXOH,0,Each,1.0,240000.003932992,1713764.3199999998,774348.97,0,436362.0,0.0,229440.62,0,0,273609.35,0,0,0.0,0,0,0,5896.687713310581,0.0,169.26552901023888,5727.4221843003415,1,1,2026-06-10 17:41:22.494414
NE-HV_AirDist-SupFanMtr-cDXOH-2SpClgHtg-VFDPMMtr,None,Rt3,Ex,CZ12,cDXOH,0,Each,1.0,240000.003932992,1701019.7199999997,774348.97,0,436362.0,0.0,227905.52,0,0,262399.85,0,0,0.0,0,0,0,5896.9092150170645,0.0,169.51399317406143,5727.395221843003,1,1,2026-06-10 17:41:22.494414
NE-HV_AirDist-SupFanMtr-cDXOH-2SpClgHtg-VFDStdMtr,None,Rt3,Ex,CZ12,cDXOH,0,Each,1.0,240000.003932992,1709857.21,774348.97,0,436362.0,0.0,228917.92,0,0,270224.94,0,0,0.0,0,0,0,5896.716723549489,0.0,169.2941979522184,5727.42252559727,1,1,2026-06-10 17:41:22.494414
NE-HV_AirDist-SupFanMtr-cDXOH-2SpClgHtg-VFDExMtr,None,Rt3,Ex,CZ11,cDXOH,0,Each,1.0,240000.003932992,1832342.5899999999,774348.97,0,436362.0,0.0,321240.92,0,0,300387.32,0,0,0.0,0,0,0,5636.217064846416,0.0,172.51535836177473,5463.701706484641,1,1,2026-06-10 17:41:22.494414
NE-HV_AirDist-SupFanMtr-cDXOH-2SpClgHtg-VFDPMMtr,None,Rt3,Ex,CZ11,cDXOH,0,Each,1.0,240000.003932992,1819038.21,774348.97,0,436362.0,0.0,319482.03,0,0,288841.83,0,0,0.0,0,0,0,5636.439590443686,0.0,172.73754266211603,5463.7020477815695,1,1,2026-06-10 17:41:22.494414
NE-HV_AirDist-SupFanMtr-cDXOH-2SpClgHtg-VFDStdMtr,None,Rt3,Ex,CZ11,cDXOH,0,Each,1.0,240000.003932992,1828206.8099999998,774348.97,0,436362.0,0.0,320637.7,0,0,296854.76,0,0,0.0,0,0,0,5636.280204778157,0.0,172.578156996587,5463.7020477815695,1,1,2026-06-10 17:41:22.494414
NE-HV_AirDist-SupFanMtr-cDXOH-2SpClgHtg-VFDExMtr,None,Rt3,Ex,CZ10,cDXOH,0,Each,1.0,240000.003932992,1822153.6999999997,774348.97,0,436362.0,0.0,331426.17,0,0,280013.18,0,0,0.0,0,0,0,5362.529010238908,0.0,40.22491467576791,5322.30409556314,1,1,2026-06-10 17:41:22.494414
NE-HV_AirDist-SupFanMtr-cDXOH-2SpClgHtg-VFDPMMtr,None,Rt3,Ex,CZ10,cDXOH,0,Each,1.0,240000.003932992,1806051.8299999998,774348.97,0,436362.0,0.0,329187.77,0,0,266149.71,0,0,0.0,0,0,0,5362.6098976109215,0.0,40.30580204778157,5322.30409556314,1,1,2026-06-10 17:41:22.494414
NE-HV_AirDist-SupFanMtr-cDXOH-2SpClgHtg-VFDStdMtr,None,Rt3,Ex,CZ10,cDXOH,0,Each,1.0,240000.003932992,1817135.04,774348.97,0,436362.0,0.0,330661.34,0,0,275759.35,0,0,0.0,0,0,0,5362.549146757679,0.0,40.244709897610925,5322.304436860068,1,1,2026-06-10 17:41:22.494414
NE-HV_AirDist-SupFanMtr-cDXOH-2SpClgHtg-VFDExMtr,None,Rt3,Ex,CZ09,cDXOH,0,Each,1.0,240000.003932992,1754966.7599999998,774348.97,0,436362.0,0.0,281154.05,0,0,263098.36,0,0,0.0,0,0,0,5424.423208191126,0.0,30.986006825938567,5393.437201365187,1,1,2026-06-10 17:41:22.494414
NE-HV_AirDist-SupFanMtr-cDXOH-2SpClgHtg-VFDPMMtr,None,Rt3,Ex,CZ09,cDXOH,0,Each,1.0,240000.003932992,1739342.27,774348.97,0,436362.0,0.0,279095.09,0,0,249532.83,0,0,0.0,0,0,0,5424.414334470989,0.0,30.97679180887372,5393.437542662116,1,1,2026-06-10 17:41:22.494414
NE-HV_AirDist-SupFanMtr-cDXOH-2SpClgHtg-VFDStdMtr,None,Rt3,Ex,CZ09,cDXOH,0,Each,1.0,240000.003932992,1750059.8299999998,774348.97,0,436362.0,0.0,280449.69,0,0,258895.79,0,0,0.0,0,0,0,5424.426962457337,0.0,30.98976109215017,5393.437201365187,1,1,2026-06-10 17:41:22.494414
NE-HV_AirDist-SupFanMtr-cDXOH-2SpClgHtg-VFDExMtr,None,Rt3,Ex,CZ08,cDXOH,0,Each,1.0,240000.003932992,1750983.0099999998,774348.97,0,436362.0,0.0,282674.1,0,0,257594.56,0,0,0.0,0,0,0,5374.009897610922,0.0,20.72764505119454,5353.282252559728,1,1,2026-06-10 17:41:22.494414
NE-HV_AirDist-SupFanMtr-cDXOH-2SpClgHtg-VFDPMMtr,None,Rt3,Ex,CZ08,cDXOH,0,Each,1.0,240000.003932992,1735357.4699999997,774348.97,0,436362.0,0.0,280526.51,0,0,244116.61,0,0,0.0,0,0,0,5374.065187713311,0.0,20.78225255972696,5353.282935153584,1,1,2026-06-10 17:41:22.494414
NE-HV_AirDist-SupFanMtr-cDXOH-2SpClgHtg-VFDStdMtr,None,Rt3,Ex,CZ08,cDXOH,0,Each,1.0,240000.003932992,1746099.5999999999,774348.97,0,436362.0,0.0,281936.18,0,0,253449.07,0,0,0.0,0,0,0,5374.013651877133,0.0,20.731058020477814,5353.282593856655,1,1,2026-06-10 17:41:22.494414
NE-HV_AirDist-SupFanMtr-cDXOH-2SpClgHtg-VFDExMtr,None,Rt3,Ex,CZ07,cDXOH,0,Each,1.0,240000.003932992,1633909.4499999997,774348.97,0,436362.0,0.0,185469.99,0,0,237725.11,0,0,0.0,0,0,0,5481.117406143344,0.0,10.70580204778157,5470.411604095563,1,1,2026-06-10 17:41:22.494414
NE-HV_AirDist-SupFanMtr-cDXOH-2SpClgHtg-VFDPMMtr,None,Rt3,Ex,CZ07,cDXOH,0,Each,1.0,240000.003932992,1618587.5499999998,774348.97,0,436362.0,0.0,183630.18,0,0,224243.02,0,0,0.0,0,0,0,5481.129692832765,0.0,10.717747440273037,5470.411945392491,1,1,2026-06-10 17:41:22.494414
NE-HV_AirDist-SupFanMtr-cDXOH-2SpClgHtg-VFDStdMtr,None,Rt3,Ex,CZ07,cDXOH,0,Each,1.0,240000.003932992,1629070.4399999997,774348.97,0,436362.0,0.0,184838.33,0,0,233517.76,0,0,0.0,0,0,0,5481.12662116041,0.0,10.714675767918088,5470.411945392491,1,1,2026-06-10 17:41:22.494414
NE-HV_AirDist-SupFanMtr-cDXOH-2SpClgHtg-VFDExMtr,None,Rt3,Ex,CZ06,cDXOH,0,Each,1.0,240000.003932992,1611273.95,774348.97,0,436362.0,0.0,166680.63,0,0,233878.97,0,0,0.0,0,0,0,5544.172013651878,0.0,14.746416382252558,5529.425597269625,1,1,2026-06-10 17:41:22.494414
NE-HV_AirDist-SupFanMtr-cDXOH-2SpClgHtg-VFDPMMtr,None,Rt3,Ex,CZ06,cDXOH,0,Each,1.0,240000.003932992,1596153.9999999998,774348.97,0,436362.0,0.0,164841.39,0,0,220598.26,0,0,0.0,0,0,0,5544.221843003413,0.0,14.795904436860067,5529.425938566553,1,1,2026-06-10 17:41:22.494414
NE-HV_AirDist-SupFanMtr-cDXOH-2SpClgHtg-VFDStdMtr,None,Rt3,Ex,CZ06,cDXOH,0,Each,1.0,240000.003932992,1606620.8299999998,774348.97,0,436362.0,0.0,166049.76,0,0,229856.72,0,0,0.0,0,0,0,5544.145392491469,0.0,14.719795221843004,5529.425597269625,1,1,2026-06-10 17:41:22.494414
NE-HV_AirDist-SupFanMtr-cDXOH-2SpClgHtg-VFDExMtr,None,Rt3,Ex,CZ05,cDXOH,0,Each,1.0,240000.003932992,1521885.45,774348.97,0,436362.0,0.0,84214.57,0,0,226956.53,0,0,0.0,0,0,0,6114.03686006826,0.0,93.55699658703071,6020.479863481229,1,1,2026-06-10 17:41:22.494414
NE-HV_AirDist-SupFanMtr-cDXOH-2SpClgHtg-VFDPMMtr,None,Rt3,Ex,CZ05,cDXOH,0,Each,1.0,240000.003932992,1509305.8699999999,774348.97,0,436362.0,0.0,83050.0,0,0,215541.52,0,0,0.0,0,0,0,6114.443686006825,0.0,93.96416382252559,6020.4795221843,1,1,2026-06-10 17:41:22.494414
NE-HV_AirDist-SupFanMtr-cDXOH-2SpClgHtg-VFDStdMtr,None,Rt3,Ex,CZ05,cDXOH,0,Each,1.0,240000.003932992,1518141.5599999998,774348.97,0,436362.0,0.0,83825.56,0,0,223601.65,0,0,0.0,0,0,0,6114.068941979522,0.0,93.58873720136519,6020.480204778157,1,1,2026-06-10 17:41:22.494414
NE-HV_AirDist-SupFanMtr-cDXOH-2SpClgHtg-VFDExMtr,None,Rt3,Ex,CZ04,cDXOH,0,Each,1.0,240000.003932992,1721879.0599999998,774348.97,0,436362.0,0.0,235215.7,0,0,275949.01,0,0,0.0,0,0,0,5970.31433447099,0.0,153.51911262798635,5816.795221843004,1,1,2026-06-10 17:41:22.494414
NE-HV_AirDist-SupFanMtr-cDXOH-2SpClgHtg-VFDPMMtr,None,Rt3,Ex,CZ04,cDXOH,0,Each,1.0,240000.003932992,1708778.3099999998,774348.97,0,436362.0,0.0,233700.54,0,0,264363.42,0,0,0.0,0,0,0,5970.557679180887,0.0,153.76177474402732,5816.79590443686,1,1,2026-06-10 17:41:22.494414
NE-HV_AirDist-SupFanMtr-cDXOH-2SpClgHtg-VFDStdMtr,None,Rt3,Ex,CZ04,cDXOH,0,Each,1.0,240000.003932992,1717918.0999999996,774348.97,0,436362.0,0.0,234705.83,0,0,272497.92,0,0,0.0,0,0,0,5970.359726962456,0.0,153.56416382252561,5816.795563139931,1,1,2026-06-10 17:41:22.494414
NE-HV_AirDist-SupFanMtr-cDXOH-2SpClgHtg-VFDExMtr,None,Rt3,Ex,CZ03,cDXOH,0,Each,1.0,240000.003932992,1491108.96,774348.97,0,436362.0,0.0,64925.47,0,0,215469.14,0,0,0.0,0,0,0,6106.936860068259,0.0,115.03924914675768,5991.897610921502,1,1,2026-06-10 17:41:22.494414
NE-HV_AirDist-SupFanMtr-cDXOH-2SpClgHtg-VFDPMMtr,None,Rt3,Ex,CZ03,cDXOH,0,Each,1.0,240000.003932992,1479261.1199999999,774348.97,0,436362.0,0.0,63992.59,0,0,204554.18,0,0,0.0,0,0,0,6107.088054607508,0.0,115.19112627986348,5991.896928327645,1,1,2026-06-10 17:41:22.494414
NE-HV_AirDist-SupFanMtr-cDXOH-2SpClgHtg-VFDStdMtr,None,Rt3,Ex,CZ03,cDXOH,0,Each,1.0,240000.003932992,1487611.7899999998,774348.97,0,436362.0,0.0,64611.28,0,0,212286.16,0,0,0.0,0,0,0,6106.741979522183,0.0,114.84505119453925,5991.896928327645,1,1,2026-06-10 17:41:22.494414
NE-HV_AirDist-SupFanMtr-cDXOH-2SpClgHtg-VFDExMtr,None,Rt3,Ex,CZ02,cDXOH,0,Each,1.0,240000.003932992,1612314.1199999999,774348.97,0,436362.0,0.0,143410.06,0,0,258189.71,0,0,0.0,0,0,0,6266.247440273038,0.0,204.7508532423208,6061.496587030717,1,1,2026-06-10 17:41:22.494414
NE-HV_AirDist-SupFanMtr-cDXOH-2SpClgHtg-VFDPMMtr,None,Rt3,Ex,CZ02,cDXOH,0,Each,1.0,240000.003932992,1600651.76,774348.97,0,436362.0,0.0,142215.06,0,0,247722.35,0,0,0.0,0,0,0,6266.547781569966,0.0,205.05119453924914,6061.496587030717,1,1,2026-06-10 17:41:22.494414
NE-HV_AirDist-SupFanMtr-cDXOH-2SpClgHtg-VFDStdMtr,None,Rt3,Ex,CZ02,cDXOH,0,Each,1.0,240000.003932992,1608891.5599999998,774348.97,0,436362.0,0.0,143007.77,0,0,255169.44,0,0,0.0,0,0,0,6266.311945392491,0.0,204.81535836177474,6061.496587030717,1,1,2026-06-10 17:41:22.494414
NE-HV_AirDist-SupFanMtr-cDXOH-2SpClgHtg-VFDExMtr,None,Rt3,Ex,CZ01,cDXOH,0,Each,1.0,240000.003932992,1420127.89,774348.97,0,436362.0,0.0,6529.28,0,0,202884.26,0,0,0.0,0,0,0,6727.091126279864,0.0,245.55290102389077,6481.538225255973,1,1,2026-06-10 17:41:22.494414
NE-HV_AirDist-SupFanMtr-cDXOH-2SpClgHtg-VFDPMMtr,None,Rt3,Ex,CZ01,cDXOH,0,Each,1.0,240000.003932992,1411791.39,774348.97,0,436362.0,0.0,6357.06,0,0,194719.98,0,0,0.0,0,0,0,6727.666211604095,0.0,246.1269624573379,6481.539249146757,1,1,2026-06-10 17:41:22.494414
NE-HV_AirDist-SupFanMtr-cDXOH-2SpClgHtg-VFDStdMtr,None,Rt3,Ex,CZ01,cDXOH,0,Each,1.0,240000.003932992,1418063.5499999998,774348.97,0,436362.0,0.0,6472.49,0,0,200876.71,0,0,0.0,0,0,0,6727.208191126279,0.0,245.66962457337883,6481.5385665529,1,1,2026-06-10 17:41:22.494414
NE-HV_AirDist-SupFanMtr-cDXHP-2SpClgHtg-VFDExMtr,None,Rt3,Ex,CZ16,cDXHP,0,Each,1.0,240000.003932992,1600227.0399999998,774348.97,0,436362.0,41583.9,111067.11,0,0,236861.68,0,0,0.0,0,0,0,6577.46313993174,0.0,236.26962457337882,6341.193515358362,1,1,2026-06-10 17:41:22.494414
NE-HV_AirDist-SupFanMtr-cDXHP-2SpClgHtg-VFDPMMtr,None,Rt3,Ex,CZ16,cDXHP,0,Each,1.0,240000.003932992,1584956.8499999999,774348.97,0,436362.0,42491.05,109912.7,0,0,221838.75,0,0,0.0,0,0,0,6577.920136518771,0.0,236.7262798634812,6341.19385665529,1,1,2026-06-10 17:41:22.494414
NE-HV_AirDist-SupFanMtr-cDXHP-2SpClgHtg-VFDStdMtr,None,Rt3,Ex,CZ16,cDXHP,0,Each,1.0,240000.003932992,1595695.9699999997,774348.97,0,436362.0,41878.09,110673.61,0,0,232429.92,0,0,0.0,0,0,0,6577.618771331057,0.0,236.42559726962457,6341.193174061433,1,1,2026-06-10 17:41:22.494414
NE-HV_AirDist-SupFanMtr-cDXHP-2SpClgHtg-VFDExMtr,None,Rt3,Ex,CZ15,cDXHP,0,Each,1.0,240000.003932992,2118106.92,774348.97,0,436362.0,2444.07,598565.06,0,0,306383.44,0,0,0.0,0,0,0,4488.750511945393,0.0,7.273037542662116,4481.477474402731,1,1,2026-06-10 17:41:22.494414
NE-HV_AirDist-SupFanMtr-cDXHP-2SpClgHtg-VFDPMMtr,None,Rt3,Ex,CZ15,cDXHP,0,Each,1.0,240000.003932992,2100310.07,774348.97,0,436362.0,2522.59,595212.72,0,0,291860.41,0,0,0.0,0,0,0,4488.764846416382,0.0,7.286689419795222,4481.478156996587,1,1,2026-06-10 17:41:22.494414
NE-HV_AirDist-SupFanMtr-cDXHP-2SpClgHtg-VFDStdMtr,None,Rt3,Ex,CZ15,cDXHP,0,Each,1.0,240000.003932992,2112137.0999999996,774348.97,0,436362.0,2467.08,597347.0,0,0,301608.67,0,0,0.0,0,0,0,4488.756655290103,0.0,7.278498293515358,4481.478156996587,1,1,2026-06-10 17:41:22.494414
NE-HV_AirDist-SupFanMtr-cDXHP-2SpClgHtg-VFDExMtr,None,Rt3,Ex,CZ14,cDXHP,0,Each,1.0,240000.003932992,1809808.7199999997,774348.97,0,436362.0,18461.69,327184.26,0,0,253448.42,0,0,0.0,0,0,0,5600.7501706484645,0.0,92.67167235494881,5508.078498293516,1,1,2026-06-10 17:41:22.494414
NE-HV_AirDist-SupFanMtr-cDXHP-2SpClgHtg-VFDPMMtr,None,Rt3,Ex,CZ14,cDXHP,0,Each,1.0,240000.003932992,1794182.7,774348.97,0,436362.0,18893.94,325297.12,0,0,239277.29,0,0,0.0,0,0,0,5600.961433447098,0.0,92.87952218430034,5508.081911262798,1,1,2026-06-10 17:41:22.494414
NE-HV_AirDist-SupFanMtr-cDXHP-2SpClgHtg-VFDStdMtr,None,Rt3,Ex,CZ14,cDXHP,0,Each,1.0,240000.003932992,1804833.92,774348.97,0,436362.0,18585.61,326516.11,0,0,249017.85,0,0,0.0,0,0,0,5600.760750853243,0.0,92.68259385665529,5508.078156996587,1,1,2026-06-10 17:41:22.494414
NE-HV_AirDist-SupFanMtr-cDXHP-2SpClgHtg-VFDExMtr,None,Rt3,Ex,CZ13,cDXHP,0,Each,1.0,240000.003932992,1823388.2,774348.97,0,436362.0,18970.35,341924.01,0,0,251779.49,0,0,0.0,0,0,0,5458.396587030717,0.0,108.97474402730376,5349.4218430034125,1,1,2026-06-10 17:41:22.494414
NE-HV_AirDist-SupFanMtr-cDXHP-2SpClgHtg-VFDPMMtr,None,Rt3,Ex,CZ13,cDXHP,0,Each,1.0,240000.003932992,1808031.46,774348.97,0,436362.0,19424.69,339979.34,0,0,237913.08,0,0,0.0,0,0,0,5458.62252559727,0.0,109.19419795221842,5349.4283276450515,1,1,2026-06-10 17:41:22.494414
NE-HV_AirDist-SupFanMtr-cDXHP-2SpClgHtg-VFDStdMtr,None,Rt3,Ex,CZ13,cDXHP,0,Each,1.0,240000.003932992,1818493.92,774348.97,0,436362.0,19105.87,341262.85,0,0,247410.85,0,0,0.0,0,0,0,5458.426962457338,0.0,109.00068259385665,5349.426279863481,1,1,2026-06-10 17:41:22.494414
NE-HV_AirDist-SupFanMtr-cDXHP-2SpClgHtg-VFDExMtr,None,Rt3,Ex,CZ12,cDXHP,0,Each,1.0,240000.003932992,1694093.7799999998,774348.97,0,436362.0,23099.5,234813.37,0,0,225466.56,0,0,0.0,0,0,0,5878.055972696246,0.0,150.62218430034127,5727.433788395904,1,1,2026-06-10 17:41:22.494414
NE-HV_AirDist-SupFanMtr-cDXHP-2SpClgHtg-VFDPMMtr,None,Rt3,Ex,CZ12,cDXHP,0,Each,1.0,240000.003932992,1679587.38,774348.97,0,436362.0,23584.19,233253.79,0,0,212035.05,0,0,0.0,0,0,0,5878.3136518771325,0.0,150.87883959044368,5727.4348122866895,1,1,2026-06-10 17:41:22.494414
NE-HV_AirDist-SupFanMtr-cDXHP-2SpClgHtg-VFDStdMtr,None,Rt3,Ex,CZ12,cDXHP,0,Each,1.0,240000.003932992,1689644.0899999999,774348.97,0,436362.0,23248.64,234285.94,0,0,221395.16,0,0,0.0,0,0,0,5878.097610921502,0.0,150.66450511945393,5727.433105802048,1,1,2026-06-10 17:41:22.494414
NE-HV_AirDist-SupFanMtr-cDXHP-2SpClgHtg-VFDExMtr,None,Rt3,Ex,CZ11,cDXHP,0,Each,1.0,240000.003932992,1809839.46,774348.97,0,436362.0,23728.04,326179.5,0,0,249217.57,0,0,0.0,0,0,0,5615.934812286689,0.0,152.2160409556314,5463.718771331058,1,1,2026-06-10 17:41:22.494414
NE-HV_AirDist-SupFanMtr-cDXHP-2SpClgHtg-VFDPMMtr,None,Rt3,Ex,CZ11,cDXHP,0,Each,1.0,240000.003932992,1794673.0899999999,774348.97,0,436362.0,24218.72,324469.66,0,0,235270.36,0,0,0.0,0,0,0,5616.201365187713,0.0,152.48225255972693,5463.719112627986,1,1,2026-06-10 17:41:22.494414
NE-HV_AirDist-SupFanMtr-cDXHP-2SpClgHtg-VFDStdMtr,None,Rt3,Ex,CZ11,cDXHP,0,Each,1.0,240000.003932992,1805026.8199999998,774348.97,0,436362.0,23884.45,325572.46,0,0,244855.56,0,0,0.0,0,0,0,5616.022525597269,0.0,152.30341296928327,5463.719112627986,1,1,2026-06-10 17:41:22.494414
NE-HV_AirDist-SupFanMtr-cDXHP-2SpClgHtg-VFDExMtr,None,Rt3,Ex,CZ10,cDXHP,0,Each,1.0,240000.003932992,1819053.75,774348.97,0,436362.0,8523.71,334106.92,0,0,265708.77,0,0,0.0,0,0,0,5361.10409556314,0.0,38.78703071672355,5322.3170648464165,1,1,2026-06-10 17:41:22.494414
NE-HV_AirDist-SupFanMtr-cDXHP-2SpClgHtg-VFDPMMtr,None,Rt3,Ex,CZ10,cDXHP,0,Each,1.0,240000.003932992,1802207.19,774348.97,0,436362.0,8756.32,331912.21,0,0,250824.31,0,0,0.0,0,0,0,5361.184300341297,0.0,38.867235494880546,5322.3170648464165,1,1,2026-06-10 17:41:22.494414
NE-HV_AirDist-SupFanMtr-cDXHP-2SpClgHtg-VFDStdMtr,None,Rt3,Ex,CZ10,cDXHP,0,Each,1.0,240000.003932992,1813664.8599999999,774348.97,0,436362.0,8599.11,333310.29,0,0,261041.11,0,0,0.0,0,0,0,5361.121843003413,0.0,38.80477815699658,5322.3170648464165,1,1,2026-06-10 17:41:22.494414
NE-HV_AirDist-SupFanMtr-cDXHP-2SpClgHtg-VFDExMtr,None,Rt3,Ex,CZ09,cDXHP,0,Each,1.0,240000.003932992,1753157.53,774348.97,0,436362.0,6760.14,283609.49,0,0,252073.55,0,0,0.0,0,0,0,5422.828327645051,0.0,29.382593856655287,5393.445733788395,1,1,2026-06-10 17:41:22.494414
NE-HV_AirDist-SupFanMtr-cDXHP-2SpClgHtg-VFDPMMtr,None,Rt3,Ex,CZ09,cDXHP,0,Each,1.0,240000.003932992,1736912.8099999998,774348.97,0,436362.0,6954.02,281572.77,0,0,237671.67,0,0,0.0,0,0,0,5422.905119453925,0.0,29.459726962457335,5393.445392491468,1,1,2026-06-10 17:41:22.494414
NE-HV_AirDist-SupFanMtr-cDXHP-2SpClgHtg-VFDStdMtr,None,Rt3,Ex,CZ09,cDXHP,0,Each,1.0,240000.003932992,1747983.0299999998,774348.97,0,436362.0,6820.14,282915.04,0,0,247533.5,0,0,0.0,0,0,0,5422.844709897611,0.0,29.398634812286687,5393.446075085324,1,1,2026-06-10 17:41:22.494414
NE-HV_AirDist-SupFanMtr-cDXHP-2SpClgHtg-VFDExMtr,None,Rt3,Ex,CZ08,cDXHP,0,Each,1.0,240000.003932992,1749280.9599999997,774348.97,0,436362.0,4582.31,283908.4,0,0,250075.9,0,0,0.0,0,0,0,5373.408191126279,0.0,20.11706484641638,5353.291126279863,1,1,2026-06-10 17:41:22.494414
NE-HV_AirDist-SupFanMtr-cDXHP-2SpClgHtg-VFDPMMtr,None,Rt3,Ex,CZ08,cDXHP,0,Each,1.0,240000.003932992,1732761.89,774348.97,0,436362.0,4727.02,281726.5,0,0,235594.02,0,0,0.0,0,0,0,5373.4634812286695,0.0,20.171672354948804,5353.291808873721,1,1,2026-06-10 17:41:22.494414
NE-HV_AirDist-SupFanMtr-cDXHP-2SpClgHtg-VFDStdMtr,None,Rt3,Ex,CZ08,cDXHP,0,Each,1.0,240000.003932992,1744022.5699999998,774348.97,0,436362.0,4624.68,283146.79,0,0,245536.75,0,0,0.0,0,0,0,5373.4160409556325,0.0,20.125255972696245,5353.290784982935,1,1,2026-06-10 17:41:22.494414
NE-HV_AirDist-SupFanMtr-cDXHP-2SpClgHtg-VFDExMtr,None,Rt3,Ex,CZ07,cDXHP,0,Each,1.0,240000.003932992,1630074.5299999998,774348.97,0,436362.0,3354.2,183193.32,0,0,232812.66,0,0,0.0,0,0,0,5480.868600682594,0.0,10.45358361774744,5470.415017064846,1,1,2026-06-10 17:41:22.494414
NE-HV_AirDist-SupFanMtr-cDXHP-2SpClgHtg-VFDPMMtr,None,Rt3,Ex,CZ07,cDXHP,0,Each,1.0,240000.003932992,1614511.95,774348.97,0,436362.0,3466.73,181338.19,0,0,218992.68,0,0,0.0,0,0,0,5480.904778156997,0.0,10.489419795221842,5470.415358361775,1,1,2026-06-10 17:41:22.494414
NE-HV_AirDist-SupFanMtr-cDXHP-2SpClgHtg-VFDStdMtr,None,Rt3,Ex,CZ07,cDXHP,0,Each,1.0,240000.003932992,1625225.5,774348.97,0,436362.0,3384.25,182555.78,0,0,228571.12,0,0,0.0,0,0,0,5480.875085324233,0.0,10.460068259385666,5470.415017064846,1,1,2026-06-10 17:41:22.494414
NE-HV_AirDist-SupFanMtr-cDXHP-2SpClgHtg-VFDExMtr,None,Rt3,Ex,CZ06,cDXHP,0,Each,1.0,240000.003932992,1606632.8399999999,774348.97,0,436362.0,3869.24,163948.74,0,0,228100.51,0,0,0.0,0,0,0,5543.68156996587,0.0,14.254266211604094,5529.427303754266,1,1,2026-06-10 17:41:22.494414
NE-HV_AirDist-SupFanMtr-cDXHP-2SpClgHtg-VFDPMMtr,None,Rt3,Ex,CZ06,cDXHP,0,Each,1.0,240000.003932992,1591231.21,774348.97,0,436362.0,3990.81,162115.2,0,0,214410.85,0,0,0.0,0,0,0,5543.725938566553,0.0,14.298293515358361,5529.427645051195,1,1,2026-06-10 17:41:22.494414
NE-HV_AirDist-SupFanMtr-cDXHP-2SpClgHtg-VFDStdMtr,None,Rt3,Ex,CZ06,cDXHP,0,Each,1.0,240000.003932992,1601845.2099999997,774348.97,0,436362.0,3902.73,163321.71,0,0,223906.42,0,0,0.0,0,0,0,5543.691467576792,0.0,14.26382252559727,5529.427645051195,1,1,2026-06-10 17:41:22.494414
NE-HV_AirDist-SupFanMtr-cDXHP-2SpClgHtg-VFDExMtr,None,Rt3,Ex,CZ05,cDXHP,0,Each,1.0,240000.003932992,1513762.71,774348.97,0,436362.0,14067.28,85617.22,0,0,203363.86,0,0,0.0,0,0,0,6109.59385665529,0.0,89.11296928327646,6020.480887372013,1,1,2026-06-10 17:41:22.494414
NE-HV_AirDist-SupFanMtr-cDXHP-2SpClgHtg-VFDPMMtr,None,Rt3,Ex,CZ05,cDXHP,0,Each,1.0,240000.003932992,1500063.5699999998,774348.97,0,436362.0,14396.5,84485.43,0,0,190467.29,0,0,0.0,0,0,0,6109.788054607508,0.0,89.30853242320818,6020.4795221843,1,1,2026-06-10 17:41:22.494414
NE-HV_AirDist-SupFanMtr-cDXHP-2SpClgHtg-VFDStdMtr,None,Rt3,Ex,CZ05,cDXHP,0,Each,1.0,240000.003932992,1509624.1699999997,774348.97,0,436362.0,14165.05,85236.55,0,0,199508.22,0,0,0.0,0,0,0,6109.632764505119,0.0,89.15221843003413,6020.480546075085,1,1,2026-06-10 17:41:22.494414
NE-HV_AirDist-SupFanMtr-cDXHP-2SpClgHtg-VFDExMtr,None,Rt3,Ex,CZ04,cDXHP,0,Each,1.0,240000.003932992,1707887.8399999999,774348.97,0,436362.0,23259.4,241800.79,0,0,232113.3,0,0,0.0,0,0,0,5958.979522184301,0.0,142.17235494880543,5816.807167235495,1,1,2026-06-10 17:41:22.494414
NE-HV_AirDist-SupFanMtr-cDXHP-2SpClgHtg-VFDPMMtr,None,Rt3,Ex,CZ04,cDXHP,0,Each,1.0,240000.003932992,1693142.7599999998,774348.97,0,436362.0,23732.67,240265.88,0,0,218429.86,0,0,0.0,0,0,0,5959.234812286689,0.0,142.42832764505118,5816.806484641638,1,1,2026-06-10 17:41:22.494414
NE-HV_AirDist-SupFanMtr-cDXHP-2SpClgHtg-VFDStdMtr,None,Rt3,Ex,CZ04,cDXHP,0,Each,1.0,240000.003932992,1703305.41,774348.97,0,436362.0,23397.28,241294.83,0,0,227898.95,0,0,0.0,0,0,0,5959.021501706485,0.0,142.2146757679181,5816.806825938566,1,1,2026-06-10 17:41:22.494414
NE-HV_AirDist-SupFanMtr-cDXHP-2SpClgHtg-VFDExMtr,None,Rt3,Ex,CZ03,cDXHP,0,Each,1.0,240000.003932992,1478520.4199999997,774348.97,0,436362.0,14855.33,65442.33,0,0,187508.41,0,0,0.0,0,0,0,6098.502730375427,0.0,106.60409556313994,5991.898634812287,1,1,2026-06-10 17:41:22.494414
NE-HV_AirDist-SupFanMtr-cDXHP-2SpClgHtg-VFDPMMtr,None,Rt3,Ex,CZ03,cDXHP,0,Each,1.0,240000.003932992,1465624.0799999998,774348.97,0,436362.0,15200.38,64537.78,0,0,175171.57,0,0,0.0,0,0,0,6098.701023890785,0.0,106.8023890784983,5991.898634812287,1,1,2026-06-10 17:41:22.494414
NE-HV_AirDist-SupFanMtr-cDXHP-2SpClgHtg-VFDStdMtr,None,Rt3,Ex,CZ03,cDXHP,0,Each,1.0,240000.003932992,1474705.2399999998,774348.97,0,436362.0,14969.3,65137.69,0,0,183883.9,0,0,0.0,0,0,0,6098.607508532424,0.0,106.70887372013652,5991.898634812287,1,1,2026-06-10 17:41:22.494414
NE-HV_AirDist-SupFanMtr-cDXHP-2SpClgHtg-VFDExMtr,None,Rt3,Ex,CZ02,cDXHP,0,Each,1.0,240000.003932992,1593748.5,774348.97,0,436362.0,26618.26,147724.04,0,0,208691.85,0,0,0.0,0,0,0,6247.8105802047785,0.0,186.30955631399317,6061.501023890785,1,1,2026-06-10 17:41:22.494414
NE-HV_AirDist-SupFanMtr-cDXHP-2SpClgHtg-VFDPMMtr,None,Rt3,Ex,CZ02,cDXHP,0,Each,1.0,240000.003932992,1580012.19,774348.97,0,436362.0,27148.65,146502.23,0,0,195646.96,0,0,0.0,0,0,0,6248.1003412969285,0.0,186.59965870307167,6061.500682593856,1,1,2026-06-10 17:41:22.494414
NE-HV_AirDist-SupFanMtr-cDXHP-2SpClgHtg-VFDStdMtr,None,Rt3,Ex,CZ02,cDXHP,0,Each,1.0,240000.003932992,1589558.67,774348.97,0,436362.0,26778.36,147312.04,0,0,204753.92,0,0,0.0,0,0,0,6247.863139931741,0.0,186.3621160409556,6061.501023890785,1,1,2026-06-10 17:41:22.494414
NE-HV_AirDist-SupFanMtr-cDXHP-2SpClgHtg-VFDExMtr,None,Rt3,Ex,CZ01,cDXHP,0,Each,1.0,240000.003932992,1389476.5299999998,774348.97,0,436362.0,29166.2,6306.76,0,0,143289.22,0,0,0.0,0,0,0,6701.959385665529,0.0,220.4156996587031,6481.543686006826,1,1,2026-06-10 17:41:22.494414
NE-HV_AirDist-SupFanMtr-cDXHP-2SpClgHtg-VFDPMMtr,None,Rt3,Ex,CZ01,cDXHP,0,Each,1.0,240000.003932992,1378880.94,774348.97,0,436362.0,29750.27,6138.61,0,0,132277.71,0,0,0.0,0,0,0,6702.456655290102,0.0,220.91433447098976,6481.542320819112,1,1,2026-06-10 17:41:22.494414
NE-HV_AirDist-SupFanMtr-cDXHP-2SpClgHtg-VFDStdMtr,None,Rt3,Ex,CZ01,cDXHP,0,Each,1.0,240000.003932992,1386725.41,774348.97,0,436362.0,29345.2,6251.61,0,0,140414.25,0,0,0.0,0,0,0,6702.071672354948,0.0,220.5286689419795,6481.543003412969,1,1,2026-06-10 17:41:22.494414
NE-HV_AirDist-SupFanMtr-cDXGF-2SpClgHtg-VFDExMtr,None,Rt3,Ex,CZ16,cDXGF,0,Each,1.0,240000.003932992,1556492.97,774348.97,0,436362.0,0.0,109910.56,0,0,235868.06,0,0,0.0,0,0,0,14593.779180887372,0.0,8252.588737201366,6341.190443686007,1,1,2026-06-10 17:41:22.494414
NE-HV_AirDist-SupFanMtr-cDXGF-2SpClgHtg-VFDPMMtr,None,Rt3,Ex,CZ16,cDXGF,0,Each,1.0,240000.003932992,1540270.2399999998,774348.97,0,436362.0,0.0,108794.91,0,0,220760.98,0,0,0.0,0,0,0,14773.695563139932,0.0,8432.504778156997,6341.190784982936,1,1,2026-06-10 17:41:22.494414
NE-HV_AirDist-SupFanMtr-cDXGF-2SpClgHtg-VFDStdMtr,None,Rt3,Ex,CZ16,cDXGF,0,Each,1.0,240000.003932992,1551645.5099999998,774348.97,0,436362.0,0.0,109528.44,0,0,231402.72,0,0,0.0,0,0,0,14650.233788395903,0.0,8309.04300341297,6341.190784982936,1,1,2026-06-10 17:41:22.494414
NE-HV_AirDist-SupFanMtr-cDXGF-2SpClgHtg-VFDExMtr,None,Rt3,Ex,CZ15,cDXGF,0,Each,1.0,240000.003932992,2106213.9999999995,774348.97,0,436362.0,0.0,594117.1,0,0,301382.55,0,0,0.0,0,0,0,5017.031399317406,0.0,535.578156996587,4481.453242320818,1,1,2026-06-10 17:41:22.494414
NE-HV_AirDist-SupFanMtr-cDXGF-2SpClgHtg-VFDPMMtr,None,Rt3,Ex,CZ15,cDXGF,0,Each,1.0,240000.003932992,2089358.43,774348.97,0,436362.0,0.0,591349.77,0,0,287294.31,0,0,0.0,0,0,0,5034.491467576792,0.0,553.0378839590444,4481.453583617747,1,1,2026-06-10 17:41:22.494414
NE-HV_AirDist-SupFanMtr-cDXGF-2SpClgHtg-VFDStdMtr,None,Rt3,Ex,CZ15,cDXGF,0,Each,1.0,240000.003932992,2100656.73,774348.97,0,436362.0,0.0,593160.81,0,0,296781.57,0,0,0.0,0,0,0,5022.275085324232,0.0,540.8211604095562,4481.453924914676,1,1,2026-06-10 17:41:22.494414
NE-HV_AirDist-SupFanMtr-cDXGF-2SpClgHtg-VFDExMtr,None,Rt3,Ex,CZ14,cDXGF,0,Each,1.0,240000.003932992,1786908.0999999996,774348.97,0,436362.0,0.0,320759.62,0,0,255434.13,0,0,0.0,0,0,0,9344.27986348123,0.0,3836.2013651877132,5508.078498293516,1,1,2026-06-10 17:41:22.494414
NE-HV_AirDist-SupFanMtr-cDXGF-2SpClgHtg-VFDPMMtr,None,Rt3,Ex,CZ14,cDXGF,0,Each,1.0,240000.003932992,1770877.4699999997,774348.97,0,436362.0,0.0,318869.25,0,0,241293.87,0,0,0.0,0,0,0,9431.203412969284,0.0,3923.1225255972695,5508.080887372013,1,1,2026-06-10 17:41:22.494414
NE-HV_AirDist-SupFanMtr-cDXGF-2SpClgHtg-VFDStdMtr,None,Rt3,Ex,CZ14,cDXGF,0,Each,1.0,240000.003932992,1781861.0099999998,774348.97,0,436362.0,0.0,320110.37,0,0,251036.29,0,0,0.0,0,0,0,9370.137201365189,0.0,3862.0600682593854,5508.077133105802,1,1,2026-06-10 17:41:22.494414
NE-HV_AirDist-SupFanMtr-cDXGF-2SpClgHtg-VFDExMtr,None,Rt3,Ex,CZ13,cDXGF,0,Each,1.0,240000.003932992,1803258.6199999999,774348.97,0,436362.0,0.0,336846.02,0,0,255698.25,0,0,0.0,0,0,0,9500.717747440274,0.0,4151.31638225256,5349.401365187713,1,1,2026-06-10 17:41:22.494414
NE-HV_AirDist-SupFanMtr-cDXGF-2SpClgHtg-VFDPMMtr,None,Rt3,Ex,CZ13,cDXGF,0,Each,1.0,240000.003932992,1787719.16,774348.97,0,436362.0,0.0,334967.61,0,0,242037.2,0,0,0.0,0,0,0,9601.36348122867,0.0,4251.954607508533,5349.408873720136,1,1,2026-06-10 17:41:22.494414
NE-HV_AirDist-SupFanMtr-cDXGF-2SpClgHtg-VFDStdMtr,None,Rt3,Ex,CZ13,cDXGF,0,Each,1.0,240000.003932992,1798297.47,774348.97,0,436362.0,0.0,336198.15,0,0,251384.97,0,0,0.0,0,0,0,9531.00614334471,0.0,4181.6,5349.40614334471,1,1,2026-06-10 17:41:22.494414
NE-HV_AirDist-SupFanMtr-cDXGF-2SpClgHtg-VFDExMtr,None,Rt3,Ex,CZ12,cDXGF,0,Each,1.0,240000.003932992,1667929.39,774348.97,0,436362.0,0.0,229715.63,0,0,227499.41,0,0,0.0,0,0,0,10838.306484641638,0.0,5110.882593856654,5727.423890784982,1,1,2026-06-10 17:41:22.494414
NE-HV_AirDist-SupFanMtr-cDXGF-2SpClgHtg-VFDPMMtr,None,Rt3,Ex,CZ12,cDXGF,0,Each,1.0,240000.003932992,1652999.5499999998,774348.97,0,436362.0,0.0,228176.22,0,0,214108.98,0,0,0.0,0,0,0,10947.847781569966,0.0,5220.424232081911,5727.423549488055,1,1,2026-06-10 17:41:22.494414
NE-HV_AirDist-SupFanMtr-cDXGF-2SpClgHtg-VFDStdMtr,None,Rt3,Ex,CZ12,cDXGF,0,Each,1.0,240000.003932992,1663341.8499999999,774348.97,0,436362.0,0.0,229192.98,0,0,223434.52,0,0,0.0,0,0,0,10872.621843003411,0.0,5145.197952218429,5727.423890784982,1,1,2026-06-10 17:41:22.494414
NE-HV_AirDist-SupFanMtr-cDXGF-2SpClgHtg-VFDExMtr,None,Rt3,Ex,CZ11,cDXGF,0,Each,1.0,240000.003932992,1785890.77,774348.97,0,436362.0,0.0,321661.36,0,0,253515.06,0,0,0.0,0,0,0,10627.9409556314,0.0,5164.239590443686,5463.701365187713,1,1,2026-06-10 17:41:22.494414
NE-HV_AirDist-SupFanMtr-cDXGF-2SpClgHtg-VFDPMMtr,None,Rt3,Ex,CZ11,cDXGF,0,Each,1.0,240000.003932992,1770322.16,774348.97,0,436362.0,0.0,319893.9,0,0,239713.91,0,0,0.0,0,0,0,10736.784982935153,0.0,5273.083959044368,5463.701023890785,1,1,2026-06-10 17:41:22.494414
NE-HV_AirDist-SupFanMtr-cDXGF-2SpClgHtg-VFDStdMtr,None,Rt3,Ex,CZ11,cDXGF,0,Each,1.0,240000.003932992,1780943.53,774348.97,0,436362.0,0.0,321054.86,0,0,249174.32,0,0,0.0,0,0,0,10661.574061433446,0.0,5197.872696245734,5463.701365187713,1,1,2026-06-10 17:41:22.494414
NE-HV_AirDist-SupFanMtr-cDXGF-2SpClgHtg-VFDExMtr,None,Rt3,Ex,CZ10,cDXGF,0,Each,1.0,240000.003932992,1808607.16,774348.97,0,436362.0,0.0,331863.29,0,0,266029.52,0,0,0.0,0,0,0,7220.67133105802,0.0,1898.3686006825938,5322.302730375426,1,1,2026-06-10 17:41:22.494414
NE-HV_AirDist-SupFanMtr-cDXGF-2SpClgHtg-VFDPMMtr,None,Rt3,Ex,CZ10,cDXGF,0,Each,1.0,240000.003932992,1791541.0999999999,774348.97,0,436362.0,0.0,329622.51,0,0,251204.24,0,0,0.0,0,0,0,7273.155972696246,0.0,1950.854266211604,5322.301706484642,1,1,2026-06-10 17:41:22.494414
NE-HV_AirDist-SupFanMtr-cDXGF-2SpClgHtg-VFDStdMtr,None,Rt3,Ex,CZ10,cDXGF,0,Each,1.0,240000.003932992,1803219.42,774348.97,0,436362.0,0.0,331095.59,0,0,261409.48,0,0,0.0,0,0,0,7237.0491467576785,0.0,1914.746757679181,5322.302389078498,1,1,2026-06-10 17:41:22.494414
NE-HV_AirDist-SupFanMtr-cDXGF-2SpClgHtg-VFDExMtr,None,Rt3,Ex,CZ09,cDXGF,0,Each,1.0,240000.003932992,1744170.9699999997,774348.97,0,436362.0,0.0,281463.49,0,0,251993.13,0,0,0.0,0,0,0,6910.496928327645,0.0,1517.0610921501707,5393.435836177475,1,1,2026-06-10 17:41:22.494414
NE-HV_AirDist-SupFanMtr-cDXGF-2SpClgHtg-VFDPMMtr,None,Rt3,Ex,CZ09,cDXGF,0,Each,1.0,240000.003932992,1727699.88,774348.97,0,436362.0,0.0,279405.29,0,0,237580.24,0,0,0.0,0,0,0,6953.767235494881,0.0,1560.331399317406,5393.435836177475,1,1,2026-06-10 17:41:22.494414
NE-HV_AirDist-SupFanMtr-cDXGF-2SpClgHtg-VFDStdMtr,None,Rt3,Ex,CZ09,cDXGF,0,Each,1.0,240000.003932992,1738922.3399999999,774348.97,0,436362.0,0.0,280759.91,0,0,247448.08,0,0,0.0,0,0,0,6922.9215017064835,0.0,1529.485324232082,5393.436177474402,1,1,2026-06-10 17:41:22.494414
NE-HV_AirDist-SupFanMtr-cDXGF-2SpClgHtg-VFDExMtr,None,Rt3,Ex,CZ08,cDXGF,0,Each,1.0,240000.003932992,1744260.8499999999,774348.97,0,436362.0,0.0,282930.47,0,0,250616.03,0,0,0.0,0,0,0,6395.636177474403,0.0,1042.354266211604,5353.2819112627985,1,1,2026-06-10 17:41:22.494414
NE-HV_AirDist-SupFanMtr-cDXGF-2SpClgHtg-VFDPMMtr,None,Rt3,Ex,CZ08,cDXGF,0,Each,1.0,240000.003932992,1727762.67,774348.97,0,436362.0,0.0,280778.18,0,0,236270.14,0,0,0.0,0,0,0,6428.178839590443,0.0,1074.8962457337884,5353.282593856655,1,1,2026-06-10 17:41:22.494414
NE-HV_AirDist-SupFanMtr-cDXGF-2SpClgHtg-VFDStdMtr,None,Rt3,Ex,CZ08,cDXGF,0,Each,1.0,240000.003932992,1739010.93,774348.97,0,436362.0,0.0,282190.25,0,0,246106.33,0,0,0.0,0,0,0,6404.968600682594,0.0,1051.6866894197951,5353.2819112627985,1,1,2026-06-10 17:41:22.494414
NE-HV_AirDist-SupFanMtr-cDXGF-2SpClgHtg-VFDExMtr,None,Rt3,Ex,CZ07,cDXGF,0,Each,1.0,240000.003932992,1629322.63,774348.97,0,436362.0,0.0,185587.94,0,0,233020.34,0,0,0.0,0,0,0,6245.729692832763,0.0,775.3174061433447,5470.4122866894195,1,1,2026-06-10 17:41:22.494414
NE-HV_AirDist-SupFanMtr-cDXGF-2SpClgHtg-VFDPMMtr,None,Rt3,Ex,CZ07,cDXGF,0,Each,1.0,240000.003932992,1613599.75,774348.97,0,436362.0,0.0,183746.55,0,0,219138.85,0,0,0.0,0,0,0,6271.2941979522175,0.0,800.8815699658703,5470.412627986348,1,1,2026-06-10 17:41:22.494414
NE-HV_AirDist-SupFanMtr-cDXGF-2SpClgHtg-VFDStdMtr,None,Rt3,Ex,CZ07,cDXGF,0,Each,1.0,240000.003932992,1624422.7299999997,774348.97,0,436362.0,0.0,184956.94,0,0,228751.44,0,0,0.0,0,0,0,6252.618771331057,0.0,782.2061433447099,5470.412627986348,1,1,2026-06-10 17:41:22.494414
NE-HV_AirDist-SupFanMtr-cDXGF-2SpClgHtg-VFDExMtr,None,Rt3,Ex,CZ06,cDXGF,0,Each,1.0,240000.003932992,1605704.7399999998,774348.97,0,436362.0,0.0,166798.62,0,0,228191.77,0,0,0.0,0,0,0,6427.383276450512,0.0,897.9580204778156,5529.4252559726965,1,1,2026-06-10 17:41:22.494414
NE-HV_AirDist-SupFanMtr-cDXGF-2SpClgHtg-VFDPMMtr,None,Rt3,Ex,CZ06,cDXGF,0,Each,1.0,240000.003932992,1590311.6999999997,774348.97,0,436362.0,0.0,164960.14,0,0,214637.21,0,0,0.0,0,0,0,6454.959726962457,0.0,925.5341296928328,5529.425597269625,1,1,2026-06-10 17:41:22.494414
NE-HV_AirDist-SupFanMtr-cDXGF-2SpClgHtg-VFDStdMtr,None,Rt3,Ex,CZ06,cDXGF,0,Each,1.0,240000.003932992,1600928.8299999998,774348.97,0,436362.0,0.0,166168.71,0,0,224045.77,0,0,0.0,0,0,0,6434.803412969284,0.0,905.3778156996586,5529.425597269625,1,1,2026-06-10 17:41:22.494414
NE-HV_AirDist-SupFanMtr-cDXGF-2SpClgHtg-VFDExMtr,None,Rt3,Ex,CZ05,cDXGF,0,Each,1.0,240000.003932992,1499086.7,774348.97,0,436362.0,0.0,84833.33,0,0,203539.02,0,0,0.0,0,0,0,9218.862457337884,0.0,3198.3819112627984,6020.480546075085,1,1,2026-06-10 17:41:22.494414
NE-HV_AirDist-SupFanMtr-cDXGF-2SpClgHtg-VFDPMMtr,None,Rt3,Ex,CZ05,cDXGF,0,Each,1.0,240000.003932992,1485062.7599999998,774348.97,0,436362.0,0.0,83664.87,0,0,190683.54,0,0,0.0,0,0,0,9293.811262798634,0.0,3273.332764505119,6020.478498293515,1,1,2026-06-10 17:41:22.494414
NE-HV_AirDist-SupFanMtr-cDXGF-2SpClgHtg-VFDStdMtr,None,Rt3,Ex,CZ05,cDXGF,0,Each,1.0,240000.003932992,1494838.2899999998,774348.97,0,436362.0,0.0,84440.28,0,0,199683.66,0,0,0.0,0,0,0,9241.293856655291,0.0,3220.814675767918,6020.479180887372,1,1,2026-06-10 17:41:22.494414
NE-HV_AirDist-SupFanMtr-cDXGF-2SpClgHtg-VFDExMtr,None,Rt3,Ex,CZ04,cDXGF,0,Each,1.0,240000.003932992,1681517.0399999998,774348.97,0,436362.0,0.0,236095.72,0,0,234706.97,0,0,0.0,0,0,0,10831.869965870308,0.0,5015.0747440273035,5816.795221843004,1,1,2026-06-10 17:41:22.494414
NE-HV_AirDist-SupFanMtr-cDXGF-2SpClgHtg-VFDPMMtr,None,Rt3,Ex,CZ04,cDXGF,0,Each,1.0,240000.003932992,1666301.0199999998,774348.97,0,436362.0,0.0,234564.52,0,0,221022.15,0,0,0.0,0,0,0,10937.952559726962,0.0,5121.1576791808875,5816.794880546075,1,1,2026-06-10 17:41:22.494414
NE-HV_AirDist-SupFanMtr-cDXGF-2SpClgHtg-VFDStdMtr,None,Rt3,Ex,CZ04,cDXGF,0,Each,1.0,240000.003932992,1676805.2899999998,774348.97,0,436362.0,0.0,235580.98,0,0,230509.96,0,0,0.0,0,0,0,10863.940955631399,0.0,5047.145733788396,5816.795221843004,1,1,2026-06-10 17:41:22.494414
NE-HV_AirDist-SupFanMtr-cDXGF-2SpClgHtg-VFDExMtr,None,Rt3,Ex,CZ03,cDXGF,0,Each,1.0,240000.003932992,1463346.8499999999,774348.97,0,436362.0,0.0,65081.27,0,0,187551.23,0,0,0.0,0,0,0,9453.541638225257,0.0,3461.6440273037542,5991.897610921502,1,1,2026-06-10 17:41:22.494414
NE-HV_AirDist-SupFanMtr-cDXGF-2SpClgHtg-VFDPMMtr,None,Rt3,Ex,CZ03,cDXGF,0,Each,1.0,240000.003932992,1450070.1099999999,774348.97,0,436362.0,0.0,64144.06,0,0,175211.7,0,0,0.0,0,0,0,9531.782593856655,0.0,3539.884641638225,5991.897952218429,1,1,2026-06-10 17:41:22.494414
NE-HV_AirDist-SupFanMtr-cDXGF-2SpClgHtg-VFDStdMtr,None,Rt3,Ex,CZ03,cDXGF,0,Each,1.0,240000.003932992,1459408.53,774348.97,0,436362.0,0.0,64765.15,0,0,183929.03,0,0,0.0,0,0,0,9479.92901023891,0.0,3488.0313993174063,5991.897610921502,1,1,2026-06-10 17:41:22.494414
NE-HV_AirDist-SupFanMtr-cDXGF-2SpClgHtg-VFDExMtr,None,Rt3,Ex,CZ02,cDXGF,0,Each,1.0,240000.003932992,1564198.1299999997,774348.97,0,436362.0,0.0,144100.87,0,0,209382.91,0,0,0.0,0,0,0,11959.387372013653,0.0,5897.889419795222,6061.49795221843,1,1,2026-06-10 17:41:22.494414
NE-HV_AirDist-SupFanMtr-cDXGF-2SpClgHtg-VFDPMMtr,None,Rt3,Ex,CZ02,cDXGF,0,Each,1.0,240000.003932992,1549981.3299999998,774348.97,0,436362.0,0.0,142891.46,0,0,196375.52,0,0,0.0,0,0,0,12079.851535836178,0.0,6018.353583617748,6061.49795221843,1,1,2026-06-10 17:41:22.494414
NE-HV_AirDist-SupFanMtr-cDXGF-2SpClgHtg-VFDStdMtr,None,Rt3,Ex,CZ02,cDXGF,0,Each,1.0,240000.003932992,1559896.24,774348.97,0,436362.0,0.0,143694.54,0,0,205487.35,0,0,0.0,0,0,0,11996.628327645052,0.0,5935.130375426621,6061.49795221843,1,1,2026-06-10 17:41:22.494414
NE-HV_AirDist-SupFanMtr-cDXGF-2SpClgHtg-VFDExMtr,None,Rt3,Ex,CZ01,cDXGF,0,Each,1.0,240000.003932992,1360561.1799999997,774348.97,0,436362.0,0.0,6697.12,0,0,143149.71,0,0,0.0,0,0,0,13228.60614334471,0.0,6747.063481228669,6481.542662116041,1,1,2026-06-10 17:41:22.494414
NE-HV_AirDist-SupFanMtr-cDXGF-2SpClgHtg-VFDPMMtr,None,Rt3,Ex,CZ01,cDXGF,0,Each,1.0,240000.003932992,1349384.4799999997,774348.97,0,436362.0,0.0,6520.12,0,0,132150.01,0,0,0.0,0,0,0,13364.904436860066,0.0,6883.362457337884,6481.541979522184,1,1,2026-06-10 17:41:22.494414
NE-HV_AirDist-SupFanMtr-cDXGF-2SpClgHtg-VFDStdMtr,None,Rt3,Ex,CZ01,cDXGF,0,Each,1.0,240000.003932992,1357595.5899999999,774348.97,0,436362.0,0.0,6639.03,0,0,140242.21,0,0,0.0,0,0,0,13269.4819112628,0.0,6787.939249146757,6481.542662116041,1,1,2026-06-10 17:41:22.494414
NE-HV_AirDist-SupFanMtr-cDXOH-2SpClgHtg-VFDExMtr,None,RSD,Ex,CZ16,cDXOH,0,Each,1.0,11205.123087296,123316.29000000001,36047.32,0,37475.6,0.0,18376.96,0,0,31400.06,0,0,0.0,0,0,0,4981.401706484642,1333.48566552901,1241.6262798634812,2406.28976109215,1,1,2026-06-10 17:41:22.494414
NE-HV_AirDist-SupFanMtr-cDXOH-2SpClgHtg-VFDPMMtr,None,RSD,Ex,CZ16,cDXOH,0,Each,1.0,11205.123087296,123154.99000000002,36047.32,0,37475.6,0.0,18361.65,0,0,31254.07,0,0,0.0,0,0,0,4981.548805460751,1333.48566552901,1241.7914675767918,2406.2716723549484,1,1,2026-06-10 17:41:22.494414
NE-HV_AirDist-SupFanMtr-cDXOH-2SpClgHtg-VFDStdMtr,None,RSD,Ex,CZ16,cDXOH,0,Each,1.0,11205.123087296,123269.08000000002,36047.32,0,37475.6,0.0,18371.9,0,0,31357.91,0,0,0.0,0,0,0,4981.432764505119,1333.48566552901,1241.6549488054607,2406.2921501706483,1,1,2026-06-10 17:41:22.494414
NE-HV_AirDist-SupFanMtr-cDXOH-2SpClgHtg-VFDExMtr,None,RSD,Ex,CZ15,cDXOH,0,Each,1.0,11205.123087296,172921.18,36047.32,0,37475.6,0.0,64013.35,0,0,35347.71,0,0,0.0,0,0,0,4035.5358361774743,1333.48566552901,967.1129692832765,1734.9372013651878,1,1,2026-06-10 17:41:22.494414
NE-HV_AirDist-SupFanMtr-cDXOH-2SpClgHtg-VFDPMMtr,None,RSD,Ex,CZ15,cDXOH,0,Each,1.0,11205.123087296,172686.34000000003,36047.32,0,37475.6,0.0,63973.19,0,0,35153.04,0,0,0.0,0,0,0,4035.3945392491464,1333.48566552901,966.9709897610921,1734.9378839590443,1,1,2026-06-10 17:41:22.494414
NE-HV_AirDist-SupFanMtr-cDXOH-2SpClgHtg-VFDStdMtr,None,RSD,Ex,CZ15,cDXOH,0,Each,1.0,11205.123087296,172844.95,36047.32,0,37475.6,0.0,63999.95,0,0,35284.88,0,0,0.0,0,0,0,4035.537542662116,1333.48566552901,967.1143344709898,1734.937542662116,1,1,2026-06-10 17:41:22.494414
NE-HV_AirDist-SupFanMtr-cDXOH-2SpClgHtg-VFDExMtr,None,RSD,Ex,CZ14,cDXOH,0,Each,1.0,11205.123087296,145428.28999999998,36047.32,0,37475.6,0.0,38961.07,0,0,32918.21,0,0,0.0,0,0,0,4778.073720136518,1333.48566552901,1339.0266211604096,2105.561433447099,1,1,2026-06-10 17:41:22.494414
NE-HV_AirDist-SupFanMtr-cDXOH-2SpClgHtg-VFDPMMtr,None,RSD,Ex,CZ14,cDXOH,0,Each,1.0,11205.123087296,145240.27,36047.32,0,37475.6,0.0,38935.51,0,0,32755.75,0,0,0.0,0,0,0,4778.1832764505125,1333.48566552901,1339.1361774744028,2105.561433447099,1,1,2026-06-10 17:41:22.494414
NE-HV_AirDist-SupFanMtr-cDXOH-2SpClgHtg-VFDStdMtr,None,RSD,Ex,CZ14,cDXOH,0,Each,1.0,11205.123087296,145365.94,36047.32,0,37475.6,0.0,38952.3,0,0,32864.63,0,0,0.0,0,0,0,4778.089419795222,1333.48566552901,1339.0423208191128,2105.561433447099,1,1,2026-06-10 17:41:22.494414
NE-HV_AirDist-SupFanMtr-cDXOH-2SpClgHtg-VFDExMtr,None,RSD,Ex,CZ13,cDXOH,0,Each,1.0,11205.123087296,147559.7,36047.32,0,37475.6,0.0,42597.65,0,0,31409.07,0,0,0.0,0,0,0,4739.598634812286,1333.48566552901,1357.8460750853242,2048.2668941979523,1,1,2026-06-10 17:41:22.494414
NE-HV_AirDist-SupFanMtr-cDXOH-2SpClgHtg-VFDPMMtr,None,RSD,Ex,CZ13,cDXOH,0,Each,1.0,11205.123087296,147383.74000000002,36047.32,0,37475.6,0.0,42571.91,0,0,31258.85,0,0,0.0,0,0,0,4739.691126279864,1333.48566552901,1357.938566552901,2048.2668941979523,1,1,2026-06-10 17:41:22.494414
NE-HV_AirDist-SupFanMtr-cDXOH-2SpClgHtg-VFDStdMtr,None,RSD,Ex,CZ13,cDXOH,0,Each,1.0,11205.123087296,147505.75,36047.32,0,37475.6,0.0,42588.95,0,0,31363.82,0,0,0.0,0,0,0,4739.604778156996,1333.48566552901,1357.852218430034,2048.2668941979523,1,1,2026-06-10 17:41:22.494414
NE-HV_AirDist-SupFanMtr-cDXOH-2SpClgHtg-VFDExMtr,None,RSD,Ex,CZ12,cDXOH,0,Each,1.0,11205.123087296,130137.57999999999,36047.32,0,37475.6,0.0,29473.14,0,0,27122.18,0,0,0.0,0,0,0,4676.364846416382,1333.48566552901,1158.1914675767919,2184.68771331058,1,1,2026-06-10 17:41:22.494414
NE-HV_AirDist-SupFanMtr-cDXOH-2SpClgHtg-VFDPMMtr,None,RSD,Ex,CZ12,cDXOH,0,Each,1.0,11205.123087296,129984.15999999999,36047.32,0,37475.6,0.0,29453.82,0,0,26988.08,0,0,0.0,0,0,0,4676.465529010239,1333.48566552901,1158.2928327645052,2184.6870307167237,1,1,2026-06-10 17:41:22.494414
NE-HV_AirDist-SupFanMtr-cDXOH-2SpClgHtg-VFDStdMtr,None,RSD,Ex,CZ12,cDXOH,0,Each,1.0,11205.123087296,130087.94,36047.32,0,37475.6,0.0,29466.56,0,0,27079.12,0,0,0.0,0,0,0,4676.397269624574,1333.48566552901,1158.2242320819112,2184.687372013652,1,1,2026-06-10 17:41:22.494414
NE-HV_AirDist-SupFanMtr-cDXOH-2SpClgHtg-VFDExMtr,None,RSD,Ex,CZ11,cDXOH,0,Each,1.0,11205.123087296,144529.72,36047.32,0,37475.6,0.0,39742.41,0,0,31237.52,0,0,0.0,0,0,0,4821.609556313993,1333.48566552901,1398.5996587030718,2089.524232081911,1,1,2026-06-10 17:41:22.494414
NE-HV_AirDist-SupFanMtr-cDXOH-2SpClgHtg-VFDPMMtr,None,RSD,Ex,CZ11,cDXOH,0,Each,1.0,11205.123087296,144359.81999999998,36047.32,0,37475.6,0.0,39718.07,0,0,31091.96,0,0,0.0,0,0,0,4821.70784982935,1333.48566552901,1398.69795221843,2089.524232081911,1,1,2026-06-10 17:41:22.494414
NE-HV_AirDist-SupFanMtr-cDXOH-2SpClgHtg-VFDStdMtr,None,RSD,Ex,CZ11,cDXOH,0,Each,1.0,11205.123087296,144476.47,36047.32,0,37475.6,0.0,39734.19,0,0,31192.49,0,0,0.0,0,0,0,4821.633447098976,1333.48566552901,1398.6235494880546,2089.524232081911,1,1,2026-06-10 17:41:22.494414
NE-HV_AirDist-SupFanMtr-cDXOH-2SpClgHtg-VFDExMtr,None,RSD,Ex,CZ10,cDXOH,0,Each,1.0,11205.123087296,139432.94,36047.32,0,37475.6,0.0,38472.14,0,0,27411.45,0,0,0.0,0,0,0,4262.226279863481,1333.48566552901,890.3419795221843,2038.3986348122867,1,1,2026-06-10 17:41:22.494414
NE-HV_AirDist-SupFanMtr-cDXOH-2SpClgHtg-VFDPMMtr,None,RSD,Ex,CZ10,cDXOH,0,Each,1.0,11205.123087296,139231.57,36047.32,0,37475.6,0.0,38444.25,0,0,27237.97,0,0,0.0,0,0,0,4262.267918088737,1333.48566552901,890.3836177474403,2038.3986348122867,1,1,2026-06-10 17:41:22.494414
NE-HV_AirDist-SupFanMtr-cDXOH-2SpClgHtg-VFDStdMtr,None,RSD,Ex,CZ10,cDXOH,0,Each,1.0,11205.123087296,139371.02,36047.32,0,37475.6,0.0,38462.89,0,0,27358.78,0,0,0.0,0,0,0,4262.2245733788395,1333.48566552901,890.3399317406142,2038.3989761092148,1,1,2026-06-10 17:41:22.494414
NE-HV_AirDist-SupFanMtr-cDXOH-2SpClgHtg-VFDExMtr,None,RSD,Ex,CZ09,cDXOH,0,Each,1.0,11205.123087296,135412.11000000002,36047.32,0,37475.6,0.0,35510.05,0,0,26353.95,0,0,0.0,0,0,0,4171.676109215016,1333.48566552901,774.1416382252559,2064.048805460751,1,1,2026-06-10 17:41:22.494414
NE-HV_AirDist-SupFanMtr-cDXOH-2SpClgHtg-VFDPMMtr,None,RSD,Ex,CZ09,cDXOH,0,Each,1.0,11205.123087296,135201.24,36047.32,0,37475.6,0.0,35482.98,0,0,26170.15,0,0,0.0,0,0,0,4171.735153583618,1333.48566552901,774.2006825938566,2064.048805460751,1,1,2026-06-10 17:41:22.494414
NE-HV_AirDist-SupFanMtr-cDXOH-2SpClgHtg-VFDStdMtr,None,RSD,Ex,CZ09,cDXOH,0,Each,1.0,11205.123087296,135344.28,36047.32,0,37475.6,0.0,35500.85,0,0,26295.32,0,0,0.0,0,0,0,4171.684982935153,1333.48566552901,774.1505119453925,2064.048805460751,1,1,2026-06-10 17:41:22.494414
NE-HV_AirDist-SupFanMtr-cDXOH-2SpClgHtg-VFDExMtr,None,RSD,Ex,CZ08,cDXOH,0,Each,1.0,11205.123087296,133887.7,36047.32,0,37475.6,0.0,35234.87,0,0,25105.0,0,0,0.0,0,0,0,4082.9081911262797,1333.48566552901,699.8641638225256,2049.558361774744,1,1,2026-06-10 17:41:22.494414
NE-HV_AirDist-SupFanMtr-cDXOH-2SpClgHtg-VFDPMMtr,None,RSD,Ex,CZ08,cDXOH,0,Each,1.0,11205.123087296,133679.85,36047.32,0,37475.6,0.0,35205.77,0,0,24926.24,0,0,0.0,0,0,0,4082.9102389078494,1333.48566552901,699.8658703071673,2049.5587030716724,1,1,2026-06-10 17:41:22.494414
NE-HV_AirDist-SupFanMtr-cDXOH-2SpClgHtg-VFDStdMtr,None,RSD,Ex,CZ08,cDXOH,0,Each,1.0,11205.123087296,133820.06,36047.32,0,37475.6,0.0,35224.57,0,0,25047.65,0,0,0.0,0,0,0,4082.862798634812,1333.48566552901,699.818771331058,2049.558361774744,1,1,2026-06-10 17:41:22.494414
NE-HV_AirDist-SupFanMtr-cDXOH-2SpClgHtg-VFDExMtr,None,RSD,Ex,CZ07,cDXOH,0,Each,1.0,11205.123087296,119287.48,36047.32,0,37475.6,0.0,25383.23,0,0,20367.74,0,0,0.0,0,0,0,3703.098634812287,1333.48566552901,277.7890784982935,2091.823890784983,1,1,2026-06-10 17:41:22.494414
NE-HV_AirDist-SupFanMtr-cDXOH-2SpClgHtg-VFDPMMtr,None,RSD,Ex,CZ07,cDXOH,0,Each,1.0,11205.123087296,119096.06999999999,36047.32,0,37475.6,0.0,25362.28,0,0,20197.28,0,0,0.0,0,0,0,3703.245733788396,1333.48566552901,277.9361774744027,2091.823890784983,1,1,2026-06-10 17:41:22.494414
NE-HV_AirDist-SupFanMtr-cDXOH-2SpClgHtg-VFDStdMtr,None,RSD,Ex,CZ07,cDXOH,0,Each,1.0,11205.123087296,119232.78,36047.32,0,37475.6,0.0,25378.5,0,0,20317.77,0,0,0.0,0,0,0,3703.2194539249144,1333.48566552901,277.9098976109215,2091.823890784983,1,1,2026-06-10 17:41:22.494414
NE-HV_AirDist-SupFanMtr-cDXOH-2SpClgHtg-VFDExMtr,None,RSD,Ex,CZ06,cDXOH,0,Each,1.0,11205.123087296,118514.37999999999,36047.32,0,37475.6,0.0,24930.24,0,0,20044.43,0,0,0.0,0,0,0,3723.4849829351533,1333.48566552901,276.8470989761092,2113.1522184300343,1,1,2026-06-10 17:41:22.494414
NE-HV_AirDist-SupFanMtr-cDXOH-2SpClgHtg-VFDPMMtr,None,RSD,Ex,CZ06,cDXOH,0,Each,1.0,11205.123087296,118343.38,36047.32,0,37475.6,0.0,24918.74,0,0,19884.89,0,0,0.0,0,0,0,3724.141638225256,1333.48566552901,277.50341296928326,2113.1525597269624,1,1,2026-06-10 17:41:22.494414
NE-HV_AirDist-SupFanMtr-cDXOH-2SpClgHtg-VFDStdMtr,None,RSD,Ex,CZ06,cDXOH,0,Each,1.0,11205.123087296,118453.55,36047.32,0,37475.6,0.0,24922.62,0,0,19991.21,0,0,0.0,0,0,0,3723.555290102389,1333.48566552901,276.9174061433447,2113.1522184300343,1,1,2026-06-10 17:41:22.494414
NE-HV_AirDist-SupFanMtr-cDXOH-2SpClgHtg-VFDExMtr,None,RSD,Ex,CZ05,cDXOH,0,Each,1.0,11205.123087296,110573.11,36047.32,0,37475.6,0.0,15727.98,0,0,21312.41,0,0,0.0,0,0,0,4167.625255972696,1333.48566552901,543.718771331058,2290.420819112628,1,1,2026-06-10 17:41:22.494414
NE-HV_AirDist-SupFanMtr-cDXOH-2SpClgHtg-VFDPMMtr,None,RSD,Ex,CZ05,cDXOH,0,Each,1.0,11205.123087296,110413.09000000001,36047.32,0,37475.6,0.0,15712.94,0,0,21167.43,0,0,0.0,0,0,0,4167.649488054608,1333.48566552901,543.7430034129693,2290.420819112628,1,1,2026-06-10 17:41:22.494414
NE-HV_AirDist-SupFanMtr-cDXOH-2SpClgHtg-VFDStdMtr,None,RSD,Ex,CZ05,cDXOH,0,Each,1.0,11205.123087296,110524.49,36047.32,0,37475.6,0.0,15723.8,0,0,21267.97,0,0,0.0,0,0,0,4167.709897610921,1333.48566552901,543.8034129692833,2290.420819112628,1,1,2026-06-10 17:41:22.494414
NE-HV_AirDist-SupFanMtr-cDXOH-2SpClgHtg-VFDExMtr,None,RSD,Ex,CZ04,cDXOH,0,Each,1.0,11205.123087296,130424.51,36047.32,0,37475.6,0.0,29128.61,0,0,27753.15,0,0,0.0,0,0,0,4684.379863481228,1333.48566552901,1133.950170648464,2216.944027303754,1,1,2026-06-10 17:41:22.494414
NE-HV_AirDist-SupFanMtr-cDXOH-2SpClgHtg-VFDPMMtr,None,RSD,Ex,CZ04,cDXOH,0,Each,1.0,11205.123087296,130268.46,36047.32,0,37475.6,0.0,29109.62,0,0,27616.08,0,0,0.0,0,0,0,4684.44470989761,1333.48566552901,1134.0150170648465,2216.944027303754,1,1,2026-06-10 17:41:22.494414
NE-HV_AirDist-SupFanMtr-cDXOH-2SpClgHtg-VFDStdMtr,None,RSD,Ex,CZ04,cDXOH,0,Each,1.0,11205.123087296,130374.87,36047.32,0,37475.6,0.0,29122.42,0,0,27709.7,0,0,0.0,0,0,0,4684.39180887372,1333.48566552901,1133.9621160409554,2216.944027303754,1,1,2026-06-10 17:41:22.494414
NE-HV_AirDist-SupFanMtr-cDXOH-2SpClgHtg-VFDExMtr,None,RSD,Ex,CZ03,cDXOH,0,Each,1.0,11205.123087296,108633.76,36047.32,0,37475.6,0.0,14794.39,0,0,20306.11,0,0,0.0,0,0,0,4127.576109215017,1333.48566552901,513.9744027303755,2280.116040955631,1,1,2026-06-10 17:41:22.494414
NE-HV_AirDist-SupFanMtr-cDXOH-2SpClgHtg-VFDPMMtr,None,RSD,Ex,CZ03,cDXOH,0,Each,1.0,11205.123087296,108482.90999999999,36047.32,0,37475.6,0.0,14781.53,0,0,20168.12,0,0,0.0,0,0,0,4127.688054607509,1333.48566552901,514.0860068259385,2280.11638225256,1,1,2026-06-10 17:41:22.494414
NE-HV_AirDist-SupFanMtr-cDXOH-2SpClgHtg-VFDStdMtr,None,RSD,Ex,CZ03,cDXOH,0,Each,1.0,11205.123087296,108591.72999999998,36047.32,0,37475.6,0.0,14791.07,0,0,20267.4,0,0,0.0,0,0,0,4127.672013651877,1333.48566552901,514.0699658703071,2280.11638225256,1,1,2026-06-10 17:41:22.494414
NE-HV_AirDist-SupFanMtr-cDXOH-2SpClgHtg-VFDExMtr,None,RSD,Ex,CZ02,cDXOH,0,Each,1.0,11205.123087296,119790.60999999999,36047.32,0,37475.6,0.0,20751.91,0,0,25500.14,0,0,0.0,0,0,0,4713.131399317406,1333.48566552901,1074.3935153583618,2305.252218430034,1,1,2026-06-10 17:41:22.494414
NE-HV_AirDist-SupFanMtr-cDXOH-2SpClgHtg-VFDPMMtr,None,RSD,Ex,CZ02,cDXOH,0,Each,1.0,11205.123087296,119650.37,36047.32,0,37475.6,0.0,20738.11,0,0,25373.69,0,0,0.0,0,0,0,4713.322525597268,1333.48566552901,1074.584300341297,2305.2525597269623,1,1,2026-06-10 17:41:22.494414
NE-HV_AirDist-SupFanMtr-cDXOH-2SpClgHtg-VFDStdMtr,None,RSD,Ex,CZ02,cDXOH,0,Each,1.0,11205.123087296,119749.65000000001,36047.32,0,37475.6,0.0,20747.37,0,0,25463.72,0,0,0.0,0,0,0,4713.151877133105,1333.48566552901,1074.4139931740615,2305.252218430034,1,1,2026-06-10 17:41:22.494414
NE-HV_AirDist-SupFanMtr-cDXOH-2SpClgHtg-VFDExMtr,None,RSD,Ex,CZ01,cDXOH,0,Each,1.0,11205.123087296,105789.62,36047.32,0,37475.6,0.0,8427.73,0,0,23825.38,0,0,0.0,0,0,0,4797.168941979522,1333.48566552901,1006.7877133105802,2456.8955631399313,1,1,2026-06-10 17:41:22.494414
NE-HV_AirDist-SupFanMtr-cDXOH-2SpClgHtg-VFDPMMtr,None,RSD,Ex,CZ01,cDXOH,0,Each,1.0,11205.123087296,105706.38999999998,36047.32,0,37475.6,0.0,8424.04,0,0,23745.84,0,0,0.0,0,0,0,4797.318088737201,1333.48566552901,1006.9368600682593,2456.8955631399313,1,1,2026-06-10 17:41:22.494414
NE-HV_AirDist-SupFanMtr-cDXOH-2SpClgHtg-VFDStdMtr,None,RSD,Ex,CZ01,cDXOH,0,Each,1.0,11205.123087296,105771.79999999999,36047.32,0,37475.6,0.0,8426.69,0,0,23808.6,0,0,0.0,0,0,0,4797.198293515357,1333.48566552901,1006.8170648464164,2456.8955631399313,1,1,2026-06-10 17:41:22.494414
NE-HV_AirDist-SupFanMtr-cDXHP-2SpClgHtg-VFDExMtr,None,RSD,Ex,CZ16,cDXHP,0,Each,1.0,11205.123087296,123021.07,36047.32,0,37475.6,1123.16,18350.99,0,0,30007.73,0,0,0.0,0,0,0,4968.832423208191,1333.48566552901,1229.0559726962456,2406.2907849829353,1,1,2026-06-10 17:41:22.494414
NE-HV_AirDist-SupFanMtr-cDXHP-2SpClgHtg-VFDPMMtr,None,RSD,Ex,CZ16,cDXHP,0,Each,1.0,11205.123087296,122805.90000000001,36047.32,0,37475.6,1136.77,18335.62,0,0,29794.32,0,0,0.0,0,0,0,4968.975767918088,1333.48566552901,1229.2129692832766,2406.277133105802,1,1,2026-06-10 17:41:22.494414
NE-HV_AirDist-SupFanMtr-cDXHP-2SpClgHtg-VFDStdMtr,None,RSD,Ex,CZ16,cDXHP,0,Each,1.0,11205.123087296,122958.25000000001,36047.32,0,37475.6,1127.13,18345.96,0,0,29945.97,0,0,0.0,0,0,0,4968.868941979522,1333.48566552901,1229.1088737201364,2406.274402730375,1,1,2026-06-10 17:41:22.494414
NE-HV_AirDist-SupFanMtr-cDXHP-2SpClgHtg-VFDExMtr,None,RSD,Ex,CZ15,cDXHP,0,Each,1.0,11205.123087296,173383.03000000003,36047.32,0,37475.6,67.16,64189.5,0,0,35566.26,0,0,0.0,0,0,0,4034.671672354949,1333.48566552901,966.2662116040955,1734.919795221843,1,1,2026-06-10 17:41:22.494414
NE-HV_AirDist-SupFanMtr-cDXHP-2SpClgHtg-VFDPMMtr,None,RSD,Ex,CZ15,cDXHP,0,Each,1.0,11205.123087296,173145.52,36047.32,0,37475.6,69.04,64147.16,0,0,35369.21,0,0,0.0,0,0,0,4034.5808873720134,1333.48566552901,966.1675767918089,1734.9276450511943,1,1,2026-06-10 17:41:22.494414
NE-HV_AirDist-SupFanMtr-cDXHP-2SpClgHtg-VFDStdMtr,None,RSD,Ex,CZ15,cDXHP,0,Each,1.0,11205.123087296,173305.74000000002,36047.32,0,37475.6,67.68,64176.26,0,0,35501.69,0,0,0.0,0,0,0,4034.622184300341,1333.48566552901,966.2112627986348,1734.925255972696,1,1,2026-06-10 17:41:22.494414
NE-HV_AirDist-SupFanMtr-cDXHP-2SpClgHtg-VFDExMtr,None,RSD,Ex,CZ14,cDXHP,0,Each,1.0,11205.123087296,145297.33000000002,36047.32,0,37475.6,530.59,38982.25,0,0,32235.56,0,0,0.0,0,0,0,4770.3040955631395,1333.48566552901,1331.29795221843,2105.5204778156995,1,1,2026-06-10 17:41:22.494414
NE-HV_AirDist-SupFanMtr-cDXHP-2SpClgHtg-VFDPMMtr,None,RSD,Ex,CZ14,cDXHP,0,Each,1.0,11205.123087296,145072.1,36047.32,0,37475.6,537.68,38952.83,0,0,32032.66,0,0,0.0,0,0,0,4770.192491467577,1333.48566552901,1331.186348122867,2105.5204778156995,1,1,2026-06-10 17:41:22.494414
NE-HV_AirDist-SupFanMtr-cDXHP-2SpClgHtg-VFDStdMtr,None,RSD,Ex,CZ14,cDXHP,0,Each,1.0,11205.123087296,145223.82,36047.32,0,37475.6,532.72,38970.77,0,0,32171.4,0,0,0.0,0,0,0,4770.0525597269625,1333.48566552901,1331.0494880546075,2105.517406143345,1,1,2026-06-10 17:41:22.494414
NE-HV_AirDist-SupFanMtr-cDXHP-2SpClgHtg-VFDExMtr,None,RSD,Ex,CZ13,cDXHP,0,Each,1.0,11205.123087296,147549.73,36047.32,0,37475.6,492.19,42715.78,0,0,30789.03,0,0,0.0,0,0,0,4730.590443686006,1333.48566552901,1348.8723549488054,2048.232423208191,1,1,2026-06-10 17:41:22.494414
NE-HV_AirDist-SupFanMtr-cDXHP-2SpClgHtg-VFDPMMtr,None,RSD,Ex,CZ13,cDXHP,0,Each,1.0,11205.123087296,147338.93000000002,36047.32,0,37475.6,499.95,42688.79,0,0,30597.45,0,0,0.0,0,0,0,4730.909897610922,1333.48566552901,1349.1843003412969,2048.2399317406143,1,1,2026-06-10 17:41:22.494414
NE-HV_AirDist-SupFanMtr-cDXHP-2SpClgHtg-VFDStdMtr,None,RSD,Ex,CZ13,cDXHP,0,Each,1.0,11205.123087296,147481.36000000002,36047.32,0,37475.6,494.68,42705.41,0,0,30728.54,0,0,0.0,0,0,0,4730.573720136518,1333.48566552901,1348.8590443686007,2048.229010238908,1,1,2026-06-10 17:41:22.494414
NE-HV_AirDist-SupFanMtr-cDXHP-2SpClgHtg-VFDExMtr,None,RSD,Ex,CZ12,cDXHP,0,Each,1.0,11205.123087296,130014.8,36047.32,0,37475.6,589.75,29554.43,0,0,26328.46,0,0,0.0,0,0,0,4666.572354948806,1333.48566552901,1148.4150170648463,2184.6716723549484,1,1,2026-06-10 17:41:22.494414
NE-HV_AirDist-SupFanMtr-cDXHP-2SpClgHtg-VFDPMMtr,None,RSD,Ex,CZ12,cDXHP,0,Each,1.0,11205.123087296,129824.98000000001,36047.32,0,37475.6,598.27,29535.72,0,0,26148.83,0,0,0.0,0,0,0,4666.685324232082,1333.48566552901,1148.527303754266,2184.6723549488056,1,1,2026-06-10 17:41:22.494414
NE-HV_AirDist-SupFanMtr-cDXHP-2SpClgHtg-VFDStdMtr,None,RSD,Ex,CZ12,cDXHP,0,Each,1.0,11205.123087296,129952.86,36047.32,0,37475.6,592.27,29547.46,0,0,26270.97,0,0,0.0,0,0,0,4666.590102389078,1333.48566552901,1148.4293515358363,2184.675085324232,1,1,2026-06-10 17:41:22.494414
NE-HV_AirDist-SupFanMtr-cDXHP-2SpClgHtg-VFDExMtr,None,RSD,Ex,CZ11,cDXHP,0,Each,1.0,11205.123087296,144511.34,36047.32,0,37475.6,620.44,39868.06,0,0,30473.21,0,0,0.0,0,0,0,4811.687030716723,1333.48566552901,1388.7044368600682,2089.496928327645,1,1,2026-06-10 17:41:22.494414
NE-HV_AirDist-SupFanMtr-cDXHP-2SpClgHtg-VFDPMMtr,None,RSD,Ex,CZ11,cDXHP,0,Each,1.0,11205.123087296,144309.53,36047.32,0,37475.6,629.55,39844.23,0,0,30286.12,0,0,0.0,0,0,0,4811.67542662116,1333.48566552901,1388.6877133105802,2089.50204778157,1,1,2026-06-10 17:41:22.494414
NE-HV_AirDist-SupFanMtr-cDXHP-2SpClgHtg-VFDStdMtr,None,RSD,Ex,CZ11,cDXHP,0,Each,1.0,11205.123087296,144446.62,36047.32,0,37475.6,623.51,39859.25,0,0,30414.23,0,0,0.0,0,0,0,4811.5938566552895,1333.48566552901,1388.6129692832765,2089.4952218430035,1,1,2026-06-10 17:41:22.494414
NE-HV_AirDist-SupFanMtr-cDXHP-2SpClgHtg-VFDExMtr,None,RSD,Ex,CZ10,cDXHP,0,Each,1.0,11205.123087296,139426.89,36047.32,0,37475.6,170.58,38522.26,0,0,27184.81,0,0,0.0,0,0,0,4257.908532423208,1333.48566552901,886.0392491467577,2038.3836177474402,1,1,2026-06-10 17:41:22.494414
NE-HV_AirDist-SupFanMtr-cDXHP-2SpClgHtg-VFDPMMtr,None,RSD,Ex,CZ10,cDXHP,0,Each,1.0,11205.123087296,139204.64,36047.32,0,37475.6,174.46,38492.0,0,0,26988.95,0,0,0.0,0,0,0,4257.9791808873715,1333.48566552901,886.1051194539249,2038.3883959044367,1,1,2026-06-10 17:41:22.494414
NE-HV_AirDist-SupFanMtr-cDXHP-2SpClgHtg-VFDStdMtr,None,RSD,Ex,CZ10,cDXHP,0,Each,1.0,11205.123087296,139355.54,36047.32,0,37475.6,171.63,38511.52,0,0,27123.16,0,0,0.0,0,0,0,4257.821843003413,1333.48566552901,885.9511945392491,2038.3849829351536,1,1,2026-06-10 17:41:22.494414
NE-HV_AirDist-SupFanMtr-cDXHP-2SpClgHtg-VFDExMtr,None,RSD,Ex,CZ09,cDXHP,0,Each,1.0,11205.123087296,135383.76,36047.32,0,37475.6,148.37,35570.17,0,0,26117.13,0,0,0.0,0,0,0,4169.905119453925,1333.48566552901,772.3774744027304,2064.041979522184,1,1,2026-06-10 17:41:22.494414
NE-HV_AirDist-SupFanMtr-cDXHP-2SpClgHtg-VFDPMMtr,None,RSD,Ex,CZ09,cDXHP,0,Each,1.0,11205.123087296,135156.94,36047.32,0,37475.6,151.74,35541.07,0,0,25916.05,0,0,0.0,0,0,0,4169.900341296928,1333.48566552901,772.3726962457338,2064.041979522184,1,1,2026-06-10 17:41:22.494414
NE-HV_AirDist-SupFanMtr-cDXHP-2SpClgHtg-VFDStdMtr,None,RSD,Ex,CZ09,cDXHP,0,Each,1.0,11205.123087296,135311.06000000003,36047.32,0,37475.6,149.35,35560.18,0,0,26053.45,0,0,0.0,0,0,0,4169.848122866893,1333.48566552901,772.318771331058,2064.043686006826,1,1,2026-06-10 17:41:22.494414
NE-HV_AirDist-SupFanMtr-cDXHP-2SpClgHtg-VFDExMtr,None,RSD,Ex,CZ08,cDXHP,0,Each,1.0,11205.123087296,133912.28,36047.32,0,37475.6,108.14,35306.72,0,0,24949.63,0,0,0.0,0,0,0,4080.9795221843,1333.48566552901,697.9460750853242,2049.547781569966,1,1,2026-06-10 17:41:22.494414
NE-HV_AirDist-SupFanMtr-cDXHP-2SpClgHtg-VFDPMMtr,None,RSD,Ex,CZ08,cDXHP,0,Each,1.0,11205.123087296,133691.71000000002,36047.32,0,37475.6,111.01,35276.89,0,0,24756.0,0,0,0.0,0,0,0,4081.06928327645,1333.48566552901,698.0337883959044,2049.5498293515357,1,1,2026-06-10 17:41:22.494414
NE-HV_AirDist-SupFanMtr-cDXHP-2SpClgHtg-VFDStdMtr,None,RSD,Ex,CZ08,cDXHP,0,Each,1.0,11205.123087296,133839.81999999998,36047.32,0,37475.6,108.86,35296.99,0,0,24886.18,0,0,0.0,0,0,0,4081.0672354948806,1333.48566552901,698.0283276450511,2049.553242320819,1,1,2026-06-10 17:41:22.494414
NE-HV_AirDist-SupFanMtr-cDXHP-2SpClgHtg-VFDExMtr,None,RSD,Ex,CZ07,cDXHP,0,Each,1.0,11205.123087296,119313.96999999999,36047.32,0,37475.6,50.45,25437.96,0,0,20289.11,0,0,0.0,0,0,0,3702.5143344709895,1333.48566552901,277.20580204778156,2091.822866894198,1,1,2026-06-10 17:41:22.494414
NE-HV_AirDist-SupFanMtr-cDXHP-2SpClgHtg-VFDPMMtr,None,RSD,Ex,CZ07,cDXHP,0,Each,1.0,11205.123087296,119117.15,36047.32,0,37475.6,52.48,25413.47,0,0,20114.76,0,0,0.0,0,0,0,3702.490102389078,1333.48566552901,277.18566552901024,2091.818771331058,1,1,2026-06-10 17:41:22.494414
NE-HV_AirDist-SupFanMtr-cDXHP-2SpClgHtg-VFDStdMtr,None,RSD,Ex,CZ07,cDXHP,0,Each,1.0,11205.123087296,119246.12,36047.32,0,37475.6,50.98,25424.28,0,0,20234.42,0,0,0.0,0,0,0,3702.2709897610926,1333.48566552901,276.96245733788396,2091.822866894198,1,1,2026-06-10 17:41:22.494414
NE-HV_AirDist-SupFanMtr-cDXHP-2SpClgHtg-VFDExMtr,None,RSD,Ex,CZ06,cDXHP,0,Each,1.0,11205.123087296,118466.36,36047.32,0,37475.6,65.03,24943.24,0,0,19918.36,0,0,0.0,0,0,0,3723.0245733788392,1333.48566552901,276.3856655290102,2113.153242320819,1,1,2026-06-10 17:41:22.494414
NE-HV_AirDist-SupFanMtr-cDXHP-2SpClgHtg-VFDPMMtr,None,RSD,Ex,CZ06,cDXHP,0,Each,1.0,11205.123087296,118264.07,36047.32,0,37475.6,67.02,24919.81,0,0,19737.52,0,0,0.0,0,0,0,3723.1918088737198,1333.48566552901,276.5529010238908,2113.153242320819,1,1,2026-06-10 17:41:22.494414
NE-HV_AirDist-SupFanMtr-cDXHP-2SpClgHtg-VFDStdMtr,None,RSD,Ex,CZ06,cDXHP,0,Each,1.0,11205.123087296,118403.76999999999,36047.32,0,37475.6,65.6,24934.4,0,0,19864.04,0,0,0.0,0,0,0,3722.9600682593855,1333.48566552901,276.32150170648464,2113.1529010238905,1,1,2026-06-10 17:41:22.494414
NE-HV_AirDist-SupFanMtr-cDXHP-2SpClgHtg-VFDExMtr,None,RSD,Ex,CZ05,cDXHP,0,Each,1.0,11205.123087296,110435.70999999999,36047.32,0,37475.6,326.9,15761.29,0,0,20814.81,0,0,0.0,0,0,0,4164.960750853242,1333.48566552901,541.0566552901023,2290.4184300341294,1,1,2026-06-10 17:41:22.494414
NE-HV_AirDist-SupFanMtr-cDXHP-2SpClgHtg-VFDPMMtr,None,RSD,Ex,CZ05,cDXHP,0,Each,1.0,11205.123087296,110251.4,36047.32,0,37475.6,333.74,15747.71,0,0,20637.24,0,0,0.0,0,0,0,4165.152901023891,1333.48566552901,541.2491467576792,2290.4180887372013,1,1,2026-06-10 17:41:22.494414
NE-HV_AirDist-SupFanMtr-cDXHP-2SpClgHtg-VFDStdMtr,None,RSD,Ex,CZ05,cDXHP,0,Each,1.0,11205.123087296,110376.90999999999,36047.32,0,37475.6,328.82,15755.18,0,0,20760.2,0,0,0.0,0,0,0,4164.8866894197945,1333.48566552901,540.9832764505119,2290.417747440273,1,1,2026-06-10 17:41:22.494414
NE-HV_AirDist-SupFanMtr-cDXHP-2SpClgHtg-VFDExMtr,None,RSD,Ex,CZ04,cDXHP,0,Each,1.0,11205.123087296,130353.49,36047.32,0,37475.6,550.26,29200.82,0,0,27059.75,0,0,0.0,0,0,0,4677.640273037542,1333.48566552901,1127.2402730375427,2216.9143344709896,1,1,2026-06-10 17:41:22.494414
NE-HV_AirDist-SupFanMtr-cDXHP-2SpClgHtg-VFDPMMtr,None,RSD,Ex,CZ04,cDXHP,0,Each,1.0,11205.123087296,130159.66000000002,36047.32,0,37475.6,558.42,29181.51,0,0,26877.07,0,0,0.0,0,0,0,4677.674402730376,1333.48566552901,1127.269624573379,2216.9191126279866,1,1,2026-06-10 17:41:22.494414
NE-HV_AirDist-SupFanMtr-cDXHP-2SpClgHtg-VFDStdMtr,None,RSD,Ex,CZ04,cDXHP,0,Each,1.0,11205.123087296,130288.54,36047.32,0,37475.6,552.66,29192.54,0,0,27000.68,0,0,0.0,0,0,0,4677.633105802048,1333.48566552901,1127.2286689419795,2216.918771331058,1,1,2026-06-10 17:41:22.494414
NE-HV_AirDist-SupFanMtr-cDXHP-2SpClgHtg-VFDExMtr,None,RSD,Ex,CZ03,cDXHP,0,Each,1.0,11205.123087296,108454.56,36047.32,0,37475.6,342.94,14835.09,0,0,19743.29,0,0,0.0,0,0,0,4124.380204778156,1333.48566552901,510.778156996587,2280.11638225256,1,1,2026-06-10 17:41:22.494414
NE-HV_AirDist-SupFanMtr-cDXHP-2SpClgHtg-VFDPMMtr,None,RSD,Ex,CZ03,cDXHP,0,Each,1.0,11205.123087296,108274.45999999999,36047.32,0,37475.6,349.41,14823.16,0,0,19568.65,0,0,0.0,0,0,0,4124.639249146758,1333.48566552901,511.0392491467577,2280.11433447099,1,1,2026-06-10 17:41:22.494414
NE-HV_AirDist-SupFanMtr-cDXHP-2SpClgHtg-VFDStdMtr,None,RSD,Ex,CZ03,cDXHP,0,Each,1.0,11205.123087296,108402.04,36047.32,0,37475.6,344.86,14831.24,0,0,19692.7,0,0,0.0,0,0,0,4124.441296928328,1333.48566552901,510.84027303754266,2280.1153583617747,1,1,2026-06-10 17:41:22.494414
NE-HV_AirDist-SupFanMtr-cDXHP-2SpClgHtg-VFDExMtr,None,RSD,Ex,CZ02,cDXHP,0,Each,1.0,11205.123087296,119628.15999999999,36047.32,0,37475.6,659.11,20820.05,0,0,24610.49,0,0,0.0,0,0,0,4706.304436860069,1333.48566552901,1067.5668941979523,2305.251877133106,1,1,2026-06-10 17:41:22.494414
NE-HV_AirDist-SupFanMtr-cDXHP-2SpClgHtg-VFDPMMtr,None,RSD,Ex,CZ02,cDXHP,0,Each,1.0,11205.123087296,119449.37999999999,36047.32,0,37475.6,668.51,20806.62,0,0,24435.74,0,0,0.0,0,0,0,4706.592832764504,1333.48566552901,1067.8587030716724,2305.2484641638225,1,1,2026-06-10 17:41:22.494414
NE-HV_AirDist-SupFanMtr-cDXHP-2SpClgHtg-VFDStdMtr,None,RSD,Ex,CZ02,cDXHP,0,Each,1.0,11205.123087296,119575.04999999999,36047.32,0,37475.6,661.89,20816.39,0,0,24558.26,0,0,0.0,0,0,0,4706.456313993173,1333.48566552901,1067.726962457338,2305.243686006826,1,1,2026-06-10 17:41:22.494414
NE-HV_AirDist-SupFanMtr-cDXHP-2SpClgHtg-VFDExMtr,None,RSD,Ex,CZ01,cDXHP,0,Each,1.0,11205.123087296,105535.11,36047.32,0,37475.6,899.17,8471.35,0,0,22628.16,0,0,0.0,0,0,0,4786.630375426621,1333.48566552901,996.2443686006825,2456.900341296928,1,1,2026-06-10 17:41:22.494414
NE-HV_AirDist-SupFanMtr-cDXHP-2SpClgHtg-VFDPMMtr,None,RSD,Ex,CZ01,cDXHP,0,Each,1.0,11205.123087296,105400.90000000001,36047.32,0,37475.6,912.03,8468.28,0,0,22484.16,0,0,0.0,0,0,0,4786.840955631399,1333.48566552901,996.4552901023891,2456.9,1,1,2026-06-10 17:41:22.494414
NE-HV_AirDist-SupFanMtr-cDXHP-2SpClgHtg-VFDStdMtr,None,RSD,Ex,CZ01,cDXHP,0,Each,1.0,11205.123087296,105497.79999999999,36047.32,0,37475.6,902.95,8470.44,0,0,22587.98,0,0,0.0,0,0,0,4786.641979522184,1333.48566552901,996.2559726962456,2456.900341296928,1,1,2026-06-10 17:41:22.494414
NE-HV_AirDist-SupFanMtr-cDXGF-2SpClgHtg-VFDExMtr,None,RSD,Ex,CZ16,cDXGF,0,Each,1.0,11205.123087296,122032.97,36047.32,0,37475.6,0.0,18479.06,0,0,30014.71,0,0,0.0,0,0,0,5192.502730375426,1333.48566552901,1452.7266211604094,2406.2904436860067,1,1,2026-06-10 17:41:22.494414
NE-HV_AirDist-SupFanMtr-cDXGF-2SpClgHtg-VFDPMMtr,None,RSD,Ex,CZ16,cDXGF,0,Each,1.0,11205.123087296,121804.12,36047.32,0,37475.6,0.0,18464.02,0,0,29800.9,0,0,0.0,0,0,0,5195.99385665529,1333.48566552901,1456.2313993174062,2406.276791808874,1,1,2026-06-10 17:41:22.494414
NE-HV_AirDist-SupFanMtr-cDXGF-2SpClgHtg-VFDStdMtr,None,RSD,Ex,CZ16,cDXGF,0,Each,1.0,11205.123087296,121966.36,36047.32,0,37475.6,0.0,18474.07,0,0,29953.1,0,0,0.0,0,0,0,5193.54266211604,1333.48566552901,1453.7825938566552,2406.274402730375,1,1,2026-06-10 17:41:22.494414
NE-HV_AirDist-SupFanMtr-cDXGF-2SpClgHtg-VFDExMtr,None,RSD,Ex,CZ15,cDXGF,0,Each,1.0,11205.123087296,172814.35000000003,36047.32,0,37475.6,0.0,64023.62,0,0,35230.61,0,0,0.0,0,0,0,4050.448122866894,1333.48566552901,982.0245733788396,1734.9378839590443,1,1,2026-06-10 17:41:22.494414
NE-HV_AirDist-SupFanMtr-cDXGF-2SpClgHtg-VFDPMMtr,None,RSD,Ex,CZ15,cDXGF,0,Each,1.0,11205.123087296,172570.42,36047.32,0,37475.6,0.0,63984.02,0,0,35026.29,0,0,0.0,0,0,0,4050.8303754266212,1333.48566552901,982.4064846416381,1734.9382252559728,1,1,2026-06-10 17:41:22.494414
NE-HV_AirDist-SupFanMtr-cDXGF-2SpClgHtg-VFDStdMtr,None,RSD,Ex,CZ15,cDXGF,0,Each,1.0,11205.123087296,172733.25000000003,36047.32,0,37475.6,0.0,64010.09,0,0,35163.04,0,0,0.0,0,0,0,4050.5959044368597,1333.48566552901,982.1723549488055,1734.9378839590443,1,1,2026-06-10 17:41:22.494414
NE-HV_AirDist-SupFanMtr-cDXGF-2SpClgHtg-VFDExMtr,None,RSD,Ex,CZ14,cDXGF,0,Each,1.0,11205.123087296,144809.68000000002,36047.32,0,37475.6,0.0,39024.86,0,0,32235.86,0,0,0.0,0,0,0,4879.475767918088,1333.48566552901,1440.4283276450512,2105.5617747440274,1,1,2026-06-10 17:41:22.494414
NE-HV_AirDist-SupFanMtr-cDXGF-2SpClgHtg-VFDPMMtr,None,RSD,Ex,CZ14,cDXGF,0,Each,1.0,11205.123087296,144583.07000000004,36047.32,0,37475.6,0.0,38998.0,0,0,32036.11,0,0,0.0,0,0,0,4881.005460750853,1333.48566552901,1441.9580204778158,2105.5617747440274,1,1,2026-06-10 17:41:22.494414
NE-HV_AirDist-SupFanMtr-cDXGF-2SpClgHtg-VFDStdMtr,None,RSD,Ex,CZ14,cDXGF,0,Each,1.0,11205.123087296,144736.86000000002,36047.32,0,37475.6,0.0,39015.49,0,0,32172.41,0,0,0.0,0,0,0,4879.913651877133,1333.48566552901,1440.8662116040955,2105.5617747440274,1,1,2026-06-10 17:41:22.494414
NE-HV_AirDist-SupFanMtr-cDXGF-2SpClgHtg-VFDExMtr,None,RSD,Ex,CZ13,cDXGF,0,Each,1.0,11205.123087296,146880.13999999998,36047.32,0,37475.6,0.0,42650.23,0,0,30676.96,0,0,0.0,0,0,0,4845.9918088737195,1333.48566552901,1464.2505119453924,2048.2556313993173,1,1,2026-06-10 17:41:22.494414
NE-HV_AirDist-SupFanMtr-cDXGF-2SpClgHtg-VFDPMMtr,None,RSD,Ex,CZ13,cDXGF,0,Each,1.0,11205.123087296,146661.25000000003,36047.32,0,37475.6,0.0,42624.69,0,0,30483.6,0,0,0.0,0,0,0,4847.9443686006825,1333.48566552901,1466.1911262798635,2048.2675767918086,1,1,2026-06-10 17:41:22.494414
NE-HV_AirDist-SupFanMtr-cDXGF-2SpClgHtg-VFDStdMtr,None,RSD,Ex,CZ13,cDXGF,0,Each,1.0,11205.123087296,146810.42,36047.32,0,37475.6,0.0,42641.49,0,0,30615.98,0,0,0.0,0,0,0,4846.605802047781,1333.48566552901,1464.8648464163823,2048.255290102389,1,1,2026-06-10 17:41:22.494414
NE-HV_AirDist-SupFanMtr-cDXGF-2SpClgHtg-VFDExMtr,None,RSD,Ex,CZ12,cDXGF,0,Each,1.0,11205.123087296,129372.81999999999,36047.32,0,37475.6,0.0,29539.57,0,0,26291.03,0,0,0.0,0,0,0,4804.623890784982,1333.48566552901,1286.449146757679,2184.6890784982934,1,1,2026-06-10 17:41:22.494414
NE-HV_AirDist-SupFanMtr-cDXGF-2SpClgHtg-VFDPMMtr,None,RSD,Ex,CZ12,cDXGF,0,Each,1.0,11205.123087296,129173.93999999999,36047.32,0,37475.6,0.0,29520.38,0,0,26111.34,0,0,0.0,0,0,0,4806.815358361775,1333.48566552901,1288.640614334471,2184.6890784982934,1,1,2026-06-10 17:41:22.494414
NE-HV_AirDist-SupFanMtr-cDXGF-2SpClgHtg-VFDStdMtr,None,RSD,Ex,CZ12,cDXGF,0,Each,1.0,11205.123087296,129310.71999999999,36047.32,0,37475.6,0.0,29533.16,0,0,26235.33,0,0,0.0,0,0,0,4805.275085324231,1333.48566552901,1287.1,2184.689419795222,1,1,2026-06-10 17:41:22.494414
NE-HV_AirDist-SupFanMtr-cDXGF-2SpClgHtg-VFDExMtr,None,RSD,Ex,CZ11,cDXGF,0,Each,1.0,11205.123087296,143715.84999999998,36047.32,0,37475.6,0.0,39811.17,0,0,30354.93,0,0,0.0,0,0,0,4953.425938566553,1333.48566552901,1530.4153583617747,2089.524914675768,1,1,2026-06-10 17:41:22.494414
NE-HV_AirDist-SupFanMtr-cDXGF-2SpClgHtg-VFDPMMtr,None,RSD,Ex,CZ11,cDXGF,0,Each,1.0,11205.123087296,143502.13999999998,36047.32,0,37475.6,0.0,39787.23,0,0,30165.16,0,0,0.0,0,0,0,4955.751194539249,1333.48566552901,1532.740614334471,2089.524914675768,1,1,2026-06-10 17:41:22.494414
NE-HV_AirDist-SupFanMtr-cDXGF-2SpClgHtg-VFDStdMtr,None,RSD,Ex,CZ11,cDXGF,0,Each,1.0,11205.123087296,143647.71999999997,36047.32,0,37475.6,0.0,39803.01,0,0,30294.96,0,0,0.0,0,0,0,4954.216723549487,1333.48566552901,1531.2061433447097,2089.524914675768,1,1,2026-06-10 17:41:22.494414
NE-HV_AirDist-SupFanMtr-cDXGF-2SpClgHtg-VFDExMtr,None,RSD,Ex,CZ10,cDXGF,0,Each,1.0,11205.123087296,139182.12,36047.32,0,37475.6,0.0,38497.9,0,0,27134.86,0,0,0.0,0,0,0,4299.911262798634,1333.48566552901,928.0286689419795,2038.396928327645,1,1,2026-06-10 17:41:22.494414
NE-HV_AirDist-SupFanMtr-cDXGF-2SpClgHtg-VFDPMMtr,None,RSD,Ex,CZ10,cDXGF,0,Each,1.0,11205.123087296,138961.73,36047.32,0,37475.6,0.0,38470.28,0,0,26942.1,0,0,0.0,0,0,0,4300.892832764504,1333.48566552901,929.0081911262798,2038.3989761092148,1,1,2026-06-10 17:41:22.494414
NE-HV_AirDist-SupFanMtr-cDXGF-2SpClgHtg-VFDStdMtr,None,RSD,Ex,CZ10,cDXGF,0,Each,1.0,11205.123087296,139112.52000000002,36047.32,0,37475.6,0.0,38488.68,0,0,27074.48,0,0,0.0,0,0,0,4300.186689419796,1333.48566552901,928.3037542662115,2038.3972696245733,1,1,2026-06-10 17:41:22.494414
NE-HV_AirDist-SupFanMtr-cDXGF-2SpClgHtg-VFDExMtr,None,RSD,Ex,CZ09,cDXGF,0,Each,1.0,11205.123087296,135168.5,36047.32,0,37475.6,0.0,35529.32,0,0,26091.07,0,0,0.0,0,0,0,4204.7020477815695,1333.48566552901,807.1682593856655,2064.048122866894,1,1,2026-06-10 17:41:22.494414
NE-HV_AirDist-SupFanMtr-cDXGF-2SpClgHtg-VFDPMMtr,None,RSD,Ex,CZ09,cDXGF,0,Each,1.0,11205.123087296,134941.88,36047.32,0,37475.6,0.0,35502.34,0,0,25891.43,0,0,0.0,0,0,0,4205.559726962457,1333.48566552901,808.0259385665529,2064.048122866894,1,1,2026-06-10 17:41:22.494414
NE-HV_AirDist-SupFanMtr-cDXGF-2SpClgHtg-VFDStdMtr,None,RSD,Ex,CZ09,cDXGF,0,Each,1.0,11205.123087296,135096.19,36047.32,0,37475.6,0.0,35520.17,0,0,26027.91,0,0,0.0,0,0,0,4204.941638225256,1333.48566552901,807.4075085324232,2064.0484641638227,1,1,2026-06-10 17:41:22.494414
NE-HV_AirDist-SupFanMtr-cDXGF-2SpClgHtg-VFDExMtr,None,RSD,Ex,CZ08,cDXGF,0,Each,1.0,11205.123087296,133714.01,36047.32,0,37475.6,0.0,35251.19,0,0,24914.99,0,0,0.0,0,0,0,4107.770307167235,1333.48566552901,724.7293515358361,2049.555290102389,1,1,2026-06-10 17:41:22.494414
NE-HV_AirDist-SupFanMtr-cDXGF-2SpClgHtg-VFDPMMtr,None,RSD,Ex,CZ08,cDXGF,0,Each,1.0,11205.123087296,133491.83000000002,36047.32,0,37475.6,0.0,35222.28,0,0,24721.71,0,0,0.0,0,0,0,4108.494197952218,1333.48566552901,725.459385665529,2049.549146757679,1,1,2026-06-10 17:41:22.494414
NE-HV_AirDist-SupFanMtr-cDXGF-2SpClgHtg-VFDStdMtr,None,RSD,Ex,CZ08,cDXGF,0,Each,1.0,11205.123087296,133641.01,36047.32,0,37475.6,0.0,35241.39,0,0,24851.79,0,0,0.0,0,0,0,4107.961433447099,1333.48566552901,724.921843003413,2049.553924914676,1,1,2026-06-10 17:41:22.494414
NE-HV_AirDist-SupFanMtr-cDXGF-2SpClgHtg-VFDExMtr,None,RSD,Ex,CZ07,cDXGF,0,Each,1.0,11205.123087296,119200.18,36047.32,0,37475.6,0.0,25392.63,0,0,20271.04,0,0,0.0,0,0,0,3715.053583617748,1333.48566552901,289.7443686006826,2091.8235494880546,1,1,2026-06-10 17:41:22.494414
NE-HV_AirDist-SupFanMtr-cDXGF-2SpClgHtg-VFDPMMtr,None,RSD,Ex,CZ07,cDXGF,0,Each,1.0,11205.123087296,118995.59999999999,36047.32,0,37475.6,0.0,25368.35,0,0,20090.74,0,0,0.0,0,0,0,3715.601706484642,1333.48566552901,290.2924914675768,2091.8235494880546,1,1,2026-06-10 17:41:22.494414
NE-HV_AirDist-SupFanMtr-cDXGF-2SpClgHtg-VFDStdMtr,None,RSD,Ex,CZ07,cDXGF,0,Each,1.0,11205.123087296,119133.0,36047.32,0,37475.6,0.0,25379.34,0,0,20217.18,0,0,0.0,0,0,0,3714.9587030716725,1333.48566552901,289.6494880546075,2091.8235494880546,1,1,2026-06-10 17:41:22.494414
NE-HV_AirDist-SupFanMtr-cDXGF-2SpClgHtg-VFDExMtr,None,RSD,Ex,CZ06,cDXGF,0,Each,1.0,11205.123087296,118402.75,36047.32,0,37475.6,0.0,24939.12,0,0,19923.92,0,0,0.0,0,0,0,3738.8464163822523,1333.48566552901,292.2078498293516,2113.1529010238905,1,1,2026-06-10 17:41:22.494414
NE-HV_AirDist-SupFanMtr-cDXGF-2SpClgHtg-VFDPMMtr,None,RSD,Ex,CZ06,cDXGF,0,Each,1.0,11205.123087296,118220.01999999999,36047.32,0,37475.6,0.0,24926.16,0,0,19754.11,0,0,0.0,0,0,0,3739.9358361774744,1333.48566552901,293.2972696245734,2113.1529010238905,1,1,2026-06-10 17:41:22.494414
NE-HV_AirDist-SupFanMtr-cDXGF-2SpClgHtg-VFDStdMtr,None,RSD,Ex,CZ06,cDXGF,0,Each,1.0,11205.123087296,118338.29,36047.32,0,37475.6,0.0,24930.13,0,0,19868.44,0,0,0.0,0,0,0,3738.955631399317,1333.48566552901,292.3170648464164,2113.1529010238905,1,1,2026-06-10 17:41:22.494414
NE-HV_AirDist-SupFanMtr-cDXGF-2SpClgHtg-VFDExMtr,None,RSD,Ex,CZ05,cDXGF,0,Each,1.0,11205.123087296,110129.70999999999,36047.32,0,37475.6,0.0,15772.39,0,0,20824.61,0,0,0.0,0,0,0,4239.489419795222,1333.48566552901,615.5825938566553,2290.4211604095563,1,1,2026-06-10 17:41:22.494414
NE-HV_AirDist-SupFanMtr-cDXGF-2SpClgHtg-VFDPMMtr,None,RSD,Ex,CZ05,cDXGF,0,Each,1.0,11205.123087296,109938.06999999998,36047.32,0,37475.6,0.0,15758.13,0,0,20647.23,0,0,0.0,0,0,0,4241.223549488054,1333.48566552901,617.3167235494881,2290.4211604095563,1,1,2026-06-10 17:41:22.494414
NE-HV_AirDist-SupFanMtr-cDXGF-2SpClgHtg-VFDStdMtr,None,RSD,Ex,CZ05,cDXGF,0,Each,1.0,11205.123087296,110068.92,36047.32,0,37475.6,0.0,15766.24,0,0,20769.97,0,0,0.0,0,0,0,4239.7976109215015,1333.48566552901,615.8945392491468,2290.4174061433446,1,1,2026-06-10 17:41:22.494414
NE-HV_AirDist-SupFanMtr-cDXGF-2SpClgHtg-VFDExMtr,None,RSD,Ex,CZ04,cDXGF,0,Each,1.0,11205.123087296,129786.77999999998,36047.32,0,37475.6,0.0,29203.85,0,0,27040.2,0,0,0.0,0,0,0,4798.403071672355,1333.48566552901,1247.9723549488053,2216.9450511945392,1,1,2026-06-10 17:41:22.494414
NE-HV_AirDist-SupFanMtr-cDXGF-2SpClgHtg-VFDPMMtr,None,RSD,Ex,CZ04,cDXGF,0,Each,1.0,11205.123087296,129585.61,36047.32,0,37475.6,0.0,29185.27,0,0,26857.61,0,0,0.0,0,0,0,4800.499658703071,1333.48566552901,1250.0689419795222,2216.9450511945392,1,1,2026-06-10 17:41:22.494414
NE-HV_AirDist-SupFanMtr-cDXGF-2SpClgHtg-VFDStdMtr,None,RSD,Ex,CZ04,cDXGF,0,Each,1.0,11205.123087296,129723.40999999999,36047.32,0,37475.6,0.0,29197.57,0,0,26983.11,0,0,0.0,0,0,0,4798.983959044368,1333.48566552901,1248.5532423208192,2216.9450511945392,1,1,2026-06-10 17:41:22.494414
NE-HV_AirDist-SupFanMtr-cDXGF-2SpClgHtg-VFDExMtr,None,RSD,Ex,CZ03,cDXGF,0,Each,1.0,11205.123087296,108110.05,36047.32,0,37475.6,0.0,14830.53,0,0,19746.28,0,0,0.0,0,0,0,4205.391126279863,1333.48566552901,591.7883959044369,2280.1170648464163,1,1,2026-06-10 17:41:22.494414
NE-HV_AirDist-SupFanMtr-cDXGF-2SpClgHtg-VFDPMMtr,None,RSD,Ex,CZ03,cDXGF,0,Each,1.0,11205.123087296,107922.44,36047.32,0,37475.6,0.0,14817.64,0,0,19571.56,0,0,0.0,0,0,0,4207.104436860068,1333.48566552901,593.5017064846415,2280.1170648464163,1,1,2026-06-10 17:41:22.494414
NE-HV_AirDist-SupFanMtr-cDXGF-2SpClgHtg-VFDStdMtr,None,RSD,Ex,CZ03,cDXGF,0,Each,1.0,11205.123087296,108056.41000000002,36047.32,0,37475.6,0.0,14827.18,0,0,19695.99,0,0,0.0,0,0,0,4205.96518771331,1333.48566552901,592.3624573378839,2280.1170648464163,1,1,2026-06-10 17:41:22.494414
NE-HV_AirDist-SupFanMtr-cDXGF-2SpClgHtg-VFDExMtr,None,RSD,Ex,CZ02,cDXGF,0,Each,1.0,11205.123087296,118983.93999999999,36047.32,0,37475.6,0.0,20833.51,0,0,24611.92,0,0,0.0,0,0,0,4855.510921501706,1333.48566552901,1216.7703071672356,2305.2549488054606,1,1,2026-06-10 17:41:22.494414
NE-HV_AirDist-SupFanMtr-cDXGF-2SpClgHtg-VFDPMMtr,None,RSD,Ex,CZ02,cDXGF,0,Each,1.0,11205.123087296,118794.3,36047.32,0,37475.6,0.0,20819.55,0,0,24436.23,0,0,0.0,0,0,0,4858.013651877132,1333.48566552901,1219.2744027303754,2305.253583617747,1,1,2026-06-10 17:41:22.494414
NE-HV_AirDist-SupFanMtr-cDXGF-2SpClgHtg-VFDStdMtr,None,RSD,Ex,CZ02,cDXGF,0,Each,1.0,11205.123087296,118925.70999999999,36047.32,0,37475.6,0.0,20828.78,0,0,24558.42,0,0,0.0,0,0,0,4856.229010238908,1333.48566552901,1217.4883959044369,2305.2549488054606,1,1,2026-06-10 17:41:22.494414
NE-HV_AirDist-SupFanMtr-cDXGF-2SpClgHtg-VFDExMtr,None,RSD,Ex,CZ01,cDXGF,0,Each,1.0,11205.123087296,104691.61999999998,36047.32,0,37475.6,0.0,8526.51,0,0,22628.68,0,0,0.0,0,0,0,5005.47133105802,1333.48566552901,1215.0856655290104,2456.9,1,1,2026-06-10 17:41:22.494414
NE-HV_AirDist-SupFanMtr-cDXGF-2SpClgHtg-VFDPMMtr,None,RSD,Ex,CZ01,cDXGF,0,Each,1.0,11205.123087296,104544.25,36047.32,0,37475.6,0.0,8523.21,0,0,22484.61,0,0,0.0,0,0,0,5008.943003412969,1333.48566552901,1218.5576791808874,2456.8996587030715,1,1,2026-06-10 17:41:22.494414
NE-HV_AirDist-SupFanMtr-cDXGF-2SpClgHtg-VFDStdMtr,None,RSD,Ex,CZ01,cDXGF,0,Each,1.0,11205.123087296,104650.21,36047.32,0,37475.6,0.0,8525.43,0,0,22588.35,0,0,0.0,0,0,0,5006.269965870308,1333.48566552901,1215.884300341297,2456.9,1,1,2026-06-10 17:41:22.494414
NE-HV_AirDist-SupFanMtr-cDXOH-2SpClgHtg-VFDExMtr,None,RFF,Ex,CZ16,cDXOH,0,Each,1.0,3996.209375104,56313.24,13247.63,0,18423.46,0.0,7890.78,0,0,16748.0,0,0,0.0,0,0,0,1614.5334470989762,664.836518771331,18.64334470989761,931.0535836177473,1,1,2026-06-10 17:41:22.494414
NE-HV_AirDist-SupFanMtr-cDXOH-2SpClgHtg-VFDPMMtr,None,RFF,Ex,CZ16,cDXOH,0,Each,1.0,3996.209375104,55997.9,13247.63,0,18423.46,0.0,7861.79,0,0,16461.65,0,0,0.0,0,0,0,1614.5409556313994,664.836518771331,18.65085324232082,931.0535836177473,1,1,2026-06-10 17:41:22.494414
NE-HV_AirDist-SupFanMtr-cDXOH-2SpClgHtg-VFDStdMtr,None,RFF,Ex,CZ16,cDXOH,0,Each,1.0,3996.209375104,56214.37,13247.63,0,18423.46,0.0,7880.85,0,0,16659.06,0,0,0.0,0,0,0,1614.5372013651877,664.836518771331,18.647098976109216,931.0535836177473,1,1,2026-06-10 17:41:22.494414
NE-HV_AirDist-SupFanMtr-cDXOH-2SpClgHtg-VFDExMtr,None,RFF,Ex,CZ15,cDXOH,0,Each,1.0,3996.209375104,75848.90999999999,13247.63,0,18423.46,0.0,28306.8,0,0,15867.65,0,0,0.0,0,0,0,1373.2798634812286,664.836518771331,0.0,708.4433447098976,1,1,2026-06-10 17:41:22.494414
NE-HV_AirDist-SupFanMtr-cDXOH-2SpClgHtg-VFDPMMtr,None,RFF,Ex,CZ15,cDXOH,0,Each,1.0,3996.209375104,75369.37999999999,13247.63,0,18423.46,0.0,28230.49,0,0,15464.43,0,0,0.0,0,0,0,1373.2798634812286,664.836518771331,0.0,708.4433447098976,1,1,2026-06-10 17:41:22.494414
NE-HV_AirDist-SupFanMtr-cDXOH-2SpClgHtg-VFDStdMtr,None,RFF,Ex,CZ15,cDXOH,0,Each,1.0,3996.209375104,75690.43,13247.63,0,18423.46,0.0,28280.41,0,0,15735.56,0,0,0.0,0,0,0,1373.2798634812286,664.836518771331,0.0,708.4433447098976,1,1,2026-06-10 17:41:22.494414
NE-HV_AirDist-SupFanMtr-cDXOH-2SpClgHtg-VFDExMtr,None,RFF,Ex,CZ14,cDXOH,0,Each,1.0,3996.209375104,63672.2,13247.63,0,18423.46,0.0,16262.14,0,0,15735.6,0,0,0.0,0,0,0,1498.2679180887371,664.836518771331,2.0914675767918087,831.3399317406142,1,1,2026-06-10 17:41:22.494414
NE-HV_AirDist-SupFanMtr-cDXOH-2SpClgHtg-VFDPMMtr,None,RFF,Ex,CZ14,cDXOH,0,Each,1.0,3996.209375104,63306.11,13247.63,0,18423.46,0.0,16215.39,0,0,15416.26,0,0,0.0,0,0,0,1498.2866894197953,664.836518771331,2.1102389078498294,831.3399317406142,1,1,2026-06-10 17:41:22.494414
NE-HV_AirDist-SupFanMtr-cDXOH-2SpClgHtg-VFDStdMtr,None,RFF,Ex,CZ14,cDXOH,0,Each,1.0,3996.209375104,63553.1,13247.63,0,18423.46,0.0,16246.06,0,0,15632.58,0,0,0.0,0,0,0,1498.2679180887371,664.836518771331,2.0914675767918087,831.3399317406142,1,1,2026-06-10 17:41:22.494414
NE-HV_AirDist-SupFanMtr-cDXOH-2SpClgHtg-VFDExMtr,None,RFF,Ex,CZ13,cDXOH,0,Each,1.0,3996.209375104,65141.79,13247.63,0,18423.46,0.0,17340.08,0,0,16127.25,0,0,0.0,0,0,0,1479.6778156996586,664.836518771331,2.5020477815699658,812.3392491467577,1,1,2026-06-10 17:41:22.494414
NE-HV_AirDist-SupFanMtr-cDXOH-2SpClgHtg-VFDPMMtr,None,RFF,Ex,CZ13,cDXOH,0,Each,1.0,3996.209375104,64783.530000000006,13247.63,0,18423.46,0.0,17289.84,0,0,15819.23,0,0,0.0,0,0,0,1479.6849829351534,664.836518771331,2.509556313993174,812.3389078498293,1,1,2026-06-10 17:41:22.494414
NE-HV_AirDist-SupFanMtr-cDXOH-2SpClgHtg-VFDStdMtr,None,RFF,Ex,CZ13,cDXOH,0,Each,1.0,3996.209375104,65024.68,13247.63,0,18423.46,0.0,17322.72,0,0,16027.5,0,0,0.0,0,0,0,1479.6849829351536,664.836518771331,2.509215017064846,812.3392491467577,1,1,2026-06-10 17:41:22.494414
NE-HV_AirDist-SupFanMtr-cDXOH-2SpClgHtg-VFDExMtr,None,RFF,Ex,CZ12,cDXOH,0,Each,1.0,3996.209375104,58725.9,13247.63,0,18423.46,0.0,12136.58,0,0,14914.86,0,0,0.0,0,0,0,1527.320819112628,664.836518771331,4.909556313993174,857.5747440273037,1,1,2026-06-10 17:41:22.494414
NE-HV_AirDist-SupFanMtr-cDXOH-2SpClgHtg-VFDPMMtr,None,RFF,Ex,CZ12,cDXOH,0,Each,1.0,3996.209375104,58411.280000000006,13247.63,0,18423.46,0.0,12099.66,0,0,14637.16,0,0,0.0,0,0,0,1527.3225255972698,664.836518771331,4.911262798634812,857.5747440273037,1,1,2026-06-10 17:41:22.494414
NE-HV_AirDist-SupFanMtr-cDXOH-2SpClgHtg-VFDStdMtr,None,RFF,Ex,CZ12,cDXOH,0,Each,1.0,3996.209375104,58626.14,13247.63,0,18423.46,0.0,12123.93,0,0,14827.75,0,0,0.0,0,0,0,1527.3211604095561,664.836518771331,4.909897610921502,857.5747440273037,1,1,2026-06-10 17:41:22.494414
NE-HV_AirDist-SupFanMtr-cDXOH-2SpClgHtg-VFDExMtr,None,RFF,Ex,CZ11,cDXOH,0,Each,1.0,3996.209375104,64427.82,13247.63,0,18423.46,0.0,16337.4,0,0,16415.96,0,0,0.0,0,0,0,1496.649146757679,664.836518771331,5.787713310580205,826.0249146757678,1,1,2026-06-10 17:41:22.494414
NE-HV_AirDist-SupFanMtr-cDXOH-2SpClgHtg-VFDPMMtr,None,RFF,Ex,CZ11,cDXOH,0,Each,1.0,3996.209375104,64077.409999999996,13247.63,0,18423.46,0.0,16290.28,0,0,16112.67,0,0,0.0,0,0,0,1496.6501706484642,664.836518771331,5.788737201365188,826.0249146757678,1,1,2026-06-10 17:41:22.494414
NE-HV_AirDist-SupFanMtr-cDXOH-2SpClgHtg-VFDStdMtr,None,RFF,Ex,CZ11,cDXOH,0,Each,1.0,3996.209375104,64315.25,13247.63,0,18423.46,0.0,16321.19,0,0,16319.6,0,0,0.0,0,0,0,1496.6505119453925,664.836518771331,5.789078498293516,826.0249146757678,1,1,2026-06-10 17:41:22.494414
NE-HV_AirDist-SupFanMtr-cDXOH-2SpClgHtg-VFDExMtr,None,RFF,Ex,CZ10,cDXOH,0,Each,1.0,3996.209375104,62562.189999999995,13247.63,0,18423.46,0.0,15855.52,0,0,15032.21,0,0,0.0,0,0,0,1474.3999999999999,664.836518771331,0.4802047781569966,809.0832764505119,1,1,2026-06-10 17:41:22.494414
NE-HV_AirDist-SupFanMtr-cDXOH-2SpClgHtg-VFDPMMtr,None,RFF,Ex,CZ10,cDXOH,0,Each,1.0,3996.209375104,62145.36,13247.63,0,18423.46,0.0,15803.28,0,0,14667.62,0,0,0.0,0,0,0,1474.4006825938568,664.836518771331,0.48088737201365184,809.0832764505119,1,1,2026-06-10 17:41:22.494414
NE-HV_AirDist-SupFanMtr-cDXOH-2SpClgHtg-VFDStdMtr,None,RFF,Ex,CZ10,cDXOH,0,Each,1.0,3996.209375104,62428.86,13247.63,0,18423.46,0.0,15837.5,0,0,14916.9,0,0,0.0,0,0,0,1474.3999999999999,664.836518771331,0.4802047781569966,809.0832764505119,1,1,2026-06-10 17:41:22.494414
NE-HV_AirDist-SupFanMtr-cDXOH-2SpClgHtg-VFDExMtr,None,RFF,Ex,CZ09,cDXOH,0,Each,1.0,3996.209375104,61129.99,13247.63,0,18423.46,0.0,14906.23,0,0,14549.3,0,0,0.0,0,0,0,1482.49180887372,664.836518771331,0.06313993174061433,817.5921501706484,1,1,2026-06-10 17:41:22.494414
NE-HV_AirDist-SupFanMtr-cDXOH-2SpClgHtg-VFDPMMtr,None,RFF,Ex,CZ09,cDXOH,0,Each,1.0,3996.209375104,60698.97,13247.63,0,18423.46,0.0,14855.5,0,0,14169.01,0,0,0.0,0,0,0,1482.4921501706485,664.836518771331,0.06348122866894199,817.5921501706484,1,1,2026-06-10 17:41:22.494414
NE-HV_AirDist-SupFanMtr-cDXOH-2SpClgHtg-VFDStdMtr,None,RFF,Ex,CZ09,cDXOH,0,Each,1.0,3996.209375104,60993.04,13247.63,0,18423.46,0.0,14888.81,0,0,14429.77,0,0,0.0,0,0,0,1482.49180887372,664.836518771331,0.06313993174061433,817.5921501706484,1,1,2026-06-10 17:41:22.494414
NE-HV_AirDist-SupFanMtr-cDXOH-2SpClgHtg-VFDExMtr,None,RFF,Ex,CZ08,cDXOH,0,Each,1.0,3996.209375104,60097.07,13247.63,0,18423.46,0.0,14640.31,0,0,13782.3,0,0,0.0,0,0,0,1477.6180887372013,664.836518771331,0.0027303754266211604,812.7788395904436,1,1,2026-06-10 17:41:22.494414
NE-HV_AirDist-SupFanMtr-cDXOH-2SpClgHtg-VFDPMMtr,None,RFF,Ex,CZ08,cDXOH,0,Each,1.0,3996.209375104,59681.85,13247.63,0,18423.46,0.0,14590.23,0,0,13417.16,0,0,0.0,0,0,0,1477.617747440273,664.836518771331,0.0027303754266211604,812.7784982935153,1,1,2026-06-10 17:41:22.494414
NE-HV_AirDist-SupFanMtr-cDXOH-2SpClgHtg-VFDStdMtr,None,RFF,Ex,CZ08,cDXOH,0,Each,1.0,3996.209375104,59963.71,13247.63,0,18423.46,0.0,14623.07,0,0,13666.18,0,0,0.0,0,0,0,1477.617747440273,664.836518771331,0.0027303754266211604,812.7784982935153,1,1,2026-06-10 17:41:22.494414
NE-HV_AirDist-SupFanMtr-cDXOH-2SpClgHtg-VFDExMtr,None,RFF,Ex,CZ07,cDXOH,0,Each,1.0,3996.209375104,55183.909999999996,13247.63,0,18423.46,0.0,11054.86,0,0,12454.59,0,0,0.0,0,0,0,1491.6313993174062,664.836518771331,0.0,826.7948805460751,1,1,2026-06-10 17:41:22.494414
NE-HV_AirDist-SupFanMtr-cDXOH-2SpClgHtg-VFDPMMtr,None,RFF,Ex,CZ07,cDXOH,0,Each,1.0,3996.209375104,54783.42,13247.63,0,18423.46,0.0,11012.57,0,0,12096.39,0,0,0.0,0,0,0,1491.6313993174062,664.836518771331,0.0,826.7948805460751,1,1,2026-06-10 17:41:22.494414
NE-HV_AirDist-SupFanMtr-cDXOH-2SpClgHtg-VFDStdMtr,None,RFF,Ex,CZ07,cDXOH,0,Each,1.0,3996.209375104,55061.35,13247.63,0,18423.46,0.0,11040.44,0,0,12346.45,0,0,0.0,0,0,0,1491.6313993174062,664.836518771331,0.0,826.7948805460751,1,1,2026-06-10 17:41:22.494414
NE-HV_AirDist-SupFanMtr-cDXOH-2SpClgHtg-VFDExMtr,None,RFF,Ex,CZ06,cDXOH,0,Each,1.0,3996.209375104,54765.899999999994,13247.63,0,18423.46,0.0,10783.56,0,0,12307.88,0,0,0.0,0,0,0,1498.7047781569966,664.836518771331,0.0,833.8682593856655,1,1,2026-06-10 17:41:22.494414
NE-HV_AirDist-SupFanMtr-cDXOH-2SpClgHtg-VFDPMMtr,None,RFF,Ex,CZ06,cDXOH,0,Each,1.0,3996.209375104,54373.31,13247.63,0,18423.46,0.0,10740.21,0,0,11958.64,0,0,0.0,0,0,0,1498.7047781569966,664.836518771331,0.0,833.8682593856655,1,1,2026-06-10 17:41:22.494414
NE-HV_AirDist-SupFanMtr-cDXOH-2SpClgHtg-VFDStdMtr,None,RFF,Ex,CZ06,cDXOH,0,Each,1.0,3996.209375104,54643.2,13247.63,0,18423.46,0.0,10768.78,0,0,12199.96,0,0,0.0,0,0,0,1498.7047781569966,664.836518771331,0.0,833.8682593856655,1,1,2026-06-10 17:41:22.494414
NE-HV_AirDist-SupFanMtr-cDXOH-2SpClgHtg-VFDExMtr,None,RFF,Ex,CZ05,cDXOH,0,Each,1.0,3996.209375104,50578.81,13247.63,0,18423.46,0.0,6557.04,0,0,12347.31,0,0,0.0,0,0,0,1558.3515358361774,664.836518771331,0.8645051194539248,892.6505119453925,1,1,2026-06-10 17:41:22.494414
NE-HV_AirDist-SupFanMtr-cDXOH-2SpClgHtg-VFDPMMtr,None,RFF,Ex,CZ05,cDXOH,0,Each,1.0,3996.209375104,50252.89,13247.63,0,18423.46,0.0,6531.32,0,0,12047.11,0,0,0.0,0,0,0,1558.3529010238906,664.836518771331,0.8658703071672355,892.6505119453925,1,1,2026-06-10 17:41:22.494414
NE-HV_AirDist-SupFanMtr-cDXOH-2SpClgHtg-VFDStdMtr,None,RFF,Ex,CZ05,cDXOH,0,Each,1.0,3996.209375104,50486.15,13247.63,0,18423.46,0.0,6548.55,0,0,12263.14,0,0,0.0,0,0,0,1558.3515358361774,664.836518771331,0.8645051194539248,892.6505119453925,1,1,2026-06-10 17:41:22.494414
NE-HV_AirDist-SupFanMtr-cDXOH-2SpClgHtg-VFDExMtr,None,RFF,Ex,CZ04,cDXOH,0,Each,1.0,3996.209375104,58885.62,13247.63,0,18423.46,0.0,12152.4,0,0,15058.76,0,0,0.0,0,0,0,1537.1546075085325,664.836518771331,4.039590443686007,868.2784982935153,1,1,2026-06-10 17:41:22.494414
NE-HV_AirDist-SupFanMtr-cDXOH-2SpClgHtg-VFDPMMtr,None,RFF,Ex,CZ04,cDXOH,0,Each,1.0,3996.209375104,58575.61,13247.63,0,18423.46,0.0,12118.5,0,0,14782.65,0,0,0.0,0,0,0,1537.1576791808873,664.836518771331,4.0426621160409555,868.2784982935153,1,1,2026-06-10 17:41:22.494414
NE-HV_AirDist-SupFanMtr-cDXOH-2SpClgHtg-VFDStdMtr,None,RFF,Ex,CZ04,cDXOH,0,Each,1.0,3996.209375104,58792.200000000004,13247.63,0,18423.46,0.0,12141.02,0,0,14976.72,0,0,0.0,0,0,0,1537.1535836177477,664.836518771331,4.038566552901024,868.2784982935153,1,1,2026-06-10 17:41:22.494414
NE-HV_AirDist-SupFanMtr-cDXOH-2SpClgHtg-VFDExMtr,None,RFF,Ex,CZ03,cDXOH,0,Each,1.0,3996.209375104,49551.310000000005,13247.63,0,18423.46,0.0,5970.94,0,0,11905.91,0,0,0.0,0,0,0,1555.177133105802,664.836518771331,1.1112627986348123,889.2293515358361,1,1,2026-06-10 17:41:22.494414
NE-HV_AirDist-SupFanMtr-cDXOH-2SpClgHtg-VFDPMMtr,None,RFF,Ex,CZ03,cDXOH,0,Each,1.0,3996.209375104,49248.61,13247.63,0,18423.46,0.0,5947.8,0,0,11626.35,0,0,0.0,0,0,0,1555.1788395904437,664.836518771331,1.1129692832764504,889.2293515358361,1,1,2026-06-10 17:41:22.494414
NE-HV_AirDist-SupFanMtr-cDXOH-2SpClgHtg-VFDStdMtr,None,RFF,Ex,CZ03,cDXOH,0,Each,1.0,3996.209375104,49467.71,13247.63,0,18423.46,0.0,5963.18,0,0,11830.07,0,0,0.0,0,0,0,1555.1774744027302,664.836518771331,1.1116040955631399,889.2293515358361,1,1,2026-06-10 17:41:22.494414
NE-HV_AirDist-SupFanMtr-cDXOH-2SpClgHtg-VFDExMtr,None,RFF,Ex,CZ02,cDXOH,0,Each,1.0,3996.209375104,54003.450000000004,13247.63,0,18423.46,0.0,8245.7,0,0,14083.29,0,0,0.0,0,0,0,1569.3221843003412,664.836518771331,6.924914675767918,897.5607508532422,1,1,2026-06-10 17:41:22.494414
NE-HV_AirDist-SupFanMtr-cDXOH-2SpClgHtg-VFDPMMtr,None,RFF,Ex,CZ02,cDXOH,0,Each,1.0,3996.209375104,53718.26,13247.63,0,18423.46,0.0,8219.33,0,0,13824.47,0,0,0.0,0,0,0,1569.3187713310579,664.836518771331,6.921501706484642,897.5607508532422,1,1,2026-06-10 17:41:22.494414
NE-HV_AirDist-SupFanMtr-cDXOH-2SpClgHtg-VFDStdMtr,None,RFF,Ex,CZ02,cDXOH,0,Each,1.0,3996.209375104,53920.950000000004,13247.63,0,18423.46,0.0,8236.9,0,0,14009.59,0,0,0.0,0,0,0,1569.3211604095563,664.836518771331,6.923890784982935,897.5607508532422,1,1,2026-06-10 17:41:22.494414
NE-HV_AirDist-SupFanMtr-cDXOH-2SpClgHtg-VFDExMtr,None,RFF,Ex,CZ01,cDXOH,0,Each,1.0,3996.209375104,46007.969999999994,13247.63,0,18423.46,0.0,2791.71,0,0,11541.8,0,0,0.0,0,0,0,1617.4880546075085,664.836518771331,4.807508532423209,947.8440273037543,1,1,2026-06-10 17:41:22.494414
NE-HV_AirDist-SupFanMtr-cDXOH-2SpClgHtg-VFDPMMtr,None,RFF,Ex,CZ01,cDXOH,0,Each,1.0,3996.209375104,45862.759999999995,13247.63,0,18423.46,0.0,2785.99,0,0,11402.31,0,0,0.0,0,0,0,1617.4901023890784,664.836518771331,4.809556313993173,947.8440273037543,1,1,2026-06-10 17:41:22.494414
NE-HV_AirDist-SupFanMtr-cDXOH-2SpClgHtg-VFDStdMtr,None,RFF,Ex,CZ01,cDXOH,0,Each,1.0,3996.209375104,45972.32,13247.63,0,18423.46,0.0,2789.92,0,0,11507.94,0,0,0.0,0,0,0,1617.488737201365,664.836518771331,4.808191126279863,947.8440273037543,1,1,2026-06-10 17:41:22.494414
NE-HV_AirDist-SupFanMtr-cDXHP-2SpClgHtg-VFDExMtr,None,RFF,Ex,CZ16,cDXHP,0,Each,1.0,3996.209375104,55603.64,13247.63,0,18423.46,2357.64,7749.01,0,0,13822.53,0,0,0.0,0,0,0,1605.4805460750854,664.836518771331,9.59112627986348,931.0529010238907,1,1,2026-06-10 17:41:22.494414
NE-HV_AirDist-SupFanMtr-cDXHP-2SpClgHtg-VFDPMMtr,None,RFF,Ex,CZ16,cDXHP,0,Each,1.0,3996.209375104,55182.61,13247.63,0,18423.46,2386.35,7719.79,0,0,13402.01,0,0,0.0,0,0,0,1605.4757679180889,664.836518771331,9.586348122866895,931.0529010238907,1,1,2026-06-10 17:41:22.494414
NE-HV_AirDist-SupFanMtr-cDXHP-2SpClgHtg-VFDStdMtr,None,RFF,Ex,CZ16,cDXHP,0,Each,1.0,3996.209375104,55470.340000000004,13247.63,0,18423.46,2367.32,7739.38,0,0,13689.18,0,0,0.0,0,0,0,1605.4798634812284,664.836518771331,9.590443686006825,931.0529010238907,1,1,2026-06-10 17:41:22.494414
NE-HV_AirDist-SupFanMtr-cDXHP-2SpClgHtg-VFDExMtr,None,RFF,Ex,CZ15,cDXHP,0,Each,1.0,3996.209375104,77236.28,13247.63,0,18423.46,160.35,28888.08,0,0,16513.39,0,0,0.0,0,0,0,1373.2812286689418,664.836518771331,0.0,708.4447098976109,1,1,2026-06-10 17:41:22.494414
NE-HV_AirDist-SupFanMtr-cDXHP-2SpClgHtg-VFDPMMtr,None,RFF,Ex,CZ15,cDXHP,0,Each,1.0,3996.209375104,76785.73999999999,13247.63,0,18423.46,165.21,28817.74,0,0,16128.33,0,0,0.0,0,0,0,1373.2808873720135,664.836518771331,0.0,708.4443686006825,1,1,2026-06-10 17:41:22.494414
NE-HV_AirDist-SupFanMtr-cDXHP-2SpClgHtg-VFDStdMtr,None,RFF,Ex,CZ15,cDXHP,0,Each,1.0,3996.209375104,77088.41999999998,13247.63,0,18423.46,161.85,28863.46,0,0,16388.65,0,0,0.0,0,0,0,1373.2812286689418,664.836518771331,0.0,708.4447098976109,1,1,2026-06-10 17:41:22.494414
NE-HV_AirDist-SupFanMtr-cDXHP-2SpClgHtg-VFDExMtr,None,RFF,Ex,CZ14,cDXHP,0,Each,1.0,3996.209375104,63626.28999999999,13247.63,0,18423.46,1081.68,16435.23,0,0,14434.92,0,0,0.0,0,0,0,1497.3392491467573,664.836518771331,1.1614334470989762,831.3412969283276,1,1,2026-06-10 17:41:22.494414
NE-HV_AirDist-SupFanMtr-cDXHP-2SpClgHtg-VFDPMMtr,None,RFF,Ex,CZ14,cDXHP,0,Each,1.0,3996.209375104,63200.78,13247.63,0,18423.46,1098.16,16382.63,0,0,14045.53,0,0,0.0,0,0,0,1497.3392491467573,664.836518771331,1.1614334470989762,831.3412969283276,1,1,2026-06-10 17:41:22.494414
NE-HV_AirDist-SupFanMtr-cDXHP-2SpClgHtg-VFDStdMtr,None,RFF,Ex,CZ14,cDXHP,0,Each,1.0,3996.209375104,63490.43,13247.63,0,18423.46,1086.91,16418.72,0,0,14310.34,0,0,0.0,0,0,0,1497.3389078498292,664.836518771331,1.1610921501706486,831.3412969283276,1,1,2026-06-10 17:41:22.494414
NE-HV_AirDist-SupFanMtr-cDXHP-2SpClgHtg-VFDExMtr,None,RFF,Ex,CZ13,cDXHP,0,Each,1.0,3996.209375104,65178.14,13247.63,0,18423.46,1109.14,17672.76,0,0,14721.78,0,0,0.0,0,0,0,1478.2860068259386,664.836518771331,1.1098976109215017,812.339590443686,1,1,2026-06-10 17:41:22.494414
NE-HV_AirDist-SupFanMtr-cDXHP-2SpClgHtg-VFDPMMtr,None,RFF,Ex,CZ13,cDXHP,0,Each,1.0,3996.209375104,64757.66,13247.63,0,18423.46,1127.56,17618.56,0,0,14337.08,0,0,0.0,0,0,0,1478.2849829351535,664.836518771331,1.1102389078498294,812.3382252559726,1,1,2026-06-10 17:41:22.494414
NE-HV_AirDist-SupFanMtr-cDXHP-2SpClgHtg-VFDStdMtr,None,RFF,Ex,CZ13,cDXHP,0,Each,1.0,3996.209375104,65043.53999999999,13247.63,0,18423.46,1115.25,17655.8,0,0,14598.03,0,0,0.0,0,0,0,1478.2843003412968,664.836518771331,1.109556313993174,812.3382252559726,1,1,2026-06-10 17:41:22.494414
NE-HV_AirDist-SupFanMtr-cDXHP-2SpClgHtg-VFDExMtr,None,RFF,Ex,CZ12,cDXHP,0,Each,1.0,3996.209375104,58372.99,13247.63,0,18423.46,1347.88,12333.3,0,0,13017.35,0,0,0.0,0,0,0,1524.9788395904436,664.836518771331,2.567576791808874,857.5747440273037,1,1,2026-06-10 17:41:22.494414
NE-HV_AirDist-SupFanMtr-cDXHP-2SpClgHtg-VFDPMMtr,None,RFF,Ex,CZ12,cDXHP,0,Each,1.0,3996.209375104,57989.76,13247.63,0,18423.46,1367.71,12296.36,0,0,12651.23,0,0,0.0,0,0,0,1524.9798634812284,664.836518771331,2.568600682593857,857.5747440273037,1,1,2026-06-10 17:41:22.494414
NE-HV_AirDist-SupFanMtr-cDXHP-2SpClgHtg-VFDStdMtr,None,RFF,Ex,CZ12,cDXHP,0,Each,1.0,3996.209375104,58251.22000000001,13247.63,0,18423.46,1354.44,12321.37,0,0,12900.95,0,0,0.0,0,0,0,1524.979180887372,664.836518771331,2.5679180887372013,857.5747440273037,1,1,2026-06-10 17:41:22.494414
NE-HV_AirDist-SupFanMtr-cDXHP-2SpClgHtg-VFDExMtr,None,RFF,Ex,CZ11,cDXHP,0,Each,1.0,3996.209375104,64367.27,13247.63,0,18423.46,1424.25,16622.41,0,0,14646.15,0,0,0.0,0,0,0,1494.1003412969283,664.836518771331,3.2385665529010237,826.0252559726963,1,1,2026-06-10 17:41:22.494414
NE-HV_AirDist-SupFanMtr-cDXHP-2SpClgHtg-VFDPMMtr,None,RFF,Ex,CZ11,cDXHP,0,Each,1.0,3996.209375104,63920.090000000004,13247.63,0,18423.46,1445.56,16561.49,0,0,14238.58,0,0,0.0,0,0,0,1494.1006825938566,664.836518771331,3.2389078498293515,826.0252559726963,1,1,2026-06-10 17:41:22.494414
NE-HV_AirDist-SupFanMtr-cDXHP-2SpClgHtg-VFDStdMtr,None,RFF,Ex,CZ11,cDXHP,0,Each,1.0,3996.209375104,64222.27,13247.63,0,18423.46,1431.26,16601.66,0,0,14514.89,0,0,0.0,0,0,0,1494.1006825938566,664.836518771331,3.2389078498293515,826.0252559726963,1,1,2026-06-10 17:41:22.494414
NE-HV_AirDist-SupFanMtr-cDXHP-2SpClgHtg-VFDExMtr,None,RFF,Ex,CZ10,cDXHP,0,Each,1.0,3996.209375104,62814.21,13247.63,0,18423.46,483.07,16135.92,0,0,14520.76,0,0,0.0,0,0,0,1474.229010238908,664.836518771331,0.3139931740614334,809.0784982935154,1,1,2026-06-10 17:41:22.494414
NE-HV_AirDist-SupFanMtr-cDXHP-2SpClgHtg-VFDPMMtr,None,RFF,Ex,CZ10,cDXHP,0,Each,1.0,3996.209375104,62356.619999999995,13247.63,0,18423.46,494.62,16073.41,0,0,14114.13,0,0,0.0,0,0,0,1474.2331058020477,664.836518771331,0.3180887372013652,809.0784982935154,1,1,2026-06-10 17:41:22.494414
NE-HV_AirDist-SupFanMtr-cDXHP-2SpClgHtg-VFDStdMtr,None,RFF,Ex,CZ10,cDXHP,0,Each,1.0,3996.209375104,62667.43,13247.63,0,18423.46,486.83,16113.91,0,0,14392.23,0,0,0.0,0,0,0,1474.229010238908,664.836518771331,0.3139931740614334,809.0784982935154,1,1,2026-06-10 17:41:22.494414
NE-HV_AirDist-SupFanMtr-cDXHP-2SpClgHtg-VFDExMtr,None,RFF,Ex,CZ09,cDXHP,0,Each,1.0,3996.209375104,61318.83,13247.63,0,18423.46,389.54,15127.43,0,0,14127.4,0,0,0.0,0,0,0,1482.444709897611,664.836518771331,0.015699658703071672,817.5924914675768,1,1,2026-06-10 17:41:22.494414
NE-HV_AirDist-SupFanMtr-cDXHP-2SpClgHtg-VFDPMMtr,None,RFF,Ex,CZ09,cDXHP,0,Each,1.0,3996.209375104,60857.969999999994,13247.63,0,18423.46,399.33,15071.69,0,0,13712.49,0,0,0.0,0,0,0,1482.444709897611,664.836518771331,0.015699658703071672,817.5924914675768,1,1,2026-06-10 17:41:22.494414
NE-HV_AirDist-SupFanMtr-cDXHP-2SpClgHtg-VFDStdMtr,None,RFF,Ex,CZ09,cDXHP,0,Each,1.0,3996.209375104,61169.94,13247.63,0,18423.46,392.71,15108.91,0,0,13993.86,0,0,0.0,0,0,0,1482.444709897611,664.836518771331,0.015699658703071672,817.5924914675768,1,1,2026-06-10 17:41:22.494414
NE-HV_AirDist-SupFanMtr-cDXHP-2SpClgHtg-VFDExMtr,None,RFF,Ex,CZ08,cDXHP,0,Each,1.0,3996.209375104,60352.57,13247.63,0,18423.46,297.57,14888.63,0,0,13491.91,0,0,0.0,0,0,0,1477.6150170648461,664.836518771331,0.0,812.7784982935153,1,1,2026-06-10 17:41:22.494414
NE-HV_AirDist-SupFanMtr-cDXHP-2SpClgHtg-VFDPMMtr,None,RFF,Ex,CZ08,cDXHP,0,Each,1.0,3996.209375104,59909.549999999996,13247.63,0,18423.46,305.81,14834.22,0,0,13095.06,0,0,0.0,0,0,0,1477.6150170648461,664.836518771331,0.0,812.7784982935153,1,1,2026-06-10 17:41:22.494414
NE-HV_AirDist-SupFanMtr-cDXHP-2SpClgHtg-VFDStdMtr,None,RFF,Ex,CZ08,cDXHP,0,Each,1.0,3996.209375104,60210.35,13247.63,0,18423.46,300.13,14869.54,0,0,13366.22,0,0,0.0,0,0,0,1477.6150170648461,664.836518771331,0.0,812.7784982935153,1,1,2026-06-10 17:41:22.494414
NE-HV_AirDist-SupFanMtr-cDXHP-2SpClgHtg-VFDExMtr,None,RFF,Ex,CZ07,cDXHP,0,Each,1.0,3996.209375104,55122.05,13247.63,0,18423.46,180.17,11095.92,0,0,12171.5,0,0,0.0,0,0,0,1491.6320819112627,664.836518771331,0.0,826.7955631399317,1,1,2026-06-10 17:41:22.494414
NE-HV_AirDist-SupFanMtr-cDXHP-2SpClgHtg-VFDPMMtr,None,RFF,Ex,CZ07,cDXHP,0,Each,1.0,3996.209375104,54715.869999999995,13247.63,0,18423.46,186.59,11051.83,0,0,11802.99,0,0,0.0,0,0,0,1491.6320819112627,664.836518771331,0.0,826.7955631399317,1,1,2026-06-10 17:41:22.494414
NE-HV_AirDist-SupFanMtr-cDXHP-2SpClgHtg-VFDStdMtr,None,RFF,Ex,CZ07,cDXHP,0,Each,1.0,3996.209375104,54993.71,13247.63,0,18423.46,182.14,11080.59,0,0,12056.52,0,0,0.0,0,0,0,1491.6320819112627,664.836518771331,0.0,826.7955631399317,1,1,2026-06-10 17:41:22.494414
NE-HV_AirDist-SupFanMtr-cDXHP-2SpClgHtg-VFDExMtr,None,RFF,Ex,CZ06,cDXHP,0,Each,1.0,3996.209375104,54611.96,13247.63,0,18423.46,208.83,10769.77,0,0,11958.9,0,0,0.0,0,0,0,1498.7047781569966,664.836518771331,0.0,833.8682593856655,1,1,2026-06-10 17:41:22.494414
NE-HV_AirDist-SupFanMtr-cDXHP-2SpClgHtg-VFDPMMtr,None,RFF,Ex,CZ06,cDXHP,0,Each,1.0,3996.209375104,54210.29,13247.63,0,18423.46,215.61,10725.82,0,0,11594.4,0,0,0.0,0,0,0,1498.7047781569966,664.836518771331,0.0,833.8682593856655,1,1,2026-06-10 17:41:22.494414
NE-HV_AirDist-SupFanMtr-cDXHP-2SpClgHtg-VFDStdMtr,None,RFF,Ex,CZ06,cDXHP,0,Each,1.0,3996.209375104,54485.34,13247.63,0,18423.46,210.87,10754.73,0,0,11845.28,0,0,0.0,0,0,0,1498.7047781569966,664.836518771331,0.0,833.8682593856655,1,1,2026-06-10 17:41:22.494414
NE-HV_AirDist-SupFanMtr-cDXHP-2SpClgHtg-VFDExMtr,None,RFF,Ex,CZ05,cDXHP,0,Each,1.0,3996.209375104,50150.119999999995,13247.63,0,18423.46,835.66,6585.4,0,0,11054.6,0,0,0.0,0,0,0,1558.0163822525599,664.836518771331,0.5303754266211603,892.6494880546076,1,1,2026-06-10 17:41:22.494414
NE-HV_AirDist-SupFanMtr-cDXHP-2SpClgHtg-VFDPMMtr,None,RFF,Ex,CZ05,cDXHP,0,Each,1.0,3996.209375104,49781.54,13247.63,0,18423.46,853.88,6560.09,0,0,10693.11,0,0,0.0,0,0,0,1558.0170648464164,664.836518771331,0.5310580204778157,892.6494880546076,1,1,2026-06-10 17:41:22.494414
NE-HV_AirDist-SupFanMtr-cDXHP-2SpClgHtg-VFDStdMtr,None,RFF,Ex,CZ05,cDXHP,0,Each,1.0,3996.209375104,50037.170000000006,13247.63,0,18423.46,841.3,6576.54,0,0,10944.87,0,0,0.0,0,0,0,1558.0163822525599,664.836518771331,0.5303754266211603,892.6494880546076,1,1,2026-06-10 17:41:22.494414
NE-HV_AirDist-SupFanMtr-cDXHP-2SpClgHtg-VFDExMtr,None,RFF,Ex,CZ04,cDXHP,0,Each,1.0,3996.209375104,58532.4,13247.63,0,18423.46,1281.77,12290.15,0,0,13286.02,0,0,0.0,0,0,0,1535.7211604095564,664.836518771331,2.6061433447098974,868.2784982935153,1,1,2026-06-10 17:41:22.494414
NE-HV_AirDist-SupFanMtr-cDXHP-2SpClgHtg-VFDPMMtr,None,RFF,Ex,CZ04,cDXHP,0,Each,1.0,3996.209375104,58144.46,13247.63,0,18423.46,1301.83,12252.14,0,0,12916.03,0,0,0.0,0,0,0,1535.7225255972696,664.836518771331,2.6075085324232083,868.2784982935153,1,1,2026-06-10 17:41:22.494414
NE-HV_AirDist-SupFanMtr-cDXHP-2SpClgHtg-VFDStdMtr,None,RFF,Ex,CZ04,cDXHP,0,Each,1.0,3996.209375104,58407.310000000005,13247.63,0,18423.46,1288.29,12275.79,0,0,13168.77,0,0,0.0,0,0,0,1535.7211604095564,664.836518771331,2.6061433447098974,868.2784982935153,1,1,2026-06-10 17:41:22.494414
NE-HV_AirDist-SupFanMtr-cDXHP-2SpClgHtg-VFDExMtr,None,RFF,Ex,CZ03,cDXHP,0,Each,1.0,3996.209375104,49027.689999999995,13247.63,0,18423.46,861.31,5981.19,0,0,10510.73,0,0,0.0,0,0,0,1554.6180887372013,664.836518771331,0.5532423208191126,889.2283276450512,1,1,2026-06-10 17:41:22.494414
NE-HV_AirDist-SupFanMtr-cDXHP-2SpClgHtg-VFDPMMtr,None,RFF,Ex,CZ03,cDXHP,0,Each,1.0,3996.209375104,48667.030000000006,13247.63,0,18423.46,878.73,5958.25,0,0,10155.59,0,0,0.0,0,0,0,1554.6191126279862,664.836518771331,0.5539249146757679,889.2286689419795,1,1,2026-06-10 17:41:22.494414
NE-HV_AirDist-SupFanMtr-cDXHP-2SpClgHtg-VFDStdMtr,None,RFF,Ex,CZ03,cDXHP,0,Each,1.0,3996.209375104,48919.100000000006,13247.63,0,18423.46,866.68,5973.45,0,0,10404.51,0,0,0.0,0,0,0,1554.6180887372013,664.836518771331,0.5532423208191126,889.2283276450512,1,1,2026-06-10 17:41:22.494414
NE-HV_AirDist-SupFanMtr-cDXHP-2SpClgHtg-VFDExMtr,None,RFF,Ex,CZ02,cDXHP,0,Each,1.0,3996.209375104,53415.95,13247.63,0,18423.46,1569.94,8320.34,0,0,11851.21,0,0,0.0,0,0,0,1566.7607508532421,664.836518771331,4.364163822525597,897.5600682593856,1,1,2026-06-10 17:41:22.494414
NE-HV_AirDist-SupFanMtr-cDXHP-2SpClgHtg-VFDPMMtr,None,RFF,Ex,CZ02,cDXHP,0,Each,1.0,3996.209375104,53047.689999999995,13247.63,0,18423.46,1593.96,8292.25,0,0,11487.02,0,0,0.0,0,0,0,1566.762457337884,664.836518771331,4.365870307167236,897.5600682593856,1,1,2026-06-10 17:41:22.494414
NE-HV_AirDist-SupFanMtr-cDXHP-2SpClgHtg-VFDStdMtr,None,RFF,Ex,CZ02,cDXHP,0,Each,1.0,3996.209375104,53299.520000000004,13247.63,0,18423.46,1577.88,8310.64,0,0,11736.54,0,0,0.0,0,0,0,1566.7610921501705,664.836518771331,4.364505119453924,897.5600682593856,1,1,2026-06-10 17:41:22.494414
NE-HV_AirDist-SupFanMtr-cDXHP-2SpClgHtg-VFDExMtr,None,RFF,Ex,CZ01,cDXHP,0,Each,1.0,3996.209375104,45134.950000000004,13247.63,0,18423.46,1990.14,2787.9,0,0,8682.45,0,0,0.0,0,0,0,1615.1109215017063,664.836518771331,2.431399317406143,947.8430034129692,1,1,2026-06-10 17:41:22.494414
NE-HV_AirDist-SupFanMtr-cDXHP-2SpClgHtg-VFDPMMtr,None,RFF,Ex,CZ01,cDXHP,0,Each,1.0,3996.209375104,44873.47,13247.63,0,18423.46,2017.23,2782.2,0,0,8399.58,0,0,0.0,0,0,0,1615.1126279863481,664.836518771331,2.433105802047782,947.8430034129692,1,1,2026-06-10 17:41:22.494414
NE-HV_AirDist-SupFanMtr-cDXHP-2SpClgHtg-VFDStdMtr,None,RFF,Ex,CZ01,cDXHP,0,Each,1.0,3996.209375104,45054.659999999996,13247.63,0,18423.46,1998.71,2786.07,0,0,8595.42,0,0,0.0,0,0,0,1615.1109215017063,664.836518771331,2.431399317406143,947.8430034129692,1,1,2026-06-10 17:41:22.494414
NE-HV_AirDist-SupFanMtr-cDXGF-2SpClgHtg-VFDExMtr,None,RFF,Ex,CZ16,cDXGF,0,Each,1.0,3996.209375104,53416.72,13247.63,0,18423.46,0.0,7953.12,0,0,13789.14,0,0,0.0,0,0,0,2047.223890784983,664.836518771331,451.33481228668944,931.0525597269624,1,1,2026-06-10 17:41:22.494414
NE-HV_AirDist-SupFanMtr-cDXGF-2SpClgHtg-VFDPMMtr,None,RFF,Ex,CZ16,cDXGF,0,Each,1.0,3996.209375104,52965.01,13247.63,0,18423.46,0.0,7924.04,0,0,13366.51,0,0,0.0,0,0,0,2053.7221843003413,664.836518771331,457.8331058020478,931.0525597269624,1,1,2026-06-10 17:41:22.494414
NE-HV_AirDist-SupFanMtr-cDXGF-2SpClgHtg-VFDStdMtr,None,RFF,Ex,CZ16,cDXGF,0,Each,1.0,3996.209375104,53270.99,13247.63,0,18423.46,0.0,7943.15,0,0,13653.38,0,0,0.0,0,0,0,2049.3812286689417,664.836518771331,453.4921501706484,931.0525597269624,1,1,2026-06-10 17:41:22.494414
NE-HV_AirDist-SupFanMtr-cDXGF-2SpClgHtg-VFDExMtr,None,RFF,Ex,CZ15,cDXGF,0,Each,1.0,3996.209375104,75549.57999999999,13247.63,0,18423.46,0.0,28317.64,0,0,15557.48,0,0,0.0,0,0,0,1407.8235494880544,664.836518771331,34.543686006825936,708.4433447098976,1,1,2026-06-10 17:41:22.494414
NE-HV_AirDist-SupFanMtr-cDXGF-2SpClgHtg-VFDPMMtr,None,RFF,Ex,CZ15,cDXGF,0,Each,1.0,3996.209375104,75055.12,13247.63,0,18423.46,0.0,28241.31,0,0,15139.35,0,0,0.0,0,0,0,1408.9109215017063,664.836518771331,35.63139931740614,708.4430034129693,1,1,2026-06-10 17:41:22.494414
NE-HV_AirDist-SupFanMtr-cDXGF-2SpClgHtg-VFDStdMtr,None,RFF,Ex,CZ15,cDXGF,0,Each,1.0,3996.209375104,75386.68,13247.63,0,18423.46,0.0,28291.28,0,0,15420.94,0,0,0.0,0,0,0,1408.1600682593855,664.836518771331,34.880204778156994,708.4433447098976,1,1,2026-06-10 17:41:22.494414
NE-HV_AirDist-SupFanMtr-cDXGF-2SpClgHtg-VFDExMtr,None,RFF,Ex,CZ14,cDXGF,0,Each,1.0,3996.209375104,62202.35,13247.63,0,18423.46,0.0,16318.48,0,0,14209.41,0,0,0.0,0,0,0,1702.672013651877,664.836518771331,206.49590443686006,831.339590443686,1,1,2026-06-10 17:41:22.494414
NE-HV_AirDist-SupFanMtr-cDXGF-2SpClgHtg-VFDPMMtr,None,RFF,Ex,CZ14,cDXGF,0,Each,1.0,3996.209375104,61765.939999999995,13247.63,0,18423.46,0.0,16271.66,0,0,13819.82,0,0,0.0,0,0,0,1706.3587030716722,664.836518771331,210.1825938566553,831.339590443686,1,1,2026-06-10 17:41:22.494414
NE-HV_AirDist-SupFanMtr-cDXGF-2SpClgHtg-VFDStdMtr,None,RFF,Ex,CZ14,cDXGF,0,Each,1.0,3996.209375104,62060.13,13247.63,0,18423.46,0.0,16302.38,0,0,14083.29,0,0,0.0,0,0,0,1703.8358361774744,664.836518771331,207.65972696245734,831.339590443686,1,1,2026-06-10 17:41:22.494414
NE-HV_AirDist-SupFanMtr-cDXGF-2SpClgHtg-VFDExMtr,None,RFF,Ex,CZ13,cDXGF,0,Each,1.0,3996.209375104,63333.170000000006,13247.63,0,18423.46,0.0,17379.26,0,0,14279.45,0,0,0.0,0,0,0,1713.503412969283,664.836518771331,236.33037542662115,812.336518771331,1,1,2026-06-10 17:41:22.494414
NE-HV_AirDist-SupFanMtr-cDXGF-2SpClgHtg-VFDPMMtr,None,RFF,Ex,CZ13,cDXGF,0,Each,1.0,3996.209375104,62890.32,13247.63,0,18423.46,0.0,17329.01,0,0,13886.85,0,0,0.0,0,0,0,1717.6870307167233,664.836518771331,240.51331058020477,812.3372013651876,1,1,2026-06-10 17:41:22.494414
NE-HV_AirDist-SupFanMtr-cDXGF-2SpClgHtg-VFDStdMtr,None,RFF,Ex,CZ13,cDXGF,0,Each,1.0,3996.209375104,63187.77,13247.63,0,18423.46,0.0,17361.93,0,0,14151.38,0,0,0.0,0,0,0,1714.8924914675767,664.836518771331,237.718771331058,812.3372013651876,1,1,2026-06-10 17:41:22.494414
NE-HV_AirDist-SupFanMtr-cDXGF-2SpClgHtg-VFDExMtr,None,RFF,Ex,CZ12,cDXGF,0,Each,1.0,3996.209375104,56719.75,13247.63,0,18423.46,0.0,12189.15,0,0,12856.14,0,0,0.0,0,0,0,1813.8679180887373,664.836518771331,291.45733788395904,857.574061433447,1,1,2026-06-10 17:41:22.494414
NE-HV_AirDist-SupFanMtr-cDXGF-2SpClgHtg-VFDPMMtr,None,RFF,Ex,CZ12,cDXGF,0,Each,1.0,3996.209375104,56313.719999999994,13247.63,0,18423.46,0.0,12152.13,0,0,12487.13,0,0,0.0,0,0,0,1818.4037542662113,664.836518771331,295.9931740614335,857.574061433447,1,1,2026-06-10 17:41:22.494414
NE-HV_AirDist-SupFanMtr-cDXGF-2SpClgHtg-VFDStdMtr,None,RFF,Ex,CZ12,cDXGF,0,Each,1.0,3996.209375104,56589.07,13247.63,0,18423.46,0.0,12176.52,0,0,12738.09,0,0,0.0,0,0,0,1815.3764505119452,664.836518771331,292.96552901023887,857.5744027303754,1,1,2026-06-10 17:41:22.494414
NE-HV_AirDist-SupFanMtr-cDXGF-2SpClgHtg-VFDExMtr,None,RFF,Ex,CZ11,cDXGF,0,Each,1.0,3996.209375104,62351.64,13247.63,0,18423.46,0.0,16391.36,0,0,14285.82,0,0,0.0,0,0,0,1791.9303754266211,664.836518771331,301.06962457337886,826.0242320819112,1,1,2026-06-10 17:41:22.494414
NE-HV_AirDist-SupFanMtr-cDXGF-2SpClgHtg-VFDPMMtr,None,RFF,Ex,CZ11,cDXGF,0,Each,1.0,3996.209375104,61899.07,13247.63,0,18423.46,0.0,16344.0,0,0,13880.61,0,0,0.0,0,0,0,1796.7638225255969,664.836518771331,305.9030716723549,826.0242320819112,1,1,2026-06-10 17:41:22.494414
NE-HV_AirDist-SupFanMtr-cDXGF-2SpClgHtg-VFDStdMtr,None,RFF,Ex,CZ11,cDXGF,0,Each,1.0,3996.209375104,62204.53,13247.63,0,18423.46,0.0,16375.06,0,0,14155.01,0,0,0.0,0,0,0,1793.5290102389076,664.836518771331,302.6682593856655,826.0242320819112,1,1,2026-06-10 17:41:22.494414
NE-HV_AirDist-SupFanMtr-cDXGF-2SpClgHtg-VFDExMtr,None,RFF,Ex,CZ10,cDXGF,0,Each,1.0,3996.209375104,61773.12,13247.63,0,18423.46,0.0,15885.01,0,0,14213.65,0,0,0.0,0,0,0,1578.6440273037545,664.836518771331,104.7296928327645,809.0778156996587,1,1,2026-06-10 17:41:22.494414
NE-HV_AirDist-SupFanMtr-cDXGF-2SpClgHtg-VFDPMMtr,None,RFF,Ex,CZ10,cDXGF,0,Each,1.0,3996.209375104,61314.939999999995,13247.63,0,18423.46,0.0,15832.49,0,0,13807.99,0,0,0.0,0,0,0,1581.2559726962459,664.836518771331,107.34163822525598,809.0778156996587,1,1,2026-06-10 17:41:22.494414
NE-HV_AirDist-SupFanMtr-cDXGF-2SpClgHtg-VFDStdMtr,None,RFF,Ex,CZ10,cDXGF,0,Each,1.0,3996.209375104,61626.38,13247.63,0,18423.46,0.0,15867.05,0,0,14084.87,0,0,0.0,0,0,0,1579.4921501706483,664.836518771331,105.5778156996587,809.0778156996587,1,1,2026-06-10 17:41:22.494414
NE-HV_AirDist-SupFanMtr-cDXGF-2SpClgHtg-VFDExMtr,None,RFF,Ex,CZ09,cDXGF,0,Each,1.0,3996.209375104,60485.66,13247.63,0,18423.46,0.0,14928.37,0,0,13882.83,0,0,0.0,0,0,0,1567.2382252559728,664.836518771331,84.8098976109215,817.5918088737201,1,1,2026-06-10 17:41:22.494414
NE-HV_AirDist-SupFanMtr-cDXGF-2SpClgHtg-VFDPMMtr,None,RFF,Ex,CZ09,cDXGF,0,Each,1.0,3996.209375104,60019.229999999996,13247.63,0,18423.46,0.0,14877.41,0,0,13467.36,0,0,0.0,0,0,0,1569.4481228668942,664.836518771331,87.019795221843,817.5918088737201,1,1,2026-06-10 17:41:22.494414
NE-HV_AirDist-SupFanMtr-cDXGF-2SpClgHtg-VFDStdMtr,None,RFF,Ex,CZ09,cDXGF,0,Each,1.0,3996.209375104,60333.04,13247.63,0,18423.46,0.0,14910.86,0,0,13747.72,0,0,0.0,0,0,0,1567.9491467576793,664.836518771331,85.52081911262799,817.5918088737201,1,1,2026-06-10 17:41:22.494414
NE-HV_AirDist-SupFanMtr-cDXGF-2SpClgHtg-VFDExMtr,None,RFF,Ex,CZ08,cDXGF,0,Each,1.0,3996.209375104,59594.07,13247.63,0,18423.46,0.0,14661.9,0,0,13257.71,0,0,0.0,0,0,0,1544.00614334471,664.836518771331,66.39146757679181,812.7781569965871,1,1,2026-06-10 17:41:22.494414
NE-HV_AirDist-SupFanMtr-cDXGF-2SpClgHtg-VFDPMMtr,None,RFF,Ex,CZ08,cDXGF,0,Each,1.0,3996.209375104,59145.68,13247.63,0,18423.46,0.0,14611.49,0,0,12859.73,0,0,0.0,0,0,0,1545.885324232082,664.836518771331,68.27064846416381,812.7781569965871,1,1,2026-06-10 17:41:22.494414
NE-HV_AirDist-SupFanMtr-cDXGF-2SpClgHtg-VFDStdMtr,None,RFF,Ex,CZ08,cDXGF,0,Each,1.0,3996.209375104,59450.54,13247.63,0,18423.46,0.0,14644.61,0,0,13131.47,0,0,0.0,0,0,0,1544.59180887372,664.836518771331,66.97713310580205,812.7781569965871,1,1,2026-06-10 17:41:22.494414
NE-HV_AirDist-SupFanMtr-cDXGF-2SpClgHtg-VFDExMtr,None,RFF,Ex,CZ07,cDXGF,0,Each,1.0,3996.209375104,54841.420000000006,13247.63,0,18423.46,0.0,11065.27,0,0,12101.69,0,0,0.0,0,0,0,1532.6597269624574,664.836518771331,41.02764505119453,826.7955631399317,1,1,2026-06-10 17:41:22.494414
NE-HV_AirDist-SupFanMtr-cDXGF-2SpClgHtg-VFDPMMtr,None,RFF,Ex,CZ07,cDXGF,0,Each,1.0,3996.209375104,54430.840000000004,13247.63,0,18423.46,0.0,11022.73,0,0,11733.65,0,0,0.0,0,0,0,1534.130375426621,664.836518771331,42.49863481228669,826.7952218430033,1,1,2026-06-10 17:41:22.494414
NE-HV_AirDist-SupFanMtr-cDXGF-2SpClgHtg-VFDStdMtr,None,RFF,Ex,CZ07,cDXGF,0,Each,1.0,3996.209375104,54712.3,13247.63,0,18423.46,0.0,11050.76,0,0,11987.08,0,0,0.0,0,0,0,1533.111604095563,664.836518771331,41.479522184300336,826.7955631399317,1,1,2026-06-10 17:41:22.494414
NE-HV_AirDist-SupFanMtr-cDXGF-2SpClgHtg-VFDExMtr,None,RFF,Ex,CZ06,cDXGF,0,Each,1.0,3996.209375104,54389.06,13247.63,0,18423.46,0.0,10794.99,0,0,11919.61,0,0,0.0,0,0,0,1546.4194539249145,664.836518771331,47.715017064846414,833.8679180887373,1,1,2026-06-10 17:41:22.494414
NE-HV_AirDist-SupFanMtr-cDXGF-2SpClgHtg-VFDPMMtr,None,RFF,Ex,CZ06,cDXGF,0,Each,1.0,3996.209375104,53982.8,13247.63,0,18423.46,0.0,10751.66,0,0,11556.68,0,0,0.0,0,0,0,1547.983276450512,664.836518771331,49.278498293515355,833.8682593856655,1,1,2026-06-10 17:41:22.494414
NE-HV_AirDist-SupFanMtr-cDXGF-2SpClgHtg-VFDStdMtr,None,RFF,Ex,CZ06,cDXGF,0,Each,1.0,3996.209375104,54261.14,13247.63,0,18423.46,0.0,10780.18,0,0,11806.5,0,0,0.0,0,0,0,1546.8924914675767,664.836518771331,48.18805460750853,833.8679180887373,1,1,2026-06-10 17:41:22.494414
NE-HV_AirDist-SupFanMtr-cDXGF-2SpClgHtg-VFDExMtr,None,RFF,Ex,CZ05,cDXGF,0,Each,1.0,3996.209375104,49356.65,13247.63,0,18423.46,0.0,6610.95,0,0,11071.24,0,0,0.0,0,0,0,1740.642662116041,664.836518771331,183.15665529010238,892.6494880546076,1,1,2026-06-10 17:41:22.494414
NE-HV_AirDist-SupFanMtr-cDXGF-2SpClgHtg-VFDPMMtr,None,RFF,Ex,CZ05,cDXGF,0,Each,1.0,3996.209375104,48970.21,13247.63,0,18423.46,0.0,6585.18,0,0,10710.57,0,0,0.0,0,0,0,1744.8180887372012,664.836518771331,187.3320819112628,892.6494880546076,1,1,2026-06-10 17:41:22.494414
NE-HV_AirDist-SupFanMtr-cDXGF-2SpClgHtg-VFDStdMtr,None,RFF,Ex,CZ05,cDXGF,0,Each,1.0,3996.209375104,49238.88,13247.63,0,18423.46,0.0,6602.32,0,0,10962.1,0,0,0.0,0,0,0,1741.9344709897612,664.836518771331,184.44846416382254,892.6494880546076,1,1,2026-06-10 17:41:22.494414
NE-HV_AirDist-SupFanMtr-cDXGF-2SpClgHtg-VFDExMtr,None,RFF,Ex,CZ04,cDXGF,0,Each,1.0,3996.209375104,57095.4,13247.63,0,18423.46,0.0,12224.91,0,0,13196.03,0,0,0.0,0,0,0,1799.9880546075085,664.836518771331,266.8737201365187,868.2778156996587,1,1,2026-06-10 17:41:22.494414
NE-HV_AirDist-SupFanMtr-cDXGF-2SpClgHtg-VFDPMMtr,None,RFF,Ex,CZ04,cDXGF,0,Each,1.0,3996.209375104,56692.82,13247.63,0,18423.46,0.0,12190.85,0,0,12827.51,0,0,0.0,0,0,0,1804.542662116041,664.836518771331,271.4286689419795,868.2774744027303,1,1,2026-06-10 17:41:22.494414
NE-HV_AirDist-SupFanMtr-cDXGF-2SpClgHtg-VFDStdMtr,None,RFF,Ex,CZ04,cDXGF,0,Each,1.0,3996.209375104,56968.48,13247.63,0,18423.46,0.0,12213.32,0,0,13080.7,0,0,0.0,0,0,0,1801.5013651877132,664.836518771331,268.38703071672353,868.2778156996587,1,1,2026-06-10 17:41:22.494414
NE-HV_AirDist-SupFanMtr-cDXGF-2SpClgHtg-VFDExMtr,None,RFF,Ex,CZ03,cDXGF,0,Each,1.0,3996.209375104,48197.12,13247.63,0,18423.46,0.0,6006.07,0,0,10516.59,0,0,0.0,0,0,0,1748.5795221843002,664.836518771331,194.51467576791808,889.2283276450512,1,1,2026-06-10 17:41:22.494414
NE-HV_AirDist-SupFanMtr-cDXGF-2SpClgHtg-VFDPMMtr,None,RFF,Ex,CZ03,cDXGF,0,Each,1.0,3996.209375104,47819.450000000004,13247.63,0,18423.46,0.0,5982.63,0,0,10162.36,0,0,0.0,0,0,0,1752.6027303754263,664.836518771331,198.53788395904436,889.2283276450512,1,1,2026-06-10 17:41:22.494414
NE-HV_AirDist-SupFanMtr-cDXGF-2SpClgHtg-VFDStdMtr,None,RFF,Ex,CZ03,cDXGF,0,Each,1.0,3996.209375104,48083.600000000006,13247.63,0,18423.46,0.0,5998.31,0,0,10410.83,0,0,0.0,0,0,0,1749.8184300341297,664.836518771331,195.75358361774744,889.2283276450512,1,1,2026-06-10 17:41:22.494414
NE-HV_AirDist-SupFanMtr-cDXGF-2SpClgHtg-VFDExMtr,None,RFF,Ex,CZ02,cDXGF,0,Each,1.0,3996.209375104,51838.170000000006,13247.63,0,18423.46,0.0,8316.34,0,0,11847.37,0,0,0.0,0,0,0,1901.635494880546,664.836518771331,339.23924914675763,897.5597269624573,1,1,2026-06-10 17:41:22.494414
NE-HV_AirDist-SupFanMtr-cDXGF-2SpClgHtg-VFDPMMtr,None,RFF,Ex,CZ02,cDXGF,0,Each,1.0,3996.209375104,51449.57,13247.63,0,18423.46,0.0,8289.61,0,0,11485.5,0,0,0.0,0,0,0,1907.1788395904434,664.836518771331,344.782252559727,897.5600682593856,1,1,2026-06-10 17:41:22.494414
NE-HV_AirDist-SupFanMtr-cDXGF-2SpClgHtg-VFDStdMtr,None,RFF,Ex,CZ02,cDXGF,0,Each,1.0,3996.209375104,51715.799999999996,13247.63,0,18423.46,0.0,8307.39,0,0,11733.95,0,0,0.0,0,0,0,1903.451194539249,664.836518771331,341.0546075085324,897.5600682593856,1,1,2026-06-10 17:41:22.494414
NE-HV_AirDist-SupFanMtr-cDXGF-2SpClgHtg-VFDExMtr,None,RFF,Ex,CZ01,cDXGF,0,Each,1.0,3996.209375104,43230.810000000005,13247.63,0,18423.46,0.0,2876.48,0,0,8679.87,0,0,0.0,0,0,0,2069.9812286689416,664.836518771331,457.30170648464167,947.8430034129692,1,1,2026-06-10 17:41:22.494414
NE-HV_AirDist-SupFanMtr-cDXGF-2SpClgHtg-VFDPMMtr,None,RFF,Ex,CZ01,cDXGF,0,Each,1.0,3996.209375104,42941.060000000005,13247.63,0,18423.46,0.0,2870.44,0,0,8396.16,0,0,0.0,0,0,0,2076.474744027304,664.836518771331,463.79522184300345,947.8430034129692,1,1,2026-06-10 17:41:22.494414
NE-HV_AirDist-SupFanMtr-cDXGF-2SpClgHtg-VFDStdMtr,None,RFF,Ex,CZ01,cDXGF,0,Each,1.0,3996.209375104,43141.41,13247.63,0,18423.46,0.0,2874.52,0,0,8592.43,0,0,0.0,0,0,0,2072.034470989761,664.836518771331,459.35494880546077,947.8430034129692,1,1,2026-06-10 17:41:22.494414
NE-HV_AirDist-SupFanMtr-cDXOH-2SpClgHtg-VFDExMtr,None,OfS,Ex,CZ16,cDXOH,0,Each,1.0,20004.619839296,99836.64000000001,23737.13,0,29387.4,0.0,11735.21,0,0,34975.77,0,0,0.0,0,0,0,804.092832764505,0.0,0.0,804.092832764505,1,1,2026-06-10 17:41:22.494414
NE-HV_AirDist-SupFanMtr-cDXOH-2SpClgHtg-VFDPMMtr,None,OfS,Ex,CZ16,cDXOH,0,Each,1.0,20004.619839296,98529.48000000001,23737.13,0,29387.4,0.0,11622.65,0,0,33781.17,0,0,0.0,0,0,0,804.092832764505,0.0,0.0,804.092832764505,1,1,2026-06-10 17:41:22.494414
NE-HV_AirDist-SupFanMtr-cDXOH-2SpClgHtg-VFDStdMtr,None,OfS,Ex,CZ16,cDXOH,0,Each,1.0,20004.619839296,99463.57,23737.13,0,29387.4,0.0,11696.85,0,0,34641.06,0,0,0.0,0,0,0,804.092832764505,0.0,0.0,804.092832764505,1,1,2026-06-10 17:41:22.494414
NE-HV_AirDist-SupFanMtr-cDXOH-2SpClgHtg-VFDExMtr,None,OfS,Ex,CZ15,cDXOH,0,Each,1.0,20004.619839296,137026.65000000002,23737.13,0,29387.4,0.0,53566.17,0,0,30334.82,0,0,0.0,0,0,0,603.1211604095563,0.0,0.0,603.1211604095563,1,1,2026-06-10 17:41:22.494414
NE-HV_AirDist-SupFanMtr-cDXOH-2SpClgHtg-VFDPMMtr,None,OfS,Ex,CZ15,cDXOH,0,Each,1.0,20004.619839296,135204.97,23737.13,0,29387.4,0.0,53269.5,0,0,28809.81,0,0,0.0,0,0,0,603.1211604095563,0.0,0.0,603.1211604095563,1,1,2026-06-10 17:41:22.494414
NE-HV_AirDist-SupFanMtr-cDXOH-2SpClgHtg-VFDStdMtr,None,OfS,Ex,CZ15,cDXOH,0,Each,1.0,20004.619839296,136437.17,23737.13,0,29387.4,0.0,53463.49,0,0,29848.02,0,0,0.0,0,0,0,603.1211604095563,0.0,0.0,603.1211604095563,1,1,2026-06-10 17:41:22.494414
NE-HV_AirDist-SupFanMtr-cDXOH-2SpClgHtg-VFDExMtr,None,OfS,Ex,CZ14,cDXOH,0,Each,1.0,20004.619839296,113955.27000000002,23737.13,0,29387.4,0.0,30106.06,0,0,30723.55,0,0,0.0,0,0,0,714.0651877133106,0.0,0.0,714.0651877133106,1,1,2026-06-10 17:41:22.494414
NE-HV_AirDist-SupFanMtr-cDXOH-2SpClgHtg-VFDPMMtr,None,OfS,Ex,CZ14,cDXOH,0,Each,1.0,20004.619839296,112454.92000000001,23737.13,0,29387.4,0.0,29913.98,0,0,29415.28,0,0,0.0,0,0,0,714.0655290102388,0.0,0.0,714.0655290102388,1,1,2026-06-10 17:41:22.494414
NE-HV_AirDist-SupFanMtr-cDXOH-2SpClgHtg-VFDStdMtr,None,OfS,Ex,CZ14,cDXOH,0,Each,1.0,20004.619839296,113498.41000000002,23737.13,0,29387.4,0.0,30039.95,0,0,30332.8,0,0,0.0,0,0,0,714.0655290102388,0.0,0.0,714.0655290102388,1,1,2026-06-10 17:41:22.494414
NE-HV_AirDist-SupFanMtr-cDXOH-2SpClgHtg-VFDExMtr,None,OfS,Ex,CZ13,cDXOH,0,Each,1.0,20004.619839296,115358.62000000001,23737.13,0,29387.4,0.0,31196.48,0,0,31036.48,0,0,0.0,0,0,0,696.9129692832764,0.0,0.0,696.9129692832764,1,1,2026-06-10 17:41:22.494414
NE-HV_AirDist-SupFanMtr-cDXOH-2SpClgHtg-VFDPMMtr,None,OfS,Ex,CZ13,cDXOH,0,Each,1.0,20004.619839296,113904.81000000001,23737.13,0,29387.4,0.0,31003.18,0,0,29775.97,0,0,0.0,0,0,0,696.9129692832764,0.0,0.0,696.9129692832764,1,1,2026-06-10 17:41:22.494414
NE-HV_AirDist-SupFanMtr-cDXOH-2SpClgHtg-VFDStdMtr,None,OfS,Ex,CZ13,cDXOH,0,Each,1.0,20004.619839296,114903.96000000002,23737.13,0,29387.4,0.0,31129.76,0,0,30648.54,0,0,0.0,0,0,0,696.9129692832764,0.0,0.0,696.9129692832764,1,1,2026-06-10 17:41:22.494414
NE-HV_AirDist-SupFanMtr-cDXOH-2SpClgHtg-VFDExMtr,None,OfS,Ex,CZ12,cDXOH,0,Each,1.0,20004.619839296,102608.35,23737.13,0,29387.4,0.0,20714.62,0,0,28768.07,0,0,0.0,0,0,0,737.756313993174,0.0,0.0,737.756313993174,1,1,2026-06-10 17:41:22.494414
NE-HV_AirDist-SupFanMtr-cDXOH-2SpClgHtg-VFDPMMtr,None,OfS,Ex,CZ12,cDXOH,0,Each,1.0,20004.619839296,101337.46000000002,23737.13,0,29387.4,0.0,20574.01,0,0,27637.79,0,0,0.0,0,0,0,737.756313993174,0.0,0.0,737.756313993174,1,1,2026-06-10 17:41:22.494414
NE-HV_AirDist-SupFanMtr-cDXOH-2SpClgHtg-VFDStdMtr,None,OfS,Ex,CZ12,cDXOH,0,Each,1.0,20004.619839296,102220.65000000001,23737.13,0,29387.4,0.0,20666.52,0,0,28428.47,0,0,0.0,0,0,0,737.756313993174,0.0,0.0,737.756313993174,1,1,2026-06-10 17:41:22.494414
NE-HV_AirDist-SupFanMtr-cDXOH-2SpClgHtg-VFDExMtr,None,OfS,Ex,CZ11,cDXOH,0,Each,1.0,20004.619839296,115574.55,23737.13,0,29387.4,0.0,29925.72,0,0,32523.17,0,0,0.0,0,0,0,709.2682593856656,0.0,0.0,709.2682593856656,1,1,2026-06-10 17:41:22.494414
NE-HV_AirDist-SupFanMtr-cDXOH-2SpClgHtg-VFDPMMtr,None,OfS,Ex,CZ11,cDXOH,0,Each,1.0,20004.619839296,114190.06,23737.13,0,29387.4,0.0,29743.67,0,0,31320.73,0,0,0.0,0,0,0,709.2682593856656,0.0,0.0,709.2682593856656,1,1,2026-06-10 17:41:22.494414
NE-HV_AirDist-SupFanMtr-cDXOH-2SpClgHtg-VFDStdMtr,None,OfS,Ex,CZ11,cDXOH,0,Each,1.0,20004.619839296,115141.87000000001,23737.13,0,29387.4,0.0,29862.98,0,0,32153.23,0,0,0.0,0,0,0,709.2682593856656,0.0,0.0,709.2682593856656,1,1,2026-06-10 17:41:22.494414
NE-HV_AirDist-SupFanMtr-cDXOH-2SpClgHtg-VFDExMtr,None,OfS,Ex,CZ10,cDXOH,0,Each,1.0,20004.619839296,104796.32,23737.13,0,29387.4,0.0,26747.65,0,0,24923.01,0,0,0.0,0,0,0,693.9675767918088,0.0,0.0,693.9675767918088,1,1,2026-06-10 17:41:22.494414
NE-HV_AirDist-SupFanMtr-cDXOH-2SpClgHtg-VFDPMMtr,None,OfS,Ex,CZ10,cDXOH,0,Each,1.0,20004.619839296,103264.0,23737.13,0,29387.4,0.0,26556.14,0,0,23582.2,0,0,0.0,0,0,0,693.9675767918088,0.0,0.0,693.9675767918088,1,1,2026-06-10 17:41:22.494414
NE-HV_AirDist-SupFanMtr-cDXOH-2SpClgHtg-VFDStdMtr,None,OfS,Ex,CZ10,cDXOH,0,Each,1.0,20004.619839296,104327.56,23737.13,0,29387.4,0.0,26682.22,0,0,24519.68,0,0,0.0,0,0,0,693.9675767918088,0.0,0.0,693.9675767918088,1,1,2026-06-10 17:41:22.494414
NE-HV_AirDist-SupFanMtr-cDXOH-2SpClgHtg-VFDExMtr,None,OfS,Ex,CZ09,cDXOH,0,Each,1.0,20004.619839296,107291.09000000001,23737.13,0,29387.4,0.0,26827.56,0,0,27337.87,0,0,0.0,0,0,0,701.653242320819,0.0,0.0,701.653242320819,1,1,2026-06-10 17:41:22.494414
NE-HV_AirDist-SupFanMtr-cDXOH-2SpClgHtg-VFDPMMtr,None,OfS,Ex,CZ09,cDXOH,0,Each,1.0,20004.619839296,105612.45000000001,23737.13,0,29387.4,0.0,26633.58,0,0,25853.21,0,0,0.0,0,0,0,701.6529010238908,0.0,0.0,701.6529010238908,1,1,2026-06-10 17:41:22.494414
NE-HV_AirDist-SupFanMtr-cDXOH-2SpClgHtg-VFDStdMtr,None,OfS,Ex,CZ09,cDXOH,0,Each,1.0,20004.619839296,106775.87000000001,23737.13,0,29387.4,0.0,26761.32,0,0,26888.89,0,0,0.0,0,0,0,701.653242320819,0.0,0.0,701.653242320819,1,1,2026-06-10 17:41:22.494414
NE-HV_AirDist-SupFanMtr-cDXOH-2SpClgHtg-VFDExMtr,None,OfS,Ex,CZ08,cDXOH,0,Each,1.0,20004.619839296,105417.06000000001,23737.13,0,29387.4,0.0,26256.84,0,0,26034.56,0,0,0.0,0,0,0,697.3088737201366,0.0,0.0,697.3088737201366,1,1,2026-06-10 17:41:22.494414
NE-HV_AirDist-SupFanMtr-cDXOH-2SpClgHtg-VFDPMMtr,None,OfS,Ex,CZ08,cDXOH,0,Each,1.0,20004.619839296,103812.56000000001,23737.13,0,29387.4,0.0,26067.02,0,0,24619.88,0,0,0.0,0,0,0,697.3088737201366,0.0,0.0,697.3088737201366,1,1,2026-06-10 17:41:22.494414
NE-HV_AirDist-SupFanMtr-cDXOH-2SpClgHtg-VFDStdMtr,None,OfS,Ex,CZ08,cDXOH,0,Each,1.0,20004.619839296,104931.00000000001,23737.13,0,29387.4,0.0,26191.59,0,0,25613.75,0,0,0.0,0,0,0,697.3088737201366,0.0,0.0,697.3088737201366,1,1,2026-06-10 17:41:22.494414
NE-HV_AirDist-SupFanMtr-cDXOH-2SpClgHtg-VFDExMtr,None,OfS,Ex,CZ07,cDXOH,0,Each,1.0,20004.619839296,92907.64,23737.13,0,29387.4,0.0,17567.78,0,0,22214.2,0,0,0.0,0,0,0,709.9631399317406,0.0,0.0,709.9631399317406,1,1,2026-06-10 17:41:22.494414
NE-HV_AirDist-SupFanMtr-cDXOH-2SpClgHtg-VFDPMMtr,None,OfS,Ex,CZ07,cDXOH,0,Each,1.0,20004.619839296,91407.66,23737.13,0,29387.4,0.0,17416.19,0,0,20865.81,0,0,0.0,0,0,0,709.9631399317406,0.0,0.0,709.9631399317406,1,1,2026-06-10 17:41:22.494414
NE-HV_AirDist-SupFanMtr-cDXOH-2SpClgHtg-VFDStdMtr,None,OfS,Ex,CZ07,cDXOH,0,Each,1.0,20004.619839296,92469.70000000001,23737.13,0,29387.4,0.0,17515.64,0,0,21828.4,0,0,0.0,0,0,0,709.9631399317406,0.0,0.0,709.9631399317406,1,1,2026-06-10 17:41:22.494414
NE-HV_AirDist-SupFanMtr-cDXOH-2SpClgHtg-VFDExMtr,None,OfS,Ex,CZ06,cDXOH,0,Each,1.0,20004.619839296,92634.97,23737.13,0,29387.4,0.0,16565.05,0,0,22944.26,0,0,0.0,0,0,0,716.3430034129692,0.0,0.0,716.3430034129692,1,1,2026-06-10 17:41:22.494414
NE-HV_AirDist-SupFanMtr-cDXOH-2SpClgHtg-VFDPMMtr,None,OfS,Ex,CZ06,cDXOH,0,Each,1.0,20004.619839296,91146.19000000002,23737.13,0,29387.4,0.0,16412.54,0,0,21607.99,0,0,0.0,0,0,0,716.3430034129692,0.0,0.0,716.3430034129692,1,1,2026-06-10 17:41:22.494414
NE-HV_AirDist-SupFanMtr-cDXOH-2SpClgHtg-VFDStdMtr,None,OfS,Ex,CZ06,cDXOH,0,Each,1.0,20004.619839296,92183.67,23737.13,0,29387.4,0.0,16512.78,0,0,22545.23,0,0,0.0,0,0,0,716.3430034129692,0.0,0.0,716.3430034129692,1,1,2026-06-10 17:41:22.494414
NE-HV_AirDist-SupFanMtr-cDXOH-2SpClgHtg-VFDExMtr,None,OfS,Ex,CZ05,cDXOH,0,Each,1.0,20004.619839296,83758.84000000001,23737.13,0,29387.4,0.0,8572.38,0,0,22060.8,0,0,0.0,0,0,0,769.4126279863482,0.0,0.0,769.4126279863482,1,1,2026-06-10 17:41:22.494414
NE-HV_AirDist-SupFanMtr-cDXOH-2SpClgHtg-VFDPMMtr,None,OfS,Ex,CZ05,cDXOH,0,Each,1.0,20004.619839296,82410.5,23737.13,0,29387.4,0.0,8470.28,0,0,20814.56,0,0,0.0,0,0,0,769.4126279863482,0.0,0.0,769.4126279863482,1,1,2026-06-10 17:41:22.494414
NE-HV_AirDist-SupFanMtr-cDXOH-2SpClgHtg-VFDStdMtr,None,OfS,Ex,CZ05,cDXOH,0,Each,1.0,20004.619839296,83370.26000000001,23737.13,0,29387.4,0.0,8538.71,0,0,21705.89,0,0,0.0,0,0,0,769.4126279863482,0.0,0.0,769.4126279863482,1,1,2026-06-10 17:41:22.494414
NE-HV_AirDist-SupFanMtr-cDXOH-2SpClgHtg-VFDExMtr,None,OfS,Ex,CZ04,cDXOH,0,Each,1.0,20004.619839296,102539.34000000001,23737.13,0,29387.4,0.0,21519.15,0,0,27894.53,0,0,0.0,0,0,0,747.4109215017064,0.0,0.0,747.4109215017064,1,1,2026-06-10 17:41:22.494414
NE-HV_AirDist-SupFanMtr-cDXOH-2SpClgHtg-VFDPMMtr,None,OfS,Ex,CZ04,cDXOH,0,Each,1.0,20004.619839296,101218.78000000001,23737.13,0,29387.4,0.0,21377.51,0,0,26715.61,0,0,0.0,0,0,0,747.4112627986349,0.0,0.0,747.4112627986349,1,1,2026-06-10 17:41:22.494414
NE-HV_AirDist-SupFanMtr-cDXOH-2SpClgHtg-VFDStdMtr,None,OfS,Ex,CZ04,cDXOH,0,Each,1.0,20004.619839296,102148.38000000002,23737.13,0,29387.4,0.0,21471.45,0,0,27551.27,0,0,0.0,0,0,0,747.4109215017064,0.0,0.0,747.4109215017064,1,1,2026-06-10 17:41:22.494414
NE-HV_AirDist-SupFanMtr-cDXOH-2SpClgHtg-VFDExMtr,None,OfS,Ex,CZ03,cDXOH,0,Each,1.0,20004.619839296,81859.87000000001,23737.13,0,29387.4,0.0,6711.07,0,0,22023.14,0,0,0.0,0,0,0,766.3232081911262,0.0,0.0,766.3232081911262,1,1,2026-06-10 17:41:22.494414
NE-HV_AirDist-SupFanMtr-cDXOH-2SpClgHtg-VFDPMMtr,None,OfS,Ex,CZ03,cDXOH,0,Each,1.0,20004.619839296,80618.74,23737.13,0,29387.4,0.0,6624.88,0,0,20868.2,0,0,0.0,0,0,0,766.3232081911262,0.0,0.0,766.3232081911262,1,1,2026-06-10 17:41:22.494414
NE-HV_AirDist-SupFanMtr-cDXOH-2SpClgHtg-VFDStdMtr,None,OfS,Ex,CZ03,cDXOH,0,Each,1.0,20004.619839296,81507.31000000001,23737.13,0,29387.4,0.0,6682.1,0,0,21699.55,0,0,0.0,0,0,0,766.3232081911262,0.0,0.0,766.3232081911262,1,1,2026-06-10 17:41:22.494414
NE-HV_AirDist-SupFanMtr-cDXOH-2SpClgHtg-VFDExMtr,None,OfS,Ex,CZ02,cDXOH,0,Each,1.0,20004.619839296,92585.73000000001,23737.13,0,29387.4,0.0,13234.1,0,0,26225.97,0,0,0.0,0,0,0,773.8535836177474,0.0,0.0,773.8535836177474,1,1,2026-06-10 17:41:22.494414
NE-HV_AirDist-SupFanMtr-cDXOH-2SpClgHtg-VFDPMMtr,None,OfS,Ex,CZ02,cDXOH,0,Each,1.0,20004.619839296,91346.38,23737.13,0,29387.4,0.0,13127.04,0,0,25093.68,0,0,0.0,0,0,0,773.8535836177474,0.0,0.0,773.8535836177474,1,1,2026-06-10 17:41:22.494414
NE-HV_AirDist-SupFanMtr-cDXOH-2SpClgHtg-VFDStdMtr,None,OfS,Ex,CZ02,cDXOH,0,Each,1.0,20004.619839296,92229.94000000002,23737.13,0,29387.4,0.0,13198.65,0,0,25905.63,0,0,0.0,0,0,0,773.8535836177474,0.0,0.0,773.8535836177474,1,1,2026-06-10 17:41:22.494414
NE-HV_AirDist-SupFanMtr-cDXOH-2SpClgHtg-VFDExMtr,None,OfS,Ex,CZ01,cDXOH,0,Each,1.0,20004.619839296,76795.44,23737.13,0,29387.4,0.0,1246.09,0,0,22423.69,0,0,0.0,0,0,0,819.2481228668942,0.0,0.0,819.2481228668942,1,1,2026-06-10 17:41:22.494414
NE-HV_AirDist-SupFanMtr-cDXOH-2SpClgHtg-VFDPMMtr,None,OfS,Ex,CZ01,cDXOH,0,Each,1.0,20004.619839296,76059.36000000002,23737.13,0,29387.4,0.0,1225.41,0,0,21708.29,0,0,0.0,0,0,0,819.2481228668942,0.0,0.0,819.2481228668942,1,1,2026-06-10 17:41:22.494414
NE-HV_AirDist-SupFanMtr-cDXOH-2SpClgHtg-VFDStdMtr,None,OfS,Ex,CZ01,cDXOH,0,Each,1.0,20004.619839296,76608.12000000001,23737.13,0,29387.4,0.0,1239.19,0,0,22243.27,0,0,0.0,0,0,0,819.2477815699658,0.0,0.0,819.2477815699658,1,1,2026-06-10 17:41:22.494414
NE-HV_AirDist-SupFanMtr-cDXHP-2SpClgHtg-VFDExMtr,None,OfS,Ex,CZ16,cDXHP,0,Each,1.0,20004.619839296,97641.6,23737.13,0,29387.4,5925.59,11184.98,0,0,27405.37,0,0,0.0,0,0,0,804.0914675767918,0.0,0.0,804.0914675767918,1,1,2026-06-10 17:41:22.494414
NE-HV_AirDist-SupFanMtr-cDXHP-2SpClgHtg-VFDPMMtr,None,OfS,Ex,CZ16,cDXHP,0,Each,1.0,20004.619839296,96015.05000000002,23737.13,0,29387.4,6027.45,11069.65,0,0,25792.29,0,0,0.0,0,0,0,804.0914675767918,0.0,0.0,804.0914675767918,1,1,2026-06-10 17:41:22.494414
NE-HV_AirDist-SupFanMtr-cDXHP-2SpClgHtg-VFDStdMtr,None,OfS,Ex,CZ16,cDXHP,0,Each,1.0,20004.619839296,97155.04000000001,23737.13,0,29387.4,5961.07,11144.6,0,0,26923.71,0,0,0.0,0,0,0,804.0914675767918,0.0,0.0,804.0914675767918,1,1,2026-06-10 17:41:22.494414
NE-HV_AirDist-SupFanMtr-cDXHP-2SpClgHtg-VFDExMtr,None,OfS,Ex,CZ15,cDXHP,0,Each,1.0,20004.619839296,141142.95,23737.13,0,29387.4,274.93,55115.55,0,0,32626.81,0,0,0.0,0,0,0,603.1225255972697,0.0,0.0,603.1225255972697,1,1,2026-06-10 17:41:22.494414
NE-HV_AirDist-SupFanMtr-cDXHP-2SpClgHtg-VFDPMMtr,None,OfS,Ex,CZ15,cDXHP,0,Each,1.0,20004.619839296,139345.93,23737.13,0,29387.4,287.28,54806.75,0,0,31126.24,0,0,0.0,0,0,0,603.1225255972697,0.0,0.0,603.1225255972697,1,1,2026-06-10 17:41:22.494414
NE-HV_AirDist-SupFanMtr-cDXHP-2SpClgHtg-VFDStdMtr,None,OfS,Ex,CZ15,cDXHP,0,Each,1.0,20004.619839296,140561.36000000002,23737.13,0,29387.4,279.36,55007.27,0,0,32149.07,0,0,0.0,0,0,0,603.1225255972697,0.0,0.0,603.1225255972697,1,1,2026-06-10 17:41:22.494414
NE-HV_AirDist-SupFanMtr-cDXHP-2SpClgHtg-VFDExMtr,None,OfS,Ex,CZ14,cDXHP,0,Each,1.0,20004.619839296,115210.44000000002,23737.13,0,29387.4,2568.08,30711.4,0,0,28805.3,0,0,0.0,0,0,0,714.0655290102388,0.0,0.0,714.0655290102388,1,1,2026-06-10 17:41:22.494414
NE-HV_AirDist-SupFanMtr-cDXHP-2SpClgHtg-VFDPMMtr,None,OfS,Ex,CZ14,cDXHP,0,Each,1.0,20004.619839296,113586.39000000001,23737.13,0,29387.4,2621.67,30514.2,0,0,27324.86,0,0,0.0,0,0,0,714.0658703071673,0.0,0.0,714.0658703071673,1,1,2026-06-10 17:41:22.494414
NE-HV_AirDist-SupFanMtr-cDXHP-2SpClgHtg-VFDStdMtr,None,OfS,Ex,CZ14,cDXHP,0,Each,1.0,20004.619839296,114701.97000000002,23737.13,0,29387.4,2583.39,30644.84,0,0,28348.08,0,0,0.0,0,0,0,714.0655290102388,0.0,0.0,714.0655290102388,1,1,2026-06-10 17:41:22.494414
NE-HV_AirDist-SupFanMtr-cDXHP-2SpClgHtg-VFDExMtr,None,OfS,Ex,CZ13,cDXHP,0,Each,1.0,20004.619839296,115586.67000000001,23737.13,0,29387.4,2407.71,31854.34,0,0,28198.96,0,0,0.0,0,0,0,696.9136518771331,0.0,0.0,696.9136518771331,1,1,2026-06-10 17:41:22.494414
NE-HV_AirDist-SupFanMtr-cDXHP-2SpClgHtg-VFDPMMtr,None,OfS,Ex,CZ13,cDXHP,0,Each,1.0,20004.619839296,113975.72,23737.13,0,29387.4,2463.66,31658.09,0,0,26728.31,0,0,0.0,0,0,0,696.9136518771331,0.0,0.0,696.9136518771331,1,1,2026-06-10 17:41:22.494414
NE-HV_AirDist-SupFanMtr-cDXHP-2SpClgHtg-VFDStdMtr,None,OfS,Ex,CZ13,cDXHP,0,Each,1.0,20004.619839296,115081.11000000002,23737.13,0,29387.4,2425.09,31789.15,0,0,27741.21,0,0,0.0,0,0,0,696.9133105802048,0.0,0.0,696.9133105802048,1,1,2026-06-10 17:41:22.494414
NE-HV_AirDist-SupFanMtr-cDXHP-2SpClgHtg-VFDExMtr,None,OfS,Ex,CZ12,cDXHP,0,Each,1.0,20004.619839296,101658.24,23737.13,0,29387.4,2876.39,20975.16,0,0,24681.03,0,0,0.0,0,0,0,737.756313993174,0.0,0.0,737.756313993174,1,1,2026-06-10 17:41:22.494414
NE-HV_AirDist-SupFanMtr-cDXHP-2SpClgHtg-VFDPMMtr,None,OfS,Ex,CZ12,cDXHP,0,Each,1.0,20004.619839296,100201.17000000001,23737.13,0,29387.4,2942.14,20833.87,0,0,23299.5,0,0,0.0,0,0,0,737.756313993174,0.0,0.0,737.756313993174,1,1,2026-06-10 17:41:22.494414
NE-HV_AirDist-SupFanMtr-cDXHP-2SpClgHtg-VFDStdMtr,None,OfS,Ex,CZ12,cDXHP,0,Each,1.0,20004.619839296,101198.37000000001,23737.13,0,29387.4,2895.85,20923.73,0,0,24253.13,0,0,0.0,0,0,0,737.756313993174,0.0,0.0,737.756313993174,1,1,2026-06-10 17:41:22.494414
NE-HV_AirDist-SupFanMtr-cDXHP-2SpClgHtg-VFDExMtr,None,OfS,Ex,CZ11,cDXHP,0,Each,1.0,20004.619839296,115379.07,23737.13,0,29387.4,3087.65,30539.79,0,0,28625.97,0,0,0.0,0,0,0,709.2682593856656,0.0,0.0,709.2682593856656,1,1,2026-06-10 17:41:22.494414
NE-HV_AirDist-SupFanMtr-cDXHP-2SpClgHtg-VFDPMMtr,None,OfS,Ex,CZ11,cDXHP,0,Each,1.0,20004.619839296,113779.96,23737.13,0,29387.4,3155.84,30358.41,0,0,27140.05,0,0,0.0,0,0,0,709.2682593856656,0.0,0.0,709.2682593856656,1,1,2026-06-10 17:41:22.494414
NE-HV_AirDist-SupFanMtr-cDXHP-2SpClgHtg-VFDStdMtr,None,OfS,Ex,CZ11,cDXHP,0,Each,1.0,20004.619839296,114867.32,23737.13,0,29387.4,3109.59,30476.59,0,0,28155.48,0,0,0.0,0,0,0,709.2682593856656,0.0,0.0,709.2682593856656,1,1,2026-06-10 17:41:22.494414
NE-HV_AirDist-SupFanMtr-cDXHP-2SpClgHtg-VFDExMtr,None,OfS,Ex,CZ10,cDXHP,0,Each,1.0,20004.619839296,106441.75000000001,23737.13,0,29387.4,711.06,27364.04,0,0,25240.99,0,0,0.0,0,0,0,693.9682593856655,0.0,0.0,693.9682593856655,1,1,2026-06-10 17:41:22.494414
NE-HV_AirDist-SupFanMtr-cDXHP-2SpClgHtg-VFDPMMtr,None,OfS,Ex,CZ10,cDXHP,0,Each,1.0,20004.619839296,104896.74,23737.13,0,29387.4,734.91,27173.92,0,0,23862.25,0,0,0.0,0,0,0,693.9679180887372,0.0,0.0,693.9679180887372,1,1,2026-06-10 17:41:22.494414
NE-HV_AirDist-SupFanMtr-cDXHP-2SpClgHtg-VFDStdMtr,None,OfS,Ex,CZ10,cDXHP,0,Each,1.0,20004.619839296,105955.44,23737.13,0,29387.4,718.52,27298.44,0,0,24812.82,0,0,0.0,0,0,0,693.9679180887372,0.0,0.0,693.9679180887372,1,1,2026-06-10 17:41:22.494414
NE-HV_AirDist-SupFanMtr-cDXHP-2SpClgHtg-VFDExMtr,None,OfS,Ex,CZ09,cDXHP,0,Each,1.0,20004.619839296,108870.53000000001,23737.13,0,29387.4,703.54,27437.41,0,0,27603.92,0,0,0.0,0,0,0,701.6535836177475,0.0,0.0,701.6535836177475,1,1,2026-06-10 17:41:22.494414
NE-HV_AirDist-SupFanMtr-cDXHP-2SpClgHtg-VFDPMMtr,None,OfS,Ex,CZ09,cDXHP,0,Each,1.0,20004.619839296,107173.93000000001,23737.13,0,29387.4,727.32,27243.19,0,0,26077.76,0,0,0.0,0,0,0,701.6535836177475,0.0,0.0,701.6535836177475,1,1,2026-06-10 17:41:22.494414
NE-HV_AirDist-SupFanMtr-cDXHP-2SpClgHtg-VFDStdMtr,None,OfS,Ex,CZ09,cDXHP,0,Each,1.0,20004.619839296,108362.00000000001,23737.13,0,29387.4,711.34,27370.7,0,0,27154.3,0,0,0.0,0,0,0,701.6535836177475,0.0,0.0,701.6535836177475,1,1,2026-06-10 17:41:22.494414
NE-HV_AirDist-SupFanMtr-cDXHP-2SpClgHtg-VFDExMtr,None,OfS,Ex,CZ08,cDXHP,0,Each,1.0,20004.619839296,106760.72,23737.13,0,29387.4,481.15,26718.43,0,0,26435.48,0,0,0.0,0,0,0,697.3092150170648,0.0,0.0,697.3092150170648,1,1,2026-06-10 17:41:22.494414
NE-HV_AirDist-SupFanMtr-cDXHP-2SpClgHtg-VFDPMMtr,None,OfS,Ex,CZ08,cDXHP,0,Each,1.0,20004.619839296,105111.53000000001,23737.13,0,29387.4,498.94,26526.24,0,0,24960.69,0,0,0.0,0,0,0,697.3092150170648,0.0,0.0,697.3092150170648,1,1,2026-06-10 17:41:22.494414
NE-HV_AirDist-SupFanMtr-cDXHP-2SpClgHtg-VFDStdMtr,None,OfS,Ex,CZ08,cDXHP,0,Each,1.0,20004.619839296,106254.87000000001,23737.13,0,29387.4,487.3,26652.68,0,0,25989.23,0,0,0.0,0,0,0,697.3092150170648,0.0,0.0,697.3092150170648,1,1,2026-06-10 17:41:22.494414
NE-HV_AirDist-SupFanMtr-cDXHP-2SpClgHtg-VFDExMtr,None,OfS,Ex,CZ07,cDXHP,0,Each,1.0,20004.619839296,93591.78000000001,23737.13,0,29387.4,240.3,17675.6,0,0,22550.22,0,0,0.0,0,0,0,709.9631399317406,0.0,0.0,709.9631399317406,1,1,2026-06-10 17:41:22.494414
NE-HV_AirDist-SupFanMtr-cDXHP-2SpClgHtg-VFDPMMtr,None,OfS,Ex,CZ07,cDXHP,0,Each,1.0,20004.619839296,92100.98000000001,23737.13,0,29387.4,253.82,17526.0,0,0,21195.5,0,0,0.0,0,0,0,709.9631399317406,0.0,0.0,709.9631399317406,1,1,2026-06-10 17:41:22.494414
NE-HV_AirDist-SupFanMtr-cDXHP-2SpClgHtg-VFDStdMtr,None,OfS,Ex,CZ07,cDXHP,0,Each,1.0,20004.619839296,93154.44,23737.13,0,29387.4,244.52,17623.3,0,0,22160.96,0,0,0.0,0,0,0,709.9631399317406,0.0,0.0,709.9631399317406,1,1,2026-06-10 17:41:22.494414
NE-HV_AirDist-SupFanMtr-cDXHP-2SpClgHtg-VFDExMtr,None,OfS,Ex,CZ06,cDXHP,0,Each,1.0,20004.619839296,93113.28,23737.13,0,29387.4,346.38,16608.98,0,0,23032.26,0,0,0.0,0,0,0,716.3430034129692,0.0,0.0,716.3430034129692,1,1,2026-06-10 17:41:22.494414
NE-HV_AirDist-SupFanMtr-cDXHP-2SpClgHtg-VFDPMMtr,None,OfS,Ex,CZ06,cDXHP,0,Each,1.0,20004.619839296,91605.99,23737.13,0,29387.4,360.88,16458.62,0,0,21660.83,0,0,0.0,0,0,0,716.3430034129692,0.0,0.0,716.3430034129692,1,1,2026-06-10 17:41:22.494414
NE-HV_AirDist-SupFanMtr-cDXHP-2SpClgHtg-VFDStdMtr,None,OfS,Ex,CZ06,cDXHP,0,Each,1.0,20004.619839296,92644.41,23737.13,0,29387.4,350.9,16557.06,0,0,22610.79,0,0,0.0,0,0,0,716.3430034129692,0.0,0.0,716.3430034129692,1,1,2026-06-10 17:41:22.494414
NE-HV_AirDist-SupFanMtr-cDXHP-2SpClgHtg-VFDExMtr,None,OfS,Ex,CZ05,cDXHP,0,Each,1.0,20004.619839296,83652.84,23737.13,0,29387.4,1513.17,8528.58,0,0,20485.43,0,0,0.0,0,0,0,769.4122866894197,0.0,0.0,769.4122866894197,1,1,2026-06-10 17:41:22.494414
NE-HV_AirDist-SupFanMtr-cDXHP-2SpClgHtg-VFDPMMtr,None,OfS,Ex,CZ05,cDXHP,0,Each,1.0,20004.619839296,82229.87000000001,23737.13,0,29387.4,1555.55,8428.27,0,0,19120.39,0,0,0.0,0,0,0,769.4122866894197,0.0,0.0,769.4122866894197,1,1,2026-06-10 17:41:22.494414
NE-HV_AirDist-SupFanMtr-cDXHP-2SpClgHtg-VFDStdMtr,None,OfS,Ex,CZ05,cDXHP,0,Each,1.0,20004.619839296,83229.89000000001,23737.13,0,29387.4,1524.64,8494.87,0,0,20084.72,0,0,0.0,0,0,0,769.4122866894197,0.0,0.0,769.4122866894197,1,1,2026-06-10 17:41:22.494414
NE-HV_AirDist-SupFanMtr-cDXHP-2SpClgHtg-VFDExMtr,None,OfS,Ex,CZ04,cDXHP,0,Each,1.0,20004.619839296,102653.21,23737.13,0,29387.4,2618.54,21852.84,0,0,25056.17,0,0,0.0,0,0,0,747.4109215017064,0.0,0.0,747.4109215017064,1,1,2026-06-10 17:41:22.494414
NE-HV_AirDist-SupFanMtr-cDXHP-2SpClgHtg-VFDPMMtr,None,OfS,Ex,CZ04,cDXHP,0,Each,1.0,20004.619839296,101144.31000000001,23737.13,0,29387.4,2677.89,21706.02,0,0,23634.74,0,0,0.0,0,0,0,747.4109215017064,0.0,0.0,747.4109215017064,1,1,2026-06-10 17:41:22.494414
NE-HV_AirDist-SupFanMtr-cDXHP-2SpClgHtg-VFDStdMtr,None,OfS,Ex,CZ04,cDXHP,0,Each,1.0,20004.619839296,102188.21,23737.13,0,29387.4,2636.3,21802.75,0,0,24623.5,0,0,0.0,0,0,0,747.4109215017064,0.0,0.0,747.4109215017064,1,1,2026-06-10 17:41:22.494414
NE-HV_AirDist-SupFanMtr-cDXHP-2SpClgHtg-VFDExMtr,None,OfS,Ex,CZ03,cDXHP,0,Each,1.0,20004.619839296,81099.97,23737.13,0,29387.4,1752.19,6621.86,0,0,19600.26,0,0,0.0,0,0,0,766.3228668941979,0.0,0.0,766.3228668941979,1,1,2026-06-10 17:41:22.494414
NE-HV_AirDist-SupFanMtr-cDXHP-2SpClgHtg-VFDPMMtr,None,OfS,Ex,CZ03,cDXHP,0,Each,1.0,20004.619839296,79735.65,23737.13,0,29387.4,1799.35,6538.54,0,0,18272.1,0,0,0.0,0,0,0,766.3228668941979,0.0,0.0,766.3228668941979,1,1,2026-06-10 17:41:22.494414
NE-HV_AirDist-SupFanMtr-cDXHP-2SpClgHtg-VFDStdMtr,None,OfS,Ex,CZ03,cDXHP,0,Each,1.0,20004.619839296,80717.3,23737.13,0,29387.4,1767.43,6593.49,0,0,19230.72,0,0,0.0,0,0,0,766.3228668941979,0.0,0.0,766.3228668941979,1,1,2026-06-10 17:41:22.494414
NE-HV_AirDist-SupFanMtr-cDXHP-2SpClgHtg-VFDExMtr,None,OfS,Ex,CZ02,cDXHP,0,Each,1.0,20004.619839296,91417.59,23737.13,0,29387.4,3108.52,13250.45,0,0,21932.96,0,0,0.0,0,0,0,773.8532423208192,0.0,0.0,773.8532423208192,1,1,2026-06-10 17:41:22.494414
NE-HV_AirDist-SupFanMtr-cDXHP-2SpClgHtg-VFDPMMtr,None,OfS,Ex,CZ02,cDXHP,0,Each,1.0,20004.619839296,89960.77000000002,23737.13,0,29387.4,3171.33,13139.76,0,0,20524.02,0,0,0.0,0,0,0,773.8535836177474,0.0,0.0,773.8535836177474,1,1,2026-06-10 17:41:22.494414
NE-HV_AirDist-SupFanMtr-cDXHP-2SpClgHtg-VFDStdMtr,None,OfS,Ex,CZ02,cDXHP,0,Each,1.0,20004.619839296,90992.08000000002,23737.13,0,29387.4,3128.53,13213.9,0,0,21523.99,0,0,0.0,0,0,0,773.8535836177474,0.0,0.0,773.8535836177474,1,1,2026-06-10 17:41:22.494414
NE-HV_AirDist-SupFanMtr-cDXHP-2SpClgHtg-VFDExMtr,None,OfS,Ex,CZ01,cDXHP,0,Each,1.0,20004.619839296,74196.45000000001,23737.13,0,29387.4,4466.25,983.13,0,0,15621.41,0,0,0.0,0,0,0,819.2481228668942,0.0,0.0,819.2481228668942,1,1,2026-06-10 17:41:22.494414
NE-HV_AirDist-SupFanMtr-cDXHP-2SpClgHtg-VFDPMMtr,None,OfS,Ex,CZ01,cDXHP,0,Each,1.0,20004.619839296,73173.6,23737.13,0,29387.4,4550.53,963.07,0,0,14534.34,0,0,0.0,0,0,0,819.2481228668942,0.0,0.0,819.2481228668942,1,1,2026-06-10 17:41:22.494414
NE-HV_AirDist-SupFanMtr-cDXHP-2SpClgHtg-VFDStdMtr,None,OfS,Ex,CZ01,cDXHP,0,Each,1.0,20004.619839296,73899.48000000001,23737.13,0,29387.4,4493.3,976.63,0,0,15303.89,0,0,0.0,0,0,0,819.2477815699658,0.0,0.0,819.2477815699658,1,1,2026-06-10 17:41:22.494414
NE-HV_AirDist-SupFanMtr-cDXGF-2SpClgHtg-VFDExMtr,None,OfS,Ex,CZ16,cDXGF,0,Each,1.0,20004.619839296,91748.30000000002,23737.13,0,29387.4,0.0,11829.59,0,0,26793.05,0,0,0.0,0,0,0,1793.8061433447099,0.0,989.714675767918,804.0914675767918,1,1,2026-06-10 17:41:22.494414
NE-HV_AirDist-SupFanMtr-cDXGF-2SpClgHtg-VFDPMMtr,None,OfS,Ex,CZ16,cDXGF,0,Each,1.0,20004.619839296,89999.02000000002,23737.13,0,29387.4,0.0,11716.04,0,0,25157.32,0,0,0.0,0,0,0,1813.9887372013652,0.0,1009.8972696245734,804.0914675767918,1,1,2026-06-10 17:41:22.494414
NE-HV_AirDist-SupFanMtr-cDXGF-2SpClgHtg-VFDStdMtr,None,OfS,Ex,CZ16,cDXGF,0,Each,1.0,20004.619839296,91216.66000000002,23737.13,0,29387.4,0.0,11790.59,0,0,26300.41,0,0,0.0,0,0,0,1800.5358361774743,0.0,996.4443686006825,804.0914675767918,1,1,2026-06-10 17:41:22.494414
NE-HV_AirDist-SupFanMtr-cDXGF-2SpClgHtg-VFDExMtr,None,OfS,Ex,CZ15,cDXGF,0,Each,1.0,20004.619839296,136824.55,23737.13,0,29387.4,0.0,53573.72,0,0,30125.17,0,0,0.0,0,0,0,659.3982935153584,0.0,56.27713310580205,603.1211604095563,1,1,2026-06-10 17:41:22.494414
NE-HV_AirDist-SupFanMtr-cDXGF-2SpClgHtg-VFDPMMtr,None,OfS,Ex,CZ15,cDXGF,0,Each,1.0,20004.619839296,134967.15000000002,23737.13,0,29387.4,0.0,53277.45,0,0,28564.04,0,0,0.0,0,0,0,662.0870307167236,0.0,58.965870307167236,603.1211604095563,1,1,2026-06-10 17:41:22.494414
NE-HV_AirDist-SupFanMtr-cDXGF-2SpClgHtg-VFDStdMtr,None,OfS,Ex,CZ15,cDXGF,0,Each,1.0,20004.619839296,136224.86000000002,23737.13,0,29387.4,0.0,53471.23,0,0,29627.97,0,0,0.0,0,0,0,660.3812286689421,0.0,57.26006825938566,603.1211604095563,1,1,2026-06-10 17:41:22.494414
NE-HV_AirDist-SupFanMtr-cDXGF-2SpClgHtg-VFDExMtr,None,OfS,Ex,CZ14,cDXGF,0,Each,1.0,20004.619839296,110569.13,23737.13,0,29387.4,0.0,30161.47,0,0,27282.0,0,0,0.0,0,0,0,1148.9539249146758,0.0,434.8887372013652,714.0651877133106,1,1,2026-06-10 17:41:22.494414
NE-HV_AirDist-SupFanMtr-cDXGF-2SpClgHtg-VFDPMMtr,None,OfS,Ex,CZ14,cDXGF,0,Each,1.0,20004.619839296,108856.18000000001,23737.13,0,29387.4,0.0,29968.82,0,0,25761.7,0,0,0.0,0,0,0,1160.00204778157,0.0,445.9368600682594,714.0651877133106,1,1,2026-06-10 17:41:22.494414
NE-HV_AirDist-SupFanMtr-cDXGF-2SpClgHtg-VFDStdMtr,None,OfS,Ex,CZ14,cDXGF,0,Each,1.0,20004.619839296,110029.66000000002,23737.13,0,29387.4,0.0,30095.09,0,0,26808.91,0,0,0.0,0,0,0,1151.9201365187714,0.0,437.8549488054607,714.0651877133106,1,1,2026-06-10 17:41:22.494414
NE-HV_AirDist-SupFanMtr-cDXGF-2SpClgHtg-VFDExMtr,None,OfS,Ex,CZ13,cDXGF,0,Each,1.0,20004.619839296,111414.56000000001,23737.13,0,29387.4,0.0,31212.9,0,0,27076.0,0,0,0.0,0,0,0,1178.661433447099,0.0,481.7488054607508,696.9126279863482,1,1,2026-06-10 17:41:22.494414
NE-HV_AirDist-SupFanMtr-cDXGF-2SpClgHtg-VFDPMMtr,None,OfS,Ex,CZ13,cDXGF,0,Each,1.0,20004.619839296,109724.17000000001,23737.13,0,29387.4,0.0,31019.35,0,0,25579.16,0,0,0.0,0,0,0,1190.652901023891,0.0,493.74027303754264,696.9126279863482,1,1,2026-06-10 17:41:22.494414
NE-HV_AirDist-SupFanMtr-cDXGF-2SpClgHtg-VFDStdMtr,None,OfS,Ex,CZ13,cDXGF,0,Each,1.0,20004.619839296,110877.13,23737.13,0,29387.4,0.0,31146.25,0,0,26605.22,0,0,0.0,0,0,0,1182.3443686006826,0.0,485.43174061433444,696.9126279863482,1,1,2026-06-10 17:41:22.494414
NE-HV_AirDist-SupFanMtr-cDXGF-2SpClgHtg-VFDExMtr,None,OfS,Ex,CZ12,cDXGF,0,Each,1.0,20004.619839296,97981.45,23737.13,0,29387.4,0.0,20744.42,0,0,24111.37,0,0,0.0,0,0,0,1311.8993174061434,0.0,574.1436860068259,737.7556313993174,1,1,2026-06-10 17:41:22.494414
NE-HV_AirDist-SupFanMtr-cDXGF-2SpClgHtg-VFDPMMtr,None,OfS,Ex,CZ12,cDXGF,0,Each,1.0,20004.619839296,96443.76000000001,23737.13,0,29387.4,0.0,20603.5,0,0,22714.6,0,0,0.0,0,0,0,1326.1597269624574,0.0,588.40409556314,737.7556313993174,1,1,2026-06-10 17:41:22.494414
NE-HV_AirDist-SupFanMtr-cDXGF-2SpClgHtg-VFDStdMtr,None,OfS,Ex,CZ12,cDXGF,0,Each,1.0,20004.619839296,97499.58,23737.13,0,29387.4,0.0,20696.17,0,0,23677.75,0,0,0.0,0,0,0,1316.0784982935156,0.0,578.322866894198,737.7556313993174,1,1,2026-06-10 17:41:22.494414
NE-HV_AirDist-SupFanMtr-cDXGF-2SpClgHtg-VFDExMtr,None,OfS,Ex,CZ11,cDXGF,0,Each,1.0,20004.619839296,110553.14000000001,23737.13,0,29387.4,0.0,29963.09,0,0,27464.39,0,0,0.0,0,0,0,1313.0419795221844,0.0,603.7744027303754,709.2675767918089,1,1,2026-06-10 17:41:22.494414
NE-HV_AirDist-SupFanMtr-cDXGF-2SpClgHtg-VFDPMMtr,None,OfS,Ex,CZ11,cDXGF,0,Each,1.0,20004.619839296,108853.8,23737.13,0,29387.4,0.0,29780.8,0,0,25947.34,0,0,0.0,0,0,0,1327.58771331058,0.0,618.3201365187713,709.2675767918089,1,1,2026-06-10 17:41:22.494414
NE-HV_AirDist-SupFanMtr-cDXGF-2SpClgHtg-VFDStdMtr,None,OfS,Ex,CZ11,cDXGF,0,Each,1.0,20004.619839296,110007.79000000001,23737.13,0,29387.4,0.0,29900.06,0,0,26982.07,0,0,0.0,0,0,0,1317.6723549488056,0.0,608.4047781569965,709.2675767918089,1,1,2026-06-10 17:41:22.494414
NE-HV_AirDist-SupFanMtr-cDXGF-2SpClgHtg-VFDExMtr,None,OfS,Ex,CZ10,cDXGF,0,Each,1.0,20004.619839296,104022.97000000002,23737.13,0,29387.4,0.0,26779.87,0,0,24117.44,0,0,0.0,0,0,0,838.8402730375426,0.0,144.8730375426621,693.9672354948806,1,1,2026-06-10 17:41:22.494414
NE-HV_AirDist-SupFanMtr-cDXGF-2SpClgHtg-VFDPMMtr,None,OfS,Ex,CZ10,cDXGF,0,Each,1.0,20004.619839296,102423.73000000001,23737.13,0,29387.4,0.0,26588.71,0,0,22709.36,0,0,0.0,0,0,0,844.0150170648463,0.0,150.04778156996585,693.9672354948806,1,1,2026-06-10 17:41:22.494414
NE-HV_AirDist-SupFanMtr-cDXGF-2SpClgHtg-VFDStdMtr,None,OfS,Ex,CZ10,cDXGF,0,Each,1.0,20004.619839296,103518.27,23737.13,0,29387.4,0.0,26714.24,0,0,23678.37,0,0,0.0,0,0,0,840.4334470989761,0.0,146.46621160409555,693.9672354948806,1,1,2026-06-10 17:41:22.494414
NE-HV_AirDist-SupFanMtr-cDXGF-2SpClgHtg-VFDExMtr,None,OfS,Ex,CZ09,cDXGF,0,Each,1.0,20004.619839296,106449.44000000002,23737.13,0,29387.4,0.0,26860.06,0,0,26463.72,0,0,0.0,0,0,0,848.4327645051194,0.0,146.77952218430036,701.653242320819,1,1,2026-06-10 17:41:22.494414
NE-HV_AirDist-SupFanMtr-cDXGF-2SpClgHtg-VFDPMMtr,None,OfS,Ex,CZ09,cDXGF,0,Each,1.0,20004.619839296,104703.01000000001,23737.13,0,29387.4,0.0,26666.22,0,0,24911.13,0,0,0.0,0,0,0,853.637542662116,0.0,151.98430034129694,701.653242320819,1,1,2026-06-10 17:41:22.494414
NE-HV_AirDist-SupFanMtr-cDXGF-2SpClgHtg-VFDStdMtr,None,OfS,Ex,CZ09,cDXGF,0,Each,1.0,20004.619839296,105922.97000000002,23737.13,0,29387.4,0.0,26793.59,0,0,26003.72,0,0,0.0,0,0,0,850.178156996587,0.0,148.52491467576792,701.653242320819,1,1,2026-06-10 17:41:22.494414
NE-HV_AirDist-SupFanMtr-cDXGF-2SpClgHtg-VFDExMtr,None,OfS,Ex,CZ08,cDXGF,0,Each,1.0,20004.619839296,104946.46,23737.13,0,29387.4,0.0,26279.04,0,0,25541.76,0,0,0.0,0,0,0,801.4047781569967,0.0,104.09590443686007,697.3088737201366,1,1,2026-06-10 17:41:22.494414
NE-HV_AirDist-SupFanMtr-cDXGF-2SpClgHtg-VFDPMMtr,None,OfS,Ex,CZ08,cDXGF,0,Each,1.0,20004.619839296,103268.77,23737.13,0,29387.4,0.0,26089.44,0,0,24053.67,0,0,0.0,0,0,0,805.3436860068259,0.0,108.03515358361774,697.3085324232081,1,1,2026-06-10 17:41:22.494414
NE-HV_AirDist-SupFanMtr-cDXGF-2SpClgHtg-VFDStdMtr,None,OfS,Ex,CZ08,cDXGF,0,Each,1.0,20004.619839296,104432.24000000002,23737.13,0,29387.4,0.0,26214.01,0,0,25092.57,0,0,0.0,0,0,0,802.7232081911263,0.0,105.41467576791808,697.3085324232081,1,1,2026-06-10 17:41:22.494414
NE-HV_AirDist-SupFanMtr-cDXGF-2SpClgHtg-VFDExMtr,None,OfS,Ex,CZ07,cDXGF,0,Each,1.0,20004.619839296,92819.58000000002,23737.13,0,29387.4,0.0,17574.87,0,0,22119.05,0,0,0.0,0,0,0,764.0460750853242,0.0,54.08293515358362,709.9631399317406,1,1,2026-06-10 17:41:22.494414
NE-HV_AirDist-SupFanMtr-cDXGF-2SpClgHtg-VFDPMMtr,None,OfS,Ex,CZ07,cDXGF,0,Each,1.0,20004.619839296,91306.57,23737.13,0,29387.4,0.0,17423.35,0,0,20757.56,0,0,0.0,0,0,0,767.0498293515358,0.0,57.08668941979522,709.9631399317406,1,1,2026-06-10 17:41:22.494414
NE-HV_AirDist-SupFanMtr-cDXGF-2SpClgHtg-VFDStdMtr,None,OfS,Ex,CZ07,cDXGF,0,Each,1.0,20004.619839296,92370.92000000001,23737.13,0,29387.4,0.0,17522.62,0,0,21722.64,0,0,0.0,0,0,0,764.9788395904436,0.0,55.01569965870307,709.9631399317406,1,1,2026-06-10 17:41:22.494414
NE-HV_AirDist-SupFanMtr-cDXGF-2SpClgHtg-VFDExMtr,None,OfS,Ex,CZ06,cDXGF,0,Each,1.0,20004.619839296,92271.39000000001,23737.13,0,29387.4,0.0,16575.62,0,0,22570.11,0,0,0.0,0,0,0,794.0416382252558,0.0,77.69897610921501,716.342662116041,1,1,2026-06-10 17:41:22.494414
NE-HV_AirDist-SupFanMtr-cDXGF-2SpClgHtg-VFDPMMtr,None,OfS,Ex,CZ06,cDXGF,0,Each,1.0,20004.619839296,90742.15000000001,23737.13,0,29387.4,0.0,16423.38,0,0,21193.11,0,0,0.0,0,0,0,797.2266211604095,0.0,80.8839590443686,716.342662116041,1,1,2026-06-10 17:41:22.494414
NE-HV_AirDist-SupFanMtr-cDXGF-2SpClgHtg-VFDStdMtr,None,OfS,Ex,CZ06,cDXGF,0,Each,1.0,20004.619839296,91792.66,23737.13,0,29387.4,0.0,16523.39,0,0,22143.61,0,0,0.0,0,0,0,794.9720136518771,0.0,78.62935153583618,716.342662116041,1,1,2026-06-10 17:41:22.494414
NE-HV_AirDist-SupFanMtr-cDXGF-2SpClgHtg-VFDExMtr,None,OfS,Ex,CZ05,cDXGF,0,Each,1.0,20004.619839296,82047.91,23737.13,0,29387.4,0.0,8619.79,0,0,20302.46,0,0,0.0,0,0,0,1084.6402730375426,0.0,315.2279863481229,769.4122866894197,1,1,2026-06-10 17:41:22.494414
NE-HV_AirDist-SupFanMtr-cDXGF-2SpClgHtg-VFDPMMtr,None,OfS,Ex,CZ05,cDXGF,0,Each,1.0,20004.619839296,80576.73000000001,23737.13,0,29387.4,0.0,8517.21,0,0,18933.86,0,0,0.0,0,0,0,1093.982252559727,0.0,324.56996587030716,769.4122866894197,1,1,2026-06-10 17:41:22.494414
NE-HV_AirDist-SupFanMtr-cDXGF-2SpClgHtg-VFDStdMtr,None,OfS,Ex,CZ05,cDXGF,0,Each,1.0,20004.619839296,81613.72000000002,23737.13,0,29387.4,0.0,8585.62,0,0,19902.44,0,0,0.0,0,0,0,1087.070989761092,0.0,317.65870307167233,769.4122866894197,1,1,2026-06-10 17:41:22.494414
NE-HV_AirDist-SupFanMtr-cDXGF-2SpClgHtg-VFDExMtr,None,OfS,Ex,CZ04,cDXGF,0,Each,1.0,20004.619839296,98980.68000000001,23737.13,0,29387.4,0.0,21587.77,0,0,24267.25,0,0,0.0,0,0,0,1233.7320819112626,0.0,486.32184300341294,747.4102389078498,1,1,2026-06-10 17:41:22.494414
NE-HV_AirDist-SupFanMtr-cDXGF-2SpClgHtg-VFDPMMtr,None,OfS,Ex,CZ04,cDXGF,0,Each,1.0,20004.619839296,97404.36000000002,23737.13,0,29387.4,0.0,21445.62,0,0,22833.08,0,0,0.0,0,0,0,1246.135494880546,0.0,498.72525597269623,747.4102389078498,1,1,2026-06-10 17:41:22.494414
NE-HV_AirDist-SupFanMtr-cDXGF-2SpClgHtg-VFDStdMtr,None,OfS,Ex,CZ04,cDXGF,0,Each,1.0,20004.619839296,98497.72,23737.13,0,29387.4,0.0,21539.63,0,0,23832.43,0,0,0.0,0,0,0,1237.1829351535835,0.0,489.77269624573375,747.4102389078498,1,1,2026-06-10 17:41:22.494414
NE-HV_AirDist-SupFanMtr-cDXGF-2SpClgHtg-VFDExMtr,None,OfS,Ex,CZ03,cDXGF,0,Each,1.0,20004.619839296,79348.1,23737.13,0,29387.4,0.0,6725.1,0,0,19497.34,0,0,0.0,0,0,0,1152.5750853242318,0.0,386.25221843003413,766.3228668941979,1,1,2026-06-10 17:41:22.494414
NE-HV_AirDist-SupFanMtr-cDXGF-2SpClgHtg-VFDPMMtr,None,OfS,Ex,CZ03,cDXGF,0,Each,1.0,20004.619839296,77925.40000000001,23737.13,0,29387.4,0.0,6638.49,0,0,18161.25,0,0,0.0,0,0,0,1163.1498293515358,0.0,396.8269624573379,766.3228668941979,1,1,2026-06-10 17:41:22.494414
NE-HV_AirDist-SupFanMtr-cDXGF-2SpClgHtg-VFDStdMtr,None,OfS,Ex,CZ03,cDXGF,0,Each,1.0,20004.619839296,78948.42000000001,23737.13,0,29387.4,0.0,6696.01,0,0,19126.75,0,0,0.0,0,0,0,1155.9645051194536,0.0,389.641638225256,766.3228668941979,1,1,2026-06-10 17:41:22.494414
NE-HV_AirDist-SupFanMtr-cDXGF-2SpClgHtg-VFDExMtr,None,OfS,Ex,CZ02,cDXGF,0,Each,1.0,20004.619839296,88047.67,23737.13,0,29387.4,0.0,13291.39,0,0,21630.62,0,0,0.0,0,0,0,1387.5143344709898,0.0,613.6610921501707,773.8532423208192,1,1,2026-06-10 17:41:22.494414
NE-HV_AirDist-SupFanMtr-cDXGF-2SpClgHtg-VFDPMMtr,None,OfS,Ex,CZ02,cDXGF,0,Each,1.0,20004.619839296,86529.49,23737.13,0,29387.4,0.0,13183.31,0,0,20220.52,0,0,0.0,0,0,0,1401.1498293515358,0.0,627.2965870307168,773.8532423208192,1,1,2026-06-10 17:41:22.494414
NE-HV_AirDist-SupFanMtr-cDXGF-2SpClgHtg-VFDStdMtr,None,OfS,Ex,CZ02,cDXGF,0,Each,1.0,20004.619839296,87604.73000000001,23737.13,0,29387.4,0.0,13255.6,0,0,21223.47,0,0,0.0,0,0,0,1391.8839590443686,0.0,618.0307167235494,773.8532423208192,1,1,2026-06-10 17:41:22.494414
NE-HV_AirDist-SupFanMtr-cDXGF-2SpClgHtg-VFDExMtr,None,OfS,Ex,CZ01,cDXGF,0,Each,1.0,20004.619839296,69966.99,23737.13,0,29387.4,0.0,1276.59,0,0,15564.74,0,0,0.0,0,0,0,1767.687372013652,0.0,948.4392491467577,819.2481228668942,1,1,2026-06-10 17:41:22.494414
NE-HV_AirDist-SupFanMtr-cDXGF-2SpClgHtg-VFDPMMtr,None,OfS,Ex,CZ01,cDXGF,0,Each,1.0,20004.619839296,68855.6,23737.13,0,29387.4,0.0,1255.43,0,0,14474.51,0,0,0.0,0,0,0,1786.6061433447098,0.0,967.3580204778157,819.2481228668942,1,1,2026-06-10 17:41:22.494414
NE-HV_AirDist-SupFanMtr-cDXGF-2SpClgHtg-VFDStdMtr,None,OfS,Ex,CZ01,cDXGF,0,Each,1.0,20004.619839296,69641.30000000002,23737.13,0,29387.4,0.0,1269.6,0,0,15246.04,0,0,0.0,0,0,0,1773.7054607508533,0.0,954.4569965870307,819.2484641638225,1,1,2026-06-10 17:41:22.494414
NE-HV_AirDist-SupFanMtr-cDXOH-2SpClgHtg-VFDExMtr,None,OfL,Ex,CZ16,cDXOH,0,Each,1.0,349919.98054675205,2019319.4100000001,462712.61,0,829334.66,0.0,231468.12,0,0,492943.42,0,0,0.0,0,0,0,6406.48361774744,0.0,2086.481228668942,4320.002389078499,1,1,2026-06-10 17:41:22.494414
NE-HV_AirDist-SupFanMtr-cDXOH-2SpClgHtg-VFDPMMtr,None,OfL,Ex,CZ16,cDXOH,0,Each,1.0,349919.98054675205,1996327.09,462712.61,0,829334.66,0.0,229683.88,0,0,471734.57,0,0,0.0,0,0,0,6405.167576791809,0.0,2084.1027303754267,4321.064846416382,1,1,2026-06-10 17:41:22.494414
NE-HV_AirDist-SupFanMtr-cDXOH-2SpClgHtg-VFDStdMtr,None,OfL,Ex,CZ16,cDXOH,0,Each,1.0,349919.98054675205,2013143.66,462712.61,0,829334.66,0.0,230859.94,0,0,487374.2,0,0,0.0,0,0,0,6404.850511945392,0.0,2084.9054607508533,4319.945051194539,1,1,2026-06-10 17:41:22.494414
NE-HV_AirDist-SupFanMtr-cDXOH-2SpClgHtg-VFDExMtr,None,OfL,Ex,CZ15,cDXOH,0,Each,1.0,349919.98054675205,2692127.4799999995,462712.61,0,829334.66,0.0,923595.11,0,0,471126.01,0,0,0.0,0,0,0,3551.065529010239,0.0,437.0587030716723,3114.006825938566,1,1,2026-06-10 17:41:22.494414
NE-HV_AirDist-SupFanMtr-cDXOH-2SpClgHtg-VFDPMMtr,None,OfL,Ex,CZ15,cDXOH,0,Each,1.0,349919.98054675205,2666816.75,462712.61,0,829334.66,0.0,919514.77,0,0,449896.67,0,0,0.0,0,0,0,3551.5385665529006,0.0,437.06996587030716,3114.4686006825937,1,1,2026-06-10 17:41:22.494414
NE-HV_AirDist-SupFanMtr-cDXOH-2SpClgHtg-VFDStdMtr,None,OfL,Ex,CZ15,cDXOH,0,Each,1.0,349919.98054675205,2683866.37,462712.61,0,829334.66,0.0,922185.79,0,0,464274.16,0,0,0.0,0,0,0,3550.938907849829,0.0,436.96143344709895,3113.97747440273,1,1,2026-06-10 17:41:22.494414
NE-HV_AirDist-SupFanMtr-cDXOH-2SpClgHtg-VFDExMtr,None,OfL,Ex,CZ14,cDXOH,0,Each,1.0,349919.98054675205,2289847.57,462712.61,0,829334.66,0.0,534154.69,0,0,460013.11,0,0,0.0,0,0,0,4787.63890784983,0.0,1020.4887372013651,3767.150170648464,1,1,2026-06-10 17:41:22.494414
NE-HV_AirDist-SupFanMtr-cDXOH-2SpClgHtg-VFDPMMtr,None,OfL,Ex,CZ14,cDXOH,0,Each,1.0,349919.98054675205,2266968.7,462712.61,0,829334.66,0.0,531315.16,0,0,439973.03,0,0,0.0,0,0,0,4781.21228668942,0.0,1014.3795221843003,3766.8327645051195,1,1,2026-06-10 17:41:22.494414
NE-HV_AirDist-SupFanMtr-cDXOH-2SpClgHtg-VFDStdMtr,None,OfL,Ex,CZ14,cDXOH,0,Each,1.0,349919.98054675205,2282829.57,462712.61,0,829334.66,0.0,533168.19,0,0,453980.55,0,0,0.0,0,0,0,4782.166552901024,0.0,1014.8894197952218,3767.277133105802,1,1,2026-06-10 17:41:22.494414
NE-HV_AirDist-SupFanMtr-cDXOH-2SpClgHtg-VFDExMtr,None,OfL,Ex,CZ13,cDXOH,0,Each,1.0,349919.98054675205,2288127.71,462712.61,0,829334.66,0.0,549169.33,0,0,443060.79,0,0,0.0,0,0,0,4620.640955631399,0.0,972.3225255972695,3648.3184300341295,1,1,2026-06-10 17:41:22.494414
NE-HV_AirDist-SupFanMtr-cDXOH-2SpClgHtg-VFDPMMtr,None,OfL,Ex,CZ13,cDXOH,0,Each,1.0,349919.98054675205,2266365.56,462712.61,0,829334.66,0.0,546441.92,0,0,424026.39,0,0,0.0,0,0,0,4619.438566552901,0.0,972.6590443686007,3646.7795221843003,1,1,2026-06-10 17:41:22.494414
NE-HV_AirDist-SupFanMtr-cDXOH-2SpClgHtg-VFDStdMtr,None,OfL,Ex,CZ13,cDXOH,0,Each,1.0,349919.98054675205,2281488.79,462712.61,0,829334.66,0.0,548239.16,0,0,437352.79,0,0,0.0,0,0,0,4620.575426621161,0.0,972.5515358361774,3648.023890784983,1,1,2026-06-10 17:41:22.494414
NE-HV_AirDist-SupFanMtr-cDXOH-2SpClgHtg-VFDExMtr,None,OfL,Ex,CZ12,cDXOH,0,Each,1.0,349919.98054675205,2092131.94,462712.61,0,829334.66,0.0,386335.48,0,0,410626.41,0,0,0.0,0,0,0,5036.81843003413,0.0,1133.0621160409557,3903.756313993174,1,1,2026-06-10 17:41:22.494414
NE-HV_AirDist-SupFanMtr-cDXOH-2SpClgHtg-VFDPMMtr,None,OfL,Ex,CZ12,cDXOH,0,Each,1.0,349919.98054675205,2071994.2300000002,462712.61,0,829334.66,0.0,384281.45,0,0,392543.48,0,0,0.0,0,0,0,5035.975426621161,0.0,1133.8085324232081,3902.1668941979524,1,1,2026-06-10 17:41:22.494414
NE-HV_AirDist-SupFanMtr-cDXOH-2SpClgHtg-VFDStdMtr,None,OfL,Ex,CZ12,cDXOH,0,Each,1.0,349919.98054675205,2086055.56,462712.61,0,829334.66,0.0,385656.62,0,0,405229.11,0,0,0.0,0,0,0,5034.0273037542665,0.0,1132.4604095563138,3901.566894197952,1,1,2026-06-10 17:41:22.494414
NE-HV_AirDist-SupFanMtr-cDXOH-2SpClgHtg-VFDExMtr,None,OfL,Ex,CZ11,cDXOH,0,Each,1.0,349919.98054675205,2276839.65,462712.61,0,829334.66,0.0,527273.25,0,0,453853.82,0,0,0.0,0,0,0,4991.827303754267,0.0,1263.673037542662,3728.154266211604,1,1,2026-06-10 17:41:22.494414
NE-HV_AirDist-SupFanMtr-cDXOH-2SpClgHtg-VFDPMMtr,None,OfL,Ex,CZ11,cDXOH,0,Each,1.0,349919.98054675205,2255201.81,462712.61,0,829334.66,0.0,524669.01,0,0,434818.58,0,0,0.0,0,0,0,4993.441638225256,0.0,1266.7576791808874,3726.6839590443683,1,1,2026-06-10 17:41:22.494414
NE-HV_AirDist-SupFanMtr-cDXOH-2SpClgHtg-VFDStdMtr,None,OfL,Ex,CZ11,cDXOH,0,Each,1.0,349919.98054675205,2270171.6799999997,462712.61,0,829334.66,0.0,526370.72,0,0,448087.99,0,0,0.0,0,0,0,4995.786689419795,0.0,1266.634470989761,3729.1522184300343,1,1,2026-06-10 17:41:22.494414
NE-HV_AirDist-SupFanMtr-cDXOH-2SpClgHtg-VFDExMtr,None,OfL,Ex,CZ10,cDXOH,0,Each,1.0,349919.98054675205,2220615.81,462712.61,0,829334.66,0.0,516961.9,0,0,407640.94,0,0,0.0,0,0,0,4137.764505119454,0.0,454.80750853242324,3682.9569965870305,1,1,2026-06-10 17:41:22.494414
NE-HV_AirDist-SupFanMtr-cDXOH-2SpClgHtg-VFDPMMtr,None,OfL,Ex,CZ10,cDXOH,0,Each,1.0,349919.98054675205,2197540.99,462712.61,0,829334.66,0.0,514151.7,0,0,387376.0,0,0,0.0,0,0,0,4138.935836177474,0.0,456.5058020477816,3682.4300341296926,1,1,2026-06-10 17:41:22.494414
NE-HV_AirDist-SupFanMtr-cDXOH-2SpClgHtg-VFDStdMtr,None,OfL,Ex,CZ10,cDXOH,0,Each,1.0,349919.98054675205,2213250.41,462712.61,0,829334.66,0.0,515992.2,0,0,401245.57,0,0,0.0,0,0,0,4138.425938566553,0.0,455.04163822525595,3683.384300341297,1,1,2026-06-10 17:41:22.494414
NE-HV_AirDist-SupFanMtr-cDXOH-2SpClgHtg-VFDExMtr,None,OfL,Ex,CZ09,cDXOH,0,Each,1.0,349919.98054675205,2226118.01,462712.61,0,829334.66,0.0,500177.12,0,0,429841.07,0,0,0.0,0,0,0,4167.285324232082,0.0,438.82832764505116,3728.4569965870305,1,1,2026-06-10 17:41:22.494414
NE-HV_AirDist-SupFanMtr-cDXOH-2SpClgHtg-VFDPMMtr,None,OfL,Ex,CZ09,cDXOH,0,Each,1.0,349919.98054675205,2201375.71,462712.61,0,829334.66,0.0,497415.32,0,0,407859.77,0,0,0.0,0,0,0,4165.235153583618,0.0,438.02116040955633,3727.213993174061,1,1,2026-06-10 17:41:22.494414
NE-HV_AirDist-SupFanMtr-cDXOH-2SpClgHtg-VFDStdMtr,None,OfL,Ex,CZ09,cDXOH,0,Each,1.0,349919.98054675205,2218548.98,462712.61,0,829334.66,0.0,499230.86,0,0,423217.9,0,0,0.0,0,0,0,4166.249488054607,0.0,437.38532423208187,3728.8641638225254,1,1,2026-06-10 17:41:22.494414
NE-HV_AirDist-SupFanMtr-cDXOH-2SpClgHtg-VFDExMtr,None,OfL,Ex,CZ08,cDXOH,0,Each,1.0,349919.98054675205,2212674.24,462712.61,0,829334.66,0.0,497633.1,0,0,418857.5,0,0,0.0,0,0,0,4059.3941979522183,0.0,348.2877133105802,3711.106484641638,1,1,2026-06-10 17:41:22.494414
NE-HV_AirDist-SupFanMtr-cDXOH-2SpClgHtg-VFDPMMtr,None,OfL,Ex,CZ08,cDXOH,0,Each,1.0,349919.98054675205,2189163.18,462712.61,0,829334.66,0.0,494891.62,0,0,398088.31,0,0,0.0,0,0,0,4060.300341296928,0.0,349.03617747440273,3711.2641638225255,1,1,2026-06-10 17:41:22.494414
NE-HV_AirDist-SupFanMtr-cDXOH-2SpClgHtg-VFDStdMtr,None,OfL,Ex,CZ08,cDXOH,0,Each,1.0,349919.98054675205,2205288.5799999996,462712.61,0,829334.66,0.0,496689.3,0,0,412416.15,0,0,0.0,0,0,0,4059.7976109215015,0.0,347.98941979522186,3711.80819112628,1,1,2026-06-10 17:41:22.494414
NE-HV_AirDist-SupFanMtr-cDXOH-2SpClgHtg-VFDExMtr,None,OfL,Ex,CZ07,cDXOH,0,Each,1.0,349919.98054675205,2032991.1199999999,462712.61,0,829334.66,0.0,362421.94,0,0,374583.88,0,0,0.0,0,0,0,4001.6436860068256,0.0,204.74061433447096,3796.9030716723546,1,1,2026-06-10 17:41:22.494414
NE-HV_AirDist-SupFanMtr-cDXOH-2SpClgHtg-VFDPMMtr,None,OfL,Ex,CZ07,cDXOH,0,Each,1.0,349919.98054675205,2009527.3,462712.61,0,829334.66,0.0,360125.03,0,0,353417.14,0,0,0.0,0,0,0,4002.2197952218426,0.0,205.8484641638225,3796.37133105802,1,1,2026-06-10 17:41:22.494414
NE-HV_AirDist-SupFanMtr-cDXOH-2SpClgHtg-VFDStdMtr,None,OfL,Ex,CZ07,cDXOH,0,Each,1.0,349919.98054675205,2025979.2799999998,462712.61,0,829334.66,0.0,361629.88,0,0,368364.11,0,0,0.0,0,0,0,4001.3819112627984,0.0,204.77201365187713,3796.6098976109215,1,1,2026-06-10 17:41:22.494414
NE-HV_AirDist-SupFanMtr-cDXOH-2SpClgHtg-VFDExMtr,None,OfL,Ex,CZ06,cDXOH,0,Each,1.0,349919.98054675205,2017137.58,462712.61,0,829334.66,0.0,339380.56,0,0,382073.65,0,0,0.0,0,0,0,4078.1477815699664,0.0,245.10102389078497,3833.046757679181,1,1,2026-06-10 17:41:22.494414
NE-HV_AirDist-SupFanMtr-cDXOH-2SpClgHtg-VFDPMMtr,None,OfL,Ex,CZ06,cDXOH,0,Each,1.0,349919.98054675205,1994658.63,462712.61,0,829334.66,0.0,337137.74,0,0,361837.59,0,0,0.0,0,0,0,4077.533105802048,0.0,245.04778156996585,3832.485324232082,1,1,2026-06-10 17:41:22.494414
NE-HV_AirDist-SupFanMtr-cDXOH-2SpClgHtg-VFDStdMtr,None,OfL,Ex,CZ06,cDXOH,0,Each,1.0,349919.98054675205,2010351.4100000001,462712.61,0,829334.66,0.0,338612.6,0,0,376055.42,0,0,0.0,0,0,0,4077.8754266211604,0.0,244.99488054607508,3832.880546075085,1,1,2026-06-10 17:41:22.494414
NE-HV_AirDist-SupFanMtr-cDXOH-2SpClgHtg-VFDExMtr,None,OfL,Ex,CZ05,cDXOH,0,Each,1.0,349919.98054675205,1844947.74,462712.61,0,829334.66,0.0,190277.79,0,0,360321.79,0,0,0.0,0,0,0,4907.1989761092145,0.0,760.6430034129693,4146.555972696246,1,1,2026-06-10 17:41:22.494414
NE-HV_AirDist-SupFanMtr-cDXOH-2SpClgHtg-VFDPMMtr,None,OfL,Ex,CZ05,cDXOH,0,Each,1.0,349919.98054675205,1823335.9100000001,462712.61,0,829334.66,0.0,188622.03,0,0,340365.63,0,0,0.0,0,0,0,4907.352218430034,0.0,761.0959044368601,4146.2563139931735,1,1,2026-06-10 17:41:22.494414
NE-HV_AirDist-SupFanMtr-cDXOH-2SpClgHtg-VFDStdMtr,None,OfL,Ex,CZ05,cDXOH,0,Each,1.0,349919.98054675205,1838907.7700000003,462712.61,0,829334.66,0.0,189731.43,0,0,354827.81,0,0,0.0,0,0,0,4909.28156996587,0.0,761.2129692832765,4148.068600682594,1,1,2026-06-10 17:41:22.494414
NE-HV_AirDist-SupFanMtr-cDXOH-2SpClgHtg-VFDExMtr,None,OfL,Ex,CZ04,cDXOH,0,Each,1.0,349919.98054675205,2107376.8800000004,462712.61,0,829334.66,0.0,397319.43,0,0,415091.41,0,0,0.0,0,0,0,5122.116723549489,0.0,1146.1962457337884,3975.9204778156995,1,1,2026-06-10 17:41:22.494414
NE-HV_AirDist-SupFanMtr-cDXOH-2SpClgHtg-VFDPMMtr,None,OfL,Ex,CZ04,cDXOH,0,Each,1.0,349919.98054675205,2086138.58,462712.61,0,829334.66,0.0,395205.4,0,0,395967.09,0,0,0.0,0,0,0,5118.875085324232,0.0,1147.5590443686008,3971.3160409556313,1,1,2026-06-10 17:41:22.494414
NE-HV_AirDist-SupFanMtr-cDXOH-2SpClgHtg-VFDStdMtr,None,OfL,Ex,CZ04,cDXOH,0,Each,1.0,349919.98054675205,2101051.0,462712.61,0,829334.66,0.0,396589.25,0,0,409496.52,0,0,0.0,0,0,0,5119.449829351536,0.0,1144.8003412969283,3974.6494880546074,1,1,2026-06-10 17:41:22.494414
NE-HV_AirDist-SupFanMtr-cDXOH-2SpClgHtg-VFDExMtr,None,OfL,Ex,CZ03,cDXOH,0,Each,1.0,349919.98054675205,1797682.33,462712.61,0,829334.66,0.0,153853.87,0,0,349393.51,0,0,0.0,0,0,0,4915.997269624573,0.0,801.2286689419795,4114.768600682593,1,1,2026-06-10 17:41:22.494414
NE-HV_AirDist-SupFanMtr-cDXOH-2SpClgHtg-VFDPMMtr,None,OfL,Ex,CZ03,cDXOH,0,Each,1.0,349919.98054675205,1777196.81,462712.61,0,829334.66,0.0,152511.15,0,0,330250.82,0,0,0.0,0,0,0,4912.021843003413,0.0,802.0269624573378,4109.994880546075,1,1,2026-06-10 17:41:22.494414
NE-HV_AirDist-SupFanMtr-cDXOH-2SpClgHtg-VFDStdMtr,None,OfL,Ex,CZ03,cDXOH,0,Each,1.0,349919.98054675205,1791864.9099999997,462712.61,0,829334.66,0.0,153401.8,0,0,344028.67,0,0,0.0,0,0,0,4913.0877133105805,0.0,801.5651877133106,4111.522525597269,1,1,2026-06-10 17:41:22.494414
NE-HV_AirDist-SupFanMtr-cDXOH-2SpClgHtg-VFDExMtr,None,OfL,Ex,CZ02,cDXOH,0,Each,1.0,349919.98054675205,1943918.79,462712.61,0,829334.66,0.0,264401.86,0,0,385086.83,0,0,0.0,0,0,0,5435.233447098976,0.0,1302.081228668942,4133.152218430034,1,1,2026-06-10 17:41:22.494414
NE-HV_AirDist-SupFanMtr-cDXOH-2SpClgHtg-VFDPMMtr,None,OfL,Ex,CZ02,cDXOH,0,Each,1.0,349919.98054675205,1924147.3699999999,462712.61,0,829334.66,0.0,262746.3,0,0,366970.82,0,0,0.0,0,0,0,5435.115699658703,0.0,1301.9709897610921,4133.1447098976105,1,1,2026-06-10 17:41:22.494414
NE-HV_AirDist-SupFanMtr-cDXOH-2SpClgHtg-VFDStdMtr,None,OfL,Ex,CZ02,cDXOH,0,Each,1.0,349919.98054675205,1938257.4,462712.61,0,829334.66,0.0,263854.42,0,0,379973.02,0,0,0.0,0,0,0,5435.6286689419785,0.0,1302.1566552901024,4133.472013651877,1,1,2026-06-10 17:41:22.494414
NE-HV_AirDist-SupFanMtr-cDXOH-2SpClgHtg-VFDExMtr,None,OfL,Ex,CZ01,cDXOH,0,Each,1.0,349919.98054675205,1644886.03,462712.61,0,829334.66,0.0,32985.12,0,0,319045.97,0,0,0.0,0,0,0,6086.933447098976,0.0,1673.6849829351536,4413.248464163822,1,1,2026-06-10 17:41:22.494414
NE-HV_AirDist-SupFanMtr-cDXOH-2SpClgHtg-VFDPMMtr,None,OfL,Ex,CZ01,cDXOH,0,Each,1.0,349919.98054675205,1629280.5,462712.61,0,829334.66,0.0,32620.12,0,0,303805.41,0,0,0.0,0,0,0,6082.040955631399,0.0,1674.692832764505,4407.348122866894,1,1,2026-06-10 17:41:22.494414
NE-HV_AirDist-SupFanMtr-cDXOH-2SpClgHtg-VFDStdMtr,None,OfL,Ex,CZ01,cDXOH,0,Each,1.0,349919.98054675205,1641012.27,462712.61,0,829334.66,0.0,32853.98,0,0,315303.26,0,0,0.0,0,0,0,6084.825597269625,0.0,1674.1153583617747,4410.71023890785,1,1,2026-06-10 17:41:22.494414
NE-HV_AirDist-SupFanMtr-cDXHP-2SpClgHtg-VFDExMtr,None,OfL,Ex,CZ16,cDXHP,0,Each,1.0,349919.98054675205,2010041.5799999996,462712.61,0,829334.66,40202.01,235484.29,0,0,439454.86,0,0,0.0,0,0,0,6444.248122866894,0.0,2065.117406143345,4379.130716723549,1,1,2026-06-10 17:41:22.494414
NE-HV_AirDist-SupFanMtr-cDXHP-2SpClgHtg-VFDPMMtr,None,OfL,Ex,CZ16,cDXHP,0,Each,1.0,349919.98054675205,1984667.0799999998,462712.61,0,829334.66,41304.41,233700.1,0,0,414762.01,0,0,0.0,0,0,0,6443.148122866894,0.0,2065.2788395904436,4377.869283276451,1,1,2026-06-10 17:41:22.494414
NE-HV_AirDist-SupFanMtr-cDXHP-2SpClgHtg-VFDStdMtr,None,OfL,Ex,CZ16,cDXHP,0,Each,1.0,349919.98054675205,2002577.2600000002,462712.61,0,829334.66,40568.84,234890.47,0,0,432217.87,0,0,0.0,0,0,0,6443.470648464164,0.0,2065.3890784982937,4378.08156996587,1,1,2026-06-10 17:41:22.494414
NE-HV_AirDist-SupFanMtr-cDXHP-2SpClgHtg-VFDExMtr,None,OfL,Ex,CZ15,cDXHP,0,Each,1.0,349919.98054675205,2723981.97,462712.61,0,829334.66,2701.87,934873.31,0,0,489000.11,0,0,0.0,0,0,0,3607.2914675767915,0.0,513.2542662116041,3094.0372013651872,1,1,2026-06-10 17:41:22.494414
NE-HV_AirDist-SupFanMtr-cDXHP-2SpClgHtg-VFDPMMtr,None,OfL,Ex,CZ15,cDXHP,0,Each,1.0,349919.98054675205,2698864.0900000003,462712.61,0,829334.66,2814.95,930738.11,0,0,467904.62,0,0,0.0,0,0,0,3606.4273037542657,0.0,514.0303754266212,3092.3969283276447,1,1,2026-06-10 17:41:22.494414
NE-HV_AirDist-SupFanMtr-cDXHP-2SpClgHtg-VFDStdMtr,None,OfL,Ex,CZ15,cDXHP,0,Each,1.0,349919.98054675205,2715660.25,462712.61,0,829334.66,2741.38,933430.88,0,0,482081.16,0,0,0.0,0,0,0,3607.650853242321,0.0,513.4904436860069,3094.160409556314,1,1,2026-06-10 17:41:22.494414
NE-HV_AirDist-SupFanMtr-cDXHP-2SpClgHtg-VFDExMtr,None,OfL,Ex,CZ14,cDXHP,0,Each,1.0,349919.98054675205,2307895.8899999997,462712.61,0,829334.66,19061.39,545742.94,0,0,447414.03,0,0,0.0,0,0,0,4857.429692832765,0.0,1048.7399317406143,3808.68976109215,1,1,2026-06-10 17:41:22.494414
NE-HV_AirDist-SupFanMtr-cDXHP-2SpClgHtg-VFDPMMtr,None,OfL,Ex,CZ14,cDXHP,0,Each,1.0,349919.98054675205,2283827.3099999996,462712.61,0,829334.66,19657.13,542936.79,0,0,425555.09,0,0,0.0,0,0,0,4854.907167235495,0.0,1045.5720136518771,3809.3351535836177,1,1,2026-06-10 17:41:22.494414
NE-HV_AirDist-SupFanMtr-cDXHP-2SpClgHtg-VFDStdMtr,None,OfL,Ex,CZ14,cDXHP,0,Each,1.0,349919.98054675205,2300232.7800000003,462712.61,0,829334.66,19235.86,544752.72,0,0,440566.29,0,0,0.0,0,0,0,4859.687372013652,0.0,1050.3481228668943,3809.3392491467575,1,1,2026-06-10 17:41:22.494414
NE-HV_AirDist-SupFanMtr-cDXHP-2SpClgHtg-VFDExMtr,None,OfL,Ex,CZ13,cDXHP,0,Each,1.0,349919.98054675205,2300143.92,462712.61,0,829334.66,16221.25,559755.54,0,0,428272.92,0,0,0.0,0,0,0,4668.614675767918,0.0,968.7795221843004,3699.8351535836177,1,1,2026-06-10 17:41:22.494414
NE-HV_AirDist-SupFanMtr-cDXHP-2SpClgHtg-VFDPMMtr,None,OfL,Ex,CZ13,cDXHP,0,Each,1.0,349919.98054675205,2277011.0,462712.61,0,829334.66,16743.05,557141.47,0,0,407232.16,0,0,0.0,0,0,0,4669.203071672355,0.0,968.5634812286689,3700.6395904436863,1,1,2026-06-10 17:41:22.494414
NE-HV_AirDist-SupFanMtr-cDXHP-2SpClgHtg-VFDStdMtr,None,OfL,Ex,CZ13,cDXHP,0,Each,1.0,349919.98054675205,2292946.4,462712.61,0,829334.66,16379.44,558920.42,0,0,421751.85,0,0,0.0,0,0,0,4669.335153583618,0.0,968.4273037542662,3700.9078498293516,1,1,2026-06-10 17:41:22.494414
NE-HV_AirDist-SupFanMtr-cDXHP-2SpClgHtg-VFDExMtr,None,OfL,Ex,CZ12,cDXHP,0,Each,1.0,349919.98054675205,2093479.7999999998,462712.61,0,829334.66,19924.76,393453.66,0,0,384934.38,0,0,0.0,0,0,0,5082.252559726962,0.0,1123.8778156996589,3958.3747440273037,1,1,2026-06-10 17:41:22.494414
NE-HV_AirDist-SupFanMtr-cDXHP-2SpClgHtg-VFDPMMtr,None,OfL,Ex,CZ12,cDXHP,0,Each,1.0,349919.98054675205,2071773.7599999998,462712.61,0,829334.66,20518.14,391419.51,0,0,364668.93,0,0,0.0,0,0,0,5081.982935153584,0.0,1122.6174061433449,3959.365529010239,1,1,2026-06-10 17:41:22.494414
NE-HV_AirDist-SupFanMtr-cDXHP-2SpClgHtg-VFDStdMtr,None,OfL,Ex,CZ12,cDXHP,0,Each,1.0,349919.98054675205,2086914.5299999998,462712.61,0,829334.66,20117.32,392791.46,0,0,378838.23,0,0,0.0,0,0,0,5081.935836177474,0.0,1122.3651877133107,3959.5706484641637,1,1,2026-06-10 17:41:22.494414
NE-HV_AirDist-SupFanMtr-cDXHP-2SpClgHtg-VFDExMtr,None,OfL,Ex,CZ11,cDXHP,0,Each,1.0,349919.98054675205,2282644.7399999998,462712.61,0,829334.66,21813.66,537818.66,0,0,427303.61,0,0,0.0,0,0,0,5040.295904436861,0.0,1266.6368600682592,3773.659044368601,1,1,2026-06-10 17:41:22.494414
NE-HV_AirDist-SupFanMtr-cDXHP-2SpClgHtg-VFDPMMtr,None,OfL,Ex,CZ11,cDXHP,0,Each,1.0,349919.98054675205,2259327.0,462712.61,0,829334.66,22468.88,535244.26,0,0,405904.77,0,0,0.0,0,0,0,5040.770989761092,0.0,1267.9747440273038,3772.796245733788,1,1,2026-06-10 17:41:22.494414
NE-HV_AirDist-SupFanMtr-cDXHP-2SpClgHtg-VFDStdMtr,None,OfL,Ex,CZ11,cDXHP,0,Each,1.0,349919.98054675205,2275507.62,462712.61,0,829334.66,22030.76,537002.32,0,0,420766.15,0,0,0.0,0,0,0,5040.023549488054,0.0,1266.435494880546,3773.5880546075086,1,1,2026-06-10 17:41:22.494414
NE-HV_AirDist-SupFanMtr-cDXHP-2SpClgHtg-VFDExMtr,None,OfL,Ex,CZ10,cDXHP,0,Each,1.0,349919.98054675205,2239004.8299999996,462712.61,0,829334.66,5701.75,524191.47,0,0,413100.19,0,0,0.0,0,0,0,4144.320819112628,0.0,449.9078498293515,3694.4129692832767,1,1,2026-06-10 17:41:22.494414
NE-HV_AirDist-SupFanMtr-cDXHP-2SpClgHtg-VFDPMMtr,None,OfL,Ex,CZ10,cDXHP,0,Each,1.0,349919.98054675205,2215876.49,462712.61,0,829334.66,5914.11,521456.89,0,0,392494.27,0,0,0.0,0,0,0,4144.590784982935,0.0,449.89180887372015,3694.6989761092145,1,1,2026-06-10 17:41:22.494414
NE-HV_AirDist-SupFanMtr-cDXHP-2SpClgHtg-VFDStdMtr,None,OfL,Ex,CZ10,cDXHP,0,Each,1.0,349919.98054675205,2231462.2300000004,462712.61,0,829334.66,5763.23,523242.43,0,0,406444.81,0,0,0.0,0,0,0,4144.659044368601,0.0,450.0866894197952,3694.5723549488052,1,1,2026-06-10 17:41:22.494414
NE-HV_AirDist-SupFanMtr-cDXHP-2SpClgHtg-VFDExMtr,None,OfL,Ex,CZ09,cDXHP,0,Each,1.0,349919.98054675205,2244827.83,462712.61,0,829334.66,5977.78,507390.8,0,0,435360.7,0,0,0.0,0,0,0,4176.1928327645055,0.0,433.2068259385665,3742.9860068259386,1,1,2026-06-10 17:41:22.494414
NE-HV_AirDist-SupFanMtr-cDXHP-2SpClgHtg-VFDPMMtr,None,OfL,Ex,CZ09,cDXHP,0,Each,1.0,349919.98054675205,2220192.88,462712.61,0,829334.66,6214.89,504602.74,0,0,413276.96,0,0,0.0,0,0,0,4174.97133105802,0.0,432.2225255972696,3742.7488054607506,1,1,2026-06-10 17:41:22.494414
NE-HV_AirDist-SupFanMtr-cDXHP-2SpClgHtg-VFDStdMtr,None,OfL,Ex,CZ09,cDXHP,0,Each,1.0,349919.98054675205,2237191.38,462712.61,0,829334.66,6055.05,506472.97,0,0,428564.76,0,0,0.0,0,0,0,4175.98156996587,0.0,432.82866894197946,3743.152901023891,1,1,2026-06-10 17:41:22.494414
NE-HV_AirDist-SupFanMtr-cDXHP-2SpClgHtg-VFDExMtr,None,OfL,Ex,CZ08,cDXHP,0,Each,1.0,349919.98054675205,2228204.65,462712.61,0,829334.66,4374.42,503153.07,0,0,424495.62,0,0,0.0,0,0,0,4059.2010238907847,0.0,339.5324232081911,3719.6686006825935,1,1,2026-06-10 17:41:22.494414
NE-HV_AirDist-SupFanMtr-cDXHP-2SpClgHtg-VFDPMMtr,None,OfL,Ex,CZ08,cDXHP,0,Each,1.0,349919.98054675205,2204385.86,462712.61,0,829334.66,4550.41,500436.06,0,0,403217.54,0,0,0.0,0,0,0,4058.37542662116,0.0,339.00307167235496,3719.3723549488054,1,1,2026-06-10 17:41:22.494414
NE-HV_AirDist-SupFanMtr-cDXHP-2SpClgHtg-VFDStdMtr,None,OfL,Ex,CZ08,cDXHP,0,Each,1.0,349919.98054675205,2220720.5800000005,462712.61,0,829334.66,4426.64,502231.23,0,0,417881.26,0,0,0.0,0,0,0,4061.233447098976,0.0,341.73856655290103,3719.494880546075,1,1,2026-06-10 17:41:22.494414
NE-HV_AirDist-SupFanMtr-cDXHP-2SpClgHtg-VFDExMtr,None,OfL,Ex,CZ07,cDXHP,0,Each,1.0,349919.98054675205,2041134.59,462712.61,0,829334.66,2433.72,363372.15,0,0,379343.23,0,0,0.0,0,0,0,4006.2525597269623,0.0,205.33003412969282,3800.9225255972697,1,1,2026-06-10 17:41:22.494414
NE-HV_AirDist-SupFanMtr-cDXHP-2SpClgHtg-VFDPMMtr,None,OfL,Ex,CZ07,cDXHP,0,Each,1.0,349919.98054675205,2017837.21,462712.61,0,829334.66,2542.91,361100.05,0,0,358208.79,0,0,0.0,0,0,0,4006.277133105802,0.0,205.29078498293515,3800.9863481228667,1,1,2026-06-10 17:41:22.494414
NE-HV_AirDist-SupFanMtr-cDXHP-2SpClgHtg-VFDStdMtr,None,OfL,Ex,CZ07,cDXHP,0,Each,1.0,349919.98054675205,2034297.2499999998,462712.61,0,829334.66,2466.73,362589.47,0,0,373255.57,0,0,0.0,0,0,0,4006.096928327645,0.0,205.2160409556314,3800.8808873720136,1,1,2026-06-10 17:41:22.494414
NE-HV_AirDist-SupFanMtr-cDXHP-2SpClgHtg-VFDExMtr,None,OfL,Ex,CZ06,cDXHP,0,Each,1.0,349919.98054675205,2024224.23,462712.61,0,829334.66,3393.58,339906.24,0,0,385241.1,0,0,0.0,0,0,0,4086.1436860068256,0.0,245.61058020477816,3840.5331058020474,1,1,2026-06-10 17:41:22.494414
NE-HV_AirDist-SupFanMtr-cDXHP-2SpClgHtg-VFDPMMtr,None,OfL,Ex,CZ06,cDXHP,0,Each,1.0,349919.98054675205,2001429.5099999998,462712.61,0,829334.66,3538.73,337709.63,0,0,364497.99,0,0,0.0,0,0,0,4086.137201365187,0.0,245.71808873720136,3840.419112627986,1,1,2026-06-10 17:41:22.494414
NE-HV_AirDist-SupFanMtr-cDXHP-2SpClgHtg-VFDStdMtr,None,OfL,Ex,CZ06,cDXHP,0,Each,1.0,349919.98054675205,2017304.8600000003,462712.61,0,829334.66,3442.2,339155.96,0,0,379023.34,0,0,0.0,0,0,0,4086.246757679181,0.0,245.54778156996588,3840.698976109215,1,1,2026-06-10 17:41:22.494414
NE-HV_AirDist-SupFanMtr-cDXHP-2SpClgHtg-VFDExMtr,None,OfL,Ex,CZ05,cDXHP,0,Each,1.0,349919.98054675205,1848255.8499999999,462712.61,0,829334.66,12463.07,190890.02,0,0,350555.72,0,0,0.0,0,0,0,4917.400000000001,0.0,743.9631399317406,4173.436860068259,1,1,2026-06-10 17:41:22.494414
NE-HV_AirDist-SupFanMtr-cDXHP-2SpClgHtg-VFDPMMtr,None,OfL,Ex,CZ05,cDXHP,0,Each,1.0,349919.98054675205,1826122.0899999999,462712.61,0,829334.66,12883.09,189307.96,0,0,329583.97,0,0,0.0,0,0,0,4919.305460750854,0.0,745.5914675767918,4173.713993174061,1,1,2026-06-10 17:41:22.494414
NE-HV_AirDist-SupFanMtr-cDXHP-2SpClgHtg-VFDStdMtr,None,OfL,Ex,CZ05,cDXHP,0,Each,1.0,349919.98054675205,1841676.71,462712.61,0,829334.66,12599.57,190357.33,0,0,344372.77,0,0,0.0,0,0,0,4917.4590443686,0.0,744.2993174061434,4173.159726962457,1,1,2026-06-10 17:41:22.494414
NE-HV_AirDist-SupFanMtr-cDXHP-2SpClgHtg-VFDExMtr,None,OfL,Ex,CZ04,cDXHP,0,Each,1.0,349919.98054675205,2116155.09,462712.61,0,829334.66,20234.36,406152.77,0,0,394805.71,0,0,0.0,0,0,0,5163.416040955631,0.0,1141.9474402730375,4021.4686006825937,1,1,2026-06-10 17:41:22.494414
NE-HV_AirDist-SupFanMtr-cDXHP-2SpClgHtg-VFDPMMtr,None,OfL,Ex,CZ04,cDXHP,0,Each,1.0,349919.98054675205,2093526.75,462712.61,0,829334.66,20810.26,404077.42,0,0,373675.91,0,0,0.0,0,0,0,5163.809215017064,0.0,1141.5460750853242,4022.2631399317406,1,1,2026-06-10 17:41:22.494414
NE-HV_AirDist-SupFanMtr-cDXHP-2SpClgHtg-VFDStdMtr,None,OfL,Ex,CZ04,cDXHP,0,Each,1.0,349919.98054675205,2109278.98,462712.61,0,829334.66,20418.28,405471.04,0,0,388426.58,0,0,0.0,0,0,0,5163.816040955631,0.0,1141.7648464163822,4022.051194539249,1,1,2026-06-10 17:41:22.494414
NE-HV_AirDist-SupFanMtr-cDXHP-2SpClgHtg-VFDExMtr,None,OfL,Ex,CZ03,cDXHP,0,Each,1.0,349919.98054675205,1796863.5800000003,462712.61,0,829334.66,13247.07,153396.05,0,0,335786.57,0,0,0.0,0,0,0,4941.880887372013,0.0,792.8648464163822,4149.016040955631,1,1,2026-06-10 17:41:22.494414
NE-HV_AirDist-SupFanMtr-cDXHP-2SpClgHtg-VFDPMMtr,None,OfL,Ex,CZ03,cDXHP,0,Each,1.0,349919.98054675205,1774900.4600000002,462712.61,0,829334.66,13671.3,152084.24,0,0,314711.56,0,0,0.0,0,0,0,4940.6863481228675,0.0,792.3894197952218,4148.296928327645,1,1,2026-06-10 17:41:22.494414
NE-HV_AirDist-SupFanMtr-cDXHP-2SpClgHtg-VFDStdMtr,None,OfL,Ex,CZ03,cDXHP,0,Each,1.0,349919.98054675205,1790725.9500000002,462712.61,0,829334.66,13387.39,152949.63,0,0,329954.84,0,0,0.0,0,0,0,4941.4122866894195,0.0,792.8829351535836,4148.529351535836,1,1,2026-06-10 17:41:22.494414
NE-HV_AirDist-SupFanMtr-cDXHP-2SpClgHtg-VFDExMtr,None,OfL,Ex,CZ02,cDXHP,0,Each,1.0,349919.98054675205,1943154.88,462712.61,0,829334.66,22583.97,268791.08,0,0,357349.59,0,0,0.0,0,0,0,5491.515699658703,0.0,1300.9,4190.615699658702,1,1,2026-06-10 17:41:22.494414
NE-HV_AirDist-SupFanMtr-cDXHP-2SpClgHtg-VFDPMMtr,None,OfL,Ex,CZ02,cDXHP,0,Each,1.0,349919.98054675205,1921252.8800000001,462712.61,0,829334.66,23245.38,267094.32,0,0,336483.15,0,0,0.0,0,0,0,5492.627986348123,0.0,1303.141638225256,4189.486348122867,1,1,2026-06-10 17:41:22.494414
NE-HV_AirDist-SupFanMtr-cDXHP-2SpClgHtg-VFDStdMtr,None,OfL,Ex,CZ02,cDXHP,0,Each,1.0,349919.98054675205,1936701.03,462712.61,0,829334.66,22787.61,268235.02,0,0,351248.02,0,0,0.0,0,0,0,5491.416040955631,0.0,1301.020819112628,4190.395221843003,1,1,2026-06-10 17:41:22.494414
NE-HV_AirDist-SupFanMtr-cDXHP-2SpClgHtg-VFDExMtr,None,OfL,Ex,CZ01,cDXHP,0,Each,1.0,349919.98054675205,1630557.16,462712.61,0,829334.66,30956.73,32353.62,0,0,274392.36,0,0,0.0,0,0,0,6144.141638225256,0.0,1669.1051194539248,4475.036518771331,1,1,2026-06-10 17:41:22.494414
NE-HV_AirDist-SupFanMtr-cDXHP-2SpClgHtg-VFDPMMtr,None,OfL,Ex,CZ01,cDXHP,0,Each,1.0,349919.98054675205,1613055.03,462712.61,0,829334.66,31773.57,31994.21,0,0,256432.87,0,0,0.0,0,0,0,6144.262116040955,0.0,1669.4484641638223,4474.813651877133,1,1,2026-06-10 17:41:22.494414
NE-HV_AirDist-SupFanMtr-cDXHP-2SpClgHtg-VFDStdMtr,None,OfL,Ex,CZ01,cDXHP,0,Each,1.0,349919.98054675205,1625851.7799999998,462712.61,0,829334.66,31226.83,32233.34,0,0,269537.11,0,0,0.0,0,0,0,6143.819453924914,0.0,1669.5283276450511,4474.291126279863,1,1,2026-06-10 17:41:22.494414
NE-HV_AirDist-SupFanMtr-cDXGF-2SpClgHtg-VFDExMtr,None,OfL,Ex,CZ16,cDXGF,0,Each,1.0,349919.98054675205,1960904.6199999999,462712.61,0,829334.66,0.0,233409.98,0,0,432594.95,0,0,0.0,0,0,0,13591.300341296926,0.0,9211.275767918089,4380.02457337884,1,1,2026-06-10 17:41:22.494414
NE-HV_AirDist-SupFanMtr-cDXGF-2SpClgHtg-VFDPMMtr,None,OfL,Ex,CZ16,cDXGF,0,Each,1.0,349919.98054675205,1934119.8900000001,462712.61,0,829334.66,0.0,231647.33,0,0,407573.1,0,0,0.0,0,0,0,13807.576791808873,0.0,9427.287030716723,4380.28976109215,1,1,2026-06-10 17:41:22.494414
NE-HV_AirDist-SupFanMtr-cDXGF-2SpClgHtg-VFDStdMtr,None,OfL,Ex,CZ16,cDXGF,0,Each,1.0,349919.98054675205,1952785.65,462712.61,0,829334.66,0.0,232806.27,0,0,425079.22,0,0,0.0,0,0,0,13657.112969283276,0.0,9277.564163822526,4379.54880546075,1,1,2026-06-10 17:41:22.494414
NE-HV_AirDist-SupFanMtr-cDXGF-2SpClgHtg-VFDExMtr,None,OfL,Ex,CZ15,cDXGF,0,Each,1.0,349919.98054675205,2689941.53,462712.61,0,829334.66,0.0,923699.05,0,0,468836.87,0,0,0.0,0,0,0,4107.286348122867,0.0,986.7266211604095,3120.5597269624573,1,1,2026-06-10 17:41:22.494414
NE-HV_AirDist-SupFanMtr-cDXGF-2SpClgHtg-VFDPMMtr,None,OfL,Ex,CZ15,cDXGF,0,Each,1.0,349919.98054675205,2664384.73,462712.61,0,829334.66,0.0,919632.76,0,0,447346.46,0,0,0.0,0,0,0,4130.956313993174,0.0,1010.5262798634811,3120.430034129693,1,1,2026-06-10 17:41:22.494414
NE-HV_AirDist-SupFanMtr-cDXGF-2SpClgHtg-VFDStdMtr,None,OfL,Ex,CZ15,cDXGF,0,Each,1.0,349919.98054675205,2681498.7899999996,462712.61,0,829334.66,0.0,922295.9,0,0,461797.26,0,0,0.0,0,0,0,4115.394539249147,0.0,994.5883959044368,3120.8061433447097,1,1,2026-06-10 17:41:22.494414
NE-HV_AirDist-SupFanMtr-cDXGF-2SpClgHtg-VFDExMtr,None,OfL,Ex,CZ14,cDXGF,0,Each,1.0,349919.98054675205,2261950.17,462712.61,0,829334.66,0.0,534751.0,0,0,431521.86,0,0,0.0,0,0,0,8323.681228668942,0.0,4506.258361774744,3817.4228668941983,1,1,2026-06-10 17:41:22.494414
NE-HV_AirDist-SupFanMtr-cDXGF-2SpClgHtg-VFDPMMtr,None,OfL,Ex,CZ14,cDXGF,0,Each,1.0,349919.98054675205,2236990.7600000002,462712.61,0,829334.66,0.0,531947.37,0,0,409365.63,0,0,0.0,0,0,0,8434.48156996587,0.0,4617.542320819112,3816.939249146758,1,1,2026-06-10 17:41:22.494414
NE-HV_AirDist-SupFanMtr-cDXGF-2SpClgHtg-VFDStdMtr,None,OfL,Ex,CZ14,cDXGF,0,Each,1.0,349919.98054675205,2254173.91,462712.61,0,829334.66,0.0,533791.78,0,0,424704.93,0,0,0.0,0,0,0,8357.972354948804,0.0,4539.783276450512,3818.1890784982934,1,1,2026-06-10 17:41:22.494414
NE-HV_AirDist-SupFanMtr-cDXGF-2SpClgHtg-VFDExMtr,None,OfL,Ex,CZ13,cDXGF,0,Each,1.0,349919.98054675205,2262836.96,462712.61,0,829334.66,0.0,549500.9,0,0,417440.6,0,0,0.0,0,0,0,7908.124914675767,0.0,4206.611604095563,3701.5133105802047,1,1,2026-06-10 17:41:22.494414
NE-HV_AirDist-SupFanMtr-cDXGF-2SpClgHtg-VFDPMMtr,None,OfL,Ex,CZ13,cDXGF,0,Each,1.0,349919.98054675205,2238803.52,462712.61,0,829334.66,0.0,546776.26,0,0,396131.64,0,0,0.0,0,0,0,8016.618771331057,0.0,4315.227303754266,3701.391467576792,1,1,2026-06-10 17:41:22.494414
NE-HV_AirDist-SupFanMtr-cDXGF-2SpClgHtg-VFDStdMtr,None,OfL,Ex,CZ13,cDXGF,0,Each,1.0,349919.98054675205,2255354.66,462712.61,0,829334.66,0.0,548562.12,0,0,410897.22,0,0,0.0,0,0,0,7943.70409556314,0.0,4241.277815699658,3702.426279863481,1,1,2026-06-10 17:41:22.494414
NE-HV_AirDist-SupFanMtr-cDXGF-2SpClgHtg-VFDExMtr,None,OfL,Ex,CZ12,cDXGF,0,Each,1.0,349919.98054675205,2060075.02,462712.61,0,829334.66,0.0,386657.77,0,0,378250.35,0,0,0.0,0,0,0,9079.315699658704,0.0,5119.976450511946,3959.3392491467575,1,1,2026-06-10 17:41:22.494414
NE-HV_AirDist-SupFanMtr-cDXGF-2SpClgHtg-VFDPMMtr,None,OfL,Ex,CZ12,cDXGF,0,Each,1.0,349919.98054675205,2037405.0399999998,462712.61,0,829334.66,0.0,384622.55,0,0,357615.28,0,0,0.0,0,0,0,9200.825255972695,0.0,5241.01023890785,3959.8150170648464,1,1,2026-06-10 17:41:22.494414
NE-HV_AirDist-SupFanMtr-cDXGF-2SpClgHtg-VFDStdMtr,None,OfL,Ex,CZ12,cDXGF,0,Each,1.0,349919.98054675205,2053257.0400000003,462712.61,0,829334.66,0.0,385973.43,0,0,372116.27,0,0,0.0,0,0,0,9118.134812286688,0.0,5158.4918088737195,3959.643003412969,1,1,2026-06-10 17:41:22.494414
NE-HV_AirDist-SupFanMtr-cDXGF-2SpClgHtg-VFDExMtr,None,OfL,Ex,CZ11,cDXGF,0,Each,1.0,349919.98054675205,2239541.63,462712.61,0,829334.66,0.0,527699.62,0,0,416134.03,0,0,0.0,0,0,0,9326.996587030717,0.0,5546.892150170648,3780.1044368600683,1,1,2026-06-10 17:41:22.494414
NE-HV_AirDist-SupFanMtr-cDXGF-2SpClgHtg-VFDPMMtr,None,OfL,Ex,CZ11,cDXGF,0,Each,1.0,349919.98054675205,2215176.67,462712.61,0,829334.66,0.0,525106.13,0,0,394362.52,0,0,0.0,0,0,0,9457.972354948806,0.0,5677.993174061434,3779.979180887372,1,1,2026-06-10 17:41:22.494414
NE-HV_AirDist-SupFanMtr-cDXGF-2SpClgHtg-VFDStdMtr,None,OfL,Ex,CZ11,cDXGF,0,Each,1.0,349919.98054675205,2231856.65,462712.61,0,829334.66,0.0,526818.43,0,0,409330.05,0,0,0.0,0,0,0,9368.913651877132,0.0,5589.078156996587,3779.835494880546,1,1,2026-06-10 17:41:22.494414
NE-HV_AirDist-SupFanMtr-cDXGF-2SpClgHtg-VFDExMtr,None,OfL,Ex,CZ10,cDXGF,0,Each,1.0,349919.98054675205,2215163.86,462712.61,0,829334.66,0.0,517164.98,0,0,401987.48,0,0,0.0,0,0,0,5324.6098976109215,0.0,1627.8341296928327,3696.7757679180886,1,1,2026-06-10 17:41:22.494414
NE-HV_AirDist-SupFanMtr-cDXGF-2SpClgHtg-VFDPMMtr,None,OfL,Ex,CZ10,cDXGF,0,Each,1.0,349919.98054675205,2191313.1300000004,462712.61,0,829334.66,0.0,514361.0,0,0,380940.87,0,0,0.0,0,0,0,5370.124573378839,0.0,1673.1310580204777,3696.993515358362,1,1,2026-06-10 17:41:22.494414
NE-HV_AirDist-SupFanMtr-cDXGF-2SpClgHtg-VFDStdMtr,None,OfL,Ex,CZ10,cDXGF,0,Each,1.0,349919.98054675205,2207448.45,462712.61,0,829334.66,0.0,516205.2,0,0,395231.72,0,0,0.0,0,0,0,5338.857337883959,0.0,1641.813651877133,3697.043686006826,1,1,2026-06-10 17:41:22.494414
NE-HV_AirDist-SupFanMtr-cDXGF-2SpClgHtg-VFDExMtr,None,OfL,Ex,CZ09,cDXGF,0,Each,1.0,349919.98054675205,2219563.5000000005,462712.61,0,829334.66,0.0,500368.93,0,0,423096.16,0,0,0.0,0,0,0,5427.484300341296,0.0,1682.7569965870307,3744.727303754266,1,1,2026-06-10 17:41:22.494414
NE-HV_AirDist-SupFanMtr-cDXGF-2SpClgHtg-VFDPMMtr,None,OfL,Ex,CZ09,cDXGF,0,Each,1.0,349919.98054675205,2194413.6399999997,462712.61,0,829334.66,0.0,497599.11,0,0,400715.88,0,0,0.0,0,0,0,5475.9,0.0,1731.6505119453925,3744.2494880546074,1,1,2026-06-10 17:41:22.494414
NE-HV_AirDist-SupFanMtr-cDXGF-2SpClgHtg-VFDStdMtr,None,OfL,Ex,CZ09,cDXGF,0,Each,1.0,349919.98054675205,2211721.92,462712.61,0,829334.66,0.0,499418.09,0,0,416204.93,0,0,0.0,0,0,0,5443.187030716724,0.0,1698.6546075085325,3744.532423208191,1,1,2026-06-10 17:41:22.494414
NE-HV_AirDist-SupFanMtr-cDXGF-2SpClgHtg-VFDExMtr,None,OfL,Ex,CZ08,cDXGF,0,Each,1.0,349919.98054675205,2209052.86,462712.61,0,829334.66,0.0,497828.99,0,0,415042.25,0,0,0.0,0,0,0,4993.59180887372,0.0,1273.5034129692833,3720.0883959044368,1,1,2026-06-10 17:41:22.494414
NE-HV_AirDist-SupFanMtr-cDXGF-2SpClgHtg-VFDPMMtr,None,OfL,Ex,CZ08,cDXGF,0,Each,1.0,349919.98054675205,2184503.14,462712.61,0,829334.66,0.0,495079.64,0,0,393241.56,0,0,0.0,0,0,0,5030.341296928327,0.0,1310.4952218430035,3719.846075085324,1,1,2026-06-10 17:41:22.494414
NE-HV_AirDist-SupFanMtr-cDXGF-2SpClgHtg-VFDStdMtr,None,OfL,Ex,CZ08,cDXGF,0,Each,1.0,349919.98054675205,2201429.77,462712.61,0,829334.66,0.0,496911.06,0,0,408337.42,0,0,0.0,0,0,0,5006.374744027304,0.0,1286.259385665529,3720.1153583617747,1,1,2026-06-10 17:41:22.494414
NE-HV_AirDist-SupFanMtr-cDXGF-2SpClgHtg-VFDExMtr,None,OfL,Ex,CZ07,cDXGF,0,Each,1.0,349919.98054675205,2032641.1500000001,462712.61,0,829334.66,0.0,362506.62,0,0,374149.04,0,0,0.0,0,0,0,4545.090102389079,0.0,743.8030716723549,3801.2870307167236,1,1,2026-06-10 17:41:22.494414
NE-HV_AirDist-SupFanMtr-cDXGF-2SpClgHtg-VFDPMMtr,None,OfL,Ex,CZ07,cDXGF,0,Each,1.0,349919.98054675205,2009164.4200000002,462712.61,0,829334.66,0.0,360206.18,0,0,352972.78,0,0,0.0,0,0,0,4569.027645051195,0.0,767.8088737201365,3801.218771331058,1,1,2026-06-10 17:41:22.494414
NE-HV_AirDist-SupFanMtr-cDXGF-2SpClgHtg-VFDStdMtr,None,OfL,Ex,CZ07,cDXGF,0,Each,1.0,349919.98054675205,2025536.59,462712.61,0,829334.66,0.0,361713.18,0,0,367837.94,0,0,0.0,0,0,0,4552.538907849828,0.0,751.3307167235495,3801.2081911262794,1,1,2026-06-10 17:41:22.494414
NE-HV_AirDist-SupFanMtr-cDXGF-2SpClgHtg-VFDExMtr,None,OfL,Ex,CZ06,cDXGF,0,Each,1.0,349919.98054675205,2014879.16,462712.61,0,829334.66,0.0,339496.19,0,0,379699.63,0,0,0.0,0,0,0,4836.121843003412,0.0,995.4112627986348,3840.710580204778,1,1,2026-06-10 17:41:22.494414
NE-HV_AirDist-SupFanMtr-cDXGF-2SpClgHtg-VFDPMMtr,None,OfL,Ex,CZ06,cDXGF,0,Each,1.0,349919.98054675205,1991685.31,462712.61,0,829334.66,0.0,337252.23,0,0,358749.89,0,0,0.0,0,0,0,4867.152901023891,0.0,1026.9617747440273,3840.1911262798635,1,1,2026-06-10 17:41:22.494414
NE-HV_AirDist-SupFanMtr-cDXGF-2SpClgHtg-VFDStdMtr,None,OfL,Ex,CZ06,cDXGF,0,Each,1.0,349919.98054675205,2007818.0000000002,462712.61,0,829334.66,0.0,338725.1,0,0,373409.57,0,0,0.0,0,0,0,4846.090102389078,0.0,1005.4211604095563,3840.6689419795225,1,1,2026-06-10 17:41:22.494414
NE-HV_AirDist-SupFanMtr-cDXGF-2SpClgHtg-VFDExMtr,None,OfL,Ex,CZ05,cDXGF,0,Each,1.0,349919.98054675205,1832892.33,462712.61,0,829334.66,0.0,190700.52,0,0,347844.8,0,0,0.0,0,0,0,7538.802389078497,0.0,3365.338907849829,4173.463481228669,1,1,2026-06-10 17:41:22.494414
NE-HV_AirDist-SupFanMtr-cDXGF-2SpClgHtg-VFDPMMtr,None,OfL,Ex,CZ05,cDXGF,0,Each,1.0,349919.98054675205,1810063.86,462712.61,0,829334.66,0.0,189048.1,0,0,326668.56,0,0,0.0,0,0,0,7629.680204778157,0.0,3456.1819112627986,4173.4982935153585,1,1,2026-06-10 17:41:22.494414
NE-HV_AirDist-SupFanMtr-cDXGF-2SpClgHtg-VFDStdMtr,None,OfL,Ex,CZ05,cDXGF,0,Each,1.0,349919.98054675205,1826070.54,462712.61,0,829334.66,0.0,190151.74,0,0,341571.68,0,0,0.0,0,0,0,7566.422184300341,0.0,3392.499658703072,4173.92252559727,1,1,2026-06-10 17:41:22.494414
NE-HV_AirDist-SupFanMtr-cDXGF-2SpClgHtg-VFDExMtr,None,OfL,Ex,CZ04,cDXGF,0,Each,1.0,349919.98054675205,2078892.75,462712.61,0,829334.66,0.0,398076.34,0,0,385853.79,0,0,0.0,0,0,0,9070.367235494881,0.0,5042.339590443686,4028.0276450511947,1,1,2026-06-10 17:41:22.494414
NE-HV_AirDist-SupFanMtr-cDXGF-2SpClgHtg-VFDPMMtr,None,OfL,Ex,CZ04,cDXGF,0,Each,1.0,349919.98054675205,2055140.1400000001,462712.61,0,829334.66,0.0,395963.37,0,0,364213.97,0,0,0.0,0,0,0,9183.554607508533,0.0,5156.109897610921,4027.444709897611,1,1,2026-06-10 17:41:22.494414
NE-HV_AirDist-SupFanMtr-cDXGF-2SpClgHtg-VFDStdMtr,None,OfL,Ex,CZ04,cDXGF,0,Each,1.0,349919.98054675205,2071555.0699999998,462712.61,0,829334.66,0.0,397370.34,0,0,379221.81,0,0,0.0,0,0,0,9108.192491467578,0.0,5079.775085324232,4028.4174061433446,1,1,2026-06-10 17:41:22.494414
NE-HV_AirDist-SupFanMtr-cDXGF-2SpClgHtg-VFDExMtr,None,OfL,Ex,CZ03,cDXGF,0,Each,1.0,349919.98054675205,1782026.49,462712.61,0,829334.66,0.0,153914.59,0,0,333677.83,0,0,0.0,0,0,0,7810.008532423208,0.0,3661.4631399317404,4148.545392491467,1,1,2026-06-10 17:41:22.494414
NE-HV_AirDist-SupFanMtr-cDXGF-2SpClgHtg-VFDPMMtr,None,OfL,Ex,CZ03,cDXGF,0,Each,1.0,349919.98054675205,1759623.54,462712.61,0,829334.66,0.0,152552.98,0,0,312637.01,0,0,0.0,0,0,0,7902.098976109215,0.0,3753.609215017065,4148.48976109215,1,1,2026-06-10 17:41:22.494414
NE-HV_AirDist-SupFanMtr-cDXGF-2SpClgHtg-VFDStdMtr,None,OfL,Ex,CZ03,cDXGF,0,Each,1.0,349919.98054675205,1775577.73,462712.61,0,829334.66,0.0,153453.54,0,0,327690.13,0,0,0.0,0,0,0,7840.50614334471,0.0,3692.012627986348,4148.493515358362,1,1,2026-06-10 17:41:22.494414
NE-HV_AirDist-SupFanMtr-cDXGF-2SpClgHtg-VFDExMtr,None,OfL,Ex,CZ02,cDXGF,0,Each,1.0,349919.98054675205,1912521.3699999999,462712.61,0,829334.66,0.0,264930.96,0,0,353160.19,0,0,0.0,0,0,0,10010.006825938566,0.0,5820.171672354949,4189.835153583617,1,1,2026-06-10 17:41:22.494414
NE-HV_AirDist-SupFanMtr-cDXGF-2SpClgHtg-VFDPMMtr,None,OfL,Ex,CZ02,cDXGF,0,Each,1.0,349919.98054675205,1890078.94,462712.61,0,829334.66,0.0,263262.41,0,0,332386.63,0,0,0.0,0,0,0,10146.45733788396,0.0,5956.782252559727,4189.675085324232,1,1,2026-06-10 17:41:22.494414
NE-HV_AirDist-SupFanMtr-cDXGF-2SpClgHtg-VFDStdMtr,None,OfL,Ex,CZ02,cDXGF,0,Each,1.0,349919.98054675205,1905700.3699999999,462712.61,0,829334.66,0.0,264377.82,0,0,346892.33,0,0,0.0,0,0,0,10052.057679180887,0.0,5860.458361774744,4191.599317406143,1,1,2026-06-10 17:41:22.494414
NE-HV_AirDist-SupFanMtr-cDXGF-2SpClgHtg-VFDExMtr,None,OfL,Ex,CZ01,cDXGF,0,Each,1.0,349919.98054675205,1599439.9600000002,462712.61,0,829334.66,0.0,33211.12,0,0,273374.62,0,0,0.0,0,0,0,12673.282252559726,0.0,8198.409556313993,4474.872696245733,1,1,2026-06-10 17:41:22.494414
NE-HV_AirDist-SupFanMtr-cDXGF-2SpClgHtg-VFDPMMtr,None,OfL,Ex,CZ01,cDXGF,0,Each,1.0,349919.98054675205,1581011.6500000001,462712.61,0,829334.66,0.0,32831.9,0,0,255325.62,0,0,0.0,0,0,0,12849.507167235495,0.0,8374.127986348123,4475.379180887371,1,1,2026-06-10 17:41:22.494414
NE-HV_AirDist-SupFanMtr-cDXGF-2SpClgHtg-VFDStdMtr,None,OfL,Ex,CZ01,cDXGF,0,Each,1.0,349919.98054675205,1594402.67,462712.61,0,829334.66,0.0,33083.48,0,0,268465.0,0,0,0.0,0,0,0,12729.637201365187,0.0,8253.451535836177,4476.185665529009,1,1,2026-06-10 17:41:22.494414
NE-HV_AirDist-SupFanMtr-cDXOH-2SpClgHtg-VFDExMtr,None,Nrs,Ex,CZ16,cDXOH,0,Each,1.0,110998.73571404802,680898.19,200868.06,0,281574.59,0.0,70456.87,0,0,127952.85,0,0,0.0,0,0,0,11113.841296928327,2247.4839590443685,4609.856313993174,4256.501023890784,1,1,2026-06-10 17:41:22.494414
NE-HV_AirDist-SupFanMtr-cDXOH-2SpClgHtg-VFDPMMtr,None,Nrs,Ex,CZ16,cDXOH,0,Each,1.0,110998.73571404802,678357.4200000002,200868.06,0,281574.59,0.0,70229.67,0,0,125639.06,0,0,0.0,0,0,0,11114.15494880546,2247.4839590443685,4611.3170648464165,4255.353924914675,1,1,2026-06-10 17:41:22.494414
NE-HV_AirDist-SupFanMtr-cDXOH-2SpClgHtg-VFDStdMtr,None,Nrs,Ex,CZ16,cDXOH,0,Each,1.0,110998.73571404802,680144.5399999999,200868.06,0,281574.59,0.0,70397.37,0,0,127258.58,0,0,0.0,0,0,0,11117.237883959044,2247.4839590443685,4611.639931740614,4258.113993174062,1,1,2026-06-10 17:41:22.494414
NE-HV_AirDist-SupFanMtr-cDXOH-2SpClgHtg-VFDExMtr,None,Nrs,Ex,CZ15,cDXOH,0,Each,1.0,110998.73571404802,930634.2200000002,200868.06,0,281574.59,0.0,304558.28,0,0,143605.86,0,0,0.0,0,0,0,6082.151535836178,2247.4839590443685,769.3740614334471,3065.2935153583617,1,1,2026-06-10 17:41:22.494414
NE-HV_AirDist-SupFanMtr-cDXOH-2SpClgHtg-VFDPMMtr,None,Nrs,Ex,CZ15,cDXOH,0,Each,1.0,110998.73571404802,927265.5599999999,200868.06,0,281574.59,0.0,304036.6,0,0,140758.6,0,0,0.0,0,0,0,6082.582252559727,2247.4839590443685,769.0802047781569,3066.018088737201,1,1,2026-06-10 17:41:22.494414
NE-HV_AirDist-SupFanMtr-cDXOH-2SpClgHtg-VFDStdMtr,None,Nrs,Ex,CZ15,cDXOH,0,Each,1.0,110998.73571404802,929464.4,200868.06,0,281574.59,0.0,304356.64,0,0,142637.53,0,0,0.0,0,0,0,6079.077815699658,2247.4839590443685,766.6965870307167,3064.8972696245737,1,1,2026-06-10 17:41:22.494414
NE-HV_AirDist-SupFanMtr-cDXOH-2SpClgHtg-VFDExMtr,None,Nrs,Ex,CZ14,cDXOH,0,Each,1.0,110998.73571404802,772091.6100000001,200868.06,0,281574.59,0.0,164547.95,0,0,125070.65,0,0,0.0,0,0,0,8017.249488054607,2247.4839590443685,2019.587372013652,3750.178156996587,1,1,2026-06-10 17:41:22.494414
NE-HV_AirDist-SupFanMtr-cDXOH-2SpClgHtg-VFDPMMtr,None,Nrs,Ex,CZ14,cDXOH,0,Each,1.0,110998.73571404802,769120.29,200868.06,0,281574.59,0.0,164177.42,0,0,122469.69,0,0,0.0,0,0,0,8019.360068259385,2247.4839590443685,2022.790784982935,3749.085324232082,1,1,2026-06-10 17:41:22.494414
NE-HV_AirDist-SupFanMtr-cDXOH-2SpClgHtg-VFDStdMtr,None,Nrs,Ex,CZ14,cDXOH,0,Each,1.0,110998.73571404802,771076.9099999999,200868.06,0,281574.59,0.0,164343.77,0,0,124260.12,0,0,0.0,0,0,0,8008.425255972696,2247.4839590443685,2012.5013651877132,3748.439931740614,1,1,2026-06-10 17:41:22.494414
NE-HV_AirDist-SupFanMtr-cDXOH-2SpClgHtg-VFDExMtr,None,Nrs,Ex,CZ13,cDXOH,0,Each,1.0,110998.73571404802,778352.63,200868.06,0,281574.59,0.0,175242.12,0,0,120634.1,0,0,0.0,0,0,0,8236.355631399316,2247.4839590443685,2346.635836177474,3642.235836177474,1,1,2026-06-10 17:41:22.494414
NE-HV_AirDist-SupFanMtr-cDXOH-2SpClgHtg-VFDPMMtr,None,Nrs,Ex,CZ13,cDXOH,0,Each,1.0,110998.73571404802,775583.1000000001,200868.06,0,281574.59,0.0,174841.95,0,0,118264.86,0,0,0.0,0,0,0,8235.72832764505,2247.4839590443685,2346.4508532423206,3641.7935153583617,1,1,2026-06-10 17:41:22.494414
NE-HV_AirDist-SupFanMtr-cDXOH-2SpClgHtg-VFDStdMtr,None,Nrs,Ex,CZ13,cDXOH,0,Each,1.0,110998.73571404802,777517.2,200868.06,0,281574.59,0.0,175133.34,0,0,119907.39,0,0,0.0,0,0,0,8238.625255972695,2247.4839590443685,2349.4119453924914,3641.729351535836,1,1,2026-06-10 17:41:22.494414
NE-HV_AirDist-SupFanMtr-cDXOH-2SpClgHtg-VFDExMtr,None,Nrs,Ex,CZ12,cDXOH,0,Each,1.0,110998.73571404802,709036.33,200868.06,0,281574.59,0.0,119524.74,0,0,107036.84,0,0,0.0,0,0,0,8640.58327645051,2247.4839590443685,2491.6279863481227,3901.4713310580205,1,1,2026-06-10 17:41:22.494414
NE-HV_AirDist-SupFanMtr-cDXOH-2SpClgHtg-VFDPMMtr,None,Nrs,Ex,CZ12,cDXOH,0,Each,1.0,110998.73571404802,706497.5299999999,200868.06,0,281574.59,0.0,119218.81,0,0,104803.88,0,0,0.0,0,0,0,8641.212969283277,2247.4839590443685,2493.424914675768,3900.30409556314,1,1,2026-06-10 17:41:22.494414
NE-HV_AirDist-SupFanMtr-cDXOH-2SpClgHtg-VFDStdMtr,None,Nrs,Ex,CZ12,cDXOH,0,Each,1.0,110998.73571404802,708212.0700000001,200868.06,0,281574.59,0.0,119375.76,0,0,106361.54,0,0,0.0,0,0,0,8640.647781569965,2247.4839590443685,2490.976109215017,3902.1877133105804,1,1,2026-06-10 17:41:22.494414
NE-HV_AirDist-SupFanMtr-cDXOH-2SpClgHtg-VFDExMtr,None,Nrs,Ex,CZ11,cDXOH,0,Each,1.0,110998.73571404802,769663.6900000001,200868.06,0,281574.59,0.0,166802.17,0,0,120380.9,0,0,0.0,0,0,0,8741.812627986348,2247.4839590443685,2773.277133105802,3721.051535836177,1,1,2026-06-10 17:41:22.494414
NE-HV_AirDist-SupFanMtr-cDXOH-2SpClgHtg-VFDPMMtr,None,Nrs,Ex,CZ11,cDXOH,0,Each,1.0,110998.73571404802,766890.1599999999,200868.06,0,281574.59,0.0,166443.83,0,0,117965.44,0,0,0.0,0,0,0,8742.394539249146,2247.4839590443685,2774.51843003413,3720.3921501706486,1,1,2026-06-10 17:41:22.494414
NE-HV_AirDist-SupFanMtr-cDXOH-2SpClgHtg-VFDStdMtr,None,Nrs,Ex,CZ11,cDXOH,0,Each,1.0,110998.73571404802,768806.51,200868.06,0,281574.59,0.0,166710.42,0,0,119615.35,0,0,0.0,0,0,0,8745.635494880546,2247.4839590443685,2777.310580204778,3720.840955631399,1,1,2026-06-10 17:41:22.494414
NE-HV_AirDist-SupFanMtr-cDXOH-2SpClgHtg-VFDExMtr,None,Nrs,Ex,CZ10,cDXOH,0,Each,1.0,110998.73571404802,753181.1,200868.06,0,281574.59,0.0,159489.24,0,0,111222.59,0,0,0.0,0,0,0,6551.507167235493,2247.4839590443685,667.916723549488,3636.106484641638,1,1,2026-06-10 17:41:22.494414
NE-HV_AirDist-SupFanMtr-cDXOH-2SpClgHtg-VFDPMMtr,None,Nrs,Ex,CZ10,cDXOH,0,Each,1.0,110998.73571404802,750125.26,200868.06,0,281574.59,0.0,159058.2,0,0,108597.68,0,0,0.0,0,0,0,6549.294880546075,2247.4839590443685,666.6296928327645,3635.181228668942,1,1,2026-06-10 17:41:22.494414
NE-HV_AirDist-SupFanMtr-cDXOH-2SpClgHtg-VFDStdMtr,None,Nrs,Ex,CZ10,cDXOH,0,Each,1.0,110998.73571404802,752250.12,200868.06,0,281574.59,0.0,159333.89,0,0,110446.89,0,0,0.0,0,0,0,6550.645051194539,2247.4839590443685,667.7119453924914,3635.449146757679,1,1,2026-06-10 17:41:22.494414
NE-HV_AirDist-SupFanMtr-cDXOH-2SpClgHtg-VFDExMtr,None,Nrs,Ex,CZ09,cDXOH,0,Each,1.0,110998.73571404802,745001.4199999999,200868.06,0,281574.59,0.0,148660.82,0,0,113873.6,0,0,0.0,0,0,0,6839.806825938566,2247.4839590443685,913.5535836177473,3678.7692832764506,1,1,2026-06-10 17:41:22.494414
NE-HV_AirDist-SupFanMtr-cDXOH-2SpClgHtg-VFDPMMtr,None,Nrs,Ex,CZ09,cDXOH,0,Each,1.0,110998.73571404802,741898.24,200868.06,0,281574.59,0.0,148336.62,0,0,111094.51,0,0,0.0,0,0,0,6842.384982935154,2247.4839590443685,916.9897610921502,3677.9112627986347,1,1,2026-06-10 17:41:22.494414
NE-HV_AirDist-SupFanMtr-cDXOH-2SpClgHtg-VFDStdMtr,None,Nrs,Ex,CZ09,cDXOH,0,Each,1.0,110998.73571404802,744070.9700000001,200868.06,0,281574.59,0.0,148590.19,0,0,113013.55,0,0,0.0,0,0,0,6844.643686006826,2247.4839590443685,919.2467576791809,3677.9129692832767,1,1,2026-06-10 17:41:22.494414
NE-HV_AirDist-SupFanMtr-cDXOH-2SpClgHtg-VFDExMtr,None,Nrs,Ex,CZ08,cDXOH,0,Each,1.0,110998.73571404802,744822.36,200868.06,0,281574.59,0.0,152020.59,0,0,110330.62,0,0,0.0,0,0,0,6633.9726962457335,2247.4839590443685,738.3430034129693,3648.145733788396,1,1,2026-06-10 17:41:22.494414
NE-HV_AirDist-SupFanMtr-cDXOH-2SpClgHtg-VFDPMMtr,None,Nrs,Ex,CZ08,cDXOH,0,Each,1.0,110998.73571404802,741604.5,200868.06,0,281574.59,0.0,151501.0,0,0,107632.28,0,0,0.0,0,0,0,6626.066552901024,2247.4839590443685,730.8976109215016,3647.6849829351536,1,1,2026-06-10 17:41:22.494414
NE-HV_AirDist-SupFanMtr-cDXOH-2SpClgHtg-VFDStdMtr,None,Nrs,Ex,CZ08,cDXOH,0,Each,1.0,110998.73571404802,743725.03,200868.06,0,281574.59,0.0,151780.11,0,0,109473.82,0,0,0.0,0,0,0,6625.662457337884,2247.4839590443685,729.5600682593856,3648.6184300341297,1,1,2026-06-10 17:41:22.494414
NE-HV_AirDist-SupFanMtr-cDXOH-2SpClgHtg-VFDExMtr,None,Nrs,Ex,CZ07,cDXOH,0,Each,1.0,110998.73571404802,691694.5700000002,200868.06,0,281574.59,0.0,113638.7,0,0,95578.8,0,0,0.0,0,0,0,6348.364163822525,2247.4839590443685,362.47133105802044,3738.4088737201364,1,1,2026-06-10 17:41:22.494414
NE-HV_AirDist-SupFanMtr-cDXOH-2SpClgHtg-VFDPMMtr,None,Nrs,Ex,CZ07,cDXOH,0,Each,1.0,110998.73571404802,688720.9000000001,200868.06,0,281574.59,0.0,113311.47,0,0,92932.4,0,0,0.0,0,0,0,6351.443003412969,2247.4839590443685,366.1184300341297,3737.840614334471,1,1,2026-06-10 17:41:22.494414
NE-HV_AirDist-SupFanMtr-cDXOH-2SpClgHtg-VFDStdMtr,None,Nrs,Ex,CZ07,cDXOH,0,Each,1.0,110998.73571404802,690838.9800000001,200868.06,0,281574.59,0.0,113593.02,0,0,94768.64,0,0,0.0,0,0,0,6350.32252559727,2247.4839590443685,366.9863481228669,3735.852218430034,1,1,2026-06-10 17:41:22.494414
NE-HV_AirDist-SupFanMtr-cDXOH-2SpClgHtg-VFDExMtr,None,Nrs,Ex,CZ06,cDXOH,0,Each,1.0,110998.73571404802,693416.58,200868.06,0,281574.59,0.0,114286.35,0,0,96646.37,0,0,0.0,0,0,0,6602.211262798635,2247.4839590443685,588.9522184300341,3765.7750853242324,1,1,2026-06-10 17:41:22.494414
NE-HV_AirDist-SupFanMtr-cDXOH-2SpClgHtg-VFDPMMtr,None,Nrs,Ex,CZ06,cDXOH,0,Each,1.0,110998.73571404802,690519.83,200868.06,0,281574.59,0.0,114055.62,0,0,93979.61,0,0,0.0,0,0,0,6610.093515358361,2247.4839590443685,597.4600682593857,3765.1494880546074,1,1,2026-06-10 17:41:22.494414
NE-HV_AirDist-SupFanMtr-cDXOH-2SpClgHtg-VFDStdMtr,None,Nrs,Ex,CZ06,cDXOH,0,Each,1.0,110998.73571404802,692515.6799999999,200868.06,0,281574.59,0.0,114218.37,0,0,95813.33,0,0,0.0,0,0,0,6606.5795221843,2247.4839590443685,593.9071672354949,3765.188395904437,1,1,2026-06-10 17:41:22.494414
NE-HV_AirDist-SupFanMtr-cDXOH-2SpClgHtg-VFDExMtr,None,Nrs,Ex,CZ05,cDXOH,0,Each,1.0,110998.73571404802,637107.27,200868.06,0,281574.59,0.0,65593.92,0,0,89035.51,0,0,0.0,0,0,0,7608.433447098975,2247.4839590443685,1242.070989761092,4118.878498293515,1,1,2026-06-10 17:41:22.494414
NE-HV_AirDist-SupFanMtr-cDXOH-2SpClgHtg-VFDPMMtr,None,Nrs,Ex,CZ05,cDXOH,0,Each,1.0,110998.73571404802,634483.88,200868.06,0,281574.59,0.0,65401.99,0,0,86604.0,0,0,0.0,0,0,0,7609.853924914675,2247.4839590443685,1244.0116040955631,4118.358361774744,1,1,2026-06-10 17:41:22.494414
NE-HV_AirDist-SupFanMtr-cDXOH-2SpClgHtg-VFDStdMtr,None,Nrs,Ex,CZ05,cDXOH,0,Each,1.0,110998.73571404802,636338.1299999999,200868.06,0,281574.59,0.0,65539.54,0,0,88320.73,0,0,0.0,0,0,0,7607.89590443686,2247.4839590443685,1241.6798634812287,4118.732081911263,1,1,2026-06-10 17:41:22.494414
NE-HV_AirDist-SupFanMtr-cDXOH-2SpClgHtg-VFDExMtr,None,Nrs,Ex,CZ04,cDXOH,0,Each,1.0,110998.73571404802,710146.7700000001,200868.06,0,281574.59,0.0,120532.19,0,0,107140.16,0,0,0.0,0,0,0,8367.50204778157,2247.4839590443685,2164.874061433447,3955.1440273037542,1,1,2026-06-10 17:41:22.494414
NE-HV_AirDist-SupFanMtr-cDXOH-2SpClgHtg-VFDPMMtr,None,Nrs,Ex,CZ04,cDXOH,0,Each,1.0,110998.73571404802,707557.2200000001,200868.06,0,281574.59,0.0,120320.26,0,0,104762.29,0,0,0.0,0,0,0,8374.769624573379,2247.4839590443685,2172.801023890785,3954.484641638225,1,1,2026-06-10 17:41:22.494414
NE-HV_AirDist-SupFanMtr-cDXOH-2SpClgHtg-VFDStdMtr,None,Nrs,Ex,CZ04,cDXOH,0,Each,1.0,110998.73571404802,709339.9,200868.06,0,281574.59,0.0,120433.48,0,0,106432.04,0,0,0.0,0,0,0,8364.310921501707,2247.4839590443685,2162.948805460751,3953.878156996587,1,1,2026-06-10 17:41:22.494414
NE-HV_AirDist-SupFanMtr-cDXOH-2SpClgHtg-VFDExMtr,None,Nrs,Ex,CZ03,cDXOH,0,Each,1.0,110998.73571404802,623836.65,200868.06,0,281574.59,0.0,54931.83,0,0,86432.66,0,0,0.0,0,0,0,7843.810921501707,2247.4839590443685,1489.2269624573378,4107.099999999999,1,1,2026-06-10 17:41:22.494414
NE-HV_AirDist-SupFanMtr-cDXOH-2SpClgHtg-VFDPMMtr,None,Nrs,Ex,CZ03,cDXOH,0,Each,1.0,110998.73571404802,621252.3300000001,200868.06,0,281574.59,0.0,54751.7,0,0,84028.4,0,0,0.0,0,0,0,7843.91023890785,2247.4839590443685,1489.8778156996586,4106.548464163822,1,1,2026-06-10 17:41:22.494414
NE-HV_AirDist-SupFanMtr-cDXOH-2SpClgHtg-VFDStdMtr,None,Nrs,Ex,CZ03,cDXOH,0,Each,1.0,110998.73571404802,623089.78,200868.06,0,281574.59,0.0,54883.45,0,0,85734.11,0,0,0.0,0,0,0,7844.296587030717,2247.4839590443685,1490.2682593856655,4106.544368600683,1,1,2026-06-10 17:41:22.494414
NE-HV_AirDist-SupFanMtr-cDXOH-2SpClgHtg-VFDExMtr,None,Nrs,Ex,CZ02,cDXOH,0,Each,1.0,110998.73571404802,656615.44,200868.06,0,281574.59,0.0,78478.81,0,0,95662.12,0,0,0.0,0,0,0,8895.227986348122,2247.4839590443685,2512.229010238908,4135.515017064846,1,1,2026-06-10 17:41:22.494414
NE-HV_AirDist-SupFanMtr-cDXOH-2SpClgHtg-VFDPMMtr,None,Nrs,Ex,CZ02,cDXOH,0,Each,1.0,110998.73571404802,654204.2100000001,200868.06,0,281574.59,0.0,78278.67,0,0,93450.99,0,0,0.0,0,0,0,8894.227986348124,2247.4839590443685,2509.958703071672,4136.785324232082,1,1,2026-06-10 17:41:22.494414
NE-HV_AirDist-SupFanMtr-cDXOH-2SpClgHtg-VFDStdMtr,None,Nrs,Ex,CZ02,cDXOH,0,Each,1.0,110998.73571404802,655944.21,200868.06,0,281574.59,0.0,78408.78,0,0,95060.87,0,0,0.0,0,0,0,8894.84266211604,2247.4839590443685,2511.0819112627983,4136.276791808874,1,1,2026-06-10 17:41:22.494414
NE-HV_AirDist-SupFanMtr-cDXOH-2SpClgHtg-VFDExMtr,None,Nrs,Ex,CZ01,cDXOH,0,Each,1.0,110998.73571404802,584241.12,200868.06,0,281574.59,0.0,24462.17,0,0,77291.63,0,0,0.0,0,0,0,10369.11604095563,2247.4839590443685,3688.2822525597267,4433.349829351536,1,1,2026-06-10 17:41:22.494414
NE-HV_AirDist-SupFanMtr-cDXOH-2SpClgHtg-VFDPMMtr,None,Nrs,Ex,CZ01,cDXOH,0,Each,1.0,110998.73571404802,582590.78,200868.06,0,281574.59,0.0,24413.28,0,0,75690.04,0,0,0.0,0,0,0,10371.490443686009,2247.4839590443685,3691.526962457338,4432.4795221843,1,1,2026-06-10 17:41:22.494414
NE-HV_AirDist-SupFanMtr-cDXOH-2SpClgHtg-VFDStdMtr,None,Nrs,Ex,CZ01,cDXOH,0,Each,1.0,110998.73571404802,583818.5700000001,200868.06,0,281574.59,0.0,24445.86,0,0,76885.26,0,0,0.0,0,0,0,10369.320136518769,2247.4839590443685,3689.1706484641636,4432.665529010239,1,1,2026-06-10 17:41:22.494414
NE-HV_AirDist-SupFanMtr-cDXHP-2SpClgHtg-VFDExMtr,None,Nrs,Ex,CZ16,cDXHP,0,Each,1.0,110998.73571404802,677144.1800000002,200868.06,0,281574.59,10364.56,70602.41,0,0,113693.14,0,0,0.0,0,0,0,10828.644368600684,2247.4839590443685,4317.07337883959,4264.087030716723,1,1,2026-06-10 17:41:22.494414
NE-HV_AirDist-SupFanMtr-cDXHP-2SpClgHtg-VFDPMMtr,None,Nrs,Ex,CZ16,cDXHP,0,Each,1.0,110998.73571404802,674055.7200000002,200868.06,0,281574.59,10519.72,70367.0,0,0,110684.79,0,0,0.0,0,0,0,10827.13481228669,2247.4839590443685,4315.851194539249,4263.799658703072,1,1,2026-06-10 17:41:22.494414
NE-HV_AirDist-SupFanMtr-cDXHP-2SpClgHtg-VFDStdMtr,None,Nrs,Ex,CZ16,cDXHP,0,Each,1.0,110998.73571404802,676165.1799999999,200868.06,0,281574.59,10414.69,70492.69,0,0,112773.69,0,0,0.0,0,0,0,10824.28122866894,2247.4839590443685,4312.978156996587,4263.819112627986,1,1,2026-06-10 17:41:22.494414
NE-HV_AirDist-SupFanMtr-cDXHP-2SpClgHtg-VFDExMtr,None,Nrs,Ex,CZ15,cDXHP,0,Each,1.0,110998.73571404802,934012.2400000001,200868.06,0,281574.59,630.72,305358.26,0,0,145555.6,0,0,0.0,0,0,0,5975.36109215017,2247.4839590443685,663.8959044368601,3063.9812286689416,1,1,2026-06-10 17:41:22.494414
NE-HV_AirDist-SupFanMtr-cDXHP-2SpClgHtg-VFDPMMtr,None,Nrs,Ex,CZ15,cDXHP,0,Each,1.0,110998.73571404802,930615.0100000001,200868.06,0,281574.59,647.01,304768.99,0,0,142731.27,0,0,0.0,0,0,0,5972.853583617747,2247.4839590443685,662.6726962457338,3062.6969283276453,1,1,2026-06-10 17:41:22.494414
NE-HV_AirDist-SupFanMtr-cDXHP-2SpClgHtg-VFDStdMtr,None,Nrs,Ex,CZ15,cDXHP,0,Each,1.0,110998.73571404802,932927.8500000001,200868.06,0,281574.59,635.6,305176.08,0,0,144648.37,0,0,0.0,0,0,0,5978.346416382252,2247.4839590443685,666.901023890785,3063.9614334470994,1,1,2026-06-10 17:41:22.494414
NE-HV_AirDist-SupFanMtr-cDXHP-2SpClgHtg-VFDExMtr,None,Nrs,Ex,CZ14,cDXHP,0,Each,1.0,110998.73571404802,773067.21,200868.06,0,281574.59,4955.14,165507.37,0,0,120133.46,0,0,0.0,0,0,0,7857.227645051195,2247.4839590443685,1858.6266211604095,3751.1170648464163,1,1,2026-06-10 17:41:22.494414
NE-HV_AirDist-SupFanMtr-cDXHP-2SpClgHtg-VFDPMMtr,None,Nrs,Ex,CZ14,cDXHP,0,Each,1.0,110998.73571404802,769818.9199999999,200868.06,0,281574.59,5029.11,165083.87,0,0,117234.84,0,0,0.0,0,0,0,7855.40819112628,2247.4839590443685,1855.4747440273038,3752.4494880546076,1,1,2026-06-10 17:41:22.494414
NE-HV_AirDist-SupFanMtr-cDXHP-2SpClgHtg-VFDStdMtr,None,Nrs,Ex,CZ14,cDXHP,0,Each,1.0,110998.73571404802,772057.9500000002,200868.06,0,281574.59,4978.82,165362.4,0,0,119245.57,0,0,0.0,0,0,0,7853.226279863481,2247.4839590443685,1855.454266211604,3750.2880546075085,1,1,2026-06-10 17:41:22.494414
NE-HV_AirDist-SupFanMtr-cDXHP-2SpClgHtg-VFDExMtr,None,Nrs,Ex,CZ13,cDXHP,0,Each,1.0,110998.73571404802,777169.0000000001,200868.06,0,281574.59,4510.08,175570.85,0,0,114615.11,0,0,0.0,0,0,0,8000.924232081911,2247.4839590443685,2110.6402730375426,3642.7999999999997,1,1,2026-06-10 17:41:22.494414
NE-HV_AirDist-SupFanMtr-cDXHP-2SpClgHtg-VFDPMMtr,None,Nrs,Ex,CZ13,cDXHP,0,Each,1.0,110998.73571404802,774270.93,200868.06,0,281574.59,4591.04,175279.48,0,0,111927.41,0,0,0.0,0,0,0,8007.039931740614,2247.4839590443685,2117.2907849829353,3642.2651877133103,1,1,2026-06-10 17:41:22.494414
NE-HV_AirDist-SupFanMtr-cDXHP-2SpClgHtg-VFDStdMtr,None,Nrs,Ex,CZ13,cDXHP,0,Each,1.0,110998.73571404802,776230.26,200868.06,0,281574.59,4534.37,175467.66,0,0,113755.28,0,0,0.0,0,0,0,8000.0750853242325,2247.4839590443685,2110.659726962457,3641.931399317406,1,1,2026-06-10 17:41:22.494414
NE-HV_AirDist-SupFanMtr-cDXHP-2SpClgHtg-VFDExMtr,None,Nrs,Ex,CZ12,cDXHP,0,Each,1.0,110998.73571404802,707461.3200000002,200868.06,0,281574.59,5307.02,119965.96,0,0,99715.89,0,0,0.0,0,0,0,8436.903071672356,2247.4839590443685,2286.554266211604,3902.864846416382,1,1,2026-06-10 17:41:22.494414
NE-HV_AirDist-SupFanMtr-cDXHP-2SpClgHtg-VFDPMMtr,None,Nrs,Ex,CZ12,cDXHP,0,Each,1.0,110998.73571404802,704651.7999999999,200868.06,0,281574.59,5382.31,119675.51,0,0,97121.61,0,0,0.0,0,0,0,8437.416723549488,2247.4839590443685,2285.8044368600686,3904.1283276450513,1,1,2026-06-10 17:41:22.494414
NE-HV_AirDist-SupFanMtr-cDXHP-2SpClgHtg-VFDStdMtr,None,Nrs,Ex,CZ12,cDXHP,0,Each,1.0,110998.73571404802,706604.81,200868.06,0,281574.59,5319.12,119904.75,0,0,98908.55,0,0,0.0,0,0,0,8436.304778156995,2247.4839590443685,2284.3484641638224,3904.4723549488053,1,1,2026-06-10 17:41:22.494414
NE-HV_AirDist-SupFanMtr-cDXHP-2SpClgHtg-VFDExMtr,None,Nrs,Ex,CZ11,cDXHP,0,Each,1.0,110998.73571404802,768748.3700000001,200868.06,0,281574.59,5475.2,167234.93,0,0,113561.06,0,0,0.0,0,0,0,8509.255290102388,2247.4839590443685,2537.2348122866892,3724.536518771331,1,1,2026-06-10 17:41:22.494414
NE-HV_AirDist-SupFanMtr-cDXHP-2SpClgHtg-VFDPMMtr,None,Nrs,Ex,CZ11,cDXHP,0,Each,1.0,110998.73571404802,765696.8500000001,200868.06,0,281574.59,5576.05,166857.57,0,0,110786.04,0,0,0.0,0,0,0,8512.818771331058,2247.4839590443685,2540.1631399317407,3725.171672354949,1,1,2026-06-10 17:41:22.494414
NE-HV_AirDist-SupFanMtr-cDXHP-2SpClgHtg-VFDStdMtr,None,Nrs,Ex,CZ11,cDXHP,0,Each,1.0,110998.73571404802,767798.99,200868.06,0,281574.59,5508.37,167159.25,0,0,112654.01,0,0,0.0,0,0,0,8518.006484641639,2247.4839590443685,2545.301023890785,3725.2215017064846,1,1,2026-06-10 17:41:22.494414
NE-HV_AirDist-SupFanMtr-cDXHP-2SpClgHtg-VFDExMtr,None,Nrs,Ex,CZ10,cDXHP,0,Each,1.0,110998.73571404802,754698.42,200868.06,0,281574.59,1479.05,160305.6,0,0,110445.3,0,0,0.0,0,0,0,6507.264846416381,2247.4839590443685,626.2262798634812,3633.554607508532,1,1,2026-06-10 17:41:22.494414
NE-HV_AirDist-SupFanMtr-cDXHP-2SpClgHtg-VFDPMMtr,None,Nrs,Ex,CZ10,cDXHP,0,Each,1.0,110998.73571404802,751554.85,200868.06,0,281574.59,1512.93,159953.2,0,0,107620.09,0,0,0.0,0,0,0,6511.509556313992,2247.4839590443685,631.3645051194538,3632.6610921501706,1,1,2026-06-10 17:41:22.494414
NE-HV_AirDist-SupFanMtr-cDXHP-2SpClgHtg-VFDStdMtr,None,Nrs,Ex,CZ10,cDXHP,0,Each,1.0,110998.73571404802,753726.3,200868.06,0,281574.59,1489.54,160200.37,0,0,109567.83,0,0,0.0,0,0,0,6506.315358361774,2247.4839590443685,625.1726962457338,3633.6587030716723,1,1,2026-06-10 17:41:22.494414
NE-HV_AirDist-SupFanMtr-cDXHP-2SpClgHtg-VFDExMtr,None,Nrs,Ex,CZ09,cDXHP,0,Each,1.0,110998.73571404802,746920.3000000002,200868.06,0,281574.59,1403.9,149896.04,0,0,113154.28,0,0,0.0,0,0,0,6798.7375426621165,2247.4839590443685,873.6668941979522,3677.5866894197948,1,1,2026-06-10 17:41:22.494414
NE-HV_AirDist-SupFanMtr-cDXHP-2SpClgHtg-VFDPMMtr,None,Nrs,Ex,CZ09,cDXHP,0,Each,1.0,110998.73571404802,743678.8700000001,200868.06,0,281574.59,1436.48,149511.92,0,0,110264.27,0,0,0.0,0,0,0,6802.079863481228,2247.4839590443685,876.29180887372,3678.30409556314,1,1,2026-06-10 17:41:22.494414
NE-HV_AirDist-SupFanMtr-cDXHP-2SpClgHtg-VFDStdMtr,None,Nrs,Ex,CZ09,cDXHP,0,Each,1.0,110998.73571404802,745827.88,200868.06,0,281574.59,1413.29,149701.23,0,0,112247.01,0,0,0.0,0,0,0,6791.83071672355,2247.4839590443685,867.2266211604095,3677.1201365187712,1,1,2026-06-10 17:41:22.494414
NE-HV_AirDist-SupFanMtr-cDXHP-2SpClgHtg-VFDExMtr,None,Nrs,Ex,CZ08,cDXHP,0,Each,1.0,110998.73571404802,746754.54,200868.06,0,281574.59,1040.97,153136.88,0,0,110106.0,0,0,0.0,0,0,0,6599.941638225256,2247.4839590443685,706.334470989761,3646.123208191126,1,1,2026-06-10 17:41:22.494414
NE-HV_AirDist-SupFanMtr-cDXHP-2SpClgHtg-VFDPMMtr,None,Nrs,Ex,CZ08,cDXHP,0,Each,1.0,110998.73571404802,743604.24,200868.06,0,281574.59,1067.89,152746.66,0,0,107318.91,0,0,0.0,0,0,0,6600.826962457337,2247.4839590443685,707.9549488054608,3645.3880546075084,1,1,2026-06-10 17:41:22.494414
NE-HV_AirDist-SupFanMtr-cDXHP-2SpClgHtg-VFDStdMtr,None,Nrs,Ex,CZ08,cDXHP,0,Each,1.0,110998.73571404802,745735.89,200868.06,0,281574.59,1048.94,153013.68,0,0,109202.44,0,0,0.0,0,0,0,6600.261433447099,2247.4839590443685,706.0921501706484,3646.685324232082,1,1,2026-06-10 17:41:22.494414
NE-HV_AirDist-SupFanMtr-cDXHP-2SpClgHtg-VFDExMtr,None,Nrs,Ex,CZ07,cDXHP,0,Each,1.0,110998.73571404802,691942.92,200868.06,0,281574.59,458.39,113830.11,0,0,95177.5,0,0,0.0,0,0,0,6343.115017064846,2247.4839590443685,357.72218430034127,3737.9088737201364,1,1,2026-06-10 17:41:22.494414
NE-HV_AirDist-SupFanMtr-cDXHP-2SpClgHtg-VFDPMMtr,None,Nrs,Ex,CZ07,cDXHP,0,Each,1.0,110998.73571404802,688909.58,200868.06,0,281574.59,474.89,113461.63,0,0,92495.97,0,0,0.0,0,0,0,6342.4631399317395,2247.4839590443685,358.0344709897611,3736.9447098976107,1,1,2026-06-10 17:41:22.494414
NE-HV_AirDist-SupFanMtr-cDXHP-2SpClgHtg-VFDStdMtr,None,Nrs,Ex,CZ07,cDXHP,0,Each,1.0,110998.73571404802,691071.35,200868.06,0,281574.59,462.36,113751.67,0,0,94380.25,0,0,0.0,0,0,0,6343.273037542663,2247.4839590443685,357.1440273037542,3738.645051194539,1,1,2026-06-10 17:41:22.494414
NE-HV_AirDist-SupFanMtr-cDXHP-2SpClgHtg-VFDExMtr,None,Nrs,Ex,CZ06,cDXHP,0,Each,1.0,110998.73571404802,693346.4700000001,200868.06,0,281574.59,632.35,114412.08,0,0,95818.13,0,0,0.0,0,0,0,6592.775085324231,2247.4839590443685,578.934470989761,3766.3566552901025,1,1,2026-06-10 17:41:22.494414
NE-HV_AirDist-SupFanMtr-cDXHP-2SpClgHtg-VFDPMMtr,None,Nrs,Ex,CZ06,cDXHP,0,Each,1.0,110998.73571404802,690289.5200000001,200868.06,0,281574.59,651.0,114015.47,0,0,93139.32,0,0,0.0,0,0,0,6592.069965870307,2247.4839590443685,578.0965870307167,3766.4894197952217,1,1,2026-06-10 17:41:22.494414
NE-HV_AirDist-SupFanMtr-cDXHP-2SpClgHtg-VFDStdMtr,None,Nrs,Ex,CZ06,cDXHP,0,Each,1.0,110998.73571404802,692368.6100000001,200868.06,0,281574.59,637.81,114261.15,0,0,94985.66,0,0,0.0,0,0,0,6591.7020477815695,2247.4839590443685,577.8450511945392,3766.3730375426617,1,1,2026-06-10 17:41:22.494414
NE-HV_AirDist-SupFanMtr-cDXHP-2SpClgHtg-VFDExMtr,None,Nrs,Ex,CZ05,cDXHP,0,Each,1.0,110998.73571404802,635782.4600000001,200868.06,0,281574.59,3269.04,65967.91,0,0,84068.46,0,0,0.0,0,0,0,7524.066894197952,2247.4839590443685,1157.71023890785,4118.872696245734,1,1,2026-06-10 17:41:22.494414
NE-HV_AirDist-SupFanMtr-cDXHP-2SpClgHtg-VFDPMMtr,None,Nrs,Ex,CZ05,cDXHP,0,Each,1.0,110998.73571404802,632854.6500000001,200868.06,0,281574.59,3331.89,65729.56,0,0,81316.24,0,0,0.0,0,0,0,7522.124232081911,2247.4839590443685,1155.2211604095564,4119.419112627986,1,1,2026-06-10 17:41:22.494414
NE-HV_AirDist-SupFanMtr-cDXHP-2SpClgHtg-VFDStdMtr,None,Nrs,Ex,CZ05,cDXHP,0,Each,1.0,110998.73571404802,634850.0700000001,200868.06,0,281574.59,3287.55,65858.87,0,0,83226.76,0,0,0.0,0,0,0,7521.910580204777,2247.4839590443685,1155.5232081911263,4118.903412969283,1,1,2026-06-10 17:41:22.494414
NE-HV_AirDist-SupFanMtr-cDXHP-2SpClgHtg-VFDExMtr,None,Nrs,Ex,CZ04,cDXHP,0,Each,1.0,110998.73571404802,709513.3600000001,200868.06,0,281574.59,5111.34,121123.63,0,0,100805.49,0,0,0.0,0,0,0,8191.348805460751,2247.4839590443685,1993.249146757679,3950.615699658703,1,1,2026-06-10 17:41:22.494414
NE-HV_AirDist-SupFanMtr-cDXHP-2SpClgHtg-VFDPMMtr,None,Nrs,Ex,CZ04,cDXHP,0,Each,1.0,110998.73571404802,706701.67,200868.06,0,281574.59,5189.83,120886.33,0,0,98152.4,0,0,0.0,0,0,0,8196.098634812286,2247.4839590443685,1997.425255972696,3951.189419795222,1,1,2026-06-10 17:41:22.494414
NE-HV_AirDist-SupFanMtr-cDXHP-2SpClgHtg-VFDStdMtr,None,Nrs,Ex,CZ04,cDXHP,0,Each,1.0,110998.73571404802,708780.84,200868.06,0,281574.59,5137.14,121134.76,0,0,100035.84,0,0,0.0,0,0,0,8200.545051194538,2247.4839590443685,2001.99795221843,3951.0631399317404,1,1,2026-06-10 17:41:22.494414
NE-HV_AirDist-SupFanMtr-cDXHP-2SpClgHtg-VFDExMtr,None,Nrs,Ex,CZ03,cDXHP,0,Each,1.0,110998.73571404802,621939.6099999999,200868.06,0,281574.59,3221.74,55031.29,0,0,81215.45,0,0,0.0,0,0,0,7753.129351535836,2247.4839590443685,1397.2488054607509,4108.396587030717,1,1,2026-06-10 17:41:22.494414
NE-HV_AirDist-SupFanMtr-cDXHP-2SpClgHtg-VFDPMMtr,None,Nrs,Ex,CZ03,cDXHP,0,Each,1.0,110998.73571404802,619143.8300000001,200868.06,0,281574.59,3285.62,54857.39,0,0,78529.68,0,0,0.0,0,0,0,7754.2880546075085,2247.4839590443685,1398.4242320819112,4108.379863481228,1,1,2026-06-10 17:41:22.494414
NE-HV_AirDist-SupFanMtr-cDXHP-2SpClgHtg-VFDStdMtr,None,Nrs,Ex,CZ03,cDXHP,0,Each,1.0,110998.73571404802,621126.0900000001,200868.06,0,281574.59,3240.66,54978.79,0,0,80435.45,0,0,0.0,0,0,0,7753.703071672355,2247.4839590443685,1398.0235494880544,4108.195563139931,1,1,2026-06-10 17:41:22.494414
NE-HV_AirDist-SupFanMtr-cDXHP-2SpClgHtg-VFDExMtr,None,Nrs,Ex,CZ02,cDXHP,0,Each,1.0,110998.73571404802,654902.05,200868.06,0,281574.59,5854.47,79155.32,0,0,87419.57,0,0,0.0,0,0,0,8708.967235494882,2247.4839590443685,2321.2068259385665,4140.276450511946,1,1,2026-06-10 17:41:22.494414
NE-HV_AirDist-SupFanMtr-cDXHP-2SpClgHtg-VFDPMMtr,None,Nrs,Ex,CZ02,cDXHP,0,Each,1.0,110998.73571404802,652115.98,200868.06,0,281574.59,5950.81,78920.58,0,0,84771.98,0,0,0.0,0,0,0,8708.672013651876,2247.4839590443685,2320.61433447099,4140.573720136518,1,1,2026-06-10 17:41:22.494414
NE-HV_AirDist-SupFanMtr-cDXHP-2SpClgHtg-VFDStdMtr,None,Nrs,Ex,CZ02,cDXHP,0,Each,1.0,110998.73571404802,653988.67,200868.06,0,281574.59,5864.91,79037.11,0,0,86614.05,0,0,0.0,0,0,0,8704.18566552901,2247.4839590443685,2317.0341296928327,4139.667576791809,1,1,2026-06-10 17:41:22.494414
NE-HV_AirDist-SupFanMtr-cDXHP-2SpClgHtg-VFDExMtr,None,Nrs,Ex,CZ01,cDXHP,0,Each,1.0,110998.73571404802,580460.62,200868.06,0,281574.59,8011.96,24441.55,0,0,65522.11,0,0,0.0,0,0,0,10053.810921501707,2247.4839590443685,3371.4160409556316,4434.910921501706,1,1,2026-06-10 17:41:22.494414
NE-HV_AirDist-SupFanMtr-cDXHP-2SpClgHtg-VFDPMMtr,None,Nrs,Ex,CZ01,cDXHP,0,Each,1.0,110998.73571404802,578262.8400000001,200868.06,0,281574.59,8136.15,24399.46,0,0,63242.17,0,0,0.0,0,0,0,10056.02081911263,2247.4839590443685,3373.311604095563,4435.225255972697,1,1,2026-06-10 17:41:22.494414
NE-HV_AirDist-SupFanMtr-cDXHP-2SpClgHtg-VFDStdMtr,None,Nrs,Ex,CZ01,cDXHP,0,Each,1.0,110998.73571404802,579912.86,200868.06,0,281574.59,8048.72,24466.16,0,0,64912.89,0,0,0.0,0,0,0,10056.062457337885,2247.4839590443685,3373.560750853242,4435.017747440273,1,1,2026-06-10 17:41:22.494414
NE-HV_AirDist-SupFanMtr-cDXGF-2SpClgHtg-VFDExMtr,None,Nrs,Ex,CZ16,cDXGF,0,Each,1.0,110998.73571404802,666788.1799999999,200868.06,0,281574.59,0.0,70702.31,0,0,113601.7,0,0,0.0,0,0,0,13044.97167235495,2247.4839590443685,6534.630375426622,4262.857337883959,1,1,2026-06-10 17:41:22.494414
NE-HV_AirDist-SupFanMtr-cDXGF-2SpClgHtg-VFDPMMtr,None,Nrs,Ex,CZ16,cDXGF,0,Each,1.0,110998.73571404802,663533.4400000001,200868.06,0,281574.59,0.0,70488.63,0,0,110560.82,0,0,0.0,0,0,0,13085.942320819111,2247.4839590443685,6573.648464163823,4264.809897610921,1,1,2026-06-10 17:41:22.494414
NE-HV_AirDist-SupFanMtr-cDXGF-2SpClgHtg-VFDStdMtr,None,Nrs,Ex,CZ16,cDXGF,0,Each,1.0,110998.73571404802,665780.5000000001,200868.06,0,281574.59,0.0,70636.47,0,0,112659.88,0,0,0.0,0,0,0,13057.93242320819,2247.4839590443685,6547.072354948806,4263.376109215017,1,1,2026-06-10 17:41:22.494414
NE-HV_AirDist-SupFanMtr-cDXGF-2SpClgHtg-VFDExMtr,None,Nrs,Ex,CZ15,cDXGF,0,Each,1.0,110998.73571404802,929614.9600000001,200868.06,0,281574.59,0.0,304650.73,0,0,142494.24,0,0,0.0,0,0,0,6230.180546075086,2247.4839590443685,916.3665529010239,3066.3300341296926,1,1,2026-06-10 17:41:22.494414
NE-HV_AirDist-SupFanMtr-cDXGF-2SpClgHtg-VFDPMMtr,None,Nrs,Ex,CZ15,cDXGF,0,Each,1.0,110998.73571404802,926085.04,200868.06,0,281574.59,0.0,304012.83,0,0,139602.27,0,0,0.0,0,0,0,6227.365870307167,2247.4839590443685,914.69385665529,3065.188054607508,1,1,2026-06-10 17:41:22.494414
NE-HV_AirDist-SupFanMtr-cDXGF-2SpClgHtg-VFDStdMtr,None,Nrs,Ex,CZ15,cDXGF,0,Each,1.0,110998.73571404802,928356.51,200868.06,0,281574.59,0.0,304344.37,0,0,141542.03,0,0,0.0,0,0,0,6219.90204778157,2247.4839590443685,906.1242320819111,3066.2938566552903,1,1,2026-06-10 17:41:22.494414
NE-HV_AirDist-SupFanMtr-cDXGF-2SpClgHtg-VFDExMtr,None,Nrs,Ex,CZ14,cDXGF,0,Each,1.0,110998.73571404802,765423.07,200868.06,0,281574.59,0.0,164792.56,0,0,118158.79,0,0,0.0,0,0,0,8986.820477815698,2247.4839590443685,2985.3604095563137,3753.976109215017,1,1,2026-06-10 17:41:22.494414
NE-HV_AirDist-SupFanMtr-cDXGF-2SpClgHtg-VFDPMMtr,None,Nrs,Ex,CZ14,cDXGF,0,Each,1.0,110998.73571404802,762066.03,200868.06,0,281574.59,0.0,164389.74,0,0,115204.62,0,0,0.0,0,0,0,9001.620477815699,2247.4839590443685,3000.30819112628,3753.828327645051,1,1,2026-06-10 17:41:22.494414
NE-HV_AirDist-SupFanMtr-cDXGF-2SpClgHtg-VFDStdMtr,None,Nrs,Ex,CZ14,cDXGF,0,Each,1.0,110998.73571404802,764323.5100000001,200868.06,0,281574.59,0.0,164616.66,0,0,117235.16,0,0,0.0,0,0,0,8985.053583617748,2247.4839590443685,2984.7334470989763,3752.836177474403,1,1,2026-06-10 17:41:22.494414
NE-HV_AirDist-SupFanMtr-cDXGF-2SpClgHtg-VFDExMtr,None,Nrs,Ex,CZ13,cDXGF,0,Each,1.0,110998.73571404802,771011.15,200868.06,0,281574.59,0.0,175338.79,0,0,113198.03,0,0,0.0,0,0,0,9144.030034129692,2247.4839590443685,3250.3993174061434,3646.146757679181,1,1,2026-06-10 17:41:22.494414
NE-HV_AirDist-SupFanMtr-cDXGF-2SpClgHtg-VFDPMMtr,None,Nrs,Ex,CZ13,cDXGF,0,Each,1.0,110998.73571404802,767979.4299999999,200868.06,0,281574.59,0.0,175028.86,0,0,110476.08,0,0,0.0,0,0,0,9168.412969283276,2247.4839590443685,3275.362457337884,3645.566552901024,1,1,2026-06-10 17:41:22.494414
NE-HV_AirDist-SupFanMtr-cDXGF-2SpClgHtg-VFDStdMtr,None,Nrs,Ex,CZ13,cDXGF,0,Each,1.0,110998.73571404802,770099.95,200868.06,0,281574.59,0.0,175288.02,0,0,112337.47,0,0,0.0,0,0,0,9158.668259385664,2247.4839590443685,3263.053242320819,3648.131058020478,1,1,2026-06-10 17:41:22.494414
NE-HV_AirDist-SupFanMtr-cDXGF-2SpClgHtg-VFDExMtr,None,Nrs,Ex,CZ12,cDXGF,0,Each,1.0,110998.73571404802,700946.76,200868.06,0,281574.59,0.0,119675.02,0,0,98798.76,0,0,0.0,0,0,0,9726.333447098976,2247.4839590443685,3574.335836177474,3904.513651877133,1,1,2026-06-10 17:41:22.494414
NE-HV_AirDist-SupFanMtr-cDXGF-2SpClgHtg-VFDPMMtr,None,Nrs,Ex,CZ12,cDXGF,0,Each,1.0,110998.73571404802,698041.8200000001,200868.06,0,281574.59,0.0,119409.27,0,0,96159.59,0,0,0.0,0,0,0,9747.230034129692,2247.4839590443685,3594.6699658703074,3905.076109215017,1,1,2026-06-10 17:41:22.494414
NE-HV_AirDist-SupFanMtr-cDXGF-2SpClgHtg-VFDStdMtr,None,Nrs,Ex,CZ12,cDXGF,0,Each,1.0,110998.73571404802,700052.78,200868.06,0,281574.59,0.0,119595.98,0,0,97983.77,0,0,0.0,0,0,0,9729.460750853243,2247.4839590443685,3577.7849829351535,3904.19180887372,1,1,2026-06-10 17:41:22.494414
NE-HV_AirDist-SupFanMtr-cDXGF-2SpClgHtg-VFDExMtr,None,Nrs,Ex,CZ11,cDXGF,0,Each,1.0,110998.73571404802,761356.09,200868.06,0,281574.59,0.0,167029.81,0,0,111847.86,0,0,0.0,0,0,0,9857.280887372013,2247.4839590443685,3881.347440273037,3728.4494880546076,1,1,2026-06-10 17:41:22.494414
NE-HV_AirDist-SupFanMtr-cDXGF-2SpClgHtg-VFDPMMtr,None,Nrs,Ex,CZ11,cDXGF,0,Each,1.0,110998.73571404802,758203.03,200868.06,0,281574.59,0.0,166691.3,0,0,109033.31,0,0,0.0,0,0,0,9882.694539249147,2247.4839590443685,3906.6505119453923,3728.5600682593854,1,1,2026-06-10 17:41:22.494414
NE-HV_AirDist-SupFanMtr-cDXGF-2SpClgHtg-VFDStdMtr,None,Nrs,Ex,CZ11,cDXGF,0,Each,1.0,110998.73571404802,760400.5400000002,200868.06,0,281574.59,0.0,166949.97,0,0,110971.99,0,0,0.0,0,0,0,9869.102730375427,2247.4839590443685,3894.397610921502,3727.2211604095564,1,1,2026-06-10 17:41:22.494414
NE-HV_AirDist-SupFanMtr-cDXGF-2SpClgHtg-VFDExMtr,None,Nrs,Ex,CZ10,cDXGF,0,Each,1.0,110998.73571404802,750852.21,200868.06,0,281574.59,0.0,159645.81,0,0,108737.56,0,0,0.0,0,0,0,6884.833105802047,2247.4839590443685,1000.7259385665529,3636.623208191126,1,1,2026-06-10 17:41:22.494414
NE-HV_AirDist-SupFanMtr-cDXGF-2SpClgHtg-VFDPMMtr,None,Nrs,Ex,CZ10,cDXGF,0,Each,1.0,110998.73571404802,747517.83,200868.06,0,281574.59,0.0,159113.31,0,0,105935.61,0,0,0.0,0,0,0,6885.94880546075,2247.4839590443685,1002.4460750853242,3636.018771331058,1,1,2026-06-10 17:41:22.494414
NE-HV_AirDist-SupFanMtr-cDXGF-2SpClgHtg-VFDStdMtr,None,Nrs,Ex,CZ10,cDXGF,0,Each,1.0,110998.73571404802,749765.73,200868.06,0,281574.59,0.0,159446.09,0,0,107850.73,0,0,0.0,0,0,0,6884.682935153584,2247.4839590443685,1001.5566552901024,3635.6423208191127,1,1,2026-06-10 17:41:22.494414
NE-HV_AirDist-SupFanMtr-cDXGF-2SpClgHtg-VFDExMtr,None,Nrs,Ex,CZ09,cDXGF,0,Each,1.0,110998.73571404802,742805.38,200868.06,0,281574.59,0.0,148833.14,0,0,111505.75,0,0,0.0,0,0,0,7152.3805460750855,2247.4839590443685,1225.5829351535835,3679.313651877133,1,1,2026-06-10 17:41:22.494414
NE-HV_AirDist-SupFanMtr-cDXGF-2SpClgHtg-VFDPMMtr,None,Nrs,Ex,CZ09,cDXGF,0,Each,1.0,110998.73571404802,739367.7500000001,200868.06,0,281574.59,0.0,148358.69,0,0,108542.62,0,0,0.0,0,0,0,7155.274744027303,2247.4839590443685,1227.266894197952,3680.523890784983,1,1,2026-06-10 17:41:22.494414
NE-HV_AirDist-SupFanMtr-cDXGF-2SpClgHtg-VFDStdMtr,None,Nrs,Ex,CZ09,cDXGF,0,Each,1.0,110998.73571404802,741611.2500000001,200868.06,0,281574.59,0.0,148633.91,0,0,110511.14,0,0,0.0,0,0,0,7152.804436860068,2247.4839590443685,1224.9068259385665,3680.413651877133,1,1,2026-06-10 17:41:22.494414
NE-HV_AirDist-SupFanMtr-cDXGF-2SpClgHtg-VFDExMtr,None,Nrs,Ex,CZ08,cDXGF,0,Each,1.0,110998.73571404802,743051.75,200868.06,0,281574.59,0.0,152066.4,0,0,108514.38,0,0,0.0,0,0,0,6866.434129692832,2247.4839590443685,969.7235494880547,3649.226621160409,1,1,2026-06-10 17:41:22.494414
NE-HV_AirDist-SupFanMtr-cDXGF-2SpClgHtg-VFDPMMtr,None,Nrs,Ex,CZ08,cDXGF,0,Each,1.0,110998.73571404802,739722.2600000001,200868.06,0,281574.59,0.0,151587.2,0,0,105664.26,0,0,0.0,0,0,0,6869.095221843003,2247.4839590443685,971.8706484641639,3649.7406143344706,1,1,2026-06-10 17:41:22.494414
NE-HV_AirDist-SupFanMtr-cDXGF-2SpClgHtg-VFDStdMtr,None,Nrs,Ex,CZ08,cDXGF,0,Each,1.0,110998.73571404802,742003.29,200868.06,0,281574.59,0.0,151943.37,0,0,107588.82,0,0,0.0,0,0,0,6873.400341296929,2247.4839590443685,976.6494880546076,3649.2668941979523,1,1,2026-06-10 17:41:22.494414
NE-HV_AirDist-SupFanMtr-cDXGF-2SpClgHtg-VFDExMtr,None,Nrs,Ex,CZ07,cDXGF,0,Each,1.0,110998.73571404802,690934.4600000001,200868.06,0,281574.59,0.0,113722.02,0,0,94735.51,0,0,0.0,0,0,0,6461.308191126281,2247.4839590443685,475.39795221843,3738.4262798634813,1,1,2026-06-10 17:41:22.494414
NE-HV_AirDist-SupFanMtr-cDXGF-2SpClgHtg-VFDPMMtr,None,Nrs,Ex,CZ07,cDXGF,0,Each,1.0,110998.73571404802,687879.9199999999,200868.06,0,281574.59,0.0,113344.79,0,0,92058.11,0,0,0.0,0,0,0,6461.436518771331,2247.4839590443685,476.2645051194539,3737.688054607508,1,1,2026-06-10 17:41:22.494414
NE-HV_AirDist-SupFanMtr-cDXGF-2SpClgHtg-VFDStdMtr,None,Nrs,Ex,CZ07,cDXGF,0,Each,1.0,110998.73571404802,690053.9100000001,200868.06,0,281574.59,0.0,113624.19,0,0,93952.64,0,0,0.0,0,0,0,6457.396928327645,2247.4839590443685,473.8887372013652,3736.024232081911,1,1,2026-06-10 17:41:22.494414
NE-HV_AirDist-SupFanMtr-cDXGF-2SpClgHtg-VFDExMtr,None,Nrs,Ex,CZ06,cDXGF,0,Each,1.0,110998.73571404802,692497.2699999999,200868.06,0,281574.59,0.0,114492.6,0,0,95520.68,0,0,0.0,0,0,0,6755.426621160409,2247.4839590443685,741.080204778157,3766.8624573378843,1,1,2026-06-10 17:41:22.494414
NE-HV_AirDist-SupFanMtr-cDXGF-2SpClgHtg-VFDPMMtr,None,Nrs,Ex,CZ06,cDXGF,0,Each,1.0,110998.73571404802,689276.48,200868.06,0,281574.59,0.0,114038.52,0,0,92754.12,0,0,0.0,0,0,0,6756.495563139932,2247.4839590443685,741.939590443686,3767.072013651877,1,1,2026-06-10 17:41:22.494414
NE-HV_AirDist-SupFanMtr-cDXGF-2SpClgHtg-VFDStdMtr,None,Nrs,Ex,CZ06,cDXGF,0,Each,1.0,110998.73571404802,691410.77,200868.06,0,281574.59,0.0,114277.14,0,0,94649.93,0,0,0.0,0,0,0,6754.363481228669,2247.4839590443685,739.9853242320819,3766.8941979522183,1,1,2026-06-10 17:41:22.494414
NE-HV_AirDist-SupFanMtr-cDXGF-2SpClgHtg-VFDExMtr,None,Nrs,Ex,CZ05,cDXGF,0,Each,1.0,110998.73571404802,632406.9500000002,200868.06,0,281574.59,0.0,65900.43,0,0,84029.56,0,0,0.0,0,0,0,8321.138225255972,2247.4839590443685,1954.2703071672356,4119.383959044369,1,1,2026-06-10 17:41:22.494414
NE-HV_AirDist-SupFanMtr-cDXGF-2SpClgHtg-VFDPMMtr,None,Nrs,Ex,CZ05,cDXGF,0,Each,1.0,110998.73571404802,629362.34,200868.06,0,281574.59,0.0,65635.85,0,0,81249.47,0,0,0.0,0,0,0,8337.64300341297,2247.4839590443685,1970.715699658703,4119.443344709897,1,1,2026-06-10 17:41:22.494414
NE-HV_AirDist-SupFanMtr-cDXGF-2SpClgHtg-VFDStdMtr,None,Nrs,Ex,CZ05,cDXGF,0,Each,1.0,110998.73571404802,631475.3600000001,200868.06,0,281574.59,0.0,65817.73,0,0,83180.67,0,0,0.0,0,0,0,8326.02662116041,2247.4839590443685,1958.7450511945392,4119.7976109215015,1,1,2026-06-10 17:41:22.494414
NE-HV_AirDist-SupFanMtr-cDXGF-2SpClgHtg-VFDExMtr,None,Nrs,Ex,CZ04,cDXGF,0,Each,1.0,110998.73571404802,703187.34,200868.06,0,281574.59,0.0,120896.09,0,0,99817.89,0,0,0.0,0,0,0,9419.379180887372,2247.4839590443685,3214.1375426621157,3957.7576791808874,1,1,2026-06-10 17:41:22.494414
NE-HV_AirDist-SupFanMtr-cDXGF-2SpClgHtg-VFDPMMtr,None,Nrs,Ex,CZ04,cDXGF,0,Each,1.0,110998.73571404802,700267.1000000001,200868.06,0,281574.59,0.0,120603.19,0,0,97190.61,0,0,0.0,0,0,0,9436.486689419795,2247.4839590443685,3232.9805460750854,3956.022184300341,1,1,2026-06-10 17:41:22.494414
NE-HV_AirDist-SupFanMtr-cDXGF-2SpClgHtg-VFDStdMtr,None,Nrs,Ex,CZ04,cDXGF,0,Each,1.0,110998.73571404802,702311.8200000001,200868.06,0,281574.59,0.0,120831.85,0,0,99006.51,0,0,0.0,0,0,0,9426.803754266211,2247.4839590443685,3223.226279863481,3956.0935153583614,1,1,2026-06-10 17:41:22.494414
NE-HV_AirDist-SupFanMtr-cDXGF-2SpClgHtg-VFDExMtr,None,Nrs,Ex,CZ03,cDXGF,0,Each,1.0,110998.73571404802,618775.2200000001,200868.06,0,281574.59,0.0,55096.38,0,0,81207.66,0,0,0.0,0,0,0,8546.12832764505,2247.4839590443685,2190.0774744027303,4108.566894197952,1,1,2026-06-10 17:41:22.494414
NE-HV_AirDist-SupFanMtr-cDXGF-2SpClgHtg-VFDPMMtr,None,Nrs,Ex,CZ03,cDXGF,0,Each,1.0,110998.73571404802,615795.5700000001,200868.06,0,281574.59,0.0,54848.2,0,0,78476.24,0,0,0.0,0,0,0,8562.218771331058,2247.4839590443685,2205.81843003413,4108.91638225256,1,1,2026-06-10 17:41:22.494414
NE-HV_AirDist-SupFanMtr-cDXGF-2SpClgHtg-VFDStdMtr,None,Nrs,Ex,CZ03,cDXGF,0,Each,1.0,110998.73571404802,617908.91,200868.06,0,281574.59,0.0,55032.14,0,0,80405.62,0,0,0.0,0,0,0,8551.481911262797,2247.4839590443685,2195.180887372014,4108.8170648464165,1,1,2026-06-10 17:41:22.494414
NE-HV_AirDist-SupFanMtr-cDXGF-2SpClgHtg-VFDExMtr,None,Nrs,Ex,CZ02,cDXGF,0,Each,1.0,110998.73571404802,648446.4800000001,200868.06,0,281574.59,0.0,78818.7,0,0,87155.11,0,0,0.0,0,0,0,10106.58805460751,2247.4839590443685,3717.0160409556315,4142.088054607509,1,1,2026-06-10 17:41:22.494414
NE-HV_AirDist-SupFanMtr-cDXGF-2SpClgHtg-VFDPMMtr,None,Nrs,Ex,CZ02,cDXGF,0,Each,1.0,110998.73571404802,645574.6,200868.06,0,281574.59,0.0,78585.12,0,0,84516.83,0,0,0.0,0,0,0,10131.10170648464,2247.4839590443685,3742.846075085324,4140.771672354948,1,1,2026-06-10 17:41:22.494414
NE-HV_AirDist-SupFanMtr-cDXGF-2SpClgHtg-VFDStdMtr,None,Nrs,Ex,CZ02,cDXGF,0,Each,1.0,110998.73571404802,647634.35,200868.06,0,281574.59,0.0,78796.23,0,0,86365.35,0,0,0.0,0,0,0,10109.043003412968,2247.4839590443685,3719.8901023890785,4141.668941979522,1,1,2026-06-10 17:41:22.494414
NE-HV_AirDist-SupFanMtr-cDXGF-2SpClgHtg-VFDExMtr,None,Nrs,Ex,CZ01,cDXGF,0,Each,1.0,110998.73571404802,572630.02,200868.06,0,281574.59,0.0,24724.13,0,0,65420.97,0,0,0.0,0,0,0,12055.692491467578,2247.4839590443685,5372.648464163823,4435.560068259386,1,1,2026-06-10 17:41:22.494414
NE-HV_AirDist-SupFanMtr-cDXGF-2SpClgHtg-VFDPMMtr,None,Nrs,Ex,CZ01,cDXGF,0,Each,1.0,110998.73571404802,570319.76,200868.06,0,281574.59,0.0,24670.58,0,0,63164.26,0,0,0.0,0,0,0,12089.60648464164,2247.4839590443685,5406.431740614335,4435.690784982935,1,1,2026-06-10 17:41:22.494414
NE-HV_AirDist-SupFanMtr-cDXGF-2SpClgHtg-VFDStdMtr,None,Nrs,Ex,CZ01,cDXGF,0,Each,1.0,110998.73571404802,572013.3,200868.06,0,281574.59,0.0,24702.16,0,0,64826.25,0,0,0.0,0,0,0,12064.398293515358,2247.4839590443685,5382.3204778157,4434.59385665529,1,1,2026-06-10 17:41:22.494414
NE-HV_AirDist-SupFanMtr-cDXOH-2SpClgHtg-VFDExMtr,None,MLI,Ex,CZ16,cDXOH,0,Each,1.0,100014.057511744,865609.8000000002,283149.19,0,239893.0,0.0,52924.9,0,0,289639.34,0,0,0.0,0,0,0,1773.6580204778156,0.0,0.0,1773.6580204778156,1,1,2026-06-10 17:41:22.494414
NE-HV_AirDist-SupFanMtr-cDXOH-2SpClgHtg-VFDPMMtr,None,MLI,Ex,CZ16,cDXOH,0,Each,1.0,100014.057511744,858938.2599999999,283149.19,0,239893.0,0.0,52295.47,0,0,283597.23,0,0,0.0,0,0,0,1773.6580204778156,0.0,0.0,1773.6580204778156,1,1,2026-06-10 17:41:22.494414
NE-HV_AirDist-SupFanMtr-cDXOH-2SpClgHtg-VFDStdMtr,None,MLI,Ex,CZ16,cDXOH,0,Each,1.0,100014.057511744,863824.6499999999,283149.19,0,239893.0,0.0,52713.48,0,0,288065.61,0,0,0.0,0,0,0,1773.6580204778156,0.0,0.0,1773.6580204778156,1,1,2026-06-10 17:41:22.494414
NE-HV_AirDist-SupFanMtr-cDXOH-2SpClgHtg-VFDExMtr,None,MLI,Ex,CZ15,cDXOH,0,Each,1.0,100014.057511744,1068438.1600000001,283149.19,0,239893.0,0.0,334414.01,0,0,210978.59,0,0,0.0,0,0,0,1292.4474402730375,0.0,0.0,1292.4474402730375,1,1,2026-06-10 17:41:22.494414
NE-HV_AirDist-SupFanMtr-cDXOH-2SpClgHtg-VFDPMMtr,None,MLI,Ex,CZ15,cDXOH,0,Each,1.0,100014.057511744,1057081.09,283149.19,0,239893.0,0.0,332620.03,0,0,201415.5,0,0,0.0,0,0,0,1292.4474402730375,0.0,0.0,1292.4474402730375,1,1,2026-06-10 17:41:22.494414
NE-HV_AirDist-SupFanMtr-cDXOH-2SpClgHtg-VFDStdMtr,None,MLI,Ex,CZ15,cDXOH,0,Each,1.0,100014.057511744,1064843.9200000002,283149.19,0,239893.0,0.0,333801.89,0,0,207996.47,0,0,0.0,0,0,0,1292.4474402730375,0.0,0.0,1292.4474402730375,1,1,2026-06-10 17:41:22.494414
NE-HV_AirDist-SupFanMtr-cDXOH-2SpClgHtg-VFDExMtr,None,MLI,Ex,CZ14,cDXOH,0,Each,1.0,100014.057511744,929295.3,283149.19,0,239893.0,0.0,171519.65,0,0,234730.09,0,0,0.0,0,0,0,1558.0354948805461,0.0,0.0,1558.0354948805461,1,1,2026-06-10 17:41:22.494414
NE-HV_AirDist-SupFanMtr-cDXOH-2SpClgHtg-VFDPMMtr,None,MLI,Ex,CZ14,cDXOH,0,Each,1.0,100014.057511744,920849.07,283149.19,0,239893.0,0.0,170353.74,0,0,227449.77,0,0,0.0,0,0,0,1558.0354948805461,0.0,0.0,1558.0354948805461,1,1,2026-06-10 17:41:22.494414
NE-HV_AirDist-SupFanMtr-cDXOH-2SpClgHtg-VFDStdMtr,None,MLI,Ex,CZ14,cDXOH,0,Each,1.0,100014.057511744,926719.78,283149.19,0,239893.0,0.0,171126.05,0,0,232548.17,0,0,0.0,0,0,0,1558.0354948805461,0.0,0.0,1558.0354948805461,1,1,2026-06-10 17:41:22.494414
NE-HV_AirDist-SupFanMtr-cDXOH-2SpClgHtg-VFDExMtr,None,MLI,Ex,CZ13,cDXOH,0,Each,1.0,100014.057511744,932570.9099999999,283149.19,0,239893.0,0.0,180224.27,0,0,229301.08,0,0,0.0,0,0,0,1517.0450511945392,0.0,0.0,1517.0450511945392,1,1,2026-06-10 17:41:22.494414
NE-HV_AirDist-SupFanMtr-cDXOH-2SpClgHtg-VFDPMMtr,None,MLI,Ex,CZ13,cDXOH,0,Each,1.0,100014.057511744,924092.8600000001,283149.19,0,239893.0,0.0,179095.67,0,0,221951.63,0,0,0.0,0,0,0,1517.0453924914675,0.0,0.0,1517.0453924914675,1,1,2026-06-10 17:41:22.494414
NE-HV_AirDist-SupFanMtr-cDXOH-2SpClgHtg-VFDStdMtr,None,MLI,Ex,CZ13,cDXOH,0,Each,1.0,100014.057511744,929962.01,283149.19,0,239893.0,0.0,179842.33,0,0,227074.12,0,0,0.0,0,0,0,1517.0453924914675,0.0,0.0,1517.0453924914675,1,1,2026-06-10 17:41:22.494414
NE-HV_AirDist-SupFanMtr-cDXOH-2SpClgHtg-VFDExMtr,None,MLI,Ex,CZ12,cDXOH,0,Each,1.0,100014.057511744,853191.0399999999,283149.19,0,239893.0,0.0,112956.92,0,0,217188.56,0,0,0.0,0,0,0,1614.9692832764504,0.0,0.0,1614.9692832764504,1,1,2026-06-10 17:41:22.494414
NE-HV_AirDist-SupFanMtr-cDXOH-2SpClgHtg-VFDPMMtr,None,MLI,Ex,CZ12,cDXOH,0,Each,1.0,100014.057511744,845813.7299999999,283149.19,0,239893.0,0.0,112077.98,0,0,210690.19,0,0,0.0,0,0,0,1614.9692832764504,0.0,0.0,1614.9692832764504,1,1,2026-06-10 17:41:22.494414
NE-HV_AirDist-SupFanMtr-cDXOH-2SpClgHtg-VFDStdMtr,None,MLI,Ex,CZ12,cDXOH,0,Each,1.0,100014.057511744,851052.61,283149.19,0,239893.0,0.0,112667.99,0,0,215339.06,0,0,0.0,0,0,0,1614.9692832764504,0.0,0.0,1614.9692832764504,1,1,2026-06-10 17:41:22.494414
NE-HV_AirDist-SupFanMtr-cDXOH-2SpClgHtg-VFDExMtr,None,MLI,Ex,CZ11,cDXOH,0,Each,1.0,100014.057511744,924090.9299999999,283149.19,0,239893.0,0.0,167072.96,0,0,233972.41,0,0,0.0,0,0,0,1546.6515358361773,0.0,0.0,1546.6515358361773,1,1,2026-06-10 17:41:22.494414
NE-HV_AirDist-SupFanMtr-cDXOH-2SpClgHtg-VFDPMMtr,None,MLI,Ex,CZ11,cDXOH,0,Each,1.0,100014.057511744,916556.2199999999,283149.19,0,239893.0,0.0,166058.96,0,0,227451.7,0,0,0.0,0,0,0,1546.6515358361773,0.0,0.0,1546.6515358361773,1,1,2026-06-10 17:41:22.494414
NE-HV_AirDist-SupFanMtr-cDXOH-2SpClgHtg-VFDStdMtr,None,MLI,Ex,CZ11,cDXOH,0,Each,1.0,100014.057511744,921827.39,283149.19,0,239893.0,0.0,166731.39,0,0,232050.44,0,0,0.0,0,0,0,1546.6515358361773,0.0,0.0,1546.6515358361773,1,1,2026-06-10 17:41:22.494414
NE-HV_AirDist-SupFanMtr-cDXOH-2SpClgHtg-VFDExMtr,None,MLI,Ex,CZ10,cDXOH,0,Each,1.0,100014.057511744,857003.01,283149.19,0,239893.0,0.0,155040.19,0,0,178917.26,0,0,0.0,0,0,0,1510.3215017064845,0.0,0.0,1510.3215017064845,1,1,2026-06-10 17:41:22.494414
NE-HV_AirDist-SupFanMtr-cDXOH-2SpClgHtg-VFDPMMtr,None,MLI,Ex,CZ10,cDXOH,0,Each,1.0,100014.057511744,848122.73,283149.19,0,239893.0,0.0,153830.51,0,0,171246.66,0,0,0.0,0,0,0,1510.3215017064845,0.0,0.0,1510.3215017064845,1,1,2026-06-10 17:41:22.494414
NE-HV_AirDist-SupFanMtr-cDXOH-2SpClgHtg-VFDStdMtr,None,MLI,Ex,CZ10,cDXOH,0,Each,1.0,100014.057511744,854373.62,283149.19,0,239893.0,0.0,154640.18,0,0,176687.88,0,0,0.0,0,0,0,1510.3215017064845,0.0,0.0,1510.3215017064845,1,1,2026-06-10 17:41:22.494414
NE-HV_AirDist-SupFanMtr-cDXOH-2SpClgHtg-VFDExMtr,None,MLI,Ex,CZ09,cDXOH,0,Each,1.0,100014.057511744,836060.5499999999,283149.19,0,239893.0,0.0,137754.3,0,0,175260.69,0,0,0.0,0,0,0,1528.7730375426622,0.0,0.0,1528.7730375426622,1,1,2026-06-10 17:41:22.494414
NE-HV_AirDist-SupFanMtr-cDXOH-2SpClgHtg-VFDPMMtr,None,MLI,Ex,CZ09,cDXOH,0,Each,1.0,100014.057511744,826848.7800000001,283149.19,0,239893.0,0.0,136596.66,0,0,167206.56,0,0,0.0,0,0,0,1528.7730375426622,0.0,0.0,1528.7730375426622,1,1,2026-06-10 17:41:22.494414
NE-HV_AirDist-SupFanMtr-cDXOH-2SpClgHtg-VFDStdMtr,None,MLI,Ex,CZ09,cDXOH,0,Each,1.0,100014.057511744,833288.9400000001,283149.19,0,239893.0,0.0,137373.34,0,0,172870.04,0,0,0.0,0,0,0,1528.7730375426622,0.0,0.0,1528.7730375426622,1,1,2026-06-10 17:41:22.494414
NE-HV_AirDist-SupFanMtr-cDXOH-2SpClgHtg-VFDExMtr,None,MLI,Ex,CZ08,cDXOH,0,Each,1.0,100014.057511744,828582.7,283149.19,0,239893.0,0.0,137282.05,0,0,168255.09,0,0,0.0,0,0,0,1518.4208191126281,0.0,0.0,1518.4208191126281,1,1,2026-06-10 17:41:22.494414
NE-HV_AirDist-SupFanMtr-cDXOH-2SpClgHtg-VFDPMMtr,None,MLI,Ex,CZ08,cDXOH,0,Each,1.0,100014.057511744,819190.97,283149.19,0,239893.0,0.0,136109.18,0,0,160036.23,0,0,0.0,0,0,0,1518.4208191126281,0.0,0.0,1518.4208191126281,1,1,2026-06-10 17:41:22.494414
NE-HV_AirDist-SupFanMtr-cDXOH-2SpClgHtg-VFDStdMtr,None,MLI,Ex,CZ08,cDXOH,0,Each,1.0,100014.057511744,825979.24,283149.19,0,239893.0,0.0,136898.59,0,0,166035.09,0,0,0.0,0,0,0,1518.4208191126281,0.0,0.0,1518.4208191126281,1,1,2026-06-10 17:41:22.494414
NE-HV_AirDist-SupFanMtr-cDXOH-2SpClgHtg-VFDExMtr,None,MLI,Ex,CZ07,cDXOH,0,Each,1.0,100014.057511744,748355.8700000001,283149.19,0,239893.0,0.0,80841.16,0,0,144469.15,0,0,0.0,0,0,0,1548.723208191126,0.0,0.0,1548.723208191126,1,1,2026-06-10 17:41:22.494414
NE-HV_AirDist-SupFanMtr-cDXOH-2SpClgHtg-VFDPMMtr,None,MLI,Ex,CZ07,cDXOH,0,Each,1.0,100014.057511744,738897.88,283149.19,0,239893.0,0.0,79870.11,0,0,135982.21,0,0,0.0,0,0,0,1548.723208191126,0.0,0.0,1548.723208191126,1,1,2026-06-10 17:41:22.494414
NE-HV_AirDist-SupFanMtr-cDXOH-2SpClgHtg-VFDStdMtr,None,MLI,Ex,CZ07,cDXOH,0,Each,1.0,100014.057511744,745634.63,283149.19,0,239893.0,0.0,80519.79,0,0,142069.28,0,0,0.0,0,0,0,1548.723208191126,0.0,0.0,1548.723208191126,1,1,2026-06-10 17:41:22.494414
NE-HV_AirDist-SupFanMtr-cDXOH-2SpClgHtg-VFDExMtr,None,MLI,Ex,CZ06,cDXOH,0,Each,1.0,100014.057511744,738250.3799999999,283149.19,0,239893.0,0.0,71495.48,0,0,143709.34,0,0,0.0,0,0,0,1564.0470989761093,0.0,0.0,1564.0470989761093,1,1,2026-06-10 17:41:22.494414
NE-HV_AirDist-SupFanMtr-cDXOH-2SpClgHtg-VFDPMMtr,None,MLI,Ex,CZ06,cDXOH,0,Each,1.0,100014.057511744,729114.0199999999,283149.19,0,239893.0,0.0,70582.27,0,0,135486.19,0,0,0.0,0,0,0,1564.0470989761093,0.0,0.0,1564.0470989761093,1,1,2026-06-10 17:41:22.494414
NE-HV_AirDist-SupFanMtr-cDXOH-2SpClgHtg-VFDStdMtr,None,MLI,Ex,CZ06,cDXOH,0,Each,1.0,100014.057511744,735706.0200000001,283149.19,0,239893.0,0.0,71200.91,0,0,141459.55,0,0,0.0,0,0,0,1564.0470989761093,0.0,0.0,1564.0470989761093,1,1,2026-06-10 17:41:22.494414
NE-HV_AirDist-SupFanMtr-cDXOH-2SpClgHtg-VFDExMtr,None,MLI,Ex,CZ05,cDXOH,0,Each,1.0,100014.057511744,723808.66,283149.19,0,239893.0,0.0,29134.39,0,0,171628.71,0,0,0.0,0,0,0,1690.9836177474401,0.0,0.0,1690.9836177474401,1,1,2026-06-10 17:41:22.494414
NE-HV_AirDist-SupFanMtr-cDXOH-2SpClgHtg-VFDPMMtr,None,MLI,Ex,CZ05,cDXOH,0,Each,1.0,100014.057511744,717374.4500000001,283149.19,0,239893.0,0.0,28627.19,0,0,165701.7,0,0,0.0,0,0,0,1690.9836177474401,0.0,0.0,1690.9836177474401,1,1,2026-06-10 17:41:22.494414
NE-HV_AirDist-SupFanMtr-cDXOH-2SpClgHtg-VFDStdMtr,None,MLI,Ex,CZ05,cDXOH,0,Each,1.0,100014.057511744,722225.2899999999,283149.19,0,239893.0,0.0,28970.54,0,0,170209.19,0,0,0.0,0,0,0,1690.9836177474401,0.0,0.0,1690.9836177474401,1,1,2026-06-10 17:41:22.494414
NE-HV_AirDist-SupFanMtr-cDXOH-2SpClgHtg-VFDExMtr,None,MLI,Ex,CZ04,cDXOH,0,Each,1.0,100014.057511744,844630.07,283149.19,0,239893.0,0.0,112438.05,0,0,209146.46,0,0,0.0,0,0,0,1638.0941979522186,0.0,0.0,1638.0941979522186,1,1,2026-06-10 17:41:22.494414
NE-HV_AirDist-SupFanMtr-cDXOH-2SpClgHtg-VFDPMMtr,None,MLI,Ex,CZ04,cDXOH,0,Each,1.0,100014.057511744,837490.23,283149.19,0,239893.0,0.0,111594.45,0,0,202850.22,0,0,0.0,0,0,0,1638.0941979522186,0.0,0.0,1638.0941979522186,1,1,2026-06-10 17:41:22.494414
NE-HV_AirDist-SupFanMtr-cDXOH-2SpClgHtg-VFDStdMtr,None,MLI,Ex,CZ04,cDXOH,0,Each,1.0,100014.057511744,842560.05,283149.19,0,239893.0,0.0,112162.7,0,0,207351.79,0,0,0.0,0,0,0,1638.0941979522186,0.0,0.0,1638.0941979522186,1,1,2026-06-10 17:41:22.494414
NE-HV_AirDist-SupFanMtr-cDXOH-2SpClgHtg-VFDExMtr,None,MLI,Ex,CZ03,cDXOH,0,Each,1.0,100014.057511744,713780.22,283149.19,0,239893.0,0.0,23637.31,0,0,167097.35,0,0,0.0,0,0,0,1683.5522184300341,0.0,0.0,1683.5522184300341,1,1,2026-06-10 17:41:22.494414
NE-HV_AirDist-SupFanMtr-cDXOH-2SpClgHtg-VFDPMMtr,None,MLI,Ex,CZ03,cDXOH,0,Each,1.0,100014.057511744,707600.3,283149.19,0,239893.0,0.0,23221.96,0,0,161332.78,0,0,0.0,0,0,0,1683.5522184300341,0.0,0.0,1683.5522184300341,1,1,2026-06-10 17:41:22.494414
NE-HV_AirDist-SupFanMtr-cDXOH-2SpClgHtg-VFDStdMtr,None,MLI,Ex,CZ03,cDXOH,0,Each,1.0,100014.057511744,712145.9600000001,283149.19,0,239893.0,0.0,23503.59,0,0,165596.81,0,0,0.0,0,0,0,1683.5522184300341,0.0,0.0,1683.5522184300341,1,1,2026-06-10 17:41:22.494414
NE-HV_AirDist-SupFanMtr-cDXOH-2SpClgHtg-VFDExMtr,None,MLI,Ex,CZ02,cDXOH,0,Each,1.0,100014.057511744,791195.91,283149.19,0,239893.0,0.0,62670.21,0,0,205480.14,0,0,0.0,0,0,0,1701.480204778157,0.0,0.0,1701.480204778157,1,1,2026-06-10 17:41:22.494414
NE-HV_AirDist-SupFanMtr-cDXOH-2SpClgHtg-VFDPMMtr,None,MLI,Ex,CZ02,cDXOH,0,Each,1.0,100014.057511744,785228.59,283149.19,0,239893.0,0.0,62047.01,0,0,200136.02,0,0,0.0,0,0,0,1701.480204778157,0.0,0.0,1701.480204778157,1,1,2026-06-10 17:41:22.494414
NE-HV_AirDist-SupFanMtr-cDXOH-2SpClgHtg-VFDStdMtr,None,MLI,Ex,CZ02,cDXOH,0,Each,1.0,100014.057511744,789544.86,283149.19,0,239893.0,0.0,62466.51,0,0,204032.79,0,0,0.0,0,0,0,1701.480204778157,0.0,0.0,1701.480204778157,1,1,2026-06-10 17:41:22.494414
NE-HV_AirDist-SupFanMtr-cDXOH-2SpClgHtg-VFDExMtr,None,MLI,Ex,CZ01,cDXOH,0,Each,1.0,100014.057511744,758655.2899999999,283149.19,0,239893.0,0.0,1323.41,0,0,234286.32,0,0,0.0,0,0,0,1810.1102389078499,0.0,0.0,1810.1102389078499,1,1,2026-06-10 17:41:22.494414
NE-HV_AirDist-SupFanMtr-cDXOH-2SpClgHtg-VFDPMMtr,None,MLI,Ex,CZ01,cDXOH,0,Each,1.0,100014.057511744,755543.62,283149.19,0,239893.0,0.0,1276.0,0,0,231222.06,0,0,0.0,0,0,0,1810.1102389078499,0.0,0.0,1810.1102389078499,1,1,2026-06-10 17:41:22.494414
NE-HV_AirDist-SupFanMtr-cDXOH-2SpClgHtg-VFDStdMtr,None,MLI,Ex,CZ01,cDXOH,0,Each,1.0,100014.057511744,758037.62,283149.19,0,239893.0,0.0,1308.87,0,0,233683.19,0,0,0.0,0,0,0,1810.1102389078499,0.0,0.0,1810.1102389078499,1,1,2026-06-10 17:41:22.494414
NE-HV_AirDist-SupFanMtr-cDXHP-2SpClgHtg-VFDExMtr,None,MLI,Ex,CZ16,cDXHP,0,Each,1.0,100014.057511744,809246.23,283149.19,0,239893.0,64553.44,53737.32,0,0,167909.91,0,0,0.0,0,0,0,1773.658361774744,0.0,0.0,1773.658361774744,1,1,2026-06-10 17:41:22.494414
NE-HV_AirDist-SupFanMtr-cDXHP-2SpClgHtg-VFDPMMtr,None,MLI,Ex,CZ16,cDXHP,0,Each,1.0,100014.057511744,798709.6,283149.19,0,239893.0,65479.59,53086.39,0,0,157098.06,0,0,0.0,0,0,0,1773.658361774744,0.0,0.0,1773.658361774744,1,1,2026-06-10 17:41:22.494414
NE-HV_AirDist-SupFanMtr-cDXHP-2SpClgHtg-VFDStdMtr,None,MLI,Ex,CZ16,cDXHP,0,Each,1.0,100014.057511744,806170.94,283149.19,0,239893.0,64865.9,53520.36,0,0,164739.12,0,0,0.0,0,0,0,1773.658361774744,0.0,0.0,1773.658361774744,1,1,2026-06-10 17:41:22.494414
NE-HV_AirDist-SupFanMtr-cDXHP-2SpClgHtg-VFDExMtr,None,MLI,Ex,CZ15,cDXHP,0,Each,1.0,100014.057511744,1070525.31,283149.19,0,239893.0,6504.47,340029.86,0,0,200945.42,0,0,0.0,0,0,0,1292.4470989761091,0.0,0.0,1292.4470989761091,1,1,2026-06-10 17:41:22.494414
NE-HV_AirDist-SupFanMtr-cDXHP-2SpClgHtg-VFDPMMtr,None,MLI,Ex,CZ15,cDXHP,0,Each,1.0,100014.057511744,1058383.5,283149.19,0,239893.0,6682.44,338110.36,0,0,190545.14,0,0,0.0,0,0,0,1292.4474402730375,0.0,0.0,1292.4474402730375,1,1,2026-06-10 17:41:22.494414
NE-HV_AirDist-SupFanMtr-cDXHP-2SpClgHtg-VFDStdMtr,None,MLI,Ex,CZ15,cDXHP,0,Each,1.0,100014.057511744,1066860.03,283149.19,0,239893.0,6561.09,339450.23,0,0,197803.15,0,0,0.0,0,0,0,1292.4474402730375,0.0,0.0,1292.4474402730375,1,1,2026-06-10 17:41:22.494414
NE-HV_AirDist-SupFanMtr-cDXHP-2SpClgHtg-VFDExMtr,None,MLI,Ex,CZ14,cDXHP,0,Each,1.0,100014.057511744,901469.1900000001,283149.19,0,239893.0,33885.36,174998.22,0,0,169540.05,0,0,0.0,0,0,0,1558.036518771331,0.0,0.0,1558.036518771331,1,1,2026-06-10 17:41:22.494414
NE-HV_AirDist-SupFanMtr-cDXHP-2SpClgHtg-VFDPMMtr,None,MLI,Ex,CZ14,cDXHP,0,Each,1.0,100014.057511744,890429.9500000001,283149.19,0,239893.0,34415.72,173696.36,0,0,159272.31,0,0,0.0,0,0,0,1558.036518771331,0.0,0.0,1558.036518771331,1,1,2026-06-10 17:41:22.494414
NE-HV_AirDist-SupFanMtr-cDXHP-2SpClgHtg-VFDStdMtr,None,MLI,Ex,CZ14,cDXHP,0,Each,1.0,100014.057511744,898040.2499999999,283149.19,0,239893.0,34058.26,174541.97,0,0,166394.46,0,0,0.0,0,0,0,1558.036518771331,0.0,0.0,1558.036518771331,1,1,2026-06-10 17:41:22.494414
NE-HV_AirDist-SupFanMtr-cDXHP-2SpClgHtg-VFDExMtr,None,MLI,Ex,CZ13,cDXHP,0,Each,1.0,100014.057511744,899145.58,283149.19,0,239893.0,30891.33,182054.23,0,0,163154.46,0,0,0.0,0,0,0,1517.0470989761093,0.0,0.0,1517.0470989761093,1,1,2026-06-10 17:41:22.494414
NE-HV_AirDist-SupFanMtr-cDXHP-2SpClgHtg-VFDPMMtr,None,MLI,Ex,CZ13,cDXHP,0,Each,1.0,100014.057511744,888623.67,283149.19,0,239893.0,31384.86,180814.76,0,0,153378.49,0,0,0.0,0,0,0,1517.0474402730374,0.0,0.0,1517.0474402730374,1,1,2026-06-10 17:41:22.494414
NE-HV_AirDist-SupFanMtr-cDXHP-2SpClgHtg-VFDStdMtr,None,MLI,Ex,CZ13,cDXHP,0,Each,1.0,100014.057511744,895798.22,283149.19,0,239893.0,31052.91,181637.4,0,0,160062.35,0,0,0.0,0,0,0,1517.0474402730374,0.0,0.0,1517.0474402730374,1,1,2026-06-10 17:41:22.494414
NE-HV_AirDist-SupFanMtr-cDXHP-2SpClgHtg-VFDExMtr,None,MLI,Ex,CZ12,cDXHP,0,Each,1.0,100014.057511744,815797.25,283149.19,0,239893.0,36798.58,114167.49,0,0,141785.62,0,0,0.0,0,0,0,1614.9696245733787,0.0,0.0,1614.9696245733787,1,1,2026-06-10 17:41:22.494414
NE-HV_AirDist-SupFanMtr-cDXHP-2SpClgHtg-VFDPMMtr,None,MLI,Ex,CZ12,cDXHP,0,Each,1.0,100014.057511744,806177.7799999999,283149.19,0,239893.0,37338.61,113218.91,0,0,132574.7,0,0,0.0,0,0,0,1614.9696245733787,0.0,0.0,1614.9696245733787,1,1,2026-06-10 17:41:22.494414
NE-HV_AirDist-SupFanMtr-cDXHP-2SpClgHtg-VFDStdMtr,None,MLI,Ex,CZ12,cDXHP,0,Each,1.0,100014.057511744,812824.59,283149.19,0,239893.0,36976.92,113852.75,0,0,138949.36,0,0,0.0,0,0,0,1614.9696245733787,0.0,0.0,1614.9696245733787,1,1,2026-06-10 17:41:22.494414
NE-HV_AirDist-SupFanMtr-cDXHP-2SpClgHtg-VFDExMtr,None,MLI,Ex,CZ11,cDXHP,0,Each,1.0,100014.057511744,888664.12,283149.19,0,239893.0,37023.36,169429.21,0,0,159165.99,0,0,0.0,0,0,0,1546.6525597269624,0.0,0.0,1546.6525597269624,1,1,2026-06-10 17:41:22.494414
NE-HV_AirDist-SupFanMtr-cDXHP-2SpClgHtg-VFDPMMtr,None,MLI,Ex,CZ11,cDXHP,0,Each,1.0,100014.057511744,878725.96,283149.19,0,239893.0,37571.49,168348.79,0,0,149760.12,0,0,0.0,0,0,0,1546.6525597269624,0.0,0.0,1546.6525597269624,1,1,2026-06-10 17:41:22.494414
NE-HV_AirDist-SupFanMtr-cDXHP-2SpClgHtg-VFDStdMtr,None,MLI,Ex,CZ11,cDXHP,0,Each,1.0,100014.057511744,885621.43,283149.19,0,239893.0,37204.84,169114.32,0,0,156256.71,0,0,0.0,0,0,0,1546.6525597269624,0.0,0.0,1546.6525597269624,1,1,2026-06-10 17:41:22.494414
NE-HV_AirDist-SupFanMtr-cDXHP-2SpClgHtg-VFDExMtr,None,MLI,Ex,CZ10,cDXHP,0,Each,1.0,100014.057511744,838028.8300000001,283149.19,0,239893.0,13468.5,154764.85,0,0,146749.92,0,0,0.0,0,0,0,1510.3221843003414,0.0,0.0,1510.3221843003414,1,1,2026-06-10 17:41:22.494414
NE-HV_AirDist-SupFanMtr-cDXHP-2SpClgHtg-VFDPMMtr,None,MLI,Ex,CZ10,cDXHP,0,Each,1.0,100014.057511744,827763.8400000001,283149.19,0,239893.0,13770.97,153518.42,0,0,137428.89,0,0,0.0,0,0,0,1510.3221843003414,0.0,0.0,1510.3221843003414,1,1,2026-06-10 17:41:22.494414
NE-HV_AirDist-SupFanMtr-cDXHP-2SpClgHtg-VFDStdMtr,None,MLI,Ex,CZ10,cDXHP,0,Each,1.0,100014.057511744,834909.2,283149.19,0,239893.0,13565.03,154361.77,0,0,143936.84,0,0,0.0,0,0,0,1510.3221843003414,0.0,0.0,1510.3221843003414,1,1,2026-06-10 17:41:22.494414
NE-HV_AirDist-SupFanMtr-cDXHP-2SpClgHtg-VFDExMtr,None,MLI,Ex,CZ09,cDXHP,0,Each,1.0,100014.057511744,818563.92,283149.19,0,239893.0,13623.01,137857.59,0,0,144037.76,0,0,0.0,0,0,0,1528.7726962457339,0.0,0.0,1528.7726962457339,1,1,2026-06-10 17:41:22.494414
NE-HV_AirDist-SupFanMtr-cDXHP-2SpClgHtg-VFDPMMtr,None,MLI,Ex,CZ09,cDXHP,0,Each,1.0,100014.057511744,808019.93,283149.19,0,239893.0,13928.03,136624.79,0,0,134421.55,0,0,0.0,0,0,0,1528.7726962457339,0.0,0.0,1528.7726962457339,1,1,2026-06-10 17:41:22.494414
NE-HV_AirDist-SupFanMtr-cDXHP-2SpClgHtg-VFDStdMtr,None,MLI,Ex,CZ09,cDXHP,0,Each,1.0,100014.057511744,815391.9400000001,283149.19,0,239893.0,13719.38,137470.46,0,0,141156.54,0,0,0.0,0,0,0,1528.7726962457339,0.0,0.0,1528.7726962457339,1,1,2026-06-10 17:41:22.494414
NE-HV_AirDist-SupFanMtr-cDXHP-2SpClgHtg-VFDExMtr,None,MLI,Ex,CZ08,cDXHP,0,Each,1.0,100014.057511744,811382.17,283149.19,0,239893.0,10881.67,136033.62,0,0,141421.32,0,0,0.0,0,0,0,1518.4211604095563,0.0,0.0,1518.4211604095563,1,1,2026-06-10 17:41:22.494414
NE-HV_AirDist-SupFanMtr-cDXHP-2SpClgHtg-VFDPMMtr,None,MLI,Ex,CZ08,cDXHP,0,Each,1.0,100014.057511744,801064.1499999999,283149.19,0,239893.0,11145.66,134859.6,0,0,132013.33,0,0,0.0,0,0,0,1518.4208191126281,0.0,0.0,1518.4208191126281,1,1,2026-06-10 17:41:22.494414
NE-HV_AirDist-SupFanMtr-cDXHP-2SpClgHtg-VFDStdMtr,None,MLI,Ex,CZ08,cDXHP,0,Each,1.0,100014.057511744,808175.6499999999,283149.19,0,239893.0,10969.0,135645.51,0,0,138515.58,0,0,0.0,0,0,0,1518.4208191126281,0.0,0.0,1518.4208191126281,1,1,2026-06-10 17:41:22.494414
NE-HV_AirDist-SupFanMtr-cDXHP-2SpClgHtg-VFDExMtr,None,MLI,Ex,CZ07,cDXHP,0,Each,1.0,100014.057511744,737114.7799999999,283149.19,0,239893.0,7838.98,80236.74,0,0,125993.5,0,0,0.0,0,0,0,1548.723208191126,0.0,0.0,1548.723208191126,1,1,2026-06-10 17:41:22.494414
NE-HV_AirDist-SupFanMtr-cDXHP-2SpClgHtg-VFDPMMtr,None,MLI,Ex,CZ07,cDXHP,0,Each,1.0,100014.057511744,727263.88,283149.19,0,239893.0,8067.56,79274.01,0,0,116876.75,0,0,0.0,0,0,0,1548.723208191126,0.0,0.0,1548.723208191126,1,1,2026-06-10 17:41:22.494414
NE-HV_AirDist-SupFanMtr-cDXHP-2SpClgHtg-VFDStdMtr,None,MLI,Ex,CZ07,cDXHP,0,Each,1.0,100014.057511744,734174.66,283149.19,0,239893.0,7905.98,79921.7,0,0,123301.42,0,0,0.0,0,0,0,1548.723208191126,0.0,0.0,1548.723208191126,1,1,2026-06-10 17:41:22.494414
NE-HV_AirDist-SupFanMtr-cDXHP-2SpClgHtg-VFDExMtr,None,MLI,Ex,CZ06,cDXHP,0,Each,1.0,100014.057511744,725317.84,283149.19,0,239893.0,8824.57,70427.88,0,0,123019.83,0,0,0.0,0,0,0,1564.0470989761093,0.0,0.0,1564.0470989761093,1,1,2026-06-10 17:41:22.494414
NE-HV_AirDist-SupFanMtr-cDXHP-2SpClgHtg-VFDPMMtr,None,MLI,Ex,CZ06,cDXHP,0,Each,1.0,100014.057511744,715610.9099999999,283149.19,0,239893.0,9075.69,69533.79,0,0,113955.87,0,0,0.0,0,0,0,1564.0474402730374,0.0,0.0,1564.0474402730374,1,1,2026-06-10 17:41:22.494414
NE-HV_AirDist-SupFanMtr-cDXHP-2SpClgHtg-VFDStdMtr,None,MLI,Ex,CZ06,cDXHP,0,Each,1.0,100014.057511744,722480.93,283149.19,0,239893.0,8903.29,70135.81,0,0,120396.27,0,0,0.0,0,0,0,1564.0470989761093,0.0,0.0,1564.0470989761093,1,1,2026-06-10 17:41:22.494414
NE-HV_AirDist-SupFanMtr-cDXHP-2SpClgHtg-VFDExMtr,None,MLI,Ex,CZ05,cDXHP,0,Each,1.0,100014.057511744,695132.16,283149.19,0,239893.0,26931.27,30464.32,0,0,114691.01,0,0,0.0,0,0,0,1690.9839590443687,0.0,0.0,1690.9839590443687,1,1,2026-06-10 17:41:22.494414
NE-HV_AirDist-SupFanMtr-cDXHP-2SpClgHtg-VFDPMMtr,None,MLI,Ex,CZ05,cDXHP,0,Each,1.0,100014.057511744,686856.65,283149.19,0,239893.0,27480.07,29950.63,0,0,106380.39,0,0,0.0,0,0,0,1690.9839590443687,0.0,0.0,1690.9839590443687,1,1,2026-06-10 17:41:22.494414
NE-HV_AirDist-SupFanMtr-cDXHP-2SpClgHtg-VFDStdMtr,None,MLI,Ex,CZ05,cDXHP,0,Each,1.0,100014.057511744,692763.88,283149.19,0,239893.0,27106.67,30298.64,0,0,112313.01,0,0,0.0,0,0,0,1690.9839590443687,0.0,0.0,1690.9839590443687,1,1,2026-06-10 17:41:22.494414
NE-HV_AirDist-SupFanMtr-cDXHP-2SpClgHtg-VFDExMtr,None,MLI,Ex,CZ04,cDXHP,0,Each,1.0,100014.057511744,813629.33,283149.19,0,239893.0,35573.55,115454.52,0,0,139555.7,0,0,0.0,0,0,0,1638.094880546075,0.0,0.0,1638.094880546075,1,1,2026-06-10 17:41:22.494414
NE-HV_AirDist-SupFanMtr-cDXHP-2SpClgHtg-VFDPMMtr,None,MLI,Ex,CZ04,cDXHP,0,Each,1.0,100014.057511744,804177.41,283149.19,0,239893.0,36120.1,114537.55,0,0,130474.2,0,0,0.0,0,0,0,1638.094880546075,0.0,0.0,1638.094880546075,1,1,2026-06-10 17:41:22.494414
NE-HV_AirDist-SupFanMtr-cDXHP-2SpClgHtg-VFDStdMtr,None,MLI,Ex,CZ04,cDXHP,0,Each,1.0,100014.057511744,810739.3699999999,283149.19,0,239893.0,35750.03,115148.68,0,0,136795.1,0,0,0.0,0,0,0,1638.094880546075,0.0,0.0,1638.094880546075,1,1,2026-06-10 17:41:22.494414
NE-HV_AirDist-SupFanMtr-cDXHP-2SpClgHtg-VFDExMtr,None,MLI,Ex,CZ03,cDXHP,0,Each,1.0,100014.057511744,683394.5599999999,283149.19,0,239893.0,28177.02,23931.3,0,0,108240.68,0,0,0.0,0,0,0,1683.5525597269623,0.0,0.0,1683.5525597269623,1,1,2026-06-10 17:41:22.494414
NE-HV_AirDist-SupFanMtr-cDXHP-2SpClgHtg-VFDPMMtr,None,MLI,Ex,CZ03,cDXHP,0,Each,1.0,100014.057511744,675402.61,283149.19,0,239893.0,28697.27,23522.71,0,0,100137.07,0,0,0.0,0,0,0,1683.5525597269623,0.0,0.0,1683.5525597269623,1,1,2026-06-10 17:41:22.494414
NE-HV_AirDist-SupFanMtr-cDXHP-2SpClgHtg-VFDStdMtr,None,MLI,Ex,CZ03,cDXHP,0,Each,1.0,100014.057511744,681095.77,283149.19,0,239893.0,28344.59,23798.46,0,0,105907.16,0,0,0.0,0,0,0,1683.5525597269623,0.0,0.0,1683.5525597269623,1,1,2026-06-10 17:41:22.494414
NE-HV_AirDist-SupFanMtr-cDXHP-2SpClgHtg-VFDExMtr,None,MLI,Ex,CZ02,cDXHP,0,Each,1.0,100014.057511744,754957.7000000001,283149.19,0,239893.0,41350.72,64814.18,0,0,125747.24,0,0,0.0,0,0,0,1701.4805460750852,0.0,0.0,1701.4805460750852,1,1,2026-06-10 17:41:22.494414
NE-HV_AirDist-SupFanMtr-cDXHP-2SpClgHtg-VFDPMMtr,None,MLI,Ex,CZ02,cDXHP,0,Each,1.0,100014.057511744,746409.58,283149.19,0,239893.0,41970.48,64157.28,0,0,117236.26,0,0,0.0,0,0,0,1701.4805460750852,0.0,0.0,1701.4805460750852,1,1,2026-06-10 17:41:22.494414
NE-HV_AirDist-SupFanMtr-cDXHP-2SpClgHtg-VFDStdMtr,None,MLI,Ex,CZ02,cDXHP,0,Each,1.0,100014.057511744,752399.2600000001,283149.19,0,239893.0,41549.8,64603.84,0,0,123200.06,0,0,0.0,0,0,0,1701.4805460750852,0.0,0.0,1701.4805460750852,1,1,2026-06-10 17:41:22.494414
NE-HV_AirDist-SupFanMtr-cDXHP-2SpClgHtg-VFDExMtr,None,MLI,Ex,CZ01,cDXHP,0,Each,1.0,100014.057511744,697557.4900000001,283149.19,0,239893.0,61025.12,1338.03,0,0,112148.78,0,0,0.0,0,0,0,1810.110580204778,0.0,0.0,1810.110580204778,1,1,2026-06-10 17:41:22.494414
NE-HV_AirDist-SupFanMtr-cDXHP-2SpClgHtg-VFDPMMtr,None,MLI,Ex,CZ01,cDXHP,0,Each,1.0,100014.057511744,690745.51,283149.19,0,239893.0,61952.74,1289.8,0,0,104457.41,0,0,0.0,0,0,0,1810.110580204778,0.0,0.0,1810.110580204778,1,1,2026-06-10 17:41:22.494414
NE-HV_AirDist-SupFanMtr-cDXHP-2SpClgHtg-VFDStdMtr,None,MLI,Ex,CZ01,cDXHP,0,Each,1.0,100014.057511744,695587.2400000001,283149.19,0,239893.0,61325.69,1322.72,0,0,109893.27,0,0,0.0,0,0,0,1810.110580204778,0.0,0.0,1810.110580204778,1,1,2026-06-10 17:41:22.494414
NE-HV_AirDist-SupFanMtr-cDXGF-2SpClgHtg-VFDExMtr,None,MLI,Ex,CZ16,cDXGF,0,Each,1.0,100014.057511744,742917.59,283149.19,0,239893.0,0.0,53160.06,0,0,166711.97,0,0,0.0,0,0,0,14599.280546075084,0.0,12825.62252559727,1773.6580204778156,1,1,2026-06-10 17:41:22.494414
NE-HV_AirDist-SupFanMtr-cDXGF-2SpClgHtg-VFDPMMtr,None,MLI,Ex,CZ16,cDXGF,0,Each,1.0,100014.057511744,731707.15,283149.19,0,239893.0,0.0,52525.82,0,0,156135.77,0,0,0.0,0,0,0,14800.329351535835,0.0,13026.67133105802,1773.6580204778156,1,1,2026-06-10 17:41:22.494414
NE-HV_AirDist-SupFanMtr-cDXGF-2SpClgHtg-VFDStdMtr,None,MLI,Ex,CZ16,cDXGF,0,Each,1.0,100014.057511744,739502.32,283149.19,0,239893.0,0.0,52947.52,0,0,163509.24,0,0,0.0,0,0,0,14667.464163822526,0.0,12893.806143344711,1773.6580204778156,1,1,2026-06-10 17:41:22.494414
NE-HV_AirDist-SupFanMtr-cDXGF-2SpClgHtg-VFDExMtr,None,MLI,Ex,CZ15,cDXGF,0,Each,1.0,100014.057511744,1053941.96,283149.19,0,239893.0,0.0,334690.52,0,0,196205.88,0,0,0.0,0,0,0,2723.682593856655,0.0,1431.2372013651877,1292.4453924914676,1,1,2026-06-10 17:41:22.494414
NE-HV_AirDist-SupFanMtr-cDXGF-2SpClgHtg-VFDPMMtr,None,MLI,Ex,CZ15,cDXGF,0,Each,1.0,100014.057511744,1041810.1299999999,283149.19,0,239893.0,0.0,332894.46,0,0,185870.11,0,0,0.0,0,0,0,2763.6320819112625,0.0,1471.1866894197951,1292.4453924914676,1,1,2026-06-10 17:41:22.494414
NE-HV_AirDist-SupFanMtr-cDXGF-2SpClgHtg-VFDStdMtr,None,MLI,Ex,CZ15,cDXGF,0,Each,1.0,100014.057511744,1050080.57,283149.19,0,239893.0,0.0,334079.31,0,0,192955.7,0,0,0.0,0,0,0,2736.4170648464165,0.0,1443.9716723549489,1292.4453924914676,1,1,2026-06-10 17:41:22.494414
NE-HV_AirDist-SupFanMtr-cDXGF-2SpClgHtg-VFDExMtr,None,MLI,Ex,CZ14,cDXGF,0,Each,1.0,100014.057511744,864885.5,283149.19,0,239893.0,0.0,172144.06,0,0,169695.88,0,0,0.0,0,0,0,8533.697952218428,0.0,6975.662116040955,1558.0358361774743,1,1,2026-06-10 17:41:22.494414
NE-HV_AirDist-SupFanMtr-cDXGF-2SpClgHtg-VFDPMMtr,None,MLI,Ex,CZ14,cDXGF,0,Each,1.0,100014.057511744,853627.11,283149.19,0,239893.0,0.0,170967.09,0,0,159614.46,0,0,0.0,0,0,0,8651.072354948805,0.0,7093.0365187713305,1558.0358361774743,1,1,2026-06-10 17:41:22.494414
NE-HV_AirDist-SupFanMtr-cDXGF-2SpClgHtg-VFDStdMtr,None,MLI,Ex,CZ14,cDXGF,0,Each,1.0,100014.057511744,861384.8200000001,283149.19,0,239893.0,0.0,171746.91,0,0,166592.35,0,0,0.0,0,0,0,8571.638566552901,0.0,7013.602730375426,1558.0358361774743,1,1,2026-06-10 17:41:22.494414
NE-HV_AirDist-SupFanMtr-cDXGF-2SpClgHtg-VFDExMtr,None,MLI,Ex,CZ13,cDXGF,0,Each,1.0,100014.057511744,869187.0299999999,283149.19,0,239893.0,0.0,180445.76,0,0,165695.71,0,0,0.0,0,0,0,8259.627303754265,0.0,6742.581911262799,1517.0453924914675,1,1,2026-06-10 17:41:22.494414
NE-HV_AirDist-SupFanMtr-cDXGF-2SpClgHtg-VFDPMMtr,None,MLI,Ex,CZ13,cDXGF,0,Each,1.0,100014.057511744,858511.09,283149.19,0,239893.0,0.0,179314.31,0,0,156151.22,0,0,0.0,0,0,0,8370.739590443685,0.0,6853.694197952218,1517.0453924914675,1,1,2026-06-10 17:41:22.494414
NE-HV_AirDist-SupFanMtr-cDXGF-2SpClgHtg-VFDStdMtr,None,MLI,Ex,CZ13,cDXGF,0,Each,1.0,100014.057511744,865787.4400000001,283149.19,0,239893.0,0.0,180062.57,0,0,162679.31,0,0,0.0,0,0,0,8295.966552901024,0.0,6778.921160409556,1517.0453924914675,1,1,2026-06-10 17:41:22.494414
NE-HV_AirDist-SupFanMtr-cDXGF-2SpClgHtg-VFDExMtr,None,MLI,Ex,CZ12,cDXGF,0,Each,1.0,100014.057511744,780439.46,283149.19,0,239893.0,0.0,113386.81,0,0,144007.09,0,0,0.0,0,0,0,9661.566552901022,0.0,8046.597269624573,1614.9692832764504,1,1,2026-06-10 17:41:22.494414
NE-HV_AirDist-SupFanMtr-cDXGF-2SpClgHtg-VFDPMMtr,None,MLI,Ex,CZ12,cDXGF,0,Each,1.0,100014.057511744,770488.4400000001,283149.19,0,239893.0,0.0,112501.9,0,0,134940.98,0,0,0.0,0,0,0,9784.059385665529,0.0,8169.090102389078,1614.9692832764504,1,1,2026-06-10 17:41:22.494414
NE-HV_AirDist-SupFanMtr-cDXGF-2SpClgHtg-VFDStdMtr,None,MLI,Ex,CZ12,cDXGF,0,Each,1.0,100014.057511744,777387.22,283149.19,0,239893.0,0.0,113096.51,0,0,141245.15,0,0,0.0,0,0,0,9701.969965870307,0.0,8087.000682593856,1614.9692832764504,1,1,2026-06-10 17:41:22.494414
NE-HV_AirDist-SupFanMtr-cDXGF-2SpClgHtg-VFDExMtr,None,MLI,Ex,CZ11,cDXGF,0,Each,1.0,100014.057511744,852845.3899999999,283149.19,0,239893.0,0.0,167696.47,0,0,162103.36,0,0,0.0,0,0,0,9573.604436860067,0.0,8026.952559726962,1546.651877133106,1,1,2026-06-10 17:41:22.494414
NE-HV_AirDist-SupFanMtr-cDXGF-2SpClgHtg-VFDPMMtr,None,MLI,Ex,CZ11,cDXGF,0,Each,1.0,100014.057511744,842611.22,283149.19,0,239893.0,0.0,166672.79,0,0,152892.87,0,0,0.0,0,0,0,9697.43481228669,0.0,8150.782935153584,1546.651877133106,1,1,2026-06-10 17:41:22.494414
NE-HV_AirDist-SupFanMtr-cDXGF-2SpClgHtg-VFDStdMtr,None,MLI,Ex,CZ11,cDXGF,0,Each,1.0,100014.057511744,849608.02,283149.19,0,239893.0,0.0,167352.6,0,0,159209.86,0,0,0.0,0,0,0,9614.488737201365,0.0,8067.836860068259,1546.651877133106,1,1,2026-06-10 17:41:22.494414
NE-HV_AirDist-SupFanMtr-cDXGF-2SpClgHtg-VFDExMtr,None,MLI,Ex,CZ10,cDXGF,0,Each,1.0,100014.057511744,828269.7099999998,283149.19,0,239893.0,0.0,155881.47,0,0,149342.68,0,0,0.0,0,0,0,4502.915699658703,0.0,2992.59385665529,1510.321843003413,1,1,2026-06-10 17:41:22.494414
NE-HV_AirDist-SupFanMtr-cDXGF-2SpClgHtg-VFDPMMtr,None,MLI,Ex,CZ10,cDXGF,0,Each,1.0,100014.057511744,817816.34,283149.19,0,239893.0,0.0,154664.52,0,0,140106.26,0,0,0.0,0,0,0,4571.642320819113,0.0,3061.3204778156996,1510.321843003413,1,1,2026-06-10 17:41:22.494414
NE-HV_AirDist-SupFanMtr-cDXGF-2SpClgHtg-VFDStdMtr,None,MLI,Ex,CZ10,cDXGF,0,Each,1.0,100014.057511744,825076.4899999999,283149.19,0,239893.0,0.0,155477.73,0,0,146553.2,0,0,0.0,0,0,0,4524.848122866893,0.0,3014.526279863481,1510.321843003413,1,1,2026-06-10 17:41:22.494414
NE-HV_AirDist-SupFanMtr-cDXGF-2SpClgHtg-VFDExMtr,None,MLI,Ex,CZ09,cDXGF,0,Each,1.0,100014.057511744,807563.62,283149.19,0,239893.0,0.0,138562.11,0,0,145955.95,0,0,0.0,0,0,0,4571.749488054607,0.0,3042.9767918088737,1528.7726962457339,1,1,2026-06-10 17:41:22.494414
NE-HV_AirDist-SupFanMtr-cDXGF-2SpClgHtg-VFDPMMtr,None,MLI,Ex,CZ09,cDXGF,0,Each,1.0,100014.057511744,797060.78,283149.19,0,239893.0,0.0,137404.84,0,0,136610.38,0,0,0.0,0,0,0,4641.323890784983,0.0,3112.551194539249,1528.7726962457339,1,1,2026-06-10 17:41:22.494414
NE-HV_AirDist-SupFanMtr-cDXGF-2SpClgHtg-VFDStdMtr,None,MLI,Ex,CZ09,cDXGF,0,Each,1.0,100014.057511744,804326.82,283149.19,0,239893.0,0.0,138180.48,0,0,143100.78,0,0,0.0,0,0,0,4593.825255972696,0.0,3065.052559726962,1528.7726962457339,1,1,2026-06-10 17:41:22.494414
NE-HV_AirDist-SupFanMtr-cDXGF-2SpClgHtg-VFDExMtr,None,MLI,Ex,CZ08,cDXGF,0,Each,1.0,100014.057511744,805276.7399999999,283149.19,0,239893.0,0.0,138005.25,0,0,144225.93,0,0,0.0,0,0,0,3973.643003412969,0.0,2455.2221843003413,1518.4208191126281,1,1,2026-06-10 17:41:22.494414
NE-HV_AirDist-SupFanMtr-cDXGF-2SpClgHtg-VFDPMMtr,None,MLI,Ex,CZ08,cDXGF,0,Each,1.0,100014.057511744,794836.1199999999,283149.19,0,239893.0,0.0,136827.72,0,0,134962.84,0,0,0.0,0,0,0,4033.9464163822527,0.0,2515.5255972696245,1518.4208191126281,1,1,2026-06-10 17:41:22.494414
NE-HV_AirDist-SupFanMtr-cDXGF-2SpClgHtg-VFDStdMtr,None,MLI,Ex,CZ08,cDXGF,0,Each,1.0,100014.057511744,802069.1599999999,283149.19,0,239893.0,0.0,137616.76,0,0,141406.84,0,0,0.0,0,0,0,3993.6337883959045,0.0,2475.2129692832764,1518.4208191126281,1,1,2026-06-10 17:41:22.494414
NE-HV_AirDist-SupFanMtr-cDXGF-2SpClgHtg-VFDExMtr,None,MLI,Ex,CZ07,cDXGF,0,Each,1.0,100014.057511744,730506.58,283149.19,0,239893.0,0.0,81086.09,0,0,126374.93,0,0,0.0,0,0,0,3340.723208191126,0.0,1792.0,1548.723208191126,1,1,2026-06-10 17:41:22.494414
NE-HV_AirDist-SupFanMtr-cDXGF-2SpClgHtg-VFDPMMtr,None,MLI,Ex,CZ07,cDXGF,0,Each,1.0,100014.057511744,720391.65,283149.19,0,239893.0,0.0,80116.2,0,0,117229.89,0,0,0.0,0,0,0,3399.3617747440267,0.0,1850.638566552901,1548.723208191126,1,1,2026-06-10 17:41:22.494414
NE-HV_AirDist-SupFanMtr-cDXGF-2SpClgHtg-VFDStdMtr,None,MLI,Ex,CZ07,cDXGF,0,Each,1.0,100014.057511744,727473.52,283149.19,0,239893.0,0.0,80764.92,0,0,123663.04,0,0,0.0,0,0,0,3362.228668941979,0.0,1813.5054607508532,1548.723208191126,1,1,2026-06-10 17:41:22.494414
NE-HV_AirDist-SupFanMtr-cDXGF-2SpClgHtg-VFDExMtr,None,MLI,Ex,CZ06,cDXGF,0,Each,1.0,100014.057511744,718462.49,283149.19,0,239893.0,0.0,71761.95,0,0,123654.98,0,0,0.0,0,0,0,3592.7873720136517,0.0,2028.7402730375425,1564.0470989761093,1,1,2026-06-10 17:41:22.494414
NE-HV_AirDist-SupFanMtr-cDXGF-2SpClgHtg-VFDPMMtr,None,MLI,Ex,CZ06,cDXGF,0,Each,1.0,100014.057511744,708416.1,283149.19,0,239893.0,0.0,70850.45,0,0,114520.09,0,0,0.0,0,0,0,3650.3023890784975,0.0,2086.2549488054606,1564.0474402730374,1,1,2026-06-10 17:41:22.494414
NE-HV_AirDist-SupFanMtr-cDXGF-2SpClgHtg-VFDStdMtr,None,MLI,Ex,CZ06,cDXGF,0,Each,1.0,100014.057511744,715650.6599999999,283149.19,0,239893.0,0.0,71469.75,0,0,121135.35,0,0,0.0,0,0,0,3610.795221843003,0.0,2046.7481228668942,1564.0470989761093,1,1,2026-06-10 17:41:22.494414
NE-HV_AirDist-SupFanMtr-cDXGF-2SpClgHtg-VFDExMtr,None,MLI,Ex,CZ05,cDXGF,0,Each,1.0,100014.057511744,667919.7,283149.19,0,239893.0,0.0,30155.17,0,0,114718.97,0,0,0.0,0,0,0,7694.114334470989,0.0,6003.130375426621,1690.9839590443687,1,1,2026-06-10 17:41:22.494414
NE-HV_AirDist-SupFanMtr-cDXGF-2SpClgHtg-VFDPMMtr,None,MLI,Ex,CZ05,cDXGF,0,Each,1.0,100014.057511744,659075.7,283149.19,0,239893.0,0.0,29628.27,0,0,106401.87,0,0,0.0,0,0,0,7819.336518771331,0.0,6128.352559726963,1690.9839590443687,1,1,2026-06-10 17:41:22.494414
NE-HV_AirDist-SupFanMtr-cDXGF-2SpClgHtg-VFDStdMtr,None,MLI,Ex,CZ05,cDXGF,0,Each,1.0,100014.057511744,665368.1599999999,283149.19,0,239893.0,0.0,29985.22,0,0,112337.38,0,0,0.0,0,0,0,7734.341979522185,0.0,6043.358020477816,1690.9839590443687,1,1,2026-06-10 17:41:22.494414
NE-HV_AirDist-SupFanMtr-cDXGF-2SpClgHtg-VFDExMtr,None,MLI,Ex,CZ04,cDXGF,0,Each,1.0,100014.057511744,777938.4900000001,283149.19,0,239893.0,0.0,113654.66,0,0,141238.27,0,0,0.0,0,0,0,9227.806825938565,0.0,7589.71228668942,1638.0945392491467,1,1,2026-06-10 17:41:22.494414
NE-HV_AirDist-SupFanMtr-cDXGF-2SpClgHtg-VFDPMMtr,None,MLI,Ex,CZ04,cDXGF,0,Each,1.0,100014.057511744,768117.0800000001,283149.19,0,239893.0,0.0,112793.16,0,0,132278.36,0,0,0.0,0,0,0,9351.770648464164,0.0,7713.676109215016,1638.0945392491467,1,1,2026-06-10 17:41:22.494414
NE-HV_AirDist-SupFanMtr-cDXGF-2SpClgHtg-VFDStdMtr,None,MLI,Ex,CZ04,cDXGF,0,Each,1.0,100014.057511744,774938.9,283149.19,0,239893.0,0.0,113372.33,0,0,138521.01,0,0,0.0,0,0,0,9267.648122866894,0.0,7629.553583617748,1638.0945392491467,1,1,2026-06-10 17:41:22.494414
NE-HV_AirDist-SupFanMtr-cDXGF-2SpClgHtg-VFDExMtr,None,MLI,Ex,CZ03,cDXGF,0,Each,1.0,100014.057511744,655156.88,283149.19,0,239893.0,0.0,23810.58,0,0,108300.74,0,0,0.0,0,0,0,8064.911262798635,0.0,6381.359044368601,1683.5522184300341,1,1,2026-06-10 17:41:22.494414
NE-HV_AirDist-SupFanMtr-cDXGF-2SpClgHtg-VFDPMMtr,None,MLI,Ex,CZ03,cDXGF,0,Each,1.0,100014.057511744,646630.4700000001,283149.19,0,239893.0,0.0,23389.39,0,0,100195.52,0,0,0.0,0,0,0,8185.456655290102,0.0,6501.90409556314,1683.5525597269623,1,1,2026-06-10 17:41:22.494414
NE-HV_AirDist-SupFanMtr-cDXGF-2SpClgHtg-VFDStdMtr,None,MLI,Ex,CZ03,cDXGF,0,Each,1.0,100014.057511744,652686.48,283149.19,0,239893.0,0.0,23674.03,0,0,105966.89,0,0,0.0,0,0,0,8103.732764505119,0.0,6420.180204778157,1683.5525597269623,1,1,2026-06-10 17:41:22.494414
NE-HV_AirDist-SupFanMtr-cDXGF-2SpClgHtg-VFDExMtr,None,MLI,Ex,CZ02,cDXGF,0,Each,1.0,100014.057511744,713189.87,283149.19,0,239893.0,0.0,63709.63,0,0,126434.68,0,0,0.0,0,0,0,10745.156313993175,0.0,9043.675767918088,1701.4805460750852,1,1,2026-06-10 17:41:22.494414
NE-HV_AirDist-SupFanMtr-cDXGF-2SpClgHtg-VFDPMMtr,None,MLI,Ex,CZ02,cDXGF,0,Each,1.0,100014.057511744,704038.24,283149.19,0,239893.0,0.0,63072.59,0,0,117920.09,0,0,0.0,0,0,0,10886.623549488055,0.0,9185.14300341297,1701.4805460750852,1,1,2026-06-10 17:41:22.494414
NE-HV_AirDist-SupFanMtr-cDXGF-2SpClgHtg-VFDStdMtr,None,MLI,Ex,CZ02,cDXGF,0,Each,1.0,100014.057511744,710441.71,283149.19,0,239893.0,0.0,63504.42,0,0,123891.73,0,0,0.0,0,0,0,10791.276791808874,0.0,9089.796245733789,1701.4805460750852,1,1,2026-06-10 17:41:22.494414
NE-HV_AirDist-SupFanMtr-cDXGF-2SpClgHtg-VFDExMtr,None,MLI,Ex,CZ01,cDXGF,0,Each,1.0,100014.057511744,636412.01,283149.19,0,239893.0,0.0,1438.48,0,0,111927.97,0,0,0.0,0,0,0,15473.990784982934,0.0,13663.880546075085,1810.1102389078499,1,1,2026-06-10 17:41:22.494414
NE-HV_AirDist-SupFanMtr-cDXGF-2SpClgHtg-VFDPMMtr,None,MLI,Ex,CZ01,cDXGF,0,Each,1.0,100014.057511744,628658.75,283149.19,0,239893.0,0.0,1388.47,0,0,104224.72,0,0,0.0,0,0,0,15689.955972696243,0.0,13879.845733788396,1810.1102389078499,1,1,2026-06-10 17:41:22.494414
NE-HV_AirDist-SupFanMtr-cDXGF-2SpClgHtg-VFDStdMtr,None,MLI,Ex,CZ01,cDXGF,0,Each,1.0,100014.057511744,634136.7000000001,283149.19,0,239893.0,0.0,1422.61,0,0,109668.53,0,0,0.0,0,0,0,15544.179863481228,0.0,13734.069624573378,1810.1102389078499,1,1,2026-06-10 17:41:22.494414
NE-HV_AirDist-SupFanMtr-cDXOH-2SpClgHtg-VFDExMtr,None,MBT,Ex,CZ16,cDXOH,0,Each,1.0,399947.62219104,2974528.0900000003,709539.71,0,1394057.91,0.0,191626.55,0,0,678662.24,0,0,0.0,0,0,0,124956.95767918088,26402.307167235493,92155.17576791809,6399.474744027303,1,1,2026-06-10 17:41:22.494414
NE-HV_AirDist-SupFanMtr-cDXOH-2SpClgHtg-VFDPMMtr,None,MBT,Ex,CZ16,cDXOH,0,Each,1.0,399947.62219104,2967500.47,709539.71,0,1394057.91,0.0,190998.96,0,0,672262.24,0,0,0.0,0,0,0,124961.05392491468,26402.307167235493,92159.27098976109,6399.475767918089,1,1,2026-06-10 17:41:22.494414
NE-HV_AirDist-SupFanMtr-cDXOH-2SpClgHtg-VFDStdMtr,None,MBT,Ex,CZ16,cDXOH,0,Each,1.0,399947.62219104,2972447.47,709539.71,0,1394057.91,0.0,191411.5,0,0,676796.68,0,0,0.0,0,0,0,124957.8566552901,26402.307167235493,92156.07406143345,6399.47542662116,1,1,2026-06-10 17:41:22.494414
NE-HV_AirDist-SupFanMtr-cDXOH-2SpClgHtg-VFDExMtr,None,MBT,Ex,CZ15,cDXOH,0,Each,1.0,399947.62219104,4425965.79,709539.71,0,1394057.91,0.0,1438474.18,0,0,883160.4,0,0,0.0,0,0,0,55496.98600682594,26402.307167235493,24575.9771331058,4518.701706484641,1,1,2026-06-10 17:41:22.494414
NE-HV_AirDist-SupFanMtr-cDXOH-2SpClgHtg-VFDPMMtr,None,MBT,Ex,CZ15,cDXOH,0,Each,1.0,399947.62219104,4415431.41,709539.71,0,1394057.91,0.0,1436760.57,0,0,874339.64,0,0,0.0,0,0,0,55499.108873720135,26402.307167235493,24578.1,4518.701706484641,1,1,2026-06-10 17:41:22.494414
NE-HV_AirDist-SupFanMtr-cDXOH-2SpClgHtg-VFDStdMtr,None,MBT,Ex,CZ15,cDXOH,0,Each,1.0,399947.62219104,4422551.84,709539.71,0,1394057.91,0.0,1437882.58,0,0,880338.05,0,0,0.0,0,0,0,55497.42013651877,26402.307167235493,24576.411262798632,4518.701706484641,1,1,2026-06-10 17:41:22.494414
NE-HV_AirDist-SupFanMtr-cDXOH-2SpClgHtg-VFDExMtr,None,MBT,Ex,CZ14,cDXOH,0,Each,1.0,399947.62219104,3590096.9,709539.71,0,1394057.91,0.0,692292.05,0,0,793556.27,0,0,0.0,0,0,0,101031.44641638224,26402.307167235493,69072.3266211604,5556.812627986347,1,1,2026-06-10 17:41:22.494414
NE-HV_AirDist-SupFanMtr-cDXOH-2SpClgHtg-VFDPMMtr,None,MBT,Ex,CZ14,cDXOH,0,Each,1.0,399947.62219104,3581706.4999999995,709539.71,0,1394057.91,0.0,691199.37,0,0,786258.46,0,0,0.0,0,0,0,101032.5928327645,26402.307167235493,69073.4723549488,5556.813310580204,1,1,2026-06-10 17:41:22.494414
NE-HV_AirDist-SupFanMtr-cDXOH-2SpClgHtg-VFDStdMtr,None,MBT,Ex,CZ14,cDXOH,0,Each,1.0,399947.62219104,3587470.42,709539.71,0,1394057.91,0.0,691915.4,0,0,791306.35,0,0,0.0,0,0,0,101030.23788395905,26402.307167235493,69071.11774744026,5556.812969283276,1,1,2026-06-10 17:41:22.494414
NE-HV_AirDist-SupFanMtr-cDXOH-2SpClgHtg-VFDExMtr,None,MBT,Ex,CZ13,cDXOH,0,Each,1.0,399947.62219104,3720666.13,709539.71,0,1394057.91,0.0,738645.72,0,0,877733.7,0,0,0.0,0,0,0,98664.15392491467,26402.307167235493,66865.40273037543,5396.444027303754,1,1,2026-06-10 17:41:22.494414
NE-HV_AirDist-SupFanMtr-cDXOH-2SpClgHtg-VFDPMMtr,None,MBT,Ex,CZ13,cDXOH,0,Each,1.0,399947.62219104,3712535.2999999993,709539.71,0,1394057.91,0.0,737543.83,0,0,870704.78,0,0,0.0,0,0,0,98666.28668941978,26402.307167235493,66867.53447098976,5396.445051194539,1,1,2026-06-10 17:41:22.494414
NE-HV_AirDist-SupFanMtr-cDXOH-2SpClgHtg-VFDStdMtr,None,MBT,Ex,CZ13,cDXOH,0,Each,1.0,399947.62219104,3718041.21,709539.71,0,1394057.91,0.0,738267.99,0,0,875486.51,0,0,0.0,0,0,0,98664.47781569966,26402.307167235493,66865.72662116041,5396.444027303754,1,1,2026-06-10 17:41:22.494414
NE-HV_AirDist-SupFanMtr-cDXOH-2SpClgHtg-VFDExMtr,None,MBT,Ex,CZ12,cDXOH,0,Each,1.0,399947.62219104,3392913.8499999996,709539.71,0,1394057.91,0.0,417685.22,0,0,870992.21,0,0,0.0,0,0,0,114874.30546075087,26402.307167235493,82692.81331058021,5779.184982935153,1,1,2026-06-10 17:41:22.494414
NE-HV_AirDist-SupFanMtr-cDXOH-2SpClgHtg-VFDPMMtr,None,MBT,Ex,CZ12,cDXOH,0,Each,1.0,399947.62219104,3385732.21,709539.71,0,1394057.91,0.0,416855.79,0,0,864640.01,0,0,0.0,0,0,0,114877.33686006826,26402.307167235493,82695.84402730376,5779.18566552901,1,1,2026-06-10 17:41:22.494414
NE-HV_AirDist-SupFanMtr-cDXOH-2SpClgHtg-VFDStdMtr,None,MBT,Ex,CZ12,cDXOH,0,Each,1.0,399947.62219104,3390692.4899999998,709539.71,0,1394057.91,0.0,417406.98,0,0,869049.08,0,0,0.0,0,0,0,114874.77781569965,26402.307167235493,82693.28532423207,5779.185324232082,1,1,2026-06-10 17:41:22.494414
NE-HV_AirDist-SupFanMtr-cDXOH-2SpClgHtg-VFDExMtr,None,MBT,Ex,CZ11,cDXOH,0,Each,1.0,399947.62219104,3664339.1499999994,709539.71,0,1394057.91,0.0,680674.74,0,0,879416.99,0,0,0.0,0,0,0,107382.34709897611,26402.307167235493,75467.8784982935,5512.161433447099,1,1,2026-06-10 17:41:22.494414
NE-HV_AirDist-SupFanMtr-cDXOH-2SpClgHtg-VFDPMMtr,None,MBT,Ex,CZ11,cDXOH,0,Each,1.0,399947.62219104,3656551.8099999996,709539.71,0,1394057.91,0.0,679665.95,0,0,872638.44,0,0,0.0,0,0,0,107385.06450511946,26402.307167235493,75470.59488054608,5512.162457337883,1,1,2026-06-10 17:41:22.494414
NE-HV_AirDist-SupFanMtr-cDXOH-2SpClgHtg-VFDStdMtr,None,MBT,Ex,CZ11,cDXOH,0,Each,1.0,399947.62219104,3661884.11,709539.71,0,1394057.91,0.0,680333.01,0,0,877303.68,0,0,0.0,0,0,0,107382.86109215017,26402.307167235493,75468.39215017065,5512.161774744027,1,1,2026-06-10 17:41:22.494414
NE-HV_AirDist-SupFanMtr-cDXOH-2SpClgHtg-VFDExMtr,None,MBT,Ex,CZ10,cDXOH,0,Each,1.0,399947.62219104,3491703.6199999996,709539.71,0,1394057.91,0.0,570932.72,0,0,816511.02,0,0,0.0,0,0,0,76707.16006825939,26402.307167235493,44934.83003412969,5370.022866894198,1,1,2026-06-10 17:41:22.494414
NE-HV_AirDist-SupFanMtr-cDXOH-2SpClgHtg-VFDPMMtr,None,MBT,Ex,CZ10,cDXOH,0,Each,1.0,399947.62219104,3482898.2699999996,709539.71,0,1394057.91,0.0,569754.18,0,0,808884.21,0,0,0.0,0,0,0,76710.08907849829,26402.307167235493,44937.758361774744,5370.023549488054,1,1,2026-06-10 17:41:22.494414
NE-HV_AirDist-SupFanMtr-cDXOH-2SpClgHtg-VFDStdMtr,None,MBT,Ex,CZ10,cDXOH,0,Each,1.0,399947.62219104,3488934.6799999997,709539.71,0,1394057.91,0.0,570533.58,0,0,814141.22,0,0,0.0,0,0,0,76707.69215017065,26402.307167235493,44935.36177474403,5370.023208191126,1,1,2026-06-10 17:41:22.494414
NE-HV_AirDist-SupFanMtr-cDXOH-2SpClgHtg-VFDExMtr,None,MBT,Ex,CZ09,cDXOH,0,Each,1.0,399947.62219104,3390668.8,709539.71,0,1394057.91,0.0,470403.48,0,0,816006.7,0,0,0.0,0,0,0,74507.45972696246,26402.307167235493,42663.073037542665,5442.0795221843,1,1,2026-06-10 17:41:22.494414
NE-HV_AirDist-SupFanMtr-cDXOH-2SpClgHtg-VFDPMMtr,None,MBT,Ex,CZ09,cDXOH,0,Each,1.0,399947.62219104,3381551.26,709539.71,0,1394057.91,0.0,469254.56,0,0,808038.08,0,0,0.0,0,0,0,74510.3941979522,26402.307167235493,42666.006484641635,5442.080546075085,1,1,2026-06-10 17:41:22.494414
NE-HV_AirDist-SupFanMtr-cDXOH-2SpClgHtg-VFDStdMtr,None,MBT,Ex,CZ09,cDXOH,0,Each,1.0,399947.62219104,3387837.7399999998,709539.71,0,1394057.91,0.0,470017.65,0,0,813561.46,0,0,0.0,0,0,0,74507.98225255973,26402.307167235493,42663.595221843,5442.079863481229,1,1,2026-06-10 17:41:22.494414
NE-HV_AirDist-SupFanMtr-cDXOH-2SpClgHtg-VFDExMtr,None,MBT,Ex,CZ08,cDXOH,0,Each,1.0,399947.62219104,3390155.6199999996,709539.71,0,1394057.91,0.0,443422.7,0,0,842478.36,0,0,0.0,0,0,0,70533.2180887372,26402.307167235493,38729.3337883959,5401.577133105801,1,1,2026-06-10 17:41:22.494414
NE-HV_AirDist-SupFanMtr-cDXOH-2SpClgHtg-VFDPMMtr,None,MBT,Ex,CZ08,cDXOH,0,Each,1.0,399947.62219104,3381159.6999999997,709539.71,0,1394057.91,0.0,442225.62,0,0,834679.53,0,0,0.0,0,0,0,70536.15631399318,26402.307167235493,38732.27235494881,5401.576791808874,1,1,2026-06-10 17:41:22.494414
NE-HV_AirDist-SupFanMtr-cDXOH-2SpClgHtg-VFDStdMtr,None,MBT,Ex,CZ08,cDXOH,0,Each,1.0,399947.62219104,3387341.4000000004,709539.71,0,1394057.91,0.0,443018.92,0,0,840067.91,0,0,0.0,0,0,0,70533.72150170647,26402.307167235493,38729.83686006826,5401.57747440273,1,1,2026-06-10 17:41:22.494414
NE-HV_AirDist-SupFanMtr-cDXOH-2SpClgHtg-VFDExMtr,None,MBT,Ex,CZ07,cDXOH,0,Each,1.0,399947.62219104,3167634.56,709539.71,0,1394057.91,0.0,237437.84,0,0,825942.27,0,0,0.0,0,0,0,64035.95255972696,26402.307167235493,32113.569965870305,5520.07542662116,1,1,2026-06-10 17:41:22.494414
NE-HV_AirDist-SupFanMtr-cDXOH-2SpClgHtg-VFDPMMtr,None,MBT,Ex,CZ07,cDXOH,0,Each,1.0,399947.62219104,3159036.8599999994,709539.71,0,1394057.91,0.0,236438.73,0,0,818343.69,0,0,0.0,0,0,0,64039.513310580194,26402.307167235493,32117.132081911263,5520.074061433447,1,1,2026-06-10 17:41:22.494414
NE-HV_AirDist-SupFanMtr-cDXOH-2SpClgHtg-VFDStdMtr,None,MBT,Ex,CZ07,cDXOH,0,Each,1.0,399947.62219104,3164990.76,709539.71,0,1394057.91,0.0,237097.39,0,0,823638.92,0,0,0.0,0,0,0,64036.63003412969,26402.307167235493,32114.247781569964,5520.0750853242325,1,1,2026-06-10 17:41:22.494414
NE-HV_AirDist-SupFanMtr-cDXOH-2SpClgHtg-VFDExMtr,None,MBT,Ex,CZ06,cDXOH,0,Each,1.0,399947.62219104,3145484.4199999995,709539.71,0,1394057.91,0.0,220324.56,0,0,820925.73,0,0,0.0,0,0,0,67784.93924914676,26402.307167235493,35802.80580204778,5579.826279863481,1,1,2026-06-10 17:41:22.494414
NE-HV_AirDist-SupFanMtr-cDXOH-2SpClgHtg-VFDPMMtr,None,MBT,Ex,CZ06,cDXOH,0,Each,1.0,399947.62219104,3136958.77,709539.71,0,1394057.91,0.0,219336.51,0,0,813388.19,0,0,0.0,0,0,0,67788.80068259386,26402.307167235493,35806.65255972696,5579.840955631399,1,1,2026-06-10 17:41:22.494414
NE-HV_AirDist-SupFanMtr-cDXOH-2SpClgHtg-VFDStdMtr,None,MBT,Ex,CZ06,cDXOH,0,Each,1.0,399947.62219104,3142865.9,709539.71,0,1394057.91,0.0,219987.55,0,0,818644.23,0,0,0.0,0,0,0,67785.73959044369,26402.307167235493,35803.595563139934,5579.83686006826,1,1,2026-06-10 17:41:22.494414
NE-HV_AirDist-SupFanMtr-cDXOH-2SpClgHtg-VFDExMtr,None,MBT,Ex,CZ05,cDXOH,0,Each,1.0,399947.62219104,3026075.79,709539.71,0,1394057.91,0.0,116073.55,0,0,805848.95,0,0,0.0,0,0,0,118344.32969283278,26402.307167235493,85865.89726962458,6076.125255972696,1,1,2026-06-10 17:41:22.494414
NE-HV_AirDist-SupFanMtr-cDXOH-2SpClgHtg-VFDPMMtr,None,MBT,Ex,CZ05,cDXOH,0,Each,1.0,399947.62219104,3019196.75,709539.71,0,1394057.91,0.0,115521.05,0,0,799522.43,0,0,0.0,0,0,0,118350.19078498293,26402.307167235493,85871.7580204778,6076.125597269624,1,1,2026-06-10 17:41:22.494414
NE-HV_AirDist-SupFanMtr-cDXOH-2SpClgHtg-VFDStdMtr,None,MBT,Ex,CZ05,cDXOH,0,Each,1.0,399947.62219104,3024145.12,709539.71,0,1394057.91,0.0,115896.71,0,0,804095.12,0,0,0.0,0,0,0,118345.43686006826,26402.307167235493,85867.00443686006,6076.125255972696,1,1,2026-06-10 17:41:22.494414
NE-HV_AirDist-SupFanMtr-cDXOH-2SpClgHtg-VFDExMtr,None,MBT,Ex,CZ04,cDXOH,0,Each,1.0,399947.62219104,3364368.79,709539.71,0,1394057.91,0.0,432440.64,0,0,827738.99,0,0,0.0,0,0,0,120094.92320819113,26402.307167235493,87823.00102389079,5869.615017064846,1,1,2026-06-10 17:41:22.494414
NE-HV_AirDist-SupFanMtr-cDXOH-2SpClgHtg-VFDPMMtr,None,MBT,Ex,CZ04,cDXOH,0,Each,1.0,399947.62219104,3357098.43,709539.71,0,1394057.91,0.0,431645.88,0,0,821263.43,0,0,0.0,0,0,0,120098.51740614336,26402.307167235493,87826.5938566553,5869.61638225256,1,1,2026-06-10 17:41:22.494414
NE-HV_AirDist-SupFanMtr-cDXOH-2SpClgHtg-VFDStdMtr,None,MBT,Ex,CZ04,cDXOH,0,Each,1.0,399947.62219104,3362217.53,709539.71,0,1394057.91,0.0,432177.53,0,0,825850.88,0,0,0.0,0,0,0,120095.54778156997,26402.307167235493,87823.6252559727,5869.615358361775,1,1,2026-06-10 17:41:22.494414
NE-HV_AirDist-SupFanMtr-cDXOH-2SpClgHtg-VFDExMtr,None,MBT,Ex,CZ03,cDXOH,0,Each,1.0,399947.62219104,3014098.8399999994,709539.71,0,1394057.91,0.0,91846.12,0,0,818083.07,0,0,0.0,0,0,0,112578.53651877133,26402.307167235493,80129.15494880547,6047.074402730375,1,1,2026-06-10 17:41:22.494414
NE-HV_AirDist-SupFanMtr-cDXOH-2SpClgHtg-VFDPMMtr,None,MBT,Ex,CZ03,cDXOH,0,Each,1.0,399947.62219104,3007298.6799999997,709539.71,0,1394057.91,0.0,91372.45,0,0,811756.61,0,0,0.0,0,0,0,112577.55426621159,26402.307167235493,80128.17201365187,6047.075085324232,1,1,2026-06-10 17:41:22.494414
NE-HV_AirDist-SupFanMtr-cDXOH-2SpClgHtg-VFDStdMtr,None,MBT,Ex,CZ03,cDXOH,0,Each,1.0,399947.62219104,3012116.4,709539.71,0,1394057.91,0.0,91695.81,0,0,816250.95,0,0,0.0,0,0,0,112573.45119453924,26402.307167235493,80124.06928327645,6047.0747440273035,1,1,2026-06-10 17:41:22.494414
NE-HV_AirDist-SupFanMtr-cDXOH-2SpClgHtg-VFDExMtr,None,MBT,Ex,CZ02,cDXOH,0,Each,1.0,399947.62219104,3174057.41,709539.71,0,1394057.91,0.0,228044.66,0,0,841842.68,0,0,0.0,0,0,0,137400.29453924915,26402.307167235493,104880.73037542662,6117.256996587031,1,1,2026-06-10 17:41:22.494414
NE-HV_AirDist-SupFanMtr-cDXOH-2SpClgHtg-VFDPMMtr,None,MBT,Ex,CZ02,cDXOH,0,Each,1.0,399947.62219104,3167615.88,709539.71,0,1394057.91,0.0,227449.64,0,0,835996.23,0,0,0.0,0,0,0,137404.76040955633,26402.307167235493,104885.19453924915,6117.258703071672,1,1,2026-06-10 17:41:22.494414
NE-HV_AirDist-SupFanMtr-cDXOH-2SpClgHtg-VFDStdMtr,None,MBT,Ex,CZ02,cDXOH,0,Each,1.0,399947.62219104,3172167.7800000003,709539.71,0,1394057.91,0.0,227851.58,0,0,840146.15,0,0,0.0,0,0,0,137401.3266211604,26402.307167235493,104881.76211604095,6117.25733788396,1,1,2026-06-10 17:41:22.494414
NE-HV_AirDist-SupFanMtr-cDXOH-2SpClgHtg-VFDExMtr,None,MBT,Ex,CZ01,cDXOH,0,Each,1.0,399947.62219104,2958317.9999999995,709539.71,0,1394057.91,0.0,29272.98,0,0,824900.1,0,0,0.0,0,0,0,169020.89522184298,26402.307167235493,136076.78020477816,6541.807849829352,1,1,2026-06-10 17:41:22.494414
NE-HV_AirDist-SupFanMtr-cDXOH-2SpClgHtg-VFDPMMtr,None,MBT,Ex,CZ01,cDXOH,0,Each,1.0,399947.62219104,2954417.29,709539.71,0,1394057.91,0.0,29171.67,0,0,821100.71,0,0,0.0,0,0,0,169026.5590443686,26402.307167235493,136082.44266211602,6541.809215017065,1,1,2026-06-10 17:41:22.494414
NE-HV_AirDist-SupFanMtr-cDXOH-2SpClgHtg-VFDStdMtr,None,MBT,Ex,CZ01,cDXOH,0,Each,1.0,399947.62219104,2957371.3899999997,709539.71,0,1394057.91,0.0,29243.03,0,0,823983.44,0,0,0.0,0,0,0,169021.77030716723,26402.307167235493,136077.65494880546,6541.80819112628,1,1,2026-06-10 17:41:22.494414
NE-HV_AirDist-SupFanMtr-cDXHP-2SpClgHtg-VFDExMtr,None,MBT,Ex,CZ16,cDXHP,0,Each,1.0,399947.62219104,2951211.0999999996,709539.71,0,1394057.91,46611.16,193393.24,0,0,606964.19,0,0,0.0,0,0,0,124269.22969283277,26402.307167235493,91467.46006825939,6399.462457337884,1,1,2026-06-10 17:41:22.494414
NE-HV_AirDist-SupFanMtr-cDXHP-2SpClgHtg-VFDPMMtr,None,MBT,Ex,CZ16,cDXHP,0,Each,1.0,399947.62219104,2941992.51,709539.71,0,1394057.91,47227.41,192739.96,0,0,597782.64,0,0,0.0,0,0,0,124272.52662116042,26402.307167235493,91470.75836177474,6399.46109215017,1,1,2026-06-10 17:41:22.494414
NE-HV_AirDist-SupFanMtr-cDXHP-2SpClgHtg-VFDStdMtr,None,MBT,Ex,CZ16,cDXHP,0,Each,1.0,399947.62219104,2948334.3800000004,709539.71,0,1394057.91,46806.93,193174.03,0,0,604110.91,0,0,0.0,0,0,0,124269.95358361775,26402.307167235493,91468.18464163822,6399.461774744028,1,1,2026-06-10 17:41:22.494414
NE-HV_AirDist-SupFanMtr-cDXHP-2SpClgHtg-VFDExMtr,None,MBT,Ex,CZ15,cDXHP,0,Each,1.0,399947.62219104,4435400.5,709539.71,0,1394057.91,3349.93,1445212.24,0,0,882507.49,0,0,0.0,0,0,0,55472.34709897611,26402.307167235493,24551.316723549488,4518.723208191126,1,1,2026-06-10 17:41:22.494414
NE-HV_AirDist-SupFanMtr-cDXHP-2SpClgHtg-VFDPMMtr,None,MBT,Ex,CZ15,cDXHP,0,Each,1.0,399947.62219104,4424730.829999999,709539.71,0,1394057.91,3442.17,1443523.2,0,0,873434.62,0,0,0.0,0,0,0,55474.22696245734,26402.307167235493,24553.19590443686,4518.723890784982,1,1,2026-06-10 17:41:22.494414
NE-HV_AirDist-SupFanMtr-cDXHP-2SpClgHtg-VFDStdMtr,None,MBT,Ex,CZ15,cDXHP,0,Each,1.0,399947.62219104,4431823.659999999,709539.71,0,1394057.91,3378.03,1444582.11,0,0,879532.69,0,0,0.0,0,0,0,55472.527645051196,26402.307167235493,24551.496928327644,4518.723549488055,1,1,2026-06-10 17:41:22.494414
NE-HV_AirDist-SupFanMtr-cDXHP-2SpClgHtg-VFDExMtr,None,MBT,Ex,CZ14,cDXHP,0,Each,1.0,399947.62219104,3580123.3599999994,709539.71,0,1394057.91,22631.21,695955.23,0,0,757287.23,0,0,0.0,0,0,0,100743.7385665529,26402.307167235493,68784.60341296927,5556.827986348123,1,1,2026-06-10 17:41:22.494414
NE-HV_AirDist-SupFanMtr-cDXHP-2SpClgHtg-VFDPMMtr,None,MBT,Ex,CZ14,cDXHP,0,Each,1.0,399947.62219104,3570174.32,709539.71,0,1394057.91,22914.58,694718.47,0,0,748291.6,0,0,0.0,0,0,0,100744.95460750852,26402.307167235493,68785.81979522185,5556.827645051194,1,1,2026-06-10 17:41:22.494414
NE-HV_AirDist-SupFanMtr-cDXHP-2SpClgHtg-VFDStdMtr,None,MBT,Ex,CZ14,cDXHP,0,Each,1.0,399947.62219104,3576962.17,709539.71,0,1394057.91,22735.27,695542.84,0,0,754434.39,0,0,0.0,0,0,0,100744.30102389079,26402.307167235493,68785.16655290102,5556.827303754267,1,1,2026-06-10 17:41:22.494414
NE-HV_AirDist-SupFanMtr-cDXHP-2SpClgHtg-VFDExMtr,None,MBT,Ex,CZ13,cDXHP,0,Each,1.0,399947.62219104,3708761.0999999996,709539.71,0,1394057.91,21518.98,741573.55,0,0,841381.67,0,0,0.0,0,0,0,98374.11740614333,26402.307167235493,66575.35597269624,5396.454266211604,1,1,2026-06-10 17:41:22.494414
NE-HV_AirDist-SupFanMtr-cDXHP-2SpClgHtg-VFDPMMtr,None,MBT,Ex,CZ13,cDXHP,0,Each,1.0,399947.62219104,3699248.5,709539.71,0,1394057.91,21855.14,740405.22,0,0,832701.25,0,0,0.0,0,0,0,98376.7409556314,26402.307167235493,66577.9795221843,5396.454266211604,1,1,2026-06-10 17:41:22.494414
NE-HV_AirDist-SupFanMtr-cDXHP-2SpClgHtg-VFDStdMtr,None,MBT,Ex,CZ13,cDXHP,0,Each,1.0,399947.62219104,3705659.8899999997,709539.71,0,1394057.91,21622.5,741168.02,0,0,838582.48,0,0,0.0,0,0,0,98374.73720136519,26402.307167235493,66575.97542662117,5396.454607508532,1,1,2026-06-10 17:41:22.494414
NE-HV_AirDist-SupFanMtr-cDXHP-2SpClgHtg-VFDExMtr,None,MBT,Ex,CZ12,cDXHP,0,Each,1.0,399947.62219104,3378797.5199999996,709539.71,0,1394057.91,25135.68,419522.34,0,0,829901.72,0,0,0.0,0,0,0,114524.2300341297,26402.307167235493,82342.73481228668,5779.188054607508,1,1,2026-06-10 17:41:22.494414
NE-HV_AirDist-SupFanMtr-cDXHP-2SpClgHtg-VFDPMMtr,None,MBT,Ex,CZ12,cDXHP,0,Each,1.0,399947.62219104,3370201.31,709539.71,0,1394057.91,25526.03,418660.23,0,0,821777.33,0,0,0.0,0,0,0,114527.63549488055,26402.307167235493,82346.14027303754,5779.188054607508,1,1,2026-06-10 17:41:22.494414
NE-HV_AirDist-SupFanMtr-cDXHP-2SpClgHtg-VFDStdMtr,None,MBT,Ex,CZ12,cDXHP,0,Each,1.0,399947.62219104,3376078.3,709539.71,0,1394057.91,25246.37,419233.91,0,0,827360.25,0,0,0.0,0,0,0,114524.84129692832,26402.307167235493,82343.34641638225,5779.187713310581,1,1,2026-06-10 17:41:22.494414
NE-HV_AirDist-SupFanMtr-cDXHP-2SpClgHtg-VFDExMtr,None,MBT,Ex,CZ11,cDXHP,0,Each,1.0,399947.62219104,3649326.81,709539.71,0,1394057.91,25002.54,683161.32,0,0,836912.31,0,0,0.0,0,0,0,107061.00409556316,26402.307167235493,75146.52218430034,5512.174744027304,1,1,2026-06-10 17:41:22.494414
NE-HV_AirDist-SupFanMtr-cDXHP-2SpClgHtg-VFDPMMtr,None,MBT,Ex,CZ11,cDXHP,0,Each,1.0,399947.62219104,3639958.4099999997,709539.71,0,1394057.91,25384.93,682066.26,0,0,828256.59,0,0,0.0,0,0,0,107063.71296928328,26402.307167235493,75149.23037542663,5512.17542662116,1,1,2026-06-10 17:41:22.494414
NE-HV_AirDist-SupFanMtr-cDXHP-2SpClgHtg-VFDStdMtr,None,MBT,Ex,CZ11,cDXHP,0,Each,1.0,399947.62219104,3646321.23,709539.71,0,1394057.91,25114.49,682784.51,0,0,834171.59,0,0,0.0,0,0,0,107061.48668941979,26402.307167235493,75147.00443686006,5512.175085324232,1,1,2026-06-10 17:41:22.494414
NE-HV_AirDist-SupFanMtr-cDXHP-2SpClgHtg-VFDExMtr,None,MBT,Ex,CZ10,cDXHP,0,Each,1.0,399947.62219104,3485751.99,709539.71,0,1394057.91,7270.88,572036.56,0,0,802184.87,0,0,0.0,0,0,0,76637.25597269625,26402.307167235493,44864.915699658704,5370.033105802047,1,1,2026-06-10 17:41:22.494414
NE-HV_AirDist-SupFanMtr-cDXHP-2SpClgHtg-VFDPMMtr,None,MBT,Ex,CZ10,cDXHP,0,Each,1.0,399947.62219104,3476166.6999999997,709539.71,0,1394057.91,7443.29,570768.14,0,0,793695.63,0,0,0.0,0,0,0,76640.10341296927,26402.307167235493,44867.762116040954,5370.034129692833,1,1,2026-06-10 17:41:22.494414
NE-HV_AirDist-SupFanMtr-cDXHP-2SpClgHtg-VFDStdMtr,None,MBT,Ex,CZ10,cDXHP,0,Each,1.0,399947.62219104,3482756.25,709539.71,0,1394057.91,7323.07,571632.21,0,0,799541.29,0,0,0.0,0,0,0,76637.71774744027,26402.307167235493,44865.3771331058,5370.0334470989765,1,1,2026-06-10 17:41:22.494414
NE-HV_AirDist-SupFanMtr-cDXHP-2SpClgHtg-VFDExMtr,None,MBT,Ex,CZ09,cDXHP,0,Each,1.0,399947.62219104,3386107.07,709539.71,0,1394057.91,7261.43,471851.75,0,0,802735.33,0,0,0.0,0,0,0,74436.57747440271,26402.307167235493,42592.184641638225,5442.08566552901,1,1,2026-06-10 17:41:22.494414
NE-HV_AirDist-SupFanMtr-cDXHP-2SpClgHtg-VFDPMMtr,None,MBT,Ex,CZ09,cDXHP,0,Each,1.0,399947.62219104,3376287.39,709539.71,0,1394057.91,7422.55,470646.71,0,0,793959.58,0,0,0.0,0,0,0,74439.63515358361,26402.307167235493,42595.241638225256,5442.086348122867,1,1,2026-06-10 17:41:22.494414
NE-HV_AirDist-SupFanMtr-cDXHP-2SpClgHtg-VFDStdMtr,None,MBT,Ex,CZ09,cDXHP,0,Each,1.0,399947.62219104,3382993.85,709539.71,0,1394057.91,7308.26,471434.16,0,0,799992.88,0,0,0.0,0,0,0,74437.16552901022,26402.307167235493,42592.77201365188,5442.086348122867,1,1,2026-06-10 17:41:22.494414
NE-HV_AirDist-SupFanMtr-cDXHP-2SpClgHtg-VFDExMtr,None,MBT,Ex,CZ08,cDXHP,0,Each,1.0,399947.62219104,3384933.4400000004,709539.71,0,1394057.91,5409.42,443877.5,0,0,831392.03,0,0,0.0,0,0,0,70483.68498293516,26402.307167235493,38679.795221843,5401.582593856655,1,1,2026-06-10 17:41:22.494414
NE-HV_AirDist-SupFanMtr-cDXHP-2SpClgHtg-VFDPMMtr,None,MBT,Ex,CZ08,cDXHP,0,Each,1.0,399947.62219104,3375387.11,709539.71,0,1394057.91,5542.52,442666.46,0,0,822923.7,0,0,0.0,0,0,0,70486.5638225256,26402.307167235493,38682.67440273038,5401.582252559726,1,1,2026-06-10 17:41:22.494414
NE-HV_AirDist-SupFanMtr-cDXHP-2SpClgHtg-VFDStdMtr,None,MBT,Ex,CZ08,cDXHP,0,Each,1.0,399947.62219104,3381887.4199999995,709539.71,0,1394057.91,5447.16,443470.79,0,0,828715.03,0,0,0.0,0,0,0,70484.25631399317,26402.307167235493,38680.36723549488,5401.581911262799,1,1,2026-06-10 17:41:22.494414
NE-HV_AirDist-SupFanMtr-cDXHP-2SpClgHtg-VFDExMtr,None,MBT,Ex,CZ07,cDXHP,0,Each,1.0,399947.62219104,3161227.6399999997,709539.71,0,1394057.91,3625.25,235951.91,0,0,817396.03,0,0,0.0,0,0,0,64002.20238907849,26402.307167235493,32079.820477815698,5520.0747440273035,1,1,2026-06-10 17:41:22.494414
NE-HV_AirDist-SupFanMtr-cDXHP-2SpClgHtg-VFDPMMtr,None,MBT,Ex,CZ07,cDXHP,0,Each,1.0,399947.62219104,3152261.11,709539.71,0,1394057.91,3730.16,234943.47,0,0,809333.04,0,0,0.0,0,0,0,64005.582593856656,26402.307167235493,32083.201023890786,5520.074402730375,1,1,2026-06-10 17:41:22.494414
NE-HV_AirDist-SupFanMtr-cDXHP-2SpClgHtg-VFDStdMtr,None,MBT,Ex,CZ07,cDXHP,0,Each,1.0,399947.62219104,3158446.6599999997,709539.71,0,1394057.91,3653.64,235608.33,0,0,814930.25,0,0,0.0,0,0,0,64002.80409556314,26402.307167235493,32080.421843003413,5520.0750853242325,1,1,2026-06-10 17:41:22.494414
NE-HV_AirDist-SupFanMtr-cDXHP-2SpClgHtg-VFDExMtr,None,MBT,Ex,CZ06,cDXHP,0,Each,1.0,399947.62219104,3138537.1799999997,709539.71,0,1394057.91,4069.03,218601.73,0,0,811632.3,0,0,0.0,0,0,0,67745.33105802047,26402.307167235493,35763.19795221843,5579.825938566552,1,1,2026-06-10 17:41:22.494414
NE-HV_AirDist-SupFanMtr-cDXHP-2SpClgHtg-VFDPMMtr,None,MBT,Ex,CZ06,cDXHP,0,Each,1.0,399947.62219104,3129677.1,709539.71,0,1394057.91,4187.01,217607.99,0,0,803648.02,0,0,0.0,0,0,0,67749.05972696246,26402.307167235493,35766.91467576792,5579.837883959044,1,1,2026-06-10 17:41:22.494414
NE-HV_AirDist-SupFanMtr-cDXHP-2SpClgHtg-VFDStdMtr,None,MBT,Ex,CZ06,cDXHP,0,Each,1.0,399947.62219104,3135818.9499999997,709539.71,0,1394057.91,4105.32,218274.17,0,0,809205.34,0,0,0.0,0,0,0,67746.1290102389,26402.307167235493,35763.99590443686,5579.825938566552,1,1,2026-06-10 17:41:22.494414
NE-HV_AirDist-SupFanMtr-cDXHP-2SpClgHtg-VFDExMtr,None,MBT,Ex,CZ05,cDXHP,0,Each,1.0,399947.62219104,3016879.23,709539.71,0,1394057.91,15037.35,116732.64,0,0,780955.96,0,0,0.0,0,0,0,118135.14778156996,26402.307167235493,85656.71740614333,6076.123208191127,1,1,2026-06-10 17:41:22.494414
NE-HV_AirDist-SupFanMtr-cDXHP-2SpClgHtg-VFDPMMtr,None,MBT,Ex,CZ05,cDXHP,0,Each,1.0,399947.62219104,3009101.4,709539.71,0,1394057.91,15336.36,116181.96,0,0,773429.81,0,0,0.0,0,0,0,118141.40341296929,26402.307167235493,85662.97269624574,6076.123549488055,1,1,2026-06-10 17:41:22.494414
NE-HV_AirDist-SupFanMtr-cDXHP-2SpClgHtg-VFDStdMtr,None,MBT,Ex,CZ05,cDXHP,0,Each,1.0,399947.62219104,3014615.01,709539.71,0,1394057.91,15117.91,116561.57,0,0,778782.25,0,0,0.0,0,0,0,118136.23344709897,26402.307167235493,85657.80273037544,6076.123549488055,1,1,2026-06-10 17:41:22.494414
NE-HV_AirDist-SupFanMtr-cDXHP-2SpClgHtg-VFDExMtr,None,MBT,Ex,CZ04,cDXHP,0,Each,1.0,399947.62219104,3352233.0,709539.71,0,1394057.91,22670.78,434985.87,0,0,790386.77,0,0,0.0,0,0,0,119800.93071672357,26402.307167235493,87529.00068259386,5869.6228668941985,1,1,2026-06-10 17:41:22.494414
NE-HV_AirDist-SupFanMtr-cDXHP-2SpClgHtg-VFDPMMtr,None,MBT,Ex,CZ04,cDXHP,0,Each,1.0,399947.62219104,3343463.68,709539.71,0,1394057.91,23019.19,434150.96,0,0,782104.0,0,0,0.0,0,0,0,119804.71877133107,26402.307167235493,87532.7890784983,5869.6225255972695,1,1,2026-06-10 17:41:22.494414
NE-HV_AirDist-SupFanMtr-cDXHP-2SpClgHtg-VFDStdMtr,None,MBT,Ex,CZ04,cDXHP,0,Each,1.0,399947.62219104,3349549.87,709539.71,0,1394057.91,22780.4,434709.89,0,0,787870.02,0,0,0.0,0,0,0,119801.71296928328,26402.307167235493,87529.78293515359,5869.6228668941985,1,1,2026-06-10 17:41:22.494414
NE-HV_AirDist-SupFanMtr-cDXHP-2SpClgHtg-VFDExMtr,None,MBT,Ex,CZ03,cDXHP,0,Each,1.0,399947.62219104,3003991.3399999994,709539.71,0,1394057.91,16570.85,91833.8,0,0,791416.96,0,0,0.0,0,0,0,112315.27952218431,26402.307167235493,79865.90136518772,6047.070989761091,1,1,2026-06-10 17:41:22.494414
NE-HV_AirDist-SupFanMtr-cDXHP-2SpClgHtg-VFDPMMtr,None,MBT,Ex,CZ03,cDXHP,0,Each,1.0,399947.62219104,2996451.7799999993,709539.71,0,1394057.91,16841.86,91359.29,0,0,784080.94,0,0,0.0,0,0,0,112320.34368600683,26402.307167235493,79870.96484641638,6047.071672354949,1,1,2026-06-10 17:41:22.494414
NE-HV_AirDist-SupFanMtr-cDXHP-2SpClgHtg-VFDStdMtr,None,MBT,Ex,CZ03,cDXHP,0,Each,1.0,399947.62219104,3001803.8999999994,709539.71,0,1394057.91,16648.61,91678.38,0,0,789307.2,0,0,0.0,0,0,0,112316.22150170649,26402.307167235493,79866.84300341297,6047.07133105802,1,1,2026-06-10 17:41:22.494414
NE-HV_AirDist-SupFanMtr-cDXHP-2SpClgHtg-VFDExMtr,None,MBT,Ex,CZ02,cDXHP,0,Each,1.0,399947.62219104,3161388.5199999996,709539.71,0,1394057.91,26246.27,229969.85,0,0,801000.46,0,0,0.0,0,0,0,137026.5399317406,26402.307167235493,104506.97610921501,6117.256655290102,1,1,2026-06-10 17:41:22.494414
NE-HV_AirDist-SupFanMtr-cDXHP-2SpClgHtg-VFDPMMtr,None,MBT,Ex,CZ02,cDXHP,0,Each,1.0,399947.62219104,3153450.2,709539.71,0,1394057.91,26601.41,229351.75,0,0,793324.97,0,0,0.0,0,0,0,137030.03105802048,26402.307167235493,104510.4662116041,6117.257679180887,1,1,2026-06-10 17:41:22.494414
NE-HV_AirDist-SupFanMtr-cDXHP-2SpClgHtg-VFDStdMtr,None,MBT,Ex,CZ02,cDXHP,0,Each,1.0,399947.62219104,3158932.92,709539.71,0,1394057.91,26334.79,229767.83,0,0,798658.22,0,0,0.0,0,0,0,137026.8580204778,26402.307167235493,104507.29385665529,6117.256996587031,1,1,2026-06-10 17:41:22.494414
NE-HV_AirDist-SupFanMtr-cDXHP-2SpClgHtg-VFDExMtr,None,MBT,Ex,CZ01,cDXHP,0,Each,1.0,399947.62219104,2939203.4999999995,709539.71,0,1394057.91,39118.14,29586.31,0,0,766352.53,0,0,0.0,0,0,0,168350.4928327645,26402.307167235493,135406.37645051195,6541.809215017065,1,1,2026-06-10 17:41:22.494414
NE-HV_AirDist-SupFanMtr-cDXHP-2SpClgHtg-VFDPMMtr,None,MBT,Ex,CZ01,cDXHP,0,Each,1.0,399947.62219104,2933450.61,709539.71,0,1394057.91,39655.75,29488.66,0,0,760159.68,0,0,0.0,0,0,0,168356.5389078498,26402.307167235493,135412.42218430035,6541.809556313992,1,1,2026-06-10 17:41:22.494414
NE-HV_AirDist-SupFanMtr-cDXHP-2SpClgHtg-VFDStdMtr,None,MBT,Ex,CZ01,cDXHP,0,Each,1.0,399947.62219104,2937559.3099999996,709539.71,0,1394057.91,39278.36,29556.12,0,0,764578.31,0,0,0.0,0,0,0,168351.72013651874,26402.307167235493,135407.60341296927,6541.809556313992,1,1,2026-06-10 17:41:22.494414
NE-HV_AirDist-SupFanMtr-cDXGF-2SpClgHtg-VFDExMtr,None,MBT,Ex,CZ16,cDXGF,0,Each,1.0,399947.62219104,2902738.3499999996,709539.71,0,1394057.91,0.0,192649.43,0,0,605846.42,0,0,0.0,0,0,0,134374.2105802048,26402.307167235493,101572.44300341298,6399.460409556314,1,1,2026-06-10 17:41:22.494414
NE-HV_AirDist-SupFanMtr-cDXGF-2SpClgHtg-VFDPMMtr,None,MBT,Ex,CZ16,cDXGF,0,Each,1.0,399947.62219104,2892797.1099999994,709539.71,0,1394057.91,0.0,192015.94,0,0,596538.69,0,0,0.0,0,0,0,134518.60887372014,26402.307167235493,101716.84163822525,6399.4600682593855,1,1,2026-06-10 17:41:22.494414
NE-HV_AirDist-SupFanMtr-cDXGF-2SpClgHtg-VFDStdMtr,None,MBT,Ex,CZ16,cDXGF,0,Each,1.0,399947.62219104,2899633.28,709539.71,0,1394057.91,0.0,192434.73,0,0,602956.06,0,0,0.0,0,0,0,134422.1819112628,26402.307167235493,101620.41467576791,6399.4600682593855,1,1,2026-06-10 17:41:22.494414
NE-HV_AirDist-SupFanMtr-cDXGF-2SpClgHtg-VFDExMtr,None,MBT,Ex,CZ15,cDXGF,0,Each,1.0,399947.62219104,4420153.779999999,709539.71,0,1394057.91,0.0,1438714.8,0,0,877107.76,0,0,0.0,0,0,0,56256.951877133106,26402.307167235493,25335.944709897612,4518.7,1,1,2026-06-10 17:41:22.494414
NE-HV_AirDist-SupFanMtr-cDXGF-2SpClgHtg-VFDPMMtr,None,MBT,Ex,CZ15,cDXGF,0,Each,1.0,399947.62219104,4409256.9399999995,709539.71,0,1394057.91,0.0,1436997.69,0,0,867928.04,0,0,0.0,0,0,0,56280.01535836177,26402.307167235493,25359.00819112628,4518.7,1,1,2026-06-10 17:41:22.494414
NE-HV_AirDist-SupFanMtr-cDXGF-2SpClgHtg-VFDStdMtr,None,MBT,Ex,CZ15,cDXGF,0,Each,1.0,399947.62219104,4416583.299999999,709539.71,0,1394057.91,0.0,1438125.06,0,0,874127.02,0,0,0.0,0,0,0,56263.576791808875,26402.307167235493,25342.569624573378,4518.7,1,1,2026-06-10 17:41:22.494414
NE-HV_AirDist-SupFanMtr-cDXGF-2SpClgHtg-VFDExMtr,None,MBT,Ex,CZ14,cDXGF,0,Each,1.0,399947.62219104,3554883.8499999996,709539.71,0,1394057.91,0.0,693076.12,0,0,757557.92,0,0,0.0,0,0,0,105809.80784982935,26402.307167235493,73850.69146757678,5556.809215017065,1,1,2026-06-10 17:41:22.494414
NE-HV_AirDist-SupFanMtr-cDXGF-2SpClgHtg-VFDPMMtr,None,MBT,Ex,CZ14,cDXGF,0,Each,1.0,399947.62219104,3544951.6999999997,709539.71,0,1394057.91,0.0,691975.16,0,0,748726.75,0,0,0.0,0,0,0,105879.68293515359,26402.307167235493,73920.56689419795,5556.808873720136,1,1,2026-06-10 17:41:22.494414
NE-HV_AirDist-SupFanMtr-cDXGF-2SpClgHtg-VFDStdMtr,None,MBT,Ex,CZ14,cDXGF,0,Each,1.0,399947.62219104,3551697.94,709539.71,0,1394057.91,0.0,692697.74,0,0,754750.39,0,0,0.0,0,0,0,105833.31058020478,26402.307167235493,73874.19453924915,5556.808873720136,1,1,2026-06-10 17:41:22.494414
NE-HV_AirDist-SupFanMtr-cDXGF-2SpClgHtg-VFDExMtr,None,MBT,Ex,CZ13,cDXGF,0,Each,1.0,399947.62219104,3685861.3699999996,709539.71,0,1394057.91,0.0,739076.89,0,0,842497.47,0,0,0.0,0,0,0,103383.88873720137,26402.307167235493,71585.14402730376,5396.437542662115,1,1,2026-06-10 17:41:22.494414
NE-HV_AirDist-SupFanMtr-cDXGF-2SpClgHtg-VFDPMMtr,None,MBT,Ex,CZ13,cDXGF,0,Each,1.0,399947.62219104,3676215.1999999997,709539.71,0,1394057.91,0.0,737968.32,0,0,833959.9,0,0,0.0,0,0,0,103465.61877133106,26402.307167235493,71666.87406143345,5396.437542662115,1,1,2026-06-10 17:41:22.494414
NE-HV_AirDist-SupFanMtr-cDXGF-2SpClgHtg-VFDStdMtr,None,MBT,Ex,CZ13,cDXGF,0,Each,1.0,399947.62219104,3682732.9099999997,709539.71,0,1394057.91,0.0,738695.7,0,0,839750.2,0,0,0.0,0,0,0,103408.76075085325,26402.307167235493,71610.01604095564,5396.437542662115,1,1,2026-06-10 17:41:22.494414
NE-HV_AirDist-SupFanMtr-cDXGF-2SpClgHtg-VFDExMtr,None,MBT,Ex,CZ12,cDXGF,0,Each,1.0,399947.62219104,3353990.71,709539.71,0,1394057.91,0.0,418313.72,0,0,831439.13,0,0,0.0,0,0,0,120458.10546075086,26402.307167235493,88276.61843003413,5779.1798634812285,1,1,2026-06-10 17:41:22.494414
NE-HV_AirDist-SupFanMtr-cDXGF-2SpClgHtg-VFDPMMtr,None,MBT,Ex,CZ12,cDXGF,0,Each,1.0,399947.62219104,3345117.7800000003,709539.71,0,1394057.91,0.0,417477.59,0,0,823402.39,0,0,0.0,0,0,0,120552.91467576791,26402.307167235493,88371.42798634812,5779.1795221843,1,1,2026-06-10 17:41:22.494414
NE-HV_AirDist-SupFanMtr-cDXGF-2SpClgHtg-VFDStdMtr,None,MBT,Ex,CZ12,cDXGF,0,Each,1.0,399947.62219104,3351189.7300000004,709539.71,0,1394057.91,0.0,418031.08,0,0,828920.79,0,0,0.0,0,0,0,120484.3986348123,26402.307167235493,88302.91228668942,5779.179180887372,1,1,2026-06-10 17:41:22.494414
NE-HV_AirDist-SupFanMtr-cDXGF-2SpClgHtg-VFDExMtr,None,MBT,Ex,CZ11,cDXGF,0,Each,1.0,399947.62219104,3624343.5300000003,709539.71,0,1394057.91,0.0,681362.57,0,0,838730.14,0,0,0.0,0,0,0,112846.38737201366,26402.307167235493,80931.92252559727,5512.1576791808875,1,1,2026-06-10 17:41:22.494414
NE-HV_AirDist-SupFanMtr-cDXGF-2SpClgHtg-VFDPMMtr,None,MBT,Ex,CZ11,cDXGF,0,Each,1.0,399947.62219104,3614820.42,709539.71,0,1394057.91,0.0,680339.76,0,0,830229.86,0,0,0.0,0,0,0,112936.98293515359,26402.307167235493,81022.51774744027,5512.158020477816,1,1,2026-06-10 17:41:22.494414
NE-HV_AirDist-SupFanMtr-cDXGF-2SpClgHtg-VFDStdMtr,None,MBT,Ex,CZ11,cDXGF,0,Each,1.0,399947.62219104,3621320.13,709539.71,0,1394057.91,0.0,681014.24,0,0,836055.07,0,0,0.0,0,0,0,112872.58464163824,26402.307167235493,80958.11979522185,5512.1576791808875,1,1,2026-06-10 17:41:22.494414
NE-HV_AirDist-SupFanMtr-cDXGF-2SpClgHtg-VFDExMtr,None,MBT,Ex,CZ10,cDXGF,0,Each,1.0,399947.62219104,3478980.04,709539.71,0,1394057.91,0.0,571440.5,0,0,803279.66,0,0,0.0,0,0,0,78357.64607508533,26402.307167235493,46585.319112627985,5370.019795221842,1,1,2026-06-10 17:41:22.494414
NE-HV_AirDist-SupFanMtr-cDXGF-2SpClgHtg-VFDPMMtr,None,MBT,Ex,CZ10,cDXGF,0,Each,1.0,399947.62219104,3469465.4699999997,709539.71,0,1394057.91,0.0,570249.32,0,0,794956.27,0,0,0.0,0,0,0,78401.6133105802,26402.307167235493,46629.284982935154,5370.021160409556,1,1,2026-06-10 17:41:22.494414
NE-HV_AirDist-SupFanMtr-cDXGF-2SpClgHtg-VFDStdMtr,None,MBT,Ex,CZ10,cDXGF,0,Each,1.0,399947.62219104,3475984.1399999997,709539.71,0,1394057.91,0.0,571038.77,0,0,800685.49,0,0,0.0,0,0,0,78370.81911262799,26402.307167235493,46598.49180887372,5370.020136518771,1,1,2026-06-10 17:41:22.494414
NE-HV_AirDist-SupFanMtr-cDXGF-2SpClgHtg-VFDExMtr,None,MBT,Ex,CZ09,cDXGF,0,Each,1.0,399947.62219104,3378176.04,709539.71,0,1394057.91,0.0,470928.01,0,0,802989.41,0,0,0.0,0,0,0,76153.8941979522,26402.307167235493,44309.51058020478,5442.076450511945,1,1,2026-06-10 17:41:22.494414
NE-HV_AirDist-SupFanMtr-cDXGF-2SpClgHtg-VFDPMMtr,None,MBT,Ex,CZ09,cDXGF,0,Each,1.0,399947.62219104,3368327.67,709539.71,0,1394057.91,0.0,469766.59,0,0,794302.47,0,0,0.0,0,0,0,76194.67372013652,26402.307167235493,44350.28941979522,5442.077133105801,1,1,2026-06-10 17:41:22.494414
NE-HV_AirDist-SupFanMtr-cDXGF-2SpClgHtg-VFDStdMtr,None,MBT,Ex,CZ09,cDXGF,0,Each,1.0,399947.62219104,3375069.58,709539.71,0,1394057.91,0.0,470536.04,0,0,800274.91,0,0,0.0,0,0,0,76165.32252559726,26402.307167235493,44320.93822525597,5442.077133105801,1,1,2026-06-10 17:41:22.494414
NE-HV_AirDist-SupFanMtr-cDXGF-2SpClgHtg-VFDExMtr,None,MBT,Ex,CZ08,cDXGF,0,Each,1.0,399947.62219104,3380089.81,709539.71,0,1394057.91,0.0,443874.76,0,0,831960.48,0,0,0.0,0,0,0,71774.06075085324,26402.307167235493,39970.1795221843,5401.574061433447,1,1,2026-06-10 17:41:22.494414
NE-HV_AirDist-SupFanMtr-cDXGF-2SpClgHtg-VFDPMMtr,None,MBT,Ex,CZ08,cDXGF,0,Each,1.0,399947.62219104,3370492.6999999997,709539.71,0,1394057.91,0.0,442671.23,0,0,823566.92,0,0,0.0,0,0,0,71808.55460750853,26402.307167235493,40004.67337883959,5401.574061433447,1,1,2026-06-10 17:41:22.494414
NE-HV_AirDist-SupFanMtr-cDXGF-2SpClgHtg-VFDStdMtr,None,MBT,Ex,CZ08,cDXGF,0,Each,1.0,399947.62219104,3377039.7,709539.71,0,1394057.91,0.0,443465.67,0,0,829319.46,0,0,0.0,0,0,0,71783.6395904437,26402.307167235493,39979.758361774744,5401.574061433447,1,1,2026-06-10 17:41:22.494414
NE-HV_AirDist-SupFanMtr-cDXGF-2SpClgHtg-VFDExMtr,None,MBT,Ex,CZ07,cDXGF,0,Each,1.0,399947.62219104,3159755.2,709539.71,0,1394057.91,0.0,237557.38,0,0,817943.37,0,0,0.0,0,0,0,64871.239249146754,26402.307167235493,32948.8590443686,5520.073037542663,1,1,2026-06-10 17:41:22.494414
NE-HV_AirDist-SupFanMtr-cDXGF-2SpClgHtg-VFDPMMtr,None,MBT,Ex,CZ07,cDXGF,0,Each,1.0,399947.62219104,3150758.2099999995,709539.71,0,1394057.91,0.0,236553.89,0,0,809949.88,0,0,0.0,0,0,0,64899.333447098965,26402.307167235493,32976.953583617746,5520.072696245734,1,1,2026-06-10 17:41:22.494414
NE-HV_AirDist-SupFanMtr-cDXGF-2SpClgHtg-VFDStdMtr,None,MBT,Ex,CZ07,cDXGF,0,Each,1.0,399947.62219104,3156950.5500000003,709539.71,0,1394057.91,0.0,237214.33,0,0,815481.77,0,0,0.0,0,0,0,64878.324914675766,26402.307167235493,32955.94470989761,5520.073037542663,1,1,2026-06-10 17:41:22.494414
NE-HV_AirDist-SupFanMtr-cDXGF-2SpClgHtg-VFDExMtr,None,MBT,Ex,CZ06,cDXGF,0,Each,1.0,399947.62219104,3136789.69,709539.71,0,1394057.91,0.0,220468.33,0,0,812087.21,0,0,0.0,0,0,0,68719.62866894198,26402.307167235493,36737.495563139935,5579.825938566552,1,1,2026-06-10 17:41:22.494414
NE-HV_AirDist-SupFanMtr-cDXGF-2SpClgHtg-VFDPMMtr,None,MBT,Ex,CZ06,cDXGF,0,Each,1.0,399947.62219104,3127800.86,709539.71,0,1394057.91,0.0,219476.23,0,0,804090.54,0,0,0.0,0,0,0,68751.46860068258,26402.307167235493,36769.322184300334,5579.8392491467575,1,1,2026-06-10 17:41:22.494414
NE-HV_AirDist-SupFanMtr-cDXGF-2SpClgHtg-VFDStdMtr,None,MBT,Ex,CZ06,cDXGF,0,Each,1.0,399947.62219104,3133981.7899999996,709539.71,0,1394057.91,0.0,220132.02,0,0,809615.63,0,0,0.0,0,0,0,68729.17713310578,26402.307167235493,36747.04402730375,5579.825938566552,1,1,2026-06-10 17:41:22.494414
NE-HV_AirDist-SupFanMtr-cDXGF-2SpClgHtg-VFDExMtr,None,MBT,Ex,CZ05,cDXGF,0,Each,1.0,399947.62219104,3002061.2299999995,709539.71,0,1394057.91,0.0,116825.97,0,0,781081.97,0,0,0.0,0,0,0,121849.00580204779,26402.307167235493,89370.57645051194,6076.122184300341,1,1,2026-06-10 17:41:22.494414
NE-HV_AirDist-SupFanMtr-cDXGF-2SpClgHtg-VFDPMMtr,None,MBT,Ex,CZ05,cDXGF,0,Each,1.0,399947.62219104,2993980.44,709539.71,0,1394057.91,0.0,116265.07,0,0,773562.1,0,0,0.0,0,0,0,121929.65221843003,26402.307167235493,89451.22218430034,6076.122866894198,1,1,2026-06-10 17:41:22.494414
NE-HV_AirDist-SupFanMtr-cDXGF-2SpClgHtg-VFDStdMtr,None,MBT,Ex,CZ05,cDXGF,0,Each,1.0,399947.62219104,2999723.6999999997,709539.71,0,1394057.91,0.0,116645.68,0,0,778924.73,0,0,0.0,0,0,0,121869.80921501707,26402.307167235493,89391.37952218429,6076.12252559727,1,1,2026-06-10 17:41:22.494414
NE-HV_AirDist-SupFanMtr-cDXGF-2SpClgHtg-VFDExMtr,None,MBT,Ex,CZ04,cDXGF,0,Each,1.0,399947.62219104,3329444.3,709539.71,0,1394057.91,0.0,433444.41,0,0,791810.12,0,0,0.0,0,0,0,125095.6423208191,26402.307167235493,92823.72457337883,5869.610580204778,1,1,2026-06-10 17:41:22.494414
NE-HV_AirDist-SupFanMtr-cDXGF-2SpClgHtg-VFDPMMtr,None,MBT,Ex,CZ04,cDXGF,0,Each,1.0,399947.62219104,3320456.2199999997,709539.71,0,1394057.91,0.0,432643.39,0,0,783623.12,0,0,0.0,0,0,0,125180.56211604096,26402.307167235493,92908.64402730376,5869.610921501707,1,1,2026-06-10 17:41:22.494414
NE-HV_AirDist-SupFanMtr-cDXGF-2SpClgHtg-VFDStdMtr,None,MBT,Ex,CZ04,cDXGF,0,Each,1.0,399947.62219104,3326687.68,709539.71,0,1394057.91,0.0,433174.83,0,0,789323.1,0,0,0.0,0,0,0,125121.57645051196,26402.307167235493,92849.65836177475,5869.610921501707,1,1,2026-06-10 17:41:22.494414
NE-HV_AirDist-SupFanMtr-cDXGF-2SpClgHtg-VFDExMtr,None,MBT,Ex,CZ03,cDXGF,0,Each,1.0,399947.62219104,2987826.6199999996,709539.71,0,1394057.91,0.0,92147.56,0,0,791509.33,0,0,0.0,0,0,0,116433.35563139932,26402.307167235493,83983.97815699659,6047.070307167235,1,1,2026-06-10 17:41:22.494414
NE-HV_AirDist-SupFanMtr-cDXGF-2SpClgHtg-VFDPMMtr,None,MBT,Ex,CZ03,cDXGF,0,Each,1.0,399947.62219104,2980017.81,709539.71,0,1394057.91,0.0,91663.13,0,0,784184.99,0,0,0.0,0,0,0,116505.00614334471,26402.307167235493,84055.62798634812,6047.070989761091,1,1,2026-06-10 17:41:22.494414
NE-HV_AirDist-SupFanMtr-cDXGF-2SpClgHtg-VFDStdMtr,None,MBT,Ex,CZ03,cDXGF,0,Each,1.0,399947.62219104,2985561.28,709539.71,0,1394057.91,0.0,91990.24,0,0,789401.33,0,0,0.0,0,0,0,116453.53651877133,26402.307167235493,84004.15836177474,6047.070989761091,1,1,2026-06-10 17:41:22.494414
NE-HV_AirDist-SupFanMtr-cDXGF-2SpClgHtg-VFDExMtr,None,MBT,Ex,CZ02,cDXGF,0,Each,1.0,399947.62219104,3134718.1999999997,709539.71,0,1394057.91,0.0,229069.22,0,0,801477.01,0,0,0.0,0,0,0,143333.06245733786,26402.307167235493,110813.50136518771,6117.253924914676,1,1,2026-06-10 17:41:22.494414
NE-HV_AirDist-SupFanMtr-cDXGF-2SpClgHtg-VFDPMMtr,None,MBT,Ex,CZ02,cDXGF,0,Each,1.0,399947.62219104,3126481.9699999997,709539.71,0,1394057.91,0.0,228472.3,0,0,793837.59,0,0,0.0,0,0,0,143421.20955631402,26402.307167235493,110901.64744027304,6117.254948805461,1,1,2026-06-10 17:41:22.494414
NE-HV_AirDist-SupFanMtr-cDXGF-2SpClgHtg-VFDStdMtr,None,MBT,Ex,CZ02,cDXGF,0,Each,1.0,399947.62219104,3132203.51,709539.71,0,1394057.91,0.0,228876.2,0,0,799155.21,0,0,0.0,0,0,0,143354.57201365186,26402.307167235493,110835.01023890784,6117.254607508532,1,1,2026-06-10 17:41:22.494414
NE-HV_AirDist-SupFanMtr-cDXGF-2SpClgHtg-VFDExMtr,None,MBT,Ex,CZ01,cDXGF,0,Each,1.0,399947.62219104,2899940.51,709539.71,0,1394057.91,0.0,29927.18,0,0,765866.81,0,0,0.0,0,0,0,178148.03583617744,26402.307167235493,145203.91979522182,6541.808873720136,1,1,2026-06-10 17:41:22.494414
NE-HV_AirDist-SupFanMtr-cDXGF-2SpClgHtg-VFDPMMtr,None,MBT,Ex,CZ01,cDXGF,0,Each,1.0,399947.62219104,2893597.06,709539.71,0,1394057.91,0.0,29823.08,0,0,759627.46,0,0,0.0,0,0,0,178285.74505119454,26402.307167235493,145341.62901023892,6541.808873720136,1,1,2026-06-10 17:41:22.494414
NE-HV_AirDist-SupFanMtr-cDXGF-2SpClgHtg-VFDStdMtr,None,MBT,Ex,CZ01,cDXGF,0,Each,1.0,399947.62219104,2898117.3699999996,709539.71,0,1394057.91,0.0,29894.98,0,0,764075.87,0,0,0.0,0,0,0,178188.88122866894,26402.307167235493,145244.76518771332,6541.808873720136,1,1,2026-06-10 17:41:22.494414
NE-HV_AirDist-SupFanMtr-cDXOH-2SpClgHtg-VFDExMtr,None,Hsp,Ex,CZ16,cDXOH,0,Each,1.0,494055.844983616,3155473.34,856282.21,0,1139112.1,0.0,659439.33,0,0,464293.74,0,0,0.0,0,0,0,27986.59112627986,1492.668941979522,16853.20580204778,9640.71638225256,1,1,2026-06-10 17:41:22.494414
NE-HV_AirDist-SupFanMtr-cDXOH-2SpClgHtg-VFDPMMtr,None,Hsp,Ex,CZ16,cDXOH,0,Each,1.0,494055.844983616,3147463.18,856282.21,0,1139112.1,0.0,658726.88,0,0,456999.47,0,0,0.0,0,0,0,27985.06518771331,1492.668941979522,16851.896245733788,9640.5,1,1,2026-06-10 17:41:22.494414
NE-HV_AirDist-SupFanMtr-cDXOH-2SpClgHtg-VFDStdMtr,None,Hsp,Ex,CZ16,cDXOH,0,Each,1.0,494055.844983616,3153080.78,856282.21,0,1139112.1,0.0,659280.89,0,0,462061.07,0,0,0.0,0,0,0,27982.383959044364,1492.668941979522,16849.06518771331,9640.649829351534,1,1,2026-06-10 17:41:22.494414
NE-HV_AirDist-SupFanMtr-cDXOH-2SpClgHtg-VFDExMtr,None,Hsp,Ex,CZ15,cDXOH,0,Each,1.0,494055.844983616,4343432.66,856282.21,0,1139112.1,0.0,1747663.1,0,0,551279.9,0,0,0.0,0,0,0,13545.186689419794,1492.668941979522,5261.220819112627,6791.296928327645,1,1,2026-06-10 17:41:22.494414
NE-HV_AirDist-SupFanMtr-cDXOH-2SpClgHtg-VFDPMMtr,None,Hsp,Ex,CZ15,cDXOH,0,Each,1.0,494055.844983616,4334318.649999999,856282.21,0,1139112.1,0.0,1746211.56,0,0,543617.76,0,0,0.0,0,0,0,13545.277815699657,1492.668941979522,5261.222866894197,6791.386006825938,1,1,2026-06-10 17:41:22.494414
NE-HV_AirDist-SupFanMtr-cDXOH-2SpClgHtg-VFDStdMtr,None,Hsp,Ex,CZ15,cDXOH,0,Each,1.0,494055.844983616,4340477.010000001,856282.21,0,1139112.1,0.0,1747183.69,0,0,548803.56,0,0,0.0,0,0,0,13544.515358361774,1492.668941979522,5260.442320819112,6791.40409556314,1,1,2026-06-10 17:41:22.494414
NE-HV_AirDist-SupFanMtr-cDXOH-2SpClgHtg-VFDExMtr,None,Hsp,Ex,CZ14,cDXOH,0,Each,1.0,494055.844983616,3657134.45,856282.21,0,1139112.1,0.0,1128834.31,0,0,489727.19,0,0,0.0,0,0,0,19540.602730375427,1492.668941979522,9681.407167235495,8366.52662116041,1,1,2026-06-10 17:41:22.494414
NE-HV_AirDist-SupFanMtr-cDXOH-2SpClgHtg-VFDPMMtr,None,Hsp,Ex,CZ14,cDXOH,0,Each,1.0,494055.844983616,3648860.3600000003,856282.21,0,1139112.1,0.0,1127812.8,0,0,482475.05,0,0,0.0,0,0,0,19545.629351535834,1492.668941979522,9687.41228668942,8365.548122866894,1,1,2026-06-10 17:41:22.494414
NE-HV_AirDist-SupFanMtr-cDXOH-2SpClgHtg-VFDStdMtr,None,Hsp,Ex,CZ14,cDXOH,0,Each,1.0,494055.844983616,3654612.16,856282.21,0,1139112.1,0.0,1128524.06,0,0,487513.74,0,0,0.0,0,0,0,19541.79146757679,1492.668941979522,9682.893515358362,8366.229010238909,1,1,2026-06-10 17:41:22.494414
NE-HV_AirDist-SupFanMtr-cDXOH-2SpClgHtg-VFDExMtr,None,Hsp,Ex,CZ13,cDXOH,0,Each,1.0,494055.844983616,3617314.6799999997,856282.21,0,1139112.1,0.0,1127556.49,0,0,450003.08,0,0,0.0,0,0,0,20127.035836177474,1492.668941979522,10517.488737201364,8116.878156996587,1,1,2026-06-10 17:41:22.494414
NE-HV_AirDist-SupFanMtr-cDXOH-2SpClgHtg-VFDPMMtr,None,Hsp,Ex,CZ13,cDXOH,0,Each,1.0,494055.844983616,3609665.38,856282.21,0,1139112.1,0.0,1126590.2,0,0,443319.16,0,0,0.0,0,0,0,20131.83412969283,1492.668941979522,10522.508873720137,8116.656313993174,1,1,2026-06-10 17:41:22.494414
NE-HV_AirDist-SupFanMtr-cDXOH-2SpClgHtg-VFDStdMtr,None,Hsp,Ex,CZ13,cDXOH,0,Each,1.0,494055.844983616,3614856.74,856282.21,0,1139112.1,0.0,1127185.47,0,0,447914.85,0,0,0.0,0,0,0,20128.82832764505,1492.668941979522,10519.278498293515,8116.880887372013,1,1,2026-06-10 17:41:22.494414
NE-HV_AirDist-SupFanMtr-cDXOH-2SpClgHtg-VFDExMtr,None,Hsp,Ex,CZ12,cDXOH,0,Each,1.0,494055.844983616,3267454.51,856282.21,0,1139112.1,0.0,833837.17,0,0,396767.02,0,0,0.0,0,0,0,21480.482252559726,1492.668941979522,11288.77167235495,8699.041638225257,1,1,2026-06-10 17:41:22.494414
NE-HV_AirDist-SupFanMtr-cDXOH-2SpClgHtg-VFDPMMtr,None,Hsp,Ex,CZ12,cDXOH,0,Each,1.0,494055.844983616,3260313.73,856282.21,0,1139112.1,0.0,833086.91,0,0,390379.92,0,0,0.0,0,0,0,21484.88703071672,1492.668941979522,11294.472354948804,8697.745733788395,1,1,2026-06-10 17:41:22.494414
NE-HV_AirDist-SupFanMtr-cDXOH-2SpClgHtg-VFDStdMtr,None,Hsp,Ex,CZ12,cDXOH,0,Each,1.0,494055.844983616,3265344.22,856282.21,0,1139112.1,0.0,833574.69,0,0,394919.81,0,0,0.0,0,0,0,21483.14948805461,1492.668941979522,11291.623208191126,8698.85733788396,1,1,2026-06-10 17:41:22.494414
NE-HV_AirDist-SupFanMtr-cDXOH-2SpClgHtg-VFDExMtr,None,Hsp,Ex,CZ11,cDXOH,0,Each,1.0,494055.844983616,3573609.6599999997,856282.21,0,1139112.1,0.0,1088863.92,0,0,444906.09,0,0,0.0,0,0,0,22051.187030716723,1492.668941979522,12272.208873720136,8286.309215017065,1,1,2026-06-10 17:41:22.494414
NE-HV_AirDist-SupFanMtr-cDXOH-2SpClgHtg-VFDPMMtr,None,Hsp,Ex,CZ11,cDXOH,0,Each,1.0,494055.844983616,3565957.6599999997,856282.21,0,1139112.1,0.0,1088006.0,0,0,438106.53,0,0,0.0,0,0,0,22057.85358361775,1492.668941979522,12280.40614334471,8284.778498293515,1,1,2026-06-10 17:41:22.494414
NE-HV_AirDist-SupFanMtr-cDXOH-2SpClgHtg-VFDStdMtr,None,Hsp,Ex,CZ11,cDXOH,0,Each,1.0,494055.844983616,3571392.66,856282.21,0,1139112.1,0.0,1088575.83,0,0,442977.38,0,0,0.0,0,0,0,22052.67542662116,1492.668941979522,12272.809215017065,8287.197269624574,1,1,2026-06-10 17:41:22.494414
NE-HV_AirDist-SupFanMtr-cDXOH-2SpClgHtg-VFDExMtr,None,Hsp,Ex,CZ10,cDXOH,0,Each,1.0,494055.844983616,3588637.4000000004,856282.21,0,1139112.1,0.0,1099208.51,0,0,449989.02,0,0,0.0,0,0,0,16214.96723549488,1492.668941979522,6641.492491467577,8080.805802047781,1,1,2026-06-10 17:41:22.494414
NE-HV_AirDist-SupFanMtr-cDXOH-2SpClgHtg-VFDPMMtr,None,Hsp,Ex,CZ10,cDXOH,0,Each,1.0,494055.844983616,3579750.33,856282.21,0,1139112.1,0.0,1098115.71,0,0,442197.67,0,0,0.0,0,0,0,16217.862457337884,1492.668941979522,6644.029351535836,8081.164163822525,1,1,2026-06-10 17:41:22.494414
NE-HV_AirDist-SupFanMtr-cDXOH-2SpClgHtg-VFDStdMtr,None,Hsp,Ex,CZ10,cDXOH,0,Each,1.0,494055.844983616,3585886.35,856282.21,0,1139112.1,0.0,1098832.82,0,0,447614.77,0,0,0.0,0,0,0,16214.959726962457,1492.668941979522,6641.00409556314,8081.286689419795,1,1,2026-06-10 17:41:22.494414
NE-HV_AirDist-SupFanMtr-cDXOH-2SpClgHtg-VFDExMtr,None,Hsp,Ex,CZ09,cDXOH,0,Each,1.0,494055.844983616,3454661.69,856282.21,0,1139112.1,0.0,992213.07,0,0,425038.37,0,0,0.0,0,0,0,14877.152559726963,1492.668941979522,5191.792150170649,8192.691467576791,1,1,2026-06-10 17:41:22.494414
NE-HV_AirDist-SupFanMtr-cDXOH-2SpClgHtg-VFDPMMtr,None,Hsp,Ex,CZ09,cDXOH,0,Each,1.0,494055.844983616,3446136.29,856282.21,0,1139112.1,0.0,991185.85,0,0,417538.52,0,0,0.0,0,0,0,14878.878839590445,1492.668941979522,5193.477133105802,8192.73276450512,1,1,2026-06-10 17:41:22.494414
NE-HV_AirDist-SupFanMtr-cDXOH-2SpClgHtg-VFDStdMtr,None,Hsp,Ex,CZ09,cDXOH,0,Each,1.0,494055.844983616,3452021.1700000004,856282.21,0,1139112.1,0.0,991901.6,0,0,422709.31,0,0,0.0,0,0,0,14877.592491467574,1492.668941979522,5191.813993174061,8193.109556313993,1,1,2026-06-10 17:41:22.494414
NE-HV_AirDist-SupFanMtr-cDXOH-2SpClgHtg-VFDExMtr,None,Hsp,Ex,CZ08,cDXOH,0,Each,1.0,494055.844983616,3467629.2700000005,856282.21,0,1139112.1,0.0,1013803.66,0,0,417143.01,0,0,0.0,0,0,0,13818.055972696246,1492.668941979522,4190.935153583618,8134.451877133106,1,1,2026-06-10 17:41:22.494414
NE-HV_AirDist-SupFanMtr-cDXOH-2SpClgHtg-VFDPMMtr,None,Hsp,Ex,CZ08,cDXOH,0,Each,1.0,494055.844983616,3459111.3000000003,856282.21,0,1139112.1,0.0,1012770.14,0,0,409657.6,0,0,0.0,0,0,0,13820.382252559724,1492.668941979522,4193.301365187713,8134.411945392491,1,1,2026-06-10 17:41:22.494414
NE-HV_AirDist-SupFanMtr-cDXOH-2SpClgHtg-VFDStdMtr,None,Hsp,Ex,CZ08,cDXOH,0,Each,1.0,494055.844983616,3464862.9600000004,856282.21,0,1139112.1,0.0,1013453.8,0,0,414726.33,0,0,0.0,0,0,0,13818.065187713311,1492.668941979522,4191.043344709898,8134.352901023891,1,1,2026-06-10 17:41:22.494414
NE-HV_AirDist-SupFanMtr-cDXOH-2SpClgHtg-VFDExMtr,None,Hsp,Ex,CZ07,cDXOH,0,Each,1.0,494055.844983616,3123412.72,856282.21,0,1139112.1,0.0,766087.97,0,0,324271.65,0,0,0.0,0,0,0,12332.46518771331,1492.668941979522,2523.1730375426623,8316.623208191126,1,1,2026-06-10 17:41:22.494414
NE-HV_AirDist-SupFanMtr-cDXOH-2SpClgHtg-VFDPMMtr,None,Hsp,Ex,CZ07,cDXOH,0,Each,1.0,494055.844983616,3115021.28,856282.21,0,1139112.1,0.0,765164.39,0,0,316803.51,0,0,0.0,0,0,0,12333.962116040953,1492.668941979522,2524.548122866894,8316.745051194539,1,1,2026-06-10 17:41:22.494414
NE-HV_AirDist-SupFanMtr-cDXOH-2SpClgHtg-VFDStdMtr,None,Hsp,Ex,CZ07,cDXOH,0,Each,1.0,494055.844983616,3120820.07,856282.21,0,1139112.1,0.0,765774.58,0,0,321991.67,0,0,0.0,0,0,0,12332.8590443686,1492.668941979522,2523.361774744027,8316.828327645051,1,1,2026-06-10 17:41:22.494414
NE-HV_AirDist-SupFanMtr-cDXOH-2SpClgHtg-VFDExMtr,None,Hsp,Ex,CZ06,cDXOH,0,Each,1.0,494055.844983616,3063600.35,856282.21,0,1139112.1,0.0,718625.99,0,0,313663.45,0,0,0.0,0,0,0,12774.48566552901,1492.668941979522,2874.565529010239,8407.251194539249,1,1,2026-06-10 17:41:22.494414
NE-HV_AirDist-SupFanMtr-cDXOH-2SpClgHtg-VFDPMMtr,None,Hsp,Ex,CZ06,cDXOH,0,Each,1.0,494055.844983616,3055193.62,856282.21,0,1139112.1,0.0,717721.77,0,0,306159.85,0,0,0.0,0,0,0,12774.979522184301,1492.668941979522,2875.524914675768,8406.78566552901,1,1,2026-06-10 17:41:22.494414
NE-HV_AirDist-SupFanMtr-cDXOH-2SpClgHtg-VFDStdMtr,None,Hsp,Ex,CZ06,cDXOH,0,Each,1.0,494055.844983616,3060979.51,856282.21,0,1139112.1,0.0,718302.07,0,0,311364.8,0,0,0.0,0,0,0,12774.909556313993,1492.668941979522,2875.0450511945396,8407.19556313993,1,1,2026-06-10 17:41:22.494414
NE-HV_AirDist-SupFanMtr-cDXOH-2SpClgHtg-VFDExMtr,None,Hsp,Ex,CZ05,cDXOH,0,Each,1.0,494055.844983616,2738832.66,856282.21,0,1139112.1,0.0,425701.96,0,0,283967.72,0,0,0.0,0,0,0,18486.770307167233,1492.668941979522,7833.316040955631,9160.785324232082,1,1,2026-06-10 17:41:22.494414
NE-HV_AirDist-SupFanMtr-cDXOH-2SpClgHtg-VFDPMMtr,None,Hsp,Ex,CZ05,cDXOH,0,Each,1.0,494055.844983616,2731635.9400000004,856282.21,0,1139112.1,0.0,425150.69,0,0,277321.28,0,0,0.0,0,0,0,18491.8771331058,1492.668941979522,7839.140955631398,9160.06723549488,1,1,2026-06-10 17:41:22.494414
NE-HV_AirDist-SupFanMtr-cDXOH-2SpClgHtg-VFDStdMtr,None,Hsp,Ex,CZ05,cDXOH,0,Each,1.0,494055.844983616,2736763.57,856282.21,0,1139112.1,0.0,425532.44,0,0,282066.69,0,0,0.0,0,0,0,18488.082935153583,1492.668941979522,7835.0778156996585,9160.336177474403,1,1,2026-06-10 17:41:22.494414
NE-HV_AirDist-SupFanMtr-cDXOH-2SpClgHtg-VFDExMtr,None,Hsp,Ex,CZ04,cDXOH,0,Each,1.0,494055.844983616,3280910.28,856282.21,0,1139112.1,0.0,840261.53,0,0,403507.33,0,0,0.0,0,0,0,21867.4566552901,1492.668941979522,11535.62013651877,8839.167576791808,1,1,2026-06-10 17:41:22.494414
NE-HV_AirDist-SupFanMtr-cDXOH-2SpClgHtg-VFDPMMtr,None,Hsp,Ex,CZ04,cDXOH,0,Each,1.0,494055.844983616,3273459.7800000003,856282.21,0,1139112.1,0.0,839424.01,0,0,396891.86,0,0,0.0,0,0,0,21872.539931740615,1492.668941979522,11541.472696245733,8838.398293515358,1,1,2026-06-10 17:41:22.494414
NE-HV_AirDist-SupFanMtr-cDXOH-2SpClgHtg-VFDStdMtr,None,Hsp,Ex,CZ04,cDXOH,0,Each,1.0,494055.844983616,3278764.5000000005,856282.21,0,1139112.1,0.0,840009.3,0,0,401606.31,0,0,0.0,0,0,0,21869.634129692833,1492.668941979522,11536.911262798634,8840.053924914675,1,1,2026-06-10 17:41:22.494414
NE-HV_AirDist-SupFanMtr-cDXOH-2SpClgHtg-VFDExMtr,None,Hsp,Ex,CZ03,cDXOH,0,Each,1.0,494055.844983616,2671724.2900000005,856282.21,0,1139112.1,0.0,373214.3,0,0,269277.02,0,0,0.0,0,0,0,18263.34675767918,1492.668941979522,7656.062798634813,9114.615017064845,1,1,2026-06-10 17:41:22.494414
NE-HV_AirDist-SupFanMtr-cDXOH-2SpClgHtg-VFDPMMtr,None,Hsp,Ex,CZ03,cDXOH,0,Each,1.0,494055.844983616,2664587.2300000004,856282.21,0,1139112.1,0.0,372737.5,0,0,262612.95,0,0,0.0,0,0,0,18267.263139931743,1492.668941979522,7659.737883959045,9114.856313993174,1,1,2026-06-10 17:41:22.494414
NE-HV_AirDist-SupFanMtr-cDXOH-2SpClgHtg-VFDStdMtr,None,Hsp,Ex,CZ03,cDXOH,0,Each,1.0,494055.844983616,2669673.93,856282.21,0,1139112.1,0.0,373051.89,0,0,267388.93,0,0,0.0,0,0,0,18264.031399317406,1492.668941979522,7656.136177474403,9115.226279863482,1,1,2026-06-10 17:41:22.494414
NE-HV_AirDist-SupFanMtr-cDXOH-2SpClgHtg-VFDExMtr,None,Hsp,Ex,CZ02,cDXOH,0,Each,1.0,494055.844983616,2967349.39,856282.21,0,1139112.1,0.0,592202.36,0,0,342161.31,0,0,0.0,0,0,0,23000.964505119453,1492.668941979522,12293.245733788395,9215.049829351536,1,1,2026-06-10 17:41:22.494414
NE-HV_AirDist-SupFanMtr-cDXOH-2SpClgHtg-VFDPMMtr,None,Hsp,Ex,CZ02,cDXOH,0,Each,1.0,494055.844983616,2960531.99,856282.21,0,1139112.1,0.0,591621.83,0,0,335922.02,0,0,0.0,0,0,0,22998.764163822525,1492.668941979522,12292.250511945393,9213.844709897612,1,1,2026-06-10 17:41:22.494414
NE-HV_AirDist-SupFanMtr-cDXOH-2SpClgHtg-VFDStdMtr,None,Hsp,Ex,CZ02,cDXOH,0,Each,1.0,494055.844983616,2965395.1700000004,856282.21,0,1139112.1,0.0,592005.23,0,0,340405.93,0,0,0.0,0,0,0,23002.22423208191,1492.668941979522,12293.679180887371,9215.876109215016,1,1,2026-06-10 17:41:22.494414
NE-HV_AirDist-SupFanMtr-cDXOH-2SpClgHtg-VFDExMtr,None,Hsp,Ex,CZ01,cDXOH,0,Each,1.0,494055.844983616,2428778.38,856282.21,0,1139112.1,0.0,161652.66,0,0,244705.96,0,0,0.0,0,0,0,24022.112627986346,1492.668941979522,12663.318430034129,9866.125255972695,1,1,2026-06-10 17:41:22.494414
NE-HV_AirDist-SupFanMtr-cDXOH-2SpClgHtg-VFDPMMtr,None,Hsp,Ex,CZ01,cDXOH,0,Each,1.0,494055.844983616,2423558.76,856282.21,0,1139112.1,0.0,161579.38,0,0,239555.36,0,0,0.0,0,0,0,24029.773378839593,1492.668941979522,12671.733105802048,9865.37133105802,1,1,2026-06-10 17:41:22.494414
NE-HV_AirDist-SupFanMtr-cDXOH-2SpClgHtg-VFDStdMtr,None,Hsp,Ex,CZ01,cDXOH,0,Each,1.0,494055.844983616,2427357.31,856282.21,0,1139112.1,0.0,161598.86,0,0,243340.73,0,0,0.0,0,0,0,24022.776791808872,1492.668941979522,12663.40989761092,9866.69795221843,1,1,2026-06-10 17:41:22.494414
NE-HV_AirDist-SupFanMtr-cDXHP-2SpClgHtg-VFDExMtr,None,Hsp,Ex,CZ16,cDXHP,0,Each,1.0,494055.844983616,3147091.85,856282.21,0,1139112.1,15359.62,659038.47,0,0,440915.66,0,0,0.0,0,0,0,27701.14744027304,1492.668941979522,16556.336518771328,9652.141979522185,1,1,2026-06-10 17:41:22.494414
NE-HV_AirDist-SupFanMtr-cDXHP-2SpClgHtg-VFDPMMtr,None,Hsp,Ex,CZ16,cDXHP,0,Each,1.0,494055.844983616,3138081.97,856282.21,0,1139112.1,15648.16,658355.7,0,0,432306.89,0,0,0.0,0,0,0,27710.023208191124,1492.668941979522,16564.82866894198,9652.525597269625,1,1,2026-06-10 17:41:22.494414
NE-HV_AirDist-SupFanMtr-cDXHP-2SpClgHtg-VFDStdMtr,None,Hsp,Ex,CZ16,cDXHP,0,Each,1.0,494055.844983616,3144204.0300000003,856282.21,0,1139112.1,15442.61,658684.28,0,0,438301.25,0,0,0.0,0,0,0,27701.256313993174,1492.668941979522,16556.45153583618,9652.135836177475,1,1,2026-06-10 17:41:22.494414
NE-HV_AirDist-SupFanMtr-cDXHP-2SpClgHtg-VFDExMtr,None,Hsp,Ex,CZ15,cDXHP,0,Each,1.0,494055.844983616,4337636.53,856282.21,0,1139112.1,1079.61,1740474.0,0,0,551600.99,0,0,0.0,0,0,0,13476.348805460751,1492.668941979522,5252.037542662117,6731.642320819113,1,1,2026-06-10 17:41:22.494414
NE-HV_AirDist-SupFanMtr-cDXHP-2SpClgHtg-VFDPMMtr,None,Hsp,Ex,CZ15,cDXHP,0,Each,1.0,494055.844983616,4328826.58,856282.21,0,1139112.1,1112.62,1739290.41,0,0,543939.78,0,0,0.0,0,0,0,13478.466552901024,1492.668941979522,5253.981911262799,6731.815699658703,1,1,2026-06-10 17:41:22.494414
NE-HV_AirDist-SupFanMtr-cDXHP-2SpClgHtg-VFDStdMtr,None,Hsp,Ex,CZ15,cDXHP,0,Each,1.0,494055.844983616,4334119.68,856282.21,0,1139112.1,1089.66,1739497.57,0,0,549050.06,0,0,0.0,0,0,0,13475.04914675768,1492.668941979522,5251.79590443686,6730.5843003412965,1,1,2026-06-10 17:41:22.494414
NE-HV_AirDist-SupFanMtr-cDXHP-2SpClgHtg-VFDExMtr,None,Hsp,Ex,CZ14,cDXHP,0,Each,1.0,494055.844983616,3654755.84,856282.21,0,1139112.1,7751.94,1130079.05,0,0,478340.36,0,0,0.0,0,0,0,19370.532423208195,1492.668941979522,9527.53037542662,8350.333105802049,1,1,2026-06-10 17:41:22.494414
NE-HV_AirDist-SupFanMtr-cDXHP-2SpClgHtg-VFDPMMtr,None,Hsp,Ex,CZ14,cDXHP,0,Each,1.0,494055.844983616,3646054.8400000003,856282.21,0,1139112.1,7922.04,1129140.02,0,0,470406.81,0,0,0.0,0,0,0,19380.76928327645,1492.668941979522,9536.564505119455,8351.535836177474,1,1,2026-06-10 17:41:22.494414
NE-HV_AirDist-SupFanMtr-cDXHP-2SpClgHtg-VFDStdMtr,None,Hsp,Ex,CZ14,cDXHP,0,Each,1.0,494055.844983616,3652086.1700000004,856282.21,0,1139112.1,7801.24,1129779.55,0,0,475921.91,0,0,0.0,0,0,0,19371.87337883959,1492.668941979522,9528.499317406144,8350.705119453925,1,1,2026-06-10 17:41:22.494414
NE-HV_AirDist-SupFanMtr-cDXHP-2SpClgHtg-VFDExMtr,None,Hsp,Ex,CZ13,cDXHP,0,Each,1.0,494055.844983616,3612016.07,856282.21,0,1139112.1,7342.81,1127981.89,0,0,436825.91,0,0,0.0,0,0,0,19960.89180887372,1492.668941979522,10359.976109215017,8108.2467576791805,1,1,2026-06-10 17:41:22.494414
NE-HV_AirDist-SupFanMtr-cDXHP-2SpClgHtg-VFDPMMtr,None,Hsp,Ex,CZ13,cDXHP,0,Each,1.0,494055.844983616,3603830.01,856282.21,0,1139112.1,7509.14,1127061.51,0,0,429397.0,0,0,0.0,0,0,0,19965.878156996587,1492.668941979522,10364.759726962458,8108.449488054607,1,1,2026-06-10 17:41:22.494414
NE-HV_AirDist-SupFanMtr-cDXHP-2SpClgHtg-VFDStdMtr,None,Hsp,Ex,CZ13,cDXHP,0,Each,1.0,494055.844983616,3609288.21,856282.21,0,1139112.1,7394.39,1127539.77,0,0,434490.0,0,0,0.0,0,0,0,19963.38600682594,1492.668941979522,10361.488395904436,8109.228668941979,1,1,2026-06-10 17:41:22.494414
NE-HV_AirDist-SupFanMtr-cDXHP-2SpClgHtg-VFDExMtr,None,Hsp,Ex,CZ12,cDXHP,0,Each,1.0,494055.844983616,3260369.74,856282.21,0,1139112.1,9071.8,833435.17,0,0,380764.73,0,0,0.0,0,0,0,21282.74982935154,1492.668941979522,11094.911262798636,8695.169624573378,1,1,2026-06-10 17:41:22.494414
NE-HV_AirDist-SupFanMtr-cDXHP-2SpClgHtg-VFDPMMtr,None,Hsp,Ex,CZ12,cDXHP,0,Each,1.0,494055.844983616,3252395.03,856282.21,0,1139112.1,9254.9,832536.21,0,0,373514.02,0,0,0.0,0,0,0,21286.33481228669,1492.668941979522,11098.092832764505,8695.573037542663,1,1,2026-06-10 17:41:22.494414
NE-HV_AirDist-SupFanMtr-cDXHP-2SpClgHtg-VFDStdMtr,None,Hsp,Ex,CZ12,cDXHP,0,Each,1.0,494055.844983616,3257943.9099999997,856282.21,0,1139112.1,9128.72,833125.82,0,0,378593.3,0,0,0.0,0,0,0,21283.6457337884,1492.668941979522,11095.562798634812,8695.413993174061,1,1,2026-06-10 17:41:22.494414
NE-HV_AirDist-SupFanMtr-cDXHP-2SpClgHtg-VFDExMtr,None,Hsp,Ex,CZ11,cDXHP,0,Each,1.0,494055.844983616,3566149.7199999997,856282.21,0,1139112.1,9059.38,1087557.07,0,0,429546.47,0,0,0.0,0,0,0,21903.558703071674,1492.668941979522,12129.259385665528,8281.630375426621,1,1,2026-06-10 17:41:22.494414
NE-HV_AirDist-SupFanMtr-cDXHP-2SpClgHtg-VFDPMMtr,None,Hsp,Ex,CZ11,cDXHP,0,Each,1.0,494055.844983616,3557926.7299999995,856282.21,0,1139112.1,9251.64,1086626.2,0,0,422063.53,0,0,0.0,0,0,0,21911.633447098975,1492.668941979522,12137.274061433447,8281.690443686006,1,1,2026-06-10 17:41:22.494414
NE-HV_AirDist-SupFanMtr-cDXHP-2SpClgHtg-VFDStdMtr,None,Hsp,Ex,CZ11,cDXHP,0,Each,1.0,494055.844983616,3563531.8200000003,856282.21,0,1139112.1,9126.09,1087159.29,0,0,427263.19,0,0,0.0,0,0,0,21908.08225255973,1492.668941979522,12132.226962457338,8283.186348122867,1,1,2026-06-10 17:41:22.494414
NE-HV_AirDist-SupFanMtr-cDXHP-2SpClgHtg-VFDExMtr,None,Hsp,Ex,CZ10,cDXHP,0,Each,1.0,494055.844983616,3587928.11,856282.21,0,1139112.1,3421.58,1099903.7,0,0,445133.23,0,0,0.0,0,0,0,16183.688737201363,1492.668941979522,6604.734470989761,8086.285324232082,1,1,2026-06-10 17:41:22.494414
NE-HV_AirDist-SupFanMtr-cDXHP-2SpClgHtg-VFDPMMtr,None,Hsp,Ex,CZ10,cDXHP,0,Each,1.0,494055.844983616,3578965.64,856282.21,0,1139112.1,3508.22,1098885.34,0,0,437103.34,0,0,0.0,0,0,0,16186.856655290103,1492.668941979522,6607.360409556314,8086.827303754267,1,1,2026-06-10 17:41:22.494414
NE-HV_AirDist-SupFanMtr-cDXHP-2SpClgHtg-VFDStdMtr,None,Hsp,Ex,CZ10,cDXHP,0,Each,1.0,494055.844983616,3585045.25,856282.21,0,1139112.1,3448.72,1099465.53,0,0,442661.15,0,0,0.0,0,0,0,16184.489078498293,1492.668941979522,6605.425597269625,8086.394539249146,1,1,2026-06-10 17:41:22.494414
NE-HV_AirDist-SupFanMtr-cDXHP-2SpClgHtg-VFDExMtr,None,Hsp,Ex,CZ09,cDXHP,0,Each,1.0,494055.844983616,3454671.02,856282.21,0,1139112.1,2673.98,993410.77,0,0,421166.65,0,0,0.0,0,0,0,14842.39624573379,1492.668941979522,5153.067918088737,8196.659385665529,1,1,2026-06-10 17:41:22.494414
NE-HV_AirDist-SupFanMtr-cDXHP-2SpClgHtg-VFDPMMtr,None,Hsp,Ex,CZ09,cDXHP,0,Each,1.0,494055.844983616,3446054.14,856282.21,0,1139112.1,2743.69,992428.23,0,0,413459.98,0,0,0.0,0,0,0,14843.523549488054,1492.668941979522,5154.090443686007,8196.764163822525,1,1,2026-06-10 17:41:22.494414
NE-HV_AirDist-SupFanMtr-cDXHP-2SpClgHtg-VFDStdMtr,None,Hsp,Ex,CZ09,cDXHP,0,Each,1.0,494055.844983616,3451940.1,856282.21,0,1139112.1,2710.6,993061.43,0,0,418752.02,0,0,0.0,0,0,0,14848.092491467576,1492.668941979522,5158.395221843004,8197.02832764505,1,1,2026-06-10 17:41:22.494414
NE-HV_AirDist-SupFanMtr-cDXHP-2SpClgHtg-VFDExMtr,None,Hsp,Ex,CZ08,cDXHP,0,Each,1.0,494055.844983616,3467932.64,856282.21,0,1139112.1,1978.56,1014817.5,0,0,414444.84,0,0,0.0,0,0,0,13797.16484641638,1492.668941979522,4168.9027303754265,8135.593174061433,1,1,2026-06-10 17:41:22.494414
NE-HV_AirDist-SupFanMtr-cDXHP-2SpClgHtg-VFDPMMtr,None,Hsp,Ex,CZ08,cDXHP,0,Each,1.0,494055.844983616,3459289.06,856282.21,0,1139112.1,2033.1,1013837.47,0,0,406729.43,0,0,0.0,0,0,0,13800.114675767918,1492.668941979522,4171.763481228669,8135.682252559726,1,1,2026-06-10 17:41:22.494414
NE-HV_AirDist-SupFanMtr-cDXHP-2SpClgHtg-VFDStdMtr,None,Hsp,Ex,CZ08,cDXHP,0,Each,1.0,494055.844983616,3465212.4800000004,856282.21,0,1139112.1,1997.59,1014488.24,0,0,412034.95,0,0,0.0,0,0,0,13797.21023890785,1492.668941979522,4169.007167235495,8135.534129692833,1,1,2026-06-10 17:41:22.494414
NE-HV_AirDist-SupFanMtr-cDXHP-2SpClgHtg-VFDExMtr,None,Hsp,Ex,CZ07,cDXHP,0,Each,1.0,494055.844983616,3122387.2800000003,856282.21,0,1139112.1,1312.53,765742.13,0,0,322279.1,0,0,0.0,0,0,0,12320.602047781571,1492.668941979522,2510.8443686006826,8317.088737201366,1,1,2026-06-10 17:41:22.494414
NE-HV_AirDist-SupFanMtr-cDXHP-2SpClgHtg-VFDPMMtr,None,Hsp,Ex,CZ07,cDXHP,0,Each,1.0,494055.844983616,3114102.8899999997,856282.21,0,1139112.1,1354.64,764861.39,0,0,314832.97,0,0,0.0,0,0,0,12321.540614334472,1492.668941979522,2511.919795221843,8316.951877133106,1,1,2026-06-10 17:41:22.494414
NE-HV_AirDist-SupFanMtr-cDXHP-2SpClgHtg-VFDStdMtr,None,Hsp,Ex,CZ07,cDXHP,0,Each,1.0,494055.844983616,3119779.610000001,856282.21,0,1139112.1,1325.88,765412.92,0,0,319987.28,0,0,0.0,0,0,0,12320.88361774744,1492.668941979522,2511.283959044368,8316.93071672355,1,1,2026-06-10 17:41:22.494414
NE-HV_AirDist-SupFanMtr-cDXHP-2SpClgHtg-VFDExMtr,None,Hsp,Ex,CZ06,cDXHP,0,Each,1.0,494055.844983616,3061761.11,856282.21,0,1139112.1,1492.05,717656.76,0,0,311295.09,0,0,0.0,0,0,0,12754.849146757679,1492.668941979522,2855.728327645051,8406.451877133106,1,1,2026-06-10 17:41:22.494414
NE-HV_AirDist-SupFanMtr-cDXHP-2SpClgHtg-VFDPMMtr,None,Hsp,Ex,CZ06,cDXHP,0,Each,1.0,494055.844983616,3053339.5500000003,856282.21,0,1139112.1,1537.2,716848.78,0,0,303637.14,0,0,0.0,0,0,0,12757.689078498293,1492.668941979522,2858.0982935153584,8406.921843003413,1,1,2026-06-10 17:41:22.494414
NE-HV_AirDist-SupFanMtr-cDXHP-2SpClgHtg-VFDStdMtr,None,Hsp,Ex,CZ06,cDXHP,0,Each,1.0,494055.844983616,3059073.2,856282.21,0,1139112.1,1505.9,717370.54,0,0,308879.54,0,0,0.0,0,0,0,12755.209556313994,1492.668941979522,2855.9474402730375,8406.593174061432,1,1,2026-06-10 17:41:22.494414
NE-HV_AirDist-SupFanMtr-cDXHP-2SpClgHtg-VFDExMtr,None,Hsp,Ex,CZ05,cDXHP,0,Each,1.0,494055.844983616,2735793.09,856282.21,0,1139112.1,5906.8,426230.78,0,0,274438.19,0,0,0.0,0,0,0,18383.26689419795,1492.668941979522,7728.388395904437,9162.209556313992,1,1,2026-06-10 17:41:22.494414
NE-HV_AirDist-SupFanMtr-cDXHP-2SpClgHtg-VFDPMMtr,None,Hsp,Ex,CZ05,cDXHP,0,Each,1.0,494055.844983616,2728257.9099999997,856282.21,0,1139112.1,6032.01,425670.62,0,0,267336.84,0,0,0.0,0,0,0,18387.170989761096,1492.668941979522,7732.327645051195,9162.174402730376,1,1,2026-06-10 17:41:22.494414
NE-HV_AirDist-SupFanMtr-cDXHP-2SpClgHtg-VFDStdMtr,None,Hsp,Ex,CZ05,cDXHP,0,Each,1.0,494055.844983616,2733536.87,856282.21,0,1139112.1,5944.33,426010.28,0,0,272365.75,0,0,0.0,0,0,0,18383.098634812286,1492.668941979522,7727.897610921501,9162.532081911262,1,1,2026-06-10 17:41:22.494414
NE-HV_AirDist-SupFanMtr-cDXHP-2SpClgHtg-VFDExMtr,None,Hsp,Ex,CZ04,cDXHP,0,Each,1.0,494055.844983616,3276251.82,856282.21,0,1139112.1,9250.2,841614.96,0,0,388120.15,0,0,0.0,0,0,0,21734.210580204777,1492.668941979522,11407.765870307167,8833.775767918089,1,1,2026-06-10 17:41:22.494414
NE-HV_AirDist-SupFanMtr-cDXHP-2SpClgHtg-VFDPMMtr,None,Hsp,Ex,CZ04,cDXHP,0,Each,1.0,494055.844983616,3268153.12,856282.21,0,1139112.1,9380.62,840867.21,0,0,380628.31,0,0,0.0,0,0,0,21714.40580204778,1492.668941979522,11387.155631399317,8834.581228668942,1,1,2026-06-10 17:41:22.494414
NE-HV_AirDist-SupFanMtr-cDXHP-2SpClgHtg-VFDStdMtr,None,Hsp,Ex,CZ04,cDXHP,0,Each,1.0,494055.844983616,3273828.08,856282.21,0,1139112.1,9322.85,841318.29,0,0,385929.02,0,0,0.0,0,0,0,21742.398976109216,1492.668941979522,11415.397269624573,8834.33276450512,1,1,2026-06-10 17:41:22.494414
NE-HV_AirDist-SupFanMtr-cDXHP-2SpClgHtg-VFDExMtr,None,Hsp,Ex,CZ03,cDXHP,0,Each,1.0,494055.844983616,2668109.9800000004,856282.21,0,1139112.1,5601.91,373574.13,0,0,259597.64,0,0,0.0,0,0,0,18161.572696245737,1492.668941979522,7550.479180887372,9118.42457337884,1,1,2026-06-10 17:41:22.494414
NE-HV_AirDist-SupFanMtr-cDXHP-2SpClgHtg-VFDPMMtr,None,Hsp,Ex,CZ03,cDXHP,0,Each,1.0,494055.844983616,2660842.79,856282.21,0,1139112.1,5719.84,373119.58,0,0,252668.72,0,0,0.0,0,0,0,18167.731399317407,1492.668941979522,7556.228327645051,9118.834129692834,1,1,2026-06-10 17:41:22.494414
NE-HV_AirDist-SupFanMtr-cDXHP-2SpClgHtg-VFDStdMtr,None,Hsp,Ex,CZ03,cDXHP,0,Each,1.0,494055.844983616,2665991.08,856282.21,0,1139112.1,5639.99,373439.2,0,0,257576.42,0,0,0.0,0,0,0,18162.953924914676,1492.668941979522,7551.6194539249145,9118.665529010239,1,1,2026-06-10 17:41:22.494414
NE-HV_AirDist-SupFanMtr-cDXHP-2SpClgHtg-VFDExMtr,None,Hsp,Ex,CZ02,cDXHP,0,Each,1.0,494055.844983616,2962681.06,856282.21,0,1139112.1,10445.41,593944.62,0,0,325148.89,0,0,0.0,0,0,0,22835.82559726962,1492.668941979522,12119.655631399317,9223.501023890785,1,1,2026-06-10 17:41:22.494414
NE-HV_AirDist-SupFanMtr-cDXHP-2SpClgHtg-VFDPMMtr,None,Hsp,Ex,CZ02,cDXHP,0,Each,1.0,494055.844983616,2955283.4499999997,856282.21,0,1139112.1,10651.01,593348.56,0,0,318141.26,0,0,0.0,0,0,0,22844.6566552901,1492.668941979522,12128.576450511944,9223.411262798634,1,1,2026-06-10 17:41:22.494414
NE-HV_AirDist-SupFanMtr-cDXHP-2SpClgHtg-VFDStdMtr,None,Hsp,Ex,CZ02,cDXHP,0,Each,1.0,494055.844983616,2960596.0000000005,856282.21,0,1139112.1,10510.9,593799.15,0,0,323143.96,0,0,0.0,0,0,0,22836.08054607508,1492.668941979522,12120.43242320819,9222.97918088737,1,1,2026-06-10 17:41:22.494414
NE-HV_AirDist-SupFanMtr-cDXHP-2SpClgHtg-VFDExMtr,None,Hsp,Ex,CZ01,cDXHP,0,Each,1.0,494055.844983616,2422113.33,856282.21,0,1139112.1,11394.66,162276.13,0,0,225785.46,0,0,0.0,0,0,0,23682.897269624573,1492.668941979522,12323.770989761091,9866.45733788396,1,1,2026-06-10 17:41:22.494414
NE-HV_AirDist-SupFanMtr-cDXHP-2SpClgHtg-VFDPMMtr,None,Hsp,Ex,CZ01,cDXHP,0,Each,1.0,494055.844983616,2415927.59,856282.21,0,1139112.1,11610.57,162082.79,0,0,219585.61,0,0,0.0,0,0,0,23686.44027303754,1492.668941979522,12327.044027303755,9866.727303754265,1,1,2026-06-10 17:41:22.494414
NE-HV_AirDist-SupFanMtr-cDXHP-2SpClgHtg-VFDStdMtr,None,Hsp,Ex,CZ01,cDXHP,0,Each,1.0,494055.844983616,2420353.5300000007,856282.21,0,1139112.1,11455.46,162215.84,0,0,224028.72,0,0,0.0,0,0,0,23681.150170648463,1492.668941979522,12321.958361774743,9866.522866894198,1,1,2026-06-10 17:41:22.494414
NE-HV_AirDist-SupFanMtr-cDXGF-2SpClgHtg-VFDExMtr,None,Hsp,Ex,CZ16,cDXGF,0,Each,1.0,494055.844983616,3132802.78,856282.21,0,1139112.1,0.0,660212.79,0,0,440810.07,0,0,0.0,0,0,0,30683.901706484638,1492.668941979522,19537.02662116041,9654.206143344709,1,1,2026-06-10 17:41:22.494414
NE-HV_AirDist-SupFanMtr-cDXGF-2SpClgHtg-VFDPMMtr,None,Hsp,Ex,CZ16,cDXGF,0,Each,1.0,494055.844983616,3123560.5200000005,856282.21,0,1139112.1,0.0,659618.02,0,0,432161.24,0,0,0.0,0,0,0,30753.668941979522,1492.668941979522,19606.750170648465,9654.249829351536,1,1,2026-06-10 17:41:22.494414
NE-HV_AirDist-SupFanMtr-cDXGF-2SpClgHtg-VFDStdMtr,None,Hsp,Ex,CZ16,cDXGF,0,Each,1.0,494055.844983616,3129986.1300000004,856282.21,0,1139112.1,0.0,659963.27,0,0,438245.62,0,0,0.0,0,0,0,30704.52832764505,1492.668941979522,19557.46757679181,9654.39180887372,1,1,2026-06-10 17:41:22.494414
NE-HV_AirDist-SupFanMtr-cDXGF-2SpClgHtg-VFDExMtr,None,Hsp,Ex,CZ15,cDXGF,0,Each,1.0,494055.844983616,4341782.669999999,856282.21,0,1139112.1,0.0,1747842.16,0,0,549451.6,0,0,0.0,0,0,0,13770.727986348124,1492.668941979522,5486.211604095563,6791.847440273037,1,1,2026-06-10 17:41:22.494414
NE-HV_AirDist-SupFanMtr-cDXGF-2SpClgHtg-VFDPMMtr,None,Hsp,Ex,CZ15,cDXGF,0,Each,1.0,494055.844983616,4332535.2,856282.21,0,1139112.1,0.0,1746360.2,0,0,541684.96,0,0,0.0,0,0,0,13781.398293515356,1492.668941979522,5496.796928327644,6791.932423208191,1,1,2026-06-10 17:41:22.494414
NE-HV_AirDist-SupFanMtr-cDXGF-2SpClgHtg-VFDStdMtr,None,Hsp,Ex,CZ15,cDXGF,0,Each,1.0,494055.844983616,4338739.970000001,856282.21,0,1139112.1,0.0,1747325.89,0,0,546925.19,0,0,0.0,0,0,0,13772.893515358362,1492.668941979522,5488.415017064846,6791.809556313992,1,1,2026-06-10 17:41:22.494414
NE-HV_AirDist-SupFanMtr-cDXGF-2SpClgHtg-VFDExMtr,None,Hsp,Ex,CZ14,cDXGF,0,Each,1.0,494055.844983616,3645615.8400000003,856282.21,0,1139112.1,0.0,1129268.54,0,0,477757.56,0,0,0.0,0,0,0,20949.695221843005,1492.668941979522,11086.022184300342,8371.00409556314,1,1,2026-06-10 17:41:22.494414
NE-HV_AirDist-SupFanMtr-cDXGF-2SpClgHtg-VFDPMMtr,None,Hsp,Ex,CZ14,cDXGF,0,Each,1.0,494055.844983616,3636652.9,856282.21,0,1139112.1,0.0,1128231.49,0,0,469831.27,0,0,0.0,0,0,0,20992.410921501705,1492.668941979522,11128.311604095565,8371.43037542662,1,1,2026-06-10 17:41:22.494414
NE-HV_AirDist-SupFanMtr-cDXGF-2SpClgHtg-VFDStdMtr,None,Hsp,Ex,CZ14,cDXGF,0,Each,1.0,494055.844983616,3642832.16,856282.21,0,1139112.1,0.0,1128919.23,0,0,475324.48,0,0,0.0,0,0,0,20959.856996587034,1492.668941979522,11096.221160409557,8370.96689419795,1,1,2026-06-10 17:41:22.494414
NE-HV_AirDist-SupFanMtr-cDXGF-2SpClgHtg-VFDExMtr,None,Hsp,Ex,CZ13,cDXGF,0,Each,1.0,494055.844983616,3604665.74,856282.21,0,1139112.1,0.0,1128286.42,0,0,436515.54,0,0,0.0,0,0,0,21548.691126279864,1492.668941979522,11928.662457337883,8127.359726962458,1,1,2026-06-10 17:41:22.494414
NE-HV_AirDist-SupFanMtr-cDXGF-2SpClgHtg-VFDPMMtr,None,Hsp,Ex,CZ13,cDXGF,0,Each,1.0,494055.844983616,3596271.0100000002,856282.21,0,1139112.1,0.0,1127318.98,0,0,429091.24,0,0,0.0,0,0,0,21590.108532423208,1492.668941979522,11969.959726962457,8127.479863481229,1,1,2026-06-10 17:41:22.494414
NE-HV_AirDist-SupFanMtr-cDXGF-2SpClgHtg-VFDStdMtr,None,Hsp,Ex,CZ13,cDXGF,0,Each,1.0,494055.844983616,3601997.37,856282.21,0,1139112.1,0.0,1127954.18,0,0,434180.84,0,0,0.0,0,0,0,21562.02627986348,1492.668941979522,11941.827303754266,8127.5300341296925,1,1,2026-06-10 17:41:22.494414
NE-HV_AirDist-SupFanMtr-cDXGF-2SpClgHtg-VFDExMtr,None,Hsp,Ex,CZ12,cDXGF,0,Each,1.0,494055.844983616,3252913.04,856282.21,0,1139112.1,0.0,834872.77,0,0,380942.94,0,0,0.0,0,0,0,23246.358703071674,1492.668941979522,13043.71638225256,8709.97337883959,1,1,2026-06-10 17:41:22.494414
NE-HV_AirDist-SupFanMtr-cDXGF-2SpClgHtg-VFDPMMtr,None,Hsp,Ex,CZ12,cDXGF,0,Each,1.0,494055.844983616,3244920.1300000004,856282.21,0,1139112.1,0.0,834135.55,0,0,373693.83,0,0,0.0,0,0,0,23290.40989761092,1492.668941979522,13087.653583617746,8710.087372013651,1,1,2026-06-10 17:41:22.494414
NE-HV_AirDist-SupFanMtr-cDXGF-2SpClgHtg-VFDStdMtr,None,Hsp,Ex,CZ12,cDXGF,0,Each,1.0,494055.844983616,3250506.6100000003,856282.21,0,1139112.1,0.0,834630.83,0,0,378780.23,0,0,0.0,0,0,0,23259.55494880546,1492.668941979522,13057.453583617747,8709.43242320819,1,1,2026-06-10 17:41:22.494414
NE-HV_AirDist-SupFanMtr-cDXGF-2SpClgHtg-VFDExMtr,None,Hsp,Ex,CZ11,cDXGF,0,Each,1.0,494055.844983616,3559608.2900000005,856282.21,0,1139112.1,0.0,1089921.68,0,0,429696.1,0,0,0.0,0,0,0,23837.53515358362,1492.668941979522,14041.617747440274,8303.248464163822,1,1,2026-06-10 17:41:22.494414
NE-HV_AirDist-SupFanMtr-cDXGF-2SpClgHtg-VFDPMMtr,None,Hsp,Ex,CZ11,cDXGF,0,Each,1.0,494055.844983616,3551181.3699999996,856282.21,0,1139112.1,0.0,1088903.16,0,0,422288.82,0,0,0.0,0,0,0,23886.244709897608,1492.668941979522,14090.60614334471,8302.96962457338,1,1,2026-06-10 17:41:22.494414
NE-HV_AirDist-SupFanMtr-cDXGF-2SpClgHtg-VFDStdMtr,None,Hsp,Ex,CZ11,cDXGF,0,Each,1.0,494055.844983616,3556991.5500000003,856282.21,0,1139112.1,0.0,1089556.87,0,0,427447.39,0,0,0.0,0,0,0,23855.75938566553,1492.668941979522,14059.884641638224,8303.205802047782,1,1,2026-06-10 17:41:22.494414
NE-HV_AirDist-SupFanMtr-cDXGF-2SpClgHtg-VFDExMtr,None,Hsp,Ex,CZ10,cDXGF,0,Each,1.0,494055.844983616,3583740.5900000003,856282.21,0,1139112.1,0.0,1099714.1,0,0,444556.48,0,0,0.0,0,0,0,16932.08122866894,1492.668941979522,7350.970648464164,8088.441638225256,1,1,2026-06-10 17:41:22.494414
NE-HV_AirDist-SupFanMtr-cDXGF-2SpClgHtg-VFDPMMtr,None,Hsp,Ex,CZ10,cDXGF,0,Each,1.0,494055.844983616,3574590.33,856282.21,0,1139112.1,0.0,1098591.28,0,0,436529.78,0,0,0.0,0,0,0,16954.943344709896,1492.668941979522,7374.133447098975,8088.140955631399,1,1,2026-06-10 17:41:22.494414
NE-HV_AirDist-SupFanMtr-cDXGF-2SpClgHtg-VFDStdMtr,None,Hsp,Ex,CZ10,cDXGF,0,Each,1.0,494055.844983616,3580912.54,856282.21,0,1139112.1,0.0,1099341.15,0,0,442101.29,0,0,0.0,0,0,0,16938.432423208193,1492.668941979522,7357.4696245733785,8088.29385665529,1,1,2026-06-10 17:41:22.494414
NE-HV_AirDist-SupFanMtr-cDXGF-2SpClgHtg-VFDExMtr,None,Hsp,Ex,CZ09,cDXGF,0,Each,1.0,494055.844983616,3450502.9099999997,856282.21,0,1139112.1,0.0,992601.31,0,0,420481.26,0,0,0.0,0,0,0,15434.58327645051,1492.668941979522,5744.235494880546,8197.678839590442,1,1,2026-06-10 17:41:22.494414
NE-HV_AirDist-SupFanMtr-cDXGF-2SpClgHtg-VFDPMMtr,None,Hsp,Ex,CZ09,cDXGF,0,Each,1.0,494055.844983616,3441741.17,856282.21,0,1139112.1,0.0,991606.38,0,0,412711.83,0,0,0.0,0,0,0,15452.182252559725,1492.668941979522,5761.483276450512,8198.030034129693,1,1,2026-06-10 17:41:22.494414
NE-HV_AirDist-SupFanMtr-cDXGF-2SpClgHtg-VFDStdMtr,None,Hsp,Ex,CZ09,cDXGF,0,Each,1.0,494055.844983616,3447750.06,856282.21,0,1139112.1,0.0,992255.02,0,0,418078.29,0,0,0.0,0,0,0,15448.417747440273,1492.668941979522,5757.994539249146,8197.754266211605,1,1,2026-06-10 17:41:22.494414
NE-HV_AirDist-SupFanMtr-cDXGF-2SpClgHtg-VFDExMtr,None,Hsp,Ex,CZ08,cDXGF,0,Each,1.0,494055.844983616,3464782.74,856282.21,0,1139112.1,0.0,1014115.37,0,0,413975.62,0,0,0.0,0,0,0,14244.60034129693,1492.668941979522,4615.511604095563,8136.419795221843,1,1,2026-06-10 17:41:22.494414
NE-HV_AirDist-SupFanMtr-cDXGF-2SpClgHtg-VFDPMMtr,None,Hsp,Ex,CZ08,cDXGF,0,Each,1.0,494055.844983616,3455994.3200000003,856282.21,0,1139112.1,0.0,1013067.3,0,0,406237.94,0,0,0.0,0,0,0,14259.478156996585,1492.668941979522,4630.524232081911,8136.2849829351535,1,1,2026-06-10 17:41:22.494414
NE-HV_AirDist-SupFanMtr-cDXGF-2SpClgHtg-VFDStdMtr,None,Hsp,Ex,CZ08,cDXGF,0,Each,1.0,494055.844983616,3461997.14,856282.21,0,1139112.1,0.0,1013759.82,0,0,411545.6,0,0,0.0,0,0,0,14249.54470989761,1492.668941979522,4620.540614334471,8136.335153583617,1,1,2026-06-10 17:41:22.494414
NE-HV_AirDist-SupFanMtr-cDXGF-2SpClgHtg-VFDExMtr,None,Hsp,Ex,CZ07,cDXGF,0,Each,1.0,494055.844983616,3121335.94,856282.21,0,1139112.1,0.0,766263.73,0,0,322019.09,0,0,0.0,0,0,0,12621.897952218429,1492.668941979522,2812.060409556314,8317.168600682595,1,1,2026-06-10 17:41:22.494414
NE-HV_AirDist-SupFanMtr-cDXGF-2SpClgHtg-VFDPMMtr,None,Hsp,Ex,CZ07,cDXGF,0,Each,1.0,494055.844983616,3112932.66,856282.21,0,1139112.1,0.0,765359.71,0,0,314519.45,0,0,0.0,0,0,0,12632.71023890785,1492.668941979522,2822.8941979522183,8317.14709897611,1,1,2026-06-10 17:41:22.494414
NE-HV_AirDist-SupFanMtr-cDXGF-2SpClgHtg-VFDStdMtr,None,Hsp,Ex,CZ07,cDXGF,0,Each,1.0,494055.844983616,3118724.09,856282.21,0,1139112.1,0.0,765955.0,0,0,319715.98,0,0,0.0,0,0,0,12625.384300341297,1492.668941979522,2815.431058020478,8317.284300341296,1,1,2026-06-10 17:41:22.494414
NE-HV_AirDist-SupFanMtr-cDXGF-2SpClgHtg-VFDExMtr,None,Hsp,Ex,CZ06,cDXGF,0,Each,1.0,494055.844983616,3061276.1100000003,856282.21,0,1139112.1,0.0,718818.14,0,0,311140.75,0,0,0.0,0,0,0,13100.361774744026,1492.668941979522,3199.5290102389076,8408.163822525597,1,1,2026-06-10 17:41:22.494414
NE-HV_AirDist-SupFanMtr-cDXGF-2SpClgHtg-VFDPMMtr,None,Hsp,Ex,CZ06,cDXGF,0,Each,1.0,494055.844983616,3052743.86,856282.21,0,1139112.1,0.0,717944.02,0,0,303483.4,0,0,0.0,0,0,0,13113.259726962457,1492.668941979522,3212.415358361775,8408.175426621161,1,1,2026-06-10 17:41:22.494414
NE-HV_AirDist-SupFanMtr-cDXGF-2SpClgHtg-VFDStdMtr,None,Hsp,Ex,CZ06,cDXGF,0,Each,1.0,494055.844983616,3058572.84,856282.21,0,1139112.1,0.0,718517.48,0,0,308738.13,0,0,0.0,0,0,0,13103.729010238907,1492.668941979522,3202.876450511945,8408.18361774744,1,1,2026-06-10 17:41:22.494414
NE-HV_AirDist-SupFanMtr-cDXGF-2SpClgHtg-VFDExMtr,None,Hsp,Ex,CZ05,cDXGF,0,Each,1.0,494055.844983616,2730132.8200000003,856282.21,0,1139112.1,0.0,426357.29,0,0,274558.29,0,0,0.0,0,0,0,19705.3204778157,1492.668941979522,9049.846075085323,9162.805460750853,1,1,2026-06-10 17:41:22.494414
NE-HV_AirDist-SupFanMtr-cDXGF-2SpClgHtg-VFDPMMtr,None,Hsp,Ex,CZ05,cDXGF,0,Each,1.0,494055.844983616,2722443.86,856282.21,0,1139112.1,0.0,425786.86,0,0,267439.69,0,0,0.0,0,0,0,19737.815017064844,1492.668941979522,9082.341296928327,9162.804778156997,1,1,2026-06-10 17:41:22.494414
NE-HV_AirDist-SupFanMtr-cDXGF-2SpClgHtg-VFDStdMtr,None,Hsp,Ex,CZ05,cDXGF,0,Each,1.0,494055.844983616,2727856.2000000007,856282.21,0,1139112.1,0.0,426166.55,0,0,272473.37,0,0,0.0,0,0,0,19714.121160409555,1492.668941979522,9058.561774744026,9162.890443686007,1,1,2026-06-10 17:41:22.494414
NE-HV_AirDist-SupFanMtr-cDXGF-2SpClgHtg-VFDExMtr,None,Hsp,Ex,CZ04,cDXGF,0,Each,1.0,494055.844983616,3267145.74,856282.21,0,1139112.1,0.0,841137.5,0,0,388743.2,0,0,0.0,0,0,0,23694.430034129695,1492.668941979522,13353.555631399317,8848.205460750853,1,1,2026-06-10 17:41:22.494414
NE-HV_AirDist-SupFanMtr-cDXGF-2SpClgHtg-VFDPMMtr,None,Hsp,Ex,CZ04,cDXGF,0,Each,1.0,494055.844983616,3258959.6500000004,856282.21,0,1139112.1,0.0,840385.01,0,0,381297.53,0,0,0.0,0,0,0,23705.267576791808,1492.668941979522,13364.330034129693,8848.268600682593,1,1,2026-06-10 17:41:22.494414
NE-HV_AirDist-SupFanMtr-cDXGF-2SpClgHtg-VFDStdMtr,None,Hsp,Ex,CZ04,cDXGF,0,Each,1.0,494055.844983616,3264724.0300000003,856282.21,0,1139112.1,0.0,840892.36,0,0,386568.7,0,0,0.0,0,0,0,23718.103754266212,1492.668941979522,13377.30443686007,8848.130375426621,1,1,2026-06-10 17:41:22.494414
NE-HV_AirDist-SupFanMtr-cDXGF-2SpClgHtg-VFDExMtr,None,Hsp,Ex,CZ03,cDXGF,0,Each,1.0,494055.844983616,2662771.88,856282.21,0,1139112.1,0.0,373768.92,0,0,259667.12,0,0,0.0,0,0,0,19439.174744027307,1492.668941979522,8828.052218430033,9118.453583617747,1,1,2026-06-10 17:41:22.494414
NE-HV_AirDist-SupFanMtr-cDXGF-2SpClgHtg-VFDPMMtr,None,Hsp,Ex,CZ03,cDXGF,0,Each,1.0,494055.844983616,2655336.9999999995,856282.21,0,1139112.1,0.0,373302.78,0,0,252699.65,0,0,0.0,0,0,0,19472.36723549488,1492.668941979522,8861.138907849829,9118.559385665529,1,1,2026-06-10 17:41:22.494414
NE-HV_AirDist-SupFanMtr-cDXGF-2SpClgHtg-VFDStdMtr,None,Hsp,Ex,CZ03,cDXGF,0,Each,1.0,494055.844983616,2660559.5,856282.21,0,1139112.1,0.0,373608.79,0,0,257615.32,0,0,0.0,0,0,0,19449.36177474403,1492.668941979522,8837.886348122867,9118.806484641638,1,1,2026-06-10 17:41:22.494414
NE-HV_AirDist-SupFanMtr-cDXGF-2SpClgHtg-VFDExMtr,None,Hsp,Ex,CZ02,cDXGF,0,Each,1.0,494055.844983616,2951597.93,856282.21,0,1139112.1,0.0,593124.76,0,0,325331.11,0,0,0.0,0,0,0,25086.720136518772,1492.668941979522,14369.397269624575,9224.653924914675,1,1,2026-06-10 17:41:22.494414
NE-HV_AirDist-SupFanMtr-cDXGF-2SpClgHtg-VFDPMMtr,None,Hsp,Ex,CZ02,cDXGF,0,Each,1.0,494055.844983616,2943995.84,856282.21,0,1139112.1,0.0,592539.23,0,0,318314.04,0,0,0.0,0,0,0,25140.843344709894,1492.668941979522,14423.349488054608,9224.824914675768,1,1,2026-06-10 17:41:22.494414
NE-HV_AirDist-SupFanMtr-cDXGF-2SpClgHtg-VFDStdMtr,None,Hsp,Ex,CZ02,cDXGF,0,Each,1.0,494055.844983616,2949354.01,856282.21,0,1139112.1,0.0,592899.82,0,0,323322.5,0,0,0.0,0,0,0,25102.310238907852,1492.668941979522,14384.966894197953,9224.674402730376,1,1,2026-06-10 17:41:22.494414
NE-HV_AirDist-SupFanMtr-cDXGF-2SpClgHtg-VFDExMtr,None,Hsp,Ex,CZ01,cDXGF,0,Each,1.0,494055.844983616,2411532.46,856282.21,0,1139112.1,0.0,162942.07,0,0,225934.4,0,0,0.0,0,0,0,26315.780887372013,1492.668941979522,14956.07542662116,9867.03651877133,1,1,2026-06-10 17:41:22.494414
NE-HV_AirDist-SupFanMtr-cDXGF-2SpClgHtg-VFDPMMtr,None,Hsp,Ex,CZ01,cDXGF,0,Each,1.0,494055.844983616,2405036.2399999998,856282.21,0,1139112.1,0.0,162766.11,0,0,219622.17,0,0,0.0,0,0,0,26368.365187713312,1492.668941979522,15009.121501706484,9866.574744027304,1,1,2026-06-10 17:41:22.494414
NE-HV_AirDist-SupFanMtr-cDXGF-2SpClgHtg-VFDStdMtr,None,Hsp,Ex,CZ01,cDXGF,0,Each,1.0,494055.844983616,2409731.58,856282.21,0,1139112.1,0.0,162893.53,0,0,224184.7,0,0,0.0,0,0,0,26327.89931740614,1492.668941979522,14968.011262798635,9867.219112627987,1,1,2026-06-10 17:41:22.494414
NE-HV_AirDist-SupFanMtr-cDXOH-2SpClgHtg-VFDExMtr,None,Gro,Ex,CZ16,cDXOH,0,Each,1.0,49996.964499648,1735601.98,249218.65,0,177584.03,0.0,21612.31,0,0,178805.55,0,0,1108378.06,0,0,0,2214.72866894198,0.0,0.0,2214.72866894198,1,1,2026-06-10 17:41:22.494414
NE-HV_AirDist-SupFanMtr-cDXOH-2SpClgHtg-VFDPMMtr,None,Gro,Ex,CZ16,cDXOH,0,Each,1.0,49996.964499648,1731679.8900000001,249218.65,0,177584.03,0.0,21284.45,0,0,176132.67,0,0,1107456.71,0,0,0,2214.72866894198,0.0,0.0,2214.72866894198,1,1,2026-06-10 17:41:22.494414
NE-HV_AirDist-SupFanMtr-cDXOH-2SpClgHtg-VFDStdMtr,None,Gro,Ex,CZ16,cDXOH,0,Each,1.0,49996.964499648,1734711.8,249218.65,0,177584.03,0.0,21505.7,0,0,178048.01,0,0,1108352.03,0,0,0,2214.72866894198,0.0,0.0,2214.72866894198,1,1,2026-06-10 17:41:22.494414
NE-HV_AirDist-SupFanMtr-cDXOH-2SpClgHtg-VFDExMtr,None,Gro,Ex,CZ15,cDXOH,0,Each,1.0,49996.964499648,2268531.31,249218.65,0,177584.03,0.0,163853.59,0,0,112709.11,0,0,1565162.55,0,0,0,1600.5778156996587,0.0,0.0,1600.5778156996587,1,1,2026-06-10 17:41:22.494414
NE-HV_AirDist-SupFanMtr-cDXOH-2SpClgHtg-VFDPMMtr,None,Gro,Ex,CZ15,cDXOH,0,Each,1.0,49996.964499648,2262685.09,249218.65,0,177584.03,0.0,162885.39,0,0,108067.88,0,0,1564925.76,0,0,0,1600.578156996587,0.0,0.0,1600.578156996587,1,1,2026-06-10 17:41:22.494414
NE-HV_AirDist-SupFanMtr-cDXOH-2SpClgHtg-VFDStdMtr,None,Gro,Ex,CZ15,cDXOH,0,Each,1.0,49996.964499648,2266925.52,249218.65,0,177584.03,0.0,163530.41,0,0,111251.33,0,0,1565337.72,0,0,0,1600.578156996587,0.0,0.0,1600.578156996587,1,1,2026-06-10 17:41:22.494414
NE-HV_AirDist-SupFanMtr-cDXOH-2SpClgHtg-VFDExMtr,None,Gro,Ex,CZ14,cDXOH,0,Each,1.0,49996.964499648,1937911.2799999998,249218.65,0,177584.03,0.0,81339.21,0,0,133067.8,0,0,1296698.21,0,0,0,1939.6317406143344,0.0,0.0,1939.6317406143344,1,1,2026-06-10 17:41:22.494414
NE-HV_AirDist-SupFanMtr-cDXOH-2SpClgHtg-VFDPMMtr,None,Gro,Ex,CZ14,cDXOH,0,Each,1.0,49996.964499648,1933195.69,249218.65,0,177584.03,0.0,80703.79,0,0,129442.11,0,0,1296243.73,0,0,0,1939.6317406143344,0.0,0.0,1939.6317406143344,1,1,2026-06-10 17:41:22.494414
NE-HV_AirDist-SupFanMtr-cDXOH-2SpClgHtg-VFDStdMtr,None,Gro,Ex,CZ14,cDXOH,0,Each,1.0,49996.964499648,1936224.5699999998,249218.65,0,177584.03,0.0,81129.72,0,0,132035.83,0,0,1296252.96,0,0,0,1939.6317406143344,0.0,0.0,1939.6317406143344,1,1,2026-06-10 17:41:22.494414
NE-HV_AirDist-SupFanMtr-cDXOH-2SpClgHtg-VFDExMtr,None,Gro,Ex,CZ13,cDXOH,0,Each,1.0,49996.964499648,1935249.62,249218.65,0,177584.03,0.0,87019.07,0,0,131250.0,0,0,1290174.49,0,0,0,1887.2266211604094,0.0,0.0,1887.2266211604094,1,1,2026-06-10 17:41:22.494414
NE-HV_AirDist-SupFanMtr-cDXOH-2SpClgHtg-VFDPMMtr,None,Gro,Ex,CZ13,cDXOH,0,Each,1.0,49996.964499648,1930629.84,249218.65,0,177584.03,0.0,86419.55,0,0,127755.15,0,0,1289649.08,0,0,0,1887.2266211604094,0.0,0.0,1887.2266211604094,1,1,2026-06-10 17:41:22.494414
NE-HV_AirDist-SupFanMtr-cDXOH-2SpClgHtg-VFDStdMtr,None,Gro,Ex,CZ13,cDXOH,0,Each,1.0,49996.964499648,1934034.75,249218.65,0,177584.03,0.0,86817.82,0,0,130176.86,0,0,1290234.01,0,0,0,1887.2266211604094,0.0,0.0,1887.2266211604094,1,1,2026-06-10 17:41:22.494414
NE-HV_AirDist-SupFanMtr-cDXOH-2SpClgHtg-VFDExMtr,None,Gro,Ex,CZ12,cDXOH,0,Each,1.0,49996.964499648,1783579.2000000002,249218.65,0,177584.03,0.0,53120.74,0,0,125192.3,0,0,1178460.1,0,0,0,2012.0242320819111,0.0,0.0,2012.0242320819111,1,1,2026-06-10 17:41:22.494414
NE-HV_AirDist-SupFanMtr-cDXOH-2SpClgHtg-VFDPMMtr,None,Gro,Ex,CZ12,cDXOH,0,Each,1.0,49996.964499648,1780292.04,249218.65,0,177584.03,0.0,52683.71,0,0,122272.87,0,0,1178529.4,0,0,0,2012.0242320819111,0.0,0.0,2012.0242320819111,1,1,2026-06-10 17:41:22.494414
NE-HV_AirDist-SupFanMtr-cDXOH-2SpClgHtg-VFDStdMtr,None,Gro,Ex,CZ12,cDXOH,0,Each,1.0,49996.964499648,1782175.4900000002,249218.65,0,177584.03,0.0,52979.01,0,0,124402.55,0,0,1177987.87,0,0,0,2012.0242320819111,0.0,0.0,2012.0242320819111,1,1,2026-06-10 17:41:22.494414
NE-HV_AirDist-SupFanMtr-cDXOH-2SpClgHtg-VFDExMtr,None,Gro,Ex,CZ11,cDXOH,0,Each,1.0,49996.964499648,1893552.1800000002,249218.65,0,177584.03,0.0,81552.16,0,0,134539.35,0,0,1250654.61,0,0,0,1924.9733788395904,0.0,0.0,1924.9733788395904,1,1,2026-06-10 17:41:22.494414
NE-HV_AirDist-SupFanMtr-cDXOH-2SpClgHtg-VFDPMMtr,None,Gro,Ex,CZ11,cDXOH,0,Each,1.0,49996.964499648,1890137.06,249218.65,0,177584.03,0.0,80996.11,0,0,131462.48,0,0,1250872.41,0,0,0,1924.9733788395904,0.0,0.0,1924.9733788395904,1,1,2026-06-10 17:41:22.494414
NE-HV_AirDist-SupFanMtr-cDXOH-2SpClgHtg-VFDStdMtr,None,Gro,Ex,CZ11,cDXOH,0,Each,1.0,49996.964499648,1892707.65,249218.65,0,177584.03,0.0,81368.06,0,0,133624.3,0,0,1250909.23,0,0,0,1924.9733788395904,0.0,0.0,1924.9733788395904,1,1,2026-06-10 17:41:22.494414
NE-HV_AirDist-SupFanMtr-cDXOH-2SpClgHtg-VFDExMtr,None,Gro,Ex,CZ10,cDXOH,0,Each,1.0,49996.964499648,2014882.77,249218.65,0,177584.03,0.0,69772.12,0,0,101111.29,0,0,1417193.3,0,0,0,1878.212627986348,0.0,0.0,1878.212627986348,1,1,2026-06-10 17:41:22.494414
NE-HV_AirDist-SupFanMtr-cDXOH-2SpClgHtg-VFDPMMtr,None,Gro,Ex,CZ10,cDXOH,0,Each,1.0,49996.964499648,2009492.61,249218.65,0,177584.03,0.0,69149.2,0,0,97443.02,0,0,1416094.33,0,0,0,1878.212627986348,0.0,0.0,1878.212627986348,1,1,2026-06-10 17:41:22.494414
NE-HV_AirDist-SupFanMtr-cDXOH-2SpClgHtg-VFDStdMtr,None,Gro,Ex,CZ10,cDXOH,0,Each,1.0,49996.964499648,2013699.33,249218.65,0,177584.03,0.0,69570.84,0,0,100102.26,0,0,1417220.17,0,0,0,1878.212627986348,0.0,0.0,1878.212627986348,1,1,2026-06-10 17:41:22.494414
NE-HV_AirDist-SupFanMtr-cDXOH-2SpClgHtg-VFDExMtr,None,Gro,Ex,CZ09,cDXOH,0,Each,1.0,49996.964499648,1992856.38,249218.65,0,177584.03,0.0,60814.93,0,0,100542.92,0,0,1404692.47,0,0,0,1901.6941979522185,0.0,0.0,1901.6941979522185,1,1,2026-06-10 17:41:22.494414
NE-HV_AirDist-SupFanMtr-cDXOH-2SpClgHtg-VFDPMMtr,None,Gro,Ex,CZ09,cDXOH,0,Each,1.0,49996.964499648,1987620.1400000001,249218.65,0,177584.03,0.0,60234.49,0,0,96874.58,0,0,1403705.01,0,0,0,1901.6941979522185,0.0,0.0,1901.6941979522185,1,1,2026-06-10 17:41:22.494414
NE-HV_AirDist-SupFanMtr-cDXOH-2SpClgHtg-VFDStdMtr,None,Gro,Ex,CZ09,cDXOH,0,Each,1.0,49996.964499648,1991412.05,249218.65,0,177584.03,0.0,60629.13,0,0,99462.32,0,0,1404514.54,0,0,0,1901.6941979522185,0.0,0.0,1901.6941979522185,1,1,2026-06-10 17:41:22.494414
NE-HV_AirDist-SupFanMtr-cDXOH-2SpClgHtg-VFDExMtr,None,Gro,Ex,CZ08,cDXOH,0,Each,1.0,49996.964499648,2032327.14,249218.65,0,177584.03,0.0,58976.18,0,0,93660.0,0,0,1452884.9,0,0,0,1888.422184300341,0.0,0.0,1888.422184300341,1,1,2026-06-10 17:41:22.494414
NE-HV_AirDist-SupFanMtr-cDXOH-2SpClgHtg-VFDPMMtr,None,Gro,Ex,CZ08,cDXOH,0,Each,1.0,49996.964499648,2027561.2999999998,249218.65,0,177584.03,0.0,58386.77,0,0,89846.79,0,0,1452521.68,0,0,0,1888.422184300341,0.0,0.0,1888.422184300341,1,1,2026-06-10 17:41:22.494414
NE-HV_AirDist-SupFanMtr-cDXOH-2SpClgHtg-VFDStdMtr,None,Gro,Ex,CZ08,cDXOH,0,Each,1.0,49996.964499648,2030686.4000000001,249218.65,0,177584.03,0.0,58785.13,0,0,92547.11,0,0,1452548.1,0,0,0,1888.422184300341,0.0,0.0,1888.422184300341,1,1,2026-06-10 17:41:22.494414
NE-HV_AirDist-SupFanMtr-cDXOH-2SpClgHtg-VFDExMtr,None,Gro,Ex,CZ07,cDXOH,0,Each,1.0,49996.964499648,2021282.54,249218.65,0,177584.03,0.0,30299.36,0,0,85735.46,0,0,1478441.66,0,0,0,1927.09180887372,0.0,0.0,1927.09180887372,1,1,2026-06-10 17:41:22.494414
NE-HV_AirDist-SupFanMtr-cDXOH-2SpClgHtg-VFDPMMtr,None,Gro,Ex,CZ07,cDXOH,0,Each,1.0,49996.964499648,2017121.75,249218.65,0,177584.03,0.0,29836.74,0,0,82097.3,0,0,1478381.65,0,0,0,1927.0914675767917,0.0,0.0,1927.0914675767917,1,1,2026-06-10 17:41:22.494414
NE-HV_AirDist-SupFanMtr-cDXOH-2SpClgHtg-VFDStdMtr,None,Gro,Ex,CZ07,cDXOH,0,Each,1.0,49996.964499648,2020353.26,249218.65,0,177584.03,0.0,30153.73,0,0,84792.99,0,0,1478600.48,0,0,0,1927.09180887372,0.0,0.0,1927.09180887372,1,1,2026-06-10 17:41:22.494414
NE-HV_AirDist-SupFanMtr-cDXOH-2SpClgHtg-VFDExMtr,None,Gro,Ex,CZ06,cDXOH,0,Each,1.0,49996.964499648,2014753.15,249218.65,0,177584.03,0.0,26620.19,0,0,86623.08,0,0,1474703.82,0,0,0,1946.5733788395903,0.0,0.0,1946.5733788395903,1,1,2026-06-10 17:41:22.494414
NE-HV_AirDist-SupFanMtr-cDXOH-2SpClgHtg-VFDPMMtr,None,Gro,Ex,CZ06,cDXOH,0,Each,1.0,49996.964499648,2010055.12,249218.65,0,177584.03,0.0,26200.79,0,0,83050.23,0,0,1473998.04,0,0,0,1946.5733788395903,0.0,0.0,1946.5733788395903,1,1,2026-06-10 17:41:22.494414
NE-HV_AirDist-SupFanMtr-cDXOH-2SpClgHtg-VFDStdMtr,None,Gro,Ex,CZ06,cDXOH,0,Each,1.0,49996.964499648,2013806.53,249218.65,0,177584.03,0.0,26487.53,0,0,85745.6,0,0,1474767.34,0,0,0,1946.5733788395903,0.0,0.0,1946.5733788395903,1,1,2026-06-10 17:41:22.494414
NE-HV_AirDist-SupFanMtr-cDXOH-2SpClgHtg-VFDExMtr,None,Gro,Ex,CZ05,cDXOH,0,Each,1.0,49996.964499648,1698217.23,249218.65,0,177584.03,0.0,9431.56,0,0,102409.19,0,0,1159570.42,0,0,0,2108.7699658703073,0.0,0.0,2108.7699658703073,1,1,2026-06-10 17:41:22.494414
NE-HV_AirDist-SupFanMtr-cDXOH-2SpClgHtg-VFDPMMtr,None,Gro,Ex,CZ05,cDXOH,0,Each,1.0,49996.964499648,1696240.29,249218.65,0,177584.03,0.0,9254.88,0,0,100223.18,0,0,1159956.17,0,0,0,2108.7699658703073,0.0,0.0,2108.7699658703073,1,1,2026-06-10 17:41:22.494414
NE-HV_AirDist-SupFanMtr-cDXOH-2SpClgHtg-VFDStdMtr,None,Gro,Ex,CZ05,cDXOH,0,Each,1.0,49996.964499648,1697320.38,249218.65,0,177584.03,0.0,9374.93,0,0,101833.38,0,0,1159306.01,0,0,0,2108.7699658703073,0.0,0.0,2108.7699658703073,1,1,2026-06-10 17:41:22.494414
NE-HV_AirDist-SupFanMtr-cDXOH-2SpClgHtg-VFDExMtr,None,Gro,Ex,CZ04,cDXOH,0,Each,1.0,49996.964499648,1756187.8,249218.65,0,177584.03,0.0,53491.31,0,0,122774.62,0,0,1153115.81,0,0,0,2041.5249146757678,0.0,0.0,2041.5249146757678,1,1,2026-06-10 17:41:22.494414
NE-HV_AirDist-SupFanMtr-cDXOH-2SpClgHtg-VFDPMMtr,None,Gro,Ex,CZ04,cDXOH,0,Each,1.0,49996.964499648,1752392.46,249218.65,0,177584.03,0.0,53070.03,0,0,120054.91,0,0,1152461.46,0,0,0,2041.5249146757678,0.0,0.0,2041.5249146757678,1,1,2026-06-10 17:41:22.494414
NE-HV_AirDist-SupFanMtr-cDXOH-2SpClgHtg-VFDStdMtr,None,Gro,Ex,CZ04,cDXOH,0,Each,1.0,49996.964499648,1755307.11,249218.65,0,177584.03,0.0,53353.86,0,0,122016.62,0,0,1153130.57,0,0,0,2041.5249146757678,0.0,0.0,2041.5249146757678,1,1,2026-06-10 17:41:22.494414
NE-HV_AirDist-SupFanMtr-cDXOH-2SpClgHtg-VFDExMtr,None,Gro,Ex,CZ03,cDXOH,0,Each,1.0,49996.964499648,1677584.0300000003,249218.65,0,177584.03,0.0,8206.95,0,0,102875.15,0,0,1139695.87,0,0,0,2099.329351535836,0.0,0.0,2099.329351535836,1,1,2026-06-10 17:41:22.494414
NE-HV_AirDist-SupFanMtr-cDXOH-2SpClgHtg-VFDPMMtr,None,Gro,Ex,CZ03,cDXOH,0,Each,1.0,49996.964499648,1675227.5899999999,249218.65,0,177584.03,0.0,8062.78,0,0,100792.59,0,0,1139566.16,0,0,0,2099.329351535836,0.0,0.0,2099.329351535836,1,1,2026-06-10 17:41:22.494414
NE-HV_AirDist-SupFanMtr-cDXOH-2SpClgHtg-VFDStdMtr,None,Gro,Ex,CZ03,cDXOH,0,Each,1.0,49996.964499648,1676995.55,249218.65,0,177584.03,0.0,8160.92,0,0,102343.53,0,0,1139685.04,0,0,0,2099.329351535836,0.0,0.0,2099.329351535836,1,1,2026-06-10 17:41:22.494414
NE-HV_AirDist-SupFanMtr-cDXOH-2SpClgHtg-VFDExMtr,None,Gro,Ex,CZ02,cDXOH,0,Each,1.0,49996.964499648,1647501.33,249218.65,0,177584.03,0.0,27124.17,0,0,121753.66,0,0,1071817.44,0,0,0,2122.327986348123,0.0,0.0,2122.327986348123,1,1,2026-06-10 17:41:22.494414
NE-HV_AirDist-SupFanMtr-cDXOH-2SpClgHtg-VFDPMMtr,None,Gro,Ex,CZ02,cDXOH,0,Each,1.0,49996.964499648,1644935.75,249218.65,0,177584.03,0.0,26844.4,0,0,119616.48,0,0,1071668.81,0,0,0,2122.327986348123,0.0,0.0,2122.327986348123,1,1,2026-06-10 17:41:22.494414
NE-HV_AirDist-SupFanMtr-cDXOH-2SpClgHtg-VFDStdMtr,None,Gro,Ex,CZ02,cDXOH,0,Each,1.0,49996.964499648,1647209.65,249218.65,0,177584.03,0.0,27034.43,0,0,121212.51,0,0,1072156.65,0,0,0,2122.327986348123,0.0,0.0,2122.327986348123,1,1,2026-06-10 17:41:22.494414
NE-HV_AirDist-SupFanMtr-cDXOH-2SpClgHtg-VFDExMtr,None,Gro,Ex,CZ01,cDXOH,0,Each,1.0,49996.964499648,1516828.52,249218.65,0,177584.03,0.0,417.61,0,0,145525.08,0,0,944079.77,0,0,0,2261.0617747440274,0.0,0.0,2261.0617747440274,1,1,2026-06-10 17:41:22.494414
NE-HV_AirDist-SupFanMtr-cDXOH-2SpClgHtg-VFDPMMtr,None,Gro,Ex,CZ01,cDXOH,0,Each,1.0,49996.964499648,1515996.13,249218.65,0,177584.03,0.0,411.52,0,0,144827.25,0,0,943951.3,0,0,0,2261.062457337884,0.0,0.0,2261.062457337884,1,1,2026-06-10 17:41:22.494414
NE-HV_AirDist-SupFanMtr-cDXOH-2SpClgHtg-VFDStdMtr,None,Gro,Ex,CZ01,cDXOH,0,Each,1.0,49996.964499648,1516507.15,249218.65,0,177584.03,0.0,415.47,0,0,145393.89,0,0,943891.73,0,0,0,2261.0621160409555,0.0,0.0,2261.0621160409555,1,1,2026-06-10 17:41:22.494414
NE-HV_AirDist-SupFanMtr-cDXHP-2SpClgHtg-VFDExMtr,None,Gro,Ex,CZ16,cDXHP,0,Each,1.0,49996.964499648,1763521.78,249218.65,0,177584.03,49710.22,21738.49,0,0,94672.2,0,0,1170594.81,0,0,0,2214.7273037542664,0.0,0.0,2214.7273037542664,1,1,2026-06-10 17:41:22.494414
NE-HV_AirDist-SupFanMtr-cDXHP-2SpClgHtg-VFDPMMtr,None,Gro,Ex,CZ16,cDXHP,0,Each,1.0,49996.964499648,1756722.46,249218.65,0,177584.03,50289.49,21404.87,0,0,89159.07,0,0,1169062.97,0,0,0,2214.7273037542664,0.0,0.0,2214.7273037542664,1,1,2026-06-10 17:41:22.494414
NE-HV_AirDist-SupFanMtr-cDXHP-2SpClgHtg-VFDStdMtr,None,Gro,Ex,CZ16,cDXHP,0,Each,1.0,49996.964499648,1761270.87,249218.65,0,177584.03,49908.51,21629.82,0,0,92942.28,0,0,1169984.2,0,0,0,2214.7273037542664,0.0,0.0,2214.7273037542664,1,1,2026-06-10 17:41:22.494414
NE-HV_AirDist-SupFanMtr-cDXHP-2SpClgHtg-VFDExMtr,None,Gro,Ex,CZ15,cDXHP,0,Each,1.0,49996.964499648,2274113.2,249218.65,0,177584.03,7062.21,165571.01,0,0,98417.04,0,0,1576256.88,0,0,0,1600.5805460750853,0.0,0.0,1600.5805460750853,1,1,2026-06-10 17:41:22.494414
NE-HV_AirDist-SupFanMtr-cDXHP-2SpClgHtg-VFDPMMtr,None,Gro,Ex,CZ15,cDXHP,0,Each,1.0,49996.964499648,2267599.48,249218.65,0,177584.03,7214.94,164440.42,0,0,92945.78,0,0,1576192.28,0,0,0,1600.5805460750853,0.0,0.0,1600.5805460750853,1,1,2026-06-10 17:41:22.494414
NE-HV_AirDist-SupFanMtr-cDXHP-2SpClgHtg-VFDStdMtr,None,Gro,Ex,CZ15,cDXHP,0,Each,1.0,49996.964499648,2271847.13,249218.65,0,177584.03,7109.8,165206.65,0,0,96633.41,0,0,1576091.21,0,0,0,1600.5805460750853,0.0,0.0,1600.5805460750853,1,1,2026-06-10 17:41:22.494414
NE-HV_AirDist-SupFanMtr-cDXHP-2SpClgHtg-VFDExMtr,None,Gro,Ex,CZ14,cDXHP,0,Each,1.0,49996.964499648,1962045.28,249218.65,0,177584.03,26223.92,84015.38,0,0,88665.84,0,0,1336334.08,0,0,0,1939.631399317406,0.0,0.0,1939.631399317406,1,1,2026-06-10 17:41:22.494414
NE-HV_AirDist-SupFanMtr-cDXHP-2SpClgHtg-VFDPMMtr,None,Gro,Ex,CZ14,cDXHP,0,Each,1.0,49996.964499648,1955996.63,249218.65,0,177584.03,26555.02,83332.47,0,0,83294.08,0,0,1336009.0,0,0,0,1939.631399317406,0.0,0.0,1939.631399317406,1,1,2026-06-10 17:41:22.494414
NE-HV_AirDist-SupFanMtr-cDXHP-2SpClgHtg-VFDStdMtr,None,Gro,Ex,CZ14,cDXHP,0,Each,1.0,49996.964499648,1960738.9100000001,249218.65,0,177584.03,26335.89,83794.58,0,0,87005.83,0,0,1336796.55,0,0,0,1939.631399317406,0.0,0.0,1939.631399317406,1,1,2026-06-10 17:41:22.494414
NE-HV_AirDist-SupFanMtr-cDXHP-2SpClgHtg-VFDExMtr,None,Gro,Ex,CZ13,cDXHP,0,Each,1.0,49996.964499648,1948459.7,249218.65,0,177584.03,25881.12,89488.69,0,0,85808.59,0,0,1320475.24,0,0,0,1887.2279863481228,0.0,0.0,1887.2279863481228,1,1,2026-06-10 17:41:22.494414
NE-HV_AirDist-SupFanMtr-cDXHP-2SpClgHtg-VFDPMMtr,None,Gro,Ex,CZ13,cDXHP,0,Each,1.0,49996.964499648,1942481.56,249218.65,0,177584.03,26208.52,88883.79,0,0,80642.37,0,0,1319940.82,0,0,0,1887.2262798634813,0.0,0.0,1887.2262798634813,1,1,2026-06-10 17:41:22.494414
NE-HV_AirDist-SupFanMtr-cDXHP-2SpClgHtg-VFDStdMtr,None,Gro,Ex,CZ13,cDXHP,0,Each,1.0,49996.964499648,1946732.27,249218.65,0,177584.03,25988.85,89288.0,0,0,84196.82,0,0,1320452.54,0,0,0,1887.2266211604094,0.0,0.0,1887.2266211604094,1,1,2026-06-10 17:41:22.494414
NE-HV_AirDist-SupFanMtr-cDXHP-2SpClgHtg-VFDExMtr,None,Gro,Ex,CZ12,cDXHP,0,Each,1.0,49996.964499648,1791763.12,249218.65,0,177584.03,30143.67,55568.96,0,0,75755.12,0,0,1203489.31,0,0,0,2012.0235494880546,0.0,0.0,2012.0235494880546,1,1,2026-06-10 17:41:22.494414
NE-HV_AirDist-SupFanMtr-cDXHP-2SpClgHtg-VFDPMMtr,None,Gro,Ex,CZ12,cDXHP,0,Each,1.0,49996.964499648,1786872.4500000002,249218.65,0,177584.03,30502.0,55109.97,0,0,71067.93,0,0,1203386.49,0,0,0,2012.023890784983,0.0,0.0,2012.023890784983,1,1,2026-06-10 17:41:22.494414
NE-HV_AirDist-SupFanMtr-cDXHP-2SpClgHtg-VFDStdMtr,None,Gro,Ex,CZ12,cDXHP,0,Each,1.0,49996.964499648,1790124.7999999998,249218.65,0,177584.03,30258.4,55417.39,0,0,74297.93,0,0,1203345.02,0,0,0,2012.023890784983,0.0,0.0,2012.023890784983,1,1,2026-06-10 17:41:22.494414
NE-HV_AirDist-SupFanMtr-cDXHP-2SpClgHtg-VFDExMtr,None,Gro,Ex,CZ11,cDXHP,0,Each,1.0,49996.964499648,1904676.1600000001,249218.65,0,177584.03,29677.55,83877.61,0,0,84205.91,0,0,1280109.03,0,0,0,1924.9737201365188,0.0,0.0,1924.9737201365188,1,1,2026-06-10 17:41:22.494414
NE-HV_AirDist-SupFanMtr-cDXHP-2SpClgHtg-VFDPMMtr,None,Gro,Ex,CZ11,cDXHP,0,Each,1.0,49996.964499648,1899063.4699999997,249218.65,0,177584.03,30011.69,83315.21,0,0,79223.34,0,0,1279707.17,0,0,0,1924.9737201365188,0.0,0.0,1924.9737201365188,1,1,2026-06-10 17:41:22.494414
NE-HV_AirDist-SupFanMtr-cDXHP-2SpClgHtg-VFDStdMtr,None,Gro,Ex,CZ11,cDXHP,0,Each,1.0,49996.964499648,1903151.98,249218.65,0,177584.03,29789.69,83690.8,0,0,82638.96,0,0,1280226.47,0,0,0,1924.9737201365188,0.0,0.0,1924.9737201365188,1,1,2026-06-10 17:41:22.494414
NE-HV_AirDist-SupFanMtr-cDXHP-2SpClgHtg-VFDExMtr,None,Gro,Ex,CZ10,cDXHP,0,Each,1.0,49996.964499648,2021592.05,249218.65,0,177584.03,13819.94,72620.46,0,0,75406.47,0,0,1432939.12,0,0,0,1878.2133105802047,0.0,0.0,1878.2133105802047,1,1,2026-06-10 17:41:22.494414
NE-HV_AirDist-SupFanMtr-cDXHP-2SpClgHtg-VFDPMMtr,None,Gro,Ex,CZ10,cDXHP,0,Each,1.0,49996.964499648,2015857.12,249218.65,0,177584.03,14055.38,71979.75,0,0,70536.2,0,0,1432479.73,0,0,0,1878.2133105802047,0.0,0.0,1878.2133105802047,1,1,2026-06-10 17:41:22.494414
NE-HV_AirDist-SupFanMtr-cDXHP-2SpClgHtg-VFDStdMtr,None,Gro,Ex,CZ10,cDXHP,0,Each,1.0,49996.964499648,2019905.68,249218.65,0,177584.03,13897.39,72411.91,0,0,73927.67,0,0,1432862.65,0,0,0,1878.2133105802047,0.0,0.0,1878.2133105802047,1,1,2026-06-10 17:41:22.494414
NE-HV_AirDist-SupFanMtr-cDXHP-2SpClgHtg-VFDExMtr,None,Gro,Ex,CZ09,cDXHP,0,Each,1.0,49996.964499648,2003222.83,249218.65,0,177584.03,13880.87,63089.32,0,0,75048.66,0,0,1424397.92,0,0,0,1901.6945392491468,0.0,0.0,1901.6945392491468,1,1,2026-06-10 17:41:22.494414
NE-HV_AirDist-SupFanMtr-cDXHP-2SpClgHtg-VFDPMMtr,None,Gro,Ex,CZ09,cDXHP,0,Each,1.0,49996.964499648,1997635.0300000003,249218.65,0,177584.03,14125.84,62484.85,0,0,70121.43,0,0,1424096.85,0,0,0,1901.6945392491468,0.0,0.0,1901.6945392491468,1,1,2026-06-10 17:41:22.494414
NE-HV_AirDist-SupFanMtr-cDXHP-2SpClgHtg-VFDStdMtr,None,Gro,Ex,CZ09,cDXHP,0,Each,1.0,49996.964499648,2001641.29,249218.65,0,177584.03,13959.01,62889.59,0,0,73548.72,0,0,1424437.91,0,0,0,1901.6945392491468,0.0,0.0,1901.6945392491468,1,1,2026-06-10 17:41:22.494414
NE-HV_AirDist-SupFanMtr-cDXHP-2SpClgHtg-VFDExMtr,None,Gro,Ex,CZ08,cDXHP,0,Each,1.0,49996.964499648,2036860.98,249218.65,0,177584.03,11545.33,60375.48,0,0,71911.59,0,0,1466222.52,0,0,0,1888.422866894198,0.0,0.0,1888.422866894198,1,1,2026-06-10 17:41:22.494414
NE-HV_AirDist-SupFanMtr-cDXHP-2SpClgHtg-VFDPMMtr,None,Gro,Ex,CZ08,cDXHP,0,Each,1.0,49996.964499648,2030985.85,249218.65,0,177584.03,11756.75,59768.75,0,0,67122.59,0,0,1465531.7,0,0,0,1888.422866894198,0.0,0.0,1888.422866894198,1,1,2026-06-10 17:41:22.494414
NE-HV_AirDist-SupFanMtr-cDXHP-2SpClgHtg-VFDStdMtr,None,Gro,Ex,CZ08,cDXHP,0,Each,1.0,49996.964499648,2035096.06,249218.65,0,177584.03,11615.52,60176.08,0,0,70445.52,0,0,1466052.88,0,0,0,1888.422866894198,0.0,0.0,1888.422866894198,1,1,2026-06-10 17:41:22.494414
NE-HV_AirDist-SupFanMtr-cDXHP-2SpClgHtg-VFDExMtr,None,Gro,Ex,CZ07,cDXHP,0,Each,1.0,49996.964499648,2023995.38,249218.65,0,177584.03,10310.09,30562.41,0,0,64199.28,0,0,1492117.54,0,0,0,1927.094880546075,0.0,0.0,1927.094880546075,1,1,2026-06-10 17:41:22.494414
NE-HV_AirDist-SupFanMtr-cDXHP-2SpClgHtg-VFDPMMtr,None,Gro,Ex,CZ07,cDXHP,0,Each,1.0,49996.964499648,2019098.58,249218.65,0,177584.03,10537.78,30102.46,0,0,59579.46,0,0,1492072.82,0,0,0,1927.0921501706484,0.0,0.0,1927.0921501706484,1,1,2026-06-10 17:41:22.494414
NE-HV_AirDist-SupFanMtr-cDXHP-2SpClgHtg-VFDStdMtr,None,Gro,Ex,CZ07,cDXHP,0,Each,1.0,49996.964499648,2022599.96,249218.65,0,177584.03,10382.39,30416.98,0,0,62876.73,0,0,1492117.8,0,0,0,1927.094880546075,0.0,0.0,1927.094880546075,1,1,2026-06-10 17:41:22.494414
NE-HV_AirDist-SupFanMtr-cDXHP-2SpClgHtg-VFDExMtr,None,Gro,Ex,CZ06,cDXHP,0,Each,1.0,49996.964499648,2013481.61,249218.65,0,177584.03,11128.06,26393.1,0,0,63947.77,0,0,1485206.62,0,0,0,1946.5764505119455,0.0,0.0,1946.5764505119455,1,1,2026-06-10 17:41:22.494414
NE-HV_AirDist-SupFanMtr-cDXHP-2SpClgHtg-VFDPMMtr,None,Gro,Ex,CZ06,cDXHP,0,Each,1.0,49996.964499648,2008968.15,249218.65,0,177584.03,11363.25,25990.16,0,0,59374.72,0,0,1485433.96,0,0,0,1946.5764505119455,0.0,0.0,1946.5764505119455,1,1,2026-06-10 17:41:22.494414
NE-HV_AirDist-SupFanMtr-cDXHP-2SpClgHtg-VFDStdMtr,None,Gro,Ex,CZ06,cDXHP,0,Each,1.0,49996.964499648,2011494.91,249218.65,0,177584.03,11202.47,26263.18,0,0,62633.28,0,0,1484589.92,0,0,0,1946.5764505119455,0.0,0.0,1946.5764505119455,1,1,2026-06-10 17:41:22.494414
NE-HV_AirDist-SupFanMtr-cDXHP-2SpClgHtg-VFDExMtr,None,Gro,Ex,CZ05,cDXHP,0,Each,1.0,49996.964499648,1704714.37,249218.65,0,177584.03,25618.07,10627.18,0,0,59274.69,0,0,1182388.37,0,0,0,2108.768941979522,0.0,0.0,2108.768941979522,1,1,2026-06-10 17:41:22.494414
NE-HV_AirDist-SupFanMtr-cDXHP-2SpClgHtg-VFDPMMtr,None,Gro,Ex,CZ05,cDXHP,0,Each,1.0,49996.964499648,1700707.94,249218.65,0,177584.03,25970.89,10433.38,0,0,55248.97,0,0,1182248.64,0,0,0,2108.768941979522,0.0,0.0,2108.768941979522,1,1,2026-06-10 17:41:22.494414
NE-HV_AirDist-SupFanMtr-cDXHP-2SpClgHtg-VFDStdMtr,None,Gro,Ex,CZ05,cDXHP,0,Each,1.0,49996.964499648,1703617.8699999999,249218.65,0,177584.03,25728.89,10564.86,0,0,58065.37,0,0,1182452.69,0,0,0,2108.768941979522,0.0,0.0,2108.768941979522,1,1,2026-06-10 17:41:22.494414
NE-HV_AirDist-SupFanMtr-cDXHP-2SpClgHtg-VFDExMtr,None,Gro,Ex,CZ04,cDXHP,0,Each,1.0,49996.964499648,1777210.2999999998,249218.65,0,177584.03,29628.82,56156.41,0,0,74977.86,0,0,1189641.15,0,0,0,2041.5245733788395,0.0,0.0,2041.5245733788395,1,1,2026-06-10 17:41:22.494414
NE-HV_AirDist-SupFanMtr-cDXHP-2SpClgHtg-VFDPMMtr,None,Gro,Ex,CZ04,cDXHP,0,Each,1.0,49996.964499648,1772786.17,249218.65,0,177584.03,29989.89,55700.87,0,0,70359.94,0,0,1189929.41,0,0,0,2041.5245733788395,0.0,0.0,2041.5245733788395,1,1,2026-06-10 17:41:22.494414
NE-HV_AirDist-SupFanMtr-cDXHP-2SpClgHtg-VFDStdMtr,None,Gro,Ex,CZ04,cDXHP,0,Each,1.0,49996.964499648,1775872.0099999998,249218.65,0,177584.03,29750.32,56007.09,0,0,73565.56,0,0,1189742.98,0,0,0,2041.5245733788395,0.0,0.0,2041.5245733788395,1,1,2026-06-10 17:41:22.494414
NE-HV_AirDist-SupFanMtr-cDXHP-2SpClgHtg-VFDExMtr,None,Gro,Ex,CZ03,cDXHP,0,Each,1.0,49996.964499648,1682955.46,249218.65,0,177584.03,26942.66,8763.47,0,0,56894.56,0,0,1163548.71,0,0,0,2099.3180887372014,0.0,0.0,2099.3180887372014,1,1,2026-06-10 17:41:22.494414
NE-HV_AirDist-SupFanMtr-cDXHP-2SpClgHtg-VFDPMMtr,None,Gro,Ex,CZ03,cDXHP,0,Each,1.0,49996.964499648,1679771.23,249218.65,0,177584.03,27302.95,8616.76,0,0,52969.51,0,0,1164075.95,0,0,0,2099.3180887372014,0.0,0.0,2099.3180887372014,1,1,2026-06-10 17:41:22.494414
NE-HV_AirDist-SupFanMtr-cDXHP-2SpClgHtg-VFDStdMtr,None,Gro,Ex,CZ03,cDXHP,0,Each,1.0,49996.964499648,1682048.54,249218.65,0,177584.03,27066.37,8716.81,0,0,55733.03,0,0,1163726.27,0,0,0,2099.3180887372014,0.0,0.0,2099.3180887372014,1,1,2026-06-10 17:41:22.494414
NE-HV_AirDist-SupFanMtr-cDXHP-2SpClgHtg-VFDExMtr,None,Gro,Ex,CZ02,cDXHP,0,Each,1.0,49996.964499648,1653732.85,249218.65,0,177584.03,34900.46,29540.67,0,0,67525.43,0,0,1094960.23,0,0,0,2122.323208191126,0.0,0.0,2122.323208191126,1,1,2026-06-10 17:41:22.494414
NE-HV_AirDist-SupFanMtr-cDXHP-2SpClgHtg-VFDPMMtr,None,Gro,Ex,CZ02,cDXHP,0,Each,1.0,49996.964499648,1649469.84,249218.65,0,177584.03,35285.94,29235.16,0,0,63312.15,0,0,1094830.53,0,0,0,2122.323208191126,0.0,0.0,2122.323208191126,1,1,2026-06-10 17:41:22.494414
NE-HV_AirDist-SupFanMtr-cDXHP-2SpClgHtg-VFDStdMtr,None,Gro,Ex,CZ02,cDXHP,0,Each,1.0,49996.964499648,1652592.93,249218.65,0,177584.03,35021.16,29439.03,0,0,66216.46,0,0,1095110.22,0,0,0,2122.323208191126,0.0,0.0,2122.323208191126,1,1,2026-06-10 17:41:22.494414
NE-HV_AirDist-SupFanMtr-cDXHP-2SpClgHtg-VFDExMtr,None,Gro,Ex,CZ01,cDXHP,0,Each,1.0,49996.964499648,1515768.58,249218.65,0,177584.03,50601.94,321.45,0,0,63141.36,0,0,974897.77,0,0,0,2261.0675767918087,0.0,0.0,2261.0675767918087,1,1,2026-06-10 17:41:22.494414
NE-HV_AirDist-SupFanMtr-cDXHP-2SpClgHtg-VFDPMMtr,None,Gro,Ex,CZ01,cDXHP,0,Each,1.0,49996.964499648,1513198.99,249218.65,0,177584.03,51131.05,313.87,0,0,59370.59,0,0,975577.42,0,0,0,2261.0600682593854,0.0,0.0,2261.0600682593854,1,1,2026-06-10 17:41:22.494414
NE-HV_AirDist-SupFanMtr-cDXHP-2SpClgHtg-VFDStdMtr,None,Gro,Ex,CZ01,cDXHP,0,Each,1.0,49996.964499648,1514331.76,249218.65,0,177584.03,50774.37,318.84,0,0,61967.66,0,0,974464.83,0,0,0,2261.066552901024,0.0,0.0,2261.066552901024,1,1,2026-06-10 17:41:22.494414
NE-HV_AirDist-SupFanMtr-cDXGF-2SpClgHtg-VFDExMtr,None,Gro,Ex,CZ16,cDXGF,0,Each,1.0,49996.964499648,1712090.68,249218.65,0,177584.03,0.0,21886.28,0,0,93238.67,0,0,1170159.67,0,0,0,12765.298634812287,0.0,10550.572013651878,2214.7266211604096,1,1,2026-06-10 17:41:22.494414
NE-HV_AirDist-SupFanMtr-cDXGF-2SpClgHtg-VFDPMMtr,None,Gro,Ex,CZ16,cDXGF,0,Each,1.0,49996.964499648,1705020.0100000002,249218.65,0,177584.03,0.0,21562.95,0,0,87602.89,0,0,1169048.11,0,0,0,12900.288395904437,0.0,10685.561774744028,2214.7266211604096,1,1,2026-06-10 17:41:22.494414
NE-HV_AirDist-SupFanMtr-cDXGF-2SpClgHtg-VFDStdMtr,None,Gro,Ex,CZ16,cDXGF,0,Each,1.0,49996.964499648,1709628.44,249218.65,0,177584.03,0.0,21782.05,0,0,91471.16,0,0,1169569.17,0,0,0,12811.191808873718,0.0,10596.46518771331,2214.7266211604096,1,1,2026-06-10 17:41:22.494414
NE-HV_AirDist-SupFanMtr-cDXGF-2SpClgHtg-VFDExMtr,None,Gro,Ex,CZ15,cDXGF,0,Each,1.0,49996.964499648,2266035.17,249218.65,0,177584.03,0.0,164336.05,0,0,98560.44,0,0,1576332.62,0,0,0,3212.3177474402733,0.0,1611.7399317406143,1600.5778156996587,1,1,2026-06-10 17:41:22.494414
NE-HV_AirDist-SupFanMtr-cDXGF-2SpClgHtg-VFDPMMtr,None,Gro,Ex,CZ15,cDXGF,0,Each,1.0,49996.964499648,2259516.2199999997,249218.65,0,177584.03,0.0,163369.94,0,0,93235.22,0,0,1576105.0,0,0,0,3247.726962457338,0.0,1647.149146757679,1600.5778156996587,1,1,2026-06-10 17:41:22.494414
NE-HV_AirDist-SupFanMtr-cDXGF-2SpClgHtg-VFDStdMtr,None,Gro,Ex,CZ15,cDXGF,0,Each,1.0,49996.964499648,2263808.97,249218.65,0,177584.03,0.0,164011.02,0,0,96828.3,0,0,1576163.59,0,0,0,3223.2668941979523,0.0,1622.6890784982936,1600.5778156996587,1,1,2026-06-10 17:41:22.494414
NE-HV_AirDist-SupFanMtr-cDXGF-2SpClgHtg-VFDExMtr,None,Gro,Ex,CZ14,cDXGF,0,Each,1.0,49996.964499648,1933452.8399999999,249218.65,0,177584.03,0.0,81945.33,0,0,88587.19,0,0,1336114.26,0,0,0,7722.425597269625,0.0,5782.795221843003,1939.630375426621,1,1,2026-06-10 17:41:22.494414
NE-HV_AirDist-SupFanMtr-cDXGF-2SpClgHtg-VFDPMMtr,None,Gro,Ex,CZ14,cDXGF,0,Each,1.0,49996.964499648,1927519.07,249218.65,0,177584.03,0.0,81300.58,0,0,83223.65,0,0,1336188.78,0,0,0,7800.410580204777,0.0,5860.780204778156,1939.630375426621,1,1,2026-06-10 17:41:22.494414
NE-HV_AirDist-SupFanMtr-cDXGF-2SpClgHtg-VFDStdMtr,None,Gro,Ex,CZ14,cDXGF,0,Each,1.0,49996.964499648,1932002.78,249218.65,0,177584.03,0.0,81732.09,0,0,86931.9,0,0,1336532.73,0,0,0,7748.875085324231,0.0,5809.244709897611,1939.630375426621,1,1,2026-06-10 17:41:22.494414
NE-HV_AirDist-SupFanMtr-cDXGF-2SpClgHtg-VFDExMtr,None,Gro,Ex,CZ13,cDXGF,0,Each,1.0,49996.964499648,1921594.9,249218.65,0,177584.03,0.0,87412.68,0,0,86897.72,0,0,1320478.44,0,0,0,7801.979863481229,0.0,5914.753583617748,1887.2262798634813,1,1,2026-06-10 17:41:22.494414
NE-HV_AirDist-SupFanMtr-cDXGF-2SpClgHtg-VFDPMMtr,None,Gro,Ex,CZ13,cDXGF,0,Each,1.0,49996.964499648,1915202.67,249218.65,0,177584.03,0.0,86809.84,0,0,81768.71,0,0,1319818.06,0,0,0,7879.528668941979,0.0,5992.30204778157,1887.2266211604094,1,1,2026-06-10 17:41:22.494414
NE-HV_AirDist-SupFanMtr-cDXGF-2SpClgHtg-VFDStdMtr,None,Gro,Ex,CZ13,cDXGF,0,Each,1.0,49996.964499648,1919693.5699999998,249218.65,0,177584.03,0.0,87210.92,0,0,85293.34,0,0,1320383.25,0,0,0,7827.519112627986,0.0,5940.292832764505,1887.2262798634813,1,1,2026-06-10 17:41:22.494414
NE-HV_AirDist-SupFanMtr-cDXGF-2SpClgHtg-VFDExMtr,None,Gro,Ex,CZ12,cDXGF,0,Each,1.0,49996.964499648,1759942.9500000002,249218.65,0,177584.03,0.0,53703.31,0,0,75958.78,0,0,1203474.8,0,0,0,8989.592150170647,0.0,6977.568941979522,2012.0232081911263,1,1,2026-06-10 17:41:22.494414
NE-HV_AirDist-SupFanMtr-cDXGF-2SpClgHtg-VFDPMMtr,None,Gro,Ex,CZ12,cDXGF,0,Each,1.0,49996.964499648,1754220.61,249218.65,0,177584.03,0.0,53264.95,0,0,71262.29,0,0,1202887.31,0,0,0,9074.760750853242,0.0,7062.737542662116,2012.0232081911263,1,1,2026-06-10 17:41:22.494414
NE-HV_AirDist-SupFanMtr-cDXGF-2SpClgHtg-VFDStdMtr,None,Gro,Ex,CZ12,cDXGF,0,Each,1.0,49996.964499648,1758166.1099999999,249218.65,0,177584.03,0.0,53558.35,0,0,74492.44,0,0,1203309.26,0,0,0,9016.98771331058,0.0,7004.964505119454,2012.0232081911263,1,1,2026-06-10 17:41:22.494414
NE-HV_AirDist-SupFanMtr-cDXGF-2SpClgHtg-VFDExMtr,None,Gro,Ex,CZ11,cDXGF,0,Each,1.0,49996.964499648,1874403.52,249218.65,0,177584.03,0.0,82175.53,0,0,85441.22,0,0,1279980.71,0,0,0,8692.266894197952,0.0,6767.294197952218,1924.9726962457337,1,1,2026-06-10 17:41:22.494414
NE-HV_AirDist-SupFanMtr-cDXGF-2SpClgHtg-VFDPMMtr,None,Gro,Ex,CZ11,cDXGF,0,Each,1.0,49996.964499648,1868731.62,249218.65,0,177584.03,0.0,81615.67,0,0,80484.83,0,0,1279825.06,0,0,0,8771.125938566553,0.0,6846.153242320819,1924.9726962457337,1,1,2026-06-10 17:41:22.494414
NE-HV_AirDist-SupFanMtr-cDXGF-2SpClgHtg-VFDStdMtr,None,Gro,Ex,CZ11,cDXGF,0,Each,1.0,49996.964499648,1872932.8199999998,249218.65,0,177584.03,0.0,81991.61,0,0,83891.01,0,0,1280244.14,0,0,0,8718.801706484643,0.0,6793.829010238907,1924.9726962457337,1,1,2026-06-10 17:41:22.494414
NE-HV_AirDist-SupFanMtr-cDXGF-2SpClgHtg-VFDExMtr,None,Gro,Ex,CZ10,cDXGF,0,Each,1.0,49996.964499648,2005960.28,249218.65,0,177584.03,0.0,70834.91,0,0,75590.71,0,0,1432728.6,0,0,0,5077.424232081911,0.0,3199.2119453924915,1878.21228668942,1,1,2026-06-10 17:41:22.494414
NE-HV_AirDist-SupFanMtr-cDXGF-2SpClgHtg-VFDPMMtr,None,Gro,Ex,CZ10,cDXGF,0,Each,1.0,49996.964499648,2000091.74,249218.65,0,177584.03,0.0,70213.4,0,0,70749.05,0,0,1432323.23,0,0,0,5132.481911262798,0.0,3254.269624573379,1878.21228668942,1,1,2026-06-10 17:41:22.494414
NE-HV_AirDist-SupFanMtr-cDXGF-2SpClgHtg-VFDStdMtr,None,Gro,Ex,CZ10,cDXGF,0,Each,1.0,49996.964499648,2004167.34,249218.65,0,177584.03,0.0,70632.72,0,0,74120.5,0,0,1432608.06,0,0,0,5095.630034129693,0.0,3217.4177474402727,1878.21228668942,1,1,2026-06-10 17:41:22.494414
NE-HV_AirDist-SupFanMtr-cDXGF-2SpClgHtg-VFDExMtr,None,Gro,Ex,CZ09,cDXGF,0,Each,1.0,49996.964499648,1987628.92,249218.65,0,177584.03,0.0,61857.79,0,0,75106.81,0,0,1423858.26,0,0,0,5121.2976109215015,0.0,3219.6037542662116,1901.69385665529,1,1,2026-06-10 17:41:22.494414
NE-HV_AirDist-SupFanMtr-cDXGF-2SpClgHtg-VFDPMMtr,None,Gro,Ex,CZ09,cDXGF,0,Each,1.0,49996.964499648,1981878.38,249218.65,0,177584.03,0.0,61271.05,0,0,70190.54,0,0,1423610.73,0,0,0,5178.973720136519,0.0,3277.279863481229,1901.69385665529,1,1,2026-06-10 17:41:22.494414
NE-HV_AirDist-SupFanMtr-cDXGF-2SpClgHtg-VFDStdMtr,None,Gro,Ex,CZ09,cDXGF,0,Each,1.0,49996.964499648,1986103.6300000001,249218.65,0,177584.03,0.0,61668.61,0,0,73616.87,0,0,1424012.09,0,0,0,5139.698634812286,0.0,3238.0047781569965,1901.69385665529,1,1,2026-06-10 17:41:22.494414
NE-HV_AirDist-SupFanMtr-cDXGF-2SpClgHtg-VFDExMtr,None,Gro,Ex,CZ08,cDXGF,0,Each,1.0,49996.964499648,2024017.02,249218.65,0,177584.03,0.0,59886.9,0,0,72058.56,0,0,1465265.5,0,0,0,4575.590443686006,0.0,2687.1682593856654,1888.422184300341,1,1,2026-06-10 17:41:22.494414
NE-HV_AirDist-SupFanMtr-cDXGF-2SpClgHtg-VFDPMMtr,None,Gro,Ex,CZ08,cDXGF,0,Each,1.0,49996.964499648,2018051.4000000001,249218.65,0,177584.03,0.0,59294.71,0,0,67282.76,0,0,1464667.87,0,0,0,4624.946757679181,0.0,2736.5245733788392,1888.422184300341,1,1,2026-06-10 17:41:22.494414
NE-HV_AirDist-SupFanMtr-cDXGF-2SpClgHtg-VFDStdMtr,None,Gro,Ex,CZ08,cDXGF,0,Each,1.0,49996.964499648,2022314.2599999998,249218.65,0,177584.03,0.0,59692.5,0,0,70597.8,0,0,1465217.9,0,0,0,4592.084982935154,0.0,2703.6627986348126,1888.422184300341,1,1,2026-06-10 17:41:22.494414
NE-HV_AirDist-SupFanMtr-cDXGF-2SpClgHtg-VFDExMtr,None,Gro,Ex,CZ07,cDXGF,0,Each,1.0,49996.964499648,2013822.1,249218.65,0,177584.03,0.0,30800.12,0,0,64252.43,0,0,1491963.49,0,0,0,4324.7020477815695,0.0,2397.607508532423,1927.0945392491467,1,1,2026-06-10 17:41:22.494414
NE-HV_AirDist-SupFanMtr-cDXGF-2SpClgHtg-VFDPMMtr,None,Gro,Ex,CZ07,cDXGF,0,Each,1.0,49996.964499648,2008508.01,249218.65,0,177584.03,0.0,30334.1,0,0,59638.89,0,0,1491728.96,0,0,0,4377.7372013651875,0.0,2450.645051194539,1927.0921501706484,1,1,2026-06-10 17:41:22.494414
NE-HV_AirDist-SupFanMtr-cDXGF-2SpClgHtg-VFDStdMtr,None,Gro,Ex,CZ07,cDXGF,0,Each,1.0,49996.964499648,2012339.37,249218.65,0,177584.03,0.0,30652.46,0,0,62928.64,0,0,1491952.21,0,0,0,4341.513310580204,0.0,2414.41843003413,1927.094880546075,1,1,2026-06-10 17:41:22.494414
NE-HV_AirDist-SupFanMtr-cDXGF-2SpClgHtg-VFDExMtr,None,Gro,Ex,CZ06,cDXGF,0,Each,1.0,49996.964499648,2003141.6400000001,249218.65,0,177584.03,0.0,27034.74,0,0,64013.06,0,0,1485287.78,0,0,0,4539.405802047781,0.0,2592.829351535836,1946.5764505119455,1,1,2026-06-10 17:41:22.494414
NE-HV_AirDist-SupFanMtr-cDXGF-2SpClgHtg-VFDPMMtr,None,Gro,Ex,CZ06,cDXGF,0,Each,1.0,49996.964499648,1998220.5799999998,249218.65,0,177584.03,0.0,26618.52,0,0,59444.79,0,0,1485351.21,0,0,0,4594.58156996587,0.0,2648.005119453925,1946.5764505119455,1,1,2026-06-10 17:41:22.494414
NE-HV_AirDist-SupFanMtr-cDXGF-2SpClgHtg-VFDStdMtr,None,Gro,Ex,CZ06,cDXGF,0,Each,1.0,49996.964499648,2000846.17,249218.65,0,177584.03,0.0,26900.28,0,0,62702.61,0,0,1484437.22,0,0,0,4557.048122866894,0.0,2610.471672354949,1946.5764505119455,1,1,2026-06-10 17:41:22.494414
NE-HV_AirDist-SupFanMtr-cDXGF-2SpClgHtg-VFDExMtr,None,Gro,Ex,CZ05,cDXGF,0,Each,1.0,49996.964499648,1678814.5699999998,249218.65,0,177584.03,0.0,10443.63,0,0,59167.95,0,0,1182396.93,0,0,0,8198.03071672355,0.0,6089.261774744027,2108.768941979522,1,1,2026-06-10 17:41:22.494414
NE-HV_AirDist-SupFanMtr-cDXGF-2SpClgHtg-VFDPMMtr,None,Gro,Ex,CZ05,cDXGF,0,Each,1.0,49996.964499648,1673801.06,249218.65,0,177584.03,0.0,10253.03,0,0,55128.14,0,0,1181613.83,0,0,0,8282.945733788396,0.0,6174.1767918088735,2108.768941979522,1,1,2026-06-10 17:41:22.494414
NE-HV_AirDist-SupFanMtr-cDXGF-2SpClgHtg-VFDStdMtr,None,Gro,Ex,CZ05,cDXGF,0,Each,1.0,49996.964499648,1677421.7,249218.65,0,177584.03,0.0,10382.35,0,0,57952.81,0,0,1182280.48,0,0,0,8224.923549488054,0.0,6116.154607508532,2108.768941979522,1,1,2026-06-10 17:41:22.494414
NE-HV_AirDist-SupFanMtr-cDXGF-2SpClgHtg-VFDExMtr,None,Gro,Ex,CZ04,cDXGF,0,Each,1.0,49996.964499648,1746950.95,249218.65,0,177584.03,0.0,54813.59,0,0,75517.36,0,0,1189813.94,0,0,0,8845.687372013652,0.0,6804.163139931741,2041.5242320819114,1,1,2026-06-10 17:41:22.494414
NE-HV_AirDist-SupFanMtr-cDXGF-2SpClgHtg-VFDPMMtr,None,Gro,Ex,CZ04,cDXGF,0,Each,1.0,49996.964499648,1741997.23,249218.65,0,177584.03,0.0,54380.27,0,0,70906.1,0,0,1189904.8,0,0,0,8930.239249146756,0.0,6888.715358361774,2041.523890784983,1,1,2026-06-10 17:41:22.494414
NE-HV_AirDist-SupFanMtr-cDXGF-2SpClgHtg-VFDStdMtr,None,Gro,Ex,CZ04,cDXGF,0,Each,1.0,49996.964499648,1745373.2600000002,249218.65,0,177584.03,0.0,54672.63,0,0,74110.24,0,0,1189784.33,0,0,0,8874.632081911263,0.0,6833.107849829351,2041.5242320819114,1,1,2026-06-10 17:41:22.494414
NE-HV_AirDist-SupFanMtr-cDXGF-2SpClgHtg-VFDExMtr,None,Gro,Ex,CZ03,cDXGF,0,Each,1.0,49996.964499648,1656834.4,249218.65,0,177584.03,0.0,8579.53,0,0,56848.18,0,0,1164600.63,0,0,0,8563.046416382253,0.0,6463.727303754265,2099.319112627986,1,1,2026-06-10 17:41:22.494414
NE-HV_AirDist-SupFanMtr-cDXGF-2SpClgHtg-VFDPMMtr,None,Gro,Ex,CZ03,cDXGF,0,Each,1.0,49996.964499648,1653446.3599999999,249218.65,0,177584.03,0.0,8435.0,0,0,52913.62,0,0,1165291.68,0,0,0,8650.12866894198,0.0,6550.809897610921,2099.318771331058,1,1,2026-06-10 17:41:22.494414
NE-HV_AirDist-SupFanMtr-cDXGF-2SpClgHtg-VFDStdMtr,None,Gro,Ex,CZ03,cDXGF,0,Each,1.0,49996.964499648,1655755.24,249218.65,0,177584.03,0.0,8533.19,0,0,55684.01,0,0,1164731.98,0,0,0,8593.18361774744,0.0,6493.864846416382,2099.318771331058,1,1,2026-06-10 17:41:22.494414
NE-HV_AirDist-SupFanMtr-cDXGF-2SpClgHtg-VFDExMtr,None,Gro,Ex,CZ02,cDXGF,0,Each,1.0,49996.964499648,1617455.75,249218.65,0,177584.03,0.0,28578.26,0,0,67141.89,0,0,1094929.54,0,0,0,10382.32389078498,0.0,8260.000682593856,2122.323208191126,1,1,2026-06-10 17:41:22.494414
NE-HV_AirDist-SupFanMtr-cDXGF-2SpClgHtg-VFDPMMtr,None,Gro,Ex,CZ02,cDXGF,0,Each,1.0,49996.964499648,1612859.31,249218.65,0,177584.03,0.0,28288.03,0,0,62880.26,0,0,1094884.96,0,0,0,10473.692832764506,0.0,8351.369624573379,2122.323208191126,1,1,2026-06-10 17:41:22.494414
NE-HV_AirDist-SupFanMtr-cDXGF-2SpClgHtg-VFDStdMtr,None,Gro,Ex,CZ02,cDXGF,0,Each,1.0,49996.964499648,1616215.0999999999,249218.65,0,177584.03,0.0,28482.06,0,0,65823.55,0,0,1095103.43,0,0,0,10411.486006825937,0.0,8289.162798634812,2122.323208191126,1,1,2026-06-10 17:41:22.494414
NE-HV_AirDist-SupFanMtr-cDXGF-2SpClgHtg-VFDExMtr,None,Gro,Ex,CZ01,cDXGF,0,Each,1.0,49996.964499648,1463802.0899999999,249218.65,0,177584.03,0.0,477.78,0,0,62492.25,0,0,974026.0,0,0,0,14433.541979522182,0.0,12172.471672354948,2261.0703071672356,1,1,2026-06-10 17:41:22.494414
NE-HV_AirDist-SupFanMtr-cDXGF-2SpClgHtg-VFDPMMtr,None,Gro,Ex,CZ01,cDXGF,0,Each,1.0,49996.964499648,1461160.71,249218.65,0,177584.03,0.0,469.95,0,0,58685.69,0,0,975199.01,0,0,0,14565.131740614333,0.0,12304.071672354949,2261.0600682593854,1,1,2026-06-10 17:41:22.494414
NE-HV_AirDist-SupFanMtr-cDXGF-2SpClgHtg-VFDStdMtr,None,Gro,Ex,CZ01,cDXGF,0,Each,1.0,49996.964499648,1462156.58,249218.65,0,177584.03,0.0,475.09,0,0,61310.03,0,0,973565.4,0,0,0,14476.75085324232,0.0,12215.680546075086,2261.0703071672356,1,1,2026-06-10 17:41:22.494414
NE-HV_AirDist-SupFanMtr-cDXOH-2SpClgHtg-VFDExMtr,None,EUn,Ex,CZ16,cDXOH,0,Each,1.0,857786.460769088,6706104.32,1277404.75,0,3555459.15,0.0,590142.8,0,0,1283094.25,0,0,0.0,0,0,0,35224.06484641638,4348.876450511945,3152.00204778157,27723.186348122865,1,1,2026-06-10 17:41:22.494414
NE-HV_AirDist-SupFanMtr-cDXOH-2SpClgHtg-VFDPMMtr,None,EUn,Ex,CZ16,cDXOH,0,Each,1.0,857786.460769088,6662455.08,1277404.75,0,3555459.15,0.0,586525.92,0,0,1243061.89,0,0,0.0,0,0,0,35224.646757679184,4348.876450511945,3152.5774744027303,27723.192832764507,1,1,2026-06-10 17:41:22.494414
NE-HV_AirDist-SupFanMtr-cDXOH-2SpClgHtg-VFDStdMtr,None,EUn,Ex,CZ16,cDXOH,0,Each,1.0,857786.460769088,6693351.159999999,1277404.75,0,3555459.15,0.0,588889.46,0,0,1271594.43,0,0,0.0,0,0,0,35224.19453924914,4348.876450511945,3152.129010238908,27723.18907849829,1,1,2026-06-10 17:41:22.494414
NE-HV_AirDist-SupFanMtr-cDXOH-2SpClgHtg-VFDExMtr,None,EUn,Ex,CZ15,cDXOH,0,Each,1.0,857786.460769088,8345345.73,1277404.75,0,3555459.15,0.0,2296079.17,0,0,1216399.29,0,0,0.0,0,0,0,23726.658703071673,4348.876450511945,35.25665529010239,19342.525597269625,1,1,2026-06-10 17:41:22.494414
NE-HV_AirDist-SupFanMtr-cDXOH-2SpClgHtg-VFDPMMtr,None,EUn,Ex,CZ15,cDXOH,0,Each,1.0,857786.460769088,8295098.12,1277404.75,0,3555459.15,0.0,2287874.1,0,0,1174356.75,0,0,0.0,0,0,0,23726.70375426621,4348.876450511945,35.30102389078498,19342.526279863483,1,1,2026-06-10 17:41:22.494414
NE-HV_AirDist-SupFanMtr-cDXOH-2SpClgHtg-VFDStdMtr,None,EUn,Ex,CZ15,cDXOH,0,Each,1.0,857786.460769088,8328767.9799999995,1277404.75,0,3555459.15,0.0,2293233.9,0,0,1202666.81,0,0,0.0,0,0,0,23726.66723549488,4348.876450511945,35.26552901023891,19342.525255972694,1,1,2026-06-10 17:41:22.494414
NE-HV_AirDist-SupFanMtr-cDXOH-2SpClgHtg-VFDExMtr,None,EUn,Ex,CZ14,cDXOH,0,Each,1.0,857786.460769088,7359524.62,1277404.75,0,3555459.15,0.0,1319622.07,0,0,1207035.28,0,0,0.0,0,0,0,29117.618430034127,4348.876450511945,814.6058020477816,23954.1361774744,1,1,2026-06-10 17:41:22.494414
NE-HV_AirDist-SupFanMtr-cDXOH-2SpClgHtg-VFDPMMtr,None,EUn,Ex,CZ14,cDXOH,0,Each,1.0,857786.460769088,7313879.07,1277404.75,0,3555459.15,0.0,1313856.75,0,0,1167155.05,0,0,0.0,0,0,0,29117.80034129693,4348.876450511945,814.7866894197952,23954.137201365185,1,1,2026-06-10 17:41:22.494414
NE-HV_AirDist-SupFanMtr-cDXOH-2SpClgHtg-VFDStdMtr,None,EUn,Ex,CZ14,cDXOH,0,Each,1.0,857786.460769088,7344965.11,1277404.75,0,3555459.15,0.0,1317642.05,0,0,1194455.79,0,0,0.0,0,0,0,29117.53481228669,4348.876450511945,814.5245733788396,23954.133788395902,1,1,2026-06-10 17:41:22.494414
NE-HV_AirDist-SupFanMtr-cDXOH-2SpClgHtg-VFDExMtr,None,EUn,Ex,CZ13,cDXOH,0,Each,1.0,857786.460769088,7307456.47,1277404.75,0,3555459.15,0.0,1334135.41,0,0,1140453.79,0,0,0.0,0,0,0,28504.292150170648,4348.876450511945,908.3296928327645,23247.08600682594,1,1,2026-06-10 17:41:22.494414
NE-HV_AirDist-SupFanMtr-cDXOH-2SpClgHtg-VFDPMMtr,None,EUn,Ex,CZ13,cDXOH,0,Each,1.0,857786.460769088,7265260.84,1277404.75,0,3555459.15,0.0,1328423.03,0,0,1103970.54,0,0,0.0,0,0,0,28505.470648464165,4348.876450511945,909.5051194539249,23247.08907849829,1,1,2026-06-10 17:41:22.494414
NE-HV_AirDist-SupFanMtr-cDXOH-2SpClgHtg-VFDStdMtr,None,EUn,Ex,CZ13,cDXOH,0,Each,1.0,857786.460769088,7293729.21,1277404.75,0,3555459.15,0.0,1332174.75,0,0,1128687.19,0,0,0.0,0,0,0,28504.36723549488,4348.876450511945,908.4034129692833,23247.08737201365,1,1,2026-06-10 17:41:22.494414
NE-HV_AirDist-SupFanMtr-cDXOH-2SpClgHtg-VFDExMtr,None,EUn,Ex,CZ12,cDXOH,0,Each,1.0,857786.460769088,6820621.2,1277404.75,0,3555459.15,0.0,920907.81,0,0,1066846.12,0,0,0.0,0,0,0,30443.016382252557,4348.876450511945,1122.7996587030716,24971.340273037542,1,1,2026-06-10 17:41:22.494414
NE-HV_AirDist-SupFanMtr-cDXOH-2SpClgHtg-VFDPMMtr,None,EUn,Ex,CZ12,cDXOH,0,Each,1.0,857786.460769088,6781060.0200000005,1277404.75,0,3555459.15,0.0,916393.73,0,0,1031799.02,0,0,0.0,0,0,0,30443.932081911265,4348.876450511945,1123.7098976109214,24971.345733788396,1,1,2026-06-10 17:41:22.494414
NE-HV_AirDist-SupFanMtr-cDXOH-2SpClgHtg-VFDStdMtr,None,EUn,Ex,CZ12,cDXOH,0,Each,1.0,857786.460769088,6808186.61,1277404.75,0,3555459.15,0.0,919362.34,0,0,1055957.0,0,0,0.0,0,0,0,30443.055290102388,4348.876450511945,1122.8365187713312,24971.34232081911,1,1,2026-06-10 17:41:22.494414
NE-HV_AirDist-SupFanMtr-cDXOH-2SpClgHtg-VFDExMtr,None,EUn,Ex,CZ11,cDXOH,0,Each,1.0,857786.460769088,7257071.62,1277404.75,0,3555459.15,0.0,1267650.51,0,0,1156553.84,0,0,0.0,0,0,0,29462.256313993174,4348.876450511945,1345.7518771331058,23767.62798634812,1,1,2026-06-10 17:41:22.494414
NE-HV_AirDist-SupFanMtr-cDXOH-2SpClgHtg-VFDPMMtr,None,EUn,Ex,CZ11,cDXOH,0,Each,1.0,857786.460769088,7215170.44,1277404.75,0,3555459.15,0.0,1262312.36,0,0,1119990.81,0,0,0.0,0,0,0,29462.777133105807,4348.876450511945,1346.270648464164,23767.630034129696,1,1,2026-06-10 17:41:22.494414
NE-HV_AirDist-SupFanMtr-cDXOH-2SpClgHtg-VFDStdMtr,None,EUn,Ex,CZ11,cDXOH,0,Each,1.0,857786.460769088,7243959.140000001,1277404.75,0,3555459.15,0.0,1265818.55,0,0,1145273.32,0,0,0.0,0,0,0,29462.335153583615,4348.876450511945,1345.8310580204777,23767.627645051194,1,1,2026-06-10 17:41:22.494414
NE-HV_AirDist-SupFanMtr-cDXOH-2SpClgHtg-VFDExMtr,None,EUn,Ex,CZ10,cDXOH,0,Each,1.0,857786.460769088,7153353.859999999,1277404.75,0,3555459.15,0.0,1245854.37,0,0,1074632.22,0,0,0.0,0,0,0,27621.34948805461,4348.876450511945,105.74163822525597,23166.731399317407,1,1,2026-06-10 17:41:22.494414
NE-HV_AirDist-SupFanMtr-cDXOH-2SpClgHtg-VFDPMMtr,None,EUn,Ex,CZ10,cDXOH,0,Each,1.0,857786.460769088,7107193.15,1277404.75,0,3555459.15,0.0,1239686.42,0,0,1034639.46,0,0,0.0,0,0,0,27621.48327645051,4348.876450511945,105.87610921501707,23166.73071672355,1,1,2026-06-10 17:41:22.494414
NE-HV_AirDist-SupFanMtr-cDXOH-2SpClgHtg-VFDStdMtr,None,EUn,Ex,CZ10,cDXOH,0,Each,1.0,857786.460769088,7138363.51,1277404.75,0,3555459.15,0.0,1243738.44,0,0,1061757.8,0,0,0.0,0,0,0,27621.379180887372,4348.876450511945,105.77098976109215,23166.731740614334,1,1,2026-06-10 17:41:22.494414
NE-HV_AirDist-SupFanMtr-cDXOH-2SpClgHtg-VFDExMtr,None,EUn,Ex,CZ09,cDXOH,0,Each,1.0,857786.460769088,7083231.069999999,1277404.75,0,3555459.15,0.0,1157048.74,0,0,1093315.06,0,0,0.0,0,0,0,28014.274061433447,4348.876450511945,169.9136518771331,23495.48395904437,1,1,2026-06-10 17:41:22.494414
NE-HV_AirDist-SupFanMtr-cDXOH-2SpClgHtg-VFDPMMtr,None,EUn,Ex,CZ09,cDXOH,0,Each,1.0,857786.460769088,7034601.48,1277404.75,0,3555459.15,0.0,1151024.64,0,0,1050709.57,0,0,0.0,0,0,0,28014.362116040953,4348.876450511945,170.00102389078498,23495.484641638224,1,1,2026-06-10 17:41:22.494414
NE-HV_AirDist-SupFanMtr-cDXOH-2SpClgHtg-VFDStdMtr,None,EUn,Ex,CZ09,cDXOH,0,Each,1.0,857786.460769088,7067850.33,1277404.75,0,3555459.15,0.0,1154985.48,0,0,1079997.58,0,0,0.0,0,0,0,28014.295221843007,4348.876450511945,169.93549488054606,23495.48327645051,1,1,2026-06-10 17:41:22.494414
NE-HV_AirDist-SupFanMtr-cDXOH-2SpClgHtg-VFDExMtr,None,EUn,Ex,CZ08,cDXOH,0,Each,1.0,857786.460769088,7071258.08,1277404.75,0,3555459.15,0.0,1166672.84,0,0,1071717.97,0,0,0.0,0,0,0,27743.105460750852,4348.876450511945,76.9221843003413,23317.306825938565,1,1,2026-06-10 17:41:22.494414
NE-HV_AirDist-SupFanMtr-cDXOH-2SpClgHtg-VFDPMMtr,None,EUn,Ex,CZ08,cDXOH,0,Each,1.0,857786.460769088,7023666.06,1277404.75,0,3555459.15,0.0,1160484.11,0,0,1030314.68,0,0,0.0,0,0,0,27743.215358361773,4348.876450511945,77.03003412969284,23317.308873720136,1,1,2026-06-10 17:41:22.494414
NE-HV_AirDist-SupFanMtr-cDXOH-2SpClgHtg-VFDStdMtr,None,EUn,Ex,CZ08,cDXOH,0,Each,1.0,857786.460769088,7056089.96,1277404.75,0,3555459.15,0.0,1164542.95,0,0,1058679.74,0,0,0.0,0,0,0,27743.137542662113,4348.876450511945,76.95426621160411,23317.306825938565,1,1,2026-06-10 17:41:22.494414
NE-HV_AirDist-SupFanMtr-cDXOH-2SpClgHtg-VFDExMtr,None,EUn,Ex,CZ07,cDXOH,0,Each,1.0,857786.460769088,6668169.470000001,1277404.75,0,3555459.15,0.0,832052.25,0,0,1003249.95,0,0,0.0,0,0,0,28222.152901023892,4348.876450511945,22.86109215017065,23850.415358361777,1,1,2026-06-10 17:41:22.494414
NE-HV_AirDist-SupFanMtr-cDXOH-2SpClgHtg-VFDPMMtr,None,EUn,Ex,CZ07,cDXOH,0,Each,1.0,857786.460769088,6621585.96,1277404.75,0,3555459.15,0.0,826552.48,0,0,962166.21,0,0,0.0,0,0,0,28222.20750853242,4348.876450511945,22.915017064846413,23850.416040955628,1,1,2026-06-10 17:41:22.494414
NE-HV_AirDist-SupFanMtr-cDXOH-2SpClgHtg-VFDStdMtr,None,EUn,Ex,CZ07,cDXOH,0,Each,1.0,857786.460769088,6653457.03,1277404.75,0,3555459.15,0.0,830162.93,0,0,990426.83,0,0,0.0,0,0,0,28222.169624573376,4348.876450511945,22.877133105802045,23850.416040955628,1,1,2026-06-10 17:41:22.494414
NE-HV_AirDist-SupFanMtr-cDXOH-2SpClgHtg-VFDExMtr,None,EUn,Ex,CZ06,cDXOH,0,Each,1.0,857786.460769088,6638966.5,1277404.75,0,3555459.15,0.0,796566.6,0,0,1009532.63,0,0,0.0,0,0,0,28518.20204778157,4348.876450511945,48.156655290102385,24121.168941979522,1,1,2026-06-10 17:41:22.494414
NE-HV_AirDist-SupFanMtr-cDXOH-2SpClgHtg-VFDPMMtr,None,EUn,Ex,CZ06,cDXOH,0,Each,1.0,857786.460769088,6592751.1,1277404.75,0,3555459.15,0.0,791156.11,0,0,968727.72,0,0,0.0,0,0,0,28518.28156996587,4348.876450511945,48.232764505119455,24121.172354948805,1,1,2026-06-10 17:41:22.494414
NE-HV_AirDist-SupFanMtr-cDXOH-2SpClgHtg-VFDStdMtr,None,EUn,Ex,CZ06,cDXOH,0,Each,1.0,857786.460769088,6624316.33,1277404.75,0,3555459.15,0.0,794707.24,0,0,996741.82,0,0,0.0,0,0,0,28518.21604095563,4348.876450511945,48.169965870307166,24121.16962457338,1,1,2026-06-10 17:41:22.494414
NE-HV_AirDist-SupFanMtr-cDXOH-2SpClgHtg-VFDExMtr,None,EUn,Ex,CZ05,cDXOH,0,Each,1.0,857786.460769088,6273249.84,1277404.75,0,3555459.15,0.0,453138.4,0,0,987244.17,0,0,0.0,0,0,0,31032.007167235497,4348.876450511945,357.7382252559727,26325.392491467577,1,1,2026-06-10 17:41:22.494414
NE-HV_AirDist-SupFanMtr-cDXOH-2SpClgHtg-VFDPMMtr,None,EUn,Ex,CZ05,cDXOH,0,Each,1.0,857786.460769088,6231335.71,1277404.75,0,3555459.15,0.0,449559.92,0,0,948908.52,0,0,0.0,0,0,0,31032.54675767918,4348.876450511945,358.278156996587,26325.392150170646,1,1,2026-06-10 17:41:22.494414
NE-HV_AirDist-SupFanMtr-cDXOH-2SpClgHtg-VFDStdMtr,None,EUn,Ex,CZ05,cDXOH,0,Each,1.0,857786.460769088,6260514.84,1277404.75,0,3555459.15,0.0,451945.43,0,0,975702.14,0,0,0.0,0,0,0,31032.04334470989,4348.876450511945,357.77645051194537,26325.390443686003,1,1,2026-06-10 17:41:22.494414
NE-HV_AirDist-SupFanMtr-cDXOH-2SpClgHtg-VFDExMtr,None,EUn,Ex,CZ04,cDXOH,0,Each,1.0,857786.460769088,6865554.51,1277404.75,0,3555459.15,0.0,946064.98,0,0,1086622.26,0,0,0.0,0,0,0,30593.785665529012,4348.876450511945,868.440614334471,25376.468600682594,1,1,2026-06-10 17:41:22.494414
NE-HV_AirDist-SupFanMtr-cDXOH-2SpClgHtg-VFDPMMtr,None,EUn,Ex,CZ04,cDXOH,0,Each,1.0,857786.460769088,6824938.64,1277404.75,0,3555459.15,0.0,941595.68,0,0,1050475.69,0,0,0.0,0,0,0,30594.662798634814,4348.876450511945,869.3170648464164,25376.469283276452,1,1,2026-06-10 17:41:22.494414
NE-HV_AirDist-SupFanMtr-cDXOH-2SpClgHtg-VFDStdMtr,None,EUn,Ex,CZ04,cDXOH,0,Each,1.0,857786.460769088,6853087.18,1277404.75,0,3555459.15,0.0,944552.46,0,0,1075667.45,0,0,0.0,0,0,0,30593.858020477815,4348.876450511945,868.5133105802047,25376.468259385667,1,1,2026-06-10 17:41:22.494414
NE-HV_AirDist-SupFanMtr-cDXOH-2SpClgHtg-VFDExMtr,None,EUn,Ex,CZ03,cDXOH,0,Each,1.0,857786.460769088,6136310.430000001,1277404.75,0,3555459.15,0.0,352211.22,0,0,951231.94,0,0,0.0,0,0,0,31072.61194539249,4348.876450511945,532.7324232081911,26191.003071672356,1,1,2026-06-10 17:41:22.494414
NE-HV_AirDist-SupFanMtr-cDXOH-2SpClgHtg-VFDPMMtr,None,EUn,Ex,CZ03,cDXOH,0,Each,1.0,857786.460769088,6095019.5600000005,1277404.75,0,3555459.15,0.0,349133.66,0,0,913018.63,0,0,0.0,0,0,0,31072.82218430034,4348.876450511945,532.9416382252559,26191.00409556314,1,1,2026-06-10 17:41:22.494414
NE-HV_AirDist-SupFanMtr-cDXOH-2SpClgHtg-VFDStdMtr,None,EUn,Ex,CZ03,cDXOH,0,Each,1.0,857786.460769088,6123987.56,1277404.75,0,3555459.15,0.0,351161.35,0,0,939958.94,0,0,0.0,0,0,0,31072.711604095566,4348.876450511945,532.8310580204778,26191.00409556314,1,1,2026-06-10 17:41:22.494414
NE-HV_AirDist-SupFanMtr-cDXOH-2SpClgHtg-VFDExMtr,None,EUn,Ex,CZ02,cDXOH,0,Each,1.0,857786.460769088,6482021.890000001,1277404.75,0,3555459.15,0.0,620387.41,0,0,1028767.21,0,0,0.0,0,0,0,32009.345392491465,4348.876450511945,1168.3368600682593,26492.132081911263,1,1,2026-06-10 17:41:22.494414
NE-HV_AirDist-SupFanMtr-cDXOH-2SpClgHtg-VFDPMMtr,None,EUn,Ex,CZ02,cDXOH,0,Each,1.0,857786.460769088,6444375.81,1277404.75,0,3555459.15,0.0,616837.02,0,0,994671.52,0,0,0.0,0,0,0,32009.89215017065,4348.876450511945,1168.8805460750852,26492.13515358362,1,1,2026-06-10 17:41:22.494414
NE-HV_AirDist-SupFanMtr-cDXOH-2SpClgHtg-VFDStdMtr,None,EUn,Ex,CZ02,cDXOH,0,Each,1.0,857786.460769088,6470806.37,1277404.75,0,3555459.15,0.0,619179.27,0,0,1018759.83,0,0,0.0,0,0,0,32009.618430034127,4348.876450511945,1168.6098976109213,26492.132081911263,1,1,2026-06-10 17:41:22.494414
NE-HV_AirDist-SupFanMtr-cDXOH-2SpClgHtg-VFDExMtr,None,EUn,Ex,CZ01,cDXOH,0,Each,1.0,857786.460769088,5883255.94,1277404.75,0,3555459.15,0.0,119537.26,0,0,930851.41,0,0,0.0,0,0,0,34497.28327645051,4348.876450511945,1763.9590443686006,28384.447781569965,1,1,2026-06-10 17:41:22.494414
NE-HV_AirDist-SupFanMtr-cDXOH-2SpClgHtg-VFDPMMtr,None,EUn,Ex,CZ01,cDXOH,0,Each,1.0,857786.460769088,5853068.55,1277404.75,0,3555459.15,0.0,118611.43,0,0,901589.85,0,0,0.0,0,0,0,34497.68771331058,4348.876450511945,1764.3607508532423,28384.450511945393,1,1,2026-06-10 17:41:22.494414
NE-HV_AirDist-SupFanMtr-cDXOH-2SpClgHtg-VFDStdMtr,None,EUn,Ex,CZ01,cDXOH,0,Each,1.0,857786.460769088,5875107.880000001,1277404.75,0,3555459.15,0.0,119235.49,0,0,923005.12,0,0,0.0,0,0,0,34497.34266211604,4348.876450511945,1764.0204778156997,28384.445733788394,1,1,2026-06-10 17:41:22.494414
NE-HV_AirDist-SupFanMtr-cDXHP-2SpClgHtg-VFDExMtr,None,EUn,Ex,CZ16,cDXHP,0,Each,1.0,857786.460769088,6639890.17,1277404.75,0,3555459.15,109655.33,600008.61,0,0,1097358.96,0,0,0.0,0,0,0,34821.62423208191,4348.876450511945,2749.569965870307,27723.17781569966,1,1,2026-06-10 17:41:22.494414
NE-HV_AirDist-SupFanMtr-cDXHP-2SpClgHtg-VFDPMMtr,None,EUn,Ex,CZ16,cDXHP,0,Each,1.0,857786.460769088,6589690.13,1277404.75,0,3555459.15,111963.74,596181.86,0,0,1048677.26,0,0,0.0,0,0,0,34822.529351535835,4348.876450511945,2750.4778156996585,27723.175085324234,1,1,2026-06-10 17:41:22.494414
NE-HV_AirDist-SupFanMtr-cDXHP-2SpClgHtg-VFDStdMtr,None,EUn,Ex,CZ16,cDXHP,0,Each,1.0,857786.460769088,6624368.329999999,1277404.75,0,3555459.15,110584.58,598640.63,0,0,1082275.85,0,0,0.0,0,0,0,34822.05836177475,4348.876450511945,2750.0061433447095,27723.17576791809,1,1,2026-06-10 17:41:22.494414
NE-HV_AirDist-SupFanMtr-cDXHP-2SpClgHtg-VFDExMtr,None,EUn,Ex,CZ15,cDXHP,0,Each,1.0,857786.460769088,8392428.57,1277404.75,0,3555459.15,10027.25,2321544.08,0,0,1227989.97,0,0,0.0,0,0,0,23724.310238907852,4348.876450511945,32.73378839590443,19342.7,1,1,2026-06-10 17:41:22.494414
NE-HV_AirDist-SupFanMtr-cDXHP-2SpClgHtg-VFDPMMtr,None,EUn,Ex,CZ15,cDXHP,0,Each,1.0,857786.460769088,8341338.87,1277404.75,0,3555459.15,10319.14,2312754.87,0,0,1185397.59,0,0,0.0,0,0,0,23723.97064846416,4348.876450511945,32.39078498293515,19342.70341296928,1,1,2026-06-10 17:41:22.494414
NE-HV_AirDist-SupFanMtr-cDXHP-2SpClgHtg-VFDStdMtr,None,EUn,Ex,CZ15,cDXHP,0,Each,1.0,857786.460769088,8375640.44,1277404.75,0,3555459.15,10124.28,2318622.62,0,0,1214026.27,0,0,0.0,0,0,0,23723.938566552897,4348.876450511945,32.35938566552901,19342.702730375426,1,1,2026-06-10 17:41:22.494414
NE-HV_AirDist-SupFanMtr-cDXHP-2SpClgHtg-VFDExMtr,None,EUn,Ex,CZ14,cDXHP,0,Each,1.0,857786.460769088,7331691.17,1277404.75,0,3555459.15,59471.12,1337578.41,0,0,1101774.37,0,0,0.0,0,0,0,29030.110238907848,4348.876450511945,726.9658703071672,23954.26791808874,1,1,2026-06-10 17:41:22.494414
NE-HV_AirDist-SupFanMtr-cDXHP-2SpClgHtg-VFDPMMtr,None,EUn,Ex,CZ14,cDXHP,0,Each,1.0,857786.460769088,7282406.350000001,1277404.75,0,3555459.15,60579.79,1331534.69,0,0,1057424.6,0,0,0.0,0,0,0,29030.325938566555,4348.876450511945,727.1870307167236,23954.262457337885,1,1,2026-06-10 17:41:22.494414
NE-HV_AirDist-SupFanMtr-cDXHP-2SpClgHtg-VFDStdMtr,None,EUn,Ex,CZ14,cDXHP,0,Each,1.0,857786.460769088,7315705.28,1277404.75,0,3555459.15,59808.81,1335452.46,0,0,1087576.74,0,0,0.0,0,0,0,29029.972696245735,4348.876450511945,726.8283276450512,23954.26791808874,1,1,2026-06-10 17:41:22.494414
NE-HV_AirDist-SupFanMtr-cDXHP-2SpClgHtg-VFDExMtr,None,EUn,Ex,CZ13,cDXHP,0,Each,1.0,857786.460769088,7275258.77,1277404.75,0,3555459.15,50611.3,1349732.52,0,0,1042047.68,0,0,0.0,0,0,0,28343.61638225256,4348.876450511945,747.5474402730375,23247.192491467576,1,1,2026-06-10 17:41:22.494414
NE-HV_AirDist-SupFanMtr-cDXHP-2SpClgHtg-VFDPMMtr,None,EUn,Ex,CZ13,cDXHP,0,Each,1.0,857786.460769088,7228757.82,1277404.75,0,3555459.15,51648.24,1343884.85,0,0,1000357.46,0,0,0.0,0,0,0,28343.81262798635,4348.876450511945,747.7457337883959,23247.19044368601,1,1,2026-06-10 17:41:22.494414
NE-HV_AirDist-SupFanMtr-cDXHP-2SpClgHtg-VFDStdMtr,None,EUn,Ex,CZ13,cDXHP,0,Each,1.0,857786.460769088,7260219.46,1277404.75,0,3555459.15,50932.98,1347740.02,0,0,1028679.19,0,0,0.0,0,0,0,28343.684982935152,4348.876450511945,747.6174061433446,23247.19112627986,1,1,2026-06-10 17:41:22.494414
NE-HV_AirDist-SupFanMtr-cDXHP-2SpClgHtg-VFDExMtr,None,EUn,Ex,CZ12,cDXHP,0,Each,1.0,857786.460769088,6782268.61,1277404.75,0,3555459.15,61640.1,934773.3,0,0,952987.94,0,0,0.0,0,0,0,30259.272013651873,4348.876450511945,938.9972696245733,24971.398293515358,1,1,2026-06-10 17:41:22.494414
NE-HV_AirDist-SupFanMtr-cDXHP-2SpClgHtg-VFDPMMtr,None,EUn,Ex,CZ12,cDXHP,0,Each,1.0,857786.460769088,6738304.88,1277404.75,0,3555459.15,62733.54,930229.52,0,0,912474.55,0,0,0.0,0,0,0,30259.080204778158,4348.876450511945,938.8037542662116,24971.4,1,1,2026-06-10 17:41:22.494414
NE-HV_AirDist-SupFanMtr-cDXHP-2SpClgHtg-VFDStdMtr,None,EUn,Ex,CZ12,cDXHP,0,Each,1.0,857786.460769088,6768557.69,1277404.75,0,3555459.15,62049.9,933205.16,0,0,940435.36,0,0,0.0,0,0,0,30259.384300341295,4348.876450511945,939.1102389078499,24971.3976109215,1,1,2026-06-10 17:41:22.494414
NE-HV_AirDist-SupFanMtr-cDXHP-2SpClgHtg-VFDExMtr,None,EUn,Ex,CZ11,cDXHP,0,Each,1.0,857786.460769088,7215251.14,1277404.75,0,3555459.15,63529.97,1281878.77,0,0,1036975.13,0,0,0.0,0,0,0,29274.80409556314,4348.876450511945,1158.1781569965872,23767.749488054607,1,1,2026-06-10 17:41:22.494414
NE-HV_AirDist-SupFanMtr-cDXHP-2SpClgHtg-VFDPMMtr,None,EUn,Ex,CZ11,cDXHP,0,Each,1.0,857786.460769088,7169530.84,1277404.75,0,3555459.15,65101.39,1276310.81,0,0,995251.37,0,0,0.0,0,0,0,29275.613310580204,4348.876450511945,1158.990784982935,23767.74607508532,1,1,2026-06-10 17:41:22.494414
NE-HV_AirDist-SupFanMtr-cDXHP-2SpClgHtg-VFDStdMtr,None,EUn,Ex,CZ11,cDXHP,0,Each,1.0,857786.460769088,7200455.94,1277404.75,0,3555459.15,63919.71,1280001.02,0,0,1023667.94,0,0,0.0,0,0,0,29274.870648464163,4348.876450511945,1158.245733788396,23767.748464163822,1,1,2026-06-10 17:41:22.494414
NE-HV_AirDist-SupFanMtr-cDXHP-2SpClgHtg-VFDExMtr,None,EUn,Ex,CZ10,cDXHP,0,Each,1.0,857786.460769088,7148185.09,1277404.75,0,3555459.15,21357.59,1255222.89,0,0,1038737.34,0,0,0.0,0,0,0,27609.59829351536,4348.876450511945,93.87815699658704,23166.843686006825,1,1,2026-06-10 17:41:22.494414
NE-HV_AirDist-SupFanMtr-cDXHP-2SpClgHtg-VFDPMMtr,None,EUn,Ex,CZ10,cDXHP,0,Each,1.0,857786.460769088,7101053.930000001,1277404.75,0,3555459.15,21901.54,1249084.34,0,0,997200.78,0,0,0.0,0,0,0,27609.725255972695,4348.876450511945,94.00546075085325,23166.843344709898,1,1,2026-06-10 17:41:22.494414
NE-HV_AirDist-SupFanMtr-cDXHP-2SpClgHtg-VFDStdMtr,None,EUn,Ex,CZ10,cDXHP,0,Each,1.0,857786.460769088,7132912.499999999,1277404.75,0,3555459.15,21523.71,1253123.42,0,0,1025398.1,0,0,0.0,0,0,0,27609.616040955632,4348.876450511945,93.89522184300341,23166.844368600683,1,1,2026-06-10 17:41:22.494414
NE-HV_AirDist-SupFanMtr-cDXHP-2SpClgHtg-VFDExMtr,None,EUn,Ex,CZ09,cDXHP,0,Each,1.0,857786.460769088,7086898.7299999995,1277404.75,0,3555459.15,19941.77,1167728.18,0,0,1066361.51,0,0,0.0,0,0,0,27997.083959044365,4348.876450511945,152.65051194539248,23495.556996587027,1,1,2026-06-10 17:41:22.494414
NE-HV_AirDist-SupFanMtr-cDXHP-2SpClgHtg-VFDPMMtr,None,EUn,Ex,CZ09,cDXHP,0,Each,1.0,857786.460769088,7037625.85,1277404.75,0,3555459.15,20475.99,1161667.37,0,0,1022615.22,0,0,0.0,0,0,0,27997.205119453924,4348.876450511945,152.76962457337882,23495.5590443686,1,1,2026-06-10 17:41:22.494414
NE-HV_AirDist-SupFanMtr-cDXHP-2SpClgHtg-VFDStdMtr,None,EUn,Ex,CZ09,cDXHP,0,Each,1.0,857786.460769088,7070900.9399999995,1277404.75,0,3555459.15,20112.39,1165608.94,0,0,1052312.34,0,0,0.0,0,0,0,27997.106825938565,4348.876450511945,152.67133105802048,23495.5590443686,1,1,2026-06-10 17:41:22.494414
NE-HV_AirDist-SupFanMtr-cDXHP-2SpClgHtg-VFDExMtr,None,EUn,Ex,CZ08,cDXHP,0,Each,1.0,857786.460769088,7073267.33,1277404.75,0,3555459.15,15784.72,1175413.96,0,0,1049201.38,0,0,0.0,0,0,0,27736.890443686007,4348.876450511945,70.6334470989761,23317.380546075085,1,1,2026-06-10 17:41:22.494414
NE-HV_AirDist-SupFanMtr-cDXHP-2SpClgHtg-VFDPMMtr,None,EUn,Ex,CZ08,cDXHP,0,Each,1.0,857786.460769088,7025037.73,1277404.75,0,3555459.15,16224.63,1169080.01,0,0,1006865.82,0,0,0.0,0,0,0,27736.990102389078,4348.876450511945,70.72901023890785,23317.384641638226,1,1,2026-06-10 17:41:22.494414
NE-HV_AirDist-SupFanMtr-cDXHP-2SpClgHtg-VFDStdMtr,None,EUn,Ex,CZ08,cDXHP,0,Each,1.0,857786.460769088,7057351.05,1277404.75,0,3555459.15,15917.77,1173187.22,0,0,1035378.79,0,0,0.0,0,0,0,27736.913993174065,4348.876450511945,70.6556313993174,23317.3819112628,1,1,2026-06-10 17:41:22.494414
NE-HV_AirDist-SupFanMtr-cDXHP-2SpClgHtg-VFDExMtr,None,EUn,Ex,CZ07,cDXHP,0,Each,1.0,857786.460769088,6669810.850000001,1277404.75,0,3555459.15,9242.89,834153.71,0,0,993546.98,0,0,0.0,0,0,0,28220.756996587028,4348.876450511945,21.446416382252558,23850.434129692832,1,1,2026-06-10 17:41:22.494414
NE-HV_AirDist-SupFanMtr-cDXHP-2SpClgHtg-VFDPMMtr,None,EUn,Ex,CZ07,cDXHP,0,Each,1.0,857786.460769088,6623077.109999999,1277404.75,0,3555459.15,9565.28,828642.84,0,0,952001.72,0,0,0.0,0,0,0,28220.818771331058,4348.876450511945,21.504778156996586,23850.437542662115,1,1,2026-06-10 17:41:22.494414
NE-HV_AirDist-SupFanMtr-cDXHP-2SpClgHtg-VFDStdMtr,None,EUn,Ex,CZ07,cDXHP,0,Each,1.0,857786.460769088,6654808.2299999995,1277404.75,0,3555459.15,9340.93,832247.59,0,0,980352.44,0,0,0.0,0,0,0,28220.76996587031,4348.876450511945,21.4580204778157,23850.435494880545,1,1,2026-06-10 17:41:22.494414
NE-HV_AirDist-SupFanMtr-cDXHP-2SpClgHtg-VFDExMtr,None,EUn,Ex,CZ06,cDXHP,0,Each,1.0,857786.460769088,6631372.260000001,1277404.75,0,3555459.15,11441.56,793905.27,0,0,993158.16,0,0,0.0,0,0,0,28514.484300341297,4348.876450511945,44.416723549488054,24121.191126279864,1,1,2026-06-10 17:41:22.494414
NE-HV_AirDist-SupFanMtr-cDXHP-2SpClgHtg-VFDPMMtr,None,EUn,Ex,CZ06,cDXHP,0,Each,1.0,857786.460769088,6584670.01,1277404.75,0,3555459.15,11811.38,788497.18,0,0,951494.18,0,0,0.0,0,0,0,28514.56518771331,4348.876450511945,44.4938566552901,24121.194880546074,1,1,2026-06-10 17:41:22.494414
NE-HV_AirDist-SupFanMtr-cDXHP-2SpClgHtg-VFDStdMtr,None,EUn,Ex,CZ06,cDXHP,0,Each,1.0,857786.460769088,6616476.66,1277404.75,0,3555459.15,11555.3,792068.22,0,0,979985.87,0,0,0.0,0,0,0,28514.493174061434,4348.876450511945,44.42457337883959,24121.19215017065,1,1,2026-06-10 17:41:22.494414
NE-HV_AirDist-SupFanMtr-cDXHP-2SpClgHtg-VFDExMtr,None,EUn,Ex,CZ05,cDXHP,0,Each,1.0,857786.460769088,6238871.62,1277404.75,0,3555459.15,44051.26,456407.53,0,0,905545.56,0,0,0.0,0,0,0,30998.088395904437,4348.876450511945,323.8170648464164,26325.39488054607,1,1,2026-06-10 17:41:22.494414
NE-HV_AirDist-SupFanMtr-cDXHP-2SpClgHtg-VFDPMMtr,None,EUn,Ex,CZ05,cDXHP,0,Each,1.0,857786.460769088,6195192.69,1277404.75,0,3555459.15,45120.36,452849.62,0,0,864355.44,0,0,0.0,0,0,0,30998.3180887372,4348.876450511945,324.0488054607508,26325.392832764504,1,1,2026-06-10 17:41:22.494414
NE-HV_AirDist-SupFanMtr-cDXHP-2SpClgHtg-VFDStdMtr,None,EUn,Ex,CZ05,cDXHP,0,Each,1.0,857786.460769088,6225777.94,1277404.75,0,3555459.15,44572.09,455170.17,0,0,893168.41,0,0,0.0,0,0,0,30998.93174061433,4348.876450511945,324.66245733788395,26325.392832764504,1,1,2026-06-10 17:41:22.494414
NE-HV_AirDist-SupFanMtr-cDXHP-2SpClgHtg-VFDExMtr,None,EUn,Ex,CZ04,cDXHP,0,Each,1.0,857786.460769088,6837274.999999999,1277404.75,0,3555459.15,63747.71,962818.75,0,0,977841.27,0,0,0.0,0,0,0,30502.787372013652,4348.876450511945,777.3569965870307,25376.553924914675,1,1,2026-06-10 17:41:22.494414
NE-HV_AirDist-SupFanMtr-cDXHP-2SpClgHtg-VFDPMMtr,None,EUn,Ex,CZ04,cDXHP,0,Each,1.0,857786.460769088,6791717.82,1277404.75,0,3555459.15,64962.04,958183.69,0,0,935704.82,0,0,0.0,0,0,0,30503.264505119452,4348.876450511945,777.8351535836177,25376.55290102389,1,1,2026-06-10 17:41:22.494414
NE-HV_AirDist-SupFanMtr-cDXHP-2SpClgHtg-VFDStdMtr,None,EUn,Ex,CZ04,cDXHP,0,Each,1.0,857786.460769088,6822926.36,1277404.75,0,3555459.15,64146.44,961189.13,0,0,964723.52,0,0,0.0,0,0,0,30502.92150170648,4348.876450511945,777.4935153583618,25376.551535836177,1,1,2026-06-10 17:41:22.494414
NE-HV_AirDist-SupFanMtr-cDXHP-2SpClgHtg-VFDExMtr,None,EUn,Ex,CZ03,cDXHP,0,Each,1.0,857786.460769088,6102466.0,1277404.75,0,3555459.15,40233.46,352703.14,0,0,876662.13,0,0,0.0,0,0,0,31015.127303754263,4348.876450511945,475.2447098976109,26191.006143344708,1,1,2026-06-10 17:41:22.494414
NE-HV_AirDist-SupFanMtr-cDXHP-2SpClgHtg-VFDPMMtr,None,EUn,Ex,CZ03,cDXHP,0,Each,1.0,857786.460769088,6060256.82,1277404.75,0,3555459.15,41324.65,349647.49,0,0,836417.41,0,0,0.0,0,0,0,31016.178156996586,4348.876450511945,476.29419795221844,26191.007508532424,1,1,2026-06-10 17:41:22.494414
NE-HV_AirDist-SupFanMtr-cDXHP-2SpClgHtg-VFDStdMtr,None,EUn,Ex,CZ03,cDXHP,0,Each,1.0,857786.460769088,6089447.89,1277404.75,0,3555459.15,40540.4,351673.58,0,0,864366.64,0,0,0.0,0,0,0,31015.186689419792,4348.876450511945,475.3040955631399,26191.006143344708,1,1,2026-06-10 17:41:22.494414
NE-HV_AirDist-SupFanMtr-cDXHP-2SpClgHtg-VFDExMtr,None,EUn,Ex,CZ02,cDXHP,0,Each,1.0,857786.460769088,6438316.7,1277404.75,0,3555459.15,71774.34,633977.41,0,0,899697.68,0,0,0.0,0,0,0,31852.323549488057,4348.876450511945,1011.2870307167235,26492.160068259385,1,1,2026-06-10 17:41:22.494414
NE-HV_AirDist-SupFanMtr-cDXHP-2SpClgHtg-VFDPMMtr,None,EUn,Ex,CZ02,cDXHP,0,Each,1.0,857786.460769088,6396117.2299999995,1277404.75,0,3555459.15,73265.46,630291.53,0,0,859692.97,0,0,0.0,0,0,0,31852.799317406145,4348.876450511945,1011.7627986348123,26492.160068259385,1,1,2026-06-10 17:41:22.494414
NE-HV_AirDist-SupFanMtr-cDXHP-2SpClgHtg-VFDStdMtr,None,EUn,Ex,CZ02,cDXHP,0,Each,1.0,857786.460769088,6425114.57,1277404.75,0,3555459.15,72142.6,632770.42,0,0,887334.28,0,0,0.0,0,0,0,31852.47610921502,4348.876450511945,1011.4402730375426,26492.159385665527,1,1,2026-06-10 17:41:22.494414
NE-HV_AirDist-SupFanMtr-cDXHP-2SpClgHtg-VFDExMtr,None,EUn,Ex,CZ01,cDXHP,0,Each,1.0,857786.460769088,5805732.7700000005,1277404.75,0,3555459.15,92613.65,120398.62,0,0,759853.23,0,0,0.0,0,0,0,34243.267918088735,4348.876450511945,1509.944709897611,28384.446757679183,1,1,2026-06-10 17:41:22.494414
NE-HV_AirDist-SupFanMtr-cDXHP-2SpClgHtg-VFDPMMtr,None,EUn,Ex,CZ01,cDXHP,0,Each,1.0,857786.460769088,5769632.71,1277404.75,0,3555459.15,94370.66,119497.31,0,0,722897.47,0,0,0.0,0,0,0,34243.73344709897,4348.876450511945,1510.4034129692832,28384.453583617746,1,1,2026-06-10 17:41:22.494414
NE-HV_AirDist-SupFanMtr-cDXHP-2SpClgHtg-VFDStdMtr,None,EUn,Ex,CZ01,cDXHP,0,Each,1.0,857786.460769088,5795543.649999999,1277404.75,0,3555459.15,93129.33,120103.91,0,0,749443.14,0,0,0.0,0,0,0,34243.297610921494,4348.876450511945,1509.968941979522,28384.452218430033,1,1,2026-06-10 17:41:22.494414
NE-HV_AirDist-SupFanMtr-cDXGF-2SpClgHtg-VFDExMtr,None,EUn,Ex,CZ16,cDXGF,0,Each,1.0,857786.460769088,6526176.5,1277404.75,0,3555459.15,0.0,594889.36,0,0,1098419.87,0,0,0.0,0,0,0,57691.012286689416,4348.876450511945,25618.967918088736,27723.167918088733,1,1,2026-06-10 17:41:22.494414
NE-HV_AirDist-SupFanMtr-cDXGF-2SpClgHtg-VFDPMMtr,None,EUn,Ex,CZ16,cDXGF,0,Each,1.0,857786.460769088,6473503.340000001,1277404.75,0,3555459.15,0.0,591152.0,0,0,1049484.07,0,0,0.0,0,0,0,58186.4723549488,4348.876450511945,26114.427303754266,27723.16860068259,1,1,2026-06-10 17:41:22.494414
NE-HV_AirDist-SupFanMtr-cDXGF-2SpClgHtg-VFDStdMtr,None,EUn,Ex,CZ16,cDXGF,0,Each,1.0,857786.460769088,6509570.81,1277404.75,0,3555459.15,0.0,593544.23,0,0,1083159.31,0,0,0.0,0,0,0,57888.32354948805,4348.876450511945,25816.2795221843,27723.16757679181,1,1,2026-06-10 17:41:22.494414
NE-HV_AirDist-SupFanMtr-cDXGF-2SpClgHtg-VFDExMtr,None,EUn,Ex,CZ15,cDXGF,0,Each,1.0,857786.460769088,8326694.03,1277404.75,0,3555459.15,0.0,2296690.27,0,0,1197136.49,0,0,0.0,0,0,0,26021.210921501704,4348.876450511945,2329.8112627986347,19342.523208191127,1,1,2026-06-10 17:41:22.494414
NE-HV_AirDist-SupFanMtr-cDXGF-2SpClgHtg-VFDPMMtr,None,EUn,Ex,CZ15,cDXGF,0,Each,1.0,857786.460769088,8275657.330000001,1277404.75,0,3555459.15,0.0,2288445.75,0,0,1154344.31,0,0,0.0,0,0,0,26088.080204778158,4348.876450511945,2396.679180887372,19342.52457337884,1,1,2026-06-10 17:41:22.494414
NE-HV_AirDist-SupFanMtr-cDXGF-2SpClgHtg-VFDStdMtr,None,EUn,Ex,CZ15,cDXGF,0,Each,1.0,857786.460769088,8309696.109999999,1277404.75,0,3555459.15,0.0,2293830.37,0,0,1182998.47,0,0,0.0,0,0,0,26043.07098976109,4348.876450511945,2351.669965870307,19342.52457337884,1,1,2026-06-10 17:41:22.494414
NE-HV_AirDist-SupFanMtr-cDXGF-2SpClgHtg-VFDExMtr,None,EUn,Ex,CZ14,cDXGF,0,Each,1.0,857786.460769088,7263177.69,1277404.75,0,3555459.15,0.0,1323679.48,0,0,1106630.94,0,0,0.0,0,0,0,41938.64709897611,4348.876450511945,13635.647440273036,23954.12320819113,1,1,2026-06-10 17:41:22.494414
NE-HV_AirDist-SupFanMtr-cDXGF-2SpClgHtg-VFDPMMtr,None,EUn,Ex,CZ14,cDXGF,0,Each,1.0,857786.460769088,7213301.98,1277404.75,0,3555459.15,0.0,1317848.47,0,0,1062586.24,0,0,0.0,0,0,0,42186.70989761093,4348.876450511945,13883.71228668942,23954.121160409555,1,1,2026-06-10 17:41:22.494414
NE-HV_AirDist-SupFanMtr-cDXGF-2SpClgHtg-VFDStdMtr,None,EUn,Ex,CZ14,cDXGF,0,Each,1.0,857786.460769088,7247208.500000001,1277404.75,0,3555459.15,0.0,1321690.25,0,0,1092650.98,0,0,0.0,0,0,0,42012.440273037544,4348.876450511945,13709.440955631399,23954.1228668942,1,1,2026-06-10 17:41:22.494414
NE-HV_AirDist-SupFanMtr-cDXGF-2SpClgHtg-VFDExMtr,None,EUn,Ex,CZ13,cDXGF,0,Each,1.0,857786.460769088,7212730.57,1277404.75,0,3555459.15,0.0,1336082.65,0,0,1043780.65,0,0,0.0,0,0,0,39834.36109215017,4348.876450511945,12238.402389078497,23247.082252559725,1,1,2026-06-10 17:41:22.494414
NE-HV_AirDist-SupFanMtr-cDXGF-2SpClgHtg-VFDPMMtr,None,EUn,Ex,CZ13,cDXGF,0,Each,1.0,857786.460769088,7165764.71,1277404.75,0,3555459.15,0.0,1330371.62,0,0,1002525.82,0,0,0.0,0,0,0,40073.20273037543,4348.876450511945,12477.24505119454,23247.08122866894,1,1,2026-06-10 17:41:22.494414
NE-HV_AirDist-SupFanMtr-cDXGF-2SpClgHtg-VFDStdMtr,None,EUn,Ex,CZ13,cDXGF,0,Each,1.0,857786.460769088,7197655.86,1277404.75,0,3555459.15,0.0,1334113.27,0,0,1030675.32,0,0,0.0,0,0,0,39909.786689419794,4348.876450511945,12313.827986348122,23247.082252559725,1,1,2026-06-10 17:41:22.494414
NE-HV_AirDist-SupFanMtr-cDXGF-2SpClgHtg-VFDExMtr,None,EUn,Ex,CZ12,cDXGF,0,Each,1.0,857786.460769088,6710620.640000001,1277404.75,0,3555459.15,0.0,923662.3,0,0,954091.07,0,0,0.0,0,0,0,44372.057337883954,4348.876450511945,15051.841979522183,24971.33890784983,1,1,2026-06-10 17:41:22.494414
NE-HV_AirDist-SupFanMtr-cDXGF-2SpClgHtg-VFDPMMtr,None,EUn,Ex,CZ12,cDXGF,0,Each,1.0,857786.460769088,6665389.63,1277404.75,0,3555459.15,0.0,919133.18,0,0,913389.18,0,0,0.0,0,0,0,44628.9385665529,4348.876450511945,15308.720819112628,24971.341296928327,1,1,2026-06-10 17:41:22.494414
NE-HV_AirDist-SupFanMtr-cDXGF-2SpClgHtg-VFDStdMtr,None,EUn,Ex,CZ12,cDXGF,0,Each,1.0,857786.460769088,6696548.68,1277404.75,0,3555459.15,0.0,922106.56,0,0,941574.85,0,0,0.0,0,0,0,44466.398634812285,4348.876450511945,15146.183959044369,24971.33822525597,1,1,2026-06-10 17:41:22.494414
NE-HV_AirDist-SupFanMtr-cDXGF-2SpClgHtg-VFDExMtr,None,EUn,Ex,CZ11,cDXGF,0,Each,1.0,857786.460769088,7145456.2,1277404.75,0,3555459.15,0.0,1270539.67,0,0,1042049.26,0,0,0.0,0,0,0,43563.25529010238,4348.876450511945,15446.755290102388,23767.623549488053,1,1,2026-06-10 17:41:22.494414
NE-HV_AirDist-SupFanMtr-cDXGF-2SpClgHtg-VFDPMMtr,None,EUn,Ex,CZ11,cDXGF,0,Each,1.0,857786.460769088,7098783.79,1277404.75,0,3555459.15,0.0,1265131.76,0,0,1000784.76,0,0,0.0,0,0,0,43913.61604095563,4348.876450511945,15797.11638225256,23767.623208191126,1,1,2026-06-10 17:41:22.494414
NE-HV_AirDist-SupFanMtr-cDXGF-2SpClgHtg-VFDStdMtr,None,EUn,Ex,CZ11,cDXGF,0,Each,1.0,857786.460769088,7130426.7299999995,1277404.75,0,3555459.15,0.0,1268700.28,0,0,1028859.18,0,0,0.0,0,0,0,43647.46245733788,4348.876450511945,15530.962116040955,23767.623890784984,1,1,2026-06-10 17:41:22.494414
NE-HV_AirDist-SupFanMtr-cDXGF-2SpClgHtg-VFDExMtr,None,EUn,Ex,CZ10,cDXGF,0,Each,1.0,857786.460769088,7113618.680000001,1277404.75,0,3555459.15,0.0,1247468.25,0,0,1033283.16,0,0,0.0,0,0,0,32544.818430034127,4348.876450511945,5029.2146757679175,23166.727303754265,1,1,2026-06-10 17:41:22.494414
NE-HV_AirDist-SupFanMtr-cDXGF-2SpClgHtg-VFDPMMtr,None,EUn,Ex,CZ10,cDXGF,0,Each,1.0,857786.460769088,7065932.56,1277404.75,0,3555459.15,0.0,1241269.1,0,0,991796.19,0,0,0.0,0,0,0,32671.2976109215,4348.876450511945,5155.694880546074,23166.72627986348,1,1,2026-06-10 17:41:22.494414
NE-HV_AirDist-SupFanMtr-cDXGF-2SpClgHtg-VFDStdMtr,None,EUn,Ex,CZ10,cDXGF,0,Each,1.0,857786.460769088,7098095.960000001,1277404.75,0,3555459.15,0.0,1245343.33,0,0,1019885.36,0,0,0.0,0,0,0,32583.429351535833,4348.876450511945,5067.825597269625,23166.727303754265,1,1,2026-06-10 17:41:22.494414
NE-HV_AirDist-SupFanMtr-cDXGF-2SpClgHtg-VFDExMtr,None,EUn,Ex,CZ09,cDXGF,0,Each,1.0,857786.460769088,7049954.78,1277404.75,0,3555459.15,0.0,1158220.55,0,0,1058866.96,0,0,0.0,0,0,0,32592.08907849829,4348.876450511945,4747.733447098976,23495.479180887374,1,1,2026-06-10 17:41:22.494414
NE-HV_AirDist-SupFanMtr-cDXGF-2SpClgHtg-VFDPMMtr,None,EUn,Ex,CZ09,cDXGF,0,Each,1.0,857786.460769088,7000099.7700000005,1277404.75,0,3555459.15,0.0,1152158.51,0,0,1015073.99,0,0,0.0,0,0,0,32715.731058020476,4348.876450511945,4871.374061433447,23495.480546075083,1,1,2026-06-10 17:41:22.494414
NE-HV_AirDist-SupFanMtr-cDXGF-2SpClgHtg-VFDStdMtr,None,EUn,Ex,CZ09,cDXGF,0,Each,1.0,857786.460769088,7033846.399999999,1277404.75,0,3555459.15,0.0,1156145.07,0,0,1044834.06,0,0,0.0,0,0,0,32631.607508532423,4348.876450511945,4787.250853242321,23495.480204778156,1,1,2026-06-10 17:41:22.494414
NE-HV_AirDist-SupFanMtr-cDXGF-2SpClgHtg-VFDExMtr,None,EUn,Ex,CZ08,cDXGF,0,Each,1.0,857786.460769088,7044284.529999999,1277404.75,0,3555459.15,0.0,1167840.63,0,0,1043576.63,0,0,0.0,0,0,0,31417.36075085324,4348.876450511945,3751.181228668942,23317.303071672355,1,1,2026-06-10 17:41:22.494414
NE-HV_AirDist-SupFanMtr-cDXGF-2SpClgHtg-VFDPMMtr,None,EUn,Ex,CZ08,cDXGF,0,Each,1.0,857786.460769088,6995903.21,1277404.75,0,3555459.15,0.0,1161616.81,0,0,1001419.13,0,0,0.0,0,0,0,31518.916723549486,4348.876450511945,3852.735494880546,23317.304778157,1,1,2026-06-10 17:41:22.494414
NE-HV_AirDist-SupFanMtr-cDXGF-2SpClgHtg-VFDStdMtr,None,EUn,Ex,CZ08,cDXGF,0,Each,1.0,857786.460769088,7028474.99,1277404.75,0,3555459.15,0.0,1165704.92,0,0,1029902.8,0,0,0.0,0,0,0,31447.744027303754,4348.876450511945,3781.5641638225256,23317.303412969282,1,1,2026-06-10 17:41:22.494414
NE-HV_AirDist-SupFanMtr-cDXGF-2SpClgHtg-VFDExMtr,None,EUn,Ex,CZ07,cDXGF,0,Each,1.0,857786.460769088,6653781.97,1277404.75,0,3555459.15,0.0,832421.07,0,0,988493.63,0,0,0.0,0,0,0,30402.624573378835,4348.876450511945,2203.3358361774744,23850.412286689418,1,1,2026-06-10 17:41:22.494414
NE-HV_AirDist-SupFanMtr-cDXGF-2SpClgHtg-VFDPMMtr,None,EUn,Ex,CZ07,cDXGF,0,Each,1.0,857786.460769088,6606648.330000001,1277404.75,0,3555459.15,0.0,826892.0,0,0,946889.06,0,0,0.0,0,0,0,30477.892150170646,4348.876450511945,2278.6010238907847,23850.41467576792,1,1,2026-06-10 17:41:22.494414
NE-HV_AirDist-SupFanMtr-cDXGF-2SpClgHtg-VFDStdMtr,None,EUn,Ex,CZ07,cDXGF,0,Each,1.0,857786.460769088,6638660.88,1277404.75,0,3555459.15,0.0,830524.7,0,0,975268.91,0,0,0.0,0,0,0,30425.323208191123,4348.876450511945,2226.0327645051193,23850.41399317406,1,1,2026-06-10 17:41:22.494414
NE-HV_AirDist-SupFanMtr-cDXGF-2SpClgHtg-VFDExMtr,None,EUn,Ex,CZ06,cDXGF,0,Each,1.0,857786.460769088,6620678.87,1277404.75,0,3555459.15,0.0,797002.83,0,0,990808.77,0,0,0.0,0,0,0,31216.814675767913,4348.876450511945,2746.7703071672354,24121.167918088737,1,1,2026-06-10 17:41:22.494414
NE-HV_AirDist-SupFanMtr-cDXGF-2SpClgHtg-VFDPMMtr,None,EUn,Ex,CZ06,cDXGF,0,Each,1.0,857786.460769088,6573935.39,1277404.75,0,3555459.15,0.0,791563.82,0,0,949504.3,0,0,0.0,0,0,0,31303.452218430033,4348.876450511945,2833.404778156996,24121.170989761093,1,1,2026-06-10 17:41:22.494414
NE-HV_AirDist-SupFanMtr-cDXGF-2SpClgHtg-VFDStdMtr,None,EUn,Ex,CZ06,cDXGF,0,Each,1.0,857786.460769088,6605679.140000001,1277404.75,0,3555459.15,0.0,795137.67,0,0,977674.2,0,0,0.0,0,0,0,31243.593515358363,4348.876450511945,2773.548805460751,24121.168259385664,1,1,2026-06-10 17:41:22.494414
NE-HV_AirDist-SupFanMtr-cDXGF-2SpClgHtg-VFDExMtr,None,EUn,Ex,CZ05,cDXGF,0,Each,1.0,857786.460769088,6195555.930000001,1277404.75,0,3555459.15,0.0,456336.6,0,0,906352.06,0,0,0.0,0,0,0,41294.00784982936,4348.876450511945,10619.746075085324,26325.385324232084,1,1,2026-06-10 17:41:22.494414
NE-HV_AirDist-SupFanMtr-cDXGF-2SpClgHtg-VFDPMMtr,None,EUn,Ex,CZ05,cDXGF,0,Each,1.0,857786.460769088,6150808.58,1277404.75,0,3555459.15,0.0,452714.82,0,0,865226.49,0,0,0.0,0,0,0,41545.33754266212,4348.876450511945,10871.076109215017,26325.384982935153,1,1,2026-06-10 17:41:22.494414
NE-HV_AirDist-SupFanMtr-cDXGF-2SpClgHtg-VFDStdMtr,None,EUn,Ex,CZ05,cDXGF,0,Each,1.0,857786.460769088,6181968.66,1277404.75,0,3555459.15,0.0,455077.59,0,0,894023.8,0,0,0.0,0,0,0,41414.91706484642,4348.876450511945,10740.656313993173,26325.384300341295,1,1,2026-06-10 17:41:22.494414
NE-HV_AirDist-SupFanMtr-cDXGF-2SpClgHtg-VFDExMtr,None,EUn,Ex,CZ04,cDXGF,0,Each,1.0,857786.460769088,6765078.99,1277404.75,0,3555459.15,0.0,951045.05,0,0,981166.67,0,0,0.0,0,0,0,44839.97303754266,4348.876450511945,15114.637542662116,25376.4590443686,1,1,2026-06-10 17:41:22.494414
NE-HV_AirDist-SupFanMtr-cDXGF-2SpClgHtg-VFDPMMtr,None,EUn,Ex,CZ04,cDXGF,0,Each,1.0,857786.460769088,6718669.73,1277404.75,0,3555459.15,0.0,946551.25,0,0,939251.21,0,0,0.0,0,0,0,45117.661433447094,4348.876450511945,15392.328668941978,25376.456313993174,1,1,2026-06-10 17:41:22.494414
NE-HV_AirDist-SupFanMtr-cDXGF-2SpClgHtg-VFDStdMtr,None,EUn,Ex,CZ04,cDXGF,0,Each,1.0,857786.460769088,6750608.470000001,1277404.75,0,3555459.15,0.0,949519.0,0,0,968222.2,0,0,0.0,0,0,0,44928.678839590444,4348.876450511945,15203.34880546075,25376.453583617746,1,1,2026-06-10 17:41:22.494414
NE-HV_AirDist-SupFanMtr-cDXGF-2SpClgHtg-VFDExMtr,None,EUn,Ex,CZ03,cDXGF,0,Each,1.0,857786.460769088,6063323.78,1277404.75,0,3555459.15,0.0,353664.44,0,0,876792.07,0,0,0.0,0,0,0,40521.83686006826,4348.876450511945,9981.958020477816,26191.002389078498,1,1,2026-06-10 17:41:22.494414
NE-HV_AirDist-SupFanMtr-cDXGF-2SpClgHtg-VFDPMMtr,None,EUn,Ex,CZ03,cDXGF,0,Each,1.0,857786.460769088,6019928.02,1277404.75,0,3555459.15,0.0,350522.53,0,0,836538.22,0,0,0.0,0,0,0,40777.46109215017,4348.876450511945,10237.5819112628,26191.002730375425,1,1,2026-06-10 17:41:22.494414
NE-HV_AirDist-SupFanMtr-cDXGF-2SpClgHtg-VFDStdMtr,None,EUn,Ex,CZ03,cDXGF,0,Each,1.0,857786.460769088,6049885.069999999,1277404.75,0,3555459.15,0.0,352604.7,0,0,864413.1,0,0,0.0,0,0,0,40594.266211604096,4348.876450511945,10054.38771331058,26191.00204778157,1,1,2026-06-10 17:41:22.494414
NE-HV_AirDist-SupFanMtr-cDXGF-2SpClgHtg-VFDExMtr,None,EUn,Ex,CZ02,cDXGF,0,Each,1.0,857786.460769088,6357667.62,1277404.75,0,3555459.15,0.0,624724.8,0,0,900075.55,0,0,0.0,0,0,0,48294.23105802047,4348.876450511945,17453.217064846416,26492.137542662116,1,1,2026-06-10 17:41:22.494414
NE-HV_AirDist-SupFanMtr-cDXGF-2SpClgHtg-VFDPMMtr,None,EUn,Ex,CZ02,cDXGF,0,Each,1.0,857786.460769088,6314140.71,1277404.75,0,3555459.15,0.0,621130.27,0,0,860143.17,0,0,0.0,0,0,0,48637.13276450512,4348.876450511945,17796.118088737203,26492.138225255974,1,1,2026-06-10 17:41:22.494414
NE-HV_AirDist-SupFanMtr-cDXGF-2SpClgHtg-VFDStdMtr,None,EUn,Ex,CZ02,cDXGF,0,Each,1.0,857786.460769088,6344202.12,1277404.75,0,3555459.15,0.0,623533.04,0,0,887801.81,0,0,0.0,0,0,0,48383.595221842996,4348.876450511945,17542.582593856656,26492.1361774744,1,1,2026-06-10 17:41:22.494414
NE-HV_AirDist-SupFanMtr-cDXGF-2SpClgHtg-VFDExMtr,None,EUn,Ex,CZ01,cDXGF,0,Each,1.0,857786.460769088,5716386.6899999995,1277404.75,0,3555459.15,0.0,122685.95,0,0,760833.47,0,0,0.0,0,0,0,56462.8109215017,4348.876450511945,23729.48737201365,28384.44709897611,1,1,2026-06-10 17:41:22.494414
NE-HV_AirDist-SupFanMtr-cDXGF-2SpClgHtg-VFDPMMtr,None,EUn,Ex,CZ01,cDXGF,0,Each,1.0,857786.460769088,5678512.45,1277404.75,0,3555459.15,0.0,121724.57,0,0,723920.61,0,0,0.0,0,0,0,56885.50409556314,4348.876450511945,24152.174402730372,28384.45324232082,1,1,2026-06-10 17:41:22.494414
NE-HV_AirDist-SupFanMtr-cDXGF-2SpClgHtg-VFDStdMtr,None,EUn,Ex,CZ01,cDXGF,0,Each,1.0,857786.460769088,5705757.25,1277404.75,0,3555459.15,0.0,122373.34,0,0,750516.64,0,0,0.0,0,0,0,56592.70648464163,4348.876450511945,23859.37781569966,28384.452218430033,1,1,2026-06-10 17:41:22.494414
NE-HV_AirDist-SupFanMtr-cDXOH-2SpClgHtg-VFDExMtr,None,ESe,Ex,CZ16,cDXOH,0,Each,1.0,74402.30146688,774435.84,197959.32,0,259085.82,0.0,73691.28,0,0,243696.03,0,0,0.0,0,0,0,18291.598293515355,2187.403412969283,7540.3836177474395,8563.811262798636,1,1,2026-06-10 17:41:22.494414
NE-HV_AirDist-SupFanMtr-cDXOH-2SpClgHtg-VFDPMMtr,None,ESe,Ex,CZ16,cDXOH,0,Each,1.0,74402.30146688,772345.56,197959.32,0,259085.82,0.0,73497.24,0,0,241799.79,0,0,0.0,0,0,0,18291.99385665529,2187.403412969283,7540.778156996586,8563.81228668942,1,1,2026-06-10 17:41:22.494414
NE-HV_AirDist-SupFanMtr-cDXOH-2SpClgHtg-VFDStdMtr,None,ESe,Ex,CZ16,cDXOH,0,Each,1.0,74402.30146688,773788.73,197959.32,0,259085.82,0.0,73624.1,0,0,243116.1,0,0,0.0,0,0,0,18291.508873720133,2187.403412969283,7540.294197952218,8563.811262798636,1,1,2026-06-10 17:41:22.494414
NE-HV_AirDist-SupFanMtr-cDXOH-2SpClgHtg-VFDExMtr,None,ESe,Ex,CZ15,cDXOH,0,Each,1.0,74402.30146688,1050065.1,197959.32,0,259085.82,0.0,388979.75,0,0,204036.82,0,0,0.0,0,0,0,8970.362457337884,2187.403412969283,757.4587030716724,6025.500341296928,1,1,2026-06-10 17:41:22.494414
NE-HV_AirDist-SupFanMtr-cDXOH-2SpClgHtg-VFDPMMtr,None,ESe,Ex,CZ15,cDXOH,0,Each,1.0,74402.30146688,1047015.36,197959.32,0,259085.82,0.0,388424.86,0,0,201541.97,0,0,0.0,0,0,0,8970.403071672356,2187.403412969283,757.4986348122867,6025.501023890784,1,1,2026-06-10 17:41:22.494414
NE-HV_AirDist-SupFanMtr-cDXOH-2SpClgHtg-VFDStdMtr,None,ESe,Ex,CZ15,cDXOH,0,Each,1.0,74402.30146688,1049043.9399999997,197959.32,0,259085.82,0.0,388787.54,0,0,203207.87,0,0,0.0,0,0,0,8970.364505119453,2187.403412969283,757.460409556314,6025.500682593857,1,1,2026-06-10 17:41:22.494414
NE-HV_AirDist-SupFanMtr-cDXOH-2SpClgHtg-VFDExMtr,None,ESe,Ex,CZ14,cDXOH,0,Each,1.0,74402.30146688,875569.2400000001,197959.32,0,259085.82,0.0,206685.48,0,0,211835.23,0,0,0.0,0,0,0,13423.659385665529,2187.403412969283,3811.2662116040956,7424.989761092151,1,1,2026-06-10 17:41:22.494414
NE-HV_AirDist-SupFanMtr-cDXOH-2SpClgHtg-VFDPMMtr,None,ESe,Ex,CZ14,cDXOH,0,Each,1.0,74402.30146688,873215.84,197959.32,0,259085.82,0.0,206339.05,0,0,209828.26,0,0,0.0,0,0,0,13423.731399317405,2187.403412969283,3811.337542662116,7424.990443686007,1,1,2026-06-10 17:41:22.494414
NE-HV_AirDist-SupFanMtr-cDXOH-2SpClgHtg-VFDStdMtr,None,ESe,Ex,CZ14,cDXOH,0,Each,1.0,74402.30146688,874802.4600000001,197959.32,0,259085.82,0.0,206565.68,0,0,211188.25,0,0,0.0,0,0,0,13423.786348122867,2187.403412969283,3811.3924914675767,7424.990443686007,1,1,2026-06-10 17:41:22.494414
NE-HV_AirDist-SupFanMtr-cDXOH-2SpClgHtg-VFDExMtr,None,ESe,Ex,CZ13,cDXOH,0,Each,1.0,74402.30146688,889871.36,197959.32,0,259085.82,0.0,219615.24,0,0,213207.59,0,0,0.0,0,0,0,13487.148464163822,2187.403412969283,4090.4470989761094,7209.29795221843,1,1,2026-06-10 17:41:22.494414
NE-HV_AirDist-SupFanMtr-cDXOH-2SpClgHtg-VFDPMMtr,None,ESe,Ex,CZ13,cDXOH,0,Each,1.0,74402.30146688,887447.87,197959.32,0,259085.82,0.0,219254.29,0,0,211145.05,0,0,0.0,0,0,0,13487.467576791809,2187.403412969283,4090.765870307167,7209.298293515359,1,1,2026-06-10 17:41:22.494414
NE-HV_AirDist-SupFanMtr-cDXOH-2SpClgHtg-VFDStdMtr,None,ESe,Ex,CZ13,cDXOH,0,Each,1.0,74402.30146688,889104.87,197959.32,0,259085.82,0.0,219490.61,0,0,212565.73,0,0,0.0,0,0,0,13487.174061433447,2187.403412969283,4090.4723549488053,7209.298293515359,1,1,2026-06-10 17:41:22.494414
NE-HV_AirDist-SupFanMtr-cDXOH-2SpClgHtg-VFDExMtr,None,ESe,Ex,CZ12,cDXOH,0,Each,1.0,74402.30146688,811876.43,197959.32,0,259085.82,0.0,147619.59,0,0,207208.31,0,0,0.0,0,0,0,14842.356655290101,2187.403412969283,4927.510921501706,7727.442320819112,1,1,2026-06-10 17:41:22.494414
NE-HV_AirDist-SupFanMtr-cDXOH-2SpClgHtg-VFDPMMtr,None,ESe,Ex,CZ12,cDXOH,0,Each,1.0,74402.30146688,809816.6300000001,197959.32,0,259085.82,0.0,147344.7,0,0,205423.4,0,0,0.0,0,0,0,14842.233788395903,2187.403412969283,4927.387372013653,7727.443003412968,1,1,2026-06-10 17:41:22.494414
NE-HV_AirDist-SupFanMtr-cDXOH-2SpClgHtg-VFDStdMtr,None,ESe,Ex,CZ12,cDXOH,0,Each,1.0,74402.30146688,811227.5399999999,197959.32,0,259085.82,0.0,147525.3,0,0,206653.71,0,0,0.0,0,0,0,14842.703412969284,2187.403412969283,4927.857337883959,7727.442662116041,1,1,2026-06-10 17:41:22.494414
NE-HV_AirDist-SupFanMtr-cDXOH-2SpClgHtg-VFDExMtr,None,ESe,Ex,CZ11,cDXOH,0,Each,1.0,74402.30146688,886152.7000000001,197959.32,0,259085.82,0.0,209088.66,0,0,220015.51,0,0,0.0,0,0,0,14389.13686006826,2187.403412969283,4835.782252559728,7365.951194539249,1,1,2026-06-10 17:41:22.494414
NE-HV_AirDist-SupFanMtr-cDXOH-2SpClgHtg-VFDPMMtr,None,ESe,Ex,CZ11,cDXOH,0,Each,1.0,74402.30146688,883862.6000000001,197959.32,0,259085.82,0.0,208755.47,0,0,218058.6,0,0,0.0,0,0,0,14389.359385665528,2187.403412969283,4836.0044368600675,7365.951535836178,1,1,2026-06-10 17:41:22.494414
NE-HV_AirDist-SupFanMtr-cDXOH-2SpClgHtg-VFDStdMtr,None,ESe,Ex,CZ11,cDXOH,0,Each,1.0,74402.30146688,885428.73,197959.32,0,259085.82,0.0,208974.09,0,0,219406.11,0,0,0.0,0,0,0,14389.052218430033,2187.403412969283,4835.697269624573,7365.951535836178,1,1,2026-06-10 17:41:22.494414
NE-HV_AirDist-SupFanMtr-cDXOH-2SpClgHtg-VFDExMtr,None,ESe,Ex,CZ10,cDXOH,0,Each,1.0,74402.30146688,864690.8099999999,197959.32,0,259085.82,0.0,202289.32,0,0,205352.96,0,0,0.0,0,0,0,11323.72832764505,2187.403412969283,1959.5313993174059,7176.793515358361,1,1,2026-06-10 17:41:22.494414
NE-HV_AirDist-SupFanMtr-cDXOH-2SpClgHtg-VFDPMMtr,None,ESe,Ex,CZ10,cDXOH,0,Each,1.0,74402.30146688,862179.13,197959.32,0,259085.82,0.0,201910.28,0,0,203220.32,0,0,0.0,0,0,0,11323.809556313992,2187.403412969283,1959.6129692832765,7176.793174061434,1,1,2026-06-10 17:41:22.494414
NE-HV_AirDist-SupFanMtr-cDXOH-2SpClgHtg-VFDStdMtr,None,ESe,Ex,CZ10,cDXOH,0,Each,1.0,74402.30146688,863880.6100000001,197959.32,0,259085.82,0.0,202158.72,0,0,204673.36,0,0,0.0,0,0,0,11323.737883959046,2187.403412969283,1959.5409556313994,7176.793515358361,1,1,2026-06-10 17:41:22.494414
NE-HV_AirDist-SupFanMtr-cDXOH-2SpClgHtg-VFDExMtr,None,ESe,Ex,CZ09,cDXOH,0,Each,1.0,74402.30146688,834486.4700000001,197959.32,0,259085.82,0.0,175492.01,0,0,201945.93,0,0,0.0,0,0,0,11228.93037542662,2187.403412969283,1766.6542662116042,7274.872696245733,1,1,2026-06-10 17:41:22.494414
NE-HV_AirDist-SupFanMtr-cDXOH-2SpClgHtg-VFDPMMtr,None,ESe,Ex,CZ09,cDXOH,0,Each,1.0,74402.30146688,831886.43,197959.32,0,259085.82,0.0,175123.16,0,0,199714.74,0,0,0.0,0,0,0,11228.968600682592,2187.403412969283,1766.6914675767916,7274.873720136518,1,1,2026-06-10 17:41:22.494414
NE-HV_AirDist-SupFanMtr-cDXOH-2SpClgHtg-VFDStdMtr,None,ESe,Ex,CZ09,cDXOH,0,Each,1.0,74402.30146688,833676.92,197959.32,0,259085.82,0.0,175364.42,0,0,201263.97,0,0,0.0,0,0,0,11228.945051194538,2187.403412969283,1766.6686006825937,7274.873037542662,1,1,2026-06-10 17:41:22.494414
NE-HV_AirDist-SupFanMtr-cDXOH-2SpClgHtg-VFDExMtr,None,ESe,Ex,CZ08,cDXOH,0,Each,1.0,74402.30146688,823363.12,197959.32,0,259085.82,0.0,174231.79,0,0,192082.8,0,0,0.0,0,0,0,10815.020819112628,2187.403412969283,1407.2907849829353,7220.32662116041,1,1,2026-06-10 17:41:22.494414
NE-HV_AirDist-SupFanMtr-cDXOH-2SpClgHtg-VFDPMMtr,None,ESe,Ex,CZ08,cDXOH,0,Each,1.0,74402.30146688,820841.0100000001,197959.32,0,259085.82,0.0,173857.47,0,0,189935.01,0,0,0.0,0,0,0,10815.090784982936,2187.403412969283,1407.3607508532423,7220.32662116041,1,1,2026-06-10 17:41:22.494414
NE-HV_AirDist-SupFanMtr-cDXOH-2SpClgHtg-VFDStdMtr,None,ESe,Ex,CZ08,cDXOH,0,Each,1.0,74402.30146688,822554.8700000001,197959.32,0,259085.82,0.0,174102.96,0,0,191403.38,0,0,0.0,0,0,0,10815.041979522184,2187.403412969283,1407.3122866894198,7220.3262798634805,1,1,2026-06-10 17:41:22.494414
NE-HV_AirDist-SupFanMtr-cDXOH-2SpClgHtg-VFDExMtr,None,ESe,Ex,CZ07,cDXOH,0,Each,1.0,74402.30146688,751628.8099999999,197959.32,0,259085.82,0.0,109643.48,0,0,184936.8,0,0,0.0,0,0,0,10674.97303754266,2187.403412969283,1106.816723549488,7380.75290102389,1,1,2026-06-10 17:41:22.494414
NE-HV_AirDist-SupFanMtr-cDXOH-2SpClgHtg-VFDPMMtr,None,ESe,Ex,CZ07,cDXOH,0,Each,1.0,74402.30146688,749291.9,197959.32,0,259085.82,0.0,109326.73,0,0,182916.64,0,0,0.0,0,0,0,10675.051194539248,2187.403412969283,1106.8941979522183,7380.753583617747,1,1,2026-06-10 17:41:22.494414
NE-HV_AirDist-SupFanMtr-cDXOH-2SpClgHtg-VFDStdMtr,None,ESe,Ex,CZ07,cDXOH,0,Each,1.0,74402.30146688,750881.72,197959.32,0,259085.82,0.0,109534.09,0,0,184299.1,0,0,0.0,0,0,0,10675.003412969283,2187.403412969283,1106.8467576791809,7380.7532423208195,1,1,2026-06-10 17:41:22.494414
NE-HV_AirDist-SupFanMtr-cDXOH-2SpClgHtg-VFDExMtr,None,ESe,Ex,CZ06,cDXOH,0,Each,1.0,74402.30146688,749465.7000000001,197959.32,0,259085.82,0.0,108241.37,0,0,184175.8,0,0,0.0,0,0,0,10893.033788395906,2187.403412969283,1243.821843003413,7461.808532423208,1,1,2026-06-10 17:41:22.494414
NE-HV_AirDist-SupFanMtr-cDXOH-2SpClgHtg-VFDPMMtr,None,ESe,Ex,CZ06,cDXOH,0,Each,1.0,74402.30146688,747185.2400000001,197959.32,0,259085.82,0.0,107924.44,0,0,182212.27,0,0,0.0,0,0,0,10893.11604095563,2187.403412969283,1243.90409556314,7461.808532423208,1,1,2026-06-10 17:41:22.494414
NE-HV_AirDist-SupFanMtr-cDXOH-2SpClgHtg-VFDStdMtr,None,ESe,Ex,CZ06,cDXOH,0,Each,1.0,74402.30146688,748740.5499999999,197959.32,0,259085.82,0.0,108132.79,0,0,183559.23,0,0,0.0,0,0,0,10893.061774744026,2187.403412969283,1243.8498293515358,7461.808532423208,1,1,2026-06-10 17:41:22.494414
NE-HV_AirDist-SupFanMtr-cDXOH-2SpClgHtg-VFDExMtr,None,ESe,Ex,CZ05,cDXOH,0,Each,1.0,74402.30146688,709231.0700000001,197959.32,0,259085.82,0.0,60709.39,0,0,191473.15,0,0,0.0,0,0,0,14162.968259385665,2187.403412969283,3844.3819112627984,8131.1829351535835,1,1,2026-06-10 17:41:22.494414
NE-HV_AirDist-SupFanMtr-cDXOH-2SpClgHtg-VFDPMMtr,None,ESe,Ex,CZ05,cDXOH,0,Each,1.0,74402.30146688,707272.2200000001,197959.32,0,259085.82,0.0,60516.27,0,0,189707.42,0,0,0.0,0,0,0,14162.530034129693,2187.403412969283,3843.9433447098972,8131.1832764505125,1,1,2026-06-10 17:41:22.494414
NE-HV_AirDist-SupFanMtr-cDXOH-2SpClgHtg-VFDStdMtr,None,ESe,Ex,CZ05,cDXOH,0,Each,1.0,74402.30146688,708644.8200000001,197959.32,0,259085.82,0.0,60643.5,0,0,190952.79,0,0,0.0,0,0,0,14163.174402730376,2187.403412969283,3844.5883959044368,8131.182593856655,1,1,2026-06-10 17:41:22.494414
NE-HV_AirDist-SupFanMtr-cDXOH-2SpClgHtg-VFDExMtr,None,ESe,Ex,CZ04,cDXOH,0,Each,1.0,74402.30146688,824254.87,197959.32,0,259085.82,0.0,152058.54,0,0,215147.8,0,0,0.0,0,0,0,14852.326621160408,2187.403412969283,4815.160409556314,7849.762798634812,1,1,2026-06-10 17:41:22.494414
NE-HV_AirDist-SupFanMtr-cDXOH-2SpClgHtg-VFDPMMtr,None,ESe,Ex,CZ04,cDXOH,0,Each,1.0,74402.30146688,822173.5600000002,197959.32,0,259085.82,0.0,151794.48,0,0,213330.55,0,0,0.0,0,0,0,14852.549488054608,2187.403412969283,4815.382593856655,7849.763481228669,1,1,2026-06-10 17:41:22.494414
NE-HV_AirDist-SupFanMtr-cDXOH-2SpClgHtg-VFDStdMtr,None,ESe,Ex,CZ04,cDXOH,0,Each,1.0,74402.30146688,823613.7800000001,197959.32,0,259085.82,0.0,151968.2,0,0,214597.05,0,0,0.0,0,0,0,14852.296587030718,2187.403412969283,4815.130716723549,7849.762457337884,1,1,2026-06-10 17:41:22.494414
NE-HV_AirDist-SupFanMtr-cDXOH-2SpClgHtg-VFDExMtr,None,ESe,Ex,CZ03,cDXOH,0,Each,1.0,74402.30146688,695474.53,197959.32,0,259085.82,0.0,49645.68,0,0,188780.32,0,0,0.0,0,0,0,14190.318771331056,2187.403412969283,3911.359385665529,8091.555972696246,1,1,2026-06-10 17:41:22.494414
NE-HV_AirDist-SupFanMtr-cDXOH-2SpClgHtg-VFDPMMtr,None,ESe,Ex,CZ03,cDXOH,0,Each,1.0,74402.30146688,693556.05,197959.32,0,259085.82,0.0,49470.74,0,0,187036.78,0,0,0.0,0,0,0,14190.510921501706,2187.403412969283,3911.551194539249,8091.556313993174,1,1,2026-06-10 17:41:22.494414
NE-HV_AirDist-SupFanMtr-cDXOH-2SpClgHtg-VFDStdMtr,None,ESe,Ex,CZ03,cDXOH,0,Each,1.0,74402.30146688,694898.54,197959.32,0,259085.82,0.0,49585.62,0,0,188264.39,0,0,0.0,0,0,0,14190.655972696244,2187.403412969283,3911.6965870307167,8091.555972696246,1,1,2026-06-10 17:41:22.494414
NE-HV_AirDist-SupFanMtr-cDXOH-2SpClgHtg-VFDExMtr,None,ESe,Ex,CZ02,cDXOH,0,Each,1.0,74402.30146688,756204.7800000001,197959.32,0,259085.82,0.0,92503.96,0,0,206652.29,0,0,0.0,0,0,0,16357.262116040956,2187.403412969283,5984.650511945392,8185.208191126279,1,1,2026-06-10 17:41:22.494414
NE-HV_AirDist-SupFanMtr-cDXOH-2SpClgHtg-VFDPMMtr,None,ESe,Ex,CZ02,cDXOH,0,Each,1.0,74402.30146688,754377.5199999999,197959.32,0,259085.82,0.0,92298.29,0,0,205030.7,0,0,0.0,0,0,0,16357.468941979521,2187.403412969283,5984.856655290102,8185.208873720137,1,1,2026-06-10 17:41:22.494414
NE-HV_AirDist-SupFanMtr-cDXOH-2SpClgHtg-VFDStdMtr,None,ESe,Ex,CZ02,cDXOH,0,Each,1.0,74402.30146688,755641.9900000001,197959.32,0,259085.82,0.0,92433.02,0,0,206160.44,0,0,0.0,0,0,0,16357.287030716723,2187.403412969283,5984.67542662116,8185.208191126279,1,1,2026-06-10 17:41:22.494414
NE-HV_AirDist-SupFanMtr-cDXOH-2SpClgHtg-VFDExMtr,None,ESe,Ex,CZ01,cDXOH,0,Each,1.0,74402.30146688,654543.27,197959.32,0,259085.82,0.0,16012.13,0,0,181482.61,0,0,0.0,0,0,0,19096.219453924914,2187.403412969283,8150.240955631399,8758.575085324232,1,1,2026-06-10 17:41:22.494414
NE-HV_AirDist-SupFanMtr-cDXOH-2SpClgHtg-VFDPMMtr,None,ESe,Ex,CZ01,cDXOH,0,Each,1.0,74402.30146688,653369.13,197959.32,0,259085.82,0.0,15954.43,0,0,180366.17,0,0,0.0,0,0,0,19096.68737201365,2187.403412969283,8150.708191126279,8758.575767918088,1,1,2026-06-10 17:41:22.494414
NE-HV_AirDist-SupFanMtr-cDXOH-2SpClgHtg-VFDStdMtr,None,ESe,Ex,CZ01,cDXOH,0,Each,1.0,74402.30146688,654217.93,197959.32,0,259085.82,0.0,15993.51,0,0,181175.89,0,0,0.0,0,0,0,19096.295904436858,2187.403412969283,8150.317406143344,8758.575085324232,1,1,2026-06-10 17:41:22.494414
NE-HV_AirDist-SupFanMtr-cDXHP-2SpClgHtg-VFDExMtr,None,ESe,Ex,CZ16,cDXHP,0,Each,1.0,74402.30146688,769671.23,197959.32,0,259085.82,9268.42,73936.12,0,0,229418.16,0,0,0.0,0,0,0,18209.04914675768,2187.403412969283,7457.822184300341,8563.823549488054,1,1,2026-06-10 17:41:22.494414
NE-HV_AirDist-SupFanMtr-cDXHP-2SpClgHtg-VFDPMMtr,None,ESe,Ex,CZ16,cDXHP,0,Each,1.0,74402.30146688,767155.18,197959.32,0,259085.82,9402.73,73732.01,0,0,226971.91,0,0,0.0,0,0,0,18209.32389078498,2187.403412969283,7458.09795221843,8563.82252559727,1,1,2026-06-10 17:41:22.494414
NE-HV_AirDist-SupFanMtr-cDXHP-2SpClgHtg-VFDStdMtr,None,ESe,Ex,CZ16,cDXHP,0,Each,1.0,74402.30146688,768872.3200000001,197959.32,0,259085.82,9311.91,73866.73,0,0,228645.15,0,0,0.0,0,0,0,18209.1771331058,2187.403412969283,7457.951194539249,8563.82252559727,1,1,2026-06-10 17:41:22.494414
NE-HV_AirDist-SupFanMtr-cDXHP-2SpClgHtg-VFDExMtr,None,ESe,Ex,CZ15,cDXHP,0,Each,1.0,74402.30146688,1056622.36,197959.32,0,259085.82,457.98,391458.51,0,0,207657.34,0,0,0.0,0,0,0,8969.196587030718,2187.403412969283,756.258361774744,6025.53481228669,1,1,2026-06-10 17:41:22.494414
NE-HV_AirDist-SupFanMtr-cDXHP-2SpClgHtg-VFDPMMtr,None,ESe,Ex,CZ15,cDXHP,0,Each,1.0,74402.30146688,1053715.74,197959.32,0,259085.82,470.1,390919.09,0,0,205278.02,0,0,0.0,0,0,0,8969.22866894198,2187.403412969283,756.2897610921502,6025.535494880546,1,1,2026-06-10 17:41:22.494414
NE-HV_AirDist-SupFanMtr-cDXHP-2SpClgHtg-VFDStdMtr,None,ESe,Ex,CZ15,cDXHP,0,Each,1.0,74402.30146688,1055663.0899999999,197959.32,0,259085.82,461.52,391275.37,0,0,206877.67,0,0,0.0,0,0,0,8969.209215017065,2187.403412969283,756.2713310580205,6025.534470989761,1,1,2026-06-10 17:41:22.494414
NE-HV_AirDist-SupFanMtr-cDXHP-2SpClgHtg-VFDExMtr,None,ESe,Ex,CZ14,cDXHP,0,Each,1.0,74402.30146688,875400.0200000001,197959.32,0,259085.82,3782.37,207787.56,0,0,206781.56,0,0,0.0,0,0,0,13403.182593856654,2187.403412969283,3790.7631399317406,7425.016040955631,1,1,2026-06-10 17:41:22.494414
NE-HV_AirDist-SupFanMtr-cDXHP-2SpClgHtg-VFDPMMtr,None,ESe,Ex,CZ14,cDXHP,0,Each,1.0,74402.30146688,872774.4400000001,197959.32,0,259085.82,3842.37,207422.01,0,0,204461.53,0,0,0.0,0,0,0,13403.27781569966,2187.403412969283,3790.8587030716726,7425.015699658703,1,1,2026-06-10 17:41:22.494414
NE-HV_AirDist-SupFanMtr-cDXHP-2SpClgHtg-VFDStdMtr,None,ESe,Ex,CZ14,cDXHP,0,Each,1.0,74402.30146688,874544.3800000001,197959.32,0,259085.82,3800.66,207662.77,0,0,206032.42,0,0,0.0,0,0,0,13403.18122866894,2187.403412969283,3790.7617747440277,7425.016040955631,1,1,2026-06-10 17:41:22.494414
NE-HV_AirDist-SupFanMtr-cDXHP-2SpClgHtg-VFDExMtr,None,ESe,Ex,CZ13,cDXHP,0,Each,1.0,74402.30146688,890385.84,197959.32,0,259085.82,3483.47,220963.89,0,0,208889.95,0,0,0.0,0,0,0,13463.057337883958,2187.403412969283,4066.329010238908,7209.324914675768,1,1,2026-06-10 17:41:22.494414
NE-HV_AirDist-SupFanMtr-cDXHP-2SpClgHtg-VFDPMMtr,None,ESe,Ex,CZ13,cDXHP,0,Each,1.0,74402.30146688,887782.54,197959.32,0,259085.82,3547.87,220594.14,0,0,206592.0,0,0,0.0,0,0,0,13463.507167235495,2187.403412969283,4066.7798634812284,7209.323890784983,1,1,2026-06-10 17:41:22.494414
NE-HV_AirDist-SupFanMtr-cDXHP-2SpClgHtg-VFDStdMtr,None,ESe,Ex,CZ13,cDXHP,0,Each,1.0,74402.30146688,889560.21,197959.32,0,259085.82,3504.14,220839.92,0,0,208167.62,0,0,0.0,0,0,0,13462.888395904436,2187.403412969283,4066.1600682593858,7209.324914675768,1,1,2026-06-10 17:41:22.494414
NE-HV_AirDist-SupFanMtr-cDXHP-2SpClgHtg-VFDExMtr,None,ESe,Ex,CZ12,cDXHP,0,Each,1.0,74402.30146688,810906.42,197959.32,0,259085.82,4379.11,148688.86,0,0,200789.92,0,0,0.0,0,0,0,14811.011945392493,2187.403412969283,4896.15085324232,7727.457679180888,1,1,2026-06-10 17:41:22.494414
NE-HV_AirDist-SupFanMtr-cDXHP-2SpClgHtg-VFDPMMtr,None,ESe,Ex,CZ12,cDXHP,0,Each,1.0,74402.30146688,808583.9700000001,197959.32,0,259085.82,4452.98,148400.24,0,0,198682.22,0,0,0.0,0,0,0,14810.976109215017,2187.403412969283,4896.114675767918,7727.458020477815,1,1,2026-06-10 17:41:22.494414
NE-HV_AirDist-SupFanMtr-cDXHP-2SpClgHtg-VFDStdMtr,None,ESe,Ex,CZ12,cDXHP,0,Each,1.0,74402.30146688,810169.2500000001,197959.32,0,259085.82,4402.23,148592.74,0,0,200125.75,0,0,0.0,0,0,0,14811.029351535837,2187.403412969283,4896.169283276451,7727.456655290102,1,1,2026-06-10 17:41:22.494414
NE-HV_AirDist-SupFanMtr-cDXHP-2SpClgHtg-VFDExMtr,None,ESe,Ex,CZ11,cDXHP,0,Each,1.0,74402.30146688,885270.39,197959.32,0,259085.82,4674.88,210279.2,0,0,213267.78,0,0,0.0,0,0,0,14357.227645051194,2187.403412969283,4803.8453924914675,7365.978839590443,1,1,2026-06-10 17:41:22.494414
NE-HV_AirDist-SupFanMtr-cDXHP-2SpClgHtg-VFDPMMtr,None,ESe,Ex,CZ11,cDXHP,0,Each,1.0,74402.30146688,882750.64,197959.32,0,259085.82,4755.2,209936.73,0,0,211010.18,0,0,0.0,0,0,0,14357.130034129694,2187.403412969283,4803.74880546075,7365.977815699658,1,1,2026-06-10 17:41:22.494414
NE-HV_AirDist-SupFanMtr-cDXHP-2SpClgHtg-VFDStdMtr,None,ESe,Ex,CZ11,cDXHP,0,Each,1.0,74402.30146688,884457.5700000001,197959.32,0,259085.82,4700.72,210162.47,0,0,212545.85,0,0,0.0,0,0,0,14357.02832764505,2187.403412969283,4803.646075085324,7365.978839590443,1,1,2026-06-10 17:41:22.494414
NE-HV_AirDist-SupFanMtr-cDXHP-2SpClgHtg-VFDExMtr,None,ESe,Ex,CZ10,cDXHP,0,Each,1.0,74402.30146688,866749.12,197959.32,0,259085.82,1585.45,203596.11,0,0,204519.03,0,0,0.0,0,0,0,11319.240273037542,2187.403412969283,1955.0290102389079,7176.807849829352,1,1,2026-06-10 17:41:22.494414
NE-HV_AirDist-SupFanMtr-cDXHP-2SpClgHtg-VFDPMMtr,None,ESe,Ex,CZ10,cDXHP,0,Each,1.0,74402.30146688,864138.63,197959.32,0,259085.82,1618.6,203186.2,0,0,202285.3,0,0,0.0,0,0,0,11319.31194539249,2187.403412969283,1955.1006825938566,7176.807849829352,1,1,2026-06-10 17:41:22.494414
NE-HV_AirDist-SupFanMtr-cDXHP-2SpClgHtg-VFDStdMtr,None,ESe,Ex,CZ10,cDXHP,0,Each,1.0,74402.30146688,865887.17,197959.32,0,259085.82,1595.85,203451.0,0,0,203791.79,0,0,0.0,0,0,0,11319.28566552901,2187.403412969283,1955.0744027303754,7176.807849829352,1,1,2026-06-10 17:41:22.494414
NE-HV_AirDist-SupFanMtr-cDXHP-2SpClgHtg-VFDExMtr,None,ESe,Ex,CZ09,cDXHP,0,Each,1.0,74402.30146688,836589.14,197959.32,0,259085.82,1277.77,176846.37,0,0,201416.47,0,0,0.0,0,0,0,11224.521501706484,2187.403412969283,1762.2358361774745,7274.882252559726,1,1,2026-06-10 17:41:22.494414
NE-HV_AirDist-SupFanMtr-cDXHP-2SpClgHtg-VFDPMMtr,None,ESe,Ex,CZ09,cDXHP,0,Each,1.0,74402.30146688,833975.92,197959.32,0,259085.82,1308.14,176477.22,0,0,199142.03,0,0,0.0,0,0,0,11224.617064846418,2187.403412969283,1762.3317406143344,7274.881911262799,1,1,2026-06-10 17:41:22.494414
NE-HV_AirDist-SupFanMtr-cDXHP-2SpClgHtg-VFDStdMtr,None,ESe,Ex,CZ09,cDXHP,0,Each,1.0,74402.30146688,835741.88,197959.32,0,259085.82,1287.02,176718.13,0,0,200688.2,0,0,0.0,0,0,0,11224.511262798635,2187.403412969283,1762.2255972696246,7274.882252559726,1,1,2026-06-10 17:41:22.494414
NE-HV_AirDist-SupFanMtr-cDXHP-2SpClgHtg-VFDExMtr,None,ESe,Ex,CZ08,cDXHP,0,Each,1.0,74402.30146688,825821.4600000001,197959.32,0,259085.82,914.44,175687.48,0,0,192171.01,0,0,0.0,0,0,0,10812.968259385665,2187.403412969283,1405.2293515358363,7220.335494880545,1,1,2026-06-10 17:41:22.494414
NE-HV_AirDist-SupFanMtr-cDXHP-2SpClgHtg-VFDPMMtr,None,ESe,Ex,CZ08,cDXHP,0,Each,1.0,74402.30146688,823252.36,197959.32,0,259085.82,937.19,175296.46,0,0,189970.18,0,0,0.0,0,0,0,10813.083959044368,2187.403412969283,1405.3450511945393,7220.335494880545,1,1,2026-06-10 17:41:22.494414
NE-HV_AirDist-SupFanMtr-cDXHP-2SpClgHtg-VFDStdMtr,None,ESe,Ex,CZ08,cDXHP,0,Each,1.0,74402.30146688,824995.73,197959.32,0,259085.82,921.6,175554.99,0,0,191470.61,0,0,0.0,0,0,0,10812.993174061432,2187.403412969283,1405.2542662116039,7220.335494880545,1,1,2026-06-10 17:41:22.494414
NE-HV_AirDist-SupFanMtr-cDXHP-2SpClgHtg-VFDExMtr,None,ESe,Ex,CZ07,cDXHP,0,Each,1.0,74402.30146688,752600.0599999999,197959.32,0,259085.82,632.38,110520.17,0,0,184398.98,0,0,0.0,0,0,0,10674.05119453925,2187.403412969283,1105.89385665529,7380.753924914676,1,1,2026-06-10 17:41:22.494414
NE-HV_AirDist-SupFanMtr-cDXHP-2SpClgHtg-VFDPMMtr,None,ESe,Ex,CZ07,cDXHP,0,Each,1.0,74402.30146688,750208.4900000001,197959.32,0,259085.82,650.11,110192.78,0,0,182317.07,0,0,0.0,0,0,0,10674.098293515357,2187.403412969283,1105.9409556313992,7380.753924914676,1,1,2026-06-10 17:41:22.494414
NE-HV_AirDist-SupFanMtr-cDXHP-2SpClgHtg-VFDStdMtr,None,ESe,Ex,CZ07,cDXHP,0,Each,1.0,74402.30146688,751823.14,197959.32,0,259085.82,637.82,110408.22,0,0,183728.57,0,0,0.0,0,0,0,10674.070989761092,2187.403412969283,1105.9136518771331,7380.753924914676,1,1,2026-06-10 17:41:22.494414
NE-HV_AirDist-SupFanMtr-cDXHP-2SpClgHtg-VFDExMtr,None,ESe,Ex,CZ06,cDXHP,0,Each,1.0,74402.30146688,749762.4,197959.32,0,259085.82,683.77,108658.9,0,0,183371.2,0,0,0.0,0,0,0,10891.73037542662,2187.403412969283,1242.5174061433447,7461.809556313992,1,1,2026-06-10 17:41:22.494414
NE-HV_AirDist-SupFanMtr-cDXHP-2SpClgHtg-VFDPMMtr,None,ESe,Ex,CZ06,cDXHP,0,Each,1.0,74402.30146688,747390.83,197959.32,0,259085.82,703.57,108335.49,0,0,181303.24,0,0,0.0,0,0,0,10891.74470989761,2187.403412969283,1242.532423208191,7461.808873720136,1,1,2026-06-10 17:41:22.494414
NE-HV_AirDist-SupFanMtr-cDXHP-2SpClgHtg-VFDStdMtr,None,ESe,Ex,CZ06,cDXHP,0,Each,1.0,74402.30146688,749010.8300000001,197959.32,0,259085.82,689.54,108547.41,0,0,182725.35,0,0,0.0,0,0,0,10891.737201365188,2187.403412969283,1242.5242320819111,7461.809556313992,1,1,2026-06-10 17:41:22.494414
NE-HV_AirDist-SupFanMtr-cDXHP-2SpClgHtg-VFDExMtr,None,ESe,Ex,CZ05,cDXHP,0,Each,1.0,74402.30146688,707720.6900000001,197959.32,0,259085.82,2775.04,61071.49,0,0,186825.63,0,0,0.0,0,0,0,14153.1795221843,2187.403412969283,3834.5941979522186,8131.181911262798,1,1,2026-06-10 17:41:22.494414
NE-HV_AirDist-SupFanMtr-cDXHP-2SpClgHtg-VFDPMMtr,None,ESe,Ex,CZ05,cDXHP,0,Each,1.0,74402.30146688,705591.0800000001,197959.32,0,259085.82,2832.6,60871.48,0,0,184838.47,0,0,0.0,0,0,0,14153.171331058022,2187.403412969283,3834.585324232082,8131.182593856655,1,1,2026-06-10 17:41:22.494414
NE-HV_AirDist-SupFanMtr-cDXHP-2SpClgHtg-VFDStdMtr,None,ESe,Ex,CZ05,cDXHP,0,Each,1.0,74402.30146688,707065.92,197959.32,0,259085.82,2791.78,61003.85,0,0,186221.76,0,0,0.0,0,0,0,14153.135153583617,2187.403412969283,3834.549146757679,8131.182593856655,1,1,2026-06-10 17:41:22.494414
NE-HV_AirDist-SupFanMtr-cDXHP-2SpClgHtg-VFDExMtr,None,ESe,Ex,CZ04,cDXHP,0,Each,1.0,74402.30146688,823470.2600000001,197959.32,0,259085.82,4422.7,153022.71,0,0,208976.32,0,0,0.0,0,0,0,14830.354948805461,2187.403412969283,4793.170648464164,7849.780887372013,1,1,2026-06-10 17:41:22.494414
NE-HV_AirDist-SupFanMtr-cDXHP-2SpClgHtg-VFDPMMtr,None,ESe,Ex,CZ04,cDXHP,0,Each,1.0,74402.30146688,821104.7200000001,197959.32,0,259085.82,4491.74,152746.43,0,0,206818.02,0,0,0.0,0,0,0,14830.97781569966,2187.403412969283,4793.794197952218,7849.780204778157,1,1,2026-06-10 17:41:22.494414
NE-HV_AirDist-SupFanMtr-cDXHP-2SpClgHtg-VFDStdMtr,None,ESe,Ex,CZ04,cDXHP,0,Each,1.0,74402.30146688,822722.23,197959.32,0,259085.82,4444.12,152930.68,0,0,208298.9,0,0,0.0,0,0,0,14830.773037542662,2187.403412969283,4793.589419795222,7849.780204778157,1,1,2026-06-10 17:41:22.494414
NE-HV_AirDist-SupFanMtr-cDXHP-2SpClgHtg-VFDExMtr,None,ESe,Ex,CZ03,cDXHP,0,Each,1.0,74402.30146688,693916.2000000001,197959.32,0,259085.82,2700.03,49884.36,0,0,184283.28,0,0,0.0,0,0,0,14177.205802047782,2187.403412969283,3898.247781569966,8091.554607508532,1,1,2026-06-10 17:41:22.494414
NE-HV_AirDist-SupFanMtr-cDXHP-2SpClgHtg-VFDPMMtr,None,ESe,Ex,CZ03,cDXHP,0,Each,1.0,74402.30146688,691822.5100000001,197959.32,0,259085.82,2756.3,49704.67,0,0,182313.01,0,0,0.0,0,0,0,14177.404095563139,2187.403412969283,3898.445733788396,8091.55494880546,1,1,2026-06-10 17:41:22.494414
NE-HV_AirDist-SupFanMtr-cDXHP-2SpClgHtg-VFDStdMtr,None,ESe,Ex,CZ03,cDXHP,0,Each,1.0,74402.30146688,693260.37,197959.32,0,259085.82,2716.73,49822.96,0,0,183672.15,0,0,0.0,0,0,0,14177.21399317406,2187.403412969283,3898.2559726962454,8091.554607508532,1,1,2026-06-10 17:41:22.494414
NE-HV_AirDist-SupFanMtr-cDXHP-2SpClgHtg-VFDExMtr,None,ESe,Ex,CZ02,cDXHP,0,Each,1.0,74402.30146688,754255.53,197959.32,0,259085.82,5161.55,93279.03,0,0,198766.42,0,0,0.0,0,0,0,16324.855972696247,2187.403412969283,5952.235836177475,8185.216723549488,1,1,2026-06-10 17:41:22.494414
NE-HV_AirDist-SupFanMtr-cDXHP-2SpClgHtg-VFDPMMtr,None,ESe,Ex,CZ02,cDXHP,0,Each,1.0,74402.30146688,752097.01,197959.32,0,259085.82,5244.48,93062.26,0,0,196741.74,0,0,0.0,0,0,0,16325.470989761094,2187.403412969283,5952.85085324232,8185.216723549488,1,1,2026-06-10 17:41:22.494414
NE-HV_AirDist-SupFanMtr-cDXHP-2SpClgHtg-VFDStdMtr,None,ESe,Ex,CZ02,cDXHP,0,Each,1.0,74402.30146688,753584.01,197959.32,0,259085.82,5186.97,93204.66,0,0,198143.85,0,0,0.0,0,0,0,16324.938225255972,2187.403412969283,5952.317406143345,8185.217406143344,1,1,2026-06-10 17:41:22.494414
NE-HV_AirDist-SupFanMtr-cDXHP-2SpClgHtg-VFDExMtr,None,ESe,Ex,CZ01,cDXHP,0,Each,1.0,74402.30146688,650930.3200000001,197959.32,0,259085.82,6556.88,15991.25,0,0,171333.66,0,0,0.0,0,0,0,19042.368941979523,2187.403412969283,8096.384641638226,8758.580887372014,1,1,2026-06-10 17:41:22.494414
NE-HV_AirDist-SupFanMtr-cDXHP-2SpClgHtg-VFDPMMtr,None,ESe,Ex,CZ01,cDXHP,0,Each,1.0,74402.30146688,649325.92,197959.32,0,259085.82,6656.17,15936.99,0,0,169684.23,0,0,0.0,0,0,0,19042.486006825937,2187.403412969283,8096.502389078498,8758.580204778156,1,1,2026-06-10 17:41:22.494414
NE-HV_AirDist-SupFanMtr-cDXHP-2SpClgHtg-VFDStdMtr,None,ESe,Ex,CZ01,cDXHP,0,Each,1.0,74402.30146688,650471.81,197959.32,0,259085.82,6587.79,15973.59,0,0,170861.9,0,0,0.0,0,0,0,19042.431740614335,2187.403412969283,8096.446757679181,8758.58156996587,1,1,2026-06-10 17:41:22.494414
NE-HV_AirDist-SupFanMtr-cDXGF-2SpClgHtg-VFDExMtr,None,ESe,Ex,CZ16,cDXGF,0,Each,1.0,74402.30146688,760682.9700000001,197959.32,0,259085.82,0.0,74074.71,0,0,229559.73,0,0,0.0,0,0,0,20111.290102389077,2187.403412969283,9360.069965870307,8563.816723549488,1,1,2026-06-10 17:41:22.494414
NE-HV_AirDist-SupFanMtr-cDXGF-2SpClgHtg-VFDPMMtr,None,ESe,Ex,CZ16,cDXGF,0,Each,1.0,74402.30146688,758022.67,197959.32,0,259085.82,0.0,73877.34,0,0,227096.8,0,0,0.0,0,0,0,20141.742320819114,2187.403412969283,9390.52252559727,8563.81638225256,1,1,2026-06-10 17:41:22.494414
NE-HV_AirDist-SupFanMtr-cDXGF-2SpClgHtg-VFDStdMtr,None,ESe,Ex,CZ16,cDXGF,0,Each,1.0,74402.30146688,759830.62,197959.32,0,259085.82,0.0,74006.9,0,0,228775.19,0,0,0.0,0,0,0,20121.59726962457,2187.403412969283,9370.377133105801,8563.816723549488,1,1,2026-06-10 17:41:22.494414
NE-HV_AirDist-SupFanMtr-cDXGF-2SpClgHtg-VFDExMtr,None,ESe,Ex,CZ15,cDXGF,0,Each,1.0,74402.30146688,1049230.7699999998,197959.32,0,259085.82,0.0,389026.29,0,0,203155.95,0,0,0.0,0,0,0,9074.340273037542,2187.403412969283,861.4365187713311,6025.500341296928,1,1,2026-06-10 17:41:22.494414
NE-HV_AirDist-SupFanMtr-cDXGF-2SpClgHtg-VFDPMMtr,None,ESe,Ex,CZ15,cDXGF,0,Each,1.0,74402.30146688,1046143.85,197959.32,0,259085.82,0.0,388471.6,0,0,200623.72,0,0,0.0,0,0,0,9077.196245733787,2187.403412969283,864.2924914675768,6025.500341296928,1,1,2026-06-10 17:41:22.494414
NE-HV_AirDist-SupFanMtr-cDXGF-2SpClgHtg-VFDStdMtr,None,ESe,Ex,CZ15,cDXGF,0,Each,1.0,74402.30146688,1048203.13,197959.32,0,259085.82,0.0,388834.06,0,0,202320.54,0,0,0.0,0,0,0,9075.174061433447,2187.403412969283,862.2703071672355,6025.500341296928,1,1,2026-06-10 17:41:22.494414
NE-HV_AirDist-SupFanMtr-cDXGF-2SpClgHtg-VFDExMtr,None,ESe,Ex,CZ14,cDXGF,0,Each,1.0,74402.30146688,870105.9600000001,197959.32,0,259085.82,0.0,206987.74,0,0,206069.69,0,0,0.0,0,0,0,14199.163822525597,2187.403412969283,4586.770648464164,7424.989761092151,1,1,2026-06-10 17:41:22.494414
NE-HV_AirDist-SupFanMtr-cDXGF-2SpClgHtg-VFDPMMtr,None,ESe,Ex,CZ14,cDXGF,0,Each,1.0,74402.30146688,867445.17,197959.32,0,259085.82,0.0,206639.11,0,0,203757.53,0,0,0.0,0,0,0,14212.909215017064,2187.403412969283,4600.51638225256,7424.989419795222,1,1,2026-06-10 17:41:22.494414
NE-HV_AirDist-SupFanMtr-cDXGF-2SpClgHtg-VFDStdMtr,None,ESe,Ex,CZ14,cDXGF,0,Each,1.0,74402.30146688,869234.64,197959.32,0,259085.82,0.0,206867.99,0,0,205318.12,0,0,0.0,0,0,0,14203.593856655289,2187.403412969283,4591.201023890785,7424.989419795222,1,1,2026-06-10 17:41:22.494414
NE-HV_AirDist-SupFanMtr-cDXGF-2SpClgHtg-VFDExMtr,None,ESe,Ex,CZ13,cDXGF,0,Each,1.0,74402.30146688,884077.2700000001,197959.32,0,259085.82,0.0,219774.72,0,0,207254.02,0,0,0.0,0,0,0,14261.14505119454,2187.403412969283,4864.440273037543,7209.301365187713,1,1,2026-06-10 17:41:22.494414
NE-HV_AirDist-SupFanMtr-cDXGF-2SpClgHtg-VFDPMMtr,None,ESe,Ex,CZ13,cDXGF,0,Each,1.0,74402.30146688,881390.6400000001,197959.32,0,259085.82,0.0,219413.69,0,0,204928.42,0,0,0.0,0,0,0,14276.696587030718,2187.403412969283,4879.992491467577,7209.300682593856,1,1,2026-06-10 17:41:22.494414
NE-HV_AirDist-SupFanMtr-cDXGF-2SpClgHtg-VFDStdMtr,None,ESe,Ex,CZ13,cDXGF,0,Each,1.0,74402.30146688,883218.0900000001,197959.32,0,259085.82,0.0,219649.94,0,0,206519.62,0,0,0.0,0,0,0,14265.949488054606,2187.403412969283,4869.244368600682,7209.301706484642,1,1,2026-06-10 17:41:22.494414
NE-HV_AirDist-SupFanMtr-cDXGF-2SpClgHtg-VFDExMtr,None,ESe,Ex,CZ12,cDXGF,0,Each,1.0,74402.30146688,804964.7799999999,197959.32,0,259085.82,0.0,147857.56,0,0,200058.69,0,0,0.0,0,0,0,15822.965529010238,2187.403412969283,5908.115699658703,7727.446416382252,1,1,2026-06-10 17:41:22.494414
NE-HV_AirDist-SupFanMtr-cDXGF-2SpClgHtg-VFDPMMtr,None,ESe,Ex,CZ12,cDXGF,0,Each,1.0,74402.30146688,802580.2100000001,197959.32,0,259085.82,0.0,147581.51,0,0,197950.17,0,0,0.0,0,0,0,15840.544368600682,2187.403412969283,5925.694197952218,7727.44675767918,1,1,2026-06-10 17:41:22.494414
NE-HV_AirDist-SupFanMtr-cDXGF-2SpClgHtg-VFDStdMtr,None,ESe,Ex,CZ12,cDXGF,0,Each,1.0,74402.30146688,804205.5200000001,197959.32,0,259085.82,0.0,147762.93,0,0,199394.06,0,0,0.0,0,0,0,15828.3771331058,2187.403412969283,5913.528327645051,7727.445392491467,1,1,2026-06-10 17:41:22.494414
NE-HV_AirDist-SupFanMtr-cDXGF-2SpClgHtg-VFDExMtr,None,ESe,Ex,CZ11,cDXGF,0,Each,1.0,74402.30146688,878651.91,197959.32,0,259085.82,0.0,209352.5,0,0,212250.88,0,0,0.0,0,0,0,15414.531058020479,2187.403412969283,5861.172354948805,7365.955290102389,1,1,2026-06-10 17:41:22.494414
NE-HV_AirDist-SupFanMtr-cDXGF-2SpClgHtg-VFDPMMtr,None,ESe,Ex,CZ11,cDXGF,0,Each,1.0,74402.30146688,876036.9000000001,197959.32,0,259085.82,0.0,209017.71,0,0,209970.66,0,0,0.0,0,0,0,15433.236177474402,2187.403412969283,5879.878839590444,7365.953924914676,1,1,2026-06-10 17:41:22.494414
NE-HV_AirDist-SupFanMtr-cDXGF-2SpClgHtg-VFDStdMtr,None,ESe,Ex,CZ11,cDXGF,0,Each,1.0,74402.30146688,877796.42,197959.32,0,259085.82,0.0,209236.94,0,0,211510.95,0,0,0.0,0,0,0,15420.739931740616,2187.403412969283,5867.38156996587,7365.954948805461,1,1,2026-06-10 17:41:22.494414
NE-HV_AirDist-SupFanMtr-cDXGF-2SpClgHtg-VFDExMtr,None,ESe,Ex,CZ10,cDXGF,0,Each,1.0,74402.30146688,862111.53,197959.32,0,259085.82,0.0,202444.38,0,0,202618.62,0,0,0.0,0,0,0,11685.792150170648,2187.403412969283,2321.596928327645,7176.79180887372,1,1,2026-06-10 17:41:22.494414
NE-HV_AirDist-SupFanMtr-cDXGF-2SpClgHtg-VFDPMMtr,None,ESe,Ex,CZ10,cDXGF,0,Each,1.0,74402.30146688,859467.4000000001,197959.32,0,259085.82,0.0,202063.21,0,0,200355.66,0,0,0.0,0,0,0,11693.682593856656,2187.403412969283,2329.48771331058,7176.791467576792,1,1,2026-06-10 17:41:22.494414
NE-HV_AirDist-SupFanMtr-cDXGF-2SpClgHtg-VFDStdMtr,None,ESe,Ex,CZ10,cDXGF,0,Each,1.0,74402.30146688,861246.1100000001,197959.32,0,259085.82,0.0,202312.94,0,0,201884.64,0,0,0.0,0,0,0,11688.290102389079,2187.403412969283,2324.094880546075,7176.79180887372,1,1,2026-06-10 17:41:22.494414
NE-HV_AirDist-SupFanMtr-cDXGF-2SpClgHtg-VFDExMtr,None,ESe,Ex,CZ09,cDXGF,0,Each,1.0,74402.30146688,832453.7200000001,197959.32,0,259085.82,0.0,175606.94,0,0,199798.25,0,0,0.0,0,0,0,11522.28122866894,2187.403412969283,2060.00614334471,7274.871672354949,1,1,2026-06-10 17:41:22.494414
NE-HV_AirDist-SupFanMtr-cDXGF-2SpClgHtg-VFDPMMtr,None,ESe,Ex,CZ09,cDXGF,0,Each,1.0,74402.30146688,829768.7499999999,197959.32,0,259085.82,0.0,175235.54,0,0,197484.68,0,0,0.0,0,0,0,11529.6,2187.403412969283,2067.325255972696,7274.871331058021,1,1,2026-06-10 17:41:22.494414
NE-HV_AirDist-SupFanMtr-cDXGF-2SpClgHtg-VFDStdMtr,None,ESe,Ex,CZ09,cDXGF,0,Each,1.0,74402.30146688,831586.2700000001,197959.32,0,259085.82,0.0,175478.93,0,0,199058.81,0,0,0.0,0,0,0,11524.441979522186,2187.403412969283,2062.166894197952,7274.871672354949,1,1,2026-06-10 17:41:22.494414
NE-HV_AirDist-SupFanMtr-cDXGF-2SpClgHtg-VFDExMtr,None,ESe,Ex,CZ08,cDXGF,0,Each,1.0,74402.30146688,821879.3500000001,197959.32,0,259085.82,0.0,174333.17,0,0,190497.65,0,0,0.0,0,0,0,11029.096587030715,2187.403412969283,1621.3682593856654,7220.324914675767,1,1,2026-06-10 17:41:22.494414
NE-HV_AirDist-SupFanMtr-cDXGF-2SpClgHtg-VFDPMMtr,None,ESe,Ex,CZ08,cDXGF,0,Each,1.0,74402.30146688,819283.6,197959.32,0,259085.82,0.0,173955.88,0,0,188279.19,0,0,0.0,0,0,0,11034.647781569965,2187.403412969283,1626.9191126279864,7220.325255972696,1,1,2026-06-10 17:41:22.494414
NE-HV_AirDist-SupFanMtr-cDXGF-2SpClgHtg-VFDStdMtr,None,ESe,Ex,CZ08,cDXGF,0,Each,1.0,74402.30146688,821042.0900000001,197959.32,0,259085.82,0.0,174203.69,0,0,189789.87,0,0,0.0,0,0,0,11030.860409556315,2187.403412969283,1623.132423208191,7220.32457337884,1,1,2026-06-10 17:41:22.494414
NE-HV_AirDist-SupFanMtr-cDXGF-2SpClgHtg-VFDExMtr,None,ESe,Ex,CZ07,cDXGF,0,Each,1.0,74402.30146688,750471.9,197959.32,0,259085.82,0.0,109691.01,0,0,183732.36,0,0,0.0,0,0,0,10825.189078498295,2187.403412969283,1257.034470989761,7380.751194539249,1,1,2026-06-10 17:41:22.494414
NE-HV_AirDist-SupFanMtr-cDXGF-2SpClgHtg-VFDPMMtr,None,ESe,Ex,CZ07,cDXGF,0,Each,1.0,74402.30146688,748077.05,197959.32,0,259085.82,0.0,109372.67,0,0,181655.85,0,0,0.0,0,0,0,10829.423208191125,2187.403412969283,1261.2686006825938,7380.751194539249,1,1,2026-06-10 17:41:22.494414
NE-HV_AirDist-SupFanMtr-cDXGF-2SpClgHtg-VFDStdMtr,None,ESe,Ex,CZ07,cDXGF,0,Each,1.0,74402.30146688,749693.0000000001,197959.32,0,259085.82,0.0,109581.45,0,0,183063.02,0,0,0.0,0,0,0,10826.49624573379,2187.403412969283,1258.341638225256,7380.751194539249,1,1,2026-06-10 17:41:22.494414
NE-HV_AirDist-SupFanMtr-cDXGF-2SpClgHtg-VFDExMtr,None,ESe,Ex,CZ06,cDXGF,0,Each,1.0,74402.30146688,748305.51,197959.32,0,259085.82,0.0,108289.77,0,0,182967.21,0,0,0.0,0,0,0,11055.876109215016,2187.403412969283,1406.665870307167,7461.806825938566,1,1,2026-06-10 17:41:22.494414
NE-HV_AirDist-SupFanMtr-cDXGF-2SpClgHtg-VFDPMMtr,None,ESe,Ex,CZ06,cDXGF,0,Each,1.0,74402.30146688,745936.8200000001,197959.32,0,259085.82,0.0,107972.21,0,0,180916.08,0,0,0.0,0,0,0,11060.602730375427,2187.403412969283,1411.3931740614335,7461.80614334471,1,1,2026-06-10 17:41:22.494414
NE-HV_AirDist-SupFanMtr-cDXGF-2SpClgHtg-VFDStdMtr,None,ESe,Ex,CZ06,cDXGF,0,Each,1.0,74402.30146688,747555.4,197959.32,0,259085.82,0.0,108181.12,0,0,182325.75,0,0,0.0,0,0,0,11057.270648464164,2187.403412969283,1408.060409556314,7461.806825938566,1,1,2026-06-10 17:41:22.494414
NE-HV_AirDist-SupFanMtr-cDXGF-2SpClgHtg-VFDExMtr,None,ESe,Ex,CZ05,cDXGF,0,Each,1.0,74402.30146688,704943.76,197959.32,0,259085.82,0.0,60985.51,0,0,186909.72,0,0,0.0,0,0,0,14809.537201365185,2187.403412969283,4490.953242320818,8131.180546075085,1,1,2026-06-10 17:41:22.494414
NE-HV_AirDist-SupFanMtr-cDXGF-2SpClgHtg-VFDPMMtr,None,ESe,Ex,CZ05,cDXGF,0,Each,1.0,74402.30146688,702766.52,197959.32,0,259085.82,0.0,60787.97,0,0,184930.02,0,0,0.0,0,0,0,14823.435494880547,2187.403412969283,4504.851194539249,8131.180887372014,1,1,2026-06-10 17:41:22.494414
NE-HV_AirDist-SupFanMtr-cDXGF-2SpClgHtg-VFDStdMtr,None,ESe,Ex,CZ05,cDXGF,0,Each,1.0,74402.30146688,704276.91,197959.32,0,259085.82,0.0,60919.04,0,0,186309.34,0,0,0.0,0,0,0,14813.585665529008,2187.403412969283,4495.0017064846415,8131.180546075085,1,1,2026-06-10 17:41:22.494414
NE-HV_AirDist-SupFanMtr-cDXGF-2SpClgHtg-VFDExMtr,None,ESe,Ex,CZ04,cDXGF,0,Each,1.0,74402.30146688,818223.26,197959.32,0,259085.82,0.0,152467.6,0,0,208707.13,0,0,0.0,0,0,0,15819.81228668942,2187.403412969283,5782.644027303754,7849.764846416381,1,1,2026-06-10 17:41:22.494414
NE-HV_AirDist-SupFanMtr-cDXGF-2SpClgHtg-VFDPMMtr,None,ESe,Ex,CZ04,cDXGF,0,Each,1.0,74402.30146688,815799.2000000001,197959.32,0,259085.82,0.0,152199.19,0,0,206551.48,0,0,0.0,0,0,0,15836.920819112629,2187.403412969283,5799.752901023891,7849.764505119454,1,1,2026-06-10 17:41:22.494414
NE-HV_AirDist-SupFanMtr-cDXGF-2SpClgHtg-VFDStdMtr,None,ESe,Ex,CZ04,cDXGF,0,Each,1.0,74402.30146688,817464.03,197959.32,0,259085.82,0.0,152376.1,0,0,208039.4,0,0,0.0,0,0,0,15825.309215017067,2187.403412969283,5788.141296928327,7849.764505119454,1,1,2026-06-10 17:41:22.494414
NE-HV_AirDist-SupFanMtr-cDXGF-2SpClgHtg-VFDExMtr,None,ESe,Ex,CZ03,cDXGF,0,Each,1.0,74402.30146688,691119.36,197959.32,0,259085.82,0.0,49797.27,0,0,184273.56,0,0,0.0,0,0,0,14831.237201365188,2187.403412969283,4552.279863481228,8091.553924914676,1,1,2026-06-10 17:41:22.494414
NE-HV_AirDist-SupFanMtr-cDXGF-2SpClgHtg-VFDPMMtr,None,ESe,Ex,CZ03,cDXGF,0,Each,1.0,74402.30146688,688974.33,197959.32,0,259085.82,0.0,49620.74,0,0,182305.06,0,0,0.0,0,0,0,14845.004436860068,2187.403412969283,4566.046757679182,8091.554266211604,1,1,2026-06-10 17:41:22.494414
NE-HV_AirDist-SupFanMtr-cDXGF-2SpClgHtg-VFDStdMtr,None,ESe,Ex,CZ03,cDXGF,0,Each,1.0,74402.30146688,690449.9800000001,197959.32,0,259085.82,0.0,49737.09,0,0,183664.36,0,0,0.0,0,0,0,14835.29385665529,2187.403412969283,4556.33686006826,8091.553583617747,1,1,2026-06-10 17:41:22.494414
NE-HV_AirDist-SupFanMtr-cDXGF-2SpClgHtg-VFDExMtr,None,ESe,Ex,CZ02,cDXGF,0,Each,1.0,74402.30146688,748572.74,197959.32,0,259085.82,0.0,92886.74,0,0,198637.47,0,0,0.0,0,0,0,17520.162116040956,2187.403412969283,7147.545733788395,8185.212969283276,1,1,2026-06-10 17:41:22.494414
NE-HV_AirDist-SupFanMtr-cDXGF-2SpClgHtg-VFDPMMtr,None,ESe,Ex,CZ02,cDXGF,0,Each,1.0,74402.30146688,746339.1699999999,197959.32,0,259085.82,0.0,92677.03,0,0,196613.61,0,0,0.0,0,0,0,17540.272696245735,2187.403412969283,7167.656655290102,8185.212627986349,1,1,2026-06-10 17:41:22.494414
NE-HV_AirDist-SupFanMtr-cDXGF-2SpClgHtg-VFDStdMtr,None,ESe,Ex,CZ02,cDXGF,0,Each,1.0,74402.30146688,747872.7500000001,197959.32,0,259085.82,0.0,92815.43,0,0,198008.79,0,0,0.0,0,0,0,17526.270307167237,2187.403412969283,7153.653242320819,8185.213651877133,1,1,2026-06-10 17:41:22.494414
NE-HV_AirDist-SupFanMtr-cDXGF-2SpClgHtg-VFDExMtr,None,ESe,Ex,CZ01,cDXGF,0,Each,1.0,74402.30146688,644693.6,197959.32,0,259085.82,0.0,16338.02,0,0,171307.05,0,0,0.0,0,0,0,20640.245392491466,2187.403412969283,9694.261774744027,8758.580204778156,1,1,2026-06-10 17:41:22.494414
NE-HV_AirDist-SupFanMtr-cDXGF-2SpClgHtg-VFDPMMtr,None,ESe,Ex,CZ01,cDXGF,0,Each,1.0,74402.30146688,642984.84,197959.32,0,259085.82,0.0,16279.86,0,0,169656.45,0,0,0.0,0,0,0,20665.209897610923,2187.403412969283,9719.226279863482,8758.580204778156,1,1,2026-06-10 17:41:22.494414
NE-HV_AirDist-SupFanMtr-cDXGF-2SpClgHtg-VFDStdMtr,None,ESe,Ex,CZ01,cDXGF,0,Each,1.0,74402.30146688,644203.26,197959.32,0,259085.82,0.0,16319.19,0,0,170835.54,0,0,0.0,0,0,0,20648.210580204777,2187.403412969283,9702.225938566551,8758.581228668942,1,1,2026-06-10 17:41:22.494414
NE-HV_AirDist-SupFanMtr-cDXOH-2SpClgHtg-VFDExMtr,None,EPr,Ex,CZ16,cDXOH,0,Each,1.0,40745.491149952,244501.34000000003,64700.97,0,83226.75,0.0,27473.23,0,0,69097.02,0,0,0.0,0,0,0,4576.73276450512,1456.3235494880546,0.07849829351535835,3120.3307167235494,1,1,2026-06-10 17:41:22.494414
NE-HV_AirDist-SupFanMtr-cDXOH-2SpClgHtg-VFDPMMtr,None,EPr,Ex,CZ16,cDXOH,0,Each,1.0,40745.491149952,243038.04,64700.97,0,83226.75,0.0,27312.36,0,0,67794.59,0,0,0.0,0,0,0,4576.7341296928325,1456.3235494880546,0.07918088737201365,3120.331399317406,1,1,2026-06-10 17:41:22.494414
NE-HV_AirDist-SupFanMtr-cDXOH-2SpClgHtg-VFDStdMtr,None,EPr,Ex,CZ16,cDXOH,0,Each,1.0,40745.491149952,244057.62,64700.97,0,83226.75,0.0,27417.86,0,0,68708.67,0,0,0.0,0,0,0,4576.733447098975,1456.3235494880546,0.078839590443686,3120.3310580204775,1,1,2026-06-10 17:41:22.494414
NE-HV_AirDist-SupFanMtr-cDXOH-2SpClgHtg-VFDExMtr,None,EPr,Ex,CZ15,cDXOH,0,Each,1.0,40745.491149952,335655.38999999996,64700.97,0,83226.75,0.0,128741.61,0,0,58982.69,0,0,0.0,0,0,0,3671.592832764505,1456.3235494880546,0.0,2215.2692832764506,1,1,2026-06-10 17:41:22.494414
NE-HV_AirDist-SupFanMtr-cDXOH-2SpClgHtg-VFDPMMtr,None,EPr,Ex,CZ15,cDXOH,0,Each,1.0,40745.491149952,333193.44999999995,64700.97,0,83226.75,0.0,128278.23,0,0,56984.13,0,0,0.0,0,0,0,3671.592832764505,1456.3235494880546,0.0,2215.2692832764506,1,1,2026-06-10 17:41:22.494414
NE-HV_AirDist-SupFanMtr-cDXOH-2SpClgHtg-VFDStdMtr,None,EPr,Ex,CZ15,cDXOH,0,Each,1.0,40745.491149952,334822.48999999993,64700.97,0,83226.75,0.0,128581.86,0,0,58309.54,0,0,0.0,0,0,0,3671.592832764505,1456.3235494880546,0.0,2215.2692832764506,1,1,2026-06-10 17:41:22.494414
NE-HV_AirDist-SupFanMtr-cDXOH-2SpClgHtg-VFDExMtr,None,EPr,Ex,CZ14,cDXOH,0,Each,1.0,40745.491149952,276480.72,64700.97,0,83226.75,0.0,70197.98,0,0,58351.65,0,0,0.0,0,0,0,4167.604436860068,1456.3235494880546,0.0,2711.2808873720137,1,1,2026-06-10 17:41:22.494414
NE-HV_AirDist-SupFanMtr-cDXOH-2SpClgHtg-VFDPMMtr,None,EPr,Ex,CZ14,cDXOH,0,Each,1.0,40745.491149952,274576.69,64700.97,0,83226.75,0.0,69902.32,0,0,56743.28,0,0,0.0,0,0,0,4167.6068259385665,1456.3235494880546,0.0,2711.283276450512,1,1,2026-06-10 17:41:22.494414
NE-HV_AirDist-SupFanMtr-cDXOH-2SpClgHtg-VFDStdMtr,None,EPr,Ex,CZ14,cDXOH,0,Each,1.0,40745.491149952,275868.46,64700.97,0,83226.75,0.0,70096.16,0,0,57841.21,0,0,0.0,0,0,0,4167.601365187713,1456.3235494880546,0.0,2711.2778156996587,1,1,2026-06-10 17:41:22.494414
NE-HV_AirDist-SupFanMtr-cDXOH-2SpClgHtg-VFDExMtr,None,EPr,Ex,CZ13,cDXOH,0,Each,1.0,40745.491149952,279775.68,64700.97,0,83226.75,0.0,73217.83,0,0,58626.76,0,0,0.0,0,0,0,4092.2860068259383,1456.3235494880546,0.0,2635.9624573378837,1,1,2026-06-10 17:41:22.494414
NE-HV_AirDist-SupFanMtr-cDXOH-2SpClgHtg-VFDPMMtr,None,EPr,Ex,CZ13,cDXOH,0,Each,1.0,40745.491149952,277873.14999999997,64700.97,0,83226.75,0.0,72907.93,0,0,57034.13,0,0,0.0,0,0,0,4092.286348122867,1456.3235494880546,0.0,2635.9627986348123,1,1,2026-06-10 17:41:22.494414
NE-HV_AirDist-SupFanMtr-cDXOH-2SpClgHtg-VFDStdMtr,None,EPr,Ex,CZ13,cDXOH,0,Each,1.0,40745.491149952,279150.8,64700.97,0,83226.75,0.0,73110.75,0,0,58108.96,0,0,0.0,0,0,0,4092.286348122867,1456.3235494880546,0.0,2635.9627986348123,1,1,2026-06-10 17:41:22.494414
NE-HV_AirDist-SupFanMtr-cDXOH-2SpClgHtg-VFDExMtr,None,EPr,Ex,CZ12,cDXOH,0,Each,1.0,40745.491149952,252133.61,64700.97,0,83226.75,0.0,50365.8,0,0,53836.72,0,0,0.0,0,0,0,4281.0587030716715,1456.3235494880546,0.00034129692832764505,2824.7348122866892,1,1,2026-06-10 17:41:22.494414
NE-HV_AirDist-SupFanMtr-cDXOH-2SpClgHtg-VFDPMMtr,None,EPr,Ex,CZ12,cDXOH,0,Each,1.0,40745.491149952,250520.02,64700.97,0,83226.75,0.0,50125.02,0,0,52463.91,0,0,0.0,0,0,0,4281.0587030716715,1456.3235494880546,0.00034129692832764505,2824.7348122866892,1,1,2026-06-10 17:41:22.494414
NE-HV_AirDist-SupFanMtr-cDXOH-2SpClgHtg-VFDStdMtr,None,EPr,Ex,CZ12,cDXOH,0,Each,1.0,40745.491149952,251610.54,64700.97,0,83226.75,0.0,50283.64,0,0,53395.81,0,0,0.0,0,0,0,4281.0587030716715,1456.3235494880546,0.00034129692832764505,2824.7348122866892,1,1,2026-06-10 17:41:22.494414
NE-HV_AirDist-SupFanMtr-cDXOH-2SpClgHtg-VFDExMtr,None,EPr,Ex,CZ11,cDXOH,0,Each,1.0,40745.491149952,277026.7,64700.97,0,83226.75,0.0,69110.51,0,0,59985.1,0,0,0.0,0,0,0,4149.1672354948805,1456.3235494880546,0.02696245733788396,2692.816723549488,1,1,2026-06-10 17:41:22.494414
NE-HV_AirDist-SupFanMtr-cDXOH-2SpClgHtg-VFDPMMtr,None,EPr,Ex,CZ11,cDXOH,0,Each,1.0,40745.491149952,275221.25,64700.97,0,83226.75,0.0,68826.33,0,0,58463.83,0,0,0.0,0,0,0,4149.167576791809,1456.3235494880546,0.02696245733788396,2692.817064846416,1,1,2026-06-10 17:41:22.494414
NE-HV_AirDist-SupFanMtr-cDXOH-2SpClgHtg-VFDStdMtr,None,EPr,Ex,CZ11,cDXOH,0,Each,1.0,40745.491149952,276454.07999999996,64700.97,0,83226.75,0.0,69012.79,0,0,59510.2,0,0,0.0,0,0,0,4149.1672354948805,1456.3235494880546,0.02696245733788396,2692.816723549488,1,1,2026-06-10 17:41:22.494414
NE-HV_AirDist-SupFanMtr-cDXOH-2SpClgHtg-VFDExMtr,None,EPr,Ex,CZ10,cDXOH,0,Each,1.0,40745.491149952,261147.86,64700.97,0,83226.75,0.0,66910.3,0,0,46306.47,0,0,0.0,0,0,0,4088.757337883959,1456.3235494880546,0.0,2632.4337883959042,1,1,2026-06-10 17:41:22.494414
NE-HV_AirDist-SupFanMtr-cDXOH-2SpClgHtg-VFDPMMtr,None,EPr,Ex,CZ10,cDXOH,0,Each,1.0,40745.491149952,259219.27,64700.97,0,83226.75,0.0,66587.11,0,0,44701.07,0,0,0.0,0,0,0,4088.757337883959,1456.3235494880546,0.0,2632.4337883959042,1,1,2026-06-10 17:41:22.494414
NE-HV_AirDist-SupFanMtr-cDXOH-2SpClgHtg-VFDStdMtr,None,EPr,Ex,CZ10,cDXOH,0,Each,1.0,40745.491149952,260490.46,64700.97,0,83226.75,0.0,66800.99,0,0,45758.38,0,0,0.0,0,0,0,4088.757337883959,1456.3235494880546,0.0,2632.4337883959042,1,1,2026-06-10 17:41:22.494414
NE-HV_AirDist-SupFanMtr-cDXOH-2SpClgHtg-VFDExMtr,None,EPr,Ex,CZ09,cDXOH,0,Each,1.0,40745.491149952,257486.83,64700.97,0,83226.75,0.0,61494.96,0,0,48060.78,0,0,0.0,0,0,0,4125.401365187713,1456.3235494880546,0.0,2669.0778156996585,1,1,2026-06-10 17:41:22.494414
NE-HV_AirDist-SupFanMtr-cDXOH-2SpClgHtg-VFDPMMtr,None,EPr,Ex,CZ09,cDXOH,0,Each,1.0,40745.491149952,255383.55,64700.97,0,83226.75,0.0,61171.57,0,0,46280.89,0,0,0.0,0,0,0,4125.401365187713,1456.3235494880546,0.0,2669.0778156996585,1,1,2026-06-10 17:41:22.494414
NE-HV_AirDist-SupFanMtr-cDXOH-2SpClgHtg-VFDStdMtr,None,EPr,Ex,CZ09,cDXOH,0,Each,1.0,40745.491149952,256779.33,64700.97,0,83226.75,0.0,61385.17,0,0,47463.07,0,0,0.0,0,0,0,4125.401365187713,1456.3235494880546,0.0,2669.0778156996585,1,1,2026-06-10 17:41:22.494414
NE-HV_AirDist-SupFanMtr-cDXOH-2SpClgHtg-VFDExMtr,None,EPr,Ex,CZ08,cDXOH,0,Each,1.0,40745.491149952,256757.76,64700.97,0,83226.75,0.0,62417.7,0,0,46408.97,0,0,0.0,0,0,0,4106.448464163823,1456.3235494880546,0.0,2650.124914675768,1,1,2026-06-10 17:41:22.494414
NE-HV_AirDist-SupFanMtr-cDXOH-2SpClgHtg-VFDPMMtr,None,EPr,Ex,CZ08,cDXOH,0,Each,1.0,40745.491149952,254739.52000000002,64700.97,0,83226.75,0.0,62079.14,0,0,44729.29,0,0,0.0,0,0,0,4106.448805460751,1456.3235494880546,0.0,2650.1252559726963,1,1,2026-06-10 17:41:22.494414
NE-HV_AirDist-SupFanMtr-cDXOH-2SpClgHtg-VFDStdMtr,None,EPr,Ex,CZ08,cDXOH,0,Each,1.0,40745.491149952,256102.62999999998,64700.97,0,83226.75,0.0,62301.52,0,0,45870.02,0,0,0.0,0,0,0,4106.448464163823,1456.3235494880546,0.0,2650.124914675768,1,1,2026-06-10 17:41:22.494414
NE-HV_AirDist-SupFanMtr-cDXOH-2SpClgHtg-VFDExMtr,None,EPr,Ex,CZ07,cDXOH,0,Each,1.0,40745.491149952,232956.46,64700.97,0,83226.75,0.0,43358.06,0,0,41667.31,0,0,0.0,0,0,0,4164.687030716724,1456.3235494880546,0.0,2708.363481228669,1,1,2026-06-10 17:41:22.494414
NE-HV_AirDist-SupFanMtr-cDXOH-2SpClgHtg-VFDPMMtr,None,EPr,Ex,CZ07,cDXOH,0,Each,1.0,40745.491149952,231065.74000000002,64700.97,0,83226.75,0.0,43066.3,0,0,40068.35,0,0,0.0,0,0,0,4164.687030716724,1456.3235494880546,0.0,2708.363481228669,1,1,2026-06-10 17:41:22.494414
NE-HV_AirDist-SupFanMtr-cDXOH-2SpClgHtg-VFDStdMtr,None,EPr,Ex,CZ07,cDXOH,0,Each,1.0,40745.491149952,232356.4,64700.97,0,83226.75,0.0,43258.38,0,0,41166.93,0,0,0.0,0,0,0,4164.687030716724,1456.3235494880546,0.0,2708.363481228669,1,1,2026-06-10 17:41:22.494414
NE-HV_AirDist-SupFanMtr-cDXOH-2SpClgHtg-VFDExMtr,None,EPr,Ex,CZ06,cDXOH,0,Each,1.0,40745.491149952,232870.9,64700.97,0,83226.75,0.0,42844.35,0,0,42095.46,0,0,0.0,0,0,0,4194.429692832764,1456.3235494880546,0.0,2738.10614334471,1,1,2026-06-10 17:41:22.494414
NE-HV_AirDist-SupFanMtr-cDXOH-2SpClgHtg-VFDPMMtr,None,EPr,Ex,CZ06,cDXOH,0,Each,1.0,40745.491149952,230974.46999999997,64700.97,0,83226.75,0.0,42551.74,0,0,40491.64,0,0,0.0,0,0,0,4194.430034129693,1456.3235494880546,0.0,2738.1064846416384,1,1,2026-06-10 17:41:22.494414
NE-HV_AirDist-SupFanMtr-cDXOH-2SpClgHtg-VFDStdMtr,None,EPr,Ex,CZ06,cDXOH,0,Each,1.0,40745.491149952,232271.58000000002,64700.97,0,83226.75,0.0,42744.36,0,0,41596.13,0,0,0.0,0,0,0,4194.429692832764,1456.3235494880546,0.0,2738.10614334471,1,1,2026-06-10 17:41:22.494414
NE-HV_AirDist-SupFanMtr-cDXOH-2SpClgHtg-VFDExMtr,None,EPr,Ex,CZ05,cDXOH,0,Each,1.0,40745.491149952,212515.53,64700.97,0,83226.75,0.0,23668.43,0,0,40916.01,0,0,0.0,0,0,0,4431.755631399317,1456.3235494880546,0.0,2975.4320819112627,1,1,2026-06-10 17:41:22.494414
NE-HV_AirDist-SupFanMtr-cDXOH-2SpClgHtg-VFDPMMtr,None,EPr,Ex,CZ05,cDXOH,0,Each,1.0,40745.491149952,211076.47,64700.97,0,83226.75,0.0,23505.41,0,0,39639.97,0,0,0.0,0,0,0,4431.755631399317,1456.3235494880546,0.0,2975.4320819112627,1,1,2026-06-10 17:41:22.494414
NE-HV_AirDist-SupFanMtr-cDXOH-2SpClgHtg-VFDStdMtr,None,EPr,Ex,CZ05,cDXOH,0,Each,1.0,40745.491149952,212081.36,64700.97,0,83226.75,0.0,23614.26,0,0,40536.01,0,0,0.0,0,0,0,4431.755631399317,1456.3235494880546,0.0,2975.4320819112627,1,1,2026-06-10 17:41:22.494414
NE-HV_AirDist-SupFanMtr-cDXOH-2SpClgHtg-VFDExMtr,None,EPr,Ex,CZ04,cDXOH,0,Each,1.0,40745.491149952,250117.51,64700.97,0,83226.75,0.0,50388.6,0,0,51797.82,0,0,0.0,0,0,0,4325.155972696245,1456.3235494880546,0.0,2868.832423208191,1,1,2026-06-10 17:41:22.494414
NE-HV_AirDist-SupFanMtr-cDXOH-2SpClgHtg-VFDPMMtr,None,EPr,Ex,CZ04,cDXOH,0,Each,1.0,40745.491149952,248524.72999999998,64700.97,0,83226.75,0.0,50164.72,0,0,50428.92,0,0,0.0,0,0,0,4325.156313993174,1456.3235494880546,0.0,2868.8327645051195,1,1,2026-06-10 17:41:22.494414
NE-HV_AirDist-SupFanMtr-cDXOH-2SpClgHtg-VFDStdMtr,None,EPr,Ex,CZ04,cDXOH,0,Each,1.0,40745.491149952,249605.86000000002,64700.97,0,83226.75,0.0,50312.51,0,0,51362.26,0,0,0.0,0,0,0,4325.155972696245,1456.3235494880546,0.0,2868.832423208191,1,1,2026-06-10 17:41:22.494414
NE-HV_AirDist-SupFanMtr-cDXOH-2SpClgHtg-VFDExMtr,None,EPr,Ex,CZ03,cDXOH,0,Each,1.0,40745.491149952,209976.68,64700.97,0,83226.75,0.0,21113.68,0,0,40931.91,0,0,0.0,0,0,0,4416.403071672355,1456.3235494880546,0.0,2960.0795221843005,1,1,2026-06-10 17:41:22.494414
NE-HV_AirDist-SupFanMtr-cDXOH-2SpClgHtg-VFDPMMtr,None,EPr,Ex,CZ03,cDXOH,0,Each,1.0,40745.491149952,208555.0,64700.97,0,83226.75,0.0,20958.35,0,0,39665.56,0,0,0.0,0,0,0,4416.402389078498,1456.3235494880546,0.0,2960.0788395904437,1,1,2026-06-10 17:41:22.494414
NE-HV_AirDist-SupFanMtr-cDXOH-2SpClgHtg-VFDStdMtr,None,EPr,Ex,CZ03,cDXOH,0,Each,1.0,40745.491149952,209545.86,64700.97,0,83226.75,0.0,21061.58,0,0,40553.19,0,0,0.0,0,0,0,4416.4027303754265,1456.3235494880546,0.0,2960.0791808873723,1,1,2026-06-10 17:41:22.494414
NE-HV_AirDist-SupFanMtr-cDXOH-2SpClgHtg-VFDExMtr,None,EPr,Ex,CZ02,cDXOH,0,Each,1.0,40745.491149952,229471.15999999997,64700.97,0,83226.75,0.0,32474.26,0,0,49065.81,0,0,0.0,0,0,0,4447.474061433447,1456.3235494880546,0.015699658703071672,2991.1348122866893,1,1,2026-06-10 17:41:22.494414
NE-HV_AirDist-SupFanMtr-cDXOH-2SpClgHtg-VFDPMMtr,None,EPr,Ex,CZ02,cDXOH,0,Each,1.0,40745.491149952,228126.03,64700.97,0,83226.75,0.0,32301.59,0,0,47893.35,0,0,0.0,0,0,0,4447.425597269625,1456.3235494880546,0.015699658703071672,2991.086348122867,1,1,2026-06-10 17:41:22.494414
NE-HV_AirDist-SupFanMtr-cDXOH-2SpClgHtg-VFDStdMtr,None,EPr,Ex,CZ02,cDXOH,0,Each,1.0,40745.491149952,229042.87,64700.97,0,83226.75,0.0,32415.84,0,0,48695.94,0,0,0.0,0,0,0,4447.42662116041,1456.3235494880546,0.015699658703071672,2991.087372013652,1,1,2026-06-10 17:41:22.494414
NE-HV_AirDist-SupFanMtr-cDXOH-2SpClgHtg-VFDExMtr,None,EPr,Ex,CZ01,cDXOH,0,Each,1.0,40745.491149952,202337.29,64700.97,0,83226.75,0.0,8539.54,0,0,45866.66,0,0,0.0,0,0,0,4651.964505119454,1456.3235494880546,0.006484641638225256,3195.6344709897608,1,1,2026-06-10 17:41:22.494414
NE-HV_AirDist-SupFanMtr-cDXOH-2SpClgHtg-VFDPMMtr,None,EPr,Ex,CZ01,cDXOH,0,Each,1.0,40745.491149952,201581.38999999998,64700.97,0,83226.75,0.0,8499.9,0,0,45150.4,0,0,0.0,0,0,0,4651.964505119454,1456.3235494880546,0.006484641638225256,3195.6344709897608,1,1,2026-06-10 17:41:22.494414
NE-HV_AirDist-SupFanMtr-cDXOH-2SpClgHtg-VFDStdMtr,None,EPr,Ex,CZ01,cDXOH,0,Each,1.0,40745.491149952,202129.05,64700.97,0,83226.75,0.0,8526.59,0,0,45671.37,0,0,0.0,0,0,0,4651.964505119454,1456.3235494880546,0.006484641638225256,3195.6344709897608,1,1,2026-06-10 17:41:22.494414
NE-HV_AirDist-SupFanMtr-cDXHP-2SpClgHtg-VFDExMtr,None,EPr,Ex,CZ16,cDXHP,0,Each,1.0,40745.491149952,236915.93000000002,64700.97,0,83226.75,12254.59,28096.27,0,0,48633.98,0,0,0.0,0,0,0,4576.674744027304,1456.3235494880546,0.011262798634812287,3120.3399317406147,1,1,2026-06-10 17:41:22.494414
NE-HV_AirDist-SupFanMtr-cDXHP-2SpClgHtg-VFDPMMtr,None,EPr,Ex,CZ16,cDXHP,0,Each,1.0,40745.491149952,234778.86000000002,64700.97,0,83226.75,12410.01,27927.41,0,0,46510.35,0,0,0.0,0,0,0,4576.675767918089,1456.3235494880546,0.011945392491467576,3120.340273037543,1,1,2026-06-10 17:41:22.494414
NE-HV_AirDist-SupFanMtr-cDXHP-2SpClgHtg-VFDStdMtr,None,EPr,Ex,CZ16,cDXHP,0,Each,1.0,40745.491149952,236241.41999999998,64700.97,0,83226.75,12305.59,28038.32,0,0,47966.42,0,0,0.0,0,0,0,4576.674744027304,1456.3235494880546,0.011262798634812287,3120.3399317406147,1,1,2026-06-10 17:41:22.494414
NE-HV_AirDist-SupFanMtr-cDXHP-2SpClgHtg-VFDExMtr,None,EPr,Ex,CZ15,cDXHP,0,Each,1.0,40745.491149952,341213.9,64700.97,0,83226.75,685.06,130440.75,0,0,62157.0,0,0,0.0,0,0,0,3671.603071672355,1456.3235494880546,0.0,2215.2795221843003,1,1,2026-06-10 17:41:22.494414
NE-HV_AirDist-SupFanMtr-cDXHP-2SpClgHtg-VFDPMMtr,None,EPr,Ex,CZ15,cDXHP,0,Each,1.0,40745.491149952,338879.26999999996,64700.97,0,83226.75,700.57,130018.42,0,0,60229.19,0,0,0.0,0,0,0,3671.603071672355,1456.3235494880546,0.0,2215.2795221843003,1,1,2026-06-10 17:41:22.494414
NE-HV_AirDist-SupFanMtr-cDXHP-2SpClgHtg-VFDStdMtr,None,EPr,Ex,CZ15,cDXHP,0,Each,1.0,40745.491149952,340473.09,64700.97,0,83226.75,689.5,130314.33,0,0,61538.17,0,0,0.0,0,0,0,3671.603071672355,1456.3235494880546,0.0,2215.2795221843003,1,1,2026-06-10 17:41:22.494414
NE-HV_AirDist-SupFanMtr-cDXHP-2SpClgHtg-VFDExMtr,None,EPr,Ex,CZ14,cDXHP,0,Each,1.0,40745.491149952,275923.21,64700.97,0,83226.75,5174.89,71306.61,0,0,51510.62,0,0,0.0,0,0,0,4167.584982935154,1456.3235494880546,0.0,2711.261433447099,1,1,2026-06-10 17:41:22.494414
NE-HV_AirDist-SupFanMtr-cDXHP-2SpClgHtg-VFDPMMtr,None,EPr,Ex,CZ14,cDXHP,0,Each,1.0,40745.491149952,273611.22,64700.97,0,83226.75,5248.99,70964.07,0,0,49467.07,0,0,0.0,0,0,0,4167.584641638225,1456.3235494880546,0.0,2711.2610921501705,1,1,2026-06-10 17:41:22.494414
NE-HV_AirDist-SupFanMtr-cDXHP-2SpClgHtg-VFDStdMtr,None,EPr,Ex,CZ14,cDXHP,0,Each,1.0,40745.491149952,275156.69,64700.97,0,83226.75,5197.75,71181.14,0,0,50846.71,0,0,0.0,0,0,0,4167.585324232082,1456.3235494880546,0.0,2711.261774744027,1,1,2026-06-10 17:41:22.494414
NE-HV_AirDist-SupFanMtr-cDXHP-2SpClgHtg-VFDExMtr,None,EPr,Ex,CZ13,cDXHP,0,Each,1.0,40745.491149952,279155.35,64700.97,0,83226.75,4675.8,74464.8,0,0,52083.66,0,0,0.0,0,0,0,4092.2941979522184,1456.3235494880546,0.0,2635.970648464164,1,1,2026-06-10 17:41:22.494414
NE-HV_AirDist-SupFanMtr-cDXHP-2SpClgHtg-VFDPMMtr,None,EPr,Ex,CZ13,cDXHP,0,Each,1.0,40745.491149952,276900.72000000003,64700.97,0,83226.75,4756.4,74144.3,0,0,50068.93,0,0,0.0,0,0,0,4092.2941979522184,1456.3235494880546,0.0,2635.970648464164,1,1,2026-06-10 17:41:22.494414
NE-HV_AirDist-SupFanMtr-cDXHP-2SpClgHtg-VFDStdMtr,None,EPr,Ex,CZ13,cDXHP,0,Each,1.0,40745.491149952,278423.33999999997,64700.97,0,83226.75,4702.49,74351.44,0,0,51438.32,0,0,0.0,0,0,0,4092.2941979522184,1456.3235494880546,0.0,2635.970648464164,1,1,2026-06-10 17:41:22.494414
NE-HV_AirDist-SupFanMtr-cDXHP-2SpClgHtg-VFDExMtr,None,EPr,Ex,CZ12,cDXHP,0,Each,1.0,40745.491149952,249645.91,64700.97,0,83226.75,5823.95,51234.64,0,0,44656.23,0,0,0.0,0,0,0,4281.064505119454,1456.3235494880546,0.0,2824.740955631399,1,1,2026-06-10 17:41:22.494414
NE-HV_AirDist-SupFanMtr-cDXHP-2SpClgHtg-VFDPMMtr,None,EPr,Ex,CZ12,cDXHP,0,Each,1.0,40745.491149952,247608.38999999998,64700.97,0,83226.75,5909.98,50994.95,0,0,42772.37,0,0,0.0,0,0,0,4281.064505119454,1456.3235494880546,0.0,2824.740955631399,1,1,2026-06-10 17:41:22.494414
NE-HV_AirDist-SupFanMtr-cDXHP-2SpClgHtg-VFDStdMtr,None,EPr,Ex,CZ12,cDXHP,0,Each,1.0,40745.491149952,248988.29,64700.97,0,83226.75,5848.19,51153.41,0,0,44055.6,0,0,0.0,0,0,0,4281.064505119454,1456.3235494880546,0.0,2824.740955631399,1,1,2026-06-10 17:41:22.494414
NE-HV_AirDist-SupFanMtr-cDXHP-2SpClgHtg-VFDExMtr,None,EPr,Ex,CZ11,cDXHP,0,Each,1.0,40745.491149952,275153.5,64700.97,0,83226.75,6011.42,70149.92,0,0,51061.07,0,0,0.0,0,0,0,4149.169624573378,1456.3235494880546,0.020136518771331057,2692.825938566553,1,1,2026-06-10 17:41:22.494414
NE-HV_AirDist-SupFanMtr-cDXHP-2SpClgHtg-VFDPMMtr,None,EPr,Ex,CZ11,cDXHP,0,Each,1.0,40745.491149952,272888.81,64700.97,0,83226.75,6104.7,69817.08,0,0,49035.94,0,0,0.0,0,0,0,4149.169965870306,1456.3235494880546,0.020136518771331057,2692.826279863481,1,1,2026-06-10 17:41:22.494414
NE-HV_AirDist-SupFanMtr-cDXHP-2SpClgHtg-VFDStdMtr,None,EPr,Ex,CZ11,cDXHP,0,Each,1.0,40745.491149952,274439.49,64700.97,0,83226.75,6044.01,70041.74,0,0,50422.65,0,0,0.0,0,0,0,4149.169965870306,1456.3235494880546,0.020136518771331057,2692.826279863481,1,1,2026-06-10 17:41:22.494414
NE-HV_AirDist-SupFanMtr-cDXHP-2SpClgHtg-VFDExMtr,None,EPr,Ex,CZ10,cDXHP,0,Each,1.0,40745.491149952,263448.83999999997,64700.97,0,83226.75,1862.17,68329.56,0,0,45326.02,0,0,0.0,0,0,0,4088.7621160409553,1456.3235494880546,0.0,2632.4385665529007,1,1,2026-06-10 17:41:22.494414
NE-HV_AirDist-SupFanMtr-cDXHP-2SpClgHtg-VFDPMMtr,None,EPr,Ex,CZ10,cDXHP,0,Each,1.0,40745.491149952,261387.31,64700.97,0,83226.75,1895.37,68009.31,0,0,43551.54,0,0,0.0,0,0,0,4088.7621160409553,1456.3235494880546,0.0,2632.4385665529007,1,1,2026-06-10 17:41:22.494414
NE-HV_AirDist-SupFanMtr-cDXHP-2SpClgHtg-VFDStdMtr,None,EPr,Ex,CZ10,cDXHP,0,Each,1.0,40745.491149952,262793.23,64700.97,0,83226.75,1871.62,68226.01,0,0,44764.51,0,0,0.0,0,0,0,4088.7621160409553,1456.3235494880546,0.0,2632.4385665529007,1,1,2026-06-10 17:41:22.494414
NE-HV_AirDist-SupFanMtr-cDXHP-2SpClgHtg-VFDExMtr,None,EPr,Ex,CZ09,cDXHP,0,Each,1.0,40745.491149952,259266.81,64700.97,0,83226.75,1726.72,62977.73,0,0,46631.27,0,0,0.0,0,0,0,4125.405119453924,1456.3235494880546,0.0,2669.08156996587,1,1,2026-06-10 17:41:22.494414
NE-HV_AirDist-SupFanMtr-cDXHP-2SpClgHtg-VFDPMMtr,None,EPr,Ex,CZ09,cDXHP,0,Each,1.0,40745.491149952,257035.65000000002,64700.97,0,83226.75,1759.02,62632.93,0,0,44712.61,0,0,0.0,0,0,0,4125.405119453924,1456.3235494880546,0.0,2669.08156996587,1,1,2026-06-10 17:41:22.494414
NE-HV_AirDist-SupFanMtr-cDXHP-2SpClgHtg-VFDStdMtr,None,EPr,Ex,CZ09,cDXHP,0,Each,1.0,40745.491149952,258545.44,64700.97,0,83226.75,1738.43,62853.26,0,0,46022.66,0,0,0.0,0,0,0,4125.405119453924,1456.3235494880546,0.0,2669.08156996587,1,1,2026-06-10 17:41:22.494414
NE-HV_AirDist-SupFanMtr-cDXHP-2SpClgHtg-VFDExMtr,None,EPr,Ex,CZ08,cDXHP,0,Each,1.0,40745.491149952,259176.66,64700.97,0,83226.75,1382.43,64068.48,0,0,45794.66,0,0,0.0,0,0,0,4106.45119453925,1456.3235494880546,0.0,2650.1276450511946,1,1,2026-06-10 17:41:22.494414
NE-HV_AirDist-SupFanMtr-cDXHP-2SpClgHtg-VFDPMMtr,None,EPr,Ex,CZ08,cDXHP,0,Each,1.0,40745.491149952,257064.88999999998,64700.97,0,83226.75,1407.87,63730.69,0,0,43995.24,0,0,0.0,0,0,0,4106.45119453925,1456.3235494880546,0.0,2650.1276450511946,1,1,2026-06-10 17:41:22.494414
NE-HV_AirDist-SupFanMtr-cDXHP-2SpClgHtg-VFDStdMtr,None,EPr,Ex,CZ08,cDXHP,0,Each,1.0,40745.491149952,258503.46,64700.97,0,83226.75,1390.34,63954.02,0,0,45228.01,0,0,0.0,0,0,0,4106.45119453925,1456.3235494880546,0.0,2650.1276450511946,1,1,2026-06-10 17:41:22.494414
NE-HV_AirDist-SupFanMtr-cDXHP-2SpClgHtg-VFDExMtr,None,EPr,Ex,CZ07,cDXHP,0,Each,1.0,40745.491149952,233582.28999999998,64700.97,0,83226.75,979.55,44306.32,0,0,40365.33,0,0,0.0,0,0,0,4164.719795221843,1456.3235494880546,0.0,2708.396245733788,1,1,2026-06-10 17:41:22.494414
NE-HV_AirDist-SupFanMtr-cDXHP-2SpClgHtg-VFDPMMtr,None,EPr,Ex,CZ07,cDXHP,0,Each,1.0,40745.491149952,231574.25999999998,64700.97,0,83226.75,1003.64,44001.25,0,0,38638.28,0,0,0.0,0,0,0,4164.735836177474,1456.3235494880546,0.0,2708.4122866894195,1,1,2026-06-10 17:41:22.494414
NE-HV_AirDist-SupFanMtr-cDXHP-2SpClgHtg-VFDStdMtr,None,EPr,Ex,CZ07,cDXHP,0,Each,1.0,40745.491149952,232936.64999999997,64700.97,0,83226.75,986.17,44200.84,0,0,39818.55,0,0,0.0,0,0,0,4164.72866894198,1456.3235494880546,0.0,2708.405119453925,1,1,2026-06-10 17:41:22.494414
NE-HV_AirDist-SupFanMtr-cDXHP-2SpClgHtg-VFDExMtr,None,EPr,Ex,CZ06,cDXHP,0,Each,1.0,40745.491149952,232332.61,64700.97,0,83226.75,1032.02,43108.53,0,0,40260.97,0,0,0.0,0,0,0,4194.4313993174055,1456.3235494880546,0.0,2738.1078498293514,1,1,2026-06-10 17:41:22.494414
NE-HV_AirDist-SupFanMtr-cDXHP-2SpClgHtg-VFDPMMtr,None,EPr,Ex,CZ06,cDXHP,0,Each,1.0,40745.491149952,230322.9,64700.97,0,83226.75,1056.41,42807.63,0,0,38527.77,0,0,0.0,0,0,0,4194.4313993174055,1456.3235494880546,0.0,2738.1078498293514,1,1,2026-06-10 17:41:22.494414
NE-HV_AirDist-SupFanMtr-cDXHP-2SpClgHtg-VFDStdMtr,None,EPr,Ex,CZ06,cDXHP,0,Each,1.0,40745.491149952,231701.66999999998,64700.97,0,83226.75,1038.87,43008.1,0,0,39723.61,0,0,0.0,0,0,0,4194.4313993174055,1456.3235494880546,0.0,2738.1078498293514,1,1,2026-06-10 17:41:22.494414
NE-HV_AirDist-SupFanMtr-cDXHP-2SpClgHtg-VFDExMtr,None,EPr,Ex,CZ05,cDXHP,0,Each,1.0,40745.491149952,211182.11,64700.97,0,83226.75,3840.53,24200.47,0,0,35210.02,0,0,0.0,0,0,0,4431.757337883959,1456.3235494880546,0.0,2975.4337883959047,1,1,2026-06-10 17:41:22.494414
NE-HV_AirDist-SupFanMtr-cDXHP-2SpClgHtg-VFDPMMtr,None,EPr,Ex,CZ05,cDXHP,0,Each,1.0,40745.491149952,209461.22999999998,64700.97,0,83226.75,3906.39,24038.8,0,0,33584.95,0,0,0.0,0,0,0,4431.757337883959,1456.3235494880546,0.0,2975.4337883959047,1,1,2026-06-10 17:41:22.494414
NE-HV_AirDist-SupFanMtr-cDXHP-2SpClgHtg-VFDStdMtr,None,EPr,Ex,CZ05,cDXHP,0,Each,1.0,40745.491149952,210658.78999999998,64700.97,0,83226.75,3859.82,24146.51,0,0,34721.37,0,0,0.0,0,0,0,4431.757337883959,1456.3235494880546,0.0,2975.4337883959047,1,1,2026-06-10 17:41:22.494414
NE-HV_AirDist-SupFanMtr-cDXHP-2SpClgHtg-VFDExMtr,None,EPr,Ex,CZ04,cDXHP,0,Each,1.0,40745.491149952,248290.97,64700.97,0,83226.75,5441.32,51136.02,0,0,43782.54,0,0,0.0,0,0,0,4325.162798634812,1456.3235494880546,0.0,2868.839249146758,1,1,2026-06-10 17:41:22.494414
NE-HV_AirDist-SupFanMtr-cDXHP-2SpClgHtg-VFDPMMtr,None,EPr,Ex,CZ04,cDXHP,0,Each,1.0,40745.491149952,246325.97999999998,64700.97,0,83226.75,5522.31,50912.93,0,0,41959.65,0,0,0.0,0,0,0,4325.162798634812,1456.3235494880546,0.0,2868.839249146758,1,1,2026-06-10 17:41:22.494414
NE-HV_AirDist-SupFanMtr-cDXHP-2SpClgHtg-VFDStdMtr,None,EPr,Ex,CZ04,cDXHP,0,Each,1.0,40745.491149952,247661.24,64700.97,0,83226.75,5466.02,51052.77,0,0,43211.36,0,0,0.0,0,0,0,4325.162798634812,1456.3235494880546,0.0,2868.839249146758,1,1,2026-06-10 17:41:22.494414
NE-HV_AirDist-SupFanMtr-cDXHP-2SpClgHtg-VFDExMtr,None,EPr,Ex,CZ03,cDXHP,0,Each,1.0,40745.491149952,207883.75,64700.97,0,83226.75,3879.54,21347.33,0,0,34725.79,0,0,0.0,0,0,0,4416.40409556314,1456.3235494880546,0.0,2960.0805460750853,1,1,2026-06-10 17:41:22.494414
NE-HV_AirDist-SupFanMtr-cDXHP-2SpClgHtg-VFDPMMtr,None,EPr,Ex,CZ03,cDXHP,0,Each,1.0,40745.491149952,206172.24,64700.97,0,83226.75,3946.32,21191.61,0,0,33103.22,0,0,0.0,0,0,0,4416.40409556314,1456.3235494880546,0.0,2960.0805460750853,1,1,2026-06-10 17:41:22.494414
NE-HV_AirDist-SupFanMtr-cDXHP-2SpClgHtg-VFDStdMtr,None,EPr,Ex,CZ03,cDXHP,0,Each,1.0,40745.491149952,207368.12000000002,64700.97,0,83226.75,3901.03,21295.02,0,0,34240.98,0,0,0.0,0,0,0,4416.403754266212,1456.3235494880546,0.0,2960.080204778157,1,1,2026-06-10 17:41:22.494414
NE-HV_AirDist-SupFanMtr-cDXHP-2SpClgHtg-VFDExMtr,None,EPr,Ex,CZ02,cDXHP,0,Each,1.0,40745.491149952,226704.94,64700.97,0,83226.75,6581.42,33208.21,0,0,38984.22,0,0,0.0,0,0,0,4447.424573378839,1456.3235494880546,0.011262798634812287,2991.0897610921497,1,1,2026-06-10 17:41:22.494414
NE-HV_AirDist-SupFanMtr-cDXHP-2SpClgHtg-VFDPMMtr,None,EPr,Ex,CZ02,cDXHP,0,Each,1.0,40745.491149952,224894.86,64700.97,0,83226.75,6676.16,33029.28,0,0,37258.33,0,0,0.0,0,0,0,4447.4726962457335,1456.3235494880546,0.011262798634812287,2991.1378839590443,1,1,2026-06-10 17:41:22.494414
NE-HV_AirDist-SupFanMtr-cDXHP-2SpClgHtg-VFDStdMtr,None,EPr,Ex,CZ02,cDXHP,0,Each,1.0,40745.491149952,226132.35,64700.97,0,83226.75,6608.79,33149.87,0,0,38442.6,0,0,0.0,0,0,0,4447.433447098976,1456.3235494880546,0.011262798634812287,2991.0986348122865,1,1,2026-06-10 17:41:22.494414
NE-HV_AirDist-SupFanMtr-cDXHP-2SpClgHtg-VFDExMtr,None,EPr,Ex,CZ01,cDXHP,0,Each,1.0,40745.491149952,197725.39999999997,64700.97,0,83226.75,10076.79,8712.41,0,0,31005.11,0,0,0.0,0,0,0,4651.997269624573,1456.3235494880546,0.0030716723549488053,3195.6706484641636,1,1,2026-06-10 17:41:22.494414
NE-HV_AirDist-SupFanMtr-cDXHP-2SpClgHtg-VFDPMMtr,None,EPr,Ex,CZ01,cDXHP,0,Each,1.0,40745.491149952,196362.66,64700.97,0,83226.75,10205.63,8674.47,0,0,29551.47,0,0,0.0,0,0,0,4651.996928327645,1456.3235494880546,0.0030716723549488053,3195.6703071672355,1,1,2026-06-10 17:41:22.494414
NE-HV_AirDist-SupFanMtr-cDXHP-2SpClgHtg-VFDStdMtr,None,EPr,Ex,CZ01,cDXHP,0,Each,1.0,40745.491149952,197330.5,64700.97,0,83226.75,10116.56,8700.07,0,0,30582.78,0,0,0.0,0,0,0,4651.996928327645,1456.3235494880546,0.0030716723549488053,3195.6703071672355,1,1,2026-06-10 17:41:22.494414
NE-HV_AirDist-SupFanMtr-cDXGF-2SpClgHtg-VFDExMtr,None,EPr,Ex,CZ16,cDXGF,0,Each,1.0,40745.491149952,224559.01,64700.97,0,83226.75,0.0,27877.16,0,0,48750.76,0,0,0.0,0,0,0,7457.9088737201355,1456.3235494880546,2881.2488054607506,3120.336518771331,1,1,2026-06-10 17:41:22.494414
NE-HV_AirDist-SupFanMtr-cDXGF-2SpClgHtg-VFDPMMtr,None,EPr,Ex,CZ16,cDXGF,0,Each,1.0,40745.491149952,222250.72,64700.97,0,83226.75,0.0,27713.94,0,0,46605.69,0,0,0.0,0,0,0,7495.262116040955,1456.3235494880546,2918.6020477815696,3120.336518771331,1,1,2026-06-10 17:41:22.494414
NE-HV_AirDist-SupFanMtr-cDXGF-2SpClgHtg-VFDStdMtr,None,EPr,Ex,CZ16,cDXGF,0,Each,1.0,40745.491149952,223824.28999999998,64700.97,0,83226.75,0.0,27821.0,0,0,48072.2,0,0,0.0,0,0,0,7469.561433447098,1456.3235494880546,2892.901365187713,3120.336518771331,1,1,2026-06-10 17:41:22.494414
NE-HV_AirDist-SupFanMtr-cDXGF-2SpClgHtg-VFDExMtr,None,EPr,Ex,CZ15,cDXGF,0,Each,1.0,40745.491149952,334642.5,64700.97,0,83226.75,0.0,128851.01,0,0,57860.4,0,0,0.0,0,0,0,3841.0706484641637,1456.3235494880546,169.47713310580207,2215.2699658703073,1,1,2026-06-10 17:41:22.494414
NE-HV_AirDist-SupFanMtr-cDXGF-2SpClgHtg-VFDPMMtr,None,EPr,Ex,CZ15,cDXGF,0,Each,1.0,40745.491149952,332084.38,64700.97,0,83226.75,0.0,128389.9,0,0,55763.39,0,0,0.0,0,0,0,3844.8665529010236,1456.3235494880546,173.27269624573378,2215.2703071672354,1,1,2026-06-10 17:41:22.494414
NE-HV_AirDist-SupFanMtr-cDXGF-2SpClgHtg-VFDStdMtr,None,EPr,Ex,CZ15,cDXGF,0,Each,1.0,40745.491149952,333790.2899999999,64700.97,0,83226.75,0.0,128691.36,0,0,57167.84,0,0,0.0,0,0,0,3842.174744027304,1456.3235494880546,170.58122866894198,2215.2699658703073,1,1,2026-06-10 17:41:22.494414
NE-HV_AirDist-SupFanMtr-cDXGF-2SpClgHtg-VFDExMtr,None,EPr,Ex,CZ14,cDXGF,0,Each,1.0,40745.491149952,269126.44,64700.97,0,83226.75,0.0,70620.76,0,0,50574.59,0,0,0.0,0,0,0,5402.854266211604,1456.3235494880546,1235.276109215017,2711.254607508532,1,1,2026-06-10 17:41:22.494414
NE-HV_AirDist-SupFanMtr-cDXGF-2SpClgHtg-VFDPMMtr,None,EPr,Ex,CZ14,cDXGF,0,Each,1.0,40745.491149952,266794.7,64700.97,0,83226.75,0.0,70323.26,0,0,48540.35,0,0,0.0,0,0,0,5420.978839590443,1456.3235494880546,1253.4006825938566,2711.254607508532,1,1,2026-06-10 17:41:22.494414
NE-HV_AirDist-SupFanMtr-cDXGF-2SpClgHtg-VFDStdMtr,None,EPr,Ex,CZ14,cDXGF,0,Each,1.0,40745.491149952,268365.86,64700.97,0,83226.75,0.0,70517.97,0,0,49916.8,0,0,0.0,0,0,0,5408.545392491467,1456.3235494880546,1240.9665529010238,2711.255290102389,1,1,2026-06-10 17:41:22.494414
NE-HV_AirDist-SupFanMtr-cDXGF-2SpClgHtg-VFDExMtr,None,EPr,Ex,CZ13,cDXGF,0,Each,1.0,40745.491149952,271537.89,64700.97,0,83226.75,0.0,73455.88,0,0,50150.92,0,0,0.0,0,0,0,5253.046075085324,1456.3235494880546,1160.757337883959,2635.9651877133106,1,1,2026-06-10 17:41:22.494414
NE-HV_AirDist-SupFanMtr-cDXGF-2SpClgHtg-VFDPMMtr,None,EPr,Ex,CZ13,cDXGF,0,Each,1.0,40745.491149952,269171.06,64700.97,0,83226.75,0.0,73145.95,0,0,48094.02,0,0,0.0,0,0,0,5272.588054607508,1456.3235494880546,1180.2993174061432,2635.9651877133106,1,1,2026-06-10 17:41:22.494414
NE-HV_AirDist-SupFanMtr-cDXGF-2SpClgHtg-VFDStdMtr,None,EPr,Ex,CZ13,cDXGF,0,Each,1.0,40745.491149952,270771.26999999996,64700.97,0,83226.75,0.0,73349.17,0,0,49491.01,0,0,0.0,0,0,0,5259.473720136518,1456.3235494880546,1167.1849829351534,2635.9651877133106,1,1,2026-06-10 17:41:22.494414
NE-HV_AirDist-SupFanMtr-cDXGF-2SpClgHtg-VFDExMtr,None,EPr,Ex,CZ12,cDXGF,0,Each,1.0,40745.491149952,242634.24,64700.97,0,83226.75,0.0,50704.72,0,0,43998.43,0,0,0.0,0,0,0,5742.666894197952,1456.3235494880546,1461.6054607508531,2824.7378839590447,1,1,2026-06-10 17:41:22.494414
NE-HV_AirDist-SupFanMtr-cDXGF-2SpClgHtg-VFDPMMtr,None,EPr,Ex,CZ12,cDXGF,0,Each,1.0,40745.491149952,240499.76,64700.97,0,83226.75,0.0,50463.22,0,0,42105.45,0,0,0.0,0,0,0,5764.323890784983,1456.3235494880546,1483.2621160409556,2824.738225255973,1,1,2026-06-10 17:41:22.494414
NE-HV_AirDist-SupFanMtr-cDXGF-2SpClgHtg-VFDStdMtr,None,EPr,Ex,CZ12,cDXGF,0,Each,1.0,40745.491149952,241944.03000000003,64700.97,0,83226.75,0.0,50622.89,0,0,43390.05,0,0,0.0,0,0,0,5748.775085324232,1456.3235494880546,1467.713651877133,2824.7378839590447,1,1,2026-06-10 17:41:22.494414
NE-HV_AirDist-SupFanMtr-cDXGF-2SpClgHtg-VFDExMtr,None,EPr,Ex,CZ11,cDXGF,0,Each,1.0,40745.491149952,267234.08,64700.97,0,83226.75,0.0,69493.45,0,0,49809.54,0,0,0.0,0,0,0,5634.773720136518,1456.3235494880546,1485.6242320819113,2692.825938566553,1,1,2026-06-10 17:41:22.494414
NE-HV_AirDist-SupFanMtr-cDXGF-2SpClgHtg-VFDPMMtr,None,EPr,Ex,CZ11,cDXGF,0,Each,1.0,40745.491149952,264930.75,64700.97,0,83226.75,0.0,69207.48,0,0,47792.18,0,0,0.0,0,0,0,5657.590443686006,1456.3235494880546,1508.439590443686,2692.827303754266,1,1,2026-06-10 17:41:22.494414
NE-HV_AirDist-SupFanMtr-cDXGF-2SpClgHtg-VFDStdMtr,None,EPr,Ex,CZ11,cDXGF,0,Each,1.0,40745.491149952,266491.81,64700.97,0,83226.75,0.0,69394.99,0,0,49165.73,0,0,0.0,0,0,0,5642.667576791809,1456.3235494880546,1493.518771331058,2692.825255972696,1,1,2026-06-10 17:41:22.494414
NE-HV_AirDist-SupFanMtr-cDXGF-2SpClgHtg-VFDExMtr,None,EPr,Ex,CZ10,cDXGF,0,Each,1.0,40745.491149952,258487.21999999997,64700.97,0,83226.75,0.0,67193.55,0,0,43362.58,0,0,0.0,0,0,0,4559.08156996587,1456.3235494880546,470.3235494880546,2632.434470989761,1,1,2026-06-10 17:41:22.494414
NE-HV_AirDist-SupFanMtr-cDXGF-2SpClgHtg-VFDPMMtr,None,EPr,Ex,CZ10,cDXGF,0,Each,1.0,40745.491149952,256344.99,64700.97,0,83226.75,0.0,66867.47,0,0,41546.43,0,0,0.0,0,0,0,4567.387372013653,1456.3235494880546,478.6293515358362,2632.434470989761,1,1,2026-06-10 17:41:22.494414
NE-HV_AirDist-SupFanMtr-cDXGF-2SpClgHtg-VFDStdMtr,None,EPr,Ex,CZ10,cDXGF,0,Each,1.0,40745.491149952,257792.97,64700.97,0,83226.75,0.0,67081.47,0,0,42780.41,0,0,0.0,0,0,0,4561.523208191126,1456.3235494880546,472.7651877133106,2632.434470989761,1,1,2026-06-10 17:41:22.494414
NE-HV_AirDist-SupFanMtr-cDXGF-2SpClgHtg-VFDExMtr,None,EPr,Ex,CZ09,cDXGF,0,Each,1.0,40745.491149952,254934.43,64700.97,0,83226.75,0.0,61732.01,0,0,45271.33,0,0,0.0,0,0,0,4559.703071672355,1456.3235494880546,434.30102389078496,2669.078498293515,1,1,2026-06-10 17:41:22.494414
NE-HV_AirDist-SupFanMtr-cDXGF-2SpClgHtg-VFDPMMtr,None,EPr,Ex,CZ09,cDXGF,0,Each,1.0,40745.491149952,252695.16999999998,64700.97,0,83226.75,0.0,61406.42,0,0,43357.66,0,0,0.0,0,0,0,4567.679180887372,1456.3235494880546,442.277133105802,2669.078498293515,1,1,2026-06-10 17:41:22.494414
NE-HV_AirDist-SupFanMtr-cDXGF-2SpClgHtg-VFDStdMtr,None,EPr,Ex,CZ09,cDXGF,0,Each,1.0,40745.491149952,254221.34999999998,64700.97,0,83226.75,0.0,61619.55,0,0,44670.71,0,0,0.0,0,0,0,4562.583959044368,1456.3235494880546,437.1819112627986,2669.078498293515,1,1,2026-06-10 17:41:22.494414
NE-HV_AirDist-SupFanMtr-cDXGF-2SpClgHtg-VFDExMtr,None,EPr,Ex,CZ08,cDXGF,0,Each,1.0,40745.491149952,254739.97999999998,64700.97,0,83226.75,0.0,62629.0,0,0,44179.89,0,0,0.0,0,0,0,4456.618088737201,1456.3235494880546,350.1696245733788,2650.124914675768,1,1,2026-06-10 17:41:22.494414
NE-HV_AirDist-SupFanMtr-cDXGF-2SpClgHtg-VFDPMMtr,None,EPr,Ex,CZ08,cDXGF,0,Each,1.0,40745.491149952,252576.95,64700.97,0,83226.75,0.0,62290.33,0,0,42355.53,0,0,0.0,0,0,0,4463.027986348123,1456.3235494880546,356.57952218430034,2650.124914675768,1,1,2026-06-10 17:41:22.494414
NE-HV_AirDist-SupFanMtr-cDXGF-2SpClgHtg-VFDStdMtr,None,EPr,Ex,CZ08,cDXGF,0,Each,1.0,40745.491149952,254043.28999999998,64700.97,0,83226.75,0.0,62513.12,0,0,43599.08,0,0,0.0,0,0,0,4458.598293515358,1456.3235494880546,352.1498293515358,2650.124914675768,1,1,2026-06-10 17:41:22.494414
NE-HV_AirDist-SupFanMtr-cDXGF-2SpClgHtg-VFDExMtr,None,EPr,Ex,CZ07,cDXGF,0,Each,1.0,40745.491149952,231397.59,64700.97,0,83226.75,0.0,43458.12,0,0,40008.38,0,0,0.0,0,0,0,4410.984641638225,1456.3235494880546,246.26518771331055,2708.39590443686,1,1,2026-06-10 17:41:22.494414
NE-HV_AirDist-SupFanMtr-cDXGF-2SpClgHtg-VFDPMMtr,None,EPr,Ex,CZ07,cDXGF,0,Each,1.0,40745.491149952,229384.24,64700.97,0,83226.75,0.0,43166.56,0,0,38286.59,0,0,0.0,0,0,0,4417.001023890785,1456.3235494880546,252.26587030716723,2708.4116040955632,1,1,2026-06-10 17:41:22.494414
NE-HV_AirDist-SupFanMtr-cDXGF-2SpClgHtg-VFDStdMtr,None,EPr,Ex,CZ07,cDXGF,0,Each,1.0,40745.491149952,230753.24,64700.97,0,83226.75,0.0,43358.21,0,0,39463.94,0,0,0.0,0,0,0,4412.660750853242,1456.3235494880546,247.93242320819112,2708.404778156996,1,1,2026-06-10 17:41:22.494414
NE-HV_AirDist-SupFanMtr-cDXGF-2SpClgHtg-VFDExMtr,None,EPr,Ex,CZ06,cDXGF,0,Each,1.0,40745.491149952,231217.46,64700.97,0,83226.75,0.0,42950.38,0,0,40335.99,0,0,0.0,0,0,0,4454.2180887372015,1456.3235494880546,259.78737201365186,2738.1071672354947,1,1,2026-06-10 17:41:22.494414
NE-HV_AirDist-SupFanMtr-cDXGF-2SpClgHtg-VFDPMMtr,None,EPr,Ex,CZ06,cDXGF,0,Each,1.0,40745.491149952,229225.69999999998,64700.97,0,83226.75,0.0,42658.62,0,0,38635.99,0,0,0.0,0,0,0,4460.306825938566,1456.3235494880546,265.87610921501704,2738.1071672354947,1,1,2026-06-10 17:41:22.494414
NE-HV_AirDist-SupFanMtr-cDXGF-2SpClgHtg-VFDStdMtr,None,EPr,Ex,CZ06,cDXGF,0,Each,1.0,40745.491149952,230584.6,64700.97,0,83226.75,0.0,42850.6,0,0,39802.91,0,0,0.0,0,0,0,4455.9378839590445,1456.3235494880546,261.5071672354949,2738.1071672354947,1,1,2026-06-10 17:41:22.494414
NE-HV_AirDist-SupFanMtr-cDXGF-2SpClgHtg-VFDExMtr,None,EPr,Ex,CZ05,cDXGF,0,Each,1.0,40745.491149952,207360.56,64700.97,0,83226.75,0.0,24139.9,0,0,35289.57,0,0,0.0,0,0,0,5424.155290102389,1456.3235494880546,992.3982935153583,2975.433447098976,1,1,2026-06-10 17:41:22.494414
NE-HV_AirDist-SupFanMtr-cDXGF-2SpClgHtg-VFDPMMtr,None,EPr,Ex,CZ05,cDXGF,0,Each,1.0,40745.491149952,205570.41,64700.97,0,83226.75,0.0,23976.17,0,0,33663.15,0,0,0.0,0,0,0,5441.0781569965875,1456.3235494880546,1009.3208191126279,2975.4337883959047,1,1,2026-06-10 17:41:22.494414
NE-HV_AirDist-SupFanMtr-cDXGF-2SpClgHtg-VFDStdMtr,None,EPr,Ex,CZ05,cDXGF,0,Each,1.0,40745.491149952,206817.01,64700.97,0,83226.75,0.0,24085.05,0,0,34800.87,0,0,0.0,0,0,0,5429.17337883959,1456.3235494880546,997.4163822525596,2975.433447098976,1,1,2026-06-10 17:41:22.494414
NE-HV_AirDist-SupFanMtr-cDXGF-2SpClgHtg-VFDExMtr,None,EPr,Ex,CZ04,cDXGF,0,Each,1.0,40745.491149952,242500.93999999997,64700.97,0,83226.75,0.0,50953.11,0,0,43616.74,0,0,0.0,0,0,0,5677.739249146758,1456.3235494880546,1352.5805460750853,2868.8351535836177,1,1,2026-06-10 17:41:22.494414
NE-HV_AirDist-SupFanMtr-cDXGF-2SpClgHtg-VFDPMMtr,None,EPr,Ex,CZ04,cDXGF,0,Each,1.0,40745.491149952,240447.38,64700.97,0,83226.75,0.0,50727.56,0,0,41788.73,0,0,0.0,0,0,0,5698.016040955631,1456.3235494880546,1372.857337883959,2868.8351535836177,1,1,2026-06-10 17:41:22.494414
NE-HV_AirDist-SupFanMtr-cDXGF-2SpClgHtg-VFDStdMtr,None,EPr,Ex,CZ04,cDXGF,0,Each,1.0,40745.491149952,241855.87,64700.97,0,83226.75,0.0,50876.37,0,0,43048.41,0,0,0.0,0,0,0,5683.828668941979,1456.3235494880546,1358.6699658703071,2868.8351535836177,1,1,2026-06-10 17:41:22.494414
NE-HV_AirDist-SupFanMtr-cDXGF-2SpClgHtg-VFDExMtr,None,EPr,Ex,CZ03,cDXGF,0,Each,1.0,40745.491149952,204025.34,64700.97,0,83226.75,0.0,21337.96,0,0,34756.29,0,0,0.0,0,0,0,5421.582935153584,1456.3235494880546,1005.1788395904438,2960.0805460750853,1,1,2026-06-10 17:41:22.494414
NE-HV_AirDist-SupFanMtr-cDXGF-2SpClgHtg-VFDPMMtr,None,EPr,Ex,CZ03,cDXGF,0,Each,1.0,40745.491149952,202247.83,64700.97,0,83226.75,0.0,21181.83,0,0,33134.91,0,0,0.0,0,0,0,5438.6894197952215,1456.3235494880546,1022.2856655290102,2960.080204778157,1,1,2026-06-10 17:41:22.494414
NE-HV_AirDist-SupFanMtr-cDXGF-2SpClgHtg-VFDStdMtr,None,EPr,Ex,CZ03,cDXGF,0,Each,1.0,40745.491149952,203487.91,64700.97,0,83226.75,0.0,21285.41,0,0,34271.41,0,0,0.0,0,0,0,5427.120819112628,1456.3235494880546,1010.716723549488,2960.0805460750853,1,1,2026-06-10 17:41:22.494414
NE-HV_AirDist-SupFanMtr-cDXGF-2SpClgHtg-VFDExMtr,None,EPr,Ex,CZ02,cDXGF,0,Each,1.0,40745.491149952,219930.97999999998,64700.97,0,83226.75,0.0,33013.75,0,0,38986.14,0,0,0.0,0,0,0,6122.005460750854,1456.3235494880546,1674.5699658703072,2991.1119453924916,1,1,2026-06-10 17:41:22.494414
NE-HV_AirDist-SupFanMtr-cDXGF-2SpClgHtg-VFDPMMtr,None,EPr,Ex,CZ02,cDXGF,0,Each,1.0,40745.491149952,218034.75,64700.97,0,83226.75,0.0,32839.54,0,0,37264.12,0,0,0.0,0,0,0,6146.140273037543,1456.3235494880546,1698.6798634812287,2991.136860068259,1,1,2026-06-10 17:41:22.494414
NE-HV_AirDist-SupFanMtr-cDXGF-2SpClgHtg-VFDStdMtr,None,EPr,Ex,CZ02,cDXGF,0,Each,1.0,40745.491149952,219331.64999999997,64700.97,0,83226.75,0.0,32955.39,0,0,38445.17,0,0,0.0,0,0,0,6128.958361774743,1456.3235494880546,1681.537542662116,2991.097269624573,1,1,2026-06-10 17:41:22.494414
NE-HV_AirDist-SupFanMtr-cDXGF-2SpClgHtg-VFDExMtr,None,EPr,Ex,CZ01,cDXGF,0,Each,1.0,40745.491149952,187783.04,64700.97,0,83226.75,0.0,8956.35,0,0,30895.6,0,0,0.0,0,0,0,7321.347440273037,1456.3235494880546,2669.353242320819,3195.6706484641636,1,1,2026-06-10 17:41:22.494414
NE-HV_AirDist-SupFanMtr-cDXGF-2SpClgHtg-VFDPMMtr,None,EPr,Ex,CZ01,cDXGF,0,Each,1.0,40745.491149952,186281.99000000002,64700.97,0,83226.75,0.0,8915.86,0,0,29435.04,0,0,0.0,0,0,0,7355.842662116041,1456.3235494880546,2703.848805460751,3195.6703071672355,1,1,2026-06-10 17:41:22.494414
NE-HV_AirDist-SupFanMtr-cDXGF-2SpClgHtg-VFDStdMtr,None,EPr,Ex,CZ01,cDXGF,0,Each,1.0,40745.491149952,187343.0,64700.97,0,83226.75,0.0,8943.08,0,0,30468.83,0,0,0.0,0,0,0,7331.800341296928,1456.3235494880546,2679.8064846416382,3195.6703071672355,1,1,2026-06-10 17:41:22.494414
NE-HV_AirDist-SupFanMtr-cDXOH-2SpClgHtg-VFDExMtr,None,ECC,Ex,CZ16,cDXOH,0,Each,1.0,284192.63738854404,1879422.3099999998,358430.2,0,945189.93,0.0,174754.54,0,0,400242.86,0,0,0.0,0,0,0,18818.572354948803,2342.1153583617747,91.53856655290102,16384.91843003413,1,1,2026-06-10 17:41:22.494414
NE-HV_AirDist-SupFanMtr-cDXOH-2SpClgHtg-VFDPMMtr,None,ECC,Ex,CZ16,cDXOH,0,Each,1.0,284192.63738854404,1867089.42,358430.2,0,945189.93,0.0,173641.49,0,0,389023.26,0,0,0.0,0,0,0,18816.333788395907,2342.1153583617747,91.61092150170647,16382.607508532423,1,1,2026-06-10 17:41:22.494414
NE-HV_AirDist-SupFanMtr-cDXOH-2SpClgHtg-VFDStdMtr,None,ECC,Ex,CZ16,cDXOH,0,Each,1.0,284192.63738854404,1875806.4299999997,358430.2,0,945189.93,0.0,174371.3,0,0,397010.1,0,0,0.0,0,0,0,18817.81638225256,2342.1153583617747,91.48873720136518,16384.21228668942,1,1,2026-06-10 17:41:22.494414
NE-HV_AirDist-SupFanMtr-cDXOH-2SpClgHtg-VFDExMtr,None,ECC,Ex,CZ15,cDXOH,0,Each,1.0,284192.63738854404,2484048.79,358430.2,0,945189.93,0.0,773817.04,0,0,405418.08,0,0,0.0,0,0,0,13740.144368600682,2342.1153583617747,0.26382252559726965,11397.76518771331,1,1,2026-06-10 17:41:22.494414
NE-HV_AirDist-SupFanMtr-cDXOH-2SpClgHtg-VFDPMMtr,None,ECC,Ex,CZ15,cDXOH,0,Each,1.0,284192.63738854404,2466068.5100000002,358430.2,0,945189.93,0.0,770634.19,0,0,390620.72,0,0,0.0,0,0,0,13740.14470989761,2342.1153583617747,0.26382252559726965,11397.76552901024,1,1,2026-06-10 17:41:22.494414
NE-HV_AirDist-SupFanMtr-cDXOH-2SpClgHtg-VFDStdMtr,None,ECC,Ex,CZ15,cDXOH,0,Each,1.0,284192.63738854404,2478017.8000000003,358430.2,0,945189.93,0.0,772721.13,0,0,400482.98,0,0,0.0,0,0,0,13740.144368600682,2342.1153583617747,0.26382252559726965,11397.76518771331,1,1,2026-06-10 17:41:22.494414
NE-HV_AirDist-SupFanMtr-cDXOH-2SpClgHtg-VFDExMtr,None,ECC,Ex,CZ14,cDXOH,0,Each,1.0,284192.63738854404,2101271.27,358430.2,0,945189.93,0.0,426414.95,0,0,370318.1,0,0,0.0,0,0,0,16494.57303754266,2342.1153583617747,20.939590443686004,14131.5180887372,1,1,2026-06-10 17:41:22.494414
NE-HV_AirDist-SupFanMtr-cDXOH-2SpClgHtg-VFDPMMtr,None,ECC,Ex,CZ14,cDXOH,0,Each,1.0,284192.63738854404,2087102.17,358430.2,0,945189.93,0.0,424433.53,0,0,358130.71,0,0,0.0,0,0,0,16493.715358361773,2342.1153583617747,20.969624573378837,14130.63037542662,1,1,2026-06-10 17:41:22.494414
NE-HV_AirDist-SupFanMtr-cDXOH-2SpClgHtg-VFDStdMtr,None,ECC,Ex,CZ14,cDXOH,0,Each,1.0,284192.63738854404,2096763.8,358430.2,0,945189.93,0.0,425733.67,0,0,366491.97,0,0,0.0,0,0,0,16494.1795221843,2342.1153583617747,20.965529010238907,14131.098634812286,1,1,2026-06-10 17:41:22.494414
NE-HV_AirDist-SupFanMtr-cDXOH-2SpClgHtg-VFDExMtr,None,ECC,Ex,CZ13,cDXOH,0,Each,1.0,284192.63738854404,2109024.06,358430.2,0,945189.93,0.0,441676.38,0,0,362682.07,0,0,0.0,0,0,0,16085.356655290101,2342.1153583617747,34.9037542662116,13708.337542662115,1,1,2026-06-10 17:41:22.494414
NE-HV_AirDist-SupFanMtr-cDXOH-2SpClgHtg-VFDPMMtr,None,ECC,Ex,CZ13,cDXOH,0,Each,1.0,284192.63738854404,2094594.69,358430.2,0,945189.93,0.0,439636.59,0,0,350292.66,0,0,0.0,0,0,0,16083.96109215017,2342.1153583617747,34.71331058020478,13707.13242320819,1,1,2026-06-10 17:41:22.494414
NE-HV_AirDist-SupFanMtr-cDXOH-2SpClgHtg-VFDStdMtr,None,ECC,Ex,CZ13,cDXOH,0,Each,1.0,284192.63738854404,2104497.64,358430.2,0,945189.93,0.0,440976.33,0,0,358855.74,0,0,0.0,0,0,0,16084.958361774743,2342.1153583617747,34.90853242320819,13707.93447098976,1,1,2026-06-10 17:41:22.494414
NE-HV_AirDist-SupFanMtr-cDXOH-2SpClgHtg-VFDExMtr,None,ECC,Ex,CZ12,cDXOH,0,Each,1.0,284192.63738854404,1926839.59,358430.2,0,945189.93,0.0,297434.1,0,0,324850.51,0,0,0.0,0,0,0,17142.025938566552,2342.1153583617747,45.6703071672355,14754.240273037542,1,1,2026-06-10 17:41:22.494414
NE-HV_AirDist-SupFanMtr-cDXOH-2SpClgHtg-VFDPMMtr,None,ECC,Ex,CZ12,cDXOH,0,Each,1.0,284192.63738854404,1914360.28,358430.2,0,945189.93,0.0,295826.14,0,0,313979.34,0,0,0.0,0,0,0,17140.37201365188,2342.1153583617747,45.62389078498293,14752.632764505119,1,1,2026-06-10 17:41:22.494414
NE-HV_AirDist-SupFanMtr-cDXOH-2SpClgHtg-VFDStdMtr,None,ECC,Ex,CZ12,cDXOH,0,Each,1.0,284192.63738854404,1922940.47,358430.2,0,945189.93,0.0,296876.47,0,0,321509.02,0,0,0.0,0,0,0,17141.368941979523,2342.1153583617747,45.602730375426624,14753.65085324232,1,1,2026-06-10 17:41:22.494414
NE-HV_AirDist-SupFanMtr-cDXOH-2SpClgHtg-VFDExMtr,None,ECC,Ex,CZ11,cDXOH,0,Each,1.0,284192.63738854404,2082531.1199999999,358430.2,0,945189.93,0.0,415612.09,0,0,362309.91,0,0,0.0,0,0,0,16409.656655290102,2342.1153583617747,47.774061433447095,14019.767235494879,1,1,2026-06-10 17:41:22.494414
NE-HV_AirDist-SupFanMtr-cDXOH-2SpClgHtg-VFDPMMtr,None,ECC,Ex,CZ11,cDXOH,0,Each,1.0,284192.63738854404,2068427.83,358430.2,0,945189.93,0.0,413617.9,0,0,350201.01,0,0,0.0,0,0,0,16407.55494880546,2342.1153583617747,47.78668941979522,14017.65290102389,1,1,2026-06-10 17:41:22.494414
NE-HV_AirDist-SupFanMtr-cDXOH-2SpClgHtg-VFDStdMtr,None,ECC,Ex,CZ11,cDXOH,0,Each,1.0,284192.63738854404,2078084.4,358430.2,0,945189.93,0.0,414924.79,0,0,358550.59,0,0,0.0,0,0,0,16408.49965870307,2342.1153583617747,47.720136518771334,14018.664163822525,1,1,2026-06-10 17:41:22.494414
NE-HV_AirDist-SupFanMtr-cDXOH-2SpClgHtg-VFDExMtr,None,ECC,Ex,CZ10,cDXOH,0,Each,1.0,284192.63738854404,2039216.11,358430.2,0,945189.93,0.0,410783.52,0,0,323733.2,0,0,0.0,0,0,0,16043.65494880546,2342.1153583617747,2.9252559726962453,13698.61433447099,1,1,2026-06-10 17:41:22.494414
NE-HV_AirDist-SupFanMtr-cDXOH-2SpClgHtg-VFDPMMtr,None,ECC,Ex,CZ10,cDXOH,0,Each,1.0,284192.63738854404,2024212.91,358430.2,0,945189.93,0.0,408534.72,0,0,310978.84,0,0,0.0,0,0,0,16043.481228668941,2342.1153583617747,2.989419795221843,13698.376450511945,1,1,2026-06-10 17:41:22.494414
NE-HV_AirDist-SupFanMtr-cDXOH-2SpClgHtg-VFDStdMtr,None,ECC,Ex,CZ10,cDXOH,0,Each,1.0,284192.63738854404,2034348.3,358430.2,0,945189.93,0.0,409992.9,0,0,319655.96,0,0,0.0,0,0,0,16043.94880546075,2342.1153583617747,2.9511945392491468,13698.882252559726,1,1,2026-06-10 17:41:22.494414
NE-HV_AirDist-SupFanMtr-cDXOH-2SpClgHtg-VFDExMtr,None,ECC,Ex,CZ09,cDXOH,0,Each,1.0,284192.63738854404,2001693.22,358430.2,0,945189.93,0.0,373701.88,0,0,323276.73,0,0,0.0,0,0,0,16245.058361774745,2342.1153583617747,1.3187713310580205,13901.624232081911,1,1,2026-06-10 17:41:22.494414
NE-HV_AirDist-SupFanMtr-cDXOH-2SpClgHtg-VFDPMMtr,None,ECC,Ex,CZ09,cDXOH,0,Each,1.0,284192.63738854404,1986380.51,358430.2,0,945189.93,0.0,371600.14,0,0,310065.54,0,0,0.0,0,0,0,16244.466894197953,2342.1153583617747,1.2959044368600683,13901.055631399317,1,1,2026-06-10 17:41:22.494414
NE-HV_AirDist-SupFanMtr-cDXOH-2SpClgHtg-VFDStdMtr,None,ECC,Ex,CZ09,cDXOH,0,Each,1.0,284192.63738854404,1996811.0599999998,358430.2,0,945189.93,0.0,372968.83,0,0,319127.61,0,0,0.0,0,0,0,16245.19180887372,2342.1153583617747,1.3204778156996586,13901.755972696246,1,1,2026-06-10 17:41:22.494414
NE-HV_AirDist-SupFanMtr-cDXOH-2SpClgHtg-VFDExMtr,None,ECC,Ex,CZ08,cDXOH,0,Each,1.0,284192.63738854404,1990456.3299999998,358430.2,0,945189.93,0.0,380440.4,0,0,305304.62,0,0,0.0,0,0,0,16139.60034129693,2342.1153583617747,0.011945392491467576,13797.473037542662,1,1,2026-06-10 17:41:22.494414
NE-HV_AirDist-SupFanMtr-cDXOH-2SpClgHtg-VFDPMMtr,None,ECC,Ex,CZ08,cDXOH,0,Each,1.0,284192.63738854404,1975637.48,358430.2,0,945189.93,0.0,378252.03,0,0,292674.31,0,0,0.0,0,0,0,16139.614675767916,2342.1153583617747,0.012969283276450512,13797.486348122866,1,1,2026-06-10 17:41:22.494414
NE-HV_AirDist-SupFanMtr-cDXOH-2SpClgHtg-VFDStdMtr,None,ECC,Ex,CZ08,cDXOH,0,Each,1.0,284192.63738854404,1985658.8399999999,358430.2,0,945189.93,0.0,379683.28,0,0,301264.25,0,0,0.0,0,0,0,16139.826279863482,2342.1153583617747,0.012286689419795221,13797.698634812286,1,1,2026-06-10 17:41:22.494414
NE-HV_AirDist-SupFanMtr-cDXOH-2SpClgHtg-VFDExMtr,None,ECC,Ex,CZ07,cDXOH,0,Each,1.0,284192.63738854404,1843527.55,358430.2,0,945189.93,0.0,259229.44,0,0,279611.58,0,0,0.0,0,0,0,16461.363139931742,2342.1153583617747,0.0,14119.247781569966,1,1,2026-06-10 17:41:22.494414
NE-HV_AirDist-SupFanMtr-cDXOH-2SpClgHtg-VFDPMMtr,None,ECC,Ex,CZ07,cDXOH,0,Each,1.0,284192.63738854404,1829777.6400000001,358430.2,0,945189.93,0.0,257433.59,0,0,267657.56,0,0,0.0,0,0,0,16461.297269624574,2342.1153583617747,0.0,14119.1819112628,1,1,2026-06-10 17:41:22.494414
NE-HV_AirDist-SupFanMtr-cDXOH-2SpClgHtg-VFDStdMtr,None,ECC,Ex,CZ07,cDXOH,0,Each,1.0,284192.63738854404,1839102.73,358430.2,0,945189.93,0.0,258608.86,0,0,275807.34,0,0,0.0,0,0,0,16461.23651877133,2342.1153583617747,0.0,14119.121160409555,1,1,2026-06-10 17:41:22.494414
NE-HV_AirDist-SupFanMtr-cDXOH-2SpClgHtg-VFDExMtr,None,ECC,Ex,CZ06,cDXOH,0,Each,1.0,284192.63738854404,1841715.2899999998,358430.2,0,945189.93,0.0,249152.9,0,0,287926.85,0,0,0.0,0,0,0,16625.719112627987,2342.1153583617747,0.0,14283.603754266212,1,1,2026-06-10 17:41:22.494414
NE-HV_AirDist-SupFanMtr-cDXOH-2SpClgHtg-VFDPMMtr,None,ECC,Ex,CZ06,cDXOH,0,Each,1.0,284192.63738854404,1827955.0,358430.2,0,945189.93,0.0,247353.88,0,0,275965.79,0,0,0.0,0,0,0,16625.699317406143,2342.1153583617747,0.0,14283.583959044368,1,1,2026-06-10 17:41:22.494414
NE-HV_AirDist-SupFanMtr-cDXOH-2SpClgHtg-VFDStdMtr,None,ECC,Ex,CZ06,cDXOH,0,Each,1.0,284192.63738854404,1837319.0899999999,358430.2,0,945189.93,0.0,248533.06,0,0,284150.65,0,0,0.0,0,0,0,16625.676791808874,2342.1153583617747,0.0,14283.561433447097,1,1,2026-06-10 17:41:22.494414
NE-HV_AirDist-SupFanMtr-cDXOH-2SpClgHtg-VFDExMtr,None,ECC,Ex,CZ05,cDXOH,0,Each,1.0,284192.63738854404,1713270.96,358430.2,0,945189.93,0.0,127544.94,0,0,281292.91,0,0,0.0,0,0,0,17941.50580204778,2342.1153583617747,7.819112627986348,15591.57133105802,1,1,2026-06-10 17:41:22.494414
NE-HV_AirDist-SupFanMtr-cDXOH-2SpClgHtg-VFDPMMtr,None,ECC,Ex,CZ05,cDXOH,0,Each,1.0,284192.63738854404,1701493.9700000002,358430.2,0,945189.93,0.0,126508.41,0,0,270552.57,0,0,0.0,0,0,0,17941.827303754268,2342.1153583617747,7.986348122866894,15591.725597269624,1,1,2026-06-10 17:41:22.494414
NE-HV_AirDist-SupFanMtr-cDXOH-2SpClgHtg-VFDStdMtr,None,ECC,Ex,CZ05,cDXOH,0,Each,1.0,284192.63738854404,1709732.6999999997,358430.2,0,945189.93,0.0,127194.52,0,0,278105.11,0,0,0.0,0,0,0,17941.88156996587,2342.1153583617747,7.849488054607509,15591.916723549486,1,1,2026-06-10 17:41:22.494414
NE-HV_AirDist-SupFanMtr-cDXOH-2SpClgHtg-VFDExMtr,None,ECC,Ex,CZ04,cDXOH,0,Each,1.0,284192.63738854404,1929432.6600000001,358430.2,0,945189.93,0.0,298926.69,0,0,325984.79,0,0,0.0,0,0,0,17375.584300341296,2342.1153583617747,35.28122866894198,14998.18771331058,1,1,2026-06-10 17:41:22.494414
NE-HV_AirDist-SupFanMtr-cDXOH-2SpClgHtg-VFDPMMtr,None,ECC,Ex,CZ04,cDXOH,0,Each,1.0,284192.63738854404,1916790.2,358430.2,0,945189.93,0.0,297401.26,0,0,314868.03,0,0,0.0,0,0,0,17374.37406143345,2342.1153583617747,35.28464163822525,14996.974061433448,1,1,2026-06-10 17:41:22.494414
NE-HV_AirDist-SupFanMtr-cDXOH-2SpClgHtg-VFDStdMtr,None,ECC,Ex,CZ04,cDXOH,0,Each,1.0,284192.63738854404,1925442.9100000001,358430.2,0,945189.93,0.0,298405.65,0,0,322516.09,0,0,0.0,0,0,0,17375.31228668942,2342.1153583617747,35.28976109215017,14997.907167235495,1,1,2026-06-10 17:41:22.494414
NE-HV_AirDist-SupFanMtr-cDXOH-2SpClgHtg-VFDExMtr,None,ECC,Ex,CZ03,cDXOH,0,Each,1.0,284192.63738854404,1677688.38,358430.2,0,945189.93,0.0,98726.43,0,0,274535.42,0,0,0.0,0,0,0,17860.40819112628,2342.1153583617747,12.605119453924914,15505.68771331058,1,1,2026-06-10 17:41:22.494414
NE-HV_AirDist-SupFanMtr-cDXOH-2SpClgHtg-VFDPMMtr,None,ECC,Ex,CZ03,cDXOH,0,Each,1.0,284192.63738854404,1666258.6300000001,358430.2,0,945189.93,0.0,97808.26,0,0,264024.08,0,0,0.0,0,0,0,17861.009556313995,2342.1153583617747,12.697269624573378,15506.196928327645,1,1,2026-06-10 17:41:22.494414
NE-HV_AirDist-SupFanMtr-cDXOH-2SpClgHtg-VFDStdMtr,None,ECC,Ex,CZ03,cDXOH,0,Each,1.0,284192.63738854404,1674256.6800000002,358430.2,0,945189.93,0.0,98414.93,0,0,271415.29,0,0,0.0,0,0,0,17860.35870307167,2342.1153583617747,12.591467576791809,15505.651877133105,1,1,2026-06-10 17:41:22.494414
NE-HV_AirDist-SupFanMtr-cDXOH-2SpClgHtg-VFDExMtr,None,ECC,Ex,CZ02,cDXOH,0,Each,1.0,284192.63738854404,1796259.6900000002,358430.2,0,945189.93,0.0,189130.22,0,0,302692.33,0,0,0.0,0,0,0,18061.062457337885,2342.1153583617747,45.10614334470989,15673.840955631398,1,1,2026-06-10 17:41:22.494414
NE-HV_AirDist-SupFanMtr-cDXOH-2SpClgHtg-VFDPMMtr,None,ECC,Ex,CZ02,cDXOH,0,Each,1.0,284192.63738854404,1785198.8800000001,358430.2,0,945189.93,0.0,187987.34,0,0,292774.61,0,0,0.0,0,0,0,18059.37508532423,2342.1153583617747,45.058703071672355,15672.201023890784,1,1,2026-06-10 17:41:22.494414
NE-HV_AirDist-SupFanMtr-cDXOH-2SpClgHtg-VFDStdMtr,None,ECC,Ex,CZ02,cDXOH,0,Each,1.0,284192.63738854404,1792934.47,358430.2,0,945189.93,0.0,188745.58,0,0,299751.81,0,0,0.0,0,0,0,18061.109556313993,2342.1153583617747,45.15836177474403,15673.835836177475,1,1,2026-06-10 17:41:22.494414
NE-HV_AirDist-SupFanMtr-cDXOH-2SpClgHtg-VFDExMtr,None,ECC,Ex,CZ01,cDXOH,0,Each,1.0,284192.63738854404,1602896.1300000001,358430.2,0,945189.93,0.0,31147.27,0,0,267489.45,0,0,0.0,0,0,0,19175.294539249146,2342.1153583617747,27.649829351535836,16805.529351535835,1,1,2026-06-10 17:41:22.494414
NE-HV_AirDist-SupFanMtr-cDXOH-2SpClgHtg-VFDPMMtr,None,ECC,Ex,CZ01,cDXOH,0,Each,1.0,284192.63738854404,1595693.22,358430.2,0,945189.93,0.0,30921.15,0,0,260512.8,0,0,0.0,0,0,0,19175.27883959044,2342.1153583617747,27.6839590443686,16805.479522184298,1,1,2026-06-10 17:41:22.494414
NE-HV_AirDist-SupFanMtr-cDXOH-2SpClgHtg-VFDStdMtr,None,ECC,Ex,CZ01,cDXOH,0,Each,1.0,284192.63738854404,1600951.87,358430.2,0,945189.93,0.0,31075.31,0,0,265617.26,0,0,0.0,0,0,0,19176.01706484642,2342.1153583617747,27.670307167235496,16806.231399317407,1,1,2026-06-10 17:41:22.494414
NE-HV_AirDist-SupFanMtr-cDXHP-2SpClgHtg-VFDExMtr,None,ECC,Ex,CZ16,cDXHP,0,Each,1.0,284192.63738854404,1845889.81,358430.2,0,945189.93,47675.83,177660.56,0,0,316097.59,0,0,0.0,0,0,0,18793.143686006824,2342.1153583617747,63.80546075085324,16387.222866894197,1,1,2026-06-10 17:41:22.494414
NE-HV_AirDist-SupFanMtr-cDXHP-2SpClgHtg-VFDPMMtr,None,ECC,Ex,CZ16,cDXHP,0,Each,1.0,284192.63738854404,1830994.41,358430.2,0,945189.93,48477.15,176506.18,0,0,301555.43,0,0,0.0,0,0,0,18793.341638225258,2342.1153583617747,63.83344709897611,16387.392832764504,1,1,2026-06-10 17:41:22.494414
NE-HV_AirDist-SupFanMtr-cDXHP-2SpClgHtg-VFDStdMtr,None,ECC,Ex,CZ16,cDXHP,0,Each,1.0,284192.63738854404,1841264.62,358430.2,0,945189.93,47929.46,177264.54,0,0,311614.66,0,0,0.0,0,0,0,18793.710921501704,2342.1153583617747,63.759726962457336,16387.835836177474,1,1,2026-06-10 17:41:22.494414
NE-HV_AirDist-SupFanMtr-cDXHP-2SpClgHtg-VFDExMtr,None,ECC,Ex,CZ15,cDXHP,0,Each,1.0,284192.63738854404,2508210.79,358430.2,0,945189.93,2139.17,786690.3,0,0,414567.81,0,0,0.0,0,0,0,13734.075085324233,2342.1153583617747,0.34709897610921503,11391.612627986347,1,1,2026-06-10 17:41:22.494414
NE-HV_AirDist-SupFanMtr-cDXHP-2SpClgHtg-VFDPMMtr,None,ECC,Ex,CZ15,cDXHP,0,Each,1.0,284192.63738854404,2489987.71,358430.2,0,945189.93,2189.03,783361.1,0,0,399624.0,0,0,0.0,0,0,0,13733.212627986346,2342.1153583617747,0.25358361774744026,11390.843686006825,1,1,2026-06-10 17:41:22.494414
NE-HV_AirDist-SupFanMtr-cDXHP-2SpClgHtg-VFDStdMtr,None,ECC,Ex,CZ15,cDXHP,0,Each,1.0,284192.63738854404,2502168.02,358430.2,0,945189.93,2158.31,785549.49,0,0,409646.82,0,0,0.0,0,0,0,13733.866894197952,2342.1153583617747,0.3399317406143345,11391.411604095563,1,1,2026-06-10 17:41:22.494414
NE-HV_AirDist-SupFanMtr-cDXHP-2SpClgHtg-VFDExMtr,None,ECC,Ex,CZ14,cDXHP,0,Each,1.0,284192.63738854404,2090163.28,358430.2,0,945189.93,18642.87,431241.23,0,0,335730.78,0,0,0.0,0,0,0,16493.415358361774,2342.1153583617747,18.753242320819112,14132.54675767918,1,1,2026-06-10 17:41:22.494414
NE-HV_AirDist-SupFanMtr-cDXHP-2SpClgHtg-VFDPMMtr,None,ECC,Ex,CZ14,cDXHP,0,Each,1.0,284192.63738854404,2074117.8599999999,358430.2,0,945189.93,19020.69,428997.42,0,0,321551.14,0,0,0.0,0,0,0,16493.669965870307,2342.1153583617747,18.948122866894195,14132.606484641638,1,1,2026-06-10 17:41:22.494414
NE-HV_AirDist-SupFanMtr-cDXHP-2SpClgHtg-VFDStdMtr,None,ECC,Ex,CZ14,cDXHP,0,Each,1.0,284192.63738854404,2084771.5899999999,358430.2,0,945189.93,18691.06,430476.26,0,0,331055.48,0,0,0.0,0,0,0,16492.772013651876,2342.1153583617747,17.99146757679181,14132.665187713312,1,1,2026-06-10 17:41:22.494414
NE-HV_AirDist-SupFanMtr-cDXHP-2SpClgHtg-VFDExMtr,None,ECC,Ex,CZ13,cDXHP,0,Each,1.0,284192.63738854404,2095501.91,358430.2,0,945189.93,17241.8,446747.17,0,0,326831.46,0,0,0.0,0,0,0,16085.93037542662,2342.1153583617747,30.99556313993174,13712.819453924914,1,1,2026-06-10 17:41:22.494414
NE-HV_AirDist-SupFanMtr-cDXHP-2SpClgHtg-VFDPMMtr,None,ECC,Ex,CZ13,cDXHP,0,Each,1.0,284192.63738854404,2079876.54,358430.2,0,945189.93,17659.39,444584.03,0,0,312951.83,0,0,0.0,0,0,0,16085.880546075086,2342.1153583617747,31.225938566552898,13712.539249146757,1,1,2026-06-10 17:41:22.494414
NE-HV_AirDist-SupFanMtr-cDXHP-2SpClgHtg-VFDStdMtr,None,ECC,Ex,CZ13,cDXHP,0,Each,1.0,284192.63738854404,2090428.3800000001,358430.2,0,945189.93,17366.75,445984.43,0,0,322395.83,0,0,0.0,0,0,0,16086.102730375424,2342.1153583617747,30.98259385665529,13713.004778156996,1,1,2026-06-10 17:41:22.494414
NE-HV_AirDist-SupFanMtr-cDXHP-2SpClgHtg-VFDExMtr,None,ECC,Ex,CZ12,cDXHP,0,Each,1.0,284192.63738854404,1912993.03,358430.2,0,945189.93,22329.16,302131.51,0,0,283958.42,0,0,0.0,0,0,0,17138.878498293514,2342.1153583617747,39.74232081911263,14757.020819112628,1,1,2026-06-10 17:41:22.494414
NE-HV_AirDist-SupFanMtr-cDXHP-2SpClgHtg-VFDPMMtr,None,ECC,Ex,CZ12,cDXHP,0,Each,1.0,284192.63738854404,1898939.18,358430.2,0,945189.93,22771.19,300448.87,0,0,271145.45,0,0,0.0,0,0,0,17139.22081911263,2342.1153583617747,39.70102389078498,14757.404436860068,1,1,2026-06-10 17:41:22.494414
NE-HV_AirDist-SupFanMtr-cDXHP-2SpClgHtg-VFDStdMtr,None,ECC,Ex,CZ12,cDXHP,0,Each,1.0,284192.63738854404,1908499.0599999998,358430.2,0,945189.93,22470.33,301558.33,0,0,279896.61,0,0,0.0,0,0,0,17138.66177474403,2342.1153583617747,39.71740614334471,14756.82901023891,1,1,2026-06-10 17:41:22.494414
NE-HV_AirDist-SupFanMtr-cDXHP-2SpClgHtg-VFDExMtr,None,ECC,Ex,CZ11,cDXHP,0,Each,1.0,284192.63738854404,2070639.69,358430.2,0,945189.93,23580.6,421080.42,0,0,321355.77,0,0,0.0,0,0,0,16410.429010238906,2342.1153583617747,41.07542662116041,14027.238225255973,1,1,2026-06-10 17:41:22.494414
NE-HV_AirDist-SupFanMtr-cDXHP-2SpClgHtg-VFDPMMtr,None,ECC,Ex,CZ11,cDXHP,0,Each,1.0,284192.63738854404,2054935.73,358430.2,0,945189.93,24035.85,419037.76,0,0,307239.23,0,0,0.0,0,0,0,16410.420819112627,2342.1153583617747,41.02184300341297,14027.283617747438,1,1,2026-06-10 17:41:22.494414
NE-HV_AirDist-SupFanMtr-cDXHP-2SpClgHtg-VFDStdMtr,None,ECC,Ex,CZ11,cDXHP,0,Each,1.0,284192.63738854404,2065522.8699999999,358430.2,0,945189.93,23731.41,420314.06,0,0,316854.42,0,0,0.0,0,0,0,16410.739931740613,2342.1153583617747,41.09692832764505,14027.527645051194,1,1,2026-06-10 17:41:22.494414
NE-HV_AirDist-SupFanMtr-cDXHP-2SpClgHtg-VFDExMtr,None,ECC,Ex,CZ10,cDXHP,0,Each,1.0,284192.63738854404,2045755.0699999998,358430.2,0,945189.93,7981.24,416243.72,0,0,316828.1,0,0,0.0,0,0,0,16042.774061433445,2342.1153583617747,2.506825938566553,13698.151877133105,1,1,2026-06-10 17:41:22.494414
NE-HV_AirDist-SupFanMtr-cDXHP-2SpClgHtg-VFDPMMtr,None,ECC,Ex,CZ10,cDXHP,0,Each,1.0,284192.63738854404,2030199.2000000002,358430.2,0,945189.93,8159.74,413915.95,0,0,303421.58,0,0,0.0,0,0,0,16041.93651877133,2342.1153583617747,2.5088737201365188,13697.31228668942,1,1,2026-06-10 17:41:22.494414
NE-HV_AirDist-SupFanMtr-cDXHP-2SpClgHtg-VFDStdMtr,None,ECC,Ex,CZ10,cDXHP,0,Each,1.0,284192.63738854404,2040731.1199999999,358430.2,0,945189.93,8037.41,415450.56,0,0,312541.03,0,0,0.0,0,0,0,16042.237883959044,2342.1153583617747,2.506484641638225,13697.616040955632,1,1,2026-06-10 17:41:22.494414
NE-HV_AirDist-SupFanMtr-cDXHP-2SpClgHtg-VFDExMtr,None,ECC,Ex,CZ09,cDXHP,0,Each,1.0,284192.63738854404,2008125.23,358430.2,0,945189.93,6234.91,379007.16,0,0,318166.05,0,0,0.0,0,0,0,16243.913993174061,2342.1153583617747,1.1805460750853243,13900.618088737201,1,1,2026-06-10 17:41:22.494414
NE-HV_AirDist-SupFanMtr-cDXHP-2SpClgHtg-VFDPMMtr,None,ECC,Ex,CZ09,cDXHP,0,Each,1.0,284192.63738854404,1992368.9100000001,358430.2,0,945189.93,6395.79,376826.31,0,0,304429.87,0,0,0.0,0,0,0,16243.795221843004,2342.1153583617747,1.180887372013652,13900.498976109215,1,1,2026-06-10 17:41:22.494414
NE-HV_AirDist-SupFanMtr-cDXHP-2SpClgHtg-VFDStdMtr,None,ECC,Ex,CZ09,cDXHP,0,Each,1.0,284192.63738854404,2003030.37,358430.2,0,945189.93,6281.69,378250.11,0,0,313781.65,0,0,0.0,0,0,0,16243.558361774743,2342.1153583617747,1.1805460750853243,13900.262457337883,1,1,2026-06-10 17:41:22.494414
NE-HV_AirDist-SupFanMtr-cDXHP-2SpClgHtg-VFDExMtr,None,ECC,Ex,CZ08,cDXHP,0,Each,1.0,284192.63738854404,1999674.07,358430.2,0,945189.93,4578.5,386704.87,0,0,303678.08,0,0,0.0,0,0,0,16138.580546075083,2342.1153583617747,0.00034129692832764505,13796.464846416382,1,1,2026-06-10 17:41:22.494414
NE-HV_AirDist-SupFanMtr-cDXHP-2SpClgHtg-VFDPMMtr,None,ECC,Ex,CZ08,cDXHP,0,Each,1.0,284192.63738854404,1984467.6,358430.2,0,945189.93,4689.77,384398.25,0,0,290666.96,0,0,0.0,0,0,0,16138.486006825939,2342.1153583617747,0.00034129692832764505,13796.370307167235,1,1,2026-06-10 17:41:22.494414
NE-HV_AirDist-SupFanMtr-cDXHP-2SpClgHtg-VFDStdMtr,None,ECC,Ex,CZ08,cDXHP,0,Each,1.0,284192.63738854404,1994652.38,358430.2,0,945189.93,4610.17,385890.99,0,0,299438.63,0,0,0.0,0,0,0,16138.121501706482,2342.1153583617747,0.00034129692832764505,13796.00580204778,1,1,2026-06-10 17:41:22.494414
NE-HV_AirDist-SupFanMtr-cDXHP-2SpClgHtg-VFDExMtr,None,ECC,Ex,CZ07,cDXHP,0,Each,1.0,284192.63738854404,1844580.2700000003,358430.2,0,945189.93,3328.86,261495.91,0,0,275068.03,0,0,0.0,0,0,0,16461.42423208191,2342.1153583617747,0.0,14119.308873720136,1,1,2026-06-10 17:41:22.494414
NE-HV_AirDist-SupFanMtr-cDXHP-2SpClgHtg-VFDPMMtr,None,ECC,Ex,CZ07,cDXHP,0,Each,1.0,284192.63738854404,1830576.0,358430.2,0,945189.93,3422.45,259630.15,0,0,262836.05,0,0,0.0,0,0,0,16461.59965870307,2342.1153583617747,0.0,14119.484300341297,1,1,2026-06-10 17:41:22.494414
NE-HV_AirDist-SupFanMtr-cDXHP-2SpClgHtg-VFDStdMtr,None,ECC,Ex,CZ07,cDXHP,0,Each,1.0,284192.63738854404,1840015.4900000002,358430.2,0,945189.93,3357.08,260848.19,0,0,271122.83,0,0,0.0,0,0,0,16461.474061433448,2342.1153583617747,0.0,14119.358703071674,1,1,2026-06-10 17:41:22.494414
NE-HV_AirDist-SupFanMtr-cDXHP-2SpClgHtg-VFDExMtr,None,ECC,Ex,CZ06,cDXHP,0,Each,1.0,284192.63738854404,1838903.02,358430.2,0,945189.93,3551.78,249163.3,0,0,281551.71,0,0,0.0,0,0,0,16625.06791808874,2342.1153583617747,0.0,14282.952559726962,1,1,2026-06-10 17:41:22.494414
NE-HV_AirDist-SupFanMtr-cDXHP-2SpClgHtg-VFDPMMtr,None,ECC,Ex,CZ06,cDXHP,0,Each,1.0,284192.63738854404,1824844.39,358430.2,0,945189.93,3653.14,247311.18,0,0,269243.92,0,0,0.0,0,0,0,16625.10375426621,2342.1153583617747,0.0,14282.988395904436,1,1,2026-06-10 17:41:22.494414
NE-HV_AirDist-SupFanMtr-cDXHP-2SpClgHtg-VFDStdMtr,None,ECC,Ex,CZ06,cDXHP,0,Each,1.0,284192.63738854404,1834400.03,358430.2,0,945189.93,3582.04,248539.56,0,0,277642.24,0,0,0.0,0,0,0,16624.989078498293,2342.1153583617747,0.0,14282.873720136518,1,1,2026-06-10 17:41:22.494414
NE-HV_AirDist-SupFanMtr-cDXHP-2SpClgHtg-VFDExMtr,None,ECC,Ex,CZ05,cDXHP,0,Each,1.0,284192.63738854404,1702628.11,358430.2,0,945189.93,14589.98,129503.74,0,0,254095.35,0,0,0.0,0,0,0,17941.72081911263,2342.1153583617747,7.126621160409556,15592.478839590443,1,1,2026-06-10 17:41:22.494414
NE-HV_AirDist-SupFanMtr-cDXHP-2SpClgHtg-VFDPMMtr,None,ECC,Ex,CZ05,cDXHP,0,Each,1.0,284192.63738854404,1689779.18,358430.2,0,945189.93,14932.22,128435.35,0,0,241972.69,0,0,0.0,0,0,0,17941.74812286689,2342.1153583617747,7.126621160409556,15592.50614334471,1,1,2026-06-10 17:41:22.494414
NE-HV_AirDist-SupFanMtr-cDXHP-2SpClgHtg-VFDStdMtr,None,ECC,Ex,CZ05,cDXHP,0,Each,1.0,284192.63738854404,1698614.4399999997,358430.2,0,945189.93,14685.79,129148.24,0,0,250341.4,0,0,0.0,0,0,0,17941.629692832765,2342.1153583617747,7.046075085324231,15592.468259385665,1,1,2026-06-10 17:41:22.494414
NE-HV_AirDist-SupFanMtr-cDXHP-2SpClgHtg-VFDExMtr,None,ECC,Ex,CZ04,cDXHP,0,Each,1.0,284192.63738854404,1919600.7199999997,358430.2,0,945189.93,21806.92,303485.17,0,0,289775.87,0,0,0.0,0,0,0,17377.130034129692,2342.1153583617747,31.54607508532423,15003.468600682594,1,1,2026-06-10 17:41:22.494414
NE-HV_AirDist-SupFanMtr-cDXHP-2SpClgHtg-VFDPMMtr,None,ECC,Ex,CZ04,cDXHP,0,Each,1.0,284192.63738854404,1905393.61,358430.2,0,945189.93,22208.39,301850.34,0,0,276802.19,0,0,0.0,0,0,0,17377.170648464165,2342.1153583617747,31.517747440273038,15003.537542662116,1,1,2026-06-10 17:41:22.494414
NE-HV_AirDist-SupFanMtr-cDXHP-2SpClgHtg-VFDStdMtr,None,ECC,Ex,CZ04,cDXHP,0,Each,1.0,284192.63738854404,1915153.65,358430.2,0,945189.93,21957.31,302903.74,0,0,285760.05,0,0,0.0,0,0,0,17377.37747440273,2342.1153583617747,31.71911262798635,15003.54300341297,1,1,2026-06-10 17:41:22.494414
NE-HV_AirDist-SupFanMtr-cDXHP-2SpClgHtg-VFDExMtr,None,ECC,Ex,CZ03,cDXHP,0,Each,1.0,284192.63738854404,1665720.56,358430.2,0,945189.93,14209.28,99611.94,0,0,247465.13,0,0,0.0,0,0,0,17861.586348122866,2342.1153583617747,11.710921501706483,15507.760068259386,1,1,2026-06-10 17:41:22.494414
NE-HV_AirDist-SupFanMtr-cDXHP-2SpClgHtg-VFDPMMtr,None,ECC,Ex,CZ03,cDXHP,0,Each,1.0,284192.63738854404,1653211.97,358430.2,0,945189.93,14538.53,98691.81,0,0,235547.67,0,0,0.0,0,0,0,17861.789419795223,2342.1153583617747,11.778839590443686,15507.895221843004,1,1,2026-06-10 17:41:22.494414
NE-HV_AirDist-SupFanMtr-cDXHP-2SpClgHtg-VFDStdMtr,None,ECC,Ex,CZ03,cDXHP,0,Each,1.0,284192.63738854404,1661714.5999999999,358430.2,0,945189.93,14281.02,99303.76,0,0,243695.74,0,0,0.0,0,0,0,17861.302389078497,2342.1153583617747,11.403754266211603,15507.783276450511,1,1,2026-06-10 17:41:22.494414
NE-HV_AirDist-SupFanMtr-cDXHP-2SpClgHtg-VFDExMtr,None,ECC,Ex,CZ02,cDXHP,0,Each,1.0,284192.63738854404,1779720.3399999999,358430.2,0,945189.93,26199.0,193176.52,0,0,255892.29,0,0,0.0,0,0,0,18057.54880546075,2342.1153583617747,38.367235494880546,15677.066211604095,1,1,2026-06-10 17:41:22.494414
NE-HV_AirDist-SupFanMtr-cDXHP-2SpClgHtg-VFDPMMtr,None,ECC,Ex,CZ02,cDXHP,0,Each,1.0,284192.63738854404,1766858.86,358430.2,0,945189.93,26691.65,191971.53,0,0,243743.12,0,0,0.0,0,0,0,18057.46348122867,2342.1153583617747,38.46006825938567,15676.888054607509,1,1,2026-06-10 17:41:22.494414
NE-HV_AirDist-SupFanMtr-cDXHP-2SpClgHtg-VFDStdMtr,None,ECC,Ex,CZ02,cDXHP,0,Each,1.0,284192.63738854404,1775644.82,358430.2,0,945189.93,26341.66,192758.55,0,0,252092.07,0,0,0.0,0,0,0,18057.431058020476,2342.1153583617747,38.22491467576792,15677.090784982935,1,1,2026-06-10 17:41:22.494414
NE-HV_AirDist-SupFanMtr-cDXHP-2SpClgHtg-VFDExMtr,None,ECC,Ex,CZ01,cDXHP,0,Each,1.0,284192.63738854404,1574407.85,358430.2,0,945189.93,35140.74,31393.04,0,0,203587.5,0,0,0.0,0,0,0,19169.13208191126,2342.1153583617747,20.289419795221843,16806.727303754265,1,1,2026-06-10 17:41:22.494414
NE-HV_AirDist-SupFanMtr-cDXHP-2SpClgHtg-VFDPMMtr,None,ECC,Ex,CZ01,cDXHP,0,Each,1.0,284192.63738854404,1564511.75,358430.2,0,945189.93,35773.33,31168.5,0,0,193283.48,0,0,0.0,0,0,0,19168.89965870307,2342.1153583617747,20.080546075085323,16806.70375426621,1,1,2026-06-10 17:41:22.494414
NE-HV_AirDist-SupFanMtr-cDXHP-2SpClgHtg-VFDStdMtr,None,ECC,Ex,CZ01,cDXHP,0,Each,1.0,284192.63738854404,1571681.6600000001,358430.2,0,945189.93,35367.4,31313.57,0,0,200714.2,0,0,0.0,0,0,0,19169.462798634813,2342.1153583617747,20.684300341296925,16806.66313993174,1,1,2026-06-10 17:41:22.494414
NE-HV_AirDist-SupFanMtr-cDXGF-2SpClgHtg-VFDExMtr,None,ECC,Ex,CZ16,cDXGF,0,Each,1.0,284192.63738854404,1796754.1,358430.2,0,945189.93,0.0,176096.72,0,0,316201.84,0,0,0.0,0,0,0,29024.53412969283,2342.1153583617747,10292.080887372013,16390.337883959044,1,1,2026-06-10 17:41:22.494414
NE-HV_AirDist-SupFanMtr-cDXGF-2SpClgHtg-VFDPMMtr,None,ECC,Ex,CZ16,cDXGF,0,Each,1.0,284192.63738854404,1781027.15,358430.2,0,945189.93,0.0,174978.38,0,0,301593.25,0,0,0.0,0,0,0,29204.347098976108,2342.1153583617747,10471.895221843004,16390.33651877133,1,1,2026-06-10 17:41:22.494414
NE-HV_AirDist-SupFanMtr-cDXGF-2SpClgHtg-VFDStdMtr,None,ECC,Ex,CZ16,cDXGF,0,Each,1.0,284192.63738854404,1791916.95,358430.2,0,945189.93,0.0,175716.84,0,0,311744.18,0,0,0.0,0,0,0,29082.91092150171,2342.1153583617747,10350.458020477814,16390.337542662117,1,1,2026-06-10 17:41:22.494414
NE-HV_AirDist-SupFanMtr-cDXGF-2SpClgHtg-VFDExMtr,None,ECC,Ex,CZ15,cDXGF,0,Each,1.0,284192.63738854404,2480205.01,358430.2,0,945189.93,0.0,773998.7,0,0,401392.7,0,0,0.0,0,0,0,14239.712969283275,2342.1153583617747,499.8317406143344,11397.765870307167,1,1,2026-06-10 17:41:22.494414
NE-HV_AirDist-SupFanMtr-cDXGF-2SpClgHtg-VFDPMMtr,None,ECC,Ex,CZ15,cDXGF,0,Each,1.0,284192.63738854404,2461869.91,358430.2,0,945189.93,0.0,770833.38,0,0,386222.44,0,0,0.0,0,0,0,14251.498976109215,2342.1153583617747,511.6167235494881,11397.766894197952,1,1,2026-06-10 17:41:22.494414
NE-HV_AirDist-SupFanMtr-cDXGF-2SpClgHtg-VFDStdMtr,None,ECC,Ex,CZ15,cDXGF,0,Each,1.0,284192.63738854404,2474106.2,358430.2,0,945189.93,0.0,772895.71,0,0,396396.69,0,0,0.0,0,0,0,14244.257337883959,2342.1153583617747,504.3767918088737,11397.76518771331,1,1,2026-06-10 17:41:22.494414
NE-HV_AirDist-SupFanMtr-cDXGF-2SpClgHtg-VFDExMtr,None,ECC,Ex,CZ14,cDXGF,0,Each,1.0,284192.63738854404,2071321.2500000002,358430.2,0,945189.93,0.0,427593.96,0,0,339178.4,0,0,0.0,0,0,0,20636.464846416384,2342.1153583617747,4160.938225255973,14133.411262798634,1,1,2026-06-10 17:41:22.494414
NE-HV_AirDist-SupFanMtr-cDXGF-2SpClgHtg-VFDPMMtr,None,ECC,Ex,CZ14,cDXGF,0,Each,1.0,284192.63738854404,2055532.5999999999,358430.2,0,945189.93,0.0,425611.61,0,0,325372.17,0,0,0.0,0,0,0,20722.630716723546,2342.1153583617747,4247.103412969283,14133.41194539249,1,1,2026-06-10 17:41:22.494414
NE-HV_AirDist-SupFanMtr-cDXGF-2SpClgHtg-VFDStdMtr,None,ECC,Ex,CZ14,cDXGF,0,Each,1.0,284192.63738854404,2066079.63,358430.2,0,945189.93,0.0,426913.61,0,0,334617.0,0,0,0.0,0,0,0,20647.61365187713,2342.1153583617747,4172.088395904437,14133.40989761092,1,1,2026-06-10 17:41:22.494414
NE-HV_AirDist-SupFanMtr-cDXGF-2SpClgHtg-VFDExMtr,None,ECC,Ex,CZ13,cDXGF,0,Each,1.0,284192.63738854404,2074599.99,358430.2,0,945189.93,0.0,442294.79,0,0,327623.39,0,0,0.0,0,0,0,20105.7156996587,2342.1153583617747,4045.419112627986,13718.181228668942,1,1,2026-06-10 17:41:22.494414
NE-HV_AirDist-SupFanMtr-cDXGF-2SpClgHtg-VFDPMMtr,None,ECC,Ex,CZ13,cDXGF,0,Each,1.0,284192.63738854404,2058817.48,358430.2,0,945189.93,0.0,440238.12,0,0,313897.83,0,0,0.0,0,0,0,20203.208873720137,2342.1153583617747,4143.319795221843,13717.77372013652,1,1,2026-06-10 17:41:22.494414
NE-HV_AirDist-SupFanMtr-cDXGF-2SpClgHtg-VFDStdMtr,None,ECC,Ex,CZ13,cDXGF,0,Each,1.0,284192.63738854404,2069530.4300000002,358430.2,0,945189.93,0.0,441589.46,0,0,323259.22,0,0,0.0,0,0,0,20135.064163822524,2342.1153583617747,4074.8017064846417,13718.14709897611,1,1,2026-06-10 17:41:22.494414
NE-HV_AirDist-SupFanMtr-cDXGF-2SpClgHtg-VFDExMtr,None,ECC,Ex,CZ12,cDXGF,0,Each,1.0,284192.63738854404,1884462.9100000001,358430.2,0,945189.93,0.0,298368.45,0,0,281520.51,0,0,0.0,0,0,0,22385.867576791807,2342.1153583617747,5283.363481228668,14760.388737201365,1,1,2026-06-10 17:41:22.494414
NE-HV_AirDist-SupFanMtr-cDXGF-2SpClgHtg-VFDPMMtr,None,ECC,Ex,CZ12,cDXGF,0,Each,1.0,284192.63738854404,1870029.9500000002,358430.2,0,945189.93,0.0,296747.94,0,0,268708.34,0,0,0.0,0,0,0,22490.27064846416,2342.1153583617747,5387.767576791809,14760.38771331058,1,1,2026-06-10 17:41:22.494414
NE-HV_AirDist-SupFanMtr-cDXGF-2SpClgHtg-VFDStdMtr,None,ECC,Ex,CZ12,cDXGF,0,Each,1.0,284192.63738854404,1879846.3699999996,358430.2,0,945189.93,0.0,297806.51,0,0,277466.1,0,0,0.0,0,0,0,22418.8180887372,2342.1153583617747,5316.314675767918,14760.388054607509,1,1,2026-06-10 17:41:22.494414
NE-HV_AirDist-SupFanMtr-cDXGF-2SpClgHtg-VFDExMtr,None,ECC,Ex,CZ11,cDXGF,0,Each,1.0,284192.63738854404,2038623.68,358430.2,0,945189.93,0.0,416652.37,0,0,317348.25,0,0,0.0,0,0,0,21859.741979522183,2342.1153583617747,5485.408873720136,14032.217747440272,1,1,2026-06-10 17:41:22.494414
NE-HV_AirDist-SupFanMtr-cDXGF-2SpClgHtg-VFDPMMtr,None,ECC,Ex,CZ11,cDXGF,0,Each,1.0,284192.63738854404,2022477.8499999999,358430.2,0,945189.93,0.0,414645.61,0,0,303209.39,0,0,0.0,0,0,0,21965.727645051196,2342.1153583617747,5591.3931740614335,14032.219112627987,1,1,2026-06-10 17:41:22.494414
NE-HV_AirDist-SupFanMtr-cDXGF-2SpClgHtg-VFDStdMtr,None,ECC,Ex,CZ11,cDXGF,0,Each,1.0,284192.63738854404,2033463.1900000002,358430.2,0,945189.93,0.0,415957.5,0,0,312882.72,0,0,0.0,0,0,0,21895.253583617745,2342.1153583617747,5520.919112627986,14032.219112627987,1,1,2026-06-10 17:41:22.494414
NE-HV_AirDist-SupFanMtr-cDXGF-2SpClgHtg-VFDExMtr,None,ECC,Ex,CZ10,cDXGF,0,Each,1.0,284192.63738854404,2026247.4200000002,358430.2,0,945189.93,0.0,411492.2,0,0,310053.25,0,0,0.0,0,0,0,17926.936177474403,2342.1153583617747,1884.7764505119453,13700.044368600682,1,1,2026-06-10 17:41:22.494414
NE-HV_AirDist-SupFanMtr-cDXGF-2SpClgHtg-VFDPMMtr,None,ECC,Ex,CZ10,cDXGF,0,Each,1.0,284192.63738854404,2010526.3299999998,358430.2,0,945189.93,0.0,409227.61,0,0,296596.64,0,0,0.0,0,0,0,17969.113651877135,2342.1153583617747,1926.9566552901024,13700.041638225255,1,1,2026-06-10 17:41:22.494414
NE-HV_AirDist-SupFanMtr-cDXGF-2SpClgHtg-VFDStdMtr,None,ECC,Ex,CZ10,cDXGF,0,Each,1.0,284192.63738854404,2021145.81,358430.2,0,945189.93,0.0,410696.65,0,0,305747.02,0,0,0.0,0,0,0,17940.21399317406,2342.1153583617747,1898.054266211604,13700.044368600682,1,1,2026-06-10 17:41:22.494414
NE-HV_AirDist-SupFanMtr-cDXGF-2SpClgHtg-VFDExMtr,None,ECC,Ex,CZ09,cDXGF,0,Each,1.0,284192.63738854404,1991502.82,358430.2,0,945189.93,0.0,374211.12,0,0,312574.75,0,0,0.0,0,0,0,17720.441979522184,2342.1153583617747,1475.8931740614335,13902.433447098976,1,1,2026-06-10 17:41:22.494414
NE-HV_AirDist-SupFanMtr-cDXGF-2SpClgHtg-VFDPMMtr,None,ECC,Ex,CZ09,cDXGF,0,Each,1.0,284192.63738854404,1975596.53,358430.2,0,945189.93,0.0,372092.4,0,0,298787.25,0,0,0.0,0,0,0,17758.394197952217,2342.1153583617747,1513.8467576791809,13902.432081911264,1,1,2026-06-10 17:41:22.494414
NE-HV_AirDist-SupFanMtr-cDXGF-2SpClgHtg-VFDStdMtr,None,ECC,Ex,CZ09,cDXGF,0,Each,1.0,284192.63738854404,1986350.46,358430.2,0,945189.93,0.0,373477.35,0,0,308156.21,0,0,0.0,0,0,0,17731.4771331058,2342.1153583617747,1486.9286689419796,13902.433105802047,1,1,2026-06-10 17:41:22.494414
NE-HV_AirDist-SupFanMtr-cDXGF-2SpClgHtg-VFDExMtr,None,ECC,Ex,CZ08,cDXGF,0,Each,1.0,284192.63738854404,1982632.1,358430.2,0,945189.93,0.0,380874.07,0,0,297045.33,0,0,0.0,0,0,0,17235.65529010239,2342.1153583617747,1095.6112627986347,13797.928668941979,1,1,2026-06-10 17:41:22.494414
NE-HV_AirDist-SupFanMtr-cDXGF-2SpClgHtg-VFDPMMtr,None,ECC,Ex,CZ08,cDXGF,0,Each,1.0,284192.63738854404,1967432.8699999999,358430.2,0,945189.93,0.0,378675.47,0,0,284044.84,0,0,0.0,0,0,0,17262.158020477815,2342.1153583617747,1122.1126279863481,13797.930034129691,1,1,2026-06-10 17:41:22.494414
NE-HV_AirDist-SupFanMtr-cDXGF-2SpClgHtg-VFDStdMtr,None,ECC,Ex,CZ08,cDXGF,0,Each,1.0,284192.63738854404,1977647.71,358430.2,0,945189.93,0.0,380111.86,0,0,292823.16,0,0,0.0,0,0,0,17243.103754266212,2342.1153583617747,1103.0597269624573,13797.928668941979,1,1,2026-06-10 17:41:22.494414
NE-HV_AirDist-SupFanMtr-cDXGF-2SpClgHtg-VFDExMtr,None,ECC,Ex,CZ07,cDXGF,0,Each,1.0,284192.63738854404,1837214.12,358430.2,0,945189.93,0.0,259396.21,0,0,273130.42,0,0,0.0,0,0,0,17263.692491467576,2342.1153583617747,802.016723549488,14119.560409556314,1,1,2026-06-10 17:41:22.494414
NE-HV_AirDist-SupFanMtr-cDXGF-2SpClgHtg-VFDPMMtr,None,ECC,Ex,CZ07,cDXGF,0,Each,1.0,284192.63738854404,1823160.26,358430.2,0,945189.93,0.0,257587.03,0,0,260885.88,0,0,0.0,0,0,0,17286.123890784984,2342.1153583617747,824.4491467576792,14119.559385665529,1,1,2026-06-10 17:41:22.494414
NE-HV_AirDist-SupFanMtr-cDXGF-2SpClgHtg-VFDStdMtr,None,ECC,Ex,CZ07,cDXGF,0,Each,1.0,284192.63738854404,1832629.0099999998,358430.2,0,945189.93,0.0,258771.49,0,0,269170.12,0,0,0.0,0,0,0,17270.437542662115,2342.1153583617747,808.762457337884,14119.559726962456,1,1,2026-06-10 17:41:22.494414
NE-HV_AirDist-SupFanMtr-cDXGF-2SpClgHtg-VFDExMtr,None,ECC,Ex,CZ06,cDXGF,0,Each,1.0,284192.63738854404,1834993.96,358430.2,0,945189.93,0.0,249350.1,0,0,281007.59,0,0,0.0,0,0,0,17483.4023890785,2342.1153583617747,857.5232081911263,14283.763822525598,1,1,2026-06-10 17:41:22.494414
NE-HV_AirDist-SupFanMtr-cDXGF-2SpClgHtg-VFDPMMtr,None,ECC,Ex,CZ06,cDXGF,0,Each,1.0,284192.63738854404,1821025.3699999999,358430.2,0,945189.93,0.0,247545.76,0,0,268843.51,0,0,0.0,0,0,0,17507.64470989761,2342.1153583617747,881.7645051194539,14283.764846416381,1,1,2026-06-10 17:41:22.494414
NE-HV_AirDist-SupFanMtr-cDXGF-2SpClgHtg-VFDStdMtr,None,ECC,Ex,CZ06,cDXGF,0,Each,1.0,284192.63738854404,1830509.1500000001,358430.2,0,945189.93,0.0,248735.1,0,0,277137.89,0,0,0.0,0,0,0,17490.661774744025,2342.1153583617747,864.7822525597269,14283.764163822525,1,1,2026-06-10 17:41:22.494414
NE-HV_AirDist-SupFanMtr-cDXGF-2SpClgHtg-VFDExMtr,None,ECC,Ex,CZ05,cDXGF,0,Each,1.0,284192.63738854404,1687549.87,358430.2,0,945189.93,0.0,128716.87,0,0,254394.0,0,0,0.0,0,0,0,21470.83242320819,2342.1153583617747,3536.212969283276,15592.50409556314,1,1,2026-06-10 17:41:22.494414
NE-HV_AirDist-SupFanMtr-cDXGF-2SpClgHtg-VFDPMMtr,None,ECC,Ex,CZ05,cDXGF,0,Each,1.0,284192.63738854404,1674477.2200000002,358430.2,0,945189.93,0.0,127667.46,0,0,242370.8,0,0,0.0,0,0,0,21552.05699658703,2342.1153583617747,3617.4389078498293,15592.502730375427,1,1,2026-06-10 17:41:22.494414
NE-HV_AirDist-SupFanMtr-cDXGF-2SpClgHtg-VFDStdMtr,None,ECC,Ex,CZ05,cDXGF,0,Each,1.0,284192.63738854404,1683523.37,358430.2,0,945189.93,0.0,128364.94,0,0,250719.46,0,0,0.0,0,0,0,21492.988737201365,2342.1153583617747,3558.3692832764505,15592.50409556314,1,1,2026-06-10 17:41:22.494414
NE-HV_AirDist-SupFanMtr-cDXGF-2SpClgHtg-VFDExMtr,None,ECC,Ex,CZ04,cDXGF,0,Each,1.0,284192.63738854404,1894243.08,358430.2,0,945189.93,0.0,300682.39,0,0,289027.98,0,0,0.0,0,0,0,22411.36075085324,2342.1153583617747,5065.591126279864,15003.654266211604,1,1,2026-06-10 17:41:22.494414
NE-HV_AirDist-SupFanMtr-cDXGF-2SpClgHtg-VFDPMMtr,None,ECC,Ex,CZ04,cDXGF,0,Each,1.0,284192.63738854404,1879815.8599999999,358430.2,0,945189.93,0.0,299143.81,0,0,276139.47,0,0,0.0,0,0,0,22504.32457337884,2342.1153583617747,5158.554266211604,15003.65494880546,1,1,2026-06-10 17:41:22.494414
NE-HV_AirDist-SupFanMtr-cDXGF-2SpClgHtg-VFDStdMtr,None,ECC,Ex,CZ04,cDXGF,0,Each,1.0,284192.63738854404,1889748.2400000002,358430.2,0,945189.93,0.0,300148.48,0,0,285067.28,0,0,0.0,0,0,0,22446.36518771331,2342.1153583617747,5100.551877133106,15003.697952218428,1,1,2026-06-10 17:41:22.494414
NE-HV_AirDist-SupFanMtr-cDXGF-2SpClgHtg-VFDExMtr,None,ECC,Ex,CZ03,cDXGF,0,Each,1.0,284192.63738854404,1651133.0100000002,358430.2,0,945189.93,0.0,99228.74,0,0,247470.02,0,0,0.0,0,0,0,21325.58737201365,2342.1153583617747,3475.5549488054603,15507.917064846415,1,1,2026-06-10 17:41:22.494414
NE-HV_AirDist-SupFanMtr-cDXGF-2SpClgHtg-VFDPMMtr,None,ECC,Ex,CZ03,cDXGF,0,Each,1.0,284192.63738854404,1638287.31,358430.2,0,945189.93,0.0,98296.18,0,0,235557.17,0,0,0.0,0,0,0,21404.40989761092,2342.1153583617747,3554.3778156996586,15507.916723549488,1,1,2026-06-10 17:41:22.494414
NE-HV_AirDist-SupFanMtr-cDXGF-2SpClgHtg-VFDStdMtr,None,ECC,Ex,CZ03,cDXGF,0,Each,1.0,284192.63738854404,1647068.4,358430.2,0,945189.93,0.0,98919.36,0,0,243714.95,0,0,0.0,0,0,0,21342.480204778152,2342.1153583617747,3492.4474402730375,15507.917406143344,1,1,2026-06-10 17:41:22.494414
NE-HV_AirDist-SupFanMtr-cDXGF-2SpClgHtg-VFDExMtr,None,ECC,Ex,CZ02,cDXGF,0,Each,1.0,284192.63738854404,1750817.8099999998,358430.2,0,945189.93,0.0,190720.87,0,0,255644.42,0,0,0.0,0,0,0,24252.662457337883,2342.1153583617747,6232.078839590444,15678.468259385665,1,1,2026-06-10 17:41:22.494414
NE-HV_AirDist-SupFanMtr-cDXGF-2SpClgHtg-VFDPMMtr,None,ECC,Ex,CZ02,cDXGF,0,Each,1.0,284192.63738854404,1737535.7299999997,358430.2,0,945189.93,0.0,189553.49,0,0,243529.69,0,0,0.0,0,0,0,24368.898293515358,2342.1153583617747,6348.31638225256,15678.466552901024,1,1,2026-06-10 17:41:22.494414
NE-HV_AirDist-SupFanMtr-cDXGF-2SpClgHtg-VFDStdMtr,None,ECC,Ex,CZ02,cDXGF,0,Each,1.0,284192.63738854404,1746668.94,358430.2,0,945189.93,0.0,190323.05,0,0,251893.36,0,0,0.0,0,0,0,24285.80170648464,2342.1153583617747,6265.2180887372015,15678.468259385665,1,1,2026-06-10 17:41:22.494414
NE-HV_AirDist-SupFanMtr-cDXGF-2SpClgHtg-VFDExMtr,None,ECC,Ex,CZ01,cDXGF,0,Each,1.0,284192.63738854404,1539971.1600000001,358430.2,0,945189.93,0.0,32223.0,0,0,203461.61,0,0,0.0,0,0,0,27858.098976109217,2342.1153583617747,8709.154266211604,16806.829351535835,1,1,2026-06-10 17:41:22.494414
NE-HV_AirDist-SupFanMtr-cDXGF-2SpClgHtg-VFDPMMtr,None,ECC,Ex,CZ01,cDXGF,0,Each,1.0,284192.63738854404,1529483.2300000002,358430.2,0,945189.93,0.0,31982.52,0,0,193214.28,0,0,0.0,0,0,0,28013.433447098974,2342.1153583617747,8864.489761092149,16806.82832764505,1,1,2026-06-10 17:41:22.494414
NE-HV_AirDist-SupFanMtr-cDXGF-2SpClgHtg-VFDStdMtr,None,ECC,Ex,CZ01,cDXGF,0,Each,1.0,284192.63738854404,1537087.52,358430.2,0,945189.93,0.0,32139.15,0,0,200661.97,0,0,0.0,0,0,0,27913.578498293515,2342.1153583617747,8764.633105802048,16806.830034129693,1,1,2026-06-10 17:41:22.494414
NE-HV_AirDist-SupFanMtr-cDXOH-2SpClgHtg-VFDExMtr,None,Asm,Ex,CZ16,cDXOH,0,Each,1.0,68006.708824512,513647.74,153727.01,0,145823.51,0.0,52990.26,0,0,161103.6,0,0,0.0,0,0,0,813.5156996587029,0.0,0.0,813.5156996587029,1,1,2026-06-10 17:41:22.494414
NE-HV_AirDist-SupFanMtr-cDXOH-2SpClgHtg-VFDPMMtr,None,Asm,Ex,CZ16,cDXOH,0,Each,1.0,68006.708824512,508773.96,153727.01,0,145823.51,0.0,52494.58,0,0,156725.5,0,0,0.0,0,0,0,813.5156996587029,0.0,0.0,813.5156996587029,1,1,2026-06-10 17:41:22.494414
NE-HV_AirDist-SupFanMtr-cDXOH-2SpClgHtg-VFDStdMtr,None,Asm,Ex,CZ16,cDXOH,0,Each,1.0,68006.708824512,512270.46,153727.01,0,145823.51,0.0,52820.58,0,0,159896.0,0,0,0.0,0,0,0,813.5156996587029,0.0,0.0,813.5156996587029,1,1,2026-06-10 17:41:22.494414
NE-HV_AirDist-SupFanMtr-cDXOH-2SpClgHtg-VFDExMtr,None,Asm,Ex,CZ15,cDXOH,0,Each,1.0,68006.708824512,780338.1,153727.01,0,145823.51,0.0,345651.61,0,0,135132.61,0,0,0.0,0,0,0,631.8515358361775,0.0,0.0,631.8515358361775,1,1,2026-06-10 17:41:22.494414
NE-HV_AirDist-SupFanMtr-cDXOH-2SpClgHtg-VFDPMMtr,None,Asm,Ex,CZ15,cDXOH,0,Each,1.0,68006.708824512,774435.7300000001,153727.01,0,145823.51,0.0,344626.78,0,0,130255.07,0,0,0.0,0,0,0,631.8511945392491,0.0,0.0,631.8511945392491,1,1,2026-06-10 17:41:22.494414
NE-HV_AirDist-SupFanMtr-cDXOH-2SpClgHtg-VFDStdMtr,None,Asm,Ex,CZ15,cDXOH,0,Each,1.0,68006.708824512,778395.6000000001,153727.01,0,145823.51,0.0,345295.3,0,0,133546.42,0,0,0.0,0,0,0,631.8508532423208,0.0,0.0,631.8508532423208,1,1,2026-06-10 17:41:22.494414
NE-HV_AirDist-SupFanMtr-cDXOH-2SpClgHtg-VFDExMtr,None,Asm,Ex,CZ14,cDXOH,0,Each,1.0,68006.708824512,617756.91,153727.01,0,145823.51,0.0,182061.36,0,0,136141.67,0,0,0.0,0,0,0,732.1566552901023,0.0,0.0,732.1566552901023,1,1,2026-06-10 17:41:22.494414
NE-HV_AirDist-SupFanMtr-cDXOH-2SpClgHtg-VFDPMMtr,None,Asm,Ex,CZ14,cDXOH,0,Each,1.0,68006.708824512,612430.5,153727.01,0,145823.51,0.0,181282.91,0,0,131593.71,0,0,0.0,0,0,0,732.1569965870307,0.0,0.0,732.1569965870307,1,1,2026-06-10 17:41:22.494414
NE-HV_AirDist-SupFanMtr-cDXOH-2SpClgHtg-VFDStdMtr,None,Asm,Ex,CZ14,cDXOH,0,Each,1.0,68006.708824512,616176.98,153727.01,0,145823.51,0.0,181792.39,0,0,134830.71,0,0,0.0,0,0,0,732.1563139931741,0.0,0.0,732.1563139931741,1,1,2026-06-10 17:41:22.494414
NE-HV_AirDist-SupFanMtr-cDXOH-2SpClgHtg-VFDExMtr,None,Asm,Ex,CZ13,cDXOH,0,Each,1.0,68006.708824512,625055.48,153727.01,0,145823.51,0.0,192165.38,0,0,133336.22,0,0,0.0,0,0,0,716.6395904436861,0.0,0.0,716.6395904436861,1,1,2026-06-10 17:41:22.494414
NE-HV_AirDist-SupFanMtr-cDXOH-2SpClgHtg-VFDPMMtr,None,Asm,Ex,CZ13,cDXOH,0,Each,1.0,68006.708824512,619961.98,153727.01,0,145823.51,0.0,191433.59,0,0,128974.51,0,0,0.0,0,0,0,716.6395904436861,0.0,0.0,716.6395904436861,1,1,2026-06-10 17:41:22.494414
NE-HV_AirDist-SupFanMtr-cDXOH-2SpClgHtg-VFDStdMtr,None,Asm,Ex,CZ13,cDXOH,0,Each,1.0,68006.708824512,623400.11,153727.01,0,145823.51,0.0,191911.52,0,0,131934.71,0,0,0.0,0,0,0,716.6395904436861,0.0,0.0,716.6395904436861,1,1,2026-06-10 17:41:22.494414
NE-HV_AirDist-SupFanMtr-cDXOH-2SpClgHtg-VFDExMtr,None,Asm,Ex,CZ12,cDXOH,0,Each,1.0,68006.708824512,551154.83,153727.01,0,145823.51,0.0,124568.79,0,0,127032.16,0,0,0.0,0,0,0,753.5105802047782,0.0,0.0,753.5105802047782,1,1,2026-06-10 17:41:22.494414
NE-HV_AirDist-SupFanMtr-cDXOH-2SpClgHtg-VFDPMMtr,None,Asm,Ex,CZ12,cDXOH,0,Each,1.0,68006.708824512,546635.5,153727.01,0,145823.51,0.0,123943.61,0,0,123138.01,0,0,0.0,0,0,0,753.5102389078497,0.0,0.0,753.5102389078497,1,1,2026-06-10 17:41:22.494414
NE-HV_AirDist-SupFanMtr-cDXOH-2SpClgHtg-VFDStdMtr,None,Asm,Ex,CZ12,cDXOH,0,Each,1.0,68006.708824512,549776.0800000001,153727.01,0,145823.51,0.0,124352.96,0,0,125869.24,0,0,0.0,0,0,0,753.5105802047782,0.0,0.0,753.5105802047782,1,1,2026-06-10 17:41:22.494414
NE-HV_AirDist-SupFanMtr-cDXOH-2SpClgHtg-VFDExMtr,None,Asm,Ex,CZ11,cDXOH,0,Each,1.0,68006.708824512,619092.1900000001,153727.01,0,145823.51,0.0,183005.57,0,0,136532.74,0,0,0.0,0,0,0,727.7914675767918,0.0,0.0,727.7914675767918,1,1,2026-06-10 17:41:22.494414
NE-HV_AirDist-SupFanMtr-cDXOH-2SpClgHtg-VFDPMMtr,None,Asm,Ex,CZ11,cDXOH,0,Each,1.0,68006.708824512,614536.36,153727.01,0,145823.51,0.0,182306.04,0,0,132676.44,0,0,0.0,0,0,0,727.7918088737201,0.0,0.0,727.7918088737201,1,1,2026-06-10 17:41:22.494414
NE-HV_AirDist-SupFanMtr-cDXOH-2SpClgHtg-VFDStdMtr,None,Asm,Ex,CZ11,cDXOH,0,Each,1.0,68006.708824512,617651.74,153727.01,0,145823.51,0.0,182766.46,0,0,135331.4,0,0,0.0,0,0,0,727.7914675767918,0.0,0.0,727.7914675767918,1,1,2026-06-10 17:41:22.494414
NE-HV_AirDist-SupFanMtr-cDXOH-2SpClgHtg-VFDExMtr,None,Asm,Ex,CZ10,cDXOH,0,Each,1.0,68006.708824512,575677.17,153727.01,0,145823.51,0.0,165917.52,0,0,110205.77,0,0,0.0,0,0,0,713.9133105802048,0.0,0.0,713.9133105802048,1,1,2026-06-10 17:41:22.494414
NE-HV_AirDist-SupFanMtr-cDXOH-2SpClgHtg-VFDPMMtr,None,Asm,Ex,CZ10,cDXOH,0,Each,1.0,68006.708824512,569946.54,153727.01,0,145823.51,0.0,165023.5,0,0,105369.16,0,0,0.0,0,0,0,713.915699658703,0.0,0.0,713.915699658703,1,1,2026-06-10 17:41:22.494414
NE-HV_AirDist-SupFanMtr-cDXOH-2SpClgHtg-VFDStdMtr,None,Asm,Ex,CZ10,cDXOH,0,Each,1.0,68006.708824512,573776.62,153727.01,0,145823.51,0.0,165607.73,0,0,108615.01,0,0,0.0,0,0,0,713.9129692832765,0.0,0.0,713.9129692832765,1,1,2026-06-10 17:41:22.494414
NE-HV_AirDist-SupFanMtr-cDXOH-2SpClgHtg-VFDExMtr,None,Asm,Ex,CZ09,cDXOH,0,Each,1.0,68006.708824512,552240.29,153727.01,0,145823.51,0.0,143203.7,0,0,109482.71,0,0,0.0,0,0,0,720.8576791808874,0.0,0.0,720.8576791808874,1,1,2026-06-10 17:41:22.494414
NE-HV_AirDist-SupFanMtr-cDXOH-2SpClgHtg-VFDPMMtr,None,Asm,Ex,CZ09,cDXOH,0,Each,1.0,68006.708824512,546198.78,153727.01,0,145823.51,0.0,142301.73,0,0,104343.17,0,0,0.0,0,0,0,720.8576791808874,0.0,0.0,720.8576791808874,1,1,2026-06-10 17:41:22.494414
NE-HV_AirDist-SupFanMtr-cDXOH-2SpClgHtg-VFDStdMtr,None,Asm,Ex,CZ09,cDXOH,0,Each,1.0,68006.708824512,550328.07,153727.01,0,145823.51,0.0,142892.18,0,0,107882.01,0,0,0.0,0,0,0,720.8580204778157,0.0,0.0,720.8580204778157,1,1,2026-06-10 17:41:22.494414
NE-HV_AirDist-SupFanMtr-cDXOH-2SpClgHtg-VFDExMtr,None,Asm,Ex,CZ08,cDXOH,0,Each,1.0,68006.708824512,544701.83,153727.01,0,145823.51,0.0,141089.62,0,0,104058.33,0,0,0.0,0,0,0,716.9457337883958,0.0,0.0,716.9457337883958,1,1,2026-06-10 17:41:22.494414
NE-HV_AirDist-SupFanMtr-cDXOH-2SpClgHtg-VFDPMMtr,None,Asm,Ex,CZ08,cDXOH,0,Each,1.0,68006.708824512,538544.65,153727.01,0,145823.51,0.0,140109.53,0,0,98881.24,0,0,0.0,0,0,0,716.9409556313992,0.0,0.0,716.9409556313992,1,1,2026-06-10 17:41:22.494414
NE-HV_AirDist-SupFanMtr-cDXOH-2SpClgHtg-VFDStdMtr,None,Asm,Ex,CZ08,cDXOH,0,Each,1.0,68006.708824512,542649.15,153727.01,0,145823.51,0.0,140752.33,0,0,102342.94,0,0,0.0,0,0,0,716.9457337883958,0.0,0.0,716.9457337883958,1,1,2026-06-10 17:41:22.494414
NE-HV_AirDist-SupFanMtr-cDXOH-2SpClgHtg-VFDExMtr,None,Asm,Ex,CZ07,cDXOH,0,Each,1.0,68006.708824512,482476.48,153727.01,0,145823.51,0.0,88296.59,0,0,94626.01,0,0,0.0,0,0,0,728.3720136518771,0.0,0.0,728.3720136518771,1,1,2026-06-10 17:41:22.494414
NE-HV_AirDist-SupFanMtr-cDXOH-2SpClgHtg-VFDPMMtr,None,Asm,Ex,CZ07,cDXOH,0,Each,1.0,68006.708824512,476407.24,153727.01,0,145823.51,0.0,87398.32,0,0,89455.04,0,0,0.0,0,0,0,728.3716723549488,0.0,0.0,728.3716723549488,1,1,2026-06-10 17:41:22.494414
NE-HV_AirDist-SupFanMtr-cDXOH-2SpClgHtg-VFDStdMtr,None,Asm,Ex,CZ07,cDXOH,0,Each,1.0,68006.708824512,480546.26,153727.01,0,145823.51,0.0,87977.85,0,0,93014.53,0,0,0.0,0,0,0,728.3720136518771,0.0,0.0,728.3720136518771,1,1,2026-06-10 17:41:22.494414
NE-HV_AirDist-SupFanMtr-cDXOH-2SpClgHtg-VFDExMtr,None,Asm,Ex,CZ06,cDXOH,0,Each,1.0,68006.708824512,479919.36,153727.01,0,145823.51,0.0,85667.01,0,0,94698.47,0,0,0.0,0,0,0,734.1109215017065,0.0,0.0,734.1109215017065,1,1,2026-06-10 17:41:22.494414
NE-HV_AirDist-SupFanMtr-cDXOH-2SpClgHtg-VFDPMMtr,None,Asm,Ex,CZ06,cDXOH,0,Each,1.0,68006.708824512,473832.16000000003,153727.01,0,145823.51,0.0,84733.06,0,0,89545.22,0,0,0.0,0,0,0,734.1112627986348,0.0,0.0,734.1112627986348,1,1,2026-06-10 17:41:22.494414
NE-HV_AirDist-SupFanMtr-cDXOH-2SpClgHtg-VFDStdMtr,None,Asm,Ex,CZ06,cDXOH,0,Each,1.0,68006.708824512,477900.79,153727.01,0,145823.51,0.0,85351.72,0,0,92995.19,0,0,0.0,0,0,0,734.1112627986348,0.0,0.0,734.1112627986348,1,1,2026-06-10 17:41:22.494414
NE-HV_AirDist-SupFanMtr-cDXOH-2SpClgHtg-VFDExMtr,None,Asm,Ex,CZ05,cDXOH,0,Each,1.0,68006.708824512,444637.43,153727.01,0,145823.51,0.0,45706.25,0,0,99377.3,0,0,0.0,0,0,0,782.1590443686006,0.0,0.0,782.1590443686006,1,1,2026-06-10 17:41:22.494414
NE-HV_AirDist-SupFanMtr-cDXOH-2SpClgHtg-VFDPMMtr,None,Asm,Ex,CZ05,cDXOH,0,Each,1.0,68006.708824512,440126.44,153727.01,0,145823.51,0.0,45183.95,0,0,95388.61,0,0,0.0,0,0,0,782.1590443686006,0.0,0.0,782.1590443686006,1,1,2026-06-10 17:41:22.494414
NE-HV_AirDist-SupFanMtr-cDXOH-2SpClgHtg-VFDStdMtr,None,Asm,Ex,CZ05,cDXOH,0,Each,1.0,68006.708824512,443323.13,153727.01,0,145823.51,0.0,45530.76,0,0,98238.49,0,0,0.0,0,0,0,782.1590443686006,0.0,0.0,782.1590443686006,1,1,2026-06-10 17:41:22.494414
NE-HV_AirDist-SupFanMtr-cDXOH-2SpClgHtg-VFDExMtr,None,Asm,Ex,CZ04,cDXOH,0,Each,1.0,68006.708824512,553583.2899999999,153727.01,0,145823.51,0.0,129015.72,0,0,125013.69,0,0,0.0,0,0,0,762.239590443686,0.0,0.0,762.239590443686,1,1,2026-06-10 17:41:22.494414
NE-HV_AirDist-SupFanMtr-cDXOH-2SpClgHtg-VFDPMMtr,None,Asm,Ex,CZ04,cDXOH,0,Each,1.0,68006.708824512,549034.4400000001,153727.01,0,145823.51,0.0,128393.38,0,0,121087.18,0,0,0.0,0,0,0,762.2430034129693,0.0,0.0,762.2430034129693,1,1,2026-06-10 17:41:22.494414
NE-HV_AirDist-SupFanMtr-cDXOH-2SpClgHtg-VFDStdMtr,None,Asm,Ex,CZ04,cDXOH,0,Each,1.0,68006.708824512,552246.3099999999,153727.01,0,145823.51,0.0,128800.84,0,0,123891.59,0,0,0.0,0,0,0,762.240614334471,0.0,0.0,762.240614334471,1,1,2026-06-10 17:41:22.494414
NE-HV_AirDist-SupFanMtr-cDXOH-2SpClgHtg-VFDExMtr,None,Asm,Ex,CZ03,cDXOH,0,Each,1.0,68006.708824512,439135.93,153727.01,0,145823.51,0.0,38982.63,0,0,100599.42,0,0,0.0,0,0,0,779.3511945392491,0.0,0.0,779.3511945392491,1,1,2026-06-10 17:41:22.494414
NE-HV_AirDist-SupFanMtr-cDXOH-2SpClgHtg-VFDPMMtr,None,Asm,Ex,CZ03,cDXOH,0,Each,1.0,68006.708824512,435012.57000000007,153727.01,0,145823.51,0.0,38502.79,0,0,96955.9,0,0,0.0,0,0,0,779.3515358361775,0.0,0.0,779.3515358361775,1,1,2026-06-10 17:41:22.494414
NE-HV_AirDist-SupFanMtr-cDXOH-2SpClgHtg-VFDStdMtr,None,Asm,Ex,CZ03,cDXOH,0,Each,1.0,68006.708824512,437934.62,153727.01,0,145823.51,0.0,38820.83,0,0,99559.91,0,0,0.0,0,0,0,779.3525597269625,0.0,0.0,779.3525597269625,1,1,2026-06-10 17:41:22.494414
NE-HV_AirDist-SupFanMtr-cDXOH-2SpClgHtg-VFDExMtr,None,Asm,Ex,CZ02,cDXOH,0,Each,1.0,68006.708824512,494005.92000000004,153727.01,0,145823.51,0.0,73519.71,0,0,120932.33,0,0,0.0,0,0,0,786.1754266211603,0.0,0.0,786.1754266211603,1,1,2026-06-10 17:41:22.494414
NE-HV_AirDist-SupFanMtr-cDXOH-2SpClgHtg-VFDPMMtr,None,Asm,Ex,CZ02,cDXOH,0,Each,1.0,68006.708824512,489987.79000000004,153727.01,0,145823.51,0.0,73034.02,0,0,117399.89,0,0,0.0,0,0,0,786.1744027303754,0.0,0.0,786.1744027303754,1,1,2026-06-10 17:41:22.494414
NE-HV_AirDist-SupFanMtr-cDXOH-2SpClgHtg-VFDStdMtr,None,Asm,Ex,CZ02,cDXOH,0,Each,1.0,68006.708824512,492790.45,153727.01,0,145823.51,0.0,73353.28,0,0,119883.29,0,0,0.0,0,0,0,786.1754266211603,0.0,0.0,786.1754266211603,1,1,2026-06-10 17:41:22.494414
NE-HV_AirDist-SupFanMtr-cDXOH-2SpClgHtg-VFDExMtr,None,Asm,Ex,CZ01,cDXOH,0,Each,1.0,68006.708824512,424914.56,153727.01,0,145823.51,0.0,5255.35,0,0,120105.33,0,0,0.0,0,0,0,827.2122866894198,0.0,0.0,827.2122866894198,1,1,2026-06-10 17:41:22.494414
NE-HV_AirDist-SupFanMtr-cDXOH-2SpClgHtg-VFDPMMtr,None,Asm,Ex,CZ01,cDXOH,0,Each,1.0,68006.708824512,422374.19,153727.01,0,145823.51,0.0,5119.87,0,0,117700.44,0,0,0.0,0,0,0,827.2122866894198,0.0,0.0,827.2122866894198,1,1,2026-06-10 17:41:22.494414
NE-HV_AirDist-SupFanMtr-cDXOH-2SpClgHtg-VFDStdMtr,None,Asm,Ex,CZ01,cDXOH,0,Each,1.0,68006.708824512,424324.52,153727.01,0,145823.51,0.0,5209.55,0,0,119561.09,0,0,0.0,0,0,0,827.222866894198,0.0,0.0,827.222866894198,1,1,2026-06-10 17:41:22.494414
NE-HV_AirDist-SupFanMtr-cDXHP-2SpClgHtg-VFDExMtr,None,Asm,Ex,CZ16,cDXHP,0,Each,1.0,68006.708824512,510065.89,153727.01,0,145823.51,46284.83,55513.9,0,0,108713.28,0,0,0.0,0,0,0,813.5153583617747,0.0,0.0,813.5153583617747,1,1,2026-06-10 17:41:22.494414
NE-HV_AirDist-SupFanMtr-cDXHP-2SpClgHtg-VFDPMMtr,None,Asm,Ex,CZ16,cDXHP,0,Each,1.0,68006.708824512,503907.56000000006,153727.01,0,145823.51,46750.51,54987.66,0,0,102615.51,0,0,0.0,0,0,0,813.5143344709898,0.0,0.0,813.5143344709898,1,1,2026-06-10 17:41:22.494414
NE-HV_AirDist-SupFanMtr-cDXHP-2SpClgHtg-VFDStdMtr,None,Asm,Ex,CZ16,cDXHP,0,Each,1.0,68006.708824512,508037.88999999996,153727.01,0,145823.51,46425.2,55330.88,0,0,106727.93,0,0,0.0,0,0,0,813.5150170648465,0.0,0.0,813.5150170648465,1,1,2026-06-10 17:41:22.494414
NE-HV_AirDist-SupFanMtr-cDXHP-2SpClgHtg-VFDExMtr,None,Asm,Ex,CZ15,cDXHP,0,Each,1.0,68006.708824512,791024.56,153727.01,0,145823.51,4714.51,347995.38,0,0,138760.79,0,0,0.0,0,0,0,631.8525597269625,0.0,0.0,631.8525597269625,1,1,2026-06-10 17:41:22.494414
NE-HV_AirDist-SupFanMtr-cDXHP-2SpClgHtg-VFDPMMtr,None,Asm,Ex,CZ15,cDXHP,0,Each,1.0,68006.708824512,785200.6900000001,153727.01,0,145823.51,4813.18,346927.65,0,0,133905.98,0,0,0.0,0,0,0,631.8522184300341,0.0,0.0,631.8522184300341,1,1,2026-06-10 17:41:22.494414
NE-HV_AirDist-SupFanMtr-cDXHP-2SpClgHtg-VFDStdMtr,None,Asm,Ex,CZ15,cDXHP,0,Each,1.0,68006.708824512,788940.8600000001,153727.01,0,145823.51,4739.3,347541.52,0,0,137106.16,0,0,0.0,0,0,0,631.8529010238908,0.0,0.0,631.8529010238908,1,1,2026-06-10 17:41:22.494414
NE-HV_AirDist-SupFanMtr-cDXHP-2SpClgHtg-VFDExMtr,None,Asm,Ex,CZ14,cDXHP,0,Each,1.0,68006.708824512,625842.76,153727.01,0,145823.51,23067.13,186184.98,0,0,117036.77,0,0,0.0,0,0,0,732.157337883959,0.0,0.0,732.157337883959,1,1,2026-06-10 17:41:22.494414
NE-HV_AirDist-SupFanMtr-cDXHP-2SpClgHtg-VFDPMMtr,None,Asm,Ex,CZ14,cDXHP,0,Each,1.0,68006.708824512,620016.0299999999,153727.01,0,145823.51,23289.9,185506.55,0,0,111665.7,0,0,0.0,0,0,0,732.1552901023891,0.0,0.0,732.1552901023891,1,1,2026-06-10 17:41:22.494414
NE-HV_AirDist-SupFanMtr-cDXHP-2SpClgHtg-VFDStdMtr,None,Asm,Ex,CZ14,cDXHP,0,Each,1.0,68006.708824512,623810.86,153727.01,0,145823.51,23126.62,185899.16,0,0,115231.2,0,0,0.0,0,0,0,732.157337883959,0.0,0.0,732.157337883959,1,1,2026-06-10 17:41:22.494414
NE-HV_AirDist-SupFanMtr-cDXHP-2SpClgHtg-VFDExMtr,None,Asm,Ex,CZ13,cDXHP,0,Each,1.0,68006.708824512,630155.27,153727.01,0,145823.51,22611.14,195493.92,0,0,112496.33,0,0,0.0,0,0,0,716.6399317406143,0.0,0.0,716.6399317406143,1,1,2026-06-10 17:41:22.494414
NE-HV_AirDist-SupFanMtr-cDXHP-2SpClgHtg-VFDPMMtr,None,Asm,Ex,CZ13,cDXHP,0,Each,1.0,68006.708824512,624925.46,153727.01,0,145823.51,22864.39,194913.8,0,0,107593.39,0,0,0.0,0,0,0,716.6399317406143,0.0,0.0,716.6399317406143,1,1,2026-06-10 17:41:22.494414
NE-HV_AirDist-SupFanMtr-cDXHP-2SpClgHtg-VFDStdMtr,None,Asm,Ex,CZ13,cDXHP,0,Each,1.0,68006.708824512,628494.51,153727.01,0,145823.51,22678.56,195329.5,0,0,110932.57,0,0,0.0,0,0,0,716.6399317406143,0.0,0.0,716.6399317406143,1,1,2026-06-10 17:41:22.494414
NE-HV_AirDist-SupFanMtr-cDXHP-2SpClgHtg-VFDExMtr,None,Asm,Ex,CZ12,cDXHP,0,Each,1.0,68006.708824512,551924.42,153727.01,0,145823.51,26763.07,126946.4,0,0,98661.07,0,0,0.0,0,0,0,753.5085324232082,0.0,0.0,753.5085324232082,1,1,2026-06-10 17:41:22.494414
NE-HV_AirDist-SupFanMtr-cDXHP-2SpClgHtg-VFDPMMtr,None,Asm,Ex,CZ12,cDXHP,0,Each,1.0,68006.708824512,546439.96,153727.01,0,145823.51,27042.54,126268.51,0,0,93575.03,0,0,0.0,0,0,0,753.5085324232082,0.0,0.0,753.5085324232082,1,1,2026-06-10 17:41:22.494414
NE-HV_AirDist-SupFanMtr-cDXHP-2SpClgHtg-VFDStdMtr,None,Asm,Ex,CZ12,cDXHP,0,Each,1.0,68006.708824512,550126.86,153727.01,0,145823.51,26845.11,126680.51,0,0,97047.36,0,0,0.0,0,0,0,753.5085324232082,0.0,0.0,753.5085324232082,1,1,2026-06-10 17:41:22.494414
NE-HV_AirDist-SupFanMtr-cDXHP-2SpClgHtg-VFDExMtr,None,Asm,Ex,CZ11,cDXHP,0,Each,1.0,68006.708824512,626861.13,153727.01,0,145823.51,27198.76,186746.68,0,0,113361.81,0,0,0.0,0,0,0,727.813651877133,0.0,0.0,727.813651877133,1,1,2026-06-10 17:41:22.494414
NE-HV_AirDist-SupFanMtr-cDXHP-2SpClgHtg-VFDPMMtr,None,Asm,Ex,CZ11,cDXHP,0,Each,1.0,68006.708824512,621248.5399999999,153727.01,0,145823.51,27484.59,185936.36,0,0,108273.71,0,0,0.0,0,0,0,727.813651877133,0.0,0.0,727.813651877133,1,1,2026-06-10 17:41:22.494414
NE-HV_AirDist-SupFanMtr-cDXHP-2SpClgHtg-VFDStdMtr,None,Asm,Ex,CZ11,cDXHP,0,Each,1.0,68006.708824512,624990.03,153727.01,0,145823.51,27284.18,186455.35,0,0,111696.62,0,0,0.0,0,0,0,727.8146757679181,0.0,0.0,727.8146757679181,1,1,2026-06-10 17:41:22.494414
NE-HV_AirDist-SupFanMtr-cDXHP-2SpClgHtg-VFDExMtr,None,Asm,Ex,CZ10,cDXHP,0,Each,1.0,68006.708824512,583658.7899999999,153727.01,0,145823.51,9607.02,169701.55,0,0,104796.34,0,0,0.0,0,0,0,713.9153583617748,0.0,0.0,713.9153583617748,1,1,2026-06-10 17:41:22.494414
NE-HV_AirDist-SupFanMtr-cDXHP-2SpClgHtg-VFDPMMtr,None,Asm,Ex,CZ10,cDXHP,0,Each,1.0,68006.708824512,577840.97,153727.01,0,145823.51,9783.27,168881.47,0,0,99622.35,0,0,0.0,0,0,0,713.9153583617748,0.0,0.0,713.9153583617748,1,1,2026-06-10 17:41:22.494414
NE-HV_AirDist-SupFanMtr-cDXHP-2SpClgHtg-VFDStdMtr,None,Asm,Ex,CZ10,cDXHP,0,Each,1.0,68006.708824512,581780.21,153727.01,0,145823.51,9650.93,169432.61,0,0,103142.79,0,0,0.0,0,0,0,713.9153583617748,0.0,0.0,713.9153583617748,1,1,2026-06-10 17:41:22.494414
NE-HV_AirDist-SupFanMtr-cDXHP-2SpClgHtg-VFDExMtr,None,Asm,Ex,CZ09,cDXHP,0,Each,1.0,68006.708824512,557676.36,153727.01,0,145823.51,9000.11,146283.43,0,0,102838.94,0,0,0.0,0,0,0,720.8662116040956,0.0,0.0,720.8662116040956,1,1,2026-06-10 17:41:22.494414
NE-HV_AirDist-SupFanMtr-cDXHP-2SpClgHtg-VFDPMMtr,None,Asm,Ex,CZ09,cDXHP,0,Each,1.0,68006.708824512,551059.45,153727.01,0,145823.51,9158.29,145214.55,0,0,97132.73,0,0,0.0,0,0,0,720.8648464163822,0.0,0.0,720.8648464163822,1,1,2026-06-10 17:41:22.494414
NE-HV_AirDist-SupFanMtr-cDXHP-2SpClgHtg-VFDStdMtr,None,Asm,Ex,CZ09,cDXHP,0,Each,1.0,68006.708824512,555394.6900000001,153727.01,0,145823.51,9035.4,145875.86,0,0,100929.55,0,0,0.0,0,0,0,720.8665529010239,0.0,0.0,720.8665529010239,1,1,2026-06-10 17:41:22.494414
NE-HV_AirDist-SupFanMtr-cDXHP-2SpClgHtg-VFDExMtr,None,Asm,Ex,CZ08,cDXHP,0,Each,1.0,68006.708824512,551675.1,153727.01,0,145823.51,6568.43,144525.71,0,0,101027.08,0,0,0.0,0,0,0,716.9457337883958,0.0,0.0,716.9457337883958,1,1,2026-06-10 17:41:22.494414
NE-HV_AirDist-SupFanMtr-cDXHP-2SpClgHtg-VFDPMMtr,None,Asm,Ex,CZ08,cDXHP,0,Each,1.0,68006.708824512,545268.38,153727.01,0,145823.51,6674.02,143569.94,0,0,95470.54,0,0,0.0,0,0,0,716.9436860068259,0.0,0.0,716.9436860068259,1,1,2026-06-10 17:41:22.494414
NE-HV_AirDist-SupFanMtr-cDXHP-2SpClgHtg-VFDStdMtr,None,Asm,Ex,CZ08,cDXHP,0,Each,1.0,68006.708824512,549585.53,153727.01,0,145823.51,6597.92,144199.57,0,0,99234.16,0,0,0.0,0,0,0,716.9447098976109,0.0,0.0,716.9447098976109,1,1,2026-06-10 17:41:22.494414
NE-HV_AirDist-SupFanMtr-cDXHP-2SpClgHtg-VFDExMtr,None,Asm,Ex,CZ07,cDXHP,0,Each,1.0,68006.708824512,482468.77999999997,153727.01,0,145823.51,4329.04,89699.62,0,0,88886.24,0,0,0.0,0,0,0,728.3716723549488,0.0,0.0,728.3716723549488,1,1,2026-06-10 17:41:22.494414
NE-HV_AirDist-SupFanMtr-cDXHP-2SpClgHtg-VFDPMMtr,None,Asm,Ex,CZ07,cDXHP,0,Each,1.0,68006.708824512,476324.43,153727.01,0,145823.51,4483.7,88764.98,0,0,83521.87,0,0,0.0,0,0,0,728.3716723549488,0.0,0.0,728.3716723549488,1,1,2026-06-10 17:41:22.494414
NE-HV_AirDist-SupFanMtr-cDXHP-2SpClgHtg-VFDStdMtr,None,Asm,Ex,CZ07,cDXHP,0,Each,1.0,68006.708824512,480451.52,153727.01,0,145823.51,4369.06,89350.88,0,0,87177.7,0,0,0.0,0,0,0,728.3716723549488,0.0,0.0,728.3716723549488,1,1,2026-06-10 17:41:22.494414
NE-HV_AirDist-SupFanMtr-cDXHP-2SpClgHtg-VFDExMtr,None,Asm,Ex,CZ06,cDXHP,0,Each,1.0,68006.708824512,478745.54,153727.01,0,145823.51,4698.61,86766.24,0,0,87726.81,0,0,0.0,0,0,0,734.1109215017065,0.0,0.0,734.1109215017065,1,1,2026-06-10 17:41:22.494414
NE-HV_AirDist-SupFanMtr-cDXHP-2SpClgHtg-VFDPMMtr,None,Asm,Ex,CZ06,cDXHP,0,Each,1.0,68006.708824512,472503.74000000005,153727.01,0,145823.51,4846.86,85805.17,0,0,82297.83,0,0,0.0,0,0,0,734.1112627986348,0.0,0.0,734.1112627986348,1,1,2026-06-10 17:41:22.494414
NE-HV_AirDist-SupFanMtr-cDXHP-2SpClgHtg-VFDStdMtr,None,Asm,Ex,CZ06,cDXHP,0,Each,1.0,68006.708824512,476716.83999999997,153727.01,0,145823.51,4741.97,86437.25,0,0,85983.74,0,0,0.0,0,0,0,734.1109215017065,0.0,0.0,734.1109215017065,1,1,2026-06-10 17:41:22.494414
NE-HV_AirDist-SupFanMtr-cDXHP-2SpClgHtg-VFDExMtr,None,Asm,Ex,CZ05,cDXHP,0,Each,1.0,68006.708824512,443802.99,153727.01,0,145823.51,18136.16,47749.27,0,0,78363.68,0,0,0.0,0,0,0,782.1552901023891,0.0,0.0,782.1552901023891,1,1,2026-06-10 17:41:22.494414
NE-HV_AirDist-SupFanMtr-cDXHP-2SpClgHtg-VFDPMMtr,None,Asm,Ex,CZ05,cDXHP,0,Each,1.0,68006.708824512,438482.50999999995,153727.01,0,145823.51,18401.72,47228.37,0,0,73298.54,0,0,0.0,0,0,0,782.1535836177474,0.0,0.0,782.1535836177474,1,1,2026-06-10 17:41:22.494414
NE-HV_AirDist-SupFanMtr-cDXHP-2SpClgHtg-VFDStdMtr,None,Asm,Ex,CZ05,cDXHP,0,Each,1.0,68006.708824512,442169.65,153727.01,0,145823.51,18212.72,47573.39,0,0,76829.66,0,0,0.0,0,0,0,782.1566552901023,0.0,0.0,782.1566552901023,1,1,2026-06-10 17:41:22.494414
NE-HV_AirDist-SupFanMtr-cDXHP-2SpClgHtg-VFDExMtr,None,Asm,Ex,CZ04,cDXHP,0,Each,1.0,68006.708824512,558474.15,153727.01,0,145823.51,25643.23,132050.35,0,0,101226.69,0,0,0.0,0,0,0,762.2409556313993,0.0,0.0,762.2409556313993,1,1,2026-06-10 17:41:22.494414
NE-HV_AirDist-SupFanMtr-cDXHP-2SpClgHtg-VFDPMMtr,None,Asm,Ex,CZ04,cDXHP,0,Each,1.0,68006.708824512,552957.27,153727.01,0,145823.51,25943.51,131393.27,0,0,96066.61,0,0,0.0,0,0,0,762.2412969283275,0.0,0.0,762.2412969283275,1,1,2026-06-10 17:41:22.494414
NE-HV_AirDist-SupFanMtr-cDXHP-2SpClgHtg-VFDStdMtr,None,Asm,Ex,CZ04,cDXHP,0,Each,1.0,68006.708824512,556809.22,153727.01,0,145823.51,25735.92,131845.76,0,0,99673.66,0,0,0.0,0,0,0,762.2423208191126,0.0,0.0,762.2423208191126,1,1,2026-06-10 17:41:22.494414
NE-HV_AirDist-SupFanMtr-cDXHP-2SpClgHtg-VFDExMtr,None,Asm,Ex,CZ03,cDXHP,0,Each,1.0,68006.708824512,431580.88999999996,153727.01,0,145823.51,17842.89,39658.83,0,0,74525.29,0,0,0.0,0,0,0,779.3505119453926,0.0,0.0,779.3505119453926,1,1,2026-06-10 17:41:22.494414
NE-HV_AirDist-SupFanMtr-cDXHP-2SpClgHtg-VFDPMMtr,None,Asm,Ex,CZ03,cDXHP,0,Each,1.0,68006.708824512,426379.48,153727.01,0,145823.51,18121.41,39178.81,0,0,69525.38,0,0,0.0,0,0,0,779.3508532423208,0.0,0.0,779.3508532423208,1,1,2026-06-10 17:41:22.494414
NE-HV_AirDist-SupFanMtr-cDXHP-2SpClgHtg-VFDStdMtr,None,Asm,Ex,CZ03,cDXHP,0,Each,1.0,68006.708824512,429936.66,153727.01,0,145823.51,17910.4,39492.21,0,0,72980.17,0,0,0.0,0,0,0,779.3505119453926,0.0,0.0,779.3505119453926,1,1,2026-06-10 17:41:22.494414
NE-HV_AirDist-SupFanMtr-cDXHP-2SpClgHtg-VFDExMtr,None,Asm,Ex,CZ02,cDXHP,0,Each,1.0,68006.708824512,494151.9,153727.01,0,145823.51,31242.9,75964.89,0,0,87390.23,0,0,0.0,0,0,0,786.1740614334472,0.0,0.0,786.1740614334472,1,1,2026-06-10 17:41:22.494414
NE-HV_AirDist-SupFanMtr-cDXHP-2SpClgHtg-VFDPMMtr,None,Asm,Ex,CZ02,cDXHP,0,Each,1.0,68006.708824512,489021.46,153727.01,0,145823.51,31608.28,75474.97,0,0,82384.33,0,0,0.0,0,0,0,786.1737201365187,0.0,0.0,786.1737201365187,1,1,2026-06-10 17:41:22.494414
NE-HV_AirDist-SupFanMtr-cDXHP-2SpClgHtg-VFDStdMtr,None,Asm,Ex,CZ02,cDXHP,0,Each,1.0,68006.708824512,492625.61,153727.01,0,145823.51,31345.18,75849.66,0,0,85876.89,0,0,0.0,0,0,0,786.1737201365187,0.0,0.0,786.1737201365187,1,1,2026-06-10 17:41:22.494414
NE-HV_AirDist-SupFanMtr-cDXHP-2SpClgHtg-VFDExMtr,None,Asm,Ex,CZ01,cDXHP,0,Each,1.0,68006.708824512,411239.01,153727.01,0,145823.51,38608.21,5401.26,0,0,67675.66,0,0,0.0,0,0,0,827.2191126279863,0.0,0.0,827.2191126279863,1,1,2026-06-10 17:41:22.494414
NE-HV_AirDist-SupFanMtr-cDXHP-2SpClgHtg-VFDPMMtr,None,Asm,Ex,CZ01,cDXHP,0,Each,1.0,68006.708824512,406985.93,153727.01,0,145823.51,39069.01,5265.08,0,0,63097.96,0,0,0.0,0,0,0,827.218771331058,0.0,0.0,827.218771331058,1,1,2026-06-10 17:41:22.494414
NE-HV_AirDist-SupFanMtr-cDXHP-2SpClgHtg-VFDStdMtr,None,Asm,Ex,CZ01,cDXHP,0,Each,1.0,68006.708824512,409941.38999999996,153727.01,0,145823.51,38725.96,5353.01,0,0,66308.54,0,0,0.0,0,0,0,827.2102389078498,0.0,0.0,827.2102389078498,1,1,2026-06-10 17:41:22.494414
NE-HV_AirDist-SupFanMtr-cDXGF-2SpClgHtg-VFDExMtr,None,Asm,Ex,CZ16,cDXGF,0,Each,1.0,68006.708824512,457669.12,153727.01,0,145823.51,0.0,53515.83,0,0,104599.41,0,0,0.0,0,0,0,13910.299658703072,0.0,13096.785324232082,813.5143344709898,1,1,2026-06-10 17:41:22.494414
NE-HV_AirDist-SupFanMtr-cDXGF-2SpClgHtg-VFDPMMtr,None,Asm,Ex,CZ16,cDXGF,0,Each,1.0,68006.708824512,450817.1,153727.01,0,145823.51,0.0,53013.61,0,0,98249.61,0,0,0.0,0,0,0,14046.110921501706,0.0,13232.59590443686,813.5150170648465,1,1,2026-06-10 17:41:22.494414
NE-HV_AirDist-SupFanMtr-cDXGF-2SpClgHtg-VFDStdMtr,None,Asm,Ex,CZ16,cDXGF,0,Each,1.0,68006.708824512,455432.64,153727.01,0,145823.51,0.0,53342.99,0,0,102535.77,0,0,0.0,0,0,0,13950.517064846415,0.0,13137.002389078498,813.5146757679181,1,1,2026-06-10 17:41:22.494414
NE-HV_AirDist-SupFanMtr-cDXGF-2SpClgHtg-VFDExMtr,None,Asm,Ex,CZ15,cDXGF,0,Each,1.0,68006.708824512,774439.0599999999,153727.01,0,145823.51,0.0,346108.12,0,0,128777.06,0,0,0.0,0,0,0,1948.1518771331057,0.0,1316.3017064846415,631.8501706484641,1,1,2026-06-10 17:41:22.494414
NE-HV_AirDist-SupFanMtr-cDXGF-2SpClgHtg-VFDPMMtr,None,Asm,Ex,CZ15,cDXGF,0,Each,1.0,68006.708824512,768181.7700000001,153727.01,0,145823.51,0.0,345078.08,0,0,123549.81,0,0,0.0,0,0,0,1974.3409556313993,0.0,1342.4907849829353,631.8501706484641,1,1,2026-06-10 17:41:22.494414
NE-HV_AirDist-SupFanMtr-cDXGF-2SpClgHtg-VFDStdMtr,None,Asm,Ex,CZ15,cDXGF,0,Each,1.0,68006.708824512,772344.42,153727.01,0,145823.51,0.0,345750.4,0,0,127040.14,0,0,0.0,0,0,0,1954.5006825938567,0.0,1322.6501706484642,631.8505119453926,1,1,2026-06-10 17:41:22.494414
NE-HV_AirDist-SupFanMtr-cDXGF-2SpClgHtg-VFDExMtr,None,Asm,Ex,CZ14,cDXGF,0,Each,1.0,68006.708824512,590863.6,153727.01,0,145823.51,0.0,183353.2,0,0,107956.52,0,0,0.0,0,0,0,7379.788737201365,0.0,6647.634470989761,732.1542662116041,1,1,2026-06-10 17:41:22.494414
NE-HV_AirDist-SupFanMtr-cDXGF-2SpClgHtg-VFDPMMtr,None,Asm,Ex,CZ14,cDXGF,0,Each,1.0,68006.708824512,584336.48,153727.01,0,145823.51,0.0,182552.8,0,0,102229.8,0,0,0.0,0,0,0,7444.496928327645,0.0,6712.344027303754,732.1529010238909,1,1,2026-06-10 17:41:22.494414
NE-HV_AirDist-SupFanMtr-cDXGF-2SpClgHtg-VFDStdMtr,None,Asm,Ex,CZ14,cDXGF,0,Each,1.0,68006.708824512,588721.17,153727.01,0,145823.51,0.0,183074.47,0,0,106092.82,0,0,0.0,0,0,0,7397.461774744027,0.0,6665.308873720136,732.1529010238909,1,1,2026-06-10 17:41:22.494414
NE-HV_AirDist-SupFanMtr-cDXGF-2SpClgHtg-VFDExMtr,None,Asm,Ex,CZ13,cDXGF,0,Each,1.0,68006.708824512,596227.83,153727.01,0,145823.51,0.0,192893.21,0,0,103780.74,0,0,0.0,0,0,0,7244.067918088737,0.0,6527.429692832764,716.6382252559727,1,1,2026-06-10 17:41:22.494414
NE-HV_AirDist-SupFanMtr-cDXGF-2SpClgHtg-VFDPMMtr,None,Asm,Ex,CZ13,cDXGF,0,Each,1.0,68006.708824512,590082.64,153727.01,0,145823.51,0.0,192154.02,0,0,98374.74,0,0,0.0,0,0,0,7314.530034129693,0.0,6597.89180887372,716.6382252559727,1,1,2026-06-10 17:41:22.494414
NE-HV_AirDist-SupFanMtr-cDXGF-2SpClgHtg-VFDStdMtr,None,Asm,Ex,CZ13,cDXGF,0,Each,1.0,68006.708824512,594211.61,153727.01,0,145823.51,0.0,192636.14,0,0,102021.59,0,0,0.0,0,0,0,7262.773720136518,0.0,6546.135494880546,716.6382252559727,1,1,2026-06-10 17:41:22.494414
NE-HV_AirDist-SupFanMtr-cDXGF-2SpClgHtg-VFDExMtr,None,Asm,Ex,CZ12,cDXGF,0,Each,1.0,68006.708824512,517788.79000000004,153727.01,0,145823.51,0.0,125523.91,0,0,92711.0,0,0,0.0,0,0,0,8485.065187713311,0.0,7731.557679180888,753.5075085324232,1,1,2026-06-10 17:41:22.494414
NE-HV_AirDist-SupFanMtr-cDXGF-2SpClgHtg-VFDPMMtr,None,Asm,Ex,CZ12,cDXGF,0,Each,1.0,68006.708824512,511868.77,153727.01,0,145823.51,0.0,124893.9,0,0,87420.99,0,0,0.0,0,0,0,8564.376791808872,0.0,7810.86928327645,753.5075085324232,1,1,2026-06-10 17:41:22.494414
NE-HV_AirDist-SupFanMtr-cDXGF-2SpClgHtg-VFDStdMtr,None,Asm,Ex,CZ12,cDXGF,0,Each,1.0,68006.708824512,515884.7,153727.01,0,145823.51,0.0,125306.15,0,0,91024.67,0,0,0.0,0,0,0,8507.212286689419,0.0,7753.704778156996,753.5075085324232,1,1,2026-06-10 17:41:22.494414
NE-HV_AirDist-SupFanMtr-cDXGF-2SpClgHtg-VFDExMtr,None,Asm,Ex,CZ11,cDXGF,0,Each,1.0,68006.708824512,587959.2999999999,153727.01,0,145823.51,0.0,184144.86,0,0,104260.56,0,0,0.0,0,0,0,8561.707167235496,0.0,7833.895563139932,727.8116040955632,1,1,2026-06-10 17:41:22.494414
NE-HV_AirDist-SupFanMtr-cDXGF-2SpClgHtg-VFDPMMtr,None,Asm,Ex,CZ11,cDXGF,0,Each,1.0,68006.708824512,581898.84,153727.01,0,145823.51,0.0,183439.77,0,0,98905.19,0,0,0.0,0,0,0,8644.36518771331,0.0,7916.555972696246,727.8092150170648,1,1,2026-06-10 17:41:22.494414
NE-HV_AirDist-SupFanMtr-cDXGF-2SpClgHtg-VFDStdMtr,None,Asm,Ex,CZ11,cDXGF,0,Each,1.0,68006.708824512,585957.79,153727.01,0,145823.51,0.0,183904.79,0,0,102499.12,0,0,0.0,0,0,0,8585.88156996587,0.0,7858.068600682594,727.8129692832764,1,1,2026-06-10 17:41:22.494414
NE-HV_AirDist-SupFanMtr-cDXGF-2SpClgHtg-VFDExMtr,None,Asm,Ex,CZ10,cDXGF,0,Each,1.0,68006.708824512,564399.53,153727.01,0,145823.51,0.0,166891.24,0,0,97954.41,0,0,0.0,0,0,0,3428.6194539249145,0.0,2714.7068259385665,713.9126279863481,1,1,2026-06-10 17:41:22.494414
NE-HV_AirDist-SupFanMtr-cDXGF-2SpClgHtg-VFDPMMtr,None,Asm,Ex,CZ10,cDXGF,0,Each,1.0,68006.708824512,558074.34,153727.01,0,145823.51,0.0,165997.97,0,0,92522.49,0,0,0.0,0,0,0,3475.387030716724,0.0,2761.474744027304,713.9122866894198,1,1,2026-06-10 17:41:22.494414
NE-HV_AirDist-SupFanMtr-cDXGF-2SpClgHtg-VFDStdMtr,None,Asm,Ex,CZ10,cDXGF,0,Each,1.0,68006.708824512,562343.0599999999,153727.01,0,145823.51,0.0,166580.85,0,0,96208.33,0,0,0.0,0,0,0,3439.2587030716722,0.0,2725.346075085324,713.9126279863481,1,1,2026-06-10 17:41:22.494414
NE-HV_AirDist-SupFanMtr-cDXGF-2SpClgHtg-VFDExMtr,None,Asm,Ex,CZ09,cDXGF,0,Each,1.0,68006.708824512,541449.1000000001,153727.01,0,145823.51,0.0,144026.17,0,0,97869.05,0,0,0.0,0,0,0,3244.3051194539253,0.0,2523.4409556313994,720.8641638225256,1,1,2026-06-10 17:41:22.494414
NE-HV_AirDist-SupFanMtr-cDXGF-2SpClgHtg-VFDPMMtr,None,Asm,Ex,CZ09,cDXGF,0,Each,1.0,68006.708824512,534884.29,153727.01,0,145823.51,0.0,143124.13,0,0,92206.28,0,0,0.0,0,0,0,3286.8604095563137,0.0,2565.9982935153585,720.8621160409556,1,1,2026-06-10 17:41:22.494414
NE-HV_AirDist-SupFanMtr-cDXGF-2SpClgHtg-VFDStdMtr,None,Asm,Ex,CZ09,cDXGF,0,Each,1.0,68006.708824512,539268.7899999999,153727.01,0,145823.51,0.0,143712.09,0,0,96002.82,0,0,0.0,0,0,0,3254.094197952218,0.0,2533.2300341296927,720.8641638225256,1,1,2026-06-10 17:41:22.494414
NE-HV_AirDist-SupFanMtr-cDXGF-2SpClgHtg-VFDExMtr,None,Asm,Ex,CZ08,cDXGF,0,Each,1.0,68006.708824512,537284.65,153727.01,0,145823.51,0.0,141816.48,0,0,95914.29,0,0,0.0,0,0,0,2536.9416382252557,0.0,1819.9972696245732,716.9443686006827,1,1,2026-06-10 17:41:22.494414
NE-HV_AirDist-SupFanMtr-cDXGF-2SpClgHtg-VFDPMMtr,None,Asm,Ex,CZ08,cDXGF,0,Each,1.0,68006.708824512,530699.2899999999,153727.01,0,145823.51,0.0,140833.21,0,0,90312.2,0,0,0.0,0,0,0,2566.07337883959,0.0,1849.130375426621,716.9430034129692,1,1,2026-06-10 17:41:22.494414
NE-HV_AirDist-SupFanMtr-cDXGF-2SpClgHtg-VFDStdMtr,None,Asm,Ex,CZ08,cDXGF,0,Each,1.0,68006.708824512,535138.73,153727.01,0,145823.51,0.0,141476.98,0,0,94107.87,0,0,0.0,0,0,0,2545.215699658703,0.0,1828.2716723549488,716.9440273037542,1,1,2026-06-10 17:41:22.494414
NE-HV_AirDist-SupFanMtr-cDXGF-2SpClgHtg-VFDExMtr,None,Asm,Ex,CZ07,cDXGF,0,Each,1.0,68006.708824512,476874.48,153727.01,0,145823.51,0.0,88617.82,0,0,88702.78,0,0,0.0,0,0,0,1897.2464163822524,0.0,1168.875085324232,728.3713310580205,1,1,2026-06-10 17:41:22.494414
NE-HV_AirDist-SupFanMtr-cDXGF-2SpClgHtg-VFDPMMtr,None,Asm,Ex,CZ07,cDXGF,0,Each,1.0,68006.708824512,470616.83999999997,153727.01,0,145823.51,0.0,87719.85,0,0,83343.11,0,0,0.0,0,0,0,1938.4276450511945,0.0,1210.0563139931742,728.3713310580205,1,1,2026-06-10 17:41:22.494414
NE-HV_AirDist-SupFanMtr-cDXGF-2SpClgHtg-VFDStdMtr,None,Asm,Ex,CZ07,cDXGF,0,Each,1.0,68006.708824512,474864.64,153727.01,0,145823.51,0.0,88300.91,0,0,87009.85,0,0,0.0,0,0,0,1908.3211604095561,0.0,1179.9498293515358,728.3713310580205,1,1,2026-06-10 17:41:22.494414
NE-HV_AirDist-SupFanMtr-cDXGF-2SpClgHtg-VFDExMtr,None,Asm,Ex,CZ06,cDXGF,0,Each,1.0,68006.708824512,473236.98000000004,153727.01,0,145823.51,0.0,85989.53,0,0,87693.57,0,0,0.0,0,0,0,2012.7791808873717,0.0,1278.6686006825937,734.1105802047781,1,1,2026-06-10 17:41:22.494414
NE-HV_AirDist-SupFanMtr-cDXGF-2SpClgHtg-VFDPMMtr,None,Asm,Ex,CZ06,cDXGF,0,Each,1.0,68006.708824512,466925.06,153727.01,0,145823.51,0.0,85054.45,0,0,82316.73,0,0,0.0,0,0,0,2051.9249146757675,0.0,1317.8143344709897,734.1105802047781,1,1,2026-06-10 17:41:22.494414
NE-HV_AirDist-SupFanMtr-cDXGF-2SpClgHtg-VFDStdMtr,None,Asm,Ex,CZ06,cDXGF,0,Each,1.0,68006.708824512,471197.10000000003,153727.01,0,145823.51,0.0,85669.66,0,0,85973.56,0,0,0.0,0,0,0,2023.741638225256,0.0,1289.631058020478,734.1105802047781,1,1,2026-06-10 17:41:22.494414
NE-HV_AirDist-SupFanMtr-cDXGF-2SpClgHtg-VFDExMtr,None,Asm,Ex,CZ05,cDXGF,0,Each,1.0,68006.708824512,424863.46,153727.01,0,145823.51,0.0,47395.02,0,0,77914.56,0,0,0.0,0,0,0,5978.789419795222,0.0,5196.632764505119,782.1566552901023,1,1,2026-06-10 17:41:22.494414
NE-HV_AirDist-SupFanMtr-cDXGF-2SpClgHtg-VFDPMMtr,None,Asm,Ex,CZ05,cDXGF,0,Each,1.0,68006.708824512,419220.82999999996,153727.01,0,145823.51,0.0,46872.09,0,0,72794.86,0,0,0.0,0,0,0,6053.367576791809,0.0,5271.213993174061,782.1535836177474,1,1,2026-06-10 17:41:22.494414
NE-HV_AirDist-SupFanMtr-cDXGF-2SpClgHtg-VFDStdMtr,None,Asm,Ex,CZ05,cDXGF,0,Each,1.0,68006.708824512,423125.13,153727.01,0,145823.51,0.0,47217.97,0,0,76353.28,0,0,0.0,0,0,0,6000.5873720136515,0.0,5218.434129692832,782.1532423208191,1,1,2026-06-10 17:41:22.494414
NE-HV_AirDist-SupFanMtr-cDXGF-2SpClgHtg-VFDExMtr,None,Asm,Ex,CZ04,cDXGF,0,Each,1.0,68006.708824512,526128.09,153727.01,0,145823.51,0.0,131062.04,0,0,95512.17,0,0,0.0,0,0,0,8164.564505119453,0.0,7402.323549488054,762.2409556313993,1,1,2026-06-10 17:41:22.494414
NE-HV_AirDist-SupFanMtr-cDXGF-2SpClgHtg-VFDPMMtr,None,Asm,Ex,CZ04,cDXGF,0,Each,1.0,68006.708824512,520163.97,153727.01,0,145823.51,0.0,130432.04,0,0,90178.05,0,0,0.0,0,0,0,8249.050853242321,0.0,7486.810580204778,762.2402730375426,1,1,2026-06-10 17:41:22.494414
NE-HV_AirDist-SupFanMtr-cDXGF-2SpClgHtg-VFDStdMtr,None,Asm,Ex,CZ04,cDXGF,0,Each,1.0,68006.708824512,524249.89,153727.01,0,145823.51,0.0,130844.95,0,0,93851.06,0,0,0.0,0,0,0,8189.153924914676,0.0,7426.9126279863485,762.2412969283275,1,1,2026-06-10 17:41:22.494414
NE-HV_AirDist-SupFanMtr-cDXGF-2SpClgHtg-VFDExMtr,None,Asm,Ex,CZ03,cDXGF,0,Each,1.0,68006.708824512,413519.63,153727.01,0,145823.51,0.0,39609.55,0,0,74356.2,0,0,0.0,0,0,0,5881.9921501706485,0.0,5102.6416382252555,779.3505119453926,1,1,2026-06-10 17:41:22.494414
NE-HV_AirDist-SupFanMtr-cDXGF-2SpClgHtg-VFDPMMtr,None,Asm,Ex,CZ03,cDXGF,0,Each,1.0,68006.708824512,407992.03,153727.01,0,145823.51,0.0,39133.28,0,0,69304.87,0,0,0.0,0,0,0,5955.221843003413,0.0,5175.871331058021,779.3505119453926,1,1,2026-06-10 17:41:22.494414
NE-HV_AirDist-SupFanMtr-cDXGF-2SpClgHtg-VFDStdMtr,None,Asm,Ex,CZ03,cDXGF,0,Each,1.0,68006.708824512,411812.93999999994,153727.01,0,145823.51,0.0,39448.47,0,0,72810.59,0,0,0.0,0,0,0,5899.986689419796,0.0,5120.636177474403,779.3505119453926,1,1,2026-06-10 17:41:22.494414
NE-HV_AirDist-SupFanMtr-cDXGF-2SpClgHtg-VFDExMtr,None,Asm,Ex,CZ02,cDXGF,0,Each,1.0,68006.708824512,459378.11,153727.01,0,145823.51,0.0,75598.47,0,0,84225.76,0,0,0.0,0,0,0,9843.673037542661,0.0,9057.499317406142,786.1737201365187,1,1,2026-06-10 17:41:22.494414
NE-HV_AirDist-SupFanMtr-cDXGF-2SpClgHtg-VFDPMMtr,None,Asm,Ex,CZ02,cDXGF,0,Each,1.0,68006.708824512,453724.93,153727.01,0,145823.51,0.0,75105.82,0,0,79065.23,0,0,0.0,0,0,0,9948.303071672353,0.0,9162.130034129692,786.1730375426621,1,1,2026-06-10 17:41:22.494414
NE-HV_AirDist-SupFanMtr-cDXGF-2SpClgHtg-VFDStdMtr,None,Asm,Ex,CZ02,cDXGF,0,Each,1.0,68006.708824512,457575.11,153727.01,0,145823.51,0.0,75429.24,0,0,82591.99,0,0,0.0,0,0,0,9870.005460750854,0.0,9083.832081911263,786.1733788395904,1,1,2026-06-10 17:41:22.494414
NE-HV_AirDist-SupFanMtr-cDXGF-2SpClgHtg-VFDExMtr,None,Asm,Ex,CZ01,cDXGF,0,Each,1.0,68006.708824512,371139.11,153727.01,0,145823.51,0.0,5870.07,0,0,65715.16,0,0,0.0,0,0,0,12025.082252559729,0.0,11197.86348122867,827.218771331058,1,1,2026-06-10 17:41:22.494414
NE-HV_AirDist-SupFanMtr-cDXGF-2SpClgHtg-VFDPMMtr,None,Asm,Ex,CZ01,cDXGF,0,Each,1.0,68006.708824512,366294.32999999996,153727.01,0,145823.51,0.0,5721.46,0,0,61018.99,0,0,0.0,0,0,0,12158.181911262798,0.0,11330.963481228668,827.2184300341297,1,1,2026-06-10 17:41:22.494414
NE-HV_AirDist-SupFanMtr-cDXGF-2SpClgHtg-VFDStdMtr,None,Asm,Ex,CZ01,cDXGF,0,Each,1.0,68006.708824512,369681.4,153727.01,0,145823.51,0.0,5818.77,0,0,64308.75,0,0,0.0,0,0,0,12060.100000000002,0.0,11232.889078498294,827.2109215017065,1,1,2026-06-10 17:41:22.494414
NE-HV_AirDist-SupFanMtr-cDXGF-2SpClgHtg-VFDExMtr,None,Htl,Ex,CZ01,cDXGF,0,Each,1.0,137116.718465024,354748.04,125660.91,0,179548.13,0.0,16944.84,0,0,32590.8,0,0,0.0,0,0,0,4165.4443686006825,886.9245733788396,2633.0505119453924,645.4692832764505,1,1,2026-06-10 17:41:22.494414
NE-HV_AirDist-SupFanMtr-cDXGF-2SpClgHtg-VFDStdMtr,None,Htl,Ex,CZ01,cDXGF,0,Each,1.0,137116.718465024,354188.01999999996,125660.91,0,179548.13,0.0,16928.67,0,0,32046.95,0,0,0.0,0,0,0,4174.506484641638,886.9245733788396,2642.1163822525596,645.4655290102389,1,1,2026-06-10 17:41:22.494414
NE-HV_AirDist-SupFanMtr-cDXGF-2SpClgHtg-VFDPMMtr,None,Htl,Ex,CZ01,cDXGF,0,Each,1.0,137116.718465024,352775.42,125660.91,0,179548.13,0.0,16891.33,0,0,30671.69,0,0,0.0,0,0,0,4200.9982935153585,886.9245733788396,2668.6088737201367,645.4648464163822,1,1,2026-06-10 17:41:22.494414
NE-HV_AirDist-SupFanMtr-cDXGF-2SpClgHtg-VFDExMtr,None,Htl,Ex,CZ02,cDXGF,0,Each,1.0,137116.718465024,416035.67999999993,125660.91,0,179548.13,0.0,65615.94,0,0,45207.34,0,0,0.0,0,0,0,3503.0682593856654,886.9245733788396,1999.637542662116,616.5061433447099,1,1,2026-06-10 17:41:22.494414
NE-HV_AirDist-SupFanMtr-cDXGF-2SpClgHtg-VFDStdMtr,None,Htl,Ex,CZ02,cDXGF,0,Each,1.0,137116.718465024,415290.75,125660.91,0,179548.13,0.0,65548.49,0,0,44529.86,0,0,0.0,0,0,0,3509.882593856655,886.9245733788396,2006.4488054607507,616.5092150170649,1,1,2026-06-10 17:41:22.494414
NE-HV_AirDist-SupFanMtr-cDXGF-2SpClgHtg-VFDPMMtr,None,Htl,Ex,CZ02,cDXGF,0,Each,1.0,137116.718465024,413605.87,125660.91,0,179548.13,0.0,65412.54,0,0,42980.93,0,0,0.0,0,0,0,3526.310580204778,886.9245733788396,2022.8788395904435,616.5071672354949,1,1,2026-06-10 17:41:22.494414
NE-HV_AirDist-SupFanMtr-cDXGF-2SpClgHtg-VFDExMtr,None,Htl,Ex,CZ03,cDXGF,0,Each,1.0,137116.718465024,394389.69999999995,125660.91,0,179548.13,0.0,45696.81,0,0,43480.49,0,0,0.0,0,0,0,2561.8593856655293,886.9245733788396,1063.2894197952219,611.6453924914675,1,1,2026-06-10 17:41:22.494414
NE-HV_AirDist-SupFanMtr-cDXGF-2SpClgHtg-VFDStdMtr,None,Htl,Ex,CZ03,cDXGF,0,Each,1.0,137116.718465024,393653.75,125660.91,0,179548.13,0.0,45635.21,0,0,42806.14,0,0,0.0,0,0,0,2567.9696245733785,886.9245733788396,1069.3999999999999,611.6450511945393,1,1,2026-06-10 17:41:22.494414
NE-HV_AirDist-SupFanMtr-cDXGF-2SpClgHtg-VFDPMMtr,None,Htl,Ex,CZ03,cDXGF,0,Each,1.0,137116.718465024,391968.54,125660.91,0,179548.13,0.0,45512.66,0,0,41243.48,0,0,0.0,0,0,0,2575.960750853242,886.9245733788396,1077.3904436860068,611.6457337883959,1,1,2026-06-10 17:41:22.494414
NE-HV_AirDist-SupFanMtr-cDXGF-2SpClgHtg-VFDExMtr,None,Htl,Ex,CZ04,cDXGF,0,Each,1.0,137116.718465024,456398.57999999996,125660.91,0,179548.13,0.0,100726.71,0,0,50459.47,0,0,0.0,0,0,0,3011.061092150171,886.9245733788396,1524.560409556314,599.5761092150171,1,1,2026-06-10 17:41:22.494414
NE-HV_AirDist-SupFanMtr-cDXGF-2SpClgHtg-VFDStdMtr,None,Htl,Ex,CZ04,cDXGF,0,Each,1.0,137116.718465024,455598.07,125660.91,0,179548.13,0.0,100638.09,0,0,49747.58,0,0,0.0,0,0,0,3016.44470989761,886.9245733788396,1529.944709897611,599.5754266211604,1,1,2026-06-10 17:41:22.494414
NE-HV_AirDist-SupFanMtr-cDXGF-2SpClgHtg-VFDPMMtr,None,Htl,Ex,CZ04,cDXGF,0,Each,1.0,137116.718465024,453882.48000000004,125660.91,0,179548.13,0.0,100464.51,0,0,48205.57,0,0,0.0,0,0,0,3030.444368600682,886.9245733788396,1543.9443686006825,599.5754266211604,1,1,2026-06-10 17:41:22.494414
NE-HV_AirDist-SupFanMtr-cDXGF-2SpClgHtg-VFDExMtr,None,Htl,Ex,CZ05,cDXGF,0,Each,1.0,137116.718465024,399113.28,125660.91,0,179548.13,0.0,49638.41,0,0,44262.47,0,0,0.0,0,0,0,2352.686689419795,886.9245733788396,852.1105802047781,613.6515358361775,1,1,2026-06-10 17:41:22.494414
NE-HV_AirDist-SupFanMtr-cDXGF-2SpClgHtg-VFDStdMtr,None,Htl,Ex,CZ05,cDXGF,0,Each,1.0,137116.718465024,398367.36,125660.91,0,179548.13,0.0,49570.96,0,0,43584.0,0,0,0.0,0,0,0,2353.172354948805,886.9245733788396,852.5959044368601,613.6518771331058,1,1,2026-06-10 17:41:22.494414
NE-HV_AirDist-SupFanMtr-cDXGF-2SpClgHtg-VFDPMMtr,None,Htl,Ex,CZ05,cDXGF,0,Each,1.0,137116.718465024,396683.83,125660.91,0,179548.13,0.0,49433.79,0,0,42037.64,0,0,0.0,0,0,0,2365.2996587030716,886.9245733788396,864.7225255972696,613.6525597269624,1,1,2026-06-10 17:41:22.494414
NE-HV_AirDist-SupFanMtr-cDXGF-2SpClgHtg-VFDExMtr,None,Htl,Ex,CZ06,cDXGF,0,Each,1.0,137116.718465024,440560.82000000007,125660.91,0,179548.13,0.0,84406.9,0,0,50941.52,0,0,0.0,0,0,0,1615.9959044368597,886.9245733788396,149.5877133105802,579.4836177474402,1,1,2026-06-10 17:41:22.494414
NE-HV_AirDist-SupFanMtr-cDXGF-2SpClgHtg-VFDStdMtr,None,Htl,Ex,CZ06,cDXGF,0,Each,1.0,137116.718465024,439720.67,125660.91,0,179548.13,0.0,84286.57,0,0,50221.7,0,0,0.0,0,0,0,1616.7143344709896,886.9245733788396,150.30580204778155,579.4839590443686,1,1,2026-06-10 17:41:22.494414
NE-HV_AirDist-SupFanMtr-cDXGF-2SpClgHtg-VFDPMMtr,None,Htl,Ex,CZ06,cDXGF,0,Each,1.0,137116.718465024,437967.72,125660.91,0,179548.13,0.0,84041.58,0,0,48713.74,0,0,0.0,0,0,0,1620.4808873720135,886.9245733788396,154.0726962457338,579.4836177474402,1,1,2026-06-10 17:41:22.494414
NE-HV_AirDist-SupFanMtr-cDXGF-2SpClgHtg-VFDExMtr,None,Htl,Ex,CZ07,cDXGF,0,Each,1.0,137116.718465024,440481.26,125660.91,0,179548.13,0.0,84472.84,0,0,50796.02,0,0,0.0,0,0,0,1567.5655290102388,886.9245733788396,105.1283276450512,575.5126279863481,1,1,2026-06-10 17:41:22.494414
NE-HV_AirDist-SupFanMtr-cDXGF-2SpClgHtg-VFDStdMtr,None,Htl,Ex,CZ07,cDXGF,0,Each,1.0,137116.718465024,439640.77999999997,125660.91,0,179548.13,0.0,84351.19,0,0,50077.19,0,0,0.0,0,0,0,1568.850170648464,886.9245733788396,106.41296928327645,575.5126279863481,1,1,2026-06-10 17:41:22.494414
NE-HV_AirDist-SupFanMtr-cDXGF-2SpClgHtg-VFDPMMtr,None,Htl,Ex,CZ07,cDXGF,0,Each,1.0,137116.718465024,437891.85,125660.91,0,179548.13,0.0,84119.95,0,0,48559.5,0,0,0.0,0,0,0,1571.2931740614333,886.9245733788396,108.85597269624573,575.5126279863481,1,1,2026-06-10 17:41:22.494414
NE-HV_AirDist-SupFanMtr-cDXGF-2SpClgHtg-VFDExMtr,None,Htl,Ex,CZ08,cDXGF,0,Each,1.0,137116.718465024,483967.05000000005,125660.91,0,179548.13,0.0,122660.91,0,0,56093.74,0,0,0.0,0,0,0,1664.98976109215,886.9245733788396,210.6542662116041,567.4109215017064,1,1,2026-06-10 17:41:22.494414
NE-HV_AirDist-SupFanMtr-cDXGF-2SpClgHtg-VFDStdMtr,None,Htl,Ex,CZ08,cDXGF,0,Each,1.0,137116.718465024,483055.75,125660.91,0,179548.13,0.0,122526.94,0,0,55316.41,0,0,0.0,0,0,0,1665.9921501706483,886.9245733788396,211.65665529010238,567.4109215017064,1,1,2026-06-10 17:41:22.494414
NE-HV_AirDist-SupFanMtr-cDXGF-2SpClgHtg-VFDPMMtr,None,Htl,Ex,CZ08,cDXGF,0,Each,1.0,137116.718465024,481211.37,125660.91,0,179548.13,0.0,122270.95,0,0,53728.02,0,0,0.0,0,0,0,1669.2215017064848,886.9245733788396,214.88634812286688,567.4105802047782,1,1,2026-06-10 17:41:22.494414
NE-HV_AirDist-SupFanMtr-cDXGF-2SpClgHtg-VFDExMtr,None,Htl,Ex,CZ09,cDXGF,0,Each,1.0,137116.718465024,483580.4,125660.91,0,179548.13,0.0,121629.13,0,0,56738.87,0,0,0.0,0,0,0,1823.8150170648464,886.9245733788396,366.83242320819113,570.0580204778157,1,1,2026-06-10 17:41:22.494414
NE-HV_AirDist-SupFanMtr-cDXGF-2SpClgHtg-VFDStdMtr,None,Htl,Ex,CZ09,cDXGF,0,Each,1.0,137116.718465024,482678.17,125660.91,0,179548.13,0.0,121504.85,0,0,55960.92,0,0,0.0,0,0,0,1825.7259385665527,886.9245733788396,368.7430034129693,570.058361774744,1,1,2026-06-10 17:41:22.494414
NE-HV_AirDist-SupFanMtr-cDXGF-2SpClgHtg-VFDPMMtr,None,Htl,Ex,CZ09,cDXGF,0,Each,1.0,137116.718465024,480754.75,125660.91,0,179548.13,0.0,121262.48,0,0,54279.87,0,0,0.0,0,0,0,1831.69795221843,886.9245733788396,374.71535836177475,570.0580204778157,1,1,2026-06-10 17:41:22.494414
NE-HV_AirDist-SupFanMtr-cDXGF-2SpClgHtg-VFDExMtr,None,Htl,Ex,CZ10,cDXGF,0,Each,1.0,137116.718465024,492269.42,125660.91,0,179548.13,0.0,131023.35,0,0,56033.67,0,0,0.0,0,0,0,1839.8426621160409,886.9245733788396,387.71672354948805,565.2013651877133,1,1,2026-06-10 17:41:22.494414
NE-HV_AirDist-SupFanMtr-cDXGF-2SpClgHtg-VFDStdMtr,None,Htl,Ex,CZ10,cDXGF,0,Each,1.0,137116.718465024,491363.93999999994,125660.91,0,179548.13,0.0,130894.44,0,0,55257.1,0,0,0.0,0,0,0,1841.8184300341295,886.9245733788396,389.67610921501705,565.2177474402731,1,1,2026-06-10 17:41:22.494414
NE-HV_AirDist-SupFanMtr-cDXGF-2SpClgHtg-VFDPMMtr,None,Htl,Ex,CZ10,cDXGF,0,Each,1.0,137116.718465024,489467.56000000006,125660.91,0,179548.13,0.0,130645.66,0,0,53609.5,0,0,0.0,0,0,0,1848.1266211604095,886.9245733788396,395.9839590443686,565.2180887372014,1,1,2026-06-10 17:41:22.494414
NE-HV_AirDist-SupFanMtr-cDXGF-2SpClgHtg-VFDExMtr,None,Htl,Ex,CZ11,cDXGF,0,Each,1.0,137116.718465024,502230.05999999994,125660.91,0,179548.13,0.0,139419.19,0,0,57598.47,0,0,0.0,0,0,0,3645.1013651877133,886.9245733788396,2183.0088737201368,575.1679180887371,1,1,2026-06-10 17:41:22.494414
NE-HV_AirDist-SupFanMtr-cDXGF-2SpClgHtg-VFDStdMtr,None,Htl,Ex,CZ11,cDXGF,0,Each,1.0,137116.718465024,501360.24,125660.91,0,179548.13,0.0,139311.97,0,0,56835.87,0,0,0.0,0,0,0,3652.2174061433448,886.9245733788396,2190.124914675768,575.1679180887371,1,1,2026-06-10 17:41:22.494414
NE-HV_AirDist-SupFanMtr-cDXGF-2SpClgHtg-VFDPMMtr,None,Htl,Ex,CZ11,cDXGF,0,Each,1.0,137116.718465024,499555.57000000007,125660.91,0,179548.13,0.0,139105.64,0,0,55237.53,0,0,0.0,0,0,0,3667.4177474402727,886.9245733788396,2205.325255972696,575.1679180887371,1,1,2026-06-10 17:41:22.494414
NE-HV_AirDist-SupFanMtr-cDXGF-2SpClgHtg-VFDExMtr,None,Htl,Ex,CZ12,cDXGF,0,Each,1.0,137116.718465024,454032.63000000006,125660.91,0,179548.13,0.0,98685.91,0,0,50134.32,0,0,0.0,0,0,0,3459.220819112628,886.9245733788396,1978.8740614334472,593.4221843003413,1,1,2026-06-10 17:41:22.494414
NE-HV_AirDist-SupFanMtr-cDXGF-2SpClgHtg-VFDStdMtr,None,Htl,Ex,CZ12,cDXGF,0,Each,1.0,137116.718465024,453237.04000000004,125660.91,0,179548.13,0.0,98596.23,0,0,49428.41,0,0,0.0,0,0,0,3465.428327645051,886.9245733788396,1985.0815699658701,593.4221843003413,1,1,2026-06-10 17:41:22.494414
NE-HV_AirDist-SupFanMtr-cDXGF-2SpClgHtg-VFDPMMtr,None,Htl,Ex,CZ12,cDXGF,0,Each,1.0,137116.718465024,451507.22000000003,125660.91,0,179548.13,0.0,98422.52,0,0,47872.3,0,0,0.0,0,0,0,3480.841296928327,886.9245733788396,2000.4952218430035,593.4215017064846,1,1,2026-06-10 17:41:22.494414
NE-HV_AirDist-SupFanMtr-cDXGF-2SpClgHtg-VFDExMtr,None,Htl,Ex,CZ13,cDXGF,0,Each,1.0,137116.718465024,512340.63,125660.91,0,179548.13,0.0,148142.5,0,0,58985.73,0,0,0.0,0,0,0,3190.7686006825934,886.9245733788396,1736.6054607508531,567.238566552901,1,1,2026-06-10 17:41:22.494414
NE-HV_AirDist-SupFanMtr-cDXGF-2SpClgHtg-VFDStdMtr,None,Htl,Ex,CZ13,cDXGF,0,Each,1.0,137116.718465024,511495.62000000005,125660.91,0,179548.13,0.0,148031.42,0,0,58251.8,0,0,0.0,0,0,0,3196.215699658703,886.9245733788396,1742.0529010238909,567.2382252559728,1,1,2026-06-10 17:41:22.494414
NE-HV_AirDist-SupFanMtr-cDXGF-2SpClgHtg-VFDPMMtr,None,Htl,Ex,CZ13,cDXGF,0,Each,1.0,137116.718465024,509717.31000000006,125660.91,0,179548.13,0.0,147819.53,0,0,56685.38,0,0,0.0,0,0,0,3210.580887372014,886.9245733788396,1756.444709897611,567.2116040955631,1,1,2026-06-10 17:41:22.494414
NE-HV_AirDist-SupFanMtr-cDXGF-2SpClgHtg-VFDExMtr,None,Htl,Ex,CZ14,cDXGF,0,Each,1.0,137116.718465024,498032.9,125660.91,0,179548.13,0.0,134382.1,0,0,58438.4,0,0,0.0,0,0,0,2740.834129692833,886.9245733788396,1275.6303754266212,578.279180887372,1,1,2026-06-10 17:41:22.494414
NE-HV_AirDist-SupFanMtr-cDXGF-2SpClgHtg-VFDStdMtr,None,Htl,Ex,CZ14,cDXGF,0,Each,1.0,137116.718465024,497128.87999999995,125660.91,0,179548.13,0.0,134265.3,0,0,57651.18,0,0,0.0,0,0,0,2744.758361774744,886.9245733788396,1279.5549488054608,578.2788395904437,1,1,2026-06-10 17:41:22.494414
NE-HV_AirDist-SupFanMtr-cDXGF-2SpClgHtg-VFDPMMtr,None,Htl,Ex,CZ14,cDXGF,0,Each,1.0,137116.718465024,495221.19000000006,125660.91,0,179548.13,0.0,134042.28,0,0,55966.51,0,0,0.0,0,0,0,2757.268600682594,886.9245733788396,1292.0655290102388,578.2784982935154,1,1,2026-06-10 17:41:22.494414
NE-HV_AirDist-SupFanMtr-cDXGF-2SpClgHtg-VFDExMtr,None,Htl,Ex,CZ15,cDXGF,0,Each,1.0,137116.718465024,627621.88,125660.91,0,179548.13,0.0,249710.11,0,0,72699.37,0,0,0.0,0,0,0,1536.286348122867,886.9245733788396,142.22901023890785,507.13276450511944,1,1,2026-06-10 17:41:22.494414
NE-HV_AirDist-SupFanMtr-cDXGF-2SpClgHtg-VFDStdMtr,None,Htl,Ex,CZ15,cDXGF,0,Each,1.0,137116.718465024,626684.86,125660.91,0,179548.13,0.0,249557.0,0,0,71915.46,0,0,0.0,0,0,0,1536.8764505119452,886.9245733788396,142.82150170648464,507.13037542662113,1,1,2026-06-10 17:41:22.494414
NE-HV_AirDist-SupFanMtr-cDXGF-2SpClgHtg-VFDPMMtr,None,Htl,Ex,CZ15,cDXGF,0,Each,1.0,137116.718465024,624884.28,125660.91,0,179548.13,0.0,249269.38,0,0,70402.5,0,0,0.0,0,0,0,1539.8566552901023,886.9245733788396,145.8017064846416,507.13037542662113,1,1,2026-06-10 17:41:22.494414
NE-HV_AirDist-SupFanMtr-cDXGF-2SpClgHtg-VFDExMtr,None,Htl,Ex,CZ16,cDXGF,0,Each,1.0,137116.718465024,418614.32,125660.91,0,179548.13,0.0,58507.85,0,0,54894.07,0,0,0.0,0,0,0,5209.4470989761085,886.9245733788396,3686.5662116040953,635.956313993174,1,1,2026-06-10 17:41:22.494414
NE-HV_AirDist-SupFanMtr-cDXGF-2SpClgHtg-VFDStdMtr,None,Htl,Ex,CZ16,cDXGF,0,Each,1.0,137116.718465024,417726.6,125660.91,0,179548.13,0.0,58436.68,0,0,54077.52,0,0,0.0,0,0,0,5219.379180887373,886.9245733788396,3696.50819112628,635.9464163822526,1,1,2026-06-10 17:41:22.494414
NE-HV_AirDist-SupFanMtr-cDXGF-2SpClgHtg-VFDPMMtr,None,Htl,Ex,CZ16,cDXGF,0,Each,1.0,137116.718465024,415790.99999999994,125660.91,0,179548.13,0.0,58296.92,0,0,52281.68,0,0,0.0,0,0,0,5243.455631399317,886.9245733788396,3720.5829351535835,635.9481228668941,1,1,2026-06-10 17:41:22.494414
NE-HV_AirDist-SupFanMtr-cDXHP-2SpClgHtg-VFDExMtr,None,Htl,Ex,CZ01,cDXHP,0,Each,1.0,137116.718465024,363339.03,125660.91,0,179548.13,8793.47,16626.88,0,0,32706.28,0,0,0.0,0,0,0,1814.0361774744026,886.9245733788396,281.6460750853242,645.4655290102389,1,1,2026-06-10 17:41:22.494414
NE-HV_AirDist-SupFanMtr-cDXHP-2SpClgHtg-VFDStdMtr,None,Htl,Ex,CZ01,cDXHP,0,Each,1.0,137116.718465024,362817.63,125660.91,0,179548.13,8827.3,16611.57,0,0,32166.36,0,0,0.0,0,0,0,1814.0733788395905,886.9245733788396,281.6836177474403,645.4651877133106,1,1,2026-06-10 17:41:22.494414
NE-HV_AirDist-SupFanMtr-cDXHP-2SpClgHtg-VFDPMMtr,None,Htl,Ex,CZ01,cDXHP,0,Each,1.0,137116.718465024,361504.27999999997,125660.91,0,179548.13,8920.86,16575.59,0,0,30795.43,0,0,0.0,0,0,0,1815.296245733788,886.9245733788396,282.90682593856656,645.4648464163822,1,1,2026-06-10 17:41:22.494414
NE-HV_AirDist-SupFanMtr-cDXHP-2SpClgHtg-VFDExMtr,None,Htl,Ex,CZ02,cDXHP,0,Each,1.0,137116.718465024,422736.37,125660.91,0,179548.13,6720.44,65617.13,0,0,45186.4,0,0,0.0,0,0,0,1778.7856655290102,886.9245733788396,275.3518771331058,616.5092150170649,1,1,2026-06-10 17:41:22.494414
NE-HV_AirDist-SupFanMtr-cDXHP-2SpClgHtg-VFDStdMtr,None,Htl,Ex,CZ02,cDXHP,0,Each,1.0,137116.718465024,422034.86,125660.91,0,179548.13,6744.31,65551.74,0,0,44526.41,0,0,0.0,0,0,0,1778.803071672355,886.9245733788396,275.3692832764505,616.5092150170649,1,1,2026-06-10 17:41:22.494414
NE-HV_AirDist-SupFanMtr-cDXHP-2SpClgHtg-VFDPMMtr,None,Htl,Ex,CZ02,cDXHP,0,Each,1.0,137116.718465024,420418.29,125660.91,0,179548.13,6807.31,65406.51,0,0,42992.07,0,0,0.0,0,0,0,1778.9156996587028,886.9245733788396,275.4839590443686,616.5071672354949,1,1,2026-06-10 17:41:22.494414
NE-HV_AirDist-SupFanMtr-cDXHP-2SpClgHtg-VFDExMtr,None,Htl,Ex,CZ03,cDXHP,0,Each,1.0,137116.718465024,397901.03,125660.91,0,179548.13,3602.73,45664.64,0,0,43421.26,0,0,0.0,0,0,0,1623.7092150170647,886.9245733788396,125.13924914675768,611.6453924914675,1,1,2026-06-10 17:41:22.494414
NE-HV_AirDist-SupFanMtr-cDXHP-2SpClgHtg-VFDStdMtr,None,Htl,Ex,CZ03,cDXHP,0,Each,1.0,137116.718465024,397188.13000000006,125660.91,0,179548.13,3623.69,45604.83,0,0,42747.21,0,0,0.0,0,0,0,1624.4733788395904,886.9245733788396,125.9037542662116,611.6450511945393,1,1,2026-06-10 17:41:22.494414
NE-HV_AirDist-SupFanMtr-cDXHP-2SpClgHtg-VFDPMMtr,None,Htl,Ex,CZ03,cDXHP,0,Each,1.0,137116.718465024,395542.70999999996,125660.91,0,179548.13,3661.69,45484.87,0,0,41183.75,0,0,0.0,0,0,0,1622.6392491467577,886.9245733788396,124.06894197952218,611.6457337883959,1,1,2026-06-10 17:41:22.494414
NE-HV_AirDist-SupFanMtr-cDXHP-2SpClgHtg-VFDExMtr,None,Htl,Ex,CZ04,cDXHP,0,Each,1.0,137116.718465024,461953.7,125660.91,0,179548.13,5311.72,100628.38,0,0,50801.2,0,0,0.0,0,0,0,1683.2378839590442,886.9245733788396,196.73788395904435,599.5754266211604,1,1,2026-06-10 17:41:22.494414
NE-HV_AirDist-SupFanMtr-cDXHP-2SpClgHtg-VFDStdMtr,None,Htl,Ex,CZ04,cDXHP,0,Each,1.0,137116.718465024,461200.54999999993,125660.91,0,179548.13,5333.2,100554.86,0,0,50100.09,0,0,0.0,0,0,0,1683.2686006825938,886.9245733788396,196.7679180887372,599.5761092150171,1,1,2026-06-10 17:41:22.494414
NE-HV_AirDist-SupFanMtr-cDXHP-2SpClgHtg-VFDPMMtr,None,Htl,Ex,CZ04,cDXHP,0,Each,1.0,137116.718465024,459521.99,125660.91,0,179548.13,5384.96,100372.5,0,0,48552.13,0,0,0.0,0,0,0,1683.377133105802,886.9245733788396,196.87747440273037,599.5750853242321,1,1,2026-06-10 17:41:22.494414
NE-HV_AirDist-SupFanMtr-cDXHP-2SpClgHtg-VFDExMtr,None,Htl,Ex,CZ05,cDXHP,0,Each,1.0,137116.718465024,402063.13999999996,125660.91,0,179548.13,3064.24,49613.44,0,0,44173.06,0,0,0.0,0,0,0,1567.5464163822526,886.9245733788396,66.97030716723549,613.6515358361775,1,1,2026-06-10 17:41:22.494414
NE-HV_AirDist-SupFanMtr-cDXHP-2SpClgHtg-VFDStdMtr,None,Htl,Ex,CZ05,cDXHP,0,Each,1.0,137116.718465024,401326.99000000005,125660.91,0,179548.13,3072.61,49543.27,0,0,43498.71,0,0,0.0,0,0,0,1565.7962457337885,886.9245733788396,65.219795221843,613.6518771331058,1,1,2026-06-10 17:41:22.494414
NE-HV_AirDist-SupFanMtr-cDXHP-2SpClgHtg-VFDPMMtr,None,Htl,Ex,CZ05,cDXHP,0,Each,1.0,137116.718465024,399679.88,125660.91,0,179548.13,3118.98,49409.0,0,0,41939.5,0,0,0.0,0,0,0,1565.8539249146759,886.9245733788396,65.27679180887371,613.6525597269624,1,1,2026-06-10 17:41:22.494414
NE-HV_AirDist-SupFanMtr-cDXHP-2SpClgHtg-VFDExMtr,None,Htl,Ex,CZ06,cDXHP,0,Each,1.0,137116.718465024,440594.38999999996,125660.91,0,179548.13,580.36,84133.95,0,0,50667.68,0,0,0.0,0,0,0,1468.4430034129691,886.9245733788396,2.03481228668942,579.4836177474402,1,1,2026-06-10 17:41:22.494414
NE-HV_AirDist-SupFanMtr-cDXHP-2SpClgHtg-VFDStdMtr,None,Htl,Ex,CZ06,cDXHP,0,Each,1.0,137116.718465024,439753.79999999993,125660.91,0,179548.13,583.31,84013.87,0,0,49944.22,0,0,0.0,0,0,0,1468.421843003413,886.9245733788396,2.013310580204778,579.4839590443686,1,1,2026-06-10 17:41:22.494414
NE-HV_AirDist-SupFanMtr-cDXHP-2SpClgHtg-VFDPMMtr,None,Htl,Ex,CZ06,cDXHP,0,Each,1.0,137116.718465024,437992.8,125660.91,0,179548.13,597.98,83760.88,0,0,48421.54,0,0,0.0,0,0,0,1468.4474402730375,886.9245733788396,2.0389078498293514,579.4839590443686,1,1,2026-06-10 17:41:22.494414
NE-HV_AirDist-SupFanMtr-cDXHP-2SpClgHtg-VFDExMtr,None,Htl,Ex,CZ07,cDXHP,0,Each,1.0,137116.718465024,440645.61,125660.91,0,179548.13,416.24,84376.19,0,0,50640.78,0,0,0.0,0,0,0,1462.4440273037542,886.9245733788396,0.006825938566552901,575.5126279863481,1,1,2026-06-10 17:41:22.494414
NE-HV_AirDist-SupFanMtr-cDXHP-2SpClgHtg-VFDStdMtr,None,Htl,Ex,CZ07,cDXHP,0,Each,1.0,137116.718465024,439810.54000000004,125660.91,0,179548.13,421.32,84256.35,0,0,49920.47,0,0,0.0,0,0,0,1462.4440273037542,886.9245733788396,0.006825938566552901,575.5126279863481,1,1,2026-06-10 17:41:22.494414
NE-HV_AirDist-SupFanMtr-cDXHP-2SpClgHtg-VFDPMMtr,None,Htl,Ex,CZ07,cDXHP,0,Each,1.0,137116.718465024,438061.59,125660.91,0,179548.13,430.83,84020.32,0,0,48398.04,0,0,0.0,0,0,0,1462.4440273037542,886.9245733788396,0.006825938566552901,575.5126279863481,1,1,2026-06-10 17:41:22.494414
NE-HV_AirDist-SupFanMtr-cDXHP-2SpClgHtg-VFDExMtr,None,Htl,Ex,CZ08,cDXHP,0,Each,1.0,137116.718465024,485452.28,125660.91,0,179548.13,817.64,123047.74,0,0,56374.5,0,0,0.0,0,0,0,1458.4529010238907,886.9245733788396,4.117747440273038,567.4105802047782,1,1,2026-06-10 17:41:22.494414
NE-HV_AirDist-SupFanMtr-cDXHP-2SpClgHtg-VFDStdMtr,None,Htl,Ex,CZ08,cDXHP,0,Each,1.0,137116.718465024,484542.31,125660.91,0,179548.13,821.61,122915.34,0,0,55592.96,0,0,0.0,0,0,0,1458.4508532423208,886.9245733788396,4.115699658703072,567.4105802047782,1,1,2026-06-10 17:41:22.494414
NE-HV_AirDist-SupFanMtr-cDXHP-2SpClgHtg-VFDPMMtr,None,Htl,Ex,CZ08,cDXHP,0,Each,1.0,137116.718465024,482678.19999999995,125660.91,0,179548.13,834.21,122643.85,0,0,53987.74,0,0,0.0,0,0,0,1458.4901023890786,886.9245733788396,4.154948805460751,567.4105802047782,1,1,2026-06-10 17:41:22.494414
NE-HV_AirDist-SupFanMtr-cDXHP-2SpClgHtg-VFDExMtr,None,Htl,Ex,CZ09,cDXHP,0,Each,1.0,137116.718465024,485297.48000000004,125660.91,0,179548.13,1382.95,121799.46,0,0,56902.67,0,0,0.0,0,0,0,1476.3658703071674,886.9245733788396,19.383276450511943,570.0580204778157,1,1,2026-06-10 17:41:22.494414
NE-HV_AirDist-SupFanMtr-cDXHP-2SpClgHtg-VFDStdMtr,None,Htl,Ex,CZ09,cDXHP,0,Each,1.0,137116.718465024,484358.4199999999,125660.91,0,179548.13,1389.53,121663.52,0,0,56092.97,0,0,0.0,0,0,0,1476.616723549488,886.9245733788396,19.633788395904435,570.058361774744,1,1,2026-06-10 17:41:22.494414
NE-HV_AirDist-SupFanMtr-cDXHP-2SpClgHtg-VFDPMMtr,None,Htl,Ex,CZ09,cDXHP,0,Each,1.0,137116.718465024,482508.63000000006,125660.91,0,179548.13,1413.87,121440.65,0,0,54441.71,0,0,0.0,0,0,0,1476.39795221843,886.9245733788396,19.415017064846417,570.058361774744,1,1,2026-06-10 17:41:22.494414
NE-HV_AirDist-SupFanMtr-cDXHP-2SpClgHtg-VFDExMtr,None,Htl,Ex,CZ10,cDXHP,0,Each,1.0,137116.718465024,494184.75000000006,125660.91,0,179548.13,1504.16,130996.88,0,0,56471.31,0,0,0.0,0,0,0,1463.8286689419795,886.9245733788396,11.70273037542662,565.2013651877133,1,1,2026-06-10 17:41:22.494414
NE-HV_AirDist-SupFanMtr-cDXHP-2SpClgHtg-VFDStdMtr,None,Htl,Ex,CZ10,cDXHP,0,Each,1.0,137116.718465024,493226.33999999997,125660.91,0,179548.13,1511.1,130835.74,0,0,55667.1,0,0,0.0,0,0,0,1464.0160409556313,886.9245733788396,11.873037542662116,565.2184300341297,1,1,2026-06-10 17:41:22.494414
NE-HV_AirDist-SupFanMtr-cDXHP-2SpClgHtg-VFDPMMtr,None,Htl,Ex,CZ10,cDXHP,0,Each,1.0,137116.718465024,491388.62999999995,125660.91,0,179548.13,1535.7,130614.23,0,0,54026.3,0,0,0.0,0,0,0,1464.0310580204778,886.9245733788396,11.885665529010238,565.220819112628,1,1,2026-06-10 17:41:22.494414
NE-HV_AirDist-SupFanMtr-cDXHP-2SpClgHtg-VFDExMtr,None,Htl,Ex,CZ11,cDXHP,0,Each,1.0,137116.718465024,510491.31999999995,125660.91,0,179548.13,6923.25,139705.19,0,0,58650.48,0,0,0.0,0,0,0,1915.2549488054608,886.9245733788396,453.16245733788395,575.1679180887371,1,1,2026-06-10 17:41:22.494414
NE-HV_AirDist-SupFanMtr-cDXHP-2SpClgHtg-VFDStdMtr,None,Htl,Ex,CZ11,cDXHP,0,Each,1.0,137116.718465024,509610.36000000004,125660.91,0,179548.13,6950.07,139570.19,0,0,57877.7,0,0,0.0,0,0,0,1915.3109215017064,886.9245733788396,453.21843003412965,575.1679180887371,1,1,2026-06-10 17:41:22.494414
NE-HV_AirDist-SupFanMtr-cDXHP-2SpClgHtg-VFDPMMtr,None,Htl,Ex,CZ11,cDXHP,0,Each,1.0,137116.718465024,507826.62,125660.91,0,179548.13,7009.99,139335.37,0,0,56268.86,0,0,0.0,0,0,0,1915.5119453924915,886.9245733788396,453.4194539249147,575.1679180887371,1,1,2026-06-10 17:41:22.494414
NE-HV_AirDist-SupFanMtr-cDXHP-2SpClgHtg-VFDExMtr,None,Htl,Ex,CZ12,cDXHP,0,Each,1.0,137116.718465024,460426.04,125660.91,0,179548.13,6498.97,98479.96,0,0,50234.71,0,0,0.0,0,0,0,1798.9150170648466,886.9245733788396,318.5682593856655,593.4221843003413,1,1,2026-06-10 17:41:22.494414
NE-HV_AirDist-SupFanMtr-cDXHP-2SpClgHtg-VFDStdMtr,None,Htl,Ex,CZ12,cDXHP,0,Each,1.0,137116.718465024,459608.61000000004,125660.91,0,179548.13,6522.73,98370.28,0,0,49503.2,0,0,0.0,0,0,0,1798.9525597269624,886.9245733788396,318.60580204778154,593.4221843003413,1,1,2026-06-10 17:41:22.494414
NE-HV_AirDist-SupFanMtr-cDXHP-2SpClgHtg-VFDPMMtr,None,Htl,Ex,CZ12,cDXHP,0,Each,1.0,137116.718465024,457923.2800000001,125660.91,0,179548.13,6581.82,98187.1,0,0,47941.96,0,0,0.0,0,0,0,1799.0733788395903,886.9245733788396,318.7273037542662,593.4215017064846,1,1,2026-06-10 17:41:22.494414
NE-HV_AirDist-SupFanMtr-cDXHP-2SpClgHtg-VFDExMtr,None,Htl,Ex,CZ13,cDXHP,0,Each,1.0,137116.718465024,518510.73,125660.91,0,179548.13,5739.58,148380.5,0,0,59178.25,0,0,0.0,0,0,0,1748.646075085324,886.9245733788396,294.4825938566553,567.2389078498293,1,1,2026-06-10 17:41:22.494414
NE-HV_AirDist-SupFanMtr-cDXHP-2SpClgHtg-VFDStdMtr,None,Htl,Ex,CZ13,cDXHP,0,Each,1.0,137116.718465024,517556.51000000007,125660.91,0,179548.13,5760.77,148195.38,0,0,58387.96,0,0,0.0,0,0,0,1748.6907849829352,886.9245733788396,294.52764505119455,567.238566552901,1,1,2026-06-10 17:41:22.494414
NE-HV_AirDist-SupFanMtr-cDXHP-2SpClgHtg-VFDPMMtr,None,Htl,Ex,CZ13,cDXHP,0,Each,1.0,137116.718465024,515829.75,125660.91,0,179548.13,5814.92,147990.33,0,0,56812.1,0,0,0.0,0,0,0,1749.2058020477814,886.9245733788396,295.06962457337886,567.2116040955631,1,1,2026-06-10 17:41:22.494414
NE-HV_AirDist-SupFanMtr-cDXHP-2SpClgHtg-VFDExMtr,None,Htl,Ex,CZ14,cDXHP,0,Each,1.0,137116.718465024,503328.01,125660.91,0,179548.13,4819.48,134392.66,0,0,58903.47,0,0,0.0,0,0,0,1597.3754266211606,886.9245733788396,132.1716723549488,578.279180887372,1,1,2026-06-10 17:41:22.494414
NE-HV_AirDist-SupFanMtr-cDXHP-2SpClgHtg-VFDStdMtr,None,Htl,Ex,CZ14,cDXHP,0,Each,1.0,137116.718465024,502463.73,125660.91,0,179548.13,4836.88,134291.59,0,0,58122.86,0,0,0.0,0,0,0,1597.403071672355,886.9245733788396,132.19931740614334,578.279180887372,1,1,2026-06-10 17:41:22.494414
NE-HV_AirDist-SupFanMtr-cDXHP-2SpClgHtg-VFDPMMtr,None,Htl,Ex,CZ14,cDXHP,0,Each,1.0,137116.718465024,500575.33,125660.91,0,179548.13,4885.11,134042.03,0,0,56435.79,0,0,0.0,0,0,0,1597.3481228668943,886.9245733788396,132.14505119453923,578.2784982935154,1,1,2026-06-10 17:41:22.494414
NE-HV_AirDist-SupFanMtr-cDXHP-2SpClgHtg-VFDExMtr,None,Htl,Ex,CZ15,cDXHP,0,Each,1.0,137116.718465024,631974.11,125660.91,0,179548.13,558.81,251394.7,0,0,74808.2,0,0,0.0,0,0,0,1397.0928327645051,886.9245733788396,3.034470989761092,507.13378839590445,1,1,2026-06-10 17:41:22.494414
NE-HV_AirDist-SupFanMtr-cDXHP-2SpClgHtg-VFDStdMtr,None,Htl,Ex,CZ15,cDXHP,0,Each,1.0,137116.718465024,631034.97,125660.91,0,179548.13,562.08,251229.62,0,0,74030.87,0,0,0.0,0,0,0,1396.8307167235494,886.9245733788396,2.774744027303754,507.13139931740614,1,1,2026-06-10 17:41:22.494414
NE-HV_AirDist-SupFanMtr-cDXHP-2SpClgHtg-VFDPMMtr,None,Htl,Ex,CZ15,cDXHP,0,Each,1.0,137116.718465024,629188.66,125660.91,0,179548.13,574.01,250900.97,0,0,72501.28,0,0,0.0,0,0,0,1396.8337883959043,886.9245733788396,2.7764505119453924,507.13276450511944,1,1,2026-06-10 17:41:22.494414
NE-HV_AirDist-SupFanMtr-cDXHP-2SpClgHtg-VFDExMtr,None,Htl,Ex,CZ16,cDXHP,0,Each,1.0,137116.718465024,430518.70999999996,125660.91,0,179548.13,11946.9,58309.39,0,0,55050.02,0,0,0.0,0,0,0,2397.6027303754267,886.9245733788396,874.7313993174062,635.9467576791809,1,1,2026-06-10 17:41:22.494414
NE-HV_AirDist-SupFanMtr-cDXHP-2SpClgHtg-VFDStdMtr,None,Htl,Ex,CZ16,cDXHP,0,Each,1.0,137116.718465024,429650.43,125660.91,0,179548.13,11978.87,58238.08,0,0,54221.08,0,0,0.0,0,0,0,2394.6078498293514,886.9245733788396,871.7368600682594,635.9464163822526,1,1,2026-06-10 17:41:22.494414
NE-HV_AirDist-SupFanMtr-cDXHP-2SpClgHtg-VFDPMMtr,None,Htl,Ex,CZ16,cDXHP,0,Each,1.0,137116.718465024,427819.51999999996,125660.91,0,179548.13,12076.39,58092.56,0,0,52438.17,0,0,0.0,0,0,0,2396.3358361774744,886.9245733788396,873.4627986348122,635.9484641638226,1,1,2026-06-10 17:41:22.494414
NE-HV_AirDist-SupFanMtr-cDXOH-2SpClgHtg-VFDExMtr,None,Htl,Ex,CZ01,cDXOH,0,Each,1.0,137116.718465024,366709.26999999996,125660.91,0,179548.13,0.0,16487.56,0,0,45009.31,0,0,0.0,0,0,0,1893.3269624573377,886.9245733788396,360.93959044368603,645.4627986348123,1,1,2026-06-10 17:41:22.494414
NE-HV_AirDist-SupFanMtr-cDXOH-2SpClgHtg-VFDStdMtr,None,Htl,Ex,CZ01,cDXOH,0,Each,1.0,137116.718465024,366360.67,125660.91,0,179548.13,0.0,16471.46,0,0,44676.81,0,0,0.0,0,0,0,1893.3901023890785,886.9245733788396,361.0023890784983,645.4631399317406,1,1,2026-06-10 17:41:22.494414
NE-HV_AirDist-SupFanMtr-cDXOH-2SpClgHtg-VFDPMMtr,None,Htl,Ex,CZ01,cDXOH,0,Each,1.0,137116.718465024,365302.18999999994,125660.91,0,179548.13,0.0,16434.56,0,0,43655.23,0,0,0.0,0,0,0,1893.6351535836177,886.9245733788396,361.2470989761092,645.463481228669,1,1,2026-06-10 17:41:22.494414
NE-HV_AirDist-SupFanMtr-cDXOH-2SpClgHtg-VFDExMtr,None,Htl,Ex,CZ02,cDXOH,0,Each,1.0,137116.718465024,424334.92,125660.91,0,179548.13,0.0,65046.27,0,0,54076.25,0,0,0.0,0,0,0,1846.9300341296926,886.9245733788396,343.5013651877133,616.5040955631399,1,1,2026-06-10 17:41:22.494414
NE-HV_AirDist-SupFanMtr-cDXOH-2SpClgHtg-VFDStdMtr,None,Htl,Ex,CZ02,cDXOH,0,Each,1.0,137116.718465024,423747.43999999994,125660.91,0,179548.13,0.0,64979.43,0,0,53555.61,0,0,0.0,0,0,0,1846.9795221843003,886.9245733788396,343.55085324232084,616.5040955631399,1,1,2026-06-10 17:41:22.494414
NE-HV_AirDist-SupFanMtr-cDXOH-2SpClgHtg-VFDPMMtr,None,Htl,Ex,CZ02,cDXOH,0,Each,1.0,137116.718465024,422367.25,125660.91,0,179548.13,0.0,64843.69,0,0,52311.16,0,0,0.0,0,0,0,1847.1955631399317,886.9245733788396,343.7634812286689,616.5075085324231,1,1,2026-06-10 17:41:22.494414
NE-HV_AirDist-SupFanMtr-cDXOH-2SpClgHtg-VFDExMtr,None,Htl,Ex,CZ03,cDXOH,0,Each,1.0,137116.718465024,399362.29000000004,125660.91,0,179548.13,0.0,45457.49,0,0,48692.4,0,0,0.0,0,0,0,1641.8436860068261,886.9245733788396,143.2730375426621,611.6460750853242,1,1,2026-06-10 17:41:22.494414
NE-HV_AirDist-SupFanMtr-cDXOH-2SpClgHtg-VFDStdMtr,None,Htl,Ex,CZ03,cDXOH,0,Each,1.0,137116.718465024,398725.67000000004,125660.91,0,179548.13,0.0,45394.64,0,0,48118.63,0,0,0.0,0,0,0,1644.5969283276452,886.9245733788396,146.02662116040955,611.6457337883959,1,1,2026-06-10 17:41:22.494414
NE-HV_AirDist-SupFanMtr-cDXOH-2SpClgHtg-VFDPMMtr,None,Htl,Ex,CZ03,cDXOH,0,Each,1.0,137116.718465024,397260.11999999994,125660.91,0,179548.13,0.0,45272.05,0,0,46775.67,0,0,0.0,0,0,0,1642.0044368600682,886.9245733788396,143.43378839590443,611.6460750853242,1,1,2026-06-10 17:41:22.494414
NE-HV_AirDist-SupFanMtr-cDXOH-2SpClgHtg-VFDExMtr,None,Htl,Ex,CZ04,cDXOH,0,Each,1.0,137116.718465024,463202.64,125660.91,0,179548.13,0.0,100152.98,0,0,57837.26,0,0,0.0,0,0,0,1717.0894197952218,886.9245733788396,230.59078498293516,599.5740614334471,1,1,2026-06-10 17:41:22.494414
NE-HV_AirDist-SupFanMtr-cDXOH-2SpClgHtg-VFDStdMtr,None,Htl,Ex,CZ04,cDXOH,0,Each,1.0,137116.718465024,462550.54000000004,125660.91,0,179548.13,0.0,100065.51,0,0,57272.63,0,0,0.0,0,0,0,1717.1365187713309,886.9245733788396,230.63788395904436,599.5740614334471,1,1,2026-06-10 17:41:22.494414
NE-HV_AirDist-SupFanMtr-cDXOH-2SpClgHtg-VFDPMMtr,None,Htl,Ex,CZ04,cDXOH,0,Each,1.0,137116.718465024,461044.25,125660.91,0,179548.13,0.0,99892.09,0,0,55939.76,0,0,0.0,0,0,0,1719.0419795221842,886.9245733788396,232.54266211604096,599.5747440273037,1,1,2026-06-10 17:41:22.494414
NE-HV_AirDist-SupFanMtr-cDXOH-2SpClgHtg-VFDExMtr,None,Htl,Ex,CZ05,cDXOH,0,Each,1.0,137116.718465024,402866.17,125660.91,0,179548.13,0.0,49279.78,0,0,48373.99,0,0,0.0,0,0,0,1575.0481228668943,886.9245733788396,74.47303754266211,613.6505119453924,1,1,2026-06-10 17:41:22.494414
NE-HV_AirDist-SupFanMtr-cDXOH-2SpClgHtg-VFDStdMtr,None,Htl,Ex,CZ05,cDXOH,0,Each,1.0,137116.718465024,402215.98,125660.91,0,179548.13,0.0,49211.56,0,0,47792.02,0,0,0.0,0,0,0,1575.0641638225256,886.9245733788396,74.48839590443687,613.6511945392491,1,1,2026-06-10 17:41:22.494414
NE-HV_AirDist-SupFanMtr-cDXOH-2SpClgHtg-VFDPMMtr,None,Htl,Ex,CZ05,cDXOH,0,Each,1.0,137116.718465024,400684.4,125660.91,0,179548.13,0.0,49071.34,0,0,46400.66,0,0,0.0,0,0,0,1575.137542662116,886.9245733788396,74.56211604095563,613.6508532423209,1,1,2026-06-10 17:41:22.494414
NE-HV_AirDist-SupFanMtr-cDXOH-2SpClgHtg-VFDExMtr,None,Htl,Ex,CZ06,cDXOH,0,Each,1.0,137116.718465024,441488.64,125660.91,0,179548.13,0.0,84347.97,0,0,51928.27,0,0,0.0,0,0,0,1468.5610921501705,886.9245733788396,2.1525597269624575,579.4839590443686,1,1,2026-06-10 17:41:22.494414
NE-HV_AirDist-SupFanMtr-cDXOH-2SpClgHtg-VFDStdMtr,None,Htl,Ex,CZ06,cDXOH,0,Each,1.0,137116.718465024,440673.82999999996,125660.91,0,179548.13,0.0,84222.46,0,0,51238.97,0,0,0.0,0,0,0,1468.5607508532423,886.9245733788396,2.1525597269624575,579.4836177474402,1,1,2026-06-10 17:41:22.494414
NE-HV_AirDist-SupFanMtr-cDXOH-2SpClgHtg-VFDPMMtr,None,Htl,Ex,CZ06,cDXOH,0,Each,1.0,137116.718465024,438989.45000000007,125660.91,0,179548.13,0.0,83982.39,0,0,49794.66,0,0,0.0,0,0,0,1468.5655290102388,886.9245733788396,2.1573378839590442,579.4836177474402,1,1,2026-06-10 17:41:22.494414
NE-HV_AirDist-SupFanMtr-cDXOH-2SpClgHtg-VFDExMtr,None,Htl,Ex,CZ07,cDXOH,0,Each,1.0,137116.718465024,441147.36000000004,125660.91,0,179548.13,0.0,84424.02,0,0,51510.94,0,0,0.0,0,0,0,1462.4440273037542,886.9245733788396,0.0071672354948805455,575.5122866894197,1,1,2026-06-10 17:41:22.494414
NE-HV_AirDist-SupFanMtr-cDXOH-2SpClgHtg-VFDStdMtr,None,Htl,Ex,CZ07,cDXOH,0,Each,1.0,137116.718465024,440324.88999999996,125660.91,0,179548.13,0.0,84302.95,0,0,50809.54,0,0,0.0,0,0,0,1462.4443686006823,886.9245733788396,0.0071672354948805455,575.5126279863481,1,1,2026-06-10 17:41:22.494414
NE-HV_AirDist-SupFanMtr-cDXOH-2SpClgHtg-VFDPMMtr,None,Htl,Ex,CZ07,cDXOH,0,Each,1.0,137116.718465024,438629.22,125660.91,0,179548.13,0.0,84070.56,0,0,49346.26,0,0,0.0,0,0,0,1462.4440273037542,886.9245733788396,0.0071672354948805455,575.5122866894197,1,1,2026-06-10 17:41:22.494414
NE-HV_AirDist-SupFanMtr-cDXOH-2SpClgHtg-VFDExMtr,None,Htl,Ex,CZ08,cDXOH,0,Each,1.0,137116.718465024,485196.64,125660.91,0,179548.13,0.0,122543.38,0,0,57440.86,0,0,0.0,0,0,0,1458.7259385665527,886.9245733788396,4.390784982935154,567.4105802047782,1,1,2026-06-10 17:41:22.494414
NE-HV_AirDist-SupFanMtr-cDXOH-2SpClgHtg-VFDStdMtr,None,Htl,Ex,CZ08,cDXOH,0,Each,1.0,137116.718465024,484330.88,125660.91,0,179548.13,0.0,122409.63,0,0,56708.85,0,0,0.0,0,0,0,1458.7255972696246,886.9245733788396,4.390443686006825,567.4105802047782,1,1,2026-06-10 17:41:22.494414
NE-HV_AirDist-SupFanMtr-cDXOH-2SpClgHtg-VFDPMMtr,None,Htl,Ex,CZ08,cDXOH,0,Each,1.0,137116.718465024,482537.41000000003,125660.91,0,179548.13,0.0,122152.27,0,0,55172.74,0,0,0.0,0,0,0,1458.733105802048,886.9245733788396,4.397952218430034,567.4105802047782,1,1,2026-06-10 17:41:22.494414
NE-HV_AirDist-SupFanMtr-cDXOH-2SpClgHtg-VFDExMtr,None,Htl,Ex,CZ09,cDXOH,0,Each,1.0,137116.718465024,485775.05,125660.91,0,179548.13,0.0,121450.22,0,0,59112.43,0,0,0.0,0,0,0,1478.0955631399315,886.9245733788396,21.11296928327645,570.0580204778157,1,1,2026-06-10 17:41:22.494414
NE-HV_AirDist-SupFanMtr-cDXOH-2SpClgHtg-VFDStdMtr,None,Htl,Ex,CZ09,cDXOH,0,Each,1.0,137116.718465024,484918.38,125660.91,0,179548.13,0.0,121324.36,0,0,58381.62,0,0,0.0,0,0,0,1478.1037542662116,886.9245733788396,21.121160409556314,570.0580204778157,1,1,2026-06-10 17:41:22.494414
NE-HV_AirDist-SupFanMtr-cDXOH-2SpClgHtg-VFDPMMtr,None,Htl,Ex,CZ09,cDXOH,0,Each,1.0,137116.718465024,483127.44999999995,125660.91,0,179548.13,0.0,121082.67,0,0,56832.38,0,0,0.0,0,0,0,1478.123208191126,886.9245733788396,21.14061433447099,570.0580204778157,1,1,2026-06-10 17:41:22.494414
NE-HV_AirDist-SupFanMtr-cDXOH-2SpClgHtg-VFDExMtr,None,Htl,Ex,CZ10,cDXOH,0,Each,1.0,137116.718465024,494546.14999999997,125660.91,0,179548.13,0.0,130815.07,0,0,58518.68,0,0,0.0,0,0,0,1464.9245733788393,886.9245733788396,12.798976109215017,565.201023890785,1,1,2026-06-10 17:41:22.494414
NE-HV_AirDist-SupFanMtr-cDXOH-2SpClgHtg-VFDStdMtr,None,Htl,Ex,CZ10,cDXOH,0,Each,1.0,137116.718465024,493692.66,125660.91,0,179548.13,0.0,130685.97,0,0,57794.29,0,0,0.0,0,0,0,1464.9604095563138,886.9245733788396,12.802389078498294,565.2334470989761,1,1,2026-06-10 17:41:22.494414
NE-HV_AirDist-SupFanMtr-cDXOH-2SpClgHtg-VFDPMMtr,None,Htl,Ex,CZ10,cDXOH,0,Each,1.0,137116.718465024,491900.77999999997,125660.91,0,179548.13,0.0,130437.18,0,0,56251.2,0,0,0.0,0,0,0,1464.9802047781568,886.9245733788396,12.822184300341297,565.2334470989761,1,1,2026-06-10 17:41:22.494414
NE-HV_AirDist-SupFanMtr-cDXOH-2SpClgHtg-VFDExMtr,None,Htl,Ex,CZ11,cDXOH,0,Each,1.0,137116.718465024,511544.51,125660.91,0,179548.13,0.0,139000.74,0,0,67331.37,0,0,0.0,0,0,0,2027.870989761092,886.9245733788396,565.7784982935154,575.1679180887371,1,1,2026-06-10 17:41:22.494414
NE-HV_AirDist-SupFanMtr-cDXOH-2SpClgHtg-VFDStdMtr,None,Htl,Ex,CZ11,cDXOH,0,Each,1.0,137116.718465024,510834.61,125660.91,0,179548.13,0.0,138894.05,0,0,66728.16,0,0,0.0,0,0,0,2027.954266211604,886.9245733788396,565.8621160409556,575.1675767918089,1,1,2026-06-10 17:41:22.494414
NE-HV_AirDist-SupFanMtr-cDXOH-2SpClgHtg-VFDPMMtr,None,Htl,Ex,CZ11,cDXOH,0,Each,1.0,137116.718465024,509334.55,125660.91,0,179548.13,0.0,138688.69,0,0,65433.46,0,0,0.0,0,0,0,2028.2078498293517,886.9245733788396,566.115699658703,575.1675767918089,1,1,2026-06-10 17:41:22.494414
NE-HV_AirDist-SupFanMtr-cDXOH-2SpClgHtg-VFDExMtr,None,Htl,Ex,CZ12,cDXOH,0,Each,1.0,137116.718465024,462909.55,125660.91,0,179548.13,0.0,98322.97,0,0,59374.18,0,0,0.0,0,0,0,1895.1972696245732,886.9245733788396,414.8505119453925,593.4221843003413,1,1,2026-06-10 17:41:22.494414
NE-HV_AirDist-SupFanMtr-cDXOH-2SpClgHtg-VFDStdMtr,None,Htl,Ex,CZ12,cDXOH,0,Each,1.0,137116.718465024,462257.03,125660.91,0,179548.13,0.0,98233.25,0,0,58811.38,0,0,0.0,0,0,0,1895.252218430034,886.9245733788396,414.9044368600683,593.4232081911263,1,1,2026-06-10 17:41:22.494414
NE-HV_AirDist-SupFanMtr-cDXOH-2SpClgHtg-VFDPMMtr,None,Htl,Ex,CZ12,cDXOH,0,Each,1.0,137116.718465024,460821.1,125660.91,0,179548.13,0.0,98058.92,0,0,57549.78,0,0,0.0,0,0,0,1895.4682593856655,886.9245733788396,415.12047781569964,593.4232081911263,1,1,2026-06-10 17:41:22.494414
NE-HV_AirDist-SupFanMtr-cDXOH-2SpClgHtg-VFDExMtr,None,Htl,Ex,CZ13,cDXOH,0,Each,1.0,137116.718465024,520827.87999999995,125660.91,0,179548.13,0.0,147892.69,0,0,67722.79,0,0,0.0,0,0,0,1835.0778156996587,886.9245733788396,380.94129692832763,567.2119453924915,1,1,2026-06-10 17:41:22.494414
NE-HV_AirDist-SupFanMtr-cDXOH-2SpClgHtg-VFDStdMtr,None,Htl,Ex,CZ13,cDXOH,0,Each,1.0,137116.718465024,520099.56,125660.91,0,179548.13,0.0,147782.34,0,0,67104.82,0,0,0.0,0,0,0,1835.118771331058,886.9245733788396,380.98191126279863,567.2122866894198,1,1,2026-06-10 17:41:22.494414
NE-HV_AirDist-SupFanMtr-cDXOH-2SpClgHtg-VFDPMMtr,None,Htl,Ex,CZ13,cDXOH,0,Each,1.0,137116.718465024,518638.79999999993,125660.91,0,179548.13,0.0,147570.31,0,0,65856.09,0,0,0.0,0,0,0,1835.2880546075082,886.9245733788396,381.1511945392491,567.2122866894198,1,1,2026-06-10 17:41:22.494414
NE-HV_AirDist-SupFanMtr-cDXOH-2SpClgHtg-VFDExMtr,None,Htl,Ex,CZ14,cDXOH,0,Each,1.0,137116.718465024,504439.69,125660.91,0,179548.13,0.0,133932.71,0,0,65294.58,0,0,0.0,0,0,0,1622.784300341297,886.9245733788396,157.58088737201365,578.2788395904437,1,1,2026-06-10 17:41:22.494414
NE-HV_AirDist-SupFanMtr-cDXOH-2SpClgHtg-VFDStdMtr,None,Htl,Ex,CZ14,cDXOH,0,Each,1.0,137116.718465024,503660.42999999993,125660.91,0,179548.13,0.0,133816.81,0,0,64631.22,0,0,0.0,0,0,0,1622.8262798634812,886.9245733788396,157.62320819112625,578.2784982935154,1,1,2026-06-10 17:41:22.494414
NE-HV_AirDist-SupFanMtr-cDXOH-2SpClgHtg-VFDPMMtr,None,Htl,Ex,CZ14,cDXOH,0,Each,1.0,137116.718465024,502009.41000000003,125660.91,0,179548.13,0.0,133593.88,0,0,63203.13,0,0,0.0,0,0,0,1622.9679180887372,886.9245733788396,157.76450511945393,578.2788395904437,1,1,2026-06-10 17:41:22.494414
NE-HV_AirDist-SupFanMtr-cDXOH-2SpClgHtg-VFDExMtr,None,Htl,Ex,CZ15,cDXOH,0,Each,1.0,137116.718465024,628599.02,125660.91,0,179548.13,0.0,249625.09,0,0,73761.53,0,0,0.0,0,0,0,1397.0822525597268,886.9245733788396,3.0228668941979517,507.1348122866894,1,1,2026-06-10 17:41:22.494414
NE-HV_AirDist-SupFanMtr-cDXOH-2SpClgHtg-VFDStdMtr,None,Htl,Ex,CZ15,cDXOH,0,Each,1.0,137116.718465024,627709.4900000001,125660.91,0,179548.13,0.0,249473.9,0,0,73023.19,0,0,0.0,0,0,0,1397.0808873720136,886.9245733788396,3.0215017064846417,507.1348122866894,1,1,2026-06-10 17:41:22.494414
NE-HV_AirDist-SupFanMtr-cDXOH-2SpClgHtg-VFDPMMtr,None,Htl,Ex,CZ15,cDXOH,0,Each,1.0,137116.718465024,625943.54,125660.91,0,179548.13,0.0,249185.91,0,0,71545.23,0,0,0.0,0,0,0,1397.0819112627987,886.9245733788396,3.0225255972696248,507.1348122866894,1,1,2026-06-10 17:41:22.494414
NE-HV_AirDist-SupFanMtr-cDXOH-2SpClgHtg-VFDExMtr,None,Htl,Ex,CZ16,cDXOH,0,Each,1.0,137116.718465024,434687.5399999999,125660.91,0,179548.13,0.0,57968.92,0,0,71506.22,0,0,0.0,0,0,0,2607.6252559726963,886.9245733788396,1084.7443686006825,635.956313993174,1,1,2026-06-10 17:41:22.494414
NE-HV_AirDist-SupFanMtr-cDXOH-2SpClgHtg-VFDStdMtr,None,Htl,Ex,CZ16,cDXOH,0,Each,1.0,137116.718465024,434039.70999999996,125660.91,0,179548.13,0.0,57898.44,0,0,70928.87,0,0,0.0,0,0,0,2607.762457337884,886.9245733788396,1084.8819112627987,635.9559726962457,1,1,2026-06-10 17:41:22.494414
NE-HV_AirDist-SupFanMtr-cDXOH-2SpClgHtg-VFDPMMtr,None,Htl,Ex,CZ16,cDXOH,0,Each,1.0,137116.718465024,432652.69000000006,125660.91,0,179548.13,0.0,57760.14,0,0,69680.15,0,0,0.0,0,0,0,2609.7006825938565,886.9245733788396,1086.8201365187713,635.9559726962457,1,1,2026-06-10 17:41:22.494414
